s,n,lu_next,lu_s,buy_next,fresh_next,f_mkt_lu_cnt,f_mkt_breadth_ma20,f_mkt_r1,f_mkt_r5,f_mkt_r20,date,base,year,ym,q,wk
124,1451,2,9,1,1,6.0,0.59375,0.0,0.010666743,-0.0006297229,2023-01-11,0.0013783597518952446,2023,2023-01,2023Q1,2023-W02
125,1509,4,2,4,3,0.0,0.5392954,-0.00625,0.0045770425,-0.017797202,2023-01-12,0.0026507620941020544,2023,2023-01,2023Q1,2023-W02
126,1533,6,4,6,5,2.0,0.48563612,-0.0051369863,-0.0056497175,-0.026086956,2023-01-13,0.003913894324853229,2023,2023-01,2023Q1,2023-W02
127,1559,8,7,7,5,4.0,0.54381084,0.003533569,-0.009433962,-0.0077419356,2023-01-16,0.005131494547787043,2023,2023-01,2023Q1,2023-W03
128,1569,22,8,19,20,5.0,0.5840336,0.0028579826,-0.0044247787,0.0015548219,2023-01-17,0.014021669853409816,2023,2023-01,2023Q1,2023-W03
129,1590,11,23,11,9,21.0,0.76643354,0.016120983,0.012461059,0.044609666,2023-01-30,0.006918238993710692,2023,2023-01,2023Q1,2023-W05
130,1591,15,11,14,13,9.0,0.8347222,0.0109535465,0.0305769,0.047550216,2023-01-31,0.009428032683846637,2023,2023-01,2023Q1,2023-W05
131,1590,20,15,19,17,10.0,0.87225276,0.0065005496,0.04556478,0.044532422,2023-02-01,0.012578616352201259,2023,2023-02,2023Q1,2023-W05
132,1589,13,20,12,12,12.0,0.907754,0.008554326,0.053204432,0.058712006,2023-02-02,0.008181246066708621,2023,2023-02,2023Q1,2023-W05
133,1587,14,13,14,12,5.0,0.90318304,-0.0036122832,0.046056494,0.055200025,2023-02-03,0.008821676118462508,2023,2023-02,2023Q1,2023-W05
134,1588,15,14,14,13,7.0,0.9015748,0.0,0.028376536,0.049586818,2023-02-06,0.009445843828715366,2023,2023-02,2023Q1,2023-W06
135,1584,15,15,15,13,9.0,0.91122717,0.0041451966,0.021628011,0.07113663,2023-02-07,0.00946969696969697,2023,2023-02,2023Q1,2023-W06
136,1584,14,15,11,12,10.0,0.90556276,0.0,0.015283843,0.079563186,2023-02-08,0.008838383838383838,2023,2023-02,2023Q1,2023-W06
137,1582,5,14,4,5,9.0,0.8852041,-0.0021810276,0.0016181272,0.07507676,2023-02-09,0.0031605562579013905,2023,2023-02,2023Q1,2023-W06
138,1582,9,5,9,9,4.0,0.7841907,-0.013237064,-0.0055555557,0.062295083,2023-02-10,0.005689001264222503,2023,2023-02,2023Q1,2023-W06
139,1586,11,9,9,9,7.0,0.7617866,0.0,-0.005217165,0.056199316,2023-02-13,0.0069356872635561164,2023,2023-02,2023Q1,2023-W07
140,1590,13,11,13,12,8.0,0.81389576,0.003679856,-0.005962733,0.06213399,2023-02-14,0.008176100628930818,2023,2023-02,2023Q1,2023-W07
141,1592,6,13,6,5,6.0,0.75,-0.0026455212,-0.010477037,0.055855364,2023-02-15,0.0037688442211055275,2023,2023-02,2023Q1,2023-W07
142,1591,15,6,14,13,3.0,0.8355828,0.00874317,0.0023952096,0.059375,2023-02-16,0.009428032683846637,2023,2023-02,2023Q1,2023-W07
143,1590,22,15,22,19,9.0,0.8304668,0.0021651513,0.015461946,0.0607281,2023-02-17,0.013836477987421384,2023,2023-02,2023Q1,2023-W07
144,1591,11,22,11,9,11.0,0.88115245,0.0075,0.026,0.0729927,2023-02-20,0.0069138906348208675,2023,2023-02,2023Q1,2023-W08
145,1592,18,12,17,15,11.0,0.8808105,0.0,0.02345679,0.08012327,2023-02-21,0.011306532663316583,2023,2023-02,2023Q1,2023-W08
146,1591,30,18,28,26,11.0,0.7702227,-0.005524862,0.017295597,0.08108108,2023-02-22,0.018856065367693273,2023,2023-02,2023Q1,2023-W08
147,1590,14,30,10,10,23.0,0.83600914,0.0080256825,0.0158358,0.09193988,2023-02-23,0.00880503144654088,2023,2023-02,2023Q1,2023-W08
148,1590,9,15,9,6,6.0,0.7271702,-0.008333334,0.0061124694,0.07948244,2023-02-24,0.005660377358490566,2023,2023-02,2023Q1,2023-W08
149,1592,17,9,17,16,6.0,0.66964287,-0.0013201786,-0.0034306932,0.061029173,2023-03-01,0.010678391959798994,2023,2023-03,2023Q1,2023-W09
150,1593,23,17,20,21,13.0,0.6796009,0.003294902,0.0,0.053648964,2023-03-02,0.014438166980539862,2023,2023-03,2023Q1,2023-W09
151,1592,25,23,23,22,17.0,0.73186815,0.003533569,0.010449881,0.049745664,2023-03-03,0.015703517587939697,2023,2023-03,2023Q1,2023-W09
152,1594,22,26,19,19,17.0,0.84008765,0.008595988,0.013059702,0.04797048,2023-03-06,0.013801756587202008,2023,2023-03,2023Q1,2023-W10
153,1595,27,22,25,22,12.0,0.8793478,0.0033003301,0.02389249,0.05400717,2023-03-07,0.016927899686520375,2023,2023-03,2023Q1,2023-W10
154,1596,21,27,20,16,17.0,0.8491379,0.0025874304,0.02801869,0.061116226,2023-03-08,0.013157894736842105,2023,2023-03,2023Q1,2023-W10
155,1596,7,21,7,7,12.0,0.775641,-0.0074488153,0.015676036,0.049268816,2023-03-09,0.0043859649122807015,2023,2023-03,2023Q1,2023-W10
156,1597,11,7,11,10,3.0,0.54082716,-0.021452146,-0.009202454,0.02112676,2023-03-10,0.0068879148403256105,2023,2023-03,2023Q1,2023-W10
157,1598,2,11,2,2,6.0,0.49159664,-0.00569963,-0.024528295,0.019726317,2023-03-13,0.0012515644555694619,2023,2023-03,2023Q1,2023-W11
158,1599,8,2,7,8,2.0,0.40421054,-0.008108167,-0.037159435,0.02288472,2023-03-14,0.0050031269543464665,2023,2023-03,2023Q1,2023-W11
159,1600,4,8,3,4,7.0,0.4090431,0.0,-0.036958817,0.026682135,2023-03-15,0.0025,2023,2023-03,2023Q1,2023-W11
160,1599,13,4,13,13,3.0,0.28050053,-0.01832061,-0.049627792,0.0018214936,2023-03-16,0.008130081300813009,2023,2023-03,2023Q1,2023-W11
161,1600,18,13,18,13,12.0,0.38105047,0.013953488,-0.014130435,0.017766498,2023-03-17,0.01125,2023,2023-03,2023Q1,2023-W11
162,1600,23,18,22,18,16.0,0.45954356,0.0068183225,-0.0011167368,0.016198196,2023-03-20,0.014375,2023,2023-03,2023Q1,2023-W12
163,1601,34,23,33,29,18.0,0.5308008,0.006507623,0.014176063,0.022108866,2023-03-21,0.021236727045596503,2023,2023-03,2023Q1,2023-W12
164,1605,22,34,22,15,27.0,0.59589744,0.0053667263,0.018965518,0.02154195,2023-03-22,0.013707165109034268,2023,2023-03,2023Q1,2023-W12
165,1605,14,23,13,14,19.0,0.6236012,0.0015408321,0.038535647,0.020809248,2023-03-23,0.008722741433021807,2023,2023-03,2023Q1,2023-W12
166,1605,16,14,16,15,9.0,0.6437247,0.0,0.027297817,0.028787162,2023-03-24,0.009968847352024923,2023,2023-03,2023Q1,2023-W12
167,1605,4,16,3,4,13.0,0.6330275,0.0,0.019543974,0.020671835,2023-03-27,0.0024922118380062306,2023,2023-03,2023Q1,2023-W13
168,1608,6,4,6,6,3.0,0.5116751,-0.01191766,0.0,0.014989293,2023-03-28,0.0037313432835820895,2023,2023-03,2023Q1,2023-W13
169,1609,9,6,9,8,5.0,0.51229507,0.0010877487,-0.0049937656,0.014670014,2023-03-29,0.005593536357986327,2023,2023-03,2023Q1,2023-W13
170,1608,5,9,5,4,7.0,0.5658836,0.004016064,-0.00286977,0.013722127,2023-03-30,0.003109452736318408,2023,2023-03,2023Q1,2023-W13
171,1608,9,5,9,8,4.0,0.6122027,0.002173913,-0.0019120459,0.012658228,2023-03-31,0.005597014925373134,2023,2023-03,2023Q1,2023-W13
172,1607,14,9,13,10,8.0,0.6400415,0.0,0.0,0.004289569,2023-04-06,0.008711885500933417,2023,2023-04,2023Q2,2023-W14
173,1608,20,14,18,18,12.0,0.6847034,0.0,0.013613861,0.0034246575,2023-04-07,0.012437810945273632,2023,2023-04,2023Q2,2023-W14
174,1610,17,20,14,16,14.0,0.7486911,0.0032051282,0.015424165,0.0033783785,2023-04-10,0.010559006211180125,2023,2023-04,2023Q2,2023-W15
175,1608,24,17,23,20,11.0,0.78466386,0.0034544892,0.015826942,0.011712151,2023-04-11,0.014925373134328358,2023,2023-04,2023Q2,2023-W15
176,1607,22,24,18,17,21.0,0.8525981,0.005244755,0.019461079,0.04242837,2023-04-12,0.013690105787181083,2023,2023-04,2023Q2,2023-W15
177,1608,30,22,29,25,18.0,0.7829294,-0.004405286,0.012594459,0.04245283,2023-04-13,0.018656716417910446,2023,2023-04,2023Q2,2023-W15
178,1610,41,30,41,30,25.0,0.8111228,0.0031847134,0.016129032,0.05765932,2023-04-14,0.02546583850931677,2023,2023-04,2023Q2,2023-W15
179,1613,23,41,21,18,36.0,0.85580915,0.0068066344,0.017628,0.061550014,2023-04-17,0.01425914445133292,2023,2023-04,2023Q2,2023-W16
180,1614,24,23,24,20,19.0,0.78006166,-0.005194805,0.010324484,0.08146639,2023-04-18,0.01486988847583643,2023,2023-04,2023Q2,2023-W16
181,1611,10,24,9,7,20.0,0.73592633,-0.0022222223,0.002610966,0.06610169,2023-04-19,0.006207324643078833,2023,2023-04,2023Q2,2023-W16
182,1610,5,10,4,4,9.0,0.5588235,-0.017069736,-0.008207949,0.041089788,2023-04-20,0.003105590062111801,2023,2023-04,2023Q2,2023-W16
183,1619,18,5,17,17,5.0,0.37436932,-0.020522388,-0.03064067,0.01453958,2023-04-21,0.011117974058060531,2023,2023-04,2023Q2,2023-W16
184,1620,5,18,4,3,14.0,0.43623483,0.006688963,-0.03176897,0.012894009,2023-04-24,0.0030864197530864196,2023,2023-04,2023Q2,2023-W17
185,1618,9,5,9,8,5.0,0.30513597,-0.022429906,-0.04797048,-0.007936508,2023-04-25,0.005562422744128554,2023,2023-04,2023Q2,2023-W17
186,1615,22,10,22,18,7.0,0.32624114,0.005148005,-0.04483431,-0.0069444445,2023-04-26,0.013622291021671827,2023,2023-04,2023Q2,2023-W17
187,1618,33,22,28,23,18.0,0.36703742,0.0021881838,-0.021367522,-0.0038986355,2023-04-27,0.0203955500618047,2023,2023-04,2023Q2,2023-W17
188,1621,26,33,23,20,27.0,0.46700507,0.011876484,0.008077544,0.017615177,2023-04-28,0.016039481801357187,2023,2023-04,2023Q2,2023-W17
189,1617,12,26,10,11,21.0,0.5360406,0.0070921984,0.0089552235,0.021828104,2023-05-02,0.0074211502782931356,2023,2023-05,2023Q2,2023-W18
190,1619,21,12,17,17,9.0,0.48720574,-0.0064850845,0.022613065,0.013143483,2023-05-03,0.012970969734403953,2023,2023-05,2023Q2,2023-W18
191,1621,10,21,6,9,17.0,0.51780266,0.0024813896,0.020581113,0.0144356955,2023-05-04,0.006169031462060457,2023,2023-05,2023Q2,2023-W18
192,1625,21,10,19,18,8.0,0.52129817,0.0,0.017624892,0.01558153,2023-05-05,0.012923076923076923,2023,2023-05,2023Q2,2023-W18
193,1627,5,21,4,3,17.0,0.5254065,0.0,0.006876793,0.013534022,2023-05-08,0.003073140749846343,2023,2023-05,2023Q2,2023-W19
194,1626,22,5,21,22,2.0,0.39609054,-0.014084507,-0.015394794,-0.004664189,2023-05-09,0.013530135301353014,2023,2023-05,2023Q2,2023-W19
195,1624,7,22,4,6,16.0,0.40327534,0.0025062656,-0.0058616647,-0.008547009,2023-05-10,0.004310344827586207,2023,2023-05,2023Q2,2023-W19
196,1626,16,7,15,15,4.0,0.26727644,-0.021816213,-0.032208666,-0.03429036,2023-05-11,0.00984009840098401,2023,2023-05,2023Q2,2023-W19
197,1631,11,16,8,8,15.0,0.31052095,0.007352941,-0.023148147,-0.026537998,2023-05-12,0.00674432863274065,2023,2023-05,2023Q2,2023-W19
198,1637,16,11,14,11,5.0,0.29351184,-0.0075301207,-0.03136763,-0.039355993,2023-05-15,0.009773976786805132,2023,2023-05,2023Q2,2023-W20
199,1637,20,16,20,14,10.0,0.39667705,0.008928572,-0.0069444445,-0.039473683,2023-05-16,0.012217470983506415,2023,2023-05,2023Q2,2023-W20
200,1640,13,20,12,8,16.0,0.5025694,0.009756098,0.0,-0.024822695,2023-05-17,0.007926829268292683,2023,2023-05,2023Q2,2023-W20
201,1643,7,13,7,6,13.0,0.5625646,0.0025575447,0.02347418,-0.020092735,2023-05-18,0.00426049908703591,2023,2023-05,2023Q2,2023-W20
202,1643,24,7,23,23,6.0,0.56029105,-0.002354464,0.015491876,-0.004725828,2023-05-19,0.014607425441265977,2023,2023-05,2023Q2,2023-W20
203,1643,23,25,21,17,20.0,0.66317993,0.010353144,0.03387223,0.022641832,2023-05-22,0.01399878271454656,2023,2023-05,2023Q2,2023-W21
204,1642,21,23,19,12,19.0,0.7212435,0.003236246,0.026506023,0.019011406,2023-05-23,0.012789281364190013,2023,2023-05,2023Q2,2023-W21
205,1640,16,22,15,12,16.0,0.7244259,0.0,0.018120069,0.042375647,2023-05-24,0.00975609756097561,2023,2023-05,2023Q2,2023-W21
206,1643,19,16,19,14,13.0,0.652356,-0.006085193,0.008583691,0.036319613,2023-05-25,0.011564211807668898,2023,2023-05,2023Q2,2023-W21
207,1647,30,19,28,24,17.0,0.5767635,-0.009009009,0.003550564,0.022279497,2023-05-26,0.018214936247723135,2023,2023-05,2023Q2,2023-W21
208,1648,7,30,7,5,21.0,0.6652893,0.010953905,0.0036046864,0.026054412,2023-05-29,0.00424757281553398,2023,2023-05,2023Q2,2023-W22
209,1645,23,7,23,22,4.0,0.6560247,-0.003976143,-0.002232143,0.013661202,2023-05-30,0.01398176291793313,2023,2023-05,2023Q2,2023-W22
210,1644,26,23,25,21,20.0,0.7032854,0.005602241,0.0011535999,0.026191238,2023-05-31,0.015815085158150853,2023,2023-05,2023Q2,2023-W22
211,1649,24,27,23,22,18.0,0.7346311,0.0021119346,0.009820389,0.022785194,2023-06-01,0.014554275318374773,2023,2023-06,2023Q2,2023-W22
212,1653,17,24,16,13,20.0,0.79119754,0.0029239766,0.022222223,0.027027028,2023-06-02,0.0102843315184513,2023,2023-06,2023Q2,2023-W22
213,1652,11,17,10,10,15.0,0.85510206,0.0073760087,0.018280845,0.034476012,2023-06-05,0.006658595641646489,2023,2023-06,2023Q2,2023-W23
214,1655,36,11,33,30,8.0,0.8319756,-0.003780732,0.018579215,0.045899343,2023-06-06,0.02175226586102719,2023,2023-06,2023Q2,2023-W23
215,1656,26,36,22,14,28.0,0.86409736,0.0058367746,0.020134859,0.05,2023-06-07,0.01570048309178744,2023,2023-06,2023Q2,2023-W23
216,1655,22,26,20,16,22.0,0.7704918,-0.008630481,0.008923616,0.066781014,2023-06-08,0.013293051359516616,2023,2023-06,2023Q2,2023-W23
217,1657,21,22,16,17,18.0,0.79187816,0.0043010754,0.010037641,0.06472492,2023-06-09,0.012673506336753168,2023,2023-06,2023Q2,2023-W23
218,1659,26,21,25,23,12.0,0.67239636,-0.008583691,-0.004201681,0.0637132,2023-06-12,0.01567209162145871,2023,2023-06,2023Q2,2023-W24
219,1659,13,26,12,10,21.0,0.68473893,0.0036364119,0.0017226541,0.059600897,2023-06-13,0.007836045810729355,2023,2023-06,2023Q2,2023-W24
220,1659,26,13,26,23,10.0,0.6879362,0.0,-0.004149378,0.051282052,2023-06-14,0.01567209162145871,2023,2023-06,2023Q2,2023-W24
221,1661,18,26,15,13,22.0,0.70746267,0.0025252525,0.0070422534,0.05214153,2023-06-15,0.010836845273931367,2023,2023-06,2023Q2,2023-W24
222,1660,30,18,28,26,15.0,0.68400395,-0.0013755158,0.0014409221,0.052941177,2023-06-16,0.018072289156626505,2023,2023-06,2023Q2,2023-W24
223,1658,21,30,20,12,24.0,0.6799611,0.0,0.010204081,0.040176544,2023-06-19,0.012665862484921592,2023,2023-06,2023Q2,2023-W25
224,1658,17,21,15,15,17.0,0.63777995,-0.0032051282,0.0026661484,0.034438122,2023-06-20,0.010253317249698432,2023,2023-06,2023Q2,2023-W25
225,1660,25,17,24,19,15.0,0.65822786,0.002754821,0.0040983604,0.0348072,2023-06-21,0.015060240963855422,2023,2023-06,2023Q2,2023-W25
226,1661,16,25,16,13,19.0,0.5714286,-0.0076687117,-0.0052173915,0.03400504,2023-06-26,0.00963275135460566,2023,2023-06,2023Q2,2023-W26
227,1662,20,16,18,17,11.0,0.4565637,-0.011910814,-0.014683556,0.03146239,2023-06-27,0.012033694344163659,2023,2023-06,2023Q2,2023-W26
228,1660,13,20,12,10,15.0,0.5014437,0.0032733225,-0.009328831,0.022969723,2023-06-28,0.00783132530120482,2023,2023-06,2023Q2,2023-W26
229,1662,14,13,14,11,10.0,0.5446686,0.004115226,-0.0033613446,0.03264605,2023-06-29,0.00842358604091456,2023,2023-06,2023Q2,2023-W26
230,1665,31,14,31,25,14.0,0.560154,0.0026809652,-0.004379562,0.029972753,2023-06-30,0.018618618618618618,2023,2023-06,2023Q2,2023-W26
231,1666,25,31,23,19,26.0,0.6468899,0.007163324,0.010498688,0.033755273,2023-07-03,0.015006002400960384,2023,2023-07,2023Q3,2023-W27
232,1666,23,25,23,19,22.0,0.6465517,0.0,0.021311566,0.029520698,2023-07-04,0.013805522208883553,2023,2023-07,2023Q3,2023-W27
233,1664,19,24,19,14,18.0,0.6408046,0.0,0.017842498,0.020046368,2023-07-05,0.01141826923076923,2023,2023-07,2023Q3,2023-W27
234,1663,18,19,15,12,13.0,0.55172414,-0.0071556577,0.004534523,0.017005717,2023-07-06,0.010823812387251955,2023,2023-07,2023Q3,2023-W27
235,1665,31,18,26,22,12.0,0.44837475,-0.009810797,-0.008332135,0.0,2023-07-07,0.018618618618618618,2023,2023-07,2023Q3,2023-W27
236,1668,21,31,18,15,24.0,0.4340344,-0.0039215838,-0.017869065,0.0048673255,2023-07-10,0.012589928057553957,2023,2023-07,2023Q3,2023-W28
237,1672,16,22,14,12,14.0,0.45428297,0.0022779044,-0.014869888,0.0052302233,2023-07-11,0.009569377990430622,2023,2023-07,2023Q3,2023-W28
238,1675,16,16,14,12,10.0,0.41451767,-0.0072202166,-0.020858895,0.0042938082,2023-07-12,0.00955223880597015,2023,2023-07,2023Q3,2023-W28
239,1673,42,16,39,33,13.0,0.41159695,-0.0014391468,-0.016077336,-0.0019220777,2023-07-13,0.02510460251046025,2023,2023-07,2023Q3,2023-W28
240,1675,46,42,38,29,35.0,0.48525214,0.007824726,0.0,0.00295858,2023-07-14,0.02746268656716418,2023,2023-07,2023Q3,2023-W28
241,1678,24,46,17,16,39.0,0.5316336,0.006302521,0.009524288,0.006802721,2023-07-17,0.014302741358760428,2023,2023-07,2023Q3,2023-W29
242,1678,24,24,21,19,19.0,0.43833017,-0.0154984165,-0.005407895,-0.0032988414,2023-07-18,0.014302741358760428,2023,2023-07,2023Q3,2023-W29
243,1677,36,24,35,32,20.0,0.41555977,-0.006123701,-0.0032573636,-0.008729814,2023-07-19,0.02146690518783542,2023,2023-07,2023Q3,2023-W29
244,1678,23,36,23,16,31.0,0.46963948,0.008529305,0.009008372,0.00017248484,2023-07-20,0.013706793802145411,2023,2023-07,2023Q3,2023-W29
245,1680,29,23,26,22,21.0,0.44709247,-0.005514706,-0.004640371,-0.0056179776,2023-07-21,0.017261904761904763,2023,2023-07,2023Q3,2023-W29
246,1680,41,29,39,31,29.0,0.3887297,-0.011904762,-0.023722628,-0.013017751,2023-07-24,0.024404761904761905,2023,2023-07,2023Q3,2023-W30
247,1680,13,41,11,11,36.0,0.44956774,0.00955414,-0.003318584,0.0068317507,2023-07-25,0.007738095238095238,2023,2023-07,2023Q3,2023-W30
248,1679,28,13,26,25,12.0,0.43131605,-0.006968641,0.0,-0.0015332754,2023-07-26,0.016676593210244194,2023,2023-07,2023Q3,2023-W30
249,1676,27,28,27,23,28.0,0.5267686,0.010558277,0.0014005603,0.003215966,2023-07-27,0.016109785202863963,2023,2023-07,2023Q3,2023-W30
250,1677,19,27,16,15,25.0,0.54823303,0.0,0.006779661,0.004754358,2023-07-28,0.011329755515802028,2023,2023-07,2023Q3,2023-W30
251,1682,10,19,8,8,15.0,0.49567723,-0.0053981105,0.013850415,-0.0056899004,2023-07-31,0.005945303210463734,2023,2023-07,2023Q3,2023-W31
252,1684,13,10,10,10,4.0,0.51445085,-0.0012392259,0.0040080175,-0.0059058033,2023-08-01,0.007719714964370546,2023,2023-08,2023Q3,2023-W31
253,1678,17,13,14,16,7.0,0.3583815,-0.018691588,-0.008247457,-0.019840572,2023-08-02,0.010131108462455305,2023,2023-08,2023Q3,2023-W31
254,1678,19,17,18,17,16.0,0.43243244,0.005988024,-0.01438069,-0.008786702,2023-08-04,0.01132300357568534,2023,2023-08,2023Q3,2023-W31
255,1680,7,19,5,7,17.0,0.48205626,0.0043149944,-0.011182109,0.003386817,2023-08-07,0.004166666666666667,2023,2023-08,2023Q3,2023-W32
256,1675,5,7,4,3,4.0,0.3970588,-0.008867796,-0.015826236,-0.0019876098,2023-08-08,0.0029850746268656717,2023,2023-08,2023Q3,2023-W32
257,1676,4,5,4,3,3.0,0.36399603,-0.005830904,-0.020522388,-0.010622155,2023-08-09,0.002386634844868735,2023,2023-08,2023Q3,2023-W32
258,1679,9,4,7,8,4.0,0.23980099,-0.020887729,-0.021359224,-0.025559105,2023-08-10,0.005360333531864205,2023,2023-08,2023Q3,2023-W32
259,1679,3,9,1,2,8.0,0.25074628,-0.0012820513,-0.029322548,-0.024752475,2023-08-11,0.001786777843954735,2023,2023-08,2023Q3,2023-W32
260,1677,15,3,15,13,3.0,0.1749503,-0.021902507,-0.061724663,-0.055341173,2023-08-14,0.008944543828264758,2023,2023-08,2023Q3,2023-W33
261,1677,14,15,14,11,13.0,0.21335992,0.009191177,-0.039473683,-0.05872757,2023-08-15,0.008348240906380441,2023,2023-08,2023Q3,2023-W33
262,1677,20,14,19,19,11.0,0.23185484,-0.0025493954,-0.036570985,-0.046675302,2023-08-16,0.011926058437686345,2023,2023-08,2023Q3,2023-W33
263,1672,11,20,9,9,13.0,0.28426397,0.011806375,-0.0033726813,-0.03544776,2023-08-17,0.006578947368421052,2023,2023-08,2023Q3,2023-W33
264,1669,17,11,15,14,9.0,0.26687115,-0.011754837,-0.010955671,-0.047445953,2023-08-18,0.01018573996405033,2023,2023-08,2023Q3,2023-W33
265,1670,15,17,12,9,15.0,0.29710144,0.0014754687,0.012557974,-0.040841162,2023-08-21,0.008982035928143712,2023,2023-08,2023Q3,2023-W34
266,1671,14,15,13,11,11.0,0.2606438,-0.006329114,-0.004166667,-0.035443038,2023-08-22,0.008378216636744464,2023,2023-08,2023Q3,2023-W34
267,1670,15,14,13,10,9.0,0.30283913,0.0042283298,0.0037243948,-0.042307694,2023-08-23,0.008982035928143712,2023,2023-08,2023Q3,2023-W34
268,1674,13,15,12,11,9.0,0.3245243,0.0,-0.0067487117,-0.037549816,2023-08-24,0.007765830346475508,2023,2023-08,2023Q3,2023-W34
269,1669,11,13,8,10,9.0,0.34438503,0.0,0.0014326648,-0.04865557,2023-08-25,0.006590772917914919,2023,2023-08,2023Q3,2023-W34
270,1666,9,11,9,8,7.0,0.29202586,-0.0085046105,-0.006469153,-0.0569684,2023-08-28,0.005402160864345739,2023,2023-08,2023Q3,2023-W35
271,1667,16,10,13,13,5.0,0.3872387,0.007246377,0.0055710305,-0.043824703,2023-08-29,0.009598080383923215,2023,2023-08,2023Q3,2023-W35
272,1671,10,16,9,8,12.0,0.51925194,0.008810572,0.00952381,-0.032,2023-08-30,0.005984440454817474,2023,2023-08,2023Q3,2023-W35
273,1675,14,11,13,12,5.0,0.57636565,0.0043196543,0.014814815,-0.012788242,2023-08-31,0.00835820895522388,2023,2023-08,2023Q3,2023-W35
274,1670,18,14,18,16,9.0,0.65256125,0.0028615172,0.018407766,-0.012978635,2023-09-01,0.010778443113772455,2023,2023-09,2023Q3,2023-W35
275,1670,18,18,16,16,16.0,0.71794873,0.0033670033,0.030303031,-0.012972973,2023-09-04,0.010778443113772455,2023,2023-09,2023Q3,2023-W36
276,1676,16,18,16,14,15.0,0.77603585,0.0034246575,0.027472528,0.0,2023-09-05,0.00954653937947494,2023,2023-09,2023Q3,2023-W36
277,1674,11,16,10,9,12.0,0.7519729,-0.002994012,0.015151516,0.005479452,2023-09-06,0.006571087216248507,2023,2023-09,2023Q3,2023-W36
278,1670,11,11,11,10,4.0,0.69422424,-0.0049751243,0.0057034222,0.021428572,2023-09-07,0.006586826347305389,2023,2023-09,2023Q3,2023-W36
279,1673,16,11,14,13,7.0,0.6498278,-0.004166667,-0.002688172,0.020559318,2023-09-08,0.009563658099222952,2023,2023-09,2023Q3,2023-W36
280,1675,15,16,13,13,11.0,0.51843315,-0.011396268,-0.01588892,0.029198635,2023-09-11,0.008955223880597015,2023,2023-09,2023Q3,2023-W37
281,1675,9,15,9,8,9.0,0.54901963,0.00304414,-0.017045455,0.023972603,2023-09-12,0.005373134328358209,2023,2023-09,2023Q3,2023-W37
282,1674,29,9,29,25,7.0,0.6013825,0.0046172757,-0.007208354,0.031899475,2023-09-13,0.017323775388291517,2023,2023-09,2023Q3,2023-W37
283,1670,8,29,8,4,26.0,0.7229885,0.010452962,0.008231707,0.03492479,2023-09-14,0.004790419161676647,2023,2023-09,2023Q3,2023-W37
284,1668,9,9,8,8,4.0,0.70527524,-0.0011441647,0.010480421,0.039133493,2023-09-15,0.00539568345323741,2023,2023-09,2023Q3,2023-W37
285,1670,9,9,9,9,5.0,0.67990917,-0.002,0.019736841,0.039115645,2023-09-18,0.005389221556886228,2023,2023-09,2023Q3,2023-W38
286,1668,3,9,3,3,7.0,0.6093394,-0.00714288,0.007986796,0.03789724,2023-09-19,0.0017985611510791368,2023,2023-09,2023Q3,2023-W38
287,1670,3,3,3,3,1.0,0.52,-0.008474576,-0.0054744524,0.025693731,2023-09-20,0.0017964071856287425,2023,2023-09,2023Q3,2023-W38
288,1666,9,3,8,9,2.0,0.37096775,-0.013204434,-0.029819261,0.012966271,2023-09-21,0.005402160864345739,2023,2023-09,2023Q3,2023-W38
289,1662,12,9,12,11,8.0,0.39537573,0.004285714,-0.023809524,0.016393442,2023-09-22,0.007220216606498195,2023,2023-09,2023Q3,2023-W38
290,1667,3,12,3,2,10.0,0.46581692,0.0062305294,-0.013977128,0.03183024,2023-09-25,0.001799640071985603,2023,2023-09,2023Q3,2023-W39
291,1660,8,3,8,8,3.0,0.35813954,-0.011892975,-0.017822787,0.014174864,2023-09-26,0.004819277108433735,2023,2023-09,2023Q3,2023-W39
292,1658,12,8,11,10,5.0,0.33372504,0.0,-0.011709602,0.0,2023-09-27,0.007237635705669481,2023,2023-09,2023Q3,2023-W39
293,1664,22,13,21,15,10.0,0.38660398,0.0034129692,0.005244755,0.0019047619,2023-09-28,0.013221153846153846,2023,2023-09,2023Q3,2023-W39
294,1660,11,22,11,9,18.0,0.5005931,0.009433962,0.008820287,0.007736944,2023-10-02,0.006626506024096385,2023,2023-10,2023Q4,2023-W40
295,1658,9,11,9,7,9.0,0.43957347,-0.006504082,-0.0057612043,-0.0055726185,2023-10-03,0.005428226779252111,2023,2023-10,2023Q4,2023-W40
296,1660,24,9,23,19,6.0,0.37292162,-0.008639349,-0.0017237549,-0.019384868,2023-10-04,0.014457831325301205,2023,2023-10,2023Q4,2023-W40
297,1656,16,24,15,13,18.0,0.47624704,0.0061444333,0.007645546,-0.010205144,2023-10-05,0.00966183574879227,2023,2023-10,2023Q4,2023-W40
298,1662,14,17,9,11,10.0,0.48815167,0.0,0.0035971224,-0.0014521454,2023-10-06,0.00842358604091456,2023,2023-10,2023Q4,2023-W40
299,1664,28,14,27,27,6.0,0.40305522,-0.013913044,-0.014577259,-0.008583691,2023-10-11,0.016826923076923076,2023,2023-10,2023Q4,2023-W41
300,1664,13,28,11,8,22.0,0.5171192,0.010606061,0.003030303,0.0125,2023-10-12,0.0078125,2023,2023-10,2023Q4,2023-W41
301,1657,12,13,11,8,9.0,0.459268,-0.0055555557,0.007246377,0.0034843206,2023-10-13,0.00724200362100181,2023,2023-10,2023Q4,2023-W41
302,1656,18,12,17,15,6.0,0.41666666,-0.008290235,-0.009259612,-0.0073367897,2023-10-16,0.010869565217391304,2023,2023-10,2023Q4,2023-W42
303,1663,9,18,9,7,13.0,0.39451727,-0.007194245,-0.015810277,-0.02631579,2023-10-17,0.005411906193625977,2023,2023-10,2023Q4,2023-W42
304,1663,17,9,16,15,8.0,0.35419127,-0.013605442,-0.01775148,-0.03548387,2023-10-18,0.010222489476849068,2023,2023-10,2023Q4,2023-W42
305,1659,14,17,13,11,13.0,0.32818073,0.0012936611,-0.027419355,-0.033467203,2023-10-19,0.008438818565400843,2023,2023-10,2023Q4,2023-W42
306,1657,18,14,18,13,10.0,0.2923077,-0.009615385,-0.030144168,-0.036956523,2023-10-20,0.010863005431502716,2023,2023-10,2023Q4,2023-W42
307,1659,29,19,28,24,16.0,0.29752067,0.0,-0.024444444,-0.029481132,2023-10-23,0.017480409885473176,2023,2023-10,2023Q4,2023-W43
308,1662,24,29,22,22,23.0,0.35518473,0.009225092,-0.008356546,-0.008583691,2023-10-24,0.01444043321299639,2023,2023-10,2023Q4,2023-W43
309,1659,9,24,9,5,16.0,0.43876338,0.005976096,0.011428571,-0.004524887,2023-10-25,0.0054249547920434,2023,2023-10,2023Q4,2023-W43
310,1656,21,9,21,18,5.0,0.2969121,-0.016119752,-0.006159118,-0.026575677,2023-10-26,0.012681159420289856,2023,2023-10,2023Q4,2023-W43
311,1649,14,21,12,11,15.0,0.32265717,0.0,0.004398827,-0.011235955,2023-10-27,0.008489993935718617,2023,2023-10,2023Q4,2023-W43
312,1647,7,14,7,6,9.0,0.38123515,0.0016992955,0.007936508,-0.008602191,2023-10-30,0.004250151791135397,2023,2023-10,2023Q4,2023-W44
313,1648,12,7,12,11,6.0,0.26309523,-0.019045986,-0.017758068,-0.024703842,2023-10-31,0.007281553398058253,2023,2023-10,2023Q4,2023-W44
314,1652,15,12,15,15,5.0,0.31578946,0.003616743,-0.022049922,-0.03067829,2023-11-01,0.009079903147699757,2023,2023-11,2023Q4,2023-W44
315,1653,14,15,14,12,11.0,0.4565993,0.013937282,0.0076045627,-0.013024602,2023-11-02,0.008469449485783424,2023,2023-11,2023Q4,2023-W44
316,1657,20,14,19,17,8.0,0.54653937,0.003571474,0.009106849,0.0,2023-11-03,0.012070006035003017,2023,2023-11,2023Q4,2023-W44
317,1658,17,20,15,14,15.0,0.7132701,0.011797361,0.018410556,0.0028684442,2023-11-06,0.010253317249698432,2023,2023-11,2023Q4,2023-W45
318,1655,13,17,11,10,12.0,0.70357144,-0.0013587584,0.03608998,0.0,2023-11-07,0.00785498489425982,2023,2023-11,2023Q4,2023-W45
319,1657,8,13,7,8,10.0,0.7276029,0.0,0.031957448,0.012756288,2023-11-08,0.004828002414001207,2023,2023-11,2023Q4,2023-W45
320,1656,9,8,9,8,7.0,0.6517533,-0.0059701493,0.010920437,-0.003699137,2023-11-09,0.005434782608695652,2023,2023-11,2023Q4,2023-W45
321,1654,14,9,11,12,4.0,0.5769231,-0.0067114094,0.0,-0.005736541,2023-11-10,0.008464328899637243,2023,2023-11,2023Q4,2023-W45
322,1656,9,14,8,8,11.0,0.5864929,0.0018082918,-0.008368348,0.0,2023-11-13,0.005434782608695652,2023,2023-11,2023Q4,2023-W46
323,1655,13,9,13,10,6.0,0.6447368,0.003303436,-0.002892301,0.012834944,2023-11-14,0.00785498489425982,2023,2023-11,2023Q4,2023-W46
324,1654,12,13,12,10,8.0,0.7672209,0.008708291,0.0059409672,0.032025643,2023-11-15,0.007255139056831923,2023,2023-11,2023Q4,2023-W46
325,1655,33,12,31,25,8.0,0.7973934,0.0037009902,0.016507618,0.038474347,2023-11-16,0.019939577039274924,2023,2023-11,2023Q4,2023-W46
326,1655,31,33,30,20,25.0,0.817757,0.0035940325,0.028598692,0.054948002,2023-11-17,0.018731117824773415,2023,2023-11,2023Q4,2023-W46
327,1657,21,31,20,14,23.0,0.8367816,0.0033727675,0.030838262,0.057889037,2023-11-20,0.012673506336753168,2023,2023-11,2023Q4,2023-W47
328,1654,27,21,27,24,17.0,0.8566553,0.0032051282,0.030927835,0.05214724,2023-11-21,0.016324062877871828,2023,2023-11,2023Q4,2023-W47
329,1653,17,27,17,13,23.0,0.87824124,0.0035842294,0.022950819,0.051359516,2023-11-22,0.0102843315184513,2023,2023-11,2023Q4,2023-W47
330,1650,8,17,8,7,9.0,0.8755556,0.0,0.01754386,0.064283654,2023-11-23,0.0048484848484848485,2023,2023-11,2023Q4,2023-W47
331,1649,23,8,20,21,6.0,0.8595133,-0.0019588657,0.012441684,0.06360328,2023-11-24,0.013947847180109158,2023,2023-11,2023Q4,2023-W47
332,1654,27,23,23,18,12.0,0.77227724,-0.0091743115,0.001472754,0.051612902,2023-11-27,0.016324062877871828,2023,2023-11,2023Q4,2023-W48
333,1653,22,27,20,14,21.0,0.8591703,0.012222042,0.007207958,0.08328299,2023-11-28,0.013309134906231096,2023,2023-11,2023Q4,2023-W48
334,1651,25,22,25,16,18.0,0.8656555,0.0029761905,0.0057971017,0.0852071,2023-11-29,0.015142337976983646,2023,2023-11,2023Q4,2023-W48
335,1651,30,25,30,22,15.0,0.8631016,0.0018552876,0.009803922,0.0736,2023-11-30,0.018170805572380374,2023,2023-11,2023Q4,2023-W48
336,1653,29,30,27,20,19.0,0.87645197,0.0026560426,0.01369863,0.07027027,2023-12-01,0.017543859649122806,2023,2023-12,2023Q4,2023-W48
337,1651,17,29,16,13,21.0,0.8650628,0.0016736507,0.024514098,0.062165566,2023-12-04,0.01029678982434888,2023,2023-12,2023Q4,2023-W49
338,1652,26,17,26,23,10.0,0.79917186,-0.0069300104,0.0069108796,0.05797267,2023-12-05,0.015738498789346248,2023,2023-12,2023Q4,2023-W49
339,1653,10,26,8,9,21.0,0.8057851,0.0,0.0051358873,0.058299348,2023-12-06,0.006049606775559589,2023,2023-12,2023Q4,2023-W49
340,1654,19,10,18,18,6.0,0.73203284,-0.0068729334,-0.0038688336,0.05991453,2023-12-07,0.011487303506650543,2023,2023-12,2023Q4,2023-W49
341,1655,30,19,28,21,15.0,0.7353244,0.0015174507,-0.00375,0.06777494,2023-12-08,0.01812688821752266,2023,2023-12,2023Q4,2023-W49
342,1656,19,30,18,13,23.0,0.66018426,-0.001545595,-0.007782101,0.06330935,2023-12-11,0.011473429951690822,2023,2023-12,2023Q4,2023-W50
343,1655,19,19,17,16,13.0,0.5841785,-0.0031347962,-0.004936241,0.056164756,2023-12-12,0.011480362537764351,2023,2023-12,2023Q4,2023-W50
344,1653,8,19,6,7,16.0,0.56319517,0.0,-0.0080515295,0.046753246,2023-12-13,0.004839685420447671,2023,2023-12,2023Q4,2023-W50
345,1653,16,8,16,16,6.0,0.61871225,0.0030213203,0.0037006608,0.046935435,2023-12-14,0.009679370840895343,2023,2023-12,2023Q4,2023-W50
346,1653,12,16,12,8,11.0,0.5955734,-0.0032285803,0.0,0.040388353,2023-12-15,0.007259528130671506,2023,2023-12,2023Q4,2023-W50
347,1652,9,12,9,5,9.0,0.5456369,-0.004895961,-0.0010649627,0.030405406,2023-12-18,0.005447941888619854,2023,2023-12,2023Q4,2023-W51
348,1652,18,9,18,16,8.0,0.41229838,-0.00877193,-0.007518844,0.012594778,2023-12-19,0.010895883777239709,2023,2023-12,2023Q4,2023-W51
349,1649,4,18,4,2,13.0,0.49043304,0.0054545454,-0.0039525693,0.017875921,2023-12-20,0.002425712553062462,2023,2023-12,2023Q4,2023-W51
350,1649,8,4,8,8,3.0,0.44726166,-0.006369491,-0.011149457,0.010544848,2023-12-21,0.004851425106124924,2023,2023-12,2023Q4,2023-W51
351,1653,8,8,7,6,7.0,0.4237805,-0.0016893627,-0.01125178,0.011726116,2023-12-22,0.004839685420447671,2023,2023-12,2023Q4,2023-W51
352,1654,11,8,10,7,4.0,0.39099285,-0.0033444816,-0.0113154175,0.017902814,2023-12-25,0.006650544135429262,2023,2023-12,2023Q4,2023-W52
353,1653,5,11,5,4,7.0,0.48197734,0.007751938,0.004854369,0.013081395,2023-12-26,0.0030248033877797943,2023,2023-12,2023Q4,2023-W52
354,1654,10,5,10,9,5.0,0.54347825,0.0017498147,0.0012878348,0.012293689,2023-12-27,0.006045949214026602,2023,2023-12,2023Q4,2023-W52
355,1658,7,10,7,5,8.0,0.53291535,-0.0013245033,0.0072072074,0.008733625,2023-12-28,0.004221954161640531,2023,2023-12,2023Q4,2023-W52
356,1658,16,7,16,12,5.0,0.5350785,0.0,0.008944544,0.005791506,2023-12-29,0.009650180940892641,2023,2023-12,2023Q4,2023-W52
357,1656,14,16,14,10,13.0,0.5337553,0.0,0.011296216,0.002694372,2024-01-02,0.008454106280193236,2024,2024-01,2024Q1,2024-W01
358,1653,12,14,11,8,11.0,0.44004282,-0.0089586675,-0.0046630586,-0.0012733474,2024-01-03,0.007259528130671506,2024,2024-01,2024Q1,2024-W01
359,1655,10,12,10,9,10.0,0.3895411,-0.006024096,-0.012522361,-0.0068610637,2024-01-04,0.006042296072507553,2024,2024-01,2024Q1,2024-W01
360,1657,12,10,11,8,6.0,0.43343982,0.0013386881,-0.01010101,0.0,2024-01-05,0.00724200362100181,2024,2024-01,2024Q1,2024-W01
361,1654,12,12,11,9,6.0,0.42229366,-0.0035005833,-0.011734028,0.0,2024-01-08,0.007255139056831923,2024,2024-01,2024Q1,2024-W02
362,1654,19,12,18,13,10.0,0.29858848,-0.010189229,-0.023206752,-0.009861933,2024-01-09,0.011487303506650543,2024,2024-01,2024Q1,2024-W02
363,1655,25,19,22,20,14.0,0.26885247,-0.006369427,-0.021645023,-0.016709512,2024-01-10,0.015105740181268883,2024,2024-01,2024Q1,2024-W02
364,1658,10,25,8,5,17.0,0.3391494,0.004918033,-0.010964912,-0.0111233415,2024-01-11,0.006031363088057901,2024,2024-01,2024Q1,2024-W02
365,1658,31,10,28,25,7.0,0.30641592,-0.0048271846,-0.01686912,-0.019883823,2024-01-12,0.018697225572979495,2024,2024-01,2024Q1,2024-W02
366,1655,15,31,13,9,24.0,0.42157954,0.009020618,-0.004878049,-0.011292347,2024-01-15,0.00906344410876133,2024,2024-01,2024Q1,2024-W03
367,1656,5,16,4,4,12.0,0.34666666,-0.013267327,-0.005174588,-0.019309636,2024-01-16,0.0030193236714975845,2024,2024-01,2024Q1,2024-W03
368,1655,11,5,11,10,3.0,0.26067907,-0.015471167,-0.016474465,-0.02615193,2024-01-17,0.006646525679758308,2024,2024-01,2024Q1,2024-W03
369,1655,21,11,20,18,6.0,0.2579583,-0.001510574,-0.02330097,-0.03422053,2024-01-18,0.012688821752265862,2024,2024-01,2024Q1,2024-W03
370,1658,22,21,19,15,16.0,0.30625686,0.004672897,-0.010204081,-0.020497805,2024-01-19,0.013268998793727383,2024,2024-01,2024Q1,2024-W03
371,1657,15,22,14,12,21.0,0.4006586,0.009302326,-0.011904762,-0.013138686,2024-01-22,0.009052504526252263,2024,2024-01,2024Q1,2024-W04
372,1656,20,15,20,16,13.0,0.4557377,0.0045871558,0.005540166,-0.004938272,2024-01-23,0.012077294685990338,2024,2024-01,2024Q1,2024-W04
373,1657,14,20,13,10,17.0,0.49836424,0.0018484289,0.023550725,-0.010610079,2024-01-24,0.008449004224502113,2024,2024-01,2024Q1,2024-W04
374,1658,12,14,12,11,13.0,0.44880176,-0.006074499,0.018541409,-0.019037552,2024-01-25,0.007237635705669481,2024,2024-01,2024Q1,2024-W04
375,1657,22,12,19,15,3.0,0.45305678,-0.003403475,0.010789609,-0.01962081,2024-01-26,0.013277006638503319,2024,2024-01,2024Q1,2024-W04
376,1657,18,22,17,13,10.0,0.5521739,0.0067552766,0.00885025,-0.012888466,2024-01-29,0.010863005431502716,2024,2024-01,2024Q1,2024-W05
377,1657,29,18,28,24,14.0,0.50217867,-0.0060146824,-0.0014460918,-0.016976535,2024-01-30,0.017501508750754374,2024,2024-01,2024Q1,2024-W05
378,1659,17,29,15,10,24.0,0.5191257,-0.0011862396,-0.0066115703,-0.011479592,2024-01-31,0.010247136829415311,2024,2024-01,2024Q1,2024-W05
379,1660,20,17,18,13,13.0,0.5629139,0.0022448075,0.0024331044,-0.004223869,2024-02-01,0.012048192771084338,2024,2024-02,2024Q1,2024-W05
380,1659,10,20,9,5,15.0,0.54555434,-0.0028011205,0.0013280213,-0.004597701,2024-02-02,0.006027727546714889,2024,2024-02,2024Q1,2024-W05
381,1659,48,10,40,45,7.0,0.47136563,-0.0068124686,-0.0110949725,-0.009167565,2024-02-05,0.028933092224231464,2024,2024-02,2024Q1,2024-W06
382,1659,49,48,44,30,36.0,0.58842796,0.011035211,0.0052003064,0.011674654,2024-02-15,0.029535864978902954,2024,2024-02,2024Q1,2024-W07
383,1659,43,49,40,30,41.0,0.74049944,0.015274949,0.022292994,0.03448276,2024-02-16,0.02591922845087402,2024,2024-02,2024Q1,2024-W07
384,1660,35,43,32,20,33.0,0.8144221,0.00867052,0.02919708,0.039473683,2024-02-19,0.02108433734939759,2024,2024-02,2024Q1,2024-W08
385,1660,36,35,35,32,27.0,0.7815735,-0.005014627,0.028011424,0.04388768,2024-02-20,0.021686746987951807,2024,2024-02,2024Q1,2024-W08
386,1660,23,37,21,17,32.0,0.8166838,0.002004008,0.037769783,0.036809817,2024-02-21,0.013855421686746987,2024,2024-02,2024Q1,2024-W08
387,1662,25,24,22,19,21.0,0.8041237,0.0,0.027993847,0.04986188,2024-02-22,0.015042117930204572,2024,2024-02,2024Q1,2024-W08
388,1664,39,25,35,28,22.0,0.70884776,-0.0069889366,0.0064866757,0.057032965,2024-02-23,0.0234375,2024,2024-02,2024Q1,2024-W08
389,1662,10,39,7,6,35.0,0.7614213,0.0057306592,0.0041067763,0.06981132,2024-02-26,0.006016847172081829,2024,2024-02,2024Q1,2024-W09
390,1662,38,10,36,35,9.0,0.67670685,-0.009303849,0.0,0.053295627,2024-02-27,0.02286401925391095,2024,2024-02,2024Q1,2024-W09
391,1664,27,38,27,20,34.0,0.73214287,0.007147114,0.005038071,0.053945906,2024-02-29,0.01622596153846154,2024,2024-02,2024Q1,2024-W09
392,1665,37,27,33,25,23.0,0.7058824,-0.0026684469,0.0,0.048819855,2024-03-01,0.022222222222222223,2024,2024-03,2024Q1,2024-W09
393,1665,41,37,38,30,28.0,0.72038835,0.0,0.010039553,0.046860926,2024-03-04,0.024624624624624624,2024,2024-03,2024Q1,2024-W10
394,1669,30,42,28,19,38.0,0.72264874,0.0,0.006436046,0.0572292,2024-03-05,0.017974835230677052,2024,2024-03,2024Q1,2024-W10
395,1669,22,30,18,19,25.0,0.7102002,0.0012330456,0.016489988,0.06382979,2024-03-06,0.013181545835829839,2024,2024-03,2024Q1,2024-W10
396,1670,12,22,8,7,18.0,0.59310985,-0.0133460555,-0.004438691,0.043919794,2024-03-07,0.00718562874251497,2024,2024-03,2024Q1,2024-W10
397,1671,27,12,22,23,9.0,0.43686637,-0.020588236,-0.023346303,0.026229508,2024-03-08,0.01615798922800718,2024,2024-03,2024Q1,2024-W10
398,1674,39,27,35,30,19.0,0.49001816,0.0055213673,-0.019003667,0.033108022,2024-03-11,0.023297491039426525,2024,2024-03,2024Q1,2024-W11
399,1672,12,39,8,7,31.0,0.5702703,0.009490571,-0.010241842,0.04440622,2024-03-12,0.007177033492822967,2024,2024-03,2024Q1,2024-W11
400,1672,11,12,8,9,7.0,0.45169947,-0.015476657,-0.027290553,0.032255128,2024-03-13,0.006578947368421052,2024,2024-03,2024Q1,2024-W11
401,1673,4,11,4,4,9.0,0.42001787,-0.0026666666,-0.018779343,0.0395189,2024-03-14,0.002390914524805738,2024,2024-03,2024Q1,2024-W11
402,1670,26,4,24,25,4.0,0.37924865,-0.0069013145,-0.004978315,0.021716166,2024-03-15,0.015568862275449102,2024,2024-03,2024Q1,2024-W11
403,1671,17,26,16,9,21.0,0.43817204,0.0075372173,-0.0040692813,0.017526794,2024-03-18,0.010173548773189706,2024,2024-03,2024Q1,2024-W12
404,1675,15,17,13,11,12.0,0.45691204,0.0,-0.013053639,0.007962477,2024-03-19,0.008955223880597015,2024,2024-03,2024Q1,2024-W12
405,1676,23,15,22,22,12.0,0.43354148,-0.0038265307,-0.0023640662,0.0060790274,2024-03-20,0.013723150357995227,2024,2024-03,2024Q1,2024-W12
406,1675,21,23,20,17,19.0,0.50089127,0.007160767,0.008287701,0.010836536,2024-03-21,0.01253731343283582,2024,2024-03,2024Q1,2024-W12
407,1676,29,21,26,24,19.0,0.5137778,0.0,0.017064847,0.008158508,2024-03-22,0.017303102625298328,2024,2024-03,2024Q1,2024-W12
408,1678,13,29,11,9,27.0,0.56483126,0.0037664918,0.013798392,0.01785351,2024-03-25,0.0077473182359952325,2024,2024-03,2024Q1,2024-W13
409,1680,22,13,21,18,11.0,0.46140194,-0.013039118,0.0018691589,-0.0024038462,2024-03-26,0.013095238095238096,2024,2024-03,2024Q1,2024-W13
410,1681,15,22,13,12,20.0,0.53955555,0.0072072074,0.011278195,0.017730497,2024-03-27,0.00892325996430696,2024,2024-03,2024Q1,2024-W13
411,1681,8,15,7,6,10.0,0.5575379,-0.001396648,0.002945508,0.005610098,2024-03-28,0.004759071980963712,2024,2024-03,2024Q1,2024-W13
412,1681,24,8,23,22,5.0,0.54561716,-0.0017331075,0.0,0.0046974244,2024-03-29,0.014277215942891136,2024,2024-03,2024Q1,2024-W13
413,1680,21,24,20,16,22.0,0.63603604,0.008424654,0.0037559513,0.00873379,2024-04-01,0.0125,2024,2024-04,2024Q2,2024-W14
414,1683,19,21,17,13,19.0,0.6369427,-0.0013003901,0.014851485,0.009463723,2024-04-02,0.0112893642305407,2024,2024-04,2024Q2,2024-W14
415,1685,37,19,36,27,17.0,0.6240809,-0.0036566127,0.0017498469,0.002463895,2024-04-03,0.02195845697329377,2024,2024-04,2024Q2,2024-W14
416,1688,35,37,33,24,35.0,0.65018654,0.00416128,0.008188935,0.017846705,2024-04-08,0.020734597156398103,2024,2024-04,2024Q2,2024-W15
417,1687,27,35,24,23,30.0,0.68884724,0.003076923,0.013544018,0.04208417,2024-04-09,0.016004742145820983,2024,2024-04,2024Q2,2024-W15
418,1685,26,27,24,22,18.0,0.71549296,0.0018518518,0.009345794,0.039215688,2024-04-10,0.01543026706231454,2024,2024-04,2024Q2,2024-W15
419,1687,33,26,31,23,16.0,0.64915574,-0.008176664,0.0023642776,0.01686261,2024-04-11,0.01956135151155898,2024,2024-04,2024Q2,2024-W15
420,1686,21,33,20,15,28.0,0.6350711,0.0,0.008042895,0.03218884,2024-04-12,0.012455516014234875,2024,2024-04,2024Q2,2024-W15
421,1685,8,21,6,4,16.0,0.5511364,-0.011187181,-0.007199428,0.023301058,2024-04-15,0.004747774480712166,2024,2024-04,2024Q2,2024-W16
422,1688,43,8,40,37,3.0,0.2937853,-0.030303031,-0.041019663,0.0,2024-04-16,0.0254739336492891,2024,2024-04,2024Q2,2024-W16
423,1693,46,43,43,35,39.0,0.42026266,0.015698627,-0.026578367,0.008810744,2024-04-17,0.027170702894270527,2024,2024-04,2024Q2,2024-W16
424,1697,18,47,15,12,43.0,0.46848541,0.003058104,-0.01551481,0.01632653,2024-04-18,0.01060695344725987,2024,2024-04,2024Q2,2024-W16
425,1700,20,18,18,18,14.0,0.3192884,-0.024203822,-0.0403177,-0.006543083,2024-04-19,0.011764705882352941,2024,2024-04,2024Q2,2024-W16
426,1701,18,20,17,15,14.0,0.3258637,-0.009933775,-0.03862661,-0.018779343,2024-04-22,0.010582010582010581,2024,2024-04,2024Q2,2024-W17
427,1703,42,18,40,34,12.0,0.38800374,0.008818342,0.0,-0.0085227275,2024-04-23,0.024662360540223135,2024,2024-04,2024Q2,2024-W17
428,1703,28,42,26,20,40.0,0.45633802,0.015151516,-0.0028089888,-0.0016129032,2024-04-24,0.01644157369348209,2024,2024-04,2024Q2,2024-W17
429,1703,31,28,27,24,18.0,0.4276316,-0.0058294227,-0.012459498,0.00684177,2024-04-25,0.0182031708749266,2024,2024-04,2024Q2,2024-W17
430,1704,33,31,31,22,26.0,0.4670433,0.0028389057,0.016892085,0.0,2024-04-26,0.01936619718309859,2024,2024-04,2024Q2,2024-W17
431,1708,24,33,22,19,25.0,0.58751184,0.013941699,0.041860465,0.019283747,2024-04-29,0.01405152224824356,2024,2024-04,2024Q2,2024-W18
432,1709,39,24,35,33,16.0,0.57869935,-0.0023255814,0.03046595,0.01650165,2024-04-30,0.022820362785254535,2024,2024-04,2024Q2,2024-W18
433,1710,23,39,20,16,33.0,0.59624416,0.002793296,0.017326733,0.009049774,2024-05-02,0.013450292397660818,2024,2024-05,2024Q2,2024-W18
434,1711,32,23,26,26,19.0,0.5889513,-0.004032258,0.018742584,0.007326892,2024-05-03,0.018702513150204558,2024,2024-05,2024Q2,2024-W18
435,1712,29,32,23,23,28.0,0.6192703,0.0016583748,0.017730497,0.016697587,2024-05-06,0.016939252336448597,2024,2024-05,2024Q2,2024-W19
436,1715,16,29,15,14,23.0,0.6337372,-0.0027777778,0.0033296337,0.009661836,2024-05-07,0.009329446064139942,2024,2024-05,2024Q2,2024-W19
437,1715,14,16,10,13,11.0,0.653271,0.0,0.0044977916,0.0051220506,2024-05-08,0.00816326530612245,2024,2024-05,2024Q2,2024-W19
438,1715,21,14,19,16,14.0,0.56109023,-0.010909235,-0.010052536,-0.0052242065,2024-05-09,0.012244897959183673,2024,2024-05,2024Q2,2024-W19
439,1715,25,21,20,18,18.0,0.59035003,0.0024937657,-0.004132231,0.0034843206,2024-05-10,0.014577259475218658,2024,2024-05,2024Q2,2024-W19
440,1718,23,25,22,19,21.0,0.5819209,-0.0022352648,-0.008310504,0.0,2024-05-13,0.01338766006984866,2024,2024-05,2024Q2,2024-W20
441,1719,20,23,20,17,20.0,0.59642524,0.0,-0.005457026,0.012987013,2024-05-14,0.011634671320535195,2024,2024-05,2024Q2,2024-W20
442,1719,38,20,35,29,16.0,0.6018779,0.0,-0.0034602077,0.04622871,2024-05-15,0.02210587550901687,2024,2024-05,2024Q2,2024-W20
443,1721,29,38,26,19,30.0,0.66201115,0.006165237,0.012487872,0.035492063,2024-05-16,0.0168506682161534,2024,2024-05,2024Q2,2024-W20
444,1721,20,29,18,18,25.0,0.6932345,0.0020449897,0.013227513,0.030985916,2024-05-17,0.011621150493898896,2024,2024-05,2024Q2,2024-W20
445,1720,35,20,32,30,14.0,0.6835206,0.0,0.015491876,0.056338027,2024-05-20,0.020348837209302327,2024,2024-05,2024Q2,2024-W21
446,1723,31,35,30,22,33.0,0.6400376,-0.0022577122,0.010360179,0.0625,2024-05-21,0.017991874637260593,2024,2024-05,2024Q2,2024-W21
447,1723,20,31,19,12,27.0,0.67966574,0.004132231,0.016467066,0.058333334,2024-05-22,0.011607661056297156,2024,2024-05,2024Q2,2024-W21
448,1720,27,20,24,23,18.0,0.5230627,-0.016100232,-0.0062040705,0.027002722,2024-05-23,0.015697674418604653,2024,2024-05,2024Q2,2024-W21
449,1723,39,27,38,32,19.0,0.5309898,0.0032840723,-0.006976744,0.037623763,2024-05-24,0.022634939059779455,2024,2024-05,2024Q2,2024-W21
450,1724,44,39,37,35,34.0,0.59116024,0.0065990253,0.0028825686,0.042202204,2024-05-27,0.025522041763341066,2024,2024-05,2024Q2,2024-W22
451,1724,43,45,38,31,38.0,0.6958904,0.008746356,0.014553014,0.036697246,2024-05-28,0.02494199535962877,2024,2024-05,2024Q2,2024-W22
452,1722,19,43,19,13,37.0,0.6739328,-0.0022675737,0.008080808,0.039568346,2024-05-29,0.011033681765389082,2024,2024-05,2024Q2,2024-W22
453,1727,32,19,30,27,12.0,0.5965549,-0.011627907,0.014516129,0.022727273,2024-05-30,0.018529241459177764,2024,2024-05,2024Q2,2024-W22
454,1731,52,32,37,34,28.0,0.65135133,0.00355979,0.015647259,0.029411765,2024-05-31,0.03004043905257077,2024,2024-05,2024Q2,2024-W22
455,1730,30,52,21,15,40.0,0.7004525,0.0039267014,0.0093240095,0.03259259,2024-06-03,0.017341040462427744,2024,2024-06,2024Q2,2024-W23
456,1728,27,30,23,19,15.0,0.65967155,-0.0049155904,-0.0061872546,0.028958846,2024-06-04,0.015625,2024,2024-06,2024Q2,2024-W23
457,1728,20,27,16,13,14.0,0.61559385,-0.004651163,-0.009819968,0.025477707,2024-06-05,0.011574074074074073,2024,2024-06,2024Q2,2024-W23
458,1730,32,20,29,30,11.0,0.56102,-0.005331912,0.0,0.030953195,2024-06-06,0.018497109826589597,2024,2024-06,2024Q2,2024-W23
459,1730,21,32,16,16,25.0,0.70199275,0.010568051,0.0063775615,0.04452952,2024-06-07,0.012138728323699421,2024,2024-06,2024Q2,2024-W23
460,1731,23,21,21,19,17.0,0.54766184,-0.012000192,-0.010209704,0.03219329,2024-06-11,0.013287117273252455,2024,2024-06,2024Q2,2024-W24
461,1730,27,23,24,20,17.0,0.521267,0.0,-0.006,0.029776676,2024-06-12,0.01560693641618497,2024,2024-06,2024Q2,2024-W24
462,1735,26,28,23,20,21.0,0.54553735,0.0021835726,0.0,0.031984292,2024-06-13,0.014985590778097982,2024,2024-06,2024Q2,2024-W24
463,1734,39,26,37,31,21.0,0.5992747,0.0033333334,0.0073937154,0.030042918,2024-06-14,0.02249134948096886,2024,2024-06,2024Q2,2024-W24
464,1735,26,39,24,16,28.0,0.62748647,0.0026212365,0.0,0.026697125,2024-06-17,0.014985590778097982,2024,2024-06,2024Q2,2024-W25
465,1735,22,26,21,16,22.0,0.6296296,0.0,0.012443439,0.02930403,2024-06-18,0.012680115273775217,2024,2024-06,2024Q2,2024-W25
466,1735,38,22,36,30,12.0,0.55945945,-0.0063898414,0.008234709,0.023314916,2024-06-19,0.02190201729106628,2024,2024-06,2024Q2,2024-W25
467,1735,29,38,27,19,30.0,0.672973,0.008200925,0.01467485,0.026344176,2024-06-20,0.016714697406340056,2024,2024-06,2024Q2,2024-W25
468,1736,19,29,15,12,24.0,0.66906476,0.0,0.009921457,0.044509213,2024-06-21,0.010944700460829493,2024,2024-06,2024Q2,2024-W25
469,1737,15,19,14,13,12.0,0.56850535,-0.00874318,0.0,0.03058021,2024-06-24,0.008635578583765112,2024,2024-06,2024Q2,2024-W26
470,1741,47,16,45,39,9.0,0.57932264,0.0,0.0,0.024215292,2024-06-25,0.026995979322228605,2024,2024-06,2024Q2,2024-W26
471,1742,34,47,32,24,39.0,0.5930543,0.0,0.0067873304,0.015021459,2024-06-26,0.01951779563719862,2024,2024-06,2024Q2,2024-W26
472,1742,37,34,33,26,25.0,0.53161174,-0.007329843,-0.008645534,0.011011011,2024-06-27,0.02123995407577497,2024,2024-06,2024Q2,2024-W26
473,1743,42,37,37,24,30.0,0.6042972,0.0052724076,-0.0030487804,0.026548672,2024-06-28,0.024096385542168676,2024,2024-06,2024Q2,2024-W26
474,1744,38,41,33,20,28.0,0.61270124,0.0,0.0038527164,0.02294899,2024-07-01,0.021788990825688075,2024,2024-07,2024Q3,2024-W27
475,1746,46,39,40,33,27.0,0.58928573,-0.0037641213,0.0023598033,0.014265597,2024-07-02,0.026345933562428408,2024,2024-07,2024Q3,2024-W27
476,1746,50,46,41,32,34.0,0.6678508,0.0061475667,0.00820242,0.029745102,2024-07-03,0.0286368843069874,2024,2024-07,2024Q3,2024-W27
477,1745,71,50,63,46,42.0,0.73233217,0.0041067936,0.021180512,0.035896517,2024-07-04,0.040687679083094556,2024,2024-07,2024Q3,2024-W27
478,1745,56,71,44,33,63.0,0.7924693,0.008778351,0.022396669,0.055300713,2024-07-05,0.032091690544412604,2024,2024-07,2024Q3,2024-W27
479,1745,29,56,26,22,42.0,0.71091706,-0.008130081,0.013888889,0.038194444,2024-07-08,0.0166189111747851,2024,2024-07,2024Q3,2024-W28
480,1746,48,29,45,43,19.0,0.5860869,-0.012601733,0.005532768,0.037843756,2024-07-09,0.027491408934707903,2024,2024-07,2024Q3,2024-W28
481,1746,38,48,33,25,41.0,0.6530789,0.0050251256,0.005148005,0.04761905,2024-07-10,0.021764032073310423,2024,2024-07,2024Q3,2024-W28
482,1744,23,38,23,15,32.0,0.62748486,0.0,-0.001457726,0.04368932,2024-07-11,0.013188073394495414,2024,2024-07,2024Q3,2024-W28
483,1742,29,23,26,24,20.0,0.60327023,-0.00052631577,-0.0118600335,0.035382394,2024-07-12,0.016647531572904706,2024,2024-07,2024Q3,2024-W28
484,1744,36,29,34,30,22.0,0.5875755,-0.0036764706,-0.008032128,0.030346243,2024-07-15,0.020642201834862386,2024,2024-07,2024Q3,2024-W29
485,1746,32,36,31,28,31.0,0.61810344,0.001066201,0.0046584858,0.03266035,2024-07-16,0.018327605956471937,2024,2024-07,2024Q3,2024-W29
486,1747,15,32,15,9,26.0,0.64488393,0.0029498525,0.0036363637,0.040084388,2024-07-17,0.008586147681740127,2024,2024-07,2024Q3,2024-W29
487,1746,23,15,21,17,13.0,0.56206894,-0.00890727,-0.0029478162,0.022868061,2024-07-18,0.013172966781214204,2024,2024-07,2024Q3,2024-W29
488,1749,20,24,15,13,18.0,0.372313,-0.023305085,-0.02559415,0.0,2024-07-19,0.011435105774728416,2024,2024-07,2024Q3,2024-W29
489,1749,24,20,23,21,14.0,0.25709373,-0.024636058,-0.047911547,-0.0150149455,2024-07-22,0.0137221269296741,2024,2024-07,2024Q3,2024-W30
490,1747,11,24,11,7,19.0,0.32560137,0.010222124,-0.03740997,-0.00016852809,2024-07-23,0.006296508299942759,2024,2024-07,2024Q3,2024-W30
491,1747,15,11,12,12,9.0,0.26266095,-0.014519056,-0.0548926,-0.018867925,2024-07-26,0.008586147681740127,2024,2024-07,2024Q3,2024-W30
492,1750,23,16,23,21,11.0,0.20826162,-0.019029513,-0.06781994,-0.031448886,2024-07-29,0.013142857142857144,2024,2024-07,2024Q3,2024-W31
493,1746,16,23,16,11,23.0,0.25300172,0.012763148,-0.030472476,-0.033038605,2024-07-30,0.009163802978235968,2024,2024-07,2024Q3,2024-W31
494,1744,37,16,37,36,11.0,0.2534602,-0.0016475583,-0.008163401,-0.031277873,2024-07-31,0.02121559633027523,2024,2024-07,2024Q3,2024-W31
495,1747,8,37,8,2,34.0,0.37802768,0.020233817,0.0022302782,-0.011919474,2024-08-01,0.0045792787635947334,2024,2024-08,2024Q3,2024-W31
496,1750,0,8,0,0,8.0,0.19842657,-0.033759005,-0.014625808,-0.04678622,2024-08-02,0.0,2024,2024-08,2024Q3,2024-W31
497,1756,9,0,9,9,0.0,0.04097646,-0.09841828,-0.08896797,-0.14106584,2024-08-05,0.005125284738041002,2024,2024-08,2024Q3,2024-W32
498,1757,207,9,205,203,7.0,0.032229964,-0.013715732,-0.116568625,-0.1651042,2024-08-06,0.11781445645987479,2024,2024-08,2024Q3,2024-W32
499,1759,26,208,24,9,190.0,0.08282476,0.05755396,-0.06438356,-0.1086351,2024-08-07,0.014781125639567936,2024,2024-08,2024Q3,2024-W32
500,1756,51,26,43,42,20.0,0.094942324,-0.011826544,-0.09630607,-0.108761884,2024-08-08,0.029043280182232345,2024,2024-08,2024Q3,2024-W32
501,1759,32,51,28,27,43.0,0.1625222,0.014405783,-0.04731431,-0.09904198,2024-08-09,0.018192154633314382,2024,2024-08,2024Q3,2024-W32
502,1763,35,34,32,27,25.0,0.22800718,0.01136852,0.057142857,-0.08921844,2024-08-12,0.019852524106636415,2024,2024-08,2024Q3,2024-W33
503,1764,24,35,20,20,28.0,0.27953112,0.0018281536,0.078095235,-0.083715595,2024-08-13,0.013605442176870748,2024,2024-08,2024Q3,2024-W33
504,1760,29,25,28,29,19.0,0.36404696,0.0051635113,0.027190333,-0.07637656,2024-08-14,0.016477272727272726,2024,2024-08,2024Q3,2024-W33
505,1761,31,29,29,23,21.0,0.39600363,0.0,0.04024768,-0.07751938,2024-08-15,0.017603634298693924,2024,2024-08,2024Q3,2024-W33
506,1763,37,31,36,30,26.0,0.50045663,0.008797654,0.035947714,-0.07131012,2024-08-16,0.02098695405558707,2024,2024-08,2024Q3,2024-W33
507,1765,30,37,27,22,30.0,0.58990824,0.0028531193,0.028129451,-0.059578,2024-08-19,0.0169971671388102,2024,2024-08,2024Q3,2024-W34
508,1765,15,30,14,11,26.0,0.66081333,0.0,0.026842799,-0.034543008,2024-08-20,0.0084985835694051,2024,2024-08,2024Q3,2024-W34
509,1756,35,15,34,30,7.0,0.64849627,-0.0031923568,0.016064268,-0.015329494,2024-08-21,0.019931662870159454,2024,2024-08,2024Q3,2024-W34
510,1749,25,35,21,17,21.0,0.67267555,-0.0010908525,0.014104207,-0.02858602,2024-08-22,0.01429388221841052,2024,2024-08,2024Q3,2024-W34
511,1755,27,25,21,18,14.0,0.6673004,0.0,0.004287955,-0.013856887,2024-08-23,0.015384615384615385,2024,2024-08,2024Q3,2024-W34
512,1758,36,27,31,27,17.0,0.7194657,0.0013769936,0.0052910424,0.008420522,2024-08-26,0.020477815699658702,2024,2024-08,2024Q3,2024-W35
513,1758,28,36,26,19,32.0,0.77077365,0.004201681,0.005319149,0.0041753654,2024-08-27,0.015927189988623434,2024,2024-08,2024Q3,2024-W35
514,1755,26,29,25,19,21.0,0.7996183,-0.0016000164,0.0070219412,0.005540549,2024-08-28,0.014814814814814815,2024,2024-08,2024Q3,2024-W35
515,1757,24,26,23,20,19.0,0.822627,0.0,0.0074487897,-0.012738854,2024-08-29,0.013659647125782584,2024,2024-08,2024Q3,2024-W35
516,1754,17,24,14,10,14.0,0.87056565,0.003963012,0.014705882,0.02347418,2024-08-30,0.009692132269099202,2024,2024-08,2024Q3,2024-W35
517,1753,21,17,19,16,6.0,0.7946693,-0.0067001674,0.006006006,0.11737805,2024-09-02,0.011979463776383342,2024,2024-09,2024Q3,2024-W36
518,1754,9,21,9,5,14.0,0.6478305,-0.009,-0.0072202166,0.124528304,2024-09-03,0.005131128848346636,2024,2024-09,2024Q3,2024-W36
519,1750,24,9,22,20,4.0,0.26104417,-0.04231739,-0.0473399,0.022221869,2024-09-04,0.013714285714285714,2024,2024-09,2024Q3,2024-W36
520,1749,19,24,17,17,19.0,0.272,0.0,-0.049496915,0.03563492,2024-09-05,0.010863350485991996,2024,2024-09,2024Q3,2024-W36
521,1747,18,19,17,14,9.0,0.2844221,0.0025445293,-0.053932585,0.02014984,2024-09-06,0.01030337721808815,2024,2024-09,2024Q3,2024-W36
522,1749,14,18,8,12,12.0,0.2772773,-0.0027210885,-0.047368422,0.0047074836,2024-09-09,0.008004574042309892,2024,2024-09,2024Q3,2024-W37
523,1751,24,15,21,23,8.0,0.20558882,-0.02015064,-0.05605525,-0.016406901,2024-09-10,0.013706453455168474,2024,2024-09,2024Q3,2024-W37
524,1756,25,24,25,22,17.0,0.19739479,0.0,-0.015189971,-0.024467554,2024-09-11,0.014236902050113895,2024,2024-09,2024Q3,2024-W37
525,1756,33,25,32,24,23.0,0.29305136,0.015151516,0.0023364485,-0.011363637,2024-09-12,0.01879271070615034,2024,2024-09,2024Q3,2024-W37
526,1755,35,33,32,23,28.0,0.3586626,0.008974359,0.0068846815,-0.016597511,2024-09-13,0.019943019943019943,2024,2024-09,2024Q3,2024-W37
527,1762,35,35,31,24,26.0,0.44873098,0.007267442,0.015850144,-0.014218009,2024-09-16,0.019863791146424517,2024,2024-09,2024Q3,2024-W38
528,1757,38,35,34,29,31.0,0.4288618,-0.0079840645,0.028571429,-0.020650081,2024-09-18,0.021627774615822423,2024,2024-09,2024Q3,2024-W38
529,1757,29,38,27,18,32.0,0.56057495,0.013815106,0.043291867,-0.004884299,2024-09-19,0.016505406943653957,2024,2024-09,2024Q3,2024-W38
530,1758,45,29,42,39,22.0,0.5469388,-0.0022675854,0.021947917,-0.006064143,2024-09-20,0.025597269624573378,2024,2024-09,2024Q3,2024-W38
531,1756,22,45,19,16,31.0,0.5791075,0.0,0.015479876,-0.0026358436,2024-09-23,0.012528473804100227,2024,2024-09,2024Q3,2024-W39
532,1758,34,22,27,28,16.0,0.5694022,-0.0039267014,0.0045871558,-0.008264462,2024-09-24,0.019340159271899887,2024,2024-09,2024Q3,2024-W39
533,1762,15,34,12,12,22.0,0.6726727,0.007751938,0.021479713,-0.0031185031,2024-09-25,0.00851305334846765,2024,2024-09,2024Q3,2024-W39
534,1761,26,15,23,25,10.0,0.6510469,-0.006684492,0.0020181634,-0.006329114,2024-09-26,0.014764338444065871,2024,2024-09,2024Q3,2024-W39
535,1759,14,26,12,9,16.0,0.70866144,0.0047506206,0.011080418,0.0,2024-09-27,0.007959067652075043,2024,2024-09,2024Q3,2024-W39
536,1755,23,14,21,21,8.0,0.6509341,-0.00877193,0.0013908206,-0.012048192,2024-09-30,0.013105413105413105,2024,2024-09,2024Q3,2024-W40
537,1755,21,23,17,12,16.0,0.6571429,-0.0014556041,0.003241491,-0.008174387,2024-10-01,0.011965811965811967,2024,2024-10,2024Q4,2024-W40
538,1756,39,21,39,33,18.0,0.5442913,-0.013194805,-0.018018078,-0.010620292,2024-10-04,0.022209567198177675,2024,2024-10,2024Q4,2024-W40
539,1753,19,40,17,17,32.0,0.6513944,0.011115213,0.0,0.04670494,2024-10-07,0.010838562464346835,2024,2024-10,2024Q4,2024-W41
540,1749,18,19,16,16,14.0,0.53539383,-0.011450382,-0.01928934,0.034653466,2024-10-08,0.010291595197255575,2024,2024-10,2024Q4,2024-W41
541,1754,21,18,16,18,13.0,0.4119403,-0.014613778,-0.024793388,0.017985612,2024-10-09,0.011972633979475485,2024,2024-10,2024Q4,2024-W41
542,1750,29,21,27,27,13.0,0.38217822,-0.004067108,-0.027529968,0.013808224,2024-10-11,0.01657142857142857,2024,2024-10,2024Q4,2024-W41
543,1751,19,29,16,13,22.0,0.42927796,0.005328597,-0.009708738,0.03761062,2024-10-14,0.010850942318675044,2024,2024-10,2024Q4,2024-W42
544,1753,18,19,17,17,14.0,0.4194499,-0.0016021697,-0.02319511,0.03557653,2024-10-15,0.01026811180832858,2024,2024-10,2024Q4,2024-W42
545,1751,24,17,24,21,17.0,0.41715398,0.0,-0.00998606,0.023026315,2024-10-16,0.013706453455168474,2024,2024-10,2024Q4,2024-W42
546,1756,10,24,10,8,20.0,0.47521865,0.005509642,0.011037528,0.018072288,2024-10-17,0.0056947608200455585,2024,2024-10,2024Q4,2024-W42
547,1757,38,10,37,34,7.0,0.41439688,-0.009545462,0.006110081,0.0036101555,2024-10-18,0.021627774615822423,2024,2024-10,2024Q4,2024-W42
548,1756,21,38,21,16,30.0,0.51364523,0.009826008,0.008255489,0.0175645,2024-10-21,0.011958997722095672,2024,2024-10,2024Q4,2024-W43
549,1749,26,21,25,22,16.0,0.5175781,0.0,0.010587422,0.00680962,2024-10-22,0.014865637507146942,2024,2024-10,2024Q4,2024-W43
550,1749,23,26,21,18,20.0,0.5363458,-0.0013183968,0.010152546,0.005046453,2024-10-23,0.013150371640937679,2024,2024-10,2024Q4,2024-W43
551,1754,29,23,24,19,12.0,0.44586614,-0.011956649,-0.006791191,-0.005141694,2024-10-24,0.01653363740022805,2024,2024-10,2024Q4,2024-W43
552,1753,21,29,16,8,17.0,0.4650934,0.0,0.0020661156,-0.0016556291,2024-10-25,0.011979463776383342,2024,2024-10,2024Q4,2024-W43
553,1747,19,21,17,13,16.0,0.39014778,-0.008928572,-0.0143084265,-0.016736401,2024-10-28,0.010875787063537493,2024,2024-10,2024Q4,2024-W44
554,1743,16,19,15,14,17.0,0.2964072,-0.012976488,-0.029498782,-0.02355716,2024-10-29,0.009179575444635685,2024,2024-10,2024Q4,2024-W44
555,1742,27,16,27,24,8.0,0.2708963,-0.0044101435,-0.033492822,-0.036745407,2024-10-30,0.015499425947187142,2024,2024-10,2024Q4,2024-W44
556,1740,19,27,18,11,23.0,0.35060975,0.009099188,-0.012956746,-0.021054696,2024-11-01,0.010919540229885057,2024,2024-11,2024Q4,2024-W44
557,1736,21,19,19,19,13.0,0.30722278,-0.009803922,-0.023255814,-0.029605264,2024-11-04,0.012096774193548387,2024,2024-11,2024Q4,2024-W45
558,1736,18,21,17,17,18.0,0.34086242,0.0017102463,-0.011603553,-0.013986029,2024-11-05,0.010368663594470046,2024,2024-11,2024Q4,2024-W45
559,1748,22,18,22,21,12.0,0.3831102,0.0,0.0012437811,-0.028108109,2024-11-06,0.012585812356979404,2024,2024-11,2024Q4,2024-W45
560,1751,19,22,14,16,14.0,0.5230297,0.011396011,0.017857144,-0.0046296297,2024-11-07,0.010850942318675044,2024,2024-11,2024Q4,2024-W45
561,1750,17,19,14,15,12.0,0.4077472,-0.011952192,-0.0034602077,-0.0015772871,2024-11-08,0.009714285714285713,2024,2024-11,2024Q4,2024-W45
562,1750,8,17,8,6,14.0,0.4122449,0.0,0.0042140153,0.0018255747,2024-11-11,0.004571428571428572,2024,2024-11,2024Q4,2024-W46
563,1749,22,8,22,20,6.0,0.28381148,-0.019175466,-0.016359918,-0.022583833,2024-11-12,0.012578616352201259,2024,2024-11,2024Q4,2024-W46
564,1751,18,22,16,12,16.0,0.27698573,-0.003062826,-0.020667095,-0.023609292,2024-11-13,0.010279840091376356,2024,2024-11,2024Q4,2024-W46
565,1752,18,18,17,16,13.0,0.22039135,-0.01532567,-0.047563806,-0.041950114,2024-11-14,0.010273972602739725,2024,2024-11,2024Q4,2024-W46
566,1750,16,18,14,12,12.0,0.25460124,0.005446187,-0.030039726,-0.04403217,2024-11-15,0.009142857142857144,2024,2024-11,2024Q4,2024-W46
567,1750,31,16,29,28,14.0,0.22528033,-0.013452915,-0.041493777,-0.048543688,2024-11-18,0.017714285714285714,2024,2024-11,2024Q4,2024-W47
568,1752,11,31,10,9,28.0,0.30349794,0.013320659,-0.0070631765,-0.043410957,2024-11-19,0.006278538812785388,2024,2024-11,2024Q4,2024-W47
569,1748,25,11,23,22,5.0,0.28556594,-0.007561437,-0.012096774,-0.051771116,2024-11-20,0.014302059496567507,2024,2024-11,2024Q4,2024-W47
570,1749,24,25,22,21,17.0,0.34309623,0.004048649,0.0069933487,-0.049113326,2024-11-21,0.0137221269296741,2024,2024-11,2024Q4,2024-W47
571,1753,26,24,23,22,19.0,0.3964059,0.0045266096,0.0065077147,-0.026761841,2024-11-22,0.014831717056474614,2024,2024-11,2024Q4,2024-W47
572,1747,10,26,9,9,20.0,0.5464025,0.011538462,0.033519555,-0.018207284,2024-11-25,0.005724098454493417,2024,2024-11,2024Q4,2024-W48
573,1743,15,10,14,11,6.0,0.5193312,-0.005540166,0.014184397,-0.015837105,2024-11-26,0.008605851979345954,2024,2024-11,2024Q4,2024-W48
574,1741,4,15,4,4,12.0,0.35163674,-0.02202643,0.0,-0.022222223,2024-11-27,0.0022975301550832855,2024,2024-11,2024Q4,2024-W48
575,1741,20,4,20,20,3.0,0.29883844,-0.009036144,-0.01525941,-0.027027028,2024-11-28,0.011487650775416428,2024,2024-11,2024Q4,2024-W48
576,1739,20,20,18,16,12.0,0.34708995,0.007142857,-0.014285714,-0.028714107,2024-11-29,0.011500862564692352,2024,2024-11,2024Q4,2024-W48
577,1744,14,20,12,10,13.0,0.38201058,0.0,-0.024390243,-0.018691588,2024-12-02,0.008027522935779817,2024,2024-12,2024Q4,2024-W49
578,1742,32,14,28,27,10.0,0.4694093,0.0062063653,-0.012903226,-0.014366395,2024-12-03,0.018369690011481057,2024,2024-12,2024Q4,2024-W49
579,1742,29,32,25,24,28.0,0.56461865,0.00569811,0.015936509,-0.008937841,2024-12-04,0.016647531572904706,2024,2024-12,2024Q4,2024-W49
580,1743,20,29,20,11,12.0,0.5423365,-0.0056980057,0.018564356,-0.022727273,2024-12-05,0.011474469305794608,2024,2024-12,2024Q4,2024-W49
581,1736,13,20,12,12,15.0,0.56837606,0.0,0.01168688,-0.011400557,2024-12-06,0.007488479262672811,2024,2024-12,2024Q4,2024-W49
582,1738,5,13,3,5,10.0,0.50589496,-0.008583691,0.003215434,-0.018387552,2024-12-09,0.0028768699654775605,2024,2024-12,2024Q4,2024-W50
583,1740,16,5,15,15,1.0,0.44251627,-0.00701763,-0.010129435,-0.0035278746,2024-12-10,0.009195402298850575,2024,2024-12,2024Q4,2024-W50
584,1739,13,16,13,9,10.0,0.40820736,-0.0035190918,-0.0192593,-0.0042230934,2024-12-11,0.007475560667050029,2024,2024-12,2024Q4,2024-W50
585,1739,4,13,2,2,8.0,0.40958604,-0.0037712504,-0.019868568,0.006639228,2024-12-12,0.0023001725129384704,2024,2024-12,2024Q4,2024-W50
586,1740,6,4,5,4,2.0,0.304253,-0.01618123,-0.036713287,-0.013937282,2024-12-13,0.0034482758620689655,2024,2024-12,2024Q4,2024-W50
587,1736,22,6,21,21,5.0,0.23644252,-0.016632024,-0.04569368,-0.017667484,2024-12-16,0.012672811059907835,2024,2024-12,2024Q4,2024-W51
588,1731,18,22,17,14,18.0,0.26275787,0.0050314465,-0.03561644,-0.027713627,2024-12-17,0.010398613518197574,2024,2024-12,2024Q4,2024-W51
589,1738,14,19,13,11,13.0,0.30444205,0.003963012,-0.024282562,-0.019527236,2024-12-18,0.00805523590333717,2024,2024-12,2024Q4,2024-W51
590,1740,13,15,11,7,11.0,0.27556512,-0.008241759,-0.028571429,-0.029032258,2024-12-19,0.007471264367816092,2024,2024-12,2024Q4,2024-W51
591,1743,28,13,26,24,10.0,0.26298702,-0.008288305,-0.018867925,-0.04382622,2024-12-20,0.01606425702811245,2024,2024-12,2024Q4,2024-W51
592,1741,25,28,24,19,22.0,0.34313726,0.011604484,0.009712553,-0.04351244,2024-12-23,0.014359563469270534,2024,2024-12,2024Q4,2024-W52
593,1734,28,25,28,26,21.0,0.35339168,0.0,0.0042644115,-0.03808275,2024-12-24,0.016147635524798153,2024,2024-12,2024Q4,2024-W52
594,1731,28,28,26,20,20.0,0.41776314,0.0067574508,0.007220311,-0.0109982155,2024-12-25,0.016175621028307337,2024,2024-12,2024Q4,2024-W52
595,1735,10,28,8,6,11.0,0.45235488,0.0,0.016363636,-0.0015772871,2024-12-26,0.005763688760806916,2024,2024-12,2024Q4,2024-W52
596,1738,14,11,14,12,7.0,0.4078517,-0.0073664826,0.017699115,-0.016949153,2024-12-27,0.00805523590333717,2024,2024-12,2024Q4,2024-W52
597,1736,8,14,8,6,11.0,0.3657205,-0.008525206,-0.0034722642,-0.024168333,2024-12-30,0.004608294930875576,2024,2024-12,2024Q4,2025-W01
598,1738,16,8,15,14,5.0,0.35300547,-0.0011560693,-0.0049261083,-0.031446543,2024-12-31,0.009205983889528193,2024,2024-12,2024Q4,2025-W01
599,1742,10,16,9,8,9.0,0.32822758,-0.0069602076,-0.016877647,-0.04151891,2025-01-02,0.0057405281285878304,2025,2025-01,2025Q1,2025-W01
600,1736,20,10,18,19,7.0,0.3131202,-0.008064516,-0.025723472,-0.04467354,2025-01-03,0.01152073732718894,2025,2025-01,2025Q1,2025-W01
601,1736,10,20,10,9,17.0,0.44198895,0.010162601,-0.007142857,-0.034035657,2025-01-06,0.00576036866359447,2025,2025-01,2025Q1,2025-W02
602,1736,12,10,12,10,7.0,0.4160178,-0.0056497175,-0.006443299,-0.032258064,2025-01-07,0.0069124423963133645,2025,2025-01,2025Q1,2025-W02
603,1741,14,12,12,10,7.0,0.45089287,0.0,-0.005935003,-0.025049973,2025-01-08,0.0080413555427915,2025,2025-01,2025Q1,2025-W02
604,1742,13,14,9,11,11.0,0.27982163,-0.026385223,-0.026713124,-0.04152824,2025-01-09,0.007462686567164179,2025,2025-01,2025Q1,2025-W02
605,1742,9,13,7,7,9.0,0.26067415,-0.0042644115,-0.022261893,-0.04710704,2025-01-10,0.005166475315729047,2025,2025-01,2025Q1,2025-W02
606,1743,16,9,16,15,4.0,0.16441442,-0.02631579,-0.060220815,-0.058114313,2025-01-13,0.009179575444635685,2025,2025-01,2025Q1,2025-W03
607,1737,9,16,8,8,9.0,0.22850679,0.01360164,-0.04,-0.027946744,2025-01-14,0.0051813471502590676,2025,2025-01,2025Q1,2025-W03
608,1732,23,9,23,21,6.0,0.2215973,-0.004103967,-0.04373178,-0.037296038,2025-01-15,0.013279445727482679,2025,2025-01,2025Q1,2025-W03
609,1734,16,23,16,15,20.0,0.30429864,0.00952381,-0.0056603975,-0.03363087,2025-01-16,0.00922722029988466,2025,2025-01,2025Q1,2025-W03
610,1735,15,17,13,13,12.0,0.3179256,-0.0016556291,-0.003968254,-0.02396514,2025-01-17,0.008645533141210375,2025,2025-01,2025Q1,2025-W03
611,1729,5,15,4,4,8.0,0.3590034,0.008253095,0.029940119,-0.008583691,2025-01-20,0.002891844997108155,2025,2025-01,2025Q1,2025-W04
612,1728,15,5,14,13,3.0,0.37770194,0.0,0.013888889,-0.023622047,2025-01-21,0.008680555555555556,2025,2025-01,2025Q1,2025-W04
613,1728,8,16,7,6,8.0,0.46330276,0.005856528,0.023011893,-0.016579246,2025-01-22,0.004629629629629629,2025,2025-01,2025Q1,2025-W04
614,1725,14,8,14,12,3.0,0.38452786,-0.011792453,0.0033444816,-0.036803365,2025-02-03,0.008115942028985508,2025,2025-02,2025Q1,2025-W06
615,1731,32,15,30,29,11.0,0.37286204,-0.004415011,0.0,-0.04477612,2025-02-04,0.01848642403235124,2025,2025-02,2025Q1,2025-W06
616,1730,20,32,18,18,26.0,0.53485715,0.015068493,0.008064516,-0.020257827,2025-02-05,0.011560693641618497,2025,2025-02,2025Q1,2025-W06
617,1730,33,20,30,29,11.0,0.68993133,0.009134434,0.02124276,-0.0047393367,2025-02-06,0.01907514450867052,2025,2025-02,2025Q1,2025-W06
618,1731,23,33,21,20,22.0,0.74252874,0.0032679825,0.01722501,0.0,2025-02-07,0.013287117273252455,2025,2025-02,2025Q1,2025-W06
619,1729,32,23,25,28,12.0,0.7058824,-0.0033389074,0.027818803,0.0033700336,2025-02-10,0.01850780798149219,2025,2025-02,2025Q1,2025-W07
620,1727,20,32,18,14,17.0,0.70145905,0.0,0.029213483,0.014184397,2025-02-11,0.011580775911986103,2025,2025-02,2025Q1,2025-W07
621,1734,29,21,26,25,13.0,0.7155655,-0.0011350738,0.012461059,0.0020661156,2025-02-12,0.016724336793540944,2025,2025-02,2025Q1,2025-W07
622,1733,15,30,13,12,22.0,0.8191964,0.011143472,0.017450934,0.02568003,2025-02-13,0.008655510675129832,2025,2025-02,2025Q1,2025-W07
623,1732,20,15,17,15,10.0,0.83573806,0.0,0.012,0.025703795,2025-02-14,0.011547344110854504,2025,2025-02,2025Q1,2025-W07
624,1731,21,20,19,15,9.0,0.86368716,0.004347826,0.020491803,0.057494868,2025-02-17,0.012131715771230503,2025,2025-02,2025Q1,2025-W08
625,1730,26,21,26,23,14.0,0.8803987,0.0014749262,0.024421593,0.066246055,2025-02-18,0.015028901734104046,2025,2025-02,2025Q1,2025-W08
626,1729,25,26,24,22,19.0,0.8875278,0.00373837,0.029145729,0.100511625,2025-02-19,0.014459224985540775,2025,2025-02,2025Q1,2025-W08
627,1729,18,25,18,17,13.0,0.87637967,-0.002059909,0.014229442,0.084527574,2025-02-20,0.010410641989589358,2025,2025-02,2025Q1,2025-W08
628,1729,13,18,12,11,16.0,0.8997821,0.004813485,0.01906501,0.09028427,2025-02-21,0.007518796992481203,2025,2025-02,2025Q1,2025-W08
629,1725,6,13,6,6,10.0,0.8833693,0.0,0.0137784295,0.07985451,2025-02-24,0.0034782608695652175,2025,2025-02,2025Q1,2025-W09
630,1725,13,6,13,13,4.0,0.79175705,-0.008849585,0.004595183,0.073923215,2025-02-25,0.007536231884057971,2025,2025-02,2025Q1,2025-W09
631,1728,4,13,4,4,10.0,0.77861774,-0.001654451,0.0,0.06449962,2025-02-26,0.0023148148148148147,2025,2025-02,2025Q1,2025-W09
632,1727,9,4,9,7,1.0,0.673774,-0.00939703,-0.009385267,0.056774735,2025-02-27,0.0052113491603937466,2025,2025-02,2025Q1,2025-W09
633,1725,11,9,11,11,2.0,0.51749736,-0.01510574,-0.02955665,0.036199097,2025-03-03,0.006376811594202898,2025,2025-03,2025Q1,2025-W10
634,1729,11,11,10,11,11.0,0.52375925,0.0040281974,-0.02528978,0.054945055,2025-03-04,0.006362058993637941,2025,2025-03,2025Q1,2025-W10
635,1726,13,11,13,12,10.0,0.5711275,0.005952381,-0.010928961,0.064718165,2025-03-05,0.007531865585168019,2025,2025-03,2025Q1,2025-W10
636,1723,9,13,8,9,8.0,0.4721346,-0.008235294,-0.01847575,0.03514377,2025-03-06,0.00522344747533372,2025,2025-03,2025Q1,2025-W10
637,1723,15,9,13,14,5.0,0.37223974,-0.010891089,-0.019548872,0.012259195,2025-03-07,0.008705745792222866,2025,2025-03,2025Q1,2025-W10
638,1728,8,16,8,6,10.0,0.38115183,-0.002762431,-0.0069284067,0.0066079297,2025-03-10,0.004629629629629629,2025,2025-03,2025Q1,2025-W11
639,1732,16,8,15,16,7.0,0.31088084,-0.012383901,-0.02347418,-0.003144654,2025-03-11,0.009237875288683603,2025,2025-03,2025Q1,2025-W11
640,1731,4,16,4,3,12.0,0.3030303,0.0024570024,-0.026666667,0.0034965035,2025-03-12,0.002310803004043905,2025,2025-03,2025Q1,2025-W11
641,1727,9,4,9,8,4.0,0.23301986,-0.013801756,-0.032882012,-0.009041592,2025-03-13,0.0052113491603937466,2025,2025-03,2025Q1,2025-W11
642,1727,15,9,14,11,9.0,0.284375,0.0062647173,-0.016428193,-0.017411975,2025-03-14,0.008685581933989578,2025,2025-03,2025Q1,2025-W11
643,1729,18,15,16,12,13.0,0.3092243,0.0005428882,-0.010849945,-0.016394544,2025-03-17,0.010410641989589358,2025,2025-03,2025Q1,2025-W12
644,1730,15,18,13,12,13.0,0.37130803,0.005649898,0.00581163,-0.016152598,2025-03-18,0.008670520231213872,2025,2025-03,2025Q1,2025-W12
645,1731,21,15,20,17,11.0,0.34252387,-0.007936508,-0.0052539404,-0.025,2025-03-19,0.012131715771230503,2025,2025-03,2025Q1,2025-W12
646,1737,16,21,15,8,17.0,0.42385516,0.010204081,0.018773466,-0.01980198,2025-03-20,0.009211283822682787,2025,2025-03,2025Q1,2025-W12
647,1736,24,16,23,18,8.0,0.39228296,-0.004968944,0.008064516,-0.024365483,2025-03-21,0.013824884792626729,2025,2025-03,2025Q1,2025-W12
648,1737,22,24,22,15,18.0,0.3690476,-0.0075331973,-0.0014563941,-0.038525756,2025-03-24,0.012665515256188831,2025,2025-03,2025Q1,2025-W13
649,1731,20,22,20,18,12.0,0.34019503,-0.0046948357,-0.0125,-0.04778157,2025-03-25,0.011554015020219527,2025,2025-03,2025Q1,2025-W13
650,1726,12,20,12,7,11.0,0.3840345,0.003717472,0.0,-0.036764707,2025-03-26,0.006952491309385863,2025,2025-03,2025Q1,2025-W13
651,1733,7,12,7,6,5.0,0.33152175,-0.01076718,-0.02088787,-0.04823201,2025-03-27,0.004039238315060588,2025,2025-03,2025Q1,2025-W13
652,1733,1,7,1,0,6.0,0.20746432,-0.02681388,-0.042690814,-0.06422018,2025-03-28,0.0005770340450086555,2025,2025-03,2025Q1,2025-W13
653,1733,29,1,29,28,0.0,0.07934783,-0.052500308,-0.08575259,-0.0981236,2025-03-31,0.01673398730525101,2025,2025-03,2025Q1,2025-W14
654,1731,10,29,10,5,21.0,0.13778256,0.021363175,-0.061806656,-0.082474224,2025-04-01,0.005777007510109763,2025,2025-04,2025Q2,2025-W14
655,1730,0,10,0,0,6.0,0.16163793,0.005,-0.05852719,-0.08508636,2025-04-02,0.0,2025,2025-04,2025Q2,2025-W14
660,1735,42,41,33,30,29.0,0.029352227,0.00606797,-0.15778553,-0.2044568,2025-04-11,0.02420749279538905,2025,2025-04,2025Q2,2025-W15
661,1737,111,42,104,97,29.0,0.033199195,0.017059313,-0.043814875,-0.17421779,2025-04-14,0.06390328151986183,2025,2025-04,2025Q2,2025-W16
662,1739,27,111,20,10,84.0,0.06965174,0.04,0.07236842,-0.14672364,2025-04-15,0.015526164462334674,2025,2025-04,2025Q2,2025-W16
663,1735,17,27,14,11,22.0,0.08191808,-0.02,0.15261044,-0.16568047,2025-04-16,0.009798270893371758,2025,2025-04,2025Q2,2025-W16
664,1731,32,17,32,28,9.0,0.08467742,-0.0029368638,0.048477508,-0.17346027,2025-04-17,0.01848642403235124,2025,2025-04,2025Q2,2025-W16
665,1733,10,32,9,5,22.0,0.11770624,0.0,0.03907509,-0.16626763,2025-04-18,0.005770340450086555,2025,2025-04,2025Q2,2025-W16
666,1727,18,10,18,16,5.0,0.10435664,-0.028901733,-0.010752688,-0.20034246,2025-04-21,0.010422698320787493,2025,2025-04,2025Q2,2025-W17
667,1726,60,18,58,57,12.0,0.0952381,-0.008230452,-0.05479452,-0.20231214,2025-04-22,0.03476245654692932,2025,2025-04,2025Q2,2025-W17
668,1722,23,60,21,14,46.0,0.18402427,0.03206413,-0.004405286,-0.16835018,2025-04-23,0.013356562137049941,2025,2025-04,2025Q2,2025-W17
669,1724,42,24,39,29,17.0,0.22629969,0.0,-0.0011111111,-0.16206896,2025-04-24,0.024361948955916472,2025,2025-04,2025Q2,2025-W17
670,1732,48,43,48,36,32.0,0.4310521,0.014285714,0.011290323,-0.1506608,2025-04-25,0.02771362586605081,2025,2025-04,2025Q2,2025-W17
671,1733,51,48,50,45,30.0,0.68972534,0.011061947,0.056886226,-0.1301273,2025-04-28,0.029428736295441432,2025,2025-04,2025Q2,2025-W18
672,1737,20,51,20,12,34.0,0.8915046,0.015695067,0.08695652,-0.08885542,2025-04-29,0.011514104778353483,2025,2025-04,2025Q2,2025-W18
673,1736,46,20,44,40,10.0,0.8457557,-0.0118129775,0.040002666,-0.049837954,2025-04-30,0.026497695852534562,2025,2025-04,2025Q2,2025-W18
674,1742,20,47,19,13,33.0,0.9585921,0.014492754,0.055164486,-0.05462239,2025-05-02,0.011481056257175661,2025,2025-05,2025Q2,2025-W18
675,1739,41,20,38,35,10.0,0.856701,-0.027586352,0.01050946,-0.08434147,2025-05-05,0.023576768257619323,2025,2025-05,2025Q2,2025-W19
676,1735,7,41,5,5,22.0,0.9075026,0.008,0.008264462,0.025167786,2025-05-06,0.004034582132564841,2025,2025-05,2025Q2,2025-W19
677,1737,37,7,32,34,3.0,0.85912484,-0.004842615,-0.013282732,0.094642855,2025-05-07,0.021301093839953943,2025,2025-05,2025Q2,2025-W19
678,1738,23,37,19,17,17.0,0.87986654,0.012514221,0.0116731515,0.21717171,2025-05-08,0.013233601841196778,2025,2025-05,2025Q2,2025-W19
679,1740,40,23,35,34,15.0,0.88542825,0.0047393367,0.0,0.12,2025-05-09,0.022988505747126436,2025,2025-05,2025Q2,2025-W19
680,1738,22,40,18,16,24.0,0.9167617,0.011976048,0.039344262,0.12433863,2025-05-12,0.012658227848101266,2025,2025-05,2025Q2,2025-W20
681,1736,30,22,28,25,14.0,0.9050926,0.002454021,0.03212347,0.10903065,2025-05-13,0.01728110599078341,2025,2025-05,2025Q2,2025-W20
682,1736,17,31,16,16,22.0,0.92138726,0.009966778,0.04904051,0.077586204,2025-05-14,0.009792626728110598,2025,2025-05,2025Q2,2025-W20
683,1737,20,17,20,17,9.0,0.8919861,-0.0054200543,0.03147208,0.09505703,2025-05-15,0.011514104778353483,2025,2025-05,2025Q2,2025-W20
684,1739,19,20,19,15,15.0,0.8804598,0.0016684757,0.027657378,0.10446949,2025-05-16,0.010925819436457734,2025,2025-05,2025Q2,2025-W20
685,1739,17,19,17,14,10.0,0.79931587,-0.014925373,0.0,0.088495575,2025-05-19,0.0097757331799885,2025,2025-05,2025Q2,2025-W21
686,1745,33,17,29,27,13.0,0.7734554,0.0,-0.0019324123,0.12015171,2025-05-20,0.018911174785100286,2025,2025-05,2025Q2,2025-W21
687,1738,22,33,21,16,20.0,0.8172531,0.008695652,-0.0034542314,0.14098836,2025-05-21,0.012658227848101266,2025,2025-05,2025Q2,2025-W21
688,1735,23,22,23,16,16.0,0.73499435,-0.0072916667,-0.005319149,0.094936706,2025-05-22,0.013256484149855908,2025,2025-05,2025Q2,2025-W21
689,1735,25,23,24,17,17.0,0.7037457,-0.0011778563,-0.008741259,0.09541063,2025-05-23,0.01440922190201729,2025,2025-05,2025Q2,2025-W21
690,1740,14,25,12,13,20.0,0.65493757,-0.0034965035,0.0,0.075,2025-05-26,0.008045977011494253,2025,2025-05,2025Q2,2025-W22
691,1739,16,14,15,14,7.0,0.54751134,-0.010803094,-0.0096082855,0.04933419,2025-05-27,0.009200690051753882,2025,2025-05,2025Q2,2025-W22
692,1733,9,16,9,5,7.0,0.47184685,-0.0047506206,-0.024685288,0.025155315,2025-05-28,0.0051933064050779,2025,2025-05,2025Q2,2025-W22
693,1736,6,9,6,5,5.0,0.4943182,0.0,-0.015511958,0.036832538,2025-05-29,0.0034562211981566822,2025,2025-05,2025Q2,2025-W22
694,1740,16,6,15,16,3.0,0.334471,-0.021582734,-0.035805628,-0.0045045046,2025-06-02,0.009195402298850575,2025,2025-06,2025Q2,2025-W23
695,1741,27,16,25,24,11.0,0.33716917,0.0,-0.031678986,0.019328587,2025-06-03,0.015508328546812177,2025,2025-06,2025Q2,2025-W23
696,1736,14,27,14,10,19.0,0.4510932,0.012875536,-0.005882353,0.025641026,2025-06-04,0.008064516129032258,2025,2025-06,2025Q2,2025-W23
697,1734,14,14,12,13,9.0,0.42281106,-0.0013862143,-0.0029564942,0.033714935,2025-06-05,0.008073817762399077,2025,2025-06,2025Q2,2025-W23
698,1736,17,14,15,15,6.0,0.3965318,0.0,-0.0056338026,0.01635514,2025-06-06,0.009792626728110598,2025,2025-06,2025Q2,2025-W23
699,1738,23,17,22,20,13.0,0.3715278,-0.0031797225,0.0119904075,0.0069441935,2025-06-09,0.013233601841196778,2025,2025-06,2025Q2,2025-W24
700,1745,23,23,21,22,18.0,0.456446,0.0065789474,0.018957347,0.0025252525,2025-06-10,0.013180515759312322,2025,2025-06,2025Q2,2025-W24
701,1743,18,23,15,13,18.0,0.52680653,0.004437062,0.008000512,0.0012771725,2025-06-11,0.010327022375215147,2025,2025-06,2025Q2,2025-W24
702,1736,5,18,3,3,14.0,0.55948174,0.0,0.011464968,-0.006122449,2025-06-12,0.002880184331797235,2025,2025-06,2025Q2,2025-W24
703,1736,17,5,16,15,2.0,0.39691943,-0.018518519,-0.0066594724,-0.020829622,2025-06-13,0.009792626728110598,2025,2025-06,2025Q2,2025-W24
704,1741,22,17,21,15,13.0,0.43483412,0.002713949,0.0,-0.021365214,2025-06-16,0.01263641585295807,2025,2025-06,2025Q2,2025-W25
705,1746,23,22,21,20,15.0,0.45788848,0.0,-0.007075472,-0.009590529,2025-06-17,0.013172966781214204,2025,2025-06,2025Q2,2025-W25
706,1744,9,23,9,6,17.0,0.50941175,0.002378286,-0.008895483,-0.005536227,2025-06-18,0.005160550458715597,2025,2025-06,2025Q2,2025-W25
707,1743,13,9,12,10,5.0,0.38552788,-0.017667845,-0.027184466,-0.029227557,2025-06-19,0.007458405048766495,2025,2025-06,2025Q2,2025-W25
708,1739,15,13,15,10,10.0,0.30388692,-0.011428571,-0.020164195,-0.03508772,2025-06-20,0.008625646923519264,2025,2025-06,2025Q2,2025-W25
709,1743,29,15,28,28,11.0,0.2877527,-0.006811989,-0.030120483,-0.042128604,2025-06-23,0.01663798049340218,2025,2025-06,2025Q2,2025-W26
710,1742,18,30,16,15,23.0,0.46682465,0.020718273,-0.009726534,-0.018619098,2025-06-24,0.010332950631458095,2025,2025-06,2025Q2,2025-W26
711,1742,23,18,22,19,11.0,0.49054372,0.0,-0.011554327,-0.0065067094,2025-06-25,0.01320321469575201,2025,2025-06,2025Q2,2025-W26
712,1742,15,23,13,12,14.0,0.5650118,0.0042781187,0.011229251,0.005772654,2025-06-26,0.008610792192881744,2025,2025-06,2025Q2,2025-W26
713,1739,12,15,11,8,12.0,0.59074736,0.002610966,0.025089607,0.0059288535,2025-06-27,0.006900517538815411,2025,2025-06,2025Q2,2025-W26
714,1738,18,12,17,15,9.0,0.4536817,-0.013269821,0.019782413,0.018916722,2025-06-30,0.010356731875719217,2025,2025-06,2025Q2,2025-W27
715,1730,15,18,15,14,13.0,0.5071259,0.0026337234,0.002481847,0.018321339,2025-07-01,0.008670520231213872,2025,2025-07,2025Q3,2025-W27
716,1734,18,15,18,15,13.0,0.5502392,0.00305788,0.0068564955,0.0076980866,2025-07-02,0.010380622837370242,2025,2025-07,2025Q3,2025-W27
717,1746,7,18,7,4,10.0,0.6771084,0.007889823,0.01021295,0.01892057,2025-07-03,0.004009163802978236,2025,2025-07,2025Q3,2025-W27
718,1735,17,7,15,15,2.0,0.46209386,-0.01754386,-0.009922823,-0.00020337156,2025-07-04,0.009798270893371758,2025,2025-07,2025Q3,2025-W27
719,1729,6,17,4,4,10.0,0.37769786,-0.00957265,-0.007827818,-0.003050522,2025-07-07,0.003470213996529786,2025,2025-07,2025Q3,2025-W28
720,1732,16,6,14,16,4.0,0.32014388,-0.009095505,-0.020151261,-0.023654563,2025-07-08,0.009237875288683603,2025,2025-07,2025Q3,2025-W28
721,1734,21,16,16,18,10.0,0.3987879,0.0056497175,-0.017766498,-0.022270208,2025-07-09,0.012110726643598616,2025,2025-07,2025Q3,2025-W28
722,1739,24,21,18,20,10.0,0.40193704,-0.0022055982,-0.027023489,-0.021162037,2025-07-10,0.013801035077630822,2025,2025-07,2025Q3,2025-W28
723,1730,11,24,9,8,15.0,0.5103532,0.0073126145,-0.0020120724,0.0031007752,2025-07-11,0.006358381502890174,2025,2025-07,2025Q3,2025-W28
724,1726,17,11,16,15,6.0,0.454324,-0.009602195,0.0,-0.005598389,2025-07-14,0.009849362688296639,2025,2025-07,2025Q3,2025-W29
725,1728,15,17,15,13,15.0,0.5018496,0.004918033,0.014150944,-0.0028328612,2025-07-15,0.008680555555555556,2025,2025-07,2025Q3,2025-W29
726,1732,17,16,16,17,9.0,0.56666666,0.0012832585,0.010899263,-0.002710943,2025-07-16,0.009815242494226328,2025,2025-07,2025Q3,2025-W29
727,1733,15,17,14,13,15.0,0.7139334,0.011827957,0.02398524,0.02736602,2025-07-17,0.008655510675129832,2025,2025-07,2025Q3,2025-W29
728,1728,18,15,17,14,10.0,0.70186335,-0.0019455253,0.014124294,0.038965184,2025-07-18,0.010416666666666666,2025,2025-07,2025Q3,2025-W29
729,1732,3,18,3,1,12.0,0.6802974,0.0,0.02266289,0.049479168,2025-07-21,0.0017321016166281756,2025,2025-07,2025Q3,2025-W30
730,1734,18,3,18,18,2.0,0.42189422,-0.024390243,-0.006802721,0.0017889087,2025-07-22,0.010380622837370242,2025,2025-07,2025Q3,2025-W30
731,1735,13,18,13,12,15.0,0.62850183,0.019064125,0.008888889,0.01764706,2025-07-23,0.007492795389048991,2025,2025-07,2025Q3,2025-W30
732,1737,11,13,10,8,8.0,0.6756757,0.0023980816,-0.0011832605,0.018173862,2025-07-24,0.0063327576280944155,2025,2025-07,2025Q3,2025-W30
733,1732,19,11,18,16,7.0,0.6412777,-0.0042284997,-0.0026473473,0.011196071,2025-07-25,0.010969976905311778,2025,2025-07,2025Q3,2025-W30
734,1732,8,19,8,5,13.0,0.6414634,0.0012047581,0.0,0.02432919,2025-07-28,0.004618937644341801,2025,2025-07,2025Q3,2025-W31
735,1725,30,8,29,28,8.0,0.53836787,-0.010053805,0.013412816,0.013636364,2025-07-29,0.017391304347826087,2025,2025-07,2025Q3,2025-W31
736,1723,17,30,14,10,16.0,0.6043689,0.0037071393,0.0,0.012781437,2025-07-30,0.009866511897852582,2025,2025-07,2025Q3,2025-W31
737,1731,34,18,33,28,11.0,0.52247876,-0.008247423,-0.013513514,-0.0031347962,2025-07-31,0.019641825534373193,2025,2025-07,2025Q3,2025-W31
738,1733,38,34,36,26,21.0,0.61050063,0.0068259384,0.0,0.024193548,2025-08-01,0.02192729371032891,2025,2025-08,2025Q3,2025-W31
739,1730,29,38,26,20,17.0,0.68599033,0.0038648245,0.0032601592,0.037301607,2025-08-04,0.01676300578034682,2025,2025-08,2025Q3,2025-W32
740,1734,26,29,23,22,16.0,0.73923445,0.007092555,0.022173058,0.05575505,2025-08-05,0.014994232987312572,2025,2025-08,2025Q3,2025-W32
741,1738,25,26,20,19,13.0,0.7132785,-0.0029112082,0.015006822,0.04563492,2025-08-06,0.014384349827387802,2025,2025-08,2025Q3,2025-W32
742,1740,20,25,18,17,20.0,0.7139535,-0.0010683956,0.022448048,0.048650708,2025-08-07,0.011494252873563218,2025,2025-08,2025Q3,2025-W32
743,1738,39,20,35,34,14.0,0.6581986,0.0,0.014378703,0.03742969,2025-08-08,0.02243958573072497,2025,2025-08,2025Q3,2025-W32
744,1734,35,39,32,26,32.0,0.6125714,-0.0028653296,0.0073710075,0.040880505,2025-08-11,0.020184544405997693,2025,2025-08,2025Q3,2025-W33
745,1736,36,35,32,28,23.0,0.6418919,0.004160896,0.004915459,0.039874263,2025-08-12,0.020737327188940093,2025,2025-08,2025Q3,2025-W33
746,1741,39,39,33,30,25.0,0.64849836,0.0,0.009771987,0.034619905,2025-08-13,0.022400919012062034,2025,2025-08,2025Q3,2025-W33
747,1742,48,39,42,38,27.0,0.6967033,0.004975247,0.013998592,0.03395358,2025-08-14,0.027554535017221583,2025,2025-08,2025Q3,2025-W33
748,1741,69,48,63,42,37.0,0.687704,0.0,0.017441861,0.03931848,2025-08-15,0.03963239517518667,2025,2025-08,2025Q3,2025-W33
749,1741,36,69,28,20,51.0,0.70695186,0.004651163,0.0260631,0.04831625,2025-08-18,0.02067777139574957,2025,2025-08,2025Q3,2025-W34
750,1742,22,36,21,12,21.0,0.66239315,-0.007920824,0.011090914,0.062816605,2025-08-19,0.012629161882893225,2025,2025-08,2025Q3,2025-W34
751,1742,40,22,38,33,13.0,0.5179704,-0.020185016,-0.009346361,0.025992624,2025-08-20,0.022962112514351322,2025,2025-08,2025Q3,2025-W34
752,1739,19,40,16,13,29.0,0.62734866,0.011391443,-0.0029284146,0.035886884,2025-08-21,0.010925819436457734,2025,2025-08,2025Q3,2025-W34
753,1740,47,19,46,40,10.0,0.5749741,-0.0074231178,-0.011278195,0.03301887,2025-08-22,0.027011494252873563,2025,2025-08,2025Q3,2025-W34
754,1741,38,47,37,26,38.0,0.676259,0.010449321,-0.005540166,0.04318937,2025-08-25,0.021826536473291212,2025,2025-08,2025Q3,2025-W35
755,1742,47,38,39,38,30.0,0.6659857,0.0,0.0030959751,0.053398058,2025-08-26,0.0269804822043628,2025,2025-08,2025Q3,2025-W35
756,1744,45,47,41,35,40.0,0.72126144,0.0069444445,0.033783782,0.055393588,2025-08-27,0.025802752293577983,2025,2025-08,2025Q3,2025-W35
757,1745,46,45,42,38,35.0,0.71428573,0.0,0.018642984,0.06738719,2025-08-28,0.026361031518624643,2025,2025-08,2025Q3,2025-W35
758,1742,23,46,17,13,40.0,0.662,-0.003527611,0.022807501,0.057028584,2025-08-29,0.01320321469575201,2025,2025-08,2025Q3,2025-W35
759,1739,22,23,17,18,16.0,0.5185185,-0.018181818,-0.0061601643,0.034155596,2025-09-01,0.012650948821161587,2025,2025-09,2025Q3,2025-W36
760,1740,46,22,43,40,14.0,0.4754263,-0.005244755,-0.011904762,0.01904762,2025-09-02,0.026436781609195402,2025,2025-09,2025Q3,2025-W36
761,1744,50,46,45,41,37.0,0.53692615,0.006030303,-0.011976096,0.030943714,2025-09-03,0.028669724770642203,2025,2025-09,2025Q3,2025-W36
762,1740,34,50,32,29,33.0,0.6147705,0.0018348624,-0.01058201,0.03431455,2025-09-04,0.01954022988505747,2025,2025-09,2025Q3,2025-W36
763,1738,32,34,31,27,29.0,0.6206206,0.003003003,-0.004640371,0.038920045,2025-09-05,0.018411967779056387,2025,2025-09,2025Q3,2025-W36
764,1741,18,32,16,15,25.0,0.6339017,0.0025839794,0.014925373,0.045918368,2025-09-08,0.010338885697874785,2025,2025-09,2025Q3,2025-W37
765,1744,40,18,35,35,14.0,0.6126761,-0.0035430277,0.0145489955,0.034342356,2025-09-09,0.022935779816513763,2025,2025-09,2025Q3,2025-W37
766,1746,20,40,12,17,35.0,0.5840886,-0.0011467889,0.0078037903,0.032520324,2025-09-10,0.011454753722794959,2025,2025-09,2025Q3,2025-W37
767,1747,18,20,15,17,12.0,0.40040243,-0.021000385,-0.016666668,0.0027306937,2025-09-11,0.01030337721808815,2025,2025-09,2025Q3,2025-W37
768,1746,22,19,19,16,15.0,0.47135678,0.004347826,-0.014209592,0.0059084194,2025-09-12,0.012600229095074456,2025,2025-09,2025Q3,2025-W37
769,1747,31,23,29,27,15.0,0.40669373,-0.0072376463,-0.023896534,-0.0072788876,2025-09-15,0.017744705208929592,2025,2025-09,2025Q3,2025-W38
770,1748,21,31,18,13,26.0,0.46413934,0.0043597054,-0.013234811,0.0056821443,2025-09-16,0.012013729977116704,2025,2025-09,2025Q3,2025-W38
771,1746,36,21,35,32,18.0,0.43942505,-0.0026455026,-0.015365772,0.028483246,2025-09-17,0.020618556701030927,2025,2025-09,2025Q3,2025-W38
772,1745,22,36,20,17,30.0,0.52298266,0.007978723,0.01010101,0.02208202,2025-09-18,0.012607449856733524,2025,2025-09,2025Q3,2025-W38
773,1743,27,22,27,20,18.0,0.51321137,-0.0015974481,0.0061874613,0.029300282,2025-09-19,0.01549053356282272,2025,2025-09,2025Q3,2025-W38
774,1745,18,27,17,17,22.0,0.5204499,0.0013900964,0.013473084,0.01651026,2025-09-22,0.010315186246418338,2025,2025-09,2025Q3,2025-W39
775,1745,21,18,20,20,14.0,0.48825333,-0.005235602,0.004518072,0.00907441,2025-09-23,0.012034383954154728,2025,2025-09,2025Q3,2025-W39
776,1736,14,21,12,13,18.0,0.47888774,-0.0015267176,0.0048019206,0.0,2025-09-24,0.008064516129032258,2025,2025-09,2025Q3,2025-W39
777,1735,11,14,10,8,7.0,0.49068323,-0.0017953842,-0.0056737703,-0.0016319925,2025-09-25,0.006340057636887608,2025,2025-09,2025Q3,2025-W39
778,1738,31,11,28,29,7.0,0.33125,-0.021421079,-0.02464711,-0.021231096,2025-09-26,0.017836593785960874,2025,2025-09,2025Q3,2025-W39
779,1737,18,30,18,11,23.0,0.44642857,0.012108993,-0.014616343,0.0063713756,2025-09-30,0.010362694300518135,2025,2025-09,2025Q3,2025-W40
780,1733,20,18,18,15,11.0,0.40169132,-0.004555809,-0.0122704,0.0050940756,2025-10-01,0.01154068090017311,2025,2025-10,2025Q4,2025-W40
781,1739,22,21,20,16,14.0,0.3855165,-0.004310345,-0.016438356,-0.0031948881,2025-10-02,0.012650948821161587,2025,2025-10,2025Q4,2025-W40
782,1742,24,22,20,19,17.0,0.39251336,-0.0012690355,-0.017377567,-0.013157895,2025-10-03,0.013777267508610792,2025,2025-10,2025Q4,2025-W40
783,1738,16,24,14,10,21.0,0.4457447,0.005472458,0.010477526,-0.009713722,2025-10-07,0.009205983889528193,2025,2025-10,2025Q4,2025-W41
784,1737,27,16,23,21,11.0,0.45037353,0.0,-0.0032573289,-0.015576324,2025-10-08,0.015544041450777202,2025,2025-10,2025Q4,2025-W41
785,1741,24,27,24,19,19.0,0.44051448,-0.0025906735,-0.002016129,-0.00862069,2025-10-09,0.013785180930499713,2025,2025-10,2025Q4,2025-W41
786,1738,15,23,10,12,18.0,0.38313767,-0.014240506,-0.008101852,-0.01953125,2025-10-13,0.00863060989643268,2025,2025-10,2025Q4,2025-W42
787,1736,28,15,27,26,10.0,0.2974138,-0.016920479,-0.021924514,-0.011911856,2025-10-14,0.016129032258064516,2025,2025-10,2025Q4,2025-W42
788,1737,17,29,16,11,23.0,0.3566058,0.0045731706,-0.023498695,-0.013157895,2025-10-15,0.00978698906160046,2025,2025-10,2025Q4,2025-W42
789,1735,21,17,19,15,14.0,0.42105263,0.009039548,-0.012658228,-0.0029850747,2025-10-16,0.012103746397694525,2025,2025-10,2025Q4,2025-W42
790,1735,41,21,36,30,14.0,0.40430108,-0.0069244113,-0.015311567,-0.011641818,2025-10-17,0.02363112391930836,2025,2025-10,2025Q4,2025-W42
791,1736,32,41,30,24,34.0,0.41837838,0.001369863,-0.0020449897,-0.00608828,2025-10-20,0.018433179723502304,2025,2025-10,2025Q4,2025-W43
792,1734,22,32,22,20,23.0,0.4907909,0.0051020407,0.022624435,-0.009756098,2025-10-21,0.012687427912341407,2025,2025-10,2025Q4,2025-W43
793,1730,13,22,9,10,14.0,0.54884744,0.0030864198,0.019790454,-0.0041237115,2025-10-22,0.007514450867052023,2025,2025-10,2025Q4,2025-W43
794,1734,30,13,21,25,8.0,0.49779248,-0.0071733817,0.002293867,-0.0133939255,2025-10-23,0.01730103806228374,2025,2025-10,2025Q4,2025-W43
795,1738,14,30,11,8,24.0,0.5288248,0.0021810355,0.01219349,-0.008211385,2025-10-27,0.00805523590333717,2025,2025-10,2025Q4,2025-W44
796,1736,22,14,19,17,10.0,0.47150838,-0.009118541,0.0,-0.015974442,2025-10-28,0.012672811059907835,2025,2025-10,2025Q4,2025-W44
797,1739,16,22,15,11,18.0,0.47986576,0.0,-0.0064828014,-0.012200233,2025-10-29,0.009200690051753882,2025,2025-10,2025Q4,2025-W44
798,1737,14,16,12,13,11.0,0.42600897,-0.008257644,-0.01834901,0.0,2025-10-30,0.008059873344847437,2025,2025-10,2025Q4,2025-W44
799,1735,25,14,23,20,10.0,0.41143498,-0.0029705884,-0.016047431,-0.013544087,2025-10-31,0.01440922190201729,2025,2025-10,2025Q4,2025-W44
800,1730,8,25,7,6,17.0,0.43143812,0.0,-0.017221585,-0.009060022,2025-11-03,0.004624277456647399,2025,2025-11,2025Q4,2025-W45
801,1729,16,8,16,14,5.0,0.30965593,-0.017316017,-0.02186589,-0.018918918,2025-11-04,0.009253903990746095,2025,2025-11,2025Q4,2025-W45
802,1733,26,16,25,21,7.0,0.29032257,-0.0044247787,-0.026392963,-0.022377623,2025-11-05,0.015002885170225043,2025,2025-11,2025Q4,2025-W45
803,1731,20,26,20,17,16.0,0.37513998,0.009615385,-0.008403362,-0.017391304,2025-11-06,0.011554015020219527,2025,2025-11,2025Q4,2025-W45
804,1728,23,20,18,19,13.0,0.33184358,-0.0137795275,-0.020100502,-0.02507837,2025-11-07,0.013310185185185185,2025,2025-11,2025Q4,2025-W45
805,1734,26,23,24,20,19.0,0.318743,-0.004411765,-0.024390243,-0.030909091,2025-11-10,0.014994232987312572,2025,2025-11,2025Q4,2025-W46
806,1738,30,28,30,22,21.0,0.32844242,-0.0010456042,-0.0088557545,-0.02196819,2025-11-11,0.01726121979286536,2025,2025-11,2025Q4,2025-W46
807,1734,30,29,27,20,25.0,0.40944883,0.009652509,0.0026954177,-0.0014684288,2025-11-12,0.01730103806228374,2025,2025-11,2025Q4,2025-W46
808,1732,16,30,14,12,27.0,0.4293722,0.0,-0.006417296,-0.0022129202,2025-11-13,0.009237875288683603,2025,2025-11,2025Q4,2025-W46
809,1735,15,17,13,13,10.0,0.35523385,-0.014880952,-0.0069364253,-0.024176553,2025-11-14,0.008645533141210375,2025,2025-11,2025Q4,2025-W46
810,1737,5,15,4,3,11.0,0.3207127,-0.01077768,-0.012692145,-0.028469842,2025-11-17,0.0028785261945883708,2025,2025-11,2025Q4,2025-W47
811,1738,6,5,6,5,3.0,0.2080089,-0.023529412,-0.0343075,-0.05549133,2025-11-18,0.0034522439585730723,2025,2025-11,2025Q4,2025-W47
812,1736,17,6,14,17,4.0,0.18861607,-0.009338663,-0.054616477,-0.067588076,2025-11-19,0.009792626728110598,2025,2025-11,2025Q4,2025-W47
813,1733,7,17,6,6,17.0,0.26853934,0.01712656,-0.037508238,-0.05383427,2025-11-20,0.004039238315060588,2025,2025-11,2025Q4,2025-W47
814,1734,23,7,22,20,6.0,0.18397291,-0.023778113,-0.04638087,-0.069852546,2025-11-21,0.0132641291810842,2025,2025-11,2025Q4,2025-W47
815,1732,27,23,22,19,17.0,0.2582857,0.009469697,-0.026431719,-0.06834031,2025-11-24,0.01558891454965358,2025,2025-11,2025Q4,2025-W48
816,1734,34,27,33,30,26.0,0.29485714,0.0116959065,0.0074626864,-0.047146402,2025-11-25,0.0196078431372549,2025,2025-11,2025Q4,2025-W48
817,1729,20,34,19,18,29.0,0.44788086,0.015521064,0.033383913,-0.031728666,2025-11-26,0.01156737998843262,2025,2025-11,2025Q4,2025-W48
818,1727,18,20,17,14,19.0,0.51907516,0.0040983604,0.019607844,-0.019390581,2025-11-27,0.010422698320787493,2025,2025-11,2025Q4,2025-W48
819,1735,20,18,19,18,14.0,0.585168,0.004250797,0.049050633,-0.014634146,2025-11-28,0.011527377521613832,2025,2025-11,2025Q4,2025-W48
820,1737,22,20,20,16,12.0,0.5203725,-0.007894737,0.030075189,-0.026927784,2025-12-01,0.012665515256188831,2025,2025-12,2025Q4,2025-W49
821,1737,26,22,24,20,15.0,0.54577464,0.0,0.018576955,-0.007952457,2025-12-02,0.014968336211859529,2025,2025-12,2025Q4,2025-W49
822,1737,24,26,21,19,19.0,0.64478314,0.005,0.009259259,-0.001447178,2025-12-03,0.013816925734024179,2025,2025-12,2025Q4,2025-W49
823,1736,16,24,14,12,15.0,0.69859815,0.0012049014,0.007559431,-0.0037210882,2025-12-04,0.009216589861751152,2025,2025-12,2025Q4,2025-W49
824,1734,28,16,27,26,10.0,0.6420188,-0.0041610156,0.0,0.005745137,2025-12-05,0.016147635524798153,2025,2025-12,2025Q4,2025-W49
825,1734,25,28,24,20,20.0,0.69549763,0.0012613229,0.009515446,0.011804646,2025-12-08,0.01441753171856978,2025,2025-12,2025Q4,2025-W50
826,1738,24,27,21,19,20.0,0.67466986,0.0,0.0075839655,0.011180124,2025-12-09,0.01380897583429229,2025,2025-12,2025Q4,2025-W50
827,1741,29,24,27,26,14.0,0.61944777,-0.004909984,-0.0037950664,-0.0032786885,2025-12-10,0.01665709362435382,2025,2025-12,2025Q4,2025-W50
828,1737,20,29,18,13,21.0,0.611244,-0.0012870545,-0.0072562,-0.0035588993,2025-12-11,0.011514104778353483,2025,2025-12,2025Q4,2025-W50
829,1741,35,20,32,25,15.0,0.64635605,0.0016233766,0.0,0.010989011,2025-12-12,0.020103388856978748,2025,2025-12,2025Q4,2025-W50
830,1747,25,36,25,14,23.0,0.6577993,0.0,-0.0031152647,0.020746889,2025-12-15,0.014310246136233544,2025,2025-12,2025Q4,2025-W51
831,1741,29,25,27,24,15.0,0.49819493,-0.012631579,-0.0147929,0.029288704,2025-12-16,0.01665709362435382,2025,2025-12,2025Q4,2025-W51
832,1735,9,29,9,9,16.0,0.51753324,0.0,-0.008130081,0.039915968,2025-12-17,0.005187319884726225,2025,2025-12,2025Q4,2025-W51
833,1739,15,9,15,15,9.0,0.4557576,-0.0063965884,-0.012569833,0.018181818,2025-12-18,0.008625646923519264,2025,2025-12,2025Q4,2025-W51
834,1746,33,15,32,28,10.0,0.53846157,0.009090909,-0.0054945056,0.05467372,2025-12-19,0.018900343642611683,2025,2025-12,2025Q4,2025-W51
835,1745,23,34,23,14,26.0,0.6529625,0.0121951215,0.004347826,0.058479533,2025-12-22,0.013180515759312322,2025,2025-12,2025Q4,2025-W52
836,1743,12,23,12,10,19.0,0.62846804,-0.0019569471,0.016438356,0.04494382,2025-12-23,0.0068846815834767644,2025,2025-12,2025Q4,2025-W52
837,1745,26,12,24,23,9.0,0.5755396,-0.0036867142,0.011913717,0.028616924,2025-12-24,0.01489971346704871,2025,2025-12,2025Q4,2025-W52
838,1746,31,26,28,19,18.0,0.5911271,0.0,0.017920088,0.023355018,2025-12-26,0.017754868270332187,2025,2025-12,2025Q4,2025-W52
839,1746,23,31,21,16,23.0,0.6079137,0.0,0.009939772,0.017985769,2025-12-29,0.013172966781214204,2025,2025-12,2025Q4,2026-W01
840,1747,23,23,22,16,14.0,0.5502392,-0.0039254213,-0.0036529955,0.024748664,2025-12-30,0.01316542644533486,2025,2025-12,2025Q4,2026-W01
841,1750,43,23,40,33,15.0,0.5315852,-0.0041067763,-0.0066115703,0.021875,2025-12-31,0.02457142857142857,2025,2025-12,2025Q4,2026-W01
842,1753,35,43,31,23,31.0,0.5699052,0.0038548028,0.0,0.019153958,2026-01-02,0.019965772960638905,2026,2026-01,2026Q1,2026-W01
843,1754,33,35,32,25,23.0,0.488345,-0.011759493,-0.013253816,0.003332668,2026-01-05,0.018814139110604332,2026,2026-01,2026Q1,2026-W02
844,1752,49,33,42,36,26.0,0.54176337,0.0043010954,-0.007806406,0.016330235,2026-01-06,0.027968036529680364,2026,2026-01,2026Q1,2026-W02
845,1751,33,49,30,24,36.0,0.6255708,0.007387046,0.0059256447,0.021436252,2026-01-07,0.018846373500856654,2026,2026-01,2026Q1,2026-W02
846,1752,34,33,33,29,23.0,0.56738394,-0.009049774,0.003327787,0.0122631,2026-01-08,0.019406392694063926,2026,2026-01,2026Q1,2026-W02
847,1755,56,34,48,48,29.0,0.59659094,0.00189042,0.001369863,0.020254286,2026-01-09,0.03190883190883191,2026,2026-01,2026Q1,2026-W02
848,1757,35,56,30,20,45.0,0.69673055,0.0121951215,0.024896266,0.034920637,2026-01-12,0.0199203187250996,2026,2026-01,2026Q1,2026-W03
849,1757,71,35,65,58,22.0,0.63727677,-0.0061601643,0.012462994,0.028354436,2026-01-13,0.040409789413773475,2026,2026-01,2026Q1,2026-W03
850,1758,40,71,38,29,47.0,0.757377,0.014729951,0.018404908,0.044397462,2026-01-14,0.022753128555176336,2026,2026-01,2026Q1,2026-W03
851,1758,54,40,51,40,31.0,0.7524324,0.0,0.028901733,0.05482456,2026-01-15,0.030716723549488054,2026,2026-01,2026Q1,2026-W03
852,1759,68,54,62,42,33.0,0.7219873,-0.003364231,0.024599236,0.054496318,2026-01-16,0.038658328595793066,2026,2026-01,2026Q1,2026-W03
853,1759,50,68,47,36,47.0,0.73913044,0.0062114196,0.021005608,0.07719678,2026-01-19,0.028425241614553724,2026,2026-01,2026Q1,2026-W04
854,1756,33,50,31,23,36.0,0.72773796,-0.0031847134,0.023170732,0.067073174,2026-01-20,0.01879271070615034,2026,2026-01,2026Q1,2026-W04
855,1756,41,33,35,32,20.0,0.6257607,-0.013888889,-0.0072720097,0.038132373,2026-01-21,0.02334851936218679,2026,2026-01,2026Q1,2026-W04
856,1757,41,41,37,36,31.0,0.65863454,0.0041831583,0.0,0.04776162,2026-01-22,0.02333523050654525,2026,2026-01,2026Q1,2026-W04
857,1757,60,41,54,44,30.0,0.67761195,0.0,0.0012953368,0.053742804,2026-01-23,0.03414911781445646,2026,2026-01,2026Q1,2026-W04
858,1759,45,60,40,36,47.0,0.72321427,0.0051041665,0.0021740054,0.06187083,2026-01-26,0.025582717453098352,2026,2026-01,2026Q1,2026-W05
859,1761,45,45,39,32,31.0,0.67556876,-0.007079646,-0.004201681,0.047463175,2026-01-27,0.02555366269165247,2026,2026-01,2026Q1,2026-W05
860,1760,20,45,19,12,32.0,0.66831684,0.0,0.008460334,0.05628696,2026-01-28,0.011363636363636364,2026,2026-01,2026Q1,2026-W05
861,1762,18,20,17,13,13.0,0.5673828,-0.012495698,-0.0067700995,0.0448649,2026-01-29,0.01021566401816118,2026,2026-01,2026Q1,2026-W05
862,1763,17,18,16,10,15.0,0.39648438,-0.020176318,-0.02741434,0.017440535,2026-01-30,0.009642654566080544,2026,2026-01,2026Q1,2026-W05
863,1761,39,17,36,34,11.0,0.2664055,-0.020491803,-0.05248619,0.011210762,2026-02-02,0.022146507666098807,2026,2026-02,2026Q1,2026-W06
864,1759,47,40,47,35,33.0,0.30088496,0.00672043,-0.039215688,0.009433962,2026-02-03,0.0267197271176805,2026,2026-02,2026Q1,2026-W06
865,1757,28,47,25,20,41.0,0.40508807,0.013407838,-0.02526164,0.016254123,2026-02-04,0.01593625498007968,2026,2026-02,2026Q1,2026-W06
866,1759,10,28,9,10,20.0,0.33496094,-0.011278586,-0.024404425,0.00999168,2026-02-05,0.005685048322910745,2026,2026-02,2026Q1,2026-W06
867,1758,36,10,27,32,7.0,0.21862745,-0.01920005,-0.023501795,-0.004334203,2026-02-06,0.020477815699658702,2026,2026-02,2026Q1,2026-W06
868,1762,19,36,17,18,32.0,0.27165353,0.0043957955,0.001705093,-0.012363639,2026-02-09,0.010783200908059024,2026,2026-02,2026Q1,2026-W07
869,1766,24,19,22,21,19.0,0.2764067,0.0,-0.0042689433,-0.007490637,2026-02-10,0.013590033975084938,2026,2026-02,2026Q1,2026-W07
870,1766,74,24,68,62,18.0,0.31422925,0.00051546394,-0.018113218,-0.021934219,2026-02-11,0.04190260475651189,2026,2026-02,2026Q1,2026-W07
871,1767,63,74,60,26,66.0,0.45895153,0.021276595,0.012539185,-0.0091743115,2026-02-23,0.035653650254668934,2026,2026-02,2026Q1,2026-W09
872,1768,58,63,49,39,56.0,0.55445546,0.0061444077,0.03663566,-0.0042315787,2026-02-24,0.032805429864253395,2026,2026-02,2026Q1,2026-W09
873,1767,66,58,57,46,51.0,0.5805806,0.0,0.034591194,-0.007067138,2026-02-25,0.03735144312393888,2026,2026-02,2026Q1,2026-W09
874,1769,66,66,61,36,59.0,0.63908273,0.0054054055,0.041666668,0.0021276595,2026-02-26,0.03730921424533635,2026,2026-02,2026Q1,2026-W09
875,1771,30,66,24,16,60.0,0.61623245,-0.0064146873,0.035631485,0.0076555093,2026-03-02,0.01693958215697346,2026,2026-03,2026Q1,2026-W10
876,1769,10,30,7,6,22.0,0.488,-0.01857603,-0.0055147805,-0.013883292,2026-03-03,0.005652911249293386,2026,2026-03,2026Q1,2026-W10
877,1769,47,10,39,44,4.0,0.26693228,-0.050025024,-0.056186255,-0.0562249,2026-03-04,0.026568682871678916,2026,2026-03,2026Q1,2026-W10
878,1770,49,47,44,39,40.0,0.3945783,0.024631636,-0.036502145,-0.04208067,2026-03-05,0.02768361581920904,2026,2026-03,2026Q1,2026-W10
879,1771,16,49,9,6,39.0,0.4451158,0.0026666666,-0.0375,-0.02982456,2026-03-06,0.009034443817052512,2026,2026-03,2026Q1,2026-W10
880,1771,37,16,30,33,11.0,0.22750252,-0.05050505,-0.08048511,-0.071428575,2026-03-09,0.020892151326933936,2026,2026-03,2026Q1,2026-W11
881,1773,100,37,86,83,31.0,0.30816326,0.015974604,-0.0472973,-0.046179235,2026-03-10,0.05640157924421884,2026,2026-03,2026Q1,2026-W11
882,1771,62,99,51,32,89.0,0.48665297,0.027057532,0.024189308,-0.0073717195,2026-03-11,0.03500846979107849,2026,2026-03,2026Q1,2026-W11
883,1770,51,62,49,34,53.0,0.45679012,-0.0049386765,-0.0037702997,0.008288013,2026-03-12,0.0288135593220339,2026,2026-03,2026Q1,2026-W11
884,1774,68,52,59,46,46.0,0.4902564,0.0,-0.006688963,0.007002801,2026-03-13,0.038331454340473504,2026,2026-03,2026Q1,2026-W11
885,1774,68,68,57,42,56.0,0.5194274,0.0041534924,0.049245924,0.0,2026-03-16,0.038331454340473504,2026,2026-03,2026Q1,2026-W12
886,1776,79,68,63,56,61.0,0.604251,0.009794328,0.04260259,0.02487263,2026-03-17,0.04448198198198198,2026,2026-03,2026Q1,2026-W12
887,1777,56,79,53,35,68.0,0.64192575,0.005,0.021912351,0.05263158,2026-03-18,0.031513787281935844,2026,2026-03,2026Q1,2026-W12
888,1778,50,56,36,38,51.0,0.542,-0.011809871,0.01361206,0.034752253,2026-03-19,0.0281214848143982,2026,2026-03,2026Q1,2026-W12
889,1779,21,50,18,15,39.0,0.5353234,-0.003868472,0.011816839,0.030487806,2026-03-20,0.011804384485666104,2026,2026-03,2026Q1,2026-W12
890,1775,18,21,14,17,16.0,0.3942116,-0.025083892,-0.016211966,0.0042044213,2026-03-23,0.010140845070422535,2026,2026-03,2026Q1,2026-W13
891,1775,65,18,58,62,15.0,0.37986043,-0.0035273368,-0.030023094,-0.016949153,2026-03-24,0.036619718309859155,2026,2026-03,2026Q1,2026-W13
892,1775,35,65,28,26,57.0,0.48797596,0.017324675,-0.01815646,-0.00974099,2026-03-25,0.01971830985915493,2026,2026-03,2026Q1,2026-W13
893,1775,37,35,36,25,25.0,0.46686748,-0.008409254,-0.015732927,-0.019971509,2026-03-26,0.020845070422535212,2026,2026-03,2026Q1,2026-W13
894,1774,42,37,38,30,26.0,0.47918782,0.0,-0.01438849,-0.028846154,2026-03-27,0.02367531003382187,2026,2026-03,2026Q1,2026-W13
895,1778,11,42,8,5,32.0,0.41200408,-0.015604681,-0.005,-0.038557213,2026-03-30,0.006186726659167604,2026,2026-03,2026Q1,2026-W14
896,1780,62,11,58,60,5.0,0.27207392,-0.026829269,-0.027440177,-0.048133664,2026-03-31,0.0348314606741573,2026,2026-03,2026Q1,2026-W14
897,1779,28,62,24,16,52.0,0.40145227,0.02260959,-0.022727273,0.015968129,2026-04-01,0.015739179314221474,2026,2026-04,2026Q2,2026-W14
898,1776,55,28,43,45,18.0,0.34060228,-0.012793177,-0.025316456,-0.015209125,2026-04-02,0.030968468468468468,2026,2026-04,2026Q2,2026-W14
899,1780,104,55,88,85,43.0,0.39270833,0.0016130374,-0.022592897,-0.017246507,2026-04-07,0.058426966292134834,2026,2026-04,2026Q2,2026-W15
900,1779,61,104,55,38,95.0,0.53541666,0.025932541,0.0130293155,0.047893424,2026-04-08,0.034288926363125354,2026,2026-04,2026Q2,2026-W15
901,1779,70,61,60,55,56.0,0.5177453,-0.0024039017,0.035811808,0.030521413,2026-04-09,0.03934794828555368,2026,2026-04,2026Q2,2026-W15
902,1781,113,70,94,81,58.0,0.5553236,0.0030213962,0.017403925,0.014718797,2026-04-10,0.06344750140370578,2026,2026-04,2026Q2,2026-W15
903,1782,56,113,39,34,87.0,0.6022965,0.004958691,0.043225527,0.024175324,2026-04-13,0.031425364758698095,2026,2026-04,2026Q2,2026-W16
904,1784,63,56,53,47,45.0,0.6683884,0.004374773,0.050387938,0.031152673,2026-04-14,0.03531390134529148,2026,2026-04,2026Q2,2026-W16
905,1786,69,63,61,53,49.0,0.6903292,0.001966616,0.020170076,0.02876342,2026-04-15,0.03863381858902576,2026,2026-04,2026Q2,2026-W16
906,1785,90,69,83,64,56.0,0.7510246,0.006534636,0.03473395,0.026961157,2026-04-16,0.05042016806722689,2026,2026-04,2026Q2,2026-W16
907,1791,115,90,92,77,76.0,0.7527862,0.0026737968,0.03631285,0.026548672,2026-04-17,0.06420993858179788,2026,2026-04,2026Q2,2026-W16
908,1792,93,115,75,61,100.0,0.7502528,0.0023446658,0.03147208,0.042979944,2026-04-20,0.05189732142857143,2026,2026-04,2026Q2,2026-W17
909,1791,96,93,87,63,63.0,0.7823887,0.0042891484,0.03175537,0.05128803,2026-04-21,0.05360134003350084,2026,2026-04,2026Q2,2026-W17
910,1790,31,95,22,13,74.0,0.7775551,0.0023452106,0.034947008,0.09422244,2026-04-22,0.017318435754189943,2026,2026-04,2026Q2,2026-W17
911,1789,41,31,36,34,25.0,0.617734,-0.032828283,-0.009022556,0.06063947,2026-04-23,0.022917831190609278,2026,2026-04,2026Q2,2026-W17
912,1787,36,41,30,26,30.0,0.5809893,-0.008741259,-0.018499486,0.037113402,2026-04-24,0.020145495243424735,2026,2026-04,2026Q2,2026-W17
913,1788,65,36,59,56,27.0,0.53691274,-0.0102739725,-0.029850746,0.037037037,2026-04-27,0.036353467561521254,2026,2026-04,2026Q2,2026-W18
914,1788,50,65,47,35,55.0,0.58627266,0.0064683054,-0.027906977,0.042056076,2026-04-28,0.02796420581655481,2026,2026-04,2026Q2,2026-W18
915,1791,44,50,38,32,41.0,0.60438514,0.0,-0.035519127,0.060283687,2026-04-29,0.024567280848687884,2026,2026-04,2026Q2,2026-W18
916,1794,90,44,77,72,34.0,0.5509039,-0.004950495,-0.011267605,0.09249334,2026-04-30,0.05016722408026756,2026,2026-04,2026Q2,2026-W18
917,1791,85,90,76,56,81.0,0.6079171,0.0114722755,0.005905512,0.0862069,2026-05-04,0.047459519821328865,2026,2026-05,2026Q2,2026-W19
918,1792,44,85,30,29,75.0,0.6585594,0.010752688,0.030037547,0.115485564,2026-05-05,0.024553571428571428,2026,2026-05,2026Q2,2026-W19
919,1798,88,44,76,72,38.0,0.62465245,-0.004901961,0.019543974,0.11293635,2026-05-06,0.048943270300333706,2026,2026-05,2026Q2,2026-W19
920,1798,44,88,34,33,75.0,0.64889705,0.006866998,0.028010404,0.08350767,2026-05-07,0.024471635150166853,2026,2026-05,2026Q2,2026-W19
921,1798,96,44,87,81,36.0,0.5896964,-0.00921659,0.021052632,0.075851396,2026-05-08,0.05339265850945495,2026,2026-05,2026Q2,2026-W19
922,1802,72,96,61,42,85.0,0.6144029,0.0074786325,0.017899761,0.07263514,2026-05-11,0.03995560488346282,2026,2026-05,2026Q2,2026-W20
923,1795,51,71,47,35,58.0,0.5867393,-0.0055350554,0.0,0.05730659,2026-05-12,0.02841225626740947,2026,2026-05,2026Q2,2026-W20
924,1797,61,51,49,48,34.0,0.5235935,-0.011764706,-0.0042794896,0.038072802,2026-05-13,0.03394546466332777,2026,2026-05,2026Q2,2026-W20
925,1805,42,61,35,32,46.0,0.5148515,-0.004474273,-0.013157895,0.026515152,2026-05-14,0.02326869806094183,2026,2026-05,2026Q2,2026-W20
926,1805,58,42,53,47,34.0,0.4421338,-0.015350951,-0.023255814,0.0049204994,2026-05-15,0.03213296398891967,2026,2026-05,2026Q2,2026-W20
927,1804,35,58,28,22,50.0,0.4606335,0.0,-0.025179856,-0.0021367522,2026-05-18,0.019401330376940133,2026,2026-05,2026Q2,2026-W21
928,1804,54,35,52,47,26.0,0.42038217,-0.007843138,-0.029535865,-0.0074294205,2026-05-19,0.02993348115299335,2026,2026-05,2026Q2,2026-W21
929,1803,102,54,88,81,44.0,0.4347032,0.0,-0.018666666,-0.016427105,2026-05-20,0.056572379367720464,2026,2026-05,2026Q2,2026-W21
930,1804,109,102,95,69,92.0,0.579763,0.02134647,0.0042918455,-0.0038314175,2026-05-21,0.06042128603104213,2026,2026-05,2026Q2,2026-W21
931,1805,121,109,93,68,101.0,0.662037,0.016997173,0.038079068,0.04624027,2026-05-22,0.06703601108033241,2026,2026-05,2026Q2,2026-W21
932,1806,81,121,65,49,108.0,0.6865809,0.0085916,0.04933863,0.06526175,2026-05-25,0.044850498338870434,2026,2026-05,2026Q2,2026-W22
933,1807,47,81,34,31,72.0,0.6860037,-0.0026535601,0.058538057,0.07887451,2026-05-26,0.026009961261759824,2026,2026-05,2026Q2,2026-W22
934,1810,61,47,48,46,35.0,0.6392694,-0.009803922,0.047775947,0.057291668,2026-05-27,0.03370165745856354,2026,2026-05,2026Q2,2026-W22
935,1814,77,61,61,60,46.0,0.5630631,-0.008304503,0.008888909,0.043672927,2026-05-28,0.04244762954796031,2026,2026-05,2026Q2,2026-W22
936,1814,108,78,85,75,66.0,0.6550179,0.012825159,0.006705325,0.063325405,2026-05-29,0.05953693495038589,2026,2026-05,2026Q2,2026-W22
937,1815,80,108,56,44,89.0,0.7659575,0.012152275,0.015097283,0.069089174,2026-06-01,0.0440771349862259,2026,2026-06,2026Q2,2026-W23
938,1816,102,80,87,79,62.0,0.7375328,-0.0035211267,0.014285714,0.05291723,2026-06-02,0.05616740088105727,2026,2026-06,2026Q2,2026-W23
939,1816,66,103,56,40,86.0,0.82469773,0.011401428,0.036242656,0.073621705,2026-06-03,0.03634361233480176,2026,2026-06,2026Q2,2026-W23
940,1816,47,66,45,38,49.0,0.76666665,-0.0073282616,0.036496837,0.058952246,2026-06-04,0.025881057268722467,2026,2026-06,2026Q2,2026-W23
941,1819,28,47,27,15,34.0,0.7139219,-0.010673445,0.015235437,0.05261749,2026-06-05,0.015393073117097306,2026,2026-06,2026Q2,2026-W23
942,1821,106,28,98,97,25.0,0.49532712,-0.038617887,-0.038869258,0.010791367,2026-06-08,0.058209774848984076,2026,2026-06,2026Q2,2026-W24
943,1821,32,106,30,26,92.0,0.58788395,0.017760197,-0.018307019,0.034286834,2026-06-09,0.01757276221856123,2026,2026-06,2026Q2,2026-W24
944,1821,42,32,37,37,21.0,0.4799659,-0.028368793,-0.060606062,0.02631579,2026-06-10,0.023064250411861616,2026,2026-06,2026Q2,2026-W24
945,1819,65,42,51,50,36.0,0.44529262,-0.004950495,-0.053097345,0.024875622,2026-06-11,0.035733919736118745,2026,2026-06,2026Q2,2026-W24
946,1819,101,65,83,76,59.0,0.53282183,0.013667426,-0.028301887,0.049603175,2026-06-12,0.055525013743815285,2026,2026-06,2026Q2,2026-W24
947,1820,51,101,44,28,91.0,0.6023789,0.012091898,0.023049645,0.062166963,2026-06-15,0.028021978021978023,2026,2026-06,2026Q2,2026-W25
948,1820,66,51,64,53,44.0,0.52457625,-0.009868421,-0.0068971347,0.058918823,2026-06-16,0.03626373626373627,2026,2026-06,2026Q2,2026-W25
949,1820,95,66,86,70,60.0,0.572758,0.007162093,0.023314051,0.06179136,2026-06-17,0.0521978021978022,2026,2026-06,2026Q2,2026-W25
950,1822,115,95,91,77,88.0,0.5962838,0.00776702,0.037313953,0.050128855,2026-06-18,0.06311745334796927,2026,2026-06,2026Q2,2026-W25
951,1821,39,115,29,18,103.0,0.64760303,0.0056497175,0.029885057,0.047826085,2026-06-22,0.0214168039538715,2026,2026-06,2026Q2,2026-W26
952,1825,51,39,47,42,32.0,0.5320946,-0.01831979,0.0,0.024281671,2026-06-23,0.027945205479452055,2026,2026-06,2026Q2,2026-W26
953,1823,39,51,34,28,45.0,0.5300593,0.0,0.0064935065,0.026415095,2026-06-24,0.021393307734503566,2026,2026-06,2026Q2,2026-W26
954,1823,14,39,13,7,37.0,0.5059322,-0.0058479533,-0.0052357456,0.02835919,2026-06-25,0.007679648930334613,2026,2026-06,2026Q2,2026-W26
955,1826,35,14,33,29,12.0,0.30960548,-0.036537267,-0.044892535,0.006768209,2026-06-26,0.019167579408543262,2026,2026-06,2026Q2,2026-W26
956,1823,99,35,91,86,28.0,0.35431033,0.004494405,-0.049891375,-3.5387202e-05,2026-06-29,0.05430608886450905,2026,2026-06,2026Q2,2026-W27
957,1822,66,99,53,42,93.0,0.45945945,0.019021738,-0.0124223605,-0.0014104373,2026-06-30,0.036223929747530186,2026,2026-06,2026Q2,2026-W27
958,1823,83,66,81,64,54.0,0.45991188,-0.004784689,-0.016393442,-0.0014409221,2026-07-01,0.04552934722984092,2026,2026-07,2026Q3,2026-W27
959,1831,87,83,81,70,69.0,0.55377775,0.008695652,0.0,-0.0069444445,2026-07-02,0.047515019115237575,2026,2026-07,2026Q3,2026-W27
960,1833,58,87,49,45,68.0,0.7059875,0.013333334,0.047957372,0.01178782,2026-07-03,0.031642116748499725,2026,2026-07,2026Q3,2026-W27
961,1832,9,58,6,7,47.0,0.7074708,0.0015174507,0.04408353,0.020236088,2026-07-06,0.0049126637554585155,2026,2026-07,2026Q3,2026-W28
962,1833,33,9,30,32,7.0,0.47563177,-0.0335311,-0.0029134043,0.028859297,2026-07-07,0.01800327332242226,2026,2026-07,2026Q3,2026-W28
963,1832,41,33,36,34,26.0,0.44886878,-0.0035842294,0.0,0.007900678,2026-07-08,0.02237991266375546,2026,2026-07,2026Q3,2026-W28
964,1834,44,41,23,36,36.0,0.43418646,-0.0046270774,-0.01613905,0.023358904,2026-07-09,0.023991275899672846,2026,2026-07,2026Q3,2026-W28
965,1837,20,45,19,14,40.0,0.36672795,-0.012738742,-0.04341543,0.01664473,2026-07-13,0.010887316276537834,2026,2026-07,2026Q3,2026-W29
966,1837,54,20,52,47,15.0,0.27431193,-0.022326222,-0.06956723,-0.016415926,2026-07-14,0.02939575394665215,2026,2026-07,2026Q3,2026-W29
967,1833,26,54,22,16,43.0,0.36783734,0.014943983,-0.019854827,-0.015833132,2026-07-15,0.014184397163120567,2026,2026-07,2026Q3,2026-W29
968,1837,7,27,5,4,20.0,0.3444754,-0.010349289,-0.025104603,-0.012738854,2026-07-16,0.003810560696788242,2026,2026-07,2026Q3,2026-W29
969,1841,17,7,16,15,2.0,0.19127205,-0.05700483,-0.07872372,-0.067885116,2026-07-17,0.009234111895708854,2026,2026-07,2026Q3,2026-W29
970,1841,70,17,66,65,10.0,0.1827554,-0.014945652,-0.07940161,-0.09926582,2026-07-20,0.03802281368821293,2026,2026-07,2026Q3,2026-W30
971,1842,52,70,45,37,64.0,0.25873464,0.020802377,-0.031034483,-0.087836646,2026-07-21,0.02823018458197611,2026,2026-07,2026Q3,2026-W30
972,1836,12,52,10,6,48.0,0.27065527,0.009966778,-0.040723983,-0.061837457,2026-07-22,0.006535947712418301,2026,2026-07,2026Q3,2026-W30
973,1829,10,12,8,8,7.0,0.26140684,-0.0062064547,-0.03753034,-0.06519744,2026-07-23,0.005467468562055768,2026,2026-07,2026Q3,2026-W30
974,1826,17,10,15,14,5.0,0.23608445,-0.014186846,-0.0033129356,-0.0799925,2026-07-24,0.009309967141292442,2026,2026-07,2026Q3,2026-W30
975,1825,4,17,2,3,8.0,0.2369439,-0.0032259407,0.007355366,-0.045867488,2026-07-27,0.002191780821917808,2026,2026-07,2026Q3,2026-W31
976,1833,10,4,8,7,2.0,0.1357905,-0.046774194,-0.057416268,-0.09764919,2026-07-28,0.005455537370430988,2026,2026-07,2026Q3,2026-W31
977,1831,6,10,5,6,8.0,0.12704523,-0.034285713,-0.104667515,-0.14859438,2026-07-29,0.0032768978700163844,2026,2026-07,2026Q3,2026-W31
978,1831,198,6,96,196,5.0,0.10693642,-0.02246762,-0.119854264,-0.17054394,2026-07-30,0.1081376297105407,2026,2026-07,2026Q3,2026-W31
979,1831,105,197,96,41,187.0,0.1481123,0.054435484,-0.06016847,-0.13814181,2026-07-31,0.05734571272528673,2026,2026-07,2026Q3,2026-W31
980,1827,77,106,68,43,96.0,0.19080235,0.017351773,-0.033738405,-0.13529575,2026-08-03,0.0421455938697318,2026,2026-08,2026Q3,2026-W32
981,1828,74,78,54,51,70.0,0.26284584,0.014752933,0.027267173,-0.12511343,2026-08-04,0.04048140043763676,2026,2026-08,2026Q3,2026-W32
982,1830,45,74,40,38,63.0,0.3997996,0.014233356,0.08679263,-0.07659737,2026-08-05,0.02459016393442623,2026,2026-08,2026Q3,2026-W32
983,1828,24,45,18,20,34.0,0.457,0.0018796993,0.11869165,-0.06909457,2026-08-06,0.01312910284463895,2026,2026-08,2026Q3,2026-W32
984,1830,74,24,61,70,15.0,0.48303393,-0.004555832,0.054719664,-0.07262288,2026-08-07,0.040437158469945354,2026,2026-08,2026Q3,2026-W32
985,1837,26,74,22,21,63.0,0.6533066,0.016112804,0.055022936,-0.043490745,2026-08-10,0.014153511159499184,2026,2026-08,2026Q3,2026-W33
986,1832,53,26,47,48,21.0,0.65818924,-0.004255319,0.033136096,-0.023431329,2026-08-11,0.028930131004366814,2026,2026-08,2026Q3,2026-W33
987,1832,40,53,31,27,45.0,0.722561,0.007585638,0.024287436,-0.032534808,2026-08-12,0.021834061135371178,2026,2026-08,2026Q3,2026-W33
988,1837,28,40,25,25,34.0,0.7410805,-0.0011111111,0.01910828,-0.025954198,2026-08-13,0.015242242787152967,2026,2026-08,2026Q3,2026-W33
989,1837,31,28,27,27,25.0,0.68415636,-0.009975124,0.01825096,0.011690903,2026-08-14,0.016875340228633642,2026,2026-08,2026Q3,2026-W33
990,1833,14,31,12,11,25.0,0.69793814,0.0,0.0,0.030826189,2026-08-17,0.007637752318603383,2026,2026-08,2026Q3,2026-W34
991,1825,15,15,11,11,11.0,0.5979381,-0.015898291,-0.010840189,-0.0038383375,2026-08-18,0.00821917808219178,2026,2026-08,2026Q3,2026-W34
992,1825,26,15,21,21,9.0,0.58731806,-0.0034642771,-0.024111249,-0.014577259,2026-08-19,0.014246575342465753,2026,2026-08,2026Q3,2026-W34
993,1831,25,26,20,18,19.0,0.67151767,0.0077220206,-0.017155118,0.0009243147,2026-08-20,0.013653741125068269,2026,2026-08,2026Q3,2026-W34
994,1828,18,25,14,12,18.0,0.68333334,0.0,-0.011056928,0.014601747,2026-08-21,0.009846827133479213,2026,2026-08,2026Q3,2026-W34
995,1824,27,18,26,22,12.0,0.65729165,-0.004955343,-0.0126984175,0.01166508,2026-08-24,0.014802631578947368,2026,2026-08,2026Q3,2026-W35
996,1827,60,27,54,48,23.0,0.63013697,0.0,0.004310345,0.058495823,2026-08-25,0.03284072249589491,2026,2026-08,2026Q3,2026-W35
997,1828,49,59,43,30,47.0,0.73706895,0.012941429,0.018428624,0.12023421,2026-08-26,0.026805251641137857,2026,2026-08,2026Q3,2026-W35
998,1827,31,49,28,22,41.0,0.72806066,0.0025316456,0.017085427,0.15671642,2026-08-27,0.016967706622879036,2026,2026-08,2026Q3,2026-W35
999,1826,21,31,19,16,27.0,0.69172114,-0.0032591224,0.015677165,0.09750978,2026-08-28,0.011500547645125958,2026,2026-08,2026Q3,2026-W35
1000,1820,37,21,32,30,16.0,0.5923913,-0.0075348546,0.012620959,0.06791975,2026-08-31,0.02032967032967033,2026,2026-08,2026Q3,2026-W36
1001,1816,24,37,20,18,31.0,0.6330076,0.004597701,0.01898734,0.057361376,2026-09-01,0.013215859030837005,2026,2026-09,2026Q3,2026-W36
1002,1817,10,25,8,6,19.0,0.5899123,-0.003645335,0.0,0.039698176,2026-09-02,0.00550357732526142,2026,2026-09,2026Q3,2026-W36
1003,1817,33,10,29,29,3.0,0.43598235,-0.023171224,-0.021365173,0.0147553645,2026-09-03,0.018161805173362685,2026,2026-09,2026Q3,2026-W36
1004,1820,28,33,21,20,26.0,0.5237569,0.010928961,-0.0071174377,0.036024846,2026-09-04,0.015384615384615385,2026,2026-09,2026Q3,2026-W36
1005,1823,16,28,12,12,20.0,0.5066815,-0.0046875114,-0.0049412595,0.010520007,2026-09-07,0.00877674163466813,2026,2026-09,2026Q3,2026-W37
1006,1822,22,16,17,18,11.0,0.41517857,-0.0119581735,-0.023645528,0.001345071,2026-09-08,0.012074643249176729,2026,2026-09,2026Q3,2026-W37
1007,1814,20,22,19,14,15.0,0.48818898,0.0052287583,-0.011494253,-0.0010718113,2026-09-09,0.011025358324145534,2026,2026-09,2026Q3,2026-W37
1008,1810,17,20,16,14,14.0,0.42334095,-0.008982036,-0.0026078457,-0.008339128,2026-09-10,0.009392265193370166,2026,2026-09,2026Q3,2026-W37
1009,1811,23,17,21,17,10.0,0.32646048,-0.013636364,-0.026506023,-0.013580247,2026-09-11,0.012700165654334622,2026,2026-09,2026Q3,2026-W37
1010,1813,22,23,15,13,10.0,0.30751446,-0.004716981,-0.029032258,-0.020408163,2026-09-14,0.012134583563154992,2026,2026-09,2026Q3,2026-W38
1011,1811,42,22,42,39,5.0,0.22235157,-0.01188455,-0.030303031,-0.015358361,2026-09-15,0.02319160684704583,2026,2026-09,2026Q3,2026-W38
1012,1812,39,42,38,23,39.0,0.34032634,0.015553992,-0.019929906,-0.0014963413,2026-09-16,0.02152317880794702,2026,2026-09,2026Q3,2026-W38
1013,1815,63,39,59,53,33.0,0.43089432,0.008474576,-0.0034129692,0.0,2026-09-17,0.03471074380165289,2026,2026-09,2026Q3,2026-W38
1014,1812,62,63,55,40,47.0,0.55912745,0.012658228,0.022801302,0.013888889,2026-09-18,0.03421633554083885,2026,2026-09,2026Q3,2026-W38
1015,1811,25,62,21,18,45.0,0.5954546,0.0013450198,0.03039337,0.024499655,2026-09-21,0.013804527885146328,2026,2026-09,2026Q3,2026-W39
1016,1810,30,25,30,27,22.0,0.56017995,-0.0051768767,0.035897437,0.015628368,2026-09-22,0.016574585635359115,2026,2026-09,2026Q3,2026-W39
1017,1809,18,30,17,15,24.0,0.55542856,-0.0021141649,0.016194332,0.0,2026-09-23,0.009950248756218905,2026,2026-09,2026Q3,2026-W39
1018,1815,43,18,39,34,13.0,0.56371987,0.0,0.009036144,-0.0012771392,2026-09-24,0.023691460055096418,2026,2026-09,2026Q3,2026-W39
1019,1820,55,43,50,38,35.0,0.5724138,0.0,0.0,0.0019739862,2026-09-29,0.03021978021978022,2026,2026-09,2026Q3,2026-W40
1020,1816,47,55,43,35,45.0,0.6643519,0.009554237,0.0057061454,0.018002206,2026-09-30,0.025881057268722467,2026,2026-09,2026Q3,2026-W40
1021,1808,50,46,47,34,36.0,0.6631823,-0.0024875621,0.011261261,0.00976801,2026-10-01,0.02765486725663717,2026,2026-10,2026Q4,2026-W40
