起漲日t,前一日s,代號,名稱,型態,進入母體
2022-07-19,2022-07-18,1471,首利,B五日連漲30%,0
2022-07-19,2022-07-18,2305,全友,B五日連漲30%,0
2022-07-19,2022-07-18,2364,倫飛,B五日連漲30%,0
2022-07-19,2022-07-18,2440,太空梭,B五日連漲30%,0
2022-07-19,2022-07-18,2745,五福,A連2漲停,0
2022-07-19,2022-07-18,4402,郡都開發,A連2漲停,0
2022-07-19,2022-07-18,4432,銘旺實,A連2漲停,0
2022-07-19,2022-07-18,6225,天瀚,A+B,0
2022-07-20,2022-07-19,2380,虹光,B五日連漲30%,0
2022-07-20,2022-07-19,2388,威盛,B五日連漲30%,0
2022-07-20,2022-07-19,4911,德英,A連2漲停,0
2022-07-20,2022-07-19,6465,威潤,A連2漲停,0
2022-07-20,2022-07-19,6796,晉弘,A連2漲停,0
2022-07-21,2022-07-20,3591,艾笛森,A連2漲停,0
2022-07-21,2022-07-20,6228,全譜,A連2漲停,0
2022-07-22,2022-07-21,6527,明達醫,A連2漲停,0
2022-07-22,2022-07-21,8201,無敵,A連2漲停,0
2022-07-22,2022-07-21,8432,東生華,A連2漲停,0
2022-07-25,2022-07-22,1781,合世,A連2漲停,0
2022-07-25,2022-07-22,3205,佰研,A連2漲停,0
2022-07-25,2022-07-22,3494,誠研,A連2漲停,0
2022-07-26,2022-07-25,3321,同泰,A連2漲停,0
2022-07-26,2022-07-25,4735,豪展,A連2漲停,0
2022-07-26,2022-07-25,9912,偉聯,B五日連漲30%,0
2022-07-27,2022-07-26,1453,大將,A連2漲停,0
2022-07-27,2022-07-26,4432,銘旺實,A連2漲停,0
2022-07-27,2022-07-26,6133,金橋,A連2漲停,0
2022-07-27,2022-07-26,6442,光聖,B五日連漲30%,0
2022-07-28,2022-07-27,2305,全友,B五日連漲30%,0
2022-07-28,2022-07-27,8087,麗升能源,A連2漲停,0
2022-07-29,2022-07-28,1524,耿鼎,A連2漲停,0
2022-07-29,2022-07-28,2491,吉祥全,A連2漲停,0
2022-07-29,2022-07-28,3434,哲固,A連2漲停,0
2022-07-29,2022-07-28,3494,誠研,A連2漲停,0
2022-07-29,2022-07-28,3664,,B五日連漲30%,0
2022-07-29,2022-07-28,4543,萬在,A連2漲停,0
2022-07-29,2022-07-28,6225,天瀚,A連2漲停,0
2022-07-29,2022-07-28,6228,全譜,A連2漲停,0
2022-07-29,2022-07-28,6241,鑫永洋,A連2漲停,0
2022-07-29,2022-07-28,6512,啟發電,B五日連漲30%,0
2022-07-29,2022-07-28,6527,明達醫,A連2漲停,0
2022-07-29,2022-07-28,6796,晉弘,A連2漲停,0
2022-08-01,2022-07-29,3623,富晶通,A連2漲停,0
2022-08-02,2022-08-01,8176,智捷,A連2漲停,0
2022-08-03,2022-08-02,3066,李洲,A連2漲停,0
2022-08-03,2022-08-02,3432,台端,A+B,0
2022-08-03,2022-08-02,6690,安碁資訊,B五日連漲30%,0
2022-08-04,2022-08-03,1413,宏洲,A連2漲停,0
2022-08-04,2022-08-03,3685,元創精密,A連2漲停,0
2022-08-04,2022-08-03,4916,事欣科,A連2漲停,0
2022-08-04,2022-08-03,6465,威潤,A連2漲停,0
2022-08-04,2022-08-03,6579,研揚,A連2漲停,0
2022-08-05,2022-08-04,3047,訊舟,B五日連漲30%,0
2022-08-05,2022-08-04,3494,誠研,A連2漲停,0
2022-08-05,2022-08-04,4414,如興,A+B,0
2022-08-05,2022-08-04,4979,華星光,A連2漲停,0
2022-08-05,2022-08-04,6225,天瀚,A連2漲停,0
2022-08-05,2022-08-04,9912,偉聯,A連2漲停,0
2022-08-05,2022-08-04,9928,中視,A連2漲停,0
2022-08-08,2022-08-05,3521,台鋼建設,A連2漲停,0
2022-08-08,2022-08-05,5015,華祺,A連2漲停,0
2022-08-08,2022-08-05,5211,蒙恬,A連2漲停,0
2022-08-08,2022-08-05,6103,合邦,A+B,0
2022-08-09,2022-08-08,6643,M31,B五日連漲30%,0
2022-08-10,2022-08-09,1449,佳和,B五日連漲30%,0
2022-08-10,2022-08-09,1453,大將,A連2漲停,0
2022-08-10,2022-08-09,1593,祺驊,A連2漲停,0
2022-08-10,2022-08-09,4413,飛寶企業,B五日連漲30%,0
2022-08-10,2022-08-09,4530,天意能創,A連2漲停,0
2022-08-11,2022-08-10,2364,倫飛,A+B,0
2022-08-11,2022-08-10,3051,力特,B五日連漲30%,0
2022-08-12,2022-08-11,2468,華經,A+B,0
2022-08-12,2022-08-11,2543,皇昌,A連2漲停,0
2022-08-12,2022-08-11,3694,海華,A連2漲停,0
2022-08-12,2022-08-11,5205,中茂,B五日連漲30%,0
2022-08-12,2022-08-11,5475,德宏,A連2漲停,0
2022-08-12,2022-08-11,6240,松崗,A連2漲停,0
2022-08-15,2022-08-12,1443,立益物流,A連2漲停,0
2022-08-15,2022-08-12,1538,正峰,B五日連漲30%,0
2022-08-15,2022-08-12,1539,巨庭,A+B,0
2022-08-15,2022-08-12,1760,寶齡富錦,A+B,0
2022-08-15,2022-08-12,2230,泰茂,B五日連漲30%,0
2022-08-15,2022-08-12,3268,海德威,A連2漲停,0
2022-08-15,2022-08-12,4198,欣大健康,B五日連漲30%,0
2022-08-15,2022-08-12,4768,晶呈科技,B五日連漲30%,0
2022-08-15,2022-08-12,6461,益得,B五日連漲30%,0
2022-08-16,2022-08-15,3066,李洲,A連2漲停,0
2022-08-16,2022-08-15,3205,佰研,A連2漲停,0
2022-08-16,2022-08-15,4162,智擎,B五日連漲30%,0
2022-08-16,2022-08-15,6133,金橋,A連2漲停,0
2022-08-16,2022-08-15,6649,台生材,B五日連漲30%,0
2022-08-16,2022-08-15,9928,中視,B五日連漲30%,0
2022-08-17,2022-08-16,2305,全友,A連2漲停,0
2022-08-17,2022-08-16,3043,科風,B五日連漲30%,0
2022-08-17,2022-08-16,4946,辣椒,A連2漲停,0
2022-08-17,2022-08-16,6530,創威,A連2漲停,0
2022-08-17,2022-08-16,6767,台微醫,B五日連漲30%,0
2022-08-17,2022-08-16,8478,東哥遊艇,A+B,0
2022-08-18,2022-08-17,3520,華盈,A連2漲停,0
2022-08-18,2022-08-17,4128,中天,B五日連漲30%,0
2022-08-18,2022-08-17,4743,合一,B五日連漲30%,0
2022-08-18,2022-08-17,6117,迎廣,A連2漲停,0
2022-08-18,2022-08-17,8480,,A連2漲停,0
2022-08-19,2022-08-18,1472,三洋實業,A+B,0
2022-08-19,2022-08-18,1815,富喬,A連2漲停,0
2022-08-19,2022-08-18,3531,先益,A連2漲停,0
2022-08-19,2022-08-18,4192,杏國,A連2漲停,0
2022-08-19,2022-08-18,4513,福裕,B五日連漲30%,0
2022-08-19,2022-08-18,4944,,A連2漲停,0
2022-08-19,2022-08-18,6225,天瀚,A連2漲停,0
2022-08-19,2022-08-18,6854,,A連2漲停,0
2022-08-22,2022-08-19,3686,達能,A連2漲停,0
2022-08-22,2022-08-19,6287,,A連2漲停,0
2022-08-22,2022-08-19,6661,威健生技,A連2漲停,0
2022-08-23,2022-08-22,3434,哲固,A連2漲停,0
2022-08-24,2022-08-23,2305,全友,A連2漲停,0
2022-08-24,2022-08-23,3207,耀勝,A連2漲停,0
2022-08-24,2022-08-23,5258,虹堡,A連2漲停,0
2022-08-25,2022-08-24,2066,世德,A連2漲停,0
2022-08-25,2022-08-24,3432,台端,A連2漲停,0
2022-08-25,2022-08-24,4432,銘旺實,A連2漲停,0
2022-08-25,2022-08-24,5468,凱鈺,A連2漲停,0
2022-08-25,2022-08-24,6666,,A+B,0
2022-08-25,2022-08-24,6683,雍智科技,B五日連漲30%,0
2022-08-25,2022-08-24,8101,華冠,B五日連漲30%,0
2022-08-26,2022-08-25,1796,金穎生技,A連2漲停,0
2022-08-26,2022-08-25,4720,德淵,A連2漲停,0
2022-08-29,2022-08-26,1410,南染,A連2漲停,0
2022-08-29,2022-08-26,4168,醣聯,B五日連漲30%,0
2022-08-30,2022-08-29,1449,佳和,A連2漲停,0
2022-08-30,2022-08-29,4147,中裕,A連2漲停,0
2022-08-30,2022-08-29,4712,,B五日連漲30%,0
2022-08-30,2022-08-29,8996,高力,A連2漲停,0
2022-08-31,2022-08-30,1781,合世,A連2漲停,0
2022-08-31,2022-08-30,3373,熱映,A連2漲停,0
2022-08-31,2022-08-30,4102,永日,A連2漲停,0
2022-08-31,2022-08-30,6289,,A連2漲停,0
2022-09-01,2022-08-31,3664,,A連2漲停,0
2022-09-02,2022-09-01,3383,,A連2漲停,0
2022-09-05,2022-09-02,3454,,B五日連漲30%,0
2022-09-05,2022-09-02,3521,台鋼建設,B五日連漲30%,0
2022-09-05,2022-09-02,3523,迎輝,B五日連漲30%,0
2022-09-06,2022-09-05,8426,,B五日連漲30%,0
2022-09-07,2022-09-06,2305,全友,A連2漲停,0
2022-09-07,2022-09-06,2740,華軒,A連2漲停,0
2022-09-07,2022-09-06,3027,盛達,B五日連漲30%,0
2022-09-07,2022-09-06,6703,軒郁,A連2漲停,0
2022-09-07,2022-09-06,8933,愛地雅,B五日連漲30%,0
2022-09-08,2022-09-07,3128,昇銳,B五日連漲30%,0
2022-09-08,2022-09-07,4131,浩泰,B五日連漲30%,0
2022-09-08,2022-09-07,8222,寶一,B五日連漲30%,0
2022-09-12,2022-09-08,6804,明係,A連2漲停,0
2022-09-14,2022-09-13,2230,泰茂,A連2漲停,0
2022-09-15,2022-09-14,3046,建碁,B五日連漲30%,0
2022-09-16,2022-09-15,3430,奇鈦科,A連2漲停,0
2022-09-16,2022-09-15,3555,博士旺,A連2漲停,0
2022-09-16,2022-09-15,6124,業強,A連2漲停,0
2022-09-19,2022-09-16,2368,金像電,B五日連漲30%,0
2022-09-19,2022-09-16,8093,保銳,A連2漲停,0
2022-09-20,2022-09-19,1529,樂事綠能,A連2漲停,0
2022-09-20,2022-09-19,4304,勝昱,B五日連漲30%,0
2022-09-20,2022-09-19,5703,亞都麗緻,B五日連漲30%,0
2022-09-20,2022-09-19,6461,益得,A連2漲停,0
2022-09-21,2022-09-20,3011,今皓,A連2漲停,0
2022-09-22,2022-09-21,3383,,A連2漲停,0
2022-09-23,2022-09-22,3642,,A連2漲停,0
2022-09-27,2022-09-26,3046,建碁,B五日連漲30%,0
2022-09-28,2022-09-27,2364,倫飛,A+B,0
2022-09-29,2022-09-28,1449,佳和,A連2漲停,0
2022-09-29,2022-09-28,3025,星通,A連2漲停,0
2022-09-29,2022-09-28,4804,,B五日連漲30%,0
2022-09-29,2022-09-28,6101,寬魚國際,B五日連漲30%,0
2022-09-29,2022-09-28,6666,,A連2漲停,0
2022-09-29,2022-09-28,8093,保銳,A連2漲停,0
2022-09-30,2022-09-29,2540,愛山林,B五日連漲30%,0
2022-09-30,2022-09-29,4413,飛寶企業,A連2漲停,0
2022-09-30,2022-09-29,5704,老爺知,A連2漲停,0
2022-09-30,2022-09-29,8996,高力,B五日連漲30%,0
2022-10-03,2022-09-30,3373,熱映,A連2漲停,0
2022-10-03,2022-09-30,5215,,B五日連漲30%,0
2022-10-03,2022-09-30,6228,全譜,A連2漲停,0
2022-10-03,2022-09-30,6568,宏觀,A連2漲停,0
2022-10-03,2022-09-30,6594,,A連2漲停,0
2022-10-03,2022-09-30,6684,安格,A連2漲停,0
2022-10-04,2022-10-03,2305,全友,A連2漲停,0
2022-10-05,2022-10-04,6512,啟發電,A連2漲停,0
2022-10-07,2022-10-06,3272,東碩,A連2漲停,0
2022-10-12,2022-10-11,8087,麗升能源,A連2漲停,0
2022-10-13,2022-10-12,6247,,A+B,0
2022-10-14,2022-10-13,3086,華義*,A連2漲停,0
2022-10-14,2022-10-13,4961,天鈺,A連2漲停,0
2022-10-14,2022-10-13,6684,安格,A連2漲停,0
2022-10-17,2022-10-14,8038,長園科,A連2漲停,0
2022-10-18,2022-10-17,3219,倚強科,A連2漲停,0
2022-10-18,2022-10-17,9103,,A連2漲停,0
2022-10-19,2022-10-18,3228,金麗科,A連2漲停,0
2022-10-21,2022-10-20,2009,第一銅,B五日連漲30%,0
2022-10-21,2022-10-20,5703,亞都麗緻,A連2漲停,0
2022-10-25,2022-10-24,2364,倫飛,A連2漲停,0
2022-10-25,2022-10-24,2465,麗臺,B五日連漲30%,0
2022-10-26,2022-10-25,3272,東碩,B五日連漲30%,0
2022-10-27,2022-10-26,3588,通嘉,A連2漲停,0
2022-10-27,2022-10-26,9928,中視,B五日連漲30%,0
2022-10-28,2022-10-27,3228,金麗科,B五日連漲30%,0
2022-10-31,2022-10-28,4402,郡都開發,A連2漲停,0
2022-10-31,2022-10-28,6118,建達,B五日連漲30%,0
2022-10-31,2022-10-28,6133,金橋,A連2漲停,0
2022-11-01,2022-10-31,3205,佰研,A連2漲停,0
2022-11-01,2022-10-31,3434,哲固,A連2漲停,0
2022-11-01,2022-10-31,3454,,A連2漲停,0
2022-11-01,2022-10-31,3499,環天科,B五日連漲30%,0
2022-11-01,2022-10-31,6156,松上,A連2漲停,0
2022-11-01,2022-10-31,6492,生華科,A連2漲停,0
2022-11-01,2022-10-31,6556,勝品,B五日連漲30%,0
2022-11-01,2022-10-31,6558,興能高,A連2漲停,0
2022-11-01,2022-10-31,6649,台生材,A+B,0
2022-11-01,2022-10-31,8033,雷虎,A+B,0
2022-11-02,2022-11-01,2468,華經,A連2漲停,0
2022-11-02,2022-11-01,3287,廣寰科,A連2漲停,0
2022-11-02,2022-11-01,3508,位速,A連2漲停,0
2022-11-02,2022-11-01,5344,立衛,A連2漲停,0
2022-11-02,2022-11-01,6259,百徽,A連2漲停,0
2022-11-03,2022-11-02,2243,,A連2漲停,0
2022-11-03,2022-11-02,3432,台端,A連2漲停,0
2022-11-03,2022-11-02,4923,力士,A連2漲停,0
2022-11-03,2022-11-02,8249,菱光,A連2漲停,0
2022-11-04,2022-11-03,1810,和成,A連2漲停,0
2022-11-04,2022-11-03,2208,台船,A連2漲停,0
2022-11-04,2022-11-03,2929,,A連2漲停,0
2022-11-04,2022-11-03,8440,綠電,A連2漲停,0
2022-11-04,2022-11-03,8996,高力,A連2漲停,0
2022-11-07,2022-11-04,2390,云辰,A連2漲停,0
2022-11-08,2022-11-07,2025,千興,A連2漲停,0
2022-11-09,2022-11-08,2364,倫飛,A連2漲停,0
2022-11-10,2022-11-09,3095,及成,B五日連漲30%,0
2022-11-10,2022-11-09,3205,佰研,A連2漲停,0
2022-11-10,2022-11-09,4162,智擎,A連2漲停,0
2022-11-10,2022-11-09,6472,保瑞,B五日連漲30%,0
2022-11-11,2022-11-10,3642,,A連2漲停,0
2022-11-14,2022-11-11,2754,亞洲藏壽司,B五日連漲30%,0
2022-11-14,2022-11-11,8080,泰霖,A連2漲停,0
2022-11-15,2022-11-14,3686,達能,A連2漲停,0
2022-11-15,2022-11-14,6419,京晨科,A連2漲停,0
2022-11-15,2022-11-14,8033,雷虎,B五日連漲30%,0
2022-11-16,2022-11-15,3128,昇銳,B五日連漲30%,0
2022-11-16,2022-11-15,3515,華擎,A連2漲停,0
2022-11-17,2022-11-16,1810,和成,B五日連漲30%,0
2022-11-18,2022-11-17,1795,美時,B五日連漲30%,0
2022-11-18,2022-11-17,4946,辣椒,A連2漲停,0
2022-11-18,2022-11-17,5314,世紀*,A連2漲停,0
2022-11-21,2022-11-18,6754,匯僑設計,A連2漲停,0
2022-11-22,2022-11-21,1584,精剛,A連2漲停,0
2022-11-22,2022-11-21,6558,興能高,A連2漲停,0
2022-11-22,2022-11-21,6695,芯鼎,A連2漲停,0
2022-11-22,2022-11-21,8222,寶一,A+B,0
2022-11-22,2022-11-21,9902,台火,A連2漲停,0
2022-11-23,2022-11-22,1453,大將,A連2漲停,0
2022-11-24,2022-11-23,4924,,A連2漲停,0
2022-11-24,2022-11-23,6781,,A連2漲停,0
2022-11-25,2022-11-24,1417,嘉裕,A連2漲停,0
2022-11-25,2022-11-24,2719,燦星旅,A+B,0
2022-11-25,2022-11-24,4943,,A連2漲停,0
2022-11-28,2022-11-25,1584,精剛,A連2漲停,0
2022-11-28,2022-11-25,2707,晶華,B五日連漲30%,0
2022-11-28,2022-11-25,3027,盛達,B五日連漲30%,0
2022-11-28,2022-11-25,4160,訊聯基因,A連2漲停,0
2022-11-28,2022-11-25,4979,華星光,A連2漲停,0
2022-11-28,2022-11-25,6556,勝品,A連2漲停,0
2022-11-29,2022-11-28,1342,八貫,B五日連漲30%,0
2022-11-29,2022-11-28,4804,,A連2漲停,0
2022-11-29,2022-11-28,5703,亞都麗緻,A連2漲停,0
2022-11-29,2022-11-28,6160,欣技,A連2漲停,0
2022-11-30,2022-11-29,1721,國慶科技,A連2漲停,0
2022-11-30,2022-11-29,3508,位速,A連2漲停,0
2022-11-30,2022-11-29,5344,立衛,A連2漲停,0
2022-11-30,2022-11-29,6118,建達,A連2漲停,0
2022-11-30,2022-11-29,6234,高僑,A連2漲停,0
2022-11-30,2022-11-29,6492,生華科,B五日連漲30%,0
2022-12-01,2022-11-30,6415,,A連2漲停,0
2022-12-01,2022-11-30,6568,宏觀,A連2漲停,0
2022-12-02,2022-12-01,8436,大江,A連2漲停,0
2022-12-05,2022-12-02,3219,倚強科,A連2漲停,0
2022-12-05,2022-12-02,3228,金麗科,A連2漲停,0
2022-12-05,2022-12-02,4114,健喬,B五日連漲30%,0
2022-12-05,2022-12-02,5205,中茂,B五日連漲30%,0
2022-12-06,2022-12-05,1752,南光,B五日連漲30%,0
2022-12-07,2022-12-06,2236,,A連2漲停,0
2022-12-07,2022-12-06,3693,營邦,B五日連漲30%,0
2022-12-08,2022-12-07,3713,新晶投控,A連2漲停,0
2022-12-09,2022-12-08,2929,,A連2漲停,0
2022-12-09,2022-12-08,3577,泓格,A連2漲停,0
2022-12-09,2022-12-08,3686,達能,A連2漲停,0
2022-12-09,2022-12-08,4130,,B五日連漲30%,0
2022-12-12,2022-12-09,1701,,A連2漲停,0
2022-12-12,2022-12-09,1720,生達,A連2漲停,0
2022-12-12,2022-12-09,3013,晟銘電,A連2漲停,0
2022-12-12,2022-12-09,4102,永日,A連2漲停,0
2022-12-12,2022-12-09,4167,松瑞藥,A連2漲停,0
2022-12-13,2022-12-12,1512,瑞利,A+B,0
2022-12-13,2022-12-12,2911,麗嬰房,A連2漲停,0
2022-12-13,2022-12-12,4747,強生*,A連2漲停,0
2022-12-14,2022-12-13,2465,麗臺,A連2漲停,0
2022-12-14,2022-12-13,6111,光聚晶電,A連2漲停,0
2022-12-14,2022-12-13,6276,安鈦克,A連2漲停,0
2022-12-15,2022-12-14,1538,正峰,A連2漲停,0
2022-12-15,2022-12-14,4746,台耀,A連2漲停,0
2022-12-16,2022-12-15,4943,,B五日連漲30%,0
2022-12-16,2022-12-15,9103,,A連2漲停,0
2022-12-23,2022-12-22,4747,強生*,A連2漲停,0
2022-12-23,2022-12-22,6242,立康,A連2漲停,0
2022-12-23,2022-12-22,6578,達邦蛋白,A連2漲停,0
2022-12-28,2022-12-27,2243,,A連2漲停,0
2022-12-29,2022-12-28,4171,瑞基,A連2漲停,0
2022-12-29,2022-12-28,5340,建榮,B五日連漲30%,0
2023-01-03,2022-12-30,6689,伊雲谷,A連2漲停,0
2023-01-04,2023-01-03,3219,倚強科,A連2漲停,0
2023-01-04,2023-01-03,4944,,A連2漲停,0
2023-01-05,2023-01-04,5475,德宏,A連2漲停,0
2023-01-05,2023-01-04,6215,和椿,A連2漲停,0
2023-01-06,2023-01-05,4763,,B五日連漲30%,0
2023-01-09,2023-01-06,1443,立益物流,B五日連漲30%,0
2023-01-11,2023-01-10,3693,營邦,B五日連漲30%,0
2023-01-11,2023-01-10,8087,麗升能源,A連2漲停,0
2023-01-12,2023-01-11,1468,昶和,A連2漲停,0
2023-01-12,2023-01-11,8478,東哥遊艇,B五日連漲30%,1
2023-01-13,2023-01-12,6612,奈米醫材,B五日連漲30%,0
2023-01-16,2023-01-13,2482,連宇,B五日連漲30%,1
2023-01-16,2023-01-13,3219,倚強科,A連2漲停,0
2023-01-16,2023-01-13,6732,昇佳電子,B五日連漲30%,0
2023-01-17,2023-01-16,6282,康舒,B五日連漲30%,1
2023-01-17,2023-01-16,6788,華景電,A連2漲停,1
2023-01-30,2023-01-17,2230,泰茂,A連2漲停,1
2023-01-30,2023-01-17,2929,,A連2漲停,1
2023-01-30,2023-01-17,6531,愛普*,B五日連漲30%,1
2023-01-30,2023-01-17,6799,來頡,B五日連漲30%,0
2023-01-31,2023-01-30,1443,立益物流,A連2漲停,0
2023-01-31,2023-01-30,3191,雲嘉南,A連2漲停,0
2023-02-01,2023-01-31,2364,倫飛,A連2漲停,1
2023-02-01,2023-01-31,6716,應廣,A連2漲停,0
2023-02-01,2023-01-31,6796,晉弘,A連2漲停,0
2023-02-02,2023-02-01,8227,巨有科技,B五日連漲30%,0
2023-02-02,2023-02-01,8444,,A連2漲停,0
2023-02-03,2023-02-02,2719,燦星旅,A連2漲停,0
2023-02-03,2023-02-02,3043,科風,A連2漲停,0
2023-02-03,2023-02-02,4911,德英,A連2漲停,0
2023-02-03,2023-02-02,6556,勝品,A連2漲停,0
2023-02-06,2023-02-03,1432,大魯閣,A連2漲停,1
2023-02-06,2023-02-03,2453,凌群,B五日連漲30%,0
2023-02-06,2023-02-03,4944,,A連2漲停,0
2023-02-06,2023-02-03,6472,保瑞,B五日連漲30%,1
2023-02-06,2023-02-03,8426,,A連2漲停,0
2023-02-07,2023-02-06,4529,淳紳,A連2漲停,0
2023-02-07,2023-02-06,6752,叡揚,B五日連漲30%,0
2023-02-07,2023-02-06,6865,偉康科技,B五日連漲30%,0
2023-02-08,2023-02-07,6552,易華電,A連2漲停,0
2023-02-10,2023-02-09,2754,亞洲藏壽司,B五日連漲30%,1
2023-02-10,2023-02-09,6874,倍力,B五日連漲30%,0
2023-02-13,2023-02-10,2471,資通,A+B,0
2023-02-13,2023-02-10,8940,新天地,B五日連漲30%,0
2023-02-14,2023-02-13,2719,燦星旅,B五日連漲30%,0
2023-02-14,2023-02-13,2739,寒舍,B五日連漲30%,0
2023-02-14,2023-02-13,2748,雲品,B五日連漲30%,1
2023-02-14,2023-02-13,4967,十銓,B五日連漲30%,0
2023-02-15,2023-02-14,3058,立德,A連2漲停,0
2023-02-16,2023-02-15,3594,磐儀,B五日連漲30%,1
2023-02-16,2023-02-15,6556,勝品,A連2漲停,0
2023-02-16,2023-02-15,8033,雷虎,B五日連漲30%,1
2023-02-17,2023-02-16,2230,泰茂,B五日連漲30%,1
2023-02-17,2023-02-16,5701,劍湖山,A+B,0
2023-02-17,2023-02-16,6791,虎門科技,B五日連漲30%,0
2023-02-20,2023-02-17,5210,寶碩,A連2漲停,0
2023-02-21,2023-02-20,3652,精聯,B五日連漲30%,0
2023-02-21,2023-02-20,5381,光譜,A連2漲停,0
2023-02-22,2023-02-21,2722,夏都,A連2漲停,0
2023-02-22,2023-02-21,2739,寒舍,A+B,0
2023-02-22,2023-02-21,4433,興采,A連2漲停,0
2023-02-22,2023-02-21,4967,十銓,B五日連漲30%,0
2023-02-22,2023-02-21,5703,亞都麗緻,A連2漲停,0
2023-02-22,2023-02-21,6612,奈米醫材,A連2漲停,1
2023-02-23,2023-02-22,2605,新興,A連2漲停,1
2023-02-23,2023-02-22,5452,佶優,B五日連漲30%,1
2023-02-23,2023-02-22,5464,霖宏,A連2漲停,1
2023-02-23,2023-02-22,6751,智聯服務,A+B,0
2023-02-24,2023-02-23,6811,宏碁資訊,A+B,0
2023-03-01,2023-02-24,3362,先進光,B五日連漲30%,1
2023-03-01,2023-02-24,4419,皇家美食,A連2漲停,0
2023-03-01,2023-02-24,6735,美達科技,A連2漲停,0
2023-03-01,2023-02-24,8067,志旭,B五日連漲30%,0
2023-03-01,2023-02-24,8176,智捷,A連2漲停,0
2023-03-02,2023-03-01,2429,銘旺科,B五日連漲30%,0
2023-03-02,2023-03-01,4558,寶緯,A連2漲停,0
2023-03-02,2023-03-01,6222,立軒,A連2漲停,0
2023-03-02,2023-03-01,6752,叡揚,A連2漲停,0
2023-03-02,2023-03-01,7402,邑錡,B五日連漲30%,0
2023-03-03,2023-03-02,3013,晟銘電,A連2漲停,1
2023-03-03,2023-03-02,3093,港建*,B五日連漲30%,0
2023-03-06,2023-03-03,3046,建碁,B五日連漲30%,1
2023-03-06,2023-03-03,4976,佳凌,A連2漲停,1
2023-03-06,2023-03-03,5381,光譜,B五日連漲30%,0
2023-03-07,2023-03-06,1432,大魯閣,A連2漲停,1
2023-03-07,2023-03-06,2359,所羅門,A連2漲停,1
2023-03-07,2023-03-06,4903,聯光通,B五日連漲30%,0
2023-03-08,2023-03-07,2453,凌群,A連2漲停,1
2023-03-08,2023-03-07,3624,光頡,A連2漲停,1
2023-03-08,2023-03-07,3712,永崴投控,A連2漲停,1
2023-03-08,2023-03-07,4419,皇家美食,A連2漲停,0
2023-03-08,2023-03-07,6291,沛亨,B五日連漲30%,0
2023-03-08,2023-03-07,6841,長佳智能,A連2漲停,0
2023-03-09,2023-03-08,2434,統懋,A連2漲停,0
2023-03-10,2023-03-09,6122,擎邦,A連2漲停,1
2023-03-15,2023-03-14,3661,,B五日連漲30%,1
2023-03-16,2023-03-15,6103,合邦,A連2漲停,0
2023-03-17,2023-03-16,1529,樂事綠能,B五日連漲30%,1
2023-03-17,2023-03-16,2453,凌群,A連2漲停,0
2023-03-17,2023-03-16,2471,資通,A連2漲停,1
2023-03-17,2023-03-16,5211,蒙恬,A+B,1
2023-03-17,2023-03-16,5353,台林,B五日連漲30%,1
2023-03-17,2023-03-16,6148,驊宏資,B五日連漲30%,1
2023-03-17,2023-03-16,6160,欣技,B五日連漲30%,1
2023-03-17,2023-03-16,6231,系微,A連2漲停,1
2023-03-17,2023-03-16,6751,智聯服務,A+B,0
2023-03-17,2023-03-16,6752,叡揚,A連2漲停,0
2023-03-17,2023-03-16,6791,虎門科技,A連2漲停,0
2023-03-17,2023-03-16,6874,倍力,A+B,0
2023-03-17,2023-03-16,7402,邑錡,B五日連漲30%,0
2023-03-20,2023-03-17,2719,燦星旅,A連2漲停,0
2023-03-20,2023-03-17,3629,地心引力,B五日連漲30%,0
2023-03-20,2023-03-17,4147,中裕,B五日連漲30%,1
2023-03-20,2023-03-17,6140,訊達電腦,A連2漲停,1
2023-03-21,2023-03-20,2402,毅嘉,A連2漲停,1
2023-03-21,2023-03-20,3652,精聯,A連2漲停,1
2023-03-21,2023-03-20,3666,光耀,A連2漲停,1
2023-03-21,2023-03-20,5381,光譜,B五日連漲30%,0
2023-03-21,2023-03-20,5484,慧友,A連2漲停,0
2023-03-21,2023-03-20,6517,保勝光學,B五日連漲30%,0
2023-03-21,2023-03-20,8478,東哥遊艇,B五日連漲30%,1
2023-03-22,2023-03-21,3499,環天科,A連2漲停,1
2023-03-22,2023-03-21,4558,寶緯,A連2漲停,0
2023-03-22,2023-03-21,5475,德宏,A連2漲停,1
2023-03-22,2023-03-21,6134,萬旭,A連2漲停,0
2023-03-22,2023-03-21,6472,保瑞,A連2漲停,1
2023-03-23,2023-03-22,3447,展達,B五日連漲30%,0
2023-03-24,2023-03-23,6698,旭暉應材,A連2漲停,0
2023-03-27,2023-03-24,6753,龍德造船,A連2漲停,0
2023-03-29,2023-03-28,2429,銘旺科,A連2漲停,0
2023-03-29,2023-03-28,3664,,B五日連漲30%,1
2023-03-30,2023-03-29,2443,,B五日連漲30%,0
2023-03-30,2023-03-29,4763,,B五日連漲30%,1
2023-03-30,2023-03-29,6517,保勝光學,A連2漲停,0
2023-03-30,2023-03-29,6829,千附精密,B五日連漲30%,1
2023-03-31,2023-03-30,4968,立積,B五日連漲30%,1
2023-03-31,2023-03-30,5314,世紀*,B五日連漲30%,0
2023-03-31,2023-03-30,6703,軒郁,B五日連漲30%,0
2023-04-06,2023-03-31,1519,華城,B五日連漲30%,1
2023-04-06,2023-03-31,4153,鈺緯,A連2漲停,1
2023-04-07,2023-04-06,1418,東華,A連2漲停,0
2023-04-07,2023-04-06,1514,亞力,B五日連漲30%,1
2023-04-07,2023-04-06,3693,營邦,B五日連漲30%,1
2023-04-07,2023-04-06,6578,達邦蛋白,A連2漲停,1
2023-04-07,2023-04-06,6791,虎門科技,A連2漲停,0
2023-04-10,2023-04-07,3308,聯德,B五日連漲30%,0
2023-04-10,2023-04-07,5209,新鼎,A連2漲停,0
2023-04-10,2023-04-07,6465,威潤,B五日連漲30%,0
2023-04-11,2023-04-10,1529,樂事綠能,B五日連漲30%,0
2023-04-11,2023-04-10,1584,精剛,B五日連漲30%,1
2023-04-11,2023-04-10,2630,亞航,B五日連漲30%,1
2023-04-11,2023-04-10,8033,雷虎,B五日連漲30%,0
2023-04-12,2023-04-11,1810,和成,B五日連漲30%,0
2023-04-12,2023-04-11,2634,漢翔,A連2漲停,1
2023-04-12,2023-04-11,3004,豐達科,B五日連漲30%,1
2023-04-12,2023-04-11,4728,雙美,B五日連漲30%,0
2023-04-12,2023-04-11,8222,寶一,B五日連漲30%,1
2023-04-13,2023-04-12,2731,雄獅,A連2漲停,1
2023-04-13,2023-04-12,6547,高端疫苗,A連2漲停,1
2023-04-13,2023-04-12,6590,普鴻,B五日連漲30%,0
2023-04-14,2023-04-13,1471,首利,A連2漲停,0
2023-04-14,2023-04-13,2453,凌群,A連2漲停,1
2023-04-14,2023-04-13,2471,資通,A連2漲停,1
2023-04-14,2023-04-13,3058,立德,A+B,1
2023-04-14,2023-04-13,5211,蒙恬,A連2漲停,1
2023-04-14,2023-04-13,6148,驊宏資,A連2漲停,1
2023-04-14,2023-04-13,6225,天瀚,A連2漲停,0
2023-04-14,2023-04-13,6751,智聯服務,A連2漲停,1
2023-04-14,2023-04-13,6791,虎門科技,A+B,0
2023-04-14,2023-04-13,9110,,A連2漲停,0
2023-04-17,2023-04-14,3629,地心引力,B五日連漲30%,0
2023-04-17,2023-04-14,4510,高鋒,A連2漲停,1
2023-04-17,2023-04-14,6625,必應,A+B,1
2023-04-18,2023-04-17,2754,亞洲藏壽司,A連2漲停,1
2023-04-18,2023-04-17,3522,御嵿,A連2漲停,0
2023-04-18,2023-04-17,4741,泓瀚,B五日連漲30%,0
2023-04-18,2023-04-17,6612,奈米醫材,A連2漲停,1
2023-04-19,2023-04-18,6733,博晟生醫,A連2漲停,1
2023-04-19,2023-04-18,6874,倍力,B五日連漲30%,0
2023-04-20,2023-04-19,1905,華紙,A+B,1
2023-04-20,2023-04-19,6225,天瀚,A連2漲停,0
2023-04-21,2023-04-20,1727,中華化,B五日連漲30%,1
2023-04-24,2023-04-21,4121,優盛,B五日連漲30%,1
2023-04-24,2023-04-21,8093,保銳,A連2漲停,0
2023-04-26,2023-04-25,2429,銘旺科,A連2漲停,1
2023-04-26,2023-04-25,3363,上詮,A連2漲停,1
2023-04-26,2023-04-25,4581,,A連2漲停,0
2023-04-26,2023-04-25,6111,光聚晶電,B五日連漲30%,1
2023-04-26,2023-04-25,6148,驊宏資,B五日連漲30%,0
2023-04-27,2023-04-26,1776,展宇,A連2漲停,0
2023-04-27,2023-04-26,2630,亞航,A連2漲停,0
2023-04-27,2023-04-26,3664,,A連2漲停,1
2023-04-27,2023-04-26,4541,晟田,A連2漲停,1
2023-04-27,2023-04-26,6234,高僑,A連2漲停,1
2023-04-27,2023-04-26,6291,沛亨,A連2漲停,0
2023-04-27,2023-04-26,6741,,A連2漲停,1
2023-04-28,2023-04-27,2424,隴華,A+B,0
2023-04-28,2023-04-27,4160,訊聯基因,B五日連漲30%,0
2023-04-28,2023-04-27,4763,,A連2漲停,1
2023-04-28,2023-04-27,6167,久正,A連2漲停,1
2023-04-28,2023-04-27,6527,明達醫,B五日連漲30%,1
2023-04-28,2023-04-27,6625,必應,A連2漲停,0
2023-04-28,2023-04-27,6752,叡揚,A連2漲停,0
2023-04-28,2023-04-27,8099,大世科,B五日連漲30%,0
2023-05-03,2023-05-02,2358,,A連2漲停,1
2023-05-03,2023-05-02,3664,,A連2漲停,0
2023-05-03,2023-05-02,4175,杏一,B五日連漲30%,1
2023-05-03,2023-05-02,5356,協益,A連2漲停,0
2023-05-04,2023-05-03,6276,安鈦克,B五日連漲30%,1
2023-05-04,2023-05-03,6615,慧智,B五日連漲30%,0
2023-05-05,2023-05-04,3288,點晶,A連2漲停,0
2023-05-05,2023-05-04,3308,聯德,A連2漲停,1
2023-05-08,2023-05-05,5487,通泰,A連2漲停,0
2023-05-10,2023-05-09,2743,山富,B五日連漲30%,1
2023-05-10,2023-05-09,2745,五福,B五日連漲30%,0
2023-05-10,2023-05-09,5432,新門,A連2漲停,0
2023-05-10,2023-05-09,6198,瑞築,B五日連漲30%,0
2023-05-12,2023-05-11,2427,三商電,B五日連漲30%,1
2023-05-12,2023-05-11,2734,易飛網,B五日連漲30%,1
2023-05-12,2023-05-11,3363,上詮,B五日連漲30%,0
2023-05-12,2023-05-11,3617,碩天,B五日連漲30%,1
2023-05-12,2023-05-11,5906,,B五日連漲30%,0
2023-05-12,2023-05-11,8426,,A+B,1
2023-05-15,2023-05-12,2491,吉祥全,A連2漲停,0
2023-05-15,2023-05-12,6593,台灣銘板,A連2漲停,0
2023-05-16,2023-05-15,2719,燦星旅,A連2漲停,0
2023-05-16,2023-05-15,6697,東捷資訊,B五日連漲30%,0
2023-05-17,2023-05-16,1795,美時,A連2漲停,1
2023-05-17,2023-05-16,3178,公準,B五日連漲30%,1
2023-05-17,2023-05-16,6235,華孚,A連2漲停,1
2023-05-17,2023-05-16,6517,保勝光學,A連2漲停,0
2023-05-18,2023-05-17,6535,順藥,B五日連漲30%,1
2023-05-19,2023-05-18,2399,映泰,B五日連漲30%,1
2023-05-19,2023-05-18,2442,新美齊,A連2漲停,1
2023-05-19,2023-05-18,2722,夏都,B五日連漲30%,1
2023-05-19,2023-05-18,2736,富野,B五日連漲30%,1
2023-05-19,2023-05-18,4564,元翎,B五日連漲30%,1
2023-05-19,2023-05-18,5301,寶得利,B五日連漲30%,0
2023-05-19,2023-05-18,5706,鳳凰,B五日連漲30%,1
2023-05-22,2023-05-19,2630,亞航,A連2漲停,1
2023-05-22,2023-05-19,2719,燦星旅,A連2漲停,0
2023-05-22,2023-05-19,3325,旭品,A連2漲停,1
2023-05-23,2023-05-22,3252,海灣,A連2漲停,0
2023-05-23,2023-05-22,5703,亞都麗緻,A連2漲停,0
2023-05-23,2023-05-22,6164,華興,A連2漲停,1
2023-05-23,2023-05-22,6643,M31,B五日連漲30%,1
2023-05-23,2023-05-22,8940,新天地,A連2漲停,1
2023-05-24,2023-05-23,4804,,A連2漲停,0
2023-05-25,2023-05-24,1525,江申,B五日連漲30%,1
2023-05-25,2023-05-24,1608,華榮,A連2漲停,1
2023-05-25,2023-05-24,2424,隴華,A連2漲停,0
2023-05-25,2023-05-24,2491,吉祥全,A連2漲停,0
2023-05-25,2023-05-24,3013,晟銘電,B五日連漲30%,1
2023-05-25,2023-05-24,5310,天剛,B五日連漲30%,0
2023-05-25,2023-05-24,5386,青雲,B五日連漲30%,0
2023-05-25,2023-05-24,6124,業強,A連2漲停,0
2023-05-25,2023-05-24,6291,沛亨,B五日連漲30%,0
2023-05-25,2023-05-24,6515,穎崴,A連2漲停,1
2023-05-25,2023-05-24,6708,天擎,A連2漲停,0
2023-05-26,2023-05-25,2345,智邦,A連2漲停,1
2023-05-26,2023-05-25,2425,承啟,A連2漲停,1
2023-05-26,2023-05-25,3025,星通,A連2漲停,1
2023-05-26,2023-05-25,3625,西勝,A連2漲停,0
2023-05-26,2023-05-25,4543,萬在,B五日連漲30%,1
2023-05-26,2023-05-25,4979,華星光,B五日連漲30%,1
2023-05-26,2023-05-25,6584,南俊國際,A連2漲停,0
2023-05-29,2023-05-26,3349,寶德,A連2漲停,0
2023-05-30,2023-05-29,4747,強生*,B五日連漲30%,1
2023-05-31,2023-05-30,2486,一詮,B五日連漲30%,1
2023-05-31,2023-05-30,2734,易飛網,A連2漲停,0
2023-05-31,2023-05-30,3306,鼎天,A連2漲停,1
2023-05-31,2023-05-30,3629,地心引力,B五日連漲30%,0
2023-05-31,2023-05-30,4523,永彰,A連2漲停,0
2023-05-31,2023-05-30,4946,辣椒,B五日連漲30%,0
2023-06-01,2023-05-31,2432,倚天酷碁-創,A+B,0
2023-06-01,2023-05-31,2745,五福,B五日連漲30%,0
2023-06-01,2023-05-31,6187,萬潤,B五日連漲30%,1
2023-06-01,2023-05-31,8027,鈦昇,B五日連漲30%,1
2023-06-02,2023-06-01,1609,大亞,B五日連漲30%,1
2023-06-02,2023-06-01,2402,毅嘉,A連2漲停,1
2023-06-02,2023-06-01,3564,其陽,A連2漲停,1
2023-06-02,2023-06-01,6101,寬魚國際,B五日連漲30%,1
2023-06-02,2023-06-01,6125,廣運,A連2漲停,1
2023-06-05,2023-06-02,2630,亞航,B五日連漲30%,0
2023-06-05,2023-06-02,3583,辛耘,B五日連漲30%,1
2023-06-05,2023-06-02,5474,聰泰,B五日連漲30%,0
2023-06-05,2023-06-02,6577,勁豐,B五日連漲30%,0
2023-06-05,2023-06-02,6596,寬宏藝術,B五日連漲30%,1
2023-06-05,2023-06-02,6625,必應,A連2漲停,1
2023-06-06,2023-06-05,1903,士紙,A連2漲停,0
2023-06-06,2023-06-05,2719,燦星旅,A連2漲停,0
2023-06-06,2023-06-05,2734,易飛網,A連2漲停,0
2023-06-06,2023-06-05,3515,華擎,B五日連漲30%,1
2023-06-06,2023-06-05,5703,亞都麗緻,A連2漲停,0
2023-06-06,2023-06-05,6680,鑫創電子,A連2漲停,0
2023-06-07,2023-06-06,2743,山富,A連2漲停,0
2023-06-07,2023-06-06,3308,聯德,B五日連漲30%,1
2023-06-07,2023-06-06,3498,陽程,B五日連漲30%,0
2023-06-07,2023-06-06,5301,寶得利,A連2漲停,0
2023-06-07,2023-06-06,8034,榮群,A+B,0
2023-06-07,2023-06-06,8092,建暐,A連2漲停,0
2023-06-08,2023-06-07,2705,六福,A連2漲停,1
2023-06-08,2023-06-07,3054,立萬利,A連2漲停,0
2023-06-08,2023-06-07,3555,博士旺,B五日連漲30%,0
2023-06-08,2023-06-07,6122,擎邦,A連2漲停,1
2023-06-09,2023-06-08,3652,精聯,B五日連漲30%,1
2023-06-09,2023-06-08,4533,協易機,A+B,1
2023-06-09,2023-06-08,6148,驊宏資,A連2漲停,1
2023-06-09,2023-06-08,8087,麗升能源,A連2漲停,0
2023-06-12,2023-06-09,1742,台蠟,A連2漲停,1
2023-06-12,2023-06-09,2468,華經,B五日連漲30%,1
2023-06-12,2023-06-09,5258,虹堡,B五日連漲30%,1
2023-06-13,2023-06-12,1472,三洋實業,A連2漲停,0
2023-06-13,2023-06-12,1528,恩德,B五日連漲30%,1
2023-06-13,2023-06-12,2722,夏都,B五日連漲30%,1
2023-06-13,2023-06-12,5276,,A連2漲停,0
2023-06-13,2023-06-12,5345,馥鴻,A連2漲停,0
2023-06-14,2023-06-13,3693,營邦,B五日連漲30%,1
2023-06-14,2023-06-13,4538,大詠城,A連2漲停,0
2023-06-14,2023-06-13,6120,達運,B五日連漲30%,1
2023-06-14,2023-06-13,8201,無敵,A連2漲停,1
2023-06-15,2023-06-14,2424,隴華,A連2漲停,0
2023-06-15,2023-06-14,4916,事欣科,B五日連漲30%,1
2023-06-15,2023-06-14,6125,廣運,B五日連漲30%,0
2023-06-15,2023-06-14,6148,驊宏資,A連2漲停,0
2023-06-16,2023-06-15,1471,首利,B五日連漲30%,0
2023-06-16,2023-06-15,9950,萬國通,B五日連漲30%,0
2023-06-19,2023-06-16,2736,富野,A連2漲停,1
2023-06-19,2023-06-16,2748,雲品,A連2漲停,1
2023-06-19,2023-06-16,2924,,A連2漲停,0
2023-06-19,2023-06-16,3089,,B五日連漲30%,0
2023-06-19,2023-06-16,3564,其陽,A連2漲停,0
2023-06-19,2023-06-16,3687,歐買尬,A連2漲停,1
2023-06-19,2023-06-16,5704,老爺知,A連2漲停,1
2023-06-20,2023-06-19,2059,川湖,A連2漲停,1
2023-06-20,2023-06-19,6657,華安,B五日連漲30%,0
2023-06-21,2023-06-20,2067,嘉鋼,A連2漲停,0
2023-06-21,2023-06-20,2340,台亞,A連2漲停,1
2023-06-21,2023-06-20,3073,天方能源,A連2漲停,0
2023-06-21,2023-06-20,4563,百德,B五日連漲30%,0
2023-06-21,2023-06-20,6124,業強,A連2漲停,1
2023-06-21,2023-06-20,6222,立軒,A連2漲停,0
2023-06-21,2023-06-20,6276,安鈦克,A連2漲停,1
2023-06-26,2023-06-21,4414,如興,A連2漲停,0
2023-06-26,2023-06-21,6111,光聚晶電,A連2漲停,1
2023-06-26,2023-06-21,6169,昱泉,A連2漲停,0
2023-06-27,2023-06-26,1472,三洋實業,A連2漲停,0
2023-06-27,2023-06-26,6451,,B五日連漲30%,0
2023-06-28,2023-06-27,2230,泰茂,A+B,1
2023-06-28,2023-06-27,2419,仲琦,B五日連漲30%,1
2023-06-28,2023-06-27,3013,晟銘電,B五日連漲30%,1
2023-06-28,2023-06-27,3207,耀勝,A連2漲停,1
2023-06-28,2023-06-27,3259,鑫創,A連2漲停,0
2023-06-28,2023-06-27,3704,合勤控,B五日連漲30%,1
2023-06-28,2023-06-27,4979,華星光,B五日連漲30%,1
2023-06-28,2023-06-27,6125,廣運,B五日連漲30%,0
2023-06-28,2023-06-27,6669,緯穎,B五日連漲30%,1
2023-06-28,2023-06-27,8210,勤誠,B五日連漲30%,1
2023-06-29,2023-06-28,3231,緯創,B五日連漲30%,1
2023-06-29,2023-06-28,3564,其陽,B五日連漲30%,0
2023-06-29,2023-06-28,6117,迎廣,B五日連漲30%,1
2023-06-30,2023-06-29,2603,長榮,A連2漲停,1
2023-06-30,2023-06-29,3018,隆銘綠能,A+B,0
2023-06-30,2023-06-29,3115,富榮綱,A連2漲停,0
2023-06-30,2023-06-29,8048,德勝,B五日連漲30%,1
2023-07-03,2023-06-30,2609,陽明,A連2漲停,1
2023-07-03,2023-06-30,4414,如興,A連2漲停,0
2023-07-03,2023-06-30,4905,台聯電,A+B,0
2023-07-03,2023-06-30,6538,倉和,B五日連漲30%,1
2023-07-03,2023-06-30,8093,保銳,A+B,1
2023-07-04,2023-07-03,4566,時碩工業,A連2漲停,1
2023-07-05,2023-07-04,3284,太普高,B五日連漲30%,0
2023-07-05,2023-07-04,4523,永彰,A連2漲停,1
2023-07-05,2023-07-04,5348,正能量智能,A連2漲停,0
2023-07-05,2023-07-04,6419,京晨科,B五日連漲30%,0
2023-07-06,2023-07-05,2415,錩新,A連2漲停,0
2023-07-06,2023-07-05,3713,新晶投控,A連2漲停,0
2023-07-06,2023-07-05,4532,瑞智,A連2漲停,1
2023-07-06,2023-07-05,4533,協易機,A連2漲停,1
2023-07-06,2023-07-05,6222,立軒,A連2漲停,0
2023-07-07,2023-07-06,1604,聲寶,A連2漲停,1
2023-07-07,2023-07-06,2388,威盛,B五日連漲30%,1
2023-07-07,2023-07-06,3191,雲嘉南,B五日連漲30%,0
2023-07-07,2023-07-06,3234,光環,A+B,1
2023-07-07,2023-07-06,3666,光耀,A連2漲停,0
2023-07-07,2023-07-06,4527,方方土霖,A連2漲停,0
2023-07-07,2023-07-06,4754,國碳科,A連2漲停,0
2023-07-07,2023-07-06,8071,能率網通,A連2漲停,0
2023-07-07,2023-07-06,8488,,A連2漲停,0
2023-07-10,2023-07-07,1519,華城,B五日連漲30%,1
2023-07-10,2023-07-07,1618,合機,A連2漲停,1
2023-07-10,2023-07-07,2424,隴華,A連2漲停,0
2023-07-10,2023-07-07,3287,廣寰科,A連2漲停,1
2023-07-10,2023-07-07,4419,皇家美食,B五日連漲30%,0
2023-07-10,2023-07-07,6569,醫揚,B五日連漲30%,0
2023-07-10,2023-07-07,8155,博智,B五日連漲30%,1
2023-07-10,2023-07-07,9929,秋雨,A連2漲停,0
2023-07-11,2023-07-10,2356,英業達,B五日連漲30%,1
2023-07-11,2023-07-10,3219,倚強科,A連2漲停,0
2023-07-11,2023-07-10,3231,緯創,A連2漲停,0
2023-07-11,2023-07-10,3483,力致,B五日連漲30%,1
2023-07-11,2023-07-10,3706,神達,B五日連漲30%,1
2023-07-11,2023-07-10,6188,廣明,B五日連漲30%,1
2023-07-11,2023-07-10,6274,台燿,B五日連漲30%,1
2023-07-12,2023-07-11,3363,上詮,B五日連漲30%,1
2023-07-13,2023-07-12,1560,中砂,A連2漲停,1
2023-07-13,2023-07-12,2316,楠梓電,B五日連漲30%,0
2023-07-13,2023-07-12,2419,仲琦,A連2漲停,0
2023-07-13,2023-07-12,3518,柏騰,A連2漲停,1
2023-07-13,2023-07-12,4768,晶呈科技,B五日連漲30%,1
2023-07-13,2023-07-12,5474,聰泰,A連2漲停,1
2023-07-13,2023-07-12,6222,立軒,B五日連漲30%,0
2023-07-13,2023-07-12,6442,光聖,A+B,0
2023-07-13,2023-07-12,6527,明達醫,B五日連漲30%,0
2023-07-13,2023-07-12,6530,創威,B五日連漲30%,0
2023-07-13,2023-07-12,6841,長佳智能,A連2漲停,0
2023-07-14,2023-07-13,3057,喬鼎,A連2漲停,0
2023-07-14,2023-07-13,3071,協禧,A連2漲停,1
2023-07-14,2023-07-13,3305,昇貿,A連2漲停,1
2023-07-14,2023-07-13,3432,台端,A連2漲停,0
2023-07-14,2023-07-13,4908,前鼎,A連2漲停,1
2023-07-14,2023-07-13,5432,新門,A連2漲停,0
2023-07-14,2023-07-13,5484,慧友,A連2漲停,1
2023-07-14,2023-07-13,6150,撼訊,A連2漲停,1
2023-07-14,2023-07-13,6796,晉弘,A連2漲停,0
2023-07-14,2023-07-13,6902,GOGOLOOK,A連2漲停,0
2023-07-14,2023-07-13,8087,麗升能源,A連2漲停,1
2023-07-17,2023-07-14,1529,樂事綠能,A連2漲停,1
2023-07-17,2023-07-14,2421,建準,B五日連漲30%,1
2023-07-17,2023-07-14,3149,正達,A連2漲停,1
2023-07-17,2023-07-14,8201,無敵,A連2漲停,1
2023-07-18,2023-07-17,2059,川湖,A連2漲停,1
2023-07-18,2023-07-17,4188,安克,B五日連漲30%,0
2023-07-18,2023-07-17,5474,聰泰,A連2漲停,0
2023-07-18,2023-07-17,6579,研揚,A連2漲停,1
2023-07-19,2023-07-18,1903,士紙,B五日連漲30%,1
2023-07-19,2023-07-18,3588,通嘉,A連2漲停,1
2023-07-19,2023-07-18,5340,建榮,A連2漲停,1
2023-07-19,2023-07-18,6158,禾昌,A+B,0
2023-07-19,2023-07-18,6811,宏碁資訊,A+B,1
2023-07-20,2023-07-19,2719,燦星旅,A連2漲停,1
2023-07-20,2023-07-19,3191,雲嘉南,B五日連漲30%,0
2023-07-20,2023-07-19,3338,泰碩,A連2漲停,1
2023-07-20,2023-07-19,4953,緯致,B五日連漲30%,1
2023-07-20,2023-07-19,5703,亞都麗緻,A連2漲停,1
2023-07-20,2023-07-19,6697,東捷資訊,A連2漲停,1
2023-07-20,2023-07-19,6874,倍力,A連2漲停,1
2023-07-21,2023-07-20,2329,華泰,B五日連漲30%,1
2023-07-21,2023-07-20,2357,華碩,A連2漲停,1
2023-07-21,2023-07-20,6275,元山,A連2漲停,1
2023-07-21,2023-07-20,6591,,A連2漲停,1
2023-07-21,2023-07-20,8409,商之器,A連2漲停,0
2023-07-24,2023-07-21,3306,鼎天,A連2漲停,1
2023-07-24,2023-07-21,4523,永彰,A連2漲停,1
2023-07-24,2023-07-21,5432,新門,B五日連漲30%,0
2023-07-24,2023-07-21,6117,迎廣,A連2漲停,0
2023-07-24,2023-07-21,6188,廣明,A連2漲停,0
2023-07-24,2023-07-21,6640,均華,A連2漲停,0
2023-07-25,2023-07-24,3163,波若威,B五日連漲30%,1
2023-07-25,2023-07-24,6231,系微,B五日連漲30%,1
2023-07-25,2023-07-24,8201,無敵,A連2漲停,0
2023-07-26,2023-07-25,2913,農林,B五日連漲30%,1
2023-07-26,2023-07-25,6148,驊宏資,A連2漲停,1
2023-07-26,2023-07-25,6412,群電,A連2漲停,1
2023-07-27,2023-07-26,5340,建榮,A連2漲停,0
2023-07-27,2023-07-26,6531,愛普*,A連2漲停,1
2023-07-27,2023-07-26,9927,泰銘,B五日連漲30%,0
2023-07-28,2023-07-27,3257,虹冠電,A連2漲停,1
2023-07-28,2023-07-27,6218,豪勉,A連2漲停,1
2023-07-28,2023-07-27,6640,均華,A連2漲停,0
2023-07-31,2023-07-28,4160,訊聯基因,A連2漲停,0
2023-07-31,2023-07-28,6615,慧智,A連2漲停,0
2023-08-01,2023-07-31,2009,第一銅,A連2漲停,1
2023-08-01,2023-07-31,2440,太空梭,A連2漲停,0
2023-08-04,2023-08-02,3583,辛耘,A連2漲停,1
2023-08-04,2023-08-02,8027,鈦昇,A連2漲停,1
2023-08-08,2023-08-07,2363,矽統,B五日連漲30%,1
2023-08-08,2023-08-07,2516,新建,A連2漲停,0
2023-08-08,2023-08-07,6418,詠昇,A連2漲停,0
2023-08-09,2023-08-08,4154,,B五日連漲30%,0
2023-08-10,2023-08-09,4950,金耘國際,A連2漲停,1
2023-08-10,2023-08-09,6236,中湛,A連2漲停,0
2023-08-11,2023-08-10,3043,科風,B五日連漲30%,0
2023-08-11,2023-08-10,3306,鼎天,B五日連漲30%,0
2023-08-14,2023-08-11,6664,群翊,A連2漲停,1
2023-08-15,2023-08-14,1471,首利,B五日連漲30%,1
2023-08-15,2023-08-14,2332,友訊,B五日連漲30%,1
2023-08-15,2023-08-14,3051,力特,B五日連漲30%,1
2023-08-15,2023-08-14,3664,,A連2漲停,0
2023-08-15,2023-08-14,3693,營邦,B五日連漲30%,1
2023-08-15,2023-08-14,3715,定穎投控,B五日連漲30%,1
2023-08-15,2023-08-14,4198,欣大健康,A連2漲停,0
2023-08-15,2023-08-14,4581,,B五日連漲30%,0
2023-08-15,2023-08-14,8087,麗升能源,A連2漲停,1
2023-08-16,2023-08-15,6117,迎廣,B五日連漲30%,1
2023-08-17,2023-08-16,4944,,A+B,0
2023-08-18,2023-08-17,3308,聯德,A連2漲停,1
2023-08-21,2023-08-18,1519,華城,A連2漲停,1
2023-08-21,2023-08-18,2331,精英,B五日連漲30%,1
2023-08-21,2023-08-18,3564,其陽,A連2漲停,1
2023-08-21,2023-08-18,3661,,A連2漲停,1
2023-08-21,2023-08-18,4542,科嶠,A連2漲停,0
2023-08-21,2023-08-18,5348,正能量智能,A連2漲停,0
2023-08-22,2023-08-21,6198,瑞築,A連2漲停,0
2023-08-23,2023-08-22,2485,兆赫,A連2漲停,1
2023-08-23,2023-08-22,8033,雷虎,A連2漲停,0
2023-08-23,2023-08-22,9950,萬國通,A連2漲停,1
2023-08-24,2023-08-23,4712,,A連2漲停,0
2023-08-24,2023-08-23,5381,光譜,A連2漲停,1
2023-08-25,2023-08-24,2364,倫飛,B五日連漲30%,0
2023-08-25,2023-08-24,5301,寶得利,A連2漲停,0
2023-08-28,2023-08-25,6212,理銘,A連2漲停,0
2023-08-29,2023-08-28,2436,偉詮電,A連2漲停,1
2023-08-29,2023-08-28,3588,通嘉,B五日連漲30%,1
2023-08-29,2023-08-28,3715,定穎投控,A連2漲停,0
2023-08-29,2023-08-28,4154,,B五日連漲30%,0
2023-08-29,2023-08-28,4542,科嶠,B五日連漲30%,0
2023-08-29,2023-08-28,6122,擎邦,B五日連漲30%,1
2023-08-29,2023-08-28,6291,沛亨,A連2漲停,0
2023-08-30,2023-08-29,2204,中華,B五日連漲30%,1
2023-08-30,2023-08-29,2236,,B五日連漲30%,1
2023-08-30,2023-08-29,2402,毅嘉,A連2漲停,1
2023-08-30,2023-08-29,3548,兆利,B五日連漲30%,1
2023-08-30,2023-08-29,6547,高端疫苗,A連2漲停,1
2023-08-31,2023-08-30,2358,,B五日連漲30%,0
2023-08-31,2023-08-30,3432,台端,A連2漲停,0
2023-08-31,2023-08-30,5381,光譜,A連2漲停,0
2023-09-01,2023-08-31,2816,旺旺保,B五日連漲30%,1
2023-09-01,2023-08-31,5215,,A連2漲停,0
2023-09-01,2023-08-31,8068,全達,B五日連漲30%,0
2023-09-04,2023-09-01,3567,逸昌,A連2漲停,1
2023-09-04,2023-09-01,6236,中湛,B五日連漲30%,0
2023-09-05,2023-09-04,2614,東森,A連2漲停,0
2023-09-05,2023-09-04,3363,上詮,A+B,1
2023-09-06,2023-09-05,2025,千興,B五日連漲30%,0
2023-09-06,2023-09-05,4944,,A連2漲停,0
2023-09-06,2023-09-05,9928,中視,A連2漲停,0
2023-09-08,2023-09-07,4529,淳紳,A連2漲停,0
2023-09-08,2023-09-07,4945,,A連2漲停,1
2023-09-08,2023-09-07,5321,美而快,B五日連漲30%,1
2023-09-08,2023-09-07,6451,,A連2漲停,1
2023-09-11,2023-09-08,1515,力山,A連2漲停,1
2023-09-11,2023-09-08,3709,鑫聯大投控,B五日連漲30%,0
2023-09-12,2023-09-11,1522,堤維西,A連2漲停,1
2023-09-13,2023-09-12,2486,一詮,A連2漲停,1
2023-09-13,2023-09-12,4908,前鼎,A連2漲停,1
2023-09-13,2023-09-12,6451,,A連2漲停,0
2023-09-13,2023-09-12,8068,全達,A連2漲停,0
2023-09-14,2023-09-13,1435,中福,A連2漲停,0
2023-09-14,2023-09-13,3058,立德,A連2漲停,1
2023-09-14,2023-09-13,3276,宇環,A連2漲停,1
2023-09-14,2023-09-13,4946,辣椒,A連2漲停,0
2023-09-14,2023-09-13,8467,,A連2漲停,0
2023-09-15,2023-09-14,3036,文曄,A+B,0
2023-09-22,2023-09-21,1435,中福,A連2漲停,0
2023-09-22,2023-09-21,2543,皇昌,A連2漲停,1
2023-09-22,2023-09-21,6139,亞翔,B五日連漲30%,1
2023-09-27,2023-09-26,2417,圓剛,B五日連漲30%,1
2023-09-27,2023-09-26,3325,旭品,B五日連漲30%,1
2023-09-27,2023-09-26,5432,新門,A連2漲停,1
2023-09-27,2023-09-26,6117,迎廣,A+B,1
2023-09-28,2023-09-27,2429,銘旺科,A連2漲停,0
2023-09-28,2023-09-27,3234,光環,A連2漲停,1
2023-09-28,2023-09-27,3276,宇環,B五日連漲30%,0
2023-09-28,2023-09-27,5426,振發,A連2漲停,1
2023-09-28,2023-09-27,6187,萬潤,A+B,1
2023-09-28,2023-09-27,8093,保銳,B五日連漲30%,0
2023-10-02,2023-09-28,3672,康聯訊,A連2漲停,0
2023-10-02,2023-09-28,6451,,A連2漲停,0
2023-10-03,2023-10-02,2443,,A連2漲停,0
2023-10-03,2023-10-02,3122,笙泉,A連2漲停,1
2023-10-04,2023-10-03,1324,地球,A連2漲停,1
2023-10-04,2023-10-03,3530,晶相光,A連2漲停,0
2023-10-04,2023-10-03,5272,笙科,A連2漲停,0
2023-10-04,2023-10-03,6684,安格,A連2漲停,1
2023-10-05,2023-10-04,2364,倫飛,B五日連漲30%,1
2023-10-05,2023-10-04,4503,金雨,A+B,0
2023-10-05,2023-10-04,6482,弘煜科,B五日連漲30%,0
2023-10-05,2023-10-04,6530,創威,A連2漲停,1
2023-10-05,2023-10-04,9950,萬國通,A連2漲停,1
2023-10-06,2023-10-05,2465,麗臺,A+B,1
2023-10-06,2023-10-05,5348,正能量智能,A連2漲停,0
2023-10-06,2023-10-05,6556,勝品,A連2漲停,0
2023-10-11,2023-10-06,2363,矽統,A+B,1
2023-10-11,2023-10-06,6419,京晨科,B五日連漲30%,0
2023-10-12,2023-10-11,4806,桂田文創,B五日連漲30%,0
2023-10-12,2023-10-11,4908,前鼎,A連2漲停,1
2023-10-12,2023-10-11,5215,,A連2漲停,1
2023-10-12,2023-10-11,6276,安鈦克,A連2漲停,1
2023-10-12,2023-10-11,6530,創威,B五日連漲30%,0
2023-10-16,2023-10-13,5348,正能量智能,A連2漲停,0
2023-10-16,2023-10-13,6237,驊訊,A連2漲停,0
2023-10-17,2023-10-16,2816,旺旺保,A連2漲停,1
2023-10-17,2023-10-16,3041,揚智,B五日連漲30%,1
2023-10-17,2023-10-16,6113,亞矽,A連2漲停,0
2023-10-18,2023-10-17,1324,地球,A連2漲停,0
2023-10-19,2023-10-18,1721,國慶科技,B五日連漲30%,1
2023-10-19,2023-10-18,1781,合世,A連2漲停,0
2023-10-19,2023-10-18,3176,基亞,A連2漲停,1
2023-10-20,2023-10-19,2369,菱生,A連2漲停,1
2023-10-20,2023-10-19,4944,,A連2漲停,0
2023-10-20,2023-10-19,6113,亞矽,A連2漲停,0
2023-10-23,2023-10-20,2465,麗臺,A連2漲停,0
2023-10-23,2023-10-20,4162,智擎,A連2漲停,1
2023-10-23,2023-10-20,4542,科嶠,A連2漲停,0
2023-10-23,2023-10-20,6292,迅德,A連2漲停,0
2023-10-23,2023-10-20,6593,台灣銘板,B五日連漲30%,1
2023-10-23,2023-10-20,8110,華東,A連2漲停,1
2023-10-24,2023-10-23,6228,全譜,A連2漲停,0
2023-10-25,2023-10-24,5314,世紀*,A連2漲停,0
2023-10-25,2023-10-24,6133,金橋,A連2漲停,0
2023-10-25,2023-10-24,8054,安國,A連2漲停,1
2023-10-26,2023-10-25,2424,隴華,A連2漲停,0
2023-10-26,2023-10-25,6492,生華科,A+B,0
2023-10-27,2023-10-26,2417,圓剛,A連2漲停,1
2023-10-27,2023-10-26,3176,基亞,A連2漲停,0
2023-10-27,2023-10-26,4188,安克,B五日連漲30%,0
2023-10-30,2023-10-27,3523,迎輝,A連2漲停,0
2023-10-30,2023-10-27,3623,富晶通,A連2漲停,0
2023-10-30,2023-10-27,4154,,A連2漲停,0
2023-10-31,2023-10-30,1449,佳和,B五日連漲30%,1
2023-11-02,2023-11-01,2388,威盛,A連2漲停,1
2023-11-02,2023-11-01,4806,桂田文創,B五日連漲30%,0
2023-11-02,2023-11-01,6558,興能高,A連2漲停,0
2023-11-02,2023-11-01,8034,榮群,B五日連漲30%,1
2023-11-03,2023-11-02,3228,金麗科,A連2漲停,1
2023-11-03,2023-11-02,5546,,A連2漲停,0
2023-11-03,2023-11-02,6133,金橋,A連2漲停,0
2023-11-06,2023-11-03,2722,夏都,A連2漲停,0
2023-11-06,2023-11-03,2739,寒舍,A連2漲停,0
2023-11-06,2023-11-03,6117,迎廣,A連2漲停,1
2023-11-07,2023-11-06,2059,川湖,A連2漲停,1
2023-11-07,2023-11-06,3086,華義*,A連2漲停,0
2023-11-09,2023-11-08,4183,福永生技,B五日連漲30%,0
2023-11-09,2023-11-08,6122,擎邦,A+B,1
2023-11-10,2023-11-09,1515,力山,B五日連漲30%,1
2023-11-10,2023-11-09,2543,皇昌,B五日連漲30%,1
2023-11-10,2023-11-09,8940,新天地,A連2漲停,0
2023-11-13,2023-11-10,2388,威盛,B五日連漲30%,0
2023-11-13,2023-11-10,3545,敦泰,B五日連漲30%,1
2023-11-13,2023-11-10,5314,世紀*,A+B,0
2023-11-14,2023-11-13,3285,微端,B五日連漲30%,0
2023-11-14,2023-11-13,4413,飛寶企業,A連2漲停,0
2023-11-14,2023-11-13,6243,迅杰,B五日連漲30%,1
2023-11-14,2023-11-13,6933,,B五日連漲30%,0
2023-11-14,2023-11-13,8077,洛碁,B五日連漲30%,0
2023-11-14,2023-11-13,8467,,B五日連漲30%,0
2023-11-15,2023-11-14,3041,揚智,A連2漲停,1
2023-11-15,2023-11-14,3629,地心引力,B五日連漲30%,0
2023-11-15,2023-11-14,4419,皇家美食,B五日連漲30%,0
2023-11-15,2023-11-14,6902,GOGOLOOK,B五日連漲30%,0
2023-11-16,2023-11-15,1435,中福,A連2漲停,0
2023-11-16,2023-11-15,2719,燦星旅,A連2漲停,0
2023-11-16,2023-11-15,2722,夏都,A連2漲停,0
2023-11-16,2023-11-15,2739,寒舍,A連2漲停,0
2023-11-16,2023-11-15,3521,台鋼建設,A連2漲停,1
2023-11-16,2023-11-15,5236,凌陽創新,B五日連漲30%,1
2023-11-16,2023-11-15,5703,亞都麗緻,A連2漲停,0
2023-11-16,2023-11-15,6922,宸曜,A連2漲停,0
2023-11-17,2023-11-16,2355,敬鵬,A連2漲停,1
2023-11-17,2023-11-16,3005,神基,A連2漲停,1
2023-11-17,2023-11-16,3149,正達,A連2漲停,0
2023-11-17,2023-11-16,3564,其陽,A連2漲停,0
2023-11-17,2023-11-16,6125,廣運,A連2漲停,1
2023-11-17,2023-11-16,6127,九豪,A連2漲停,1
2023-11-17,2023-11-16,6237,驊訊,A連2漲停,1
2023-11-17,2023-11-16,6517,保勝光學,B五日連漲30%,0
2023-11-17,2023-11-16,6558,興能高,A連2漲停,0
2023-11-17,2023-11-16,8089,康全電訊,B五日連漲30%,0
2023-11-20,2023-11-17,2516,新建,A連2漲停,1
2023-11-20,2023-11-17,3230,錦明,A連2漲停,0
2023-11-20,2023-11-17,3623,富晶通,A連2漲停,1
2023-11-20,2023-11-17,5210,寶碩,B五日連漲30%,1
2023-11-20,2023-11-17,5533,皇鼎,A連2漲停,0
2023-11-21,2023-11-20,3437,榮創,B五日連漲30%,1
2023-11-21,2023-11-20,3694,海華,A連2漲停,1
2023-11-21,2023-11-20,6204,艾華,B五日連漲30%,1
2023-11-21,2023-11-20,6530,創威,A連2漲停,1
2023-11-21,2023-11-20,6716,應廣,A+B,0
2023-11-22,2023-11-21,3530,晶相光,A連2漲停,1
2023-11-22,2023-11-21,6222,立軒,A連2漲停,0
2023-11-23,2023-11-22,3373,熱映,B五日連漲30%,0
2023-11-23,2023-11-22,3494,誠研,B五日連漲30%,0
2023-11-23,2023-11-22,4712,,A連2漲停,0
2023-11-24,2023-11-23,1325,恆大,B五日連漲30%,0
2023-11-24,2023-11-23,5432,新門,B五日連漲30%,1
2023-11-24,2023-11-23,6482,弘煜科,B五日連漲30%,0
2023-11-24,2023-11-23,9103,,B五日連漲30%,0
2023-11-24,2023-11-23,9919,康那香,B五日連漲30%,1
2023-11-27,2023-11-24,2329,華泰,B五日連漲30%,1
2023-11-27,2023-11-24,4945,,A連2漲停,1
2023-11-27,2023-11-24,5478,智冠,A+B,1
2023-11-27,2023-11-24,6276,安鈦克,B五日連漲30%,1
2023-11-27,2023-11-24,6504,南六,A連2漲停,0
2023-11-28,2023-11-27,2612,中航,B五日連漲30%,1
2023-11-28,2023-11-27,4420,光明,A連2漲停,0
2023-11-28,2023-11-27,6117,迎廣,B五日連漲30%,1
2023-11-29,2023-11-28,3570,大塚,A連2漲停,0
2023-11-29,2023-11-28,5328,華容,A連2漲停,1
2023-11-29,2023-11-28,6287,,A連2漲停,0
2023-11-29,2023-11-28,8096,擎亞,A連2漲停,0
2023-11-30,2023-11-29,3086,華義*,A連2漲停,0
2023-11-30,2023-11-29,3555,博士旺,A連2漲停,0
2023-11-30,2023-11-29,3687,歐買尬,A連2漲停,0
2023-11-30,2023-11-29,4154,,A連2漲停,0
2023-11-30,2023-11-29,4905,台聯電,A連2漲停,0
2023-11-30,2023-11-29,6259,百徽,A連2漲停,0
2023-12-01,2023-11-30,1781,合世,A連2漲停,1
2023-12-01,2023-11-30,2641,正德,A連2漲停,1
2023-12-01,2023-11-30,5202,力新,A連2漲停,0
2023-12-01,2023-11-30,5210,寶碩,A+B,0
2023-12-01,2023-11-30,6124,業強,A連2漲停,0
2023-12-01,2023-11-30,6194,育富,A連2漲停,1
2023-12-01,2023-11-30,6222,立軒,B五日連漲30%,0
2023-12-04,2023-12-01,2605,新興,A連2漲停,1
2023-12-04,2023-12-01,2611,志信,A連2漲停,1
2023-12-04,2023-12-01,3287,廣寰科,B五日連漲30%,1
2023-12-04,2023-12-01,6140,訊達電腦,B五日連漲30%,0
2023-12-05,2023-12-04,1466,聚隆,A連2漲停,0
2023-12-05,2023-12-04,3229,晟鈦,A連2漲停,0
2023-12-05,2023-12-04,4413,飛寶企業,B五日連漲30%,0
2023-12-05,2023-12-04,6199,天品,A連2漲停,0
2023-12-05,2023-12-04,8472,納維康,A連2漲停,0
2023-12-06,2023-12-05,6668,中揚光,B五日連漲30%,0
2023-12-07,2023-12-06,1524,耿鼎,A連2漲停,1
2023-12-07,2023-12-06,8201,無敵,B五日連漲30%,0
2023-12-08,2023-12-07,1618,合機,A連2漲停,1
2023-12-08,2023-12-07,3191,雲嘉南,A連2漲停,0
2023-12-08,2023-12-07,3266,昇陽,A連2漲停,1
2023-12-08,2023-12-07,3499,環天科,A連2漲停,0
2023-12-08,2023-12-07,5426,振發,A+B,1
2023-12-08,2023-12-07,5432,新門,A連2漲停,0
2023-12-08,2023-12-07,8096,擎亞,A連2漲停,0
2023-12-08,2023-12-07,8112,至上,A連2漲停,1
2023-12-11,2023-12-08,2443,,A連2漲停,0
2023-12-11,2023-12-08,3086,華義*,A連2漲停,0
2023-12-11,2023-12-08,4909,新復興,A連2漲停,1
2023-12-11,2023-12-08,8426,,A連2漲停,1
2023-12-12,2023-12-11,5210,寶碩,B五日連漲30%,0
2023-12-12,2023-12-11,8089,康全電訊,A+B,0
2023-12-13,2023-12-12,1805,寶徠,A連2漲停,0
2023-12-13,2023-12-12,2356,英業達,A連2漲停,1
2023-12-13,2023-12-12,6658,聯策,A連2漲停,0
2023-12-15,2023-12-14,2007,燁興,A連2漲停,1
2023-12-15,2023-12-14,2032,新鋼,A連2漲停,0
2023-12-15,2023-12-14,2038,海光,A連2漲停,0
2023-12-15,2023-12-14,3086,華義*,A連2漲停,0
2023-12-18,2023-12-15,1325,恆大,A連2漲停,0
2023-12-18,2023-12-15,8085,福華,A連2漲停,1
2023-12-18,2023-12-15,8477,創業家,A連2漲停,0
2023-12-19,2023-12-18,1732,毛寶,A連2漲停,1
2023-12-19,2023-12-18,8059,凱碩,B五日連漲30%,0
2023-12-20,2023-12-19,1435,中福,A連2漲停,0
2023-12-20,2023-12-19,2443,,A+B,0
2023-12-20,2023-12-19,3086,華義*,A連2漲停,0
2023-12-20,2023-12-19,3609,三一東林,A連2漲停,0
2023-12-22,2023-12-21,4712,,B五日連漲30%,0
2023-12-22,2023-12-21,8477,創業家,A連2漲停,0
2023-12-25,2023-12-22,8066,來思達,A連2漲停,0
2023-12-26,2023-12-25,6113,亞矽,B五日連漲30%,1
2023-12-28,2023-12-27,1435,中福,A連2漲停,0
2023-12-28,2023-12-27,3288,點晶,A+B,0
2023-12-28,2023-12-27,6230,尼得科超眾,A連2漲停,0
2023-12-29,2023-12-28,2362,藍天,A連2漲停,1
2023-12-29,2023-12-28,5223,,A連2漲停,0
2023-12-29,2023-12-28,6140,訊達電腦,A連2漲停,1
2024-01-02,2023-12-29,3086,華義*,A連2漲停,0
2024-01-02,2023-12-29,6222,立軒,A連2漲停,1
2024-01-03,2024-01-02,1325,恆大,A連2漲停,0
2024-01-03,2024-01-02,1732,毛寶,A連2漲停,0
2024-01-03,2024-01-02,5205,中茂,A連2漲停,0
2024-01-03,2024-01-02,8467,,B五日連漲30%,1
2024-01-05,2024-01-04,3025,星通,A連2漲停,0
2024-01-05,2024-01-04,3066,李洲,A連2漲停,0
2024-01-05,2024-01-04,3287,廣寰科,A連2漲停,1
2024-01-05,2024-01-04,4419,皇家美食,A連2漲停,0
2024-01-05,2024-01-04,4956,光鋐,A連2漲停,1
2024-01-05,2024-01-04,6140,訊達電腦,B五日連漲30%,0
2024-01-09,2024-01-08,3349,寶德,A連2漲停,0
2024-01-09,2024-01-08,3499,環天科,A連2漲停,1
2024-01-09,2024-01-08,5314,世紀*,B五日連漲30%,1
2024-01-09,2024-01-08,5426,振發,A連2漲停,1
2024-01-09,2024-01-08,6735,美達科技,A連2漲停,0
2024-01-09,2024-01-08,8034,榮群,B五日連漲30%,1
2024-01-10,2024-01-09,2423,固緯,A連2漲停,1
2024-01-10,2024-01-09,3066,李洲,A連2漲停,0
2024-01-10,2024-01-09,4529,淳紳,B五日連漲30%,0
2024-01-10,2024-01-09,6425,易發,B五日連漲30%,0
2024-01-10,2024-01-09,6535,順藥,B五日連漲30%,1
2024-01-10,2024-01-09,8096,擎亞,A連2漲停,1
2024-01-11,2024-01-10,2424,隴華,A連2漲停,0
2024-01-11,2024-01-10,5210,寶碩,A連2漲停,1
2024-01-12,2024-01-11,3623,富晶通,A連2漲停,1
2024-01-12,2024-01-11,6698,旭暉應材,A連2漲停,0
2024-01-15,2024-01-12,1528,恩德,A連2漲停,1
2024-01-15,2024-01-12,3354,律勝,A連2漲停,1
2024-01-15,2024-01-12,3694,海華,A連2漲停,1
2024-01-15,2024-01-12,5426,振發,B五日連漲30%,0
2024-01-15,2024-01-12,6243,迅杰,A連2漲停,1
2024-01-15,2024-01-12,6276,安鈦克,A連2漲停,0
2024-01-17,2024-01-16,6240,松崗,A連2漲停,0
2024-01-18,2024-01-17,3447,展達,A連2漲停,0
2024-01-18,2024-01-17,3520,華盈,A連2漲停,0
2024-01-18,2024-01-17,3615,安可,B五日連漲30%,1
2024-01-18,2024-01-17,3623,富晶通,A連2漲停,0
2024-01-18,2024-01-17,6113,亞矽,B五日連漲30%,0
2024-01-19,2024-01-18,2443,,B五日連漲30%,0
2024-01-19,2024-01-18,3354,律勝,A+B,0
2024-01-19,2024-01-18,5398,慕康生醫,A連2漲停,1
2024-01-19,2024-01-18,6124,業強,A連2漲停,1
2024-01-19,2024-01-18,6140,訊達電腦,A連2漲停,0
2024-01-19,2024-01-18,6218,豪勉,A連2漲停,0
2024-01-19,2024-01-18,8201,無敵,A連2漲停,1
2024-01-22,2024-01-19,5432,新門,A連2漲停,1
2024-01-22,2024-01-19,6237,驊訊,A連2漲停,1
2024-01-23,2024-01-22,4729,熒茂,A連2漲停,0
2024-01-23,2024-01-22,4909,新復興,A連2漲停,1
2024-01-23,2024-01-22,5314,世紀*,B五日連漲30%,0
2024-01-23,2024-01-22,6229,研通,B五日連漲30%,0
2024-01-23,2024-01-22,6535,順藥,A連2漲停,0
2024-01-24,2024-01-23,1418,東華,B五日連漲30%,0
2024-01-24,2024-01-23,3294,英濟,B五日連漲30%,0
2024-01-24,2024-01-23,3360,尚立,A+B,1
2024-01-24,2024-01-23,3535,晶彩科,A連2漲停,0
2024-01-24,2024-01-23,6462,神盾,B五日連漲30%,0
2024-01-24,2024-01-23,8080,泰霖,A+B,0
2024-01-25,2024-01-24,5251,天鉞電,B五日連漲30%,0
2024-01-26,2024-01-25,3230,錦明,A連2漲停,0
2024-01-26,2024-01-25,3297,杭特,A連2漲停,0
2024-01-26,2024-01-25,3434,哲固,A連2漲停,0
2024-01-26,2024-01-25,6165,浪凡,A連2漲停,1
2024-01-26,2024-01-25,6465,威潤,A連2漲停,0
2024-01-29,2024-01-26,3289,宜特,B五日連漲30%,1
2024-01-29,2024-01-26,3530,晶相光,B五日連漲30%,1
2024-01-29,2024-01-26,4303,信立,B五日連漲30%,1
2024-01-29,2024-01-26,4529,淳紳,A連2漲停,0
2024-01-29,2024-01-26,6113,亞矽,A連2漲停,0
2024-01-29,2024-01-26,6684,安格,B五日連漲30%,1
2024-01-29,2024-01-26,8054,安國,B五日連漲30%,1
2024-01-30,2024-01-29,2465,麗臺,B五日連漲30%,1
2024-01-30,2024-01-29,6265,方土昶,A連2漲停,1
2024-01-30,2024-01-29,6584,南俊國際,B五日連漲30%,1
2024-01-30,2024-01-29,6716,應廣,A連2漲停,0
2024-01-30,2024-01-29,6805,富世達,B五日連漲30%,0
2024-01-31,2024-01-30,2365,昆盈,B五日連漲30%,1
2024-01-31,2024-01-30,3268,海德威,A連2漲停,0
2024-01-31,2024-01-30,3313,斐成,A連2漲停,0
2024-01-31,2024-01-30,3376,新日興,B五日連漲30%,1
2024-01-31,2024-01-30,5487,通泰,A連2漲停,0
2024-01-31,2024-01-30,6742,澤米,A連2漲停,0
2024-01-31,2024-01-30,6785,昱展新藥,A+B,0
2024-01-31,2024-01-30,8067,志旭,A連2漲停,0
2024-02-01,2024-01-31,1528,恩德,A連2漲停,1
2024-02-01,2024-01-31,4714,永捷,B五日連漲30%,1
2024-02-01,2024-01-31,5310,天剛,A連2漲停,0
2024-02-01,2024-01-31,6735,美達科技,B五日連漲30%,0
2024-02-02,2024-02-01,2467,志聖,B五日連漲30%,1
2024-02-02,2024-02-01,3234,光環,A連2漲停,1
2024-02-02,2024-02-01,3593,力銘,A連2漲停,0
2024-02-02,2024-02-01,5284,,B五日連漲30%,1
2024-02-05,2024-02-02,2460,建通,B五日連漲30%,1
2024-02-05,2024-02-02,3055,蔚華科,B五日連漲30%,1
2024-02-05,2024-02-02,3288,點晶,A連2漲停,0
2024-02-05,2024-02-02,5443,均豪,B五日連漲30%,1
2024-02-05,2024-02-02,6189,豐藝,B五日連漲30%,1
2024-02-15,2024-02-05,1781,合世,A連2漲停,0
2024-02-15,2024-02-05,1809,中釉,B五日連漲30%,1
2024-02-15,2024-02-05,2329,華泰,A連2漲停,1
2024-02-15,2024-02-05,2543,皇昌,B五日連漲30%,1
2024-02-15,2024-02-05,3312,弘憶股,B五日連漲30%,1
2024-02-15,2024-02-05,3321,同泰,A+B,0
2024-02-15,2024-02-05,3437,榮創,A連2漲停,1
2024-02-15,2024-02-05,3516,亞帝歐,A連2漲停,0
2024-02-15,2024-02-05,4534,慶騰,B五日連漲30%,0
2024-02-15,2024-02-05,4909,新復興,A連2漲停,0
2024-02-15,2024-02-05,4945,,B五日連漲30%,1
2024-02-15,2024-02-05,4968,立積,A連2漲停,1
2024-02-15,2024-02-05,5355,佳總,B五日連漲30%,1
2024-02-15,2024-02-05,6425,易發,B五日連漲30%,1
2024-02-15,2024-02-05,6442,光聖,A+B,1
2024-02-15,2024-02-05,6462,神盾,A連2漲停,0
2024-02-15,2024-02-05,6640,均華,A連2漲停,0
2024-02-15,2024-02-05,8147,正淩,A連2漲停,1
2024-02-16,2024-02-15,1316,上曜,A連2漲停,1
2024-02-16,2024-02-15,1806,冠軍,A連2漲停,1
2024-02-16,2024-02-15,3025,星通,B五日連漲30%,0
2024-02-16,2024-02-15,3041,揚智,A連2漲停,1
2024-02-16,2024-02-15,3221,台嘉碩,B五日連漲30%,0
2024-02-16,2024-02-15,3313,斐成,A+B,0
2024-02-16,2024-02-15,3551,世禾,B五日連漲30%,1
2024-02-16,2024-02-15,4529,淳紳,A連2漲停,0
2024-02-16,2024-02-15,4556,旭然,A連2漲停,0
2024-02-16,2024-02-15,5202,力新,A連2漲停,1
2024-02-16,2024-02-15,5381,光譜,A連2漲停,1
2024-02-16,2024-02-15,6126,信音,A連2漲停,1
2024-02-16,2024-02-15,8064,東捷,B五日連漲30%,1
2024-02-16,2024-02-15,8067,志旭,A連2漲停,0
2024-02-19,2024-02-16,3230,錦明,A連2漲停,0
2024-02-19,2024-02-16,4729,熒茂,A連2漲停,0
2024-02-19,2024-02-16,6164,華興,A連2漲停,1
2024-02-19,2024-02-16,6578,達邦蛋白,A連2漲停,1
2024-02-19,2024-02-16,8092,建暐,A+B,1
2024-02-19,2024-02-16,8477,創業家,A連2漲停,0
2024-02-20,2024-02-19,3073,天方能源,A連2漲停,0
2024-02-20,2024-02-19,4131,浩泰,B五日連漲30%,0
2024-02-20,2024-02-19,4588,玖鼎電力,A+B,0
2024-02-20,2024-02-19,8047,星雲,A連2漲停,0
2024-02-20,2024-02-19,8182,加高,A連2漲停,0
2024-02-21,2024-02-20,3191,雲嘉南,A連2漲停,0
2024-02-21,2024-02-20,3390,旭軟,B五日連漲30%,1
2024-02-21,2024-02-20,3516,亞帝歐,A連2漲停,0
2024-02-21,2024-02-20,4556,旭然,A連2漲停,0
2024-02-21,2024-02-20,8147,正淩,A+B,0
2024-02-21,2024-02-20,8467,,A連2漲停,1
2024-02-22,2024-02-21,2467,志聖,A連2漲停,0
2024-02-22,2024-02-21,2718,全心投控,A連2漲停,0
2024-02-22,2024-02-21,3131,弘塑,A連2漲停,1
2024-02-22,2024-02-21,4303,信立,B五日連漲30%,0
2024-02-22,2024-02-21,4526,東台,A連2漲停,1
2024-02-22,2024-02-21,6697,東捷資訊,A連2漲停,0
2024-02-23,2024-02-22,2543,皇昌,B五日連漲30%,0
2024-02-23,2024-02-22,3354,律勝,A連2漲停,1
2024-02-23,2024-02-22,3363,上詮,A連2漲停,1
2024-02-23,2024-02-22,4542,科嶠,A連2漲停,1
2024-02-23,2024-02-22,6113,亞矽,A連2漲停,0
2024-02-23,2024-02-22,6292,迅德,A連2漲停,1
2024-02-23,2024-02-22,6532,瑞耘,A連2漲停,1
2024-02-23,2024-02-22,6640,均華,A+B,0
2024-02-23,2024-02-22,8047,星雲,A連2漲停,0
2024-02-26,2024-02-23,1456,怡華,B五日連漲30%,0
2024-02-26,2024-02-23,1725,元禎,A+B,0
2024-02-26,2024-02-23,1727,中華化,A連2漲停,1
2024-02-26,2024-02-23,2465,麗臺,B五日連漲30%,0
2024-02-26,2024-02-23,5314,世紀*,B五日連漲30%,0
2024-02-26,2024-02-23,5452,佶優,A連2漲停,1
2024-02-26,2024-02-23,6535,順藥,B五日連漲30%,1
2024-02-27,2024-02-26,3372,典範,A+B,1
2024-02-27,2024-02-26,3516,亞帝歐,A連2漲停,0
2024-02-27,2024-02-26,4943,,B五日連漲30%,0
2024-02-29,2024-02-27,1316,上曜,B五日連漲30%,0
2024-02-29,2024-02-27,2417,圓剛,B五日連漲30%,1
2024-02-29,2024-02-27,3013,晟銘電,B五日連漲30%,1
2024-02-29,2024-02-27,3147,大綜,A連2漲停,1
2024-02-29,2024-02-27,3515,華擎,A連2漲停,1
2024-02-29,2024-02-27,6227,茂綸,B五日連漲30%,1
2024-02-29,2024-02-27,6591,,B五日連漲30%,0
2024-02-29,2024-02-27,6654,天正國際,B五日連漲30%,0
2024-02-29,2024-02-27,7402,邑錡,A連2漲停,1
2024-02-29,2024-02-27,8080,泰霖,A連2漲停,0
2024-02-29,2024-02-27,8423,,B五日連漲30%,0
2024-03-01,2024-02-29,2449,京元電子,B五日連漲30%,1
2024-03-01,2024-02-29,2524,京城,A連2漲停,0
2024-03-01,2024-02-29,3297,杭特,A連2漲停,1
2024-03-01,2024-02-29,3376,新日興,A連2漲停,0
2024-03-01,2024-02-29,3564,其陽,B五日連漲30%,0
2024-03-01,2024-02-29,3631,晟楠,B五日連漲30%,0
2024-03-01,2024-02-29,4538,大詠城,A連2漲停,0
2024-03-01,2024-02-29,5251,天鉞電,A連2漲停,1
2024-03-01,2024-02-29,5310,天剛,B五日連漲30%,0
2024-03-01,2024-02-29,8401,白紗科,A連2漲停,0
2024-03-04,2024-03-01,2404,漢唐,B五日連漲30%,1
2024-03-04,2024-03-01,3516,亞帝歐,A連2漲停,0
2024-03-04,2024-03-01,4523,永彰,A連2漲停,0
2024-03-04,2024-03-01,6735,美達科技,A連2漲停,0
2024-03-04,2024-03-01,8011,台通,A連2漲停,1
2024-03-05,2024-03-04,3067,全域,A連2漲停,0
2024-03-05,2024-03-04,5498,凱崴,A連2漲停,1
2024-03-05,2024-03-04,6103,合邦,A連2漲停,0
2024-03-05,2024-03-04,6197,佳必琪,A連2漲停,1
2024-03-05,2024-03-04,6275,元山,A連2漲停,1
2024-03-05,2024-03-04,8092,建暐,A連2漲停,0
2024-03-06,2024-03-05,3171,炎洲流通,A連2漲停,0
2024-03-06,2024-03-05,3540,曜越,A連2漲停,1
2024-03-06,2024-03-05,4994,傳奇,B五日連漲30%,0
2024-03-06,2024-03-05,8080,泰霖,A連2漲停,0
2024-03-07,2024-03-06,3086,華義*,A連2漲停,0
2024-03-07,2024-03-06,5386,青雲,B五日連漲30%,1
2024-03-07,2024-03-06,8040,九暘,A連2漲停,1
2024-03-07,2024-03-06,9902,台火,A連2漲停,0
2024-03-08,2024-03-07,3016,嘉晶,A連2漲停,1
2024-03-08,2024-03-07,3284,太普高,A連2漲停,1
2024-03-08,2024-03-07,4198,欣大健康,A連2漲停,0
2024-03-08,2024-03-07,5529,鉅陞,A連2漲停,0
2024-03-08,2024-03-07,6577,勁豐,B五日連漲30%,0
2024-03-08,2024-03-07,6616,,A連2漲停,0
2024-03-11,2024-03-08,1519,華城,B五日連漲30%,1
2024-03-11,2024-03-08,2611,志信,B五日連漲30%,1
2024-03-11,2024-03-08,3324,雙鴻,A連2漲停,1
2024-03-11,2024-03-08,3521,台鋼建設,A連2漲停,1
2024-03-11,2024-03-08,4905,台聯電,A連2漲停,0
2024-03-11,2024-03-08,4909,新復興,A連2漲停,1
2024-03-11,2024-03-08,5201,凱衛,A連2漲停,0
2024-03-11,2024-03-08,5212,凌網,A連2漲停,0
2024-03-11,2024-03-08,6199,天品,A連2漲停,0
2024-03-11,2024-03-08,6230,尼得科超眾,A+B,0
2024-03-11,2024-03-08,8011,台通,A連2漲停,0
2024-03-12,2024-03-11,5314,世紀*,B五日連漲30%,0
2024-03-12,2024-03-11,6419,京晨科,A連2漲停,0
2024-03-12,2024-03-11,9902,台火,A連2漲停,0
2024-03-13,2024-03-12,3207,耀勝,B五日連漲30%,1
2024-03-14,2024-03-13,4127,天良,B五日連漲30%,0
2024-03-15,2024-03-14,3498,陽程,B五日連漲30%,0
2024-03-15,2024-03-14,6188,廣明,B五日連漲30%,1
2024-03-15,2024-03-14,6640,均華,B五日連漲30%,0
2024-03-15,2024-03-14,6753,龍德造船,B五日連漲30%,1
2024-03-15,2024-03-14,6933,,A連2漲停,0
2024-03-15,2024-03-14,8467,,A連2漲停,1
2024-03-18,2024-03-15,1503,士電,B五日連漲30%,1
2024-03-18,2024-03-15,2359,所羅門,B五日連漲30%,1
2024-03-18,2024-03-15,2404,漢唐,A連2漲停,0
2024-03-18,2024-03-15,3672,康聯訊,A連2漲停,0
2024-03-18,2024-03-15,5493,三聯,A+B,0
2024-03-18,2024-03-15,6735,美達科技,A連2漲停,0
2024-03-19,2024-03-18,3508,位速,A連2漲停,0
2024-03-21,2024-03-20,1616,億泰,A+B,1
2024-03-21,2024-03-20,3708,上緯投控,A連2漲停,1
2024-03-21,2024-03-20,8996,高力,A連2漲停,1
2024-03-22,2024-03-21,6517,保勝光學,A連2漲停,0
2024-03-22,2024-03-21,8092,建暐,A連2漲停,1
2024-03-25,2024-03-22,1725,元禎,A連2漲停,1
2024-03-25,2024-03-22,4198,欣大健康,B五日連漲30%,0
2024-03-26,2024-03-25,2358,,A連2漲停,0
2024-03-27,2024-03-26,1796,金穎生技,A連2漲停,0
2024-03-27,2024-03-26,3313,斐成,A連2漲停,1
2024-03-27,2024-03-26,3629,地心引力,A+B,0
2024-03-27,2024-03-26,3666,光耀,B五日連漲30%,0
2024-03-27,2024-03-26,6197,佳必琪,B五日連漲30%,1
2024-03-28,2024-03-27,1570,力肯,B五日連漲30%,1
2024-03-28,2024-03-27,1587,吉茂,B五日連漲30%,1
2024-03-28,2024-03-27,6139,亞翔,B五日連漲30%,1
2024-03-28,2024-03-27,6649,台生材,A連2漲停,0
2024-03-28,2024-03-27,8054,安國,B五日連漲30%,1
2024-03-29,2024-03-28,3324,雙鴻,B五日連漲30%,1
2024-03-29,2024-03-28,6207,雷科,B五日連漲30%,1
2024-04-01,2024-03-29,2359,所羅門,A連2漲停,0
2024-04-01,2024-03-29,2486,一詮,A連2漲停,1
2024-04-01,2024-03-29,3466,德晉,B五日連漲30%,1
2024-04-01,2024-03-29,3555,博士旺,A連2漲停,0
2024-04-01,2024-03-29,5443,均豪,A連2漲停,1
2024-04-02,2024-04-01,2066,世德,A連2漲停,1
2024-04-02,2024-04-01,2374,佳能,A連2漲停,1
2024-04-03,2024-04-02,2363,矽統,A+B,1
2024-04-03,2024-04-02,3339,泰谷,A連2漲停,1
2024-04-03,2024-04-02,4192,杏國,A連2漲停,0
2024-04-03,2024-04-02,4513,福裕,B五日連漲30%,1
2024-04-03,2024-04-02,4716,大立,A連2漲停,1
2024-04-03,2024-04-02,6117,迎廣,A連2漲停,1
2024-04-03,2024-04-02,6227,茂綸,A連2漲停,1
2024-04-03,2024-04-02,6588,東典光電,A連2漲停,0
2024-04-08,2024-04-03,1453,大將,B五日連漲30%,1
2024-04-08,2024-04-03,1514,亞力,A+B,1
2024-04-08,2024-04-03,1608,華榮,A連2漲停,1
2024-04-08,2024-04-03,2009,第一銅,A連2漲停,1
2024-04-08,2024-04-03,2537,聯上發,A連2漲停,1
2024-04-08,2024-04-03,2724,,B五日連漲30%,0
2024-04-08,2024-04-03,3060,銘異,B五日連漲30%,1
2024-04-08,2024-04-03,3095,及成,A連2漲停,0
2024-04-08,2024-04-03,3691,碩禾,B五日連漲30%,1
2024-04-08,2024-04-03,4402,郡都開發,A連2漲停,1
2024-04-08,2024-04-03,4533,協易機,A+B,1
2024-04-08,2024-04-03,6113,亞矽,A連2漲停,1
2024-04-08,2024-04-03,6215,和椿,A連2漲停,1
2024-04-08,2024-04-03,6949,沛爾生醫*-創,A+B,0
2024-04-08,2024-04-03,8047,星雲,A連2漲停,0
2024-04-08,2024-04-03,8096,擎亞,A連2漲停,1
2024-04-09,2024-04-08,3555,博士旺,A連2漲停,0
2024-04-10,2024-04-09,2506,太設,A連2漲停,1
2024-04-10,2024-04-09,4183,福永生技,A連2漲停,0
2024-04-10,2024-04-09,4905,台聯電,A連2漲停,0
2024-04-10,2024-04-09,6283,淳安,B五日連漲30%,0
2024-04-10,2024-04-09,6431,,A連2漲停,0
2024-04-10,2024-04-09,8077,洛碁,A+B,0
2024-04-11,2024-04-10,2374,佳能,A連2漲停,0
2024-04-11,2024-04-10,3312,弘憶股,A連2漲停,1
2024-04-11,2024-04-10,3402,漢科,A連2漲停,1
2024-04-11,2024-04-10,6139,亞翔,A連2漲停,0
2024-04-11,2024-04-10,6223,旺矽,A連2漲停,1
2024-04-11,2024-04-10,6229,研通,A連2漲停,1
2024-04-11,2024-04-10,9949,琉園,A連2漲停,0
2024-04-12,2024-04-11,1587,吉茂,A連2漲停,0
2024-04-12,2024-04-11,1609,大亞,A連2漲停,1
2024-04-12,2024-04-11,1617,榮星,B五日連漲30%,1
2024-04-12,2024-04-11,1618,合機,A+B,1
2024-04-12,2024-04-11,2061,風青,B五日連漲30%,0
2024-04-12,2024-04-11,2867,三商壽,A連2漲停,0
2024-04-12,2024-04-11,4588,玖鼎電力,A+B,0
2024-04-12,2024-04-11,4609,唐鋒,A+B,0
2024-04-15,2024-04-12,1810,和成,A連2漲停,1
2024-04-15,2024-04-12,9955,佳龍,A連2漲停,1
2024-04-16,2024-04-15,6222,立軒,A連2漲停,0
2024-04-16,2024-04-15,6230,尼得科超眾,A連2漲停,1
2024-04-16,2024-04-15,6264,富裔,A連2漲停,0
2024-04-16,2024-04-15,8438,昶昕,A連2漲停,0
2024-04-17,2024-04-16,1603,華電,A連2漲停,1
2024-04-17,2024-04-16,1608,華榮,A連2漲停,0
2024-04-17,2024-04-16,1609,大亞,A連2漲停,0
2024-04-17,2024-04-16,1612,宏泰,A連2漲停,1
2024-04-17,2024-04-16,1616,億泰,A連2漲停,1
2024-04-17,2024-04-16,3686,達能,B五日連漲30%,1
2024-04-17,2024-04-16,5251,天鉞電,A連2漲停,1
2024-04-17,2024-04-16,5512,力麒,A連2漲停,1
2024-04-18,2024-04-17,3085,新零售,A連2漲停,0
2024-04-18,2024-04-17,3703,欣陸,A連2漲停,1
2024-04-18,2024-04-17,4556,旭然,A連2漲停,0
2024-04-19,2024-04-18,5514,三豐,A連2漲停,0
2024-04-19,2024-04-18,6199,天品,B五日連漲30%,0
2024-04-19,2024-04-18,6264,富裔,A連2漲停,0
2024-04-19,2024-04-18,8080,泰霖,A連2漲停,0
2024-04-19,2024-04-18,9902,台火,A連2漲停,1
2024-04-22,2024-04-19,2743,山富,B五日連漲30%,1
2024-04-22,2024-04-19,2745,五福,B五日連漲30%,1
2024-04-22,2024-04-19,4160,訊聯基因,A連2漲停,0
2024-04-22,2024-04-19,6615,慧智,A連2漲停,0
2024-04-23,2024-04-22,1587,吉茂,A+B,0
2024-04-23,2024-04-22,1725,元禎,B五日連漲30%,1
2024-04-23,2024-04-22,2359,所羅門,A連2漲停,0
2024-04-23,2024-04-22,2724,,B五日連漲30%,0
2024-04-23,2024-04-22,3230,錦明,A連2漲停,0
2024-04-23,2024-04-22,3234,光環,B五日連漲30%,1
2024-04-23,2024-04-22,3363,上詮,B五日連漲30%,1
2024-04-23,2024-04-22,4716,大立,A連2漲停,0
2024-04-23,2024-04-22,5251,天鉞電,A連2漲停,0
2024-04-23,2024-04-22,5301,寶得利,B五日連漲30%,0
2024-04-23,2024-04-22,5432,新門,A連2漲停,1
2024-04-23,2024-04-22,6425,易發,A連2漲停,1
2024-04-23,2024-04-22,6449,鈺邦,B五日連漲30%,1
2024-04-23,2024-04-22,6552,易華電,B五日連漲30%,0
2024-04-24,2024-04-23,3287,廣寰科,B五日連漲30%,1
2024-04-24,2024-04-23,5493,三聯,A連2漲停,1
2024-04-24,2024-04-23,6230,尼得科超眾,A連2漲停,0
2024-04-24,2024-04-23,6264,富裔,B五日連漲30%,0
2024-04-24,2024-04-23,8996,高力,B五日連漲30%,1
2024-04-25,2024-04-24,1459,聯發,A連2漲停,0
2024-04-25,2024-04-24,5508,永信建,B五日連漲30%,1
2024-04-26,2024-04-25,1413,宏洲,A連2漲停,0
2024-04-26,2024-04-25,1446,宏和,B五日連漲30%,0
2024-04-26,2024-04-25,1516,川飛,A連2漲停,0
2024-04-26,2024-04-25,2501,國建,A連2漲停,1
2024-04-26,2024-04-25,2611,志信,A連2漲停,1
2024-04-26,2024-04-25,2739,寒舍,B五日連漲30%,1
2024-04-26,2024-04-25,4127,天良,A連2漲停,1
2024-04-26,2024-04-25,5531,鄉林,A連2漲停,1
2024-04-26,2024-04-25,6419,京晨科,B五日連漲30%,0
2024-04-26,2024-04-25,8906,花王,A連2漲停,0
2024-04-29,2024-04-26,2718,全心投控,B五日連漲30%,0
2024-04-29,2024-04-26,3188,鑫龍騰,B五日連漲30%,1
2024-04-29,2024-04-26,6113,亞矽,A連2漲停,1
2024-04-29,2024-04-26,6442,光聖,B五日連漲30%,1
2024-04-29,2024-04-26,8064,東捷,A連2漲停,1
2024-04-29,2024-04-26,8096,擎亞,B五日連漲30%,1
2024-04-30,2024-04-29,3095,及成,A連2漲停,0
2024-04-30,2024-04-29,3466,德晉,A+B,1
2024-04-30,2024-04-29,4967,十銓,B五日連漲30%,1
2024-04-30,2024-04-29,6130,上亞科技,A連2漲停,0
2024-05-02,2024-04-30,1453,大將,A連2漲停,1
2024-05-02,2024-04-30,2543,皇昌,A連2漲停,1
2024-05-02,2024-04-30,3313,斐成,A連2漲停,1
2024-05-02,2024-04-30,3564,其陽,A連2漲停,1
2024-05-02,2024-04-30,5522,遠雄,A連2漲停,1
2024-05-02,2024-04-30,8455,,A連2漲停,0
2024-05-03,2024-05-02,1587,吉茂,A連2漲停,0
2024-05-03,2024-05-02,2546,根基,A連2漲停,1
2024-05-03,2024-05-02,2726,,A連2漲停,0
2024-05-03,2024-05-02,5348,正能量智能,A連2漲停,0
2024-05-03,2024-05-02,8048,德勝,A連2漲停,1
2024-05-03,2024-05-02,8906,花王,A連2漲停,0
2024-05-06,2024-05-03,4562,穎漢,A+B,1
2024-05-06,2024-05-03,4973,廣穎電通,A連2漲停,1
2024-05-06,2024-05-03,6556,勝品,A連2漲停,0
2024-05-06,2024-05-03,6834,天二科技,A連2漲停,0
2024-05-07,2024-05-06,1615,大山,A連2漲停,1
2024-05-07,2024-05-06,2615,萬海,B五日連漲30%,1
2024-05-07,2024-05-06,4561,健椿,B五日連漲30%,1
2024-05-07,2024-05-06,4903,聯光通,B五日連漲30%,0
2024-05-08,2024-05-07,6863,,B五日連漲30%,0
2024-05-09,2024-05-08,1473,台南,A連2漲停,1
2024-05-09,2024-05-08,2241,艾姆勒,A連2漲停,1
2024-05-09,2024-05-08,2362,藍天,B五日連漲30%,1
2024-05-09,2024-05-08,2609,陽明,B五日連漲30%,1
2024-05-09,2024-05-08,2613,中櫃,B五日連漲30%,1
2024-05-10,2024-05-09,1522,堤維西,A連2漲停,1
2024-05-10,2024-05-09,2374,佳能,B五日連漲30%,1
2024-05-10,2024-05-09,2482,連宇,A連2漲停,1
2024-05-10,2024-05-09,5392,能率,B五日連漲30%,1
2024-05-10,2024-05-09,5475,德宏,A連2漲停,0
2024-05-13,2024-05-10,6419,京晨科,A+B,0
2024-05-13,2024-05-10,6446,藥華藥,B五日連漲30%,1
2024-05-13,2024-05-10,6629,,A連2漲停,0
2024-05-14,2024-05-13,2243,,B五日連漲30%,0
2024-05-14,2024-05-13,2359,所羅門,A連2漲停,1
2024-05-14,2024-05-13,3064,泰偉,B五日連漲30%,0
2024-05-15,2024-05-14,1587,吉茂,A連2漲停,0
2024-05-15,2024-05-14,2467,志聖,A連2漲停,1
2024-05-15,2024-05-14,2514,龍邦,B五日連漲30%,1
2024-05-15,2024-05-14,2726,,A連2漲停,0
2024-05-15,2024-05-14,2923,,A連2漲停,0
2024-05-15,2024-05-14,4549,桓達,A連2漲停,1
2024-05-15,2024-05-14,4952,凌通,B五日連漲30%,1
2024-05-15,2024-05-14,9928,中視,A連2漲停,0
2024-05-16,2024-05-15,1453,大將,A連2漲停,0
2024-05-16,2024-05-15,2867,三商壽,A連2漲停,0
2024-05-16,2024-05-15,3228,金麗科,A連2漲停,1
2024-05-16,2024-05-15,6264,富裔,A連2漲停,0
2024-05-16,2024-05-15,6706,惠特,A連2漲停,0
2024-05-16,2024-05-15,8071,能率網通,A連2漲停,1
2024-05-17,2024-05-16,2392,正崴,B五日連漲30%,1
2024-05-17,2024-05-16,4160,訊聯基因,A連2漲停,1
2024-05-17,2024-05-16,4533,協易機,A連2漲停,1
2024-05-20,2024-05-17,1752,南光,A連2漲停,0
2024-05-20,2024-05-17,2009,第一銅,A連2漲停,1
2024-05-20,2024-05-17,4111,濟生,A連2漲停,0
2024-05-20,2024-05-17,5426,振發,A連2漲停,1
2024-05-20,2024-05-17,8374,羅昇,B五日連漲30%,0
2024-05-20,2024-05-17,9955,佳龍,A連2漲停,1
2024-05-21,2024-05-20,1815,富喬,A連2漲停,1
2024-05-21,2024-05-20,2250,,A連2漲停,1
2024-05-21,2024-05-20,2359,所羅門,A連2漲停,0
2024-05-21,2024-05-20,2365,昆盈,A+B,1
2024-05-21,2024-05-20,2464,盟立,A連2漲停,1
2024-05-21,2024-05-20,3466,德晉,B五日連漲30%,0
2024-05-21,2024-05-20,3537,堡達,B五日連漲30%,1
2024-05-21,2024-05-20,4545,銘鈺,A連2漲停,1
2024-05-21,2024-05-20,5474,聰泰,B五日連漲30%,0
2024-05-21,2024-05-20,6117,迎廣,A連2漲停,1
2024-05-21,2024-05-20,6209,今國光,A連2漲停,1
2024-05-21,2024-05-20,6276,安鈦克,A連2漲停,0
2024-05-21,2024-05-20,6573,,A連2漲停,0
2024-05-22,2024-05-21,1516,川飛,A連2漲停,1
2024-05-22,2024-05-21,2613,中櫃,A連2漲停,0
2024-05-22,2024-05-21,4979,華星光,A連2漲停,1
2024-05-22,2024-05-21,6231,系微,B五日連漲30%,1
2024-05-22,2024-05-21,8291,尚茂,A+B,0
2024-05-23,2024-05-22,3055,蔚華科,A連2漲停,1
2024-05-23,2024-05-22,3564,其陽,B五日連漲30%,1
2024-05-24,2024-05-23,3202,,A連2漲停,1
2024-05-24,2024-05-23,3306,鼎天,A連2漲停,1
2024-05-24,2024-05-23,3312,弘憶股,B五日連漲30%,1
2024-05-24,2024-05-23,3450,聯鈞,A連2漲停,1
2024-05-24,2024-05-23,3494,誠研,B五日連漲30%,0
2024-05-24,2024-05-23,3518,柏騰,A連2漲停,0
2024-05-24,2024-05-23,4549,桓達,B五日連漲30%,0
2024-05-27,2024-05-24,2495,普安,A連2漲停,1
2024-05-27,2024-05-24,2613,中櫃,A連2漲停,0
2024-05-27,2024-05-24,3379,彬台,B五日連漲30%,0
2024-05-27,2024-05-24,4562,穎漢,A連2漲停,0
2024-05-27,2024-05-24,6140,訊達電腦,B五日連漲30%,1
2024-05-27,2024-05-24,6160,欣技,A連2漲停,1
2024-05-27,2024-05-24,6227,茂綸,A連2漲停,1
2024-05-27,2024-05-24,6695,芯鼎,A+B,1
2024-05-27,2024-05-24,8455,,A+B,0
2024-05-28,2024-05-27,2722,夏都,A連2漲停,1
2024-05-28,2024-05-27,3040,遠見,A連2漲停,0
2024-05-28,2024-05-27,3048,益登,B五日連漲30%,1
2024-05-28,2024-05-27,3432,台端,B五日連漲30%,0
2024-05-28,2024-05-27,3447,展達,A連2漲停,0
2024-05-28,2024-05-27,4160,訊聯基因,B五日連漲30%,0
2024-05-28,2024-05-27,4571,,A連2漲停,0
2024-05-28,2024-05-27,5468,凱鈺,A連2漲停,0
2024-05-28,2024-05-27,6512,啟發電,B五日連漲30%,0
2024-05-29,2024-05-28,3308,聯德,A連2漲停,0
2024-05-29,2024-05-28,3577,泓格,A連2漲停,0
2024-05-29,2024-05-28,6895,宏碩系統,B五日連漲30%,0
2024-05-29,2024-05-28,8099,大世科,A連2漲停,0
2024-05-30,2024-05-29,3229,晟鈦,B五日連漲30%,0
2024-05-30,2024-05-29,5484,慧友,B五日連漲30%,0
2024-05-30,2024-05-29,6552,易華電,A連2漲停,1
2024-05-31,2024-05-30,2524,京城,A連2漲停,1
2024-05-31,2024-05-30,2537,聯上發,A連2漲停,1
2024-05-31,2024-05-30,3372,典範,A連2漲停,1
2024-05-31,2024-05-30,3564,其陽,A連2漲停,0
2024-05-31,2024-05-30,4113,聯上,A連2漲停,1
2024-05-31,2024-05-30,4534,慶騰,A連2漲停,0
2024-05-31,2024-05-30,4562,穎漢,A連2漲停,0
2024-05-31,2024-05-30,4571,,A連2漲停,0
2024-05-31,2024-05-30,5302,太欣,B五日連漲30%,1
2024-05-31,2024-05-30,6117,迎廣,A連2漲停,0
2024-05-31,2024-05-30,6125,廣運,A連2漲停,1
2024-05-31,2024-05-30,6228,全譜,A連2漲停,0
2024-05-31,2024-05-30,6442,光聖,B五日連漲30%,1
2024-05-31,2024-05-30,6615,慧智,A連2漲停,0
2024-05-31,2024-05-30,8093,保銳,A連2漲停,1
2024-06-03,2024-05-31,2417,圓剛,A連2漲停,1
2024-06-03,2024-05-31,3088,艾訊,A連2漲停,1
2024-06-03,2024-05-31,3540,曜越,A連2漲停,1
2024-06-03,2024-05-31,6496,科懋,A連2漲停,0
2024-06-03,2024-05-31,6922,宸曜,A連2漲停,0
2024-06-03,2024-05-31,8416,實威,A連2漲停,0
2024-06-03,2024-05-31,8929,富堡,A連2漲停,0
2024-06-04,2024-06-03,2482,連宇,A連2漲停,1
2024-06-04,2024-06-03,3122,笙泉,A+B,1
2024-06-04,2024-06-03,6560,欣普羅,A連2漲停,0
2024-06-04,2024-06-03,6674,鋐寶科技,A連2漲停,0
2024-06-05,2024-06-04,2613,中櫃,A連2漲停,0
2024-06-05,2024-06-04,2615,萬海,A連2漲停,1
2024-06-05,2024-06-04,6228,全譜,A+B,0
2024-06-05,2024-06-04,6419,京晨科,A連2漲停,0
2024-06-06,2024-06-05,3374,精材,B五日連漲30%,1
2024-06-07,2024-06-06,1617,榮星,A連2漲停,1
2024-06-07,2024-06-06,3229,晟鈦,A連2漲停,0
2024-06-07,2024-06-06,4419,皇家美食,B五日連漲30%,0
2024-06-07,2024-06-06,4588,玖鼎電力,A連2漲停,0
2024-06-07,2024-06-06,4967,十銓,B五日連漲30%,1
2024-06-07,2024-06-06,6706,惠特,B五日連漲30%,1
2024-06-07,2024-06-06,6751,智聯服務,A連2漲停,0
2024-06-07,2024-06-06,6834,天二科技,A連2漲停,1
2024-06-11,2024-06-07,3095,及成,A連2漲停,0
2024-06-11,2024-06-07,3219,倚強科,A連2漲停,0
2024-06-11,2024-06-07,3432,台端,A連2漲停,0
2024-06-12,2024-06-11,2429,銘旺科,B五日連漲30%,0
2024-06-12,2024-06-11,3048,益登,A連2漲停,0
2024-06-12,2024-06-11,4562,穎漢,A連2漲停,0
2024-06-12,2024-06-11,4924,,A+B,0
2024-06-12,2024-06-11,5398,慕康生醫,A連2漲停,0
2024-06-12,2024-06-11,8028,昇陽半導體,A連2漲停,1
2024-06-12,2024-06-11,8374,羅昇,B五日連漲30%,0
2024-06-13,2024-06-12,2438,翔耀,A連2漲停,1
2024-06-13,2024-06-12,4502,健信,A連2漲停,0
2024-06-13,2024-06-12,6877,鏵友益,B五日連漲30%,0
2024-06-13,2024-06-12,6890,,A連2漲停,0
2024-06-14,2024-06-13,3622,洋華,A連2漲停,1
2024-06-14,2024-06-13,4153,鈺緯,B五日連漲30%,0
2024-06-14,2024-06-13,4526,東台,B五日連漲30%,1
2024-06-14,2024-06-13,4566,時碩工業,A連2漲停,1
2024-06-14,2024-06-13,6021,美好證,B五日連漲30%,0
2024-06-14,2024-06-13,6144,得利影,A連2漲停,0
2024-06-14,2024-06-13,6449,鈺邦,A連2漲停,1
2024-06-14,2024-06-13,6598,,B五日連漲30%,0
2024-06-14,2024-06-13,9105,,A連2漲停,0
2024-06-17,2024-06-14,2365,昆盈,A連2漲停,1
2024-06-17,2024-06-14,3379,彬台,A連2漲停,0
2024-06-17,2024-06-14,4545,銘鈺,A連2漲停,1
2024-06-17,2024-06-14,6451,,A連2漲停,1
2024-06-17,2024-06-14,6535,順藥,A連2漲停,1
2024-06-17,2024-06-14,6834,天二科技,A連2漲停,0
2024-06-17,2024-06-14,6895,宏碩系統,A連2漲停,0
2024-06-18,2024-06-17,5468,凱鈺,A連2漲停,1
2024-06-18,2024-06-17,6431,,B五日連漲30%,0
2024-06-19,2024-06-18,2316,楠梓電,A連2漲停,1
2024-06-19,2024-06-18,2438,翔耀,A+B,0
2024-06-19,2024-06-18,3064,泰偉,B五日連漲30%,0
2024-06-19,2024-06-18,3288,點晶,B五日連漲30%,0
2024-06-19,2024-06-18,3297,杭特,B五日連漲30%,1
2024-06-19,2024-06-18,4909,新復興,A連2漲停,1
2024-06-19,2024-06-18,6441,廣錠,A連2漲停,0
2024-06-19,2024-06-18,6560,欣普羅,A連2漲停,0
2024-06-20,2024-06-19,3062,建漢,A連2漲停,1
2024-06-20,2024-06-19,3580,友威科,A連2漲停,1
2024-06-20,2024-06-19,3581,博磊,B五日連漲30%,1
2024-06-20,2024-06-19,3652,精聯,A+B,1
2024-06-20,2024-06-19,6640,均華,A連2漲停,1
2024-06-20,2024-06-19,6869,雲豹能源,A+B,1
2024-06-20,2024-06-19,6890,,A連2漲停,0
2024-06-21,2024-06-20,3073,天方能源,B五日連漲30%,0
2024-06-21,2024-06-20,3535,晶彩科,A連2漲停,1
2024-06-21,2024-06-20,5345,馥鴻,A+B,0
2024-06-21,2024-06-20,5452,佶優,A連2漲停,1
2024-06-21,2024-06-20,6457,,A連2漲停,0
2024-06-24,2024-06-21,1418,東華,A連2漲停,0
2024-06-24,2024-06-21,1784,訊聯,B五日連漲30%,1
2024-06-24,2024-06-21,4198,欣大健康,A連2漲停,0
2024-06-24,2024-06-21,4304,勝昱,B五日連漲30%,0
2024-06-24,2024-06-21,6692,進能服,A連2漲停,0
2024-06-25,2024-06-24,3666,光耀,A連2漲停,1
2024-06-25,2024-06-24,3686,達能,B五日連漲30%,1
2024-06-25,2024-06-24,4160,訊聯基因,B五日連漲30%,1
2024-06-25,2024-06-24,4946,辣椒,A連2漲停,0
2024-06-25,2024-06-24,5205,中茂,A連2漲停,0
2024-06-25,2024-06-24,5468,凱鈺,A連2漲停,0
2024-06-25,2024-06-24,8440,綠電,A+B,0
2024-06-25,2024-06-24,9136,,A連2漲停,0
2024-06-26,2024-06-25,1781,合世,A連2漲停,1
2024-06-26,2024-06-25,1799,易威,B五日連漲30%,1
2024-06-26,2024-06-25,2349,錸德,B五日連漲30%,0
2024-06-26,2024-06-25,2429,銘旺科,A+B,0
2024-06-26,2024-06-25,3066,李洲,A連2漲停,0
2024-06-26,2024-06-25,3312,弘憶股,A連2漲停,1
2024-06-26,2024-06-25,5443,均豪,B五日連漲30%,1
2024-06-26,2024-06-25,6541,,B五日連漲30%,0
2024-06-26,2024-06-25,6615,慧智,A連2漲停,1
2024-06-26,2024-06-25,6658,聯策,B五日連漲30%,1
2024-06-26,2024-06-25,6661,威健生技,B五日連漲30%,0
2024-06-26,2024-06-25,6928,攸泰科技,A連2漲停,0
2024-06-27,2024-06-26,3018,隆銘綠能,B五日連漲30%,0
2024-06-27,2024-06-26,3713,新晶投控,A連2漲停,0
2024-06-27,2024-06-26,6753,龍德造船,A連2漲停,1
2024-06-27,2024-06-26,6895,宏碩系統,A連2漲停,0
2024-06-27,2024-06-26,8104,錸寶,B五日連漲30%,1
2024-06-28,2024-06-27,2365,昆盈,B五日連漲30%,0
2024-06-28,2024-06-27,2467,志聖,B五日連漲30%,1
2024-06-28,2024-06-27,2495,普安,A連2漲停,1
2024-06-28,2024-06-27,3259,鑫創,A連2漲停,0
2024-06-28,2024-06-27,3492,長盛,B五日連漲30%,0
2024-06-28,2024-06-27,3535,晶彩科,A連2漲停,0
2024-06-28,2024-06-27,3675,德微,A連2漲停,1
2024-06-28,2024-06-27,4534,慶騰,B五日連漲30%,1
2024-06-28,2024-06-27,4562,穎漢,A連2漲停,0
2024-06-28,2024-06-27,4995,晶達,B五日連漲30%,0
2024-06-28,2024-06-27,5276,,A連2漲停,0
2024-06-28,2024-06-27,5347,世界,A連2漲停,0
2024-06-28,2024-06-27,5452,佶優,A連2漲停,0
2024-06-28,2024-06-27,5484,慧友,B五日連漲30%,0
2024-06-28,2024-06-27,6698,旭暉應材,A連2漲停,1
2024-06-28,2024-06-27,8374,羅昇,A+B,0
2024-07-01,2024-06-28,2464,盟立,B五日連漲30%,1
2024-07-01,2024-06-28,2543,皇昌,B五日連漲30%,1
2024-07-01,2024-06-28,3047,訊舟,A連2漲停,1
2024-07-01,2024-06-28,3455,由田,A連2漲停,1
2024-07-01,2024-06-28,4131,浩泰,A連2漲停,0
2024-07-01,2024-06-28,4510,高鋒,B五日連漲30%,1
2024-07-01,2024-06-28,6130,上亞科技,A連2漲停,0
2024-07-01,2024-06-28,6640,均華,B五日連漲30%,0
2024-07-01,2024-06-28,8028,昇陽半導體,B五日連漲30%,1
2024-07-02,2024-07-01,2070,精湛,B五日連漲30%,1
2024-07-02,2024-07-01,2405,輔信,B五日連漲30%,1
2024-07-02,2024-07-01,3073,天方能源,A+B,0
2024-07-02,2024-07-01,3713,新晶投控,A連2漲停,0
2024-07-02,2024-07-01,8067,志旭,B五日連漲30%,0
2024-07-03,2024-07-02,3048,益登,A連2漲停,1
2024-07-03,2024-07-02,3219,倚強科,A連2漲停,1
2024-07-03,2024-07-02,3229,晟鈦,A連2漲停,1
2024-07-03,2024-07-02,3498,陽程,A連2漲停,1
2024-07-03,2024-07-02,4562,穎漢,A連2漲停,0
2024-07-03,2024-07-02,6218,豪勉,B五日連漲30%,0
2024-07-03,2024-07-02,6937,天虹,A連2漲停,0
2024-07-04,2024-07-03,1597,直得,A連2漲停,1
2024-07-04,2024-07-03,2312,金寶,A連2漲停,1
2024-07-04,2024-07-03,2911,麗嬰房,A連2漲停,0
2024-07-04,2024-07-03,3535,晶彩科,A連2漲停,0
2024-07-04,2024-07-03,3583,辛耘,A連2漲停,1
2024-07-04,2024-07-03,5452,佶優,A連2漲停,0
2024-07-04,2024-07-03,6133,金橋,A+B,1
2024-07-04,2024-07-03,6144,得利影,B五日連漲30%,0
2024-07-04,2024-07-03,6222,立軒,A連2漲停,0
2024-07-04,2024-07-03,6442,光聖,A連2漲停,1
2024-07-04,2024-07-03,6664,群翊,A連2漲停,1
2024-07-04,2024-07-03,6706,惠特,A連2漲停,1
2024-07-04,2024-07-03,6922,宸曜,A連2漲停,1
2024-07-04,2024-07-03,8937,合騏*,B五日連漲30%,0
2024-07-04,2024-07-03,9906,欣巴巴,B五日連漲30%,0
2024-07-05,2024-07-04,1340,,A連2漲停,0
2024-07-05,2024-07-04,1528,恩德,A連2漲停,1
2024-07-05,2024-07-04,1536,和大,A連2漲停,1
2024-07-05,2024-07-04,2756,聯發國際,A連2漲停,0
2024-07-05,2024-07-04,3047,訊舟,A連2漲停,0
2024-07-05,2024-07-04,3094,聯傑,A連2漲停,1
2024-07-05,2024-07-04,3095,及成,A連2漲停,0
2024-07-05,2024-07-04,3537,堡達,A連2漲停,1
2024-07-05,2024-07-04,3593,力銘,A+B,1
2024-07-05,2024-07-04,5276,,A連2漲停,0
2024-07-05,2024-07-04,5475,德宏,A連2漲停,1
2024-07-05,2024-07-04,8071,能率網通,A連2漲停,1
2024-07-05,2024-07-04,8935,邦泰,A連2漲停,0
2024-07-05,2024-07-04,9105,,A連2漲停,0
2024-07-08,2024-07-05,2067,嘉鋼,A連2漲停,0
2024-07-08,2024-07-05,2243,,B五日連漲30%,1
2024-07-08,2024-07-05,6546,正基,A連2漲停,1
2024-07-08,2024-07-05,6573,,A連2漲停,0
2024-07-09,2024-07-08,4804,,B五日連漲30%,0
2024-07-09,2024-07-08,6231,系微,A連2漲停,1
2024-07-09,2024-07-08,8437,,A連2漲停,0
2024-07-10,2024-07-09,2477,美隆電,A連2漲停,0
2024-07-10,2024-07-09,2524,京城,B五日連漲30%,1
2024-07-10,2024-07-09,3363,上詮,A連2漲停,1
2024-07-10,2024-07-09,3379,彬台,A連2漲停,1
2024-07-10,2024-07-09,3535,晶彩科,A+B,0
2024-07-10,2024-07-09,4414,如興,A連2漲停,0
2024-07-10,2024-07-09,4927,,A連2漲停,1
2024-07-10,2024-07-09,5202,力新,A連2漲停,1
2024-07-10,2024-07-09,6442,光聖,A連2漲停,0
2024-07-10,2024-07-09,6570,維田,A連2漲停,0
2024-07-11,2024-07-10,1213,大飲,B五日連漲30%,0
2024-07-11,2024-07-10,1540,喬福,A+B,1
2024-07-11,2024-07-10,3073,天方能源,A連2漲停,0
2024-07-11,2024-07-10,3189,景碩,A連2漲停,1
2024-07-11,2024-07-10,6151,晉倫,A連2漲停,0
2024-07-11,2024-07-10,8291,尚茂,A連2漲停,0
2024-07-12,2024-07-11,1799,易威,B五日連漲30%,0
2024-07-12,2024-07-11,3095,及成,A連2漲停,0
2024-07-12,2024-07-11,6228,全譜,A連2漲停,0
2024-07-12,2024-07-11,6287,,B五日連漲30%,0
2024-07-12,2024-07-11,6492,生華科,A+B,1
2024-07-12,2024-07-11,6692,進能服,B五日連漲30%,0
2024-07-12,2024-07-11,8455,,A連2漲停,0
2024-07-15,2024-07-12,2348,海悅,A連2漲停,1
2024-07-15,2024-07-12,2537,聯上發,A連2漲停,1
2024-07-15,2024-07-12,3013,晟銘電,A連2漲停,1
2024-07-15,2024-07-12,4729,熒茂,A連2漲停,0
2024-07-15,2024-07-12,6144,得利影,B五日連漲30%,0
2024-07-16,2024-07-15,2924,,A連2漲停,0
2024-07-16,2024-07-15,3230,錦明,A連2漲停,1
2024-07-16,2024-07-15,3297,杭特,A連2漲停,1
2024-07-16,2024-07-15,8105,凌巨,A連2漲停,1
2024-07-17,2024-07-16,2419,仲琦,A連2漲停,1
2024-07-17,2024-07-16,3073,天方能源,A連2漲停,0
2024-07-17,2024-07-16,3518,柏騰,A連2漲停,1
2024-07-17,2024-07-16,4903,聯光通,A連2漲停,1
2024-07-17,2024-07-16,5276,,A連2漲停,0
2024-07-17,2024-07-16,8467,,A連2漲停,1
2024-07-18,2024-07-17,1456,怡華,A連2漲停,0
2024-07-18,2024-07-17,3349,寶德,B五日連漲30%,0
2024-07-18,2024-07-17,4804,,A連2漲停,0
2024-07-18,2024-07-17,6598,,A連2漲停,1
2024-07-18,2024-07-17,6661,威健生技,A連2漲停,1
2024-07-19,2024-07-18,3686,達能,A連2漲停,1
2024-07-19,2024-07-18,3713,新晶投控,A連2漲停,1
2024-07-19,2024-07-18,4556,旭然,A連2漲停,0
2024-07-19,2024-07-18,5205,中茂,A+B,0
2024-07-19,2024-07-18,6212,理銘,B五日連漲30%,0
2024-07-19,2024-07-18,6869,雲豹能源,A連2漲停,1
2024-07-19,2024-07-18,8440,綠電,A連2漲停,1
2024-07-22,2024-07-19,5364,力麗店,A連2漲停,1
2024-07-22,2024-07-19,6431,,A連2漲停,1
2024-07-23,2024-07-22,1449,佳和,A連2漲停,1
2024-07-23,2024-07-22,2524,京城,B五日連漲30%,0
2024-07-23,2024-07-22,3229,晟鈦,A連2漲停,0
2024-07-23,2024-07-22,4907,富宇,B五日連漲30%,0
2024-07-23,2024-07-22,6228,全譜,A+B,0
2024-07-23,2024-07-22,9906,欣巴巴,A連2漲停,0
2024-07-26,2024-07-23,2062,橋椿,A連2漲停,1
2024-07-26,2024-07-23,2924,,B五日連漲30%,0
2024-07-26,2024-07-23,4513,福裕,B五日連漲30%,1
2024-07-26,2024-07-23,6199,天品,B五日連漲30%,0
2024-07-29,2024-07-26,4767,誠泰科技,A連2漲停,0
2024-07-30,2024-07-29,2429,銘旺科,A連2漲停,0
2024-07-30,2024-07-29,3663,鑫科,A連2漲停,1
2024-07-30,2024-07-29,5364,力麗店,A連2漲停,0
2024-07-30,2024-07-29,6895,宏碩系統,A連2漲停,1
2024-07-31,2024-07-30,4510,高鋒,A連2漲停,0
2024-08-01,2024-07-31,1540,喬福,A+B,0
2024-08-01,2024-07-31,4534,慶騰,A連2漲停,1
2024-08-01,2024-07-31,4562,穎漢,A連2漲停,1
2024-08-01,2024-07-31,6877,鏵友益,A連2漲停,1
2024-08-01,2024-07-31,8374,羅昇,A連2漲停,1
2024-08-01,2024-07-31,8455,,A連2漲停,0
2024-08-02,2024-08-01,8043,蜜望實,B五日連漲30%,1
2024-08-06,2024-08-05,1225,福懋油,A連2漲停,0
2024-08-06,2024-08-05,4510,高鋒,A連2漲停,0
2024-08-06,2024-08-05,5481,新華,A連2漲停,0
2024-08-06,2024-08-05,6199,天品,A+B,0
2024-08-07,2024-08-06,2243,,A連2漲停,1
2024-08-07,2024-08-06,3046,建碁,A+B,0
2024-08-07,2024-08-06,3167,大量,A+B,1
2024-08-07,2024-08-06,3228,金麗科,A連2漲停,1
2024-08-07,2024-08-06,3230,錦明,B五日連漲30%,0
2024-08-07,2024-08-06,3303,岱稜,B五日連漲30%,1
2024-08-07,2024-08-06,3663,鑫科,A連2漲停,0
2024-08-07,2024-08-06,3715,定穎投控,A連2漲停,1
2024-08-07,2024-08-06,4513,福裕,A連2漲停,0
2024-08-07,2024-08-06,4534,慶騰,A連2漲停,0
2024-08-07,2024-08-06,4549,桓達,A+B,1
2024-08-07,2024-08-06,4561,健椿,A連2漲停,1
2024-08-07,2024-08-06,4562,穎漢,A連2漲停,0
2024-08-07,2024-08-06,4931,新盛力,A連2漲停,1
2024-08-07,2024-08-06,6104,創惟,B五日連漲30%,1
2024-08-07,2024-08-06,6160,欣技,A連2漲停,1
2024-08-07,2024-08-06,6754,匯僑設計,B五日連漲30%,0
2024-08-07,2024-08-06,6870,騰雲,A連2漲停,0
2024-08-07,2024-08-06,6895,宏碩系統,A連2漲停,0
2024-08-07,2024-08-06,8103,瀚荃,A連2漲停,1
2024-08-07,2024-08-06,8374,羅昇,A連2漲停,0
2024-08-08,2024-08-07,2506,太設,A連2漲停,1
2024-08-08,2024-08-07,3522,御嵿,A連2漲停,1
2024-08-09,2024-08-08,2364,倫飛,B五日連漲30%,1
2024-08-09,2024-08-08,2718,全心投控,A連2漲停,0
2024-08-09,2024-08-08,2924,,A連2漲停,0
2024-08-09,2024-08-08,3013,晟銘電,A+B,1
2024-08-09,2024-08-08,3219,倚強科,B五日連漲30%,0
2024-08-09,2024-08-08,3284,太普高,A+B,1
2024-08-09,2024-08-08,4576,大銀微系統,B五日連漲30%,1
2024-08-09,2024-08-08,6187,萬潤,B五日連漲30%,1
2024-08-09,2024-08-08,8937,合騏*,A+B,1
2024-08-12,2024-08-09,2429,銘旺科,B五日連漲30%,0
2024-08-12,2024-08-09,6108,競國,A連2漲停,0
2024-08-12,2024-08-09,6807,,A+B,0
2024-08-12,2024-08-09,8043,蜜望實,A連2漲停,0
2024-08-13,2024-08-12,5345,馥鴻,B五日連漲30%,0
2024-08-13,2024-08-12,5905,南仁湖,B五日連漲30%,1
2024-08-13,2024-08-12,8374,羅昇,A連2漲停,0
2024-08-14,2024-08-13,3645,達邁,B五日連漲30%,1
2024-08-14,2024-08-13,6570,維田,B五日連漲30%,1
2024-08-15,2024-08-14,2062,橋椿,A連2漲停,1
2024-08-15,2024-08-14,2070,精湛,A連2漲停,1
2024-08-15,2024-08-14,2243,,A連2漲停,0
2024-08-15,2024-08-14,3629,地心引力,A連2漲停,0
2024-08-15,2024-08-14,5484,慧友,A連2漲停,1
2024-08-15,2024-08-14,6177,達麗,A連2漲停,1
2024-08-15,2024-08-14,6785,昱展新藥,A連2漲停,0
2024-08-15,2024-08-14,6877,鏵友益,A連2漲停,0
2024-08-15,2024-08-14,8291,尚茂,A+B,0
2024-08-16,2024-08-15,3580,友威科,A連2漲停,1
2024-08-16,2024-08-15,3652,精聯,A連2漲停,1
2024-08-16,2024-08-15,6218,豪勉,A連2漲停,1
2024-08-16,2024-08-15,6617,,B五日連漲30%,0
2024-08-16,2024-08-15,8455,,A連2漲停,0
2024-08-19,2024-08-16,3073,天方能源,B五日連漲30%,1
2024-08-19,2024-08-16,3288,點晶,A連2漲停,0
2024-08-19,2024-08-16,3535,晶彩科,A連2漲停,1
2024-08-19,2024-08-16,4555,氣立,A連2漲停,1
2024-08-19,2024-08-16,4729,熒茂,A連2漲停,1
2024-08-19,2024-08-16,6156,松上,A連2漲停,1
2024-08-19,2024-08-16,8089,康全電訊,A連2漲停,1
2024-08-20,2024-08-19,2349,錸德,A連2漲停,1
2024-08-20,2024-08-19,2424,隴華,B五日連漲30%,0
2024-08-20,2024-08-19,3615,安可,B五日連漲30%,1
2024-08-20,2024-08-19,4741,泓瀚,B五日連漲30%,0
2024-08-20,2024-08-19,6906,現觀科,A連2漲停,0
2024-08-20,2024-08-19,8080,泰霖,B五日連漲30%,0
2024-08-21,2024-08-20,4502,健信,A連2漲停,0
2024-08-21,2024-08-20,5364,力麗店,B五日連漲30%,1
2024-08-21,2024-08-20,5398,慕康生醫,A連2漲停,0
2024-08-21,2024-08-20,6144,得利影,A連2漲停,0
2024-08-21,2024-08-20,6875,國邑*,A連2漲停,0
2024-08-21,2024-08-20,8039,台虹,B五日連漲30%,1
2024-08-22,2024-08-21,1776,展宇,A連2漲停,0
2024-08-22,2024-08-21,3149,正達,B五日連漲30%,1
2024-08-22,2024-08-21,3550,聯穎,A+B,0
2024-08-22,2024-08-21,4510,高鋒,B五日連漲30%,0
2024-08-22,2024-08-21,4711,永純,A連2漲停,0
2024-08-22,2024-08-21,5481,新華,A+B,0
2024-08-22,2024-08-21,6405,悅城,B五日連漲30%,0
2024-08-23,2024-08-22,3081,聯亞,B五日連漲30%,1
2024-08-23,2024-08-22,4526,東台,B五日連漲30%,1
2024-08-23,2024-08-22,4561,健椿,B五日連漲30%,0
2024-08-23,2024-08-22,5386,青雲,B五日連漲30%,1
2024-08-23,2024-08-22,5538,,A連2漲停,0
2024-08-23,2024-08-22,5704,老爺知,A連2漲停,0
2024-08-23,2024-08-22,6210,慶生,A連2漲停,0
2024-08-23,2024-08-22,8426,,A連2漲停,0
2024-08-26,2024-08-23,2425,承啟,A連2漲停,1
2024-08-26,2024-08-23,4583,台灣精銳,A+B,1
2024-08-26,2024-08-23,6151,晉倫,A連2漲停,1
2024-08-26,2024-08-23,6431,,A連2漲停,0
2024-08-26,2024-08-23,8111,立碁,A+B,0
2024-08-27,2024-08-26,1540,喬福,A連2漲停,1
2024-08-27,2024-08-26,3450,聯鈞,B五日連漲30%,1
2024-08-27,2024-08-26,4549,桓達,A連2漲停,0
2024-08-28,2024-08-27,4569,,B五日連漲30%,0
2024-08-28,2024-08-27,5205,中茂,A連2漲停,0
2024-08-28,2024-08-27,5245,智晶,A+B,0
2024-08-28,2024-08-27,6541,,A連2漲停,0
2024-08-28,2024-08-27,6698,旭暉應材,A連2漲停,1
2024-08-29,2024-08-28,1539,巨庭,A連2漲停,0
2024-08-29,2024-08-28,1735,日勝化,A+B,0
2024-08-29,2024-08-28,3066,李洲,A連2漲停,0
2024-08-30,2024-08-29,2241,艾姆勒,A連2漲停,1
2024-08-30,2024-08-29,3092,鴻碩,A連2漲停,0
2024-08-30,2024-08-29,3577,泓格,A連2漲停,0
2024-08-30,2024-08-29,3623,富晶通,A連2漲停,0
2024-08-30,2024-08-29,4971,,B五日連漲30%,0
2024-08-30,2024-08-29,6114,久威,A連2漲停,0
2024-09-02,2024-08-30,3095,及成,A連2漲停,0
2024-09-02,2024-08-30,5460,同協,A連2漲停,0
2024-09-03,2024-09-02,3523,迎輝,A連2漲停,0
2024-09-03,2024-09-02,6405,悅城,A連2漲停,0
2024-09-03,2024-09-02,8929,富堡,A連2漲停,0
2024-09-04,2024-09-03,4974,亞泰,A連2漲停,1
2024-09-04,2024-09-03,6821,聯寶,A連2漲停,0
2024-09-05,2024-09-04,4950,金耘國際,A+B,0
2024-09-05,2024-09-04,4956,光鋐,A連2漲停,1
2024-09-06,2024-09-05,3511,矽瑪,A連2漲停,0
2024-09-06,2024-09-05,5460,同協,A連2漲停,0
2024-09-06,2024-09-05,6194,育富,B五日連漲30%,0
2024-09-06,2024-09-05,8249,菱光,A連2漲停,1
2024-09-09,2024-09-06,2070,精湛,A連2漲停,1
2024-09-09,2024-09-06,3086,華義*,B五日連漲30%,1
2024-09-09,2024-09-06,6148,驊宏資,A連2漲停,0
2024-09-10,2024-09-09,2477,美隆電,B五日連漲30%,1
2024-09-10,2024-09-09,5438,東友,B五日連漲30%,0
2024-09-10,2024-09-09,6517,保勝光學,A連2漲停,0
2024-09-11,2024-09-10,5314,世紀*,B五日連漲30%,0
2024-09-11,2024-09-10,8032,光菱,A+B,0
2024-09-11,2024-09-10,8249,菱光,A+B,0
2024-09-12,2024-09-11,1721,國慶科技,B五日連漲30%,1
2024-09-12,2024-09-11,2033,佳大,B五日連漲30%,0
2024-09-12,2024-09-11,2070,精湛,A連2漲停,0
2024-09-12,2024-09-11,3167,大量,B五日連漲30%,1
2024-09-12,2024-09-11,3230,錦明,B五日連漲30%,1
2024-09-12,2024-09-11,3430,奇鈦科,B五日連漲30%,1
2024-09-12,2024-09-11,4563,百德,B五日連漲30%,1
2024-09-12,2024-09-11,4571,,A連2漲停,1
2024-09-12,2024-09-11,4903,聯光通,B五日連漲30%,1
2024-09-12,2024-09-11,5230,雷笛克光學,A連2漲停,1
2024-09-12,2024-09-11,6546,正基,A連2漲停,1
2024-09-12,2024-09-11,6609,瀧澤科,A連2漲停,1
2024-09-12,2024-09-11,6829,千附精密,A連2漲停,1
2024-09-13,2024-09-12,2351,順德,B五日連漲30%,1
2024-09-13,2024-09-12,3085,新零售,B五日連漲30%,0
2024-09-13,2024-09-12,3354,律勝,A連2漲停,1
2024-09-13,2024-09-12,3521,台鋼建設,A連2漲停,0
2024-09-13,2024-09-12,3550,聯穎,A連2漲停,0
2024-09-13,2024-09-12,4542,科嶠,A連2漲停,1
2024-09-13,2024-09-12,5234,達興材料,A連2漲停,1
2024-09-16,2024-09-13,3049,精金,A連2漲停,0
2024-09-16,2024-09-13,3581,博磊,A連2漲停,1
2024-09-16,2024-09-13,4716,大立,B五日連漲30%,1
2024-09-16,2024-09-13,5210,寶碩,A連2漲停,0
2024-09-16,2024-09-13,6174,安碁,A連2漲停,0
2024-09-16,2024-09-13,6830,汎銓,A連2漲停,1
2024-09-16,2024-09-13,6969,成信實業*-創,B五日連漲30%,0
2024-09-18,2024-09-16,2399,映泰,A連2漲停,1
2024-09-18,2024-09-16,3597,映興,A連2漲停,1
2024-09-18,2024-09-16,5481,新華,A連2漲停,1
2024-09-19,2024-09-18,2070,精湛,A連2漲停,0
2024-09-19,2024-09-18,2425,承啟,A連2漲停,1
2024-09-19,2024-09-18,2436,偉詮電,B五日連漲30%,1
2024-09-19,2024-09-18,4542,科嶠,A連2漲停,0
2024-09-19,2024-09-18,4767,誠泰科技,A連2漲停,0
2024-09-19,2024-09-18,4989,榮科,A連2漲停,1
2024-09-19,2024-09-18,5276,,A連2漲停,0
2024-09-20,2024-09-19,2939,,A連2漲停,0
2024-09-20,2024-09-19,3141,晶宏,B五日連漲30%,0
2024-09-20,2024-09-19,4530,天意能創,A連2漲停,0
2024-09-20,2024-09-19,6405,悅城,A連2漲停,0
2024-09-20,2024-09-19,6506,雙邦,A連2漲停,0
2024-09-23,2024-09-20,2615,萬海,B五日連漲30%,1
2024-09-23,2024-09-20,3550,聯穎,A連2漲停,0
2024-09-23,2024-09-20,3622,洋華,A連2漲停,1
2024-09-23,2024-09-20,4442,,A連2漲停,0
2024-09-23,2024-09-20,4903,聯光通,A連2漲停,0
2024-09-23,2024-09-20,6593,台灣銘板,A連2漲停,0
2024-09-24,2024-09-23,2613,中櫃,A連2漲停,1
2024-09-24,2024-09-23,4909,新復興,A連2漲停,1
2024-09-24,2024-09-23,6834,天二科技,A連2漲停,0
2024-09-25,2024-09-24,1595,川寶,B五日連漲30%,0
2024-09-25,2024-09-24,1805,寶徠,A連2漲停,0
2024-09-25,2024-09-24,2415,錩新,A連2漲停,0
2024-09-25,2024-09-24,3529,力旺,A連2漲停,1
2024-09-26,2024-09-25,6246,臺龍,A連2漲停,1
2024-09-26,2024-09-25,6530,創威,B五日連漲30%,1
2024-09-27,2024-09-26,1256,,A連2漲停,0
2024-09-27,2024-09-26,2929,,A+B,0
2024-09-27,2024-09-26,3430,奇鈦科,A連2漲停,0
2024-09-27,2024-09-26,4198,欣大健康,A連2漲停,0
2024-09-27,2024-09-26,5907,,B五日連漲30%,0
2024-09-27,2024-09-26,8111,立碁,B五日連漲30%,1
2024-09-27,2024-09-26,8404,,B五日連漲30%,1
2024-09-27,2024-09-26,8437,,A連2漲停,0
2024-09-30,2024-09-27,3363,上詮,B五日連漲30%,1
2024-09-30,2024-09-27,6287,,A連2漲停,0
2024-10-01,2024-09-30,2424,隴華,B五日連漲30%,0
2024-10-01,2024-09-30,2911,麗嬰房,A連2漲停,0
2024-10-01,2024-09-30,3025,星通,A連2漲停,1
2024-10-01,2024-09-30,3234,光環,B五日連漲30%,1
2024-10-01,2024-09-30,4903,聯光通,A連2漲停,0
2024-10-01,2024-09-30,5288,,A連2漲停,0
2024-10-01,2024-09-30,6118,建達,A連2漲停,0
2024-10-04,2024-10-01,2399,映泰,A連2漲停,0
2024-10-04,2024-10-01,3049,精金,A連2漲停,0
2024-10-07,2024-10-04,4971,,A連2漲停,1
2024-10-07,2024-10-04,4991,,B五日連漲30%,0
2024-10-08,2024-10-07,5438,東友,A連2漲停,1
2024-10-08,2024-10-07,8032,光菱,A連2漲停,1
2024-10-09,2024-10-08,1595,川寶,A連2漲停,0
2024-10-09,2024-10-08,4956,光鋐,A連2漲停,1
2024-10-09,2024-10-08,6854,,A連2漲停,0
2024-10-11,2024-10-09,6763,綠界科技*,B五日連漲30%,0
2024-10-11,2024-10-09,6830,汎銓,A連2漲停,1
2024-10-14,2024-10-11,2033,佳大,A連2漲停,1
2024-10-14,2024-10-11,4576,大銀微系統,B五日連漲30%,1
2024-10-14,2024-10-11,4807,,A連2漲停,1
2024-10-14,2024-10-11,4924,,A連2漲停,0
2024-10-14,2024-10-11,6134,萬旭,A連2漲停,1
2024-10-14,2024-10-11,6609,瀧澤科,A+B,1
2024-10-14,2024-10-11,8032,光菱,A連2漲停,0
2024-10-15,2024-10-14,6151,晉倫,B五日連漲30%,1
2024-10-15,2024-10-14,6658,聯策,A連2漲停,1
2024-10-16,2024-10-15,1595,川寶,A連2漲停,0
2024-10-16,2024-10-15,3031,佰鴻,A連2漲停,1
2024-10-16,2024-10-15,4562,穎漢,A連2漲停,1
2024-10-16,2024-10-15,6854,,B五日連漲30%,0
2024-10-18,2024-10-17,3021,鴻名,B五日連漲30%,1
2024-10-18,2024-10-17,4729,熒茂,A連2漲停,1
2024-10-18,2024-10-17,6199,天品,A+B,0
2024-10-18,2024-10-17,6791,虎門科技,B五日連漲30%,0
2024-10-18,2024-10-17,6895,宏碩系統,A連2漲停,1
2024-10-21,2024-10-18,1528,恩德,A連2漲停,1
2024-10-21,2024-10-18,3055,蔚華科,A連2漲停,1
2024-10-21,2024-10-18,3447,展達,B五日連漲30%,1
2024-10-21,2024-10-18,4558,寶緯,A連2漲停,0
2024-10-21,2024-10-18,4577,達航科技,B五日連漲30%,0
2024-10-21,2024-10-18,6405,悅城,A連2漲停,1
2024-10-21,2024-10-18,8032,光菱,B五日連漲30%,0
2024-10-21,2024-10-18,8249,菱光,A連2漲停,0
2024-10-22,2024-10-21,2413,環科,B五日連漲30%,0
2024-10-22,2024-10-21,3272,東碩,A連2漲停,0
2024-10-22,2024-10-21,4569,,B五日連漲30%,1
2024-10-22,2024-10-21,4716,大立,A連2漲停,1
2024-10-23,2024-10-22,4545,銘鈺,A連2漲停,1
2024-10-23,2024-10-22,5202,力新,A連2漲停,1
2024-10-23,2024-10-22,6246,臺龍,A連2漲停,1
2024-10-24,2024-10-23,2477,美隆電,A連2漲停,1
2024-10-24,2024-10-23,5345,馥鴻,A連2漲停,0
2024-10-24,2024-10-23,5438,東友,A連2漲停,0
2024-10-24,2024-10-23,6751,智聯服務,A連2漲停,0
2024-10-24,2024-10-23,6865,偉康科技,A連2漲停,0
2024-10-24,2024-10-23,8044,網家,A+B,1
2024-10-25,2024-10-24,1449,佳和,A連2漲停,1
2024-10-25,2024-10-24,2431,聯昌,A連2漲停,1
2024-10-25,2024-10-24,2642,宅配通,A連2漲停,0
2024-10-25,2024-10-24,3552,同致,A連2漲停,0
2024-10-25,2024-10-24,4558,寶緯,A連2漲停,0
2024-10-25,2024-10-24,6133,金橋,A連2漲停,1
2024-10-25,2024-10-24,6821,聯寶,A連2漲停,1
2024-10-28,2024-10-25,3687,歐買尬,A連2漲停,1
2024-10-28,2024-10-25,3709,鑫聯大投控,A連2漲停,1
2024-10-28,2024-10-25,5227,,A連2漲停,0
2024-10-28,2024-10-25,8047,星雲,B五日連漲30%,0
2024-10-29,2024-10-28,1595,川寶,A連2漲停,0
2024-10-29,2024-10-28,3686,達能,A連2漲停,1
2024-10-29,2024-10-28,4991,,B五日連漲30%,0
2024-10-30,2024-10-29,3701,大眾控,A連2漲停,0
2024-11-01,2024-10-30,3228,金麗科,A連2漲停,1
2024-11-01,2024-10-30,4903,聯光通,A連2漲停,1
2024-11-01,2024-10-30,4950,金耘國際,B五日連漲30%,0
2024-11-01,2024-10-30,5460,同協,A連2漲停,1
2024-11-01,2024-10-30,6661,威健生技,A連2漲停,0
2024-11-01,2024-10-30,6708,天擎,A連2漲停,0
2024-11-01,2024-10-30,6768,,A連2漲停,1
2024-11-05,2024-11-04,8937,合騏*,B五日連漲30%,1
2024-11-06,2024-11-05,5301,寶得利,A連2漲停,0
2024-11-07,2024-11-06,3211,順達,B五日連漲30%,1
2024-11-07,2024-11-06,4931,新盛力,B五日連漲30%,1
2024-11-07,2024-11-06,6144,得利影,A連2漲停,0
2024-11-07,2024-11-06,6751,智聯服務,A連2漲停,0
2024-11-07,2024-11-06,8240,華宏,A連2漲停,1
2024-11-08,2024-11-07,3706,神達,A連2漲停,1
2024-11-11,2024-11-08,8089,康全電訊,A連2漲停,1
2024-11-11,2024-11-08,8114,振樺電,B五日連漲30%,1
2024-11-12,2024-11-11,5398,慕康生醫,A連2漲停,1
2024-11-13,2024-11-12,1587,吉茂,A連2漲停,1
2024-11-13,2024-11-12,1618,合機,A連2漲停,1
2024-11-13,2024-11-12,3323,加百裕,A連2漲停,1
2024-11-13,2024-11-12,3625,西勝,A連2漲停,0
2024-11-13,2024-11-12,6558,興能高,A+B,0
2024-11-14,2024-11-13,3085,新零售,A連2漲停,0
2024-11-15,2024-11-14,4558,寶緯,A連2漲停,1
2024-11-15,2024-11-14,8929,富堡,A連2漲停,1
2024-11-15,2024-11-14,8937,合騏*,A連2漲停,0
2024-11-18,2024-11-15,1569,濱川,B五日連漲30%,1
2024-11-18,2024-11-15,3323,加百裕,A連2漲停,0
2024-11-18,2024-11-15,3511,矽瑪,A連2漲停,1
2024-11-18,2024-11-15,3597,映興,B五日連漲30%,1
2024-11-19,2024-11-18,2233,宇隆,B五日連漲30%,1
2024-11-19,2024-11-18,3095,及成,A連2漲停,0
2024-11-19,2024-11-18,8101,華冠,A+B,0
2024-11-19,2024-11-18,8171,天宇,B五日連漲30%,0
2024-11-20,2024-11-19,6144,得利影,B五日連漲30%,0
2024-11-20,2024-11-19,6228,全譜,A連2漲停,0
2024-11-20,2024-11-19,8038,長園科,A連2漲停,0
2024-11-21,2024-11-20,1815,富喬,A連2漲停,1
2024-11-21,2024-11-20,6558,興能高,B五日連漲30%,0
2024-11-22,2024-11-21,2392,正崴,A連2漲停,1
2024-11-22,2024-11-21,8042,金山電,A連2漲停,0
2024-11-26,2024-11-25,2070,精湛,A連2漲停,1
2024-11-26,2024-11-25,4510,高鋒,A連2漲停,1
2024-11-26,2024-11-25,6174,安碁,A連2漲停,0
2024-11-28,2024-11-27,2375,凱美,B五日連漲30%,0
2024-11-28,2024-11-27,6104,創惟,B五日連漲30%,1
2024-11-29,2024-11-28,3202,,A+B,0
2024-11-29,2024-11-28,3523,迎輝,A連2漲停,0
2024-11-29,2024-11-28,3593,力銘,A+B,0
2024-11-29,2024-11-28,4908,前鼎,B五日連漲30%,1
2024-11-29,2024-11-28,4977,,B五日連漲30%,1
2024-11-29,2024-11-28,6426,統新,B五日連漲30%,0
2024-11-29,2024-11-28,6510,精測,B五日連漲30%,1
2024-11-29,2024-11-28,6558,興能高,B五日連漲30%,0
2024-11-29,2024-11-28,6781,,A連2漲停,1
2024-12-02,2024-11-29,4549,桓達,B五日連漲30%,1
2024-12-02,2024-11-29,4912,,A連2漲停,0
2024-12-02,2024-11-29,6542,隆中,A連2漲停,0
2024-12-02,2024-11-29,6588,東典光電,B五日連漲30%,0
2024-12-03,2024-12-02,1595,川寶,A連2漲停,1
2024-12-03,2024-12-02,6811,宏碁資訊,B五日連漲30%,0
2024-12-03,2024-12-02,6937,天虹,B五日連漲30%,1
2024-12-04,2024-12-03,3029,零壹,B五日連漲30%,1
2024-12-04,2024-12-03,6140,訊達電腦,B五日連漲30%,0
2024-12-05,2024-12-04,2468,華經,A連2漲停,0
2024-12-05,2024-12-04,2471,資通,A連2漲停,0
2024-12-05,2024-12-04,4953,緯致,A連2漲停,0
2024-12-05,2024-12-04,6112,邁達特,A連2漲停,1
2024-12-05,2024-12-04,6141,柏承,A連2漲停,0
2024-12-05,2024-12-04,6214,精誠,A連2漲停,1
2024-12-05,2024-12-04,6689,伊雲谷,A連2漲停,0
2024-12-06,2024-12-05,6877,鏵友益,A連2漲停,1
2024-12-09,2024-12-06,8080,泰霖,B五日連漲30%,0
2024-12-10,2024-12-09,3041,揚智,A連2漲停,0
2024-12-10,2024-12-09,5278,尚凡*,A連2漲停,0
2024-12-10,2024-12-09,5344,立衛,A連2漲停,0
2024-12-11,2024-12-10,3296,勝德,A連2漲停,1
2024-12-11,2024-12-10,4540,全球傳動,A連2漲停,1
2024-12-11,2024-12-10,4577,達航科技,A連2漲停,1
2024-12-12,2024-12-11,3019,亞光,B五日連漲30%,1
2024-12-12,2024-12-11,8047,星雲,A連2漲停,1
2024-12-13,2024-12-12,1213,大飲,A連2漲停,0
2024-12-16,2024-12-13,2466,冠西電,B五日連漲30%,1
2024-12-16,2024-12-13,3041,揚智,A連2漲停,0
2024-12-16,2024-12-13,8482,,A+B,0
2024-12-17,2024-12-16,2250,,B五日連漲30%,0
2024-12-17,2024-12-16,2719,燦星旅,A連2漲停,0
2024-12-17,2024-12-16,4563,百德,A連2漲停,1
2024-12-17,2024-12-16,4571,,A+B,1
2024-12-17,2024-12-16,4991,,B五日連漲30%,1
2024-12-18,2024-12-17,2233,宇隆,B五日連漲30%,1
2024-12-18,2024-12-17,4131,浩泰,A連2漲停,0
2024-12-19,2024-12-18,2332,友訊,A連2漲停,1
2024-12-19,2024-12-18,4534,慶騰,A連2漲停,1
2024-12-19,2024-12-18,5392,能率,A+B,1
2024-12-19,2024-12-18,6142,友勁,A連2漲停,1
2024-12-19,2024-12-18,6215,和椿,B五日連漲30%,1
2024-12-19,2024-12-18,6922,宸曜,B五日連漲30%,0
2024-12-19,2024-12-18,6982,大井泵浦,A+B,0
2024-12-20,2024-12-19,2348,海悅,B五日連漲30%,1
2024-12-20,2024-12-19,2365,昆盈,A連2漲停,1
2024-12-20,2024-12-19,3379,彬台,A連2漲停,1
2024-12-23,2024-12-20,1799,易威,A連2漲停,1
2024-12-23,2024-12-20,3059,華晶科,A連2漲停,1
2024-12-23,2024-12-20,4576,大銀微系統,A連2漲停,1
2024-12-23,2024-12-20,5314,世紀*,B五日連漲30%,1
2024-12-25,2024-12-24,3504,揚明光,A連2漲停,0
2024-12-25,2024-12-24,3625,西勝,A連2漲停,1
2024-12-25,2024-12-24,3630,新鉅科,A連2漲停,0
2024-12-25,2024-12-24,4931,新盛力,A連2漲停,1
2024-12-25,2024-12-24,4974,亞泰,A+B,1
2024-12-25,2024-12-24,6517,保勝光學,A連2漲停,0
2024-12-25,2024-12-24,6708,天擎,A連2漲停,0
2024-12-25,2024-12-24,6781,,A連2漲停,1
2024-12-26,2024-12-25,1325,恆大,A連2漲停,0
2024-12-26,2024-12-25,3373,熱映,A連2漲停,0
2024-12-26,2024-12-25,4121,優盛,A連2漲停,0
2024-12-26,2024-12-25,9919,康那香,A連2漲停,1
2024-12-27,2024-12-26,6928,攸泰科技,B五日連漲30%,0
2024-12-27,2024-12-26,7556,意德士科技,A連2漲停,0
2024-12-30,2024-12-27,2491,吉祥全,A連2漲停,0
2024-12-30,2024-12-27,2630,亞航,A連2漲停,1
2024-12-31,2024-12-30,2924,,A連2漲停,0
2024-12-31,2024-12-30,6791,虎門科技,A連2漲停,0
2024-12-31,2024-12-30,8045,達運光電,B五日連漲30%,0
2025-01-02,2024-12-31,6191,精成科,A連2漲停,0
2025-01-02,2024-12-31,6477,安集,A+B,0
2025-01-03,2025-01-02,3645,達邁,B五日連漲30%,1
2025-01-06,2025-01-03,6144,得利影,A連2漲停,0
2025-01-07,2025-01-06,6547,高端疫苗,B五日連漲30%,1
2025-01-07,2025-01-06,6672,,A連2漲停,0
2025-01-08,2025-01-07,1325,恆大,A連2漲停,0
2025-01-08,2025-01-07,3373,熱映,A連2漲停,0
2025-01-08,2025-01-07,4109,加捷生醫,A連2漲停,1
2025-01-09,2025-01-08,4142,國光生,A連2漲停,1
2025-01-10,2025-01-09,3379,彬台,B五日連漲30%,1
2025-01-10,2025-01-09,5432,新門,A連2漲停,0
2025-01-13,2025-01-10,6823,濾能,A連2漲停,0
2025-01-14,2025-01-13,3081,聯亞,B五日連漲30%,1
2025-01-15,2025-01-14,3363,上詮,A連2漲停,1
2025-01-16,2025-01-15,3605,宏致,B五日連漲30%,1
2025-01-16,2025-01-15,6613,朋億*,B五日連漲30%,0
2025-01-16,2025-01-15,6770,力積電,B五日連漲30%,1
2025-01-17,2025-01-16,2736,富野,A連2漲停,1
2025-01-17,2025-01-16,5301,寶得利,A連2漲停,0
2025-01-20,2025-01-17,2466,冠西電,B五日連漲30%,1
2025-01-20,2025-01-17,6485,點序,B五日連漲30%,0
2025-01-21,2025-01-20,4979,華星光,A連2漲停,1
2025-01-21,2025-01-20,8096,擎亞,B五日連漲30%,1
2025-01-22,2025-01-21,6148,驊宏資,B五日連漲30%,0
2025-01-22,2025-01-21,6870,騰雲,A連2漲停,0
2025-01-22,2025-01-21,8092,建暐,A連2漲停,0
2025-02-03,2025-01-22,2516,新建,B五日連漲30%,1
2025-02-03,2025-01-22,4154,,A連2漲停,0
2025-02-03,2025-01-22,6112,邁達特,A+B,1
2025-02-04,2025-02-03,3349,寶德,A連2漲停,0
2025-02-04,2025-02-03,4946,辣椒,B五日連漲30%,0
2025-02-04,2025-02-03,4971,,B五日連漲30%,1
2025-02-04,2025-02-03,5289,宜鼎,B五日連漲30%,1
2025-02-04,2025-02-03,6140,訊達電腦,A連2漲停,1
2025-02-05,2025-02-04,2438,翔耀,B五日連漲30%,0
2025-02-05,2025-02-04,6113,亞矽,A+B,0
2025-02-05,2025-02-04,6919,康霈*,B五日連漲30%,0
2025-02-05,2025-02-04,8234,新漢,B五日連漲30%,1
2025-02-06,2025-02-05,1815,富喬,A連2漲停,1
2025-02-06,2025-02-05,6739,竹陞科技,B五日連漲30%,0
2025-02-07,2025-02-06,5203,訊連,A連2漲停,1
2025-02-07,2025-02-06,6763,綠界科技*,A連2漲停,0
2025-02-10,2025-02-07,1453,大將,A連2漲停,0
2025-02-10,2025-02-07,2941,米斯特,A連2漲停,0
2025-02-10,2025-02-07,6228,全譜,A連2漲停,0
2025-02-11,2025-02-10,1536,和大,B五日連漲30%,1
2025-02-11,2025-02-10,3202,,A連2漲停,0
2025-02-11,2025-02-10,6144,得利影,A連2漲停,0
2025-02-11,2025-02-10,6276,安鈦克,A連2漲停,0
2025-02-11,2025-02-10,6854,,A連2漲停,1
2025-02-11,2025-02-10,6913,鴻呈,A連2漲停,0
2025-02-12,2025-02-11,1725,元禎,A連2漲停,0
2025-02-12,2025-02-11,2025,千興,B五日連漲30%,0
2025-02-12,2025-02-11,2344,華邦電,B五日連漲30%,1
2025-02-12,2025-02-11,2444,兆勁,A連2漲停,1
2025-02-12,2025-02-11,8028,昇陽半導體,B五日連漲30%,1
2025-02-13,2025-02-12,2032,新鋼,A連2漲停,1
2025-02-13,2025-02-12,2034,允強,A連2漲停,1
2025-02-13,2025-02-12,2408,南亞科,B五日連漲30%,1
2025-02-14,2025-02-13,4923,力士,A連2漲停,0
2025-02-14,2025-02-13,4927,,A連2漲停,1
2025-02-14,2025-02-13,6657,華安,A連2漲停,1
2025-02-14,2025-02-13,8438,昶昕,A連2漲停,0
2025-02-14,2025-02-13,8467,,A連2漲停,0
2025-02-17,2025-02-14,1235,興泰,A連2漲停,0
2025-02-17,2025-02-14,1569,濱川,A連2漲停,1
2025-02-17,2025-02-14,3379,彬台,A連2漲停,1
2025-02-17,2025-02-14,4426,利勤,A連2漲停,0
2025-02-17,2025-02-14,6922,宸曜,A連2漲停,1
2025-02-17,2025-02-14,8291,尚茂,A連2漲停,0
2025-02-18,2025-02-17,2340,台亞,A連2漲停,1
2025-02-18,2025-02-17,3022,威強電,B五日連漲30%,1
2025-02-18,2025-02-17,3213,茂訊,B五日連漲30%,1
2025-02-18,2025-02-17,4534,慶騰,B五日連漲30%,1
2025-02-18,2025-02-17,6206,飛捷,A連2漲停,1
2025-02-19,2025-02-18,4949,有成精密,A連2漲停,0
2025-02-19,2025-02-18,6577,勁豐,A連2漲停,0
2025-02-19,2025-02-18,6666,,A連2漲停,0
2025-02-19,2025-02-18,6680,鑫創電子,A連2漲停,0
2025-02-20,2025-02-19,4804,,A連2漲停,0
2025-02-21,2025-02-20,3379,彬台,A連2漲停,0
2025-02-21,2025-02-20,4510,高鋒,A連2漲停,1
2025-02-26,2025-02-25,1736,喬山,B五日連漲30%,1
2025-02-27,2025-02-26,6916,華凌,A連2漲停,0
2025-02-27,2025-02-26,8436,大江,A連2漲停,1
2025-03-04,2025-03-03,5314,世紀*,B五日連漲30%,1
2025-03-05,2025-03-04,2429,銘旺科,A連2漲停,1
2025-03-06,2025-03-05,3528,安馳,B五日連漲30%,0
2025-03-06,2025-03-05,4946,辣椒,A+B,0
2025-03-10,2025-03-07,3312,弘憶股,A連2漲停,1
2025-03-11,2025-03-10,4131,浩泰,A連2漲停,0
2025-03-12,2025-03-11,6113,亞矽,A+B,1
2025-03-12,2025-03-11,6517,保勝光學,B五日連漲30%,0
2025-03-12,2025-03-11,8088,品安,B五日連漲30%,1
2025-03-14,2025-03-13,2429,銘旺科,B五日連漲30%,0
2025-03-14,2025-03-13,3162,精確,B五日連漲30%,1
2025-03-14,2025-03-13,4303,信立,B五日連漲30%,1
2025-03-14,2025-03-13,6130,上亞科技,B五日連漲30%,0
2025-03-14,2025-03-13,6227,茂綸,A+B,1
2025-03-14,2025-03-13,6969,成信實業*-創,A連2漲停,0
2025-03-14,2025-03-13,8096,擎亞,A連2漲停,1
2025-03-14,2025-03-13,8111,立碁,B五日連漲30%,1
2025-03-17,2025-03-14,1435,中福,A連2漲停,0
2025-03-17,2025-03-14,3288,點晶,A連2漲停,0
2025-03-17,2025-03-14,5364,力麗店,B五日連漲30%,0
2025-03-17,2025-03-14,6117,迎廣,A連2漲停,1
2025-03-18,2025-03-17,8042,金山電,A連2漲停,1
2025-03-18,2025-03-17,8383,千附,B五日連漲30%,1
2025-03-19,2025-03-18,4426,利勤,A連2漲停,1
2025-03-19,2025-03-18,4949,有成精密,A連2漲停,1
2025-03-20,2025-03-19,2468,華經,A+B,1
2025-03-20,2025-03-19,6140,訊達電腦,A連2漲停,1
2025-03-20,2025-03-19,6148,驊宏資,A連2漲停,1
2025-03-20,2025-03-19,6865,偉康科技,A連2漲停,0
2025-03-21,2025-03-20,3259,鑫創,A連2漲停,0
2025-03-21,2025-03-20,6228,全譜,A連2漲停,0
2025-03-24,2025-03-21,3287,廣寰科,A連2漲停,0
2025-03-24,2025-03-21,4541,晟田,A連2漲停,1
2025-03-25,2025-03-24,5202,力新,A連2漲停,1
2025-03-26,2025-03-25,2424,隴華,A連2漲停,0
2025-03-26,2025-03-25,2438,翔耀,A連2漲停,0
2025-03-26,2025-03-25,3434,哲固,A連2漲停,1
2025-03-26,2025-03-25,6276,安鈦克,A連2漲停,0
2025-03-26,2025-03-25,6799,來頡,A連2漲停,1
2025-03-28,2025-03-27,6228,全譜,A連2漲停,0
2025-04-01,2025-03-31,2424,隴華,A連2漲停,0
2025-04-01,2025-03-31,3297,杭特,A連2漲停,1
2025-04-01,2025-03-31,3434,哲固,A連2漲停,0
2025-04-01,2025-03-31,3709,鑫聯大投控,A連2漲停,1
2025-04-01,2025-03-31,4946,辣椒,A連2漲停,0
2025-04-01,2025-03-31,5251,天鉞電,A連2漲停,1
2025-04-08,2025-04-07,3297,杭特,B五日連漲30%,0
2025-04-08,2025-04-07,4946,辣椒,A連2漲停,0
2025-04-09,2025-04-08,2466,冠西電,B五日連漲30%,1
2025-04-09,2025-04-08,3593,力銘,B五日連漲30%,0
2025-04-09,2025-04-08,6228,全譜,A+B,0
2025-04-09,2025-04-08,6482,弘煜科,B五日連漲30%,0
2025-04-09,2025-04-08,8089,康全電訊,B五日連漲30%,1
2025-04-10,2025-04-09,1312,國喬,A連2漲停,0
2025-04-10,2025-04-09,1503,士電,A連2漲停,1
2025-04-10,2025-04-09,1810,和成,A連2漲停,1
2025-04-10,2025-04-09,2059,川湖,A連2漲停,1
2025-04-10,2025-04-09,2236,,B五日連漲30%,0
2025-04-10,2025-04-09,2258,鴻華先進-創,A+B,1
2025-04-10,2025-04-09,2362,藍天,A連2漲停,1
2025-04-10,2025-04-09,2382,廣達,A連2漲停,1
2025-04-10,2025-04-09,2383,台光電,A連2漲停,1
2025-04-10,2025-04-09,2438,翔耀,A連2漲停,0
2025-04-10,2025-04-09,2468,華經,A+B,0
2025-04-10,2025-04-09,2603,長榮,A連2漲停,1
2025-04-10,2025-04-09,2609,陽明,A連2漲停,1
2025-04-10,2025-04-09,2613,中櫃,A連2漲停,1
2025-04-10,2025-04-09,2615,萬海,A連2漲停,1
2025-04-10,2025-04-09,2618,長榮航,A連2漲停,1
2025-04-10,2025-04-09,2630,亞航,B五日連漲30%,1
2025-04-10,2025-04-09,2726,,A連2漲停,0
2025-04-10,2025-04-09,3017,奇鋐,A連2漲停,1
2025-04-10,2025-04-09,3093,港建*,A連2漲停,0
2025-04-10,2025-04-09,3128,昇銳,B五日連漲30%,1
2025-04-10,2025-04-09,3147,大綜,A連2漲停,1
2025-04-10,2025-04-09,3168,眾福科,B五日連漲30%,0
2025-04-10,2025-04-09,3231,緯創,A連2漲停,1
2025-04-10,2025-04-09,3264,欣銓,A連2漲停,1
2025-04-10,2025-04-09,3268,海德威,B五日連漲30%,0
2025-04-10,2025-04-09,3346,麗清,B五日連漲30%,1
2025-04-10,2025-04-09,3434,哲固,A+B,0
2025-04-10,2025-04-09,3465,進泰電子,A連2漲停,0
2025-04-10,2025-04-09,3529,力旺,A連2漲停,1
2025-04-10,2025-04-09,3665,,A連2漲停,1
2025-04-10,2025-04-09,3708,上緯投控,A連2漲停,1
2025-04-10,2025-04-09,4420,光明,A連2漲停,1
2025-04-10,2025-04-09,4530,天意能創,A連2漲停,0
2025-04-10,2025-04-09,4951,精拓科,A連2漲停,0
2025-04-10,2025-04-09,5251,天鉞電,A連2漲停,0
2025-04-10,2025-04-09,5452,佶優,A連2漲停,1
2025-04-10,2025-04-09,5907,,B五日連漲30%,0
2025-04-10,2025-04-09,6265,方土昶,B五日連漲30%,0
2025-04-10,2025-04-09,6276,安鈦克,A+B,0
2025-04-10,2025-04-09,6415,,A連2漲停,1
2025-04-10,2025-04-09,6560,欣普羅,A+B,0
2025-04-10,2025-04-09,6796,晉弘,A連2漲停,0
2025-04-10,2025-04-09,6806,,A連2漲停,1
2025-04-10,2025-04-09,6894,衛司特,A連2漲停,0
2025-04-10,2025-04-09,6933,,B五日連漲30%,0
2025-04-10,2025-04-09,6962,,A連2漲停,0
2025-04-10,2025-04-09,7714,創泓科技,B五日連漲30%,0
2025-04-10,2025-04-09,8027,鈦昇,B五日連漲30%,1
2025-04-10,2025-04-09,9105,,A連2漲停,0
2025-04-14,2025-04-11,1515,力山,A連2漲停,1
2025-04-14,2025-04-11,2314,台揚,A連2漲停,0
2025-04-14,2025-04-11,3018,隆銘綠能,A連2漲停,0
2025-04-14,2025-04-11,3219,倚強科,A連2漲停,0
2025-04-14,2025-04-11,6113,亞矽,A連2漲停,1
2025-04-14,2025-04-11,6130,上亞科技,A連2漲停,1
2025-04-14,2025-04-11,6160,欣技,A連2漲停,1
2025-04-14,2025-04-11,6916,華凌,B五日連漲30%,1
2025-04-14,2025-04-11,8072,陞泰,A連2漲停,1
2025-04-14,2025-04-11,8937,合騏*,A連2漲停,1
2025-04-15,2025-04-14,2243,,A連2漲停,1
2025-04-15,2025-04-14,3287,廣寰科,A連2漲停,1
2025-04-15,2025-04-14,3466,德晉,A連2漲停,1
2025-04-15,2025-04-14,4909,新復興,A連2漲停,1
2025-04-15,2025-04-14,4949,有成精密,A連2漲停,1
2025-04-15,2025-04-14,5210,寶碩,A連2漲停,0
2025-04-15,2025-04-14,6140,訊達電腦,A連2漲停,1
2025-04-15,2025-04-14,6148,驊宏資,A連2漲停,1
2025-04-15,2025-04-14,6629,,A連2漲停,0
2025-04-16,2025-04-15,4972,湯石照明,A連2漲停,0
2025-04-17,2025-04-16,3095,及成,A連2漲停,0
2025-04-17,2025-04-16,4807,,A連2漲停,1
2025-04-18,2025-04-17,2408,南亞科,A連2漲停,1
2025-04-18,2025-04-17,4946,辣椒,A連2漲停,0
2025-04-18,2025-04-17,5489,彩富,A連2漲停,0
2025-04-18,2025-04-17,8088,品安,A+B,1
2025-04-21,2025-04-18,3147,大綜,B五日連漲30%,0
2025-04-21,2025-04-18,6967,汎瑋材料,A連2漲停,0
2025-04-21,2025-04-18,9955,佳龍,A連2漲停,1
2025-04-22,2025-04-21,3580,友威科,A連2漲停,1
2025-04-22,2025-04-21,3663,鑫科,A連2漲停,1
2025-04-22,2025-04-21,3686,達能,A連2漲停,0
2025-04-22,2025-04-21,5201,凱衛,B五日連漲30%,1
2025-04-23,2025-04-22,1435,中福,A連2漲停,0
2025-04-23,2025-04-22,2468,華經,A連2漲停,0
2025-04-23,2025-04-22,3219,倚強科,B五日連漲30%,0
2025-04-23,2025-04-22,3356,奇偶,B五日連漲30%,0
2025-04-23,2025-04-22,3528,安馳,A連2漲停,1
2025-04-23,2025-04-22,3570,大塚,B五日連漲30%,0
2025-04-23,2025-04-22,3709,鑫聯大投控,A連2漲停,1
2025-04-23,2025-04-22,4949,有成精密,A連2漲停,0
2025-04-23,2025-04-22,5202,力新,A+B,1
2025-04-23,2025-04-22,5251,天鉞電,A連2漲停,0
2025-04-23,2025-04-22,6113,亞矽,B五日連漲30%,0
2025-04-23,2025-04-22,6658,聯策,B五日連漲30%,1
2025-04-23,2025-04-22,6752,叡揚,B五日連漲30%,1
2025-04-23,2025-04-22,7714,創泓科技,B五日連漲30%,0
2025-04-23,2025-04-22,8072,陞泰,A連2漲停,0
2025-04-24,2025-04-23,1597,直得,B五日連漲30%,1
2025-04-24,2025-04-23,3581,博磊,A連2漲停,1
2025-04-24,2025-04-23,6112,邁達特,A連2漲停,1
2025-04-24,2025-04-23,6218,豪勉,A連2漲停,0
2025-04-24,2025-04-23,6228,全譜,A連2漲停,0
2025-04-25,2025-04-24,2429,銘旺科,A連2漲停,1
2025-04-25,2025-04-24,3047,訊舟,A連2漲停,1
2025-04-25,2025-04-24,3066,李洲,A連2漲停,0
2025-04-25,2025-04-24,3287,廣寰科,A連2漲停,0
2025-04-25,2025-04-24,4562,穎漢,B五日連漲30%,1
2025-04-25,2025-04-24,6151,晉倫,A連2漲停,1
2025-04-25,2025-04-24,6160,欣技,A連2漲停,0
2025-04-25,2025-04-24,6167,久正,A連2漲停,0
2025-04-25,2025-04-24,6441,廣錠,B五日連漲30%,0
2025-04-25,2025-04-24,6674,鋐寶科技,B五日連漲30%,0
2025-04-28,2025-04-25,2438,翔耀,A連2漲停,0
2025-04-28,2025-04-25,4542,科嶠,A連2漲停,0
2025-04-28,2025-04-25,5490,同亨,B五日連漲30%,0
2025-04-28,2025-04-25,6419,京晨科,A連2漲停,0
2025-04-28,2025-04-25,6739,竹陞科技,A連2漲停,0
2025-04-28,2025-04-25,8089,康全電訊,A連2漲停,0
2025-04-28,2025-04-25,8111,立碁,A連2漲停,1
2025-04-29,2025-04-28,2365,昆盈,A連2漲停,1
2025-04-29,2025-04-28,3073,天方能源,A+B,0
2025-04-29,2025-04-28,3379,彬台,A連2漲停,1
2025-04-29,2025-04-28,4946,辣椒,A+B,0
2025-04-29,2025-04-28,6215,和椿,A連2漲停,1
2025-04-30,2025-04-29,2424,隴華,A連2漲停,0
2025-04-30,2025-04-29,6482,弘煜科,B五日連漲30%,0
2025-05-02,2025-04-30,1440,南紡,A連2漲停,1
2025-05-02,2025-04-30,2025,千興,B五日連漲30%,0
2025-05-02,2025-04-30,2524,京城,A連2漲停,1
2025-05-02,2025-04-30,3546,宇峻,A連2漲停,1
2025-05-02,2025-04-30,4956,光鋐,A連2漲停,1
2025-05-02,2025-04-30,9902,台火,A連2漲停,0
2025-05-05,2025-05-02,2719,燦星旅,A連2漲停,0
2025-05-05,2025-05-02,2734,易飛網,A連2漲停,0
2025-05-05,2025-05-02,6757,台灣虎航,A連2漲停,1
2025-05-05,2025-05-02,8935,邦泰,A連2漲停,0
2025-05-06,2025-05-05,6169,昱泉,A連2漲停,0
2025-05-06,2025-05-05,6596,寬宏藝術,B五日連漲30%,1
2025-05-07,2025-05-06,3064,泰偉,A連2漲停,0
2025-05-07,2025-05-06,4545,銘鈺,A連2漲停,0
2025-05-07,2025-05-06,6227,茂綸,B五日連漲30%,1
2025-05-08,2025-05-07,1516,川飛,A連2漲停,0
2025-05-08,2025-05-07,2465,麗臺,B五日連漲30%,1
2025-05-08,2025-05-07,2719,燦星旅,A連2漲停,0
2025-05-08,2025-05-07,2734,易飛網,A連2漲停,0
2025-05-08,2025-05-07,4721,美琪瑪,B五日連漲30%,0
2025-05-08,2025-05-07,6499,益安,A+B,0
2025-05-08,2025-05-07,6591,,B五日連漲30%,0
2025-05-08,2025-05-07,6658,聯策,B五日連漲30%,0
2025-05-08,2025-05-07,6684,安格,A連2漲停,0
2025-05-08,2025-05-07,6805,富世達,B五日連漲30%,1
2025-05-09,2025-05-08,1591,,B五日連漲30%,0
2025-05-09,2025-05-08,3379,彬台,A連2漲停,0
2025-05-09,2025-05-08,4554,橙的,B五日連漲30%,0
2025-05-09,2025-05-08,4562,穎漢,A連2漲停,0
2025-05-09,2025-05-08,6708,天擎,A連2漲停,0
2025-05-09,2025-05-08,8038,長園科,B五日連漲30%,0
2025-05-12,2025-05-09,2408,南亞科,B五日連漲30%,1
2025-05-12,2025-05-09,8093,保銳,A連2漲停,0
2025-05-13,2025-05-12,3057,喬鼎,A連2漲停,0
2025-05-13,2025-05-12,3205,佰研,B五日連漲30%,0
2025-05-13,2025-05-12,8906,花王,B五日連漲30%,0
2025-05-15,2025-05-14,2743,山富,A連2漲停,1
2025-05-15,2025-05-14,3004,豐達科,B五日連漲30%,0
2025-05-16,2025-05-15,1419,新紡,A+B,0
2025-05-16,2025-05-15,4946,辣椒,B五日連漲30%,0
2025-05-16,2025-05-15,5324,士開,A連2漲停,0
2025-05-19,2025-05-16,4949,有成精密,A連2漲停,1
2025-05-19,2025-05-16,6560,欣普羅,B五日連漲30%,0
2025-05-20,2025-05-19,3297,杭特,A連2漲停,1
2025-05-20,2025-05-19,5475,德宏,B五日連漲30%,0
2025-05-20,2025-05-19,6169,昱泉,A連2漲停,0
2025-05-20,2025-05-19,6228,全譜,A連2漲停,1
2025-05-21,2025-05-20,3219,倚強科,A連2漲停,1
2025-05-21,2025-05-20,3294,英濟,B五日連漲30%,1
2025-05-21,2025-05-20,4934,太極,A連2漲停,1
2025-05-21,2025-05-20,6191,精成科,B五日連漲30%,1
2025-05-21,2025-05-20,6441,廣錠,A連2漲停,0
2025-05-21,2025-05-20,6574,霈方,B五日連漲30%,0
2025-05-21,2025-05-20,6593,台灣銘板,B五日連漲30%,0
2025-05-22,2025-05-21,9902,台火,A+B,1
2025-05-23,2025-05-22,3128,昇銳,A連2漲停,1
2025-05-23,2025-05-22,3229,晟鈦,A連2漲停,0
2025-05-23,2025-05-22,3297,杭特,A連2漲停,0
2025-05-23,2025-05-22,3467,台灣精材,A連2漲停,0
2025-05-23,2025-05-22,6902,GOGOLOOK,A連2漲停,0
2025-05-26,2025-05-23,1711,永光,A連2漲停,1
2025-05-27,2025-05-26,3219,倚強科,A連2漲停,0
2025-05-27,2025-05-26,4168,醣聯,A連2漲停,0
2025-05-27,2025-05-26,4198,欣大健康,A連2漲停,0
2025-05-28,2025-05-27,1325,恆大,A連2漲停,1
2025-05-28,2025-05-27,6276,安鈦克,A連2漲停,0
2025-05-28,2025-05-27,6465,威潤,A連2漲停,0
2025-05-28,2025-05-27,6498,久禾光,A連2漲停,0
2025-05-29,2025-05-28,6674,鋐寶科技,A連2漲停,0
2025-05-29,2025-05-28,6885,全福生技,B五日連漲30%,0
2025-05-29,2025-05-28,6925,意藍,A連2漲停,0
2025-06-03,2025-06-02,3128,昇銳,A連2漲停,0
2025-06-03,2025-06-02,3167,大量,B五日連漲30%,1
2025-06-03,2025-06-02,3535,晶彩科,B五日連漲30%,1
2025-06-03,2025-06-02,6144,得利影,A連2漲停,0
2025-06-03,2025-06-02,6276,安鈦克,A連2漲停,0
2025-06-03,2025-06-02,6574,霈方,A連2漲停,0
2025-06-03,2025-06-02,6584,南俊國際,B五日連漲30%,1
2025-06-04,2025-06-03,2419,仲琦,A連2漲停,1
2025-06-04,2025-06-03,3073,天方能源,A連2漲停,1
2025-06-04,2025-06-03,6838,台新藥,B五日連漲30%,1
2025-06-04,2025-06-03,6925,意藍,A連2漲停,0
2025-06-04,2025-06-03,8087,麗升能源,A連2漲停,0
2025-06-05,2025-06-04,4188,安克,B五日連漲30%,0
2025-06-05,2025-06-04,6485,點序,A連2漲停,0
2025-06-05,2025-06-04,6747,,A連2漲停,0
2025-06-06,2025-06-05,1295,生合,A連2漲停,0
2025-06-06,2025-06-05,6498,久禾光,A連2漲停,0
2025-06-06,2025-06-05,8034,榮群,A連2漲停,0
2025-06-09,2025-06-06,2429,銘旺科,A連2漲停,1
2025-06-09,2025-06-06,3067,全域,A連2漲停,0
2025-06-09,2025-06-06,7642,昶瑞機電,A連2漲停,0
2025-06-09,2025-06-06,8932,智通*,A連2漲停,1
2025-06-10,2025-06-09,3081,聯亞,A連2漲停,1
2025-06-10,2025-06-09,4991,,B五日連漲30%,1
2025-06-10,2025-06-09,6637,醫影,B五日連漲30%,0
2025-06-11,2025-06-10,1616,億泰,A連2漲停,1
2025-06-11,2025-06-10,4128,中天,A連2漲停,1
2025-06-11,2025-06-10,4743,合一,A連2漲停,1
2025-06-11,2025-06-10,6499,益安,B五日連漲30%,1
2025-06-12,2025-06-11,4923,力士,B五日連漲30%,0
2025-06-12,2025-06-11,7642,昶瑞機電,A連2漲停,0
2025-06-16,2025-06-13,1616,億泰,A連2漲停,0
2025-06-16,2025-06-13,3297,杭特,A連2漲停,1
2025-06-16,2025-06-13,4551,智伸科,A連2漲停,0
2025-06-16,2025-06-13,5475,德宏,A連2漲停,1
2025-06-16,2025-06-13,6141,柏承,A連2漲停,1
2025-06-16,2025-06-13,6597,立誠,A連2漲停,0
2025-06-17,2025-06-16,2911,麗嬰房,A連2漲停,0
2025-06-17,2025-06-16,4549,桓達,A+B,0
2025-06-17,2025-06-16,6739,竹陞科技,B五日連漲30%,1
2025-06-17,2025-06-16,6925,意藍,B五日連漲30%,0
2025-06-18,2025-06-17,1295,生合,B五日連漲30%,0
2025-06-18,2025-06-17,3040,遠見,B五日連漲30%,0
2025-06-18,2025-06-17,3205,佰研,A連2漲停,1
2025-06-18,2025-06-17,3376,新日興,A連2漲停,1
2025-06-18,2025-06-17,5498,凱崴,A連2漲停,0
2025-06-19,2025-06-18,2314,台揚,A+B,0
2025-06-19,2025-06-18,6854,,B五日連漲30%,1
2025-06-19,2025-06-18,6895,宏碩系統,A連2漲停,0
2025-06-20,2025-06-19,3085,新零售,A連2漲停,0
2025-06-20,2025-06-19,3211,順達,B五日連漲30%,1
2025-06-20,2025-06-19,4804,,B五日連漲30%,0
2025-06-20,2025-06-19,6139,亞翔,A連2漲停,1
2025-06-20,2025-06-19,6574,霈方,A連2漲停,0
2025-06-20,2025-06-19,6637,醫影,A連2漲停,0
2025-06-23,2025-06-20,1225,福懋油,A連2漲停,0
2025-06-23,2025-06-20,3122,笙泉,B五日連漲30%,0
2025-06-24,2025-06-23,3032,偉訓,A連2漲停,0
2025-06-24,2025-06-23,8054,安國,A連2漲停,1
2025-06-24,2025-06-23,8478,東哥遊艇,B五日連漲30%,0
2025-06-25,2025-06-24,4739,康普,A連2漲停,0
2025-06-25,2025-06-24,4931,新盛力,A連2漲停,1
2025-06-26,2025-06-25,3297,杭特,A連2漲停,0
2025-06-26,2025-06-25,3577,泓格,B五日連漲30%,0
2025-06-26,2025-06-25,7722,LINEPAY,A連2漲停,1
2025-06-27,2025-06-26,3128,昇銳,A連2漲停,1
2025-06-27,2025-06-26,3535,晶彩科,A連2漲停,1
2025-06-27,2025-06-26,3629,地心引力,B五日連漲30%,0
2025-06-27,2025-06-26,4729,熒茂,A連2漲停,0
2025-06-27,2025-06-26,5489,彩富,A連2漲停,1
2025-06-30,2025-06-27,3515,華擎,A連2漲停,1
2025-06-30,2025-06-27,5475,德宏,A連2漲停,0
2025-06-30,2025-06-27,5498,凱崴,A連2漲停,0
2025-07-01,2025-06-30,3625,西勝,A連2漲停,1
2025-07-02,2025-07-01,5245,智晶,A連2漲停,0
2025-07-02,2025-07-01,8043,蜜望實,A連2漲停,0
2025-07-02,2025-07-01,8478,東哥遊艇,A連2漲停,0
2025-07-03,2025-07-02,1512,瑞利,A連2漲停,0
2025-07-03,2025-07-02,3508,位速,A連2漲停,0
2025-07-03,2025-07-02,4946,辣椒,A連2漲停,0
2025-07-04,2025-07-03,3011,今皓,A連2漲停,1
2025-07-04,2025-07-03,3543,州巧,B五日連漲30%,0
2025-07-04,2025-07-03,4971,,B五日連漲30%,1
2025-07-04,2025-07-03,6124,業強,A連2漲停,0
2025-07-04,2025-07-03,8291,尚茂,A連2漲停,0
2025-07-07,2025-07-04,2889,國票金,A連2漲停,1
2025-07-07,2025-07-04,3715,定穎投控,B五日連漲30%,1
2025-07-07,2025-07-04,5314,世紀*,B五日連漲30%,0
2025-07-07,2025-07-04,8499,,B五日連漲30%,0
2025-07-08,2025-07-07,3708,上緯投控,B五日連漲30%,1
2025-07-09,2025-07-08,1595,川寶,B五日連漲30%,0
2025-07-09,2025-07-08,3167,大量,B五日連漲30%,1
2025-07-09,2025-07-08,5278,尚凡*,B五日連漲30%,1
2025-07-09,2025-07-08,6933,,B五日連漲30%,0
2025-07-09,2025-07-08,8358,金居,A+B,1
2025-07-10,2025-07-09,3555,博士旺,A連2漲停,0
2025-07-10,2025-07-09,4903,聯光通,A連2漲停,0
2025-07-11,2025-07-10,6617,,A連2漲停,0
2025-07-11,2025-07-10,8472,納維康,A+B,0
2025-07-15,2025-07-14,3508,位速,A連2漲停,0
2025-07-15,2025-07-14,6739,竹陞科技,B五日連漲30%,1
2025-07-15,2025-07-14,8046,南電,A連2漲停,1
2025-07-17,2025-07-16,3543,州巧,A連2漲停,0
2025-07-17,2025-07-16,4989,榮科,B五日連漲30%,0
2025-07-17,2025-07-16,6933,,A連2漲停,0
2025-07-18,2025-07-17,4760,勤凱科技,A連2漲停,1
2025-07-18,2025-07-17,5227,,A連2漲停,0
2025-07-18,2025-07-17,6442,光聖,A連2漲停,1
2025-07-21,2025-07-18,6291,沛亨,A連2漲停,0
2025-07-23,2025-07-22,1802,台玻,A連2漲停,1
2025-07-23,2025-07-22,3230,錦明,B五日連漲30%,0
2025-07-23,2025-07-22,6928,攸泰科技,B五日連漲30%,0
2025-07-23,2025-07-22,8033,雷虎,B五日連漲30%,1
2025-07-23,2025-07-22,8045,達運光電,B五日連漲30%,0
2025-07-24,2025-07-23,3543,州巧,A連2漲停,0
2025-07-24,2025-07-23,5381,光譜,B五日連漲30%,0
2025-07-24,2025-07-23,6291,沛亨,A連2漲停,0
2025-07-25,2025-07-24,4160,訊聯基因,A連2漲停,0
2025-07-25,2025-07-24,4804,,B五日連漲30%,0
2025-07-25,2025-07-24,6534,正瀚-創,A連2漲停,0
2025-07-28,2025-07-25,2429,銘旺科,B五日連漲30%,1
2025-07-28,2025-07-25,3178,公準,B五日連漲30%,0
2025-07-28,2025-07-25,3311,閎暉,A連2漲停,0
2025-07-28,2025-07-25,5355,佳總,B五日連漲30%,0
2025-07-28,2025-07-25,5498,凱崴,B五日連漲30%,1
2025-07-28,2025-07-25,6781,,A連2漲停,1
2025-07-29,2025-07-28,3294,英濟,B五日連漲30%,1
2025-07-30,2025-07-29,3306,鼎天,B五日連漲30%,0
2025-07-30,2025-07-29,3623,富晶通,A+B,0
2025-07-30,2025-07-29,5209,新鼎,B五日連漲30%,0
2025-07-30,2025-07-29,5438,東友,A連2漲停,0
2025-07-30,2025-07-29,6794,向榮生技,A連2漲停,0
2025-07-30,2025-07-29,6823,濾能,A連2漲停,0
2025-07-30,2025-07-29,6949,沛爾生醫*-創,B五日連漲30%,0
2025-07-30,2025-07-29,8032,光菱,A連2漲停,0
2025-07-31,2025-07-30,1504,東元,A連2漲停,0
2025-07-31,2025-07-30,1528,恩德,A連2漲停,1
2025-07-31,2025-07-30,2645,長榮航太,B五日連漲30%,1
2025-07-31,2025-07-30,6727,亞泰金屬,B五日連漲30%,0
2025-07-31,2025-07-30,8472,納維康,A+B,0
2025-08-01,2025-07-31,1569,濱川,A連2漲停,1
2025-08-01,2025-07-31,2493,揚博,B五日連漲30%,0
2025-08-01,2025-07-31,3229,晟鈦,A連2漲停,0
2025-08-01,2025-07-31,3629,地心引力,A連2漲停,0
2025-08-01,2025-07-31,4551,智伸科,A連2漲停,1
2025-08-01,2025-07-31,4577,達航科技,A連2漲停,0
2025-08-01,2025-07-31,6129,普誠,A連2漲停,0
2025-08-01,2025-07-31,6133,金橋,A連2漲停,0
2025-08-01,2025-07-31,6134,萬旭,A連2漲停,0
2025-08-01,2025-07-31,6234,高僑,A連2漲停,1
2025-08-01,2025-07-31,8028,昇陽半導體,A連2漲停,1
2025-08-01,2025-07-31,8038,長園科,B五日連漲30%,1
2025-08-04,2025-08-01,3322,建舜電,A連2漲停,0
2025-08-04,2025-08-01,5302,太欣,A連2漲停,0
2025-08-04,2025-08-01,6152,百一,A連2漲停,0
2025-08-04,2025-08-01,8084,巨虹,A連2漲停,0
2025-08-04,2025-08-01,8935,邦泰,A連2漲停,0
2025-08-05,2025-08-04,7547,碩網,A連2漲停,0
2025-08-05,2025-08-04,8103,瀚荃,B五日連漲30%,1
2025-08-06,2025-08-05,2406,國碩,A+B,1
2025-08-06,2025-08-05,3066,李洲,A連2漲停,0
2025-08-06,2025-08-05,3447,展達,A連2漲停,1
2025-08-06,2025-08-05,4931,新盛力,A連2漲停,1
2025-08-07,2025-08-06,1815,富喬,B五日連漲30%,1
2025-08-07,2025-08-06,3518,柏騰,A連2漲停,0
2025-08-07,2025-08-06,4958,,B五日連漲30%,1
2025-08-07,2025-08-06,8935,邦泰,B五日連漲30%,0
2025-08-08,2025-08-07,1802,台玻,B五日連漲30%,0
2025-08-08,2025-08-07,3555,博士旺,A+B,0
2025-08-08,2025-08-07,3597,映興,A連2漲停,1
2025-08-08,2025-08-07,4569,,B五日連漲30%,0
2025-08-08,2025-08-07,4989,榮科,A+B,0
2025-08-08,2025-08-07,5475,德宏,B五日連漲30%,1
2025-08-08,2025-08-07,6208,日揚,A連2漲停,0
2025-08-11,2025-08-08,1809,中釉,B五日連漲30%,1
2025-08-11,2025-08-08,2402,毅嘉,B五日連漲30%,1
2025-08-11,2025-08-08,2630,亞航,A連2漲停,1
2025-08-11,2025-08-08,3297,杭特,A連2漲停,1
2025-08-11,2025-08-08,3694,海華,B五日連漲30%,1
2025-08-11,2025-08-08,4722,國精化,A連2漲停,1
2025-08-11,2025-08-08,6283,淳安,A連2漲停,0
2025-08-11,2025-08-08,6294,智基,A連2漲停,0
2025-08-11,2025-08-08,6442,光聖,B五日連漲30%,1
2025-08-11,2025-08-08,6895,宏碩系統,A連2漲停,1
2025-08-12,2025-08-11,1409,新纖,B五日連漲30%,1
2025-08-12,2025-08-11,2380,虹光,B五日連漲30%,0
2025-08-12,2025-08-11,3071,協禧,A+B,0
2025-08-12,2025-08-11,3135,凌航,A連2漲停,0
2025-08-12,2025-08-11,4577,達航科技,B五日連漲30%,0
2025-08-12,2025-08-11,4768,晶呈科技,B五日連漲30%,1
2025-08-12,2025-08-11,4977,,A連2漲停,1
2025-08-12,2025-08-11,5498,凱崴,A連2漲停,0
2025-08-12,2025-08-11,6265,方土昶,A連2漲停,0
2025-08-12,2025-08-11,6733,博晟生醫,B五日連漲30%,0
2025-08-12,2025-08-11,8472,納維康,A連2漲停,0
2025-08-13,2025-08-12,1717,長興,A連2漲停,1
2025-08-13,2025-08-12,2338,光罩,A連2漲停,1
2025-08-13,2025-08-12,2718,全心投控,A連2漲停,0
2025-08-13,2025-08-12,3305,昇貿,A連2漲停,1
2025-08-13,2025-08-12,6418,詠昇,A連2漲停,0
2025-08-13,2025-08-12,6919,康霈*,B五日連漲30%,0
2025-08-14,2025-08-13,3058,立德,A連2漲停,0
2025-08-14,2025-08-13,5234,達興材料,A連2漲停,1
2025-08-14,2025-08-13,6530,創威,A連2漲停,1
2025-08-14,2025-08-13,8358,金居,A連2漲停,1
2025-08-15,2025-08-14,2406,國碩,A連2漲停,0
2025-08-15,2025-08-14,2498,宏達電,A連2漲停,1
2025-08-15,2025-08-14,3211,順達,B五日連漲30%,1
2025-08-15,2025-08-14,3490,單井,A連2漲停,1
2025-08-15,2025-08-14,3498,陽程,A連2漲停,1
2025-08-15,2025-08-14,3508,位速,A連2漲停,0
2025-08-15,2025-08-14,3630,新鉅科,A連2漲停,1
2025-08-15,2025-08-14,3691,碩禾,A連2漲停,1
2025-08-15,2025-08-14,4916,事欣科,A連2漲停,1
2025-08-15,2025-08-14,5344,立衛,A連2漲停,0
2025-08-15,2025-08-14,5355,佳總,A連2漲停,0
2025-08-15,2025-08-14,5536,聖暉*,A連2漲停,1
2025-08-15,2025-08-14,6118,建達,A連2漲停,1
2025-08-15,2025-08-14,6129,普誠,A連2漲停,0
2025-08-15,2025-08-14,6213,聯茂,A連2漲停,1
2025-08-15,2025-08-14,6573,,A連2漲停,0
2025-08-15,2025-08-14,6761,穩得,A連2漲停,1
2025-08-15,2025-08-14,7712,博盛半導體,A連2漲停,0
2025-08-15,2025-08-14,8045,達運光電,A連2漲停,0
2025-08-15,2025-08-14,8201,無敵,B五日連漲30%,0
2025-08-18,2025-08-15,2007,燁興,A連2漲停,0
2025-08-18,2025-08-15,2491,吉祥全,A連2漲停,0
2025-08-18,2025-08-15,3276,宇環,A連2漲停,0
2025-08-18,2025-08-15,3305,昇貿,A連2漲停,0
2025-08-18,2025-08-15,3625,西勝,A連2漲停,1
2025-08-18,2025-08-15,3685,元創精密,B五日連漲30%,0
2025-08-18,2025-08-15,4722,國精化,A連2漲停,0
2025-08-18,2025-08-15,6449,鈺邦,B五日連漲30%,1
2025-08-18,2025-08-15,6672,,A連2漲停,1
2025-08-19,2025-08-18,3043,科風,A連2漲停,0
2025-08-19,2025-08-18,3297,杭特,A連2漲停,0
2025-08-19,2025-08-18,5251,天鉞電,A連2漲停,1
2025-08-20,2025-08-19,2401,凌陽,A連2漲停,1
2025-08-20,2025-08-19,5460,同協,A連2漲停,0
2025-08-20,2025-08-19,6148,驊宏資,A連2漲停,1
2025-08-21,2025-08-20,3095,及成,A連2漲停,0
2025-08-21,2025-08-20,3219,倚強科,B五日連漲30%,1
2025-08-21,2025-08-20,3708,上緯投控,A連2漲停,1
2025-08-21,2025-08-20,4760,勤凱科技,B五日連漲30%,1
2025-08-21,2025-08-20,4946,辣椒,A連2漲停,0
2025-08-21,2025-08-20,5284,,B五日連漲30%,1
2025-08-21,2025-08-20,6739,竹陞科技,A連2漲停,1
2025-08-21,2025-08-20,7402,邑錡,B五日連漲30%,1
2025-08-21,2025-08-20,8033,雷虎,B五日連漲30%,1
2025-08-21,2025-08-20,8358,金居,B五日連漲30%,0
2025-08-22,2025-08-21,2352,佳世達,A連2漲停,1
2025-08-22,2025-08-21,3048,益登,B五日連漲30%,1
2025-08-22,2025-08-21,3305,昇貿,B五日連漲30%,0
2025-08-22,2025-08-21,3535,晶彩科,A連2漲停,1
2025-08-22,2025-08-21,4564,元翎,A連2漲停,1
2025-08-22,2025-08-21,4722,國精化,B五日連漲30%,0
2025-08-22,2025-08-21,4976,佳凌,B五日連漲30%,1
2025-08-22,2025-08-21,8046,南電,B五日連漲30%,1
2025-08-25,2025-08-22,1506,正道,A連2漲停,0
2025-08-25,2025-08-22,2359,所羅門,A連2漲停,1
2025-08-25,2025-08-22,2365,昆盈,A連2漲停,1
2025-08-25,2025-08-22,3563,牧德,B五日連漲30%,1
2025-08-25,2025-08-22,3653,健策,A連2漲停,1
2025-08-25,2025-08-22,4541,晟田,B五日連漲30%,1
2025-08-25,2025-08-22,5484,慧友,A連2漲停,0
2025-08-25,2025-08-22,6570,維田,A連2漲停,0
2025-08-25,2025-08-22,6753,龍德造船,A連2漲停,1
2025-08-25,2025-08-22,6791,虎門科技,A連2漲停,0
2025-08-26,2025-08-25,1796,金穎生技,B五日連漲30%,0
2025-08-26,2025-08-25,4442,,B五日連漲30%,0
2025-08-26,2025-08-25,5289,宜鼎,A連2漲停,1
2025-08-26,2025-08-25,6179,亞通,A連2漲停,1
2025-08-26,2025-08-25,6207,雷科,A連2漲停,1
2025-08-26,2025-08-25,6584,南俊國際,A連2漲停,1
2025-08-26,2025-08-25,6735,美達科技,B五日連漲30%,0
2025-08-26,2025-08-25,7703,銳澤,B五日連漲30%,1
2025-08-26,2025-08-25,7712,博盛半導體,A連2漲停,0
2025-08-27,2025-08-26,2634,漢翔,A連2漲停,1
2025-08-27,2025-08-26,3047,訊舟,A連2漲停,1
2025-08-27,2025-08-26,3630,新鉅科,A連2漲停,0
2025-08-27,2025-08-26,6168,宏齊,B五日連漲30%,1
2025-08-27,2025-08-26,6191,精成科,A連2漲停,1
2025-08-27,2025-08-26,6761,穩得,A連2漲停,0
2025-08-28,2025-08-27,2429,銘旺科,A連2漲停,1
2025-08-28,2025-08-27,5438,東友,B五日連漲30%,1
2025-08-28,2025-08-27,6569,醫揚,A連2漲停,0
2025-08-28,2025-08-27,8121,越峰,A連2漲停,0
2025-08-28,2025-08-27,8183,精星,A連2漲停,0
2025-08-29,2025-08-28,2243,,A連2漲停,1
2025-08-29,2025-08-28,2314,台揚,A連2漲停,0
2025-08-29,2025-08-28,3372,典範,A連2漲停,0
2025-08-29,2025-08-28,4116,明基醫,A連2漲停,0
2025-08-29,2025-08-28,6129,普誠,A連2漲停,0
2025-08-29,2025-08-28,6515,穎崴,A連2漲停,1
2025-09-01,2025-08-29,1256,,A連2漲停,0
2025-09-01,2025-08-29,6418,詠昇,B五日連漲30%,0
2025-09-02,2025-09-01,4528,江興鍛,A連2漲停,0
2025-09-02,2025-09-01,4976,佳凌,A連2漲停,0
2025-09-02,2025-09-01,5314,世紀*,B五日連漲30%,0
2025-09-02,2025-09-01,6291,沛亨,A+B,1
2025-09-02,2025-09-01,6919,康霈*,A連2漲停,0
2025-09-03,2025-09-02,2208,台船,A連2漲停,1
2025-09-03,2025-09-02,2231,為升,A連2漲停,1
2025-09-03,2025-09-02,2429,銘旺科,B五日連漲30%,0
2025-09-03,2025-09-02,3313,斐成,B五日連漲30%,0
2025-09-03,2025-09-02,3522,御嵿,A連2漲停,0
2025-09-03,2025-09-02,3704,合勤控,A+B,1
2025-09-03,2025-09-02,3707,漢磊,A連2漲停,1
2025-09-03,2025-09-02,4108,懷特,A連2漲停,0
2025-09-03,2025-09-02,4414,如興,A連2漲停,0
2025-09-03,2025-09-02,6753,龍德造船,A連2漲停,0
2025-09-03,2025-09-02,7402,邑錡,A連2漲停,0
2025-09-04,2025-09-03,2509,全坤建,A連2漲停,0
2025-09-04,2025-09-03,3323,加百裕,B五日連漲30%,1
2025-09-04,2025-09-03,5309,系統電,B五日連漲30%,1
2025-09-04,2025-09-03,5345,馥鴻,A連2漲停,0
2025-09-04,2025-09-03,5508,永信建,A連2漲停,1
2025-09-04,2025-09-03,7714,創泓科技,A連2漲停,0
2025-09-05,2025-09-04,1504,東元,B五日連漲30%,1
2025-09-05,2025-09-04,2301,光寶科,B五日連漲30%,1
2025-09-05,2025-09-04,2642,宅配通,A連2漲停,0
2025-09-05,2025-09-04,4166,友霖,A連2漲停,0
2025-09-05,2025-09-04,4577,達航科技,A連2漲停,1
2025-09-05,2025-09-04,8088,品安,A連2漲停,1
2025-09-08,2025-09-05,6732,昇佳電子,A連2漲停,0
2025-09-08,2025-09-05,8021,尖點,A連2漲停,1
2025-09-09,2025-09-08,3515,華擎,A連2漲停,1
2025-09-09,2025-09-08,5475,德宏,A連2漲停,1
2025-09-09,2025-09-08,8085,福華,A連2漲停,1
2025-09-09,2025-09-08,8101,華冠,B五日連漲30%,0
2025-09-11,2025-09-10,2408,南亞科,B五日連漲30%,1
2025-09-11,2025-09-10,3523,迎輝,A連2漲停,0
2025-09-11,2025-09-10,6419,京晨科,A連2漲停,0
2025-09-12,2025-09-11,2340,台亞,A+B,1
2025-09-12,2025-09-11,2342,茂矽,A+B,1
2025-09-12,2025-09-11,3016,嘉晶,A+B,1
2025-09-12,2025-09-11,3135,凌航,B五日連漲30%,0
2025-09-12,2025-09-11,3707,漢磊,A連2漲停,0
2025-09-12,2025-09-11,4973,廣穎電通,B五日連漲30%,0
2025-09-12,2025-09-11,6182,合晶,A+B,1
2025-09-15,2025-09-12,2344,華邦電,B五日連漲30%,1
2025-09-15,2025-09-12,3713,新晶投控,A連2漲停,0
2025-09-15,2025-09-12,6923,中台,A連2漲停,1
2025-09-16,2025-09-15,2444,兆勁,A連2漲停,0
2025-09-16,2025-09-15,3060,銘異,A連2漲停,1
2025-09-16,2025-09-15,3325,旭品,A連2漲停,1
2025-09-16,2025-09-15,3532,台勝科,B五日連漲30%,1
2025-09-16,2025-09-15,4130,,A連2漲停,0
2025-09-16,2025-09-15,4577,達航科技,A連2漲停,0
2025-09-16,2025-09-15,5469,瀚宇博,B五日連漲30%,1
2025-09-16,2025-09-15,7584,樂意,B五日連漲30%,0
2025-09-17,2025-09-16,1587,吉茂,A連2漲停,1
2025-09-17,2025-09-16,3450,聯鈞,B五日連漲30%,1
2025-09-17,2025-09-16,4934,太極,A連2漲停,1
2025-09-17,2025-09-16,6770,力積電,A連2漲停,1
2025-09-18,2025-09-17,1340,,A+B,0
2025-09-18,2025-09-17,6127,九豪,B五日連漲30%,1
2025-09-18,2025-09-17,6161,捷波,A連2漲停,0
2025-09-19,2025-09-18,2492,華新科,A連2漲停,1
2025-09-19,2025-09-18,3236,千如,A連2漲停,0
2025-09-19,2025-09-18,4722,國精化,A連2漲停,1
2025-09-19,2025-09-18,5328,華容,A連2漲停,1
2025-09-19,2025-09-18,8043,蜜望實,A連2漲停,1
2025-09-22,2025-09-19,1795,美時,B五日連漲30%,1
2025-09-22,2025-09-19,3628,盈正,B五日連漲30%,0
2025-09-22,2025-09-19,5228,鈺鎧,A連2漲停,0
2025-09-22,2025-09-19,6418,詠昇,A+B,0
2025-09-24,2025-09-23,3430,奇鈦科,B五日連漲30%,1
2025-09-25,2025-09-24,2009,第一銅,A連2漲停,1
2025-09-25,2025-09-24,2067,嘉鋼,B五日連漲30%,0
2025-09-25,2025-09-24,8455,,A連2漲停,0
2025-09-26,2025-09-25,3555,博士旺,A連2漲停,0
2025-09-26,2025-09-25,3581,博磊,B五日連漲30%,1
2025-09-30,2025-09-26,4711,永純,A連2漲停,0
2025-09-30,2025-09-26,5475,德宏,A連2漲停,1
2025-09-30,2025-09-26,6770,力積電,A連2漲停,0
2025-09-30,2025-09-26,6785,昱展新藥,A連2漲停,0
2025-09-30,2025-09-26,8021,尖點,A連2漲停,1
2025-09-30,2025-09-26,8047,星雲,B五日連漲30%,0
2025-09-30,2025-09-26,8299,群聯,B五日連漲30%,1
2025-10-01,2025-09-30,1504,東元,A連2漲停,1
2025-10-01,2025-09-30,2070,精湛,A連2漲停,0
2025-10-02,2025-10-01,1570,力肯,A連2漲停,0
2025-10-02,2025-10-01,2465,麗臺,B五日連漲30%,0
2025-10-02,2025-10-01,3321,同泰,A連2漲停,0
2025-10-02,2025-10-01,3631,晟楠,B五日連漲30%,0
2025-10-02,2025-10-01,4768,晶呈科技,B五日連漲30%,1
2025-10-02,2025-10-01,4967,十銓,B五日連漲30%,1
2025-10-02,2025-10-01,4989,榮科,A+B,1
2025-10-02,2025-10-01,8110,華東,A連2漲停,1
2025-10-03,2025-10-02,3685,元創精密,B五日連漲30%,1
2025-10-03,2025-10-02,3709,鑫聯大投控,A連2漲停,1
2025-10-03,2025-10-02,8176,智捷,A連2漲停,0
2025-10-07,2025-10-03,1435,中福,A連2漲停,0
2025-10-07,2025-10-03,6499,益安,B五日連漲30%,1
2025-10-07,2025-10-03,8067,志旭,A連2漲停,0
2025-10-07,2025-10-03,8472,納維康,A連2漲停,0
2025-10-08,2025-10-07,2380,虹光,A連2漲停,0
2025-10-08,2025-10-07,5289,宜鼎,A連2漲停,1
2025-10-08,2025-10-07,8271,宇瞻,B五日連漲30%,1
2025-10-08,2025-10-07,9136,,A連2漲停,0
2025-10-09,2025-10-08,1517,利奇,A連2漲停,1
2025-10-09,2025-10-08,3135,凌航,A連2漲停,0
2025-10-09,2025-10-08,5468,凱鈺,A連2漲停,0
2025-10-09,2025-10-08,6485,點序,A連2漲停,1
2025-10-09,2025-10-08,6541,,A連2漲停,1
2025-10-13,2025-10-09,1526,日馳,A連2漲停,0
2025-10-13,2025-10-09,3002,歐格,B五日連漲30%,1
2025-10-13,2025-10-09,6144,得利影,A連2漲停,0
2025-10-13,2025-10-09,7610,聯友金屬-創,A連2漲停,0
2025-10-14,2025-10-13,6560,欣普羅,A連2漲停,0
2025-10-14,2025-10-13,8996,高力,A連2漲停,1
2025-10-15,2025-10-14,3189,景碩,A連2漲停,1
2025-10-15,2025-10-14,3236,千如,B五日連漲30%,1
2025-10-15,2025-10-14,3555,博士旺,A連2漲停,0
2025-10-15,2025-10-14,6109,亞元,A連2漲停,0
2025-10-15,2025-10-14,6127,九豪,B五日連漲30%,1
2025-10-15,2025-10-14,8047,星雲,A+B,0
2025-10-15,2025-10-14,8103,瀚荃,A+B,1
2025-10-16,2025-10-15,2375,凱美,B五日連漲30%,1
2025-10-16,2025-10-15,2408,南亞科,A連2漲停,1
2025-10-16,2025-10-15,4764,雙鍵,A+B,0
2025-10-16,2025-10-15,5328,華容,B五日連漲30%,1
2025-10-16,2025-10-15,6155,鈞寶,B五日連漲30%,1
2025-10-16,2025-10-15,6173,信昌電,B五日連漲30%,1
2025-10-16,2025-10-15,6862,,B五日連漲30%,1
2025-10-16,2025-10-15,8088,品安,A連2漲停,1
2025-10-17,2025-10-16,3390,旭軟,A連2漲停,0
2025-10-17,2025-10-16,3543,州巧,A連2漲停,1
2025-10-17,2025-10-16,6492,生華科,A連2漲停,1
2025-10-17,2025-10-16,6875,國邑*,A連2漲停,0
2025-10-17,2025-10-16,8042,金山電,A連2漲停,1
2025-10-17,2025-10-16,8043,蜜望實,A連2漲停,1
2025-10-20,2025-10-17,2327,國巨*,B五日連漲30%,0
2025-10-20,2025-10-17,2481,強茂,A連2漲停,1
2025-10-20,2025-10-17,3537,堡達,B五日連漲30%,0
2025-10-20,2025-10-17,4171,瑞基,B五日連漲30%,0
2025-10-20,2025-10-17,5228,鈺鎧,A連2漲停,0
2025-10-20,2025-10-17,6411,晶焱,A+B,0
2025-10-21,2025-10-20,2342,茂矽,A連2漲停,1
2025-10-21,2025-10-20,5543,,A連2漲停,0
2025-10-21,2025-10-20,6573,,A連2漲停,0
2025-10-22,2025-10-21,3628,盈正,A連2漲停,1
2025-10-22,2025-10-21,3693,營邦,B五日連漲30%,1
2025-10-22,2025-10-21,5301,寶得利,A連2漲停,0
2025-10-22,2025-10-21,6645,金萬林-創,A連2漲停,0
2025-10-22,2025-10-21,6936,永鴻生技,A連2漲停,0
2025-10-23,2025-10-22,6175,立敦,A連2漲停,1
2025-10-27,2025-10-23,2337,旺宏,A連2漲停,1
2025-10-27,2025-10-23,2515,中工,A+B,1
2025-10-27,2025-10-23,4304,勝昱,B五日連漲30%,0
2025-10-27,2025-10-23,5355,佳總,A連2漲停,0
2025-10-27,2025-10-23,6290,良維,A連2漲停,1
2025-10-27,2025-10-23,6432,今展科,A連2漲停,1
2025-10-28,2025-10-27,4741,泓瀚,A連2漲停,0
2025-10-28,2025-10-27,6573,,A連2漲停,0
2025-10-28,2025-10-27,6654,天正國際,B五日連漲30%,0
2025-10-28,2025-10-27,6933,,B五日連漲30%,0
2025-10-28,2025-10-27,8096,擎亞,A連2漲停,1
2025-10-29,2025-10-28,3047,訊舟,A連2漲停,1
2025-10-29,2025-10-28,3062,建漢,A連2漲停,1
2025-10-29,2025-10-28,3234,光環,A連2漲停,1
2025-10-29,2025-10-28,3288,點晶,B五日連漲30%,0
2025-10-29,2025-10-28,3543,州巧,A連2漲停,0
2025-10-30,2025-10-29,8183,精星,A連2漲停,1
2025-10-31,2025-10-30,1519,華城,A連2漲停,1
2025-10-31,2025-10-30,3105,穩懋,A連2漲停,1
2025-10-31,2025-10-30,4588,玖鼎電力,A連2漲停,0
2025-10-31,2025-10-30,5381,光譜,A連2漲停,1
2025-10-31,2025-10-30,8440,綠電,A連2漲停,0
2025-11-03,2025-10-31,3321,同泰,A連2漲停,0
2025-11-03,2025-10-31,5521,工信,A連2漲停,1
2025-11-04,2025-11-03,1314,中石化,A連2漲停,0
2025-11-04,2025-11-03,3684,榮昌,A連2漲停,0
2025-11-04,2025-11-03,8093,保銳,A連2漲停,0
2025-11-05,2025-11-04,2337,旺宏,B五日連漲30%,0
2025-11-05,2025-11-04,2451,創見,B五日連漲30%,1
2025-11-05,2025-11-04,3002,歐格,A連2漲停,0
2025-11-05,2025-11-04,6265,方土昶,B五日連漲30%,1
2025-11-05,2025-11-04,6573,,A連2漲停,0
2025-11-05,2025-11-04,6706,惠特,A連2漲停,1
2025-11-05,2025-11-04,6751,智聯服務,A連2漲停,0
2025-11-05,2025-11-04,8110,華東,B五日連漲30%,1
2025-11-06,2025-11-05,1805,寶徠,A連2漲停,0
2025-11-06,2025-11-05,2485,兆赫,B五日連漲30%,1
2025-11-06,2025-11-05,3060,銘異,B五日連漲30%,1
2025-11-06,2025-11-05,5351,鈺創,B五日連漲30%,1
2025-11-07,2025-11-06,2314,台揚,A+B,0
2025-11-07,2025-11-06,3715,定穎投控,B五日連漲30%,1
2025-11-07,2025-11-06,6597,立誠,B五日連漲30%,0
2025-11-07,2025-11-06,8271,宇瞻,A連2漲停,1
2025-11-10,2025-11-07,1303,南亞,B五日連漲30%,1
2025-11-10,2025-11-07,5340,建榮,B五日連漲30%,1
2025-11-10,2025-11-07,5468,凱鈺,A連2漲停,0
2025-11-10,2025-11-07,6155,鈞寶,B五日連漲30%,1
2025-11-10,2025-11-07,8043,蜜望實,B五日連漲30%,1
2025-11-10,2025-11-07,8150,南茂,B五日連漲30%,1
2025-11-11,2025-11-10,1802,台玻,A連2漲停,1
2025-11-11,2025-11-10,1815,富喬,A連2漲停,1
2025-11-11,2025-11-10,3057,喬鼎,A連2漲停,0
2025-11-11,2025-11-10,3709,鑫聯大投控,B五日連漲30%,1
2025-11-11,2025-11-10,6127,九豪,A連2漲停,1
2025-11-12,2025-11-11,2201,裕隆,A連2漲停,1
2025-11-12,2025-11-11,3092,鴻碩,A連2漲停,0
2025-11-12,2025-11-11,5344,立衛,A連2漲停,0
2025-11-12,2025-11-11,6291,沛亨,A連2漲停,1
2025-11-13,2025-11-12,4174,浩鼎,B五日連漲30%,1
2025-11-13,2025-11-12,6589,台康生技,A連2漲停,1
2025-11-14,2025-11-13,2434,統懋,A連2漲停,0
2025-11-14,2025-11-13,3581,博磊,A連2漲停,1
2025-11-14,2025-11-13,4304,勝昱,A連2漲停,0
2025-11-17,2025-11-14,3115,富榮綱,A連2漲停,0
2025-11-18,2025-11-17,2413,環科,A連2漲停,1
2025-11-18,2025-11-17,8043,蜜望實,B五日連漲30%,0
2025-11-19,2025-11-18,4745,,B五日連漲30%,0
2025-11-20,2025-11-19,3349,寶德,B五日連漲30%,0
2025-11-20,2025-11-19,6431,,B五日連漲30%,0
2025-11-20,2025-11-19,6442,光聖,B五日連漲30%,1
2025-11-21,2025-11-20,6291,沛亨,A連2漲停,0
2025-11-21,2025-11-20,8042,金山電,A連2漲停,1
2025-11-24,2025-11-21,2413,環科,A連2漲停,0
2025-11-24,2025-11-21,3105,穩懋,A連2漲停,1
2025-11-24,2025-11-21,3135,凌航,A連2漲停,0
2025-11-24,2025-11-21,3163,波若威,B五日連漲30%,1
2025-11-24,2025-11-21,4577,達航科技,A連2漲停,1
2025-11-24,2025-11-21,4903,聯光通,A連2漲停,1
2025-11-24,2025-11-21,4931,新盛力,B五日連漲30%,1
2025-11-24,2025-11-21,4939,亞電,A連2漲停,1
2025-11-24,2025-11-21,4971,,B五日連漲30%,1
2025-11-24,2025-11-21,6465,威潤,A連2漲停,0
2025-11-24,2025-11-21,6510,精測,A連2漲停,1
2025-11-24,2025-11-21,6919,康霈*,A連2漲停,0
2025-11-24,2025-11-21,7717,,A連2漲停,0
2025-11-24,2025-11-21,8047,星雲,B五日連漲30%,1
2025-11-25,2025-11-24,2316,楠梓電,A+B,1
2025-11-25,2025-11-24,2460,建通,B五日連漲30%,0
2025-11-25,2025-11-24,3535,晶彩科,B五日連漲30%,1
2025-11-25,2025-11-24,4764,雙鍵,A連2漲停,1
2025-11-25,2025-11-24,5481,新華,A連2漲停,0
2025-11-27,2025-11-26,1303,南亞,B五日連漲30%,0
2025-11-27,2025-11-26,2485,兆赫,A連2漲停,0
2025-11-27,2025-11-26,4939,亞電,B五日連漲30%,0
2025-11-27,2025-11-26,6155,鈞寶,B五日連漲30%,0
2025-11-27,2025-11-26,6163,華電網,B五日連漲30%,1
2025-11-27,2025-11-26,6624,萬年清,B五日連漲30%,0
2025-11-27,2025-11-26,8039,台虹,A連2漲停,1
2025-11-28,2025-11-27,2491,吉祥全,B五日連漲30%,0
2025-11-28,2025-11-27,3002,歐格,A連2漲停,1
2025-11-28,2025-11-27,7728,光焱科技,B五日連漲30%,0
2025-11-28,2025-11-27,7751,竑騰,B五日連漲30%,0
2025-12-01,2025-11-28,3321,同泰,A連2漲停,0
2025-12-01,2025-11-28,6588,東典光電,A連2漲停,0
2025-12-02,2025-12-01,3229,晟鈦,A連2漲停,0
2025-12-02,2025-12-01,3354,律勝,A連2漲停,0
2025-12-02,2025-12-01,5475,德宏,A連2漲停,1
2025-12-02,2025-12-01,6431,,A連2漲停,0
2025-12-03,2025-12-02,2349,錸德,A連2漲停,0
2025-12-03,2025-12-02,3494,誠研,A連2漲停,0
2025-12-03,2025-12-02,3530,晶相光,A連2漲停,0
2025-12-03,2025-12-02,8431,匯鑽科,B五日連漲30%,1
2025-12-04,2025-12-03,2402,毅嘉,B五日連漲30%,1
2025-12-04,2025-12-03,3288,點晶,A連2漲停,0
2025-12-04,2025-12-03,4562,穎漢,A連2漲停,0
2025-12-04,2025-12-03,5484,慧友,A連2漲停,0
2025-12-04,2025-12-03,7788,松川精密,A連2漲停,0
2025-12-04,2025-12-03,8374,羅昇,A連2漲停,0
2025-12-05,2025-12-04,3067,全域,A連2漲停,0
2025-12-05,2025-12-04,4542,科嶠,B五日連漲30%,0
2025-12-05,2025-12-04,6967,汎瑋材料,A連2漲停,0
2025-12-05,2025-12-04,8110,華東,B五日連漲30%,1
2025-12-05,2025-12-04,8499,,A連2漲停,0
2025-12-08,2025-12-05,2388,威盛,A連2漲停,1
2025-12-08,2025-12-05,2485,兆赫,A連2漲停,0
2025-12-08,2025-12-05,5475,德宏,A連2漲停,0
2025-12-08,2025-12-05,6443,元晶,B五日連漲30%,1
2025-12-08,2025-12-05,6465,威潤,B五日連漲30%,0
2025-12-08,2025-12-05,7717,,A連2漲停,0
2025-12-08,2025-12-05,8039,台虹,A+B,0
2025-12-08,2025-12-05,8103,瀚荃,A連2漲停,0
2025-12-09,2025-12-08,2424,隴華,A連2漲停,0
2025-12-09,2025-12-08,3313,斐成,A連2漲停,0
2025-12-09,2025-12-08,4764,雙鍵,B五日連漲30%,0
2025-12-09,2025-12-08,6419,京晨科,B五日連漲30%,0
2025-12-09,2025-12-08,6426,統新,B五日連漲30%,1
2025-12-09,2025-12-08,6588,東典光電,B五日連漲30%,0
2025-12-09,2025-12-08,6624,萬年清,A連2漲停,0
2025-12-10,2025-12-09,2349,錸德,A+B,0
2025-12-10,2025-12-09,8021,尖點,A連2漲停,1
2025-12-11,2025-12-10,2331,精英,A連2漲停,1
2025-12-11,2025-12-10,3229,晟鈦,A連2漲停,0
2025-12-11,2025-12-10,3701,大眾控,A連2漲停,0
2025-12-11,2025-12-10,5521,工信,A連2漲停,1
2025-12-12,2025-12-11,3576,聯合再生,A連2漲停,0
2025-12-12,2025-12-11,4157,,A連2漲停,1
2025-12-12,2025-12-11,5522,遠雄,B五日連漲30%,1
2025-12-12,2025-12-11,6243,迅杰,A連2漲停,0
2025-12-12,2025-12-11,7717,,A連2漲停,0
2025-12-12,2025-12-11,8431,匯鑽科,A連2漲停,0
2025-12-15,2025-12-12,2440,太空梭,A連2漲停,0
2025-12-15,2025-12-12,3073,天方能源,A連2漲停,0
2025-12-15,2025-12-12,3467,台灣精材,A連2漲停,0
2025-12-15,2025-12-12,4909,新復興,A連2漲停,1
2025-12-15,2025-12-12,6164,華興,A連2漲停,0
2025-12-15,2025-12-12,6226,光鼎,A連2漲停,0
2025-12-15,2025-12-12,6244,茂迪,A連2漲停,1
2025-12-15,2025-12-12,6903,巨漢,A連2漲停,1
2025-12-16,2025-12-15,3178,公準,A連2漲停,0
2025-12-16,2025-12-15,3684,榮昌,A連2漲停,0
2025-12-16,2025-12-15,6916,華凌,A連2漲停,0
2025-12-18,2025-12-17,3057,喬鼎,A連2漲停,0
2025-12-19,2025-12-18,1735,日勝化,A連2漲停,0
2025-12-19,2025-12-18,2413,環科,B五日連漲30%,1
2025-12-19,2025-12-18,3701,大眾控,B五日連漲30%,0
2025-12-19,2025-12-18,5498,凱崴,A連2漲停,1
2025-12-19,2025-12-18,6228,全譜,A連2漲停,0
2025-12-19,2025-12-18,6419,京晨科,A+B,0
2025-12-19,2025-12-18,7717,,B五日連漲30%,0
2025-12-19,2025-12-18,8131,福懋科,A連2漲停,1
2025-12-22,2025-12-19,1528,恩德,B五日連漲30%,1
2025-12-22,2025-12-19,3092,鴻碩,B五日連漲30%,1
2025-12-22,2025-12-19,3354,律勝,A+B,1
2025-12-22,2025-12-19,3576,聯合再生,A連2漲停,0
2025-12-22,2025-12-19,3663,鑫科,B五日連漲30%,1
2025-12-22,2025-12-19,4909,新復興,A+B,0
2025-12-22,2025-12-19,4989,榮科,B五日連漲30%,1
2025-12-22,2025-12-19,4991,,A連2漲停,0
2025-12-22,2025-12-19,6163,華電網,A連2漲停,1
2025-12-22,2025-12-19,6205,詮欣,B五日連漲30%,0
2025-12-22,2025-12-19,6218,豪勉,A連2漲停,0
2025-12-22,2025-12-19,6244,茂迪,A連2漲停,0
2025-12-23,2025-12-22,3135,凌航,B五日連漲30%,0
2025-12-23,2025-12-22,3444,利機,B五日連漲30%,0
2025-12-23,2025-12-22,3499,環天科,A連2漲停,1
2025-12-24,2025-12-23,3264,欣銓,B五日連漲30%,1
2025-12-24,2025-12-23,3481,群創,B五日連漲30%,1
2025-12-24,2025-12-23,6265,方土昶,B五日連漲30%,1
2025-12-24,2025-12-23,8438,昶昕,B五日連漲30%,0
2025-12-26,2025-12-24,2009,第一銅,A連2漲停,1
2025-12-26,2025-12-24,3308,聯德,B五日連漲30%,0
2025-12-26,2025-12-24,4304,勝昱,A連2漲停,0
2025-12-26,2025-12-24,5351,鈺創,B五日連漲30%,1
2025-12-26,2025-12-24,5498,凱崴,A連2漲停,0
2025-12-26,2025-12-24,6234,高僑,A連2漲停,1
2025-12-26,2025-12-24,6658,聯策,A連2漲停,0
2025-12-26,2025-12-24,7728,光焱科技,B五日連漲30%,0
2025-12-26,2025-12-24,8068,全達,A連2漲停,1
2025-12-26,2025-12-24,8422,可寧衛*,B五日連漲30%,0
2025-12-29,2025-12-26,1721,國慶科技,A連2漲停,1
2025-12-29,2025-12-26,3260,威剛,B五日連漲30%,1
2025-12-29,2025-12-26,3455,由田,B五日連漲30%,1
2025-12-29,2025-12-26,4912,,B五日連漲30%,0
2025-12-30,2025-12-29,2337,旺宏,B五日連漲30%,1
2025-12-30,2025-12-29,3006,晶豪科,A+B,1
2025-12-30,2025-12-29,3219,倚強科,A連2漲停,1
2025-12-30,2025-12-29,3623,富晶通,B五日連漲30%,0
2025-12-30,2025-12-29,5245,智晶,B五日連漲30%,0
2025-12-30,2025-12-29,8102,傑霖科技,A連2漲停,0
2025-12-30,2025-12-29,8110,華東,B五日連漲30%,0
2025-12-31,2025-12-30,2025,千興,A連2漲停,0
2025-12-31,2025-12-30,2409,友達,B五日連漲30%,1
2025-12-31,2025-12-30,3360,尚立,A連2漲停,0
2025-12-31,2025-12-30,3624,光頡,A連2漲停,1
2025-12-31,2025-12-30,5263,智崴,A連2漲停,0
2025-12-31,2025-12-30,5291,邑昇,B五日連漲30%,0
2025-12-31,2025-12-30,6116,彩晶,B五日連漲30%,0
2025-12-31,2025-12-30,6485,點序,B五日連漲30%,1
2025-12-31,2025-12-30,7770,君曜,A連2漲停,0
2026-01-02,2025-12-31,1742,台蠟,A連2漲停,0
2026-01-02,2025-12-31,2344,華邦電,B五日連漲30%,1
2026-01-02,2025-12-31,2451,創見,B五日連漲30%,1
2026-01-02,2025-12-31,2460,建通,A連2漲停,1
2026-01-02,2025-12-31,3312,弘憶股,A連2漲停,1
2026-01-02,2025-12-31,3321,同泰,A連2漲停,0
2026-01-02,2025-12-31,4720,德淵,A連2漲停,0
2026-01-02,2025-12-31,4764,雙鍵,A連2漲停,1
2026-01-02,2025-12-31,5228,鈺鎧,A連2漲停,0
2026-01-02,2025-12-31,6155,鈞寶,A連2漲停,1
2026-01-05,2026-01-02,1717,長興,A連2漲停,1
2026-01-05,2026-01-02,8105,凌巨,A連2漲停,1
2026-01-06,2026-01-05,1789,神隆,A+B,1
2026-01-06,2026-01-05,2342,茂矽,A連2漲停,1
2026-01-06,2026-01-05,2349,錸德,A連2漲停,1
2026-01-06,2026-01-05,3532,台勝科,A連2漲停,1
2026-01-06,2026-01-05,3669,圓展,A連2漲停,0
2026-01-06,2026-01-05,3693,營邦,A連2漲停,1
2026-01-06,2026-01-05,6415,,A連2漲停,1
2026-01-06,2026-01-05,6443,元晶,B五日連漲30%,1
2026-01-06,2026-01-05,7610,聯友金屬-創,B五日連漲30%,0
2026-01-06,2026-01-05,8059,凱碩,B五日連漲30%,0
2026-01-06,2026-01-05,8215,明基材,A連2漲停,1
2026-01-06,2026-01-05,8422,可寧衛*,B五日連漲30%,0
2026-01-07,2026-01-06,2025,千興,A連2漲停,0
2026-01-07,2026-01-06,4973,廣穎電通,A連2漲停,1
2026-01-08,2026-01-07,3138,耀登,A+B,1
2026-01-08,2026-01-07,4542,科嶠,A連2漲停,1
2026-01-08,2026-01-07,5302,太欣,A連2漲停,0
2026-01-08,2026-01-07,5543,,A連2漲停,0
2026-01-08,2026-01-07,6163,華電網,B五日連漲30%,0
2026-01-08,2026-01-07,6603,富強鑫,A連2漲停,1
2026-01-08,2026-01-07,6969,成信實業*-創,B五日連漲30%,0
2026-01-08,2026-01-07,8074,鉅橡,A連2漲停,1
2026-01-08,2026-01-07,8476,台境*,B五日連漲30%,0
2026-01-09,2026-01-08,2312,金寶,B五日連漲30%,1
2026-01-09,2026-01-08,2313,華通,A連2漲停,1
2026-01-09,2026-01-08,2406,國碩,B五日連漲30%,1
2026-01-09,2026-01-08,3691,碩禾,B五日連漲30%,1
2026-01-09,2026-01-08,4989,榮科,B五日連漲30%,0
2026-01-09,2026-01-08,5228,鈺鎧,B五日連漲30%,0
2026-01-09,2026-01-08,5291,邑昇,A連2漲停,0
2026-01-09,2026-01-08,5498,凱崴,B五日連漲30%,0
2026-01-09,2026-01-08,6155,鈞寶,B五日連漲30%,0
2026-01-09,2026-01-08,6282,康舒,B五日連漲30%,1
2026-01-09,2026-01-08,6641,,B五日連漲30%,0
2026-01-09,2026-01-08,6834,天二科技,A連2漲停,0
2026-01-09,2026-01-08,6953,家碩,A連2漲停,0
2026-01-09,2026-01-08,8080,泰霖,A+B,0
2026-01-09,2026-01-08,8996,高力,A連2漲停,1
2026-01-12,2026-01-09,1717,長興,B五日連漲30%,0
2026-01-12,2026-01-09,2305,全友,A連2漲停,1
2026-01-12,2026-01-09,2485,兆赫,A連2漲停,1
2026-01-12,2026-01-09,3135,凌航,A連2漲停,0
2026-01-12,2026-01-09,3226,龍鋒,A連2漲停,0
2026-01-12,2026-01-09,3481,群創,B五日連漲30%,0
2026-01-12,2026-01-09,4433,興采,A連2漲停,0
2026-01-12,2026-01-09,4533,協易機,B五日連漲30%,1
2026-01-12,2026-01-09,4556,旭然,B五日連漲30%,0
2026-01-12,2026-01-09,5328,華容,B五日連漲30%,1
2026-01-12,2026-01-09,5425,台半,A連2漲停,1
2026-01-12,2026-01-09,5516,雙喜,A連2漲停,0
2026-01-12,2026-01-09,6152,百一,B五日連漲30%,1
2026-01-12,2026-01-09,6239,力成,A+B,1
2026-01-12,2026-01-09,6265,方土昶,A+B,0
2026-01-12,2026-01-09,6903,巨漢,A連2漲停,1
2026-01-12,2026-01-09,7715,裕山,A連2漲停,0
2026-01-12,2026-01-09,7751,竑騰,A連2漲停,0
2026-01-12,2026-01-09,8064,東捷,A連2漲停,1
2026-01-12,2026-01-09,9955,佳龍,A連2漲停,1
2026-01-13,2026-01-12,1721,國慶科技,B五日連漲30%,0
2026-01-13,2026-01-12,2331,精英,A連2漲停,1
2026-01-13,2026-01-12,2484,希華,A連2漲停,1
2026-01-13,2026-01-12,5011,久陽,A連2漲停,0
2026-01-13,2026-01-12,8088,品安,B五日連漲30%,1
2026-01-13,2026-01-12,8289,泰藝,A連2漲停,0
2026-01-13,2026-01-12,8440,綠電,A連2漲停,0
2026-01-14,2026-01-13,1526,日馳,B五日連漲30%,0
2026-01-14,2026-01-13,1528,恩德,B五日連漲30%,0
2026-01-14,2026-01-13,1541,錩泰,B五日連漲30%,0
2026-01-14,2026-01-13,1802,台玻,B五日連漲30%,1
2026-01-14,2026-01-13,1809,中釉,B五日連漲30%,1
2026-01-14,2026-01-13,3051,力特,B五日連漲30%,1
2026-01-14,2026-01-13,3432,台端,B五日連漲30%,0
2026-01-14,2026-01-13,3501,維熹,A連2漲停,0
2026-01-14,2026-01-13,5340,建榮,B五日連漲30%,1
2026-01-14,2026-01-13,8933,愛地雅,B五日連漲30%,0
2026-01-15,2026-01-14,3085,新零售,A連2漲停,0
2026-01-15,2026-01-14,4534,慶騰,A連2漲停,0
2026-01-15,2026-01-14,4923,力士,A連2漲停,0
2026-01-15,2026-01-14,5452,佶優,A連2漲停,1
2026-01-15,2026-01-14,5475,德宏,A連2漲停,1
2026-01-15,2026-01-14,6226,光鼎,A連2漲停,0
2026-01-15,2026-01-14,8046,南電,B五日連漲30%,1
2026-01-16,2026-01-15,1514,亞力,B五日連漲30%,1
2026-01-16,2026-01-15,1521,大億,A連2漲停,0
2026-01-16,2026-01-15,1539,巨庭,A連2漲停,0
2026-01-16,2026-01-15,2066,世德,A連2漲停,0
2026-01-16,2026-01-15,2489,瑞軒,B五日連漲30%,0
2026-01-16,2026-01-15,3037,欣興,A+B,1
2026-01-16,2026-01-15,3135,凌航,A連2漲停,0
2026-01-16,2026-01-15,3189,景碩,A連2漲停,1
2026-01-16,2026-01-15,3567,逸昌,A連2漲停,0
2026-01-16,2026-01-15,4513,福裕,A連2漲停,0
2026-01-16,2026-01-15,4561,健椿,A連2漲停,0
2026-01-16,2026-01-15,4973,廣穎電通,A連2漲停,0
2026-01-16,2026-01-15,6770,力積電,A連2漲停,1
2026-01-16,2026-01-15,6806,,A連2漲停,1
2026-01-16,2026-01-15,6873,泓德能源,A連2漲停,1
2026-01-19,2026-01-16,3049,精金,A連2漲停,0
2026-01-19,2026-01-16,4528,江興鍛,A連2漲停,0
2026-01-19,2026-01-16,4971,,A連2漲停,1
2026-01-19,2026-01-16,5302,太欣,A連2漲停,0
2026-01-19,2026-01-16,6217,中探針,A連2漲停,1
2026-01-19,2026-01-16,6285,啟碁,A連2漲停,1
2026-01-19,2026-01-16,6735,美達科技,A連2漲停,0
2026-01-20,2026-01-19,2457,飛宏,A連2漲停,1
2026-01-20,2026-01-19,3016,嘉晶,A連2漲停,1
2026-01-20,2026-01-19,3494,誠研,A連2漲停,0
2026-01-20,2026-01-19,4127,天良,B五日連漲30%,0
2026-01-20,2026-01-19,6435,大中,A連2漲停,1
2026-01-20,2026-01-19,6492,生華科,B五日連漲30%,0
2026-01-20,2026-01-19,6597,立誠,A連2漲停,0
2026-01-20,2026-01-19,6753,龍德造船,A連2漲停,1
2026-01-20,2026-01-19,7777,能率亞洲,A連2漲停,0
2026-01-20,2026-01-19,7780,大研生醫*,A連2漲停,0
2026-01-20,2026-01-19,7788,松川精密,B五日連漲30%,0
2026-01-20,2026-01-19,8074,鉅橡,A連2漲停,0
2026-01-20,2026-01-19,8277,商丞,A連2漲停,1
2026-01-21,2026-01-20,1337,,A連2漲停,0
2026-01-21,2026-01-20,2444,兆勁,A連2漲停,1
2026-01-21,2026-01-20,2486,一詮,B五日連漲30%,1
2026-01-21,2026-01-20,3234,光環,A連2漲停,1
2026-01-21,2026-01-20,3710,連展投控,A連2漲停,0
2026-01-21,2026-01-20,4533,協易機,A連2漲停,0
2026-01-21,2026-01-20,6129,普誠,A連2漲停,1
2026-01-21,2026-01-20,6209,今國光,B五日連漲30%,1
2026-01-21,2026-01-20,6921,嘉雨思-創,A連2漲停,0
2026-01-21,2026-01-20,6988,威力暘-創,A連2漲停,0
2026-01-22,2026-01-21,1471,首利,A連2漲停,1
2026-01-22,2026-01-21,2740,華軒,B五日連漲30%,0
2026-01-22,2026-01-21,3260,威剛,B五日連漲30%,1
2026-01-22,2026-01-21,4563,百德,A連2漲停,1
2026-01-22,2026-01-21,6285,啟碁,A連2漲停,0
2026-01-22,2026-01-21,6423,億而得,A連2漲停,0
2026-01-23,2026-01-22,1455,集盛,A連2漲停,0
2026-01-23,2026-01-22,2367,燿華,A連2漲停,1
2026-01-23,2026-01-22,2431,聯昌,A連2漲停,1
2026-01-23,2026-01-22,3228,金麗科,A連2漲停,1
2026-01-23,2026-01-22,3630,新鉅科,A連2漲停,1
2026-01-23,2026-01-22,4534,慶騰,A連2漲停,0
2026-01-23,2026-01-22,4949,有成精密,A連2漲停,1
2026-01-23,2026-01-22,5291,邑昇,A連2漲停,0
2026-01-23,2026-01-22,6133,金橋,A連2漲停,1
2026-01-23,2026-01-22,6291,沛亨,B五日連漲30%,1
2026-01-23,2026-01-22,6716,應廣,A連2漲停,0
2026-01-23,2026-01-22,7709,榮田,B五日連漲30%,0
2026-01-23,2026-01-22,7717,,A連2漲停,0
2026-01-23,2026-01-22,8045,達運光電,A連2漲停,0
2026-01-23,2026-01-22,8131,福懋科,A連2漲停,1
2026-01-23,2026-01-22,8155,博智,B五日連漲30%,1
2026-01-23,2026-01-22,8477,創業家,A連2漲停,0
2026-01-26,2026-01-23,1447,力鵬,A連2漲停,0
2026-01-26,2026-01-23,4967,十銓,A連2漲停,1
2026-01-26,2026-01-23,6426,統新,B五日連漲30%,1
2026-01-26,2026-01-23,6588,東典光電,B五日連漲30%,1
2026-01-26,2026-01-23,6657,華安,A連2漲停,1
2026-01-26,2026-01-23,6739,竹陞科技,B五日連漲30%,1
2026-01-26,2026-01-23,6949,沛爾生醫*-創,B五日連漲30%,0
2026-01-26,2026-01-23,8096,擎亞,A+B,1
2026-01-26,2026-01-23,9103,,B五日連漲30%,0
2026-01-27,2026-01-26,1325,恆大,A連2漲停,1
2026-01-27,2026-01-26,1732,毛寶,A連2漲停,0
2026-01-27,2026-01-26,3122,笙泉,A連2漲停,0
2026-01-27,2026-01-26,3373,熱映,A連2漲停,0
2026-01-27,2026-01-26,3529,力旺,A連2漲停,1
2026-01-27,2026-01-26,4133,亞諾法,A連2漲停,0
2026-01-27,2026-01-26,6442,光聖,A連2漲停,1
2026-01-27,2026-01-26,6504,南六,A連2漲停,0
2026-01-27,2026-01-26,7777,能率亞洲,A連2漲停,0
2026-01-27,2026-01-26,9919,康那香,A連2漲停,1
2026-01-28,2026-01-27,2337,旺宏,A連2漲停,1
2026-01-28,2026-01-27,3081,聯亞,A連2漲停,1
2026-01-28,2026-01-27,3555,博士旺,A+B,0
2026-01-29,2026-01-28,5245,智晶,A連2漲停,1
2026-01-29,2026-01-28,6715,嘉基,A連2漲停,0
2026-01-30,2026-01-29,1454,台富,A連2漲停,0
2026-01-30,2026-01-29,3028,增你強,A連2漲停,1
2026-01-30,2026-01-29,3049,精金,A連2漲停,0
2026-01-30,2026-01-29,3508,位速,B五日連漲30%,0
2026-01-30,2026-01-29,5386,青雲,A連2漲停,1
2026-01-30,2026-01-29,6683,雍智科技,A連2漲停,1
2026-02-02,2026-01-30,6615,慧智,A連2漲停,0
2026-02-02,2026-01-30,7728,光焱科技,A連2漲停,0
2026-02-03,2026-02-02,2367,燿華,A連2漲停,0
2026-02-03,2026-02-02,3138,耀登,A連2漲停,1
2026-02-03,2026-02-02,3308,聯德,A連2漲停,1
2026-02-03,2026-02-02,3576,聯合再生,A連2漲停,1
2026-02-03,2026-02-02,4542,科嶠,A+B,1
2026-02-03,2026-02-02,5475,德宏,A連2漲停,0
2026-02-03,2026-02-02,6244,茂迪,A連2漲停,1
2026-02-03,2026-02-02,6451,,A連2漲停,1
2026-02-03,2026-02-02,6568,宏觀,A連2漲停,1
2026-02-03,2026-02-02,7744,崴寶,B五日連漲30%,0
2026-02-03,2026-02-02,8289,泰藝,A連2漲停,1
2026-02-04,2026-02-03,3234,光環,A連2漲停,0
2026-02-04,2026-02-03,4991,,A連2漲停,0
2026-02-04,2026-02-03,6152,百一,A連2漲停,1
2026-02-04,2026-02-03,6672,,A連2漲停,1
2026-02-04,2026-02-03,6830,汎銓,A連2漲停,1
2026-02-04,2026-02-03,7709,榮田,A連2漲停,0
2026-02-06,2026-02-05,3163,波若威,B五日連漲30%,1
2026-02-06,2026-02-05,3167,大量,A連2漲停,1
2026-02-06,2026-02-05,3550,聯穎,A連2漲停,1
2026-02-06,2026-02-05,5386,青雲,B五日連漲30%,0
2026-02-06,2026-02-05,5475,德宏,B五日連漲30%,0
2026-02-06,2026-02-05,7610,聯友金屬-創,B五日連漲30%,0
2026-02-06,2026-02-05,8271,宇瞻,A連2漲停,1
2026-02-09,2026-02-06,2313,華通,B五日連漲30%,1
2026-02-09,2026-02-06,2337,旺宏,B五日連漲30%,0
2026-02-09,2026-02-06,2460,建通,A+B,1
2026-02-09,2026-02-06,2489,瑞軒,B五日連漲30%,0
2026-02-09,2026-02-06,3234,光環,B五日連漲30%,0
2026-02-09,2026-02-06,4806,桂田文創,B五日連漲30%,0
2026-02-09,2026-02-06,6202,盛群,B五日連漲30%,1
2026-02-09,2026-02-06,6217,中探針,B五日連漲30%,1
2026-02-09,2026-02-06,6291,沛亨,B五日連漲30%,0
2026-02-09,2026-02-06,6426,統新,B五日連漲30%,0
2026-02-09,2026-02-06,6588,東典光電,B五日連漲30%,0
2026-02-09,2026-02-06,6716,應廣,B五日連漲30%,0
2026-02-09,2026-02-06,6907,,A+B,0
2026-02-10,2026-02-09,2923,,B五日連漲30%,0
2026-02-10,2026-02-09,3028,增你強,B五日連漲30%,0
2026-02-10,2026-02-09,3363,上詮,B五日連漲30%,1
2026-02-11,2026-02-10,1802,台玻,A連2漲停,1
2026-02-11,2026-02-10,1815,富喬,A連2漲停,1
2026-02-11,2026-02-10,2360,致茂,B五日連漲30%,1
2026-02-11,2026-02-10,3529,力旺,A+B,0
2026-02-11,2026-02-10,3576,聯合再生,B五日連漲30%,0
2026-02-11,2026-02-10,4523,永彰,A連2漲停,0
2026-02-11,2026-02-10,4534,慶騰,B五日連漲30%,1
2026-02-11,2026-02-10,4722,國精化,B五日連漲30%,1
2026-02-11,2026-02-10,4927,,B五日連漲30%,1
2026-02-11,2026-02-10,4989,榮科,A+B,1
2026-02-11,2026-02-10,4991,,B五日連漲30%,0
2026-02-11,2026-02-10,5291,邑昇,B五日連漲30%,1
2026-02-11,2026-02-10,5521,工信,B五日連漲30%,1
2026-02-11,2026-02-10,6187,萬潤,B五日連漲30%,1
2026-02-11,2026-02-10,6854,,B五日連漲30%,1
2026-02-11,2026-02-10,6861,睿生光電,A+B,1
2026-02-11,2026-02-10,7717,,B五日連漲30%,0
2026-02-11,2026-02-10,7740,熙特爾-創,A連2漲停,0
2026-02-11,2026-02-10,8046,南電,B五日連漲30%,1
2026-02-11,2026-02-10,8087,麗升能源,A連2漲停,0
2026-02-11,2026-02-10,8150,南茂,B五日連漲30%,1
2026-02-23,2026-02-11,1471,首利,B五日連漲30%,1
2026-02-23,2026-02-11,1711,永光,A連2漲停,1
2026-02-23,2026-02-11,2103,台橡,A連2漲停,1
2026-02-23,2026-02-11,2104,國際中橡,A連2漲停,1
2026-02-23,2026-02-11,2338,光罩,A+B,1
2026-02-23,2026-02-11,2413,環科,A連2漲停,1
2026-02-23,2026-02-11,2492,華新科,A連2漲停,1
2026-02-23,2026-02-11,3030,德律,B五日連漲30%,1
2026-02-23,2026-02-11,3037,欣興,A連2漲停,1
2026-02-23,2026-02-11,3092,鴻碩,B五日連漲30%,1
2026-02-23,2026-02-11,3105,穩懋,A連2漲停,1
2026-02-23,2026-02-11,3138,耀登,B五日連漲30%,0
2026-02-23,2026-02-11,3189,景碩,A連2漲停,1
2026-02-23,2026-02-11,3357,臺慶科,B五日連漲30%,1
2026-02-23,2026-02-11,3535,晶彩科,B五日連漲30%,1
2026-02-23,2026-02-11,3675,德微,A連2漲停,1
2026-02-23,2026-02-11,3684,榮昌,A連2漲停,0
2026-02-23,2026-02-11,3701,大眾控,A連2漲停,1
2026-02-23,2026-02-11,4577,達航科技,A+B,1
2026-02-23,2026-02-11,4764,雙鍵,A連2漲停,1
2026-02-23,2026-02-11,4768,晶呈科技,B五日連漲30%,1
2026-02-23,2026-02-11,4919,新唐,A連2漲停,1
2026-02-23,2026-02-11,4971,,B五日連漲30%,1
2026-02-23,2026-02-11,4977,,B五日連漲30%,1
2026-02-23,2026-02-11,4979,華星光,A+B,1
2026-02-23,2026-02-11,5328,華容,A連2漲停,1
2026-02-23,2026-02-11,6127,九豪,A連2漲停,1
2026-02-23,2026-02-11,6230,尼得科超眾,B五日連漲30%,0
2026-02-23,2026-02-11,6244,茂迪,A連2漲停,0
2026-02-23,2026-02-11,6451,,A連2漲停,0
2026-02-23,2026-02-11,6546,正基,B五日連漲30%,1
2026-02-23,2026-02-11,6830,汎銓,B五日連漲30%,0
2026-02-23,2026-02-11,6862,,B五日連漲30%,1
2026-02-23,2026-02-11,7744,崴寶,B五日連漲30%,0
2026-02-23,2026-02-11,7810,捷創科技,A連2漲停,0
2026-02-23,2026-02-11,8021,尖點,A連2漲停,1
2026-02-23,2026-02-11,8039,台虹,B五日連漲30%,1
2026-02-23,2026-02-11,8289,泰藝,B五日連漲30%,0
2026-02-24,2026-02-23,3207,耀勝,A連2漲停,1
2026-02-24,2026-02-23,3308,聯德,A連2漲停,0
2026-02-24,2026-02-23,6141,柏承,B五日連漲30%,0
2026-02-24,2026-02-23,6213,聯茂,A連2漲停,1
2026-02-24,2026-02-23,7751,竑騰,A連2漲停,0
2026-02-25,2026-02-24,3054,立萬利,A連2漲停,0
2026-02-25,2026-02-24,3691,碩禾,A連2漲停,1
2026-02-25,2026-02-24,3693,營邦,A連2漲停,1
2026-02-25,2026-02-24,3709,鑫聯大投控,A連2漲停,1
2026-02-25,2026-02-24,4946,辣椒,A連2漲停,0
2026-02-25,2026-02-24,7712,博盛半導體,A連2漲停,1
2026-02-25,2026-02-24,7734,印能科技,A連2漲停,1
2026-02-25,2026-02-24,8438,昶昕,A連2漲停,1
2026-02-26,2026-02-25,1735,日勝化,A連2漲停,1
2026-02-26,2026-02-25,2367,燿華,A連2漲停,0
2026-02-26,2026-02-25,2406,國碩,A連2漲停,1
2026-02-26,2026-02-25,2444,兆勁,A連2漲停,1
2026-02-26,2026-02-25,2455,全新,A連2漲停,1
2026-02-26,2026-02-25,2467,志聖,A連2漲停,1
2026-02-26,2026-02-25,2616,山隆,B五日連漲30%,0
2026-02-26,2026-02-25,3049,精金,A連2漲停,0
2026-02-26,2026-02-25,3354,律勝,A連2漲停,1
2026-02-26,2026-02-25,3563,牧德,A連2漲停,1
2026-02-26,2026-02-25,6443,元晶,A連2漲停,1
2026-02-26,2026-02-25,6456,,A連2漲停,1
2026-02-26,2026-02-25,6689,伊雲谷,A連2漲停,0
2026-02-26,2026-02-25,6789,采鈺,A連2漲停,1
2026-03-02,2026-02-26,2485,兆赫,A連2漲停,1
2026-03-02,2026-02-26,3615,安可,A連2漲停,1
2026-03-02,2026-02-26,3701,大眾控,A連2漲停,0
2026-03-02,2026-02-26,4908,前鼎,A連2漲停,1
2026-03-02,2026-02-26,6124,業強,A連2漲停,0
2026-03-02,2026-02-26,6152,百一,A連2漲停,0
2026-03-02,2026-02-26,6877,鏵友益,A連2漲停,1
2026-03-02,2026-02-26,9918,欣天然,B五日連漲30%,0
2026-03-03,2026-03-02,2601,益航,A連2漲停,0
2026-03-03,2026-03-02,5011,久陽,A連2漲停,0
2026-03-03,2026-03-02,9931,欣高,B五日連漲30%,0
2026-03-04,2026-03-03,5386,青雲,B五日連漲30%,0
2026-03-05,2026-03-04,1785,光洋科,B五日連漲30%,1
2026-03-05,2026-03-04,2426,鼎元,A+B,1
2026-03-05,2026-03-04,3260,威剛,B五日連漲30%,1
2026-03-05,2026-03-04,3664,,A連2漲停,0
2026-03-05,2026-03-04,5289,宜鼎,B五日連漲30%,1
2026-03-05,2026-03-04,6217,中探針,A連2漲停,0
2026-03-05,2026-03-04,6683,雍智科技,A連2漲停,1
2026-03-05,2026-03-04,6715,嘉基,A+B,1
2026-03-05,2026-03-04,6830,汎銓,A連2漲停,0
2026-03-05,2026-03-04,8271,宇瞻,B五日連漲30%,0
2026-03-06,2026-03-05,1309,台達化,A連2漲停,1
2026-03-06,2026-03-05,1314,中石化,A連2漲停,0
2026-03-06,2026-03-05,3054,立萬利,A+B,0
2026-03-06,2026-03-05,6505,台塑化,A連2漲停,1
2026-03-06,2026-03-05,8917,欣泰,A連2漲停,0
2026-03-09,2026-03-06,4973,廣穎電通,A+B,1
2026-03-10,2026-03-09,1711,永光,B五日連漲30%,0
2026-03-10,2026-03-09,2243,,A+B,0
2026-03-10,2026-03-09,2305,全友,A連2漲停,1
2026-03-10,2026-03-09,2360,致茂,A連2漲停,0
2026-03-10,2026-03-09,2408,南亞科,A連2漲停,1
2026-03-10,2026-03-09,3006,晶豪科,A連2漲停,1
2026-03-10,2026-03-09,3037,欣興,B五日連漲30%,0
2026-03-10,2026-03-09,3163,波若威,B五日連漲30%,0
2026-03-10,2026-03-09,3437,榮創,B五日連漲30%,1
2026-03-10,2026-03-09,3498,陽程,A連2漲停,1
2026-03-10,2026-03-09,3555,博士旺,B五日連漲30%,1
2026-03-10,2026-03-09,3663,鑫科,A連2漲停,1
2026-03-10,2026-03-09,4956,光鋐,B五日連漲30%,1
2026-03-10,2026-03-09,4960,誠美材,B五日連漲30%,1
2026-03-10,2026-03-09,5484,慧友,A連2漲停,0
2026-03-10,2026-03-09,6141,柏承,B五日連漲30%,0
2026-03-10,2026-03-09,6187,萬潤,B五日連漲30%,0
2026-03-10,2026-03-09,6217,中探針,B五日連漲30%,0
2026-03-10,2026-03-09,6223,旺矽,A連2漲停,1
2026-03-10,2026-03-09,6226,光鼎,B五日連漲30%,0
2026-03-10,2026-03-09,6451,,B五日連漲30%,0
2026-03-10,2026-03-09,6683,雍智科技,A連2漲停,0
2026-03-10,2026-03-09,6727,亞泰金屬,B五日連漲30%,1
2026-03-10,2026-03-09,6861,睿生光電,A連2漲停,0
2026-03-10,2026-03-09,7709,榮田,A連2漲停,0
2026-03-10,2026-03-09,7751,竑騰,A連2漲停,0
2026-03-10,2026-03-09,8039,台虹,A連2漲停,0
2026-03-10,2026-03-09,8088,品安,B五日連漲30%,1
2026-03-11,2026-03-10,1735,日勝化,B五日連漲30%,0
2026-03-11,2026-03-10,2425,承啟,A連2漲停,0
2026-03-11,2026-03-10,2468,華經,A連2漲停,1
2026-03-11,2026-03-10,2485,兆赫,A+B,0
2026-03-11,2026-03-10,3093,港建*,B五日連漲30%,1
2026-03-11,2026-03-10,3167,大量,A連2漲停,1
2026-03-11,2026-03-10,3339,泰谷,A連2漲停,1
2026-03-11,2026-03-10,3576,聯合再生,B五日連漲30%,0
2026-03-11,2026-03-10,3675,德微,A連2漲停,0
2026-03-11,2026-03-10,4513,福裕,A連2漲停,1
2026-03-11,2026-03-10,4542,科嶠,A連2漲停,1
2026-03-11,2026-03-10,4764,雙鍵,A連2漲停,0
2026-03-11,2026-03-10,4949,有成精密,A連2漲停,1
2026-03-11,2026-03-10,5351,鈺創,B五日連漲30%,1
2026-03-11,2026-03-10,5475,德宏,A連2漲停,0
2026-03-11,2026-03-10,6103,合邦,B五日連漲30%,0
2026-03-11,2026-03-10,6148,驊宏資,A連2漲停,0
2026-03-11,2026-03-10,6167,久正,B五日連漲30%,0
2026-03-11,2026-03-10,6246,臺龍,A連2漲停,0
2026-03-11,2026-03-10,6291,沛亨,A連2漲停,0
2026-03-11,2026-03-10,6419,京晨科,A連2漲停,0
2026-03-11,2026-03-10,6574,霈方,B五日連漲30%,0
2026-03-11,2026-03-10,8472,納維康,A連2漲停,0
2026-03-12,2026-03-11,1589,,A連2漲停,0
2026-03-12,2026-03-11,1727,中華化,A連2漲停,1
2026-03-12,2026-03-11,6499,益安,B五日連漲30%,1
2026-03-12,2026-03-11,7547,碩網,A連2漲停,0
2026-03-12,2026-03-11,7712,博盛半導體,A連2漲停,0
2026-03-12,2026-03-11,8489,三貝德,A連2漲停,1
2026-03-13,2026-03-12,1721,國慶科技,A連2漲停,1
2026-03-13,2026-03-12,1725,元禎,A連2漲停,0
2026-03-13,2026-03-12,1799,易威,A連2漲停,0
2026-03-13,2026-03-12,2337,旺宏,A+B,1
2026-03-13,2026-03-12,3066,李洲,A+B,1
2026-03-13,2026-03-12,3189,景碩,B五日連漲30%,1
2026-03-13,2026-03-12,3260,威剛,B五日連漲30%,0
2026-03-13,2026-03-12,3523,迎輝,A連2漲停,0
2026-03-13,2026-03-12,3550,聯穎,A連2漲停,1
2026-03-13,2026-03-12,4967,十銓,B五日連漲30%,1
2026-03-13,2026-03-12,5386,青雲,B五日連漲30%,0
2026-03-13,2026-03-12,6426,統新,A連2漲停,1
2026-03-13,2026-03-12,6465,威潤,B五日連漲30%,0
2026-03-13,2026-03-12,6776,展碁國際,B五日連漲30%,1
2026-03-13,2026-03-12,8046,南電,A連2漲停,0
2026-03-13,2026-03-12,8155,博智,B五日連漲30%,1
2026-03-16,2026-03-13,2314,台揚,A連2漲停,0
2026-03-16,2026-03-13,2399,映泰,B五日連漲30%,1
2026-03-16,2026-03-13,2413,環科,A連2漲停,1
2026-03-16,2026-03-13,2451,創見,A連2漲停,1
2026-03-16,2026-03-13,3006,晶豪科,A連2漲停,0
2026-03-16,2026-03-13,3086,華義*,A+B,0
2026-03-16,2026-03-13,3702,大聯大,A連2漲停,1
2026-03-16,2026-03-13,4906,正文,A+B,1
2026-03-16,2026-03-13,4923,力士,A連2漲停,0
2026-03-16,2026-03-13,6127,九豪,B五日連漲30%,1
2026-03-16,2026-03-13,6834,天二科技,A連2漲停,0
2026-03-16,2026-03-13,6907,,B五日連漲30%,0
2026-03-16,2026-03-13,9929,秋雨,B五日連漲30%,0
2026-03-17,2026-03-16,1785,光洋科,A連2漲停,0
2026-03-17,2026-03-16,2466,冠西電,A連2漲停,1
2026-03-17,2026-03-16,3049,精金,A連2漲停,0
2026-03-17,2026-03-16,3508,位速,A連2漲停,1
2026-03-17,2026-03-16,4741,泓瀚,A連2漲停,0
2026-03-17,2026-03-16,4905,台聯電,A+B,0
2026-03-17,2026-03-16,5289,宜鼎,A連2漲停,0
2026-03-17,2026-03-16,5468,凱鈺,A連2漲停,0
2026-03-17,2026-03-16,6129,普誠,A連2漲停,1
2026-03-17,2026-03-16,6147,頎邦,A連2漲停,1
2026-03-17,2026-03-16,6547,高端疫苗,B五日連漲30%,1
2026-03-17,2026-03-16,6584,南俊國際,B五日連漲30%,1
2026-03-17,2026-03-16,7711,永擎,A連2漲停,0
2026-03-17,2026-03-16,8176,智捷,A連2漲停,0
2026-03-17,2026-03-16,8240,華宏,A連2漲停,1
2026-03-18,2026-03-17,1449,佳和,A連2漲停,1
2026-03-18,2026-03-17,1809,中釉,A連2漲停,1
2026-03-18,2026-03-17,2380,虹光,A連2漲停,1
2026-03-18,2026-03-17,2495,普安,A連2漲停,1
2026-03-18,2026-03-17,3057,喬鼎,A連2漲停,0
2026-03-18,2026-03-17,3105,穩懋,A連2漲停,1
2026-03-18,2026-03-17,3135,凌航,A連2漲停,1
2026-03-18,2026-03-17,3693,營邦,A連2漲停,1
2026-03-18,2026-03-17,3715,定穎投控,A連2漲停,1
2026-03-18,2026-03-17,4919,新唐,A連2漲停,1
2026-03-18,2026-03-17,4991,,A連2漲停,0
2026-03-19,2026-03-18,2349,錸德,A連2漲停,1
2026-03-19,2026-03-18,3221,台嘉碩,A連2漲停,1
2026-03-19,2026-03-18,3587,閎康,A連2漲停,1
2026-03-19,2026-03-18,6187,萬潤,B五日連漲30%,0
2026-03-19,2026-03-18,6588,東典光電,A連2漲停,1
2026-03-19,2026-03-18,6672,,A連2漲停,1
2026-03-20,2026-03-19,2025,千興,A連2漲停,0
2026-03-20,2026-03-19,2231,為升,B五日連漲30%,1
2026-03-20,2026-03-19,3229,晟鈦,A連2漲停,0
2026-03-20,2026-03-19,3259,鑫創,A連2漲停,0
2026-03-20,2026-03-19,6530,創威,A連2漲停,1
2026-03-20,2026-03-19,7728,光焱科技,A連2漲停,0
2026-03-20,2026-03-19,7810,捷創科技,A連2漲停,0
2026-03-23,2026-03-20,6451,,B五日連漲30%,0
2026-03-23,2026-03-20,6725,矽科宏晟,A連2漲停,0
2026-03-23,2026-03-20,6821,聯寶,B五日連漲30%,0
2026-03-24,2026-03-23,3150,鈺寶-創,A連2漲停,0
2026-03-24,2026-03-23,3339,泰谷,A連2漲停,0
2026-03-24,2026-03-23,4154,,A連2漲停,0
2026-03-24,2026-03-23,7721,微程式,B五日連漲30%,0
2026-03-25,2026-03-24,1905,華紙,B五日連漲30%,1
2026-03-25,2026-03-24,3026,禾伸堂,A連2漲停,1
2026-03-25,2026-03-24,3081,聯亞,A連2漲停,1
2026-03-25,2026-03-24,3085,新零售,A連2漲停,0
2026-03-25,2026-03-24,3491,昇達科,A連2漲停,1
2026-03-25,2026-03-24,3576,聯合再生,A連2漲停,0
2026-03-25,2026-03-24,4577,達航科技,A連2漲停,1
2026-03-25,2026-03-24,4741,泓瀚,B五日連漲30%,0
2026-03-25,2026-03-24,4906,正文,A連2漲停,0
2026-03-25,2026-03-24,4971,,A連2漲停,1
2026-03-25,2026-03-24,6640,均華,A連2漲停,1
2026-03-25,2026-03-24,7709,榮田,B五日連漲30%,0
2026-03-25,2026-03-24,7717,,A連2漲停,0
2026-03-26,2026-03-25,1309,台達化,A連2漲停,1
2026-03-26,2026-03-25,1582,信錦,A連2漲停,1
2026-03-26,2026-03-25,4804,,A連2漲停,0
2026-03-26,2026-03-25,6277,宏正,A連2漲停,0
2026-03-26,2026-03-25,6609,瀧澤科,A連2漲停,0
2026-03-26,2026-03-25,7780,大研生醫*,A連2漲停,0
2026-03-27,2026-03-26,1723,中碳,A連2漲停,1
2026-03-27,2026-03-26,3062,建漢,A連2漲停,1
2026-03-27,2026-03-26,3710,連展投控,A連2漲停,0
2026-03-27,2026-03-26,5016,松和,A連2漲停,0
2026-03-27,2026-03-26,6588,東典光電,A連2漲停,0
2026-03-27,2026-03-26,6683,雍智科技,A連2漲停,0
2026-03-27,2026-03-26,6865,偉康科技,A連2漲停,0
2026-03-30,2026-03-27,1323,永裕,A連2漲停,0
2026-03-30,2026-03-27,1906,寶隆,A連2漲停,0
2026-03-30,2026-03-27,3552,同致,A連2漲停,0
2026-03-30,2026-03-27,4558,寶緯,A連2漲停,0
2026-03-30,2026-03-27,6830,汎銓,B五日連漲30%,1
2026-03-31,2026-03-30,1338,,A連2漲停,0
2026-03-31,2026-03-30,6919,康霈*,A+B,1
2026-03-31,2026-03-30,6934,心誠鎂,A連2漲停,0
2026-04-01,2026-03-31,1449,佳和,B五日連漲30%,0
2026-04-01,2026-03-31,1796,金穎生技,A連2漲停,0
2026-04-01,2026-03-31,2426,鼎元,A連2漲停,0
2026-04-01,2026-03-31,3037,欣興,B五日連漲30%,1
2026-04-01,2026-03-31,3081,聯亞,B五日連漲30%,0
2026-04-01,2026-03-31,3163,波若威,A+B,1
2026-04-01,2026-03-31,3167,大量,A+B,1
2026-04-01,2026-03-31,3455,由田,B五日連漲30%,1
2026-04-01,2026-03-31,4911,德英,A連2漲停,0
2026-04-01,2026-03-31,4991,,B五日連漲30%,0
2026-04-01,2026-03-31,5243,,B五日連漲30%,1
2026-04-01,2026-03-31,5289,宜鼎,B五日連漲30%,0
2026-04-01,2026-03-31,5475,德宏,A連2漲停,1
2026-04-01,2026-03-31,6147,頎邦,A連2漲停,0
2026-04-01,2026-03-31,6213,聯茂,B五日連漲30%,1
2026-04-01,2026-03-31,6218,豪勉,B五日連漲30%,1
2026-04-01,2026-03-31,6285,啟碁,B五日連漲30%,1
2026-04-01,2026-03-31,6405,悅城,A連2漲停,1
2026-04-01,2026-03-31,6426,統新,B五日連漲30%,0
2026-04-01,2026-03-31,6664,群翊,A連2漲停,1
2026-04-01,2026-03-31,6693,廣閎科,B五日連漲30%,1
2026-04-01,2026-03-31,6727,亞泰金屬,A連2漲停,0
2026-04-01,2026-03-31,6933,,B五日連漲30%,0
2026-04-01,2026-03-31,7717,,B五日連漲30%,0
2026-04-01,2026-03-31,7751,竑騰,A連2漲停,0
2026-04-02,2026-04-01,1591,,B五日連漲30%,0
2026-04-02,2026-04-01,4549,桓達,A連2漲停,0
2026-04-02,2026-04-01,4741,泓瀚,A+B,0
2026-04-02,2026-04-01,6208,日揚,A連2漲停,0
2026-04-02,2026-04-01,6725,矽科宏晟,B五日連漲30%,0
2026-04-02,2026-04-01,7610,聯友金屬-創,B五日連漲30%,1
2026-04-02,2026-04-01,8155,博智,B五日連漲30%,0
2026-04-07,2026-04-02,1785,光洋科,B五日連漲30%,1
2026-04-07,2026-04-02,2460,建通,B五日連漲30%,1
2026-04-07,2026-04-02,2466,冠西電,A連2漲停,1
2026-04-07,2026-04-02,2467,志聖,B五日連漲30%,1
2026-04-07,2026-04-02,2489,瑞軒,A+B,0
2026-04-07,2026-04-02,3026,禾伸堂,A+B,0
2026-04-07,2026-04-02,3042,晶技,B五日連漲30%,1
2026-04-07,2026-04-02,3093,港建*,A連2漲停,0
2026-04-07,2026-04-02,3234,光環,B五日連漲30%,1
2026-04-07,2026-04-02,3555,博士旺,A連2漲停,0
2026-04-07,2026-04-02,3583,辛耘,A+B,1
2026-04-07,2026-04-02,3587,閎康,B五日連漲30%,0
2026-04-07,2026-04-02,3693,營邦,B五日連漲30%,0
2026-04-07,2026-04-02,4569,,B五日連漲30%,0
2026-04-07,2026-04-02,4576,大銀微系統,B五日連漲30%,1
2026-04-07,2026-04-02,4760,勤凱科技,A+B,1
2026-04-07,2026-04-02,4764,雙鍵,B五日連漲30%,1
2026-04-07,2026-04-02,4908,前鼎,B五日連漲30%,1
2026-04-07,2026-04-02,4949,有成精密,B五日連漲30%,1
2026-04-07,2026-04-02,5439,高技,B五日連漲30%,1
2026-04-07,2026-04-02,6451,,A+B,0
2026-04-07,2026-04-02,6715,嘉基,A連2漲停,1
2026-04-07,2026-04-02,6739,竹陞科技,A連2漲停,1
2026-04-07,2026-04-02,6903,巨漢,B五日連漲30%,1
2026-04-07,2026-04-02,6907,,A連2漲停,0
2026-04-07,2026-04-02,7704,明遠精密,A連2漲停,0
2026-04-07,2026-04-02,8021,尖點,A連2漲停,1
2026-04-07,2026-04-02,8074,鉅橡,B五日連漲30%,1
2026-04-08,2026-04-07,1717,長興,A+B,1
2026-04-08,2026-04-07,1735,日勝化,B五日連漲30%,1
2026-04-08,2026-04-07,2426,鼎元,A+B,0
2026-04-08,2026-04-07,2472,立隆電,B五日連漲30%,1
2026-04-08,2026-04-07,2486,一詮,A連2漲停,1
2026-04-08,2026-04-07,2493,揚博,B五日連漲30%,1
2026-04-08,2026-04-07,3066,李洲,A連2漲停,1
2026-04-08,2026-04-07,3289,宜特,B五日連漲30%,1
2026-04-08,2026-04-07,3581,博磊,B五日連漲30%,1
2026-04-08,2026-04-07,3593,力銘,B五日連漲30%,0
2026-04-08,2026-04-07,4566,時碩工業,B五日連漲30%,1
2026-04-08,2026-04-07,4989,榮科,B五日連漲30%,1
2026-04-08,2026-04-07,6141,柏承,A連2漲停,1
2026-04-08,2026-04-07,6224,聚鼎,B五日連漲30%,0
2026-04-08,2026-04-07,6226,光鼎,A連2漲停,0
2026-04-08,2026-04-07,6278,台表科,B五日連漲30%,1
2026-04-08,2026-04-07,6821,聯寶,B五日連漲30%,0
2026-04-08,2026-04-07,6894,衛司特,A連2漲停,1
2026-04-08,2026-04-07,6949,沛爾生醫*-創,B五日連漲30%,0
2026-04-08,2026-04-07,8043,蜜望實,B五日連漲30%,1
2026-04-08,2026-04-07,8064,東捷,A連2漲停,1
2026-04-08,2026-04-07,8431,匯鑽科,A連2漲停,1
2026-04-09,2026-04-08,2316,楠梓電,A連2漲停,1
2026-04-09,2026-04-08,2495,普安,B五日連漲30%,1
2026-04-09,2026-04-08,2702,華園,B五日連漲30%,0
2026-04-09,2026-04-08,3054,立萬利,A連2漲停,1
2026-04-09,2026-04-08,4960,誠美材,B五日連漲30%,1
2026-04-09,2026-04-08,5228,鈺鎧,A連2漲停,0
2026-04-09,2026-04-08,6217,中探針,A連2漲停,1
2026-04-09,2026-04-08,6829,千附精密,B五日連漲30%,1
2026-04-10,2026-04-09,1597,直得,A連2漲停,1
2026-04-10,2026-04-09,2402,毅嘉,A連2漲停,1
2026-04-10,2026-04-09,2923,,B五日連漲30%,0
2026-04-10,2026-04-09,3031,佰鴻,A連2漲停,1
2026-04-10,2026-04-09,3229,晟鈦,A+B,0
2026-04-10,2026-04-09,3268,海德威,A連2漲停,0
2026-04-10,2026-04-09,3388,崇越電,B五日連漲30%,0
2026-04-10,2026-04-09,3518,柏騰,B五日連漲30%,0
2026-04-10,2026-04-09,3532,台勝科,A連2漲停,1
2026-04-10,2026-04-09,3555,博士旺,A連2漲停,0
2026-04-10,2026-04-09,3645,達邁,A連2漲停,1
2026-04-10,2026-04-09,4534,慶騰,A連2漲停,1
2026-04-10,2026-04-09,4577,達航科技,A連2漲停,0
2026-04-10,2026-04-09,4979,華星光,B五日連漲30%,1
2026-04-10,2026-04-09,6147,頎邦,A連2漲停,0
2026-04-10,2026-04-09,6173,信昌電,B五日連漲30%,1
2026-04-10,2026-04-09,6208,日揚,B五日連漲30%,0
2026-04-10,2026-04-09,6259,百徽,A連2漲停,0
2026-04-10,2026-04-09,6291,沛亨,A連2漲停,1
2026-04-10,2026-04-09,6419,京晨科,A+B,1
2026-04-10,2026-04-09,6432,今展科,A連2漲停,1
2026-04-10,2026-04-09,6791,虎門科技,B五日連漲30%,0
2026-04-10,2026-04-09,7556,意德士科技,A+B,0
2026-04-10,2026-04-09,7704,明遠精密,A連2漲停,0
2026-04-10,2026-04-09,8021,尖點,A連2漲停,0
2026-04-13,2026-04-10,3339,泰谷,B五日連漲30%,0
2026-04-13,2026-04-10,3467,台灣精材,A連2漲停,0
2026-04-13,2026-04-10,3529,力旺,B五日連漲30%,1
2026-04-13,2026-04-10,3548,兆利,A連2漲停,1
2026-04-13,2026-04-10,3673,,A+B,1
2026-04-13,2026-04-10,3685,元創精密,B五日連漲30%,1
2026-04-13,2026-04-10,3714,富采,A+B,1
2026-04-13,2026-04-10,4919,新唐,A連2漲停,1
2026-04-13,2026-04-10,4939,亞電,B五日連漲30%,1
2026-04-13,2026-04-10,5288,,A連2漲停,0
2026-04-13,2026-04-10,6229,研通,A連2漲停,0
2026-04-13,2026-04-10,6425,易發,A連2漲停,1
2026-04-13,2026-04-10,6456,,A+B,1
2026-04-13,2026-04-10,6533,晶心科,B五日連漲30%,1
2026-04-13,2026-04-10,6789,采鈺,A連2漲停,1
2026-04-13,2026-04-10,6909,創控,B五日連漲30%,1
2026-04-13,2026-04-10,8358,金居,B五日連漲30%,1
2026-04-14,2026-04-13,3092,鴻碩,A連2漲停,1
2026-04-14,2026-04-13,3093,港建*,A連2漲停,0
2026-04-14,2026-04-13,3363,上詮,B五日連漲30%,1
2026-04-14,2026-04-13,3444,利機,B五日連漲30%,0
2026-04-14,2026-04-13,4561,健椿,A連2漲停,0
2026-04-14,2026-04-13,4562,穎漢,A連2漲停,0
2026-04-14,2026-04-13,4956,光鋐,A連2漲停,1
2026-04-14,2026-04-13,5475,德宏,B五日連漲30%,0
2026-04-14,2026-04-13,6213,聯茂,B五日連漲30%,0
2026-04-14,2026-04-13,6902,GOGOLOOK,B五日連漲30%,0
2026-04-14,2026-04-13,8374,羅昇,A連2漲停,0
2026-04-14,2026-04-13,9950,萬國通,A連2漲停,0
2026-04-15,2026-04-14,2340,台亞,B五日連漲30%,1
2026-04-15,2026-04-14,2484,希華,B五日連漲30%,1
2026-04-15,2026-04-14,3081,聯亞,B五日連漲30%,0
2026-04-15,2026-04-14,3221,台嘉碩,A連2漲停,1
2026-04-15,2026-04-14,3576,聯合再生,A連2漲停,1
2026-04-15,2026-04-14,3653,健策,B五日連漲30%,1
2026-04-15,2026-04-14,3712,永崴投控,B五日連漲30%,1
2026-04-15,2026-04-14,4905,台聯電,A連2漲停,0
2026-04-15,2026-04-14,4977,,B五日連漲30%,1
2026-04-15,2026-04-14,6141,柏承,A+B,0
2026-04-15,2026-04-14,6174,安碁,B五日連漲30%,1
2026-04-15,2026-04-14,6415,,B五日連漲30%,1
2026-04-15,2026-04-14,6441,廣錠,A連2漲停,0
2026-04-15,2026-04-14,6530,創威,A+B,1
2026-04-15,2026-04-14,6806,,A+B,1
2026-04-15,2026-04-14,6921,嘉雨思-創,B五日連漲30%,0
2026-04-15,2026-04-14,8092,建暐,B五日連漲30%,0
2026-04-15,2026-04-14,8102,傑霖科技,B五日連漲30%,0
2026-04-15,2026-04-14,8182,加高,B五日連漲30%,1
2026-04-15,2026-04-14,8289,泰藝,B五日連漲30%,1
2026-04-15,2026-04-14,8383,千附,B五日連漲30%,1
2026-04-16,2026-04-15,1623,大東電,B五日連漲30%,0
2026-04-16,2026-04-15,1626,,A連2漲停,0
2026-04-16,2026-04-15,2351,順德,B五日連漲30%,1
2026-04-16,2026-04-15,2455,全新,B五日連漲30%,1
2026-04-16,2026-04-15,3024,憶聲,B五日連漲30%,1
2026-04-16,2026-04-15,3228,金麗科,B五日連漲30%,1
2026-04-16,2026-04-15,3272,東碩,A連2漲停,0
2026-04-16,2026-04-15,3555,博士旺,A連2漲停,0
2026-04-16,2026-04-15,3587,閎康,A連2漲停,0
2026-04-16,2026-04-15,4529,淳紳,B五日連漲30%,0
2026-04-16,2026-04-15,4556,旭然,A連2漲停,0
2026-04-16,2026-04-15,4908,前鼎,A連2漲停,0
2026-04-16,2026-04-15,4919,新唐,A+B,0
2026-04-16,2026-04-15,5228,鈺鎧,A連2漲停,0
2026-04-16,2026-04-15,6147,頎邦,B五日連漲30%,0
2026-04-16,2026-04-15,6217,中探針,B五日連漲30%,0
2026-04-16,2026-04-15,6231,系微,B五日連漲30%,1
2026-04-16,2026-04-15,6532,瑞耘,B五日連漲30%,1
2026-04-16,2026-04-15,6672,,B五日連漲30%,1
2026-04-16,2026-04-15,6788,華景電,B五日連漲30%,1
2026-04-16,2026-04-15,6877,鏵友益,A連2漲停,1
2026-04-16,2026-04-15,8227,巨有科技,B五日連漲30%,0
2026-04-16,2026-04-15,8271,宇瞻,B五日連漲30%,1
2026-04-17,2026-04-16,1711,永光,A連2漲停,1
2026-04-17,2026-04-16,1721,國慶科技,A+B,1
2026-04-17,2026-04-16,2070,精湛,A連2漲停,0
2026-04-17,2026-04-16,2221,大甲,B五日連漲30%,0
2026-04-17,2026-04-16,2314,台揚,A連2漲停,0
2026-04-17,2026-04-16,3055,蔚華科,A連2漲停,0
2026-04-17,2026-04-16,3105,穩懋,A連2漲停,1
2026-04-17,2026-04-16,3162,精確,B五日連漲30%,1
2026-04-17,2026-04-16,3325,旭品,A連2漲停,0
2026-04-17,2026-04-16,3338,泰碩,B五日連漲30%,1
2026-04-17,2026-04-16,3430,奇鈦科,A+B,1
2026-04-17,2026-04-16,3437,榮創,A連2漲停,1
2026-04-17,2026-04-16,3631,晟楠,A+B,0
2026-04-17,2026-04-16,3693,營邦,A連2漲停,0
2026-04-17,2026-04-16,4764,雙鍵,A連2漲停,0
2026-04-17,2026-04-16,4956,光鋐,A連2漲停,0
2026-04-17,2026-04-16,4958,,A連2漲停,1
2026-04-17,2026-04-16,4971,,A連2漲停,1
2026-04-17,2026-04-16,5244,弘凱,A連2漲停,1
2026-04-17,2026-04-16,6290,良維,B五日連漲30%,1
2026-04-17,2026-04-16,6423,億而得,A+B,0
2026-04-17,2026-04-16,6426,統新,A連2漲停,0
2026-04-17,2026-04-16,6465,威潤,A連2漲停,0
2026-04-17,2026-04-16,6735,美達科技,A+B,0
2026-04-17,2026-04-16,6861,睿生光電,B五日連漲30%,1
2026-04-17,2026-04-16,7734,印能科技,B五日連漲30%,1
2026-04-17,2026-04-16,7750,新代,B五日連漲30%,1
2026-04-20,2026-04-17,1441,大東,A連2漲停,0
2026-04-20,2026-04-17,2254,巨鎧精密-創,A連2漲停,0
2026-04-20,2026-04-17,2429,銘旺科,B五日連漲30%,1
2026-04-20,2026-04-17,3051,力特,A連2漲停,1
2026-04-20,2026-04-17,3189,景碩,A連2漲停,1
2026-04-20,2026-04-17,3221,台嘉碩,A連2漲停,0
2026-04-20,2026-04-17,3419,譁裕,A連2漲停,1
2026-04-20,2026-04-17,3556,禾瑞亞,A連2漲停,0
2026-04-20,2026-04-17,4609,唐鋒,A連2漲停,0
2026-04-20,2026-04-17,5498,凱崴,A連2漲停,1
2026-04-20,2026-04-17,6182,合晶,A連2漲停,1
2026-04-20,2026-04-17,6234,高僑,B五日連漲30%,1
2026-04-20,2026-04-17,6658,聯策,B五日連漲30%,1
2026-04-20,2026-04-17,7711,永擎,B五日連漲30%,0
2026-04-20,2026-04-17,8937,合騏*,A連2漲停,0
2026-04-21,2026-04-20,1570,力肯,A連2漲停,0
2026-04-21,2026-04-20,2312,金寶,A連2漲停,1
2026-04-21,2026-04-20,2388,威盛,A連2漲停,1
2026-04-21,2026-04-20,2454,聯發科,A連2漲停,1
2026-04-21,2026-04-20,3086,華義*,A連2漲停,0
2026-04-21,2026-04-20,3095,及成,A連2漲停,0
2026-04-21,2026-04-20,3122,笙泉,B五日連漲30%,0
2026-04-21,2026-04-20,3169,亞信,A連2漲停,0
2026-04-21,2026-04-20,4952,凌通,A連2漲停,1
2026-04-21,2026-04-20,4967,十銓,A連2漲停,1
2026-04-21,2026-04-20,5276,,B五日連漲30%,0
2026-04-21,2026-04-20,5344,立衛,A連2漲停,0
2026-04-21,2026-04-20,6243,迅杰,A連2漲停,0
2026-04-21,2026-04-20,6291,沛亨,A連2漲停,0
2026-04-21,2026-04-20,6462,神盾,A連2漲停,1
2026-04-21,2026-04-20,6526,達發,A連2漲停,1
2026-04-21,2026-04-20,8028,昇陽半導體,A連2漲停,1
2026-04-21,2026-04-20,8040,九暘,A連2漲停,1
2026-04-21,2026-04-20,8054,安國,A連2漲停,1
2026-04-22,2026-04-21,1595,川寶,A連2漲停,1
2026-04-22,2026-04-21,4556,旭然,A連2漲停,0
2026-04-22,2026-04-21,6176,瑞儀,A連2漲停,1
2026-04-22,2026-04-21,6902,GOGOLOOK,A連2漲停,0
2026-04-22,2026-04-21,6907,,A連2漲停,0
2026-04-22,2026-04-21,7751,竑騰,B五日連漲30%,0
2026-04-22,2026-04-21,7753,星亞,A連2漲停,0
2026-04-22,2026-04-21,8162,微矽電子-創,A連2漲停,1
2026-04-23,2026-04-22,6418,詠昇,A連2漲停,0
2026-04-24,2026-04-23,1597,直得,B五日連漲30%,0
2026-04-24,2026-04-23,2061,風青,A連2漲停,0
2026-04-24,2026-04-23,3432,台端,A連2漲停,0
2026-04-24,2026-04-23,3438,類比科,A連2漲停,0
2026-04-24,2026-04-23,4807,,B五日連漲30%,0
2026-04-24,2026-04-23,4951,精拓科,A+B,0
2026-04-24,2026-04-23,6405,悅城,B五日連漲30%,1
2026-04-24,2026-04-23,6441,廣錠,A連2漲停,0
2026-04-24,2026-04-23,6743,安普新,A連2漲停,0
2026-04-24,2026-04-23,8027,鈦昇,B五日連漲30%,1
2026-04-24,2026-04-23,8291,尚茂,A+B,0
2026-04-24,2026-04-23,8455,,A連2漲停,0
2026-04-27,2026-04-24,1736,喬山,A連2漲停,1
2026-04-27,2026-04-24,2233,宇隆,B五日連漲30%,1
2026-04-27,2026-04-24,2337,旺宏,A連2漲停,1
2026-04-27,2026-04-24,2486,一詮,B五日連漲30%,1
2026-04-27,2026-04-24,3260,威剛,A連2漲停,1
2026-04-27,2026-04-24,3526,凡甲,B五日連漲30%,1
2026-04-27,2026-04-24,4576,大銀微系統,B五日連漲30%,0
2026-04-27,2026-04-24,4764,雙鍵,B五日連漲30%,0
2026-04-27,2026-04-24,5289,宜鼎,A連2漲停,1
2026-04-27,2026-04-24,6197,佳必琪,B五日連漲30%,1
2026-04-27,2026-04-24,6823,濾能,B五日連漲30%,1
2026-04-27,2026-04-24,8103,瀚荃,A連2漲停,0
2026-04-28,2026-04-27,2067,嘉鋼,A連2漲停,0
2026-04-28,2026-04-27,2417,圓剛,B五日連漲30%,1
2026-04-28,2026-04-27,2426,鼎元,A連2漲停,0
2026-04-28,2026-04-27,2465,麗臺,B五日連漲30%,1
2026-04-28,2026-04-27,3016,嘉晶,A+B,1
2026-04-28,2026-04-27,3224,三顧,A連2漲停,0
2026-04-28,2026-04-27,3379,彬台,A連2漲停,0
2026-04-28,2026-04-27,3430,奇鈦科,B五日連漲30%,0
2026-04-28,2026-04-27,3455,由田,A+B,1
2026-04-28,2026-04-27,4542,科嶠,B五日連漲30%,1
2026-04-28,2026-04-27,4562,穎漢,A連2漲停,0
2026-04-28,2026-04-27,4908,前鼎,B五日連漲30%,0
2026-04-28,2026-04-27,6147,頎邦,A連2漲停,0
2026-04-28,2026-04-27,6218,豪勉,A連2漲停,0
2026-04-28,2026-04-27,6588,東典光電,B五日連漲30%,1
2026-04-28,2026-04-27,6683,雍智科技,B五日連漲30%,1
2026-04-28,2026-04-27,6706,惠特,A+B,1
2026-04-28,2026-04-27,6830,汎銓,B五日連漲30%,1
2026-04-28,2026-04-27,6919,康霈*,A連2漲停,1
2026-04-28,2026-04-27,8064,東捷,A+B,1
2026-04-28,2026-04-27,8074,鉅橡,B五日連漲30%,0
2026-04-29,2026-04-28,1595,川寶,B五日連漲30%,0
2026-04-29,2026-04-28,2342,茂矽,B五日連漲30%,1
2026-04-29,2026-04-28,3532,台勝科,B五日連漲30%,1
2026-04-29,2026-04-28,3581,博磊,A+B,0
2026-04-29,2026-04-28,4563,百德,A連2漲停,0
2026-04-29,2026-04-28,6234,高僑,A連2漲停,0
2026-04-29,2026-04-28,6274,台燿,B五日連漲30%,1
2026-04-29,2026-04-28,6535,順藥,A連2漲停,0
2026-04-29,2026-04-28,6597,立誠,B五日連漲30%,0
2026-04-29,2026-04-28,8277,商丞,A連2漲停,0
2026-04-29,2026-04-28,8444,,A連2漲停,0
2026-04-29,2026-04-28,9960,邁達康,A連2漲停,0
2026-04-30,2026-04-29,2230,泰茂,B五日連漲30%,1
2026-04-30,2026-04-29,3443,創意,B五日連漲30%,1
2026-04-30,2026-04-29,3498,陽程,A連2漲停,1
2026-04-30,2026-04-29,3672,康聯訊,A連2漲停,0
2026-04-30,2026-04-29,4561,健椿,A連2漲停,0
2026-04-30,2026-04-29,4609,唐鋒,A連2漲停,0
2026-04-30,2026-04-29,5291,邑昇,A連2漲停,1
2026-04-30,2026-04-29,5386,青雲,B五日連漲30%,1
2026-04-30,2026-04-29,5464,霖宏,B五日連漲30%,1
2026-04-30,2026-04-29,6150,撼訊,B五日連漲30%,1
2026-04-30,2026-04-29,6173,信昌電,B五日連漲30%,0
2026-04-30,2026-04-29,6182,合晶,B五日連漲30%,0
2026-04-30,2026-04-29,6187,萬潤,A連2漲停,1
2026-04-30,2026-04-29,6246,臺龍,A連2漲停,0
2026-04-30,2026-04-29,6488,環球晶,B五日連漲30%,1
2026-04-30,2026-04-29,6526,達發,B五日連漲30%,0
2026-04-30,2026-04-29,8150,南茂,B五日連漲30%,1
2026-05-04,2026-04-30,1809,中釉,A+B,1
2026-05-04,2026-04-30,2059,川湖,B五日連漲30%,1
2026-05-04,2026-04-30,2395,研華,B五日連漲30%,1
2026-05-04,2026-04-30,2426,鼎元,A連2漲停,0
2026-05-04,2026-04-30,2454,聯發科,A連2漲停,0
2026-05-04,2026-04-30,2491,吉祥全,B五日連漲30%,0
2026-05-04,2026-04-30,2923,,B五日連漲30%,0
2026-05-04,2026-04-30,3026,禾伸堂,B五日連漲30%,1
2026-05-04,2026-04-30,3030,德律,A連2漲停,1
2026-05-04,2026-04-30,3264,欣銓,A連2漲停,1
2026-05-04,2026-04-30,3354,律勝,B五日連漲30%,1
2026-05-04,2026-04-30,3450,聯鈞,A連2漲停,1
2026-05-04,2026-04-30,3664,,B五日連漲30%,0
2026-05-04,2026-04-30,5210,寶碩,A連2漲停,0
2026-05-04,2026-04-30,5276,,A連2漲停,0
2026-05-04,2026-04-30,6174,安碁,A連2漲停,0
2026-05-04,2026-04-30,6261,久元,A連2漲停,1
2026-05-04,2026-04-30,6451,,A連2漲停,1
2026-05-04,2026-04-30,7709,榮田,A連2漲停,0
2026-05-04,2026-04-30,7749,,A連2漲停,0
2026-05-04,2026-04-30,8040,九暘,A連2漲停,0
2026-05-04,2026-04-30,8042,金山電,A連2漲停,1
2026-05-04,2026-04-30,8227,巨有科技,B五日連漲30%,0
2026-05-05,2026-05-04,2354,鴻準,A連2漲停,1
2026-05-05,2026-05-04,3228,金麗科,A連2漲停,0
2026-05-05,2026-05-04,4556,旭然,A連2漲停,0
2026-05-05,2026-05-04,4741,泓瀚,A連2漲停,1
2026-05-05,2026-05-04,5289,宜鼎,B五日連漲30%,0
2026-05-05,2026-05-04,6224,聚鼎,A連2漲停,0
2026-05-05,2026-05-04,8215,明基材,A連2漲停,1
2026-05-05,2026-05-04,8299,群聯,B五日連漲30%,1
2026-05-06,2026-05-05,1762,中化生,A連2漲停,0
2026-05-06,2026-05-05,2301,光寶科,B五日連漲30%,1
2026-05-06,2026-05-05,3036,文曄,B五日連漲30%,1
2026-05-06,2026-05-05,3055,蔚華科,B五日連漲30%,0
2026-05-06,2026-05-05,3094,聯傑,A連2漲停,1
2026-05-06,2026-05-05,3122,笙泉,A連2漲停,0
2026-05-06,2026-05-05,4966,,B五日連漲30%,1
2026-05-06,2026-05-05,4973,廣穎電通,B五日連漲30%,1
2026-05-06,2026-05-05,5347,世界,A連2漲停,1
2026-05-06,2026-05-05,6108,競國,A連2漲停,1
2026-05-06,2026-05-05,6140,訊達電腦,A連2漲停,0
2026-05-06,2026-05-05,7642,昶瑞機電,A連2漲停,0
2026-05-06,2026-05-05,8069,元太,B五日連漲30%,1
2026-05-07,2026-05-06,5228,鈺鎧,A+B,1
2026-05-07,2026-05-06,6166,凌華,B五日連漲30%,1
2026-05-07,2026-05-06,6263,普萊德,B五日連漲30%,0
2026-05-07,2026-05-06,6278,台表科,A連2漲停,1
2026-05-07,2026-05-06,6532,瑞耘,A連2漲停,0
2026-05-07,2026-05-06,6727,亞泰金屬,A連2漲停,1
2026-05-07,2026-05-06,6834,天二科技,A連2漲停,1
2026-05-07,2026-05-06,8114,振樺電,B五日連漲30%,1
2026-05-08,2026-05-07,2424,隴華,A連2漲停,0
2026-05-08,2026-05-07,3374,精材,A連2漲停,1
2026-05-08,2026-05-07,6020,大展證,A連2漲停,0
2026-05-08,2026-05-07,6225,天瀚,B五日連漲30%,0
2026-05-08,2026-05-07,6259,百徽,A連2漲停,1
2026-05-08,2026-05-07,6651,全宇昕,A連2漲停,1
2026-05-08,2026-05-07,6716,應廣,A連2漲停,1
2026-05-08,2026-05-07,7712,博盛半導體,A連2漲停,1
2026-05-08,2026-05-07,8210,勤誠,A連2漲停,1
2026-05-08,2026-05-07,8444,,B五日連漲30%,0
2026-05-11,2026-05-08,1721,國慶科技,A連2漲停,0
2026-05-11,2026-05-08,2302,麗正,A連2漲停,1
2026-05-11,2026-05-08,2316,楠梓電,A連2漲停,1
2026-05-11,2026-05-08,2467,志聖,A連2漲停,1
2026-05-11,2026-05-08,2492,華新科,A連2漲停,1
2026-05-11,2026-05-08,3085,新零售,A連2漲停,0
2026-05-11,2026-05-08,3135,凌航,A連2漲停,1
2026-05-11,2026-05-08,3209,全科,A連2漲停,1
2026-05-11,2026-05-08,3219,倚強科,A連2漲停,1
2026-05-11,2026-05-08,3481,群創,A連2漲停,1
2026-05-11,2026-05-08,3498,陽程,A+B,0
2026-05-11,2026-05-08,3583,辛耘,A連2漲停,1
2026-05-11,2026-05-08,3587,閎康,A連2漲停,1
2026-05-11,2026-05-08,4127,天良,A連2漲停,0
2026-05-11,2026-05-08,5285,界霖,A連2漲停,1
2026-05-11,2026-05-08,6451,,B五日連漲30%,0
2026-05-11,2026-05-08,6531,愛普*,A連2漲停,1
2026-05-11,2026-05-08,6658,聯策,A連2漲停,0
2026-05-11,2026-05-08,6831,邁科,B五日連漲30%,0
2026-05-11,2026-05-08,6924,,A連2漲停,0
2026-05-11,2026-05-08,7750,新代,A連2漲停,0
2026-05-11,2026-05-08,7828,創新服務,A連2漲停,0
2026-05-11,2026-05-08,8477,創業家,A連2漲停,0
2026-05-12,2026-05-11,3624,光頡,B五日連漲30%,1
2026-05-12,2026-05-11,4154,,A連2漲停,0
2026-05-12,2026-05-11,5215,,A連2漲停,0
2026-05-12,2026-05-11,6195,詩肯,A連2漲停,0
2026-05-12,2026-05-11,6208,日揚,A連2漲停,1
2026-05-12,2026-05-11,6217,中探針,A連2漲停,1
2026-05-12,2026-05-11,6218,豪勉,A連2漲停,0
2026-05-12,2026-05-11,6419,京晨科,A連2漲停,1
2026-05-12,2026-05-11,6449,鈺邦,A+B,1
2026-05-12,2026-05-11,6899,創為精密,A連2漲停,0
2026-05-12,2026-05-11,8043,蜜望實,B五日連漲30%,1
2026-05-12,2026-05-11,8105,凌巨,A連2漲停,1
2026-05-13,2026-05-12,1582,信錦,B五日連漲30%,1
2026-05-13,2026-05-12,2066,世德,A連2漲停,0
2026-05-13,2026-05-12,2221,大甲,A連2漲停,1
2026-05-13,2026-05-12,2423,固緯,A連2漲停,1
2026-05-13,2026-05-12,2911,麗嬰房,B五日連漲30%,0
2026-05-13,2026-05-12,3090,日電貿,B五日連漲30%,1
2026-05-13,2026-05-12,3516,亞帝歐,A連2漲停,0
2026-05-13,2026-05-12,3577,泓格,A連2漲停,0
2026-05-13,2026-05-12,3609,三一東林,A連2漲停,0
2026-05-13,2026-05-12,3615,安可,B五日連漲30%,1
2026-05-13,2026-05-12,4432,銘旺實,A連2漲停,0
2026-05-13,2026-05-12,5321,美而快,B五日連漲30%,0
2026-05-13,2026-05-12,8091,翔名,B五日連漲30%,1
2026-05-13,2026-05-12,8440,綠電,A連2漲停,0
2026-05-14,2026-05-13,2478,大毅,B五日連漲30%,1
2026-05-14,2026-05-13,3008,大立光,A連2漲停,1
2026-05-14,2026-05-13,3048,益登,A連2漲停,1
2026-05-14,2026-05-13,3294,英濟,A+B,1
2026-05-14,2026-05-13,4163,鐿鈦,A連2漲停,0
2026-05-14,2026-05-13,4916,事欣科,B五日連漲30%,1
2026-05-14,2026-05-13,6485,點序,A連2漲停,1
2026-05-14,2026-05-13,6538,倉和,B五日連漲30%,0
2026-05-14,2026-05-13,6742,澤米,B五日連漲30%,1
2026-05-14,2026-05-13,6834,天二科技,B五日連漲30%,0
2026-05-14,2026-05-13,6902,GOGOLOOK,B五日連漲30%,1
2026-05-14,2026-05-13,8028,昇陽半導體,A連2漲停,1
2026-05-14,2026-05-13,8455,,A+B,0
2026-05-15,2026-05-14,2464,盟立,A連2漲停,1
2026-05-15,2026-05-14,3379,彬台,A連2漲停,0
2026-05-15,2026-05-14,4562,穎漢,A連2漲停,0
2026-05-15,2026-05-14,6141,柏承,A連2漲停,1
2026-05-15,2026-05-14,6207,雷科,A連2漲停,1
2026-05-15,2026-05-14,6642,富致,A連2漲停,1
2026-05-15,2026-05-14,6924,,A+B,0
2026-05-15,2026-05-14,8374,羅昇,A連2漲停,1
2026-05-18,2026-05-15,2355,敬鵬,A連2漲停,1
2026-05-18,2026-05-15,2426,鼎元,B五日連漲30%,0
2026-05-18,2026-05-15,2492,華新科,B五日連漲30%,0
2026-05-18,2026-05-15,3026,禾伸堂,B五日連漲30%,0
2026-05-18,2026-05-15,3055,蔚華科,A連2漲停,0
2026-05-18,2026-05-15,3221,台嘉碩,B五日連漲30%,1
2026-05-18,2026-05-15,3663,鑫科,A連2漲停,1
2026-05-18,2026-05-15,3675,德微,B五日連漲30%,1
2026-05-18,2026-05-15,4127,天良,A+B,0
2026-05-18,2026-05-15,4729,熒茂,A連2漲停,1
2026-05-18,2026-05-15,7709,榮田,A連2漲停,0
2026-05-18,2026-05-15,7730,暉盛-創,A連2漲停,0
2026-05-18,2026-05-15,8092,建暐,A連2漲停,1
2026-05-18,2026-05-15,8358,金居,B五日連漲30%,1
2026-05-19,2026-05-18,2314,台揚,A連2漲停,1
2026-05-19,2026-05-18,2489,瑞軒,B五日連漲30%,1
2026-05-19,2026-05-18,4919,新唐,B五日連漲30%,1
2026-05-19,2026-05-18,4958,,B五日連漲30%,1
2026-05-19,2026-05-18,6182,合晶,B五日連漲30%,0
2026-05-20,2026-05-19,1570,力肯,B五日連漲30%,1
2026-05-20,2026-05-19,2061,風青,B五日連漲30%,1
2026-05-20,2026-05-19,2312,金寶,B五日連漲30%,1
2026-05-20,2026-05-19,2369,菱生,B五日連漲30%,1
2026-05-20,2026-05-19,2375,凱美,A連2漲停,1
2026-05-20,2026-05-19,2441,超豐,B五日連漲30%,1
2026-05-20,2026-05-19,2454,聯發科,B五日連漲30%,0
2026-05-20,2026-05-19,2484,希華,B五日連漲30%,1
2026-05-20,2026-05-19,3021,鴻名,B五日連漲30%,0
2026-05-20,2026-05-19,3025,星通,B五日連漲30%,1
2026-05-20,2026-05-19,3037,欣興,B五日連漲30%,1
2026-05-20,2026-05-19,3048,益登,A連2漲停,0
2026-05-20,2026-05-19,3163,波若威,B五日連漲30%,1
2026-05-20,2026-05-19,3191,雲嘉南,B五日連漲30%,0
2026-05-20,2026-05-19,3357,臺慶科,A連2漲停,1
2026-05-20,2026-05-19,3441,聯一光電,A連2漲停,1
2026-05-20,2026-05-19,3450,聯鈞,B五日連漲30%,0
2026-05-20,2026-05-19,3479,安勤,B五日連漲30%,1
2026-05-20,2026-05-19,3532,台勝科,B五日連漲30%,0
2026-05-20,2026-05-19,3537,堡達,A連2漲停,1
2026-05-20,2026-05-19,4555,氣立,B五日連漲30%,1
2026-05-20,2026-05-19,4979,華星光,B五日連漲30%,1
2026-05-20,2026-05-19,4991,,B五日連漲30%,0
2026-05-20,2026-05-19,5328,華容,A連2漲停,1
2026-05-20,2026-05-19,5386,青雲,B五日連漲30%,0
2026-05-20,2026-05-19,6209,今國光,A連2漲停,1
2026-05-20,2026-05-19,6239,力成,B五日連漲30%,1
2026-05-20,2026-05-19,6271,同欣電,B五日連漲30%,1
2026-05-20,2026-05-19,6284,佳邦,B五日連漲30%,1
2026-05-20,2026-05-19,6415,,B五日連漲30%,1
2026-05-20,2026-05-19,6442,光聖,B五日連漲30%,1
2026-05-20,2026-05-19,6449,鈺邦,A+B,0
2026-05-20,2026-05-19,6451,,B五日連漲30%,0
2026-05-20,2026-05-19,6570,維田,B五日連漲30%,0
2026-05-20,2026-05-19,6651,全宇昕,B五日連漲30%,0
2026-05-20,2026-05-19,6821,聯寶,B五日連漲30%,1
2026-05-20,2026-05-19,6906,現觀科,A+B,0
2026-05-20,2026-05-19,7610,聯友金屬-創,A連2漲停,1
2026-05-20,2026-05-19,8040,九暘,A連2漲停,0
2026-05-20,2026-05-19,8162,微矽電子-創,B五日連漲30%,1
2026-05-20,2026-05-19,8261,富鼎,B五日連漲30%,1
2026-05-20,2026-05-19,9105,,B五日連漲30%,0
2026-05-21,2026-05-20,1568,倉佑,B五日連漲30%,1
2026-05-21,2026-05-20,1727,中華化,A連2漲停,1
2026-05-21,2026-05-20,2070,精湛,B五日連漲30%,1
2026-05-21,2026-05-20,2305,全友,B五日連漲30%,1
2026-05-21,2026-05-20,2308,台達電,B五日連漲30%,1
2026-05-21,2026-05-20,2327,國巨*,A連2漲停,1
2026-05-21,2026-05-20,2464,盟立,B五日連漲30%,0
2026-05-21,2026-05-20,3030,德律,A連2漲停,1
2026-05-21,2026-05-20,3131,弘塑,B五日連漲30%,1
2026-05-21,2026-05-20,3189,景碩,A+B,1
2026-05-21,2026-05-20,3236,千如,A連2漲停,1
2026-05-21,2026-05-20,3444,利機,B五日連漲30%,1
2026-05-21,2026-05-20,3481,群創,A連2漲停,0
2026-05-21,2026-05-20,3555,博士旺,A連2漲停,0
2026-05-21,2026-05-20,3581,博磊,A連2漲停,0
2026-05-21,2026-05-20,3653,健策,A連2漲停,1
2026-05-21,2026-05-20,4722,國精化,A連2漲停,1
2026-05-21,2026-05-20,4760,勤凱科技,A連2漲停,1
2026-05-21,2026-05-20,4923,力士,B五日連漲30%,1
2026-05-21,2026-05-20,6116,彩晶,A+B,0
2026-05-21,2026-05-20,6173,信昌電,A+B,0
2026-05-21,2026-05-20,6274,台燿,A連2漲停,0
2026-05-21,2026-05-20,6278,台表科,A連2漲停,0
2026-05-21,2026-05-20,6405,悅城,B五日連漲30%,1
2026-05-21,2026-05-20,6488,環球晶,B五日連漲30%,0
2026-05-21,2026-05-20,6727,亞泰金屬,A連2漲停,0
2026-05-21,2026-05-20,7751,竑騰,A連2漲停,1
2026-05-21,2026-05-20,8110,華東,B五日連漲30%,1
2026-05-21,2026-05-20,8289,泰藝,A連2漲停,1
2026-05-22,2026-05-21,1591,,A連2漲停,1
2026-05-22,2026-05-21,1597,直得,A連2漲停,0
2026-05-22,2026-05-21,2356,英業達,A連2漲停,1
2026-05-22,2026-05-21,2409,友達,A連2漲停,1
2026-05-22,2026-05-21,3013,晟銘電,A連2漲停,1
2026-05-22,2026-05-21,3042,晶技,A連2漲停,1
2026-05-22,2026-05-21,3211,順達,A連2漲停,1
2026-05-22,2026-05-21,3485,敘豐,A+B,0
2026-05-22,2026-05-21,3577,泓格,A連2漲停,0
2026-05-22,2026-05-21,3615,安可,A連2漲停,0
2026-05-22,2026-05-21,3711,日月光投控,A連2漲停,1
2026-05-22,2026-05-21,4534,慶騰,A連2漲停,1
2026-05-22,2026-05-21,4908,前鼎,A連2漲停,1
2026-05-22,2026-05-21,4927,,A連2漲停,1
2026-05-22,2026-05-21,4973,廣穎電通,B五日連漲30%,0
2026-05-22,2026-05-21,5243,,A連2漲停,1
2026-05-22,2026-05-21,6265,方土昶,A連2漲停,1
2026-05-22,2026-05-21,6531,愛普*,A連2漲停,0
2026-05-22,2026-05-21,6552,易華電,A連2漲停,1
2026-05-22,2026-05-21,6658,聯策,A連2漲停,0
2026-05-22,2026-05-21,6695,芯鼎,A連2漲停,1
2026-05-22,2026-05-21,6770,力積電,B五日連漲30%,1
2026-05-22,2026-05-21,7828,創新服務,A連2漲停,0
2026-05-22,2026-05-21,8021,尖點,A連2漲停,1
2026-05-22,2026-05-21,8064,東捷,A連2漲停,1
2026-05-22,2026-05-21,8182,加高,A連2漲停,1
2026-05-25,2026-05-22,1409,新纖,B五日連漲30%,1
2026-05-25,2026-05-22,2302,麗正,A連2漲停,0
2026-05-25,2026-05-22,2434,統懋,B五日連漲30%,0
2026-05-25,2026-05-22,3229,晟鈦,A連2漲停,1
2026-05-25,2026-05-22,3257,虹冠電,B五日連漲30%,1
2026-05-25,2026-05-22,3523,迎輝,A+B,0
2026-05-25,2026-05-22,5011,久陽,A連2漲停,1
2026-05-25,2026-05-22,5425,台半,B五日連漲30%,1
2026-05-25,2026-05-22,6147,頎邦,A+B,1
2026-05-25,2026-05-22,6161,捷波,A連2漲停,1
2026-05-25,2026-05-22,6207,雷科,A連2漲停,0
2026-05-25,2026-05-22,6435,大中,A連2漲停,1
2026-05-25,2026-05-22,6548,長科*,B五日連漲30%,1
2026-05-25,2026-05-22,6654,天正國際,A+B,0
2026-05-25,2026-05-22,8477,創業家,A連2漲停,0
2026-05-26,2026-05-25,1563,巧新,A+B,1
2026-05-26,2026-05-25,2344,華邦電,A連2漲停,1
2026-05-26,2026-05-25,2472,立隆電,A連2漲停,1
2026-05-26,2026-05-25,2929,,A連2漲停,0
2026-05-26,2026-05-25,3346,麗清,B五日連漲30%,1
2026-05-26,2026-05-25,3528,安馳,B五日連漲30%,1
2026-05-26,2026-05-25,3713,新晶投控,A連2漲停,0
2026-05-26,2026-05-25,6141,柏承,A連2漲停,0
2026-05-26,2026-05-25,6291,沛亨,A連2漲停,1
2026-05-26,2026-05-25,6706,惠特,A連2漲停,1
2026-05-26,2026-05-25,7709,榮田,B五日連漲30%,0
2026-05-26,2026-05-25,8473,山林水,B五日連漲30%,1
2026-05-27,2026-05-26,2375,凱美,A連2漲停,0
2026-05-27,2026-05-26,2408,南亞科,B五日連漲30%,1
2026-05-27,2026-05-26,2438,翔耀,A連2漲停,0
2026-05-27,2026-05-26,3288,點晶,B五日連漲30%,0
2026-05-27,2026-05-26,3624,光頡,B五日連漲30%,0
2026-05-27,2026-05-26,4807,,B五日連漲30%,1
2026-05-27,2026-05-26,6016,康和證,B五日連漲30%,1
2026-05-27,2026-05-26,6292,迅德,A連2漲停,1
2026-05-27,2026-05-26,6870,騰雲,B五日連漲30%,0
2026-05-27,2026-05-26,8150,南茂,A連2漲停,1
2026-05-27,2026-05-26,8277,商丞,B五日連漲30%,0
2026-05-27,2026-05-26,8454,富邦媒,B五日連漲30%,1
2026-05-28,2026-05-27,1312,國喬,B五日連漲30%,0
2026-05-28,2026-05-27,1319,東陽,A連2漲停,1
2026-05-28,2026-05-27,1521,大億,A連2漲停,0
2026-05-28,2026-05-27,1522,堤維西,A連2漲停,1
2026-05-28,2026-05-27,1718,中纖,B五日連漲30%,0
2026-05-28,2026-05-27,2324,仁寶,B五日連漲30%,1
2026-05-28,2026-05-27,2353,宏碁,B五日連漲30%,1
2026-05-28,2026-05-27,2356,英業達,B五日連漲30%,0
2026-05-28,2026-05-27,2405,輔信,B五日連漲30%,1
2026-05-28,2026-05-27,3149,正達,B五日連漲30%,1
2026-05-28,2026-05-27,4549,桓達,A連2漲停,0
2026-05-28,2026-05-27,4760,勤凱科技,A連2漲停,0
2026-05-28,2026-05-27,5345,馥鴻,A連2漲停,0
2026-05-28,2026-05-27,5701,劍湖山,A+B,0
2026-05-28,2026-05-27,6207,雷科,B五日連漲30%,0
2026-05-28,2026-05-27,6573,,A連2漲停,0
2026-05-28,2026-05-27,6862,,A連2漲停,1
2026-05-28,2026-05-27,8472,納維康,B五日連漲30%,0
2026-05-28,2026-05-27,9110,,B五日連漲30%,0
2026-05-29,2026-05-28,1471,首利,A連2漲停,1
2026-05-29,2026-05-28,1611,中電,B五日連漲30%,1
2026-05-29,2026-05-28,1708,東鹼,B五日連漲30%,1
2026-05-29,2026-05-28,1809,中釉,B五日連漲30%,1
2026-05-29,2026-05-28,2061,風青,A連2漲停,0
2026-05-29,2026-05-28,2331,精英,A連2漲停,1
2026-05-29,2026-05-28,2357,華碩,A連2漲停,1
2026-05-29,2026-05-28,2382,廣達,A連2漲停,1
2026-05-29,2026-05-28,2409,友達,B五日連漲30%,0
2026-05-29,2026-05-28,2468,華經,B五日連漲30%,1
2026-05-29,2026-05-28,2491,吉祥全,B五日連漲30%,1
2026-05-29,2026-05-28,3049,精金,B五日連漲30%,1
2026-05-29,2026-05-28,3114,好德,B五日連漲30%,0
2026-05-29,2026-05-28,3147,大綜,B五日連漲30%,1
2026-05-29,2026-05-28,3229,晟鈦,A連2漲停,0
2026-05-29,2026-05-28,3231,緯創,A連2漲停,1
2026-05-29,2026-05-28,3234,光環,A連2漲停,1
2026-05-29,2026-05-28,3312,弘憶股,B五日連漲30%,1
2026-05-29,2026-05-28,3481,群創,A連2漲停,0
2026-05-29,2026-05-28,3511,矽瑪,B五日連漲30%,1
2026-05-29,2026-05-28,3532,台勝科,A連2漲停,0
2026-05-29,2026-05-28,3556,禾瑞亞,A連2漲停,1
2026-05-29,2026-05-28,4561,健椿,A連2漲停,1
2026-05-29,2026-05-28,4707,磐亞,A+B,1
2026-05-29,2026-05-28,4939,亞電,A連2漲停,1
2026-05-29,2026-05-28,5474,聰泰,A連2漲停,1
2026-05-29,2026-05-28,6127,九豪,A連2漲停,1
2026-05-29,2026-05-28,6134,萬旭,A連2漲停,1
2026-05-29,2026-05-28,6806,,A連2漲停,0
2026-05-29,2026-05-28,6933,,A連2漲停,1
2026-05-29,2026-05-28,8043,蜜望實,A連2漲停,0
2026-05-29,2026-05-28,8085,福華,B五日連漲30%,1
2026-05-29,2026-05-28,8358,金居,A連2漲停,0
2026-05-29,2026-05-28,9105,,B五日連漲30%,0
2026-06-01,2026-05-29,1528,恩德,A連2漲停,1
2026-06-01,2026-05-29,2474,可成,A連2漲停,1
2026-06-01,2026-05-29,2601,益航,A連2漲停,0
2026-06-01,2026-05-29,3086,華義*,A連2漲停,0
2026-06-01,2026-05-29,3338,泰碩,A連2漲停,1
2026-06-01,2026-05-29,3564,其陽,A連2漲停,0
2026-06-01,2026-05-29,5251,天鉞電,A連2漲停,0
2026-06-01,2026-05-29,5426,振發,A+B,1
2026-06-01,2026-05-29,6140,訊達電腦,A連2漲停,0
2026-06-01,2026-05-29,6148,驊宏資,A連2漲停,0
2026-06-01,2026-05-29,6155,鈞寶,A連2漲停,1
2026-06-01,2026-05-29,6214,精誠,A連2漲停,1
2026-06-01,2026-05-29,6409,旭隼,B五日連漲30%,1
2026-06-01,2026-05-29,6855,數泓科,A連2漲停,0
2026-06-01,2026-05-29,6890,,B五日連漲30%,1
2026-06-01,2026-05-29,6925,意藍,A連2漲停,0
2026-06-01,2026-05-29,8105,凌巨,A連2漲停,1
2026-06-01,2026-05-29,9136,,B五日連漲30%,0
2026-06-02,2026-06-01,1440,南紡,A連2漲停,1
2026-06-02,2026-06-01,2323,中環,A連2漲停,1
2026-06-02,2026-06-01,3268,海德威,A連2漲停,0
2026-06-02,2026-06-01,3325,旭品,A連2漲停,1
2026-06-03,2026-06-02,1503,士電,A連2漲停,1
2026-06-03,2026-06-02,1514,亞力,A連2漲停,1
2026-06-03,2026-06-02,1714,和桐,A連2漲停,1
2026-06-03,2026-06-02,2457,飛宏,A連2漲停,1
2026-06-03,2026-06-02,2493,揚博,A連2漲停,1
2026-06-03,2026-06-02,3027,盛達,A連2漲停,1
2026-06-03,2026-06-02,3073,天方能源,A連2漲停,0
2026-06-03,2026-06-02,3093,港建*,A連2漲停,1
2026-06-03,2026-06-02,3284,太普高,A連2漲停,0
2026-06-03,2026-06-02,3362,先進光,A連2漲停,1
2026-06-03,2026-06-02,3520,華盈,B五日連漲30%,1
2026-06-03,2026-06-02,4402,郡都開發,B五日連漲30%,0
2026-06-03,2026-06-02,6270,倍微,B五日連漲30%,1
2026-06-03,2026-06-02,6907,,A連2漲停,0
2026-06-04,2026-06-03,2241,艾姆勒,B五日連漲30%,1
2026-06-04,2026-06-03,2924,,A連2漲停,0
2026-06-04,2026-06-03,3015,全漢,A連2漲停,1
2026-06-04,2026-06-03,4542,科嶠,A連2漲停,1
2026-06-04,2026-06-03,4556,旭然,B五日連漲30%,1
2026-06-04,2026-06-03,6624,萬年清,A連2漲停,0
2026-06-04,2026-06-03,6895,宏碩系統,A連2漲停,0
2026-06-05,2026-06-04,2025,千興,A連2漲停,1
2026-06-05,2026-06-04,2483,百容,A連2漲停,1
2026-06-05,2026-06-04,4939,亞電,A連2漲停,0
2026-06-05,2026-06-04,5345,馥鴻,A+B,0
2026-06-05,2026-06-04,6645,金萬林-創,A連2漲停,0
2026-06-05,2026-06-04,7788,松川精密,A連2漲停,1
2026-06-05,2026-06-04,8043,蜜望實,A連2漲停,0
2026-06-08,2026-06-05,1449,佳和,A連2漲停,1
2026-06-08,2026-06-05,1714,和桐,A連2漲停,0
2026-06-08,2026-06-05,2059,川湖,A連2漲停,1
2026-06-08,2026-06-05,4741,泓瀚,A連2漲停,1
2026-06-09,2026-06-08,2243,,B五日連漲30%,1
2026-06-09,2026-06-08,2493,揚博,B五日連漲30%,0
2026-06-09,2026-06-08,3285,微端,B五日連漲30%,0
2026-06-09,2026-06-08,3362,先進光,A連2漲停,0
2026-06-09,2026-06-08,3441,聯一光電,A連2漲停,1
2026-06-09,2026-06-08,3550,聯穎,A連2漲停,1
2026-06-09,2026-06-08,6241,鑫永洋,B五日連漲30%,0
2026-06-09,2026-06-08,6244,茂迪,A連2漲停,1
2026-06-09,2026-06-08,6613,朋億*,B五日連漲30%,1
2026-06-09,2026-06-08,7828,創新服務,B五日連漲30%,0
2026-06-09,2026-06-08,8021,尖點,A連2漲停,0
2026-06-10,2026-06-09,1438,三地開發,A連2漲停,0
2026-06-10,2026-06-09,3557,嘉威,A連2漲停,0
2026-06-10,2026-06-09,5468,凱鈺,B五日連漲30%,0
2026-06-10,2026-06-09,6494,九齊,B五日連漲30%,1
2026-06-11,2026-06-10,1714,和桐,B五日連漲30%,0
2026-06-11,2026-06-10,2305,全友,B五日連漲30%,0
2026-06-11,2026-06-10,2344,華邦電,B五日連漲30%,0
2026-06-11,2026-06-10,2408,南亞科,B五日連漲30%,0
2026-06-11,2026-06-10,2483,百容,A連2漲停,0
2026-06-11,2026-06-10,3090,日電貿,A連2漲停,1
2026-06-11,2026-06-10,3094,聯傑,B五日連漲30%,1
2026-06-11,2026-06-10,3236,千如,A連2漲停,1
2026-06-11,2026-06-10,3481,群創,B五日連漲30%,0
2026-06-11,2026-06-10,3532,台勝科,A+B,0
2026-06-11,2026-06-10,4551,智伸科,B五日連漲30%,1
2026-06-11,2026-06-10,4807,,A連2漲停,0
2026-06-11,2026-06-10,5227,,A+B,1
2026-06-11,2026-06-10,6173,信昌電,A連2漲停,0
2026-06-11,2026-06-10,6182,合晶,B五日連漲30%,0
2026-06-11,2026-06-10,6465,威潤,A連2漲停,1
2026-06-11,2026-06-10,6488,環球晶,B五日連漲30%,0
2026-06-11,2026-06-10,6654,天正國際,B五日連漲30%,0
2026-06-11,2026-06-10,6834,天二科技,A連2漲停,1
2026-06-11,2026-06-10,8042,金山電,A+B,1
2026-06-12,2026-06-11,1303,南亞,A連2漲停,1
2026-06-12,2026-06-11,2061,風青,B五日連漲30%,0
2026-06-12,2026-06-11,2302,麗正,B五日連漲30%,1
2026-06-12,2026-06-11,2342,茂矽,B五日連漲30%,1
2026-06-12,2026-06-11,2484,希華,A連2漲停,1
2026-06-12,2026-06-11,2491,吉祥全,B五日連漲30%,0
2026-06-12,2026-06-11,3016,嘉晶,A連2漲停,1
2026-06-12,2026-06-11,3026,禾伸堂,A連2漲停,1
2026-06-12,2026-06-11,3060,銘異,B五日連漲30%,1
2026-06-12,2026-06-11,3624,光頡,B五日連漲30%,0
2026-06-12,2026-06-11,4764,雙鍵,B五日連漲30%,1
2026-06-12,2026-06-11,5457,宣德,A連2漲停,1
2026-06-12,2026-06-11,6116,彩晶,B五日連漲30%,0
2026-06-12,2026-06-11,6139,亞翔,A連2漲停,1
2026-06-12,2026-06-11,6449,鈺邦,A連2漲停,1
2026-06-12,2026-06-11,6725,矽科宏晟,B五日連漲30%,0
2026-06-12,2026-06-11,7610,聯友金屬-創,B五日連漲30%,1
2026-06-12,2026-06-11,8937,合騏*,A連2漲停,0
2026-06-12,2026-06-11,8996,高力,B五日連漲30%,1
2026-06-15,2026-06-12,2379,瑞昱,B五日連漲30%,1
2026-06-15,2026-06-12,2464,盟立,A連2漲停,1
2026-06-15,2026-06-12,2478,大毅,A+B,1
2026-06-15,2026-06-12,2492,華新科,A+B,0
2026-06-15,2026-06-12,3008,大立光,A連2漲停,1
2026-06-15,2026-06-12,3362,先進光,A連2漲停,0
2026-06-15,2026-06-12,3675,德微,B五日連漲30%,1
2026-06-15,2026-06-12,5328,華容,A+B,1
2026-06-15,2026-06-12,6156,松上,B五日連漲30%,1
2026-06-15,2026-06-12,6207,雷科,A連2漲停,0
2026-06-15,2026-06-12,6259,百徽,B五日連漲30%,1
2026-06-15,2026-06-12,6274,台燿,B五日連漲30%,1
2026-06-15,2026-06-12,6415,,A連2漲停,1
2026-06-15,2026-06-12,8071,能率網通,A連2漲停,1
2026-06-16,2026-06-15,1905,華紙,A連2漲停,1
2026-06-16,2026-06-15,3441,聯一光電,A連2漲停,0
2026-06-16,2026-06-15,3550,聯穎,A連2漲停,0
2026-06-16,2026-06-15,6715,嘉基,A連2漲停,1
2026-06-16,2026-06-15,6949,沛爾生醫*-創,A連2漲停,0
2026-06-17,2026-06-16,1303,南亞,A+B,0
2026-06-17,2026-06-16,2316,楠梓電,A連2漲停,1
2026-06-17,2026-06-16,2332,友訊,A連2漲停,1
2026-06-17,2026-06-16,2375,凱美,A連2漲停,1
2026-06-17,2026-06-16,2481,強茂,B五日連漲30%,1
2026-06-17,2026-06-16,3002,歐格,A連2漲停,1
2026-06-17,2026-06-16,3090,日電貿,A連2漲停,0
2026-06-17,2026-06-16,3284,太普高,B五日連漲30%,0
2026-06-17,2026-06-16,3296,勝德,A連2漲停,0
2026-06-17,2026-06-16,3374,精材,B五日連漲30%,1
2026-06-17,2026-06-16,3465,進泰電子,A連2漲停,0
2026-06-17,2026-06-16,3581,博磊,A連2漲停,1
2026-06-17,2026-06-16,4923,力士,A連2漲停,1
2026-06-17,2026-06-16,5425,台半,A連2漲停,1
2026-06-17,2026-06-16,5464,霖宏,B五日連漲30%,1
2026-06-17,2026-06-16,5489,彩富,B五日連漲30%,0
2026-06-17,2026-06-16,6243,迅杰,B五日連漲30%,1
2026-06-17,2026-06-16,6405,悅城,A連2漲停,1
2026-06-17,2026-06-16,6432,今展科,A連2漲停,1
2026-06-17,2026-06-16,6620,漢達,B五日連漲30%,0
2026-06-17,2026-06-16,6684,安格,B五日連漲30%,1
2026-06-17,2026-06-16,6693,廣閎科,A連2漲停,1
2026-06-17,2026-06-16,6834,天二科技,A連2漲停,0
2026-06-17,2026-06-16,6862,,A連2漲停,1
2026-06-17,2026-06-16,7712,博盛半導體,A連2漲停,1
2026-06-17,2026-06-16,8054,安國,B五日連漲30%,1
2026-06-17,2026-06-16,8261,富鼎,A連2漲停,1
2026-06-17,2026-06-16,8291,尚茂,A連2漲停,0
2026-06-18,2026-06-17,1435,中福,A+B,0
2026-06-18,2026-06-17,1725,元禎,A連2漲停,0
2026-06-18,2026-06-17,2426,鼎元,A連2漲停,1
2026-06-18,2026-06-17,2449,京元電子,A連2漲停,1
2026-06-18,2026-06-17,2483,百容,A連2漲停,0
2026-06-18,2026-06-17,3114,好德,A連2漲停,0
2026-06-18,2026-06-17,3257,虹冠電,A連2漲停,1
2026-06-18,2026-06-17,3317,尼克森,A連2漲停,1
2026-06-18,2026-06-17,3664,,A連2漲停,0
2026-06-18,2026-06-17,4169,泰宗,A連2漲停,0
2026-06-18,2026-06-17,5299,杰力,A連2漲停,1
2026-06-18,2026-06-17,5475,德宏,A連2漲停,1
2026-06-18,2026-06-17,6138,茂達,A連2漲停,1
2026-06-18,2026-06-17,6147,頎邦,A連2漲停,1
2026-06-18,2026-06-17,6435,大中,A連2漲停,1
2026-06-18,2026-06-17,6538,倉和,A連2漲停,1
2026-06-18,2026-06-17,6573,,A連2漲停,1
2026-06-18,2026-06-17,6799,來頡,A連2漲停,1
2026-06-18,2026-06-17,6909,創控,A連2漲停,1
2026-06-18,2026-06-17,6919,康霈*,A連2漲停,1
2026-06-18,2026-06-17,8150,南茂,A連2漲停,1
2026-06-18,2026-06-17,8255,朋程,A連2漲停,1
2026-06-22,2026-06-18,2369,菱生,A連2漲停,1
2026-06-22,2026-06-18,2434,統懋,A連2漲停,0
2026-06-22,2026-06-18,3016,嘉晶,A連2漲停,0
2026-06-22,2026-06-18,3523,迎輝,A連2漲停,0
2026-06-22,2026-06-18,3707,漢磊,A連2漲停,1
2026-06-22,2026-06-18,4577,達航科技,A連2漲停,1
2026-06-22,2026-06-18,4716,大立,A連2漲停,1
2026-06-22,2026-06-18,5321,美而快,B五日連漲30%,1
2026-06-22,2026-06-18,6168,宏齊,A連2漲停,1
2026-06-22,2026-06-18,6226,光鼎,B五日連漲30%,1
2026-06-22,2026-06-18,6715,嘉基,A連2漲停,0
2026-06-22,2026-06-18,8024,佑華,B五日連漲30%,0
2026-06-22,2026-06-18,8040,九暘,A連2漲停,1
2026-06-23,2026-06-22,6683,雍智科技,A連2漲停,1
2026-06-24,2026-06-23,1617,榮星,B五日連漲30%,1
2026-06-24,2026-06-23,2483,百容,A連2漲停,0
2026-06-24,2026-06-23,3114,好德,A連2漲停,0
2026-06-24,2026-06-23,4416,三圓,A連2漲停,1
2026-06-24,2026-06-23,4707,磐亞,A連2漲停,1
2026-06-24,2026-06-23,5328,華容,A連2漲停,0
2026-06-24,2026-06-23,6213,聯茂,A連2漲停,1
2026-06-24,2026-06-23,8444,,A連2漲停,0
2026-06-25,2026-06-24,1444,力麗,B五日連漲30%,0
2026-06-25,2026-06-24,1515,力山,B五日連漲30%,1
2026-06-25,2026-06-24,1710,東聯,B五日連漲30%,1
2026-06-25,2026-06-24,1718,中纖,A連2漲停,0
2026-06-25,2026-06-24,5230,雷笛克光學,A連2漲停,1
2026-06-25,2026-06-24,6259,百徽,A連2漲停,0
2026-06-25,2026-06-24,7795,長廣,B五日連漲30%,0
2026-06-26,2026-06-25,1447,力鵬,B五日連漲30%,0
2026-06-26,2026-06-25,2906,高林,A連2漲停,0
2026-06-26,2026-06-25,3230,錦明,A+B,1
2026-06-26,2026-06-25,5211,蒙恬,A連2漲停,0
2026-06-29,2026-06-26,1467,南緯,B五日連漲30%,0
2026-06-29,2026-06-26,1626,,A連2漲停,0
2026-06-29,2026-06-26,2231,為升,B五日連漲30%,1
2026-06-29,2026-06-26,2406,國碩,A連2漲停,1
2026-06-29,2026-06-26,2466,冠西電,B五日連漲30%,1
2026-06-29,2026-06-26,3055,蔚華科,A+B,1
2026-06-29,2026-06-26,4542,科嶠,A連2漲停,1
2026-06-29,2026-06-26,4590,富田-創,B五日連漲30%,0
2026-06-29,2026-06-26,4989,榮科,B五日連漲30%,1
2026-06-29,2026-06-26,5371,中光電,A連2漲停,1
2026-06-29,2026-06-26,7714,創泓科技,A連2漲停,0
2026-06-29,2026-06-26,8033,雷虎,A連2漲停,1
2026-06-30,2026-06-29,1303,南亞,A連2漲停,0
2026-06-30,2026-06-29,2061,風青,B五日連漲30%,0
2026-06-30,2026-06-29,2233,宇隆,A連2漲停,1
2026-06-30,2026-06-29,2375,凱美,A連2漲停,0
2026-06-30,2026-06-29,2434,統懋,A連2漲停,0
2026-06-30,2026-06-29,3532,台勝科,A連2漲停,0
2026-06-30,2026-06-29,3675,德微,B五日連漲30%,0
2026-06-30,2026-06-29,5328,華容,A連2漲停,0
2026-06-30,2026-06-29,5483,中美晶,A連2漲停,1
2026-06-30,2026-06-29,6173,信昌電,A連2漲停,0
2026-06-30,2026-06-29,6182,合晶,A連2漲停,0
2026-06-30,2026-06-29,6207,雷科,A連2漲停,0
2026-06-30,2026-06-29,6224,聚鼎,A連2漲停,1
2026-06-30,2026-06-29,6488,環球晶,A+B,0
2026-06-30,2026-06-29,6525,,B五日連漲30%,1
2026-06-30,2026-06-29,6617,,A+B,0
2026-06-30,2026-06-29,6658,聯策,A連2漲停,1
2026-06-30,2026-06-29,6739,竹陞科技,B五日連漲30%,0
2026-06-30,2026-06-29,8043,蜜望實,A連2漲停,1
2026-06-30,2026-06-29,8261,富鼎,A連2漲停,0
2026-07-01,2026-06-30,1466,聚隆,A連2漲停,1
2026-07-01,2026-06-30,2250,,A連2漲停,0
2026-07-01,2026-06-30,2484,希華,A連2漲停,0
2026-07-01,2026-06-30,3042,晶技,A連2漲停,1
2026-07-01,2026-06-30,3520,華盈,A連2漲停,1
2026-07-01,2026-06-30,3577,泓格,A連2漲停,1
2026-07-01,2026-06-30,5460,同協,A連2漲停,0
2026-07-01,2026-06-30,6164,華興,A連2漲停,1
2026-07-01,2026-06-30,6870,騰雲,A連2漲停,0
2026-07-01,2026-06-30,8109,博大,B五日連漲30%,0
2026-07-02,2026-07-01,1326,台化,A連2漲停,1
2026-07-02,2026-07-01,1409,新纖,A連2漲停,1
2026-07-02,2026-07-01,1718,中纖,A連2漲停,0
2026-07-02,2026-07-01,2427,三商電,A連2漲停,1
2026-07-02,2026-07-01,2601,益航,B五日連漲30%,0
2026-07-02,2026-07-01,4556,旭然,A連2漲停,1
2026-07-02,2026-07-01,4707,磐亞,B五日連漲30%,0
2026-07-02,2026-07-01,5488,松普,A連2漲停,1
2026-07-02,2026-07-01,6907,,A連2漲停,0
2026-07-03,2026-07-02,2645,長榮航太,A連2漲停,1
2026-07-03,2026-07-02,3066,李洲,A連2漲停,1
2026-07-03,2026-07-02,3349,寶德,A連2漲停,0
2026-07-03,2026-07-02,3564,其陽,A連2漲停,0
2026-07-03,2026-07-02,4169,泰宗,A連2漲停,0
2026-07-03,2026-07-02,4541,晟田,A連2漲停,1
2026-07-03,2026-07-02,5302,太欣,A連2漲停,1
2026-07-03,2026-07-02,5371,中光電,A連2漲停,0
2026-07-03,2026-07-02,6732,昇佳電子,A連2漲停,0
2026-07-07,2026-07-06,1796,金穎生技,A連2漲停,0
2026-07-07,2026-07-06,4556,旭然,B五日連漲30%,0
2026-07-08,2026-07-07,2332,友訊,A連2漲停,1
2026-07-08,2026-07-07,2434,統懋,A+B,0
2026-07-08,2026-07-07,2465,麗臺,A連2漲停,1
2026-07-08,2026-07-07,3374,精材,A+B,0
2026-07-08,2026-07-07,3532,台勝科,B五日連漲30%,0
2026-07-08,2026-07-07,5483,中美晶,B五日連漲30%,0
2026-07-08,2026-07-07,6142,友勁,A連2漲停,0
2026-07-08,2026-07-07,7714,創泓科技,A+B,0
2026-07-08,2026-07-07,8046,南電,B五日連漲30%,1
2026-07-08,2026-07-07,8383,千附,B五日連漲30%,1
2026-07-09,2026-07-08,4139,,B五日連漲30%,0
2026-07-09,2026-07-08,5488,松普,A連2漲停,0
2026-07-09,2026-07-08,5511,德昌,A連2漲停,0
2026-07-09,2026-07-08,6488,環球晶,A連2漲停,0
2026-07-09,2026-07-08,6538,倉和,A連2漲停,1
2026-07-09,2026-07-08,6933,,A連2漲停,0
2026-07-09,2026-07-08,8039,台虹,A連2漲停,1
2026-07-13,2026-07-09,1810,和成,A連2漲停,1
2026-07-13,2026-07-09,4513,福裕,A連2漲停,1
2026-07-13,2026-07-09,6505,台塑化,B五日連漲30%,1
2026-07-14,2026-07-13,2910,統領,A連2漲停,0
2026-07-14,2026-07-13,3288,點晶,A+B,0
2026-07-14,2026-07-13,6243,迅杰,A連2漲停,1
2026-07-14,2026-07-13,6907,,A連2漲停,0
2026-07-15,2026-07-14,2221,大甲,A連2漲停,1
2026-07-15,2026-07-14,2719,燦星旅,A連2漲停,0
2026-07-15,2026-07-14,4534,慶騰,A連2漲停,1
2026-07-15,2026-07-14,4939,亞電,A連2漲停,1
2026-07-15,2026-07-14,6141,柏承,A連2漲停,1
2026-07-16,2026-07-15,1526,日馳,A連2漲停,0
2026-07-16,2026-07-15,8291,尚茂,A+B,0
2026-07-17,2026-07-16,5450,南良,A連2漲停,0
2026-07-20,2026-07-17,1467,南緯,A連2漲停,0
2026-07-20,2026-07-17,2910,統領,A連2漲停,0
2026-07-20,2026-07-17,3577,泓格,A連2漲停,0
2026-07-20,2026-07-17,4939,亞電,A連2漲停,0
2026-07-20,2026-07-17,5386,青雲,A連2漲停,0
2026-07-20,2026-07-17,6166,凌華,B五日連漲30%,1
2026-07-20,2026-07-17,6969,成信實業*-創,A+B,0
2026-07-21,2026-07-20,1810,和成,A連2漲停,0
2026-07-21,2026-07-20,2493,揚博,A連2漲停,1
2026-07-21,2026-07-20,3037,欣興,A連2漲停,1
2026-07-21,2026-07-20,3374,精材,A連2漲停,0
2026-07-21,2026-07-20,3605,宏致,A連2漲停,1
2026-07-21,2026-07-20,4979,華星光,B五日連漲30%,1
2026-07-21,2026-07-20,4991,,A連2漲停,1
2026-07-21,2026-07-20,5227,,A連2漲停,1
2026-07-21,2026-07-20,5328,華容,A連2漲停,1
2026-07-21,2026-07-20,5345,馥鴻,A連2漲停,0
2026-07-21,2026-07-20,6274,台燿,A連2漲停,1
2026-07-21,2026-07-20,6414,樺漢,A連2漲停,1
2026-07-21,2026-07-20,7709,榮田,A連2漲停,0
2026-07-21,2026-07-20,8039,台虹,A連2漲停,0
2026-07-21,2026-07-20,8111,立碁,B五日連漲30%,1
2026-07-21,2026-07-20,8114,振樺電,A連2漲停,1
2026-07-22,2026-07-21,1591,,A連2漲停,0
2026-07-22,2026-07-21,3081,聯亞,A連2漲停,1
2026-07-22,2026-07-21,3523,迎輝,A連2漲停,0
2026-07-22,2026-07-21,4442,,A連2漲停,0
2026-07-22,2026-07-21,6588,東典光電,B五日連漲30%,1
2026-07-23,2026-07-22,1435,中福,A連2漲停,0
2026-07-23,2026-07-22,6577,勁豐,A連2漲停,0
2026-07-24,2026-07-23,1799,易威,A連2漲停,0
2026-07-24,2026-07-23,3018,隆銘綠能,A連2漲停,0
2026-07-28,2026-07-27,6226,光鼎,A連2漲停,1
2026-07-28,2026-07-27,6733,博晟生醫,A連2漲停,0
2026-07-29,2026-07-28,3489,森寶,B五日連漲30%,1
2026-07-30,2026-07-29,2351,順德,B五日連漲30%,1
2026-07-30,2026-07-29,3017,奇鋐,B五日連漲30%,1
2026-07-30,2026-07-29,3037,欣興,B五日連漲30%,0
2026-07-30,2026-07-29,3189,景碩,B五日連漲30%,1
2026-07-30,2026-07-29,3543,州巧,A連2漲停,1
2026-07-30,2026-07-29,6223,旺矽,B五日連漲30%,1
2026-07-30,2026-07-29,7751,竑騰,B五日連漲30%,0
2026-07-30,2026-07-29,7769,鴻勁,A連2漲停,1
2026-07-31,2026-07-30,1595,川寶,A連2漲停,1
2026-07-31,2026-07-30,1597,直得,A+B,1
2026-07-31,2026-07-30,1815,富喬,A+B,1
2026-07-31,2026-07-30,2059,川湖,A連2漲停,1
2026-07-31,2026-07-30,2301,光寶科,A連2漲停,1
2026-07-31,2026-07-30,2313,華通,A+B,1
2026-07-31,2026-07-30,2327,國巨*,A連2漲停,1
2026-07-31,2026-07-30,2337,旺宏,A連2漲停,1
2026-07-31,2026-07-30,2344,華邦電,A+B,1
2026-07-31,2026-07-30,2345,智邦,A連2漲停,1
2026-07-31,2026-07-30,2368,金像電,A+B,1
2026-07-31,2026-07-30,2408,南亞科,A+B,1
2026-07-31,2026-07-30,2426,鼎元,B五日連漲30%,1
2026-07-31,2026-07-30,2454,聯發科,A連2漲停,1
2026-07-31,2026-07-30,2455,全新,A連2漲停,1
2026-07-31,2026-07-30,2464,盟立,A+B,1
2026-07-31,2026-07-30,2481,強茂,A連2漲停,1
2026-07-31,2026-07-30,2486,一詮,A連2漲停,1
2026-07-31,2026-07-30,2491,吉祥全,B五日連漲30%,1
2026-07-31,2026-07-30,2492,華新科,A連2漲停,1
2026-07-31,2026-07-30,2493,揚博,A連2漲停,0
2026-07-31,2026-07-30,3006,晶豪科,A+B,1
2026-07-31,2026-07-30,3026,禾伸堂,B五日連漲30%,1
2026-07-31,2026-07-30,3048,益登,B五日連漲30%,1
2026-07-31,2026-07-30,3081,聯亞,A+B,0
2026-07-31,2026-07-30,3090,日電貿,A+B,1
2026-07-31,2026-07-30,3105,穩懋,B五日連漲30%,1
2026-07-31,2026-07-30,3135,凌航,B五日連漲30%,1
2026-07-31,2026-07-30,3141,晶宏,B五日連漲30%,1
2026-07-31,2026-07-30,3163,波若威,A連2漲停,1
2026-07-31,2026-07-30,3167,大量,A+B,1
2026-07-31,2026-07-30,3229,晟鈦,A連2漲停,1
2026-07-31,2026-07-30,3236,千如,A連2漲停,1
2026-07-31,2026-07-30,3264,欣銓,B五日連漲30%,1
2026-07-31,2026-07-30,3339,泰谷,B五日連漲30%,1
2026-07-31,2026-07-30,3363,上詮,B五日連漲30%,1
2026-07-31,2026-07-30,3374,精材,A連2漲停,0
2026-07-31,2026-07-30,3441,聯一光電,A連2漲停,1
2026-07-31,2026-07-30,3443,創意,A連2漲停,1
2026-07-31,2026-07-30,3450,聯鈞,A+B,1
2026-07-31,2026-07-30,3491,昇達科,B五日連漲30%,0
2026-07-31,2026-07-30,3504,揚明光,A連2漲停,1
2026-07-31,2026-07-30,3605,宏致,B五日連漲30%,0
2026-07-31,2026-07-30,3624,光頡,B五日連漲30%,1
2026-07-31,2026-07-30,3653,健策,B五日連漲30%,1
2026-07-31,2026-07-30,3661,,B五日連漲30%,1
2026-07-31,2026-07-30,3675,德微,A連2漲停,1
2026-07-31,2026-07-30,3693,營邦,B五日連漲30%,1
2026-07-31,2026-07-30,3711,日月光投控,A連2漲停,1
2026-07-31,2026-07-30,4540,全球傳動,B五日連漲30%,1
2026-07-31,2026-07-30,4542,科嶠,B五日連漲30%,1
2026-07-31,2026-07-30,4576,大銀微系統,B五日連漲30%,1
2026-07-31,2026-07-30,4722,國精化,B五日連漲30%,1
2026-07-31,2026-07-30,4927,,B五日連漲30%,1
2026-07-31,2026-07-30,4931,新盛力,B五日連漲30%,1
2026-07-31,2026-07-30,4939,亞電,B五日連漲30%,0
2026-07-31,2026-07-30,4967,十銓,B五日連漲30%,1
2026-07-31,2026-07-30,4971,,A+B,1
2026-07-31,2026-07-30,4973,廣穎電通,B五日連漲30%,1
2026-07-31,2026-07-30,4991,,A連2漲停,0
2026-07-31,2026-07-30,5274,信驊,A連2漲停,1
2026-07-31,2026-07-30,5289,宜鼎,B五日連漲30%,1
2026-07-31,2026-07-30,5351,鈺創,A+B,1
2026-07-31,2026-07-30,5386,青雲,B五日連漲30%,0
2026-07-31,2026-07-30,5392,能率,A連2漲停,1
2026-07-31,2026-07-30,5475,德宏,A連2漲停,1
2026-07-31,2026-07-30,5498,凱崴,B五日連漲30%,1
2026-07-31,2026-07-30,6139,亞翔,B五日連漲30%,1
2026-07-31,2026-07-30,6173,信昌電,A連2漲停,1
2026-07-31,2026-07-30,6187,萬潤,A連2漲停,1
2026-07-31,2026-07-30,6202,盛群,A連2漲停,1
2026-07-31,2026-07-30,6213,聯茂,A+B,1
2026-07-31,2026-07-30,6217,中探針,B五日連漲30%,1
2026-07-31,2026-07-30,6265,方土昶,B五日連漲30%,1
2026-07-31,2026-07-30,6269,台郡,B五日連漲30%,1
2026-07-31,2026-07-30,6274,台燿,A+B,0
2026-07-31,2026-07-30,6419,京晨科,B五日連漲30%,0
2026-07-31,2026-07-30,6442,光聖,A連2漲停,1
2026-07-31,2026-07-30,6451,,B五日連漲30%,1
2026-07-31,2026-07-30,6531,愛普*,A+B,1
2026-07-31,2026-07-30,6669,緯穎,A連2漲停,1
2026-07-31,2026-07-30,6683,雍智科技,A連2漲停,1
2026-07-31,2026-07-30,6727,亞泰金屬,A連2漲停,1
2026-07-31,2026-07-30,6739,竹陞科技,B五日連漲30%,1
2026-07-31,2026-07-30,6770,力積電,B五日連漲30%,1
2026-07-31,2026-07-30,6805,富世達,B五日連漲30%,1
2026-07-31,2026-07-30,6830,汎銓,B五日連漲30%,1
2026-07-31,2026-07-30,6834,天二科技,A連2漲停,1
2026-07-31,2026-07-30,7610,聯友金屬-創,A+B,0
2026-07-31,2026-07-30,7711,永擎,B五日連漲30%,0
2026-07-31,2026-07-30,7750,新代,A連2漲停,0
2026-07-31,2026-07-30,7828,創新服務,B五日連漲30%,0
2026-07-31,2026-07-30,8021,尖點,A+B,1
2026-07-31,2026-07-30,8039,台虹,A連2漲停,0
2026-07-31,2026-07-30,8042,金山電,A連2漲停,1
2026-07-31,2026-07-30,8043,蜜望實,A連2漲停,1
2026-07-31,2026-07-30,8046,南電,B五日連漲30%,1
2026-07-31,2026-07-30,8096,擎亞,B五日連漲30%,1
2026-07-31,2026-07-30,8110,華東,A連2漲停,1
2026-07-31,2026-07-30,8150,南茂,B五日連漲30%,1
2026-07-31,2026-07-30,8299,群聯,B五日連漲30%,1
2026-07-31,2026-07-30,8358,金居,A+B,1
2026-07-31,2026-07-30,8996,高力,A+B,1
2026-08-03,2026-07-31,3587,閎康,A連2漲停,0
2026-08-03,2026-07-31,4707,磐亞,A連2漲停,1
2026-08-03,2026-07-31,4979,華星光,A連2漲停,0
2026-08-03,2026-07-31,4989,榮科,A連2漲停,1
2026-08-04,2026-08-03,2434,統懋,A連2漲停,1
2026-08-04,2026-08-03,3055,蔚華科,A連2漲停,1
2026-08-04,2026-08-03,6716,應廣,B五日連漲30%,1
2026-08-05,2026-08-04,2033,佳大,B五日連漲30%,0
2026-08-05,2026-08-04,2070,精湛,A連2漲停,0
2026-08-05,2026-08-04,2103,台橡,B五日連漲30%,1
2026-08-05,2026-08-04,6225,天瀚,B五日連漲30%,0
2026-08-05,2026-08-04,8291,尚茂,A連2漲停,0
2026-08-05,2026-08-04,9921,巨大,B五日連漲30%,1
2026-08-06,2026-08-05,4561,健椿,A連2漲停,0
2026-08-06,2026-08-05,6426,統新,A+B,1
2026-08-06,2026-08-05,6441,廣錠,A連2漲停,0
2026-08-06,2026-08-05,6617,,A連2漲停,1
2026-08-07,2026-08-06,5475,德宏,B五日連漲30%,0
2026-08-07,2026-08-06,6152,百一,A連2漲停,1
2026-08-07,2026-08-06,7795,長廣,B五日連漲30%,1
2026-08-07,2026-08-06,7820,立盈,A連2漲停,0
2026-08-07,2026-08-06,7842,天能綠電,A連2漲停,0
2026-08-10,2026-08-07,3026,禾伸堂,A連2漲停,0
2026-08-10,2026-08-07,3490,單井,B五日連漲30%,1
2026-08-10,2026-08-07,5468,凱鈺,A連2漲停,0
2026-08-10,2026-08-07,5904,寶雅*,A連2漲停,0
2026-08-10,2026-08-07,6834,天二科技,A連2漲停,0
2026-08-11,2026-08-10,3044,健鼎,A連2漲停,1
2026-08-11,2026-08-10,3532,台勝科,B五日連漲30%,1
2026-08-11,2026-08-10,4556,旭然,A連2漲停,1
2026-08-11,2026-08-10,4905,台聯電,B五日連漲30%,0
2026-08-11,2026-08-10,5432,新門,B五日連漲30%,0
2026-08-11,2026-08-10,6173,信昌電,A連2漲停,0
2026-08-11,2026-08-10,6538,倉和,B五日連漲30%,1
2026-08-11,2026-08-10,8358,金居,A連2漲停,0
2026-08-12,2026-08-11,2465,麗臺,A連2漲停,1
2026-08-12,2026-08-11,3388,崇越電,B五日連漲30%,1
2026-08-12,2026-08-11,3498,陽程,B五日連漲30%,1
2026-08-12,2026-08-11,3605,宏致,A連2漲停,0
2026-08-12,2026-08-11,4413,飛寶企業,A連2漲停,0
2026-08-12,2026-08-11,5321,美而快,B五日連漲30%,1
2026-08-12,2026-08-11,5464,霖宏,A連2漲停,1
2026-08-12,2026-08-11,6182,合晶,A連2漲停,1
2026-08-12,2026-08-11,6187,萬潤,A連2漲停,0
2026-08-12,2026-08-11,6488,環球晶,A連2漲停,1
2026-08-12,2026-08-11,6716,應廣,B五日連漲30%,0
2026-08-12,2026-08-11,8996,高力,A連2漲停,0
2026-08-13,2026-08-12,6214,精誠,A連2漲停,1
2026-08-14,2026-08-13,5314,世紀*,A+B,0
2026-08-14,2026-08-13,6727,亞泰金屬,A連2漲停,0
2026-08-17,2026-08-14,2615,萬海,B五日連漲30%,1
2026-08-17,2026-08-14,4304,勝昱,A+B,0
2026-08-18,2026-08-17,4416,三圓,B五日連漲30%,1
2026-08-18,2026-08-17,5608,四維航,A連2漲停,1
2026-08-19,2026-08-18,2426,鼎元,B五日連漲30%,0
2026-08-19,2026-08-18,2489,瑞軒,B五日連漲30%,1
2026-08-19,2026-08-18,3441,聯一光電,B五日連漲30%,1
2026-08-19,2026-08-18,3508,位速,A連2漲停,0
2026-08-19,2026-08-18,8101,華冠,A連2漲停,0
2026-08-20,2026-08-19,2221,大甲,B五日連漲30%,1
2026-08-20,2026-08-19,6617,,B五日連漲30%,0
2026-08-20,2026-08-19,6949,沛爾生醫*-創,B五日連漲30%,0
2026-08-20,2026-08-19,7751,竑騰,A連2漲停,0
2026-08-20,2026-08-19,8103,瀚荃,B五日連漲30%,1
2026-08-21,2026-08-20,4188,安克,A+B,0
2026-08-21,2026-08-20,4956,光鋐,A連2漲停,1
2026-08-21,2026-08-20,6103,合邦,A+B,0
2026-08-21,2026-08-20,8093,保銳,A連2漲停,0
2026-08-24,2026-08-21,3234,光環,A連2漲停,1
2026-08-24,2026-08-21,3259,鑫創,A連2漲停,0
2026-08-24,2026-08-21,3406,玉晶光,B五日連漲30%,1
2026-08-24,2026-08-21,4927,,B五日連漲30%,1
2026-08-24,2026-08-21,6226,光鼎,A+B,1
2026-08-24,2026-08-21,6933,,B五日連漲30%,1
2026-08-24,2026-08-21,7788,松川精密,B五日連漲30%,1
2026-08-24,2026-08-21,8085,福華,B五日連漲30%,1
2026-08-25,2026-08-24,3008,大立光,B五日連漲30%,1
2026-08-25,2026-08-24,3162,精確,A連2漲停,1
2026-08-25,2026-08-24,3374,精材,B五日連漲30%,1
2026-08-25,2026-08-24,3629,地心引力,A+B,0
2026-08-25,2026-08-24,4908,前鼎,A連2漲停,1
2026-08-25,2026-08-24,4939,亞電,A連2漲停,1
2026-08-25,2026-08-24,6213,聯茂,A連2漲停,0
2026-08-25,2026-08-24,8039,台虹,A連2漲停,1
2026-08-26,2026-08-25,1303,南亞,A連2漲停,1
2026-08-26,2026-08-25,1312,國喬,A連2漲停,1
2026-08-26,2026-08-25,3354,律勝,A連2漲停,0
2026-08-26,2026-08-25,3529,力旺,A連2漲停,1
2026-08-26,2026-08-25,3543,州巧,A連2漲停,1
2026-08-26,2026-08-25,4991,,A連2漲停,1
2026-08-26,2026-08-25,6668,中揚光,A連2漲停,1
2026-08-26,2026-08-25,6805,富世達,A連2漲停,1
2026-08-27,2026-08-26,2491,吉祥全,A連2漲停,1
2026-08-27,2026-08-26,3026,禾伸堂,A連2漲停,1
2026-08-27,2026-08-26,4529,淳紳,A連2漲停,0
2026-08-27,2026-08-26,6173,信昌電,A連2漲停,0
2026-08-27,2026-08-26,7835,永悅健康-創,A連2漲停,0
2026-08-27,2026-08-26,8105,凌巨,A連2漲停,0
2026-08-27,2026-08-26,8358,金居,A連2漲停,0
2026-08-28,2026-08-27,2434,統懋,A連2漲停,1
2026-08-28,2026-08-27,3664,,A+B,0
2026-08-28,2026-08-27,6620,漢達,A連2漲停,1
2026-08-28,2026-08-27,8431,匯鑽科,B五日連漲30%,0
2026-08-31,2026-08-28,2455,全新,A連2漲停,1
2026-08-31,2026-08-28,3141,晶宏,B五日連漲30%,1
2026-08-31,2026-08-28,3324,雙鴻,A連2漲停,1
2026-08-31,2026-08-28,4908,前鼎,A連2漲停,0
2026-08-31,2026-08-28,6538,倉和,B五日連漲30%,0
2026-08-31,2026-08-28,8111,立碁,A連2漲停,1
2026-09-01,2026-08-31,6510,精測,A連2漲停,1
2026-09-01,2026-08-31,6683,雍智科技,A連2漲停,1
2026-09-01,2026-08-31,8040,九暘,A連2漲停,1
2026-09-02,2026-09-01,2438,翔耀,A連2漲停,0
2026-09-02,2026-09-01,2464,盟立,A連2漲停,0
2026-09-02,2026-09-01,6620,漢達,B五日連漲30%,0
2026-09-02,2026-09-01,6872,浩宇生醫,A+B,0
2026-09-03,2026-09-02,3021,鴻名,A連2漲停,0
2026-09-03,2026-09-02,4924,,A連2漲停,0
2026-09-03,2026-09-02,7772,耀穎,A連2漲停,0
2026-09-04,2026-09-03,3026,禾伸堂,A連2漲停,0
2026-09-04,2026-09-03,3167,大量,A連2漲停,1
2026-09-04,2026-09-03,4706,大恭,A連2漲停,0
2026-09-04,2026-09-03,5314,世紀*,B五日連漲30%,0
2026-09-04,2026-09-03,6179,亞通,B五日連漲30%,1
2026-09-04,2026-09-03,7610,聯友金屬-創,A連2漲停,0
2026-09-04,2026-09-03,7709,榮田,A連2漲停,0
2026-09-04,2026-09-03,7717,,A連2漲停,0
2026-09-04,2026-09-03,8042,金山電,A連2漲停,1
2026-09-04,2026-09-03,8227,巨有科技,B五日連漲30%,1
2026-09-07,2026-09-04,1721,國慶科技,A連2漲停,1
2026-09-07,2026-09-04,3229,晟鈦,B五日連漲30%,1
2026-09-07,2026-09-04,6441,廣錠,A連2漲停,0
2026-09-09,2026-09-08,2338,光罩,A連2漲停,1
2026-09-09,2026-09-08,3467,台灣精材,B五日連漲30%,0
2026-09-09,2026-09-08,4188,安克,A連2漲停,0
2026-09-09,2026-09-08,5386,青雲,A連2漲停,0
2026-09-09,2026-09-08,6225,天瀚,A連2漲停,0
2026-09-10,2026-09-09,2468,華經,B五日連漲30%,0
2026-09-10,2026-09-09,3624,光頡,A連2漲停,1
2026-09-10,2026-09-09,4556,旭然,A連2漲停,1
2026-09-10,2026-09-09,6221,晉泰,B五日連漲30%,0
2026-09-11,2026-09-10,1528,恩德,A連2漲停,1
2026-09-11,2026-09-10,6148,驊宏資,A連2漲停,0
2026-09-11,2026-09-10,6706,惠特,A連2漲停,1
2026-09-14,2026-09-11,3523,迎輝,A連2漲停,0
2026-09-14,2026-09-11,5202,力新,A連2漲停,0
2026-09-14,2026-09-11,6140,訊達電腦,A連2漲停,0
2026-09-14,2026-09-11,6226,光鼎,A+B,0
2026-09-14,2026-09-11,6715,嘉基,B五日連漲30%,1
2026-09-14,2026-09-11,6925,意藍,A連2漲停,0
2026-09-14,2026-09-11,6945,圓祥生技,B五日連漲30%,0
2026-09-15,2026-09-14,2221,大甲,B五日連漲30%,1
2026-09-15,2026-09-14,3021,鴻名,A連2漲停,0
2026-09-15,2026-09-14,6218,豪勉,A+B,1
2026-09-15,2026-09-14,7772,耀穎,B五日連漲30%,0
2026-09-16,2026-09-15,1709,和益,A連2漲停,1
2026-09-16,2026-09-15,2033,佳大,A+B,1
2026-09-16,2026-09-15,2305,全友,A+B,1
2026-09-16,2026-09-15,2409,友達,B五日連漲30%,1
2026-09-16,2026-09-15,2493,揚博,A連2漲停,1
2026-09-16,2026-09-15,3138,耀登,A連2漲停,0
2026-09-16,2026-09-15,3443,創意,B五日連漲30%,1
2026-09-16,2026-09-15,4956,光鋐,A連2漲停,1
2026-09-16,2026-09-15,6103,合邦,A連2漲停,0
2026-09-16,2026-09-15,6168,宏齊,A+B,1
2026-09-16,2026-09-15,6426,統新,A連2漲停,1
2026-09-16,2026-09-15,6620,漢達,A連2漲停,0
2026-09-16,2026-09-15,6902,GOGOLOOK,B五日連漲30%,0
2026-09-16,2026-09-15,6933,,A連2漲停,0
2026-09-16,2026-09-15,7711,永擎,A連2漲停,1
2026-09-16,2026-09-15,7717,,A連2漲停,0
2026-09-16,2026-09-15,7799,禾榮科,A連2漲停,1
2026-09-16,2026-09-15,8064,東捷,A連2漲停,1
2026-09-17,2026-09-16,1560,中砂,A連2漲停,1
2026-09-17,2026-09-16,3002,歐格,A連2漲停,0
2026-09-17,2026-09-16,3287,廣寰科,A連2漲停,0
2026-09-17,2026-09-16,3437,榮創,A連2漲停,1
2026-09-17,2026-09-16,4304,勝昱,A連2漲停,0
2026-09-17,2026-09-16,5465,富驊,B五日連漲30%,0
2026-09-17,2026-09-16,6204,艾華,A連2漲停,0
2026-09-17,2026-09-16,7792,安葆,B五日連漲30%,1
2026-09-18,2026-09-17,3016,嘉晶,B五日連漲30%,1
2026-09-18,2026-09-17,3094,聯傑,A連2漲停,1
2026-09-18,2026-09-17,3178,公準,A連2漲停,0
2026-09-18,2026-09-17,3219,倚強科,A連2漲停,1
2026-09-18,2026-09-17,3297,杭特,A連2漲停,0
2026-09-18,2026-09-17,3346,麗清,A連2漲停,1
2026-09-18,2026-09-17,3508,位速,A連2漲停,0
2026-09-18,2026-09-17,3605,宏致,A+B,1
2026-09-18,2026-09-17,4416,三圓,A連2漲停,1
2026-09-18,2026-09-17,4903,聯光通,A連2漲停,1
2026-09-18,2026-09-17,4951,精拓科,A連2漲停,0
2026-09-18,2026-09-17,6140,訊達電腦,A連2漲停,0
2026-09-18,2026-09-17,6234,高僑,A連2漲停,0
2026-09-18,2026-09-17,6485,點序,A連2漲停,0
2026-09-18,2026-09-17,6538,倉和,A連2漲停,0
2026-09-18,2026-09-17,6861,睿生光電,B五日連漲30%,1
2026-09-18,2026-09-17,8110,華東,A連2漲停,1
2026-09-21,2026-09-18,3055,蔚華科,A連2漲停,1
2026-09-21,2026-09-18,4542,科嶠,A連2漲停,1
2026-09-21,2026-09-18,4924,,A連2漲停,0
2026-09-21,2026-09-18,6456,,B五日連漲30%,1
2026-09-21,2026-09-18,7547,碩網,B五日連漲30%,0
2026-09-22,2026-09-21,2030,彰源,B五日連漲30%,1
2026-09-22,2026-09-21,3691,碩禾,A連2漲停,1
2026-09-23,2026-09-22,6103,合邦,A連2漲停,0
2026-09-23,2026-09-22,6708,天擎,B五日連漲30%,0
2026-09-23,2026-09-22,6925,意藍,A連2漲停,0
2026-09-23,2026-09-22,6933,,A連2漲停,0
2026-09-24,2026-09-23,2340,台亞,B五日連漲30%,1
2026-09-24,2026-09-23,3021,鴻名,A連2漲停,0
2026-09-24,2026-09-23,3219,倚強科,A連2漲停,0
2026-09-24,2026-09-23,3311,閎暉,B五日連漲30%,1
2026-09-24,2026-09-23,4195,基米-創,A連2漲停,0
2026-09-24,2026-09-23,6207,雷科,A連2漲停,1
2026-09-24,2026-09-23,6225,天瀚,B五日連漲30%,0
2026-09-24,2026-09-23,6533,晶心科,A連2漲停,1
2026-09-24,2026-09-23,8201,無敵,A連2漲停,0
2026-09-29,2026-09-24,1617,榮星,A連2漲停,0
2026-09-29,2026-09-24,2020,美亞,A連2漲停,0
2026-09-29,2026-09-24,3518,柏騰,A連2漲停,0
2026-09-29,2026-09-24,3615,安可,A連2漲停,0
2026-09-29,2026-09-24,4174,浩鼎,A連2漲停,0
2026-09-29,2026-09-24,5013,強新,A連2漲停,0
2026-09-29,2026-09-24,5220,萬達光電,A連2漲停,0
2026-09-29,2026-09-24,6405,悅城,A連2漲停,0
2026-09-29,2026-09-24,6532,瑞耘,A連2漲停,0
2026-09-29,2026-09-24,6957,,A連2漲停,0
2026-09-29,2026-09-24,8027,鈦昇,A連2漲停,0
2026-09-29,2026-09-24,8227,巨有科技,A連2漲停,0
2026-09-30,2026-09-29,1709,和益,A連2漲停,0
2026-09-30,2026-09-29,2033,佳大,A連2漲停,0
2026-09-30,2026-09-29,3259,鑫創,A連2漲停,0
2026-09-30,2026-09-29,3701,大眾控,A連2漲停,0
2026-09-30,2026-09-29,4556,旭然,A連2漲停,0
2026-09-30,2026-09-29,6485,點序,A連2漲停,0
2026-09-30,2026-09-29,6672,,A連2漲停,0
2026-10-01,2026-09-30,2492,華新科,A連2漲停,0
2026-10-01,2026-09-30,3236,千如,A連2漲停,0
2026-10-01,2026-09-30,4722,國精化,A連2漲停,0
2026-10-01,2026-09-30,4760,勤凱科技,A連2漲停,0
2026-10-01,2026-09-30,4905,台聯電,A連2漲停,0
2026-10-01,2026-09-30,5205,中茂,A連2漲停,0
2026-10-01,2026-09-30,5228,鈺鎧,A連2漲停,0
2026-10-01,2026-09-30,6174,安碁,A連2漲停,0
2026-10-01,2026-09-30,6834,天二科技,A連2漲停,0
2026-10-01,2026-09-30,6877,鏵友益,A連2漲停,0
2026-10-01,2026-09-30,6994,富威電力,A連2漲停,0
2026-10-01,2026-09-30,8289,泰藝,A連2漲停,0
