window,fold,date_s,event_day_t,code,name,market,track,sublayer,failing_filters,list_id,rank_in_list,n_pool_day,result,global_rank_combo,score,combo_n_components,pct_key_features,source_has_value_flags,hist_len,age_off,age_cap,listing_src,vol20_s,Qmax_lots,DK_s,at_known5,m_locked_open,m_buyable,m_c1,m_c5,m_c10,m_vol_t,m_disp_t_exec,note,name_src,ho_model_window,addendum_note
HO,1,2023-08-10,2023-08-11,4154,樂威科-KY,TPEx,S,,fV300|fH125,S1@5,9,316,漏網,1604,-2.537242,,atr14=0.904|n_lu_250=0.163|r20=0.000|c_ma120=0.000|vr20=0.070|days_since_lu=0.838|dt_ratio20=NaN|lend_to_v=NaN|rev_yoy=0.245|o_turn=0.199|o_log_mcap=0.000|o_lu_follow=0.665,"官方日成交結構(MI_INDEX/dailyQuotes)=1|發行股數(MI_QFIIS/dailyQuotes)=1|外資持股(MI_QFIIS,僅上市)=0|自營商(T86/上櫃三大法人)=0|當沖(TWTB4U/上櫃intraday)=0|季財報(MOPS t163sb04)=1|月營收(MOPS/openapi)=1|官方產業別(MOPS t05st03)=1|融資券(MI_MARGN)=0|借券(TWT93U)=0|法人(T86)=0",259,inf,250.0,official_prepanel,263.75,2.0,1.0,0.0,0,1,7.083,35.833,12.083,271.0,0,未扣成本·事後欄位以 m_ 標示·非投資建議,names.json,HO 第 1～3 折：面板起點限制，不作判定,鎖後描述，不參與判定（DEV-009；使用者 G1 第 5 項 2026-10-05）：落選挑戰者在 HOLDOUT 的描述記錄，鎖定判定不變，不得用於重新選模·未扣成本·事後欄位以 m_ 標示·非投資建議
HO,1,2023-08-14,2023-08-15,3664,安瑞-KY,TPEx,S,,fV300,S1@5,11,305,漏網,771,-2.451326,,atr14=0.896|n_lu_250=0.999|r20=0.003|c_ma120=0.044|vr20=0.506|days_since_lu=0.286|dt_ratio20=NaN|lend_to_v=0.016|rev_yoy=0.715|o_turn=0.266|o_log_mcap=0.033|o_lu_follow=0.933,"官方日成交結構(MI_INDEX/dailyQuotes)=1|發行股數(MI_QFIIS/dailyQuotes)=1|外資持股(MI_QFIIS,僅上市)=0|自營商(T86/上櫃三大法人)=1|當沖(TWTB4U/上櫃intraday)=0|季財報(MOPS t163sb04)=1|月營收(MOPS/openapi)=1|官方產業別(MOPS t05st03)=1|融資券(MI_MARGN)=1|借券(TWT93U)=1|法人(T86)=1",261,inf,250.0,official_prepanel,253.6,2.0,0.0,0.0,0,1,9.825,13.974,17.467,124.0,0,未扣成本·事後欄位以 m_ 標示·非投資建議,names.json,HO 第 1～3 折：面板起點限制，不作判定,鎖後描述，不參與判定（DEV-009；使用者 G1 第 5 項 2026-10-05）：落選挑戰者在 HOLDOUT 的描述記錄，鎖定判定不變，不得用於重新選模·未扣成本·事後欄位以 m_ 標示·非投資建議
HO,1,2023-08-18,2023-08-21,4542,科嶠,TPEx,S,,fV300|fH125,S1@5,14,306,漏網,83,-2.653708,,atr14=0.852|n_lu_250=0.546|r20=0.960|c_ma120=0.839|vr20=0.929|days_since_lu=0.025|dt_ratio20=NaN|lend_to_v=0.043|rev_yoy=0.939|o_turn=0.808|o_log_mcap=0.008|o_lu_follow=0.219,"官方日成交結構(MI_INDEX/dailyQuotes)=1|發行股數(MI_QFIIS/dailyQuotes)=1|外資持股(MI_QFIIS,僅上市)=0|自營商(T86/上櫃三大法人)=1|當沖(TWTB4U/上櫃intraday)=1|季財報(MOPS t163sb04)=1|月營收(MOPS/openapi)=1|官方產業別(MOPS t05st03)=1|融資券(MI_MARGN)=1|借券(TWT93U)=1|法人(T86)=1",265,inf,250.0,official_prepanel,268.55,2.0,0.0,2.0,0,1,10.0,43.175,79.365,968.0,0,未扣成本·事後欄位以 m_ 標示·非投資建議,names.json,HO 第 1～3 折：面板起點限制，不作判定,鎖後描述，不參與判定（DEV-009；使用者 G1 第 5 項 2026-10-05）：落選挑戰者在 HOLDOUT 的描述記錄，鎖定判定不變，不得用於重新選模·未扣成本·事後欄位以 m_ 標示·非投資建議
HO,1,2023-08-24,2023-08-25,5301,寶得利,TPEx,S,,fV300,S1@5,16,327,漏網,801,-3.107836,,atr14=0.807|n_lu_250=0.952|r20=0.057|c_ma120=0.043|vr20=0.229|days_since_lu=0.120|dt_ratio20=NaN|lend_to_v=0.012|rev_yoy=0.983|o_turn=0.050|o_log_mcap=0.045|o_lu_follow=0.895,"官方日成交結構(MI_INDEX/dailyQuotes)=1|發行股數(MI_QFIIS/dailyQuotes)=1|外資持股(MI_QFIIS,僅上市)=0|自營商(T86/上櫃三大法人)=1|當沖(TWTB4U/上櫃intraday)=0|季財報(MOPS t163sb04)=1|月營收(MOPS/openapi)=1|官方產業別(MOPS t05st03)=0|融資券(MI_MARGN)=1|借券(TWT93U)=1|法人(T86)=1",269,inf,250.0,official_prepanel,203.25,2.0,0.0,0.0,1,0,0.0,15.094,4.151,231.0,0,未扣成本·事後欄位以 m_ 標示·非投資建議,TPEx 上市（櫃）快照 2026-10-02 簡稱（現名）,HO 第 1～3 折：面板起點限制，不作判定,鎖後描述，不參與判定（DEV-009；使用者 G1 第 5 項 2026-10-05）：落選挑戰者在 HOLDOUT 的描述記錄，鎖定判定不變，不得用於重新選模·未扣成本·事後欄位以 m_ 標示·非投資建議
HO,1,2023-08-30,2023-08-31,3432,台端,TWSE,S,,fV300,S1@5,26,340,漏網,862,-3.430959,,atr14=0.483|n_lu_250=0.960|r20=0.286|c_ma120=0.016|vr20=0.764|days_since_lu=0.228|dt_ratio20=NaN|lend_to_v=0.074|rev_yoy=0.041|o_turn=0.196|o_log_mcap=0.002|o_lu_follow=0.948,"官方日成交結構(MI_INDEX/dailyQuotes)=1|發行股數(MI_QFIIS/dailyQuotes)=1|外資持股(MI_QFIIS,僅上市)=1|自營商(T86/上櫃三大法人)=1|當沖(TWTB4U/上櫃intraday)=0|季財報(MOPS t163sb04)=1|月營收(MOPS/openapi)=1|官方產業別(MOPS t05st03)=1|融資券(MI_MARGN)=1|借券(TWT93U)=1|法人(T86)=1",273,inf,250.0,official_prepanel,101.9,1.0,0.0,0.0,0,1,8.182,9.545,3.636,391.0,0,未扣成本·事後欄位以 m_ 標示·非投資建議,names.json,HO 第 1～3 折：面板起點限制，不作判定,鎖後描述，不參與判定（DEV-009；使用者 G1 第 5 項 2026-10-05）：落選挑戰者在 HOLDOUT 的描述記錄，鎖定判定不變，不得用於重新選模·未扣成本·事後欄位以 m_ 標示·非投資建議
HO,1,2023-08-31,2023-09-01,5215,科嘉-KY,TWSE,S,,fV300,S1@5,159,342,漏網,190,-5.222124,,atr14=0.748|n_lu_250=0.844|r20=0.694|c_ma120=0.507|vr20=0.105|days_since_lu=0.638|dt_ratio20=0.447|lend_to_v=0.380|rev_yoy=0.493|o_turn=0.064|o_log_mcap=0.158|o_lu_follow=0.942,"官方日成交結構(MI_INDEX/dailyQuotes)=1|發行股數(MI_QFIIS/dailyQuotes)=1|外資持股(MI_QFIIS,僅上市)=1|自營商(T86/上櫃三大法人)=1|當沖(TWTB4U/上櫃intraday)=1|季財報(MOPS t163sb04)=1|月營收(MOPS/openapi)=1|官方產業別(MOPS t05st03)=1|融資券(MI_MARGN)=1|借券(TWT93U)=1|法人(T86)=1",274,inf,250.0,official_prepanel,200.85,2.0,0.0,0.0,0,1,6.379,21.193,25.514,1202.0,0,未扣成本·事後欄位以 m_ 標示·非投資建議,names.json,HO 第 1～3 折：面板起點限制，不作判定,鎖後描述，不參與判定（DEV-009；使用者 G1 第 5 項 2026-10-05）：落選挑戰者在 HOLDOUT 的描述記錄，鎖定判定不變，不得用於重新選模·未扣成本·事後欄位以 m_ 標示·非投資建議
HO,1,2023-09-01,2023-09-04,8068,全達,TPEx,S,,fV300,S1@5,46,338,漏網,437,-3.478726,,atr14=0.493|n_lu_250=0.563|r20=0.531|c_ma120=0.525|vr20=0.928|days_since_lu=0.558|dt_ratio20=NaN|lend_to_v=0.599|rev_yoy=0.871|o_turn=0.390|o_log_mcap=0.083|o_lu_follow=0.219,"官方日成交結構(MI_INDEX/dailyQuotes)=1|發行股數(MI_QFIIS/dailyQuotes)=1|外資持股(MI_QFIIS,僅上市)=0|自營商(T86/上櫃三大法人)=1|當沖(TWTB4U/上櫃intraday)=1|季財報(MOPS t163sb04)=1|月營收(MOPS/openapi)=1|官方產業別(MOPS t05st03)=1|融資券(MI_MARGN)=1|借券(TWT93U)=1|法人(T86)=1",275,inf,250.0,official_prepanel,102.0,1.0,0.0,0.0,0,1,0.471,14.443,34.066,3109.0,0,未扣成本·事後欄位以 m_ 標示·非投資建議,names.json,HO 第 1～3 折：面板起點限制，不作判定,鎖後描述，不參與判定（DEV-009；使用者 G1 第 5 項 2026-10-05）：落選挑戰者在 HOLDOUT 的描述記錄，鎖定判定不變，不得用於重新選模·未扣成本·事後欄位以 m_ 標示·非投資建議
HO,1,2023-09-13,2023-09-14,8467,波力-KY,TWSE,S,,fV300,S1@5,48,343,漏網,119,-3.791623,,atr14=0.826|n_lu_250=0.559|r20=0.921|c_ma120=0.786|vr20=0.596|days_since_lu=0.312|dt_ratio20=0.388|lend_to_v=0.153|rev_yoy=0.279|o_turn=0.388|o_log_mcap=0.187|o_lu_follow=0.221,"官方日成交結構(MI_INDEX/dailyQuotes)=1|發行股數(MI_QFIIS/dailyQuotes)=1|外資持股(MI_QFIIS,僅上市)=1|自營商(T86/上櫃三大法人)=1|當沖(TWTB4U/上櫃intraday)=1|季財報(MOPS t163sb04)=1|月營收(MOPS/openapi)=1|官方產業別(MOPS t05st03)=1|融資券(MI_MARGN)=1|借券(TWT93U)=1|法人(T86)=1",283,inf,250.0,official_prepanel,180.2,1.0,0.0,0.0,0,1,5.811,17.162,12.027,316.0,0,未扣成本·事後欄位以 m_ 標示·非投資建議,names.json,HO 第 1～3 折：面板起點限制，不作判定,鎖後描述，不參與判定（DEV-009；使用者 G1 第 5 項 2026-10-05）：落選挑戰者在 HOLDOUT 的描述記錄，鎖定判定不變，不得用於重新選模·未扣成本·事後欄位以 m_ 標示·非投資建議
HO,2,2023-10-03,2023-10-04,5272,笙科,TPEx,S,,fV300,S1@5,65,323,漏網,512,-4.941752,,atr14=0.425|n_lu_250=0.169|r20=0.806|c_ma120=0.527|vr20=0.253|days_since_lu=0.845|dt_ratio20=NaN|lend_to_v=0.628|rev_yoy=0.783|o_turn=0.168|o_log_mcap=0.036|o_lu_follow=0.661,"官方日成交結構(MI_INDEX/dailyQuotes)=1|發行股數(MI_QFIIS/dailyQuotes)=1|外資持股(MI_QFIIS,僅上市)=0|自營商(T86/上櫃三大法人)=1|當沖(TWTB4U/上櫃intraday)=1|季財報(MOPS t163sb04)=1|月營收(MOPS/openapi)=1|官方產業別(MOPS t05st03)=1|融資券(MI_MARGN)=1|借券(TWT93U)=1|法人(T86)=1",296,inf,250.0,official_prepanel,159.65,1.0,0.0,0.0,0,1,12.044,6.387,12.774,2697.0,0,未扣成本·事後欄位以 m_ 標示·非投資建議,names.json,HO 第 1～3 折：面板起點限制，不作判定,鎖後描述，不參與判定（DEV-009；使用者 G1 第 5 項 2026-10-05）：落選挑戰者在 HOLDOUT 的描述記錄，鎖定判定不變，不得用於重新選模·未扣成本·事後欄位以 m_ 標示·非投資建議
HO,2,2023-10-04,2023-10-05,4503,金雨,TPEx,S,,fV300,S1@5,95,320,漏網,1016,-5.460806,,atr14=0.635|n_lu_250=0.799|r20=0.076|c_ma120=0.012|vr20=0.704|days_since_lu=0.371|dt_ratio20=NaN|lend_to_v=0.795|rev_yoy=0.808|o_turn=0.481|o_log_mcap=0.132|o_lu_follow=0.041,"官方日成交結構(MI_INDEX/dailyQuotes)=1|發行股數(MI_QFIIS/dailyQuotes)=1|外資持股(MI_QFIIS,僅上市)=0|自營商(T86/上櫃三大法人)=1|當沖(TWTB4U/上櫃intraday)=1|季財報(MOPS t163sb04)=1|月營收(MOPS/openapi)=1|官方產業別(MOPS t05st03)=1|融資券(MI_MARGN)=1|借券(TWT93U)=1|法人(T86)=1",297,inf,250.0,official_prepanel,236.8,2.0,0.0,0.0,0,1,1.931,27.413,15.83,466.0,0,未扣成本·事後欄位以 m_ 標示·非投資建議,names.json,HO 第 1～3 折：面板起點限制，不作判定,鎖後描述，不參與判定（DEV-009；使用者 G1 第 5 項 2026-10-05）：落選挑戰者在 HOLDOUT 的描述記錄，鎖定判定不變，不得用於重新選模·未扣成本·事後欄位以 m_ 標示·非投資建議
HO,2,2023-10-05,2023-10-06,5348,正能量智能,TPEx,S,,fV300,S1@5,14,316,漏網,227,-3.446756,,atr14=0.849|n_lu_250=0.969|r20=0.156|c_ma120=0.929|vr20=0.000|days_since_lu=0.063|dt_ratio20=NaN|lend_to_v=NaN|rev_yoy=0.925|o_turn=0.046|o_log_mcap=0.000|o_lu_follow=0.983,"官方日成交結構(MI_INDEX/dailyQuotes)=1|發行股數(MI_QFIIS/dailyQuotes)=1|外資持股(MI_QFIIS,僅上市)=0|自營商(T86/上櫃三大法人)=1|當沖(TWTB4U/上櫃intraday)=0|季財報(MOPS t163sb04)=1|月營收(MOPS/openapi)=1|官方產業別(MOPS t05st03)=1|融資券(MI_MARGN)=0|借券(TWT93U)=0|法人(T86)=1",298,inf,250.0,official_prepanel,174.45,1.0,0.0,0.0,0,1,0.538,19.892,22.849,263.0,0,未扣成本·事後欄位以 m_ 標示·非投資建議,names.json,HO 第 1～3 折：面板起點限制，不作判定,鎖後描述，不參與判定（DEV-009；使用者 G1 第 5 項 2026-10-05）：落選挑戰者在 HOLDOUT 的描述記錄，鎖定判定不變，不得用於重新選模·未扣成本·事後欄位以 m_ 標示·非投資建議
HO,2,2023-10-13,2023-10-16,6237,驊訊,TPEx,S,,fV300,S1@5,21,313,漏網,307,-3.297272,,atr14=0.595|n_lu_250=0.557|r20=0.811|c_ma120=0.408|vr20=0.952|days_since_lu=0.317|dt_ratio20=NaN|lend_to_v=0.889|rev_yoy=0.624|o_turn=0.644|o_log_mcap=0.155|o_lu_follow=0.221,"官方日成交結構(MI_INDEX/dailyQuotes)=1|發行股數(MI_QFIIS/dailyQuotes)=1|外資持股(MI_QFIIS,僅上市)=0|自營商(T86/上櫃三大法人)=1|當沖(TWTB4U/上櫃intraday)=1|季財報(MOPS t163sb04)=1|月營收(MOPS/openapi)=1|官方產業別(MOPS t05st03)=1|融資券(MI_MARGN)=1|借券(TWT93U)=1|法人(T86)=1",302,inf,250.0,official_prepanel,211.3,2.0,0.0,0.0,0,1,7.635,16.995,24.384,2915.0,0,未扣成本·事後欄位以 m_ 標示·非投資建議,names.json,HO 第 1～3 折：面板起點限制，不作判定,鎖後描述，不參與判定（DEV-009；使用者 G1 第 5 項 2026-10-05）：落選挑戰者在 HOLDOUT 的描述記錄，鎖定判定不變，不得用於重新選模·未扣成本·事後欄位以 m_ 標示·非投資建議
HO,2,2023-10-16,2023-10-17,6113,亞矽,TPEx,S,,fV300,S1@5,180,314,漏網,955,-6.140015,,atr14=0.154|n_lu_250=0.806|r20=0.475|c_ma120=0.118|vr20=0.005|days_since_lu=0.331|dt_ratio20=NaN|lend_to_v=0.541|rev_yoy=0.222|o_turn=0.053|o_log_mcap=0.002|o_lu_follow=0.037,"官方日成交結構(MI_INDEX/dailyQuotes)=1|發行股數(MI_QFIIS/dailyQuotes)=1|外資持股(MI_QFIIS,僅上市)=0|自營商(T86/上櫃三大法人)=1|當沖(TWTB4U/上櫃intraday)=1|季財報(MOPS t163sb04)=1|月營收(MOPS/openapi)=1|官方產業別(MOPS t05st03)=1|融資券(MI_MARGN)=1|借券(TWT93U)=1|法人(T86)=1",303,inf,250.0,official_prepanel,254.5,2.0,0.0,0.0,0,1,9.386,34.296,29.603,1075.0,0,未扣成本·事後欄位以 m_ 標示·非投資建議,names.json,HO 第 1～3 折：面板起點限制，不作判定,鎖後描述，不參與判定（DEV-009；使用者 G1 第 5 項 2026-10-05）：落選挑戰者在 HOLDOUT 的描述記錄，鎖定判定不變，不得用於重新選模·未扣成本·事後欄位以 m_ 標示·非投資建議
HO,2,2023-10-19,2023-10-20,1721,國慶科技,TWSE,S,,fV300,S1@5,142,316,漏網,753,-5.855598,,atr14=0.146|n_lu_250=0.752|r20=0.644|c_ma120=0.208|vr20=0.267|days_since_lu=0.496|dt_ratio20=0.216|lend_to_v=0.951|rev_yoy=0.610|o_turn=0.068|o_log_mcap=0.095|o_lu_follow=0.877,"官方日成交結構(MI_INDEX/dailyQuotes)=1|發行股數(MI_QFIIS/dailyQuotes)=1|外資持股(MI_QFIIS,僅上市)=1|自營商(T86/上櫃三大法人)=1|當沖(TWTB4U/上櫃intraday)=1|季財報(MOPS t163sb04)=1|月營收(MOPS/openapi)=1|官方產業別(MOPS t05st03)=1|融資券(MI_MARGN)=1|借券(TWT93U)=1|法人(T86)=1",306,inf,250.0,official_prepanel,297.15,2.0,0.0,0.0,0,1,10.606,42.045,25.758,3903.0,0,未扣成本·事後欄位以 m_ 標示·非投資建議,names.json,HO 第 1～3 折：面板起點限制，不作判定,鎖後描述，不參與判定（DEV-009；使用者 G1 第 5 項 2026-10-05）：落選挑戰者在 HOLDOUT 的描述記錄，鎖定判定不變，不得用於重新選模·未扣成本·事後欄位以 m_ 標示·非投資建議
HO,2,2023-10-24,2023-10-25,6133,金橋,TWSE,S,,fV300,S1@5,31,312,漏網,1221,-3.935648,,atr14=0.404|n_lu_250=0.812|r20=0.040|c_ma120=0.023|vr20=0.932|days_since_lu=0.307|dt_ratio20=NaN|lend_to_v=0.728|rev_yoy=0.085|o_turn=0.442|o_log_mcap=0.033|o_lu_follow=0.847,"官方日成交結構(MI_INDEX/dailyQuotes)=1|發行股數(MI_QFIIS/dailyQuotes)=1|外資持股(MI_QFIIS,僅上市)=1|自營商(T86/上櫃三大法人)=1|當沖(TWTB4U/上櫃intraday)=0|季財報(MOPS t163sb04)=1|月營收(MOPS/openapi)=1|官方產業別(MOPS t05st03)=1|融資券(MI_MARGN)=1|借券(TWT93U)=1|法人(T86)=1",309,inf,250.0,official_prepanel,179.05,1.0,0.0,0.0,0,1,9.96,8.367,28.287,892.0,0,未扣成本·事後欄位以 m_ 標示·非投資建議,names.json,HO 第 1～3 折：面板起點限制，不作判定,鎖後描述，不參與判定（DEV-009；使用者 G1 第 5 項 2026-10-05）：落選挑戰者在 HOLDOUT 的描述記錄，鎖定判定不變，不得用於重新選模·未扣成本·事後欄位以 m_ 標示·非投資建議
HO,2,2023-10-25,2023-10-26,6492,生華科,TPEx,S,,fV300,S1@5,17,313,漏網,307,-3.122351,,atr14=0.507|n_lu_250=0.838|r20=0.730|c_ma120=0.344|vr20=0.846|days_since_lu=0.230|dt_ratio20=NaN|lend_to_v=0.136|rev_yoy=0.522|o_turn=0.327|o_log_mcap=0.196|o_lu_follow=0.949,"官方日成交結構(MI_INDEX/dailyQuotes)=1|發行股數(MI_QFIIS/dailyQuotes)=1|外資持股(MI_QFIIS,僅上市)=0|自營商(T86/上櫃三大法人)=1|當沖(TWTB4U/上櫃intraday)=1|季財報(MOPS t163sb04)=1|月營收(MOPS/openapi)=1|官方產業別(MOPS t05st03)=1|融資券(MI_MARGN)=1|借券(TWT93U)=1|法人(T86)=1",310,inf,250.0,official_prepanel,149.55,1.0,0.0,0.0,0,1,10.0,34.222,23.111,1931.0,0,未扣成本·事後欄位以 m_ 標示·非投資建議,names.json,HO 第 1～3 折：面板起點限制，不作判定,鎖後描述，不參與判定（DEV-009；使用者 G1 第 5 項 2026-10-05）：落選挑戰者在 HOLDOUT 的描述記錄，鎖定判定不變，不得用於重新選模·未扣成本·事後欄位以 m_ 標示·非投資建議
HO,2,2023-10-27,2023-10-30,3623,富晶通,TPEx,S,,fV300,S1@5,29,307,漏網,164,-3.3509,,atr14=0.798|n_lu_250=0.738|r20=0.565|c_ma120=0.895|vr20=0.912|days_since_lu=0.185|dt_ratio20=NaN|lend_to_v=0.221|rev_yoy=0.916|o_turn=0.784|o_log_mcap=0.000|o_lu_follow=0.075,"官方日成交結構(MI_INDEX/dailyQuotes)=1|發行股數(MI_QFIIS/dailyQuotes)=1|外資持股(MI_QFIIS,僅上市)=0|自營商(T86/上櫃三大法人)=1|當沖(TWTB4U/上櫃intraday)=1|季財報(MOPS t163sb04)=1|月營收(MOPS/openapi)=1|官方產業別(MOPS t05st03)=1|融資券(MI_MARGN)=1|借券(TWT93U)=1|法人(T86)=1",312,inf,250.0,official_prepanel,186.7,1.0,0.0,0.0,0,1,6.636,14.874,26.087,1068.0,0,未扣成本·事後欄位以 m_ 標示·非投資建議,names.json,HO 第 1～3 折：面板起點限制，不作判定,鎖後描述，不參與判定（DEV-009；使用者 G1 第 5 項 2026-10-05）：落選挑戰者在 HOLDOUT 的描述記錄，鎖定判定不變，不得用於重新選模·未扣成本·事後欄位以 m_ 標示·非投資建議
HO,2,2023-11-03,2023-11-06,2722,夏都,TWSE,S,,fV300,S1@5,86,316,漏網,785,-5.114069,,atr14=0.638|n_lu_250=0.937|r20=0.269|c_ma120=0.002|vr20=0.591|days_since_lu=0.442|dt_ratio20=0.801|lend_to_v=0.154|rev_yoy=0.132|o_turn=0.163|o_log_mcap=0.292|o_lu_follow=0.975,"官方日成交結構(MI_INDEX/dailyQuotes)=1|發行股數(MI_QFIIS/dailyQuotes)=1|外資持股(MI_QFIIS,僅上市)=1|自營商(T86/上櫃三大法人)=1|當沖(TWTB4U/上櫃intraday)=1|季財報(MOPS t163sb04)=1|月營收(MOPS/openapi)=1|官方產業別(MOPS t05st03)=1|融資券(MI_MARGN)=1|借券(TWT93U)=1|法人(T86)=1",317,inf,250.0,official_prepanel,168.4,1.0,0.0,0.0,0,1,6.602,21.212,39.827,1016.0,0,未扣成本·事後欄位以 m_ 標示·非投資建議,names.json,HO 第 1～3 折：面板起點限制，不作判定,鎖後描述，不參與判定（DEV-009；使用者 G1 第 5 項 2026-10-05）：落選挑戰者在 HOLDOUT 的描述記錄，鎖定判定不變，不得用於重新選模·未扣成本·事後欄位以 m_ 標示·非投資建議
HO,2,2023-11-03,2023-11-06,2739,寒舍,TWSE,S,,fV300,S1@5,37,316,漏網,407,-4.048291,,atr14=0.471|n_lu_250=0.970|r20=0.815|c_ma120=0.006|vr20=0.656|days_since_lu=0.270|dt_ratio20=NaN|lend_to_v=0.012|rev_yoy=0.775|o_turn=0.287|o_log_mcap=0.210|o_lu_follow=0.860,"官方日成交結構(MI_INDEX/dailyQuotes)=1|發行股數(MI_QFIIS/dailyQuotes)=1|外資持股(MI_QFIIS,僅上市)=1|自營商(T86/上櫃三大法人)=1|當沖(TWTB4U/上櫃intraday)=0|季財報(MOPS t163sb04)=1|月營收(MOPS/openapi)=1|官方產業別(MOPS t05st03)=1|融資券(MI_MARGN)=1|借券(TWT93U)=1|法人(T86)=1",317,inf,250.0,official_prepanel,217.8,2.0,0.0,0.0,0,1,6.042,24.784,57.583,1377.0,0,未扣成本·事後欄位以 m_ 標示·非投資建議,names.json,HO 第 1～3 折：面板起點限制，不作判定,鎖後描述，不參與判定（DEV-009；使用者 G1 第 5 項 2026-10-05）：落選挑戰者在 HOLDOUT 的描述記錄，鎖定判定不變，不得用於重新選模·未扣成本·事後欄位以 m_ 標示·非投資建議
HO,2,2023-11-09,2023-11-10,8940,新天地,TWSE,S,,fV300,S1@5,6,327,漏網,150,-2.117622,,atr14=0.683|n_lu_250=0.958|r20=0.919|c_ma120=0.369|vr20=0.887|days_since_lu=0.288|dt_ratio20=NaN|lend_to_v=0.012|rev_yoy=0.461|o_turn=0.563|o_log_mcap=0.057|o_lu_follow=0.462,"官方日成交結構(MI_INDEX/dailyQuotes)=1|發行股數(MI_QFIIS/dailyQuotes)=1|外資持股(MI_QFIIS,僅上市)=1|自營商(T86/上櫃三大法人)=1|當沖(TWTB4U/上櫃intraday)=0|季財報(MOPS t163sb04)=1|月營收(MOPS/openapi)=1|官方產業別(MOPS t05st03)=1|融資券(MI_MARGN)=1|借券(TWT93U)=1|法人(T86)=1",321,inf,250.0,official_prepanel,253.85,2.0,0.0,0.0,0,1,10.189,17.547,12.642,2253.0,0,未扣成本·事後欄位以 m_ 標示·非投資建議,names.json,HO 第 1～3 折：面板起點限制，不作判定,鎖後描述，不參與判定（DEV-009；使用者 G1 第 5 項 2026-10-05）：落選挑戰者在 HOLDOUT 的描述記錄，鎖定判定不變，不得用於重新選模·未扣成本·事後欄位以 m_ 標示·非投資建議
HO,2,2023-11-15,2023-11-16,2719,燦星旅,TPEx,S,,fV300,S1@5,21,328,漏網,348,-3.188986,,atr14=0.922|n_lu_250=1.000|r20=0.515|c_ma120=0.085|vr20=0.040|days_since_lu=0.074|dt_ratio20=NaN|lend_to_v=0.015|rev_yoy=0.993|o_turn=0.004|o_log_mcap=0.225|o_lu_follow=1.000,"官方日成交結構(MI_INDEX/dailyQuotes)=1|發行股數(MI_QFIIS/dailyQuotes)=1|外資持股(MI_QFIIS,僅上市)=0|自營商(T86/上櫃三大法人)=1|當沖(TWTB4U/上櫃intraday)=0|季財報(MOPS t163sb04)=1|月營收(MOPS/openapi)=1|官方產業別(MOPS t05st03)=1|融資券(MI_MARGN)=1|借券(TWT93U)=1|法人(T86)=1",325,inf,250.0,official_prepanel,126.9,1.0,0.0,0.0,0,1,7.55,5.855,0.154,425.0,0,未扣成本·事後欄位以 m_ 標示·非投資建議,names.json,HO 第 1～3 折：面板起點限制，不作判定,鎖後描述，不參與判定（DEV-009；使用者 G1 第 5 項 2026-10-05）：落選挑戰者在 HOLDOUT 的描述記錄，鎖定判定不變，不得用於重新選模·未扣成本·事後欄位以 m_ 標示·非投資建議
HO,2,2023-11-15,2023-11-16,5703,亞都,TPEx,S,,fV300,S1@5,8,328,漏網,208,-2.568389,,atr14=0.938|n_lu_250=0.991|r20=0.812|c_ma120=0.180|vr20=0.440|days_since_lu=0.049|dt_ratio20=NaN|lend_to_v=0.015|rev_yoy=0.915|o_turn=0.110|o_log_mcap=0.056|o_lu_follow=0.979,"官方日成交結構(MI_INDEX/dailyQuotes)=1|發行股數(MI_QFIIS/dailyQuotes)=1|外資持股(MI_QFIIS,僅上市)=0|自營商(T86/上櫃三大法人)=1|當沖(TWTB4U/上櫃intraday)=0|季財報(MOPS t163sb04)=1|月營收(MOPS/openapi)=1|官方產業別(MOPS t05st03)=1|融資券(MI_MARGN)=1|借券(TWT93U)=1|法人(T86)=1",325,inf,250.0,official_prepanel,127.65,1.0,0.0,0.0,0,1,7.831,11.446,0.402,636.0,0,未扣成本·事後欄位以 m_ 標示·非投資建議,names.json,HO 第 1～3 折：面板起點限制，不作判定,鎖後描述，不參與判定（DEV-009；使用者 G1 第 5 項 2026-10-05）：落選挑戰者在 HOLDOUT 的描述記錄，鎖定判定不變，不得用於重新選模·未扣成本·事後欄位以 m_ 標示·非投資建議
HO,2,2023-11-15,2023-11-16,8467,波力-KY,TWSE,S,,fV300,S1@5,60,328,漏網,105,-4.40673,,atr14=0.695|n_lu_250=0.783|r20=0.686|c_ma120=0.938|vr20=0.706|days_since_lu=0.210|dt_ratio20=0.594|lend_to_v=0.261|rev_yoy=0.841|o_turn=0.565|o_log_mcap=0.230|o_lu_follow=0.831,"官方日成交結構(MI_INDEX/dailyQuotes)=1|發行股數(MI_QFIIS/dailyQuotes)=1|外資持股(MI_QFIIS,僅上市)=1|自營商(T86/上櫃三大法人)=1|當沖(TWTB4U/上櫃intraday)=1|季財報(MOPS t163sb04)=1|月營收(MOPS/openapi)=1|官方產業別(MOPS t05st03)=1|融資券(MI_MARGN)=1|借券(TWT93U)=1|法人(T86)=1",325,inf,250.0,official_prepanel,240.55,2.0,0.0,0.0,0,1,4.101,45.636,65.089,577.0,0,未扣成本·事後欄位以 m_ 標示·非投資建議,names.json,HO 第 1～3 折：面板起點限制，不作判定,鎖後描述，不參與判定（DEV-009；使用者 G1 第 5 項 2026-10-05）：落選挑戰者在 HOLDOUT 的描述記錄，鎖定判定不變，不得用於重新選模·未扣成本·事後欄位以 m_ 標示·非投資建議
HO,2,2023-11-17,2023-11-20,5533,皇鼎,TWSE,S,,fV300,S1@5,133,320,漏網,1138,-5.593548,,atr14=0.051|n_lu_250=0.165|r20=0.345|c_ma120=0.629|vr20=0.918|days_since_lu=0.851|dt_ratio20=0.049|lend_to_v=0.575|rev_yoy=0.865|o_turn=0.263|o_log_mcap=0.306|o_lu_follow=0.661,"官方日成交結構(MI_INDEX/dailyQuotes)=1|發行股數(MI_QFIIS/dailyQuotes)=1|外資持股(MI_QFIIS,僅上市)=1|自營商(T86/上櫃三大法人)=1|當沖(TWTB4U/上櫃intraday)=1|季財報(MOPS t163sb04)=1|月營收(MOPS/openapi)=1|官方產業別(MOPS t05st03)=1|融資券(MI_MARGN)=1|借券(TWT93U)=1|法人(T86)=1",327,inf,250.0,official_prepanel,266.2,2.0,0.0,0.0,0,1,9.136,16.79,15.062,3804.0,0,未扣成本·事後欄位以 m_ 標示·非投資建議,names.json,HO 第 1～3 折：面板起點限制，不作判定,鎖後描述，不參與判定（DEV-009；使用者 G1 第 5 項 2026-10-05）：落選挑戰者在 HOLDOUT 的描述記錄，鎖定判定不變，不得用於重新選模·未扣成本·事後欄位以 m_ 標示·非投資建議
HO,2,2023-11-23,2023-11-24,3494,誠研,TWSE,S,,fP10|fV300,S1@5,8,306,漏網,965,-2.21645,,atr14=0.901|n_lu_250=0.785|r20=0.000|c_ma120=0.000|vr20=0.965|days_since_lu=0.570|dt_ratio20=NaN|lend_to_v=0.015|rev_yoy=0.762|o_turn=0.450|o_log_mcap=0.000|o_lu_follow=0.043,"官方日成交結構(MI_INDEX/dailyQuotes)=1|發行股數(MI_QFIIS/dailyQuotes)=1|外資持股(MI_QFIIS,僅上市)=1|自營商(T86/上櫃三大法人)=1|當沖(TWTB4U/上櫃intraday)=0|季財報(MOPS t163sb04)=1|月營收(MOPS/openapi)=1|官方產業別(MOPS t05st03)=1|融資券(MI_MARGN)=1|借券(TWT93U)=1|法人(T86)=1",331,inf,250.0,official_prepanel,164.35,1.0,0.0,0.0,0,1,12.302,38.294,29.762,372.0,0,未扣成本·事後欄位以 m_ 標示·非投資建議,names.json,HO 第 1～3 折：面板起點限制，不作判定,鎖後描述，不參與判定（DEV-009；使用者 G1 第 5 項 2026-10-05）：落選挑戰者在 HOLDOUT 的描述記錄，鎖定判定不變，不得用於重新選模·未扣成本·事後欄位以 m_ 標示·非投資建議
HO,2,2023-11-24,2023-11-27,1325,恆大,TWSE,S,,fV300,S1@5,66,314,漏網,557,-4.67287,,atr14=0.132|n_lu_250=0.549|r20=0.642|c_ma120=0.601|vr20=0.999|days_since_lu=0.639|dt_ratio20=0.321|lend_to_v=0.641|rev_yoy=0.317|o_turn=0.807|o_log_mcap=0.081|o_lu_follow=0.216,"官方日成交結構(MI_INDEX/dailyQuotes)=1|發行股數(MI_QFIIS/dailyQuotes)=1|外資持股(MI_QFIIS,僅上市)=1|自營商(T86/上櫃三大法人)=1|當沖(TWTB4U/上櫃intraday)=1|季財報(MOPS t163sb04)=1|月營收(MOPS/openapi)=1|官方產業別(MOPS t05st03)=1|融資券(MI_MARGN)=1|借券(TWT93U)=1|法人(T86)=1",332,inf,250.0,official_prepanel,160.5,1.0,0.0,0.0,1,0,0.0,45.981,41.869,1343.0,0,未扣成本·事後欄位以 m_ 標示·非投資建議,names.json,HO 第 1～3 折：面板起點限制，不作判定,鎖後描述，不參與判定（DEV-009；使用者 G1 第 5 項 2026-10-05）：落選挑戰者在 HOLDOUT 的描述記錄，鎖定判定不變，不得用於重新選模·未扣成本·事後欄位以 m_ 標示·非投資建議
HO,2,2023-11-24,2023-11-27,3373,熱映,TPEx,S,,fV300,S1@5,49,314,漏網,383,-4.324504,,atr14=0.214|n_lu_250=0.735|r20=0.730|c_ma120=0.593|vr20=0.389|days_since_lu=0.134|dt_ratio20=NaN|lend_to_v=0.353|rev_yoy=0.173|o_turn=0.287|o_log_mcap=0.006|o_lu_follow=0.068,"官方日成交結構(MI_INDEX/dailyQuotes)=1|發行股數(MI_QFIIS/dailyQuotes)=1|外資持股(MI_QFIIS,僅上市)=0|自營商(T86/上櫃三大法人)=1|當沖(TWTB4U/上櫃intraday)=1|季財報(MOPS t163sb04)=1|月營收(MOPS/openapi)=1|官方產業別(MOPS t05st03)=1|融資券(MI_MARGN)=1|借券(TWT93U)=1|法人(T86)=1",332,inf,250.0,official_prepanel,157.1,1.0,0.0,0.0,0,1,7.473,46.154,24.396,1798.0,0,未扣成本·事後欄位以 m_ 標示·非投資建議,names.json,HO 第 1～3 折：面板起點限制，不作判定,鎖後描述，不參與判定（DEV-009；使用者 G1 第 5 項 2026-10-05）：落選挑戰者在 HOLDOUT 的描述記錄，鎖定判定不變，不得用於重新選模·未扣成本·事後欄位以 m_ 標示·非投資建議
HO,2,2023-11-28,2023-11-29,8096,擎亞,TPEx,S,,fV300,S1@5,81,307,漏網,1720,-5.327263,,atr14=0.064|n_lu_250=0.171|r20=0.027|c_ma120=0.170|vr20=0.945|days_since_lu=0.851|dt_ratio20=NaN|lend_to_v=0.739|rev_yoy=0.379|o_turn=0.408|o_log_mcap=0.047|o_lu_follow=0.680,"官方日成交結構(MI_INDEX/dailyQuotes)=1|發行股數(MI_QFIIS/dailyQuotes)=1|外資持股(MI_QFIIS,僅上市)=0|自營商(T86/上櫃三大法人)=1|當沖(TWTB4U/上櫃intraday)=1|季財報(MOPS t163sb04)=1|月營收(MOPS/openapi)=1|官方產業別(MOPS t05st03)=1|融資券(MI_MARGN)=1|借券(TWT93U)=1|法人(T86)=1",334,inf,250.0,official_prepanel,190.4,1.0,0.0,0.0,0,1,8.796,17.593,37.963,3201.0,0,未扣成本·事後欄位以 m_ 標示·非投資建議,names.json,HO 第 1～3 折：面板起點限制，不作判定,鎖後描述，不參與判定（DEV-009；使用者 G1 第 5 項 2026-10-05）：落選挑戰者在 HOLDOUT 的描述記錄，鎖定判定不變，不得用於重新選模·未扣成本·事後欄位以 m_ 標示·非投資建議
HO,2,2023-11-29,2023-11-30,3687,歐買尬,TPEx,S,,fV300,S1@5,26,298,漏網,367,-3.984024,,atr14=0.454|n_lu_250=0.739|r20=0.696|c_ma120=0.379|vr20=0.955|days_since_lu=0.449|dt_ratio20=NaN|lend_to_v=0.521|rev_yoy=0.522|o_turn=0.827|o_log_mcap=0.133|o_lu_follow=0.869,"官方日成交結構(MI_INDEX/dailyQuotes)=1|發行股數(MI_QFIIS/dailyQuotes)=1|外資持股(MI_QFIIS,僅上市)=0|自營商(T86/上櫃三大法人)=1|當沖(TWTB4U/上櫃intraday)=1|季財報(MOPS t163sb04)=1|月營收(MOPS/openapi)=1|官方產業別(MOPS t05st03)=1|融資券(MI_MARGN)=1|借券(TWT93U)=1|法人(T86)=1",335,inf,250.0,official_prepanel,206.3,2.0,0.0,0.0,0,1,9.071,12.311,12.311,1862.0,0,未扣成本·事後欄位以 m_ 標示·非投資建議,names.json,HO 第 1～3 折：面板起點限制，不作判定,鎖後描述，不參與判定（DEV-009；使用者 G1 第 5 項 2026-10-05）：落選挑戰者在 HOLDOUT 的描述記錄，鎖定判定不變，不得用於重新選模·未扣成本·事後欄位以 m_ 標示·非投資建議
HO,2,2023-11-30,2023-12-01,5202,力新,TPEx,S,,fV300,S1@5,106,298,漏網,1570,-5.577195,,atr14=0.165|n_lu_250=0.171|r20=0.205|c_ma120=0.078|vr20=0.587|days_since_lu=0.853|dt_ratio20=NaN|lend_to_v=0.309|rev_yoy=0.516|o_turn=0.106|o_log_mcap=0.020|o_lu_follow=0.681,"官方日成交結構(MI_INDEX/dailyQuotes)=1|發行股數(MI_QFIIS/dailyQuotes)=1|外資持股(MI_QFIIS,僅上市)=0|自營商(T86/上櫃三大法人)=1|當沖(TWTB4U/上櫃intraday)=1|季財報(MOPS t163sb04)=1|月營收(MOPS/openapi)=1|官方產業別(MOPS t05st03)=1|融資券(MI_MARGN)=1|借券(TWT93U)=1|法人(T86)=1",336,inf,250.0,official_prepanel,115.45,1.0,0.0,0.0,0,1,9.894,15.548,16.961,1309.0,0,未扣成本·事後欄位以 m_ 標示·非投資建議,names.json,HO 第 1～3 折：面板起點限制，不作判定,鎖後描述，不參與判定（DEV-009；使用者 G1 第 5 項 2026-10-05）：落選挑戰者在 HOLDOUT 的描述記錄，鎖定判定不變，不得用於重新選模·未扣成本·事後欄位以 m_ 標示·非投資建議
HO,2,2023-12-07,2023-12-08,6668,中揚光,TWSE,S,,fV300,S1@5,37,305,漏網,470,-3.769099,,atr14=0.569|n_lu_250=0.413|r20=0.628|c_ma120=0.508|vr20=0.948|days_since_lu=0.501|dt_ratio20=0.333|lend_to_v=0.753|rev_yoy=0.418|o_turn=0.665|o_log_mcap=0.183|o_lu_follow=0.354,"官方日成交結構(MI_INDEX/dailyQuotes)=1|發行股數(MI_QFIIS/dailyQuotes)=1|外資持股(MI_QFIIS,僅上市)=1|自營商(T86/上櫃三大法人)=1|當沖(TWTB4U/上櫃intraday)=1|季財報(MOPS t163sb04)=1|月營收(MOPS/openapi)=1|官方產業別(MOPS t05st03)=1|融資券(MI_MARGN)=1|借券(TWT93U)=1|法人(T86)=1",341,inf,250.0,official_prepanel,292.2,2.0,0.0,0.0,0,1,1.512,16.512,1.163,4316.0,0,未扣成本·事後欄位以 m_ 標示·非投資建議,names.json,HO 第 1～3 折：面板起點限制，不作判定,鎖後描述，不參與判定（DEV-009；使用者 G1 第 5 項 2026-10-05）：落選挑戰者在 HOLDOUT 的描述記錄，鎖定判定不變，不得用於重新選模·未扣成本·事後欄位以 m_ 標示·非投資建議
HO,2,2023-12-14,2023-12-15,2038,海光,TWSE,S,,fV300,S1@5,265,300,漏網,1184,-6.851108,,atr14=0.142|n_lu_250=0.549|r20=0.260|c_ma120=0.250|vr20=0.463|days_since_lu=0.653|dt_ratio20=0.097|lend_to_v=0.966|rev_yoy=0.498|o_turn=0.041|o_log_mcap=0.202|o_lu_follow=0.221,"官方日成交結構(MI_INDEX/dailyQuotes)=1|發行股數(MI_QFIIS/dailyQuotes)=1|外資持股(MI_QFIIS,僅上市)=1|自營商(T86/上櫃三大法人)=1|當沖(TWTB4U/上櫃intraday)=1|季財報(MOPS t163sb04)=1|月營收(MOPS/openapi)=1|官方產業別(MOPS t05st03)=1|融資券(MI_MARGN)=1|借券(TWT93U)=1|法人(T86)=1",346,inf,250.0,official_prepanel,207.9,2.0,0.0,0.0,0,1,8.84,24.309,21.547,4694.0,0,未扣成本·事後欄位以 m_ 標示·非投資建議,names.json,HO 第 1～3 折：面板起點限制，不作判定,鎖後描述，不參與判定（DEV-009；使用者 G1 第 5 項 2026-10-05）：落選挑戰者在 HOLDOUT 的描述記錄，鎖定判定不變，不得用於重新選模·未扣成本·事後欄位以 m_ 標示·非投資建議
HO,3,2024-01-17,2024-01-18,3447,展達,TWSE,S,,fV300,S1@5,47,331,漏網,1273,-3.955037,,atr14=0.434|n_lu_250=0.796|r20=0.014|c_ma120=0.001|vr20=0.856|days_since_lu=0.523|dt_ratio20=0.066|lend_to_v=0.597|rev_yoy=0.017|o_turn=0.216|o_log_mcap=0.113|o_lu_follow=0.489,"官方日成交結構(MI_INDEX/dailyQuotes)=1|發行股數(MI_QFIIS/dailyQuotes)=1|外資持股(MI_QFIIS,僅上市)=1|自營商(T86/上櫃三大法人)=1|當沖(TWTB4U/上櫃intraday)=1|季財報(MOPS t163sb04)=1|月營收(MOPS/openapi)=1|官方產業別(MOPS t05st03)=1|融資券(MI_MARGN)=1|借券(TWT93U)=1|法人(T86)=1",263,263.0,250.0,official,115.8,1.0,0.0,0.0,0,1,10.0,18.125,16.562,252.0,0,未扣成本·事後欄位以 m_ 標示·非投資建議,names.json,HO 第 1～3 折：面板起點限制，不作判定,鎖後描述，不參與判定（DEV-009；使用者 G1 第 5 項 2026-10-05）：落選挑戰者在 HOLDOUT 的描述記錄，鎖定判定不變，不得用於重新選模·未扣成本·事後欄位以 m_ 標示·非投資建議
HO,3,2024-01-17,2024-01-18,3520,華盈,TPEx,S,,fV300,S1@5,172,331,漏網,1371,-5.46971,,atr14=0.329|n_lu_250=0.171|r20=0.418|c_ma120=0.233|vr20=0.609|days_since_lu=0.689|dt_ratio20=NaN|lend_to_v=0.928|rev_yoy=0.059|o_turn=0.103|o_log_mcap=0.015|o_lu_follow=0.667,"官方日成交結構(MI_INDEX/dailyQuotes)=1|發行股數(MI_QFIIS/dailyQuotes)=1|外資持股(MI_QFIIS,僅上市)=0|自營商(T86/上櫃三大法人)=1|當沖(TWTB4U/上櫃intraday)=1|季財報(MOPS t163sb04)=1|月營收(MOPS/openapi)=1|官方產業別(MOPS t05st03)=1|融資券(MI_MARGN)=1|借券(TWT93U)=1|法人(T86)=1",369,inf,250.0,official_prepanel,101.2,1.0,0.0,0.0,0,1,7.362,27.607,22.393,3193.0,0,未扣成本·事後欄位以 m_ 標示·非投資建議,names.json,HO 第 1～3 折：面板起點限制，不作判定,鎖後描述，不參與判定（DEV-009；使用者 G1 第 5 項 2026-10-05）：落選挑戰者在 HOLDOUT 的描述記錄，鎖定判定不變，不得用於重新選模·未扣成本·事後欄位以 m_ 標示·非投資建議
HO,3,2024-01-18,2024-01-19,6218,豪勉,TPEx,S,,fV300,S1@5,77,330,漏網,681,-4.621231,,atr14=0.671|n_lu_250=0.872|r20=0.465|c_ma120=0.034|vr20=0.362|days_since_lu=0.016|dt_ratio20=NaN|lend_to_v=0.691|rev_yoy=0.014|o_turn=0.228|o_log_mcap=0.033|o_lu_follow=0.457,"官方日成交結構(MI_INDEX/dailyQuotes)=1|發行股數(MI_QFIIS/dailyQuotes)=1|外資持股(MI_QFIIS,僅上市)=0|自營商(T86/上櫃三大法人)=1|當沖(TWTB4U/上櫃intraday)=1|季財報(MOPS t163sb04)=1|月營收(MOPS/openapi)=1|官方產業別(MOPS t05st03)=1|融資券(MI_MARGN)=1|借券(TWT93U)=1|法人(T86)=1",370,inf,250.0,official_prepanel,202.2,2.0,0.0,0.0,0,1,8.85,12.389,9.735,2703.0,0,未扣成本·事後欄位以 m_ 標示·非投資建議,names.json,HO 第 1～3 折：面板起點限制，不作判定,鎖後描述，不參與判定（DEV-009；使用者 G1 第 5 項 2026-10-05）：落選挑戰者在 HOLDOUT 的描述記錄，鎖定判定不變，不得用於重新選模·未扣成本·事後欄位以 m_ 標示·非投資建議
HO,3,2024-01-22,2024-01-23,4729,熒茂,TPEx,S,,fV300,S1@5,24,331,漏網,293,-2.902017,,atr14=0.749|n_lu_250=0.569|r20=0.760|c_ma120=0.457|vr20=0.999|days_since_lu=0.003|dt_ratio20=NaN|lend_to_v=0.119|rev_yoy=0.136|o_turn=0.854|o_log_mcap=0.015|o_lu_follow=0.208,"官方日成交結構(MI_INDEX/dailyQuotes)=1|發行股數(MI_QFIIS/dailyQuotes)=1|外資持股(MI_QFIIS,僅上市)=0|自營商(T86/上櫃三大法人)=1|當沖(TWTB4U/上櫃intraday)=1|季財報(MOPS t163sb04)=1|月營收(MOPS/openapi)=1|官方產業別(MOPS t05st03)=1|融資券(MI_MARGN)=1|借券(TWT93U)=1|法人(T86)=1",372,inf,250.0,official_prepanel,216.75,2.0,0.0,0.0,0,1,8.951,24.074,12.654,1598.0,0,未扣成本·事後欄位以 m_ 標示·非投資建議,names.json,HO 第 1～3 折：面板起點限制，不作判定,鎖後描述，不參與判定（DEV-009；使用者 G1 第 5 項 2026-10-05）：落選挑戰者在 HOLDOUT 的描述記錄，鎖定判定不變，不得用於重新選模·未扣成本·事後欄位以 m_ 標示·非投資建議
HO,3,2024-01-23,2024-01-24,3535,晶彩科,TWSE,S,,fV300,S1@5,24,323,漏網,797,-2.888031,,atr14=0.130|n_lu_250=0.423|r20=0.632|c_ma120=0.376|vr20=0.984|days_since_lu=0.335|dt_ratio20=0.107|lend_to_v=0.929|rev_yoy=0.009|o_turn=0.654|o_log_mcap=0.034|o_lu_follow=0.357,"官方日成交結構(MI_INDEX/dailyQuotes)=1|發行股數(MI_QFIIS/dailyQuotes)=1|外資持股(MI_QFIIS,僅上市)=1|自營商(T86/上櫃三大法人)=1|當沖(TWTB4U/上櫃intraday)=1|季財報(MOPS t163sb04)=1|月營收(MOPS/openapi)=1|官方產業別(MOPS t05st03)=1|融資券(MI_MARGN)=1|借券(TWT93U)=1|法人(T86)=1",373,inf,250.0,official_prepanel,131.95,1.0,0.0,0.0,0,1,9.259,23.81,25.397,3736.0,0,未扣成本·事後欄位以 m_ 標示·非投資建議,names.json,HO 第 1～3 折：面板起點限制，不作判定,鎖後描述，不參與判定（DEV-009；使用者 G1 第 5 項 2026-10-05）：落選挑戰者在 HOLDOUT 的描述記錄，鎖定判定不變，不得用於重新選模·未扣成本·事後欄位以 m_ 標示·非投資建議
HO,3,2024-01-23,2024-01-24,6229,研通,TPEx,S,,fV300,S1@5,45,323,漏網,599,-3.75889,,atr14=0.637|n_lu_250=0.171|r20=0.574|c_ma120=0.541|vr20=0.462|days_since_lu=0.696|dt_ratio20=NaN|lend_to_v=0.438|rev_yoy=0.802|o_turn=0.330|o_log_mcap=0.006|o_lu_follow=0.671,"官方日成交結構(MI_INDEX/dailyQuotes)=1|發行股數(MI_QFIIS/dailyQuotes)=1|外資持股(MI_QFIIS,僅上市)=0|自營商(T86/上櫃三大法人)=1|當沖(TWTB4U/上櫃intraday)=1|季財報(MOPS t163sb04)=1|月營收(MOPS/openapi)=1|官方產業別(MOPS t05st03)=1|融資券(MI_MARGN)=1|借券(TWT93U)=1|法人(T86)=1",373,inf,250.0,official_prepanel,136.1,1.0,0.0,0.0,0,1,8.596,31.579,38.596,2253.0,0,未扣成本·事後欄位以 m_ 標示·非投資建議,names.json,HO 第 1～3 折：面板起點限制，不作判定,鎖後描述，不參與判定（DEV-009；使用者 G1 第 5 項 2026-10-05）：落選挑戰者在 HOLDOUT 的描述記錄，鎖定判定不變，不得用於重新選模·未扣成本·事後欄位以 m_ 標示·非投資建議
HO,3,2024-01-25,2024-01-26,3230,錦明,TPEx,S,,fP10|fV300,S1@5,56,325,漏網,1178,-4.026824,,atr14=0.348|n_lu_250=0.561|r20=0.353|c_ma120=0.068|vr20=0.583|days_since_lu=0.261|dt_ratio20=NaN|lend_to_v=0.063|rev_yoy=0.214|o_turn=0.215|o_log_mcap=0.000|o_lu_follow=0.964,"官方日成交結構(MI_INDEX/dailyQuotes)=1|發行股數(MI_QFIIS/dailyQuotes)=1|外資持股(MI_QFIIS,僅上市)=0|自營商(T86/上櫃三大法人)=1|當沖(TWTB4U/上櫃intraday)=0|季財報(MOPS t163sb04)=1|月營收(MOPS/openapi)=1|官方產業別(MOPS t05st03)=1|融資券(MI_MARGN)=1|借券(TWT93U)=1|法人(T86)=1",375,inf,250.0,official_prepanel,139.0,1.0,0.0,0.0,0,1,3.413,18.407,26.163,545.0,0,未扣成本·事後欄位以 m_ 標示·非投資建議,names.json,HO 第 1～3 折：面板起點限制，不作判定,鎖後描述，不參與判定（DEV-009；使用者 G1 第 5 項 2026-10-05）：落選挑戰者在 HOLDOUT 的描述記錄，鎖定判定不變，不得用於重新選模·未扣成本·事後欄位以 m_ 標示·非投資建議
HO,3,2024-01-25,2024-01-26,3294,英濟,TPEx,S,,fV300,S1@5,19,325,漏網,757,-3.053227,,atr14=0.162|n_lu_250=0.171|r20=0.797|c_ma120=0.533|vr20=0.988|days_since_lu=0.864|dt_ratio20=NaN|lend_to_v=0.578|rev_yoy=0.374|o_turn=0.791|o_log_mcap=0.110|o_lu_follow=0.669,"官方日成交結構(MI_INDEX/dailyQuotes)=1|發行股數(MI_QFIIS/dailyQuotes)=1|外資持股(MI_QFIIS,僅上市)=0|自營商(T86/上櫃三大法人)=1|當沖(TWTB4U/上櫃intraday)=1|季財報(MOPS t163sb04)=1|月營收(MOPS/openapi)=1|官方產業別(MOPS t05st03)=1|融資券(MI_MARGN)=1|借券(TWT93U)=1|法人(T86)=1",375,inf,250.0,official_prepanel,289.5,2.0,0.0,0.0,0,1,9.296,59.296,128.643,5069.0,0,未扣成本·事後欄位以 m_ 標示·非投資建議,names.json,HO 第 1～3 折：面板起點限制，不作判定,鎖後描述，不參與判定（DEV-009；使用者 G1 第 5 項 2026-10-05）：落選挑戰者在 HOLDOUT 的描述記錄，鎖定判定不變，不得用於重新選模·未扣成本·事後欄位以 m_ 標示·非投資建議
HO,3,2024-01-29,2024-01-30,6716,應廣,TPEx,S,,fV300,S1@5,33,318,漏網,360,-3.669665,,atr14=0.919|n_lu_250=0.932|r20=0.027|c_ma120=0.706|vr20=0.155|days_since_lu=0.251|dt_ratio20=NaN|lend_to_v=0.052|rev_yoy=0.960|o_turn=0.236|o_log_mcap=0.184|o_lu_follow=0.991,"官方日成交結構(MI_INDEX/dailyQuotes)=1|發行股數(MI_QFIIS/dailyQuotes)=1|外資持股(MI_QFIIS,僅上市)=0|自營商(T86/上櫃三大法人)=1|當沖(TWTB4U/上櫃intraday)=1|季財報(MOPS t163sb04)=1|月營收(MOPS/openapi)=1|官方產業別(MOPS t05st03)=1|融資券(MI_MARGN)=0|借券(TWT93U)=1|法人(T86)=1",377,inf,250.0,official_prepanel,144.35,1.0,0.0,0.0,0,1,7.328,12.5,19.397,374.0,0,未扣成本·事後欄位以 m_ 標示·非投資建議,names.json,HO 第 1～3 折：面板起點限制，不作判定,鎖後描述，不參與判定（DEV-009；使用者 G1 第 5 項 2026-10-05）：落選挑戰者在 HOLDOUT 的描述記錄，鎖定判定不變，不得用於重新選模·未扣成本·事後欄位以 m_ 標示·非投資建議
HO,3,2024-01-30,2024-01-31,3268,海德威,TPEx,S,,fV300,S1@5,75,321,漏網,645,-4.39644,,atr14=0.546|n_lu_250=0.751|r20=0.051|c_ma120=0.542|vr20=0.460|days_since_lu=0.193|dt_ratio20=NaN|lend_to_v=0.315|rev_yoy=0.266|o_turn=0.397|o_log_mcap=0.008|o_lu_follow=0.062,"官方日成交結構(MI_INDEX/dailyQuotes)=1|發行股數(MI_QFIIS/dailyQuotes)=1|外資持股(MI_QFIIS,僅上市)=0|自營商(T86/上櫃三大法人)=1|當沖(TWTB4U/上櫃intraday)=1|季財報(MOPS t163sb04)=1|月營收(MOPS/openapi)=1|官方產業別(MOPS t05st03)=1|融資券(MI_MARGN)=1|借券(TWT93U)=1|法人(T86)=1",378,inf,250.0,official_prepanel,157.0,1.0,0.0,0.0,0,1,9.843,35.039,34.252,988.0,0,未扣成本·事後欄位以 m_ 標示·非投資建議,names.json,HO 第 1～3 折：面板起點限制，不作判定,鎖後描述，不參與判定（DEV-009；使用者 G1 第 5 項 2026-10-05）：落選挑戰者在 HOLDOUT 的描述記錄，鎖定判定不變，不得用於重新選模·未扣成本·事後欄位以 m_ 標示·非投資建議
HO,3,2024-02-02,2024-02-05,3288,點晶,TPEx,S,,fV300|fH125,S1@5,8,331,漏網,324,-2.489869,,atr14=0.979|n_lu_250=0.927|r20=0.002|c_ma120=0.886|vr20=0.348|days_since_lu=0.066|dt_ratio20=NaN|lend_to_v=0.014|rev_yoy=0.048|o_turn=0.587|o_log_mcap=0.000|o_lu_follow=0.973,"官方日成交結構(MI_INDEX/dailyQuotes)=1|發行股數(MI_QFIIS/dailyQuotes)=1|外資持股(MI_QFIIS,僅上市)=0|自營商(T86/上櫃三大法人)=1|當沖(TWTB4U/上櫃intraday)=0|季財報(MOPS t163sb04)=1|月營收(MOPS/openapi)=1|官方產業別(MOPS t05st03)=1|融資券(MI_MARGN)=1|借券(TWT93U)=1|法人(T86)=1",381,inf,250.0,official_prepanel,139.9,1.0,0.0,0.0,0,1,9.453,12.106,15.755,275.0,0,未扣成本·事後欄位以 m_ 標示·非投資建議,names.json,HO 第 1～3 折：面板起點限制，不作判定,鎖後描述，不參與判定（DEV-009；使用者 G1 第 5 項 2026-10-05）：落選挑戰者在 HOLDOUT 的描述記錄，鎖定判定不變，不得用於重新選模·未扣成本·事後欄位以 m_ 標示·非投資建議
HO,3,2024-02-05,2024-02-15,1781,合世,TPEx,S,,fV300,S1@5,19,331,漏網,562,-3.076883,,atr14=0.693|n_lu_250=0.897|r20=0.043|c_ma120=0.502|vr20=0.710|days_since_lu=0.161|dt_ratio20=NaN|lend_to_v=0.014|rev_yoy=0.065|o_turn=0.377|o_log_mcap=0.001|o_lu_follow=0.949,"官方日成交結構(MI_INDEX/dailyQuotes)=1|發行股數(MI_QFIIS/dailyQuotes)=1|外資持股(MI_QFIIS,僅上市)=0|自營商(T86/上櫃三大法人)=1|當沖(TWTB4U/上櫃intraday)=0|季財報(MOPS t163sb04)=1|月營收(MOPS/openapi)=1|官方產業別(MOPS t05st03)=1|融資券(MI_MARGN)=1|借券(TWT93U)=1|法人(T86)=1",382,inf,250.0,official_prepanel,144.05,1.0,0.0,0.0,1,0,0.0,10.494,4.321,359.0,0,未扣成本·事後欄位以 m_ 標示·非投資建議,names.json,HO 第 1～3 折：面板起點限制，不作判定,鎖後描述，不參與判定（DEV-009；使用者 G1 第 5 項 2026-10-05）：落選挑戰者在 HOLDOUT 的描述記錄，鎖定判定不變，不得用於重新選模·未扣成本·事後欄位以 m_ 標示·非投資建議
HO,3,2024-02-05,2024-02-15,6640,均華,TPEx,S,,fV300,S1@5,20,331,漏網,78,-3.170758,,atr14=0.888|n_lu_250=0.787|r20=0.927|c_ma120=0.961|vr20=0.416|days_since_lu=0.031|dt_ratio20=NaN|lend_to_v=NaN|rev_yoy=0.965|o_turn=0.369|o_log_mcap=0.279|o_lu_follow=0.952,"官方日成交結構(MI_INDEX/dailyQuotes)=1|發行股數(MI_QFIIS/dailyQuotes)=1|外資持股(MI_QFIIS,僅上市)=0|自營商(T86/上櫃三大法人)=1|當沖(TWTB4U/上櫃intraday)=0|季財報(MOPS t163sb04)=1|月營收(MOPS/openapi)=1|官方產業別(MOPS t05st03)=1|融資券(MI_MARGN)=0|借券(TWT93U)=0|法人(T86)=1",382,inf,250.0,official_prepanel,132.3,1.0,0.0,0.0,0,1,0.761,18.782,53.046,188.0,0,未扣成本·事後欄位以 m_ 標示·非投資建議,names.json,HO 第 1～3 折：面板起點限制，不作判定,鎖後描述，不參與判定（DEV-009；使用者 G1 第 5 項 2026-10-05）：落選挑戰者在 HOLDOUT 的描述記錄，鎖定判定不變，不得用於重新選模·未扣成本·事後欄位以 m_ 標示·非投資建議
HO,3,2024-02-16,2024-02-19,8477,創業家,TPEx,S,,fV300,S1@5,29,333,漏網,392,-3.450793,,atr14=0.904|n_lu_250=0.866|r20=0.202|c_ma120=0.575|vr20=0.184|days_since_lu=0.118|dt_ratio20=NaN|lend_to_v=0.015|rev_yoy=0.156|o_turn=0.407|o_log_mcap=0.002|o_lu_follow=0.979,"官方日成交結構(MI_INDEX/dailyQuotes)=1|發行股數(MI_QFIIS/dailyQuotes)=1|外資持股(MI_QFIIS,僅上市)=0|自營商(T86/上櫃三大法人)=1|當沖(TWTB4U/上櫃intraday)=0|季財報(MOPS t163sb04)=1|月營收(MOPS/openapi)=1|官方產業別(MOPS t05st03)=1|融資券(MI_MARGN)=1|借券(TWT93U)=1|法人(T86)=1",384,inf,250.0,official_prepanel,263.95,2.0,0.0,0.0,0,1,8.493,9.315,5.205,618.0,0,未扣成本·事後欄位以 m_ 標示·非投資建議,names.json,HO 第 1～3 折：面板起點限制，不作判定,鎖後描述，不參與判定（DEV-009；使用者 G1 第 5 項 2026-10-05）：落選挑戰者在 HOLDOUT 的描述記錄，鎖定判定不變，不得用於重新選模·未扣成本·事後欄位以 m_ 標示·非投資建議
HO,3,2024-02-29,2024-03-01,6591,動力-KY,TWSE,S,,fV300,S1@5,32,303,漏網,725,-3.745517,,atr14=0.275|n_lu_250=0.571|r20=0.563|c_ma120=0.311|vr20=0.908|days_since_lu=0.497|dt_ratio20=0.072|lend_to_v=0.602|rev_yoy=0.862|o_turn=0.698|o_log_mcap=0.064|o_lu_follow=0.965,"官方日成交結構(MI_INDEX/dailyQuotes)=1|發行股數(MI_QFIIS/dailyQuotes)=1|外資持股(MI_QFIIS,僅上市)=1|自營商(T86/上櫃三大法人)=1|當沖(TWTB4U/上櫃intraday)=1|季財報(MOPS t163sb04)=1|月營收(MOPS/openapi)=1|官方產業別(MOPS t05st03)=1|融資券(MI_MARGN)=1|借券(TWT93U)=1|法人(T86)=1",392,inf,250.0,official_prepanel,169.4,1.0,0.0,0.0,0,1,8.621,31.609,14.368,3263.0,0,未扣成本·事後欄位以 m_ 標示·非投資建議,names.json,HO 第 1～3 折：面板起點限制，不作判定,鎖後描述，不參與判定（DEV-009；使用者 G1 第 5 項 2026-10-05）：落選挑戰者在 HOLDOUT 的描述記錄，鎖定判定不變，不得用於重新選模·未扣成本·事後欄位以 m_ 標示·非投資建議
HO,3,2024-02-29,2024-03-01,8401,白紗科,TPEx,S,,fV300,S1@5,140,303,漏網,1306,-5.312583,,atr14=0.046|n_lu_250=0.175|r20=0.443|c_ma120=0.326|vr20=0.152|days_since_lu=0.685|dt_ratio20=NaN|lend_to_v=0.712|rev_yoy=0.852|o_turn=0.022|o_log_mcap=0.027|o_lu_follow=0.672,"官方日成交結構(MI_INDEX/dailyQuotes)=1|發行股數(MI_QFIIS/dailyQuotes)=1|外資持股(MI_QFIIS,僅上市)=0|自營商(T86/上櫃三大法人)=1|當沖(TWTB4U/上櫃intraday)=1|季財報(MOPS t163sb04)=1|月營收(MOPS/openapi)=1|官方產業別(MOPS t05st03)=1|融資券(MI_MARGN)=1|借券(TWT93U)=1|法人(T86)=1",392,inf,250.0,official_prepanel,106.2,1.0,0.0,0.0,0,1,2.857,10.989,9.011,4545.0,0,未扣成本·事後欄位以 m_ 標示·非投資建議,names.json,HO 第 1～3 折：面板起點限制，不作判定,鎖後描述，不參與判定（DEV-009；使用者 G1 第 5 項 2026-10-05）：落選挑戰者在 HOLDOUT 的描述記錄，鎖定判定不變，不得用於重新選模·未扣成本·事後欄位以 m_ 標示·非投資建議
HO,3,2024-03-05,2024-03-06,3171,炎洲流通,TPEx,S,,fV300,S1@5,36,308,漏網,534,-3.538435,,atr14=0.425|n_lu_250=0.176|r20=0.765|c_ma120=0.820|vr20=0.767|days_since_lu=0.867|dt_ratio20=NaN|lend_to_v=0.306|rev_yoy=0.475|o_turn=0.309|o_log_mcap=0.052|o_lu_follow=0.677,"官方日成交結構(MI_INDEX/dailyQuotes)=1|發行股數(MI_QFIIS/dailyQuotes)=1|外資持股(MI_QFIIS,僅上市)=0|自營商(T86/上櫃三大法人)=1|當沖(TWTB4U/上櫃intraday)=1|季財報(MOPS t163sb04)=1|月營收(MOPS/openapi)=1|官方產業別(MOPS t05st03)=1|融資券(MI_MARGN)=1|借券(TWT93U)=1|法人(T86)=1",395,inf,250.0,official_prepanel,197.0,1.0,0.0,0.0,1,0,0.0,21.989,10.134,746.0,0,未扣成本·事後欄位以 m_ 標示·非投資建議,names.json,HO 第 1～3 折：面板起點限制，不作判定,鎖後描述，不參與判定（DEV-009；使用者 G1 第 5 項 2026-10-05）：落選挑戰者在 HOLDOUT 的描述記錄，鎖定判定不變，不得用於重新選模·未扣成本·事後欄位以 m_ 標示·非投資建議
HO,3,2024-03-06,2024-03-07,3086,華義*,TPEx,S,,fV300,S1@5,74,307,漏網,481,-4.546288,,atr14=0.741|n_lu_250=0.992|r20=0.000|c_ma120=0.704|vr20=0.017|days_since_lu=0.204|dt_ratio20=NaN|lend_to_v=0.075|rev_yoy=0.870|o_turn=0.233|o_log_mcap=0.133|o_lu_follow=0.989,"官方日成交結構(MI_INDEX/dailyQuotes)=1|發行股數(MI_QFIIS/dailyQuotes)=1|外資持股(MI_QFIIS,僅上市)=0|自營商(T86/上櫃三大法人)=1|當沖(TWTB4U/上櫃intraday)=1|季財報(MOPS t163sb04)=1|月營收(MOPS/openapi)=1|官方產業別(MOPS t05st03)=1|融資券(MI_MARGN)=1|借券(TWT93U)=1|法人(T86)=1",396,inf,250.0,official_prepanel,272.0,2.0,0.0,0.0,0,1,8.658,12.554,11.255,1263.0,0,未扣成本·事後欄位以 m_ 標示·非投資建議,names.json,HO 第 1～3 折：面板起點限制，不作判定,鎖後描述，不參與判定（DEV-009；使用者 G1 第 5 項 2026-10-05）：落選挑戰者在 HOLDOUT 的描述記錄，鎖定判定不變，不得用於重新選模·未扣成本·事後欄位以 m_ 標示·非投資建議
HO,3,2024-03-06,2024-03-07,9902,台火,TWSE,S,,fV300,S1@5,219,307,漏網,1233,-6.028897,,atr14=0.008|n_lu_250=0.432|r20=0.258|c_ma120=0.390|vr20=0.238|days_since_lu=0.608|dt_ratio20=0.012|lend_to_v=0.769|rev_yoy=0.004|o_turn=0.023|o_log_mcap=0.027|o_lu_follow=0.346,"官方日成交結構(MI_INDEX/dailyQuotes)=1|發行股數(MI_QFIIS/dailyQuotes)=1|外資持股(MI_QFIIS,僅上市)=1|自營商(T86/上櫃三大法人)=1|當沖(TWTB4U/上櫃intraday)=1|季財報(MOPS t163sb04)=1|月營收(MOPS/openapi)=1|官方產業別(MOPS t05st03)=1|融資券(MI_MARGN)=1|借券(TWT93U)=1|法人(T86)=1",396,inf,250.0,official_prepanel,102.9,1.0,0.0,0.0,0,1,2.158,28.417,13.669,5286.0,0,未扣成本·事後欄位以 m_ 標示·非投資建議,names.json,HO 第 1～3 折：面板起點限制，不作判定,鎖後描述，不參與判定（DEV-009；使用者 G1 第 5 項 2026-10-05）：落選挑戰者在 HOLDOUT 的描述記錄，鎖定判定不變，不得用於重新選模·未扣成本·事後欄位以 m_ 標示·非投資建議
HO,3,2024-03-07,2024-03-08,6616,特昇-KY,TPEx,S,,fV300,S1@5,12,294,漏網,605,-2.692834,,atr14=0.552|n_lu_250=0.569|r20=0.439|c_ma120=0.464|vr20=0.963|days_since_lu=0.509|dt_ratio20=NaN|lend_to_v=0.296|rev_yoy=0.832|o_turn=0.716|o_log_mcap=0.000|o_lu_follow=0.189,"官方日成交結構(MI_INDEX/dailyQuotes)=1|發行股數(MI_QFIIS/dailyQuotes)=1|外資持股(MI_QFIIS,僅上市)=0|自營商(T86/上櫃三大法人)=1|當沖(TWTB4U/上櫃intraday)=1|季財報(MOPS t163sb04)=1|月營收(MOPS/openapi)=1|官方產業別(MOPS t05st03)=1|融資券(MI_MARGN)=1|借券(TWT93U)=1|法人(T86)=1",397,inf,250.0,official_prepanel,173.6,1.0,0.0,0.0,0,1,9.31,8.276,-3.103,2242.0,0,未扣成本·事後欄位以 m_ 標示·非投資建議,names.json,HO 第 1～3 折：面板起點限制，不作判定,鎖後描述，不參與判定（DEV-009；使用者 G1 第 5 項 2026-10-05）：落選挑戰者在 HOLDOUT 的描述記錄，鎖定判定不變，不得用於重新選模·未扣成本·事後欄位以 m_ 標示·非投資建議
HO,3,2024-03-08,2024-03-11,6230,尼得科超眾,TWSE,S,,fV300,S1@5,220,292,漏網,429,-5.802054,,atr14=0.647|n_lu_250=0.821|r20=0.518|c_ma120=0.399|vr20=0.358|days_since_lu=0.202|dt_ratio20=0.720|lend_to_v=0.565|rev_yoy=0.051|o_turn=0.099|o_log_mcap=0.571|o_lu_follow=0.457,"官方日成交結構(MI_INDEX/dailyQuotes)=1|發行股數(MI_QFIIS/dailyQuotes)=1|外資持股(MI_QFIIS,僅上市)=1|自營商(T86/上櫃三大法人)=1|當沖(TWTB4U/上櫃intraday)=1|季財報(MOPS t163sb04)=1|月營收(MOPS/openapi)=1|官方產業別(MOPS t05st03)=1|融資券(MI_MARGN)=1|借券(TWT93U)=1|法人(T86)=1",398,inf,250.0,official_prepanel,204.4,2.0,0.0,0.0,0,1,9.058,50.725,41.304,574.0,0,未扣成本·事後欄位以 m_ 標示·非投資建議,names.json,HO 第 1～3 折：面板起點限制，不作判定,鎖後描述，不參與判定（DEV-009；使用者 G1 第 5 項 2026-10-05）：落選挑戰者在 HOLDOUT 的描述記錄，鎖定判定不變，不得用於重新選模·未扣成本·事後欄位以 m_ 標示·非投資建議
HO,3,2024-03-15,2024-03-18,3498,陽程,TPEx,S,,fV300,S1@5,26,289,漏網,453,-3.464476,,atr14=0.514|n_lu_250=0.575|r20=0.714|c_ma120=0.475|vr20=0.841|days_since_lu=0.579|dt_ratio20=NaN|lend_to_v=0.720|rev_yoy=0.017|o_turn=0.402|o_log_mcap=0.095|o_lu_follow=0.183,"官方日成交結構(MI_INDEX/dailyQuotes)=1|發行股數(MI_QFIIS/dailyQuotes)=1|外資持股(MI_QFIIS,僅上市)=0|自營商(T86/上櫃三大法人)=1|當沖(TWTB4U/上櫃intraday)=1|季財報(MOPS t163sb04)=1|月營收(MOPS/openapi)=1|官方產業別(MOPS t05st03)=1|融資券(MI_MARGN)=1|借券(TWT93U)=1|法人(T86)=1",403,inf,250.0,official_prepanel,173.3,1.0,0.0,0.0,0,1,9.375,23.906,24.531,1320.0,0,未扣成本·事後欄位以 m_ 標示·非投資建議,names.json,HO 第 1～3 折：面板起點限制，不作判定,鎖後描述，不參與判定（DEV-009；使用者 G1 第 5 項 2026-10-05）：落選挑戰者在 HOLDOUT 的描述記錄，鎖定判定不變，不得用於重新選模·未扣成本·事後欄位以 m_ 標示·非投資建議
HO,3,2024-03-15,2024-03-18,3672,康聯訊,TPEx,S,,fV300,S1@5,15,289,漏網,1098,-3.133365,,atr14=0.649|n_lu_250=0.892|r20=0.013|c_ma120=0.001|vr20=0.699|days_since_lu=0.253|dt_ratio20=NaN|lend_to_v=0.139|rev_yoy=0.029|o_turn=0.531|o_log_mcap=0.002|o_lu_follow=0.252,"官方日成交結構(MI_INDEX/dailyQuotes)=1|發行股數(MI_QFIIS/dailyQuotes)=1|外資持股(MI_QFIIS,僅上市)=0|自營商(T86/上櫃三大法人)=1|當沖(TWTB4U/上櫃intraday)=1|季財報(MOPS t163sb04)=1|月營收(MOPS/openapi)=1|官方產業別(MOPS t05st03)=1|融資券(MI_MARGN)=1|借券(TWT93U)=1|法人(T86)=1",403,inf,250.0,official_prepanel,189.85,1.0,0.0,0.0,0,1,9.95,15.672,14.677,282.0,0,未扣成本·事後欄位以 m_ 標示·非投資建議,names.json,HO 第 1～3 折：面板起點限制，不作判定,鎖後描述，不參與判定（DEV-009；使用者 G1 第 5 項 2026-10-05）：落選挑戰者在 HOLDOUT 的描述記錄，鎖定判定不變，不得用於重新選模·未扣成本·事後欄位以 m_ 標示·非投資建議
HO,3,2024-03-15,2024-03-18,4127,天良,TPEx,S,,fV300,S1@5,43,289,漏網,550,-3.89948,,atr14=0.209|n_lu_250=0.432|r20=0.748|c_ma120=0.692|vr20=0.786|days_since_lu=0.624|dt_ratio20=NaN|lend_to_v=0.446|rev_yoy=0.462|o_turn=0.526|o_log_mcap=0.003|o_lu_follow=0.341,"官方日成交結構(MI_INDEX/dailyQuotes)=1|發行股數(MI_QFIIS/dailyQuotes)=1|外資持股(MI_QFIIS,僅上市)=0|自營商(T86/上櫃三大法人)=1|當沖(TWTB4U/上櫃intraday)=1|季財報(MOPS t163sb04)=1|月營收(MOPS/openapi)=1|官方產業別(MOPS t05st03)=1|融資券(MI_MARGN)=1|借券(TWT93U)=1|法人(T86)=1",403,inf,250.0,official_prepanel,208.0,2.0,0.0,0.0,1,0,0.0,43.314,71.512,793.0,0,未扣成本·事後欄位以 m_ 標示·非投資建議,names.json,HO 第 1～3 折：面板起點限制，不作判定,鎖後描述，不參與判定（DEV-009；使用者 G1 第 5 項 2026-10-05）：落選挑戰者在 HOLDOUT 的描述記錄，鎖定判定不變，不得用於重新選模·未扣成本·事後欄位以 m_ 標示·非投資建議
HO,3,2024-03-15,2024-03-18,5493,三聯,TPEx,S,,fV300,S1@5,18,289,漏網,356,-3.215337,,atr14=0.701|n_lu_250=0.175|r20=0.868|c_ma120=0.861|vr20=0.744|days_since_lu=0.872|dt_ratio20=NaN|lend_to_v=0.173|rev_yoy=0.829|o_turn=0.530|o_log_mcap=0.158|o_lu_follow=0.661,"官方日成交結構(MI_INDEX/dailyQuotes)=1|發行股數(MI_QFIIS/dailyQuotes)=1|外資持股(MI_QFIIS,僅上市)=0|自營商(T86/上櫃三大法人)=1|當沖(TWTB4U/上櫃intraday)=1|季財報(MOPS t163sb04)=1|月營收(MOPS/openapi)=1|官方產業別(MOPS t05st03)=1|融資券(MI_MARGN)=1|借券(TWT93U)=1|法人(T86)=1",403,inf,250.0,official_prepanel,220.2,2.0,0.0,0.0,0,1,3.395,30.976,23.479,1046.0,0,未扣成本·事後欄位以 m_ 標示·非投資建議,names.json,HO 第 1～3 折：面板起點限制，不作判定,鎖後描述，不參與判定（DEV-009；使用者 G1 第 5 項 2026-10-05）：落選挑戰者在 HOLDOUT 的描述記錄，鎖定判定不變，不得用於重新選模·未扣成本·事後欄位以 m_ 標示·非投資建議
HO,3,2024-03-18,2024-03-19,3508,位速,TPEx,S,,fV300,S1@5,28,284,漏網,1446,-4.074708,,atr14=0.519|n_lu_250=0.438|r20=0.062|c_ma120=0.017|vr20=0.535|days_since_lu=0.411|dt_ratio20=NaN|lend_to_v=0.024|rev_yoy=0.220|o_turn=0.109|o_log_mcap=0.130|o_lu_follow=0.335,"官方日成交結構(MI_INDEX/dailyQuotes)=1|發行股數(MI_QFIIS/dailyQuotes)=1|外資持股(MI_QFIIS,僅上市)=0|自營商(T86/上櫃三大法人)=1|當沖(TWTB4U/上櫃intraday)=0|季財報(MOPS t163sb04)=1|月營收(MOPS/openapi)=1|官方產業別(MOPS t05st03)=1|融資券(MI_MARGN)=1|借券(TWT93U)=1|法人(T86)=1",404,inf,250.0,official_prepanel,230.35,2.0,0.0,0.0,0,1,10.56,17.026,16.379,596.0,0,未扣成本·事後欄位以 m_ 標示·非投資建議,names.json,HO 第 1～3 折：面板起點限制，不作判定,鎖後描述，不參與判定（DEV-009；使用者 G1 第 5 項 2026-10-05）：落選挑戰者在 HOLDOUT 的描述記錄，鎖定判定不變，不得用於重新選模·未扣成本·事後欄位以 m_ 標示·非投資建議
HO,3,2024-03-21,2024-03-22,6517,保勝光學,TPEx,S,,fV300,S1@5,191,286,漏網,1093,-5.820876,,atr14=0.392|n_lu_250=0.957|r20=0.064|c_ma120=0.092|vr20=0.560|days_since_lu=0.339|dt_ratio20=NaN|lend_to_v=0.497|rev_yoy=0.210|o_turn=0.532|o_log_mcap=0.112|o_lu_follow=0.976,"官方日成交結構(MI_INDEX/dailyQuotes)=1|發行股數(MI_QFIIS/dailyQuotes)=1|外資持股(MI_QFIIS,僅上市)=0|自營商(T86/上櫃三大法人)=1|當沖(TWTB4U/上櫃intraday)=1|季財報(MOPS t163sb04)=1|月營收(MOPS/openapi)=1|官方產業別(MOPS t05st03)=1|融資券(MI_MARGN)=1|借券(TWT93U)=1|法人(T86)=1",301,301.0,250.0,official,223.25,2.0,0.0,0.0,0,1,8.0,18.4,8.667,1464.0,0,未扣成本·事後欄位以 m_ 標示·非投資建議,names.json,HO 第 1～3 折：面板起點限制，不作判定,鎖後描述，不參與判定（DEV-009；使用者 G1 第 5 項 2026-10-05）：落選挑戰者在 HOLDOUT 的描述記錄，鎖定判定不變，不得用於重新選模·未扣成本·事後欄位以 m_ 標示·非投資建議
HO,3,2024-03-28,2024-03-29,3666,光耀,TPEx,S,,fV300,S1@5,32,283,漏網,933,-3.563155,,atr14=0.374|n_lu_250=0.782|r20=0.369|c_ma120=0.111|vr20=0.697|days_since_lu=0.483|dt_ratio20=NaN|lend_to_v=0.907|rev_yoy=0.336|o_turn=0.227|o_log_mcap=0.034|o_lu_follow=0.943,"官方日成交結構(MI_INDEX/dailyQuotes)=1|發行股數(MI_QFIIS/dailyQuotes)=1|外資持股(MI_QFIIS,僅上市)=0|自營商(T86/上櫃三大法人)=1|當沖(TWTB4U/上櫃intraday)=1|季財報(MOPS t163sb04)=1|月營收(MOPS/openapi)=1|官方產業別(MOPS t05st03)=1|融資券(MI_MARGN)=1|借券(TWT93U)=1|法人(T86)=1",412,inf,250.0,official_prepanel,136.55,1.0,0.0,0.0,0,1,9.959,26.829,62.805,2295.0,0,未扣成本·事後欄位以 m_ 標示·非投資建議,names.json,HO 第 1～3 折：面板起點限制，不作判定,鎖後描述，不參與判定（DEV-009；使用者 G1 第 5 項 2026-10-05）：落選挑戰者在 HOLDOUT 的描述記錄，鎖定判定不變，不得用於重新選模·未扣成本·事後欄位以 m_ 標示·非投資建議
HO,4,2024-04-09,2024-04-10,4905,台聯電,TPEx,S,,fV300,S1@5,38,329,漏網,194,-3.145625,,atr14=0.478|n_lu_250=0.928|r20=0.747|c_ma120=0.680|vr20=0.292|days_since_lu=0.134|dt_ratio20=NaN|lend_to_v=0.041|rev_yoy=0.990|o_turn=0.321|o_log_mcap=0.109|o_lu_follow=0.999,"官方日成交結構(MI_INDEX/dailyQuotes)=1|發行股數(MI_QFIIS/dailyQuotes)=1|外資持股(MI_QFIIS,僅上市)=0|自營商(T86/上櫃三大法人)=1|當沖(TWTB4U/上櫃intraday)=1|季財報(MOPS t163sb04)=1|月營收(MOPS/openapi)=1|官方產業別(MOPS t05st03)=1|融資券(MI_MARGN)=1|借券(TWT93U)=1|法人(T86)=1",418,inf,250.0,official_prepanel,203.1,2.0,0.0,0.0,1,0,0.0,-10.373,2.719,289.0,0,未扣成本·事後欄位以 m_ 標示·非投資建議,names.json,HO-model（2024Q2～Q4，挑戰者評估窗）,鎖後描述，不參與判定（DEV-009；使用者 G1 第 5 項 2026-10-05）：落選挑戰者在 HOLDOUT 的描述記錄，鎖定判定不變，不得用於重新選模·未扣成本·事後欄位以 m_ 標示·非投資建議
HO,4,2024-04-10,2024-04-11,6283,淳安,TWSE,S,,fV300,S1@5,73,330,漏網,1647,-3.927076,,atr14=0.438|n_lu_250=0.180|r20=0.085|c_ma120=0.027|vr20=0.792|days_since_lu=0.734|dt_ratio20=0.099|lend_to_v=0.874|rev_yoy=0.146|o_turn=0.161|o_log_mcap=0.180|o_lu_follow=0.652,"官方日成交結構(MI_INDEX/dailyQuotes)=1|發行股數(MI_QFIIS/dailyQuotes)=1|外資持股(MI_QFIIS,僅上市)=1|自營商(T86/上櫃三大法人)=1|當沖(TWTB4U/上櫃intraday)=1|季財報(MOPS t163sb04)=1|月營收(MOPS/openapi)=1|官方產業別(MOPS t05st03)=1|融資券(MI_MARGN)=1|借券(TWT93U)=1|法人(T86)=1",419,inf,250.0,official_prepanel,219.9,2.0,0.0,0.0,0,1,0.579,32.046,22.394,958.0,0,未扣成本·事後欄位以 m_ 標示·非投資建議,names.json,HO-model（2024Q2～Q4，挑戰者評估窗）,鎖後描述，不參與判定（DEV-009；使用者 G1 第 5 項 2026-10-05）：落選挑戰者在 HOLDOUT 的描述記錄，鎖定判定不變，不得用於重新選模·未扣成本·事後欄位以 m_ 標示·非投資建議
HO,4,2024-04-12,2024-04-15,2061,風青,TPEx,S,,fV300,S1@5,7,342,漏網,386,-1.998399,,atr14=0.733|n_lu_250=0.582|r20=0.640|c_ma120=0.443|vr20=0.443|days_since_lu=0.408|dt_ratio20=NaN|lend_to_v=0.240|rev_yoy=0.664|o_turn=0.143|o_log_mcap=0.002|o_lu_follow=0.169,"官方日成交結構(MI_INDEX/dailyQuotes)=1|發行股數(MI_QFIIS/dailyQuotes)=1|外資持股(MI_QFIIS,僅上市)=0|自營商(T86/上櫃三大法人)=1|當沖(TWTB4U/上櫃intraday)=1|季財報(MOPS t163sb04)=1|月營收(MOPS/openapi)=1|官方產業別(MOPS t05st03)=1|融資券(MI_MARGN)=1|借券(TWT93U)=1|法人(T86)=1",421,inf,250.0,official_prepanel,119.9,1.0,0.0,0.0,0,1,8.187,28.947,24.854,338.0,0,未扣成本·事後欄位以 m_ 標示·非投資建議,names.json,HO-model（2024Q2～Q4，挑戰者評估窗）,鎖後描述，不參與判定（DEV-009；使用者 G1 第 5 項 2026-10-05）：落選挑戰者在 HOLDOUT 的描述記錄，鎖定判定不變，不得用於重新選模·未扣成本·事後欄位以 m_ 標示·非投資建議
HO,4,2024-04-15,2024-04-16,6264,富裔,TPEx,S,,fP10|fV300,S1@5,11,337,漏網,326,-3.013731,,atr14=0.794|n_lu_250=0.439|r20=0.698|c_ma120=0.645|vr20=0.537|days_since_lu=0.042|dt_ratio20=NaN|lend_to_v=0.014|rev_yoy=0.862|o_turn=0.124|o_log_mcap=0.007|o_lu_follow=0.320,"官方日成交結構(MI_INDEX/dailyQuotes)=1|發行股數(MI_QFIIS/dailyQuotes)=1|外資持股(MI_QFIIS,僅上市)=0|自營商(T86/上櫃三大法人)=1|當沖(TWTB4U/上櫃intraday)=0|季財報(MOPS t163sb04)=0|月營收(MOPS/openapi)=1|官方產業別(MOPS t05st03)=1|融資券(MI_MARGN)=1|借券(TWT93U)=1|法人(T86)=1",422,inf,250.0,official_prepanel,261.05,2.0,0.0,0.0,0,1,7.968,39.723,78.406,1400.0,0,未扣成本·事後欄位以 m_ 標示·非投資建議,names.json,HO-model（2024Q2～Q4，挑戰者評估窗）,鎖後描述，不參與判定（DEV-009；使用者 G1 第 5 項 2026-10-05）：落選挑戰者在 HOLDOUT 的描述記錄，鎖定判定不變，不得用於重新選模·未扣成本·事後欄位以 m_ 標示·非投資建議
HO,4,2024-04-17,2024-04-18,4556,旭然,TPEx,S,,fV300|fH125,S1@5,7,326,漏網,447,-2.118065,,atr14=0.647|n_lu_250=0.789|r20=0.342|c_ma120=NaN|vr20=0.189|days_since_lu=0.279|dt_ratio20=NaN|lend_to_v=0.033|rev_yoy=0.306|o_turn=0.161|o_log_mcap=0.028|o_lu_follow=0.947,"官方日成交結構(MI_INDEX/dailyQuotes)=1|發行股數(MI_QFIIS/dailyQuotes)=1|外資持股(MI_QFIIS,僅上市)=0|自營商(T86/上櫃三大法人)=1|當沖(TWTB4U/上櫃intraday)=1|季財報(MOPS t163sb04)=1|月營收(MOPS/openapi)=1|官方產業別(MOPS t05st03)=1|融資券(MI_MARGN)=1|借券(TWT93U)=1|法人(T86)=1",424,inf,250.0,official_prepanel,170.6,1.0,0.0,0.0,0,1,5.906,7.383,3.087,447.0,0,未扣成本·事後欄位以 m_ 標示·非投資建議,names.json,HO-model（2024Q2～Q4，挑戰者評估窗）,鎖後描述，不參與判定（DEV-009；使用者 G1 第 5 項 2026-10-05）：落選挑戰者在 HOLDOUT 的描述記錄，鎖定判定不變，不得用於重新選模·未扣成本·事後欄位以 m_ 標示·非投資建議
HO,4,2024-04-22,2024-04-23,3230,錦明,TPEx,S,,fP10|fV300,S1@5,34,317,漏網,451,-3.068393,,atr14=0.512|n_lu_250=0.884|r20=0.512|c_ma120=0.405|vr20=0.228|days_since_lu=0.278|dt_ratio20=NaN|lend_to_v=0.015|rev_yoy=0.066|o_turn=0.054|o_log_mcap=0.000|o_lu_follow=0.941,"官方日成交結構(MI_INDEX/dailyQuotes)=1|發行股數(MI_QFIIS/dailyQuotes)=1|外資持股(MI_QFIIS,僅上市)=0|自營商(T86/上櫃三大法人)=1|當沖(TWTB4U/上櫃intraday)=0|季財報(MOPS t163sb04)=1|月營收(MOPS/openapi)=1|官方產業別(MOPS t05st03)=1|融資券(MI_MARGN)=1|借券(TWT93U)=1|法人(T86)=1",427,inf,250.0,official_prepanel,181.85,1.0,0.0,0.0,0,1,9.5,24.5,28.5,565.0,0,未扣成本·事後欄位以 m_ 標示·非投資建議,names.json,HO-model（2024Q2～Q4，挑戰者評估窗）,鎖後描述，不參與判定（DEV-009；使用者 G1 第 5 項 2026-10-05）：落選挑戰者在 HOLDOUT 的描述記錄，鎖定判定不變，不得用於重新選模·未扣成本·事後欄位以 m_ 標示·非投資建議
HO,4,2024-04-25,2024-04-26,8906,花王,TPEx,S,,fV300,S1@5,8,314,漏網,524,-2.560387,,atr14=0.307|n_lu_250=0.173|r20=0.891|c_ma120=0.761|vr20=0.978|days_since_lu=0.878|dt_ratio20=NaN|lend_to_v=0.065|rev_yoy=0.372|o_turn=0.764|o_log_mcap=0.001|o_lu_follow=0.651,"官方日成交結構(MI_INDEX/dailyQuotes)=1|發行股數(MI_QFIIS/dailyQuotes)=1|外資持股(MI_QFIIS,僅上市)=0|自營商(T86/上櫃三大法人)=1|當沖(TWTB4U/上櫃intraday)=1|季財報(MOPS t163sb04)=1|月營收(MOPS/openapi)=1|官方產業別(MOPS t05st03)=1|融資券(MI_MARGN)=1|借券(TWT93U)=1|法人(T86)=1",430,inf,250.0,official_prepanel,143.8,1.0,0.0,0.0,0,1,9.769,35.219,79.949,608.0,0,未扣成本·事後欄位以 m_ 標示·非投資建議,names.json,HO-model（2024Q2～Q4，挑戰者評估窗）,鎖後描述，不參與判定（DEV-009；使用者 G1 第 5 項 2026-10-05）：落選挑戰者在 HOLDOUT 的描述記錄，鎖定判定不變，不得用於重新選模·未扣成本·事後欄位以 m_ 標示·非投資建議
HO,4,2024-04-29,2024-04-30,3095,及成,TPEx,S,,fV300|fH125,S1@5,8,320,漏網,122,-2.224133,,atr14=0.909|n_lu_250=0.578|r20=0.952|c_ma120=0.874|vr20=0.421|days_since_lu=0.153|dt_ratio20=NaN|lend_to_v=0.015|rev_yoy=0.905|o_turn=0.571|o_log_mcap=0.000|o_lu_follow=0.963,"官方日成交結構(MI_INDEX/dailyQuotes)=1|發行股數(MI_QFIIS/dailyQuotes)=1|外資持股(MI_QFIIS,僅上市)=0|自營商(T86/上櫃三大法人)=1|當沖(TWTB4U/上櫃intraday)=0|季財報(MOPS t163sb04)=1|月營收(MOPS/openapi)=1|官方產業別(MOPS t05st03)=1|融資券(MI_MARGN)=1|借券(TWT93U)=1|法人(T86)=1",432,inf,250.0,official_prepanel,112.2,1.0,0.0,0.0,0,1,12.308,-4.487,-9.615,286.0,0,未扣成本·事後欄位以 m_ 標示·非投資建議,names.json,HO-model（2024Q2～Q4，挑戰者評估窗）,鎖後描述，不參與判定（DEV-009；使用者 G1 第 5 項 2026-10-05）：落選挑戰者在 HOLDOUT 的描述記錄，鎖定判定不變，不得用於重新選模·未扣成本·事後欄位以 m_ 標示·非投資建議
HO,4,2024-04-29,2024-04-30,6419,京晨科,TPEx,S,,fV300,S1@5,12,320,漏網,165,-2.452228,,atr14=0.628|n_lu_250=0.970|r20=0.726|c_ma120=0.663|vr20=0.675|days_since_lu=0.215|dt_ratio20=NaN|lend_to_v=NaN|rev_yoy=0.982|o_turn=0.783|o_log_mcap=0.001|o_lu_follow=0.933,"官方日成交結構(MI_INDEX/dailyQuotes)=1|發行股數(MI_QFIIS/dailyQuotes)=1|外資持股(MI_QFIIS,僅上市)=0|自營商(T86/上櫃三大法人)=1|當沖(TWTB4U/上櫃intraday)=0|季財報(MOPS t163sb04)=1|月營收(MOPS/openapi)=1|官方產業別(MOPS t05st03)=1|融資券(MI_MARGN)=0|借券(TWT93U)=0|法人(T86)=1",432,inf,250.0,official_prepanel,173.85,1.0,0.0,0.0,0,1,8.829,34.635,85.059,778.0,0,未扣成本·事後欄位以 m_ 標示·非投資建議,names.json,HO-model（2024Q2～Q4，挑戰者評估窗）,鎖後描述，不參與判定（DEV-009；使用者 G1 第 5 項 2026-10-05）：落選挑戰者在 HOLDOUT 的描述記錄，鎖定判定不變，不得用於重新選模·未扣成本·事後欄位以 m_ 標示·非投資建議
HO,4,2024-05-08,2024-05-09,4903,聯光通,TPEx,S,,fV300,S1@5,28,319,漏網,692,-2.727971,,atr14=0.203|n_lu_250=0.674|r20=0.600|c_ma120=0.335|vr20=0.934|days_since_lu=0.395|dt_ratio20=NaN|lend_to_v=0.014|rev_yoy=0.045|o_turn=0.319|o_log_mcap=0.048|o_lu_follow=0.087,"官方日成交結構(MI_INDEX/dailyQuotes)=1|發行股數(MI_QFIIS/dailyQuotes)=1|外資持股(MI_QFIIS,僅上市)=0|自營商(T86/上櫃三大法人)=1|當沖(TWTB4U/上櫃intraday)=0|季財報(MOPS t163sb04)=1|月營收(MOPS/openapi)=1|官方產業別(MOPS t05st03)=1|融資券(MI_MARGN)=1|借券(TWT93U)=1|法人(T86)=1",438,inf,250.0,official_prepanel,148.25,1.0,0.0,0.0,0,1,9.913,32.653,25.073,3199.0,0,未扣成本·事後欄位以 m_ 標示·非投資建議,names.json,HO-model（2024Q2～Q4，挑戰者評估窗）,鎖後描述，不參與判定（DEV-009；使用者 G1 第 5 項 2026-10-05）：落選挑戰者在 HOLDOUT 的描述記錄，鎖定判定不變，不得用於重新選模·未扣成本·事後欄位以 m_ 標示·非投資建議
HO,4,2024-05-09,2024-05-10,5475,德宏,TPEx,S,,fV300,S1@5,63,320,漏網,1387,-3.354005,,atr14=0.292|n_lu_250=0.674|r20=0.148|c_ma120=0.045|vr20=0.075|days_since_lu=0.536|dt_ratio20=NaN|lend_to_v=0.014|rev_yoy=0.149|o_turn=0.021|o_log_mcap=0.011|o_lu_follow=0.089,"官方日成交結構(MI_INDEX/dailyQuotes)=1|發行股數(MI_QFIIS/dailyQuotes)=1|外資持股(MI_QFIIS,僅上市)=0|自營商(T86/上櫃三大法人)=1|當沖(TWTB4U/上櫃intraday)=0|季財報(MOPS t163sb04)=1|月營收(MOPS/openapi)=1|官方產業別(MOPS t05st03)=1|融資券(MI_MARGN)=1|借券(TWT93U)=1|法人(T86)=1",439,inf,250.0,official_prepanel,232.2,2.0,0.0,0.0,0,1,7.619,16.19,22.857,937.0,0,未扣成本·事後欄位以 m_ 標示·非投資建議,names.json,HO-model（2024Q2～Q4，挑戰者評估窗）,鎖後描述，不參與判定（DEV-009；使用者 G1 第 5 項 2026-10-05）：落選挑戰者在 HOLDOUT 的描述記錄，鎖定判定不變，不得用於重新選模·未扣成本·事後欄位以 m_ 標示·非投資建議
HO,4,2024-05-09,2024-05-10,6863,永道-KY,TWSE,S,,fV300,S1@5,111,320,漏網,563,-4.069951,,atr14=0.262|n_lu_250=0.580|r20=0.693|c_ma120=0.455|vr20=0.934|days_since_lu=0.529|dt_ratio20=0.219|lend_to_v=0.751|rev_yoy=0.917|o_turn=0.622|o_log_mcap=0.525|o_lu_follow=0.172,"官方日成交結構(MI_INDEX/dailyQuotes)=1|發行股數(MI_QFIIS/dailyQuotes)=1|外資持股(MI_QFIIS,僅上市)=1|自營商(T86/上櫃三大法人)=1|當沖(TWTB4U/上櫃intraday)=1|季財報(MOPS t163sb04)=1|月營收(MOPS/openapi)=1|官方產業別(MOPS t05st03)=1|融資券(MI_MARGN)=1|借券(TWT93U)=1|法人(T86)=1",276,276.0,250.0,official,248.35,2.0,0.0,0.0,1,0,0.0,26.163,23.256,2616.0,0,未扣成本·事後欄位以 m_ 標示·非投資建議,names.json,HO-model（2024Q2～Q4，挑戰者評估窗）,鎖後描述，不參與判定（DEV-009；使用者 G1 第 5 項 2026-10-05）：落選挑戰者在 HOLDOUT 的描述記錄，鎖定判定不變，不得用於重新選模·未扣成本·事後欄位以 m_ 標示·非投資建議
HO,4,2024-05-14,2024-05-15,2243,宏旭-KY,TWSE,S,,fV300,S1@5,41,324,漏網,909,-3.10468,,atr14=0.533|n_lu_250=0.780|r20=0.372|c_ma120=0.017|vr20=0.658|days_since_lu=0.440|dt_ratio20=NaN|lend_to_v=0.470|rev_yoy=0.023|o_turn=0.087|o_log_mcap=0.007|o_lu_follow=0.028,"官方日成交結構(MI_INDEX/dailyQuotes)=1|發行股數(MI_QFIIS/dailyQuotes)=1|外資持股(MI_QFIIS,僅上市)=1|自營商(T86/上櫃三大法人)=1|當沖(TWTB4U/上櫃intraday)=0|季財報(MOPS t163sb04)=1|月營收(MOPS/openapi)=1|官方產業別(MOPS t05st03)=1|融資券(MI_MARGN)=1|借券(TWT93U)=1|法人(T86)=1",442,inf,250.0,official_prepanel,101.65,1.0,0.0,0.0,0,1,7.42,26.855,27.208,733.0,0,未扣成本·事後欄位以 m_ 標示·非投資建議,names.json,HO-model（2024Q2～Q4，挑戰者評估窗）,鎖後描述，不參與判定（DEV-009；使用者 G1 第 5 項 2026-10-05）：落選挑戰者在 HOLDOUT 的描述記錄，鎖定判定不變，不得用於重新選模·未扣成本·事後欄位以 m_ 標示·非投資建議
HO,4,2024-05-15,2024-05-16,6706,惠特,TWSE,S,,fV300,S1@5,252,318,漏網,1415,-5.697714,,atr14=0.342|n_lu_250=0.172|r20=0.443|c_ma120=0.043|vr20=0.345|days_since_lu=0.691|dt_ratio20=0.247|lend_to_v=0.921|rev_yoy=0.026|o_turn=0.151|o_log_mcap=0.198|o_lu_follow=0.643,"官方日成交結構(MI_INDEX/dailyQuotes)=1|發行股數(MI_QFIIS/dailyQuotes)=1|外資持股(MI_QFIIS,僅上市)=1|自營商(T86/上櫃三大法人)=1|當沖(TWTB4U/上櫃intraday)=1|季財報(MOPS t163sb04)=1|月營收(MOPS/openapi)=1|官方產業別(MOPS t05st03)=1|融資券(MI_MARGN)=1|借券(TWT93U)=1|法人(T86)=1",443,inf,250.0,official_prepanel,222.85,2.0,0.0,0.0,0,1,6.667,39.074,39.815,1389.0,0,未扣成本·事後欄位以 m_ 標示·非投資建議,names.json,HO-model（2024Q2～Q4，挑戰者評估窗）,鎖後描述，不參與判定（DEV-009；使用者 G1 第 5 項 2026-10-05）：落選挑戰者在 HOLDOUT 的描述記錄，鎖定判定不變，不得用於重新選模·未扣成本·事後欄位以 m_ 標示·非投資建議
HO,4,2024-05-17,2024-05-20,1752,南光,TWSE,S,,fV300,S1@5,142,315,漏網,1366,-4.831392,,atr14=0.036|n_lu_250=0.427|r20=0.535|c_ma120=0.123|vr20=0.972|days_since_lu=0.512|dt_ratio20=0.098|lend_to_v=0.946|rev_yoy=0.310|o_turn=0.496|o_log_mcap=0.243|o_lu_follow=0.317,"官方日成交結構(MI_INDEX/dailyQuotes)=1|發行股數(MI_QFIIS/dailyQuotes)=1|外資持股(MI_QFIIS,僅上市)=1|自營商(T86/上櫃三大法人)=1|當沖(TWTB4U/上櫃intraday)=1|季財報(MOPS t163sb04)=1|月營收(MOPS/openapi)=1|官方產業別(MOPS t05st03)=1|融資券(MI_MARGN)=1|借券(TWT93U)=1|法人(T86)=1",445,inf,250.0,official_prepanel,179.0,1.0,0.0,0.0,1,0,0.0,7.782,2.724,1642.0,0,未扣成本·事後欄位以 m_ 標示·非投資建議,names.json,HO-model（2024Q2～Q4，挑戰者評估窗）,鎖後描述，不參與判定（DEV-009；使用者 G1 第 5 項 2026-10-05）：落選挑戰者在 HOLDOUT 的描述記錄，鎖定判定不變，不得用於重新選模·未扣成本·事後欄位以 m_ 標示·非投資建議
HO,4,2024-05-21,2024-05-22,5474,聰泰,TPEx,S,,fV300,S1@5,211,328,漏網,432,-5.399222,,atr14=0.304|n_lu_250=0.961|r20=0.550|c_ma120=0.381|vr20=0.395|days_since_lu=0.458|dt_ratio20=NaN|lend_to_v=0.786|rev_yoy=0.571|o_turn=0.150|o_log_mcap=0.269|o_lu_follow=0.413,"官方日成交結構(MI_INDEX/dailyQuotes)=1|發行股數(MI_QFIIS/dailyQuotes)=1|外資持股(MI_QFIIS,僅上市)=0|自營商(T86/上櫃三大法人)=1|當沖(TWTB4U/上櫃intraday)=1|季財報(MOPS t163sb04)=1|月營收(MOPS/openapi)=1|官方產業別(MOPS t05st03)=1|融資券(MI_MARGN)=1|借券(TWT93U)=1|法人(T86)=1",447,inf,250.0,official_prepanel,114.75,1.0,0.0,0.0,0,1,5.283,29.811,26.792,675.0,0,未扣成本·事後欄位以 m_ 標示·非投資建議,names.json,HO-model（2024Q2～Q4，挑戰者評估窗）,鎖後描述，不參與判定（DEV-009；使用者 G1 第 5 項 2026-10-05）：落選挑戰者在 HOLDOUT 的描述記錄，鎖定判定不變，不得用於重新選模·未扣成本·事後欄位以 m_ 標示·非投資建議
HO,4,2024-05-23,2024-05-24,3518,柏騰,TWSE,S,,fV300,S1@5,190,316,漏網,1161,-5.277282,,atr14=0.333|n_lu_250=0.556|r20=0.440|c_ma120=0.016|vr20=0.561|days_since_lu=0.612|dt_ratio20=0.238|lend_to_v=0.858|rev_yoy=0.480|o_turn=0.078|o_log_mcap=0.079|o_lu_follow=0.962,"官方日成交結構(MI_INDEX/dailyQuotes)=1|發行股數(MI_QFIIS/dailyQuotes)=1|外資持股(MI_QFIIS,僅上市)=1|自營商(T86/上櫃三大法人)=1|當沖(TWTB4U/上櫃intraday)=1|季財報(MOPS t163sb04)=1|月營收(MOPS/openapi)=1|官方產業別(MOPS t05st03)=1|融資券(MI_MARGN)=1|借券(TWT93U)=1|法人(T86)=1",449,inf,250.0,official_prepanel,127.05,1.0,0.0,0.0,0,1,9.594,10.517,11.07,686.0,0,未扣成本·事後欄位以 m_ 標示·非投資建議,names.json,HO-model（2024Q2～Q4，挑戰者評估窗）,鎖後描述，不參與判定（DEV-009；使用者 G1 第 5 項 2026-10-05）：落選挑戰者在 HOLDOUT 的描述記錄，鎖定判定不變，不得用於重新選模·未扣成本·事後欄位以 m_ 標示·非投資建議
HO,4,2024-05-27,2024-05-28,3040,遠見,TWSE,S,,fV300,S1@5,161,316,漏網,1382,-5.298048,,atr14=0.000|n_lu_250=0.172|r20=0.540|c_ma120=0.325|vr20=0.220|days_since_lu=0.883|dt_ratio20=0.000|lend_to_v=0.152|rev_yoy=0.177|o_turn=0.166|o_log_mcap=0.060|o_lu_follow=0.645,"官方日成交結構(MI_INDEX/dailyQuotes)=1|發行股數(MI_QFIIS/dailyQuotes)=1|外資持股(MI_QFIIS,僅上市)=1|自營商(T86/上櫃三大法人)=1|當沖(TWTB4U/上櫃intraday)=1|季財報(MOPS t163sb04)=1|月營收(MOPS/openapi)=1|官方產業別(MOPS t05st03)=1|融資券(MI_MARGN)=1|借券(TWT93U)=1|法人(T86)=1",451,inf,250.0,official_prepanel,277.15,2.0,0.0,0.0,0,1,9.615,21.474,8.654,885.0,0,未扣成本·事後欄位以 m_ 標示·非投資建議,names.json,HO-model（2024Q2～Q4，挑戰者評估窗）,鎖後描述，不參與判定（DEV-009；使用者 G1 第 5 項 2026-10-05）：落選挑戰者在 HOLDOUT 的描述記錄，鎖定判定不變，不得用於重新選模·未扣成本·事後欄位以 m_ 標示·非投資建議
HO,4,2024-05-27,2024-05-28,4571,鈞興-KY,TWSE,S,,fV300,S1@5,71,316,漏網,219,-3.959823,,atr14=0.922|n_lu_250=0.428|r20=0.821|c_ma120=0.738|vr20=0.430|days_since_lu=0.450|dt_ratio20=0.548|lend_to_v=0.178|rev_yoy=0.853|o_turn=0.252|o_log_mcap=0.297|o_lu_follow=0.314,"官方日成交結構(MI_INDEX/dailyQuotes)=1|發行股數(MI_QFIIS/dailyQuotes)=1|外資持股(MI_QFIIS,僅上市)=1|自營商(T86/上櫃三大法人)=1|當沖(TWTB4U/上櫃intraday)=1|季財報(MOPS t163sb04)=1|月營收(MOPS/openapi)=1|官方產業別(MOPS t05st03)=1|融資券(MI_MARGN)=1|借券(TWT93U)=1|法人(T86)=1",451,inf,250.0,official_prepanel,213.75,2.0,0.0,0.0,0,1,4.977,34.389,29.412,983.0,0,未扣成本·事後欄位以 m_ 標示·非投資建議,names.json,HO-model（2024Q2～Q4，挑戰者評估窗）,鎖後描述，不參與判定（DEV-009；使用者 G1 第 5 項 2026-10-05）：落選挑戰者在 HOLDOUT 的描述記錄，鎖定判定不變，不得用於重新選模·未扣成本·事後欄位以 m_ 標示·非投資建議
HO,4,2024-05-27,2024-05-28,5468,凱鈺,TPEx,S,,fV300,S1@5,44,316,漏網,329,-3.480685,,atr14=0.594|n_lu_250=0.657|r20=0.738|c_ma120=0.484|vr20=0.449|days_since_lu=0.521|dt_ratio20=NaN|lend_to_v=0.017|rev_yoy=0.752|o_turn=0.179|o_log_mcap=0.001|o_lu_follow=0.095,"官方日成交結構(MI_INDEX/dailyQuotes)=1|發行股數(MI_QFIIS/dailyQuotes)=1|外資持股(MI_QFIIS,僅上市)=0|自營商(T86/上櫃三大法人)=1|當沖(TWTB4U/上櫃intraday)=0|季財報(MOPS t163sb04)=1|月營收(MOPS/openapi)=1|官方產業別(MOPS t05st03)=1|融資券(MI_MARGN)=1|借券(TWT93U)=1|法人(T86)=1",451,inf,250.0,official_prepanel,107.05,1.0,0.0,0.0,0,1,8.179,21.9,8.179,674.0,0,未扣成本·事後欄位以 m_ 標示·非投資建議,names.json,HO-model（2024Q2～Q4，挑戰者評估窗）,鎖後描述，不參與判定（DEV-009；使用者 G1 第 5 項 2026-10-05）：落選挑戰者在 HOLDOUT 的描述記錄，鎖定判定不變，不得用於重新選模·未扣成本·事後欄位以 m_ 標示·非投資建議
HO,4,2024-05-28,2024-05-29,3379,彬台,TPEx,S,,fV300,S1@5,7,310,漏網,357,-1.96775,,atr14=0.603|n_lu_250=0.423|r20=0.878|c_ma120=0.544|vr20=0.886|days_since_lu=0.567|dt_ratio20=NaN|lend_to_v=0.116|rev_yoy=0.963|o_turn=0.756|o_log_mcap=0.001|o_lu_follow=0.324,"官方日成交結構(MI_INDEX/dailyQuotes)=1|發行股數(MI_QFIIS/dailyQuotes)=1|外資持股(MI_QFIIS,僅上市)=0|自營商(T86/上櫃三大法人)=1|當沖(TWTB4U/上櫃intraday)=1|季財報(MOPS t163sb04)=1|月營收(MOPS/openapi)=1|官方產業別(MOPS t05st03)=1|融資券(MI_MARGN)=1|借券(TWT93U)=1|法人(T86)=1",452,inf,250.0,official_prepanel,297.75,2.0,0.0,0.0,0,1,9.61,60.06,35.435,2123.0,0,未扣成本·事後欄位以 m_ 標示·非投資建議,names.json,HO-model（2024Q2～Q4，挑戰者評估窗）,鎖後描述，不參與判定（DEV-009；使用者 G1 第 5 項 2026-10-05）：落選挑戰者在 HOLDOUT 的描述記錄，鎖定判定不變，不得用於重新選模·未扣成本·事後欄位以 m_ 標示·非投資建議
HO,4,2024-05-28,2024-05-29,8099,大世科,TPEx,S,,fV300,S1@5,283,310,漏網,683,-6.487082,,atr14=0.288|n_lu_250=0.423|r20=0.464|c_ma120=0.661|vr20=0.097|days_since_lu=0.376|dt_ratio20=NaN|lend_to_v=0.592|rev_yoy=0.118|o_turn=0.010|o_log_mcap=0.319|o_lu_follow=0.324,"官方日成交結構(MI_INDEX/dailyQuotes)=1|發行股數(MI_QFIIS/dailyQuotes)=1|外資持股(MI_QFIIS,僅上市)=0|自營商(T86/上櫃三大法人)=1|當沖(TWTB4U/上櫃intraday)=1|季財報(MOPS t163sb04)=1|月營收(MOPS/openapi)=1|官方產業別(MOPS t05st03)=1|融資券(MI_MARGN)=1|借券(TWT93U)=1|法人(T86)=1",452,inf,250.0,official_prepanel,151.7,1.0,0.0,0.0,0,1,8.853,15.385,23.077,971.0,0,未扣成本·事後欄位以 m_ 標示·非投資建議,names.json,HO-model（2024Q2～Q4，挑戰者評估窗）,鎖後描述，不參與判定（DEV-009；使用者 G1 第 5 項 2026-10-05）：落選挑戰者在 HOLDOUT 的描述記錄，鎖定判定不變，不得用於重新選模·未扣成本·事後欄位以 m_ 標示·非投資建議
HO,4,2024-05-30,2024-05-31,4534,慶騰,TPEx,S,,fV300,S1@5,7,301,漏網,210,-1.421171,,atr14=0.677|n_lu_250=0.857|r20=0.810|c_ma120=0.614|vr20=0.928|days_since_lu=0.313|dt_ratio20=NaN|lend_to_v=0.018|rev_yoy=0.665|o_turn=0.583|o_log_mcap=0.004|o_lu_follow=0.419,"官方日成交結構(MI_INDEX/dailyQuotes)=1|發行股數(MI_QFIIS/dailyQuotes)=1|外資持股(MI_QFIIS,僅上市)=0|自營商(T86/上櫃三大法人)=1|當沖(TWTB4U/上櫃intraday)=0|季財報(MOPS t163sb04)=1|月營收(MOPS/openapi)=1|官方產業別(MOPS t05st03)=1|融資券(MI_MARGN)=1|借券(TWT93U)=1|法人(T86)=1",454,inf,250.0,official_prepanel,299.9,2.0,0.0,0.0,0,1,8.537,31.707,33.333,1866.0,0,未扣成本·事後欄位以 m_ 標示·非投資建議,names.json,HO-model（2024Q2～Q4，挑戰者評估窗）,鎖後描述，不參與判定（DEV-009；使用者 G1 第 5 項 2026-10-05）：落選挑戰者在 HOLDOUT 的描述記錄，鎖定判定不變，不得用於重新選模·未扣成本·事後欄位以 m_ 標示·非投資建議
HO,4,2024-05-31,2024-06-03,6922,宸曜,TPEx,S,,fV300,S1@5,8,300,漏網,61,-1.933572,,atr14=0.804|n_lu_250=0.650|r20=0.966|c_ma120=0.901|vr20=0.978|days_since_lu=0.528|dt_ratio20=NaN|lend_to_v=0.056|rev_yoy=0.781|o_turn=0.833|o_log_mcap=0.206|o_lu_follow=0.896,"官方日成交結構(MI_INDEX/dailyQuotes)=1|發行股數(MI_QFIIS/dailyQuotes)=1|外資持股(MI_QFIIS,僅上市)=0|自營商(T86/上櫃三大法人)=1|當沖(TWTB4U/上櫃intraday)=1|季財報(MOPS t163sb04)=1|月營收(MOPS/openapi)=1|官方產業別(MOPS t05st03)=1|融資券(MI_MARGN)=0|借券(TWT93U)=1|法人(T86)=1",135,135.0,135.0,official,156.0,1.0,0.0,0.0,1,0,0.0,-3.478,-2.899,147.0,0,未扣成本·事後欄位以 m_ 標示·非投資建議,names.json,HO-model（2024Q2～Q4，挑戰者評估窗）,鎖後描述，不參與判定（DEV-009；使用者 G1 第 5 項 2026-10-05）：落選挑戰者在 HOLDOUT 的描述記錄，鎖定判定不變，不得用於重新選模·未扣成本·事後欄位以 m_ 標示·非投資建議
HO,4,2024-06-04,2024-06-05,6419,京晨科,TPEx,S,,fV300,S1@5,14,302,漏網,2,-2.416742,,atr14=0.974|n_lu_250=0.996|r20=0.999|c_ma120=1.000|vr20=0.260|days_since_lu=0.023|dt_ratio20=NaN|lend_to_v=NaN|rev_yoy=0.969|o_turn=0.691|o_log_mcap=0.039|o_lu_follow=0.972,"官方日成交結構(MI_INDEX/dailyQuotes)=1|發行股數(MI_QFIIS/dailyQuotes)=1|外資持股(MI_QFIIS,僅上市)=0|自營商(T86/上櫃三大法人)=1|當沖(TWTB4U/上櫃intraday)=0|季財報(MOPS t163sb04)=1|月營收(MOPS/openapi)=1|官方產業別(MOPS t05st03)=1|融資券(MI_MARGN)=0|借券(TWT93U)=0|法人(T86)=1",457,inf,250.0,official_prepanel,295.75,2.0,1.0,0.0,1,0,0.0,12.195,-5.575,155.0,0,未扣成本·事後欄位以 m_ 標示·非投資建議,names.json,HO-model（2024Q2～Q4，挑戰者評估窗）,鎖後描述，不參與判定（DEV-009；使用者 G1 第 5 項 2026-10-05）：落選挑戰者在 HOLDOUT 的描述記錄，鎖定判定不變，不得用於重新選模·未扣成本·事後欄位以 m_ 標示·非投資建議
HO,4,2024-06-06,2024-06-07,4588,玖鼎電力,TWSE,S,,fV300|fH125,S1@5,119,301,漏網,1763,-4.726173,,atr14=0.314|n_lu_250=0.853|r20=0.074|c_ma120=NaN|vr20=0.688|days_since_lu=0.325|dt_ratio20=NaN|lend_to_v=NaN|rev_yoy=0.009|o_turn=0.560|o_log_mcap=0.217|o_lu_follow=0.998,"官方日成交結構(MI_INDEX/dailyQuotes)=1|發行股數(MI_QFIIS/dailyQuotes)=1|外資持股(MI_QFIIS,僅上市)=1|自營商(T86/上櫃三大法人)=1|當沖(TWTB4U/上櫃intraday)=0|季財報(MOPS t163sb04)=1|月營收(MOPS/openapi)=1|官方產業別(MOPS t05st03)=1|融資券(MI_MARGN)=0|借券(TWT93U)=0|法人(T86)=1",83,83.0,83.0,official,271.05,2.0,0.0,0.0,0,1,7.979,34.043,20.745,725.0,0,未扣成本·事後欄位以 m_ 標示·非投資建議,names.json,HO-model（2024Q2～Q4，挑戰者評估窗）,鎖後描述，不參與判定（DEV-009；使用者 G1 第 5 項 2026-10-05）：落選挑戰者在 HOLDOUT 的描述記錄，鎖定判定不變，不得用於重新選模·未扣成本·事後欄位以 m_ 標示·非投資建議
HO,4,2024-06-18,2024-06-19,6441,廣錠,TPEx,S,,fV300,S1@5,201,306,漏網,1412,-5.683027,,atr14=0.311|n_lu_250=0.405|r20=0.220|c_ma120=0.019|vr20=0.199|days_since_lu=0.680|dt_ratio20=NaN|lend_to_v=0.946|rev_yoy=0.027|o_turn=0.032|o_log_mcap=0.070|o_lu_follow=0.319,"官方日成交結構(MI_INDEX/dailyQuotes)=1|發行股數(MI_QFIIS/dailyQuotes)=1|外資持股(MI_QFIIS,僅上市)=0|自營商(T86/上櫃三大法人)=1|當沖(TWTB4U/上櫃intraday)=1|季財報(MOPS t163sb04)=1|月營收(MOPS/openapi)=1|官方產業別(MOPS t05st03)=1|融資券(MI_MARGN)=1|借券(TWT93U)=1|法人(T86)=1",466,inf,250.0,official_prepanel,103.8,1.0,0.0,0.0,0,1,6.75,17.375,17.625,767.0,0,未扣成本·事後欄位以 m_ 標示·非投資建議,names.json,HO-model（2024Q2～Q4，挑戰者評估窗）,鎖後描述，不參與判定（DEV-009；使用者 G1 第 5 項 2026-10-05）：落選挑戰者在 HOLDOUT 的描述記錄，鎖定判定不變，不得用於重新選模·未扣成本·事後欄位以 m_ 標示·非投資建議
HO,4,2024-06-20,2024-06-21,6457,來源未提供,TPEx,S,,fV300,S1@5,85,306,漏網,1214,-4.619731,,atr14=0.313|n_lu_250=0.404|r20=0.420|c_ma120=0.024|vr20=0.617|days_since_lu=0.559|dt_ratio20=NaN|lend_to_v=0.762|rev_yoy=NaN|o_turn=0.346|o_log_mcap=0.039|o_lu_follow=0.316,"官方日成交結構(MI_INDEX/dailyQuotes)=1|發行股數(MI_QFIIS/dailyQuotes)=1|外資持股(MI_QFIIS,僅上市)=0|自營商(T86/上櫃三大法人)=1|當沖(TWTB4U/上櫃intraday)=1|季財報(MOPS t163sb04)=0|月營收(MOPS/openapi)=0|官方產業別(MOPS t05st03)=0|融資券(MI_MARGN)=1|借券(TWT93U)=1|法人(T86)=1",468,inf,250.0,fallback_prepanel,134.45,1.0,0.0,0.0,0,1,9.486,20.356,25.494,1066.0,0,未扣成本·事後欄位以 m_ 標示·非投資建議,來源未提供,HO-model（2024Q2～Q4，挑戰者評估窗）,鎖後描述，不參與判定（DEV-009；使用者 G1 第 5 項 2026-10-05）：落選挑戰者在 HOLDOUT 的描述記錄，鎖定判定不變，不得用於重新選模·未扣成本·事後欄位以 m_ 標示·非投資建議
HO,4,2024-06-24,2024-06-25,8440,綠電,TPEx,S,,fV300,S1@5,28,307,漏網,573,-2.877124,,atr14=0.395|n_lu_250=0.627|r20=0.558|c_ma120=0.481|vr20=0.975|days_since_lu=0.389|dt_ratio20=NaN|lend_to_v=0.578|rev_yoy=0.470|o_turn=0.864|o_log_mcap=0.037|o_lu_follow=0.098,"官方日成交結構(MI_INDEX/dailyQuotes)=1|發行股數(MI_QFIIS/dailyQuotes)=1|外資持股(MI_QFIIS,僅上市)=0|自營商(T86/上櫃三大法人)=1|當沖(TWTB4U/上櫃intraday)=1|季財報(MOPS t163sb04)=1|月營收(MOPS/openapi)=1|官方產業別(MOPS t05st03)=1|融資券(MI_MARGN)=1|借券(TWT93U)=1|法人(T86)=1",470,inf,250.0,official_prepanel,252.25,2.0,0.0,0.0,0,1,9.244,50.466,55.987,2479.0,0,未扣成本·事後欄位以 m_ 標示·非投資建議,names.json,HO-model（2024Q2～Q4，挑戰者評估窗）,鎖後描述，不參與判定（DEV-009；使用者 G1 第 5 項 2026-10-05）：落選挑戰者在 HOLDOUT 的描述記錄，鎖定判定不變，不得用於重新選模·未扣成本·事後欄位以 m_ 標示·非投資建議
HO,4,2024-06-26,2024-06-27,3713,新晶投控,TPEx,S,,fV300,S1@5,20,303,漏網,376,-2.75412,,atr14=0.626|n_lu_250=0.808|r20=0.880|c_ma120=0.236|vr20=0.856|days_since_lu=0.033|dt_ratio20=NaN|lend_to_v=NaN|rev_yoy=0.449|o_turn=0.231|o_log_mcap=0.055|o_lu_follow=0.432,"官方日成交結構(MI_INDEX/dailyQuotes)=1|發行股數(MI_QFIIS/dailyQuotes)=1|外資持股(MI_QFIIS,僅上市)=0|自營商(T86/上櫃三大法人)=1|當沖(TWTB4U/上櫃intraday)=0|季財報(MOPS t163sb04)=1|月營收(MOPS/openapi)=1|官方產業別(MOPS t05st03)=1|融資券(MI_MARGN)=0|借券(TWT93U)=0|法人(T86)=1",472,inf,250.0,official_prepanel,121.7,1.0,0.0,0.0,0,1,9.595,45.629,23.454,417.0,0,未扣成本·事後欄位以 m_ 標示·非投資建議,names.json,HO-model（2024Q2～Q4，挑戰者評估窗）,鎖後描述，不參與判定（DEV-009；使用者 G1 第 5 項 2026-10-05）：落選挑戰者在 HOLDOUT 的描述記錄，鎖定判定不變，不得用於重新選模·未扣成本·事後欄位以 m_ 標示·非投資建議
HO,4,2024-06-28,2024-07-01,3492,長盛,TPEx,S,,fV300,S1@5,82,312,漏網,1184,-4.186495,,atr14=0.365|n_lu_250=0.160|r20=0.211|c_ma120=0.454|vr20=0.376|days_since_lu=0.767|dt_ratio20=NaN|lend_to_v=0.185|rev_yoy=0.448|o_turn=0.309|o_log_mcap=0.001|o_lu_follow=0.647,"官方日成交結構(MI_INDEX/dailyQuotes)=1|發行股數(MI_QFIIS/dailyQuotes)=1|外資持股(MI_QFIIS,僅上市)=0|自營商(T86/上櫃三大法人)=1|當沖(TWTB4U/上櫃intraday)=1|季財報(MOPS t163sb04)=1|月營收(MOPS/openapi)=1|官方產業別(MOPS t05st03)=1|融資券(MI_MARGN)=1|借券(TWT93U)=1|法人(T86)=1",474,inf,250.0,official_prepanel,172.55,1.0,0.0,0.0,0,1,9.906,48.585,38.443,1202.0,0,未扣成本·事後欄位以 m_ 標示·非投資建議,names.json,HO-model（2024Q2～Q4，挑戰者評估窗）,鎖後描述，不參與判定（DEV-009；使用者 G1 第 5 項 2026-10-05）：落選挑戰者在 HOLDOUT 的描述記錄，鎖定判定不變，不得用於重新選模·未扣成本·事後欄位以 m_ 標示·非投資建議
HO,4,2024-06-28,2024-07-01,6541,泰福-KY,TWSE,S,,fV300,S1@5,36,312,漏網,536,-3.204755,,atr14=0.700|n_lu_250=0.708|r20=0.923|c_ma120=0.021|vr20=0.878|days_since_lu=0.588|dt_ratio20=NaN|lend_to_v=0.440|rev_yoy=0.966|o_turn=0.123|o_log_mcap=0.387|o_lu_follow=0.057,"官方日成交結構(MI_INDEX/dailyQuotes)=1|發行股數(MI_QFIIS/dailyQuotes)=1|外資持股(MI_QFIIS,僅上市)=1|自營商(T86/上櫃三大法人)=1|當沖(TWTB4U/上櫃intraday)=0|季財報(MOPS t163sb04)=1|月營收(MOPS/openapi)=1|官方產業別(MOPS t05st03)=1|融資券(MI_MARGN)=1|借券(TWT93U)=1|法人(T86)=1",474,inf,250.0,official_prepanel,147.75,1.0,0.0,0.0,1,0,0.0,34.661,37.052,608.0,0,未扣成本·事後欄位以 m_ 標示·非投資建議,names.json,HO-model（2024Q2～Q4，挑戰者評估窗）,鎖後描述，不參與判定（DEV-009；使用者 G1 第 5 項 2026-10-05）：落選挑戰者在 HOLDOUT 的描述記錄，鎖定判定不變，不得用於重新選模·未扣成本·事後欄位以 m_ 標示·非投資建議
HO,5,2024-07-01,2024-07-02,3073,天方能源,TPEx,S,,fV300,S1@5,7,307,漏網,60,-1.987256,,atr14=0.965|n_lu_250=0.846|r20=0.933|c_ma120=0.936|vr20=0.777|days_since_lu=0.019|dt_ratio20=NaN|lend_to_v=0.054|rev_yoy=0.066|o_turn=0.566|o_log_mcap=0.028|o_lu_follow=0.968,"官方日成交結構(MI_INDEX/dailyQuotes)=1|發行股數(MI_QFIIS/dailyQuotes)=1|外資持股(MI_QFIIS,僅上市)=0|自營商(T86/上櫃三大法人)=1|當沖(TWTB4U/上櫃intraday)=1|季財報(MOPS t163sb04)=1|月營收(MOPS/openapi)=1|官方產業別(MOPS t05st03)=1|融資券(MI_MARGN)=1|借券(TWT93U)=1|法人(T86)=1",475,inf,250.0,official_prepanel,186.2,1.0,0.0,1.0,0,1,9.333,59.778,81.111,395.0,0,未扣成本·事後欄位以 m_ 標示·非投資建議,names.json,HO-model（2024Q2～Q4，挑戰者評估窗）,鎖後描述，不參與判定（DEV-009；使用者 G1 第 5 項 2026-10-05）：落選挑戰者在 HOLDOUT 的描述記錄，鎖定判定不變，不得用於重新選模·未扣成本·事後欄位以 m_ 標示·非投資建議
HO,5,2024-07-02,2024-07-03,6937,天虹,TWSE,S,,fV300,S1@5,108,311,漏網,444,-4.747062,,atr14=0.641|n_lu_250=0.537|r20=0.803|c_ma120=0.320|vr20=0.912|days_since_lu=0.040|dt_ratio20=0.234|lend_to_v=0.220|rev_yoy=0.582|o_turn=0.608|o_log_mcap=0.573|o_lu_follow=0.176,"官方日成交結構(MI_INDEX/dailyQuotes)=1|發行股數(MI_QFIIS/dailyQuotes)=1|外資持股(MI_QFIIS,僅上市)=1|自營商(T86/上櫃三大法人)=1|當沖(TWTB4U/上櫃intraday)=1|季財報(MOPS t163sb04)=1|月營收(MOPS/openapi)=1|官方產業別(MOPS t05st03)=1|融資券(MI_MARGN)=1|借券(TWT93U)=1|法人(T86)=1",133,133.0,133.0,official,276.85,2.0,0.0,0.0,0,1,6.393,27.626,45.211,1714.0,0,未扣成本·事後欄位以 m_ 標示·非投資建議,names.json,HO-model（2024Q2～Q4，挑戰者評估窗）,鎖後描述，不參與判定（DEV-009；使用者 G1 第 5 項 2026-10-05）：落選挑戰者在 HOLDOUT 的描述記錄，鎖定判定不變，不得用於重新選模·未扣成本·事後欄位以 m_ 標示·非投資建議
HO,5,2024-07-03,2024-07-04,6218,豪勉,TPEx,S,,fV300,S1@5,89,305,漏網,725,-4.569966,,atr14=0.333|n_lu_250=0.875|r20=0.506|c_ma120=0.148|vr20=0.452|days_since_lu=0.515|dt_ratio20=NaN|lend_to_v=0.749|rev_yoy=0.874|o_turn=0.150|o_log_mcap=0.042|o_lu_follow=0.847,"官方日成交結構(MI_INDEX/dailyQuotes)=1|發行股數(MI_QFIIS/dailyQuotes)=1|外資持股(MI_QFIIS,僅上市)=0|自營商(T86/上櫃三大法人)=1|當沖(TWTB4U/上櫃intraday)=1|季財報(MOPS t163sb04)=1|月營收(MOPS/openapi)=1|官方產業別(MOPS t05st03)=1|融資券(MI_MARGN)=1|借券(TWT93U)=1|法人(T86)=1",477,inf,250.0,official_prepanel,172.75,1.0,0.0,0.0,0,1,8.806,46.38,30.137,2373.0,0,未扣成本·事後欄位以 m_ 標示·非投資建議,names.json,HO-model（2024Q2～Q4，挑戰者評估窗）,鎖後描述，不參與判定（DEV-009；使用者 G1 第 5 項 2026-10-05）：落選挑戰者在 HOLDOUT 的描述記錄，鎖定判定不變，不得用於重新選模·未扣成本·事後欄位以 m_ 標示·非投資建議
HO,5,2024-07-04,2024-07-05,2756,聯發國際,TPEx,S,,fV300,S1@5,48,311,漏網,401,-3.729832,,atr14=0.480|n_lu_250=0.408|r20=0.856|c_ma120=0.703|vr20=0.985|days_since_lu=0.007|dt_ratio20=NaN|lend_to_v=0.058|rev_yoy=0.055|o_turn=0.804|o_log_mcap=0.089|o_lu_follow=0.326,"官方日成交結構(MI_INDEX/dailyQuotes)=1|發行股數(MI_QFIIS/dailyQuotes)=1|外資持股(MI_QFIIS,僅上市)=0|自營商(T86/上櫃三大法人)=1|當沖(TWTB4U/上櫃intraday)=1|季財報(MOPS t163sb04)=1|月營收(MOPS/openapi)=1|官方產業別(MOPS t05st03)=1|融資券(MI_MARGN)=0|借券(TWT93U)=1|法人(T86)=1",478,inf,250.0,official_prepanel,107.75,1.0,0.0,0.0,0,1,1.852,-12.87,-14.352,558.0,0,未扣成本·事後欄位以 m_ 標示·非投資建議,names.json,HO-model（2024Q2～Q4，挑戰者評估窗）,鎖後描述，不參與判定（DEV-009；使用者 G1 第 5 項 2026-10-05）：落選挑戰者在 HOLDOUT 的描述記錄，鎖定判定不變，不得用於重新選模·未扣成本·事後欄位以 m_ 標示·非投資建議
HO,5,2024-07-04,2024-07-05,8935,邦泰,TPEx,S,,fV300,S1@5,29,311,漏網,688,-3.472235,,atr14=0.328|n_lu_250=0.161|r20=0.637|c_ma120=0.775|vr20=0.825|days_since_lu=0.696|dt_ratio20=NaN|lend_to_v=0.016|rev_yoy=0.211|o_turn=0.290|o_log_mcap=0.048|o_lu_follow=0.655,"官方日成交結構(MI_INDEX/dailyQuotes)=1|發行股數(MI_QFIIS/dailyQuotes)=1|外資持股(MI_QFIIS,僅上市)=0|自營商(T86/上櫃三大法人)=1|當沖(TWTB4U/上櫃intraday)=0|季財報(MOPS t163sb04)=1|月營收(MOPS/openapi)=1|官方產業別(MOPS t05st03)=1|融資券(MI_MARGN)=1|借券(TWT93U)=1|法人(T86)=1",478,inf,250.0,official_prepanel,261.95,2.0,0.0,0.0,0,1,8.306,19.934,22.259,3197.0,0,未扣成本·事後欄位以 m_ 標示·非投資建議,names.json,HO-model（2024Q2～Q4，挑戰者評估窗）,鎖後描述，不參與判定（DEV-009；使用者 G1 第 5 項 2026-10-05）：落選挑戰者在 HOLDOUT 的描述記錄，鎖定判定不變，不得用於重新選模·未扣成本·事後欄位以 m_ 標示·非投資建議
HO,5,2024-07-09,2024-07-10,2477,美隆電,TWSE,S,,fV300,S1@5,135,308,漏網,1170,-4.975611,,atr14=0.058|n_lu_250=0.158|r20=0.501|c_ma120=0.514|vr20=0.781|days_since_lu=0.741|dt_ratio20=0.027|lend_to_v=0.674|rev_yoy=0.098|o_turn=0.025|o_log_mcap=0.178|o_lu_follow=0.661,"官方日成交結構(MI_INDEX/dailyQuotes)=1|發行股數(MI_QFIIS/dailyQuotes)=1|外資持股(MI_QFIIS,僅上市)=1|自營商(T86/上櫃三大法人)=1|當沖(TWTB4U/上櫃intraday)=1|季財報(MOPS t163sb04)=1|月營收(MOPS/openapi)=1|官方產業別(MOPS t05st03)=1|融資券(MI_MARGN)=1|借券(TWT93U)=1|法人(T86)=1",481,inf,250.0,official_prepanel,106.0,1.0,0.0,0.0,0,1,8.079,28.821,15.502,1445.0,0,未扣成本·事後欄位以 m_ 標示·非投資建議,names.json,HO-model（2024Q2～Q4，挑戰者評估窗）,鎖後描述，不參與判定（DEV-009；使用者 G1 第 5 項 2026-10-05）：落選挑戰者在 HOLDOUT 的描述記錄，鎖定判定不變，不得用於重新選模·未扣成本·事後欄位以 m_ 標示·非投資建議
HO,5,2024-07-09,2024-07-10,6570,維田,TPEx,S,,fV300,S1@5,78,308,漏網,1081,-4.276106,,atr14=0.367|n_lu_250=0.158|r20=0.362|c_ma120=0.444|vr20=0.944|days_since_lu=0.708|dt_ratio20=NaN|lend_to_v=0.650|rev_yoy=0.242|o_turn=0.701|o_log_mcap=0.069|o_lu_follow=0.661,"官方日成交結構(MI_INDEX/dailyQuotes)=1|發行股數(MI_QFIIS/dailyQuotes)=1|外資持股(MI_QFIIS,僅上市)=0|自營商(T86/上櫃三大法人)=1|當沖(TWTB4U/上櫃intraday)=1|季財報(MOPS t163sb04)=1|月營收(MOPS/openapi)=1|官方產業別(MOPS t05st03)=1|融資券(MI_MARGN)=1|借券(TWT93U)=1|法人(T86)=1",481,inf,250.0,official_prepanel,219.1,2.0,0.0,0.0,0,1,9.307,23.175,11.861,2987.0,0,未扣成本·事後欄位以 m_ 標示·非投資建議,names.json,HO-model（2024Q2～Q4，挑戰者評估窗）,鎖後描述，不參與判定（DEV-009；使用者 G1 第 5 項 2026-10-05）：落選挑戰者在 HOLDOUT 的描述記錄，鎖定判定不變，不得用於重新選模·未扣成本·事後欄位以 m_ 標示·非投資建議
HO,5,2024-07-12,2024-07-15,4729,熒茂,TPEx,S,,fV300,S1@5,60,310,漏網,907,-4.497712,,atr14=0.163|n_lu_250=0.793|r20=0.477|c_ma120=0.216|vr20=0.551|days_since_lu=0.539|dt_ratio20=NaN|lend_to_v=0.552|rev_yoy=0.227|o_turn=0.072|o_log_mcap=0.026|o_lu_follow=0.915,"官方日成交結構(MI_INDEX/dailyQuotes)=1|發行股數(MI_QFIIS/dailyQuotes)=1|外資持股(MI_QFIIS,僅上市)=0|自營商(T86/上櫃三大法人)=1|當沖(TWTB4U/上櫃intraday)=1|季財報(MOPS t163sb04)=1|月營收(MOPS/openapi)=1|官方產業別(MOPS t05st03)=1|融資券(MI_MARGN)=1|借券(TWT93U)=1|法人(T86)=1",484,inf,250.0,official_prepanel,127.4,1.0,0.0,0.0,0,1,8.011,13.26,11.602,1078.0,0,未扣成本·事後欄位以 m_ 標示·非投資建議,names.json,HO-model（2024Q2～Q4，挑戰者評估窗）,鎖後描述，不參與判定（DEV-009；使用者 G1 第 5 項 2026-10-05）：落選挑戰者在 HOLDOUT 的描述記錄，鎖定判定不變，不得用於重新選模·未扣成本·事後欄位以 m_ 標示·非投資建議
HO,5,2024-07-17,2024-07-18,1456,怡華,TWSE,S,,fV300,S1@5,80,302,漏網,889,-4.642695,,atr14=0.459|n_lu_250=0.637|r20=0.257|c_ma120=0.282|vr20=0.753|days_since_lu=0.515|dt_ratio20=0.554|lend_to_v=0.644|rev_yoy=0.030|o_turn=0.124|o_log_mcap=0.059|o_lu_follow=0.993,"官方日成交結構(MI_INDEX/dailyQuotes)=1|發行股數(MI_QFIIS/dailyQuotes)=1|外資持股(MI_QFIIS,僅上市)=1|自營商(T86/上櫃三大法人)=1|當沖(TWTB4U/上櫃intraday)=1|季財報(MOPS t163sb04)=1|月營收(MOPS/openapi)=1|官方產業別(MOPS t05st03)=1|融資券(MI_MARGN)=1|借券(TWT93U)=1|法人(T86)=1",487,inf,250.0,official_prepanel,139.4,1.0,0.0,0.0,0,1,10.38,21.013,22.278,1155.0,0,未扣成本·事後欄位以 m_ 標示·非投資建議,names.json,HO-model（2024Q2～Q4，挑戰者評估窗）,鎖後描述，不參與判定（DEV-009；使用者 G1 第 5 項 2026-10-05）：落選挑戰者在 HOLDOUT 的描述記錄，鎖定判定不變，不得用於重新選模·未扣成本·事後欄位以 m_ 標示·非投資建議
HO,5,2024-07-23,2024-07-26,4907,富宇,TPEx,S,,fV300,S1@5,30,306,漏網,215,-3.748386,,atr14=0.725|n_lu_250=0.391|r20=0.967|c_ma120=0.952|vr20=0.899|days_since_lu=0.455|dt_ratio20=NaN|lend_to_v=0.564|rev_yoy=0.999|o_turn=0.222|o_log_mcap=0.520|o_lu_follow=0.331,"官方日成交結構(MI_INDEX/dailyQuotes)=1|發行股數(MI_QFIIS/dailyQuotes)=1|外資持股(MI_QFIIS,僅上市)=0|自營商(T86/上櫃三大法人)=1|當沖(TWTB4U/上櫃intraday)=1|季財報(MOPS t163sb04)=1|月營收(MOPS/openapi)=1|官方產業別(MOPS t05st03)=1|融資券(MI_MARGN)=1|借券(TWT93U)=1|法人(T86)=1",491,inf,250.0,official_prepanel,207.15,2.0,0.0,0.0,0,1,10.055,31.492,0.11,567.0,0,未扣成本·事後欄位以 m_ 標示·非投資建議,names.json,HO-model（2024Q2～Q4，挑戰者評估窗）,鎖後描述，不參與判定（DEV-009；使用者 G1 第 5 項 2026-10-05）：落選挑戰者在 HOLDOUT 的描述記錄，鎖定判定不變，不得用於重新選模·未扣成本·事後欄位以 m_ 標示·非投資建議
HO,5,2024-07-29,2024-07-30,6199,天品,TPEx,S,,fV300|fH125,S1@5,8,303,漏網,105,-2.105013,,atr14=0.627|n_lu_250=0.886|r20=0.966|c_ma120=0.848|vr20=0.911|days_since_lu=0.445|dt_ratio20=NaN|lend_to_v=NaN|rev_yoy=0.057|o_turn=0.197|o_log_mcap=0.087|o_lu_follow=0.975,"官方日成交結構(MI_INDEX/dailyQuotes)=1|發行股數(MI_QFIIS/dailyQuotes)=1|外資持股(MI_QFIIS,僅上市)=0|自營商(T86/上櫃三大法人)=1|當沖(TWTB4U/上櫃intraday)=0|季財報(MOPS t163sb04)=1|月營收(MOPS/openapi)=1|官方產業別(MOPS t05st03)=1|融資券(MI_MARGN)=0|借券(TWT93U)=0|法人(T86)=1",493,inf,250.0,official_prepanel,106.7,1.0,0.0,0.0,0,1,11.35,33.129,92.331,309.0,0,未扣成本·事後欄位以 m_ 標示·非投資建議,names.json,HO-model（2024Q2～Q4，挑戰者評估窗）,鎖後描述，不參與判定（DEV-009；使用者 G1 第 5 項 2026-10-05）：落選挑戰者在 HOLDOUT 的描述記錄，鎖定判定不變，不得用於重新選模·未扣成本·事後欄位以 m_ 標示·非投資建議
HO,5,2024-08-05,2024-08-06,1225,福懋油,TWSE,S,,fV300,S1@5,200,312,漏網,140,-5.23943,,atr14=0.821|n_lu_250=0.393|r20=0.897|c_ma120=0.988|vr20=0.365|days_since_lu=0.219|dt_ratio20=0.512|lend_to_v=0.297|rev_yoy=0.152|o_turn=0.001|o_log_mcap=0.769|o_lu_follow=0.329,"官方日成交結構(MI_INDEX/dailyQuotes)=1|發行股數(MI_QFIIS/dailyQuotes)=1|外資持股(MI_QFIIS,僅上市)=1|自營商(T86/上櫃三大法人)=1|當沖(TWTB4U/上櫃intraday)=1|季財報(MOPS t163sb04)=1|月營收(MOPS/openapi)=1|官方產業別(MOPS t05st03)=1|融資券(MI_MARGN)=1|借券(TWT93U)=1|法人(T86)=1",498,inf,250.0,official_prepanel,141.75,1.0,0.0,1.0,0,1,8.943,21.545,32.52,171.0,0,未扣成本·事後欄位以 m_ 標示·非投資建議,names.json,HO-model（2024Q2～Q4，挑戰者評估窗）,鎖後描述，不參與判定（DEV-009；使用者 G1 第 5 項 2026-10-05）：落選挑戰者在 HOLDOUT 的描述記錄，鎖定判定不變，不得用於重新選模·未扣成本·事後欄位以 m_ 標示·非投資建議
HO,5,2024-08-05,2024-08-06,5481,新華,TPEx,S,,fV300,S1@5,12,312,漏網,674,-2.838783,,atr14=0.161|n_lu_250=0.157|r20=0.776|c_ma120=0.810|vr20=0.995|days_since_lu=0.903|dt_ratio20=NaN|lend_to_v=0.233|rev_yoy=0.322|o_turn=0.578|o_log_mcap=0.011|o_lu_follow=0.655,"官方日成交結構(MI_INDEX/dailyQuotes)=1|發行股數(MI_QFIIS/dailyQuotes)=1|外資持股(MI_QFIIS,僅上市)=0|自營商(T86/上櫃三大法人)=1|當沖(TWTB4U/上櫃intraday)=1|季財報(MOPS t163sb04)=1|月營收(MOPS/openapi)=1|官方產業別(MOPS t05st03)=1|融資券(MI_MARGN)=1|借券(TWT93U)=1|法人(T86)=1",498,inf,250.0,official_prepanel,171.1,1.0,0.0,0.0,0,1,6.734,24.579,34.007,1575.0,0,未扣成本·事後欄位以 m_ 標示·非投資建議,names.json,HO-model（2024Q2～Q4，挑戰者評估窗）,鎖後描述，不參與判定（DEV-009；使用者 G1 第 5 項 2026-10-05）：落選挑戰者在 HOLDOUT 的描述記錄，鎖定判定不變，不得用於重新選模·未扣成本·事後欄位以 m_ 標示·非投資建議
HO,5,2024-08-06,2024-08-07,3046,建碁,TWSE,S,,fV300,S1@5,176,311,漏網,1556,-4.934166,,atr14=0.321|n_lu_250=0.532|r20=0.251|c_ma120=0.147|vr20=0.992|days_since_lu=0.595|dt_ratio20=0.132|lend_to_v=0.874|rev_yoy=0.813|o_turn=0.517|o_log_mcap=0.249|o_lu_follow=0.177,"官方日成交結構(MI_INDEX/dailyQuotes)=1|發行股數(MI_QFIIS/dailyQuotes)=1|外資持股(MI_QFIIS,僅上市)=1|自營商(T86/上櫃三大法人)=1|當沖(TWTB4U/上櫃intraday)=1|季財報(MOPS t163sb04)=1|月營收(MOPS/openapi)=1|官方產業別(MOPS t05st03)=1|融資券(MI_MARGN)=1|借券(TWT93U)=1|法人(T86)=1",499,inf,250.0,official_prepanel,277.65,2.0,0.0,0.0,1,0,0.0,20.037,18.182,407.0,0,未扣成本·事後欄位以 m_ 標示·非投資建議,names.json,HO-model（2024Q2～Q4，挑戰者評估窗）,鎖後描述，不參與判定（DEV-009；使用者 G1 第 5 項 2026-10-05）：落選挑戰者在 HOLDOUT 的描述記錄，鎖定判定不變，不得用於重新選模·未扣成本·事後欄位以 m_ 標示·非投資建議
HO,5,2024-08-06,2024-08-07,6870,騰雲,TPEx,S,,fV300,S1@5,76,311,漏網,197,-4.007425,,atr14=0.869|n_lu_250=0.696|r20=0.391|c_ma120=0.954|vr20=0.040|days_since_lu=0.080|dt_ratio20=NaN|lend_to_v=0.044|rev_yoy=0.534|o_turn=0.126|o_log_mcap=0.269|o_lu_follow=0.057,"官方日成交結構(MI_INDEX/dailyQuotes)=1|發行股數(MI_QFIIS/dailyQuotes)=1|外資持股(MI_QFIIS,僅上市)=0|自營商(T86/上櫃三大法人)=1|當沖(TWTB4U/上櫃intraday)=1|季財報(MOPS t163sb04)=1|月營收(MOPS/openapi)=1|官方產業別(MOPS t05st03)=1|融資券(MI_MARGN)=0|借券(TWT93U)=1|法人(T86)=1",216,216.0,216.0,official,148.65,1.0,0.0,0.0,0,1,8.377,17.801,22.513,155.0,0,未扣成本·事後欄位以 m_ 標示·非投資建議,names.json,HO-model（2024Q2～Q4，挑戰者評估窗）,鎖後描述，不參與判定（DEV-009；使用者 G1 第 5 項 2026-10-05）：落選挑戰者在 HOLDOUT 的描述記錄，鎖定判定不變，不得用於重新選模·未扣成本·事後欄位以 m_ 標示·非投資建議
HO,5,2024-08-09,2024-08-12,6807,峰源-KY,TWSE,S,,fV300,S1@5,36,315,漏網,181,-3.271951,,atr14=0.576|n_lu_250=0.538|r20=0.828|c_ma120=0.926|vr20=0.963|days_since_lu=0.447|dt_ratio20=0.330|lend_to_v=0.198|rev_yoy=0.778|o_turn=0.698|o_log_mcap=0.170|o_lu_follow=0.189,"官方日成交結構(MI_INDEX/dailyQuotes)=1|發行股數(MI_QFIIS/dailyQuotes)=1|外資持股(MI_QFIIS,僅上市)=1|自營商(T86/上櫃三大法人)=1|當沖(TWTB4U/上櫃intraday)=1|季財報(MOPS t163sb04)=1|月營收(MOPS/openapi)=1|官方產業別(MOPS t05st03)=1|融資券(MI_MARGN)=1|借券(TWT93U)=1|法人(T86)=1",502,inf,250.0,official_prepanel,262.1,2.0,0.0,0.0,1,0,0.0,19.32,22.72,157.0,0,未扣成本·事後欄位以 m_ 標示·非投資建議,names.json,HO-model（2024Q2～Q4，挑戰者評估窗）,鎖後描述，不參與判定（DEV-009；使用者 G1 第 5 項 2026-10-05）：落選挑戰者在 HOLDOUT 的描述記錄，鎖定判定不變，不得用於重新選模·未扣成本·事後欄位以 m_ 標示·非投資建議
HO,5,2024-08-12,2024-08-13,6461,益得,TPEx,S,,fV300,S1@5,99,326,漏網,1044,-4.57653,,atr14=0.363|n_lu_250=0.402|r20=0.483|c_ma120=0.363|vr20=0.572|days_since_lu=0.616|dt_ratio20=NaN|lend_to_v=0.018|rev_yoy=0.008|o_turn=0.088|o_log_mcap=0.196|o_lu_follow=0.336,"官方日成交結構(MI_INDEX/dailyQuotes)=1|發行股數(MI_QFIIS/dailyQuotes)=1|外資持股(MI_QFIIS,僅上市)=0|自營商(T86/上櫃三大法人)=1|當沖(TWTB4U/上櫃intraday)=0|季財報(MOPS t163sb04)=1|月營收(MOPS/openapi)=1|官方產業別(MOPS t05st03)=1|融資券(MI_MARGN)=1|借券(TWT93U)=1|法人(T86)=1",503,inf,250.0,official_prepanel,226.6,2.0,0.0,0.0,0,1,2.456,10.702,7.544,357.0,0,未扣成本·事後欄位以 m_ 標示·非投資建議,names.json,HO-model（2024Q2～Q4，挑戰者評估窗）,鎖後描述，不參與判定（DEV-009；使用者 G1 第 5 項 2026-10-05）：落選挑戰者在 HOLDOUT 的描述記錄，鎖定判定不變，不得用於重新選模·未扣成本·事後欄位以 m_ 標示·非投資建議
HO,5,2024-08-14,2024-08-15,6785,昱展新藥,TPEx,S,,fV300,S1@5,148,329,漏網,1250,-5.32,,atr14=0.791|n_lu_250=0.897|r20=0.364|c_ma120=0.002|vr20=0.482|days_since_lu=0.126|dt_ratio20=NaN|lend_to_v=0.529|rev_yoy=NaN|o_turn=0.271|o_log_mcap=0.546|o_lu_follow=0.964,"官方日成交結構(MI_INDEX/dailyQuotes)=1|發行股數(MI_QFIIS/dailyQuotes)=1|外資持股(MI_QFIIS,僅上市)=0|自營商(T86/上櫃三大法人)=1|當沖(TWTB4U/上櫃intraday)=1|季財報(MOPS t163sb04)=0|月營收(MOPS/openapi)=0|官方產業別(MOPS t05st03)=1|融資券(MI_MARGN)=1|借券(TWT93U)=1|法人(T86)=1",132,132.0,132.0,official,265.15,2.0,0.0,0.0,0,1,8.684,12.895,5.789,479.0,0,未扣成本·事後欄位以 m_ 標示·非投資建議,names.json,HO-model（2024Q2～Q4，挑戰者評估窗）,鎖後描述，不參與判定（DEV-009；使用者 G1 第 5 項 2026-10-05）：落選挑戰者在 HOLDOUT 的描述記錄，鎖定判定不變，不得用於重新選模·未扣成本·事後欄位以 m_ 標示·非投資建議
HO,5,2024-08-21,2024-08-22,3550,聯穎,TWSE,S,,fV300,S1@5,74,342,漏網,1194,-3.730273,,atr14=0.246|n_lu_250=0.157|r20=0.499|c_ma120=0.457|vr20=0.942|days_since_lu=0.901|dt_ratio20=0.075|lend_to_v=0.651|rev_yoy=0.199|o_turn=0.490|o_log_mcap=0.015|o_lu_follow=0.675,"官方日成交結構(MI_INDEX/dailyQuotes)=1|發行股數(MI_QFIIS/dailyQuotes)=1|外資持股(MI_QFIIS,僅上市)=1|自營商(T86/上櫃三大法人)=1|當沖(TWTB4U/上櫃intraday)=1|季財報(MOPS t163sb04)=1|月營收(MOPS/openapi)=1|官方產業別(MOPS t05st03)=1|融資券(MI_MARGN)=1|借券(TWT93U)=1|法人(T86)=1",510,inf,250.0,official_prepanel,172.3,1.0,0.0,0.0,0,1,8.091,57.605,51.456,1134.0,0,未扣成本·事後欄位以 m_ 標示·非投資建議,names.json,HO-model（2024Q2～Q4，挑戰者評估窗）,鎖後描述，不參與判定（DEV-009；使用者 G1 第 5 項 2026-10-05）：落選挑戰者在 HOLDOUT 的描述記錄，鎖定判定不變，不得用於重新選模·未扣成本·事後欄位以 m_ 標示·非投資建議
HO,5,2024-08-23,2024-08-26,6431,光麗-KY,TWSE,S,,fV300,S1@5,33,347,漏網,420,-3.536727,,atr14=0.575|n_lu_250=0.913|r20=0.195|c_ma120=0.795|vr20=0.071|days_since_lu=0.285|dt_ratio20=NaN|lend_to_v=0.017|rev_yoy=0.900|o_turn=0.148|o_log_mcap=0.007|o_lu_follow=0.996,"官方日成交結構(MI_INDEX/dailyQuotes)=1|發行股數(MI_QFIIS/dailyQuotes)=1|外資持股(MI_QFIIS,僅上市)=1|自營商(T86/上櫃三大法人)=1|當沖(TWTB4U/上櫃intraday)=0|季財報(MOPS t163sb04)=1|月營收(MOPS/openapi)=1|官方產業別(MOPS t05st03)=1|融資券(MI_MARGN)=1|借券(TWT93U)=1|法人(T86)=1",512,inf,250.0,official_prepanel,263.25,2.0,0.0,0.0,0,1,3.768,20.0,17.681,1048.0,0,未扣成本·事後欄位以 m_ 標示·非投資建議,names.json,HO-model（2024Q2～Q4，挑戰者評估窗）,鎖後描述，不參與判定（DEV-009；使用者 G1 第 5 項 2026-10-05）：落選挑戰者在 HOLDOUT 的描述記錄，鎖定判定不變，不得用於重新選模·未扣成本·事後欄位以 m_ 標示·非投資建議
HO,5,2024-08-23,2024-08-26,8111,立碁,TPEx,S,,fV300,S1@5,228,347,漏網,1081,-6.048304,,atr14=0.285|n_lu_250=0.522|r20=0.385|c_ma120=0.302|vr20=0.489|days_since_lu=0.630|dt_ratio20=NaN|lend_to_v=0.757|rev_yoy=0.566|o_turn=0.161|o_log_mcap=0.077|o_lu_follow=0.200,"官方日成交結構(MI_INDEX/dailyQuotes)=1|發行股數(MI_QFIIS/dailyQuotes)=1|外資持股(MI_QFIIS,僅上市)=0|自營商(T86/上櫃三大法人)=1|當沖(TWTB4U/上櫃intraday)=1|季財報(MOPS t163sb04)=1|月營收(MOPS/openapi)=1|官方產業別(MOPS t05st03)=1|融資券(MI_MARGN)=1|借券(TWT93U)=1|法人(T86)=1",512,inf,250.0,official_prepanel,257.55,2.0,0.0,0.0,0,1,8.182,35.909,25.909,1666.0,0,未扣成本·事後欄位以 m_ 標示·非投資建議,names.json,HO-model（2024Q2～Q4，挑戰者評估窗）,鎖後描述，不參與判定（DEV-009；使用者 G1 第 5 項 2026-10-05）：落選挑戰者在 HOLDOUT 的描述記錄，鎖定判定不變，不得用於重新選模·未扣成本·事後欄位以 m_ 標示·非投資建議
HO,5,2024-08-28,2024-08-29,1539,巨庭,TWSE,S,,fV300,S1@5,36,349,漏網,823,-3.142168,,atr14=0.186|n_lu_250=0.154|r20=0.778|c_ma120=0.558|vr20=0.790|days_since_lu=0.769|dt_ratio20=0.045|lend_to_v=0.282|rev_yoy=0.674|o_turn=0.464|o_log_mcap=0.023|o_lu_follow=0.666,"官方日成交結構(MI_INDEX/dailyQuotes)=1|發行股數(MI_QFIIS/dailyQuotes)=1|外資持股(MI_QFIIS,僅上市)=1|自營商(T86/上櫃三大法人)=1|當沖(TWTB4U/上櫃intraday)=1|季財報(MOPS t163sb04)=1|月營收(MOPS/openapi)=1|官方產業別(MOPS t05st03)=1|融資券(MI_MARGN)=1|借券(TWT93U)=1|法人(T86)=1",515,inf,250.0,official_prepanel,227.7,2.0,0.0,0.0,0,1,9.407,35.174,20.654,1406.0,0,未扣成本·事後欄位以 m_ 標示·非投資建議,names.json,HO-model（2024Q2～Q4，挑戰者評估窗）,鎖後描述，不參與判定（DEV-009；使用者 G1 第 5 項 2026-10-05）：落選挑戰者在 HOLDOUT 的描述記錄，鎖定判定不變，不得用於重新選模·未扣成本·事後欄位以 m_ 標示·非投資建議
HO,5,2024-08-28,2024-08-29,1735,日勝化,TWSE,S,,fV300,S1@5,58,349,漏網,807,-3.715566,,atr14=0.364|n_lu_250=0.154|r20=0.572|c_ma120=0.601|vr20=0.531|days_since_lu=0.741|dt_ratio20=0.568|lend_to_v=0.057|rev_yoy=0.663|o_turn=0.109|o_log_mcap=0.032|o_lu_follow=0.666,"官方日成交結構(MI_INDEX/dailyQuotes)=1|發行股數(MI_QFIIS/dailyQuotes)=1|外資持股(MI_QFIIS,僅上市)=1|自營商(T86/上櫃三大法人)=1|當沖(TWTB4U/上櫃intraday)=1|季財報(MOPS t163sb04)=1|月營收(MOPS/openapi)=1|官方產業別(MOPS t05st03)=1|融資券(MI_MARGN)=1|借券(TWT93U)=1|法人(T86)=1",515,inf,250.0,official_prepanel,154.3,1.0,0.0,0.0,0,1,9.695,55.956,26.316,1691.0,0,未扣成本·事後欄位以 m_ 標示·非投資建議,names.json,HO-model（2024Q2～Q4，挑戰者評估窗）,鎖後描述，不參與判定（DEV-009；使用者 G1 第 5 項 2026-10-05）：落選挑戰者在 HOLDOUT 的描述記錄，鎖定判定不變，不得用於重新選模·未扣成本·事後欄位以 m_ 標示·非投資建議
HO,5,2024-08-29,2024-08-30,3092,鴻碩,TWSE,S,,fV300,S1@5,202,348,漏網,1724,-6.042988,,atr14=0.255|n_lu_250=0.154|r20=0.126|c_ma120=0.055|vr20=0.028|days_since_lu=0.698|dt_ratio20=0.259|lend_to_v=0.965|rev_yoy=0.185|o_turn=0.010|o_log_mcap=0.119|o_lu_follow=0.663,"官方日成交結構(MI_INDEX/dailyQuotes)=1|發行股數(MI_QFIIS/dailyQuotes)=1|外資持股(MI_QFIIS,僅上市)=1|自營商(T86/上櫃三大法人)=1|當沖(TWTB4U/上櫃intraday)=1|季財報(MOPS t163sb04)=1|月營收(MOPS/openapi)=1|官方產業別(MOPS t05st03)=1|融資券(MI_MARGN)=1|借券(TWT93U)=1|法人(T86)=1",516,inf,250.0,official_prepanel,173.55,1.0,0.0,0.0,0,1,9.654,22.222,18.397,668.0,0,未扣成本·事後欄位以 m_ 標示·非投資建議,names.json,HO-model（2024Q2～Q4，挑戰者評估窗）,鎖後描述，不參與判定（DEV-009；使用者 G1 第 5 項 2026-10-05）：落選挑戰者在 HOLDOUT 的描述記錄，鎖定判定不變，不得用於重新選模·未扣成本·事後欄位以 m_ 標示·非投資建議
HO,5,2024-08-29,2024-08-30,3623,富晶通,TPEx,S,,fV300,S1@5,9,348,漏網,601,-2.907876,,atr14=0.704|n_lu_250=0.984|r20=0.390|c_ma120=0.123|vr20=0.998|days_since_lu=0.005|dt_ratio20=NaN|lend_to_v=0.716|rev_yoy=0.165|o_turn=0.885|o_log_mcap=0.001|o_lu_follow=0.471,"官方日成交結構(MI_INDEX/dailyQuotes)=1|發行股數(MI_QFIIS/dailyQuotes)=1|外資持股(MI_QFIIS,僅上市)=0|自營商(T86/上櫃三大法人)=1|當沖(TWTB4U/上櫃intraday)=1|季財報(MOPS t163sb04)=1|月營收(MOPS/openapi)=1|官方產業別(MOPS t05st03)=1|融資券(MI_MARGN)=1|借券(TWT93U)=1|法人(T86)=1",516,inf,250.0,official_prepanel,139.8,1.0,0.0,0.0,0,1,9.743,16.36,21.324,582.0,0,未扣成本·事後欄位以 m_ 標示·非投資建議,names.json,HO-model（2024Q2～Q4，挑戰者評估窗）,鎖後描述，不參與判定（DEV-009；使用者 G1 第 5 項 2026-10-05）：落選挑戰者在 HOLDOUT 的描述記錄，鎖定判定不變，不得用於重新選模·未扣成本·事後欄位以 m_ 標示·非投資建議
HO,5,2024-08-30,2024-09-02,5460,同協,TPEx,S,,fV300,S1@5,16,346,漏網,525,-2.526932,,atr14=0.429|n_lu_250=0.519|r20=0.646|c_ma120=0.543|vr20=0.884|days_since_lu=0.363|dt_ratio20=NaN|lend_to_v=0.271|rev_yoy=0.037|o_turn=0.362|o_log_mcap=0.002|o_lu_follow=0.193,"官方日成交結構(MI_INDEX/dailyQuotes)=1|發行股數(MI_QFIIS/dailyQuotes)=1|外資持股(MI_QFIIS,僅上市)=0|自營商(T86/上櫃三大法人)=1|當沖(TWTB4U/上櫃intraday)=1|季財報(MOPS t163sb04)=1|月營收(MOPS/openapi)=1|官方產業別(MOPS t05st03)=1|融資券(MI_MARGN)=1|借券(TWT93U)=1|法人(T86)=1",517,inf,250.0,official_prepanel,106.55,1.0,0.0,0.0,0,1,5.825,24.919,44.984,1206.0,0,未扣成本·事後欄位以 m_ 標示·非投資建議,names.json,HO-model（2024Q2～Q4，挑戰者評估窗）,鎖後描述，不參與判定（DEV-009；使用者 G1 第 5 項 2026-10-05）：落選挑戰者在 HOLDOUT 的描述記錄，鎖定判定不變，不得用於重新選模·未扣成本·事後欄位以 m_ 標示·非投資建議
HO,5,2024-09-10,2024-09-11,8032,光菱,TPEx,S,,fV300,S1@5,6,334,漏網,429,-1.972838,,atr14=0.532|n_lu_250=0.144|r20=0.904|c_ma120=0.694|vr20=0.921|days_since_lu=0.824|dt_ratio20=NaN|lend_to_v=0.047|rev_yoy=0.535|o_turn=0.412|o_log_mcap=0.028|o_lu_follow=0.660,"官方日成交結構(MI_INDEX/dailyQuotes)=1|發行股數(MI_QFIIS/dailyQuotes)=1|外資持股(MI_QFIIS,僅上市)=0|自營商(T86/上櫃三大法人)=1|當沖(TWTB4U/上櫃intraday)=1|季財報(MOPS t163sb04)=1|月營收(MOPS/openapi)=1|官方產業別(MOPS t05st03)=1|融資券(MI_MARGN)=1|借券(TWT93U)=1|法人(T86)=1",524,inf,250.0,official_prepanel,109.7,1.0,0.0,0.0,0,1,7.407,56.902,40.909,1675.0,0,未扣成本·事後欄位以 m_ 標示·非投資建議,names.json,HO-model（2024Q2～Q4，挑戰者評估窗）,鎖後描述，不參與判定（DEV-009；使用者 G1 第 5 項 2026-10-05）：落選挑戰者在 HOLDOUT 的描述記錄，鎖定判定不變，不得用於重新選模·未扣成本·事後欄位以 m_ 標示·非投資建議
HO,5,2024-09-12,2024-09-13,2033,佳大,TWSE,S,,fV300,S1@5,84,340,漏網,789,-4.164403,,atr14=0.364|n_lu_250=0.596|r20=0.269|c_ma120=0.546|vr20=0.221|days_since_lu=0.618|dt_ratio20=0.150|lend_to_v=0.532|rev_yoy=0.441|o_turn=0.083|o_log_mcap=0.015|o_lu_follow=0.109,"官方日成交結構(MI_INDEX/dailyQuotes)=1|發行股數(MI_QFIIS/dailyQuotes)=1|外資持股(MI_QFIIS,僅上市)=1|自營商(T86/上櫃三大法人)=1|當沖(TWTB4U/上櫃intraday)=1|季財報(MOPS t163sb04)=1|月營收(MOPS/openapi)=1|官方產業別(MOPS t05st03)=1|融資券(MI_MARGN)=1|借券(TWT93U)=1|法人(T86)=1",526,inf,250.0,official_prepanel,136.5,1.0,0.0,0.0,0,1,8.308,34.462,41.538,891.0,0,未扣成本·事後欄位以 m_ 標示·非投資建議,names.json,HO-model（2024Q2～Q4，挑戰者評估窗）,鎖後描述，不參與判定（DEV-009；使用者 G1 第 5 項 2026-10-05）：落選挑戰者在 HOLDOUT 的描述記錄，鎖定判定不變，不得用於重新選模·未扣成本·事後欄位以 m_ 標示·非投資建議
HO,5,2024-09-12,2024-09-13,3521,台鋼建設,TPEx,S,,fV300,S1@5,12,340,漏網,1192,-2.504008,,atr14=0.429|n_lu_250=0.882|r20=0.041|c_ma120=0.019|vr20=0.981|days_since_lu=0.460|dt_ratio20=NaN|lend_to_v=0.015|rev_yoy=0.011|o_turn=0.635|o_log_mcap=0.010|o_lu_follow=0.478,"官方日成交結構(MI_INDEX/dailyQuotes)=1|發行股數(MI_QFIIS/dailyQuotes)=1|外資持股(MI_QFIIS,僅上市)=0|自營商(T86/上櫃三大法人)=1|當沖(TWTB4U/上櫃intraday)=0|季財報(MOPS t163sb04)=1|月營收(MOPS/openapi)=1|官方產業別(MOPS t05st03)=1|融資券(MI_MARGN)=1|借券(TWT93U)=1|法人(T86)=1",526,inf,250.0,official_prepanel,154.95,1.0,0.0,0.0,0,1,9.355,18.387,22.581,239.0,0,未扣成本·事後欄位以 m_ 標示·非投資建議,names.json,HO-model（2024Q2～Q4，挑戰者評估窗）,鎖後描述，不參與判定（DEV-009；使用者 G1 第 5 項 2026-10-05）：落選挑戰者在 HOLDOUT 的描述記錄，鎖定判定不變，不得用於重新選模·未扣成本·事後欄位以 m_ 標示·非投資建議
HO,5,2024-09-13,2024-09-16,5210,寶碩,TPEx,S,,fV300,S1@5,17,342,漏網,864,-2.960885,,atr14=0.500|n_lu_250=0.896|r20=0.369|c_ma120=0.006|vr20=0.362|days_since_lu=0.153|dt_ratio20=NaN|lend_to_v=0.013|rev_yoy=0.054|o_turn=0.282|o_log_mcap=0.020|o_lu_follow=0.846,"官方日成交結構(MI_INDEX/dailyQuotes)=1|發行股數(MI_QFIIS/dailyQuotes)=1|外資持股(MI_QFIIS,僅上市)=0|自營商(T86/上櫃三大法人)=1|當沖(TWTB4U/上櫃intraday)=0|季財報(MOPS t163sb04)=1|月營收(MOPS/openapi)=1|官方產業別(MOPS t05st03)=1|融資券(MI_MARGN)=1|借券(TWT93U)=1|法人(T86)=1",527,inf,250.0,official_prepanel,252.45,2.0,0.0,0.0,0,1,9.287,37.797,28.51,1137.0,0,未扣成本·事後欄位以 m_ 標示·非投資建議,names.json,HO-model（2024Q2～Q4，挑戰者評估窗）,鎖後描述，不參與判定（DEV-009；使用者 G1 第 5 項 2026-10-05）：落選挑戰者在 HOLDOUT 的描述記錄，鎖定判定不變，不得用於重新選模·未扣成本·事後欄位以 m_ 標示·非投資建議
HO,5,2024-09-18,2024-09-19,4767,誠泰科技,TPEx,S,,fV300,S1@5,38,350,漏網,421,-3.216133,,atr14=0.422|n_lu_250=0.668|r20=0.491|c_ma120=0.748|vr20=0.189|days_since_lu=0.140|dt_ratio20=NaN|lend_to_v=0.015|rev_yoy=0.204|o_turn=0.238|o_log_mcap=0.005|o_lu_follow=0.818,"官方日成交結構(MI_INDEX/dailyQuotes)=1|發行股數(MI_QFIIS/dailyQuotes)=1|外資持股(MI_QFIIS,僅上市)=0|自營商(T86/上櫃三大法人)=1|當沖(TWTB4U/上櫃intraday)=0|季財報(MOPS t163sb04)=1|月營收(MOPS/openapi)=1|官方產業別(MOPS t05st03)=1|融資券(MI_MARGN)=1|借券(TWT93U)=1|法人(T86)=1",529,inf,250.0,official_prepanel,148.65,1.0,0.0,0.0,0,1,8.613,13.285,10.219,140.0,0,未扣成本·事後欄位以 m_ 標示·非投資建議,names.json,HO-model（2024Q2～Q4，挑戰者評估窗）,鎖後描述，不參與判定（DEV-009；使用者 G1 第 5 項 2026-10-05）：落選挑戰者在 HOLDOUT 的描述記錄，鎖定判定不變，不得用於重新選模·未扣成本·事後欄位以 m_ 標示·非投資建議
HO,5,2024-09-19,2024-09-20,2939,永邑-KY,TWSE,S,,fV300,S1@5,32,351,漏網,313,-3.306541,,atr14=0.195|n_lu_250=0.591|r20=0.892|c_ma120=0.794|vr20=0.606|days_since_lu=0.176|dt_ratio20=0.013|lend_to_v=0.261|rev_yoy=0.290|o_turn=0.463|o_log_mcap=0.013|o_lu_follow=0.111,"官方日成交結構(MI_INDEX/dailyQuotes)=1|發行股數(MI_QFIIS/dailyQuotes)=1|外資持股(MI_QFIIS,僅上市)=1|自營商(T86/上櫃三大法人)=1|當沖(TWTB4U/上櫃intraday)=1|季財報(MOPS t163sb04)=1|月營收(MOPS/openapi)=1|官方產業別(MOPS t05st03)=1|融資券(MI_MARGN)=1|借券(TWT93U)=1|法人(T86)=1",530,inf,250.0,official_prepanel,160.95,1.0,0.0,0.0,0,1,9.916,10.924,6.387,615.0,0,未扣成本·事後欄位以 m_ 標示·非投資建議,names.json,HO-model（2024Q2～Q4，挑戰者評估窗）,鎖後描述，不參與判定（DEV-009；使用者 G1 第 5 項 2026-10-05）：落選挑戰者在 HOLDOUT 的描述記錄，鎖定判定不變，不得用於重新選模·未扣成本·事後欄位以 m_ 標示·非投資建議
HO,5,2024-09-19,2024-09-20,4530,天意能創,TPEx,S,,fP10|fV300,S1@5,22,351,漏網,98,-3.004483,,atr14=0.952|n_lu_250=0.591|r20=0.936|c_ma120=0.839|vr20=0.305|days_since_lu=0.088|dt_ratio20=NaN|lend_to_v=0.014|rev_yoy=0.765|o_turn=0.096|o_log_mcap=0.000|o_lu_follow=0.111,"官方日成交結構(MI_INDEX/dailyQuotes)=1|發行股數(MI_QFIIS/dailyQuotes)=1|外資持股(MI_QFIIS,僅上市)=0|自營商(T86/上櫃三大法人)=1|當沖(TWTB4U/上櫃intraday)=0|季財報(MOPS t163sb04)=1|月營收(MOPS/openapi)=1|官方產業別(MOPS t05st03)=1|融資券(MI_MARGN)=1|借券(TWT93U)=1|法人(T86)=1",530,inf,250.0,official_prepanel,102.7,1.0,0.0,0.0,0,1,11.052,32.837,23.273,898.0,0,未扣成本·事後欄位以 m_ 標示·非投資建議,names.json,HO-model（2024Q2～Q4，挑戰者評估窗）,鎖後描述，不參與判定（DEV-009；使用者 G1 第 5 項 2026-10-05）：落選挑戰者在 HOLDOUT 的描述記錄，鎖定判定不變，不得用於重新選模·未扣成本·事後欄位以 m_ 標示·非投資建議
HO,5,2024-09-20,2024-09-23,6593,台灣銘板,TPEx,S,,fV300,S1@5,35,344,漏網,1104,-3.453759,,atr14=0.531|n_lu_250=0.910|r20=0.010|c_ma120=0.001|vr20=0.061|days_since_lu=0.228|dt_ratio20=NaN|lend_to_v=0.666|rev_yoy=0.156|o_turn=0.139|o_log_mcap=0.031|o_lu_follow=0.445,"官方日成交結構(MI_INDEX/dailyQuotes)=1|發行股數(MI_QFIIS/dailyQuotes)=1|外資持股(MI_QFIIS,僅上市)=0|自營商(T86/上櫃三大法人)=1|當沖(TWTB4U/上櫃intraday)=1|季財報(MOPS t163sb04)=1|月營收(MOPS/openapi)=1|官方產業別(MOPS t05st03)=1|融資券(MI_MARGN)=0|借券(TWT93U)=1|法人(T86)=1",531,inf,250.0,official_prepanel,132.85,1.0,0.0,0.0,0,1,8.451,22.254,6.056,126.0,0,未扣成本·事後欄位以 m_ 標示·非投資建議,names.json,HO-model（2024Q2～Q4，挑戰者評估窗）,鎖後描述，不參與判定（DEV-009；使用者 G1 第 5 項 2026-10-05）：落選挑戰者在 HOLDOUT 的描述記錄，鎖定判定不變，不得用於重新選模·未扣成本·事後欄位以 m_ 標示·非投資建議
HO,5,2024-09-23,2024-09-24,6241,鑫永洋,TPEx,S,,fV300,S1@5,10,340,漏網,172,-2.102925,,atr14=0.591|n_lu_250=0.725|r20=0.763|c_ma120=0.787|vr20=0.792|days_since_lu=0.239|dt_ratio20=NaN|lend_to_v=0.015|rev_yoy=0.562|o_turn=0.587|o_log_mcap=0.002|o_lu_follow=0.488,"官方日成交結構(MI_INDEX/dailyQuotes)=1|發行股數(MI_QFIIS/dailyQuotes)=1|外資持股(MI_QFIIS,僅上市)=0|自營商(T86/上櫃三大法人)=1|當沖(TWTB4U/上櫃intraday)=0|季財報(MOPS t163sb04)=1|月營收(MOPS/openapi)=1|官方產業別(MOPS t05st03)=1|融資券(MI_MARGN)=1|借券(TWT93U)=1|法人(T86)=1",532,inf,250.0,official_prepanel,224.6,2.0,0.0,0.0,0,1,9.451,8.537,8.841,2660.0,0,未扣成本·事後欄位以 m_ 標示·非投資建議,names.json,HO-model（2024Q2～Q4，挑戰者評估窗）,鎖後描述，不參與判定（DEV-009；使用者 G1 第 5 項 2026-10-05）：落選挑戰者在 HOLDOUT 的描述記錄，鎖定判定不變，不得用於重新選模·未扣成本·事後欄位以 m_ 標示·非投資建議
HO,5,2024-09-23,2024-09-24,6834,天二科技,TWSE,S,,fV300,S1@5,99,340,漏網,721,-4.559715,,atr14=0.497|n_lu_250=0.880|r20=0.122|c_ma120=0.379|vr20=0.273|days_since_lu=0.323|dt_ratio20=0.601|lend_to_v=0.420|rev_yoy=0.786|o_turn=0.170|o_log_mcap=0.134|o_lu_follow=0.862,"官方日成交結構(MI_INDEX/dailyQuotes)=1|發行股數(MI_QFIIS/dailyQuotes)=1|外資持股(MI_QFIIS,僅上市)=1|自營商(T86/上櫃三大法人)=1|當沖(TWTB4U/上櫃intraday)=1|季財報(MOPS t163sb04)=1|月營收(MOPS/openapi)=1|官方產業別(MOPS t05st03)=1|融資券(MI_MARGN)=1|借券(TWT93U)=1|法人(T86)=1",499,499.0,250.0,official,245.7,2.0,0.0,0.0,0,1,6.931,12.447,7.921,570.0,0,未扣成本·事後欄位以 m_ 標示·非投資建議,names.json,HO-model（2024Q2～Q4，挑戰者評估窗）,鎖後描述，不參與判定（DEV-009；使用者 G1 第 5 項 2026-10-05）：落選挑戰者在 HOLDOUT 的描述記錄，鎖定判定不變，不得用於重新選模·未扣成本·事後欄位以 m_ 標示·非投資建議
HO,5,2024-09-24,2024-09-25,1805,寶徠,TWSE,S,,fV300,S1@5,92,343,漏網,1021,-4.150327,,atr14=0.465|n_lu_250=0.879|r20=0.053|c_ma120=0.148|vr20=0.187|days_since_lu=0.334|dt_ratio20=NaN|lend_to_v=0.015|rev_yoy=0.343|o_turn=0.119|o_log_mcap=0.040|o_lu_follow=0.242,"官方日成交結構(MI_INDEX/dailyQuotes)=1|發行股數(MI_QFIIS/dailyQuotes)=1|外資持股(MI_QFIIS,僅上市)=1|自營商(T86/上櫃三大法人)=1|當沖(TWTB4U/上櫃intraday)=0|季財報(MOPS t163sb04)=1|月營收(MOPS/openapi)=1|官方產業別(MOPS t05st03)=1|融資券(MI_MARGN)=1|借券(TWT93U)=1|法人(T86)=1",533,inf,250.0,official_prepanel,257.7,2.0,0.0,0.0,1,0,0.0,-0.99,-1.485,365.0,0,未扣成本·事後欄位以 m_ 標示·非投資建議,names.json,HO-model（2024Q2～Q4，挑戰者評估窗）,鎖後描述，不參與判定（DEV-009；使用者 G1 第 5 項 2026-10-05）：落選挑戰者在 HOLDOUT 的描述記錄，鎖定判定不變，不得用於重新選模·未扣成本·事後欄位以 m_ 標示·非投資建議
HO,5,2024-09-24,2024-09-25,2415,錩新,TWSE,S,,fV300,S1@5,26,343,漏網,351,-2.816708,,atr14=0.279|n_lu_250=0.592|r20=0.837|c_ma120=0.670|vr20=0.986|days_since_lu=0.230|dt_ratio20=0.209|lend_to_v=0.754|rev_yoy=0.426|o_turn=0.664|o_log_mcap=0.101|o_lu_follow=0.111,"官方日成交結構(MI_INDEX/dailyQuotes)=1|發行股數(MI_QFIIS/dailyQuotes)=1|外資持股(MI_QFIIS,僅上市)=1|自營商(T86/上櫃三大法人)=1|當沖(TWTB4U/上櫃intraday)=1|季財報(MOPS t163sb04)=1|月營收(MOPS/openapi)=1|官方產業別(MOPS t05st03)=1|融資券(MI_MARGN)=1|借券(TWT93U)=1|法人(T86)=1",533,inf,250.0,official_prepanel,154.6,1.0,0.0,0.0,1,0,0.0,-7.595,-18.671,2932.0,0,未扣成本·事後欄位以 m_ 標示·非投資建議,names.json,HO-model（2024Q2～Q4，挑戰者評估窗）,鎖後描述，不參與判定（DEV-009；使用者 G1 第 5 項 2026-10-05）：落選挑戰者在 HOLDOUT 的描述記錄，鎖定判定不變，不得用於重新選模·未扣成本·事後欄位以 m_ 標示·非投資建議
HO,5,2024-09-30,2024-10-01,6118,建達,TPEx,S,,fV300,S1@5,17,334,漏網,934,-3.084061,,atr14=0.349|n_lu_250=0.494|r20=0.573|c_ma120=0.232|vr20=0.914|days_since_lu=0.444|dt_ratio20=NaN|lend_to_v=0.606|rev_yoy=0.497|o_turn=0.607|o_log_mcap=0.047|o_lu_follow=0.199,"官方日成交結構(MI_INDEX/dailyQuotes)=1|發行股數(MI_QFIIS/dailyQuotes)=1|外資持股(MI_QFIIS,僅上市)=0|自營商(T86/上櫃三大法人)=1|當沖(TWTB4U/上櫃intraday)=1|季財報(MOPS t163sb04)=1|月營收(MOPS/openapi)=1|官方產業別(MOPS t05st03)=1|融資券(MI_MARGN)=1|借券(TWT93U)=1|法人(T86)=1",537,inf,250.0,official_prepanel,269.15,2.0,0.0,0.0,0,1,10.353,15.294,11.765,3622.0,0,未扣成本·事後欄位以 m_ 標示·非投資建議,names.json,HO-model（2024Q2～Q4，挑戰者評估窗）,鎖後描述，不參與判定（DEV-009；使用者 G1 第 5 項 2026-10-05）：落選挑戰者在 HOLDOUT 的描述記錄，鎖定判定不變，不得用於重新選模·未扣成本·事後欄位以 m_ 標示·非投資建議
HO,6,2024-10-08,2024-10-09,6854,錼創科技-KY創,TWSE,S,,fV300,S1@5,29,331,漏網,203,-3.073267,,atr14=0.654|n_lu_250=0.364|r20=0.987|c_ma120=0.932|vr20=0.616|days_since_lu=0.151|dt_ratio20=NaN|lend_to_v=0.132|rev_yoy=0.648|o_turn=0.172|o_log_mcap=0.466|o_lu_follow=0.348,"官方日成交結構(MI_INDEX/dailyQuotes)=1|發行股數(MI_QFIIS/dailyQuotes)=1|外資持股(MI_QFIIS,僅上市)=1|自營商(T86/上櫃三大法人)=1|當沖(TWTB4U/上櫃intraday)=0|季財報(MOPS t163sb04)=1|月營收(MOPS/openapi)=1|官方產業別(MOPS t05st03)=1|融資券(MI_MARGN)=1|借券(TWT93U)=1|法人(T86)=1",518,518.0,250.0,official,222.95,2.0,0.0,0.0,0,1,2.381,31.905,48.571,718.0,0,未扣成本·事後欄位以 m_ 標示·非投資建議,names.json,HO-model（2024Q2～Q4，挑戰者評估窗）,鎖後描述，不參與判定（DEV-009；使用者 G1 第 5 項 2026-10-05）：落選挑戰者在 HOLDOUT 的描述記錄，鎖定判定不變，不得用於重新選模·未扣成本·事後欄位以 m_ 標示·非投資建議
HO,6,2024-10-23,2024-10-24,2413,環科,TWSE,S,,fV300,S1@5,16,320,漏網,662,-2.435696,,atr14=0.315|n_lu_250=0.362|r20=0.798|c_ma120=0.379|vr20=0.856|days_since_lu=0.697|dt_ratio20=0.410|lend_to_v=0.809|rev_yoy=0.087|o_turn=0.232|o_log_mcap=0.119|o_lu_follow=0.349,"官方日成交結構(MI_INDEX/dailyQuotes)=1|發行股數(MI_QFIIS/dailyQuotes)=1|外資持股(MI_QFIIS,僅上市)=1|自營商(T86/上櫃三大法人)=1|當沖(TWTB4U/上櫃intraday)=1|季財報(MOPS t163sb04)=1|月營收(MOPS/openapi)=1|官方產業別(MOPS t05st03)=1|融資券(MI_MARGN)=1|借券(TWT93U)=1|法人(T86)=1",551,inf,250.0,official_prepanel,170.45,1.0,0.0,0.0,0,1,11.239,24.541,22.477,2275.0,0,未扣成本·事後欄位以 m_ 標示·非投資建議,names.json,HO-model（2024Q2～Q4，挑戰者評估窗）,鎖後描述，不參與判定（DEV-009；使用者 G1 第 5 項 2026-10-05）：落選挑戰者在 HOLDOUT 的描述記錄，鎖定判定不變，不得用於重新選模·未扣成本·事後欄位以 m_ 標示·非投資建議
HO,6,2024-10-24,2024-10-25,3552,同致,TPEx,S,,fV300,S1@5,235,324,漏網,1586,-5.651479,,atr14=0.337|n_lu_250=0.143|r20=0.328|c_ma120=0.152|vr20=0.564|days_since_lu=0.820|dt_ratio20=NaN|lend_to_v=0.830|rev_yoy=0.091|o_turn=0.121|o_log_mcap=0.399|o_lu_follow=0.662,"官方日成交結構(MI_INDEX/dailyQuotes)=1|發行股數(MI_QFIIS/dailyQuotes)=1|外資持股(MI_QFIIS,僅上市)=0|自營商(T86/上櫃三大法人)=1|當沖(TWTB4U/上櫃intraday)=1|季財報(MOPS t163sb04)=1|月營收(MOPS/openapi)=1|官方產業別(MOPS t05st03)=1|融資券(MI_MARGN)=1|借券(TWT93U)=1|法人(T86)=1",552,inf,250.0,official_prepanel,139.1,1.0,0.0,0.0,0,1,9.333,16.242,22.424,1095.0,0,未扣成本·事後欄位以 m_ 標示·非投資建議,names.json,HO-model（2024Q2～Q4，挑戰者評估窗）,鎖後描述，不參與判定（DEV-009；使用者 G1 第 5 項 2026-10-05）：落選挑戰者在 HOLDOUT 的描述記錄，鎖定判定不變，不得用於重新選模·未扣成本·事後欄位以 m_ 標示·非投資建議
HO,6,2024-10-29,2024-10-30,3701,大眾控,TWSE,S,,fV300,S1@5,206,335,漏網,1478,-5.555586,,atr14=0.423|n_lu_250=0.364|r20=0.275|c_ma120=0.047|vr20=0.726|days_since_lu=0.657|dt_ratio20=0.439|lend_to_v=0.936|rev_yoy=0.265|o_turn=0.070|o_log_mcap=0.420|o_lu_follow=0.345,"官方日成交結構(MI_INDEX/dailyQuotes)=1|發行股數(MI_QFIIS/dailyQuotes)=1|外資持股(MI_QFIIS,僅上市)=1|自營商(T86/上櫃三大法人)=1|當沖(TWTB4U/上櫃intraday)=1|季財報(MOPS t163sb04)=1|月營收(MOPS/openapi)=1|官方產業別(MOPS t05st03)=1|融資券(MI_MARGN)=1|借券(TWT93U)=1|法人(T86)=1",555,inf,250.0,official_prepanel,215.7,2.0,0.0,0.0,0,1,2.996,24.095,7.241,887.0,0,未扣成本·事後欄位以 m_ 標示·非投資建議,names.json,HO-model（2024Q2～Q4，挑戰者評估窗）,鎖後描述，不參與判定（DEV-009；使用者 G1 第 5 項 2026-10-05）：落選挑戰者在 HOLDOUT 的描述記錄，鎖定判定不變，不得用於重新選模·未扣成本·事後欄位以 m_ 標示·非投資建議
HO,6,2024-10-29,2024-10-30,5314,世紀*,TPEx,S,,fV300,S1@5,31,335,漏網,111,-3.258734,,atr14=0.936|n_lu_250=1.000|r20=0.639|c_ma120=0.711|vr20=0.030|days_since_lu=0.095|dt_ratio20=NaN|lend_to_v=0.055|rev_yoy=0.993|o_turn=0.426|o_log_mcap=0.133|o_lu_follow=0.970,"官方日成交結構(MI_INDEX/dailyQuotes)=1|發行股數(MI_QFIIS/dailyQuotes)=1|外資持股(MI_QFIIS,僅上市)=0|自營商(T86/上櫃三大法人)=1|當沖(TWTB4U/上櫃intraday)=1|季財報(MOPS t163sb04)=1|月營收(MOPS/openapi)=1|官方產業別(MOPS t05st03)=1|融資券(MI_MARGN)=1|借券(TWT93U)=1|法人(T86)=1",555,inf,250.0,official_prepanel,259.85,2.0,0.0,0.0,0,1,10.488,21.707,33.171,445.0,0,未扣成本·事後欄位以 m_ 標示·非投資建議,names.json,HO-model（2024Q2～Q4，挑戰者評估窗）,鎖後描述，不參與判定（DEV-009；使用者 G1 第 5 項 2026-10-05）：落選挑戰者在 HOLDOUT 的描述記錄，鎖定判定不變，不得用於重新選模·未扣成本·事後欄位以 m_ 標示·非投資建議
HO,6,2024-11-06,2024-11-07,6144,得利影,TPEx,S,,fV300,S1@5,63,326,漏網,816,-4.230588,,atr14=1.000|n_lu_250=0.932|r20=0.000|c_ma120=0.000|vr20=0.000|days_since_lu=0.232|dt_ratio20=NaN|lend_to_v=0.015|rev_yoy=0.346|o_turn=0.001|o_log_mcap=0.031|o_lu_follow=0.938,"官方日成交結構(MI_INDEX/dailyQuotes)=1|發行股數(MI_QFIIS/dailyQuotes)=1|外資持股(MI_QFIIS,僅上市)=0|自營商(T86/上櫃三大法人)=0|當沖(TWTB4U/上櫃intraday)=0|季財報(MOPS t163sb04)=1|月營收(MOPS/openapi)=1|官方產業別(MOPS t05st03)=1|融資券(MI_MARGN)=1|借券(TWT93U)=1|法人(T86)=0",560,inf,250.0,official_prepanel,140.25,1.0,1.0,5.0,0,1,9.634,-3.415,-22.073,221.0,1,未扣成本·事後欄位以 m_ 標示·非投資建議,names.json,HO-model（2024Q2～Q4，挑戰者評估窗）,鎖後描述，不參與判定（DEV-009；使用者 G1 第 5 項 2026-10-05）：落選挑戰者在 HOLDOUT 的描述記錄，鎖定判定不變，不得用於重新選模·未扣成本·事後欄位以 m_ 標示·非投資建議
HO,6,2024-11-12,2024-11-13,3625,西勝,TPEx,S,,fV300,S1@5,14,331,漏網,1596,-3.048176,,atr14=0.285|n_lu_250=0.353|r20=0.191|c_ma120=0.160|vr20=0.903|days_since_lu=0.506|dt_ratio20=NaN|lend_to_v=0.013|rev_yoy=0.013|o_turn=0.193|o_log_mcap=0.015|o_lu_follow=0.360,"官方日成交結構(MI_INDEX/dailyQuotes)=1|發行股數(MI_QFIIS/dailyQuotes)=1|外資持股(MI_QFIIS,僅上市)=0|自營商(T86/上櫃三大法人)=1|當沖(TWTB4U/上櫃intraday)=0|季財報(MOPS t163sb04)=1|月營收(MOPS/openapi)=1|官方產業別(MOPS t05st03)=1|融資券(MI_MARGN)=1|借券(TWT93U)=1|法人(T86)=1",564,inf,250.0,official_prepanel,133.2,1.0,0.0,0.0,0,1,8.145,40.724,41.629,617.0,0,未扣成本·事後欄位以 m_ 標示·非投資建議,names.json,HO-model（2024Q2～Q4，挑戰者評估窗）,鎖後描述，不參與判定（DEV-009；使用者 G1 第 5 項 2026-10-05）：落選挑戰者在 HOLDOUT 的描述記錄，鎖定判定不變，不得用於重新選模·未扣成本·事後欄位以 m_ 標示·非投資建議
HO,6,2024-11-19,2024-11-20,8171,天宇,TPEx,S,,fV300,S1@5,252,343,漏網,771,-6.002714,,atr14=0.282|n_lu_250=0.361|r20=0.653|c_ma120=0.446|vr20=0.225|days_since_lu=0.332|dt_ratio20=NaN|lend_to_v=0.690|rev_yoy=0.286|o_turn=0.098|o_log_mcap=0.095|o_lu_follow=0.356,"官方日成交結構(MI_INDEX/dailyQuotes)=1|發行股數(MI_QFIIS/dailyQuotes)=1|外資持股(MI_QFIIS,僅上市)=0|自營商(T86/上櫃三大法人)=1|當沖(TWTB4U/上櫃intraday)=1|季財報(MOPS t163sb04)=1|月營收(MOPS/openapi)=1|官方產業別(MOPS t05st03)=1|融資券(MI_MARGN)=1|借券(TWT93U)=1|法人(T86)=1",569,inf,250.0,official_prepanel,225.3,2.0,0.0,0.0,1,0,0.0,16.505,15.95,699.0,0,未扣成本·事後欄位以 m_ 標示·非投資建議,names.json,HO-model（2024Q2～Q4，挑戰者評估窗）,鎖後描述，不參與判定（DEV-009；使用者 G1 第 5 項 2026-10-05）：落選挑戰者在 HOLDOUT 的描述記錄，鎖定判定不變，不得用於重新選模·未扣成本·事後欄位以 m_ 標示·非投資建議
HO,6,2024-11-25,2024-11-26,6174,安碁,TPEx,S,,fV300,S1@5,9,344,漏網,75,-2.518718,,atr14=0.891|n_lu_250=0.822|r20=0.799|c_ma120=0.779|vr20=0.087|days_since_lu=0.066|dt_ratio20=NaN|lend_to_v=0.160|rev_yoy=0.759|o_turn=0.125|o_log_mcap=0.012|o_lu_follow=0.268,"官方日成交結構(MI_INDEX/dailyQuotes)=1|發行股數(MI_QFIIS/dailyQuotes)=1|外資持股(MI_QFIIS,僅上市)=0|自營商(T86/上櫃三大法人)=1|當沖(TWTB4U/上櫃intraday)=1|季財報(MOPS t163sb04)=1|月營收(MOPS/openapi)=1|官方產業別(MOPS t05st03)=1|融資券(MI_MARGN)=1|借券(TWT93U)=1|法人(T86)=1",573,inf,250.0,official_prepanel,291.85,2.0,0.0,0.0,0,1,9.13,14.13,13.261,1377.0,0,未扣成本·事後欄位以 m_ 標示·非投資建議,names.json,HO-model（2024Q2～Q4，挑戰者評估窗）,鎖後描述，不參與判定（DEV-009；使用者 G1 第 5 項 2026-10-05）：落選挑戰者在 HOLDOUT 的描述記錄，鎖定判定不變，不得用於重新選模·未扣成本·事後欄位以 m_ 標示·非投資建議
HO,6,2024-11-29,2024-12-02,4912,聯德控股-KY,TWSE,S,,fV300,S1@5,330,340,漏網,482,-7.081948,,atr14=0.160|n_lu_250=0.495|r20=0.767|c_ma120=0.610|vr20=0.308|days_since_lu=0.655|dt_ratio20=0.048|lend_to_v=0.427|rev_yoy=0.439|o_turn=0.087|o_log_mcap=0.336|o_lu_follow=0.207,"官方日成交結構(MI_INDEX/dailyQuotes)=1|發行股數(MI_QFIIS/dailyQuotes)=1|外資持股(MI_QFIIS,僅上市)=1|自營商(T86/上櫃三大法人)=1|當沖(TWTB4U/上櫃intraday)=1|季財報(MOPS t163sb04)=1|月營收(MOPS/openapi)=1|官方產業別(MOPS t05st03)=1|融資券(MI_MARGN)=1|借券(TWT93U)=1|法人(T86)=1",577,inf,250.0,official_prepanel,139.5,1.0,0.0,0.0,0,1,9.813,21.028,20.793,1360.0,0,未扣成本·事後欄位以 m_ 標示·非投資建議,names.json,HO-model（2024Q2～Q4，挑戰者評估窗）,鎖後描述，不參與判定（DEV-009；使用者 G1 第 5 項 2026-10-05）：落選挑戰者在 HOLDOUT 的描述記錄，鎖定判定不變，不得用於重新選模·未扣成本·事後欄位以 m_ 標示·非投資建議
HO,6,2024-11-29,2024-12-02,6426,統新,TWSE,S,,fV300,S1@5,26,340,漏網,230,-3.489087,,atr14=0.534|n_lu_250=0.364|r20=0.892|c_ma120=0.843|vr20=0.615|days_since_lu=0.706|dt_ratio20=0.568|lend_to_v=0.677|rev_yoy=0.040|o_turn=0.595|o_log_mcap=0.110|o_lu_follow=0.362,"官方日成交結構(MI_INDEX/dailyQuotes)=1|發行股數(MI_QFIIS/dailyQuotes)=1|外資持股(MI_QFIIS,僅上市)=1|自營商(T86/上櫃三大法人)=1|當沖(TWTB4U/上櫃intraday)=1|季財報(MOPS t163sb04)=1|月營收(MOPS/openapi)=1|官方產業別(MOPS t05st03)=1|融資券(MI_MARGN)=1|借券(TWT93U)=1|法人(T86)=1",577,inf,250.0,official_prepanel,268.05,2.0,0.0,0.0,0,1,3.47,39.46,19.537,2481.0,0,未扣成本·事後欄位以 m_ 標示·非投資建議,names.json,HO-model（2024Q2～Q4，挑戰者評估窗）,鎖後描述，不參與判定（DEV-009；使用者 G1 第 5 項 2026-10-05）：落選挑戰者在 HOLDOUT 的描述記錄，鎖定判定不變，不得用於重新選模·未扣成本·事後欄位以 m_ 標示·非投資建議
HO,6,2024-12-04,2024-12-05,4953,緯致,TPEx,S,,fV300,S1@5,250,338,漏網,1552,-5.879514,,atr14=0.156|n_lu_250=0.144|r20=0.296|c_ma120=0.384|vr20=0.723|days_since_lu=0.744|dt_ratio20=NaN|lend_to_v=0.632|rev_yoy=0.627|o_turn=0.281|o_log_mcap=0.392|o_lu_follow=0.670,"官方日成交結構(MI_INDEX/dailyQuotes)=1|發行股數(MI_QFIIS/dailyQuotes)=1|外資持股(MI_QFIIS,僅上市)=0|自營商(T86/上櫃三大法人)=1|當沖(TWTB4U/上櫃intraday)=1|季財報(MOPS t163sb04)=1|月營收(MOPS/openapi)=1|官方產業別(MOPS t05st03)=1|融資券(MI_MARGN)=1|借券(TWT93U)=1|法人(T86)=1",580,inf,250.0,official_prepanel,155.85,1.0,0.0,0.0,0,1,8.297,21.397,3.93,1207.0,0,未扣成本·事後欄位以 m_ 標示·非投資建議,names.json,HO-model（2024Q2～Q4，挑戰者評估窗）,鎖後描述，不參與判定（DEV-009；使用者 G1 第 5 項 2026-10-05）：落選挑戰者在 HOLDOUT 的描述記錄，鎖定判定不變，不得用於重新選模·未扣成本·事後欄位以 m_ 標示·非投資建議
HO,6,2024-12-04,2024-12-05,6141,柏承,TWSE,S,,fV300,S1@5,38,338,漏網,1387,-3.218218,,atr14=0.191|n_lu_250=0.586|r20=0.303|c_ma120=0.113|vr20=0.848|days_since_lu=0.600|dt_ratio20=0.087|lend_to_v=0.743|rev_yoy=0.059|o_turn=0.295|o_log_mcap=0.017|o_lu_follow=0.113,"官方日成交結構(MI_INDEX/dailyQuotes)=1|發行股數(MI_QFIIS/dailyQuotes)=1|外資持股(MI_QFIIS,僅上市)=1|自營商(T86/上櫃三大法人)=1|當沖(TWTB4U/上櫃intraday)=1|季財報(MOPS t163sb04)=1|月營收(MOPS/openapi)=1|官方產業別(MOPS t05st03)=1|融資券(MI_MARGN)=1|借券(TWT93U)=1|法人(T86)=1",580,inf,250.0,official_prepanel,183.2,1.0,0.0,0.0,0,1,10.4,17.2,14.0,1112.0,0,未扣成本·事後欄位以 m_ 標示·非投資建議,names.json,HO-model（2024Q2～Q4，挑戰者評估窗）,鎖後描述，不參與判定（DEV-009；使用者 G1 第 5 項 2026-10-05）：落選挑戰者在 HOLDOUT 的描述記錄，鎖定判定不變，不得用於重新選模·未扣成本·事後欄位以 m_ 標示·非投資建議
HO,6,2024-12-04,2024-12-05,6689,伊雲谷,TWSE,S,,fV300,S1@5,294,338,漏網,760,-6.252735,,atr14=0.320|n_lu_250=0.363|r20=0.689|c_ma120=0.320|vr20=0.476|days_since_lu=0.556|dt_ratio20=0.358|lend_to_v=0.572|rev_yoy=0.751|o_turn=0.241|o_log_mcap=0.313|o_lu_follow=0.360,"官方日成交結構(MI_INDEX/dailyQuotes)=1|發行股數(MI_QFIIS/dailyQuotes)=1|外資持股(MI_QFIIS,僅上市)=1|自營商(T86/上櫃三大法人)=1|當沖(TWTB4U/上櫃intraday)=1|季財報(MOPS t163sb04)=1|月營收(MOPS/openapi)=1|官方產業別(MOPS t05st03)=1|融資券(MI_MARGN)=1|借券(TWT93U)=1|法人(T86)=1",540,540.0,250.0,official,196.55,1.0,0.0,0.0,0,1,9.091,20.321,18.182,1606.0,0,未扣成本·事後欄位以 m_ 標示·非投資建議,names.json,HO-model（2024Q2～Q4，挑戰者評估窗）,鎖後描述，不參與判定（DEV-009；使用者 G1 第 5 項 2026-10-05）：落選挑戰者在 HOLDOUT 的描述記錄，鎖定判定不變，不得用於重新選模·未扣成本·事後欄位以 m_ 標示·非投資建議
HO,6,2024-12-18,2024-12-19,2250,IKKA-KY,TWSE,S,,fV300,S1@5,63,334,漏網,317,-4.134284,,atr14=0.234|n_lu_250=0.790|r20=0.710|c_ma120=0.651|vr20=0.953|days_since_lu=0.375|dt_ratio20=0.784|lend_to_v=0.548|rev_yoy=0.159|o_turn=0.784|o_log_mcap=0.128|o_lu_follow=0.440,"官方日成交結構(MI_INDEX/dailyQuotes)=1|發行股數(MI_QFIIS/dailyQuotes)=1|外資持股(MI_QFIIS,僅上市)=1|自營商(T86/上櫃三大法人)=1|當沖(TWTB4U/上櫃intraday)=1|季財報(MOPS t163sb04)=1|月營收(MOPS/openapi)=1|官方產業別(MOPS t05st03)=1|融資券(MI_MARGN)=1|借券(TWT93U)=1|法人(T86)=1",590,inf,250.0,official_prepanel,154.3,1.0,0.0,0.0,0,1,10.521,45.59,42.402,1593.0,0,未扣成本·事後欄位以 m_ 標示·非投資建議,names.json,HO-model（2024Q2～Q4，挑戰者評估窗）,鎖後描述，不參與判定（DEV-009；使用者 G1 第 5 項 2026-10-05）：落選挑戰者在 HOLDOUT 的描述記錄，鎖定判定不變，不得用於重新選模·未扣成本·事後欄位以 m_ 標示·非投資建議
HO,6,2024-12-20,2024-12-23,6922,宸曜,TPEx,S,,fV300,S1@5,13,332,漏網,84,-2.601892,,atr14=0.760|n_lu_250=0.758|r20=0.972|c_ma120=0.819|vr20=0.933|days_since_lu=0.118|dt_ratio20=NaN|lend_to_v=0.262|rev_yoy=0.827|o_turn=0.721|o_log_mcap=0.217|o_lu_follow=0.919,"官方日成交結構(MI_INDEX/dailyQuotes)=1|發行股數(MI_QFIIS/dailyQuotes)=1|外資持股(MI_QFIIS,僅上市)=0|自營商(T86/上櫃三大法人)=1|當沖(TWTB4U/上櫃intraday)=1|季財報(MOPS t163sb04)=1|月營收(MOPS/openapi)=1|官方產業別(MOPS t05st03)=1|融資券(MI_MARGN)=0|借券(TWT93U)=1|法人(T86)=1",272,272.0,250.0,official,100.5,1.0,0.0,0.0,0,1,3.064,17.549,14.485,328.0,0,未扣成本·事後欄位以 m_ 標示·非投資建議,names.json,HO-model（2024Q2～Q4，挑戰者評估窗）,鎖後描述，不參與判定（DEV-009；使用者 G1 第 5 項 2026-10-05）：落選挑戰者在 HOLDOUT 的描述記錄，鎖定判定不變，不得用於重新選模·未扣成本·事後欄位以 m_ 標示·非投資建議
HO,6,2024-12-24,2024-12-25,3504,揚明光,TWSE,S,,fV300,S1@5,43,339,漏網,1123,-3.920493,,atr14=0.447|n_lu_250=0.140|r20=0.319|c_ma120=0.543|vr20=0.960|days_since_lu=0.731|dt_ratio20=0.411|lend_to_v=0.767|rev_yoy=0.291|o_turn=0.567|o_log_mcap=0.301|o_lu_follow=0.673,"官方日成交結構(MI_INDEX/dailyQuotes)=1|發行股數(MI_QFIIS/dailyQuotes)=1|外資持股(MI_QFIIS,僅上市)=1|自營商(T86/上櫃三大法人)=1|當沖(TWTB4U/上櫃intraday)=1|季財報(MOPS t163sb04)=1|月營收(MOPS/openapi)=1|官方產業別(MOPS t05st03)=1|融資券(MI_MARGN)=1|借券(TWT93U)=1|法人(T86)=1",594,inf,250.0,official_prepanel,200.4,2.0,0.0,0.0,0,1,8.079,10.952,10.592,1913.0,0,未扣成本·事後欄位以 m_ 標示·非投資建議,names.json,HO-model（2024Q2～Q4，挑戰者評估窗）,鎖後描述，不參與判定（DEV-009；使用者 G1 第 5 項 2026-10-05）：落選挑戰者在 HOLDOUT 的描述記錄，鎖定判定不變，不得用於重新選模·未扣成本·事後欄位以 m_ 標示·非投資建議
HO,6,2024-12-24,2024-12-25,6517,保勝光學,TPEx,S,,fV300,S1@5,84,339,漏網,964,-4.614989,,atr14=0.574|n_lu_250=0.798|r20=0.068|c_ma120=0.184|vr20=0.202|days_since_lu=0.369|dt_ratio20=NaN|lend_to_v=0.600|rev_yoy=0.070|o_turn=0.234|o_log_mcap=0.036|o_lu_follow=0.847,"官方日成交結構(MI_INDEX/dailyQuotes)=1|發行股數(MI_QFIIS/dailyQuotes)=1|外資持股(MI_QFIIS,僅上市)=0|自營商(T86/上櫃三大法人)=1|當沖(TWTB4U/上櫃intraday)=1|季財報(MOPS t163sb04)=1|月營收(MOPS/openapi)=1|官方產業別(MOPS t05st03)=1|融資券(MI_MARGN)=1|借券(TWT93U)=1|法人(T86)=1",488,488.0,250.0,official,144.75,1.0,0.0,0.0,0,1,9.003,22.83,11.736,355.0,0,未扣成本·事後欄位以 m_ 標示·非投資建議,names.json,HO-model（2024Q2～Q4，挑戰者評估窗）,鎖後描述，不參與判定（DEV-009；使用者 G1 第 5 項 2026-10-05）：落選挑戰者在 HOLDOUT 的描述記錄，鎖定判定不變，不得用於重新選模·未扣成本·事後欄位以 m_ 標示·非投資建議
HO,6,2024-12-25,2024-12-26,1325,恆大,TWSE,S,,fV300,S1@5,69,340,漏網,800,-4.509946,,atr14=0.559|n_lu_250=0.829|r20=0.187|c_ma120=0.252|vr20=0.740|days_since_lu=0.570|dt_ratio20=0.307|lend_to_v=0.861|rev_yoy=0.270|o_turn=0.361|o_log_mcap=0.052|o_lu_follow=0.939,"官方日成交結構(MI_INDEX/dailyQuotes)=1|發行股數(MI_QFIIS/dailyQuotes)=1|外資持股(MI_QFIIS,僅上市)=1|自營商(T86/上櫃三大法人)=1|當沖(TWTB4U/上櫃intraday)=1|季財報(MOPS t163sb04)=1|月營收(MOPS/openapi)=1|官方產業別(MOPS t05st03)=1|融資券(MI_MARGN)=1|借券(TWT93U)=1|法人(T86)=1",595,inf,250.0,official_prepanel,213.2,2.0,0.0,0.0,0,1,4.924,9.091,45.455,785.0,0,未扣成本·事後欄位以 m_ 標示·非投資建議,names.json,HO-model（2024Q2～Q4，挑戰者評估窗）,鎖後描述，不參與判定（DEV-009；使用者 G1 第 5 項 2026-10-05）：落選挑戰者在 HOLDOUT 的描述記錄，鎖定判定不變，不得用於重新選模·未扣成本·事後欄位以 m_ 標示·非投資建議
HO,6,2024-12-30,2024-12-31,6791,虎門科技,TPEx,S,,fV300,S1@5,80,340,漏網,220,-4.125198,,atr14=0.952|n_lu_250=0.908|r20=0.178|c_ma120=0.912|vr20=0.119|days_since_lu=0.128|dt_ratio20=NaN|lend_to_v=NaN|rev_yoy=0.576|o_turn=0.519|o_log_mcap=0.099|o_lu_follow=0.932,"官方日成交結構(MI_INDEX/dailyQuotes)=1|發行股數(MI_QFIIS/dailyQuotes)=1|外資持股(MI_QFIIS,僅上市)=0|自營商(T86/上櫃三大法人)=1|當沖(TWTB4U/上櫃intraday)=0|季財報(MOPS t163sb04)=1|月營收(MOPS/openapi)=1|官方產業別(MOPS t05st03)=1|融資券(MI_MARGN)=0|借券(TWT93U)=0|法人(T86)=1",515,515.0,250.0,official,286.15,2.0,0.0,0.0,0,1,8.367,29.88,19.92,326.0,0,未扣成本·事後欄位以 m_ 標示·非投資建議,names.json,HO-model（2024Q2～Q4，挑戰者評估窗）,鎖後描述，不參與判定（DEV-009；使用者 G1 第 5 項 2026-10-05）：落選挑戰者在 HOLDOUT 的描述記錄，鎖定判定不變，不得用於重新選模·未扣成本·事後欄位以 m_ 標示·非投資建議
HO,6,2024-12-31,2025-01-02,6477,安集,TWSE,S,,fV300,S1@5,106,340,漏網,1494,-4.974362,,atr14=0.381|n_lu_250=0.486|r20=0.146|c_ma120=0.098|vr20=0.420|days_since_lu=0.558|dt_ratio20=0.215|lend_to_v=0.966|rev_yoy=0.077|o_turn=0.076|o_log_mcap=0.166|o_lu_follow=0.207,"官方日成交結構(MI_INDEX/dailyQuotes)=1|發行股數(MI_QFIIS/dailyQuotes)=1|外資持股(MI_QFIIS,僅上市)=1|自營商(T86/上櫃三大法人)=1|當沖(TWTB4U/上櫃intraday)=1|季財報(MOPS t163sb04)=1|月營收(MOPS/openapi)=1|官方產業別(MOPS t05st03)=1|融資券(MI_MARGN)=1|借券(TWT93U)=1|法人(T86)=1",599,inf,250.0,official_prepanel,206.65,2.0,0.0,0.0,1,0,0.0,31.179,26.01,727.0,0,未扣成本·事後欄位以 m_ 標示·非投資建議,names.json,HO-model（2024Q2～Q4，挑戰者評估窗）,鎖後描述，不參與判定（DEV-009；使用者 G1 第 5 項 2026-10-05）：落選挑戰者在 HOLDOUT 的描述記錄，鎖定判定不變，不得用於重新選模·未扣成本·事後欄位以 m_ 標示·非投資建議
HO,1,2023-08-07,2023-08-08,2516,新建,TWSE,S,,fP10|fV300,S2@5,21,307,漏網,1076,-3.156916,,atr14=0.186|n_lu_250=0.165|r20=0.532|c_ma120=0.418|vr20=0.872|days_since_lu=0.835|dt_ratio20=NaN|lend_to_v=0.016|rev_yoy=0.830|o_turn=0.170|o_log_mcap=0.022|o_lu_follow=0.673,"官方日成交結構(MI_INDEX/dailyQuotes)=1|發行股數(MI_QFIIS/dailyQuotes)=1|外資持股(MI_QFIIS,僅上市)=1|自營商(T86/上櫃三大法人)=1|當沖(TWTB4U/上櫃intraday)=0|季財報(MOPS t163sb04)=1|月營收(MOPS/openapi)=1|官方產業別(MOPS t05st03)=1|融資券(MI_MARGN)=1|借券(TWT93U)=1|法人(T86)=1",256,inf,250.0,official_prepanel,237.95,2.0,0.0,0.0,0,1,5.1,23.133,39.344,3352.0,0,未扣成本·事後欄位以 m_ 標示·非投資建議,names.json,HO 第 1～3 折：面板起點限制，不作判定,鎖後描述，不參與判定（DEV-009；使用者 G1 第 5 項 2026-10-05）：落選挑戰者在 HOLDOUT 的描述記錄，鎖定判定不變，不得用於重新選模·未扣成本·事後欄位以 m_ 標示·非投資建議
HO,1,2023-08-10,2023-08-11,4154,樂威科-KY,TPEx,S,,fV300|fH125,S2@5,10,316,漏網,1604,-2.604959,,atr14=0.904|n_lu_250=0.163|r20=0.000|c_ma120=0.000|vr20=0.070|days_since_lu=0.838|dt_ratio20=NaN|lend_to_v=NaN|rev_yoy=0.245|o_turn=0.199|o_log_mcap=0.000|o_lu_follow=0.665,"官方日成交結構(MI_INDEX/dailyQuotes)=1|發行股數(MI_QFIIS/dailyQuotes)=1|外資持股(MI_QFIIS,僅上市)=0|自營商(T86/上櫃三大法人)=0|當沖(TWTB4U/上櫃intraday)=0|季財報(MOPS t163sb04)=1|月營收(MOPS/openapi)=1|官方產業別(MOPS t05st03)=1|融資券(MI_MARGN)=0|借券(TWT93U)=0|法人(T86)=0",259,inf,250.0,official_prepanel,263.75,2.0,1.0,0.0,0,1,7.083,35.833,12.083,271.0,0,未扣成本·事後欄位以 m_ 標示·非投資建議,names.json,HO 第 1～3 折：面板起點限制，不作判定,鎖後描述，不參與判定（DEV-009；使用者 G1 第 5 項 2026-10-05）：落選挑戰者在 HOLDOUT 的描述記錄，鎖定判定不變，不得用於重新選模·未扣成本·事後欄位以 m_ 標示·非投資建議
HO,1,2023-08-14,2023-08-15,3664,安瑞-KY,TPEx,S,,fV300,S2@5,13,305,漏網,771,-2.784071,,atr14=0.896|n_lu_250=0.999|r20=0.003|c_ma120=0.044|vr20=0.506|days_since_lu=0.286|dt_ratio20=NaN|lend_to_v=0.016|rev_yoy=0.715|o_turn=0.266|o_log_mcap=0.033|o_lu_follow=0.933,"官方日成交結構(MI_INDEX/dailyQuotes)=1|發行股數(MI_QFIIS/dailyQuotes)=1|外資持股(MI_QFIIS,僅上市)=0|自營商(T86/上櫃三大法人)=1|當沖(TWTB4U/上櫃intraday)=0|季財報(MOPS t163sb04)=1|月營收(MOPS/openapi)=1|官方產業別(MOPS t05st03)=1|融資券(MI_MARGN)=1|借券(TWT93U)=1|法人(T86)=1",261,inf,250.0,official_prepanel,253.6,2.0,0.0,0.0,0,1,9.825,13.974,17.467,124.0,0,未扣成本·事後欄位以 m_ 標示·非投資建議,names.json,HO 第 1～3 折：面板起點限制，不作判定,鎖後描述，不參與判定（DEV-009；使用者 G1 第 5 項 2026-10-05）：落選挑戰者在 HOLDOUT 的描述記錄，鎖定判定不變，不得用於重新選模·未扣成本·事後欄位以 m_ 標示·非投資建議
HO,1,2023-08-24,2023-08-25,5301,寶得利,TPEx,S,,fV300,S2@5,7,327,漏網,801,-2.580303,,atr14=0.807|n_lu_250=0.952|r20=0.057|c_ma120=0.043|vr20=0.229|days_since_lu=0.120|dt_ratio20=NaN|lend_to_v=0.012|rev_yoy=0.983|o_turn=0.050|o_log_mcap=0.045|o_lu_follow=0.895,"官方日成交結構(MI_INDEX/dailyQuotes)=1|發行股數(MI_QFIIS/dailyQuotes)=1|外資持股(MI_QFIIS,僅上市)=0|自營商(T86/上櫃三大法人)=1|當沖(TWTB4U/上櫃intraday)=0|季財報(MOPS t163sb04)=1|月營收(MOPS/openapi)=1|官方產業別(MOPS t05st03)=0|融資券(MI_MARGN)=1|借券(TWT93U)=1|法人(T86)=1",269,inf,250.0,official_prepanel,203.25,2.0,0.0,0.0,1,0,0.0,15.094,4.151,231.0,0,未扣成本·事後欄位以 m_ 標示·非投資建議,TPEx 上市（櫃）快照 2026-10-02 簡稱（現名）,HO 第 1～3 折：面板起點限制，不作判定,鎖後描述，不參與判定（DEV-009；使用者 G1 第 5 項 2026-10-05）：落選挑戰者在 HOLDOUT 的描述記錄，鎖定判定不變，不得用於重新選模·未扣成本·事後欄位以 m_ 標示·非投資建議
HO,1,2023-08-30,2023-08-31,3432,台端,TWSE,S,,fV300,S2@5,35,340,漏網,862,-3.667896,,atr14=0.483|n_lu_250=0.960|r20=0.286|c_ma120=0.016|vr20=0.764|days_since_lu=0.228|dt_ratio20=NaN|lend_to_v=0.074|rev_yoy=0.041|o_turn=0.196|o_log_mcap=0.002|o_lu_follow=0.948,"官方日成交結構(MI_INDEX/dailyQuotes)=1|發行股數(MI_QFIIS/dailyQuotes)=1|外資持股(MI_QFIIS,僅上市)=1|自營商(T86/上櫃三大法人)=1|當沖(TWTB4U/上櫃intraday)=0|季財報(MOPS t163sb04)=1|月營收(MOPS/openapi)=1|官方產業別(MOPS t05st03)=1|融資券(MI_MARGN)=1|借券(TWT93U)=1|法人(T86)=1",273,inf,250.0,official_prepanel,101.9,1.0,0.0,0.0,0,1,8.182,9.545,3.636,391.0,0,未扣成本·事後欄位以 m_ 標示·非投資建議,names.json,HO 第 1～3 折：面板起點限制，不作判定,鎖後描述，不參與判定（DEV-009；使用者 G1 第 5 項 2026-10-05）：落選挑戰者在 HOLDOUT 的描述記錄，鎖定判定不變，不得用於重新選模·未扣成本·事後欄位以 m_ 標示·非投資建議
HO,1,2023-08-31,2023-09-01,5215,科嘉-KY,TWSE,S,,fV300,S2@5,152,342,漏網,190,-5.289793,,atr14=0.748|n_lu_250=0.844|r20=0.694|c_ma120=0.507|vr20=0.105|days_since_lu=0.638|dt_ratio20=0.447|lend_to_v=0.380|rev_yoy=0.493|o_turn=0.064|o_log_mcap=0.158|o_lu_follow=0.942,"官方日成交結構(MI_INDEX/dailyQuotes)=1|發行股數(MI_QFIIS/dailyQuotes)=1|外資持股(MI_QFIIS,僅上市)=1|自營商(T86/上櫃三大法人)=1|當沖(TWTB4U/上櫃intraday)=1|季財報(MOPS t163sb04)=1|月營收(MOPS/openapi)=1|官方產業別(MOPS t05st03)=1|融資券(MI_MARGN)=1|借券(TWT93U)=1|法人(T86)=1",274,inf,250.0,official_prepanel,200.85,2.0,0.0,0.0,0,1,6.379,21.193,25.514,1202.0,0,未扣成本·事後欄位以 m_ 標示·非投資建議,names.json,HO 第 1～3 折：面板起點限制，不作判定,鎖後描述，不參與判定（DEV-009；使用者 G1 第 5 項 2026-10-05）：落選挑戰者在 HOLDOUT 的描述記錄，鎖定判定不變，不得用於重新選模·未扣成本·事後欄位以 m_ 標示·非投資建議
HO,1,2023-09-01,2023-09-04,8068,全達,TPEx,S,,fV300,S2@5,43,338,漏網,437,-3.680563,,atr14=0.493|n_lu_250=0.563|r20=0.531|c_ma120=0.525|vr20=0.928|days_since_lu=0.558|dt_ratio20=NaN|lend_to_v=0.599|rev_yoy=0.871|o_turn=0.390|o_log_mcap=0.083|o_lu_follow=0.219,"官方日成交結構(MI_INDEX/dailyQuotes)=1|發行股數(MI_QFIIS/dailyQuotes)=1|外資持股(MI_QFIIS,僅上市)=0|自營商(T86/上櫃三大法人)=1|當沖(TWTB4U/上櫃intraday)=1|季財報(MOPS t163sb04)=1|月營收(MOPS/openapi)=1|官方產業別(MOPS t05st03)=1|融資券(MI_MARGN)=1|借券(TWT93U)=1|法人(T86)=1",275,inf,250.0,official_prepanel,102.0,1.0,0.0,0.0,0,1,0.471,14.443,34.066,3109.0,0,未扣成本·事後欄位以 m_ 標示·非投資建議,names.json,HO 第 1～3 折：面板起點限制，不作判定,鎖後描述，不參與判定（DEV-009；使用者 G1 第 5 項 2026-10-05）：落選挑戰者在 HOLDOUT 的描述記錄，鎖定判定不變，不得用於重新選模·未扣成本·事後欄位以 m_ 標示·非投資建議
HO,1,2023-09-13,2023-09-14,8467,波力-KY,TWSE,S,,fV300,S2@5,84,343,漏網,119,-4.512669,,atr14=0.826|n_lu_250=0.559|r20=0.921|c_ma120=0.786|vr20=0.596|days_since_lu=0.312|dt_ratio20=0.388|lend_to_v=0.153|rev_yoy=0.279|o_turn=0.388|o_log_mcap=0.187|o_lu_follow=0.221,"官方日成交結構(MI_INDEX/dailyQuotes)=1|發行股數(MI_QFIIS/dailyQuotes)=1|外資持股(MI_QFIIS,僅上市)=1|自營商(T86/上櫃三大法人)=1|當沖(TWTB4U/上櫃intraday)=1|季財報(MOPS t163sb04)=1|月營收(MOPS/openapi)=1|官方產業別(MOPS t05st03)=1|融資券(MI_MARGN)=1|借券(TWT93U)=1|法人(T86)=1",283,inf,250.0,official_prepanel,180.2,1.0,0.0,0.0,0,1,5.811,17.162,12.027,316.0,0,未扣成本·事後欄位以 m_ 標示·非投資建議,names.json,HO 第 1～3 折：面板起點限制，不作判定,鎖後描述，不參與判定（DEV-009；使用者 G1 第 5 項 2026-10-05）：落選挑戰者在 HOLDOUT 的描述記錄，鎖定判定不變，不得用於重新選模·未扣成本·事後欄位以 m_ 標示·非投資建議
HO,2,2023-10-02,2023-10-03,8093,保銳,TPEx,S,,fV300,S2@5,6,324,漏網,759,-2.52839,,atr14=0.805|n_lu_250=0.992|r20=0.056|c_ma120=0.055|vr20=0.867|days_since_lu=0.203|dt_ratio20=NaN|lend_to_v=0.010|rev_yoy=0.558|o_turn=0.550|o_log_mcap=0.005|o_lu_follow=0.956,"官方日成交結構(MI_INDEX/dailyQuotes)=1|發行股數(MI_QFIIS/dailyQuotes)=1|外資持股(MI_QFIIS,僅上市)=0|自營商(T86/上櫃三大法人)=1|當沖(TWTB4U/上櫃intraday)=0|季財報(MOPS t163sb04)=1|月營收(MOPS/openapi)=1|官方產業別(MOPS t05st03)=1|融資券(MI_MARGN)=1|借券(TWT93U)=1|法人(T86)=1",295,inf,250.0,official_prepanel,170.7,1.0,0.0,0.0,0,1,10.333,16.333,28.0,877.0,0,未扣成本·事後欄位以 m_ 標示·非投資建議,names.json,HO 第 1～3 折：面板起點限制，不作判定,鎖後描述，不參與判定（DEV-009；使用者 G1 第 5 項 2026-10-05）：落選挑戰者在 HOLDOUT 的描述記錄，鎖定判定不變，不得用於重新選模·未扣成本·事後欄位以 m_ 標示·非投資建議
HO,2,2023-10-03,2023-10-04,5272,笙科,TPEx,S,,fV300,S2@5,65,323,漏網,512,-4.779617,,atr14=0.425|n_lu_250=0.169|r20=0.806|c_ma120=0.527|vr20=0.253|days_since_lu=0.845|dt_ratio20=NaN|lend_to_v=0.628|rev_yoy=0.783|o_turn=0.168|o_log_mcap=0.036|o_lu_follow=0.661,"官方日成交結構(MI_INDEX/dailyQuotes)=1|發行股數(MI_QFIIS/dailyQuotes)=1|外資持股(MI_QFIIS,僅上市)=0|自營商(T86/上櫃三大法人)=1|當沖(TWTB4U/上櫃intraday)=1|季財報(MOPS t163sb04)=1|月營收(MOPS/openapi)=1|官方產業別(MOPS t05st03)=1|融資券(MI_MARGN)=1|借券(TWT93U)=1|法人(T86)=1",296,inf,250.0,official_prepanel,159.65,1.0,0.0,0.0,0,1,12.044,6.387,12.774,2697.0,0,未扣成本·事後欄位以 m_ 標示·非投資建議,names.json,HO 第 1～3 折：面板起點限制，不作判定,鎖後描述，不參與判定（DEV-009；使用者 G1 第 5 項 2026-10-05）：落選挑戰者在 HOLDOUT 的描述記錄，鎖定判定不變，不得用於重新選模·未扣成本·事後欄位以 m_ 標示·非投資建議
HO,2,2023-10-04,2023-10-05,4503,金雨,TPEx,S,,fV300,S2@5,70,320,漏網,1016,-4.932785,,atr14=0.635|n_lu_250=0.799|r20=0.076|c_ma120=0.012|vr20=0.704|days_since_lu=0.371|dt_ratio20=NaN|lend_to_v=0.795|rev_yoy=0.808|o_turn=0.481|o_log_mcap=0.132|o_lu_follow=0.041,"官方日成交結構(MI_INDEX/dailyQuotes)=1|發行股數(MI_QFIIS/dailyQuotes)=1|外資持股(MI_QFIIS,僅上市)=0|自營商(T86/上櫃三大法人)=1|當沖(TWTB4U/上櫃intraday)=1|季財報(MOPS t163sb04)=1|月營收(MOPS/openapi)=1|官方產業別(MOPS t05st03)=1|融資券(MI_MARGN)=1|借券(TWT93U)=1|法人(T86)=1",297,inf,250.0,official_prepanel,236.8,2.0,0.0,0.0,0,1,1.931,27.413,15.83,466.0,0,未扣成本·事後欄位以 m_ 標示·非投資建議,names.json,HO 第 1～3 折：面板起點限制，不作判定,鎖後描述，不參與判定（DEV-009；使用者 G1 第 5 項 2026-10-05）：落選挑戰者在 HOLDOUT 的描述記錄，鎖定判定不變，不得用於重新選模·未扣成本·事後欄位以 m_ 標示·非投資建議
HO,2,2023-10-05,2023-10-06,5348,正能量智能,TPEx,S,,fV300,S2@5,11,316,漏網,227,-3.294409,,atr14=0.849|n_lu_250=0.969|r20=0.156|c_ma120=0.929|vr20=0.000|days_since_lu=0.063|dt_ratio20=NaN|lend_to_v=NaN|rev_yoy=0.925|o_turn=0.046|o_log_mcap=0.000|o_lu_follow=0.983,"官方日成交結構(MI_INDEX/dailyQuotes)=1|發行股數(MI_QFIIS/dailyQuotes)=1|外資持股(MI_QFIIS,僅上市)=0|自營商(T86/上櫃三大法人)=1|當沖(TWTB4U/上櫃intraday)=0|季財報(MOPS t163sb04)=1|月營收(MOPS/openapi)=1|官方產業別(MOPS t05st03)=1|融資券(MI_MARGN)=0|借券(TWT93U)=0|法人(T86)=1",298,inf,250.0,official_prepanel,174.45,1.0,0.0,0.0,0,1,0.538,19.892,22.849,263.0,0,未扣成本·事後欄位以 m_ 標示·非投資建議,names.json,HO 第 1～3 折：面板起點限制，不作判定,鎖後描述，不參與判定（DEV-009；使用者 G1 第 5 項 2026-10-05）：落選挑戰者在 HOLDOUT 的描述記錄，鎖定判定不變，不得用於重新選模·未扣成本·事後欄位以 m_ 標示·非投資建議
HO,2,2023-10-13,2023-10-16,6237,驊訊,TPEx,S,,fV300,S2@5,28,313,漏網,307,-3.413588,,atr14=0.595|n_lu_250=0.557|r20=0.811|c_ma120=0.408|vr20=0.952|days_since_lu=0.317|dt_ratio20=NaN|lend_to_v=0.889|rev_yoy=0.624|o_turn=0.644|o_log_mcap=0.155|o_lu_follow=0.221,"官方日成交結構(MI_INDEX/dailyQuotes)=1|發行股數(MI_QFIIS/dailyQuotes)=1|外資持股(MI_QFIIS,僅上市)=0|自營商(T86/上櫃三大法人)=1|當沖(TWTB4U/上櫃intraday)=1|季財報(MOPS t163sb04)=1|月營收(MOPS/openapi)=1|官方產業別(MOPS t05st03)=1|融資券(MI_MARGN)=1|借券(TWT93U)=1|法人(T86)=1",302,inf,250.0,official_prepanel,211.3,2.0,0.0,0.0,0,1,7.635,16.995,24.384,2915.0,0,未扣成本·事後欄位以 m_ 標示·非投資建議,names.json,HO 第 1～3 折：面板起點限制，不作判定,鎖後描述，不參與判定（DEV-009；使用者 G1 第 5 項 2026-10-05）：落選挑戰者在 HOLDOUT 的描述記錄，鎖定判定不變，不得用於重新選模·未扣成本·事後欄位以 m_ 標示·非投資建議
HO,2,2023-10-16,2023-10-17,6113,亞矽,TPEx,S,,fV300,S2@5,143,314,漏網,955,-5.734261,,atr14=0.154|n_lu_250=0.806|r20=0.475|c_ma120=0.118|vr20=0.005|days_since_lu=0.331|dt_ratio20=NaN|lend_to_v=0.541|rev_yoy=0.222|o_turn=0.053|o_log_mcap=0.002|o_lu_follow=0.037,"官方日成交結構(MI_INDEX/dailyQuotes)=1|發行股數(MI_QFIIS/dailyQuotes)=1|外資持股(MI_QFIIS,僅上市)=0|自營商(T86/上櫃三大法人)=1|當沖(TWTB4U/上櫃intraday)=1|季財報(MOPS t163sb04)=1|月營收(MOPS/openapi)=1|官方產業別(MOPS t05st03)=1|融資券(MI_MARGN)=1|借券(TWT93U)=1|法人(T86)=1",303,inf,250.0,official_prepanel,254.5,2.0,0.0,0.0,0,1,9.386,34.296,29.603,1075.0,0,未扣成本·事後欄位以 m_ 標示·非投資建議,names.json,HO 第 1～3 折：面板起點限制，不作判定,鎖後描述，不參與判定（DEV-009；使用者 G1 第 5 項 2026-10-05）：落選挑戰者在 HOLDOUT 的描述記錄，鎖定判定不變，不得用於重新選模·未扣成本·事後欄位以 m_ 標示·非投資建議
HO,2,2023-10-19,2023-10-20,1721,國慶科技,TWSE,S,,fV300,S2@5,111,316,漏網,753,-5.305952,,atr14=0.146|n_lu_250=0.752|r20=0.644|c_ma120=0.208|vr20=0.267|days_since_lu=0.496|dt_ratio20=0.216|lend_to_v=0.951|rev_yoy=0.610|o_turn=0.068|o_log_mcap=0.095|o_lu_follow=0.877,"官方日成交結構(MI_INDEX/dailyQuotes)=1|發行股數(MI_QFIIS/dailyQuotes)=1|外資持股(MI_QFIIS,僅上市)=1|自營商(T86/上櫃三大法人)=1|當沖(TWTB4U/上櫃intraday)=1|季財報(MOPS t163sb04)=1|月營收(MOPS/openapi)=1|官方產業別(MOPS t05st03)=1|融資券(MI_MARGN)=1|借券(TWT93U)=1|法人(T86)=1",306,inf,250.0,official_prepanel,297.15,2.0,0.0,0.0,0,1,10.606,42.045,25.758,3903.0,0,未扣成本·事後欄位以 m_ 標示·非投資建議,names.json,HO 第 1～3 折：面板起點限制，不作判定,鎖後描述，不參與判定（DEV-009；使用者 G1 第 5 項 2026-10-05）：落選挑戰者在 HOLDOUT 的描述記錄，鎖定判定不變，不得用於重新選模·未扣成本·事後欄位以 m_ 標示·非投資建議
HO,2,2023-10-24,2023-10-25,6133,金橋,TWSE,S,,fV300,S2@5,42,312,漏網,1221,-4.352197,,atr14=0.404|n_lu_250=0.812|r20=0.040|c_ma120=0.023|vr20=0.932|days_since_lu=0.307|dt_ratio20=NaN|lend_to_v=0.728|rev_yoy=0.085|o_turn=0.442|o_log_mcap=0.033|o_lu_follow=0.847,"官方日成交結構(MI_INDEX/dailyQuotes)=1|發行股數(MI_QFIIS/dailyQuotes)=1|外資持股(MI_QFIIS,僅上市)=1|自營商(T86/上櫃三大法人)=1|當沖(TWTB4U/上櫃intraday)=0|季財報(MOPS t163sb04)=1|月營收(MOPS/openapi)=1|官方產業別(MOPS t05st03)=1|融資券(MI_MARGN)=1|借券(TWT93U)=1|法人(T86)=1",309,inf,250.0,official_prepanel,179.05,1.0,0.0,0.0,0,1,9.96,8.367,28.287,892.0,0,未扣成本·事後欄位以 m_ 標示·非投資建議,names.json,HO 第 1～3 折：面板起點限制，不作判定,鎖後描述，不參與判定（DEV-009；使用者 G1 第 5 項 2026-10-05）：落選挑戰者在 HOLDOUT 的描述記錄，鎖定判定不變，不得用於重新選模·未扣成本·事後欄位以 m_ 標示·非投資建議
HO,2,2023-10-25,2023-10-26,6492,生華科,TPEx,S,,fV300,S2@5,17,313,漏網,307,-3.449929,,atr14=0.507|n_lu_250=0.838|r20=0.730|c_ma120=0.344|vr20=0.846|days_since_lu=0.230|dt_ratio20=NaN|lend_to_v=0.136|rev_yoy=0.522|o_turn=0.327|o_log_mcap=0.196|o_lu_follow=0.949,"官方日成交結構(MI_INDEX/dailyQuotes)=1|發行股數(MI_QFIIS/dailyQuotes)=1|外資持股(MI_QFIIS,僅上市)=0|自營商(T86/上櫃三大法人)=1|當沖(TWTB4U/上櫃intraday)=1|季財報(MOPS t163sb04)=1|月營收(MOPS/openapi)=1|官方產業別(MOPS t05st03)=1|融資券(MI_MARGN)=1|借券(TWT93U)=1|法人(T86)=1",310,inf,250.0,official_prepanel,149.55,1.0,0.0,0.0,0,1,10.0,34.222,23.111,1931.0,0,未扣成本·事後欄位以 m_ 標示·非投資建議,names.json,HO 第 1～3 折：面板起點限制，不作判定,鎖後描述，不參與判定（DEV-009；使用者 G1 第 5 項 2026-10-05）：落選挑戰者在 HOLDOUT 的描述記錄，鎖定判定不變，不得用於重新選模·未扣成本·事後欄位以 m_ 標示·非投資建議
HO,2,2023-10-27,2023-10-30,3623,富晶通,TPEx,S,,fV300,S2@5,15,307,漏網,164,-2.726032,,atr14=0.798|n_lu_250=0.738|r20=0.565|c_ma120=0.895|vr20=0.912|days_since_lu=0.185|dt_ratio20=NaN|lend_to_v=0.221|rev_yoy=0.916|o_turn=0.784|o_log_mcap=0.000|o_lu_follow=0.075,"官方日成交結構(MI_INDEX/dailyQuotes)=1|發行股數(MI_QFIIS/dailyQuotes)=1|外資持股(MI_QFIIS,僅上市)=0|自營商(T86/上櫃三大法人)=1|當沖(TWTB4U/上櫃intraday)=1|季財報(MOPS t163sb04)=1|月營收(MOPS/openapi)=1|官方產業別(MOPS t05st03)=1|融資券(MI_MARGN)=1|借券(TWT93U)=1|法人(T86)=1",312,inf,250.0,official_prepanel,186.7,1.0,0.0,0.0,0,1,6.636,14.874,26.087,1068.0,0,未扣成本·事後欄位以 m_ 標示·非投資建議,names.json,HO 第 1～3 折：面板起點限制，不作判定,鎖後描述，不參與判定（DEV-009；使用者 G1 第 5 項 2026-10-05）：落選挑戰者在 HOLDOUT 的描述記錄，鎖定判定不變，不得用於重新選模·未扣成本·事後欄位以 m_ 標示·非投資建議
HO,2,2023-11-03,2023-11-06,2722,夏都,TWSE,S,,fV300,S2@5,86,316,漏網,785,-5.114689,,atr14=0.638|n_lu_250=0.937|r20=0.269|c_ma120=0.002|vr20=0.591|days_since_lu=0.442|dt_ratio20=0.801|lend_to_v=0.154|rev_yoy=0.132|o_turn=0.163|o_log_mcap=0.292|o_lu_follow=0.975,"官方日成交結構(MI_INDEX/dailyQuotes)=1|發行股數(MI_QFIIS/dailyQuotes)=1|外資持股(MI_QFIIS,僅上市)=1|自營商(T86/上櫃三大法人)=1|當沖(TWTB4U/上櫃intraday)=1|季財報(MOPS t163sb04)=1|月營收(MOPS/openapi)=1|官方產業別(MOPS t05st03)=1|融資券(MI_MARGN)=1|借券(TWT93U)=1|法人(T86)=1",317,inf,250.0,official_prepanel,168.4,1.0,0.0,0.0,0,1,6.602,21.212,39.827,1016.0,0,未扣成本·事後欄位以 m_ 標示·非投資建議,names.json,HO 第 1～3 折：面板起點限制，不作判定,鎖後描述，不參與判定（DEV-009；使用者 G1 第 5 項 2026-10-05）：落選挑戰者在 HOLDOUT 的描述記錄，鎖定判定不變，不得用於重新選模·未扣成本·事後欄位以 m_ 標示·非投資建議
HO,2,2023-11-03,2023-11-06,2739,寒舍,TWSE,S,,fV300,S2@5,40,316,漏網,407,-4.366316,,atr14=0.471|n_lu_250=0.970|r20=0.815|c_ma120=0.006|vr20=0.656|days_since_lu=0.270|dt_ratio20=NaN|lend_to_v=0.012|rev_yoy=0.775|o_turn=0.287|o_log_mcap=0.210|o_lu_follow=0.860,"官方日成交結構(MI_INDEX/dailyQuotes)=1|發行股數(MI_QFIIS/dailyQuotes)=1|外資持股(MI_QFIIS,僅上市)=1|自營商(T86/上櫃三大法人)=1|當沖(TWTB4U/上櫃intraday)=0|季財報(MOPS t163sb04)=1|月營收(MOPS/openapi)=1|官方產業別(MOPS t05st03)=1|融資券(MI_MARGN)=1|借券(TWT93U)=1|法人(T86)=1",317,inf,250.0,official_prepanel,217.8,2.0,0.0,0.0,0,1,6.042,24.784,57.583,1377.0,0,未扣成本·事後欄位以 m_ 標示·非投資建議,names.json,HO 第 1～3 折：面板起點限制，不作判定,鎖後描述，不參與判定（DEV-009；使用者 G1 第 5 項 2026-10-05）：落選挑戰者在 HOLDOUT 的描述記錄，鎖定判定不變，不得用於重新選模·未扣成本·事後欄位以 m_ 標示·非投資建議
HO,2,2023-11-09,2023-11-10,8940,新天地,TWSE,S,,fV300,S2@5,12,327,漏網,150,-2.711759,,atr14=0.683|n_lu_250=0.958|r20=0.919|c_ma120=0.369|vr20=0.887|days_since_lu=0.288|dt_ratio20=NaN|lend_to_v=0.012|rev_yoy=0.461|o_turn=0.563|o_log_mcap=0.057|o_lu_follow=0.462,"官方日成交結構(MI_INDEX/dailyQuotes)=1|發行股數(MI_QFIIS/dailyQuotes)=1|外資持股(MI_QFIIS,僅上市)=1|自營商(T86/上櫃三大法人)=1|當沖(TWTB4U/上櫃intraday)=0|季財報(MOPS t163sb04)=1|月營收(MOPS/openapi)=1|官方產業別(MOPS t05st03)=1|融資券(MI_MARGN)=1|借券(TWT93U)=1|法人(T86)=1",321,inf,250.0,official_prepanel,253.85,2.0,0.0,0.0,0,1,10.189,17.547,12.642,2253.0,0,未扣成本·事後欄位以 m_ 標示·非投資建議,names.json,HO 第 1～3 折：面板起點限制，不作判定,鎖後描述，不參與判定（DEV-009；使用者 G1 第 5 項 2026-10-05）：落選挑戰者在 HOLDOUT 的描述記錄，鎖定判定不變，不得用於重新選模·未扣成本·事後欄位以 m_ 標示·非投資建議
HO,2,2023-11-15,2023-11-16,2719,燦星旅,TPEx,S,,fV300,S2@5,23,328,漏網,348,-3.310721,,atr14=0.922|n_lu_250=1.000|r20=0.515|c_ma120=0.085|vr20=0.040|days_since_lu=0.074|dt_ratio20=NaN|lend_to_v=0.015|rev_yoy=0.993|o_turn=0.004|o_log_mcap=0.225|o_lu_follow=1.000,"官方日成交結構(MI_INDEX/dailyQuotes)=1|發行股數(MI_QFIIS/dailyQuotes)=1|外資持股(MI_QFIIS,僅上市)=0|自營商(T86/上櫃三大法人)=1|當沖(TWTB4U/上櫃intraday)=0|季財報(MOPS t163sb04)=1|月營收(MOPS/openapi)=1|官方產業別(MOPS t05st03)=1|融資券(MI_MARGN)=1|借券(TWT93U)=1|法人(T86)=1",325,inf,250.0,official_prepanel,126.9,1.0,0.0,0.0,0,1,7.55,5.855,0.154,425.0,0,未扣成本·事後欄位以 m_ 標示·非投資建議,names.json,HO 第 1～3 折：面板起點限制，不作判定,鎖後描述，不參與判定（DEV-009；使用者 G1 第 5 項 2026-10-05）：落選挑戰者在 HOLDOUT 的描述記錄，鎖定判定不變，不得用於重新選模·未扣成本·事後欄位以 m_ 標示·非投資建議
HO,2,2023-11-15,2023-11-16,5703,亞都,TPEx,S,,fV300,S2@5,10,328,漏網,208,-2.751783,,atr14=0.938|n_lu_250=0.991|r20=0.812|c_ma120=0.180|vr20=0.440|days_since_lu=0.049|dt_ratio20=NaN|lend_to_v=0.015|rev_yoy=0.915|o_turn=0.110|o_log_mcap=0.056|o_lu_follow=0.979,"官方日成交結構(MI_INDEX/dailyQuotes)=1|發行股數(MI_QFIIS/dailyQuotes)=1|外資持股(MI_QFIIS,僅上市)=0|自營商(T86/上櫃三大法人)=1|當沖(TWTB4U/上櫃intraday)=0|季財報(MOPS t163sb04)=1|月營收(MOPS/openapi)=1|官方產業別(MOPS t05st03)=1|融資券(MI_MARGN)=1|借券(TWT93U)=1|法人(T86)=1",325,inf,250.0,official_prepanel,127.65,1.0,0.0,0.0,0,1,7.831,11.446,0.402,636.0,0,未扣成本·事後欄位以 m_ 標示·非投資建議,names.json,HO 第 1～3 折：面板起點限制，不作判定,鎖後描述，不參與判定（DEV-009；使用者 G1 第 5 項 2026-10-05）：落選挑戰者在 HOLDOUT 的描述記錄，鎖定判定不變，不得用於重新選模·未扣成本·事後欄位以 m_ 標示·非投資建議
HO,2,2023-11-15,2023-11-16,8467,波力-KY,TWSE,S,,fV300,S2@5,12,328,漏網,105,-2.81653,,atr14=0.695|n_lu_250=0.783|r20=0.686|c_ma120=0.938|vr20=0.706|days_since_lu=0.210|dt_ratio20=0.594|lend_to_v=0.261|rev_yoy=0.841|o_turn=0.565|o_log_mcap=0.230|o_lu_follow=0.831,"官方日成交結構(MI_INDEX/dailyQuotes)=1|發行股數(MI_QFIIS/dailyQuotes)=1|外資持股(MI_QFIIS,僅上市)=1|自營商(T86/上櫃三大法人)=1|當沖(TWTB4U/上櫃intraday)=1|季財報(MOPS t163sb04)=1|月營收(MOPS/openapi)=1|官方產業別(MOPS t05st03)=1|融資券(MI_MARGN)=1|借券(TWT93U)=1|法人(T86)=1",325,inf,250.0,official_prepanel,240.55,2.0,0.0,0.0,0,1,4.101,45.636,65.089,577.0,0,未扣成本·事後欄位以 m_ 標示·非投資建議,names.json,HO 第 1～3 折：面板起點限制，不作判定,鎖後描述，不參與判定（DEV-009；使用者 G1 第 5 項 2026-10-05）：落選挑戰者在 HOLDOUT 的描述記錄，鎖定判定不變，不得用於重新選模·未扣成本·事後欄位以 m_ 標示·非投資建議
HO,2,2023-11-17,2023-11-20,5533,皇鼎,TWSE,S,,fV300,S2@5,256,320,漏網,1138,-6.142374,,atr14=0.051|n_lu_250=0.165|r20=0.345|c_ma120=0.629|vr20=0.918|days_since_lu=0.851|dt_ratio20=0.049|lend_to_v=0.575|rev_yoy=0.865|o_turn=0.263|o_log_mcap=0.306|o_lu_follow=0.661,"官方日成交結構(MI_INDEX/dailyQuotes)=1|發行股數(MI_QFIIS/dailyQuotes)=1|外資持股(MI_QFIIS,僅上市)=1|自營商(T86/上櫃三大法人)=1|當沖(TWTB4U/上櫃intraday)=1|季財報(MOPS t163sb04)=1|月營收(MOPS/openapi)=1|官方產業別(MOPS t05st03)=1|融資券(MI_MARGN)=1|借券(TWT93U)=1|法人(T86)=1",327,inf,250.0,official_prepanel,266.2,2.0,0.0,0.0,0,1,9.136,16.79,15.062,3804.0,0,未扣成本·事後欄位以 m_ 標示·非投資建議,names.json,HO 第 1～3 折：面板起點限制，不作判定,鎖後描述，不參與判定（DEV-009；使用者 G1 第 5 項 2026-10-05）：落選挑戰者在 HOLDOUT 的描述記錄，鎖定判定不變，不得用於重新選模·未扣成本·事後欄位以 m_ 標示·非投資建議
HO,2,2023-11-24,2023-11-27,1325,恆大,TWSE,S,,fV300,S2@5,23,314,漏網,557,-3.591484,,atr14=0.132|n_lu_250=0.549|r20=0.642|c_ma120=0.601|vr20=0.999|days_since_lu=0.639|dt_ratio20=0.321|lend_to_v=0.641|rev_yoy=0.317|o_turn=0.807|o_log_mcap=0.081|o_lu_follow=0.216,"官方日成交結構(MI_INDEX/dailyQuotes)=1|發行股數(MI_QFIIS/dailyQuotes)=1|外資持股(MI_QFIIS,僅上市)=1|自營商(T86/上櫃三大法人)=1|當沖(TWTB4U/上櫃intraday)=1|季財報(MOPS t163sb04)=1|月營收(MOPS/openapi)=1|官方產業別(MOPS t05st03)=1|融資券(MI_MARGN)=1|借券(TWT93U)=1|法人(T86)=1",332,inf,250.0,official_prepanel,160.5,1.0,0.0,0.0,1,0,0.0,45.981,41.869,1343.0,0,未扣成本·事後欄位以 m_ 標示·非投資建議,names.json,HO 第 1～3 折：面板起點限制，不作判定,鎖後描述，不參與判定（DEV-009；使用者 G1 第 5 項 2026-10-05）：落選挑戰者在 HOLDOUT 的描述記錄，鎖定判定不變，不得用於重新選模·未扣成本·事後欄位以 m_ 標示·非投資建議
HO,2,2023-11-24,2023-11-27,3373,熱映,TPEx,S,,fV300,S2@5,45,314,漏網,383,-4.057823,,atr14=0.214|n_lu_250=0.735|r20=0.730|c_ma120=0.593|vr20=0.389|days_since_lu=0.134|dt_ratio20=NaN|lend_to_v=0.353|rev_yoy=0.173|o_turn=0.287|o_log_mcap=0.006|o_lu_follow=0.068,"官方日成交結構(MI_INDEX/dailyQuotes)=1|發行股數(MI_QFIIS/dailyQuotes)=1|外資持股(MI_QFIIS,僅上市)=0|自營商(T86/上櫃三大法人)=1|當沖(TWTB4U/上櫃intraday)=1|季財報(MOPS t163sb04)=1|月營收(MOPS/openapi)=1|官方產業別(MOPS t05st03)=1|融資券(MI_MARGN)=1|借券(TWT93U)=1|法人(T86)=1",332,inf,250.0,official_prepanel,157.1,1.0,0.0,0.0,0,1,7.473,46.154,24.396,1798.0,0,未扣成本·事後欄位以 m_ 標示·非投資建議,names.json,HO 第 1～3 折：面板起點限制，不作判定,鎖後描述，不參與判定（DEV-009；使用者 G1 第 5 項 2026-10-05）：落選挑戰者在 HOLDOUT 的描述記錄，鎖定判定不變，不得用於重新選模·未扣成本·事後欄位以 m_ 標示·非投資建議
HO,2,2023-11-28,2023-11-29,8096,擎亞,TPEx,S,,fV300,S2@5,135,307,漏網,1720,-5.817756,,atr14=0.064|n_lu_250=0.171|r20=0.027|c_ma120=0.170|vr20=0.945|days_since_lu=0.851|dt_ratio20=NaN|lend_to_v=0.739|rev_yoy=0.379|o_turn=0.408|o_log_mcap=0.047|o_lu_follow=0.680,"官方日成交結構(MI_INDEX/dailyQuotes)=1|發行股數(MI_QFIIS/dailyQuotes)=1|外資持股(MI_QFIIS,僅上市)=0|自營商(T86/上櫃三大法人)=1|當沖(TWTB4U/上櫃intraday)=1|季財報(MOPS t163sb04)=1|月營收(MOPS/openapi)=1|官方產業別(MOPS t05st03)=1|融資券(MI_MARGN)=1|借券(TWT93U)=1|法人(T86)=1",334,inf,250.0,official_prepanel,190.4,1.0,0.0,0.0,0,1,8.796,17.593,37.963,3201.0,0,未扣成本·事後欄位以 m_ 標示·非投資建議,names.json,HO 第 1～3 折：面板起點限制，不作判定,鎖後描述，不參與判定（DEV-009；使用者 G1 第 5 項 2026-10-05）：落選挑戰者在 HOLDOUT 的描述記錄，鎖定判定不變，不得用於重新選模·未扣成本·事後欄位以 m_ 標示·非投資建議
HO,2,2023-11-29,2023-11-30,3687,歐買尬,TPEx,S,,fV300,S2@5,25,298,漏網,367,-3.823124,,atr14=0.454|n_lu_250=0.739|r20=0.696|c_ma120=0.379|vr20=0.955|days_since_lu=0.449|dt_ratio20=NaN|lend_to_v=0.521|rev_yoy=0.522|o_turn=0.827|o_log_mcap=0.133|o_lu_follow=0.869,"官方日成交結構(MI_INDEX/dailyQuotes)=1|發行股數(MI_QFIIS/dailyQuotes)=1|外資持股(MI_QFIIS,僅上市)=0|自營商(T86/上櫃三大法人)=1|當沖(TWTB4U/上櫃intraday)=1|季財報(MOPS t163sb04)=1|月營收(MOPS/openapi)=1|官方產業別(MOPS t05st03)=1|融資券(MI_MARGN)=1|借券(TWT93U)=1|法人(T86)=1",335,inf,250.0,official_prepanel,206.3,2.0,0.0,0.0,0,1,9.071,12.311,12.311,1862.0,0,未扣成本·事後欄位以 m_ 標示·非投資建議,names.json,HO 第 1～3 折：面板起點限制，不作判定,鎖後描述，不參與判定（DEV-009；使用者 G1 第 5 項 2026-10-05）：落選挑戰者在 HOLDOUT 的描述記錄，鎖定判定不變，不得用於重新選模·未扣成本·事後欄位以 m_ 標示·非投資建議
HO,2,2023-11-30,2023-12-01,5202,力新,TPEx,S,,fV300,S2@5,158,298,漏網,1570,-5.890942,,atr14=0.165|n_lu_250=0.171|r20=0.205|c_ma120=0.078|vr20=0.587|days_since_lu=0.853|dt_ratio20=NaN|lend_to_v=0.309|rev_yoy=0.516|o_turn=0.106|o_log_mcap=0.020|o_lu_follow=0.681,"官方日成交結構(MI_INDEX/dailyQuotes)=1|發行股數(MI_QFIIS/dailyQuotes)=1|外資持股(MI_QFIIS,僅上市)=0|自營商(T86/上櫃三大法人)=1|當沖(TWTB4U/上櫃intraday)=1|季財報(MOPS t163sb04)=1|月營收(MOPS/openapi)=1|官方產業別(MOPS t05st03)=1|融資券(MI_MARGN)=1|借券(TWT93U)=1|法人(T86)=1",336,inf,250.0,official_prepanel,115.45,1.0,0.0,0.0,0,1,9.894,15.548,16.961,1309.0,0,未扣成本·事後欄位以 m_ 標示·非投資建議,names.json,HO 第 1～3 折：面板起點限制，不作判定,鎖後描述，不參與判定（DEV-009；使用者 G1 第 5 項 2026-10-05）：落選挑戰者在 HOLDOUT 的描述記錄，鎖定判定不變，不得用於重新選模·未扣成本·事後欄位以 m_ 標示·非投資建議
HO,2,2023-12-07,2023-12-08,6668,中揚光,TWSE,S,,fV300,S2@5,26,305,漏網,470,-3.490585,,atr14=0.569|n_lu_250=0.413|r20=0.628|c_ma120=0.508|vr20=0.948|days_since_lu=0.501|dt_ratio20=0.333|lend_to_v=0.753|rev_yoy=0.418|o_turn=0.665|o_log_mcap=0.183|o_lu_follow=0.354,"官方日成交結構(MI_INDEX/dailyQuotes)=1|發行股數(MI_QFIIS/dailyQuotes)=1|外資持股(MI_QFIIS,僅上市)=1|自營商(T86/上櫃三大法人)=1|當沖(TWTB4U/上櫃intraday)=1|季財報(MOPS t163sb04)=1|月營收(MOPS/openapi)=1|官方產業別(MOPS t05st03)=1|融資券(MI_MARGN)=1|借券(TWT93U)=1|法人(T86)=1",341,inf,250.0,official_prepanel,292.2,2.0,0.0,0.0,0,1,1.512,16.512,1.163,4316.0,0,未扣成本·事後欄位以 m_ 標示·非投資建議,names.json,HO 第 1～3 折：面板起點限制，不作判定,鎖後描述，不參與判定（DEV-009；使用者 G1 第 5 項 2026-10-05）：落選挑戰者在 HOLDOUT 的描述記錄，鎖定判定不變，不得用於重新選模·未扣成本·事後欄位以 m_ 標示·非投資建議
HO,2,2023-12-14,2023-12-15,2038,海光,TWSE,S,,fV300,S2@5,247,300,漏網,1184,-6.421945,,atr14=0.142|n_lu_250=0.549|r20=0.260|c_ma120=0.250|vr20=0.463|days_since_lu=0.653|dt_ratio20=0.097|lend_to_v=0.966|rev_yoy=0.498|o_turn=0.041|o_log_mcap=0.202|o_lu_follow=0.221,"官方日成交結構(MI_INDEX/dailyQuotes)=1|發行股數(MI_QFIIS/dailyQuotes)=1|外資持股(MI_QFIIS,僅上市)=1|自營商(T86/上櫃三大法人)=1|當沖(TWTB4U/上櫃intraday)=1|季財報(MOPS t163sb04)=1|月營收(MOPS/openapi)=1|官方產業別(MOPS t05st03)=1|融資券(MI_MARGN)=1|借券(TWT93U)=1|法人(T86)=1",346,inf,250.0,official_prepanel,207.9,2.0,0.0,0.0,0,1,8.84,24.309,21.547,4694.0,0,未扣成本·事後欄位以 m_ 標示·非投資建議,names.json,HO 第 1～3 折：面板起點限制，不作判定,鎖後描述，不參與判定（DEV-009；使用者 G1 第 5 項 2026-10-05）：落選挑戰者在 HOLDOUT 的描述記錄，鎖定判定不變，不得用於重新選模·未扣成本·事後欄位以 m_ 標示·非投資建議
HO,3,2024-01-11,2024-01-12,6698,旭暉應材,TWSE,S,,fV300,S2@5,10,334,漏網,325,-2.461967,,atr14=0.526|n_lu_250=0.757|r20=0.733|c_ma120=0.381|vr20=0.998|days_since_lu=0.139|dt_ratio20=0.612|lend_to_v=0.830|rev_yoy=0.710|o_turn=0.775|o_log_mcap=0.079|o_lu_follow=0.857,"官方日成交結構(MI_INDEX/dailyQuotes)=1|發行股數(MI_QFIIS/dailyQuotes)=1|外資持股(MI_QFIIS,僅上市)=1|自營商(T86/上櫃三大法人)=1|當沖(TWTB4U/上櫃intraday)=1|季財報(MOPS t163sb04)=1|月營收(MOPS/openapi)=1|官方產業別(MOPS t05st03)=1|融資券(MI_MARGN)=1|借券(TWT93U)=1|法人(T86)=1",365,inf,250.0,official_prepanel,113.8,1.0,0.0,0.0,0,1,11.594,9.984,15.942,4545.0,0,未扣成本·事後欄位以 m_ 標示·非投資建議,names.json,HO 第 1～3 折：面板起點限制，不作判定,鎖後描述，不參與判定（DEV-009；使用者 G1 第 5 項 2026-10-05）：落選挑戰者在 HOLDOUT 的描述記錄，鎖定判定不變，不得用於重新選模·未扣成本·事後欄位以 m_ 標示·非投資建議
HO,3,2024-01-17,2024-01-18,3447,展達,TWSE,S,,fV300,S2@5,55,331,漏網,1273,-4.079948,,atr14=0.434|n_lu_250=0.796|r20=0.014|c_ma120=0.001|vr20=0.856|days_since_lu=0.523|dt_ratio20=0.066|lend_to_v=0.597|rev_yoy=0.017|o_turn=0.216|o_log_mcap=0.113|o_lu_follow=0.489,"官方日成交結構(MI_INDEX/dailyQuotes)=1|發行股數(MI_QFIIS/dailyQuotes)=1|外資持股(MI_QFIIS,僅上市)=1|自營商(T86/上櫃三大法人)=1|當沖(TWTB4U/上櫃intraday)=1|季財報(MOPS t163sb04)=1|月營收(MOPS/openapi)=1|官方產業別(MOPS t05st03)=1|融資券(MI_MARGN)=1|借券(TWT93U)=1|法人(T86)=1",263,263.0,250.0,official,115.8,1.0,0.0,0.0,0,1,10.0,18.125,16.562,252.0,0,未扣成本·事後欄位以 m_ 標示·非投資建議,names.json,HO 第 1～3 折：面板起點限制，不作判定,鎖後描述，不參與判定（DEV-009；使用者 G1 第 5 項 2026-10-05）：落選挑戰者在 HOLDOUT 的描述記錄，鎖定判定不變，不得用於重新選模·未扣成本·事後欄位以 m_ 標示·非投資建議
HO,3,2024-01-17,2024-01-18,3520,華盈,TPEx,S,,fV300,S2@5,125,331,漏網,1371,-5.233295,,atr14=0.329|n_lu_250=0.171|r20=0.418|c_ma120=0.233|vr20=0.609|days_since_lu=0.689|dt_ratio20=NaN|lend_to_v=0.928|rev_yoy=0.059|o_turn=0.103|o_log_mcap=0.015|o_lu_follow=0.667,"官方日成交結構(MI_INDEX/dailyQuotes)=1|發行股數(MI_QFIIS/dailyQuotes)=1|外資持股(MI_QFIIS,僅上市)=0|自營商(T86/上櫃三大法人)=1|當沖(TWTB4U/上櫃intraday)=1|季財報(MOPS t163sb04)=1|月營收(MOPS/openapi)=1|官方產業別(MOPS t05st03)=1|融資券(MI_MARGN)=1|借券(TWT93U)=1|法人(T86)=1",369,inf,250.0,official_prepanel,101.2,1.0,0.0,0.0,0,1,7.362,27.607,22.393,3193.0,0,未扣成本·事後欄位以 m_ 標示·非投資建議,names.json,HO 第 1～3 折：面板起點限制，不作判定,鎖後描述，不參與判定（DEV-009；使用者 G1 第 5 項 2026-10-05）：落選挑戰者在 HOLDOUT 的描述記錄，鎖定判定不變，不得用於重新選模·未扣成本·事後欄位以 m_ 標示·非投資建議
HO,3,2024-01-18,2024-01-19,6218,豪勉,TPEx,S,,fV300,S2@5,104,330,漏網,681,-5.067842,,atr14=0.671|n_lu_250=0.872|r20=0.465|c_ma120=0.034|vr20=0.362|days_since_lu=0.016|dt_ratio20=NaN|lend_to_v=0.691|rev_yoy=0.014|o_turn=0.228|o_log_mcap=0.033|o_lu_follow=0.457,"官方日成交結構(MI_INDEX/dailyQuotes)=1|發行股數(MI_QFIIS/dailyQuotes)=1|外資持股(MI_QFIIS,僅上市)=0|自營商(T86/上櫃三大法人)=1|當沖(TWTB4U/上櫃intraday)=1|季財報(MOPS t163sb04)=1|月營收(MOPS/openapi)=1|官方產業別(MOPS t05st03)=1|融資券(MI_MARGN)=1|借券(TWT93U)=1|法人(T86)=1",370,inf,250.0,official_prepanel,202.2,2.0,0.0,0.0,0,1,8.85,12.389,9.735,2703.0,0,未扣成本·事後欄位以 m_ 標示·非投資建議,names.json,HO 第 1～3 折：面板起點限制，不作判定,鎖後描述，不參與判定（DEV-009；使用者 G1 第 5 項 2026-10-05）：落選挑戰者在 HOLDOUT 的描述記錄，鎖定判定不變，不得用於重新選模·未扣成本·事後欄位以 m_ 標示·非投資建議
HO,3,2024-01-22,2024-01-23,4729,熒茂,TPEx,S,,fV300,S2@5,20,331,漏網,293,-2.867481,,atr14=0.749|n_lu_250=0.569|r20=0.760|c_ma120=0.457|vr20=0.999|days_since_lu=0.003|dt_ratio20=NaN|lend_to_v=0.119|rev_yoy=0.136|o_turn=0.854|o_log_mcap=0.015|o_lu_follow=0.208,"官方日成交結構(MI_INDEX/dailyQuotes)=1|發行股數(MI_QFIIS/dailyQuotes)=1|外資持股(MI_QFIIS,僅上市)=0|自營商(T86/上櫃三大法人)=1|當沖(TWTB4U/上櫃intraday)=1|季財報(MOPS t163sb04)=1|月營收(MOPS/openapi)=1|官方產業別(MOPS t05st03)=1|融資券(MI_MARGN)=1|借券(TWT93U)=1|法人(T86)=1",372,inf,250.0,official_prepanel,216.75,2.0,0.0,0.0,0,1,8.951,24.074,12.654,1598.0,0,未扣成本·事後欄位以 m_ 標示·非投資建議,names.json,HO 第 1～3 折：面板起點限制，不作判定,鎖後描述，不參與判定（DEV-009；使用者 G1 第 5 項 2026-10-05）：落選挑戰者在 HOLDOUT 的描述記錄，鎖定判定不變，不得用於重新選模·未扣成本·事後欄位以 m_ 標示·非投資建議
HO,3,2024-01-23,2024-01-24,3535,晶彩科,TWSE,S,,fV300,S2@5,36,323,漏網,797,-3.881234,,atr14=0.130|n_lu_250=0.423|r20=0.632|c_ma120=0.376|vr20=0.984|days_since_lu=0.335|dt_ratio20=0.107|lend_to_v=0.929|rev_yoy=0.009|o_turn=0.654|o_log_mcap=0.034|o_lu_follow=0.357,"官方日成交結構(MI_INDEX/dailyQuotes)=1|發行股數(MI_QFIIS/dailyQuotes)=1|外資持股(MI_QFIIS,僅上市)=1|自營商(T86/上櫃三大法人)=1|當沖(TWTB4U/上櫃intraday)=1|季財報(MOPS t163sb04)=1|月營收(MOPS/openapi)=1|官方產業別(MOPS t05st03)=1|融資券(MI_MARGN)=1|借券(TWT93U)=1|法人(T86)=1",373,inf,250.0,official_prepanel,131.95,1.0,0.0,0.0,0,1,9.259,23.81,25.397,3736.0,0,未扣成本·事後欄位以 m_ 標示·非投資建議,names.json,HO 第 1～3 折：面板起點限制，不作判定,鎖後描述，不參與判定（DEV-009；使用者 G1 第 5 項 2026-10-05）：落選挑戰者在 HOLDOUT 的描述記錄，鎖定判定不變，不得用於重新選模·未扣成本·事後欄位以 m_ 標示·非投資建議
HO,3,2024-01-23,2024-01-24,6229,研通,TPEx,S,,fV300,S2@5,60,323,漏網,599,-4.312673,,atr14=0.637|n_lu_250=0.171|r20=0.574|c_ma120=0.541|vr20=0.462|days_since_lu=0.696|dt_ratio20=NaN|lend_to_v=0.438|rev_yoy=0.802|o_turn=0.330|o_log_mcap=0.006|o_lu_follow=0.671,"官方日成交結構(MI_INDEX/dailyQuotes)=1|發行股數(MI_QFIIS/dailyQuotes)=1|外資持股(MI_QFIIS,僅上市)=0|自營商(T86/上櫃三大法人)=1|當沖(TWTB4U/上櫃intraday)=1|季財報(MOPS t163sb04)=1|月營收(MOPS/openapi)=1|官方產業別(MOPS t05st03)=1|融資券(MI_MARGN)=1|借券(TWT93U)=1|法人(T86)=1",373,inf,250.0,official_prepanel,136.1,1.0,0.0,0.0,0,1,8.596,31.579,38.596,2253.0,0,未扣成本·事後欄位以 m_ 標示·非投資建議,names.json,HO 第 1～3 折：面板起點限制，不作判定,鎖後描述，不參與判定（DEV-009；使用者 G1 第 5 項 2026-10-05）：落選挑戰者在 HOLDOUT 的描述記錄，鎖定判定不變，不得用於重新選模·未扣成本·事後欄位以 m_ 標示·非投資建議
HO,3,2024-01-25,2024-01-26,3230,錦明,TPEx,S,,fP10|fV300,S2@5,31,325,漏網,1178,-3.439098,,atr14=0.348|n_lu_250=0.561|r20=0.353|c_ma120=0.068|vr20=0.583|days_since_lu=0.261|dt_ratio20=NaN|lend_to_v=0.063|rev_yoy=0.214|o_turn=0.215|o_log_mcap=0.000|o_lu_follow=0.964,"官方日成交結構(MI_INDEX/dailyQuotes)=1|發行股數(MI_QFIIS/dailyQuotes)=1|外資持股(MI_QFIIS,僅上市)=0|自營商(T86/上櫃三大法人)=1|當沖(TWTB4U/上櫃intraday)=0|季財報(MOPS t163sb04)=1|月營收(MOPS/openapi)=1|官方產業別(MOPS t05st03)=1|融資券(MI_MARGN)=1|借券(TWT93U)=1|法人(T86)=1",375,inf,250.0,official_prepanel,139.0,1.0,0.0,0.0,0,1,3.413,18.407,26.163,545.0,0,未扣成本·事後欄位以 m_ 標示·非投資建議,names.json,HO 第 1～3 折：面板起點限制，不作判定,鎖後描述，不參與判定（DEV-009；使用者 G1 第 5 項 2026-10-05）：落選挑戰者在 HOLDOUT 的描述記錄，鎖定判定不變，不得用於重新選模·未扣成本·事後欄位以 m_ 標示·非投資建議
HO,3,2024-01-25,2024-01-26,3294,英濟,TPEx,S,,fV300,S2@5,29,325,漏網,757,-3.402912,,atr14=0.162|n_lu_250=0.171|r20=0.797|c_ma120=0.533|vr20=0.988|days_since_lu=0.864|dt_ratio20=NaN|lend_to_v=0.578|rev_yoy=0.374|o_turn=0.791|o_log_mcap=0.110|o_lu_follow=0.669,"官方日成交結構(MI_INDEX/dailyQuotes)=1|發行股數(MI_QFIIS/dailyQuotes)=1|外資持股(MI_QFIIS,僅上市)=0|自營商(T86/上櫃三大法人)=1|當沖(TWTB4U/上櫃intraday)=1|季財報(MOPS t163sb04)=1|月營收(MOPS/openapi)=1|官方產業別(MOPS t05st03)=1|融資券(MI_MARGN)=1|借券(TWT93U)=1|法人(T86)=1",375,inf,250.0,official_prepanel,289.5,2.0,0.0,0.0,0,1,9.296,59.296,128.643,5069.0,0,未扣成本·事後欄位以 m_ 標示·非投資建議,names.json,HO 第 1～3 折：面板起點限制，不作判定,鎖後描述，不參與判定（DEV-009；使用者 G1 第 5 項 2026-10-05）：落選挑戰者在 HOLDOUT 的描述記錄，鎖定判定不變，不得用於重新選模·未扣成本·事後欄位以 m_ 標示·非投資建議
HO,3,2024-01-29,2024-01-30,6716,應廣,TPEx,S,,fV300,S2@5,17,318,漏網,360,-3.123584,,atr14=0.919|n_lu_250=0.932|r20=0.027|c_ma120=0.706|vr20=0.155|days_since_lu=0.251|dt_ratio20=NaN|lend_to_v=0.052|rev_yoy=0.960|o_turn=0.236|o_log_mcap=0.184|o_lu_follow=0.991,"官方日成交結構(MI_INDEX/dailyQuotes)=1|發行股數(MI_QFIIS/dailyQuotes)=1|外資持股(MI_QFIIS,僅上市)=0|自營商(T86/上櫃三大法人)=1|當沖(TWTB4U/上櫃intraday)=1|季財報(MOPS t163sb04)=1|月營收(MOPS/openapi)=1|官方產業別(MOPS t05st03)=1|融資券(MI_MARGN)=0|借券(TWT93U)=1|法人(T86)=1",377,inf,250.0,official_prepanel,144.35,1.0,0.0,0.0,0,1,7.328,12.5,19.397,374.0,0,未扣成本·事後欄位以 m_ 標示·非投資建議,names.json,HO 第 1～3 折：面板起點限制，不作判定,鎖後描述，不參與判定（DEV-009；使用者 G1 第 5 項 2026-10-05）：落選挑戰者在 HOLDOUT 的描述記錄，鎖定判定不變，不得用於重新選模·未扣成本·事後欄位以 m_ 標示·非投資建議
HO,3,2024-01-30,2024-01-31,3268,海德威,TPEx,S,,fV300,S2@5,104,321,漏網,645,-5.022193,,atr14=0.546|n_lu_250=0.751|r20=0.051|c_ma120=0.542|vr20=0.460|days_since_lu=0.193|dt_ratio20=NaN|lend_to_v=0.315|rev_yoy=0.266|o_turn=0.397|o_log_mcap=0.008|o_lu_follow=0.062,"官方日成交結構(MI_INDEX/dailyQuotes)=1|發行股數(MI_QFIIS/dailyQuotes)=1|外資持股(MI_QFIIS,僅上市)=0|自營商(T86/上櫃三大法人)=1|當沖(TWTB4U/上櫃intraday)=1|季財報(MOPS t163sb04)=1|月營收(MOPS/openapi)=1|官方產業別(MOPS t05st03)=1|融資券(MI_MARGN)=1|借券(TWT93U)=1|法人(T86)=1",378,inf,250.0,official_prepanel,157.0,1.0,0.0,0.0,0,1,9.843,35.039,34.252,988.0,0,未扣成本·事後欄位以 m_ 標示·非投資建議,names.json,HO 第 1～3 折：面板起點限制，不作判定,鎖後描述，不參與判定（DEV-009；使用者 G1 第 5 項 2026-10-05）：落選挑戰者在 HOLDOUT 的描述記錄，鎖定判定不變，不得用於重新選模·未扣成本·事後欄位以 m_ 標示·非投資建議
HO,3,2024-02-05,2024-02-15,1781,合世,TPEx,S,,fV300,S2@5,19,331,漏網,562,-2.836667,,atr14=0.693|n_lu_250=0.897|r20=0.043|c_ma120=0.502|vr20=0.710|days_since_lu=0.161|dt_ratio20=NaN|lend_to_v=0.014|rev_yoy=0.065|o_turn=0.377|o_log_mcap=0.001|o_lu_follow=0.949,"官方日成交結構(MI_INDEX/dailyQuotes)=1|發行股數(MI_QFIIS/dailyQuotes)=1|外資持股(MI_QFIIS,僅上市)=0|自營商(T86/上櫃三大法人)=1|當沖(TWTB4U/上櫃intraday)=0|季財報(MOPS t163sb04)=1|月營收(MOPS/openapi)=1|官方產業別(MOPS t05st03)=1|融資券(MI_MARGN)=1|借券(TWT93U)=1|法人(T86)=1",382,inf,250.0,official_prepanel,144.05,1.0,0.0,0.0,1,0,0.0,10.494,4.321,359.0,0,未扣成本·事後欄位以 m_ 標示·非投資建議,names.json,HO 第 1～3 折：面板起點限制，不作判定,鎖後描述，不參與判定（DEV-009；使用者 G1 第 5 項 2026-10-05）：落選挑戰者在 HOLDOUT 的描述記錄，鎖定判定不變，不得用於重新選模·未扣成本·事後欄位以 m_ 標示·非投資建議
HO,3,2024-02-05,2024-02-15,6640,均華,TPEx,S,,fV300,S2@5,25,331,漏網,78,-3.147895,,atr14=0.888|n_lu_250=0.787|r20=0.927|c_ma120=0.961|vr20=0.416|days_since_lu=0.031|dt_ratio20=NaN|lend_to_v=NaN|rev_yoy=0.965|o_turn=0.369|o_log_mcap=0.279|o_lu_follow=0.952,"官方日成交結構(MI_INDEX/dailyQuotes)=1|發行股數(MI_QFIIS/dailyQuotes)=1|外資持股(MI_QFIIS,僅上市)=0|自營商(T86/上櫃三大法人)=1|當沖(TWTB4U/上櫃intraday)=0|季財報(MOPS t163sb04)=1|月營收(MOPS/openapi)=1|官方產業別(MOPS t05st03)=1|融資券(MI_MARGN)=0|借券(TWT93U)=0|法人(T86)=1",382,inf,250.0,official_prepanel,132.3,1.0,0.0,0.0,0,1,0.761,18.782,53.046,188.0,0,未扣成本·事後欄位以 m_ 標示·非投資建議,names.json,HO 第 1～3 折：面板起點限制，不作判定,鎖後描述，不參與判定（DEV-009；使用者 G1 第 5 項 2026-10-05）：落選挑戰者在 HOLDOUT 的描述記錄，鎖定判定不變，不得用於重新選模·未扣成本·事後欄位以 m_ 標示·非投資建議
HO,3,2024-02-16,2024-02-19,8477,創業家,TPEx,S,,fV300,S2@5,10,333,漏網,392,-2.812805,,atr14=0.904|n_lu_250=0.866|r20=0.202|c_ma120=0.575|vr20=0.184|days_since_lu=0.118|dt_ratio20=NaN|lend_to_v=0.015|rev_yoy=0.156|o_turn=0.407|o_log_mcap=0.002|o_lu_follow=0.979,"官方日成交結構(MI_INDEX/dailyQuotes)=1|發行股數(MI_QFIIS/dailyQuotes)=1|外資持股(MI_QFIIS,僅上市)=0|自營商(T86/上櫃三大法人)=1|當沖(TWTB4U/上櫃intraday)=0|季財報(MOPS t163sb04)=1|月營收(MOPS/openapi)=1|官方產業別(MOPS t05st03)=1|融資券(MI_MARGN)=1|借券(TWT93U)=1|法人(T86)=1",384,inf,250.0,official_prepanel,263.95,2.0,0.0,0.0,0,1,8.493,9.315,5.205,618.0,0,未扣成本·事後欄位以 m_ 標示·非投資建議,names.json,HO 第 1～3 折：面板起點限制，不作判定,鎖後描述，不參與判定（DEV-009；使用者 G1 第 5 項 2026-10-05）：落選挑戰者在 HOLDOUT 的描述記錄，鎖定判定不變，不得用於重新選模·未扣成本·事後欄位以 m_ 標示·非投資建議
HO,3,2024-02-29,2024-03-01,6591,動力-KY,TWSE,S,,fV300,S2@5,56,303,漏網,725,-4.731024,,atr14=0.275|n_lu_250=0.571|r20=0.563|c_ma120=0.311|vr20=0.908|days_since_lu=0.497|dt_ratio20=0.072|lend_to_v=0.602|rev_yoy=0.862|o_turn=0.698|o_log_mcap=0.064|o_lu_follow=0.965,"官方日成交結構(MI_INDEX/dailyQuotes)=1|發行股數(MI_QFIIS/dailyQuotes)=1|外資持股(MI_QFIIS,僅上市)=1|自營商(T86/上櫃三大法人)=1|當沖(TWTB4U/上櫃intraday)=1|季財報(MOPS t163sb04)=1|月營收(MOPS/openapi)=1|官方產業別(MOPS t05st03)=1|融資券(MI_MARGN)=1|借券(TWT93U)=1|法人(T86)=1",392,inf,250.0,official_prepanel,169.4,1.0,0.0,0.0,0,1,8.621,31.609,14.368,3263.0,0,未扣成本·事後欄位以 m_ 標示·非投資建議,names.json,HO 第 1～3 折：面板起點限制，不作判定,鎖後描述，不參與判定（DEV-009；使用者 G1 第 5 項 2026-10-05）：落選挑戰者在 HOLDOUT 的描述記錄，鎖定判定不變，不得用於重新選模·未扣成本·事後欄位以 m_ 標示·非投資建議
HO,3,2024-02-29,2024-03-01,8401,白紗科,TPEx,S,,fV300,S2@5,151,303,漏網,1306,-5.674273,,atr14=0.046|n_lu_250=0.175|r20=0.443|c_ma120=0.326|vr20=0.152|days_since_lu=0.685|dt_ratio20=NaN|lend_to_v=0.712|rev_yoy=0.852|o_turn=0.022|o_log_mcap=0.027|o_lu_follow=0.672,"官方日成交結構(MI_INDEX/dailyQuotes)=1|發行股數(MI_QFIIS/dailyQuotes)=1|外資持股(MI_QFIIS,僅上市)=0|自營商(T86/上櫃三大法人)=1|當沖(TWTB4U/上櫃intraday)=1|季財報(MOPS t163sb04)=1|月營收(MOPS/openapi)=1|官方產業別(MOPS t05st03)=1|融資券(MI_MARGN)=1|借券(TWT93U)=1|法人(T86)=1",392,inf,250.0,official_prepanel,106.2,1.0,0.0,0.0,0,1,2.857,10.989,9.011,4545.0,0,未扣成本·事後欄位以 m_ 標示·非投資建議,names.json,HO 第 1～3 折：面板起點限制，不作判定,鎖後描述，不參與判定（DEV-009；使用者 G1 第 5 項 2026-10-05）：落選挑戰者在 HOLDOUT 的描述記錄，鎖定判定不變，不得用於重新選模·未扣成本·事後欄位以 m_ 標示·非投資建議
HO,3,2024-03-05,2024-03-06,3171,炎洲流通,TPEx,S,,fV300,S2@5,51,308,漏網,534,-4.615324,,atr14=0.425|n_lu_250=0.176|r20=0.765|c_ma120=0.820|vr20=0.767|days_since_lu=0.867|dt_ratio20=NaN|lend_to_v=0.306|rev_yoy=0.475|o_turn=0.309|o_log_mcap=0.052|o_lu_follow=0.677,"官方日成交結構(MI_INDEX/dailyQuotes)=1|發行股數(MI_QFIIS/dailyQuotes)=1|外資持股(MI_QFIIS,僅上市)=0|自營商(T86/上櫃三大法人)=1|當沖(TWTB4U/上櫃intraday)=1|季財報(MOPS t163sb04)=1|月營收(MOPS/openapi)=1|官方產業別(MOPS t05st03)=1|融資券(MI_MARGN)=1|借券(TWT93U)=1|法人(T86)=1",395,inf,250.0,official_prepanel,197.0,1.0,0.0,0.0,1,0,0.0,21.989,10.134,746.0,0,未扣成本·事後欄位以 m_ 標示·非投資建議,names.json,HO 第 1～3 折：面板起點限制，不作判定,鎖後描述，不參與判定（DEV-009；使用者 G1 第 5 項 2026-10-05）：落選挑戰者在 HOLDOUT 的描述記錄，鎖定判定不變，不得用於重新選模·未扣成本·事後欄位以 m_ 標示·非投資建議
HO,3,2024-03-06,2024-03-07,3086,華義*,TPEx,S,,fV300,S2@5,50,307,漏網,481,-4.588829,,atr14=0.741|n_lu_250=0.992|r20=0.000|c_ma120=0.704|vr20=0.017|days_since_lu=0.204|dt_ratio20=NaN|lend_to_v=0.075|rev_yoy=0.870|o_turn=0.233|o_log_mcap=0.133|o_lu_follow=0.989,"官方日成交結構(MI_INDEX/dailyQuotes)=1|發行股數(MI_QFIIS/dailyQuotes)=1|外資持股(MI_QFIIS,僅上市)=0|自營商(T86/上櫃三大法人)=1|當沖(TWTB4U/上櫃intraday)=1|季財報(MOPS t163sb04)=1|月營收(MOPS/openapi)=1|官方產業別(MOPS t05st03)=1|融資券(MI_MARGN)=1|借券(TWT93U)=1|法人(T86)=1",396,inf,250.0,official_prepanel,272.0,2.0,0.0,0.0,0,1,8.658,12.554,11.255,1263.0,0,未扣成本·事後欄位以 m_ 標示·非投資建議,names.json,HO 第 1～3 折：面板起點限制，不作判定,鎖後描述，不參與判定（DEV-009；使用者 G1 第 5 項 2026-10-05）：落選挑戰者在 HOLDOUT 的描述記錄，鎖定判定不變，不得用於重新選模·未扣成本·事後欄位以 m_ 標示·非投資建議
HO,3,2024-03-06,2024-03-07,9902,台火,TWSE,S,,fV300,S2@5,115,307,漏網,1233,-5.536914,,atr14=0.008|n_lu_250=0.432|r20=0.258|c_ma120=0.390|vr20=0.238|days_since_lu=0.608|dt_ratio20=0.012|lend_to_v=0.769|rev_yoy=0.004|o_turn=0.023|o_log_mcap=0.027|o_lu_follow=0.346,"官方日成交結構(MI_INDEX/dailyQuotes)=1|發行股數(MI_QFIIS/dailyQuotes)=1|外資持股(MI_QFIIS,僅上市)=1|自營商(T86/上櫃三大法人)=1|當沖(TWTB4U/上櫃intraday)=1|季財報(MOPS t163sb04)=1|月營收(MOPS/openapi)=1|官方產業別(MOPS t05st03)=1|融資券(MI_MARGN)=1|借券(TWT93U)=1|法人(T86)=1",396,inf,250.0,official_prepanel,102.9,1.0,0.0,0.0,0,1,2.158,28.417,13.669,5286.0,0,未扣成本·事後欄位以 m_ 標示·非投資建議,names.json,HO 第 1～3 折：面板起點限制，不作判定,鎖後描述，不參與判定（DEV-009；使用者 G1 第 5 項 2026-10-05）：落選挑戰者在 HOLDOUT 的描述記錄，鎖定判定不變，不得用於重新選模·未扣成本·事後欄位以 m_ 標示·非投資建議
HO,3,2024-03-07,2024-03-08,6616,特昇-KY,TPEx,S,,fV300,S2@5,7,294,漏網,605,-3.016684,,atr14=0.552|n_lu_250=0.569|r20=0.439|c_ma120=0.464|vr20=0.963|days_since_lu=0.509|dt_ratio20=NaN|lend_to_v=0.296|rev_yoy=0.832|o_turn=0.716|o_log_mcap=0.000|o_lu_follow=0.189,"官方日成交結構(MI_INDEX/dailyQuotes)=1|發行股數(MI_QFIIS/dailyQuotes)=1|外資持股(MI_QFIIS,僅上市)=0|自營商(T86/上櫃三大法人)=1|當沖(TWTB4U/上櫃intraday)=1|季財報(MOPS t163sb04)=1|月營收(MOPS/openapi)=1|官方產業別(MOPS t05st03)=1|融資券(MI_MARGN)=1|借券(TWT93U)=1|法人(T86)=1",397,inf,250.0,official_prepanel,173.6,1.0,0.0,0.0,0,1,9.31,8.276,-3.103,2242.0,0,未扣成本·事後欄位以 m_ 標示·非投資建議,names.json,HO 第 1～3 折：面板起點限制，不作判定,鎖後描述，不參與判定（DEV-009；使用者 G1 第 5 項 2026-10-05）：落選挑戰者在 HOLDOUT 的描述記錄，鎖定判定不變，不得用於重新選模·未扣成本·事後欄位以 m_ 標示·非投資建議
HO,3,2024-03-08,2024-03-11,6230,尼得科超眾,TWSE,S,,fV300,S2@5,244,292,漏網,429,-6.41717,,atr14=0.647|n_lu_250=0.821|r20=0.518|c_ma120=0.399|vr20=0.358|days_since_lu=0.202|dt_ratio20=0.720|lend_to_v=0.565|rev_yoy=0.051|o_turn=0.099|o_log_mcap=0.571|o_lu_follow=0.457,"官方日成交結構(MI_INDEX/dailyQuotes)=1|發行股數(MI_QFIIS/dailyQuotes)=1|外資持股(MI_QFIIS,僅上市)=1|自營商(T86/上櫃三大法人)=1|當沖(TWTB4U/上櫃intraday)=1|季財報(MOPS t163sb04)=1|月營收(MOPS/openapi)=1|官方產業別(MOPS t05st03)=1|融資券(MI_MARGN)=1|借券(TWT93U)=1|法人(T86)=1",398,inf,250.0,official_prepanel,204.4,2.0,0.0,0.0,0,1,9.058,50.725,41.304,574.0,0,未扣成本·事後欄位以 m_ 標示·非投資建議,names.json,HO 第 1～3 折：面板起點限制，不作判定,鎖後描述，不參與判定（DEV-009；使用者 G1 第 5 項 2026-10-05）：落選挑戰者在 HOLDOUT 的描述記錄，鎖定判定不變，不得用於重新選模·未扣成本·事後欄位以 m_ 標示·非投資建議
HO,3,2024-03-11,2024-03-12,6419,京晨科,TPEx,S,,fV300,S2@5,11,281,漏網,295,-3.353551,,atr14=0.679|n_lu_250=0.946|r20=0.901|c_ma120=0.282|vr20=0.385|days_since_lu=0.180|dt_ratio20=NaN|lend_to_v=NaN|rev_yoy=0.984|o_turn=0.610|o_log_mcap=0.002|o_lu_follow=0.937,"官方日成交結構(MI_INDEX/dailyQuotes)=1|發行股數(MI_QFIIS/dailyQuotes)=1|外資持股(MI_QFIIS,僅上市)=0|自營商(T86/上櫃三大法人)=1|當沖(TWTB4U/上櫃intraday)=0|季財報(MOPS t163sb04)=1|月營收(MOPS/openapi)=1|官方產業別(MOPS t05st03)=1|融資券(MI_MARGN)=0|借券(TWT93U)=0|法人(T86)=1",399,inf,250.0,official_prepanel,193.35,1.0,0.0,0.0,1,0,0.0,4.197,-8.577,366.0,0,未扣成本·事後欄位以 m_ 標示·非投資建議,names.json,HO 第 1～3 折：面板起點限制，不作判定,鎖後描述，不參與判定（DEV-009；使用者 G1 第 5 項 2026-10-05）：落選挑戰者在 HOLDOUT 的描述記錄，鎖定判定不變，不得用於重新選模·未扣成本·事後欄位以 m_ 標示·非投資建議
HO,3,2024-03-15,2024-03-18,3498,陽程,TPEx,S,,fV300,S2@5,35,289,漏網,453,-4.0854,,atr14=0.514|n_lu_250=0.575|r20=0.714|c_ma120=0.475|vr20=0.841|days_since_lu=0.579|dt_ratio20=NaN|lend_to_v=0.720|rev_yoy=0.017|o_turn=0.402|o_log_mcap=0.095|o_lu_follow=0.183,"官方日成交結構(MI_INDEX/dailyQuotes)=1|發行股數(MI_QFIIS/dailyQuotes)=1|外資持股(MI_QFIIS,僅上市)=0|自營商(T86/上櫃三大法人)=1|當沖(TWTB4U/上櫃intraday)=1|季財報(MOPS t163sb04)=1|月營收(MOPS/openapi)=1|官方產業別(MOPS t05st03)=1|融資券(MI_MARGN)=1|借券(TWT93U)=1|法人(T86)=1",403,inf,250.0,official_prepanel,173.3,1.0,0.0,0.0,0,1,9.375,23.906,24.531,1320.0,0,未扣成本·事後欄位以 m_ 標示·非投資建議,names.json,HO 第 1～3 折：面板起點限制，不作判定,鎖後描述，不參與判定（DEV-009；使用者 G1 第 5 項 2026-10-05）：落選挑戰者在 HOLDOUT 的描述記錄，鎖定判定不變，不得用於重新選模·未扣成本·事後欄位以 m_ 標示·非投資建議
HO,3,2024-03-15,2024-03-18,3672,康聯訊,TPEx,S,,fV300,S2@5,21,289,漏網,1098,-3.777317,,atr14=0.649|n_lu_250=0.892|r20=0.013|c_ma120=0.001|vr20=0.699|days_since_lu=0.253|dt_ratio20=NaN|lend_to_v=0.139|rev_yoy=0.029|o_turn=0.531|o_log_mcap=0.002|o_lu_follow=0.252,"官方日成交結構(MI_INDEX/dailyQuotes)=1|發行股數(MI_QFIIS/dailyQuotes)=1|外資持股(MI_QFIIS,僅上市)=0|自營商(T86/上櫃三大法人)=1|當沖(TWTB4U/上櫃intraday)=1|季財報(MOPS t163sb04)=1|月營收(MOPS/openapi)=1|官方產業別(MOPS t05st03)=1|融資券(MI_MARGN)=1|借券(TWT93U)=1|法人(T86)=1",403,inf,250.0,official_prepanel,189.85,1.0,0.0,0.0,0,1,9.95,15.672,14.677,282.0,0,未扣成本·事後欄位以 m_ 標示·非投資建議,names.json,HO 第 1～3 折：面板起點限制，不作判定,鎖後描述，不參與判定（DEV-009；使用者 G1 第 5 項 2026-10-05）：落選挑戰者在 HOLDOUT 的描述記錄，鎖定判定不變，不得用於重新選模·未扣成本·事後欄位以 m_ 標示·非投資建議
HO,3,2024-03-15,2024-03-18,4127,天良,TPEx,S,,fV300,S2@5,26,289,漏網,550,-3.858904,,atr14=0.209|n_lu_250=0.432|r20=0.748|c_ma120=0.692|vr20=0.786|days_since_lu=0.624|dt_ratio20=NaN|lend_to_v=0.446|rev_yoy=0.462|o_turn=0.526|o_log_mcap=0.003|o_lu_follow=0.341,"官方日成交結構(MI_INDEX/dailyQuotes)=1|發行股數(MI_QFIIS/dailyQuotes)=1|外資持股(MI_QFIIS,僅上市)=0|自營商(T86/上櫃三大法人)=1|當沖(TWTB4U/上櫃intraday)=1|季財報(MOPS t163sb04)=1|月營收(MOPS/openapi)=1|官方產業別(MOPS t05st03)=1|融資券(MI_MARGN)=1|借券(TWT93U)=1|法人(T86)=1",403,inf,250.0,official_prepanel,208.0,2.0,0.0,0.0,1,0,0.0,43.314,71.512,793.0,0,未扣成本·事後欄位以 m_ 標示·非投資建議,names.json,HO 第 1～3 折：面板起點限制，不作判定,鎖後描述，不參與判定（DEV-009；使用者 G1 第 5 項 2026-10-05）：落選挑戰者在 HOLDOUT 的描述記錄，鎖定判定不變，不得用於重新選模·未扣成本·事後欄位以 m_ 標示·非投資建議
HO,3,2024-03-15,2024-03-18,5493,三聯,TPEx,S,,fV300,S2@5,20,289,漏網,356,-3.766982,,atr14=0.701|n_lu_250=0.175|r20=0.868|c_ma120=0.861|vr20=0.744|days_since_lu=0.872|dt_ratio20=NaN|lend_to_v=0.173|rev_yoy=0.829|o_turn=0.530|o_log_mcap=0.158|o_lu_follow=0.661,"官方日成交結構(MI_INDEX/dailyQuotes)=1|發行股數(MI_QFIIS/dailyQuotes)=1|外資持股(MI_QFIIS,僅上市)=0|自營商(T86/上櫃三大法人)=1|當沖(TWTB4U/上櫃intraday)=1|季財報(MOPS t163sb04)=1|月營收(MOPS/openapi)=1|官方產業別(MOPS t05st03)=1|融資券(MI_MARGN)=1|借券(TWT93U)=1|法人(T86)=1",403,inf,250.0,official_prepanel,220.2,2.0,0.0,0.0,0,1,3.395,30.976,23.479,1046.0,0,未扣成本·事後欄位以 m_ 標示·非投資建議,names.json,HO 第 1～3 折：面板起點限制，不作判定,鎖後描述，不參與判定（DEV-009；使用者 G1 第 5 項 2026-10-05）：落選挑戰者在 HOLDOUT 的描述記錄，鎖定判定不變，不得用於重新選模·未扣成本·事後欄位以 m_ 標示·非投資建議
HO,3,2024-03-18,2024-03-19,3508,位速,TPEx,S,,fV300,S2@5,42,284,漏網,1446,-4.484209,,atr14=0.519|n_lu_250=0.438|r20=0.062|c_ma120=0.017|vr20=0.535|days_since_lu=0.411|dt_ratio20=NaN|lend_to_v=0.024|rev_yoy=0.220|o_turn=0.109|o_log_mcap=0.130|o_lu_follow=0.335,"官方日成交結構(MI_INDEX/dailyQuotes)=1|發行股數(MI_QFIIS/dailyQuotes)=1|外資持股(MI_QFIIS,僅上市)=0|自營商(T86/上櫃三大法人)=1|當沖(TWTB4U/上櫃intraday)=0|季財報(MOPS t163sb04)=1|月營收(MOPS/openapi)=1|官方產業別(MOPS t05st03)=1|融資券(MI_MARGN)=1|借券(TWT93U)=1|法人(T86)=1",404,inf,250.0,official_prepanel,230.35,2.0,0.0,0.0,0,1,10.56,17.026,16.379,596.0,0,未扣成本·事後欄位以 m_ 標示·非投資建議,names.json,HO 第 1～3 折：面板起點限制，不作判定,鎖後描述，不參與判定（DEV-009；使用者 G1 第 5 項 2026-10-05）：落選挑戰者在 HOLDOUT 的描述記錄，鎖定判定不變，不得用於重新選模·未扣成本·事後欄位以 m_ 標示·非投資建議
HO,3,2024-03-21,2024-03-22,6517,保勝光學,TPEx,S,,fV300,S2@5,224,286,漏網,1093,-6.289117,,atr14=0.392|n_lu_250=0.957|r20=0.064|c_ma120=0.092|vr20=0.560|days_since_lu=0.339|dt_ratio20=NaN|lend_to_v=0.497|rev_yoy=0.210|o_turn=0.532|o_log_mcap=0.112|o_lu_follow=0.976,"官方日成交結構(MI_INDEX/dailyQuotes)=1|發行股數(MI_QFIIS/dailyQuotes)=1|外資持股(MI_QFIIS,僅上市)=0|自營商(T86/上櫃三大法人)=1|當沖(TWTB4U/上櫃intraday)=1|季財報(MOPS t163sb04)=1|月營收(MOPS/openapi)=1|官方產業別(MOPS t05st03)=1|融資券(MI_MARGN)=1|借券(TWT93U)=1|法人(T86)=1",301,301.0,250.0,official,223.25,2.0,0.0,0.0,0,1,8.0,18.4,8.667,1464.0,0,未扣成本·事後欄位以 m_ 標示·非投資建議,names.json,HO 第 1～3 折：面板起點限制，不作判定,鎖後描述，不參與判定（DEV-009；使用者 G1 第 5 項 2026-10-05）：落選挑戰者在 HOLDOUT 的描述記錄，鎖定判定不變，不得用於重新選模·未扣成本·事後欄位以 m_ 標示·非投資建議
HO,3,2024-03-28,2024-03-29,3666,光耀,TPEx,S,,fV300,S2@5,21,283,漏網,933,-3.695574,,atr14=0.374|n_lu_250=0.782|r20=0.369|c_ma120=0.111|vr20=0.697|days_since_lu=0.483|dt_ratio20=NaN|lend_to_v=0.907|rev_yoy=0.336|o_turn=0.227|o_log_mcap=0.034|o_lu_follow=0.943,"官方日成交結構(MI_INDEX/dailyQuotes)=1|發行股數(MI_QFIIS/dailyQuotes)=1|外資持股(MI_QFIIS,僅上市)=0|自營商(T86/上櫃三大法人)=1|當沖(TWTB4U/上櫃intraday)=1|季財報(MOPS t163sb04)=1|月營收(MOPS/openapi)=1|官方產業別(MOPS t05st03)=1|融資券(MI_MARGN)=1|借券(TWT93U)=1|法人(T86)=1",412,inf,250.0,official_prepanel,136.55,1.0,0.0,0.0,0,1,9.959,26.829,62.805,2295.0,0,未扣成本·事後欄位以 m_ 標示·非投資建議,names.json,HO 第 1～3 折：面板起點限制，不作判定,鎖後描述，不參與判定（DEV-009；使用者 G1 第 5 項 2026-10-05）：落選挑戰者在 HOLDOUT 的描述記錄，鎖定判定不變，不得用於重新選模·未扣成本·事後欄位以 m_ 標示·非投資建議
HO,4,2024-04-08,2024-04-09,1453,大將,TWSE,S,,fV300,S2@5,20,324,漏網,516,-3.032081,,atr14=0.407|n_lu_250=0.680|r20=0.449|c_ma120=0.552|vr20=0.697|days_since_lu=0.458|dt_ratio20=0.221|lend_to_v=0.629|rev_yoy=0.941|o_turn=0.347|o_log_mcap=0.052|o_lu_follow=0.091,"官方日成交結構(MI_INDEX/dailyQuotes)=1|發行股數(MI_QFIIS/dailyQuotes)=1|外資持股(MI_QFIIS,僅上市)=1|自營商(T86/上櫃三大法人)=1|當沖(TWTB4U/上櫃intraday)=1|季財報(MOPS t163sb04)=1|月營收(MOPS/openapi)=1|官方產業別(MOPS t05st03)=1|融資券(MI_MARGN)=1|借券(TWT93U)=1|法人(T86)=1",417,inf,250.0,official_prepanel,298.25,2.0,0.0,0.0,0,1,8.025,53.086,29.63,2749.0,0,未扣成本·事後欄位以 m_ 標示·非投資建議,names.json,HO-model（2024Q2～Q4，挑戰者評估窗）,鎖後描述，不參與判定（DEV-009；使用者 G1 第 5 項 2026-10-05）：落選挑戰者在 HOLDOUT 的描述記錄，鎖定判定不變，不得用於重新選模·未扣成本·事後欄位以 m_ 標示·非投資建議
HO,4,2024-04-09,2024-04-10,4905,台聯電,TPEx,S,,fV300,S2@5,47,329,漏網,194,-3.412118,,atr14=0.478|n_lu_250=0.928|r20=0.747|c_ma120=0.680|vr20=0.292|days_since_lu=0.134|dt_ratio20=NaN|lend_to_v=0.041|rev_yoy=0.990|o_turn=0.321|o_log_mcap=0.109|o_lu_follow=0.999,"官方日成交結構(MI_INDEX/dailyQuotes)=1|發行股數(MI_QFIIS/dailyQuotes)=1|外資持股(MI_QFIIS,僅上市)=0|自營商(T86/上櫃三大法人)=1|當沖(TWTB4U/上櫃intraday)=1|季財報(MOPS t163sb04)=1|月營收(MOPS/openapi)=1|官方產業別(MOPS t05st03)=1|融資券(MI_MARGN)=1|借券(TWT93U)=1|法人(T86)=1",418,inf,250.0,official_prepanel,203.1,2.0,0.0,0.0,1,0,0.0,-10.373,2.719,289.0,0,未扣成本·事後欄位以 m_ 標示·非投資建議,names.json,HO-model（2024Q2～Q4，挑戰者評估窗）,鎖後描述，不參與判定（DEV-009；使用者 G1 第 5 項 2026-10-05）：落選挑戰者在 HOLDOUT 的描述記錄，鎖定判定不變，不得用於重新選模·未扣成本·事後欄位以 m_ 標示·非投資建議
HO,4,2024-04-10,2024-04-11,6283,淳安,TWSE,S,,fV300,S2@5,92,330,漏網,1647,-4.107885,,atr14=0.438|n_lu_250=0.180|r20=0.085|c_ma120=0.027|vr20=0.792|days_since_lu=0.734|dt_ratio20=0.099|lend_to_v=0.874|rev_yoy=0.146|o_turn=0.161|o_log_mcap=0.180|o_lu_follow=0.652,"官方日成交結構(MI_INDEX/dailyQuotes)=1|發行股數(MI_QFIIS/dailyQuotes)=1|外資持股(MI_QFIIS,僅上市)=1|自營商(T86/上櫃三大法人)=1|當沖(TWTB4U/上櫃intraday)=1|季財報(MOPS t163sb04)=1|月營收(MOPS/openapi)=1|官方產業別(MOPS t05st03)=1|融資券(MI_MARGN)=1|借券(TWT93U)=1|法人(T86)=1",419,inf,250.0,official_prepanel,219.9,2.0,0.0,0.0,0,1,0.579,32.046,22.394,958.0,0,未扣成本·事後欄位以 m_ 標示·非投資建議,names.json,HO-model（2024Q2～Q4，挑戰者評估窗）,鎖後描述，不參與判定（DEV-009；使用者 G1 第 5 項 2026-10-05）：落選挑戰者在 HOLDOUT 的描述記錄，鎖定判定不變，不得用於重新選模·未扣成本·事後欄位以 m_ 標示·非投資建議
HO,4,2024-04-12,2024-04-15,2061,風青,TPEx,S,,fV300,S2@5,8,342,漏網,386,-2.213128,,atr14=0.733|n_lu_250=0.582|r20=0.640|c_ma120=0.443|vr20=0.443|days_since_lu=0.408|dt_ratio20=NaN|lend_to_v=0.240|rev_yoy=0.664|o_turn=0.143|o_log_mcap=0.002|o_lu_follow=0.169,"官方日成交結構(MI_INDEX/dailyQuotes)=1|發行股數(MI_QFIIS/dailyQuotes)=1|外資持股(MI_QFIIS,僅上市)=0|自營商(T86/上櫃三大法人)=1|當沖(TWTB4U/上櫃intraday)=1|季財報(MOPS t163sb04)=1|月營收(MOPS/openapi)=1|官方產業別(MOPS t05st03)=1|融資券(MI_MARGN)=1|借券(TWT93U)=1|法人(T86)=1",421,inf,250.0,official_prepanel,119.9,1.0,0.0,0.0,0,1,8.187,28.947,24.854,338.0,0,未扣成本·事後欄位以 m_ 標示·非投資建議,names.json,HO-model（2024Q2～Q4，挑戰者評估窗）,鎖後描述，不參與判定（DEV-009；使用者 G1 第 5 項 2026-10-05）：落選挑戰者在 HOLDOUT 的描述記錄，鎖定判定不變，不得用於重新選模·未扣成本·事後欄位以 m_ 標示·非投資建議
HO,4,2024-04-15,2024-04-16,6264,富裔,TPEx,S,,fP10|fV300,S2@5,10,337,漏網,326,-2.761556,,atr14=0.794|n_lu_250=0.439|r20=0.698|c_ma120=0.645|vr20=0.537|days_since_lu=0.042|dt_ratio20=NaN|lend_to_v=0.014|rev_yoy=0.862|o_turn=0.124|o_log_mcap=0.007|o_lu_follow=0.320,"官方日成交結構(MI_INDEX/dailyQuotes)=1|發行股數(MI_QFIIS/dailyQuotes)=1|外資持股(MI_QFIIS,僅上市)=0|自營商(T86/上櫃三大法人)=1|當沖(TWTB4U/上櫃intraday)=0|季財報(MOPS t163sb04)=0|月營收(MOPS/openapi)=1|官方產業別(MOPS t05st03)=1|融資券(MI_MARGN)=1|借券(TWT93U)=1|法人(T86)=1",422,inf,250.0,official_prepanel,261.05,2.0,0.0,0.0,0,1,7.968,39.723,78.406,1400.0,0,未扣成本·事後欄位以 m_ 標示·非投資建議,names.json,HO-model（2024Q2～Q4，挑戰者評估窗）,鎖後描述，不參與判定（DEV-009；使用者 G1 第 5 項 2026-10-05）：落選挑戰者在 HOLDOUT 的描述記錄，鎖定判定不變，不得用於重新選模·未扣成本·事後欄位以 m_ 標示·非投資建議
HO,4,2024-04-17,2024-04-18,4556,旭然,TPEx,S,,fV300|fH125,S2@5,10,326,漏網,447,-2.639596,,atr14=0.647|n_lu_250=0.789|r20=0.342|c_ma120=NaN|vr20=0.189|days_since_lu=0.279|dt_ratio20=NaN|lend_to_v=0.033|rev_yoy=0.306|o_turn=0.161|o_log_mcap=0.028|o_lu_follow=0.947,"官方日成交結構(MI_INDEX/dailyQuotes)=1|發行股數(MI_QFIIS/dailyQuotes)=1|外資持股(MI_QFIIS,僅上市)=0|自營商(T86/上櫃三大法人)=1|當沖(TWTB4U/上櫃intraday)=1|季財報(MOPS t163sb04)=1|月營收(MOPS/openapi)=1|官方產業別(MOPS t05st03)=1|融資券(MI_MARGN)=1|借券(TWT93U)=1|法人(T86)=1",424,inf,250.0,official_prepanel,170.6,1.0,0.0,0.0,0,1,5.906,7.383,3.087,447.0,0,未扣成本·事後欄位以 m_ 標示·非投資建議,names.json,HO-model（2024Q2～Q4，挑戰者評估窗）,鎖後描述，不參與判定（DEV-009；使用者 G1 第 5 項 2026-10-05）：落選挑戰者在 HOLDOUT 的描述記錄，鎖定判定不變，不得用於重新選模·未扣成本·事後欄位以 m_ 標示·非投資建議
HO,4,2024-04-22,2024-04-23,3230,錦明,TPEx,S,,fP10|fV300,S2@5,32,317,漏網,451,-3.387994,,atr14=0.512|n_lu_250=0.884|r20=0.512|c_ma120=0.405|vr20=0.228|days_since_lu=0.278|dt_ratio20=NaN|lend_to_v=0.015|rev_yoy=0.066|o_turn=0.054|o_log_mcap=0.000|o_lu_follow=0.941,"官方日成交結構(MI_INDEX/dailyQuotes)=1|發行股數(MI_QFIIS/dailyQuotes)=1|外資持股(MI_QFIIS,僅上市)=0|自營商(T86/上櫃三大法人)=1|當沖(TWTB4U/上櫃intraday)=0|季財報(MOPS t163sb04)=1|月營收(MOPS/openapi)=1|官方產業別(MOPS t05st03)=1|融資券(MI_MARGN)=1|借券(TWT93U)=1|法人(T86)=1",427,inf,250.0,official_prepanel,181.85,1.0,0.0,0.0,0,1,9.5,24.5,28.5,565.0,0,未扣成本·事後欄位以 m_ 標示·非投資建議,names.json,HO-model（2024Q2～Q4，挑戰者評估窗）,鎖後描述，不參與判定（DEV-009；使用者 G1 第 5 項 2026-10-05）：落選挑戰者在 HOLDOUT 的描述記錄，鎖定判定不變，不得用於重新選模·未扣成本·事後欄位以 m_ 標示·非投資建議
HO,4,2024-04-25,2024-04-26,8906,花王,TPEx,S,,fV300,S2@5,13,314,漏網,524,-2.943192,,atr14=0.307|n_lu_250=0.173|r20=0.891|c_ma120=0.761|vr20=0.978|days_since_lu=0.878|dt_ratio20=NaN|lend_to_v=0.065|rev_yoy=0.372|o_turn=0.764|o_log_mcap=0.001|o_lu_follow=0.651,"官方日成交結構(MI_INDEX/dailyQuotes)=1|發行股數(MI_QFIIS/dailyQuotes)=1|外資持股(MI_QFIIS,僅上市)=0|自營商(T86/上櫃三大法人)=1|當沖(TWTB4U/上櫃intraday)=1|季財報(MOPS t163sb04)=1|月營收(MOPS/openapi)=1|官方產業別(MOPS t05st03)=1|融資券(MI_MARGN)=1|借券(TWT93U)=1|法人(T86)=1",430,inf,250.0,official_prepanel,143.8,1.0,0.0,0.0,0,1,9.769,35.219,79.949,608.0,0,未扣成本·事後欄位以 m_ 標示·非投資建議,names.json,HO-model（2024Q2～Q4，挑戰者評估窗）,鎖後描述，不參與判定（DEV-009；使用者 G1 第 5 項 2026-10-05）：落選挑戰者在 HOLDOUT 的描述記錄，鎖定判定不變，不得用於重新選模·未扣成本·事後欄位以 m_ 標示·非投資建議
HO,4,2024-04-29,2024-04-30,6419,京晨科,TPEx,S,,fV300,S2@5,14,320,漏網,165,-2.516579,,atr14=0.628|n_lu_250=0.970|r20=0.726|c_ma120=0.663|vr20=0.675|days_since_lu=0.215|dt_ratio20=NaN|lend_to_v=NaN|rev_yoy=0.982|o_turn=0.783|o_log_mcap=0.001|o_lu_follow=0.933,"官方日成交結構(MI_INDEX/dailyQuotes)=1|發行股數(MI_QFIIS/dailyQuotes)=1|外資持股(MI_QFIIS,僅上市)=0|自營商(T86/上櫃三大法人)=1|當沖(TWTB4U/上櫃intraday)=0|季財報(MOPS t163sb04)=1|月營收(MOPS/openapi)=1|官方產業別(MOPS t05st03)=1|融資券(MI_MARGN)=0|借券(TWT93U)=0|法人(T86)=1",432,inf,250.0,official_prepanel,173.85,1.0,0.0,0.0,0,1,8.829,34.635,85.059,778.0,0,未扣成本·事後欄位以 m_ 標示·非投資建議,names.json,HO-model（2024Q2～Q4，挑戰者評估窗）,鎖後描述，不參與判定（DEV-009；使用者 G1 第 5 項 2026-10-05）：落選挑戰者在 HOLDOUT 的描述記錄，鎖定判定不變，不得用於重新選模·未扣成本·事後欄位以 m_ 標示·非投資建議
HO,4,2024-05-08,2024-05-09,4903,聯光通,TPEx,S,,fV300,S2@5,27,319,漏網,692,-3.061741,,atr14=0.203|n_lu_250=0.674|r20=0.600|c_ma120=0.335|vr20=0.934|days_since_lu=0.395|dt_ratio20=NaN|lend_to_v=0.014|rev_yoy=0.045|o_turn=0.319|o_log_mcap=0.048|o_lu_follow=0.087,"官方日成交結構(MI_INDEX/dailyQuotes)=1|發行股數(MI_QFIIS/dailyQuotes)=1|外資持股(MI_QFIIS,僅上市)=0|自營商(T86/上櫃三大法人)=1|當沖(TWTB4U/上櫃intraday)=0|季財報(MOPS t163sb04)=1|月營收(MOPS/openapi)=1|官方產業別(MOPS t05st03)=1|融資券(MI_MARGN)=1|借券(TWT93U)=1|法人(T86)=1",438,inf,250.0,official_prepanel,148.25,1.0,0.0,0.0,0,1,9.913,32.653,25.073,3199.0,0,未扣成本·事後欄位以 m_ 標示·非投資建議,names.json,HO-model（2024Q2～Q4，挑戰者評估窗）,鎖後描述，不參與判定（DEV-009；使用者 G1 第 5 項 2026-10-05）：落選挑戰者在 HOLDOUT 的描述記錄，鎖定判定不變，不得用於重新選模·未扣成本·事後欄位以 m_ 標示·非投資建議
HO,4,2024-05-09,2024-05-10,5475,德宏,TPEx,S,,fV300,S2@5,47,320,漏網,1387,-3.424872,,atr14=0.292|n_lu_250=0.674|r20=0.148|c_ma120=0.045|vr20=0.075|days_since_lu=0.536|dt_ratio20=NaN|lend_to_v=0.014|rev_yoy=0.149|o_turn=0.021|o_log_mcap=0.011|o_lu_follow=0.089,"官方日成交結構(MI_INDEX/dailyQuotes)=1|發行股數(MI_QFIIS/dailyQuotes)=1|外資持股(MI_QFIIS,僅上市)=0|自營商(T86/上櫃三大法人)=1|當沖(TWTB4U/上櫃intraday)=0|季財報(MOPS t163sb04)=1|月營收(MOPS/openapi)=1|官方產業別(MOPS t05st03)=1|融資券(MI_MARGN)=1|借券(TWT93U)=1|法人(T86)=1",439,inf,250.0,official_prepanel,232.2,2.0,0.0,0.0,0,1,7.619,16.19,22.857,937.0,0,未扣成本·事後欄位以 m_ 標示·非投資建議,names.json,HO-model（2024Q2～Q4，挑戰者評估窗）,鎖後描述，不參與判定（DEV-009；使用者 G1 第 5 項 2026-10-05）：落選挑戰者在 HOLDOUT 的描述記錄，鎖定判定不變，不得用於重新選模·未扣成本·事後欄位以 m_ 標示·非投資建議
HO,4,2024-05-09,2024-05-10,6863,永道-KY,TWSE,S,,fV300,S2@5,79,320,漏網,563,-4.060265,,atr14=0.262|n_lu_250=0.580|r20=0.693|c_ma120=0.455|vr20=0.934|days_since_lu=0.529|dt_ratio20=0.219|lend_to_v=0.751|rev_yoy=0.917|o_turn=0.622|o_log_mcap=0.525|o_lu_follow=0.172,"官方日成交結構(MI_INDEX/dailyQuotes)=1|發行股數(MI_QFIIS/dailyQuotes)=1|外資持股(MI_QFIIS,僅上市)=1|自營商(T86/上櫃三大法人)=1|當沖(TWTB4U/上櫃intraday)=1|季財報(MOPS t163sb04)=1|月營收(MOPS/openapi)=1|官方產業別(MOPS t05st03)=1|融資券(MI_MARGN)=1|借券(TWT93U)=1|法人(T86)=1",276,276.0,250.0,official,248.35,2.0,0.0,0.0,1,0,0.0,26.163,23.256,2616.0,0,未扣成本·事後欄位以 m_ 標示·非投資建議,names.json,HO-model（2024Q2～Q4，挑戰者評估窗）,鎖後描述，不參與判定（DEV-009；使用者 G1 第 5 項 2026-10-05）：落選挑戰者在 HOLDOUT 的描述記錄，鎖定判定不變，不得用於重新選模·未扣成本·事後欄位以 m_ 標示·非投資建議
HO,4,2024-05-14,2024-05-15,2243,宏旭-KY,TWSE,S,,fV300,S2@5,76,324,漏網,909,-4.133181,,atr14=0.533|n_lu_250=0.780|r20=0.372|c_ma120=0.017|vr20=0.658|days_since_lu=0.440|dt_ratio20=NaN|lend_to_v=0.470|rev_yoy=0.023|o_turn=0.087|o_log_mcap=0.007|o_lu_follow=0.028,"官方日成交結構(MI_INDEX/dailyQuotes)=1|發行股數(MI_QFIIS/dailyQuotes)=1|外資持股(MI_QFIIS,僅上市)=1|自營商(T86/上櫃三大法人)=1|當沖(TWTB4U/上櫃intraday)=0|季財報(MOPS t163sb04)=1|月營收(MOPS/openapi)=1|官方產業別(MOPS t05st03)=1|融資券(MI_MARGN)=1|借券(TWT93U)=1|法人(T86)=1",442,inf,250.0,official_prepanel,101.65,1.0,0.0,0.0,0,1,7.42,26.855,27.208,733.0,0,未扣成本·事後欄位以 m_ 標示·非投資建議,names.json,HO-model（2024Q2～Q4，挑戰者評估窗）,鎖後描述，不參與判定（DEV-009；使用者 G1 第 5 項 2026-10-05）：落選挑戰者在 HOLDOUT 的描述記錄，鎖定判定不變，不得用於重新選模·未扣成本·事後欄位以 m_ 標示·非投資建議
HO,4,2024-05-15,2024-05-16,6706,惠特,TWSE,S,,fV300,S2@5,217,318,漏網,1415,-5.455195,,atr14=0.342|n_lu_250=0.172|r20=0.443|c_ma120=0.043|vr20=0.345|days_since_lu=0.691|dt_ratio20=0.247|lend_to_v=0.921|rev_yoy=0.026|o_turn=0.151|o_log_mcap=0.198|o_lu_follow=0.643,"官方日成交結構(MI_INDEX/dailyQuotes)=1|發行股數(MI_QFIIS/dailyQuotes)=1|外資持股(MI_QFIIS,僅上市)=1|自營商(T86/上櫃三大法人)=1|當沖(TWTB4U/上櫃intraday)=1|季財報(MOPS t163sb04)=1|月營收(MOPS/openapi)=1|官方產業別(MOPS t05st03)=1|融資券(MI_MARGN)=1|借券(TWT93U)=1|法人(T86)=1",443,inf,250.0,official_prepanel,222.85,2.0,0.0,0.0,0,1,6.667,39.074,39.815,1389.0,0,未扣成本·事後欄位以 m_ 標示·非投資建議,names.json,HO-model（2024Q2～Q4，挑戰者評估窗）,鎖後描述，不參與判定（DEV-009；使用者 G1 第 5 項 2026-10-05）：落選挑戰者在 HOLDOUT 的描述記錄，鎖定判定不變，不得用於重新選模·未扣成本·事後欄位以 m_ 標示·非投資建議
HO,4,2024-05-17,2024-05-20,1752,南光,TWSE,S,,fV300,S2@5,133,315,漏網,1366,-4.977448,,atr14=0.036|n_lu_250=0.427|r20=0.535|c_ma120=0.123|vr20=0.972|days_since_lu=0.512|dt_ratio20=0.098|lend_to_v=0.946|rev_yoy=0.310|o_turn=0.496|o_log_mcap=0.243|o_lu_follow=0.317,"官方日成交結構(MI_INDEX/dailyQuotes)=1|發行股數(MI_QFIIS/dailyQuotes)=1|外資持股(MI_QFIIS,僅上市)=1|自營商(T86/上櫃三大法人)=1|當沖(TWTB4U/上櫃intraday)=1|季財報(MOPS t163sb04)=1|月營收(MOPS/openapi)=1|官方產業別(MOPS t05st03)=1|融資券(MI_MARGN)=1|借券(TWT93U)=1|法人(T86)=1",445,inf,250.0,official_prepanel,179.0,1.0,0.0,0.0,1,0,0.0,7.782,2.724,1642.0,0,未扣成本·事後欄位以 m_ 標示·非投資建議,names.json,HO-model（2024Q2～Q4，挑戰者評估窗）,鎖後描述，不參與判定（DEV-009；使用者 G1 第 5 項 2026-10-05）：落選挑戰者在 HOLDOUT 的描述記錄，鎖定判定不變，不得用於重新選模·未扣成本·事後欄位以 m_ 標示·非投資建議
HO,4,2024-05-21,2024-05-22,5474,聰泰,TPEx,S,,fV300,S2@5,191,328,漏網,432,-5.017955,,atr14=0.304|n_lu_250=0.961|r20=0.550|c_ma120=0.381|vr20=0.395|days_since_lu=0.458|dt_ratio20=NaN|lend_to_v=0.786|rev_yoy=0.571|o_turn=0.150|o_log_mcap=0.269|o_lu_follow=0.413,"官方日成交結構(MI_INDEX/dailyQuotes)=1|發行股數(MI_QFIIS/dailyQuotes)=1|外資持股(MI_QFIIS,僅上市)=0|自營商(T86/上櫃三大法人)=1|當沖(TWTB4U/上櫃intraday)=1|季財報(MOPS t163sb04)=1|月營收(MOPS/openapi)=1|官方產業別(MOPS t05st03)=1|融資券(MI_MARGN)=1|借券(TWT93U)=1|法人(T86)=1",447,inf,250.0,official_prepanel,114.75,1.0,0.0,0.0,0,1,5.283,29.811,26.792,675.0,0,未扣成本·事後欄位以 m_ 標示·非投資建議,names.json,HO-model（2024Q2～Q4，挑戰者評估窗）,鎖後描述，不參與判定（DEV-009；使用者 G1 第 5 項 2026-10-05）：落選挑戰者在 HOLDOUT 的描述記錄，鎖定判定不變，不得用於重新選模·未扣成本·事後欄位以 m_ 標示·非投資建議
HO,4,2024-05-23,2024-05-24,3518,柏騰,TWSE,S,,fV300,S2@5,163,316,漏網,1161,-4.907683,,atr14=0.333|n_lu_250=0.556|r20=0.440|c_ma120=0.016|vr20=0.561|days_since_lu=0.612|dt_ratio20=0.238|lend_to_v=0.858|rev_yoy=0.480|o_turn=0.078|o_log_mcap=0.079|o_lu_follow=0.962,"官方日成交結構(MI_INDEX/dailyQuotes)=1|發行股數(MI_QFIIS/dailyQuotes)=1|外資持股(MI_QFIIS,僅上市)=1|自營商(T86/上櫃三大法人)=1|當沖(TWTB4U/上櫃intraday)=1|季財報(MOPS t163sb04)=1|月營收(MOPS/openapi)=1|官方產業別(MOPS t05st03)=1|融資券(MI_MARGN)=1|借券(TWT93U)=1|法人(T86)=1",449,inf,250.0,official_prepanel,127.05,1.0,0.0,0.0,0,1,9.594,10.517,11.07,686.0,0,未扣成本·事後欄位以 m_ 標示·非投資建議,names.json,HO-model（2024Q2～Q4，挑戰者評估窗）,鎖後描述，不參與判定（DEV-009；使用者 G1 第 5 項 2026-10-05）：落選挑戰者在 HOLDOUT 的描述記錄，鎖定判定不變，不得用於重新選模·未扣成本·事後欄位以 m_ 標示·非投資建議
HO,4,2024-05-27,2024-05-28,3040,遠見,TWSE,S,,fV300,S2@5,107,316,漏網,1382,-4.388489,,atr14=0.000|n_lu_250=0.172|r20=0.540|c_ma120=0.325|vr20=0.220|days_since_lu=0.883|dt_ratio20=0.000|lend_to_v=0.152|rev_yoy=0.177|o_turn=0.166|o_log_mcap=0.060|o_lu_follow=0.645,"官方日成交結構(MI_INDEX/dailyQuotes)=1|發行股數(MI_QFIIS/dailyQuotes)=1|外資持股(MI_QFIIS,僅上市)=1|自營商(T86/上櫃三大法人)=1|當沖(TWTB4U/上櫃intraday)=1|季財報(MOPS t163sb04)=1|月營收(MOPS/openapi)=1|官方產業別(MOPS t05st03)=1|融資券(MI_MARGN)=1|借券(TWT93U)=1|法人(T86)=1",451,inf,250.0,official_prepanel,277.15,2.0,0.0,0.0,0,1,9.615,21.474,8.654,885.0,0,未扣成本·事後欄位以 m_ 標示·非投資建議,names.json,HO-model（2024Q2～Q4，挑戰者評估窗）,鎖後描述，不參與判定（DEV-009；使用者 G1 第 5 項 2026-10-05）：落選挑戰者在 HOLDOUT 的描述記錄，鎖定判定不變，不得用於重新選模·未扣成本·事後欄位以 m_ 標示·非投資建議
HO,4,2024-05-27,2024-05-28,4571,鈞興-KY,TWSE,S,,fV300,S2@5,86,316,漏網,219,-4.095397,,atr14=0.922|n_lu_250=0.428|r20=0.821|c_ma120=0.738|vr20=0.430|days_since_lu=0.450|dt_ratio20=0.548|lend_to_v=0.178|rev_yoy=0.853|o_turn=0.252|o_log_mcap=0.297|o_lu_follow=0.314,"官方日成交結構(MI_INDEX/dailyQuotes)=1|發行股數(MI_QFIIS/dailyQuotes)=1|外資持股(MI_QFIIS,僅上市)=1|自營商(T86/上櫃三大法人)=1|當沖(TWTB4U/上櫃intraday)=1|季財報(MOPS t163sb04)=1|月營收(MOPS/openapi)=1|官方產業別(MOPS t05st03)=1|融資券(MI_MARGN)=1|借券(TWT93U)=1|法人(T86)=1",451,inf,250.0,official_prepanel,213.75,2.0,0.0,0.0,0,1,4.977,34.389,29.412,983.0,0,未扣成本·事後欄位以 m_ 標示·非投資建議,names.json,HO-model（2024Q2～Q4，挑戰者評估窗）,鎖後描述，不參與判定（DEV-009；使用者 G1 第 5 項 2026-10-05）：落選挑戰者在 HOLDOUT 的描述記錄，鎖定判定不變，不得用於重新選模·未扣成本·事後欄位以 m_ 標示·非投資建議
HO,4,2024-05-27,2024-05-28,5468,凱鈺,TPEx,S,,fV300,S2@5,43,316,漏網,329,-3.347528,,atr14=0.594|n_lu_250=0.657|r20=0.738|c_ma120=0.484|vr20=0.449|days_since_lu=0.521|dt_ratio20=NaN|lend_to_v=0.017|rev_yoy=0.752|o_turn=0.179|o_log_mcap=0.001|o_lu_follow=0.095,"官方日成交結構(MI_INDEX/dailyQuotes)=1|發行股數(MI_QFIIS/dailyQuotes)=1|外資持股(MI_QFIIS,僅上市)=0|自營商(T86/上櫃三大法人)=1|當沖(TWTB4U/上櫃intraday)=0|季財報(MOPS t163sb04)=1|月營收(MOPS/openapi)=1|官方產業別(MOPS t05st03)=1|融資券(MI_MARGN)=1|借券(TWT93U)=1|法人(T86)=1",451,inf,250.0,official_prepanel,107.05,1.0,0.0,0.0,0,1,8.179,21.9,8.179,674.0,0,未扣成本·事後欄位以 m_ 標示·非投資建議,names.json,HO-model（2024Q2～Q4，挑戰者評估窗）,鎖後描述，不參與判定（DEV-009；使用者 G1 第 5 項 2026-10-05）：落選挑戰者在 HOLDOUT 的描述記錄，鎖定判定不變，不得用於重新選模·未扣成本·事後欄位以 m_ 標示·非投資建議
HO,4,2024-05-28,2024-05-29,3379,彬台,TPEx,S,,fV300,S2@5,11,310,漏網,357,-2.44569,,atr14=0.603|n_lu_250=0.423|r20=0.878|c_ma120=0.544|vr20=0.886|days_since_lu=0.567|dt_ratio20=NaN|lend_to_v=0.116|rev_yoy=0.963|o_turn=0.756|o_log_mcap=0.001|o_lu_follow=0.324,"官方日成交結構(MI_INDEX/dailyQuotes)=1|發行股數(MI_QFIIS/dailyQuotes)=1|外資持股(MI_QFIIS,僅上市)=0|自營商(T86/上櫃三大法人)=1|當沖(TWTB4U/上櫃intraday)=1|季財報(MOPS t163sb04)=1|月營收(MOPS/openapi)=1|官方產業別(MOPS t05st03)=1|融資券(MI_MARGN)=1|借券(TWT93U)=1|法人(T86)=1",452,inf,250.0,official_prepanel,297.75,2.0,0.0,0.0,0,1,9.61,60.06,35.435,2123.0,0,未扣成本·事後欄位以 m_ 標示·非投資建議,names.json,HO-model（2024Q2～Q4，挑戰者評估窗）,鎖後描述，不參與判定（DEV-009；使用者 G1 第 5 項 2026-10-05）：落選挑戰者在 HOLDOUT 的描述記錄，鎖定判定不變，不得用於重新選模·未扣成本·事後欄位以 m_ 標示·非投資建議
HO,4,2024-05-28,2024-05-29,8099,大世科,TPEx,S,,fV300,S2@5,250,310,漏網,683,-5.71815,,atr14=0.288|n_lu_250=0.423|r20=0.464|c_ma120=0.661|vr20=0.097|days_since_lu=0.376|dt_ratio20=NaN|lend_to_v=0.592|rev_yoy=0.118|o_turn=0.010|o_log_mcap=0.319|o_lu_follow=0.324,"官方日成交結構(MI_INDEX/dailyQuotes)=1|發行股數(MI_QFIIS/dailyQuotes)=1|外資持股(MI_QFIIS,僅上市)=0|自營商(T86/上櫃三大法人)=1|當沖(TWTB4U/上櫃intraday)=1|季財報(MOPS t163sb04)=1|月營收(MOPS/openapi)=1|官方產業別(MOPS t05st03)=1|融資券(MI_MARGN)=1|借券(TWT93U)=1|法人(T86)=1",452,inf,250.0,official_prepanel,151.7,1.0,0.0,0.0,0,1,8.853,15.385,23.077,971.0,0,未扣成本·事後欄位以 m_ 標示·非投資建議,names.json,HO-model（2024Q2～Q4，挑戰者評估窗）,鎖後描述，不參與判定（DEV-009；使用者 G1 第 5 項 2026-10-05）：落選挑戰者在 HOLDOUT 的描述記錄，鎖定判定不變，不得用於重新選模·未扣成本·事後欄位以 m_ 標示·非投資建議
HO,4,2024-05-30,2024-05-31,4534,慶騰,TPEx,S,,fV300,S2@5,7,301,漏網,210,-2.020307,,atr14=0.677|n_lu_250=0.857|r20=0.810|c_ma120=0.614|vr20=0.928|days_since_lu=0.313|dt_ratio20=NaN|lend_to_v=0.018|rev_yoy=0.665|o_turn=0.583|o_log_mcap=0.004|o_lu_follow=0.419,"官方日成交結構(MI_INDEX/dailyQuotes)=1|發行股數(MI_QFIIS/dailyQuotes)=1|外資持股(MI_QFIIS,僅上市)=0|自營商(T86/上櫃三大法人)=1|當沖(TWTB4U/上櫃intraday)=0|季財報(MOPS t163sb04)=1|月營收(MOPS/openapi)=1|官方產業別(MOPS t05st03)=1|融資券(MI_MARGN)=1|借券(TWT93U)=1|法人(T86)=1",454,inf,250.0,official_prepanel,299.9,2.0,0.0,0.0,0,1,8.537,31.707,33.333,1866.0,0,未扣成本·事後欄位以 m_ 標示·非投資建議,names.json,HO-model（2024Q2～Q4，挑戰者評估窗）,鎖後描述，不參與判定（DEV-009；使用者 G1 第 5 項 2026-10-05）：落選挑戰者在 HOLDOUT 的描述記錄，鎖定判定不變，不得用於重新選模·未扣成本·事後欄位以 m_ 標示·非投資建議
HO,4,2024-06-06,2024-06-07,4588,玖鼎電力,TWSE,S,,fV300|fH125,S2@5,56,301,漏網,1763,-4.106118,,atr14=0.314|n_lu_250=0.853|r20=0.074|c_ma120=NaN|vr20=0.688|days_since_lu=0.325|dt_ratio20=NaN|lend_to_v=NaN|rev_yoy=0.009|o_turn=0.560|o_log_mcap=0.217|o_lu_follow=0.998,"官方日成交結構(MI_INDEX/dailyQuotes)=1|發行股數(MI_QFIIS/dailyQuotes)=1|外資持股(MI_QFIIS,僅上市)=1|自營商(T86/上櫃三大法人)=1|當沖(TWTB4U/上櫃intraday)=0|季財報(MOPS t163sb04)=1|月營收(MOPS/openapi)=1|官方產業別(MOPS t05st03)=1|融資券(MI_MARGN)=0|借券(TWT93U)=0|法人(T86)=1",83,83.0,83.0,official,271.05,2.0,0.0,0.0,0,1,7.979,34.043,20.745,725.0,0,未扣成本·事後欄位以 m_ 標示·非投資建議,names.json,HO-model（2024Q2～Q4，挑戰者評估窗）,鎖後描述，不參與判定（DEV-009；使用者 G1 第 5 項 2026-10-05）：落選挑戰者在 HOLDOUT 的描述記錄，鎖定判定不變，不得用於重新選模·未扣成本·事後欄位以 m_ 標示·非投資建議
HO,4,2024-06-18,2024-06-19,6441,廣錠,TPEx,S,,fV300,S2@5,176,306,漏網,1412,-5.388459,,atr14=0.311|n_lu_250=0.405|r20=0.220|c_ma120=0.019|vr20=0.199|days_since_lu=0.680|dt_ratio20=NaN|lend_to_v=0.946|rev_yoy=0.027|o_turn=0.032|o_log_mcap=0.070|o_lu_follow=0.319,"官方日成交結構(MI_INDEX/dailyQuotes)=1|發行股數(MI_QFIIS/dailyQuotes)=1|外資持股(MI_QFIIS,僅上市)=0|自營商(T86/上櫃三大法人)=1|當沖(TWTB4U/上櫃intraday)=1|季財報(MOPS t163sb04)=1|月營收(MOPS/openapi)=1|官方產業別(MOPS t05st03)=1|融資券(MI_MARGN)=1|借券(TWT93U)=1|法人(T86)=1",466,inf,250.0,official_prepanel,103.8,1.0,0.0,0.0,0,1,6.75,17.375,17.625,767.0,0,未扣成本·事後欄位以 m_ 標示·非投資建議,names.json,HO-model（2024Q2～Q4，挑戰者評估窗）,鎖後描述，不參與判定（DEV-009；使用者 G1 第 5 項 2026-10-05）：落選挑戰者在 HOLDOUT 的描述記錄，鎖定判定不變，不得用於重新選模·未扣成本·事後欄位以 m_ 標示·非投資建議
HO,4,2024-06-20,2024-06-21,6457,來源未提供,TPEx,S,,fV300,S2@5,93,306,漏網,1214,-4.610859,,atr14=0.313|n_lu_250=0.404|r20=0.420|c_ma120=0.024|vr20=0.617|days_since_lu=0.559|dt_ratio20=NaN|lend_to_v=0.762|rev_yoy=NaN|o_turn=0.346|o_log_mcap=0.039|o_lu_follow=0.316,"官方日成交結構(MI_INDEX/dailyQuotes)=1|發行股數(MI_QFIIS/dailyQuotes)=1|外資持股(MI_QFIIS,僅上市)=0|自營商(T86/上櫃三大法人)=1|當沖(TWTB4U/上櫃intraday)=1|季財報(MOPS t163sb04)=0|月營收(MOPS/openapi)=0|官方產業別(MOPS t05st03)=0|融資券(MI_MARGN)=1|借券(TWT93U)=1|法人(T86)=1",468,inf,250.0,fallback_prepanel,134.45,1.0,0.0,0.0,0,1,9.486,20.356,25.494,1066.0,0,未扣成本·事後欄位以 m_ 標示·非投資建議,來源未提供,HO-model（2024Q2～Q4，挑戰者評估窗）,鎖後描述，不參與判定（DEV-009；使用者 G1 第 5 項 2026-10-05）：落選挑戰者在 HOLDOUT 的描述記錄，鎖定判定不變，不得用於重新選模·未扣成本·事後欄位以 m_ 標示·非投資建議
HO,4,2024-06-24,2024-06-25,8440,綠電,TPEx,S,,fV300,S2@5,15,307,漏網,573,-2.575119,,atr14=0.395|n_lu_250=0.627|r20=0.558|c_ma120=0.481|vr20=0.975|days_since_lu=0.389|dt_ratio20=NaN|lend_to_v=0.578|rev_yoy=0.470|o_turn=0.864|o_log_mcap=0.037|o_lu_follow=0.098,"官方日成交結構(MI_INDEX/dailyQuotes)=1|發行股數(MI_QFIIS/dailyQuotes)=1|外資持股(MI_QFIIS,僅上市)=0|自營商(T86/上櫃三大法人)=1|當沖(TWTB4U/上櫃intraday)=1|季財報(MOPS t163sb04)=1|月營收(MOPS/openapi)=1|官方產業別(MOPS t05st03)=1|融資券(MI_MARGN)=1|借券(TWT93U)=1|法人(T86)=1",470,inf,250.0,official_prepanel,252.25,2.0,0.0,0.0,0,1,9.244,50.466,55.987,2479.0,0,未扣成本·事後欄位以 m_ 標示·非投資建議,names.json,HO-model（2024Q2～Q4，挑戰者評估窗）,鎖後描述，不參與判定（DEV-009；使用者 G1 第 5 項 2026-10-05）：落選挑戰者在 HOLDOUT 的描述記錄，鎖定判定不變，不得用於重新選模·未扣成本·事後欄位以 m_ 標示·非投資建議
HO,4,2024-06-26,2024-06-27,3713,新晶投控,TPEx,S,,fV300,S2@5,8,303,漏網,376,-2.193576,,atr14=0.626|n_lu_250=0.808|r20=0.880|c_ma120=0.236|vr20=0.856|days_since_lu=0.033|dt_ratio20=NaN|lend_to_v=NaN|rev_yoy=0.449|o_turn=0.231|o_log_mcap=0.055|o_lu_follow=0.432,"官方日成交結構(MI_INDEX/dailyQuotes)=1|發行股數(MI_QFIIS/dailyQuotes)=1|外資持股(MI_QFIIS,僅上市)=0|自營商(T86/上櫃三大法人)=1|當沖(TWTB4U/上櫃intraday)=0|季財報(MOPS t163sb04)=1|月營收(MOPS/openapi)=1|官方產業別(MOPS t05st03)=1|融資券(MI_MARGN)=0|借券(TWT93U)=0|法人(T86)=1",472,inf,250.0,official_prepanel,121.7,1.0,0.0,0.0,0,1,9.595,45.629,23.454,417.0,0,未扣成本·事後欄位以 m_ 標示·非投資建議,names.json,HO-model（2024Q2～Q4，挑戰者評估窗）,鎖後描述，不參與判定（DEV-009；使用者 G1 第 5 項 2026-10-05）：落選挑戰者在 HOLDOUT 的描述記錄，鎖定判定不變，不得用於重新選模·未扣成本·事後欄位以 m_ 標示·非投資建議
HO,4,2024-06-28,2024-07-01,3492,長盛,TPEx,S,,fV300,S2@5,74,312,漏網,1184,-4.177592,,atr14=0.365|n_lu_250=0.160|r20=0.211|c_ma120=0.454|vr20=0.376|days_since_lu=0.767|dt_ratio20=NaN|lend_to_v=0.185|rev_yoy=0.448|o_turn=0.309|o_log_mcap=0.001|o_lu_follow=0.647,"官方日成交結構(MI_INDEX/dailyQuotes)=1|發行股數(MI_QFIIS/dailyQuotes)=1|外資持股(MI_QFIIS,僅上市)=0|自營商(T86/上櫃三大法人)=1|當沖(TWTB4U/上櫃intraday)=1|季財報(MOPS t163sb04)=1|月營收(MOPS/openapi)=1|官方產業別(MOPS t05st03)=1|融資券(MI_MARGN)=1|借券(TWT93U)=1|法人(T86)=1",474,inf,250.0,official_prepanel,172.55,1.0,0.0,0.0,0,1,9.906,48.585,38.443,1202.0,0,未扣成本·事後欄位以 m_ 標示·非投資建議,names.json,HO-model（2024Q2～Q4，挑戰者評估窗）,鎖後描述，不參與判定（DEV-009；使用者 G1 第 5 項 2026-10-05）：落選挑戰者在 HOLDOUT 的描述記錄，鎖定判定不變，不得用於重新選模·未扣成本·事後欄位以 m_ 標示·非投資建議
HO,4,2024-06-28,2024-07-01,6541,泰福-KY,TWSE,S,,fV300,S2@5,44,312,漏網,536,-3.462473,,atr14=0.700|n_lu_250=0.708|r20=0.923|c_ma120=0.021|vr20=0.878|days_since_lu=0.588|dt_ratio20=NaN|lend_to_v=0.440|rev_yoy=0.966|o_turn=0.123|o_log_mcap=0.387|o_lu_follow=0.057,"官方日成交結構(MI_INDEX/dailyQuotes)=1|發行股數(MI_QFIIS/dailyQuotes)=1|外資持股(MI_QFIIS,僅上市)=1|自營商(T86/上櫃三大法人)=1|當沖(TWTB4U/上櫃intraday)=0|季財報(MOPS t163sb04)=1|月營收(MOPS/openapi)=1|官方產業別(MOPS t05st03)=1|融資券(MI_MARGN)=1|借券(TWT93U)=1|法人(T86)=1",474,inf,250.0,official_prepanel,147.75,1.0,0.0,0.0,1,0,0.0,34.661,37.052,608.0,0,未扣成本·事後欄位以 m_ 標示·非投資建議,names.json,HO-model（2024Q2～Q4，挑戰者評估窗）,鎖後描述，不參與判定（DEV-009；使用者 G1 第 5 項 2026-10-05）：落選挑戰者在 HOLDOUT 的描述記錄，鎖定判定不變，不得用於重新選模·未扣成本·事後欄位以 m_ 標示·非投資建議
HO,5,2024-07-02,2024-07-03,6937,天虹,TWSE,S,,fV300,S2@5,66,311,漏網,444,-4.081078,,atr14=0.641|n_lu_250=0.537|r20=0.803|c_ma120=0.320|vr20=0.912|days_since_lu=0.040|dt_ratio20=0.234|lend_to_v=0.220|rev_yoy=0.582|o_turn=0.608|o_log_mcap=0.573|o_lu_follow=0.176,"官方日成交結構(MI_INDEX/dailyQuotes)=1|發行股數(MI_QFIIS/dailyQuotes)=1|外資持股(MI_QFIIS,僅上市)=1|自營商(T86/上櫃三大法人)=1|當沖(TWTB4U/上櫃intraday)=1|季財報(MOPS t163sb04)=1|月營收(MOPS/openapi)=1|官方產業別(MOPS t05st03)=1|融資券(MI_MARGN)=1|借券(TWT93U)=1|法人(T86)=1",133,133.0,133.0,official,276.85,2.0,0.0,0.0,0,1,6.393,27.626,45.211,1714.0,0,未扣成本·事後欄位以 m_ 標示·非投資建議,names.json,HO-model（2024Q2～Q4，挑戰者評估窗）,鎖後描述，不參與判定（DEV-009；使用者 G1 第 5 項 2026-10-05）：落選挑戰者在 HOLDOUT 的描述記錄，鎖定判定不變，不得用於重新選模·未扣成本·事後欄位以 m_ 標示·非投資建議
HO,5,2024-07-03,2024-07-04,6218,豪勉,TPEx,S,,fV300,S2@5,74,305,漏網,725,-4.286522,,atr14=0.333|n_lu_250=0.875|r20=0.506|c_ma120=0.148|vr20=0.452|days_since_lu=0.515|dt_ratio20=NaN|lend_to_v=0.749|rev_yoy=0.874|o_turn=0.150|o_log_mcap=0.042|o_lu_follow=0.847,"官方日成交結構(MI_INDEX/dailyQuotes)=1|發行股數(MI_QFIIS/dailyQuotes)=1|外資持股(MI_QFIIS,僅上市)=0|自營商(T86/上櫃三大法人)=1|當沖(TWTB4U/上櫃intraday)=1|季財報(MOPS t163sb04)=1|月營收(MOPS/openapi)=1|官方產業別(MOPS t05st03)=1|融資券(MI_MARGN)=1|借券(TWT93U)=1|法人(T86)=1",477,inf,250.0,official_prepanel,172.75,1.0,0.0,0.0,0,1,8.806,46.38,30.137,2373.0,0,未扣成本·事後欄位以 m_ 標示·非投資建議,names.json,HO-model（2024Q2～Q4，挑戰者評估窗）,鎖後描述，不參與判定（DEV-009；使用者 G1 第 5 項 2026-10-05）：落選挑戰者在 HOLDOUT 的描述記錄，鎖定判定不變，不得用於重新選模·未扣成本·事後欄位以 m_ 標示·非投資建議
HO,5,2024-07-04,2024-07-05,2756,聯發國際,TPEx,S,,fV300,S2@5,31,311,漏網,401,-3.165349,,atr14=0.480|n_lu_250=0.408|r20=0.856|c_ma120=0.703|vr20=0.985|days_since_lu=0.007|dt_ratio20=NaN|lend_to_v=0.058|rev_yoy=0.055|o_turn=0.804|o_log_mcap=0.089|o_lu_follow=0.326,"官方日成交結構(MI_INDEX/dailyQuotes)=1|發行股數(MI_QFIIS/dailyQuotes)=1|外資持股(MI_QFIIS,僅上市)=0|自營商(T86/上櫃三大法人)=1|當沖(TWTB4U/上櫃intraday)=1|季財報(MOPS t163sb04)=1|月營收(MOPS/openapi)=1|官方產業別(MOPS t05st03)=1|融資券(MI_MARGN)=0|借券(TWT93U)=1|法人(T86)=1",478,inf,250.0,official_prepanel,107.75,1.0,0.0,0.0,0,1,1.852,-12.87,-14.352,558.0,0,未扣成本·事後欄位以 m_ 標示·非投資建議,names.json,HO-model（2024Q2～Q4，挑戰者評估窗）,鎖後描述，不參與判定（DEV-009；使用者 G1 第 5 項 2026-10-05）：落選挑戰者在 HOLDOUT 的描述記錄，鎖定判定不變，不得用於重新選模·未扣成本·事後欄位以 m_ 標示·非投資建議
HO,5,2024-07-04,2024-07-05,8935,邦泰,TPEx,S,,fV300,S2@5,25,311,漏網,688,-2.980887,,atr14=0.328|n_lu_250=0.161|r20=0.637|c_ma120=0.775|vr20=0.825|days_since_lu=0.696|dt_ratio20=NaN|lend_to_v=0.016|rev_yoy=0.211|o_turn=0.290|o_log_mcap=0.048|o_lu_follow=0.655,"官方日成交結構(MI_INDEX/dailyQuotes)=1|發行股數(MI_QFIIS/dailyQuotes)=1|外資持股(MI_QFIIS,僅上市)=0|自營商(T86/上櫃三大法人)=1|當沖(TWTB4U/上櫃intraday)=0|季財報(MOPS t163sb04)=1|月營收(MOPS/openapi)=1|官方產業別(MOPS t05st03)=1|融資券(MI_MARGN)=1|借券(TWT93U)=1|法人(T86)=1",478,inf,250.0,official_prepanel,261.95,2.0,0.0,0.0,0,1,8.306,19.934,22.259,3197.0,0,未扣成本·事後欄位以 m_ 標示·非投資建議,names.json,HO-model（2024Q2～Q4，挑戰者評估窗）,鎖後描述，不參與判定（DEV-009；使用者 G1 第 5 項 2026-10-05）：落選挑戰者在 HOLDOUT 的描述記錄，鎖定判定不變，不得用於重新選模·未扣成本·事後欄位以 m_ 標示·非投資建議
HO,5,2024-07-09,2024-07-10,2477,美隆電,TWSE,S,,fV300,S2@5,101,308,漏網,1170,-4.568287,,atr14=0.058|n_lu_250=0.158|r20=0.501|c_ma120=0.514|vr20=0.781|days_since_lu=0.741|dt_ratio20=0.027|lend_to_v=0.674|rev_yoy=0.098|o_turn=0.025|o_log_mcap=0.178|o_lu_follow=0.661,"官方日成交結構(MI_INDEX/dailyQuotes)=1|發行股數(MI_QFIIS/dailyQuotes)=1|外資持股(MI_QFIIS,僅上市)=1|自營商(T86/上櫃三大法人)=1|當沖(TWTB4U/上櫃intraday)=1|季財報(MOPS t163sb04)=1|月營收(MOPS/openapi)=1|官方產業別(MOPS t05st03)=1|融資券(MI_MARGN)=1|借券(TWT93U)=1|法人(T86)=1",481,inf,250.0,official_prepanel,106.0,1.0,0.0,0.0,0,1,8.079,28.821,15.502,1445.0,0,未扣成本·事後欄位以 m_ 標示·非投資建議,names.json,HO-model（2024Q2～Q4，挑戰者評估窗）,鎖後描述，不參與判定（DEV-009；使用者 G1 第 5 項 2026-10-05）：落選挑戰者在 HOLDOUT 的描述記錄，鎖定判定不變，不得用於重新選模·未扣成本·事後欄位以 m_ 標示·非投資建議
HO,5,2024-07-09,2024-07-10,6570,維田,TPEx,S,,fV300,S2@5,65,308,漏網,1081,-4.108108,,atr14=0.367|n_lu_250=0.158|r20=0.362|c_ma120=0.444|vr20=0.944|days_since_lu=0.708|dt_ratio20=NaN|lend_to_v=0.650|rev_yoy=0.242|o_turn=0.701|o_log_mcap=0.069|o_lu_follow=0.661,"官方日成交結構(MI_INDEX/dailyQuotes)=1|發行股數(MI_QFIIS/dailyQuotes)=1|外資持股(MI_QFIIS,僅上市)=0|自營商(T86/上櫃三大法人)=1|當沖(TWTB4U/上櫃intraday)=1|季財報(MOPS t163sb04)=1|月營收(MOPS/openapi)=1|官方產業別(MOPS t05st03)=1|融資券(MI_MARGN)=1|借券(TWT93U)=1|法人(T86)=1",481,inf,250.0,official_prepanel,219.1,2.0,0.0,0.0,0,1,9.307,23.175,11.861,2987.0,0,未扣成本·事後欄位以 m_ 標示·非投資建議,names.json,HO-model（2024Q2～Q4，挑戰者評估窗）,鎖後描述，不參與判定（DEV-009；使用者 G1 第 5 項 2026-10-05）：落選挑戰者在 HOLDOUT 的描述記錄，鎖定判定不變，不得用於重新選模·未扣成本·事後欄位以 m_ 標示·非投資建議
HO,5,2024-07-12,2024-07-15,4729,熒茂,TPEx,S,,fV300,S2@5,65,310,漏網,907,-4.297181,,atr14=0.163|n_lu_250=0.793|r20=0.477|c_ma120=0.216|vr20=0.551|days_since_lu=0.539|dt_ratio20=NaN|lend_to_v=0.552|rev_yoy=0.227|o_turn=0.072|o_log_mcap=0.026|o_lu_follow=0.915,"官方日成交結構(MI_INDEX/dailyQuotes)=1|發行股數(MI_QFIIS/dailyQuotes)=1|外資持股(MI_QFIIS,僅上市)=0|自營商(T86/上櫃三大法人)=1|當沖(TWTB4U/上櫃intraday)=1|季財報(MOPS t163sb04)=1|月營收(MOPS/openapi)=1|官方產業別(MOPS t05st03)=1|融資券(MI_MARGN)=1|借券(TWT93U)=1|法人(T86)=1",484,inf,250.0,official_prepanel,127.4,1.0,0.0,0.0,0,1,8.011,13.26,11.602,1078.0,0,未扣成本·事後欄位以 m_ 標示·非投資建議,names.json,HO-model（2024Q2～Q4，挑戰者評估窗）,鎖後描述，不參與判定（DEV-009；使用者 G1 第 5 項 2026-10-05）：落選挑戰者在 HOLDOUT 的描述記錄，鎖定判定不變，不得用於重新選模·未扣成本·事後欄位以 m_ 標示·非投資建議
HO,5,2024-07-17,2024-07-18,1456,怡華,TWSE,S,,fV300,S2@5,91,302,漏網,889,-4.644622,,atr14=0.459|n_lu_250=0.637|r20=0.257|c_ma120=0.282|vr20=0.753|days_since_lu=0.515|dt_ratio20=0.554|lend_to_v=0.644|rev_yoy=0.030|o_turn=0.124|o_log_mcap=0.059|o_lu_follow=0.993,"官方日成交結構(MI_INDEX/dailyQuotes)=1|發行股數(MI_QFIIS/dailyQuotes)=1|外資持股(MI_QFIIS,僅上市)=1|自營商(T86/上櫃三大法人)=1|當沖(TWTB4U/上櫃intraday)=1|季財報(MOPS t163sb04)=1|月營收(MOPS/openapi)=1|官方產業別(MOPS t05st03)=1|融資券(MI_MARGN)=1|借券(TWT93U)=1|法人(T86)=1",487,inf,250.0,official_prepanel,139.4,1.0,0.0,0.0,0,1,10.38,21.013,22.278,1155.0,0,未扣成本·事後欄位以 m_ 標示·非投資建議,names.json,HO-model（2024Q2～Q4，挑戰者評估窗）,鎖後描述，不參與判定（DEV-009；使用者 G1 第 5 項 2026-10-05）：落選挑戰者在 HOLDOUT 的描述記錄，鎖定判定不變，不得用於重新選模·未扣成本·事後欄位以 m_ 標示·非投資建議
HO,5,2024-07-23,2024-07-26,4907,富宇,TPEx,S,,fV300,S2@5,16,306,漏網,215,-3.272882,,atr14=0.725|n_lu_250=0.391|r20=0.967|c_ma120=0.952|vr20=0.899|days_since_lu=0.455|dt_ratio20=NaN|lend_to_v=0.564|rev_yoy=0.999|o_turn=0.222|o_log_mcap=0.520|o_lu_follow=0.331,"官方日成交結構(MI_INDEX/dailyQuotes)=1|發行股數(MI_QFIIS/dailyQuotes)=1|外資持股(MI_QFIIS,僅上市)=0|自營商(T86/上櫃三大法人)=1|當沖(TWTB4U/上櫃intraday)=1|季財報(MOPS t163sb04)=1|月營收(MOPS/openapi)=1|官方產業別(MOPS t05st03)=1|融資券(MI_MARGN)=1|借券(TWT93U)=1|法人(T86)=1",491,inf,250.0,official_prepanel,207.15,2.0,0.0,0.0,0,1,10.055,31.492,0.11,567.0,0,未扣成本·事後欄位以 m_ 標示·非投資建議,names.json,HO-model（2024Q2～Q4，挑戰者評估窗）,鎖後描述，不參與判定（DEV-009；使用者 G1 第 5 項 2026-10-05）：落選挑戰者在 HOLDOUT 的描述記錄，鎖定判定不變，不得用於重新選模·未扣成本·事後欄位以 m_ 標示·非投資建議
HO,5,2024-07-29,2024-07-30,6199,天品,TPEx,S,,fV300|fH125,S2@5,8,303,漏網,105,-2.51728,,atr14=0.627|n_lu_250=0.886|r20=0.966|c_ma120=0.848|vr20=0.911|days_since_lu=0.445|dt_ratio20=NaN|lend_to_v=NaN|rev_yoy=0.057|o_turn=0.197|o_log_mcap=0.087|o_lu_follow=0.975,"官方日成交結構(MI_INDEX/dailyQuotes)=1|發行股數(MI_QFIIS/dailyQuotes)=1|外資持股(MI_QFIIS,僅上市)=0|自營商(T86/上櫃三大法人)=1|當沖(TWTB4U/上櫃intraday)=0|季財報(MOPS t163sb04)=1|月營收(MOPS/openapi)=1|官方產業別(MOPS t05st03)=1|融資券(MI_MARGN)=0|借券(TWT93U)=0|法人(T86)=1",493,inf,250.0,official_prepanel,106.7,1.0,0.0,0.0,0,1,11.35,33.129,92.331,309.0,0,未扣成本·事後欄位以 m_ 標示·非投資建議,names.json,HO-model（2024Q2～Q4，挑戰者評估窗）,鎖後描述，不參與判定（DEV-009；使用者 G1 第 5 項 2026-10-05）：落選挑戰者在 HOLDOUT 的描述記錄，鎖定判定不變，不得用於重新選模·未扣成本·事後欄位以 m_ 標示·非投資建議
HO,5,2024-08-05,2024-08-06,1225,福懋油,TWSE,S,,fV300,S2@5,43,312,漏網,140,-3.899548,,atr14=0.821|n_lu_250=0.393|r20=0.897|c_ma120=0.988|vr20=0.365|days_since_lu=0.219|dt_ratio20=0.512|lend_to_v=0.297|rev_yoy=0.152|o_turn=0.001|o_log_mcap=0.769|o_lu_follow=0.329,"官方日成交結構(MI_INDEX/dailyQuotes)=1|發行股數(MI_QFIIS/dailyQuotes)=1|外資持股(MI_QFIIS,僅上市)=1|自營商(T86/上櫃三大法人)=1|當沖(TWTB4U/上櫃intraday)=1|季財報(MOPS t163sb04)=1|月營收(MOPS/openapi)=1|官方產業別(MOPS t05st03)=1|融資券(MI_MARGN)=1|借券(TWT93U)=1|法人(T86)=1",498,inf,250.0,official_prepanel,141.75,1.0,0.0,1.0,0,1,8.943,21.545,32.52,171.0,0,未扣成本·事後欄位以 m_ 標示·非投資建議,names.json,HO-model（2024Q2～Q4，挑戰者評估窗）,鎖後描述，不參與判定（DEV-009；使用者 G1 第 5 項 2026-10-05）：落選挑戰者在 HOLDOUT 的描述記錄，鎖定判定不變，不得用於重新選模·未扣成本·事後欄位以 m_ 標示·非投資建議
HO,5,2024-08-05,2024-08-06,5481,新華,TPEx,S,,fV300,S2@5,6,312,漏網,674,-2.371229,,atr14=0.161|n_lu_250=0.157|r20=0.776|c_ma120=0.810|vr20=0.995|days_since_lu=0.903|dt_ratio20=NaN|lend_to_v=0.233|rev_yoy=0.322|o_turn=0.578|o_log_mcap=0.011|o_lu_follow=0.655,"官方日成交結構(MI_INDEX/dailyQuotes)=1|發行股數(MI_QFIIS/dailyQuotes)=1|外資持股(MI_QFIIS,僅上市)=0|自營商(T86/上櫃三大法人)=1|當沖(TWTB4U/上櫃intraday)=1|季財報(MOPS t163sb04)=1|月營收(MOPS/openapi)=1|官方產業別(MOPS t05st03)=1|融資券(MI_MARGN)=1|借券(TWT93U)=1|法人(T86)=1",498,inf,250.0,official_prepanel,171.1,1.0,0.0,0.0,0,1,6.734,24.579,34.007,1575.0,0,未扣成本·事後欄位以 m_ 標示·非投資建議,names.json,HO-model（2024Q2～Q4，挑戰者評估窗）,鎖後描述，不參與判定（DEV-009；使用者 G1 第 5 項 2026-10-05）：落選挑戰者在 HOLDOUT 的描述記錄，鎖定判定不變，不得用於重新選模·未扣成本·事後欄位以 m_ 標示·非投資建議
HO,5,2024-08-06,2024-08-07,3046,建碁,TWSE,S,,fV300,S2@5,183,311,漏網,1556,-5.32677,,atr14=0.321|n_lu_250=0.532|r20=0.251|c_ma120=0.147|vr20=0.992|days_since_lu=0.595|dt_ratio20=0.132|lend_to_v=0.874|rev_yoy=0.813|o_turn=0.517|o_log_mcap=0.249|o_lu_follow=0.177,"官方日成交結構(MI_INDEX/dailyQuotes)=1|發行股數(MI_QFIIS/dailyQuotes)=1|外資持股(MI_QFIIS,僅上市)=1|自營商(T86/上櫃三大法人)=1|當沖(TWTB4U/上櫃intraday)=1|季財報(MOPS t163sb04)=1|月營收(MOPS/openapi)=1|官方產業別(MOPS t05st03)=1|融資券(MI_MARGN)=1|借券(TWT93U)=1|法人(T86)=1",499,inf,250.0,official_prepanel,277.65,2.0,0.0,0.0,1,0,0.0,20.037,18.182,407.0,0,未扣成本·事後欄位以 m_ 標示·非投資建議,names.json,HO-model（2024Q2～Q4，挑戰者評估窗）,鎖後描述，不參與判定（DEV-009；使用者 G1 第 5 項 2026-10-05）：落選挑戰者在 HOLDOUT 的描述記錄，鎖定判定不變，不得用於重新選模·未扣成本·事後欄位以 m_ 標示·非投資建議
HO,5,2024-08-06,2024-08-07,6870,騰雲,TPEx,S,,fV300,S2@5,20,311,漏網,197,-3.566852,,atr14=0.869|n_lu_250=0.696|r20=0.391|c_ma120=0.954|vr20=0.040|days_since_lu=0.080|dt_ratio20=NaN|lend_to_v=0.044|rev_yoy=0.534|o_turn=0.126|o_log_mcap=0.269|o_lu_follow=0.057,"官方日成交結構(MI_INDEX/dailyQuotes)=1|發行股數(MI_QFIIS/dailyQuotes)=1|外資持股(MI_QFIIS,僅上市)=0|自營商(T86/上櫃三大法人)=1|當沖(TWTB4U/上櫃intraday)=1|季財報(MOPS t163sb04)=1|月營收(MOPS/openapi)=1|官方產業別(MOPS t05st03)=1|融資券(MI_MARGN)=0|借券(TWT93U)=1|法人(T86)=1",216,216.0,216.0,official,148.65,1.0,0.0,0.0,0,1,8.377,17.801,22.513,155.0,0,未扣成本·事後欄位以 m_ 標示·非投資建議,names.json,HO-model（2024Q2～Q4，挑戰者評估窗）,鎖後描述，不參與判定（DEV-009；使用者 G1 第 5 項 2026-10-05）：落選挑戰者在 HOLDOUT 的描述記錄，鎖定判定不變，不得用於重新選模·未扣成本·事後欄位以 m_ 標示·非投資建議
HO,5,2024-08-09,2024-08-12,6807,峰源-KY,TWSE,S,,fV300,S2@5,25,315,漏網,181,-3.269127,,atr14=0.576|n_lu_250=0.538|r20=0.828|c_ma120=0.926|vr20=0.963|days_since_lu=0.447|dt_ratio20=0.330|lend_to_v=0.198|rev_yoy=0.778|o_turn=0.698|o_log_mcap=0.170|o_lu_follow=0.189,"官方日成交結構(MI_INDEX/dailyQuotes)=1|發行股數(MI_QFIIS/dailyQuotes)=1|外資持股(MI_QFIIS,僅上市)=1|自營商(T86/上櫃三大法人)=1|當沖(TWTB4U/上櫃intraday)=1|季財報(MOPS t163sb04)=1|月營收(MOPS/openapi)=1|官方產業別(MOPS t05st03)=1|融資券(MI_MARGN)=1|借券(TWT93U)=1|法人(T86)=1",502,inf,250.0,official_prepanel,262.1,2.0,0.0,0.0,1,0,0.0,19.32,22.72,157.0,0,未扣成本·事後欄位以 m_ 標示·非投資建議,names.json,HO-model（2024Q2～Q4，挑戰者評估窗）,鎖後描述，不參與判定（DEV-009；使用者 G1 第 5 項 2026-10-05）：落選挑戰者在 HOLDOUT 的描述記錄，鎖定判定不變，不得用於重新選模·未扣成本·事後欄位以 m_ 標示·非投資建議
HO,5,2024-08-12,2024-08-13,6461,益得,TPEx,S,,fV300,S2@5,83,326,漏網,1044,-4.39714,,atr14=0.363|n_lu_250=0.402|r20=0.483|c_ma120=0.363|vr20=0.572|days_since_lu=0.616|dt_ratio20=NaN|lend_to_v=0.018|rev_yoy=0.008|o_turn=0.088|o_log_mcap=0.196|o_lu_follow=0.336,"官方日成交結構(MI_INDEX/dailyQuotes)=1|發行股數(MI_QFIIS/dailyQuotes)=1|外資持股(MI_QFIIS,僅上市)=0|自營商(T86/上櫃三大法人)=1|當沖(TWTB4U/上櫃intraday)=0|季財報(MOPS t163sb04)=1|月營收(MOPS/openapi)=1|官方產業別(MOPS t05st03)=1|融資券(MI_MARGN)=1|借券(TWT93U)=1|法人(T86)=1",503,inf,250.0,official_prepanel,226.6,2.0,0.0,0.0,0,1,2.456,10.702,7.544,357.0,0,未扣成本·事後欄位以 m_ 標示·非投資建議,names.json,HO-model（2024Q2～Q4，挑戰者評估窗）,鎖後描述，不參與判定（DEV-009；使用者 G1 第 5 項 2026-10-05）：落選挑戰者在 HOLDOUT 的描述記錄，鎖定判定不變，不得用於重新選模·未扣成本·事後欄位以 m_ 標示·非投資建議
HO,5,2024-08-14,2024-08-15,6785,昱展新藥,TPEx,S,,fV300,S2@5,134,329,漏網,1250,-5.172553,,atr14=0.791|n_lu_250=0.897|r20=0.364|c_ma120=0.002|vr20=0.482|days_since_lu=0.126|dt_ratio20=NaN|lend_to_v=0.529|rev_yoy=NaN|o_turn=0.271|o_log_mcap=0.546|o_lu_follow=0.964,"官方日成交結構(MI_INDEX/dailyQuotes)=1|發行股數(MI_QFIIS/dailyQuotes)=1|外資持股(MI_QFIIS,僅上市)=0|自營商(T86/上櫃三大法人)=1|當沖(TWTB4U/上櫃intraday)=1|季財報(MOPS t163sb04)=0|月營收(MOPS/openapi)=0|官方產業別(MOPS t05st03)=1|融資券(MI_MARGN)=1|借券(TWT93U)=1|法人(T86)=1",132,132.0,132.0,official,265.15,2.0,0.0,0.0,0,1,8.684,12.895,5.789,479.0,0,未扣成本·事後欄位以 m_ 標示·非投資建議,names.json,HO-model（2024Q2～Q4，挑戰者評估窗）,鎖後描述，不參與判定（DEV-009；使用者 G1 第 5 項 2026-10-05）：落選挑戰者在 HOLDOUT 的描述記錄，鎖定判定不變，不得用於重新選模·未扣成本·事後欄位以 m_ 標示·非投資建議
HO,5,2024-08-21,2024-08-22,3550,聯穎,TWSE,S,,fV300,S2@5,113,342,漏網,1194,-4.543912,,atr14=0.246|n_lu_250=0.157|r20=0.499|c_ma120=0.457|vr20=0.942|days_since_lu=0.901|dt_ratio20=0.075|lend_to_v=0.651|rev_yoy=0.199|o_turn=0.490|o_log_mcap=0.015|o_lu_follow=0.675,"官方日成交結構(MI_INDEX/dailyQuotes)=1|發行股數(MI_QFIIS/dailyQuotes)=1|外資持股(MI_QFIIS,僅上市)=1|自營商(T86/上櫃三大法人)=1|當沖(TWTB4U/上櫃intraday)=1|季財報(MOPS t163sb04)=1|月營收(MOPS/openapi)=1|官方產業別(MOPS t05st03)=1|融資券(MI_MARGN)=1|借券(TWT93U)=1|法人(T86)=1",510,inf,250.0,official_prepanel,172.3,1.0,0.0,0.0,0,1,8.091,57.605,51.456,1134.0,0,未扣成本·事後欄位以 m_ 標示·非投資建議,names.json,HO-model（2024Q2～Q4，挑戰者評估窗）,鎖後描述，不參與判定（DEV-009；使用者 G1 第 5 項 2026-10-05）：落選挑戰者在 HOLDOUT 的描述記錄，鎖定判定不變，不得用於重新選模·未扣成本·事後欄位以 m_ 標示·非投資建議
HO,5,2024-08-23,2024-08-26,6431,光麗-KY,TWSE,S,,fV300,S2@5,25,347,漏網,420,-2.987998,,atr14=0.575|n_lu_250=0.913|r20=0.195|c_ma120=0.795|vr20=0.071|days_since_lu=0.285|dt_ratio20=NaN|lend_to_v=0.017|rev_yoy=0.900|o_turn=0.148|o_log_mcap=0.007|o_lu_follow=0.996,"官方日成交結構(MI_INDEX/dailyQuotes)=1|發行股數(MI_QFIIS/dailyQuotes)=1|外資持股(MI_QFIIS,僅上市)=1|自營商(T86/上櫃三大法人)=1|當沖(TWTB4U/上櫃intraday)=0|季財報(MOPS t163sb04)=1|月營收(MOPS/openapi)=1|官方產業別(MOPS t05st03)=1|融資券(MI_MARGN)=1|借券(TWT93U)=1|法人(T86)=1",512,inf,250.0,official_prepanel,263.25,2.0,0.0,0.0,0,1,3.768,20.0,17.681,1048.0,0,未扣成本·事後欄位以 m_ 標示·非投資建議,names.json,HO-model（2024Q2～Q4，挑戰者評估窗）,鎖後描述，不參與判定（DEV-009；使用者 G1 第 5 項 2026-10-05）：落選挑戰者在 HOLDOUT 的描述記錄，鎖定判定不變，不得用於重新選模·未扣成本·事後欄位以 m_ 標示·非投資建議
HO,5,2024-08-23,2024-08-26,8111,立碁,TPEx,S,,fV300,S2@5,219,347,漏網,1081,-5.572671,,atr14=0.285|n_lu_250=0.522|r20=0.385|c_ma120=0.302|vr20=0.489|days_since_lu=0.630|dt_ratio20=NaN|lend_to_v=0.757|rev_yoy=0.566|o_turn=0.161|o_log_mcap=0.077|o_lu_follow=0.200,"官方日成交結構(MI_INDEX/dailyQuotes)=1|發行股數(MI_QFIIS/dailyQuotes)=1|外資持股(MI_QFIIS,僅上市)=0|自營商(T86/上櫃三大法人)=1|當沖(TWTB4U/上櫃intraday)=1|季財報(MOPS t163sb04)=1|月營收(MOPS/openapi)=1|官方產業別(MOPS t05st03)=1|融資券(MI_MARGN)=1|借券(TWT93U)=1|法人(T86)=1",512,inf,250.0,official_prepanel,257.55,2.0,0.0,0.0,0,1,8.182,35.909,25.909,1666.0,0,未扣成本·事後欄位以 m_ 標示·非投資建議,names.json,HO-model（2024Q2～Q4，挑戰者評估窗）,鎖後描述，不參與判定（DEV-009；使用者 G1 第 5 項 2026-10-05）：落選挑戰者在 HOLDOUT 的描述記錄，鎖定判定不變，不得用於重新選模·未扣成本·事後欄位以 m_ 標示·非投資建議
HO,5,2024-08-28,2024-08-29,1539,巨庭,TWSE,S,,fV300,S2@5,44,349,漏網,823,-3.428635,,atr14=0.186|n_lu_250=0.154|r20=0.778|c_ma120=0.558|vr20=0.790|days_since_lu=0.769|dt_ratio20=0.045|lend_to_v=0.282|rev_yoy=0.674|o_turn=0.464|o_log_mcap=0.023|o_lu_follow=0.666,"官方日成交結構(MI_INDEX/dailyQuotes)=1|發行股數(MI_QFIIS/dailyQuotes)=1|外資持股(MI_QFIIS,僅上市)=1|自營商(T86/上櫃三大法人)=1|當沖(TWTB4U/上櫃intraday)=1|季財報(MOPS t163sb04)=1|月營收(MOPS/openapi)=1|官方產業別(MOPS t05st03)=1|融資券(MI_MARGN)=1|借券(TWT93U)=1|法人(T86)=1",515,inf,250.0,official_prepanel,227.7,2.0,0.0,0.0,0,1,9.407,35.174,20.654,1406.0,0,未扣成本·事後欄位以 m_ 標示·非投資建議,names.json,HO-model（2024Q2～Q4，挑戰者評估窗）,鎖後描述，不參與判定（DEV-009；使用者 G1 第 5 項 2026-10-05）：落選挑戰者在 HOLDOUT 的描述記錄，鎖定判定不變，不得用於重新選模·未扣成本·事後欄位以 m_ 標示·非投資建議
HO,5,2024-08-28,2024-08-29,1735,日勝化,TWSE,S,,fV300,S2@5,42,349,漏網,807,-3.392598,,atr14=0.364|n_lu_250=0.154|r20=0.572|c_ma120=0.601|vr20=0.531|days_since_lu=0.741|dt_ratio20=0.568|lend_to_v=0.057|rev_yoy=0.663|o_turn=0.109|o_log_mcap=0.032|o_lu_follow=0.666,"官方日成交結構(MI_INDEX/dailyQuotes)=1|發行股數(MI_QFIIS/dailyQuotes)=1|外資持股(MI_QFIIS,僅上市)=1|自營商(T86/上櫃三大法人)=1|當沖(TWTB4U/上櫃intraday)=1|季財報(MOPS t163sb04)=1|月營收(MOPS/openapi)=1|官方產業別(MOPS t05st03)=1|融資券(MI_MARGN)=1|借券(TWT93U)=1|法人(T86)=1",515,inf,250.0,official_prepanel,154.3,1.0,0.0,0.0,0,1,9.695,55.956,26.316,1691.0,0,未扣成本·事後欄位以 m_ 標示·非投資建議,names.json,HO-model（2024Q2～Q4，挑戰者評估窗）,鎖後描述，不參與判定（DEV-009；使用者 G1 第 5 項 2026-10-05）：落選挑戰者在 HOLDOUT 的描述記錄，鎖定判定不變，不得用於重新選模·未扣成本·事後欄位以 m_ 標示·非投資建議
HO,5,2024-08-28,2024-08-29,3066,李洲,TPEx,S,,fV300,S2@5,9,349,漏網,141,-1.944531,,atr14=0.725|n_lu_250=0.873|r20=0.855|c_ma120=0.749|vr20=0.957|days_since_lu=0.393|dt_ratio20=NaN|lend_to_v=0.441|rev_yoy=0.799|o_turn=0.695|o_log_mcap=0.048|o_lu_follow=0.925,"官方日成交結構(MI_INDEX/dailyQuotes)=1|發行股數(MI_QFIIS/dailyQuotes)=1|外資持股(MI_QFIIS,僅上市)=0|自營商(T86/上櫃三大法人)=1|當沖(TWTB4U/上櫃intraday)=1|季財報(MOPS t163sb04)=1|月營收(MOPS/openapi)=1|官方產業別(MOPS t05st03)=1|融資券(MI_MARGN)=1|借券(TWT93U)=1|法人(T86)=1",515,inf,250.0,official_prepanel,264.45,2.0,0.0,0.0,0,1,9.839,20.884,17.269,5951.0,0,未扣成本·事後欄位以 m_ 標示·非投資建議,names.json,HO-model（2024Q2～Q4，挑戰者評估窗）,鎖後描述，不參與判定（DEV-009；使用者 G1 第 5 項 2026-10-05）：落選挑戰者在 HOLDOUT 的描述記錄，鎖定判定不變，不得用於重新選模·未扣成本·事後欄位以 m_ 標示·非投資建議
HO,5,2024-08-29,2024-08-30,3092,鴻碩,TWSE,S,,fV300,S2@5,242,348,漏網,1724,-5.811511,,atr14=0.255|n_lu_250=0.154|r20=0.126|c_ma120=0.055|vr20=0.028|days_since_lu=0.698|dt_ratio20=0.259|lend_to_v=0.965|rev_yoy=0.185|o_turn=0.010|o_log_mcap=0.119|o_lu_follow=0.663,"官方日成交結構(MI_INDEX/dailyQuotes)=1|發行股數(MI_QFIIS/dailyQuotes)=1|外資持股(MI_QFIIS,僅上市)=1|自營商(T86/上櫃三大法人)=1|當沖(TWTB4U/上櫃intraday)=1|季財報(MOPS t163sb04)=1|月營收(MOPS/openapi)=1|官方產業別(MOPS t05st03)=1|融資券(MI_MARGN)=1|借券(TWT93U)=1|法人(T86)=1",516,inf,250.0,official_prepanel,173.55,1.0,0.0,0.0,0,1,9.654,22.222,18.397,668.0,0,未扣成本·事後欄位以 m_ 標示·非投資建議,names.json,HO-model（2024Q2～Q4，挑戰者評估窗）,鎖後描述，不參與判定（DEV-009；使用者 G1 第 5 項 2026-10-05）：落選挑戰者在 HOLDOUT 的描述記錄，鎖定判定不變，不得用於重新選模·未扣成本·事後欄位以 m_ 標示·非投資建議
HO,5,2024-08-29,2024-08-30,3623,富晶通,TPEx,S,,fV300,S2@5,17,348,漏網,601,-2.743368,,atr14=0.704|n_lu_250=0.984|r20=0.390|c_ma120=0.123|vr20=0.998|days_since_lu=0.005|dt_ratio20=NaN|lend_to_v=0.716|rev_yoy=0.165|o_turn=0.885|o_log_mcap=0.001|o_lu_follow=0.471,"官方日成交結構(MI_INDEX/dailyQuotes)=1|發行股數(MI_QFIIS/dailyQuotes)=1|外資持股(MI_QFIIS,僅上市)=0|自營商(T86/上櫃三大法人)=1|當沖(TWTB4U/上櫃intraday)=1|季財報(MOPS t163sb04)=1|月營收(MOPS/openapi)=1|官方產業別(MOPS t05st03)=1|融資券(MI_MARGN)=1|借券(TWT93U)=1|法人(T86)=1",516,inf,250.0,official_prepanel,139.8,1.0,0.0,0.0,0,1,9.743,16.36,21.324,582.0,0,未扣成本·事後欄位以 m_ 標示·非投資建議,names.json,HO-model（2024Q2～Q4，挑戰者評估窗）,鎖後描述，不參與判定（DEV-009；使用者 G1 第 5 項 2026-10-05）：落選挑戰者在 HOLDOUT 的描述記錄，鎖定判定不變，不得用於重新選模·未扣成本·事後欄位以 m_ 標示·非投資建議
HO,5,2024-08-30,2024-09-02,3095,及成,TPEx,S,,fV300,S2@5,8,346,漏網,297,-2.33753,,atr14=0.987|n_lu_250=0.959|r20=0.034|c_ma120=0.918|vr20=0.534|days_since_lu=0.164|dt_ratio20=NaN|lend_to_v=0.015|rev_yoy=0.840|o_turn=0.668|o_log_mcap=0.000|o_lu_follow=0.969,"官方日成交結構(MI_INDEX/dailyQuotes)=1|發行股數(MI_QFIIS/dailyQuotes)=1|外資持股(MI_QFIIS,僅上市)=0|自營商(T86/上櫃三大法人)=1|當沖(TWTB4U/上櫃intraday)=0|季財報(MOPS t163sb04)=1|月營收(MOPS/openapi)=1|官方產業別(MOPS t05st03)=1|融資券(MI_MARGN)=1|借券(TWT93U)=1|法人(T86)=1",517,inf,250.0,official_prepanel,114.55,1.0,0.0,0.0,0,1,3.75,-2.188,-17.344,316.0,0,未扣成本·事後欄位以 m_ 標示·非投資建議,names.json,HO-model（2024Q2～Q4，挑戰者評估窗）,鎖後描述，不參與判定（DEV-009；使用者 G1 第 5 項 2026-10-05）：落選挑戰者在 HOLDOUT 的描述記錄，鎖定判定不變，不得用於重新選模·未扣成本·事後欄位以 m_ 標示·非投資建議
HO,5,2024-08-30,2024-09-02,5460,同協,TPEx,S,,fV300,S2@5,43,346,漏網,525,-3.530194,,atr14=0.429|n_lu_250=0.519|r20=0.646|c_ma120=0.543|vr20=0.884|days_since_lu=0.363|dt_ratio20=NaN|lend_to_v=0.271|rev_yoy=0.037|o_turn=0.362|o_log_mcap=0.002|o_lu_follow=0.193,"官方日成交結構(MI_INDEX/dailyQuotes)=1|發行股數(MI_QFIIS/dailyQuotes)=1|外資持股(MI_QFIIS,僅上市)=0|自營商(T86/上櫃三大法人)=1|當沖(TWTB4U/上櫃intraday)=1|季財報(MOPS t163sb04)=1|月營收(MOPS/openapi)=1|官方產業別(MOPS t05st03)=1|融資券(MI_MARGN)=1|借券(TWT93U)=1|法人(T86)=1",517,inf,250.0,official_prepanel,106.55,1.0,0.0,0.0,0,1,5.825,24.919,44.984,1206.0,0,未扣成本·事後欄位以 m_ 標示·非投資建議,names.json,HO-model（2024Q2～Q4，挑戰者評估窗）,鎖後描述，不參與判定（DEV-009；使用者 G1 第 5 項 2026-10-05）：落選挑戰者在 HOLDOUT 的描述記錄，鎖定判定不變，不得用於重新選模·未扣成本·事後欄位以 m_ 標示·非投資建議
HO,5,2024-09-10,2024-09-11,8032,光菱,TPEx,S,,fV300,S2@5,13,334,漏網,429,-2.902182,,atr14=0.532|n_lu_250=0.144|r20=0.904|c_ma120=0.694|vr20=0.921|days_since_lu=0.824|dt_ratio20=NaN|lend_to_v=0.047|rev_yoy=0.535|o_turn=0.412|o_log_mcap=0.028|o_lu_follow=0.660,"官方日成交結構(MI_INDEX/dailyQuotes)=1|發行股數(MI_QFIIS/dailyQuotes)=1|外資持股(MI_QFIIS,僅上市)=0|自營商(T86/上櫃三大法人)=1|當沖(TWTB4U/上櫃intraday)=1|季財報(MOPS t163sb04)=1|月營收(MOPS/openapi)=1|官方產業別(MOPS t05st03)=1|融資券(MI_MARGN)=1|借券(TWT93U)=1|法人(T86)=1",524,inf,250.0,official_prepanel,109.7,1.0,0.0,0.0,0,1,7.407,56.902,40.909,1675.0,0,未扣成本·事後欄位以 m_ 標示·非投資建議,names.json,HO-model（2024Q2～Q4，挑戰者評估窗）,鎖後描述，不參與判定（DEV-009；使用者 G1 第 5 項 2026-10-05）：落選挑戰者在 HOLDOUT 的描述記錄，鎖定判定不變，不得用於重新選模·未扣成本·事後欄位以 m_ 標示·非投資建議
HO,5,2024-09-12,2024-09-13,2033,佳大,TWSE,S,,fV300,S2@5,50,340,漏網,789,-3.775052,,atr14=0.364|n_lu_250=0.596|r20=0.269|c_ma120=0.546|vr20=0.221|days_since_lu=0.618|dt_ratio20=0.150|lend_to_v=0.532|rev_yoy=0.441|o_turn=0.083|o_log_mcap=0.015|o_lu_follow=0.109,"官方日成交結構(MI_INDEX/dailyQuotes)=1|發行股數(MI_QFIIS/dailyQuotes)=1|外資持股(MI_QFIIS,僅上市)=1|自營商(T86/上櫃三大法人)=1|當沖(TWTB4U/上櫃intraday)=1|季財報(MOPS t163sb04)=1|月營收(MOPS/openapi)=1|官方產業別(MOPS t05st03)=1|融資券(MI_MARGN)=1|借券(TWT93U)=1|法人(T86)=1",526,inf,250.0,official_prepanel,136.5,1.0,0.0,0.0,0,1,8.308,34.462,41.538,891.0,0,未扣成本·事後欄位以 m_ 標示·非投資建議,names.json,HO-model（2024Q2～Q4，挑戰者評估窗）,鎖後描述，不參與判定（DEV-009；使用者 G1 第 5 項 2026-10-05）：落選挑戰者在 HOLDOUT 的描述記錄，鎖定判定不變，不得用於重新選模·未扣成本·事後欄位以 m_ 標示·非投資建議
HO,5,2024-09-12,2024-09-13,3521,台鋼建設,TPEx,S,,fV300,S2@5,16,340,漏網,1192,-2.799292,,atr14=0.429|n_lu_250=0.882|r20=0.041|c_ma120=0.019|vr20=0.981|days_since_lu=0.460|dt_ratio20=NaN|lend_to_v=0.015|rev_yoy=0.011|o_turn=0.635|o_log_mcap=0.010|o_lu_follow=0.478,"官方日成交結構(MI_INDEX/dailyQuotes)=1|發行股數(MI_QFIIS/dailyQuotes)=1|外資持股(MI_QFIIS,僅上市)=0|自營商(T86/上櫃三大法人)=1|當沖(TWTB4U/上櫃intraday)=0|季財報(MOPS t163sb04)=1|月營收(MOPS/openapi)=1|官方產業別(MOPS t05st03)=1|融資券(MI_MARGN)=1|借券(TWT93U)=1|法人(T86)=1",526,inf,250.0,official_prepanel,154.95,1.0,0.0,0.0,0,1,9.355,18.387,22.581,239.0,0,未扣成本·事後欄位以 m_ 標示·非投資建議,names.json,HO-model（2024Q2～Q4，挑戰者評估窗）,鎖後描述，不參與判定（DEV-009；使用者 G1 第 5 項 2026-10-05）：落選挑戰者在 HOLDOUT 的描述記錄，鎖定判定不變，不得用於重新選模·未扣成本·事後欄位以 m_ 標示·非投資建議
HO,5,2024-09-13,2024-09-16,5210,寶碩,TPEx,S,,fV300,S2@5,30,342,漏網,864,-3.490034,,atr14=0.500|n_lu_250=0.896|r20=0.369|c_ma120=0.006|vr20=0.362|days_since_lu=0.153|dt_ratio20=NaN|lend_to_v=0.013|rev_yoy=0.054|o_turn=0.282|o_log_mcap=0.020|o_lu_follow=0.846,"官方日成交結構(MI_INDEX/dailyQuotes)=1|發行股數(MI_QFIIS/dailyQuotes)=1|外資持股(MI_QFIIS,僅上市)=0|自營商(T86/上櫃三大法人)=1|當沖(TWTB4U/上櫃intraday)=0|季財報(MOPS t163sb04)=1|月營收(MOPS/openapi)=1|官方產業別(MOPS t05st03)=1|融資券(MI_MARGN)=1|借券(TWT93U)=1|法人(T86)=1",527,inf,250.0,official_prepanel,252.45,2.0,0.0,0.0,0,1,9.287,37.797,28.51,1137.0,0,未扣成本·事後欄位以 m_ 標示·非投資建議,names.json,HO-model（2024Q2～Q4，挑戰者評估窗）,鎖後描述，不參與判定（DEV-009；使用者 G1 第 5 項 2026-10-05）：落選挑戰者在 HOLDOUT 的描述記錄，鎖定判定不變，不得用於重新選模·未扣成本·事後欄位以 m_ 標示·非投資建議
HO,5,2024-09-18,2024-09-19,4767,誠泰科技,TPEx,S,,fV300,S2@5,36,350,漏網,421,-3.321825,,atr14=0.422|n_lu_250=0.668|r20=0.491|c_ma120=0.748|vr20=0.189|days_since_lu=0.140|dt_ratio20=NaN|lend_to_v=0.015|rev_yoy=0.204|o_turn=0.238|o_log_mcap=0.005|o_lu_follow=0.818,"官方日成交結構(MI_INDEX/dailyQuotes)=1|發行股數(MI_QFIIS/dailyQuotes)=1|外資持股(MI_QFIIS,僅上市)=0|自營商(T86/上櫃三大法人)=1|當沖(TWTB4U/上櫃intraday)=0|季財報(MOPS t163sb04)=1|月營收(MOPS/openapi)=1|官方產業別(MOPS t05st03)=1|融資券(MI_MARGN)=1|借券(TWT93U)=1|法人(T86)=1",529,inf,250.0,official_prepanel,148.65,1.0,0.0,0.0,0,1,8.613,13.285,10.219,140.0,0,未扣成本·事後欄位以 m_ 標示·非投資建議,names.json,HO-model（2024Q2～Q4，挑戰者評估窗）,鎖後描述，不參與判定（DEV-009；使用者 G1 第 5 項 2026-10-05）：落選挑戰者在 HOLDOUT 的描述記錄，鎖定判定不變，不得用於重新選模·未扣成本·事後欄位以 m_ 標示·非投資建議
HO,5,2024-09-19,2024-09-20,2939,永邑-KY,TWSE,S,,fV300,S2@5,45,351,漏網,313,-3.667638,,atr14=0.195|n_lu_250=0.591|r20=0.892|c_ma120=0.794|vr20=0.606|days_since_lu=0.176|dt_ratio20=0.013|lend_to_v=0.261|rev_yoy=0.290|o_turn=0.463|o_log_mcap=0.013|o_lu_follow=0.111,"官方日成交結構(MI_INDEX/dailyQuotes)=1|發行股數(MI_QFIIS/dailyQuotes)=1|外資持股(MI_QFIIS,僅上市)=1|自營商(T86/上櫃三大法人)=1|當沖(TWTB4U/上櫃intraday)=1|季財報(MOPS t163sb04)=1|月營收(MOPS/openapi)=1|官方產業別(MOPS t05st03)=1|融資券(MI_MARGN)=1|借券(TWT93U)=1|法人(T86)=1",530,inf,250.0,official_prepanel,160.95,1.0,0.0,0.0,0,1,9.916,10.924,6.387,615.0,0,未扣成本·事後欄位以 m_ 標示·非投資建議,names.json,HO-model（2024Q2～Q4，挑戰者評估窗）,鎖後描述，不參與判定（DEV-009；使用者 G1 第 5 項 2026-10-05）：落選挑戰者在 HOLDOUT 的描述記錄，鎖定判定不變，不得用於重新選模·未扣成本·事後欄位以 m_ 標示·非投資建議
HO,5,2024-09-19,2024-09-20,4530,天意能創,TPEx,S,,fP10|fV300,S2@5,13,351,漏網,98,-2.607391,,atr14=0.952|n_lu_250=0.591|r20=0.936|c_ma120=0.839|vr20=0.305|days_since_lu=0.088|dt_ratio20=NaN|lend_to_v=0.014|rev_yoy=0.765|o_turn=0.096|o_log_mcap=0.000|o_lu_follow=0.111,"官方日成交結構(MI_INDEX/dailyQuotes)=1|發行股數(MI_QFIIS/dailyQuotes)=1|外資持股(MI_QFIIS,僅上市)=0|自營商(T86/上櫃三大法人)=1|當沖(TWTB4U/上櫃intraday)=0|季財報(MOPS t163sb04)=1|月營收(MOPS/openapi)=1|官方產業別(MOPS t05st03)=1|融資券(MI_MARGN)=1|借券(TWT93U)=1|法人(T86)=1",530,inf,250.0,official_prepanel,102.7,1.0,0.0,0.0,0,1,11.052,32.837,23.273,898.0,0,未扣成本·事後欄位以 m_ 標示·非投資建議,names.json,HO-model（2024Q2～Q4，挑戰者評估窗）,鎖後描述，不參與判定（DEV-009；使用者 G1 第 5 項 2026-10-05）：落選挑戰者在 HOLDOUT 的描述記錄，鎖定判定不變，不得用於重新選模·未扣成本·事後欄位以 m_ 標示·非投資建議
HO,5,2024-09-20,2024-09-23,6593,台灣銘板,TPEx,S,,fV300,S2@5,56,344,漏網,1104,-3.87309,,atr14=0.531|n_lu_250=0.910|r20=0.010|c_ma120=0.001|vr20=0.061|days_since_lu=0.228|dt_ratio20=NaN|lend_to_v=0.666|rev_yoy=0.156|o_turn=0.139|o_log_mcap=0.031|o_lu_follow=0.445,"官方日成交結構(MI_INDEX/dailyQuotes)=1|發行股數(MI_QFIIS/dailyQuotes)=1|外資持股(MI_QFIIS,僅上市)=0|自營商(T86/上櫃三大法人)=1|當沖(TWTB4U/上櫃intraday)=1|季財報(MOPS t163sb04)=1|月營收(MOPS/openapi)=1|官方產業別(MOPS t05st03)=1|融資券(MI_MARGN)=0|借券(TWT93U)=1|法人(T86)=1",531,inf,250.0,official_prepanel,132.85,1.0,0.0,0.0,0,1,8.451,22.254,6.056,126.0,0,未扣成本·事後欄位以 m_ 標示·非投資建議,names.json,HO-model（2024Q2～Q4，挑戰者評估窗）,鎖後描述，不參與判定（DEV-009；使用者 G1 第 5 項 2026-10-05）：落選挑戰者在 HOLDOUT 的描述記錄，鎖定判定不變，不得用於重新選模·未扣成本·事後欄位以 m_ 標示·非投資建議
HO,5,2024-09-23,2024-09-24,6241,鑫永洋,TPEx,S,,fV300,S2@5,18,340,漏網,172,-2.589886,,atr14=0.591|n_lu_250=0.725|r20=0.763|c_ma120=0.787|vr20=0.792|days_since_lu=0.239|dt_ratio20=NaN|lend_to_v=0.015|rev_yoy=0.562|o_turn=0.587|o_log_mcap=0.002|o_lu_follow=0.488,"官方日成交結構(MI_INDEX/dailyQuotes)=1|發行股數(MI_QFIIS/dailyQuotes)=1|外資持股(MI_QFIIS,僅上市)=0|自營商(T86/上櫃三大法人)=1|當沖(TWTB4U/上櫃intraday)=0|季財報(MOPS t163sb04)=1|月營收(MOPS/openapi)=1|官方產業別(MOPS t05st03)=1|融資券(MI_MARGN)=1|借券(TWT93U)=1|法人(T86)=1",532,inf,250.0,official_prepanel,224.6,2.0,0.0,0.0,0,1,9.451,8.537,8.841,2660.0,0,未扣成本·事後欄位以 m_ 標示·非投資建議,names.json,HO-model（2024Q2～Q4，挑戰者評估窗）,鎖後描述，不參與判定（DEV-009；使用者 G1 第 5 項 2026-10-05）：落選挑戰者在 HOLDOUT 的描述記錄，鎖定判定不變，不得用於重新選模·未扣成本·事後欄位以 m_ 標示·非投資建議
HO,5,2024-09-23,2024-09-24,6834,天二科技,TWSE,S,,fV300,S2@5,101,340,漏網,721,-4.365633,,atr14=0.497|n_lu_250=0.880|r20=0.122|c_ma120=0.379|vr20=0.273|days_since_lu=0.323|dt_ratio20=0.601|lend_to_v=0.420|rev_yoy=0.786|o_turn=0.170|o_log_mcap=0.134|o_lu_follow=0.862,"官方日成交結構(MI_INDEX/dailyQuotes)=1|發行股數(MI_QFIIS/dailyQuotes)=1|外資持股(MI_QFIIS,僅上市)=1|自營商(T86/上櫃三大法人)=1|當沖(TWTB4U/上櫃intraday)=1|季財報(MOPS t163sb04)=1|月營收(MOPS/openapi)=1|官方產業別(MOPS t05st03)=1|融資券(MI_MARGN)=1|借券(TWT93U)=1|法人(T86)=1",499,499.0,250.0,official,245.7,2.0,0.0,0.0,0,1,6.931,12.447,7.921,570.0,0,未扣成本·事後欄位以 m_ 標示·非投資建議,names.json,HO-model（2024Q2～Q4，挑戰者評估窗）,鎖後描述，不參與判定（DEV-009；使用者 G1 第 5 項 2026-10-05）：落選挑戰者在 HOLDOUT 的描述記錄，鎖定判定不變，不得用於重新選模·未扣成本·事後欄位以 m_ 標示·非投資建議
HO,5,2024-09-24,2024-09-25,1805,寶徠,TWSE,S,,fV300,S2@5,64,343,漏網,1021,-3.842983,,atr14=0.465|n_lu_250=0.879|r20=0.053|c_ma120=0.148|vr20=0.187|days_since_lu=0.334|dt_ratio20=NaN|lend_to_v=0.015|rev_yoy=0.343|o_turn=0.119|o_log_mcap=0.040|o_lu_follow=0.242,"官方日成交結構(MI_INDEX/dailyQuotes)=1|發行股數(MI_QFIIS/dailyQuotes)=1|外資持股(MI_QFIIS,僅上市)=1|自營商(T86/上櫃三大法人)=1|當沖(TWTB4U/上櫃intraday)=0|季財報(MOPS t163sb04)=1|月營收(MOPS/openapi)=1|官方產業別(MOPS t05st03)=1|融資券(MI_MARGN)=1|借券(TWT93U)=1|法人(T86)=1",533,inf,250.0,official_prepanel,257.7,2.0,0.0,0.0,1,0,0.0,-0.99,-1.485,365.0,0,未扣成本·事後欄位以 m_ 標示·非投資建議,names.json,HO-model（2024Q2～Q4，挑戰者評估窗）,鎖後描述，不參與判定（DEV-009；使用者 G1 第 5 項 2026-10-05）：落選挑戰者在 HOLDOUT 的描述記錄，鎖定判定不變，不得用於重新選模·未扣成本·事後欄位以 m_ 標示·非投資建議
HO,5,2024-09-24,2024-09-25,2415,錩新,TWSE,S,,fV300,S2@5,15,343,漏網,351,-2.555997,,atr14=0.279|n_lu_250=0.592|r20=0.837|c_ma120=0.670|vr20=0.986|days_since_lu=0.230|dt_ratio20=0.209|lend_to_v=0.754|rev_yoy=0.426|o_turn=0.664|o_log_mcap=0.101|o_lu_follow=0.111,"官方日成交結構(MI_INDEX/dailyQuotes)=1|發行股數(MI_QFIIS/dailyQuotes)=1|外資持股(MI_QFIIS,僅上市)=1|自營商(T86/上櫃三大法人)=1|當沖(TWTB4U/上櫃intraday)=1|季財報(MOPS t163sb04)=1|月營收(MOPS/openapi)=1|官方產業別(MOPS t05st03)=1|融資券(MI_MARGN)=1|借券(TWT93U)=1|法人(T86)=1",533,inf,250.0,official_prepanel,154.6,1.0,0.0,0.0,1,0,0.0,-7.595,-18.671,2932.0,0,未扣成本·事後欄位以 m_ 標示·非投資建議,names.json,HO-model（2024Q2～Q4，挑戰者評估窗）,鎖後描述，不參與判定（DEV-009；使用者 G1 第 5 項 2026-10-05）：落選挑戰者在 HOLDOUT 的描述記錄，鎖定判定不變，不得用於重新選模·未扣成本·事後欄位以 m_ 標示·非投資建議
HO,5,2024-09-30,2024-10-01,6118,建達,TPEx,S,,fV300,S2@5,25,334,漏網,934,-3.161035,,atr14=0.349|n_lu_250=0.494|r20=0.573|c_ma120=0.232|vr20=0.914|days_since_lu=0.444|dt_ratio20=NaN|lend_to_v=0.606|rev_yoy=0.497|o_turn=0.607|o_log_mcap=0.047|o_lu_follow=0.199,"官方日成交結構(MI_INDEX/dailyQuotes)=1|發行股數(MI_QFIIS/dailyQuotes)=1|外資持股(MI_QFIIS,僅上市)=0|自營商(T86/上櫃三大法人)=1|當沖(TWTB4U/上櫃intraday)=1|季財報(MOPS t163sb04)=1|月營收(MOPS/openapi)=1|官方產業別(MOPS t05st03)=1|融資券(MI_MARGN)=1|借券(TWT93U)=1|法人(T86)=1",537,inf,250.0,official_prepanel,269.15,2.0,0.0,0.0,0,1,10.353,15.294,11.765,3622.0,0,未扣成本·事後欄位以 m_ 標示·非投資建議,names.json,HO-model（2024Q2～Q4，挑戰者評估窗）,鎖後描述，不參與判定（DEV-009；使用者 G1 第 5 項 2026-10-05）：落選挑戰者在 HOLDOUT 的描述記錄，鎖定判定不變，不得用於重新選模·未扣成本·事後欄位以 m_ 標示·非投資建議
HO,6,2024-10-08,2024-10-09,6854,錼創科技-KY創,TWSE,S,,fV300,S2@5,34,331,漏網,203,-3.406013,,atr14=0.654|n_lu_250=0.364|r20=0.987|c_ma120=0.932|vr20=0.616|days_since_lu=0.151|dt_ratio20=NaN|lend_to_v=0.132|rev_yoy=0.648|o_turn=0.172|o_log_mcap=0.466|o_lu_follow=0.348,"官方日成交結構(MI_INDEX/dailyQuotes)=1|發行股數(MI_QFIIS/dailyQuotes)=1|外資持股(MI_QFIIS,僅上市)=1|自營商(T86/上櫃三大法人)=1|當沖(TWTB4U/上櫃intraday)=0|季財報(MOPS t163sb04)=1|月營收(MOPS/openapi)=1|官方產業別(MOPS t05st03)=1|融資券(MI_MARGN)=1|借券(TWT93U)=1|法人(T86)=1",518,518.0,250.0,official,222.95,2.0,0.0,0.0,0,1,2.381,31.905,48.571,718.0,0,未扣成本·事後欄位以 m_ 標示·非投資建議,names.json,HO-model（2024Q2～Q4，挑戰者評估窗）,鎖後描述，不參與判定（DEV-009；使用者 G1 第 5 項 2026-10-05）：落選挑戰者在 HOLDOUT 的描述記錄，鎖定判定不變，不得用於重新選模·未扣成本·事後欄位以 m_ 標示·非投資建議
HO,6,2024-10-23,2024-10-24,2413,環科,TWSE,S,,fV300,S2@5,35,320,漏網,662,-3.087468,,atr14=0.315|n_lu_250=0.362|r20=0.798|c_ma120=0.379|vr20=0.856|days_since_lu=0.697|dt_ratio20=0.410|lend_to_v=0.809|rev_yoy=0.087|o_turn=0.232|o_log_mcap=0.119|o_lu_follow=0.349,"官方日成交結構(MI_INDEX/dailyQuotes)=1|發行股數(MI_QFIIS/dailyQuotes)=1|外資持股(MI_QFIIS,僅上市)=1|自營商(T86/上櫃三大法人)=1|當沖(TWTB4U/上櫃intraday)=1|季財報(MOPS t163sb04)=1|月營收(MOPS/openapi)=1|官方產業別(MOPS t05st03)=1|融資券(MI_MARGN)=1|借券(TWT93U)=1|法人(T86)=1",551,inf,250.0,official_prepanel,170.45,1.0,0.0,0.0,0,1,11.239,24.541,22.477,2275.0,0,未扣成本·事後欄位以 m_ 標示·非投資建議,names.json,HO-model（2024Q2～Q4，挑戰者評估窗）,鎖後描述，不參與判定（DEV-009；使用者 G1 第 5 項 2026-10-05）：落選挑戰者在 HOLDOUT 的描述記錄，鎖定判定不變，不得用於重新選模·未扣成本·事後欄位以 m_ 標示·非投資建議
HO,6,2024-10-24,2024-10-25,3552,同致,TPEx,S,,fV300,S2@5,238,324,漏網,1586,-5.703535,,atr14=0.337|n_lu_250=0.143|r20=0.328|c_ma120=0.152|vr20=0.564|days_since_lu=0.820|dt_ratio20=NaN|lend_to_v=0.830|rev_yoy=0.091|o_turn=0.121|o_log_mcap=0.399|o_lu_follow=0.662,"官方日成交結構(MI_INDEX/dailyQuotes)=1|發行股數(MI_QFIIS/dailyQuotes)=1|外資持股(MI_QFIIS,僅上市)=0|自營商(T86/上櫃三大法人)=1|當沖(TWTB4U/上櫃intraday)=1|季財報(MOPS t163sb04)=1|月營收(MOPS/openapi)=1|官方產業別(MOPS t05st03)=1|融資券(MI_MARGN)=1|借券(TWT93U)=1|法人(T86)=1",552,inf,250.0,official_prepanel,139.1,1.0,0.0,0.0,0,1,9.333,16.242,22.424,1095.0,0,未扣成本·事後欄位以 m_ 標示·非投資建議,names.json,HO-model（2024Q2～Q4，挑戰者評估窗）,鎖後描述，不參與判定（DEV-009；使用者 G1 第 5 項 2026-10-05）：落選挑戰者在 HOLDOUT 的描述記錄，鎖定判定不變，不得用於重新選模·未扣成本·事後欄位以 m_ 標示·非投資建議
HO,6,2024-10-29,2024-10-30,3701,大眾控,TWSE,S,,fV300,S2@5,230,335,漏網,1478,-5.731128,,atr14=0.423|n_lu_250=0.364|r20=0.275|c_ma120=0.047|vr20=0.726|days_since_lu=0.657|dt_ratio20=0.439|lend_to_v=0.936|rev_yoy=0.265|o_turn=0.070|o_log_mcap=0.420|o_lu_follow=0.345,"官方日成交結構(MI_INDEX/dailyQuotes)=1|發行股數(MI_QFIIS/dailyQuotes)=1|外資持股(MI_QFIIS,僅上市)=1|自營商(T86/上櫃三大法人)=1|當沖(TWTB4U/上櫃intraday)=1|季財報(MOPS t163sb04)=1|月營收(MOPS/openapi)=1|官方產業別(MOPS t05st03)=1|融資券(MI_MARGN)=1|借券(TWT93U)=1|法人(T86)=1",555,inf,250.0,official_prepanel,215.7,2.0,0.0,0.0,0,1,2.996,24.095,7.241,887.0,0,未扣成本·事後欄位以 m_ 標示·非投資建議,names.json,HO-model（2024Q2～Q4，挑戰者評估窗）,鎖後描述，不參與判定（DEV-009；使用者 G1 第 5 項 2026-10-05）：落選挑戰者在 HOLDOUT 的描述記錄，鎖定判定不變，不得用於重新選模·未扣成本·事後欄位以 m_ 標示·非投資建議
HO,6,2024-10-29,2024-10-30,5314,世紀*,TPEx,S,,fV300,S2@5,30,335,漏網,111,-3.304374,,atr14=0.936|n_lu_250=1.000|r20=0.639|c_ma120=0.711|vr20=0.030|days_since_lu=0.095|dt_ratio20=NaN|lend_to_v=0.055|rev_yoy=0.993|o_turn=0.426|o_log_mcap=0.133|o_lu_follow=0.970,"官方日成交結構(MI_INDEX/dailyQuotes)=1|發行股數(MI_QFIIS/dailyQuotes)=1|外資持股(MI_QFIIS,僅上市)=0|自營商(T86/上櫃三大法人)=1|當沖(TWTB4U/上櫃intraday)=1|季財報(MOPS t163sb04)=1|月營收(MOPS/openapi)=1|官方產業別(MOPS t05st03)=1|融資券(MI_MARGN)=1|借券(TWT93U)=1|法人(T86)=1",555,inf,250.0,official_prepanel,259.85,2.0,0.0,0.0,0,1,10.488,21.707,33.171,445.0,0,未扣成本·事後欄位以 m_ 標示·非投資建議,names.json,HO-model（2024Q2～Q4，挑戰者評估窗）,鎖後描述，不參與判定（DEV-009；使用者 G1 第 5 項 2026-10-05）：落選挑戰者在 HOLDOUT 的描述記錄，鎖定判定不變，不得用於重新選模·未扣成本·事後欄位以 m_ 標示·非投資建議
HO,6,2024-10-29,2024-10-30,8047,星雲,TPEx,S,,fV300,S2@5,7,335,漏網,227,-2.272444,,atr14=0.499|n_lu_250=0.880|r20=0.607|c_ma120=0.822|vr20=0.990|days_since_lu=0.265|dt_ratio20=NaN|lend_to_v=0.354|rev_yoy=0.749|o_turn=0.739|o_log_mcap=0.000|o_lu_follow=0.967,"官方日成交結構(MI_INDEX/dailyQuotes)=1|發行股數(MI_QFIIS/dailyQuotes)=1|外資持股(MI_QFIIS,僅上市)=0|自營商(T86/上櫃三大法人)=1|當沖(TWTB4U/上櫃intraday)=1|季財報(MOPS t163sb04)=1|月營收(MOPS/openapi)=1|官方產業別(MOPS t05st03)=1|融資券(MI_MARGN)=1|借券(TWT93U)=1|法人(T86)=1",555,inf,250.0,official_prepanel,103.75,1.0,0.0,0.0,0,1,7.58,23.324,36.735,2226.0,0,未扣成本·事後欄位以 m_ 標示·非投資建議,names.json,HO-model（2024Q2～Q4，挑戰者評估窗）,鎖後描述，不參與判定（DEV-009；使用者 G1 第 5 項 2026-10-05）：落選挑戰者在 HOLDOUT 的描述記錄，鎖定判定不變，不得用於重新選模·未扣成本·事後欄位以 m_ 標示·非投資建議
HO,6,2024-11-06,2024-11-07,6144,得利影,TPEx,S,,fV300,S2@5,10,326,漏網,816,-2.736112,,atr14=1.000|n_lu_250=0.932|r20=0.000|c_ma120=0.000|vr20=0.000|days_since_lu=0.232|dt_ratio20=NaN|lend_to_v=0.015|rev_yoy=0.346|o_turn=0.001|o_log_mcap=0.031|o_lu_follow=0.938,"官方日成交結構(MI_INDEX/dailyQuotes)=1|發行股數(MI_QFIIS/dailyQuotes)=1|外資持股(MI_QFIIS,僅上市)=0|自營商(T86/上櫃三大法人)=0|當沖(TWTB4U/上櫃intraday)=0|季財報(MOPS t163sb04)=1|月營收(MOPS/openapi)=1|官方產業別(MOPS t05st03)=1|融資券(MI_MARGN)=1|借券(TWT93U)=1|法人(T86)=0",560,inf,250.0,official_prepanel,140.25,1.0,1.0,5.0,0,1,9.634,-3.415,-22.073,221.0,1,未扣成本·事後欄位以 m_ 標示·非投資建議,names.json,HO-model（2024Q2～Q4，挑戰者評估窗）,鎖後描述，不參與判定（DEV-009；使用者 G1 第 5 項 2026-10-05）：落選挑戰者在 HOLDOUT 的描述記錄，鎖定判定不變，不得用於重新選模·未扣成本·事後欄位以 m_ 標示·非投資建議
HO,6,2024-11-12,2024-11-13,3625,西勝,TPEx,S,,fV300,S2@5,34,331,漏網,1596,-3.702317,,atr14=0.285|n_lu_250=0.353|r20=0.191|c_ma120=0.160|vr20=0.903|days_since_lu=0.506|dt_ratio20=NaN|lend_to_v=0.013|rev_yoy=0.013|o_turn=0.193|o_log_mcap=0.015|o_lu_follow=0.360,"官方日成交結構(MI_INDEX/dailyQuotes)=1|發行股數(MI_QFIIS/dailyQuotes)=1|外資持股(MI_QFIIS,僅上市)=0|自營商(T86/上櫃三大法人)=1|當沖(TWTB4U/上櫃intraday)=0|季財報(MOPS t163sb04)=1|月營收(MOPS/openapi)=1|官方產業別(MOPS t05st03)=1|融資券(MI_MARGN)=1|借券(TWT93U)=1|法人(T86)=1",564,inf,250.0,official_prepanel,133.2,1.0,0.0,0.0,0,1,8.145,40.724,41.629,617.0,0,未扣成本·事後欄位以 m_ 標示·非投資建議,names.json,HO-model（2024Q2～Q4，挑戰者評估窗）,鎖後描述，不參與判定（DEV-009；使用者 G1 第 5 項 2026-10-05）：落選挑戰者在 HOLDOUT 的描述記錄，鎖定判定不變，不得用於重新選模·未扣成本·事後欄位以 m_ 標示·非投資建議
HO,6,2024-11-19,2024-11-20,8171,天宇,TPEx,S,,fV300,S2@5,211,343,漏網,771,-5.434744,,atr14=0.282|n_lu_250=0.361|r20=0.653|c_ma120=0.446|vr20=0.225|days_since_lu=0.332|dt_ratio20=NaN|lend_to_v=0.690|rev_yoy=0.286|o_turn=0.098|o_log_mcap=0.095|o_lu_follow=0.356,"官方日成交結構(MI_INDEX/dailyQuotes)=1|發行股數(MI_QFIIS/dailyQuotes)=1|外資持股(MI_QFIIS,僅上市)=0|自營商(T86/上櫃三大法人)=1|當沖(TWTB4U/上櫃intraday)=1|季財報(MOPS t163sb04)=1|月營收(MOPS/openapi)=1|官方產業別(MOPS t05st03)=1|融資券(MI_MARGN)=1|借券(TWT93U)=1|法人(T86)=1",569,inf,250.0,official_prepanel,225.3,2.0,0.0,0.0,1,0,0.0,16.505,15.95,699.0,0,未扣成本·事後欄位以 m_ 標示·非投資建議,names.json,HO-model（2024Q2～Q4，挑戰者評估窗）,鎖後描述，不參與判定（DEV-009；使用者 G1 第 5 項 2026-10-05）：落選挑戰者在 HOLDOUT 的描述記錄，鎖定判定不變，不得用於重新選模·未扣成本·事後欄位以 m_ 標示·非投資建議
HO,6,2024-11-25,2024-11-26,6174,安碁,TPEx,S,,fV300,S2@5,11,344,漏網,75,-2.390796,,atr14=0.891|n_lu_250=0.822|r20=0.799|c_ma120=0.779|vr20=0.087|days_since_lu=0.066|dt_ratio20=NaN|lend_to_v=0.160|rev_yoy=0.759|o_turn=0.125|o_log_mcap=0.012|o_lu_follow=0.268,"官方日成交結構(MI_INDEX/dailyQuotes)=1|發行股數(MI_QFIIS/dailyQuotes)=1|外資持股(MI_QFIIS,僅上市)=0|自營商(T86/上櫃三大法人)=1|當沖(TWTB4U/上櫃intraday)=1|季財報(MOPS t163sb04)=1|月營收(MOPS/openapi)=1|官方產業別(MOPS t05st03)=1|融資券(MI_MARGN)=1|借券(TWT93U)=1|法人(T86)=1",573,inf,250.0,official_prepanel,291.85,2.0,0.0,0.0,0,1,9.13,14.13,13.261,1377.0,0,未扣成本·事後欄位以 m_ 標示·非投資建議,names.json,HO-model（2024Q2～Q4，挑戰者評估窗）,鎖後描述，不參與判定（DEV-009；使用者 G1 第 5 項 2026-10-05）：落選挑戰者在 HOLDOUT 的描述記錄，鎖定判定不變，不得用於重新選模·未扣成本·事後欄位以 m_ 標示·非投資建議
HO,6,2024-11-29,2024-12-02,4912,聯德控股-KY,TWSE,S,,fV300,S2@5,283,340,漏網,482,-6.300307,,atr14=0.160|n_lu_250=0.495|r20=0.767|c_ma120=0.610|vr20=0.308|days_since_lu=0.655|dt_ratio20=0.048|lend_to_v=0.427|rev_yoy=0.439|o_turn=0.087|o_log_mcap=0.336|o_lu_follow=0.207,"官方日成交結構(MI_INDEX/dailyQuotes)=1|發行股數(MI_QFIIS/dailyQuotes)=1|外資持股(MI_QFIIS,僅上市)=1|自營商(T86/上櫃三大法人)=1|當沖(TWTB4U/上櫃intraday)=1|季財報(MOPS t163sb04)=1|月營收(MOPS/openapi)=1|官方產業別(MOPS t05st03)=1|融資券(MI_MARGN)=1|借券(TWT93U)=1|法人(T86)=1",577,inf,250.0,official_prepanel,139.5,1.0,0.0,0.0,0,1,9.813,21.028,20.793,1360.0,0,未扣成本·事後欄位以 m_ 標示·非投資建議,names.json,HO-model（2024Q2～Q4，挑戰者評估窗）,鎖後描述，不參與判定（DEV-009；使用者 G1 第 5 項 2026-10-05）：落選挑戰者在 HOLDOUT 的描述記錄，鎖定判定不變，不得用於重新選模·未扣成本·事後欄位以 m_ 標示·非投資建議
HO,6,2024-11-29,2024-12-02,6426,統新,TWSE,S,,fV300,S2@5,22,340,漏網,230,-3.36899,,atr14=0.534|n_lu_250=0.364|r20=0.892|c_ma120=0.843|vr20=0.615|days_since_lu=0.706|dt_ratio20=0.568|lend_to_v=0.677|rev_yoy=0.040|o_turn=0.595|o_log_mcap=0.110|o_lu_follow=0.362,"官方日成交結構(MI_INDEX/dailyQuotes)=1|發行股數(MI_QFIIS/dailyQuotes)=1|外資持股(MI_QFIIS,僅上市)=1|自營商(T86/上櫃三大法人)=1|當沖(TWTB4U/上櫃intraday)=1|季財報(MOPS t163sb04)=1|月營收(MOPS/openapi)=1|官方產業別(MOPS t05st03)=1|融資券(MI_MARGN)=1|借券(TWT93U)=1|法人(T86)=1",577,inf,250.0,official_prepanel,268.05,2.0,0.0,0.0,0,1,3.47,39.46,19.537,2481.0,0,未扣成本·事後欄位以 m_ 標示·非投資建議,names.json,HO-model（2024Q2～Q4，挑戰者評估窗）,鎖後描述，不參與判定（DEV-009；使用者 G1 第 5 項 2026-10-05）：落選挑戰者在 HOLDOUT 的描述記錄，鎖定判定不變，不得用於重新選模·未扣成本·事後欄位以 m_ 標示·非投資建議
HO,6,2024-12-03,2024-12-04,6588,東典光電,TPEx,S,,fV300,S2@5,6,336,漏網,151,-2.11352,,atr14=0.515|n_lu_250=0.849|r20=0.716|c_ma120=0.806|vr20=0.682|days_since_lu=0.136|dt_ratio20=NaN|lend_to_v=NaN|rev_yoy=0.959|o_turn=0.545|o_log_mcap=0.008|o_lu_follow=0.270,"官方日成交結構(MI_INDEX/dailyQuotes)=1|發行股數(MI_QFIIS/dailyQuotes)=1|外資持股(MI_QFIIS,僅上市)=0|自營商(T86/上櫃三大法人)=1|當沖(TWTB4U/上櫃intraday)=0|季財報(MOPS t163sb04)=1|月營收(MOPS/openapi)=1|官方產業別(MOPS t05st03)=1|融資券(MI_MARGN)=0|借券(TWT93U)=0|法人(T86)=1",579,inf,250.0,official_prepanel,135.25,1.0,0.0,0.0,0,1,7.214,19.03,11.537,898.0,0,未扣成本·事後欄位以 m_ 標示·非投資建議,names.json,HO-model（2024Q2～Q4，挑戰者評估窗）,鎖後描述，不參與判定（DEV-009；使用者 G1 第 5 項 2026-10-05）：落選挑戰者在 HOLDOUT 的描述記錄，鎖定判定不變，不得用於重新選模·未扣成本·事後欄位以 m_ 標示·非投資建議
HO,6,2024-12-04,2024-12-05,4953,緯致,TPEx,S,,fV300,S2@5,297,338,漏網,1552,-6.295152,,atr14=0.156|n_lu_250=0.144|r20=0.296|c_ma120=0.384|vr20=0.723|days_since_lu=0.744|dt_ratio20=NaN|lend_to_v=0.632|rev_yoy=0.627|o_turn=0.281|o_log_mcap=0.392|o_lu_follow=0.670,"官方日成交結構(MI_INDEX/dailyQuotes)=1|發行股數(MI_QFIIS/dailyQuotes)=1|外資持股(MI_QFIIS,僅上市)=0|自營商(T86/上櫃三大法人)=1|當沖(TWTB4U/上櫃intraday)=1|季財報(MOPS t163sb04)=1|月營收(MOPS/openapi)=1|官方產業別(MOPS t05st03)=1|融資券(MI_MARGN)=1|借券(TWT93U)=1|法人(T86)=1",580,inf,250.0,official_prepanel,155.85,1.0,0.0,0.0,0,1,8.297,21.397,3.93,1207.0,0,未扣成本·事後欄位以 m_ 標示·非投資建議,names.json,HO-model（2024Q2～Q4，挑戰者評估窗）,鎖後描述，不參與判定（DEV-009；使用者 G1 第 5 項 2026-10-05）：落選挑戰者在 HOLDOUT 的描述記錄，鎖定判定不變，不得用於重新選模·未扣成本·事後欄位以 m_ 標示·非投資建議
HO,6,2024-12-04,2024-12-05,6141,柏承,TWSE,S,,fV300,S2@5,73,338,漏網,1387,-4.154391,,atr14=0.191|n_lu_250=0.586|r20=0.303|c_ma120=0.113|vr20=0.848|days_since_lu=0.600|dt_ratio20=0.087|lend_to_v=0.743|rev_yoy=0.059|o_turn=0.295|o_log_mcap=0.017|o_lu_follow=0.113,"官方日成交結構(MI_INDEX/dailyQuotes)=1|發行股數(MI_QFIIS/dailyQuotes)=1|外資持股(MI_QFIIS,僅上市)=1|自營商(T86/上櫃三大法人)=1|當沖(TWTB4U/上櫃intraday)=1|季財報(MOPS t163sb04)=1|月營收(MOPS/openapi)=1|官方產業別(MOPS t05st03)=1|融資券(MI_MARGN)=1|借券(TWT93U)=1|法人(T86)=1",580,inf,250.0,official_prepanel,183.2,1.0,0.0,0.0,0,1,10.4,17.2,14.0,1112.0,0,未扣成本·事後欄位以 m_ 標示·非投資建議,names.json,HO-model（2024Q2～Q4，挑戰者評估窗）,鎖後描述，不參與判定（DEV-009；使用者 G1 第 5 項 2026-10-05）：落選挑戰者在 HOLDOUT 的描述記錄，鎖定判定不變，不得用於重新選模·未扣成本·事後欄位以 m_ 標示·非投資建議
HO,6,2024-12-04,2024-12-05,6689,伊雲谷,TWSE,S,,fV300,S2@5,245,338,漏網,760,-5.820898,,atr14=0.320|n_lu_250=0.363|r20=0.689|c_ma120=0.320|vr20=0.476|days_since_lu=0.556|dt_ratio20=0.358|lend_to_v=0.572|rev_yoy=0.751|o_turn=0.241|o_log_mcap=0.313|o_lu_follow=0.360,"官方日成交結構(MI_INDEX/dailyQuotes)=1|發行股數(MI_QFIIS/dailyQuotes)=1|外資持股(MI_QFIIS,僅上市)=1|自營商(T86/上櫃三大法人)=1|當沖(TWTB4U/上櫃intraday)=1|季財報(MOPS t163sb04)=1|月營收(MOPS/openapi)=1|官方產業別(MOPS t05st03)=1|融資券(MI_MARGN)=1|借券(TWT93U)=1|法人(T86)=1",540,540.0,250.0,official,196.55,1.0,0.0,0.0,0,1,9.091,20.321,18.182,1606.0,0,未扣成本·事後欄位以 m_ 標示·非投資建議,names.json,HO-model（2024Q2～Q4，挑戰者評估窗）,鎖後描述，不參與判定（DEV-009；使用者 G1 第 5 項 2026-10-05）：落選挑戰者在 HOLDOUT 的描述記錄，鎖定判定不變，不得用於重新選模·未扣成本·事後欄位以 m_ 標示·非投資建議
HO,6,2024-12-18,2024-12-19,2250,IKKA-KY,TWSE,S,,fV300,S2@5,63,334,漏網,317,-4.256083,,atr14=0.234|n_lu_250=0.790|r20=0.710|c_ma120=0.651|vr20=0.953|days_since_lu=0.375|dt_ratio20=0.784|lend_to_v=0.548|rev_yoy=0.159|o_turn=0.784|o_log_mcap=0.128|o_lu_follow=0.440,"官方日成交結構(MI_INDEX/dailyQuotes)=1|發行股數(MI_QFIIS/dailyQuotes)=1|外資持股(MI_QFIIS,僅上市)=1|自營商(T86/上櫃三大法人)=1|當沖(TWTB4U/上櫃intraday)=1|季財報(MOPS t163sb04)=1|月營收(MOPS/openapi)=1|官方產業別(MOPS t05st03)=1|融資券(MI_MARGN)=1|借券(TWT93U)=1|法人(T86)=1",590,inf,250.0,official_prepanel,154.3,1.0,0.0,0.0,0,1,10.521,45.59,42.402,1593.0,0,未扣成本·事後欄位以 m_ 標示·非投資建議,names.json,HO-model（2024Q2～Q4，挑戰者評估窗）,鎖後描述，不參與判定（DEV-009；使用者 G1 第 5 項 2026-10-05）：落選挑戰者在 HOLDOUT 的描述記錄，鎖定判定不變，不得用於重新選模·未扣成本·事後欄位以 m_ 標示·非投資建議
HO,6,2024-12-24,2024-12-25,3504,揚明光,TWSE,S,,fV300,S2@5,42,339,漏網,1123,-3.840088,,atr14=0.447|n_lu_250=0.140|r20=0.319|c_ma120=0.543|vr20=0.960|days_since_lu=0.731|dt_ratio20=0.411|lend_to_v=0.767|rev_yoy=0.291|o_turn=0.567|o_log_mcap=0.301|o_lu_follow=0.673,"官方日成交結構(MI_INDEX/dailyQuotes)=1|發行股數(MI_QFIIS/dailyQuotes)=1|外資持股(MI_QFIIS,僅上市)=1|自營商(T86/上櫃三大法人)=1|當沖(TWTB4U/上櫃intraday)=1|季財報(MOPS t163sb04)=1|月營收(MOPS/openapi)=1|官方產業別(MOPS t05st03)=1|融資券(MI_MARGN)=1|借券(TWT93U)=1|法人(T86)=1",594,inf,250.0,official_prepanel,200.4,2.0,0.0,0.0,0,1,8.079,10.952,10.592,1913.0,0,未扣成本·事後欄位以 m_ 標示·非投資建議,names.json,HO-model（2024Q2～Q4，挑戰者評估窗）,鎖後描述，不參與判定（DEV-009；使用者 G1 第 5 項 2026-10-05）：落選挑戰者在 HOLDOUT 的描述記錄，鎖定判定不變，不得用於重新選模·未扣成本·事後欄位以 m_ 標示·非投資建議
HO,6,2024-12-24,2024-12-25,6517,保勝光學,TPEx,S,,fV300,S2@5,97,339,漏網,964,-4.559994,,atr14=0.574|n_lu_250=0.798|r20=0.068|c_ma120=0.184|vr20=0.202|days_since_lu=0.369|dt_ratio20=NaN|lend_to_v=0.600|rev_yoy=0.070|o_turn=0.234|o_log_mcap=0.036|o_lu_follow=0.847,"官方日成交結構(MI_INDEX/dailyQuotes)=1|發行股數(MI_QFIIS/dailyQuotes)=1|外資持股(MI_QFIIS,僅上市)=0|自營商(T86/上櫃三大法人)=1|當沖(TWTB4U/上櫃intraday)=1|季財報(MOPS t163sb04)=1|月營收(MOPS/openapi)=1|官方產業別(MOPS t05st03)=1|融資券(MI_MARGN)=1|借券(TWT93U)=1|法人(T86)=1",488,488.0,250.0,official,144.75,1.0,0.0,0.0,0,1,9.003,22.83,11.736,355.0,0,未扣成本·事後欄位以 m_ 標示·非投資建議,names.json,HO-model（2024Q2～Q4，挑戰者評估窗）,鎖後描述，不參與判定（DEV-009；使用者 G1 第 5 項 2026-10-05）：落選挑戰者在 HOLDOUT 的描述記錄，鎖定判定不變，不得用於重新選模·未扣成本·事後欄位以 m_ 標示·非投資建議
HO,6,2024-12-25,2024-12-26,1325,恆大,TWSE,S,,fV300,S2@5,96,340,漏網,800,-4.523917,,atr14=0.559|n_lu_250=0.829|r20=0.187|c_ma120=0.252|vr20=0.740|days_since_lu=0.570|dt_ratio20=0.307|lend_to_v=0.861|rev_yoy=0.270|o_turn=0.361|o_log_mcap=0.052|o_lu_follow=0.939,"官方日成交結構(MI_INDEX/dailyQuotes)=1|發行股數(MI_QFIIS/dailyQuotes)=1|外資持股(MI_QFIIS,僅上市)=1|自營商(T86/上櫃三大法人)=1|當沖(TWTB4U/上櫃intraday)=1|季財報(MOPS t163sb04)=1|月營收(MOPS/openapi)=1|官方產業別(MOPS t05st03)=1|融資券(MI_MARGN)=1|借券(TWT93U)=1|法人(T86)=1",595,inf,250.0,official_prepanel,213.2,2.0,0.0,0.0,0,1,4.924,9.091,45.455,785.0,0,未扣成本·事後欄位以 m_ 標示·非投資建議,names.json,HO-model（2024Q2～Q4，挑戰者評估窗）,鎖後描述，不參與判定（DEV-009；使用者 G1 第 5 項 2026-10-05）：落選挑戰者在 HOLDOUT 的描述記錄，鎖定判定不變，不得用於重新選模·未扣成本·事後欄位以 m_ 標示·非投資建議
HO,6,2024-12-30,2024-12-31,6791,虎門科技,TPEx,S,,fV300,S2@5,23,340,漏網,220,-3.173651,,atr14=0.952|n_lu_250=0.908|r20=0.178|c_ma120=0.912|vr20=0.119|days_since_lu=0.128|dt_ratio20=NaN|lend_to_v=NaN|rev_yoy=0.576|o_turn=0.519|o_log_mcap=0.099|o_lu_follow=0.932,"官方日成交結構(MI_INDEX/dailyQuotes)=1|發行股數(MI_QFIIS/dailyQuotes)=1|外資持股(MI_QFIIS,僅上市)=0|自營商(T86/上櫃三大法人)=1|當沖(TWTB4U/上櫃intraday)=0|季財報(MOPS t163sb04)=1|月營收(MOPS/openapi)=1|官方產業別(MOPS t05st03)=1|融資券(MI_MARGN)=0|借券(TWT93U)=0|法人(T86)=1",515,515.0,250.0,official,286.15,2.0,0.0,0.0,0,1,8.367,29.88,19.92,326.0,0,未扣成本·事後欄位以 m_ 標示·非投資建議,names.json,HO-model（2024Q2～Q4，挑戰者評估窗）,鎖後描述，不參與判定（DEV-009；使用者 G1 第 5 項 2026-10-05）：落選挑戰者在 HOLDOUT 的描述記錄，鎖定判定不變，不得用於重新選模·未扣成本·事後欄位以 m_ 標示·非投資建議
HO,6,2024-12-31,2025-01-02,6477,安集,TWSE,S,,fV300,S2@5,134,340,漏網,1494,-4.98932,,atr14=0.381|n_lu_250=0.486|r20=0.146|c_ma120=0.098|vr20=0.420|days_since_lu=0.558|dt_ratio20=0.215|lend_to_v=0.966|rev_yoy=0.077|o_turn=0.076|o_log_mcap=0.166|o_lu_follow=0.207,"官方日成交結構(MI_INDEX/dailyQuotes)=1|發行股數(MI_QFIIS/dailyQuotes)=1|外資持股(MI_QFIIS,僅上市)=1|自營商(T86/上櫃三大法人)=1|當沖(TWTB4U/上櫃intraday)=1|季財報(MOPS t163sb04)=1|月營收(MOPS/openapi)=1|官方產業別(MOPS t05st03)=1|融資券(MI_MARGN)=1|借券(TWT93U)=1|法人(T86)=1",599,inf,250.0,official_prepanel,206.65,2.0,0.0,0.0,1,0,0.0,31.179,26.01,727.0,0,未扣成本·事後欄位以 m_ 標示·非投資建議,names.json,HO-model（2024Q2～Q4，挑戰者評估窗）,鎖後描述，不參與判定（DEV-009；使用者 G1 第 5 項 2026-10-05）：落選挑戰者在 HOLDOUT 的描述記錄，鎖定判定不變，不得用於重新選模·未扣成本·事後欄位以 m_ 標示·非投資建議
