window,fold,date_s,trade_day_t,code,name,market,track,list_id,rank,n_pool_day,score,combo_n_components,y,m_locked_open,m_buyable,m_c1,m_c5,m_c10,vol20_s,Qmax_lots,Qmax_rule,DK_s,at_known5,hist_len,age_off,age_cap,listing_src,mcap_tier,m_vol_t,m_disp_t_exec,tradable_status,labels,note
HO,1,2023-08-01,2023-08-02,3629,地心引力,TPEx,W,W_atr14@3,2,402,0.079563,,0,0,1,0.0,-12.426,-14.32,21.79,,不適用,0.0,0.0,253,inf,250.0,official_prepanel,small,2.0,0,可交易（DK_s＝0）,未扣成本（成本參考：2.8 折來回約 0.38%、全額約 0.585%）；交易方法狀態未知（全額交割、變更交易方法、停止信用交易的來源未提供）；容量以 s 日 vol20 估計，未模擬開盤競價量與滑價；不可交易，僅觀察,未扣成本·事後欄位以 m_ 標示·非投資建議
HO,1,2023-08-01,2023-08-02,6584,南俊國際,TPEx,W,W_atr14@3,3,402,0.072004,,0,0,1,-4.826,-5.228,-17.158,970.05,,不適用,0.0,0.0,52,52.0,52.0,official,small,303.0,0,可交易（DK_s＝0）,未扣成本（成本參考：2.8 折來回約 0.38%、全額約 0.585%）；交易方法狀態未知（全額交割、變更交易方法、停止信用交易的來源未提供）；容量以 s 日 vol20 估計，未模擬開盤競價量與滑價；不可交易，僅觀察,未扣成本·事後欄位以 m_ 標示·非投資建議
HO,1,2023-08-01,2023-08-02,6657,華安,TWSE,W,W_atr14@3,1,402,0.084996,,0,0,1,-6.164,-9.811,-15.975,1839.8,,不適用,0.0,0.0,35,35.0,35.0,official,mid,1396.0,0,可交易（DK_s＝0）,未扣成本（成本參考：2.8 折來回約 0.38%、全額約 0.585%）；交易方法狀態未知（全額交割、變更交易方法、停止信用交易的來源未提供）；容量以 s 日 vol20 估計，未模擬開盤競價量與滑價；不可交易，僅觀察,未扣成本·事後欄位以 m_ 標示·非投資建議
HO,1,2023-08-02,2023-08-04,6584,南俊國際,TPEx,W,W_atr14@3,2,405,0.074748,,0,0,1,2.394,-5.07,-12.958,976.8,,不適用,0.0,0.0,53,53.0,53.0,official,small,116.0,0,可交易（DK_s＝0）,未扣成本（成本參考：2.8 折來回約 0.38%、全額約 0.585%）；交易方法狀態未知（全額交割、變更交易方法、停止信用交易的來源未提供）；容量以 s 日 vol20 估計，未模擬開盤競價量與滑價；不可交易，僅觀察,未扣成本·事後欄位以 m_ 標示·非投資建議
HO,1,2023-08-02,2023-08-04,6657,華安,TWSE,W,W_atr14@3,1,405,0.094983,,0,0,1,-3.087,-10.872,-11.007,1835.75,,不適用,0.0,0.0,36,36.0,36.0,official,mid,850.0,0,可交易（DK_s＝0）,未扣成本（成本參考：2.8 折來回約 0.38%、全額約 0.585%）；交易方法狀態未知（全額交割、變更交易方法、停止信用交易的來源未提供）；容量以 s 日 vol20 估計，未模擬開盤競價量與滑價；不可交易，僅觀察,未扣成本·事後欄位以 m_ 標示·非投資建議
HO,1,2023-08-02,2023-08-04,6902,GOGOLOOK,TWSE,W,W_atr14@3,3,405,0.071429,,0,0,1,-7.143,-12.245,-12.5,82.73,,不適用,0.0,0.0,15,15.0,15.0,official,mid,60.0,0,可交易（DK_s＝0）,未扣成本（成本參考：2.8 折來回約 0.38%、全額約 0.585%）；交易方法狀態未知（全額交割、變更交易方法、停止信用交易的來源未提供）；容量以 s 日 vol20 估計，未模擬開盤競價量與滑價；不可交易，僅觀察,未扣成本·事後欄位以 m_ 標示·非投資建議
HO,1,2023-08-04,2023-08-07,5906,台南-KY,TWSE,W,W_atr14@3,3,395,0.071301,,0,0,1,0.518,1.036,-0.173,51.7,,不適用,0.0,0.0,255,inf,250.0,official_prepanel,small,38.0,0,可交易（DK_s＝0）,未扣成本（成本參考：2.8 折來回約 0.38%、全額約 0.585%）；交易方法狀態未知（全額交割、變更交易方法、停止信用交易的來源未提供）；容量以 s 日 vol20 估計，未模擬開盤競價量與滑價；不可交易，僅觀察,未扣成本·事後欄位以 m_ 標示·非投資建議
HO,1,2023-08-04,2023-08-07,6657,華安,TWSE,W,W_atr14@3,1,395,0.096755,,0,0,1,2.329,-8.219,-11.781,1816.25,,不適用,0.0,0.0,37,37.0,37.0,official,mid,527.0,0,可交易（DK_s＝0）,未扣成本（成本參考：2.8 折來回約 0.38%、全額約 0.585%）；交易方法狀態未知（全額交割、變更交易方法、停止信用交易的來源未提供）；容量以 s 日 vol20 估計，未模擬開盤競價量與滑價；不可交易，僅觀察,未扣成本·事後欄位以 m_ 標示·非投資建議
HO,1,2023-08-04,2023-08-07,6902,GOGOLOOK,TWSE,W,W_atr14@3,2,395,0.077119,,0,0,1,0.0,-6.319,-5.495,81.31,,不適用,0.0,0.0,16,16.0,16.0,official,mid,4.0,0,可交易（DK_s＝0）,未扣成本（成本參考：2.8 折來回約 0.38%、全額約 0.585%）；交易方法狀態未知（全額交割、變更交易方法、停止信用交易的來源未提供）；容量以 s 日 vol20 估計，未模擬開盤競價量與滑價；不可交易，僅觀察,未扣成本·事後欄位以 m_ 標示·非投資建議
HO,1,2023-08-07,2023-08-08,5703,亞都,TPEx,W,W_atr14@3,3,418,0.067151,,0,0,1,-1.765,-5.098,-6.275,240.25,,不適用,0.0,0.0,256,inf,250.0,official_prepanel,small,62.0,0,可交易（DK_s＝0）,未扣成本（成本參考：2.8 折來回約 0.38%、全額約 0.585%）；交易方法狀態未知（全額交割、變更交易方法、停止信用交易的來源未提供）；容量以 s 日 vol20 估計，未模擬開盤競價量與滑價；不可交易，僅觀察,未扣成本·事後欄位以 m_ 標示·非投資建議
HO,1,2023-08-07,2023-08-08,5906,台南-KY,TWSE,W,W_atr14@3,2,418,0.071183,,0,0,1,1.243,3.02,3.73,52.05,,不適用,0.0,0.0,256,inf,250.0,official_prepanel,small,74.0,0,可交易（DK_s＝0）,未扣成本（成本參考：2.8 折來回約 0.38%、全額約 0.585%）；交易方法狀態未知（全額交割、變更交易方法、停止信用交易的來源未提供）；容量以 s 日 vol20 估計，未模擬開盤競價量與滑價；不可交易，僅觀察,未扣成本·事後欄位以 m_ 標示·非投資建議
HO,1,2023-08-07,2023-08-08,6657,華安,TWSE,W,W_atr14@3,1,418,0.090935,,0,0,1,-3.714,-18.037,-15.782,1804.6,,不適用,0.0,0.0,38,38.0,38.0,official,mid,401.0,0,可交易（DK_s＝0）,未扣成本（成本參考：2.8 折來回約 0.38%、全額約 0.585%）；交易方法狀態未知（全額交割、變更交易方法、停止信用交易的來源未提供）；容量以 s 日 vol20 估計，未模擬開盤競價量與滑價；不可交易，僅觀察,未扣成本·事後欄位以 m_ 標示·非投資建議
HO,1,2023-08-08,2023-08-09,5906,台南-KY,TWSE,W,W_atr14@3,2,417,0.07406,,0,0,1,-2.124,0.0,3.54,50.8,,不適用,0.0,0.0,257,inf,250.0,official_prepanel,small,34.0,0,可交易（DK_s＝0）,未扣成本（成本參考：2.8 折來回約 0.38%、全額約 0.585%）；交易方法狀態未知（全額交割、變更交易方法、停止信用交易的來源未提供）；容量以 s 日 vol20 估計，未模擬開盤競價量與滑價；不可交易，僅觀察,未扣成本·事後欄位以 m_ 標示·非投資建議
HO,1,2023-08-08,2023-08-09,6640,均華,TPEx,W,W_atr14@3,3,417,0.071786,,0,0,1,2.165,3.896,-9.091,178.95,,不適用,0.0,1.0,257,inf,250.0,official_prepanel,small,110.0,0,可交易（DK_s＝0）,未扣成本（成本參考：2.8 折來回約 0.38%、全額約 0.585%）；交易方法狀態未知（全額交割、變更交易方法、停止信用交易的來源未提供）；容量以 s 日 vol20 估計，未模擬開盤競價量與滑價；不可交易，僅觀察,未扣成本·事後欄位以 m_ 標示·非投資建議
HO,1,2023-08-08,2023-08-09,6657,華安,TWSE,W,W_atr14@3,1,417,0.090712,,0,0,1,-1.103,-9.655,-13.241,1794.7,,不適用,0.0,0.0,39,39.0,39.0,official,mid,269.0,0,可交易（DK_s＝0）,未扣成本（成本參考：2.8 折來回約 0.38%、全額約 0.585%）；交易方法狀態未知（全額交割、變更交易方法、停止信用交易的來源未提供）；容量以 s 日 vol20 估計，未模擬開盤競價量與滑價；不可交易，僅觀察,未扣成本·事後欄位以 m_ 標示·非投資建議
HO,1,2023-08-09,2023-08-10,5906,台南-KY,TWSE,W,W_atr14@3,3,423,0.074916,,0,0,1,6.318,0.903,16.065,49.6,,不適用,0.0,0.0,258,inf,250.0,official_prepanel,small,86.0,0,可交易（DK_s＝0）,未扣成本（成本參考：2.8 折來回約 0.38%、全額約 0.585%）；交易方法狀態未知（全額交割、變更交易方法、停止信用交易的來源未提供）；容量以 s 日 vol20 估計，未模擬開盤競價量與滑價；不可交易，僅觀察,未扣成本·事後欄位以 m_ 標示·非投資建議
HO,1,2023-08-09,2023-08-10,6640,均華,TPEx,W,W_atr14@3,2,423,0.075666,,0,0,1,-2.5,-4.583,-13.333,182.3,,不適用,0.0,0.0,258,inf,250.0,official_prepanel,small,50.0,0,可交易（DK_s＝0）,未扣成本（成本參考：2.8 折來回約 0.38%、全額約 0.585%）；交易方法狀態未知（全額交割、變更交易方法、停止信用交易的來源未提供）；容量以 s 日 vol20 估計，未模擬開盤競價量與滑價；不可交易，僅觀察,未扣成本·事後欄位以 m_ 標示·非投資建議
HO,1,2023-08-09,2023-08-10,6657,華安,TWSE,W,W_atr14@3,1,423,0.086372,,0,0,1,-6.479,-5.915,-12.254,1788.5,,不適用,0.0,0.0,40,40.0,40.0,official,mid,1070.0,0,可交易（DK_s＝0）,未扣成本（成本參考：2.8 折來回約 0.38%、全額約 0.585%）；交易方法狀態未知（全額交割、變更交易方法、停止信用交易的來源未提供）；容量以 s 日 vol20 估計，未模擬開盤競價量與滑價；不可交易，僅觀察,未扣成本·事後欄位以 m_ 標示·非投資建議
HO,1,2023-08-10,2023-08-11,5906,台南-KY,TWSE,W,W_atr14@3,3,418,0.075916,,0,0,1,-0.171,-4.778,10.58,50.8,,不適用,0.0,0.0,259,inf,250.0,official_prepanel,small,83.0,0,可交易（DK_s＝0）,未扣成本（成本參考：2.8 折來回約 0.38%、全額約 0.585%）；交易方法狀態未知（全額交割、變更交易方法、停止信用交易的來源未提供）；容量以 s 日 vol20 估計，未模擬開盤競價量與滑價；不可交易，僅觀察,未扣成本·事後欄位以 m_ 標示·非投資建議
HO,1,2023-08-10,2023-08-11,6640,均華,TPEx,W,W_atr14@3,2,418,0.077839,,0,0,1,-1.224,-6.939,-7.755,182.9,,不適用,0.0,0.0,259,inf,250.0,official_prepanel,small,28.0,0,可交易（DK_s＝0）,未扣成本（成本參考：2.8 折來回約 0.38%、全額約 0.585%）；交易方法狀態未知（全額交割、變更交易方法、停止信用交易的來源未提供）；容量以 s 日 vol20 估計，未模擬開盤競價量與滑價；不可交易，僅觀察,未扣成本·事後欄位以 m_ 標示·非投資建議
HO,1,2023-08-10,2023-08-11,6657,華安,TWSE,W,W_atr14@3,1,418,0.090899,,0,0,1,0.0,-1.045,-6.716,1810.3,,不適用,0.0,0.0,41,41.0,41.0,official,small,304.0,0,可交易（DK_s＝0）,未扣成本（成本參考：2.8 折來回約 0.38%、全額約 0.585%）；交易方法狀態未知（全額交割、變更交易方法、停止信用交易的來源未提供）；容量以 s 日 vol20 估計，未模擬開盤競價量與滑價；不可交易，僅觀察,未扣成本·事後欄位以 m_ 標示·非投資建議
HO,1,2023-08-11,2023-08-14,5906,台南-KY,TWSE,W,W_atr14@3,2,425,0.079609,,0,0,1,-0.855,-1.197,21.026,52.85,,不適用,0.0,0.0,260,inf,250.0,official_prepanel,small,17.0,0,可交易（DK_s＝0）,未扣成本（成本參考：2.8 折來回約 0.38%、全額約 0.585%）；交易方法狀態未知（全額交割、變更交易方法、停止信用交易的來源未提供）；容量以 s 日 vol20 估計，未模擬開盤競價量與滑價；不可交易，僅觀察,未扣成本·事後欄位以 m_ 標示·非投資建議
HO,1,2023-08-11,2023-08-14,6640,均華,TPEx,W,W_atr14@3,3,425,0.077096,,0,0,1,-0.83,-11.203,-9.959,182.3,,不適用,0.0,0.0,260,inf,250.0,official_prepanel,small,36.0,0,可交易（DK_s＝0）,未扣成本（成本參考：2.8 折來回約 0.38%、全額約 0.585%）；交易方法狀態未知（全額交割、變更交易方法、停止信用交易的來源未提供）；容量以 s 日 vol20 估計，未模擬開盤競價量與滑價；不可交易，僅觀察,未扣成本·事後欄位以 m_ 標示·非投資建議
HO,1,2023-08-11,2023-08-14,6657,華安,TWSE,W,W_atr14@3,1,425,0.084009,,0,0,1,-6.505,-2.572,-6.203,1797.55,,不適用,0.0,0.0,42,42.0,42.0,official,small,654.0,0,可交易（DK_s＝0）,未扣成本（成本參考：2.8 折來回約 0.38%、全額約 0.585%）；交易方法狀態未知（全額交割、變更交易方法、停止信用交易的來源未提供）；容量以 s 日 vol20 估計，未模擬開盤競價量與滑價；不可交易，僅觀察,未扣成本·事後欄位以 m_ 標示·非投資建議
HO,1,2023-08-14,2023-08-15,2424,隴華,TWSE,W,W_atr14@3,3,431,0.076264,,0,0,1,0.0,-1.578,-4.017,85.75,,不適用,0.0,0.0,261,inf,250.0,official_prepanel,small,47.0,0,可交易（DK_s＝0）,未扣成本（成本參考：2.8 折來回約 0.38%、全額約 0.585%）；交易方法狀態未知（全額交割、變更交易方法、停止信用交易的來源未提供）；容量以 s 日 vol20 估計，未模擬開盤競價量與滑價；不可交易，僅觀察,未扣成本·事後欄位以 m_ 標示·非投資建議
HO,1,2023-08-14,2023-08-15,6291,沛亨,TPEx,W,W_atr14@3,2,431,0.082088,,0,0,1,6.866,-5.672,-3.881,68.0,,不適用,0.0,0.0,261,inf,250.0,official_prepanel,mid,74.0,0,可交易（DK_s＝0）,未扣成本（成本參考：2.8 折來回約 0.38%、全額約 0.585%）；交易方法狀態未知（全額交割、變更交易方法、停止信用交易的來源未提供）；容量以 s 日 vol20 估計，未模擬開盤競價量與滑價；不可交易，僅觀察,未扣成本·事後欄位以 m_ 標示·非投資建議
HO,1,2023-08-14,2023-08-15,6657,華安,TWSE,W,W_atr14@3,1,431,0.08761,,0,0,1,5.645,2.419,-1.935,1786.4,,不適用,0.0,0.0,43,43.0,43.0,official,small,375.0,0,可交易（DK_s＝0）,未扣成本（成本參考：2.8 折來回約 0.38%、全額約 0.585%）；交易方法狀態未知（全額交割、變更交易方法、停止信用交易的來源未提供）；容量以 s 日 vol20 估計，未模擬開盤競價量與滑價；不可交易，僅觀察,未扣成本·事後欄位以 m_ 標示·非投資建議
HO,1,2023-08-15,2023-08-16,2424,隴華,TWSE,W,W_atr14@3,2,431,0.0785,,0,0,1,0.0,-0.437,-2.475,81.1,,不適用,0.0,0.0,262,inf,250.0,official_prepanel,small,7.0,0,可交易（DK_s＝0）,未扣成本（成本參考：2.8 折來回約 0.38%、全額約 0.585%）；交易方法狀態未知（全額交割、變更交易方法、停止信用交易的來源未提供）；容量以 s 日 vol20 估計，未模擬開盤競價量與滑價；不可交易，僅觀察,未扣成本·事後欄位以 m_ 標示·非投資建議
HO,1,2023-08-15,2023-08-16,6291,沛亨,TPEx,W,W_atr14@3,3,431,0.078253,,0,0,1,-3.429,-7.143,1.143,68.85,,不適用,0.0,0.0,262,inf,250.0,official_prepanel,mid,40.0,0,可交易（DK_s＝0）,未扣成本（成本參考：2.8 折來回約 0.38%、全額約 0.585%）；交易方法狀態未知（全額交割、變更交易方法、停止信用交易的來源未提供）；容量以 s 日 vol20 估計，未模擬開盤競價量與滑價；不可交易，僅觀察,未扣成本·事後欄位以 m_ 標示·非投資建議
HO,1,2023-08-15,2023-08-16,6657,華安,TWSE,W,W_atr14@3,1,431,0.081461,,0,0,1,1.212,-4.697,-9.091,1709.95,,不適用,0.0,0.0,44,44.0,44.0,official,small,264.0,0,可交易（DK_s＝0）,未扣成本（成本參考：2.8 折來回約 0.38%、全額約 0.585%）；交易方法狀態未知（全額交割、變更交易方法、停止信用交易的來源未提供）；容量以 s 日 vol20 估計，未模擬開盤競價量與滑價；不可交易，僅觀察,未扣成本·事後欄位以 m_ 標示·非投資建議
HO,1,2023-08-16,2023-08-17,2424,隴華,TWSE,W,W_atr14@3,2,440,0.077563,,0,0,1,9.667,5.388,10.301,76.2,,不適用,0.0,0.0,263,inf,250.0,official_prepanel,small,27.0,0,可交易（DK_s＝0）,未扣成本（成本參考：2.8 折來回約 0.38%、全額約 0.585%）；交易方法狀態未知（全額交割、變更交易方法、停止信用交易的來源未提供）；容量以 s 日 vol20 估計，未模擬開盤競價量與滑價；不可交易，僅觀察,未扣成本·事後欄位以 m_ 標示·非投資建議
HO,1,2023-08-16,2023-08-17,5906,台南-KY,TWSE,W,W_atr14@3,3,440,0.074367,,0,0,1,-0.888,14.21,37.123,52.3,,不適用,0.0,0.0,263,inf,250.0,official_prepanel,small,6.0,0,可交易（DK_s＝0）,未扣成本（成本參考：2.8 折來回約 0.38%、全額約 0.585%）；交易方法狀態未知（全額交割、變更交易方法、停止信用交易的來源未提供）；容量以 s 日 vol20 估計，未模擬開盤競價量與滑價；不可交易，僅觀察,未扣成本·事後欄位以 m_ 標示·非投資建議
HO,1,2023-08-16,2023-08-17,6291,沛亨,TPEx,W,W_atr14@3,1,440,0.083757,,0,0,1,-0.581,-2.907,13.081,66.3,,不適用,0.0,0.0,263,inf,250.0,official_prepanel,mid,48.0,0,可交易（DK_s＝0）,未扣成本（成本參考：2.8 折來回約 0.38%、全額約 0.585%）；交易方法狀態未知（全額交割、變更交易方法、停止信用交易的來源未提供）；容量以 s 日 vol20 估計，未模擬開盤競價量與滑價；不可交易，僅觀察,未扣成本·事後欄位以 m_ 標示·非投資建議
HO,1,2023-08-17,2023-08-18,2424,隴華,TWSE,W,W_atr14@3,1,445,0.079273,,0,0,1,-0.435,5.942,-1.594,73.8,,不適用,0.0,0.0,264,inf,250.0,official_prepanel,small,31.0,0,可交易（DK_s＝0）,未扣成本（成本參考：2.8 折來回約 0.38%、全額約 0.585%）；交易方法狀態未知（全額交割、變更交易方法、停止信用交易的來源未提供）；容量以 s 日 vol20 估計，未模擬開盤競價量與滑價；不可交易，僅觀察,未扣成本·事後欄位以 m_ 標示·非投資建議
HO,1,2023-08-17,2023-08-18,5348,正能量智能,TPEx,W,W_atr14@3,3,445,0.072906,,0,0,1,-3.534,40.989,30.389,50.9,,不適用,0.0,0.0,264,inf,250.0,official_prepanel,small,60.0,0,可交易（DK_s＝0）,未扣成本（成本參考：2.8 折來回約 0.38%、全額約 0.585%）；交易方法狀態未知（全額交割、變更交易方法、停止信用交易的來源未提供）；容量以 s 日 vol20 估計，未模擬開盤競價量與滑價；不可交易，僅觀察,未扣成本·事後欄位以 m_ 標示·非投資建議
HO,1,2023-08-17,2023-08-18,6291,沛亨,TPEx,W,W_atr14@3,2,445,0.07824,,0,0,1,-1.18,-1.475,10.324,64.95,,不適用,0.0,0.0,264,inf,250.0,official_prepanel,mid,52.0,0,可交易（DK_s＝0）,未扣成本（成本參考：2.8 折來回約 0.38%、全額約 0.585%）；交易方法狀態未知（全額交割、變更交易方法、停止信用交易的來源未提供）；容量以 s 日 vol20 估計，未模擬開盤競價量與滑價；不可交易，僅觀察,未扣成本·事後欄位以 m_ 標示·非投資建議
HO,1,2023-08-18,2023-08-21,3664,安瑞-KY,TPEx,W,W_atr14@3,3,449,0.073477,,0,0,1,-0.191,4.589,2.868,247.7,,不適用,0.0,0.0,265,inf,250.0,official_prepanel,small,95.0,0,可交易（DK_s＝0）,未扣成本（成本參考：2.8 折來回約 0.38%、全額約 0.585%）；交易方法狀態未知（全額交割、變更交易方法、停止信用交易的來源未提供）；容量以 s 日 vol20 估計，未模擬開盤競價量與滑價；不可交易，僅觀察,未扣成本·事後欄位以 m_ 標示·非投資建議
HO,1,2023-08-18,2023-08-21,5348,正能量智能,TPEx,W,W_atr14@3,2,449,0.078231,,1,0,1,6.762,41.281,28.114,52.9,,不適用,0.0,0.0,265,inf,250.0,official_prepanel,small,123.0,0,可交易（DK_s＝0）,未扣成本（成本參考：2.8 折來回約 0.38%、全額約 0.585%）；交易方法狀態未知（全額交割、變更交易方法、停止信用交易的來源未提供）；容量以 s 日 vol20 估計，未模擬開盤競價量與滑價；不可交易，僅觀察,未扣成本·事後欄位以 m_ 標示·非投資建議
HO,1,2023-08-18,2023-08-21,6291,沛亨,TPEx,W,W_atr14@3,1,449,0.078636,,0,0,1,-6.231,-4.154,21.958,65.5,,不適用,0.0,0.0,265,inf,250.0,official_prepanel,mid,91.0,0,可交易（DK_s＝0）,未扣成本（成本參考：2.8 折來回約 0.38%、全額約 0.585%）；交易方法狀態未知（全額交割、變更交易方法、停止信用交易的來源未提供）；容量以 s 日 vol20 估計，未模擬開盤競價量與滑價；不可交易，僅觀察,未扣成本·事後欄位以 m_ 標示·非投資建議
HO,1,2023-08-21,2023-08-22,3664,安瑞-KY,TPEx,W,W_atr14@3,2,449,0.072113,,0,0,1,0.0,3.065,7.28,245.1,,不適用,0.0,0.0,266,inf,250.0,official_prepanel,small,99.0,0,可交易（DK_s＝0）,未扣成本（成本參考：2.8 折來回約 0.38%、全額約 0.585%）；交易方法狀態未知（全額交割、變更交易方法、停止信用交易的來源未提供）；容量以 s 日 vol20 估計，未模擬開盤競價量與滑價；不可交易，僅觀察,未扣成本·事後欄位以 m_ 標示·非投資建議
HO,1,2023-08-21,2023-08-22,4609,唐鋒,TPEx,W,W_atr14@3,3,449,0.070666,,0,0,1,-1.815,8.893,13.43,30.58,,不適用,0.0,0.0,266,inf,250.0,official_prepanel,small,59.0,0,可交易（DK_s＝0）,未扣成本（成本參考：2.8 折來回約 0.38%、全額約 0.585%）；交易方法狀態未知（全額交割、變更交易方法、停止信用交易的來源未提供）；容量以 s 日 vol20 估計，未模擬開盤競價量與滑價；不可交易，僅觀察,未扣成本·事後欄位以 m_ 標示·非投資建議
HO,1,2023-08-21,2023-08-22,6291,沛亨,TPEx,W,W_atr14@3,1,449,0.083852,,0,0,1,0.932,0.0,32.609,68.15,,不適用,0.0,0.0,266,inf,250.0,official_prepanel,mid,83.0,0,可交易（DK_s＝0）,未扣成本（成本參考：2.8 折來回約 0.38%、全額約 0.585%）；交易方法狀態未知（全額交割、變更交易方法、停止信用交易的來源未提供）；容量以 s 日 vol20 估計，未模擬開盤競價量與滑價；不可交易，僅觀察,未扣成本·事後欄位以 m_ 標示·非投資建議
HO,1,2023-08-22,2023-08-23,3664,安瑞-KY,TPEx,W,W_atr14@3,3,453,0.069239,,0,0,1,3.448,2.299,7.28,240.65,,不適用,0.0,0.0,267,inf,250.0,official_prepanel,small,288.0,0,可交易（DK_s＝0）,未扣成本（成本參考：2.8 折來回約 0.38%、全額約 0.585%）；交易方法狀態未知（全額交割、變更交易方法、停止信用交易的來源未提供）；容量以 s 日 vol20 估計，未模擬開盤競價量與滑價；不可交易，僅觀察,未扣成本·事後欄位以 m_ 標示·非投資建議
HO,1,2023-08-22,2023-08-23,4609,唐鋒,TPEx,W,W_atr14@3,2,453,0.076578,,0,0,1,1.495,18.131,12.15,33.58,,不適用,0.0,0.0,267,inf,250.0,official_prepanel,small,23.0,0,可交易（DK_s＝0）,未扣成本（成本參考：2.8 折來回約 0.38%、全額約 0.585%）；交易方法狀態未知（全額交割、變更交易方法、停止信用交易的來源未提供）；容量以 s 日 vol20 估計，未模擬開盤競價量與滑價；不可交易，僅觀察,未扣成本·事後欄位以 m_ 標示·非投資建議
HO,1,2023-08-22,2023-08-23,6291,沛亨,TPEx,W,W_atr14@3,1,453,0.083534,,0,0,1,0.602,6.627,30.422,71.0,,不適用,0.0,0.0,267,inf,250.0,official_prepanel,mid,95.0,0,可交易（DK_s＝0）,未扣成本（成本參考：2.8 折來回約 0.38%、全額約 0.585%）；交易方法狀態未知（全額交割、變更交易方法、停止信用交易的來源未提供）；容量以 s 日 vol20 估計，未模擬開盤競價量與滑價；不可交易，僅觀察,未扣成本·事後欄位以 m_ 標示·非投資建議
HO,1,2023-08-23,2023-08-24,3664,安瑞-KY,TPEx,W,W_atr14@3,3,449,0.065741,,0,0,1,1.311,1.124,4.869,247.55,,不適用,0.0,0.0,268,inf,250.0,official_prepanel,small,157.0,0,可交易（DK_s＝0）,未扣成本（成本參考：2.8 折來回約 0.38%、全額約 0.585%）；交易方法狀態未知（全額交割、變更交易方法、停止信用交易的來源未提供）；容量以 s 日 vol20 估計，未模擬開盤競價量與滑價；不可交易，僅觀察,未扣成本·事後欄位以 m_ 標示·非投資建議
HO,1,2023-08-23,2023-08-24,4609,唐鋒,TPEx,W,W_atr14@3,2,449,0.071429,,0,0,1,1.667,17.222,11.111,34.37,,不適用,0.0,0.0,268,inf,250.0,official_prepanel,small,53.0,0,可交易（DK_s＝0）,未扣成本（成本參考：2.8 折來回約 0.38%、全額約 0.585%）；交易方法狀態未知（全額交割、變更交易方法、停止信用交易的來源未提供）；容量以 s 日 vol20 估計，未模擬開盤競價量與滑價；不可交易，僅觀察,未扣成本·事後欄位以 m_ 標示·非投資建議
HO,1,2023-08-23,2023-08-24,6291,沛亨,TPEx,W,W_atr14@3,1,449,0.079003,,0,0,1,-4.571,11.143,20.0,74.15,,不適用,0.0,0.0,268,inf,250.0,official_prepanel,mid,57.0,0,可交易（DK_s＝0）,未扣成本（成本參考：2.8 折來回約 0.38%、全額約 0.585%）；交易方法狀態未知（全額交割、變更交易方法、停止信用交易的來源未提供）；容量以 s 日 vol20 估計，未模擬開盤競價量與滑價；不可交易，僅觀察,未扣成本·事後欄位以 m_ 標示·非投資建議
HO,1,2023-08-24,2023-08-25,3629,地心引力,TPEx,W,W_atr14@3,2,461,0.076667,,0,0,1,-1.316,0.658,,11.22,,不適用,0.0,0.0,269,inf,250.0,official_prepanel,small,2.0,0,可交易（DK_s＝0）,未扣成本（成本參考：2.8 折來回約 0.38%、全額約 0.585%）；交易方法狀態未知（全額交割、變更交易方法、停止信用交易的來源未提供）；容量以 s 日 vol20 估計，未模擬開盤競價量與滑價；不可交易，僅觀察,未扣成本·事後欄位以 m_ 標示·非投資建議
HO,1,2023-08-24,2023-08-25,4154,樂威科-KY,TPEx,W,W_atr14@3,1,461,0.086298,,0,0,1,0.0,11.524,24.164,270.5,,不適用,1.0,1.0,269,inf,250.0,official_prepanel,small,99.0,1,處置中・交易規則另案登錄（DK_s＝1）,未扣成本（成本參考：2.8 折來回約 0.38%、全額約 0.585%）；交易方法狀態未知（全額交割、變更交易方法、停止信用交易的來源未提供）；容量以 s 日 vol20 估計，未模擬開盤競價量與滑價；不可交易，僅觀察,未扣成本·事後欄位以 m_ 標示·非投資建議
HO,1,2023-08-24,2023-08-25,6291,沛亨,TPEx,W,W_atr14@3,3,461,0.074578,,0,0,1,-3.293,11.976,21.856,75.35,,不適用,0.0,0.0,269,inf,250.0,official_prepanel,mid,49.0,0,可交易（DK_s＝0）,未扣成本（成本參考：2.8 折來回約 0.38%、全額約 0.585%）；交易方法狀態未知（全額交割、變更交易方法、停止信用交易的來源未提供）；容量以 s 日 vol20 估計，未模擬開盤競價量與滑價；不可交易，僅觀察,未扣成本·事後欄位以 m_ 標示·非投資建議
HO,1,2023-08-25,2023-08-28,4154,樂威科-KY,TPEx,W,W_atr14@3,1,469,0.087095,,0,0,1,0.743,22.677,21.933,244.15,,不適用,1.0,0.0,270,inf,250.0,official_prepanel,small,45.0,1,處置中・交易規則另案登錄（DK_s＝1）,未扣成本（成本參考：2.8 折來回約 0.38%、全額約 0.585%）；交易方法狀態未知（全額交割、變更交易方法、停止信用交易的來源未提供）；容量以 s 日 vol20 估計，未模擬開盤競價量與滑價；不可交易，僅觀察,未扣成本·事後欄位以 m_ 標示·非投資建議
HO,1,2023-08-25,2023-08-28,5348,正能量智能,TPEx,W,W_atr14@3,2,469,0.074307,,0,0,1,-7.673,-7.928,1.023,225.35,,不適用,0.0,1.0,270,inf,250.0,official_prepanel,small,344.0,0,可交易（DK_s＝0）,未扣成本（成本參考：2.8 折來回約 0.38%、全額約 0.585%）；交易方法狀態未知（全額交割、變更交易方法、停止信用交易的來源未提供）；容量以 s 日 vol20 估計，未模擬開盤競價量與滑價；不可交易，僅觀察,未扣成本·事後欄位以 m_ 標示·非投資建議
HO,1,2023-08-25,2023-08-28,6291,沛亨,TPEx,W,W_atr14@3,3,469,0.073647,,0,0,1,1.258,29.245,31.447,72.7,,不適用,0.0,0.0,270,inf,250.0,official_prepanel,mid,126.0,0,可交易（DK_s＝0）,未扣成本（成本參考：2.8 折來回約 0.38%、全額約 0.585%）；交易方法狀態未知（全額交割、變更交易方法、停止信用交易的來源未提供）；容量以 s 日 vol20 估計，未模擬開盤競價量與滑價；不可交易，僅觀察,未扣成本·事後欄位以 m_ 標示·非投資建議
HO,1,2023-08-28,2023-08-29,4154,樂威科-KY,TPEx,W,W_atr14@3,1,468,0.087243,,0,0,1,2.92,30.657,14.234,232.45,,不適用,1.0,0.0,271,inf,250.0,official_prepanel,small,136.0,1,處置中・交易規則另案登錄（DK_s＝1）,未扣成本（成本參考：2.8 折來回約 0.38%、全額約 0.585%）；交易方法狀態未知（全額交割、變更交易方法、停止信用交易的來源未提供）；容量以 s 日 vol20 估計，未模擬開盤競價量與滑價；不可交易，僅觀察,未扣成本·事後欄位以 m_ 標示·非投資建議
HO,1,2023-08-28,2023-08-29,5348,正能量智能,TPEx,W,W_atr14@3,2,468,0.084092,,0,0,1,-0.551,1.102,1.928,242.15,,不適用,0.0,2.0,271,inf,250.0,official_prepanel,small,195.0,1,可交易（DK_s＝0）,未扣成本（成本參考：2.8 折來回約 0.38%、全額約 0.585%）；交易方法狀態未知（全額交割、變更交易方法、停止信用交易的來源未提供）；容量以 s 日 vol20 估計，未模擬開盤競價量與滑價；不可交易，僅觀察,未扣成本·事後欄位以 m_ 標示·非投資建議
HO,1,2023-08-28,2023-08-29,6291,沛亨,TPEx,W,W_atr14@3,3,468,0.070599,,1,0,1,10.625,33.438,33.438,76.2,,不適用,0.0,0.0,271,inf,250.0,official_prepanel,mid,133.0,0,可交易（DK_s＝0）,未扣成本（成本參考：2.8 折來回約 0.38%、全額約 0.585%）；交易方法狀態未知（全額交割、變更交易方法、停止信用交易的來源未提供）；容量以 s 日 vol20 估計，未模擬開盤競價量與滑價；不可交易，僅觀察,未扣成本·事後欄位以 m_ 標示·非投資建議
HO,1,2023-08-29,2023-08-30,4154,樂威科-KY,TPEx,W,W_atr14@3,1,481,0.090172,,0,0,1,1.056,15.493,8.803,233.0,,不適用,1.0,0.0,272,inf,250.0,official_prepanel,small,74.0,1,處置中・交易規則另案登錄（DK_s＝1）,未扣成本（成本參考：2.8 折來回約 0.38%、全額約 0.585%）；交易方法狀態未知（全額交割、變更交易方法、停止信用交易的來源未提供）；容量以 s 日 vol20 估計，未模擬開盤競價量與滑價；不可交易，僅觀察,未扣成本·事後欄位以 m_ 標示·非投資建議
HO,1,2023-08-29,2023-08-30,5348,正能量智能,TPEx,W,W_atr14@3,2,481,0.081915,,0,0,1,5.263,1.662,2.493,251.55,,不適用,1.0,3.0,272,inf,250.0,official_prepanel,small,163.0,1,處置中・交易規則另案登錄（DK_s＝1）,未扣成本（成本參考：2.8 折來回約 0.38%、全額約 0.585%）；交易方法狀態未知（全額交割、變更交易方法、停止信用交易的來源未提供）；容量以 s 日 vol20 估計，未模擬開盤競價量與滑價；不可交易，僅觀察,未扣成本·事後欄位以 m_ 標示·非投資建議
HO,1,2023-08-29,2023-08-30,5701,劍湖山,TPEx,W,W_atr14@3,3,481,0.062608,,0,0,1,-0.804,-6.166,-4.826,130.85,,不適用,0.0,0.0,272,inf,250.0,official_prepanel,small,42.0,0,可交易（DK_s＝0）,未扣成本（成本參考：2.8 折來回約 0.38%、全額約 0.585%）；交易方法狀態未知（全額交割、變更交易方法、停止信用交易的來源未提供）；容量以 s 日 vol20 估計，未模擬開盤競價量與滑價；不可交易，僅觀察,未扣成本·事後欄位以 m_ 標示·非投資建議
HO,1,2023-08-30,2023-08-31,4154,樂威科-KY,TPEx,W,W_atr14@3,1,484,0.090095,,0,0,1,4.53,20.557,1.045,232.85,,不適用,1.0,0.0,273,inf,250.0,official_prepanel,small,83.0,1,處置中・交易規則另案登錄（DK_s＝1）,未扣成本（成本參考：2.8 折來回約 0.38%、全額約 0.585%）；交易方法狀態未知（全額交割、變更交易方法、停止信用交易的來源未提供）；容量以 s 日 vol20 估計，未模擬開盤競價量與滑價；不可交易，僅觀察,未扣成本·事後欄位以 m_ 標示·非投資建議
HO,1,2023-08-30,2023-08-31,5205,中茂,TPEx,W,W_atr14@3,3,484,0.065375,,0,0,1,1.124,-6.742,-4.494,7.39,,不適用,0.0,0.0,273,inf,250.0,official_prepanel,small,6.0,0,可交易（DK_s＝0）,未扣成本（成本參考：2.8 折來回約 0.38%、全額約 0.585%）；交易方法狀態未知（全額交割、變更交易方法、停止信用交易的來源未提供）；容量以 s 日 vol20 估計，未模擬開盤競價量與滑價；不可交易，僅觀察,未扣成本·事後欄位以 m_ 標示·非投資建議
HO,1,2023-08-30,2023-08-31,5348,正能量智能,TPEx,W,W_atr14@3,2,484,0.07688,,0,0,1,-1.072,-1.877,-5.362,258.9,,不適用,1.0,3.0,273,inf,250.0,official_prepanel,small,115.0,1,處置中・交易規則另案登錄（DK_s＝1）,未扣成本（成本參考：2.8 折來回約 0.38%、全額約 0.585%）；交易方法狀態未知（全額交割、變更交易方法、停止信用交易的來源未提供）；容量以 s 日 vol20 估計，未模擬開盤競價量與滑價；不可交易，僅觀察,未扣成本·事後欄位以 m_ 標示·非投資建議
HO,1,2023-08-31,2023-09-01,3085,,TPEx,W,W_atr14@3,2,505,0.069143,,0,0,1,0.0,13.043,24.638,7.67,,不適用,0.0,1.0,274,inf,250.0,official_prepanel,small,6.0,0,可交易（DK_s＝0）,未扣成本（成本參考：2.8 折來回約 0.38%、全額約 0.585%）；交易方法狀態未知（全額交割、變更交易方法、停止信用交易的來源未提供）；容量以 s 日 vol20 估計，未模擬開盤競價量與滑價；不可交易，僅觀察,未扣成本·事後欄位以 m_ 標示·非投資建議
HO,1,2023-08-31,2023-09-01,5348,正能量智能,TPEx,W,W_atr14@3,1,505,0.078784,,0,0,1,-2.439,8.943,5.149,263.85,,不適用,1.0,3.0,274,inf,250.0,official_prepanel,small,138.0,1,處置中・交易規則另案登錄（DK_s＝1）,未扣成本（成本參考：2.8 折來回約 0.38%、全額約 0.585%）；交易方法狀態未知（全額交割、變更交易方法、停止信用交易的來源未提供）；容量以 s 日 vol20 估計，未模擬開盤競價量與滑價；不可交易，僅觀察,未扣成本·事後欄位以 m_ 標示·非投資建議
HO,1,2023-08-31,2023-09-01,6291,沛亨,TPEx,W,W_atr14@3,3,505,0.067418,,0,0,1,8.443,7.388,27.968,118.45,,不適用,0.0,0.0,274,inf,250.0,official_prepanel,mid,555.0,0,可交易（DK_s＝0）,未扣成本（成本參考：2.8 折來回約 0.38%、全額約 0.585%）；交易方法狀態未知（全額交割、變更交易方法、停止信用交易的來源未提供）；容量以 s 日 vol20 估計，未模擬開盤競價量與滑價；不可交易，僅觀察,未扣成本·事後欄位以 m_ 標示·非投資建議
HO,1,2023-09-01,2023-09-04,3288,點晶,TPEx,W,W_atr14@3,2,505,0.07865,,0,0,1,-2.661,-2.661,-6.652,33.4,,不適用,0.0,0.0,275,inf,250.0,official_prepanel,small,22.0,0,可交易（DK_s＝0）,未扣成本（成本參考：2.8 折來回約 0.38%、全額約 0.585%）；交易方法狀態未知（全額交割、變更交易方法、停止信用交易的來源未提供）；容量以 s 日 vol20 估計，未模擬開盤競價量與滑價；不可交易，僅觀察,未扣成本·事後欄位以 m_ 標示·非投資建議
HO,1,2023-09-01,2023-09-04,4712,,TPEx,W,W_atr14@3,3,505,0.067634,,0,0,1,5.14,2.336,-7.243,144.3,,不適用,0.0,1.0,274,274.0,250.0,fallback_first_close,small,36.0,0,可交易（DK_s＝0）,未扣成本（成本參考：2.8 折來回約 0.38%、全額約 0.585%）；交易方法狀態未知（全額交割、變更交易方法、停止信用交易的來源未提供）；容量以 s 日 vol20 估計，未模擬開盤競價量與滑價；不可交易，僅觀察,未扣成本·事後欄位以 m_ 標示·非投資建議
HO,1,2023-09-01,2023-09-04,5348,正能量智能,TPEx,W,W_atr14@3,1,505,0.081151,,0,0,1,2.514,10.335,5.866,270.5,,不適用,1.0,2.0,275,inf,250.0,official_prepanel,small,131.0,1,處置中・交易規則另案登錄（DK_s＝1）,未扣成本（成本參考：2.8 折來回約 0.38%、全額約 0.585%）；交易方法狀態未知（全額交割、變更交易方法、停止信用交易的來源未提供）；容量以 s 日 vol20 估計，未模擬開盤競價量與滑價；不可交易，僅觀察,未扣成本·事後欄位以 m_ 標示·非投資建議
HO,1,2023-09-04,2023-09-05,3288,點晶,TPEx,W,W_atr14@3,1,502,0.077611,,0,0,1,-0.227,-4.091,-5.227,34.4,,不適用,0.0,0.0,276,inf,250.0,official_prepanel,small,6.0,0,可交易（DK_s＝0）,未扣成本（成本參考：2.8 折來回約 0.38%、全額約 0.585%）；交易方法狀態未知（全額交割、變更交易方法、停止信用交易的來源未提供）；容量以 s 日 vol20 估計，未模擬開盤競價量與滑價；不可交易，僅觀察,未扣成本·事後欄位以 m_ 標示·非投資建議
HO,1,2023-09-04,2023-09-05,4712,,TPEx,W,W_atr14@3,3,502,0.068095,,0,0,1,0.0,-6.222,-12.222,144.55,,不適用,0.0,1.0,275,275.0,250.0,fallback_first_close,small,32.0,0,可交易（DK_s＝0）,未扣成本（成本參考：2.8 折來回約 0.38%、全額約 0.585%）；交易方法狀態未知（全額交割、變更交易方法、停止信用交易的來源未提供）；容量以 s 日 vol20 估計，未模擬開盤競價量與滑價；不可交易，僅觀察,未扣成本·事後欄位以 m_ 標示·非投資建議
HO,1,2023-09-04,2023-09-05,5348,正能量智能,TPEx,W,W_atr14@3,2,502,0.076294,,0,0,1,-0.542,0.271,-0.271,275.6,,不適用,1.0,1.0,276,inf,250.0,official_prepanel,small,120.0,1,處置中・交易規則另案登錄（DK_s＝1）,未扣成本（成本參考：2.8 折來回約 0.38%、全額約 0.585%）；交易方法狀態未知（全額交割、變更交易方法、停止信用交易的來源未提供）；容量以 s 日 vol20 估計，未模擬開盤競價量與滑價；不可交易，僅觀察,未扣成本·事後欄位以 m_ 標示·非投資建議
HO,1,2023-09-05,2023-09-06,3288,點晶,TPEx,W,W_atr14@3,1,520,0.071103,,0,0,1,0.0,-2.489,-3.846,34.45,,不適用,0.0,0.0,277,inf,250.0,official_prepanel,small,2.0,0,可交易（DK_s＝0）,未扣成本（成本參考：2.8 折來回約 0.38%、全額約 0.585%）；交易方法狀態未知（全額交割、變更交易方法、停止信用交易的來源未提供）；容量以 s 日 vol20 估計，未模擬開盤競價量與滑價；不可交易，僅觀察,未扣成本·事後欄位以 m_ 標示·非投資建議
HO,1,2023-09-05,2023-09-06,4712,,TPEx,W,W_atr14@3,3,520,0.067619,,0,0,1,-1.111,-12.444,-12.222,145.4,,不適用,0.0,0.0,276,276.0,250.0,fallback_first_close,small,36.0,0,可交易（DK_s＝0）,未扣成本（成本參考：2.8 折來回約 0.38%、全額約 0.585%）；交易方法狀態未知（全額交割、變更交易方法、停止信用交易的來源未提供）；容量以 s 日 vol20 估計，未模擬開盤競價量與滑價；不可交易，僅觀察,未扣成本·事後欄位以 m_ 標示·非投資建議
HO,1,2023-09-05,2023-09-06,5348,正能量智能,TPEx,W,W_atr14@3,2,520,0.070261,,0,0,1,-0.813,0.271,2.439,276.65,,不適用,1.0,0.0,277,inf,250.0,official_prepanel,small,85.0,1,處置中・交易規則另案登錄（DK_s＝1）,未扣成本（成本參考：2.8 折來回約 0.38%、全額約 0.585%）；交易方法狀態未知（全額交割、變更交易方法、停止信用交易的來源未提供）；容量以 s 日 vol20 估計，未模擬開盤競價量與滑價；不可交易，僅觀察,未扣成本·事後欄位以 m_ 標示·非投資建議
HO,1,2023-09-06,2023-09-07,3288,點晶,TPEx,W,W_atr14@3,3,516,0.065611,,0,0,1,-0.463,-3.704,-1.157,34.4,,不適用,0.0,0.0,278,inf,250.0,official_prepanel,small,3.0,0,可交易（DK_s＝0）,未扣成本（成本參考：2.8 折來回約 0.38%、全額約 0.585%）；交易方法狀態未知（全額交割、變更交易方法、停止信用交易的來源未提供）；容量以 s 日 vol20 估計，未模擬開盤競價量與滑價；不可交易，僅觀察,未扣成本·事後欄位以 m_ 標示·非投資建議
HO,1,2023-09-06,2023-09-07,4712,,TPEx,W,W_atr14@3,1,516,0.068218,,0,0,1,-1.573,-10.112,-13.708,144.05,,不適用,0.0,0.0,277,277.0,250.0,fallback_first_close,small,10.0,0,可交易（DK_s＝0）,未扣成本（成本參考：2.8 折來回約 0.38%、全額約 0.585%）；交易方法狀態未知（全額交割、變更交易方法、停止信用交易的來源未提供）；容量以 s 日 vol20 估計，未模擬開盤競價量與滑價；不可交易，僅觀察,未扣成本·事後欄位以 m_ 標示·非投資建議
HO,1,2023-09-06,2023-09-07,5348,正能量智能,TPEx,W,W_atr14@3,2,516,0.065964,,0,0,1,9.537,-3.815,-0.545,276.25,,不適用,1.0,0.0,278,inf,250.0,official_prepanel,small,394.0,1,處置中・交易規則另案登錄（DK_s＝1）,未扣成本（成本參考：2.8 折來回約 0.38%、全額約 0.585%）；交易方法狀態未知（全額交割、變更交易方法、停止信用交易的來源未提供）；容量以 s 日 vol20 估計，未模擬開盤競價量與滑價；不可交易，僅觀察,未扣成本·事後欄位以 m_ 標示·非投資建議
HO,1,2023-09-07,2023-09-08,4712,,TPEx,W,W_atr14@3,2,521,0.065558,,0,0,1,0.0,-9.361,-10.274,141.5,,不適用,0.0,0.0,278,278.0,250.0,fallback_first_close,small,1.0,0,可交易（DK_s＝0）,未扣成本（成本參考：2.8 折來回約 0.38%、全額約 0.585%）；交易方法狀態未知（全額交割、變更交易方法、停止信用交易的來源未提供）；容量以 s 日 vol20 估計，未模擬開盤競價量與滑價；不可交易，僅觀察,未扣成本·事後欄位以 m_ 標示·非投資建議
HO,1,2023-09-07,2023-09-08,5314,世紀*,TPEx,W,W_atr14@3,3,521,0.06478,,0,0,1,-3.899,-5.66,-4.403,119.75,,不適用,0.0,1.0,279,inf,250.0,official_prepanel,small,60.0,0,可交易（DK_s＝0）,未扣成本（成本參考：2.8 折來回約 0.38%、全額約 0.585%）；交易方法狀態未知（全額交割、變更交易方法、停止信用交易的來源未提供）；容量以 s 日 vol20 估計，未模擬開盤競價量與滑價；不可交易，僅觀察,未扣成本·事後欄位以 m_ 標示·非投資建議
HO,1,2023-09-07,2023-09-08,6291,沛亨,TPEx,W,W_atr14@3,1,521,0.066866,,0,0,1,0.723,16.867,7.229,198.5,,不適用,0.0,2.0,279,inf,250.0,official_prepanel,mid,423.0,0,可交易（DK_s＝0）,未扣成本（成本參考：2.8 折來回約 0.38%、全額約 0.585%）；交易方法狀態未知（全額交割、變更交易方法、停止信用交易的來源未提供）；容量以 s 日 vol20 估計，未模擬開盤競價量與滑價；不可交易，僅觀察,未扣成本·事後欄位以 m_ 標示·非投資建議
HO,1,2023-09-08,2023-09-11,5314,世紀*,TPEx,W,W_atr14@3,1,518,0.069465,,0,0,1,0.271,4.607,10.163,118.7,,不適用,0.0,1.0,280,inf,250.0,official_prepanel,small,58.0,0,可交易（DK_s＝0）,未扣成本（成本參考：2.8 折來回約 0.38%、全額約 0.585%）；交易方法狀態未知（全額交割、變更交易方法、停止信用交易的來源未提供）；容量以 s 日 vol20 估計，未模擬開盤競價量與滑價；不可交易，僅觀察,未扣成本·事後欄位以 m_ 標示·非投資建議
HO,1,2023-09-08,2023-09-11,6291,沛亨,TPEx,W,W_atr14@3,2,518,0.068011,,0,0,1,0.946,15.839,7.565,213.9,,不適用,0.0,2.0,280,inf,250.0,official_prepanel,mid,325.0,0,可交易（DK_s＝0）,未扣成本（成本參考：2.8 折來回約 0.38%、全額約 0.585%）；交易方法狀態未知（全額交割、變更交易方法、停止信用交易的來源未提供）；容量以 s 日 vol20 估計，未模擬開盤競價量與滑價；不可交易，僅觀察,未扣成本·事後欄位以 m_ 標示·非投資建議
HO,1,2023-09-08,2023-09-11,8472,納維康,TPEx,W,W_atr14@3,3,518,0.061374,,0,0,1,1.926,-6.963,-7.852,10.78,,不適用,0.0,0.0,280,inf,250.0,official_prepanel,small,3.0,0,可交易（DK_s＝0）,未扣成本（成本參考：2.8 折來回約 0.38%、全額約 0.585%）；交易方法狀態未知（全額交割、變更交易方法、停止信用交易的來源未提供）；容量以 s 日 vol20 估計，未模擬開盤競價量與滑價；不可交易，僅觀察,未扣成本·事後欄位以 m_ 標示·非投資建議
HO,1,2023-09-11,2023-09-12,2434,統懋,TWSE,W,W_atr14@3,2,536,0.067984,,0,0,1,0.43,0.717,1.148,228.37,,不適用,0.0,0.0,281,inf,250.0,official_prepanel,small,70.0,0,可交易（DK_s＝0）,未扣成本（成本參考：2.8 折來回約 0.38%、全額約 0.585%）；交易方法狀態未知（全額交割、變更交易方法、停止信用交易的來源未提供）；容量以 s 日 vol20 估計，未模擬開盤競價量與滑價；不可交易，僅觀察,未扣成本·事後欄位以 m_ 標示·非投資建議
HO,1,2023-09-11,2023-09-12,5314,世紀*,TPEx,W,W_atr14@3,1,536,0.07278,,0,0,1,-2.703,4.324,7.162,118.55,,不適用,0.0,1.0,281,inf,250.0,official_prepanel,small,52.0,0,可交易（DK_s＝0）,未扣成本（成本參考：2.8 折來回約 0.38%、全額約 0.585%）；交易方法狀態未知（全額交割、變更交易方法、停止信用交易的來源未提供）；容量以 s 日 vol20 估計，未模擬開盤競價量與滑價；不可交易，僅觀察,未扣成本·事後欄位以 m_ 標示·非投資建議
HO,1,2023-09-11,2023-09-12,6291,沛亨,TPEx,W,W_atr14@3,3,536,0.067414,,0,0,1,1.078,3.448,-2.155,221.05,,不適用,0.0,2.0,281,inf,250.0,official_prepanel,mid,702.0,0,可交易（DK_s＝0）,未扣成本（成本參考：2.8 折來回約 0.38%、全額約 0.585%）；交易方法狀態未知（全額交割、變更交易方法、停止信用交易的來源未提供）；容量以 s 日 vol20 估計，未模擬開盤競價量與滑價；不可交易，僅觀察,未扣成本·事後欄位以 m_ 標示·非投資建議
HO,1,2023-09-12,2023-09-13,2434,統懋,TWSE,W,W_atr14@3,3,528,0.065714,,0,0,1,-2.083,-2.5,-3.333,231.58,,不適用,0.0,0.0,282,inf,250.0,official_prepanel,small,40.0,0,可交易（DK_s＝0）,未扣成本（成本參考：2.8 折來回約 0.38%、全額約 0.585%）；交易方法狀態未知（全額交割、變更交易方法、停止信用交易的來源未提供）；容量以 s 日 vol20 估計，未模擬開盤競價量與滑價；不可交易，僅觀察,未扣成本·事後欄位以 m_ 標示·非投資建議
HO,1,2023-09-12,2023-09-13,4712,,TPEx,W,W_atr14@3,2,528,0.071972,,0,0,1,1.266,0.0,-2.278,155.2,,不適用,0.0,0.0,281,281.0,250.0,fallback_first_close,small,42.0,0,可交易（DK_s＝0）,未扣成本（成本參考：2.8 折來回約 0.38%、全額約 0.585%）；交易方法狀態未知（全額交割、變更交易方法、停止信用交易的來源未提供）；容量以 s 日 vol20 估計，未模擬開盤競價量與滑價；不可交易，僅觀察,未扣成本·事後欄位以 m_ 標示·非投資建議
HO,1,2023-09-12,2023-09-13,5314,世紀*,TPEx,W,W_atr14@3,1,528,0.076091,,0,0,1,0.0,7.222,10.694,113.6,,不適用,0.0,0.0,282,inf,250.0,official_prepanel,small,32.0,0,可交易（DK_s＝0）,未扣成本（成本參考：2.8 折來回約 0.38%、全額約 0.585%）；交易方法狀態未知（全額交割、變更交易方法、停止信用交易的來源未提供）；容量以 s 日 vol20 估計，未模擬開盤競價量與滑價；不可交易，僅觀察,未扣成本·事後欄位以 m_ 標示·非投資建議
HO,1,2023-09-13,2023-09-14,2434,統懋,TWSE,W,W_atr14@3,2,534,0.065451,,0,0,1,2.869,-0.43,0.0,233.0,,不適用,0.0,0.0,283,inf,250.0,official_prepanel,small,31.0,0,可交易（DK_s＝0）,未扣成本（成本參考：2.8 折來回約 0.38%、全額約 0.585%）；交易方法狀態未知（全額交割、變更交易方法、停止信用交易的來源未提供）；容量以 s 日 vol20 估計，未模擬開盤競價量與滑價；不可交易，僅觀察,未扣成本·事後欄位以 m_ 標示·非投資建議
HO,1,2023-09-13,2023-09-14,4712,,TPEx,W,W_atr14@3,1,534,0.065893,,0,0,1,-0.75,-4.0,-5.0,157.2,,不適用,0.0,0.0,282,282.0,250.0,fallback_first_close,small,83.0,0,可交易（DK_s＝0）,未扣成本（成本參考：2.8 折來回約 0.38%、全額約 0.585%）；交易方法狀態未知（全額交割、變更交易方法、停止信用交易的來源未提供）；容量以 s 日 vol20 估計，未模擬開盤競價量與滑價；不可交易，僅觀察,未扣成本·事後欄位以 m_ 標示·非投資建議
HO,1,2023-09-13,2023-09-14,6225,天瀚,TWSE,W,W_atr14@3,3,534,0.063165,,0,0,1,0.0,-8.0,,12.94,,不適用,0.0,0.0,283,inf,250.0,official_prepanel,small,30.0,0,可交易（DK_s＝0）,未扣成本（成本參考：2.8 折來回約 0.38%、全額約 0.585%）；交易方法狀態未知（全額交割、變更交易方法、停止信用交易的來源未提供）；容量以 s 日 vol20 估計，未模擬開盤競價量與滑價；不可交易，僅觀察,未扣成本·事後欄位以 m_ 標示·非投資建議
HO,1,2023-09-14,2023-09-15,4712,,TPEx,W,W_atr14@3,3,546,0.062792,,0,0,1,0.506,-0.506,-5.823,158.5,,不適用,0.0,0.0,283,283.0,250.0,fallback_first_close,small,51.0,0,可交易（DK_s＝0）,未扣成本（成本參考：2.8 折來回約 0.38%、全額約 0.585%）；交易方法狀態未知（全額交割、變更交易方法、停止信用交易的來源未提供）；容量以 s 日 vol20 估計，未模擬開盤競價量與滑價；不可交易，僅觀察,未扣成本·事後欄位以 m_ 標示·非投資建議
HO,1,2023-09-14,2023-09-15,6225,天瀚,TWSE,W,W_atr14@3,1,546,0.072613,,0,0,1,-1.463,-9.171,-4.683,14.06,,不適用,0.0,0.0,284,inf,250.0,official_prepanel,small,7.0,0,可交易（DK_s＝0）,未扣成本（成本參考：2.8 折來回約 0.38%、全額約 0.585%）；交易方法狀態未知（全額交割、變更交易方法、停止信用交易的來源未提供）；容量以 s 日 vol20 估計，未模擬開盤競價量與滑價；不可交易，僅觀察,未扣成本·事後欄位以 m_ 標示·非投資建議
HO,1,2023-09-14,2023-09-15,6404,,TPEx,W,W_atr14@3,2,546,0.069529,,0,0,1,2.479,-6.612,,9.89,,不適用,0.0,0.0,280,280.0,250.0,fallback_first_close,small,46.0,0,可交易（DK_s＝0）,未扣成本（成本參考：2.8 折來回約 0.38%、全額約 0.585%）；交易方法狀態未知（全額交割、變更交易方法、停止信用交易的來源未提供）；容量以 s 日 vol20 估計，未模擬開盤競價量與滑價；不可交易，僅觀察,未扣成本·事後欄位以 m_ 標示·非投資建議
HO,1,2023-09-15,2023-09-18,6225,天瀚,TWSE,W,W_atr14@3,1,533,0.074894,,0,0,1,2.703,3.846,,13.94,,不適用,0.0,0.0,285,inf,250.0,official_prepanel,small,6.0,0,可交易（DK_s＝0）,未扣成本（成本參考：2.8 折來回約 0.38%、全額約 0.585%）；交易方法狀態未知（全額交割、變更交易方法、停止信用交易的來源未提供）；容量以 s 日 vol20 估計，未模擬開盤競價量與滑價；不可交易，僅觀察,未扣成本·事後欄位以 m_ 標示·非投資建議
HO,1,2023-09-15,2023-09-18,6404,,TPEx,W,W_atr14@3,2,533,0.072005,,0,0,1,-1.389,-5.0,-5.556,11.05,,不適用,0.0,0.0,281,281.0,250.0,fallback_first_close,small,26.0,0,可交易（DK_s＝0）,未扣成本（成本參考：2.8 折來回約 0.38%、全額約 0.585%）；交易方法狀態未知（全額交割、變更交易方法、停止信用交易的來源未提供）；容量以 s 日 vol20 估計，未模擬開盤競價量與滑價；不可交易，僅觀察,未扣成本·事後欄位以 m_ 標示·非投資建議
HO,1,2023-09-15,2023-09-18,8472,納維康,TPEx,W,W_atr14@3,3,533,0.060055,,0,0,1,-0.481,-0.321,-5.128,13.58,,不適用,0.0,0.0,285,inf,250.0,official_prepanel,small,28.0,0,可交易（DK_s＝0）,未扣成本（成本參考：2.8 折來回約 0.38%、全額約 0.585%）；交易方法狀態未知（全額交割、變更交易方法、停止信用交易的來源未提供）；容量以 s 日 vol20 估計，未模擬開盤競價量與滑價；不可交易，僅觀察,未扣成本·事後欄位以 m_ 標示·非投資建議
HO,1,2023-09-18,2023-09-19,6225,天瀚,TWSE,W,W_atr14@3,2,535,0.076489,,0,0,1,-1.244,-2.073,-1.658,13.83,,不適用,0.0,0.0,286,inf,250.0,official_prepanel,small,34.0,0,可交易（DK_s＝0）,未扣成本（成本參考：2.8 折來回約 0.38%、全額約 0.585%）；交易方法狀態未知（全額交割、變更交易方法、停止信用交易的來源未提供）；容量以 s 日 vol20 估計，未模擬開盤競價量與滑價；不可交易，僅觀察,未扣成本·事後欄位以 m_ 標示·非投資建議
HO,1,2023-09-18,2023-09-19,6404,,TPEx,W,W_atr14@3,1,535,0.080483,,0,0,1,-5.65,-2.26,,12.32,,不適用,0.0,0.0,282,282.0,250.0,fallback_first_close,small,50.0,0,可交易（DK_s＝0）,未扣成本（成本參考：2.8 折來回約 0.38%、全額約 0.585%）；交易方法狀態未知（全額交割、變更交易方法、停止信用交易的來源未提供）；容量以 s 日 vol20 估計，未模擬開盤競價量與滑價；不可交易，僅觀察,未扣成本·事後欄位以 m_ 標示·非投資建議
HO,1,2023-09-18,2023-09-19,8291,尚茂,TPEx,W,W_atr14@3,3,535,0.06746,,0,0,1,11.94,13.433,12.127,,,不適用,0.0,0.0,286,inf,250.0,official_prepanel,small,9.0,0,可交易（DK_s＝0）,未扣成本（成本參考：2.8 折來回約 0.38%、全額約 0.585%）；交易方法狀態未知（全額交割、變更交易方法、停止信用交易的來源未提供）；容量以 s 日 vol20 估計，未模擬開盤競價量與滑價；不可交易，僅觀察,未扣成本·事後欄位以 m_ 標示·非投資建議
HO,1,2023-09-19,2023-09-20,6225,天瀚,TWSE,W,W_atr14@3,2,548,0.080573,,0,0,1,0.0,3.606,-1.06,14.89,,不適用,0.0,0.0,287,inf,250.0,official_prepanel,small,2.0,0,可交易（DK_s＝0）,未扣成本（成本參考：2.8 折來回約 0.38%、全額約 0.585%）；交易方法狀態未知（全額交割、變更交易方法、停止信用交易的來源未提供）；容量以 s 日 vol20 估計，未模擬開盤競價量與滑價；不可交易，僅觀察,未扣成本·事後欄位以 m_ 標示·非投資建議
HO,1,2023-09-19,2023-09-20,6404,,TPEx,W,W_atr14@3,1,548,0.089607,,0,0,1,-3.768,6.377,,14.84,,不適用,0.0,0.0,283,283.0,250.0,fallback_first_close,small,42.0,0,可交易（DK_s＝0）,未扣成本（成本參考：2.8 折來回約 0.38%、全額約 0.585%）；交易方法狀態未知（全額交割、變更交易方法、停止信用交易的來源未提供）；容量以 s 日 vol20 估計，未模擬開盤競價量與滑價；不可交易，僅觀察,未扣成本·事後欄位以 m_ 標示·非投資建議
HO,1,2023-09-19,2023-09-20,8291,尚茂,TPEx,W,W_atr14@3,3,548,0.069231,,0,0,0,,,,,,不適用,0.0,0.0,287,inf,250.0,official_prepanel,small,,0,可交易（DK_s＝0）,未扣成本（成本參考：2.8 折來回約 0.38%、全額約 0.585%）；交易方法狀態未知（全額交割、變更交易方法、停止信用交易的來源未提供）；容量以 s 日 vol20 估計，未模擬開盤競價量與滑價；不可交易，僅觀察,未扣成本·事後欄位以 m_ 標示·非投資建議
HO,1,2023-09-20,2023-09-21,3064,泰偉,TPEx,W,W_atr14@3,3,553,0.064398,,0,0,1,1.527,-13.359,-14.504,15.75,,不適用,0.0,0.0,288,inf,250.0,official_prepanel,small,3.0,0,可交易（DK_s＝0）,未扣成本（成本參考：2.8 折來回約 0.38%、全額約 0.585%）；交易方法狀態未知（全額交割、變更交易方法、停止信用交易的來源未提供）；容量以 s 日 vol20 估計，未模擬開盤競價量與滑價；不可交易，僅觀察,未扣成本·事後欄位以 m_ 標示·非投資建議
HO,1,2023-09-20,2023-09-21,6225,天瀚,TWSE,W,W_atr14@3,2,553,0.080215,,0,0,1,0.54,,-0.54,14.63,,不適用,0.0,0.0,288,inf,250.0,official_prepanel,small,5.0,0,可交易（DK_s＝0）,未扣成本（成本參考：2.8 折來回約 0.38%、全額約 0.585%）；交易方法狀態未知（全額交割、變更交易方法、停止信用交易的來源未提供）；容量以 s 日 vol20 估計，未模擬開盤競價量與滑價；不可交易，僅觀察,未扣成本·事後欄位以 m_ 標示·非投資建議
HO,1,2023-09-20,2023-09-21,6404,,TPEx,W,W_atr14@3,1,553,0.091222,,0,0,1,2.108,10.241,10.241,17.0,,不適用,0.0,0.0,284,284.0,250.0,fallback_first_close,small,16.0,0,可交易（DK_s＝0）,未扣成本（成本參考：2.8 折來回約 0.38%、全額約 0.585%）；交易方法狀態未知（全額交割、變更交易方法、停止信用交易的來源未提供）；容量以 s 日 vol20 估計，未模擬開盤競價量與滑價；不可交易，僅觀察,未扣成本·事後欄位以 m_ 標示·非投資建議
HO,1,2023-09-21,2023-09-22,6225,天瀚,TWSE,W,W_atr14@3,2,564,0.080635,,0,0,1,8.351,5.965,0.651,14.26,,不適用,0.0,0.0,289,inf,250.0,official_prepanel,small,27.0,0,可交易（DK_s＝0）,未扣成本（成本參考：2.8 折來回約 0.38%、全額約 0.585%）；交易方法狀態未知（全額交割、變更交易方法、停止信用交易的來源未提供）；容量以 s 日 vol20 估計，未模擬開盤競價量與滑價；不可交易，僅觀察,未扣成本·事後欄位以 m_ 標示·非投資建議
HO,1,2023-09-21,2023-09-22,6404,,TPEx,W,W_atr14@3,1,564,0.085546,,0,0,1,0.0,,,17.79,,不適用,0.0,0.0,285,285.0,250.0,fallback_first_close,small,22.0,0,可交易（DK_s＝0）,未扣成本（成本參考：2.8 折來回約 0.38%、全額約 0.585%）；交易方法狀態未知（全額交割、變更交易方法、停止信用交易的來源未提供）；容量以 s 日 vol20 估計，未模擬開盤競價量與滑價；不可交易，僅觀察,未扣成本·事後欄位以 m_ 標示·非投資建議
HO,1,2023-09-21,2023-09-22,8291,尚茂,TPEx,W,W_atr14@3,3,564,0.066827,,0,0,1,-7.199,-7.355,-4.538,,,不適用,0.0,0.0,289,inf,250.0,official_prepanel,small,8.0,0,可交易（DK_s＝0）,未扣成本（成本參考：2.8 折來回約 0.38%、全額約 0.585%）；交易方法狀態未知（全額交割、變更交易方法、停止信用交易的來源未提供）；容量以 s 日 vol20 估計，未模擬開盤競價量與滑價；不可交易，僅觀察,未扣成本·事後欄位以 m_ 標示·非投資建議
HO,1,2023-09-22,2023-09-25,6225,天瀚,TWSE,W,W_atr14@3,2,555,0.072287,,0,0,1,0.0,,-5.185,14.9,,不適用,0.0,0.0,290,inf,250.0,official_prepanel,small,2.0,0,可交易（DK_s＝0）,未扣成本（成本參考：2.8 折來回約 0.38%、全額約 0.585%）；交易方法狀態未知（全額交割、變更交易方法、停止信用交易的來源未提供）；容量以 s 日 vol20 估計，未模擬開盤競價量與滑價；不可交易，僅觀察,未扣成本·事後欄位以 m_ 標示·非投資建議
HO,1,2023-09-22,2023-09-25,6404,,TPEx,W,W_atr14@3,1,555,0.072682,,0,0,1,2.065,0.295,7.965,18.0,,不適用,0.0,0.0,286,286.0,250.0,fallback_first_close,small,9.0,0,可交易（DK_s＝0）,未扣成本（成本參考：2.8 折來回約 0.38%、全額約 0.585%）；交易方法狀態未知（全額交割、變更交易方法、停止信用交易的來源未提供）；容量以 s 日 vol20 估計，未模擬開盤競價量與滑價；不可交易，僅觀察,未扣成本·事後欄位以 m_ 標示·非投資建議
HO,1,2023-09-22,2023-09-25,8291,尚茂,TPEx,W,W_atr14@3,3,555,0.071086,,0,0,1,11.355,14.469,,10.0,,不適用,0.0,0.0,290,inf,250.0,official_prepanel,small,4.0,0,可交易（DK_s＝0）,未扣成本（成本參考：2.8 折來回約 0.38%、全額約 0.585%）；交易方法狀態未知（全額交割、變更交易方法、停止信用交易的來源未提供）；容量以 s 日 vol20 估計，未模擬開盤競價量與滑價；不可交易，僅觀察,未扣成本·事後欄位以 m_ 標示·非投資建議
HO,1,2023-09-25,2023-09-26,6225,天瀚,TWSE,W,W_atr14@3,1,554,0.075661,,0,0,1,3.386,0.423,2.222,14.85,,不適用,0.0,0.0,291,inf,250.0,official_prepanel,small,2.0,0,可交易（DK_s＝0）,未扣成本（成本參考：2.8 折來回約 0.38%、全額約 0.585%）；交易方法狀態未知（全額交割、變更交易方法、停止信用交易的來源未提供）；容量以 s 日 vol20 估計，未模擬開盤競價量與滑價；不可交易，僅觀察,未扣成本·事後欄位以 m_ 標示·非投資建議
HO,1,2023-09-25,2023-09-26,6404,,TPEx,W,W_atr14@3,3,554,0.065235,,0,0,1,2.514,,-2.793,18.3,,不適用,0.0,0.0,287,287.0,250.0,fallback_first_close,small,2.0,0,可交易（DK_s＝0）,未扣成本（成本參考：2.8 折來回約 0.38%、全額約 0.585%）；交易方法狀態未知（全額交割、變更交易方法、停止信用交易的來源未提供）；容量以 s 日 vol20 估計，未模擬開盤競價量與滑價；不可交易，僅觀察,未扣成本·事後欄位以 m_ 標示·非投資建議
HO,1,2023-09-25,2023-09-26,8291,尚茂,TPEx,W,W_atr14@3,2,554,0.071103,,0,0,0,,,,9.62,,不適用,0.0,0.0,291,inf,250.0,official_prepanel,small,,0,可交易（DK_s＝0）,未扣成本（成本參考：2.8 折來回約 0.38%、全額約 0.585%）；交易方法狀態未知（全額交割、變更交易方法、停止信用交易的來源未提供）；容量以 s 日 vol20 估計，未模擬開盤競價量與滑價；不可交易，僅觀察,未扣成本·事後欄位以 m_ 標示·非投資建議
HO,1,2023-09-26,2023-09-27,5205,中茂,TPEx,W,W_atr14@3,3,563,0.056659,,0,0,1,1.051,7.706,3.152,6.0,,不適用,0.0,0.0,292,inf,250.0,official_prepanel,small,6.0,0,可交易（DK_s＝0）,未扣成本（成本參考：2.8 折來回約 0.38%、全額約 0.585%）；交易方法狀態未知（全額交割、變更交易方法、停止信用交易的來源未提供）；容量以 s 日 vol20 估計，未模擬開盤競價量與滑價；不可交易，僅觀察,未扣成本·事後欄位以 m_ 標示·非投資建議
HO,1,2023-09-26,2023-09-27,6103,合邦,TPEx,W,W_atr14@3,1,563,0.067956,,0,0,0,,,,3.38,,不適用,0.0,0.0,292,inf,250.0,official_prepanel,small,,0,可交易（DK_s＝0）,未扣成本（成本參考：2.8 折來回約 0.38%、全額約 0.585%）；交易方法狀態未知（全額交割、變更交易方法、停止信用交易的來源未提供）；容量以 s 日 vol20 估計，未模擬開盤競價量與滑價；不可交易，僅觀察,未扣成本·事後欄位以 m_ 標示·非投資建議
HO,1,2023-09-26,2023-09-27,6225,天瀚,TWSE,W,W_atr14@3,2,563,0.067115,,0,0,0,,,,14.5,,不適用,0.0,0.0,292,inf,250.0,official_prepanel,small,,0,可交易（DK_s＝0）,未扣成本（成本參考：2.8 折來回約 0.38%、全額約 0.585%）；交易方法狀態未知（全額交割、變更交易方法、停止信用交易的來源未提供）；容量以 s 日 vol20 估計，未模擬開盤競價量與滑價；不可交易，僅觀察,未扣成本·事後欄位以 m_ 標示·非投資建議
HO,1,2023-09-27,2023-09-28,2321,東訊,TWSE,W,W_atr14@3,3,560,0.055665,,0,0,1,-1.102,0.826,-4.132,9.84,,不適用,0.0,0.0,293,inf,250.0,official_prepanel,small,12.0,0,可交易（DK_s＝0）,未扣成本（成本參考：2.8 折來回約 0.38%、全額約 0.585%）；交易方法狀態未知（全額交割、變更交易方法、停止信用交易的來源未提供）；容量以 s 日 vol20 估計，未模擬開盤競價量與滑價；不可交易，僅觀察,未扣成本·事後欄位以 m_ 標示·非投資建議
HO,1,2023-09-27,2023-09-28,3064,泰偉,TPEx,W,W_atr14@3,1,560,0.06545,,0,0,1,-0.429,-3.863,-3.433,18.5,,不適用,0.0,0.0,293,inf,250.0,official_prepanel,small,7.0,0,可交易（DK_s＝0）,未扣成本（成本參考：2.8 折來回約 0.38%、全額約 0.585%）；交易方法狀態未知（全額交割、變更交易方法、停止信用交易的來源未提供）；容量以 s 日 vol20 估計，未模擬開盤競價量與滑價；不可交易，僅觀察,未扣成本·事後欄位以 m_ 標示·非投資建議
HO,1,2023-09-27,2023-09-28,5205,中茂,TPEx,W,W_atr14@3,2,560,0.057316,,0,0,0,,,,5.9,,不適用,0.0,0.0,293,inf,250.0,official_prepanel,small,,0,可交易（DK_s＝0）,未扣成本（成本參考：2.8 折來回約 0.38%、全額約 0.585%）；交易方法狀態未知（全額交割、變更交易方法、停止信用交易的來源未提供）；容量以 s 日 vol20 估計，未模擬開盤競價量與滑價；不可交易，僅觀察,未扣成本·事後欄位以 m_ 標示·非投資建議
HO,1,2023-09-28,2023-10-02,2321,東訊,TWSE,W,W_atr14@3,3,561,0.062353,,0,0,1,3.478,7.246,1.159,10.26,,不適用,0.0,0.0,294,inf,250.0,official_prepanel,small,3.0,0,可交易（DK_s＝0）,未扣成本（成本參考：2.8 折來回約 0.38%、全額約 0.585%）；交易方法狀態未知（全額交割、變更交易方法、停止信用交易的來源未提供）；容量以 s 日 vol20 估計，未模擬開盤競價量與滑價；不可交易，僅觀察,未扣成本·事後欄位以 m_ 標示·非投資建議
HO,1,2023-09-28,2023-10-02,3064,泰偉,TPEx,W,W_atr14@3,2,561,0.063116,,0,0,1,7.442,0.465,6.977,18.3,,不適用,0.0,0.0,294,inf,250.0,official_prepanel,small,8.0,0,可交易（DK_s＝0）,未扣成本（成本參考：2.8 折來回約 0.38%、全額約 0.585%）；交易方法狀態未知（全額交割、變更交易方法、停止信用交易的來源未提供）；容量以 s 日 vol20 估計，未模擬開盤競價量與滑價；不可交易，僅觀察,未扣成本·事後欄位以 m_ 標示·非投資建議
HO,1,2023-09-28,2023-10-02,4950,金耘國際,TPEx,W,W_atr14@3,1,561,0.064875,,0,0,1,-4.889,-17.422,-20.711,96.4,,不適用,0.0,0.0,294,inf,250.0,official_prepanel,small,73.0,0,可交易（DK_s＝0）,未扣成本（成本參考：2.8 折來回約 0.38%、全額約 0.585%）；交易方法狀態未知（全額交割、變更交易方法、停止信用交易的來源未提供）；容量以 s 日 vol20 估計，未模擬開盤競價量與滑價；不可交易，僅觀察,未扣成本·事後欄位以 m_ 標示·非投資建議
HO,2,2023-10-02,2023-10-03,1435,中福,TWSE,W,W_atr14@3,1,565,0.084524,,0,0,1,-2.326,-4.767,-8.953,,,不適用,0.0,1.0,295,inf,250.0,official_prepanel,mid,41.0,0,可交易（DK_s＝0）,未扣成本（成本參考：2.8 折來回約 0.38%、全額約 0.585%）；交易方法狀態未知（全額交割、變更交易方法、停止信用交易的來源未提供）；容量以 s 日 vol20 估計，未模擬開盤競價量與滑價；不可交易，僅觀察,未扣成本·事後欄位以 m_ 標示·非投資建議
HO,2,2023-10-02,2023-10-03,2321,東訊,TWSE,W,W_atr14@3,2,565,0.063133,,0,0,1,-4.607,-8.401,-5.149,10.26,,不適用,0.0,0.0,295,inf,250.0,official_prepanel,small,12.0,0,可交易（DK_s＝0）,未扣成本（成本參考：2.8 折來回約 0.38%、全額約 0.585%）；交易方法狀態未知（全額交割、變更交易方法、停止信用交易的來源未提供）；容量以 s 日 vol20 估計，未模擬開盤競價量與滑價；不可交易，僅觀察,未扣成本·事後欄位以 m_ 標示·非投資建議
HO,2,2023-10-02,2023-10-03,4950,金耘國際,TPEx,W,W_atr14@3,3,565,0.063084,,0,0,1,0.0,-18.66,-16.172,93.4,,不適用,0.0,0.0,295,inf,250.0,official_prepanel,small,123.0,0,可交易（DK_s＝0）,未扣成本（成本參考：2.8 折來回約 0.38%、全額約 0.585%）；交易方法狀態未知（全額交割、變更交易方法、停止信用交易的來源未提供）；容量以 s 日 vol20 估計，未模擬開盤競價量與滑價；不可交易，僅觀察,未扣成本·事後欄位以 m_ 標示·非投資建議
HO,2,2023-10-03,2023-10-04,1435,中福,TWSE,W,W_atr14@3,1,562,0.091575,,0,0,1,6.555,-8.224,-9.893,,,不適用,0.0,2.0,296,inf,250.0,official_prepanel,small,48.0,0,可交易（DK_s＝0）,未扣成本（成本參考：2.8 折來回約 0.38%、全額約 0.585%）；交易方法狀態未知（全額交割、變更交易方法、停止信用交易的來源未提供）；容量以 s 日 vol20 估計，未模擬開盤競價量與滑價；不可交易，僅觀察,未扣成本·事後欄位以 m_ 標示·非投資建議
HO,2,2023-10-03,2023-10-04,2321,東訊,TWSE,W,W_atr14@3,2,562,0.066871,,0,0,1,-3.542,-6.54,-7.357,10.58,,不適用,0.0,0.0,296,inf,250.0,official_prepanel,small,2.0,0,可交易（DK_s＝0）,未扣成本（成本參考：2.8 折來回約 0.38%、全額約 0.585%）；交易方法狀態未知（全額交割、變更交易方法、停止信用交易的來源未提供）；容量以 s 日 vol20 估計，未模擬開盤競價量與滑價；不可交易，僅觀察,未扣成本·事後欄位以 m_ 標示·非投資建議
HO,2,2023-10-03,2023-10-04,6103,合邦,TPEx,W,W_atr14@3,3,562,0.064854,,0,0,1,0.844,9.283,,3.59,,不適用,0.0,0.0,296,inf,250.0,official_prepanel,small,3.0,0,可交易（DK_s＝0）,未扣成本（成本參考：2.8 折來回約 0.38%、全額約 0.585%）；交易方法狀態未知（全額交割、變更交易方法、停止信用交易的來源未提供）；容量以 s 日 vol20 估計，未模擬開盤競價量與滑價；不可交易，僅觀察,未扣成本·事後欄位以 m_ 標示·非投資建議
HO,2,2023-10-04,2023-10-05,1435,中福,TWSE,W,W_atr14@3,1,566,0.086529,,0,0,1,-4.444,-12.444,-14.222,,,不適用,0.0,2.0,297,inf,250.0,official_prepanel,mid,33.0,0,可交易（DK_s＝0）,未扣成本（成本參考：2.8 折來回約 0.38%、全額約 0.585%）；交易方法狀態未知（全額交割、變更交易方法、停止信用交易的來源未提供）；容量以 s 日 vol20 估計，未模擬開盤競價量與滑價；不可交易，僅觀察,未扣成本·事後欄位以 m_ 標示·非投資建議
HO,2,2023-10-04,2023-10-05,2321,東訊,TWSE,W,W_atr14@3,3,566,0.067362,,0,0,1,3.39,-1.977,-1.13,9.95,,不適用,0.0,0.0,297,inf,250.0,official_prepanel,small,6.0,0,可交易（DK_s＝0）,未扣成本（成本參考：2.8 折來回約 0.38%、全額約 0.585%）；交易方法狀態未知（全額交割、變更交易方法、停止信用交易的來源未提供）；容量以 s 日 vol20 估計，未模擬開盤競價量與滑價；不可交易，僅觀察,未扣成本·事後欄位以 m_ 標示·非投資建議
HO,2,2023-10-04,2023-10-05,3064,泰偉,TPEx,W,W_atr14@3,2,566,0.070794,,0,0,1,-4.274,-2.991,-5.983,19.55,,不適用,0.0,0.0,297,inf,250.0,official_prepanel,small,15.0,0,可交易（DK_s＝0）,未扣成本（成本參考：2.8 折來回約 0.38%、全額約 0.585%）；交易方法狀態未知（全額交割、變更交易方法、停止信用交易的來源未提供）；容量以 s 日 vol20 估計，未模擬開盤競價量與滑價；不可交易，僅觀察,未扣成本·事後欄位以 m_ 標示·非投資建議
HO,2,2023-10-05,2023-10-06,1435,中福,TWSE,W,W_atr14@3,1,573,0.090449,,0,0,1,3.614,0.12,-13.012,88.73,,不適用,0.0,2.0,298,inf,250.0,official_prepanel,small,13.0,0,可交易（DK_s＝0）,未扣成本（成本參考：2.8 折來回約 0.38%、全額約 0.585%）；交易方法狀態未知（全額交割、變更交易方法、停止信用交易的來源未提供）；容量以 s 日 vol20 估計，未模擬開盤競價量與滑價；不可交易，僅觀察,未扣成本·事後欄位以 m_ 標示·非投資建議
HO,2,2023-10-05,2023-10-06,2321,東訊,TWSE,W,W_atr14@3,3,573,0.062842,,0,0,1,-1.857,-7.692,-13.263,10.16,,不適用,0.0,0.0,298,inf,250.0,official_prepanel,small,8.0,0,可交易（DK_s＝0）,未扣成本（成本參考：2.8 折來回約 0.38%、全額約 0.585%）；交易方法狀態未知（全額交割、變更交易方法、停止信用交易的來源未提供）；容量以 s 日 vol20 估計，未模擬開盤競價量與滑價；不可交易，僅觀察,未扣成本·事後欄位以 m_ 標示·非投資建議
HO,2,2023-10-05,2023-10-06,3064,泰偉,TPEx,W,W_atr14@3,2,573,0.072385,,0,0,1,-3.139,0.897,-2.691,20.0,,不適用,0.0,0.0,298,inf,250.0,official_prepanel,small,9.0,0,可交易（DK_s＝0）,未扣成本（成本參考：2.8 折來回約 0.38%、全額約 0.585%）；交易方法狀態未知（全額交割、變更交易方法、停止信用交易的來源未提供）；容量以 s 日 vol20 估計，未模擬開盤競價量與滑價；不可交易，僅觀察,未扣成本·事後欄位以 m_ 標示·非投資建議
HO,2,2023-10-06,2023-10-11,1435,中福,TWSE,W,W_atr14@3,1,582,0.088206,,0,0,1,-4.767,-6.977,-16.279,84.0,,不適用,0.0,2.0,299,inf,250.0,official_prepanel,small,18.0,0,可交易（DK_s＝0）,未扣成本（成本參考：2.8 折來回約 0.38%、全額約 0.585%）；交易方法狀態未知（全額交割、變更交易方法、停止信用交易的來源未提供）；容量以 s 日 vol20 估計，未模擬開盤競價量與滑價；不可交易，僅觀察,未扣成本·事後欄位以 m_ 標示·非投資建議
HO,2,2023-10-06,2023-10-11,3036,文曄,TWSE,W,W_atr14@3,3,582,0.06217,,0,0,1,0.0,0.0,-4.661,22086.79,,不適用,0.0,1.0,299,inf,250.0,official_prepanel,large,12284.0,0,可交易（DK_s＝0）,未扣成本（成本參考：2.8 折來回約 0.38%、全額約 0.585%）；交易方法狀態未知（全額交割、變更交易方法、停止信用交易的來源未提供）；容量以 s 日 vol20 估計，未模擬開盤競價量與滑價；不可交易，僅觀察,未扣成本·事後欄位以 m_ 標示·非投資建議
HO,2,2023-10-06,2023-10-11,3064,泰偉,TPEx,W,W_atr14@3,2,582,0.070106,,0,0,1,-3.93,0.437,0.873,20.2,,不適用,0.0,0.0,299,inf,250.0,official_prepanel,small,29.0,0,可交易（DK_s＝0）,未扣成本（成本參考：2.8 折來回約 0.38%、全額約 0.585%）；交易方法狀態未知（全額交割、變更交易方法、停止信用交易的來源未提供）；容量以 s 日 vol20 估計，未模擬開盤競價量與滑價；不可交易，僅觀察,未扣成本·事後欄位以 m_ 標示·非投資建議
HO,2,2023-10-11,2023-10-12,1435,中福,TWSE,W,W_atr14@3,1,585,0.09079,,0,0,1,-2.16,-0.508,-10.801,80.12,,不適用,0.0,1.0,300,inf,250.0,official_prepanel,small,23.0,0,可交易（DK_s＝0）,未扣成本（成本參考：2.8 折來回約 0.38%、全額約 0.585%）；交易方法狀態未知（全額交割、變更交易方法、停止信用交易的來源未提供）；容量以 s 日 vol20 估計，未模擬開盤競價量與滑價；不可交易，僅觀察,未扣成本·事後欄位以 m_ 標示·非投資建議
HO,2,2023-10-11,2023-10-12,2321,東訊,TWSE,W,W_atr14@3,2,585,0.068681,,0,0,1,9.585,11.821,8.307,7.37,,不適用,0.0,0.0,300,inf,250.0,official_prepanel,small,7.0,0,可交易（DK_s＝0）,未扣成本（成本參考：2.8 折來回約 0.38%、全額約 0.585%）；交易方法狀態未知（全額交割、變更交易方法、停止信用交易的來源未提供）；容量以 s 日 vol20 估計，未模擬開盤競價量與滑價；不可交易，僅觀察,未扣成本·事後欄位以 m_ 標示·非投資建議
HO,2,2023-10-11,2023-10-12,3064,泰偉,TPEx,W,W_atr14@3,3,585,0.066558,,0,0,1,3.738,11.215,5.14,20.7,,不適用,0.0,0.0,300,inf,250.0,official_prepanel,small,13.0,0,可交易（DK_s＝0）,未扣成本（成本參考：2.8 折來回約 0.38%、全額約 0.585%）；交易方法狀態未知（全額交割、變更交易方法、停止信用交易的來源未提供）；容量以 s 日 vol20 估計，未模擬開盤競價量與滑價；不可交易，僅觀察,未扣成本·事後欄位以 m_ 標示·非投資建議
HO,2,2023-10-12,2023-10-13,1435,中福,TWSE,W,W_atr14@3,1,589,0.095455,,0,0,1,6.486,2.162,-5.405,76.94,,不適用,0.0,0.0,301,inf,250.0,official_prepanel,small,17.0,0,可交易（DK_s＝0）,未扣成本（成本參考：2.8 折來回約 0.38%、全額約 0.585%）；交易方法狀態未知（全額交割、變更交易方法、停止信用交易的來源未提供）；容量以 s 日 vol20 估計，未模擬開盤競價量與滑價；不可交易，僅觀察,未扣成本·事後欄位以 m_ 標示·非投資建議
HO,2,2023-10-12,2023-10-13,3064,泰偉,TPEx,W,W_atr14@3,2,589,0.068533,,0,0,1,0.0,,-3.524,20.8,,不適用,0.0,0.0,301,inf,250.0,official_prepanel,small,3.0,0,可交易（DK_s＝0）,未扣成本（成本參考：2.8 折來回約 0.38%、全額約 0.585%）；交易方法狀態未知（全額交割、變更交易方法、停止信用交易的來源未提供）；容量以 s 日 vol20 估計，未模擬開盤競價量與滑價；不可交易，僅觀察,未扣成本·事後欄位以 m_ 標示·非投資建議
HO,2,2023-10-12,2023-10-13,6103,合邦,TPEx,W,W_atr14@3,3,589,0.066388,,0,0,1,0.0,,-10.572,3.06,,不適用,0.0,0.0,301,inf,250.0,official_prepanel,small,1.0,0,可交易（DK_s＝0）,未扣成本（成本參考：2.8 折來回約 0.38%、全額約 0.585%）；交易方法狀態未知（全額交割、變更交易方法、停止信用交易的來源未提供）；容量以 s 日 vol20 估計，未模擬開盤競價量與滑價；不可交易，僅觀察,未扣成本·事後欄位以 m_ 標示·非投資建議
HO,2,2023-10-13,2023-10-16,1435,中福,TWSE,W,W_atr14@3,1,583,0.085932,,0,0,1,3.875,-3.5,-3.75,73.79,,不適用,0.0,0.0,302,inf,250.0,official_prepanel,small,30.0,0,可交易（DK_s＝0）,未扣成本（成本參考：2.8 折來回約 0.38%、全額約 0.585%）；交易方法狀態未知（全額交割、變更交易方法、停止信用交易的來源未提供）；容量以 s 日 vol20 估計，未模擬開盤競價量與滑價；不可交易，僅觀察,未扣成本·事後欄位以 m_ 標示·非投資建議
HO,2,2023-10-13,2023-10-16,2321,東訊,TWSE,W,W_atr14@3,3,583,0.065459,,0,0,1,0.0,0.575,-4.598,7.58,,不適用,0.0,0.0,302,inf,250.0,official_prepanel,small,2.0,0,可交易（DK_s＝0）,未扣成本（成本參考：2.8 折來回約 0.38%、全額約 0.585%）；交易方法狀態未知（全額交割、變更交易方法、停止信用交易的來源未提供）；容量以 s 日 vol20 估計，未模擬開盤競價量與滑價；不可交易，僅觀察,未扣成本·事後欄位以 m_ 標示·非投資建議
HO,2,2023-10-13,2023-10-16,3064,泰偉,TPEx,W,W_atr14@3,2,583,0.068282,,0,0,1,5.634,3.286,2.817,20.8,,不適用,0.0,0.0,302,inf,250.0,official_prepanel,small,4.0,0,可交易（DK_s＝0）,未扣成本（成本參考：2.8 折來回約 0.38%、全額約 0.585%）；交易方法狀態未知（全額交割、變更交易方法、停止信用交易的來源未提供）；容量以 s 日 vol20 估計，未模擬開盤競價量與滑價；不可交易，僅觀察,未扣成本·事後欄位以 m_ 標示·非投資建議
HO,2,2023-10-16,2023-10-17,1435,中福,TWSE,W,W_atr14@3,1,584,0.082517,,0,0,1,-6.433,-15.556,-9.942,71.6,,不適用,0.0,0.0,303,inf,250.0,official_prepanel,small,13.0,0,可交易（DK_s＝0）,未扣成本（成本參考：2.8 折來回約 0.38%、全額約 0.585%）；交易方法狀態未知（全額交割、變更交易方法、停止信用交易的來源未提供）；容量以 s 日 vol20 估計，未模擬開盤競價量與滑價；不可交易，僅觀察,未扣成本·事後欄位以 m_ 標示·非投資建議
HO,2,2023-10-16,2023-10-17,3064,泰偉,TPEx,W,W_atr14@3,2,584,0.069524,,0,0,1,2.222,-3.556,-4.0,20.45,,不適用,0.0,0.0,303,inf,250.0,official_prepanel,small,4.0,0,可交易（DK_s＝0）,未扣成本（成本參考：2.8 折來回約 0.38%、全額約 0.585%）；交易方法狀態未知（全額交割、變更交易方法、停止信用交易的來源未提供）；容量以 s 日 vol20 估計，未模擬開盤競價量與滑價；不可交易，僅觀察,未扣成本·事後欄位以 m_ 標示·非投資建議
HO,2,2023-10-16,2023-10-17,6103,合邦,TPEx,W,W_atr14@3,3,584,0.068211,,0,0,1,0.0,-1.571,,2.78,,不適用,0.0,0.0,303,inf,250.0,official_prepanel,small,3.0,0,可交易（DK_s＝0）,未扣成本（成本參考：2.8 折來回約 0.38%、全額約 0.585%）；交易方法狀態未知（全額交割、變更交易方法、停止信用交易的來源未提供）；容量以 s 日 vol20 估計，未模擬開盤競價量與滑價；不可交易，僅觀察,未扣成本·事後欄位以 m_ 標示·非投資建議
HO,2,2023-10-17,2023-10-18,1435,中福,TWSE,W,W_atr14@3,1,596,0.084286,,0,0,1,-8.421,-15.789,,66.45,,不適用,0.0,0.0,304,inf,250.0,official_prepanel,small,20.0,0,可交易（DK_s＝0）,未扣成本（成本參考：2.8 折來回約 0.38%、全額約 0.585%）；交易方法狀態未知（全額交割、變更交易方法、停止信用交易的來源未提供）；容量以 s 日 vol20 估計，未模擬開盤競價量與滑價；不可交易，僅觀察,未扣成本·事後欄位以 m_ 標示·非投資建議
HO,2,2023-10-17,2023-10-18,3064,泰偉,TPEx,W,W_atr14@3,3,596,0.068323,,0,0,1,0.0,-2.941,-7.563,19.75,,不適用,0.0,0.0,304,inf,250.0,official_prepanel,small,2.0,0,可交易（DK_s＝0）,未扣成本（成本參考：2.8 折來回約 0.38%、全額約 0.585%）；交易方法狀態未知（全額交割、變更交易方法、停止信用交易的來源未提供）；容量以 s 日 vol20 估計，未模擬開盤競價量與滑價；不可交易，僅觀察,未扣成本·事後欄位以 m_ 標示·非投資建議
HO,2,2023-10-17,2023-10-18,6103,合邦,TPEx,W,W_atr14@3,2,596,0.082527,,0,0,1,0.0,3.153,13.514,2.89,,不適用,0.0,0.0,304,inf,250.0,official_prepanel,small,1.0,0,可交易（DK_s＝0）,未扣成本（成本參考：2.8 折來回約 0.38%、全額約 0.585%）；交易方法狀態未知（全額交割、變更交易方法、停止信用交易的來源未提供）；容量以 s 日 vol20 估計，未模擬開盤競價量與滑價；不可交易，僅觀察,未扣成本·事後欄位以 m_ 標示·非投資建議
HO,2,2023-10-18,2023-10-19,1435,中福,TWSE,W,W_atr14@3,2,593,0.086116,,0,0,1,-5.263,-12.03,-9.524,65.6,,不適用,0.0,0.0,305,inf,250.0,official_prepanel,small,7.0,0,可交易（DK_s＝0）,未扣成本（成本參考：2.8 折來回約 0.38%、全額約 0.585%）；交易方法狀態未知（全額交割、變更交易方法、停止信用交易的來源未提供）；容量以 s 日 vol20 估計，未模擬開盤競價量與滑價；不可交易，僅觀察,未扣成本·事後欄位以 m_ 標示·非投資建議
HO,2,2023-10-18,2023-10-19,3064,泰偉,TPEx,W,W_atr14@3,3,593,0.063625,,0,0,0,,,,18.6,,不適用,0.0,0.0,305,inf,250.0,official_prepanel,small,,0,可交易（DK_s＝0）,未扣成本（成本參考：2.8 折來回約 0.38%、全額約 0.585%）；交易方法狀態未知（全額交割、變更交易方法、停止信用交易的來源未提供）；容量以 s 日 vol20 估計，未模擬開盤競價量與滑價；不可交易，僅觀察,未扣成本·事後欄位以 m_ 標示·非投資建議
HO,2,2023-10-18,2023-10-19,6103,合邦,TPEx,W,W_atr14@3,1,593,0.089397,,0,0,0,,,,2.83,,不適用,0.0,0.0,305,inf,250.0,official_prepanel,small,,0,可交易（DK_s＝0）,未扣成本（成本參考：2.8 折來回約 0.38%、全額約 0.585%）；交易方法狀態未知（全額交割、變更交易方法、停止信用交易的來源未提供）；容量以 s 日 vol20 估計，未模擬開盤競價量與滑價；不可交易，僅觀察,未扣成本·事後欄位以 m_ 標示·非投資建議
HO,2,2023-10-19,2023-10-20,1435,中福,TWSE,W,W_atr14@3,1,587,0.086168,,0,0,1,-1.279,-10.486,-6.01,64.6,,不適用,0.0,0.0,306,inf,250.0,official_prepanel,small,3.0,0,可交易（DK_s＝0）,未扣成本（成本參考：2.8 折來回約 0.38%、全額約 0.585%）；交易方法狀態未知（全額交割、變更交易方法、停止信用交易的來源未提供）；容量以 s 日 vol20 估計，未模擬開盤競價量與滑價；不可交易，僅觀察,未扣成本·事後欄位以 m_ 標示·非投資建議
HO,2,2023-10-19,2023-10-20,2321,東訊,TWSE,W,W_atr14@3,2,587,0.059664,,0,0,1,2.041,6.414,9.329,6.35,,不適用,0.0,0.0,306,inf,250.0,official_prepanel,small,2.0,0,可交易（DK_s＝0）,未扣成本（成本參考：2.8 折來回約 0.38%、全額約 0.585%）；交易方法狀態未知（全額交割、變更交易方法、停止信用交易的來源未提供）；容量以 s 日 vol20 估計，未模擬開盤競價量與滑價；不可交易，僅觀察,未扣成本·事後欄位以 m_ 標示·非投資建議
HO,2,2023-10-19,2023-10-20,5205,中茂,TPEx,W,W_atr14@3,3,587,0.055272,,0,0,1,4.456,6.061,-0.535,6.84,,不適用,0.0,0.0,306,inf,250.0,official_prepanel,small,35.0,0,可交易（DK_s＝0）,未扣成本（成本參考：2.8 折來回約 0.38%、全額約 0.585%）；交易方法狀態未知（全額交割、變更交易方法、停止信用交易的來源未提供）；容量以 s 日 vol20 估計，未模擬開盤競價量與滑價；不可交易，僅觀察,未扣成本·事後欄位以 m_ 標示·非投資建議
HO,2,2023-10-20,2023-10-23,1435,中福,TWSE,W,W_atr14@3,2,590,0.078553,,0,0,1,-0.276,6.354,-0.552,55.5,,不適用,0.0,0.0,307,inf,250.0,official_prepanel,small,10.0,0,可交易（DK_s＝0）,未扣成本（成本參考：2.8 折來回約 0.38%、全額約 0.585%）；交易方法狀態未知（全額交割、變更交易方法、停止信用交易的來源未提供）；容量以 s 日 vol20 估計，未模擬開盤競價量與滑價；不可交易，僅觀察,未扣成本·事後欄位以 m_ 標示·非投資建議
HO,2,2023-10-20,2023-10-23,3064,泰偉,TPEx,W,W_atr14@3,3,590,0.061888,,0,0,1,1.878,2.817,11.268,13.79,,不適用,0.0,0.0,307,inf,250.0,official_prepanel,small,2.0,0,可交易（DK_s＝0）,未扣成本（成本參考：2.8 折來回約 0.38%、全額約 0.585%）；交易方法狀態未知（全額交割、變更交易方法、停止信用交易的來源未提供）；容量以 s 日 vol20 估計，未模擬開盤競價量與滑價；不可交易，僅觀察,未扣成本·事後欄位以 m_ 標示·非投資建議
HO,2,2023-10-20,2023-10-23,6103,合邦,TPEx,W,W_atr14@3,1,590,0.081807,,0,0,1,-3.771,0.419,-0.14,2.47,,不適用,0.0,0.0,307,inf,250.0,official_prepanel,small,3.0,0,可交易（DK_s＝0）,未扣成本（成本參考：2.8 折來回約 0.38%、全額約 0.585%）；交易方法狀態未知（全額交割、變更交易方法、停止信用交易的來源未提供）；容量以 s 日 vol20 估計，未模擬開盤競價量與滑價；不可交易，僅觀察,未扣成本·事後欄位以 m_ 標示·非投資建議
HO,2,2023-10-23,2023-10-24,1435,中福,TWSE,W,W_atr14@3,2,592,0.079244,,0,0,1,0.0,6.944,-1.25,49.65,,不適用,0.0,0.0,308,inf,250.0,official_prepanel,small,23.0,0,可交易（DK_s＝0）,未扣成本（成本參考：2.8 折來回約 0.38%、全額約 0.585%）；交易方法狀態未知（全額交割、變更交易方法、停止信用交易的來源未提供）；容量以 s 日 vol20 估計，未模擬開盤競價量與滑價；不可交易，僅觀察,未扣成本·事後欄位以 m_ 標示·非投資建議
HO,2,2023-10-23,2023-10-24,3064,泰偉,TPEx,W,W_atr14@3,3,592,0.063098,,0,0,1,6.452,-0.461,6.912,12.79,,不適用,0.0,0.0,308,inf,250.0,official_prepanel,small,9.0,0,可交易（DK_s＝0）,未扣成本（成本參考：2.8 折來回約 0.38%、全額約 0.585%）；交易方法狀態未知（全額交割、變更交易方法、停止信用交易的來源未提供）；容量以 s 日 vol20 估計，未模擬開盤競價量與滑價；不可交易，僅觀察,未扣成本·事後欄位以 m_ 標示·非投資建議
HO,2,2023-10-23,2023-10-24,6103,合邦,TPEx,W,W_atr14@3,1,592,0.08351,,0,0,1,0.0,,3.93,2.5,,不適用,0.0,0.0,308,inf,250.0,official_prepanel,small,9.0,0,可交易（DK_s＝0）,未扣成本（成本參考：2.8 折來回約 0.38%、全額約 0.585%）；交易方法狀態未知（全額交割、變更交易方法、停止信用交易的來源未提供）；容量以 s 日 vol20 估計，未模擬開盤競價量與滑價；不可交易，僅觀察,未扣成本·事後欄位以 m_ 標示·非投資建議
HO,2,2023-10-24,2023-10-25,1435,中福,TWSE,W,W_atr14@3,2,598,0.072024,,0,0,1,-2.092,,-1.813,48.2,,不適用,0.0,0.0,309,inf,250.0,official_prepanel,small,37.0,0,可交易（DK_s＝0）,未扣成本（成本參考：2.8 折來回約 0.38%、全額約 0.585%）；交易方法狀態未知（全額交割、變更交易方法、停止信用交易的來源未提供）；容量以 s 日 vol20 估計，未模擬開盤競價量與滑價；不可交易，僅觀察,未扣成本·事後欄位以 m_ 標示·非投資建議
HO,2,2023-10-24,2023-10-25,6103,合邦,TPEx,W,W_atr14@3,1,598,0.081626,,0,0,1,0.0,6.931,,2.89,,不適用,0.0,0.0,309,inf,250.0,official_prepanel,small,1.0,0,可交易（DK_s＝0）,未扣成本（成本參考：2.8 折來回約 0.38%、全額約 0.585%）；交易方法狀態未知（全額交割、變更交易方法、停止信用交易的來源未提供）；容量以 s 日 vol20 估計，未模擬開盤競價量與滑價；不可交易，僅觀察,未扣成本·事後欄位以 m_ 標示·非投資建議
HO,2,2023-10-24,2023-10-25,6419,京晨科,TPEx,W,W_atr14@3,3,598,0.062163,,0,0,1,5.071,5.547,8.241,243.7,,不適用,1.0,4.0,309,inf,250.0,official_prepanel,small,258.0,1,處置中・交易規則另案登錄（DK_s＝1）,未扣成本（成本參考：2.8 折來回約 0.38%、全額約 0.585%）；交易方法狀態未知（全額交割、變更交易方法、停止信用交易的來源未提供）；容量以 s 日 vol20 估計，未模擬開盤競價量與滑價；不可交易，僅觀察,未扣成本·事後欄位以 m_ 標示·非投資建議
HO,2,2023-10-25,2023-10-26,1435,中福,TWSE,W,W_atr14@3,3,598,0.068071,,0,0,1,2.19,5.401,,46.9,,不適用,0.0,0.0,310,inf,250.0,official_prepanel,small,23.0,0,可交易（DK_s＝0）,未扣成本（成本參考：2.8 折來回約 0.38%、全額約 0.585%）；交易方法狀態未知（全額交割、變更交易方法、停止信用交易的來源未提供）；容量以 s 日 vol20 估計，未模擬開盤競價量與滑價；不可交易，僅觀察,未扣成本·事後欄位以 m_ 標示·非投資建議
HO,2,2023-10-25,2023-10-26,6103,合邦,TPEx,W,W_atr14@3,2,598,0.073224,,0,0,1,6.519,6.519,18.963,2.89,,不適用,0.0,0.0,310,inf,250.0,official_prepanel,small,3.0,0,可交易（DK_s＝0）,未扣成本（成本參考：2.8 折來回約 0.38%、全額約 0.585%）；交易方法狀態未知（全額交割、變更交易方法、停止信用交易的來源未提供）；容量以 s 日 vol20 估計，未模擬開盤競價量與滑價；不可交易，僅觀察,未扣成本·事後欄位以 m_ 標示·非投資建議
HO,2,2023-10-25,2023-10-26,6404,,TPEx,W,W_atr14@3,1,598,0.138889,,0,0,1,-5.729,1.042,-5.417,37.62,,不適用,0.0,2.0,306,306.0,250.0,fallback_first_close,small,158.0,1,可交易（DK_s＝0）,未扣成本（成本參考：2.8 折來回約 0.38%、全額約 0.585%）；交易方法狀態未知（全額交割、變更交易方法、停止信用交易的來源未提供）；容量以 s 日 vol20 估計，未模擬開盤競價量與滑價；不可交易，僅觀察,未扣成本·事後欄位以 m_ 標示·非投資建議
HO,2,2023-10-26,2023-10-27,6103,合邦,TPEx,W,W_atr14@3,2,595,0.076067,,0,0,1,0.0,-0.139,,2.94,,不適用,0.0,0.0,311,inf,250.0,official_prepanel,small,1.0,0,可交易（DK_s＝0）,未扣成本（成本參考：2.8 折來回約 0.38%、全額約 0.585%）；交易方法狀態未知（全額交割、變更交易方法、停止信用交易的來源未提供）；容量以 s 日 vol20 估計，未模擬開盤競價量與滑價；不可交易，僅觀察,未扣成本·事後欄位以 m_ 標示·非投資建議
HO,2,2023-10-26,2023-10-27,6404,,TPEx,W,W_atr14@3,1,595,0.141521,,0,0,1,0.984,1.311,-0.874,46.94,,不適用,1.0,3.0,307,307.0,250.0,fallback_first_close,small,60.0,1,處置中・交易規則另案登錄（DK_s＝1）,未扣成本（成本參考：2.8 折來回約 0.38%、全額約 0.585%）；交易方法狀態未知（全額交割、變更交易方法、停止信用交易的來源未提供）；容量以 s 日 vol20 估計，未模擬開盤競價量與滑價；不可交易，僅觀察,未扣成本·事後欄位以 m_ 標示·非投資建議
HO,2,2023-10-26,2023-10-27,6419,京晨科,TPEx,W,W_atr14@3,3,595,0.065806,,0,0,1,-4.559,2.5,-11.029,261.6,,不適用,1.0,2.0,311,inf,250.0,official_prepanel,small,273.0,1,處置中・交易規則另案登錄（DK_s＝1）,未扣成本（成本參考：2.8 折來回約 0.38%、全額約 0.585%）；交易方法狀態未知（全額交割、變更交易方法、停止信用交易的來源未提供）；容量以 s 日 vol20 估計，未模擬開盤競價量與滑價；不可交易，僅觀察,未扣成本·事後欄位以 m_ 標示·非投資建議
HO,2,2023-10-27,2023-10-30,4806,桂田文創,TPEx,W,W_atr14@3,2,590,0.081754,,0,0,1,4.476,-5.677,33.734,,,不適用,1.0,3.0,312,inf,250.0,official_prepanel,small,55.0,1,處置中・交易規則另案登錄（DK_s＝1）,未扣成本（成本參考：2.8 折來回約 0.38%、全額約 0.585%）；交易方法狀態未知（全額交割、變更交易方法、停止信用交易的來源未提供）；容量以 s 日 vol20 估計，未模擬開盤競價量與滑價；不可交易，僅觀察,未扣成本·事後欄位以 m_ 標示·非投資建議
HO,2,2023-10-27,2023-10-30,6404,,TPEx,W,W_atr14@3,1,590,0.141775,,0,0,1,-4.29,-0.44,-6.161,50.56,,不適用,1.0,4.0,308,308.0,250.0,fallback_first_close,small,116.0,1,處置中・交易規則另案登錄（DK_s＝1）,未扣成本（成本參考：2.8 折來回約 0.38%、全額約 0.585%）；交易方法狀態未知（全額交割、變更交易方法、停止信用交易的來源未提供）；容量以 s 日 vol20 估計，未模擬開盤競價量與滑價；不可交易，僅觀察,未扣成本·事後欄位以 m_ 標示·非投資建議
HO,2,2023-10-27,2023-10-30,6419,京晨科,TPEx,W,W_atr14@3,3,590,0.073355,,0,0,1,-0.469,8.451,-10.955,273.55,,不適用,1.0,1.0,312,inf,250.0,official_prepanel,small,66.0,1,處置中・交易規則另案登錄（DK_s＝1）,未扣成本（成本參考：2.8 折來回約 0.38%、全額約 0.585%）；交易方法狀態未知（全額交割、變更交易方法、停止信用交易的來源未提供）；容量以 s 日 vol20 估計，未模擬開盤競價量與滑價；不可交易，僅觀察,未扣成本·事後欄位以 m_ 標示·非投資建議
HO,2,2023-10-30,2023-10-31,4806,桂田文創,TPEx,W,W_atr14@3,2,597,0.078209,,0,0,1,-12.813,-4.905,19.119,,,不適用,1.0,2.0,313,inf,250.0,official_prepanel,small,220.0,1,處置中・交易規則另案登錄（DK_s＝1）,未扣成本（成本參考：2.8 折來回約 0.38%、全額約 0.585%）；交易方法狀態未知（全額交割、變更交易方法、停止信用交易的來源未提供）；容量以 s 日 vol20 估計，未模擬開盤競價量與滑價；不可交易，僅觀察,未扣成本·事後欄位以 m_ 標示·非投資建議
HO,2,2023-10-30,2023-10-31,6404,,TPEx,W,W_atr14@3,1,597,0.144253,,0,0,1,6.621,3.311,-0.685,57.75,,不適用,1.0,5.0,309,309.0,250.0,fallback_first_close,small,68.0,1,處置中・交易規則另案登錄（DK_s＝1）,未扣成本（成本參考：2.8 折來回約 0.38%、全額約 0.585%）；交易方法狀態未知（全額交割、變更交易方法、停止信用交易的來源未提供）；容量以 s 日 vol20 估計，未模擬開盤競價量與滑價；不可交易，僅觀察,未扣成本·事後欄位以 m_ 標示·非投資建議
HO,2,2023-10-30,2023-10-31,6419,京晨科,TPEx,W,W_atr14@3,3,597,0.074349,,0,0,1,5.547,8.399,-0.951,275.9,,不適用,1.0,0.0,313,inf,250.0,official_prepanel,small,222.0,1,處置中・交易規則另案登錄（DK_s＝1）,未扣成本（成本參考：2.8 折來回約 0.38%、全額約 0.585%）；交易方法狀態未知（全額交割、變更交易方法、停止信用交易的來源未提供）；容量以 s 日 vol20 估計，未模擬開盤競價量與滑價；不可交易，僅觀察,未扣成本·事後欄位以 m_ 標示·非投資建議
HO,2,2023-10-31,2023-11-01,4419,皇家美食,TPEx,W,W_atr14@3,3,600,0.068316,,0,0,1,0.0,-6.881,-1.376,19.35,,不適用,0.0,0.0,314,inf,250.0,official_prepanel,small,26.0,0,可交易（DK_s＝0）,未扣成本（成本參考：2.8 折來回約 0.38%、全額約 0.585%）；交易方法狀態未知（全額交割、變更交易方法、停止信用交易的來源未提供）；容量以 s 日 vol20 估計，未模擬開盤競價量與滑價；不可交易，僅觀察,未扣成本·事後欄位以 m_ 標示·非投資建議
HO,2,2023-10-31,2023-11-01,4806,桂田文創,TPEx,W,W_atr14@3,2,600,0.09029,,0,0,1,0.243,26.974,58.566,,,不適用,1.0,1.0,314,inf,250.0,official_prepanel,small,289.0,1,處置中・交易規則另案登錄（DK_s＝1）,未扣成本（成本參考：2.8 折來回約 0.38%、全額約 0.585%）；交易方法狀態未知（全額交割、變更交易方法、停止信用交易的來源未提供）；容量以 s 日 vol20 估計，未模擬開盤競價量與滑價；不可交易，僅觀察,未扣成本·事後欄位以 m_ 標示·非投資建議
HO,2,2023-10-31,2023-11-01,6404,,TPEx,W,W_atr14@3,1,600,0.140486,,0,0,1,2.105,-4.421,-17.579,58.35,,不適用,1.0,5.0,310,310.0,250.0,fallback_first_close,small,46.0,1,處置中・交易規則另案登錄（DK_s＝1）,未扣成本（成本參考：2.8 折來回約 0.38%、全額約 0.585%）；交易方法狀態未知（全額交割、變更交易方法、停止信用交易的來源未提供）；容量以 s 日 vol20 估計，未模擬開盤競價量與滑價；不可交易，僅觀察,未扣成本·事後欄位以 m_ 標示·非投資建議
HO,2,2023-11-01,2023-11-02,4419,皇家美食,TPEx,W,W_atr14@3,3,588,0.067661,,0,0,1,0.0,-3.211,8.257,20.6,,不適用,0.0,0.0,315,inf,250.0,official_prepanel,small,29.0,0,可交易（DK_s＝0）,未扣成本（成本參考：2.8 折來回約 0.38%、全額約 0.585%）；交易方法狀態未知（全額交割、變更交易方法、停止信用交易的來源未提供）；容量以 s 日 vol20 估計，未模擬開盤競價量與滑價；不可交易，僅觀察,未扣成本·事後欄位以 m_ 標示·非投資建議
HO,2,2023-11-01,2023-11-02,4806,桂田文創,TPEx,W,W_atr14@3,2,588,0.099481,,0,0,1,0.241,38.118,73.1,246.87,,不適用,1.0,0.0,315,inf,250.0,official_prepanel,small,201.0,1,處置中・交易規則另案登錄（DK_s＝1）,未扣成本（成本參考：2.8 折來回約 0.38%、全額約 0.585%）；交易方法狀態未知（全額交割、變更交易方法、停止信用交易的來源未提供）；容量以 s 日 vol20 估計，未模擬開盤競價量與滑價；不可交易，僅觀察,未扣成本·事後欄位以 m_ 標示·非投資建議
HO,2,2023-11-01,2023-11-02,6404,,TPEx,W,W_atr14@3,1,588,0.125552,,0,0,1,-7.021,-8.927,-29.288,61.0,,不適用,1.0,4.0,311,311.0,250.0,fallback_first_close,small,37.0,1,處置中・交易規則另案登錄（DK_s＝1）,未扣成本（成本參考：2.8 折來回約 0.38%、全額約 0.585%）；交易方法狀態未知（全額交割、變更交易方法、停止信用交易的來源未提供）；容量以 s 日 vol20 估計，未模擬開盤競價量與滑價；不可交易，僅觀察,未扣成本·事後欄位以 m_ 標示·非投資建議
HO,2,2023-11-02,2023-11-03,4419,皇家美食,TPEx,W,W_atr14@3,3,599,0.067005,,0,0,1,0.0,-3.653,8.219,21.9,,不適用,0.0,0.0,316,inf,250.0,official_prepanel,small,2.0,0,可交易（DK_s＝0）,未扣成本（成本參考：2.8 折來回約 0.38%、全額約 0.585%）；交易方法狀態未知（全額交割、變更交易方法、停止信用交易的來源未提供）；容量以 s 日 vol20 估計，未模擬開盤競價量與滑價；不可交易，僅觀察,未扣成本·事後欄位以 m_ 標示·非投資建議
HO,2,2023-11-02,2023-11-03,4806,桂田文創,TPEx,W,W_atr14@3,2,599,0.094636,,0,0,1,4.348,51.57,71.498,244.0,,不適用,1.0,0.0,316,inf,250.0,official_prepanel,small,111.0,1,處置中・交易規則另案登錄（DK_s＝1）,未扣成本（成本參考：2.8 折來回約 0.38%、全額約 0.585%）；交易方法狀態未知（全額交割、變更交易方法、停止信用交易的來源未提供）；容量以 s 日 vol20 估計，未模擬開盤競價量與滑價；不可交易，僅觀察,未扣成本·事後欄位以 m_ 標示·非投資建議
HO,2,2023-11-02,2023-11-03,6404,,TPEx,W,W_atr14@3,1,599,0.122592,,0,0,1,0.0,0.221,-29.834,59.67,,不適用,1.0,3.0,312,312.0,250.0,fallback_first_close,small,17.0,1,處置中・交易規則另案登錄（DK_s＝1）,未扣成本（成本參考：2.8 折來回約 0.38%、全額約 0.585%）；交易方法狀態未知（全額交割、變更交易方法、停止信用交易的來源未提供）；容量以 s 日 vol20 估計，未模擬開盤競價量與滑價；不可交易，僅觀察,未扣成本·事後欄位以 m_ 標示·非投資建議
HO,2,2023-11-03,2023-11-06,2321,東訊,TWSE,W,W_atr14@3,3,595,0.069565,,0,0,1,-6.857,-4.0,-8.0,10.1,,不適用,0.0,0.0,317,inf,250.0,official_prepanel,small,18.0,0,可交易（DK_s＝0）,未扣成本（成本參考：2.8 折來回約 0.38%、全額約 0.585%）；交易方法狀態未知（全額交割、變更交易方法、停止信用交易的來源未提供）；容量以 s 日 vol20 估計，未模擬開盤競價量與滑價；不可交易，僅觀察,未扣成本·事後欄位以 m_ 標示·非投資建議
HO,2,2023-11-03,2023-11-06,4806,桂田文創,TPEx,W,W_atr14@3,2,595,0.088459,,1,0,1,9.827,41.618,64.74,236.18,,不適用,1.0,0.0,317,inf,250.0,official_prepanel,small,342.0,0,處置中・交易規則另案登錄（DK_s＝1）,未扣成本（成本參考：2.8 折來回約 0.38%、全額約 0.585%）；交易方法狀態未知（全額交割、變更交易方法、停止信用交易的來源未提供）；容量以 s 日 vol20 估計，未模擬開盤競價量與滑價；不可交易，僅觀察,未扣成本·事後欄位以 m_ 標示·非投資建議
HO,2,2023-11-03,2023-11-06,6404,,TPEx,W,W_atr14@3,1,595,0.114286,,0,0,1,0.0,-5.746,-36.796,57.42,,不適用,1.0,2.0,313,313.0,250.0,fallback_first_close,small,30.0,1,處置中・交易規則另案登錄（DK_s＝1）,未扣成本（成本參考：2.8 折來回約 0.38%、全額約 0.585%）；交易方法狀態未知（全額交割、變更交易方法、停止信用交易的來源未提供）；容量以 s 日 vol20 估計，未模擬開盤競價量與滑價；不可交易，僅觀察,未扣成本·事後欄位以 m_ 標示·非投資建議
HO,2,2023-11-06,2023-11-07,2321,東訊,TWSE,W,W_atr14@3,2,599,0.075592,,0,0,1,-1.227,2.454,2.454,10.7,,不適用,0.0,0.0,318,inf,250.0,official_prepanel,small,6.0,0,可交易（DK_s＝0）,未扣成本（成本參考：2.8 折來回約 0.38%、全額約 0.585%）；交易方法狀態未知（全額交割、變更交易方法、停止信用交易的來源未提供）；容量以 s 日 vol20 估計，未模擬開盤競價量與滑價；不可交易，僅觀察,未扣成本·事後欄位以 m_ 標示·非投資建議
HO,2,2023-11-06,2023-11-07,4419,皇家美食,TPEx,W,W_atr14@3,3,599,0.066607,,0,0,1,1.5,8.0,43.25,24.9,,不適用,0.0,0.0,318,inf,250.0,official_prepanel,small,6.0,0,可交易（DK_s＝0）,未扣成本（成本參考：2.8 折來回約 0.38%、全額約 0.585%）；交易方法狀態未知（全額交割、變更交易方法、停止信用交易的來源未提供）；容量以 s 日 vol20 估計，未模擬開盤競價量與滑價；不可交易，僅觀察,未扣成本·事後欄位以 m_ 標示·非投資建議
HO,2,2023-11-06,2023-11-07,6404,,TPEx,W,W_atr14@3,1,599,0.103157,,0,0,1,0.331,-3.867,-43.094,58.95,,不適用,1.0,1.0,314,314.0,250.0,fallback_first_close,small,15.0,1,處置中・交易規則另案登錄（DK_s＝1）,未扣成本（成本參考：2.8 折來回約 0.38%、全額約 0.585%）；交易方法狀態未知（全額交割、變更交易方法、停止信用交易的來源未提供）；容量以 s 日 vol20 估計，未模擬開盤競價量與滑價；不可交易，僅觀察,未扣成本·事後欄位以 m_ 標示·非投資建議
HO,2,2023-11-07,2023-11-08,2321,東訊,TWSE,W,W_atr14@3,2,586,0.074756,,0,0,1,2.866,8.599,6.688,10.6,,不適用,0.0,0.0,319,inf,250.0,official_prepanel,small,2.0,0,可交易（DK_s＝0）,未扣成本（成本參考：2.8 折來回約 0.38%、全額約 0.585%）；交易方法狀態未知（全額交割、變更交易方法、停止信用交易的來源未提供）；容量以 s 日 vol20 估計，未模擬開盤競價量與滑價；不可交易，僅觀察,未扣成本·事後欄位以 m_ 標示·非投資建議
HO,2,2023-11-07,2023-11-08,4419,皇家美食,TPEx,W,W_atr14@3,3,586,0.065799,,0,0,1,3.686,5.651,54.791,25.05,,不適用,0.0,0.0,319,inf,250.0,official_prepanel,small,20.0,0,可交易（DK_s＝0）,未扣成本（成本參考：2.8 折來回約 0.38%、全額約 0.585%）；交易方法狀態未知（全額交割、變更交易方法、停止信用交易的來源未提供）；容量以 s 日 vol20 估計，未模擬開盤競價量與滑價；不可交易，僅觀察,未扣成本·事後欄位以 m_ 標示·非投資建議
HO,2,2023-11-07,2023-11-08,6404,,TPEx,W,W_atr14@3,1,586,0.09196,,0,0,1,0.0,-13.767,-48.899,56.75,,不適用,1.0,0.0,315,315.0,250.0,fallback_first_close,small,2.0,1,處置中・交易規則另案登錄（DK_s＝1）,未扣成本（成本參考：2.8 折來回約 0.38%、全額約 0.585%）；交易方法狀態未知（全額交割、變更交易方法、停止信用交易的來源未提供）；容量以 s 日 vol20 估計，未模擬開盤競價量與滑價；不可交易，僅觀察,未扣成本·事後欄位以 m_ 標示·非投資建議
HO,2,2023-11-08,2023-11-09,2321,東訊,TWSE,W,W_atr14@3,2,601,0.073419,,0,0,1,3.846,8.333,9.295,10.0,,不適用,0.0,0.0,320,inf,250.0,official_prepanel,small,3.0,0,可交易（DK_s＝0）,未扣成本（成本參考：2.8 折來回約 0.38%、全額約 0.585%）；交易方法狀態未知（全額交割、變更交易方法、停止信用交易的來源未提供）；容量以 s 日 vol20 估計，未模擬開盤競價量與滑價；不可交易，僅觀察,未扣成本·事後欄位以 m_ 標示·非投資建議
HO,2,2023-11-08,2023-11-09,4419,皇家美食,TPEx,W,W_atr14@3,3,601,0.063473,,0,0,1,5.5,18.0,59.25,25.95,,不適用,0.0,0.0,320,inf,250.0,official_prepanel,small,13.0,0,可交易（DK_s＝0）,未扣成本（成本參考：2.8 折來回約 0.38%、全額約 0.585%）；交易方法狀態未知（全額交割、變更交易方法、停止信用交易的來源未提供）；容量以 s 日 vol20 估計，未模擬開盤競價量與滑價；不可交易，僅觀察,未扣成本·事後欄位以 m_ 標示·非投資建議
HO,2,2023-11-08,2023-11-09,6404,,TPEx,W,W_atr14@3,1,601,0.077801,,0,0,1,-0.11,-22.357,,56.8,,不適用,1.0,0.0,316,316.0,250.0,fallback_first_close,small,5.0,1,處置中・交易規則另案登錄（DK_s＝1）,未扣成本（成本參考：2.8 折來回約 0.38%、全額約 0.585%）；交易方法狀態未知（全額交割、變更交易方法、停止信用交易的來源未提供）；容量以 s 日 vol20 估計，未模擬開盤競價量與滑價；不可交易，僅觀察,未扣成本·事後欄位以 m_ 標示·非投資建議
HO,2,2023-11-09,2023-11-10,2254,巨鎧精密-創,TWSE,W,W_atr14@3,1,604,0.104581,,0,0,1,1.951,-8.83,-11.396,155.73,,不適用,0.0,0.0,15,15.0,15.0,official,small,11.0,0,可交易（DK_s＝0）,未扣成本（成本參考：2.8 折來回約 0.38%、全額約 0.585%）；交易方法狀態未知（全額交割、變更交易方法、停止信用交易的來源未提供）；容量以 s 日 vol20 估計，未模擬開盤競價量與滑價；不可交易，僅觀察,未扣成本·事後欄位以 m_ 標示·非投資建議
HO,2,2023-11-09,2023-11-10,2321,東訊,TWSE,W,W_atr14@3,2,604,0.073633,,0,0,1,0.299,-3.881,,9.8,,不適用,0.0,0.0,321,inf,250.0,official_prepanel,small,7.0,0,可交易（DK_s＝0）,未扣成本（成本參考：2.8 折來回約 0.38%、全額約 0.585%）；交易方法狀態未知（全額交割、變更交易方法、停止信用交易的來源未提供）；容量以 s 日 vol20 估計，未模擬開盤競價量與滑價；不可交易，僅觀察,未扣成本·事後欄位以 m_ 標示·非投資建議
HO,2,2023-11-09,2023-11-10,6404,,TPEx,W,W_atr14@3,3,604,0.06694,,0,0,1,-2.847,-27.677,,55.8,,不適用,1.0,0.0,317,317.0,250.0,fallback_first_close,small,27.0,1,處置中・交易規則另案登錄（DK_s＝1）,未扣成本（成本參考：2.8 折來回約 0.38%、全額約 0.585%）；交易方法狀態未知（全額交割、變更交易方法、停止信用交易的來源未提供）；容量以 s 日 vol20 估計，未模擬開盤競價量與滑價；不可交易，僅觀察,未扣成本·事後欄位以 m_ 標示·非投資建議
HO,2,2023-11-10,2023-11-13,2254,巨鎧精密-創,TWSE,W,W_atr14@3,1,594,0.105381,,0,0,1,3.579,2.632,-7.368,146.69,,不適用,0.0,0.0,16,16.0,16.0,official,mid,15.0,0,可交易（DK_s＝0）,未扣成本（成本參考：2.8 折來回約 0.38%、全額約 0.585%）；交易方法狀態未知（全額交割、變更交易方法、停止信用交易的來源未提供）；容量以 s 日 vol20 估計，未模擬開盤競價量與滑價；不可交易，僅觀察,未扣成本·事後欄位以 m_ 標示·非投資建議
HO,2,2023-11-10,2023-11-13,2321,東訊,TWSE,W,W_atr14@3,3,594,0.069728,,0,0,1,-2.339,-5.848,-0.877,9.9,,不適用,0.0,0.0,322,inf,250.0,official_prepanel,small,14.0,0,可交易（DK_s＝0）,未扣成本（成本參考：2.8 折來回約 0.38%、全額約 0.585%）；交易方法狀態未知（全額交割、變更交易方法、停止信用交易的來源未提供）；容量以 s 日 vol20 估計，未模擬開盤競價量與滑價；不可交易，僅觀察,未扣成本·事後欄位以 m_ 標示·非投資建議
HO,2,2023-11-10,2023-11-13,4806,桂田文創,TPEx,W,W_atr14@3,2,594,0.070671,,0,0,1,-2.857,16.327,38.367,274.1,,不適用,0.0,1.0,322,inf,250.0,official_prepanel,small,51.0,0,可交易（DK_s＝0）,未扣成本（成本參考：2.8 折來回約 0.38%、全額約 0.585%）；交易方法狀態未知（全額交割、變更交易方法、停止信用交易的來源未提供）；容量以 s 日 vol20 估計，未模擬開盤競價量與滑價；不可交易，僅觀察,未扣成本·事後欄位以 m_ 標示·非投資建議
HO,2,2023-11-13,2023-11-14,2254,巨鎧精密-創,TWSE,W,W_atr14@3,1,592,0.105401,,0,0,1,-0.81,-1.316,-11.032,138.94,,不適用,0.0,0.0,17,17.0,17.0,official,mid,11.0,0,可交易（DK_s＝0）,未扣成本（成本參考：2.8 折來回約 0.38%、全額約 0.585%）；交易方法狀態未知（全額交割、變更交易方法、停止信用交易的來源未提供）；容量以 s 日 vol20 估計，未模擬開盤競價量與滑價；不可交易，僅觀察,未扣成本·事後欄位以 m_ 標示·非投資建議
HO,2,2023-11-13,2023-11-14,2321,東訊,TWSE,W,W_atr14@3,3,592,0.067793,,0,0,1,0.0,-2.053,-3.226,10.5,,不適用,0.0,0.0,323,inf,250.0,official_prepanel,small,1.0,0,可交易（DK_s＝0）,未扣成本（成本參考：2.8 折來回約 0.38%、全額約 0.585%）；交易方法狀態未知（全額交割、變更交易方法、停止信用交易的來源未提供）；容量以 s 日 vol20 估計，未模擬開盤競價量與滑價；不可交易，僅觀察,未扣成本·事後欄位以 m_ 標示·非投資建議
HO,2,2023-11-13,2023-11-14,4806,桂田文創,TPEx,W,W_atr14@3,2,592,0.069148,,1,0,1,1.953,17.188,25.391,276.5,,不適用,0.0,2.0,323,inf,250.0,official_prepanel,small,243.0,1,可交易（DK_s＝0）,未扣成本（成本參考：2.8 折來回約 0.38%、全額約 0.585%）；交易方法狀態未知（全額交割、變更交易方法、停止信用交易的來源未提供）；容量以 s 日 vol20 估計，未模擬開盤競價量與滑價；不可交易，僅觀察,未扣成本·事後欄位以 m_ 標示·非投資建議
HO,2,2023-11-14,2023-11-15,2254,巨鎧精密-創,TWSE,W,W_atr14@3,1,590,0.079446,,0,0,1,-4.863,-5.775,-8.004,131.83,,不適用,0.0,0.0,18,18.0,18.0,official,mid,41.0,0,可交易（DK_s＝0）,未扣成本（成本參考：2.8 折來回約 0.38%、全額約 0.585%）；交易方法狀態未知（全額交割、變更交易方法、停止信用交易的來源未提供）；容量以 s 日 vol20 估計，未模擬開盤競價量與滑價；不可交易，僅觀察,未扣成本·事後欄位以 m_ 標示·非投資建議
HO,2,2023-11-14,2023-11-15,2321,東訊,TWSE,W,W_atr14@3,3,590,0.067239,,0,0,1,0.0,-0.888,-3.846,10.35,,不適用,0.0,0.0,324,inf,250.0,official_prepanel,small,1.0,0,可交易（DK_s＝0）,未扣成本（成本參考：2.8 折來回約 0.38%、全額約 0.585%）；交易方法狀態未知（全額交割、變更交易方法、停止信用交易的來源未提供）；容量以 s 日 vol20 估計，未模擬開盤競價量與滑價；不可交易，僅觀察,未扣成本·事後欄位以 m_ 標示·非投資建議
HO,2,2023-11-14,2023-11-15,2424,隴華,TWSE,W,W_atr14@3,2,590,0.067944,,0,0,1,-3.343,-3.951,-5.927,54.1,,不適用,0.0,0.0,324,inf,250.0,official_prepanel,small,38.0,0,可交易（DK_s＝0）,未扣成本（成本參考：2.8 折來回約 0.38%、全額約 0.585%）；交易方法狀態未知（全額交割、變更交易方法、停止信用交易的來源未提供）；容量以 s 日 vol20 估計，未模擬開盤競價量與滑價；不可交易，僅觀察,未扣成本·事後欄位以 m_ 標示·非投資建議
HO,2,2023-11-15,2023-11-16,2254,巨鎧精密-創,TWSE,W,W_atr14@3,1,588,0.084969,,0,0,1,-4.823,-7.288,0.107,127.05,,不適用,0.0,0.0,19,19.0,19.0,official,small,27.0,0,可交易（DK_s＝0）,未扣成本（成本參考：2.8 折來回約 0.38%、全額約 0.585%）；交易方法狀態未知（全額交割、變更交易方法、停止信用交易的來源未提供）；容量以 s 日 vol20 估計，未模擬開盤競價量與滑價；不可交易，僅觀察,未扣成本·事後欄位以 m_ 標示·非投資建議
HO,2,2023-11-15,2023-11-16,3085,,TPEx,W,W_atr14@3,2,588,0.073067,,0,0,1,-2.415,-4.541,4.348,7.6,,不適用,0.0,0.0,325,inf,250.0,official_prepanel,small,32.0,0,可交易（DK_s＝0）,未扣成本（成本參考：2.8 折來回約 0.38%、全額約 0.585%）；交易方法狀態未知（全額交割、變更交易方法、停止信用交易的來源未提供）；容量以 s 日 vol20 估計，未模擬開盤競價量與滑價；不可交易，僅觀察,未扣成本·事後欄位以 m_ 標示·非投資建議
HO,2,2023-11-15,2023-11-16,6404,,TPEx,W,W_atr14@3,3,588,0.069909,,0,0,1,0.0,,,85.5,,不適用,0.0,0.0,321,321.0,250.0,fallback_first_close,small,58.0,0,可交易（DK_s＝0）,未扣成本（成本參考：2.8 折來回約 0.38%、全額約 0.585%）；交易方法狀態未知（全額交割、變更交易方法、停止信用交易的來源未提供）；容量以 s 日 vol20 估計，未模擬開盤競價量與滑價；不可交易，僅觀察,未扣成本·事後欄位以 m_ 標示·非投資建議
HO,2,2023-11-16,2023-11-17,2254,巨鎧精密-創,TWSE,W,W_atr14@3,2,580,0.084459,,0,0,1,3.834,-8.094,-1.491,122.05,,不適用,0.0,0.0,20,20.0,20.0,official,small,41.0,0,可交易（DK_s＝0）,未扣成本（成本參考：2.8 折來回約 0.38%、全額約 0.585%）；交易方法狀態未知（全額交割、變更交易方法、停止信用交易的來源未提供）；容量以 s 日 vol20 估計，未模擬開盤競價量與滑價；不可交易，僅觀察,未扣成本·事後欄位以 m_ 標示·非投資建議
HO,2,2023-11-16,2023-11-17,3085,,TPEx,W,W_atr14@3,1,580,0.084866,,0,0,1,3.465,2.475,6.436,8.7,,不適用,0.0,1.0,326,inf,250.0,official_prepanel,small,12.0,0,可交易（DK_s＝0）,未扣成本（成本參考：2.8 折來回約 0.38%、全額約 0.585%）；交易方法狀態未知（全額交割、變更交易方法、停止信用交易的來源未提供）；容量以 s 日 vol20 估計，未模擬開盤競價量與滑價；不可交易，僅觀察,未扣成本·事後欄位以 m_ 標示·非投資建議
HO,2,2023-11-16,2023-11-17,6404,,TPEx,W,W_atr14@3,3,580,0.081215,,0,0,1,0.0,,,87.5,,不適用,0.0,0.0,322,322.0,250.0,fallback_first_close,small,107.0,0,可交易（DK_s＝0）,未扣成本（成本參考：2.8 折來回約 0.38%、全額約 0.585%）；交易方法狀態未知（全額交割、變更交易方法、停止信用交易的來源未提供）；容量以 s 日 vol20 估計，未模擬開盤競價量與滑價；不可交易，僅觀察,未扣成本·事後欄位以 m_ 標示·非投資建議
HO,2,2023-11-17,2023-11-20,2254,巨鎧精密-創,TWSE,W,W_atr14@3,3,574,0.07641,,0,0,1,1.246,-8.619,-3.946,109.35,,不適用,0.0,0.0,21,21.0,21.0,official,small,108.0,0,可交易（DK_s＝0）,未扣成本（成本參考：2.8 折來回約 0.38%、全額約 0.585%）；交易方法狀態未知（全額交割、變更交易方法、停止信用交易的來源未提供）；容量以 s 日 vol20 估計，未模擬開盤競價量與滑價；不可交易，僅觀察,未扣成本·事後欄位以 m_ 標示·非投資建議
HO,2,2023-11-17,2023-11-20,3073,天方能源,TPEx,W,W_atr14@3,2,574,0.080645,,0,0,1,-6.452,-14.355,-11.774,60.71,,不適用,0.0,0.0,327,inf,250.0,official_prepanel,small,51.0,0,可交易（DK_s＝0）,未扣成本（成本參考：2.8 折來回約 0.38%、全額約 0.585%）；交易方法狀態未知（全額交割、變更交易方法、停止信用交易的來源未提供）；容量以 s 日 vol20 估計，未模擬開盤競價量與滑價；不可交易，僅觀察,未扣成本·事後欄位以 m_ 標示·非投資建議
HO,2,2023-11-17,2023-11-20,6404,,TPEx,W,W_atr14@3,1,574,0.091284,,0,0,1,0.0,,,91.75,,不適用,0.0,1.0,323,323.0,250.0,fallback_first_close,small,78.0,0,可交易（DK_s＝0）,未扣成本（成本參考：2.8 折來回約 0.38%、全額約 0.585%）；交易方法狀態未知（全額交割、變更交易方法、停止信用交易的來源未提供）；容量以 s 日 vol20 估計，未模擬開盤競價量與滑價；不可交易，僅觀察,未扣成本·事後欄位以 m_ 標示·非投資建議
HO,2,2023-11-20,2023-11-21,2254,巨鎧精密-創,TWSE,W,W_atr14@3,3,570,0.078022,,0,0,1,-3.627,-8.912,-4.145,108.7,,不適用,0.0,0.0,22,22.0,22.0,official,mid,43.0,0,可交易（DK_s＝0）,未扣成本（成本參考：2.8 折來回約 0.38%、全額約 0.585%）；交易方法狀態未知（全額交割、變更交易方法、停止信用交易的來源未提供）；容量以 s 日 vol20 估計，未模擬開盤競價量與滑價；不可交易，僅觀察,未扣成本·事後欄位以 m_ 標示·非投資建議
HO,2,2023-11-20,2023-11-21,3073,天方能源,TPEx,W,W_atr14@3,2,570,0.090805,,0,0,1,-6.75,-5.684,-3.908,63.65,,不適用,0.0,0.0,328,inf,250.0,official_prepanel,small,152.0,0,可交易（DK_s＝0）,未扣成本（成本參考：2.8 折來回約 0.38%、全額約 0.585%）；交易方法狀態未知（全額交割、變更交易方法、停止信用交易的來源未提供）；容量以 s 日 vol20 估計，未模擬開盤競價量與滑價；不可交易，僅觀察,未扣成本·事後欄位以 m_ 標示·非投資建議
HO,2,2023-11-20,2023-11-21,6404,,TPEx,W,W_atr14@3,1,570,0.098197,,0,0,1,0.0,,,94.85,,不適用,0.0,2.0,324,324.0,250.0,fallback_first_close,small,47.0,1,可交易（DK_s＝0）,未扣成本（成本參考：2.8 折來回約 0.38%、全額約 0.585%）；交易方法狀態未知（全額交割、變更交易方法、停止信用交易的來源未提供）；容量以 s 日 vol20 估計，未模擬開盤競價量與滑價；不可交易，僅觀察,未扣成本·事後欄位以 m_ 標示·非投資建議
HO,2,2023-11-21,2023-11-22,2254,巨鎧精密-創,TWSE,W,W_atr14@3,3,567,0.077803,,0,0,1,-4.42,0.331,4.42,104.5,,不適用,0.0,0.0,23,23.0,23.0,official,small,74.0,0,可交易（DK_s＝0）,未扣成本（成本參考：2.8 折來回約 0.38%、全額約 0.585%）；交易方法狀態未知（全額交割、變更交易方法、停止信用交易的來源未提供）；容量以 s 日 vol20 估計，未模擬開盤競價量與滑價；不可交易，僅觀察,未扣成本·事後欄位以 m_ 標示·非投資建議
HO,2,2023-11-21,2023-11-22,3073,天方能源,TPEx,W,W_atr14@3,2,567,0.100659,,0,0,1,-2.29,3.053,2.29,68.56,,不適用,0.0,0.0,329,inf,250.0,official_prepanel,small,72.0,0,可交易（DK_s＝0）,未扣成本（成本參考：2.8 折來回約 0.38%、全額約 0.585%）；交易方法狀態未知（全額交割、變更交易方法、停止信用交易的來源未提供）；容量以 s 日 vol20 估計，未模擬開盤競價量與滑價；不可交易，僅觀察,未扣成本·事後欄位以 m_ 標示·非投資建議
HO,2,2023-11-21,2023-11-22,6404,,TPEx,W,W_atr14@3,1,567,0.107913,,0,0,0,,,,96.05,,不適用,1.0,3.0,325,325.0,250.0,fallback_first_close,small,,1,處置中・交易規則另案登錄（DK_s＝1）,未扣成本（成本參考：2.8 折來回約 0.38%、全額約 0.585%）；交易方法狀態未知（全額交割、變更交易方法、停止信用交易的來源未提供）；容量以 s 日 vol20 估計，未模擬開盤競價量與滑價；不可交易，僅觀察,未扣成本·事後欄位以 m_ 標示·非投資建議
HO,2,2023-11-22,2023-11-23,2254,巨鎧精密-創,TWSE,W,W_atr14@3,2,565,0.082659,,0,0,1,1.769,10.142,4.717,91.9,,不適用,0.0,0.0,24,24.0,24.0,official,small,7.0,0,可交易（DK_s＝0）,未扣成本（成本參考：2.8 折來回約 0.38%、全額約 0.585%）；交易方法狀態未知（全額交割、變更交易方法、停止信用交易的來源未提供）；容量以 s 日 vol20 估計，未模擬開盤競價量與滑價；不可交易，僅觀察,未扣成本·事後欄位以 m_ 標示·非投資建議
HO,2,2023-11-22,2023-11-23,3073,天方能源,TPEx,W,W_atr14@3,1,565,0.099008,,0,0,1,3.846,5.192,3.077,71.5,,不適用,0.0,0.0,330,inf,250.0,official_prepanel,small,147.0,0,可交易（DK_s＝0）,未扣成本（成本參考：2.8 折來回約 0.38%、全額約 0.585%）；交易方法狀態未知（全額交割、變更交易方法、停止信用交易的來源未提供）；容量以 s 日 vol20 估計，未模擬開盤競價量與滑價；不可交易，僅觀察,未扣成本·事後欄位以 m_ 標示·非投資建議
HO,2,2023-11-22,2023-11-23,3085,,TPEx,W,W_atr14@3,3,565,0.078514,,0,0,1,1.97,6.404,13.793,18.9,,不適用,1.0,4.0,330,inf,250.0,official_prepanel,small,104.0,1,處置中・交易規則另案登錄（DK_s＝1）,未扣成本（成本參考：2.8 折來回約 0.38%、全額約 0.585%）；交易方法狀態未知（全額交割、變更交易方法、停止信用交易的來源未提供）；容量以 s 日 vol20 估計，未模擬開盤競價量與滑價；不可交易，僅觀察,未扣成本·事後欄位以 m_ 標示·非投資建議
HO,2,2023-11-23,2023-11-24,2254,巨鎧精密-創,TWSE,W,W_atr14@3,3,545,0.079705,,0,0,1,5.012,10.382,9.547,69.75,,不適用,0.0,0.0,25,25.0,25.0,official,small,112.0,0,可交易（DK_s＝0）,未扣成本（成本參考：2.8 折來回約 0.38%、全額約 0.585%）；交易方法狀態未知（全額交割、變更交易方法、停止信用交易的來源未提供）；容量以 s 日 vol20 估計，未模擬開盤競價量與滑價；不可交易，僅觀察,未扣成本·事後欄位以 m_ 標示·非投資建議
HO,2,2023-11-23,2023-11-24,3073,天方能源,TPEx,W,W_atr14@3,1,545,0.097578,,0,0,1,0.0,1.507,0.942,79.5,,不適用,0.0,0.0,331,inf,250.0,official_prepanel,small,20.0,0,可交易（DK_s＝0）,未扣成本（成本參考：2.8 折來回約 0.38%、全額約 0.585%）；交易方法狀態未知（全額交割、變更交易方法、停止信用交易的來源未提供）；容量以 s 日 vol20 估計，未模擬開盤競價量與滑價；不可交易，僅觀察,未扣成本·事後欄位以 m_ 標示·非投資建議
HO,2,2023-11-23,2023-11-24,3085,,TPEx,W,W_atr14@3,2,545,0.080952,,0,0,1,8.806,8.806,19.433,24.05,,不適用,1.0,3.0,331,inf,250.0,official_prepanel,small,37.0,1,處置中・交易規則另案登錄（DK_s＝1）,未扣成本（成本參考：2.8 折來回約 0.38%、全額約 0.585%）；交易方法狀態未知（全額交割、變更交易方法、停止信用交易的來源未提供）；容量以 s 日 vol20 估計，未模擬開盤競價量與滑價；不可交易，僅觀察,未扣成本·事後欄位以 m_ 標示·非投資建議
HO,2,2023-11-24,2023-11-27,2254,巨鎧精密-創,TWSE,W,W_atr14@3,2,537,0.077516,,0,0,1,1.972,7.309,4.292,68.65,,不適用,0.0,0.0,26,26.0,26.0,official,small,10.0,0,可交易（DK_s＝0）,未扣成本（成本參考：2.8 折來回約 0.38%、全額約 0.585%）；交易方法狀態未知（全額交割、變更交易方法、停止信用交易的來源未提供）；容量以 s 日 vol20 估計，未模擬開盤競價量與滑價；不可交易，僅觀察,未扣成本·事後欄位以 m_ 標示·非投資建議
HO,2,2023-11-24,2023-11-27,3073,天方能源,TPEx,W,W_atr14@3,1,537,0.093489,,0,0,1,2.115,5.192,2.692,80.5,,不適用,0.0,0.0,332,inf,250.0,official_prepanel,small,41.0,0,可交易（DK_s＝0）,未扣成本（成本參考：2.8 折來回約 0.38%、全額約 0.585%）；交易方法狀態未知（全額交割、變更交易方法、停止信用交易的來源未提供）；容量以 s 日 vol20 估計，未模擬開盤競價量與滑價；不可交易，僅觀察,未扣成本·事後欄位以 m_ 標示·非投資建議
HO,2,2023-11-24,2023-11-27,3085,,TPEx,W,W_atr14@3,3,537,0.075415,,0,0,1,-3.509,0.877,-0.877,25.85,,不適用,1.0,2.0,332,inf,250.0,official_prepanel,small,44.0,1,處置中・交易規則另案登錄（DK_s＝1）,未扣成本（成本參考：2.8 折來回約 0.38%、全額約 0.585%）；交易方法狀態未知（全額交割、變更交易方法、停止信用交易的來源未提供）；容量以 s 日 vol20 估計，未模擬開盤競價量與滑價；不可交易，僅觀察,未扣成本·事後欄位以 m_ 標示·非投資建議
HO,2,2023-11-27,2023-11-28,2254,巨鎧精密-創,TWSE,W,W_atr14@3,3,533,0.07606,,0,0,1,3.417,5.353,-2.164,63.25,,不適用,0.0,0.0,27,27.0,27.0,official,small,34.0,0,可交易（DK_s＝0）,未扣成本（成本參考：2.8 折來回約 0.38%、全額約 0.585%）；交易方法狀態未知（全額交割、變更交易方法、停止信用交易的來源未提供）；容量以 s 日 vol20 估計，未模擬開盤競價量與滑價；不可交易，僅觀察,未扣成本·事後欄位以 m_ 標示·非投資建議
HO,2,2023-11-27,2023-11-28,3073,天方能源,TPEx,W,W_atr14@3,1,533,0.094162,,0,0,1,0.0,0.185,0.37,82.61,,不適用,0.0,0.0,333,inf,250.0,official_prepanel,small,32.0,0,可交易（DK_s＝0）,未扣成本（成本參考：2.8 折來回約 0.38%、全額約 0.585%）；交易方法狀態未知（全額交割、變更交易方法、停止信用交易的來源未提供）；容量以 s 日 vol20 估計，未模擬開盤競價量與滑價；不可交易，僅觀察,未扣成本·事後欄位以 m_ 標示·非投資建議
HO,2,2023-11-27,2023-11-28,3085,,TPEx,W,W_atr14@3,2,533,0.078896,,0,0,1,-0.461,13.825,4.147,27.85,,不適用,1.0,1.0,333,inf,250.0,official_prepanel,small,13.0,1,處置中・交易規則另案登錄（DK_s＝1）,未扣成本（成本參考：2.8 折來回約 0.38%、全額約 0.585%）；交易方法狀態未知（全額交割、變更交易方法、停止信用交易的來源未提供）；容量以 s 日 vol20 估計，未模擬開盤競價量與滑價；不可交易，僅觀察,未扣成本·事後欄位以 m_ 標示·非投資建議
HO,2,2023-11-28,2023-11-29,3073,天方能源,TPEx,W,W_atr14@3,1,539,0.087963,,0,0,1,1.673,-0.372,2.974,84.33,,不適用,0.0,0.0,334,inf,250.0,official_prepanel,small,37.0,0,可交易（DK_s＝0）,未扣成本（成本參考：2.8 折來回約 0.38%、全額約 0.585%）；交易方法狀態未知（全額交割、變更交易方法、停止信用交易的來源未提供）；容量以 s 日 vol20 估計，未模擬開盤競價量與滑價；不可交易，僅觀察,未扣成本·事後欄位以 m_ 標示·非投資建議
HO,2,2023-11-28,2023-11-29,3085,,TPEx,W,W_atr14@3,2,539,0.078373,,0,0,1,0.465,14.884,6.512,28.35,,不適用,1.0,0.0,334,inf,250.0,official_prepanel,small,29.0,1,處置中・交易規則另案登錄（DK_s＝1）,未扣成本（成本參考：2.8 折來回約 0.38%、全額約 0.585%）；交易方法狀態未知（全額交割、變更交易方法、停止信用交易的來源未提供）；容量以 s 日 vol20 估計，未模擬開盤競價量與滑價；不可交易，僅觀察,未扣成本·事後欄位以 m_ 標示·非投資建議
HO,2,2023-11-28,2023-11-29,6933,AMAX-KY,TWSE,W,W_atr14@3,3,539,0.077425,,0,0,1,-4.283,8.566,15.829,949.0,,不適用,0.0,2.0,15,15.0,15.0,official,mid,666.0,0,可交易（DK_s＝0）,未扣成本（成本參考：2.8 折來回約 0.38%、全額約 0.585%）；交易方法狀態未知（全額交割、變更交易方法、停止信用交易的來源未提供）；容量以 s 日 vol20 估計，未模擬開盤競價量與滑價；不可交易，僅觀察,未扣成本·事後欄位以 m_ 標示·非投資建議
HO,2,2023-11-29,2023-11-30,3073,天方能源,TPEx,W,W_atr14@3,1,538,0.082397,,0,0,1,-0.737,-1.289,-0.368,81.84,,不適用,0.0,0.0,335,inf,250.0,official_prepanel,small,64.0,0,可交易（DK_s＝0）,未扣成本（成本參考：2.8 折來回約 0.38%、全額約 0.585%）；交易方法狀態未知（全額交割、變更交易方法、停止信用交易的來源未提供）；容量以 s 日 vol20 估計，未模擬開盤競價量與滑價；不可交易，僅觀察,未扣成本·事後欄位以 m_ 標示·非投資建議
HO,2,2023-11-29,2023-11-30,3085,,TPEx,W,W_atr14@3,2,538,0.082341,,0,0,1,2.871,10.526,10.526,29.6,,不適用,1.0,0.0,335,inf,250.0,official_prepanel,small,5.0,1,處置中・交易規則另案登錄（DK_s＝1）,未扣成本（成本參考：2.8 折來回約 0.38%、全額約 0.585%）；交易方法狀態未知（全額交割、變更交易方法、停止信用交易的來源未提供）；容量以 s 日 vol20 估計，未模擬開盤競價量與滑價；不可交易，僅觀察,未扣成本·事後欄位以 m_ 標示·非投資建議
HO,2,2023-11-29,2023-11-30,3629,地心引力,TPEx,W,W_atr14@3,3,538,0.079589,,0,0,1,2.094,-2.88,-5.89,12.06,,不適用,0.0,0.0,335,inf,250.0,official_prepanel,small,9.0,0,可交易（DK_s＝0）,未扣成本（成本參考：2.8 折來回約 0.38%、全額約 0.585%）；交易方法狀態未知（全額交割、變更交易方法、停止信用交易的來源未提供）；容量以 s 日 vol20 估計，未模擬開盤競價量與滑價；不可交易，僅觀察,未扣成本·事後欄位以 m_ 標示·非投資建議
HO,2,2023-11-30,2023-12-01,2443,,TWSE,W,W_atr14@3,1,523,0.079221,,0,0,1,-4.727,-2.545,18.182,325.65,,不適用,0.0,0.0,336,inf,250.0,fallback_prepanel,small,310.0,0,可交易（DK_s＝0）,未扣成本（成本參考：2.8 折來回約 0.38%、全額約 0.585%）；交易方法狀態未知（全額交割、變更交易方法、停止信用交易的來源未提供）；容量以 s 日 vol20 估計，未模擬開盤競價量與滑價；不可交易，僅觀察,未扣成本·事後欄位以 m_ 標示·非投資建議
HO,2,2023-11-30,2023-12-01,3073,天方能源,TPEx,W,W_atr14@3,2,523,0.07885,,0,0,1,0.923,-1.107,0.185,83.84,,不適用,0.0,0.0,336,inf,250.0,official_prepanel,small,27.0,0,可交易（DK_s＝0）,未扣成本（成本參考：2.8 折來回約 0.38%、全額約 0.585%）；交易方法狀態未知（全額交割、變更交易方法、停止信用交易的來源未提供）；容量以 s 日 vol20 估計，未模擬開盤競價量與滑價；不可交易，僅觀察,未扣成本·事後欄位以 m_ 標示·非投資建議
HO,2,2023-11-30,2023-12-01,3629,地心引力,TPEx,W,W_atr14@3,3,523,0.077198,,0,0,1,-5.23,-12.578,-5.479,11.89,,不適用,0.0,0.0,336,inf,250.0,official_prepanel,small,5.0,0,可交易（DK_s＝0）,未扣成本（成本參考：2.8 折來回約 0.38%、全額約 0.585%）；交易方法狀態未知（全額交割、變更交易方法、停止信用交易的來源未提供）；容量以 s 日 vol20 估計，未模擬開盤競價量與滑價；不可交易，僅觀察,未扣成本·事後欄位以 m_ 標示·非投資建議
HO,2,2023-12-01,2023-12-04,2443,,TWSE,W,W_atr14@3,1,512,0.084242,,0,0,1,3.817,4.198,24.427,332.3,,不適用,0.0,0.0,337,inf,250.0,fallback_prepanel,small,203.0,0,可交易（DK_s＝0）,未扣成本（成本參考：2.8 折來回約 0.38%、全額約 0.585%）；交易方法狀態未知（全額交割、變更交易方法、停止信用交易的來源未提供）；容量以 s 日 vol20 估計，未模擬開盤競價量與滑價；不可交易，僅觀察,未扣成本·事後欄位以 m_ 標示·非投資建議
HO,2,2023-12-01,2023-12-04,3629,地心引力,TPEx,W,W_atr14@3,2,512,0.079595,,0,0,1,-5.492,-9.323,-7.024,11.78,,不適用,0.0,0.0,337,inf,250.0,official_prepanel,small,18.0,0,可交易（DK_s＝0）,未扣成本（成本參考：2.8 折來回約 0.38%、全額約 0.585%）；交易方法狀態未知（全額交割、變更交易方法、停止信用交易的來源未提供）；容量以 s 日 vol20 估計，未模擬開盤競價量與滑價；不可交易，僅觀察,未扣成本·事後欄位以 m_ 標示·非投資建議
HO,2,2023-12-01,2023-12-04,8077,洛碁,TPEx,W,W_atr14@3,3,512,0.073632,,0,0,1,0.106,6.695,2.976,19.22,,不適用,0.0,0.0,337,inf,250.0,official_prepanel,small,5.0,0,可交易（DK_s＝0）,未扣成本（成本參考：2.8 折來回約 0.38%、全額約 0.585%）；交易方法狀態未知（全額交割、變更交易方法、停止信用交易的來源未提供）；容量以 s 日 vol20 估計，未模擬開盤競價量與滑價；不可交易，僅觀察,未扣成本·事後欄位以 m_ 標示·非投資建議
HO,2,2023-12-04,2023-12-05,2443,,TWSE,W,W_atr14@3,2,504,0.08167,,0,0,1,-6.338,5.634,14.789,334.45,,不適用,0.0,0.0,338,inf,250.0,fallback_prepanel,small,121.0,0,可交易（DK_s＝0）,未扣成本（成本參考：2.8 折來回約 0.38%、全額約 0.585%）；交易方法狀態未知（全額交割、變更交易方法、停止信用交易的來源未提供）；容量以 s 日 vol20 估計，未模擬開盤競價量與滑價；不可交易，僅觀察,未扣成本·事後欄位以 m_ 標示·非投資建議
HO,2,2023-12-04,2023-12-05,3629,地心引力,TPEx,W,W_atr14@3,1,504,0.089286,,0,0,1,4.558,6.268,6.553,12.11,,不適用,0.0,0.0,338,inf,250.0,official_prepanel,small,4.0,0,可交易（DK_s＝0）,未扣成本（成本參考：2.8 折來回約 0.38%、全額約 0.585%）；交易方法狀態未知（全額交割、變更交易方法、停止信用交易的來源未提供）；容量以 s 日 vol20 估計，未模擬開盤競價量與滑價；不可交易，僅觀察,未扣成本·事後欄位以 m_ 標示·非投資建議
HO,2,2023-12-04,2023-12-05,8077,洛碁,TPEx,W,W_atr14@3,3,504,0.076736,,0,0,1,-3.756,,1.421,19.0,,不適用,0.0,0.0,338,inf,250.0,official_prepanel,small,5.0,0,可交易（DK_s＝0）,未扣成本（成本參考：2.8 折來回約 0.38%、全額約 0.585%）；交易方法狀態未知（全額交割、變更交易方法、停止信用交易的來源未提供）；容量以 s 日 vol20 估計，未模擬開盤競價量與滑價；不可交易，僅觀察,未扣成本·事後欄位以 m_ 標示·非投資建議
HO,2,2023-12-05,2023-12-06,2443,,TWSE,W,W_atr14@3,2,488,0.085392,,0,0,1,2.632,24.06,17.669,331.8,,不適用,0.0,0.0,339,inf,250.0,fallback_prepanel,small,261.0,0,可交易（DK_s＝0）,未扣成本（成本參考：2.8 折來回約 0.38%、全額約 0.585%）；交易方法狀態未知（全額交割、變更交易方法、停止信用交易的來源未提供）；容量以 s 日 vol20 估計，未模擬開盤競價量與滑價；不可交易，僅觀察,未扣成本·事後欄位以 m_ 標示·非投資建議
HO,2,2023-12-05,2023-12-06,3629,地心引力,TPEx,W,W_atr14@3,1,488,0.088459,,0,0,1,-1.461,1.992,2.258,12.0,,不適用,0.0,0.0,339,inf,250.0,official_prepanel,small,5.0,0,可交易（DK_s＝0）,未扣成本（成本參考：2.8 折來回約 0.38%、全額約 0.585%）；交易方法狀態未知（全額交割、變更交易方法、停止信用交易的來源未提供）；容量以 s 日 vol20 估計，未模擬開盤競價量與滑價；不可交易，僅觀察,未扣成本·事後欄位以 m_ 標示·非投資建議
HO,2,2023-12-05,2023-12-06,6933,AMAX-KY,TWSE,W,W_atr14@3,3,488,0.074859,,0,0,1,2.542,5.424,-0.508,922.85,,不適用,0.0,0.0,20,20.0,20.0,official,mid,475.0,0,可交易（DK_s＝0）,未扣成本（成本參考：2.8 折來回約 0.38%、全額約 0.585%）；交易方法狀態未知（全額交割、變更交易方法、停止信用交易的來源未提供）；容量以 s 日 vol20 估計，未模擬開盤競價量與滑價；不可交易，僅觀察,未扣成本·事後欄位以 m_ 標示·非投資建議
HO,2,2023-12-06,2023-12-07,2443,,TWSE,W,W_atr14@3,2,491,0.078493,,0,0,1,1.515,20.076,30.303,340.5,,不適用,0.0,0.0,340,inf,250.0,fallback_prepanel,small,234.0,0,可交易（DK_s＝0）,未扣成本（成本參考：2.8 折來回約 0.38%、全額約 0.585%）；交易方法狀態未知（全額交割、變更交易方法、停止信用交易的來源未提供）；容量以 s 日 vol20 估計，未模擬開盤競價量與滑價；不可交易，僅觀察,未扣成本·事後欄位以 m_ 標示·非投資建議
HO,2,2023-12-06,2023-12-07,3629,地心引力,TPEx,W,W_atr14@3,1,491,0.082692,,0,0,1,1.592,4.052,,11.89,,不適用,0.0,0.0,340,inf,250.0,official_prepanel,small,8.0,0,可交易（DK_s＝0）,未扣成本（成本參考：2.8 折來回約 0.38%、全額約 0.585%）；交易方法狀態未知（全額交割、變更交易方法、停止信用交易的來源未提供）；容量以 s 日 vol20 估計，未模擬開盤競價量與滑價；不可交易，僅觀察,未扣成本·事後欄位以 m_ 標示·非投資建議
HO,2,2023-12-06,2023-12-07,6933,AMAX-KY,TWSE,W,W_atr14@3,3,491,0.070956,,0,0,1,-0.831,-1.329,-1.827,829.6,,不適用,0.0,0.0,21,21.0,21.0,official,mid,300.0,0,可交易（DK_s＝0）,未扣成本（成本參考：2.8 折來回約 0.38%、全額約 0.585%）；交易方法狀態未知（全額交割、變更交易方法、停止信用交易的來源未提供）；容量以 s 日 vol20 估計，未模擬開盤競價量與滑價；不可交易，僅觀察,未扣成本·事後欄位以 m_ 標示·非投資建議
HO,2,2023-12-07,2023-12-08,2443,,TWSE,W,W_atr14@3,2,483,0.076493,,0,0,1,1.866,21.269,41.045,347.2,,不適用,0.0,0.0,341,inf,250.0,fallback_prepanel,small,638.0,0,可交易（DK_s＝0）,未扣成本（成本參考：2.8 折來回約 0.38%、全額約 0.585%）；交易方法狀態未知（全額交割、變更交易方法、停止信用交易的來源未提供）；容量以 s 日 vol20 估計，未模擬開盤競價量與滑價；不可交易，僅觀察,未扣成本·事後欄位以 m_ 標示·非投資建議
HO,2,2023-12-07,2023-12-08,3085,,TPEx,W,W_atr14@3,3,483,0.070521,,0,0,1,-0.877,2.193,1.316,38.6,,不適用,0.0,0.0,341,inf,250.0,official_prepanel,small,35.0,0,可交易（DK_s＝0）,未扣成本（成本參考：2.8 折來回約 0.38%、全額約 0.585%）；交易方法狀態未知（全額交割、變更交易方法、停止信用交易的來源未提供）；容量以 s 日 vol20 估計，未模擬開盤競價量與滑價；不可交易，僅觀察,未扣成本·事後欄位以 m_ 標示·非投資建議
HO,2,2023-12-07,2023-12-08,3629,地心引力,TPEx,W,W_atr14@3,1,483,0.085165,,0,0,1,6.607,13.964,,11.7,,不適用,0.0,0.0,341,inf,250.0,official_prepanel,small,9.0,0,可交易（DK_s＝0）,未扣成本（成本參考：2.8 折來回約 0.38%、全額約 0.585%）；交易方法狀態未知（全額交割、變更交易方法、停止信用交易的來源未提供）；容量以 s 日 vol20 估計，未模擬開盤競價量與滑價；不可交易，僅觀察,未扣成本·事後欄位以 m_ 標示·非投資建議
HO,2,2023-12-08,2023-12-11,3085,,TPEx,W,W_atr14@3,2,485,0.076296,,0,0,1,0.0,1.327,0.0,40.25,,不適用,0.0,0.0,342,inf,250.0,official_prepanel,small,11.0,0,可交易（DK_s＝0）,未扣成本（成本參考：2.8 折來回約 0.38%、全額約 0.585%）；交易方法狀態未知（全額交割、變更交易方法、停止信用交易的來源未提供）；容量以 s 日 vol20 估計，未模擬開盤競價量與滑價；不可交易，僅觀察,未扣成本·事後欄位以 m_ 標示·非投資建議
HO,2,2023-12-08,2023-12-11,3629,地心引力,TPEx,W,W_atr14@3,1,485,0.082596,,0,0,1,2.192,-0.274,5.89,11.8,,不適用,0.0,0.0,342,inf,250.0,official_prepanel,small,2.0,0,可交易（DK_s＝0）,未扣成本（成本參考：2.8 折來回約 0.38%、全額約 0.585%）；交易方法狀態未知（全額交割、變更交易方法、停止信用交易的來源未提供）；容量以 s 日 vol20 估計，未模擬開盤競價量與滑價；不可交易，僅觀察,未扣成本·事後欄位以 m_ 標示·非投資建議
HO,2,2023-12-08,2023-12-11,6933,AMAX-KY,TWSE,W,W_atr14@3,3,485,0.065637,,0,0,1,9.596,-0.673,-1.347,735.4,,不適用,0.0,0.0,23,23.0,23.0,official,mid,1054.0,0,可交易（DK_s＝0）,未扣成本（成本參考：2.8 折來回約 0.38%、全額約 0.585%）；交易方法狀態未知（全額交割、變更交易方法、停止信用交易的來源未提供）；容量以 s 日 vol20 估計，未模擬開盤競價量與滑價；不可交易，僅觀察,未扣成本·事後欄位以 m_ 標示·非投資建議
HO,2,2023-12-11,2023-12-12,3085,,TPEx,W,W_atr14@3,3,471,0.070101,,0,0,1,0.881,1.322,2.643,39.0,,不適用,0.0,0.0,343,inf,250.0,official_prepanel,small,27.0,0,可交易（DK_s＝0）,未扣成本（成本參考：2.8 折來回約 0.38%、全額約 0.585%）；交易方法狀態未知（全額交割、變更交易方法、停止信用交易的來源未提供）；容量以 s 日 vol20 估計，未模擬開盤競價量與滑價；不可交易，僅觀察,未扣成本·事後欄位以 m_ 標示·非投資建議
HO,2,2023-12-11,2023-12-12,3629,地心引力,TPEx,W,W_atr14@3,2,471,0.07478,,0,0,1,0.0,-2.604,,11.6,,不適用,0.0,0.0,343,inf,250.0,official_prepanel,small,2.0,0,可交易（DK_s＝0）,未扣成本（成本參考：2.8 折來回約 0.38%、全額約 0.585%）；交易方法狀態未知（全額交割、變更交易方法、停止信用交易的來源未提供）；容量以 s 日 vol20 估計，未模擬開盤競價量與滑價；不可交易，僅觀察,未扣成本·事後欄位以 m_ 標示·非投資建議
HO,2,2023-12-11,2023-12-12,5292,華懋,TWSE,W,W_atr14@3,1,471,0.076589,,0,0,1,-1.521,-5.703,-7.985,1389.0,,不適用,0.0,0.0,15,15.0,15.0,official,small,327.0,0,可交易（DK_s＝0）,未扣成本（成本參考：2.8 折來回約 0.38%、全額約 0.585%）；交易方法狀態未知（全額交割、變更交易方法、停止信用交易的來源未提供）；容量以 s 日 vol20 估計，未模擬開盤競價量與滑價；不可交易，僅觀察,未扣成本·事後欄位以 m_ 標示·非投資建議
HO,2,2023-12-12,2023-12-13,3629,地心引力,TPEx,W,W_atr14@3,3,478,0.069475,,0,0,1,-7.345,-0.773,-10.696,11.35,,不適用,0.0,0.0,344,inf,250.0,official_prepanel,small,12.0,0,可交易（DK_s＝0）,未扣成本（成本參考：2.8 折來回約 0.38%、全額約 0.585%）；交易方法狀態未知（全額交割、變更交易方法、停止信用交易的來源未提供）；容量以 s 日 vol20 估計，未模擬開盤競價量與滑價；不可交易，僅觀察,未扣成本·事後欄位以 m_ 標示·非投資建議
HO,2,2023-12-12,2023-12-13,5292,華懋,TWSE,W,W_atr14@3,2,478,0.069498,,0,0,1,-0.386,-5.019,-6.564,1322.62,,不適用,0.0,0.0,16,16.0,16.0,official,small,294.0,0,可交易（DK_s＝0）,未扣成本（成本參考：2.8 折來回約 0.38%、全額約 0.585%）；交易方法狀態未知（全額交割、變更交易方法、停止信用交易的來源未提供）；容量以 s 日 vol20 估計，未模擬開盤競價量與滑價；不可交易，僅觀察,未扣成本·事後欄位以 m_ 標示·非投資建議
HO,2,2023-12-12,2023-12-13,6287,,TPEx,W,W_atr14@3,1,478,0.07243,,0,0,0,,,,22.12,,不適用,0.0,1.0,344,inf,250.0,fallback_prepanel,small,,0,可交易（DK_s＝0）,未扣成本（成本參考：2.8 折來回約 0.38%、全額約 0.585%）；交易方法狀態未知（全額交割、變更交易方法、停止信用交易的來源未提供）；容量以 s 日 vol20 估計，未模擬開盤競價量與滑價；不可交易，僅觀察,未扣成本·事後欄位以 m_ 標示·非投資建議
HO,2,2023-12-13,2023-12-14,3629,地心引力,TPEx,W,W_atr14@3,1,479,0.075204,,0,0,1,2.706,,-14.208,11.25,,不適用,0.0,0.0,345,inf,250.0,official_prepanel,small,8.0,0,可交易（DK_s＝0）,未扣成本（成本參考：2.8 折來回約 0.38%、全額約 0.585%）；交易方法狀態未知（全額交割、變更交易方法、停止信用交易的來源未提供）；容量以 s 日 vol20 估計，未模擬開盤競價量與滑價；不可交易，僅觀察,未扣成本·事後欄位以 m_ 標示·非投資建議
HO,2,2023-12-13,2023-12-14,6225,天瀚,TWSE,W,W_atr14@3,3,479,0.066851,,0,0,1,-4.545,-3.788,-4.167,28.85,,不適用,0.0,0.0,345,inf,250.0,official_prepanel,small,34.0,0,可交易（DK_s＝0）,未扣成本（成本參考：2.8 折來回約 0.38%、全額約 0.585%）；交易方法狀態未知（全額交割、變更交易方法、停止信用交易的來源未提供）；容量以 s 日 vol20 估計，未模擬開盤競價量與滑價；不可交易，僅觀察,未扣成本·事後欄位以 m_ 標示·非投資建議
HO,2,2023-12-13,2023-12-14,6933,AMAX-KY,TWSE,W,W_atr14@3,2,479,0.068182,,0,0,1,-0.334,-1.171,-4.348,750.05,,不適用,0.0,0.0,26,26.0,26.0,official,mid,313.0,0,可交易（DK_s＝0）,未扣成本（成本參考：2.8 折來回約 0.38%、全額約 0.585%）；交易方法狀態未知（全額交割、變更交易方法、停止信用交易的來源未提供）；容量以 s 日 vol20 估計，未模擬開盤競價量與滑價；不可交易，僅觀察,未扣成本·事後欄位以 m_ 標示·非投資建議
HO,2,2023-12-14,2023-12-15,3629,地心引力,TPEx,W,W_atr14@3,2,479,0.072558,,0,0,1,3.556,,-4.836,10.55,,不適用,0.0,0.0,346,inf,250.0,official_prepanel,small,11.0,0,可交易（DK_s＝0）,未扣成本（成本參考：2.8 折來回約 0.38%、全額約 0.585%）；交易方法狀態未知（全額交割、變更交易方法、停止信用交易的來源未提供）；容量以 s 日 vol20 估計，未模擬開盤競價量與滑價；不可交易，僅觀察,未扣成本·事後欄位以 m_ 標示·非投資建議
HO,2,2023-12-14,2023-12-15,5314,世紀*,TPEx,W,W_atr14@3,1,479,0.07746,,0,0,1,5.691,34.146,24.878,254.0,,不適用,0.0,0.0,346,inf,250.0,official_prepanel,small,1289.0,0,可交易（DK_s＝0）,未扣成本（成本參考：2.8 折來回約 0.38%、全額約 0.585%）；交易方法狀態未知（全額交割、變更交易方法、停止信用交易的來源未提供）；容量以 s 日 vol20 估計，未模擬開盤競價量與滑價；不可交易，僅觀察,未扣成本·事後欄位以 m_ 標示·非投資建議
HO,2,2023-12-14,2023-12-15,6225,天瀚,TWSE,W,W_atr14@3,3,479,0.072279,,0,0,1,0.398,3.586,3.187,30.4,,不適用,0.0,0.0,346,inf,250.0,official_prepanel,small,12.0,0,可交易（DK_s＝0）,未扣成本（成本參考：2.8 折來回約 0.38%、全額約 0.585%）；交易方法狀態未知（全額交割、變更交易方法、停止信用交易的來源未提供）；容量以 s 日 vol20 估計，未模擬開盤競價量與滑價；不可交易，僅觀察,未扣成本·事後欄位以 m_ 標示·非投資建議
HO,2,2023-12-15,2023-12-18,3555,博士旺,TPEx,W,W_atr14@3,3,478,0.068723,,0,0,1,2.167,-0.619,-0.619,36.45,,不適用,0.0,0.0,347,inf,250.0,official_prepanel,small,21.0,0,可交易（DK_s＝0）,未扣成本（成本參考：2.8 折來回約 0.38%、全額約 0.585%）；交易方法狀態未知（全額交割、變更交易方法、停止信用交易的來源未提供）；容量以 s 日 vol20 估計，未模擬開盤競價量與滑價；不可交易，僅觀察,未扣成本·事後欄位以 m_ 標示·非投資建議
HO,2,2023-12-15,2023-12-18,3629,地心引力,TPEx,W,W_atr14@3,1,478,0.073489,,0,0,1,0.0,3.342,,9.2,,不適用,0.0,0.0,347,inf,250.0,official_prepanel,small,2.0,0,可交易（DK_s＝0）,未扣成本（成本參考：2.8 折來回約 0.38%、全額約 0.585%）；交易方法狀態未知（全額交割、變更交易方法、停止信用交易的來源未提供）；容量以 s 日 vol20 估計，未模擬開盤競價量與滑價；不可交易，僅觀察,未扣成本·事後欄位以 m_ 標示·非投資建議
HO,2,2023-12-15,2023-12-18,6225,天瀚,TWSE,W,W_atr14@3,2,478,0.070522,,0,0,1,8.475,8.898,4.237,30.8,,不適用,0.0,0.0,347,inf,250.0,official_prepanel,small,22.0,0,可交易（DK_s＝0）,未扣成本（成本參考：2.8 折來回約 0.38%、全額約 0.585%）；交易方法狀態未知（全額交割、變更交易方法、停止信用交易的來源未提供）；容量以 s 日 vol20 估計，未模擬開盤競價量與滑價；不可交易，僅觀察,未扣成本·事後欄位以 m_ 標示·非投資建議
HO,2,2023-12-18,2023-12-19,3555,博士旺,TPEx,W,W_atr14@3,2,473,0.070779,,0,0,1,0.0,-2.188,-1.562,37.4,,不適用,0.0,0.0,348,inf,250.0,official_prepanel,small,7.0,0,可交易（DK_s＝0）,未扣成本（成本參考：2.8 折來回約 0.38%、全額約 0.585%）；交易方法狀態未知（全額交割、變更交易方法、停止信用交易的來源未提供）；容量以 s 日 vol20 估計，未模擬開盤競價量與滑價；不可交易，僅觀察,未扣成本·事後欄位以 m_ 標示·非投資建議
HO,2,2023-12-18,2023-12-19,6225,天瀚,TWSE,W,W_atr14@3,1,473,0.072768,,0,0,1,-4.264,-0.775,-6.202,30.85,,不適用,0.0,0.0,348,inf,250.0,official_prepanel,small,10.0,0,可交易（DK_s＝0）,未扣成本（成本參考：2.8 折來回約 0.38%、全額約 0.585%）；交易方法狀態未知（全額交割、變更交易方法、停止信用交易的來源未提供）；容量以 s 日 vol20 估計，未模擬開盤競價量與滑價；不可交易，僅觀察,未扣成本·事後欄位以 m_ 標示·非投資建議
HO,2,2023-12-18,2023-12-19,6933,AMAX-KY,TWSE,W,W_atr14@3,3,473,0.06462,,0,0,1,2.265,0.0,-15.679,617.45,,不適用,0.0,0.0,29,29.0,29.0,official,mid,132.0,0,可交易（DK_s＝0）,未扣成本（成本參考：2.8 折來回約 0.38%、全額約 0.585%）；交易方法狀態未知（全額交割、變更交易方法、停止信用交易的來源未提供）；容量以 s 日 vol20 估計，未模擬開盤競價量與滑價；不可交易，僅觀察,未扣成本·事後欄位以 m_ 標示·非投資建議
HO,2,2023-12-19,2023-12-20,3555,博士旺,TPEx,W,W_atr14@3,2,468,0.074777,,0,0,1,3.385,-4.0,-7.692,37.45,,不適用,0.0,0.0,349,inf,250.0,official_prepanel,small,4.0,0,可交易（DK_s＝0）,未扣成本（成本參考：2.8 折來回約 0.38%、全額約 0.585%）；交易方法狀態未知（全額交割、變更交易方法、停止信用交易的來源未提供）；容量以 s 日 vol20 估計，未模擬開盤競價量與滑價；不可交易，僅觀察,未扣成本·事後欄位以 m_ 標示·非投資建議
HO,2,2023-12-19,2023-12-20,6199,天品,TPEx,W,W_atr14@3,3,468,0.062088,,0,0,1,4.094,,9.162,38.74,,不適用,0.0,0.0,349,inf,250.0,official_prepanel,small,16.0,0,可交易（DK_s＝0）,未扣成本（成本參考：2.8 折來回約 0.38%、全額約 0.585%）；交易方法狀態未知（全額交割、變更交易方法、停止信用交易的來源未提供）；容量以 s 日 vol20 估計，未模擬開盤競價量與滑價；不可交易，僅觀察,未扣成本·事後欄位以 m_ 標示·非投資建議
HO,2,2023-12-19,2023-12-20,6225,天瀚,TWSE,W,W_atr14@3,1,468,0.075593,,0,0,1,6.276,4.603,6.695,31.25,,不適用,0.0,0.0,349,inf,250.0,official_prepanel,small,11.0,0,可交易（DK_s＝0）,未扣成本（成本參考：2.8 折來回約 0.38%、全額約 0.585%）；交易方法狀態未知（全額交割、變更交易方法、停止信用交易的來源未提供）；容量以 s 日 vol20 估計，未模擬開盤競價量與滑價；不可交易，僅觀察,未扣成本·事後欄位以 m_ 標示·非投資建議
HO,2,2023-12-20,2023-12-21,3555,博士旺,TPEx,W,W_atr14@3,2,458,0.067921,,0,0,1,-2.857,-5.263,-8.271,37.15,,不適用,0.0,0.0,350,inf,250.0,official_prepanel,small,2.0,0,可交易（DK_s＝0）,未扣成本（成本參考：2.8 折來回約 0.38%、全額約 0.585%）；交易方法狀態未知（全額交割、變更交易方法、停止信用交易的來源未提供）；容量以 s 日 vol20 估計，未模擬開盤競價量與滑價；不可交易，僅觀察,未扣成本·事後欄位以 m_ 標示·非投資建議
HO,2,2023-12-20,2023-12-21,6199,天品,TPEx,W,W_atr14@3,3,458,0.062868,,0,0,1,0.969,1.938,,37.74,,不適用,0.0,0.0,350,inf,250.0,official_prepanel,small,16.0,0,可交易（DK_s＝0）,未扣成本（成本參考：2.8 折來回約 0.38%、全額約 0.585%）；交易方法狀態未知（全額交割、變更交易方法、停止信用交易的來源未提供）；容量以 s 日 vol20 估計，未模擬開盤競價量與滑價；不可交易，僅觀察,未扣成本·事後欄位以 m_ 標示·非投資建議
HO,2,2023-12-20,2023-12-21,6225,天瀚,TWSE,W,W_atr14@3,1,458,0.071429,,0,0,1,7.438,4.545,4.545,31.65,,不適用,0.0,0.0,350,inf,250.0,official_prepanel,small,9.0,0,可交易（DK_s＝0）,未扣成本（成本參考：2.8 折來回約 0.38%、全額約 0.585%）；交易方法狀態未知（全額交割、變更交易方法、停止信用交易的來源未提供）；容量以 s 日 vol20 估計，未模擬開盤競價量與滑價；不可交易，僅觀察,未扣成本·事後欄位以 m_ 標示·非投資建議
HO,2,2023-12-21,2023-12-22,3555,博士旺,TPEx,W,W_atr14@3,3,462,0.0659,,0,0,1,-6.003,-5.124,-10.395,36.85,,不適用,0.0,0.0,351,inf,250.0,official_prepanel,small,13.0,0,可交易（DK_s＝0）,未扣成本（成本參考：2.8 折來回約 0.38%、全額約 0.585%）；交易方法狀態未知（全額交割、變更交易方法、停止信用交易的來源未提供）；容量以 s 日 vol20 估計，未模擬開盤競價量與滑價；不可交易，僅觀察,未扣成本·事後欄位以 m_ 標示·非投資建議
HO,2,2023-12-21,2023-12-22,6199,天品,TPEx,W,W_atr14@3,2,462,0.065945,,0,0,1,1.128,,8.271,38.16,,不適用,0.0,0.0,351,inf,250.0,official_prepanel,small,12.0,0,可交易（DK_s＝0）,未扣成本（成本參考：2.8 折來回約 0.38%、全額約 0.585%）；交易方法狀態未知（全額交割、變更交易方法、停止信用交易的來源未提供）；容量以 s 日 vol20 估計，未模擬開盤競價量與滑價；不可交易，僅觀察,未扣成本·事後欄位以 m_ 標示·非投資建議
HO,2,2023-12-21,2023-12-22,6225,天瀚,TWSE,W,W_atr14@3,1,462,0.067582,,0,0,1,1.581,2.372,-2.767,31.85,,不適用,0.0,0.0,351,inf,250.0,official_prepanel,small,12.0,0,可交易（DK_s＝0）,未扣成本（成本參考：2.8 折來回約 0.38%、全額約 0.585%）；交易方法狀態未知（全額交割、變更交易方法、停止信用交易的來源未提供）；容量以 s 日 vol20 估計，未模擬開盤競價量與滑價；不可交易，僅觀察,未扣成本·事後欄位以 m_ 標示·非投資建議
HO,2,2023-12-22,2023-12-25,1805,寶徠,TWSE,W,W_atr14@3,1,465,0.074627,,0,0,1,1.128,0.376,12.406,327.9,,不適用,0.0,0.0,352,inf,250.0,official_prepanel,small,679.0,0,可交易（DK_s＝0）,未扣成本（成本參考：2.8 折來回約 0.38%、全額約 0.585%）；交易方法狀態未知（全額交割、變更交易方法、停止信用交易的來源未提供）；容量以 s 日 vol20 估計，未模擬開盤競價量與滑價；不可交易，僅觀察,未扣成本·事後欄位以 m_ 標示·非投資建議
HO,2,2023-12-22,2023-12-25,6199,天品,TPEx,W,W_atr14@3,3,465,0.064259,,0,0,1,0.743,7.435,2.602,38.21,,不適用,0.0,0.0,352,inf,250.0,official_prepanel,small,21.0,0,可交易（DK_s＝0）,未扣成本（成本參考：2.8 折來回約 0.38%、全額約 0.585%）；交易方法狀態未知（全額交割、變更交易方法、停止信用交易的來源未提供）；容量以 s 日 vol20 估計，未模擬開盤競價量與滑價；不可交易，僅觀察,未扣成本·事後欄位以 m_ 標示·非投資建議
HO,2,2023-12-22,2023-12-25,6225,天瀚,TWSE,W,W_atr14@3,2,465,0.069483,,0,0,1,-0.389,-4.28,-1.946,31.35,,不適用,0.0,0.0,352,inf,250.0,official_prepanel,small,12.0,0,可交易（DK_s＝0）,未扣成本（成本參考：2.8 折來回約 0.38%、全額約 0.585%）；交易方法狀態未知（全額交割、變更交易方法、停止信用交易的來源未提供）；容量以 s 日 vol20 估計，未模擬開盤競價量與滑價；不可交易，僅觀察,未扣成本·事後欄位以 m_ 標示·非投資建議
HO,2,2023-12-25,2023-12-26,1805,寶徠,TWSE,W,W_atr14@3,1,474,0.075943,,0,0,1,0.37,-2.222,8.519,358.45,,不適用,0.0,0.0,353,inf,250.0,official_prepanel,small,375.0,0,可交易（DK_s＝0）,未扣成本（成本參考：2.8 折來回約 0.38%、全額約 0.585%）；交易方法狀態未知（全額交割、變更交易方法、停止信用交易的來源未提供）；容量以 s 日 vol20 估計，未模擬開盤競價量與滑價；不可交易，僅觀察,未扣成本·事後欄位以 m_ 標示·非投資建議
HO,2,2023-12-25,2023-12-26,2254,巨鎧精密-創,TWSE,W,W_atr14@3,2,474,0.068948,,0,0,1,7.32,6.079,14.764,60.55,,不適用,0.0,0.0,47,47.0,47.0,official,small,112.0,0,可交易（DK_s＝0）,未扣成本（成本參考：2.8 折來回約 0.38%、全額約 0.585%）；交易方法狀態未知（全額交割、變更交易方法、停止信用交易的來源未提供）；容量以 s 日 vol20 估計，未模擬開盤競價量與滑價；不可交易，僅觀察,未扣成本·事後欄位以 m_ 標示·非投資建議
HO,2,2023-12-25,2023-12-26,6225,天瀚,TWSE,W,W_atr14@3,3,474,0.065011,,0,0,1,-7.749,-10.701,-11.808,30.6,,不適用,0.0,0.0,353,inf,250.0,official_prepanel,small,12.0,0,可交易（DK_s＝0）,未扣成本（成本參考：2.8 折來回約 0.38%、全額約 0.585%）；交易方法狀態未知（全額交割、變更交易方法、停止信用交易的來源未提供）；容量以 s 日 vol20 估計，未模擬開盤競價量與滑價；不可交易，僅觀察,未扣成本·事後欄位以 m_ 標示·非投資建議
HO,2,2023-12-26,2023-12-27,1805,寶徠,TWSE,W,W_atr14@3,1,467,0.075382,,0,0,1,0.37,-1.481,10.37,374.9,,不適用,0.0,0.0,354,inf,250.0,official_prepanel,small,172.0,0,可交易（DK_s＝0）,未扣成本（成本參考：2.8 折來回約 0.38%、全額約 0.585%）；交易方法狀態未知（全額交割、變更交易方法、停止信用交易的來源未提供）；容量以 s 日 vol20 估計，未模擬開盤競價量與滑價；不可交易，僅觀察,未扣成本·事後欄位以 m_ 標示·非投資建議
HO,2,2023-12-26,2023-12-27,3288,點晶,TPEx,W,W_atr14@3,2,467,0.06908,,0,0,1,-1.163,44.38,41.085,87.47,,不適用,0.0,0.0,354,inf,250.0,official_prepanel,small,25.0,0,可交易（DK_s＝0）,未扣成本（成本參考：2.8 折來回約 0.38%、全額約 0.585%）；交易方法狀態未知（全額交割、變更交易方法、停止信用交易的來源未提供）；容量以 s 日 vol20 估計，未模擬開盤競價量與滑價；不可交易，僅觀察,未扣成本·事後欄位以 m_ 標示·非投資建議
HO,2,2023-12-26,2023-12-27,5478,智冠,TPEx,W,W_atr14@3,3,467,0.066051,,0,0,1,2.439,13.589,2.439,1662.63,,不適用,0.0,0.0,354,inf,250.0,official_prepanel,mid,3451.0,0,可交易（DK_s＝0）,未扣成本（成本參考：2.8 折來回約 0.38%、全額約 0.585%）；交易方法狀態未知（全額交割、變更交易方法、停止信用交易的來源未提供）；容量以 s 日 vol20 估計，未模擬開盤競價量與滑價；不可交易，僅觀察,未扣成本·事後欄位以 m_ 標示·非投資建議
HO,2,2023-12-27,2023-12-28,1805,寶徠,TWSE,W,W_atr14@3,1,465,0.072746,,0,0,1,-0.368,0.368,9.926,380.7,,不適用,0.0,0.0,355,inf,250.0,official_prepanel,small,245.0,0,可交易（DK_s＝0）,未扣成本（成本參考：2.8 折來回約 0.38%、全額約 0.585%）；交易方法狀態未知（全額交割、變更交易方法、停止信用交易的來源未提供）；容量以 s 日 vol20 估計，未模擬開盤競價量與滑價；不可交易，僅觀察,未扣成本·事後欄位以 m_ 標示·非投資建議
HO,2,2023-12-27,2023-12-28,2443,,TWSE,W,W_atr14@3,2,465,0.070959,,0,0,1,-5.908,11.816,-5.252,1706.25,,不適用,0.0,3.0,355,inf,250.0,fallback_prepanel,small,2437.0,0,可交易（DK_s＝0）,未扣成本（成本參考：2.8 折來回約 0.38%、全額約 0.585%）；交易方法狀態未知（全額交割、變更交易方法、停止信用交易的來源未提供）；容量以 s 日 vol20 估計，未模擬開盤競價量與滑價；不可交易，僅觀察,未扣成本·事後欄位以 m_ 標示·非投資建議
HO,2,2023-12-27,2023-12-28,3288,點晶,TPEx,W,W_atr14@3,3,465,0.065406,,1,0,1,10.0,56.471,31.176,87.26,,不適用,0.0,0.0,355,inf,250.0,official_prepanel,small,159.0,0,可交易（DK_s＝0）,未扣成本（成本參考：2.8 折來回約 0.38%、全額約 0.585%）；交易方法狀態未知（全額交割、變更交易方法、停止信用交易的來源未提供）；容量以 s 日 vol20 估計，未模擬開盤競價量與滑價；不可交易，僅觀察,未扣成本·事後欄位以 m_ 標示·非投資建議
HO,2,2023-12-28,2023-12-29,1805,寶徠,TWSE,W,W_atr14@3,2,463,0.06932,,0,0,1,-1.476,10.701,9.225,390.85,,不適用,0.0,0.0,356,inf,250.0,official_prepanel,small,215.0,0,可交易（DK_s＝0）,未扣成本（成本參考：2.8 折來回約 0.38%、全額約 0.585%）；交易方法狀態未知（全額交割、變更交易方法、停止信用交易的來源未提供）；容量以 s 日 vol20 估計，未模擬開盤競價量與滑價；不可交易，僅觀察,未扣成本·事後欄位以 m_ 標示·非投資建議
HO,2,2023-12-28,2023-12-29,2254,巨鎧精密-創,TWSE,W,W_atr14@3,3,463,0.065325,,0,0,1,1.027,3.881,5.023,68.8,,不適用,0.0,0.0,50,50.0,50.0,official,small,83.0,0,可交易（DK_s＝0）,未扣成本（成本參考：2.8 折來回約 0.38%、全額約 0.585%）；交易方法狀態未知（全額交割、變更交易方法、停止信用交易的來源未提供）；容量以 s 日 vol20 估計，未模擬開盤競價量與滑價；不可交易，僅觀察,未扣成本·事後欄位以 m_ 標示·非投資建議
HO,2,2023-12-28,2023-12-29,2443,,TWSE,W,W_atr14@3,1,463,0.080731,,0,0,1,-1.86,16.047,8.14,1822.65,,不適用,0.0,4.0,356,inf,250.0,fallback_prepanel,small,2504.0,0,可交易（DK_s＝0）,未扣成本（成本參考：2.8 折來回約 0.38%、全額約 0.585%）；交易方法狀態未知（全額交割、變更交易方法、停止信用交易的來源未提供）；容量以 s 日 vol20 估計，未模擬開盤競價量與滑價；不可交易，僅觀察,未扣成本·事後欄位以 m_ 標示·非投資建議
HO,2,2023-12-29,2024-01-02,1805,寶徠,TWSE,W,W_atr14@3,2,475,0.066346,,0,0,1,1.538,15.0,13.077,399.0,,不適用,0.0,0.0,357,inf,250.0,official_prepanel,small,207.0,0,可交易（DK_s＝0）,未扣成本（成本參考：2.8 折來回約 0.38%、全額約 0.585%）；交易方法狀態未知（全額交割、變更交易方法、停止信用交易的來源未提供）；容量以 s 日 vol20 估計，未模擬開盤競價量與滑價；不可交易，僅觀察,未扣成本·事後欄位以 m_ 標示·非投資建議
HO,2,2023-12-29,2024-01-02,2443,,TWSE,W,W_atr14@3,1,475,0.084462,,0,0,1,3.991,5.634,10.798,1932.35,,不適用,0.0,4.0,357,inf,250.0,fallback_prepanel,small,1740.0,0,可交易（DK_s＝0）,未扣成本（成本參考：2.8 折來回約 0.38%、全額約 0.585%）；交易方法狀態未知（全額交割、變更交易方法、停止信用交易的來源未提供）；容量以 s 日 vol20 估計，未模擬開盤競價量與滑價；不可交易，僅觀察,未扣成本·事後欄位以 m_ 標示·非投資建議
HO,2,2023-12-29,2024-01-02,5478,智冠,TPEx,W,W_atr14@3,3,475,0.064656,,0,0,1,0.974,-2.597,1.623,1213.0,,不適用,0.0,0.0,357,inf,250.0,official_prepanel,mid,2305.0,0,可交易（DK_s＝0）,未扣成本（成本參考：2.8 折來回約 0.38%、全額約 0.585%）；交易方法狀態未知（全額交割、變更交易方法、停止信用交易的來源未提供）；容量以 s 日 vol20 估計，未模擬開盤競價量與滑價；不可交易，僅觀察,未扣成本·事後欄位以 m_ 標示·非投資建議
HO,3,2024-01-02,2024-01-03,1805,寶徠,TWSE,W,W_atr14@3,2,481,0.067911,,0,0,1,0.758,10.985,10.606,402.7,,不適用,0.0,0.0,358,inf,250.0,official_prepanel,small,136.0,0,可交易（DK_s＝0）,未扣成本（成本參考：2.8 折來回約 0.38%、全額約 0.585%）；交易方法狀態未知（全額交割、變更交易方法、停止信用交易的來源未提供）；容量以 s 日 vol20 估計，未模擬開盤競價量與滑價；不可交易，僅觀察,未扣成本·事後欄位以 m_ 標示·非投資建議
HO,3,2024-01-02,2024-01-03,2254,巨鎧精密-創,TWSE,W,W_atr14@3,3,481,0.067586,,0,0,1,1.199,10.911,-1.679,80.5,,不適用,0.0,0.0,52,52.0,52.0,official,small,107.0,0,可交易（DK_s＝0）,未扣成本（成本參考：2.8 折來回約 0.38%、全額約 0.585%）；交易方法狀態未知（全額交割、變更交易方法、停止信用交易的來源未提供）；容量以 s 日 vol20 估計，未模擬開盤競價量與滑價；不可交易，僅觀察,未扣成本·事後欄位以 m_ 標示·非投資建議
HO,3,2024-01-02,2024-01-03,2443,,TWSE,W,W_atr14@3,1,481,0.080135,,0,0,1,5.87,-2.174,7.609,2009.2,,不適用,0.0,3.0,358,inf,250.0,fallback_prepanel,small,3568.0,0,可交易（DK_s＝0）,未扣成本（成本參考：2.8 折來回約 0.38%、全額約 0.585%）；交易方法狀態未知（全額交割、變更交易方法、停止信用交易的來源未提供）；容量以 s 日 vol20 估計，未模擬開盤競價量與滑價；不可交易，僅觀察,未扣成本·事後欄位以 m_ 標示·非投資建議
HO,3,2024-01-03,2024-01-04,1805,寶徠,TWSE,W,W_atr14@3,3,472,0.06203,,0,0,1,3.802,13.308,10.646,407.05,,不適用,0.0,0.0,359,inf,250.0,official_prepanel,small,217.0,0,可交易（DK_s＝0）,未扣成本（成本參考：2.8 折來回約 0.38%、全額約 0.585%）；交易方法狀態未知（全額交割、變更交易方法、停止信用交易的來源未提供）；容量以 s 日 vol20 估計，未模擬開盤競價量與滑價；不可交易，僅觀察,未扣成本·事後欄位以 m_ 標示·非投資建議
HO,3,2024-01-03,2024-01-04,2254,巨鎧精密-創,TWSE,W,W_atr14@3,2,472,0.070074,,0,0,1,0.0,8.701,-0.596,84.1,,不適用,0.0,0.0,53,53.0,53.0,official,small,106.0,0,可交易（DK_s＝0）,未扣成本（成本參考：2.8 折來回約 0.38%、全額約 0.585%）；交易方法狀態未知（全額交割、變更交易方法、停止信用交易的來源未提供）；容量以 s 日 vol20 估計，未模擬開盤競價量與滑價；不可交易，僅觀察,未扣成本·事後欄位以 m_ 標示·非投資建議
HO,3,2024-01-03,2024-01-04,6276,安鈦克,TPEx,W,W_atr14@3,1,472,0.094959,,0,0,1,-5.738,-10.656,-10.422,,,不適用,0.0,0.0,359,inf,250.0,official_prepanel,small,1051.0,0,可交易（DK_s＝0）,未扣成本（成本參考：2.8 折來回約 0.38%、全額約 0.585%）；交易方法狀態未知（全額交割、變更交易方法、停止信用交易的來源未提供）；容量以 s 日 vol20 估計，未模擬開盤競價量與滑價；不可交易，僅觀察,未扣成本·事後欄位以 m_ 標示·非投資建議
HO,3,2024-01-04,2024-01-05,2254,巨鎧精密-創,TWSE,W,W_atr14@3,3,478,0.067853,,0,1,0,-1.302,-1.085,-10.195,83.7,,不適用,0.0,0.0,54,54.0,54.0,official,small,216.0,0,可交易（DK_s＝0）,未扣成本（成本參考：2.8 折來回約 0.38%、全額約 0.585%）；交易方法狀態未知（全額交割、變更交易方法、停止信用交易的來源未提供）；容量以 s 日 vol20 估計，未模擬開盤競價量與滑價；不可交易，僅觀察,未扣成本·事後欄位以 m_ 標示·非投資建議
HO,3,2024-01-04,2024-01-05,5478,智冠,TPEx,W,W_atr14@3,2,478,0.068681,,0,0,1,-2.244,-0.641,-2.564,1557.79,,不適用,0.0,0.0,360,inf,250.0,official_prepanel,mid,1318.0,0,可交易（DK_s＝0）,未扣成本（成本參考：2.8 折來回約 0.38%、全額約 0.585%）；交易方法狀態未知（全額交割、變更交易方法、停止信用交易的來源未提供）；容量以 s 日 vol20 估計，未模擬開盤競價量與滑價；不可交易，僅觀察,未扣成本·事後欄位以 m_ 標示·非投資建議
HO,3,2024-01-04,2024-01-05,6276,安鈦克,TPEx,W,W_atr14@3,1,478,0.099188,,0,0,1,0.488,-15.873,-3.419,,,不適用,0.0,0.0,360,inf,250.0,official_prepanel,small,803.0,0,可交易（DK_s＝0）,未扣成本（成本參考：2.8 折來回約 0.38%、全額約 0.585%）；交易方法狀態未知（全額交割、變更交易方法、停止信用交易的來源未提供）；容量以 s 日 vol20 估計，未模擬開盤競價量與滑價；不可交易，僅觀察,未扣成本·事後欄位以 m_ 標示·非投資建議
HO,3,2024-01-05,2024-01-08,2443,,TWSE,W,W_atr14@3,2,494,0.077727,,0,0,1,-10.18,-7.186,1.996,2375.1,,不適用,0.0,0.0,361,inf,250.0,fallback_prepanel,small,2519.0,0,可交易（DK_s＝0）,未扣成本（成本參考：2.8 折來回約 0.38%、全額約 0.585%）；交易方法狀態未知（全額交割、變更交易方法、停止信用交易的來源未提供）；容量以 s 日 vol20 估計，未模擬開盤競價量與滑價；不可交易，僅觀察,未扣成本·事後欄位以 m_ 標示·非投資建議
HO,3,2024-01-05,2024-01-08,3288,點晶,TPEx,W,W_atr14@3,3,494,0.077632,,0,0,1,-4.38,-12.766,-15.77,229.35,,不適用,0.0,2.0,361,inf,250.0,official_prepanel,small,161.0,1,可交易（DK_s＝0）,未扣成本（成本參考：2.8 折來回約 0.38%、全額約 0.585%）；交易方法狀態未知（全額交割、變更交易方法、停止信用交易的來源未提供）；容量以 s 日 vol20 估計，未模擬開盤競價量與滑價；不可交易，僅觀察,未扣成本·事後欄位以 m_ 標示·非投資建議
HO,3,2024-01-05,2024-01-08,6276,安鈦克,TPEx,W,W_atr14@3,1,494,0.093387,,0,0,1,-2.716,-13.58,7.407,,,不適用,0.0,0.0,361,inf,250.0,official_prepanel,small,761.0,0,可交易（DK_s＝0）,未扣成本（成本參考：2.8 折來回約 0.38%、全額約 0.585%）；交易方法狀態未知（全額交割、變更交易方法、停止信用交易的來源未提供）；容量以 s 日 vol20 估計，未模擬開盤競價量與滑價；不可交易，僅觀察,未扣成本·事後欄位以 m_ 標示·非投資建議
HO,3,2024-01-08,2024-01-09,2443,,TWSE,W,W_atr14@3,2,499,0.093651,,0,0,1,2.273,7.273,22.045,2469.15,,不適用,0.0,0.0,362,inf,250.0,fallback_prepanel,small,3122.0,0,可交易（DK_s＝0）,未扣成本（成本參考：2.8 折來回約 0.38%、全額約 0.585%）；交易方法狀態未知（全額交割、變更交易方法、停止信用交易的來源未提供）；容量以 s 日 vol20 估計，未模擬開盤競價量與滑價；不可交易，僅觀察,未扣成本·事後欄位以 m_ 標示·非投資建議
HO,3,2024-01-08,2024-01-09,3288,點晶,TPEx,W,W_atr14@3,3,499,0.077412,,0,0,1,-8.049,-13.293,-23.171,236.9,,不適用,1.0,3.0,362,inf,250.0,official_prepanel,small,174.0,1,處置中・交易規則另案登錄（DK_s＝1）,未扣成本（成本參考：2.8 折來回約 0.38%、全額約 0.585%）；交易方法狀態未知（全額交割、變更交易方法、停止信用交易的來源未提供）；容量以 s 日 vol20 估計，未模擬開盤競價量與滑價；不可交易，僅觀察,未扣成本·事後欄位以 m_ 標示·非投資建議
HO,3,2024-01-08,2024-01-09,6276,安鈦克,TPEx,W,W_atr14@3,1,499,0.093909,,0,0,1,-2.75,-3.75,9.75,1036.2,,不適用,0.0,0.0,362,inf,250.0,official_prepanel,small,1078.0,0,可交易（DK_s＝0）,未扣成本（成本參考：2.8 折來回約 0.38%、全額約 0.585%）；交易方法狀態未知（全額交割、變更交易方法、停止信用交易的來源未提供）；容量以 s 日 vol20 估計，未模擬開盤競價量與滑價；不可交易，僅觀察,未扣成本·事後欄位以 m_ 標示·非投資建議
HO,3,2024-01-09,2024-01-10,2443,,TWSE,W,W_atr14@3,1,511,0.09746,,0,0,1,0.683,12.756,25.285,2518.4,,不適用,0.0,0.0,363,inf,250.0,fallback_prepanel,small,1197.0,0,可交易（DK_s＝0）,未扣成本（成本參考：2.8 折來回約 0.38%、全額約 0.585%）；交易方法狀態未知（全額交割、變更交易方法、停止信用交易的來源未提供）；容量以 s 日 vol20 估計，未模擬開盤競價量與滑價；不可交易，僅觀察,未扣成本·事後欄位以 m_ 標示·非投資建議
HO,3,2024-01-09,2024-01-10,3288,點晶,TPEx,W,W_atr14@3,3,511,0.081281,,0,0,1,-1.754,-5.803,-12.011,245.3,,不適用,1.0,4.0,363,inf,250.0,official_prepanel,small,183.0,1,處置中・交易規則另案登錄（DK_s＝1）,未扣成本（成本參考：2.8 折來回約 0.38%、全額約 0.585%）；交易方法狀態未知（全額交割、變更交易方法、停止信用交易的來源未提供）；容量以 s 日 vol20 估計，未模擬開盤競價量與滑價；不可交易，僅觀察,未扣成本·事後欄位以 m_ 標示·非投資建議
HO,3,2024-01-09,2024-01-10,6276,安鈦克,TPEx,W,W_atr14@3,2,511,0.089607,,0,0,1,-2.054,8.729,9.243,1038.81,,不適用,0.0,0.0,363,inf,250.0,official_prepanel,small,840.0,0,可交易（DK_s＝0）,未扣成本（成本參考：2.8 折來回約 0.38%、全額約 0.585%）；交易方法狀態未知（全額交割、變更交易方法、停止信用交易的來源未提供）；容量以 s 日 vol20 估計，未模擬開盤競價量與滑價；不可交易，僅觀察,未扣成本·事後欄位以 m_ 標示·非投資建議
HO,3,2024-01-10,2024-01-11,2443,,TWSE,W,W_atr14@3,1,509,0.099386,,0,0,1,-7.676,3.412,27.932,2431.8,,不適用,0.0,0.0,364,inf,250.0,fallback_prepanel,small,634.0,0,可交易（DK_s＝0）,未扣成本（成本參考：2.8 折來回約 0.38%、全額約 0.585%）；交易方法狀態未知（全額交割、變更交易方法、停止信用交易的來源未提供）；容量以 s 日 vol20 估計，未模擬開盤競價量與滑價；不可交易，僅觀察,未扣成本·事後欄位以 m_ 標示·非投資建議
HO,3,2024-01-10,2024-01-11,3288,點晶,TPEx,W,W_atr14@3,3,509,0.079965,,0,0,1,-3.879,-5.46,-10.92,247.45,,不適用,1.0,4.0,364,inf,250.0,official_prepanel,small,224.0,1,處置中・交易規則另案登錄（DK_s＝1）,未扣成本（成本參考：2.8 折來回約 0.38%、全額約 0.585%）；交易方法狀態未知（全額交割、變更交易方法、停止信用交易的來源未提供）；容量以 s 日 vol20 估計，未模擬開盤競價量與滑價；不可交易，僅觀察,未扣成本·事後欄位以 m_ 標示·非投資建議
HO,3,2024-01-10,2024-01-11,6276,安鈦克,TPEx,W,W_atr14@3,2,509,0.084067,,0,0,1,0.291,11.354,24.891,1027.12,,不適用,0.0,0.0,364,inf,250.0,official_prepanel,small,2525.0,0,可交易（DK_s＝0）,未扣成本（成本參考：2.8 折來回約 0.38%、全額約 0.585%）；交易方法狀態未知（全額交割、變更交易方法、停止信用交易的來源未提供）；容量以 s 日 vol20 估計，未模擬開盤競價量與滑價；不可交易，僅觀察,未扣成本·事後欄位以 m_ 標示·非投資建議
HO,3,2024-01-11,2024-01-12,2443,,TWSE,W,W_atr14@3,1,512,0.102606,,0,0,1,5.682,5.682,41.364,2352.85,,不適用,0.0,0.0,365,inf,250.0,fallback_prepanel,small,1982.0,0,可交易（DK_s＝0）,未扣成本（成本參考：2.8 折來回約 0.38%、全額約 0.585%）；交易方法狀態未知（全額交割、變更交易方法、停止信用交易的來源未提供）；容量以 s 日 vol20 估計，未模擬開盤競價量與滑價；不可交易，僅觀察,未扣成本·事後欄位以 m_ 標示·非投資建議
HO,3,2024-01-11,2024-01-12,3288,點晶,TPEx,W,W_atr14@3,3,512,0.089579,,0,0,1,4.812,-7.97,-9.474,253.85,,不適用,1.0,3.0,365,inf,250.0,official_prepanel,small,215.0,1,處置中・交易規則另案登錄（DK_s＝1）,未扣成本（成本參考：2.8 折來回約 0.38%、全額約 0.585%）；交易方法狀態未知（全額交割、變更交易方法、停止信用交易的來源未提供）；容量以 s 日 vol20 估計，未模擬開盤競價量與滑價；不可交易，僅觀察,未扣成本·事後欄位以 m_ 標示·非投資建議
HO,3,2024-01-11,2024-01-12,6276,安鈦克,TPEx,W,W_atr14@3,2,512,0.095998,,0,0,1,0.719,13.813,24.029,1110.33,,不適用,0.0,0.0,365,inf,250.0,official_prepanel,small,1270.0,0,可交易（DK_s＝0）,未扣成本（成本參考：2.8 折來回約 0.38%、全額約 0.585%）；交易方法狀態未知（全額交割、變更交易方法、停止信用交易的來源未提供）；容量以 s 日 vol20 估計，未模擬開盤競價量與滑價；不可交易，僅觀察,未扣成本·事後欄位以 m_ 標示·非投資建議
HO,3,2024-01-12,2024-01-15,2443,,TWSE,W,W_atr14@3,1,522,0.096467,,0,0,1,0.855,9.188,35.684,2409.05,,不適用,0.0,0.0,366,inf,250.0,fallback_prepanel,small,770.0,0,可交易（DK_s＝0）,未扣成本（成本參考：2.8 折來回約 0.38%、全額約 0.585%）；交易方法狀態未知（全額交割、變更交易方法、停止信用交易的來源未提供）；容量以 s 日 vol20 估計，未模擬開盤競價量與滑價；不可交易，僅觀察,未扣成本·事後欄位以 m_ 標示·非投資建議
HO,3,2024-01-12,2024-01-15,3288,點晶,TPEx,W,W_atr14@3,2,522,0.088645,,0,0,1,5.178,-0.444,-10.947,262.85,,不適用,1.0,2.0,366,inf,250.0,official_prepanel,small,134.0,1,處置中・交易規則另案登錄（DK_s＝1）,未扣成本（成本參考：2.8 折來回約 0.38%、全額約 0.585%）；交易方法狀態未知（全額交割、變更交易方法、停止信用交易的來源未提供）；容量以 s 日 vol20 估計，未模擬開盤競價量與滑價；不可交易，僅觀察,未扣成本·事後欄位以 m_ 標示·非投資建議
HO,3,2024-01-12,2024-01-15,6276,安鈦克,TPEx,W,W_atr14@3,3,522,0.088061,,1,0,1,7.843,21.849,17.227,1118.74,,不適用,0.0,0.0,366,inf,250.0,official_prepanel,small,1327.0,0,可交易（DK_s＝0）,未扣成本（成本參考：2.8 折來回約 0.38%、全額約 0.585%）；交易方法狀態未知（全額交割、變更交易方法、停止信用交易的來源未提供）；容量以 s 日 vol20 估計，未模擬開盤競價量與滑價；不可交易，僅觀察,未扣成本·事後欄位以 m_ 標示·非投資建議
HO,3,2024-01-15,2024-01-16,2443,,TWSE,W,W_atr14@3,1,529,0.093674,,0,0,1,4.873,13.771,21.186,2421.3,,不適用,0.0,0.0,367,inf,250.0,fallback_prepanel,small,3009.0,0,可交易（DK_s＝0）,未扣成本（成本參考：2.8 折來回約 0.38%、全額約 0.585%）；交易方法狀態未知（全額交割、變更交易方法、停止信用交易的來源未提供）；容量以 s 日 vol20 估計，未模擬開盤競價量與滑價；不可交易，僅觀察,未扣成本·事後欄位以 m_ 標示·非投資建議
HO,3,2024-01-15,2024-01-16,3288,點晶,TPEx,W,W_atr14@3,2,529,0.086699,,0,0,1,-0.286,-10.0,-14.286,268.75,,不適用,1.0,1.0,367,inf,250.0,official_prepanel,small,82.0,1,處置中・交易規則另案登錄（DK_s＝1）,未扣成本（成本參考：2.8 折來回約 0.38%、全額約 0.585%）；交易方法狀態未知（全額交割、變更交易方法、停止信用交易的來源未提供）；容量以 s 日 vol20 估計，未模擬開盤競價量與滑價；不可交易，僅觀察,未扣成本·事後欄位以 m_ 標示·非投資建議
HO,3,2024-01-15,2024-01-16,4712,,TPEx,W,W_atr14@3,3,529,0.070527,,0,0,1,0.505,-11.869,-20.202,248.3,,不適用,0.0,0.0,366,366.0,250.0,fallback_first_close,small,68.0,0,可交易（DK_s＝0）,未扣成本（成本參考：2.8 折來回約 0.38%、全額約 0.585%）；交易方法狀態未知（全額交割、變更交易方法、停止信用交易的來源未提供）；容量以 s 日 vol20 估計，未模擬開盤競價量與滑價；不可交易，僅觀察,未扣成本·事後欄位以 m_ 標示·非投資建議
HO,3,2024-01-16,2024-01-17,2254,巨鎧精密-創,TWSE,W,W_atr14@3,3,528,0.068815,,0,0,1,0.482,-1.446,-1.687,103.5,,不適用,0.0,0.0,62,62.0,62.0,official,small,317.0,0,可交易（DK_s＝0）,未扣成本（成本參考：2.8 折來回約 0.38%、全額約 0.585%）；交易方法狀態未知（全額交割、變更交易方法、停止信用交易的來源未提供）；容量以 s 日 vol20 估計，未模擬開盤競價量與滑價；不可交易，僅觀察,未扣成本·事後欄位以 m_ 標示·非投資建議
HO,3,2024-01-16,2024-01-17,2443,,TWSE,W,W_atr14@3,2,528,0.08759,,0,0,1,-2.806,10.22,3.607,2555.05,,不適用,0.0,0.0,368,inf,250.0,fallback_prepanel,small,918.0,0,可交易（DK_s＝0）,未扣成本（成本參考：2.8 折來回約 0.38%、全額約 0.585%）；交易方法狀態未知（全額交割、變更交易方法、停止信用交易的來源未提供）；容量以 s 日 vol20 估計，未模擬開盤競價量與滑價；不可交易，僅觀察,未扣成本·事後欄位以 m_ 標示·非投資建議
HO,3,2024-01-16,2024-01-17,3288,點晶,TPEx,W,W_atr14@3,1,528,0.088518,,0,0,1,-2.663,-3.55,-10.355,269.4,,不適用,1.0,0.0,368,inf,250.0,official_prepanel,small,106.0,1,處置中・交易規則另案登錄（DK_s＝1）,未扣成本（成本參考：2.8 折來回約 0.38%、全額約 0.585%）；交易方法狀態未知（全額交割、變更交易方法、停止信用交易的來源未提供）；容量以 s 日 vol20 估計，未模擬開盤競價量與滑價；不可交易，僅觀察,未扣成本·事後欄位以 m_ 標示·非投資建議
HO,3,2024-01-17,2024-01-18,2443,,TWSE,W,W_atr14@3,3,533,0.079087,,0,0,1,-4.124,23.711,14.845,2577.9,,不適用,0.0,0.0,369,inf,250.0,fallback_prepanel,small,808.0,0,可交易（DK_s＝0）,未扣成本（成本參考：2.8 折來回約 0.38%、全額約 0.585%）；交易方法狀態未知（全額交割、變更交易方法、停止信用交易的來源未提供）；容量以 s 日 vol20 估計，未模擬開盤競價量與滑價；不可交易，僅觀察,未扣成本·事後欄位以 m_ 標示·非投資建議
HO,3,2024-01-17,2024-01-18,3288,點晶,TPEx,W,W_atr14@3,1,533,0.097264,,0,0,1,-6.135,-4.908,-7.055,257.8,,不適用,1.0,0.0,369,inf,250.0,official_prepanel,small,122.0,1,處置中・交易規則另案登錄（DK_s＝1）,未扣成本（成本參考：2.8 折來回約 0.38%、全額約 0.585%）；交易方法狀態未知（全額交割、變更交易方法、停止信用交易的來源未提供）；容量以 s 日 vol20 估計，未模擬開盤競價量與滑價；不可交易，僅觀察,未扣成本·事後欄位以 m_ 標示·非投資建議
HO,3,2024-01-17,2024-01-18,6276,安鈦克,TPEx,W,W_atr14@3,2,533,0.090476,,0,0,1,2.727,11.429,6.753,1312.75,,不適用,0.0,0.0,369,inf,250.0,official_prepanel,small,3274.0,0,可交易（DK_s＝0）,未扣成本（成本參考：2.8 折來回約 0.38%、全額約 0.585%）；交易方法狀態未知（全額交割、變更交易方法、停止信用交易的來源未提供）；容量以 s 日 vol20 估計，未模擬開盤競價量與滑價；不可交易，僅觀察,未扣成本·事後欄位以 m_ 標示·非投資建議
HO,3,2024-01-18,2024-01-19,2254,巨鎧精密-創,TWSE,W,W_atr14@3,3,522,0.073585,,0,0,1,-0.477,-0.954,-3.456,126.0,,不適用,0.0,0.0,64,64.0,64.0,official,small,65.0,0,可交易（DK_s＝0）,未扣成本（成本參考：2.8 折來回約 0.38%、全額約 0.585%）；交易方法狀態未知（全額交割、變更交易方法、停止信用交易的來源未提供）；容量以 s 日 vol20 估計，未模擬開盤競價量與滑價；不可交易，僅觀察,未扣成本·事後欄位以 m_ 標示·非投資建議
HO,3,2024-01-18,2024-01-19,2443,,TWSE,W,W_atr14@3,1,522,0.079109,,0,0,1,9.892,33.763,18.28,2564.65,,不適用,0.0,0.0,370,inf,250.0,fallback_prepanel,small,3792.0,0,可交易（DK_s＝0）,未扣成本（成本參考：2.8 折來回約 0.38%、全額約 0.585%）；交易方法狀態未知（全額交割、變更交易方法、停止信用交易的來源未提供）；容量以 s 日 vol20 估計，未模擬開盤競價量與滑價；不可交易，僅觀察,未扣成本·事後欄位以 m_ 標示·非投資建議
HO,3,2024-01-18,2024-01-19,6276,安鈦克,TPEx,W,W_atr14@3,2,522,0.077388,,0,0,1,9.848,8.838,6.313,1400.5,,不適用,0.0,0.0,370,inf,250.0,official_prepanel,small,4608.0,0,可交易（DK_s＝0）,未扣成本（成本參考：2.8 折來回約 0.38%、全額約 0.585%）；交易方法狀態未知（全額交割、變更交易方法、停止信用交易的來源未提供）；容量以 s 日 vol20 估計，未模擬開盤競價量與滑價；不可交易，僅觀察,未扣成本·事後欄位以 m_ 標示·非投資建議
HO,3,2024-01-19,2024-01-22,2254,巨鎧精密-創,TWSE,W,W_atr14@3,1,526,0.071856,,0,0,1,-0.481,-0.601,-2.885,127.0,,不適用,0.0,0.0,65,65.0,65.0,official,small,77.0,0,可交易（DK_s＝0）,未扣成本（成本參考：2.8 折來回約 0.38%、全額約 0.585%）；交易方法狀態未知（全額交割、變更交易方法、停止信用交易的來源未提供）；容量以 s 日 vol20 估計，未模擬開盤競價量與滑價；不可交易，僅觀察,未扣成本·事後欄位以 m_ 標示·非投資建議
HO,3,2024-01-19,2024-01-22,3349,寶德,TPEx,W,W_atr14@3,2,526,0.068336,,0,0,1,-0.218,-0.437,3.93,194.45,,不適用,0.0,3.0,371,inf,250.0,official_prepanel,small,143.0,0,可交易（DK_s＝0）,未扣成本（成本參考：2.8 折來回約 0.38%、全額約 0.585%）；交易方法狀態未知（全額交割、變更交易方法、停止信用交易的來源未提供）；容量以 s 日 vol20 估計，未模擬開盤競價量與滑價；不可交易，僅觀察,未扣成本·事後欄位以 m_ 標示·非投資建議
HO,3,2024-01-19,2024-01-22,4712,,TPEx,W,W_atr14@3,3,526,0.067271,,0,0,1,-3.056,-8.611,-14.722,266.1,,不適用,0.0,0.0,370,370.0,250.0,fallback_first_close,small,145.0,0,可交易（DK_s＝0）,未扣成本（成本參考：2.8 折來回約 0.38%、全額約 0.585%）；交易方法狀態未知（全額交割、變更交易方法、停止信用交易的來源未提供）；容量以 s 日 vol20 估計，未模擬開盤競價量與滑價；不可交易，僅觀察,未扣成本·事後欄位以 m_ 標示·非投資建議
HO,3,2024-01-22,2024-01-23,3349,寶德,TPEx,W,W_atr14@3,1,525,0.07346,,0,0,1,1.969,0.219,3.72,201.15,,不適用,0.0,2.0,372,inf,250.0,official_prepanel,small,91.0,0,可交易（DK_s＝0）,未扣成本（成本參考：2.8 折來回約 0.38%、全額約 0.585%）；交易方法狀態未知（全額交割、變更交易方法、停止信用交易的來源未提供）；容量以 s 日 vol20 估計，未模擬開盤競價量與滑價；不可交易，僅觀察,未扣成本·事後欄位以 m_ 標示·非投資建議
HO,3,2024-01-22,2024-01-23,4712,,TPEx,W,W_atr14@3,2,525,0.071633,,0,0,1,-0.292,-7.872,-16.91,268.85,,不適用,0.0,0.0,371,371.0,250.0,fallback_first_close,small,78.0,0,可交易（DK_s＝0）,未扣成本（成本參考：2.8 折來回約 0.38%、全額約 0.585%）；交易方法狀態未知（全額交割、變更交易方法、停止信用交易的來源未提供）；容量以 s 日 vol20 估計，未模擬開盤競價量與滑價；不可交易，僅觀察,未扣成本·事後欄位以 m_ 標示·非投資建議
HO,3,2024-01-22,2024-01-23,6276,安鈦克,TPEx,W,W_atr14@3,3,525,0.07029,,0,0,1,-4.059,-5.299,-7.103,1900.05,,不適用,0.0,0.0,372,inf,250.0,official_prepanel,small,3793.0,0,可交易（DK_s＝0）,未扣成本（成本參考：2.8 折來回約 0.38%、全額約 0.585%）；交易方法狀態未知（全額交割、變更交易方法、停止信用交易的來源未提供）；容量以 s 日 vol20 估計，未模擬開盤競價量與滑價；不可交易，僅觀察,未扣成本·事後欄位以 m_ 標示·非投資建議
HO,3,2024-01-23,2024-01-24,3349,寶德,TPEx,W,W_atr14@3,2,527,0.074034,,0,0,1,-0.654,7.625,3.704,205.55,,不適用,0.0,1.0,373,inf,250.0,official_prepanel,small,85.0,0,可交易（DK_s＝0）,未扣成本（成本參考：2.8 折來回約 0.38%、全額約 0.585%）；交易方法狀態未知（全額交割、變更交易方法、停止信用交易的來源未提供）；容量以 s 日 vol20 估計，未模擬開盤競價量與滑價；不可交易，僅觀察,未扣成本·事後欄位以 m_ 標示·非投資建議
HO,3,2024-01-23,2024-01-24,4806,桂田文創,TPEx,W,W_atr14@3,1,527,0.076385,,0,0,1,1.215,7.287,-8.097,63.0,,不適用,0.0,0.0,373,inf,250.0,official_prepanel,small,39.0,0,可交易（DK_s＝0）,未扣成本（成本參考：2.8 折來回約 0.38%、全額約 0.585%）；交易方法狀態未知（全額交割、變更交易方法、停止信用交易的來源未提供）；容量以 s 日 vol20 估計，未模擬開盤競價量與滑價；不可交易，僅觀察,未扣成本·事後欄位以 m_ 標示·非投資建議
HO,3,2024-01-23,2024-01-24,6276,安鈦克,TPEx,W,W_atr14@3,3,527,0.073863,,0,0,1,-0.579,-4.287,-5.214,2057.75,,不適用,0.0,1.0,373,inf,250.0,official_prepanel,small,1733.0,0,可交易（DK_s＝0）,未扣成本（成本參考：2.8 折來回約 0.38%、全額約 0.585%）；交易方法狀態未知（全額交割、變更交易方法、停止信用交易的來源未提供）；容量以 s 日 vol20 估計，未模擬開盤競價量與滑價；不可交易，僅觀察,未扣成本·事後欄位以 m_ 標示·非投資建議
HO,3,2024-01-24,2024-01-25,3349,寶德,TPEx,W,W_atr14@3,1,523,0.077224,,0,0,1,3.864,9.318,18.636,209.55,,不適用,0.0,0.0,374,inf,250.0,official_prepanel,small,63.0,0,可交易（DK_s＝0）,未扣成本（成本參考：2.8 折來回約 0.38%、全額約 0.585%）；交易方法狀態未知（全額交割、變更交易方法、停止信用交易的來源未提供）；容量以 s 日 vol20 估計，未模擬開盤競價量與滑價；不可交易，僅觀察,未扣成本·事後欄位以 m_ 標示·非投資建議
HO,3,2024-01-24,2024-01-25,4806,桂田文創,TPEx,W,W_atr14@3,2,523,0.075429,,0,0,1,2.542,11.864,-5.508,60.45,,不適用,0.0,0.0,374,inf,250.0,official_prepanel,small,11.0,0,可交易（DK_s＝0）,未扣成本（成本參考：2.8 折來回約 0.38%、全額約 0.585%）；交易方法狀態未知（全額交割、變更交易方法、停止信用交易的來源未提供）；容量以 s 日 vol20 估計，未模擬開盤競價量與滑價；不可交易，僅觀察,未扣成本·事後欄位以 m_ 標示·非投資建議
HO,3,2024-01-24,2024-01-25,6276,安鈦克,TPEx,W,W_atr14@3,3,523,0.070929,,0,0,1,0.233,-4.419,-1.628,2129.7,,不適用,0.0,1.0,374,inf,250.0,official_prepanel,small,4347.0,0,可交易（DK_s＝0）,未扣成本（成本參考：2.8 折來回約 0.38%、全額約 0.585%）；交易方法狀態未知（全額交割、變更交易方法、停止信用交易的來源未提供）；容量以 s 日 vol20 估計，未模擬開盤競價量與滑價；不可交易，僅觀察,未扣成本·事後欄位以 m_ 標示·非投資建議
HO,3,2024-01-25,2024-01-26,3349,寶德,TPEx,W,W_atr14@3,1,529,0.079556,,0,0,1,5.069,10.138,31.797,212.45,,不適用,0.0,0.0,375,inf,250.0,official_prepanel,small,45.0,0,可交易（DK_s＝0）,未扣成本（成本參考：2.8 折來回約 0.38%、全額約 0.585%）；交易方法狀態未知（全額交割、變更交易方法、停止信用交易的來源未提供）；容量以 s 日 vol20 估計，未模擬開盤競價量與滑價；不可交易，僅觀察,未扣成本·事後欄位以 m_ 標示·非投資建議
HO,3,2024-01-25,2024-01-26,4806,桂田文創,TPEx,W,W_atr14@3,2,529,0.078512,,0,0,1,0.0,-4.743,-12.253,53.6,,不適用,0.0,0.0,375,inf,250.0,official_prepanel,small,12.0,0,可交易（DK_s＝0）,未扣成本（成本參考：2.8 折來回約 0.38%、全額約 0.585%）；交易方法狀態未知（全額交割、變更交易方法、停止信用交易的來源未提供）；容量以 s 日 vol20 估計，未模擬開盤競價量與滑價；不可交易，僅觀察,未扣成本·事後欄位以 m_ 標示·非投資建議
HO,3,2024-01-25,2024-01-26,6276,安鈦克,TPEx,W,W_atr14@3,3,529,0.073003,,0,0,1,-3.682,-3.107,-3.337,2331.85,,不適用,0.0,1.0,375,inf,250.0,official_prepanel,small,2920.0,0,可交易（DK_s＝0）,未扣成本（成本參考：2.8 折來回約 0.38%、全額約 0.585%）；交易方法狀態未知（全額交割、變更交易方法、停止信用交易的來源未提供）；容量以 s 日 vol20 估計，未模擬開盤競價量與滑價；不可交易，僅觀察,未扣成本·事後欄位以 m_ 標示·非投資建議
HO,3,2024-01-26,2024-01-29,3025,星通,TWSE,W,W_atr14@3,3,521,0.066824,,0,0,1,-0.164,-3.764,8.674,14524.5,,不適用,0.0,1.0,376,inf,250.0,official_prepanel,small,4284.0,0,可交易（DK_s＝0）,未扣成本（成本參考：2.8 折來回約 0.38%、全額約 0.585%）；交易方法狀態未知（全額交割、變更交易方法、停止信用交易的來源未提供）；容量以 s 日 vol20 估計，未模擬開盤競價量與滑價；不可交易，僅觀察,未扣成本·事後欄位以 m_ 標示·非投資建議
HO,3,2024-01-26,2024-01-29,4806,桂田文創,TPEx,W,W_atr14@3,2,521,0.076793,,0,0,1,-2.256,-9.774,-8.271,52.0,,不適用,0.0,0.0,376,inf,250.0,official_prepanel,small,14.0,0,可交易（DK_s＝0）,未扣成本（成本參考：2.8 折來回約 0.38%、全額約 0.585%）；交易方法狀態未知（全額交割、變更交易方法、停止信用交易的來源未提供）；容量以 s 日 vol20 估計，未模擬開盤競價量與滑價；不可交易，僅觀察,未扣成本·事後欄位以 m_ 標示·非投資建議
HO,3,2024-01-26,2024-01-29,6276,安鈦克,TPEx,W,W_atr14@3,1,521,0.077573,,0,0,1,-0.709,-0.236,-5.556,2328.15,,不適用,0.0,1.0,376,inf,250.0,official_prepanel,small,1658.0,0,可交易（DK_s＝0）,未扣成本（成本參考：2.8 折來回約 0.38%、全額約 0.585%）；交易方法狀態未知（全額交割、變更交易方法、停止信用交易的來源未提供）；容量以 s 日 vol20 估計，未模擬開盤競價量與滑價；不可交易，僅觀察,未扣成本·事後欄位以 m_ 標示·非投資建議
HO,3,2024-01-29,2024-01-30,4806,桂田文創,TPEx,W,W_atr14@3,2,526,0.072802,,0,0,1,7.287,-7.692,3.644,47.05,,不適用,0.0,0.0,377,inf,250.0,official_prepanel,small,8.0,0,可交易（DK_s＝0）,未扣成本（成本參考：2.8 折來回約 0.38%、全額約 0.585%）；交易方法狀態未知（全額交割、變更交易方法、停止信用交易的來源未提供）；容量以 s 日 vol20 估計，未模擬開盤競價量與滑價；不可交易，僅觀察,未扣成本·事後欄位以 m_ 標示·非投資建議
HO,3,2024-01-29,2024-01-30,6225,天瀚,TWSE,W,W_atr14@3,3,526,0.067416,,0,0,1,1.504,16.917,20.301,30.45,,不適用,0.0,0.0,377,inf,250.0,official_prepanel,small,14.0,0,可交易（DK_s＝0）,未扣成本（成本參考：2.8 折來回約 0.38%、全額約 0.585%）；交易方法狀態未知（全額交割、變更交易方法、停止信用交易的來源未提供）；容量以 s 日 vol20 估計，未模擬開盤競價量與滑價；不可交易，僅觀察,未扣成本·事後欄位以 m_ 標示·非投資建議
HO,3,2024-01-29,2024-01-30,6276,安鈦克,TPEx,W,W_atr14@3,1,526,0.077211,,0,0,1,-2.249,-2.485,-5.089,2313.6,,不適用,0.0,2.0,377,inf,250.0,official_prepanel,small,1271.0,0,可交易（DK_s＝0）,未扣成本（成本參考：2.8 折來回約 0.38%、全額約 0.585%）；交易方法狀態未知（全額交割、變更交易方法、停止信用交易的來源未提供）；容量以 s 日 vol20 估計，未模擬開盤競價量與滑價；不可交易，僅觀察,未扣成本·事後欄位以 m_ 標示·非投資建議
HO,3,2024-01-30,2024-01-31,4806,桂田文創,TPEx,W,W_atr14@3,2,530,0.069272,,0,0,1,-1.859,-15.613,-4.833,30.75,,不適用,0.0,0.0,378,inf,250.0,official_prepanel,small,5.0,0,可交易（DK_s＝0）,未扣成本（成本參考：2.8 折來回約 0.38%、全額約 0.585%）；交易方法狀態未知（全額交割、變更交易方法、停止信用交易的來源未提供）；容量以 s 日 vol20 估計，未模擬開盤競價量與滑價；不可交易，僅觀察,未扣成本·事後欄位以 m_ 標示·非投資建議
HO,3,2024-01-30,2024-01-31,6225,天瀚,TWSE,W,W_atr14@3,3,530,0.065344,,0,0,1,-0.722,15.523,14.801,30.9,,不適用,0.0,0.0,378,inf,250.0,official_prepanel,small,28.0,0,可交易（DK_s＝0）,未扣成本（成本參考：2.8 折來回約 0.38%、全額約 0.585%）；交易方法狀態未知（全額交割、變更交易方法、停止信用交易的來源未提供）；容量以 s 日 vol20 估計，未模擬開盤競價量與滑價；不可交易，僅觀察,未扣成本·事後欄位以 m_ 標示·非投資建議
HO,3,2024-01-30,2024-01-31,6276,安鈦克,TPEx,W,W_atr14@3,1,530,0.078779,,0,0,1,-0.725,-1.208,-5.193,2298.25,,不適用,0.0,1.0,378,inf,250.0,official_prepanel,small,724.0,0,可交易（DK_s＝0）,未扣成本（成本參考：2.8 折來回約 0.38%、全額約 0.585%）；交易方法狀態未知（全額交割、變更交易方法、停止信用交易的來源未提供）；容量以 s 日 vol20 估計，未模擬開盤競價量與滑價；不可交易，僅觀察,未扣成本·事後欄位以 m_ 標示·非投資建議
HO,3,2024-01-31,2024-02-01,4806,桂田文創,TPEx,W,W_atr14@3,2,522,0.069264,,0,0,1,-7.663,-14.559,-3.065,28.95,,不適用,0.0,0.0,379,inf,250.0,official_prepanel,small,33.0,0,可交易（DK_s＝0）,未扣成本（成本參考：2.8 折來回約 0.38%、全額約 0.585%）；交易方法狀態未知（全額交割、變更交易方法、停止信用交易的來源未提供）；容量以 s 日 vol20 估計，未模擬開盤競價量與滑價；不可交易，僅觀察,未扣成本·事後欄位以 m_ 標示·非投資建議
HO,3,2024-01-31,2024-02-01,6225,天瀚,TWSE,W,W_atr14@3,3,522,0.062338,,0,0,1,3.309,17.647,17.647,32.05,,不適用,0.0,0.0,379,inf,250.0,official_prepanel,small,24.0,0,可交易（DK_s＝0）,未扣成本（成本參考：2.8 折來回約 0.38%、全額約 0.585%）；交易方法狀態未知（全額交割、變更交易方法、停止信用交易的來源未提供）；容量以 s 日 vol20 估計，未模擬開盤競價量與滑價；不可交易，僅觀察,未扣成本·事後欄位以 m_ 標示·非投資建議
HO,3,2024-01-31,2024-02-01,6276,安鈦克,TPEx,W,W_atr14@3,1,522,0.074296,,0,0,1,1.937,2.421,-8.596,2277.25,,不適用,0.0,1.0,379,inf,250.0,official_prepanel,small,1437.0,0,可交易（DK_s＝0）,未扣成本（成本參考：2.8 折來回約 0.38%、全額約 0.585%）；交易方法狀態未知（全額交割、變更交易方法、停止信用交易的來源未提供）；容量以 s 日 vol20 估計，未模擬開盤競價量與滑價；不可交易，僅觀察,未扣成本·事後欄位以 m_ 標示·非投資建議
HO,3,2024-02-01,2024-02-02,4806,桂田文創,TPEx,W,W_atr14@3,1,531,0.07706,,0,0,1,0.0,-7.5,4.167,28.65,,不適用,0.0,0.0,380,inf,250.0,official_prepanel,small,83.0,0,可交易（DK_s＝0）,未扣成本（成本參考：2.8 折來回約 0.38%、全額約 0.585%）；交易方法狀態未知（全額交割、變更交易方法、停止信用交易的來源未提供）；容量以 s 日 vol20 估計，未模擬開盤競價量與滑價；不可交易，僅觀察,未扣成本·事後欄位以 m_ 標示·非投資建議
HO,3,2024-02-01,2024-02-02,6240,松崗,TPEx,W,W_atr14@3,3,531,0.069889,,0,0,1,-3.03,-3.247,-4.762,277.4,,不適用,0.0,0.0,380,inf,250.0,official_prepanel,small,158.0,0,可交易（DK_s＝0）,未扣成本（成本參考：2.8 折來回約 0.38%、全額約 0.585%）；交易方法狀態未知（全額交割、變更交易方法、停止信用交易的來源未提供）；容量以 s 日 vol20 估計，未模擬開盤競價量與滑價；不可交易，僅觀察,未扣成本·事後欄位以 m_ 標示·非投資建議
HO,3,2024-02-01,2024-02-02,6276,安鈦克,TPEx,W,W_atr14@3,2,531,0.072277,,0,0,1,0.238,-0.238,-10.333,2296.55,,不適用,0.0,1.0,380,inf,250.0,official_prepanel,small,1541.0,0,可交易（DK_s＝0）,未扣成本（成本參考：2.8 折來回約 0.38%、全額約 0.585%）；交易方法狀態未知（全額交割、變更交易方法、停止信用交易的來源未提供）；容量以 s 日 vol20 估計，未模擬開盤競價量與滑價；不可交易，僅觀察,未扣成本·事後欄位以 m_ 標示·非投資建議
HO,3,2024-02-02,2024-02-05,4806,桂田文創,TPEx,W,W_atr14@3,1,530,0.072321,,0,0,1,-10.938,-4.688,-5.859,31.2,,不適用,0.0,0.0,381,inf,250.0,official_prepanel,small,56.0,0,可交易（DK_s＝0）,未扣成本（成本參考：2.8 折來回約 0.38%、全額約 0.585%）；交易方法狀態未知（全額交割、變更交易方法、停止信用交易的來源未提供）；容量以 s 日 vol20 估計，未模擬開盤競價量與滑價；不可交易，僅觀察,未扣成本·事後欄位以 m_ 標示·非投資建議
HO,3,2024-02-02,2024-02-05,6276,安鈦克,TPEx,W,W_atr14@3,2,530,0.068551,,0,0,1,-2.485,-5.444,-12.544,2333.45,,不適用,0.0,1.0,381,inf,250.0,official_prepanel,small,769.0,0,可交易（DK_s＝0）,未扣成本（成本參考：2.8 折來回約 0.38%、全額約 0.585%）；交易方法狀態未知（全額交割、變更交易方法、停止信用交易的來源未提供）；容量以 s 日 vol20 估計，未模擬開盤競價量與滑價；不可交易，僅觀察,未扣成本·事後欄位以 m_ 標示·非投資建議
HO,3,2024-02-02,2024-02-05,6906,現觀科,TWSE,W,W_atr14@3,3,530,0.06823,,0,0,1,0.761,-9.391,-14.721,674.4,,不適用,0.0,1.0,15,15.0,15.0,official,mid,360.0,0,可交易（DK_s＝0）,未扣成本（成本參考：2.8 折來回約 0.38%、全額約 0.585%）；交易方法狀態未知（全額交割、變更交易方法、停止信用交易的來源未提供）；容量以 s 日 vol20 估計，未模擬開盤競價量與滑價；不可交易，僅觀察,未扣成本·事後欄位以 m_ 標示·非投資建議
HO,3,2024-02-05,2024-02-15,4806,桂田文創,TPEx,W,W_atr14@3,1,535,0.078947,,0,0,1,-0.439,12.281,-0.439,33.0,,不適用,0.0,0.0,382,inf,250.0,official_prepanel,small,33.0,0,可交易（DK_s＝0）,未扣成本（成本參考：2.8 折來回約 0.38%、全額約 0.585%）；交易方法狀態未知（全額交割、變更交易方法、停止信用交易的來源未提供）；容量以 s 日 vol20 估計，未模擬開盤競價量與滑價；不可交易，僅觀察,未扣成本·事後欄位以 m_ 標示·非投資建議
HO,3,2024-02-05,2024-02-15,6462,神盾,TPEx,W,W_atr14@3,3,535,0.066174,,1,0,1,9.722,9.921,33.333,19404.26,,不適用,1.0,5.0,382,inf,250.0,official_prepanel,mid,5429.0,1,處置中・交易規則另案登錄（DK_s＝1）,未扣成本（成本參考：2.8 折來回約 0.38%、全額約 0.585%）；交易方法狀態未知（全額交割、變更交易方法、停止信用交易的來源未提供）；容量以 s 日 vol20 估計，未模擬開盤競價量與滑價；不可交易，僅觀察,未扣成本·事後欄位以 m_ 標示·非投資建議
HO,3,2024-02-05,2024-02-15,6906,現觀科,TWSE,W,W_atr14@3,2,535,0.06909,,0,0,1,0.256,-7.928,-10.997,654.75,,不適用,0.0,1.0,16,16.0,16.0,official,mid,455.0,0,可交易（DK_s＝0）,未扣成本（成本參考：2.8 折來回約 0.38%、全額約 0.585%）；交易方法狀態未知（全額交割、變更交易方法、停止信用交易的來源未提供）；容量以 s 日 vol20 估計，未模擬開盤競價量與滑價；不可交易，僅觀察,未扣成本·事後欄位以 m_ 標示·非投資建議
HO,3,2024-02-15,2024-02-16,2443,,TWSE,W,W_atr14@3,1,524,0.082011,,0,0,1,-0.792,3.168,0.198,1463.5,,不適用,0.0,0.0,383,inf,250.0,fallback_prepanel,small,493.0,0,可交易（DK_s＝0）,未扣成本（成本參考：2.8 折來回約 0.38%、全額約 0.585%）；交易方法狀態未知（全額交割、變更交易方法、停止信用交易的來源未提供）；容量以 s 日 vol20 估計，未模擬開盤競價量與滑價；不可交易，僅觀察,未扣成本·事後欄位以 m_ 標示·非投資建議
HO,3,2024-02-15,2024-02-16,4806,桂田文創,TPEx,W,W_atr14@3,2,524,0.078666,,0,0,1,0.905,15.837,0.452,31.7,,不適用,0.0,0.0,383,inf,250.0,official_prepanel,small,7.0,0,可交易（DK_s＝0）,未扣成本（成本參考：2.8 折來回約 0.38%、全額約 0.585%）；交易方法狀態未知（全額交割、變更交易方法、停止信用交易的來源未提供）；容量以 s 日 vol20 估計，未模擬開盤競價量與滑價；不可交易，僅觀察,未扣成本·事後欄位以 m_ 標示·非投資建議
HO,3,2024-02-15,2024-02-16,6906,現觀科,TWSE,W,W_atr14@3,3,524,0.068149,,0,0,1,-0.518,-6.736,-11.399,643.0,,不適用,0.0,0.0,17,17.0,17.0,official,mid,217.0,0,可交易（DK_s＝0）,未扣成本（成本參考：2.8 折來回約 0.38%、全額約 0.585%）；交易方法狀態未知（全額交割、變更交易方法、停止信用交易的來源未提供）；容量以 s 日 vol20 估計，未模擬開盤競價量與滑價；不可交易，僅觀察,未扣成本·事後欄位以 m_ 標示·非投資建議
HO,3,2024-02-16,2024-02-19,4609,唐鋒,TPEx,W,W_atr14@3,3,517,0.062606,,0,0,1,2.715,-3.318,-2.112,22.7,,不適用,0.0,0.0,384,inf,250.0,official_prepanel,small,5.0,0,可交易（DK_s＝0）,未扣成本（成本參考：2.8 折來回約 0.38%、全額約 0.585%）；交易方法狀態未知（全額交割、變更交易方法、停止信用交易的來源未提供）；容量以 s 日 vol20 估計，未模擬開盤競價量與滑價；不可交易，僅觀察,未扣成本·事後欄位以 m_ 標示·非投資建議
HO,3,2024-02-16,2024-02-19,4806,桂田文創,TPEx,W,W_atr14@3,1,517,0.076874,,0,0,1,0.452,14.48,8.145,31.6,,不適用,0.0,0.0,384,inf,250.0,official_prepanel,small,18.0,0,可交易（DK_s＝0）,未扣成本（成本參考：2.8 折來回約 0.38%、全額約 0.585%）；交易方法狀態未知（全額交割、變更交易方法、停止信用交易的來源未提供）；容量以 s 日 vol20 估計，未模擬開盤競價量與滑價；不可交易，僅觀察,未扣成本·事後欄位以 m_ 標示·非投資建議
HO,3,2024-02-16,2024-02-19,6906,現觀科,TWSE,W,W_atr14@3,2,517,0.068266,,0,0,1,0.521,-8.073,-10.938,619.33,,不適用,0.0,0.0,18,18.0,18.0,official,mid,344.0,0,可交易（DK_s＝0）,未扣成本（成本參考：2.8 折來回約 0.38%、全額約 0.585%）；交易方法狀態未知（全額交割、變更交易方法、停止信用交易的來源未提供）；容量以 s 日 vol20 估計，未模擬開盤競價量與滑價；不可交易，僅觀察,未扣成本·事後欄位以 m_ 標示·非投資建議
HO,3,2024-02-19,2024-02-20,2443,,TWSE,W,W_atr14@3,1,514,0.078134,,0,0,1,9.776,4.888,-1.018,1430.3,,不適用,0.0,0.0,385,inf,250.0,fallback_prepanel,small,1233.0,0,可交易（DK_s＝0）,未扣成本（成本參考：2.8 折來回約 0.38%、全額約 0.585%）；交易方法狀態未知（全額交割、變更交易方法、停止信用交易的來源未提供）；容量以 s 日 vol20 估計，未模擬開盤競價量與滑價；不可交易，僅觀察,未扣成本·事後欄位以 m_ 標示·非投資建議
HO,3,2024-02-19,2024-02-20,4806,桂田文創,TPEx,W,W_atr14@3,3,514,0.071107,,0,0,1,9.91,12.613,12.613,32.15,,不適用,0.0,0.0,385,inf,250.0,official_prepanel,small,48.0,0,可交易（DK_s＝0）,未扣成本（成本參考：2.8 折來回約 0.38%、全額約 0.585%）；交易方法狀態未知（全額交割、變更交易方法、停止信用交易的來源未提供）；容量以 s 日 vol20 估計，未模擬開盤競價量與滑價；不可交易，僅觀察,未扣成本·事後欄位以 m_ 標示·非投資建議
HO,3,2024-02-19,2024-02-20,8080,泰霖,TPEx,W,W_atr14@3,2,514,0.074805,,0,0,1,2.571,-6.571,-1.714,,,不適用,1.0,4.0,385,inf,250.0,official_prepanel,small,162.0,1,處置中・交易規則另案登錄（DK_s＝1）,未扣成本（成本參考：2.8 折來回約 0.38%、全額約 0.585%）；交易方法狀態未知（全額交割、變更交易方法、停止信用交易的來源未提供）；容量以 s 日 vol20 估計，未模擬開盤競價量與滑價；不可交易，僅觀察,未扣成本·事後欄位以 m_ 標示·非投資建議
HO,3,2024-02-20,2024-02-21,6462,神盾,TPEx,W,W_atr14@3,2,481,0.075689,,0,0,1,-2.807,10.702,2.982,16069.74,,不適用,1.0,1.0,386,inf,250.0,official_prepanel,large,3240.0,1,處置中・交易規則另案登錄（DK_s＝1）,未扣成本（成本參考：2.8 折來回約 0.38%、全額約 0.585%）；交易方法狀態未知（全額交割、變更交易方法、停止信用交易的來源未提供）；容量以 s 日 vol20 估計，未模擬開盤競價量與滑價；不可交易，僅觀察,未扣成本·事後欄位以 m_ 標示·非投資建議
HO,3,2024-02-20,2024-02-21,6906,現觀科,TWSE,W,W_atr14@3,1,481,0.07603,,0,0,1,1.983,-4.816,-1.416,620.4,,不適用,0.0,0.0,20,20.0,20.0,official,small,241.0,0,可交易（DK_s＝0）,未扣成本（成本參考：2.8 折來回約 0.38%、全額約 0.585%）；交易方法狀態未知（全額交割、變更交易方法、停止信用交易的來源未提供）；容量以 s 日 vol20 估計，未模擬開盤競價量與滑價；不可交易，僅觀察,未扣成本·事後欄位以 m_ 標示·非投資建議
HO,3,2024-02-20,2024-02-21,8080,泰霖,TPEx,W,W_atr14@3,3,481,0.070495,,0,0,1,0.0,-10.857,8.0,,,不適用,1.0,3.0,386,inf,250.0,official_prepanel,small,71.0,1,處置中・交易規則另案登錄（DK_s＝1）,未扣成本（成本參考：2.8 折來回約 0.38%、全額約 0.585%）；交易方法狀態未知（全額交割、變更交易方法、停止信用交易的來源未提供）；容量以 s 日 vol20 估計，未模擬開盤競價量與滑價；不可交易，僅觀察,未扣成本·事後欄位以 m_ 標示·非投資建議
HO,3,2024-02-21,2024-02-22,6906,現觀科,TWSE,W,W_atr14@3,2,476,0.070437,,0,0,1,0.0,-3.333,-5.833,568.5,,不適用,0.0,0.0,21,21.0,21.0,official,small,222.0,0,可交易（DK_s＝0）,未扣成本（成本參考：2.8 折來回約 0.38%、全額約 0.585%）；交易方法狀態未知（全額交割、變更交易方法、停止信用交易的來源未提供）；容量以 s 日 vol20 估計，未模擬開盤競價量與滑價；不可交易，僅觀察,未扣成本·事後欄位以 m_ 標示·非投資建議
HO,3,2024-02-21,2024-02-22,8067,志旭,TPEx,W,W_atr14@3,1,476,0.071953,,0,0,1,9.831,1.404,7.303,99.81,,不適用,0.0,2.0,387,inf,250.0,official_prepanel,small,174.0,0,可交易（DK_s＝0）,未扣成本（成本參考：2.8 折來回約 0.38%、全額約 0.585%）；交易方法狀態未知（全額交割、變更交易方法、停止信用交易的來源未提供）；容量以 s 日 vol20 估計，未模擬開盤競價量與滑價；不可交易，僅觀察,未扣成本·事後欄位以 m_ 標示·非投資建議
HO,3,2024-02-21,2024-02-22,8080,泰霖,TPEx,W,W_atr14@3,3,476,0.07,,0,0,1,-4.36,-0.291,20.64,,,不適用,1.0,2.0,387,inf,250.0,official_prepanel,small,117.0,1,處置中・交易規則另案登錄（DK_s＝1）,未扣成本（成本參考：2.8 折來回約 0.38%、全額約 0.585%）；交易方法狀態未知（全額交割、變更交易方法、停止信用交易的來源未提供）；容量以 s 日 vol20 估計，未模擬開盤競價量與滑價；不可交易，僅觀察,未扣成本·事後欄位以 m_ 標示·非投資建議
HO,3,2024-02-22,2024-02-23,5314,世紀*,TPEx,W,W_atr14@3,1,475,0.090716,,0,0,1,-0.885,26.844,40.413,299.9,,不適用,1.0,0.0,388,inf,250.0,official_prepanel,small,109.0,1,處置中・交易規則另案登錄（DK_s＝1）,未扣成本（成本參考：2.8 折來回約 0.38%、全額約 0.585%）；交易方法狀態未知（全額交割、變更交易方法、停止信用交易的來源未提供）；容量以 s 日 vol20 估計，未模擬開盤競價量與滑價；不可交易，僅觀察,未扣成本·事後欄位以 m_ 標示·非投資建議
HO,3,2024-02-22,2024-02-23,6785,昱展新藥,TPEx,W,W_atr14@3,2,475,0.083247,,0,0,1,4.146,4.146,-17.714,1973.47,,不適用,1.0,4.0,15,15.0,15.0,official,large,657.0,1,處置中・交易規則另案登錄（DK_s＝1）,未扣成本（成本參考：2.8 折來回約 0.38%、全額約 0.585%）；交易方法狀態未知（全額交割、變更交易方法、停止信用交易的來源未提供）；容量以 s 日 vol20 估計，未模擬開盤競價量與滑價；不可交易，僅觀察,未扣成本·事後欄位以 m_ 標示·非投資建議
HO,3,2024-02-22,2024-02-23,8080,泰霖,TPEx,W,W_atr14@3,3,475,0.081416,,0,0,1,-0.613,15.644,16.258,245.93,,不適用,1.0,1.0,388,inf,250.0,official_prepanel,small,78.0,1,處置中・交易規則另案登錄（DK_s＝1）,未扣成本（成本參考：2.8 折來回約 0.38%、全額約 0.585%）；交易方法狀態未知（全額交割、變更交易方法、停止信用交易的來源未提供）；容量以 s 日 vol20 估計，未模擬開盤競價量與滑價；不可交易，僅觀察,未扣成本·事後欄位以 m_ 標示·非投資建議
HO,3,2024-02-23,2024-02-26,5314,世紀*,TPEx,W,W_atr14@3,1,482,0.088648,,0,0,1,1.176,39.118,32.941,297.1,,不適用,1.0,0.0,389,inf,250.0,official_prepanel,small,72.0,1,處置中・交易規則另案登錄（DK_s＝1）,未扣成本（成本參考：2.8 折來回約 0.38%、全額約 0.585%）；交易方法狀態未知（全額交割、變更交易方法、停止信用交易的來源未提供）；容量以 s 日 vol20 估計，未模擬開盤競價量與滑價；不可交易，僅觀察,未扣成本·事後欄位以 m_ 標示·非投資建議
HO,3,2024-02-23,2024-02-26,6785,昱展新藥,TPEx,W,W_atr14@3,2,482,0.083577,,0,0,1,-1.38,0.627,-24.09,1891.19,,不適用,1.0,4.0,16,16.0,16.0,official,large,998.0,1,處置中・交易規則另案登錄（DK_s＝1）,未扣成本（成本參考：2.8 折來回約 0.38%、全額約 0.585%）；交易方法狀態未知（全額交割、變更交易方法、停止信用交易的來源未提供）；容量以 s 日 vol20 估計，未模擬開盤競價量與滑價；不可交易，僅觀察,未扣成本·事後欄位以 m_ 標示·非投資建議
HO,3,2024-02-23,2024-02-26,8080,泰霖,TPEx,W,W_atr14@3,3,482,0.08157,,0,0,1,0.926,10.802,11.111,235.44,,不適用,1.0,0.0,389,inf,250.0,official_prepanel,small,30.0,1,處置中・交易規則另案登錄（DK_s＝1）,未扣成本（成本參考：2.8 折來回約 0.38%、全額約 0.585%）；交易方法狀態未知（全額交割、變更交易方法、停止信用交易的來源未提供）；容量以 s 日 vol20 估計，未模擬開盤競價量與滑價；不可交易，僅觀察,未扣成本·事後欄位以 m_ 標示·非投資建議
HO,3,2024-02-26,2024-02-27,5314,世紀*,TPEx,W,W_atr14@3,2,482,0.086171,,0,0,1,3.488,51.163,37.791,296.65,,不適用,1.0,0.0,390,inf,250.0,official_prepanel,small,162.0,1,處置中・交易規則另案登錄（DK_s＝1）,未扣成本（成本參考：2.8 折來回約 0.38%、全額約 0.585%）；交易方法狀態未知（全額交割、變更交易方法、停止信用交易的來源未提供）；容量以 s 日 vol20 估計，未模擬開盤競價量與滑價；不可交易，僅觀察,未扣成本·事後欄位以 m_ 標示·非投資建議
HO,3,2024-02-26,2024-02-27,6785,昱展新藥,TPEx,W,W_atr14@3,1,482,0.088422,,0,0,1,5.366,0.732,-19.512,1838.65,,不適用,1.0,3.0,17,17.0,17.0,official,large,1084.0,1,處置中・交易規則另案登錄（DK_s＝1）,未扣成本（成本參考：2.8 折來回約 0.38%、全額約 0.585%）；交易方法狀態未知（全額交割、變更交易方法、停止信用交易的來源未提供）；容量以 s 日 vol20 估計，未模擬開盤競價量與滑價；不可交易，僅觀察,未扣成本·事後欄位以 m_ 標示·非投資建議
HO,3,2024-02-26,2024-02-27,8080,泰霖,TPEx,W,W_atr14@3,3,482,0.077982,,0,0,1,-2.5,7.5,14.375,223.35,,不適用,1.0,0.0,390,inf,250.0,official_prepanel,small,50.0,1,處置中・交易規則另案登錄（DK_s＝1）,未扣成本（成本參考：2.8 折來回約 0.38%、全額約 0.585%）；交易方法狀態未知（全額交割、變更交易方法、停止信用交易的來源未提供）；容量以 s 日 vol20 估計，未模擬開盤競價量與滑價；不可交易，僅觀察,未扣成本·事後欄位以 m_ 標示·非投資建議
HO,3,2024-02-27,2024-02-29,5314,世紀*,TPEx,W,W_atr14@3,1,473,0.080859,,1,0,1,1.295,29.534,24.87,298.75,,不適用,1.0,0.0,391,inf,250.0,official_prepanel,small,180.0,0,處置中・交易規則另案登錄（DK_s＝1）,未扣成本（成本參考：2.8 折來回約 0.38%、全額約 0.585%）；交易方法狀態未知（全額交割、變更交易方法、停止信用交易的來源未提供）；容量以 s 日 vol20 估計，未模擬開盤競價量與滑價；不可交易，僅觀察,未扣成本·事後欄位以 m_ 標示·非投資建議
HO,3,2024-02-27,2024-02-29,8067,志旭,TPEx,W,W_atr14@3,3,473,0.078204,,0,0,1,-3.989,1.064,-9.574,112.11,,不適用,0.0,0.0,391,inf,250.0,official_prepanel,small,49.0,0,可交易（DK_s＝0）,未扣成本（成本參考：2.8 折來回約 0.38%、全額約 0.585%）；交易方法狀態未知（全額交割、變更交易方法、停止信用交易的來源未提供）；容量以 s 日 vol20 估計，未模擬開盤競價量與滑價；不可交易，僅觀察,未扣成本·事後欄位以 m_ 標示·非投資建議
HO,3,2024-02-27,2024-02-29,8080,泰霖,TPEx,W,W_atr14@3,2,473,0.080357,,1,0,1,8.889,20.0,13.968,213.72,,不適用,1.0,0.0,391,inf,250.0,official_prepanel,small,99.0,1,處置中・交易規則另案登錄（DK_s＝1）,未扣成本（成本參考：2.8 折來回約 0.38%、全額約 0.585%）；交易方法狀態未知（全額交割、變更交易方法、停止信用交易的來源未提供）；容量以 s 日 vol20 估計，未模擬開盤競價量與滑價；不可交易，僅觀察,未扣成本·事後欄位以 m_ 標示·非投資建議
HO,3,2024-02-29,2024-03-01,4806,桂田文創,TPEx,W,W_atr14@3,3,463,0.063247,,0,0,1,1.37,5.023,10.502,30.6,,不適用,0.0,0.0,392,inf,250.0,official_prepanel,small,37.0,0,可交易（DK_s＝0）,未扣成本（成本參考：2.8 折來回約 0.38%、全額約 0.585%）；交易方法狀態未知（全額交割、變更交易方法、停止信用交易的來源未提供）；容量以 s 日 vol20 估計，未模擬開盤競價量與滑價；不可交易，僅觀察,未扣成本·事後欄位以 m_ 標示·非投資建議
HO,3,2024-02-29,2024-03-01,6785,昱展新藥,TPEx,W,W_atr14@3,1,463,0.084371,,0,0,1,-2.471,-14.471,-27.294,1737.53,,不適用,1.0,1.0,19,19.0,19.0,official,large,589.0,1,處置中・交易規則另案登錄（DK_s＝1）,未扣成本（成本參考：2.8 折來回約 0.38%、全額約 0.585%）；交易方法狀態未知（全額交割、變更交易方法、停止信用交易的來源未提供）；容量以 s 日 vol20 估計，未模擬開盤競價量與滑價；不可交易，僅觀察,未扣成本·事後欄位以 m_ 標示·非投資建議
HO,3,2024-02-29,2024-03-01,8067,志旭,TPEx,W,W_atr14@3,2,463,0.081717,,0,0,1,0.761,-3.046,-17.005,108.79,,不適用,0.0,0.0,392,inf,250.0,official_prepanel,small,241.0,0,可交易（DK_s＝0）,未扣成本（成本參考：2.8 折來回約 0.38%、全額約 0.585%）；交易方法狀態未知（全額交割、變更交易方法、停止信用交易的來源未提供）；容量以 s 日 vol20 估計，未模擬開盤競價量與滑價；不可交易，僅觀察,未扣成本·事後欄位以 m_ 標示·非投資建議
HO,3,2024-03-01,2024-03-04,2321,東訊,TWSE,W,W_atr14@3,2,449,0.073089,,0,0,1,9.091,9.764,7.744,15.42,,不適用,0.0,0.0,393,inf,250.0,official_prepanel,small,3.0,0,可交易（DK_s＝0）,未扣成本（成本參考：2.8 折來回約 0.38%、全額約 0.585%）；交易方法狀態未知（全額交割、變更交易方法、停止信用交易的來源未提供）；容量以 s 日 vol20 估計，未模擬開盤競價量與滑價；不可交易，僅觀察,未扣成本·事後欄位以 m_ 標示·非投資建議
HO,3,2024-03-01,2024-03-04,4806,桂田文創,TPEx,W,W_atr14@3,3,449,0.065637,,0,0,1,11.163,13.953,6.977,30.4,,不適用,0.0,0.0,393,inf,250.0,official_prepanel,small,13.0,0,可交易（DK_s＝0）,未扣成本（成本參考：2.8 折來回約 0.38%、全額約 0.585%）；交易方法狀態未知（全額交割、變更交易方法、停止信用交易的來源未提供）；容量以 s 日 vol20 估計，未模擬開盤競價量與滑價；不可交易，僅觀察,未扣成本·事後欄位以 m_ 標示·非投資建議
HO,3,2024-03-01,2024-03-04,6785,昱展新藥,TPEx,W,W_atr14@3,1,449,0.090212,,0,0,1,0.125,-18.227,-20.599,1680.1,,不適用,1.0,0.0,20,20.0,20.0,official,large,536.0,1,處置中・交易規則另案登錄（DK_s＝1）,未扣成本（成本參考：2.8 折來回約 0.38%、全額約 0.585%）；交易方法狀態未知（全額交割、變更交易方法、停止信用交易的來源未提供）；容量以 s 日 vol20 估計，未模擬開盤競價量與滑價；不可交易，僅觀察,未扣成本·事後欄位以 m_ 標示·非投資建議
HO,3,2024-03-04,2024-03-05,2321,東訊,TWSE,W,W_atr14@3,3,426,0.075261,,0,0,1,0.0,-0.898,-2.994,15.47,,不適用,0.0,0.0,394,inf,250.0,official_prepanel,small,2.0,0,可交易（DK_s＝0）,未扣成本（成本參考：2.8 折來回約 0.38%、全額約 0.585%）；交易方法狀態未知（全額交割、變更交易方法、停止信用交易的來源未提供）；容量以 s 日 vol20 估計，未模擬開盤競價量與滑價；不可交易，僅觀察,未扣成本·事後欄位以 m_ 標示·非投資建議
HO,3,2024-03-04,2024-03-05,6785,昱展新藥,TPEx,W,W_atr14@3,1,426,0.091201,,0,0,1,2.101,-25.216,-17.182,1549.05,,不適用,1.0,0.0,21,21.0,21.0,official,large,496.0,1,處置中・交易規則另案登錄（DK_s＝1）,未扣成本（成本參考：2.8 折來回約 0.38%、全額約 0.585%）；交易方法狀態未知（全額交割、變更交易方法、停止信用交易的來源未提供）；容量以 s 日 vol20 估計，未模擬開盤競價量與滑價；不可交易，僅觀察,未扣成本·事後欄位以 m_ 標示·非投資建議
HO,3,2024-03-04,2024-03-05,8080,泰霖,TPEx,W,W_atr14@3,2,426,0.076204,,0,0,1,-0.578,4.046,3.757,260.0,,不適用,0.0,0.0,394,inf,250.0,official_prepanel,small,305.0,0,可交易（DK_s＝0）,未扣成本（成本參考：2.8 折來回約 0.38%、全額約 0.585%）；交易方法狀態未知（全額交割、變更交易方法、停止信用交易的來源未提供）；容量以 s 日 vol20 估計，未模擬開盤競價量與滑價；不可交易，僅觀察,未扣成本·事後欄位以 m_ 標示·非投資建議
HO,3,2024-03-05,2024-03-06,6785,昱展新藥,TPEx,W,W_atr14@3,1,428,0.086129,,0,0,1,-2.3,-20.097,-24.092,1465.35,,不適用,1.0,0.0,22,22.0,22.0,official,large,671.0,1,處置中・交易規則另案登錄（DK_s＝1）,未扣成本（成本參考：2.8 折來回約 0.38%、全額約 0.585%）；交易方法狀態未知（全額交割、變更交易方法、停止信用交易的來源未提供）；容量以 s 日 vol20 估計，未模擬開盤競價量與滑價；不可交易，僅觀察,未扣成本·事後欄位以 m_ 標示·非投資建議
HO,3,2024-03-05,2024-03-06,8067,志旭,TPEx,W,W_atr14@3,3,428,0.074821,,0,0,1,-6.173,-11.358,-15.556,136.26,,不適用,0.0,0.0,395,inf,250.0,official_prepanel,small,77.0,0,可交易（DK_s＝0）,未扣成本（成本參考：2.8 折來回約 0.38%、全額約 0.585%）；交易方法狀態未知（全額交割、變更交易方法、停止信用交易的來源未提供）；容量以 s 日 vol20 估計，未模擬開盤競價量與滑價；不可交易，僅觀察,未扣成本·事後欄位以 m_ 標示·非投資建議
HO,3,2024-03-05,2024-03-06,8080,泰霖,TPEx,W,W_atr14@3,2,428,0.077865,,1,0,1,9.884,6.395,1.453,272.6,,不適用,0.0,0.0,395,inf,250.0,official_prepanel,small,296.0,0,可交易（DK_s＝0）,未扣成本（成本參考：2.8 折來回約 0.38%、全額約 0.585%）；交易方法狀態未知（全額交割、變更交易方法、停止信用交易的來源未提供）；容量以 s 日 vol20 估計，未模擬開盤競價量與滑價；不可交易，僅觀察,未扣成本·事後欄位以 m_ 標示·非投資建議
HO,3,2024-03-06,2024-03-07,2321,東訊,TWSE,W,W_atr14@3,2,416,0.074773,,0,0,1,0.0,6.189,7.492,13.89,,不適用,0.0,0.0,396,inf,250.0,official_prepanel,small,2.0,0,可交易（DK_s＝0）,未扣成本（成本參考：2.8 折來回約 0.38%、全額約 0.585%）；交易方法狀態未知（全額交割、變更交易方法、停止信用交易的來源未提供）；容量以 s 日 vol20 估計，未模擬開盤競價量與滑價；不可交易，僅觀察,未扣成本·事後欄位以 m_ 標示·非投資建議
HO,3,2024-03-06,2024-03-07,6785,昱展新藥,TPEx,W,W_atr14@3,1,416,0.085944,,0,0,1,-8.553,-20.755,-20.755,1363.1,,不適用,1.0,0.0,23,23.0,23.0,official,large,1485.0,0,處置中・交易規則另案登錄（DK_s＝1）,未扣成本（成本參考：2.8 折來回約 0.38%、全額約 0.585%）；交易方法狀態未知（全額交割、變更交易方法、停止信用交易的來源未提供）；容量以 s 日 vol20 估計，未模擬開盤競價量與滑價；不可交易，僅觀察,未扣成本·事後欄位以 m_ 標示·非投資建議
HO,3,2024-03-06,2024-03-07,8291,尚茂,TPEx,W,W_atr14@3,3,416,0.065893,,0,0,1,0.0,,-14.418,33.2,,不適用,0.0,0.0,396,inf,250.0,official_prepanel,small,13.0,0,可交易（DK_s＝0）,未扣成本（成本參考：2.8 折來回約 0.38%、全額約 0.585%）；交易方法狀態未知（全額交割、變更交易方法、停止信用交易的來源未提供）；容量以 s 日 vol20 估計，未模擬開盤競價量與滑價；不可交易，僅觀察,未扣成本·事後欄位以 m_ 標示·非投資建議
HO,3,2024-03-07,2024-03-08,2321,東訊,TWSE,W,W_atr14@3,2,414,0.072914,,0,0,1,6.885,1.311,7.213,13.58,,不適用,0.0,0.0,397,inf,250.0,official_prepanel,small,20.0,0,可交易（DK_s＝0）,未扣成本（成本參考：2.8 折來回約 0.38%、全額約 0.585%）；交易方法狀態未知（全額交割、變更交易方法、停止信用交易的來源未提供）；容量以 s 日 vol20 估計，未模擬開盤競價量與滑價；不可交易，僅觀察,未扣成本·事後欄位以 m_ 標示·非投資建議
HO,3,2024-03-07,2024-03-08,6785,昱展新藥,TPEx,W,W_atr14@3,1,414,0.096188,,0,0,1,-1.799,-7.346,-6.297,1325.75,,不適用,0.0,0.0,24,24.0,24.0,official,large,1903.0,0,可交易（DK_s＝0）,未扣成本（成本參考：2.8 折來回約 0.38%、全額約 0.585%）；交易方法狀態未知（全額交割、變更交易方法、停止信用交易的來源未提供）；容量以 s 日 vol20 估計，未模擬開盤競價量與滑價；不可交易，僅觀察,未扣成本·事後欄位以 m_ 標示·非投資建議
HO,3,2024-03-07,2024-03-08,8291,尚茂,TPEx,W,W_atr14@3,3,414,0.067744,,0,0,1,-1.685,-8.287,-0.281,28.65,,不適用,0.0,0.0,397,inf,250.0,official_prepanel,small,20.0,0,可交易（DK_s＝0）,未扣成本（成本參考：2.8 折來回約 0.38%、全額約 0.585%）；交易方法狀態未知（全額交割、變更交易方法、停止信用交易的來源未提供）；容量以 s 日 vol20 估計，未模擬開盤競價量與滑價；不可交易，僅觀察,未扣成本·事後欄位以 m_ 標示·非投資建議
HO,3,2024-03-08,2024-03-11,4588,玖鼎電力,TWSE,W,W_atr14@3,2,395,0.07663,,0,0,1,-3.039,-1.961,0.98,1267.75,,不適用,1.0,0.0,22,22.0,22.0,official,small,624.0,1,處置中・交易規則另案登錄（DK_s＝1）,未扣成本（成本參考：2.8 折來回約 0.38%、全額約 0.585%）；交易方法狀態未知（全額交割、變更交易方法、停止信用交易的來源未提供）；容量以 s 日 vol20 估計，未模擬開盤競價量與滑價；不可交易，僅觀察,未扣成本·事後欄位以 m_ 標示·非投資建議
HO,3,2024-03-08,2024-03-11,6640,均華,TPEx,W,W_atr14@3,3,395,0.072105,,0,0,1,2.977,2.802,40.28,235.65,,不適用,1.0,3.0,398,inf,250.0,official_prepanel,mid,330.0,1,處置中・交易規則另案登錄（DK_s＝1）,未扣成本（成本參考：2.8 折來回約 0.38%、全額約 0.585%）；交易方法狀態未知（全額交割、變更交易方法、停止信用交易的來源未提供）；容量以 s 日 vol20 估計，未模擬開盤競價量與滑價；不可交易，僅觀察,未扣成本·事後欄位以 m_ 標示·非投資建議
HO,3,2024-03-08,2024-03-11,6785,昱展新藥,TPEx,W,W_atr14@3,1,395,0.101745,,0,0,1,-1.144,3.922,-0.98,1348.75,,不適用,0.0,1.0,25,25.0,25.0,official,large,1399.0,0,可交易（DK_s＝0）,未扣成本（成本參考：2.8 折來回約 0.38%、全額約 0.585%）；交易方法狀態未知（全額交割、變更交易方法、停止信用交易的來源未提供）；容量以 s 日 vol20 估計，未模擬開盤競價量與滑價；不可交易，僅觀察,未扣成本·事後欄位以 m_ 標示·非投資建議
HO,3,2024-03-11,2024-03-12,4588,玖鼎電力,TWSE,W,W_atr14@3,2,384,0.082912,,0,0,1,7.51,8.025,6.996,1259.2,,不適用,1.0,0.0,23,23.0,23.0,official,small,891.0,1,處置中・交易規則另案登錄（DK_s＝1）,未扣成本（成本參考：2.8 折來回約 0.38%、全額約 0.585%）；交易方法狀態未知（全額交割、變更交易方法、停止信用交易的來源未提供）；容量以 s 日 vol20 估計，未模擬開盤競價量與滑價；不可交易，僅觀察,未扣成本·事後欄位以 m_ 標示·非投資建議
HO,3,2024-03-11,2024-03-12,6640,均華,TPEx,W,W_atr14@3,3,384,0.079446,,0,0,1,7.179,10.256,41.709,245.4,,不適用,1.0,2.0,399,inf,250.0,official_prepanel,mid,144.0,1,處置中・交易規則另案登錄（DK_s＝1）,未扣成本（成本參考：2.8 折來回約 0.38%、全額約 0.585%）；交易方法狀態未知（全額交割、變更交易方法、停止信用交易的來源未提供）；容量以 s 日 vol20 估計，未模擬開盤競價量與滑價；不可交易，僅觀察,未扣成本·事後欄位以 m_ 標示·非投資建議
HO,3,2024-03-11,2024-03-12,6785,昱展新藥,TPEx,W,W_atr14@3,1,384,0.105431,,0,0,1,7.843,9.477,1.634,1346.25,,不適用,0.0,2.0,26,26.0,26.0,official,large,1099.0,0,可交易（DK_s＝0）,未扣成本（成本參考：2.8 折來回約 0.38%、全額約 0.585%）；交易方法狀態未知（全額交割、變更交易方法、停止信用交易的來源未提供）；容量以 s 日 vol20 估計，未模擬開盤競價量與滑價；不可交易，僅觀察,未扣成本·事後欄位以 m_ 標示·非投資建議
HO,3,2024-03-12,2024-03-13,4588,玖鼎電力,TWSE,W,W_atr14@3,2,370,0.081066,,0,0,1,8.654,5.769,3.365,1274.5,,不適用,1.0,0.0,24,24.0,24.0,official,small,2243.0,0,處置中・交易規則另案登錄（DK_s＝1）,未扣成本（成本參考：2.8 折來回約 0.38%、全額約 0.585%）；交易方法狀態未知（全額交割、變更交易方法、停止信用交易的來源未提供）；容量以 s 日 vol20 估計，未模擬開盤競價量與滑價；不可交易，僅觀察,未扣成本·事後欄位以 m_ 標示·非投資建議
HO,3,2024-03-12,2024-03-13,6640,均華,TPEx,W,W_atr14@3,3,370,0.075302,,0,0,1,-7.377,13.607,29.508,245.65,,不適用,1.0,1.0,400,inf,250.0,official_prepanel,mid,185.0,1,處置中・交易規則另案登錄（DK_s＝1）,未扣成本（成本參考：2.8 折來回約 0.38%、全額約 0.585%）；交易方法狀態未知（全額交割、變更交易方法、停止信用交易的來源未提供）；容量以 s 日 vol20 估計，未模擬開盤競價量與滑價；不可交易，僅觀察,未扣成本·事後欄位以 m_ 標示·非投資建議
HO,3,2024-03-12,2024-03-13,6785,昱展新藥,TPEx,W,W_atr14@3,1,370,0.089719,,0,0,1,-0.631,-1.104,-5.047,1260.15,,不適用,0.0,3.0,27,27.0,27.0,official,large,1385.0,0,可交易（DK_s＝0）,未扣成本（成本參考：2.8 折來回約 0.38%、全額約 0.585%）；交易方法狀態未知（全額交割、變更交易方法、停止信用交易的來源未提供）；容量以 s 日 vol20 估計，未模擬開盤競價量與滑價；不可交易，僅觀察,未扣成本·事後欄位以 m_ 標示·非投資建議
HO,3,2024-03-13,2024-03-14,4588,玖鼎電力,TWSE,W,W_atr14@3,2,366,0.07775,,0,0,1,-5.455,-4.545,-5.909,1367.0,,不適用,0.0,0.0,25,25.0,25.0,official,small,1371.0,0,可交易（DK_s＝0）,未扣成本（成本參考：2.8 折來回約 0.38%、全額約 0.585%）；交易方法狀態未知（全額交割、變更交易方法、停止信用交易的來源未提供）；容量以 s 日 vol20 估計，未模擬開盤競價量與滑價；不可交易，僅觀察,未扣成本·事後欄位以 m_ 標示·非投資建議
HO,3,2024-03-13,2024-03-14,6785,昱展新藥,TPEx,W,W_atr14@3,1,366,0.094558,,0,0,1,-1.905,0.0,-2.381,1236.6,,不適用,0.0,3.0,28,28.0,28.0,official,large,737.0,0,可交易（DK_s＝0）,未扣成本（成本參考：2.8 折來回約 0.38%、全額約 0.585%）；交易方法狀態未知（全額交割、變更交易方法、停止信用交易的來源未提供）；容量以 s 日 vol20 估計，未模擬開盤競價量與滑價；不可交易，僅觀察,未扣成本·事後欄位以 m_ 標示·非投資建議
HO,3,2024-03-13,2024-03-14,8080,泰霖,TPEx,W,W_atr14@3,3,366,0.076403,,0,0,1,0.557,-4.178,-1.393,277.95,,不適用,0.0,1.0,401,inf,250.0,official_prepanel,small,94.0,0,可交易（DK_s＝0）,未扣成本（成本參考：2.8 折來回約 0.38%、全額約 0.585%）；交易方法狀態未知（全額交割、變更交易方法、停止信用交易的來源未提供）；容量以 s 日 vol20 估計，未模擬開盤競價量與滑價；不可交易，僅觀察,未扣成本·事後欄位以 m_ 標示·非投資建議
HO,3,2024-03-14,2024-03-15,4588,玖鼎電力,TWSE,W,W_atr14@3,2,362,0.086264,,0,0,1,-2.439,3.902,-0.976,1420.55,,不適用,0.0,0.0,26,26.0,26.0,official,small,874.0,0,可交易（DK_s＝0）,未扣成本（成本參考：2.8 折來回約 0.38%、全額約 0.585%）；交易方法狀態未知（全額交割、變更交易方法、停止信用交易的來源未提供）；容量以 s 日 vol20 估計，未模擬開盤競價量與滑價；不可交易，僅觀察,未扣成本·事後欄位以 m_ 標示·非投資建議
HO,3,2024-03-14,2024-03-15,6785,昱展新藥,TPEx,W,W_atr14@3,1,362,0.09073,,0,0,1,3.415,1.626,-1.301,1179.4,,不適用,0.0,4.0,29,29.0,29.0,official,large,694.0,0,可交易（DK_s＝0）,未扣成本（成本參考：2.8 折來回約 0.38%、全額約 0.585%）；交易方法狀態未知（全額交割、變更交易方法、停止信用交易的來源未提供）；容量以 s 日 vol20 估計，未模擬開盤競價量與滑價；不可交易，僅觀察,未扣成本·事後欄位以 m_ 標示·非投資建議
HO,3,2024-03-14,2024-03-15,8080,泰霖,TPEx,W,W_atr14@3,3,362,0.074001,,0,0,1,-2.174,-7.337,-4.62,271.8,,不適用,0.0,1.0,402,inf,250.0,official_prepanel,small,24.0,0,可交易（DK_s＝0）,未扣成本（成本參考：2.8 折來回約 0.38%、全額約 0.585%）；交易方法狀態未知（全額交割、變更交易方法、停止信用交易的來源未提供）；容量以 s 日 vol20 估計，未模擬開盤競價量與滑價；不可交易，僅觀察,未扣成本·事後欄位以 m_ 標示·非投資建議
HO,3,2024-03-15,2024-03-18,4588,玖鼎電力,TWSE,W,W_atr14@3,2,367,0.086857,,0,0,1,5.528,3.518,1.005,1445.65,,不適用,0.0,0.0,27,27.0,27.0,official,small,708.0,0,可交易（DK_s＝0）,未扣成本（成本參考：2.8 折來回約 0.38%、全額約 0.585%）；交易方法狀態未知（全額交割、變更交易方法、停止信用交易的來源未提供）；容量以 s 日 vol20 估計，未模擬開盤競價量與滑價；不可交易，僅觀察,未扣成本·事後欄位以 m_ 標示·非投資建議
HO,3,2024-03-15,2024-03-18,6785,昱展新藥,TPEx,W,W_atr14@3,1,367,0.08704,,0,0,1,6.013,-4.114,-4.272,1191.5,,不適用,0.0,4.0,30,30.0,30.0,official,large,810.0,0,可交易（DK_s＝0）,未扣成本（成本參考：2.8 折來回約 0.38%、全額約 0.585%）；交易方法狀態未知（全額交割、變更交易方法、停止信用交易的來源未提供）；容量以 s 日 vol20 估計，未模擬開盤競價量與滑價；不可交易，僅觀察,未扣成本·事後欄位以 m_ 標示·非投資建議
HO,3,2024-03-15,2024-03-18,8067,志旭,TPEx,W,W_atr14@3,3,367,0.075838,,0,0,1,2.424,15.152,10.303,98.3,,不適用,0.0,0.0,403,inf,250.0,official_prepanel,small,8.0,0,可交易（DK_s＝0）,未扣成本（成本參考：2.8 折來回約 0.38%、全額約 0.585%）；交易方法狀態未知（全額交割、變更交易方法、停止信用交易的來源未提供）；容量以 s 日 vol20 估計，未模擬開盤競價量與滑價；不可交易，僅觀察,未扣成本·事後欄位以 m_ 標示·非投資建議
HO,3,2024-03-18,2024-03-19,4588,玖鼎電力,TWSE,W,W_atr14@3,2,370,0.077619,,0,0,1,4.265,-1.422,-5.972,1464.8,,不適用,0.0,0.0,28,28.0,28.0,official,small,1489.0,0,可交易（DK_s＝0）,未扣成本（成本參考：2.8 折來回約 0.38%、全額約 0.585%）；交易方法狀態未知（全額交割、變更交易方法、停止信用交易的來源未提供）；容量以 s 日 vol20 估計，未模擬開盤競價量與滑價；不可交易，僅觀察,未扣成本·事後欄位以 m_ 標示·非投資建議
HO,3,2024-03-18,2024-03-19,6785,昱展新藥,TPEx,W,W_atr14@3,1,370,0.081557,,0,0,1,-5.0,-5.758,0.758,1073.2,,不適用,0.0,3.0,31,31.0,31.0,official,large,662.0,0,可交易（DK_s＝0）,未扣成本（成本參考：2.8 折來回約 0.38%、全額約 0.585%）；交易方法狀態未知（全額交割、變更交易方法、停止信用交易的來源未提供）；容量以 s 日 vol20 估計，未模擬開盤競價量與滑價；不可交易，僅觀察,未扣成本·事後欄位以 m_ 標示·非投資建議
HO,3,2024-03-18,2024-03-19,8080,泰霖,TPEx,W,W_atr14@3,3,370,0.077398,,0,0,1,-2.514,-5.587,-5.307,237.25,,不適用,0.0,0.0,404,inf,250.0,official_prepanel,small,75.0,0,可交易（DK_s＝0）,未扣成本（成本參考：2.8 折來回約 0.38%、全額約 0.585%）；交易方法狀態未知（全額交割、變更交易方法、停止信用交易的來源未提供）；容量以 s 日 vol20 估計，未模擬開盤競價量與滑價；不可交易，僅觀察,未扣成本·事後欄位以 m_ 標示·非投資建議
HO,3,2024-03-19,2024-03-20,4588,玖鼎電力,TWSE,W,W_atr14@3,3,372,0.073312,,0,0,1,-5.405,-3.153,-13.874,1526.1,,不適用,0.0,0.0,29,29.0,29.0,official,small,992.0,0,可交易（DK_s＝0）,未扣成本（成本參考：2.8 折來回約 0.38%、全額約 0.585%）；交易方法狀態未知（全額交割、變更交易方法、停止信用交易的來源未提供）；容量以 s 日 vol20 估計，未模擬開盤競價量與滑價；不可交易，僅觀察,未扣成本·事後欄位以 m_ 標示·非投資建議
HO,3,2024-03-19,2024-03-20,6785,昱展新藥,TPEx,W,W_atr14@3,1,372,0.08339,,0,0,1,0.478,-3.987,4.466,1010.25,,不適用,0.0,2.0,32,32.0,32.0,official,large,402.0,0,可交易（DK_s＝0）,未扣成本（成本參考：2.8 折來回約 0.38%、全額約 0.585%）；交易方法狀態未知（全額交割、變更交易方法、停止信用交易的來源未提供）；容量以 s 日 vol20 估計，未模擬開盤競價量與滑價；不可交易，僅觀察,未扣成本·事後欄位以 m_ 標示·非投資建議
HO,3,2024-03-19,2024-03-20,8080,泰霖,TPEx,W,W_atr14@3,2,372,0.079411,,0,0,1,-1.433,-1.146,-3.152,234.5,,不適用,0.0,0.0,405,inf,250.0,official_prepanel,small,49.0,0,可交易（DK_s＝0）,未扣成本（成本參考：2.8 折來回約 0.38%、全額約 0.585%）；交易方法狀態未知（全額交割、變更交易方法、停止信用交易的來源未提供）；容量以 s 日 vol20 估計，未模擬開盤競價量與滑價；不可交易，僅觀察,未扣成本·事後欄位以 m_ 標示·非投資建議
HO,3,2024-03-20,2024-03-21,2358,,TWSE,W,W_atr14@3,1,367,0.124623,,0,0,1,22.014,35.831,6.792,2379.65,,不適用,0.0,2.0,406,inf,250.0,fallback_prepanel,small,7260.0,0,可交易（DK_s＝0）,未扣成本（成本參考：2.8 折來回約 0.38%、全額約 0.585%）；交易方法狀態未知（全額交割、變更交易方法、停止信用交易的來源未提供）；容量以 s 日 vol20 估計，未模擬開盤競價量與滑價；不可交易，僅觀察,未扣成本·事後欄位以 m_ 標示·非投資建議
HO,3,2024-03-20,2024-03-21,4588,玖鼎電力,TWSE,W,W_atr14@3,3,367,0.076395,,0,0,1,0.948,-1.896,-9.479,1509.95,,不適用,0.0,0.0,30,30.0,30.0,official,small,748.0,0,可交易（DK_s＝0）,未扣成本（成本參考：2.8 折來回約 0.38%、全額約 0.585%）；交易方法狀態未知（全額交割、變更交易方法、停止信用交易的來源未提供）；容量以 s 日 vol20 估計，未模擬開盤競價量與滑價；不可交易，僅觀察,未扣成本·事後欄位以 m_ 標示·非投資建議
HO,3,2024-03-20,2024-03-21,6785,昱展新藥,TPEx,W,W_atr14@3,2,367,0.081746,,0,0,1,-1.42,-2.997,11.356,923.6,,不適用,0.0,2.0,33,33.0,33.0,official,large,407.0,0,可交易（DK_s＝0）,未扣成本（成本參考：2.8 折來回約 0.38%、全額約 0.585%）；交易方法狀態未知（全額交割、變更交易方法、停止信用交易的來源未提供）；容量以 s 日 vol20 估計，未模擬開盤競價量與滑價；不可交易，僅觀察,未扣成本·事後欄位以 m_ 標示·非投資建議
HO,3,2024-03-21,2024-03-22,4588,玖鼎電力,TWSE,W,W_atr14@3,2,368,0.075654,,0,0,1,-3.286,-4.695,-8.92,1460.4,,不適用,0.0,0.0,31,31.0,31.0,official,small,673.0,0,可交易（DK_s＝0）,未扣成本（成本參考：2.8 折來回約 0.38%、全額約 0.585%）；交易方法狀態未知（全額交割、變更交易方法、停止信用交易的來源未提供）；容量以 s 日 vol20 估計，未模擬開盤競價量與滑價；不可交易，僅觀察,未扣成本·事後欄位以 m_ 標示·非投資建議
HO,3,2024-03-21,2024-03-22,6785,昱展新藥,TPEx,W,W_atr14@3,1,368,0.077829,,0,0,1,-2.885,-2.724,12.5,894.95,,不適用,0.0,1.0,34,34.0,34.0,official,large,330.0,0,可交易（DK_s＝0）,未扣成本（成本參考：2.8 折來回約 0.38%、全額約 0.585%）；交易方法狀態未知（全額交割、變更交易方法、停止信用交易的來源未提供）；容量以 s 日 vol20 估計，未模擬開盤競價量與滑價；不可交易，僅觀察,未扣成本·事後欄位以 m_ 標示·非投資建議
HO,3,2024-03-21,2024-03-22,8080,泰霖,TPEx,W,W_atr14@3,3,368,0.070172,,0,0,1,0.587,2.933,-3.226,226.9,,不適用,0.0,0.0,407,inf,250.0,official_prepanel,small,30.0,0,可交易（DK_s＝0）,未扣成本（成本參考：2.8 折來回約 0.38%、全額約 0.585%）；交易方法狀態未知（全額交割、變更交易方法、停止信用交易的來源未提供）；容量以 s 日 vol20 估計，未模擬開盤競價量與滑價；不可交易，僅觀察,未扣成本·事後欄位以 m_ 標示·非投資建議
HO,3,2024-03-22,2024-03-25,2358,,TWSE,W,W_atr14@3,1,365,0.135642,,0,0,1,-2.041,26.531,,2815.9,,不適用,0.0,3.0,408,inf,250.0,fallback_prepanel,small,1247.0,0,可交易（DK_s＝0）,未扣成本（成本參考：2.8 折來回約 0.38%、全額約 0.585%）；交易方法狀態未知（全額交割、變更交易方法、停止信用交易的來源未提供）；容量以 s 日 vol20 估計，未模擬開盤競價量與滑價；不可交易，僅觀察,未扣成本·事後欄位以 m_ 標示·非投資建議
HO,3,2024-03-22,2024-03-25,4588,玖鼎電力,TWSE,W,W_atr14@3,2,365,0.079958,,0,0,1,1.961,-1.471,-1.471,1401.2,,不適用,0.0,0.0,32,32.0,32.0,official,small,691.0,0,可交易（DK_s＝0）,未扣成本（成本參考：2.8 折來回約 0.38%、全額約 0.585%）；交易方法狀態未知（全額交割、變更交易方法、停止信用交易的來源未提供）；容量以 s 日 vol20 估計，未模擬開盤競價量與滑價；不可交易，僅觀察,未扣成本·事後欄位以 m_ 標示·非投資建議
HO,3,2024-03-22,2024-03-25,6785,昱展新藥,TPEx,W,W_atr14@3,3,365,0.079208,,0,0,1,2.303,-0.493,13.158,850.8,,不適用,0.0,0.0,35,35.0,35.0,official,large,403.0,0,可交易（DK_s＝0）,未扣成本（成本參考：2.8 折來回約 0.38%、全額約 0.585%）；交易方法狀態未知（全額交割、變更交易方法、停止信用交易的來源未提供）；容量以 s 日 vol20 估計，未模擬開盤競價量與滑價；不可交易，僅觀察,未扣成本·事後欄位以 m_ 標示·非投資建議
HO,3,2024-03-25,2024-03-26,2358,,TWSE,W,W_atr14@3,1,373,0.139286,,1,1,0,0.0,6.439,,2811.35,,不適用,0.0,3.0,409,inf,250.0,fallback_prepanel,small,1179.0,0,可交易（DK_s＝0）,未扣成本（成本參考：2.8 折來回約 0.38%、全額約 0.585%）；交易方法狀態未知（全額交割、變更交易方法、停止信用交易的來源未提供）；容量以 s 日 vol20 估計，未模擬開盤競價量與滑價；不可交易，僅觀察,未扣成本·事後欄位以 m_ 標示·非投資建議
HO,3,2024-03-25,2024-03-26,4588,玖鼎電力,TWSE,W,W_atr14@3,2,373,0.077129,,0,0,1,2.381,-5.524,-4.857,1210.6,,不適用,0.0,0.0,33,33.0,33.0,official,small,1358.0,0,可交易（DK_s＝0）,未扣成本（成本參考：2.8 折來回約 0.38%、全額約 0.585%）；交易方法狀態未知（全額交割、變更交易方法、停止信用交易的來源未提供）；容量以 s 日 vol20 估計，未模擬開盤競價量與滑價；不可交易，僅觀察,未扣成本·事後欄位以 m_ 標示·非投資建議
HO,3,2024-03-25,2024-03-26,6785,昱展新藥,TPEx,W,W_atr14@3,3,373,0.076596,,0,0,1,-2.903,7.258,12.097,838.1,,不適用,0.0,0.0,36,36.0,36.0,official,large,562.0,0,可交易（DK_s＝0）,未扣成本（成本參考：2.8 折來回約 0.38%、全額約 0.585%）；交易方法狀態未知（全額交割、變更交易方法、停止信用交易的來源未提供）；容量以 s 日 vol20 估計，未模擬開盤競價量與滑價；不可交易，僅觀察,未扣成本·事後欄位以 m_ 標示·非投資建議
HO,3,2024-03-26,2024-03-27,2443,,TWSE,W,W_atr14@3,3,371,0.073034,,0,0,1,0.909,-10.0,,584.5,,不適用,0.0,0.0,410,inf,250.0,fallback_prepanel,small,248.0,0,可交易（DK_s＝0）,未扣成本（成本參考：2.8 折來回約 0.38%、全額約 0.585%）；交易方法狀態未知（全額交割、變更交易方法、停止信用交易的來源未提供）；容量以 s 日 vol20 估計，未模擬開盤競價量與滑價；不可交易，僅觀察,未扣成本·事後欄位以 m_ 標示·非投資建議
HO,3,2024-03-26,2024-03-27,6785,昱展新藥,TPEx,W,W_atr14@3,1,371,0.078548,,0,0,1,1.821,8.444,11.921,816.3,,不適用,0.0,0.0,37,37.0,37.0,official,large,476.0,0,可交易（DK_s＝0）,未扣成本（成本參考：2.8 折來回約 0.38%、全額約 0.585%）；交易方法狀態未知（全額交割、變更交易方法、停止信用交易的來源未提供）；容量以 s 日 vol20 估計，未模擬開盤競價量與滑價；不可交易，僅觀察,未扣成本·事後欄位以 m_ 標示·非投資建議
HO,3,2024-03-26,2024-03-27,8291,尚茂,TPEx,W,W_atr14@3,2,371,0.078014,,0,0,1,16.109,7.599,7.295,26.56,,不適用,0.0,0.0,410,inf,250.0,official_prepanel,small,4.0,0,可交易（DK_s＝0）,未扣成本（成本參考：2.8 折來回約 0.38%、全額約 0.585%）；交易方法狀態未知（全額交割、變更交易方法、停止信用交易的來源未提供）；容量以 s 日 vol20 估計，未模擬開盤競價量與滑價；不可交易，僅觀察,未扣成本·事後欄位以 m_ 標示·非投資建議
HO,3,2024-03-27,2024-03-28,2443,,TWSE,W,W_atr14@3,3,369,0.074003,,0,0,1,0.0,-21.538,,552.3,,不適用,0.0,0.0,411,inf,250.0,fallback_prepanel,small,591.0,0,可交易（DK_s＝0）,未扣成本（成本參考：2.8 折來回約 0.38%、全額約 0.585%）；交易方法狀態未知（全額交割、變更交易方法、停止信用交易的來源未提供）；容量以 s 日 vol20 估計，未模擬開盤競價量與滑價；不可交易，僅觀察,未扣成本·事後欄位以 m_ 標示·非投資建議
HO,3,2024-03-27,2024-03-28,4994,傳奇,TWSE,W,W_atr14@3,2,369,0.07459,,0,0,1,-0.82,-2.049,-2.459,978.0,,不適用,1.0,0.0,411,inf,250.0,official_prepanel,mid,288.0,1,處置中・交易規則另案登錄（DK_s＝1）,未扣成本（成本參考：2.8 折來回約 0.38%、全額約 0.585%）；交易方法狀態未知（全額交割、變更交易方法、停止信用交易的來源未提供）；容量以 s 日 vol20 估計，未模擬開盤競價量與滑價；不可交易，僅觀察,未扣成本·事後欄位以 m_ 標示·非投資建議
HO,3,2024-03-27,2024-03-28,8291,尚茂,TPEx,W,W_atr14@3,1,369,0.078752,,0,0,1,0.0,-4.885,-5.316,25.89,,不適用,0.0,0.0,411,inf,250.0,official_prepanel,small,51.0,0,可交易（DK_s＝0）,未扣成本（成本參考：2.8 折來回約 0.38%、全額約 0.585%）；交易方法狀態未知（全額交割、變更交易方法、停止信用交易的來源未提供）；容量以 s 日 vol20 估計，未模擬開盤競價量與滑價；不可交易，僅觀察,未扣成本·事後欄位以 m_ 標示·非投資建議
HO,3,2024-03-28,2024-03-29,2443,,TWSE,W,W_atr14@3,3,373,0.068446,,0,0,1,1.562,,,546.75,,不適用,0.0,0.0,412,inf,250.0,fallback_prepanel,small,177.0,0,可交易（DK_s＝0）,未扣成本（成本參考：2.8 折來回約 0.38%、全額約 0.585%）；交易方法狀態未知（全額交割、變更交易方法、停止信用交易的來源未提供）；容量以 s 日 vol20 估計，未模擬開盤競價量與滑價；不可交易，僅觀察,未扣成本·事後欄位以 m_ 標示·非投資建議
HO,3,2024-03-28,2024-03-29,4994,傳奇,TWSE,W,W_atr14@3,2,373,0.072963,,0,0,1,-4.167,5.833,1.667,973.35,,不適用,1.0,0.0,412,inf,250.0,official_prepanel,mid,435.0,0,處置中・交易規則另案登錄（DK_s＝1）,未扣成本（成本參考：2.8 折來回約 0.38%、全額約 0.585%）；交易方法狀態未知（全額交割、變更交易方法、停止信用交易的來源未提供）；容量以 s 日 vol20 估計，未模擬開盤競價量與滑價；不可交易，僅觀察,未扣成本·事後欄位以 m_ 標示·非投資建議
HO,3,2024-03-28,2024-03-29,8291,尚茂,TPEx,W,W_atr14@3,1,373,0.091954,,0,0,1,-3.309,-7.914,-11.079,27.44,,不適用,0.0,0.0,412,inf,250.0,official_prepanel,small,19.0,0,可交易（DK_s＝0）,未扣成本（成本參考：2.8 折來回約 0.38%、全額約 0.585%）；交易方法狀態未知（全額交割、變更交易方法、停止信用交易的來源未提供）；容量以 s 日 vol20 估計，未模擬開盤競價量與滑價；不可交易，僅觀察,未扣成本·事後欄位以 m_ 標示·非投資建議
HO,3,2024-03-29,2024-04-01,4588,玖鼎電力,TWSE,W,W_atr14@3,3,373,0.067662,,0,0,1,-0.8,0.5,25.5,1007.6,,不適用,0.0,0.0,37,37.0,37.0,official,small,434.0,0,可交易（DK_s＝0）,未扣成本（成本參考：2.8 折來回約 0.38%、全額約 0.585%）；交易方法狀態未知（全額交割、變更交易方法、停止信用交易的來源未提供）；容量以 s 日 vol20 估計，未模擬開盤競價量與滑價；不可交易，僅觀察,未扣成本·事後欄位以 m_ 標示·非投資建議
HO,3,2024-03-29,2024-04-01,4994,傳奇,TWSE,W,W_atr14@3,2,373,0.076398,,0,0,1,3.433,10.3,3.433,965.6,,不適用,0.0,0.0,413,inf,250.0,official_prepanel,mid,967.0,0,可交易（DK_s＝0）,未扣成本（成本參考：2.8 折來回約 0.38%、全額約 0.585%）；交易方法狀態未知（全額交割、變更交易方法、停止信用交易的來源未提供）；容量以 s 日 vol20 估計，未模擬開盤競價量與滑價；不可交易，僅觀察,未扣成本·事後欄位以 m_ 標示·非投資建議
HO,3,2024-03-29,2024-04-01,8291,尚茂,TPEx,W,W_atr14@3,1,373,0.09561,,0,0,1,2.322,-1.858,,26.44,,不適用,0.0,0.0,413,inf,250.0,official_prepanel,small,4.0,0,可交易（DK_s＝0）,未扣成本（成本參考：2.8 折來回約 0.38%、全額約 0.585%）；交易方法狀態未知（全額交割、變更交易方法、停止信用交易的來源未提供）；容量以 s 日 vol20 估計，未模擬開盤競價量與滑價；不可交易，僅觀察,未扣成本·事後欄位以 m_ 標示·非投資建議
HO,4,2024-04-01,2024-04-02,4994,傳奇,TWSE,W,W_atr14@3,2,381,0.073207,,0,0,1,3.782,-2.521,0.42,972.75,,不適用,0.0,0.0,414,inf,250.0,official_prepanel,mid,495.0,0,可交易（DK_s＝0）,未扣成本（成本參考：2.8 折來回約 0.38%、全額約 0.585%）；交易方法狀態未知（全額交割、變更交易方法、停止信用交易的來源未提供）；容量以 s 日 vol20 估計，未模擬開盤競價量與滑價；不可交易，僅觀察,未扣成本·事後欄位以 m_ 標示·非投資建議
HO,4,2024-04-01,2024-04-02,6199,天品,TPEx,W,W_atr14@3,3,381,0.062568,,0,0,1,-2.313,-9.075,-19.751,54.33,,不適用,0.0,0.0,414,inf,250.0,official_prepanel,small,13.0,0,可交易（DK_s＝0）,未扣成本（成本參考：2.8 折來回約 0.38%、全額約 0.585%）；交易方法狀態未知（全額交割、變更交易方法、停止信用交易的來源未提供）；容量以 s 日 vol20 估計，未模擬開盤競價量與滑價；不可交易，僅觀察,未扣成本·事後欄位以 m_ 標示·非投資建議
HO,4,2024-04-01,2024-04-02,8291,尚茂,TPEx,W,W_atr14@3,1,381,0.09275,,0,0,1,-0.282,,-4.648,23.72,,不適用,0.0,0.0,414,inf,250.0,official_prepanel,small,11.0,0,可交易（DK_s＝0）,未扣成本（成本參考：2.8 折來回約 0.38%、全額約 0.585%）；交易方法狀態未知（全額交割、變更交易方法、停止信用交易的來源未提供）；容量以 s 日 vol20 估計，未模擬開盤競價量與滑價；不可交易，僅觀察,未扣成本·事後欄位以 m_ 標示·非投資建議
HO,4,2024-04-02,2024-04-03,2443,,TWSE,W,W_atr14@3,3,383,0.06728,,0,0,1,0.0,,,553.55,,不適用,0.0,0.0,415,inf,250.0,fallback_prepanel,small,1352.0,0,可交易（DK_s＝0）,未扣成本（成本參考：2.8 折來回約 0.38%、全額約 0.585%）；交易方法狀態未知（全額交割、變更交易方法、停止信用交易的來源未提供）；容量以 s 日 vol20 估計，未模擬開盤競價量與滑價；不可交易，僅觀察,未扣成本·事後欄位以 m_ 標示·非投資建議
HO,4,2024-04-02,2024-04-03,4994,傳奇,TWSE,W,W_atr14@3,2,383,0.070272,,0,0,1,-3.239,-8.097,-1.619,970.75,,不適用,0.0,0.0,415,inf,250.0,official_prepanel,mid,531.0,0,可交易（DK_s＝0）,未扣成本（成本參考：2.8 折來回約 0.38%、全額約 0.585%）；交易方法狀態未知（全額交割、變更交易方法、停止信用交易的來源未提供）；容量以 s 日 vol20 估計，未模擬開盤競價量與滑價；不可交易，僅觀察,未扣成本·事後欄位以 m_ 標示·非投資建議
HO,4,2024-04-02,2024-04-03,8291,尚茂,TPEx,W,W_atr14@3,1,383,0.085351,,0,0,1,1.223,7.951,-5.81,23.06,,不適用,0.0,0.0,415,inf,250.0,official_prepanel,small,6.0,0,可交易（DK_s＝0）,未扣成本（成本參考：2.8 折來回約 0.38%、全額約 0.585%）；交易方法狀態未知（全額交割、變更交易方法、停止信用交易的來源未提供）；容量以 s 日 vol20 估計，未模擬開盤競價量與滑價；不可交易，僅觀察,未扣成本·事後欄位以 m_ 標示·非投資建議
HO,4,2024-04-03,2024-04-08,2358,,TWSE,W,W_atr14@3,1,379,0.135965,,0,0,0,,,,3282.95,,不適用,0.0,0.0,416,inf,250.0,fallback_prepanel,small,,0,可交易（DK_s＝0）,未扣成本（成本參考：2.8 折來回約 0.38%、全額約 0.585%）；交易方法狀態未知（全額交割、變更交易方法、停止信用交易的來源未提供）；容量以 s 日 vol20 估計，未模擬開盤競價量與滑價；不可交易，僅觀察,未扣成本·事後欄位以 m_ 標示·非投資建議
HO,4,2024-04-03,2024-04-08,2443,,TWSE,W,W_atr14@3,3,379,0.076431,,0,0,0,,,,609.25,,不適用,0.0,0.0,416,inf,250.0,fallback_prepanel,small,,0,可交易（DK_s＝0）,未扣成本（成本參考：2.8 折來回約 0.38%、全額約 0.585%）；交易方法狀態未知（全額交割、變更交易方法、停止信用交易的來源未提供）；容量以 s 日 vol20 估計，未模擬開盤競價量與滑價；不可交易，僅觀察,未扣成本·事後欄位以 m_ 標示·非投資建議
HO,4,2024-04-03,2024-04-08,8291,尚茂,TPEx,W,W_atr14@3,2,379,0.097108,,0,0,1,-3.323,-0.453,-9.668,21.94,,不適用,0.0,0.0,416,inf,250.0,official_prepanel,small,6.0,0,可交易（DK_s＝0）,未扣成本（成本參考：2.8 折來回約 0.38%、全額約 0.585%）；交易方法狀態未知（全額交割、變更交易方法、停止信用交易的來源未提供）；容量以 s 日 vol20 估計，未模擬開盤競價量與滑價；不可交易，僅觀察,未扣成本·事後欄位以 m_ 標示·非投資建議
HO,4,2024-04-08,2024-04-09,4304,勝昱,TPEx,W,W_atr14@3,3,393,0.0659,,0,0,1,0.0,-8.935,-11.34,59.3,,不適用,0.0,0.0,417,inf,250.0,official_prepanel,small,359.0,0,可交易（DK_s＝0）,未扣成本（成本參考：2.8 折來回約 0.38%、全額約 0.585%）；交易方法狀態未知（全額交割、變更交易方法、停止信用交易的來源未提供）；容量以 s 日 vol20 估計，未模擬開盤競價量與滑價；不可交易，僅觀察,未扣成本·事後欄位以 m_ 標示·非投資建議
HO,4,2024-04-08,2024-04-09,4994,傳奇,TWSE,W,W_atr14@3,2,393,0.072272,,0,0,1,3.213,-2.008,-6.024,978.15,,不適用,0.0,0.0,417,inf,250.0,official_prepanel,mid,806.0,0,可交易（DK_s＝0）,未扣成本（成本參考：2.8 折來回約 0.38%、全額約 0.585%）；交易方法狀態未知（全額交割、變更交易方法、停止信用交易的來源未提供）；容量以 s 日 vol20 估計，未模擬開盤競價量與滑價；不可交易，僅觀察,未扣成本·事後欄位以 m_ 標示·非投資建議
HO,4,2024-04-08,2024-04-09,8291,尚茂,TPEx,W,W_atr14@3,1,393,0.102344,,0,0,1,-0.627,-3.135,2.508,21.56,,不適用,0.0,0.0,417,inf,250.0,official_prepanel,small,15.0,0,可交易（DK_s＝0）,未扣成本（成本參考：2.8 折來回約 0.38%、全額約 0.585%）；交易方法狀態未知（全額交割、變更交易方法、停止信用交易的來源未提供）；容量以 s 日 vol20 估計，未模擬開盤競價量與滑價；不可交易，僅觀察,未扣成本·事後欄位以 m_ 標示·非投資建議
HO,4,2024-04-09,2024-04-10,4304,勝昱,TPEx,W,W_atr14@3,2,390,0.072901,,0,0,1,-2.532,-13.382,-10.488,75.0,,不適用,0.0,0.0,418,inf,250.0,official_prepanel,small,340.0,0,可交易（DK_s＝0）,未扣成本（成本參考：2.8 折來回約 0.38%、全額約 0.585%）；交易方法狀態未知（全額交割、變更交易方法、停止信用交易的來源未提供）；容量以 s 日 vol20 估計，未模擬開盤競價量與滑價；不可交易，僅觀察,未扣成本·事後欄位以 m_ 標示·非投資建議
HO,4,2024-04-09,2024-04-10,4994,傳奇,TWSE,W,W_atr14@3,3,390,0.067815,,0,0,1,-2.11,1.688,1.266,987.6,,不適用,0.0,0.0,418,inf,250.0,official_prepanel,mid,1377.0,0,可交易（DK_s＝0）,未扣成本（成本參考：2.8 折來回約 0.38%、全額約 0.585%）；交易方法狀態未知（全額交割、變更交易方法、停止信用交易的來源未提供）；容量以 s 日 vol20 估計，未模擬開盤競價量與滑價；不可交易，僅觀察,未扣成本·事後欄位以 m_ 標示·非投資建議
HO,4,2024-04-09,2024-04-10,8291,尚茂,TPEx,W,W_atr14@3,1,390,0.098468,,0,0,0,,,,21.28,,不適用,0.0,0.0,418,inf,250.0,official_prepanel,small,,0,可交易（DK_s＝0）,未扣成本（成本參考：2.8 折來回約 0.38%、全額約 0.585%）；交易方法狀態未知（全額交割、變更交易方法、停止信用交易的來源未提供）；容量以 s 日 vol20 估計，未模擬開盤競價量與滑價；不可交易，僅觀察,未扣成本·事後欄位以 m_ 標示·非投資建議
HO,4,2024-04-10,2024-04-11,3629,地心引力,TPEx,W,W_atr14@3,3,383,0.077488,,0,0,1,7.904,0.184,-8.824,23.37,,不適用,1.0,4.0,419,inf,250.0,official_prepanel,small,11.0,1,處置中・交易規則另案登錄（DK_s＝1）,未扣成本（成本參考：2.8 折來回約 0.38%、全額約 0.585%）；交易方法狀態未知（全額交割、變更交易方法、停止信用交易的來源未提供）；容量以 s 日 vol20 估計，未模擬開盤競價量與滑價；不可交易，僅觀察,未扣成本·事後欄位以 m_ 標示·非投資建議
HO,4,2024-04-10,2024-04-11,4304,勝昱,TPEx,W,W_atr14@3,1,383,0.081765,,0,0,1,0.37,-8.704,-8.704,90.0,,不適用,0.0,1.0,419,inf,250.0,official_prepanel,small,20.0,0,可交易（DK_s＝0）,未扣成本（成本參考：2.8 折來回約 0.38%、全額約 0.585%）；交易方法狀態未知（全額交割、變更交易方法、停止信用交易的來源未提供）；容量以 s 日 vol20 估計，未模擬開盤競價量與滑價；不可交易，僅觀察,未扣成本·事後欄位以 m_ 標示·非投資建議
HO,4,2024-04-10,2024-04-11,4994,傳奇,TWSE,W,W_atr14@3,2,383,0.078202,,0,0,1,0.442,5.752,4.425,942.5,,不適用,0.0,0.0,419,inf,250.0,official_prepanel,mid,567.0,0,可交易（DK_s＝0）,未扣成本（成本參考：2.8 折來回約 0.38%、全額約 0.585%）；交易方法狀態未知（全額交割、變更交易方法、停止信用交易的來源未提供）；容量以 s 日 vol20 估計，未模擬開盤競價量與滑價；不可交易，僅觀察,未扣成本·事後欄位以 m_ 標示·非投資建議
HO,4,2024-04-11,2024-04-12,4304,勝昱,TPEx,W,W_atr14@3,2,379,0.079731,,0,0,1,5.703,-6.274,-4.943,90.6,,不適用,0.0,2.0,420,inf,250.0,official_prepanel,small,33.0,1,可交易（DK_s＝0）,未扣成本（成本參考：2.8 折來回約 0.38%、全額約 0.585%）；交易方法狀態未知（全額交割、變更交易方法、停止信用交易的來源未提供）；容量以 s 日 vol20 估計，未模擬開盤競價量與滑價；不可交易，僅觀察,未扣成本·事後欄位以 m_ 標示·非投資建議
HO,4,2024-04-11,2024-04-12,4994,傳奇,TWSE,W,W_atr14@3,3,379,0.076778,,0,0,1,4.386,6.579,3.07,759.55,,不適用,0.0,0.0,420,inf,250.0,official_prepanel,mid,507.0,0,可交易（DK_s＝0）,未扣成本（成本參考：2.8 折來回約 0.38%、全額約 0.585%）；交易方法狀態未知（全額交割、變更交易方法、停止信用交易的來源未提供）；容量以 s 日 vol20 估計，未模擬開盤競價量與滑價；不可交易，僅觀察,未扣成本·事後欄位以 m_ 標示·非投資建議
HO,4,2024-04-11,2024-04-12,8291,尚茂,TPEx,W,W_atr14@3,1,379,0.086511,,0,0,1,1.229,-5.376,-7.373,20.83,,不適用,0.0,0.0,420,inf,250.0,official_prepanel,small,15.0,0,可交易（DK_s＝0）,未扣成本（成本參考：2.8 折來回約 0.38%、全額約 0.585%）；交易方法狀態未知（全額交割、變更交易方法、停止信用交易的來源未提供）；容量以 s 日 vol20 估計，未模擬開盤競價量與滑價；不可交易，僅觀察,未扣成本·事後欄位以 m_ 標示·非投資建議
HO,4,2024-04-12,2024-04-15,3629,地心引力,TPEx,W,W_atr14@3,2,389,0.075877,,0,0,1,-7.826,-5.565,-13.217,23.47,,不適用,1.0,2.0,421,inf,250.0,official_prepanel,small,18.0,1,處置中・交易規則另案登錄（DK_s＝1）,未扣成本（成本參考：2.8 折來回約 0.38%、全額約 0.585%）；交易方法狀態未知（全額交割、變更交易方法、停止信用交易的來源未提供）；容量以 s 日 vol20 估計，未模擬開盤競價量與滑價；不可交易，僅觀察,未扣成本·事後欄位以 m_ 標示·非投資建議
HO,4,2024-04-12,2024-04-15,4304,勝昱,TPEx,W,W_atr14@3,3,389,0.072328,,0,0,1,0.189,-2.836,-5.482,90.6,,不適用,1.0,3.0,421,inf,250.0,official_prepanel,small,25.0,1,處置中・交易規則另案登錄（DK_s＝1）,未扣成本（成本參考：2.8 折來回約 0.38%、全額約 0.585%）；交易方法狀態未知（全額交割、變更交易方法、停止信用交易的來源未提供）；容量以 s 日 vol20 估計，未模擬開盤競價量與滑價；不可交易，僅觀察,未扣成本·事後欄位以 m_ 標示·非投資建議
HO,4,2024-04-12,2024-04-15,8291,尚茂,TPEx,W,W_atr14@3,1,389,0.086728,,0,0,1,0.0,-3.236,-6.796,20.53,,不適用,0.0,0.0,421,inf,250.0,official_prepanel,small,3.0,0,可交易（DK_s＝0）,未扣成本（成本參考：2.8 折來回約 0.38%、全額約 0.585%）；交易方法狀態未知（全額交割、變更交易方法、停止信用交易的來源未提供）；容量以 s 日 vol20 估計，未模擬開盤競價量與滑價；不可交易，僅觀察,未扣成本·事後欄位以 m_ 標示·非投資建議
HO,4,2024-04-15,2024-04-16,3629,地心引力,TPEx,W,W_atr14@3,1,384,0.087466,,0,0,1,0.0,-6.055,-6.606,23.89,,不適用,1.0,1.0,422,inf,250.0,official_prepanel,small,1.0,1,處置中・交易規則另案登錄（DK_s＝1）,未扣成本（成本參考：2.8 折來回約 0.38%、全額約 0.585%）；交易方法狀態未知（全額交割、變更交易方法、停止信用交易的來源未提供）；容量以 s 日 vol20 估計，未模擬開盤競價量與滑價；不可交易，僅觀察,未扣成本·事後欄位以 m_ 標示·非投資建議
HO,4,2024-04-15,2024-04-16,4304,勝昱,TPEx,W,W_atr14@3,3,384,0.074259,,0,0,1,-9.452,-2.457,-5.482,90.05,,不適用,1.0,4.0,422,inf,250.0,official_prepanel,small,200.0,1,處置中・交易規則另案登錄（DK_s＝1）,未扣成本（成本參考：2.8 折來回約 0.38%、全額約 0.585%）；交易方法狀態未知（全額交割、變更交易方法、停止信用交易的來源未提供）；容量以 s 日 vol20 估計，未模擬開盤競價量與滑價；不可交易，僅觀察,未扣成本·事後欄位以 m_ 標示·非投資建議
HO,4,2024-04-15,2024-04-16,8291,尚茂,TPEx,W,W_atr14@3,2,384,0.086134,,0,0,0,,,,20.26,,不適用,0.0,0.0,422,inf,250.0,official_prepanel,small,,0,可交易（DK_s＝0）,未扣成本（成本參考：2.8 折來回約 0.38%、全額約 0.585%）；交易方法狀態未知（全額交割、變更交易方法、停止信用交易的來源未提供）；容量以 s 日 vol20 估計，未模擬開盤競價量與滑價；不可交易，僅觀察,未扣成本·事後欄位以 m_ 標示·非投資建議
HO,4,2024-04-16,2024-04-17,3629,地心引力,TPEx,W,W_atr14@3,1,387,0.085714,,0,0,1,-2.33,-7.706,-7.706,23.89,,不適用,1.0,0.0,423,inf,250.0,official_prepanel,small,24.0,1,處置中・交易規則另案登錄（DK_s＝1）,未扣成本（成本參考：2.8 折來回約 0.38%、全額約 0.585%）；交易方法狀態未知（全額交割、變更交易方法、停止信用交易的來源未提供）；容量以 s 日 vol20 估計，未模擬開盤競價量與滑價；不可交易，僅觀察,未扣成本·事後欄位以 m_ 標示·非投資建議
HO,4,2024-04-16,2024-04-17,4198,欣大健康,TPEx,W,W_atr14@3,2,387,0.085188,,0,0,1,1.053,-2.211,-3.789,160.4,,不適用,1.0,2.0,423,inf,250.0,official_prepanel,small,52.0,1,處置中・交易規則另案登錄（DK_s＝1）,未扣成本（成本參考：2.8 折來回約 0.38%、全額約 0.585%）；交易方法狀態未知（全額交割、變更交易方法、停止信用交易的來源未提供）；容量以 s 日 vol20 估計，未模擬開盤競價量與滑價；不可交易，僅觀察,未扣成本·事後欄位以 m_ 標示·非投資建議
HO,4,2024-04-16,2024-04-17,4304,勝昱,TPEx,W,W_atr14@3,3,387,0.083955,,0,0,1,2.923,3.34,1.67,91.85,,不適用,1.0,4.0,423,inf,250.0,official_prepanel,small,19.0,1,處置中・交易規則另案登錄（DK_s＝1）,未扣成本（成本參考：2.8 折來回約 0.38%、全額約 0.585%）；交易方法狀態未知（全額交割、變更交易方法、停止信用交易的來源未提供）；容量以 s 日 vol20 估計，未模擬開盤競價量與滑價；不可交易，僅觀察,未扣成本·事後欄位以 m_ 標示·非投資建議
HO,4,2024-04-17,2024-04-18,3629,地心引力,TPEx,W,W_atr14@3,1,394,0.089777,,0,0,1,2.783,-7.978,5.009,25.0,,不適用,1.0,0.0,424,inf,250.0,official_prepanel,small,69.0,1,處置中・交易規則另案登錄（DK_s＝1）,未扣成本（成本參考：2.8 折來回約 0.38%、全額約 0.585%）；交易方法狀態未知（全額交割、變更交易方法、停止信用交易的來源未提供）；容量以 s 日 vol20 估計，未模擬開盤競價量與滑價；不可交易，僅觀察,未扣成本·事後欄位以 m_ 標示·非投資建議
HO,4,2024-04-17,2024-04-18,4198,欣大健康,TPEx,W,W_atr14@3,2,394,0.083929,,0,0,1,1.042,6.25,4.583,159.5,,不適用,1.0,1.0,424,inf,250.0,official_prepanel,small,35.0,1,處置中・交易規則另案登錄（DK_s＝1）,未扣成本（成本參考：2.8 折來回約 0.38%、全額約 0.585%）；交易方法狀態未知（全額交割、變更交易方法、停止信用交易的來源未提供）；容量以 s 日 vol20 估計，未模擬開盤競價量與滑價；不可交易，僅觀察,未扣成本·事後欄位以 m_ 標示·非投資建議
HO,4,2024-04-17,2024-04-18,4304,勝昱,TPEx,W,W_atr14@3,3,394,0.079687,,0,0,1,-2.953,-2.953,-4.528,88.75,,不適用,1.0,3.0,424,inf,250.0,official_prepanel,small,9.0,1,處置中・交易規則另案登錄（DK_s＝1）,未扣成本（成本參考：2.8 折來回約 0.38%、全額約 0.585%）；交易方法狀態未知（全額交割、變更交易方法、停止信用交易的來源未提供）；容量以 s 日 vol20 估計，未模擬開盤競價量與滑價；不可交易，僅觀察,未扣成本·事後欄位以 m_ 標示·非投資建議
HO,4,2024-04-18,2024-04-19,3555,博士旺,TPEx,W,W_atr14@3,2,395,0.08151,,0,0,1,-3.636,9.697,20.0,209.55,,不適用,1.0,2.0,425,inf,250.0,official_prepanel,small,56.0,1,處置中・交易規則另案登錄（DK_s＝1）,未扣成本（成本參考：2.8 折來回約 0.38%、全額約 0.585%）；交易方法狀態未知（全額交割、變更交易方法、停止信用交易的來源未提供）；容量以 s 日 vol20 估計，未模擬開盤競價量與滑價；不可交易，僅觀察,未扣成本·事後欄位以 m_ 標示·非投資建議
HO,4,2024-04-18,2024-04-19,3629,地心引力,TPEx,W,W_atr14@3,1,395,0.091413,,0,0,1,4.423,1.538,14.231,28.37,,不適用,1.0,0.0,425,inf,250.0,official_prepanel,small,23.0,1,處置中・交易規則另案登錄（DK_s＝1）,未扣成本（成本參考：2.8 折來回約 0.38%、全額約 0.585%）；交易方法狀態未知（全額交割、變更交易方法、停止信用交易的來源未提供）；容量以 s 日 vol20 估計，未模擬開盤競價量與滑價；不可交易，僅觀察,未扣成本·事後欄位以 m_ 標示·非投資建議
HO,4,2024-04-18,2024-04-19,4198,欣大健康,TPEx,W,W_atr14@3,3,395,0.079823,,0,0,1,-3.292,3.704,1.029,157.85,,不適用,1.0,0.0,425,inf,250.0,official_prepanel,small,43.0,1,處置中・交易規則另案登錄（DK_s＝1）,未扣成本（成本參考：2.8 折來回約 0.38%、全額約 0.585%）；交易方法狀態未知（全額交割、變更交易方法、停止信用交易的來源未提供）；容量以 s 日 vol20 估計，未模擬開盤競價量與滑價；不可交易，僅觀察,未扣成本·事後欄位以 m_ 標示·非投資建議
HO,4,2024-04-19,2024-04-22,3555,博士旺,TPEx,W,W_atr14@3,2,395,0.088949,,0,0,1,11.96,14.12,26.744,211.6,,不適用,1.0,1.0,426,inf,250.0,official_prepanel,small,97.0,1,處置中・交易規則另案登錄（DK_s＝1）,未扣成本（成本參考：2.8 折來回約 0.38%、全額約 0.585%）；交易方法狀態未知（全額交割、變更交易方法、停止信用交易的來源未提供）；容量以 s 日 vol20 估計，未模擬開盤競價量與滑價；不可交易，僅觀察,未扣成本·事後欄位以 m_ 標示·非投資建議
HO,4,2024-04-19,2024-04-22,3629,地心引力,TPEx,W,W_atr14@3,1,395,0.093528,,0,0,1,-4.12,-6.554,16.105,22.32,,不適用,1.0,0.0,426,inf,250.0,official_prepanel,small,42.0,0,處置中・交易規則另案登錄（DK_s＝1）,未扣成本（成本參考：2.8 折來回約 0.38%、全額約 0.585%）；交易方法狀態未知（全額交割、變更交易方法、停止信用交易的來源未提供）；容量以 s 日 vol20 估計，未模擬開盤競價量與滑價；不可交易，僅觀察,未扣成本·事後欄位以 m_ 標示·非投資建議
HO,4,2024-04-19,2024-04-22,4198,欣大健康,TPEx,W,W_atr14@3,3,395,0.080623,,0,0,1,4.918,13.583,10.187,157.5,,不適用,1.0,0.0,426,inf,250.0,official_prepanel,small,70.0,1,處置中・交易規則另案登錄（DK_s＝1）,未扣成本（成本參考：2.8 折來回約 0.38%、全額約 0.585%）；交易方法狀態未知（全額交割、變更交易方法、停止信用交易的來源未提供）；容量以 s 日 vol20 估計，未模擬開盤競價量與滑價；不可交易，僅觀察,未扣成本·事後欄位以 m_ 標示·非投資建議
HO,4,2024-04-22,2024-04-23,3555,博士旺,TPEx,W,W_atr14@3,2,397,0.091246,,0,0,1,-2.077,1.929,11.276,215.2,,不適用,1.0,0.0,427,inf,250.0,official_prepanel,small,41.0,1,處置中・交易規則另案登錄（DK_s＝1）,未扣成本（成本參考：2.8 折來回約 0.38%、全額約 0.585%）；交易方法狀態未知（全額交割、變更交易方法、停止信用交易的來源未提供）；容量以 s 日 vol20 估計，未模擬開盤競價量與滑價；不可交易，僅觀察,未扣成本·事後欄位以 m_ 標示·非投資建議
HO,4,2024-04-22,2024-04-23,3629,地心引力,TPEx,W,W_atr14@3,1,397,0.101842,,0,0,1,0.39,-0.78,21.637,23.3,,不適用,0.0,0.0,427,inf,250.0,official_prepanel,small,49.0,0,可交易（DK_s＝0）,未扣成本（成本參考：2.8 折來回約 0.38%、全額約 0.585%）；交易方法狀態未知（全額交割、變更交易方法、停止信用交易的來源未提供）；容量以 s 日 vol20 估計，未模擬開盤競價量與滑價；不可交易，僅觀察,未扣成本·事後欄位以 m_ 標示·非投資建議
HO,4,2024-04-22,2024-04-23,4198,欣大健康,TPEx,W,W_atr14@3,3,397,0.085858,,0,0,1,3.683,3.795,3.795,158.95,,不適用,1.0,0.0,427,inf,250.0,official_prepanel,small,57.0,1,處置中・交易規則另案登錄（DK_s＝1）,未扣成本（成本參考：2.8 折來回約 0.38%、全額約 0.585%）；交易方法狀態未知（全額交割、變更交易方法、停止信用交易的來源未提供）；容量以 s 日 vol20 估計，未模擬開盤競價量與滑價；不可交易，僅觀察,未扣成本·事後欄位以 m_ 標示·非投資建議
HO,4,2024-04-23,2024-04-24,3555,博士旺,TPEx,W,W_atr14@3,2,396,0.093182,,0,0,1,8.182,1.97,11.212,213.4,,不適用,1.0,0.0,428,inf,250.0,official_prepanel,small,103.0,1,處置中・交易規則另案登錄（DK_s＝1）,未扣成本（成本參考：2.8 折來回約 0.38%、全額約 0.585%）；交易方法狀態未知（全額交割、變更交易方法、停止信用交易的來源未提供）；容量以 s 日 vol20 估計，未模擬開盤競價量與滑價；不可交易，僅觀察,未扣成本·事後欄位以 m_ 標示·非投資建議
HO,4,2024-04-23,2024-04-24,3629,地心引力,TPEx,W,W_atr14@3,1,396,0.096394,,0,0,1,-6.942,-3.377,20.075,25.4,,不適用,0.0,0.0,428,inf,250.0,official_prepanel,small,43.0,0,可交易（DK_s＝0）,未扣成本（成本參考：2.8 折來回約 0.38%、全額約 0.585%）；交易方法狀態未知（全額交割、變更交易方法、停止信用交易的來源未提供）；容量以 s 日 vol20 估計，未模擬開盤競價量與滑價；不可交易，僅觀察,未扣成本·事後欄位以 m_ 標示·非投資建議
HO,4,2024-04-23,2024-04-24,4806,桂田文創,TPEx,W,W_atr14@3,3,396,0.077143,,0,0,1,-1.587,1.19,-1.587,60.35,,不適用,0.0,0.0,428,inf,250.0,official_prepanel,small,50.0,0,可交易（DK_s＝0）,未扣成本（成本參考：2.8 折來回約 0.38%、全額約 0.585%）；交易方法狀態未知（全額交割、變更交易方法、停止信用交易的來源未提供）；容量以 s 日 vol20 估計，未模擬開盤競價量與滑價；不可交易，僅觀察,未扣成本·事後欄位以 m_ 標示·非投資建議
HO,4,2024-04-24,2024-04-25,3555,博士旺,TPEx,W,W_atr14@3,2,401,0.088635,,0,0,1,1.401,0.84,2.241,207.35,,不適用,1.0,0.0,429,inf,250.0,official_prepanel,small,57.0,1,處置中・交易規則另案登錄（DK_s＝1）,未扣成本（成本參考：2.8 折來回約 0.38%、全額約 0.585%）；交易方法狀態未知（全額交割、變更交易方法、停止信用交易的來源未提供）；容量以 s 日 vol20 估計，未模擬開盤競價量與滑價；不可交易，僅觀察,未扣成本·事後欄位以 m_ 標示·非投資建議
HO,4,2024-04-24,2024-04-25,3629,地心引力,TPEx,W,W_atr14@3,1,401,0.097926,,0,0,1,2.924,10.331,34.308,27.4,,不適用,0.0,0.0,429,inf,250.0,official_prepanel,small,25.0,0,可交易（DK_s＝0）,未扣成本（成本參考：2.8 折來回約 0.38%、全額約 0.585%）；交易方法狀態未知（全額交割、變更交易方法、停止信用交易的來源未提供）；容量以 s 日 vol20 估計，未模擬開盤競價量與滑價；不可交易，僅觀察,未扣成本·事後欄位以 m_ 標示·非投資建議
HO,4,2024-04-24,2024-04-25,4588,玖鼎電力,TWSE,W,W_atr14@3,3,401,0.07561,,0,0,1,-0.833,-1.25,-17.417,1439.4,,不適用,1.0,3.0,53,53.0,53.0,official,small,544.0,1,處置中・交易規則另案登錄（DK_s＝1）,未扣成本（成本參考：2.8 折來回約 0.38%、全額約 0.585%）；交易方法狀態未知（全額交割、變更交易方法、停止信用交易的來源未提供）；容量以 s 日 vol20 估計，未模擬開盤競價量與滑價；不可交易，僅觀察,未扣成本·事後欄位以 m_ 標示·非投資建議
HO,4,2024-04-25,2024-04-26,3629,地心引力,TPEx,W,W_atr14@3,1,398,0.08915,,0,0,1,-0.598,18.327,39.641,28.2,,不適用,0.0,0.0,430,inf,250.0,official_prepanel,small,24.0,0,可交易（DK_s＝0）,未扣成本（成本參考：2.8 折來回約 0.38%、全額約 0.585%）；交易方法狀態未知（全額交割、變更交易方法、停止信用交易的來源未提供）；容量以 s 日 vol20 估計，未模擬開盤競價量與滑價；不可交易，僅觀察,未扣成本·事後欄位以 m_ 標示·非投資建議
HO,4,2024-04-25,2024-04-26,4588,玖鼎電力,TWSE,W,W_atr14@3,3,398,0.079412,,0,0,1,-2.929,-3.766,-16.569,1398.7,,不適用,1.0,2.0,54,54.0,54.0,official,small,597.0,1,處置中・交易規則另案登錄（DK_s＝1）,未扣成本（成本參考：2.8 折來回約 0.38%、全額約 0.585%）；交易方法狀態未知（全額交割、變更交易方法、停止信用交易的來源未提供）；容量以 s 日 vol20 估計，未模擬開盤競價量與滑價；不可交易，僅觀察,未扣成本·事後欄位以 m_ 標示·非投資建議
HO,4,2024-04-25,2024-04-26,4806,桂田文創,TPEx,W,W_atr14@3,2,398,0.082373,,0,0,1,-1.562,-0.391,-3.906,63.0,,不適用,0.0,0.0,430,inf,250.0,official_prepanel,small,9.0,0,可交易（DK_s＝0）,未扣成本（成本參考：2.8 折來回約 0.38%、全額約 0.585%）；交易方法狀態未知（全額交割、變更交易方法、停止信用交易的來源未提供）；容量以 s 日 vol20 估計，未模擬開盤競價量與滑價；不可交易，僅觀察,未扣成本·事後欄位以 m_ 標示·非投資建議
HO,4,2024-04-26,2024-04-29,3629,地心引力,TPEx,W,W_atr14@3,1,408,0.091469,,0,0,1,0.0,21.807,39.293,28.35,,不適用,0.0,0.0,431,inf,250.0,official_prepanel,small,1.0,0,可交易（DK_s＝0）,未扣成本（成本參考：2.8 折來回約 0.38%、全額約 0.585%）；交易方法狀態未知（全額交割、變更交易方法、停止信用交易的來源未提供）；容量以 s 日 vol20 估計，未模擬開盤競價量與滑價；不可交易，僅觀察,未扣成本·事後欄位以 m_ 標示·非投資建議
HO,4,2024-04-26,2024-04-29,4588,玖鼎電力,TWSE,W,W_atr14@3,2,408,0.083374,,0,0,1,-0.855,-5.556,-17.094,1388.15,,不適用,1.0,1.0,55,55.0,55.0,official,small,317.0,1,處置中・交易規則另案登錄（DK_s＝1）,未扣成本（成本參考：2.8 折來回約 0.38%、全額約 0.585%）；交易方法狀態未知（全額交割、變更交易方法、停止信用交易的來源未提供）；容量以 s 日 vol20 估計，未模擬開盤競價量與滑價；不可交易，僅觀察,未扣成本·事後欄位以 m_ 標示·非投資建議
HO,4,2024-04-26,2024-04-29,4806,桂田文創,TPEx,W,W_atr14@3,3,408,0.077948,,0,0,1,-3.876,-0.775,-4.651,62.4,,不適用,0.0,0.0,431,inf,250.0,official_prepanel,small,36.0,0,可交易（DK_s＝0）,未扣成本（成本參考：2.8 折來回約 0.38%、全額約 0.585%）；交易方法狀態未知（全額交割、變更交易方法、停止信用交易的來源未提供）；容量以 s 日 vol20 估計，未模擬開盤競價量與滑價；不可交易，僅觀察,未扣成本·事後欄位以 m_ 標示·非投資建議
HO,4,2024-04-29,2024-04-30,3629,地心引力,TPEx,W,W_atr14@3,2,408,0.081813,,0,0,1,2.59,24.303,42.43,26.7,,不適用,0.0,0.0,432,inf,250.0,official_prepanel,small,20.0,0,可交易（DK_s＝0）,未扣成本（成本參考：2.8 折來回約 0.38%、全額約 0.585%）；交易方法狀態未知（全額交割、變更交易方法、停止信用交易的來源未提供）；容量以 s 日 vol20 估計，未模擬開盤競價量與滑價；不可交易，僅觀察,未扣成本·事後欄位以 m_ 標示·非投資建議
HO,4,2024-04-29,2024-04-30,4588,玖鼎電力,TWSE,W,W_atr14@3,1,408,0.082512,,0,0,1,5.15,-3.004,-15.88,1383.8,,不適用,1.0,0.0,56,56.0,56.0,official,small,653.0,1,處置中・交易規則另案登錄（DK_s＝1）,未扣成本（成本參考：2.8 折來回約 0.38%、全額約 0.585%）；交易方法狀態未知（全額交割、變更交易方法、停止信用交易的來源未提供）；容量以 s 日 vol20 估計，未模擬開盤競價量與滑價；不可交易，僅觀察,未扣成本·事後欄位以 m_ 標示·非投資建議
HO,4,2024-04-29,2024-04-30,4806,桂田文創,TPEx,W,W_atr14@3,3,408,0.073445,,0,0,1,2.823,0.403,-3.226,42.8,,不適用,0.0,0.0,432,inf,250.0,official_prepanel,small,3.0,0,可交易（DK_s＝0）,未扣成本（成本參考：2.8 折來回約 0.38%、全額約 0.585%）；交易方法狀態未知（全額交割、變更交易方法、停止信用交易的來源未提供）；容量以 s 日 vol20 估計，未模擬開盤競價量與滑價；不可交易，僅觀察,未扣成本·事後欄位以 m_ 標示·非投資建議
HO,4,2024-04-30,2024-05-02,3629,地心引力,TPEx,W,W_atr14@3,2,394,0.077531,,0,0,1,9.903,24.272,38.252,26.05,,不適用,0.0,0.0,433,inf,250.0,official_prepanel,small,38.0,0,可交易（DK_s＝0）,未扣成本（成本參考：2.8 折來回約 0.38%、全額約 0.585%）；交易方法狀態未知（全額交割、變更交易方法、停止信用交易的來源未提供）；容量以 s 日 vol20 估計，未模擬開盤競價量與滑價；不可交易，僅觀察,未扣成本·事後欄位以 m_ 標示·非投資建議
HO,4,2024-04-30,2024-05-02,4588,玖鼎電力,TWSE,W,W_atr14@3,1,394,0.082799,,0,0,1,-1.25,-12.5,-18.25,1381.15,,不適用,1.0,0.0,57,57.0,57.0,official,small,438.0,1,處置中・交易規則另案登錄（DK_s＝1）,未扣成本（成本參考：2.8 折來回約 0.38%、全額約 0.585%）；交易方法狀態未知（全額交割、變更交易方法、停止信用交易的來源未提供）；容量以 s 日 vol20 估計，未模擬開盤競價量與滑價；不可交易，僅觀察,未扣成本·事後欄位以 m_ 標示·非投資建議
HO,4,2024-04-30,2024-05-02,6949,沛爾生醫*-創,TWSE,W,W_atr14@3,3,394,0.070998,,0,0,1,-0.307,1.84,-8.896,280.15,,不適用,0.0,0.0,36,36.0,36.0,official,mid,65.0,0,可交易（DK_s＝0）,未扣成本（成本參考：2.8 折來回約 0.38%、全額約 0.585%）；交易方法狀態未知（全額交割、變更交易方法、停止信用交易的來源未提供）；容量以 s 日 vol20 估計，未模擬開盤競價量與滑價；不可交易，僅觀察,未扣成本·事後欄位以 m_ 標示·非投資建議
HO,4,2024-05-02,2024-05-03,4588,玖鼎電力,TWSE,W,W_atr14@3,1,397,0.086618,,0,0,1,-4.167,-17.417,-16.25,1381.35,,不適用,1.0,0.0,58,58.0,58.0,official,small,478.0,1,處置中・交易規則另案登錄（DK_s＝1）,未扣成本（成本參考：2.8 折來回約 0.38%、全額約 0.585%）；交易方法狀態未知（全額交割、變更交易方法、停止信用交易的來源未提供）；容量以 s 日 vol20 估計，未模擬開盤競價量與滑價；不可交易，僅觀察,未扣成本·事後欄位以 m_ 標示·非投資建議
HO,4,2024-05-02,2024-05-03,4609,唐鋒,TPEx,W,W_atr14@3,2,397,0.073007,,0,0,1,0.833,7.024,7.619,82.95,,不適用,0.0,0.0,434,inf,250.0,official_prepanel,small,58.0,0,可交易（DK_s＝0）,未扣成本（成本參考：2.8 折來回約 0.38%、全額約 0.585%）；交易方法狀態未知（全額交割、變更交易方法、停止信用交易的來源未提供）；容量以 s 日 vol20 估計，未模擬開盤競價量與滑價；不可交易，僅觀察,未扣成本·事後欄位以 m_ 標示·非投資建議
HO,4,2024-05-02,2024-05-03,6949,沛爾生醫*-創,TWSE,W,W_atr14@3,3,397,0.07033,,0,0,1,7.927,0.0,-8.537,277.5,,不適用,0.0,0.0,37,37.0,37.0,official,mid,171.0,0,可交易（DK_s＝0）,未扣成本（成本參考：2.8 折來回約 0.38%、全額約 0.585%）；交易方法狀態未知（全額交割、變更交易方法、停止信用交易的來源未提供）；容量以 s 日 vol20 估計，未模擬開盤競價量與滑價；不可交易，僅觀察,未扣成本·事後欄位以 m_ 標示·非投資建議
HO,4,2024-05-03,2024-05-06,3629,地心引力,TPEx,W,W_atr14@3,3,399,0.070707,,0,0,1,1.639,14.918,16.557,26.35,,不適用,0.0,0.0,435,inf,250.0,official_prepanel,small,33.0,0,可交易（DK_s＝0）,未扣成本（成本參考：2.8 折來回約 0.38%、全額約 0.585%）；交易方法狀態未知（全額交割、變更交易方法、停止信用交易的來源未提供）；容量以 s 日 vol20 估計，未模擬開盤競價量與滑價；不可交易，僅觀察,未扣成本·事後欄位以 m_ 標示·非投資建議
HO,4,2024-05-03,2024-05-06,4588,玖鼎電力,TWSE,W,W_atr14@3,1,399,0.086335,,0,0,1,-3.07,-12.544,-12.895,1363.4,,不適用,1.0,0.0,59,59.0,59.0,official,small,616.0,1,處置中・交易規則另案登錄（DK_s＝1）,未扣成本（成本參考：2.8 折來回約 0.38%、全額約 0.585%）；交易方法狀態未知（全額交割、變更交易方法、停止信用交易的來源未提供）；容量以 s 日 vol20 估計，未模擬開盤競價量與滑價；不可交易，僅觀察,未扣成本·事後欄位以 m_ 標示·非投資建議
HO,4,2024-05-03,2024-05-06,8291,尚茂,TPEx,W,W_atr14@3,2,399,0.071615,,0,0,1,2.167,-0.667,,8.94,,不適用,0.0,0.0,435,inf,250.0,official_prepanel,small,9.0,0,可交易（DK_s＝0）,未扣成本（成本參考：2.8 折來回約 0.38%、全額約 0.585%）；交易方法狀態未知（全額交割、變更交易方法、停止信用交易的來源未提供）；容量以 s 日 vol20 估計，未模擬開盤競價量與滑價；不可交易，僅觀察,未扣成本·事後欄位以 m_ 標示·非投資建議
HO,4,2024-05-06,2024-05-07,3095,及成,TPEx,W,W_atr14@3,3,396,0.070608,,0,0,1,4.93,-1.127,-5.07,145.5,,不適用,0.0,0.0,436,inf,250.0,official_prepanel,small,153.0,0,可交易（DK_s＝0）,未扣成本（成本參考：2.8 折來回約 0.38%、全額約 0.585%）；交易方法狀態未知（全額交割、變更交易方法、停止信用交易的來源未提供）；容量以 s 日 vol20 估計，未模擬開盤競價量與滑價；不可交易，僅觀察,未扣成本·事後欄位以 m_ 標示·非投資建議
HO,4,2024-05-06,2024-05-07,8080,泰霖,TPEx,W,W_atr14@3,2,396,0.07326,,0,0,1,-3.641,-3.081,-4.202,126.05,,不適用,0.0,0.0,436,inf,250.0,official_prepanel,small,84.0,0,可交易（DK_s＝0）,未扣成本（成本參考：2.8 折來回約 0.38%、全額約 0.585%）；交易方法狀態未知（全額交割、變更交易方法、停止信用交易的來源未提供）；容量以 s 日 vol20 估計，未模擬開盤競價量與滑價；不可交易，僅觀察,未扣成本·事後欄位以 m_ 標示·非投資建議
HO,4,2024-05-06,2024-05-07,8291,尚茂,TPEx,W,W_atr14@3,1,396,0.074633,,0,0,1,-5.383,-0.489,2.121,9.12,,不適用,0.0,0.0,436,inf,250.0,official_prepanel,small,11.0,0,可交易（DK_s＝0）,未扣成本（成本參考：2.8 折來回約 0.38%、全額約 0.585%）；交易方法狀態未知（全額交割、變更交易方法、停止信用交易的來源未提供）；容量以 s 日 vol20 估計，未模擬開盤競價量與滑價；不可交易，僅觀察,未扣成本·事後欄位以 m_ 標示·非投資建議
HO,4,2024-05-07,2024-05-08,3095,及成,TPEx,W,W_atr14@3,3,389,0.073826,,0,0,1,6.301,-3.425,-6.849,146.15,,不適用,0.0,0.0,437,inf,250.0,official_prepanel,small,101.0,0,可交易（DK_s＝0）,未扣成本（成本參考：2.8 折來回約 0.38%、全額約 0.585%）；交易方法狀態未知（全額交割、變更交易方法、停止信用交易的來源未提供）；容量以 s 日 vol20 估計，未模擬開盤競價量與滑價；不可交易，僅觀察,未扣成本·事後欄位以 m_ 標示·非投資建議
HO,4,2024-05-07,2024-05-08,8080,泰霖,TPEx,W,W_atr14@3,2,389,0.076827,,0,0,1,2.065,-0.885,0.885,128.5,,不適用,0.0,0.0,437,inf,250.0,official_prepanel,small,46.0,0,可交易（DK_s＝0）,未扣成本（成本參考：2.8 折來回約 0.38%、全額約 0.585%）；交易方法狀態未知（全額交割、變更交易方法、停止信用交易的來源未提供）；容量以 s 日 vol20 估計，未模擬開盤競價量與滑價；不可交易，僅觀察,未扣成本·事後欄位以 m_ 標示·非投資建議
HO,4,2024-05-07,2024-05-08,8291,尚茂,TPEx,W,W_atr14@3,1,389,0.077188,,0,0,1,0.0,,3.534,9.41,,不適用,0.0,0.0,437,inf,250.0,official_prepanel,small,9.0,0,可交易（DK_s＝0）,未扣成本（成本參考：2.8 折來回約 0.38%、全額約 0.585%）；交易方法狀態未知（全額交割、變更交易方法、停止信用交易的來源未提供）；容量以 s 日 vol20 估計，未模擬開盤競價量與滑價；不可交易，僅觀察,未扣成本·事後欄位以 m_ 標示·非投資建議
HO,4,2024-05-08,2024-05-09,3095,及成,TPEx,W,W_atr14@3,2,400,0.072993,,0,0,1,-3.266,-10.176,-14.196,139.8,,不適用,0.0,0.0,438,inf,250.0,official_prepanel,small,151.0,0,可交易（DK_s＝0）,未扣成本（成本參考：2.8 折來回約 0.38%、全額約 0.585%）；交易方法狀態未知（全額交割、變更交易方法、停止信用交易的來源未提供）；容量以 s 日 vol20 估計，未模擬開盤競價量與滑價；不可交易，僅觀察,未扣成本·事後欄位以 m_ 標示·非投資建議
HO,4,2024-05-08,2024-05-09,6949,沛爾生醫*-創,TWSE,W,W_atr14@3,3,400,0.070568,,0,0,1,-1.205,-10.542,-11.446,248.95,,不適用,0.0,0.0,41,41.0,41.0,official,mid,21.0,0,可交易（DK_s＝0）,未扣成本（成本參考：2.8 折來回約 0.38%、全額約 0.585%）；交易方法狀態未知（全額交割、變更交易方法、停止信用交易的來源未提供）；容量以 s 日 vol20 估計，未模擬開盤競價量與滑價；不可交易，僅觀察,未扣成本·事後欄位以 m_ 標示·非投資建議
HO,4,2024-05-08,2024-05-09,8291,尚茂,TPEx,W,W_atr14@3,1,400,0.078418,,0,0,1,1.695,-0.169,9.153,9.06,,不適用,0.0,0.0,438,inf,250.0,official_prepanel,small,16.0,0,可交易（DK_s＝0）,未扣成本（成本參考：2.8 折來回約 0.38%、全額約 0.585%）；交易方法狀態未知（全額交割、變更交易方法、停止信用交易的來源未提供）；容量以 s 日 vol20 估計，未模擬開盤競價量與滑價；不可交易，僅觀察,未扣成本·事後欄位以 m_ 標示·非投資建議
HO,4,2024-05-09,2024-05-10,2718,全心投控,TPEx,W,W_atr14@3,3,412,0.072564,,0,0,1,0.0,-5.556,-9.722,169.25,,不適用,0.0,3.0,439,inf,250.0,official_prepanel,mid,173.0,0,可交易（DK_s＝0）,未扣成本（成本參考：2.8 折來回約 0.38%、全額約 0.585%）；交易方法狀態未知（全額交割、變更交易方法、停止信用交易的來源未提供）；容量以 s 日 vol20 估計，未模擬開盤競價量與滑價；不可交易，僅觀察,未扣成本·事後欄位以 m_ 標示·非投資建議
HO,4,2024-05-09,2024-05-10,3095,及成,TPEx,W,W_atr14@3,1,412,0.075232,,0,0,1,-0.897,-13.077,-13.205,121.75,,不適用,0.0,0.0,439,inf,250.0,official_prepanel,small,45.0,0,可交易（DK_s＝0）,未扣成本（成本參考：2.8 折來回約 0.38%、全額約 0.585%）；交易方法狀態未知（全額交割、變更交易方法、停止信用交易的來源未提供）；容量以 s 日 vol20 估計，未模擬開盤競價量與滑價；不可交易，僅觀察,未扣成本·事後欄位以 m_ 標示·非投資建議
HO,4,2024-05-09,2024-05-10,5348,正能量智能,TPEx,W,W_atr14@3,2,412,0.074116,,0,0,1,-2.508,5.016,-25.705,87.2,,不適用,0.0,0.0,439,inf,250.0,official_prepanel,small,54.0,0,可交易（DK_s＝0）,未扣成本（成本參考：2.8 折來回約 0.38%、全額約 0.585%）；交易方法狀態未知（全額交割、變更交易方法、停止信用交易的來源未提供）；容量以 s 日 vol20 估計，未模擬開盤競價量與滑價；不可交易，僅觀察,未扣成本·事後欄位以 m_ 標示·非投資建議
HO,4,2024-05-10,2024-05-13,2718,全心投控,TPEx,W,W_atr14@3,1,418,0.08459,,0,0,1,6.19,-1.905,-6.952,175.65,,不適用,0.0,3.0,440,inf,250.0,official_prepanel,mid,215.0,0,可交易（DK_s＝0）,未扣成本（成本參考：2.8 折來回約 0.38%、全額約 0.585%）；交易方法狀態未知（全額交割、變更交易方法、停止信用交易的來源未提供）；容量以 s 日 vol20 估計，未模擬開盤競價量與滑價；不可交易，僅觀察,未扣成本·事後欄位以 m_ 標示·非投資建議
HO,4,2024-05-10,2024-05-13,3095,及成,TPEx,W,W_atr14@3,3,418,0.073554,,0,0,1,-5.135,-7.432,-6.351,106.9,,不適用,0.0,0.0,440,inf,250.0,official_prepanel,small,120.0,0,可交易（DK_s＝0）,未扣成本（成本參考：2.8 折來回約 0.38%、全額約 0.585%）；交易方法狀態未知（全額交割、變更交易方法、停止信用交易的來源未提供）；容量以 s 日 vol20 估計，未模擬開盤競價量與滑價；不可交易，僅觀察,未扣成本·事後欄位以 m_ 標示·非投資建議
HO,4,2024-05-10,2024-05-13,5348,正能量智能,TPEx,W,W_atr14@3,2,418,0.07717,,0,0,1,-3.537,-0.965,-16.399,89.1,,不適用,0.0,0.0,440,inf,250.0,official_prepanel,small,55.0,0,可交易（DK_s＝0）,未扣成本（成本參考：2.8 折來回約 0.38%、全額約 0.585%）；交易方法狀態未知（全額交割、變更交易方法、停止信用交易的來源未提供）；容量以 s 日 vol20 估計，未模擬開盤競價量與滑價；不可交易，僅觀察,未扣成本·事後欄位以 m_ 標示·非投資建議
HO,4,2024-05-13,2024-05-14,2718,全心投控,TPEx,W,W_atr14@3,1,405,0.08738,,0,0,1,-11.062,-8.85,-14.248,182.9,,不適用,0.0,2.0,441,inf,250.0,official_prepanel,mid,345.0,0,可交易（DK_s＝0）,未扣成本（成本參考：2.8 折來回約 0.38%、全額約 0.585%）；交易方法狀態未知（全額交割、變更交易方法、停止信用交易的來源未提供）；容量以 s 日 vol20 估計，未模擬開盤競價量與滑價；不可交易，僅觀察,未扣成本·事後欄位以 m_ 標示·非投資建議
HO,4,2024-05-13,2024-05-14,3095,及成,TPEx,W,W_atr14@3,2,405,0.086691,,0,0,1,2.174,-2.319,0.0,104.45,,不適用,0.0,0.0,441,inf,250.0,official_prepanel,small,26.0,0,可交易（DK_s＝0）,未扣成本（成本參考：2.8 折來回約 0.38%、全額約 0.585%）；交易方法狀態未知（全額交割、變更交易方法、停止信用交易的來源未提供）；容量以 s 日 vol20 估計，未模擬開盤競價量與滑價；不可交易，僅觀察,未扣成本·事後欄位以 m_ 標示·非投資建議
HO,4,2024-05-13,2024-05-14,5348,正能量智能,TPEx,W,W_atr14@3,3,405,0.083571,,0,0,1,1.014,1.351,-10.811,90.05,,不適用,0.0,0.0,441,inf,250.0,official_prepanel,small,67.0,0,可交易（DK_s＝0）,未扣成本（成本參考：2.8 折來回約 0.38%、全額約 0.585%）；交易方法狀態未知（全額交割、變更交易方法、停止信用交易的來源未提供）；容量以 s 日 vol20 估計，未模擬開盤競價量與滑價；不可交易，僅觀察,未扣成本·事後欄位以 m_ 標示·非投資建議
HO,4,2024-05-14,2024-05-15,2718,全心投控,TPEx,W,W_atr14@3,1,406,0.104193,,0,0,1,-1.98,0.495,-6.634,191.05,,不適用,0.0,1.0,442,inf,250.0,official_prepanel,mid,101.0,0,可交易（DK_s＝0）,未扣成本（成本參考：2.8 折來回約 0.38%、全額約 0.585%）；交易方法狀態未知（全額交割、變更交易方法、停止信用交易的來源未提供）；容量以 s 日 vol20 估計，未模擬開盤競價量與滑價；不可交易，僅觀察,未扣成本·事後欄位以 m_ 標示·非投資建議
HO,4,2024-05-14,2024-05-15,3095,及成,TPEx,W,W_atr14@3,2,406,0.089159,,0,0,1,2.73,-2.299,-2.299,100.85,,不適用,0.0,0.0,442,inf,250.0,official_prepanel,small,53.0,0,可交易（DK_s＝0）,未扣成本（成本參考：2.8 折來回約 0.38%、全額約 0.585%）；交易方法狀態未知（全額交割、變更交易方法、停止信用交易的來源未提供）；容量以 s 日 vol20 估計，未模擬開盤競價量與滑價；不可交易，僅觀察,未扣成本·事後欄位以 m_ 標示·非投資建議
HO,4,2024-05-14,2024-05-15,6144,得利影,TPEx,W,W_atr14@3,3,406,0.083333,,0,0,1,-0.498,-1.741,28.607,33.25,,不適用,0.0,0.0,442,inf,250.0,official_prepanel,small,32.0,0,可交易（DK_s＝0）,未扣成本（成本參考：2.8 折來回約 0.38%、全額約 0.585%）；交易方法狀態未知（全額交割、變更交易方法、停止信用交易的來源未提供）；容量以 s 日 vol20 估計，未模擬開盤競價量與滑價；不可交易，僅觀察,未扣成本·事後欄位以 m_ 標示·非投資建議
HO,4,2024-05-15,2024-05-16,2718,全心投控,TPEx,W,W_atr14@3,1,415,0.102525,,0,0,1,3.03,3.535,-7.98,192.2,,不適用,0.0,1.0,443,inf,250.0,official_prepanel,mid,62.0,0,可交易（DK_s＝0）,未扣成本（成本參考：2.8 折來回約 0.38%、全額約 0.585%）；交易方法狀態未知（全額交割、變更交易方法、停止信用交易的來源未提供）；容量以 s 日 vol20 估計，未模擬開盤競價量與滑價；不可交易，僅觀察,未扣成本·事後欄位以 m_ 標示·非投資建議
HO,4,2024-05-15,2024-05-16,2724,藝舍-KY,TPEx,W,W_atr14@3,2,415,0.091652,,0,0,1,3.085,19.238,15.064,87.45,,不適用,0.0,0.0,443,inf,250.0,official_prepanel,small,96.0,0,可交易（DK_s＝0）,未扣成本（成本參考：2.8 折來回約 0.38%、全額約 0.585%）；交易方法狀態未知（全額交割、變更交易方法、停止信用交易的來源未提供）；容量以 s 日 vol20 估計，未模擬開盤競價量與滑價；不可交易，僅觀察,未扣成本·事後欄位以 m_ 標示·非投資建議
HO,4,2024-05-15,2024-05-16,3095,及成,TPEx,W,W_atr14@3,3,415,0.086713,,0,0,1,-3.143,-2.429,-1.571,100.2,,不適用,0.0,0.0,443,inf,250.0,official_prepanel,small,138.0,0,可交易（DK_s＝0）,未扣成本（成本參考：2.8 折來回約 0.38%、全額約 0.585%）；交易方法狀態未知（全額交割、變更交易方法、停止信用交易的來源未提供）；容量以 s 日 vol20 估計，未模擬開盤競價量與滑價；不可交易，僅觀察,未扣成本·事後欄位以 m_ 標示·非投資建議
HO,4,2024-05-16,2024-05-17,2718,全心投控,TPEx,W,W_atr14@3,1,407,0.098109,,0,0,1,2.488,-2.985,-9.552,186.7,,不適用,0.0,2.0,444,inf,250.0,official_prepanel,mid,55.0,0,可交易（DK_s＝0）,未扣成本（成本參考：2.8 折來回約 0.38%、全額約 0.585%）；交易方法狀態未知（全額交割、變更交易方法、停止信用交易的來源未提供）；容量以 s 日 vol20 估計，未模擬開盤競價量與滑價；不可交易，僅觀察,未扣成本·事後欄位以 m_ 標示·非投資建議
HO,4,2024-05-16,2024-05-17,2724,藝舍-KY,TPEx,W,W_atr14@3,3,407,0.092052,,0,0,1,2.414,12.931,10.0,79.85,,不適用,0.0,1.0,444,inf,250.0,official_prepanel,small,49.0,0,可交易（DK_s＝0）,未扣成本（成本參考：2.8 折來回約 0.38%、全額約 0.585%）；交易方法狀態未知（全額交割、變更交易方法、停止信用交易的來源未提供）；容量以 s 日 vol20 估計，未模擬開盤競價量與滑價；不可交易，僅觀察,未扣成本·事後欄位以 m_ 標示·非投資建議
HO,4,2024-05-16,2024-05-17,3095,及成,TPEx,W,W_atr14@3,2,407,0.094185,,0,0,1,0.884,-0.295,1.767,104.95,,不適用,0.0,0.0,444,inf,250.0,official_prepanel,small,85.0,0,可交易（DK_s＝0）,未扣成本（成本參考：2.8 折來回約 0.38%、全額約 0.585%）；交易方法狀態未知（全額交割、變更交易方法、停止信用交易的來源未提供）；容量以 s 日 vol20 估計，未模擬開盤競價量與滑價；不可交易，僅觀察,未扣成本·事後欄位以 m_ 標示·非投資建議
HO,4,2024-05-17,2024-05-20,2724,藝舍-KY,TPEx,W,W_atr14@3,1,410,0.083574,,0,0,1,6.0,6.333,5.0,74.65,,不適用,0.0,1.0,445,inf,250.0,official_prepanel,small,136.0,0,可交易（DK_s＝0）,未扣成本（成本參考：2.8 折來回約 0.38%、全額約 0.585%）；交易方法狀態未知（全額交割、變更交易方法、停止信用交易的來源未提供）；容量以 s 日 vol20 估計，未模擬開盤競價量與滑價；不可交易，僅觀察,未扣成本·事後欄位以 m_ 標示·非投資建議
HO,4,2024-05-17,2024-05-20,5348,正能量智能,TPEx,W,W_atr14@3,3,410,0.080705,,0,0,1,-5.66,-18.239,-17.296,111.65,,不適用,0.0,0.0,445,inf,250.0,official_prepanel,small,73.0,0,可交易（DK_s＝0）,未扣成本（成本參考：2.8 折來回約 0.38%、全額約 0.585%）；交易方法狀態未知（全額交割、變更交易方法、停止信用交易的來源未提供）；容量以 s 日 vol20 估計，未模擬開盤競價量與滑價；不可交易，僅觀察,未扣成本·事後欄位以 m_ 標示·非投資建議
HO,4,2024-05-17,2024-05-20,6130,上亞科技,TPEx,W,W_atr14@3,2,410,0.081201,,0,0,1,-0.808,-3.434,-5.657,110.15,,不適用,0.0,0.0,445,inf,250.0,official_prepanel,small,12.0,0,可交易（DK_s＝0）,未扣成本（成本參考：2.8 折來回約 0.38%、全額約 0.585%）；交易方法狀態未知（全額交割、變更交易方法、停止信用交易的來源未提供）；容量以 s 日 vol20 估計，未模擬開盤競價量與滑價；不可交易，僅觀察,未扣成本·事後欄位以 m_ 標示·非投資建議
HO,4,2024-05-20,2024-05-21,2724,藝舍-KY,TPEx,W,W_atr14@3,2,408,0.077493,,0,0,1,6.29,8.71,1.613,78.55,,不適用,0.0,1.0,446,inf,250.0,official_prepanel,small,45.0,0,可交易（DK_s＝0）,未扣成本（成本參考：2.8 折來回約 0.38%、全額約 0.585%）；交易方法狀態未知（全額交割、變更交易方法、停止信用交易的來源未提供）；容量以 s 日 vol20 估計，未模擬開盤競價量與滑價；不可交易，僅觀察,未扣成本·事後欄位以 m_ 標示·非投資建議
HO,4,2024-05-20,2024-05-21,5348,正能量智能,TPEx,W,W_atr14@3,1,408,0.08881,,0,0,1,-3.214,-5.714,-10.0,113.15,,不適用,0.0,0.0,446,inf,250.0,official_prepanel,small,84.0,0,可交易（DK_s＝0）,未扣成本（成本參考：2.8 折來回約 0.38%、全額約 0.585%）；交易方法狀態未知（全額交割、變更交易方法、停止信用交易的來源未提供）；容量以 s 日 vol20 估計，未模擬開盤競價量與滑價；不可交易，僅觀察,未扣成本·事後欄位以 m_ 標示·非投資建議
HO,4,2024-05-20,2024-05-21,8455,大拓-KY,TPEx,W,W_atr14@3,3,408,0.073012,,0,0,1,2.371,12.716,81.034,46.44,,不適用,0.0,0.0,446,inf,250.0,official_prepanel,small,31.0,0,可交易（DK_s＝0）,未扣成本（成本參考：2.8 折來回約 0.38%、全額約 0.585%）；交易方法狀態未知（全額交割、變更交易方法、停止信用交易的來源未提供）；容量以 s 日 vol20 估計，未模擬開盤競價量與滑價；不可交易，僅觀察,未扣成本·事後欄位以 m_ 標示·非投資建議
HO,4,2024-05-21,2024-05-22,1538,正峰,TWSE,W,W_atr14@3,1,408,0.075251,,0,0,1,0.671,-0.336,-3.02,36.95,,不適用,0.0,0.0,447,inf,250.0,official_prepanel,small,49.0,0,可交易（DK_s＝0）,未扣成本（成本參考：2.8 折來回約 0.38%、全額約 0.585%）；交易方法狀態未知（全額交割、變更交易方法、停止信用交易的來源未提供）；容量以 s 日 vol20 估計，未模擬開盤競價量與滑價；不可交易，僅觀察,未扣成本·事後欄位以 m_ 標示·非投資建議
HO,4,2024-05-21,2024-05-22,2724,藝舍-KY,TPEx,W,W_atr14@3,2,408,0.073596,,0,0,1,-0.455,-3.939,-3.03,77.95,,不適用,0.0,1.0,447,inf,250.0,official_prepanel,small,27.0,0,可交易（DK_s＝0）,未扣成本（成本參考：2.8 折來回約 0.38%、全額約 0.585%）；交易方法狀態未知（全額交割、變更交易方法、停止信用交易的來源未提供）；容量以 s 日 vol20 估計，未模擬開盤競價量與滑價；不可交易，僅觀察,未扣成本·事後欄位以 m_ 標示·非投資建議
HO,4,2024-05-21,2024-05-22,8455,大拓-KY,TPEx,W,W_atr14@3,3,408,0.070977,,0,0,1,1.255,20.293,85.356,46.67,,不適用,0.0,0.0,447,inf,250.0,official_prepanel,small,21.0,0,可交易（DK_s＝0）,未扣成本（成本參考：2.8 折來回約 0.38%、全額約 0.585%）；交易方法狀態未知（全額交割、變更交易方法、停止信用交易的來源未提供）；容量以 s 日 vol20 估計，未模擬開盤競價量與滑價；不可交易，僅觀察,未扣成本·事後欄位以 m_ 標示·非投資建議
HO,4,2024-05-22,2024-05-23,1538,正峰,TWSE,W,W_atr14@3,2,404,0.071429,,0,0,1,0.68,1.701,-3.401,39.2,,不適用,0.0,0.0,448,inf,250.0,official_prepanel,small,45.0,0,可交易（DK_s＝0）,未扣成本（成本參考：2.8 折來回約 0.38%、全額約 0.585%）；交易方法狀態未知（全額交割、變更交易方法、停止信用交易的來源未提供）；容量以 s 日 vol20 估計，未模擬開盤競價量與滑價；不可交易，僅觀察,未扣成本·事後欄位以 m_ 標示·非投資建議
HO,4,2024-05-22,2024-05-23,2321,東訊,TWSE,W,W_atr14@3,3,404,0.069413,,0,0,1,-0.61,0.305,-0.915,18.85,,不適用,0.0,0.0,448,inf,250.0,official_prepanel,small,4.0,0,可交易（DK_s＝0）,未扣成本（成本參考：2.8 折來回約 0.38%、全額約 0.585%）；交易方法狀態未知（全額交割、變更交易方法、停止信用交易的來源未提供）；容量以 s 日 vol20 估計，未模擬開盤競價量與滑價；不可交易，僅觀察,未扣成本·事後欄位以 m_ 標示·非投資建議
HO,4,2024-05-22,2024-05-23,2724,藝舍-KY,TPEx,W,W_atr14@3,1,404,0.071863,,0,0,1,5.645,2.258,4.839,78.4,,不適用,0.0,1.0,448,inf,250.0,official_prepanel,small,8.0,0,可交易（DK_s＝0）,未扣成本（成本參考：2.8 折來回約 0.38%、全額約 0.585%）；交易方法狀態未知（全額交割、變更交易方法、停止信用交易的來源未提供）；容量以 s 日 vol20 估計，未模擬開盤競價量與滑價；不可交易，僅觀察,未扣成本·事後欄位以 m_ 標示·非投資建議
HO,4,2024-05-23,2024-05-24,1538,正峰,TWSE,W,W_atr14@3,3,406,0.071187,,0,0,1,3.497,3.147,1.049,38.45,,不適用,0.0,0.0,449,inf,250.0,official_prepanel,small,46.0,0,可交易（DK_s＝0）,未扣成本（成本參考：2.8 折來回約 0.38%、全額約 0.585%）；交易方法狀態未知（全額交割、變更交易方法、停止信用交易的來源未提供）；容量以 s 日 vol20 估計，未模擬開盤競價量與滑價；不可交易，僅觀察,未扣成本·事後欄位以 m_ 標示·非投資建議
HO,4,2024-05-23,2024-05-24,2726,雅茗-KY,TPEx,W,W_atr14@3,2,406,0.071429,,0,0,1,2.028,-4.524,-3.9,154.45,,不適用,0.0,0.0,449,inf,250.0,official_prepanel,small,46.0,0,可交易（DK_s＝0）,未扣成本（成本參考：2.8 折來回約 0.38%、全額約 0.585%）；交易方法狀態未知（全額交割、變更交易方法、停止信用交易的來源未提供）；容量以 s 日 vol20 估計，未模擬開盤競價量與滑價；不可交易，僅觀察,未扣成本·事後欄位以 m_ 標示·非投資建議
HO,4,2024-05-23,2024-05-24,6914,阜爾運通,TWSE,W,W_atr14@3,1,406,0.08369,,0,0,1,-3.03,-9.366,-11.846,976.6,,不適用,0.0,0.0,15,15.0,15.0,official,mid,481.0,0,可交易（DK_s＝0）,未扣成本（成本參考：2.8 折來回約 0.38%、全額約 0.585%）；交易方法狀態未知（全額交割、變更交易方法、停止信用交易的來源未提供）；容量以 s 日 vol20 估計，未模擬開盤競價量與滑價；不可交易，僅觀察,未扣成本·事後欄位以 m_ 標示·非投資建議
HO,4,2024-05-24,2024-05-27,1538,正峰,TWSE,W,W_atr14@3,2,397,0.074807,,0,0,0,,,,34.55,,不適用,0.0,0.0,450,inf,250.0,official_prepanel,small,,0,可交易（DK_s＝0）,未扣成本（成本參考：2.8 折來回約 0.38%、全額約 0.585%）；交易方法狀態未知（全額交割、變更交易方法、停止信用交易的來源未提供）；容量以 s 日 vol20 估計，未模擬開盤競價量與滑價；不可交易，僅觀察,未扣成本·事後欄位以 m_ 標示·非投資建議
HO,4,2024-05-24,2024-05-27,2724,藝舍-KY,TPEx,W,W_atr14@3,3,397,0.071764,,0,0,1,-0.296,-6.805,-3.846,74.5,,不適用,0.0,0.0,450,inf,250.0,official_prepanel,small,34.0,0,可交易（DK_s＝0）,未扣成本（成本參考：2.8 折來回約 0.38%、全額約 0.585%）；交易方法狀態未知（全額交割、變更交易方法、停止信用交易的來源未提供）；容量以 s 日 vol20 估計，未模擬開盤競價量與滑價；不可交易，僅觀察,未扣成本·事後欄位以 m_ 標示·非投資建議
HO,4,2024-05-24,2024-05-27,6914,阜爾運通,TWSE,W,W_atr14@3,1,397,0.078734,,0,0,1,-1.983,-8.215,-2.55,945.62,,不適用,0.0,0.0,16,16.0,16.0,official,mid,631.0,0,可交易（DK_s＝0）,未扣成本（成本參考：2.8 折來回約 0.38%、全額約 0.585%）；交易方法狀態未知（全額交割、變更交易方法、停止信用交易的來源未提供）；容量以 s 日 vol20 估計，未模擬開盤競價量與滑價；不可交易，僅觀察,未扣成本·事後欄位以 m_ 標示·非投資建議
HO,4,2024-05-27,2024-05-28,2321,東訊,TWSE,W,W_atr14@3,1,399,0.069648,,0,0,1,0.0,1.562,-0.938,18.2,,不適用,0.0,0.0,451,inf,250.0,official_prepanel,small,4.0,0,可交易（DK_s＝0）,未扣成本（成本參考：2.8 折來回約 0.38%、全額約 0.585%）；交易方法狀態未知（全額交割、變更交易方法、停止信用交易的來源未提供）；容量以 s 日 vol20 估計，未模擬開盤競價量與滑價；不可交易，僅觀察,未扣成本·事後欄位以 m_ 標示·非投資建議
HO,4,2024-05-27,2024-05-28,2724,藝舍-KY,TPEx,W,W_atr14@3,2,399,0.069415,,0,0,1,-5.935,-6.528,-2.077,64.1,,不適用,0.0,0.0,451,inf,250.0,official_prepanel,small,20.0,0,可交易（DK_s＝0）,未扣成本（成本參考：2.8 折來回約 0.38%、全額約 0.585%）；交易方法狀態未知（全額交割、變更交易方法、停止信用交易的來源未提供）；容量以 s 日 vol20 估計，未模擬開盤競價量與滑價；不可交易，僅觀察,未扣成本·事後欄位以 m_ 標示·非投資建議
HO,4,2024-05-27,2024-05-28,2726,雅茗-KY,TPEx,W,W_atr14@3,3,399,0.068192,,0,0,1,-0.616,-6.317,-4.314,160.85,,不適用,0.0,0.0,451,inf,250.0,official_prepanel,small,110.0,0,可交易（DK_s＝0）,未扣成本（成本參考：2.8 折來回約 0.38%、全額約 0.585%）；交易方法狀態未知（全額交割、變更交易方法、停止信用交易的來源未提供）；容量以 s 日 vol20 估計，未模擬開盤競價量與滑價；不可交易，僅觀察,未扣成本·事後欄位以 m_ 標示·非投資建議
HO,4,2024-05-28,2024-05-29,1538,正峰,TWSE,W,W_atr14@3,3,399,0.072002,,0,0,1,-2.606,-5.863,3.257,36.68,,不適用,0.0,0.0,452,inf,250.0,official_prepanel,small,40.0,0,可交易（DK_s＝0）,未扣成本（成本參考：2.8 折來回約 0.38%、全額約 0.585%）；交易方法狀態未知（全額交割、變更交易方法、停止信用交易的來源未提供）；容量以 s 日 vol20 估計，未模擬開盤競價量與滑價；不可交易，僅觀察,未扣成本·事後欄位以 m_ 標示·非投資建議
HO,4,2024-05-28,2024-05-29,2724,藝舍-KY,TPEx,W,W_atr14@3,2,399,0.076498,,0,0,1,0.0,0.946,4.732,60.65,,不適用,0.0,0.0,452,inf,250.0,official_prepanel,small,38.0,0,可交易（DK_s＝0）,未扣成本（成本參考：2.8 折來回約 0.38%、全額約 0.585%）；交易方法狀態未知（全額交割、變更交易方法、停止信用交易的來源未提供）；容量以 s 日 vol20 估計，未模擬開盤競價量與滑價；不可交易，僅觀察,未扣成本·事後欄位以 m_ 標示·非投資建議
HO,4,2024-05-28,2024-05-29,3064,泰偉,TPEx,W,W_atr14@3,1,399,0.076634,,0,0,1,-0.668,-4.9,-6.459,52.65,,不適用,1.0,5.0,452,inf,250.0,official_prepanel,small,47.0,1,處置中・交易規則另案登錄（DK_s＝1）,未扣成本（成本參考：2.8 折來回約 0.38%、全額約 0.585%）；交易方法狀態未知（全額交割、變更交易方法、停止信用交易的來源未提供）；容量以 s 日 vol20 估計，未模擬開盤競價量與滑價；不可交易，僅觀察,未扣成本·事後欄位以 m_ 標示·非投資建議
HO,4,2024-05-29,2024-05-30,1538,正峰,TWSE,W,W_atr14@3,3,398,0.073064,,0,0,1,-1.338,-5.017,10.368,37.37,,不適用,0.0,0.0,453,inf,250.0,official_prepanel,small,62.0,0,可交易（DK_s＝0）,未扣成本（成本參考：2.8 折來回約 0.38%、全額約 0.585%）；交易方法狀態未知（全額交割、變更交易方法、停止信用交易的來源未提供）；容量以 s 日 vol20 估計，未模擬開盤競價量與滑價；不可交易，僅觀察,未扣成本·事後欄位以 m_ 標示·非投資建議
HO,4,2024-05-29,2024-05-30,2724,藝舍-KY,TPEx,W,W_atr14@3,2,398,0.07616,,0,0,1,0.314,2.201,4.717,59.45,,不適用,0.0,0.0,453,inf,250.0,official_prepanel,small,7.0,0,可交易（DK_s＝0）,未扣成本（成本參考：2.8 折來回約 0.38%、全額約 0.585%）；交易方法狀態未知（全額交割、變更交易方法、停止信用交易的來源未提供）；容量以 s 日 vol20 估計，未模擬開盤競價量與滑價；不可交易，僅觀察,未扣成本·事後欄位以 m_ 標示·非投資建議
HO,4,2024-05-29,2024-05-30,3064,泰偉,TPEx,W,W_atr14@3,1,398,0.077995,,0,0,1,-2.522,-5.592,-7.785,54.45,,不適用,1.0,4.0,453,inf,250.0,official_prepanel,small,13.0,1,處置中・交易規則另案登錄（DK_s＝1）,未扣成本（成本參考：2.8 折來回約 0.38%、全額約 0.585%）；交易方法狀態未知（全額交割、變更交易方法、停止信用交易的來源未提供）；容量以 s 日 vol20 估計，未模擬開盤競價量與滑價；不可交易，僅觀察,未扣成本·事後欄位以 m_ 標示·非投資建議
HO,4,2024-05-30,2024-05-31,1538,正峰,TWSE,W,W_atr14@3,2,393,0.078488,,0,0,1,2.069,-0.345,22.759,35.32,,不適用,0.0,0.0,454,inf,250.0,official_prepanel,small,61.0,0,可交易（DK_s＝0）,未扣成本（成本參考：2.8 折來回約 0.38%、全額約 0.585%）；交易方法狀態未知（全額交割、變更交易方法、停止信用交易的來源未提供）；容量以 s 日 vol20 估計，未模擬開盤競價量與滑價；不可交易，僅觀察,未扣成本·事後欄位以 m_ 標示·非投資建議
HO,4,2024-05-30,2024-05-31,2724,藝舍-KY,TPEx,W,W_atr14@3,3,393,0.074563,,0,0,1,-1.869,1.713,9.034,54.1,,不適用,0.0,0.0,454,inf,250.0,official_prepanel,small,13.0,0,可交易（DK_s＝0）,未扣成本（成本參考：2.8 折來回約 0.38%、全額約 0.585%）；交易方法狀態未知（全額交割、變更交易方法、停止信用交易的來源未提供）；容量以 s 日 vol20 估計，未模擬開盤競價量與滑價；不可交易，僅觀察,未扣成本·事後欄位以 m_ 標示·非投資建議
HO,4,2024-05-30,2024-05-31,3064,泰偉,TPEx,W,W_atr14@3,1,393,0.078499,,0,0,1,-4.494,-1.685,-2.247,53.15,,不適用,1.0,3.0,454,inf,250.0,official_prepanel,small,47.0,1,處置中・交易規則另案登錄（DK_s＝1）,未扣成本（成本參考：2.8 折來回約 0.38%、全額約 0.585%）；交易方法狀態未知（全額交割、變更交易方法、停止信用交易的來源未提供）；容量以 s 日 vol20 估計，未模擬開盤競價量與滑價；不可交易，僅觀察,未扣成本·事後欄位以 m_ 標示·非投資建議
HO,4,2024-05-31,2024-06-03,1538,正峰,TWSE,W,W_atr14@3,2,395,0.069387,,0,0,1,3.86,0.351,27.719,36.47,,不適用,0.0,0.0,455,inf,250.0,official_prepanel,small,23.0,0,可交易（DK_s＝0）,未扣成本（成本參考：2.8 折來回約 0.38%、全額約 0.585%）；交易方法狀態未知（全額交割、變更交易方法、停止信用交易的來源未提供）；容量以 s 日 vol20 估計，未模擬開盤競價量與滑價；不可交易，僅觀察,未扣成本·事後欄位以 m_ 標示·非投資建議
HO,4,2024-05-31,2024-06-03,2724,藝舍-KY,TPEx,W,W_atr14@3,3,395,0.068934,,0,0,1,-0.943,2.201,8.491,52.8,,不適用,0.0,0.0,455,inf,250.0,official_prepanel,small,33.0,0,可交易（DK_s＝0）,未扣成本（成本參考：2.8 折來回約 0.38%、全額約 0.585%）；交易方法狀態未知（全額交割、變更交易方法、停止信用交易的來源未提供）；容量以 s 日 vol20 估計，未模擬開盤競價量與滑價；不可交易，僅觀察,未扣成本·事後欄位以 m_ 標示·非投資建議
HO,4,2024-05-31,2024-06-03,3064,泰偉,TPEx,W,W_atr14@3,1,395,0.087395,,0,0,1,-0.471,5.882,2.706,54.15,,不適用,1.0,2.0,455,inf,250.0,official_prepanel,small,18.0,1,處置中・交易規則另案登錄（DK_s＝1）,未扣成本（成本參考：2.8 折來回約 0.38%、全額約 0.585%）；交易方法狀態未知（全額交割、變更交易方法、停止信用交易的來源未提供）；容量以 s 日 vol20 估計，未模擬開盤競價量與滑價；不可交易，僅觀察,未扣成本·事後欄位以 m_ 標示·非投資建議
HO,4,2024-06-03,2024-06-04,3064,泰偉,TPEx,W,W_atr14@3,2,394,0.089075,,0,0,1,2.892,7.108,6.867,53.4,,不適用,1.0,1.0,456,inf,250.0,official_prepanel,small,22.0,1,處置中・交易規則另案登錄（DK_s＝1）,未扣成本（成本參考：2.8 折來回約 0.38%、全額約 0.585%）；交易方法狀態未知（全額交割、變更交易方法、停止信用交易的來源未提供）；容量以 s 日 vol20 估計，未模擬開盤競價量與滑價；不可交易，僅觀察,未扣成本·事後欄位以 m_ 標示·非投資建議
HO,4,2024-06-03,2024-06-04,3085,,TPEx,W,W_atr14@3,3,394,0.06498,,0,0,1,-4.698,-2.685,,9.25,,不適用,0.0,0.0,456,inf,250.0,official_prepanel,small,16.0,0,可交易（DK_s＝0）,未扣成本（成本參考：2.8 折來回約 0.38%、全額約 0.585%）；交易方法狀態未知（全額交割、變更交易方法、停止信用交易的來源未提供）；容量以 s 日 vol20 估計，未模擬開盤競價量與滑價；不可交易，僅觀察,未扣成本·事後欄位以 m_ 標示·非投資建議
HO,4,2024-06-03,2024-06-04,5348,正能量智能,TPEx,W,W_atr14@3,1,394,0.096372,,0,0,1,0.797,5.179,0.797,95.6,,不適用,0.0,0.0,456,inf,250.0,official_prepanel,small,13.0,0,可交易（DK_s＝0）,未扣成本（成本參考：2.8 折來回約 0.38%、全額約 0.585%）；交易方法狀態未知（全額交割、變更交易方法、停止信用交易的來源未提供）；容量以 s 日 vol20 估計，未模擬開盤競價量與滑價；不可交易，僅觀察,未扣成本·事後欄位以 m_ 標示·非投資建議
HO,4,2024-06-04,2024-06-05,1538,正峰,TWSE,W,W_atr14@3,3,392,0.062816,,0,0,1,-1.73,9.689,17.993,38.79,,不適用,0.0,0.0,457,inf,250.0,official_prepanel,small,24.0,0,可交易（DK_s＝0）,未扣成本（成本參考：2.8 折來回約 0.38%、全額約 0.585%）；交易方法狀態未知（全額交割、變更交易方法、停止信用交易的來源未提供）；容量以 s 日 vol20 估計，未模擬開盤競價量與滑價；不可交易，僅觀察,未扣成本·事後欄位以 m_ 標示·非投資建議
HO,4,2024-06-04,2024-06-05,3064,泰偉,TPEx,W,W_atr14@3,2,392,0.087571,,0,0,1,0.116,-2.326,3.488,53.55,,不適用,1.0,0.0,457,inf,250.0,official_prepanel,small,19.0,1,處置中・交易規則另案登錄（DK_s＝1）,未扣成本（成本參考：2.8 折來回約 0.38%、全額約 0.585%）；交易方法狀態未知（全額交割、變更交易方法、停止信用交易的來源未提供）；容量以 s 日 vol20 估計，未模擬開盤競價量與滑價；不可交易，僅觀察,未扣成本·事後欄位以 m_ 標示·非投資建議
HO,4,2024-06-04,2024-06-05,5348,正能量智能,TPEx,W,W_atr14@3,1,392,0.092321,,0,0,1,0.766,-0.766,-3.065,77.05,,不適用,0.0,0.0,457,inf,250.0,official_prepanel,small,14.0,0,可交易（DK_s＝0）,未扣成本（成本參考：2.8 折來回約 0.38%、全額約 0.585%）；交易方法狀態未知（全額交割、變更交易方法、停止信用交易的來源未提供）；容量以 s 日 vol20 估計，未模擬開盤競價量與滑價；不可交易，僅觀察,未扣成本·事後欄位以 m_ 標示·非投資建議
HO,4,2024-06-05,2024-06-06,3064,泰偉,TPEx,W,W_atr14@3,2,395,0.083873,,0,0,1,1.626,-2.323,4.53,54.0,,不適用,1.0,0.0,458,inf,250.0,official_prepanel,small,10.0,1,處置中・交易規則另案登錄（DK_s＝1）,未扣成本（成本參考：2.8 折來回約 0.38%、全額約 0.585%）；交易方法狀態未知（全額交割、變更交易方法、停止信用交易的來源未提供）；容量以 s 日 vol20 估計，未模擬開盤競價量與滑價；不可交易，僅觀察,未扣成本·事後欄位以 m_ 標示·非投資建議
HO,4,2024-06-05,2024-06-06,5348,正能量智能,TPEx,W,W_atr14@3,1,395,0.085008,,0,0,1,0.0,-1.521,-4.563,71.45,,不適用,0.0,0.0,458,inf,250.0,official_prepanel,small,24.0,0,可交易（DK_s＝0）,未扣成本（成本參考：2.8 折來回約 0.38%、全額約 0.585%）；交易方法狀態未知（全額交割、變更交易方法、停止信用交易的來源未提供）；容量以 s 日 vol20 估計，未模擬開盤競價量與滑價；不可交易，僅觀察,未扣成本·事後欄位以 m_ 標示·非投資建議
HO,4,2024-06-05,2024-06-06,8291,尚茂,TPEx,W,W_atr14@3,3,395,0.075613,,0,0,1,-1.22,2.439,-4.065,139.5,,不適用,1.0,5.0,458,inf,250.0,official_prepanel,small,216.0,1,處置中・交易規則另案登錄（DK_s＝1）,未扣成本（成本參考：2.8 折來回約 0.38%、全額約 0.585%）；交易方法狀態未知（全額交割、變更交易方法、停止信用交易的來源未提供）；容量以 s 日 vol20 估計，未模擬開盤競價量與滑價；不可交易，僅觀察,未扣成本·事後欄位以 m_ 標示·非投資建議
HO,4,2024-06-06,2024-06-07,3064,泰偉,TPEx,W,W_atr14@3,3,400,0.078939,,0,0,1,2.857,-0.571,13.143,53.95,,不適用,1.0,0.0,459,inf,250.0,official_prepanel,small,3.0,1,處置中・交易規則另案登錄（DK_s＝1）,未扣成本（成本參考：2.8 折來回約 0.38%、全額約 0.585%）；交易方法狀態未知（全額交割、變更交易方法、停止信用交易的來源未提供）；容量以 s 日 vol20 估計，未模擬開盤競價量與滑價；不可交易，僅觀察,未扣成本·事後欄位以 m_ 標示·非投資建議
HO,4,2024-06-06,2024-06-07,5348,正能量智能,TPEx,W,W_atr14@3,2,400,0.081206,,0,0,1,3.586,1.594,-0.398,66.9,,不適用,0.0,0.0,459,inf,250.0,official_prepanel,small,14.0,0,可交易（DK_s＝0）,未扣成本（成本參考：2.8 折來回約 0.38%、全額約 0.585%）；交易方法狀態未知（全額交割、變更交易方法、停止信用交易的來源未提供）；容量以 s 日 vol20 估計，未模擬開盤競價量與滑價；不可交易，僅觀察,未扣成本·事後欄位以 m_ 標示·非投資建議
HO,4,2024-06-06,2024-06-07,8291,尚茂,TPEx,W,W_atr14@3,1,400,0.085949,,0,0,1,0.0,3.448,-0.431,150.61,,不適用,1.0,5.0,459,inf,250.0,official_prepanel,small,264.0,1,處置中・交易規則另案登錄（DK_s＝1）,未扣成本（成本參考：2.8 折來回約 0.38%、全額約 0.585%）；交易方法狀態未知（全額交割、變更交易方法、停止信用交易的來源未提供）；容量以 s 日 vol20 估計，未模擬開盤競價量與滑價；不可交易，僅觀察,未扣成本·事後欄位以 m_ 標示·非投資建議
HO,4,2024-06-07,2024-06-11,3064,泰偉,TPEx,W,W_atr14@3,3,397,0.073333,,0,0,1,-1.332,-3.108,20.422,53.75,,不適用,1.0,0.0,460,inf,250.0,official_prepanel,small,27.0,1,處置中・交易規則另案登錄（DK_s＝1）,未扣成本（成本參考：2.8 折來回約 0.38%、全額約 0.585%）；交易方法狀態未知（全額交割、變更交易方法、停止信用交易的來源未提供）；容量以 s 日 vol20 估計，未模擬開盤競價量與滑價；不可交易，僅觀察,未扣成本·事後欄位以 m_ 標示·非投資建議
HO,4,2024-06-07,2024-06-11,5348,正能量智能,TPEx,W,W_atr14@3,2,397,0.074725,,0,0,1,-1.859,-4.461,-8.55,64.9,,不適用,0.0,0.0,460,inf,250.0,official_prepanel,small,11.0,0,可交易（DK_s＝0）,未扣成本（成本參考：2.8 折來回約 0.38%、全額約 0.585%）；交易方法狀態未知（全額交割、變更交易方法、停止信用交易的來源未提供）；容量以 s 日 vol20 估計，未模擬開盤競價量與滑價；不可交易，僅觀察,未扣成本·事後欄位以 m_ 標示·非投資建議
HO,4,2024-06-07,2024-06-11,8291,尚茂,TPEx,W,W_atr14@3,1,397,0.09649,,0,0,1,-7.08,16.814,-2.655,164.06,,不適用,1.0,4.0,460,inf,250.0,official_prepanel,small,228.0,1,處置中・交易規則另案登錄（DK_s＝1）,未扣成本（成本參考：2.8 折來回約 0.38%、全額約 0.585%）；交易方法狀態未知（全額交割、變更交易方法、停止信用交易的來源未提供）；容量以 s 日 vol20 估計，未模擬開盤競價量與滑價；不可交易，僅觀察,未扣成本·事後欄位以 m_ 標示·非投資建議
HO,4,2024-06-11,2024-06-12,5348,正能量智能,TPEx,W,W_atr14@3,3,401,0.069264,,0,0,1,-5.128,-7.326,-8.059,62.7,,不適用,0.0,0.0,461,inf,250.0,official_prepanel,small,15.0,0,可交易（DK_s＝0）,未扣成本（成本參考：2.8 折來回約 0.38%、全額約 0.585%）；交易方法狀態未知（全額交割、變更交易方法、停止信用交易的來源未提供）；容量以 s 日 vol20 估計，未模擬開盤競價量與滑價；不可交易，僅觀察,未扣成本·事後欄位以 m_ 標示·非投資建議
HO,4,2024-06-11,2024-06-12,8291,尚茂,TPEx,W,W_atr14@3,1,401,0.111701,,0,0,1,12.683,23.415,5.366,175.33,,不適用,1.0,3.0,461,inf,250.0,official_prepanel,small,113.0,1,處置中・交易規則另案登錄（DK_s＝1）,未扣成本（成本參考：2.8 折來回約 0.38%、全額約 0.585%）；交易方法狀態未知（全額交割、變更交易方法、停止信用交易的來源未提供）；容量以 s 日 vol20 估計，未模擬開盤競價量與滑價；不可交易，僅觀察,未扣成本·事後欄位以 m_ 標示·非投資建議
HO,4,2024-06-11,2024-06-12,8455,大拓-KY,TPEx,W,W_atr14@3,2,401,0.077143,,0,0,1,10.0,10.0,11.143,90.75,,不適用,1.0,3.0,461,inf,250.0,official_prepanel,small,220.0,1,處置中・交易規則另案登錄（DK_s＝1）,未扣成本（成本參考：2.8 折來回約 0.38%、全額約 0.585%）；交易方法狀態未知（全額交割、變更交易方法、停止信用交易的來源未提供）；容量以 s 日 vol20 估計，未模擬開盤競價量與滑價；不可交易，僅觀察,未扣成本·事後欄位以 m_ 標示·非投資建議
HO,4,2024-06-12,2024-06-13,3064,泰偉,TPEx,W,W_atr14@3,1,402,0.073214,,0,0,1,3.699,9.741,31.319,59.35,,不適用,0.0,0.0,462,inf,250.0,official_prepanel,small,42.0,0,可交易（DK_s＝0）,未扣成本（成本參考：2.8 折來回約 0.38%、全額約 0.585%）；交易方法狀態未知（全額交割、變更交易方法、停止信用交易的來源未提供）；容量以 s 日 vol20 估計，未模擬開盤競價量與滑價；不可交易，僅觀察,未扣成本·事後欄位以 m_ 標示·非投資建議
HO,4,2024-06-12,2024-06-13,5348,正能量智能,TPEx,W,W_atr14@3,2,402,0.07005,,0,0,1,3.6,1.2,0.4,60.1,,不適用,0.0,0.0,462,inf,250.0,official_prepanel,small,29.0,0,可交易（DK_s＝0）,未扣成本（成本參考：2.8 折來回約 0.38%、全額約 0.585%）；交易方法狀態未知（全額交割、變更交易方法、停止信用交易的來源未提供）；容量以 s 日 vol20 估計，未模擬開盤競價量與滑價；不可交易，僅觀察,未扣成本·事後欄位以 m_ 標示·非投資建議
HO,4,2024-06-12,2024-06-13,6419,京晨科,TPEx,W,W_atr14@3,3,402,0.068323,,0,0,1,2.484,-15.839,-9.317,266.15,,不適用,0.0,1.0,462,inf,250.0,official_prepanel,small,1465.0,0,可交易（DK_s＝0）,未扣成本（成本參考：2.8 折來回約 0.38%、全額約 0.585%）；交易方法狀態未知（全額交割、變更交易方法、停止信用交易的來源未提供）；容量以 s 日 vol20 估計，未模擬開盤競價量與滑價；不可交易，僅觀察,未扣成本·事後欄位以 m_ 標示·非投資建議
HO,4,2024-06-13,2024-06-14,3064,泰偉,TPEx,W,W_atr14@3,3,398,0.069475,,0,0,1,7.143,10.837,31.158,60.75,,不適用,0.0,0.0,463,inf,250.0,official_prepanel,small,24.0,0,可交易（DK_s＝0）,未扣成本（成本參考：2.8 折來回約 0.38%、全額約 0.585%）；交易方法狀態未知（全額交割、變更交易方法、停止信用交易的來源未提供）；容量以 s 日 vol20 估計，未模擬開盤競價量與滑價；不可交易，僅觀察,未扣成本·事後欄位以 m_ 標示·非投資建議
HO,4,2024-06-13,2024-06-14,8291,尚茂,TPEx,W,W_atr14@3,1,398,0.095918,,0,0,1,-4.382,-5.976,-16.335,182.42,,不適用,1.0,1.0,463,inf,250.0,official_prepanel,small,107.0,1,處置中・交易規則另案登錄（DK_s＝1）,未扣成本（成本參考：2.8 折來回約 0.38%、全額約 0.585%）；交易方法狀態未知（全額交割、變更交易方法、停止信用交易的來源未提供）；容量以 s 日 vol20 估計，未模擬開盤競價量與滑價；不可交易，僅觀察,未扣成本·事後欄位以 m_ 標示·非投資建議
HO,4,2024-06-13,2024-06-14,8455,大拓-KY,TPEx,W,W_atr14@3,2,398,0.079993,,0,0,1,2.865,-3.516,-4.427,115.5,,不適用,1.0,1.0,463,inf,250.0,official_prepanel,small,116.0,1,處置中・交易規則另案登錄（DK_s＝1）,未扣成本（成本參考：2.8 折來回約 0.38%、全額約 0.585%）；交易方法狀態未知（全額交割、變更交易方法、停止信用交易的來源未提供）；容量以 s 日 vol20 估計，未模擬開盤競價量與滑價；不可交易，僅觀察,未扣成本·事後欄位以 m_ 標示·非投資建議
HO,4,2024-06-14,2024-06-17,3432,台端,TWSE,W,W_atr14@3,3,400,0.069324,,0,0,1,3.214,5.0,14.286,827.2,,不適用,0.0,0.0,464,inf,250.0,official_prepanel,small,596.0,0,可交易（DK_s＝0）,未扣成本（成本參考：2.8 折來回約 0.38%、全額約 0.585%）；交易方法狀態未知（全額交割、變更交易方法、停止信用交易的來源未提供）；容量以 s 日 vol20 估計，未模擬開盤競價量與滑價；不可交易，僅觀察,未扣成本·事後欄位以 m_ 標示·非投資建議
HO,4,2024-06-14,2024-06-17,8291,尚茂,TPEx,W,W_atr14@3,1,400,0.100119,,0,0,1,10.924,-2.941,-9.244,187.68,,不適用,1.0,0.0,464,inf,250.0,official_prepanel,small,81.0,1,處置中・交易規則另案登錄（DK_s＝1）,未扣成本（成本參考：2.8 折來回約 0.38%、全額約 0.585%）；交易方法狀態未知（全額交割、變更交易方法、停止信用交易的來源未提供）；容量以 s 日 vol20 估計，未模擬開盤競價量與滑價；不可交易，僅觀察,未扣成本·事後欄位以 m_ 標示·非投資建議
HO,4,2024-06-14,2024-06-17,8455,大拓-KY,TPEx,W,W_atr14@3,2,400,0.083092,,0,0,1,-1.538,-7.051,-2.051,120.3,,不適用,1.0,0.0,464,inf,250.0,official_prepanel,small,102.0,1,處置中・交易規則另案登錄（DK_s＝1）,未扣成本（成本參考：2.8 折來回約 0.38%、全額約 0.585%）；交易方法狀態未知（全額交割、變更交易方法、停止信用交易的來源未提供）；容量以 s 日 vol20 估計，未模擬開盤競價量與滑價；不可交易，僅觀察,未扣成本·事後欄位以 m_ 標示·非投資建議
HO,4,2024-06-17,2024-06-18,3432,台端,TWSE,W,W_atr14@3,2,391,0.071429,,0,0,1,7.931,1.379,7.586,854.2,,不適用,0.0,0.0,465,inf,250.0,official_prepanel,small,1032.0,0,可交易（DK_s＝0）,未扣成本（成本參考：2.8 折來回約 0.38%、全額約 0.585%）；交易方法狀態未知（全額交割、變更交易方法、停止信用交易的來源未提供）；容量以 s 日 vol20 估計，未模擬開盤競價量與滑價；不可交易，僅觀察,未扣成本·事後欄位以 m_ 標示·非投資建議
HO,4,2024-06-17,2024-06-18,6512,啟發電,TPEx,W,W_atr14@3,3,391,0.069169,,0,0,1,-1.235,-5.115,-0.529,194.05,,不適用,1.0,0.0,465,inf,250.0,official_prepanel,small,75.0,1,處置中・交易規則另案登錄（DK_s＝1）,未扣成本（成本參考：2.8 折來回約 0.38%、全額約 0.585%）；交易方法狀態未知（全額交割、變更交易方法、停止信用交易的來源未提供）；容量以 s 日 vol20 估計，未模擬開盤競價量與滑價；不可交易，僅觀察,未扣成本·事後欄位以 m_ 標示·非投資建議
HO,4,2024-06-17,2024-06-18,8455,大拓-KY,TPEx,W,W_atr14@3,1,391,0.083891,,0,0,1,0.26,-7.812,-7.943,125.2,,不適用,1.0,0.0,465,inf,250.0,official_prepanel,small,87.0,1,處置中・交易規則另案登錄（DK_s＝1）,未扣成本（成本參考：2.8 折來回約 0.38%、全額約 0.585%）；交易方法狀態未知（全額交割、變更交易方法、停止信用交易的來源未提供）；容量以 s 日 vol20 估計，未模擬開盤競價量與滑價；不可交易，僅觀察,未扣成本·事後欄位以 m_ 標示·非投資建議
HO,4,2024-06-18,2024-06-19,3432,台端,TWSE,W,W_atr14@3,3,398,0.071314,,0,0,1,-3.871,-7.097,-5.484,902.55,,不適用,0.0,0.0,466,inf,250.0,official_prepanel,small,732.0,0,可交易（DK_s＝0）,未扣成本（成本參考：2.8 折來回約 0.38%、全額約 0.585%）；交易方法狀態未知（全額交割、變更交易方法、停止信用交易的來源未提供）；容量以 s 日 vol20 估計，未模擬開盤競價量與滑價；不可交易，僅觀察,未扣成本·事後欄位以 m_ 標示·非投資建議
HO,4,2024-06-18,2024-06-19,8291,尚茂,TPEx,W,W_atr14@3,1,398,0.099661,,0,0,1,-3.125,-15.625,-14.453,184.75,,不適用,1.0,0.0,466,inf,250.0,official_prepanel,small,45.0,1,處置中・交易規則另案登錄（DK_s＝1）,未扣成本（成本參考：2.8 折來回約 0.38%、全額約 0.585%）；交易方法狀態未知（全額交割、變更交易方法、停止信用交易的來源未提供）；容量以 s 日 vol20 估計，未模擬開盤競價量與滑價；不可交易，僅觀察,未扣成本·事後欄位以 m_ 標示·非投資建議
HO,4,2024-06-18,2024-06-19,8455,大拓-KY,TPEx,W,W_atr14@3,2,398,0.081725,,0,0,1,1.181,2.1,-11.942,127.45,,不適用,1.0,0.0,466,inf,250.0,official_prepanel,small,122.0,0,處置中・交易規則另案登錄（DK_s＝1）,未扣成本（成本參考：2.8 折來回約 0.38%、全額約 0.585%）；交易方法狀態未知（全額交割、變更交易方法、停止信用交易的來源未提供）；容量以 s 日 vol20 估計，未模擬開盤競價量與滑價；不可交易，僅觀察,未扣成本·事後欄位以 m_ 標示·非投資建議
HO,4,2024-06-19,2024-06-20,3432,台端,TWSE,W,W_atr14@3,2,392,0.077661,,0,0,1,3.813,1.56,0.52,937.55,,不適用,0.0,0.0,467,inf,250.0,official_prepanel,small,406.0,0,可交易（DK_s＝0）,未扣成本（成本參考：2.8 折來回約 0.38%、全額約 0.585%）；交易方法狀態未知（全額交割、變更交易方法、停止信用交易的來源未提供）；容量以 s 日 vol20 估計，未模擬開盤競價量與滑價；不可交易，僅觀察,未扣成本·事後欄位以 m_ 標示·非投資建議
HO,4,2024-06-19,2024-06-20,6512,啟發電,TPEx,W,W_atr14@3,3,392,0.07246,,0,0,1,1.476,9.594,1.292,199.3,,不適用,1.0,0.0,467,inf,250.0,official_prepanel,small,73.0,1,處置中・交易規則另案登錄（DK_s＝1）,未扣成本（成本參考：2.8 折來回約 0.38%、全額約 0.585%）；交易方法狀態未知（全額交割、變更交易方法、停止信用交易的來源未提供）；容量以 s 日 vol20 估計，未模擬開盤競價量與滑價；不可交易，僅觀察,未扣成本·事後欄位以 m_ 標示·非投資建議
HO,4,2024-06-19,2024-06-20,8291,尚茂,TPEx,W,W_atr14@3,1,392,0.100806,,0,0,1,-4.839,-12.903,-11.694,186.15,,不適用,1.0,0.0,467,inf,250.0,official_prepanel,small,37.0,1,處置中・交易規則另案登錄（DK_s＝1）,未扣成本（成本參考：2.8 折來回約 0.38%、全額約 0.585%）；交易方法狀態未知（全額交割、變更交易方法、停止信用交易的來源未提供）；容量以 s 日 vol20 估計，未模擬開盤競價量與滑價；不可交易，僅觀察,未扣成本·事後欄位以 m_ 標示·非投資建議
HO,4,2024-06-20,2024-06-21,3095,及成,TPEx,W,W_atr14@3,3,388,0.072547,,0,0,1,-0.676,4.059,7.215,155.3,,不適用,0.0,1.0,468,inf,250.0,official_prepanel,small,90.0,0,可交易（DK_s＝0）,未扣成本（成本參考：2.8 折來回約 0.38%、全額約 0.585%）；交易方法狀態未知（全額交割、變更交易方法、停止信用交易的來源未提供）；容量以 s 日 vol20 估計，未模擬開盤競價量與滑價；不可交易，僅觀察,未扣成本·事後欄位以 m_ 標示·非投資建議
HO,4,2024-06-20,2024-06-21,3432,台端,TWSE,W,W_atr14@3,2,388,0.075364,,0,0,1,-3.289,5.921,-5.592,956.85,,不適用,0.0,0.0,468,inf,250.0,official_prepanel,small,388.0,0,可交易（DK_s＝0）,未扣成本（成本參考：2.8 折來回約 0.38%、全額約 0.585%）；交易方法狀態未知（全額交割、變更交易方法、停止信用交易的來源未提供）；容量以 s 日 vol20 估計，未模擬開盤競價量與滑價；不可交易，僅觀察,未扣成本·事後欄位以 m_ 標示·非投資建議
HO,4,2024-06-20,2024-06-21,8291,尚茂,TPEx,W,W_atr14@3,1,388,0.107143,,0,0,1,6.452,-3.226,,184.6,,不適用,1.0,0.0,468,inf,250.0,official_prepanel,small,33.0,0,處置中・交易規則另案登錄（DK_s＝1）,未扣成本（成本參考：2.8 折來回約 0.38%、全額約 0.585%）；交易方法狀態未知（全額交割、變更交易方法、停止信用交易的來源未提供）；容量以 s 日 vol20 估計，未模擬開盤競價量與滑價；不可交易，僅觀察,未扣成本·事後欄位以 m_ 標示·非投資建議
HO,4,2024-06-21,2024-06-24,3095,及成,TPEx,W,W_atr14@3,3,381,0.07378,,0,0,1,0.68,2.154,18.594,156.75,,不適用,0.0,0.0,469,inf,250.0,official_prepanel,small,81.0,0,可交易（DK_s＝0）,未扣成本（成本參考：2.8 折來回約 0.38%、全額約 0.585%）；交易方法狀態未知（全額交割、變更交易方法、停止信用交易的來源未提供）；容量以 s 日 vol20 估計，未模擬開盤競價量與滑價；不可交易，僅觀察,未扣成本·事後欄位以 m_ 標示·非投資建議
HO,4,2024-06-21,2024-06-24,3432,台端,TWSE,W,W_atr14@3,2,381,0.076166,,0,0,1,1.031,9.966,-0.344,974.75,,不適用,0.0,0.0,469,inf,250.0,official_prepanel,small,422.0,0,可交易（DK_s＝0）,未扣成本（成本參考：2.8 折來回約 0.38%、全額約 0.585%）；交易方法狀態未知（全額交割、變更交易方法、停止信用交易的來源未提供）；容量以 s 日 vol20 估計，未模擬開盤競價量與滑價；不可交易，僅觀察,未扣成本·事後欄位以 m_ 標示·非投資建議
HO,4,2024-06-21,2024-06-24,8291,尚茂,TPEx,W,W_atr14@3,1,381,0.11039,,0,0,1,1.382,-0.461,-7.834,180.65,,不適用,0.0,0.0,469,inf,250.0,official_prepanel,small,23.0,0,可交易（DK_s＝0）,未扣成本（成本參考：2.8 折來回約 0.38%、全額約 0.585%）；交易方法狀態未知（全額交割、變更交易方法、停止信用交易的來源未提供）；容量以 s 日 vol20 估計，未模擬開盤競價量與滑價；不可交易，僅觀察,未扣成本·事後欄位以 m_ 標示·非投資建議
HO,4,2024-06-24,2024-06-25,3095,及成,TPEx,W,W_atr14@3,3,374,0.071348,,0,0,1,-1.253,3.645,30.98,158.6,,不適用,0.0,0.0,470,inf,250.0,official_prepanel,small,72.0,0,可交易（DK_s＝0）,未扣成本（成本參考：2.8 折來回約 0.38%、全額約 0.585%）；交易方法狀態未知（全額交割、變更交易方法、停止信用交易的來源未提供）；容量以 s 日 vol20 估計，未模擬開盤競價量與滑價；不可交易，僅觀察,未扣成本·事後欄位以 m_ 標示·非投資建議
HO,4,2024-06-24,2024-06-25,3432,台端,TWSE,W,W_atr14@3,2,374,0.073129,,0,0,1,-2.041,6.122,-3.741,994.55,,不適用,0.0,0.0,470,inf,250.0,official_prepanel,small,358.0,0,可交易（DK_s＝0）,未扣成本（成本參考：2.8 折來回約 0.38%、全額約 0.585%）；交易方法狀態未知（全額交割、變更交易方法、停止信用交易的來源未提供）；容量以 s 日 vol20 估計，未模擬開盤競價量與滑價；不可交易，僅觀察,未扣成本·事後欄位以 m_ 標示·非投資建議
HO,4,2024-06-24,2024-06-25,8291,尚茂,TPEx,W,W_atr14@3,1,374,0.112662,,0,0,1,3.846,3.846,-7.404,174.45,,不適用,0.0,0.0,470,inf,250.0,official_prepanel,small,42.0,0,可交易（DK_s＝0）,未扣成本（成本參考：2.8 折來回約 0.38%、全額約 0.585%）；交易方法狀態未知（全額交割、變更交易方法、停止信用交易的來源未提供）；容量以 s 日 vol20 估計，未模擬開盤競價量與滑價；不可交易，僅觀察,未扣成本·事後欄位以 m_ 標示·非投資建議
HO,4,2024-06-25,2024-06-26,3095,及成,TPEx,W,W_atr14@3,2,365,0.072582,,0,0,1,-0.78,1.672,40.468,160.3,,不適用,0.0,0.0,471,inf,250.0,official_prepanel,small,109.0,0,可交易（DK_s＝0）,未扣成本（成本參考：2.8 折來回約 0.38%、全額約 0.585%）；交易方法狀態未知（全額交割、變更交易方法、停止信用交易的來源未提供）；容量以 s 日 vol20 估計，未模擬開盤競價量與滑價；不可交易，僅觀察,未扣成本·事後欄位以 m_ 標示·非投資建議
HO,4,2024-06-25,2024-06-26,3432,台端,TWSE,W,W_atr14@3,3,365,0.070188,,0,0,1,2.807,2.807,-2.807,1010.75,,不適用,0.0,0.0,471,inf,250.0,official_prepanel,small,212.0,0,可交易（DK_s＝0）,未扣成本（成本參考：2.8 折來回約 0.38%、全額約 0.585%）；交易方法狀態未知（全額交割、變更交易方法、停止信用交易的來源未提供）；容量以 s 日 vol20 估計，未模擬開盤競價量與滑價；不可交易，僅觀察,未扣成本·事後欄位以 m_ 標示·非投資建議
HO,4,2024-06-25,2024-06-26,8291,尚茂,TPEx,W,W_atr14@3,1,365,0.11078,,0,0,1,0.0,1.389,-19.259,170.2,,不適用,0.0,0.0,471,inf,250.0,official_prepanel,small,38.0,0,可交易（DK_s＝0）,未扣成本（成本參考：2.8 折來回約 0.38%、全額約 0.585%）；交易方法狀態未知（全額交割、變更交易方法、停止信用交易的來源未提供）；容量以 s 日 vol20 估計，未模擬開盤競價量與滑價；不可交易，僅觀察,未扣成本·事後欄位以 m_ 標示·非投資建議
HO,4,2024-06-26,2024-06-27,3095,及成,TPEx,W,W_atr14@3,2,380,0.070947,,0,0,1,3.708,-0.225,28.09,164.85,,不適用,0.0,0.0,472,inf,250.0,official_prepanel,small,150.0,0,可交易（DK_s＝0）,未扣成本（成本參考：2.8 折來回約 0.38%、全額約 0.585%）；交易方法狀態未知（全額交割、變更交易方法、停止信用交易的來源未提供）；容量以 s 日 vol20 估計，未模擬開盤競價量與滑價；不可交易，僅觀察,未扣成本·事後欄位以 m_ 標示·非投資建議
HO,4,2024-06-26,2024-06-27,3432,台端,TWSE,W,W_atr14@3,3,380,0.064603,,0,0,1,10.274,-0.685,-5.993,944.15,,不適用,0.0,0.0,472,inf,250.0,official_prepanel,small,1134.0,0,可交易（DK_s＝0）,未扣成本（成本參考：2.8 折來回約 0.38%、全額約 0.585%）；交易方法狀態未知（全額交割、變更交易方法、停止信用交易的來源未提供）；容量以 s 日 vol20 估計，未模擬開盤競價量與滑價；不可交易，僅觀察,未扣成本·事後欄位以 m_ 標示·非投資建議
HO,4,2024-06-26,2024-06-27,8291,尚茂,TPEx,W,W_atr14@3,1,380,0.095569,,0,0,1,-3.67,0.459,-21.009,167.7,,不適用,0.0,0.0,472,inf,250.0,official_prepanel,small,26.0,0,可交易（DK_s＝0）,未扣成本（成本參考：2.8 折來回約 0.38%、全額約 0.585%）；交易方法狀態未知（全額交割、變更交易方法、停止信用交易的來源未提供）；容量以 s 日 vol20 估計，未模擬開盤競價量與滑價；不可交易，僅觀察,未扣成本·事後欄位以 m_ 標示·非投資建議
HO,4,2024-06-27,2024-06-28,1538,正峰,TWSE,W,W_atr14@3,3,370,0.070711,,0,0,1,7.557,0.0,2.519,63.05,,不適用,0.0,0.0,473,inf,250.0,official_prepanel,small,97.0,0,可交易（DK_s＝0）,未扣成本（成本參考：2.8 折來回約 0.38%、全額約 0.585%）；交易方法狀態未知（全額交割、變更交易方法、停止信用交易的來源未提供）；容量以 s 日 vol20 估計，未模擬開盤競價量與滑價；不可交易，僅觀察,未扣成本·事後欄位以 m_ 標示·非投資建議
HO,4,2024-06-27,2024-06-28,3095,及成,TPEx,W,W_atr14@3,2,370,0.072357,,0,0,1,-2.489,2.922,22.511,170.95,,不適用,0.0,0.0,473,inf,250.0,official_prepanel,small,95.0,0,可交易（DK_s＝0）,未扣成本（成本參考：2.8 折來回約 0.38%、全額約 0.585%）；交易方法狀態未知（全額交割、變更交易方法、停止信用交易的來源未提供）；容量以 s 日 vol20 估計，未模擬開盤競價量與滑價；不可交易，僅觀察,未扣成本·事後欄位以 m_ 標示·非投資建議
HO,4,2024-06-27,2024-06-28,8291,尚茂,TPEx,W,W_atr14@3,1,370,0.094218,,0,0,1,12.853,,-1.045,143.9,,不適用,0.0,0.0,473,inf,250.0,official_prepanel,small,48.0,0,可交易（DK_s＝0）,未扣成本（成本參考：2.8 折來回約 0.38%、全額約 0.585%）；交易方法狀態未知（全額交割、變更交易方法、停止信用交易的來源未提供）；容量以 s 日 vol20 估計，未模擬開盤競價量與滑價；不可交易，僅觀察,未扣成本·事後欄位以 m_ 標示·非投資建議
HO,4,2024-06-28,2024-07-01,1538,正峰,TWSE,W,W_atr14@3,2,382,0.071094,,0,0,1,2.463,-3.941,-1.724,64.8,,不適用,0.0,0.0,474,inf,250.0,official_prepanel,small,67.0,0,可交易（DK_s＝0）,未扣成本（成本參考：2.8 折來回約 0.38%、全額約 0.585%）；交易方法狀態未知（全額交割、變更交易方法、停止信用交易的來源未提供）；容量以 s 日 vol20 估計，未模擬開盤競價量與滑價；不可交易，僅觀察,未扣成本·事後欄位以 m_ 標示·非投資建議
HO,4,2024-06-28,2024-07-01,6144,得利影,TPEx,W,W_atr14@3,3,382,0.066212,,0,0,1,0.0,2.041,26.05,60.05,,不適用,0.0,4.0,474,inf,250.0,official_prepanel,small,62.0,1,可交易（DK_s＝0）,未扣成本（成本參考：2.8 折來回約 0.38%、全額約 0.585%）；交易方法狀態未知（全額交割、變更交易方法、停止信用交易的來源未提供）；容量以 s 日 vol20 估計，未模擬開盤競價量與滑價；不可交易，僅觀察,未扣成本·事後欄位以 m_ 標示·非投資建議
HO,4,2024-06-28,2024-07-01,8291,尚茂,TPEx,W,W_atr14@3,1,382,0.092791,,0,0,1,4.348,-3.382,0.483,137.3,,不適用,0.0,0.0,474,inf,250.0,official_prepanel,small,88.0,0,可交易（DK_s＝0）,未扣成本（成本參考：2.8 折來回約 0.38%、全額約 0.585%）；交易方法狀態未知（全額交割、變更交易方法、停止信用交易的來源未提供）；容量以 s 日 vol20 估計，未模擬開盤競價量與滑價；不可交易，僅觀察,未扣成本·事後欄位以 m_ 標示·非投資建議
HO,5,2024-07-01,2024-07-02,1538,正峰,TWSE,W,W_atr14@3,2,376,0.074176,,0,0,1,-2.169,-3.614,-4.337,65.1,,不適用,0.0,0.0,475,inf,250.0,official_prepanel,small,38.0,0,可交易（DK_s＝0）,未扣成本（成本參考：2.8 折來回約 0.38%、全額約 0.585%）；交易方法狀態未知（全額交割、變更交易方法、停止信用交易的來源未提供）；容量以 s 日 vol20 估計，未模擬開盤競價量與滑價；不可交易，僅觀察,未扣成本·事後欄位以 m_ 標示·非投資建議
HO,5,2024-07-01,2024-07-02,3085,,TPEx,W,W_atr14@3,3,376,0.073457,,0,0,1,5.323,8.365,13.688,17.78,,不適用,0.0,0.0,475,inf,250.0,official_prepanel,small,25.0,0,可交易（DK_s＝0）,未扣成本（成本參考：2.8 折來回約 0.38%、全額約 0.585%）；交易方法狀態未知（全額交割、變更交易方法、停止信用交易的來源未提供）；容量以 s 日 vol20 估計，未模擬開盤競價量與滑價；不可交易，僅觀察,未扣成本·事後欄位以 m_ 標示·非投資建議
HO,5,2024-07-01,2024-07-02,8291,尚茂,TPEx,W,W_atr14@3,1,376,0.089153,,0,0,1,1.389,-10.833,5.556,130.35,,不適用,0.0,0.0,475,inf,250.0,official_prepanel,small,15.0,0,可交易（DK_s＝0）,未扣成本（成本參考：2.8 折來回約 0.38%、全額約 0.585%）；交易方法狀態未知（全額交割、變更交易方法、停止信用交易的來源未提供）；容量以 s 日 vol20 估計，未模擬開盤競價量與滑價；不可交易，僅觀察,未扣成本·事後欄位以 m_ 標示·非投資建議
HO,5,2024-07-02,2024-07-03,1538,正峰,TWSE,W,W_atr14@3,3,374,0.073188,,0,0,1,-8.333,-6.19,-6.905,65.85,,不適用,0.0,0.0,476,inf,250.0,official_prepanel,small,75.0,0,可交易（DK_s＝0）,未扣成本（成本參考：2.8 折來回約 0.38%、全額約 0.585%）；交易方法狀態未知（全額交割、變更交易方法、停止信用交易的來源未提供）；容量以 s 日 vol20 估計，未模擬開盤競價量與滑價；不可交易，僅觀察,未扣成本·事後欄位以 m_ 標示·非投資建議
HO,5,2024-07-02,2024-07-03,6890,來億-KY,TWSE,W,W_atr14@3,1,374,0.09327,,0,0,1,-5.902,1.475,-4.426,4288.47,,不適用,0.0,1.0,15,15.0,15.0,official,large,2296.0,0,可交易（DK_s＝0）,未扣成本（成本參考：2.8 折來回約 0.38%、全額約 0.585%）；交易方法狀態未知（全額交割、變更交易方法、停止信用交易的來源未提供）；容量以 s 日 vol20 估計，未模擬開盤競價量與滑價；不可交易，僅觀察,未扣成本·事後欄位以 m_ 標示·非投資建議
HO,5,2024-07-02,2024-07-03,8291,尚茂,TPEx,W,W_atr14@3,2,374,0.082061,,0,0,1,0.0,-20.365,10.502,116.05,,不適用,0.0,0.0,476,inf,250.0,official_prepanel,small,4.0,0,可交易（DK_s＝0）,未扣成本（成本參考：2.8 折來回約 0.38%、全額約 0.585%）；交易方法狀態未知（全額交割、變更交易方法、停止信用交易的來源未提供）；容量以 s 日 vol20 估計，未模擬開盤競價量與滑價；不可交易，僅觀察,未扣成本·事後欄位以 m_ 標示·非投資建議
HO,5,2024-07-03,2024-07-04,1538,正峰,TWSE,W,W_atr14@3,2,377,0.080334,,0,0,1,2.85,3.109,2.332,65.75,,不適用,0.0,0.0,477,inf,250.0,official_prepanel,small,101.0,0,可交易（DK_s＝0）,未扣成本（成本參考：2.8 折來回約 0.38%、全額約 0.585%）；交易方法狀態未知（全額交割、變更交易方法、停止信用交易的來源未提供）；容量以 s 日 vol20 估計，未模擬開盤競價量與滑價；不可交易，僅觀察,未扣成本·事後欄位以 m_ 標示·非投資建議
HO,5,2024-07-03,2024-07-04,6890,來億-KY,TWSE,W,W_atr14@3,1,377,0.095197,,0,0,1,4.181,5.575,11.623,4163.94,,不適用,0.0,1.0,16,16.0,16.0,official,large,1321.0,0,可交易（DK_s＝0）,未扣成本（成本參考：2.8 折來回約 0.38%、全額約 0.585%）；交易方法狀態未知（全額交割、變更交易方法、停止信用交易的來源未提供）；容量以 s 日 vol20 估計，未模擬開盤競價量與滑價；不可交易，僅觀察,未扣成本·事後欄位以 m_ 標示·非投資建議
HO,5,2024-07-03,2024-07-04,8291,尚茂,TPEx,W,W_atr14@3,3,377,0.07456,,0,0,0,,,,106.2,,不適用,0.0,0.0,477,inf,250.0,official_prepanel,small,,0,可交易（DK_s＝0）,未扣成本（成本參考：2.8 折來回約 0.38%、全額約 0.585%）；交易方法狀態未知（全額交割、變更交易方法、停止信用交易的來源未提供）；容量以 s 日 vol20 估計，未模擬開盤競價量與滑價；不可交易，僅觀察,未扣成本·事後欄位以 m_ 標示·非投資建議
HO,5,2024-07-04,2024-07-05,1538,正峰,TWSE,W,W_atr14@3,3,373,0.075027,,0,0,1,-1.763,2.519,-1.511,69.6,,不適用,0.0,0.0,478,inf,250.0,official_prepanel,small,8.0,0,可交易（DK_s＝0）,未扣成本（成本參考：2.8 折來回約 0.38%、全額約 0.585%）；交易方法狀態未知（全額交割、變更交易方法、停止信用交易的來源未提供）；容量以 s 日 vol20 估計，未模擬開盤競價量與滑價；不可交易，僅觀察,未扣成本·事後欄位以 m_ 標示·非投資建議
HO,5,2024-07-04,2024-07-05,2429,銘旺科,TWSE,W,W_atr14@3,2,373,0.081705,,0,0,1,-2.328,-11.765,-9.069,808.9,,不適用,1.0,4.0,478,inf,250.0,official_prepanel,small,844.0,1,處置中・交易規則另案登錄（DK_s＝1）,未扣成本（成本參考：2.8 折來回約 0.38%、全額約 0.585%）；交易方法狀態未知（全額交割、變更交易方法、停止信用交易的來源未提供）；容量以 s 日 vol20 估計，未模擬開盤競價量與滑價；不可交易，僅觀察,未扣成本·事後欄位以 m_ 標示·非投資建議
HO,5,2024-07-04,2024-07-05,6890,來億-KY,TWSE,W,W_atr14@3,1,373,0.088509,,0,0,1,0.666,-2.163,14.887,3996.71,,不適用,0.0,1.0,17,17.0,17.0,official,large,692.0,0,可交易（DK_s＝0）,未扣成本（成本參考：2.8 折來回約 0.38%、全額約 0.585%）；交易方法狀態未知（全額交割、變更交易方法、停止信用交易的來源未提供）；容量以 s 日 vol20 估計，未模擬開盤競價量與滑價；不可交易，僅觀察,未扣成本·事後欄位以 m_ 標示·非投資建議
HO,5,2024-07-05,2024-07-08,1538,正峰,TWSE,W,W_atr14@3,3,369,0.077106,,0,0,1,3.627,3.368,-1.813,68.5,,不適用,0.0,0.0,479,inf,250.0,official_prepanel,small,82.0,0,可交易（DK_s＝0）,未扣成本（成本參考：2.8 折來回約 0.38%、全額約 0.585%）；交易方法狀態未知（全額交割、變更交易方法、停止信用交易的來源未提供）；容量以 s 日 vol20 估計，未模擬開盤競價量與滑價；不可交易，僅觀察,未扣成本·事後欄位以 m_ 標示·非投資建議
HO,5,2024-07-05,2024-07-08,2429,銘旺科,TWSE,W,W_atr14@3,1,369,0.08623,,0,0,1,-6.95,-7.079,-10.425,846.85,,不適用,1.0,5.0,479,inf,250.0,official_prepanel,small,887.0,1,處置中・交易規則另案登錄（DK_s＝1）,未扣成本（成本參考：2.8 折來回約 0.38%、全額約 0.585%）；交易方法狀態未知（全額交割、變更交易方法、停止信用交易的來源未提供）；容量以 s 日 vol20 估計，未模擬開盤競價量與滑價；不可交易，僅觀察,未扣成本·事後欄位以 m_ 標示·非投資建議
HO,5,2024-07-05,2024-07-08,6890,來億-KY,TWSE,W,W_atr14@3,2,369,0.081346,,0,0,1,3.783,-1.316,12.061,3813.11,,不適用,0.0,0.0,18,18.0,18.0,official,large,1885.0,0,可交易（DK_s＝0）,未扣成本（成本參考：2.8 折來回約 0.38%、全額約 0.585%）；交易方法狀態未知（全額交割、變更交易方法、停止信用交易的來源未提供）；容量以 s 日 vol20 估計，未模擬開盤競價量與滑價；不可交易，僅觀察,未扣成本·事後欄位以 m_ 標示·非投資建議
HO,5,2024-07-08,2024-07-09,2429,銘旺科,TWSE,W,W_atr14@3,2,355,0.098098,,0,0,1,-3.561,5.128,-5.983,888.85,,不適用,1.0,4.0,480,inf,250.0,official_prepanel,small,660.0,1,處置中・交易規則另案登錄（DK_s＝1）,未扣成本（成本參考：2.8 折來回約 0.38%、全額約 0.585%）；交易方法狀態未知（全額交割、變更交易方法、停止信用交易的來源未提供）；容量以 s 日 vol20 估計，未模擬開盤競價量與滑價；不可交易，僅觀察,未扣成本·事後欄位以 m_ 標示·非投資建議
HO,5,2024-07-08,2024-07-09,4304,勝昱,TPEx,W,W_atr14@3,3,355,0.082478,,0,0,1,-4.784,10.82,24.146,194.95,,不適用,1.0,4.0,480,inf,250.0,official_prepanel,small,150.0,1,處置中・交易規則另案登錄（DK_s＝1）,未扣成本（成本參考：2.8 折來回約 0.38%、全額約 0.585%）；交易方法狀態未知（全額交割、變更交易方法、停止信用交易的來源未提供）；容量以 s 日 vol20 估計，未模擬開盤競價量與滑價；不可交易，僅觀察,未扣成本·事後欄位以 m_ 標示·非投資建議
HO,5,2024-07-08,2024-07-09,6637,醫影,TPEx,W,W_atr14@3,1,355,0.102564,,0,0,1,-4.701,1.709,-6.41,942.47,,不適用,0.0,0.0,15,15.0,15.0,official,small,341.0,0,可交易（DK_s＝0）,未扣成本（成本參考：2.8 折來回約 0.38%、全額約 0.585%）；交易方法狀態未知（全額交割、變更交易方法、停止信用交易的來源未提供）；容量以 s 日 vol20 估計，未模擬開盤競價量與滑價；不可交易，僅觀察,未扣成本·事後欄位以 m_ 標示·非投資建議
HO,5,2024-07-09,2024-07-10,2429,銘旺科,TWSE,W,W_atr14@3,1,358,0.105954,,0,0,1,10.448,8.955,-2.388,918.45,,不適用,1.0,3.0,481,inf,250.0,official_prepanel,small,952.0,1,處置中・交易規則另案登錄（DK_s＝1）,未扣成本（成本參考：2.8 折來回約 0.38%、全額約 0.585%）；交易方法狀態未知（全額交割、變更交易方法、停止信用交易的來源未提供）；容量以 s 日 vol20 估計，未模擬開盤競價量與滑價；不可交易，僅觀察,未扣成本·事後欄位以 m_ 標示·非投資建議
HO,5,2024-07-09,2024-07-10,4304,勝昱,TPEx,W,W_atr14@3,2,358,0.094498,,0,0,1,3.25,28.125,49.375,202.3,,不適用,1.0,3.0,481,inf,250.0,official_prepanel,small,33.0,1,處置中・交易規則另案登錄（DK_s＝1）,未扣成本（成本參考：2.8 折來回約 0.38%、全額約 0.585%）；交易方法狀態未知（全額交割、變更交易方法、停止信用交易的來源未提供）；容量以 s 日 vol20 估計，未模擬開盤競價量與滑價；不可交易，僅觀察,未扣成本·事後欄位以 m_ 標示·非投資建議
HO,5,2024-07-09,2024-07-10,6637,醫影,TPEx,W,W_atr14@3,3,358,0.091928,,0,0,1,-0.897,8.072,0.897,904.88,,不適用,0.0,0.0,16,16.0,16.0,official,small,209.0,0,可交易（DK_s＝0）,未扣成本（成本參考：2.8 折來回約 0.38%、全額約 0.585%）；交易方法狀態未知（全額交割、變更交易方法、停止信用交易的來源未提供）；容量以 s 日 vol20 估計，未模擬開盤競價量與滑價；不可交易，僅觀察,未扣成本·事後欄位以 m_ 標示·非投資建議
HO,5,2024-07-10,2024-07-11,2429,銘旺科,TWSE,W,W_atr14@3,1,353,0.098868,,0,0,1,-2.174,0.543,-15.217,963.95,,不適用,1.0,2.0,482,inf,250.0,official_prepanel,small,372.0,1,處置中・交易規則另案登錄（DK_s＝1）,未扣成本（成本參考：2.8 折來回約 0.38%、全額約 0.585%）；交易方法狀態未知（全額交割、變更交易方法、停止信用交易的來源未提供）；容量以 s 日 vol20 估計，未模擬開盤競價量與滑價；不可交易，僅觀察,未扣成本·事後欄位以 m_ 標示·非投資建議
HO,5,2024-07-10,2024-07-11,4304,勝昱,TPEx,W,W_atr14@3,2,353,0.09789,,0,0,1,7.143,33.929,53.571,203.8,,不適用,1.0,2.0,482,inf,250.0,official_prepanel,small,99.0,1,處置中・交易規則另案登錄（DK_s＝1）,未扣成本（成本參考：2.8 折來回約 0.38%、全額約 0.585%）；交易方法狀態未知（全額交割、變更交易方法、停止信用交易的來源未提供）；容量以 s 日 vol20 估計，未模擬開盤競價量與滑價；不可交易，僅觀察,未扣成本·事後欄位以 m_ 標示·非投資建議
HO,5,2024-07-10,2024-07-11,5345,馥鴻,TPEx,W,W_atr14@3,3,353,0.097203,,0,0,1,0.0,1.923,10.769,63.95,,不適用,1.0,4.0,482,inf,250.0,official_prepanel,small,24.0,1,處置中・交易規則另案登錄（DK_s＝1）,未扣成本（成本參考：2.8 折來回約 0.38%、全額約 0.585%）；交易方法狀態未知（全額交割、變更交易方法、停止信用交易的來源未提供）；容量以 s 日 vol20 估計，未模擬開盤競價量與滑價；不可交易，僅觀察,未扣成本·事後欄位以 m_ 標示·非投資建議
HO,5,2024-07-11,2024-07-12,2429,銘旺科,TWSE,W,W_atr14@3,1,342,0.102807,,0,0,1,1.69,4.507,-12.958,973.85,,不適用,1.0,1.0,483,inf,250.0,official_prepanel,small,224.0,1,處置中・交易規則另案登錄（DK_s＝1）,未扣成本（成本參考：2.8 折來回約 0.38%、全額約 0.585%）；交易方法狀態未知（全額交割、變更交易方法、停止信用交易的來源未提供）；容量以 s 日 vol20 估計，未模擬開盤競價量與滑價；不可交易，僅觀察,未扣成本·事後欄位以 m_ 標示·非投資建議
HO,5,2024-07-11,2024-07-12,4304,勝昱,TPEx,W,W_atr14@3,2,342,0.096349,,0,0,1,0.227,16.082,40.43,204.2,,不適用,1.0,1.0,483,inf,250.0,official_prepanel,small,55.0,1,處置中・交易規則另案登錄（DK_s＝1）,未扣成本（成本參考：2.8 折來回約 0.38%、全額約 0.585%）；交易方法狀態未知（全額交割、變更交易方法、停止信用交易的來源未提供）；容量以 s 日 vol20 估計，未模擬開盤競價量與滑價；不可交易，僅觀察,未扣成本·事後欄位以 m_ 標示·非投資建議
HO,5,2024-07-11,2024-07-12,5345,馥鴻,TPEx,W,W_atr14@3,3,342,0.094231,,0,0,1,3.846,2.308,3.846,64.89,,不適用,1.0,3.0,483,inf,250.0,official_prepanel,small,29.0,1,處置中・交易規則另案登錄（DK_s＝1）,未扣成本（成本參考：2.8 折來回約 0.38%、全額約 0.585%）；交易方法狀態未知（全額交割、變更交易方法、停止信用交易的來源未提供）；容量以 s 日 vol20 估計，未模擬開盤競價量與滑價；不可交易，僅觀察,未扣成本·事後欄位以 m_ 標示·非投資建議
HO,5,2024-07-12,2024-07-15,2429,銘旺科,TWSE,W,W_atr14@3,1,345,0.103316,,0,0,1,8.529,2.353,-0.147,948.3,,不適用,1.0,0.0,484,inf,250.0,official_prepanel,small,226.0,1,處置中・交易規則另案登錄（DK_s＝1）,未扣成本（成本參考：2.8 折來回約 0.38%、全額約 0.585%）；交易方法狀態未知（全額交割、變更交易方法、停止信用交易的來源未提供）；容量以 s 日 vol20 估計，未模擬開盤競價量與滑價；不可交易，僅觀察,未扣成本·事後欄位以 m_ 標示·非投資建議
HO,5,2024-07-12,2024-07-15,4304,勝昱,TPEx,W,W_atr14@3,2,345,0.099435,,0,0,1,9.326,17.416,37.64,203.5,,不適用,1.0,0.0,484,inf,250.0,official_prepanel,small,156.0,1,處置中・交易規則另案登錄（DK_s＝1）,未扣成本（成本參考：2.8 折來回約 0.38%、全額約 0.585%）；交易方法狀態未知（全額交割、變更交易方法、停止信用交易的來源未提供）；容量以 s 日 vol20 估計，未模擬開盤競價量與滑價；不可交易，僅觀察,未扣成本·事後欄位以 m_ 標示·非投資建議
HO,5,2024-07-12,2024-07-15,5345,馥鴻,TPEx,W,W_atr14@3,3,345,0.093651,,0,0,1,0.0,3.585,1.321,66.16,,不適用,1.0,2.0,484,inf,250.0,official_prepanel,small,19.0,1,處置中・交易規則另案登錄（DK_s＝1）,未扣成本（成本參考：2.8 折來回約 0.38%、全額約 0.585%）；交易方法狀態未知（全額交割、變更交易方法、停止信用交易的來源未提供）；容量以 s 日 vol20 估計，未模擬開盤競價量與滑價；不可交易，僅觀察,未扣成本·事後欄位以 m_ 標示·非投資建議
HO,5,2024-07-15,2024-07-16,2429,銘旺科,TWSE,W,W_atr14@3,1,335,0.104297,,0,0,1,0.968,-8.714,3.181,912.15,,不適用,1.0,0.0,485,inf,250.0,official_prepanel,small,321.0,1,處置中・交易規則另案登錄（DK_s＝1）,未扣成本（成本參考：2.8 折來回約 0.38%、全額約 0.585%）；交易方法狀態未知（全額交割、變更交易方法、停止信用交易的來源未提供）；容量以 s 日 vol20 估計，未模擬開盤競價量與滑價；不可交易，僅觀察,未扣成本·事後欄位以 m_ 標示·非投資建議
HO,5,2024-07-15,2024-07-16,5345,馥鴻,TPEx,W,W_atr14@3,2,335,0.09407,,0,0,1,-3.962,12.453,1.321,63.8,,不適用,1.0,1.0,485,inf,250.0,official_prepanel,small,28.0,1,處置中・交易規則另案登錄（DK_s＝1）,未扣成本（成本參考：2.8 折來回約 0.38%、全額約 0.585%）；交易方法狀態未知（全額交割、變更交易方法、停止信用交易的來源未提供）；容量以 s 日 vol20 估計，未模擬開盤競價量與滑價；不可交易，僅觀察,未扣成本·事後欄位以 m_ 標示·非投資建議
HO,5,2024-07-15,2024-07-16,6957,裕慶-KY,TWSE,W,W_atr14@3,3,335,0.083056,,0,0,1,3.926,1.155,10.162,1031.93,,不適用,0.0,0.0,15,15.0,15.0,official,mid,315.0,0,可交易（DK_s＝0）,未扣成本（成本參考：2.8 折來回約 0.38%、全額約 0.585%）；交易方法狀態未知（全額交割、變更交易方法、停止信用交易的來源未提供）；容量以 s 日 vol20 估計，未模擬開盤競價量與滑價；不可交易，僅觀察,未扣成本·事後欄位以 m_ 標示·非投資建議
HO,5,2024-07-16,2024-07-17,2429,銘旺科,TWSE,W,W_atr14@3,1,343,0.104782,,0,0,1,2.069,-9.793,7.034,825.5,,不適用,1.0,0.0,486,inf,250.0,official_prepanel,small,445.0,1,處置中・交易規則另案登錄（DK_s＝1）,未扣成本（成本參考：2.8 折來回約 0.38%、全額約 0.585%）；交易方法狀態未知（全額交割、變更交易方法、停止信用交易的來源未提供）；容量以 s 日 vol20 估計，未模擬開盤競價量與滑價；不可交易，僅觀察,未扣成本·事後欄位以 m_ 標示·非投資建議
HO,5,2024-07-16,2024-07-17,4304,勝昱,TPEx,W,W_atr14@3,3,343,0.086899,,0,1,0,0.0,6.222,6.667,213.85,,不適用,1.0,0.0,486,inf,250.0,official_prepanel,small,315.0,1,處置中・交易規則另案登錄（DK_s＝1）,未扣成本（成本參考：2.8 折來回約 0.38%、全額約 0.585%）；交易方法狀態未知（全額交割、變更交易方法、停止信用交易的來源未提供）；容量以 s 日 vol20 估計，未模擬開盤競價量與滑價；不可交易，僅觀察,未扣成本·事後欄位以 m_ 標示·非投資建議
HO,5,2024-07-16,2024-07-17,5345,馥鴻,TPEx,W,W_atr14@3,2,343,0.099495,,0,0,1,0.0,6.792,1.698,64.9,,不適用,1.0,0.0,486,inf,250.0,official_prepanel,small,18.0,1,處置中・交易規則另案登錄（DK_s＝1）,未扣成本（成本參考：2.8 折來回約 0.38%、全額約 0.585%）；交易方法狀態未知（全額交割、變更交易方法、停止信用交易的來源未提供）；容量以 s 日 vol20 估計，未模擬開盤競價量與滑價；不可交易，僅觀察,未扣成本·事後欄位以 m_ 標示·非投資建議
HO,5,2024-07-17,2024-07-18,2429,銘旺科,TWSE,W,W_atr14@3,1,346,0.102453,,0,0,1,2.77,-13.573,-0.554,783.05,,不適用,1.0,0.0,487,inf,250.0,official_prepanel,small,671.0,0,處置中・交易規則另案登錄（DK_s＝1）,未扣成本（成本參考：2.8 折來回約 0.38%、全額約 0.585%）；交易方法狀態未知（全額交割、變更交易方法、停止信用交易的來源未提供）；容量以 s 日 vol20 估計，未模擬開盤競價量與滑價；不可交易，僅觀察,未扣成本·事後欄位以 m_ 標示·非投資建議
HO,5,2024-07-17,2024-07-18,3095,及成,TPEx,W,W_atr14@3,3,346,0.078224,,0,0,1,6.545,24.505,3.805,273.4,,不適用,0.0,0.0,487,inf,250.0,official_prepanel,small,377.0,0,可交易（DK_s＝0）,未扣成本（成本參考：2.8 折來回約 0.38%、全額約 0.585%）；交易方法狀態未知（全額交割、變更交易方法、停止信用交易的來源未提供）；容量以 s 日 vol20 估計，未模擬開盤競價量與滑價；不可交易，僅觀察,未扣成本·事後欄位以 m_ 標示·非投資建議
HO,5,2024-07-17,2024-07-18,5345,馥鴻,TPEx,W,W_atr14@3,2,346,0.093666,,0,0,1,0.758,9.091,2.273,65.6,,不適用,1.0,0.0,487,inf,250.0,official_prepanel,small,25.0,1,處置中・交易規則另案登錄（DK_s＝1）,未扣成本（成本參考：2.8 折來回約 0.38%、全額約 0.585%）；交易方法狀態未知（全額交割、變更交易方法、停止信用交易的來源未提供）；容量以 s 日 vol20 估計，未模擬開盤競價量與滑價；不可交易，僅觀察,未扣成本·事後欄位以 m_ 標示·非投資建議
HO,5,2024-07-18,2024-07-19,2429,銘旺科,TWSE,W,W_atr14@3,1,345,0.102085,,0,0,1,-6.326,-16.824,-12.921,774.75,,不適用,0.0,0.0,488,inf,250.0,official_prepanel,small,560.0,0,可交易（DK_s＝0）,未扣成本（成本參考：2.8 折來回約 0.38%、全額約 0.585%）；交易方法狀態未知（全額交割、變更交易方法、停止信用交易的來源未提供）；容量以 s 日 vol20 估計，未模擬開盤競價量與滑價；不可交易，僅觀察,未扣成本·事後欄位以 m_ 標示·非投資建議
HO,5,2024-07-18,2024-07-19,3095,及成,TPEx,W,W_atr14@3,3,345,0.077806,,0,0,1,-2.263,6.506,-13.154,280.8,,不適用,0.0,0.0,488,inf,250.0,official_prepanel,small,254.0,0,可交易（DK_s＝0）,未扣成本（成本參考：2.8 折來回約 0.38%、全額約 0.585%）；交易方法狀態未知（全額交割、變更交易方法、停止信用交易的來源未提供）；容量以 s 日 vol20 估計，未模擬開盤競價量與滑價；不可交易，僅觀察,未扣成本·事後欄位以 m_ 標示·非投資建議
HO,5,2024-07-18,2024-07-19,5345,馥鴻,TPEx,W,W_atr14@3,2,345,0.093582,,0,0,1,3.585,1.887,-5.283,66.6,,不適用,1.0,0.0,488,inf,250.0,official_prepanel,small,19.0,1,處置中・交易規則另案登錄（DK_s＝1）,未扣成本（成本參考：2.8 折來回約 0.38%、全額約 0.585%）；交易方法狀態未知（全額交割、變更交易方法、停止信用交易的來源未提供）；容量以 s 日 vol20 估計，未模擬開盤競價量與滑價；不可交易，僅觀察,未扣成本·事後欄位以 m_ 標示·非投資建議
HO,5,2024-07-19,2024-07-22,2429,銘旺科,TWSE,W,W_atr14@3,1,341,0.109093,,0,0,1,-1.493,1.343,0.299,771.25,,不適用,0.0,0.0,489,inf,250.0,official_prepanel,small,453.0,0,可交易（DK_s＝0）,未扣成本（成本參考：2.8 折來回約 0.38%、全額約 0.585%）；交易方法狀態未知（全額交割、變更交易方法、停止信用交易的來源未提供）；容量以 s 日 vol20 估計，未模擬開盤競價量與滑價；不可交易，僅觀察,未扣成本·事後欄位以 m_ 標示·非投資建議
HO,5,2024-07-19,2024-07-22,3095,及成,TPEx,W,W_atr14@3,3,341,0.082851,,0,0,1,1.587,10.967,-16.306,289.0,,不適用,0.0,0.0,489,inf,250.0,official_prepanel,small,198.0,0,可交易（DK_s＝0）,未扣成本（成本參考：2.8 折來回約 0.38%、全額約 0.585%）；交易方法狀態未知（全額交割、變更交易方法、停止信用交易的來源未提供）；容量以 s 日 vol20 估計，未模擬開盤競價量與滑價；不可交易，僅觀察,未扣成本·事後欄位以 m_ 標示·非投資建議
HO,5,2024-07-19,2024-07-22,5345,馥鴻,TPEx,W,W_atr14@3,2,341,0.087822,,0,0,1,0.337,-9.596,-14.983,66.7,,不適用,1.0,0.0,489,inf,250.0,official_prepanel,small,67.0,1,處置中・交易規則另案登錄（DK_s＝1）,未扣成本（成本參考：2.8 折來回約 0.38%、全額約 0.585%）；交易方法狀態未知（全額交割、變更交易方法、停止信用交易的來源未提供）；容量以 s 日 vol20 估計，未模擬開盤競價量與滑價；不可交易，僅觀察,未扣成本·事後欄位以 m_ 標示·非投資建議
HO,5,2024-07-22,2024-07-23,2429,銘旺科,TWSE,W,W_atr14@3,1,337,0.091991,,0,0,1,-0.909,13.03,-8.333,759.6,,不適用,0.0,0.0,490,inf,250.0,official_prepanel,small,308.0,0,可交易（DK_s＝0）,未扣成本（成本參考：2.8 折來回約 0.38%、全額約 0.585%）；交易方法狀態未知（全額交割、變更交易方法、停止信用交易的來源未提供）；容量以 s 日 vol20 估計，未模擬開盤競價量與滑價；不可交易，僅觀察,未扣成本·事後欄位以 m_ 標示·非投資建議
HO,5,2024-07-22,2024-07-23,3095,及成,TPEx,W,W_atr14@3,2,337,0.08888,,0,0,1,9.632,5.241,-9.632,294.85,,不適用,0.0,0.0,490,inf,250.0,official_prepanel,small,471.0,0,可交易（DK_s＝0）,未扣成本（成本參考：2.8 折來回約 0.38%、全額約 0.585%）；交易方法狀態未知（全額交割、變更交易方法、停止信用交易的來源未提供）；容量以 s 日 vol20 估計，未模擬開盤競價量與滑價；不可交易，僅觀察,未扣成本·事後欄位以 m_ 標示·非投資建議
HO,5,2024-07-22,2024-07-23,5345,馥鴻,TPEx,W,W_atr14@3,3,337,0.081016,,0,0,1,-5.034,-9.899,-14.765,68.0,,不適用,1.0,0.0,490,inf,250.0,official_prepanel,small,40.0,0,處置中・交易規則另案登錄（DK_s＝1）,未扣成本（成本參考：2.8 折來回約 0.38%、全額約 0.585%）；交易方法狀態未知（全額交割、變更交易方法、停止信用交易的來源未提供）；容量以 s 日 vol20 估計，未模擬開盤競價量與滑價；不可交易，僅觀察,未扣成本·事後欄位以 m_ 標示·非投資建議
HO,5,2024-07-23,2024-07-26,2429,銘旺科,TWSE,W,W_atr14@3,2,342,0.07962,,0,0,1,-2.5,21.25,-14.844,752.25,,不適用,0.0,0.0,491,inf,250.0,official_prepanel,small,349.0,0,可交易（DK_s＝0）,未扣成本（成本參考：2.8 折來回約 0.38%、全額約 0.585%）；交易方法狀態未知（全額交割、變更交易方法、停止信用交易的來源未提供）；容量以 s 日 vol20 估計，未模擬開盤競價量與滑價；不可交易，僅觀察,未扣成本·事後欄位以 m_ 標示·非投資建議
HO,5,2024-07-23,2024-07-26,2924,宏太-KY,TPEx,W,W_atr14@3,3,342,0.073718,,0,0,1,7.582,45.492,43.033,21.74,,不適用,0.0,0.0,491,inf,250.0,official_prepanel,small,13.0,0,可交易（DK_s＝0）,未扣成本（成本參考：2.8 折來回約 0.38%、全額約 0.585%）；交易方法狀態未知（全額交割、變更交易方法、停止信用交易的來源未提供）；容量以 s 日 vol20 估計，未模擬開盤競價量與滑價；不可交易，僅觀察,未扣成本·事後欄位以 m_ 標示·非投資建議
HO,5,2024-07-23,2024-07-26,5345,馥鴻,TPEx,W,W_atr14@3,1,342,0.08266,,0,0,1,1.947,-4.602,-9.912,66.75,,不適用,0.0,0.0,491,inf,250.0,official_prepanel,small,29.0,0,可交易（DK_s＝0）,未扣成本（成本參考：2.8 折來回約 0.38%、全額約 0.585%）；交易方法狀態未知（全額交割、變更交易方法、停止信用交易的來源未提供）；容量以 s 日 vol20 估計，未模擬開盤競價量與滑價；不可交易，僅觀察,未扣成本·事後欄位以 m_ 標示·非投資建議
HO,5,2024-07-26,2024-07-29,2429,銘旺科,TWSE,W,W_atr14@3,1,342,0.079785,,0,0,1,-0.962,15.064,-21.314,717.1,,不適用,0.0,0.0,492,inf,250.0,official_prepanel,small,323.0,0,可交易（DK_s＝0）,未扣成本（成本參考：2.8 折來回約 0.38%、全額約 0.585%）；交易方法狀態未知（全額交割、變更交易方法、停止信用交易的來源未提供）；容量以 s 日 vol20 估計，未模擬開盤競價量與滑價；不可交易，僅觀察,未扣成本·事後欄位以 m_ 標示·非投資建議
HO,5,2024-07-26,2024-07-29,2924,宏太-KY,TPEx,W,W_atr14@3,3,342,0.075458,,1,1,0,0.0,23.05,32.929,21.47,,不適用,0.0,0.0,492,inf,250.0,official_prepanel,small,2.0,0,可交易（DK_s＝0）,未扣成本（成本參考：2.8 折來回約 0.38%、全額約 0.585%）；交易方法狀態未知（全額交割、變更交易方法、停止信用交易的來源未提供）；容量以 s 日 vol20 估計，未模擬開盤競價量與滑價；不可交易，僅觀察,未扣成本·事後欄位以 m_ 標示·非投資建議
HO,5,2024-07-26,2024-07-29,5345,馥鴻,TPEx,W,W_atr14@3,2,342,0.075645,,0,0,1,-6.087,-6.087,-4.348,67.45,,不適用,0.0,0.0,492,inf,250.0,official_prepanel,small,30.0,0,可交易（DK_s＝0）,未扣成本（成本參考：2.8 折來回約 0.38%、全額約 0.585%）；交易方法狀態未知（全額交割、變更交易方法、停止信用交易的來源未提供）；容量以 s 日 vol20 估計，未模擬開盤競價量與滑價；不可交易，僅觀察,未扣成本·事後欄位以 m_ 標示·非投資建議
HO,5,2024-07-29,2024-07-30,2429,銘旺科,TWSE,W,W_atr14@3,1,345,0.080213,,1,0,1,7.949,2.862,-14.149,691.05,,不適用,0.0,0.0,493,inf,250.0,official_prepanel,small,484.0,0,可交易（DK_s＝0）,未扣成本（成本參考：2.8 折來回約 0.38%、全額約 0.585%）；交易方法狀態未知（全額交割、變更交易方法、停止信用交易的來源未提供）；容量以 s 日 vol20 估計，未模擬開盤競價量與滑價；不可交易，僅觀察,未扣成本·事後欄位以 m_ 標示·非投資建議
HO,5,2024-07-29,2024-07-30,6890,來億-KY,TWSE,W,W_atr14@3,2,345,0.073016,,0,0,1,2.773,-13.703,-6.688,1580.25,,不適用,0.0,0.0,32,32.0,32.0,official,large,1398.0,0,可交易（DK_s＝0）,未扣成本（成本參考：2.8 折來回約 0.38%、全額約 0.585%）；交易方法狀態未知（全額交割、變更交易方法、停止信用交易的來源未提供）；容量以 s 日 vol20 估計，未模擬開盤競價量與滑價；不可交易，僅觀察,未扣成本·事後欄位以 m_ 標示·非投資建議
HO,5,2024-07-29,2024-07-30,8455,大拓-KY,TPEx,W,W_atr14@3,3,345,0.072823,,0,0,1,-2.736,9.726,7.143,64.95,,不適用,0.0,0.0,493,inf,250.0,official_prepanel,small,7.0,0,可交易（DK_s＝0）,未扣成本（成本參考：2.8 折來回約 0.38%、全額約 0.585%）；交易方法狀態未知（全額交割、變更交易方法、停止信用交易的來源未提供）；容量以 s 日 vol20 估計，未模擬開盤競價量與滑價；不可交易，僅觀察,未扣成本·事後欄位以 m_ 標示·非投資建議
HO,5,2024-07-30,2024-07-31,3064,泰偉,TPEx,W,W_atr14@3,3,346,0.071113,,0,0,1,3.211,6.651,1.032,19.95,,不適用,0.0,0.0,494,inf,250.0,official_prepanel,small,14.0,0,可交易（DK_s＝0）,未扣成本（成本參考：2.8 折來回約 0.38%、全額約 0.585%）；交易方法狀態未知（全額交割、變更交易方法、停止信用交易的來源未提供）；容量以 s 日 vol20 估計，未模擬開盤競價量與滑價；不可交易，僅觀察,未扣成本·事後欄位以 m_ 標示·非投資建議
HO,5,2024-07-30,2024-07-31,4804,,TPEx,W,W_atr14@3,1,346,0.11873,,0,0,1,8.791,-8.132,8.791,469.2,,不適用,1.0,1.0,494,inf,250.0,official_prepanel,small,256.0,1,處置中・交易規則另案登錄（DK_s＝1）,未扣成本（成本參考：2.8 折來回約 0.38%、全額約 0.585%）；交易方法狀態未知（全額交割、變更交易方法、停止信用交易的來源未提供）；容量以 s 日 vol20 估計，未模擬開盤競價量與滑價；不可交易，僅觀察,未扣成本·事後欄位以 m_ 標示·非投資建議
HO,5,2024-07-30,2024-07-31,6890,來億-KY,TWSE,W,W_atr14@3,2,346,0.07134,,0,0,1,0.813,-15.285,-10.081,1519.9,,不適用,0.0,0.0,33,33.0,33.0,official,large,825.0,0,可交易（DK_s＝0）,未扣成本（成本參考：2.8 折來回約 0.38%、全額約 0.585%）；交易方法狀態未知（全額交割、變更交易方法、停止信用交易的來源未提供）；容量以 s 日 vol20 估計，未模擬開盤競價量與滑價；不可交易，僅觀察,未扣成本·事後欄位以 m_ 標示·非投資建議
HO,5,2024-07-31,2024-08-01,3064,泰偉,TPEx,W,W_atr14@3,2,343,0.071508,,0,0,1,1.864,2.632,-6.798,19.35,,不適用,0.0,0.0,495,inf,250.0,official_prepanel,small,16.0,0,可交易（DK_s＝0）,未扣成本（成本參考：2.8 折來回約 0.38%、全額約 0.585%）；交易方法狀態未知（全額交割、變更交易方法、停止信用交易的來源未提供）；容量以 s 日 vol20 估計，未模擬開盤競價量與滑價；不可交易，僅觀察,未扣成本·事後欄位以 m_ 標示·非投資建議
HO,5,2024-07-31,2024-08-01,6890,來億-KY,TWSE,W,W_atr14@3,1,343,0.072424,,0,0,1,-4.459,-14.172,-7.166,1445.8,,不適用,0.0,0.0,34,34.0,34.0,official,large,1456.0,0,可交易（DK_s＝0）,未扣成本（成本參考：2.8 折來回約 0.38%、全額約 0.585%）；交易方法狀態未知（全額交割、變更交易方法、停止信用交易的來源未提供）；容量以 s 日 vol20 估計，未模擬開盤競價量與滑價；不可交易，僅觀察,未扣成本·事後欄位以 m_ 標示·非投資建議
HO,5,2024-07-31,2024-08-01,8455,大拓-KY,TPEx,W,W_atr14@3,3,343,0.067214,,1,0,1,5.514,7.601,-2.086,61.5,,不適用,0.0,0.0,495,inf,250.0,official_prepanel,small,33.0,0,可交易（DK_s＝0）,未扣成本（成本參考：2.8 折來回約 0.38%、全額約 0.585%）；交易方法狀態未知（全額交割、變更交易方法、停止信用交易的來源未提供）；容量以 s 日 vol20 估計，未模擬開盤競價量與滑價；不可交易，僅觀察,未扣成本·事後欄位以 m_ 標示·非投資建議
HO,5,2024-08-01,2024-08-02,3064,泰偉,TPEx,W,W_atr14@3,2,358,0.067507,,0,0,1,-0.639,-0.319,-12.567,19.3,,不適用,0.0,0.0,496,inf,250.0,official_prepanel,small,12.0,0,可交易（DK_s＝0）,未扣成本（成本參考：2.8 折來回約 0.38%、全額約 0.585%）；交易方法狀態未知（全額交割、變更交易方法、停止信用交易的來源未提供）；容量以 s 日 vol20 估計，未模擬開盤競價量與滑價；不可交易，僅觀察,未扣成本·事後欄位以 m_ 標示·非投資建議
HO,5,2024-08-01,2024-08-02,6144,得利影,TPEx,W,W_atr14@3,3,358,0.06697,,0,0,1,-3.191,1.655,-3.664,49.75,,不適用,1.0,4.0,496,inf,250.0,official_prepanel,small,14.0,1,處置中・交易規則另案登錄（DK_s＝1）,未扣成本（成本參考：2.8 折來回約 0.38%、全額約 0.585%）；交易方法狀態未知（全額交割、變更交易方法、停止信用交易的來源未提供）；容量以 s 日 vol20 估計，未模擬開盤競價量與滑價；不可交易，僅觀察,未扣成本·事後欄位以 m_ 標示·非投資建議
HO,5,2024-08-01,2024-08-02,6890,來億-KY,TWSE,W,W_atr14@3,1,358,0.077741,,0,0,1,0.859,-10.137,3.78,1454.65,,不適用,0.0,0.0,35,35.0,35.0,official,large,894.0,0,可交易（DK_s＝0）,未扣成本（成本參考：2.8 折來回約 0.38%、全額約 0.585%）；交易方法狀態未知（全額交割、變更交易方法、停止信用交易的來源未提供）；容量以 s 日 vol20 估計，未模擬開盤競價量與滑價；不可交易，僅觀察,未扣成本·事後欄位以 m_ 標示·非投資建議
HO,5,2024-08-02,2024-08-05,2429,銘旺科,TWSE,W,W_atr14@3,2,355,0.071329,,0,0,1,-6.503,-29.046,-7.225,611.15,,不適用,0.0,0.0,497,inf,250.0,official_prepanel,small,459.0,0,可交易（DK_s＝0）,未扣成本（成本參考：2.8 折來回約 0.38%、全額約 0.585%）；交易方法狀態未知（全額交割、變更交易方法、停止信用交易的來源未提供）；容量以 s 日 vol20 估計，未模擬開盤競價量與滑價；不可交易，僅觀察,未扣成本·事後欄位以 m_ 標示·非投資建議
HO,5,2024-08-02,2024-08-05,5205,中茂,TPEx,W,W_atr14@3,3,355,0.069805,,0,0,1,-2.222,-4.691,-4.321,57.3,,不適用,0.0,2.0,497,inf,250.0,official_prepanel,small,38.0,0,可交易（DK_s＝0）,未扣成本（成本參考：2.8 折來回約 0.38%、全額約 0.585%）；交易方法狀態未知（全額交割、變更交易方法、停止信用交易的來源未提供）；容量以 s 日 vol20 估計，未模擬開盤競價量與滑價；不可交易，僅觀察,未扣成本·事後欄位以 m_ 標示·非投資建議
HO,5,2024-08-02,2024-08-05,6890,來億-KY,TWSE,W,W_atr14@3,1,355,0.078068,,0,0,1,-5.027,0.18,10.054,1384.55,,不適用,0.0,0.0,36,36.0,36.0,official,large,834.0,0,可交易（DK_s＝0）,未扣成本（成本參考：2.8 折來回約 0.38%、全額約 0.585%）；交易方法狀態未知（全額交割、變更交易方法、停止信用交易的來源未提供）；容量以 s 日 vol20 估計，未模擬開盤競價量與滑價；不可交易，僅觀察,未扣成本·事後欄位以 m_ 標示·非投資建議
HO,5,2024-08-05,2024-08-06,2429,銘旺科,TWSE,W,W_atr14@3,3,353,0.0828,,0,0,1,3.864,-16.538,0.155,570.55,,不適用,0.0,0.0,498,inf,250.0,official_prepanel,small,440.0,0,可交易（DK_s＝0）,未扣成本（成本參考：2.8 折來回約 0.38%、全額約 0.585%）；交易方法狀態未知（全額交割、變更交易方法、停止信用交易的來源未提供）；容量以 s 日 vol20 估計，未模擬開盤競價量與滑價；不可交易，僅觀察,未扣成本·事後欄位以 m_ 標示·非投資建議
HO,5,2024-08-05,2024-08-06,4804,,TPEx,W,W_atr14@3,1,353,0.120536,,0,0,1,-1.647,16.471,5.882,523.1,,不適用,0.0,1.0,498,inf,250.0,official_prepanel,small,687.0,0,可交易（DK_s＝0）,未扣成本（成本參考：2.8 折來回約 0.38%、全額約 0.585%）；交易方法狀態未知（全額交割、變更交易方法、停止信用交易的來源未提供）；容量以 s 日 vol20 估計，未模擬開盤競價量與滑價；不可交易，僅觀察,未扣成本·事後欄位以 m_ 標示·非投資建議
HO,5,2024-08-05,2024-08-06,6890,來億-KY,TWSE,W,W_atr14@3,2,353,0.091268,,0,0,1,-4.228,5.147,13.603,1360.2,,不適用,0.0,0.0,37,37.0,37.0,official,large,1580.0,0,可交易（DK_s＝0）,未扣成本（成本參考：2.8 折來回約 0.38%、全額約 0.585%）；交易方法狀態未知（全額交割、變更交易方法、停止信用交易的來源未提供）；容量以 s 日 vol20 估計，未模擬開盤競價量與滑價；不可交易，僅觀察,未扣成本·事後欄位以 m_ 標示·非投資建議
HO,5,2024-08-06,2024-08-07,4804,,TPEx,W,W_atr14@3,1,346,0.131921,,0,0,1,-1.142,13.014,10.502,554.9,,不適用,0.0,1.0,499,inf,250.0,official_prepanel,small,213.0,0,可交易（DK_s＝0）,未扣成本（成本參考：2.8 折來回約 0.38%、全額約 0.585%）；交易方法狀態未知（全額交割、變更交易方法、停止信用交易的來源未提供）；容量以 s 日 vol20 估計，未模擬開盤競價量與滑價；不可交易，僅觀察,未扣成本·事後欄位以 m_ 標示·非投資建議
HO,5,2024-08-06,2024-08-07,5205,中茂,TPEx,W,W_atr14@3,3,346,0.087578,,0,0,1,9.067,0.518,-1.554,53.75,,不適用,0.0,1.0,499,inf,250.0,official_prepanel,small,28.0,0,可交易（DK_s＝0）,未扣成本（成本參考：2.8 折來回約 0.38%、全額約 0.585%）；交易方法狀態未知（全額交割、變更交易方法、停止信用交易的來源未提供）；容量以 s 日 vol20 估計，未模擬開盤競價量與滑價；不可交易，僅觀察,未扣成本·事後欄位以 m_ 標示·非投資建議
HO,5,2024-08-06,2024-08-07,6890,來億-KY,TWSE,W,W_atr14@3,2,346,0.096994,,0,0,1,6.312,9.073,22.682,1404.6,,不適用,0.0,0.0,38,38.0,38.0,official,large,1078.0,0,可交易（DK_s＝0）,未扣成本（成本參考：2.8 折來回約 0.38%、全額約 0.585%）；交易方法狀態未知（全額交割、變更交易方法、停止信用交易的來源未提供）；容量以 s 日 vol20 估計，未模擬開盤競價量與滑價；不可交易，僅觀察,未扣成本·事後欄位以 m_ 標示·非投資建議
HO,5,2024-08-07,2024-08-08,2429,銘旺科,TWSE,W,W_atr14@3,3,344,0.094687,,0,0,1,0.0,7.156,10.826,530.85,,不適用,0.0,0.0,500,inf,250.0,official_prepanel,small,326.0,0,可交易（DK_s＝0）,未扣成本（成本參考：2.8 折來回約 0.38%、全額約 0.585%）；交易方法狀態未知（全額交割、變更交易方法、停止信用交易的來源未提供）；容量以 s 日 vol20 估計，未模擬開盤競價量與滑價；不可交易，僅觀察,未扣成本·事後欄位以 m_ 標示·非投資建議
HO,5,2024-08-07,2024-08-08,4804,,TPEx,W,W_atr14@3,1,344,0.123557,,0,0,1,-6.25,6.681,4.526,564.7,,不適用,0.0,0.0,500,inf,250.0,official_prepanel,small,118.0,0,可交易（DK_s＝0）,未扣成本（成本參考：2.8 折來回約 0.38%、全額約 0.585%）；交易方法狀態未知（全額交割、變更交易方法、停止信用交易的來源未提供）；容量以 s 日 vol20 估計，未模擬開盤競價量與滑價；不可交易，僅觀察,未扣成本·事後欄位以 m_ 標示·非投資建議
HO,5,2024-08-07,2024-08-08,6890,來億-KY,TWSE,W,W_atr14@3,2,344,0.098309,,0,0,1,0.192,11.686,12.644,1364.25,,不適用,0.0,0.0,39,39.0,39.0,official,large,767.0,0,可交易（DK_s＝0）,未扣成本（成本參考：2.8 折來回約 0.38%、全額約 0.585%）；交易方法狀態未知（全額交割、變更交易方法、停止信用交易的來源未提供）；容量以 s 日 vol20 估計，未模擬開盤競價量與滑價；不可交易，僅觀察,未扣成本·事後欄位以 m_ 標示·非投資建議
HO,5,2024-08-08,2024-08-09,2429,銘旺科,TWSE,W,W_atr14@3,2,354,0.108519,,0,0,1,0.0,19.552,35.234,514.15,,不適用,0.0,0.0,501,inf,250.0,official_prepanel,small,1053.0,0,可交易（DK_s＝0）,未扣成本（成本參考：2.8 折來回約 0.38%、全額約 0.585%）；交易方法狀態未知（全額交割、變更交易方法、停止信用交易的來源未提供）；容量以 s 日 vol20 估計，未模擬開盤競價量與滑價；不可交易，僅觀察,未扣成本·事後欄位以 m_ 標示·非投資建議
HO,5,2024-08-08,2024-08-09,4804,,TPEx,W,W_atr14@3,1,354,0.117734,,0,0,1,6.236,10.69,-2.673,552.65,,不適用,0.0,0.0,501,inf,250.0,official_prepanel,small,305.0,0,可交易（DK_s＝0）,未扣成本（成本參考：2.8 折來回約 0.38%、全額約 0.585%）；交易方法狀態未知（全額交割、變更交易方法、停止信用交易的來源未提供）；容量以 s 日 vol20 估計，未模擬開盤競價量與滑價；不可交易，僅觀察,未扣成本·事後欄位以 m_ 標示·非投資建議
HO,5,2024-08-08,2024-08-09,6890,來億-KY,TWSE,W,W_atr14@3,3,354,0.099153,,0,0,1,5.283,13.962,13.774,1340.1,,不適用,0.0,0.0,40,40.0,40.0,official,large,779.0,0,可交易（DK_s＝0）,未扣成本（成本參考：2.8 折來回約 0.38%、全額約 0.585%）；交易方法狀態未知（全額交割、變更交易方法、停止信用交易的來源未提供）；容量以 s 日 vol20 估計，未模擬開盤競價量與滑價；不可交易，僅觀察,未扣成本·事後欄位以 m_ 標示·非投資建議
HO,5,2024-08-09,2024-08-12,2429,銘旺科,TWSE,W,W_atr14@3,1,360,0.121472,,0,0,1,16.883,38.961,48.918,519.2,,不適用,0.0,0.0,502,inf,250.0,official_prepanel,small,6920.0,0,可交易（DK_s＝0）,未扣成本（成本參考：2.8 折來回約 0.38%、全額約 0.585%）；交易方法狀態未知（全額交割、變更交易方法、停止信用交易的來源未提供）；容量以 s 日 vol20 估計，未模擬開盤競價量與滑價；不可交易，僅觀察,未扣成本·事後欄位以 m_ 標示·非投資建議
HO,5,2024-08-09,2024-08-12,4804,,TPEx,W,W_atr14@3,2,360,0.105271,,0,0,1,10.0,7.111,,558.6,,不適用,0.0,0.0,502,inf,250.0,official_prepanel,small,134.0,0,可交易（DK_s＝0）,未扣成本（成本參考：2.8 折來回約 0.38%、全額約 0.585%）；交易方法狀態未知（全額交割、變更交易方法、停止信用交易的來源未提供）；容量以 s 日 vol20 估計，未模擬開盤競價量與滑價；不可交易，僅觀察,未扣成本·事後欄位以 m_ 標示·非投資建議
HO,5,2024-08-09,2024-08-12,5205,中茂,TPEx,W,W_atr14@3,3,360,0.099556,,0,0,1,-1.882,-2.76,-4.642,54.3,,不適用,0.0,0.0,502,inf,250.0,official_prepanel,small,5.0,0,可交易（DK_s＝0）,未扣成本（成本參考：2.8 折來回約 0.38%、全額約 0.585%）；交易方法狀態未知（全額交割、變更交易方法、停止信用交易的來源未提供）；容量以 s 日 vol20 估計，未模擬開盤競價量與滑價；不可交易，僅觀察,未扣成本·事後欄位以 m_ 標示·非投資建議
HO,5,2024-08-12,2024-08-13,3349,寶德,TPEx,W,W_atr14@3,3,365,0.086781,,0,0,1,3.042,1.901,6.084,82.0,,不適用,0.0,0.0,503,inf,250.0,official_prepanel,small,27.0,0,可交易（DK_s＝0）,未扣成本（成本參考：2.8 折來回約 0.38%、全額約 0.585%）；交易方法狀態未知（全額交割、變更交易方法、停止信用交易的來源未提供）；容量以 s 日 vol20 估計，未模擬開盤競價量與滑價；不可交易，僅觀察,未扣成本·事後欄位以 m_ 標示·非投資建議
HO,5,2024-08-12,2024-08-13,4804,,TPEx,W,W_atr14@3,1,365,0.100722,,0,0,1,4.873,-4.661,,477.75,,不適用,0.0,0.0,503,inf,250.0,official_prepanel,small,74.0,0,可交易（DK_s＝0）,未扣成本（成本參考：2.8 折來回約 0.38%、全額約 0.585%）；交易方法狀態未知（全額交割、變更交易方法、停止信用交易的來源未提供）；容量以 s 日 vol20 估計，未模擬開盤競價量與滑價；不可交易，僅觀察,未扣成本·事後欄位以 m_ 標示·非投資建議
HO,5,2024-08-12,2024-08-13,5205,中茂,TPEx,W,W_atr14@3,2,365,0.091889,,0,0,1,8.229,5.021,0.697,53.6,,不適用,0.0,0.0,503,inf,250.0,official_prepanel,small,12.0,0,可交易（DK_s＝0）,未扣成本（成本參考：2.8 折來回約 0.38%、全額約 0.585%）；交易方法狀態未知（全額交割、變更交易方法、停止信用交易的來源未提供）；容量以 s 日 vol20 估計，未模擬開盤競價量與滑價；不可交易，僅觀察,未扣成本·事後欄位以 m_ 標示·非投資建議
HO,5,2024-08-13,2024-08-14,2429,銘旺科,TWSE,W,W_atr14@3,1,371,0.111402,,0,0,1,6.182,7.818,27.273,1034.95,,不適用,0.0,2.0,504,inf,250.0,official_prepanel,small,2509.0,0,可交易（DK_s＝0）,未扣成本（成本參考：2.8 折來回約 0.38%、全額約 0.585%）；交易方法狀態未知（全額交割、變更交易方法、停止信用交易的來源未提供）；容量以 s 日 vol20 估計，未模擬開盤競價量與滑價；不可交易，僅觀察,未扣成本·事後欄位以 m_ 標示·非投資建議
HO,5,2024-08-13,2024-08-14,4804,,TPEx,W,W_atr14@3,3,371,0.089322,,0,0,1,-1.198,-3.393,,458.3,,不適用,0.0,0.0,504,inf,250.0,official_prepanel,small,106.0,0,可交易（DK_s＝0）,未扣成本（成本參考：2.8 折來回約 0.38%、全額約 0.585%）；交易方法狀態未知（全額交割、變更交易方法、停止信用交易的來源未提供）；容量以 s 日 vol20 估計，未模擬開盤競價量與滑價；不可交易，僅觀察,未扣成本·事後欄位以 m_ 標示·非投資建議
HO,5,2024-08-13,2024-08-14,5205,中茂,TPEx,W,W_atr14@3,2,371,0.091587,,0,0,1,4.208,6.592,1.262,53.7,,不適用,0.0,0.0,504,inf,250.0,official_prepanel,small,32.0,0,可交易（DK_s＝0）,未扣成本（成本參考：2.8 折來回約 0.38%、全額約 0.585%）；交易方法狀態未知（全額交割、變更交易方法、停止信用交易的來源未提供）；容量以 s 日 vol20 估計，未模擬開盤競價量與滑價；不可交易，僅觀察,未扣成本·事後欄位以 m_ 標示·非投資建議
HO,5,2024-08-14,2024-08-15,2429,銘旺科,TWSE,W,W_atr14@3,1,380,0.104452,,0,0,1,-0.17,2.721,15.816,1149.1,,不適用,0.0,2.0,505,inf,250.0,official_prepanel,small,2448.0,0,可交易（DK_s＝0）,未扣成本（成本參考：2.8 折來回約 0.38%、全額約 0.585%）；交易方法狀態未知（全額交割、變更交易方法、停止信用交易的來源未提供）；容量以 s 日 vol20 估計，未模擬開盤競價量與滑價；不可交易，僅觀察,未扣成本·事後欄位以 m_ 標示·非投資建議
HO,5,2024-08-14,2024-08-15,5205,中茂,TPEx,W,W_atr14@3,2,380,0.095847,,0,0,1,3.19,5.409,10.125,54.35,,不適用,0.0,0.0,505,inf,250.0,official_prepanel,small,13.0,0,可交易（DK_s＝0）,未扣成本（成本參考：2.8 折來回約 0.38%、全額約 0.585%）；交易方法狀態未知（全額交割、變更交易方法、停止信用交易的來源未提供）；容量以 s 日 vol20 估計，未模擬開盤競價量與滑價；不可交易，僅觀察,未扣成本·事後欄位以 m_ 標示·非投資建議
HO,5,2024-08-14,2024-08-15,8291,尚茂,TPEx,W,W_atr14@3,3,380,0.091201,,1,1,0,0.0,30.236,17.801,54.26,,不適用,0.0,0.0,505,inf,250.0,official_prepanel,small,59.0,0,可交易（DK_s＝0）,未扣成本（成本參考：2.8 折來回約 0.38%、全額約 0.585%）；交易方法狀態未知（全額交割、變更交易方法、停止信用交易的來源未提供）；容量以 s 日 vol20 估計，未模擬開盤競價量與滑價；不可交易，僅觀察,未扣成本·事後欄位以 m_ 標示·非投資建議
HO,5,2024-08-15,2024-08-16,2429,銘旺科,TWSE,W,W_atr14@3,1,376,0.102701,,0,0,1,6.291,9.934,13.245,1255.45,,不適用,0.0,2.0,506,inf,250.0,official_prepanel,small,2014.0,0,可交易（DK_s＝0）,未扣成本（成本參考：2.8 折來回約 0.38%、全額約 0.585%）；交易方法狀態未知（全額交割、變更交易方法、停止信用交易的來源未提供）；容量以 s 日 vol20 估計，未模擬開盤競價量與滑價；不可交易，僅觀察,未扣成本·事後欄位以 m_ 標示·非投資建議
HO,5,2024-08-15,2024-08-16,5205,中茂,TPEx,W,W_atr14@3,3,376,0.08919,,0,0,1,-2.882,-4.762,9.398,54.65,,不適用,0.0,0.0,506,inf,250.0,official_prepanel,small,14.0,0,可交易（DK_s＝0）,未扣成本（成本參考：2.8 折來回約 0.38%、全額約 0.585%）；交易方法狀態未知（全額交割、變更交易方法、停止信用交易的來源未提供）；容量以 s 日 vol20 估計，未模擬開盤競價量與滑價；不可交易，僅觀察,未扣成本·事後欄位以 m_ 標示·非投資建議
HO,5,2024-08-15,2024-08-16,7584,樂意,TPEx,W,W_atr14@3,2,376,0.094437,,0,0,1,-0.955,0.477,-4.654,231.67,,不適用,0.0,0.0,15,15.0,15.0,official,small,44.0,0,可交易（DK_s＝0）,未扣成本（成本參考：2.8 折來回約 0.38%、全額約 0.585%）；交易方法狀態未知（全額交割、變更交易方法、停止信用交易的來源未提供）；容量以 s 日 vol20 估計，未模擬開盤競價量與滑價；不可交易，僅觀察,未扣成本·事後欄位以 m_ 標示·非投資建議
HO,5,2024-08-16,2024-08-19,2429,銘旺科,TWSE,W,W_atr14@3,1,380,0.095016,,0,0,1,0.935,7.165,2.804,1333.9,,不適用,0.0,2.0,507,inf,250.0,official_prepanel,small,2288.0,0,可交易（DK_s＝0）,未扣成本（成本參考：2.8 折來回約 0.38%、全額約 0.585%）；交易方法狀態未知（全額交割、變更交易方法、停止信用交易的來源未提供）；容量以 s 日 vol20 估計，未模擬開盤競價量與滑價；不可交易，僅觀察,未扣成本·事後欄位以 m_ 標示·非投資建議
HO,5,2024-08-16,2024-08-19,4419,皇家美食,TPEx,W,W_atr14@3,2,380,0.090382,,0,0,1,3.6,-1.0,-2.0,37.1,,不適用,0.0,0.0,507,inf,250.0,official_prepanel,mid,27.0,0,可交易（DK_s＝0）,未扣成本（成本參考：2.8 折來回約 0.38%、全額約 0.585%）；交易方法狀態未知（全額交割、變更交易方法、停止信用交易的來源未提供）；容量以 s 日 vol20 估計，未模擬開盤競價量與滑價；不可交易，僅觀察,未扣成本·事後欄位以 m_ 標示·非投資建議
HO,5,2024-08-16,2024-08-19,5205,中茂,TPEx,W,W_atr14@3,3,380,0.084147,,0,0,1,-2.587,-1.682,4.528,54.6,,不適用,0.0,0.0,507,inf,250.0,official_prepanel,small,12.0,0,可交易（DK_s＝0）,未扣成本（成本參考：2.8 折來回約 0.38%、全額約 0.585%）；交易方法狀態未知（全額交割、變更交易方法、停止信用交易的來源未提供）；容量以 s 日 vol20 估計，未模擬開盤競價量與滑價；不可交易，僅觀察,未扣成本·事後欄位以 m_ 標示·非投資建議
HO,5,2024-08-19,2024-08-20,2429,銘旺科,TWSE,W,W_atr14@3,1,383,0.089837,,0,0,1,-8.346,14.529,0.155,1414.75,,不適用,0.0,1.0,508,inf,250.0,official_prepanel,small,3101.0,0,可交易（DK_s＝0）,未扣成本（成本參考：2.8 折來回約 0.38%、全額約 0.585%）；交易方法狀態未知（全額交割、變更交易方法、停止信用交易的來源未提供）；容量以 s 日 vol20 估計，未模擬開盤競價量與滑價；不可交易，僅觀察,未扣成本·事後欄位以 m_ 標示·非投資建議
HO,5,2024-08-19,2024-08-20,4419,皇家美食,TPEx,W,W_atr14@3,3,383,0.084873,,0,0,1,4.247,-4.44,-2.896,36.4,,不適用,0.0,0.0,508,inf,250.0,official_prepanel,mid,21.0,0,可交易（DK_s＝0）,未扣成本（成本參考：2.8 折來回約 0.38%、全額約 0.585%）；交易方法狀態未知（全額交割、變更交易方法、停止信用交易的來源未提供）；容量以 s 日 vol20 估計，未模擬開盤競價量與滑價；不可交易，僅觀察,未扣成本·事後欄位以 m_ 標示·非投資建議
HO,5,2024-08-19,2024-08-20,5205,中茂,TPEx,W,W_atr14@3,2,383,0.085373,,0,0,1,0.0,-5.0,0.658,54.15,,不適用,0.0,0.0,508,inf,250.0,official_prepanel,small,9.0,0,可交易（DK_s＝0）,未扣成本（成本參考：2.8 折來回約 0.38%、全額約 0.585%）；交易方法狀態未知（全額交割、變更交易方法、停止信用交易的來源未提供）；容量以 s 日 vol20 估計，未模擬開盤競價量與滑價；不可交易，僅觀察,未扣成本·事後欄位以 m_ 標示·非投資建議
HO,5,2024-08-20,2024-08-21,2429,銘旺科,TWSE,W,W_atr14@3,1,396,0.096965,,0,0,1,0.667,16.667,11.0,1541.8,,不適用,0.0,0.0,509,inf,250.0,official_prepanel,small,1373.0,0,可交易（DK_s＝0）,未扣成本（成本參考：2.8 折來回約 0.38%、全額約 0.585%）；交易方法狀態未知（全額交割、變更交易方法、停止信用交易的來源未提供）；容量以 s 日 vol20 估計，未模擬開盤競價量與滑價；不可交易，僅觀察,未扣成本·事後欄位以 m_ 標示·非投資建議
HO,5,2024-08-20,2024-08-21,5205,中茂,TPEx,W,W_atr14@3,3,396,0.081297,,0,0,1,0.0,-5.0,-3.026,47.5,,不適用,0.0,0.0,509,inf,250.0,official_prepanel,small,4.0,0,可交易（DK_s＝0）,未扣成本（成本參考：2.8 折來回約 0.38%、全額約 0.585%）；交易方法狀態未知（全額交割、變更交易方法、停止信用交易的來源未提供）；容量以 s 日 vol20 估計，未模擬開盤競價量與滑價；不可交易，僅觀察,未扣成本·事後欄位以 m_ 標示·非投資建議
HO,5,2024-08-20,2024-08-21,6144,得利影,TPEx,W,W_atr14@3,2,396,0.087462,,1,0,1,11.509,26.982,25.192,28.95,,不適用,0.0,0.0,509,inf,250.0,official_prepanel,small,66.0,0,可交易（DK_s＝0）,未扣成本（成本參考：2.8 折來回約 0.38%、全額約 0.585%）；交易方法狀態未知（全額交割、變更交易方法、停止信用交易的來源未提供）；容量以 s 日 vol20 估計，未模擬開盤競價量與滑價；不可交易，僅觀察,未扣成本·事後欄位以 m_ 標示·非投資建議
HO,5,2024-08-21,2024-08-22,2429,銘旺科,TWSE,W,W_atr14@3,1,401,0.093307,,0,0,1,8.497,11.275,3.595,1587.8,,不適用,0.0,0.0,510,inf,250.0,official_prepanel,small,2439.0,0,可交易（DK_s＝0）,未扣成本（成本參考：2.8 折來回約 0.38%、全額約 0.585%）；交易方法狀態未知（全額交割、變更交易方法、停止信用交易的來源未提供）；容量以 s 日 vol20 估計，未模擬開盤競價量與滑價；不可交易，僅觀察,未扣成本·事後欄位以 m_ 標示·非投資建議
HO,5,2024-08-21,2024-08-22,4419,皇家美食,TPEx,W,W_atr14@3,3,401,0.078339,,0,0,1,-1.553,-0.971,-2.913,29.0,,不適用,0.0,0.0,510,inf,250.0,official_prepanel,mid,22.0,0,可交易（DK_s＝0）,未扣成本（成本參考：2.8 折來回約 0.38%、全額約 0.585%）；交易方法狀態未知（全額交割、變更交易方法、停止信用交易的來源未提供）；容量以 s 日 vol20 估計，未模擬開盤競價量與滑價；不可交易，僅觀察,未扣成本·事後欄位以 m_ 標示·非投資建議
HO,5,2024-08-21,2024-08-22,8101,華冠,TWSE,W,W_atr14@3,2,401,0.085714,,0,0,0,,,,368.25,,不適用,0.0,0.0,510,inf,250.0,official_prepanel,small,,0,可交易（DK_s＝0）,未扣成本（成本參考：2.8 折來回約 0.38%、全額約 0.585%）；交易方法狀態未知（全額交割、變更交易方法、停止信用交易的來源未提供）；容量以 s 日 vol20 估計，未模擬開盤競價量與滑價；不可交易，僅觀察,未扣成本·事後欄位以 m_ 標示·非投資建議
HO,5,2024-08-22,2024-08-23,4804,,TPEx,W,W_atr14@3,2,391,0.079601,,0,0,0,,,,287.4,,不適用,0.0,0.0,511,inf,250.0,official_prepanel,small,,0,可交易（DK_s＝0）,未扣成本（成本參考：2.8 折來回約 0.38%、全額約 0.585%）；交易方法狀態未知（全額交割、變更交易方法、停止信用交易的來源未提供）；容量以 s 日 vol20 估計，未模擬開盤競價量與滑價；不可交易，僅觀察,未扣成本·事後欄位以 m_ 標示·非投資建議
HO,5,2024-08-22,2024-08-23,8291,尚茂,TPEx,W,W_atr14@3,1,391,0.084135,,0,0,1,10.285,11.152,5.328,46.79,,不適用,0.0,0.0,511,inf,250.0,official_prepanel,small,23.0,0,可交易（DK_s＝0）,未扣成本（成本參考：2.8 折來回約 0.38%、全額約 0.585%）；交易方法狀態未知（全額交割、變更交易方法、停止信用交易的來源未提供）；容量以 s 日 vol20 估計，未模擬開盤競價量與滑價；不可交易，僅觀察,未扣成本·事後欄位以 m_ 標示·非投資建議
HO,5,2024-08-22,2024-08-23,8455,大拓-KY,TPEx,W,W_atr14@3,3,391,0.078924,,0,0,1,1.21,3.091,-3.495,121.35,,不適用,0.0,1.0,511,inf,250.0,official_prepanel,small,125.0,0,可交易（DK_s＝0）,未扣成本（成本參考：2.8 折來回約 0.38%、全額約 0.585%）；交易方法狀態未知（全額交割、變更交易方法、停止信用交易的來源未提供）；容量以 s 日 vol20 估計，未模擬開盤競價量與滑價；不可交易，僅觀察,未扣成本·事後欄位以 m_ 標示·非投資建議
HO,5,2024-08-23,2024-08-26,2429,銘旺科,TWSE,W,W_atr14@3,3,397,0.080669,,0,0,1,7.547,-4.209,-11.611,1851.95,,不適用,0.0,0.0,512,inf,250.0,official_prepanel,small,3968.0,0,可交易（DK_s＝0）,未扣成本（成本參考：2.8 折來回約 0.38%、全額約 0.585%）；交易方法狀態未知（全額交割、變更交易方法、停止信用交易的來源未提供）；容量以 s 日 vol20 估計，未模擬開盤競價量與滑價；不可交易，僅觀察,未扣成本·事後欄位以 m_ 標示·非投資建議
HO,5,2024-08-23,2024-08-26,8291,尚茂,TPEx,W,W_atr14@3,1,397,0.083146,,0,0,1,-4.846,6.265,-5.201,46.53,,不適用,0.0,0.0,512,inf,250.0,official_prepanel,small,47.0,0,可交易（DK_s＝0）,未扣成本（成本參考：2.8 折來回約 0.38%、全額約 0.585%）；交易方法狀態未知（全額交割、變更交易方法、停止信用交易的來源未提供）；容量以 s 日 vol20 估計，未模擬開盤競價量與滑價；不可交易，僅觀察,未扣成本·事後欄位以 m_ 標示·非投資建議
HO,5,2024-08-23,2024-08-26,8455,大拓-KY,TPEx,W,W_atr14@3,2,397,0.081958,,0,0,1,2.308,-1.795,-9.872,126.4,,不適用,0.0,1.0,512,inf,250.0,official_prepanel,small,70.0,0,可交易（DK_s＝0）,未扣成本（成本參考：2.8 折來回約 0.38%、全額約 0.585%）；交易方法狀態未知（全額交割、變更交易方法、停止信用交易的來源未提供）；容量以 s 日 vol20 估計，未模擬開盤競價量與滑價；不可交易，僅觀察,未扣成本·事後欄位以 m_ 標示·非投資建議
HO,5,2024-08-26,2024-08-27,2429,銘旺科,TWSE,W,W_atr14@3,3,411,0.073549,,0,0,1,-4.502,-11.596,-17.735,2034.2,,不適用,0.0,0.0,513,inf,250.0,official_prepanel,small,3668.0,0,可交易（DK_s＝0）,未扣成本（成本參考：2.8 折來回約 0.38%、全額約 0.585%）；交易方法狀態未知（全額交割、變更交易方法、停止信用交易的來源未提供）；容量以 s 日 vol20 估計，未模擬開盤競價量與滑價；不可交易，僅觀察,未扣成本·事後欄位以 m_ 標示·非投資建議
HO,5,2024-08-26,2024-08-27,6144,得利影,TPEx,W,W_atr14@3,2,411,0.078064,,0,0,1,-6.321,-5.66,-7.075,28.15,,不適用,0.0,0.0,513,inf,250.0,official_prepanel,small,18.0,0,可交易（DK_s＝0）,未扣成本（成本參考：2.8 折來回約 0.38%、全額約 0.585%）；交易方法狀態未知（全額交割、變更交易方法、停止信用交易的來源未提供）；容量以 s 日 vol20 估計，未模擬開盤競價量與滑價；不可交易，僅觀察,未扣成本·事後欄位以 m_ 標示·非投資建議
HO,5,2024-08-26,2024-08-27,8291,尚茂,TPEx,W,W_atr14@3,1,411,0.094792,,0,0,1,4.442,14.086,1.777,47.84,,不適用,0.0,0.0,513,inf,250.0,official_prepanel,small,28.0,0,可交易（DK_s＝0）,未扣成本（成本參考：2.8 折來回約 0.38%、全額約 0.585%）；交易方法狀態未知（全額交割、變更交易方法、停止信用交易的來源未提供）；容量以 s 日 vol20 估計，未模擬開盤競價量與滑價；不可交易，僅觀察,未扣成本·事後欄位以 m_ 標示·非投資建議
HO,5,2024-08-27,2024-08-28,5345,馥鴻,TPEx,W,W_atr14@3,3,418,0.079595,,0,0,1,9.833,6.667,8.333,82.15,,不適用,0.0,1.0,514,inf,250.0,official_prepanel,small,84.0,0,可交易（DK_s＝0）,未扣成本（成本參考：2.8 折來回約 0.38%、全額約 0.585%）；交易方法狀態未知（全額交割、變更交易方法、停止信用交易的來源未提供）；容量以 s 日 vol20 估計，未模擬開盤競價量與滑價；不可交易，僅觀察,未扣成本·事後欄位以 m_ 標示·非投資建議
HO,5,2024-08-27,2024-08-28,6144,得利影,TPEx,W,W_atr14@3,2,418,0.079917,,0,0,1,0.607,-1.011,-2.528,28.35,,不適用,0.0,1.0,514,inf,250.0,official_prepanel,small,31.0,0,可交易（DK_s＝0）,未扣成本（成本參考：2.8 折來回約 0.38%、全額約 0.585%）；交易方法狀態未知（全額交割、變更交易方法、停止信用交易的來源未提供）；容量以 s 日 vol20 估計，未模擬開盤競價量與滑價；不可交易，僅觀察,未扣成本·事後欄位以 m_ 標示·非投資建議
HO,5,2024-08-27,2024-08-28,8291,尚茂,TPEx,W,W_atr14@3,1,418,0.088793,,0,0,1,9.356,0.851,-4.496,48.84,,不適用,0.0,0.0,514,inf,250.0,official_prepanel,small,31.0,0,可交易（DK_s＝0）,未扣成本（成本參考：2.8 折來回約 0.38%、全額約 0.585%）；交易方法狀態未知（全額交割、變更交易方法、停止信用交易的來源未提供）；容量以 s 日 vol20 估計，未模擬開盤競價量與滑價；不可交易，僅觀察,未扣成本·事後欄位以 m_ 標示·非投資建議
HO,5,2024-08-28,2024-08-29,5345,馥鴻,TPEx,W,W_atr14@3,2,410,0.0814,,0,0,1,0.784,-1.567,-0.313,85.85,,不適用,0.0,0.0,515,inf,250.0,official_prepanel,small,30.0,0,可交易（DK_s＝0）,未扣成本（成本參考：2.8 折來回約 0.38%、全額約 0.585%）；交易方法狀態未知（全額交割、變更交易方法、停止信用交易的來源未提供）；容量以 s 日 vol20 估計，未模擬開盤競價量與滑價；不可交易，僅觀察,未扣成本·事後欄位以 m_ 標示·非投資建議
HO,5,2024-08-28,2024-08-29,6144,得利影,TPEx,W,W_atr14@3,3,410,0.080187,,0,0,1,1.917,0.908,-1.312,29.6,,不適用,0.0,1.0,515,inf,250.0,official_prepanel,small,32.0,0,可交易（DK_s＝0）,未扣成本（成本參考：2.8 折來回約 0.38%、全額約 0.585%）；交易方法狀態未知（全額交割、變更交易方法、停止信用交易的來源未提供）；容量以 s 日 vol20 估計，未模擬開盤競價量與滑價；不可交易，僅觀察,未扣成本·事後欄位以 m_ 標示·非投資建議
HO,5,2024-08-28,2024-08-29,8291,尚茂,TPEx,W,W_atr14@3,1,410,0.081508,,0,0,1,8.072,8.313,-6.145,49.89,,不適用,0.0,0.0,515,inf,250.0,official_prepanel,small,17.0,0,可交易（DK_s＝0）,未扣成本（成本參考：2.8 折來回約 0.38%、全額約 0.585%）；交易方法狀態未知（全額交割、變更交易方法、停止信用交易的來源未提供）；容量以 s 日 vol20 估計，未模擬開盤競價量與滑價；不可交易，僅觀察,未扣成本·事後欄位以 m_ 標示·非投資建議
HO,5,2024-08-29,2024-08-30,5345,馥鴻,TPEx,W,W_atr14@3,2,411,0.081093,,0,0,1,-1.205,-8.584,-4.066,86.6,,不適用,0.0,0.0,516,inf,250.0,official_prepanel,small,63.0,0,可交易（DK_s＝0）,未扣成本（成本參考：2.8 折來回約 0.38%、全額約 0.585%）；交易方法狀態未知（全額交割、變更交易方法、停止信用交易的來源未提供）；容量以 s 日 vol20 估計，未模擬開盤競價量與滑價；不可交易，僅觀察,未扣成本·事後欄位以 m_ 標示·非投資建議
HO,5,2024-08-29,2024-08-30,6144,得利影,TPEx,W,W_atr14@3,3,411,0.078996,,0,0,1,5.016,11.285,3.448,30.8,,不適用,0.0,1.0,516,inf,250.0,official_prepanel,small,23.0,0,可交易（DK_s＝0）,未扣成本（成本參考：2.8 折來回約 0.38%、全額約 0.585%）；交易方法狀態未知（全額交割、變更交易方法、停止信用交易的來源未提供）；容量以 s 日 vol20 估計，未模擬開盤競價量與滑價；不可交易，僅觀察,未扣成本·事後欄位以 m_ 標示·非投資建議
HO,5,2024-08-29,2024-08-30,8291,尚茂,TPEx,W,W_atr14@3,1,411,0.088947,,0,0,1,2.043,-3.519,-8.627,49.68,,不適用,0.0,0.0,516,inf,250.0,official_prepanel,small,8.0,0,可交易（DK_s＝0）,未扣成本（成本參考：2.8 折來回約 0.38%、全額約 0.585%）；交易方法狀態未知（全額交割、變更交易方法、停止信用交易的來源未提供）；容量以 s 日 vol20 估計，未模擬開盤競價量與滑價；不可交易，僅觀察,未扣成本·事後欄位以 m_ 標示·非投資建議
HO,5,2024-08-30,2024-09-02,5345,馥鴻,TPEx,W,W_atr14@3,2,418,0.080466,,0,0,1,1.923,-0.16,1.923,88.35,,不適用,0.0,0.0,517,inf,250.0,official_prepanel,small,37.0,0,可交易（DK_s＝0）,未扣成本（成本參考：2.8 折來回約 0.38%、全額約 0.585%）；交易方法狀態未知（全額交割、變更交易方法、停止信用交易的來源未提供）；容量以 s 日 vol20 估計，未模擬開盤競價量與滑價；不可交易，僅觀察,未扣成本·事後欄位以 m_ 標示·非投資建議
HO,5,2024-08-30,2024-09-02,6144,得利影,TPEx,W,W_atr14@3,3,418,0.077043,,0,0,1,9.529,10.624,7.338,31.25,,不適用,0.0,1.0,517,inf,250.0,official_prepanel,small,33.0,0,可交易（DK_s＝0）,未扣成本（成本參考：2.8 折來回約 0.38%、全額約 0.585%）；交易方法狀態未知（全額交割、變更交易方法、停止信用交易的來源未提供）；容量以 s 日 vol20 估計，未模擬開盤競價量與滑價；不可交易，僅觀察,未扣成本·事後欄位以 m_ 標示·非投資建議
HO,5,2024-08-30,2024-09-02,8291,尚茂,TPEx,W,W_atr14@3,1,418,0.083664,,0,0,1,0.0,-10.79,-12.013,49.0,,不適用,0.0,0.0,517,inf,250.0,official_prepanel,small,18.0,0,可交易（DK_s＝0）,未扣成本（成本參考：2.8 折來回約 0.38%、全額約 0.585%）；交易方法狀態未知（全額交割、變更交易方法、停止信用交易的來源未提供）；容量以 s 日 vol20 估計，未模擬開盤競價量與滑價；不可交易，僅觀察,未扣成本·事後欄位以 m_ 標示·非投資建議
HO,5,2024-09-02,2024-09-03,5345,馥鴻,TPEx,W,W_atr14@3,1,435,0.085467,,0,0,1,0.471,-1.727,-2.669,87.85,,不適用,0.0,0.0,518,inf,250.0,official_prepanel,small,23.0,0,可交易（DK_s＝0）,未扣成本（成本參考：2.8 折來回約 0.38%、全額約 0.585%）；交易方法狀態未知（全額交割、變更交易方法、停止信用交易的來源未提供）；容量以 s 日 vol20 估計，未模擬開盤競價量與滑價；不可交易，僅觀察,未扣成本·事後欄位以 m_ 標示·非投資建議
HO,5,2024-09-02,2024-09-03,6144,得利影,TPEx,W,W_atr14@3,2,435,0.078357,,0,0,1,-1.904,-1.303,-1.804,32.05,,不適用,0.0,1.0,518,inf,250.0,official_prepanel,small,8.0,0,可交易（DK_s＝0）,未扣成本（成本參考：2.8 折來回約 0.38%、全額約 0.585%）；交易方法狀態未知（全額交割、變更交易方法、停止信用交易的來源未提供）；容量以 s 日 vol20 估計，未模擬開盤競價量與滑價；不可交易，僅觀察,未扣成本·事後欄位以 m_ 標示·非投資建議
HO,5,2024-09-02,2024-09-03,8291,尚茂,TPEx,W,W_atr14@3,3,435,0.078262,,0,0,1,-4.926,-8.133,-9.507,48.47,,不適用,0.0,0.0,518,inf,250.0,official_prepanel,small,13.0,0,可交易（DK_s＝0）,未扣成本（成本參考：2.8 折來回約 0.38%、全額約 0.585%）；交易方法狀態未知（全額交割、變更交易方法、停止信用交易的來源未提供）；容量以 s 日 vol20 估計，未模擬開盤競價量與滑價；不可交易，僅觀察,未扣成本·事後欄位以 m_ 標示·非投資建議
HO,5,2024-09-03,2024-09-04,5345,馥鴻,TPEx,W,W_atr14@3,2,457,0.081696,,0,0,1,-0.946,2.524,-6.151,88.4,,不適用,0.0,0.0,519,inf,250.0,official_prepanel,small,75.0,0,可交易（DK_s＝0）,未扣成本（成本參考：2.8 折來回約 0.38%、全額約 0.585%）；交易方法狀態未知（全額交割、變更交易方法、停止信用交易的來源未提供）；容量以 s 日 vol20 估計，未模擬開盤競價量與滑價；不可交易，僅觀察,未扣成本·事後欄位以 m_ 標示·非投資建議
HO,5,2024-09-03,2024-09-04,6144,得利影,TPEx,W,W_atr14@3,3,457,0.081205,,0,0,1,2.775,-0.925,3.803,32.15,,不適用,0.0,0.0,519,inf,250.0,official_prepanel,small,22.0,0,可交易（DK_s＝0）,未扣成本（成本參考：2.8 折來回約 0.38%、全額約 0.585%）；交易方法狀態未知（全額交割、變更交易方法、停止信用交易的來源未提供）；容量以 s 日 vol20 估計，未模擬開盤競價量與滑價；不可交易，僅觀察,未扣成本·事後欄位以 m_ 標示·非投資建議
HO,5,2024-09-03,2024-09-04,8291,尚茂,TPEx,W,W_atr14@3,1,457,0.084768,,0,0,1,8.313,-5.301,-4.819,48.84,,不適用,0.0,0.0,519,inf,250.0,official_prepanel,small,17.0,0,可交易（DK_s＝0）,未扣成本（成本參考：2.8 折來回約 0.38%、全額約 0.585%）；交易方法狀態未知（全額交割、變更交易方法、停止信用交易的來源未提供）；容量以 s 日 vol20 估計，未模擬開盤競價量與滑價；不可交易，僅觀察,未扣成本·事後欄位以 m_ 標示·非投資建議
HO,5,2024-09-04,2024-09-05,5345,馥鴻,TPEx,W,W_atr14@3,2,463,0.080528,,0,0,1,-0.817,3.922,-4.248,91.7,,不適用,0.0,0.0,520,inf,250.0,official_prepanel,small,31.0,0,可交易（DK_s＝0）,未扣成本（成本參考：2.8 折來回約 0.38%、全額約 0.585%）；交易方法狀態未知（全額交割、變更交易方法、停止信用交易的來源未提供）；容量以 s 日 vol20 估計，未模擬開盤競價量與滑價；不可交易，僅觀察,未扣成本·事後欄位以 m_ 標示·非投資建議
HO,5,2024-09-04,2024-09-05,6144,得利影,TPEx,W,W_atr14@3,3,463,0.079357,,0,0,1,10.822,1.769,14.984,33.0,,不適用,0.0,0.0,520,inf,250.0,official_prepanel,small,26.0,0,可交易（DK_s＝0）,未扣成本（成本參考：2.8 折來回約 0.38%、全額約 0.585%）；交易方法狀態未知（全額交割、變更交易方法、停止信用交易的來源未提供）；容量以 s 日 vol20 估計，未模擬開盤競價量與滑價；不可交易，僅觀察,未扣成本·事後欄位以 m_ 標示·非投資建議
HO,5,2024-09-04,2024-09-05,8291,尚茂,TPEx,W,W_atr14@3,1,463,0.083108,,0,0,1,-3.189,-11.276,-8.884,48.95,,不適用,0.0,0.0,520,inf,250.0,official_prepanel,small,10.0,0,可交易（DK_s＝0）,未扣成本（成本參考：2.8 折來回約 0.38%、全額約 0.585%）；交易方法狀態未知（全額交割、變更交易方法、停止信用交易的來源未提供）；容量以 s 日 vol20 估計，未模擬開盤競價量與滑價；不可交易，僅觀察,未扣成本·事後欄位以 m_ 標示·非投資建議
HO,5,2024-09-05,2024-09-06,3095,及成,TPEx,W,W_atr14@3,3,464,0.077287,,0,0,1,-7.259,-20.148,-22.667,152.8,,不適用,0.0,1.0,521,inf,250.0,official_prepanel,small,95.0,0,可交易（DK_s＝0）,未扣成本（成本參考：2.8 折來回約 0.38%、全額約 0.585%）；交易方法狀態未知（全額交割、變更交易方法、停止信用交易的來源未提供）；容量以 s 日 vol20 估計，未模擬開盤競價量與滑價；不可交易，僅觀察,未扣成本·事後欄位以 m_ 標示·非投資建議
HO,5,2024-09-05,2024-09-06,5345,馥鴻,TPEx,W,W_atr14@3,2,464,0.078842,,0,0,1,-0.16,2.083,-5.929,93.1,,不適用,0.0,0.0,521,inf,250.0,official_prepanel,small,17.0,0,可交易（DK_s＝0）,未扣成本（成本參考：2.8 折來回約 0.38%、全額約 0.585%）；交易方法狀態未知（全額交割、變更交易方法、停止信用交易的來源未提供）；容量以 s 日 vol20 估計，未模擬開盤競價量與滑價；不可交易，僅觀察,未扣成本·事後欄位以 m_ 標示·非投資建議
HO,5,2024-09-05,2024-09-06,8291,尚茂,TPEx,W,W_atr14@3,1,464,0.087059,,0,0,1,2.953,3.338,7.445,47.0,,不適用,0.0,0.0,521,inf,250.0,official_prepanel,small,23.0,0,可交易（DK_s＝0）,未扣成本（成本參考：2.8 折來回約 0.38%、全額約 0.585%）；交易方法狀態未知（全額交割、變更交易方法、停止信用交易的來源未提供）；容量以 s 日 vol20 估計，未模擬開盤競價量與滑價；不可交易，僅觀察,未扣成本·事後欄位以 m_ 標示·非投資建議
HO,5,2024-09-06,2024-09-09,3095,及成,TPEx,W,W_atr14@3,3,464,0.079302,,0,0,1,-4.194,-14.677,-18.226,152.85,,不適用,0.0,1.0,522,inf,250.0,official_prepanel,small,79.0,0,可交易（DK_s＝0）,未扣成本（成本參考：2.8 折來回約 0.38%、全額約 0.585%）；交易方法狀態未知（全額交割、變更交易方法、停止信用交易的來源未提供）；容量以 s 日 vol20 估計，未模擬開盤競價量與滑價；不可交易，僅觀察,未扣成本·事後欄位以 m_ 標示·非投資建議
HO,5,2024-09-06,2024-09-09,6144,得利影,TPEx,W,W_atr14@3,2,464,0.084017,,0,0,1,-0.203,-0.709,23.1,34.6,,不適用,0.0,0.0,522,inf,250.0,official_prepanel,small,9.0,0,可交易（DK_s＝0）,未扣成本（成本參考：2.8 折來回約 0.38%、全額約 0.585%）；交易方法狀態未知（全額交割、變更交易方法、停止信用交易的來源未提供）；容量以 s 日 vol20 估計，未模擬開盤競價量與滑價；不可交易，僅觀察,未扣成本·事後欄位以 m_ 標示·非投資建議
HO,5,2024-09-06,2024-09-09,8291,尚茂,TPEx,W,W_atr14@3,1,464,0.091646,,0,0,1,2.036,0.636,0.509,43.95,,不適用,0.0,0.0,522,inf,250.0,official_prepanel,small,9.0,0,可交易（DK_s＝0）,未扣成本（成本參考：2.8 折來回約 0.38%、全額約 0.585%）；交易方法狀態未知（全額交割、變更交易方法、停止信用交易的來源未提供）；容量以 s 日 vol20 估計，未模擬開盤競價量與滑價；不可交易，僅觀察,未扣成本·事後欄位以 m_ 標示·非投資建議
HO,5,2024-09-09,2024-09-10,3095,及成,TPEx,W,W_atr14@3,3,471,0.084416,,0,0,1,-2.01,-11.055,-13.568,146.65,,不適用,0.0,1.0,523,inf,250.0,official_prepanel,small,116.0,0,可交易（DK_s＝0）,未扣成本（成本參考：2.8 折來回約 0.38%、全額約 0.585%）；交易方法狀態未知（全額交割、變更交易方法、停止信用交易的來源未提供）；容量以 s 日 vol20 估計，未模擬開盤競價量與滑價；不可交易，僅觀察,未扣成本·事後欄位以 m_ 標示·非投資建議
HO,5,2024-09-09,2024-09-10,6144,得利影,TPEx,W,W_atr14@3,2,471,0.085134,,0,0,1,-4.08,-2.488,21.393,32.45,,不適用,0.0,0.0,523,inf,250.0,official_prepanel,small,10.0,0,可交易（DK_s＝0）,未扣成本（成本參考：2.8 折來回約 0.38%、全額約 0.585%）；交易方法狀態未知（全額交割、變更交易方法、停止信用交易的來源未提供）；容量以 s 日 vol20 估計，未模擬開盤競價量與滑價；不可交易，僅觀察,未扣成本·事後欄位以 m_ 標示·非投資建議
HO,5,2024-09-09,2024-09-10,8291,尚茂,TPEx,W,W_atr14@3,1,471,0.08559,,0,0,1,-10.783,-10.329,-10.329,36.5,,不適用,0.0,0.0,523,inf,250.0,official_prepanel,small,7.0,0,可交易（DK_s＝0）,未扣成本（成本參考：2.8 折來回約 0.38%、全額約 0.585%）；交易方法狀態未知（全額交割、變更交易方法、停止信用交易的來源未提供）；容量以 s 日 vol20 估計，未模擬開盤競價量與滑價；不可交易，僅觀察,未扣成本·事後欄位以 m_ 標示·非投資建議
HO,5,2024-09-10,2024-09-11,3095,及成,TPEx,W,W_atr14@3,2,473,0.084982,,0,0,1,-3.03,-5.704,-6.417,146.55,,不適用,0.0,1.0,524,inf,250.0,official_prepanel,small,180.0,0,可交易（DK_s＝0）,未扣成本（成本參考：2.8 折來回約 0.38%、全額約 0.585%）；交易方法狀態未知（全額交割、變更交易方法、停止信用交易的來源未提供）；容量以 s 日 vol20 估計，未模擬開盤競價量與滑價；不可交易，僅觀察,未扣成本·事後欄位以 m_ 標示·非投資建議
HO,5,2024-09-10,2024-09-11,6144,得利影,TPEx,W,W_atr14@3,3,473,0.080691,,0,0,1,3.932,7.333,22.742,31.0,,不適用,0.0,0.0,524,inf,250.0,official_prepanel,small,20.0,0,可交易（DK_s＝0）,未扣成本（成本參考：2.8 折來回約 0.38%、全額約 0.585%）；交易方法狀態未知（全額交割、變更交易方法、停止信用交易的來源未提供）；容量以 s 日 vol20 估計，未模擬開盤競價量與滑價；不可交易，僅觀察,未扣成本·事後欄位以 m_ 標示·非投資建議
HO,5,2024-09-10,2024-09-11,8291,尚茂,TPEx,W,W_atr14@3,1,473,0.090513,,0,0,1,0.257,1.673,2.96,32.5,,不適用,0.0,0.0,524,inf,250.0,official_prepanel,small,4.0,0,可交易（DK_s＝0）,未扣成本（成本參考：2.8 折來回約 0.38%、全額約 0.585%）；交易方法狀態未知（全額交割、變更交易方法、停止信用交易的來源未提供）；容量以 s 日 vol20 估計，未模擬開盤競價量與滑價；不可交易，僅觀察,未扣成本·事後欄位以 m_ 標示·非投資建議
HO,5,2024-09-11,2024-09-12,3095,及成,TPEx,W,W_atr14@3,1,467,0.088892,,0,0,1,-0.919,-0.184,-2.757,150.25,,不適用,0.0,0.0,525,inf,250.0,official_prepanel,small,91.0,0,可交易（DK_s＝0）,未扣成本（成本參考：2.8 折來回約 0.38%、全額約 0.585%）；交易方法狀態未知（全額交割、變更交易方法、停止信用交易的來源未提供）；容量以 s 日 vol20 估計，未模擬開盤競價量與滑價；不可交易，僅觀察,未扣成本·事後欄位以 m_ 標示·非投資建議
HO,5,2024-09-11,2024-09-12,6144,得利影,TPEx,W,W_atr14@3,3,467,0.077198,,0,0,1,1.227,12.986,18.609,31.85,,不適用,0.0,0.0,525,inf,250.0,official_prepanel,small,17.0,0,可交易（DK_s＝0）,未扣成本（成本參考：2.8 折來回約 0.38%、全額約 0.585%）；交易方法狀態未知（全額交割、變更交易方法、停止信用交易的來源未提供）；容量以 s 日 vol20 估計，未模擬開盤競價量與滑價；不可交易，僅觀察,未扣成本·事後欄位以 m_ 標示·非投資建議
HO,5,2024-09-11,2024-09-12,8291,尚茂,TPEx,W,W_atr14@3,2,467,0.083074,,0,0,1,0.751,0.125,-0.751,28.25,,不適用,0.0,0.0,525,inf,250.0,official_prepanel,small,8.0,0,可交易（DK_s＝0）,未扣成本（成本參考：2.8 折來回約 0.38%、全額約 0.585%）；交易方法狀態未知（全額交割、變更交易方法、停止信用交易的來源未提供）；容量以 s 日 vol20 估計，未模擬開盤競價量與滑價；不可交易，僅觀察,未扣成本·事後欄位以 m_ 標示·非投資建議
HO,5,2024-09-12,2024-09-13,3095,及成,TPEx,W,W_atr14@3,1,481,0.087994,,0,0,1,-2.037,-3.333,1.481,147.45,,不適用,0.0,0.0,526,inf,250.0,official_prepanel,small,82.0,0,可交易（DK_s＝0）,未扣成本（成本參考：2.8 折來回約 0.38%、全額約 0.585%）；交易方法狀態未知（全額交割、變更交易方法、停止信用交易的來源未提供）；容量以 s 日 vol20 估計，未模擬開盤競價量與滑價；不可交易，僅觀察,未扣成本·事後欄位以 m_ 標示·非投資建議
HO,5,2024-09-12,2024-09-13,6144,得利影,TPEx,W,W_atr14@3,3,481,0.071645,,0,0,1,0.102,12.87,15.935,31.85,,不適用,0.0,1.0,526,inf,250.0,official_prepanel,small,2.0,0,可交易（DK_s＝0）,未扣成本（成本參考：2.8 折來回約 0.38%、全額約 0.585%）；交易方法狀態未知（全額交割、變更交易方法、停止信用交易的來源未提供）；容量以 s 日 vol20 估計，未模擬開盤競價量與滑價；不可交易，僅觀察,未扣成本·事後欄位以 m_ 標示·非投資建議
HO,5,2024-09-12,2024-09-13,8291,尚茂,TPEx,W,W_atr14@3,2,481,0.0748,,0,0,1,-1.739,3.975,8.323,25.7,,不適用,0.0,0.0,526,inf,250.0,official_prepanel,small,4.0,0,可交易（DK_s＝0）,未扣成本（成本參考：2.8 折來回約 0.38%、全額約 0.585%）；交易方法狀態未知（全額交割、變更交易方法、停止信用交易的來源未提供）；容量以 s 日 vol20 估計，未模擬開盤競價量與滑價；不可交易，僅觀察,未扣成本·事後欄位以 m_ 標示·非投資建議
HO,5,2024-09-13,2024-09-16,3095,及成,TPEx,W,W_atr14@3,1,482,0.085876,,0,0,1,0.378,-4.159,1.134,144.55,,不適用,0.0,0.0,527,inf,250.0,official_prepanel,small,49.0,0,可交易（DK_s＝0）,未扣成本（成本參考：2.8 折來回約 0.38%、全額約 0.585%）；交易方法狀態未知（全額交割、變更交易方法、停止信用交易的來源未提供）；容量以 s 日 vol20 估計，未模擬開盤競價量與滑價；不可交易，僅觀察,未扣成本·事後欄位以 m_ 標示·非投資建議
HO,5,2024-09-13,2024-09-16,8291,尚茂,TPEx,W,W_atr14@3,2,482,0.069532,,0,0,1,4.636,4.636,7.285,22.85,,不適用,0.0,0.0,527,inf,250.0,official_prepanel,small,5.0,0,可交易（DK_s＝0）,未扣成本（成本參考：2.8 折來回約 0.38%、全額約 0.585%）；交易方法狀態未知（全額交割、變更交易方法、停止信用交易的來源未提供）；容量以 s 日 vol20 估計，未模擬開盤競價量與滑價；不可交易，僅觀察,未扣成本·事後欄位以 m_ 標示·非投資建議
HO,5,2024-09-13,2024-09-16,9949,琉園,TPEx,W,W_atr14@3,3,482,0.068195,,0,0,1,0.398,-0.199,1.594,134.0,,不適用,0.0,0.0,527,inf,250.0,official_prepanel,small,33.0,0,可交易（DK_s＝0）,未扣成本（成本參考：2.8 折來回約 0.38%、全額約 0.585%）；交易方法狀態未知（全額交割、變更交易方法、停止信用交易的來源未提供）；容量以 s 日 vol20 估計，未模擬開盤競價量與滑價；不可交易，僅觀察,未扣成本·事後欄位以 m_ 標示·非投資建議
HO,5,2024-09-16,2024-09-18,3095,及成,TPEx,W,W_atr14@3,1,480,0.080038,,0,0,1,0.762,-1.714,2.286,140.7,,不適用,0.0,0.0,528,inf,250.0,official_prepanel,small,70.0,0,可交易（DK_s＝0）,未扣成本（成本參考：2.8 折來回約 0.38%、全額約 0.585%）；交易方法狀態未知（全額交割、變更交易方法、停止信用交易的來源未提供）；容量以 s 日 vol20 估計，未模擬開盤競價量與滑價；不可交易，僅觀察,未扣成本·事後欄位以 m_ 標示·非投資建議
HO,5,2024-09-16,2024-09-18,8291,尚茂,TPEx,W,W_atr14@3,3,480,0.067631,,0,0,1,3.539,3.539,7.077,20.35,,不適用,0.0,0.0,528,inf,250.0,official_prepanel,small,13.0,0,可交易（DK_s＝0）,未扣成本（成本參考：2.8 折來回約 0.38%、全額約 0.585%）；交易方法狀態未知（全額交割、變更交易方法、停止信用交易的來源未提供）；容量以 s 日 vol20 估計，未模擬開盤競價量與滑價；不可交易，僅觀察,未扣成本·事後欄位以 m_ 標示·非投資建議
HO,5,2024-09-16,2024-09-18,9949,琉園,TPEx,W,W_atr14@3,2,480,0.072421,,0,0,1,1.8,0.4,2.0,134.84,,不適用,0.0,0.0,528,inf,250.0,official_prepanel,small,19.0,0,可交易（DK_s＝0）,未扣成本（成本參考：2.8 折來回約 0.38%、全額約 0.585%）；交易方法狀態未知（全額交割、變更交易方法、停止信用交易的來源未提供）；容量以 s 日 vol20 估計，未模擬開盤競價量與滑價；不可交易，僅觀察,未扣成本·事後欄位以 m_ 標示·非投資建議
HO,5,2024-09-18,2024-09-19,3095,及成,TPEx,W,W_atr14@3,1,485,0.078315,,0,0,1,-1.273,-4.545,-7.091,137.7,,不適用,0.0,0.0,529,inf,250.0,official_prepanel,small,43.0,0,可交易（DK_s＝0）,未扣成本（成本參考：2.8 折來回約 0.38%、全額約 0.585%）；交易方法狀態未知（全額交割、變更交易方法、停止信用交易的來源未提供）；容量以 s 日 vol20 估計，未模擬開盤競價量與滑價；不可交易，僅觀察,未扣成本·事後欄位以 m_ 標示·非投資建議
HO,5,2024-09-18,2024-09-19,4154,樂威科-KY,TPEx,W,W_atr14@3,3,485,0.068018,,0,0,1,2.128,13.564,5.851,,,不適用,0.0,0.0,529,inf,250.0,official_prepanel,small,36.0,0,可交易（DK_s＝0）,未扣成本（成本參考：2.8 折來回約 0.38%、全額約 0.585%）；交易方法狀態未知（全額交割、變更交易方法、停止信用交易的來源未提供）；容量以 s 日 vol20 估計，未模擬開盤競價量與滑價；不可交易，僅觀察,未扣成本·事後欄位以 m_ 標示·非投資建議
HO,5,2024-09-18,2024-09-19,9949,琉園,TPEx,W,W_atr14@3,2,485,0.071008,,0,0,1,-0.76,-5.703,-4.943,134.53,,不適用,0.0,0.0,529,inf,250.0,official_prepanel,small,5.0,0,可交易（DK_s＝0）,未扣成本（成本參考：2.8 折來回約 0.38%、全額約 0.585%）；交易方法狀態未知（全額交割、變更交易方法、停止信用交易的來源未提供）；容量以 s 日 vol20 估計，未模擬開盤競價量與滑價；不可交易，僅觀察,未扣成本·事後欄位以 m_ 標示·非投資建議
HO,5,2024-09-19,2024-09-20,4154,樂威科-KY,TPEx,W,W_atr14@3,2,487,0.064103,,0,0,1,3.958,11.609,5.805,,,不適用,0.0,0.0,530,inf,250.0,official_prepanel,small,16.0,0,可交易（DK_s＝0）,未扣成本（成本參考：2.8 折來回約 0.38%、全額約 0.585%）；交易方法狀態未知（全額交割、變更交易方法、停止信用交易的來源未提供）；容量以 s 日 vol20 估計，未模擬開盤競價量與滑價；不可交易，僅觀察,未扣成本·事後欄位以 m_ 標示·非投資建議
HO,5,2024-09-19,2024-09-20,6890,來億-KY,TWSE,W,W_atr14@3,3,487,0.060967,,0,0,1,-0.251,-5.764,-9.148,1289.1,,不適用,0.0,0.0,69,69.0,69.0,official,large,479.0,0,可交易（DK_s＝0）,未扣成本（成本參考：2.8 折來回約 0.38%、全額約 0.585%）；交易方法狀態未知（全額交割、變更交易方法、停止信用交易的來源未提供）；容量以 s 日 vol20 估計，未模擬開盤競價量與滑價；不可交易，僅觀察,未扣成本·事後欄位以 m_ 標示·非投資建議
HO,5,2024-09-19,2024-09-20,9949,琉園,TPEx,W,W_atr14@3,1,487,0.070197,,0,0,1,-0.575,-2.107,-4.406,134.63,,不適用,0.0,0.0,530,inf,250.0,official_prepanel,small,15.0,0,可交易（DK_s＝0）,未扣成本（成本參考：2.8 折來回約 0.38%、全額約 0.585%）；交易方法狀態未知（全額交割、變更交易方法、停止信用交易的來源未提供）；容量以 s 日 vol20 估計，未模擬開盤競價量與滑價；不可交易，僅觀察,未扣成本·事後欄位以 m_ 標示·非投資建議
HO,5,2024-09-20,2024-09-23,4154,樂威科-KY,TPEx,W,W_atr14@3,3,490,0.060732,,0,0,1,1.523,4.569,-0.761,,,不適用,0.0,0.0,531,inf,250.0,official_prepanel,small,42.0,0,可交易（DK_s＝0）,未扣成本（成本參考：2.8 折來回約 0.38%、全額約 0.585%）；交易方法狀態未知（全額交割、變更交易方法、停止信用交易的來源未提供）；容量以 s 日 vol20 估計，未模擬開盤競價量與滑價；不可交易，僅觀察,未扣成本·事後欄位以 m_ 標示·非投資建議
HO,5,2024-09-20,2024-09-23,4569,六方科-KY,TWSE,W,W_atr14@3,2,490,0.062049,,0,0,1,-0.808,6.667,-1.414,240.6,,不適用,1.0,2.0,280,280.0,250.0,official,mid,54.0,1,處置中・交易規則另案登錄（DK_s＝1）,未扣成本（成本參考：2.8 折來回約 0.38%、全額約 0.585%）；交易方法狀態未知（全額交割、變更交易方法、停止信用交易的來源未提供）；容量以 s 日 vol20 估計，未模擬開盤競價量與滑價；不可交易，僅觀察,未扣成本·事後欄位以 m_ 標示·非投資建議
HO,5,2024-09-20,2024-09-23,9949,琉園,TPEx,W,W_atr14@3,1,490,0.07074,,0,0,1,-0.988,-0.198,-0.198,133.74,,不適用,0.0,0.0,531,inf,250.0,official_prepanel,small,36.0,0,可交易（DK_s＝0）,未扣成本（成本參考：2.8 折來回約 0.38%、全額約 0.585%）；交易方法狀態未知（全額交割、變更交易方法、停止信用交易的來源未提供）；容量以 s 日 vol20 估計，未模擬開盤競價量與滑價；不可交易，僅觀察,未扣成本·事後欄位以 m_ 標示·非投資建議
HO,5,2024-09-23,2024-09-24,4950,金耘國際,TPEx,W,W_atr14@3,2,481,0.072488,,0,0,1,0.358,-4.659,-3.584,,,不適用,1.0,5.0,532,inf,250.0,official_prepanel,small,261.0,1,處置中・交易規則另案登錄（DK_s＝1）,未扣成本（成本參考：2.8 折來回約 0.38%、全額約 0.585%）；交易方法狀態未知（全額交割、變更交易方法、停止信用交易的來源未提供）；容量以 s 日 vol20 估計，未模擬開盤競價量與滑價；不可交易，僅觀察,未扣成本·事後欄位以 m_ 標示·非投資建議
HO,5,2024-09-23,2024-09-24,6739,竹陞科技,TPEx,W,W_atr14@3,1,481,0.092751,,0,0,1,-4.975,-13.682,-7.96,1033.0,,不適用,0.0,0.0,15,15.0,15.0,official,small,601.0,0,可交易（DK_s＝0）,未扣成本（成本參考：2.8 折來回約 0.38%、全額約 0.585%）；交易方法狀態未知（全額交割、變更交易方法、停止信用交易的來源未提供）；容量以 s 日 vol20 估計，未模擬開盤競價量與滑價；不可交易，僅觀察,未扣成本·事後欄位以 m_ 標示·非投資建議
HO,5,2024-09-23,2024-09-24,9949,琉園,TPEx,W,W_atr14@3,3,481,0.069575,,0,0,1,-0.397,1.19,-1.389,131.74,,不適用,0.0,0.0,532,inf,250.0,official_prepanel,small,32.0,0,可交易（DK_s＝0）,未扣成本（成本參考：2.8 折來回約 0.38%、全額約 0.585%）；交易方法狀態未知（全額交割、變更交易方法、停止信用交易的來源未提供）；容量以 s 日 vol20 估計，未模擬開盤競價量與滑價；不可交易，僅觀察,未扣成本·事後欄位以 m_ 標示·非投資建議
HO,5,2024-09-24,2024-09-25,4569,六方科-KY,TWSE,W,W_atr14@3,3,476,0.062718,,0,0,1,-4.762,1.19,-8.135,247.65,,不適用,1.0,0.0,282,282.0,250.0,official,mid,90.0,1,處置中・交易規則另案登錄（DK_s＝1）,未扣成本（成本參考：2.8 折來回約 0.38%、全額約 0.585%）；交易方法狀態未知（全額交割、變更交易方法、停止信用交易的來源未提供）；容量以 s 日 vol20 估計，未模擬開盤競價量與滑價；不可交易，僅觀察,未扣成本·事後欄位以 m_ 標示·非投資建議
HO,5,2024-09-24,2024-09-25,4950,金耘國際,TPEx,W,W_atr14@3,2,476,0.067198,,0,0,1,-1.761,-9.507,-10.211,,,不適用,1.0,4.0,533,inf,250.0,official_prepanel,small,254.0,1,處置中・交易規則另案登錄（DK_s＝1）,未扣成本（成本參考：2.8 折來回約 0.38%、全額約 0.585%）；交易方法狀態未知（全額交割、變更交易方法、停止信用交易的來源未提供）；容量以 s 日 vol20 估計，未模擬開盤競價量與滑價；不可交易，僅觀察,未扣成本·事後欄位以 m_ 標示·非投資建議
HO,5,2024-09-24,2024-09-25,6739,竹陞科技,TPEx,W,W_atr14@3,1,476,0.091249,,0,0,1,-2.577,-10.567,-2.062,1006.0,,不適用,0.0,0.0,16,16.0,16.0,official,small,464.0,0,可交易（DK_s＝0）,未扣成本（成本參考：2.8 折來回約 0.38%、全額約 0.585%）；交易方法狀態未知（全額交割、變更交易方法、停止信用交易的來源未提供）；容量以 s 日 vol20 估計，未模擬開盤競價量與滑價；不可交易，僅觀察,未扣成本·事後欄位以 m_ 標示·非投資建議
HO,5,2024-09-25,2024-09-26,4950,金耘國際,TPEx,W,W_atr14@3,2,483,0.064158,,0,0,1,-1.413,-14.488,-3.887,,,不適用,1.0,3.0,534,inf,250.0,official_prepanel,small,251.0,1,處置中・交易規則另案登錄（DK_s＝1）,未扣成本（成本參考：2.8 折來回約 0.38%、全額約 0.585%）；交易方法狀態未知（全額交割、變更交易方法、停止信用交易的來源未提供）；容量以 s 日 vol20 估計，未模擬開盤競價量與滑價；不可交易，僅觀察,未扣成本·事後欄位以 m_ 標示·非投資建議
HO,5,2024-09-25,2024-09-26,6144,得利影,TPEx,W,W_atr14@3,3,483,0.05906,,0,0,1,0.87,-2.609,3.043,83.95,,不適用,1.0,4.0,534,inf,250.0,official_prepanel,small,152.0,1,處置中・交易規則另案登錄（DK_s＝1）,未扣成本（成本參考：2.8 折來回約 0.38%、全額約 0.585%）；交易方法狀態未知（全額交割、變更交易方法、停止信用交易的來源未提供）；容量以 s 日 vol20 估計，未模擬開盤競價量與滑價；不可交易，僅觀察,未扣成本·事後欄位以 m_ 標示·非投資建議
HO,5,2024-09-25,2024-09-26,6739,竹陞科技,TPEx,W,W_atr14@3,1,483,0.08768,,0,0,1,0.0,-13.158,-0.526,974.12,,不適用,0.0,0.0,17,17.0,17.0,official,small,379.0,0,可交易（DK_s＝0）,未扣成本（成本參考：2.8 折來回約 0.38%、全額約 0.585%）；交易方法狀態未知（全額交割、變更交易方法、停止信用交易的來源未提供）；容量以 s 日 vol20 估計，未模擬開盤競價量與滑價；不可交易，僅觀察,未扣成本·事後欄位以 m_ 標示·非投資建議
HO,5,2024-09-26,2024-09-27,4950,金耘國際,TPEx,W,W_atr14@3,2,482,0.065438,,0,0,1,0.0,-4.659,-6.81,880.13,,不適用,1.0,2.0,535,inf,250.0,official_prepanel,small,294.0,1,處置中・交易規則另案登錄（DK_s＝1）,未扣成本（成本參考：2.8 折來回約 0.38%、全額約 0.585%）；交易方法狀態未知（全額交割、變更交易方法、停止信用交易的來源未提供）；容量以 s 日 vol20 估計，未模擬開盤競價量與滑價；不可交易，僅觀察,未扣成本·事後欄位以 m_ 標示·非投資建議
HO,5,2024-09-26,2024-09-27,5345,馥鴻,TPEx,W,W_atr14@3,3,482,0.062468,,0,0,1,1.465,-1.282,-0.549,31.65,,不適用,0.0,0.0,535,inf,250.0,official_prepanel,small,19.0,0,可交易（DK_s＝0）,未扣成本（成本參考：2.8 折來回約 0.38%、全額約 0.585%）；交易方法狀態未知（全額交割、變更交易方法、停止信用交易的來源未提供）；容量以 s 日 vol20 估計，未模擬開盤競價量與滑價；不可交易，僅觀察,未扣成本·事後欄位以 m_ 標示·非投資建議
HO,5,2024-09-26,2024-09-27,6739,竹陞科技,TPEx,W,W_atr14@3,1,482,0.083271,,0,0,1,-2.326,-6.202,-5.685,941.06,,不適用,0.0,0.0,18,18.0,18.0,official,small,409.0,0,可交易（DK_s＝0）,未扣成本（成本參考：2.8 折來回約 0.38%、全額約 0.585%）；交易方法狀態未知（全額交割、變更交易方法、停止信用交易的來源未提供）；容量以 s 日 vol20 估計，未模擬開盤競價量與滑價；不可交易，僅觀察,未扣成本·事後欄位以 m_ 標示·非投資建議
HO,5,2024-09-27,2024-09-30,4154,樂威科-KY,TPEx,W,W_atr14@3,2,471,0.066748,,0,0,1,-0.499,-2.494,-6.484,109.89,,不適用,0.0,0.0,536,inf,250.0,official_prepanel,small,93.0,0,可交易（DK_s＝0）,未扣成本（成本參考：2.8 折來回約 0.38%、全額約 0.585%）；交易方法狀態未知（全額交割、變更交易方法、停止信用交易的來源未提供）；容量以 s 日 vol20 估計，未模擬開盤競價量與滑價；不可交易，僅觀察,未扣成本·事後欄位以 m_ 標示·非投資建議
HO,5,2024-09-27,2024-09-30,5345,馥鴻,TPEx,W,W_atr14@3,3,471,0.062145,,0,0,1,-4.577,-2.817,-2.817,31.1,,不適用,0.0,0.0,536,inf,250.0,official_prepanel,small,10.0,0,可交易（DK_s＝0）,未扣成本（成本參考：2.8 折來回約 0.38%、全額約 0.585%）；交易方法狀態未知（全額交割、變更交易方法、停止信用交易的來源未提供）；容量以 s 日 vol20 估計，未模擬開盤競價量與滑價；不可交易，僅觀察,未扣成本·事後欄位以 m_ 標示·非投資建議
HO,5,2024-09-27,2024-09-30,6739,竹陞科技,TPEx,W,W_atr14@3,1,471,0.08031,,0,0,1,-6.971,3.217,-1.34,913.05,,不適用,0.0,0.0,19,19.0,19.0,official,small,562.0,0,可交易（DK_s＝0）,未扣成本（成本參考：2.8 折來回約 0.38%、全額約 0.585%）；交易方法狀態未知（全額交割、變更交易方法、停止信用交易的來源未提供）；容量以 s 日 vol20 估計，未模擬開盤競價量與滑價；不可交易，僅觀察,未扣成本·事後欄位以 m_ 標示·非投資建議
HO,5,2024-09-30,2024-10-01,4154,樂威科-KY,TPEx,W,W_atr14@3,2,468,0.068743,,0,0,1,-1.493,-7.711,-7.463,109.05,,不適用,0.0,0.0,537,inf,250.0,official_prepanel,small,13.0,0,可交易（DK_s＝0）,未扣成本（成本參考：2.8 折來回約 0.38%、全額約 0.585%）；交易方法狀態未知（全額交割、變更交易方法、停止信用交易的來源未提供）；容量以 s 日 vol20 估計，未模擬開盤競價量與滑價；不可交易，僅觀察,未扣成本·事後欄位以 m_ 標示·非投資建議
HO,5,2024-09-30,2024-10-01,4950,金耘國際,TPEx,W,W_atr14@3,3,468,0.064178,,0,0,1,-1.154,3.462,0.0,801.53,,不適用,1.0,0.0,537,inf,250.0,official_prepanel,small,165.0,1,處置中・交易規則另案登錄（DK_s＝1）,未扣成本（成本參考：2.8 折來回約 0.38%、全額約 0.585%）；交易方法狀態未知（全額交割、變更交易方法、停止信用交易的來源未提供）；容量以 s 日 vol20 估計，未模擬開盤競價量與滑價；不可交易，僅觀察,未扣成本·事後欄位以 m_ 標示·非投資建議
HO,5,2024-09-30,2024-10-01,6739,竹陞科技,TPEx,W,W_atr14@3,1,468,0.080897,,0,0,1,-0.857,5.714,2.0,895.5,,不適用,0.0,0.0,20,20.0,20.0,official,small,231.0,0,可交易（DK_s＝0）,未扣成本（成本參考：2.8 折來回約 0.38%、全額約 0.585%）；交易方法狀態未知（全額交割、變更交易方法、停止信用交易的來源未提供）；容量以 s 日 vol20 估計，未模擬開盤競價量與滑價；不可交易，僅觀察,未扣成本·事後欄位以 m_ 標示·非投資建議
HO,6,2024-10-01,2024-10-04,4154,樂威科-KY,TPEx,W,W_atr14@3,2,469,0.066739,,0,0,1,0.0,-9.045,-6.281,90.75,,不適用,0.0,0.0,538,inf,250.0,official_prepanel,small,3.0,0,可交易（DK_s＝0）,未扣成本（成本參考：2.8 折來回約 0.38%、全額約 0.585%）；交易方法狀態未知（全額交割、變更交易方法、停止信用交易的來源未提供）；容量以 s 日 vol20 估計，未模擬開盤競價量與滑價；不可交易，僅觀察,未扣成本·事後欄位以 m_ 標示·非投資建議
HO,6,2024-10-01,2024-10-04,4950,金耘國際,TPEx,W,W_atr14@3,3,469,0.064036,,0,0,1,-5.469,-0.391,1.562,766.17,,不適用,1.0,0.0,538,inf,250.0,official_prepanel,small,233.0,0,處置中・交易規則另案登錄（DK_s＝1）,未扣成本（成本參考：2.8 折來回約 0.38%、全額約 0.585%）；交易方法狀態未知（全額交割、變更交易方法、停止信用交易的來源未提供）；容量以 s 日 vol20 估計，未模擬開盤競價量與滑價；不可交易，僅觀察,未扣成本·事後欄位以 m_ 標示·非投資建議
HO,6,2024-10-01,2024-10-04,6739,竹陞科技,TPEx,W,W_atr14@3,1,469,0.075134,,0,0,1,-4.899,9.51,5.764,816.0,,不適用,0.0,0.0,21,21.0,21.0,official,small,342.0,0,可交易（DK_s＝0）,未扣成本（成本參考：2.8 折來回約 0.38%、全額約 0.585%）；交易方法狀態未知（全額交割、變更交易方法、停止信用交易的來源未提供）；容量以 s 日 vol20 估計，未模擬開盤競價量與滑價；不可交易，僅觀察,未扣成本·事後欄位以 m_ 標示·非投資建議
HO,6,2024-10-04,2024-10-07,4950,金耘國際,TPEx,W,W_atr14@3,2,467,0.066706,,0,0,1,12.712,15.254,7.627,738.11,,不適用,0.0,0.0,539,inf,250.0,official_prepanel,small,471.0,0,可交易（DK_s＝0）,未扣成本（成本參考：2.8 折來回約 0.38%、全額約 0.585%）；交易方法狀態未知（全額交割、變更交易方法、停止信用交易的來源未提供）；容量以 s 日 vol20 估計，未模擬開盤競價量與滑價；不可交易，僅觀察,未扣成本·事後欄位以 m_ 標示·非投資建議
HO,6,2024-10-04,2024-10-07,6593,台灣銘板,TPEx,W,W_atr14@3,3,467,0.062534,,0,0,1,-0.382,-7.643,-5.732,281.05,,不適用,0.0,0.0,539,inf,250.0,official_prepanel,small,141.0,0,可交易（DK_s＝0）,未扣成本（成本參考：2.8 折來回約 0.38%、全額約 0.585%）；交易方法狀態未知（全額交割、變更交易方法、停止信用交易的來源未提供）；容量以 s 日 vol20 估計，未模擬開盤競價量與滑價；不可交易，僅觀察,未扣成本·事後欄位以 m_ 標示·非投資建議
HO,6,2024-10-04,2024-10-07,6739,竹陞科技,TPEx,W,W_atr14@3,1,467,0.078355,,0,0,1,2.542,6.78,7.345,768.4,,不適用,0.0,0.0,22,22.0,22.0,official,small,247.0,0,可交易（DK_s＝0）,未扣成本（成本參考：2.8 折來回約 0.38%、全額約 0.585%）；交易方法狀態未知（全額交割、變更交易方法、停止信用交易的來源未提供）；容量以 s 日 vol20 估計，未模擬開盤競價量與滑價；不可交易，僅觀察,未扣成本·事後欄位以 m_ 標示·非投資建議
HO,6,2024-10-07,2024-10-08,4154,樂威科-KY,TPEx,W,W_atr14@3,1,483,0.064482,,0,0,1,-0.255,-3.316,-4.847,77.9,,不適用,0.0,0.0,540,inf,250.0,official_prepanel,small,6.0,0,可交易（DK_s＝0）,未扣成本（成本參考：2.8 折來回約 0.38%、全額約 0.585%）；交易方法狀態未知（全額交割、變更交易方法、停止信用交易的來源未提供）；容量以 s 日 vol20 估計，未模擬開盤競價量與滑價；不可交易，僅觀察,未扣成本·事後欄位以 m_ 標示·非投資建議
HO,6,2024-10-07,2024-10-08,6593,台灣銘板,TPEx,W,W_atr14@3,2,483,0.06202,,0,0,1,-2.587,-6.598,5.304,282.1,,不適用,0.0,0.0,540,inf,250.0,official_prepanel,small,135.0,0,可交易（DK_s＝0）,未扣成本（成本參考：2.8 折來回約 0.38%、全額約 0.585%）；交易方法狀態未知（全額交割、變更交易方法、停止信用交易的來源未提供）；容量以 s 日 vol20 估計，未模擬開盤競價量與滑價；不可交易，僅觀察,未扣成本·事後欄位以 m_ 標示·非投資建議
HO,6,2024-10-07,2024-10-08,8921,沈氏,TPEx,W,W_atr14@3,3,483,0.060989,,0,0,1,0.385,-24.038,-17.308,38.9,,不適用,0.0,1.0,540,inf,250.0,official_prepanel,small,26.0,0,可交易（DK_s＝0）,未扣成本（成本參考：2.8 折來回約 0.38%、全額約 0.585%）；交易方法狀態未知（全額交割、變更交易方法、停止信用交易的來源未提供）；容量以 s 日 vol20 估計，未模擬開盤競價量與滑價；不可交易，僅觀察,未扣成本·事後欄位以 m_ 標示·非投資建議
HO,6,2024-10-08,2024-10-09,6593,台灣銘板,TPEx,W,W_atr14@3,3,485,0.066022,,0,0,1,-2.116,-3.571,5.291,282.85,,不適用,0.0,0.0,541,inf,250.0,official_prepanel,small,108.0,0,可交易（DK_s＝0）,未扣成本（成本參考：2.8 折來回約 0.38%、全額約 0.585%）；交易方法狀態未知（全額交割、變更交易方法、停止信用交易的來源未提供）；容量以 s 日 vol20 估計，未模擬開盤競價量與滑價；不可交易，僅觀察,未扣成本·事後欄位以 m_ 標示·非投資建議
HO,6,2024-10-08,2024-10-09,6739,竹陞科技,TPEx,W,W_atr14@3,1,485,0.066234,,0,0,1,-5.852,-6.361,-2.799,775.6,,不適用,0.0,0.0,24,24.0,24.0,official,small,979.0,0,可交易（DK_s＝0）,未扣成本（成本參考：2.8 折來回約 0.38%、全額約 0.585%）；交易方法狀態未知（全額交割、變更交易方法、停止信用交易的來源未提供）；容量以 s 日 vol20 估計，未模擬開盤競價量與滑價；不可交易，僅觀察,未扣成本·事後欄位以 m_ 標示·非投資建議
HO,6,2024-10-08,2024-10-09,8921,沈氏,TPEx,W,W_atr14@3,2,485,0.066092,,0,0,1,-6.561,-21.272,-13.121,37.9,,不適用,0.0,1.0,541,inf,250.0,official_prepanel,small,52.0,0,可交易（DK_s＝0）,未扣成本（成本參考：2.8 折來回約 0.38%、全額約 0.585%）；交易方法狀態未知（全額交割、變更交易方法、停止信用交易的來源未提供）；容量以 s 日 vol20 估計，未模擬開盤競價量與滑價；不可交易，僅觀察,未扣成本·事後欄位以 m_ 標示·非投資建議
HO,6,2024-10-09,2024-10-11,4154,樂威科-KY,TPEx,W,W_atr14@3,3,485,0.067,,0,0,1,-2.162,0.541,4.595,75.2,,不適用,0.0,0.0,542,inf,250.0,official_prepanel,small,23.0,0,可交易（DK_s＝0）,未扣成本（成本參考：2.8 折來回約 0.38%、全額約 0.585%）；交易方法狀態未知（全額交割、變更交易方法、停止信用交易的來源未提供）；容量以 s 日 vol20 估計，未模擬開盤競價量與滑價；不可交易，僅觀察,未扣成本·事後欄位以 m_ 標示·非投資建議
HO,6,2024-10-09,2024-10-11,6593,台灣銘板,TPEx,W,W_atr14@3,2,485,0.068629,,0,0,1,-3.347,3.347,9.639,283.15,,不適用,0.0,0.0,542,inf,250.0,official_prepanel,small,99.0,0,可交易（DK_s＝0）,未扣成本（成本參考：2.8 折來回約 0.38%、全額約 0.585%）；交易方法狀態未知（全額交割、變更交易方法、停止信用交易的來源未提供）；容量以 s 日 vol20 估計，未模擬開盤競價量與滑價；不可交易，僅觀察,未扣成本·事後欄位以 m_ 標示·非投資建議
HO,6,2024-10-09,2024-10-11,8921,沈氏,TPEx,W,W_atr14@3,1,485,0.080699,,0,0,1,-7.237,-11.623,-1.754,37.65,,不適用,0.0,0.0,542,inf,250.0,official_prepanel,small,76.0,0,可交易（DK_s＝0）,未扣成本（成本參考：2.8 折來回約 0.38%、全額約 0.585%）；交易方法狀態未知（全額交割、變更交易方法、停止信用交易的來源未提供）；容量以 s 日 vol20 估計，未模擬開盤競價量與滑價；不可交易，僅觀察,未扣成本·事後欄位以 m_ 標示·非投資建議
HO,6,2024-10-11,2024-10-14,4154,樂威科-KY,TPEx,W,W_atr14@3,3,482,0.067482,,0,0,1,0.536,0.0,1.877,75.6,,不適用,0.0,0.0,543,inf,250.0,official_prepanel,small,32.0,0,可交易（DK_s＝0）,未扣成本（成本參考：2.8 折來回約 0.38%、全額約 0.585%）；交易方法狀態未知（全額交割、變更交易方法、停止信用交易的來源未提供）；容量以 s 日 vol20 估計，未模擬開盤競價量與滑價；不可交易，僅觀察,未扣成本·事後欄位以 m_ 標示·非投資建議
HO,6,2024-10-11,2024-10-14,6593,台灣銘板,TPEx,W,W_atr14@3,2,482,0.073704,,0,0,1,-0.412,1.786,9.615,284.65,,不適用,0.0,0.0,543,inf,250.0,official_prepanel,small,89.0,0,可交易（DK_s＝0）,未扣成本（成本參考：2.8 折來回約 0.38%、全額約 0.585%）；交易方法狀態未知（全額交割、變更交易方法、停止信用交易的來源未提供）；容量以 s 日 vol20 估計，未模擬開盤競價量與滑價；不可交易，僅觀察,未扣成本·事後欄位以 m_ 標示·非投資建議
HO,6,2024-10-11,2024-10-14,8921,沈氏,TPEx,W,W_atr14@3,1,482,0.097602,,0,0,1,-5.437,0.0,6.856,40.65,,不適用,0.0,0.0,543,inf,250.0,official_prepanel,small,70.0,0,可交易（DK_s＝0）,未扣成本（成本參考：2.8 折來回約 0.38%、全額約 0.585%）；交易方法狀態未知（全額交割、變更交易方法、停止信用交易的來源未提供）；容量以 s 日 vol20 估計，未模擬開盤競價量與滑價；不可交易，僅觀察,未扣成本·事後欄位以 m_ 標示·非投資建議
HO,6,2024-10-14,2024-10-15,5543,桓鼎-KY,TPEx,W,W_atr14@3,2,474,0.081298,,0,0,1,-5.386,13.349,-3.747,21.55,,不適用,0.0,2.0,544,inf,250.0,official_prepanel,small,106.0,1,可交易（DK_s＝0）,未扣成本（成本參考：2.8 折來回約 0.38%、全額約 0.585%）；交易方法狀態未知（全額交割、變更交易方法、停止信用交易的來源未提供）；容量以 s 日 vol20 估計，未模擬開盤競價量與滑價；不可交易，僅觀察,未扣成本·事後欄位以 m_ 標示·非投資建議
HO,6,2024-10-14,2024-10-15,6593,台灣銘板,TPEx,W,W_atr14@3,3,474,0.072808,,0,0,1,-2.826,-0.404,5.518,283.2,,不適用,0.0,0.0,544,inf,250.0,official_prepanel,small,132.0,0,可交易（DK_s＝0）,未扣成本（成本參考：2.8 折來回約 0.38%、全額約 0.585%）；交易方法狀態未知（全額交割、變更交易方法、停止信用交易的來源未提供）；容量以 s 日 vol20 估計，未模擬開盤競價量與滑價；不可交易，僅觀察,未扣成本·事後欄位以 m_ 標示·非投資建議
HO,6,2024-10-14,2024-10-15,8921,沈氏,TPEx,W,W_atr14@3,1,474,0.105714,,0,0,1,-3.423,4.401,10.024,41.15,,不適用,0.0,0.0,544,inf,250.0,official_prepanel,small,120.0,0,可交易（DK_s＝0）,未扣成本（成本參考：2.8 折來回約 0.38%、全額約 0.585%）；交易方法狀態未知（全額交割、變更交易方法、停止信用交易的來源未提供）；容量以 s 日 vol20 估計，未模擬開盤競價量與滑價；不可交易，僅觀察,未扣成本·事後欄位以 m_ 標示·非投資建議
HO,6,2024-10-15,2024-10-16,1256,鮮活果汁-KY,TWSE,W,W_atr14@3,3,478,0.0698,,0,0,1,0.332,2.326,-2.658,139.55,,不適用,0.0,0.0,545,inf,250.0,official_prepanel,small,67.0,0,可交易（DK_s＝0）,未扣成本（成本參考：2.8 折來回約 0.38%、全額約 0.585%）；交易方法狀態未知（全額交割、變更交易方法、停止信用交易的來源未提供）；容量以 s 日 vol20 估計，未模擬開盤競價量與滑價；不可交易，僅觀察,未扣成本·事後欄位以 m_ 標示·非投資建議
HO,6,2024-10-15,2024-10-16,5543,桓鼎-KY,TPEx,W,W_atr14@3,2,478,0.086987,,0,0,1,2.785,23.797,3.797,26.5,,不適用,1.0,3.0,545,inf,250.0,official_prepanel,small,53.0,1,處置中・交易規則另案登錄（DK_s＝1）,未扣成本（成本參考：2.8 折來回約 0.38%、全額約 0.585%）；交易方法狀態未知（全額交割、變更交易方法、停止信用交易的來源未提供）；容量以 s 日 vol20 估計，未模擬開盤競價量與滑價；不可交易，僅觀察,未扣成本·事後欄位以 m_ 標示·非投資建議
HO,6,2024-10-15,2024-10-16,8921,沈氏,TPEx,W,W_atr14@3,1,478,0.107776,,0,0,1,3.665,12.565,,46.75,,不適用,0.0,1.0,545,inf,250.0,official_prepanel,small,36.0,0,可交易（DK_s＝0）,未扣成本（成本參考：2.8 折來回約 0.38%、全額約 0.585%）；交易方法狀態未知（全額交割、變更交易方法、停止信用交易的來源未提供）；容量以 s 日 vol20 估計，未模擬開盤競價量與滑價；不可交易，僅觀察,未扣成本·事後欄位以 m_ 標示·非投資建議
HO,6,2024-10-16,2024-10-17,1256,鮮活果汁-KY,TWSE,W,W_atr14@3,3,470,0.071902,,0,0,1,0.66,3.96,-6.931,139.3,,不適用,0.0,0.0,546,inf,250.0,official_prepanel,small,30.0,0,可交易（DK_s＝0）,未扣成本（成本參考：2.8 折來回約 0.38%、全額約 0.585%）；交易方法狀態未知（全額交割、變更交易方法、停止信用交易的來源未提供）；容量以 s 日 vol20 估計，未模擬開盤競價量與滑價；不可交易，僅觀察,未扣成本·事後欄位以 m_ 標示·非投資建議
HO,6,2024-10-16,2024-10-17,5543,桓鼎-KY,TPEx,W,W_atr14@3,2,470,0.083216,,0,0,1,8.78,11.951,-2.439,27.6,,不適用,1.0,4.0,546,inf,250.0,official_prepanel,small,33.0,1,處置中・交易規則另案登錄（DK_s＝1）,未扣成本（成本參考：2.8 折來回約 0.38%、全額約 0.585%）；交易方法狀態未知（全額交割、變更交易方法、停止信用交易的來源未提供）；容量以 s 日 vol20 估計，未模擬開盤競價量與滑價；不可交易，僅觀察,未扣成本·事後欄位以 m_ 標示·非投資建議
HO,6,2024-10-16,2024-10-17,8921,沈氏,TPEx,W,W_atr14@3,1,470,0.106421,,0,0,1,2.025,10.633,17.975,47.4,,不適用,0.0,2.0,546,inf,250.0,official_prepanel,small,23.0,0,可交易（DK_s＝0）,未扣成本（成本參考：2.8 折來回約 0.38%、全額約 0.585%）；交易方法狀態未知（全額交割、變更交易方法、停止信用交易的來源未提供）；容量以 s 日 vol20 估計，未模擬開盤競價量與滑價；不可交易，僅觀察,未扣成本·事後欄位以 m_ 標示·非投資建議
HO,6,2024-10-17,2024-10-18,1256,鮮活果汁-KY,TWSE,W,W_atr14@3,2,470,0.071897,,0,0,1,0.0,0.328,-7.541,135.95,,不適用,0.0,0.0,547,inf,250.0,official_prepanel,small,33.0,0,可交易（DK_s＝0）,未扣成本（成本參考：2.8 折來回約 0.38%、全額約 0.585%）；交易方法狀態未知（全額交割、變更交易方法、停止信用交易的來源未提供）；容量以 s 日 vol20 估計，未模擬開盤競價量與滑價；不可交易，僅觀察,未扣成本·事後欄位以 m_ 標示·非投資建議
HO,6,2024-10-17,2024-10-18,6739,竹陞科技,TPEx,W,W_atr14@3,3,470,0.064226,,0,0,1,1.944,2.222,0.278,632.65,,不適用,0.0,0.0,30,30.0,30.0,official,small,329.0,0,可交易（DK_s＝0）,未扣成本（成本參考：2.8 折來回約 0.38%、全額約 0.585%）；交易方法狀態未知（全額交割、變更交易方法、停止信用交易的來源未提供）；容量以 s 日 vol20 估計，未模擬開盤競價量與滑價；不可交易，僅觀察,未扣成本·事後欄位以 m_ 標示·非投資建議
HO,6,2024-10-17,2024-10-18,8921,沈氏,TPEx,W,W_atr14@3,1,470,0.099256,,0,0,1,5.224,11.443,16.169,48.15,,不適用,0.0,2.0,547,inf,250.0,official_prepanel,small,40.0,0,可交易（DK_s＝0）,未扣成本（成本參考：2.8 折來回約 0.38%、全額約 0.585%）；交易方法狀態未知（全額交割、變更交易方法、停止信用交易的來源未提供）；容量以 s 日 vol20 估計，未模擬開盤競價量與滑價；不可交易，僅觀察,未扣成本·事後欄位以 m_ 標示·非投資建議
HO,6,2024-10-18,2024-10-21,5543,桓鼎-KY,TPEx,W,W_atr14@3,2,481,0.086201,,0,0,1,8.036,-8.482,5.357,34.8,,不適用,1.0,4.0,548,inf,250.0,official_prepanel,small,58.0,1,處置中・交易規則另案登錄（DK_s＝1）,未扣成本（成本參考：2.8 折來回約 0.38%、全額約 0.585%）；交易方法狀態未知（全額交割、變更交易方法、停止信用交易的來源未提供）；容量以 s 日 vol20 估計，未模擬開盤競價量與滑價；不可交易，僅觀察,未扣成本·事後欄位以 m_ 標示·非投資建議
HO,6,2024-10-18,2024-10-21,6967,汎瑋材料,TPEx,W,W_atr14@3,3,481,0.065457,,0,0,1,3.328,0.998,-8.153,414.4,,不適用,0.0,0.0,15,15.0,15.0,official,small,55.0,0,可交易（DK_s＝0）,未扣成本（成本參考：2.8 折來回約 0.38%、全額約 0.585%）；交易方法狀態未知（全額交割、變更交易方法、停止信用交易的來源未提供）；容量以 s 日 vol20 估計，未模擬開盤競價量與滑價；不可交易，僅觀察,未扣成本·事後欄位以 m_ 標示·非投資建議
HO,6,2024-10-18,2024-10-21,8921,沈氏,TPEx,W,W_atr14@3,1,481,0.091861,,0,0,1,0.946,6.856,12.766,50.1,,不適用,0.0,2.0,548,inf,250.0,official_prepanel,small,25.0,0,可交易（DK_s＝0）,未扣成本（成本參考：2.8 折來回約 0.38%、全額約 0.585%）；交易方法狀態未知（全額交割、變更交易方法、停止信用交易的來源未提供）；容量以 s 日 vol20 估計，未模擬開盤競價量與滑價；不可交易，僅觀察,未扣成本·事後欄位以 m_ 標示·非投資建議
HO,6,2024-10-21,2024-10-22,4946,辣椒,TPEx,W,W_atr14@3,2,474,0.06164,,0,0,1,-3.162,-5.138,-3.03,,,不適用,0.0,0.0,549,inf,250.0,official_prepanel,small,18.0,0,可交易（DK_s＝0）,未扣成本（成本參考：2.8 折來回約 0.38%、全額約 0.585%）；交易方法狀態未知（全額交割、變更交易方法、停止信用交易的來源未提供）；容量以 s 日 vol20 估計，未模擬開盤競價量與滑價；不可交易，僅觀察,未扣成本·事後欄位以 m_ 標示·非投資建議
HO,6,2024-10-21,2024-10-22,6739,竹陞科技,TPEx,W,W_atr14@3,3,474,0.060714,,0,0,1,-1.554,-7.513,-1.813,585.55,,不適用,0.0,0.0,32,32.0,32.0,official,small,209.0,0,可交易（DK_s＝0）,未扣成本（成本參考：2.8 折來回約 0.38%、全額約 0.585%）；交易方法狀態未知（全額交割、變更交易方法、停止信用交易的來源未提供）；容量以 s 日 vol20 估計，未模擬開盤競價量與滑價；不可交易，僅觀察,未扣成本·事後欄位以 m_ 標示·非投資建議
HO,6,2024-10-21,2024-10-22,8921,沈氏,TPEx,W,W_atr14@3,1,474,0.085647,,0,0,1,0.0,4.651,10.233,51.3,,不適用,0.0,2.0,549,inf,250.0,official_prepanel,small,16.0,0,可交易（DK_s＝0）,未扣成本（成本參考：2.8 折來回約 0.38%、全額約 0.585%）；交易方法狀態未知（全額交割、變更交易方法、停止信用交易的來源未提供）；容量以 s 日 vol20 估計，未模擬開盤競價量與滑價；不可交易，僅觀察,未扣成本·事後欄位以 m_ 標示·非投資建議
HO,6,2024-10-22,2024-10-23,4946,辣椒,TPEx,W,W_atr14@3,3,473,0.063265,,0,0,1,-2.237,4.211,-2.632,,,不適用,0.0,0.0,550,inf,250.0,official_prepanel,small,9.0,0,可交易（DK_s＝0）,未扣成本（成本參考：2.8 折來回約 0.38%、全額約 0.585%）；交易方法狀態未知（全額交割、變更交易方法、停止信用交易的來源未提供）；容量以 s 日 vol20 估計，未模擬開盤競價量與滑價；不可交易，僅觀察,未扣成本·事後欄位以 m_ 標示·非投資建議
HO,6,2024-10-22,2024-10-23,5543,桓鼎-KY,TPEx,W,W_atr14@3,1,473,0.088665,,0,0,1,-5.943,-15.984,,39.3,,不適用,1.0,2.0,550,inf,250.0,official_prepanel,small,32.0,1,處置中・交易規則另案登錄（DK_s＝1）,未扣成本（成本參考：2.8 折來回約 0.38%、全額約 0.585%）；交易方法狀態未知（全額交割、變更交易方法、停止信用交易的來源未提供）；容量以 s 日 vol20 估計，未模擬開盤競價量與滑價；不可交易，僅觀察,未扣成本·事後欄位以 m_ 標示·非投資建議
HO,6,2024-10-22,2024-10-23,8921,沈氏,TPEx,W,W_atr14@3,2,473,0.075914,,0,0,1,0.229,,9.862,51.6,,不適用,0.0,1.0,550,inf,250.0,official_prepanel,small,25.0,0,可交易（DK_s＝0）,未扣成本（成本參考：2.8 折來回約 0.38%、全額約 0.585%）；交易方法狀態未知（全額交割、變更交易方法、停止信用交易的來源未提供）；容量以 s 日 vol20 估計，未模擬開盤競價量與滑價；不可交易，僅觀察,未扣成本·事後欄位以 m_ 標示·非投資建議
HO,6,2024-10-23,2024-10-24,2724,藝舍-KY,TPEx,W,W_atr14@3,3,477,0.059559,,0,0,1,0.15,-5.247,-1.049,35.45,,不適用,0.0,0.0,551,inf,250.0,official_prepanel,small,2.0,0,可交易（DK_s＝0）,未扣成本（成本參考：2.8 折來回約 0.38%、全額約 0.585%）；交易方法狀態未知（全額交割、變更交易方法、停止信用交易的來源未提供）；容量以 s 日 vol20 估計，未模擬開盤競價量與滑價；不可交易，僅觀察,未扣成本·事後欄位以 m_ 標示·非投資建議
HO,6,2024-10-23,2024-10-24,5543,桓鼎-KY,TPEx,W,W_atr14@3,1,477,0.096327,,0,0,1,0.703,-6.323,13.817,40.75,,不適用,1.0,1.0,551,inf,250.0,official_prepanel,small,31.0,1,處置中・交易規則另案登錄（DK_s＝1）,未扣成本（成本參考：2.8 折來回約 0.38%、全額約 0.585%）；交易方法狀態未知（全額交割、變更交易方法、停止信用交易的來源未提供）；容量以 s 日 vol20 估計，未模擬開盤競價量與滑價；不可交易，僅觀察,未扣成本·事後欄位以 m_ 標示·非投資建議
HO,6,2024-10-23,2024-10-24,8921,沈氏,TPEx,W,W_atr14@3,2,477,0.071919,,0,0,1,2.517,6.636,9.611,51.8,,不適用,0.0,0.0,551,inf,250.0,official_prepanel,small,24.0,0,可交易（DK_s＝0）,未扣成本（成本參考：2.8 折來回約 0.38%、全額約 0.585%）；交易方法狀態未知（全額交割、變更交易方法、停止信用交易的來源未提供）；容量以 s 日 vol20 估計，未模擬開盤競價量與滑價；不可交易，僅觀察,未扣成本·事後欄位以 m_ 標示·非投資建議
HO,6,2024-10-24,2024-10-25,5543,桓鼎-KY,TPEx,W,W_atr14@3,1,477,0.104651,,0,0,1,-2.381,4.524,27.143,41.7,,不適用,1.0,0.0,552,inf,250.0,official_prepanel,small,21.0,1,處置中・交易規則另案登錄（DK_s＝1）,未扣成本（成本參考：2.8 折來回約 0.38%、全額約 0.585%）；交易方法狀態未知（全額交割、變更交易方法、停止信用交易的來源未提供）；容量以 s 日 vol20 估計，未模擬開盤競價量與滑價；不可交易，僅觀察,未扣成本·事後欄位以 m_ 標示·非投資建議
HO,6,2024-10-24,2024-10-25,6739,竹陞科技,TPEx,W,W_atr14@3,3,477,0.060947,,0,0,1,-0.811,-2.432,4.054,527.15,,不適用,0.0,0.0,35,35.0,35.0,official,small,118.0,0,可交易（DK_s＝0）,未扣成本（成本參考：2.8 折來回約 0.38%、全額約 0.585%）；交易方法狀態未知（全額交割、變更交易方法、停止信用交易的來源未提供）；容量以 s 日 vol20 估計，未模擬開盤競價量與滑價；不可交易，僅觀察,未扣成本·事後欄位以 m_ 標示·非投資建議
HO,6,2024-10-24,2024-10-25,8921,沈氏,TPEx,W,W_atr14@3,2,477,0.070153,,0,0,1,0.0,3.319,6.637,51.85,,不適用,0.0,0.0,552,inf,250.0,official_prepanel,small,1.0,0,可交易（DK_s＝0）,未扣成本（成本參考：2.8 折來回約 0.38%、全額約 0.585%）；交易方法狀態未知（全額交割、變更交易方法、停止信用交易的來源未提供）；容量以 s 日 vol20 估計，未模擬開盤競價量與滑價；不可交易，僅觀察,未扣成本·事後欄位以 m_ 標示·非投資建議
HO,6,2024-10-25,2024-10-28,5543,桓鼎-KY,TPEx,W,W_atr14@3,1,479,0.105575,,0,0,1,0.0,14.842,36.253,42.0,,不適用,1.0,0.0,553,inf,250.0,official_prepanel,small,7.0,1,處置中・交易規則另案登錄（DK_s＝1）,未扣成本（成本參考：2.8 折來回約 0.38%、全額約 0.585%）；交易方法狀態未知（全額交割、變更交易方法、停止信用交易的來源未提供）；容量以 s 日 vol20 估計，未模擬開盤競價量與滑價；不可交易，僅觀察,未扣成本·事後欄位以 m_ 標示·非投資建議
HO,6,2024-10-25,2024-10-28,6739,竹陞科技,TPEx,W,W_atr14@3,3,479,0.059946,,0,0,1,-3.252,-1.084,5.962,503.0,,不適用,0.0,0.0,36,36.0,36.0,official,small,226.0,0,可交易（DK_s＝0）,未扣成本（成本參考：2.8 折來回約 0.38%、全額約 0.585%）；交易方法狀態未知（全額交割、變更交易方法、停止信用交易的來源未提供）；容量以 s 日 vol20 估計，未模擬開盤競價量與滑價；不可交易，僅觀察,未扣成本·事後欄位以 m_ 標示·非投資建議
HO,6,2024-10-25,2024-10-28,8921,沈氏,TPEx,W,W_atr14@3,2,479,0.0689,,0,0,1,4.408,10.673,12.761,45.95,,不適用,0.0,0.0,553,inf,250.0,official_prepanel,small,11.0,0,可交易（DK_s＝0）,未扣成本（成本參考：2.8 折來回約 0.38%、全額約 0.585%）；交易方法狀態未知（全額交割、變更交易方法、停止信用交易的來源未提供）；容量以 s 日 vol20 估計，未模擬開盤競價量與滑價；不可交易，僅觀察,未扣成本·事後欄位以 m_ 標示·非投資建議
HO,6,2024-10-28,2024-10-29,5543,桓鼎-KY,TPEx,W,W_atr14@3,1,487,0.093153,,0,0,1,-0.243,19.221,34.793,42.25,,不適用,1.0,0.0,554,inf,250.0,official_prepanel,small,44.0,0,處置中・交易規則另案登錄（DK_s＝1）,未扣成本（成本參考：2.8 折來回約 0.38%、全額約 0.585%）；交易方法狀態未知（全額交割、變更交易方法、停止信用交易的來源未提供）；容量以 s 日 vol20 估計，未模擬開盤競價量與滑價；不可交易，僅觀察,未扣成本·事後欄位以 m_ 標示·非投資建議
HO,6,2024-10-28,2024-10-29,6763,綠界科技*,TPEx,W,W_atr14@3,3,487,0.064684,,0,0,1,0.95,-3.207,-13.539,5931.75,,不適用,1.0,5.0,554,inf,250.0,official_prepanel,mid,2303.0,1,處置中・交易規則另案登錄（DK_s＝1）,未扣成本（成本參考：2.8 折來回約 0.38%、全額約 0.585%）；交易方法狀態未知（全額交割、變更交易方法、停止信用交易的來源未提供）；容量以 s 日 vol20 估計，未模擬開盤競價量與滑價；不可交易，僅觀察,未扣成本·事後欄位以 m_ 標示·非投資建議
HO,6,2024-10-28,2024-10-29,8291,尚茂,TPEx,W,W_atr14@3,2,487,0.06581,,0,0,1,-0.992,2.408,-5.241,13.21,,不適用,0.0,0.0,554,inf,250.0,official_prepanel,small,7.0,0,可交易（DK_s＝0）,未扣成本（成本參考：2.8 折來回約 0.38%、全額約 0.585%）；交易方法狀態未知（全額交割、變更交易方法、停止信用交易的來源未提供）；容量以 s 日 vol20 估計，未模擬開盤競價量與滑價；不可交易，僅觀察,未扣成本·事後欄位以 m_ 標示·非投資建議
HO,6,2024-10-29,2024-10-30,5543,桓鼎-KY,TPEx,W,W_atr14@3,1,479,0.087631,,0,0,1,0.0,,38.75,43.95,,不適用,0.0,0.0,555,inf,250.0,official_prepanel,small,18.0,0,可交易（DK_s＝0）,未扣成本（成本參考：2.8 折來回約 0.38%、全額約 0.585%）；交易方法狀態未知（全額交割、變更交易方法、停止信用交易的來源未提供）；容量以 s 日 vol20 估計，未模擬開盤競價量與滑價；不可交易，僅觀察,未扣成本·事後欄位以 m_ 標示·非投資建議
HO,6,2024-10-29,2024-10-30,6763,綠界科技*,TPEx,W,W_atr14@3,2,479,0.070672,,0,0,1,-2.031,0.836,-16.249,5996.95,,不適用,1.0,5.0,555,inf,250.0,official_prepanel,mid,1627.0,1,處置中・交易規則另案登錄（DK_s＝1）,未扣成本（成本參考：2.8 折來回約 0.38%、全額約 0.585%）；交易方法狀態未知（全額交割、變更交易方法、停止信用交易的來源未提供）；容量以 s 日 vol20 估計，未模擬開盤競價量與滑價；不可交易，僅觀察,未扣成本·事後欄位以 m_ 標示·非投資建議
HO,6,2024-10-29,2024-10-30,6969,成信實業*-創,TWSE,W,W_atr14@3,3,479,0.069867,,0,0,1,10.069,12.929,13.73,187.55,,不適用,0.0,0.0,33,33.0,33.0,official,small,66.0,0,可交易（DK_s＝0）,未扣成本（成本參考：2.8 折來回約 0.38%、全額約 0.585%）；交易方法狀態未知（全額交割、變更交易方法、停止信用交易的來源未提供）；容量以 s 日 vol20 估計，未模擬開盤競價量與滑價；不可交易，僅觀察,未扣成本·事後欄位以 m_ 標示·非投資建議
HO,6,2024-10-30,2024-11-01,5543,桓鼎-KY,TPEx,W,W_atr14@3,1,483,0.08125,,0,0,1,21.944,35.0,42.778,43.95,,不適用,0.0,0.0,556,inf,250.0,official_prepanel,small,28.0,0,可交易（DK_s＝0）,未扣成本（成本參考：2.8 折來回約 0.38%、全額約 0.585%）；交易方法狀態未知（全額交割、變更交易方法、停止信用交易的來源未提供）；容量以 s 日 vol20 估計，未模擬開盤競價量與滑價；不可交易，僅觀察,未扣成本·事後欄位以 m_ 標示·非投資建議
HO,6,2024-10-30,2024-11-01,6763,綠界科技*,TPEx,W,W_atr14@3,2,483,0.074347,,0,0,1,6.125,3.75,-15.625,6039.3,,不適用,1.0,4.0,556,inf,250.0,official_prepanel,mid,1743.0,1,處置中・交易規則另案登錄（DK_s＝1）,未扣成本（成本參考：2.8 折來回約 0.38%、全額約 0.585%）；交易方法狀態未知（全額交割、變更交易方法、停止信用交易的來源未提供）；容量以 s 日 vol20 估計，未模擬開盤競價量與滑價；不可交易，僅觀察,未扣成本·事後欄位以 m_ 標示·非投資建議
HO,6,2024-10-30,2024-11-01,6969,成信實業*-創,TWSE,W,W_atr14@3,3,483,0.072839,,0,0,1,9.979,1.04,4.158,176.05,,不適用,0.0,0.0,34,34.0,34.0,official,small,320.0,0,可交易（DK_s＝0）,未扣成本（成本參考：2.8 折來回約 0.38%、全額約 0.585%）；交易方法狀態未知（全額交割、變更交易方法、停止信用交易的來源未提供）；容量以 s 日 vol20 估計，未模擬開盤競價量與滑價；不可交易，僅觀察,未扣成本·事後欄位以 m_ 標示·非投資建議
HO,6,2024-11-01,2024-11-04,5543,桓鼎-KY,TPEx,W,W_atr14@3,1,490,0.078425,,0,0,1,7.517,21.64,10.251,45.1,,不適用,0.0,0.0,557,inf,250.0,official_prepanel,small,6.0,0,可交易（DK_s＝0）,未扣成本（成本參考：2.8 折來回約 0.38%、全額約 0.585%）；交易方法狀態未知（全額交割、變更交易方法、停止信用交易的來源未提供）；容量以 s 日 vol20 估計，未模擬開盤競價量與滑價；不可交易，僅觀察,未扣成本·事後欄位以 m_ 標示·非投資建議
HO,6,2024-11-01,2024-11-04,6199,天品,TPEx,W,W_atr14@3,3,490,0.063828,,0,0,1,-1.895,4.956,18.367,157.4,,不適用,0.0,2.0,557,inf,250.0,official_prepanel,small,164.0,0,可交易（DK_s＝0）,未扣成本（成本參考：2.8 折來回約 0.38%、全額約 0.585%）；交易方法狀態未知（全額交割、變更交易方法、停止信用交易的來源未提供）；容量以 s 日 vol20 估計，未模擬開盤競價量與滑價；不可交易，僅觀察,未扣成本·事後欄位以 m_ 標示·非投資建議
HO,6,2024-11-01,2024-11-04,6763,綠界科技*,TPEx,W,W_atr14@3,2,490,0.075509,,0,0,1,-2.706,-7.882,-18.941,6083.05,,不適用,1.0,3.0,557,inf,250.0,official_prepanel,mid,1425.0,1,處置中・交易規則另案登錄（DK_s＝1）,未扣成本（成本參考：2.8 折來回約 0.38%、全額約 0.585%）；交易方法狀態未知（全額交割、變更交易方法、停止信用交易的來源未提供）；容量以 s 日 vol20 估計，未模擬開盤競價量與滑價；不可交易，僅觀察,未扣成本·事後欄位以 m_ 標示·非投資建議
HO,6,2024-11-04,2024-11-05,5543,桓鼎-KY,TPEx,W,W_atr14@3,3,500,0.069613,,0,0,1,3.814,18.644,2.542,44.25,,不適用,0.0,0.0,558,inf,250.0,official_prepanel,small,12.0,0,可交易（DK_s＝0）,未扣成本（成本參考：2.8 折來回約 0.38%、全額約 0.585%）；交易方法狀態未知（全額交割、變更交易方法、停止信用交易的來源未提供）；容量以 s 日 vol20 估計，未模擬開盤競價量與滑價；不可交易，僅觀察,未扣成本·事後欄位以 m_ 標示·非投資建議
HO,6,2024-11-04,2024-11-05,6763,綠界科技*,TPEx,W,W_atr14@3,2,500,0.07769,,0,0,1,1.494,0.623,-8.468,6129.1,,不適用,1.0,2.0,558,inf,250.0,official_prepanel,mid,816.0,1,處置中・交易規則另案登錄（DK_s＝1）,未扣成本（成本參考：2.8 折來回約 0.38%、全額約 0.585%）；交易方法狀態未知（全額交割、變更交易方法、停止信用交易的來源未提供）；容量以 s 日 vol20 估計，未模擬開盤競價量與滑價；不可交易，僅觀察,未扣成本·事後欄位以 m_ 標示·非投資建議
HO,6,2024-11-04,2024-11-05,6969,成信實業*-創,TWSE,W,W_atr14@3,1,500,0.07818,,0,0,1,-3.398,-5.049,-3.883,175.2,,不適用,0.0,0.0,36,36.0,36.0,official,small,177.0,0,可交易（DK_s＝0）,未扣成本（成本參考：2.8 折來回約 0.38%、全額約 0.585%）；交易方法狀態未知（全額交割、變更交易方法、停止信用交易的來源未提供）；容量以 s 日 vol20 估計，未模擬開盤競價量與滑價；不可交易，僅觀察,未扣成本·事後欄位以 m_ 標示·非投資建議
HO,6,2024-11-05,2024-11-06,6199,天品,TPEx,W,W_atr14@3,3,505,0.072068,,0,0,1,1.791,10.0,22.388,168.95,,不適用,0.0,0.0,559,inf,250.0,official_prepanel,small,25.0,0,可交易（DK_s＝0）,未扣成本（成本參考：2.8 折來回約 0.38%、全額約 0.585%）；交易方法狀態未知（全額交割、變更交易方法、停止信用交易的來源未提供）；容量以 s 日 vol20 估計，未模擬開盤競價量與滑價；不可交易，僅觀察,未扣成本·事後欄位以 m_ 標示·非投資建議
HO,6,2024-11-05,2024-11-06,6763,綠界科技*,TPEx,W,W_atr14@3,2,505,0.07695,,0,0,1,2.303,-11.758,-10.182,6126.95,,不適用,1.0,1.0,559,inf,250.0,official_prepanel,mid,1594.0,1,處置中・交易規則另案登錄（DK_s＝1）,未扣成本（成本參考：2.8 折來回約 0.38%、全額約 0.585%）；交易方法狀態未知（全額交割、變更交易方法、停止信用交易的來源未提供）；容量以 s 日 vol20 估計，未模擬開盤競價量與滑價；不可交易，僅觀察,未扣成本·事後欄位以 m_ 標示·非投資建議
HO,6,2024-11-05,2024-11-06,6969,成信實業*-創,TWSE,W,W_atr14@3,1,505,0.082125,,0,0,1,0.509,-0.815,1.833,175.35,,不適用,0.0,0.0,37,37.0,37.0,official,small,91.0,0,可交易（DK_s＝0）,未扣成本（成本參考：2.8 折來回約 0.38%、全額約 0.585%）；交易方法狀態未知（全額交割、變更交易方法、停止信用交易的來源未提供）；容量以 s 日 vol20 估計，未模擬開盤競價量與滑價；不可交易，僅觀察,未扣成本·事後欄位以 m_ 標示·非投資建議
HO,6,2024-11-06,2024-11-07,6763,綠界科技*,TPEx,W,W_atr14@3,3,517,0.073037,,0,0,1,0.606,-15.03,-12.121,6173.1,,不適用,1.0,0.0,560,inf,250.0,official_prepanel,mid,1129.0,1,處置中・交易規則另案登錄（DK_s＝1）,未扣成本（成本參考：2.8 折來回約 0.38%、全額約 0.585%）；交易方法狀態未知（全額交割、變更交易方法、停止信用交易的來源未提供）；容量以 s 日 vol20 估計，未模擬開盤競價量與滑價；不可交易，僅觀察,未扣成本·事後欄位以 m_ 標示·非投資建議
HO,6,2024-11-06,2024-11-07,6969,成信實業*-創,TWSE,W,W_atr14@3,2,517,0.077725,,0,0,1,-1.818,0.404,1.212,172.55,,不適用,0.0,0.0,38,38.0,38.0,official,small,151.0,0,可交易（DK_s＝0）,未扣成本（成本參考：2.8 折來回約 0.38%、全額約 0.585%）；交易方法狀態未知（全額交割、變更交易方法、停止信用交易的來源未提供）；容量以 s 日 vol20 估計，未模擬開盤競價量與滑價；不可交易，僅觀察,未扣成本·事後欄位以 m_ 標示·非投資建議
HO,6,2024-11-06,2024-11-07,8249,菱光,TWSE,W,W_atr14@3,1,517,0.087384,,0,0,1,-2.778,-5.972,-16.528,,,不適用,0.0,0.0,560,inf,250.0,official_prepanel,mid,12591.0,0,可交易（DK_s＝0）,未扣成本（成本參考：2.8 折來回約 0.38%、全額約 0.585%）；交易方法狀態未知（全額交割、變更交易方法、停止信用交易的來源未提供）；容量以 s 日 vol20 估計，未模擬開盤競價量與滑價；不可交易，僅觀察,未扣成本·事後欄位以 m_ 標示·非投資建議
HO,6,2024-11-07,2024-11-08,6969,成信實業*-創,TWSE,W,W_atr14@3,2,515,0.076426,,0,0,1,-1.538,2.769,1.333,170.3,,不適用,0.0,0.0,39,39.0,39.0,official,small,156.0,0,可交易（DK_s＝0）,未扣成本（成本參考：2.8 折來回約 0.38%、全額約 0.585%）；交易方法狀態未知（全額交割、變更交易方法、停止信用交易的來源未提供）；容量以 s 日 vol20 估計，未模擬開盤競價量與滑價；不可交易，僅觀察,未扣成本·事後欄位以 m_ 標示·非投資建議
HO,6,2024-11-07,2024-11-08,8249,菱光,TWSE,W,W_atr14@3,1,515,0.086593,,0,0,1,-3.698,-7.539,-15.932,,,不適用,0.0,1.0,561,inf,250.0,official_prepanel,mid,10023.0,0,可交易（DK_s＝0）,未扣成本（成本參考：2.8 折來回約 0.38%、全額約 0.585%）；交易方法狀態未知（全額交割、變更交易方法、停止信用交易的來源未提供）；容量以 s 日 vol20 估計，未模擬開盤競價量與滑價；不可交易，僅觀察,未扣成本·事後欄位以 m_ 標示·非投資建議
HO,6,2024-11-07,2024-11-08,8291,尚茂,TPEx,W,W_atr14@3,3,515,0.072445,,0,0,1,5.687,12.164,4.265,14.16,,不適用,0.0,0.0,561,inf,250.0,official_prepanel,small,5.0,0,可交易（DK_s＝0）,未扣成本（成本參考：2.8 折來回約 0.38%、全額約 0.585%）；交易方法狀態未知（全額交割、變更交易方法、停止信用交易的來源未提供）；容量以 s 日 vol20 估計，未模擬開盤競價量與滑價；不可交易，僅觀察,未扣成本·事後欄位以 m_ 標示·非投資建議
HO,6,2024-11-08,2024-11-11,6763,綠界科技*,TPEx,W,W_atr14@3,3,517,0.074804,,0,0,1,0.0,-14.728,-13.738,6260.5,,不適用,0.0,0.0,562,inf,250.0,official_prepanel,mid,26214.0,0,可交易（DK_s＝0）,未扣成本（成本參考：2.8 折來回約 0.38%、全額約 0.585%）；交易方法狀態未知（全額交割、變更交易方法、停止信用交易的來源未提供）；容量以 s 日 vol20 估計，未模擬開盤競價量與滑價；不可交易，僅觀察,未扣成本·事後欄位以 m_ 標示·非投資建議
HO,6,2024-11-08,2024-11-11,6791,虎門科技,TPEx,W,W_atr14@3,2,517,0.075023,,0,0,1,1.316,-21.053,-22.039,298.55,,不適用,1.0,0.0,479,479.0,250.0,official,small,192.0,1,處置中・交易規則另案登錄（DK_s＝1）,未扣成本（成本參考：2.8 折來回約 0.38%、全額約 0.585%）；交易方法狀態未知（全額交割、變更交易方法、停止信用交易的來源未提供）；容量以 s 日 vol20 估計，未模擬開盤競價量與滑價；不可交易，僅觀察,未扣成本·事後欄位以 m_ 標示·非投資建議
HO,6,2024-11-08,2024-11-11,8249,菱光,TWSE,W,W_atr14@3,1,517,0.08736,,0,0,1,2.511,-6.499,-13.885,,,不適用,0.0,2.0,562,inf,250.0,official_prepanel,mid,15754.0,0,可交易（DK_s＝0）,未扣成本（成本參考：2.8 折來回約 0.38%、全額約 0.585%）；交易方法狀態未知（全額交割、變更交易方法、停止信用交易的來源未提供）；容量以 s 日 vol20 估計，未模擬開盤競價量與滑價；不可交易，僅觀察,未扣成本·事後欄位以 m_ 標示·非投資建議
HO,6,2024-11-11,2024-11-12,6144,得利影,TPEx,W,W_atr14@3,1,528,0.145053,,0,0,1,-1.457,-25.673,-4.933,153.0,,不適用,1.0,4.0,563,inf,250.0,official_prepanel,small,27.0,1,處置中・交易規則另案登錄（DK_s＝1）,未扣成本（成本參考：2.8 折來回約 0.38%、全額約 0.585%）；交易方法狀態未知（全額交割、變更交易方法、停止信用交易的來源未提供）；容量以 s 日 vol20 估計，未模擬開盤競價量與滑價；不可交易，僅觀察,未扣成本·事後欄位以 m_ 標示·非投資建議
HO,6,2024-11-11,2024-11-12,6763,綠界科技*,TPEx,W,W_atr14@3,3,528,0.073815,,0,0,1,-10.675,-9.816,-15.092,7545.95,,不適用,0.0,0.0,563,inf,250.0,official_prepanel,mid,15019.0,0,可交易（DK_s＝0）,未扣成本（成本參考：2.8 折來回約 0.38%、全額約 0.585%）；交易方法狀態未知（全額交割、變更交易方法、停止信用交易的來源未提供）；容量以 s 日 vol20 估計，未模擬開盤競價量與滑價；不可交易，僅觀察,未扣成本·事後欄位以 m_ 標示·非投資建議
HO,6,2024-11-11,2024-11-12,8249,菱光,TWSE,W,W_atr14@3,2,528,0.090469,,0,0,1,0.584,-11.095,-15.328,23975.53,,不適用,0.0,2.0,563,inf,250.0,official_prepanel,mid,12722.0,0,可交易（DK_s＝0）,未扣成本（成本參考：2.8 折來回約 0.38%、全額約 0.585%）；交易方法狀態未知（全額交割、變更交易方法、停止信用交易的來源未提供）；容量以 s 日 vol20 估計，未模擬開盤競價量與滑價；不可交易，僅觀察,未扣成本·事後欄位以 m_ 標示·非投資建議
HO,6,2024-11-12,2024-11-13,6144,得利影,TPEx,W,W_atr14@3,1,519,0.150252,,0,0,1,-3.415,-24.756,13.659,151.3,,不適用,1.0,3.0,564,inf,250.0,official_prepanel,small,88.0,1,處置中・交易規則另案登錄（DK_s＝1）,未扣成本（成本參考：2.8 折來回約 0.38%、全額約 0.585%）；交易方法狀態未知（全額交割、變更交易方法、停止信用交易的來源未提供）；容量以 s 日 vol20 估計，未模擬開盤競價量與滑價；不可交易，僅觀察,未扣成本·事後欄位以 m_ 標示·非投資建議
HO,6,2024-11-12,2024-11-13,6763,綠界科技*,TPEx,W,W_atr14@3,3,519,0.084478,,0,0,1,-1.683,3.927,-5.189,8179.95,,不適用,0.0,0.0,564,inf,250.0,official_prepanel,mid,8161.0,0,可交易（DK_s＝0）,未扣成本（成本參考：2.8 折來回約 0.38%、全額約 0.585%）；交易方法狀態未知（全額交割、變更交易方法、停止信用交易的來源未提供）；容量以 s 日 vol20 估計，未模擬開盤競價量與滑價；不可交易，僅觀察,未扣成本·事後欄位以 m_ 標示·非投資建議
HO,6,2024-11-12,2024-11-13,8249,菱光,TWSE,W,W_atr14@3,2,519,0.089052,,0,0,1,-1.599,-9.157,-18.459,23272.19,,不適用,0.0,2.0,564,inf,250.0,official_prepanel,mid,6636.0,0,可交易（DK_s＝0）,未扣成本（成本參考：2.8 折來回約 0.38%、全額約 0.585%）；交易方法狀態未知（全額交割、變更交易方法、停止信用交易的來源未提供）；容量以 s 日 vol20 估計，未模擬開盤競價量與滑價；不可交易，僅觀察,未扣成本·事後欄位以 m_ 標示·非投資建議
HO,6,2024-11-13,2024-11-14,6144,得利影,TPEx,W,W_atr14@3,1,512,0.156566,,0,0,1,-6.307,-16.032,34.56,131.1,,不適用,1.0,2.0,565,inf,250.0,official_prepanel,small,63.0,1,處置中・交易規則另案登錄（DK_s＝1）,未扣成本（成本參考：2.8 折來回約 0.38%、全額約 0.585%）；交易方法狀態未知（全額交割、變更交易方法、停止信用交易的來源未提供）；容量以 s 日 vol20 估計，未模擬開盤競價量與滑價；不可交易，僅觀察,未扣成本·事後欄位以 m_ 標示·非投資建議
HO,6,2024-11-13,2024-11-14,6862,三集瑞-KY,TWSE,W,W_atr14@3,3,512,0.101119,,0,0,1,-4.464,-8.631,-4.464,590.6,,不適用,0.0,0.0,15,15.0,15.0,official,mid,167.0,0,可交易（DK_s＝0）,未扣成本（成本參考：2.8 折來回約 0.38%、全額約 0.585%）；交易方法狀態未知（全額交割、變更交易方法、停止信用交易的來源未提供）；容量以 s 日 vol20 估計，未模擬開盤競價量與滑價；不可交易，僅觀察,未扣成本·事後欄位以 m_ 標示·非投資建議
HO,6,2024-11-13,2024-11-14,8272,全景軟體,TPEx,W,W_atr14@3,2,512,0.101993,,0,0,1,-1.887,1.887,-1.415,466.67,,不適用,0.0,0.0,15,15.0,15.0,official,small,94.0,0,可交易（DK_s＝0）,未扣成本（成本參考：2.8 折來回約 0.38%、全額約 0.585%）；交易方法狀態未知（全額交割、變更交易方法、停止信用交易的來源未提供）；容量以 s 日 vol20 估計，未模擬開盤競價量與滑價；不可交易，僅觀察,未扣成本·事後欄位以 m_ 標示·非投資建議
HO,6,2024-11-14,2024-11-15,6144,得利影,TPEx,W,W_atr14@3,1,499,0.160789,,0,0,1,14.642,9.19,59.502,116.0,,不適用,1.0,1.0,566,inf,250.0,official_prepanel,small,103.0,1,處置中・交易規則另案登錄（DK_s＝1）,未扣成本（成本參考：2.8 折來回約 0.38%、全額約 0.585%）；交易方法狀態未知（全額交割、變更交易方法、停止信用交易的來源未提供）；容量以 s 日 vol20 估計，未模擬開盤競價量與滑價；不可交易，僅觀察,未扣成本·事後欄位以 m_ 標示·非投資建議
HO,6,2024-11-14,2024-11-15,6763,綠界科技*,TPEx,W,W_atr14@3,3,499,0.088783,,0,0,1,0.0,2.467,-1.306,8081.4,,不適用,0.0,0.0,566,inf,250.0,official_prepanel,mid,7780.0,0,可交易（DK_s＝0）,未扣成本（成本參考：2.8 折來回約 0.38%、全額約 0.585%）；交易方法狀態未知（全額交割、變更交易方法、停止信用交易的來源未提供）；容量以 s 日 vol20 估計，未模擬開盤競價量與滑價；不可交易，僅觀察,未扣成本·事後欄位以 m_ 標示·非投資建議
HO,6,2024-11-14,2024-11-15,8249,菱光,TWSE,W,W_atr14@3,2,499,0.08978,,0,0,1,-3.945,-10.319,-17.754,21366.28,,不適用,0.0,1.0,566,inf,250.0,official_prepanel,mid,5138.0,0,可交易（DK_s＝0）,未扣成本（成本參考：2.8 折來回約 0.38%、全額約 0.585%）；交易方法狀態未知（全額交割、變更交易方法、停止信用交易的來源未提供）；容量以 s 日 vol20 估計，未模擬開盤競價量與滑價；不可交易，僅觀察,未扣成本·事後欄位以 m_ 標示·非投資建議
HO,6,2024-11-15,2024-11-18,6144,得利影,TPEx,W,W_atr14@3,1,500,0.147613,,0,0,1,-1.632,14.392,36.795,100.0,,不適用,1.0,0.0,567,inf,250.0,official_prepanel,small,50.0,1,處置中・交易規則另案登錄（DK_s＝1）,未扣成本（成本參考：2.8 折來回約 0.38%、全額約 0.585%）；交易方法狀態未知（全額交割、變更交易方法、停止信用交易的來源未提供）；容量以 s 日 vol20 估計，未模擬開盤競價量與滑價；不可交易，僅觀察,未扣成本·事後欄位以 m_ 標示·非投資建議
HO,6,2024-11-15,2024-11-18,6862,三集瑞-KY,TWSE,W,W_atr14@3,3,500,0.087352,,0,0,1,-8.491,7.233,4.088,540.06,,不適用,0.0,0.0,17,17.0,17.0,official,mid,419.0,0,可交易（DK_s＝0）,未扣成本（成本參考：2.8 折來回約 0.38%、全額約 0.585%）；交易方法狀態未知（全額交割、變更交易方法、停止信用交易的來源未提供）；容量以 s 日 vol20 估計，未模擬開盤競價量與滑價；不可交易，僅觀察,未扣成本·事後欄位以 m_ 標示·非投資建議
HO,6,2024-11-15,2024-11-18,8249,菱光,TWSE,W,W_atr14@3,2,500,0.087791,,0,0,1,-3.943,-8.044,-15.142,20512.16,,不適用,0.0,0.0,567,inf,250.0,official_prepanel,mid,5133.0,0,可交易（DK_s＝0）,未扣成本（成本參考：2.8 折來回約 0.38%、全額約 0.585%）；交易方法狀態未知（全額交割、變更交易方法、停止信用交易的來源未提供）；容量以 s 日 vol20 估計，未模擬開盤競價量與滑價；不可交易，僅觀察,未扣成本·事後欄位以 m_ 標示·非投資建議
HO,6,2024-11-18,2024-11-19,6144,得利影,TPEx,W,W_atr14@3,1,507,0.153415,,0,0,1,0.817,38.562,35.621,83.7,,不適用,1.0,0.0,568,inf,250.0,official_prepanel,small,161.0,1,處置中・交易規則另案登錄（DK_s＝1）,未扣成本（成本參考：2.8 折來回約 0.38%、全額約 0.585%）；交易方法狀態未知（全額交割、變更交易方法、停止信用交易的來源未提供）；容量以 s 日 vol20 估計，未模擬開盤競價量與滑價；不可交易，僅觀察,未扣成本·事後欄位以 m_ 標示·非投資建議
HO,6,2024-11-18,2024-11-19,6862,三集瑞-KY,TWSE,W,W_atr14@3,2,507,0.096956,,0,0,1,1.007,14.43,12.416,533.33,,不適用,0.0,0.0,18,18.0,18.0,official,mid,248.0,0,可交易（DK_s＝0）,未扣成本（成本參考：2.8 折來回約 0.38%、全額約 0.585%）；交易方法狀態未知（全額交割、變更交易方法、停止信用交易的來源未提供）；容量以 s 日 vol20 估計，未模擬開盤競價量與滑價；不可交易，僅觀察,未扣成本·事後欄位以 m_ 標示·非投資建議
HO,6,2024-11-18,2024-11-19,8249,菱光,TWSE,W,W_atr14@3,3,507,0.087849,,0,0,1,1.958,-5.383,-13.866,19743.2,,不適用,0.0,0.0,568,inf,250.0,official_prepanel,mid,12302.0,0,可交易（DK_s＝0）,未扣成本（成本參考：2.8 折來回約 0.38%、全額約 0.585%）；交易方法狀態未知（全額交割、變更交易方法、停止信用交易的來源未提供）；容量以 s 日 vol20 估計，未模擬開盤競價量與滑價；不可交易，僅觀察,未扣成本·事後欄位以 m_ 標示·非投資建議
HO,6,2024-11-19,2024-11-20,6144,得利影,TPEx,W,W_atr14@3,1,508,0.154897,,0,0,1,-1.084,44.272,34.985,79.05,,不適用,1.0,1.0,569,inf,250.0,official_prepanel,small,72.0,1,處置中・交易規則另案登錄（DK_s＝1）,未扣成本（成本參考：2.8 折來回約 0.38%、全額約 0.585%）；交易方法狀態未知（全額交割、變更交易方法、停止信用交易的來源未提供）；容量以 s 日 vol20 估計，未模擬開盤競價量與滑價；不可交易，僅觀察,未扣成本·事後欄位以 m_ 標示·非投資建議
HO,6,2024-11-19,2024-11-20,6862,三集瑞-KY,TWSE,W,W_atr14@3,2,508,0.095634,,0,0,1,1.32,5.281,20.462,518.32,,不適用,0.0,0.0,19,19.0,19.0,official,mid,237.0,0,可交易（DK_s＝0）,未扣成本（成本參考：2.8 折來回約 0.38%、全額約 0.585%）；交易方法狀態未知（全額交割、變更交易方法、停止信用交易的來源未提供）；容量以 s 日 vol20 估計，未模擬開盤競價量與滑價；不可交易，僅觀察,未扣成本·事後欄位以 m_ 標示·非投資建議
HO,6,2024-11-19,2024-11-20,8249,菱光,TWSE,W,W_atr14@3,3,508,0.080343,,0,0,1,-3.065,-9.516,-15.484,20155.75,,不適用,0.0,0.0,569,inf,250.0,official_prepanel,mid,7409.0,0,可交易（DK_s＝0）,未扣成本（成本參考：2.8 折來回約 0.38%、全額約 0.585%）；交易方法狀態未知（全額交割、變更交易方法、停止信用交易的來源未提供）；容量以 s 日 vol20 估計，未模擬開盤競價量與滑價；不可交易，僅觀察,未扣成本·事後欄位以 m_ 標示·非投資建議
HO,6,2024-11-20,2024-11-21,6144,得利影,TPEx,W,W_atr14@3,1,511,0.13928,,0,0,1,9.19,59.502,34.424,71.15,,不適用,1.0,2.0,570,inf,250.0,official_prepanel,small,61.0,1,處置中・交易規則另案登錄（DK_s＝1）,未扣成本（成本參考：2.8 折來回約 0.38%、全額約 0.585%）；交易方法狀態未知（全額交割、變更交易方法、停止信用交易的來源未提供）；容量以 s 日 vol20 估計，未模擬開盤競價量與滑價；不可交易，僅觀察,未扣成本·事後欄位以 m_ 標示·非投資建議
HO,6,2024-11-20,2024-11-21,6862,三集瑞-KY,TWSE,W,W_atr14@3,2,511,0.093532,,0,0,1,10.492,5.246,20.0,504.25,,不適用,0.0,0.0,20,20.0,20.0,official,mid,496.0,0,可交易（DK_s＝0）,未扣成本（成本參考：2.8 折來回約 0.38%、全額約 0.585%）；交易方法狀態未知（全額交割、變更交易方法、停止信用交易的來源未提供）；容量以 s 日 vol20 估計，未模擬開盤競價量與滑價；不可交易，僅觀察,未扣成本·事後欄位以 m_ 標示·非投資建議
HO,6,2024-11-20,2024-11-21,8249,菱光,TWSE,W,W_atr14@3,3,511,0.078322,,0,0,1,-1.005,-10.05,-11.893,20310.1,,不適用,0.0,0.0,570,inf,250.0,official_prepanel,mid,10007.0,0,可交易（DK_s＝0）,未扣成本（成本參考：2.8 折來回約 0.38%、全額約 0.585%）；交易方法狀態未知（全額交割、變更交易方法、停止信用交易的來源未提供）；容量以 s 日 vol20 估計，未模擬開盤競價量與滑價；不可交易，僅觀察,未扣成本·事後欄位以 m_ 標示·非投資建議
HO,6,2024-11-21,2024-11-22,6144,得利影,TPEx,W,W_atr14@3,1,513,0.121255,,1,0,1,9.517,45.455,22.159,69.1,,不適用,1.0,2.0,571,inf,250.0,official_prepanel,small,191.0,0,處置中・交易規則另案登錄（DK_s＝1）,未扣成本（成本參考：2.8 折來回約 0.38%、全額約 0.585%）；交易方法狀態未知（全額交割、變更交易方法、停止信用交易的來源未提供）；容量以 s 日 vol20 估計，未模擬開盤競價量與滑價；不可交易，僅觀察,未扣成本·事後欄位以 m_ 標示·非投資建議
HO,6,2024-11-21,2024-11-22,6763,綠界科技*,TPEx,W,W_atr14@3,2,513,0.07244,,0,0,1,-1.831,-4.225,3.099,6173.6,,不適用,0.0,0.0,571,inf,250.0,official_prepanel,mid,2630.0,0,可交易（DK_s＝0）,未扣成本（成本參考：2.8 折來回約 0.38%、全額約 0.585%）；交易方法狀態未知（全額交割、變更交易方法、停止信用交易的來源未提供）；容量以 s 日 vol20 估計，未模擬開盤競價量與滑價；不可交易，僅觀察,未扣成本·事後欄位以 m_ 標示·非投資建議
HO,6,2024-11-21,2024-11-22,8249,菱光,TWSE,W,W_atr14@3,3,513,0.07167,,0,0,1,-2.833,-9.667,-14.667,19971.1,,不適用,0.0,1.0,571,inf,250.0,official_prepanel,mid,7355.0,0,可交易（DK_s＝0）,未扣成本（成本參考：2.8 折來回約 0.38%、全額約 0.585%）；交易方法狀態未知（全額交割、變更交易方法、停止信用交易的來源未提供）；容量以 s 日 vol20 估計，未模擬開盤競價量與滑價；不可交易，僅觀察,未扣成本·事後欄位以 m_ 標示·非投資建議
HO,6,2024-11-22,2024-11-25,3095,及成,TPEx,W,W_atr14@3,2,515,0.073747,,0,0,1,2.854,1.241,-1.861,50.8,,不適用,0.0,0.0,572,inf,250.0,official_prepanel,small,21.0,0,可交易（DK_s＝0）,未扣成本（成本參考：2.8 折來回約 0.38%、全額約 0.585%）；交易方法狀態未知（全額交割、變更交易方法、停止信用交易的來源未提供）；容量以 s 日 vol20 估計，未模擬開盤競價量與滑價；不可交易，僅觀察,未扣成本·事後欄位以 m_ 標示·非投資建議
HO,6,2024-11-22,2024-11-25,6763,綠界科技*,TPEx,W,W_atr14@3,3,515,0.072248,,0,0,1,-1.143,-2.0,1.429,5708.8,,不適用,0.0,0.0,572,inf,250.0,official_prepanel,mid,2196.0,0,可交易（DK_s＝0）,未扣成本（成本參考：2.8 折來回約 0.38%、全額約 0.585%）；交易方法狀態未知（全額交割、變更交易方法、停止信用交易的來源未提供）；容量以 s 日 vol20 估計，未模擬開盤競價量與滑價；不可交易，僅觀察,未扣成本·事後欄位以 m_ 標示·非投資建議
HO,6,2024-11-22,2024-11-25,6862,三集瑞-KY,TWSE,W,W_atr14@3,1,515,0.081483,,0,0,1,-0.872,-3.779,14.244,340.85,,不適用,0.0,0.0,22,22.0,22.0,official,mid,275.0,0,可交易（DK_s＝0）,未扣成本（成本參考：2.8 折來回約 0.38%、全額約 0.585%）；交易方法狀態未知（全額交割、變更交易方法、停止信用交易的來源未提供）；容量以 s 日 vol20 估計，未模擬開盤競價量與滑價；不可交易，僅觀察,未扣成本·事後欄位以 m_ 標示·非投資建議
HO,6,2024-11-25,2024-11-26,3095,及成,TPEx,W,W_atr14@3,2,518,0.073583,,0,0,1,-1.19,-4.762,-4.762,50.9,,不適用,0.0,0.0,573,inf,250.0,official_prepanel,small,18.0,0,可交易（DK_s＝0）,未扣成本（成本參考：2.8 折來回約 0.38%、全額約 0.585%）；交易方法狀態未知（全額交割、變更交易方法、停止信用交易的來源未提供）；容量以 s 日 vol20 估計，未模擬開盤競價量與滑價；不可交易，僅觀察,未扣成本·事後欄位以 m_ 標示·非投資建議
HO,6,2024-11-25,2024-11-26,5348,正能量智能,TPEx,W,W_atr14@3,1,518,0.073994,,0,0,1,0.0,-10.288,-10.288,5.41,,不適用,0.0,0.0,573,inf,250.0,official_prepanel,small,1.0,0,可交易（DK_s＝0）,未扣成本（成本參考：2.8 折來回約 0.38%、全額約 0.585%）；交易方法狀態未知（全額交割、變更交易方法、停止信用交易的來源未提供）；容量以 s 日 vol20 估計，未模擬開盤競價量與滑價；不可交易，僅觀察,未扣成本·事後欄位以 m_ 標示·非投資建議
HO,6,2024-11-25,2024-11-26,6763,綠界科技*,TPEx,W,W_atr14@3,3,518,0.072667,,0,0,1,-2.029,0.29,1.159,5726.8,,不適用,0.0,0.0,573,inf,250.0,official_prepanel,mid,2363.0,0,可交易（DK_s＝0）,未扣成本（成本參考：2.8 折來回約 0.38%、全額約 0.585%）；交易方法狀態未知（全額交割、變更交易方法、停止信用交易的來源未提供）；容量以 s 日 vol20 估計，未模擬開盤競價量與滑價；不可交易，僅觀察,未扣成本·事後欄位以 m_ 標示·非投資建議
HO,6,2024-11-26,2024-11-27,3095,及成,TPEx,W,W_atr14@3,3,518,0.073666,,0,0,1,-7.801,-6.028,-5.083,50.55,,不適用,0.0,0.0,574,inf,250.0,official_prepanel,small,26.0,0,可交易（DK_s＝0）,未扣成本（成本參考：2.8 折來回約 0.38%、全額約 0.585%）；交易方法狀態未知（全額交割、變更交易方法、停止信用交易的來源未提供）；容量以 s 日 vol20 估計，未模擬開盤競價量與滑價；不可交易，僅觀察,未扣成本·事後欄位以 m_ 標示·非投資建議
HO,6,2024-11-26,2024-11-27,5205,中茂,TPEx,W,W_atr14@3,1,518,0.083469,,0,0,1,5.574,,3.77,8.8,,不適用,0.0,0.0,574,inf,250.0,official_prepanel,small,14.0,0,可交易（DK_s＝0）,未扣成本（成本參考：2.8 折來回約 0.38%、全額約 0.585%）；交易方法狀態未知（全額交割、變更交易方法、停止信用交易的來源未提供）；容量以 s 日 vol20 估計，未模擬開盤競價量與滑價；不可交易，僅觀察,未扣成本·事後欄位以 m_ 標示·非投資建議
HO,6,2024-11-26,2024-11-27,6228,全譜,TPEx,W,W_atr14@3,2,518,0.076424,,0,0,1,-7.069,-8.1,-9.573,93.4,,不適用,0.0,0.0,574,inf,250.0,official_prepanel,small,133.0,0,可交易（DK_s＝0）,未扣成本（成本參考：2.8 折來回約 0.38%、全額約 0.585%）；交易方法狀態未知（全額交割、變更交易方法、停止信用交易的來源未提供）；容量以 s 日 vol20 估計，未模擬開盤競價量與滑價；不可交易，僅觀察,未扣成本·事後欄位以 m_ 標示·非投資建議
HO,6,2024-11-27,2024-11-28,3095,及成,TPEx,W,W_atr14@3,2,525,0.080037,,0,0,1,5.699,3.368,3.627,50.05,,不適用,0.0,0.0,575,inf,250.0,official_prepanel,small,34.0,0,可交易（DK_s＝0）,未扣成本（成本參考：2.8 折來回約 0.38%、全額約 0.585%）；交易方法狀態未知（全額交割、變更交易方法、停止信用交易的來源未提供）；容量以 s 日 vol20 估計，未模擬開盤競價量與滑價；不可交易，僅觀察,未扣成本·事後欄位以 m_ 標示·非投資建議
HO,6,2024-11-27,2024-11-28,5348,正能量智能,TPEx,W,W_atr14@3,3,525,0.079286,,0,0,1,5.298,-5.96,,4.78,,不適用,0.0,0.0,575,inf,250.0,official_prepanel,small,4.0,0,可交易（DK_s＝0）,未扣成本（成本參考：2.8 折來回約 0.38%、全額約 0.585%）；交易方法狀態未知（全額交割、變更交易方法、停止信用交易的來源未提供）；容量以 s 日 vol20 估計，未模擬開盤競價量與滑價；不可交易，僅觀察,未扣成本·事後欄位以 m_ 標示·非投資建議
HO,6,2024-11-27,2024-11-28,6228,全譜,TPEx,W,W_atr14@3,1,525,0.083994,,0,0,1,-4.334,-2.322,-5.728,96.85,,不適用,0.0,0.0,575,inf,250.0,official_prepanel,small,85.0,0,可交易（DK_s＝0）,未扣成本（成本參考：2.8 折來回約 0.38%、全額約 0.585%）；交易方法狀態未知（全額交割、變更交易方法、停止信用交易的來源未提供）；容量以 s 日 vol20 估計，未模擬開盤競價量與滑價；不可交易，僅觀察,未扣成本·事後欄位以 m_ 標示·非投資建議
HO,6,2024-11-28,2024-11-29,3202,,TPEx,W,W_atr14@3,1,523,0.159035,,1,0,1,21.801,77.962,75.355,1223.75,,不適用,1.0,5.0,576,inf,250.0,fallback_prepanel,small,6794.0,1,處置中・交易規則另案登錄（DK_s＝1）,未扣成本（成本參考：2.8 折來回約 0.38%、全額約 0.585%）；交易方法狀態未知（全額交割、變更交易方法、停止信用交易的來源未提供）；容量以 s 日 vol20 估計，未模擬開盤競價量與滑價；不可交易，僅觀察,未扣成本·事後欄位以 m_ 標示·非投資建議
HO,6,2024-11-28,2024-11-29,6144,得利影,TPEx,W,W_atr14@3,3,523,0.081822,,0,0,1,-7.8,-14.0,-15.0,110.25,,不適用,0.0,2.0,576,inf,250.0,official_prepanel,small,22.0,1,可交易（DK_s＝0）,未扣成本（成本參考：2.8 折來回約 0.38%、全額約 0.585%）；交易方法狀態未知（全額交割、變更交易方法、停止信用交易的來源未提供）；容量以 s 日 vol20 估計，未模擬開盤競價量與滑價；不可交易，僅觀察,未扣成本·事後欄位以 m_ 標示·非投資建議
HO,6,2024-11-28,2024-11-29,6228,全譜,TPEx,W,W_atr14@3,2,523,0.089344,,0,0,1,1.954,2.443,-1.629,100.0,,不適用,0.0,0.0,576,inf,250.0,official_prepanel,small,33.0,0,可交易（DK_s＝0）,未扣成本（成本參考：2.8 折來回約 0.38%、全額約 0.585%）；交易方法狀態未知（全額交割、變更交易方法、停止信用交易的來源未提供）；容量以 s 日 vol20 估計，未模擬開盤競價量與滑價；不可交易，僅觀察,未扣成本·事後欄位以 m_ 標示·非投資建議
HO,6,2024-11-29,2024-12-02,5205,中茂,TPEx,W,W_atr14@3,3,527,0.082558,,0,0,0,,,,9.06,,不適用,0.0,0.0,577,inf,250.0,official_prepanel,small,,0,可交易（DK_s＝0）,未扣成本（成本參考：2.8 折來回約 0.38%、全額約 0.585%）；交易方法狀態未知（全額交割、變更交易方法、停止信用交易的來源未提供）；容量以 s 日 vol20 估計，未模擬開盤競價量與滑價；不可交易，僅觀察,未扣成本·事後欄位以 m_ 標示·非投資建議
HO,6,2024-11-29,2024-12-02,6144,得利影,TPEx,W,W_atr14@3,1,527,0.091029,,0,0,1,-7.778,-4.556,-9.889,110.75,,不適用,1.0,3.0,577,inf,250.0,official_prepanel,small,107.0,1,處置中・交易規則另案登錄（DK_s＝1）,未扣成本（成本參考：2.8 折來回約 0.38%、全額約 0.585%）；交易方法狀態未知（全額交割、變更交易方法、停止信用交易的來源未提供）；容量以 s 日 vol20 估計，未模擬開盤競價量與滑價；不可交易，僅觀察,未扣成本·事後欄位以 m_ 標示·非投資建議
HO,6,2024-11-29,2024-12-02,6228,全譜,TPEx,W,W_atr14@3,2,527,0.088316,,0,0,1,0.318,0.954,-4.61,100.1,,不適用,0.0,0.0,577,inf,250.0,official_prepanel,small,41.0,0,可交易（DK_s＝0）,未扣成本（成本參考：2.8 折來回約 0.38%、全額約 0.585%）；交易方法狀態未知（全額交割、變更交易方法、停止信用交易的來源未提供）；容量以 s 日 vol20 估計，未模擬開盤競價量與滑價；不可交易，僅觀察,未扣成本·事後欄位以 m_ 標示·非投資建議
HO,6,2024-12-02,2024-12-03,3095,及成,TPEx,W,W_atr14@3,3,533,0.070536,,0,0,1,0.888,1.523,6.599,51.2,,不適用,0.0,0.0,578,inf,250.0,official_prepanel,small,21.0,0,可交易（DK_s＝0）,未扣成本（成本參考：2.8 折來回約 0.38%、全額約 0.585%）；交易方法狀態未知（全額交割、變更交易方法、停止信用交易的來源未提供）；容量以 s 日 vol20 估計，未模擬開盤競價量與滑價；不可交易，僅觀察,未扣成本·事後欄位以 m_ 標示·非投資建議
HO,6,2024-12-02,2024-12-03,6144,得利影,TPEx,W,W_atr14@3,1,533,0.100688,,0,0,1,4.934,-1.564,-12.154,115.75,,不適用,1.0,3.0,578,inf,250.0,official_prepanel,small,66.0,1,處置中・交易規則另案登錄（DK_s＝1）,未扣成本（成本參考：2.8 折來回約 0.38%、全額約 0.585%）；交易方法狀態未知（全額交割、變更交易方法、停止信用交易的來源未提供）；容量以 s 日 vol20 估計，未模擬開盤競價量與滑價；不可交易，僅觀察,未扣成本·事後欄位以 m_ 標示·非投資建議
HO,6,2024-12-02,2024-12-03,6228,全譜,TPEx,W,W_atr14@3,2,533,0.085578,,0,0,1,0.483,1.61,-4.67,102.05,,不適用,0.0,0.0,578,inf,250.0,official_prepanel,small,8.0,0,可交易（DK_s＝0）,未扣成本（成本參考：2.8 折來回約 0.38%、全額約 0.585%）；交易方法狀態未知（全額交割、變更交易方法、停止信用交易的來源未提供）；容量以 s 日 vol20 估計，未模擬開盤競價量與滑價；不可交易，僅觀察,未扣成本·事後欄位以 m_ 標示·非投資建議
HO,6,2024-12-03,2024-12-04,5227,立凱-KY,TPEx,W,W_atr14@3,3,541,0.070655,,0,0,1,3.148,-4.358,-3.632,543.0,,不適用,0.0,0.0,579,inf,250.0,official_prepanel,small,335.0,0,可交易（DK_s＝0）,未扣成本（成本參考：2.8 折來回約 0.38%、全額約 0.585%）；交易方法狀態未知（全額交割、變更交易方法、停止信用交易的來源未提供）；容量以 s 日 vol20 估計，未模擬開盤競價量與滑價；不可交易，僅觀察,未扣成本·事後欄位以 m_ 標示·非投資建議
HO,6,2024-12-03,2024-12-04,6144,得利影,TPEx,W,W_atr14@3,1,541,0.092808,,0,0,1,-1.932,-10.227,-21.591,118.85,,不適用,1.0,3.0,579,inf,250.0,official_prepanel,small,48.0,1,處置中・交易規則另案登錄（DK_s＝1）,未扣成本（成本參考：2.8 折來回約 0.38%、全額約 0.585%）；交易方法狀態未知（全額交割、變更交易方法、停止信用交易的來源未提供）；容量以 s 日 vol20 估計，未模擬開盤競價量與滑價；不可交易，僅觀察,未扣成本·事後欄位以 m_ 標示·非投資建議
HO,6,2024-12-03,2024-12-04,6228,全譜,TPEx,W,W_atr14@3,2,541,0.085165,,0,0,1,0.96,-1.76,-4.96,102.0,,不適用,0.0,0.0,579,inf,250.0,official_prepanel,small,32.0,0,可交易（DK_s＝0）,未扣成本（成本參考：2.8 折來回約 0.38%、全額約 0.585%）；交易方法狀態未知（全額交割、變更交易方法、停止信用交易的來源未提供）；容量以 s 日 vol20 估計，未模擬開盤競價量與滑價；不可交易，僅觀察,未扣成本·事後欄位以 m_ 標示·非投資建議
HO,6,2024-12-04,2024-12-05,5205,中茂,TPEx,W,W_atr14@3,1,537,0.095478,,0,0,1,-6.075,-9.657,-1.713,9.56,,不適用,0.0,0.0,580,inf,250.0,official_prepanel,small,9.0,0,可交易（DK_s＝0）,未扣成本（成本參考：2.8 折來回約 0.38%、全額約 0.585%）；交易方法狀態未知（全額交割、變更交易方法、停止信用交易的來源未提供）；容量以 s 日 vol20 估計，未模擬開盤競價量與滑價；不可交易，僅觀察,未扣成本·事後欄位以 m_ 標示·非投資建議
HO,6,2024-12-04,2024-12-05,6144,得利影,TPEx,W,W_atr14@3,2,537,0.088727,,0,0,1,-0.348,-7.3,-18.424,121.05,,不適用,1.0,2.0,580,inf,250.0,official_prepanel,small,35.0,1,處置中・交易規則另案登錄（DK_s＝1）,未扣成本（成本參考：2.8 折來回約 0.38%、全額約 0.585%）；交易方法狀態未知（全額交割、變更交易方法、停止信用交易的來源未提供）；容量以 s 日 vol20 估計，未模擬開盤競價量與滑價；不可交易，僅觀察,未扣成本·事後欄位以 m_ 標示·非投資建議
HO,6,2024-12-04,2024-12-05,6228,全譜,TPEx,W,W_atr14@3,3,537,0.081956,,0,0,1,-1.719,-4.844,-9.062,102.4,,不適用,0.0,0.0,580,inf,250.0,official_prepanel,small,22.0,0,可交易（DK_s＝0）,未扣成本（成本參考：2.8 折來回約 0.38%、全額約 0.585%）；交易方法狀態未知（全額交割、變更交易方法、停止信用交易的來源未提供）；容量以 s 日 vol20 估計，未模擬開盤競價量與滑價；不可交易，僅觀察,未扣成本·事後欄位以 m_ 標示·非投資建議
HO,6,2024-12-05,2024-12-06,5205,中茂,TPEx,W,W_atr14@3,1,535,0.107656,,0,0,1,0.641,-9.936,3.846,9.5,,不適用,0.0,0.0,581,inf,250.0,official_prepanel,small,11.0,0,可交易（DK_s＝0）,未扣成本（成本參考：2.8 折來回約 0.38%、全額約 0.585%）；交易方法狀態未知（全額交割、變更交易方法、停止信用交易的來源未提供）；容量以 s 日 vol20 估計，未模擬開盤競價量與滑價；不可交易，僅觀察,未扣成本·事後欄位以 m_ 標示·非投資建議
HO,6,2024-12-05,2024-12-06,6144,得利影,TPEx,W,W_atr14@3,3,535,0.083056,,0,0,1,-3.266,-4.279,-20.158,111.75,,不適用,1.0,1.0,581,inf,250.0,official_prepanel,small,28.0,1,處置中・交易規則另案登錄（DK_s＝1）,未扣成本（成本參考：2.8 折來回約 0.38%、全額約 0.585%）；交易方法狀態未知（全額交割、變更交易方法、停止信用交易的來源未提供）；容量以 s 日 vol20 估計，未模擬開盤競價量與滑價；不可交易，僅觀察,未扣成本·事後欄位以 m_ 標示·非投資建議
HO,6,2024-12-05,2024-12-06,6535,順藥,TPEx,W,W_atr14@3,2,535,0.095061,,0,0,1,0.0,-9.579,-10.748,848.16,,不適用,0.0,2.0,581,inf,250.0,official_prepanel,large,200.0,0,可交易（DK_s＝0）,未扣成本（成本參考：2.8 折來回約 0.38%、全額約 0.585%）；交易方法狀態未知（全額交割、變更交易方法、停止信用交易的來源未提供）；容量以 s 日 vol20 估計，未模擬開盤競價量與滑價；不可交易，僅觀察,未扣成本·事後欄位以 m_ 標示·非投資建議
HO,6,2024-12-06,2024-12-09,5205,中茂,TPEx,W,W_atr14@3,2,544,0.100451,,0,0,1,0.0,-5.864,-1.389,9.75,,不適用,0.0,0.0,582,inf,250.0,official_prepanel,small,1.0,0,可交易（DK_s＝0）,未扣成本（成本參考：2.8 折來回約 0.38%、全額約 0.585%）；交易方法狀態未知（全額交割、變更交易方法、停止信用交易的來源未提供）；容量以 s 日 vol20 估計，未模擬開盤競價量與滑價；不可交易，僅觀察,未扣成本·事後欄位以 m_ 標示·非投資建議
HO,6,2024-12-06,2024-12-09,6144,得利影,TPEx,W,W_atr14@3,3,544,0.080243,,0,0,1,-4.773,-5.588,-17.113,110.65,,不適用,1.0,0.0,582,inf,250.0,official_prepanel,small,24.0,1,處置中・交易規則另案登錄（DK_s＝1）,未扣成本（成本參考：2.8 折來回約 0.38%、全額約 0.585%）；交易方法狀態未知（全額交割、變更交易方法、停止信用交易的來源未提供）；容量以 s 日 vol20 估計，未模擬開盤競價量與滑價；不可交易，僅觀察,未扣成本·事後欄位以 m_ 標示·非投資建議
HO,6,2024-12-06,2024-12-09,6535,順藥,TPEx,W,W_atr14@3,1,544,0.107656,,0,0,1,0.0,-3.109,1.813,833.74,,不適用,0.0,3.0,582,inf,250.0,official_prepanel,large,185.0,1,可交易（DK_s＝0）,未扣成本（成本參考：2.8 折來回約 0.38%、全額約 0.585%）；交易方法狀態未知（全額交割、變更交易方法、停止信用交易的來源未提供）；容量以 s 日 vol20 估計，未模擬開盤競價量與滑價；不可交易，僅觀察,未扣成本·事後欄位以 m_ 標示·非投資建議
HO,6,2024-12-09,2024-12-10,6144,得利影,TPEx,W,W_atr14@3,3,545,0.084876,,0,0,1,-5.162,-12.365,-20.168,103.25,,不適用,1.0,0.0,583,inf,250.0,official_prepanel,small,16.0,1,處置中・交易規則另案登錄（DK_s＝1）,未扣成本（成本參考：2.8 折來回約 0.38%、全額約 0.585%）；交易方法狀態未知（全額交割、變更交易方法、停止信用交易的來源未提供）；容量以 s 日 vol20 估計，未模擬開盤競價量與滑價；不可交易，僅觀察,未扣成本·事後欄位以 m_ 標示·非投資建議
HO,6,2024-12-09,2024-12-10,6535,順藥,TPEx,W,W_atr14@3,1,545,0.122957,,0,0,1,15.556,-5.556,11.944,800.47,,不適用,1.0,4.0,583,inf,250.0,official_prepanel,large,4803.0,1,處置中・交易規則另案登錄（DK_s＝1）,未扣成本（成本參考：2.8 折來回約 0.38%、全額約 0.585%）；交易方法狀態未知（全額交割、變更交易方法、停止信用交易的來源未提供）；容量以 s 日 vol20 估計，未模擬開盤競價量與滑價；不可交易，僅觀察,未扣成本·事後欄位以 m_ 標示·非投資建議
HO,6,2024-12-09,2024-12-10,8101,華冠,TWSE,W,W_atr14@3,2,545,0.084949,,0,0,1,0.0,-21.444,-17.834,157.8,,不適用,1.0,5.0,583,inf,250.0,official_prepanel,small,55.0,1,處置中・交易規則另案登錄（DK_s＝1）,未扣成本（成本參考：2.8 折來回約 0.38%、全額約 0.585%）；交易方法狀態未知（全額交割、變更交易方法、停止信用交易的來源未提供）；容量以 s 日 vol20 估計，未模擬開盤競價量與滑價；不可交易，僅觀察,未扣成本·事後欄位以 m_ 標示·非投資建議
HO,6,2024-12-10,2024-12-11,6144,得利影,TPEx,W,W_atr14@3,3,555,0.088336,,0,0,1,2.041,-11.99,-18.24,102.7,,不適用,1.0,0.0,584,inf,250.0,official_prepanel,small,25.0,1,處置中・交易規則另案登錄（DK_s＝1）,未扣成本（成本參考：2.8 折來回約 0.38%、全額約 0.585%）；交易方法狀態未知（全額交割、變更交易方法、停止信用交易的來源未提供）；容量以 s 日 vol20 估計，未模擬開盤競價量與滑價；不可交易，僅觀察,未扣成本·事後欄位以 m_ 標示·非投資建議
HO,6,2024-12-10,2024-12-11,6535,順藥,TPEx,W,W_atr14@3,1,555,0.112981,,0,0,1,1.6,-6.133,7.467,973.26,,不適用,1.0,5.0,584,inf,250.0,official_prepanel,large,2757.0,1,處置中・交易規則另案登錄（DK_s＝1）,未扣成本（成本參考：2.8 折來回約 0.38%、全額約 0.585%）；交易方法狀態未知（全額交割、變更交易方法、停止信用交易的來源未提供）；容量以 s 日 vol20 估計，未模擬開盤競價量與滑價；不可交易，僅觀察,未扣成本·事後欄位以 m_ 標示·非投資建議
HO,6,2024-12-10,2024-12-11,8101,華冠,TWSE,W,W_atr14@3,2,555,0.099181,,0,0,1,13.488,-5.349,-12.093,151.38,,不適用,1.0,4.0,584,inf,250.0,official_prepanel,small,733.0,1,處置中・交易規則另案登錄（DK_s＝1）,未扣成本（成本參考：2.8 折來回約 0.38%、全額約 0.585%）；交易方法狀態未知（全額交割、變更交易方法、停止信用交易的來源未提供）；容量以 s 日 vol20 估計，未模擬開盤競價量與滑價；不可交易，僅觀察,未扣成本·事後欄位以 m_ 標示·非投資建議
HO,6,2024-12-11,2024-12-12,5205,中茂,TPEx,W,W_atr14@3,3,554,0.090661,,0,0,1,-2.091,9.93,-0.523,9.11,,不適用,0.0,0.0,585,inf,250.0,official_prepanel,small,6.0,0,可交易（DK_s＝0）,未扣成本（成本參考：2.8 折來回約 0.38%、全額約 0.585%）；交易方法狀態未知（全額交割、變更交易方法、停止信用交易的來源未提供）；容量以 s 日 vol20 估計，未模擬開盤競價量與滑價；不可交易，僅觀察,未扣成本·事後欄位以 m_ 標示·非投資建議
HO,6,2024-12-11,2024-12-12,6535,順藥,TPEx,W,W_atr14@3,1,554,0.120735,,0,0,1,-0.514,-0.514,0.771,1081.21,,不適用,1.0,5.0,585,inf,250.0,official_prepanel,large,776.0,1,處置中・交易規則另案登錄（DK_s＝1）,未扣成本（成本參考：2.8 折來回約 0.38%、全額約 0.585%）；交易方法狀態未知（全額交割、變更交易方法、停止信用交易的來源未提供）；容量以 s 日 vol20 估計，未模擬開盤競價量與滑價；不可交易，僅觀察,未扣成本·事後欄位以 m_ 標示·非投資建議
HO,6,2024-12-11,2024-12-12,8101,華冠,TWSE,W,W_atr14@3,2,554,0.105094,,0,0,1,0.0,-8.864,-17.727,185.59,,不適用,1.0,3.0,585,inf,250.0,official_prepanel,small,386.0,1,處置中・交易規則另案登錄（DK_s＝1）,未扣成本（成本參考：2.8 折來回約 0.38%、全額約 0.585%）；交易方法狀態未知（全額交割、變更交易方法、停止信用交易的來源未提供）；容量以 s 日 vol20 估計，未模擬開盤競價量與滑價；不可交易，僅觀察,未扣成本·事後欄位以 m_ 標示·非投資建議
HO,6,2024-12-12,2024-12-13,5205,中茂,TPEx,W,W_atr14@3,3,559,0.088078,,0,0,1,12.339,19.337,1.289,9.22,,不適用,0.0,0.0,586,inf,250.0,official_prepanel,small,7.0,0,可交易（DK_s＝0）,未扣成本（成本參考：2.8 折來回約 0.38%、全額約 0.585%）；交易方法狀態未知（全額交割、變更交易方法、停止信用交易的來源未提供）；容量以 s 日 vol20 估計，未模擬開盤競價量與滑價；不可交易，僅觀察,未扣成本·事後欄位以 m_ 標示·非投資建議
HO,6,2024-12-12,2024-12-13,6535,順藥,TPEx,W,W_atr14@3,2,559,0.112304,,0,0,1,-4.103,-2.051,3.333,1097.79,,不適用,1.0,5.0,586,inf,250.0,official_prepanel,large,519.0,1,處置中・交易規則另案登錄（DK_s＝1）,未扣成本（成本參考：2.8 折來回約 0.38%、全額約 0.585%）；交易方法狀態未知（全額交割、變更交易方法、停止信用交易的來源未提供）；容量以 s 日 vol20 估計，未模擬開盤競價量與滑價；不可交易，僅觀察,未扣成本·事後欄位以 m_ 標示·非投資建議
HO,6,2024-12-12,2024-12-13,8101,華冠,TWSE,W,W_atr14@3,1,559,0.120292,,0,0,1,-3.178,-4.645,-12.714,196.72,,不適用,1.0,2.0,586,inf,250.0,official_prepanel,small,327.0,1,處置中・交易規則另案登錄（DK_s＝1）,未扣成本（成本參考：2.8 折來回約 0.38%、全額約 0.585%）；交易方法狀態未知（全額交割、變更交易方法、停止信用交易的來源未提供）；容量以 s 日 vol20 估計，未模擬開盤競價量與滑價；不可交易，僅觀察,未扣成本·事後欄位以 m_ 標示·非投資建議
HO,6,2024-12-13,2024-12-16,5205,中茂,TPEx,W,W_atr14@3,3,567,0.090574,,0,0,0,,,,8.5,,不適用,0.0,0.0,587,inf,250.0,official_prepanel,small,,0,可交易（DK_s＝0）,未扣成本（成本參考：2.8 折來回約 0.38%、全額約 0.585%）；交易方法狀態未知（全額交割、變更交易方法、停止信用交易的來源未提供）；容量以 s 日 vol20 估計，未模擬開盤競價量與滑價；不可交易，僅觀察,未扣成本·事後欄位以 m_ 標示·非投資建議
HO,6,2024-12-13,2024-12-16,6535,順藥,TPEx,W,W_atr14@3,2,567,0.104689,,0,0,1,-7.859,6.504,12.466,1094.74,,不適用,1.0,5.0,587,inf,250.0,official_prepanel,large,1904.0,1,處置中・交易規則另案登錄（DK_s＝1）,未扣成本（成本參考：2.8 折來回約 0.38%、全額約 0.585%）；交易方法狀態未知（全額交割、變更交易方法、停止信用交易的來源未提供）；容量以 s 日 vol20 估計，未模擬開盤競價量與滑價；不可交易，僅觀察,未扣成本·事後欄位以 m_ 標示·非投資建議
HO,6,2024-12-13,2024-12-16,8101,華冠,TWSE,W,W_atr14@3,1,567,0.136724,,0,0,1,-3.646,2.344,-5.469,203.58,,不適用,1.0,1.0,587,inf,250.0,official_prepanel,small,91.0,1,處置中・交易規則另案登錄（DK_s＝1）,未扣成本（成本參考：2.8 折來回約 0.38%、全額約 0.585%）；交易方法狀態未知（全額交割、變更交易方法、停止信用交易的來源未提供）；容量以 s 日 vol20 估計，未模擬開盤競價量與滑價；不可交易，僅觀察,未扣成本·事後欄位以 m_ 標示·非投資建議
HO,6,2024-12-16,2024-12-17,2924,宏太-KY,TPEx,W,W_atr14@3,3,568,0.070598,,0,0,1,-6.891,-9.244,-15.63,20.32,,不適用,0.0,0.0,588,inf,250.0,official_prepanel,small,19.0,0,可交易（DK_s＝0）,未扣成本（成本參考：2.8 折來回約 0.38%、全額約 0.585%）；交易方法狀態未知（全額交割、變更交易方法、停止信用交易的來源未提供）；容量以 s 日 vol20 估計，未模擬開盤競價量與滑價；不可交易，僅觀察,未扣成本·事後欄位以 m_ 標示·非投資建議
HO,6,2024-12-16,2024-12-17,6535,順藥,TPEx,W,W_atr14@3,2,568,0.117421,,0,0,1,2.326,17.151,32.558,1157.26,,不適用,1.0,4.0,588,inf,250.0,official_prepanel,large,601.0,1,處置中・交易規則另案登錄（DK_s＝1）,未扣成本（成本參考：2.8 折來回約 0.38%、全額約 0.585%）；交易方法狀態未知（全額交割、變更交易方法、停止信用交易的來源未提供）；容量以 s 日 vol20 估計，未模擬開盤競價量與滑價；不可交易，僅觀察,未扣成本·事後欄位以 m_ 標示·非投資建議
HO,6,2024-12-16,2024-12-17,8101,華冠,TWSE,W,W_atr14@3,1,568,0.146718,,0,0,1,7.672,2.381,1.852,197.95,,不適用,1.0,1.0,588,inf,250.0,official_prepanel,small,105.0,1,處置中・交易規則另案登錄（DK_s＝1）,未扣成本（成本參考：2.8 折來回約 0.38%、全額約 0.585%）；交易方法狀態未知（全額交割、變更交易方法、停止信用交易的來源未提供）；容量以 s 日 vol20 估計，未模擬開盤競價量與滑價；不可交易，僅觀察,未扣成本·事後欄位以 m_ 標示·非投資建議
HO,6,2024-12-17,2024-12-18,2924,宏太-KY,TPEx,W,W_atr14@3,3,555,0.07491,,0,0,1,2.166,-7.04,-0.361,21.16,,不適用,0.0,0.0,589,inf,250.0,official_prepanel,small,9.0,0,可交易（DK_s＝0）,未扣成本（成本參考：2.8 折來回約 0.38%、全額約 0.585%）；交易方法狀態未知（全額交割、變更交易方法、停止信用交易的來源未提供）；容量以 s 日 vol20 估計，未模擬開盤競價量與滑價；不可交易，僅觀察,未扣成本·事後欄位以 m_ 標示·非投資建議
HO,6,2024-12-17,2024-12-18,6144,得利影,TPEx,W,W_atr14@3,2,555,0.094306,,0,0,1,1.881,-7.236,-10.854,97.25,,不適用,0.0,0.0,589,inf,250.0,official_prepanel,small,65.0,0,可交易（DK_s＝0）,未扣成本（成本參考：2.8 折來回約 0.38%、全額約 0.585%）；交易方法狀態未知（全額交割、變更交易方法、停止信用交易的來源未提供）；容量以 s 日 vol20 估計，未模擬開盤競價量與滑價；不可交易，僅觀察,未扣成本·事後欄位以 m_ 標示·非投資建議
HO,6,2024-12-17,2024-12-18,6535,順藥,TPEx,W,W_atr14@3,1,555,0.112981,,0,0,1,7.5,11.944,38.889,1154.0,,不適用,1.0,3.0,589,inf,250.0,official_prepanel,large,477.0,1,處置中・交易規則另案登錄（DK_s＝1）,未扣成本（成本參考：2.8 折來回約 0.38%、全額約 0.585%）；交易方法狀態未知（全額交割、變更交易方法、停止信用交易的來源未提供）；容量以 s 日 vol20 估計，未模擬開盤競價量與滑價；不可交易，僅觀察,未扣成本·事後欄位以 m_ 標示·非投資建議
HO,6,2024-12-18,2024-12-19,6144,得利影,TPEx,W,W_atr14@3,2,560,0.092127,,0,0,1,0.71,-8.097,-20.312,96.9,,不適用,0.0,0.0,590,inf,250.0,official_prepanel,small,33.0,0,可交易（DK_s＝0）,未扣成本（成本參考：2.8 折來回約 0.38%、全額約 0.585%）；交易方法狀態未知（全額交割、變更交易方法、停止信用交易的來源未提供）；容量以 s 日 vol20 估計，未模擬開盤競價量與滑價；不可交易，僅觀察,未扣成本·事後欄位以 m_ 標示·非投資建議
HO,6,2024-12-18,2024-12-19,8101,華冠,TWSE,W,W_atr14@3,1,560,0.137513,,0,0,1,5.121,-2.426,2.965,203.25,,不適用,1.0,2.0,590,inf,250.0,official_prepanel,small,141.0,0,處置中・交易規則另案登錄（DK_s＝1）,未扣成本（成本參考：2.8 折來回約 0.38%、全額約 0.585%）；交易方法狀態未知（全額交割、變更交易方法、停止信用交易的來源未提供）；容量以 s 日 vol20 估計，未模擬開盤競價量與滑價；不可交易，僅觀察,未扣成本·事後欄位以 m_ 標示·非投資建議
HO,6,2024-12-18,2024-12-19,8291,尚茂,TPEx,W,W_atr14@3,3,560,0.071795,,0,0,1,2.576,-2.121,7.576,12.63,,不適用,0.0,0.0,590,inf,250.0,official_prepanel,small,17.0,0,可交易（DK_s＝0）,未扣成本（成本參考：2.8 折來回約 0.38%、全額約 0.585%）；交易方法狀態未知（全額交割、變更交易方法、停止信用交易的來源未提供）；容量以 s 日 vol20 估計，未模擬開盤競價量與滑價；不可交易，僅觀察,未扣成本·事後欄位以 m_ 標示·非投資建議
HO,6,2024-12-19,2024-12-20,6144,得利影,TPEx,W,W_atr14@3,3,565,0.087548,,0,0,1,2.006,-9.456,-21.347,95.5,,不適用,0.0,0.0,591,inf,250.0,official_prepanel,small,45.0,0,可交易（DK_s＝0）,未扣成本（成本參考：2.8 折來回約 0.38%、全額約 0.585%）；交易方法狀態未知（全額交割、變更交易方法、停止信用交易的來源未提供）；容量以 s 日 vol20 估計，未模擬開盤競價量與滑價；不可交易，僅觀察,未扣成本·事後欄位以 m_ 標示·非投資建議
HO,6,2024-12-19,2024-12-20,6535,順藥,TPEx,W,W_atr14@3,2,565,0.102281,,0,0,1,2.88,5.497,23.56,1075.84,,不適用,1.0,1.0,591,inf,250.0,official_prepanel,large,254.0,1,處置中・交易規則另案登錄（DK_s＝1）,未扣成本（成本參考：2.8 折來回約 0.38%、全額約 0.585%）；交易方法狀態未知（全額交割、變更交易方法、停止信用交易的來源未提供）；容量以 s 日 vol20 估計，未模擬開盤競價量與滑價；不可交易，僅觀察,未扣成本·事後欄位以 m_ 標示·非投資建議
HO,6,2024-12-19,2024-12-20,8101,華冠,TWSE,W,W_atr14@3,1,565,0.139744,,0,0,1,-4.843,-13.559,-8.959,206.3,,不適用,0.0,2.0,591,inf,250.0,official_prepanel,small,44.0,0,可交易（DK_s＝0）,未扣成本（成本參考：2.8 折來回約 0.38%、全額約 0.585%）；交易方法狀態未知（全額交割、變更交易方法、停止信用交易的來源未提供）；容量以 s 日 vol20 估計，未模擬開盤競價量與滑價；不可交易，僅觀察,未扣成本·事後欄位以 m_ 標示·非投資建議
HO,6,2024-12-20,2024-12-23,1235,興泰,TWSE,W,W_atr14@3,3,566,0.092813,,0,0,1,-2.549,-11.935,-15.411,20.22,,不適用,0.0,0.0,592,inf,250.0,official_prepanel,mid,52.0,0,可交易（DK_s＝0）,未扣成本（成本參考：2.8 折來回約 0.38%、全額約 0.585%）；交易方法狀態未知（全額交割、變更交易方法、停止信用交易的來源未提供）；容量以 s 日 vol20 估計，未模擬開盤競價量與滑價；不可交易，僅觀察,未扣成本·事後欄位以 m_ 標示·非投資建議
HO,6,2024-12-20,2024-12-23,6535,順藥,TPEx,W,W_atr14@3,2,566,0.093966,,0,0,1,2.025,5.063,20.759,1033.37,,不適用,1.0,0.0,592,inf,250.0,official_prepanel,large,350.0,1,處置中・交易規則另案登錄（DK_s＝1）,未扣成本（成本參考：2.8 折來回約 0.38%、全額約 0.585%）；交易方法狀態未知（全額交割、變更交易方法、停止信用交易的來源未提供）；容量以 s 日 vol20 估計，未模擬開盤競價量與滑價；不可交易，僅觀察,未扣成本·事後欄位以 m_ 標示·非投資建議
HO,6,2024-12-20,2024-12-23,8101,華冠,TWSE,W,W_atr14@3,1,566,0.137041,,0,0,1,-3.25,-9.25,-9.5,206.35,,不適用,0.0,2.0,592,inf,250.0,official_prepanel,small,55.0,0,可交易（DK_s＝0）,未扣成本（成本參考：2.8 折來回約 0.38%、全額約 0.585%）；交易方法狀態未知（全額交割、變更交易方法、停止信用交易的來源未提供）；容量以 s 日 vol20 估計，未模擬開盤競價量與滑價；不可交易，僅觀察,未扣成本·事後欄位以 m_ 標示·非投資建議
HO,6,2024-12-23,2024-12-24,1225,福懋油,TWSE,W,W_atr14@3,3,575,0.095391,,0,0,1,7.85,9.903,-0.242,674.0,,不適用,0.0,0.0,593,inf,250.0,official_prepanel,mid,4033.0,0,可交易（DK_s＝0）,未扣成本（成本參考：2.8 折來回約 0.38%、全額約 0.585%）；交易方法狀態未知（全額交割、變更交易方法、停止信用交易的來源未提供）；容量以 s 日 vol20 估計，未模擬開盤競價量與滑價；不可交易，僅觀察,未扣成本·事後欄位以 m_ 標示·非投資建議
HO,6,2024-12-23,2024-12-24,1235,興泰,TWSE,W,W_atr14@3,2,575,0.097107,,0,0,1,1.728,-6.049,-14.444,21.61,,不適用,0.0,0.0,593,inf,250.0,official_prepanel,mid,37.0,0,可交易（DK_s＝0）,未扣成本（成本參考：2.8 折來回約 0.38%、全額約 0.585%）；交易方法狀態未知（全額交割、變更交易方法、停止信用交易的來源未提供）；容量以 s 日 vol20 估計，未模擬開盤競價量與滑價；不可交易，僅觀察,未扣成本·事後欄位以 m_ 標示·非投資建議
HO,6,2024-12-23,2024-12-24,8101,華冠,TWSE,W,W_atr14@3,1,575,0.134367,,0,0,1,-0.526,1.316,-5.263,191.75,,不適用,0.0,1.0,593,inf,250.0,official_prepanel,small,18.0,0,可交易（DK_s＝0）,未扣成本（成本參考：2.8 折來回約 0.38%、全額約 0.585%）；交易方法狀態未知（全額交割、變更交易方法、停止信用交易的來源未提供）；容量以 s 日 vol20 估計，未模擬開盤競價量與滑價；不可交易，僅觀察,未扣成本·事後欄位以 m_ 標示·非投資建議
HO,6,2024-12-24,2024-12-25,1225,福懋油,TWSE,W,W_atr14@3,2,575,0.097264,,0,0,1,0.33,-10.0,-8.352,881.84,,不適用,0.0,1.0,594,inf,250.0,official_prepanel,mid,954.0,0,可交易（DK_s＝0）,未扣成本（成本參考：2.8 折來回約 0.38%、全額約 0.585%）；交易方法狀態未知（全額交割、變更交易方法、停止信用交易的來源未提供）；容量以 s 日 vol20 估計，未模擬開盤競價量與滑價；不可交易，僅觀察,未扣成本·事後欄位以 m_ 標示·非投資建議
HO,6,2024-12-24,2024-12-25,1235,興泰,TWSE,W,W_atr14@3,3,575,0.0955,,0,0,1,-4.568,-8.025,-14.815,23.22,,不適用,0.0,0.0,594,inf,250.0,official_prepanel,mid,57.0,0,可交易（DK_s＝0）,未扣成本（成本參考：2.8 折來回約 0.38%、全額約 0.585%）；交易方法狀態未知（全額交割、變更交易方法、停止信用交易的來源未提供）；容量以 s 日 vol20 估計，未模擬開盤競價量與滑價；不可交易，僅觀察,未扣成本·事後欄位以 m_ 標示·非投資建議
HO,6,2024-12-24,2024-12-25,8101,華冠,TWSE,W,W_atr14@3,1,575,0.129252,,0,0,1,-2.162,4.865,-2.162,182.5,,不適用,0.0,0.0,594,inf,250.0,official_prepanel,small,100.0,0,可交易（DK_s＝0）,未扣成本（成本參考：2.8 折來回約 0.38%、全額約 0.585%）；交易方法狀態未知（全額交割、變更交易方法、停止信用交易的來源未提供）；容量以 s 日 vol20 估計，未模擬開盤競價量與滑價；不可交易，僅觀察,未扣成本·事後欄位以 m_ 標示·非投資建議
HO,6,2024-12-25,2024-12-26,1235,興泰,TWSE,W,W_atr14@3,2,566,0.100508,,0,0,1,0.515,-5.155,-12.887,25.44,,不適用,0.0,0.0,595,inf,250.0,official_prepanel,mid,39.0,0,可交易（DK_s＝0）,未扣成本（成本參考：2.8 折來回約 0.38%、全額約 0.585%）；交易方法狀態未知（全額交割、變更交易方法、停止信用交易的來源未提供）；容量以 s 日 vol20 估計，未模擬開盤競價量與滑價；不可交易，僅觀察,未扣成本·事後欄位以 m_ 標示·非投資建議
HO,6,2024-12-25,2024-12-26,6144,得利影,TPEx,W,W_atr14@3,3,566,0.095827,,0,0,1,-1.863,-12.888,24.379,77.25,,不適用,0.0,0.0,595,inf,250.0,official_prepanel,small,43.0,0,可交易（DK_s＝0）,未扣成本（成本參考：2.8 折來回約 0.38%、全額約 0.585%）；交易方法狀態未知（全額交割、變更交易方法、停止信用交易的來源未提供）；容量以 s 日 vol20 估計，未模擬開盤競價量與滑價；不可交易，僅觀察,未扣成本·事後欄位以 m_ 標示·非投資建議
HO,6,2024-12-25,2024-12-26,8101,華冠,TWSE,W,W_atr14@3,1,566,0.129637,,0,0,1,-0.557,6.407,0.836,177.8,,不適用,0.0,0.0,595,inf,250.0,official_prepanel,small,32.0,0,可交易（DK_s＝0）,未扣成本（成本參考：2.8 折來回約 0.38%、全額約 0.585%）；交易方法狀態未知（全額交割、變更交易方法、停止信用交易的來源未提供）；容量以 s 日 vol20 估計，未模擬開盤競價量與滑價；不可交易，僅觀察,未扣成本·事後欄位以 m_ 標示·非投資建議
HO,6,2024-12-26,2024-12-27,2740,華軒,TPEx,W,W_atr14@3,2,571,0.105315,,0,0,1,-9.449,,,,,不適用,0.0,0.0,596,inf,250.0,official_prepanel,small,21.0,0,可交易（DK_s＝0）,未扣成本（成本參考：2.8 折來回約 0.38%、全額約 0.585%）；交易方法狀態未知（全額交割、變更交易方法、停止信用交易的來源未提供）；容量以 s 日 vol20 估計，未模擬開盤競價量與滑價；不可交易，僅觀察,未扣成本·事後欄位以 m_ 標示·非投資建議
HO,6,2024-12-26,2024-12-27,6144,得利影,TPEx,W,W_atr14@3,3,571,0.097649,,0,0,1,1.286,-11.736,15.916,54.5,,不適用,0.0,0.0,596,inf,250.0,official_prepanel,small,30.0,0,可交易（DK_s＝0）,未扣成本（成本參考：2.8 折來回約 0.38%、全額約 0.585%）；交易方法狀態未知（全額交割、變更交易方法、停止信用交易的來源未提供）；容量以 s 日 vol20 估計，未模擬開盤競價量與滑價；不可交易，僅觀察,未扣成本·事後欄位以 m_ 標示·非投資建議
HO,6,2024-12-26,2024-12-27,8101,華冠,TWSE,W,W_atr14@3,1,571,0.108243,,0,0,1,5.523,9.302,15.698,165.65,,不適用,0.0,0.0,596,inf,250.0,official_prepanel,small,204.0,0,可交易（DK_s＝0）,未扣成本（成本參考：2.8 折來回約 0.38%、全額約 0.585%）；交易方法狀態未知（全額交割、變更交易方法、停止信用交易的來源未提供）；容量以 s 日 vol20 估計，未模擬開盤競價量與滑價；不可交易，僅觀察,未扣成本·事後欄位以 m_ 標示·非投資建議
HO,6,2024-12-27,2024-12-30,1225,福懋油,TWSE,W,W_atr14@3,2,568,0.100096,,0,0,1,1.79,-3.244,0.224,991.32,,不適用,0.0,2.0,597,inf,250.0,official_prepanel,mid,5175.0,0,可交易（DK_s＝0）,未扣成本（成本參考：2.8 折來回約 0.38%、全額約 0.585%）；交易方法狀態未知（全額交割、變更交易方法、停止信用交易的來源未提供）；容量以 s 日 vol20 估計，未模擬開盤競價量與滑價；不可交易，僅觀察,未扣成本·事後欄位以 m_ 標示·非投資建議
HO,6,2024-12-27,2024-12-30,2740,華軒,TPEx,W,W_atr14@3,1,568,0.101993,,0,0,1,-12.658,,64.557,,,不適用,0.0,0.0,597,inf,250.0,official_prepanel,small,83.0,0,可交易（DK_s＝0）,未扣成本（成本參考：2.8 折來回約 0.38%、全額約 0.585%）；交易方法狀態未知（全額交割、變更交易方法、停止信用交易的來源未提供）；容量以 s 日 vol20 估計，未模擬開盤競價量與滑價；不可交易，僅觀察,未扣成本·事後欄位以 m_ 標示·非投資建議
HO,6,2024-12-27,2024-12-30,8101,華冠,TWSE,W,W_atr14@3,3,568,0.09937,,0,0,1,6.944,0.556,8.333,167.55,,不適用,0.0,0.0,597,inf,250.0,official_prepanel,small,45.0,0,可交易（DK_s＝0）,未扣成本（成本參考：2.8 折來回約 0.38%、全額約 0.585%）；交易方法狀態未知（全額交割、變更交易方法、停止信用交易的來源未提供）；容量以 s 日 vol20 估計，未模擬開盤競價量與滑價；不可交易，僅觀察,未扣成本·事後欄位以 m_ 標示·非投資建議
HO,6,2024-12-30,2024-12-31,2740,華軒,TPEx,W,W_atr14@3,1,566,0.117351,,0,0,1,13.421,,105.0,18.4,,不適用,0.0,0.0,598,inf,250.0,official_prepanel,small,65.0,0,可交易（DK_s＝0）,未扣成本（成本參考：2.8 折來回約 0.38%、全額約 0.585%）；交易方法狀態未知（全額交割、變更交易方法、停止信用交易的來源未提供）；容量以 s 日 vol20 估計，未模擬開盤競價量與滑價；不可交易，僅觀察,未扣成本·事後欄位以 m_ 標示·非投資建議
HO,6,2024-12-30,2024-12-31,6144,得利影,TPEx,W,W_atr14@3,3,566,0.089858,,0,0,1,-1.44,6.08,-2.08,52.05,,不適用,0.0,0.0,598,inf,250.0,official_prepanel,small,20.0,0,可交易（DK_s＝0）,未扣成本（成本參考：2.8 折來回約 0.38%、全額約 0.585%）；交易方法狀態未知（全額交割、變更交易方法、停止信用交易的來源未提供）；容量以 s 日 vol20 估計，未模擬開盤競價量與滑價；不可交易，僅觀察,未扣成本·事後欄位以 m_ 標示·非投資建議
HO,6,2024-12-30,2024-12-31,8101,華冠,TWSE,W,W_atr14@3,2,566,0.090167,,0,0,1,0.779,-6.494,-4.416,165.2,,不適用,0.0,0.0,598,inf,250.0,official_prepanel,small,34.0,0,可交易（DK_s＝0）,未扣成本（成本參考：2.8 折來回約 0.38%、全額約 0.585%）；交易方法狀態未知（全額交割、變更交易方法、停止信用交易的來源未提供）；容量以 s 日 vol20 估計，未模擬開盤競價量與滑價；不可交易，僅觀察,未扣成本·事後欄位以 m_ 標示·非投資建議
HO,6,2024-12-31,2025-01-02,1225,福懋油,TWSE,W,W_atr14@3,2,562,0.102739,,0,0,1,3.841,3.346,17.844,1371.16,,不適用,0.0,1.0,599,inf,250.0,official_prepanel,mid,2841.0,0,可交易（DK_s＝0）,未扣成本（成本參考：2.8 折來回約 0.38%、全額約 0.585%）；交易方法狀態未知（全額交割、變更交易方法、停止信用交易的來源未提供）；容量以 s 日 vol20 估計，未模擬開盤競價量與滑價；不可交易，僅觀察,未扣成本·事後欄位以 m_ 標示·非投資建議
HO,6,2024-12-31,2025-01-02,2740,華軒,TPEx,W,W_atr14@3,1,562,0.114403,,0,0,0,,,,21.31,,不適用,0.0,0.0,599,inf,250.0,official_prepanel,small,,0,可交易（DK_s＝0）,未扣成本（成本參考：2.8 折來回約 0.38%、全額約 0.585%）；交易方法狀態未知（全額交割、變更交易方法、停止信用交易的來源未提供）；容量以 s 日 vol20 估計，未模擬開盤競價量與滑價；不可交易，僅觀察,未扣成本·事後欄位以 m_ 標示·非投資建議
HO,6,2024-12-31,2025-01-02,6144,得利影,TPEx,W,W_atr14@3,3,562,0.090909,,0,0,1,-8.183,19.313,-2.946,49.75,,不適用,0.0,0.0,599,inf,250.0,official_prepanel,small,114.0,0,可交易（DK_s＝0）,未扣成本（成本參考：2.8 折來回約 0.38%、全額約 0.585%）；交易方法狀態未知（全額交割、變更交易方法、停止信用交易的來源未提供）；容量以 s 日 vol20 估計，未模擬開盤競價量與滑價；不可交易，僅觀察,未扣成本·事後欄位以 m_ 標示·非投資建議
