window,fold,date_s,event_day_t,code,name,market,track,sublayer,failing_filters,list_id,rank_in_list,n_pool_day,result,global_rank_combo,score,combo_n_components,pct_key_features,source_has_value_flags,hist_len,age_off,age_cap,listing_src,vol20_s,Qmax_lots,DK_s,at_known5,m_locked_open,m_buyable,m_c1,m_c5,m_c10,m_vol_t,m_disp_t_exec,note
HO,1,2023-08-07,2023-08-08,6418,詠昇,TPEx,W,,fV300|fV100,W_atr14@3,215,418,漏網,1333,0.015991,,atr14=0.109|n_lu_250=0.661|r20=0.205|c_ma120=0.220|vr20=0.445|days_since_lu=0.528|dt_ratio20=NaN|lend_to_v=0.719|rev_yoy=0.579|o_turn=0.049|o_log_mcap=0.001|o_lu_follow=0.134,"官方日成交結構(MI_INDEX/dailyQuotes)=1|發行股數(MI_QFIIS/dailyQuotes)=1|外資持股(MI_QFIIS,僅上市)=0|自營商(T86/上櫃三大法人)=1|當沖(TWTB4U/上櫃intraday)=1|季財報(MOPS t163sb04)=1|月營收(MOPS/openapi)=1|官方產業別(MOPS t05st03)=1|融資券(MI_MARGN)=1|借券(TWT93U)=1|法人(T86)=1",256,inf,250.0,official_prepanel,44.25,,0.0,0.0,1,0,0.0,20.652,33.152,230.0,0,未扣成本·事後欄位以 m_ 標示·非投資建議
HO,1,2023-08-14,2023-08-15,4198,欣大健康,TPEx,W,,fV300|fV100|fH125|fN20,W_atr14@3,427,431,漏網,1768,,,atr14=NaN|n_lu_250=0.649|r20=0.038|c_ma120=NaN|vr20=0.992|days_since_lu=0.476|dt_ratio20=NaN|lend_to_v=NaN|rev_yoy=0.088|o_turn=0.077|o_log_mcap=0.000|o_lu_follow=0.135,"官方日成交結構(MI_INDEX/dailyQuotes)=1|發行股數(MI_QFIIS/dailyQuotes)=1|外資持股(MI_QFIIS,僅上市)=0|自營商(T86/上櫃三大法人)=0|當沖(TWTB4U/上櫃intraday)=0|季財報(MOPS t163sb04)=1|月營收(MOPS/openapi)=1|官方產業別(MOPS t05st03)=1|融資券(MI_MARGN)=0|借券(TWT93U)=0|法人(T86)=0",261,inf,250.0,official_prepanel,9.76,,0.0,0.0,0,1,9.669,32.597,,44.0,0,未扣成本·事後欄位以 m_ 標示·非投資建議
HO,1,2023-08-16,2023-08-17,4944,,TPEx,W,,fP10|fV300|fV100,W_atr14@3,93,440,漏網,901,0.028477,,atr14=0.323|n_lu_250=0.962|r20=0.328|c_ma120=0.088|vr20=0.894|days_since_lu=0.525|dt_ratio20=NaN|lend_to_v=0.015|rev_yoy=NaN|o_turn=0.131|o_log_mcap=0.000|o_lu_follow=0.979,"官方日成交結構(MI_INDEX/dailyQuotes)=1|發行股數(MI_QFIIS/dailyQuotes)=1|外資持股(MI_QFIIS,僅上市)=0|自營商(T86/上櫃三大法人)=0|當沖(TWTB4U/上櫃intraday)=0|季財報(MOPS t163sb04)=0|月營收(MOPS/openapi)=0|官方產業別(MOPS t05st03)=0|融資券(MI_MARGN)=1|借券(TWT93U)=1|法人(T86)=0",263,inf,250.0,fallback_prepanel,45.45,,0.0,0.0,0,1,7.312,55.914,65.054,930.0,0,未扣成本·事後欄位以 m_ 標示·非投資建議
HO,1,2023-08-22,2023-08-23,8033,雷虎,TWSE,W,,fBP,W_atr14@3,31,453,漏網,815,0.041758,,atr14=0.695|n_lu_250=0.992|r20=0.117|c_ma120=0.033|vr20=0.702|days_since_lu=0.192|dt_ratio20=NaN|lend_to_v=0.014|rev_yoy=0.192|o_turn=0.730|o_log_mcap=0.449|o_lu_follow=0.945,"官方日成交結構(MI_INDEX/dailyQuotes)=1|發行股數(MI_QFIIS/dailyQuotes)=1|外資持股(MI_QFIIS,僅上市)=1|自營商(T86/上櫃三大法人)=1|當沖(TWTB4U/上櫃intraday)=0|季財報(MOPS t163sb04)=1|月營收(MOPS/openapi)=1|官方產業別(MOPS t05st03)=1|融資券(MI_MARGN)=1|借券(TWT93U)=1|法人(T86)=1",267,inf,250.0,official_prepanel,1568.4,,0.0,0.0,0,1,7.317,21.013,19.512,4519.0,0,未扣成本·事後欄位以 m_ 標示·非投資建議
HO,1,2023-08-23,2023-08-24,4712,,TPEx,W,,fP10|fP5|fV300|fV100|fH125|fN20,W_atr14@3,32,449,漏網,182,0.040421,,atr14=0.711|n_lu_250=0.546|r20=0.765|c_ma120=NaN|vr20=0.327|days_since_lu=0.619|dt_ratio20=NaN|lend_to_v=0.014|rev_yoy=NaN|o_turn=0.001|o_log_mcap=0.000|o_lu_follow=0.219,"官方日成交結構(MI_INDEX/dailyQuotes)=1|發行股數(MI_QFIIS/dailyQuotes)=1|外資持股(MI_QFIIS,僅上市)=0|自營商(T86/上櫃三大法人)=0|當沖(TWTB4U/上櫃intraday)=0|季財報(MOPS t163sb04)=0|月營收(MOPS/openapi)=0|官方產業別(MOPS t05st03)=0|融資券(MI_MARGN)=1|借券(TWT93U)=1|法人(T86)=0",267,267.0,250.0,fallback_first_close,35.37,,0.0,0.0,1,0,0.0,7.765,4.706,225.0,0,未扣成本·事後欄位以 m_ 標示·非投資建議
HO,1,2023-08-25,2023-08-28,5314,世紀*,TPEx,W,,fV300|fV100,W_atr14@3,38,469,漏網,44,0.03999,,atr14=0.711|n_lu_250=0.926|r20=0.939|c_ma120=0.867|vr20=0.005|days_since_lu=0.204|dt_ratio20=NaN|lend_to_v=0.010|rev_yoy=NaN|o_turn=0.026|o_log_mcap=0.000|o_lu_follow=0.998,"官方日成交結構(MI_INDEX/dailyQuotes)=1|發行股數(MI_QFIIS/dailyQuotes)=1|外資持股(MI_QFIIS,僅上市)=0|自營商(T86/上櫃三大法人)=0|當沖(TWTB4U/上櫃intraday)=0|季財報(MOPS t163sb04)=1|月營收(MOPS/openapi)=0|官方產業別(MOPS t05st03)=1|融資券(MI_MARGN)=1|借券(TWT93U)=1|法人(T86)=0",270,inf,250.0,official_prepanel,66.95,,0.0,0.0,0,1,7.586,25.345,31.724,134.0,0,未扣成本·事後欄位以 m_ 標示·非投資建議
HO,1,2023-09-04,2023-09-05,2614,東森,TWSE,W,,fV300|fV100|fVnan|fH125|fN20|fBP,W_atr14@3,501,502,漏網,130,,,atr14=NaN|n_lu_250=0.563|r20=0.969|c_ma120=0.773|vr20=NaN|days_since_lu=0.591|dt_ratio20=NaN|lend_to_v=NaN|rev_yoy=0.449|o_turn=0.584|o_log_mcap=0.357|o_lu_follow=0.219,"官方日成交結構(MI_INDEX/dailyQuotes)=1|發行股數(MI_QFIIS/dailyQuotes)=1|外資持股(MI_QFIIS,僅上市)=1|自營商(T86/上櫃三大法人)=0|當沖(TWTB4U/上櫃intraday)=1|季財報(MOPS t163sb04)=1|月營收(MOPS/openapi)=1|官方產業別(MOPS t05st03)=1|融資券(MI_MARGN)=0|借券(TWT93U)=0|法人(T86)=0",276,inf,250.0,official_prepanel,,,0.0,0.0,0,1,9.953,11.137,8.768,3907.0,0,未扣成本·事後欄位以 m_ 標示·非投資建議
HO,1,2023-09-05,2023-09-06,9928,中視,TWSE,W,,fV300|fV100,W_atr14@3,66,520,漏網,606,0.030065,,atr14=0.583|n_lu_250=0.972|r20=0.295|c_ma120=0.184|vr20=0.397|days_since_lu=0.439|dt_ratio20=NaN|lend_to_v=0.012|rev_yoy=0.526|o_turn=0.039|o_log_mcap=0.006|o_lu_follow=0.954,"官方日成交結構(MI_INDEX/dailyQuotes)=1|發行股數(MI_QFIIS/dailyQuotes)=1|外資持股(MI_QFIIS,僅上市)=1|自營商(T86/上櫃三大法人)=1|當沖(TWTB4U/上櫃intraday)=0|季財報(MOPS t163sb04)=1|月營收(MOPS/openapi)=1|官方產業別(MOPS t05st03)=1|融資券(MI_MARGN)=1|借券(TWT93U)=1|法人(T86)=1",277,inf,250.0,official_prepanel,54.45,,0.0,0.0,0,1,8.056,21.667,50.556,936.0,0,未扣成本·事後欄位以 m_ 標示·非投資建議
HO,1,2023-09-07,2023-09-08,4529,淳紳,TPEx,W,,fP10|fV300|fV100,W_atr14@3,152,521,漏網,1159,0.020708,,atr14=0.308|n_lu_250=0.748|r20=0.224|c_ma120=0.071|vr20=0.521|days_since_lu=0.554|dt_ratio20=NaN|lend_to_v=0.010|rev_yoy=0.959|o_turn=0.020|o_log_mcap=0.003|o_lu_follow=0.877,"官方日成交結構(MI_INDEX/dailyQuotes)=1|發行股數(MI_QFIIS/dailyQuotes)=1|外資持股(MI_QFIIS,僅上市)=0|自營商(T86/上櫃三大法人)=0|當沖(TWTB4U/上櫃intraday)=0|季財報(MOPS t163sb04)=1|月營收(MOPS/openapi)=1|官方產業別(MOPS t05st03)=1|融資券(MI_MARGN)=1|借券(TWT93U)=1|法人(T86)=0",279,inf,250.0,official_prepanel,48.5,,0.0,0.0,0,1,5.876,7.345,13.559,309.0,0,未扣成本·事後欄位以 m_ 標示·非投資建議
HO,1,2023-09-13,2023-09-14,4946,辣椒,TPEx,W,,fV300|fV100,W_atr14@3,92,534,漏網,1070,0.025743,,atr14=0.456|n_lu_250=0.904|r20=0.082|c_ma120=0.058|vr20=0.014|days_since_lu=0.143|dt_ratio20=NaN|lend_to_v=NaN|rev_yoy=0.230|o_turn=0.076|o_log_mcap=0.000|o_lu_follow=0.955,"官方日成交結構(MI_INDEX/dailyQuotes)=1|發行股數(MI_QFIIS/dailyQuotes)=1|外資持股(MI_QFIIS,僅上市)=0|自營商(T86/上櫃三大法人)=1|當沖(TWTB4U/上櫃intraday)=0|季財報(MOPS t163sb04)=1|月營收(MOPS/openapi)=1|官方產業別(MOPS t05st03)=1|融資券(MI_MARGN)=0|借券(TWT93U)=0|法人(T86)=1",283,inf,250.0,official_prepanel,68.85,,0.0,0.0,0,1,5.916,11.26,12.595,119.0,0,未扣成本·事後欄位以 m_ 標示·非投資建議
HO,1,2023-09-21,2023-09-22,1435,中福,TWSE,W,,fV300|fV100|fVnan|fH125|fN20|fCD,W_atr14@3,535,564,漏網,1738,,,atr14=NaN|n_lu_250=0.736|r20=NaN|c_ma120=NaN|vr20=NaN|days_since_lu=0.004|dt_ratio20=NaN|lend_to_v=NaN|rev_yoy=0.102|o_turn=0.007|o_log_mcap=0.261|o_lu_follow=1.000,"官方日成交結構(MI_INDEX/dailyQuotes)=1|發行股數(MI_QFIIS/dailyQuotes)=1|外資持股(MI_QFIIS,僅上市)=1|自營商(T86/上櫃三大法人)=0|當沖(TWTB4U/上櫃intraday)=0|季財報(MOPS t163sb04)=1|月營收(MOPS/openapi)=1|官方產業別(MOPS t05st03)=1|融資券(MI_MARGN)=0|借券(TWT93U)=0|法人(T86)=0",289,inf,250.0,official_prepanel,,,0.0,0.0,0,1,9.941,42.433,27.596,63.0,0,未扣成本·事後欄位以 m_ 標示·非投資建議
HO,1,2023-09-28,2023-10-02,3672,康聯訊,TPEx,W,,fV300|fV100,W_atr14@3,13,561,漏網,547,0.042463,,atr14=0.835|n_lu_250=0.667|r20=NaN|c_ma120=0.105|vr20=0.063|days_since_lu=0.019|dt_ratio20=NaN|lend_to_v=0.075|rev_yoy=0.043|o_turn=0.040|o_log_mcap=0.004|o_lu_follow=0.131,"官方日成交結構(MI_INDEX/dailyQuotes)=1|發行股數(MI_QFIIS/dailyQuotes)=1|外資持股(MI_QFIIS,僅上市)=0|自營商(T86/上櫃三大法人)=1|當沖(TWTB4U/上櫃intraday)=1|季財報(MOPS t163sb04)=1|月營收(MOPS/openapi)=1|官方產業別(MOPS t05st03)=1|融資券(MI_MARGN)=1|借券(TWT93U)=1|法人(T86)=1",294,inf,250.0,official_prepanel,74.85,,0.0,0.0,0,1,3.6,12.4,8.4,123.0,0,未扣成本·事後欄位以 m_ 標示·非投資建議
HO,2,2023-10-03,2023-10-04,3530,晶相光,TWSE,W,,fV300|fV100,W_atr14@3,150,562,漏網,669,0.019164,,atr14=0.257|n_lu_250=0.556|r20=0.632|c_ma120=0.262|vr20=0.247|days_since_lu=0.245|dt_ratio20=0.475|lend_to_v=0.915|rev_yoy=0.740|o_turn=0.050|o_log_mcap=0.324|o_lu_follow=0.218,"官方日成交結構(MI_INDEX/dailyQuotes)=1|發行股數(MI_QFIIS/dailyQuotes)=1|外資持股(MI_QFIIS,僅上市)=1|自營商(T86/上櫃三大法人)=1|當沖(TWTB4U/上櫃intraday)=1|季財報(MOPS t163sb04)=1|月營收(MOPS/openapi)=1|官方產業別(MOPS t05st03)=1|融資券(MI_MARGN)=1|借券(TWT93U)=1|法人(T86)=1",296,inf,250.0,official_prepanel,97.25,,0.0,0.0,0,1,5.325,17.922,14.935,2366.0,0,未扣成本·事後欄位以 m_ 標示·非投資建議
HO,2,2023-10-05,2023-10-06,6556,勝品,TPEx,W,,fV300|fV100,W_atr14@3,262,573,漏網,1197,0.014522,,atr14=0.127|n_lu_250=0.994|r20=0.239|c_ma120=0.014|vr20=0.224|days_since_lu=0.403|dt_ratio20=NaN|lend_to_v=0.223|rev_yoy=0.086|o_turn=0.026|o_log_mcap=0.085|o_lu_follow=0.977,"官方日成交結構(MI_INDEX/dailyQuotes)=1|發行股數(MI_QFIIS/dailyQuotes)=1|外資持股(MI_QFIIS,僅上市)=0|自營商(T86/上櫃三大法人)=1|當沖(TWTB4U/上櫃intraday)=0|季財報(MOPS t163sb04)=1|月營收(MOPS/openapi)=1|官方產業別(MOPS t05st03)=1|融資券(MI_MARGN)=0|借券(TWT93U)=1|法人(T86)=1",298,inf,250.0,official_prepanel,30.45,,0.0,0.0,1,0,0.0,4.194,1.075,203.0,0,未扣成本·事後欄位以 m_ 標示·非投資建議
HO,2,2023-10-11,2023-10-12,6419,京晨科,TPEx,W,,fV300|fV100,W_atr14@3,54,585,漏網,82,0.027699,,atr14=0.511|n_lu_250=0.881|r20=0.904|c_ma120=0.930|vr20=0.102|days_since_lu=0.096|dt_ratio20=NaN|lend_to_v=NaN|rev_yoy=0.951|o_turn=0.214|o_log_mcap=0.004|o_lu_follow=0.980,"官方日成交結構(MI_INDEX/dailyQuotes)=1|發行股數(MI_QFIIS/dailyQuotes)=1|外資持股(MI_QFIIS,僅上市)=0|自營商(T86/上櫃三大法人)=1|當沖(TWTB4U/上櫃intraday)=0|季財報(MOPS t163sb04)=1|月營收(MOPS/openapi)=1|官方產業別(MOPS t05st03)=1|融資券(MI_MARGN)=0|借券(TWT93U)=0|法人(T86)=1",300,inf,250.0,official_prepanel,64.1,,0.0,0.0,1,0,0.0,31.624,41.667,104.0,0,未扣成本·事後欄位以 m_ 標示·非投資建議
HO,2,2023-10-12,2023-10-13,6482,弘煜科,TPEx,W,,fV300|fV100,W_atr14@3,66,589,漏網,225,0.026237,,atr14=0.488|n_lu_250=0.427|r20=0.954|c_ma120=0.771|vr20=0.990|days_since_lu=0.004|dt_ratio20=NaN|lend_to_v=NaN|rev_yoy=0.923|o_turn=0.616|o_log_mcap=0.005|o_lu_follow=0.363,"官方日成交結構(MI_INDEX/dailyQuotes)=1|發行股數(MI_QFIIS/dailyQuotes)=1|外資持股(MI_QFIIS,僅上市)=0|自營商(T86/上櫃三大法人)=1|當沖(TWTB4U/上櫃intraday)=0|季財報(MOPS t163sb04)=1|月營收(MOPS/openapi)=1|官方產業別(MOPS t05st03)=1|融資券(MI_MARGN)=0|借券(TWT93U)=0|法人(T86)=1",301,inf,250.0,official_prepanel,24.05,,0.0,0.0,0,1,7.572,25.0,27.644,199.0,0,未扣成本·事後欄位以 m_ 標示·非投資建議
HO,2,2023-10-13,2023-10-16,5348,正能量智能,TPEx,W,,fV300|fCD,W_atr14@3,8,583,漏網,17,0.052956,,atr14=0.945|n_lu_250=0.979|r20=0.880|c_ma120=0.990|vr20=0.715|days_since_lu=0.026|dt_ratio20=NaN|lend_to_v=NaN|rev_yoy=0.986|o_turn=0.697|o_log_mcap=0.002|o_lu_follow=0.986,"官方日成交結構(MI_INDEX/dailyQuotes)=1|發行股數(MI_QFIIS/dailyQuotes)=1|外資持股(MI_QFIIS,僅上市)=0|自營商(T86/上櫃三大法人)=1|當沖(TWTB4U/上櫃intraday)=0|季財報(MOPS t163sb04)=1|月營收(MOPS/openapi)=1|官方產業別(MOPS t05st03)=1|融資券(MI_MARGN)=0|借券(TWT93U)=0|法人(T86)=1",302,inf,250.0,official_prepanel,237.55,,0.0,0.0,0,1,9.314,20.588,5.147,614.0,0,未扣成本·事後欄位以 m_ 標示·非投資建議
HO,2,2023-10-18,2023-10-19,1781,合世,TPEx,W,,fV300|fV100,W_atr14@3,194,593,漏網,1377,0.018944,,atr14=0.202|n_lu_250=0.559|r20=0.400|c_ma120=0.087|vr20=0.585|days_since_lu=0.599|dt_ratio20=NaN|lend_to_v=0.010|rev_yoy=0.883|o_turn=0.018|o_log_mcap=0.001|o_lu_follow=0.220,"官方日成交結構(MI_INDEX/dailyQuotes)=1|發行股數(MI_QFIIS/dailyQuotes)=1|外資持股(MI_QFIIS,僅上市)=0|自營商(T86/上櫃三大法人)=0|當沖(TWTB4U/上櫃intraday)=0|季財報(MOPS t163sb04)=1|月營收(MOPS/openapi)=1|官方產業別(MOPS t05st03)=1|融資券(MI_MARGN)=1|借券(TWT93U)=1|法人(T86)=0",305,inf,250.0,official_prepanel,23.75,,0.0,0.0,0,1,3.265,13.469,10.612,176.0,0,未扣成本·事後欄位以 m_ 標示·非投資建議
HO,2,2023-10-20,2023-10-23,6292,迅德,TPEx,W,,fV300|fV100,W_atr14@3,500,590,漏網,1024,0.008004,,atr14=0.005|n_lu_250=0.170|r20=0.644|c_ma120=0.738|vr20=0.618|days_since_lu=0.846|dt_ratio20=NaN|lend_to_v=0.230|rev_yoy=0.568|o_turn=0.034|o_log_mcap=0.083|o_lu_follow=0.663,"官方日成交結構(MI_INDEX/dailyQuotes)=1|發行股數(MI_QFIIS/dailyQuotes)=1|外資持股(MI_QFIIS,僅上市)=0|自營商(T86/上櫃三大法人)=1|當沖(TWTB4U/上櫃intraday)=1|季財報(MOPS t163sb04)=1|月營收(MOPS/openapi)=1|官方產業別(MOPS t05st03)=1|融資券(MI_MARGN)=1|借券(TWT93U)=1|法人(T86)=1",307,inf,250.0,official_prepanel,39.1,,0.0,0.0,0,1,9.937,30.233,32.77,610.0,0,未扣成本·事後欄位以 m_ 標示·非投資建議
HO,2,2023-10-23,2023-10-24,6228,全譜,TPEx,W,,fV300|fV100|fVnan|fH125|fN20|fBP,W_atr14@3,582,592,漏網,16,,,atr14=NaN|n_lu_250=0.880|r20=1.000|c_ma120=0.998|vr20=NaN|days_since_lu=0.055|dt_ratio20=NaN|lend_to_v=NaN|rev_yoy=0.873|o_turn=0.123|o_log_mcap=0.000|o_lu_follow=0.017,"官方日成交結構(MI_INDEX/dailyQuotes)=1|發行股數(MI_QFIIS/dailyQuotes)=1|外資持股(MI_QFIIS,僅上市)=0|自營商(T86/上櫃三大法人)=0|當沖(TWTB4U/上櫃intraday)=0|季財報(MOPS t163sb04)=1|月營收(MOPS/openapi)=1|官方產業別(MOPS t05st03)=1|融資券(MI_MARGN)=0|借券(TWT93U)=0|法人(T86)=0",308,inf,250.0,official_prepanel,,,0.0,0.0,0,1,10.613,17.689,14.387,103.0,0,未扣成本·事後欄位以 m_ 標示·非投資建議
HO,2,2023-10-24,2023-10-25,5314,世紀*,TPEx,W,,fV300|fV100|fN20,W_atr14@3,65,598,漏網,437,0.031481,,atr14=0.564|n_lu_250=0.966|r20=0.006|c_ma120=0.615|vr20=0.023|days_since_lu=0.190|dt_ratio20=NaN|lend_to_v=0.008|rev_yoy=0.868|o_turn=0.021|o_log_mcap=0.000|o_lu_follow=0.993,"官方日成交結構(MI_INDEX/dailyQuotes)=1|發行股數(MI_QFIIS/dailyQuotes)=1|外資持股(MI_QFIIS,僅上市)=0|自營商(T86/上櫃三大法人)=0|當沖(TWTB4U/上櫃intraday)=0|季財報(MOPS t163sb04)=1|月營收(MOPS/openapi)=1|官方產業別(MOPS t05st03)=1|融資券(MI_MARGN)=1|借券(TWT93U)=1|法人(T86)=0",309,inf,250.0,official_prepanel,28.05,,0.0,0.0,0,1,9.932,26.712,26.712,17.0,0,未扣成本·事後欄位以 m_ 標示·非投資建議
HO,2,2023-10-25,2023-10-26,2424,隴華,TWSE,W,,fV300|fV100,W_atr14@3,40,598,漏網,839,0.036772,,atr14=0.694|n_lu_250=0.993|r20=0.079|c_ma120=0.006|vr20=0.384|days_since_lu=0.135|dt_ratio20=NaN|lend_to_v=0.009|rev_yoy=0.886|o_turn=0.026|o_log_mcap=0.025|o_lu_follow=0.993,"官方日成交結構(MI_INDEX/dailyQuotes)=1|發行股數(MI_QFIIS/dailyQuotes)=1|外資持股(MI_QFIIS,僅上市)=1|自營商(T86/上櫃三大法人)=0|當沖(TWTB4U/上櫃intraday)=0|季財報(MOPS t163sb04)=1|月營收(MOPS/openapi)=1|官方產業別(MOPS t05st03)=1|融資券(MI_MARGN)=1|借券(TWT93U)=1|法人(T86)=0",310,inf,250.0,official_prepanel,27.85,,0.0,0.0,0,1,7.22,14.44,17.87,56.0,0,未扣成本·事後欄位以 m_ 標示·非投資建議
HO,2,2023-10-27,2023-10-30,3523,迎輝,TPEx,W,,fV300|fV100|fH125|fN20,W_atr14@3,138,590,漏網,475,0.023649,,atr14=0.304|n_lu_250=0.168|r20=0.695|c_ma120=0.879|vr20=0.843|days_since_lu=0.670|dt_ratio20=NaN|lend_to_v=0.157|rev_yoy=0.163|o_turn=0.180|o_log_mcap=0.019|o_lu_follow=0.669,"官方日成交結構(MI_INDEX/dailyQuotes)=1|發行股數(MI_QFIIS/dailyQuotes)=1|外資持股(MI_QFIIS,僅上市)=0|自營商(T86/上櫃三大法人)=0|當沖(TWTB4U/上櫃intraday)=1|季財報(MOPS t163sb04)=1|月營收(MOPS/openapi)=1|官方產業別(MOPS t05st03)=1|融資券(MI_MARGN)=1|借券(TWT93U)=1|法人(T86)=0",312,inf,250.0,official_prepanel,54.17,,0.0,0.0,0,1,8.824,15.241,6.417,520.0,0,未扣成本·事後欄位以 m_ 標示·非投資建議
HO,2,2023-10-27,2023-10-30,4154,樂威科-KY,TPEx,W,,fV300|fV100|fH125,W_atr14@3,45,590,漏網,1037,0.036005,,atr14=0.657|n_lu_250=0.832|r20=0.028|c_ma120=0.000|vr20=0.135|days_since_lu=0.167|dt_ratio20=NaN|lend_to_v=NaN|rev_yoy=0.041|o_turn=0.133|o_log_mcap=0.000|o_lu_follow=0.990,"官方日成交結構(MI_INDEX/dailyQuotes)=1|發行股數(MI_QFIIS/dailyQuotes)=1|外資持股(MI_QFIIS,僅上市)=0|自營商(T86/上櫃三大法人)=0|當沖(TWTB4U/上櫃intraday)=0|季財報(MOPS t163sb04)=1|月營收(MOPS/openapi)=1|官方產業別(MOPS t05st03)=1|融資券(MI_MARGN)=0|借券(TWT93U)=0|法人(T86)=0",312,inf,250.0,official_prepanel,87.0,,0.0,0.0,0,1,0.372,11.524,1.487,119.0,0,未扣成本·事後欄位以 m_ 標示·非投資建議
HO,2,2023-10-30,2023-10-31,4188,安克,TPEx,W,,fV300|fV100,W_atr14@3,100,597,漏網,233,0.027082,,atr14=0.418|n_lu_250=0.865|r20=0.534|c_ma120=0.734|vr20=0.363|days_since_lu=0.236|dt_ratio20=NaN|lend_to_v=NaN|rev_yoy=0.896|o_turn=0.097|o_log_mcap=0.012|o_lu_follow=0.463,"官方日成交結構(MI_INDEX/dailyQuotes)=1|發行股數(MI_QFIIS/dailyQuotes)=1|外資持股(MI_QFIIS,僅上市)=0|自營商(T86/上櫃三大法人)=1|當沖(TWTB4U/上櫃intraday)=0|季財報(MOPS t163sb04)=1|月營收(MOPS/openapi)=1|官方產業別(MOPS t05st03)=1|融資券(MI_MARGN)=0|借券(TWT93U)=0|法人(T86)=1",313,inf,250.0,official_prepanel,73.1,,0.0,0.0,0,1,7.907,24.186,18.605,780.0,0,未扣成本·事後欄位以 m_ 標示·非投資建議
HO,2,2023-11-01,2023-11-02,6558,興能高,TWSE,W,,fV300|fV100,W_atr14@3,109,588,漏網,1124,0.02551,,atr14=0.358|n_lu_250=0.866|r20=0.202|c_ma120=0.018|vr20=0.761|days_since_lu=0.575|dt_ratio20=0.022|lend_to_v=0.907|rev_yoy=0.747|o_turn=0.073|o_log_mcap=0.066|o_lu_follow=0.911,"官方日成交結構(MI_INDEX/dailyQuotes)=1|發行股數(MI_QFIIS/dailyQuotes)=1|外資持股(MI_QFIIS,僅上市)=1|自營商(T86/上櫃三大法人)=1|當沖(TWTB4U/上櫃intraday)=1|季財報(MOPS t163sb04)=1|月營收(MOPS/openapi)=1|官方產業別(MOPS t05st03)=1|融資券(MI_MARGN)=1|借券(TWT93U)=1|法人(T86)=1",315,inf,250.0,official_prepanel,59.7,,0.0,0.0,0,1,9.314,25.98,24.51,450.0,0,未扣成本·事後欄位以 m_ 標示·非投資建議
HO,2,2023-11-02,2023-11-03,5546,永固-KY,TWSE,W,,fV300|fV100,W_atr14@3,406,599,漏網,995,0.011384,,atr14=0.028|n_lu_250=0.413|r20=0.876|c_ma120=0.191|vr20=0.245|days_since_lu=0.471|dt_ratio20=0.227|lend_to_v=0.998|rev_yoy=0.245|o_turn=0.000|o_log_mcap=0.114|o_lu_follow=0.362,"官方日成交結構(MI_INDEX/dailyQuotes)=1|發行股數(MI_QFIIS/dailyQuotes)=1|外資持股(MI_QFIIS,僅上市)=1|自營商(T86/上櫃三大法人)=1|當沖(TWTB4U/上櫃intraday)=0|季財報(MOPS t163sb04)=1|月營收(MOPS/openapi)=1|官方產業別(MOPS t05st03)=1|融資券(MI_MARGN)=1|借券(TWT93U)=1|法人(T86)=1",316,inf,250.0,official_prepanel,12.9,,0.0,0.0,0,1,10.0,10.312,-3.125,106.0,0,未扣成本·事後欄位以 m_ 標示·非投資建議
HO,2,2023-11-06,2023-11-07,3086,華義*,TPEx,W,,fV300|fV100,W_atr14@3,125,599,漏網,367,0.023774,,atr14=0.346|n_lu_250=0.654|r20=0.817|c_ma120=0.383|vr20=0.245|days_since_lu=0.428|dt_ratio20=NaN|lend_to_v=0.603|rev_yoy=0.499|o_turn=0.002|o_log_mcap=0.043|o_lu_follow=0.132,"官方日成交結構(MI_INDEX/dailyQuotes)=1|發行股數(MI_QFIIS/dailyQuotes)=1|外資持股(MI_QFIIS,僅上市)=0|自營商(T86/上櫃三大法人)=1|當沖(TWTB4U/上櫃intraday)=1|季財報(MOPS t163sb04)=1|月營收(MOPS/openapi)=1|官方產業別(MOPS t05st03)=1|融資券(MI_MARGN)=1|借券(TWT93U)=1|法人(T86)=1",318,inf,250.0,official_prepanel,11.75,,0.0,0.0,0,1,9.985,11.952,13.011,103.0,0,未扣成本·事後欄位以 m_ 標示·非投資建議
HO,2,2023-11-09,2023-11-10,4183,福永生技,TPEx,W,,fV300|fV100|fH125|fN20,W_atr14@3,600,604,漏網,1767,,,atr14=NaN|n_lu_250=0.169|r20=0.660|c_ma120=NaN|vr20=NaN|days_since_lu=0.848|dt_ratio20=NaN|lend_to_v=NaN|rev_yoy=0.503|o_turn=0.267|o_log_mcap=0.000|o_lu_follow=0.659,"官方日成交結構(MI_INDEX/dailyQuotes)=1|發行股數(MI_QFIIS/dailyQuotes)=1|外資持股(MI_QFIIS,僅上市)=0|自營商(T86/上櫃三大法人)=0|當沖(TWTB4U/上櫃intraday)=0|季財報(MOPS t163sb04)=1|月營收(MOPS/openapi)=1|官方產業別(MOPS t05st03)=1|融資券(MI_MARGN)=0|借券(TWT93U)=0|法人(T86)=0",321,inf,250.0,official_prepanel,11.2,,0.0,0.0,0,1,7.729,33.333,41.063,534.0,0,未扣成本·事後欄位以 m_ 標示·非投資建議
HO,2,2023-11-10,2023-11-13,5314,世紀*,TPEx,W,,fV300|fV100,W_atr14@3,8,594,漏網,114,0.060176,,atr14=0.948|n_lu_250=0.972|r20=0.413|c_ma120=0.920|vr20=0.065|days_since_lu=0.088|dt_ratio20=NaN|lend_to_v=0.014|rev_yoy=0.848|o_turn=0.071|o_log_mcap=0.000|o_lu_follow=0.994,"官方日成交結構(MI_INDEX/dailyQuotes)=1|發行股數(MI_QFIIS/dailyQuotes)=1|外資持股(MI_QFIIS,僅上市)=0|自營商(T86/上櫃三大法人)=0|當沖(TWTB4U/上櫃intraday)=0|季財報(MOPS t163sb04)=1|月營收(MOPS/openapi)=1|官方產業別(MOPS t05st03)=1|融資券(MI_MARGN)=1|借券(TWT93U)=1|法人(T86)=0",322,inf,250.0,official_prepanel,33.35,,0.0,0.0,1,0,0.0,44.458,25.28,72.0,0,未扣成本·事後欄位以 m_ 標示·非投資建議
HO,2,2023-11-13,2023-11-14,4413,飛寶企業,TPEx,W,,fV300|fV100|fN20,W_atr14@3,55,592,漏網,381,0.032323,,atr14=0.617|n_lu_250=0.730|r20=0.528|c_ma120=0.439|vr20=0.013|days_since_lu=0.024|dt_ratio20=NaN|lend_to_v=0.090|rev_yoy=0.059|o_turn=0.001|o_log_mcap=0.000|o_lu_follow=0.073,"官方日成交結構(MI_INDEX/dailyQuotes)=1|發行股數(MI_QFIIS/dailyQuotes)=1|外資持股(MI_QFIIS,僅上市)=0|自營商(T86/上櫃三大法人)=0|當沖(TWTB4U/上櫃intraday)=1|季財報(MOPS t163sb04)=1|月營收(MOPS/openapi)=1|官方產業別(MOPS t05st03)=1|融資券(MI_MARGN)=1|借券(TWT93U)=1|法人(T86)=0",323,inf,250.0,official_prepanel,29.95,,0.0,0.0,0,1,8.71,15.484,24.516,110.0,0,未扣成本·事後欄位以 m_ 標示·非投資建議
HO,2,2023-11-15,2023-11-16,1435,中福,TWSE,W,,fV300|fV100|fH125|fN20,W_atr14@3,574,588,漏網,1760,,,atr14=NaN|n_lu_250=0.921|r20=0.009|c_ma120=NaN|vr20=0.002|days_since_lu=0.097|dt_ratio20=NaN|lend_to_v=0.015|rev_yoy=0.104|o_turn=0.000|o_log_mcap=0.251|o_lu_follow=1.000,"官方日成交結構(MI_INDEX/dailyQuotes)=1|發行股數(MI_QFIIS/dailyQuotes)=1|外資持股(MI_QFIIS,僅上市)=1|自營商(T86/上櫃三大法人)=1|當沖(TWTB4U/上櫃intraday)=0|季財報(MOPS t163sb04)=1|月營收(MOPS/openapi)=1|官方產業別(MOPS t05st03)=1|融資券(MI_MARGN)=1|借券(TWT93U)=1|法人(T86)=1",325,inf,250.0,official_prepanel,13.18,,0.0,0.0,0,1,2.046,11.869,9.141,43.0,0,未扣成本·事後欄位以 m_ 標示·非投資建議
HO,2,2023-11-15,2023-11-16,6902,GOGOLOOK,TWSE,W,,fV300|fV100|fH125|fN20,W_atr14@3,334,588,漏網,1729,0.013272,,atr14=0.091|n_lu_250=0.643|r20=0.076|c_ma120=NaN|vr20=1.000|days_since_lu=0.409|dt_ratio20=NaN|lend_to_v=NaN|rev_yoy=0.933|o_turn=0.275|o_log_mcap=0.239|o_lu_follow=0.996,"官方日成交結構(MI_INDEX/dailyQuotes)=1|發行股數(MI_QFIIS/dailyQuotes)=1|外資持股(MI_QFIIS,僅上市)=1|自營商(T86/上櫃三大法人)=1|當沖(TWTB4U/上櫃intraday)=0|季財報(MOPS t163sb04)=1|月營收(MOPS/openapi)=1|官方產業別(MOPS t05st03)=1|融資券(MI_MARGN)=0|借券(TWT93U)=0|法人(T86)=1",86,86.0,86.0,official,8.37,,0.0,0.0,0,1,8.333,29.514,31.944,21.0,0,未扣成本·事後欄位以 m_ 標示·非投資建議
HO,2,2023-11-15,2023-11-16,6922,宸曜,TPEx,W,,fV300|fV100|fVnan|fH125|fA60|fN20,W_atr14@3,562,588,漏網,1745,,,atr14=NaN|n_lu_250=0.166|r20=NaN|c_ma120=NaN|vr20=NaN|days_since_lu=0.851|dt_ratio20=NaN|lend_to_v=NaN|rev_yoy=0.487|o_turn=0.401|o_log_mcap=0.127|o_lu_follow=0.654,"官方日成交結構(MI_INDEX/dailyQuotes)=1|發行股數(MI_QFIIS/dailyQuotes)=1|外資持股(MI_QFIIS,僅上市)=0|自營商(T86/上櫃三大法人)=0|當沖(TWTB4U/上櫃intraday)=0|季財報(MOPS t163sb04)=1|月營收(MOPS/openapi)=1|官方產業別(MOPS t05st03)=1|融資券(MI_MARGN)=0|借券(TWT93U)=0|法人(T86)=0",5,5.0,5.0,official,,,0.0,0.0,0,1,9.091,19.617,16.268,371.0,0,未扣成本·事後欄位以 m_ 標示·非投資建議
HO,2,2023-11-15,2023-11-16,6933,AMAX-KY,TWSE,W,,fV300|fV100|fVnan|fH125|fA60|fN20,W_atr14@3,561,588,漏網,1744,,,atr14=NaN|n_lu_250=0.166|r20=NaN|c_ma120=NaN|vr20=NaN|days_since_lu=0.851|dt_ratio20=NaN|lend_to_v=NaN|rev_yoy=0.184|o_turn=0.792|o_log_mcap=0.440|o_lu_follow=0.654,"官方日成交結構(MI_INDEX/dailyQuotes)=1|發行股數(MI_QFIIS/dailyQuotes)=1|外資持股(MI_QFIIS,僅上市)=1|自營商(T86/上櫃三大法人)=0|當沖(TWTB4U/上櫃intraday)=0|季財報(MOPS t163sb04)=1|月營收(MOPS/openapi)=1|官方產業別(MOPS t05st03)=1|融資券(MI_MARGN)=0|借券(TWT93U)=0|法人(T86)=0",6,6.0,6.0,official,,,0.0,0.0,0,1,9.862,34.404,17.89,1045.0,0,未扣成本·事後欄位以 m_ 標示·非投資建議
HO,2,2023-11-15,2023-11-16,8077,洛碁,TPEx,W,,fV300|fV100|fH125|fN20,W_atr14@3,578,588,漏網,1764,,,atr14=NaN|n_lu_250=0.783|r20=0.950|c_ma120=NaN|vr20=0.002|days_since_lu=0.341|dt_ratio20=NaN|lend_to_v=NaN|rev_yoy=0.947|o_turn=0.000|o_log_mcap=0.013|o_lu_follow=0.042,"官方日成交結構(MI_INDEX/dailyQuotes)=1|發行股數(MI_QFIIS/dailyQuotes)=1|外資持股(MI_QFIIS,僅上市)=0|自營商(T86/上櫃三大法人)=0|當沖(TWTB4U/上櫃intraday)=0|季財報(MOPS t163sb04)=1|月營收(MOPS/openapi)=1|官方產業別(MOPS t05st03)=1|融資券(MI_MARGN)=0|借券(TWT93U)=0|法人(T86)=0",325,inf,250.0,official_prepanel,5.29,,0.0,0.0,0,1,0.205,4.401,-2.354,16.0,0,未扣成本·事後欄位以 m_ 標示·非投資建議
HO,2,2023-11-16,2023-11-17,3149,正達,TWSE,W,,fN20|fBP,W_atr14@3,44,580,漏網,103,0.034848,,atr14=0.691|n_lu_250=0.726|r20=NaN|c_ma120=0.943|vr20=0.948|days_since_lu=0.004|dt_ratio20=NaN|lend_to_v=0.014|rev_yoy=0.162|o_turn=0.708|o_log_mcap=0.126|o_lu_follow=0.872,"官方日成交結構(MI_INDEX/dailyQuotes)=1|發行股數(MI_QFIIS/dailyQuotes)=1|外資持股(MI_QFIIS,僅上市)=1|自營商(T86/上櫃三大法人)=1|當沖(TWTB4U/上櫃intraday)=0|季財報(MOPS t163sb04)=1|月營收(MOPS/openapi)=1|官方產業別(MOPS t05st03)=1|融資券(MI_MARGN)=1|借券(TWT93U)=1|法人(T86)=1",326,inf,250.0,official_prepanel,468.32,,0.0,0.0,0,1,9.973,21.294,27.763,2518.0,0,未扣成本·事後欄位以 m_ 標示·非投資建議
HO,2,2023-11-16,2023-11-17,3285,微端,TPEx,W,,fV300|fV100,W_atr14@3,131,580,漏網,455,0.022377,,atr14=0.328|n_lu_250=0.165|r20=0.851|c_ma120=0.772|vr20=0.999|days_since_lu=0.851|dt_ratio20=NaN|lend_to_v=0.332|rev_yoy=0.178|o_turn=0.656|o_log_mcap=0.013|o_lu_follow=0.657,"官方日成交結構(MI_INDEX/dailyQuotes)=1|發行股數(MI_QFIIS/dailyQuotes)=1|外資持股(MI_QFIIS,僅上市)=0|自營商(T86/上櫃三大法人)=1|當沖(TWTB4U/上櫃intraday)=1|季財報(MOPS t163sb04)=1|月營收(MOPS/openapi)=1|官方產業別(MOPS t05st03)=1|融資券(MI_MARGN)=1|借券(TWT93U)=1|法人(T86)=1",326,inf,250.0,official_prepanel,50.45,,0.0,0.0,0,1,1.923,10.385,5.577,990.0,0,未扣成本·事後欄位以 m_ 標示·非投資建議
HO,2,2023-11-16,2023-11-17,3564,其陽,TPEx,W,,fV300|fV100,W_atr14@3,68,580,漏網,907,0.028402,,atr14=0.515|n_lu_250=0.967|r20=0.132|c_ma120=0.012|vr20=0.616|days_since_lu=0.314|dt_ratio20=NaN|lend_to_v=NaN|rev_yoy=0.161|o_turn=0.080|o_log_mcap=0.087|o_lu_follow=0.978,"官方日成交結構(MI_INDEX/dailyQuotes)=1|發行股數(MI_QFIIS/dailyQuotes)=1|外資持股(MI_QFIIS,僅上市)=0|自營商(T86/上櫃三大法人)=1|當沖(TWTB4U/上櫃intraday)=0|季財報(MOPS t163sb04)=1|月營收(MOPS/openapi)=1|官方產業別(MOPS t05st03)=1|融資券(MI_MARGN)=0|借券(TWT93U)=0|法人(T86)=1",326,inf,250.0,official_prepanel,57.55,,0.0,0.0,0,1,10.933,27.733,36.0,320.0,0,未扣成本·事後欄位以 m_ 標示·非投資建議
HO,2,2023-11-16,2023-11-17,4419,皇家美食,TPEx,W,,fV300|fV100,W_atr14@3,15,580,漏網,755,0.05214,,atr14=0.935|n_lu_250=0.967|r20=0.034|c_ma120=0.029|vr20=0.262|days_since_lu=0.176|dt_ratio20=NaN|lend_to_v=NaN|rev_yoy=0.909|o_turn=0.008|o_log_mcap=0.008|o_lu_follow=0.936,"官方日成交結構(MI_INDEX/dailyQuotes)=1|發行股數(MI_QFIIS/dailyQuotes)=1|外資持股(MI_QFIIS,僅上市)=0|自營商(T86/上櫃三大法人)=0|當沖(TWTB4U/上櫃intraday)=0|季財報(MOPS t163sb04)=1|月營收(MOPS/openapi)=1|官方產業別(MOPS t05st03)=1|融資券(MI_MARGN)=0|借券(TWT93U)=0|法人(T86)=0",326,inf,250.0,official_prepanel,26.7,,0.0,0.0,1,0,0.0,15.163,26.296,75.0,0,未扣成本·事後欄位以 m_ 標示·非投資建議
HO,2,2023-11-17,2023-11-20,3230,錦明,TPEx,W,,fP10|fV300|fV100,W_atr14@3,153,574,漏網,1352,0.020475,,atr14=0.273|n_lu_250=0.165|r20=0.475|c_ma120=0.004|vr20=0.800|days_since_lu=0.851|dt_ratio20=NaN|lend_to_v=0.298|rev_yoy=0.684|o_turn=0.194|o_log_mcap=0.001|o_lu_follow=0.661,"官方日成交結構(MI_INDEX/dailyQuotes)=1|發行股數(MI_QFIIS/dailyQuotes)=1|外資持股(MI_QFIIS,僅上市)=0|自營商(T86/上櫃三大法人)=1|當沖(TWTB4U/上櫃intraday)=0|季財報(MOPS t163sb04)=1|月營收(MOPS/openapi)=1|官方產業別(MOPS t05st03)=1|融資券(MI_MARGN)=1|借券(TWT93U)=1|法人(T86)=1",327,inf,250.0,official_prepanel,80.1,,0.0,0.0,0,1,9.663,15.092,7.818,619.0,0,未扣成本·事後欄位以 m_ 標示·非投資建議
HO,2,2023-11-20,2023-11-21,6716,應廣,TPEx,W,,fV300|fV100,W_atr14@3,259,570,漏網,954,0.015782,,atr14=0.169|n_lu_250=0.787|r20=0.097|c_ma120=0.380|vr20=0.474|days_since_lu=0.476|dt_ratio20=NaN|lend_to_v=NaN|rev_yoy=0.945|o_turn=0.005|o_log_mcap=0.124|o_lu_follow=0.836,"官方日成交結構(MI_INDEX/dailyQuotes)=1|發行股數(MI_QFIIS/dailyQuotes)=1|外資持股(MI_QFIIS,僅上市)=0|自營商(T86/上櫃三大法人)=1|當沖(TWTB4U/上櫃intraday)=0|季財報(MOPS t163sb04)=1|月營收(MOPS/openapi)=1|官方產業別(MOPS t05st03)=1|融資券(MI_MARGN)=0|借券(TWT93U)=0|法人(T86)=1",328,inf,250.0,official_prepanel,10.5,,0.0,0.0,0,1,7.424,56.918,57.48,132.0,0,未扣成本·事後欄位以 m_ 標示·非投資建議
HO,2,2023-11-21,2023-11-22,6222,立軒,TPEx,W,,fV300|fV100,W_atr14@3,21,567,漏網,760,0.047388,,atr14=0.918|n_lu_250=0.959|r20=0.083|c_ma120=0.024|vr20=0.250|days_since_lu=0.268|dt_ratio20=NaN|lend_to_v=0.015|rev_yoy=0.011|o_turn=0.031|o_log_mcap=0.005|o_lu_follow=0.954,"官方日成交結構(MI_INDEX/dailyQuotes)=1|發行股數(MI_QFIIS/dailyQuotes)=1|外資持股(MI_QFIIS,僅上市)=0|自營商(T86/上櫃三大法人)=1|當沖(TWTB4U/上櫃intraday)=0|季財報(MOPS t163sb04)=1|月營收(MOPS/openapi)=1|官方產業別(MOPS t05st03)=1|融資券(MI_MARGN)=1|借券(TWT93U)=1|法人(T86)=1",329,inf,250.0,official_prepanel,52.6,,0.0,0.0,0,1,8.353,19.332,39.857,394.0,0,未扣成本·事後欄位以 m_ 標示·非投資建議
HO,2,2023-11-22,2023-11-23,4712,,TPEx,W,,fP10|fP5|fV300|fH125,W_atr14@3,24,565,漏網,982,0.046659,,atr14=0.915|n_lu_250=0.737|r20=0.000|c_ma120=0.000|vr20=0.958|days_since_lu=0.308|dt_ratio20=NaN|lend_to_v=0.015|rev_yoy=NaN|o_turn=0.516|o_log_mcap=0.000|o_lu_follow=0.986,"官方日成交結構(MI_INDEX/dailyQuotes)=1|發行股數(MI_QFIIS/dailyQuotes)=1|外資持股(MI_QFIIS,僅上市)=0|自營商(T86/上櫃三大法人)=0|當沖(TWTB4U/上櫃intraday)=0|季財報(MOPS t163sb04)=0|月營收(MOPS/openapi)=0|官方產業別(MOPS t05st03)=0|融資券(MI_MARGN)=1|借券(TWT93U)=1|法人(T86)=0",329,329.0,250.0,fallback_first_close,114.9,,0.0,0.0,0,1,11.02,15.51,8.163,233.0,0,未扣成本·事後欄位以 m_ 標示·非投資建議
HO,2,2023-11-24,2023-11-27,6504,南六,TWSE,W,,fV300|fV100,W_atr14@3,341,537,漏網,1541,0.012374,,atr14=0.077|n_lu_250=0.413|r20=0.172|c_ma120=0.127|vr20=0.414|days_since_lu=0.639|dt_ratio20=0.973|lend_to_v=0.583|rev_yoy=0.411|o_turn=0.030|o_log_mcap=0.284|o_lu_follow=0.360,"官方日成交結構(MI_INDEX/dailyQuotes)=1|發行股數(MI_QFIIS/dailyQuotes)=1|外資持股(MI_QFIIS,僅上市)=1|自營商(T86/上櫃三大法人)=1|當沖(TWTB4U/上櫃intraday)=1|季財報(MOPS t163sb04)=1|月營收(MOPS/openapi)=1|官方產業別(MOPS t05st03)=1|融資券(MI_MARGN)=1|借券(TWT93U)=1|法人(T86)=1",332,inf,250.0,official_prepanel,54.75,,0.0,0.0,0,1,5.398,13.225,7.287,417.0,0,未扣成本·事後欄位以 m_ 標示·非投資建議
HO,2,2023-11-28,2023-11-29,3570,大塚,TPEx,W,,fV300|fV100,W_atr14@3,365,539,漏網,610,0.011821,,atr14=0.058|n_lu_250=0.665|r20=0.483|c_ma120=0.644|vr20=0.764|days_since_lu=0.540|dt_ratio20=NaN|lend_to_v=NaN|rev_yoy=0.498|o_turn=0.478|o_log_mcap=0.097|o_lu_follow=0.123,"官方日成交結構(MI_INDEX/dailyQuotes)=1|發行股數(MI_QFIIS/dailyQuotes)=1|外資持股(MI_QFIIS,僅上市)=0|自營商(T86/上櫃三大法人)=1|當沖(TWTB4U/上櫃intraday)=0|季財報(MOPS t163sb04)=1|月營收(MOPS/openapi)=1|官方產業別(MOPS t05st03)=1|融資券(MI_MARGN)=0|借券(TWT93U)=0|法人(T86)=1",334,inf,250.0,official_prepanel,60.3,,0.0,0.0,0,1,9.859,13.38,5.634,671.0,0,未扣成本·事後欄位以 m_ 標示·非投資建議
HO,2,2023-11-28,2023-11-29,6287,,TPEx,W,,fV300|fV100|fH125|fN20,W_atr14@3,532,539,漏網,1443,,,atr14=NaN|n_lu_250=0.739|r20=0.054|c_ma120=0.000|vr20=0.033|days_since_lu=0.067|dt_ratio20=NaN|lend_to_v=0.014|rev_yoy=NaN|o_turn=0.000|o_log_mcap=0.034|o_lu_follow=0.068,"官方日成交結構(MI_INDEX/dailyQuotes)=1|發行股數(MI_QFIIS/dailyQuotes)=1|外資持股(MI_QFIIS,僅上市)=0|自營商(T86/上櫃三大法人)=0|當沖(TWTB4U/上櫃intraday)=0|季財報(MOPS t163sb04)=0|月營收(MOPS/openapi)=0|官方產業別(MOPS t05st03)=0|融資券(MI_MARGN)=1|借券(TWT93U)=1|法人(T86)=0",334,inf,250.0,fallback_prepanel,14.38,,0.0,0.0,0,1,7.664,29.197,17.153,38.0,0,未扣成本·事後欄位以 m_ 標示·非投資建議
HO,2,2023-11-29,2023-11-30,3086,華義*,TPEx,W,,fV300|fV100,W_atr14@3,61,538,漏網,133,0.031858,,atr14=0.665|n_lu_250=0.792|r20=0.910|c_ma120=0.775|vr20=0.437|days_since_lu=0.120|dt_ratio20=NaN|lend_to_v=0.183|rev_yoy=0.391|o_turn=0.243|o_log_mcap=0.061|o_lu_follow=0.497,"官方日成交結構(MI_INDEX/dailyQuotes)=1|發行股數(MI_QFIIS/dailyQuotes)=1|外資持股(MI_QFIIS,僅上市)=0|自營商(T86/上櫃三大法人)=1|當沖(TWTB4U/上櫃intraday)=1|季財報(MOPS t163sb04)=1|月營收(MOPS/openapi)=1|官方產業別(MOPS t05st03)=1|融資券(MI_MARGN)=1|借券(TWT93U)=1|法人(T86)=1",335,inf,250.0,official_prepanel,67.95,,0.0,0.0,0,1,9.615,11.026,35.256,354.0,0,未扣成本·事後欄位以 m_ 標示·非投資建議
HO,2,2023-11-29,2023-11-30,3555,博士旺,TPEx,W,,fV300|fV100|fN20,W_atr14@3,49,538,漏網,812,0.036392,,atr14=0.790|n_lu_250=0.665|r20=0.208|c_ma120=0.025|vr20=0.005|days_since_lu=0.113|dt_ratio20=NaN|lend_to_v=0.015|rev_yoy=0.990|o_turn=0.000|o_log_mcap=0.005|o_lu_follow=0.122,"官方日成交結構(MI_INDEX/dailyQuotes)=1|發行股數(MI_QFIIS/dailyQuotes)=1|外資持股(MI_QFIIS,僅上市)=0|自營商(T86/上櫃三大法人)=0|當沖(TWTB4U/上櫃intraday)=0|季財報(MOPS t163sb04)=1|月營收(MOPS/openapi)=1|官方產業別(MOPS t05st03)=1|融資券(MI_MARGN)=1|借券(TWT93U)=1|法人(T86)=0",335,inf,250.0,official_prepanel,21.11,,0.0,0.0,0,1,9.968,24.684,7.437,38.0,0,未扣成本·事後欄位以 m_ 標示·非投資建議
HO,2,2023-11-29,2023-11-30,4154,樂威科-KY,TPEx,W,,fV300|fV100,W_atr14@3,44,538,漏網,923,0.038334,,atr14=0.815|n_lu_250=0.907|r20=0.009|c_ma120=0.003|vr20=0.285|days_since_lu=0.155|dt_ratio20=NaN|lend_to_v=NaN|rev_yoy=0.014|o_turn=0.068|o_log_mcap=0.000|o_lu_follow=0.993,"官方日成交結構(MI_INDEX/dailyQuotes)=1|發行股數(MI_QFIIS/dailyQuotes)=1|外資持股(MI_QFIIS,僅上市)=0|自營商(T86/上櫃三大法人)=1|當沖(TWTB4U/上櫃intraday)=0|季財報(MOPS t163sb04)=1|月營收(MOPS/openapi)=1|官方產業別(MOPS t05st03)=1|融資券(MI_MARGN)=0|借券(TWT93U)=0|法人(T86)=1",335,inf,250.0,official_prepanel,46.45,,0.0,0.0,0,1,5.185,4.074,7.407,111.0,0,未扣成本·事後欄位以 m_ 標示·非投資建議
HO,2,2023-11-29,2023-11-30,4905,台聯電,TPEx,W,,fV300|fV100|fH125|fN20,W_atr14@3,83,538,漏網,643,0.027388,,atr14=0.556|n_lu_250=0.739|r20=0.102|c_ma120=0.396|vr20=0.372|days_since_lu=0.447|dt_ratio20=NaN|lend_to_v=0.162|rev_yoy=0.764|o_turn=0.010|o_log_mcap=0.081|o_lu_follow=1.000,"官方日成交結構(MI_INDEX/dailyQuotes)=1|發行股數(MI_QFIIS/dailyQuotes)=1|外資持股(MI_QFIIS,僅上市)=0|自營商(T86/上櫃三大法人)=1|當沖(TWTB4U/上櫃intraday)=1|季財報(MOPS t163sb04)=1|月營收(MOPS/openapi)=1|官方產業別(MOPS t05st03)=1|融資券(MI_MARGN)=1|借券(TWT93U)=1|法人(T86)=1",335,inf,250.0,official_prepanel,16.47,,0.0,0.0,0,1,6.183,10.081,8.737,192.0,0,未扣成本·事後欄位以 m_ 標示·非投資建議
HO,2,2023-11-29,2023-11-30,6259,百徽,TPEx,W,,fV300|fV100|fH125|fN20,W_atr14@3,235,538,漏網,1127,0.016654,,atr14=0.194|n_lu_250=0.419|r20=NaN|c_ma120=0.259|vr20=0.027|days_since_lu=0.630|dt_ratio20=NaN|lend_to_v=NaN|rev_yoy=0.224|o_turn=0.000|o_log_mcap=0.000|o_lu_follow=0.358,"官方日成交結構(MI_INDEX/dailyQuotes)=1|發行股數(MI_QFIIS/dailyQuotes)=1|外資持股(MI_QFIIS,僅上市)=0|自營商(T86/上櫃三大法人)=0|當沖(TWTB4U/上櫃intraday)=0|季財報(MOPS t163sb04)=1|月營收(MOPS/openapi)=1|官方產業別(MOPS t05st03)=1|融資券(MI_MARGN)=0|借券(TWT93U)=0|法人(T86)=0",335,inf,250.0,official_prepanel,13.79,,0.0,0.0,0,1,8.718,14.103,15.897,212.0,0,未扣成本·事後欄位以 m_ 標示·非投資建議
HO,2,2023-11-30,2023-12-01,6124,業強,TPEx,W,,fV300|fV100,W_atr14@3,186,523,漏網,909,0.017738,,atr14=0.235|n_lu_250=0.926|r20=0.340|c_ma120=0.009|vr20=0.318|days_since_lu=0.337|dt_ratio20=NaN|lend_to_v=0.897|rev_yoy=0.657|o_turn=0.000|o_log_mcap=0.300|o_lu_follow=0.856,"官方日成交結構(MI_INDEX/dailyQuotes)=1|發行股數(MI_QFIIS/dailyQuotes)=1|外資持股(MI_QFIIS,僅上市)=0|自營商(T86/上櫃三大法人)=1|當沖(TWTB4U/上櫃intraday)=1|季財報(MOPS t163sb04)=1|月營收(MOPS/openapi)=1|官方產業別(MOPS t05st03)=1|融資券(MI_MARGN)=1|借券(TWT93U)=1|法人(T86)=1",336,inf,250.0,official_prepanel,44.15,,0.0,0.0,0,1,6.28,5.636,2.254,362.0,0,未扣成本·事後欄位以 m_ 標示·非投資建議
HO,2,2023-12-01,2023-12-04,6241,鑫永洋,TPEx,W,,fV300|fV100,W_atr14@3,120,512,漏網,1380,0.021909,,atr14=0.415|n_lu_250=0.420|r20=0.078|c_ma120=0.032|vr20=0.786|days_since_lu=0.538|dt_ratio20=NaN|lend_to_v=0.015|rev_yoy=0.129|o_turn=0.155|o_log_mcap=0.001|o_lu_follow=0.358,"官方日成交結構(MI_INDEX/dailyQuotes)=1|發行股數(MI_QFIIS/dailyQuotes)=1|外資持股(MI_QFIIS,僅上市)=0|自營商(T86/上櫃三大法人)=0|當沖(TWTB4U/上櫃intraday)=0|季財報(MOPS t163sb04)=1|月營收(MOPS/openapi)=1|官方產業別(MOPS t05st03)=1|融資券(MI_MARGN)=1|借券(TWT93U)=1|法人(T86)=0",337,inf,250.0,official_prepanel,53.3,,0.0,0.0,0,1,7.407,10.7,13.58,207.0,0,未扣成本·事後欄位以 m_ 標示·非投資建議
HO,2,2023-12-04,2023-12-05,1466,聚隆,TWSE,W,,fV300|fV100,W_atr14@3,264,504,漏網,1068,0.013724,,atr14=0.109|n_lu_250=0.171|r20=0.603|c_ma120=0.348|vr20=0.459|days_since_lu=0.853|dt_ratio20=0.019|lend_to_v=0.676|rev_yoy=0.884|o_turn=0.022|o_log_mcap=0.018|o_lu_follow=0.683,"官方日成交結構(MI_INDEX/dailyQuotes)=1|發行股數(MI_QFIIS/dailyQuotes)=1|外資持股(MI_QFIIS,僅上市)=1|自營商(T86/上櫃三大法人)=1|當沖(TWTB4U/上櫃intraday)=1|季財報(MOPS t163sb04)=1|月營收(MOPS/openapi)=1|官方產業別(MOPS t05st03)=1|融資券(MI_MARGN)=1|借券(TWT93U)=1|法人(T86)=1",338,inf,250.0,official_prepanel,75.2,,0.0,0.0,0,1,9.607,18.777,18.341,877.0,0,未扣成本·事後欄位以 m_ 標示·非投資建議
HO,2,2023-12-04,2023-12-05,3229,晟鈦,TWSE,W,,fV300|fV100,W_atr14@3,295,504,漏網,1433,0.012433,,atr14=0.082|n_lu_250=0.553|r20=0.192|c_ma120=0.057|vr20=0.884|days_since_lu=0.374|dt_ratio20=NaN|lend_to_v=0.016|rev_yoy=0.309|o_turn=0.043|o_log_mcap=0.006|o_lu_follow=0.217,"官方日成交結構(MI_INDEX/dailyQuotes)=1|發行股數(MI_QFIIS/dailyQuotes)=1|外資持股(MI_QFIIS,僅上市)=1|自營商(T86/上櫃三大法人)=1|當沖(TWTB4U/上櫃intraday)=0|季財報(MOPS t163sb04)=1|月營收(MOPS/openapi)=1|官方產業別(MOPS t05st03)=1|融資券(MI_MARGN)=1|借券(TWT93U)=1|法人(T86)=1",338,inf,250.0,official_prepanel,23.2,,0.0,0.0,0,1,8.054,9.396,5.369,423.0,0,未扣成本·事後欄位以 m_ 標示·非投資建議
HO,2,2023-12-04,2023-12-05,6199,天品,TPEx,W,,fV300|fV100|fH125|fN20,W_atr14@3,112,504,漏網,682,0.023193,,atr14=0.444|n_lu_250=0.419|r20=0.426|c_ma120=NaN|vr20=0.489|days_since_lu=0.650|dt_ratio20=NaN|lend_to_v=NaN|rev_yoy=0.062|o_turn=0.003|o_log_mcap=0.017|o_lu_follow=0.357,"官方日成交結構(MI_INDEX/dailyQuotes)=1|發行股數(MI_QFIIS/dailyQuotes)=1|外資持股(MI_QFIIS,僅上市)=0|自營商(T86/上櫃三大法人)=1|當沖(TWTB4U/上櫃intraday)=0|季財報(MOPS t163sb04)=1|月營收(MOPS/openapi)=1|官方產業別(MOPS t05st03)=1|融資券(MI_MARGN)=0|借券(TWT93U)=0|法人(T86)=1",338,inf,250.0,official_prepanel,16.05,,0.0,0.0,0,1,9.25,22.5,30.5,42.0,0,未扣成本·事後欄位以 m_ 標示·非投資建議
HO,2,2023-12-04,2023-12-05,6222,立軒,TPEx,W,,fV300|fCD,W_atr14@3,8,504,漏網,68,0.058429,,atr14=0.981|n_lu_250=0.977|r20=0.970|c_ma120=0.595|vr20=0.945|days_since_lu=0.060|dt_ratio20=NaN|lend_to_v=0.016|rev_yoy=0.009|o_turn=0.693|o_log_mcap=0.011|o_lu_follow=0.961,"官方日成交結構(MI_INDEX/dailyQuotes)=1|發行股數(MI_QFIIS/dailyQuotes)=1|外資持股(MI_QFIIS,僅上市)=0|自營商(T86/上櫃三大法人)=1|當沖(TWTB4U/上櫃intraday)=0|季財報(MOPS t163sb04)=1|月營收(MOPS/openapi)=1|官方產業別(MOPS t05st03)=1|融資券(MI_MARGN)=1|借券(TWT93U)=1|法人(T86)=1",338,inf,250.0,official_prepanel,184.65,,0.0,0.0,0,1,5.018,29.391,57.706,678.0,0,未扣成本·事後欄位以 m_ 標示·非投資建議
HO,2,2023-12-04,2023-12-05,8472,納維康,TPEx,W,,fV300|fV100|fH125,W_atr14@3,128,504,漏網,1380,0.021173,,atr14=0.377|n_lu_250=0.171|r20=0.355|c_ma120=0.020|vr20=0.050|days_since_lu=0.853|dt_ratio20=NaN|lend_to_v=NaN|rev_yoy=0.606|o_turn=0.000|o_log_mcap=0.000|o_lu_follow=0.683,"官方日成交結構(MI_INDEX/dailyQuotes)=1|發行股數(MI_QFIIS/dailyQuotes)=1|外資持股(MI_QFIIS,僅上市)=0|自營商(T86/上櫃三大法人)=0|當沖(TWTB4U/上櫃intraday)=0|季財報(MOPS t163sb04)=1|月營收(MOPS/openapi)=1|官方產業別(MOPS t05st03)=1|融資券(MI_MARGN)=0|借券(TWT93U)=0|法人(T86)=0",338,inf,250.0,official_prepanel,6.4,,0.0,0.0,0,1,9.881,16.865,29.642,60.0,0,未扣成本·事後欄位以 m_ 標示·非投資建議
HO,2,2023-12-07,2023-12-08,3191,雲嘉南,TPEx,W,,fV300|fV100,W_atr14@3,67,483,漏網,1012,0.029245,,atr14=0.579|n_lu_250=0.904|r20=0.034|c_ma120=0.020|vr20=0.914|days_since_lu=0.428|dt_ratio20=NaN|lend_to_v=0.017|rev_yoy=0.634|o_turn=0.196|o_log_mcap=0.004|o_lu_follow=0.992,"官方日成交結構(MI_INDEX/dailyQuotes)=1|發行股數(MI_QFIIS/dailyQuotes)=1|外資持股(MI_QFIIS,僅上市)=0|自營商(T86/上櫃三大法人)=0|當沖(TWTB4U/上櫃intraday)=0|季財報(MOPS t163sb04)=1|月營收(MOPS/openapi)=1|官方產業別(MOPS t05st03)=1|融資券(MI_MARGN)=1|借券(TWT93U)=1|法人(T86)=0",341,inf,250.0,official_prepanel,69.15,,0.0,0.0,0,1,5.909,17.727,9.091,539.0,0,未扣成本·事後欄位以 m_ 標示·非投資建議
HO,2,2023-12-07,2023-12-08,3499,環天科,TPEx,W,,fV300|fV100,W_atr14@3,113,483,漏網,624,0.022298,,atr14=0.393|n_lu_250=0.655|r20=0.672|c_ma120=0.211|vr20=0.983|days_since_lu=0.583|dt_ratio20=NaN|lend_to_v=0.282|rev_yoy=0.653|o_turn=0.603|o_log_mcap=0.007|o_lu_follow=0.916,"官方日成交結構(MI_INDEX/dailyQuotes)=1|發行股數(MI_QFIIS/dailyQuotes)=1|外資持股(MI_QFIIS,僅上市)=0|自營商(T86/上櫃三大法人)=1|當沖(TWTB4U/上櫃intraday)=0|季財報(MOPS t163sb04)=1|月營收(MOPS/openapi)=1|官方產業別(MOPS t05st03)=1|融資券(MI_MARGN)=1|借券(TWT93U)=1|法人(T86)=1",341,inf,250.0,official_prepanel,75.75,,0.0,0.0,1,0,0.0,12.048,9.88,1252.0,0,未扣成本·事後欄位以 m_ 標示·非投資建議
HO,2,2023-12-08,2023-12-11,2443,,TWSE,W,,fP10|fP5|fH125,W_atr14@3,4,485,漏網,852,0.064626,,atr14=0.988|n_lu_250=0.833|r20=0.022|c_ma120=0.015|vr20=0.892|days_since_lu=0.230|dt_ratio20=NaN|lend_to_v=0.017|rev_yoy=NaN|o_turn=0.457|o_log_mcap=0.000|o_lu_follow=0.477,"官方日成交結構(MI_INDEX/dailyQuotes)=1|發行股數(MI_QFIIS/dailyQuotes)=1|外資持股(MI_QFIIS,僅上市)=1|自營商(T86/上櫃三大法人)=1|當沖(TWTB4U/上櫃intraday)=0|季財報(MOPS t163sb04)=0|月營收(MOPS/openapi)=0|官方產業別(MOPS t05st03)=0|融資券(MI_MARGN)=1|借券(TWT93U)=1|法人(T86)=1",342,inf,250.0,fallback_prepanel,371.0,,0.0,0.0,0,1,0.671,9.396,39.262,2137.0,0,未扣成本·事後欄位以 m_ 標示·非投資建議
HO,2,2023-12-08,2023-12-11,3086,華義*,TPEx,W,,fV300|fCD,W_atr14@3,16,485,漏網,54,0.050963,,atr14=0.933|n_lu_250=0.874|r20=0.907|c_ma120=0.923|vr20=0.201|days_since_lu=0.053|dt_ratio20=NaN|lend_to_v=0.068|rev_yoy=0.393|o_turn=0.439|o_log_mcap=0.087|o_lu_follow=0.895,"官方日成交結構(MI_INDEX/dailyQuotes)=1|發行股數(MI_QFIIS/dailyQuotes)=1|外資持股(MI_QFIIS,僅上市)=0|自營商(T86/上櫃三大法人)=1|當沖(TWTB4U/上櫃intraday)=1|季財報(MOPS t163sb04)=1|月營收(MOPS/openapi)=1|官方產業別(MOPS t05st03)=1|融資券(MI_MARGN)=1|借券(TWT93U)=1|法人(T86)=1",342,inf,250.0,official_prepanel,221.4,,0.0,1.0,0,1,5.382,17.33,57.696,427.0,0,未扣成本·事後欄位以 m_ 標示·非投資建議
HO,2,2023-12-12,2023-12-13,1805,寶徠,TWSE,W,,fV300|fH125|fBP,W_atr14@3,38,478,漏網,602,0.038726,,atr14=0.782|n_lu_250=0.552|r20=0.007|c_ma120=0.751|vr20=0.995|days_since_lu=0.250|dt_ratio20=NaN|lend_to_v=0.017|rev_yoy=0.289|o_turn=0.703|o_log_mcap=0.005|o_lu_follow=0.219,"官方日成交結構(MI_INDEX/dailyQuotes)=1|發行股數(MI_QFIIS/dailyQuotes)=1|外資持股(MI_QFIIS,僅上市)=1|自營商(T86/上櫃三大法人)=1|當沖(TWTB4U/上櫃intraday)=0|季財報(MOPS t163sb04)=1|月營收(MOPS/openapi)=1|官方產業別(MOPS t05st03)=1|融資券(MI_MARGN)=1|借券(TWT93U)=1|法人(T86)=1",344,inf,250.0,official_prepanel,111.25,,0.0,0.0,0,1,9.639,20.08,8.835,500.0,0,未扣成本·事後欄位以 m_ 標示·非投資建議
HO,2,2023-12-12,2023-12-13,6658,聯策,TWSE,W,,fV300|fH125|fA60,W_atr14@3,178,478,漏網,1776,0.017541,,atr14=0.214|n_lu_250=0.169|r20=0.637|c_ma120=NaN|vr20=0.894|days_since_lu=0.856|dt_ratio20=NaN|lend_to_v=NaN|rev_yoy=0.032|o_turn=0.512|o_log_mcap=0.023|o_lu_follow=0.681,"官方日成交結構(MI_INDEX/dailyQuotes)=1|發行股數(MI_QFIIS/dailyQuotes)=1|外資持股(MI_QFIIS,僅上市)=1|自營商(T86/上櫃三大法人)=1|當沖(TWTB4U/上櫃intraday)=0|季財報(MOPS t163sb04)=1|月營收(MOPS/openapi)=1|官方產業別(MOPS t05st03)=1|融資券(MI_MARGN)=0|借券(TWT93U)=0|法人(T86)=1",29,29.0,29.0,official,100.1,,0.0,0.0,0,1,9.034,7.905,11.167,478.0,0,未扣成本·事後欄位以 m_ 標示·非投資建議
HO,2,2023-12-14,2023-12-15,2032,新鋼,TWSE,W,,fV300|fV100,W_atr14@3,313,479,漏網,1432,0.01183,,atr14=0.062|n_lu_250=0.414|r20=0.329|c_ma120=0.129|vr20=0.438|days_since_lu=0.653|dt_ratio20=0.030|lend_to_v=0.903|rev_yoy=0.419|o_turn=0.007|o_log_mcap=0.090|o_lu_follow=0.364,"官方日成交結構(MI_INDEX/dailyQuotes)=1|發行股數(MI_QFIIS/dailyQuotes)=1|外資持股(MI_QFIIS,僅上市)=1|自營商(T86/上櫃三大法人)=1|當沖(TWTB4U/上櫃intraday)=1|季財報(MOPS t163sb04)=1|月營收(MOPS/openapi)=1|官方產業別(MOPS t05st03)=1|融資券(MI_MARGN)=1|借券(TWT93U)=1|法人(T86)=1",346,inf,250.0,official_prepanel,94.3,,0.0,0.0,0,1,10.0,18.125,20.0,3692.0,0,未扣成本·事後欄位以 m_ 標示·非投資建議
HO,2,2023-12-15,2023-12-18,8477,創業家,TPEx,W,,fV300|fV100,W_atr14@3,140,478,漏網,1445,0.020238,,atr14=0.305|n_lu_250=0.418|r20=0.106|c_ma120=0.120|vr20=0.710|days_since_lu=0.577|dt_ratio20=NaN|lend_to_v=0.017|rev_yoy=0.118|o_turn=0.088|o_log_mcap=0.000|o_lu_follow=0.360,"官方日成交結構(MI_INDEX/dailyQuotes)=1|發行股數(MI_QFIIS/dailyQuotes)=1|外資持股(MI_QFIIS,僅上市)=0|自營商(T86/上櫃三大法人)=0|當沖(TWTB4U/上櫃intraday)=0|季財報(MOPS t163sb04)=1|月營收(MOPS/openapi)=1|官方產業別(MOPS t05st03)=1|融資券(MI_MARGN)=1|借券(TWT93U)=1|法人(T86)=0",347,inf,250.0,official_prepanel,37.25,,0.0,0.0,0,1,8.197,21.311,52.787,674.0,0,未扣成本·事後欄位以 m_ 標示·非投資建議
HO,2,2023-12-19,2023-12-20,1435,中福,TWSE,W,,fV300|fV100|fH125,W_atr14@3,29,468,漏網,474,0.042027,,atr14=0.806|n_lu_250=0.962|r20=0.081|c_ma120=NaN|vr20=0.000|days_since_lu=0.037|dt_ratio20=NaN|lend_to_v=0.017|rev_yoy=0.055|o_turn=0.000|o_log_mcap=0.325|o_lu_follow=1.000,"官方日成交結構(MI_INDEX/dailyQuotes)=1|發行股數(MI_QFIIS/dailyQuotes)=1|外資持股(MI_QFIIS,僅上市)=1|自營商(T86/上櫃三大法人)=1|當沖(TWTB4U/上櫃intraday)=0|季財報(MOPS t163sb04)=1|月營收(MOPS/openapi)=1|官方產業別(MOPS t05st03)=1|融資券(MI_MARGN)=1|借券(TWT93U)=1|法人(T86)=1",349,inf,250.0,official_prepanel,65.45,,0.0,0.0,0,1,3.613,9.207,20.746,252.0,0,未扣成本·事後欄位以 m_ 標示·非投資建議
HO,2,2023-12-19,2023-12-20,2443,,TWSE,W,,fP10|fP5|fH125|fCD,W_atr14@3,4,468,漏網,178,0.060931,,atr14=0.969|n_lu_250=0.906|r20=0.871|c_ma120=0.306|vr20=0.473|days_since_lu=0.037|dt_ratio20=NaN|lend_to_v=0.017|rev_yoy=NaN|o_turn=0.301|o_log_mcap=0.000|o_lu_follow=0.869,"官方日成交結構(MI_INDEX/dailyQuotes)=1|發行股數(MI_QFIIS/dailyQuotes)=1|外資持股(MI_QFIIS,僅上市)=1|自營商(T86/上櫃三大法人)=1|當沖(TWTB4U/上櫃intraday)=0|季財報(MOPS t163sb04)=0|月營收(MOPS/openapi)=0|官方產業別(MOPS t05st03)=0|融資券(MI_MARGN)=1|借券(TWT93U)=1|法人(T86)=1",349,inf,250.0,fallback_prepanel,662.05,,0.0,0.0,0,1,9.904,60.064,55.591,1073.0,0,未扣成本·事後欄位以 m_ 標示·非投資建議
HO,2,2023-12-19,2023-12-20,3609,三一東林,TPEx,W,,fV300|fV100,W_atr14@3,17,468,漏網,1499,0.05102,,atr14=0.913|n_lu_250=0.170|r20=0.000|c_ma120=0.000|vr20=0.981|days_since_lu=0.697|dt_ratio20=NaN|lend_to_v=0.145|rev_yoy=0.056|o_turn=0.548|o_log_mcap=0.004|o_lu_follow=0.672,"官方日成交結構(MI_INDEX/dailyQuotes)=1|發行股數(MI_QFIIS/dailyQuotes)=1|外資持股(MI_QFIIS,僅上市)=0|自營商(T86/上櫃三大法人)=1|當沖(TWTB4U/上櫃intraday)=1|季財報(MOPS t163sb04)=1|月營收(MOPS/openapi)=1|官方產業別(MOPS t05st03)=1|融資券(MI_MARGN)=1|借券(TWT93U)=1|法人(T86)=1",349,inf,250.0,official_prepanel,64.15,,0.0,0.0,0,1,5.1,24.59,24.954,409.0,0,未扣成本·事後欄位以 m_ 標示·非投資建議
HO,2,2023-12-21,2023-12-22,8477,創業家,TPEx,W,,fV300|fCD,W_atr14@3,36,462,漏網,204,0.036032,,atr14=0.707|n_lu_250=0.663|r20=0.840|c_ma120=0.636|vr20=0.916|days_since_lu=0.013|dt_ratio20=NaN|lend_to_v=0.017|rev_yoy=0.121|o_turn=0.726|o_log_mcap=0.001|o_lu_follow=0.910,"官方日成交結構(MI_INDEX/dailyQuotes)=1|發行股數(MI_QFIIS/dailyQuotes)=1|外資持股(MI_QFIIS,僅上市)=0|自營商(T86/上櫃三大法人)=1|當沖(TWTB4U/上櫃intraday)=0|季財報(MOPS t163sb04)=1|月營收(MOPS/openapi)=1|官方產業別(MOPS t05st03)=1|融資券(MI_MARGN)=1|借券(TWT93U)=1|法人(T86)=1",351,inf,250.0,official_prepanel,201.75,,0.0,1.0,0,1,9.467,31.065,28.107,1093.0,0,未扣成本·事後欄位以 m_ 標示·非投資建議
HO,2,2023-12-22,2023-12-25,4712,,TPEx,W,,fP10|fP5|fV300,W_atr14@3,192,465,漏網,1452,0.016945,,atr14=0.177|n_lu_250=0.793|r20=0.060|c_ma120=0.000|vr20=0.725|days_since_lu=0.175|dt_ratio20=NaN|lend_to_v=0.019|rev_yoy=NaN|o_turn=0.156|o_log_mcap=0.000|o_lu_follow=0.996,"官方日成交結構(MI_INDEX/dailyQuotes)=1|發行股數(MI_QFIIS/dailyQuotes)=1|外資持股(MI_QFIIS,僅上市)=0|自營商(T86/上櫃三大法人)=0|當沖(TWTB4U/上櫃intraday)=0|季財報(MOPS t163sb04)=0|月營收(MOPS/openapi)=0|官方產業別(MOPS t05st03)=0|融資券(MI_MARGN)=1|借券(TWT93U)=1|法人(T86)=0",351,351.0,250.0,fallback_first_close,103.45,,0.0,0.0,0,1,9.058,41.304,34.783,307.0,0,未扣成本·事後欄位以 m_ 標示·非投資建議
HO,2,2023-12-22,2023-12-25,8066,來思達,TPEx,W,,fV300|fV100,W_atr14@3,439,465,漏網,1564,0.004358,,atr14=0.000|n_lu_250=0.171|r20=0.464|c_ma120=0.313|vr20=0.876|days_since_lu=0.706|dt_ratio20=NaN|lend_to_v=0.510|rev_yoy=0.820|o_turn=0.163|o_log_mcap=0.006|o_lu_follow=0.671,"官方日成交結構(MI_INDEX/dailyQuotes)=1|發行股數(MI_QFIIS/dailyQuotes)=1|外資持股(MI_QFIIS,僅上市)=0|自營商(T86/上櫃三大法人)=1|當沖(TWTB4U/上櫃intraday)=1|季財報(MOPS t163sb04)=1|月營收(MOPS/openapi)=1|官方產業別(MOPS t05st03)=1|融資券(MI_MARGN)=1|借券(TWT93U)=1|法人(T86)=1",352,inf,250.0,official_prepanel,28.6,,0.0,0.0,0,1,9.814,16.413,8.629,360.0,0,未扣成本·事後欄位以 m_ 標示·非投資建議
HO,2,2023-12-27,2023-12-28,1435,中福,TWSE,W,,fV300|fV100|fH125|fCD,W_atr14@3,11,465,漏網,20,0.052444,,atr14=0.944|n_lu_250=0.977|r20=0.906|c_ma120=NaN|vr20=0.478|days_since_lu=0.016|dt_ratio20=NaN|lend_to_v=0.019|rev_yoy=0.060|o_turn=0.006|o_log_mcap=0.356|o_lu_follow=1.000,"官方日成交結構(MI_INDEX/dailyQuotes)=1|發行股數(MI_QFIIS/dailyQuotes)=1|外資持股(MI_QFIIS,僅上市)=1|自營商(T86/上櫃三大法人)=1|當沖(TWTB4U/上櫃intraday)=0|季財報(MOPS t163sb04)=1|月營收(MOPS/openapi)=1|官方產業別(MOPS t05st03)=1|融資券(MI_MARGN)=1|借券(TWT93U)=1|法人(T86)=1",355,inf,250.0,official_prepanel,94.45,,0.0,0.0,0,1,9.967,26.024,27.796,207.0,0,未扣成本·事後欄位以 m_ 標示·非投資建議
HO,2,2023-12-27,2023-12-28,6230,尼得科超眾,TWSE,W,,fV300|fV100,W_atr14@3,105,465,漏網,1250,0.021515,,atr14=0.356|n_lu_250=0.665|r20=0.219|c_ma120=0.011|vr20=0.671|days_since_lu=0.467|dt_ratio20=0.286|lend_to_v=0.794|rev_yoy=0.073|o_turn=0.011|o_log_mcap=0.524|o_lu_follow=0.120,"官方日成交結構(MI_INDEX/dailyQuotes)=1|發行股數(MI_QFIIS/dailyQuotes)=1|外資持股(MI_QFIIS,僅上市)=1|自營商(T86/上櫃三大法人)=1|當沖(TWTB4U/上櫃intraday)=1|季財報(MOPS t163sb04)=1|月營收(MOPS/openapi)=1|官方產業別(MOPS t05st03)=1|融資券(MI_MARGN)=1|借券(TWT93U)=1|法人(T86)=1",355,inf,250.0,official_prepanel,50.55,,0.0,0.0,0,1,8.333,9.127,6.349,531.0,0,未扣成本·事後欄位以 m_ 標示·非投資建議
HO,2,2023-12-28,2023-12-29,5223,安力-KY,TPEx,W,,fV300|fV100,W_atr14@3,205,463,漏網,1137,0.01572,,atr14=0.168|n_lu_250=0.168|r20=0.594|c_ma120=0.297|vr20=0.978|days_since_lu=0.863|dt_ratio20=NaN|lend_to_v=0.560|rev_yoy=0.646|o_turn=0.300|o_log_mcap=0.067|o_lu_follow=0.671,"官方日成交結構(MI_INDEX/dailyQuotes)=1|發行股數(MI_QFIIS/dailyQuotes)=1|外資持股(MI_QFIIS,僅上市)=0|自營商(T86/上櫃三大法人)=1|當沖(TWTB4U/上櫃intraday)=1|季財報(MOPS t163sb04)=1|月營收(MOPS/openapi)=1|官方產業別(MOPS t05st03)=1|融資券(MI_MARGN)=1|借券(TWT93U)=1|法人(T86)=1",356,inf,250.0,official_prepanel,28.55,,0.0,0.0,0,1,8.651,18.321,1.781,2232.0,0,未扣成本·事後欄位以 m_ 標示·非投資建議
HO,3,2024-01-02,2024-01-03,5205,中茂,TPEx,W,,fV300|fV100|fH125|fN20,W_atr14@3,29,481,漏網,922,0.037379,,atr14=0.808|n_lu_250=0.425|r20=NaN|c_ma120=0.002|vr20=0.131|days_since_lu=0.051|dt_ratio20=NaN|lend_to_v=NaN|rev_yoy=0.816|o_turn=0.001|o_log_mcap=0.000|o_lu_follow=0.350,"官方日成交結構(MI_INDEX/dailyQuotes)=1|發行股數(MI_QFIIS/dailyQuotes)=1|外資持股(MI_QFIIS,僅上市)=0|自營商(T86/上櫃三大法人)=0|當沖(TWTB4U/上櫃intraday)=0|季財報(MOPS t163sb04)=1|月營收(MOPS/openapi)=1|官方產業別(MOPS t05st03)=1|融資券(MI_MARGN)=0|借券(TWT93U)=0|法人(T86)=0",358,inf,250.0,official_prepanel,3.78,,0.0,0.0,0,1,7.4,14.991,10.626,21.0,0,未扣成本·事後欄位以 m_ 標示·非投資建議
HO,3,2024-01-04,2024-01-05,3025,星通,TWSE,W,,fH125|fN20|fBP,W_atr14@3,70,478,漏網,193,0.026276,,atr14=0.529|n_lu_250=0.952|r20=NaN|c_ma120=0.552|vr20=0.089|days_since_lu=0.083|dt_ratio20=0.907|lend_to_v=0.171|rev_yoy=0.893|o_turn=0.705|o_log_mcap=0.130|o_lu_follow=0.264,"官方日成交結構(MI_INDEX/dailyQuotes)=1|發行股數(MI_QFIIS/dailyQuotes)=1|外資持股(MI_QFIIS,僅上市)=1|自營商(T86/上櫃三大法人)=1|當沖(TWTB4U/上櫃intraday)=1|季財報(MOPS t163sb04)=1|月營收(MOPS/openapi)=1|官方產業別(MOPS t05st03)=1|融資券(MI_MARGN)=1|借券(TWT93U)=1|法人(T86)=1",360,inf,250.0,official_prepanel,2174.33,,0.0,0.0,1,0,0.0,13.462,29.615,1799.0,0,未扣成本·事後欄位以 m_ 標示·非投資建議
HO,3,2024-01-04,2024-01-05,3066,李洲,TPEx,W,,fV300|fV100,W_atr14@3,348,478,漏網,1461,0.009271,,atr14=0.023|n_lu_250=0.665|r20=0.304|c_ma120=0.113|vr20=0.861|days_since_lu=0.475|dt_ratio20=NaN|lend_to_v=0.917|rev_yoy=0.710|o_turn=0.011|o_log_mcap=0.027|o_lu_follow=0.118,"官方日成交結構(MI_INDEX/dailyQuotes)=1|發行股數(MI_QFIIS/dailyQuotes)=1|外資持股(MI_QFIIS,僅上市)=0|自營商(T86/上櫃三大法人)=1|當沖(TWTB4U/上櫃intraday)=1|季財報(MOPS t163sb04)=1|月營收(MOPS/openapi)=1|官方產業別(MOPS t05st03)=1|融資券(MI_MARGN)=1|借券(TWT93U)=1|法人(T86)=1",360,inf,250.0,official_prepanel,14.3,,0.0,0.0,0,1,7.205,34.582,32.565,505.0,0,未扣成本·事後欄位以 m_ 標示·非投資建議
HO,3,2024-01-04,2024-01-05,4419,皇家美食,TPEx,W,,fV300|fV100|fN20,W_atr14@3,279,478,漏網,724,0.012078,,atr14=0.081|n_lu_250=0.981|r20=0.064|c_ma120=0.768|vr20=0.245|days_since_lu=0.229|dt_ratio20=NaN|lend_to_v=NaN|rev_yoy=0.814|o_turn=0.001|o_log_mcap=0.017|o_lu_follow=0.984,"官方日成交結構(MI_INDEX/dailyQuotes)=1|發行股數(MI_QFIIS/dailyQuotes)=1|外資持股(MI_QFIIS,僅上市)=0|自營商(T86/上櫃三大法人)=0|當沖(TWTB4U/上櫃intraday)=0|季財報(MOPS t163sb04)=1|月營收(MOPS/openapi)=1|官方產業別(MOPS t05st03)=1|融資券(MI_MARGN)=0|借券(TWT93U)=0|法人(T86)=0",360,inf,250.0,official_prepanel,8.89,,0.0,0.0,0,1,3.0,11.286,18.571,22.0,0,未扣成本·事後欄位以 m_ 標示·非投資建議
HO,3,2024-01-08,2024-01-09,3349,寶德,TPEx,W,,fV300|fV100|fH125,W_atr14@3,345,499,漏網,671,0.010004,,atr14=0.045|n_lu_250=0.670|r20=0.799|c_ma120=0.350|vr20=1.000|days_since_lu=0.559|dt_ratio20=NaN|lend_to_v=NaN|rev_yoy=0.660|o_turn=0.290|o_log_mcap=0.003|o_lu_follow=0.908,"官方日成交結構(MI_INDEX/dailyQuotes)=1|發行股數(MI_QFIIS/dailyQuotes)=1|外資持股(MI_QFIIS,僅上市)=0|自營商(T86/上櫃三大法人)=0|當沖(TWTB4U/上櫃intraday)=0|季財報(MOPS t163sb04)=1|月營收(MOPS/openapi)=1|官方產業別(MOPS t05st03)=1|融資券(MI_MARGN)=0|借券(TWT93U)=0|法人(T86)=0",362,inf,250.0,official_prepanel,10.25,,0.0,0.0,0,1,8.889,30.0,26.944,432.0,0,未扣成本·事後欄位以 m_ 標示·非投資建議
HO,3,2024-01-08,2024-01-09,6735,美達科技,TPEx,W,,fV300|fV100,W_atr14@3,188,499,漏網,731,0.015946,,atr14=0.195|n_lu_250=0.670|r20=0.246|c_ma120=0.647|vr20=0.256|days_since_lu=0.480|dt_ratio20=NaN|lend_to_v=NaN|rev_yoy=0.953|o_turn=0.007|o_log_mcap=0.096|o_lu_follow=0.908,"官方日成交結構(MI_INDEX/dailyQuotes)=1|發行股數(MI_QFIIS/dailyQuotes)=1|外資持股(MI_QFIIS,僅上市)=0|自營商(T86/上櫃三大法人)=0|當沖(TWTB4U/上櫃intraday)=0|季財報(MOPS t163sb04)=1|月營收(MOPS/openapi)=1|官方產業別(MOPS t05st03)=1|融資券(MI_MARGN)=0|借券(TWT93U)=0|法人(T86)=0",362,inf,250.0,official_prepanel,22.85,,0.0,0.0,0,1,3.833,20.732,16.028,190.0,0,未扣成本·事後欄位以 m_ 標示·非投資建議
HO,3,2024-01-09,2024-01-10,3066,李洲,TPEx,W,,fV300|fCD,W_atr14@3,57,511,漏網,104,0.029531,,atr14=0.641|n_lu_250=0.792|r20=0.949|c_ma120=0.712|vr20=0.999|days_since_lu=0.002|dt_ratio20=NaN|lend_to_v=0.241|rev_yoy=0.705|o_turn=0.838|o_log_mcap=0.051|o_lu_follow=0.489,"官方日成交結構(MI_INDEX/dailyQuotes)=1|發行股數(MI_QFIIS/dailyQuotes)=1|外資持股(MI_QFIIS,僅上市)=0|自營商(T86/上櫃三大法人)=1|當沖(TWTB4U/上櫃intraday)=1|季財報(MOPS t163sb04)=1|月營收(MOPS/openapi)=1|官方產業別(MOPS t05st03)=1|融資券(MI_MARGN)=1|借券(TWT93U)=1|法人(T86)=1",363,inf,250.0,official_prepanel,167.2,,0.0,0.0,0,1,8.696,19.182,31.202,1104.0,0,未扣成本·事後欄位以 m_ 標示·非投資建議
HO,3,2024-01-10,2024-01-11,2424,隴華,TWSE,W,,fV300|fV100|fN20,W_atr14@3,115,509,漏網,918,0.021528,,atr14=0.394|n_lu_250=0.996|r20=0.295|c_ma120=0.007|vr20=0.817|days_since_lu=0.295|dt_ratio20=NaN|lend_to_v=0.015|rev_yoy=0.103|o_turn=0.003|o_log_mcap=0.033|o_lu_follow=1.000,"官方日成交結構(MI_INDEX/dailyQuotes)=1|發行股數(MI_QFIIS/dailyQuotes)=1|外資持股(MI_QFIIS,僅上市)=1|自營商(T86/上櫃三大法人)=0|當沖(TWTB4U/上櫃intraday)=0|季財報(MOPS t163sb04)=1|月營收(MOPS/openapi)=1|官方產業別(MOPS t05st03)=1|融資券(MI_MARGN)=1|借券(TWT93U)=1|法人(T86)=0",364,inf,250.0,official_prepanel,8.16,,0.0,0.0,1,0,0.0,-3.011,-2.219,68.0,0,未扣成本·事後欄位以 m_ 標示·非投資建議
HO,3,2024-01-10,2024-01-11,4529,淳紳,TPEx,W,,fP10|fV300|fV100,W_atr14@3,116,509,漏網,386,0.021503,,atr14=0.394|n_lu_250=0.839|r20=0.584|c_ma120=0.485|vr20=0.992|days_since_lu=0.304|dt_ratio20=NaN|lend_to_v=0.015|rev_yoy=0.703|o_turn=0.601|o_log_mcap=0.008|o_lu_follow=0.938,"官方日成交結構(MI_INDEX/dailyQuotes)=1|發行股數(MI_QFIIS/dailyQuotes)=1|外資持股(MI_QFIIS,僅上市)=0|自營商(T86/上櫃三大法人)=1|當沖(TWTB4U/上櫃intraday)=0|季財報(MOPS t163sb04)=1|月營收(MOPS/openapi)=1|官方產業別(MOPS t05st03)=1|融資券(MI_MARGN)=1|借券(TWT93U)=1|法人(T86)=1",364,inf,250.0,official_prepanel,96.55,,0.0,0.0,0,1,4.975,53.234,51.741,2047.0,0,未扣成本·事後欄位以 m_ 標示·非投資建議
HO,3,2024-01-10,2024-01-11,6425,易發,TPEx,W,,fV300|fV100,W_atr14@3,108,509,漏網,440,0.022656,,atr14=0.439|n_lu_250=0.173|r20=0.886|c_ma120=0.694|vr20=0.645|days_since_lu=0.862|dt_ratio20=NaN|lend_to_v=0.283|rev_yoy=0.126|o_turn=0.166|o_log_mcap=0.010|o_lu_follow=0.667,"官方日成交結構(MI_INDEX/dailyQuotes)=1|發行股數(MI_QFIIS/dailyQuotes)=1|外資持股(MI_QFIIS,僅上市)=0|自營商(T86/上櫃三大法人)=1|當沖(TWTB4U/上櫃intraday)=1|季財報(MOPS t163sb04)=1|月營收(MOPS/openapi)=1|官方產業別(MOPS t05st03)=1|融資券(MI_MARGN)=1|借券(TWT93U)=1|法人(T86)=1",364,inf,250.0,official_prepanel,72.25,,0.0,0.0,0,1,5.72,33.263,59.746,809.0,0,未扣成本·事後欄位以 m_ 標示·非投資建議
HO,3,2024-01-16,2024-01-17,6240,松崗,TPEx,W,,fV300|fV100,W_atr14@3,137,528,漏網,461,0.02005,,atr14=0.308|n_lu_250=0.832|r20=0.756|c_ma120=0.266|vr20=0.717|days_since_lu=0.429|dt_ratio20=NaN|lend_to_v=0.583|rev_yoy=0.208|o_turn=0.010|o_log_mcap=0.000|o_lu_follow=0.022,"官方日成交結構(MI_INDEX/dailyQuotes)=1|發行股數(MI_QFIIS/dailyQuotes)=1|外資持股(MI_QFIIS,僅上市)=0|自營商(T86/上櫃三大法人)=1|當沖(TWTB4U/上櫃intraday)=1|季財報(MOPS t163sb04)=1|月營收(MOPS/openapi)=1|官方產業別(MOPS t05st03)=1|融資券(MI_MARGN)=1|借券(TWT93U)=1|法人(T86)=1",368,inf,250.0,official_prepanel,13.25,,0.0,0.0,0,1,7.882,17.488,13.3,539.0,0,未扣成本·事後欄位以 m_ 標示·非投資建議
HO,3,2024-01-25,2024-01-26,3297,杭特,TPEx,W,,fV300|fV100,W_atr14@3,336,529,漏網,748,0.011633,,atr14=0.056|n_lu_250=0.421|r20=0.688|c_ma120=0.531|vr20=0.793|days_since_lu=0.631|dt_ratio20=NaN|lend_to_v=0.759|rev_yoy=0.838|o_turn=0.111|o_log_mcap=0.000|o_lu_follow=0.355,"官方日成交結構(MI_INDEX/dailyQuotes)=1|發行股數(MI_QFIIS/dailyQuotes)=1|外資持股(MI_QFIIS,僅上市)=0|自營商(T86/上櫃三大法人)=1|當沖(TWTB4U/上櫃intraday)=1|季財報(MOPS t163sb04)=1|月營收(MOPS/openapi)=1|官方產業別(MOPS t05st03)=1|融資券(MI_MARGN)=1|借券(TWT93U)=1|法人(T86)=1",375,inf,250.0,official_prepanel,24.85,,0.0,0.0,0,1,9.687,27.35,19.088,2333.0,0,未扣成本·事後欄位以 m_ 標示·非投資建議
HO,3,2024-01-25,2024-01-26,3434,哲固,TPEx,W,,fV300|fV100,W_atr14@3,298,529,漏網,635,0.013218,,atr14=0.091|n_lu_250=0.561|r20=0.732|c_ma120=0.451|vr20=0.872|days_since_lu=0.540|dt_ratio20=NaN|lend_to_v=0.671|rev_yoy=0.871|o_turn=0.173|o_log_mcap=0.005|o_lu_follow=0.211,"官方日成交結構(MI_INDEX/dailyQuotes)=1|發行股數(MI_QFIIS/dailyQuotes)=1|外資持股(MI_QFIIS,僅上市)=0|自營商(T86/上櫃三大法人)=1|當沖(TWTB4U/上櫃intraday)=1|季財報(MOPS t163sb04)=1|月營收(MOPS/openapi)=1|官方產業別(MOPS t05st03)=1|融資券(MI_MARGN)=1|借券(TWT93U)=1|法人(T86)=1",375,inf,250.0,official_prepanel,21.95,,0.0,0.0,0,1,8.803,18.486,8.451,1054.0,0,未扣成本·事後欄位以 m_ 標示·非投資建議
HO,3,2024-01-25,2024-01-26,5251,天鉞電,TPEx,W,,fV300|fV100,W_atr14@3,175,529,漏網,655,0.01926,,atr14=0.252|n_lu_250=0.421|r20=0.633|c_ma120=0.460|vr20=0.923|days_since_lu=0.249|dt_ratio20=NaN|lend_to_v=0.829|rev_yoy=0.036|o_turn=0.234|o_log_mcap=0.002|o_lu_follow=0.355,"官方日成交結構(MI_INDEX/dailyQuotes)=1|發行股數(MI_QFIIS/dailyQuotes)=1|外資持股(MI_QFIIS,僅上市)=0|自營商(T86/上櫃三大法人)=1|當沖(TWTB4U/上櫃intraday)=1|季財報(MOPS t163sb04)=1|月營收(MOPS/openapi)=1|官方產業別(MOPS t05st03)=1|融資券(MI_MARGN)=1|借券(TWT93U)=1|法人(T86)=1",375,inf,250.0,official_prepanel,30.1,,0.0,0.0,0,1,9.091,32.987,25.714,1082.0,0,未扣成本·事後欄位以 m_ 標示·非投資建議
HO,3,2024-01-25,2024-01-26,6465,威潤,TPEx,W,,fV300|fV100,W_atr14@3,52,529,漏網,205,0.032117,,atr14=0.659|n_lu_250=0.753|r20=0.774|c_ma120=0.622|vr20=0.866|days_since_lu=0.478|dt_ratio20=NaN|lend_to_v=0.017|rev_yoy=0.961|o_turn=0.231|o_log_mcap=0.001|o_lu_follow=0.985,"官方日成交結構(MI_INDEX/dailyQuotes)=1|發行股數(MI_QFIIS/dailyQuotes)=1|外資持股(MI_QFIIS,僅上市)=0|自營商(T86/上櫃三大法人)=0|當沖(TWTB4U/上櫃intraday)=0|季財報(MOPS t163sb04)=1|月營收(MOPS/openapi)=1|官方產業別(MOPS t05st03)=1|融資券(MI_MARGN)=1|借券(TWT93U)=1|法人(T86)=0",375,inf,250.0,official_prepanel,38.65,,0.0,0.0,0,1,6.938,37.081,29.904,444.0,0,未扣成本·事後欄位以 m_ 標示·非投資建議
HO,3,2024-01-26,2024-01-29,1418,東華,TWSE,W,,fV300|fV100|fN20,W_atr14@3,134,521,漏網,281,0.021714,,atr14=0.334|n_lu_250=0.752|r20=0.900|c_ma120=0.561|vr20=0.871|days_since_lu=0.527|dt_ratio20=NaN|lend_to_v=0.454|rev_yoy=0.021|o_turn=0.037|o_log_mcap=0.019|o_lu_follow=0.848,"官方日成交結構(MI_INDEX/dailyQuotes)=1|發行股數(MI_QFIIS/dailyQuotes)=1|外資持股(MI_QFIIS,僅上市)=1|自營商(T86/上櫃三大法人)=0|當沖(TWTB4U/上櫃intraday)=1|季財報(MOPS t163sb04)=1|月營收(MOPS/openapi)=1|官方產業別(MOPS t05st03)=1|融資券(MI_MARGN)=1|借券(TWT93U)=1|法人(T86)=0",376,inf,250.0,official_prepanel,18.89,,0.0,0.0,0,1,7.725,29.185,22.747,279.0,0,未扣成本·事後欄位以 m_ 標示·非投資建議
HO,3,2024-01-30,2024-01-31,3313,斐成,TPEx,W,,fV300|fV100,W_atr14@3,144,530,漏網,508,0.02054,,atr14=0.322|n_lu_250=0.412|r20=0.650|c_ma120=0.619|vr20=0.912|days_since_lu=0.511|dt_ratio20=NaN|lend_to_v=0.015|rev_yoy=0.959|o_turn=0.078|o_log_mcap=0.076|o_lu_follow=0.356,"官方日成交結構(MI_INDEX/dailyQuotes)=1|發行股數(MI_QFIIS/dailyQuotes)=1|外資持股(MI_QFIIS,僅上市)=0|自營商(T86/上櫃三大法人)=1|當沖(TWTB4U/上櫃intraday)=0|季財報(MOPS t163sb04)=1|月營收(MOPS/openapi)=1|官方產業別(MOPS t05st03)=1|融資券(MI_MARGN)=1|借券(TWT93U)=1|法人(T86)=1",378,inf,250.0,official_prepanel,75.55,,0.0,0.0,0,1,7.563,11.765,55.462,1301.0,0,未扣成本·事後欄位以 m_ 標示·非投資建議
HO,3,2024-01-30,2024-01-31,5487,通泰,TPEx,W,,fV300|fV100,W_atr14@3,32,530,漏網,274,0.039098,,atr14=0.834|n_lu_250=0.751|r20=0.539|c_ma120=0.579|vr20=0.947|days_since_lu=0.164|dt_ratio20=NaN|lend_to_v=0.159|rev_yoy=0.582|o_turn=0.487|o_log_mcap=0.003|o_lu_follow=0.846,"官方日成交結構(MI_INDEX/dailyQuotes)=1|發行股數(MI_QFIIS/dailyQuotes)=1|外資持股(MI_QFIIS,僅上市)=0|自營商(T86/上櫃三大法人)=1|當沖(TWTB4U/上櫃intraday)=1|季財報(MOPS t163sb04)=1|月營收(MOPS/openapi)=1|官方產業別(MOPS t05st03)=1|融資券(MI_MARGN)=1|借券(TWT93U)=1|法人(T86)=1",378,inf,250.0,official_prepanel,39.5,,0.0,0.0,0,1,8.478,5.882,4.671,523.0,0,未扣成本·事後欄位以 m_ 標示·非投資建議
HO,3,2024-01-30,2024-01-31,6742,澤米,TWSE,W,,fV300|fH125|fA60,W_atr14@3,99,530,漏網,1775,0.02381,,atr14=0.439|n_lu_250=0.412|r20=0.118|c_ma120=NaN|vr20=0.410|days_since_lu=0.158|dt_ratio20=NaN|lend_to_v=NaN|rev_yoy=0.021|o_turn=0.184|o_log_mcap=0.229|o_lu_follow=0.356,"官方日成交結構(MI_INDEX/dailyQuotes)=1|發行股數(MI_QFIIS/dailyQuotes)=1|外資持股(MI_QFIIS,僅上市)=1|自營商(T86/上櫃三大法人)=1|當沖(TWTB4U/上櫃intraday)=0|季財報(MOPS t163sb04)=1|月營收(MOPS/openapi)=1|官方產業別(MOPS t05st03)=1|融資券(MI_MARGN)=0|借券(TWT93U)=0|法人(T86)=1",40,40.0,40.0,official,157.5,,0.0,0.0,0,1,9.966,28.866,20.619,1331.0,0,未扣成本·事後欄位以 m_ 標示·非投資建議
HO,3,2024-01-30,2024-01-31,6785,昱展新藥,TPEx,W,,fV300|fV100|fVnan|fH125|fA60|fN20|fBP,W_atr14@3,522,530,漏網,1759,,,atr14=NaN|n_lu_250=0.167|r20=NaN|c_ma120=NaN|vr20=NaN|days_since_lu=0.870|dt_ratio20=NaN|lend_to_v=NaN|rev_yoy=0.998|o_turn=0.849|o_log_mcap=0.615|o_lu_follow=0.664,"官方日成交結構(MI_INDEX/dailyQuotes)=1|發行股數(MI_QFIIS/dailyQuotes)=1|外資持股(MI_QFIIS,僅上市)=0|自營商(T86/上櫃三大法人)=0|當沖(TWTB4U/上櫃intraday)=0|季財報(MOPS t163sb04)=0|月營收(MOPS/openapi)=1|官方產業別(MOPS t05st03)=1|融資券(MI_MARGN)=0|借券(TWT93U)=0|法人(T86)=0",5,5.0,5.0,official,,,0.0,0.0,0,1,10.282,61.089,66.935,1449.0,0,未扣成本·事後欄位以 m_ 標示·非投資建議
HO,3,2024-01-30,2024-01-31,8067,志旭,TPEx,W,,fV300|fV100|fH125|fN20,W_atr14@3,509,530,漏網,1738,,,atr14=NaN|n_lu_250=0.553|r20=0.556|c_ma120=NaN|vr20=NaN|days_since_lu=0.635|dt_ratio20=NaN|lend_to_v=NaN|rev_yoy=0.666|o_turn=0.001|o_log_mcap=0.000|o_lu_follow=0.211,"官方日成交結構(MI_INDEX/dailyQuotes)=1|發行股數(MI_QFIIS/dailyQuotes)=1|外資持股(MI_QFIIS,僅上市)=0|自營商(T86/上櫃三大法人)=0|當沖(TWTB4U/上櫃intraday)=0|季財報(MOPS t163sb04)=1|月營收(MOPS/openapi)=1|官方產業別(MOPS t05st03)=1|融資券(MI_MARGN)=0|借券(TWT93U)=0|法人(T86)=0",378,inf,250.0,official_prepanel,3.47,,0.0,0.0,0,1,6.36,17.314,38.163,128.0,0,未扣成本·事後欄位以 m_ 標示·非投資建議
HO,3,2024-01-31,2024-02-01,5310,天剛,TPEx,W,,fV300|fV100|fH125|fN20,W_atr14@3,47,522,漏網,655,0.032688,,atr14=0.710|n_lu_250=0.756|r20=NaN|c_ma120=0.019|vr20=0.232|days_since_lu=0.092|dt_ratio20=NaN|lend_to_v=0.016|rev_yoy=0.995|o_turn=0.033|o_log_mcap=0.000|o_lu_follow=0.062,"官方日成交結構(MI_INDEX/dailyQuotes)=1|發行股數(MI_QFIIS/dailyQuotes)=1|外資持股(MI_QFIIS,僅上市)=0|自營商(T86/上櫃三大法人)=0|當沖(TWTB4U/上櫃intraday)=0|季財報(MOPS t163sb04)=1|月營收(MOPS/openapi)=1|官方產業別(MOPS t05st03)=1|融資券(MI_MARGN)=1|借券(TWT93U)=1|法人(T86)=0",379,inf,250.0,official_prepanel,31.42,,0.0,0.0,0,1,6.573,22.535,17.84,123.0,0,未扣成本·事後欄位以 m_ 標示·非投資建議
HO,3,2024-02-01,2024-02-02,3593,力銘,TWSE,W,,fV300|fV100,W_atr14@3,182,531,漏網,1570,0.01777,,atr14=0.234|n_lu_250=0.417|r20=0.127|c_ma120=0.029|vr20=0.246|days_since_lu=0.630|dt_ratio20=NaN|lend_to_v=0.014|rev_yoy=0.333|o_turn=0.001|o_log_mcap=0.006|o_lu_follow=0.364,"官方日成交結構(MI_INDEX/dailyQuotes)=1|發行股數(MI_QFIIS/dailyQuotes)=1|外資持股(MI_QFIIS,僅上市)=1|自營商(T86/上櫃三大法人)=1|當沖(TWTB4U/上櫃intraday)=0|季財報(MOPS t163sb04)=1|月營收(MOPS/openapi)=1|官方產業別(MOPS t05st03)=1|融資券(MI_MARGN)=1|借券(TWT93U)=1|法人(T86)=1",380,inf,250.0,official_prepanel,36.85,,0.0,0.0,0,1,9.756,15.122,21.951,418.0,0,未扣成本·事後欄位以 m_ 標示·非投資建議
HO,3,2024-02-05,2024-02-15,3321,同泰,TWSE,W,,fBP,W_atr14@3,25,535,漏網,549,0.041311,,atr14=0.856|n_lu_250=0.745|r20=0.429|c_ma120=0.263|vr20=0.525|days_since_lu=0.083|dt_ratio20=NaN|lend_to_v=0.014|rev_yoy=0.565|o_turn=0.654|o_log_mcap=0.027|o_lu_follow=0.063,"官方日成交結構(MI_INDEX/dailyQuotes)=1|發行股數(MI_QFIIS/dailyQuotes)=1|外資持股(MI_QFIIS,僅上市)=1|自營商(T86/上櫃三大法人)=1|當沖(TWTB4U/上櫃intraday)=0|季財報(MOPS t163sb04)=1|月營收(MOPS/openapi)=1|官方產業別(MOPS t05st03)=1|融資券(MI_MARGN)=1|借券(TWT93U)=1|法人(T86)=1",382,inf,250.0,official_prepanel,920.3,,0.0,0.0,0,1,6.137,41.516,37.906,2164.0,0,未扣成本·事後欄位以 m_ 標示·非投資建議
HO,3,2024-02-05,2024-02-15,3516,亞帝歐,TPEx,W,,fV300|fV100,W_atr14@3,95,535,漏網,547,0.02381,,atr14=0.464|n_lu_250=0.560|r20=0.594|c_ma120=0.390|vr20=0.307|days_since_lu=0.202|dt_ratio20=NaN|lend_to_v=0.166|rev_yoy=0.385|o_turn=0.121|o_log_mcap=0.005|o_lu_follow=0.205,"官方日成交結構(MI_INDEX/dailyQuotes)=1|發行股數(MI_QFIIS/dailyQuotes)=1|外資持股(MI_QFIIS,僅上市)=0|自營商(T86/上櫃三大法人)=1|當沖(TWTB4U/上櫃intraday)=1|季財報(MOPS t163sb04)=1|月營收(MOPS/openapi)=1|官方產業別(MOPS t05st03)=1|融資券(MI_MARGN)=1|借券(TWT93U)=1|法人(T86)=1",382,inf,250.0,official_prepanel,97.65,,0.0,0.0,1,0,0.0,24.311,45.363,272.0,0,未扣成本·事後欄位以 m_ 標示·非投資建議
HO,3,2024-02-15,2024-02-16,4556,旭然,TPEx,W,,fV300|fV100|fH125|fN20,W_atr14@3,176,524,漏網,1707,0.018212,,atr14=0.264|n_lu_250=0.176|r20=NaN|c_ma120=NaN|vr20=0.626|days_since_lu=0.864|dt_ratio20=NaN|lend_to_v=0.015|rev_yoy=0.527|o_turn=0.056|o_log_mcap=0.026|o_lu_follow=0.658,"官方日成交結構(MI_INDEX/dailyQuotes)=1|發行股數(MI_QFIIS/dailyQuotes)=1|外資持股(MI_QFIIS,僅上市)=0|自營商(T86/上櫃三大法人)=1|當沖(TWTB4U/上櫃intraday)=1|季財報(MOPS t163sb04)=1|月營收(MOPS/openapi)=1|官方產業別(MOPS t05st03)=1|融資券(MI_MARGN)=1|借券(TWT93U)=1|法人(T86)=1",383,inf,250.0,official_prepanel,32.47,,0.0,0.0,0,1,6.41,34.135,41.987,347.0,0,未扣成本·事後欄位以 m_ 標示·非投資建議
HO,3,2024-02-15,2024-02-16,8067,志旭,TPEx,W,,fV300|fV100|fH125|fN20|fCD,W_atr14@3,14,524,漏網,75,0.049197,,atr14=0.928|n_lu_250=0.793|r20=0.932|c_ma120=NaN|vr20=0.790|days_since_lu=0.006|dt_ratio20=NaN|lend_to_v=NaN|rev_yoy=0.668|o_turn=0.381|o_log_mcap=0.000|o_lu_follow=0.952,"官方日成交結構(MI_INDEX/dailyQuotes)=1|發行股數(MI_QFIIS/dailyQuotes)=1|外資持股(MI_QFIIS,僅上市)=0|自營商(T86/上櫃三大法人)=1|當沖(TWTB4U/上櫃intraday)=0|季財報(MOPS t163sb04)=1|月營收(MOPS/openapi)=1|官方產業別(MOPS t05st03)=1|融資券(MI_MARGN)=0|借券(TWT93U)=0|法人(T86)=1",383,inf,250.0,official_prepanel,61.12,,0.0,0.0,0,1,4.286,11.714,13.429,182.0,0,未扣成本·事後欄位以 m_ 標示·非投資建議
HO,3,2024-02-19,2024-02-20,3073,天方能源,TPEx,W,,fV300|fV100|fH125,W_atr14@3,44,514,漏網,274,0.0367,,atr14=0.780|n_lu_250=0.744|r20=0.801|c_ma120=0.410|vr20=0.402|days_since_lu=0.314|dt_ratio20=NaN|lend_to_v=0.016|rev_yoy=0.186|o_turn=0.056|o_log_mcap=0.003|o_lu_follow=0.987,"官方日成交結構(MI_INDEX/dailyQuotes)=1|發行股數(MI_QFIIS/dailyQuotes)=1|外資持股(MI_QFIIS,僅上市)=0|自營商(T86/上櫃三大法人)=1|當沖(TWTB4U/上櫃intraday)=1|季財報(MOPS t163sb04)=1|月營收(MOPS/openapi)=1|官方產業別(MOPS t05st03)=1|融資券(MI_MARGN)=1|借券(TWT93U)=1|法人(T86)=1",385,inf,250.0,official_prepanel,33.55,,0.0,0.0,0,1,9.811,18.072,16.695,108.0,0,未扣成本·事後欄位以 m_ 標示·非投資建議
HO,3,2024-02-19,2024-02-20,4588,玖鼎電力,TWSE,W,,fV300|fV100|fVnan|fH125|fA60|fN20,W_atr14@3,491,514,漏網,1720,,,atr14=NaN|n_lu_250=0.174|r20=NaN|c_ma120=NaN|vr20=NaN|days_since_lu=0.866|dt_ratio20=NaN|lend_to_v=NaN|rev_yoy=0.696|o_turn=0.451|o_log_mcap=0.141|o_lu_follow=0.663,"官方日成交結構(MI_INDEX/dailyQuotes)=1|發行股數(MI_QFIIS/dailyQuotes)=1|外資持股(MI_QFIIS,僅上市)=1|自營商(T86/上櫃三大法人)=0|當沖(TWTB4U/上櫃intraday)=0|季財報(MOPS t163sb04)=1|月營收(MOPS/openapi)=1|官方產業別(MOPS t05st03)=1|融資券(MI_MARGN)=0|借券(TWT93U)=0|法人(T86)=0",9,9.0,9.0,official,,,0.0,0.0,0,1,9.429,54.286,62.143,1315.0,0,未扣成本·事後欄位以 m_ 標示·非投資建議
HO,3,2024-02-19,2024-02-20,8047,星雲,TPEx,W,,fV300|fV100|fH125,W_atr14@3,82,514,漏網,886,0.027745,,atr14=0.593|n_lu_250=0.174|r20=0.360|c_ma120=0.374|vr20=0.497|days_since_lu=0.866|dt_ratio20=NaN|lend_to_v=0.138|rev_yoy=0.372|o_turn=0.091|o_log_mcap=0.000|o_lu_follow=0.663,"官方日成交結構(MI_INDEX/dailyQuotes)=1|發行股數(MI_QFIIS/dailyQuotes)=1|外資持股(MI_QFIIS,僅上市)=0|自營商(T86/上櫃三大法人)=1|當沖(TWTB4U/上櫃intraday)=1|季財報(MOPS t163sb04)=1|月營收(MOPS/openapi)=1|官方產業別(MOPS t05st03)=1|融資券(MI_MARGN)=1|借券(TWT93U)=1|法人(T86)=1",385,inf,250.0,official_prepanel,50.15,,0.0,0.0,0,1,9.465,37.037,44.856,379.0,0,未扣成本·事後欄位以 m_ 標示·非投資建議
HO,3,2024-02-19,2024-02-20,8182,加高,TPEx,W,,fV300|fV100,W_atr14@3,297,514,漏網,1301,0.013211,,atr14=0.096|n_lu_250=0.174|r20=0.376|c_ma120=0.286|vr20=0.464|days_since_lu=0.866|dt_ratio20=NaN|lend_to_v=0.754|rev_yoy=0.679|o_turn=0.031|o_log_mcap=0.177|o_lu_follow=0.663,"官方日成交結構(MI_INDEX/dailyQuotes)=1|發行股數(MI_QFIIS/dailyQuotes)=1|外資持股(MI_QFIIS,僅上市)=0|自營商(T86/上櫃三大法人)=1|當沖(TWTB4U/上櫃intraday)=1|季財報(MOPS t163sb04)=1|月營收(MOPS/openapi)=1|官方產業別(MOPS t05st03)=1|融資券(MI_MARGN)=1|借券(TWT93U)=1|法人(T86)=1",385,inf,250.0,official_prepanel,72.0,,0.0,0.0,0,1,7.187,24.159,15.291,4535.0,0,未扣成本·事後欄位以 m_ 標示·非投資建議
HO,3,2024-02-20,2024-02-21,3025,星通,TWSE,W,,fH125|fBP,W_atr14@3,33,481,漏網,101,0.040448,,atr14=0.827|n_lu_250=0.983|r20=0.679|c_ma120=0.956|vr20=0.442|days_since_lu=0.024|dt_ratio20=0.993|lend_to_v=0.046|rev_yoy=0.851|o_turn=0.994|o_log_mcap=0.212|o_lu_follow=0.265,"官方日成交結構(MI_INDEX/dailyQuotes)=1|發行股數(MI_QFIIS/dailyQuotes)=1|外資持股(MI_QFIIS,僅上市)=1|自營商(T86/上櫃三大法人)=1|當沖(TWTB4U/上櫃intraday)=1|季財報(MOPS t163sb04)=1|月營收(MOPS/openapi)=1|官方產業別(MOPS t05st03)=1|融資券(MI_MARGN)=1|借券(TWT93U)=1|法人(T86)=1",386,inf,250.0,official_prepanel,10932.35,,0.0,1.0,0,1,9.94,10.392,9.639,24061.0,0,未扣成本·事後欄位以 m_ 標示·非投資建議
HO,3,2024-02-20,2024-02-21,4131,浩泰,TPEx,W,,fV300|fV100|fH125|fN20,W_atr14@3,168,481,漏網,736,0.018521,,atr14=0.256|n_lu_250=0.432|r20=0.368|c_ma120=0.652|vr20=0.374|days_since_lu=0.625|dt_ratio20=NaN|lend_to_v=NaN|rev_yoy=0.028|o_turn=0.010|o_log_mcap=0.006|o_lu_follow=0.357,"官方日成交結構(MI_INDEX/dailyQuotes)=1|發行股數(MI_QFIIS/dailyQuotes)=1|外資持股(MI_QFIIS,僅上市)=0|自營商(T86/上櫃三大法人)=1|當沖(TWTB4U/上櫃intraday)=0|季財報(MOPS t163sb04)=1|月營收(MOPS/openapi)=1|官方產業別(MOPS t05st03)=1|融資券(MI_MARGN)=0|借券(TWT93U)=0|法人(T86)=1",386,inf,250.0,official_prepanel,19.0,,0.0,0.0,0,1,9.903,33.981,45.437,135.0,0,未扣成本·事後欄位以 m_ 標示·非投資建議
HO,3,2024-02-20,2024-02-21,4556,旭然,TPEx,W,,fV300|fH125|fCD,W_atr14@3,42,481,漏網,230,0.036024,,atr14=0.758|n_lu_250=0.573|r20=0.908|c_ma120=NaN|vr20=0.996|days_since_lu=0.008|dt_ratio20=NaN|lend_to_v=0.015|rev_yoy=0.889|o_turn=0.860|o_log_mcap=0.033|o_lu_follow=0.965,"官方日成交結構(MI_INDEX/dailyQuotes)=1|發行股數(MI_QFIIS/dailyQuotes)=1|外資持股(MI_QFIIS,僅上市)=0|自營商(T86/上櫃三大法人)=1|當沖(TWTB4U/上櫃intraday)=1|季財報(MOPS t163sb04)=1|月營收(MOPS/openapi)=1|官方產業別(MOPS t05st03)=1|融資券(MI_MARGN)=1|借券(TWT93U)=1|法人(T86)=1",386,inf,250.0,official_prepanel,140.3,,0.0,1.0,0,1,10.771,19.651,22.853,1045.0,0,未扣成本·事後欄位以 m_ 標示·非投資建議
HO,3,2024-02-21,2024-02-22,6697,東捷資訊,TPEx,W,,fV300|fV100,W_atr14@3,291,476,漏網,878,0.013117,,atr14=0.090|n_lu_250=0.946|r20=0.385|c_ma120=0.239|vr20=0.805|days_since_lu=0.409|dt_ratio20=NaN|lend_to_v=NaN|rev_yoy=0.161|o_turn=0.183|o_log_mcap=0.032|o_lu_follow=0.992,"官方日成交結構(MI_INDEX/dailyQuotes)=1|發行股數(MI_QFIIS/dailyQuotes)=1|外資持股(MI_QFIIS,僅上市)=0|自營商(T86/上櫃三大法人)=0|當沖(TWTB4U/上櫃intraday)=0|季財報(MOPS t163sb04)=1|月營收(MOPS/openapi)=1|官方產業別(MOPS t05st03)=1|融資券(MI_MARGN)=0|借券(TWT93U)=0|法人(T86)=0",387,inf,250.0,official_prepanel,34.7,,0.0,0.0,0,1,9.325,13.69,10.119,730.0,0,未扣成本·事後欄位以 m_ 標示·非投資建議
HO,3,2024-02-22,2024-02-23,6640,均華,TPEx,W,,fV300|fCD,W_atr14@3,15,475,漏網,18,0.054014,,atr14=0.942|n_lu_250=0.897|r20=0.998|c_ma120=0.994|vr20=0.737|days_since_lu=0.039|dt_ratio20=NaN|lend_to_v=NaN|rev_yoy=0.988|o_turn=0.640|o_log_mcap=0.373|o_lu_follow=0.994,"官方日成交結構(MI_INDEX/dailyQuotes)=1|發行股數(MI_QFIIS/dailyQuotes)=1|外資持股(MI_QFIIS,僅上市)=0|自營商(T86/上櫃三大法人)=1|當沖(TWTB4U/上櫃intraday)=0|季財報(MOPS t163sb04)=1|月營收(MOPS/openapi)=1|官方產業別(MOPS t05st03)=1|融資券(MI_MARGN)=0|借券(TWT93U)=0|法人(T86)=1",388,inf,250.0,official_prepanel,211.1,,1.0,3.0,1,0,0.0,19.549,19.173,156.0,1,未扣成本·事後欄位以 m_ 標示·非投資建議
HO,3,2024-02-22,2024-02-23,8047,星雲,TPEx,W,,fV300|fH125|fCD,W_atr14@3,53,475,漏網,237,0.03442,,atr14=0.724|n_lu_250=0.565|r20=0.847|c_ma120=0.769|vr20=0.993|days_since_lu=0.011|dt_ratio20=NaN|lend_to_v=0.065|rev_yoy=0.373|o_turn=0.866|o_log_mcap=0.001|o_lu_follow=0.963,"官方日成交結構(MI_INDEX/dailyQuotes)=1|發行股數(MI_QFIIS/dailyQuotes)=1|外資持股(MI_QFIIS,僅上市)=0|自營商(T86/上櫃三大法人)=1|當沖(TWTB4U/上櫃intraday)=1|季財報(MOPS t163sb04)=1|月營收(MOPS/openapi)=1|官方產業別(MOPS t05st03)=1|融資券(MI_MARGN)=1|借券(TWT93U)=1|法人(T86)=1",388,inf,250.0,official_prepanel,216.85,,0.0,1.0,0,1,9.783,28.986,9.42,5374.0,0,未扣成本·事後欄位以 m_ 標示·非投資建議
HO,3,2024-02-23,2024-02-26,1725,元禎,TWSE,W,,fV300|fV100,W_atr14@3,178,482,漏網,809,0.018439,,atr14=0.220|n_lu_250=0.426|r20=0.537|c_ma120=0.381|vr20=0.212|days_since_lu=0.599|dt_ratio20=0.099|lend_to_v=0.616|rev_yoy=0.611|o_turn=0.000|o_log_mcap=0.227|o_lu_follow=0.362,"官方日成交結構(MI_INDEX/dailyQuotes)=1|發行股數(MI_QFIIS/dailyQuotes)=1|外資持股(MI_QFIIS,僅上市)=1|自營商(T86/上櫃三大法人)=1|當沖(TWTB4U/上櫃intraday)=1|季財報(MOPS t163sb04)=1|月營收(MOPS/openapi)=1|官方產業別(MOPS t05st03)=1|融資券(MI_MARGN)=1|借券(TWT93U)=1|法人(T86)=1",389,inf,250.0,official_prepanel,16.1,,0.0,0.0,0,1,10.0,60.698,53.721,399.0,0,未扣成本·事後欄位以 m_ 標示·非投資建議
HO,3,2024-02-27,2024-02-29,1456,怡華,TWSE,W,,fV300|fV100,W_atr14@3,201,473,漏網,1086,0.017754,,atr14=0.176|n_lu_250=0.174|r20=0.405|c_ma120=0.453|vr20=0.969|days_since_lu=0.866|dt_ratio20=NaN|lend_to_v=0.645|rev_yoy=0.682|o_turn=0.111|o_log_mcap=0.054|o_lu_follow=0.678,"官方日成交結構(MI_INDEX/dailyQuotes)=1|發行股數(MI_QFIIS/dailyQuotes)=1|外資持股(MI_QFIIS,僅上市)=1|自營商(T86/上櫃三大法人)=1|當沖(TWTB4U/上櫃intraday)=1|季財報(MOPS t163sb04)=1|月營收(MOPS/openapi)=1|官方產業別(MOPS t05st03)=1|融資券(MI_MARGN)=1|借券(TWT93U)=1|法人(T86)=1",391,inf,250.0,official_prepanel,32.65,,0.0,0.0,0,1,9.827,30.347,10.983,1079.0,0,未扣成本·事後欄位以 m_ 標示·非投資建議
HO,3,2024-02-29,2024-03-01,2524,京城,TWSE,W,,fV300|fV100,W_atr14@3,288,463,漏網,1217,0.013757,,atr14=0.085|n_lu_250=0.175|r20=0.411|c_ma120=0.385|vr20=0.489|days_since_lu=0.866|dt_ratio20=0.039|lend_to_v=0.610|rev_yoy=0.940|o_turn=0.000|o_log_mcap=0.551|o_lu_follow=0.672,"官方日成交結構(MI_INDEX/dailyQuotes)=1|發行股數(MI_QFIIS/dailyQuotes)=1|外資持股(MI_QFIIS,僅上市)=1|自營商(T86/上櫃三大法人)=1|當沖(TWTB4U/上櫃intraday)=1|季財報(MOPS t163sb04)=1|月營收(MOPS/openapi)=1|官方產業別(MOPS t05st03)=1|融資券(MI_MARGN)=1|借券(TWT93U)=1|法人(T86)=1",392,inf,250.0,official_prepanel,77.95,,0.0,0.0,0,1,9.692,20.923,21.231,541.0,0,未扣成本·事後欄位以 m_ 標示·非投資建議
HO,3,2024-02-29,2024-03-01,4538,大詠城,TPEx,W,,fV300|fV100,W_atr14@3,132,463,漏網,475,0.022769,,atr14=0.329|n_lu_250=0.796|r20=0.638|c_ma120=0.397|vr20=0.911|days_since_lu=0.539|dt_ratio20=NaN|lend_to_v=0.589|rev_yoy=0.034|o_turn=0.316|o_log_mcap=0.016|o_lu_follow=0.956,"官方日成交結構(MI_INDEX/dailyQuotes)=1|發行股數(MI_QFIIS/dailyQuotes)=1|外資持股(MI_QFIIS,僅上市)=0|自營商(T86/上櫃三大法人)=1|當沖(TWTB4U/上櫃intraday)=1|季財報(MOPS t163sb04)=1|月營收(MOPS/openapi)=1|官方產業別(MOPS t05st03)=1|融資券(MI_MARGN)=1|借券(TWT93U)=1|法人(T86)=1",392,inf,250.0,official_prepanel,79.2,,0.0,0.0,0,1,8.651,8.397,2.545,1935.0,0,未扣成本·事後欄位以 m_ 標示·非投資建議
HO,3,2024-03-01,2024-03-04,4523,永彰,TPEx,W,,fV300|fV100,W_atr14@3,134,449,漏網,828,0.023012,,atr14=0.327|n_lu_250=0.866|r20=0.493|c_ma120=0.030|vr20=0.593|days_since_lu=0.495|dt_ratio20=NaN|lend_to_v=0.794|rev_yoy=0.869|o_turn=0.036|o_log_mcap=0.122|o_lu_follow=0.978,"官方日成交結構(MI_INDEX/dailyQuotes)=1|發行股數(MI_QFIIS/dailyQuotes)=1|外資持股(MI_QFIIS,僅上市)=0|自營商(T86/上櫃三大法人)=1|當沖(TWTB4U/上櫃intraday)=1|季財報(MOPS t163sb04)=1|月營收(MOPS/openapi)=1|官方產業別(MOPS t05st03)=1|融資券(MI_MARGN)=1|借券(TWT93U)=1|法人(T86)=1",393,inf,250.0,official_prepanel,40.85,,0.0,0.0,0,1,9.499,27.599,27.343,177.0,0,未扣成本·事後欄位以 m_ 標示·非投資建議
HO,3,2024-03-01,2024-03-04,4943,康控-KY,TWSE,W,,fV300|fV100,W_atr14@3,183,449,漏網,423,0.01807,,atr14=0.176|n_lu_250=0.748|r20=0.754|c_ma120=0.706|vr20=0.942|days_since_lu=0.451|dt_ratio20=NaN|lend_to_v=0.021|rev_yoy=0.663|o_turn=0.082|o_log_mcap=0.081|o_lu_follow=0.060,"官方日成交結構(MI_INDEX/dailyQuotes)=1|發行股數(MI_QFIIS/dailyQuotes)=1|外資持股(MI_QFIIS,僅上市)=1|自營商(T86/上櫃三大法人)=0|當沖(TWTB4U/上櫃intraday)=0|季財報(MOPS t163sb04)=1|月營收(MOPS/openapi)=1|官方產業別(MOPS t05st03)=1|融資券(MI_MARGN)=1|借券(TWT93U)=1|法人(T86)=0",393,inf,250.0,official_prepanel,40.1,,0.0,0.0,1,0,0.0,42.547,37.398,152.0,0,未扣成本·事後欄位以 m_ 標示·非投資建議
HO,3,2024-03-01,2024-03-04,6654,天正國際,TPEx,W,,fV300|fV100|fH125|fN20,W_atr14@3,290,449,漏網,1184,0.013403,,atr14=0.074|n_lu_250=0.173|r20=0.598|c_ma120=NaN|vr20=0.765|days_since_lu=0.655|dt_ratio20=NaN|lend_to_v=0.238|rev_yoy=0.759|o_turn=0.118|o_log_mcap=0.037|o_lu_follow=0.674,"官方日成交結構(MI_INDEX/dailyQuotes)=1|發行股數(MI_QFIIS/dailyQuotes)=1|外資持股(MI_QFIIS,僅上市)=0|自營商(T86/上櫃三大法人)=1|當沖(TWTB4U/上櫃intraday)=1|季財報(MOPS t163sb04)=1|月營收(MOPS/openapi)=1|官方產業別(MOPS t05st03)=1|融資券(MI_MARGN)=1|借券(TWT93U)=1|法人(T86)=1",393,inf,250.0,official_prepanel,32.0,,0.0,0.0,0,1,9.978,10.846,1.41,82.0,0,未扣成本·事後欄位以 m_ 標示·非投資建議
HO,3,2024-03-01,2024-03-04,8423,保綠-KY,TPEx,W,,fV300|fV100|fH125,W_atr14@3,123,449,漏網,924,0.024025,,atr14=0.357|n_lu_250=0.173|r20=0.559|c_ma120=NaN|vr20=0.762|days_since_lu=0.867|dt_ratio20=NaN|lend_to_v=NaN|rev_yoy=0.769|o_turn=0.142|o_log_mcap=0.006|o_lu_follow=0.674,"官方日成交結構(MI_INDEX/dailyQuotes)=1|發行股數(MI_QFIIS/dailyQuotes)=1|外資持股(MI_QFIIS,僅上市)=0|自營商(T86/上櫃三大法人)=1|當沖(TWTB4U/上櫃intraday)=0|季財報(MOPS t163sb04)=1|月營收(MOPS/openapi)=1|官方產業別(MOPS t05st03)=1|融資券(MI_MARGN)=0|借券(TWT93U)=0|法人(T86)=1",393,inf,250.0,official_prepanel,43.45,,0.0,0.0,1,0,0.0,14.168,5.544,258.0,0,未扣成本·事後欄位以 m_ 標示·非投資建議
HO,3,2024-03-04,2024-03-05,6103,合邦,TPEx,W,,fV300|fV100|fVnan|fH125|fN20|fBP,W_atr14@3,416,426,漏網,1727,,,atr14=NaN|n_lu_250=0.933|r20=0.001|c_ma120=NaN|vr20=NaN|days_since_lu=0.056|dt_ratio20=NaN|lend_to_v=NaN|rev_yoy=0.024|o_turn=0.000|o_log_mcap=0.000|o_lu_follow=0.250,"官方日成交結構(MI_INDEX/dailyQuotes)=1|發行股數(MI_QFIIS/dailyQuotes)=1|外資持股(MI_QFIIS,僅上市)=0|自營商(T86/上櫃三大法人)=0|當沖(TWTB4U/上櫃intraday)=0|季財報(MOPS t163sb04)=1|月營收(MOPS/openapi)=1|官方產業別(MOPS t05st03)=1|融資券(MI_MARGN)=0|借券(TWT93U)=0|法人(T86)=0",394,inf,250.0,official_prepanel,,,0.0,0.0,0,1,13.755,,28.996,3.0,0,未扣成本·事後欄位以 m_ 標示·非投資建議
HO,3,2024-03-07,2024-03-08,4198,欣大健康,TPEx,W,,fV300|fV100|fH125|fN20,W_atr14@3,277,414,漏網,1173,0.01266,,atr14=0.063|n_lu_250=0.672|r20=0.245|c_ma120=NaN|vr20=0.687|days_since_lu=0.480|dt_ratio20=NaN|lend_to_v=NaN|rev_yoy=0.451|o_turn=0.006|o_log_mcap=0.000|o_lu_follow=0.908,"官方日成交結構(MI_INDEX/dailyQuotes)=1|發行股數(MI_QFIIS/dailyQuotes)=1|外資持股(MI_QFIIS,僅上市)=0|自營商(T86/上櫃三大法人)=0|當沖(TWTB4U/上櫃intraday)=0|季財報(MOPS t163sb04)=1|月營收(MOPS/openapi)=1|官方產業別(MOPS t05st03)=1|融資券(MI_MARGN)=0|借券(TWT93U)=0|法人(T86)=0",397,inf,250.0,official_prepanel,8.17,,0.0,0.0,1,0,0.0,9.091,2.448,259.0,0,未扣成本·事後欄位以 m_ 標示·非投資建議
HO,3,2024-03-07,2024-03-08,4994,傳奇,TWSE,W,,fH125|fBP,W_atr14@3,35,414,漏網,142,0.042325,,atr14=0.750|n_lu_250=0.672|r20=0.979|c_ma120=0.959|vr20=0.525|days_since_lu=0.178|dt_ratio20=0.561|lend_to_v=0.078|rev_yoy=0.436|o_turn=0.477|o_log_mcap=0.344|o_lu_follow=0.106,"官方日成交結構(MI_INDEX/dailyQuotes)=1|發行股數(MI_QFIIS/dailyQuotes)=1|外資持股(MI_QFIIS,僅上市)=1|自營商(T86/上櫃三大法人)=1|當沖(TWTB4U/上櫃intraday)=1|季財報(MOPS t163sb04)=1|月營收(MOPS/openapi)=1|官方產業別(MOPS t05st03)=1|融資券(MI_MARGN)=1|借券(TWT93U)=1|法人(T86)=1",397,inf,250.0,official_prepanel,462.75,,0.0,0.0,1,0,0.0,27.31,33.984,617.0,0,未扣成本·事後欄位以 m_ 標示·非投資建議
HO,3,2024-03-07,2024-03-08,5529,鉅陞,TPEx,W,,fV300|fH125|fBP,W_atr14@3,334,414,漏網,1142,0.009797,,atr14=0.023|n_lu_250=0.429|r20=0.305|c_ma120=0.533|vr20=0.103|days_since_lu=0.444|dt_ratio20=NaN|lend_to_v=0.226|rev_yoy=0.046|o_turn=0.085|o_log_mcap=0.066|o_lu_follow=0.343,"官方日成交結構(MI_INDEX/dailyQuotes)=1|發行股數(MI_QFIIS/dailyQuotes)=1|外資持股(MI_QFIIS,僅上市)=0|自營商(T86/上櫃三大法人)=1|當沖(TWTB4U/上櫃intraday)=1|季財報(MOPS t163sb04)=1|月營收(MOPS/openapi)=1|官方產業別(MOPS t05st03)=1|融資券(MI_MARGN)=1|借券(TWT93U)=1|法人(T86)=1",397,inf,250.0,official_prepanel,284.7,,0.0,0.0,0,1,9.701,29.353,28.856,993.0,0,未扣成本·事後欄位以 m_ 標示·非投資建議
HO,3,2024-03-08,2024-03-11,4905,台聯電,TPEx,W,,fV300|fV100,W_atr14@3,119,395,漏網,344,0.022739,,atr14=0.271|n_lu_250=0.859|r20=0.779|c_ma120=0.621|vr20=0.052|days_since_lu=0.192|dt_ratio20=NaN|lend_to_v=0.139|rev_yoy=0.985|o_turn=0.016|o_log_mcap=0.125|o_lu_follow=0.996,"官方日成交結構(MI_INDEX/dailyQuotes)=1|發行股數(MI_QFIIS/dailyQuotes)=1|外資持股(MI_QFIIS,僅上市)=0|自營商(T86/上櫃三大法人)=1|當沖(TWTB4U/上櫃intraday)=1|季財報(MOPS t163sb04)=1|月營收(MOPS/openapi)=1|官方產業別(MOPS t05st03)=1|融資券(MI_MARGN)=1|借券(TWT93U)=1|法人(T86)=1",398,inf,250.0,official_prepanel,58.4,,0.0,0.0,1,0,0.0,-0.884,-3.867,103.0,0,未扣成本·事後欄位以 m_ 標示·非投資建議
HO,3,2024-03-08,2024-03-11,5201,凱衛,TPEx,W,,fV300|fV100,W_atr14@3,238,395,漏網,920,0.014017,,atr14=0.081|n_lu_250=0.569|r20=0.464|c_ma120=0.430|vr20=0.966|days_since_lu=0.570|dt_ratio20=NaN|lend_to_v=0.461|rev_yoy=0.106|o_turn=0.381|o_log_mcap=0.013|o_lu_follow=0.189,"官方日成交結構(MI_INDEX/dailyQuotes)=1|發行股數(MI_QFIIS/dailyQuotes)=1|外資持股(MI_QFIIS,僅上市)=0|自營商(T86/上櫃三大法人)=1|當沖(TWTB4U/上櫃intraday)=1|季財報(MOPS t163sb04)=1|月營收(MOPS/openapi)=1|官方產業別(MOPS t05st03)=1|融資券(MI_MARGN)=1|借券(TWT93U)=1|法人(T86)=1",398,inf,250.0,official_prepanel,55.7,,0.0,0.0,1,0,0.0,-0.857,7.0,634.0,0,未扣成本·事後欄位以 m_ 標示·非投資建議
HO,3,2024-03-08,2024-03-11,5212,凌網,TPEx,W,,fV300|fV100,W_atr14@3,197,395,漏網,1132,0.016209,,atr14=0.115|n_lu_250=0.171|r20=0.449|c_ma120=0.513|vr20=0.632|days_since_lu=0.874|dt_ratio20=NaN|lend_to_v=0.806|rev_yoy=0.553|o_turn=0.001|o_log_mcap=0.082|o_lu_follow=0.667,"官方日成交結構(MI_INDEX/dailyQuotes)=1|發行股數(MI_QFIIS/dailyQuotes)=1|外資持股(MI_QFIIS,僅上市)=0|自營商(T86/上櫃三大法人)=1|當沖(TWTB4U/上櫃intraday)=1|季財報(MOPS t163sb04)=1|月營收(MOPS/openapi)=1|官方產業別(MOPS t05st03)=1|融資券(MI_MARGN)=1|借券(TWT93U)=1|法人(T86)=1",398,inf,250.0,official_prepanel,9.85,,0.0,0.0,0,1,7.317,11.632,13.696,92.0,0,未扣成本·事後欄位以 m_ 標示·非投資建議
HO,3,2024-03-08,2024-03-11,6199,天品,TPEx,W,,fV300|fV100|fH125|fN20,W_atr14@3,390,395,漏網,1780,,,atr14=NaN|n_lu_250=0.780|r20=0.279|c_ma120=NaN|vr20=0.205|days_since_lu=0.275|dt_ratio20=NaN|lend_to_v=NaN|rev_yoy=0.088|o_turn=0.000|o_log_mcap=0.072|o_lu_follow=0.944,"官方日成交結構(MI_INDEX/dailyQuotes)=1|發行股數(MI_QFIIS/dailyQuotes)=1|外資持股(MI_QFIIS,僅上市)=0|自營商(T86/上櫃三大法人)=0|當沖(TWTB4U/上櫃intraday)=0|季財報(MOPS t163sb04)=1|月營收(MOPS/openapi)=1|官方產業別(MOPS t05st03)=1|融資券(MI_MARGN)=0|借券(TWT93U)=0|法人(T86)=0",398,inf,250.0,official_prepanel,16.65,,0.0,0.0,0,1,7.57,6.162,-1.056,265.0,0,未扣成本·事後欄位以 m_ 標示·非投資建議
HO,3,2024-03-12,2024-03-13,6577,勁豐,TPEx,W,,fV300|fV100,W_atr14@3,190,370,漏網,459,0.016803,,atr14=0.131|n_lu_250=0.826|r20=0.797|c_ma120=0.540|vr20=0.987|days_since_lu=0.427|dt_ratio20=NaN|lend_to_v=0.774|rev_yoy=0.849|o_turn=0.688|o_log_mcap=0.245|o_lu_follow=0.991,"官方日成交結構(MI_INDEX/dailyQuotes)=1|發行股數(MI_QFIIS/dailyQuotes)=1|外資持股(MI_QFIIS,僅上市)=0|自營商(T86/上櫃三大法人)=1|當沖(TWTB4U/上櫃intraday)=1|季財報(MOPS t163sb04)=1|月營收(MOPS/openapi)=1|官方產業別(MOPS t05st03)=1|融資券(MI_MARGN)=1|借券(TWT93U)=1|法人(T86)=1",400,inf,250.0,official_prepanel,99.4,,0.0,0.0,1,0,0.0,11.688,24.675,458.0,0,未扣成本·事後欄位以 m_ 標示·非投資建議
HO,3,2024-03-26,2024-03-27,1796,金穎生技,TPEx,W,,fV300|fV100,W_atr14@3,157,371,漏網,1595,0.022176,,atr14=0.226|n_lu_250=0.435|r20=0.202|c_ma120=0.002|vr20=0.590|days_since_lu=0.641|dt_ratio20=NaN|lend_to_v=0.430|rev_yoy=0.078|o_turn=0.059|o_log_mcap=0.113|o_lu_follow=0.332,"官方日成交結構(MI_INDEX/dailyQuotes)=1|發行股數(MI_QFIIS/dailyQuotes)=1|外資持股(MI_QFIIS,僅上市)=0|自營商(T86/上櫃三大法人)=1|當沖(TWTB4U/上櫃intraday)=1|季財報(MOPS t163sb04)=1|月營收(MOPS/openapi)=1|官方產業別(MOPS t05st03)=1|融資券(MI_MARGN)=1|借券(TWT93U)=1|法人(T86)=1",410,inf,250.0,official_prepanel,54.15,,0.0,0.0,0,1,9.336,23.519,12.567,165.0,0,未扣成本·事後欄位以 m_ 標示·非投資建議
HO,3,2024-03-26,2024-03-27,3629,地心引力,TPEx,W,,fV300|fV100|fH125|fN20|fBP,W_atr14@3,57,371,漏網,661,0.039356,,atr14=0.646|n_lu_250=0.912|r20=0.020|c_ma120=NaN|vr20=0.187|days_since_lu=0.420|dt_ratio20=NaN|lend_to_v=NaN|rev_yoy=0.003|o_turn=0.000|o_log_mcap=0.001|o_lu_follow=0.921,"官方日成交結構(MI_INDEX/dailyQuotes)=1|發行股數(MI_QFIIS/dailyQuotes)=1|外資持股(MI_QFIIS,僅上市)=0|自營商(T86/上櫃三大法人)=0|當沖(TWTB4U/上櫃intraday)=0|季財報(MOPS t163sb04)=1|月營收(MOPS/openapi)=1|官方產業別(MOPS t05st03)=1|融資券(MI_MARGN)=0|借券(TWT93U)=0|法人(T86)=0",410,inf,250.0,official_prepanel,19.16,,0.0,0.0,0,1,8.696,50.895,50.128,21.0,0,未扣成本·事後欄位以 m_ 標示·非投資建議
HO,3,2024-03-26,2024-03-27,4198,欣大健康,TPEx,W,,fV300|fV100|fH125|fN20,W_atr14@3,8,371,漏網,75,0.067118,,atr14=0.949|n_lu_250=0.786|r20=0.871|c_ma120=NaN|vr20=0.028|days_since_lu=0.098|dt_ratio20=NaN|lend_to_v=NaN|rev_yoy=0.878|o_turn=0.032|o_log_mcap=0.001|o_lu_follow=0.942,"官方日成交結構(MI_INDEX/dailyQuotes)=1|發行股數(MI_QFIIS/dailyQuotes)=1|外資持股(MI_QFIIS,僅上市)=0|自營商(T86/上櫃三大法人)=1|當沖(TWTB4U/上櫃intraday)=0|季財報(MOPS t163sb04)=1|月營收(MOPS/openapi)=1|官方產業別(MOPS t05st03)=1|融資券(MI_MARGN)=0|借券(TWT93U)=0|法人(T86)=1",410,inf,250.0,official_prepanel,97.0,,0.0,0.0,0,1,10.19,60.967,86.183,166.0,0,未扣成本·事後欄位以 m_ 標示·非投資建議
HO,3,2024-03-27,2024-03-28,6649,台生材,TPEx,W,,fV300|fV100,W_atr14@3,126,369,漏網,1689,0.025104,,atr14=0.331|n_lu_250=0.176|r20=0.123|c_ma120=0.016|vr20=0.341|days_since_lu=0.680|dt_ratio20=NaN|lend_to_v=0.513|rev_yoy=0.071|o_turn=0.011|o_log_mcap=0.013|o_lu_follow=0.649,"官方日成交結構(MI_INDEX/dailyQuotes)=1|發行股數(MI_QFIIS/dailyQuotes)=1|外資持股(MI_QFIIS,僅上市)=0|自營商(T86/上櫃三大法人)=1|當沖(TWTB4U/上櫃intraday)=1|季財報(MOPS t163sb04)=1|月營收(MOPS/openapi)=1|官方產業別(MOPS t05st03)=1|融資券(MI_MARGN)=1|借券(TWT93U)=1|法人(T86)=1",411,inf,250.0,official_prepanel,41.9,,0.0,0.0,0,1,7.605,16.92,16.73,122.0,0,未扣成本·事後欄位以 m_ 標示·非投資建議
HO,3,2024-03-29,2024-04-01,3555,博士旺,TPEx,W,,fV300|fV100,W_atr14@3,19,373,漏網,1001,0.050756,,atr14=0.875|n_lu_250=0.823|r20=0.006|c_ma120=0.000|vr20=0.936|days_since_lu=0.335|dt_ratio20=NaN|lend_to_v=0.018|rev_yoy=0.826|o_turn=0.438|o_log_mcap=0.001|o_lu_follow=0.435,"官方日成交結構(MI_INDEX/dailyQuotes)=1|發行股數(MI_QFIIS/dailyQuotes)=1|外資持股(MI_QFIIS,僅上市)=0|自營商(T86/上櫃三大法人)=1|當沖(TWTB4U/上櫃intraday)=0|季財報(MOPS t163sb04)=1|月營收(MOPS/openapi)=1|官方產業別(MOPS t05st03)=1|融資券(MI_MARGN)=1|借券(TWT93U)=1|法人(T86)=1",413,inf,250.0,official_prepanel,49.55,,0.0,0.0,0,1,9.227,43.991,33.262,331.0,0,未扣成本·事後欄位以 m_ 標示·非投資建議
HO,4,2024-04-02,2024-04-03,4192,杏國,TPEx,W,,fV300|fV100|fH125,W_atr14@3,107,383,漏網,729,0.025376,,atr14=0.419|n_lu_250=0.434|r20=0.664|c_ma120=0.288|vr20=0.615|days_since_lu=0.563|dt_ratio20=NaN|lend_to_v=NaN|rev_yoy=0.367|o_turn=0.008|o_log_mcap=0.028|o_lu_follow=0.328,"官方日成交結構(MI_INDEX/dailyQuotes)=1|發行股數(MI_QFIIS/dailyQuotes)=1|外資持股(MI_QFIIS,僅上市)=0|自營商(T86/上櫃三大法人)=0|當沖(TWTB4U/上櫃intraday)=0|季財報(MOPS t163sb04)=1|月營收(MOPS/openapi)=1|官方產業別(MOPS t05st03)=1|融資券(MI_MARGN)=0|借券(TWT93U)=0|法人(T86)=0",415,inf,250.0,official_prepanel,18.9,,0.0,0.0,0,1,8.431,39.559,22.698,120.0,0,未扣成本·事後欄位以 m_ 標示·非投資建議
HO,4,2024-04-02,2024-04-03,6588,東典光電,TPEx,W,,fV300|fV100,W_atr14@3,39,383,漏網,612,0.040512,,atr14=0.769|n_lu_250=0.673|r20=0.294|c_ma120=0.359|vr20=0.850|days_since_lu=0.374|dt_ratio20=NaN|lend_to_v=NaN|rev_yoy=0.086|o_turn=0.194|o_log_mcap=0.007|o_lu_follow=0.092,"官方日成交結構(MI_INDEX/dailyQuotes)=1|發行股數(MI_QFIIS/dailyQuotes)=1|外資持股(MI_QFIIS,僅上市)=0|自營商(T86/上櫃三大法人)=1|當沖(TWTB4U/上櫃intraday)=0|季財報(MOPS t163sb04)=1|月營收(MOPS/openapi)=1|官方產業別(MOPS t05st03)=1|融資券(MI_MARGN)=0|借券(TWT93U)=0|法人(T86)=1",415,inf,250.0,official_prepanel,36.8,,0.0,0.0,0,1,6.657,10.13,12.446,371.0,0,未扣成本·事後欄位以 m_ 標示·非投資建議
HO,4,2024-04-03,2024-04-08,3095,及成,TPEx,W,,fV300|fV100|fH125,W_atr14@3,59,379,漏網,452,0.031955,,atr14=0.614|n_lu_250=0.177|r20=0.896|c_ma120=0.603|vr20=0.955|days_since_lu=0.704|dt_ratio20=NaN|lend_to_v=0.016|rev_yoy=0.877|o_turn=0.571|o_log_mcap=0.000|o_lu_follow=0.645,"官方日成交結構(MI_INDEX/dailyQuotes)=1|發行股數(MI_QFIIS/dailyQuotes)=1|外資持股(MI_QFIIS,僅上市)=0|自營商(T86/上櫃三大法人)=0|當沖(TWTB4U/上櫃intraday)=0|季財報(MOPS t163sb04)=1|月營收(MOPS/openapi)=1|官方產業別(MOPS t05st03)=1|融資券(MI_MARGN)=1|借券(TWT93U)=1|法人(T86)=0",416,inf,250.0,official_prepanel,25.2,,0.0,0.0,0,1,1.719,9.742,7.45,140.0,0,未扣成本·事後欄位以 m_ 標示·非投資建議
HO,4,2024-04-03,2024-04-08,6949,沛爾生醫*-創,TWSE,W,,fV300|fH125|fA60|fN20,W_atr14@3,18,379,漏網,1787,0.05037,,atr14=0.907|n_lu_250=0.177|r20=NaN|c_ma120=NaN|vr20=0.001|days_since_lu=0.873|dt_ratio20=NaN|lend_to_v=NaN|rev_yoy=0.784|o_turn=0.008|o_log_mcap=0.281|o_lu_follow=0.645,"官方日成交結構(MI_INDEX/dailyQuotes)=1|發行股數(MI_QFIIS/dailyQuotes)=1|外資持股(MI_QFIIS,僅上市)=1|自營商(T86/上櫃三大法人)=0|當沖(TWTB4U/上櫃intraday)=0|季財報(MOPS t163sb04)=0|月營收(MOPS/openapi)=1|官方產業別(MOPS t05st03)=1|融資券(MI_MARGN)=0|借券(TWT93U)=0|法人(T86)=0",19,19.0,19.0,official,289.95,,0.0,0.0,0,1,8.038,47.754,76.123,297.0,0,未扣成本·事後欄位以 m_ 標示·非投資建議
HO,4,2024-04-08,2024-04-09,3555,博士旺,TPEx,W,,fV300|fCD,W_atr14@3,10,393,漏網,465,0.05281,,atr14=0.932|n_lu_250=0.911|r20=0.411|c_ma120=0.133|vr20=0.976|days_since_lu=0.002|dt_ratio20=NaN|lend_to_v=0.016|rev_yoy=0.829|o_turn=0.740|o_log_mcap=0.002|o_lu_follow=0.918,"官方日成交結構(MI_INDEX/dailyQuotes)=1|發行股數(MI_QFIIS/dailyQuotes)=1|外資持股(MI_QFIIS,僅上市)=0|自營商(T86/上櫃三大法人)=1|當沖(TWTB4U/上櫃intraday)=0|季財報(MOPS t163sb04)=1|月營收(MOPS/openapi)=1|官方產業別(MOPS t05st03)=1|融資券(MI_MARGN)=1|借券(TWT93U)=1|法人(T86)=1",417,inf,250.0,official_prepanel,109.35,,0.0,1.0,0,1,1.667,4.545,2.121,453.0,0,未扣成本·事後欄位以 m_ 標示·非投資建議
HO,4,2024-04-09,2024-04-10,2724,藝舍-KY,TPEx,W,,fV300|fV100|fH125,W_atr14@3,69,390,漏網,310,0.030987,,atr14=0.573|n_lu_250=0.445|r20=0.988|c_ma120=NaN|vr20=0.720|days_since_lu=0.109|dt_ratio20=NaN|lend_to_v=0.014|rev_yoy=0.967|o_turn=0.052|o_log_mcap=0.021|o_lu_follow=0.325,"官方日成交結構(MI_INDEX/dailyQuotes)=1|發行股數(MI_QFIIS/dailyQuotes)=1|外資持股(MI_QFIIS,僅上市)=0|自營商(T86/上櫃三大法人)=1|當沖(TWTB4U/上櫃intraday)=0|季財報(MOPS t163sb04)=1|月營收(MOPS/openapi)=1|官方產業別(MOPS t05st03)=1|融資券(MI_MARGN)=1|借券(TWT93U)=1|法人(T86)=1",418,inf,250.0,official_prepanel,55.7,,0.0,0.0,0,1,9.268,46.341,42.439,262.0,0,未扣成本·事後欄位以 m_ 標示·非投資建議
HO,4,2024-04-09,2024-04-10,4183,福永生技,TPEx,W,,fV300|fV100|fH125,W_atr14@3,292,390,漏網,1454,0.010828,,atr14=0.032|n_lu_250=0.747|r20=0.223|c_ma120=0.030|vr20=0.699|days_since_lu=0.381|dt_ratio20=NaN|lend_to_v=NaN|rev_yoy=0.305|o_turn=0.081|o_log_mcap=0.000|o_lu_follow=0.982,"官方日成交結構(MI_INDEX/dailyQuotes)=1|發行股數(MI_QFIIS/dailyQuotes)=1|外資持股(MI_QFIIS,僅上市)=0|自營商(T86/上櫃三大法人)=0|當沖(TWTB4U/上櫃intraday)=0|季財報(MOPS t163sb04)=1|月營收(MOPS/openapi)=1|官方產業別(MOPS t05st03)=1|融資券(MI_MARGN)=0|借券(TWT93U)=0|法人(T86)=0",418,inf,250.0,official_prepanel,27.5,,0.0,0.0,0,1,7.674,2.398,2.158,190.0,0,未扣成本·事後欄位以 m_ 標示·非投資建議
HO,4,2024-04-09,2024-04-10,8077,洛碁,TPEx,W,,fV300|fV100|fH125|fN20,W_atr14@3,129,390,漏網,551,0.022886,,atr14=0.353|n_lu_250=0.790|r20=0.424|c_ma120=NaN|vr20=0.942|days_since_lu=0.127|dt_ratio20=NaN|lend_to_v=NaN|rev_yoy=0.836|o_turn=0.296|o_log_mcap=0.012|o_lu_follow=0.947,"官方日成交結構(MI_INDEX/dailyQuotes)=1|發行股數(MI_QFIIS/dailyQuotes)=1|外資持股(MI_QFIIS,僅上市)=0|自營商(T86/上櫃三大法人)=1|當沖(TWTB4U/上櫃intraday)=0|季財報(MOPS t163sb04)=1|月營收(MOPS/openapi)=1|官方產業別(MOPS t05st03)=1|融資券(MI_MARGN)=0|借券(TWT93U)=0|法人(T86)=1",418,inf,250.0,official_prepanel,30.0,,0.0,0.0,0,1,6.944,56.151,35.317,114.0,0,未扣成本·事後欄位以 m_ 標示·非投資建議
HO,4,2024-04-10,2024-04-11,9949,琉園,TPEx,W,,fV300|fV100,W_atr14@3,158,383,漏網,518,0.020066,,atr14=0.247|n_lu_250=0.440|r20=0.765|c_ma120=0.733|vr20=0.959|days_since_lu=0.367|dt_ratio20=NaN|lend_to_v=0.015|rev_yoy=0.420|o_turn=0.248|o_log_mcap=0.004|o_lu_follow=0.328,"官方日成交結構(MI_INDEX/dailyQuotes)=1|發行股數(MI_QFIIS/dailyQuotes)=1|外資持股(MI_QFIIS,僅上市)=0|自營商(T86/上櫃三大法人)=0|當沖(TWTB4U/上櫃intraday)=0|季財報(MOPS t163sb04)=1|月營收(MOPS/openapi)=1|官方產業別(MOPS t05st03)=1|融資券(MI_MARGN)=1|借券(TWT93U)=1|法人(T86)=0",419,inf,250.0,official_prepanel,43.85,,0.0,0.0,0,1,7.576,14.394,24.242,479.0,0,未扣成本·事後欄位以 m_ 標示·非投資建議
HO,4,2024-04-11,2024-04-12,2867,,TWSE,W,,fP10|fP5,W_atr14@3,303,379,漏網,1671,0.009827,,atr14=0.021|n_lu_250=0.178|r20=0.330|c_ma120=0.182|vr20=0.307|days_since_lu=0.872|dt_ratio20=NaN|lend_to_v=0.853|rev_yoy=0.556|o_turn=0.035|o_log_mcap=0.720|o_lu_follow=0.650,"官方日成交結構(MI_INDEX/dailyQuotes)=1|發行股數(MI_QFIIS/dailyQuotes)=1|外資持股(MI_QFIIS,僅上市)=1|自營商(T86/上櫃三大法人)=1|當沖(TWTB4U/上櫃intraday)=0|季財報(MOPS t163sb04)=0|月營收(MOPS/openapi)=1|官方產業別(MOPS t05st03)=0|融資券(MI_MARGN)=1|借券(TWT93U)=1|法人(T86)=1",420,inf,250.0,fallback_prepanel,6173.0,,0.0,0.0,1,0,0.0,8.411,8.411,34864.0,0,未扣成本·事後欄位以 m_ 標示·非投資建議
HO,4,2024-04-11,2024-04-12,4588,玖鼎電力,TWSE,W,,fH125|fA60,W_atr14@3,37,379,漏網,1783,0.041927,,atr14=0.787|n_lu_250=0.741|r20=0.168|c_ma120=NaN|vr20=0.084|days_since_lu=0.281|dt_ratio20=NaN|lend_to_v=NaN|rev_yoy=0.910|o_turn=0.476|o_log_mcap=0.229|o_lu_follow=0.999,"官方日成交結構(MI_INDEX/dailyQuotes)=1|發行股數(MI_QFIIS/dailyQuotes)=1|外資持股(MI_QFIIS,僅上市)=1|自營商(T86/上櫃三大法人)=1|當沖(TWTB4U/上櫃intraday)=0|季財報(MOPS t163sb04)=1|月營收(MOPS/openapi)=1|官方產業別(MOPS t05st03)=1|融資券(MI_MARGN)=0|借券(TWT93U)=0|法人(T86)=1",44,44.0,44.0,official,819.4,,0.0,0.0,0,1,9.312,44.737,20.445,1976.0,0,未扣成本·事後欄位以 m_ 標示·非投資建議
HO,4,2024-04-11,2024-04-12,4609,唐鋒,TPEx,W,,fP10|fV300|fV100,W_atr14@3,8,379,漏網,569,0.059172,,atr14=0.962|n_lu_250=0.178|r20=0.556|c_ma120=0.486|vr20=0.886|days_since_lu=0.872|dt_ratio20=NaN|lend_to_v=0.016|rev_yoy=0.037|o_turn=0.091|o_log_mcap=0.000|o_lu_follow=0.650,"官方日成交結構(MI_INDEX/dailyQuotes)=1|發行股數(MI_QFIIS/dailyQuotes)=1|外資持股(MI_QFIIS,僅上市)=0|自營商(T86/上櫃三大法人)=0|當沖(TWTB4U/上櫃intraday)=0|季財報(MOPS t163sb04)=1|月營收(MOPS/openapi)=1|官方產業別(MOPS t05st03)=1|融資券(MI_MARGN)=1|借券(TWT93U)=1|法人(T86)=0",420,inf,250.0,official_prepanel,33.45,,0.0,0.0,0,1,12.066,36.048,30.92,222.0,0,未扣成本·事後欄位以 m_ 標示·非投資建議
HO,4,2024-04-15,2024-04-16,6222,立軒,TPEx,W,,fV300|fV100,W_atr14@3,24,384,漏網,868,0.048352,,atr14=0.862|n_lu_250=0.990|r20=0.000|c_ma120=0.014|vr20=0.892|days_since_lu=0.367|dt_ratio20=NaN|lend_to_v=0.014|rev_yoy=0.673|o_turn=0.276|o_log_mcap=0.007|o_lu_follow=0.980,"官方日成交結構(MI_INDEX/dailyQuotes)=1|發行股數(MI_QFIIS/dailyQuotes)=1|外資持股(MI_QFIIS,僅上市)=0|自營商(T86/上櫃三大法人)=1|當沖(TWTB4U/上櫃intraday)=0|季財報(MOPS t163sb04)=1|月營收(MOPS/openapi)=1|官方產業別(MOPS t05st03)=1|融資券(MI_MARGN)=1|借券(TWT93U)=1|法人(T86)=1",422,inf,250.0,official_prepanel,81.85,,0.0,0.0,0,1,12.157,17.647,16.078,220.0,0,未扣成本·事後欄位以 m_ 標示·非投資建議
HO,4,2024-04-15,2024-04-16,8438,昶昕,TWSE,W,,fV300|fV100,W_atr14@3,95,384,漏網,471,0.02734,,atr14=0.434|n_lu_250=0.439|r20=0.716|c_ma120=0.630|vr20=0.901|days_since_lu=0.527|dt_ratio20=0.115|lend_to_v=0.156|rev_yoy=0.635|o_turn=0.199|o_log_mcap=0.068|o_lu_follow=0.320,"官方日成交結構(MI_INDEX/dailyQuotes)=1|發行股數(MI_QFIIS/dailyQuotes)=1|外資持股(MI_QFIIS,僅上市)=1|自營商(T86/上櫃三大法人)=1|當沖(TWTB4U/上櫃intraday)=1|季財報(MOPS t163sb04)=1|月營收(MOPS/openapi)=1|官方產業別(MOPS t05st03)=1|融資券(MI_MARGN)=1|借券(TWT93U)=1|法人(T86)=1",422,inf,250.0,official_prepanel,94.4,,0.0,0.0,0,1,8.136,12.034,23.051,738.0,0,未扣成本·事後欄位以 m_ 標示·非投資建議
HO,4,2024-04-16,2024-04-17,6949,沛爾生醫*-創,TWSE,W,,fV300|fH125|fA60|fCD,W_atr14@3,17,387,漏網,1786,0.054177,,atr14=0.894|n_lu_250=0.738|r20=0.976|c_ma120=NaN|vr20=0.026|days_since_lu=0.026|dt_ratio20=NaN|lend_to_v=NaN|rev_yoy=0.313|o_turn=0.056|o_log_mcap=0.390|o_lu_follow=0.999,"官方日成交結構(MI_INDEX/dailyQuotes)=1|發行股數(MI_QFIIS/dailyQuotes)=1|外資持股(MI_QFIIS,僅上市)=1|自營商(T86/上櫃三大法人)=1|當沖(TWTB4U/上櫃intraday)=0|季財報(MOPS t163sb04)=0|月營收(MOPS/openapi)=1|官方產業別(MOPS t05st03)=1|融資券(MI_MARGN)=0|借券(TWT93U)=0|法人(T86)=1",26,26.0,26.0,official,280.55,,1.0,4.0,0,1,9.283,18.143,40.084,156.0,1,未扣成本·事後欄位以 m_ 標示·非投資建議
HO,4,2024-04-17,2024-04-18,3085,,TPEx,W,,fV300|fV100|fH125|fN20,W_atr14@3,18,394,漏網,379,0.054181,,atr14=0.923|n_lu_250=0.583|r20=0.769|c_ma120=0.273|vr20=0.998|days_since_lu=0.005|dt_ratio20=NaN|lend_to_v=0.017|rev_yoy=0.942|o_turn=0.405|o_log_mcap=0.000|o_lu_follow=0.173,"官方日成交結構(MI_INDEX/dailyQuotes)=1|發行股數(MI_QFIIS/dailyQuotes)=1|外資持股(MI_QFIIS,僅上市)=0|自營商(T86/上櫃三大法人)=0|當沖(TWTB4U/上櫃intraday)=0|季財報(MOPS t163sb04)=1|月營收(MOPS/openapi)=1|官方產業別(MOPS t05st03)=0|融資券(MI_MARGN)=1|借券(TWT93U)=1|法人(T86)=0",424,inf,250.0,official_prepanel,15.37,,0.0,0.0,0,1,6.751,22.363,28.692,67.0,0,未扣成本·事後欄位以 m_ 標示·非投資建議
HO,4,2024-04-18,2024-04-19,5514,三豐,TPEx,W,,fV300|fV100|fH125,W_atr14@3,197,395,漏網,794,0.018506,,atr14=0.139|n_lu_250=0.437|r20=0.644|c_ma120=0.425|vr20=0.585|days_since_lu=0.200|dt_ratio20=NaN|lend_to_v=0.082|rev_yoy=0.351|o_turn=0.000|o_log_mcap=0.240|o_lu_follow=0.329,"官方日成交結構(MI_INDEX/dailyQuotes)=1|發行股數(MI_QFIIS/dailyQuotes)=1|外資持股(MI_QFIIS,僅上市)=0|自營商(T86/上櫃三大法人)=1|當沖(TWTB4U/上櫃intraday)=1|季財報(MOPS t163sb04)=1|月營收(MOPS/openapi)=1|官方產業別(MOPS t05st03)=1|融資券(MI_MARGN)=1|借券(TWT93U)=1|法人(T86)=1",425,inf,250.0,official_prepanel,83.15,,0.0,0.0,0,1,5.581,11.86,15.349,1222.0,0,未扣成本·事後欄位以 m_ 標示·非投資建議
HO,4,2024-04-18,2024-04-19,8080,泰霖,TPEx,W,,fV300|fV100|fH125,W_atr14@3,29,395,漏網,474,0.047376,,atr14=0.848|n_lu_250=0.960|r20=0.022|c_ma120=NaN|vr20=0.301|days_since_lu=0.222|dt_ratio20=NaN|lend_to_v=0.016|rev_yoy=0.037|o_turn=0.048|o_log_mcap=0.000|o_lu_follow=1.000,"官方日成交結構(MI_INDEX/dailyQuotes)=1|發行股數(MI_QFIIS/dailyQuotes)=1|外資持股(MI_QFIIS,僅上市)=0|自營商(T86/上櫃三大法人)=1|當沖(TWTB4U/上櫃intraday)=0|季財報(MOPS t163sb04)=1|月營收(MOPS/openapi)=1|官方產業別(MOPS t05st03)=1|融資券(MI_MARGN)=1|借券(TWT93U)=1|法人(T86)=1",425,inf,250.0,official_prepanel,41.5,,0.0,0.0,0,1,13.333,15.439,26.316,90.0,0,未扣成本·事後欄位以 m_ 標示·非投資建議
HO,4,2024-04-19,2024-04-22,4160,訊聯基因,TPEx,W,,fV300|fV100,W_atr14@3,130,395,漏網,543,0.025547,,atr14=0.267|n_lu_250=0.932|r20=0.447|c_ma120=0.461|vr20=0.056|days_since_lu=0.381|dt_ratio20=NaN|lend_to_v=NaN|rev_yoy=0.558|o_turn=0.026|o_log_mcap=0.004|o_lu_follow=0.128,"官方日成交結構(MI_INDEX/dailyQuotes)=1|發行股數(MI_QFIIS/dailyQuotes)=1|外資持股(MI_QFIIS,僅上市)=0|自營商(T86/上櫃三大法人)=0|當沖(TWTB4U/上櫃intraday)=0|季財報(MOPS t163sb04)=1|月營收(MOPS/openapi)=1|官方產業別(MOPS t05st03)=1|融資券(MI_MARGN)=0|借券(TWT93U)=0|法人(T86)=0",426,inf,250.0,official_prepanel,72.85,,0.0,0.0,1,0,0.0,20.131,24.266,263.0,0,未扣成本·事後欄位以 m_ 標示·非投資建議
HO,4,2024-04-19,2024-04-22,6615,慧智,TPEx,W,,fV300|fV100,W_atr14@3,337,395,漏網,1224,0.009667,,atr14=0.007|n_lu_250=0.738|r20=0.364|c_ma120=0.297|vr20=0.658|days_since_lu=0.542|dt_ratio20=NaN|lend_to_v=NaN|rev_yoy=0.638|o_turn=0.011|o_log_mcap=0.000|o_lu_follow=0.983,"官方日成交結構(MI_INDEX/dailyQuotes)=1|發行股數(MI_QFIIS/dailyQuotes)=1|外資持股(MI_QFIIS,僅上市)=0|自營商(T86/上櫃三大法人)=0|當沖(TWTB4U/上櫃intraday)=0|季財報(MOPS t163sb04)=1|月營收(MOPS/openapi)=1|官方產業別(MOPS t05st03)=1|融資券(MI_MARGN)=0|借券(TWT93U)=0|法人(T86)=0",426,inf,250.0,official_prepanel,16.25,,0.0,0.0,0,1,9.352,20.449,23.067,184.0,0,未扣成本·事後欄位以 m_ 標示·非投資建議
HO,4,2024-04-22,2024-04-23,6199,天品,TPEx,W,,fH125|fN20,W_atr14@3,22,397,漏網,578,0.05481,,atr14=0.840|n_lu_250=0.857|r20=0.161|c_ma120=0.331|vr20=1.000|days_since_lu=0.225|dt_ratio20=NaN|lend_to_v=NaN|rev_yoy=0.022|o_turn=0.993|o_log_mcap=0.030|o_lu_follow=0.977,"官方日成交結構(MI_INDEX/dailyQuotes)=1|發行股數(MI_QFIIS/dailyQuotes)=1|外資持股(MI_QFIIS,僅上市)=0|自營商(T86/上櫃三大法人)=1|當沖(TWTB4U/上櫃intraday)=0|季財報(MOPS t163sb04)=1|月營收(MOPS/openapi)=1|官方產業別(MOPS t05st03)=1|融資券(MI_MARGN)=0|借券(TWT93U)=0|法人(T86)=1",427,inf,250.0,official_prepanel,560.89,,0.0,0.0,0,1,6.944,23.214,12.5,32.0,0,未扣成本·事後欄位以 m_ 標示·非投資建議
HO,4,2024-04-23,2024-04-24,6552,易華電,TWSE,W,,fV300|fV100,W_atr14@3,267,396,漏網,1567,0.015661,,atr14=0.049|n_lu_250=0.173|r20=0.547|c_ma120=0.221|vr20=0.814|days_since_lu=0.683|dt_ratio20=0.053|lend_to_v=0.690|rev_yoy=0.839|o_turn=0.071|o_log_mcap=0.131|o_lu_follow=0.652,"官方日成交結構(MI_INDEX/dailyQuotes)=1|發行股數(MI_QFIIS/dailyQuotes)=1|外資持股(MI_QFIIS,僅上市)=1|自營商(T86/上櫃三大法人)=1|當沖(TWTB4U/上櫃intraday)=1|季財報(MOPS t163sb04)=1|月營收(MOPS/openapi)=1|官方產業別(MOPS t05st03)=1|融資券(MI_MARGN)=1|借券(TWT93U)=1|法人(T86)=1",428,inf,250.0,official_prepanel,73.75,,0.0,0.0,0,1,8.798,45.161,46.921,1447.0,0,未扣成本·事後欄位以 m_ 標示·非投資建議
HO,4,2024-04-24,2024-04-25,1459,聯發,TWSE,W,,fP10|fV300|fV100,W_atr14@3,274,401,漏網,1122,0.015945,,atr14=0.052|n_lu_250=0.175|r20=0.743|c_ma120=0.387|vr20=0.637|days_since_lu=0.876|dt_ratio20=NaN|lend_to_v=0.016|rev_yoy=0.927|o_turn=0.000|o_log_mcap=0.191|o_lu_follow=0.652,"官方日成交結構(MI_INDEX/dailyQuotes)=1|發行股數(MI_QFIIS/dailyQuotes)=1|外資持股(MI_QFIIS,僅上市)=1|自營商(T86/上櫃三大法人)=1|當沖(TWTB4U/上櫃intraday)=0|季財報(MOPS t163sb04)=1|月營收(MOPS/openapi)=1|官方產業別(MOPS t05st03)=1|融資券(MI_MARGN)=1|借券(TWT93U)=1|法人(T86)=1",429,inf,250.0,official_prepanel,99.0,,0.0,0.0,0,1,9.485,23.613,9.99,1610.0,0,未扣成本·事後欄位以 m_ 標示·非投資建議
HO,4,2024-04-24,2024-04-25,6949,沛爾生醫*-創,TWSE,W,,fV300|fH125|fA60|fCD,W_atr14@3,6,401,漏網,1734,0.071877,,atr14=0.963|n_lu_250=0.833|r20=0.999|c_ma120=NaN|vr20=0.130|days_since_lu=0.036|dt_ratio20=NaN|lend_to_v=NaN|rev_yoy=0.318|o_turn=0.117|o_log_mcap=0.432|o_lu_follow=0.999,"官方日成交結構(MI_INDEX/dailyQuotes)=1|發行股數(MI_QFIIS/dailyQuotes)=1|外資持股(MI_QFIIS,僅上市)=1|自營商(T86/上櫃三大法人)=1|當沖(TWTB4U/上櫃intraday)=0|季財報(MOPS t163sb04)=0|月營收(MOPS/openapi)=1|官方產業別(MOPS t05st03)=1|融資券(MI_MARGN)=0|借券(TWT93U)=0|法人(T86)=1",32,32.0,32.0,official,262.65,,1.0,0.0,0,1,9.375,12.847,13.889,274.0,1,未扣成本·事後欄位以 m_ 標示·非投資建議
HO,4,2024-04-25,2024-04-26,1413,宏洲,TWSE,W,,fP10|fV300|fV100,W_atr14@3,236,398,漏網,1041,0.01778,,atr14=0.075|n_lu_250=0.173|r20=0.612|c_ma120=0.529|vr20=0.659|days_since_lu=0.756|dt_ratio20=NaN|lend_to_v=0.015|rev_yoy=0.785|o_turn=0.008|o_log_mcap=0.012|o_lu_follow=0.651,"官方日成交結構(MI_INDEX/dailyQuotes)=1|發行股數(MI_QFIIS/dailyQuotes)=1|外資持股(MI_QFIIS,僅上市)=1|自營商(T86/上櫃三大法人)=1|當沖(TWTB4U/上櫃intraday)=0|季財報(MOPS t163sb04)=1|月營收(MOPS/openapi)=1|官方產業別(MOPS t05st03)=1|融資券(MI_MARGN)=1|借券(TWT93U)=1|法人(T86)=1",430,inf,250.0,official_prepanel,83.05,,0.0,0.0,0,1,9.663,19.978,8.578,1240.0,0,未扣成本·事後欄位以 m_ 標示·非投資建議
HO,4,2024-04-25,2024-04-26,1516,川飛,TWSE,W,,fV300|fV100,W_atr14@3,97,398,漏網,674,0.02923,,atr14=0.343|n_lu_250=0.430|r20=0.726|c_ma120=0.331|vr20=0.647|days_since_lu=0.427|dt_ratio20=0.050|lend_to_v=0.340|rev_yoy=NaN|o_turn=0.200|o_log_mcap=0.000|o_lu_follow=0.327,"官方日成交結構(MI_INDEX/dailyQuotes)=1|發行股數(MI_QFIIS/dailyQuotes)=1|外資持股(MI_QFIIS,僅上市)=1|自營商(T86/上櫃三大法人)=1|當沖(TWTB4U/上櫃intraday)=1|季財報(MOPS t163sb04)=1|月營收(MOPS/openapi)=0|官方產業別(MOPS t05st03)=1|融資券(MI_MARGN)=1|借券(TWT93U)=1|法人(T86)=1",430,inf,250.0,official_prepanel,93.85,,0.0,0.0,1,0,0.0,6.299,0.0,574.0,0,未扣成本·事後欄位以 m_ 標示·非投資建議
HO,4,2024-04-29,2024-04-30,2718,全心投控,TPEx,W,,fV300|fV100,W_atr14@3,28,408,漏網,106,0.047823,,atr14=0.765|n_lu_250=0.673|r20=0.943|c_ma120=0.983|vr20=0.774|days_since_lu=0.343|dt_ratio20=NaN|lend_to_v=NaN|rev_yoy=0.008|o_turn=0.050|o_log_mcap=0.452|o_lu_follow=0.895,"官方日成交結構(MI_INDEX/dailyQuotes)=1|發行股數(MI_QFIIS/dailyQuotes)=1|外資持股(MI_QFIIS,僅上市)=0|自營商(T86/上櫃三大法人)=1|當沖(TWTB4U/上櫃intraday)=0|季財報(MOPS t163sb04)=1|月營收(MOPS/openapi)=1|官方產業別(MOPS t05st03)=1|融資券(MI_MARGN)=0|借券(TWT93U)=0|法人(T86)=1",432,inf,250.0,official_prepanel,89.6,,0.0,0.0,0,1,6.452,26.267,-7.373,326.0,0,未扣成本·事後欄位以 m_ 標示·非投資建議
HO,4,2024-04-29,2024-04-30,6130,上亞科技,TPEx,W,,fV300|fV100,W_atr14@3,44,408,漏網,1446,0.039446,,atr14=0.626|n_lu_250=0.436|r20=0.012|c_ma120=0.000|vr20=0.964|days_since_lu=0.587|dt_ratio20=NaN|lend_to_v=NaN|rev_yoy=0.076|o_turn=0.281|o_log_mcap=0.001|o_lu_follow=0.323,"官方日成交結構(MI_INDEX/dailyQuotes)=1|發行股數(MI_QFIIS/dailyQuotes)=1|外資持股(MI_QFIIS,僅上市)=0|自營商(T86/上櫃三大法人)=1|當沖(TWTB4U/上櫃intraday)=0|季財報(MOPS t163sb04)=1|月營收(MOPS/openapi)=1|官方產業別(MOPS t05st03)=1|融資券(MI_MARGN)=0|借券(TWT93U)=0|法人(T86)=1",432,inf,250.0,official_prepanel,47.5,,0.0,0.0,0,1,9.406,35.644,22.772,78.0,0,未扣成本·事後欄位以 m_ 標示·非投資建議
HO,4,2024-04-30,2024-05-02,8455,大拓-KY,TPEx,W,,fV300|fV100|fVnan|fH125|fN20,W_atr14@3,391,394,漏網,1771,,,atr14=NaN|n_lu_250=0.175|r20=0.679|c_ma120=NaN|vr20=NaN|days_since_lu=0.880|dt_ratio20=NaN|lend_to_v=NaN|rev_yoy=0.477|o_turn=0.065|o_log_mcap=0.000|o_lu_follow=0.652,"官方日成交結構(MI_INDEX/dailyQuotes)=1|發行股數(MI_QFIIS/dailyQuotes)=1|外資持股(MI_QFIIS,僅上市)=0|自營商(T86/上櫃三大法人)=0|當沖(TWTB4U/上櫃intraday)=0|季財報(MOPS t163sb04)=1|月營收(MOPS/openapi)=1|官方產業別(MOPS t05st03)=1|融資券(MI_MARGN)=0|借券(TWT93U)=0|法人(T86)=0",433,inf,250.0,official_prepanel,,,0.0,0.0,0,1,11.416,18.493,10.274,75.0,0,未扣成本·事後欄位以 m_ 標示·非投資建議
HO,4,2024-05-02,2024-05-03,2726,雅茗-KY,TPEx,W,,fV300|fV100|fH125|fBP,W_atr14@3,97,397,漏網,1385,0.027761,,atr14=0.334|n_lu_250=0.582|r20=0.178|c_ma120=0.042|vr20=0.074|days_since_lu=0.497|dt_ratio20=NaN|lend_to_v=0.014|rev_yoy=0.121|o_turn=0.000|o_log_mcap=0.000|o_lu_follow=0.175,"官方日成交結構(MI_INDEX/dailyQuotes)=1|發行股數(MI_QFIIS/dailyQuotes)=1|外資持股(MI_QFIIS,僅上市)=0|自營商(T86/上櫃三大法人)=1|當沖(TWTB4U/上櫃intraday)=0|季財報(MOPS t163sb04)=1|月營收(MOPS/openapi)=1|官方產業別(MOPS t05st03)=1|融資券(MI_MARGN)=1|借券(TWT93U)=1|法人(T86)=1",434,inf,250.0,official_prepanel,19.6,,0.0,0.0,0,1,11.277,27.447,41.489,145.0,0,未扣成本·事後欄位以 m_ 標示·非投資建議
HO,4,2024-05-02,2024-05-03,5348,正能量智能,TPEx,W,,fV300|fV100,W_atr14@3,13,397,漏網,829,0.058128,,atr14=0.901|n_lu_250=0.992|r20=0.015|c_ma120=0.000|vr20=0.694|days_since_lu=0.413|dt_ratio20=NaN|lend_to_v=NaN|rev_yoy=0.271|o_turn=0.103|o_log_mcap=0.000|o_lu_follow=0.979,"官方日成交結構(MI_INDEX/dailyQuotes)=1|發行股數(MI_QFIIS/dailyQuotes)=1|外資持股(MI_QFIIS,僅上市)=0|自營商(T86/上櫃三大法人)=1|當沖(TWTB4U/上櫃intraday)=0|季財報(MOPS t163sb04)=1|月營收(MOPS/openapi)=1|官方產業別(MOPS t05st03)=1|融資券(MI_MARGN)=0|借券(TWT93U)=0|法人(T86)=1",434,inf,250.0,official_prepanel,42.8,,0.0,0.0,0,1,11.538,11.538,17.133,132.0,0,未扣成本·事後欄位以 m_ 標示·非投資建議
HO,4,2024-05-03,2024-05-06,6556,勝品,TPEx,W,,fV300|fV100,W_atr14@3,227,399,漏網,1335,0.017319,,atr14=0.062|n_lu_250=0.788|r20=0.253|c_ma120=0.146|vr20=0.592|days_since_lu=0.436|dt_ratio20=NaN|lend_to_v=NaN|rev_yoy=0.234|o_turn=0.009|o_log_mcap=0.081|o_lu_follow=0.440,"官方日成交結構(MI_INDEX/dailyQuotes)=1|發行股數(MI_QFIIS/dailyQuotes)=1|外資持股(MI_QFIIS,僅上市)=0|自營商(T86/上櫃三大法人)=1|當沖(TWTB4U/上櫃intraday)=0|季財報(MOPS t163sb04)=1|月營收(MOPS/openapi)=1|官方產業別(MOPS t05st03)=1|融資券(MI_MARGN)=0|借券(TWT93U)=0|法人(T86)=1",435,inf,250.0,official_prepanel,16.8,,0.0,0.0,1,0,0.0,10.057,12.114,120.0,0,未扣成本·事後欄位以 m_ 標示·非投資建議
HO,4,2024-05-03,2024-05-06,6834,天二科技,TWSE,W,,fV300|fV100,W_atr14@3,267,399,漏網,1596,0.014967,,atr14=0.034|n_lu_250=0.173|r20=0.444|c_ma120=0.272|vr20=0.880|days_since_lu=0.881|dt_ratio20=NaN|lend_to_v=0.481|rev_yoy=0.699|o_turn=0.024|o_log_mcap=0.067|o_lu_follow=0.660,"官方日成交結構(MI_INDEX/dailyQuotes)=1|發行股數(MI_QFIIS/dailyQuotes)=1|外資持股(MI_QFIIS,僅上市)=1|自營商(T86/上櫃三大法人)=1|當沖(TWTB4U/上櫃intraday)=1|季財報(MOPS t163sb04)=1|月營收(MOPS/openapi)=1|官方產業別(MOPS t05st03)=1|融資券(MI_MARGN)=1|借券(TWT93U)=1|法人(T86)=1",402,402.0,250.0,official,37.85,,0.0,0.0,0,1,7.943,14.053,16.09,919.0,0,未扣成本·事後欄位以 m_ 標示·非投資建議
HO,4,2024-05-10,2024-05-13,6629,泰金-KY,TPEx,W,,fV300|fV100,W_atr14@3,124,418,漏網,542,0.021872,,atr14=0.217|n_lu_250=0.176|r20=0.784|c_ma120=0.958|vr20=0.452|days_since_lu=0.732|dt_ratio20=NaN|lend_to_v=NaN|rev_yoy=0.935|o_turn=0.067|o_log_mcap=0.148|o_lu_follow=0.652,"官方日成交結構(MI_INDEX/dailyQuotes)=1|發行股數(MI_QFIIS/dailyQuotes)=1|外資持股(MI_QFIIS,僅上市)=0|自營商(T86/上櫃三大法人)=1|當沖(TWTB4U/上櫃intraday)=0|季財報(MOPS t163sb04)=1|月營收(MOPS/openapi)=1|官方產業別(MOPS t05st03)=1|融資券(MI_MARGN)=0|借券(TWT93U)=0|法人(T86)=1",440,inf,250.0,official_prepanel,47.35,,0.0,0.0,1,0,0.0,0.0,18.049,184.0,0,未扣成本·事後欄位以 m_ 標示·非投資建議
HO,4,2024-05-14,2024-05-15,2726,雅茗-KY,TPEx,W,,fV300|fV100|fH125|fBP|fCD,W_atr14@3,11,406,漏網,195,0.06039,,atr14=0.926|n_lu_250=0.780|r20=0.897|c_ma120=0.335|vr20=0.412|days_since_lu=0.029|dt_ratio20=NaN|lend_to_v=0.015|rev_yoy=0.039|o_turn=0.141|o_log_mcap=0.002|o_lu_follow=0.458,"官方日成交結構(MI_INDEX/dailyQuotes)=1|發行股數(MI_QFIIS/dailyQuotes)=1|外資持股(MI_QFIIS,僅上市)=0|自營商(T86/上櫃三大法人)=1|當沖(TWTB4U/上櫃intraday)=0|季財報(MOPS t163sb04)=1|月營收(MOPS/openapi)=1|官方產業別(MOPS t05st03)=1|融資券(MI_MARGN)=1|借券(TWT93U)=1|法人(T86)=1",442,inf,250.0,official_prepanel,85.95,,0.0,1.0,0,1,7.843,23.886,14.973,99.0,0,未扣成本·事後欄位以 m_ 標示·非投資建議
HO,4,2024-05-14,2024-05-15,2923,鼎固-KY,TWSE,W,,fV300|fV100,W_atr14@3,28,406,漏網,497,0.040037,,atr14=0.694|n_lu_250=0.175|r20=0.859|c_ma120=0.504|vr20=0.094|days_since_lu=0.689|dt_ratio20=NaN|lend_to_v=NaN|rev_yoy=0.239|o_turn=0.000|o_log_mcap=0.824|o_lu_follow=0.645,"官方日成交結構(MI_INDEX/dailyQuotes)=1|發行股數(MI_QFIIS/dailyQuotes)=1|外資持股(MI_QFIIS,僅上市)=1|自營商(T86/上櫃三大法人)=1|當沖(TWTB4U/上櫃intraday)=0|季財報(MOPS t163sb04)=1|月營收(MOPS/openapi)=1|官方產業別(MOPS t05st03)=1|融資券(MI_MARGN)=0|借券(TWT93U)=0|法人(T86)=1",442,inf,250.0,official_prepanel,86.1,,0.0,0.0,0,1,10.487,8.24,13.858,310.0,0,未扣成本·事後欄位以 m_ 標示·非投資建議
HO,4,2024-05-14,2024-05-15,9928,中視,TWSE,W,,fV300|fV100,W_atr14@3,252,406,漏網,1205,0.01412,,atr14=0.052|n_lu_250=0.888|r20=0.428|c_ma120=0.025|vr20=0.836|days_since_lu=0.433|dt_ratio20=NaN|lend_to_v=0.015|rev_yoy=0.684|o_turn=0.157|o_log_mcap=0.007|o_lu_follow=0.231,"官方日成交結構(MI_INDEX/dailyQuotes)=1|發行股數(MI_QFIIS/dailyQuotes)=1|外資持股(MI_QFIIS,僅上市)=1|自營商(T86/上櫃三大法人)=0|當沖(TWTB4U/上櫃intraday)=0|季財報(MOPS t163sb04)=1|月營收(MOPS/openapi)=1|官方產業別(MOPS t05st03)=1|融資券(MI_MARGN)=1|借券(TWT93U)=1|法人(T86)=0",442,inf,250.0,official_prepanel,85.1,,0.0,0.0,0,1,8.934,31.412,25.937,1053.0,0,未扣成本·事後欄位以 m_ 標示·非投資建議
HO,4,2024-05-16,2024-05-17,3064,泰偉,TPEx,W,,fV300|fV100|fH125|fBP,W_atr14@3,14,407,漏網,42,0.056343,,atr14=0.904|n_lu_250=0.660|r20=1.000|c_ma120=1.000|vr20=0.891|days_since_lu=0.077|dt_ratio20=NaN|lend_to_v=0.016|rev_yoy=0.441|o_turn=0.151|o_log_mcap=0.005|o_lu_follow=0.091,"官方日成交結構(MI_INDEX/dailyQuotes)=1|發行股數(MI_QFIIS/dailyQuotes)=1|外資持股(MI_QFIIS,僅上市)=0|自營商(T86/上櫃三大法人)=1|當沖(TWTB4U/上櫃intraday)=0|季財報(MOPS t163sb04)=1|月營收(MOPS/openapi)=1|官方產業別(MOPS t05st03)=1|融資券(MI_MARGN)=1|借券(TWT93U)=1|法人(T86)=1",444,inf,250.0,official_prepanel,15.85,,0.0,0.0,1,0,0.0,45.56,29.403,98.0,0,未扣成本·事後欄位以 m_ 標示·非投資建議
HO,4,2024-05-17,2024-05-20,4111,濟生,TPEx,W,,fV300|fV100,W_atr14@3,319,410,漏網,1538,0.010782,,atr14=0.014|n_lu_250=0.173|r20=0.404|c_ma120=0.310|vr20=0.976|days_since_lu=0.661|dt_ratio20=NaN|lend_to_v=0.802|rev_yoy=0.444|o_turn=0.476|o_log_mcap=0.027|o_lu_follow=0.638,"官方日成交結構(MI_INDEX/dailyQuotes)=1|發行股數(MI_QFIIS/dailyQuotes)=1|外資持股(MI_QFIIS,僅上市)=0|自營商(T86/上櫃三大法人)=1|當沖(TWTB4U/上櫃intraday)=1|季財報(MOPS t163sb04)=1|月營收(MOPS/openapi)=1|官方產業別(MOPS t05st03)=1|融資券(MI_MARGN)=1|借券(TWT93U)=1|法人(T86)=1",445,inf,250.0,official_prepanel,81.8,,0.0,0.0,1,0,0.0,2.401,1.029,1847.0,0,未扣成本·事後欄位以 m_ 標示·非投資建議
HO,4,2024-05-20,2024-05-21,6276,安鈦克,TPEx,W,,fV300|fH125|fBP,W_atr14@3,17,408,漏網,818,0.044273,,atr14=0.778|n_lu_250=0.987|r20=0.156|c_ma120=0.006|vr20=0.508|days_since_lu=0.385|dt_ratio20=NaN|lend_to_v=0.332|rev_yoy=0.282|o_turn=0.522|o_log_mcap=0.013|o_lu_follow=0.980,"官方日成交結構(MI_INDEX/dailyQuotes)=1|發行股數(MI_QFIIS/dailyQuotes)=1|外資持股(MI_QFIIS,僅上市)=0|自營商(T86/上櫃三大法人)=1|當沖(TWTB4U/上櫃intraday)=1|季財報(MOPS t163sb04)=1|月營收(MOPS/openapi)=1|官方產業別(MOPS t05st03)=1|融資券(MI_MARGN)=1|借券(TWT93U)=1|法人(T86)=1",446,inf,250.0,official_prepanel,175.2,,0.0,0.0,0,1,6.457,15.532,14.136,618.0,0,未扣成本·事後欄位以 m_ 標示·非投資建議
HO,4,2024-05-20,2024-05-21,6573,虹揚-KY,TWSE,W,,fV300|fV100,W_atr14@3,236,408,漏網,1620,0.015052,,atr14=0.070|n_lu_250=0.174|r20=0.382|c_ma120=0.125|vr20=0.806|days_since_lu=0.684|dt_ratio20=NaN|lend_to_v=0.016|rev_yoy=0.326|o_turn=0.028|o_log_mcap=0.007|o_lu_follow=0.636,"官方日成交結構(MI_INDEX/dailyQuotes)=1|發行股數(MI_QFIIS/dailyQuotes)=1|外資持股(MI_QFIIS,僅上市)=1|自營商(T86/上櫃三大法人)=1|當沖(TWTB4U/上櫃intraday)=0|季財報(MOPS t163sb04)=1|月營收(MOPS/openapi)=1|官方產業別(MOPS t05st03)=1|融資券(MI_MARGN)=1|借券(TWT93U)=1|法人(T86)=1",446,inf,250.0,official_prepanel,53.2,,0.0,0.0,0,1,6.296,7.407,8.519,627.0,0,未扣成本·事後欄位以 m_ 標示·非投資建議
HO,4,2024-05-21,2024-05-22,8291,尚茂,TPEx,W,,fP10|fV300|fV100|fH125|fN20|fBP,W_atr14@3,403,408,漏網,1603,,,atr14=NaN|n_lu_250=0.566|r20=0.018|c_ma120=0.058|vr20=0.856|days_since_lu=0.336|dt_ratio20=NaN|lend_to_v=NaN|rev_yoy=0.015|o_turn=0.002|o_log_mcap=0.000|o_lu_follow=0.174,"官方日成交結構(MI_INDEX/dailyQuotes)=1|發行股數(MI_QFIIS/dailyQuotes)=1|外資持股(MI_QFIIS,僅上市)=0|自營商(T86/上櫃三大法人)=0|當沖(TWTB4U/上櫃intraday)=0|季財報(MOPS t163sb04)=1|月營收(MOPS/openapi)=1|官方產業別(MOPS t05st03)=1|融資券(MI_MARGN)=0|借券(TWT93U)=0|法人(T86)=0",447,inf,250.0,official_prepanel,11.35,,0.0,0.0,0,1,19.703,74.721,177.881,68.0,0,未扣成本·事後欄位以 m_ 標示·非投資建議
HO,4,2024-05-21,2024-05-22,8374,羅昇,TWSE,W,,fV300|fV100,W_atr14@3,185,408,漏網,1310,0.017712,,atr14=0.122|n_lu_250=0.175|r20=0.296|c_ma120=0.460|vr20=0.727|days_since_lu=0.880|dt_ratio20=0.142|lend_to_v=0.643|rev_yoy=0.151|o_turn=0.008|o_log_mcap=0.160|o_lu_follow=0.640,"官方日成交結構(MI_INDEX/dailyQuotes)=1|發行股數(MI_QFIIS/dailyQuotes)=1|外資持股(MI_QFIIS,僅上市)=1|自營商(T86/上櫃三大法人)=1|當沖(TWTB4U/上櫃intraday)=1|季財報(MOPS t163sb04)=1|月營收(MOPS/openapi)=1|官方產業別(MOPS t05st03)=1|融資券(MI_MARGN)=1|借券(TWT93U)=1|法人(T86)=1",447,inf,250.0,official_prepanel,62.45,,0.0,0.0,0,1,5.938,54.688,103.125,4389.0,0,未扣成本·事後欄位以 m_ 標示·非投資建議
HO,4,2024-05-24,2024-05-27,8455,大拓-KY,TPEx,W,,fV300|fV100|fH125,W_atr14@3,14,397,漏網,1763,0.05057,,atr14=0.877|n_lu_250=0.558|r20=NaN|c_ma120=NaN|vr20=0.000|days_since_lu=0.145|dt_ratio20=NaN|lend_to_v=NaN|rev_yoy=0.045|o_turn=0.000|o_log_mcap=0.001|o_lu_follow=0.965,"官方日成交結構(MI_INDEX/dailyQuotes)=1|發行股數(MI_QFIIS/dailyQuotes)=1|外資持股(MI_QFIIS,僅上市)=0|自營商(T86/上櫃三大法人)=0|當沖(TWTB4U/上櫃intraday)=0|季財報(MOPS t163sb04)=1|月營收(MOPS/openapi)=1|官方產業別(MOPS t05st03)=1|融資券(MI_MARGN)=0|借券(TWT93U)=0|法人(T86)=0",450,inf,250.0,official_prepanel,43.35,,0.0,0.0,0,1,9.874,60.504,61.765,74.0,0,未扣成本·事後欄位以 m_ 標示·非投資建議
HO,4,2024-05-27,2024-05-28,3447,展達,TWSE,W,,fV300|fV100,W_atr14@3,312,399,漏網,1500,0.010744,,atr14=0.017|n_lu_250=0.657|r20=0.301|c_ma120=0.021|vr20=0.498|days_since_lu=0.465|dt_ratio20=0.005|lend_to_v=0.871|rev_yoy=0.026|o_turn=0.004|o_log_mcap=0.079|o_lu_follow=0.893,"官方日成交結構(MI_INDEX/dailyQuotes)=1|發行股數(MI_QFIIS/dailyQuotes)=1|外資持股(MI_QFIIS,僅上市)=1|自營商(T86/上櫃三大法人)=1|當沖(TWTB4U/上櫃intraday)=0|季財報(MOPS t163sb04)=1|月營收(MOPS/openapi)=1|官方產業別(MOPS t05st03)=1|融資券(MI_MARGN)=1|借券(TWT93U)=1|法人(T86)=1",345,345.0,250.0,official,35.7,,0.0,0.0,0,1,9.917,9.752,5.124,321.0,0,未扣成本·事後欄位以 m_ 標示·非投資建議
HO,4,2024-05-28,2024-05-29,3308,聯德,TWSE,W,,fV300|fH125|fBP,W_atr14@3,74,399,漏網,676,0.026466,,atr14=0.414|n_lu_250=0.910|r20=0.163|c_ma120=NaN|vr20=0.933|days_since_lu=0.502|dt_ratio20=0.233|lend_to_v=0.169|rev_yoy=0.011|o_turn=0.659|o_log_mcap=0.020|o_lu_follow=0.476,"官方日成交結構(MI_INDEX/dailyQuotes)=1|發行股數(MI_QFIIS/dailyQuotes)=1|外資持股(MI_QFIIS,僅上市)=1|自營商(T86/上櫃三大法人)=1|當沖(TWTB4U/上櫃intraday)=1|季財報(MOPS t163sb04)=1|月營收(MOPS/openapi)=1|官方產業別(MOPS t05st03)=1|融資券(MI_MARGN)=1|借券(TWT93U)=1|法人(T86)=1",452,inf,250.0,official_prepanel,213.1,,0.0,0.0,0,1,8.661,14.37,7.087,943.0,0,未扣成本·事後欄位以 m_ 標示·非投資建議
HO,4,2024-05-28,2024-05-29,3577,泓格,TPEx,W,,fV300|fV100,W_atr14@3,43,399,漏網,1602,0.033199,,atr14=0.603|n_lu_250=0.170|r20=0.019|c_ma120=0.001|vr20=0.800|days_since_lu=0.720|dt_ratio20=NaN|lend_to_v=0.531|rev_yoy=0.391|o_turn=0.122|o_log_mcap=0.144|o_lu_follow=0.650,"官方日成交結構(MI_INDEX/dailyQuotes)=1|發行股數(MI_QFIIS/dailyQuotes)=1|外資持股(MI_QFIIS,僅上市)=0|自營商(T86/上櫃三大法人)=1|當沖(TWTB4U/上櫃intraday)=1|季財報(MOPS t163sb04)=1|月營收(MOPS/openapi)=1|官方產業別(MOPS t05st03)=1|融資券(MI_MARGN)=1|借券(TWT93U)=1|法人(T86)=1",452,inf,250.0,official_prepanel,68.9,,0.0,0.0,0,1,9.859,9.859,3.823,292.0,0,未扣成本·事後欄位以 m_ 標示·非投資建議
HO,4,2024-05-29,2024-05-30,3432,台端,TWSE,W,,fV300|fH125|fBP,W_atr14@3,67,398,漏網,318,0.027848,,atr14=0.460|n_lu_250=0.894|r20=0.490|c_ma120=0.730|vr20=0.198|days_since_lu=0.207|dt_ratio20=NaN|lend_to_v=0.016|rev_yoy=0.022|o_turn=0.151|o_log_mcap=0.002|o_lu_follow=0.945,"官方日成交結構(MI_INDEX/dailyQuotes)=1|發行股數(MI_QFIIS/dailyQuotes)=1|外資持股(MI_QFIIS,僅上市)=1|自營商(T86/上櫃三大法人)=1|當沖(TWTB4U/上櫃intraday)=0|季財報(MOPS t163sb04)=1|月營收(MOPS/openapi)=1|官方產業別(MOPS t05st03)=1|融資券(MI_MARGN)=1|借券(TWT93U)=1|法人(T86)=1",453,inf,250.0,official_prepanel,174.55,,0.0,0.0,0,1,9.596,33.333,50.505,851.0,0,未扣成本·事後欄位以 m_ 標示·非投資建議
HO,4,2024-05-29,2024-05-30,6512,啟發電,TPEx,W,,fV300|fV100,W_atr14@3,180,398,漏網,794,0.017857,,atr14=0.123|n_lu_250=0.422|r20=0.636|c_ma120=0.430|vr20=0.209|days_since_lu=0.648|dt_ratio20=NaN|lend_to_v=NaN|rev_yoy=0.080|o_turn=0.050|o_log_mcap=0.000|o_lu_follow=0.325,"官方日成交結構(MI_INDEX/dailyQuotes)=1|發行股數(MI_QFIIS/dailyQuotes)=1|外資持股(MI_QFIIS,僅上市)=0|自營商(T86/上櫃三大法人)=1|當沖(TWTB4U/上櫃intraday)=0|季財報(MOPS t163sb04)=1|月營收(MOPS/openapi)=1|官方產業別(MOPS t05st03)=1|融資券(MI_MARGN)=0|借券(TWT93U)=0|法人(T86)=1",453,inf,250.0,official_prepanel,51.1,,0.0,0.0,0,1,8.515,31.441,20.961,281.0,0,未扣成本·事後欄位以 m_ 標示·非投資建議
HO,4,2024-05-29,2024-05-30,6895,宏碩系統,TPEx,W,,fV300|fV100,W_atr14@3,130,398,漏網,1537,0.020945,,atr14=0.221|n_lu_250=0.422|r20=0.279|c_ma120=0.085|vr20=0.837|days_since_lu=0.510|dt_ratio20=NaN|lend_to_v=0.715|rev_yoy=0.156|o_turn=0.167|o_log_mcap=0.153|o_lu_follow=0.325,"官方日成交結構(MI_INDEX/dailyQuotes)=1|發行股數(MI_QFIIS/dailyQuotes)=1|外資持股(MI_QFIIS,僅上市)=0|自營商(T86/上櫃三大法人)=1|當沖(TWTB4U/上櫃intraday)=1|季財報(MOPS t163sb04)=1|月營收(MOPS/openapi)=1|官方產業別(MOPS t05st03)=1|融資券(MI_MARGN)=1|借券(TWT93U)=1|法人(T86)=1",187,187.0,187.0,official,40.35,,0.0,0.0,0,1,8.717,35.271,43.287,390.0,0,未扣成本·事後欄位以 m_ 標示·非投資建議
HO,4,2024-05-30,2024-05-31,6228,全譜,TPEx,W,,fV300|fV100,W_atr14@3,26,393,漏網,477,0.041401,,atr14=0.762|n_lu_250=0.769|r20=0.637|c_ma120=0.172|vr20=0.868|days_since_lu=0.494|dt_ratio20=NaN|lend_to_v=0.043|rev_yoy=0.964|o_turn=0.156|o_log_mcap=0.001|o_lu_follow=0.468,"官方日成交結構(MI_INDEX/dailyQuotes)=1|發行股數(MI_QFIIS/dailyQuotes)=1|外資持股(MI_QFIIS,僅上市)=0|自營商(T86/上櫃三大法人)=1|當沖(TWTB4U/上櫃intraday)=1|季財報(MOPS t163sb04)=1|月營收(MOPS/openapi)=1|官方產業別(MOPS t05st03)=1|融資券(MI_MARGN)=1|借券(TWT93U)=1|法人(T86)=1",454,inf,250.0,official_prepanel,28.55,,0.0,0.0,0,1,9.979,42.038,70.276,177.0,0,未扣成本·事後欄位以 m_ 標示·非投資建議
HO,4,2024-05-31,2024-06-03,3229,晟鈦,TWSE,W,,fV300|fV100,W_atr14@3,174,395,漏網,685,0.017634,,atr14=0.129|n_lu_250=0.726|r20=0.663|c_ma120=0.326|vr20=0.941|days_since_lu=0.458|dt_ratio20=NaN|lend_to_v=0.018|rev_yoy=0.244|o_turn=0.154|o_log_mcap=0.002|o_lu_follow=0.837,"官方日成交結構(MI_INDEX/dailyQuotes)=1|發行股數(MI_QFIIS/dailyQuotes)=1|外資持股(MI_QFIIS,僅上市)=1|自營商(T86/上櫃三大法人)=1|當沖(TWTB4U/上櫃intraday)=0|季財報(MOPS t163sb04)=1|月營收(MOPS/openapi)=1|官方產業別(MOPS t05st03)=1|融資券(MI_MARGN)=1|借券(TWT93U)=1|法人(T86)=1",455,inf,250.0,official_prepanel,47.9,,0.0,0.0,0,1,8.308,31.077,53.231,573.0,0,未扣成本·事後欄位以 m_ 標示·非投資建議
HO,4,2024-05-31,2024-06-03,5484,慧友,TWSE,W,,fV300|fV100,W_atr14@3,96,395,漏網,887,0.024086,,atr14=0.330|n_lu_250=0.650|r20=0.305|c_ma120=0.316|vr20=0.152|days_since_lu=0.619|dt_ratio20=NaN|lend_to_v=0.018|rev_yoy=0.886|o_turn=0.001|o_log_mcap=0.039|o_lu_follow=0.896,"官方日成交結構(MI_INDEX/dailyQuotes)=1|發行股數(MI_QFIIS/dailyQuotes)=1|外資持股(MI_QFIIS,僅上市)=1|自營商(T86/上櫃三大法人)=1|當沖(TWTB4U/上櫃intraday)=0|季財報(MOPS t163sb04)=1|月營收(MOPS/openapi)=1|官方產業別(MOPS t05st03)=1|融資券(MI_MARGN)=1|借券(TWT93U)=1|法人(T86)=1",455,inf,250.0,official_prepanel,62.5,,0.0,0.0,1,0,0.0,46.032,115.168,336.0,0,未扣成本·事後欄位以 m_ 標示·非投資建議
HO,4,2024-05-31,2024-06-03,6496,科懋,TPEx,W,,fV300|fV100,W_atr14@3,357,395,漏網,1478,0.007342,,atr14=0.002|n_lu_250=0.167|r20=0.500|c_ma120=0.295|vr20=0.645|days_since_lu=0.711|dt_ratio20=NaN|lend_to_v=0.466|rev_yoy=0.536|o_turn=0.001|o_log_mcap=0.013|o_lu_follow=0.657,"官方日成交結構(MI_INDEX/dailyQuotes)=1|發行股數(MI_QFIIS/dailyQuotes)=1|外資持股(MI_QFIIS,僅上市)=0|自營商(T86/上櫃三大法人)=1|當沖(TWTB4U/上櫃intraday)=1|季財報(MOPS t163sb04)=1|月營收(MOPS/openapi)=1|官方產業別(MOPS t05st03)=1|融資券(MI_MARGN)=1|借券(TWT93U)=1|法人(T86)=1",455,inf,250.0,official_prepanel,17.75,,0.0,0.0,0,1,7.496,17.036,8.007,262.0,0,未扣成本·事後欄位以 m_ 標示·非投資建議
HO,4,2024-05-31,2024-06-03,8416,實威,TPEx,W,,fV300|fV100,W_atr14@3,237,395,漏網,1511,0.013817,,atr14=0.056|n_lu_250=0.167|r20=0.267|c_ma120=0.377|vr20=0.452|days_since_lu=0.687|dt_ratio20=NaN|lend_to_v=NaN|rev_yoy=0.064|o_turn=0.028|o_log_mcap=0.219|o_lu_follow=0.657,"官方日成交結構(MI_INDEX/dailyQuotes)=1|發行股數(MI_QFIIS/dailyQuotes)=1|外資持股(MI_QFIIS,僅上市)=0|自營商(T86/上櫃三大法人)=1|當沖(TWTB4U/上櫃intraday)=0|季財報(MOPS t163sb04)=1|月營收(MOPS/openapi)=1|官方產業別(MOPS t05st03)=1|融資券(MI_MARGN)=0|借券(TWT93U)=0|法人(T86)=1",455,inf,250.0,official_prepanel,34.85,,0.0,0.0,0,1,8.766,20.455,20.13,186.0,0,未扣成本·事後欄位以 m_ 標示·非投資建議
HO,4,2024-05-31,2024-06-03,8929,富堡,TPEx,W,,fV300|fV100,W_atr14@3,306,395,漏網,1314,0.010524,,atr14=0.014|n_lu_250=0.167|r20=0.578|c_ma120=0.346|vr20=0.233|days_since_lu=0.730|dt_ratio20=NaN|lend_to_v=0.078|rev_yoy=0.521|o_turn=0.001|o_log_mcap=0.002|o_lu_follow=0.657,"官方日成交結構(MI_INDEX/dailyQuotes)=1|發行股數(MI_QFIIS/dailyQuotes)=1|外資持股(MI_QFIIS,僅上市)=0|自營商(T86/上櫃三大法人)=1|當沖(TWTB4U/上櫃intraday)=1|季財報(MOPS t163sb04)=1|月營收(MOPS/openapi)=1|官方產業別(MOPS t05st03)=1|融資券(MI_MARGN)=1|借券(TWT93U)=1|法人(T86)=1",455,inf,250.0,official_prepanel,46.15,,0.0,0.0,0,1,9.375,17.308,20.433,557.0,0,未扣成本·事後欄位以 m_ 標示·非投資建議
HO,4,2024-06-03,2024-06-04,6560,欣普羅,TPEx,W,,fV300|fV100,W_atr14@3,227,394,漏網,1296,0.014526,,atr14=0.072|n_lu_250=0.167|r20=0.626|c_ma120=0.214|vr20=0.691|days_since_lu=0.708|dt_ratio20=NaN|lend_to_v=NaN|rev_yoy=0.024|o_turn=0.203|o_log_mcap=0.001|o_lu_follow=0.654,"官方日成交結構(MI_INDEX/dailyQuotes)=1|發行股數(MI_QFIIS/dailyQuotes)=1|外資持股(MI_QFIIS,僅上市)=0|自營商(T86/上櫃三大法人)=1|當沖(TWTB4U/上櫃intraday)=0|季財報(MOPS t163sb04)=1|月營收(MOPS/openapi)=1|官方產業別(MOPS t05st03)=1|融資券(MI_MARGN)=0|借券(TWT93U)=0|法人(T86)=1",456,inf,250.0,official_prepanel,61.3,,0.0,0.0,0,1,6.515,13.681,22.801,367.0,0,未扣成本·事後欄位以 m_ 標示·非投資建議
HO,4,2024-06-03,2024-06-04,6674,鋐寶科技,TWSE,W,,fV300|fV100,W_atr14@3,124,394,漏網,1315,0.021676,,atr14=0.245|n_lu_250=0.167|r20=0.492|c_ma120=0.140|vr20=0.512|days_since_lu=0.889|dt_ratio20=0.647|lend_to_v=0.472|rev_yoy=0.078|o_turn=0.001|o_log_mcap=0.033|o_lu_follow=0.654,"官方日成交結構(MI_INDEX/dailyQuotes)=1|發行股數(MI_QFIIS/dailyQuotes)=1|外資持股(MI_QFIIS,僅上市)=1|自營商(T86/上櫃三大法人)=1|當沖(TWTB4U/上櫃intraday)=1|季財報(MOPS t163sb04)=1|月營收(MOPS/openapi)=1|官方產業別(MOPS t05st03)=1|融資券(MI_MARGN)=1|借券(TWT93U)=1|法人(T86)=1",456,inf,250.0,official_prepanel,19.4,,0.0,0.0,0,1,9.091,14.141,11.515,162.0,0,未扣成本·事後欄位以 m_ 標示·非投資建議
HO,4,2024-06-04,2024-06-05,6228,全譜,TPEx,W,,fV300|fV100|fCD,W_atr14@3,19,392,漏網,133,0.046158,,atr14=0.825|n_lu_250=0.856|r20=0.953|c_ma120=0.676|vr20=0.999|days_since_lu=0.009|dt_ratio20=NaN|lend_to_v=0.037|rev_yoy=0.969|o_turn=0.851|o_log_mcap=0.001|o_lu_follow=0.862,"官方日成交結構(MI_INDEX/dailyQuotes)=1|發行股數(MI_QFIIS/dailyQuotes)=1|外資持股(MI_QFIIS,僅上市)=0|自營商(T86/上櫃三大法人)=1|當沖(TWTB4U/上櫃intraday)=1|季財報(MOPS t163sb04)=1|月營收(MOPS/openapi)=1|官方產業別(MOPS t05st03)=1|融資券(MI_MARGN)=1|借券(TWT93U)=1|法人(T86)=1",457,inf,250.0,official_prepanel,74.9,,0.0,0.0,0,1,10.727,41.818,73.818,337.0,0,未扣成本·事後欄位以 m_ 標示·非投資建議
HO,4,2024-06-06,2024-06-07,3229,晟鈦,TWSE,W,,fV300|fCD,W_atr14@3,37,400,漏網,125,0.038476,,atr14=0.680|n_lu_250=0.853|r20=0.963|c_ma120=0.839|vr20=0.994|days_since_lu=0.003|dt_ratio20=NaN|lend_to_v=0.018|rev_yoy=0.242|o_turn=0.869|o_log_mcap=0.012|o_lu_follow=0.972,"官方日成交結構(MI_INDEX/dailyQuotes)=1|發行股數(MI_QFIIS/dailyQuotes)=1|外資持股(MI_QFIIS,僅上市)=1|自營商(T86/上櫃三大法人)=1|當沖(TWTB4U/上櫃intraday)=0|季財報(MOPS t163sb04)=1|月營收(MOPS/openapi)=1|官方產業別(MOPS t05st03)=1|融資券(MI_MARGN)=1|借券(TWT93U)=1|法人(T86)=1",459,inf,250.0,official_prepanel,297.55,,0.0,1.0,0,1,7.035,22.362,34.673,943.0,0,未扣成本·事後欄位以 m_ 標示·非投資建議
HO,4,2024-06-06,2024-06-07,6751,智聯服務,TPEx,W,,fV300|fV100|fN20,W_atr14@3,285,400,漏網,1535,0.011213,,atr14=0.027|n_lu_250=0.711|r20=0.185|c_ma120=0.018|vr20=0.714|days_since_lu=0.556|dt_ratio20=NaN|lend_to_v=NaN|rev_yoy=0.185|o_turn=0.006|o_log_mcap=0.024|o_lu_follow=0.060,"官方日成交結構(MI_INDEX/dailyQuotes)=1|發行股數(MI_QFIIS/dailyQuotes)=1|外資持股(MI_QFIIS,僅上市)=0|自營商(T86/上櫃三大法人)=0|當沖(TWTB4U/上櫃intraday)=0|季財報(MOPS t163sb04)=1|月營收(MOPS/openapi)=1|官方產業別(MOPS t05st03)=1|融資券(MI_MARGN)=0|借券(TWT93U)=0|法人(T86)=0",459,inf,250.0,official_prepanel,10.84,,0.0,0.0,1,0,0.0,4.993,2.71,62.0,0,未扣成本·事後欄位以 m_ 標示·非投資建議
HO,4,2024-06-07,2024-06-11,3095,及成,TPEx,W,,fV300|fV100|fH125,W_atr14@3,31,397,漏網,658,0.041254,,atr14=0.741|n_lu_250=0.716|r20=0.051|c_ma120=0.577|vr20=0.018|days_since_lu=0.242|dt_ratio20=NaN|lend_to_v=0.019|rev_yoy=0.883|o_turn=0.062|o_log_mcap=0.000|o_lu_follow=0.983,"官方日成交結構(MI_INDEX/dailyQuotes)=1|發行股數(MI_QFIIS/dailyQuotes)=1|外資持股(MI_QFIIS,僅上市)=0|自營商(T86/上櫃三大法人)=1|當沖(TWTB4U/上櫃intraday)=0|季財報(MOPS t163sb04)=1|月營收(MOPS/openapi)=1|官方產業別(MOPS t05st03)=1|融資券(MI_MARGN)=1|借券(TWT93U)=1|法人(T86)=1",460,inf,250.0,official_prepanel,60.15,,0.0,0.0,1,0,0.0,4.534,11.839,130.0,0,未扣成本·事後欄位以 m_ 標示·非投資建議
HO,4,2024-06-07,2024-06-11,3219,倚強科,TPEx,W,,fV300|fV100,W_atr14@3,133,397,漏網,1153,0.020525,,atr14=0.197|n_lu_250=0.767|r20=0.234|c_ma120=0.076|vr20=0.463|days_since_lu=0.333|dt_ratio20=NaN|lend_to_v=0.200|rev_yoy=0.383|o_turn=0.005|o_log_mcap=0.126|o_lu_follow=0.471,"官方日成交結構(MI_INDEX/dailyQuotes)=1|發行股數(MI_QFIIS/dailyQuotes)=1|外資持股(MI_QFIIS,僅上市)=0|自營商(T86/上櫃三大法人)=1|當沖(TWTB4U/上櫃intraday)=1|季財報(MOPS t163sb04)=1|月營收(MOPS/openapi)=1|官方產業別(MOPS t05st03)=1|融資券(MI_MARGN)=1|借券(TWT93U)=1|法人(T86)=1",460,inf,250.0,official_prepanel,44.6,,0.0,0.0,1,0,0.0,31.01,58.885,427.0,0,未扣成本·事後欄位以 m_ 標示·非投資建議
HO,4,2024-06-07,2024-06-11,3432,台端,TWSE,W,,fH125|fBP|fCD,W_atr14@3,16,397,漏網,55,0.052943,,atr14=0.889|n_lu_250=0.936|r20=0.932|c_ma120=0.924|vr20=0.616|days_since_lu=0.028|dt_ratio20=NaN|lend_to_v=0.019|rev_yoy=0.018|o_turn=0.684|o_log_mcap=0.008|o_lu_follow=0.985,"官方日成交結構(MI_INDEX/dailyQuotes)=1|發行股數(MI_QFIIS/dailyQuotes)=1|外資持股(MI_QFIIS,僅上市)=1|自營商(T86/上櫃三大法人)=1|當沖(TWTB4U/上櫃intraday)=0|季財報(MOPS t163sb04)=1|月營收(MOPS/openapi)=1|官方產業別(MOPS t05st03)=1|融資券(MI_MARGN)=1|借券(TWT93U)=1|法人(T86)=1",460,inf,250.0,official_prepanel,578.25,,0.0,3.0,0,1,2.907,12.016,13.953,584.0,0,未扣成本·事後欄位以 m_ 標示·非投資建議
HO,4,2024-06-11,2024-06-12,4419,皇家美食,TPEx,W,,fV300|fV100|fH125,W_atr14@3,34,401,漏網,710,0.042597,,atr14=0.738|n_lu_250=0.919|r20=0.060|c_ma120=0.310|vr20=0.470|days_since_lu=0.505|dt_ratio20=NaN|lend_to_v=NaN|rev_yoy=0.068|o_turn=0.000|o_log_mcap=0.363|o_lu_follow=0.993,"官方日成交結構(MI_INDEX/dailyQuotes)=1|發行股數(MI_QFIIS/dailyQuotes)=1|外資持股(MI_QFIIS,僅上市)=0|自營商(T86/上櫃三大法人)=0|當沖(TWTB4U/上櫃intraday)=0|季財報(MOPS t163sb04)=1|月營收(MOPS/openapi)=1|官方產業別(MOPS t05st03)=1|融資券(MI_MARGN)=0|借券(TWT93U)=0|法人(T86)=0",461,inf,250.0,official_prepanel,8.8,,0.0,0.0,1,0,0.0,27.894,35.391,38.0,0,未扣成本·事後欄位以 m_ 標示·非投資建議
HO,4,2024-06-11,2024-06-12,4924,欣厚-KY,TPEx,W,,fV300|fV100,W_atr14@3,104,401,漏網,578,0.025086,,atr14=0.319|n_lu_250=0.634|r20=0.347|c_ma120=0.782|vr20=0.099|days_since_lu=0.299|dt_ratio20=NaN|lend_to_v=0.019|rev_yoy=0.160|o_turn=0.021|o_log_mcap=0.002|o_lu_follow=0.104,"官方日成交結構(MI_INDEX/dailyQuotes)=1|發行股數(MI_QFIIS/dailyQuotes)=1|外資持股(MI_QFIIS,僅上市)=0|自營商(T86/上櫃三大法人)=1|當沖(TWTB4U/上櫃intraday)=0|季財報(MOPS t163sb04)=1|月營收(MOPS/openapi)=1|官方產業別(MOPS t05st03)=1|融資券(MI_MARGN)=1|借券(TWT93U)=1|法人(T86)=1",461,inf,250.0,official_prepanel,72.35,,0.0,0.0,0,1,0.985,47.291,46.798,370.0,0,未扣成本·事後欄位以 m_ 標示·非投資建議
HO,4,2024-06-11,2024-06-12,5398,慕康生醫,TPEx,W,,fV300|fV100,W_atr14@3,111,401,漏網,1176,0.02454,,atr14=0.307|n_lu_250=0.849|r20=0.032|c_ma120=0.125|vr20=0.940|days_since_lu=0.492|dt_ratio20=NaN|lend_to_v=0.737|rev_yoy=0.132|o_turn=0.134|o_log_mcap=0.004|o_lu_follow=0.862,"官方日成交結構(MI_INDEX/dailyQuotes)=1|發行股數(MI_QFIIS/dailyQuotes)=1|外資持股(MI_QFIIS,僅上市)=0|自營商(T86/上櫃三大法人)=1|當沖(TWTB4U/上櫃intraday)=1|季財報(MOPS t163sb04)=1|月營收(MOPS/openapi)=1|官方產業別(MOPS t05st03)=1|融資券(MI_MARGN)=1|借券(TWT93U)=1|法人(T86)=1",461,inf,250.0,official_prepanel,45.95,,0.0,0.0,0,1,8.157,18.429,18.127,247.0,0,未扣成本·事後欄位以 m_ 標示·非投資建議
HO,4,2024-06-12,2024-06-13,4502,健信,TPEx,W,,fV300|fV100,W_atr14@3,127,402,漏網,1743,0.022648,,atr14=0.240|n_lu_250=0.161|r20=0.004|c_ma120=0.001|vr20=0.957|days_since_lu=0.893|dt_ratio20=NaN|lend_to_v=0.233|rev_yoy=0.355|o_turn=0.082|o_log_mcap=0.033|o_lu_follow=0.646,"官方日成交結構(MI_INDEX/dailyQuotes)=1|發行股數(MI_QFIIS/dailyQuotes)=1|外資持股(MI_QFIIS,僅上市)=0|自營商(T86/上櫃三大法人)=1|當沖(TWTB4U/上櫃intraday)=1|季財報(MOPS t163sb04)=1|月營收(MOPS/openapi)=1|官方產業別(MOPS t05st03)=1|融資券(MI_MARGN)=1|借券(TWT93U)=1|法人(T86)=1",462,inf,250.0,official_prepanel,34.8,,0.0,0.0,0,1,12.046,24.857,16.635,116.0,0,未扣成本·事後欄位以 m_ 標示·非投資建議
HO,4,2024-06-13,2024-06-14,6144,得利影,TPEx,W,,fV300|fV100|fH125,W_atr14@3,9,398,漏網,91,0.058314,,atr14=0.913|n_lu_250=0.632|r20=0.990|c_ma120=0.989|vr20=0.642|days_since_lu=0.149|dt_ratio20=NaN|lend_to_v=0.018|rev_yoy=0.582|o_turn=0.055|o_log_mcap=0.010|o_lu_follow=0.102,"官方日成交結構(MI_INDEX/dailyQuotes)=1|發行股數(MI_QFIIS/dailyQuotes)=1|外資持股(MI_QFIIS,僅上市)=0|自營商(T86/上櫃三大法人)=1|當沖(TWTB4U/上櫃intraday)=0|季財報(MOPS t163sb04)=1|月營收(MOPS/openapi)=1|官方產業別(MOPS t05st03)=1|融資券(MI_MARGN)=1|借券(TWT93U)=1|法人(T86)=1",463,inf,250.0,official_prepanel,45.45,,0.0,0.0,0,1,9.982,15.508,49.376,98.0,0,未扣成本·事後欄位以 m_ 標示·非投資建議
HO,4,2024-06-14,2024-06-17,6598,ABC-KY,TWSE,W,,fV300|fV100,W_atr14@3,145,400,漏網,983,0.020116,,atr14=0.194|n_lu_250=0.541|r20=0.642|c_ma120=0.090|vr20=0.980|days_since_lu=0.558|dt_ratio20=NaN|lend_to_v=0.017|rev_yoy=0.689|o_turn=0.424|o_log_mcap=0.051|o_lu_follow=0.176,"官方日成交結構(MI_INDEX/dailyQuotes)=1|發行股數(MI_QFIIS/dailyQuotes)=1|外資持股(MI_QFIIS,僅上市)=1|自營商(T86/上櫃三大法人)=1|當沖(TWTB4U/上櫃intraday)=0|季財報(MOPS t163sb04)=1|月營收(MOPS/openapi)=1|官方產業別(MOPS t05st03)=1|融資券(MI_MARGN)=1|借券(TWT93U)=1|法人(T86)=1",464,inf,250.0,official_prepanel,93.65,,0.0,0.0,0,1,8.491,58.491,44.34,874.0,0,未扣成本·事後欄位以 m_ 標示·非投資建議
HO,4,2024-06-17,2024-06-18,4153,鈺緯,TPEx,W,,fV300|fV100,W_atr14@3,251,391,漏網,1121,0.01312,,atr14=0.060|n_lu_250=0.540|r20=0.315|c_ma120=0.359|vr20=0.899|days_since_lu=0.638|dt_ratio20=NaN|lend_to_v=0.539|rev_yoy=0.162|o_turn=0.151|o_log_mcap=0.093|o_lu_follow=0.177,"官方日成交結構(MI_INDEX/dailyQuotes)=1|發行股數(MI_QFIIS/dailyQuotes)=1|外資持股(MI_QFIIS,僅上市)=0|自營商(T86/上櫃三大法人)=1|當沖(TWTB4U/上櫃intraday)=1|季財報(MOPS t163sb04)=1|月營收(MOPS/openapi)=1|官方產業別(MOPS t05st03)=1|融資券(MI_MARGN)=1|借券(TWT93U)=1|法人(T86)=1",465,inf,250.0,official_prepanel,50.2,,0.0,0.0,0,1,5.122,22.328,18.058,713.0,0,未扣成本·事後欄位以 m_ 標示·非投資建議
HO,4,2024-06-18,2024-06-19,6431,光麗-KY,TWSE,W,,fV300|fV100,W_atr14@3,105,398,漏網,1268,0.024103,,atr14=0.317|n_lu_250=0.760|r20=0.104|c_ma120=0.006|vr20=0.825|days_since_lu=0.299|dt_ratio20=NaN|lend_to_v=0.018|rev_yoy=0.033|o_turn=0.073|o_log_mcap=0.006|o_lu_follow=0.942,"官方日成交結構(MI_INDEX/dailyQuotes)=1|發行股數(MI_QFIIS/dailyQuotes)=1|外資持股(MI_QFIIS,僅上市)=1|自營商(T86/上櫃三大法人)=1|當沖(TWTB4U/上櫃intraday)=0|季財報(MOPS t163sb04)=1|月營收(MOPS/openapi)=1|官方產業別(MOPS t05st03)=1|融資券(MI_MARGN)=1|借券(TWT93U)=1|法人(T86)=1",466,inf,250.0,official_prepanel,62.75,,0.0,0.0,0,1,8.98,37.143,31.429,270.0,0,未扣成本·事後欄位以 m_ 標示·非投資建議
HO,4,2024-06-19,2024-06-20,6890,來億-KY,TWSE,W,,fV300|fV100|fVnan|fH125|fA60|fN20|fBP,W_atr14@3,391,392,漏網,1805,,,atr14=NaN|n_lu_250=0.158|r20=NaN|c_ma120=NaN|vr20=NaN|days_since_lu=0.895|dt_ratio20=NaN|lend_to_v=NaN|rev_yoy=0.851|o_turn=0.696|o_log_mcap=0.855|o_lu_follow=0.637,"官方日成交結構(MI_INDEX/dailyQuotes)=1|發行股數(MI_QFIIS/dailyQuotes)=1|外資持股(MI_QFIIS,僅上市)=1|自營商(T86/上櫃三大法人)=0|當沖(TWTB4U/上櫃intraday)=0|季財報(MOPS t163sb04)=1|月營收(MOPS/openapi)=1|官方產業別(MOPS t05st03)=1|融資券(MI_MARGN)=0|借券(TWT93U)=0|法人(T86)=0",6,6.0,6.0,official,,,0.0,0.0,0,1,9.959,28.008,19.087,2237.0,0,未扣成本·事後欄位以 m_ 標示·非投資建議
HO,4,2024-06-20,2024-06-21,3064,泰偉,TPEx,W,,fV300|fV100|fH125|fBP,W_atr14@3,28,388,漏網,267,0.042381,,atr14=0.758|n_lu_250=0.875|r20=0.241|c_ma120=0.998|vr20=0.149|days_since_lu=0.200|dt_ratio20=NaN|lend_to_v=0.019|rev_yoy=0.406|o_turn=0.074|o_log_mcap=0.011|o_lu_follow=0.991,"官方日成交結構(MI_INDEX/dailyQuotes)=1|發行股數(MI_QFIIS/dailyQuotes)=1|外資持股(MI_QFIIS,僅上市)=0|自營商(T86/上櫃三大法人)=0|當沖(TWTB4U/上櫃intraday)=0|季財報(MOPS t163sb04)=1|月營收(MOPS/openapi)=1|官方產業別(MOPS t05st03)=1|融資券(MI_MARGN)=1|借券(TWT93U)=1|法人(T86)=0",468,inf,250.0,official_prepanel,46.45,,0.0,0.0,0,1,6.337,14.393,6.337,79.0,0,未扣成本·事後欄位以 m_ 標示·非投資建議
HO,4,2024-06-20,2024-06-21,3288,點晶,TPEx,W,,fV300|fV100,W_atr14@3,200,388,漏網,972,0.015604,,atr14=0.111|n_lu_250=0.952|r20=0.491|c_ma120=0.017|vr20=0.968|days_since_lu=0.371|dt_ratio20=NaN|lend_to_v=0.019|rev_yoy=0.099|o_turn=0.261|o_log_mcap=0.000|o_lu_follow=0.896,"官方日成交結構(MI_INDEX/dailyQuotes)=1|發行股數(MI_QFIIS/dailyQuotes)=1|外資持股(MI_QFIIS,僅上市)=0|自營商(T86/上櫃三大法人)=1|當沖(TWTB4U/上櫃intraday)=0|季財報(MOPS t163sb04)=1|月營收(MOPS/openapi)=1|官方產業別(MOPS t05st03)=1|融資券(MI_MARGN)=1|借券(TWT93U)=1|法人(T86)=1",468,inf,250.0,official_prepanel,14.0,,0.0,0.0,0,1,9.981,17.702,13.559,154.0,0,未扣成本·事後欄位以 m_ 標示·非投資建議
HO,4,2024-06-20,2024-06-21,5345,馥鴻,TPEx,W,,fV300|fV100|fH125|fN20,W_atr14@3,68,388,漏網,701,0.029365,,atr14=0.455|n_lu_250=0.628|r20=0.373|c_ma120=0.390|vr20=0.415|days_since_lu=0.611|dt_ratio20=NaN|lend_to_v=0.019|rev_yoy=0.167|o_turn=0.000|o_log_mcap=0.000|o_lu_follow=0.881,"官方日成交結構(MI_INDEX/dailyQuotes)=1|發行股數(MI_QFIIS/dailyQuotes)=1|外資持股(MI_QFIIS,僅上市)=0|自營商(T86/上櫃三大法人)=0|當沖(TWTB4U/上櫃intraday)=0|季財報(MOPS t163sb04)=1|月營收(MOPS/openapi)=1|官方產業別(MOPS t05st03)=1|融資券(MI_MARGN)=1|借券(TWT93U)=1|法人(T86)=0",468,inf,250.0,official_prepanel,7.89,,0.0,0.0,0,1,0.379,46.591,134.848,17.0,0,未扣成本·事後欄位以 m_ 標示·非投資建議
HO,4,2024-06-21,2024-06-24,1418,東華,TWSE,W,,fV300|fV100,W_atr14@3,73,381,漏網,986,0.027136,,atr14=0.416|n_lu_250=0.705|r20=0.106|c_ma120=0.269|vr20=0.273|days_since_lu=0.469|dt_ratio20=0.241|lend_to_v=0.654|rev_yoy=0.982|o_turn=0.002|o_log_mcap=0.044|o_lu_follow=0.811,"官方日成交結構(MI_INDEX/dailyQuotes)=1|發行股數(MI_QFIIS/dailyQuotes)=1|外資持股(MI_QFIIS,僅上市)=1|自營商(T86/上櫃三大法人)=1|當沖(TWTB4U/上櫃intraday)=1|季財報(MOPS t163sb04)=1|月營收(MOPS/openapi)=1|官方產業別(MOPS t05st03)=1|融資券(MI_MARGN)=1|借券(TWT93U)=1|法人(T86)=1",469,inf,250.0,official_prepanel,39.05,,0.0,0.0,1,0,0.0,3.876,21.395,244.0,0,未扣成本·事後欄位以 m_ 標示·非投資建議
HO,4,2024-06-21,2024-06-24,4198,欣大健康,TPEx,W,,fV300|fV100|fH125,W_atr14@3,32,381,漏網,687,0.036836,,atr14=0.658|n_lu_250=0.954|r20=0.004|c_ma120=0.413|vr20=0.158|days_since_lu=0.304|dt_ratio20=NaN|lend_to_v=NaN|rev_yoy=0.324|o_turn=0.007|o_log_mcap=0.005|o_lu_follow=1.000,"官方日成交結構(MI_INDEX/dailyQuotes)=1|發行股數(MI_QFIIS/dailyQuotes)=1|外資持股(MI_QFIIS,僅上市)=0|自營商(T86/上櫃三大法人)=1|當沖(TWTB4U/上櫃intraday)=0|季財報(MOPS t163sb04)=1|月營收(MOPS/openapi)=1|官方產業別(MOPS t05st03)=1|融資券(MI_MARGN)=0|借券(TWT93U)=0|法人(T86)=1",469,inf,250.0,official_prepanel,34.3,,0.0,0.0,0,1,8.527,22.997,9.819,106.0,0,未扣成本·事後欄位以 m_ 標示·非投資建議
HO,4,2024-06-21,2024-06-24,6692,進能服,TPEx,W,,fV300|fV100|fH125,W_atr14@3,333,381,漏網,1789,0.007167,,atr14=0.005|n_lu_250=0.159|r20=0.172|c_ma120=NaN|vr20=0.870|days_since_lu=0.896|dt_ratio20=NaN|lend_to_v=NaN|rev_yoy=0.539|o_turn=0.059|o_log_mcap=0.035|o_lu_follow=0.638,"官方日成交結構(MI_INDEX/dailyQuotes)=1|發行股數(MI_QFIIS/dailyQuotes)=1|外資持股(MI_QFIIS,僅上市)=0|自營商(T86/上櫃三大法人)=1|當沖(TWTB4U/上櫃intraday)=0|季財報(MOPS t163sb04)=1|月營收(MOPS/openapi)=1|官方產業別(MOPS t05st03)=1|融資券(MI_MARGN)=0|借券(TWT93U)=0|法人(T86)=1",89,89.0,89.0,official,36.9,,0.0,0.0,0,1,9.5,23.333,29.0,196.0,0,未扣成本·事後欄位以 m_ 標示·非投資建議
HO,4,2024-06-24,2024-06-25,4946,辣椒,TPEx,W,,fV300|fV100,W_atr14@3,36,374,漏網,801,0.035757,,atr14=0.628|n_lu_250=0.838|r20=0.393|c_ma120=0.011|vr20=0.326|days_since_lu=0.116|dt_ratio20=NaN|lend_to_v=NaN|rev_yoy=0.952|o_turn=0.106|o_log_mcap=0.000|o_lu_follow=0.413,"官方日成交結構(MI_INDEX/dailyQuotes)=1|發行股數(MI_QFIIS/dailyQuotes)=1|外資持股(MI_QFIIS,僅上市)=0|自營商(T86/上櫃三大法人)=0|當沖(TWTB4U/上櫃intraday)=0|季財報(MOPS t163sb04)=1|月營收(MOPS/openapi)=1|官方產業別(MOPS t05st03)=1|融資券(MI_MARGN)=0|借券(TWT93U)=0|法人(T86)=0",470,inf,250.0,official_prepanel,26.7,,0.0,0.0,0,1,9.964,9.609,7.829,121.0,0,未扣成本·事後欄位以 m_ 標示·非投資建議
HO,4,2024-06-24,2024-06-25,5205,中茂,TPEx,W,,fV300|fV100|fH125|fN20,W_atr14@3,372,374,漏網,1802,,,atr14=NaN|n_lu_250=0.700|r20=0.474|c_ma120=NaN|vr20=NaN|days_since_lu=0.456|dt_ratio20=NaN|lend_to_v=NaN|rev_yoy=0.974|o_turn=0.013|o_log_mcap=0.000|o_lu_follow=0.810,"官方日成交結構(MI_INDEX/dailyQuotes)=1|發行股數(MI_QFIIS/dailyQuotes)=1|外資持股(MI_QFIIS,僅上市)=0|自營商(T86/上櫃三大法人)=0|當沖(TWTB4U/上櫃intraday)=0|季財報(MOPS t163sb04)=1|月營收(MOPS/openapi)=1|官方產業別(MOPS t05st03)=1|融資券(MI_MARGN)=0|借券(TWT93U)=0|法人(T86)=0",470,inf,250.0,official_prepanel,3.53,,0.0,0.0,0,1,5.3,13.074,30.565,35.0,0,未扣成本·事後欄位以 m_ 標示·非投資建議
HO,4,2024-06-25,2024-06-26,3066,李洲,TPEx,W,,fV300|fV100,W_atr14@3,73,365,漏網,1013,0.025686,,atr14=0.368|n_lu_250=0.868|r20=0.278|c_ma120=0.041|vr20=0.252|days_since_lu=0.516|dt_ratio20=NaN|lend_to_v=0.826|rev_yoy=0.276|o_turn=0.011|o_log_mcap=0.047|o_lu_follow=0.830,"官方日成交結構(MI_INDEX/dailyQuotes)=1|發行股數(MI_QFIIS/dailyQuotes)=1|外資持股(MI_QFIIS,僅上市)=0|自營商(T86/上櫃三大法人)=1|當沖(TWTB4U/上櫃intraday)=1|季財報(MOPS t163sb04)=1|月營收(MOPS/openapi)=1|官方產業別(MOPS t05st03)=1|融資券(MI_MARGN)=1|借券(TWT93U)=1|法人(T86)=1",471,inf,250.0,official_prepanel,93.55,,0.0,0.0,0,1,8.252,21.602,16.505,953.0,0,未扣成本·事後欄位以 m_ 標示·非投資建議
HO,4,2024-06-25,2024-06-26,6928,攸泰科技,TWSE,W,,fV300|fH125|fA60|fBP,W_atr14@3,47,365,漏網,1782,0.03072,,atr14=0.492|n_lu_250=0.398|r20=0.010|c_ma120=NaN|vr20=0.288|days_since_lu=0.218|dt_ratio20=NaN|lend_to_v=NaN|rev_yoy=0.075|o_turn=0.103|o_log_mcap=0.355|o_lu_follow=0.324,"官方日成交結構(MI_INDEX/dailyQuotes)=1|發行股數(MI_QFIIS/dailyQuotes)=1|外資持股(MI_QFIIS,僅上市)=1|自營商(T86/上櫃三大法人)=1|當沖(TWTB4U/上櫃intraday)=0|季財報(MOPS t163sb04)=1|月營收(MOPS/openapi)=1|官方產業別(MOPS t05st03)=1|融資券(MI_MARGN)=0|借券(TWT93U)=0|法人(T86)=1",28,28.0,28.0,official,215.4,,0.0,0.0,0,1,9.031,15.445,7.068,667.0,0,未扣成本·事後欄位以 m_ 標示·非投資建議
HO,4,2024-06-26,2024-06-27,4304,勝昱,TPEx,W,,fP10|fV300|fV100|fN20,W_atr14@3,17,380,漏網,286,0.047619,,atr14=0.846|n_lu_250=0.408|r20=0.986|c_ma120=0.508|vr20=0.978|days_since_lu=0.048|dt_ratio20=NaN|lend_to_v=0.017|rev_yoy=0.019|o_turn=0.399|o_log_mcap=0.000|o_lu_follow=0.318,"官方日成交結構(MI_INDEX/dailyQuotes)=1|發行股數(MI_QFIIS/dailyQuotes)=1|外資持股(MI_QFIIS,僅上市)=0|自營商(T86/上櫃三大法人)=0|當沖(TWTB4U/上櫃intraday)=0|季財報(MOPS t163sb04)=1|月營收(MOPS/openapi)=1|官方產業別(MOPS t05st03)=1|融資券(MI_MARGN)=1|借券(TWT93U)=1|法人(T86)=0",472,inf,250.0,official_prepanel,43.47,,0.0,0.0,0,1,0.125,46.173,3.639,231.0,0,未扣成本·事後欄位以 m_ 標示·非投資建議
HO,4,2024-06-26,2024-06-27,6661,威健生技,TPEx,W,,fV300|fV100,W_atr14@3,162,380,漏網,699,0.017226,,atr14=0.139|n_lu_250=0.543|r20=0.787|c_ma120=0.438|vr20=0.362|days_since_lu=0.473|dt_ratio20=NaN|lend_to_v=NaN|rev_yoy=0.768|o_turn=0.031|o_log_mcap=0.001|o_lu_follow=0.171,"官方日成交結構(MI_INDEX/dailyQuotes)=1|發行股數(MI_QFIIS/dailyQuotes)=1|外資持股(MI_QFIIS,僅上市)=0|自營商(T86/上櫃三大法人)=0|當沖(TWTB4U/上櫃intraday)=0|季財報(MOPS t163sb04)=1|月營收(MOPS/openapi)=1|官方產業別(MOPS t05st03)=1|融資券(MI_MARGN)=0|借券(TWT93U)=0|法人(T86)=0",472,inf,250.0,official_prepanel,35.95,,0.0,0.0,0,1,9.979,35.135,30.769,691.0,0,未扣成本·事後欄位以 m_ 標示·非投資建議
HO,4,2024-06-27,2024-06-28,3018,隆銘綠能,TWSE,W,,fV300|fV100|fN20,W_atr14@3,208,370,漏網,636,0.014467,,atr14=0.086|n_lu_250=0.844|r20=0.671|c_ma120=0.433|vr20=0.349|days_since_lu=0.548|dt_ratio20=NaN|lend_to_v=0.017|rev_yoy=0.806|o_turn=0.001|o_log_mcap=0.006|o_lu_follow=1.000,"官方日成交結構(MI_INDEX/dailyQuotes)=1|發行股數(MI_QFIIS/dailyQuotes)=1|外資持股(MI_QFIIS,僅上市)=1|自營商(T86/上櫃三大法人)=0|當沖(TWTB4U/上櫃intraday)=0|季財報(MOPS t163sb04)=1|月營收(MOPS/openapi)=1|官方產業別(MOPS t05st03)=1|融資券(MI_MARGN)=1|借券(TWT93U)=1|法人(T86)=0",473,inf,250.0,official_prepanel,33.16,,0.0,0.0,1,0,0.0,35.447,46.11,218.0,0,未扣成本·事後欄位以 m_ 標示·非投資建議
HO,4,2024-06-27,2024-06-28,3259,鑫創,TPEx,W,,fV300|fV100,W_atr14@3,52,370,漏網,360,0.031481,,atr14=0.528|n_lu_250=0.760|r20=0.795|c_ma120=0.401|vr20=0.850|days_since_lu=0.569|dt_ratio20=NaN|lend_to_v=0.017|rev_yoy=0.054|o_turn=0.069|o_log_mcap=0.045|o_lu_follow=0.463,"官方日成交結構(MI_INDEX/dailyQuotes)=1|發行股數(MI_QFIIS/dailyQuotes)=1|外資持股(MI_QFIIS,僅上市)=0|自營商(T86/上櫃三大法人)=1|當沖(TWTB4U/上櫃intraday)=0|季財報(MOPS t163sb04)=1|月營收(MOPS/openapi)=1|官方產業別(MOPS t05st03)=1|融資券(MI_MARGN)=1|借券(TWT93U)=1|法人(T86)=1",473,inf,250.0,official_prepanel,44.85,,0.0,0.0,0,1,9.85,32.387,10.851,466.0,0,未扣成本·事後欄位以 m_ 標示·非投資建議
HO,4,2024-06-27,2024-06-28,5276,達輝-KY,TPEx,W,,fV300|fV100|fH125|fN20,W_atr14@3,60,370,漏網,759,0.029092,,atr14=0.475|n_lu_250=0.539|r20=0.396|c_ma120=NaN|vr20=0.658|days_since_lu=0.612|dt_ratio20=NaN|lend_to_v=NaN|rev_yoy=0.374|o_turn=0.002|o_log_mcap=0.002|o_lu_follow=0.176,"官方日成交結構(MI_INDEX/dailyQuotes)=1|發行股數(MI_QFIIS/dailyQuotes)=1|外資持股(MI_QFIIS,僅上市)=0|自營商(T86/上櫃三大法人)=0|當沖(TWTB4U/上櫃intraday)=0|季財報(MOPS t163sb04)=1|月營收(MOPS/openapi)=1|官方產業別(MOPS t05st03)=1|融資券(MI_MARGN)=0|借券(TWT93U)=0|法人(T86)=0",473,inf,250.0,official_prepanel,12.58,,0.0,0.0,0,1,0.278,8.333,15.0,252.0,0,未扣成本·事後欄位以 m_ 標示·非投資建議
HO,4,2024-06-27,2024-06-28,5347,世界,TPEx,W,,fN20,W_atr14@3,12,370,漏網,186,0.050242,,atr14=0.867|n_lu_250=0.405|r20=0.927|c_ma120=0.926|vr20=0.165|days_since_lu=0.456|dt_ratio20=NaN|lend_to_v=0.757|rev_yoy=0.575|o_turn=0.520|o_log_mcap=0.943|o_lu_follow=0.320,"官方日成交結構(MI_INDEX/dailyQuotes)=1|發行股數(MI_QFIIS/dailyQuotes)=1|外資持股(MI_QFIIS,僅上市)=0|自營商(T86/上櫃三大法人)=1|當沖(TWTB4U/上櫃intraday)=1|季財報(MOPS t163sb04)=1|月營收(MOPS/openapi)=1|官方產業別(MOPS t05st03)=1|融資券(MI_MARGN)=1|借券(TWT93U)=1|法人(T86)=1",473,inf,250.0,official_prepanel,27189.84,,0.0,0.0,0,1,8.824,4.863,6.603,33386.0,0,未扣成本·事後欄位以 m_ 標示·非投資建議
HO,4,2024-06-28,2024-07-01,4131,浩泰,TPEx,W,,fV300|fV100,W_atr14@3,80,382,漏網,844,0.025331,,atr14=0.384|n_lu_250=0.635|r20=0.325|c_ma120=0.354|vr20=0.744|days_since_lu=0.506|dt_ratio20=NaN|lend_to_v=NaN|rev_yoy=0.532|o_turn=0.039|o_log_mcap=0.013|o_lu_follow=0.994,"官方日成交結構(MI_INDEX/dailyQuotes)=1|發行股數(MI_QFIIS/dailyQuotes)=1|外資持股(MI_QFIIS,僅上市)=0|自營商(T86/上櫃三大法人)=1|當沖(TWTB4U/上櫃intraday)=0|季財報(MOPS t163sb04)=1|月營收(MOPS/openapi)=1|官方產業別(MOPS t05st03)=1|融資券(MI_MARGN)=0|借券(TWT93U)=0|法人(T86)=1",474,inf,250.0,official_prepanel,28.35,,0.0,0.0,0,1,8.861,10.443,5.222,94.0,0,未扣成本·事後欄位以 m_ 標示·非投資建議
HO,5,2024-07-01,2024-07-02,3713,新晶投控,TPEx,W,,fV300|fCD,W_atr14@3,11,376,漏網,75,0.049305,,atr14=0.885|n_lu_250=0.875|r20=0.982|c_ma120=0.792|vr20=0.949|days_since_lu=0.007|dt_ratio20=NaN|lend_to_v=NaN|rev_yoy=0.444|o_turn=0.586|o_log_mcap=0.074|o_lu_follow=0.840,"官方日成交結構(MI_INDEX/dailyQuotes)=1|發行股數(MI_QFIIS/dailyQuotes)=1|外資持股(MI_QFIIS,僅上市)=0|自營商(T86/上櫃三大法人)=1|當沖(TWTB4U/上櫃intraday)=0|季財報(MOPS t163sb04)=1|月營收(MOPS/openapi)=1|官方產業別(MOPS t05st03)=1|融資券(MI_MARGN)=0|借券(TWT93U)=0|法人(T86)=1",475,inf,250.0,official_prepanel,227.35,,0.0,0.0,0,1,7.069,6.897,0.0,1142.0,0,未扣成本·事後欄位以 m_ 標示·非投資建議
HO,5,2024-07-03,2024-07-04,2911,麗嬰房,TWSE,W,,fP10|fV300|fH125|fBP,W_atr14@3,262,377,漏網,1345,0.010918,,atr14=0.044|n_lu_250=0.403|r20=0.283|c_ma120=0.307|vr20=0.665|days_since_lu=0.616|dt_ratio20=NaN|lend_to_v=0.017|rev_yoy=0.238|o_turn=0.042|o_log_mcap=0.007|o_lu_follow=0.326,"官方日成交結構(MI_INDEX/dailyQuotes)=1|發行股數(MI_QFIIS/dailyQuotes)=1|外資持股(MI_QFIIS,僅上市)=1|自營商(T86/上櫃三大法人)=1|當沖(TWTB4U/上櫃intraday)=0|季財報(MOPS t163sb04)=1|月營收(MOPS/openapi)=1|官方產業別(MOPS t05st03)=1|融資券(MI_MARGN)=1|借券(TWT93U)=1|法人(T86)=1",477,inf,250.0,official_prepanel,108.35,,0.0,0.0,0,1,10.0,15.429,11.0,1324.0,0,未扣成本·事後欄位以 m_ 標示·非投資建議
HO,5,2024-07-03,2024-07-04,6222,立軒,TPEx,W,,fV300|fV100,W_atr14@3,129,377,漏網,1155,0.018797,,atr14=0.204|n_lu_250=0.975|r20=0.193|c_ma120=0.017|vr20=0.840|days_since_lu=0.405|dt_ratio20=NaN|lend_to_v=0.017|rev_yoy=0.741|o_turn=0.141|o_log_mcap=0.012|o_lu_follow=0.972,"官方日成交結構(MI_INDEX/dailyQuotes)=1|發行股數(MI_QFIIS/dailyQuotes)=1|外資持股(MI_QFIIS,僅上市)=0|自營商(T86/上櫃三大法人)=1|當沖(TWTB4U/上櫃intraday)=0|季財報(MOPS t163sb04)=1|月營收(MOPS/openapi)=1|官方產業別(MOPS t05st03)=1|融資券(MI_MARGN)=1|借券(TWT93U)=1|法人(T86)=1",477,inf,250.0,official_prepanel,41.2,,0.0,0.0,0,1,3.98,7.96,0.995,148.0,0,未扣成本·事後欄位以 m_ 標示·非投資建議
HO,5,2024-07-03,2024-07-04,8067,志旭,TPEx,W,,fV300|fV100|fH125|fN20,W_atr14@3,123,377,漏網,734,0.019118,,atr14=0.210|n_lu_250=0.875|r20=0.512|c_ma120=0.227|vr20=0.904|days_since_lu=0.273|dt_ratio20=NaN|lend_to_v=NaN|rev_yoy=0.410|o_turn=0.062|o_log_mcap=0.000|o_lu_follow=0.935,"官方日成交結構(MI_INDEX/dailyQuotes)=1|發行股數(MI_QFIIS/dailyQuotes)=1|外資持股(MI_QFIIS,僅上市)=0|自營商(T86/上櫃三大法人)=0|當沖(TWTB4U/上櫃intraday)=0|季財報(MOPS t163sb04)=1|月營收(MOPS/openapi)=1|官方產業別(MOPS t05st03)=1|融資券(MI_MARGN)=0|借券(TWT93U)=0|法人(T86)=0",477,inf,250.0,official_prepanel,9.94,,0.0,0.0,0,1,10.0,18.824,17.647,121.0,0,未扣成本·事後欄位以 m_ 標示·非投資建議
HO,5,2024-07-04,2024-07-05,1340,勝悅-KY,TWSE,W,,fV300|fV100,W_atr14@3,334,373,漏網,1682,0.006254,,atr14=0.003|n_lu_250=0.161|r20=0.356|c_ma120=0.097|vr20=0.506|days_since_lu=0.760|dt_ratio20=0.008|lend_to_v=0.950|rev_yoy=0.115|o_turn=0.008|o_log_mcap=0.037|o_lu_follow=0.655,"官方日成交結構(MI_INDEX/dailyQuotes)=1|發行股數(MI_QFIIS/dailyQuotes)=1|外資持股(MI_QFIIS,僅上市)=1|自營商(T86/上櫃三大法人)=1|當沖(TWTB4U/上櫃intraday)=1|季財報(MOPS t163sb04)=1|月營收(MOPS/openapi)=1|官方產業別(MOPS t05st03)=1|融資券(MI_MARGN)=1|借券(TWT93U)=1|法人(T86)=1",478,inf,250.0,official_prepanel,99.3,,0.0,0.0,0,1,9.406,13.861,11.881,1292.0,0,未扣成本·事後欄位以 m_ 標示·非投資建議
HO,5,2024-07-04,2024-07-05,5276,達輝-KY,TPEx,W,,fV300|fV100|fH125|fN20|fCD,W_atr14@3,18,373,漏網,108,0.047985,,atr14=0.892|n_lu_250=0.761|r20=0.914|c_ma120=NaN|vr20=0.910|days_since_lu=0.020|dt_ratio20=NaN|lend_to_v=NaN|rev_yoy=0.377|o_turn=0.394|o_log_mcap=0.001|o_lu_follow=0.943,"官方日成交結構(MI_INDEX/dailyQuotes)=1|發行股數(MI_QFIIS/dailyQuotes)=1|外資持股(MI_QFIIS,僅上市)=0|自營商(T86/上櫃三大法人)=0|當沖(TWTB4U/上櫃intraday)=0|季財報(MOPS t163sb04)=1|月營收(MOPS/openapi)=1|官方產業別(MOPS t05st03)=1|融資券(MI_MARGN)=0|借券(TWT93U)=0|法人(T86)=0",478,inf,250.0,official_prepanel,99.79,,0.0,1.0,0,1,10.0,6.154,23.077,444.0,0,未扣成本·事後欄位以 m_ 標示·非投資建議
HO,5,2024-07-04,2024-07-05,8937,合騏*,TPEx,W,,fV300|fV100,W_atr14@3,142,373,漏網,886,0.017173,,atr14=0.159|n_lu_250=0.408|r20=0.436|c_ma120=0.519|vr20=0.795|days_since_lu=0.311|dt_ratio20=NaN|lend_to_v=0.124|rev_yoy=0.488|o_turn=0.137|o_log_mcap=0.049|o_lu_follow=0.326,"官方日成交結構(MI_INDEX/dailyQuotes)=1|發行股數(MI_QFIIS/dailyQuotes)=1|外資持股(MI_QFIIS,僅上市)=0|自營商(T86/上櫃三大法人)=1|當沖(TWTB4U/上櫃intraday)=1|季財報(MOPS t163sb04)=1|月營收(MOPS/openapi)=1|官方產業別(MOPS t05st03)=1|融資券(MI_MARGN)=1|借券(TWT93U)=1|法人(T86)=1",478,inf,250.0,official_prepanel,99.2,,0.0,0.0,0,1,8.613,46.429,51.681,1029.0,0,未扣成本·事後欄位以 m_ 標示·非投資建議
HO,5,2024-07-05,2024-07-08,2067,嘉鋼,TPEx,W,,fV300|fV100,W_atr14@3,43,369,漏網,1492,0.03412,,atr14=0.644|n_lu_250=0.163|r20=0.068|c_ma120=0.016|vr20=0.438|days_since_lu=0.675|dt_ratio20=NaN|lend_to_v=0.017|rev_yoy=0.124|o_turn=0.060|o_log_mcap=0.000|o_lu_follow=0.658,"官方日成交結構(MI_INDEX/dailyQuotes)=1|發行股數(MI_QFIIS/dailyQuotes)=1|外資持股(MI_QFIIS,僅上市)=0|自營商(T86/上櫃三大法人)=1|當沖(TWTB4U/上櫃intraday)=0|季財報(MOPS t163sb04)=1|月營收(MOPS/openapi)=1|官方產業別(MOPS t05st03)=1|融資券(MI_MARGN)=1|借券(TWT93U)=1|法人(T86)=1",479,inf,250.0,official_prepanel,57.45,,0.0,0.0,0,1,9.821,11.607,10.714,279.0,0,未扣成本·事後欄位以 m_ 標示·非投資建議
HO,5,2024-07-05,2024-07-08,6573,虹揚-KY,TWSE,W,,fV300|fV100,W_atr14@3,128,369,漏網,909,0.018966,,atr14=0.207|n_lu_250=0.551|r20=0.390|c_ma120=0.340|vr20=0.812|days_since_lu=0.268|dt_ratio20=NaN|lend_to_v=0.017|rev_yoy=0.322|o_turn=0.136|o_log_mcap=0.012|o_lu_follow=0.960,"官方日成交結構(MI_INDEX/dailyQuotes)=1|發行股數(MI_QFIIS/dailyQuotes)=1|外資持股(MI_QFIIS,僅上市)=1|自營商(T86/上櫃三大法人)=1|當沖(TWTB4U/上櫃intraday)=0|季財報(MOPS t163sb04)=1|月營收(MOPS/openapi)=1|官方產業別(MOPS t05st03)=1|融資券(MI_MARGN)=1|借券(TWT93U)=1|法人(T86)=1",479,inf,250.0,official_prepanel,90.75,,0.0,0.0,0,1,9.247,20.548,13.699,673.0,0,未扣成本·事後欄位以 m_ 標示·非投資建議
HO,5,2024-07-08,2024-07-09,8437,大地-KY,TPEx,W,,fV300|fV100,W_atr14@3,171,355,漏網,1576,0.015887,,atr14=0.123|n_lu_250=0.408|r20=0.225|c_ma120=0.008|vr20=0.233|days_since_lu=0.443|dt_ratio20=NaN|lend_to_v=0.514|rev_yoy=0.096|o_turn=0.028|o_log_mcap=0.019|o_lu_follow=0.347,"官方日成交結構(MI_INDEX/dailyQuotes)=1|發行股數(MI_QFIIS/dailyQuotes)=1|外資持股(MI_QFIIS,僅上市)=0|自營商(T86/上櫃三大法人)=1|當沖(TWTB4U/上櫃intraday)=1|季財報(MOPS t163sb04)=1|月營收(MOPS/openapi)=1|官方產業別(MOPS t05st03)=1|融資券(MI_MARGN)=1|借券(TWT93U)=1|法人(T86)=1",480,inf,250.0,official_prepanel,77.45,,0.0,0.0,0,1,9.982,33.275,15.587,627.0,0,未扣成本·事後欄位以 m_ 標示·非投資建議
HO,5,2024-07-09,2024-07-10,4414,如興,TWSE,W,,fP10|fP5,W_atr14@3,41,358,漏網,1164,0.037192,,atr14=0.640|n_lu_250=0.633|r20=0.126|c_ma120=0.005|vr20=0.669|days_since_lu=0.650|dt_ratio20=NaN|lend_to_v=0.018|rev_yoy=0.362|o_turn=0.090|o_log_mcap=0.106|o_lu_follow=0.895,"官方日成交結構(MI_INDEX/dailyQuotes)=1|發行股數(MI_QFIIS/dailyQuotes)=1|外資持股(MI_QFIIS,僅上市)=1|自營商(T86/上櫃三大法人)=1|當沖(TWTB4U/上櫃intraday)=0|季財報(MOPS t163sb04)=1|月營收(MOPS/openapi)=1|官方產業別(MOPS t05st03)=1|融資券(MI_MARGN)=1|借券(TWT93U)=1|法人(T86)=1",481,inf,250.0,official_prepanel,1337.05,,0.0,0.0,0,1,10.0,33.793,20.0,2934.0,0,未扣成本·事後欄位以 m_ 標示·非投資建議
HO,5,2024-07-09,2024-07-10,4804,,TPEx,W,,fP10|fP5|fV300|fV100,W_atr14@3,59,358,漏網,812,0.031746,,atr14=0.525|n_lu_250=0.753|r20=0.418|c_ma120=0.117|vr20=0.996|days_since_lu=0.243|dt_ratio20=NaN|lend_to_v=0.018|rev_yoy=0.015|o_turn=0.475|o_log_mcap=0.000|o_lu_follow=0.037,"官方日成交結構(MI_INDEX/dailyQuotes)=1|發行股數(MI_QFIIS/dailyQuotes)=1|外資持股(MI_QFIIS,僅上市)=0|自營商(T86/上櫃三大法人)=0|當沖(TWTB4U/上櫃intraday)=0|季財報(MOPS t163sb04)=1|月營收(MOPS/openapi)=1|官方產業別(MOPS t05st03)=0|融資券(MI_MARGN)=1|借券(TWT93U)=1|法人(T86)=0",481,inf,250.0,official_prepanel,47.75,,0.0,0.0,0,1,7.39,44.342,42.263,186.0,0,未扣成本·事後欄位以 m_ 標示·非投資建議
HO,5,2024-07-10,2024-07-11,3073,天方能源,TPEx,W,,fV300|fCD,W_atr14@3,7,353,漏網,20,0.078536,,atr14=0.994|n_lu_250=0.899|r20=0.998|c_ma120=0.994|vr20=0.975|days_since_lu=0.022|dt_ratio20=NaN|lend_to_v=0.050|rev_yoy=0.073|o_turn=0.884|o_log_mcap=0.065|o_lu_follow=0.997,"官方日成交結構(MI_INDEX/dailyQuotes)=1|發行股數(MI_QFIIS/dailyQuotes)=1|外資持股(MI_QFIIS,僅上市)=0|自營商(T86/上櫃三大法人)=1|當沖(TWTB4U/上櫃intraday)=1|季財報(MOPS t163sb04)=1|月營收(MOPS/openapi)=1|官方產業別(MOPS t05st03)=1|融資券(MI_MARGN)=1|借券(TWT93U)=1|法人(T86)=1",482,inf,250.0,official_prepanel,299.1,,0.0,2.0,0,1,6.142,32.913,43.15,1105.0,0,未扣成本·事後欄位以 m_ 標示·非投資建議
HO,5,2024-07-10,2024-07-11,6151,晉倫,TPEx,W,,fV300|fV100,W_atr14@3,233,353,漏網,1324,0.012249,,atr14=0.043|n_lu_250=0.159|r20=0.411|c_ma120=0.390|vr20=0.500|days_since_lu=0.897|dt_ratio20=NaN|lend_to_v=0.436|rev_yoy=0.787|o_turn=0.070|o_log_mcap=0.035|o_lu_follow=0.663,"官方日成交結構(MI_INDEX/dailyQuotes)=1|發行股數(MI_QFIIS/dailyQuotes)=1|外資持股(MI_QFIIS,僅上市)=0|自營商(T86/上櫃三大法人)=1|當沖(TWTB4U/上櫃intraday)=1|季財報(MOPS t163sb04)=1|月營收(MOPS/openapi)=1|官方產業別(MOPS t05st03)=1|融資券(MI_MARGN)=1|借券(TWT93U)=1|法人(T86)=1",482,inf,250.0,official_prepanel,93.2,,0.0,0.0,0,1,8.363,27.936,11.744,1696.0,0,未扣成本·事後欄位以 m_ 標示·非投資建議
HO,5,2024-07-10,2024-07-11,8291,尚茂,TPEx,W,,fP10|fV300|fV100|fH125|fN20|fBP,W_atr14@3,9,353,漏網,476,0.076208,,atr14=0.992|n_lu_250=0.963|r20=0.001|c_ma120=0.521|vr20=0.363|days_since_lu=0.169|dt_ratio20=NaN|lend_to_v=NaN|rev_yoy=0.020|o_turn=0.019|o_log_mcap=0.000|o_lu_follow=1.000,"官方日成交結構(MI_INDEX/dailyQuotes)=1|發行股數(MI_QFIIS/dailyQuotes)=1|外資持股(MI_QFIIS,僅上市)=0|自營商(T86/上櫃三大法人)=0|當沖(TWTB4U/上櫃intraday)=0|季財報(MOPS t163sb04)=1|月營收(MOPS/openapi)=1|官方產業別(MOPS t05st03)=1|融資券(MI_MARGN)=0|借券(TWT93U)=0|法人(T86)=0",482,inf,250.0,official_prepanel,53.05,,0.0,0.0,0,1,9.48,32.948,23.699,36.0,0,未扣成本·事後欄位以 m_ 標示·非投資建議
HO,5,2024-07-11,2024-07-12,3095,及成,TPEx,W,,fV300|fCD,W_atr14@3,11,342,漏網,47,0.069914,,atr14=0.976|n_lu_250=0.916|r20=0.887|c_ma120=0.979|vr20=0.594|days_since_lu=0.042|dt_ratio20=NaN|lend_to_v=0.019|rev_yoy=0.847|o_turn=0.843|o_log_mcap=0.000|o_lu_follow=0.992,"官方日成交結構(MI_INDEX/dailyQuotes)=1|發行股數(MI_QFIIS/dailyQuotes)=1|外資持股(MI_QFIIS,僅上市)=0|自營商(T86/上櫃三大法人)=1|當沖(TWTB4U/上櫃intraday)=0|季財報(MOPS t163sb04)=1|月營收(MOPS/openapi)=1|官方產業別(MOPS t05st03)=1|融資券(MI_MARGN)=1|借券(TWT93U)=1|法人(T86)=1",483,inf,250.0,official_prepanel,257.45,,0.0,1.0,0,1,13.091,27.273,36.909,455.0,0,未扣成本·事後欄位以 m_ 標示·非投資建議
HO,5,2024-07-11,2024-07-12,8455,大拓-KY,TPEx,W,,fV300|fV100|fH125,W_atr14@3,4,342,漏網,477,0.083926,,atr14=0.996|n_lu_250=0.916|r20=0.003|c_ma120=NaN|vr20=0.175|days_since_lu=0.139|dt_ratio20=NaN|lend_to_v=NaN|rev_yoy=0.073|o_turn=0.080|o_log_mcap=0.000|o_lu_follow=1.000,"官方日成交結構(MI_INDEX/dailyQuotes)=1|發行股數(MI_QFIIS/dailyQuotes)=1|外資持股(MI_QFIIS,僅上市)=0|自營商(T86/上櫃三大法人)=0|當沖(TWTB4U/上櫃intraday)=0|季財報(MOPS t163sb04)=1|月營收(MOPS/openapi)=1|官方產業別(MOPS t05st03)=1|融資券(MI_MARGN)=0|借券(TWT93U)=0|法人(T86)=0",483,inf,250.0,official_prepanel,76.6,,0.0,0.0,0,1,10.484,15.323,7.419,116.0,0,未扣成本·事後欄位以 m_ 標示·非投資建議
HO,5,2024-07-12,2024-07-15,4806,桂田文創,TPEx,W,,fV300|fV100,W_atr14@3,66,345,漏網,345,0.03009,,atr14=0.464|n_lu_250=0.974|r20=0.791|c_ma120=0.379|vr20=0.375|days_since_lu=0.452|dt_ratio20=NaN|lend_to_v=0.020|rev_yoy=NaN|o_turn=0.000|o_log_mcap=0.108|o_lu_follow=1.000,"官方日成交結構(MI_INDEX/dailyQuotes)=1|發行股數(MI_QFIIS/dailyQuotes)=1|外資持股(MI_QFIIS,僅上市)=0|自營商(T86/上櫃三大法人)=0|當沖(TWTB4U/上櫃intraday)=0|季財報(MOPS t163sb04)=1|月營收(MOPS/openapi)=0|官方產業別(MOPS t05st03)=1|融資券(MI_MARGN)=1|借券(TWT93U)=1|法人(T86)=0",484,inf,250.0,official_prepanel,56.7,,0.0,0.0,0,1,7.308,19.615,16.923,120.0,0,未扣成本·事後欄位以 m_ 標示·非投資建議
HO,5,2024-07-15,2024-07-16,2924,宏太-KY,TPEx,W,,fV300|fV100|fH125|fN20,W_atr14@3,12,335,漏網,604,0.061692,,atr14=0.946|n_lu_250=0.405|r20=0.379|c_ma120=NaN|vr20=0.004|days_since_lu=0.626|dt_ratio20=NaN|lend_to_v=0.022|rev_yoy=0.989|o_turn=0.000|o_log_mcap=0.000|o_lu_follow=0.335,"官方日成交結構(MI_INDEX/dailyQuotes)=1|發行股數(MI_QFIIS/dailyQuotes)=1|外資持股(MI_QFIIS,僅上市)=0|自營商(T86/上櫃三大法人)=0|當沖(TWTB4U/上櫃intraday)=0|季財報(MOPS t163sb04)=1|月營收(MOPS/openapi)=1|官方產業別(MOPS t05st03)=1|融資券(MI_MARGN)=1|借券(TWT93U)=1|法人(T86)=0",485,inf,250.0,official_prepanel,7.47,,0.0,0.0,0,1,7.843,-0.392,34.51,15.0,0,未扣成本·事後欄位以 m_ 標示·非投資建議
HO,5,2024-07-16,2024-07-17,5276,達輝-KY,TPEx,W,,fV300|fH125|fCD,W_atr14@3,4,343,漏網,52,0.082556,,atr14=0.996|n_lu_250=0.835|r20=0.974|c_ma120=NaN|vr20=0.022|days_since_lu=0.075|dt_ratio20=NaN|lend_to_v=NaN|rev_yoy=0.201|o_turn=0.022|o_log_mcap=0.000|o_lu_follow=0.972,"官方日成交結構(MI_INDEX/dailyQuotes)=1|發行股數(MI_QFIIS/dailyQuotes)=1|外資持股(MI_QFIIS,僅上市)=0|自營商(T86/上櫃三大法人)=0|當沖(TWTB4U/上櫃intraday)=0|季財報(MOPS t163sb04)=1|月營收(MOPS/openapi)=1|官方產業別(MOPS t05st03)=1|融資券(MI_MARGN)=0|借券(TWT93U)=0|法人(T86)=0",486,inf,250.0,official_prepanel,176.05,,0.0,0.0,0,1,11.765,6.138,1.352,307.0,0,未扣成本·事後欄位以 m_ 標示·非投資建議
HO,5,2024-07-17,2024-07-18,4804,,TPEx,W,,fP10|fV300|fCD,W_atr14@3,12,346,漏網,87,0.053729,,atr14=0.900|n_lu_250=0.840|r20=0.984|c_ma120=0.866|vr20=0.937|days_since_lu=0.024|dt_ratio20=NaN|lend_to_v=0.021|rev_yoy=0.025|o_turn=0.750|o_log_mcap=0.000|o_lu_follow=0.428,"官方日成交結構(MI_INDEX/dailyQuotes)=1|發行股數(MI_QFIIS/dailyQuotes)=1|外資持股(MI_QFIIS,僅上市)=0|自營商(T86/上櫃三大法人)=1|當沖(TWTB4U/上櫃intraday)=0|季財報(MOPS t163sb04)=1|月營收(MOPS/openapi)=1|官方產業別(MOPS t05st03)=0|融資券(MI_MARGN)=1|借券(TWT93U)=1|法人(T86)=1",487,inf,250.0,official_prepanel,266.15,,0.0,2.0,0,1,10.106,-1.596,-8.688,933.0,1,未扣成本·事後欄位以 m_ 標示·非投資建議
HO,5,2024-07-17,2024-07-18,6144,得利影,TPEx,W,,fV300|fV100|fH125,W_atr14@3,22,346,漏網,57,0.049107,,atr14=0.832|n_lu_250=0.840|r20=0.998|c_ma120=1.000|vr20=0.312|days_since_lu=0.089|dt_ratio20=NaN|lend_to_v=0.021|rev_yoy=0.622|o_turn=0.027|o_log_mcap=0.083|o_lu_follow=0.428,"官方日成交結構(MI_INDEX/dailyQuotes)=1|發行股數(MI_QFIIS/dailyQuotes)=1|外資持股(MI_QFIIS,僅上市)=0|自營商(T86/上櫃三大法人)=1|當沖(TWTB4U/上櫃intraday)=0|季財報(MOPS t163sb04)=1|月營收(MOPS/openapi)=1|官方產業別(MOPS t05st03)=1|融資券(MI_MARGN)=1|借券(TWT93U)=1|法人(T86)=1",487,inf,250.0,official_prepanel,59.6,,0.0,1.0,0,1,9.932,53.253,40.24,81.0,0,未扣成本·事後欄位以 m_ 標示·非投資建議
HO,5,2024-07-18,2024-07-19,4556,旭然,TPEx,W,,fV300|fV100,W_atr14@3,118,345,漏網,829,0.020936,,atr14=0.184|n_lu_250=0.833|r20=0.574|c_ma120=0.131|vr20=0.504|days_since_lu=0.430|dt_ratio20=NaN|lend_to_v=0.056|rev_yoy=0.485|o_turn=0.030|o_log_mcap=0.032|o_lu_follow=0.975,"官方日成交結構(MI_INDEX/dailyQuotes)=1|發行股數(MI_QFIIS/dailyQuotes)=1|外資持股(MI_QFIIS,僅上市)=0|自營商(T86/上櫃三大法人)=1|當沖(TWTB4U/上櫃intraday)=1|季財報(MOPS t163sb04)=1|月營收(MOPS/openapi)=1|官方產業別(MOPS t05st03)=1|融資券(MI_MARGN)=1|借券(TWT93U)=1|法人(T86)=1",488,inf,250.0,official_prepanel,58.9,,0.0,0.0,0,1,7.898,-6.629,-15.938,652.0,0,未扣成本·事後欄位以 m_ 標示·非投資建議
HO,5,2024-07-18,2024-07-19,5205,中茂,TPEx,W,,fV300|fV100|fH125,W_atr14@3,6,345,漏網,58,0.074005,,atr14=0.980|n_lu_250=0.866|r20=0.933|c_ma120=NaN|vr20=0.178|days_since_lu=0.158|dt_ratio20=NaN|lend_to_v=NaN|rev_yoy=0.985|o_turn=0.107|o_log_mcap=0.000|o_lu_follow=0.943,"官方日成交結構(MI_INDEX/dailyQuotes)=1|發行股數(MI_QFIIS/dailyQuotes)=1|外資持股(MI_QFIIS,僅上市)=0|自營商(T86/上櫃三大法人)=1|當沖(TWTB4U/上櫃intraday)=0|季財報(MOPS t163sb04)=1|月營收(MOPS/openapi)=1|官方產業別(MOPS t05st03)=1|融資券(MI_MARGN)=0|借券(TWT93U)=0|法人(T86)=1",488,inf,250.0,official_prepanel,45.05,,0.0,0.0,0,1,14.243,47.826,18.741,142.0,0,未扣成本·事後欄位以 m_ 標示·非投資建議
HO,5,2024-07-19,2024-07-22,3349,寶德,TPEx,W,,fV300|fV100,W_atr14@3,162,341,漏網,899,0.017857,,atr14=0.095|n_lu_250=0.698|r20=0.548|c_ma120=0.275|vr20=0.913|days_since_lu=0.568|dt_ratio20=NaN|lend_to_v=NaN|rev_yoy=0.477|o_turn=0.006|o_log_mcap=0.008|o_lu_follow=0.983,"官方日成交結構(MI_INDEX/dailyQuotes)=1|發行股數(MI_QFIIS/dailyQuotes)=1|外資持股(MI_QFIIS,僅上市)=0|自營商(T86/上櫃三大法人)=1|當沖(TWTB4U/上櫃intraday)=0|季財報(MOPS t163sb04)=1|月營收(MOPS/openapi)=1|官方產業別(MOPS t05st03)=1|融資券(MI_MARGN)=0|借券(TWT93U)=0|法人(T86)=1",489,inf,250.0,official_prepanel,16.4,,0.0,0.0,0,1,10.0,20.625,9.375,104.0,0,未扣成本·事後欄位以 m_ 標示·非投資建議
HO,5,2024-07-26,2024-07-29,4767,誠泰科技,TPEx,W,,fV300|fV100|fH125,W_atr14@3,229,342,漏網,1003,0.015362,,atr14=0.039|n_lu_250=0.154|r20=0.787|c_ma120=0.522|vr20=0.990|days_since_lu=0.736|dt_ratio20=NaN|lend_to_v=NaN|rev_yoy=0.240|o_turn=0.141|o_log_mcap=0.009|o_lu_follow=0.654,"官方日成交結構(MI_INDEX/dailyQuotes)=1|發行股數(MI_QFIIS/dailyQuotes)=1|外資持股(MI_QFIIS,僅上市)=0|自營商(T86/上櫃三大法人)=1|當沖(TWTB4U/上櫃intraday)=0|季財報(MOPS t163sb04)=1|月營收(MOPS/openapi)=1|官方產業別(MOPS t05st03)=1|融資券(MI_MARGN)=0|借券(TWT93U)=0|法人(T86)=1",492,inf,250.0,official_prepanel,16.9,,0.0,0.0,0,1,8.987,8.824,0.817,186.0,0,未扣成本·事後欄位以 m_ 標示·非投資建議
HO,5,2024-08-05,2024-08-06,6199,天品,TPEx,W,,fV300|fH125|fCD,W_atr14@3,22,353,漏網,38,0.059085,,atr14=0.701|n_lu_250=0.949|r20=1.000|c_ma120=0.987|vr20=0.678|days_since_lu=0.001|dt_ratio20=NaN|lend_to_v=NaN|rev_yoy=0.057|o_turn=0.107|o_log_mcap=0.156|o_lu_follow=0.996,"官方日成交結構(MI_INDEX/dailyQuotes)=1|發行股數(MI_QFIIS/dailyQuotes)=1|外資持股(MI_QFIIS,僅上市)=0|自營商(T86/上櫃三大法人)=1|當沖(TWTB4U/上櫃intraday)=0|季財報(MOPS t163sb04)=1|月營收(MOPS/openapi)=1|官方產業別(MOPS t05st03)=1|融資券(MI_MARGN)=0|借券(TWT93U)=0|法人(T86)=1",498,inf,250.0,official_prepanel,180.55,,1.0,3.0,0,1,9.908,44.47,39.401,311.0,1,未扣成本·事後欄位以 m_ 標示·非投資建議
HO,5,2024-08-07,2024-08-08,6754,匯僑設計,TWSE,W,,fV300|fV100,W_atr14@3,267,344,漏網,638,0.019931,,atr14=0.023|n_lu_250=0.182|r20=0.913|c_ma120=0.774|vr20=0.652|days_since_lu=0.684|dt_ratio20=0.005|lend_to_v=0.410|rev_yoy=0.862|o_turn=0.045|o_log_mcap=0.239|o_lu_follow=0.655,"官方日成交結構(MI_INDEX/dailyQuotes)=1|發行股數(MI_QFIIS/dailyQuotes)=1|外資持股(MI_QFIIS,僅上市)=1|自營商(T86/上櫃三大法人)=1|當沖(TWTB4U/上櫃intraday)=1|季財報(MOPS t163sb04)=1|月營收(MOPS/openapi)=1|官方產業別(MOPS t05st03)=1|融資券(MI_MARGN)=1|借券(TWT93U)=1|法人(T86)=1",500,inf,250.0,official_prepanel,75.25,,0.0,0.0,1,0,0.0,20.235,26.979,1118.0,0,未扣成本·事後欄位以 m_ 標示·非投資建議
HO,5,2024-08-08,2024-08-09,2718,全心投控,TPEx,W,,fV300|fV100,W_atr14@3,13,354,漏網,100,0.070118,,atr14=0.786|n_lu_250=0.684|r20=0.864|c_ma120=0.864|vr20=0.898|days_since_lu=0.486|dt_ratio20=NaN|lend_to_v=NaN|rev_yoy=0.006|o_turn=0.131|o_log_mcap=0.503|o_lu_follow=0.975,"官方日成交結構(MI_INDEX/dailyQuotes)=1|發行股數(MI_QFIIS/dailyQuotes)=1|外資持股(MI_QFIIS,僅上市)=0|自營商(T86/上櫃三大法人)=1|當沖(TWTB4U/上櫃intraday)=0|季財報(MOPS t163sb04)=1|月營收(MOPS/openapi)=1|官方產業別(MOPS t05st03)=1|融資券(MI_MARGN)=0|借券(TWT93U)=0|法人(T86)=1",501,inf,250.0,official_prepanel,93.6,,0.0,0.0,1,0,0.0,12.552,-2.929,351.0,0,未扣成本·事後欄位以 m_ 標示·非投資建議
HO,5,2024-08-08,2024-08-09,2924,宏太-KY,TPEx,W,,fV300|fV100|fH125|fN20|fCD,W_atr14@3,24,354,漏網,90,0.061605,,atr14=0.641|n_lu_250=0.738|r20=0.997|c_ma120=NaN|vr20=0.001|days_since_lu=0.179|dt_ratio20=NaN|lend_to_v=0.019|rev_yoy=0.987|o_turn=0.000|o_log_mcap=0.016|o_lu_follow=0.938,"官方日成交結構(MI_INDEX/dailyQuotes)=1|發行股數(MI_QFIIS/dailyQuotes)=1|外資持股(MI_QFIIS,僅上市)=0|自營商(T86/上櫃三大法人)=0|當沖(TWTB4U/上櫃intraday)=0|季財報(MOPS t163sb04)=1|月營收(MOPS/openapi)=1|官方產業別(MOPS t05st03)=1|融資券(MI_MARGN)=1|借券(TWT93U)=1|法人(T86)=0",501,inf,250.0,official_prepanel,25.72,,1.0,3.0,0,1,3.649,16.216,-1.081,23.0,1,未扣成本·事後欄位以 m_ 標示·非投資建議
HO,5,2024-08-14,2024-08-15,3629,地心引力,TPEx,W,,fV300|fV100|fH125|fN20,W_atr14@3,90,380,漏網,1105,0.043237,,atr14=0.343|n_lu_250=0.785|r20=0.322|c_ma120=0.096|vr20=0.926|days_since_lu=0.493|dt_ratio20=NaN|lend_to_v=NaN|rev_yoy=0.003|o_turn=0.009|o_log_mcap=0.001|o_lu_follow=0.909,"官方日成交結構(MI_INDEX/dailyQuotes)=1|發行股數(MI_QFIIS/dailyQuotes)=1|外資持股(MI_QFIIS,僅上市)=0|自營商(T86/上櫃三大法人)=0|當沖(TWTB4U/上櫃intraday)=0|季財報(MOPS t163sb04)=1|月營收(MOPS/openapi)=1|官方產業別(MOPS t05st03)=1|融資券(MI_MARGN)=0|借券(TWT93U)=0|法人(T86)=0",505,inf,250.0,official_prepanel,9.67,,0.0,0.0,0,1,7.359,41.991,31.602,11.0,0,未扣成本·事後欄位以 m_ 標示·非投資建議
HO,5,2024-08-15,2024-08-16,5345,馥鴻,TPEx,W,,fV300|fV100,W_atr14@3,60,376,漏網,74,0.046374,,atr14=0.450|n_lu_250=0.935|r20=0.983|c_ma120=0.996|vr20=0.960|days_since_lu=0.007|dt_ratio20=NaN|lend_to_v=0.018|rev_yoy=0.782|o_turn=0.411|o_log_mcap=0.000|o_lu_follow=1.000,"官方日成交結構(MI_INDEX/dailyQuotes)=1|發行股數(MI_QFIIS/dailyQuotes)=1|外資持股(MI_QFIIS,僅上市)=0|自營商(T86/上櫃三大法人)=1|當沖(TWTB4U/上櫃intraday)=0|季財報(MOPS t163sb04)=1|月營收(MOPS/openapi)=1|官方產業別(MOPS t05st03)=1|融資券(MI_MARGN)=1|借券(TWT93U)=1|法人(T86)=1",506,inf,250.0,official_prepanel,27.65,,0.0,0.0,0,1,1.875,6.094,0.469,106.0,0,未扣成本·事後欄位以 m_ 標示·非投資建議
HO,5,2024-08-15,2024-08-16,8455,大拓-KY,TPEx,W,,fV300|fV100|fH125|fCD,W_atr14@3,5,376,漏網,290,0.084001,,atr14=0.978|n_lu_250=0.966|r20=0.166|c_ma120=NaN|vr20=0.407|days_since_lu=0.136|dt_ratio20=NaN|lend_to_v=NaN|rev_yoy=0.041|o_turn=0.156|o_log_mcap=0.001|o_lu_follow=0.995,"官方日成交結構(MI_INDEX/dailyQuotes)=1|發行股數(MI_QFIIS/dailyQuotes)=1|外資持股(MI_QFIIS,僅上市)=0|自營商(T86/上櫃三大法人)=1|當沖(TWTB4U/上櫃intraday)=0|季財報(MOPS t163sb04)=1|月營收(MOPS/openapi)=1|官方產業別(MOPS t05st03)=1|融資券(MI_MARGN)=0|借券(TWT93U)=0|法人(T86)=1",506,inf,250.0,official_prepanel,66.3,,0.0,0.0,0,1,8.449,24.424,17.819,112.0,0,未扣成本·事後欄位以 m_ 標示·非投資建議
HO,5,2024-08-16,2024-08-19,3288,點晶,TPEx,W,,fV300|fV100,W_atr14@3,60,380,漏網,969,0.045833,,atr14=0.493|n_lu_250=0.966|r20=0.142|c_ma120=0.061|vr20=0.843|days_since_lu=0.240|dt_ratio20=NaN|lend_to_v=0.019|rev_yoy=0.031|o_turn=0.204|o_log_mcap=0.000|o_lu_follow=0.902,"官方日成交結構(MI_INDEX/dailyQuotes)=1|發行股數(MI_QFIIS/dailyQuotes)=1|外資持股(MI_QFIIS,僅上市)=0|自營商(T86/上櫃三大法人)=1|當沖(TWTB4U/上櫃intraday)=0|季財報(MOPS t163sb04)=1|月營收(MOPS/openapi)=1|官方產業別(MOPS t05st03)=1|融資券(MI_MARGN)=1|借券(TWT93U)=1|法人(T86)=1",507,inf,250.0,official_prepanel,25.2,,0.0,0.0,0,1,10.0,9.792,10.417,41.0,0,未扣成本·事後欄位以 m_ 標示·非投資建議
HO,5,2024-08-19,2024-08-20,6906,現觀科,TWSE,W,,fV300|fV100,W_atr14@3,39,383,漏網,1404,0.05114,,atr14=0.683|n_lu_250=0.625|r20=0.165|c_ma120=0.096|vr20=0.956|days_since_lu=0.441|dt_ratio20=0.071|lend_to_v=0.105|rev_yoy=0.335|o_turn=0.550|o_log_mcap=0.230|o_lu_follow=0.115,"官方日成交結構(MI_INDEX/dailyQuotes)=1|發行股數(MI_QFIIS/dailyQuotes)=1|外資持股(MI_QFIIS,僅上市)=1|自營商(T86/上櫃三大法人)=1|當沖(TWTB4U/上櫃intraday)=1|季財報(MOPS t163sb04)=1|月營收(MOPS/openapi)=1|官方產業別(MOPS t05st03)=1|融資券(MI_MARGN)=1|借券(TWT93U)=1|法人(T86)=1",142,142.0,142.0,official,77.95,,0.0,0.0,0,1,9.302,18.217,24.806,302.0,0,未扣成本·事後欄位以 m_ 標示·非投資建議
HO,5,2024-08-20,2024-08-21,4502,健信,TPEx,W,,fV300|fV100|fN20,W_atr14@3,149,396,漏網,1464,0.034925,,atr14=0.209|n_lu_250=0.619|r20=0.255|c_ma120=0.024|vr20=0.940|days_since_lu=0.386|dt_ratio20=NaN|lend_to_v=0.321|rev_yoy=0.136|o_turn=0.055|o_log_mcap=0.028|o_lu_follow=0.994,"官方日成交結構(MI_INDEX/dailyQuotes)=1|發行股數(MI_QFIIS/dailyQuotes)=1|外資持股(MI_QFIIS,僅上市)=0|自營商(T86/上櫃三大法人)=1|當沖(TWTB4U/上櫃intraday)=1|季財報(MOPS t163sb04)=1|月營收(MOPS/openapi)=1|官方產業別(MOPS t05st03)=1|融資券(MI_MARGN)=1|借券(TWT93U)=1|法人(T86)=1",509,inf,250.0,official_prepanel,20.05,,0.0,0.0,0,1,9.962,8.046,3.448,104.0,0,未扣成本·事後欄位以 m_ 標示·非投資建議
HO,5,2024-08-20,2024-08-21,5398,慕康生醫,TPEx,W,,fV300|fV100,W_atr14@3,46,396,漏網,851,0.048445,,atr14=0.616|n_lu_250=0.898|r20=0.171|c_ma120=0.112|vr20=0.070|days_since_lu=0.351|dt_ratio20=NaN|lend_to_v=0.466|rev_yoy=0.492|o_turn=0.032|o_log_mcap=0.001|o_lu_follow=0.883,"官方日成交結構(MI_INDEX/dailyQuotes)=1|發行股數(MI_QFIIS/dailyQuotes)=1|外資持股(MI_QFIIS,僅上市)=0|自營商(T86/上櫃三大法人)=1|當沖(TWTB4U/上櫃intraday)=1|季財報(MOPS t163sb04)=1|月營收(MOPS/openapi)=1|官方產業別(MOPS t05st03)=1|融資券(MI_MARGN)=1|借券(TWT93U)=1|法人(T86)=1",509,inf,250.0,official_prepanel,88.85,,0.0,0.0,0,1,1.754,11.696,1.17,386.0,0,未扣成本·事後欄位以 m_ 標示·非投資建議
HO,5,2024-08-20,2024-08-21,8080,泰霖,TPEx,W,,fV300|fV100,W_atr14@3,47,396,漏網,281,0.048257,,atr14=0.610|n_lu_250=0.975|r20=0.631|c_ma120=0.508|vr20=0.888|days_since_lu=0.166|dt_ratio20=NaN|lend_to_v=0.018|rev_yoy=0.251|o_turn=0.324|o_log_mcap=0.000|o_lu_follow=1.000,"官方日成交結構(MI_INDEX/dailyQuotes)=1|發行股數(MI_QFIIS/dailyQuotes)=1|外資持股(MI_QFIIS,僅上市)=0|自營商(T86/上櫃三大法人)=0|當沖(TWTB4U/上櫃intraday)=0|季財報(MOPS t163sb04)=1|月營收(MOPS/openapi)=1|官方產業別(MOPS t05st03)=1|融資券(MI_MARGN)=1|借券(TWT93U)=1|法人(T86)=0",509,inf,250.0,official_prepanel,40.8,,0.0,0.0,0,1,0.272,45.924,104.348,314.0,0,未扣成本·事後欄位以 m_ 標示·非投資建議
HO,5,2024-08-21,2024-08-22,1776,展宇,TWSE,W,,fV300|fV100,W_atr14@3,310,401,漏網,1171,0.020437,,atr14=0.025|n_lu_250=0.396|r20=0.499|c_ma120=0.514|vr20=0.202|days_since_lu=0.597|dt_ratio20=0.006|lend_to_v=0.513|rev_yoy=0.601|o_turn=0.001|o_log_mcap=0.004|o_lu_follow=0.351,"官方日成交結構(MI_INDEX/dailyQuotes)=1|發行股數(MI_QFIIS/dailyQuotes)=1|外資持股(MI_QFIIS,僅上市)=1|自營商(T86/上櫃三大法人)=1|當沖(TWTB4U/上櫃intraday)=1|季財報(MOPS t163sb04)=1|月營收(MOPS/openapi)=1|官方產業別(MOPS t05st03)=1|融資券(MI_MARGN)=1|借券(TWT93U)=1|法人(T86)=1",510,inf,250.0,official_prepanel,33.25,,0.0,0.0,0,1,10.857,35.429,20.571,1223.0,0,未扣成本·事後欄位以 m_ 標示·非投資建議
HO,5,2024-08-21,2024-08-22,4711,永純,TPEx,W,,fV300|fV100,W_atr14@3,237,401,漏網,1440,0.0272,,atr14=0.084|n_lu_250=0.157|r20=0.502|c_ma120=0.391|vr20=0.143|days_since_lu=0.740|dt_ratio20=NaN|lend_to_v=0.198|rev_yoy=0.199|o_turn=0.005|o_log_mcap=0.003|o_lu_follow=0.675,"官方日成交結構(MI_INDEX/dailyQuotes)=1|發行股數(MI_QFIIS/dailyQuotes)=1|外資持股(MI_QFIIS,僅上市)=0|自營商(T86/上櫃三大法人)=1|當沖(TWTB4U/上櫃intraday)=1|季財報(MOPS t163sb04)=1|月營收(MOPS/openapi)=1|官方產業別(MOPS t05st03)=1|融資券(MI_MARGN)=1|借券(TWT93U)=1|法人(T86)=1",510,inf,250.0,official_prepanel,55.15,,0.0,0.0,0,1,8.232,14.939,12.195,1077.0,0,未扣成本·事後欄位以 m_ 標示·非投資建議
HO,5,2024-08-21,2024-08-22,4741,泓瀚,TPEx,W,,fV300|fV100|fN20,W_atr14@3,234,401,漏網,877,0.027404,,atr14=0.087|n_lu_250=0.157|r20=0.722|c_ma120=0.671|vr20=0.998|days_since_lu=0.743|dt_ratio20=NaN|lend_to_v=0.467|rev_yoy=0.518|o_turn=0.635|o_log_mcap=0.015|o_lu_follow=0.675,"官方日成交結構(MI_INDEX/dailyQuotes)=1|發行股數(MI_QFIIS/dailyQuotes)=1|外資持股(MI_QFIIS,僅上市)=0|自營商(T86/上櫃三大法人)=1|當沖(TWTB4U/上櫃intraday)=1|季財報(MOPS t163sb04)=1|月營收(MOPS/openapi)=1|官方產業別(MOPS t05st03)=1|融資券(MI_MARGN)=1|借券(TWT93U)=1|法人(T86)=1",510,inf,250.0,official_prepanel,34.0,,0.0,0.0,0,1,9.863,34.831,52.31,467.0,0,未扣成本·事後欄位以 m_ 標示·非投資建議
HO,5,2024-08-22,2024-08-23,2424,隴華,TWSE,W,,fV300|fV100|fN20,W_atr14@3,145,391,漏網,240,0.035817,,atr14=0.270|n_lu_250=0.880|r20=0.919|c_ma120=0.715|vr20=0.981|days_since_lu=0.456|dt_ratio20=NaN|lend_to_v=0.017|rev_yoy=0.699|o_turn=0.240|o_log_mcap=0.038|o_lu_follow=0.922,"官方日成交結構(MI_INDEX/dailyQuotes)=1|發行股數(MI_QFIIS/dailyQuotes)=1|外資持股(MI_QFIIS,僅上市)=1|自營商(T86/上櫃三大法人)=1|當沖(TWTB4U/上櫃intraday)=0|季財報(MOPS t163sb04)=1|月營收(MOPS/openapi)=1|官方產業別(MOPS t05st03)=1|融資券(MI_MARGN)=1|借券(TWT93U)=1|法人(T86)=1",511,inf,250.0,official_prepanel,28.53,,0.0,0.0,0,1,8.308,49.538,51.385,283.0,0,未扣成本·事後欄位以 m_ 標示·非投資建議
HO,5,2024-08-22,2024-08-23,5538,東明-KY,TWSE,W,,fV300|fV100,W_atr14@3,132,391,漏網,892,0.036642,,atr14=0.299|n_lu_250=0.157|r20=0.680|c_ma120=0.487|vr20=0.473|days_since_lu=0.901|dt_ratio20=0.411|lend_to_v=0.466|rev_yoy=0.447|o_turn=0.001|o_log_mcap=0.315|o_lu_follow=0.676,"官方日成交結構(MI_INDEX/dailyQuotes)=1|發行股數(MI_QFIIS/dailyQuotes)=1|外資持股(MI_QFIIS,僅上市)=1|自營商(T86/上櫃三大法人)=1|當沖(TWTB4U/上櫃intraday)=1|季財報(MOPS t163sb04)=1|月營收(MOPS/openapi)=1|官方產業別(MOPS t05st03)=1|融資券(MI_MARGN)=1|借券(TWT93U)=1|法人(T86)=1",511,inf,250.0,official_prepanel,42.1,,0.0,0.0,0,1,5.616,11.544,16.693,384.0,0,未扣成本·事後欄位以 m_ 標示·非投資建議
HO,5,2024-08-22,2024-08-23,5704,老爺知,TPEx,W,,fV300|fV100,W_atr14@3,166,391,漏網,1566,0.032161,,atr14=0.174|n_lu_250=0.397|r20=0.309|c_ma120=0.109|vr20=0.303|days_since_lu=0.652|dt_ratio20=NaN|lend_to_v=0.595|rev_yoy=0.093|o_turn=0.005|o_log_mcap=0.020|o_lu_follow=0.353,"官方日成交結構(MI_INDEX/dailyQuotes)=1|發行股數(MI_QFIIS/dailyQuotes)=1|外資持股(MI_QFIIS,僅上市)=0|自營商(T86/上櫃三大法人)=1|當沖(TWTB4U/上櫃intraday)=1|季財報(MOPS t163sb04)=1|月營收(MOPS/openapi)=1|官方產業別(MOPS t05st03)=1|融資券(MI_MARGN)=1|借券(TWT93U)=1|法人(T86)=1",511,inf,250.0,official_prepanel,21.1,,0.0,0.0,0,1,9.949,15.051,8.546,330.0,0,未扣成本·事後欄位以 m_ 標示·非投資建議
HO,5,2024-08-22,2024-08-23,6210,慶生,TPEx,W,,fV300|fV100,W_atr14@3,251,391,漏網,1561,0.024658,,atr14=0.061|n_lu_250=0.397|r20=0.420|c_ma120=0.157|vr20=0.781|days_since_lu=0.559|dt_ratio20=NaN|lend_to_v=0.413|rev_yoy=0.785|o_turn=0.055|o_log_mcap=0.001|o_lu_follow=0.353,"官方日成交結構(MI_INDEX/dailyQuotes)=1|發行股數(MI_QFIIS/dailyQuotes)=1|外資持股(MI_QFIIS,僅上市)=0|自營商(T86/上櫃三大法人)=1|當沖(TWTB4U/上櫃intraday)=1|季財報(MOPS t163sb04)=1|月營收(MOPS/openapi)=1|官方產業別(MOPS t05st03)=1|融資券(MI_MARGN)=1|借券(TWT93U)=1|法人(T86)=1",511,inf,250.0,official_prepanel,20.95,,0.0,0.0,0,1,10.538,15.247,7.848,370.0,0,未扣成本·事後欄位以 m_ 標示·非投資建議
HO,5,2024-08-22,2024-08-23,8426,紅木-KY,TPEx,W,,fV300|fV100,W_atr14@3,135,391,漏網,1433,0.036555,,atr14=0.297|n_lu_250=0.824|r20=0.020|c_ma120=0.008|vr20=0.400|days_since_lu=0.452|dt_ratio20=NaN|lend_to_v=0.850|rev_yoy=0.096|o_turn=0.060|o_log_mcap=0.047|o_lu_follow=0.443,"官方日成交結構(MI_INDEX/dailyQuotes)=1|發行股數(MI_QFIIS/dailyQuotes)=1|外資持股(MI_QFIIS,僅上市)=0|自營商(T86/上櫃三大法人)=1|當沖(TWTB4U/上櫃intraday)=1|季財報(MOPS t163sb04)=1|月營收(MOPS/openapi)=1|官方產業別(MOPS t05st03)=1|融資券(MI_MARGN)=1|借券(TWT93U)=1|法人(T86)=1",511,inf,250.0,official_prepanel,73.05,,0.0,0.0,0,1,9.371,17.756,8.755,266.0,0,未扣成本·事後欄位以 m_ 標示·非投資建議
HO,5,2024-08-27,2024-08-28,5205,中茂,TPEx,W,,fV300|fV100|fH125,W_atr14@3,23,418,漏網,520,0.046597,,atr14=0.823|n_lu_250=0.916|r20=0.003|c_ma120=NaN|vr20=0.000|days_since_lu=0.287|dt_ratio20=NaN|lend_to_v=NaN|rev_yoy=0.882|o_turn=0.001|o_log_mcap=0.000|o_lu_follow=0.986,"官方日成交結構(MI_INDEX/dailyQuotes)=1|發行股數(MI_QFIIS/dailyQuotes)=1|外資持股(MI_QFIIS,僅上市)=0|自營商(T86/上櫃三大法人)=0|當沖(TWTB4U/上櫃intraday)=0|季財報(MOPS t163sb04)=1|月營收(MOPS/openapi)=1|官方產業別(MOPS t05st03)=1|融資券(MI_MARGN)=0|借券(TWT93U)=0|法人(T86)=0",514,inf,250.0,official_prepanel,17.95,,0.0,0.0,0,1,11.517,3.511,3.933,43.0,0,未扣成本·事後欄位以 m_ 標示·非投資建議
HO,5,2024-08-27,2024-08-28,5245,智晶,TPEx,W,,fV300|fV100,W_atr14@3,257,418,漏網,1725,0.017302,,atr14=0.083|n_lu_250=0.158|r20=0.223|c_ma120=0.127|vr20=0.388|days_since_lu=0.805|dt_ratio20=NaN|lend_to_v=0.946|rev_yoy=0.305|o_turn=0.004|o_log_mcap=0.012|o_lu_follow=0.671,"官方日成交結構(MI_INDEX/dailyQuotes)=1|發行股數(MI_QFIIS/dailyQuotes)=1|外資持股(MI_QFIIS,僅上市)=0|自營商(T86/上櫃三大法人)=1|當沖(TWTB4U/上櫃intraday)=1|季財報(MOPS t163sb04)=1|月營收(MOPS/openapi)=1|官方產業別(MOPS t05st03)=1|融資券(MI_MARGN)=1|借券(TWT93U)=1|法人(T86)=1",514,inf,250.0,official_prepanel,27.6,,0.0,0.0,0,1,9.625,35.4,16.639,351.0,0,未扣成本·事後欄位以 m_ 標示·非投資建議
HO,5,2024-08-29,2024-08-30,3577,泓格,TPEx,W,,fV300|fV100,W_atr14@3,170,411,漏網,1012,0.021919,,atr14=0.285|n_lu_250=0.523|r20=0.591|c_ma120=0.127|vr20=0.296|days_since_lu=0.456|dt_ratio20=NaN|lend_to_v=0.800|rev_yoy=0.138|o_turn=0.001|o_log_mcap=0.140|o_lu_follow=0.955,"官方日成交結構(MI_INDEX/dailyQuotes)=1|發行股數(MI_QFIIS/dailyQuotes)=1|外資持股(MI_QFIIS,僅上市)=0|自營商(T86/上櫃三大法人)=1|當沖(TWTB4U/上櫃intraday)=1|季財報(MOPS t163sb04)=1|月營收(MOPS/openapi)=1|官方產業別(MOPS t05st03)=1|融資券(MI_MARGN)=1|借券(TWT93U)=1|法人(T86)=1",516,inf,250.0,official_prepanel,28.05,,0.0,0.0,0,1,5.451,16.541,21.992,212.0,0,未扣成本·事後欄位以 m_ 標示·非投資建議
HO,5,2024-08-29,2024-08-30,4569,六方科-KY,TWSE,W,,fV300|fV100,W_atr14@3,140,411,漏網,467,0.025131,,atr14=0.385|n_lu_250=0.390|r20=0.798|c_ma120=0.685|vr20=0.795|days_since_lu=0.494|dt_ratio20=NaN|lend_to_v=NaN|rev_yoy=0.704|o_turn=0.115|o_log_mcap=0.138|o_lu_follow=0.341,"官方日成交結構(MI_INDEX/dailyQuotes)=1|發行股數(MI_QFIIS/dailyQuotes)=1|外資持股(MI_QFIIS,僅上市)=1|自營商(T86/上櫃三大法人)=1|當沖(TWTB4U/上櫃intraday)=0|季財報(MOPS t163sb04)=1|月營收(MOPS/openapi)=1|官方產業別(MOPS t05st03)=1|融資券(MI_MARGN)=0|借券(TWT93U)=0|法人(T86)=1",265,265.0,250.0,official,31.7,,0.0,0.0,1,0,0.0,45.133,100.0,126.0,0,未扣成本·事後欄位以 m_ 標示·非投資建議
HO,5,2024-08-29,2024-08-30,6114,久威,TPEx,W,,fV300|fV100,W_atr14@3,75,411,漏網,225,0.032331,,atr14=0.577|n_lu_250=0.872|r20=0.640|c_ma120=0.780|vr20=0.345|days_since_lu=0.227|dt_ratio20=NaN|lend_to_v=0.547|rev_yoy=0.027|o_turn=0.124|o_log_mcap=0.016|o_lu_follow=0.006,"官方日成交結構(MI_INDEX/dailyQuotes)=1|發行股數(MI_QFIIS/dailyQuotes)=1|外資持股(MI_QFIIS,僅上市)=0|自營商(T86/上櫃三大法人)=1|當沖(TWTB4U/上櫃intraday)=1|季財報(MOPS t163sb04)=1|月營收(MOPS/openapi)=1|官方產業別(MOPS t05st03)=1|融資券(MI_MARGN)=1|借券(TWT93U)=1|法人(T86)=1",516,inf,250.0,official_prepanel,96.55,,0.0,0.0,0,1,9.76,42.643,17.868,1714.0,0,未扣成本·事後欄位以 m_ 標示·非投資建議
HO,5,2024-09-02,2024-09-03,3523,迎輝,TPEx,W,,fV300|fH125|fN20,W_atr14@3,64,435,漏網,412,0.032885,,atr14=0.592|n_lu_250=0.604|r20=0.513|c_ma120=0.655|vr20=0.996|days_since_lu=0.643|dt_ratio20=NaN|lend_to_v=0.014|rev_yoy=0.030|o_turn=0.765|o_log_mcap=0.009|o_lu_follow=0.890,"官方日成交結構(MI_INDEX/dailyQuotes)=1|發行股數(MI_QFIIS/dailyQuotes)=1|外資持股(MI_QFIIS,僅上市)=0|自營商(T86/上櫃三大法人)=1|當沖(TWTB4U/上櫃intraday)=0|季財報(MOPS t163sb04)=1|月營收(MOPS/openapi)=1|官方產業別(MOPS t05st03)=1|融資券(MI_MARGN)=1|借券(TWT93U)=1|法人(T86)=1",518,inf,250.0,official_prepanel,130.32,,0.0,0.0,0,1,8.911,32.178,41.089,586.0,0,未扣成本·事後欄位以 m_ 標示·非投資建議
HO,5,2024-09-02,2024-09-03,4971,IET-KY,TPEx,W,,fV300|fV100,W_atr14@3,121,435,漏網,844,0.025437,,atr14=0.401|n_lu_250=0.508|r20=0.589|c_ma120=0.151|vr20=0.377|days_since_lu=0.426|dt_ratio20=NaN|lend_to_v=0.899|rev_yoy=0.155|o_turn=0.114|o_log_mcap=0.047|o_lu_follow=0.195,"官方日成交結構(MI_INDEX/dailyQuotes)=1|發行股數(MI_QFIIS/dailyQuotes)=1|外資持股(MI_QFIIS,僅上市)=0|自營商(T86/上櫃三大法人)=1|當沖(TWTB4U/上櫃intraday)=1|季財報(MOPS t163sb04)=1|月營收(MOPS/openapi)=1|官方產業別(MOPS t05st03)=1|融資券(MI_MARGN)=1|借券(TWT93U)=1|法人(T86)=1",518,inf,250.0,official_prepanel,67.4,,0.0,0.0,0,1,10.488,30.199,18.445,412.0,0,未扣成本·事後欄位以 m_ 標示·非投資建議
HO,5,2024-09-02,2024-09-03,8929,富堡,TPEx,W,,fV300|fV100,W_atr14@3,204,435,漏網,890,0.017982,,atr14=0.161|n_lu_250=0.679|r20=0.332|c_ma120=0.377|vr20=0.828|days_since_lu=0.448|dt_ratio20=NaN|lend_to_v=0.528|rev_yoy=0.627|o_turn=0.099|o_log_mcap=0.003|o_lu_follow=0.982,"官方日成交結構(MI_INDEX/dailyQuotes)=1|發行股數(MI_QFIIS/dailyQuotes)=1|外資持股(MI_QFIIS,僅上市)=0|自營商(T86/上櫃三大法人)=1|當沖(TWTB4U/上櫃intraday)=1|季財報(MOPS t163sb04)=1|月營收(MOPS/openapi)=1|官方產業別(MOPS t05st03)=1|融資券(MI_MARGN)=1|借券(TWT93U)=1|法人(T86)=1",518,inf,250.0,official_prepanel,34.9,,0.0,0.0,0,1,8.525,7.143,5.069,268.0,0,未扣成本·事後欄位以 m_ 標示·非投資建議
HO,5,2024-09-03,2024-09-04,6821,聯寶,TPEx,W,,fV300|fV100,W_atr14@3,217,457,漏網,1747,0.017667,,atr14=0.155|n_lu_250=0.148|r20=0.021|c_ma120=0.047|vr20=0.000|days_since_lu=0.733|dt_ratio20=NaN|lend_to_v=0.351|rev_yoy=0.179|o_turn=0.000|o_log_mcap=0.004|o_lu_follow=0.659,"官方日成交結構(MI_INDEX/dailyQuotes)=1|發行股數(MI_QFIIS/dailyQuotes)=1|外資持股(MI_QFIIS,僅上市)=0|自營商(T86/上櫃三大法人)=0|當沖(TWTB4U/上櫃intraday)=1|季財報(MOPS t163sb04)=1|月營收(MOPS/openapi)=1|官方產業別(MOPS t05st03)=1|融資券(MI_MARGN)=1|借券(TWT93U)=1|法人(T86)=0",316,316.0,250.0,official,38.75,,0.0,0.0,0,1,9.863,8.042,9.256,382.0,0,未扣成本·事後欄位以 m_ 標示·非投資建議
HO,5,2024-09-05,2024-09-06,3511,矽瑪,TPEx,W,,fV300|fV100,W_atr14@3,225,464,漏網,763,0.019048,,atr14=0.111|n_lu_250=0.368|r20=0.746|c_ma120=0.516|vr20=0.443|days_since_lu=0.399|dt_ratio20=NaN|lend_to_v=0.898|rev_yoy=0.525|o_turn=0.019|o_log_mcap=0.061|o_lu_follow=0.348,"官方日成交結構(MI_INDEX/dailyQuotes)=1|發行股數(MI_QFIIS/dailyQuotes)=1|外資持股(MI_QFIIS,僅上市)=0|自營商(T86/上櫃三大法人)=1|當沖(TWTB4U/上櫃intraday)=1|季財報(MOPS t163sb04)=1|月營收(MOPS/openapi)=1|官方產業別(MOPS t05st03)=1|融資券(MI_MARGN)=1|借券(TWT93U)=1|法人(T86)=1",521,inf,250.0,official_prepanel,77.25,,0.0,0.0,0,1,8.511,13.54,26.692,592.0,0,未扣成本·事後欄位以 m_ 標示·非投資建議
HO,5,2024-09-06,2024-09-09,6148,驊宏資,TPEx,W,,fV300|fV100,W_atr14@3,84,464,漏網,1202,0.032009,,atr14=0.448|n_lu_250=0.493|r20=0.324|c_ma120=0.046|vr20=0.441|days_since_lu=0.676|dt_ratio20=NaN|lend_to_v=0.805|rev_yoy=0.115|o_turn=0.130|o_log_mcap=0.005|o_lu_follow=0.200,"官方日成交結構(MI_INDEX/dailyQuotes)=1|發行股數(MI_QFIIS/dailyQuotes)=1|外資持股(MI_QFIIS,僅上市)=0|自營商(T86/上櫃三大法人)=1|當沖(TWTB4U/上櫃intraday)=1|季財報(MOPS t163sb04)=1|月營收(MOPS/openapi)=1|官方產業別(MOPS t05st03)=1|融資券(MI_MARGN)=1|借券(TWT93U)=1|法人(T86)=1",522,inf,250.0,official_prepanel,94.4,,0.0,0.0,1,0,0.0,12.249,15.462,469.0,0,未扣成本·事後欄位以 m_ 標示·非投資建議
HO,5,2024-09-09,2024-09-10,6517,保勝光學,TPEx,W,,fV300|fV100,W_atr14@3,121,471,漏網,1135,0.028691,,atr14=0.330|n_lu_250=0.671|r20=0.334|c_ma120=0.079|vr20=0.824|days_since_lu=0.532|dt_ratio20=NaN|lend_to_v=0.725|rev_yoy=0.076|o_turn=0.390|o_log_mcap=0.045|o_lu_follow=0.809,"官方日成交結構(MI_INDEX/dailyQuotes)=1|發行股數(MI_QFIIS/dailyQuotes)=1|外資持股(MI_QFIIS,僅上市)=0|自營商(T86/上櫃三大法人)=1|當沖(TWTB4U/上櫃intraday)=1|季財報(MOPS t163sb04)=1|月營收(MOPS/openapi)=1|官方產業別(MOPS t05st03)=1|融資券(MI_MARGN)=1|借券(TWT93U)=1|法人(T86)=1",417,417.0,250.0,official,76.2,,0.0,0.0,1,0,0.0,20.183,31.498,170.0,0,未扣成本·事後欄位以 m_ 標示·非投資建議
HO,5,2024-09-10,2024-09-11,5438,東友,TPEx,W,,fV300|fV100,W_atr14@3,203,473,漏網,666,0.022437,,atr14=0.138|n_lu_250=0.365|r20=0.807|c_ma120=0.545|vr20=0.496|days_since_lu=0.648|dt_ratio20=NaN|lend_to_v=0.520|rev_yoy=0.083|o_turn=0.002|o_log_mcap=0.062|o_lu_follow=0.352,"官方日成交結構(MI_INDEX/dailyQuotes)=1|發行股數(MI_QFIIS/dailyQuotes)=1|外資持股(MI_QFIIS,僅上市)=0|自營商(T86/上櫃三大法人)=1|當沖(TWTB4U/上櫃intraday)=1|季財報(MOPS t163sb04)=1|月營收(MOPS/openapi)=1|官方產業別(MOPS t05st03)=1|融資券(MI_MARGN)=1|借券(TWT93U)=1|法人(T86)=1",524,inf,250.0,official_prepanel,23.5,,0.0,0.0,0,1,4.098,51.913,42.623,814.0,0,未扣成本·事後欄位以 m_ 標示·非投資建議
HO,5,2024-09-13,2024-09-16,4950,金耘國際,TPEx,W,,fV300|fV100|fVnan|fH125|fN20|fCD,W_atr14@3,460,482,漏網,1760,,,atr14=NaN|n_lu_250=0.860|r20=NaN|c_ma120=NaN|vr20=NaN|days_since_lu=0.007|dt_ratio20=NaN|lend_to_v=NaN|rev_yoy=0.003|o_turn=0.904|o_log_mcap=0.000|o_lu_follow=0.915,"官方日成交結構(MI_INDEX/dailyQuotes)=1|發行股數(MI_QFIIS/dailyQuotes)=1|外資持股(MI_QFIIS,僅上市)=0|自營商(T86/上櫃三大法人)=0|當沖(TWTB4U/上櫃intraday)=0|季財報(MOPS t163sb04)=1|月營收(MOPS/openapi)=1|官方產業別(MOPS t05st03)=1|融資券(MI_MARGN)=0|借券(TWT93U)=0|法人(T86)=0",527,inf,250.0,official_prepanel,,,0.0,2.0,0,1,8.13,10.569,8.13,913.0,1,未扣成本·事後欄位以 m_ 標示·非投資建議
HO,5,2024-09-13,2024-09-16,6174,安碁,TPEx,W,,fV300|fV100,W_atr14@3,266,482,漏網,1691,0.018452,,atr14=0.067|n_lu_250=0.497|r20=0.151|c_ma120=0.074|vr20=0.691|days_since_lu=0.659|dt_ratio20=NaN|lend_to_v=0.878|rev_yoy=0.371|o_turn=0.028|o_log_mcap=0.003|o_lu_follow=0.196,"官方日成交結構(MI_INDEX/dailyQuotes)=1|發行股數(MI_QFIIS/dailyQuotes)=1|外資持股(MI_QFIIS,僅上市)=0|自營商(T86/上櫃三大法人)=1|當沖(TWTB4U/上櫃intraday)=1|季財報(MOPS t163sb04)=1|月營收(MOPS/openapi)=1|官方產業別(MOPS t05st03)=1|融資券(MI_MARGN)=1|借券(TWT93U)=1|法人(T86)=1",527,inf,250.0,official_prepanel,24.95,,0.0,0.0,0,1,5.882,11.497,21.123,104.0,0,未扣成本·事後欄位以 m_ 標示·非投資建議
HO,5,2024-09-16,2024-09-18,3085,,TPEx,W,,fV300|fV100,W_atr14@3,57,480,漏網,174,0.0362,,atr14=0.514|n_lu_250=0.769|r20=0.840|c_ma120=0.691|vr20=0.855|days_since_lu=0.219|dt_ratio20=NaN|lend_to_v=0.015|rev_yoy=0.688|o_turn=0.019|o_log_mcap=0.000|o_lu_follow=0.452,"官方日成交結構(MI_INDEX/dailyQuotes)=1|發行股數(MI_QFIIS/dailyQuotes)=1|外資持股(MI_QFIIS,僅上市)=0|自營商(T86/上櫃三大法人)=0|當沖(TWTB4U/上櫃intraday)=0|季財報(MOPS t163sb04)=1|月營收(MOPS/openapi)=1|官方產業別(MOPS t05st03)=0|融資券(MI_MARGN)=1|借券(TWT93U)=1|法人(T86)=0",528,inf,250.0,official_prepanel,10.0,,0.0,0.0,1,0,0.0,33.127,29.721,81.0,0,未扣成本·事後欄位以 m_ 標示·非投資建議
HO,5,2024-09-18,2024-09-19,5276,達輝-KY,TPEx,W,,fV300|fV100|fH125,W_atr14@3,232,485,漏網,966,0.020408,,atr14=0.094|n_lu_250=0.859|r20=0.365|c_ma120=0.347|vr20=0.845|days_since_lu=0.386|dt_ratio20=NaN|lend_to_v=NaN|rev_yoy=0.553|o_turn=0.057|o_log_mcap=0.000|o_lu_follow=0.973,"官方日成交結構(MI_INDEX/dailyQuotes)=1|發行股數(MI_QFIIS/dailyQuotes)=1|外資持股(MI_QFIIS,僅上市)=0|自營商(T86/上櫃三大法人)=1|當沖(TWTB4U/上櫃intraday)=0|季財報(MOPS t163sb04)=1|月營收(MOPS/openapi)=1|官方產業別(MOPS t05st03)=1|融資券(MI_MARGN)=0|借券(TWT93U)=0|法人(T86)=1",529,inf,250.0,official_prepanel,18.8,,0.0,0.0,0,1,6.625,24.29,15.773,148.0,0,未扣成本·事後欄位以 m_ 標示·非投資建議
HO,5,2024-09-18,2024-09-19,6969,成信實業*-創,TWSE,W,,fV300|fV100|fVnan|fH125|fA60|fN20,W_atr14@3,465,485,漏網,1765,,,atr14=NaN|n_lu_250=0.147|r20=NaN|c_ma120=NaN|vr20=NaN|days_since_lu=0.911|dt_ratio20=NaN|lend_to_v=NaN|rev_yoy=0.559|o_turn=0.848|o_log_mcap=0.022|o_lu_follow=0.657,"官方日成交結構(MI_INDEX/dailyQuotes)=1|發行股數(MI_QFIIS/dailyQuotes)=1|外資持股(MI_QFIIS,僅上市)=1|自營商(T86/上櫃三大法人)=0|當沖(TWTB4U/上櫃intraday)=0|季財報(MOPS t163sb04)=1|月營收(MOPS/openapi)=1|官方產業別(MOPS t05st03)=1|融資券(MI_MARGN)=0|借券(TWT93U)=0|法人(T86)=0",7,7.0,7.0,official,,,0.0,0.0,0,1,6.407,55.528,60.302,875.0,0,未扣成本·事後欄位以 m_ 標示·非投資建議
HO,5,2024-09-19,2024-09-20,6506,雙邦,TPEx,W,,fV300|fV100,W_atr14@3,339,487,漏網,1122,0.014652,,atr14=0.025|n_lu_250=0.148|r20=0.666|c_ma120=0.521|vr20=0.940|days_since_lu=0.911|dt_ratio20=NaN|lend_to_v=0.334|rev_yoy=0.575|o_turn=0.259|o_log_mcap=0.021|o_lu_follow=0.655,"官方日成交結構(MI_INDEX/dailyQuotes)=1|發行股數(MI_QFIIS/dailyQuotes)=1|外資持股(MI_QFIIS,僅上市)=0|自營商(T86/上櫃三大法人)=1|當沖(TWTB4U/上櫃intraday)=1|季財報(MOPS t163sb04)=1|月營收(MOPS/openapi)=1|官方產業別(MOPS t05st03)=1|融資券(MI_MARGN)=1|借券(TWT93U)=1|法人(T86)=1",530,inf,250.0,official_prepanel,76.25,,0.0,0.0,0,1,8.123,8.123,6.443,4537.0,0,未扣成本·事後欄位以 m_ 標示·非投資建議
HO,5,2024-09-20,2024-09-23,4442,竣邦-KY,TPEx,W,,fV300|fV100,W_atr14@3,107,490,漏網,336,0.029238,,atr14=0.292|n_lu_250=0.147|r20=0.773|c_ma120=0.674|vr20=0.045|days_since_lu=0.911|dt_ratio20=NaN|lend_to_v=NaN|rev_yoy=0.827|o_turn=0.003|o_log_mcap=0.001|o_lu_follow=0.656,"官方日成交結構(MI_INDEX/dailyQuotes)=1|發行股數(MI_QFIIS/dailyQuotes)=1|外資持股(MI_QFIIS,僅上市)=0|自營商(T86/上櫃三大法人)=0|當沖(TWTB4U/上櫃intraday)=0|季財報(MOPS t163sb04)=1|月營收(MOPS/openapi)=1|官方產業別(MOPS t05st03)=1|融資券(MI_MARGN)=0|借券(TWT93U)=0|法人(T86)=0",197,197.0,197.0,official,39.3,,0.0,0.0,0,1,7.746,18.662,17.606,214.0,0,未扣成本·事後欄位以 m_ 標示·非投資建議
HO,5,2024-09-26,2024-09-27,1256,鮮活果汁-KY,TWSE,W,,fV300|fV100,W_atr14@3,55,482,漏網,1698,0.035842,,atr14=0.563|n_lu_250=0.144|r20=0.089|c_ma120=0.008|vr20=0.636|days_since_lu=0.808|dt_ratio20=NaN|lend_to_v=0.709|rev_yoy=0.089|o_turn=0.102|o_log_mcap=0.255|o_lu_follow=0.658,"官方日成交結構(MI_INDEX/dailyQuotes)=1|發行股數(MI_QFIIS/dailyQuotes)=1|外資持股(MI_QFIIS,僅上市)=1|自營商(T86/上櫃三大法人)=1|當沖(TWTB4U/上櫃intraday)=1|季財報(MOPS t163sb04)=1|月營收(MOPS/openapi)=1|官方產業別(MOPS t05st03)=1|融資券(MI_MARGN)=1|借券(TWT93U)=1|法人(T86)=1",535,inf,250.0,official_prepanel,41.3,,0.0,0.0,0,1,0.328,15.738,0.656,111.0,0,未扣成本·事後欄位以 m_ 標示·非投資建議
HO,5,2024-09-26,2024-09-27,4198,欣大健康,TPEx,W,,fV300|fV100|fN20,W_atr14@3,46,482,漏網,1024,0.038586,,atr14=0.622|n_lu_250=0.928|r20=0.053|c_ma120=0.004|vr20=0.945|days_since_lu=0.481|dt_ratio20=NaN|lend_to_v=NaN|rev_yoy=0.588|o_turn=0.199|o_log_mcap=0.000|o_lu_follow=0.997,"官方日成交結構(MI_INDEX/dailyQuotes)=1|發行股數(MI_QFIIS/dailyQuotes)=1|外資持股(MI_QFIIS,僅上市)=0|自營商(T86/上櫃三大法人)=1|當沖(TWTB4U/上櫃intraday)=0|季財報(MOPS t163sb04)=1|月營收(MOPS/openapi)=1|官方產業別(MOPS t05st03)=1|融資券(MI_MARGN)=0|借券(TWT93U)=0|法人(T86)=1",535,inf,250.0,official_prepanel,15.89,,0.0,0.0,0,1,8.772,2.871,1.754,95.0,0,未扣成本·事後欄位以 m_ 標示·非投資建議
HO,5,2024-09-26,2024-09-27,8437,大地-KY,TPEx,W,,fV300|fV100,W_atr14@3,213,482,漏網,1339,0.019919,,atr14=0.134|n_lu_250=0.656|r20=0.188|c_ma120=0.266|vr20=0.252|days_since_lu=0.427|dt_ratio20=NaN|lend_to_v=0.533|rev_yoy=0.034|o_turn=0.026|o_log_mcap=0.015|o_lu_follow=0.815,"官方日成交結構(MI_INDEX/dailyQuotes)=1|發行股數(MI_QFIIS/dailyQuotes)=1|外資持股(MI_QFIIS,僅上市)=0|自營商(T86/上櫃三大法人)=1|當沖(TWTB4U/上櫃intraday)=1|季財報(MOPS t163sb04)=1|月營收(MOPS/openapi)=1|官方產業別(MOPS t05st03)=1|融資券(MI_MARGN)=1|借券(TWT93U)=1|法人(T86)=1",535,inf,250.0,official_prepanel,50.8,,0.0,0.0,0,1,7.84,18.293,6.272,315.0,0,未扣成本·事後欄位以 m_ 標示·非投資建議
HO,5,2024-09-30,2024-10-01,2911,麗嬰房,TWSE,W,,fP10|fV300|fH125|fN20|fBP,W_atr14@3,286,468,漏網,562,0.01477,,atr14=0.053|n_lu_250=0.585|r20=NaN|c_ma120=0.915|vr20=NaN|days_since_lu=0.459|dt_ratio20=NaN|lend_to_v=NaN|rev_yoy=0.211|o_turn=0.152|o_log_mcap=0.004|o_lu_follow=0.883,"官方日成交結構(MI_INDEX/dailyQuotes)=1|發行股數(MI_QFIIS/dailyQuotes)=1|外資持股(MI_QFIIS,僅上市)=1|自營商(T86/上櫃三大法人)=0|當沖(TWTB4U/上櫃intraday)=0|季財報(MOPS t163sb04)=1|月營收(MOPS/openapi)=1|官方產業別(MOPS t05st03)=1|融資券(MI_MARGN)=0|借券(TWT93U)=0|法人(T86)=0",537,inf,250.0,official_prepanel,158.67,,0.0,0.0,0,1,5.678,6.73,4.627,961.0,0,未扣成本·事後欄位以 m_ 標示·非投資建議
HO,5,2024-09-30,2024-10-01,5288,豐祥-KY,TWSE,W,,fV300|fV100,W_atr14@3,215,468,漏網,1658,0.01865,,atr14=0.119|n_lu_250=0.144|r20=0.324|c_ma120=0.345|vr20=0.767|days_since_lu=0.914|dt_ratio20=0.022|lend_to_v=0.457|rev_yoy=0.220|o_turn=0.085|o_log_mcap=0.530|o_lu_follow=0.661,"官方日成交結構(MI_INDEX/dailyQuotes)=1|發行股數(MI_QFIIS/dailyQuotes)=1|外資持股(MI_QFIIS,僅上市)=1|自營商(T86/上櫃三大法人)=1|當沖(TWTB4U/上櫃intraday)=1|季財報(MOPS t163sb04)=1|月營收(MOPS/openapi)=1|官方產業別(MOPS t05st03)=1|融資券(MI_MARGN)=1|借券(TWT93U)=1|法人(T86)=1",537,inf,250.0,official_prepanel,62.6,,0.0,0.0,0,1,5.779,7.538,15.829,414.0,0,未扣成本·事後欄位以 m_ 標示·非投資建議
HO,6,2024-10-11,2024-10-14,4924,欣厚-KY,TPEx,W,,fV300|fV100,W_atr14@3,27,482,漏網,952,0.043315,,atr14=0.692|n_lu_250=0.888|r20=0.086|c_ma120=0.030|vr20=0.130|days_since_lu=0.298|dt_ratio20=NaN|lend_to_v=0.016|rev_yoy=0.408|o_turn=0.018|o_log_mcap=0.000|o_lu_follow=0.844,"官方日成交結構(MI_INDEX/dailyQuotes)=1|發行股數(MI_QFIIS/dailyQuotes)=1|外資持股(MI_QFIIS,僅上市)=0|自營商(T86/上櫃三大法人)=1|當沖(TWTB4U/上櫃intraday)=0|季財報(MOPS t163sb04)=1|月營收(MOPS/openapi)=1|官方產業別(MOPS t05st03)=1|融資券(MI_MARGN)=1|借券(TWT93U)=1|法人(T86)=1",543,inf,250.0,official_prepanel,45.75,,0.0,0.0,0,1,5.602,10.364,3.922,63.0,0,未扣成本·事後欄位以 m_ 標示·非投資建議
HO,6,2024-10-11,2024-10-14,6763,綠界科技*,TPEx,W,,fH125|fBP,W_atr14@3,74,482,漏網,1538,0.030842,,atr14=0.413|n_lu_250=0.487|r20=0.118|c_ma120=0.000|vr20=0.182|days_since_lu=0.570|dt_ratio20=NaN|lend_to_v=0.117|rev_yoy=0.367|o_turn=0.336|o_log_mcap=0.403|o_lu_follow=0.194,"官方日成交結構(MI_INDEX/dailyQuotes)=1|發行股數(MI_QFIIS/dailyQuotes)=1|外資持股(MI_QFIIS,僅上市)=0|自營商(T86/上櫃三大法人)=1|當沖(TWTB4U/上櫃intraday)=1|季財報(MOPS t163sb04)=1|月營收(MOPS/openapi)=1|官方產業別(MOPS t05st03)=1|融資券(MI_MARGN)=0|借券(TWT93U)=1|法人(T86)=1",543,inf,250.0,official_prepanel,1195.7,,0.0,0.0,0,1,9.059,55.765,96.235,2339.0,0,未扣成本·事後欄位以 m_ 標示·非投資建議
HO,6,2024-10-17,2024-10-18,6199,天品,TPEx,W,,fV300|fV100,W_atr14@3,51,470,漏網,424,0.034081,,atr14=0.539|n_lu_250=0.952|r20=0.033|c_ma120=0.908|vr20=0.999|days_since_lu=0.397|dt_ratio20=NaN|lend_to_v=0.041|rev_yoy=0.237|o_turn=0.725|o_log_mcap=0.162|o_lu_follow=0.994,"官方日成交結構(MI_INDEX/dailyQuotes)=1|發行股數(MI_QFIIS/dailyQuotes)=1|外資持股(MI_QFIIS,僅上市)=0|自營商(T86/上櫃三大法人)=1|當沖(TWTB4U/上櫃intraday)=1|季財報(MOPS t163sb04)=1|月營收(MOPS/openapi)=1|官方產業別(MOPS t05st03)=1|融資券(MI_MARGN)=0|借券(TWT93U)=1|法人(T86)=1",547,inf,250.0,official_prepanel,53.9,,0.0,0.0,0,1,7.171,38.566,32.946,133.0,0,未扣成本·事後欄位以 m_ 標示·非投資建議
HO,6,2024-10-18,2024-10-21,4558,寶緯,TPEx,W,,fV300|fV100,W_atr14@3,138,481,漏網,749,0.023079,,atr14=0.221|n_lu_250=0.705|r20=0.609|c_ma120=0.224|vr20=0.995|days_since_lu=0.484|dt_ratio20=NaN|lend_to_v=0.527|rev_yoy=0.034|o_turn=0.258|o_log_mcap=0.026|o_lu_follow=0.038,"官方日成交結構(MI_INDEX/dailyQuotes)=1|發行股數(MI_QFIIS/dailyQuotes)=1|外資持股(MI_QFIIS,僅上市)=0|自營商(T86/上櫃三大法人)=1|當沖(TWTB4U/上櫃intraday)=1|季財報(MOPS t163sb04)=1|月營收(MOPS/openapi)=1|官方產業別(MOPS t05st03)=1|融資券(MI_MARGN)=1|借券(TWT93U)=1|法人(T86)=1",548,inf,250.0,official_prepanel,18.15,,0.0,0.0,0,1,8.75,36.786,50.357,710.0,0,未扣成本·事後欄位以 m_ 標示·非投資建議
HO,6,2024-10-18,2024-10-21,6763,綠界科技*,TPEx,W,,fH125|fBP|fCD,W_atr14@3,43,481,漏網,455,0.038951,,atr14=0.645|n_lu_250=0.758|r20=0.991|c_ma120=0.000|vr20=0.996|days_since_lu=0.008|dt_ratio20=NaN|lend_to_v=0.079|rev_yoy=0.503|o_turn=0.981|o_log_mcap=0.526|o_lu_follow=0.984,"官方日成交結構(MI_INDEX/dailyQuotes)=1|發行股數(MI_QFIIS/dailyQuotes)=1|外資持股(MI_QFIIS,僅上市)=0|自營商(T86/上櫃三大法人)=1|當沖(TWTB4U/上櫃intraday)=1|季財報(MOPS t163sb04)=1|月營收(MOPS/openapi)=1|官方產業別(MOPS t05st03)=1|融資券(MI_MARGN)=0|借券(TWT93U)=1|法人(T86)=1",548,inf,250.0,official_prepanel,3872.9,,0.0,2.0,0,1,6.589,22.108,21.083,15608.0,0,未扣成本·事後欄位以 m_ 標示·非投資建議
HO,6,2024-10-21,2024-10-22,3272,東碩,TPEx,W,,fV300|fV100,W_atr14@3,109,474,漏網,760,0.02581,,atr14=0.338|n_lu_250=0.492|r20=0.392|c_ma120=0.488|vr20=0.671|days_since_lu=0.330|dt_ratio20=NaN|lend_to_v=0.892|rev_yoy=0.505|o_turn=0.100|o_log_mcap=0.048|o_lu_follow=0.198,"官方日成交結構(MI_INDEX/dailyQuotes)=1|發行股數(MI_QFIIS/dailyQuotes)=1|外資持股(MI_QFIIS,僅上市)=0|自營商(T86/上櫃三大法人)=1|當沖(TWTB4U/上櫃intraday)=1|季財報(MOPS t163sb04)=1|月營收(MOPS/openapi)=1|官方產業別(MOPS t05st03)=1|融資券(MI_MARGN)=1|借券(TWT93U)=1|法人(T86)=1",549,inf,250.0,official_prepanel,70.7,,0.0,0.0,0,1,5.484,7.742,4.194,1583.0,0,未扣成本·事後欄位以 m_ 標示·非投資建議
HO,6,2024-10-21,2024-10-22,6791,虎門科技,TPEx,W,,fV300|fV100,W_atr14@3,192,474,漏網,568,0.019923,,atr14=0.140|n_lu_250=0.585|r20=0.519|c_ma120=0.712|vr20=0.899|days_since_lu=0.463|dt_ratio20=NaN|lend_to_v=NaN|rev_yoy=0.677|o_turn=0.323|o_log_mcap=0.056|o_lu_follow=0.111,"官方日成交結構(MI_INDEX/dailyQuotes)=1|發行股數(MI_QFIIS/dailyQuotes)=1|外資持股(MI_QFIIS,僅上市)=0|自營商(T86/上櫃三大法人)=1|當沖(TWTB4U/上櫃intraday)=0|季財報(MOPS t163sb04)=1|月營收(MOPS/openapi)=1|官方產業別(MOPS t05st03)=1|融資券(MI_MARGN)=0|借券(TWT93U)=0|法人(T86)=1",466,466.0,250.0,official,27.45,,0.0,0.0,0,1,5.95,53.967,57.098,204.0,0,未扣成本·事後欄位以 m_ 標示·非投資建議
HO,6,2024-10-23,2024-10-24,5345,馥鴻,TPEx,W,,fV300|fV100,W_atr14@3,19,477,漏網,385,0.046788,,atr14=0.835|n_lu_250=0.924|r20=0.045|c_ma120=0.767|vr20=1.000|days_since_lu=0.328|dt_ratio20=NaN|lend_to_v=0.019|rev_yoy=0.067|o_turn=0.749|o_log_mcap=0.005|o_lu_follow=1.000,"官方日成交結構(MI_INDEX/dailyQuotes)=1|發行股數(MI_QFIIS/dailyQuotes)=1|外資持股(MI_QFIIS,僅上市)=0|自營商(T86/上櫃三大法人)=0|當沖(TWTB4U/上櫃intraday)=0|季財報(MOPS t163sb04)=1|月營收(MOPS/openapi)=1|官方產業別(MOPS t05st03)=1|融資券(MI_MARGN)=1|借券(TWT93U)=1|法人(T86)=0",551,inf,250.0,official_prepanel,39.05,,0.0,0.0,0,1,6.981,0.0,8.113,937.0,0,未扣成本·事後欄位以 m_ 標示·非投資建議
HO,6,2024-10-23,2024-10-24,6751,智聯服務,TPEx,W,,fV300|fV100|fN20,W_atr14@3,341,477,漏網,1253,0.011934,,atr14=0.020|n_lu_250=0.579|r20=0.546|c_ma120=0.089|vr20=0.829|days_since_lu=0.534|dt_ratio20=NaN|lend_to_v=NaN|rev_yoy=0.419|o_turn=0.047|o_log_mcap=0.010|o_lu_follow=0.893,"官方日成交結構(MI_INDEX/dailyQuotes)=1|發行股數(MI_QFIIS/dailyQuotes)=1|外資持股(MI_QFIIS,僅上市)=0|自營商(T86/上櫃三大法人)=1|當沖(TWTB4U/上櫃intraday)=0|季財報(MOPS t163sb04)=1|月營收(MOPS/openapi)=1|官方產業別(MOPS t05st03)=1|融資券(MI_MARGN)=0|借券(TWT93U)=0|法人(T86)=1",551,inf,250.0,official_prepanel,12.11,,0.0,0.0,0,1,9.907,9.346,16.449,144.0,0,未扣成本·事後欄位以 m_ 標示·非投資建議
HO,6,2024-10-23,2024-10-24,6865,偉康科技,TPEx,W,,fV300|fV100,W_atr14@3,206,477,漏網,1216,0.018793,,atr14=0.124|n_lu_250=0.579|r20=0.409|c_ma120=0.147|vr20=0.000|days_since_lu=0.505|dt_ratio20=NaN|lend_to_v=NaN|rev_yoy=0.747|o_turn=0.000|o_log_mcap=0.001|o_lu_follow=0.113,"官方日成交結構(MI_INDEX/dailyQuotes)=1|發行股數(MI_QFIIS/dailyQuotes)=1|外資持股(MI_QFIIS,僅上市)=0|自營商(T86/上櫃三大法人)=0|當沖(TWTB4U/上櫃intraday)=0|季財報(MOPS t163sb04)=1|月營收(MOPS/openapi)=1|官方產業別(MOPS t05st03)=1|融資券(MI_MARGN)=0|借券(TWT93U)=0|法人(T86)=0",427,427.0,250.0,official,24.45,,0.0,0.0,0,1,6.455,27.407,26.138,156.0,0,未扣成本·事後欄位以 m_ 標示·非投資建議
HO,6,2024-10-24,2024-10-25,2642,宅配通,TWSE,W,,fV300|fV100,W_atr14@3,419,477,漏網,1525,0.007414,,atr14=0.004|n_lu_250=0.143|r20=0.612|c_ma120=0.301|vr20=0.677|days_since_lu=0.913|dt_ratio20=0.005|lend_to_v=0.873|rev_yoy=0.272|o_turn=0.008|o_log_mcap=0.159|o_lu_follow=0.662,"官方日成交結構(MI_INDEX/dailyQuotes)=1|發行股數(MI_QFIIS/dailyQuotes)=1|外資持股(MI_QFIIS,僅上市)=1|自營商(T86/上櫃三大法人)=1|當沖(TWTB4U/上櫃intraday)=0|季財報(MOPS t163sb04)=1|月營收(MOPS/openapi)=1|官方產業別(MOPS t05st03)=1|融資券(MI_MARGN)=1|借券(TWT93U)=1|法人(T86)=1",552,inf,250.0,official_prepanel,38.15,,0.0,0.0,0,1,10.426,30.837,22.173,454.0,0,未扣成本·事後欄位以 m_ 標示·非投資建議
HO,6,2024-10-24,2024-10-25,4558,寶緯,TPEx,W,,fV300|fCD,W_atr14@3,42,477,漏網,91,0.039147,,atr14=0.689|n_lu_250=0.794|r20=0.969|c_ma120=0.847|vr20=0.919|days_since_lu=0.020|dt_ratio20=NaN|lend_to_v=0.074|rev_yoy=0.032|o_turn=0.674|o_log_mcap=0.041|o_lu_follow=0.421,"官方日成交結構(MI_INDEX/dailyQuotes)=1|發行股數(MI_QFIIS/dailyQuotes)=1|外資持股(MI_QFIIS,僅上市)=0|自營商(T86/上櫃三大法人)=1|當沖(TWTB4U/上櫃intraday)=1|季財報(MOPS t163sb04)=1|月營收(MOPS/openapi)=1|官方產業別(MOPS t05st03)=1|融資券(MI_MARGN)=1|借券(TWT93U)=1|法人(T86)=1",552,inf,250.0,official_prepanel,244.65,,0.0,1.0,0,1,10.057,22.989,31.753,1807.0,0,未扣成本·事後欄位以 m_ 標示·非投資建議
HO,6,2024-10-25,2024-10-28,5227,立凱-KY,TPEx,W,,fV300|fV100|fH125|fBP,W_atr14@3,208,479,漏網,754,0.018715,,atr14=0.144|n_lu_250=0.575|r20=0.590|c_ma120=0.448|vr20=0.950|days_since_lu=0.234|dt_ratio20=NaN|lend_to_v=NaN|rev_yoy=0.126|o_turn=0.422|o_log_mcap=0.085|o_lu_follow=0.114,"官方日成交結構(MI_INDEX/dailyQuotes)=1|發行股數(MI_QFIIS/dailyQuotes)=1|外資持股(MI_QFIIS,僅上市)=0|自營商(T86/上櫃三大法人)=1|當沖(TWTB4U/上櫃intraday)=0|季財報(MOPS t163sb04)=1|月營收(MOPS/openapi)=1|官方產業別(MOPS t05st03)=1|融資券(MI_MARGN)=0|借券(TWT93U)=0|法人(T86)=1",553,inf,250.0,official_prepanel,81.0,,0.0,0.0,0,1,9.898,0.873,17.031,415.0,0,未扣成本·事後欄位以 m_ 標示·非投資建議
HO,6,2024-10-30,2024-11-01,6661,威健生技,TPEx,W,,fV300|fV100,W_atr14@3,143,483,漏網,732,0.0227,,atr14=0.286|n_lu_250=0.889|r20=0.545|c_ma120=0.218|vr20=0.933|days_since_lu=0.376|dt_ratio20=NaN|lend_to_v=NaN|rev_yoy=0.091|o_turn=0.313|o_log_mcap=0.000|o_lu_follow=0.940,"官方日成交結構(MI_INDEX/dailyQuotes)=1|發行股數(MI_QFIIS/dailyQuotes)=1|外資持股(MI_QFIIS,僅上市)=0|自營商(T86/上櫃三大法人)=1|當沖(TWTB4U/上櫃intraday)=0|季財報(MOPS t163sb04)=1|月營收(MOPS/openapi)=1|官方產業別(MOPS t05st03)=1|融資券(MI_MARGN)=0|借券(TWT93U)=0|法人(T86)=1",556,inf,250.0,official_prepanel,28.7,,0.0,0.0,0,1,0.193,-6.178,-4.054,155.0,0,未扣成本·事後欄位以 m_ 標示·非投資建議
HO,6,2024-10-30,2024-11-01,6708,天擎,TPEx,W,,fV300|fV100,W_atr14@3,195,483,漏網,1492,0.019157,,atr14=0.178|n_lu_250=0.491|r20=0.304|c_ma120=0.157|vr20=0.451|days_since_lu=0.546|dt_ratio20=NaN|lend_to_v=NaN|rev_yoy=0.104|o_turn=0.009|o_log_mcap=0.007|o_lu_follow=0.196,"官方日成交結構(MI_INDEX/dailyQuotes)=1|發行股數(MI_QFIIS/dailyQuotes)=1|外資持股(MI_QFIIS,僅上市)=0|自營商(T86/上櫃三大法人)=0|當沖(TWTB4U/上櫃intraday)=0|季財報(MOPS t163sb04)=1|月營收(MOPS/openapi)=1|官方產業別(MOPS t05st03)=1|融資券(MI_MARGN)=0|借券(TWT93U)=0|法人(T86)=0",440,440.0,250.0,official,14.7,,0.0,0.0,0,1,5.563,32.988,9.961,165.0,0,未扣成本·事後欄位以 m_ 標示·非投資建議
HO,6,2024-11-01,2024-11-04,2321,東訊,TWSE,W,,fV300|fV100,W_atr14@3,12,490,漏網,1036,0.052271,,atr14=0.864|n_lu_250=0.497|r20=0.182|c_ma120=0.060|vr20=0.266|days_since_lu=0.591|dt_ratio20=NaN|lend_to_v=0.015|rev_yoy=0.181|o_turn=0.001|o_log_mcap=0.000|o_lu_follow=0.201,"官方日成交結構(MI_INDEX/dailyQuotes)=1|發行股數(MI_QFIIS/dailyQuotes)=1|外資持股(MI_QFIIS,僅上市)=1|自營商(T86/上櫃三大法人)=0|當沖(TWTB4U/上櫃intraday)=0|季財報(MOPS t163sb04)=1|月營收(MOPS/openapi)=1|官方產業別(MOPS t05st03)=1|融資券(MI_MARGN)=1|借券(TWT93U)=1|法人(T86)=0",557,inf,250.0,official_prepanel,9.3,,0.0,0.0,0,1,9.542,30.916,,48.0,0,未扣成本·事後欄位以 m_ 標示·非投資建議
HO,6,2024-11-05,2024-11-06,5301,,TPEx,W,,fP10|fV300|fV100,W_atr14@3,111,505,漏網,1011,0.026775,,atr14=0.387|n_lu_250=0.807|r20=0.313|c_ma120=0.066|vr20=0.730|days_since_lu=0.550|dt_ratio20=NaN|lend_to_v=0.013|rev_yoy=0.030|o_turn=0.001|o_log_mcap=0.010|o_lu_follow=0.009,"官方日成交結構(MI_INDEX/dailyQuotes)=1|發行股數(MI_QFIIS/dailyQuotes)=1|外資持股(MI_QFIIS,僅上市)=0|自營商(T86/上櫃三大法人)=0|當沖(TWTB4U/上櫃intraday)=0|季財報(MOPS t163sb04)=1|月營收(MOPS/openapi)=1|官方產業別(MOPS t05st03)=0|融資券(MI_MARGN)=1|借券(TWT93U)=1|法人(T86)=0",559,inf,250.0,official_prepanel,22.4,,0.0,0.0,0,1,10.048,26.513,13.438,166.0,0,未扣成本·事後欄位以 m_ 標示·非投資建議
HO,6,2024-11-06,2024-11-07,6751,智聯服務,TPEx,W,,fV300|fV100|fN20|fCD,W_atr14@3,31,517,漏網,327,0.043714,,atr14=0.769|n_lu_250=0.707|r20=0.863|c_ma120=0.286|vr20=0.318|days_since_lu=0.054|dt_ratio20=NaN|lend_to_v=NaN|rev_yoy=0.411|o_turn=0.103|o_log_mcap=0.013|o_lu_follow=0.949,"官方日成交結構(MI_INDEX/dailyQuotes)=1|發行股數(MI_QFIIS/dailyQuotes)=1|外資持股(MI_QFIIS,僅上市)=0|自營商(T86/上櫃三大法人)=1|當沖(TWTB4U/上櫃intraday)=0|季財報(MOPS t163sb04)=1|月營收(MOPS/openapi)=1|官方產業別(MOPS t05st03)=1|融資券(MI_MARGN)=0|借券(TWT93U)=0|法人(T86)=1",560,inf,250.0,official_prepanel,45.0,,0.0,0.0,0,1,0.161,-4.18,-6.592,80.0,0,未扣成本·事後欄位以 m_ 標示·非投資建議
HO,6,2024-11-12,2024-11-13,6558,興能高,TWSE,W,,fV300|fV100,W_atr14@3,182,519,漏網,1073,0.022803,,atr14=0.180|n_lu_250=0.698|r20=0.401|c_ma120=0.250|vr20=0.442|days_since_lu=0.637|dt_ratio20=0.065|lend_to_v=0.759|rev_yoy=0.246|o_turn=0.017|o_log_mcap=0.061|o_lu_follow=0.951,"官方日成交結構(MI_INDEX/dailyQuotes)=1|發行股數(MI_QFIIS/dailyQuotes)=1|外資持股(MI_QFIIS,僅上市)=1|自營商(T86/上櫃三大法人)=1|當沖(TWTB4U/上櫃intraday)=1|季財報(MOPS t163sb04)=1|月營收(MOPS/openapi)=1|官方產業別(MOPS t05st03)=1|融資券(MI_MARGN)=1|借券(TWT93U)=1|法人(T86)=1",564,inf,250.0,official_prepanel,85.55,,0.0,0.0,0,1,10.9,48.104,69.431,799.0,0,未扣成本·事後欄位以 m_ 標示·非投資建議
HO,6,2024-11-13,2024-11-14,3085,,TPEx,W,,fV300|fV100|fN20,W_atr14@3,24,512,漏網,236,0.051734,,atr14=0.847|n_lu_250=0.871|r20=0.238|c_ma120=0.937|vr20=0.144|days_since_lu=0.263|dt_ratio20=NaN|lend_to_v=0.013|rev_yoy=0.166|o_turn=0.000|o_log_mcap=0.000|o_lu_follow=0.963,"官方日成交結構(MI_INDEX/dailyQuotes)=1|發行股數(MI_QFIIS/dailyQuotes)=1|外資持股(MI_QFIIS,僅上市)=0|自營商(T86/上櫃三大法人)=0|當沖(TWTB4U/上櫃intraday)=0|季財報(MOPS t163sb04)=1|月營收(MOPS/openapi)=1|官方產業別(MOPS t05st03)=0|融資券(MI_MARGN)=1|借券(TWT93U)=1|法人(T86)=0",565,inf,250.0,official_prepanel,15.56,,0.0,0.0,0,1,1.395,18.372,16.977,54.0,0,未扣成本·事後欄位以 m_ 標示·非投資建議
HO,6,2024-11-18,2024-11-19,3095,及成,TPEx,W,,fV300|fV100,W_atr14@3,5,507,漏網,799,0.071531,,atr14=0.965|n_lu_250=0.961|r20=0.001|c_ma120=0.004|vr20=0.963|days_since_lu=0.342|dt_ratio20=NaN|lend_to_v=0.013|rev_yoy=0.470|o_turn=0.691|o_log_mcap=0.000|o_lu_follow=0.973,"官方日成交結構(MI_INDEX/dailyQuotes)=1|發行股數(MI_QFIIS/dailyQuotes)=1|外資持股(MI_QFIIS,僅上市)=0|自營商(T86/上櫃三大法人)=1|當沖(TWTB4U/上櫃intraday)=0|季財報(MOPS t163sb04)=1|月營收(MOPS/openapi)=1|官方產業別(MOPS t05st03)=1|融資券(MI_MARGN)=1|借券(TWT93U)=1|法人(T86)=1",568,inf,250.0,official_prepanel,36.35,,0.0,0.0,0,1,10.345,19.109,14.943,66.0,0,未扣成本·事後欄位以 m_ 標示·非投資建議
HO,6,2024-11-19,2024-11-20,6228,全譜,TPEx,W,,fV300|fV100,W_atr14@3,15,508,漏網,835,0.056367,,atr14=0.906|n_lu_250=0.963|r20=0.001|c_ma120=0.003|vr20=0.997|days_since_lu=0.407|dt_ratio20=NaN|lend_to_v=0.149|rev_yoy=0.108|o_turn=0.706|o_log_mcap=0.001|o_lu_follow=0.929,"官方日成交結構(MI_INDEX/dailyQuotes)=1|發行股數(MI_QFIIS/dailyQuotes)=1|外資持股(MI_QFIIS,僅上市)=0|自營商(T86/上櫃三大法人)=1|當沖(TWTB4U/上櫃intraday)=1|季財報(MOPS t163sb04)=1|月營收(MOPS/openapi)=1|官方產業別(MOPS t05st03)=1|融資券(MI_MARGN)=1|借券(TWT93U)=1|法人(T86)=1",569,inf,250.0,official_prepanel,38.25,,0.0,0.0,0,1,5.846,3.385,-4.0,183.0,0,未扣成本·事後欄位以 m_ 標示·非投資建議
HO,6,2024-11-19,2024-11-20,8038,長園科,TPEx,W,,fV300|fV100,W_atr14@3,180,508,漏網,977,0.023718,,atr14=0.184|n_lu_250=0.489|r20=0.438|c_ma120=0.478|vr20=0.278|days_since_lu=0.600|dt_ratio20=NaN|lend_to_v=NaN|rev_yoy=0.594|o_turn=0.016|o_log_mcap=0.041|o_lu_follow=0.205,"官方日成交結構(MI_INDEX/dailyQuotes)=1|發行股數(MI_QFIIS/dailyQuotes)=1|外資持股(MI_QFIIS,僅上市)=0|自營商(T86/上櫃三大法人)=1|當沖(TWTB4U/上櫃intraday)=0|季財報(MOPS t163sb04)=1|月營收(MOPS/openapi)=1|官方產業別(MOPS t05st03)=1|融資券(MI_MARGN)=0|借券(TWT93U)=0|法人(T86)=1",569,inf,250.0,official_prepanel,75.0,,0.0,0.0,0,1,4.372,13.661,8.561,656.0,0,未扣成本·事後欄位以 m_ 標示·非投資建議
HO,6,2024-11-21,2024-11-22,8042,金山電,TPEx,W,,fV300|fV100,W_atr14@3,342,513,漏網,1006,0.014962,,atr14=0.048|n_lu_250=0.142|r20=0.740|c_ma120=0.603|vr20=0.514|days_since_lu=0.916|dt_ratio20=NaN|lend_to_v=0.530|rev_yoy=0.458|o_turn=0.002|o_log_mcap=0.231|o_lu_follow=0.659,"官方日成交結構(MI_INDEX/dailyQuotes)=1|發行股數(MI_QFIIS/dailyQuotes)=1|外資持股(MI_QFIIS,僅上市)=0|自營商(T86/上櫃三大法人)=1|當沖(TWTB4U/上櫃intraday)=1|季財報(MOPS t163sb04)=1|月營收(MOPS/openapi)=1|官方產業別(MOPS t05st03)=1|融資券(MI_MARGN)=1|借券(TWT93U)=1|法人(T86)=1",571,inf,250.0,official_prepanel,29.75,,0.0,0.0,0,1,6.537,23.644,58.554,550.0,0,未扣成本·事後欄位以 m_ 標示·非投資建議
HO,6,2024-11-28,2024-11-29,3523,迎輝,TPEx,W,,fV300|fV100,W_atr14@3,12,523,漏網,833,0.069405,,atr14=0.969|n_lu_250=0.826|r20=0.003|c_ma120=0.098|vr20=0.757|days_since_lu=0.195|dt_ratio20=NaN|lend_to_v=0.013|rev_yoy=0.015|o_turn=0.030|o_log_mcap=0.011|o_lu_follow=0.939,"官方日成交結構(MI_INDEX/dailyQuotes)=1|發行股數(MI_QFIIS/dailyQuotes)=1|外資持股(MI_QFIIS,僅上市)=0|自營商(T86/上櫃三大法人)=1|當沖(TWTB4U/上櫃intraday)=0|季財報(MOPS t163sb04)=1|月營收(MOPS/openapi)=1|官方產業別(MOPS t05st03)=1|融資券(MI_MARGN)=1|借券(TWT93U)=1|法人(T86)=1",576,inf,250.0,official_prepanel,37.7,,0.0,0.0,0,1,9.915,21.53,20.68,79.0,0,未扣成本·事後欄位以 m_ 標示·非投資建議
HO,6,2024-11-29,2024-12-02,6542,隆中,TPEx,W,,fV300|fV100|fH125|fN20,W_atr14@3,267,527,漏網,1289,0.018908,,atr14=0.109|n_lu_250=0.364|r20=0.567|c_ma120=0.273|vr20=0.746|days_since_lu=0.495|dt_ratio20=NaN|lend_to_v=0.533|rev_yoy=0.274|o_turn=0.001|o_log_mcap=0.067|o_lu_follow=0.362,"官方日成交結構(MI_INDEX/dailyQuotes)=1|發行股數(MI_QFIIS/dailyQuotes)=1|外資持股(MI_QFIIS,僅上市)=0|自營商(T86/上櫃三大法人)=1|當沖(TWTB4U/上櫃intraday)=1|季財報(MOPS t163sb04)=1|月營收(MOPS/openapi)=1|官方產業別(MOPS t05st03)=1|融資券(MI_MARGN)=1|借券(TWT93U)=1|法人(T86)=1",577,inf,250.0,official_prepanel,5.05,,0.0,0.0,0,1,9.259,28.704,11.296,31.0,0,未扣成本·事後欄位以 m_ 標示·非投資建議
HO,6,2024-12-04,2024-12-05,2468,華經,TWSE,W,,fV300|fV100,W_atr14@3,267,537,漏網,1740,0.01794,,atr14=0.114|n_lu_250=0.144|r20=0.166|c_ma120=0.184|vr20=0.873|days_since_lu=0.723|dt_ratio20=0.020|lend_to_v=0.925|rev_yoy=0.038|o_turn=0.262|o_log_mcap=0.017|o_lu_follow=0.670,"官方日成交結構(MI_INDEX/dailyQuotes)=1|發行股數(MI_QFIIS/dailyQuotes)=1|外資持股(MI_QFIIS,僅上市)=1|自營商(T86/上櫃三大法人)=1|當沖(TWTB4U/上櫃intraday)=1|季財報(MOPS t163sb04)=1|月營收(MOPS/openapi)=1|官方產業別(MOPS t05st03)=1|融資券(MI_MARGN)=1|借券(TWT93U)=1|法人(T86)=1",580,inf,250.0,official_prepanel,90.7,,0.0,0.0,0,1,9.238,28.868,30.254,1102.0,0,未扣成本·事後欄位以 m_ 標示·非投資建議
HO,6,2024-12-04,2024-12-05,2471,資通,TWSE,W,,fV300|fV100,W_atr14@3,285,537,漏網,1522,0.017444,,atr14=0.104|n_lu_250=0.144|r20=0.473|c_ma120=0.314|vr20=0.688|days_since_lu=0.739|dt_ratio20=0.043|lend_to_v=0.807|rev_yoy=0.571|o_turn=0.169|o_log_mcap=0.063|o_lu_follow=0.670,"官方日成交結構(MI_INDEX/dailyQuotes)=1|發行股數(MI_QFIIS/dailyQuotes)=1|外資持股(MI_QFIIS,僅上市)=1|自營商(T86/上櫃三大法人)=1|當沖(TWTB4U/上櫃intraday)=1|季財報(MOPS t163sb04)=1|月營收(MOPS/openapi)=1|官方產業別(MOPS t05st03)=1|融資券(MI_MARGN)=1|借券(TWT93U)=1|法人(T86)=1",580,inf,250.0,official_prepanel,71.9,,0.0,0.0,0,1,9.895,23.789,13.474,878.0,0,未扣成本·事後欄位以 m_ 標示·非投資建議
HO,6,2024-12-09,2024-12-10,3041,揚智,TWSE,W,,fH125|fBP,W_atr14@3,28,545,漏網,196,0.045579,,atr14=0.828|n_lu_250=0.790|r20=0.369|c_ma120=0.952|vr20=0.750|days_since_lu=0.031|dt_ratio20=NaN|lend_to_v=0.132|rev_yoy=0.342|o_turn=0.779|o_log_mcap=0.150|o_lu_follow=0.432,"官方日成交結構(MI_INDEX/dailyQuotes)=1|發行股數(MI_QFIIS/dailyQuotes)=1|外資持股(MI_QFIIS,僅上市)=1|自營商(T86/上櫃三大法人)=1|當沖(TWTB4U/上櫃intraday)=1|季財報(MOPS t163sb04)=1|月營收(MOPS/openapi)=1|官方產業別(MOPS t05st03)=1|融資券(MI_MARGN)=1|借券(TWT93U)=1|法人(T86)=1",583,inf,250.0,official_prepanel,1445.9,,0.0,0.0,0,1,8.636,26.079,29.016,4902.0,0,未扣成本·事後欄位以 m_ 標示·非投資建議
HO,6,2024-12-09,2024-12-10,5278,尚凡*,TPEx,W,,fV300|fV100|fVnan|fH125|fN20|fBP,W_atr14@3,542,545,漏網,1768,,,atr14=NaN|n_lu_250=0.481|r20=0.000|c_ma120=0.000|vr20=NaN|days_since_lu=0.407|dt_ratio20=NaN|lend_to_v=NaN|rev_yoy=0.381|o_turn=0.303|o_log_mcap=0.458|o_lu_follow=0.206,"官方日成交結構(MI_INDEX/dailyQuotes)=1|發行股數(MI_QFIIS/dailyQuotes)=1|外資持股(MI_QFIIS,僅上市)=0|自營商(T86/上櫃三大法人)=0|當沖(TWTB4U/上櫃intraday)=0|季財報(MOPS t163sb04)=1|月營收(MOPS/openapi)=1|官方產業別(MOPS t05st03)=1|融資券(MI_MARGN)=0|借券(TWT93U)=0|法人(T86)=0",583,inf,250.0,official_prepanel,,,0.0,0.0,1,0,0.0,7.124,-4.275,352.0,0,未扣成本·事後欄位以 m_ 標示·非投資建議
HO,6,2024-12-09,2024-12-10,5344,立衛,TPEx,W,,fV300|fV100,W_atr14@3,138,545,漏網,1422,0.025319,,atr14=0.314|n_lu_250=0.355|r20=0.276|c_ma120=0.232|vr20=0.000|days_since_lu=0.316|dt_ratio20=NaN|lend_to_v=0.013|rev_yoy=0.261|o_turn=0.000|o_log_mcap=0.018|o_lu_follow=0.357,"官方日成交結構(MI_INDEX/dailyQuotes)=1|發行股數(MI_QFIIS/dailyQuotes)=1|外資持股(MI_QFIIS,僅上市)=0|自營商(T86/上櫃三大法人)=0|當沖(TWTB4U/上櫃intraday)=0|季財報(MOPS t163sb04)=1|月營收(MOPS/openapi)=1|官方產業別(MOPS t05st03)=1|融資券(MI_MARGN)=1|借券(TWT93U)=1|法人(T86)=0",583,inf,250.0,official_prepanel,41.25,,0.0,0.0,1,0,0.0,-2.362,-1.312,422.0,0,未扣成本·事後欄位以 m_ 標示·非投資建議
HO,6,2024-12-10,2024-12-11,8080,泰霖,TPEx,W,,fV300|fV100,W_atr14@3,60,555,漏網,124,0.036505,,atr14=0.636|n_lu_250=0.994|r20=0.521|c_ma120=0.930|vr20=0.974|days_since_lu=0.404|dt_ratio20=NaN|lend_to_v=0.013|rev_yoy=0.975|o_turn=0.216|o_log_mcap=0.047|o_lu_follow=1.000,"官方日成交結構(MI_INDEX/dailyQuotes)=1|發行股數(MI_QFIIS/dailyQuotes)=1|外資持股(MI_QFIIS,僅上市)=0|自營商(T86/上櫃三大法人)=1|當沖(TWTB4U/上櫃intraday)=0|季財報(MOPS t163sb04)=1|月營收(MOPS/openapi)=1|官方產業別(MOPS t05st03)=1|融資券(MI_MARGN)=1|借券(TWT93U)=1|法人(T86)=1",584,inf,250.0,official_prepanel,30.55,,0.0,0.0,0,1,8.424,20.125,14.821,216.0,0,未扣成本·事後欄位以 m_ 標示·非投資建議
HO,6,2024-12-12,2024-12-13,1213,大飲,TWSE,W,,fV300|fV100,W_atr14@3,291,559,漏網,1134,0.017179,,atr14=0.101|n_lu_250=0.347|r20=0.228|c_ma120=0.727|vr20=0.549|days_since_lu=0.531|dt_ratio20=NaN|lend_to_v=0.014|rev_yoy=0.998|o_turn=0.030|o_log_mcap=0.001|o_lu_follow=0.361,"官方日成交結構(MI_INDEX/dailyQuotes)=1|發行股數(MI_QFIIS/dailyQuotes)=1|外資持股(MI_QFIIS,僅上市)=1|自營商(T86/上櫃三大法人)=0|當沖(TWTB4U/上櫃intraday)=0|季財報(MOPS t163sb04)=1|月營收(MOPS/openapi)=1|官方產業別(MOPS t05st03)=1|融資券(MI_MARGN)=1|借券(TWT93U)=1|法人(T86)=0",586,inf,250.0,official_prepanel,32.5,,0.0,0.0,1,0,0.0,15.769,24.231,317.0,0,未扣成本·事後欄位以 m_ 標示·非投資建議
HO,6,2024-12-13,2024-12-16,3041,揚智,TWSE,W,,fH125|fBP|fCD,W_atr14@3,18,567,漏網,24,0.053249,,atr14=0.886|n_lu_250=0.838|r20=0.960|c_ma120=0.984|vr20=0.898|days_since_lu=0.010|dt_ratio20=0.964|lend_to_v=0.139|rev_yoy=0.343|o_turn=0.965|o_log_mcap=0.194|o_lu_follow=0.524,"官方日成交結構(MI_INDEX/dailyQuotes)=1|發行股數(MI_QFIIS/dailyQuotes)=1|外資持股(MI_QFIIS,僅上市)=1|自營商(T86/上櫃三大法人)=1|當沖(TWTB4U/上櫃intraday)=1|季財報(MOPS t163sb04)=1|月營收(MOPS/openapi)=1|官方產業別(MOPS t05st03)=1|融資券(MI_MARGN)=1|借券(TWT93U)=1|法人(T86)=1",587,inf,250.0,official_prepanel,4591.45,,0.0,1.0,0,1,10.606,13.182,15.0,10042.0,0,未扣成本·事後欄位以 m_ 標示·非投資建議
HO,6,2024-12-13,2024-12-16,8482,商億-KY,TWSE,W,,fV300|fV100|fH125|fN20,W_atr14@3,538,567,漏網,1798,,,atr14=NaN|n_lu_250=0.137|r20=0.751|c_ma120=NaN|vr20=NaN|days_since_lu=0.920|dt_ratio20=NaN|lend_to_v=NaN|rev_yoy=0.531|o_turn=0.000|o_log_mcap=0.351|o_lu_follow=0.674,"官方日成交結構(MI_INDEX/dailyQuotes)=1|發行股數(MI_QFIIS/dailyQuotes)=1|外資持股(MI_QFIIS,僅上市)=1|自營商(T86/上櫃三大法人)=0|當沖(TWTB4U/上櫃intraday)=0|季財報(MOPS t163sb04)=1|月營收(MOPS/openapi)=1|官方產業別(MOPS t05st03)=1|融資券(MI_MARGN)=0|借券(TWT93U)=0|法人(T86)=0",587,inf,250.0,official_prepanel,12.0,,0.0,0.0,0,1,8.411,33.489,40.343,278.0,0,未扣成本·事後欄位以 m_ 標示·非投資建議
HO,6,2024-12-16,2024-12-17,2719,燦星旅,TPEx,W,,fV300|fV100|fN20,W_atr14@3,158,568,漏網,1456,0.026645,,atr14=0.276|n_lu_250=0.705|r20=0.181|c_ma120=0.036|vr20=0.156|days_since_lu=0.461|dt_ratio20=NaN|lend_to_v=0.326|rev_yoy=0.869|o_turn=0.000|o_log_mcap=0.103|o_lu_follow=0.040,"官方日成交結構(MI_INDEX/dailyQuotes)=1|發行股數(MI_QFIIS/dailyQuotes)=1|外資持股(MI_QFIIS,僅上市)=0|自營商(T86/上櫃三大法人)=1|當沖(TWTB4U/上櫃intraday)=1|季財報(MOPS t163sb04)=1|月營收(MOPS/openapi)=1|官方產業別(MOPS t05st03)=1|融資券(MI_MARGN)=1|借券(TWT93U)=1|法人(T86)=1",588,inf,250.0,official_prepanel,15.28,,0.0,0.0,0,1,10.0,26.842,17.5,122.0,0,未扣成本·事後欄位以 m_ 標示·非投資建議
HO,6,2024-12-24,2024-12-25,3630,新鉅科,TPEx,W,,fN20,W_atr14@3,31,575,漏網,648,0.048495,,atr14=0.837|n_lu_250=0.352|r20=0.498|c_ma120=0.351|vr20=0.659|days_since_lu=0.023|dt_ratio20=NaN|lend_to_v=0.494|rev_yoy=0.392|o_turn=0.479|o_log_mcap=0.216|o_lu_follow=0.362,"官方日成交結構(MI_INDEX/dailyQuotes)=1|發行股數(MI_QFIIS/dailyQuotes)=1|外資持股(MI_QFIIS,僅上市)=0|自營商(T86/上櫃三大法人)=1|當沖(TWTB4U/上櫃intraday)=1|季財報(MOPS t163sb04)=1|月營收(MOPS/openapi)=1|官方產業別(MOPS t05st03)=1|融資券(MI_MARGN)=1|借券(TWT93U)=1|法人(T86)=1",594,inf,250.0,official_prepanel,896.05,,0.0,1.0,0,1,9.665,14.99,11.045,22872.0,0,未扣成本·事後欄位以 m_ 標示·非投資建議
HO,6,2024-12-24,2024-12-25,6708,天擎,TPEx,W,,fV300|fV100,W_atr14@3,51,575,漏網,139,0.041067,,atr14=0.709|n_lu_250=0.766|r20=0.715|c_ma120=0.800|vr20=0.808|days_since_lu=0.132|dt_ratio20=NaN|lend_to_v=NaN|rev_yoy=0.381|o_turn=0.197|o_log_mcap=0.015|o_lu_follow=0.917,"官方日成交結構(MI_INDEX/dailyQuotes)=1|發行股數(MI_QFIIS/dailyQuotes)=1|外資持股(MI_QFIIS,僅上市)=0|自營商(T86/上櫃三大法人)=1|當沖(TWTB4U/上櫃intraday)=0|季財報(MOPS t163sb04)=1|月營收(MOPS/openapi)=1|官方產業別(MOPS t05st03)=1|融資券(MI_MARGN)=0|借券(TWT93U)=0|法人(T86)=1",478,478.0,250.0,official,38.45,,0.0,0.0,0,1,5.021,1.175,3.846,123.0,0,未扣成本·事後欄位以 m_ 標示·非投資建議
HO,6,2024-12-25,2024-12-26,3373,熱映,TPEx,W,,fV300|fV100,W_atr14@3,231,566,漏網,1392,0.021884,,atr14=0.178|n_lu_250=0.584|r20=0.226|c_ma120=0.206|vr20=0.985|days_since_lu=0.581|dt_ratio20=NaN|lend_to_v=0.676|rev_yoy=0.296|o_turn=0.599|o_log_mcap=0.000|o_lu_follow=0.118,"官方日成交結構(MI_INDEX/dailyQuotes)=1|發行股數(MI_QFIIS/dailyQuotes)=1|外資持股(MI_QFIIS,僅上市)=0|自營商(T86/上櫃三大法人)=1|當沖(TWTB4U/上櫃intraday)=1|季財報(MOPS t163sb04)=1|月營收(MOPS/openapi)=1|官方產業別(MOPS t05st03)=1|融資券(MI_MARGN)=1|借券(TWT93U)=1|法人(T86)=1",595,inf,250.0,official_prepanel,51.95,,0.0,0.0,0,1,7.434,6.475,33.573,290.0,0,未扣成本·事後欄位以 m_ 標示·非投資建議
HO,6,2024-12-25,2024-12-26,4121,優盛,TPEx,W,,fV300|fV100,W_atr14@3,309,566,漏網,1681,0.018078,,atr14=0.096|n_lu_250=0.140|r20=0.368|c_ma120=0.175|vr20=0.758|days_since_lu=0.730|dt_ratio20=NaN|lend_to_v=0.638|rev_yoy=0.506|o_turn=0.156|o_log_mcap=0.017|o_lu_follow=0.678,"官方日成交結構(MI_INDEX/dailyQuotes)=1|發行股數(MI_QFIIS/dailyQuotes)=1|外資持股(MI_QFIIS,僅上市)=0|自營商(T86/上櫃三大法人)=1|當沖(TWTB4U/上櫃intraday)=1|季財報(MOPS t163sb04)=1|月營收(MOPS/openapi)=1|官方產業別(MOPS t05st03)=1|融資券(MI_MARGN)=1|借券(TWT93U)=1|法人(T86)=1",595,inf,250.0,official_prepanel,91.45,,0.0,0.0,0,1,9.538,5.538,27.385,530.0,0,未扣成本·事後欄位以 m_ 標示·非投資建議
HO,6,2024-12-26,2024-12-27,7556,意德士,TPEx,W,,fV300|fV100,W_atr14@3,164,571,漏網,356,0.026819,,atr14=0.339|n_lu_250=0.481|r20=0.755|c_ma120=0.711|vr20=0.795|days_since_lu=0.090|dt_ratio20=NaN|lend_to_v=NaN|rev_yoy=0.843|o_turn=0.205|o_log_mcap=0.152|o_lu_follow=0.212,"官方日成交結構(MI_INDEX/dailyQuotes)=1|發行股數(MI_QFIIS/dailyQuotes)=1|外資持股(MI_QFIIS,僅上市)=0|自營商(T86/上櫃三大法人)=1|當沖(TWTB4U/上櫃intraday)=0|季財報(MOPS t163sb04)=1|月營收(MOPS/openapi)=1|官方產業別(MOPS t05st03)=1|融資券(MI_MARGN)=0|借券(TWT93U)=0|法人(T86)=1",596,inf,250.0,official_prepanel,30.8,,0.0,0.0,0,1,7.664,16.788,7.299,397.0,0,未扣成本·事後欄位以 m_ 標示·非投資建議
HO,6,2024-12-27,2024-12-30,2491,吉祥全,TWSE,W,,fV300|fV100,W_atr14@3,91,568,漏網,1119,0.032698,,atr14=0.532|n_lu_250=0.481|r20=0.382|c_ma120=0.094|vr20=0.324|days_since_lu=0.342|dt_ratio20=NaN|lend_to_v=0.604|rev_yoy=0.221|o_turn=0.000|o_log_mcap=0.001|o_lu_follow=0.210,"官方日成交結構(MI_INDEX/dailyQuotes)=1|發行股數(MI_QFIIS/dailyQuotes)=1|外資持股(MI_QFIIS,僅上市)=1|自營商(T86/上櫃三大法人)=1|當沖(TWTB4U/上櫃intraday)=0|季財報(MOPS t163sb04)=1|月營收(MOPS/openapi)=1|官方產業別(MOPS t05st03)=1|融資券(MI_MARGN)=1|借券(TWT93U)=1|法人(T86)=1",597,inf,250.0,official_prepanel,23.3,,0.0,0.0,0,1,6.466,23.276,8.621,135.0,0,未扣成本·事後欄位以 m_ 標示·非投資建議
HO,6,2024-12-30,2024-12-31,2924,宏太-KY,TPEx,W,,fV300|fV100|fH125,W_atr14@3,10,566,漏網,517,0.066022,,atr14=0.981|n_lu_250=0.762|r20=0.000|c_ma120=NaN|vr20=0.600|days_since_lu=0.470|dt_ratio20=NaN|lend_to_v=0.011|rev_yoy=0.554|o_turn=0.003|o_log_mcap=0.018|o_lu_follow=0.985,"官方日成交結構(MI_INDEX/dailyQuotes)=1|發行股數(MI_QFIIS/dailyQuotes)=1|外資持股(MI_QFIIS,僅上市)=0|自營商(T86/上櫃三大法人)=0|當沖(TWTB4U/上櫃intraday)=1|季財報(MOPS t163sb04)=1|月營收(MOPS/openapi)=1|官方產業別(MOPS t05st03)=1|融資券(MI_MARGN)=1|借券(TWT93U)=1|法人(T86)=0",598,inf,250.0,official_prepanel,15.4,,0.0,0.0,0,1,5.344,12.023,15.267,26.0,0,未扣成本·事後欄位以 m_ 標示·非投資建議
HO,6,2024-12-31,2025-01-02,6191,精成科,TWSE,W,,fN20,W_atr14@3,145,562,漏網,446,0.026488,,atr14=0.358|n_lu_250=0.486|r20=0.831|c_ma120=0.517|vr20=0.960|days_since_lu=0.013|dt_ratio20=0.706|lend_to_v=0.299|rev_yoy=0.166|o_turn=0.925|o_log_mcap=0.688|o_lu_follow=0.207,"官方日成交結構(MI_INDEX/dailyQuotes)=1|發行股數(MI_QFIIS/dailyQuotes)=1|外資持股(MI_QFIIS,僅上市)=1|自營商(T86/上櫃三大法人)=1|當沖(TWTB4U/上櫃intraday)=1|季財報(MOPS t163sb04)=1|月營收(MOPS/openapi)=1|官方產業別(MOPS t05st03)=1|融資券(MI_MARGN)=1|借券(TWT93U)=1|法人(T86)=1",599,inf,250.0,official_prepanel,5449.68,,0.0,0.0,0,1,9.913,21.217,7.478,19848.0,0,未扣成本·事後欄位以 m_ 標示·非投資建議
