window,fold,date_s,event_day_t,code,name,market,track,sublayer,failing_filters,list_id,rank_in_list,n_pool_day,result,global_rank_combo,score,combo_n_components,pct_key_features,source_has_value_flags,hist_len,age_off,age_cap,listing_src,vol20_s,Qmax_lots,DK_s,at_known5,m_locked_open,m_buyable,m_c1,m_c5,m_c10,m_vol_t,m_disp_t_exec,note
SEL,1,2025-02-20,2025-02-21,3379,彬台,TPEx,R,R_core,fCD,R0_combo@5,2,20,命中,1,0.8875,4.0,atr14=0.987|n_lu_250=0.997|r20=0.986|c_ma120=0.991|vr20=0.248|days_since_lu=0.023|dt_ratio20=NaN|lend_to_v=0.029|rev_yoy=0.983|o_turn=0.991|o_log_mcap=0.061|o_lu_follow=0.970,"官方日成交結構(MI_INDEX/dailyQuotes)=1|發行股數(MI_QFIIS/dailyQuotes)=1|外資持股(MI_QFIIS,僅上市)=0|自營商(T86/上櫃三大法人)=1|當沖(TWTB4U/上櫃intraday)=1|季財報(MOPS t163sb04)=1|月營收(MOPS/openapi)=1|官方產業別(MOPS t05st03)=1|融資券(MI_MARGN)=1|借券(TWT93U)=1|法人(T86)=1",628,inf,250.0,official_prepanel,13414.45,268.0,0.0,1.0,0,1,10.779,18.408,19.569,11623.0,0,未扣成本·事後欄位以 m_ 標示·非投資建議
SEL,1,2025-03-14,2025-03-17,2429,銘旺科,TWSE,R,R_core,fCD,R0_combo@5,1,4,命中,6,0.875,4.0,atr14=0.940|n_lu_250=0.950|r20=0.993|c_ma120=0.993|vr20=0.776|days_since_lu=0.033|dt_ratio20=0.983|lend_to_v=0.042|rev_yoy=0.961|o_turn=0.981|o_log_mcap=0.186|o_lu_follow=0.971,"官方日成交結構(MI_INDEX/dailyQuotes)=1|發行股數(MI_QFIIS/dailyQuotes)=1|外資持股(MI_QFIIS,僅上市)=1|自營商(T86/上櫃三大法人)=1|當沖(TWTB4U/上櫃intraday)=1|季財報(MOPS t163sb04)=1|月營收(MOPS/openapi)=1|官方產業別(MOPS t05st03)=1|融資券(MI_MARGN)=1|借券(TWT93U)=1|法人(T86)=1",643,inf,250.0,official_prepanel,8758.45,175.0,0.0,3.0,0,1,7.879,30.101,29.899,10226.0,0,未扣成本·事後欄位以 m_ 標示·非投資建議
SEL,2,2025-04-22,2025-04-23,5251,天鉞電,TPEx,R,R_core,fCD,R0_combo@5,1,54,命中,3,0.952998,4.0,atr14=0.993|n_lu_250=0.990|r20=1.000|c_ma120=1.000|vr20=0.999|days_since_lu=0.005|dt_ratio20=NaN|lend_to_v=0.024|rev_yoy=0.878|o_turn=1.000|o_log_mcap=0.022|o_lu_follow=0.965,"官方日成交結構(MI_INDEX/dailyQuotes)=1|發行股數(MI_QFIIS/dailyQuotes)=1|外資持股(MI_QFIIS,僅上市)=0|自營商(T86/上櫃三大法人)=1|當沖(TWTB4U/上櫃intraday)=1|季財報(MOPS t163sb04)=1|月營收(MOPS/openapi)=1|官方產業別(MOPS t05st03)=1|融資券(MI_MARGN)=1|借券(TWT93U)=1|法人(T86)=1",668,inf,250.0,official_prepanel,5983.55,119.0,0.0,3.0,0,1,4.717,27.358,17.689,8400.0,0,未扣成本·事後欄位以 m_ 標示·非投資建議
SEL,2,2025-04-23,2025-04-24,6228,全譜,TPEx,R,R_core,fCD,R0_combo@5,1,46,命中,1,0.972343,4.0,atr14=0.996|n_lu_250=0.998|r20=1.000|c_ma120=0.997|vr20=0.019|days_since_lu=0.026|dt_ratio20=NaN|lend_to_v=0.019|rev_yoy=0.957|o_turn=0.802|o_log_mcap=0.009|o_lu_follow=0.999,"官方日成交結構(MI_INDEX/dailyQuotes)=1|發行股數(MI_QFIIS/dailyQuotes)=1|外資持股(MI_QFIIS,僅上市)=0|自營商(T86/上櫃三大法人)=0|當沖(TWTB4U/上櫃intraday)=0|季財報(MOPS t163sb04)=1|月營收(MOPS/openapi)=1|官方產業別(MOPS t05st03)=1|融資券(MI_MARGN)=1|借券(TWT93U)=1|法人(T86)=0",669,inf,250.0,official_prepanel,1212.7,12.0,1.0,3.0,0,1,7.432,10.36,16.667,320.0,1,未扣成本·事後欄位以 m_ 標示·非投資建議
SEL,2,2025-04-24,2025-04-25,3287,廣寰科,TPEx,R,R_core,fCD,R0_combo@5,5,48,命中,6,0.865581,4.0,atr14=0.996|n_lu_250=0.981|r20=0.980|c_ma120=0.963|vr20=0.780|days_since_lu=0.050|dt_ratio20=NaN|lend_to_v=0.025|rev_yoy=0.453|o_turn=0.956|o_log_mcap=0.034|o_lu_follow=0.980,"官方日成交結構(MI_INDEX/dailyQuotes)=1|發行股數(MI_QFIIS/dailyQuotes)=1|外資持股(MI_QFIIS,僅上市)=0|自營商(T86/上櫃三大法人)=1|當沖(TWTB4U/上櫃intraday)=1|季財報(MOPS t163sb04)=1|月營收(MOPS/openapi)=1|官方產業別(MOPS t05st03)=1|融資券(MI_MARGN)=1|借券(TWT93U)=1|法人(T86)=1",670,inf,250.0,official_prepanel,3090.7,61.0,0.0,2.0,0,1,4.604,15.857,3.069,2350.0,0,未扣成本·事後欄位以 m_ 標示·非投資建議
SEL,2,2025-04-28,2025-04-29,4946,辣椒,TPEx,R,R_core,fCD,R0_combo@5,3,39,命中,3,0.92915,4.0,atr14=0.997|n_lu_250=0.995|r20=1.000|c_ma120=1.000|vr20=0.833|days_since_lu=0.058|dt_ratio20=NaN|lend_to_v=NaN|rev_yoy=0.992|o_turn=0.957|o_log_mcap=0.008|o_lu_follow=0.996,"官方日成交結構(MI_INDEX/dailyQuotes)=1|發行股數(MI_QFIIS/dailyQuotes)=1|外資持股(MI_QFIIS,僅上市)=0|自營商(T86/上櫃三大法人)=1|當沖(TWTB4U/上櫃intraday)=0|季財報(MOPS t163sb04)=1|月營收(MOPS/openapi)=1|官方產業別(MOPS t05st03)=1|融資券(MI_MARGN)=0|借券(TWT93U)=0|法人(T86)=1",672,inf,250.0,official_prepanel,326.6,6.0,0.0,2.0,0,1,8.621,54.828,40.0,557.0,0,未扣成本·事後欄位以 m_ 標示·非投資建議
SEL,2,2025-05-19,2025-05-20,4946,辣椒,TPEx,R,R_core,fCD,R0_combo@5,1,26,命中,1,0.923077,4.0,atr14=0.988|n_lu_250=0.997|r20=1.000|c_ma120=1.000|vr20=0.110|days_since_lu=0.134|dt_ratio20=NaN|lend_to_v=NaN|rev_yoy=0.993|o_turn=0.852|o_log_mcap=0.025|o_lu_follow=0.999,"官方日成交結構(MI_INDEX/dailyQuotes)=1|發行股數(MI_QFIIS/dailyQuotes)=1|外資持股(MI_QFIIS,僅上市)=0|自營商(T86/上櫃三大法人)=1|當沖(TWTB4U/上櫃intraday)=0|季財報(MOPS t163sb04)=1|月營收(MOPS/openapi)=1|官方產業別(MOPS t05st03)=1|融資券(MI_MARGN)=0|借券(TWT93U)=0|法人(T86)=1",686,inf,250.0,official_prepanel,421.45,4.0,1.0,0.0,0,1,9.794,22.423,-2.062,433.0,1,未扣成本·事後欄位以 m_ 標示·非投資建議
SEL,2,2025-05-21,2025-05-22,6499,益安,TPEx,R,R_core,fCD,R0_combo@5,3,19,命中,20,0.723684,4.0,atr14=0.835|n_lu_250=0.831|r20=1.000|c_ma120=1.000|vr20=0.808|days_since_lu=0.004|dt_ratio20=NaN|lend_to_v=0.037|rev_yoy=0.925|o_turn=0.917|o_log_mcap=0.421|o_lu_follow=0.945,"官方日成交結構(MI_INDEX/dailyQuotes)=1|發行股數(MI_QFIIS/dailyQuotes)=1|外資持股(MI_QFIIS,僅上市)=0|自營商(T86/上櫃三大法人)=1|當沖(TWTB4U/上櫃intraday)=0|季財報(MOPS t163sb04)=1|月營收(MOPS/openapi)=1|官方產業別(MOPS t05st03)=1|融資券(MI_MARGN)=1|借券(TWT93U)=1|法人(T86)=1",688,inf,250.0,official_prepanel,2502.65,25.0,1.0,5.0,0,1,4.39,17.073,2.439,3459.0,1,未扣成本·事後欄位以 m_ 標示·非投資建議
SEL,2,2025-05-22,2025-05-23,3297,杭特,TPEx,R,R_core,fCD,R0_combo@5,5,22,命中,19,0.613636,4.0,atr14=0.989|n_lu_250=0.996|r20=0.726|c_ma120=0.994|vr20=0.995|days_since_lu=0.007|dt_ratio20=NaN|lend_to_v=0.029|rev_yoy=0.782|o_turn=1.000|o_log_mcap=0.013|o_lu_follow=0.923,"官方日成交結構(MI_INDEX/dailyQuotes)=1|發行股數(MI_QFIIS/dailyQuotes)=1|外資持股(MI_QFIIS,僅上市)=0|自營商(T86/上櫃三大法人)=1|當沖(TWTB4U/上櫃intraday)=1|季財報(MOPS t163sb04)=1|月營收(MOPS/openapi)=1|官方產業別(MOPS t05st03)=1|融資券(MI_MARGN)=1|借券(TWT93U)=1|法人(T86)=1",689,inf,250.0,official_prepanel,5469.45,109.0,0.0,0.0,0,1,10.306,11.421,4.039,13985.0,0,未扣成本·事後欄位以 m_ 標示·非投資建議
SEL,2,2025-05-26,2025-05-27,3219,倚強科,TPEx,R,R_core,fCD,R0_combo@5,5,20,命中,4,0.6375,4.0,atr14=0.989|n_lu_250=0.993|r20=0.963|c_ma120=0.927|vr20=0.654|days_since_lu=0.015|dt_ratio20=NaN|lend_to_v=0.043|rev_yoy=0.924|o_turn=0.876|o_log_mcap=0.142|o_lu_follow=0.973,"官方日成交結構(MI_INDEX/dailyQuotes)=1|發行股數(MI_QFIIS/dailyQuotes)=1|外資持股(MI_QFIIS,僅上市)=0|自營商(T86/上櫃三大法人)=1|當沖(TWTB4U/上櫃intraday)=1|季財報(MOPS t163sb04)=1|月營收(MOPS/openapi)=1|官方產業別(MOPS t05st03)=1|融資券(MI_MARGN)=1|借券(TWT93U)=1|法人(T86)=1",691,inf,250.0,official_prepanel,1727.7,34.0,0.0,0.0,0,1,8.665,21.509,14.373,3757.0,0,未扣成本·事後欄位以 m_ 標示·非投資建議
SEL,2,2025-06-25,2025-06-26,3297,杭特,TPEx,R,R_core,fCD,R0_combo@5,5,19,命中,26,0.684211,4.0,atr14=0.982|n_lu_250=0.995|r20=0.669|c_ma120=0.996|vr20=0.249|days_since_lu=0.035|dt_ratio20=NaN|lend_to_v=0.015|rev_yoy=0.309|o_turn=0.980|o_log_mcap=0.037|o_lu_follow=0.945,"官方日成交結構(MI_INDEX/dailyQuotes)=1|發行股數(MI_QFIIS/dailyQuotes)=1|外資持股(MI_QFIIS,僅上市)=0|自營商(T86/上櫃三大法人)=1|當沖(TWTB4U/上櫃intraday)=1|季財報(MOPS t163sb04)=1|月營收(MOPS/openapi)=1|官方產業別(MOPS t05st03)=1|融資券(MI_MARGN)=1|借券(TWT93U)=1|法人(T86)=1",712,inf,250.0,official_prepanel,8853.85,177.0,0.0,4.0,0,1,8.874,30.087,49.567,8637.0,0,未扣成本·事後欄位以 m_ 標示·非投資建議
SEL,2,2025-06-27,2025-06-30,5475,德宏,TPEx,R,R_core,fCD,R0_combo@5,1,20,命中,12,0.864474,4.0,atr14=1.000|n_lu_250=0.868|r20=0.994|c_ma120=1.000|vr20=0.790|days_since_lu=0.059|dt_ratio20=NaN|lend_to_v=0.006|rev_yoy=0.630|o_turn=0.931|o_log_mcap=0.139|o_lu_follow=0.969,"官方日成交結構(MI_INDEX/dailyQuotes)=1|發行股數(MI_QFIIS/dailyQuotes)=1|外資持股(MI_QFIIS,僅上市)=0|自營商(T86/上櫃三大法人)=1|當沖(TWTB4U/上櫃intraday)=0|季財報(MOPS t163sb04)=1|月營收(MOPS/openapi)=1|官方產業別(MOPS t05st03)=1|融資券(MI_MARGN)=1|借券(TWT93U)=1|法人(T86)=1",714,inf,250.0,official_prepanel,5023.9,100.0,0.0,2.0,0,1,11.73,18.489,19.682,5552.0,0,未扣成本·事後欄位以 m_ 標示·非投資建議
SEL,3,2025-07-16,2025-07-17,3543,州巧,TWSE,R,R_core,fCD,R0_combo@5,5,14,命中,48,0.571429,4.0,atr14=0.954|n_lu_250=0.668|r20=0.985|c_ma120=0.944|vr20=0.760|days_since_lu=0.043|dt_ratio20=0.946|lend_to_v=0.023|rev_yoy=0.433|o_turn=0.911|o_log_mcap=0.069|o_lu_follow=0.833,"官方日成交結構(MI_INDEX/dailyQuotes)=1|發行股數(MI_QFIIS/dailyQuotes)=1|外資持股(MI_QFIIS,僅上市)=1|自營商(T86/上櫃三大法人)=1|當沖(TWTB4U/上櫃intraday)=1|季財報(MOPS t163sb04)=1|月營收(MOPS/openapi)=1|官方產業別(MOPS t05st03)=1|融資券(MI_MARGN)=1|借券(TWT93U)=1|法人(T86)=1",727,inf,250.0,official_prepanel,2715.15,54.0,0.0,4.0,0,1,9.004,15.326,51.149,5410.0,0,未扣成本·事後欄位以 m_ 標示·非投資建議
SEL,3,2025-07-23,2025-07-24,3543,州巧,TWSE,R,R_core,fCD,R0_combo@5,3,11,命中,18,0.670455,4.0,atr14=0.997|n_lu_250=0.781|r20=0.997|c_ma120=0.986|vr20=0.667|days_since_lu=0.016|dt_ratio20=0.976|lend_to_v=0.021|rev_yoy=0.435|o_turn=0.964|o_log_mcap=0.099|o_lu_follow=0.901,"官方日成交結構(MI_INDEX/dailyQuotes)=1|發行股數(MI_QFIIS/dailyQuotes)=1|外資持股(MI_QFIIS,僅上市)=1|自營商(T86/上櫃三大法人)=1|當沖(TWTB4U/上櫃intraday)=1|季財報(MOPS t163sb04)=1|月營收(MOPS/openapi)=1|官方產業別(MOPS t05st03)=1|融資券(MI_MARGN)=1|借券(TWT93U)=1|法人(T86)=1",732,inf,250.0,official_prepanel,6361.75,127.0,0.0,2.0,0,1,9.784,30.846,19.403,13731.0,0,未扣成本·事後欄位以 m_ 標示·非投資建議
SEL,3,2025-08-11,2025-08-12,5498,凱崴,TPEx,R,R_core,fCD,R0_combo@5,1,28,命中,8,0.830357,4.0,atr14=0.984|n_lu_250=0.894|r20=0.996|c_ma120=0.994|vr20=0.586|days_since_lu=0.077|dt_ratio20=NaN|lend_to_v=0.032|rev_yoy=0.664|o_turn=0.985|o_log_mcap=0.164|o_lu_follow=0.936,"官方日成交結構(MI_INDEX/dailyQuotes)=1|發行股數(MI_QFIIS/dailyQuotes)=1|外資持股(MI_QFIIS,僅上市)=0|自營商(T86/上櫃三大法人)=1|當沖(TWTB4U/上櫃intraday)=1|季財報(MOPS t163sb04)=1|月營收(MOPS/openapi)=1|官方產業別(MOPS t05st03)=1|融資券(MI_MARGN)=1|借券(TWT93U)=1|法人(T86)=1",745,inf,250.0,official_prepanel,25248.85,504.0,0.0,1.0,0,1,8.232,34.625,20.339,66891.0,0,未扣成本·事後欄位以 m_ 標示·非投資建議
SEL,3,2025-08-13,2025-08-14,4577,達航科技,TPEx,R,R_core,fCD,R0_combo@5,1,32,命中,3,0.808594,4.0,atr14=0.961|n_lu_250=0.991|r20=0.989|c_ma120=0.955|vr20=0.858|days_since_lu=0.085|dt_ratio20=NaN|lend_to_v=0.037|rev_yoy=0.827|o_turn=0.856|o_log_mcap=0.021|o_lu_follow=0.707,"官方日成交結構(MI_INDEX/dailyQuotes)=1|發行股數(MI_QFIIS/dailyQuotes)=1|外資持股(MI_QFIIS,僅上市)=0|自營商(T86/上櫃三大法人)=1|當沖(TWTB4U/上櫃intraday)=1|季財報(MOPS t163sb04)=1|月營收(MOPS/openapi)=1|官方產業別(MOPS t05st03)=1|融資券(MI_MARGN)=1|借券(TWT93U)=1|法人(T86)=1",747,inf,250.0,official_prepanel,862.05,17.0,0.0,3.0,0,1,3.221,7.515,-1.687,1920.0,0,未扣成本·事後欄位以 m_ 標示·非投資建議
SEL,3,2025-08-14,2025-08-15,1802,台玻,TWSE,R,R_core,fCD,R0_combo@5,4,36,命中,14,0.767361,4.0,atr14=0.959|n_lu_250=0.880|r20=0.998|c_ma120=0.995|vr20=0.893|days_since_lu=0.008|dt_ratio20=0.970|lend_to_v=0.122|rev_yoy=0.586|o_turn=0.967|o_log_mcap=0.874|o_lu_follow=0.866,"官方日成交結構(MI_INDEX/dailyQuotes)=1|發行股數(MI_QFIIS/dailyQuotes)=1|外資持股(MI_QFIIS,僅上市)=1|自營商(T86/上櫃三大法人)=1|當沖(TWTB4U/上櫃intraday)=1|季財報(MOPS t163sb04)=1|月營收(MOPS/openapi)=1|官方產業別(MOPS t05st03)=1|融資券(MI_MARGN)=1|借券(TWT93U)=1|法人(T86)=1",748,inf,250.0,official_prepanel,137966.66,2759.0,0.0,1.0,0,1,8.974,4.808,10.737,236531.0,0,未扣成本·事後欄位以 m_ 標示·非投資建議
SEL,3,2025-09-08,2025-09-09,2429,銘旺科,TWSE,R,R_core,fCD,R0_combo@5,4,44,命中,3,0.806554,4.0,atr14=0.946|n_lu_250=0.980|r20=0.983|c_ma120=0.990|vr20=0.795|days_since_lu=0.059|dt_ratio20=NaN|lend_to_v=0.204|rev_yoy=0.967|o_turn=0.914|o_log_mcap=0.487|o_lu_follow=0.942,"官方日成交結構(MI_INDEX/dailyQuotes)=1|發行股數(MI_QFIIS/dailyQuotes)=1|外資持股(MI_QFIIS,僅上市)=1|自營商(T86/上櫃三大法人)=1|當沖(TWTB4U/上櫃intraday)=0|季財報(MOPS t163sb04)=1|月營收(MOPS/openapi)=1|官方產業別(MOPS t05st03)=1|融資券(MI_MARGN)=1|借券(TWT93U)=1|法人(T86)=1",765,inf,250.0,official_prepanel,2992.85,59.0,0.0,3.0,0,1,6.589,-1.55,3.101,1976.0,0,未扣成本·事後欄位以 m_ 標示·非投資建議
SEL,4,2025-11-04,2025-11-05,6573,虹揚-KY,TWSE,R,R_core,fCD,R0_combo@5,5,38,命中,8,0.779161,4.0,atr14=0.988|n_lu_250=0.960|r20=0.979|c_ma120=0.892|vr20=0.733|days_since_lu=0.025|dt_ratio20=NaN|lend_to_v=0.012|rev_yoy=0.388|o_turn=0.572|o_log_mcap=0.006|o_lu_follow=0.987,"官方日成交結構(MI_INDEX/dailyQuotes)=1|發行股數(MI_QFIIS/dailyQuotes)=1|外資持股(MI_QFIIS,僅上市)=1|自營商(T86/上櫃三大法人)=1|當沖(TWTB4U/上櫃intraday)=0|季財報(MOPS t163sb04)=1|月營收(MOPS/openapi)=1|官方產業別(MOPS t05st03)=1|融資券(MI_MARGN)=1|借券(TWT93U)=1|法人(T86)=1",802,inf,250.0,official_prepanel,502.45,10.0,0.0,3.0,0,1,9.16,27.481,20.611,484.0,0,未扣成本·事後欄位以 m_ 標示·非投資建議
SEL,4,2025-11-19,2025-11-20,8043,蜜望實,TPEx,R,R_core,fCD,R0_combo@5,4,26,命中,8,0.759231,4.0,atr14=0.918|n_lu_250=0.969|r20=0.987|c_ma120=0.999|vr20=0.997|days_since_lu=0.016|dt_ratio20=NaN|lend_to_v=0.029|rev_yoy=0.899|o_turn=1.000|o_log_mcap=0.271|o_lu_follow=0.943,"官方日成交結構(MI_INDEX/dailyQuotes)=1|發行股數(MI_QFIIS/dailyQuotes)=1|外資持股(MI_QFIIS,僅上市)=0|自營商(T86/上櫃三大法人)=1|當沖(TWTB4U/上櫃intraday)=1|季財報(MOPS t163sb04)=1|月營收(MOPS/openapi)=1|官方產業別(MOPS t05st03)=1|融資券(MI_MARGN)=1|借券(TWT93U)=1|法人(T86)=1",813,inf,250.0,official_prepanel,19012.55,380.0,0.0,3.0,1,0,0.0,2.732,16.53,7705.0,0,未扣成本·事後欄位以 m_ 標示·非投資建議
SEL,4,2025-12-24,2025-12-26,5498,凱崴,TPEx,R,R_core,fCD,R0_combo@5,3,26,命中,5,0.788462,4.0,atr14=0.954|n_lu_250=0.987|r20=0.992|c_ma120=0.992|vr20=0.827|days_since_lu=0.023|dt_ratio20=NaN|lend_to_v=0.031|rev_yoy=0.843|o_turn=0.992|o_log_mcap=0.341|o_lu_follow=0.827,"官方日成交結構(MI_INDEX/dailyQuotes)=1|發行股數(MI_QFIIS/dailyQuotes)=1|外資持股(MI_QFIIS,僅上市)=0|自營商(T86/上櫃三大法人)=1|當沖(TWTB4U/上櫃intraday)=1|季財報(MOPS t163sb04)=1|月營收(MOPS/openapi)=1|官方產業別(MOPS t05st03)=1|融資券(MI_MARGN)=1|借券(TWT93U)=1|法人(T86)=1",838,inf,250.0,official_prepanel,37164.75,743.0,0.0,3.0,0,1,8.645,23.832,19.626,56529.0,0,未扣成本·事後欄位以 m_ 標示·非投資建議
HC,1,2026-01-09,2026-01-12,6265,方土昶,TPEx,R,R_core,fCD,R0_combo@5,2,46,命中,2,0.940217,4.0,atr14=0.990|n_lu_250=0.980|r20=0.999|c_ma120=0.999|vr20=0.080|days_since_lu=0.100|dt_ratio20=NaN|lend_to_v=0.031|rev_yoy=0.945|o_turn=0.923|o_log_mcap=0.195|o_lu_follow=0.981,"官方日成交結構(MI_INDEX/dailyQuotes)=1|發行股數(MI_QFIIS/dailyQuotes)=1|外資持股(MI_QFIIS,僅上市)=0|自營商(T86/上櫃三大法人)=1|當沖(TWTB4U/上櫃intraday)=0|季財報(MOPS t163sb04)=1|月營收(MOPS/openapi)=1|官方產業別(MOPS t05st03)=1|融資券(MI_MARGN)=1|借券(TWT93U)=1|法人(T86)=1",848,inf,250.0,official_prepanel,16388.1,163.0,1.0,4.0,1,0,0.0,26.219,27.009,2248.0,1,未扣成本·事後欄位以 m_ 標示·非投資建議
HC,1,2026-01-13,2026-01-14,5498,凱崴,TPEx,R,R_core,fCD,R0_combo@5,2,55,命中,1,0.890909,4.0,atr14=0.949|n_lu_250=0.994|r20=1.000|c_ma120=0.998|vr20=0.011|days_since_lu=0.158|dt_ratio20=NaN|lend_to_v=0.027|rev_yoy=0.847|o_turn=0.868|o_log_mcap=0.432|o_lu_follow=0.895,"官方日成交結構(MI_INDEX/dailyQuotes)=1|發行股數(MI_QFIIS/dailyQuotes)=1|外資持股(MI_QFIIS,僅上市)=0|自營商(T86/上櫃三大法人)=1|當沖(TWTB4U/上櫃intraday)=0|季財報(MOPS t163sb04)=1|月營收(MOPS/openapi)=1|官方產業別(MOPS t05st03)=1|融資券(MI_MARGN)=1|借券(TWT93U)=1|法人(T86)=1",850,inf,250.0,official_prepanel,40190.5,401.0,1.0,0.0,0,1,5.035,19.965,16.84,6934.0,1,未扣成本·事後欄位以 m_ 標示·非投資建議
HC,1,2026-02-10,2026-02-11,5475,德宏,TPEx,R,R_core,fCD,R0_combo@5,2,46,命中,4,0.869565,4.0,atr14=0.907|n_lu_250=0.999|r20=0.999|c_ma120=0.999|vr20=0.783|days_since_lu=0.049|dt_ratio20=NaN|lend_to_v=0.017|rev_yoy=0.882|o_turn=0.919|o_log_mcap=0.646|o_lu_follow=0.992,"官方日成交結構(MI_INDEX/dailyQuotes)=1|發行股數(MI_QFIIS/dailyQuotes)=1|外資持股(MI_QFIIS,僅上市)=0|自營商(T86/上櫃三大法人)=1|當沖(TWTB4U/上櫃intraday)=0|季財報(MOPS t163sb04)=1|月營收(MOPS/openapi)=1|官方產業別(MOPS t05st03)=1|融資券(MI_MARGN)=1|借券(TWT93U)=1|法人(T86)=1",870,inf,250.0,official_prepanel,4521.35,90.0,0.0,1.0,0,1,9.764,43.098,37.71,5534.0,0,未扣成本·事後欄位以 m_ 標示·非投資建議
HC,1,2026-02-11,2026-02-23,3576,聯合再生,TWSE,R,R_core,fCD,R0_combo@5,3,37,命中,7,0.816695,4.0,atr14=0.941|n_lu_250=0.946|r20=0.985|c_ma120=0.998|vr20=0.856|days_since_lu=0.046|dt_ratio20=NaN|lend_to_v=0.019|rev_yoy=0.031|o_turn=0.915|o_log_mcap=0.690|o_lu_follow=0.938,"官方日成交結構(MI_INDEX/dailyQuotes)=1|發行股數(MI_QFIIS/dailyQuotes)=1|外資持股(MI_QFIIS,僅上市)=1|自營商(T86/上櫃三大法人)=1|當沖(TWTB4U/上櫃intraday)=0|季財報(MOPS t163sb04)=1|月營收(MOPS/openapi)=1|官方產業別(MOPS t05st03)=1|融資券(MI_MARGN)=1|借券(TWT93U)=1|法人(T86)=1",871,inf,250.0,official_prepanel,37208.6,744.0,0.0,2.0,0,1,9.901,60.396,33.993,47088.0,0,未扣成本·事後欄位以 m_ 標示·非投資建議
HC,1,2026-03-10,2026-03-11,5475,德宏,TPEx,R,R_core,fCD,R0_combo@5,2,88,命中,1,0.954545,4.0,atr14=0.991|n_lu_250=1.000|r20=1.000|c_ma120=1.000|vr20=0.085|days_since_lu=0.035|dt_ratio20=NaN|lend_to_v=0.017|rev_yoy=0.898|o_turn=0.681|o_log_mcap=0.686|o_lu_follow=0.995,"官方日成交結構(MI_INDEX/dailyQuotes)=1|發行股數(MI_QFIIS/dailyQuotes)=1|外資持股(MI_QFIIS,僅上市)=0|自營商(T86/上櫃三大法人)=1|當沖(TWTB4U/上櫃intraday)=0|季財報(MOPS t163sb04)=1|月營收(MOPS/openapi)=1|官方產業別(MOPS t05st03)=1|融資券(MI_MARGN)=1|借券(TWT93U)=1|法人(T86)=1",882,inf,250.0,official_prepanel,3144.15,31.0,1.0,0.0,0,1,5.789,1.579,1.316,733.0,1,未扣成本·事後欄位以 m_ 標示·非投資建議
HC,1,2026-03-13,2026-03-16,2485,兆赫,TWSE,R,R_core,fCD,R0_combo@5,3,72,命中,7,0.845315,4.0,atr14=0.960|n_lu_250=0.992|r20=0.995|c_ma120=0.999|vr20=0.958|days_since_lu=0.009|dt_ratio20=0.996|lend_to_v=0.044|rev_yoy=0.923|o_turn=1.000|o_log_mcap=0.631|o_lu_follow=0.977,"官方日成交結構(MI_INDEX/dailyQuotes)=1|發行股數(MI_QFIIS/dailyQuotes)=1|外資持股(MI_QFIIS,僅上市)=1|自營商(T86/上櫃三大法人)=1|當沖(TWTB4U/上櫃intraday)=1|季財報(MOPS t163sb04)=1|月營收(MOPS/openapi)=1|官方產業別(MOPS t05st03)=1|融資券(MI_MARGN)=1|借券(TWT93U)=1|法人(T86)=1",885,inf,250.0,official_prepanel,88587.75,1771.0,0.0,1.0,0,1,6.065,14.93,25.039,146217.0,0,未扣成本·事後欄位以 m_ 標示·非投資建議
HC,1,2026-03-13,2026-03-16,5386,青雲,TPEx,R,R_core,fCD,R0_combo@5,4,72,命中,14,0.815092,4.0,atr14=0.941|n_lu_250=0.954|r20=1.000|c_ma120=1.000|vr20=0.038|days_since_lu=0.069|dt_ratio20=NaN|lend_to_v=0.055|rev_yoy=0.989|o_turn=0.886|o_log_mcap=0.470|o_lu_follow=1.000,"官方日成交結構(MI_INDEX/dailyQuotes)=1|發行股數(MI_QFIIS/dailyQuotes)=1|外資持股(MI_QFIIS,僅上市)=0|自營商(T86/上櫃三大法人)=1|當沖(TWTB4U/上櫃intraday)=0|季財報(MOPS t163sb04)=1|月營收(MOPS/openapi)=1|官方產業別(MOPS t05st03)=1|融資券(MI_MARGN)=1|借券(TWT93U)=1|法人(T86)=1",885,inf,250.0,official_prepanel,2870.3,28.0,1.0,4.0,0,1,5.505,21.407,-20.336,609.0,1,未扣成本·事後欄位以 m_ 標示·非投資建議
HC,1,2026-03-16,2026-03-17,6217,中探針,TPEx,R,R_core,fCD,R0_combo@5,5,67,命中,14,0.828302,4.0,atr14=0.895|n_lu_250=0.994|r20=1.000|c_ma120=0.999|vr20=0.763|days_since_lu=0.011|dt_ratio20=NaN|lend_to_v=0.054|rev_yoy=0.859|o_turn=0.978|o_log_mcap=0.585|o_lu_follow=0.940,"官方日成交結構(MI_INDEX/dailyQuotes)=1|發行股數(MI_QFIIS/dailyQuotes)=1|外資持股(MI_QFIIS,僅上市)=0|自營商(T86/上櫃三大法人)=1|當沖(TWTB4U/上櫃intraday)=0|季財報(MOPS t163sb04)=1|月營收(MOPS/openapi)=1|官方產業別(MOPS t05st03)=1|融資券(MI_MARGN)=1|借券(TWT93U)=1|法人(T86)=1",886,inf,250.0,official_prepanel,8491.15,84.0,1.0,2.0,0,1,8.571,22.143,29.643,17954.0,0,未扣成本·事後欄位以 m_ 標示·非投資建議
HC,2,2026-04-28,2026-04-29,3581,博磊,TPEx,R,R_core,fCD,R0_combo@5,1,103,命中,1,0.937809,4.0,atr14=0.978|n_lu_250=0.996|r20=1.000|c_ma120=0.988|vr20=0.219|days_since_lu=0.068|dt_ratio20=NaN|lend_to_v=0.152|rev_yoy=0.793|o_turn=0.725|o_log_mcap=0.354|o_lu_follow=0.964,"官方日成交結構(MI_INDEX/dailyQuotes)=1|發行股數(MI_QFIIS/dailyQuotes)=1|外資持股(MI_QFIIS,僅上市)=0|自營商(T86/上櫃三大法人)=1|當沖(TWTB4U/上櫃intraday)=0|季財報(MOPS t163sb04)=1|月營收(MOPS/openapi)=1|官方產業別(MOPS t05st03)=1|融資券(MI_MARGN)=1|借券(TWT93U)=1|法人(T86)=1",915,inf,250.0,official_prepanel,1363.15,13.0,1.0,4.0,0,1,9.732,57.047,51.007,543.0,1,未扣成本·事後欄位以 m_ 標示·非投資建議
HC,2,2026-04-30,2026-05-04,2426,鼎元,TWSE,R,R_core,fCD,R0_combo@5,5,107,命中,14,0.836834,4.0,atr14=0.952|n_lu_250=0.928|r20=0.988|c_ma120=0.993|vr20=0.974|days_since_lu=0.012|dt_ratio20=NaN|lend_to_v=0.233|rev_yoy=0.131|o_turn=0.997|o_log_mcap=0.597|o_lu_follow=0.994,"官方日成交結構(MI_INDEX/dailyQuotes)=1|發行股數(MI_QFIIS/dailyQuotes)=1|外資持股(MI_QFIIS,僅上市)=1|自營商(T86/上櫃三大法人)=1|當沖(TWTB4U/上櫃intraday)=1|季財報(MOPS t163sb04)=1|月營收(MOPS/openapi)=1|官方產業別(MOPS t05st03)=1|融資券(MI_MARGN)=1|借券(TWT93U)=1|法人(T86)=1",917,inf,250.0,official_prepanel,19519.4,390.0,0.0,0.0,0,1,6.961,14.601,5.093,25246.0,0,未扣成本·事後欄位以 m_ 標示·非投資建議
HC,2,2026-05-20,2026-05-21,6173,信昌電,TPEx,R,R_core,fCD,R0_combo@5,3,85,命中,15,0.845925,4.0,atr14=0.901|n_lu_250=0.925|r20=0.999|c_ma120=0.994|vr20=0.368|days_since_lu=0.105|dt_ratio20=NaN|lend_to_v=0.121|rev_yoy=0.619|o_turn=0.802|o_log_mcap=0.706|o_lu_follow=0.922,"官方日成交結構(MI_INDEX/dailyQuotes)=1|發行股數(MI_QFIIS/dailyQuotes)=1|外資持股(MI_QFIIS,僅上市)=0|自營商(T86/上櫃三大法人)=1|當沖(TWTB4U/上櫃intraday)=0|季財報(MOPS t163sb04)=1|月營收(MOPS/openapi)=1|官方產業別(MOPS t05st03)=1|融資券(MI_MARGN)=1|借券(TWT93U)=1|法人(T86)=1",930,inf,250.0,official_prepanel,6913.8,69.0,1.0,4.0,0,1,1.156,30.636,33.237,1065.0,1,未扣成本·事後欄位以 m_ 標示·非投資建議
HC,2,2026-05-21,2026-05-22,6658,聯策,TWSE,R,R_core,fCD,R0_combo@5,1,70,命中,6,0.905777,4.0,atr14=0.957|n_lu_250=0.921|r20=0.998|c_ma120=0.998|vr20=0.552|days_since_lu=0.102|dt_ratio20=NaN|lend_to_v=0.078|rev_yoy=0.091|o_turn=0.923|o_log_mcap=0.323|o_lu_follow=0.982,"官方日成交結構(MI_INDEX/dailyQuotes)=1|發行股數(MI_QFIIS/dailyQuotes)=1|外資持股(MI_QFIIS,僅上市)=1|自營商(T86/上櫃三大法人)=1|當沖(TWTB4U/上櫃intraday)=1|季財報(MOPS t163sb04)=1|月營收(MOPS/openapi)=1|官方產業別(MOPS t05st03)=1|融資券(MI_MARGN)=1|借券(TWT93U)=1|法人(T86)=1",616,616.0,250.0,official,2217.0,44.0,0.0,1.0,0,1,8.427,21.629,14.045,1381.0,0,未扣成本·事後欄位以 m_ 標示·非投資建議
HC,2,2026-06-12,2026-06-15,6207,雷科,TPEx,R,R_core,fCD,R0_combo@5,3,91,命中,6,0.917094,4.0,atr14=0.973|n_lu_250=0.917|r20=0.992|c_ma120=0.990|vr20=0.642|days_since_lu=0.027|dt_ratio20=NaN|lend_to_v=0.052|rev_yoy=0.675|o_turn=0.997|o_log_mcap=0.466|o_lu_follow=0.545,"官方日成交結構(MI_INDEX/dailyQuotes)=1|發行股數(MI_QFIIS/dailyQuotes)=1|外資持股(MI_QFIIS,僅上市)=0|自營商(T86/上櫃三大法人)=1|當沖(TWTB4U/上櫃intraday)=1|季財報(MOPS t163sb04)=1|月營收(MOPS/openapi)=1|官方產業別(MOPS t05st03)=1|融資券(MI_MARGN)=1|借券(TWT93U)=1|法人(T86)=1",947,inf,250.0,official_prepanel,23014.85,460.0,0.0,2.0,0,1,3.817,26.336,1.908,7628.0,0,未扣成本·事後欄位以 m_ 標示·非投資建議
HC,2,2026-06-29,2026-06-30,5328,華容,TPEx,R,R_core,fCD,R0_combo@5,4,101,命中,3,0.846335,4.0,atr14=0.942|n_lu_250=0.987|r20=0.996|c_ma120=0.998|vr20=0.970|days_since_lu=0.001|dt_ratio20=NaN|lend_to_v=0.049|rev_yoy=0.613|o_turn=1.000|o_log_mcap=0.503|o_lu_follow=0.909,"官方日成交結構(MI_INDEX/dailyQuotes)=1|發行股數(MI_QFIIS/dailyQuotes)=1|外資持股(MI_QFIIS,僅上市)=0|自營商(T86/上櫃三大法人)=1|當沖(TWTB4U/上櫃intraday)=1|季財報(MOPS t163sb04)=1|月營收(MOPS/openapi)=1|官方產業別(MOPS t05st03)=1|融資券(MI_MARGN)=1|借券(TWT93U)=1|法人(T86)=1",957,inf,250.0,official_prepanel,40604.65,812.0,0.0,2.0,0,1,6.757,21.021,-3.904,29986.0,0,未扣成本·事後欄位以 m_ 標示·非投資建議
HC,3,2026-07-09,2026-07-13,3532,台勝科,TWSE,R,R_core,fCD,R0_combo@5,5,61,命中,5,0.805328,4.0,atr14=0.900|n_lu_250=0.991|r20=0.991|c_ma120=0.995|vr20=0.962|days_since_lu=0.137|dt_ratio20=NaN|lend_to_v=0.304|rev_yoy=0.603|o_turn=0.873|o_log_mcap=0.907|o_lu_follow=0.972,"官方日成交結構(MI_INDEX/dailyQuotes)=1|發行股數(MI_QFIIS/dailyQuotes)=1|外資持股(MI_QFIIS,僅上市)=1|自營商(T86/上櫃三大法人)=1|當沖(TWTB4U/上櫃intraday)=1|季財報(MOPS t163sb04)=1|月營收(MOPS/openapi)=1|官方產業別(MOPS t05st03)=1|融資券(MI_MARGN)=1|借券(TWT93U)=1|法人(T86)=1",965,inf,250.0,official_prepanel,4573.6,91.0,0.0,1.0,1,0,0.0,-8.719,-18.299,1362.0,0,未扣成本·事後欄位以 m_ 標示·非投資建議
HC,3,2026-07-30,2026-07-31,8039,台虹,TWSE,R,R_core,fCD,R0_combo@5,1,30,命中,2,0.758333,4.0,atr14=0.957|n_lu_250=0.960|r20=0.958|c_ma120=0.956|vr20=0.903|days_since_lu=0.015|dt_ratio20=0.994|lend_to_v=0.105|rev_yoy=0.155|o_turn=0.994|o_log_mcap=0.781|o_lu_follow=0.899,"官方日成交結構(MI_INDEX/dailyQuotes)=1|發行股數(MI_QFIIS/dailyQuotes)=1|外資持股(MI_QFIIS,僅上市)=1|自營商(T86/上櫃三大法人)=1|當沖(TWTB4U/上櫃intraday)=1|季財報(MOPS t163sb04)=1|月營收(MOPS/openapi)=1|官方產業別(MOPS t05st03)=1|融資券(MI_MARGN)=1|借券(TWT93U)=1|法人(T86)=1",979,inf,250.0,official_prepanel,26122.95,522.0,0.0,1.0,0,1,1.462,26.316,45.906,32335.0,0,未扣成本·事後欄位以 m_ 標示·非投資建議
HC,3,2026-08-24,2026-08-25,2426,鼎元,TWSE,R,R_core,fCD,R0_combo@5,2,33,命中,7,0.748534,4.0,atr14=0.923|n_lu_250=0.976|r20=0.979|c_ma120=0.976|vr20=0.984|days_since_lu=0.005|dt_ratio20=0.914|lend_to_v=0.286|rev_yoy=0.623|o_turn=0.999|o_log_mcap=0.654|o_lu_follow=0.984,"官方日成交結構(MI_INDEX/dailyQuotes)=1|發行股數(MI_QFIIS/dailyQuotes)=1|外資持股(MI_QFIIS,僅上市)=1|自營商(T86/上櫃三大法人)=1|當沖(TWTB4U/上櫃intraday)=1|季財報(MOPS t163sb04)=1|月營收(MOPS/openapi)=1|官方產業別(MOPS t05st03)=1|融資券(MI_MARGN)=1|借券(TWT93U)=1|法人(T86)=1",996,inf,250.0,official_prepanel,18612.75,372.0,0.0,0.0,0,1,10.462,18.978,20.56,60849.0,0,未扣成本·事後欄位以 m_ 標示·非投資建議
HC,3,2026-08-25,2026-08-26,3441,聯一光,TPEx,R,R_core,fCD,R0_combo@5,3,31,命中,9,0.701891,4.0,atr14=0.944|n_lu_250=0.912|r20=0.983|c_ma120=0.999|vr20=0.886|days_since_lu=0.011|dt_ratio20=NaN|lend_to_v=0.028|rev_yoy=0.339|o_turn=1.000|o_log_mcap=0.191|o_lu_follow=0.806,"官方日成交結構(MI_INDEX/dailyQuotes)=1|發行股數(MI_QFIIS/dailyQuotes)=1|外資持股(MI_QFIIS,僅上市)=0|自營商(T86/上櫃三大法人)=1|當沖(TWTB4U/上櫃intraday)=1|季財報(MOPS t163sb04)=1|月營收(MOPS/openapi)=1|官方產業別(MOPS t05st03)=1|融資券(MI_MARGN)=1|借券(TWT93U)=1|法人(T86)=1",997,inf,250.0,official_prepanel,22846.25,456.0,0.0,4.0,0,1,10.132,17.181,16.3,11961.0,0,未扣成本·事後欄位以 m_ 標示·非投資建議
HC,3,2026-08-26,2026-08-27,6173,信昌電,TPEx,R,R_core,fCD,R0_combo@5,5,26,命中,19,0.700321,4.0,atr14=0.998|n_lu_250=0.991|r20=0.904|c_ma120=0.882|vr20=0.310|days_since_lu=0.044|dt_ratio20=NaN|lend_to_v=0.076|rev_yoy=0.726|o_turn=0.934|o_log_mcap=0.710|o_lu_follow=0.973,"官方日成交結構(MI_INDEX/dailyQuotes)=1|發行股數(MI_QFIIS/dailyQuotes)=1|外資持股(MI_QFIIS,僅上市)=0|自營商(T86/上櫃三大法人)=1|當沖(TWTB4U/上櫃intraday)=1|季財報(MOPS t163sb04)=1|月營收(MOPS/openapi)=1|官方產業別(MOPS t05st03)=1|融資券(MI_MARGN)=1|借券(TWT93U)=1|法人(T86)=1",998,inf,250.0,official_prepanel,12989.65,259.0,0.0,1.0,0,1,6.098,27.073,30.976,10963.0,0,未扣成本·事後欄位以 m_ 標示·非投資建議
HC,3,2026-09-04,2026-09-07,5314,世紀*,TPEx,R,R_core,fCD,R0_combo@5,1,33,命中,1,0.893939,4.0,atr14=0.998|n_lu_250=0.954|r20=1.000|c_ma120=0.998|vr20=0.604|days_since_lu=0.072|dt_ratio20=NaN|lend_to_v=0.499|rev_yoy=0.931|o_turn=0.348|o_log_mcap=0.723|o_lu_follow=0.995,"官方日成交結構(MI_INDEX/dailyQuotes)=1|發行股數(MI_QFIIS/dailyQuotes)=1|外資持股(MI_QFIIS,僅上市)=0|自營商(T86/上櫃三大法人)=1|當沖(TWTB4U/上櫃intraday)=0|季財報(MOPS t163sb04)=1|月營收(MOPS/openapi)=1|官方產業別(MOPS t05st03)=1|融資券(MI_MARGN)=1|借券(TWT93U)=1|法人(T86)=1",1005,inf,250.0,official_prepanel,4667.55,46.0,1.0,2.0,0,1,8.141,29.493,-6.298,6703.0,1,未扣成本·事後欄位以 m_ 標示·非投資建議
HC,3,2026-09-11,2026-09-14,6226,光鼎,TWSE,R,R_core,fCD,R0_combo@5,1,29,命中,1,0.899904,4.0,atr14=1.000|n_lu_250=0.990|r20=0.999|c_ma120=0.995|vr20=0.947|days_since_lu=0.004|dt_ratio20=0.952|lend_to_v=0.028|rev_yoy=0.347|o_turn=1.000|o_log_mcap=0.106|o_lu_follow=0.998,"官方日成交結構(MI_INDEX/dailyQuotes)=1|發行股數(MI_QFIIS/dailyQuotes)=1|外資持股(MI_QFIIS,僅上市)=1|自營商(T86/上櫃三大法人)=1|當沖(TWTB4U/上櫃intraday)=1|季財報(MOPS t163sb04)=1|月營收(MOPS/openapi)=1|官方產業別(MOPS t05st03)=1|融資券(MI_MARGN)=1|借券(TWT93U)=1|法人(T86)=1",1010,inf,250.0,official_prepanel,21402.75,428.0,0.0,0.0,0,1,11.864,54.915,54.407,33484.0,0,未扣成本·事後欄位以 m_ 標示·非投資建議
HC,3,2026-09-15,2026-09-16,6933,AMAX-KY,TWSE,R,R_core,fCD,R0_combo@5,2,27,命中,8,0.782407,4.0,atr14=0.973|n_lu_250=0.890|r20=0.994|c_ma120=0.996|vr20=0.956|days_since_lu=0.096|dt_ratio20=NaN|lend_to_v=0.081|rev_yoy=0.951|o_turn=0.955|o_log_mcap=0.416|o_lu_follow=0.943,"官方日成交結構(MI_INDEX/dailyQuotes)=1|發行股數(MI_QFIIS/dailyQuotes)=1|外資持股(MI_QFIIS,僅上市)=1|自營商(T86/上櫃三大法人)=1|當沖(TWTB4U/上櫃intraday)=1|季財報(MOPS t163sb04)=1|月營收(MOPS/openapi)=1|官方產業別(MOPS t05st03)=1|融資券(MI_MARGN)=1|借券(TWT93U)=1|法人(T86)=1",693,693.0,250.0,official,1041.45,20.0,0.0,0.0,0,1,9.965,11.364,37.937,932.0,0,未扣成本·事後欄位以 m_ 標示·非投資建議
HC,3,2026-09-17,2026-09-18,6218,豪勉,TPEx,R,R_core,fCD,R0_combo@5,4,25,命中,26,0.689792,4.0,atr14=0.867|n_lu_250=0.809|r20=0.995|c_ma120=0.991|vr20=1.000|days_since_lu=0.013|dt_ratio20=NaN|lend_to_v=0.049|rev_yoy=0.738|o_turn=0.999|o_log_mcap=0.094|o_lu_follow=0.861,"官方日成交結構(MI_INDEX/dailyQuotes)=1|發行股數(MI_QFIIS/dailyQuotes)=1|外資持股(MI_QFIIS,僅上市)=0|自營商(T86/上櫃三大法人)=1|當沖(TWTB4U/上櫃intraday)=1|季財報(MOPS t163sb04)=1|月營收(MOPS/openapi)=1|官方產業別(MOPS t05st03)=1|融資券(MI_MARGN)=1|借券(TWT93U)=1|法人(T86)=1",1014,inf,250.0,official_prepanel,4196.6,83.0,0.0,0.0,0,1,7.692,11.189,,15509.0,0,未扣成本·事後欄位以 m_ 標示·非投資建議
HC,3,2026-09-17,2026-09-18,6538,倉和,TPEx,R,R_core,fCD,R0_combo@5,1,25,命中,7,0.87625,4.0,atr14=0.964|n_lu_250=0.878|r20=0.999|c_ma120=0.999|vr20=0.108|days_since_lu=0.077|dt_ratio20=NaN|lend_to_v=0.158|rev_yoy=0.756|o_turn=0.867|o_log_mcap=0.428|o_lu_follow=0.906,"官方日成交結構(MI_INDEX/dailyQuotes)=1|發行股數(MI_QFIIS/dailyQuotes)=1|外資持股(MI_QFIIS,僅上市)=0|自營商(T86/上櫃三大法人)=1|當沖(TWTB4U/上櫃intraday)=0|季財報(MOPS t163sb04)=1|月營收(MOPS/openapi)=1|官方產業別(MOPS t05st03)=1|融資券(MI_MARGN)=1|借券(TWT93U)=1|法人(T86)=1",1014,inf,250.0,official_prepanel,2255.65,22.0,1.0,2.0,0,1,10.071,12.908,,2425.0,0,未扣成本·事後欄位以 m_ 標示·非投資建議
HC,3,2026-09-22,2026-09-23,6933,AMAX-KY,TWSE,R,R_core,fCD,R0_combo@5,4,54,命中,6,0.850288,4.0,atr14=0.989|n_lu_250=0.916|r20=1.000|c_ma120=0.999|vr20=0.502|days_since_lu=0.057|dt_ratio20=NaN|lend_to_v=0.049|rev_yoy=0.952|o_turn=0.865|o_log_mcap=0.447|o_lu_follow=0.952,"官方日成交結構(MI_INDEX/dailyQuotes)=1|發行股數(MI_QFIIS/dailyQuotes)=1|外資持股(MI_QFIIS,僅上市)=1|自營商(T86/上櫃三大法人)=1|當沖(TWTB4U/上櫃intraday)=1|季財報(MOPS t163sb04)=1|月營收(MOPS/openapi)=1|官方產業別(MOPS t05st03)=1|融資券(MI_MARGN)=1|借券(TWT93U)=1|法人(T86)=1",698,698.0,250.0,official,1470.35,29.0,0.0,0.0,0,1,9.375,23.281,,1319.0,0,未扣成本·事後欄位以 m_ 標示·非投資建議
SEL,1,2025-01-07,2025-01-08,1325,恆大,TWSE,R,R_core,fCD,R1@5,5,22,命中,47,-1.63402,,atr14=0.932|n_lu_250=0.814|r20=0.936|c_ma120=0.893|vr20=0.865|days_since_lu=0.017|dt_ratio20=0.886|lend_to_v=0.307|rev_yoy=0.260|o_turn=0.887|o_log_mcap=0.109|o_lu_follow=0.850,"官方日成交結構(MI_INDEX/dailyQuotes)=1|發行股數(MI_QFIIS/dailyQuotes)=1|外資持股(MI_QFIIS,僅上市)=1|自營商(T86/上櫃三大法人)=1|當沖(TWTB4U/上櫃intraday)=1|季財報(MOPS t163sb04)=1|月營收(MOPS/openapi)=1|官方產業別(MOPS t05st03)=1|融資券(MI_MARGN)=1|借券(TWT93U)=1|法人(T86)=1",603,inf,250.0,official_prepanel,1473.15,29.0,0.0,1.0,0,1,2.794,2.059,-2.941,10280.0,0,未扣成本·事後欄位以 m_ 標示·非投資建議
SEL,1,2025-02-20,2025-02-21,3379,彬台,TPEx,R,R_core,fCD,R1@5,1,20,命中,1,-1.281953,,atr14=0.987|n_lu_250=0.997|r20=0.986|c_ma120=0.991|vr20=0.248|days_since_lu=0.023|dt_ratio20=NaN|lend_to_v=0.029|rev_yoy=0.983|o_turn=0.991|o_log_mcap=0.061|o_lu_follow=0.970,"官方日成交結構(MI_INDEX/dailyQuotes)=1|發行股數(MI_QFIIS/dailyQuotes)=1|外資持股(MI_QFIIS,僅上市)=0|自營商(T86/上櫃三大法人)=1|當沖(TWTB4U/上櫃intraday)=1|季財報(MOPS t163sb04)=1|月營收(MOPS/openapi)=1|官方產業別(MOPS t05st03)=1|融資券(MI_MARGN)=1|借券(TWT93U)=1|法人(T86)=1",628,inf,250.0,official_prepanel,13414.45,268.0,0.0,1.0,0,1,10.779,18.408,19.569,11623.0,0,未扣成本·事後欄位以 m_ 標示·非投資建議
SEL,1,2025-03-14,2025-03-17,2429,銘旺科,TWSE,R,R_core,fCD,R1@5,1,4,命中,6,-1.881041,,atr14=0.940|n_lu_250=0.950|r20=0.993|c_ma120=0.993|vr20=0.776|days_since_lu=0.033|dt_ratio20=0.983|lend_to_v=0.042|rev_yoy=0.961|o_turn=0.981|o_log_mcap=0.186|o_lu_follow=0.971,"官方日成交結構(MI_INDEX/dailyQuotes)=1|發行股數(MI_QFIIS/dailyQuotes)=1|外資持股(MI_QFIIS,僅上市)=1|自營商(T86/上櫃三大法人)=1|當沖(TWTB4U/上櫃intraday)=1|季財報(MOPS t163sb04)=1|月營收(MOPS/openapi)=1|官方產業別(MOPS t05st03)=1|融資券(MI_MARGN)=1|借券(TWT93U)=1|法人(T86)=1",643,inf,250.0,official_prepanel,8758.45,175.0,0.0,3.0,0,1,7.879,30.101,29.899,10226.0,0,未扣成本·事後欄位以 m_ 標示·非投資建議
SEL,1,2025-03-31,2025-04-01,3434,哲固,TPEx,R,R_core,fCD,R1@5,1,20,命中,14,0.043245,,atr14=0.994|n_lu_250=0.818|r20=0.998|c_ma120=0.997|vr20=0.999|days_since_lu=0.002|dt_ratio20=NaN|lend_to_v=0.031|rev_yoy=0.524|o_turn=0.999|o_log_mcap=0.010|o_lu_follow=0.888,"官方日成交結構(MI_INDEX/dailyQuotes)=1|發行股數(MI_QFIIS/dailyQuotes)=1|外資持股(MI_QFIIS,僅上市)=0|自營商(T86/上櫃三大法人)=1|當沖(TWTB4U/上櫃intraday)=1|季財報(MOPS t163sb04)=1|月營收(MOPS/openapi)=1|官方產業別(MOPS t05st03)=1|融資券(MI_MARGN)=1|借券(TWT93U)=1|法人(T86)=1",654,inf,250.0,official_prepanel,4019.05,80.0,0.0,1.0,0,1,8.458,6.343,70.647,5498.0,0,未扣成本·事後欄位以 m_ 標示·非投資建議
SEL,2,2025-04-22,2025-04-23,4949,有成精密,TWSE,R,R_core,fCD,R1@5,1,54,命中,5,-0.449676,,atr14=0.980|n_lu_250=0.920|r20=0.992|c_ma120=1.000|vr20=0.992|days_since_lu=0.005|dt_ratio20=NaN|lend_to_v=0.027|rev_yoy=0.134|o_turn=0.998|o_log_mcap=0.124|o_lu_follow=0.983,"官方日成交結構(MI_INDEX/dailyQuotes)=1|發行股數(MI_QFIIS/dailyQuotes)=1|外資持股(MI_QFIIS,僅上市)=1|自營商(T86/上櫃三大法人)=1|當沖(TWTB4U/上櫃intraday)=1|季財報(MOPS t163sb04)=1|月營收(MOPS/openapi)=1|官方產業別(MOPS t05st03)=1|融資券(MI_MARGN)=1|借券(TWT93U)=1|法人(T86)=1",230,230.0,230.0,official,7598.1,151.0,0.0,2.0,0,1,3.469,37.321,20.096,5314.0,0,未扣成本·事後欄位以 m_ 標示·非投資建議
SEL,2,2025-04-22,2025-04-23,5251,天鉞電,TPEx,R,R_core,fCD,R1@5,3,54,命中,3,-0.767694,,atr14=0.993|n_lu_250=0.990|r20=1.000|c_ma120=1.000|vr20=0.999|days_since_lu=0.005|dt_ratio20=NaN|lend_to_v=0.024|rev_yoy=0.878|o_turn=1.000|o_log_mcap=0.022|o_lu_follow=0.965,"官方日成交結構(MI_INDEX/dailyQuotes)=1|發行股數(MI_QFIIS/dailyQuotes)=1|外資持股(MI_QFIIS,僅上市)=0|自營商(T86/上櫃三大法人)=1|當沖(TWTB4U/上櫃intraday)=1|季財報(MOPS t163sb04)=1|月營收(MOPS/openapi)=1|官方產業別(MOPS t05st03)=1|融資券(MI_MARGN)=1|借券(TWT93U)=1|法人(T86)=1",668,inf,250.0,official_prepanel,5983.55,119.0,0.0,3.0,0,1,4.717,27.358,17.689,8400.0,0,未扣成本·事後欄位以 m_ 標示·非投資建議
SEL,2,2025-04-23,2025-04-24,6113,亞矽,TPEx,R,R_core,fCD,R1@5,4,46,命中,33,-1.084718,,atr14=0.962|n_lu_250=0.959|r20=0.661|c_ma120=0.951|vr20=0.987|days_since_lu=0.016|dt_ratio20=NaN|lend_to_v=0.112|rev_yoy=0.146|o_turn=0.976|o_log_mcap=0.013|o_lu_follow=0.991,"官方日成交結構(MI_INDEX/dailyQuotes)=1|發行股數(MI_QFIIS/dailyQuotes)=1|外資持股(MI_QFIIS,僅上市)=0|自營商(T86/上櫃三大法人)=1|當沖(TWTB4U/上櫃intraday)=1|季財報(MOPS t163sb04)=1|月營收(MOPS/openapi)=1|官方產業別(MOPS t05st03)=1|融資券(MI_MARGN)=1|借券(TWT93U)=1|法人(T86)=1",669,inf,250.0,official_prepanel,968.65,19.0,0.0,1.0,0,1,8.705,28.662,24.204,4187.0,0,未扣成本·事後欄位以 m_ 標示·非投資建議
SEL,2,2025-04-23,2025-04-24,6228,全譜,TPEx,R,R_core,fCD,R1@5,2,46,命中,1,-0.855637,,atr14=0.996|n_lu_250=0.998|r20=1.000|c_ma120=0.997|vr20=0.019|days_since_lu=0.026|dt_ratio20=NaN|lend_to_v=0.019|rev_yoy=0.957|o_turn=0.802|o_log_mcap=0.009|o_lu_follow=0.999,"官方日成交結構(MI_INDEX/dailyQuotes)=1|發行股數(MI_QFIIS/dailyQuotes)=1|外資持股(MI_QFIIS,僅上市)=0|自營商(T86/上櫃三大法人)=0|當沖(TWTB4U/上櫃intraday)=0|季財報(MOPS t163sb04)=1|月營收(MOPS/openapi)=1|官方產業別(MOPS t05st03)=1|融資券(MI_MARGN)=1|借券(TWT93U)=1|法人(T86)=0",669,inf,250.0,official_prepanel,1212.7,12.0,1.0,3.0,0,1,7.432,10.36,16.667,320.0,1,未扣成本·事後欄位以 m_ 標示·非投資建議
SEL,2,2025-04-24,2025-04-25,3287,廣寰科,TPEx,R,R_core,fCD,R1@5,4,48,命中,6,-0.991,,atr14=0.996|n_lu_250=0.981|r20=0.980|c_ma120=0.963|vr20=0.780|days_since_lu=0.050|dt_ratio20=NaN|lend_to_v=0.025|rev_yoy=0.453|o_turn=0.956|o_log_mcap=0.034|o_lu_follow=0.980,"官方日成交結構(MI_INDEX/dailyQuotes)=1|發行股數(MI_QFIIS/dailyQuotes)=1|外資持股(MI_QFIIS,僅上市)=0|自營商(T86/上櫃三大法人)=1|當沖(TWTB4U/上櫃intraday)=1|季財報(MOPS t163sb04)=1|月營收(MOPS/openapi)=1|官方產業別(MOPS t05st03)=1|融資券(MI_MARGN)=1|借券(TWT93U)=1|法人(T86)=1",670,inf,250.0,official_prepanel,3090.7,61.0,0.0,2.0,0,1,4.604,15.857,3.069,2350.0,0,未扣成本·事後欄位以 m_ 標示·非投資建議
SEL,2,2025-04-28,2025-04-29,4946,辣椒,TPEx,R,R_core,fCD,R1@5,4,39,命中,3,-0.826871,,atr14=0.997|n_lu_250=0.995|r20=1.000|c_ma120=1.000|vr20=0.833|days_since_lu=0.058|dt_ratio20=NaN|lend_to_v=NaN|rev_yoy=0.992|o_turn=0.957|o_log_mcap=0.008|o_lu_follow=0.996,"官方日成交結構(MI_INDEX/dailyQuotes)=1|發行股數(MI_QFIIS/dailyQuotes)=1|外資持股(MI_QFIIS,僅上市)=0|自營商(T86/上櫃三大法人)=1|當沖(TWTB4U/上櫃intraday)=0|季財報(MOPS t163sb04)=1|月營收(MOPS/openapi)=1|官方產業別(MOPS t05st03)=1|融資券(MI_MARGN)=0|借券(TWT93U)=0|法人(T86)=1",672,inf,250.0,official_prepanel,326.6,6.0,0.0,2.0,0,1,8.621,54.828,40.0,557.0,0,未扣成本·事後欄位以 m_ 標示·非投資建議
SEL,2,2025-05-07,2025-05-08,2734,易飛網,TPEx,R,R_core,fCD,R1@5,3,45,命中,243,-0.937671,,atr14=0.742|n_lu_250=0.641|r20=0.940|c_ma120=0.456|vr20=0.996|days_since_lu=0.009|dt_ratio20=NaN|lend_to_v=0.019|rev_yoy=0.038|o_turn=0.942|o_log_mcap=0.016|o_lu_follow=0.875,"官方日成交結構(MI_INDEX/dailyQuotes)=1|發行股數(MI_QFIIS/dailyQuotes)=1|外資持股(MI_QFIIS,僅上市)=0|自營商(T86/上櫃三大法人)=1|當沖(TWTB4U/上櫃intraday)=1|季財報(MOPS t163sb04)=1|月營收(MOPS/openapi)=1|官方產業別(MOPS t05st03)=1|融資券(MI_MARGN)=1|借券(TWT93U)=1|法人(T86)=1",678,inf,250.0,official_prepanel,338.7,6.0,0.0,0.0,0,1,9.865,12.108,15.247,1725.0,0,未扣成本·事後欄位以 m_ 標示·非投資建議
SEL,2,2025-05-21,2025-05-22,1419,新紡,TWSE,R,R_core,fCD,R1@5,4,19,命中,136,-1.996272,,atr14=0.581|n_lu_250=0.515|r20=0.987|c_ma120=0.990|vr20=0.998|days_since_lu=0.004|dt_ratio20=0.887|lend_to_v=0.081|rev_yoy=0.276|o_turn=0.848|o_log_mcap=0.608|o_lu_follow=0.996,"官方日成交結構(MI_INDEX/dailyQuotes)=1|發行股數(MI_QFIIS/dailyQuotes)=1|外資持股(MI_QFIIS,僅上市)=1|自營商(T86/上櫃三大法人)=1|當沖(TWTB4U/上櫃intraday)=1|季財報(MOPS t163sb04)=1|月營收(MOPS/openapi)=1|官方產業別(MOPS t05st03)=1|融資券(MI_MARGN)=1|借券(TWT93U)=1|法人(T86)=1",688,inf,250.0,official_prepanel,896.6,17.0,0.0,2.0,0,1,7.132,20.919,7.29,6008.0,0,未扣成本·事後欄位以 m_ 標示·非投資建議
SEL,2,2025-05-22,2025-05-23,3297,杭特,TPEx,R,R_core,fCD,R1@5,3,22,命中,19,-1.405556,,atr14=0.989|n_lu_250=0.996|r20=0.726|c_ma120=0.994|vr20=0.995|days_since_lu=0.007|dt_ratio20=NaN|lend_to_v=0.029|rev_yoy=0.782|o_turn=1.000|o_log_mcap=0.013|o_lu_follow=0.923,"官方日成交結構(MI_INDEX/dailyQuotes)=1|發行股數(MI_QFIIS/dailyQuotes)=1|外資持股(MI_QFIIS,僅上市)=0|自營商(T86/上櫃三大法人)=1|當沖(TWTB4U/上櫃intraday)=1|季財報(MOPS t163sb04)=1|月營收(MOPS/openapi)=1|官方產業別(MOPS t05st03)=1|融資券(MI_MARGN)=1|借券(TWT93U)=1|法人(T86)=1",689,inf,250.0,official_prepanel,5469.45,109.0,0.0,0.0,0,1,10.306,11.421,4.039,13985.0,0,未扣成本·事後欄位以 m_ 標示·非投資建議
SEL,2,2025-06-02,2025-06-03,6276,安鈦克,TPEx,R,R_core,fCD,R1@5,1,25,命中,81,-0.99251,,atr14=0.978|n_lu_250=0.958|r20=0.449|c_ma120=0.987|vr20=0.998|days_since_lu=0.002|dt_ratio20=NaN|lend_to_v=0.018|rev_yoy=0.864|o_turn=0.993|o_log_mcap=0.008|o_lu_follow=0.993,"官方日成交結構(MI_INDEX/dailyQuotes)=1|發行股數(MI_QFIIS/dailyQuotes)=1|外資持股(MI_QFIIS,僅上市)=0|自營商(T86/上櫃三大法人)=1|當沖(TWTB4U/上櫃intraday)=1|季財報(MOPS t163sb04)=1|月營收(MOPS/openapi)=1|官方產業別(MOPS t05st03)=1|融資券(MI_MARGN)=1|借券(TWT93U)=1|法人(T86)=1",695,inf,250.0,official_prepanel,538.3,10.0,0.0,0.0,0,1,5.657,35.152,16.566,831.0,0,未扣成本·事後欄位以 m_ 標示·非投資建議
SEL,2,2025-06-13,2025-06-16,1616,億泰,TWSE,R,R_core,fCD,R1@5,1,17,命中,45,-1.459515,,atr14=0.778|n_lu_250=0.734|r20=0.973|c_ma120=0.995|vr20=0.995|days_since_lu=0.006|dt_ratio20=0.927|lend_to_v=0.048|rev_yoy=0.864|o_turn=0.993|o_log_mcap=0.325|o_lu_follow=0.714,"官方日成交結構(MI_INDEX/dailyQuotes)=1|發行股數(MI_QFIIS/dailyQuotes)=1|外資持股(MI_QFIIS,僅上市)=1|自營商(T86/上櫃三大法人)=1|當沖(TWTB4U/上櫃intraday)=1|季財報(MOPS t163sb04)=1|月營收(MOPS/openapi)=1|官方產業別(MOPS t05st03)=1|融資券(MI_MARGN)=1|借券(TWT93U)=1|法人(T86)=1",704,inf,250.0,official_prepanel,10148.5,202.0,0.0,1.0,0,1,2.74,16.849,8.493,17094.0,0,未扣成本·事後欄位以 m_ 標示·非投資建議
SEL,2,2025-06-27,2025-06-30,5475,德宏,TPEx,R,R_core,fCD,R1@5,1,20,命中,12,-0.790084,,atr14=1.000|n_lu_250=0.868|r20=0.994|c_ma120=1.000|vr20=0.790|days_since_lu=0.059|dt_ratio20=NaN|lend_to_v=0.006|rev_yoy=0.630|o_turn=0.931|o_log_mcap=0.139|o_lu_follow=0.969,"官方日成交結構(MI_INDEX/dailyQuotes)=1|發行股數(MI_QFIIS/dailyQuotes)=1|外資持股(MI_QFIIS,僅上市)=0|自營商(T86/上櫃三大法人)=1|當沖(TWTB4U/上櫃intraday)=0|季財報(MOPS t163sb04)=1|月營收(MOPS/openapi)=1|官方產業別(MOPS t05st03)=1|融資券(MI_MARGN)=1|借券(TWT93U)=1|法人(T86)=1",714,inf,250.0,official_prepanel,5023.9,100.0,0.0,2.0,0,1,11.73,18.489,19.682,5552.0,0,未扣成本·事後欄位以 m_ 標示·非投資建議
SEL,3,2025-07-16,2025-07-17,3543,州巧,TWSE,R,R_core,fCD,R1@5,3,14,命中,48,-1.85784,,atr14=0.954|n_lu_250=0.668|r20=0.985|c_ma120=0.944|vr20=0.760|days_since_lu=0.043|dt_ratio20=0.946|lend_to_v=0.023|rev_yoy=0.433|o_turn=0.911|o_log_mcap=0.069|o_lu_follow=0.833,"官方日成交結構(MI_INDEX/dailyQuotes)=1|發行股數(MI_QFIIS/dailyQuotes)=1|外資持股(MI_QFIIS,僅上市)=1|自營商(T86/上櫃三大法人)=1|當沖(TWTB4U/上櫃intraday)=1|季財報(MOPS t163sb04)=1|月營收(MOPS/openapi)=1|官方產業別(MOPS t05st03)=1|融資券(MI_MARGN)=1|借券(TWT93U)=1|法人(T86)=1",727,inf,250.0,official_prepanel,2715.15,54.0,0.0,4.0,0,1,9.004,15.326,51.149,5410.0,0,未扣成本·事後欄位以 m_ 標示·非投資建議
SEL,3,2025-07-23,2025-07-24,3543,州巧,TWSE,R,R_core,fCD,R1@5,2,11,命中,18,-1.537268,,atr14=0.997|n_lu_250=0.781|r20=0.997|c_ma120=0.986|vr20=0.667|days_since_lu=0.016|dt_ratio20=0.976|lend_to_v=0.021|rev_yoy=0.435|o_turn=0.964|o_log_mcap=0.099|o_lu_follow=0.901,"官方日成交結構(MI_INDEX/dailyQuotes)=1|發行股數(MI_QFIIS/dailyQuotes)=1|外資持股(MI_QFIIS,僅上市)=1|自營商(T86/上櫃三大法人)=1|當沖(TWTB4U/上櫃intraday)=1|季財報(MOPS t163sb04)=1|月營收(MOPS/openapi)=1|官方產業別(MOPS t05st03)=1|融資券(MI_MARGN)=1|借券(TWT93U)=1|法人(T86)=1",732,inf,250.0,official_prepanel,6361.75,127.0,0.0,2.0,0,1,9.784,30.846,19.403,13731.0,0,未扣成本·事後欄位以 m_ 標示·非投資建議
SEL,3,2025-08-11,2025-08-12,5498,凱崴,TPEx,R,R_core,fCD,R1@5,3,28,命中,8,-1.852594,,atr14=0.984|n_lu_250=0.894|r20=0.996|c_ma120=0.994|vr20=0.586|days_since_lu=0.077|dt_ratio20=NaN|lend_to_v=0.032|rev_yoy=0.664|o_turn=0.985|o_log_mcap=0.164|o_lu_follow=0.936,"官方日成交結構(MI_INDEX/dailyQuotes)=1|發行股數(MI_QFIIS/dailyQuotes)=1|外資持股(MI_QFIIS,僅上市)=0|自營商(T86/上櫃三大法人)=1|當沖(TWTB4U/上櫃intraday)=1|季財報(MOPS t163sb04)=1|月營收(MOPS/openapi)=1|官方產業別(MOPS t05st03)=1|融資券(MI_MARGN)=1|借券(TWT93U)=1|法人(T86)=1",745,inf,250.0,official_prepanel,25248.85,504.0,0.0,1.0,0,1,8.232,34.625,20.339,66891.0,0,未扣成本·事後欄位以 m_ 標示·非投資建議
SEL,3,2025-08-12,2025-08-13,6727,亞泰金屬,TPEx,R,R_core,fCD,R1@5,2,27,命中,53,-1.432336,,atr14=0.797|n_lu_250=0.756|r20=1.000|c_ma120=0.998|vr20=0.879|days_since_lu=0.013|dt_ratio20=NaN|lend_to_v=NaN|rev_yoy=0.731|o_turn=0.926|o_log_mcap=0.146|o_lu_follow=0.999,"官方日成交結構(MI_INDEX/dailyQuotes)=1|發行股數(MI_QFIIS/dailyQuotes)=1|外資持股(MI_QFIIS,僅上市)=0|自營商(T86/上櫃三大法人)=1|當沖(TWTB4U/上櫃intraday)=0|季財報(MOPS t163sb04)=1|月營收(MOPS/openapi)=1|官方產業別(MOPS t05st03)=1|融資券(MI_MARGN)=0|借券(TWT93U)=0|法人(T86)=1",746,inf,250.0,official_prepanel,717.65,7.0,1.0,4.0,0,1,2.73,14.676,21.16,1477.0,1,未扣成本·事後欄位以 m_ 標示·非投資建議
SEL,3,2025-08-14,2025-08-15,1802,台玻,TWSE,R,R_core,fCD,R1@5,1,36,命中,14,-1.569283,,atr14=0.959|n_lu_250=0.880|r20=0.998|c_ma120=0.995|vr20=0.893|days_since_lu=0.008|dt_ratio20=0.970|lend_to_v=0.122|rev_yoy=0.586|o_turn=0.967|o_log_mcap=0.874|o_lu_follow=0.866,"官方日成交結構(MI_INDEX/dailyQuotes)=1|發行股數(MI_QFIIS/dailyQuotes)=1|外資持股(MI_QFIIS,僅上市)=1|自營商(T86/上櫃三大法人)=1|當沖(TWTB4U/上櫃intraday)=1|季財報(MOPS t163sb04)=1|月營收(MOPS/openapi)=1|官方產業別(MOPS t05st03)=1|融資券(MI_MARGN)=1|借券(TWT93U)=1|法人(T86)=1",748,inf,250.0,official_prepanel,137966.66,2759.0,0.0,1.0,0,1,8.974,4.808,10.737,236531.0,0,未扣成本·事後欄位以 m_ 標示·非投資建議
SEL,3,2025-09-02,2025-09-03,6753,龍德造船,TWSE,R,R_core,fCD,R1@5,3,61,命中,75,-1.685377,,atr14=0.946|n_lu_250=0.752|r20=0.966|c_ma120=0.931|vr20=0.929|days_since_lu=0.022|dt_ratio20=0.872|lend_to_v=0.084|rev_yoy=0.886|o_turn=0.965|o_log_mcap=0.615|o_lu_follow=0.734,"官方日成交結構(MI_INDEX/dailyQuotes)=1|發行股數(MI_QFIIS/dailyQuotes)=1|外資持股(MI_QFIIS,僅上市)=1|自營商(T86/上櫃三大法人)=1|當沖(TWTB4U/上櫃intraday)=1|季財報(MOPS t163sb04)=1|月營收(MOPS/openapi)=1|官方產業別(MOPS t05st03)=1|融資券(MI_MARGN)=1|借券(TWT93U)=1|法人(T86)=1",605,605.0,250.0,official,5535.55,110.0,0.0,2.0,0,1,2.258,19.355,11.935,2671.0,0,未扣成本·事後欄位以 m_ 標示·非投資建議
SEL,3,2025-09-15,2025-09-16,4577,達航科技,TPEx,R,R_core,fCD,R1@5,2,30,命中,273,-1.640082,,atr14=0.985|n_lu_250=0.999|r20=0.016|c_ma120=0.934|vr20=0.688|days_since_lu=0.051|dt_ratio20=NaN|lend_to_v=0.056|rev_yoy=0.646|o_turn=0.836|o_log_mcap=0.033|o_lu_follow=0.879,"官方日成交結構(MI_INDEX/dailyQuotes)=1|發行股數(MI_QFIIS/dailyQuotes)=1|外資持股(MI_QFIIS,僅上市)=0|自營商(T86/上櫃三大法人)=1|當沖(TWTB4U/上櫃intraday)=1|季財報(MOPS t163sb04)=1|月營收(MOPS/openapi)=1|官方產業別(MOPS t05st03)=1|融資券(MI_MARGN)=1|借券(TWT93U)=1|法人(T86)=1",770,inf,250.0,official_prepanel,1220.9,24.0,0.0,1.0,0,1,8.748,11.161,12.066,691.0,0,未扣成本·事後欄位以 m_ 標示·非投資建議
SEL,4,2025-11-04,2025-11-05,6573,虹揚-KY,TWSE,R,R_core,fCD,R1@5,2,38,命中,8,-1.325004,,atr14=0.988|n_lu_250=0.960|r20=0.979|c_ma120=0.892|vr20=0.733|days_since_lu=0.025|dt_ratio20=NaN|lend_to_v=0.012|rev_yoy=0.388|o_turn=0.572|o_log_mcap=0.006|o_lu_follow=0.987,"官方日成交結構(MI_INDEX/dailyQuotes)=1|發行股數(MI_QFIIS/dailyQuotes)=1|外資持股(MI_QFIIS,僅上市)=1|自營商(T86/上櫃三大法人)=1|當沖(TWTB4U/上櫃intraday)=0|季財報(MOPS t163sb04)=1|月營收(MOPS/openapi)=1|官方產業別(MOPS t05st03)=1|融資券(MI_MARGN)=1|借券(TWT93U)=1|法人(T86)=1",802,inf,250.0,official_prepanel,502.45,10.0,0.0,3.0,0,1,9.16,27.481,20.611,484.0,0,未扣成本·事後欄位以 m_ 標示·非投資建議
SEL,4,2025-11-19,2025-11-20,8043,蜜望實,TPEx,R,R_core,fCD,R1@5,4,26,命中,8,-1.630175,,atr14=0.918|n_lu_250=0.969|r20=0.987|c_ma120=0.999|vr20=0.997|days_since_lu=0.016|dt_ratio20=NaN|lend_to_v=0.029|rev_yoy=0.899|o_turn=1.000|o_log_mcap=0.271|o_lu_follow=0.943,"官方日成交結構(MI_INDEX/dailyQuotes)=1|發行股數(MI_QFIIS/dailyQuotes)=1|外資持股(MI_QFIIS,僅上市)=0|自營商(T86/上櫃三大法人)=1|當沖(TWTB4U/上櫃intraday)=1|季財報(MOPS t163sb04)=1|月營收(MOPS/openapi)=1|官方產業別(MOPS t05st03)=1|融資券(MI_MARGN)=1|借券(TWT93U)=1|法人(T86)=1",813,inf,250.0,official_prepanel,19012.55,380.0,0.0,3.0,1,0,0.0,2.732,16.53,7705.0,0,未扣成本·事後欄位以 m_ 標示·非投資建議
SEL,4,2025-11-28,2025-12-01,4939,亞電,TPEx,R,R_core,fCD,R1@5,2,18,命中,50,-1.144944,,atr14=0.954|n_lu_250=0.726|r20=0.993|c_ma120=0.966|vr20=0.990|days_since_lu=0.005|dt_ratio20=NaN|lend_to_v=0.053|rev_yoy=0.318|o_turn=1.000|o_log_mcap=0.120|o_lu_follow=0.711,"官方日成交結構(MI_INDEX/dailyQuotes)=1|發行股數(MI_QFIIS/dailyQuotes)=1|外資持股(MI_QFIIS,僅上市)=0|自營商(T86/上櫃三大法人)=1|當沖(TWTB4U/上櫃intraday)=1|季財報(MOPS t163sb04)=1|月營收(MOPS/openapi)=1|官方產業別(MOPS t05st03)=1|融資券(MI_MARGN)=1|借券(TWT93U)=1|法人(T86)=1",820,inf,250.0,official_prepanel,13350.0,267.0,0.0,2.0,0,1,10.312,15.469,20.938,33273.0,0,未扣成本·事後欄位以 m_ 標示·非投資建議
SEL,4,2025-12-05,2025-12-08,2485,兆赫,TWSE,R,R_core,fCD,R1@5,5,26,命中,10,-1.446578,,atr14=0.975|n_lu_250=0.899|r20=0.999|c_ma120=0.996|vr20=0.304|days_since_lu=0.058|dt_ratio20=0.956|lend_to_v=0.064|rev_yoy=0.983|o_turn=0.910|o_log_mcap=0.304|o_lu_follow=0.823,"官方日成交結構(MI_INDEX/dailyQuotes)=1|發行股數(MI_QFIIS/dailyQuotes)=1|外資持股(MI_QFIIS,僅上市)=1|自營商(T86/上櫃三大法人)=1|當沖(TWTB4U/上櫃intraday)=1|季財報(MOPS t163sb04)=1|月營收(MOPS/openapi)=1|官方產業別(MOPS t05st03)=1|融資券(MI_MARGN)=1|借券(TWT93U)=1|法人(T86)=1",825,inf,250.0,official_prepanel,25328.0,506.0,0.0,3.0,0,1,9.628,19.475,27.352,40921.0,0,未扣成本·事後欄位以 m_ 標示·非投資建議
SEL,4,2025-12-11,2025-12-12,6588,東典光電,TPEx,R,R_core,fCD,R1@5,3,23,命中,27,-1.653897,,atr14=0.947|n_lu_250=0.830|r20=0.996|c_ma120=0.965|vr20=0.986|days_since_lu=0.089|dt_ratio20=NaN|lend_to_v=0.025|rev_yoy=0.441|o_turn=0.977|o_log_mcap=0.018|o_lu_follow=0.953,"官方日成交結構(MI_INDEX/dailyQuotes)=1|發行股數(MI_QFIIS/dailyQuotes)=1|外資持股(MI_QFIIS,僅上市)=0|自營商(T86/上櫃三大法人)=1|當沖(TWTB4U/上櫃intraday)=1|季財報(MOPS t163sb04)=1|月營收(MOPS/openapi)=1|官方產業別(MOPS t05st03)=1|融資券(MI_MARGN)=1|借券(TWT93U)=1|法人(T86)=1",829,inf,250.0,official_prepanel,867.85,17.0,0.0,1.0,0,1,7.471,4.138,14.368,3893.0,0,未扣成本·事後欄位以 m_ 標示·非投資建議
SEL,4,2025-12-19,2025-12-22,3576,聯合再生,TWSE,R,R_relax,fP10|fCD,R1@5,5,32,命中,79,-1.520326,,atr14=0.933|n_lu_250=0.766|r20=0.884|c_ma120=0.758|vr20=0.711|days_since_lu=0.035|dt_ratio20=NaN|lend_to_v=0.012|rev_yoy=0.026|o_turn=0.665|o_log_mcap=0.468|o_lu_follow=0.907,"官方日成交結構(MI_INDEX/dailyQuotes)=1|發行股數(MI_QFIIS/dailyQuotes)=1|外資持股(MI_QFIIS,僅上市)=1|自營商(T86/上櫃三大法人)=1|當沖(TWTB4U/上櫃intraday)=0|季財報(MOPS t163sb04)=1|月營收(MOPS/openapi)=1|官方產業別(MOPS t05st03)=1|融資券(MI_MARGN)=1|借券(TWT93U)=1|法人(T86)=1",835,inf,250.0,official_prepanel,11407.9,228.0,0.0,2.0,0,1,10.533,19.467,13.067,15293.0,0,未扣成本·事後欄位以 m_ 標示·非投資建議
SEL,4,2025-12-24,2025-12-26,3354,律勝,TPEx,R,R_core,fCD,R1@5,3,26,命中,22,-1.226764,,atr14=0.984|n_lu_250=0.872|r20=0.992|c_ma120=0.959|vr20=0.977|days_since_lu=0.006|dt_ratio20=NaN|lend_to_v=0.049|rev_yoy=0.098|o_turn=0.967|o_log_mcap=0.038|o_lu_follow=0.926,"官方日成交結構(MI_INDEX/dailyQuotes)=1|發行股數(MI_QFIIS/dailyQuotes)=1|外資持股(MI_QFIIS,僅上市)=0|自營商(T86/上櫃三大法人)=1|當沖(TWTB4U/上櫃intraday)=1|季財報(MOPS t163sb04)=1|月營收(MOPS/openapi)=1|官方產業別(MOPS t05st03)=1|融資券(MI_MARGN)=1|借券(TWT93U)=1|法人(T86)=1",838,inf,250.0,official_prepanel,1697.0,33.0,0.0,0.0,0,1,7.795,9.316,1.331,3937.0,0,未扣成本·事後欄位以 m_ 標示·非投資建議
HC,1,2026-02-11,2026-02-23,3576,聯合再生,TWSE,R,R_core,fCD,R1@5,3,37,命中,7,-1.881373,,atr14=0.941|n_lu_250=0.946|r20=0.985|c_ma120=0.998|vr20=0.856|days_since_lu=0.046|dt_ratio20=NaN|lend_to_v=0.019|rev_yoy=0.031|o_turn=0.915|o_log_mcap=0.690|o_lu_follow=0.938,"官方日成交結構(MI_INDEX/dailyQuotes)=1|發行股數(MI_QFIIS/dailyQuotes)=1|外資持股(MI_QFIIS,僅上市)=1|自營商(T86/上櫃三大法人)=1|當沖(TWTB4U/上櫃intraday)=0|季財報(MOPS t163sb04)=1|月營收(MOPS/openapi)=1|官方產業別(MOPS t05st03)=1|融資券(MI_MARGN)=1|借券(TWT93U)=1|法人(T86)=1",871,inf,250.0,official_prepanel,37208.6,744.0,0.0,2.0,0,1,9.901,60.396,33.993,47088.0,0,未扣成本·事後欄位以 m_ 標示·非投資建議
HC,1,2026-02-26,2026-03-02,6152,百一,TWSE,R,R_core,fCD,R1@5,3,52,命中,37,-1.4411,,atr14=0.916|n_lu_250=0.909|r20=0.965|c_ma120=0.982|vr20=0.916|days_since_lu=0.011|dt_ratio20=NaN|lend_to_v=0.016|rev_yoy=0.736|o_turn=0.979|o_log_mcap=0.145|o_lu_follow=0.882,"官方日成交結構(MI_INDEX/dailyQuotes)=1|發行股數(MI_QFIIS/dailyQuotes)=1|外資持股(MI_QFIIS,僅上市)=1|自營商(T86/上櫃三大法人)=1|當沖(TWTB4U/上櫃intraday)=0|季財報(MOPS t163sb04)=1|月營收(MOPS/openapi)=1|官方產業別(MOPS t05st03)=1|融資券(MI_MARGN)=1|借券(TWT93U)=1|法人(T86)=1",875,inf,250.0,official_prepanel,5884.95,117.0,0.0,0.0,0,1,17.251,18.421,11.696,14821.0,0,未扣成本·事後欄位以 m_ 標示·非投資建議
HC,1,2026-03-10,2026-03-11,2485,兆赫,TWSE,R,R_core,fCD,R1@5,2,88,命中,5,-0.936731,,atr14=0.988|n_lu_250=0.986|r20=0.983|c_ma120=1.000|vr20=0.955|days_since_lu=0.011|dt_ratio20=0.998|lend_to_v=0.049|rev_yoy=0.938|o_turn=1.000|o_log_mcap=0.600|o_lu_follow=0.951,"官方日成交結構(MI_INDEX/dailyQuotes)=1|發行股數(MI_QFIIS/dailyQuotes)=1|外資持股(MI_QFIIS,僅上市)=1|自營商(T86/上櫃三大法人)=1|當沖(TWTB4U/上櫃intraday)=1|季財報(MOPS t163sb04)=1|月營收(MOPS/openapi)=1|官方產業別(MOPS t05st03)=1|融資券(MI_MARGN)=1|借券(TWT93U)=1|法人(T86)=1",882,inf,250.0,official_prepanel,74790.15,1495.0,0.0,2.0,0,1,6.757,44.788,45.174,81000.0,0,未扣成本·事後欄位以 m_ 標示·非投資建議
HC,1,2026-03-12,2026-03-13,1735,日勝化,TWSE,R,R_core,fCD,R1@5,3,67,命中,45,-1.438554,,atr14=0.973|n_lu_250=0.905|r20=0.959|c_ma120=0.938|vr20=0.953|days_since_lu=0.021|dt_ratio20=0.847|lend_to_v=0.191|rev_yoy=0.048|o_turn=0.911|o_log_mcap=0.053|o_lu_follow=0.889,"官方日成交結構(MI_INDEX/dailyQuotes)=1|發行股數(MI_QFIIS/dailyQuotes)=1|外資持股(MI_QFIIS,僅上市)=1|自營商(T86/上櫃三大法人)=1|當沖(TWTB4U/上櫃intraday)=1|季財報(MOPS t163sb04)=1|月營收(MOPS/openapi)=1|官方產業別(MOPS t05st03)=1|融資券(MI_MARGN)=1|借券(TWT93U)=1|法人(T86)=1",884,inf,250.0,official_prepanel,1222.45,24.0,0.0,0.0,0,1,10.465,47.442,24.651,3443.0,0,未扣成本·事後欄位以 m_ 標示·非投資建議
HC,1,2026-03-13,2026-03-16,2485,兆赫,TWSE,R,R_core,fCD,R1@5,2,72,命中,7,-0.811989,,atr14=0.960|n_lu_250=0.992|r20=0.995|c_ma120=0.999|vr20=0.958|days_since_lu=0.009|dt_ratio20=0.996|lend_to_v=0.044|rev_yoy=0.923|o_turn=1.000|o_log_mcap=0.631|o_lu_follow=0.977,"官方日成交結構(MI_INDEX/dailyQuotes)=1|發行股數(MI_QFIIS/dailyQuotes)=1|外資持股(MI_QFIIS,僅上市)=1|自營商(T86/上櫃三大法人)=1|當沖(TWTB4U/上櫃intraday)=1|季財報(MOPS t163sb04)=1|月營收(MOPS/openapi)=1|官方產業別(MOPS t05st03)=1|融資券(MI_MARGN)=1|借券(TWT93U)=1|法人(T86)=1",885,inf,250.0,official_prepanel,88587.75,1771.0,0.0,1.0,0,1,6.065,14.93,25.039,146217.0,0,未扣成本·事後欄位以 m_ 標示·非投資建議
HC,1,2026-03-26,2026-03-27,6588,東典光電,TPEx,R,R_core,fCD,R1@5,1,88,命中,59,-0.830738,,atr14=0.984|n_lu_250=0.992|r20=0.749|c_ma120=0.993|vr20=0.978|days_since_lu=0.019|dt_ratio20=NaN|lend_to_v=0.057|rev_yoy=0.645|o_turn=0.985|o_log_mcap=0.158|o_lu_follow=0.965,"官方日成交結構(MI_INDEX/dailyQuotes)=1|發行股數(MI_QFIIS/dailyQuotes)=1|外資持股(MI_QFIIS,僅上市)=0|自營商(T86/上櫃三大法人)=1|當沖(TWTB4U/上櫃intraday)=1|季財報(MOPS t163sb04)=1|月營收(MOPS/openapi)=1|官方產業別(MOPS t05st03)=1|融資券(MI_MARGN)=1|借券(TWT93U)=1|法人(T86)=1",894,inf,250.0,official_prepanel,1938.75,38.0,0.0,1.0,0,1,11.848,24.171,42.18,5785.0,0,未扣成本·事後欄位以 m_ 標示·非投資建議
HC,2,2026-04-01,2026-04-02,4741,泓瀚,TPEx,R,R_core,fCD,R1@5,4,51,命中,73,-1.180977,,atr14=0.821|n_lu_250=0.722|r20=0.992|c_ma120=0.980|vr20=0.997|days_since_lu=0.012|dt_ratio20=NaN|lend_to_v=0.054|rev_yoy=0.772|o_turn=0.997|o_log_mcap=0.009|o_lu_follow=0.979,"官方日成交結構(MI_INDEX/dailyQuotes)=1|發行股數(MI_QFIIS/dailyQuotes)=1|外資持股(MI_QFIIS,僅上市)=0|自營商(T86/上櫃三大法人)=1|當沖(TWTB4U/上櫃intraday)=1|季財報(MOPS t163sb04)=1|月營收(MOPS/openapi)=1|官方產業別(MOPS t05st03)=1|融資券(MI_MARGN)=1|借券(TWT93U)=1|法人(T86)=1",898,inf,250.0,official_prepanel,1386.2,27.0,0.0,2.0,0,1,9.704,38.814,57.143,1721.0,1,未扣成本·事後欄位以 m_ 標示·非投資建議
HC,2,2026-04-09,2026-04-10,4577,達航科技,TPEx,R,R_core,fCD,R1@5,1,43,命中,5,-0.278049,,atr14=0.991|n_lu_250=0.999|r20=0.960|c_ma120=0.988|vr20=0.936|days_since_lu=0.033|dt_ratio20=NaN|lend_to_v=0.047|rev_yoy=0.911|o_turn=0.980|o_log_mcap=0.271|o_lu_follow=0.970,"官方日成交結構(MI_INDEX/dailyQuotes)=1|發行股數(MI_QFIIS/dailyQuotes)=1|外資持股(MI_QFIIS,僅上市)=0|自營商(T86/上櫃三大法人)=1|當沖(TWTB4U/上櫃intraday)=1|季財報(MOPS t163sb04)=1|月營收(MOPS/openapi)=1|官方產業別(MOPS t05st03)=1|融資券(MI_MARGN)=1|借券(TWT93U)=1|法人(T86)=1",902,inf,250.0,official_prepanel,2838.85,56.0,0.0,0.0,0,1,9.914,18.534,50.862,4370.0,0,未扣成本·事後欄位以 m_ 標示·非投資建議
HC,2,2026-04-13,2026-04-14,3093,港建*,TPEx,R,R_core,fCD,R1@5,2,60,命中,23,-0.508792,,atr14=0.969|n_lu_250=0.877|r20=0.999|c_ma120=0.994|vr20=0.891|days_since_lu=0.037|dt_ratio20=NaN|lend_to_v=0.050|rev_yoy=0.007|o_turn=0.915|o_log_mcap=0.371|o_lu_follow=0.994,"官方日成交結構(MI_INDEX/dailyQuotes)=1|發行股數(MI_QFIIS/dailyQuotes)=1|外資持股(MI_QFIIS,僅上市)=0|自營商(T86/上櫃三大法人)=1|當沖(TWTB4U/上櫃intraday)=1|季財報(MOPS t163sb04)=1|月營收(MOPS/openapi)=1|官方產業別(MOPS t05st03)=1|融資券(MI_MARGN)=1|借券(TWT93U)=1|法人(T86)=1",904,inf,250.0,official_prepanel,3164.55,63.0,0.0,3.0,0,1,6.173,13.426,-14.043,4507.0,0,未扣成本·事後欄位以 m_ 標示·非投資建議
HC,2,2026-04-15,2026-04-16,3555,博士旺,TPEx,R,R_core,fCD,R1@5,2,86,命中,24,-0.820678,,atr14=0.957|n_lu_250=1.000|r20=0.906|c_ma120=0.994|vr20=0.846|days_since_lu=0.048|dt_ratio20=NaN|lend_to_v=0.118|rev_yoy=0.996|o_turn=0.709|o_log_mcap=0.372|o_lu_follow=0.998,"官方日成交結構(MI_INDEX/dailyQuotes)=1|發行股數(MI_QFIIS/dailyQuotes)=1|外資持股(MI_QFIIS,僅上市)=0|自營商(T86/上櫃三大法人)=1|當沖(TWTB4U/上櫃intraday)=1|季財報(MOPS t163sb04)=1|月營收(MOPS/openapi)=1|官方產業別(MOPS t05st03)=1|融資券(MI_MARGN)=1|借券(TWT93U)=1|法人(T86)=1",906,inf,250.0,official_prepanel,340.75,6.0,0.0,3.0,1,0,0.0,4.651,3.805,1079.0,0,未扣成本·事後欄位以 m_ 標示·非投資建議
HC,2,2026-04-17,2026-04-20,4960,誠美材,TWSE,R,R_core,fCD,R1@5,4,76,命中,47,-1.01342,,atr14=0.942|n_lu_250=0.854|r20=0.934|c_ma120=0.995|vr20=0.968|days_since_lu=0.016|dt_ratio20=NaN|lend_to_v=0.214|rev_yoy=0.086|o_turn=0.981|o_log_mcap=0.617|o_lu_follow=0.990,"官方日成交結構(MI_INDEX/dailyQuotes)=1|發行股數(MI_QFIIS/dailyQuotes)=1|外資持股(MI_QFIIS,僅上市)=1|自營商(T86/上櫃三大法人)=1|當沖(TWTB4U/上櫃intraday)=1|季財報(MOPS t163sb04)=1|月營收(MOPS/openapi)=1|官方產業別(MOPS t05st03)=1|融資券(MI_MARGN)=1|借券(TWT93U)=1|法人(T86)=1",908,inf,250.0,official_prepanel,19990.1,399.0,0.0,2.0,1,0,0.0,6.317,5.108,8985.0,1,未扣成本·事後欄位以 m_ 標示·非投資建議
HC,2,2026-04-30,2026-05-04,2426,鼎元,TWSE,R,R_core,fCD,R1@5,2,107,命中,14,-0.701359,,atr14=0.952|n_lu_250=0.928|r20=0.988|c_ma120=0.993|vr20=0.974|days_since_lu=0.012|dt_ratio20=NaN|lend_to_v=0.233|rev_yoy=0.131|o_turn=0.997|o_log_mcap=0.597|o_lu_follow=0.994,"官方日成交結構(MI_INDEX/dailyQuotes)=1|發行股數(MI_QFIIS/dailyQuotes)=1|外資持股(MI_QFIIS,僅上市)=1|自營商(T86/上櫃三大法人)=1|當沖(TWTB4U/上櫃intraday)=1|季財報(MOPS t163sb04)=1|月營收(MOPS/openapi)=1|官方產業別(MOPS t05st03)=1|融資券(MI_MARGN)=1|借券(TWT93U)=1|法人(T86)=1",917,inf,250.0,official_prepanel,19519.4,390.0,0.0,0.0,0,1,6.961,14.601,5.093,25246.0,0,未扣成本·事後欄位以 m_ 標示·非投資建議
HC,2,2026-04-30,2026-05-04,3455,由田,TPEx,R,R_core,fCD,R1@5,4,107,命中,55,-1.127074,,atr14=0.866|n_lu_250=0.883|r20=0.996|c_ma120=0.984|vr20=0.965|days_since_lu=0.012|dt_ratio20=NaN|lend_to_v=0.104|rev_yoy=0.008|o_turn=0.996|o_log_mcap=0.555|o_lu_follow=0.959,"官方日成交結構(MI_INDEX/dailyQuotes)=1|發行股數(MI_QFIIS/dailyQuotes)=1|外資持股(MI_QFIIS,僅上市)=0|自營商(T86/上櫃三大法人)=1|當沖(TWTB4U/上櫃intraday)=1|季財報(MOPS t163sb04)=1|月營收(MOPS/openapi)=1|官方產業別(MOPS t05st03)=1|融資券(MI_MARGN)=1|借券(TWT93U)=1|法人(T86)=1",917,inf,250.0,official_prepanel,4012.3,80.0,0.0,0.0,0,1,9.877,6.996,8.848,1979.0,0,未扣成本·事後欄位以 m_ 標示·非投資建議
HC,2,2026-05-04,2026-05-05,1595,川寶,TPEx,R,R_core,fCD,R1@5,2,95,命中,53,-1.314823,,atr14=0.898|n_lu_250=0.864|r20=0.993|c_ma120=0.967|vr20=0.971|days_since_lu=0.008|dt_ratio20=NaN|lend_to_v=0.094|rev_yoy=0.096|o_turn=0.993|o_log_mcap=0.208|o_lu_follow=0.919,"官方日成交結構(MI_INDEX/dailyQuotes)=1|發行股數(MI_QFIIS/dailyQuotes)=1|外資持股(MI_QFIIS,僅上市)=0|自營商(T86/上櫃三大法人)=1|當沖(TWTB4U/上櫃intraday)=1|季財報(MOPS t163sb04)=1|月營收(MOPS/openapi)=1|官方產業別(MOPS t05st03)=1|融資券(MI_MARGN)=1|借券(TWT93U)=1|法人(T86)=1",918,inf,250.0,official_prepanel,3257.25,65.0,0.0,2.0,0,1,12.185,24.636,18.675,5480.0,0,未扣成本·事後欄位以 m_ 標示·非投資建議
HC,2,2026-05-22,2026-05-25,6207,雷科,TPEx,R,R_core,fCD,R1@5,2,64,命中,42,-1.284998,,atr14=0.930|n_lu_250=0.810|r20=0.985|c_ma120=0.952|vr20=0.917|days_since_lu=0.025|dt_ratio20=NaN|lend_to_v=0.091|rev_yoy=0.352|o_turn=1.000|o_log_mcap=0.351|o_lu_follow=0.504,"官方日成交結構(MI_INDEX/dailyQuotes)=1|發行股數(MI_QFIIS/dailyQuotes)=1|外資持股(MI_QFIIS,僅上市)=0|自營商(T86/上櫃三大法人)=1|當沖(TWTB4U/上櫃intraday)=1|季財報(MOPS t163sb04)=1|月營收(MOPS/openapi)=1|官方產業別(MOPS t05st03)=1|融資券(MI_MARGN)=1|借券(TWT93U)=1|法人(T86)=1",932,inf,250.0,official_prepanel,15073.0,301.0,0.0,2.0,0,1,6.237,19.892,55.376,10084.0,0,未扣成本·事後欄位以 m_ 標示·非投資建議
HC,2,2026-05-25,2026-05-26,6141,柏承,TWSE,R,R_core,fCD,R1@5,2,70,命中,88,-1.042144,,atr14=0.999|n_lu_250=0.976|r20=0.543|c_ma120=0.965|vr20=0.724|days_since_lu=0.100|dt_ratio20=NaN|lend_to_v=0.019|rev_yoy=0.619|o_turn=0.796|o_log_mcap=0.179|o_lu_follow=0.998,"官方日成交結構(MI_INDEX/dailyQuotes)=1|發行股數(MI_QFIIS/dailyQuotes)=1|外資持股(MI_QFIIS,僅上市)=1|自營商(T86/上櫃三大法人)=1|當沖(TWTB4U/上櫃intraday)=0|季財報(MOPS t163sb04)=1|月營收(MOPS/openapi)=1|官方產業別(MOPS t05st03)=1|融資券(MI_MARGN)=1|借券(TWT93U)=1|法人(T86)=1",933,inf,250.0,official_prepanel,2321.65,46.0,0.0,0.0,0,1,8.498,34.75,7.739,5124.0,0,未扣成本·事後欄位以 m_ 標示·非投資建議
HC,2,2026-06-15,2026-06-16,3441,聯一光,TPEx,R,R_core,fCD,R1@5,3,85,命中,38,-0.956173,,atr14=0.856|n_lu_250=0.793|r20=1.000|c_ma120=0.994|vr20=0.941|days_since_lu=0.033|dt_ratio20=NaN|lend_to_v=0.043|rev_yoy=0.795|o_turn=1.000|o_log_mcap=0.137|o_lu_follow=0.817,"官方日成交結構(MI_INDEX/dailyQuotes)=1|發行股數(MI_QFIIS/dailyQuotes)=1|外資持股(MI_QFIIS,僅上市)=0|自營商(T86/上櫃三大法人)=1|當沖(TWTB4U/上櫃intraday)=1|季財報(MOPS t163sb04)=1|月營收(MOPS/openapi)=1|官方產業別(MOPS t05st03)=1|融資券(MI_MARGN)=1|借券(TWT93U)=1|法人(T86)=1",948,inf,250.0,official_prepanel,6548.35,130.0,0.0,2.0,0,1,10.354,11.853,8.992,13279.0,0,未扣成本·事後欄位以 m_ 標示·非投資建議
HC,2,2026-06-16,2026-06-17,3090,日電貿,TWSE,R,R_core,fCD,R1@5,5,89,命中,19,-0.98737,,atr14=0.921|n_lu_250=0.898|r20=0.997|c_ma120=0.997|vr20=0.967|days_since_lu=0.024|dt_ratio20=NaN|lend_to_v=0.196|rev_yoy=0.582|o_turn=0.991|o_log_mcap=0.862|o_lu_follow=0.782,"官方日成交結構(MI_INDEX/dailyQuotes)=1|發行股數(MI_QFIIS/dailyQuotes)=1|外資持股(MI_QFIIS,僅上市)=1|自營商(T86/上櫃三大法人)=1|當沖(TWTB4U/上櫃intraday)=1|季財報(MOPS t163sb04)=1|月營收(MOPS/openapi)=1|官方產業別(MOPS t05st03)=1|融資券(MI_MARGN)=1|借券(TWT93U)=1|法人(T86)=1",949,inf,250.0,official_prepanel,13538.15,270.0,0.0,1.0,0,1,12.037,12.222,17.037,25670.0,0,未扣成本·事後欄位以 m_ 標示·非投資建議
HC,2,2026-06-16,2026-06-17,6834,天二科技,TWSE,R,R_core,fCD,R1@5,1,89,命中,12,-0.290271,,atr14=0.962|n_lu_250=0.916|r20=0.990|c_ma120=0.996|vr20=0.976|days_since_lu=0.060|dt_ratio20=NaN|lend_to_v=0.065|rev_yoy=0.832|o_turn=0.994|o_log_mcap=0.381|o_lu_follow=0.837,"官方日成交結構(MI_INDEX/dailyQuotes)=1|發行股數(MI_QFIIS/dailyQuotes)=1|外資持股(MI_QFIIS,僅上市)=1|自營商(T86/上櫃三大法人)=1|當沖(TWTB4U/上櫃intraday)=1|季財報(MOPS t163sb04)=1|月營收(MOPS/openapi)=1|官方產業別(MOPS t05st03)=1|融資券(MI_MARGN)=1|借券(TWT93U)=1|法人(T86)=1",916,916.0,250.0,official,4240.5,84.0,0.0,1.0,0,1,2.667,36.111,41.111,5074.0,0,未扣成本·事後欄位以 m_ 標示·非投資建議
HC,2,2026-06-17,2026-06-18,3624,光頡,TPEx,R,R_core,fCD,R1@5,4,71,命中,11,-0.723863,,atr14=0.962|n_lu_250=0.916|r20=0.996|c_ma120=0.997|vr20=0.954|days_since_lu=0.008|dt_ratio20=NaN|lend_to_v=0.052|rev_yoy=0.685|o_turn=0.998|o_log_mcap=0.617|o_lu_follow=0.293,"官方日成交結構(MI_INDEX/dailyQuotes)=1|發行股數(MI_QFIIS/dailyQuotes)=1|外資持股(MI_QFIIS,僅上市)=0|自營商(T86/上櫃三大法人)=1|當沖(TWTB4U/上櫃intraday)=1|季財報(MOPS t163sb04)=1|月營收(MOPS/openapi)=1|官方產業別(MOPS t05st03)=1|融資券(MI_MARGN)=1|借券(TWT93U)=1|法人(T86)=1",950,inf,250.0,official_prepanel,16175.45,323.0,0.0,2.0,1,0,0.0,-4.05,-4.361,3681.0,0,未扣成本·事後欄位以 m_ 標示·非投資建議
HC,2,2026-06-23,2026-06-24,2483,百容,TWSE,R,R_core,fCD,R1@5,4,91,命中,77,-0.938076,,atr14=0.966|n_lu_250=0.682|r20=0.997|c_ma120=0.985|vr20=0.934|days_since_lu=0.025|dt_ratio20=0.930|lend_to_v=0.078|rev_yoy=0.524|o_turn=0.982|o_log_mcap=0.254|o_lu_follow=0.945,"官方日成交結構(MI_INDEX/dailyQuotes)=1|發行股數(MI_QFIIS/dailyQuotes)=1|外資持股(MI_QFIIS,僅上市)=1|自營商(T86/上櫃三大法人)=1|當沖(TWTB4U/上櫃intraday)=1|季財報(MOPS t163sb04)=1|月營收(MOPS/openapi)=1|官方產業別(MOPS t05st03)=1|融資券(MI_MARGN)=1|借券(TWT93U)=1|法人(T86)=1",953,inf,250.0,official_prepanel,6284.6,125.0,0.0,0.0,0,1,11.084,37.59,58.072,11990.0,0,未扣成本·事後欄位以 m_ 標示·非投資建議
HC,2,2026-06-23,2026-06-24,3114,好德,TPEx,R,R_core,fCD,R1@5,5,91,命中,94,-1.027009,,atr14=0.953|n_lu_250=0.632|r20=0.997|c_ma120=0.966|vr20=0.676|days_since_lu=0.025|dt_ratio20=NaN|lend_to_v=0.051|rev_yoy=0.334|o_turn=0.862|o_log_mcap=0.161|o_lu_follow=0.970,"官方日成交結構(MI_INDEX/dailyQuotes)=1|發行股數(MI_QFIIS/dailyQuotes)=1|外資持股(MI_QFIIS,僅上市)=0|自營商(T86/上櫃三大法人)=1|當沖(TWTB4U/上櫃intraday)=0|季財報(MOPS t163sb04)=1|月營收(MOPS/openapi)=1|官方產業別(MOPS t05st03)=1|融資券(MI_MARGN)=1|借券(TWT93U)=1|法人(T86)=1",953,inf,250.0,official_prepanel,2399.5,23.0,1.0,0.0,0,1,10.876,2.746,-10.243,3529.0,0,未扣成本·事後欄位以 m_ 標示·非投資建議
HC,2,2026-06-29,2026-06-30,5328,華容,TPEx,R,R_core,fCD,R1@5,1,101,命中,3,-0.195782,,atr14=0.942|n_lu_250=0.987|r20=0.996|c_ma120=0.998|vr20=0.970|days_since_lu=0.001|dt_ratio20=NaN|lend_to_v=0.049|rev_yoy=0.613|o_turn=1.000|o_log_mcap=0.503|o_lu_follow=0.909,"官方日成交結構(MI_INDEX/dailyQuotes)=1|發行股數(MI_QFIIS/dailyQuotes)=1|外資持股(MI_QFIIS,僅上市)=0|自營商(T86/上櫃三大法人)=1|當沖(TWTB4U/上櫃intraday)=1|季財報(MOPS t163sb04)=1|月營收(MOPS/openapi)=1|官方產業別(MOPS t05st03)=1|融資券(MI_MARGN)=1|借券(TWT93U)=1|法人(T86)=1",957,inf,250.0,official_prepanel,40604.65,812.0,0.0,2.0,0,1,6.757,21.021,-3.904,29986.0,0,未扣成本·事後欄位以 m_ 標示·非投資建議
HC,2,2026-06-29,2026-06-30,6182,合晶,TPEx,R,R_core,fCD,R1@5,5,101,命中,24,-0.789834,,atr14=0.988|n_lu_250=0.939|r20=0.886|c_ma120=0.999|vr20=0.958|days_since_lu=0.148|dt_ratio20=NaN|lend_to_v=0.189|rev_yoy=0.472|o_turn=0.998|o_log_mcap=0.845|o_lu_follow=0.950,"官方日成交結構(MI_INDEX/dailyQuotes)=1|發行股數(MI_QFIIS/dailyQuotes)=1|外資持股(MI_QFIIS,僅上市)=0|自營商(T86/上櫃三大法人)=1|當沖(TWTB4U/上櫃intraday)=1|季財報(MOPS t163sb04)=1|月營收(MOPS/openapi)=1|官方產業別(MOPS t05st03)=1|融資券(MI_MARGN)=1|借券(TWT93U)=1|法人(T86)=1",957,inf,250.0,official_prepanel,49199.05,983.0,0.0,1.0,0,1,2.929,30.544,56.067,23943.0,0,未扣成本·事後欄位以 m_ 標示·非投資建議
HC,3,2026-07-01,2026-07-02,1718,中纖,TWSE,R,R_core,fCD,R1@5,2,85,命中,89,-0.293952,,atr14=0.754|n_lu_250=0.741|r20=0.995|c_ma120=0.968|vr20=0.993|days_since_lu=0.025|dt_ratio20=NaN|lend_to_v=0.161|rev_yoy=0.427|o_turn=0.994|o_log_mcap=0.647|o_lu_follow=0.996,"官方日成交結構(MI_INDEX/dailyQuotes)=1|發行股數(MI_QFIIS/dailyQuotes)=1|外資持股(MI_QFIIS,僅上市)=1|自營商(T86/上櫃三大法人)=1|當沖(TWTB4U/上櫃intraday)=1|季財報(MOPS t163sb04)=0|月營收(MOPS/openapi)=1|官方產業別(MOPS t05st03)=1|融資券(MI_MARGN)=1|借券(TWT93U)=1|法人(T86)=1",959,inf,250.0,official_prepanel,54272.95,1085.0,0.0,1.0,0,1,7.937,13.095,16.27,63747.0,0,未扣成本·事後欄位以 m_ 標示·非投資建議
HC,3,2026-07-07,2026-07-08,2434,統懋,TWSE,R,R_core,fCD,R1@5,4,82,命中,49,-0.983871,,atr14=0.955|n_lu_250=0.766|r20=0.992|c_ma120=0.960|vr20=0.881|days_since_lu=0.056|dt_ratio20=0.889|lend_to_v=0.089|rev_yoy=0.155|o_turn=0.877|o_log_mcap=0.045|o_lu_follow=0.988,"官方日成交結構(MI_INDEX/dailyQuotes)=1|發行股數(MI_QFIIS/dailyQuotes)=1|外資持股(MI_QFIIS,僅上市)=1|自營商(T86/上櫃三大法人)=1|當沖(TWTB4U/上櫃intraday)=1|季財報(MOPS t163sb04)=1|月營收(MOPS/openapi)=1|官方產業別(MOPS t05st03)=1|融資券(MI_MARGN)=1|借券(TWT93U)=1|法人(T86)=1",963,inf,250.0,official_prepanel,817.7,16.0,0.0,2.0,0,1,9.922,60.7,39.689,915.0,0,未扣成本·事後欄位以 m_ 標示·非投資建議
HC,3,2026-07-07,2026-07-08,4556,旭然,TPEx,R,R_core,fCD,R1@5,1,82,命中,20,-0.763954,,atr14=0.863|n_lu_250=0.926|r20=0.998|c_ma120=0.995|vr20=0.909|days_since_lu=0.056|dt_ratio20=NaN|lend_to_v=0.075|rev_yoy=0.288|o_turn=0.804|o_log_mcap=0.176|o_lu_follow=0.987,"官方日成交結構(MI_INDEX/dailyQuotes)=1|發行股數(MI_QFIIS/dailyQuotes)=1|外資持股(MI_QFIIS,僅上市)=0|自營商(T86/上櫃三大法人)=1|當沖(TWTB4U/上櫃intraday)=1|季財報(MOPS t163sb04)=1|月營收(MOPS/openapi)=1|官方產業別(MOPS t05st03)=1|融資券(MI_MARGN)=1|借券(TWT93U)=1|法人(T86)=1",963,inf,250.0,official_prepanel,555.5,11.0,0.0,0.0,0,1,5.341,45.258,51.549,712.0,0,未扣成本·事後欄位以 m_ 標示·非投資建議
HC,3,2026-07-09,2026-07-13,3532,台勝科,TWSE,R,R_core,fCD,R1@5,2,61,命中,5,-0.789088,,atr14=0.900|n_lu_250=0.991|r20=0.991|c_ma120=0.995|vr20=0.962|days_since_lu=0.137|dt_ratio20=NaN|lend_to_v=0.304|rev_yoy=0.603|o_turn=0.873|o_log_mcap=0.907|o_lu_follow=0.972,"官方日成交結構(MI_INDEX/dailyQuotes)=1|發行股數(MI_QFIIS/dailyQuotes)=1|外資持股(MI_QFIIS,僅上市)=1|自營商(T86/上櫃三大法人)=1|當沖(TWTB4U/上櫃intraday)=1|季財報(MOPS t163sb04)=1|月營收(MOPS/openapi)=1|官方產業別(MOPS t05st03)=1|融資券(MI_MARGN)=1|借券(TWT93U)=1|法人(T86)=1",965,inf,250.0,official_prepanel,4573.6,91.0,0.0,1.0,1,0,0.0,-8.719,-18.299,1362.0,0,未扣成本·事後欄位以 m_ 標示·非投資建議
HC,3,2026-07-20,2026-07-21,8039,台虹,TWSE,R,R_core,fCD,R1@5,5,42,命中,19,-0.978882,,atr14=0.634|n_lu_250=0.933|r20=0.992|c_ma120=0.983|vr20=0.995|days_since_lu=0.006|dt_ratio20=0.987|lend_to_v=0.164|rev_yoy=0.161|o_turn=0.999|o_log_mcap=0.802|o_lu_follow=0.856,"官方日成交結構(MI_INDEX/dailyQuotes)=1|發行股數(MI_QFIIS/dailyQuotes)=1|外資持股(MI_QFIIS,僅上市)=1|自營商(T86/上櫃三大法人)=1|當沖(TWTB4U/上櫃intraday)=1|季財報(MOPS t163sb04)=1|月營收(MOPS/openapi)=1|官方產業別(MOPS t05st03)=1|融資券(MI_MARGN)=1|借券(TWT93U)=1|法人(T86)=1",971,inf,250.0,official_prepanel,17124.4,342.0,0.0,3.0,0,1,8.163,10.204,-2.806,13175.0,0,未扣成本·事後欄位以 m_ 標示·非投資建議
HC,3,2026-08-11,2026-08-12,3605,宏致,TWSE,R,R_core,fCD,R1@5,1,77,命中,44,-0.903346,,atr14=0.853|n_lu_250=0.606|r20=0.992|c_ma120=0.991|vr20=0.889|days_since_lu=0.100|dt_ratio20=0.881|lend_to_v=0.056|rev_yoy=0.579|o_turn=0.986|o_log_mcap=0.618|o_lu_follow=0.782,"官方日成交結構(MI_INDEX/dailyQuotes)=1|發行股數(MI_QFIIS/dailyQuotes)=1|外資持股(MI_QFIIS,僅上市)=1|自營商(T86/上櫃三大法人)=1|當沖(TWTB4U/上櫃intraday)=1|季財報(MOPS t163sb04)=1|月營收(MOPS/openapi)=1|官方產業別(MOPS t05st03)=1|融資券(MI_MARGN)=1|借券(TWT93U)=1|法人(T86)=1",987,inf,250.0,official_prepanel,9580.55,191.0,0.0,1.0,0,1,8.108,9.009,4.955,8423.0,0,未扣成本·事後欄位以 m_ 標示·非投資建議
HC,3,2026-08-24,2026-08-25,2426,鼎元,TWSE,R,R_core,fCD,R1@5,2,33,命中,7,-1.317517,,atr14=0.923|n_lu_250=0.976|r20=0.979|c_ma120=0.976|vr20=0.984|days_since_lu=0.005|dt_ratio20=0.914|lend_to_v=0.286|rev_yoy=0.623|o_turn=0.999|o_log_mcap=0.654|o_lu_follow=0.984,"官方日成交結構(MI_INDEX/dailyQuotes)=1|發行股數(MI_QFIIS/dailyQuotes)=1|外資持股(MI_QFIIS,僅上市)=1|自營商(T86/上櫃三大法人)=1|當沖(TWTB4U/上櫃intraday)=1|季財報(MOPS t163sb04)=1|月營收(MOPS/openapi)=1|官方產業別(MOPS t05st03)=1|融資券(MI_MARGN)=1|借券(TWT93U)=1|法人(T86)=1",996,inf,250.0,official_prepanel,18612.75,372.0,0.0,0.0,0,1,10.462,18.978,20.56,60849.0,0,未扣成本·事後欄位以 m_ 標示·非投資建議
HC,3,2026-08-25,2026-08-26,3441,聯一光,TPEx,R,R_core,fCD,R1@5,2,31,命中,9,-1.556529,,atr14=0.944|n_lu_250=0.912|r20=0.983|c_ma120=0.999|vr20=0.886|days_since_lu=0.011|dt_ratio20=NaN|lend_to_v=0.028|rev_yoy=0.339|o_turn=1.000|o_log_mcap=0.191|o_lu_follow=0.806,"官方日成交結構(MI_INDEX/dailyQuotes)=1|發行股數(MI_QFIIS/dailyQuotes)=1|外資持股(MI_QFIIS,僅上市)=0|自營商(T86/上櫃三大法人)=1|當沖(TWTB4U/上櫃intraday)=1|季財報(MOPS t163sb04)=1|月營收(MOPS/openapi)=1|官方產業別(MOPS t05st03)=1|融資券(MI_MARGN)=1|借券(TWT93U)=1|法人(T86)=1",997,inf,250.0,official_prepanel,22846.25,456.0,0.0,4.0,0,1,10.132,17.181,16.3,11961.0,0,未扣成本·事後欄位以 m_ 標示·非投資建議
HC,3,2026-09-11,2026-09-14,6226,光鼎,TWSE,R,R_core,fCD,R1@5,1,29,命中,1,-0.981354,,atr14=1.000|n_lu_250=0.990|r20=0.999|c_ma120=0.995|vr20=0.947|days_since_lu=0.004|dt_ratio20=0.952|lend_to_v=0.028|rev_yoy=0.347|o_turn=1.000|o_log_mcap=0.106|o_lu_follow=0.998,"官方日成交結構(MI_INDEX/dailyQuotes)=1|發行股數(MI_QFIIS/dailyQuotes)=1|外資持股(MI_QFIIS,僅上市)=1|自營商(T86/上櫃三大法人)=1|當沖(TWTB4U/上櫃intraday)=1|季財報(MOPS t163sb04)=1|月營收(MOPS/openapi)=1|官方產業別(MOPS t05st03)=1|融資券(MI_MARGN)=1|借券(TWT93U)=1|法人(T86)=1",1010,inf,250.0,official_prepanel,21402.75,428.0,0.0,0.0,0,1,11.864,54.915,54.407,33484.0,0,未扣成本·事後欄位以 m_ 標示·非投資建議
HC,3,2026-09-15,2026-09-16,6933,AMAX-KY,TWSE,R,R_core,fCD,R1@5,1,27,命中,8,-1.15336,,atr14=0.973|n_lu_250=0.890|r20=0.994|c_ma120=0.996|vr20=0.956|days_since_lu=0.096|dt_ratio20=NaN|lend_to_v=0.081|rev_yoy=0.951|o_turn=0.955|o_log_mcap=0.416|o_lu_follow=0.943,"官方日成交結構(MI_INDEX/dailyQuotes)=1|發行股數(MI_QFIIS/dailyQuotes)=1|外資持股(MI_QFIIS,僅上市)=1|自營商(T86/上櫃三大法人)=1|當沖(TWTB4U/上櫃intraday)=1|季財報(MOPS t163sb04)=1|月營收(MOPS/openapi)=1|官方產業別(MOPS t05st03)=1|融資券(MI_MARGN)=1|借券(TWT93U)=1|法人(T86)=1",693,693.0,250.0,official,1041.45,20.0,0.0,0.0,0,1,9.965,11.364,37.937,932.0,0,未扣成本·事後欄位以 m_ 標示·非投資建議
HC,3,2026-09-17,2026-09-18,6218,豪勉,TPEx,R,R_core,fCD,R1@5,1,25,命中,26,-0.7955,,atr14=0.867|n_lu_250=0.809|r20=0.995|c_ma120=0.991|vr20=1.000|days_since_lu=0.013|dt_ratio20=NaN|lend_to_v=0.049|rev_yoy=0.738|o_turn=0.999|o_log_mcap=0.094|o_lu_follow=0.861,"官方日成交結構(MI_INDEX/dailyQuotes)=1|發行股數(MI_QFIIS/dailyQuotes)=1|外資持股(MI_QFIIS,僅上市)=0|自營商(T86/上櫃三大法人)=1|當沖(TWTB4U/上櫃intraday)=1|季財報(MOPS t163sb04)=1|月營收(MOPS/openapi)=1|官方產業別(MOPS t05st03)=1|融資券(MI_MARGN)=1|借券(TWT93U)=1|法人(T86)=1",1014,inf,250.0,official_prepanel,4196.6,83.0,0.0,0.0,0,1,7.692,11.189,,15509.0,0,未扣成本·事後欄位以 m_ 標示·非投資建議
SEL,1,2025-01-07,2025-01-08,1325,恆大,TWSE,R,R_core,fCD,R2@5,3,22,命中,47,-1.492286,,atr14=0.932|n_lu_250=0.814|r20=0.936|c_ma120=0.893|vr20=0.865|days_since_lu=0.017|dt_ratio20=0.886|lend_to_v=0.307|rev_yoy=0.260|o_turn=0.887|o_log_mcap=0.109|o_lu_follow=0.850,"官方日成交結構(MI_INDEX/dailyQuotes)=1|發行股數(MI_QFIIS/dailyQuotes)=1|外資持股(MI_QFIIS,僅上市)=1|自營商(T86/上櫃三大法人)=1|當沖(TWTB4U/上櫃intraday)=1|季財報(MOPS t163sb04)=1|月營收(MOPS/openapi)=1|官方產業別(MOPS t05st03)=1|融資券(MI_MARGN)=1|借券(TWT93U)=1|法人(T86)=1",603,inf,250.0,official_prepanel,1473.15,29.0,0.0,1.0,0,1,2.794,2.059,-2.941,10280.0,0,未扣成本·事後欄位以 m_ 標示·非投資建議
SEL,1,2025-02-20,2025-02-21,3379,彬台,TPEx,R,R_core,fCD,R2@5,1,20,命中,1,-0.538268,,atr14=0.987|n_lu_250=0.997|r20=0.986|c_ma120=0.991|vr20=0.248|days_since_lu=0.023|dt_ratio20=NaN|lend_to_v=0.029|rev_yoy=0.983|o_turn=0.991|o_log_mcap=0.061|o_lu_follow=0.970,"官方日成交結構(MI_INDEX/dailyQuotes)=1|發行股數(MI_QFIIS/dailyQuotes)=1|外資持股(MI_QFIIS,僅上市)=0|自營商(T86/上櫃三大法人)=1|當沖(TWTB4U/上櫃intraday)=1|季財報(MOPS t163sb04)=1|月營收(MOPS/openapi)=1|官方產業別(MOPS t05st03)=1|融資券(MI_MARGN)=1|借券(TWT93U)=1|法人(T86)=1",628,inf,250.0,official_prepanel,13414.45,268.0,0.0,1.0,0,1,10.779,18.408,19.569,11623.0,0,未扣成本·事後欄位以 m_ 標示·非投資建議
SEL,1,2025-03-14,2025-03-17,2429,銘旺科,TWSE,R,R_core,fCD,R2@5,1,4,命中,6,-1.211339,,atr14=0.940|n_lu_250=0.950|r20=0.993|c_ma120=0.993|vr20=0.776|days_since_lu=0.033|dt_ratio20=0.983|lend_to_v=0.042|rev_yoy=0.961|o_turn=0.981|o_log_mcap=0.186|o_lu_follow=0.971,"官方日成交結構(MI_INDEX/dailyQuotes)=1|發行股數(MI_QFIIS/dailyQuotes)=1|外資持股(MI_QFIIS,僅上市)=1|自營商(T86/上櫃三大法人)=1|當沖(TWTB4U/上櫃intraday)=1|季財報(MOPS t163sb04)=1|月營收(MOPS/openapi)=1|官方產業別(MOPS t05st03)=1|融資券(MI_MARGN)=1|借券(TWT93U)=1|法人(T86)=1",643,inf,250.0,official_prepanel,8758.45,175.0,0.0,3.0,0,1,7.879,30.101,29.899,10226.0,0,未扣成本·事後欄位以 m_ 標示·非投資建議
SEL,1,2025-03-31,2025-04-01,3434,哲固,TPEx,R,R_core,fCD,R2@5,1,20,命中,14,-0.754325,,atr14=0.994|n_lu_250=0.818|r20=0.998|c_ma120=0.997|vr20=0.999|days_since_lu=0.002|dt_ratio20=NaN|lend_to_v=0.031|rev_yoy=0.524|o_turn=0.999|o_log_mcap=0.010|o_lu_follow=0.888,"官方日成交結構(MI_INDEX/dailyQuotes)=1|發行股數(MI_QFIIS/dailyQuotes)=1|外資持股(MI_QFIIS,僅上市)=0|自營商(T86/上櫃三大法人)=1|當沖(TWTB4U/上櫃intraday)=1|季財報(MOPS t163sb04)=1|月營收(MOPS/openapi)=1|官方產業別(MOPS t05st03)=1|融資券(MI_MARGN)=1|借券(TWT93U)=1|法人(T86)=1",654,inf,250.0,official_prepanel,4019.05,80.0,0.0,1.0,0,1,8.458,6.343,70.647,5498.0,0,未扣成本·事後欄位以 m_ 標示·非投資建議
SEL,2,2025-04-22,2025-04-23,2468,華經,TWSE,R,R_core,fCD,R2@5,5,54,命中,9,-0.763509,,atr14=0.977|n_lu_250=0.960|r20=0.999|c_ma120=1.000|vr20=0.957|days_since_lu=0.052|dt_ratio20=NaN|lend_to_v=0.018|rev_yoy=0.930|o_turn=1.000|o_log_mcap=0.252|o_lu_follow=0.968,"官方日成交結構(MI_INDEX/dailyQuotes)=1|發行股數(MI_QFIIS/dailyQuotes)=1|外資持股(MI_QFIIS,僅上市)=1|自營商(T86/上櫃三大法人)=1|當沖(TWTB4U/上櫃intraday)=1|季財報(MOPS t163sb04)=1|月營收(MOPS/openapi)=1|官方產業別(MOPS t05st03)=1|融資券(MI_MARGN)=1|借券(TWT93U)=1|法人(T86)=1",668,inf,250.0,official_prepanel,26970.75,539.0,0.0,4.0,0,1,6.457,27.559,22.362,13127.0,0,未扣成本·事後欄位以 m_ 標示·非投資建議
SEL,2,2025-04-22,2025-04-23,4949,有成精密,TWSE,R,R_core,fCD,R2@5,1,54,命中,5,-0.369348,,atr14=0.980|n_lu_250=0.920|r20=0.992|c_ma120=1.000|vr20=0.992|days_since_lu=0.005|dt_ratio20=NaN|lend_to_v=0.027|rev_yoy=0.134|o_turn=0.998|o_log_mcap=0.124|o_lu_follow=0.983,"官方日成交結構(MI_INDEX/dailyQuotes)=1|發行股數(MI_QFIIS/dailyQuotes)=1|外資持股(MI_QFIIS,僅上市)=1|自營商(T86/上櫃三大法人)=1|當沖(TWTB4U/上櫃intraday)=1|季財報(MOPS t163sb04)=1|月營收(MOPS/openapi)=1|官方產業別(MOPS t05st03)=1|融資券(MI_MARGN)=1|借券(TWT93U)=1|法人(T86)=1",230,230.0,230.0,official,7598.1,151.0,0.0,2.0,0,1,3.469,37.321,20.096,5314.0,0,未扣成本·事後欄位以 m_ 標示·非投資建議
SEL,2,2025-04-22,2025-04-23,5251,天鉞電,TPEx,R,R_core,fCD,R2@5,4,54,命中,3,-0.602647,,atr14=0.993|n_lu_250=0.990|r20=1.000|c_ma120=1.000|vr20=0.999|days_since_lu=0.005|dt_ratio20=NaN|lend_to_v=0.024|rev_yoy=0.878|o_turn=1.000|o_log_mcap=0.022|o_lu_follow=0.965,"官方日成交結構(MI_INDEX/dailyQuotes)=1|發行股數(MI_QFIIS/dailyQuotes)=1|外資持股(MI_QFIIS,僅上市)=0|自營商(T86/上櫃三大法人)=1|當沖(TWTB4U/上櫃intraday)=1|季財報(MOPS t163sb04)=1|月營收(MOPS/openapi)=1|官方產業別(MOPS t05st03)=1|融資券(MI_MARGN)=1|借券(TWT93U)=1|法人(T86)=1",668,inf,250.0,official_prepanel,5983.55,119.0,0.0,3.0,0,1,4.717,27.358,17.689,8400.0,0,未扣成本·事後欄位以 m_ 標示·非投資建議
SEL,2,2025-04-23,2025-04-24,6113,亞矽,TPEx,R,R_core,fCD,R2@5,1,46,命中,33,-0.28158,,atr14=0.962|n_lu_250=0.959|r20=0.661|c_ma120=0.951|vr20=0.987|days_since_lu=0.016|dt_ratio20=NaN|lend_to_v=0.112|rev_yoy=0.146|o_turn=0.976|o_log_mcap=0.013|o_lu_follow=0.991,"官方日成交結構(MI_INDEX/dailyQuotes)=1|發行股數(MI_QFIIS/dailyQuotes)=1|外資持股(MI_QFIIS,僅上市)=0|自營商(T86/上櫃三大法人)=1|當沖(TWTB4U/上櫃intraday)=1|季財報(MOPS t163sb04)=1|月營收(MOPS/openapi)=1|官方產業別(MOPS t05st03)=1|融資券(MI_MARGN)=1|借券(TWT93U)=1|法人(T86)=1",669,inf,250.0,official_prepanel,968.65,19.0,0.0,1.0,0,1,8.705,28.662,24.204,4187.0,0,未扣成本·事後欄位以 m_ 標示·非投資建議
SEL,2,2025-05-19,2025-05-20,4946,辣椒,TPEx,R,R_core,fCD,R2@5,5,26,命中,1,-1.277913,,atr14=0.988|n_lu_250=0.997|r20=1.000|c_ma120=1.000|vr20=0.110|days_since_lu=0.134|dt_ratio20=NaN|lend_to_v=NaN|rev_yoy=0.993|o_turn=0.852|o_log_mcap=0.025|o_lu_follow=0.999,"官方日成交結構(MI_INDEX/dailyQuotes)=1|發行股數(MI_QFIIS/dailyQuotes)=1|外資持股(MI_QFIIS,僅上市)=0|自營商(T86/上櫃三大法人)=1|當沖(TWTB4U/上櫃intraday)=0|季財報(MOPS t163sb04)=1|月營收(MOPS/openapi)=1|官方產業別(MOPS t05st03)=1|融資券(MI_MARGN)=0|借券(TWT93U)=0|法人(T86)=1",686,inf,250.0,official_prepanel,421.45,4.0,1.0,0.0,0,1,9.794,22.423,-2.062,433.0,1,未扣成本·事後欄位以 m_ 標示·非投資建議
SEL,2,2025-06-02,2025-06-03,6276,安鈦克,TPEx,R,R_core,fCD,R2@5,1,25,命中,81,-1.235675,,atr14=0.978|n_lu_250=0.958|r20=0.449|c_ma120=0.987|vr20=0.998|days_since_lu=0.002|dt_ratio20=NaN|lend_to_v=0.018|rev_yoy=0.864|o_turn=0.993|o_log_mcap=0.008|o_lu_follow=0.993,"官方日成交結構(MI_INDEX/dailyQuotes)=1|發行股數(MI_QFIIS/dailyQuotes)=1|外資持股(MI_QFIIS,僅上市)=0|自營商(T86/上櫃三大法人)=1|當沖(TWTB4U/上櫃intraday)=1|季財報(MOPS t163sb04)=1|月營收(MOPS/openapi)=1|官方產業別(MOPS t05st03)=1|融資券(MI_MARGN)=1|借券(TWT93U)=1|法人(T86)=1",695,inf,250.0,official_prepanel,538.3,10.0,0.0,0.0,0,1,5.657,35.152,16.566,831.0,0,未扣成本·事後欄位以 m_ 標示·非投資建議
SEL,2,2025-06-25,2025-06-26,3297,杭特,TPEx,R,R_core,fCD,R2@5,2,19,命中,26,-1.311827,,atr14=0.982|n_lu_250=0.995|r20=0.669|c_ma120=0.996|vr20=0.249|days_since_lu=0.035|dt_ratio20=NaN|lend_to_v=0.015|rev_yoy=0.309|o_turn=0.980|o_log_mcap=0.037|o_lu_follow=0.945,"官方日成交結構(MI_INDEX/dailyQuotes)=1|發行股數(MI_QFIIS/dailyQuotes)=1|外資持股(MI_QFIIS,僅上市)=0|自營商(T86/上櫃三大法人)=1|當沖(TWTB4U/上櫃intraday)=1|季財報(MOPS t163sb04)=1|月營收(MOPS/openapi)=1|官方產業別(MOPS t05st03)=1|融資券(MI_MARGN)=1|借券(TWT93U)=1|法人(T86)=1",712,inf,250.0,official_prepanel,8853.85,177.0,0.0,4.0,0,1,8.874,30.087,49.567,8637.0,0,未扣成本·事後欄位以 m_ 標示·非投資建議
SEL,2,2025-06-27,2025-06-30,5475,德宏,TPEx,R,R_core,fCD,R2@5,1,20,命中,12,-0.876016,,atr14=1.000|n_lu_250=0.868|r20=0.994|c_ma120=1.000|vr20=0.790|days_since_lu=0.059|dt_ratio20=NaN|lend_to_v=0.006|rev_yoy=0.630|o_turn=0.931|o_log_mcap=0.139|o_lu_follow=0.969,"官方日成交結構(MI_INDEX/dailyQuotes)=1|發行股數(MI_QFIIS/dailyQuotes)=1|外資持股(MI_QFIIS,僅上市)=0|自營商(T86/上櫃三大法人)=1|當沖(TWTB4U/上櫃intraday)=0|季財報(MOPS t163sb04)=1|月營收(MOPS/openapi)=1|官方產業別(MOPS t05st03)=1|融資券(MI_MARGN)=1|借券(TWT93U)=1|法人(T86)=1",714,inf,250.0,official_prepanel,5023.9,100.0,0.0,2.0,0,1,11.73,18.489,19.682,5552.0,0,未扣成本·事後欄位以 m_ 標示·非投資建議
SEL,2,2025-06-27,2025-06-30,5498,凱崴,TPEx,R,R_core,fCD,R2@5,3,20,命中,128,-1.653833,,atr14=0.916|n_lu_250=0.607|r20=0.894|c_ma120=0.667|vr20=0.822|days_since_lu=0.036|dt_ratio20=NaN|lend_to_v=0.172|rev_yoy=0.511|o_turn=0.697|o_log_mcap=0.057|o_lu_follow=0.869,"官方日成交結構(MI_INDEX/dailyQuotes)=1|發行股數(MI_QFIIS/dailyQuotes)=1|外資持股(MI_QFIIS,僅上市)=0|自營商(T86/上櫃三大法人)=1|當沖(TWTB4U/上櫃intraday)=1|季財報(MOPS t163sb04)=1|月營收(MOPS/openapi)=1|官方產業別(MOPS t05st03)=1|融資券(MI_MARGN)=1|借券(TWT93U)=1|法人(T86)=1",714,inf,250.0,official_prepanel,1281.6,25.0,0.0,1.0,0,1,10.396,29.703,27.723,6050.0,0,未扣成本·事後欄位以 m_ 標示·非投資建議
SEL,3,2025-07-16,2025-07-17,3543,州巧,TWSE,R,R_core,fCD,R2@5,1,14,命中,48,-1.398747,,atr14=0.954|n_lu_250=0.668|r20=0.985|c_ma120=0.944|vr20=0.760|days_since_lu=0.043|dt_ratio20=0.946|lend_to_v=0.023|rev_yoy=0.433|o_turn=0.911|o_log_mcap=0.069|o_lu_follow=0.833,"官方日成交結構(MI_INDEX/dailyQuotes)=1|發行股數(MI_QFIIS/dailyQuotes)=1|外資持股(MI_QFIIS,僅上市)=1|自營商(T86/上櫃三大法人)=1|當沖(TWTB4U/上櫃intraday)=1|季財報(MOPS t163sb04)=1|月營收(MOPS/openapi)=1|官方產業別(MOPS t05st03)=1|融資券(MI_MARGN)=1|借券(TWT93U)=1|法人(T86)=1",727,inf,250.0,official_prepanel,2715.15,54.0,0.0,4.0,0,1,9.004,15.326,51.149,5410.0,0,未扣成本·事後欄位以 m_ 標示·非投資建議
SEL,3,2025-07-23,2025-07-24,3543,州巧,TWSE,R,R_core,fCD,R2@5,2,11,命中,18,-1.508466,,atr14=0.997|n_lu_250=0.781|r20=0.997|c_ma120=0.986|vr20=0.667|days_since_lu=0.016|dt_ratio20=0.976|lend_to_v=0.021|rev_yoy=0.435|o_turn=0.964|o_log_mcap=0.099|o_lu_follow=0.901,"官方日成交結構(MI_INDEX/dailyQuotes)=1|發行股數(MI_QFIIS/dailyQuotes)=1|外資持股(MI_QFIIS,僅上市)=1|自營商(T86/上櫃三大法人)=1|當沖(TWTB4U/上櫃intraday)=1|季財報(MOPS t163sb04)=1|月營收(MOPS/openapi)=1|官方產業別(MOPS t05st03)=1|融資券(MI_MARGN)=1|借券(TWT93U)=1|法人(T86)=1",732,inf,250.0,official_prepanel,6361.75,127.0,0.0,2.0,0,1,9.784,30.846,19.403,13731.0,0,未扣成本·事後欄位以 m_ 標示·非投資建議
SEL,3,2025-08-11,2025-08-12,5498,凱崴,TPEx,R,R_core,fCD,R2@5,3,28,命中,8,-1.5426,,atr14=0.984|n_lu_250=0.894|r20=0.996|c_ma120=0.994|vr20=0.586|days_since_lu=0.077|dt_ratio20=NaN|lend_to_v=0.032|rev_yoy=0.664|o_turn=0.985|o_log_mcap=0.164|o_lu_follow=0.936,"官方日成交結構(MI_INDEX/dailyQuotes)=1|發行股數(MI_QFIIS/dailyQuotes)=1|外資持股(MI_QFIIS,僅上市)=0|自營商(T86/上櫃三大法人)=1|當沖(TWTB4U/上櫃intraday)=1|季財報(MOPS t163sb04)=1|月營收(MOPS/openapi)=1|官方產業別(MOPS t05st03)=1|融資券(MI_MARGN)=1|借券(TWT93U)=1|法人(T86)=1",745,inf,250.0,official_prepanel,25248.85,504.0,0.0,1.0,0,1,8.232,34.625,20.339,66891.0,0,未扣成本·事後欄位以 m_ 標示·非投資建議
SEL,3,2025-08-12,2025-08-13,6727,亞泰金屬,TPEx,R,R_core,fCD,R2@5,4,27,命中,53,-1.284267,,atr14=0.797|n_lu_250=0.756|r20=1.000|c_ma120=0.998|vr20=0.879|days_since_lu=0.013|dt_ratio20=NaN|lend_to_v=NaN|rev_yoy=0.731|o_turn=0.926|o_log_mcap=0.146|o_lu_follow=0.999,"官方日成交結構(MI_INDEX/dailyQuotes)=1|發行股數(MI_QFIIS/dailyQuotes)=1|外資持股(MI_QFIIS,僅上市)=0|自營商(T86/上櫃三大法人)=1|當沖(TWTB4U/上櫃intraday)=0|季財報(MOPS t163sb04)=1|月營收(MOPS/openapi)=1|官方產業別(MOPS t05st03)=1|融資券(MI_MARGN)=0|借券(TWT93U)=0|法人(T86)=1",746,inf,250.0,official_prepanel,717.65,7.0,1.0,4.0,0,1,2.73,14.676,21.16,1477.0,1,未扣成本·事後欄位以 m_ 標示·非投資建議
SEL,3,2025-08-13,2025-08-14,4577,達航科技,TPEx,R,R_core,fCD,R2@5,1,32,命中,3,-0.564143,,atr14=0.961|n_lu_250=0.991|r20=0.989|c_ma120=0.955|vr20=0.858|days_since_lu=0.085|dt_ratio20=NaN|lend_to_v=0.037|rev_yoy=0.827|o_turn=0.856|o_log_mcap=0.021|o_lu_follow=0.707,"官方日成交結構(MI_INDEX/dailyQuotes)=1|發行股數(MI_QFIIS/dailyQuotes)=1|外資持股(MI_QFIIS,僅上市)=0|自營商(T86/上櫃三大法人)=1|當沖(TWTB4U/上櫃intraday)=1|季財報(MOPS t163sb04)=1|月營收(MOPS/openapi)=1|官方產業別(MOPS t05st03)=1|融資券(MI_MARGN)=1|借券(TWT93U)=1|法人(T86)=1",747,inf,250.0,official_prepanel,862.05,17.0,0.0,3.0,0,1,3.221,7.515,-1.687,1920.0,0,未扣成本·事後欄位以 m_ 標示·非投資建議
SEL,3,2025-09-15,2025-09-16,4577,達航科技,TPEx,R,R_core,fCD,R2@5,1,30,命中,273,-1.304808,,atr14=0.985|n_lu_250=0.999|r20=0.016|c_ma120=0.934|vr20=0.688|days_since_lu=0.051|dt_ratio20=NaN|lend_to_v=0.056|rev_yoy=0.646|o_turn=0.836|o_log_mcap=0.033|o_lu_follow=0.879,"官方日成交結構(MI_INDEX/dailyQuotes)=1|發行股數(MI_QFIIS/dailyQuotes)=1|外資持股(MI_QFIIS,僅上市)=0|自營商(T86/上櫃三大法人)=1|當沖(TWTB4U/上櫃intraday)=1|季財報(MOPS t163sb04)=1|月營收(MOPS/openapi)=1|官方產業別(MOPS t05st03)=1|融資券(MI_MARGN)=1|借券(TWT93U)=1|法人(T86)=1",770,inf,250.0,official_prepanel,1220.9,24.0,0.0,1.0,0,1,8.748,11.161,12.066,691.0,0,未扣成本·事後欄位以 m_ 標示·非投資建議
SEL,3,2025-09-19,2025-09-22,6418,詠昇,TPEx,R,R_core,fCD,R2@5,5,30,命中,23,-1.707085,,atr14=0.910|n_lu_250=0.864|r20=0.994|c_ma120=0.999|vr20=0.004|days_since_lu=0.127|dt_ratio20=NaN|lend_to_v=0.031|rev_yoy=0.271|o_turn=0.484|o_log_mcap=0.041|o_lu_follow=0.984,"官方日成交結構(MI_INDEX/dailyQuotes)=1|發行股數(MI_QFIIS/dailyQuotes)=1|外資持股(MI_QFIIS,僅上市)=0|自營商(T86/上櫃三大法人)=1|當沖(TWTB4U/上櫃intraday)=0|季財報(MOPS t163sb04)=1|月營收(MOPS/openapi)=1|官方產業別(MOPS t05st03)=1|融資券(MI_MARGN)=1|借券(TWT93U)=1|法人(T86)=1",774,inf,250.0,official_prepanel,1976.95,19.0,1.0,0.0,0,1,8.915,45.349,43.411,576.0,1,未扣成本·事後欄位以 m_ 標示·非投資建議
SEL,4,2025-11-04,2025-11-05,6573,虹揚-KY,TWSE,R,R_core,fCD,R2@5,3,38,命中,8,-1.739429,,atr14=0.988|n_lu_250=0.960|r20=0.979|c_ma120=0.892|vr20=0.733|days_since_lu=0.025|dt_ratio20=NaN|lend_to_v=0.012|rev_yoy=0.388|o_turn=0.572|o_log_mcap=0.006|o_lu_follow=0.987,"官方日成交結構(MI_INDEX/dailyQuotes)=1|發行股數(MI_QFIIS/dailyQuotes)=1|外資持股(MI_QFIIS,僅上市)=1|自營商(T86/上櫃三大法人)=1|當沖(TWTB4U/上櫃intraday)=0|季財報(MOPS t163sb04)=1|月營收(MOPS/openapi)=1|官方產業別(MOPS t05st03)=1|融資券(MI_MARGN)=1|借券(TWT93U)=1|法人(T86)=1",802,inf,250.0,official_prepanel,502.45,10.0,0.0,3.0,0,1,9.16,27.481,20.611,484.0,0,未扣成本·事後欄位以 m_ 標示·非投資建議
SEL,4,2025-11-19,2025-11-20,8043,蜜望實,TPEx,R,R_core,fCD,R2@5,1,26,命中,8,-0.783386,,atr14=0.918|n_lu_250=0.969|r20=0.987|c_ma120=0.999|vr20=0.997|days_since_lu=0.016|dt_ratio20=NaN|lend_to_v=0.029|rev_yoy=0.899|o_turn=1.000|o_log_mcap=0.271|o_lu_follow=0.943,"官方日成交結構(MI_INDEX/dailyQuotes)=1|發行股數(MI_QFIIS/dailyQuotes)=1|外資持股(MI_QFIIS,僅上市)=0|自營商(T86/上櫃三大法人)=1|當沖(TWTB4U/上櫃intraday)=1|季財報(MOPS t163sb04)=1|月營收(MOPS/openapi)=1|官方產業別(MOPS t05st03)=1|融資券(MI_MARGN)=1|借券(TWT93U)=1|法人(T86)=1",813,inf,250.0,official_prepanel,19012.55,380.0,0.0,3.0,1,0,0.0,2.732,16.53,7705.0,0,未扣成本·事後欄位以 m_ 標示·非投資建議
SEL,4,2025-11-21,2025-11-24,2413,環科,TWSE,R,R_core,fCD,R2@5,4,22,命中,64,-1.854488,,atr14=0.728|n_lu_250=0.795|r20=0.946|c_ma120=0.902|vr20=0.848|days_since_lu=0.017|dt_ratio20=0.967|lend_to_v=0.145|rev_yoy=0.324|o_turn=0.858|o_log_mcap=0.136|o_lu_follow=0.678,"官方日成交結構(MI_INDEX/dailyQuotes)=1|發行股數(MI_QFIIS/dailyQuotes)=1|外資持股(MI_QFIIS,僅上市)=1|自營商(T86/上櫃三大法人)=1|當沖(TWTB4U/上櫃intraday)=1|季財報(MOPS t163sb04)=1|月營收(MOPS/openapi)=1|官方產業別(MOPS t05st03)=1|融資券(MI_MARGN)=1|借券(TWT93U)=1|法人(T86)=1",815,inf,250.0,official_prepanel,2164.55,43.0,0.0,0.0,0,1,8.542,20.208,12.917,6504.0,0,未扣成本·事後欄位以 m_ 標示·非投資建議
SEL,4,2025-11-28,2025-12-01,4939,亞電,TPEx,R,R_core,fCD,R2@5,3,18,命中,50,-1.17861,,atr14=0.954|n_lu_250=0.726|r20=0.993|c_ma120=0.966|vr20=0.990|days_since_lu=0.005|dt_ratio20=NaN|lend_to_v=0.053|rev_yoy=0.318|o_turn=1.000|o_log_mcap=0.120|o_lu_follow=0.711,"官方日成交結構(MI_INDEX/dailyQuotes)=1|發行股數(MI_QFIIS/dailyQuotes)=1|外資持股(MI_QFIIS,僅上市)=0|自營商(T86/上櫃三大法人)=1|當沖(TWTB4U/上櫃intraday)=1|季財報(MOPS t163sb04)=1|月營收(MOPS/openapi)=1|官方產業別(MOPS t05st03)=1|融資券(MI_MARGN)=1|借券(TWT93U)=1|法人(T86)=1",820,inf,250.0,official_prepanel,13350.0,267.0,0.0,2.0,0,1,10.312,15.469,20.938,33273.0,0,未扣成本·事後欄位以 m_ 標示·非投資建議
SEL,4,2025-12-05,2025-12-08,5475,德宏,TPEx,R,R_core,fCD,R2@5,4,26,命中,13,-1.613077,,atr14=0.978|n_lu_250=0.995|r20=0.890|c_ma120=0.969|vr20=0.854|days_since_lu=0.021|dt_ratio20=NaN|lend_to_v=0.011|rev_yoy=0.901|o_turn=0.899|o_log_mcap=0.364|o_lu_follow=0.969,"官方日成交結構(MI_INDEX/dailyQuotes)=1|發行股數(MI_QFIIS/dailyQuotes)=1|外資持股(MI_QFIIS,僅上市)=0|自營商(T86/上櫃三大法人)=1|當沖(TWTB4U/上櫃intraday)=0|季財報(MOPS t163sb04)=1|月營收(MOPS/openapi)=1|官方產業別(MOPS t05st03)=1|融資券(MI_MARGN)=1|借券(TWT93U)=1|法人(T86)=1",825,inf,250.0,official_prepanel,3457.75,69.0,0.0,3.0,0,1,5.579,8.089,15.76,5691.0,0,未扣成本·事後欄位以 m_ 標示·非投資建議
SEL,4,2025-12-11,2025-12-12,6588,東典光電,TPEx,R,R_core,fCD,R2@5,4,23,命中,27,-1.519605,,atr14=0.947|n_lu_250=0.830|r20=0.996|c_ma120=0.965|vr20=0.986|days_since_lu=0.089|dt_ratio20=NaN|lend_to_v=0.025|rev_yoy=0.441|o_turn=0.977|o_log_mcap=0.018|o_lu_follow=0.953,"官方日成交結構(MI_INDEX/dailyQuotes)=1|發行股數(MI_QFIIS/dailyQuotes)=1|外資持股(MI_QFIIS,僅上市)=0|自營商(T86/上櫃三大法人)=1|當沖(TWTB4U/上櫃intraday)=1|季財報(MOPS t163sb04)=1|月營收(MOPS/openapi)=1|官方產業別(MOPS t05st03)=1|融資券(MI_MARGN)=1|借券(TWT93U)=1|法人(T86)=1",829,inf,250.0,official_prepanel,867.85,17.0,0.0,1.0,0,1,7.471,4.138,14.368,3893.0,0,未扣成本·事後欄位以 m_ 標示·非投資建議
SEL,4,2025-12-24,2025-12-26,3354,律勝,TPEx,R,R_core,fCD,R2@5,2,26,命中,22,-1.223874,,atr14=0.984|n_lu_250=0.872|r20=0.992|c_ma120=0.959|vr20=0.977|days_since_lu=0.006|dt_ratio20=NaN|lend_to_v=0.049|rev_yoy=0.098|o_turn=0.967|o_log_mcap=0.038|o_lu_follow=0.926,"官方日成交結構(MI_INDEX/dailyQuotes)=1|發行股數(MI_QFIIS/dailyQuotes)=1|外資持股(MI_QFIIS,僅上市)=0|自營商(T86/上櫃三大法人)=1|當沖(TWTB4U/上櫃intraday)=1|季財報(MOPS t163sb04)=1|月營收(MOPS/openapi)=1|官方產業別(MOPS t05st03)=1|融資券(MI_MARGN)=1|借券(TWT93U)=1|法人(T86)=1",838,inf,250.0,official_prepanel,1697.0,33.0,0.0,0.0,0,1,7.795,9.316,1.331,3937.0,0,未扣成本·事後欄位以 m_ 標示·非投資建議
HC,1,2026-01-08,2026-01-09,5291,邑昇,TPEx,R,R_core,fCD,R2@5,3,47,命中,240,-1.155769,,atr14=0.714|n_lu_250=0.334|r20=0.909|c_ma120=0.914|vr20=0.911|days_since_lu=0.036|dt_ratio20=NaN|lend_to_v=0.052|rev_yoy=0.699|o_turn=0.837|o_log_mcap=0.011|o_lu_follow=0.966,"官方日成交結構(MI_INDEX/dailyQuotes)=1|發行股數(MI_QFIIS/dailyQuotes)=1|外資持股(MI_QFIIS,僅上市)=0|自營商(T86/上櫃三大法人)=1|當沖(TWTB4U/上櫃intraday)=1|季財報(MOPS t163sb04)=1|月營收(MOPS/openapi)=1|官方產業別(MOPS t05st03)=1|融資券(MI_MARGN)=1|借券(TWT93U)=1|法人(T86)=1",847,inf,250.0,official_prepanel,463.75,9.0,0.0,1.0,0,1,9.955,19.614,3.863,3111.0,0,未扣成本·事後欄位以 m_ 標示·非投資建議
HC,1,2026-01-08,2026-01-09,6163,華電網,TPEx,R,R_core,fCD,R2@5,5,47,命中,13,-1.251036,,atr14=0.990|n_lu_250=0.904|r20=0.954|c_ma120=0.989|vr20=0.597|days_since_lu=0.129|dt_ratio20=NaN|lend_to_v=0.205|rev_yoy=0.179|o_turn=0.949|o_log_mcap=0.328|o_lu_follow=0.904,"官方日成交結構(MI_INDEX/dailyQuotes)=1|發行股數(MI_QFIIS/dailyQuotes)=1|外資持股(MI_QFIIS,僅上市)=0|自營商(T86/上櫃三大法人)=1|當沖(TWTB4U/上櫃intraday)=1|季財報(MOPS t163sb04)=1|月營收(MOPS/openapi)=1|官方產業別(MOPS t05st03)=1|融資券(MI_MARGN)=1|借券(TWT93U)=1|法人(T86)=1",847,inf,250.0,official_prepanel,8115.3,162.0,0.0,0.0,0,1,6.989,29.032,24.194,19331.0,0,未扣成本·事後欄位以 m_ 標示·非投資建議
HC,1,2026-02-09,2026-02-10,6588,東典光電,TPEx,R,R_core,fCD,R2@5,5,51,命中,12,-1.301399,,atr14=0.903|n_lu_250=0.939|r20=0.996|c_ma120=0.998|vr20=0.351|days_since_lu=0.025|dt_ratio20=NaN|lend_to_v=0.040|rev_yoy=0.678|o_turn=0.927|o_log_mcap=0.118|o_lu_follow=0.916,"官方日成交結構(MI_INDEX/dailyQuotes)=1|發行股數(MI_QFIIS/dailyQuotes)=1|外資持股(MI_QFIIS,僅上市)=0|自營商(T86/上櫃三大法人)=1|當沖(TWTB4U/上櫃intraday)=0|季財報(MOPS t163sb04)=1|月營收(MOPS/openapi)=1|官方產業別(MOPS t05st03)=1|融資券(MI_MARGN)=1|借券(TWT93U)=1|法人(T86)=1",869,inf,250.0,official_prepanel,2878.35,28.0,1.0,3.0,1,0,0.0,23.515,0.95,1956.0,1,未扣成本·事後欄位以 m_ 標示·非投資建議
HC,1,2026-02-25,2026-02-26,8289,泰藝,TPEx,R,R_core,fCD,R2@5,3,43,命中,56,-1.122927,,atr14=0.946|n_lu_250=0.763|r20=0.960|c_ma120=0.955|vr20=0.985|days_since_lu=0.098|dt_ratio20=NaN|lend_to_v=0.173|rev_yoy=0.530|o_turn=0.969|o_log_mcap=0.077|o_lu_follow=0.887,"官方日成交結構(MI_INDEX/dailyQuotes)=1|發行股數(MI_QFIIS/dailyQuotes)=1|外資持股(MI_QFIIS,僅上市)=0|自營商(T86/上櫃三大法人)=1|當沖(TWTB4U/上櫃intraday)=1|季財報(MOPS t163sb04)=1|月營收(MOPS/openapi)=1|官方產業別(MOPS t05st03)=1|融資券(MI_MARGN)=1|借券(TWT93U)=1|法人(T86)=1",874,inf,250.0,official_prepanel,1491.5,29.0,0.0,0.0,0,1,4.911,8.631,0.0,4852.0,0,未扣成本·事後欄位以 m_ 標示·非投資建議
HC,1,2026-02-26,2026-03-02,6152,百一,TWSE,R,R_core,fCD,R2@5,2,52,命中,37,-0.815267,,atr14=0.916|n_lu_250=0.909|r20=0.965|c_ma120=0.982|vr20=0.916|days_since_lu=0.011|dt_ratio20=NaN|lend_to_v=0.016|rev_yoy=0.736|o_turn=0.979|o_log_mcap=0.145|o_lu_follow=0.882,"官方日成交結構(MI_INDEX/dailyQuotes)=1|發行股數(MI_QFIIS/dailyQuotes)=1|外資持股(MI_QFIIS,僅上市)=1|自營商(T86/上櫃三大法人)=1|當沖(TWTB4U/上櫃intraday)=0|季財報(MOPS t163sb04)=1|月營收(MOPS/openapi)=1|官方產業別(MOPS t05st03)=1|融資券(MI_MARGN)=1|借券(TWT93U)=1|法人(T86)=1",875,inf,250.0,official_prepanel,5884.95,117.0,0.0,0.0,0,1,17.251,18.421,11.696,14821.0,0,未扣成本·事後欄位以 m_ 標示·非投資建議
HC,1,2026-03-10,2026-03-11,4764,雙鍵,TWSE,R,R_core,fCD,R2@5,3,88,命中,24,-1.20407,,atr14=0.950|n_lu_250=0.995|r20=0.942|c_ma120=0.994|vr20=0.981|days_since_lu=0.011|dt_ratio20=0.953|lend_to_v=0.065|rev_yoy=0.289|o_turn=0.990|o_log_mcap=0.498|o_lu_follow=0.976,"官方日成交結構(MI_INDEX/dailyQuotes)=1|發行股數(MI_QFIIS/dailyQuotes)=1|外資持股(MI_QFIIS,僅上市)=1|自營商(T86/上櫃三大法人)=1|當沖(TWTB4U/上櫃intraday)=1|季財報(MOPS t163sb04)=1|月營收(MOPS/openapi)=1|官方產業別(MOPS t05st03)=1|融資券(MI_MARGN)=1|借券(TWT93U)=1|法人(T86)=1",882,inf,250.0,official_prepanel,3214.55,64.0,0.0,2.0,0,1,7.971,10.87,-6.522,4050.0,0,未扣成本·事後欄位以 m_ 標示·非投資建議
HC,1,2026-03-12,2026-03-13,1735,日勝化,TWSE,R,R_core,fCD,R2@5,1,67,命中,45,-0.829279,,atr14=0.973|n_lu_250=0.905|r20=0.959|c_ma120=0.938|vr20=0.953|days_since_lu=0.021|dt_ratio20=0.847|lend_to_v=0.191|rev_yoy=0.048|o_turn=0.911|o_log_mcap=0.053|o_lu_follow=0.889,"官方日成交結構(MI_INDEX/dailyQuotes)=1|發行股數(MI_QFIIS/dailyQuotes)=1|外資持股(MI_QFIIS,僅上市)=1|自營商(T86/上櫃三大法人)=1|當沖(TWTB4U/上櫃intraday)=1|季財報(MOPS t163sb04)=1|月營收(MOPS/openapi)=1|官方產業別(MOPS t05st03)=1|融資券(MI_MARGN)=1|借券(TWT93U)=1|法人(T86)=1",884,inf,250.0,official_prepanel,1222.45,24.0,0.0,0.0,0,1,10.465,47.442,24.651,3443.0,0,未扣成本·事後欄位以 m_ 標示·非投資建議
HC,1,2026-03-17,2026-03-18,3555,博士旺,TPEx,R,R_core,fCD,R2@5,4,56,命中,20,-1.232367,,atr14=0.843|n_lu_250=0.995|r20=0.997|c_ma120=0.998|vr20=0.711|days_since_lu=0.014|dt_ratio20=NaN|lend_to_v=0.044|rev_yoy=0.993|o_turn=0.664|o_log_mcap=0.325|o_lu_follow=0.998,"官方日成交結構(MI_INDEX/dailyQuotes)=1|發行股數(MI_QFIIS/dailyQuotes)=1|外資持股(MI_QFIIS,僅上市)=0|自營商(T86/上櫃三大法人)=1|當沖(TWTB4U/上櫃intraday)=0|季財報(MOPS t163sb04)=1|月營收(MOPS/openapi)=1|官方產業別(MOPS t05st03)=1|融資券(MI_MARGN)=1|借券(TWT93U)=1|法人(T86)=1",887,inf,250.0,official_prepanel,357.1,3.0,1.0,3.0,1,0,0.0,-18.826,-27.139,284.0,1,未扣成本·事後欄位以 m_ 標示·非投資建議
HC,1,2026-03-26,2026-03-27,6588,東典光電,TPEx,R,R_core,fCD,R2@5,1,88,命中,59,-0.261682,,atr14=0.984|n_lu_250=0.992|r20=0.749|c_ma120=0.993|vr20=0.978|days_since_lu=0.019|dt_ratio20=NaN|lend_to_v=0.057|rev_yoy=0.645|o_turn=0.985|o_log_mcap=0.158|o_lu_follow=0.965,"官方日成交結構(MI_INDEX/dailyQuotes)=1|發行股數(MI_QFIIS/dailyQuotes)=1|外資持股(MI_QFIIS,僅上市)=0|自營商(T86/上櫃三大法人)=1|當沖(TWTB4U/上櫃intraday)=1|季財報(MOPS t163sb04)=1|月營收(MOPS/openapi)=1|官方產業別(MOPS t05st03)=1|融資券(MI_MARGN)=1|借券(TWT93U)=1|法人(T86)=1",894,inf,250.0,official_prepanel,1938.75,38.0,0.0,1.0,0,1,11.848,24.171,42.18,5785.0,0,未扣成本·事後欄位以 m_ 標示·非投資建議
HC,2,2026-04-01,2026-04-02,4741,泓瀚,TPEx,R,R_core,fCD,R2@5,5,51,命中,73,-1.012885,,atr14=0.821|n_lu_250=0.722|r20=0.992|c_ma120=0.980|vr20=0.997|days_since_lu=0.012|dt_ratio20=NaN|lend_to_v=0.054|rev_yoy=0.772|o_turn=0.997|o_log_mcap=0.009|o_lu_follow=0.979,"官方日成交結構(MI_INDEX/dailyQuotes)=1|發行股數(MI_QFIIS/dailyQuotes)=1|外資持股(MI_QFIIS,僅上市)=0|自營商(T86/上櫃三大法人)=1|當沖(TWTB4U/上櫃intraday)=1|季財報(MOPS t163sb04)=1|月營收(MOPS/openapi)=1|官方產業別(MOPS t05st03)=1|融資券(MI_MARGN)=1|借券(TWT93U)=1|法人(T86)=1",898,inf,250.0,official_prepanel,1386.2,27.0,0.0,2.0,0,1,9.704,38.814,57.143,1721.0,1,未扣成本·事後欄位以 m_ 標示·非投資建議
HC,2,2026-04-07,2026-04-08,2426,鼎元,TWSE,R,R_core,fCD,R2@5,5,42,命中,28,-0.900181,,atr14=0.971|n_lu_250=0.826|r20=0.993|c_ma120=0.984|vr20=0.993|days_since_lu=0.003|dt_ratio20=NaN|lend_to_v=0.120|rev_yoy=0.298|o_turn=0.997|o_log_mcap=0.463|o_lu_follow=0.970,"官方日成交結構(MI_INDEX/dailyQuotes)=1|發行股數(MI_QFIIS/dailyQuotes)=1|外資持股(MI_QFIIS,僅上市)=1|自營商(T86/上櫃三大法人)=1|當沖(TWTB4U/上櫃intraday)=1|季財報(MOPS t163sb04)=1|月營收(MOPS/openapi)=1|官方產業別(MOPS t05st03)=1|融資券(MI_MARGN)=1|借券(TWT93U)=1|法人(T86)=1",900,inf,250.0,official_prepanel,16507.15,330.0,0.0,0.0,0,1,7.565,45.53,46.905,47309.0,0,未扣成本·事後欄位以 m_ 標示·非投資建議
HC,2,2026-04-09,2026-04-10,4577,達航科技,TPEx,R,R_core,fCD,R2@5,2,43,命中,5,-0.6908,,atr14=0.991|n_lu_250=0.999|r20=0.960|c_ma120=0.988|vr20=0.936|days_since_lu=0.033|dt_ratio20=NaN|lend_to_v=0.047|rev_yoy=0.911|o_turn=0.980|o_log_mcap=0.271|o_lu_follow=0.970,"官方日成交結構(MI_INDEX/dailyQuotes)=1|發行股數(MI_QFIIS/dailyQuotes)=1|外資持股(MI_QFIIS,僅上市)=0|自營商(T86/上櫃三大法人)=1|當沖(TWTB4U/上櫃intraday)=1|季財報(MOPS t163sb04)=1|月營收(MOPS/openapi)=1|官方產業別(MOPS t05st03)=1|融資券(MI_MARGN)=1|借券(TWT93U)=1|法人(T86)=1",902,inf,250.0,official_prepanel,2838.85,56.0,0.0,0.0,0,1,9.914,18.534,50.862,4370.0,0,未扣成本·事後欄位以 m_ 標示·非投資建議
HC,2,2026-04-13,2026-04-14,3093,港建*,TPEx,R,R_core,fCD,R2@5,3,60,命中,23,-0.427822,,atr14=0.969|n_lu_250=0.877|r20=0.999|c_ma120=0.994|vr20=0.891|days_since_lu=0.037|dt_ratio20=NaN|lend_to_v=0.050|rev_yoy=0.007|o_turn=0.915|o_log_mcap=0.371|o_lu_follow=0.994,"官方日成交結構(MI_INDEX/dailyQuotes)=1|發行股數(MI_QFIIS/dailyQuotes)=1|外資持股(MI_QFIIS,僅上市)=0|自營商(T86/上櫃三大法人)=1|當沖(TWTB4U/上櫃intraday)=1|季財報(MOPS t163sb04)=1|月營收(MOPS/openapi)=1|官方產業別(MOPS t05st03)=1|融資券(MI_MARGN)=1|借券(TWT93U)=1|法人(T86)=1",904,inf,250.0,official_prepanel,3164.55,63.0,0.0,3.0,0,1,6.173,13.426,-14.043,4507.0,0,未扣成本·事後欄位以 m_ 標示·非投資建議
HC,2,2026-04-14,2026-04-15,6141,柏承,TWSE,R,R_core,fCD,R2@5,4,82,命中,46,-0.604108,,atr14=0.982|n_lu_250=0.930|r20=0.859|c_ma120=0.970|vr20=0.412|days_since_lu=0.082|dt_ratio20=NaN|lend_to_v=0.016|rev_yoy=0.480|o_turn=0.727|o_log_mcap=0.087|o_lu_follow=0.999,"官方日成交結構(MI_INDEX/dailyQuotes)=1|發行股數(MI_QFIIS/dailyQuotes)=1|外資持股(MI_QFIIS,僅上市)=1|自營商(T86/上櫃三大法人)=1|當沖(TWTB4U/上櫃intraday)=0|季財報(MOPS t163sb04)=1|月營收(MOPS/openapi)=1|官方產業別(MOPS t05st03)=1|融資券(MI_MARGN)=1|借券(TWT93U)=1|法人(T86)=1",905,inf,250.0,official_prepanel,2260.0,45.0,0.0,0.0,0,1,10.0,48.723,34.255,2747.0,0,未扣成本·事後欄位以 m_ 標示·非投資建議
HC,2,2026-04-15,2026-04-16,3229,晟鈦,TWSE,R,R_core,fCD,R2@5,1,86,命中,79,-0.374511,,atr14=0.844|n_lu_250=0.977|r20=0.974|c_ma120=0.831|vr20=0.920|days_since_lu=0.048|dt_ratio20=NaN|lend_to_v=0.017|rev_yoy=0.885|o_turn=0.697|o_log_mcap=0.030|o_lu_follow=0.993,"官方日成交結構(MI_INDEX/dailyQuotes)=1|發行股數(MI_QFIIS/dailyQuotes)=1|外資持股(MI_QFIIS,僅上市)=1|自營商(T86/上櫃三大法人)=1|當沖(TWTB4U/上櫃intraday)=0|季財報(MOPS t163sb04)=1|月營收(MOPS/openapi)=1|官方產業別(MOPS t05st03)=1|融資券(MI_MARGN)=1|借券(TWT93U)=1|法人(T86)=1",906,inf,250.0,official_prepanel,394.9,7.0,0.0,1.0,1,0,0.0,42.576,33.989,457.0,0,未扣成本·事後欄位以 m_ 標示·非投資建議
HC,2,2026-04-15,2026-04-16,3555,博士旺,TPEx,R,R_core,fCD,R2@5,4,86,命中,24,-0.72124,,atr14=0.957|n_lu_250=1.000|r20=0.906|c_ma120=0.994|vr20=0.846|days_since_lu=0.048|dt_ratio20=NaN|lend_to_v=0.118|rev_yoy=0.996|o_turn=0.709|o_log_mcap=0.372|o_lu_follow=0.998,"官方日成交結構(MI_INDEX/dailyQuotes)=1|發行股數(MI_QFIIS/dailyQuotes)=1|外資持股(MI_QFIIS,僅上市)=0|自營商(T86/上櫃三大法人)=1|當沖(TWTB4U/上櫃intraday)=1|季財報(MOPS t163sb04)=1|月營收(MOPS/openapi)=1|官方產業別(MOPS t05st03)=1|融資券(MI_MARGN)=1|借券(TWT93U)=1|法人(T86)=1",906,inf,250.0,official_prepanel,340.75,6.0,0.0,3.0,1,0,0.0,4.651,3.805,1079.0,0,未扣成本·事後欄位以 m_ 標示·非投資建議
HC,2,2026-04-15,2026-04-16,5228,鈺鎧,TPEx,R,R_core,fCD,R2@5,2,86,命中,95,-0.465286,,atr14=0.752|n_lu_250=0.915|r20=0.984|c_ma120=0.924|vr20=0.971|days_since_lu=0.083|dt_ratio20=NaN|lend_to_v=0.093|rev_yoy=0.895|o_turn=0.947|o_log_mcap=0.010|o_lu_follow=0.888,"官方日成交結構(MI_INDEX/dailyQuotes)=1|發行股數(MI_QFIIS/dailyQuotes)=1|外資持股(MI_QFIIS,僅上市)=0|自營商(T86/上櫃三大法人)=1|當沖(TWTB4U/上櫃intraday)=1|季財報(MOPS t163sb04)=1|月營收(MOPS/openapi)=1|官方產業別(MOPS t05st03)=1|融資券(MI_MARGN)=1|借券(TWT93U)=1|法人(T86)=1",906,inf,250.0,official_prepanel,720.0,14.0,0.0,0.0,0,1,6.132,7.075,6.761,2026.0,0,未扣成本·事後欄位以 m_ 標示·非投資建議
HC,2,2026-04-16,2026-04-17,4956,光鋐,TWSE,R,R_core,fCD,R2@5,2,82,命中,67,-0.504758,,atr14=0.897|n_lu_250=0.826|r20=0.973|c_ma120=0.983|vr20=0.911|days_since_lu=0.016|dt_ratio20=0.994|lend_to_v=0.079|rev_yoy=0.523|o_turn=0.999|o_log_mcap=0.196|o_lu_follow=0.903,"官方日成交結構(MI_INDEX/dailyQuotes)=1|發行股數(MI_QFIIS/dailyQuotes)=1|外資持股(MI_QFIIS,僅上市)=1|自營商(T86/上櫃三大法人)=1|當沖(TWTB4U/上櫃intraday)=1|季財報(MOPS t163sb04)=1|月營收(MOPS/openapi)=1|官方產業別(MOPS t05st03)=1|融資券(MI_MARGN)=1|借券(TWT93U)=1|法人(T86)=1",907,inf,250.0,official_prepanel,15342.85,306.0,0.0,2.0,0,1,5.069,4.541,-0.211,7118.0,0,未扣成本·事後欄位以 m_ 標示·非投資建議
HC,2,2026-04-16,2026-04-17,6426,統新,TWSE,R,R_core,fCD,R2@5,3,82,命中,30,-0.522341,,atr14=0.967|n_lu_250=0.979|r20=0.895|c_ma120=0.981|vr20=0.679|days_since_lu=0.075|dt_ratio20=NaN|lend_to_v=0.059|rev_yoy=0.883|o_turn=0.973|o_log_mcap=0.353|o_lu_follow=0.949,"官方日成交結構(MI_INDEX/dailyQuotes)=1|發行股數(MI_QFIIS/dailyQuotes)=1|外資持股(MI_QFIIS,僅上市)=1|自營商(T86/上櫃三大法人)=1|當沖(TWTB4U/上櫃intraday)=1|季財報(MOPS t163sb04)=1|月營收(MOPS/openapi)=1|官方產業別(MOPS t05st03)=1|融資券(MI_MARGN)=1|借券(TWT93U)=1|法人(T86)=1",907,inf,250.0,official_prepanel,3147.8,62.0,0.0,2.0,0,1,8.873,14.868,7.194,2594.0,0,未扣成本·事後欄位以 m_ 標示·非投資建議
HC,2,2026-04-17,2026-04-20,3221,台嘉碩,TPEx,R,R_core,fCD,R2@5,5,76,命中,46,-0.849035,,atr14=0.904|n_lu_250=0.874|r20=0.986|c_ma120=0.961|vr20=0.858|days_since_lu=0.016|dt_ratio20=NaN|lend_to_v=0.094|rev_yoy=0.238|o_turn=0.994|o_log_mcap=0.207|o_lu_follow=0.664,"官方日成交結構(MI_INDEX/dailyQuotes)=1|發行股數(MI_QFIIS/dailyQuotes)=1|外資持股(MI_QFIIS,僅上市)=0|自營商(T86/上櫃三大法人)=1|當沖(TWTB4U/上櫃intraday)=1|季財報(MOPS t163sb04)=1|月營收(MOPS/openapi)=1|官方產業別(MOPS t05st03)=1|融資券(MI_MARGN)=1|借券(TWT93U)=1|法人(T86)=1",908,inf,250.0,official_prepanel,13271.75,265.0,0.0,0.0,0,1,4.274,-7.051,-7.051,15687.0,0,未扣成本·事後欄位以 m_ 標示·非投資建議
HC,2,2026-04-28,2026-04-29,6234,高僑,TPEx,R,R_core,fCD,R2@5,4,103,命中,93,-1.074145,,atr14=0.834|n_lu_250=0.785|r20=0.987|c_ma120=0.945|vr20=0.927|days_since_lu=0.046|dt_ratio20=NaN|lend_to_v=0.089|rev_yoy=0.872|o_turn=0.976|o_log_mcap=0.219|o_lu_follow=0.933,"官方日成交結構(MI_INDEX/dailyQuotes)=1|發行股數(MI_QFIIS/dailyQuotes)=1|外資持股(MI_QFIIS,僅上市)=0|自營商(T86/上櫃三大法人)=1|當沖(TWTB4U/上櫃intraday)=1|季財報(MOPS t163sb04)=1|月營收(MOPS/openapi)=1|官方產業別(MOPS t05st03)=1|融資券(MI_MARGN)=1|借券(TWT93U)=1|法人(T86)=1",915,inf,250.0,official_prepanel,5260.65,105.0,0.0,3.0,0,1,4.23,25.813,19.306,12416.0,0,未扣成本·事後欄位以 m_ 標示·非投資建議
HC,2,2026-04-30,2026-05-04,2426,鼎元,TWSE,R,R_core,fCD,R2@5,4,107,命中,14,-1.011193,,atr14=0.952|n_lu_250=0.928|r20=0.988|c_ma120=0.993|vr20=0.974|days_since_lu=0.012|dt_ratio20=NaN|lend_to_v=0.233|rev_yoy=0.131|o_turn=0.997|o_log_mcap=0.597|o_lu_follow=0.994,"官方日成交結構(MI_INDEX/dailyQuotes)=1|發行股數(MI_QFIIS/dailyQuotes)=1|外資持股(MI_QFIIS,僅上市)=1|自營商(T86/上櫃三大法人)=1|當沖(TWTB4U/上櫃intraday)=1|季財報(MOPS t163sb04)=1|月營收(MOPS/openapi)=1|官方產業別(MOPS t05st03)=1|融資券(MI_MARGN)=1|借券(TWT93U)=1|法人(T86)=1",917,inf,250.0,official_prepanel,19519.4,390.0,0.0,0.0,0,1,6.961,14.601,5.093,25246.0,0,未扣成本·事後欄位以 m_ 標示·非投資建議
HC,2,2026-04-30,2026-05-04,3455,由田,TPEx,R,R_core,fCD,R2@5,5,107,命中,55,-1.040384,,atr14=0.866|n_lu_250=0.883|r20=0.996|c_ma120=0.984|vr20=0.965|days_since_lu=0.012|dt_ratio20=NaN|lend_to_v=0.104|rev_yoy=0.008|o_turn=0.996|o_log_mcap=0.555|o_lu_follow=0.959,"官方日成交結構(MI_INDEX/dailyQuotes)=1|發行股數(MI_QFIIS/dailyQuotes)=1|外資持股(MI_QFIIS,僅上市)=0|自營商(T86/上櫃三大法人)=1|當沖(TWTB4U/上櫃intraday)=1|季財報(MOPS t163sb04)=1|月營收(MOPS/openapi)=1|官方產業別(MOPS t05st03)=1|融資券(MI_MARGN)=1|借券(TWT93U)=1|法人(T86)=1",917,inf,250.0,official_prepanel,4012.3,80.0,0.0,0.0,0,1,9.877,6.996,8.848,1979.0,0,未扣成本·事後欄位以 m_ 標示·非投資建議
HC,2,2026-05-19,2026-05-20,6834,天二科技,TWSE,R,R_core,fCD,R2@5,2,107,命中,67,-0.970446,,atr14=0.813|n_lu_250=0.832|r20=0.987|c_ma120=0.968|vr20=0.982|days_since_lu=0.055|dt_ratio20=0.919|lend_to_v=0.063|rev_yoy=0.730|o_turn=0.978|o_log_mcap=0.265|o_lu_follow=0.810,"官方日成交結構(MI_INDEX/dailyQuotes)=1|發行股數(MI_QFIIS/dailyQuotes)=1|外資持股(MI_QFIIS,僅上市)=1|自營商(T86/上櫃三大法人)=1|當沖(TWTB4U/上櫃intraday)=1|季財報(MOPS t163sb04)=1|月營收(MOPS/openapi)=1|官方產業別(MOPS t05st03)=1|融資券(MI_MARGN)=1|借券(TWT93U)=1|法人(T86)=1",896,896.0,250.0,official,3092.5,61.0,0.0,0.0,0,1,7.447,45.213,29.433,6293.0,0,未扣成本·事後欄位以 m_ 標示·非投資建議
HC,2,2026-05-19,2026-05-20,8040,九暘,TPEx,R,R_core,fCD,R2@5,3,107,命中,97,-1.238847,,atr14=0.834|n_lu_250=0.712|r20=0.991|c_ma120=0.965|vr20=0.936|days_since_lu=0.013|dt_ratio20=NaN|lend_to_v=0.067|rev_yoy=0.677|o_turn=0.955|o_log_mcap=0.419|o_lu_follow=0.822,"官方日成交結構(MI_INDEX/dailyQuotes)=1|發行股數(MI_QFIIS/dailyQuotes)=1|外資持股(MI_QFIIS,僅上市)=0|自營商(T86/上櫃三大法人)=1|當沖(TWTB4U/上櫃intraday)=1|季財報(MOPS t163sb04)=1|月營收(MOPS/openapi)=1|官方產業別(MOPS t05st03)=1|融資券(MI_MARGN)=1|借券(TWT93U)=1|法人(T86)=1",929,inf,250.0,official_prepanel,3797.05,75.0,0.0,0.0,0,1,8.94,30.243,16.446,6743.0,0,未扣成本·事後欄位以 m_ 標示·非投資建議
HC,2,2026-05-25,2026-05-26,6141,柏承,TWSE,R,R_core,fCD,R2@5,3,70,命中,88,-0.770248,,atr14=0.999|n_lu_250=0.976|r20=0.543|c_ma120=0.965|vr20=0.724|days_since_lu=0.100|dt_ratio20=NaN|lend_to_v=0.019|rev_yoy=0.619|o_turn=0.796|o_log_mcap=0.179|o_lu_follow=0.998,"官方日成交結構(MI_INDEX/dailyQuotes)=1|發行股數(MI_QFIIS/dailyQuotes)=1|外資持股(MI_QFIIS,僅上市)=1|自營商(T86/上櫃三大法人)=1|當沖(TWTB4U/上櫃intraday)=0|季財報(MOPS t163sb04)=1|月營收(MOPS/openapi)=1|官方產業別(MOPS t05st03)=1|融資券(MI_MARGN)=1|借券(TWT93U)=1|法人(T86)=1",933,inf,250.0,official_prepanel,2321.65,46.0,0.0,0.0,0,1,8.498,34.75,7.739,5124.0,0,未扣成本·事後欄位以 m_ 標示·非投資建議
HC,2,2026-05-28,2026-05-29,3229,晟鈦,TWSE,R,R_core,fCD,R2@5,4,109,命中,32,-0.785173,,atr14=0.990|n_lu_250=0.988|r20=0.833|c_ma120=0.958|vr20=0.454|days_since_lu=0.036|dt_ratio20=NaN|lend_to_v=0.018|rev_yoy=0.839|o_turn=0.585|o_log_mcap=0.137|o_lu_follow=0.987,"官方日成交結構(MI_INDEX/dailyQuotes)=1|發行股數(MI_QFIIS/dailyQuotes)=1|外資持股(MI_QFIIS,僅上市)=1|自營商(T86/上櫃三大法人)=1|當沖(TWTB4U/上櫃intraday)=0|季財報(MOPS t163sb04)=1|月營收(MOPS/openapi)=1|官方產業別(MOPS t05st03)=1|融資券(MI_MARGN)=1|借券(TWT93U)=1|法人(T86)=1",936,inf,250.0,official_prepanel,918.55,18.0,0.0,1.0,0,1,6.452,0.0,-8.495,1166.0,0,未扣成本·事後欄位以 m_ 標示·非投資建議
HC,2,2026-06-04,2026-06-05,4939,亞電,TPEx,R,R_core,fCD,R2@5,5,149,命中,81,-1.296757,,atr14=0.928|n_lu_250=0.933|r20=0.901|c_ma120=0.892|vr20=0.801|days_since_lu=0.087|dt_ratio20=NaN|lend_to_v=0.076|rev_yoy=0.425|o_turn=0.991|o_log_mcap=0.294|o_lu_follow=0.863,"官方日成交結構(MI_INDEX/dailyQuotes)=1|發行股數(MI_QFIIS/dailyQuotes)=1|外資持股(MI_QFIIS,僅上市)=0|自營商(T86/上櫃三大法人)=1|當沖(TWTB4U/上櫃intraday)=1|季財報(MOPS t163sb04)=1|月營收(MOPS/openapi)=1|官方產業別(MOPS t05st03)=1|融資券(MI_MARGN)=1|借券(TWT93U)=1|法人(T86)=1",941,inf,250.0,official_prepanel,8470.4,169.0,0.0,3.0,0,1,7.762,8.664,17.148,18050.0,0,未扣成本·事後欄位以 m_ 標示·非投資建議
HC,2,2026-06-12,2026-06-15,2061,風青,TPEx,R,R_core,fCD,R2@5,4,91,命中,35,-0.956454,,atr14=0.933|n_lu_250=0.784|r20=0.994|c_ma120=0.978|vr20=0.135|days_since_lu=0.212|dt_ratio20=NaN|lend_to_v=0.090|rev_yoy=0.519|o_turn=0.723|o_log_mcap=0.065|o_lu_follow=0.822,"官方日成交結構(MI_INDEX/dailyQuotes)=1|發行股數(MI_QFIIS/dailyQuotes)=1|外資持股(MI_QFIIS,僅上市)=0|自營商(T86/上櫃三大法人)=1|當沖(TWTB4U/上櫃intraday)=0|季財報(MOPS t163sb04)=1|月營收(MOPS/openapi)=1|官方產業別(MOPS t05st03)=1|融資券(MI_MARGN)=1|借券(TWT93U)=1|法人(T86)=1",947,inf,250.0,official_prepanel,2299.15,22.0,1.0,0.0,0,1,2.054,48.909,55.327,802.0,1,未扣成本·事後欄位以 m_ 標示·非投資建議
HC,2,2026-06-15,2026-06-16,3441,聯一光,TPEx,R,R_core,fCD,R2@5,5,85,命中,38,-0.92036,,atr14=0.856|n_lu_250=0.793|r20=1.000|c_ma120=0.994|vr20=0.941|days_since_lu=0.033|dt_ratio20=NaN|lend_to_v=0.043|rev_yoy=0.795|o_turn=1.000|o_log_mcap=0.137|o_lu_follow=0.817,"官方日成交結構(MI_INDEX/dailyQuotes)=1|發行股數(MI_QFIIS/dailyQuotes)=1|外資持股(MI_QFIIS,僅上市)=0|自營商(T86/上櫃三大法人)=1|當沖(TWTB4U/上櫃intraday)=1|季財報(MOPS t163sb04)=1|月營收(MOPS/openapi)=1|官方產業別(MOPS t05st03)=1|融資券(MI_MARGN)=1|借券(TWT93U)=1|法人(T86)=1",948,inf,250.0,official_prepanel,6548.35,130.0,0.0,2.0,0,1,10.354,11.853,8.992,13279.0,0,未扣成本·事後欄位以 m_ 標示·非投資建議
HC,2,2026-06-15,2026-06-16,3550,聯穎,TWSE,R,R_core,fCD,R2@5,2,85,命中,63,-0.772088,,atr14=0.795|n_lu_250=0.842|r20=0.976|c_ma120=0.938|vr20=0.896|days_since_lu=0.048|dt_ratio20=0.850|lend_to_v=0.052|rev_yoy=0.737|o_turn=0.981|o_log_mcap=0.140|o_lu_follow=0.546,"官方日成交結構(MI_INDEX/dailyQuotes)=1|發行股數(MI_QFIIS/dailyQuotes)=1|外資持股(MI_QFIIS,僅上市)=1|自營商(T86/上櫃三大法人)=1|當沖(TWTB4U/上櫃intraday)=1|季財報(MOPS t163sb04)=1|月營收(MOPS/openapi)=1|官方產業別(MOPS t05st03)=1|融資券(MI_MARGN)=1|借券(TWT93U)=1|法人(T86)=1",948,inf,250.0,official_prepanel,6591.8,131.0,0.0,2.0,0,1,10.179,25.0,13.571,10940.0,0,未扣成本·事後欄位以 m_ 標示·非投資建議
HC,2,2026-06-16,2026-06-17,6834,天二科技,TWSE,R,R_core,fCD,R2@5,1,89,命中,12,-0.653563,,atr14=0.962|n_lu_250=0.916|r20=0.990|c_ma120=0.996|vr20=0.976|days_since_lu=0.060|dt_ratio20=NaN|lend_to_v=0.065|rev_yoy=0.832|o_turn=0.994|o_log_mcap=0.381|o_lu_follow=0.837,"官方日成交結構(MI_INDEX/dailyQuotes)=1|發行股數(MI_QFIIS/dailyQuotes)=1|外資持股(MI_QFIIS,僅上市)=1|自營商(T86/上櫃三大法人)=1|當沖(TWTB4U/上櫃intraday)=1|季財報(MOPS t163sb04)=1|月營收(MOPS/openapi)=1|官方產業別(MOPS t05st03)=1|融資券(MI_MARGN)=1|借券(TWT93U)=1|法人(T86)=1",916,916.0,250.0,official,4240.5,84.0,0.0,1.0,0,1,2.667,36.111,41.111,5074.0,0,未扣成本·事後欄位以 m_ 標示·非投資建議
HC,2,2026-06-17,2026-06-18,2305,全友,TWSE,R,R_core,fCD,R2@5,4,71,命中,43,-1.088816,,atr14=0.810|n_lu_250=0.877|r20=0.999|c_ma120=0.990|vr20=0.977|days_since_lu=0.008|dt_ratio20=0.747|lend_to_v=0.076|rev_yoy=0.904|o_turn=0.992|o_log_mcap=0.340|o_lu_follow=0.879,"官方日成交結構(MI_INDEX/dailyQuotes)=1|發行股數(MI_QFIIS/dailyQuotes)=1|外資持股(MI_QFIIS,僅上市)=1|自營商(T86/上櫃三大法人)=1|當沖(TWTB4U/上櫃intraday)=1|季財報(MOPS t163sb04)=1|月營收(MOPS/openapi)=1|官方產業別(MOPS t05st03)=1|融資券(MI_MARGN)=1|借券(TWT93U)=1|法人(T86)=1",950,inf,250.0,official_prepanel,9177.6,183.0,0.0,0.0,0,1,9.967,23.529,22.876,9123.0,0,未扣成本·事後欄位以 m_ 標示·非投資建議
HC,2,2026-06-23,2026-06-24,2483,百容,TWSE,R,R_core,fCD,R2@5,2,91,命中,77,-0.703646,,atr14=0.966|n_lu_250=0.682|r20=0.997|c_ma120=0.985|vr20=0.934|days_since_lu=0.025|dt_ratio20=0.930|lend_to_v=0.078|rev_yoy=0.524|o_turn=0.982|o_log_mcap=0.254|o_lu_follow=0.945,"官方日成交結構(MI_INDEX/dailyQuotes)=1|發行股數(MI_QFIIS/dailyQuotes)=1|外資持股(MI_QFIIS,僅上市)=1|自營商(T86/上櫃三大法人)=1|當沖(TWTB4U/上櫃intraday)=1|季財報(MOPS t163sb04)=1|月營收(MOPS/openapi)=1|官方產業別(MOPS t05st03)=1|融資券(MI_MARGN)=1|借券(TWT93U)=1|法人(T86)=1",953,inf,250.0,official_prepanel,6284.6,125.0,0.0,0.0,0,1,11.084,37.59,58.072,11990.0,0,未扣成本·事後欄位以 m_ 標示·非投資建議
HC,2,2026-06-23,2026-06-24,3114,好德,TPEx,R,R_core,fCD,R2@5,4,91,命中,94,-0.957125,,atr14=0.953|n_lu_250=0.632|r20=0.997|c_ma120=0.966|vr20=0.676|days_since_lu=0.025|dt_ratio20=NaN|lend_to_v=0.051|rev_yoy=0.334|o_turn=0.862|o_log_mcap=0.161|o_lu_follow=0.970,"官方日成交結構(MI_INDEX/dailyQuotes)=1|發行股數(MI_QFIIS/dailyQuotes)=1|外資持股(MI_QFIIS,僅上市)=0|自營商(T86/上櫃三大法人)=1|當沖(TWTB4U/上櫃intraday)=0|季財報(MOPS t163sb04)=1|月營收(MOPS/openapi)=1|官方產業別(MOPS t05st03)=1|融資券(MI_MARGN)=1|借券(TWT93U)=1|法人(T86)=1",953,inf,250.0,official_prepanel,2399.5,23.0,1.0,0.0,0,1,10.876,2.746,-10.243,3529.0,0,未扣成本·事後欄位以 m_ 標示·非投資建議
HC,2,2026-06-29,2026-06-30,2434,統懋,TWSE,R,R_core,fCD,R2@5,4,101,命中,232,-1.099645,,atr14=0.944|n_lu_250=0.673|r20=0.508|c_ma120=0.828|vr20=0.946|days_since_lu=0.048|dt_ratio20=0.838|lend_to_v=0.142|rev_yoy=0.157|o_turn=0.870|o_log_mcap=0.032|o_lu_follow=0.943,"官方日成交結構(MI_INDEX/dailyQuotes)=1|發行股數(MI_QFIIS/dailyQuotes)=1|外資持股(MI_QFIIS,僅上市)=1|自營商(T86/上櫃三大法人)=1|當沖(TWTB4U/上櫃intraday)=1|季財報(MOPS t163sb04)=1|月營收(MOPS/openapi)=1|官方產業別(MOPS t05st03)=1|融資券(MI_MARGN)=1|借券(TWT93U)=1|法人(T86)=1",957,inf,250.0,official_prepanel,512.85,10.0,0.0,3.0,0,1,8.354,35.411,87.282,466.0,0,未扣成本·事後欄位以 m_ 標示·非投資建議
HC,3,2026-07-01,2026-07-02,1718,中纖,TWSE,R,R_core,fCD,R2@5,3,85,命中,89,-0.38797,,atr14=0.754|n_lu_250=0.741|r20=0.995|c_ma120=0.968|vr20=0.993|days_since_lu=0.025|dt_ratio20=NaN|lend_to_v=0.161|rev_yoy=0.427|o_turn=0.994|o_log_mcap=0.647|o_lu_follow=0.996,"官方日成交結構(MI_INDEX/dailyQuotes)=1|發行股數(MI_QFIIS/dailyQuotes)=1|外資持股(MI_QFIIS,僅上市)=1|自營商(T86/上櫃三大法人)=1|當沖(TWTB4U/上櫃intraday)=1|季財報(MOPS t163sb04)=0|月營收(MOPS/openapi)=1|官方產業別(MOPS t05st03)=1|融資券(MI_MARGN)=1|借券(TWT93U)=1|法人(T86)=1",959,inf,250.0,official_prepanel,54272.95,1085.0,0.0,1.0,0,1,7.937,13.095,16.27,63747.0,0,未扣成本·事後欄位以 m_ 標示·非投資建議
HC,3,2026-07-07,2026-07-08,2434,統懋,TWSE,R,R_core,fCD,R2@5,3,82,命中,49,-0.571693,,atr14=0.955|n_lu_250=0.766|r20=0.992|c_ma120=0.960|vr20=0.881|days_since_lu=0.056|dt_ratio20=0.889|lend_to_v=0.089|rev_yoy=0.155|o_turn=0.877|o_log_mcap=0.045|o_lu_follow=0.988,"官方日成交結構(MI_INDEX/dailyQuotes)=1|發行股數(MI_QFIIS/dailyQuotes)=1|外資持股(MI_QFIIS,僅上市)=1|自營商(T86/上櫃三大法人)=1|當沖(TWTB4U/上櫃intraday)=1|季財報(MOPS t163sb04)=1|月營收(MOPS/openapi)=1|官方產業別(MOPS t05st03)=1|融資券(MI_MARGN)=1|借券(TWT93U)=1|法人(T86)=1",963,inf,250.0,official_prepanel,817.7,16.0,0.0,2.0,0,1,9.922,60.7,39.689,915.0,0,未扣成本·事後欄位以 m_ 標示·非投資建議
HC,3,2026-07-07,2026-07-08,4556,旭然,TPEx,R,R_core,fCD,R2@5,1,82,命中,20,-0.366536,,atr14=0.863|n_lu_250=0.926|r20=0.998|c_ma120=0.995|vr20=0.909|days_since_lu=0.056|dt_ratio20=NaN|lend_to_v=0.075|rev_yoy=0.288|o_turn=0.804|o_log_mcap=0.176|o_lu_follow=0.987,"官方日成交結構(MI_INDEX/dailyQuotes)=1|發行股數(MI_QFIIS/dailyQuotes)=1|外資持股(MI_QFIIS,僅上市)=0|自營商(T86/上櫃三大法人)=1|當沖(TWTB4U/上櫃intraday)=1|季財報(MOPS t163sb04)=1|月營收(MOPS/openapi)=1|官方產業別(MOPS t05st03)=1|融資券(MI_MARGN)=1|借券(TWT93U)=1|法人(T86)=1",963,inf,250.0,official_prepanel,555.5,11.0,0.0,0.0,0,1,5.341,45.258,51.549,712.0,0,未扣成本·事後欄位以 m_ 標示·非投資建議
HC,3,2026-07-08,2026-07-09,5488,松普,TPEx,R,R_core,fCD,R2@5,5,61,命中,219,-0.968811,,atr14=0.656|n_lu_250=0.451|r20=0.875|c_ma120=0.884|vr20=0.923|days_since_lu=0.058|dt_ratio20=NaN|lend_to_v=0.128|rev_yoy=0.559|o_turn=0.868|o_log_mcap=0.017|o_lu_follow=0.570,"官方日成交結構(MI_INDEX/dailyQuotes)=1|發行股數(MI_QFIIS/dailyQuotes)=1|外資持股(MI_QFIIS,僅上市)=0|自營商(T86/上櫃三大法人)=1|當沖(TWTB4U/上櫃intraday)=1|季財報(MOPS t163sb04)=1|月營收(MOPS/openapi)=1|官方產業別(MOPS t05st03)=1|融資券(MI_MARGN)=1|借券(TWT93U)=1|法人(T86)=1",964,inf,250.0,official_prepanel,1456.6,29.0,0.0,0.0,0,1,8.0,9.333,-3.0,7812.0,0,未扣成本·事後欄位以 m_ 標示·非投資建議
HC,3,2026-08-03,2026-08-04,3605,宏致,TWSE,R,R_core,fCD,R2@5,3,14,命中,93,-1.210195,,atr14=0.777|n_lu_250=0.499|r20=0.710|c_ma120=0.886|vr20=0.424|days_since_lu=0.151|dt_ratio20=0.957|lend_to_v=0.059|rev_yoy=0.639|o_turn=0.942|o_log_mcap=0.575|o_lu_follow=0.492,"官方日成交結構(MI_INDEX/dailyQuotes)=1|發行股數(MI_QFIIS/dailyQuotes)=1|外資持股(MI_QFIIS,僅上市)=1|自營商(T86/上櫃三大法人)=1|當沖(TWTB4U/上櫃intraday)=1|季財報(MOPS t163sb04)=1|月營收(MOPS/openapi)=1|官方產業別(MOPS t05st03)=1|融資券(MI_MARGN)=1|借券(TWT93U)=1|法人(T86)=1",981,inf,250.0,official_prepanel,9784.7,195.0,0.0,0.0,0,1,11.566,31.325,60.721,7975.0,0,未扣成本·事後欄位以 m_ 標示·非投資建議
HC,3,2026-08-11,2026-08-12,3605,宏致,TWSE,R,R_core,fCD,R2@5,2,77,命中,44,-0.705132,,atr14=0.853|n_lu_250=0.606|r20=0.992|c_ma120=0.991|vr20=0.889|days_since_lu=0.100|dt_ratio20=0.881|lend_to_v=0.056|rev_yoy=0.579|o_turn=0.986|o_log_mcap=0.618|o_lu_follow=0.782,"官方日成交結構(MI_INDEX/dailyQuotes)=1|發行股數(MI_QFIIS/dailyQuotes)=1|外資持股(MI_QFIIS,僅上市)=1|自營商(T86/上櫃三大法人)=1|當沖(TWTB4U/上櫃intraday)=1|季財報(MOPS t163sb04)=1|月營收(MOPS/openapi)=1|官方產業別(MOPS t05st03)=1|融資券(MI_MARGN)=1|借券(TWT93U)=1|法人(T86)=1",987,inf,250.0,official_prepanel,9580.55,191.0,0.0,1.0,0,1,8.108,9.009,4.955,8423.0,0,未扣成本·事後欄位以 m_ 標示·非投資建議
HC,3,2026-08-24,2026-08-25,2426,鼎元,TWSE,R,R_core,fCD,R2@5,3,33,命中,7,-1.544096,,atr14=0.923|n_lu_250=0.976|r20=0.979|c_ma120=0.976|vr20=0.984|days_since_lu=0.005|dt_ratio20=0.914|lend_to_v=0.286|rev_yoy=0.623|o_turn=0.999|o_log_mcap=0.654|o_lu_follow=0.984,"官方日成交結構(MI_INDEX/dailyQuotes)=1|發行股數(MI_QFIIS/dailyQuotes)=1|外資持股(MI_QFIIS,僅上市)=1|自營商(T86/上櫃三大法人)=1|當沖(TWTB4U/上櫃intraday)=1|季財報(MOPS t163sb04)=1|月營收(MOPS/openapi)=1|官方產業別(MOPS t05st03)=1|融資券(MI_MARGN)=1|借券(TWT93U)=1|法人(T86)=1",996,inf,250.0,official_prepanel,18612.75,372.0,0.0,0.0,0,1,10.462,18.978,20.56,60849.0,0,未扣成本·事後欄位以 m_ 標示·非投資建議
HC,3,2026-08-25,2026-08-26,3441,聯一光,TPEx,R,R_core,fCD,R2@5,1,31,命中,9,-1.357374,,atr14=0.944|n_lu_250=0.912|r20=0.983|c_ma120=0.999|vr20=0.886|days_since_lu=0.011|dt_ratio20=NaN|lend_to_v=0.028|rev_yoy=0.339|o_turn=1.000|o_log_mcap=0.191|o_lu_follow=0.806,"官方日成交結構(MI_INDEX/dailyQuotes)=1|發行股數(MI_QFIIS/dailyQuotes)=1|外資持股(MI_QFIIS,僅上市)=0|自營商(T86/上櫃三大法人)=1|當沖(TWTB4U/上櫃intraday)=1|季財報(MOPS t163sb04)=1|月營收(MOPS/openapi)=1|官方產業別(MOPS t05st03)=1|融資券(MI_MARGN)=1|借券(TWT93U)=1|法人(T86)=1",997,inf,250.0,official_prepanel,22846.25,456.0,0.0,4.0,0,1,10.132,17.181,16.3,11961.0,0,未扣成本·事後欄位以 m_ 標示·非投資建議
HC,3,2026-09-11,2026-09-14,6226,光鼎,TWSE,R,R_core,fCD,R2@5,1,29,命中,1,-1.194403,,atr14=1.000|n_lu_250=0.990|r20=0.999|c_ma120=0.995|vr20=0.947|days_since_lu=0.004|dt_ratio20=0.952|lend_to_v=0.028|rev_yoy=0.347|o_turn=1.000|o_log_mcap=0.106|o_lu_follow=0.998,"官方日成交結構(MI_INDEX/dailyQuotes)=1|發行股數(MI_QFIIS/dailyQuotes)=1|外資持股(MI_QFIIS,僅上市)=1|自營商(T86/上櫃三大法人)=1|當沖(TWTB4U/上櫃intraday)=1|季財報(MOPS t163sb04)=1|月營收(MOPS/openapi)=1|官方產業別(MOPS t05st03)=1|融資券(MI_MARGN)=1|借券(TWT93U)=1|法人(T86)=1",1010,inf,250.0,official_prepanel,21402.75,428.0,0.0,0.0,0,1,11.864,54.915,54.407,33484.0,0,未扣成本·事後欄位以 m_ 標示·非投資建議
HC,3,2026-09-17,2026-09-18,6218,豪勉,TPEx,R,R_core,fCD,R2@5,2,25,命中,26,-0.982486,,atr14=0.867|n_lu_250=0.809|r20=0.995|c_ma120=0.991|vr20=1.000|days_since_lu=0.013|dt_ratio20=NaN|lend_to_v=0.049|rev_yoy=0.738|o_turn=0.999|o_log_mcap=0.094|o_lu_follow=0.861,"官方日成交結構(MI_INDEX/dailyQuotes)=1|發行股數(MI_QFIIS/dailyQuotes)=1|外資持股(MI_QFIIS,僅上市)=0|自營商(T86/上櫃三大法人)=1|當沖(TWTB4U/上櫃intraday)=1|季財報(MOPS t163sb04)=1|月營收(MOPS/openapi)=1|官方產業別(MOPS t05st03)=1|融資券(MI_MARGN)=1|借券(TWT93U)=1|法人(T86)=1",1014,inf,250.0,official_prepanel,4196.6,83.0,0.0,0.0,0,1,7.692,11.189,,15509.0,0,未扣成本·事後欄位以 m_ 標示·非投資建議
HC,3,2026-09-18,2026-09-21,4924,欣厚-KY,TPEx,R,R_core,fCD,R2@5,3,31,命中,76,-0.851607,,atr14=0.941|n_lu_250=0.526|r20=0.999|c_ma120=0.966|vr20=0.821|days_since_lu=0.042|dt_ratio20=NaN|lend_to_v=0.043|rev_yoy=0.091|o_turn=0.773|o_log_mcap=0.000|o_lu_follow=0.849,"官方日成交結構(MI_INDEX/dailyQuotes)=1|發行股數(MI_QFIIS/dailyQuotes)=1|外資持股(MI_QFIIS,僅上市)=0|自營商(T86/上櫃三大法人)=1|當沖(TWTB4U/上櫃intraday)=1|季財報(MOPS t163sb04)=1|月營收(MOPS/openapi)=1|官方產業別(MOPS t05st03)=1|融資券(MI_MARGN)=1|借券(TWT93U)=1|法人(T86)=1",1015,inf,250.0,official_prepanel,341.95,6.0,0.0,0.0,0,1,11.075,-2.28,,778.0,0,未扣成本·事後欄位以 m_ 標示·非投資建議
