window,fold,date_s,event_day_t,code,name,market,track,sublayer,failing_filters,list_id,rank_in_list,n_pool_day,result,global_rank_combo,score,combo_n_components,pct_key_features,source_has_value_flags,hist_len,age_off,age_cap,listing_src,vol20_s,Qmax_lots,DK_s,at_known5,m_locked_open,m_buyable,m_c1,m_c5,m_c10,m_vol_t,m_disp_t_exec,note
SEL,1,2025-01-02,2025-01-03,8045,達運光電,TWSE,W,,fH125|fA60|fN20,W_atr14@3,20,567,漏網,1812,0.050735,,atr14=0.876|n_lu_250=0.145|r20=NaN|c_ma120=NaN|vr20=NaN|days_since_lu=0.918|dt_ratio20=NaN|lend_to_v=NaN|rev_yoy=0.021|o_turn=0.770|o_log_mcap=0.358|o_lu_follow=0.679,"官方日成交結構(MI_INDEX/dailyQuotes)=1|發行股數(MI_QFIIS/dailyQuotes)=1|外資持股(MI_QFIIS,僅上市)=1|自營商(T86/上櫃三大法人)=1|當沖(TWTB4U/上櫃intraday)=0|季財報(MOPS t163sb04)=1|月營收(MOPS/openapi)=1|官方產業別(MOPS t05st03)=1|融資券(MI_MARGN)=0|借券(TWT93U)=0|法人(T86)=1",16,16.0,16.0,official,640.0,,0.0,0.0,0,1,9.911,48.666,43.583,1336.0,0,未扣成本·事後欄位以 m_ 標示·非投資建議
SEL,1,2025-01-10,2025-01-13,6823,濾能,TPEx,W,,fV300|fV100,W_atr14@3,144,571,漏網,803,0.026786,,atr14=0.344|n_lu_250=0.703|r20=0.318|c_ma120=0.409|vr20=0.485|days_since_lu=0.381|dt_ratio20=NaN|lend_to_v=0.640|rev_yoy=0.508|o_turn=0.007|o_log_mcap=0.014|o_lu_follow=0.035,"官方日成交結構(MI_INDEX/dailyQuotes)=1|發行股數(MI_QFIIS/dailyQuotes)=1|外資持股(MI_QFIIS,僅上市)=0|自營商(T86/上櫃三大法人)=0|當沖(TWTB4U/上櫃intraday)=1|季財報(MOPS t163sb04)=1|月營收(MOPS/openapi)=1|官方產業別(MOPS t05st03)=1|融資券(MI_MARGN)=0|借券(TWT93U)=1|法人(T86)=0",606,inf,250.0,official_prepanel,12.25,,0.0,0.0,0,1,5.939,10.754,3.531,83.0,0,未扣成本·事後欄位以 m_ 標示·非投資建議
SEL,1,2025-01-16,2025-01-17,5301,,TPEx,W,,fP10|fV300|fV100,W_atr14@3,30,570,漏網,484,0.048295,,atr14=0.832|n_lu_250=0.794|r20=0.068|c_ma120=0.526|vr20=0.812|days_since_lu=0.317|dt_ratio20=NaN|lend_to_v=0.013|rev_yoy=0.676|o_turn=0.029|o_log_mcap=0.011|o_lu_follow=0.435,"官方日成交結構(MI_INDEX/dailyQuotes)=1|發行股數(MI_QFIIS/dailyQuotes)=1|外資持股(MI_QFIIS,僅上市)=0|自營商(T86/上櫃三大法人)=1|當沖(TWTB4U/上櫃intraday)=0|季財報(MOPS t163sb04)=1|月營收(MOPS/openapi)=1|官方產業別(MOPS t05st03)=0|融資券(MI_MARGN)=1|借券(TWT93U)=1|法人(T86)=1",610,inf,250.0,official_prepanel,53.65,,0.0,0.0,0,1,1.574,19.098,14.9,186.0,0,未扣成本·事後欄位以 m_ 標示·非投資建議
SEL,1,2025-01-21,2025-01-22,6870,騰雲,TPEx,W,,fV300|fV100,W_atr14@3,64,570,漏網,822,0.038227,,atr14=0.645|n_lu_250=0.810|r20=0.047|c_ma120=0.294|vr20=0.582|days_since_lu=0.302|dt_ratio20=NaN|lend_to_v=0.486|rev_yoy=0.672|o_turn=0.244|o_log_mcap=0.217|o_lu_follow=0.286,"官方日成交結構(MI_INDEX/dailyQuotes)=1|發行股數(MI_QFIIS/dailyQuotes)=1|外資持股(MI_QFIIS,僅上市)=0|自營商(T86/上櫃三大法人)=1|當沖(TWTB4U/上櫃intraday)=1|季財報(MOPS t163sb04)=1|月營收(MOPS/openapi)=1|官方產業別(MOPS t05st03)=1|融資券(MI_MARGN)=0|借券(TWT93U)=1|法人(T86)=1",330,330.0,250.0,official,50.45,,0.0,0.0,0,1,7.901,13.086,15.309,100.0,0,未扣成本·事後欄位以 m_ 標示·非投資建議
SEL,1,2025-01-21,2025-01-22,8092,建暐,TPEx,W,,fV300|fV100,W_atr14@3,52,570,漏網,965,0.040612,,atr14=0.703|n_lu_250=0.924|r20=0.049|c_ma120=0.027|vr20=0.242|days_since_lu=0.366|dt_ratio20=NaN|lend_to_v=0.579|rev_yoy=0.022|o_turn=0.062|o_log_mcap=0.003|o_lu_follow=0.515,"官方日成交結構(MI_INDEX/dailyQuotes)=1|發行股數(MI_QFIIS/dailyQuotes)=1|外資持股(MI_QFIIS,僅上市)=0|自營商(T86/上櫃三大法人)=1|當沖(TWTB4U/上櫃intraday)=1|季財報(MOPS t163sb04)=1|月營收(MOPS/openapi)=1|官方產業別(MOPS t05st03)=1|融資券(MI_MARGN)=0|借券(TWT93U)=1|法人(T86)=1",613,inf,250.0,official_prepanel,99.35,,0.0,0.0,0,1,10.0,32.0,26.857,433.0,0,未扣成本·事後欄位以 m_ 標示·非投資建議
SEL,1,2025-01-22,2025-02-03,4154,樂威科-KY,TPEx,W,,fV300|fV100|fVnan|fH125|fN20|fBP,W_atr14@3,552,575,漏網,1786,,,atr14=NaN|n_lu_250=0.568|r20=0.420|c_ma120=NaN|vr20=NaN|days_since_lu=0.457|dt_ratio20=NaN|lend_to_v=NaN|rev_yoy=0.011|o_turn=0.086|o_log_mcap=0.000|o_lu_follow=0.123,"官方日成交結構(MI_INDEX/dailyQuotes)=1|發行股數(MI_QFIIS/dailyQuotes)=1|外資持股(MI_QFIIS,僅上市)=0|自營商(T86/上櫃三大法人)=0|當沖(TWTB4U/上櫃intraday)=0|季財報(MOPS t163sb04)=1|月營收(MOPS/openapi)=1|官方產業別(MOPS t05st03)=1|融資券(MI_MARGN)=0|借券(TWT93U)=0|法人(T86)=0",614,inf,250.0,official_prepanel,,,0.0,0.0,0,1,7.958,35.64,64.014,95.0,0,未扣成本·事後欄位以 m_ 標示·非投資建議
SEL,1,2025-02-05,2025-02-06,4946,辣椒,TPEx,W,,fV300|fV100|fH125|fBP,W_atr14@3,70,578,漏網,99,0.0358,,atr14=0.594|n_lu_250=0.758|r20=0.894|c_ma120=NaN|vr20=0.983|days_since_lu=0.361|dt_ratio20=NaN|lend_to_v=NaN|rev_yoy=0.954|o_turn=0.737|o_log_mcap=0.000|o_lu_follow=0.454,"官方日成交結構(MI_INDEX/dailyQuotes)=1|發行股數(MI_QFIIS/dailyQuotes)=1|外資持股(MI_QFIIS,僅上市)=0|自營商(T86/上櫃三大法人)=1|當沖(TWTB4U/上櫃intraday)=0|季財報(MOPS t163sb04)=1|月營收(MOPS/openapi)=1|官方產業別(MOPS t05st03)=1|融資券(MI_MARGN)=0|借券(TWT93U)=0|法人(T86)=1",617,inf,250.0,official_prepanel,16.6,,0.0,0.0,0,1,1.557,48.387,59.288,130.0,0,未扣成本·事後欄位以 m_ 標示·非投資建議
SEL,1,2025-02-06,2025-02-07,6763,綠界科技*,TPEx,W,,fH125|fBP,W_atr14@3,36,572,漏網,396,0.046145,,atr14=0.835|n_lu_250=0.844|r20=0.695|c_ma120=0.001|vr20=0.100|days_since_lu=0.385|dt_ratio20=NaN|lend_to_v=0.209|rev_yoy=0.494|o_turn=0.486|o_log_mcap=0.465|o_lu_follow=0.994,"官方日成交結構(MI_INDEX/dailyQuotes)=1|發行股數(MI_QFIIS/dailyQuotes)=1|外資持股(MI_QFIIS,僅上市)=0|自營商(T86/上櫃三大法人)=1|當沖(TWTB4U/上櫃intraday)=1|季財報(MOPS t163sb04)=1|月營收(MOPS/openapi)=1|官方產業別(MOPS t05st03)=1|融資券(MI_MARGN)=0|借券(TWT93U)=1|法人(T86)=1",618,inf,250.0,official_prepanel,2236.15,,0.0,0.0,0,1,10.0,15.397,18.889,3853.0,0,未扣成本·事後欄位以 m_ 標示·非投資建議
SEL,1,2025-02-07,2025-02-10,2941,米斯特,TPEx,W,,fV300|fV100|fVnan|fH125|fN20,W_atr14@3,546,575,漏網,1784,,,atr14=NaN|n_lu_250=0.143|r20=NaN|c_ma120=NaN|vr20=NaN|days_since_lu=0.922|dt_ratio20=NaN|lend_to_v=NaN|rev_yoy=0.707|o_turn=0.297|o_log_mcap=0.001|o_lu_follow=0.670,"官方日成交結構(MI_INDEX/dailyQuotes)=1|發行股數(MI_QFIIS/dailyQuotes)=1|外資持股(MI_QFIIS,僅上市)=0|自營商(T86/上櫃三大法人)=0|當沖(TWTB4U/上櫃intraday)=0|季財報(MOPS t163sb04)=1|月營收(MOPS/openapi)=1|官方產業別(MOPS t05st03)=1|融資券(MI_MARGN)=0|借券(TWT93U)=0|法人(T86)=0",214,214.0,214.0,official,,,0.0,0.0,0,1,8.031,15.118,10.709,58.0,0,未扣成本·事後欄位以 m_ 標示·非投資建議
SEL,1,2025-02-07,2025-02-10,6228,全譜,TPEx,W,,fV300|fV100,W_atr14@3,10,575,漏網,832,0.057876,,atr14=0.932|n_lu_250=0.976|r20=0.006|c_ma120=0.001|vr20=0.046|days_since_lu=0.062|dt_ratio20=NaN|lend_to_v=0.093|rev_yoy=0.054|o_turn=0.071|o_log_mcap=0.000|o_lu_follow=0.951,"官方日成交結構(MI_INDEX/dailyQuotes)=1|發行股數(MI_QFIIS/dailyQuotes)=1|外資持股(MI_QFIIS,僅上市)=0|自營商(T86/上櫃三大法人)=1|當沖(TWTB4U/上櫃intraday)=1|季財報(MOPS t163sb04)=1|月營收(MOPS/openapi)=1|官方產業別(MOPS t05st03)=1|融資券(MI_MARGN)=1|借券(TWT93U)=1|法人(T86)=1",619,inf,250.0,official_prepanel,74.1,,0.0,0.0,0,1,6.034,19.828,16.595,159.0,0,未扣成本·事後欄位以 m_ 標示·非投資建議
SEL,1,2025-02-07,2025-02-10,6739,竹陞科技,TPEx,W,,fV300|fH125|fBP,W_atr14@3,107,575,漏網,1782,0.031049,,atr14=0.495|n_lu_250=0.565|r20=0.777|c_ma120=NaN|vr20=0.476|days_since_lu=0.340|dt_ratio20=NaN|lend_to_v=0.119|rev_yoy=0.934|o_turn=0.577|o_log_mcap=0.224|o_lu_follow=0.127,"官方日成交結構(MI_INDEX/dailyQuotes)=1|發行股數(MI_QFIIS/dailyQuotes)=1|外資持股(MI_QFIIS,僅上市)=0|自營商(T86/上櫃三大法人)=1|當沖(TWTB4U/上櫃intraday)=1|季財報(MOPS t163sb04)=1|月營收(MOPS/openapi)=1|官方產業別(MOPS t05st03)=1|融資券(MI_MARGN)=0|借券(TWT93U)=1|法人(T86)=1",102,102.0,102.0,official,172.25,,0.0,0.0,0,1,9.976,36.342,48.456,815.0,0,未扣成本·事後欄位以 m_ 標示·非投資建議
SEL,1,2025-02-10,2025-02-11,6276,安鈦克,TPEx,W,,fV300|fV100,W_atr14@3,111,573,漏網,1140,0.030005,,atr14=0.445|n_lu_250=0.750|r20=0.261|c_ma120=0.036|vr20=0.364|days_since_lu=0.442|dt_ratio20=NaN|lend_to_v=0.824|rev_yoy=0.937|o_turn=0.022|o_log_mcap=0.000|o_lu_follow=0.468,"官方日成交結構(MI_INDEX/dailyQuotes)=1|發行股數(MI_QFIIS/dailyQuotes)=1|外資持股(MI_QFIIS,僅上市)=0|自營商(T86/上櫃三大法人)=0|當沖(TWTB4U/上櫃intraday)=0|季財報(MOPS t163sb04)=1|月營收(MOPS/openapi)=1|官方產業別(MOPS t05st03)=1|融資券(MI_MARGN)=1|借券(TWT93U)=1|法人(T86)=0",620,inf,250.0,official_prepanel,21.05,,0.0,0.0,0,1,0.938,27.031,25.313,105.0,0,未扣成本·事後欄位以 m_ 標示·非投資建議
SEL,1,2025-02-10,2025-02-11,6913,鴻呈,TPEx,W,,fV300|fV100|fH125|fBP,W_atr14@3,73,573,漏網,1775,0.035714,,atr14=0.633|n_lu_250=0.464|r20=0.669|c_ma120=NaN|vr20=0.697|days_since_lu=0.271|dt_ratio20=NaN|lend_to_v=0.030|rev_yoy=0.825|o_turn=0.249|o_log_mcap=0.253|o_lu_follow=0.220,"官方日成交結構(MI_INDEX/dailyQuotes)=1|發行股數(MI_QFIIS/dailyQuotes)=1|外資持股(MI_QFIIS,僅上市)=0|自營商(T86/上櫃三大法人)=1|當沖(TWTB4U/上櫃intraday)=1|季財報(MOPS t163sb04)=1|月營收(MOPS/openapi)=1|官方產業別(MOPS t05st03)=1|融資券(MI_MARGN)=0|借券(TWT93U)=1|法人(T86)=1",83,83.0,83.0,official,78.3,,0.0,0.0,0,1,6.13,21.839,18.008,667.0,0,未扣成本·事後欄位以 m_ 標示·非投資建議
SEL,1,2025-02-11,2025-02-12,1725,元禎,TWSE,W,,fV300|fV100,W_atr14@3,97,552,漏網,983,0.030313,,atr14=0.512|n_lu_250=0.964|r20=0.105|c_ma120=0.078|vr20=0.042|days_since_lu=0.593|dt_ratio20=0.332|lend_to_v=0.717|rev_yoy=0.496|o_turn=0.000|o_log_mcap=0.285|o_lu_follow=0.995,"官方日成交結構(MI_INDEX/dailyQuotes)=1|發行股數(MI_QFIIS/dailyQuotes)=1|外資持股(MI_QFIIS,僅上市)=1|自營商(T86/上櫃三大法人)=1|當沖(TWTB4U/上櫃intraday)=1|季財報(MOPS t163sb04)=1|月營收(MOPS/openapi)=1|官方產業別(MOPS t05st03)=1|融資券(MI_MARGN)=1|借券(TWT93U)=1|法人(T86)=1",621,inf,250.0,official_prepanel,45.25,,0.0,0.0,0,1,9.538,18.308,14.615,217.0,0,未扣成本·事後欄位以 m_ 標示·非投資建議
SEL,1,2025-02-11,2025-02-12,6949,沛爾生醫*-創,TWSE,W,,fV300|fV100|fN20,W_atr14@3,94,552,漏網,75,0.030769,,atr14=0.524|n_lu_250=0.850|r20=0.977|c_ma120=0.882|vr20=0.660|days_since_lu=0.035|dt_ratio20=NaN|lend_to_v=NaN|rev_yoy=0.987|o_turn=0.049|o_log_mcap=0.281|o_lu_follow=0.994,"官方日成交結構(MI_INDEX/dailyQuotes)=1|發行股數(MI_QFIIS/dailyQuotes)=1|外資持股(MI_QFIIS,僅上市)=1|自營商(T86/上櫃三大法人)=1|當沖(TWTB4U/上櫃intraday)=0|季財報(MOPS t163sb04)=1|月營收(MOPS/openapi)=1|官方產業別(MOPS t05st03)=1|融資券(MI_MARGN)=0|借券(TWT93U)=0|法人(T86)=1",224,224.0,224.0,official,41.0,,0.0,0.0,0,1,3.704,19.907,43.981,246.0,0,未扣成本·事後欄位以 m_ 標示·非投資建議
SEL,1,2025-02-13,2025-02-14,4923,力士,TPEx,W,,fV300|fV100,W_atr14@3,147,569,漏網,647,0.027067,,atr14=0.384|n_lu_250=0.139|r20=0.797|c_ma120=0.545|vr20=0.969|days_since_lu=0.753|dt_ratio20=NaN|lend_to_v=0.389|rev_yoy=0.165|o_turn=0.694|o_log_mcap=0.009|o_lu_follow=0.678,"官方日成交結構(MI_INDEX/dailyQuotes)=1|發行股數(MI_QFIIS/dailyQuotes)=1|外資持股(MI_QFIIS,僅上市)=0|自營商(T86/上櫃三大法人)=1|當沖(TWTB4U/上櫃intraday)=1|季財報(MOPS t163sb04)=1|月營收(MOPS/openapi)=1|官方產業別(MOPS t05st03)=1|融資券(MI_MARGN)=1|借券(TWT93U)=1|法人(T86)=1",623,inf,250.0,official_prepanel,77.4,,0.0,0.0,0,1,8.065,20.565,8.199,1099.0,0,未扣成本·事後欄位以 m_ 標示·非投資建議
SEL,1,2025-02-13,2025-02-14,8438,昶昕,TWSE,W,,fV300|fV100,W_atr14@3,256,569,漏網,886,0.020506,,atr14=0.181|n_lu_250=0.788|r20=0.643|c_ma120=0.057|vr20=0.571|days_since_lu=0.512|dt_ratio20=0.269|lend_to_v=0.613|rev_yoy=0.676|o_turn=0.076|o_log_mcap=0.052|o_lu_follow=0.875,"官方日成交結構(MI_INDEX/dailyQuotes)=1|發行股數(MI_QFIIS/dailyQuotes)=1|外資持股(MI_QFIIS,僅上市)=1|自營商(T86/上櫃三大法人)=1|當沖(TWTB4U/上櫃intraday)=1|季財報(MOPS t163sb04)=1|月營收(MOPS/openapi)=1|官方產業別(MOPS t05st03)=1|融資券(MI_MARGN)=1|借券(TWT93U)=1|法人(T86)=1",623,inf,250.0,official_prepanel,75.95,,0.0,0.0,0,1,9.888,14.354,10.845,882.0,0,未扣成本·事後欄位以 m_ 標示·非投資建議
SEL,1,2025-02-14,2025-02-17,1235,興泰,TWSE,W,,fV300|fV100,W_atr14@3,67,572,漏網,878,0.035421,,atr14=0.660|n_lu_250=0.137|r20=0.969|c_ma120=0.002|vr20=0.600|days_since_lu=0.844|dt_ratio20=0.239|lend_to_v=0.269|rev_yoy=0.907|o_turn=0.000|o_log_mcap=0.512|o_lu_follow=0.686,"官方日成交結構(MI_INDEX/dailyQuotes)=1|發行股數(MI_QFIIS/dailyQuotes)=1|外資持股(MI_QFIIS,僅上市)=1|自營商(T86/上櫃三大法人)=1|當沖(TWTB4U/上櫃intraday)=1|季財報(MOPS t163sb04)=1|月營收(MOPS/openapi)=1|官方產業別(MOPS t05st03)=1|融資券(MI_MARGN)=1|借券(TWT93U)=1|法人(T86)=1",624,inf,250.0,official_prepanel,21.35,,0.0,0.0,1,0,0.0,0.32,-1.919,24.0,0,未扣成本·事後欄位以 m_ 標示·非投資建議
SEL,1,2025-02-18,2025-02-19,4949,有成精密,TWSE,W,,fV300|fV100,W_atr14@3,123,576,漏網,983,0.027957,,atr14=0.431|n_lu_250=0.344|r20=0.349|c_ma120=0.278|vr20=0.604|days_since_lu=0.618|dt_ratio20=0.080|lend_to_v=0.178|rev_yoy=0.555|o_turn=0.080|o_log_mcap=0.015|o_lu_follow=0.374,"官方日成交結構(MI_INDEX/dailyQuotes)=1|發行股數(MI_QFIIS/dailyQuotes)=1|外資持股(MI_QFIIS,僅上市)=1|自營商(T86/上櫃三大法人)=1|當沖(TWTB4U/上櫃intraday)=1|季財報(MOPS t163sb04)=1|月營收(MOPS/openapi)=1|官方產業別(MOPS t05st03)=1|融資券(MI_MARGN)=1|借券(TWT93U)=1|法人(T86)=1",188,188.0,188.0,official,57.2,,0.0,0.0,0,1,8.725,31.096,24.832,359.0,0,未扣成本·事後欄位以 m_ 標示·非投資建議
SEL,1,2025-02-18,2025-02-19,6577,勁豐,TPEx,W,,fV300|fV100,W_atr14@3,250,576,漏網,413,0.020139,,atr14=0.181|n_lu_250=0.567|r20=0.769|c_ma120=0.707|vr20=0.216|days_since_lu=0.624|dt_ratio20=NaN|lend_to_v=0.441|rev_yoy=0.652|o_turn=0.053|o_log_mcap=0.281|o_lu_follow=0.907,"官方日成交結構(MI_INDEX/dailyQuotes)=1|發行股數(MI_QFIIS/dailyQuotes)=1|外資持股(MI_QFIIS,僅上市)=0|自營商(T86/上櫃三大法人)=1|當沖(TWTB4U/上櫃intraday)=1|季財報(MOPS t163sb04)=1|月營收(MOPS/openapi)=1|官方產業別(MOPS t05st03)=1|融資券(MI_MARGN)=1|借券(TWT93U)=1|法人(T86)=1",626,inf,250.0,official_prepanel,75.3,,0.0,0.0,0,1,8.543,28.643,14.573,671.0,0,未扣成本·事後欄位以 m_ 標示·非投資建議
SEL,1,2025-02-18,2025-02-19,6666,羅麗芬-KY,TWSE,W,,fV300|fV100,W_atr14@3,271,576,漏網,1441,0.019073,,atr14=0.157|n_lu_250=0.469|r20=0.299|c_ma120=0.060|vr20=0.087|days_since_lu=0.455|dt_ratio20=0.052|lend_to_v=0.402|rev_yoy=0.651|o_turn=0.002|o_log_mcap=0.057|o_lu_follow=0.225,"官方日成交結構(MI_INDEX/dailyQuotes)=1|發行股數(MI_QFIIS/dailyQuotes)=1|外資持股(MI_QFIIS,僅上市)=1|自營商(T86/上櫃三大法人)=1|當沖(TWTB4U/上櫃intraday)=0|季財報(MOPS t163sb04)=1|月營收(MOPS/openapi)=1|官方產業別(MOPS t05st03)=1|融資券(MI_MARGN)=1|借券(TWT93U)=1|法人(T86)=1",626,inf,250.0,official_prepanel,21.7,,0.0,0.0,0,1,9.948,10.995,8.063,88.0,0,未扣成本·事後欄位以 m_ 標示·非投資建議
SEL,1,2025-02-18,2025-02-19,6680,鑫創電子,TPEx,W,,fV300|fV100|fH125|fN20,W_atr14@3,319,576,漏網,1169,0.017094,,atr14=0.108|n_lu_250=0.469|r20=0.207|c_ma120=0.493|vr20=0.007|days_since_lu=0.485|dt_ratio20=NaN|lend_to_v=0.282|rev_yoy=0.858|o_turn=0.000|o_log_mcap=0.039|o_lu_follow=0.225,"官方日成交結構(MI_INDEX/dailyQuotes)=1|發行股數(MI_QFIIS/dailyQuotes)=1|外資持股(MI_QFIIS,僅上市)=0|自營商(T86/上櫃三大法人)=0|當沖(TWTB4U/上櫃intraday)=1|季財報(MOPS t163sb04)=1|月營收(MOPS/openapi)=1|官方產業別(MOPS t05st03)=1|融資券(MI_MARGN)=0|借券(TWT93U)=1|法人(T86)=0",626,inf,250.0,official_prepanel,11.33,,0.0,0.0,0,1,0.719,6.372,3.803,63.0,0,未扣成本·事後欄位以 m_ 標示·非投資建議
SEL,1,2025-02-26,2025-02-27,6916,華凌,TWSE,W,,fV300|fV100,W_atr14@3,297,572,漏網,1291,0.016771,,atr14=0.129|n_lu_250=0.342|r20=0.410|c_ma120=0.301|vr20=0.979|days_since_lu=0.629|dt_ratio20=NaN|lend_to_v=0.610|rev_yoy=0.536|o_turn=0.092|o_log_mcap=0.023|o_lu_follow=0.375,"官方日成交結構(MI_INDEX/dailyQuotes)=1|發行股數(MI_QFIIS/dailyQuotes)=1|外資持股(MI_QFIIS,僅上市)=1|自營商(T86/上櫃三大法人)=1|當沖(TWTB4U/上櫃intraday)=1|季財報(MOPS t163sb04)=1|月營收(MOPS/openapi)=1|官方產業別(MOPS t05st03)=1|融資券(MI_MARGN)=1|借券(TWT93U)=1|法人(T86)=1",294,294.0,250.0,official,21.5,,0.0,0.0,0,1,8.94,27.651,13.514,533.0,0,未扣成本·事後欄位以 m_ 標示·非投資建議
SEL,1,2025-03-10,2025-03-11,4131,浩泰,TPEx,W,,fV300|fV100|fH125,W_atr14@3,39,550,漏網,61,0.035615,,atr14=0.650|n_lu_250=0.753|r20=0.904|c_ma120=0.918|vr20=0.997|days_since_lu=0.003|dt_ratio20=NaN|lend_to_v=NaN|rev_yoy=0.984|o_turn=0.797|o_log_mcap=0.021|o_lu_follow=0.879,"官方日成交結構(MI_INDEX/dailyQuotes)=1|發行股數(MI_QFIIS/dailyQuotes)=1|外資持股(MI_QFIIS,僅上市)=0|自營商(T86/上櫃三大法人)=1|當沖(TWTB4U/上櫃intraday)=0|季財報(MOPS t163sb04)=1|月營收(MOPS/openapi)=1|官方產業別(MOPS t05st03)=1|融資券(MI_MARGN)=0|借券(TWT93U)=0|法人(T86)=1",639,inf,250.0,official_prepanel,66.7,,0.0,0.0,0,1,9.392,14.503,7.735,589.0,0,未扣成本·事後欄位以 m_ 標示·非投資建議
SEL,1,2025-03-13,2025-03-14,6969,成信實業*-創,TWSE,W,,fV300|fV100|fH125,W_atr14@3,243,545,漏網,1801,0.020522,,atr14=0.143|n_lu_250=0.760|r20=0.016|c_ma120=0.002|vr20=0.929|days_since_lu=0.438|dt_ratio20=NaN|lend_to_v=NaN|rev_yoy=0.949|o_turn=0.291|o_log_mcap=0.012|o_lu_follow=0.998,"官方日成交結構(MI_INDEX/dailyQuotes)=1|發行股數(MI_QFIIS/dailyQuotes)=1|外資持股(MI_QFIIS,僅上市)=1|自營商(T86/上櫃三大法人)=1|當沖(TWTB4U/上櫃intraday)=0|季財報(MOPS t163sb04)=1|月營收(MOPS/openapi)=1|官方產業別(MOPS t05st03)=1|融資券(MI_MARGN)=0|借券(TWT93U)=0|法人(T86)=1",120,120.0,120.0,official,46.7,,0.0,0.0,0,1,9.652,20.57,12.342,114.0,0,未扣成本·事後欄位以 m_ 標示·非投資建議
SEL,1,2025-03-14,2025-03-17,1435,中福,TWSE,W,,fV300|fV100|fVnan|fH125|fN20,W_atr14@3,541,542,漏網,1852,,,atr14=NaN|n_lu_250=0.145|r20=0.177|c_ma120=NaN|vr20=NaN|days_since_lu=0.714|dt_ratio20=NaN|lend_to_v=NaN|rev_yoy=0.026|o_turn=0.000|o_log_mcap=0.217|o_lu_follow=0.667,"官方日成交結構(MI_INDEX/dailyQuotes)=1|發行股數(MI_QFIIS/dailyQuotes)=1|外資持股(MI_QFIIS,僅上市)=1|自營商(T86/上櫃三大法人)=0|當沖(TWTB4U/上櫃intraday)=0|季財報(MOPS t163sb04)=1|月營收(MOPS/openapi)=1|官方產業別(MOPS t05st03)=1|融資券(MI_MARGN)=0|借券(TWT93U)=0|法人(T86)=0",643,inf,250.0,official_prepanel,,,0.0,0.0,0,1,4.867,23.304,25.074,15.0,0,未扣成本·事後欄位以 m_ 標示·非投資建議
SEL,1,2025-03-14,2025-03-17,3288,點晶,TPEx,W,,fV300|fV100|fN20,W_atr14@3,312,542,漏網,1324,0.017284,,atr14=0.086|n_lu_250=0.860|r20=0.401|c_ma120=0.134|vr20=0.308|days_since_lu=0.266|dt_ratio20=NaN|lend_to_v=0.014|rev_yoy=0.538|o_turn=0.001|o_log_mcap=0.000|o_lu_follow=0.816,"官方日成交結構(MI_INDEX/dailyQuotes)=1|發行股數(MI_QFIIS/dailyQuotes)=1|外資持股(MI_QFIIS,僅上市)=0|自營商(T86/上櫃三大法人)=0|當沖(TWTB4U/上櫃intraday)=0|季財報(MOPS t163sb04)=1|月營收(MOPS/openapi)=1|官方產業別(MOPS t05st03)=1|融資券(MI_MARGN)=1|借券(TWT93U)=1|法人(T86)=0",643,inf,250.0,official_prepanel,6.39,,0.0,0.0,0,1,4.953,18.868,11.792,52.0,0,未扣成本·事後欄位以 m_ 標示·非投資建議
SEL,1,2025-03-14,2025-03-17,6130,上亞科技,TPEx,W,,fV300|fV100,W_atr14@3,161,542,漏網,603,0.024968,,atr14=0.249|n_lu_250=0.834|r20=0.735|c_ma120=0.159|vr20=0.537|days_since_lu=0.592|dt_ratio20=NaN|lend_to_v=NaN|rev_yoy=0.977|o_turn=0.020|o_log_mcap=0.002|o_lu_follow=0.945,"官方日成交結構(MI_INDEX/dailyQuotes)=1|發行股數(MI_QFIIS/dailyQuotes)=1|外資持股(MI_QFIIS,僅上市)=0|自營商(T86/上櫃三大法人)=0|當沖(TWTB4U/上櫃intraday)=0|季財報(MOPS t163sb04)=1|月營收(MOPS/openapi)=1|官方產業別(MOPS t05st03)=1|融資券(MI_MARGN)=0|借券(TWT93U)=0|法人(T86)=0",643,inf,250.0,official_prepanel,25.95,,0.0,0.0,0,1,9.956,60.619,69.027,266.0,0,未扣成本·事後欄位以 m_ 標示·非投資建議
SEL,1,2025-03-18,2025-03-19,5364,力麗店,TPEx,W,,fV300|fV100,W_atr14@3,82,545,漏網,1356,0.032047,,atr14=0.505|n_lu_250=0.767|r20=0.043|c_ma120=0.002|vr20=0.386|days_since_lu=0.544|dt_ratio20=NaN|lend_to_v=NaN|rev_yoy=0.056|o_turn=0.039|o_log_mcap=0.018|o_lu_follow=0.924,"官方日成交結構(MI_INDEX/dailyQuotes)=1|發行股數(MI_QFIIS/dailyQuotes)=1|外資持股(MI_QFIIS,僅上市)=0|自營商(T86/上櫃三大法人)=1|當沖(TWTB4U/上櫃intraday)=0|季財報(MOPS t163sb04)=1|月營收(MOPS/openapi)=1|官方產業別(MOPS t05st03)=1|融資券(MI_MARGN)=0|借券(TWT93U)=0|法人(T86)=1",645,inf,250.0,official_prepanel,74.25,,0.0,0.0,0,1,8.85,27.876,7.965,212.0,0,未扣成本·事後欄位以 m_ 標示·非投資建議
SEL,1,2025-03-19,2025-03-20,6865,偉康科技,TPEx,W,,fV300|fV100,W_atr14@3,211,545,漏網,601,0.023166,,atr14=0.197|n_lu_250=0.766|r20=0.576|c_ma120=0.423|vr20=0.909|days_since_lu=0.345|dt_ratio20=NaN|lend_to_v=NaN|rev_yoy=0.080|o_turn=0.079|o_log_mcap=0.002|o_lu_follow=0.927,"官方日成交結構(MI_INDEX/dailyQuotes)=1|發行股數(MI_QFIIS/dailyQuotes)=1|外資持股(MI_QFIIS,僅上市)=0|自營商(T86/上櫃三大法人)=0|當沖(TWTB4U/上櫃intraday)=0|季財報(MOPS t163sb04)=1|月營收(MOPS/openapi)=1|官方產業別(MOPS t05st03)=1|融資券(MI_MARGN)=0|借券(TWT93U)=0|法人(T86)=0",522,522.0,250.0,official,7.7,,0.0,0.0,0,1,7.018,37.018,32.575,184.0,0,未扣成本·事後欄位以 m_ 標示·非投資建議
SEL,1,2025-03-20,2025-03-21,3259,鑫創,TPEx,W,,fV300|fV100,W_atr14@3,326,559,漏網,1581,0.016973,,atr14=0.084|n_lu_250=0.730|r20=0.342|c_ma120=0.056|vr20=0.835|days_since_lu=0.479|dt_ratio20=NaN|lend_to_v=0.014|rev_yoy=0.890|o_turn=0.011|o_log_mcap=0.018|o_lu_follow=0.510,"官方日成交結構(MI_INDEX/dailyQuotes)=1|發行股數(MI_QFIIS/dailyQuotes)=1|外資持股(MI_QFIIS,僅上市)=0|自營商(T86/上櫃三大法人)=1|當沖(TWTB4U/上櫃intraday)=0|季財報(MOPS t163sb04)=1|月營收(MOPS/openapi)=1|官方產業別(MOPS t05st03)=1|融資券(MI_MARGN)=1|借券(TWT93U)=1|法人(T86)=1",647,inf,250.0,official_prepanel,17.15,,0.0,0.0,0,1,9.901,33.663,14.356,317.0,0,未扣成本·事後欄位以 m_ 標示·非投資建議
SEL,1,2025-03-20,2025-03-21,6228,全譜,TPEx,W,,fV300|fV100,W_atr14@3,84,559,漏網,990,0.032956,,atr14=0.564|n_lu_250=0.990|r20=0.170|c_ma120=0.007|vr20=0.415|days_since_lu=0.177|dt_ratio20=NaN|lend_to_v=0.297|rev_yoy=0.977|o_turn=0.058|o_log_mcap=0.000|o_lu_follow=0.966,"官方日成交結構(MI_INDEX/dailyQuotes)=1|發行股數(MI_QFIIS/dailyQuotes)=1|外資持股(MI_QFIIS,僅上市)=0|自營商(T86/上櫃三大法人)=1|當沖(TWTB4U/上櫃intraday)=1|季財報(MOPS t163sb04)=1|月營收(MOPS/openapi)=1|官方產業別(MOPS t05st03)=1|融資券(MI_MARGN)=1|借券(TWT93U)=1|法人(T86)=1",647,inf,250.0,official_prepanel,30.7,,0.0,0.0,0,1,9.073,18.952,39.718,95.0,0,未扣成本·事後欄位以 m_ 標示·非投資建議
SEL,1,2025-03-21,2025-03-24,3287,廣寰科,TPEx,W,,fV300|fV100,W_atr14@3,271,549,漏網,1371,0.019696,,atr14=0.133|n_lu_250=0.887|r20=0.264|c_ma120=0.118|vr20=0.537|days_since_lu=0.563|dt_ratio20=NaN|lend_to_v=0.859|rev_yoy=0.158|o_turn=0.027|o_log_mcap=0.012|o_lu_follow=0.501,"官方日成交結構(MI_INDEX/dailyQuotes)=1|發行股數(MI_QFIIS/dailyQuotes)=1|外資持股(MI_QFIIS,僅上市)=0|自營商(T86/上櫃三大法人)=1|當沖(TWTB4U/上櫃intraday)=1|季財報(MOPS t163sb04)=1|月營收(MOPS/openapi)=1|官方產業別(MOPS t05st03)=1|融資券(MI_MARGN)=1|借券(TWT93U)=1|法人(T86)=1",648,inf,250.0,official_prepanel,40.3,,0.0,0.0,0,1,5.751,22.684,0.958,235.0,0,未扣成本·事後欄位以 m_ 標示·非投資建議
SEL,1,2025-03-25,2025-03-26,2424,隴華,TWSE,W,,fV300|fV100,W_atr14@3,473,551,漏網,932,0.009818,,atr14=0.009|n_lu_250=0.852|r20=0.832|c_ma120=0.112|vr20=0.068|days_since_lu=0.461|dt_ratio20=NaN|lend_to_v=0.013|rev_yoy=0.057|o_turn=0.001|o_log_mcap=0.124|o_lu_follow=0.946,"官方日成交結構(MI_INDEX/dailyQuotes)=1|發行股數(MI_QFIIS/dailyQuotes)=1|外資持股(MI_QFIIS,僅上市)=1|自營商(T86/上櫃三大法人)=1|當沖(TWTB4U/上櫃intraday)=0|季財報(MOPS t163sb04)=1|月營收(MOPS/openapi)=1|官方產業別(MOPS t05st03)=1|融資券(MI_MARGN)=1|借券(TWT93U)=1|法人(T86)=1",650,inf,250.0,official_prepanel,14.6,,0.0,0.0,0,1,9.402,16.923,6.667,75.0,0,未扣成本·事後欄位以 m_ 標示·非投資建議
SEL,1,2025-03-25,2025-03-26,6276,安鈦克,TPEx,W,,fV300|fV100,W_atr14@3,29,551,漏網,646,0.044749,,atr14=0.854|n_lu_250=0.852|r20=0.078|c_ma120=0.307|vr20=0.184|days_since_lu=0.162|dt_ratio20=NaN|lend_to_v=0.225|rev_yoy=0.484|o_turn=0.065|o_log_mcap=0.001|o_lu_follow=0.985,"官方日成交結構(MI_INDEX/dailyQuotes)=1|發行股數(MI_QFIIS/dailyQuotes)=1|外資持股(MI_QFIIS,僅上市)=0|自營商(T86/上櫃三大法人)=1|當沖(TWTB4U/上櫃intraday)=0|季財報(MOPS t163sb04)=1|月營收(MOPS/openapi)=1|官方產業別(MOPS t05st03)=1|融資券(MI_MARGN)=1|借券(TWT93U)=1|法人(T86)=1",650,inf,250.0,official_prepanel,45.75,,0.0,0.0,0,1,8.041,10.234,-8.626,72.0,0,未扣成本·事後欄位以 m_ 標示·非投資建議
SEL,1,2025-03-27,2025-03-28,6228,全譜,TPEx,W,,fV300|fCD,W_atr14@3,18,550,漏網,135,0.049516,,atr14=0.908|n_lu_250=0.994|r20=0.972|c_ma120=0.212|vr20=0.968|days_since_lu=0.011|dt_ratio20=NaN|lend_to_v=0.076|rev_yoy=0.975|o_turn=0.855|o_log_mcap=0.001|o_lu_follow=0.970,"官方日成交結構(MI_INDEX/dailyQuotes)=1|發行股數(MI_QFIIS/dailyQuotes)=1|外資持股(MI_QFIIS,僅上市)=0|自營商(T86/上櫃三大法人)=1|當沖(TWTB4U/上櫃intraday)=1|季財報(MOPS t163sb04)=1|月營收(MOPS/openapi)=1|官方產業別(MOPS t05st03)=1|融資券(MI_MARGN)=1|借券(TWT93U)=1|法人(T86)=1",652,inf,250.0,official_prepanel,132.8,,0.0,1.0,0,1,8.347,15.693,53.422,392.0,0,未扣成本·事後欄位以 m_ 標示·非投資建議
SEL,1,2025-03-31,2025-04-01,2424,隴華,TWSE,W,,fV300|fV100|fCD,W_atr14@3,62,539,漏網,106,0.040308,,atr14=0.636|n_lu_250=0.884|r20=0.929|c_ma120=0.542|vr20=0.868|days_since_lu=0.008|dt_ratio20=NaN|lend_to_v=0.012|rev_yoy=0.053|o_turn=0.027|o_log_mcap=0.164|o_lu_follow=0.965,"官方日成交結構(MI_INDEX/dailyQuotes)=1|發行股數(MI_QFIIS/dailyQuotes)=1|外資持股(MI_QFIIS,僅上市)=1|自營商(T86/上櫃三大法人)=1|當沖(TWTB4U/上櫃intraday)=0|季財報(MOPS t163sb04)=1|月營收(MOPS/openapi)=1|官方產業別(MOPS t05st03)=1|融資券(MI_MARGN)=1|借券(TWT93U)=1|法人(T86)=1",654,inf,250.0,official_prepanel,29.05,,0.0,0.0,0,1,9.968,-7.395,-3.859,92.0,0,未扣成本·事後欄位以 m_ 標示·非投資建議
SEL,2,2025-04-11,2025-04-14,3018,隆銘綠能,TWSE,W,,fV300|fV100,W_atr14@3,85,438,漏網,1502,0.062765,,atr14=0.492|n_lu_250=0.742|r20=0.103|c_ma120=0.112|vr20=0.864|days_since_lu=0.416|dt_ratio20=NaN|lend_to_v=0.328|rev_yoy=0.036|o_turn=0.029|o_log_mcap=0.025|o_lu_follow=0.985,"官方日成交結構(MI_INDEX/dailyQuotes)=1|發行股數(MI_QFIIS/dailyQuotes)=1|外資持股(MI_QFIIS,僅上市)=1|自營商(T86/上櫃三大法人)=1|當沖(TWTB4U/上櫃intraday)=0|季財報(MOPS t163sb04)=1|月營收(MOPS/openapi)=1|官方產業別(MOPS t05st03)=1|融資券(MI_MARGN)=1|借券(TWT93U)=1|法人(T86)=1",661,inf,250.0,official_prepanel,34.65,,0.0,0.0,0,1,7.087,14.173,5.512,85.0,0,未扣成本·事後欄位以 m_ 標示·非投資建議
SEL,2,2025-04-15,2025-04-16,4972,湯石照明,TPEx,W,,fV300|fV100,W_atr14@3,275,426,漏網,1683,0.04244,,atr14=0.123|n_lu_250=0.222|r20=0.289|c_ma120=0.320|vr20=0.124|days_since_lu=0.865|dt_ratio20=NaN|lend_to_v=0.336|rev_yoy=0.340|o_turn=0.007|o_log_mcap=0.008|o_lu_follow=0.546,"官方日成交結構(MI_INDEX/dailyQuotes)=1|發行股數(MI_QFIIS/dailyQuotes)=1|外資持股(MI_QFIIS,僅上市)=0|自營商(T86/上櫃三大法人)=1|當沖(TWTB4U/上櫃intraday)=1|季財報(MOPS t163sb04)=1|月營收(MOPS/openapi)=1|官方產業別(MOPS t05st03)=1|融資券(MI_MARGN)=1|借券(TWT93U)=1|法人(T86)=1",663,inf,250.0,official_prepanel,46.25,,0.0,0.0,0,1,0.73,7.299,7.056,46.0,0,未扣成本·事後欄位以 m_ 標示·非投資建議
SEL,2,2025-04-16,2025-04-17,3095,及成,TPEx,W,,fV300|fV100,W_atr14@3,34,443,漏網,720,0.077614,,atr14=0.865|n_lu_250=0.988|r20=0.034|c_ma120=0.125|vr20=0.617|days_since_lu=0.864|dt_ratio20=NaN|lend_to_v=0.010|rev_yoy=0.170|o_turn=0.392|o_log_mcap=0.000|o_lu_follow=0.981,"官方日成交結構(MI_INDEX/dailyQuotes)=1|發行股數(MI_QFIIS/dailyQuotes)=1|外資持股(MI_QFIIS,僅上市)=0|自營商(T86/上櫃三大法人)=1|當沖(TWTB4U/上櫃intraday)=1|季財報(MOPS t163sb04)=1|月營收(MOPS/openapi)=1|官方產業別(MOPS t05st03)=1|融資券(MI_MARGN)=1|借券(TWT93U)=1|法人(T86)=1",664,inf,250.0,official_prepanel,33.95,,0.0,0.0,0,1,6.319,9.005,11.848,48.0,0,未扣成本·事後欄位以 m_ 標示·非投資建議
SEL,2,2025-04-17,2025-04-18,4946,辣椒,TPEx,W,,fV300|fCD,W_atr14@3,13,424,漏網,4,0.091889,,atr14=0.979|n_lu_250=0.990|r20=0.993|c_ma120=1.000|vr20=0.988|days_since_lu=0.038|dt_ratio20=NaN|lend_to_v=NaN|rev_yoy=0.992|o_turn=0.972|o_log_mcap=0.002|o_lu_follow=0.996,"官方日成交結構(MI_INDEX/dailyQuotes)=1|發行股數(MI_QFIIS/dailyQuotes)=1|外資持股(MI_QFIIS,僅上市)=0|自營商(T86/上櫃三大法人)=1|當沖(TWTB4U/上櫃intraday)=0|季財報(MOPS t163sb04)=1|月營收(MOPS/openapi)=1|官方產業別(MOPS t05st03)=1|融資券(MI_MARGN)=0|借券(TWT93U)=0|法人(T86)=1",665,inf,250.0,official_prepanel,178.0,,0.0,3.0,0,1,5.714,16.327,55.102,561.0,0,未扣成本·事後欄位以 m_ 標示·非投資建議
SEL,2,2025-04-18,2025-04-21,6967,汎瑋材料,TPEx,W,,fV300|fV100,W_atr14@3,89,424,漏網,1279,0.065365,,atr14=0.552|n_lu_250=0.540|r20=0.216|c_ma120=0.502|vr20=0.003|days_since_lu=0.466|dt_ratio20=NaN|lend_to_v=NaN|rev_yoy=0.270|o_turn=0.002|o_log_mcap=0.008|o_lu_follow=0.199,"官方日成交結構(MI_INDEX/dailyQuotes)=1|發行股數(MI_QFIIS/dailyQuotes)=1|外資持股(MI_QFIIS,僅上市)=0|自營商(T86/上櫃三大法人)=0|當沖(TWTB4U/上櫃intraday)=0|季財報(MOPS t163sb04)=1|月營收(MOPS/openapi)=1|官方產業別(MOPS t05st03)=1|融資券(MI_MARGN)=0|借券(TWT93U)=0|法人(T86)=0",133,133.0,133.0,official,40.3,,0.0,0.0,0,1,2.492,5.742,0.542,67.0,0,未扣成本·事後欄位以 m_ 標示·非投資建議
SEL,2,2025-04-22,2025-04-23,1435,中福,TWSE,W,,fV300|fV100|fH125|fN20|fBP,W_atr14@3,422,423,漏網,1825,,,atr14=NaN|n_lu_250=0.539|r20=0.142|c_ma120=NaN|vr20=0.002|days_since_lu=0.858|dt_ratio20=NaN|lend_to_v=0.009|rev_yoy=0.018|o_turn=0.000|o_log_mcap=0.245|o_lu_follow=0.996,"官方日成交結構(MI_INDEX/dailyQuotes)=1|發行股數(MI_QFIIS/dailyQuotes)=1|外資持股(MI_QFIIS,僅上市)=1|自營商(T86/上櫃三大法人)=0|當沖(TWTB4U/上櫃intraday)=0|季財報(MOPS t163sb04)=1|月營收(MOPS/openapi)=1|官方產業別(MOPS t05st03)=1|融資券(MI_MARGN)=1|借券(TWT93U)=1|法人(T86)=0",668,inf,250.0,official_prepanel,46.53,,0.0,0.0,1,0,0.0,11.455,10.836,3.0,0,未扣成本·事後欄位以 m_ 標示·非投資建議
SEL,2,2025-04-24,2025-04-25,3219,倚強科,TPEx,W,,fV300|fCD,W_atr14@3,10,440,漏網,227,0.082596,,atr14=0.969|n_lu_250=0.981|r20=0.540|c_ma120=0.214|vr20=0.991|days_since_lu=0.018|dt_ratio20=NaN|lend_to_v=0.072|rev_yoy=0.943|o_turn=0.841|o_log_mcap=0.088|o_lu_follow=0.980,"官方日成交結構(MI_INDEX/dailyQuotes)=1|發行股數(MI_QFIIS/dailyQuotes)=1|外資持股(MI_QFIIS,僅上市)=0|自營商(T86/上櫃三大法人)=1|當沖(TWTB4U/上櫃intraday)=1|季財報(MOPS t163sb04)=1|月營收(MOPS/openapi)=1|官方產業別(MOPS t05st03)=1|融資券(MI_MARGN)=1|借券(TWT93U)=1|法人(T86)=1",670,inf,250.0,official_prepanel,215.55,,0.0,0.0,0,1,8.443,14.119,20.233,531.0,0,未扣成本·事後欄位以 m_ 標示·非投資建議
SEL,2,2025-04-24,2025-04-25,3570,大塚,TPEx,W,,fV300|fV100,W_atr14@3,316,440,漏網,277,0.041413,,atr14=0.105|n_lu_250=0.416|r20=0.971|c_ma120=0.963|vr20=0.917|days_since_lu=0.487|dt_ratio20=NaN|lend_to_v=0.135|rev_yoy=0.936|o_turn=0.780|o_log_mcap=0.158|o_lu_follow=0.332,"官方日成交結構(MI_INDEX/dailyQuotes)=1|發行股數(MI_QFIIS/dailyQuotes)=1|外資持股(MI_QFIIS,僅上市)=0|自營商(T86/上櫃三大法人)=1|當沖(TWTB4U/上櫃intraday)=0|季財報(MOPS t163sb04)=1|月營收(MOPS/openapi)=1|官方產業別(MOPS t05st03)=1|融資券(MI_MARGN)=0|借券(TWT93U)=1|法人(T86)=1",670,inf,250.0,official_prepanel,88.5,,0.0,0.0,0,1,6.718,25.065,40.568,456.0,0,未扣成本·事後欄位以 m_ 標示·非投資建議
SEL,2,2025-04-25,2025-04-28,2438,翔耀,TWSE,W,,fV300|fCD,W_atr14@3,27,466,漏網,124,0.069295,,atr14=0.916|n_lu_250=0.989|r20=0.737|c_ma120=0.360|vr20=0.028|days_since_lu=0.127|dt_ratio20=NaN|lend_to_v=0.008|rev_yoy=0.916|o_turn=0.123|o_log_mcap=0.045|o_lu_follow=0.991,"官方日成交結構(MI_INDEX/dailyQuotes)=1|發行股數(MI_QFIIS/dailyQuotes)=1|外資持股(MI_QFIIS,僅上市)=1|自營商(T86/上櫃三大法人)=1|當沖(TWTB4U/上櫃intraday)=0|季財報(MOPS t163sb04)=1|月營收(MOPS/openapi)=1|官方產業別(MOPS t05st03)=1|融資券(MI_MARGN)=1|借券(TWT93U)=1|法人(T86)=1",671,inf,250.0,official_prepanel,272.5,,0.0,0.0,0,1,8.885,20.383,24.564,672.0,0,未扣成本·事後欄位以 m_ 標示·非投資建議
SEL,2,2025-04-25,2025-04-28,6419,京晨科,TPEx,W,,fV300|fV100,W_atr14@3,35,466,漏網,807,0.067197,,atr14=0.892|n_lu_250=0.985|r20=0.026|c_ma120=0.055|vr20=0.439|days_since_lu=0.090|dt_ratio20=NaN|lend_to_v=NaN|rev_yoy=0.068|o_turn=0.411|o_log_mcap=0.006|o_lu_follow=0.966,"官方日成交結構(MI_INDEX/dailyQuotes)=1|發行股數(MI_QFIIS/dailyQuotes)=1|外資持股(MI_QFIIS,僅上市)=0|自營商(T86/上櫃三大法人)=1|當沖(TWTB4U/上櫃intraday)=0|季財報(MOPS t163sb04)=1|月營收(MOPS/openapi)=1|官方產業別(MOPS t05st03)=1|融資券(MI_MARGN)=0|借券(TWT93U)=0|法人(T86)=1",671,inf,250.0,official_prepanel,57.4,,0.0,0.0,0,1,7.597,10.497,11.74,88.0,0,未扣成本·事後欄位以 m_ 標示·非投資建議
SEL,2,2025-04-28,2025-04-29,6441,廣錠,TPEx,W,,fV300|fV100,W_atr14@3,66,448,漏網,1375,0.053837,,atr14=0.702|n_lu_250=0.765|r20=0.010|c_ma120=0.018|vr20=0.530|days_since_lu=0.498|dt_ratio20=NaN|lend_to_v=0.632|rev_yoy=0.023|o_turn=0.140|o_log_mcap=0.011|o_lu_follow=0.735,"官方日成交結構(MI_INDEX/dailyQuotes)=1|發行股數(MI_QFIIS/dailyQuotes)=1|外資持股(MI_QFIIS,僅上市)=0|自營商(T86/上櫃三大法人)=1|當沖(TWTB4U/上櫃intraday)=1|季財報(MOPS t163sb04)=1|月營收(MOPS/openapi)=1|官方產業別(MOPS t05st03)=1|融資券(MI_MARGN)=1|借券(TWT93U)=1|法人(T86)=1",672,inf,250.0,official_prepanel,87.4,,0.0,0.0,0,1,7.917,30.417,23.125,169.0,0,未扣成本·事後欄位以 m_ 標示·非投資建議
SEL,2,2025-04-29,2025-04-30,2424,隴華,TWSE,W,,fV300|fV100,W_atr14@3,21,468,漏網,17,0.06315,,atr14=0.958|n_lu_250=0.959|r20=0.982|c_ma120=0.973|vr20=0.938|days_since_lu=0.051|dt_ratio20=NaN|lend_to_v=0.007|rev_yoy=0.989|o_turn=0.398|o_log_mcap=0.209|o_lu_follow=0.968,"官方日成交結構(MI_INDEX/dailyQuotes)=1|發行股數(MI_QFIIS/dailyQuotes)=1|外資持股(MI_QFIIS,僅上市)=1|自營商(T86/上櫃三大法人)=1|當沖(TWTB4U/上櫃intraday)=0|季財報(MOPS t163sb04)=1|月營收(MOPS/openapi)=1|官方產業別(MOPS t05st03)=1|融資券(MI_MARGN)=1|借券(TWT93U)=1|法人(T86)=1",673,inf,250.0,official_prepanel,76.1,,0.0,0.0,0,1,5.426,15.375,20.155,185.0,0,未扣成本·事後欄位以 m_ 標示·非投資建議
SEL,2,2025-05-02,2025-05-05,2719,燦星旅,TPEx,W,,fV300|fV100|fN20|fBP,W_atr14@3,116,466,漏網,776,0.037535,,atr14=0.581|n_lu_250=0.844|r20=0.407|c_ma120=0.123|vr20=0.117|days_since_lu=0.525|dt_ratio20=NaN|lend_to_v=0.357|rev_yoy=0.163|o_turn=0.004|o_log_mcap=0.064|o_lu_follow=0.682,"官方日成交結構(MI_INDEX/dailyQuotes)=1|發行股數(MI_QFIIS/dailyQuotes)=1|外資持股(MI_QFIIS,僅上市)=0|自營商(T86/上櫃三大法人)=1|當沖(TWTB4U/上櫃intraday)=1|季財報(MOPS t163sb04)=1|月營收(MOPS/openapi)=1|官方產業別(MOPS t05st03)=1|融資券(MI_MARGN)=1|借券(TWT93U)=1|法人(T86)=1",675,inf,250.0,official_prepanel,39.16,,0.0,0.0,0,1,7.353,33.676,44.412,162.0,0,未扣成本·事後欄位以 m_ 標示·非投資建議
SEL,2,2025-05-02,2025-05-05,8935,邦泰,TPEx,W,,fV300|fV100,W_atr14@3,143,466,漏網,1534,0.034345,,atr14=0.468|n_lu_250=0.726|r20=0.013|c_ma120=0.018|vr20=0.267|days_since_lu=0.882|dt_ratio20=NaN|lend_to_v=0.008|rev_yoy=0.266|o_turn=0.012|o_log_mcap=0.028|o_lu_follow=0.837,"官方日成交結構(MI_INDEX/dailyQuotes)=1|發行股數(MI_QFIIS/dailyQuotes)=1|外資持股(MI_QFIIS,僅上市)=0|自營商(T86/上櫃三大法人)=1|當沖(TWTB4U/上櫃intraday)=0|季財報(MOPS t163sb04)=1|月營收(MOPS/openapi)=1|官方產業別(MOPS t05st03)=1|融資券(MI_MARGN)=1|借券(TWT93U)=1|法人(T86)=1",675,inf,250.0,official_prepanel,67.55,,0.0,0.0,0,1,6.78,17.288,16.271,223.0,0,未扣成本·事後欄位以 m_ 標示·非投資建議
SEL,2,2025-05-05,2025-05-06,6169,昱泉,TPEx,W,,fV300|fV100,W_atr14@3,193,469,漏網,232,0.03046,,atr14=0.316|n_lu_250=0.652|r20=0.883|c_ma120=0.750|vr20=0.143|days_since_lu=0.538|dt_ratio20=NaN|lend_to_v=NaN|rev_yoy=0.978|o_turn=0.059|o_log_mcap=0.000|o_lu_follow=0.113,"官方日成交結構(MI_INDEX/dailyQuotes)=1|發行股數(MI_QFIIS/dailyQuotes)=1|外資持股(MI_QFIIS,僅上市)=0|自營商(T86/上櫃三大法人)=1|當沖(TWTB4U/上櫃intraday)=0|季財報(MOPS t163sb04)=1|月營收(MOPS/openapi)=1|官方產業別(MOPS t05st03)=1|融資券(MI_MARGN)=0|借券(TWT93U)=0|法人(T86)=1",676,inf,250.0,official_prepanel,46.75,,0.0,0.0,0,1,7.561,21.463,14.634,210.0,0,未扣成本·事後欄位以 m_ 標示·非投資建議
SEL,2,2025-05-07,2025-05-08,2719,燦星旅,TPEx,W,,fV300|fV100|fN20|fBP|fCD,W_atr14@3,45,503,漏網,124,0.049509,,atr14=0.829|n_lu_250=0.882|r20=0.930|c_ma120=0.507|vr20=0.996|days_since_lu=0.009|dt_ratio20=NaN|lend_to_v=0.181|rev_yoy=0.167|o_turn=0.767|o_log_mcap=0.090|o_lu_follow=0.840,"官方日成交結構(MI_INDEX/dailyQuotes)=1|發行股數(MI_QFIIS/dailyQuotes)=1|外資持股(MI_QFIIS,僅上市)=0|自營商(T86/上櫃三大法人)=1|當沖(TWTB4U/上櫃intraday)=1|季財報(MOPS t163sb04)=1|月營收(MOPS/openapi)=1|官方產業別(MOPS t05st03)=1|融資券(MI_MARGN)=1|借券(TWT93U)=1|法人(T86)=1",678,inf,250.0,official_prepanel,82.42,,0.0,0.0,0,1,9.536,10.728,26.358,448.0,0,未扣成本·事後欄位以 m_ 標示·非投資建議
SEL,2,2025-05-08,2025-05-09,6708,天擎,TPEx,W,,fV300|fV100|fN20,W_atr14@3,105,556,漏網,974,0.037263,,atr14=0.567|n_lu_250=0.882|r20=0.062|c_ma120=0.239|vr20=0.290|days_since_lu=0.559|dt_ratio20=NaN|lend_to_v=NaN|rev_yoy=0.947|o_turn=0.017|o_log_mcap=0.011|o_lu_follow=0.940,"官方日成交結構(MI_INDEX/dailyQuotes)=1|發行股數(MI_QFIIS/dailyQuotes)=1|外資持股(MI_QFIIS,僅上市)=0|自營商(T86/上櫃三大法人)=0|當沖(TWTB4U/上櫃intraday)=0|季財報(MOPS t163sb04)=1|月營收(MOPS/openapi)=1|官方產業別(MOPS t05st03)=1|融資券(MI_MARGN)=0|借券(TWT93U)=0|法人(T86)=0",563,563.0,250.0,official,22.05,,0.0,0.0,0,1,9.114,8.987,13.418,105.0,0,未扣成本·事後欄位以 m_ 標示·非投資建議
SEL,2,2025-05-09,2025-05-12,4554,橙的,TPEx,W,,fV300|fV100,W_atr14@3,321,561,漏網,865,0.022657,,atr14=0.127|n_lu_250=0.395|r20=0.344|c_ma120=0.818|vr20=0.834|days_since_lu=0.569|dt_ratio20=NaN|lend_to_v=NaN|rev_yoy=0.659|o_turn=0.154|o_log_mcap=0.000|o_lu_follow=0.331,"官方日成交結構(MI_INDEX/dailyQuotes)=1|發行股數(MI_QFIIS/dailyQuotes)=1|外資持股(MI_QFIIS,僅上市)=0|自營商(T86/上櫃三大法人)=0|當沖(TWTB4U/上櫃intraday)=0|季財報(MOPS t163sb04)=1|月營收(MOPS/openapi)=1|官方產業別(MOPS t05st03)=1|融資券(MI_MARGN)=0|借券(TWT93U)=0|法人(T86)=0",680,inf,250.0,official_prepanel,19.4,,0.0,0.0,0,1,9.121,41.791,48.922,268.0,0,未扣成本·事後欄位以 m_ 標示·非投資建議
SEL,2,2025-05-09,2025-05-12,8038,長園科,TPEx,W,,fV300|fV100,W_atr14@3,152,561,漏網,930,0.033211,,atr14=0.418|n_lu_250=0.692|r20=0.351|c_ma120=0.198|vr20=0.417|days_since_lu=0.569|dt_ratio20=NaN|lend_to_v=NaN|rev_yoy=0.751|o_turn=0.108|o_log_mcap=0.017|o_lu_follow=0.833,"官方日成交結構(MI_INDEX/dailyQuotes)=1|發行股數(MI_QFIIS/dailyQuotes)=1|外資持股(MI_QFIIS,僅上市)=0|自營商(T86/上櫃三大法人)=1|當沖(TWTB4U/上櫃intraday)=0|季財報(MOPS t163sb04)=1|月營收(MOPS/openapi)=1|官方產業別(MOPS t05st03)=1|融資券(MI_MARGN)=0|借券(TWT93U)=0|法人(T86)=1",680,inf,250.0,official_prepanel,84.15,,0.0,0.0,0,1,4.677,28.508,28.731,262.0,0,未扣成本·事後欄位以 m_ 標示·非投資建議
SEL,2,2025-05-09,2025-05-12,8093,保銳,TPEx,W,,fV300|fV100,W_atr14@3,43,561,漏網,711,0.048157,,atr14=0.820|n_lu_250=0.903|r20=0.172|c_ma120=0.126|vr20=0.117|days_since_lu=0.569|dt_ratio20=NaN|lend_to_v=0.008|rev_yoy=0.057|o_turn=0.001|o_log_mcap=0.005|o_lu_follow=0.749,"官方日成交結構(MI_INDEX/dailyQuotes)=1|發行股數(MI_QFIIS/dailyQuotes)=1|外資持股(MI_QFIIS,僅上市)=0|自營商(T86/上櫃三大法人)=1|當沖(TWTB4U/上櫃intraday)=0|季財報(MOPS t163sb04)=1|月營收(MOPS/openapi)=1|官方產業別(MOPS t05st03)=1|融資券(MI_MARGN)=1|借券(TWT93U)=1|法人(T86)=1",680,inf,250.0,official_prepanel,37.85,,0.0,0.0,0,1,5.573,16.409,4.644,238.0,0,未扣成本·事後欄位以 m_ 標示·非投資建議
SEL,2,2025-05-12,2025-05-13,3057,喬鼎,TWSE,W,,fP10|fV300|fV100,W_atr14@3,254,581,漏網,1527,0.026311,,atr14=0.236|n_lu_250=0.635|r20=0.049|c_ma120=0.072|vr20=0.790|days_since_lu=0.572|dt_ratio20=NaN|lend_to_v=0.007|rev_yoy=0.067|o_turn=0.146|o_log_mcap=0.000|o_lu_follow=0.120,"官方日成交結構(MI_INDEX/dailyQuotes)=1|發行股數(MI_QFIIS/dailyQuotes)=1|外資持股(MI_QFIIS,僅上市)=1|自營商(T86/上櫃三大法人)=1|當沖(TWTB4U/上櫃intraday)=0|季財報(MOPS t163sb04)=1|月營收(MOPS/openapi)=1|官方產業別(MOPS t05st03)=1|融資券(MI_MARGN)=1|借券(TWT93U)=1|法人(T86)=1",681,inf,250.0,official_prepanel,88.15,,0.0,0.0,1,0,0.0,25.134,29.968,218.0,0,未扣成本·事後欄位以 m_ 標示·非投資建議
SEL,2,2025-05-14,2025-05-15,3205,佰研,TPEx,W,,fV300|fV100,W_atr14@3,110,600,漏網,1342,0.036722,,atr14=0.602|n_lu_250=0.198|r20=0.309|c_ma120=0.065|vr20=0.056|days_since_lu=0.919|dt_ratio20=NaN|lend_to_v=0.831|rev_yoy=0.233|o_turn=0.027|o_log_mcap=0.000|o_lu_follow=0.527,"官方日成交結構(MI_INDEX/dailyQuotes)=1|發行股數(MI_QFIIS/dailyQuotes)=1|外資持股(MI_QFIIS,僅上市)=0|自營商(T86/上櫃三大法人)=1|當沖(TWTB4U/上櫃intraday)=1|季財報(MOPS t163sb04)=1|月營收(MOPS/openapi)=1|官方產業別(MOPS t05st03)=1|融資券(MI_MARGN)=1|借券(TWT93U)=1|法人(T86)=1",683,inf,250.0,official_prepanel,50.55,,0.0,0.0,0,1,9.879,60.282,70.161,378.0,0,未扣成本·事後欄位以 m_ 標示·非投資建議
SEL,2,2025-05-15,2025-05-16,1419,新紡,TWSE,W,,fV300|fV100,W_atr14@3,320,588,漏網,1236,0.022491,,atr14=0.139|n_lu_250=0.036|r20=0.405|c_ma120=0.643|vr20=0.190|days_since_lu=0.938|dt_ratio20=0.061|lend_to_v=0.714|rev_yoy=0.279|o_turn=0.001|o_log_mcap=0.513|o_lu_follow=0.773,"官方日成交結構(MI_INDEX/dailyQuotes)=1|發行股數(MI_QFIIS/dailyQuotes)=1|外資持股(MI_QFIIS,僅上市)=1|自營商(T86/上櫃三大法人)=1|當沖(TWTB4U/上櫃intraday)=0|季財報(MOPS t163sb04)=1|月營收(MOPS/openapi)=1|官方產業別(MOPS t05st03)=1|融資券(MI_MARGN)=1|借券(TWT93U)=1|法人(T86)=1",684,inf,250.0,official_prepanel,58.3,,0.0,0.0,0,1,3.813,47.277,55.773,505.0,0,未扣成本·事後欄位以 m_ 標示·非投資建議
SEL,2,2025-05-22,2025-05-23,3229,晟鈦,TWSE,W,,fV300|fV100,W_atr14@3,200,578,漏網,717,0.027041,,atr14=0.312|n_lu_250=0.961|r20=0.395|c_ma120=0.154|vr20=0.453|days_since_lu=0.615|dt_ratio20=NaN|lend_to_v=0.008|rev_yoy=0.727|o_turn=0.009|o_log_mcap=0.002|o_lu_follow=0.993,"官方日成交結構(MI_INDEX/dailyQuotes)=1|發行股數(MI_QFIIS/dailyQuotes)=1|外資持股(MI_QFIIS,僅上市)=1|自營商(T86/上櫃三大法人)=1|當沖(TWTB4U/上櫃intraday)=0|季財報(MOPS t163sb04)=1|月營收(MOPS/openapi)=1|官方產業別(MOPS t05st03)=1|融資券(MI_MARGN)=1|借券(TWT93U)=1|法人(T86)=1",689,inf,250.0,official_prepanel,36.55,,0.0,0.0,0,1,7.317,10.801,10.453,329.0,0,未扣成本·事後欄位以 m_ 標示·非投資建議
SEL,2,2025-05-22,2025-05-23,3467,台灣精材,TPEx,W,,fV300|fV100|fH125|fA60,W_atr14@3,77,578,漏網,1835,0.038289,,atr14=0.660|n_lu_250=0.197|r20=0.321|c_ma120=NaN|vr20=0.795|days_since_lu=0.615|dt_ratio20=NaN|lend_to_v=NaN|rev_yoy=0.230|o_turn=0.352|o_log_mcap=0.026|o_lu_follow=0.533,"官方日成交結構(MI_INDEX/dailyQuotes)=1|發行股數(MI_QFIIS/dailyQuotes)=1|外資持股(MI_QFIIS,僅上市)=0|自營商(T86/上櫃三大法人)=1|當沖(TWTB4U/上櫃intraday)=0|季財報(MOPS t163sb04)=1|月營收(MOPS/openapi)=1|官方產業別(MOPS t05st03)=1|融資券(MI_MARGN)=0|借券(TWT93U)=0|法人(T86)=1",40,40.0,40.0,official,61.95,,0.0,0.0,0,1,11.317,15.226,18.724,215.0,0,未扣成本·事後欄位以 m_ 標示·非投資建議
SEL,2,2025-05-22,2025-05-23,6574,霈方,TPEx,W,,fV300|fV100|fVnan|fH125|fN20,W_atr14@3,578,578,漏網,1838,,,atr14=NaN|n_lu_250=0.390|r20=0.725|c_ma120=NaN|vr20=NaN|days_since_lu=0.615|dt_ratio20=NaN|lend_to_v=NaN|rev_yoy=0.288|o_turn=0.117|o_log_mcap=0.013|o_lu_follow=0.331,"官方日成交結構(MI_INDEX/dailyQuotes)=1|發行股數(MI_QFIIS/dailyQuotes)=1|外資持股(MI_QFIIS,僅上市)=0|自營商(T86/上櫃三大法人)=0|當沖(TWTB4U/上櫃intraday)=0|季財報(MOPS t163sb04)=1|月營收(MOPS/openapi)=1|官方產業別(MOPS t05st03)=1|融資券(MI_MARGN)=0|借券(TWT93U)=0|法人(T86)=0",689,inf,250.0,official_prepanel,,,0.0,0.0,0,1,6.472,27.346,51.294,71.0,0,未扣成本·事後欄位以 m_ 標示·非投資建議
SEL,2,2025-05-22,2025-05-23,6902,GOGOLOOK,TWSE,W,,fV300|fH125|fN20,W_atr14@3,7,578,漏網,1505,0.068887,,atr14=0.985|n_lu_250=0.197|r20=0.001|c_ma120=0.005|vr20=0.931|days_since_lu=0.615|dt_ratio20=NaN|lend_to_v=NaN|rev_yoy=0.841|o_turn=0.741|o_log_mcap=0.111|o_lu_follow=0.533,"官方日成交結構(MI_INDEX/dailyQuotes)=1|發行股數(MI_QFIIS/dailyQuotes)=1|外資持股(MI_QFIIS,僅上市)=1|自營商(T86/上櫃三大法人)=1|當沖(TWTB4U/上櫃intraday)=0|季財報(MOPS t163sb04)=1|月營收(MOPS/openapi)=1|官方產業別(MOPS t05st03)=1|融資券(MI_MARGN)=0|借券(TWT93U)=0|法人(T86)=1",450,450.0,250.0,official,160.68,,0.0,1.0,0,1,9.268,10.61,7.195,601.0,0,未扣成本·事後欄位以 m_ 標示·非投資建議
SEL,2,2025-05-26,2025-05-27,4198,欣大健康,TPEx,W,,fV300|fV100|fH125|fN20,W_atr14@3,126,578,漏網,1809,0.029995,,atr14=0.505|n_lu_250=0.730|r20=NaN|c_ma120=NaN|vr20=0.583|days_since_lu=0.619|dt_ratio20=NaN|lend_to_v=NaN|rev_yoy=0.116|o_turn=0.001|o_log_mcap=0.000|o_lu_follow=0.933,"官方日成交結構(MI_INDEX/dailyQuotes)=1|發行股數(MI_QFIIS/dailyQuotes)=1|外資持股(MI_QFIIS,僅上市)=0|自營商(T86/上櫃三大法人)=0|當沖(TWTB4U/上櫃intraday)=0|季財報(MOPS t163sb04)=1|月營收(MOPS/openapi)=1|官方產業別(MOPS t05st03)=1|融資券(MI_MARGN)=0|借券(TWT93U)=0|法人(T86)=0",691,inf,250.0,official_prepanel,8.37,,0.0,0.0,0,1,9.906,15.723,17.138,129.0,0,未扣成本·事後欄位以 m_ 標示·非投資建議
SEL,2,2025-05-27,2025-05-28,6465,威潤,TPEx,W,,fV300|fV100|fN20,W_atr14@3,167,594,漏網,917,0.027056,,atr14=0.377|n_lu_250=0.390|r20=0.723|c_ma120=0.071|vr20=0.584|days_since_lu=0.916|dt_ratio20=NaN|lend_to_v=0.008|rev_yoy=0.738|o_turn=0.001|o_log_mcap=0.000|o_lu_follow=0.323,"官方日成交結構(MI_INDEX/dailyQuotes)=1|發行股數(MI_QFIIS/dailyQuotes)=1|外資持股(MI_QFIIS,僅上市)=0|自營商(T86/上櫃三大法人)=0|當沖(TWTB4U/上櫃intraday)=0|季財報(MOPS t163sb04)=1|月營收(MOPS/openapi)=1|官方產業別(MOPS t05st03)=1|融資券(MI_MARGN)=1|借券(TWT93U)=1|法人(T86)=0",692,inf,250.0,official_prepanel,18.74,,0.0,0.0,0,1,6.333,26.333,8.333,139.0,0,未扣成本·事後欄位以 m_ 標示·非投資建議
SEL,2,2025-05-27,2025-05-28,6498,久禾光,TPEx,W,,fV300|fV100|fVnan|fH125|fA60|fN20|fBP,W_atr14@3,594,594,漏網,1853,,,atr14=NaN|n_lu_250=0.036|r20=NaN|c_ma120=NaN|vr20=NaN|days_since_lu=0.973|dt_ratio20=NaN|lend_to_v=NaN|rev_yoy=0.657|o_turn=0.794|o_log_mcap=0.226|o_lu_follow=0.776,"官方日成交結構(MI_INDEX/dailyQuotes)=1|發行股數(MI_QFIIS/dailyQuotes)=1|外資持股(MI_QFIIS,僅上市)=0|自營商(T86/上櫃三大法人)=0|當沖(TWTB4U/上櫃intraday)=0|季財報(MOPS t163sb04)=1|月營收(MOPS/openapi)=1|官方產業別(MOPS t05st03)=1|融資券(MI_MARGN)=0|借券(TWT93U)=0|法人(T86)=0",6,6.0,6.0,official,,,0.0,0.0,0,1,6.796,13.107,24.272,805.0,0,未扣成本·事後欄位以 m_ 標示·非投資建議
SEL,2,2025-05-28,2025-05-29,6674,鋐寶科技,TWSE,W,,fV300|fV100,W_atr14@3,13,584,漏網,719,0.056487,,atr14=0.936|n_lu_250=0.679|r20=0.167|c_ma120=0.214|vr20=0.949|days_since_lu=0.255|dt_ratio20=0.558|lend_to_v=0.246|rev_yoy=0.046|o_turn=0.433|o_log_mcap=0.009|o_lu_follow=0.824,"官方日成交結構(MI_INDEX/dailyQuotes)=1|發行股數(MI_QFIIS/dailyQuotes)=1|外資持股(MI_QFIIS,僅上市)=1|自營商(T86/上櫃三大法人)=1|當沖(TWTB4U/上櫃intraday)=1|季財報(MOPS t163sb04)=1|月營收(MOPS/openapi)=1|官方產業別(MOPS t05st03)=1|融資券(MI_MARGN)=1|借券(TWT93U)=1|法人(T86)=1",693,inf,250.0,official_prepanel,80.55,,0.0,0.0,0,1,5.122,28.049,36.829,199.0,0,未扣成本·事後欄位以 m_ 標示·非投資建議
SEL,2,2025-06-02,2025-06-03,6144,得利影,TPEx,W,,fV300|fV100,W_atr14@3,12,592,漏網,815,0.055017,,atr14=0.925|n_lu_250=0.994|r20=0.007|c_ma120=0.002|vr20=0.501|days_since_lu=0.338|dt_ratio20=NaN|lend_to_v=0.007|rev_yoy=0.176|o_turn=0.034|o_log_mcap=0.000|o_lu_follow=0.995,"官方日成交結構(MI_INDEX/dailyQuotes)=1|發行股數(MI_QFIIS/dailyQuotes)=1|外資持股(MI_QFIIS,僅上市)=0|自營商(T86/上櫃三大法人)=1|當沖(TWTB4U/上櫃intraday)=0|季財報(MOPS t163sb04)=1|月營收(MOPS/openapi)=1|官方產業別(MOPS t05st03)=1|融資券(MI_MARGN)=1|借券(TWT93U)=1|法人(T86)=1",695,inf,250.0,official_prepanel,37.8,,0.0,0.0,0,1,9.635,14.844,10.677,115.0,0,未扣成本·事後欄位以 m_ 標示·非投資建議
SEL,2,2025-06-02,2025-06-03,6574,霈方,TPEx,W,,fV300|fV100|fH125|fN20|fCD,W_atr14@3,8,592,漏網,40,0.059125,,atr14=0.954|n_lu_250=0.730|r20=0.994|c_ma120=NaN|vr20=0.936|days_since_lu=0.008|dt_ratio20=NaN|lend_to_v=NaN|rev_yoy=0.285|o_turn=0.385|o_log_mcap=0.032|o_lu_follow=0.986,"官方日成交結構(MI_INDEX/dailyQuotes)=1|發行股數(MI_QFIIS/dailyQuotes)=1|外資持股(MI_QFIIS,僅上市)=0|自營商(T86/上櫃三大法人)=1|當沖(TWTB4U/上櫃intraday)=0|季財報(MOPS t163sb04)=1|月營收(MOPS/openapi)=1|官方產業別(MOPS t05st03)=1|融資券(MI_MARGN)=0|借券(TWT93U)=0|法人(T86)=1",695,inf,250.0,official_prepanel,39.38,,1.0,3.0,1,0,0.0,16.137,7.878,37.0,1,未扣成本·事後欄位以 m_ 標示·非投資建議
SEL,2,2025-06-03,2025-06-04,8087,麗升能源,TPEx,W,,fV300|fV100|fN20,W_atr14@3,370,612,漏網,1715,0.017637,,atr14=0.097|n_lu_250=0.397|r20=0.018|c_ma120=0.304|vr20=0.924|days_since_lu=0.629|dt_ratio20=NaN|lend_to_v=0.034|rev_yoy=0.007|o_turn=0.134|o_log_mcap=0.026|o_lu_follow=0.315,"官方日成交結構(MI_INDEX/dailyQuotes)=1|發行股數(MI_QFIIS/dailyQuotes)=1|外資持股(MI_QFIIS,僅上市)=0|自營商(T86/上櫃三大法人)=0|當沖(TWTB4U/上櫃intraday)=1|季財報(MOPS t163sb04)=1|月營收(MOPS/openapi)=1|官方產業別(MOPS t05st03)=1|融資券(MI_MARGN)=0|借券(TWT93U)=1|法人(T86)=0",696,inf,250.0,official_prepanel,17.0,,0.0,0.0,1,0,0.0,1.296,5.183,150.0,0,未扣成本·事後欄位以 m_ 標示·非投資建議
SEL,2,2025-06-04,2025-06-05,6747,,TPEx,W,,fV300|fV100|fH125,W_atr14@3,325,613,漏網,620,0.019033,,atr14=0.114|n_lu_250=0.039|r20=0.859|c_ma120=0.954|vr20=0.975|days_since_lu=0.972|dt_ratio20=NaN|lend_to_v=NaN|rev_yoy=NaN|o_turn=0.393|o_log_mcap=0.199|o_lu_follow=0.776,"官方日成交結構(MI_INDEX/dailyQuotes)=1|發行股數(MI_QFIIS/dailyQuotes)=1|外資持股(MI_QFIIS,僅上市)=0|自營商(T86/上櫃三大法人)=1|當沖(TWTB4U/上櫃intraday)=0|季財報(MOPS t163sb04)=0|月營收(MOPS/openapi)=0|官方產業別(MOPS t05st03)=0|融資券(MI_MARGN)=0|借券(TWT93U)=0|法人(T86)=1",697,inf,250.0,fallback_prepanel,28.35,,0.0,0.0,1,0,0.0,9.714,10.571,72.0,0,未扣成本·事後欄位以 m_ 標示·非投資建議
SEL,2,2025-06-05,2025-06-06,1295,生合,TPEx,W,,fV300|fV100|fVnan|fH125|fA60|fN20|fBP,W_atr14@3,582,610,漏網,1795,,,atr14=NaN|n_lu_250=0.038|r20=NaN|c_ma120=NaN|vr20=NaN|days_since_lu=0.973|dt_ratio20=NaN|lend_to_v=NaN|rev_yoy=0.881|o_turn=0.907|o_log_mcap=0.125|o_lu_follow=0.773,"官方日成交結構(MI_INDEX/dailyQuotes)=1|發行股數(MI_QFIIS/dailyQuotes)=1|外資持股(MI_QFIIS,僅上市)=0|自營商(T86/上櫃三大法人)=0|當沖(TWTB4U/上櫃intraday)=0|季財報(MOPS t163sb04)=1|月營收(MOPS/openapi)=1|官方產業別(MOPS t05st03)=1|融資券(MI_MARGN)=0|借券(TWT93U)=0|法人(T86)=0",7,7.0,7.0,official,,,0.0,0.0,0,1,7.547,18.757,27.636,2994.0,0,未扣成本·事後欄位以 m_ 標示·非投資建議
SEL,2,2025-06-05,2025-06-06,6498,久禾光,TPEx,W,,fV300|fV100|fVnan|fH125|fA60|fN20|fBP|fCD,W_atr14@3,605,610,漏網,1840,,,atr14=0.998|n_lu_250=0.394|r20=NaN|c_ma120=NaN|vr20=NaN|days_since_lu=0.032|dt_ratio20=NaN|lend_to_v=NaN|rev_yoy=0.657|o_turn=0.735|o_log_mcap=0.240|o_lu_follow=0.961,"官方日成交結構(MI_INDEX/dailyQuotes)=1|發行股數(MI_QFIIS/dailyQuotes)=1|外資持股(MI_QFIIS,僅上市)=0|自營商(T86/上櫃三大法人)=0|當沖(TWTB4U/上櫃intraday)=0|季財報(MOPS t163sb04)=1|月營收(MOPS/openapi)=1|官方產業別(MOPS t05st03)=1|融資券(MI_MARGN)=0|借券(TWT93U)=0|法人(T86)=0",12,12.0,12.0,official,,,0.0,0.0,0,1,8.636,15.0,12.799,816.0,0,未扣成本·事後欄位以 m_ 標示·非投資建議
SEL,2,2025-06-05,2025-06-06,8034,榮群,TPEx,W,,fV300|fV100,W_atr14@3,371,610,漏網,1632,0.016364,,atr14=0.073|n_lu_250=0.203|r20=0.353|c_ma120=0.236|vr20=0.740|days_since_lu=0.635|dt_ratio20=NaN|lend_to_v=0.824|rev_yoy=0.939|o_turn=0.204|o_log_mcap=0.005|o_lu_follow=0.519,"官方日成交結構(MI_INDEX/dailyQuotes)=1|發行股數(MI_QFIIS/dailyQuotes)=1|外資持股(MI_QFIIS,僅上市)=0|自營商(T86/上櫃三大法人)=1|當沖(TWTB4U/上櫃intraday)=1|季財報(MOPS t163sb04)=1|月營收(MOPS/openapi)=1|官方產業別(MOPS t05st03)=1|融資券(MI_MARGN)=1|借券(TWT93U)=1|法人(T86)=1",698,inf,250.0,official_prepanel,76.5,,0.0,0.0,1,0,0.0,8.451,5.634,338.0,0,未扣成本·事後欄位以 m_ 標示·非投資建議
SEL,2,2025-06-06,2025-06-09,3067,全域,TPEx,W,,fV300|fV100|fH125,W_atr14@3,84,607,漏網,823,0.032775,,atr14=0.552|n_lu_250=0.392|r20=0.309|c_ma120=NaN|vr20=0.321|days_since_lu=0.638|dt_ratio20=NaN|lend_to_v=NaN|rev_yoy=0.992|o_turn=0.019|o_log_mcap=0.000|o_lu_follow=0.318,"官方日成交結構(MI_INDEX/dailyQuotes)=1|發行股數(MI_QFIIS/dailyQuotes)=1|外資持股(MI_QFIIS,僅上市)=0|自營商(T86/上櫃三大法人)=0|當沖(TWTB4U/上櫃intraday)=0|季財報(MOPS t163sb04)=1|月營收(MOPS/openapi)=1|官方產業別(MOPS t05st03)=1|融資券(MI_MARGN)=0|借券(TWT93U)=0|法人(T86)=0",699,inf,250.0,official_prepanel,14.25,,0.0,0.0,0,1,4.009,20.755,0.472,74.0,0,未扣成本·事後欄位以 m_ 標示·非投資建議
SEL,2,2025-06-06,2025-06-09,4188,安克,TPEx,W,,fV300|fV100,W_atr14@3,41,607,漏網,573,0.039952,,atr14=0.745|n_lu_250=0.513|r20=0.670|c_ma120=0.081|vr20=0.435|days_since_lu=0.110|dt_ratio20=NaN|lend_to_v=NaN|rev_yoy=0.226|o_turn=0.045|o_log_mcap=0.005|o_lu_follow=0.201,"官方日成交結構(MI_INDEX/dailyQuotes)=1|發行股數(MI_QFIIS/dailyQuotes)=1|外資持股(MI_QFIIS,僅上市)=0|自營商(T86/上櫃三大法人)=0|當沖(TWTB4U/上櫃intraday)=0|季財報(MOPS t163sb04)=1|月營收(MOPS/openapi)=1|官方產業別(MOPS t05st03)=1|融資券(MI_MARGN)=0|借券(TWT93U)=0|法人(T86)=0",699,inf,250.0,official_prepanel,59.9,,0.0,0.0,0,1,10.204,12.925,7.823,306.0,0,未扣成本·事後欄位以 m_ 標示·非投資建議
SEL,2,2025-06-06,2025-06-09,7642,昶瑞機電,TPEx,W,,fV300|fV100|fVnan|fH125|fA60|fN20,W_atr14@3,578,607,漏網,1804,,,atr14=NaN|n_lu_250=0.038|r20=NaN|c_ma120=NaN|vr20=NaN|days_since_lu=0.973|dt_ratio20=NaN|lend_to_v=NaN|rev_yoy=0.706|o_turn=0.635|o_log_mcap=0.080|o_lu_follow=0.772,"官方日成交結構(MI_INDEX/dailyQuotes)=1|發行股數(MI_QFIIS/dailyQuotes)=1|外資持股(MI_QFIIS,僅上市)=0|自營商(T86/上櫃三大法人)=0|當沖(TWTB4U/上櫃intraday)=0|季財報(MOPS t163sb04)=1|月營收(MOPS/openapi)=1|官方產業別(MOPS t05st03)=1|融資券(MI_MARGN)=0|借券(TWT93U)=0|法人(T86)=0",11,11.0,11.0,official,,,0.0,0.0,0,1,8.675,40.964,37.349,575.0,0,未扣成本·事後欄位以 m_ 標示·非投資建議
SEL,2,2025-06-10,2025-06-11,6637,醫影,TPEx,W,,fV300|fV100,W_atr14@3,481,626,漏網,1441,0.012001,,atr14=0.025|n_lu_250=0.610|r20=0.556|c_ma120=0.280|vr20=0.251|days_since_lu=0.643|dt_ratio20=NaN|lend_to_v=NaN|rev_yoy=0.047|o_turn=0.025|o_log_mcap=0.055|o_lu_follow=0.129,"官方日成交結構(MI_INDEX/dailyQuotes)=1|發行股數(MI_QFIIS/dailyQuotes)=1|外資持股(MI_QFIIS,僅上市)=0|自營商(T86/上櫃三大法人)=0|當沖(TWTB4U/上櫃intraday)=0|季財報(MOPS t163sb04)=1|月營收(MOPS/openapi)=1|官方產業別(MOPS t05st03)=1|融資券(MI_MARGN)=0|借券(TWT93U)=0|法人(T86)=0",236,236.0,236.0,official,31.05,,0.0,0.0,1,0,0.0,20.293,34.474,149.0,0,未扣成本·事後欄位以 m_ 標示·非投資建議
SEL,2,2025-06-11,2025-06-12,7642,昶瑞機電,TPEx,W,,fV300|fV100|fVnan|fH125|fA60|fN20|fCD,W_atr14@3,601,630,漏網,1814,,,atr14=0.912|n_lu_250=0.394|r20=NaN|c_ma120=NaN|vr20=NaN|days_since_lu=0.009|dt_ratio20=NaN|lend_to_v=NaN|rev_yoy=0.699|o_turn=0.883|o_log_mcap=0.121|o_lu_follow=0.959,"官方日成交結構(MI_INDEX/dailyQuotes)=1|發行股數(MI_QFIIS/dailyQuotes)=1|外資持股(MI_QFIIS,僅上市)=0|自營商(T86/上櫃三大法人)=0|當沖(TWTB4U/上櫃intraday)=0|季財報(MOPS t163sb04)=1|月營收(MOPS/openapi)=1|官方產業別(MOPS t05st03)=1|融資券(MI_MARGN)=0|借券(TWT93U)=0|法人(T86)=0",14,14.0,14.0,official,,,0.0,0.0,0,1,7.576,25.253,19.697,1234.0,0,未扣成本·事後欄位以 m_ 標示·非投資建議
SEL,2,2025-06-12,2025-06-13,4923,力士,TPEx,W,,fV300|fV100,W_atr14@3,63,627,漏網,587,0.036992,,atr14=0.701|n_lu_250=0.678|r20=0.404|c_ma120=0.214|vr20=0.843|days_since_lu=0.049|dt_ratio20=NaN|lend_to_v=0.442|rev_yoy=0.500|o_turn=0.352|o_log_mcap=0.005|o_lu_follow=0.825,"官方日成交結構(MI_INDEX/dailyQuotes)=1|發行股數(MI_QFIIS/dailyQuotes)=1|外資持股(MI_QFIIS,僅上市)=0|自營商(T86/上櫃三大法人)=1|當沖(TWTB4U/上櫃intraday)=1|季財報(MOPS t163sb04)=1|月營收(MOPS/openapi)=1|官方產業別(MOPS t05st03)=1|融資券(MI_MARGN)=1|借券(TWT93U)=1|法人(T86)=1",703,inf,250.0,official_prepanel,63.7,,0.0,0.0,1,0,0.0,16.899,9.767,135.0,0,未扣成本·事後欄位以 m_ 標示·非投資建議
SEL,2,2025-06-13,2025-06-16,6597,立誠,TPEx,W,,fV300|fV100|fH125|fA60,W_atr14@3,154,622,漏網,1824,0.028185,,atr14=0.375|n_lu_250=0.039|r20=0.005|c_ma120=NaN|vr20=0.221|days_since_lu=0.972|dt_ratio20=NaN|lend_to_v=NaN|rev_yoy=0.088|o_turn=0.048|o_log_mcap=0.061|o_lu_follow=0.764,"官方日成交結構(MI_INDEX/dailyQuotes)=1|發行股數(MI_QFIIS/dailyQuotes)=1|外資持股(MI_QFIIS,僅上市)=0|自營商(T86/上櫃三大法人)=0|當沖(TWTB4U/上櫃intraday)=0|季財報(MOPS t163sb04)=1|月營收(MOPS/openapi)=1|官方產業別(MOPS t05st03)=1|融資券(MI_MARGN)=0|借券(TWT93U)=0|法人(T86)=0",26,26.0,26.0,official,43.0,,0.0,0.0,0,1,6.825,11.699,13.928,130.0,0,未扣成本·事後欄位以 m_ 標示·非投資建議
SEL,2,2025-06-16,2025-06-17,2911,麗嬰房,TWSE,W,,fP10|fV300|fV100,W_atr14@3,11,637,漏網,412,0.055632,,atr14=0.945|n_lu_250=0.778|r20=0.574|c_ma120=0.055|vr20=0.529|days_since_lu=0.075|dt_ratio20=NaN|lend_to_v=0.009|rev_yoy=0.247|o_turn=0.032|o_log_mcap=0.000|o_lu_follow=0.899,"官方日成交結構(MI_INDEX/dailyQuotes)=1|發行股數(MI_QFIIS/dailyQuotes)=1|外資持股(MI_QFIIS,僅上市)=1|自營商(T86/上櫃三大法人)=1|當沖(TWTB4U/上櫃intraday)=0|季財報(MOPS t163sb04)=1|月營收(MOPS/openapi)=1|官方產業別(MOPS t05st03)=1|融資券(MI_MARGN)=1|借券(TWT93U)=1|法人(T86)=1",705,inf,250.0,official_prepanel,96.05,,0.0,0.0,0,1,2.143,-6.964,-2.5,291.0,0,未扣成本·事後欄位以 m_ 標示·非投資建議
SEL,2,2025-06-17,2025-06-18,6925,意藍,TPEx,W,,fV300|fV100|fVnan|fH125|fA60|fN20|fBP,W_atr14@3,618,649,漏網,1804,,,atr14=1.000|n_lu_250=0.205|r20=NaN|c_ma120=NaN|vr20=NaN|days_since_lu=0.072|dt_ratio20=NaN|lend_to_v=NaN|rev_yoy=0.469|o_turn=0.955|o_log_mcap=0.082|o_lu_follow=0.533,"官方日成交結構(MI_INDEX/dailyQuotes)=1|發行股數(MI_QFIIS/dailyQuotes)=1|外資持股(MI_QFIIS,僅上市)=0|自營商(T86/上櫃三大法人)=0|當沖(TWTB4U/上櫃intraday)=0|季財報(MOPS t163sb04)=1|月營收(MOPS/openapi)=1|官方產業別(MOPS t05st03)=1|融資券(MI_MARGN)=0|借券(TWT93U)=0|法人(T86)=0",14,14.0,14.0,official,,,0.0,0.0,0,1,9.766,36.719,39.062,1886.0,0,未扣成本·事後欄位以 m_ 標示·非投資建議
SEL,2,2025-06-18,2025-06-19,6895,宏碩系統,TPEx,W,,fV300|fV100,W_atr14@3,34,647,漏網,140,0.046234,,atr14=0.893|n_lu_250=0.971|r20=0.857|c_ma120=0.338|vr20=0.151|days_since_lu=0.232|dt_ratio20=NaN|lend_to_v=0.183|rev_yoy=0.945|o_turn=0.085|o_log_mcap=0.222|o_lu_follow=0.939,"官方日成交結構(MI_INDEX/dailyQuotes)=1|發行股數(MI_QFIIS/dailyQuotes)=1|外資持股(MI_QFIIS,僅上市)=0|自營商(T86/上櫃三大法人)=1|當沖(TWTB4U/上櫃intraday)=1|季財報(MOPS t163sb04)=1|月營收(MOPS/openapi)=1|官方產業別(MOPS t05st03)=1|融資券(MI_MARGN)=1|借券(TWT93U)=1|法人(T86)=1",441,441.0,250.0,official,89.15,,0.0,0.0,0,1,5.594,25.175,29.371,599.0,0,未扣成本·事後欄位以 m_ 標示·非投資建議
SEL,2,2025-06-19,2025-06-20,3085,,TPEx,W,,fV300|fV100|fVnan|fH125|fN20|fBP,W_atr14@3,636,645,漏網,1843,,,atr14=NaN|n_lu_250=0.911|r20=0.366|c_ma120=NaN|vr20=NaN|days_since_lu=0.662|dt_ratio20=NaN|lend_to_v=NaN|rev_yoy=0.874|o_turn=0.000|o_log_mcap=0.012|o_lu_follow=0.974,"官方日成交結構(MI_INDEX/dailyQuotes)=1|發行股數(MI_QFIIS/dailyQuotes)=1|外資持股(MI_QFIIS,僅上市)=0|自營商(T86/上櫃三大法人)=0|當沖(TWTB4U/上櫃intraday)=0|季財報(MOPS t163sb04)=1|月營收(MOPS/openapi)=1|官方產業別(MOPS t05st03)=0|融資券(MI_MARGN)=0|借券(TWT93U)=0|法人(T86)=0",708,inf,250.0,official_prepanel,,,0.0,0.0,0,1,6.176,8.235,4.412,27.0,0,未扣成本·事後欄位以 m_ 標示·非投資建議
SEL,2,2025-06-19,2025-06-20,6637,醫影,TPEx,W,,fV300|fCD,W_atr14@3,69,645,漏網,48,0.037385,,atr14=0.694|n_lu_250=0.777|r20=0.961|c_ma120=0.892|vr20=0.808|days_since_lu=0.037|dt_ratio20=NaN|lend_to_v=NaN|rev_yoy=0.991|o_turn=0.793|o_log_mcap=0.079|o_lu_follow=0.900,"官方日成交結構(MI_INDEX/dailyQuotes)=1|發行股數(MI_QFIIS/dailyQuotes)=1|外資持股(MI_QFIIS,僅上市)=0|自營商(T86/上櫃三大法人)=1|當沖(TWTB4U/上櫃intraday)=0|季財報(MOPS t163sb04)=1|月營收(MOPS/openapi)=1|官方產業別(MOPS t05st03)=1|融資券(MI_MARGN)=0|借券(TWT93U)=0|法人(T86)=1",243,243.0,243.0,official,261.4,,0.0,2.0,0,1,7.447,11.17,4.787,921.0,0,未扣成本·事後欄位以 m_ 標示·非投資建議
SEL,2,2025-06-24,2025-06-25,4804,,TPEx,W,,fP10|fP5|fV300|fV100|fH125|fN20,W_atr14@3,29,631,漏網,34,0.047773,,atr14=0.900|n_lu_250=0.895|r20=0.903|c_ma120=NaN|vr20=0.941|days_since_lu=0.661|dt_ratio20=NaN|lend_to_v=0.006|rev_yoy=0.591|o_turn=0.505|o_log_mcap=0.000|o_lu_follow=0.955,"官方日成交結構(MI_INDEX/dailyQuotes)=1|發行股數(MI_QFIIS/dailyQuotes)=1|外資持股(MI_QFIIS,僅上市)=0|自營商(T86/上櫃三大法人)=0|當沖(TWTB4U/上櫃intraday)=0|季財報(MOPS t163sb04)=1|月營收(MOPS/openapi)=1|官方產業別(MOPS t05st03)=0|融資券(MI_MARGN)=1|借券(TWT93U)=1|法人(T86)=0",711,inf,250.0,official_prepanel,97.74,,0.0,0.0,0,1,9.188,32.479,33.761,349.0,0,未扣成本·事後欄位以 m_ 標示·非投資建議
SEL,3,2025-07-01,2025-07-02,3629,地心引力,TPEx,W,,fV300|fV100|fH125|fN20,W_atr14@3,169,635,漏網,1821,0.028378,,atr14=0.419|n_lu_250=0.679|r20=NaN|c_ma120=NaN|vr20=0.949|days_since_lu=0.912|dt_ratio20=NaN|lend_to_v=NaN|rev_yoy=0.995|o_turn=0.011|o_log_mcap=0.000|o_lu_follow=0.823,"官方日成交結構(MI_INDEX/dailyQuotes)=1|發行股數(MI_QFIIS/dailyQuotes)=1|外資持股(MI_QFIIS,僅上市)=0|自營商(T86/上櫃三大法人)=0|當沖(TWTB4U/上櫃intraday)=0|季財報(MOPS t163sb04)=1|月營收(MOPS/openapi)=1|官方產業別(MOPS t05st03)=1|融資券(MI_MARGN)=0|借券(TWT93U)=0|法人(T86)=0",716,inf,250.0,official_prepanel,6.06,,0.0,0.0,0,1,9.409,59.677,92.204,28.0,0,未扣成本·事後欄位以 m_ 標示·非投資建議
SEL,3,2025-07-01,2025-07-02,5245,智晶,TPEx,W,,fV300|fV100,W_atr14@3,51,635,漏網,853,0.039779,,atr14=0.751|n_lu_250=0.779|r20=0.224|c_ma120=0.019|vr20=0.208|days_since_lu=0.178|dt_ratio20=NaN|lend_to_v=0.761|rev_yoy=0.165|o_turn=0.047|o_log_mcap=0.004|o_lu_follow=0.695,"官方日成交結構(MI_INDEX/dailyQuotes)=1|發行股數(MI_QFIIS/dailyQuotes)=1|外資持股(MI_QFIIS,僅上市)=0|自營商(T86/上櫃三大法人)=1|當沖(TWTB4U/上櫃intraday)=1|季財報(MOPS t163sb04)=1|月營收(MOPS/openapi)=1|官方產業別(MOPS t05st03)=1|融資券(MI_MARGN)=1|借券(TWT93U)=1|法人(T86)=1",716,inf,250.0,official_prepanel,78.6,,0.0,0.0,0,1,4.368,23.218,53.793,298.0,0,未扣成本·事後欄位以 m_ 標示·非投資建議
SEL,3,2025-07-02,2025-07-03,1512,瑞利,TWSE,W,,fP10|fV300|fV100,W_atr14@3,235,626,漏網,857,0.023714,,atr14=0.262|n_lu_250=0.514|r20=0.149|c_ma120=0.652|vr20=0.821|days_since_lu=0.377|dt_ratio20=NaN|lend_to_v=0.004|rev_yoy=0.426|o_turn=0.057|o_log_mcap=0.000|o_lu_follow=0.205,"官方日成交結構(MI_INDEX/dailyQuotes)=1|發行股數(MI_QFIIS/dailyQuotes)=1|外資持股(MI_QFIIS,僅上市)=1|自營商(T86/上櫃三大法人)=1|當沖(TWTB4U/上櫃intraday)=0|季財報(MOPS t163sb04)=1|月營收(MOPS/openapi)=1|官方產業別(MOPS t05st03)=1|融資券(MI_MARGN)=1|借券(TWT93U)=1|法人(T86)=1",717,inf,250.0,official_prepanel,36.0,,0.0,0.0,0,1,7.984,16.623,9.555,200.0,0,未扣成本·事後欄位以 m_ 標示·非投資建議
SEL,3,2025-07-02,2025-07-03,3508,位速,TPEx,W,,fV300|fV100,W_atr14@3,133,626,漏網,1386,0.030032,,atr14=0.489|n_lu_250=0.608|r20=0.103|c_ma120=0.017|vr20=0.687|days_since_lu=0.674|dt_ratio20=NaN|lend_to_v=0.004|rev_yoy=0.908|o_turn=0.057|o_log_mcap=0.050|o_lu_follow=0.130,"官方日成交結構(MI_INDEX/dailyQuotes)=1|發行股數(MI_QFIIS/dailyQuotes)=1|外資持股(MI_QFIIS,僅上市)=0|自營商(T86/上櫃三大法人)=1|當沖(TWTB4U/上櫃intraday)=0|季財報(MOPS t163sb04)=1|月營收(MOPS/openapi)=1|官方產業別(MOPS t05st03)=1|融資券(MI_MARGN)=1|借券(TWT93U)=1|法人(T86)=1",717,inf,250.0,official_prepanel,71.05,,0.0,0.0,0,1,6.906,16.575,32.32,476.0,0,未扣成本·事後欄位以 m_ 標示·非投資建議
SEL,3,2025-07-03,2025-07-04,6124,業強,TPEx,W,,fV300|fV100,W_atr14@3,114,636,漏網,790,0.030984,,atr14=0.533|n_lu_250=0.679|r20=0.192|c_ma120=0.281|vr20=0.750|days_since_lu=0.675|dt_ratio20=NaN|lend_to_v=0.759|rev_yoy=0.875|o_turn=0.001|o_log_mcap=0.207|o_lu_follow=0.083,"官方日成交結構(MI_INDEX/dailyQuotes)=1|發行股數(MI_QFIIS/dailyQuotes)=1|外資持股(MI_QFIIS,僅上市)=0|自營商(T86/上櫃三大法人)=1|當沖(TWTB4U/上櫃intraday)=1|季財報(MOPS t163sb04)=1|月營收(MOPS/openapi)=1|官方產業別(MOPS t05st03)=1|融資券(MI_MARGN)=1|借券(TWT93U)=1|法人(T86)=1",718,inf,250.0,official_prepanel,29.6,,0.0,0.0,0,1,7.505,20.075,24.203,193.0,0,未扣成本·事後欄位以 m_ 標示·非投資建議
SEL,3,2025-07-03,2025-07-04,8291,尚茂,TPEx,W,,fP10|fP5|fV300|fV100|fH125|fN20,W_atr14@3,602,636,漏網,1361,,,atr14=NaN|n_lu_250=0.971|r20=0.049|c_ma120=0.020|vr20=NaN|days_since_lu=0.253|dt_ratio20=NaN|lend_to_v=NaN|rev_yoy=0.006|o_turn=0.001|o_log_mcap=0.000|o_lu_follow=0.884,"官方日成交結構(MI_INDEX/dailyQuotes)=1|發行股數(MI_QFIIS/dailyQuotes)=1|外資持股(MI_QFIIS,僅上市)=0|自營商(T86/上櫃三大法人)=0|當沖(TWTB4U/上櫃intraday)=0|季財報(MOPS t163sb04)=1|月營收(MOPS/openapi)=1|官方產業別(MOPS t05st03)=1|融資券(MI_MARGN)=0|借券(TWT93U)=0|法人(T86)=0",718,inf,250.0,official_prepanel,11.07,,0.0,0.0,0,1,0.387,18.375,15.861,23.0,0,未扣成本·事後欄位以 m_ 標示·非投資建議
SEL,3,2025-07-04,2025-07-07,3543,州巧,TWSE,W,,fV300|fV100,W_atr14@3,96,623,漏網,512,0.03279,,atr14=0.549|n_lu_250=0.388|r20=0.430|c_ma120=0.585|vr20=0.895|days_since_lu=0.367|dt_ratio20=0.529|lend_to_v=0.563|rev_yoy=0.433|o_turn=0.116|o_log_mcap=0.047|o_lu_follow=0.323,"官方日成交結構(MI_INDEX/dailyQuotes)=1|發行股數(MI_QFIIS/dailyQuotes)=1|外資持股(MI_QFIIS,僅上市)=1|自營商(T86/上櫃三大法人)=1|當沖(TWTB4U/上櫃intraday)=1|季財報(MOPS t163sb04)=1|月營收(MOPS/openapi)=1|官方產業別(MOPS t05st03)=1|融資券(MI_MARGN)=1|借券(TWT93U)=1|法人(T86)=1",719,inf,250.0,official_prepanel,60.7,,0.0,0.0,0,1,9.926,40.447,55.087,1845.0,0,未扣成本·事後欄位以 m_ 標示·非投資建議
SEL,3,2025-07-09,2025-07-10,3555,博士旺,TPEx,W,,fV300|fV100|fH125|fN20,W_atr14@3,39,633,漏網,147,0.042811,,atr14=0.800|n_lu_250=0.608|r20=NaN|c_ma120=0.736|vr20=0.628|days_since_lu=0.024|dt_ratio20=NaN|lend_to_v=0.007|rev_yoy=0.967|o_turn=0.048|o_log_mcap=0.001|o_lu_follow=0.131,"官方日成交結構(MI_INDEX/dailyQuotes)=1|發行股數(MI_QFIIS/dailyQuotes)=1|外資持股(MI_QFIIS,僅上市)=0|自營商(T86/上櫃三大法人)=1|當沖(TWTB4U/上櫃intraday)=0|季財報(MOPS t163sb04)=1|月營收(MOPS/openapi)=1|官方產業別(MOPS t05st03)=1|融資券(MI_MARGN)=1|借券(TWT93U)=1|法人(T86)=1",722,inf,250.0,official_prepanel,19.89,,0.0,0.0,0,1,7.313,23.211,10.016,82.0,0,未扣成本·事後欄位以 m_ 標示·非投資建議
SEL,3,2025-07-09,2025-07-10,6933,AMAX-KY,TWSE,W,,fV300|fV100,W_atr14@3,60,633,漏網,1089,0.038056,,atr14=0.689|n_lu_250=0.778|r20=0.068|c_ma120=0.009|vr20=0.109|days_since_lu=0.308|dt_ratio20=0.502|lend_to_v=0.615|rev_yoy=0.185|o_turn=0.044|o_log_mcap=0.235|o_lu_follow=0.902,"官方日成交結構(MI_INDEX/dailyQuotes)=1|發行股數(MI_QFIIS/dailyQuotes)=1|外資持股(MI_QFIIS,僅上市)=1|自營商(T86/上櫃三大法人)=1|當沖(TWTB4U/上櫃intraday)=1|季財報(MOPS t163sb04)=1|月營收(MOPS/openapi)=1|官方產業別(MOPS t05st03)=1|融資券(MI_MARGN)=1|借券(TWT93U)=1|法人(T86)=1",403,403.0,250.0,official,68.1,,0.0,0.0,1,0,0.0,22.7,59.321,70.0,0,未扣成本·事後欄位以 m_ 標示·非投資建議
SEL,3,2025-07-10,2025-07-11,5314,世紀*,TPEx,W,,fH125|fBP,W_atr14@3,31,636,漏網,236,0.044994,,atr14=0.842|n_lu_250=0.993|r20=0.926|c_ma120=0.000|vr20=0.989|days_since_lu=0.019|dt_ratio20=NaN|lend_to_v=0.149|rev_yoy=0.984|o_turn=0.979|o_log_mcap=0.571|o_lu_follow=0.670,"官方日成交結構(MI_INDEX/dailyQuotes)=1|發行股數(MI_QFIIS/dailyQuotes)=1|外資持股(MI_QFIIS,僅上市)=0|自營商(T86/上櫃三大法人)=1|當沖(TWTB4U/上櫃intraday)=1|季財報(MOPS t163sb04)=1|月營收(MOPS/openapi)=1|官方產業別(MOPS t05st03)=1|融資券(MI_MARGN)=1|借券(TWT93U)=1|法人(T86)=1",723,inf,250.0,official_prepanel,7655.55,,0.0,1.0,0,1,8.432,17.032,29.342,37493.0,0,未扣成本·事後欄位以 m_ 標示·非投資建議
SEL,3,2025-07-14,2025-07-15,3508,位速,TPEx,W,,fV300|fCD,W_atr14@3,33,635,漏網,301,0.044081,,atr14=0.851|n_lu_250=0.671|r20=0.829|c_ma120=0.139|vr20=0.698|days_since_lu=0.043|dt_ratio20=NaN|lend_to_v=0.006|rev_yoy=0.852|o_turn=0.329|o_log_mcap=0.060|o_lu_follow=0.834,"官方日成交結構(MI_INDEX/dailyQuotes)=1|發行股數(MI_QFIIS/dailyQuotes)=1|外資持股(MI_QFIIS,僅上市)=0|自營商(T86/上櫃三大法人)=1|當沖(TWTB4U/上櫃intraday)=0|季財報(MOPS t163sb04)=1|月營收(MOPS/openapi)=1|官方產業別(MOPS t05st03)=1|融資券(MI_MARGN)=1|借券(TWT93U)=1|法人(T86)=1",725,inf,250.0,official_prepanel,282.05,,0.0,0.0,0,1,9.0,12.5,11.25,420.0,0,未扣成本·事後欄位以 m_ 標示·非投資建議
SEL,3,2025-07-16,2025-07-17,6933,AMAX-KY,TWSE,W,,fV300|fCD,W_atr14@3,32,655,漏網,89,0.046776,,atr14=0.895|n_lu_250=0.877|r20=0.962|c_ma120=0.564|vr20=0.982|days_since_lu=0.018|dt_ratio20=0.644|lend_to_v=0.290|rev_yoy=0.965|o_turn=0.812|o_log_mcap=0.302|o_lu_follow=0.975,"官方日成交結構(MI_INDEX/dailyQuotes)=1|發行股數(MI_QFIIS/dailyQuotes)=1|外資持股(MI_QFIIS,僅上市)=1|自營商(T86/上櫃三大法人)=1|當沖(TWTB4U/上櫃intraday)=1|季財報(MOPS t163sb04)=1|月營收(MOPS/openapi)=1|官方產業別(MOPS t05st03)=1|融資券(MI_MARGN)=1|借券(TWT93U)=1|法人(T86)=1",408,408.0,250.0,official,208.65,,0.0,1.0,1,0,0.0,18.207,22.689,243.0,0,未扣成本·事後欄位以 m_ 標示·非投資建議
SEL,3,2025-07-17,2025-07-18,5227,立凱-KY,TPEx,W,,fV300|fV100,W_atr14@3,48,672,漏網,456,0.038472,,atr14=0.781|n_lu_250=0.878|r20=0.501|c_ma120=0.047|vr20=0.971|days_since_lu=0.004|dt_ratio20=NaN|lend_to_v=NaN|rev_yoy=0.021|o_turn=0.458|o_log_mcap=0.038|o_lu_follow=0.654,"官方日成交結構(MI_INDEX/dailyQuotes)=1|發行股數(MI_QFIIS/dailyQuotes)=1|外資持股(MI_QFIIS,僅上市)=0|自營商(T86/上櫃三大法人)=1|當沖(TWTB4U/上櫃intraday)=0|季財報(MOPS t163sb04)=1|月營收(MOPS/openapi)=1|官方產業別(MOPS t05st03)=1|融資券(MI_MARGN)=0|借券(TWT93U)=0|法人(T86)=1",728,inf,250.0,official_prepanel,94.75,,0.0,0.0,0,1,3.546,7.624,3.546,558.0,0,未扣成本·事後欄位以 m_ 標示·非投資建議
SEL,3,2025-07-18,2025-07-21,6291,沛亨,TPEx,W,,fV300|fV100,W_atr14@3,206,673,漏網,462,0.024194,,atr14=0.345|n_lu_250=0.669|r20=0.441|c_ma120=0.513|vr20=0.042|days_since_lu=0.308|dt_ratio20=NaN|lend_to_v=0.672|rev_yoy=0.548|o_turn=0.000|o_log_mcap=0.154|o_lu_follow=0.102,"官方日成交結構(MI_INDEX/dailyQuotes)=1|發行股數(MI_QFIIS/dailyQuotes)=1|外資持股(MI_QFIIS,僅上市)=0|自營商(T86/上櫃三大法人)=0|當沖(TWTB4U/上櫃intraday)=1|季財報(MOPS t163sb04)=1|月營收(MOPS/openapi)=1|官方產業別(MOPS t05st03)=1|融資券(MI_MARGN)=1|借券(TWT93U)=1|法人(T86)=0",729,inf,250.0,official_prepanel,19.3,,0.0,0.0,0,1,6.951,37.892,70.404,163.0,0,未扣成本·事後欄位以 m_ 標示·非投資建議
SEL,3,2025-07-23,2025-07-24,6291,沛亨,TPEx,W,,fV300|fCD,W_atr14@3,93,667,漏網,78,0.032283,,atr14=0.570|n_lu_250=0.781|r20=0.964|c_ma120=0.901|vr20=1.000|days_since_lu=0.001|dt_ratio20=NaN|lend_to_v=0.191|rev_yoy=0.543|o_turn=0.833|o_log_mcap=0.195|o_lu_follow=0.706,"官方日成交結構(MI_INDEX/dailyQuotes)=1|發行股數(MI_QFIIS/dailyQuotes)=1|外資持股(MI_QFIIS,僅上市)=0|自營商(T86/上櫃三大法人)=1|當沖(TWTB4U/上櫃intraday)=1|季財報(MOPS t163sb04)=1|月營收(MOPS/openapi)=1|官方產業別(MOPS t05st03)=1|融資券(MI_MARGN)=1|借券(TWT93U)=1|法人(T86)=1",732,inf,250.0,official_prepanel,102.75,,0.0,0.0,0,1,8.738,32.039,34.951,703.0,0,未扣成本·事後欄位以 m_ 標示·非投資建議
SEL,3,2025-07-24,2025-07-25,4160,訊聯基因,TPEx,W,,fV300|fV100,W_atr14@3,223,673,漏網,1242,0.023011,,atr14=0.267|n_lu_250=0.603|r20=0.288|c_ma120=0.045|vr20=0.899|days_since_lu=0.713|dt_ratio20=NaN|lend_to_v=NaN|rev_yoy=0.322|o_turn=0.190|o_log_mcap=0.013|o_lu_follow=0.143,"官方日成交結構(MI_INDEX/dailyQuotes)=1|發行股數(MI_QFIIS/dailyQuotes)=1|外資持股(MI_QFIIS,僅上市)=0|自營商(T86/上櫃三大法人)=1|當沖(TWTB4U/上櫃intraday)=0|季財報(MOPS t163sb04)=1|月營收(MOPS/openapi)=1|官方產業別(MOPS t05st03)=1|融資券(MI_MARGN)=0|借券(TWT93U)=0|法人(T86)=1",733,inf,250.0,official_prepanel,23.5,,0.0,0.0,0,1,9.625,6.18,8.815,149.0,0,未扣成本·事後欄位以 m_ 標示·非投資建議
SEL,3,2025-07-24,2025-07-25,6534,正瀚-創,TWSE,W,,fV300|fV100|fN20,W_atr14@3,436,673,漏網,1045,0.01491,,atr14=0.040|n_lu_250=0.036|r20=0.639|c_ma120=0.654|vr20=0.951|days_since_lu=0.933|dt_ratio20=NaN|lend_to_v=0.394|rev_yoy=0.479|o_turn=0.073|o_log_mcap=0.362|o_lu_follow=0.745,"官方日成交結構(MI_INDEX/dailyQuotes)=1|發行股數(MI_QFIIS/dailyQuotes)=1|外資持股(MI_QFIIS,僅上市)=1|自營商(T86/上櫃三大法人)=1|當沖(TWTB4U/上櫃intraday)=0|季財報(MOPS t163sb04)=1|月營收(MOPS/openapi)=1|官方產業別(MOPS t05st03)=1|融資券(MI_MARGN)=1|借券(TWT93U)=1|法人(T86)=1",383,383.0,250.0,official,28.84,,0.0,0.0,1,0,0.0,6.734,3.367,214.0,0,未扣成本·事後欄位以 m_ 標示·非投資建議
SEL,3,2025-07-29,2025-07-30,3178,公準,TPEx,W,,fV300|fV100,W_atr14@3,218,670,漏網,1219,0.022657,,atr14=0.275|n_lu_250=0.383|r20=0.423|c_ma120=0.074|vr20=0.658|days_since_lu=0.713|dt_ratio20=NaN|lend_to_v=0.842|rev_yoy=0.126|o_turn=0.044|o_log_mcap=0.050|o_lu_follow=0.343,"官方日成交結構(MI_INDEX/dailyQuotes)=1|發行股數(MI_QFIIS/dailyQuotes)=1|外資持股(MI_QFIIS,僅上市)=0|自營商(T86/上櫃三大法人)=1|當沖(TWTB4U/上櫃intraday)=1|季財報(MOPS t163sb04)=1|月營收(MOPS/openapi)=1|官方產業別(MOPS t05st03)=1|融資券(MI_MARGN)=1|借券(TWT93U)=1|法人(T86)=1",736,inf,250.0,official_prepanel,31.0,,0.0,0.0,0,1,6.458,26.667,20.0,197.0,0,未扣成本·事後欄位以 m_ 標示·非投資建議
SEL,3,2025-07-29,2025-07-30,3623,富晶通,TPEx,W,,fV300|fV100,W_atr14@3,173,670,漏網,660,0.025281,,atr14=0.377|n_lu_250=0.862|r20=0.391|c_ma120=0.184|vr20=0.828|days_since_lu=0.713|dt_ratio20=NaN|lend_to_v=0.957|rev_yoy=0.854|o_turn=0.169|o_log_mcap=0.000|o_lu_follow=0.669,"官方日成交結構(MI_INDEX/dailyQuotes)=1|發行股數(MI_QFIIS/dailyQuotes)=1|外資持股(MI_QFIIS,僅上市)=0|自營商(T86/上櫃三大法人)=1|當沖(TWTB4U/上櫃intraday)=1|季財報(MOPS t163sb04)=1|月營收(MOPS/openapi)=1|官方產業別(MOPS t05st03)=1|融資券(MI_MARGN)=1|借券(TWT93U)=1|法人(T86)=1",736,inf,250.0,official_prepanel,30.05,,0.0,0.0,0,1,5.391,32.075,31.806,509.0,0,未扣成本·事後欄位以 m_ 標示·非投資建議
SEL,3,2025-07-29,2025-07-30,5355,佳總,TPEx,W,,fP10|fV300|fV100,W_atr14@3,176,670,漏網,980,0.024904,,atr14=0.367|n_lu_250=0.510|r20=0.427|c_ma120=0.102|vr20=0.147|days_since_lu=0.713|dt_ratio20=NaN|lend_to_v=0.006|rev_yoy=0.316|o_turn=0.000|o_log_mcap=0.011|o_lu_follow=0.225,"官方日成交結構(MI_INDEX/dailyQuotes)=1|發行股數(MI_QFIIS/dailyQuotes)=1|外資持股(MI_QFIIS,僅上市)=0|自營商(T86/上櫃三大法人)=0|當沖(TWTB4U/上櫃intraday)=0|季財報(MOPS t163sb04)=1|月營收(MOPS/openapi)=1|官方產業別(MOPS t05st03)=1|融資券(MI_MARGN)=1|借券(TWT93U)=1|法人(T86)=0",736,inf,250.0,official_prepanel,50.9,,0.0,0.0,0,1,8.987,34.177,18.987,346.0,0,未扣成本·事後欄位以 m_ 標示·非投資建議
SEL,3,2025-07-29,2025-07-30,6794,向榮生技,TWSE,W,,fV300|fV100,W_atr14@3,423,670,漏網,1417,0.014829,,atr14=0.049|n_lu_250=0.037|r20=0.557|c_ma120=0.355|vr20=0.051|days_since_lu=0.973|dt_ratio20=NaN|lend_to_v=NaN|rev_yoy=0.782|o_turn=0.000|o_log_mcap=0.154|o_lu_follow=0.750,"官方日成交結構(MI_INDEX/dailyQuotes)=1|發行股數(MI_QFIIS/dailyQuotes)=1|外資持股(MI_QFIIS,僅上市)=1|自營商(T86/上櫃三大法人)=1|當沖(TWTB4U/上櫃intraday)=0|季財報(MOPS t163sb04)=1|月營收(MOPS/openapi)=1|官方產業別(MOPS t05st03)=1|融資券(MI_MARGN)=0|借券(TWT93U)=0|法人(T86)=1",290,290.0,250.0,official,13.85,,0.0,0.0,0,1,8.607,22.222,17.684,76.0,0,未扣成本·事後欄位以 m_ 標示·非投資建議
SEL,3,2025-07-29,2025-07-30,6823,濾能,TPEx,W,,fV300|fV100,W_atr14@3,159,670,漏網,747,0.026031,,atr14=0.393|n_lu_250=0.789|r20=0.477|c_ma120=0.032|vr20=0.310|days_since_lu=0.453|dt_ratio20=NaN|lend_to_v=0.560|rev_yoy=0.646|o_turn=0.010|o_log_mcap=0.005|o_lu_follow=0.702,"官方日成交結構(MI_INDEX/dailyQuotes)=1|發行股數(MI_QFIIS/dailyQuotes)=1|外資持股(MI_QFIIS,僅上市)=0|自營商(T86/上櫃三大法人)=1|當沖(TWTB4U/上櫃intraday)=1|季財報(MOPS t163sb04)=1|月營收(MOPS/openapi)=1|官方產業別(MOPS t05st03)=1|融資券(MI_MARGN)=0|借券(TWT93U)=1|法人(T86)=1",736,inf,250.0,official_prepanel,18.85,,0.0,0.0,0,1,8.068,17.726,46.699,113.0,0,未扣成本·事後欄位以 m_ 標示·非投資建議
SEL,3,2025-07-31,2025-08-01,3229,晟鈦,TWSE,W,,fV300|fV100,W_atr14@3,23,656,漏網,355,0.043207,,atr14=0.865|n_lu_250=0.890|r20=0.425|c_ma120=0.309|vr20=0.431|days_since_lu=0.144|dt_ratio20=NaN|lend_to_v=0.007|rev_yoy=0.221|o_turn=0.004|o_log_mcap=0.000|o_lu_follow=0.849,"官方日成交結構(MI_INDEX/dailyQuotes)=1|發行股數(MI_QFIIS/dailyQuotes)=1|外資持股(MI_QFIIS,僅上市)=1|自營商(T86/上櫃三大法人)=1|當沖(TWTB4U/上櫃intraday)=0|季財報(MOPS t163sb04)=1|月營收(MOPS/openapi)=1|官方產業別(MOPS t05st03)=1|融資券(MI_MARGN)=1|借券(TWT93U)=1|法人(T86)=1",738,inf,250.0,official_prepanel,33.15,,0.0,0.0,0,1,11.348,15.248,14.184,193.0,0,未扣成本·事後欄位以 m_ 標示·非投資建議
SEL,3,2025-07-31,2025-08-01,5209,新鼎,TPEx,W,,fV300|fV100,W_atr14@3,171,656,漏網,711,0.024397,,atr14=0.320|n_lu_250=0.193|r20=0.824|c_ma120=0.324|vr20=0.673|days_since_lu=0.713|dt_ratio20=NaN|lend_to_v=0.675|rev_yoy=0.204|o_turn=0.245|o_log_mcap=0.132|o_lu_follow=0.538,"官方日成交結構(MI_INDEX/dailyQuotes)=1|發行股數(MI_QFIIS/dailyQuotes)=1|外資持股(MI_QFIIS,僅上市)=0|自營商(T86/上櫃三大法人)=1|當沖(TWTB4U/上櫃intraday)=1|季財報(MOPS t163sb04)=1|月營收(MOPS/openapi)=1|官方產業別(MOPS t05st03)=1|融資券(MI_MARGN)=0|借券(TWT93U)=1|法人(T86)=1",738,inf,250.0,official_prepanel,53.7,,0.0,0.0,1,0,0.0,16.854,21.723,156.0,0,未扣成本·事後欄位以 m_ 標示·非投資建議
SEL,3,2025-08-01,2025-08-04,5302,太欣,TPEx,W,,fP10|fV300|fV100,W_atr14@3,178,661,漏網,1465,0.024334,,atr14=0.285|n_lu_250=0.388|r20=0.227|c_ma120=0.056|vr20=0.759|days_since_lu=0.710|dt_ratio20=NaN|lend_to_v=0.006|rev_yoy=0.692|o_turn=0.061|o_log_mcap=0.003|o_lu_follow=0.340,"官方日成交結構(MI_INDEX/dailyQuotes)=1|發行股數(MI_QFIIS/dailyQuotes)=1|外資持股(MI_QFIIS,僅上市)=0|自營商(T86/上櫃三大法人)=1|當沖(TWTB4U/上櫃intraday)=0|季財報(MOPS t163sb04)=1|月營收(MOPS/openapi)=1|官方產業別(MOPS t05st03)=1|融資券(MI_MARGN)=1|借券(TWT93U)=1|法人(T86)=1",739,inf,250.0,official_prepanel,84.1,,0.0,0.0,0,1,11.458,35.714,52.53,425.0,0,未扣成本·事後欄位以 m_ 標示·非投資建議
SEL,3,2025-08-01,2025-08-04,8084,巨虹,TPEx,W,,fV300|fV100,W_atr14@3,173,661,漏網,656,0.024536,,atr14=0.292|n_lu_250=0.622|r20=0.683|c_ma120=0.130|vr20=0.865|days_since_lu=0.440|dt_ratio20=NaN|lend_to_v=0.142|rev_yoy=0.804|o_turn=0.165|o_log_mcap=0.083|o_lu_follow=0.135,"官方日成交結構(MI_INDEX/dailyQuotes)=1|發行股數(MI_QFIIS/dailyQuotes)=1|外資持股(MI_QFIIS,僅上市)=0|自營商(T86/上櫃三大法人)=1|當沖(TWTB4U/上櫃intraday)=0|季財報(MOPS t163sb04)=1|月營收(MOPS/openapi)=1|官方產業別(MOPS t05st03)=1|融資券(MI_MARGN)=0|借券(TWT93U)=1|法人(T86)=1",739,inf,250.0,official_prepanel,59.65,,0.0,0.0,0,1,9.947,19.363,12.732,214.0,0,未扣成本·事後欄位以 m_ 標示·非投資建議
SEL,3,2025-08-04,2025-08-05,7547,碩網,TPEx,W,,fV300|fV100|fVnan|fH125|fA60|fN20,W_atr14@3,633,651,漏網,1790,,,atr14=NaN|n_lu_250=0.037|r20=NaN|c_ma120=NaN|vr20=NaN|days_since_lu=0.974|dt_ratio20=NaN|lend_to_v=NaN|rev_yoy=0.602|o_turn=0.849|o_log_mcap=0.142|o_lu_follow=0.760,"官方日成交結構(MI_INDEX/dailyQuotes)=1|發行股數(MI_QFIIS/dailyQuotes)=1|外資持股(MI_QFIIS,僅上市)=0|自營商(T86/上櫃三大法人)=0|當沖(TWTB4U/上櫃intraday)=0|季財報(MOPS t163sb04)=1|月營收(MOPS/openapi)=1|官方產業別(MOPS t05st03)=1|融資券(MI_MARGN)=0|借券(TWT93U)=0|法人(T86)=0",5,5.0,5.0,official,,,0.0,0.0,0,1,11.842,14.035,6.14,789.0,0,未扣成本·事後欄位以 m_ 標示·非投資建議
SEL,3,2025-08-05,2025-08-06,3066,李洲,TPEx,W,,fV300|fV100,W_atr14@3,219,662,漏網,1208,0.022073,,atr14=0.212|n_lu_250=0.887|r20=0.154|c_ma120=0.011|vr20=0.707|days_since_lu=0.462|dt_ratio20=NaN|lend_to_v=0.955|rev_yoy=0.486|o_turn=0.031|o_log_mcap=0.008|o_lu_follow=0.856,"官方日成交結構(MI_INDEX/dailyQuotes)=1|發行股數(MI_QFIIS/dailyQuotes)=1|外資持股(MI_QFIIS,僅上市)=0|自營商(T86/上櫃三大法人)=1|當沖(TWTB4U/上櫃intraday)=1|季財報(MOPS t163sb04)=1|月營收(MOPS/openapi)=1|官方產業別(MOPS t05st03)=1|融資券(MI_MARGN)=1|借券(TWT93U)=1|法人(T86)=1",741,inf,250.0,official_prepanel,34.4,,0.0,0.0,1,0,0.0,12.658,6.646,251.0,0,未扣成本·事後欄位以 m_ 標示·非投資建議
SEL,3,2025-08-06,2025-08-07,3518,柏騰,TWSE,W,,fV300|fV100,W_atr14@3,251,651,漏網,1698,0.020536,,atr14=0.160|n_lu_250=0.192|r20=0.187|c_ma120=0.067|vr20=0.506|days_since_lu=0.718|dt_ratio20=0.007|lend_to_v=0.933|rev_yoy=0.391|o_turn=0.046|o_log_mcap=0.021|o_lu_follow=0.547,"官方日成交結構(MI_INDEX/dailyQuotes)=1|發行股數(MI_QFIIS/dailyQuotes)=1|外資持股(MI_QFIIS,僅上市)=1|自營商(T86/上櫃三大法人)=1|當沖(TWTB4U/上櫃intraday)=1|季財報(MOPS t163sb04)=1|月營收(MOPS/openapi)=1|官方產業別(MOPS t05st03)=1|融資券(MI_MARGN)=1|借券(TWT93U)=1|法人(T86)=1",742,inf,250.0,official_prepanel,82.25,,0.0,0.0,0,1,8.642,31.481,36.42,911.0,0,未扣成本·事後欄位以 m_ 標示·非投資建議
SEL,3,2025-08-07,2025-08-08,3555,博士旺,TPEx,W,,fV300|fV100|fH125,W_atr14@3,38,655,漏網,131,0.03781,,atr14=0.721|n_lu_250=0.685|r20=0.777|c_ma120=0.907|vr20=0.250|days_since_lu=0.186|dt_ratio20=NaN|lend_to_v=0.007|rev_yoy=0.990|o_turn=0.198|o_log_mcap=0.006|o_lu_follow=0.843,"官方日成交結構(MI_INDEX/dailyQuotes)=1|發行股數(MI_QFIIS/dailyQuotes)=1|外資持股(MI_QFIIS,僅上市)=0|自營商(T86/上櫃三大法人)=0|當沖(TWTB4U/上櫃intraday)=0|季財報(MOPS t163sb04)=1|月營收(MOPS/openapi)=1|官方產業別(MOPS t05st03)=1|融資券(MI_MARGN)=1|借券(TWT93U)=1|法人(T86)=0",743,inf,250.0,official_prepanel,87.0,,0.0,0.0,1,0,0.0,45.939,51.03,210.0,0,未扣成本·事後欄位以 m_ 標示·非投資建議
SEL,3,2025-08-07,2025-08-08,6208,日揚,TPEx,W,,fV300|fV100,W_atr14@3,494,655,漏網,1216,0.010945,,atr14=0.010|n_lu_250=0.383|r20=0.255|c_ma120=0.508|vr20=0.857|days_since_lu=0.921|dt_ratio20=NaN|lend_to_v=0.920|rev_yoy=0.255|o_turn=0.025|o_log_mcap=0.182|o_lu_follow=0.345,"官方日成交結構(MI_INDEX/dailyQuotes)=1|發行股數(MI_QFIIS/dailyQuotes)=1|外資持股(MI_QFIIS,僅上市)=0|自營商(T86/上櫃三大法人)=1|當沖(TWTB4U/上櫃intraday)=1|季財報(MOPS t163sb04)=1|月營收(MOPS/openapi)=1|官方產業別(MOPS t05st03)=1|融資券(MI_MARGN)=1|借券(TWT93U)=1|法人(T86)=1",743,inf,250.0,official_prepanel,25.1,,0.0,0.0,0,1,3.085,16.17,10.426,195.0,0,未扣成本·事後欄位以 m_ 標示·非投資建議
SEL,3,2025-08-08,2025-08-11,6294,智基,TPEx,W,,fV300|fV100,W_atr14@3,229,645,漏網,1672,0.022323,,atr14=0.208|n_lu_250=0.035|r20=0.306|c_ma120=0.084|vr20=0.723|days_since_lu=0.974|dt_ratio20=NaN|lend_to_v=0.570|rev_yoy=0.320|o_turn=0.267|o_log_mcap=0.007|o_lu_follow=0.762,"官方日成交結構(MI_INDEX/dailyQuotes)=1|發行股數(MI_QFIIS/dailyQuotes)=1|外資持股(MI_QFIIS,僅上市)=0|自營商(T86/上櫃三大法人)=1|當沖(TWTB4U/上櫃intraday)=1|季財報(MOPS t163sb04)=1|月營收(MOPS/openapi)=1|官方產業別(MOPS t05st03)=1|融資券(MI_MARGN)=1|借券(TWT93U)=1|法人(T86)=1",744,inf,250.0,official_prepanel,45.8,,0.0,0.0,1,0,0.0,18.363,18.164,84.0,0,未扣成本·事後欄位以 m_ 標示·非投資建議
SEL,3,2025-08-12,2025-08-13,2718,全心投控,TPEx,W,,fV300|fV100,W_atr14@3,446,617,漏網,1601,0.012308,,atr14=0.020|n_lu_250=0.388|r20=0.264|c_ma120=0.096|vr20=0.759|days_since_lu=0.929|dt_ratio20=NaN|lend_to_v=0.689|rev_yoy=0.010|o_turn=0.031|o_log_mcap=0.193|o_lu_follow=0.964,"官方日成交結構(MI_INDEX/dailyQuotes)=1|發行股數(MI_QFIIS/dailyQuotes)=1|外資持股(MI_QFIIS,僅上市)=0|自營商(T86/上櫃三大法人)=1|當沖(TWTB4U/上櫃intraday)=1|季財報(MOPS t163sb04)=1|月營收(MOPS/openapi)=1|官方產業別(MOPS t05st03)=1|融資券(MI_MARGN)=1|借券(TWT93U)=1|法人(T86)=1",746,inf,250.0,official_prepanel,38.45,,0.0,0.0,1,0,0.0,7.428,6.884,318.0,0,未扣成本·事後欄位以 m_ 標示·非投資建議
SEL,3,2025-08-13,2025-08-14,2380,虹光,TWSE,W,,fP10|fP5|fV300|fV100,W_atr14@3,173,610,漏網,372,0.025362,,atr14=0.309|n_lu_250=0.614|r20=0.809|c_ma120=0.606|vr20=0.806|days_since_lu=0.302|dt_ratio20=NaN|lend_to_v=0.006|rev_yoy=0.909|o_turn=0.036|o_log_mcap=0.000|o_lu_follow=0.150,"官方日成交結構(MI_INDEX/dailyQuotes)=1|發行股數(MI_QFIIS/dailyQuotes)=1|外資持股(MI_QFIIS,僅上市)=1|自營商(T86/上櫃三大法人)=0|當沖(TWTB4U/上櫃intraday)=0|季財報(MOPS t163sb04)=1|月營收(MOPS/openapi)=1|官方產業別(MOPS t05st03)=1|融資券(MI_MARGN)=1|借券(TWT93U)=1|法人(T86)=0",747,inf,250.0,official_prepanel,91.6,,0.0,0.0,1,0,0.0,46.154,45.495,388.0,0,未扣成本·事後欄位以 m_ 標示·非投資建議
SEL,3,2025-08-14,2025-08-15,5344,立衛,TPEx,W,,fV300|fV100,W_atr14@3,99,609,漏網,1026,0.031008,,atr14=0.475|n_lu_250=0.698|r20=0.094|c_ma120=0.165|vr20=0.014|days_since_lu=0.214|dt_ratio20=NaN|lend_to_v=0.005|rev_yoy=0.287|o_turn=0.000|o_log_mcap=0.000|o_lu_follow=0.845,"官方日成交結構(MI_INDEX/dailyQuotes)=1|發行股數(MI_QFIIS/dailyQuotes)=1|外資持股(MI_QFIIS,僅上市)=0|自營商(T86/上櫃三大法人)=1|當沖(TWTB4U/上櫃intraday)=0|季財報(MOPS t163sb04)=1|月營收(MOPS/openapi)=1|官方產業別(MOPS t05st03)=1|融資券(MI_MARGN)=1|借券(TWT93U)=1|法人(T86)=1",748,inf,250.0,official_prepanel,24.2,,0.0,0.0,0,1,8.846,23.077,31.538,441.0,0,未扣成本·事後欄位以 m_ 標示·非投資建議
SEL,3,2025-08-14,2025-08-15,6573,虹揚-KY,TWSE,W,,fP10|fV300|fV100,W_atr14@3,111,609,漏網,1186,0.030115,,atr14=0.451|n_lu_250=0.759|r20=0.102|c_ma120=0.004|vr20=0.707|days_since_lu=0.370|dt_ratio20=NaN|lend_to_v=0.005|rev_yoy=0.470|o_turn=0.045|o_log_mcap=0.000|o_lu_follow=0.066,"官方日成交結構(MI_INDEX/dailyQuotes)=1|發行股數(MI_QFIIS/dailyQuotes)=1|外資持股(MI_QFIIS,僅上市)=1|自營商(T86/上櫃三大法人)=1|當沖(TWTB4U/上櫃intraday)=0|季財報(MOPS t163sb04)=1|月營收(MOPS/openapi)=1|官方產業別(MOPS t05st03)=1|融資券(MI_MARGN)=1|借券(TWT93U)=1|法人(T86)=1",748,inf,250.0,official_prepanel,50.3,,0.0,0.0,1,0,0.0,23.11,15.551,239.0,0,未扣成本·事後欄位以 m_ 標示·非投資建議
SEL,3,2025-08-14,2025-08-15,7712,博盛半導體,TPEx,W,,fV300|fV100|fN20,W_atr14@3,357,609,漏網,1774,0.016509,,atr14=0.081|n_lu_250=0.759|r20=0.181|c_ma120=0.013|vr20=0.954|days_since_lu=0.449|dt_ratio20=NaN|lend_to_v=0.682|rev_yoy=0.183|o_turn=0.135|o_log_mcap=0.139|o_lu_follow=0.066,"官方日成交結構(MI_INDEX/dailyQuotes)=1|發行股數(MI_QFIIS/dailyQuotes)=1|外資持股(MI_QFIIS,僅上市)=0|自營商(T86/上櫃三大法人)=1|當沖(TWTB4U/上櫃intraday)=1|季財報(MOPS t163sb04)=1|月營收(MOPS/openapi)=1|官方產業別(MOPS t05st03)=1|融資券(MI_MARGN)=0|借券(TWT93U)=1|法人(T86)=1",153,153.0,153.0,official,15.42,,0.0,0.0,0,1,10.599,28.571,41.935,79.0,0,未扣成本·事後欄位以 m_ 標示·非投資建議
SEL,3,2025-08-15,2025-08-18,2491,吉祥全,TWSE,W,,fV300|fV100,W_atr14@3,278,598,漏網,765,0.019905,,atr14=0.132|n_lu_250=0.758|r20=0.553|c_ma120=0.198|vr20=0.965|days_since_lu=0.376|dt_ratio20=NaN|lend_to_v=0.005|rev_yoy=0.375|o_turn=0.152|o_log_mcap=0.000|o_lu_follow=0.943,"官方日成交結構(MI_INDEX/dailyQuotes)=1|發行股數(MI_QFIIS/dailyQuotes)=1|外資持股(MI_QFIIS,僅上市)=1|自營商(T86/上櫃三大法人)=1|當沖(TWTB4U/上櫃intraday)=0|季財報(MOPS t163sb04)=1|月營收(MOPS/openapi)=1|官方產業別(MOPS t05st03)=1|融資券(MI_MARGN)=1|借券(TWT93U)=1|法人(T86)=1",749,inf,250.0,official_prepanel,36.2,,0.0,0.0,0,1,9.953,37.441,37.915,349.0,0,未扣成本·事後欄位以 m_ 標示·非投資建議
SEL,3,2025-08-15,2025-08-18,3276,宇環,TPEx,W,,fV300|fV100,W_atr14@3,121,598,漏網,566,0.029538,,atr14=0.432|n_lu_250=0.618|r20=0.512|c_ma120=0.358|vr20=0.913|days_since_lu=0.471|dt_ratio20=NaN|lend_to_v=0.688|rev_yoy=0.106|o_turn=0.226|o_log_mcap=0.000|o_lu_follow=0.149,"官方日成交結構(MI_INDEX/dailyQuotes)=1|發行股數(MI_QFIIS/dailyQuotes)=1|外資持股(MI_QFIIS,僅上市)=0|自營商(T86/上櫃三大法人)=1|當沖(TWTB4U/上櫃intraday)=1|季財報(MOPS t163sb04)=1|月營收(MOPS/openapi)=1|官方產業別(MOPS t05st03)=1|融資券(MI_MARGN)=1|借券(TWT93U)=1|法人(T86)=1",749,inf,250.0,official_prepanel,73.05,,0.0,0.0,0,1,8.148,21.852,12.963,377.0,0,未扣成本·事後欄位以 m_ 標示·非投資建議
SEL,3,2025-08-15,2025-08-18,6919,康霈*,TWSE,W,,fBP,W_atr14@3,32,598,漏網,1807,0.04335,,atr14=0.809|n_lu_250=0.618|r20=NaN|c_ma120=0.000|vr20=0.800|days_since_lu=0.200|dt_ratio20=0.850|lend_to_v=NaN|rev_yoy=NaN|o_turn=0.732|o_log_mcap=0.948|o_lu_follow=0.149,"官方日成交結構(MI_INDEX/dailyQuotes)=1|發行股數(MI_QFIIS/dailyQuotes)=1|外資持股(MI_QFIIS,僅上市)=1|自營商(T86/上櫃三大法人)=1|當沖(TWTB4U/上櫃intraday)=1|季財報(MOPS t163sb04)=1|月營收(MOPS/openapi)=0|官方產業別(MOPS t05st03)=1|融資券(MI_MARGN)=0|借券(TWT93U)=0|法人(T86)=1",211,211.0,211.0,official,13863.4,,0.0,0.0,0,1,9.247,30.137,38.356,27818.0,0,未扣成本·事後欄位以 m_ 標示·非投資建議
SEL,3,2025-08-18,2025-08-19,3043,科風,TWSE,W,,fV300|fV100,W_atr14@3,196,583,漏網,1297,0.023966,,atr14=0.261|n_lu_250=0.530|r20=0.233|c_ma120=0.054|vr20=0.586|days_since_lu=0.719|dt_ratio20=0.102|lend_to_v=0.822|rev_yoy=0.572|o_turn=0.230|o_log_mcap=0.000|o_lu_follow=0.231,"官方日成交結構(MI_INDEX/dailyQuotes)=1|發行股數(MI_QFIIS/dailyQuotes)=1|外資持股(MI_QFIIS,僅上市)=1|自營商(T86/上櫃三大法人)=1|當沖(TWTB4U/上櫃intraday)=1|季財報(MOPS t163sb04)=1|月營收(MOPS/openapi)=1|官方產業別(MOPS t05st03)=1|融資券(MI_MARGN)=1|借券(TWT93U)=1|法人(T86)=1",750,inf,250.0,official_prepanel,92.7,,0.0,0.0,0,1,9.868,14.693,9.211,628.0,0,未扣成本·事後欄位以 m_ 標示·非投資建議
SEL,3,2025-08-18,2025-08-19,8201,無敵,TWSE,W,,fV300|fV100,W_atr14@3,227,583,漏網,1069,0.022321,,atr14=0.207|n_lu_250=0.630|r20=0.271|c_ma120=0.204|vr20=0.882|days_since_lu=0.492|dt_ratio20=NaN|lend_to_v=0.006|rev_yoy=0.754|o_turn=0.055|o_log_mcap=0.000|o_lu_follow=0.150,"官方日成交結構(MI_INDEX/dailyQuotes)=1|發行股數(MI_QFIIS/dailyQuotes)=1|外資持股(MI_QFIIS,僅上市)=1|自營商(T86/上櫃三大法人)=0|當沖(TWTB4U/上櫃intraday)=0|季財報(MOPS t163sb04)=1|月營收(MOPS/openapi)=1|官方產業別(MOPS t05st03)=1|融資券(MI_MARGN)=1|借券(TWT93U)=1|法人(T86)=0",750,inf,250.0,official_prepanel,30.0,,0.0,0.0,0,1,8.85,58.407,59.292,344.0,0,未扣成本·事後欄位以 m_ 標示·非投資建議
SEL,3,2025-08-19,2025-08-20,3685,元創精密,TPEx,W,,fV300|fV100,W_atr14@3,112,586,漏網,603,0.031323,,atr14=0.450|n_lu_250=0.524|r20=0.580|c_ma120=0.341|vr20=0.989|days_since_lu=0.726|dt_ratio20=NaN|lend_to_v=0.432|rev_yoy=0.739|o_turn=0.314|o_log_mcap=0.002|o_lu_follow=0.218,"官方日成交結構(MI_INDEX/dailyQuotes)=1|發行股數(MI_QFIIS/dailyQuotes)=1|外資持股(MI_QFIIS,僅上市)=0|自營商(T86/上櫃三大法人)=0|當沖(TWTB4U/上櫃intraday)=0|季財報(MOPS t163sb04)=1|月營收(MOPS/openapi)=1|官方產業別(MOPS t05st03)=1|融資券(MI_MARGN)=1|借券(TWT93U)=1|法人(T86)=0",751,inf,250.0,official_prepanel,54.45,,0.0,0.0,1,0,0.0,34.328,70.522,515.0,0,未扣成本·事後欄位以 m_ 標示·非投資建議
SEL,3,2025-08-19,2025-08-20,5460,同協,TPEx,W,,fV300|fV100,W_atr14@3,308,586,漏網,497,0.018333,,atr14=0.094|n_lu_250=0.899|r20=0.524|c_ma120=0.622|vr20=0.985|days_since_lu=0.485|dt_ratio20=NaN|lend_to_v=0.892|rev_yoy=0.178|o_turn=0.363|o_log_mcap=0.002|o_lu_follow=0.935,"官方日成交結構(MI_INDEX/dailyQuotes)=1|發行股數(MI_QFIIS/dailyQuotes)=1|外資持股(MI_QFIIS,僅上市)=0|自營商(T86/上櫃三大法人)=1|當沖(TWTB4U/上櫃intraday)=1|季財報(MOPS t163sb04)=1|月營收(MOPS/openapi)=1|官方產業別(MOPS t05st03)=1|融資券(MI_MARGN)=1|借券(TWT93U)=1|法人(T86)=1",751,inf,250.0,official_prepanel,53.2,,0.0,0.0,0,1,8.553,5.263,0.0,828.0,0,未扣成本·事後欄位以 m_ 標示·非投資建議
SEL,3,2025-08-20,2025-08-21,3095,及成,TPEx,W,,fV300|fV100|fN20,W_atr14@3,557,563,漏網,1525,,,atr14=NaN|n_lu_250=0.808|r20=0.002|c_ma120=0.000|vr20=0.934|days_since_lu=0.518|dt_ratio20=NaN|lend_to_v=0.099|rev_yoy=0.526|o_turn=0.402|o_log_mcap=0.000|o_lu_follow=0.957,"官方日成交結構(MI_INDEX/dailyQuotes)=1|發行股數(MI_QFIIS/dailyQuotes)=1|外資持股(MI_QFIIS,僅上市)=0|自營商(T86/上櫃三大法人)=1|當沖(TWTB4U/上櫃intraday)=1|季財報(MOPS t163sb04)=1|月營收(MOPS/openapi)=1|官方產業別(MOPS t05st03)=1|融資券(MI_MARGN)=1|借券(TWT93U)=1|法人(T86)=1",752,inf,250.0,official_prepanel,22.25,,0.0,0.0,0,1,4.612,20.755,5.66,52.0,0,未扣成本·事後欄位以 m_ 標示·非投資建議
SEL,3,2025-08-22,2025-08-25,6570,維田,TPEx,W,,fV300|fV100,W_atr14@3,312,556,漏網,1032,0.017857,,atr14=0.106|n_lu_250=0.758|r20=0.422|c_ma120=0.151|vr20=0.049|days_since_lu=0.732|dt_ratio20=NaN|lend_to_v=0.800|rev_yoy=0.103|o_turn=0.039|o_log_mcap=0.022|o_lu_follow=0.993,"官方日成交結構(MI_INDEX/dailyQuotes)=1|發行股數(MI_QFIIS/dailyQuotes)=1|外資持股(MI_QFIIS,僅上市)=0|自營商(T86/上櫃三大法人)=1|當沖(TWTB4U/上櫃intraday)=1|季財報(MOPS t163sb04)=1|月營收(MOPS/openapi)=1|官方產業別(MOPS t05st03)=1|融資券(MI_MARGN)=1|借券(TWT93U)=1|法人(T86)=1",754,inf,250.0,official_prepanel,80.2,,0.0,0.0,0,1,9.948,18.063,12.827,395.0,0,未扣成本·事後欄位以 m_ 標示·非投資建議
SEL,3,2025-08-22,2025-08-25,6791,虎門科技,TPEx,W,,fV300|fV100,W_atr14@3,12,556,漏網,63,0.057429,,atr14=0.924|n_lu_250=0.986|r20=0.916|c_ma120=0.775|vr20=0.980|days_since_lu=0.091|dt_ratio20=NaN|lend_to_v=NaN|rev_yoy=0.722|o_turn=0.796|o_log_mcap=0.107|o_lu_follow=0.911,"官方日成交結構(MI_INDEX/dailyQuotes)=1|發行股數(MI_QFIIS/dailyQuotes)=1|外資持股(MI_QFIIS,僅上市)=0|自營商(T86/上櫃三大法人)=1|當沖(TWTB4U/上櫃intraday)=0|季財報(MOPS t163sb04)=1|月營收(MOPS/openapi)=1|官方產業別(MOPS t05st03)=1|融資券(MI_MARGN)=0|借券(TWT93U)=0|法人(T86)=1",671,671.0,250.0,official,98.7,,0.0,0.0,0,1,0.365,11.679,-4.745,307.0,0,未扣成本·事後欄位以 m_ 標示·非投資建議
SEL,3,2025-08-25,2025-08-26,7712,博盛半導體,TPEx,W,,fV300|fV100|fCD,W_atr14@3,40,563,漏網,1832,0.045256,,atr14=0.788|n_lu_250=0.857|r20=NaN|c_ma120=0.355|vr20=0.310|days_since_lu=0.054|dt_ratio20=NaN|lend_to_v=0.341|rev_yoy=0.177|o_turn=0.091|o_log_mcap=0.226|o_lu_follow=0.692,"官方日成交結構(MI_INDEX/dailyQuotes)=1|發行股數(MI_QFIIS/dailyQuotes)=1|外資持股(MI_QFIIS,僅上市)=0|自營商(T86/上櫃三大法人)=1|當沖(TWTB4U/上櫃intraday)=1|季財報(MOPS t163sb04)=1|月營收(MOPS/openapi)=1|官方產業別(MOPS t05st03)=1|融資券(MI_MARGN)=1|借券(TWT93U)=1|法人(T86)=1",160,160.0,160.0,official,58.8,,0.0,0.0,0,1,9.506,14.449,21.673,95.0,0,未扣成本·事後欄位以 m_ 標示·非投資建議
SEL,3,2025-08-26,2025-08-27,1796,金穎生技,TPEx,W,,fV300|fV100|fN20,W_atr14@3,210,563,漏網,529,0.024019,,atr14=0.257|n_lu_250=0.523|r20=0.684|c_ma120=0.611|vr20=0.947|days_since_lu=0.533|dt_ratio20=NaN|lend_to_v=0.438|rev_yoy=0.766|o_turn=0.177|o_log_mcap=0.068|o_lu_follow=0.211,"官方日成交結構(MI_INDEX/dailyQuotes)=1|發行股數(MI_QFIIS/dailyQuotes)=1|外資持股(MI_QFIIS,僅上市)=0|自營商(T86/上櫃三大法人)=1|當沖(TWTB4U/上櫃intraday)=1|季財報(MOPS t163sb04)=1|月營收(MOPS/openapi)=1|官方產業別(MOPS t05st03)=1|融資券(MI_MARGN)=1|借券(TWT93U)=1|法人(T86)=1",756,inf,250.0,official_prepanel,30.67,,0.0,0.0,0,1,4.708,21.846,22.034,318.0,0,未扣成本·事後欄位以 m_ 標示·非投資建議
SEL,3,2025-08-27,2025-08-28,6569,醫揚,TPEx,W,,fV300|fV100,W_atr14@3,124,561,漏網,588,0.029588,,atr14=0.429|n_lu_250=0.526|r20=0.715|c_ma120=0.311|vr20=0.979|days_since_lu=0.733|dt_ratio20=NaN|lend_to_v=0.515|rev_yoy=0.807|o_turn=0.435|o_log_mcap=0.253|o_lu_follow=0.216,"官方日成交結構(MI_INDEX/dailyQuotes)=1|發行股數(MI_QFIIS/dailyQuotes)=1|外資持股(MI_QFIIS,僅上市)=0|自營商(T86/上櫃三大法人)=1|當沖(TWTB4U/上櫃intraday)=1|季財報(MOPS t163sb04)=1|月營收(MOPS/openapi)=1|官方產業別(MOPS t05st03)=1|融資券(MI_MARGN)=1|借券(TWT93U)=1|法人(T86)=1",757,inf,250.0,official_prepanel,46.1,,0.0,0.0,0,1,9.167,27.5,13.75,396.0,0,未扣成本·事後欄位以 m_ 標示·非投資建議
SEL,3,2025-08-28,2025-08-29,4116,明基醫,TPEx,W,,fV300|fV100,W_atr14@3,443,551,漏網,1044,0.010931,,atr14=0.009|n_lu_250=0.201|r20=0.576|c_ma120=0.508|vr20=0.592|days_since_lu=0.736|dt_ratio20=NaN|lend_to_v=0.626|rev_yoy=0.780|o_turn=0.024|o_log_mcap=0.060|o_lu_follow=0.542,"官方日成交結構(MI_INDEX/dailyQuotes)=1|發行股數(MI_QFIIS/dailyQuotes)=1|外資持股(MI_QFIIS,僅上市)=0|自營商(T86/上櫃三大法人)=0|當沖(TWTB4U/上櫃intraday)=1|季財報(MOPS t163sb04)=1|月營收(MOPS/openapi)=1|官方產業別(MOPS t05st03)=1|融資券(MI_MARGN)=1|借券(TWT93U)=1|法人(T86)=0",758,inf,250.0,official_prepanel,28.75,,0.0,0.0,1,0,0.0,6.482,-1.7,133.0,0,未扣成本·事後欄位以 m_ 標示·非投資建議
SEL,3,2025-08-28,2025-08-29,6735,美達科技,TPEx,W,,fV300|fV100,W_atr14@3,118,551,漏網,396,0.029271,,atr14=0.430|n_lu_250=0.698|r20=0.628|c_ma120=0.703|vr20=0.993|days_since_lu=0.012|dt_ratio20=NaN|lend_to_v=0.294|rev_yoy=0.728|o_turn=0.551|o_log_mcap=0.096|o_lu_follow=0.088,"官方日成交結構(MI_INDEX/dailyQuotes)=1|發行股數(MI_QFIIS/dailyQuotes)=1|外資持股(MI_QFIIS,僅上市)=0|自營商(T86/上櫃三大法人)=1|當沖(TWTB4U/上櫃intraday)=1|季財報(MOPS t163sb04)=1|月營收(MOPS/openapi)=1|官方產業別(MOPS t05st03)=1|融資券(MI_MARGN)=1|借券(TWT93U)=1|法人(T86)=1",758,inf,250.0,official_prepanel,62.9,,0.0,0.0,0,1,9.981,47.793,47.985,219.0,0,未扣成本·事後欄位以 m_ 標示·非投資建議
SEL,3,2025-08-29,2025-09-01,1256,鮮活果汁-KY,TWSE,W,,fV300|fV100,W_atr14@3,452,539,漏網,986,0.009904,,atr14=0.004|n_lu_250=0.706|r20=0.367|c_ma120=0.344|vr20=0.466|days_since_lu=0.734|dt_ratio20=NaN|lend_to_v=0.906|rev_yoy=0.707|o_turn=0.014|o_log_mcap=0.206|o_lu_follow=0.834,"官方日成交結構(MI_INDEX/dailyQuotes)=1|發行股數(MI_QFIIS/dailyQuotes)=1|外資持股(MI_QFIIS,僅上市)=1|自營商(T86/上櫃三大法人)=1|當沖(TWTB4U/上櫃intraday)=0|季財報(MOPS t163sb04)=1|月營收(MOPS/openapi)=1|官方產業別(MOPS t05st03)=1|融資券(MI_MARGN)=1|借券(TWT93U)=1|法人(T86)=1",759,inf,250.0,official_prepanel,20.15,,0.0,0.0,1,0,0.0,25.287,34.1,74.0,0,未扣成本·事後欄位以 m_ 標示·非投資建議
SEL,3,2025-09-01,2025-09-02,4528,江興鍛,TPEx,W,,fV300|fV100,W_atr14@3,360,534,漏網,1598,0.013957,,atr14=0.048|n_lu_250=0.035|r20=0.437|c_ma120=0.203|vr20=0.902|days_since_lu=0.975|dt_ratio20=NaN|lend_to_v=0.377|rev_yoy=0.439|o_turn=0.015|o_log_mcap=0.026|o_lu_follow=0.785,"官方日成交結構(MI_INDEX/dailyQuotes)=1|發行股數(MI_QFIIS/dailyQuotes)=1|外資持股(MI_QFIIS,僅上市)=0|自營商(T86/上櫃三大法人)=0|當沖(TWTB4U/上櫃intraday)=1|季財報(MOPS t163sb04)=1|月營收(MOPS/openapi)=1|官方產業別(MOPS t05st03)=1|融資券(MI_MARGN)=1|借券(TWT93U)=1|法人(T86)=0",760,inf,250.0,official_prepanel,26.85,,0.0,0.0,0,1,7.91,14.407,8.757,265.0,0,未扣成本·事後欄位以 m_ 標示·非投資建議
SEL,3,2025-09-01,2025-09-02,6919,康霈*,TWSE,W,,fBP|fCD,W_atr14@3,15,534,漏網,486,0.059891,,atr14=0.921|n_lu_250=0.756|r20=0.998|c_ma120=0.000|vr20=0.649|days_since_lu=0.134|dt_ratio20=0.890|lend_to_v=NaN|rev_yoy=NaN|o_turn=0.768|o_log_mcap=0.968|o_lu_follow=0.740,"官方日成交結構(MI_INDEX/dailyQuotes)=1|發行股數(MI_QFIIS/dailyQuotes)=1|外資持股(MI_QFIIS,僅上市)=1|自營商(T86/上櫃三大法人)=1|當沖(TWTB4U/上櫃intraday)=1|季財報(MOPS t163sb04)=1|月營收(MOPS/openapi)=0|官方產業別(MOPS t05st03)=1|融資券(MI_MARGN)=0|借券(TWT93U)=0|法人(T86)=1",222,222.0,222.0,official,27071.25,,0.0,1.0,0,1,7.674,19.767,-3.256,35413.0,0,未扣成本·事後欄位以 m_ 標示·非投資建議
SEL,3,2025-09-02,2025-09-03,4414,如興,TWSE,W,,fV300|fH125|fBP,W_atr14@3,56,522,漏網,765,0.038253,,atr14=0.590|n_lu_250=0.194|r20=0.114|c_ma120=0.992|vr20=0.371|days_since_lu=0.745|dt_ratio20=NaN|lend_to_v=0.008|rev_yoy=0.106|o_turn=0.023|o_log_mcap=0.131|o_lu_follow=0.545,"官方日成交結構(MI_INDEX/dailyQuotes)=1|發行股數(MI_QFIIS/dailyQuotes)=1|外資持股(MI_QFIIS,僅上市)=1|自營商(T86/上櫃三大法人)=1|當沖(TWTB4U/上櫃intraday)=0|季財報(MOPS t163sb04)=1|月營收(MOPS/openapi)=1|官方產業別(MOPS t05st03)=1|融資券(MI_MARGN)=1|借券(TWT93U)=1|法人(T86)=1",761,inf,250.0,official_prepanel,233.2,,0.0,0.0,1,0,0.0,10.776,2.586,223.0,0,未扣成本·事後欄位以 m_ 標示·非投資建議
SEL,3,2025-09-02,2025-09-03,5314,世紀*,TPEx,W,,fH125|fN20|fBP,W_atr14@3,17,522,漏網,573,0.053395,,atr14=0.843|n_lu_250=0.998|r20=0.427|c_ma120=0.001|vr20=0.790|days_since_lu=0.348|dt_ratio20=NaN|lend_to_v=0.074|rev_yoy=0.993|o_turn=0.951|o_log_mcap=0.699|o_lu_follow=0.720,"官方日成交結構(MI_INDEX/dailyQuotes)=1|發行股數(MI_QFIIS/dailyQuotes)=1|外資持股(MI_QFIIS,僅上市)=0|自營商(T86/上櫃三大法人)=1|當沖(TWTB4U/上櫃intraday)=1|季財報(MOPS t163sb04)=1|月營收(MOPS/openapi)=1|官方產業別(MOPS t05st03)=1|融資券(MI_MARGN)=1|借券(TWT93U)=1|法人(T86)=1",761,inf,250.0,official_prepanel,18221.05,,0.0,0.0,0,1,9.901,39.851,46.04,29818.0,0,未扣成本·事後欄位以 m_ 標示·非投資建議
SEL,3,2025-09-02,2025-09-03,6418,詠昇,TPEx,W,,fN20,W_atr14@3,5,522,漏網,48,0.069166,,atr14=0.960|n_lu_250=0.752|r20=0.994|c_ma120=0.994|vr20=0.450|days_since_lu=0.177|dt_ratio20=NaN|lend_to_v=0.018|rev_yoy=0.177|o_turn=0.865|o_log_mcap=0.015|o_lu_follow=0.935,"官方日成交結構(MI_INDEX/dailyQuotes)=1|發行股數(MI_QFIIS/dailyQuotes)=1|外資持股(MI_QFIIS,僅上市)=0|自營商(T86/上櫃三大法人)=1|當沖(TWTB4U/上櫃intraday)=0|季財報(MOPS t163sb04)=1|月營收(MOPS/openapi)=1|官方產業別(MOPS t05st03)=1|融資券(MI_MARGN)=1|借券(TWT93U)=1|法人(T86)=1",761,inf,250.0,official_prepanel,1691.84,,1.0,0.0,0,1,6.4,30.8,37.6,2776.0,0,未扣成本·事後欄位以 m_ 標示·非投資建議
SEL,3,2025-09-03,2025-09-04,5345,馥鴻,TPEx,W,,fV300|fV100|fH125|fN20,W_atr14@3,84,527,漏網,1073,0.033358,,atr14=0.487|n_lu_250=0.384|r20=0.125|c_ma120=NaN|vr20=0.952|days_since_lu=0.928|dt_ratio20=NaN|lend_to_v=0.008|rev_yoy=0.236|o_turn=0.057|o_log_mcap=0.003|o_lu_follow=0.962,"官方日成交結構(MI_INDEX/dailyQuotes)=1|發行股數(MI_QFIIS/dailyQuotes)=1|外資持股(MI_QFIIS,僅上市)=0|自營商(T86/上櫃三大法人)=0|當沖(TWTB4U/上櫃intraday)=0|季財報(MOPS t163sb04)=1|月營收(MOPS/openapi)=1|官方產業別(MOPS t05st03)=1|融資券(MI_MARGN)=1|借券(TWT93U)=1|法人(T86)=0",762,inf,250.0,official_prepanel,10.39,,0.0,0.0,0,1,4.74,10.384,10.609,71.0,0,未扣成本·事後欄位以 m_ 標示·非投資建議
SEL,3,2025-09-04,2025-09-05,2642,宅配通,TWSE,W,,fV300|fV100,W_atr14@3,431,509,漏網,1058,0.00876,,atr14=0.003|n_lu_250=0.594|r20=0.524|c_ma120=0.241|vr20=0.825|days_since_lu=0.752|dt_ratio20=NaN|lend_to_v=0.812|rev_yoy=0.438|o_turn=0.048|o_log_mcap=0.114|o_lu_follow=0.985,"官方日成交結構(MI_INDEX/dailyQuotes)=1|發行股數(MI_QFIIS/dailyQuotes)=1|外資持股(MI_QFIIS,僅上市)=1|自營商(T86/上櫃三大法人)=1|當沖(TWTB4U/上櫃intraday)=1|季財報(MOPS t163sb04)=1|月營收(MOPS/openapi)=1|官方產業別(MOPS t05st03)=1|融資券(MI_MARGN)=1|借券(TWT93U)=1|法人(T86)=1",763,inf,250.0,official_prepanel,55.45,,0.0,0.0,0,1,8.364,7.063,9.108,417.0,0,未扣成本·事後欄位以 m_ 標示·非投資建議
SEL,3,2025-09-04,2025-09-05,4166,友霖,TPEx,W,,fV300|fV100|fVnan|fH125|fA60|fN20,W_atr14@3,500,509,漏網,1814,,,atr14=NaN|n_lu_250=0.034|r20=NaN|c_ma120=NaN|vr20=NaN|days_since_lu=0.976|dt_ratio20=NaN|lend_to_v=NaN|rev_yoy=0.636|o_turn=0.080|o_log_mcap=0.297|o_lu_follow=0.761,"官方日成交結構(MI_INDEX/dailyQuotes)=1|發行股數(MI_QFIIS/dailyQuotes)=1|外資持股(MI_QFIIS,僅上市)=0|自營商(T86/上櫃三大法人)=0|當沖(TWTB4U/上櫃intraday)=0|季財報(MOPS t163sb04)=1|月營收(MOPS/openapi)=1|官方產業別(MOPS t05st03)=1|融資券(MI_MARGN)=0|借券(TWT93U)=0|法人(T86)=0",11,11.0,11.0,official,,,0.0,0.0,1,0,0.0,-0.778,1.167,318.0,0,未扣成本·事後欄位以 m_ 標示·非投資建議
SEL,3,2025-09-09,2025-09-10,8101,華冠,TWSE,W,,fV300|fV100,W_atr14@3,68,522,漏網,667,0.034679,,atr14=0.523|n_lu_250=0.980|r20=0.411|c_ma120=0.061|vr20=0.831|days_since_lu=0.498|dt_ratio20=NaN|lend_to_v=0.010|rev_yoy=0.994|o_turn=0.014|o_log_mcap=0.000|o_lu_follow=1.000,"官方日成交結構(MI_INDEX/dailyQuotes)=1|發行股數(MI_QFIIS/dailyQuotes)=1|外資持股(MI_QFIIS,僅上市)=1|自營商(T86/上櫃三大法人)=0|當沖(TWTB4U/上櫃intraday)=0|季財報(MOPS t163sb04)=1|月營收(MOPS/openapi)=1|官方產業別(MOPS t05st03)=1|融資券(MI_MARGN)=1|借券(TWT93U)=1|法人(T86)=0",766,inf,250.0,official_prepanel,9.65,,0.0,0.0,1,0,0.0,19.472,12.211,42.0,0,未扣成本·事後欄位以 m_ 標示·非投資建議
SEL,3,2025-09-10,2025-09-11,3523,迎輝,TPEx,W,,fV300|fV100|fH125|fN20,W_atr14@3,180,522,漏網,709,0.022456,,atr14=0.227|n_lu_250=0.944|r20=0.238|c_ma120=NaN|vr20=0.396|days_since_lu=0.762|dt_ratio20=NaN|lend_to_v=0.010|rev_yoy=0.028|o_turn=0.001|o_log_mcap=0.009|o_lu_follow=0.929,"官方日成交結構(MI_INDEX/dailyQuotes)=1|發行股數(MI_QFIIS/dailyQuotes)=1|外資持股(MI_QFIIS,僅上市)=0|自營商(T86/上櫃三大法人)=0|當沖(TWTB4U/上櫃intraday)=0|季財報(MOPS t163sb04)=1|月營收(MOPS/openapi)=1|官方產業別(MOPS t05st03)=1|融資券(MI_MARGN)=1|借券(TWT93U)=1|法人(T86)=0",767,inf,250.0,official_prepanel,10.05,,0.0,0.0,0,1,9.938,11.491,14.907,48.0,0,未扣成本·事後欄位以 m_ 標示·非投資建議
SEL,3,2025-09-10,2025-09-11,6419,京晨科,TPEx,W,,fV300|fV100,W_atr14@3,224,522,漏網,1464,0.019624,,atr14=0.163|n_lu_250=0.796|r20=0.013|c_ma120=0.004|vr20=0.339|days_since_lu=0.464|dt_ratio20=NaN|lend_to_v=NaN|rev_yoy=0.037|o_turn=0.187|o_log_mcap=0.000|o_lu_follow=0.693,"官方日成交結構(MI_INDEX/dailyQuotes)=1|發行股數(MI_QFIIS/dailyQuotes)=1|外資持股(MI_QFIIS,僅上市)=0|自營商(T86/上櫃三大法人)=1|當沖(TWTB4U/上櫃intraday)=0|季財報(MOPS t163sb04)=1|月營收(MOPS/openapi)=1|官方產業別(MOPS t05st03)=1|融資券(MI_MARGN)=0|借券(TWT93U)=0|法人(T86)=1",767,inf,250.0,official_prepanel,42.5,,0.0,0.0,0,1,6.639,23.187,8.682,184.0,0,未扣成本·事後欄位以 m_ 標示·非投資建議
SEL,3,2025-09-19,2025-09-22,5228,鈺鎧,TPEx,W,,fV300|fV100|fH125|fN20,W_atr14@3,92,529,漏網,1319,0.030574,,atr14=0.432|n_lu_250=0.173|r20=0.172|c_ma120=NaN|vr20=0.718|days_since_lu=0.932|dt_ratio20=NaN|lend_to_v=0.698|rev_yoy=0.226|o_turn=0.003|o_log_mcap=0.000|o_lu_follow=0.526,"官方日成交結構(MI_INDEX/dailyQuotes)=1|發行股數(MI_QFIIS/dailyQuotes)=1|外資持股(MI_QFIIS,僅上市)=0|自營商(T86/上櫃三大法人)=0|當沖(TWTB4U/上櫃intraday)=1|季財報(MOPS t163sb04)=1|月營收(MOPS/openapi)=1|官方產業別(MOPS t05st03)=1|融資券(MI_MARGN)=1|借券(TWT93U)=1|法人(T86)=0",774,inf,250.0,official_prepanel,7.41,,0.0,0.0,0,1,9.032,24.839,18.065,47.0,0,未扣成本·事後欄位以 m_ 標示·非投資建議
SEL,3,2025-09-19,2025-09-22,5314,世紀*,TPEx,W,,fH125|fBP|fCD,W_atr14@3,4,529,漏網,5,0.061207,,atr14=0.927|n_lu_250=0.999|r20=0.989|c_ma120=0.988|vr20=0.012|days_since_lu=0.112|dt_ratio20=NaN|lend_to_v=0.028|rev_yoy=0.990|o_turn=0.672|o_log_mcap=0.760|o_lu_follow=0.883,"官方日成交結構(MI_INDEX/dailyQuotes)=1|發行股數(MI_QFIIS/dailyQuotes)=1|外資持股(MI_QFIIS,僅上市)=0|自營商(T86/上櫃三大法人)=1|當沖(TWTB4U/上櫃intraday)=0|季財報(MOPS t163sb04)=1|月營收(MOPS/openapi)=1|官方產業別(MOPS t05st03)=1|融資券(MI_MARGN)=1|借券(TWT93U)=1|法人(T86)=1",774,inf,250.0,official_prepanel,20558.5,,1.0,0.0,0,1,8.051,22.034,4.661,8507.0,1,未扣成本·事後欄位以 m_ 標示·非投資建議
SEL,3,2025-09-24,2025-09-25,8455,大拓-KY,TPEx,W,,fV300|fV100|fN20,W_atr14@3,100,527,漏網,1334,0.03028,,atr14=0.451|n_lu_250=0.576|r20=0.013|c_ma120=0.083|vr20=0.113|days_since_lu=0.381|dt_ratio20=NaN|lend_to_v=NaN|rev_yoy=0.242|o_turn=0.001|o_log_mcap=0.000|o_lu_follow=0.144,"官方日成交結構(MI_INDEX/dailyQuotes)=1|發行股數(MI_QFIIS/dailyQuotes)=1|外資持股(MI_QFIIS,僅上市)=0|自營商(T86/上櫃三大法人)=0|當沖(TWTB4U/上櫃intraday)=0|季財報(MOPS t163sb04)=1|月營收(MOPS/openapi)=1|官方產業別(MOPS t05st03)=1|融資券(MI_MARGN)=0|借券(TWT93U)=0|法人(T86)=0",777,inf,250.0,official_prepanel,10.47,,0.0,0.0,0,1,6.905,22.619,14.286,20.0,0,未扣成本·事後欄位以 m_ 標示·非投資建議
SEL,3,2025-09-25,2025-09-26,2067,嘉鋼,TPEx,W,,fP10|fV300|fV100,W_atr14@3,14,529,漏網,424,0.048882,,atr14=0.817|n_lu_250=0.573|r20=0.567|c_ma120=0.327|vr20=0.689|days_since_lu=0.464|dt_ratio20=NaN|lend_to_v=0.012|rev_yoy=0.399|o_turn=0.111|o_log_mcap=0.000|o_lu_follow=0.148,"官方日成交結構(MI_INDEX/dailyQuotes)=1|發行股數(MI_QFIIS/dailyQuotes)=1|外資持股(MI_QFIIS,僅上市)=0|自營商(T86/上櫃三大法人)=1|當沖(TWTB4U/上櫃intraday)=0|季財報(MOPS t163sb04)=1|月營收(MOPS/openapi)=1|官方產業別(MOPS t05st03)=1|融資券(MI_MARGN)=1|借券(TWT93U)=1|法人(T86)=1",778,inf,250.0,official_prepanel,58.75,,0.0,0.0,0,1,8.974,38.462,28.205,266.0,0,未扣成本·事後欄位以 m_ 標示·非投資建議
SEL,3,2025-09-26,2025-09-30,4711,永純,TPEx,W,,fV300|fV100,W_atr14@3,192,532,漏網,963,0.02176,,atr14=0.188|n_lu_250=0.343|r20=0.510|c_ma120=0.398|vr20=0.983|days_since_lu=0.557|dt_ratio20=NaN|lend_to_v=0.376|rev_yoy=0.256|o_turn=0.321|o_log_mcap=0.001|o_lu_follow=0.227,"官方日成交結構(MI_INDEX/dailyQuotes)=1|發行股數(MI_QFIIS/dailyQuotes)=1|外資持股(MI_QFIIS,僅上市)=0|自營商(T86/上櫃三大法人)=1|當沖(TWTB4U/上櫃intraday)=1|季財報(MOPS t163sb04)=1|月營收(MOPS/openapi)=1|官方產業別(MOPS t05st03)=1|融資券(MI_MARGN)=1|借券(TWT93U)=1|法人(T86)=1",779,inf,250.0,official_prepanel,72.0,,0.0,0.0,1,0,0.0,-2.108,-9.337,933.0,0,未扣成本·事後欄位以 m_ 標示·非投資建議
SEL,3,2025-09-30,2025-10-01,2070,精湛,TPEx,W,,fV300|fV100,W_atr14@3,126,532,漏網,1214,0.026798,,atr14=0.336|n_lu_250=0.862|r20=0.079|c_ma120=0.045|vr20=0.826|days_since_lu=0.435|dt_ratio20=NaN|lend_to_v=0.612|rev_yoy=0.090|o_turn=0.369|o_log_mcap=0.010|o_lu_follow=0.828,"官方日成交結構(MI_INDEX/dailyQuotes)=1|發行股數(MI_QFIIS/dailyQuotes)=1|外資持股(MI_QFIIS,僅上市)=0|自營商(T86/上櫃三大法人)=1|當沖(TWTB4U/上櫃intraday)=1|季財報(MOPS t163sb04)=1|月營收(MOPS/openapi)=1|官方產業別(MOPS t05st03)=1|融資券(MI_MARGN)=1|借券(TWT93U)=1|法人(T86)=1",780,inf,250.0,official_prepanel,88.55,,0.0,0.0,0,1,9.474,20.526,16.579,312.0,0,未扣成本·事後欄位以 m_ 標示·非投資建議
SEL,4,2025-10-01,2025-10-02,3321,同泰,TWSE,W,,fV300|fV100|fN20|fBP,W_atr14@3,24,546,漏網,89,0.045513,,atr14=0.778|n_lu_250=0.577|r20=1.000|c_ma120=0.995|vr20=NaN|days_since_lu=0.493|dt_ratio20=NaN|lend_to_v=NaN|rev_yoy=0.720|o_turn=0.078|o_log_mcap=0.000|o_lu_follow=0.150,"官方日成交結構(MI_INDEX/dailyQuotes)=1|發行股數(MI_QFIIS/dailyQuotes)=1|外資持股(MI_QFIIS,僅上市)=1|自營商(T86/上櫃三大法人)=0|當沖(TWTB4U/上櫃intraday)=0|季財報(MOPS t163sb04)=1|月營收(MOPS/openapi)=1|官方產業別(MOPS t05st03)=1|融資券(MI_MARGN)=0|借券(TWT93U)=0|法人(T86)=0",781,inf,250.0,official_prepanel,77.4,,0.0,0.0,0,1,11.284,21.401,21.401,357.0,0,未扣成本·事後欄位以 m_ 標示·非投資建議
SEL,4,2025-10-03,2025-10-07,1435,中福,TWSE,W,,fV300|fV100|fH125|fN20,W_atr14@3,551,554,漏網,1861,,,atr14=NaN|n_lu_250=0.664|r20=0.067|c_ma120=NaN|vr20=NaN|days_since_lu=0.613|dt_ratio20=NaN|lend_to_v=NaN|rev_yoy=0.044|o_turn=0.000|o_log_mcap=0.154|o_lu_follow=0.997,"官方日成交結構(MI_INDEX/dailyQuotes)=1|發行股數(MI_QFIIS/dailyQuotes)=1|外資持股(MI_QFIIS,僅上市)=1|自營商(T86/上櫃三大法人)=0|當沖(TWTB4U/上櫃intraday)=0|季財報(MOPS t163sb04)=1|月營收(MOPS/openapi)=1|官方產業別(MOPS t05st03)=1|融資券(MI_MARGN)=0|借券(TWT93U)=0|法人(T86)=0",783,inf,250.0,official_prepanel,3.53,,0.0,0.0,0,1,0.564,6.203,5.075,17.0,0,未扣成本·事後欄位以 m_ 標示·非投資建議
SEL,4,2025-10-03,2025-10-07,8067,志旭,TPEx,W,,fV300|fV100|fH125|fN20,W_atr14@3,527,554,漏網,1544,,,atr14=NaN|n_lu_250=0.030|r20=0.617|c_ma120=0.089|vr20=0.958|days_since_lu=0.941|dt_ratio20=NaN|lend_to_v=NaN|rev_yoy=0.259|o_turn=0.041|o_log_mcap=0.000|o_lu_follow=0.726,"官方日成交結構(MI_INDEX/dailyQuotes)=1|發行股數(MI_QFIIS/dailyQuotes)=1|外資持股(MI_QFIIS,僅上市)=0|自營商(T86/上櫃三大法人)=1|當沖(TWTB4U/上櫃intraday)=0|季財報(MOPS t163sb04)=1|月營收(MOPS/openapi)=1|官方產業別(MOPS t05st03)=1|融資券(MI_MARGN)=0|借券(TWT93U)=0|法人(T86)=1",783,inf,250.0,official_prepanel,6.44,,0.0,0.0,0,1,5.556,30.556,17.857,43.0,0,未扣成本·事後欄位以 m_ 標示·非投資建議
SEL,4,2025-10-03,2025-10-07,8472,納維康,TPEx,W,,fV300|fV100|fH125,W_atr14@3,13,554,漏網,277,0.053977,,atr14=0.904|n_lu_250=0.977|r20=0.121|c_ma120=0.949|vr20=0.098|days_since_lu=0.080|dt_ratio20=NaN|lend_to_v=NaN|rev_yoy=0.226|o_turn=0.154|o_log_mcap=0.009|o_lu_follow=1.000,"官方日成交結構(MI_INDEX/dailyQuotes)=1|發行股數(MI_QFIIS/dailyQuotes)=1|外資持股(MI_QFIIS,僅上市)=0|自營商(T86/上櫃三大法人)=1|當沖(TWTB4U/上櫃intraday)=0|季財報(MOPS t163sb04)=1|月營收(MOPS/openapi)=1|官方產業別(MOPS t05st03)=1|融資券(MI_MARGN)=0|借券(TWT93U)=0|法人(T86)=1",783,inf,250.0,official_prepanel,84.2,,0.0,2.0,0,1,9.733,12.8,9.2,134.0,0,未扣成本·事後欄位以 m_ 標示·非投資建議
SEL,4,2025-10-08,2025-10-09,3135,凌航,TWSE,W,,fH125|fA60|fBP,W_atr14@3,7,558,漏網,1829,0.062511,,atr14=0.963|n_lu_250=0.349|r20=0.916|c_ma120=NaN|vr20=0.365|days_since_lu=0.147|dt_ratio20=NaN|lend_to_v=NaN|rev_yoy=0.783|o_turn=0.784|o_log_mcap=0.122|o_lu_follow=0.341,"官方日成交結構(MI_INDEX/dailyQuotes)=1|發行股數(MI_QFIIS/dailyQuotes)=1|外資持股(MI_QFIIS,僅上市)=1|自營商(T86/上櫃三大法人)=1|當沖(TWTB4U/上櫃intraday)=0|季財報(MOPS t163sb04)=1|月營收(MOPS/openapi)=1|官方產業別(MOPS t05st03)=1|融資券(MI_MARGN)=0|借券(TWT93U)=0|法人(T86)=1",44,44.0,44.0,official,1997.5,,0.0,0.0,0,1,7.828,22.348,10.227,5193.0,0,未扣成本·事後欄位以 m_ 標示·非投資建議
SEL,4,2025-10-08,2025-10-09,5468,凱鈺,TPEx,W,,fV300|fV100|fH125,W_atr14@3,95,558,漏網,854,0.028757,,atr14=0.434|n_lu_250=0.349|r20=0.495|c_ma120=0.272|vr20=0.717|days_since_lu=0.789|dt_ratio20=NaN|lend_to_v=0.008|rev_yoy=0.121|o_turn=0.037|o_log_mcap=0.001|o_lu_follow=0.341,"官方日成交結構(MI_INDEX/dailyQuotes)=1|發行股數(MI_QFIIS/dailyQuotes)=1|外資持股(MI_QFIIS,僅上市)=0|自營商(T86/上櫃三大法人)=0|當沖(TWTB4U/上櫃intraday)=0|季財報(MOPS t163sb04)=1|月營收(MOPS/openapi)=1|官方產業別(MOPS t05st03)=1|融資券(MI_MARGN)=1|借券(TWT93U)=1|法人(T86)=0",785,inf,250.0,official_prepanel,42.95,,0.0,0.0,1,0,0.0,28.994,-0.592,224.0,0,未扣成本·事後欄位以 m_ 標示·非投資建議
SEL,4,2025-10-09,2025-10-13,6144,得利影,TPEx,W,,fV300|fV100,W_atr14@3,69,578,漏網,785,0.032843,,atr14=0.534|n_lu_250=0.980|r20=0.251|c_ma120=0.129|vr20=0.369|days_since_lu=0.169|dt_ratio20=NaN|lend_to_v=0.009|rev_yoy=0.502|o_turn=0.031|o_log_mcap=0.000|o_lu_follow=0.996,"官方日成交結構(MI_INDEX/dailyQuotes)=1|發行股數(MI_QFIIS/dailyQuotes)=1|外資持股(MI_QFIIS,僅上市)=0|自營商(T86/上櫃三大法人)=0|當沖(TWTB4U/上櫃intraday)=0|季財報(MOPS t163sb04)=1|月營收(MOPS/openapi)=1|官方產業別(MOPS t05st03)=1|融資券(MI_MARGN)=1|借券(TWT93U)=1|法人(T86)=0",786,inf,250.0,official_prepanel,44.0,,0.0,0.0,0,1,11.48,13.52,10.459,153.0,0,未扣成本·事後欄位以 m_ 標示·非投資建議
SEL,4,2025-10-09,2025-10-13,7610,聯友金屬-創,TWSE,W,,fH125|fA60,W_atr14@3,10,578,漏網,1854,0.057334,,atr14=0.921|n_lu_250=0.172|r20=0.031|c_ma120=NaN|vr20=0.280|days_since_lu=0.107|dt_ratio20=NaN|lend_to_v=NaN|rev_yoy=0.809|o_turn=0.570|o_log_mcap=0.242|o_lu_follow=0.532,"官方日成交結構(MI_INDEX/dailyQuotes)=1|發行股數(MI_QFIIS/dailyQuotes)=1|外資持股(MI_QFIIS,僅上市)=1|自營商(T86/上櫃三大法人)=1|當沖(TWTB4U/上櫃intraday)=0|季財報(MOPS t163sb04)=1|月營收(MOPS/openapi)=1|官方產業別(MOPS t05st03)=1|融資券(MI_MARGN)=0|借券(TWT93U)=0|法人(T86)=1",21,21.0,21.0,official,520.25,,0.0,0.0,1,0,0.0,-0.935,8.879,713.0,0,未扣成本·事後欄位以 m_ 標示·非投資建議
SEL,4,2025-10-14,2025-10-15,3555,博士旺,TPEx,W,,fV300|fH125|fCD,W_atr14@3,6,581,漏網,4,0.067283,,atr14=0.946|n_lu_250=0.966|r20=1.000|c_ma120=0.992|vr20=0.470|days_since_lu=0.070|dt_ratio20=NaN|lend_to_v=0.008|rev_yoy=0.992|o_turn=0.464|o_log_mcap=0.112|o_lu_follow=0.991,"官方日成交結構(MI_INDEX/dailyQuotes)=1|發行股數(MI_QFIIS/dailyQuotes)=1|外資持股(MI_QFIIS,僅上市)=0|自營商(T86/上櫃三大法人)=1|當沖(TWTB4U/上櫃intraday)=0|季財報(MOPS t163sb04)=1|月營收(MOPS/openapi)=1|官方產業別(MOPS t05st03)=1|融資券(MI_MARGN)=1|借券(TWT93U)=1|法人(T86)=1",788,inf,250.0,official_prepanel,269.85,,1.0,2.0,0,1,10.86,17.772,18.195,312.0,1,未扣成本·事後欄位以 m_ 標示·非投資建議
SEL,4,2025-10-15,2025-10-16,4764,雙鍵,TWSE,W,,fV300|fV100,W_atr14@3,318,588,漏網,1112,0.018515,,atr14=0.107|n_lu_250=0.180|r20=0.657|c_ma120=0.316|vr20=0.861|days_since_lu=0.787|dt_ratio20=NaN|lend_to_v=0.687|rev_yoy=0.265|o_turn=0.007|o_log_mcap=0.169|o_lu_follow=0.534,"官方日成交結構(MI_INDEX/dailyQuotes)=1|發行股數(MI_QFIIS/dailyQuotes)=1|外資持股(MI_QFIIS,僅上市)=1|自營商(T86/上櫃三大法人)=1|當沖(TWTB4U/上櫃intraday)=1|季財報(MOPS t163sb04)=1|月營收(MOPS/openapi)=1|官方產業別(MOPS t05st03)=1|融資券(MI_MARGN)=1|借券(TWT93U)=1|法人(T86)=1",789,inf,250.0,official_prepanel,16.8,,0.0,0.0,0,1,8.354,53.511,73.123,89.0,0,未扣成本·事後欄位以 m_ 標示·非投資建議
SEL,4,2025-10-16,2025-10-17,3390,旭軟,TPEx,W,,fV300|fV100,W_atr14@3,302,596,漏網,1137,0.019497,,atr14=0.118|n_lu_250=0.179|r20=0.605|c_ma120=0.300|vr20=0.891|days_since_lu=0.791|dt_ratio20=NaN|lend_to_v=0.664|rev_yoy=0.644|o_turn=0.199|o_log_mcap=0.022|o_lu_follow=0.534,"官方日成交結構(MI_INDEX/dailyQuotes)=1|發行股數(MI_QFIIS/dailyQuotes)=1|外資持股(MI_QFIIS,僅上市)=0|自營商(T86/上櫃三大法人)=1|當沖(TWTB4U/上櫃intraday)=1|季財報(MOPS t163sb04)=1|月營收(MOPS/openapi)=1|官方產業別(MOPS t05st03)=1|融資券(MI_MARGN)=1|借券(TWT93U)=1|法人(T86)=1",790,inf,250.0,official_prepanel,96.85,,0.0,0.0,0,1,10.513,16.41,10.0,1644.0,0,未扣成本·事後欄位以 m_ 標示·非投資建議
SEL,4,2025-10-20,2025-10-21,5543,桓鼎-KY,TPEx,W,,fV300|fH125|fN20,W_atr14@3,76,588,漏網,381,0.037692,,atr14=0.621|n_lu_250=0.590|r20=0.550|c_ma120=NaN|vr20=0.260|days_since_lu=0.786|dt_ratio20=NaN|lend_to_v=0.017|rev_yoy=0.180|o_turn=0.196|o_log_mcap=0.001|o_lu_follow=0.144,"官方日成交結構(MI_INDEX/dailyQuotes)=1|發行股數(MI_QFIIS/dailyQuotes)=1|外資持股(MI_QFIIS,僅上市)=0|自營商(T86/上櫃三大法人)=1|當沖(TWTB4U/上櫃intraday)=0|季財報(MOPS t163sb04)=1|月營收(MOPS/openapi)=1|官方產業別(MOPS t05st03)=1|融資券(MI_MARGN)=1|借券(TWT93U)=1|法人(T86)=1",792,inf,250.0,official_prepanel,133.84,,0.0,0.0,1,0,0.0,15.682,27.273,169.0,0,未扣成本·事後欄位以 m_ 標示·非投資建議
SEL,4,2025-10-20,2025-10-21,6573,虹揚-KY,TWSE,W,,fP10|fV300|fV100,W_atr14@3,207,588,漏網,563,0.025047,,atr14=0.230|n_lu_250=0.871|r20=0.607|c_ma120=0.278|vr20=0.236|days_since_lu=0.176|dt_ratio20=NaN|lend_to_v=0.009|rev_yoy=0.411|o_turn=0.016|o_log_mcap=0.000|o_lu_follow=0.947,"官方日成交結構(MI_INDEX/dailyQuotes)=1|發行股數(MI_QFIIS/dailyQuotes)=1|外資持股(MI_QFIIS,僅上市)=1|自營商(T86/上櫃三大法人)=1|當沖(TWTB4U/上櫃intraday)=0|季財報(MOPS t163sb04)=1|月營收(MOPS/openapi)=1|官方產業別(MOPS t05st03)=1|融資券(MI_MARGN)=1|借券(TWT93U)=1|法人(T86)=1",792,inf,250.0,official_prepanel,84.6,,0.0,0.0,0,1,8.586,35.859,31.313,267.0,0,未扣成本·事後欄位以 m_ 標示·非投資建議
SEL,4,2025-10-21,2025-10-22,4171,瑞基,TPEx,W,,fV300|fV100,W_atr14@3,318,586,漏網,1418,0.018742,,atr14=0.106|n_lu_250=0.678|r20=0.274|c_ma120=0.036|vr20=0.575|days_since_lu=0.551|dt_ratio20=NaN|lend_to_v=0.682|rev_yoy=0.777|o_turn=0.041|o_log_mcap=0.003|o_lu_follow=0.095,"官方日成交結構(MI_INDEX/dailyQuotes)=1|發行股數(MI_QFIIS/dailyQuotes)=1|外資持股(MI_QFIIS,僅上市)=0|自營商(T86/上櫃三大法人)=1|當沖(TWTB4U/上櫃intraday)=1|季財報(MOPS t163sb04)=1|月營收(MOPS/openapi)=1|官方產業別(MOPS t05st03)=1|融資券(MI_MARGN)=1|借券(TWT93U)=1|法人(T86)=1",793,inf,250.0,official_prepanel,52.2,,0.0,0.0,0,1,9.275,53.623,29.565,243.0,0,未扣成本·事後欄位以 m_ 標示·非投資建議
SEL,4,2025-10-21,2025-10-22,5301,,TPEx,W,,fP10|fV300|fV100|fH125|fN20,W_atr14@3,100,586,漏網,821,0.033753,,atr14=0.534|n_lu_250=0.589|r20=0.406|c_ma120=0.167|vr20=0.766|days_since_lu=0.932|dt_ratio20=NaN|lend_to_v=0.009|rev_yoy=0.823|o_turn=0.005|o_log_mcap=0.001|o_lu_follow=0.986,"官方日成交結構(MI_INDEX/dailyQuotes)=1|發行股數(MI_QFIIS/dailyQuotes)=1|外資持股(MI_QFIIS,僅上市)=0|自營商(T86/上櫃三大法人)=1|當沖(TWTB4U/上櫃intraday)=0|季財報(MOPS t163sb04)=1|月營收(MOPS/openapi)=1|官方產業別(MOPS t05st03)=0|融資券(MI_MARGN)=1|借券(TWT93U)=1|法人(T86)=1",793,inf,250.0,official_prepanel,28.53,,0.0,0.0,0,1,8.752,30.354,,88.0,0,未扣成本·事後欄位以 m_ 標示·非投資建議
SEL,4,2025-10-21,2025-10-22,6645,金萬林-創,TWSE,W,,fV300|fV100,W_atr14@3,84,586,漏網,736,0.03555,,atr14=0.585|n_lu_250=0.368|r20=0.237|c_ma120=0.563|vr20=0.848|days_since_lu=0.341|dt_ratio20=NaN|lend_to_v=0.020|rev_yoy=0.194|o_turn=0.246|o_log_mcap=0.014|o_lu_follow=0.335,"官方日成交結構(MI_INDEX/dailyQuotes)=1|發行股數(MI_QFIIS/dailyQuotes)=1|外資持股(MI_QFIIS,僅上市)=1|自營商(T86/上櫃三大法人)=1|當沖(TWTB4U/上櫃intraday)=0|季財報(MOPS t163sb04)=1|月營收(MOPS/openapi)=1|官方產業別(MOPS t05st03)=1|融資券(MI_MARGN)=1|借券(TWT93U)=1|法人(T86)=1",443,443.0,250.0,official,86.8,,0.0,0.0,0,1,9.862,2.752,1.376,283.0,0,未扣成本·事後欄位以 m_ 標示·非投資建議
SEL,4,2025-10-21,2025-10-22,6936,永鴻生技,TWSE,W,,fV300|fV100|fH125,W_atr14@3,521,586,漏網,1575,0.007914,,atr14=0.001|n_lu_250=0.184|r20=0.489|c_ma120=0.218|vr20=0.125|days_since_lu=0.593|dt_ratio20=NaN|lend_to_v=NaN|rev_yoy=0.671|o_turn=0.002|o_log_mcap=0.082|o_lu_follow=0.534,"官方日成交結構(MI_INDEX/dailyQuotes)=1|發行股數(MI_QFIIS/dailyQuotes)=1|外資持股(MI_QFIIS,僅上市)=1|自營商(T86/上櫃三大法人)=1|當沖(TWTB4U/上櫃intraday)=0|季財報(MOPS t163sb04)=1|月營收(MOPS/openapi)=1|官方產業別(MOPS t05st03)=1|融資券(MI_MARGN)=0|借券(TWT93U)=0|法人(T86)=1",122,122.0,122.0,official,33.75,,0.0,0.0,0,1,9.299,0.286,-0.572,547.0,0,未扣成本·事後欄位以 m_ 標示·非投資建議
SEL,4,2025-10-22,2025-10-23,4764,雙鍵,TWSE,W,,fV300|fCD,W_atr14@3,68,575,漏網,101,0.037911,,atr14=0.648|n_lu_250=0.674|r20=0.999|c_ma120=0.971|vr20=1.000|days_since_lu=0.009|dt_ratio20=NaN|lend_to_v=0.068|rev_yoy=0.254|o_turn=0.877|o_log_mcap=0.256|o_lu_follow=0.998,"官方日成交結構(MI_INDEX/dailyQuotes)=1|發行股數(MI_QFIIS/dailyQuotes)=1|外資持股(MI_QFIIS,僅上市)=1|自營商(T86/上櫃三大法人)=1|當沖(TWTB4U/上櫃intraday)=1|季財報(MOPS t163sb04)=1|月營收(MOPS/openapi)=1|官方產業別(MOPS t05st03)=1|融資券(MI_MARGN)=1|借券(TWT93U)=1|法人(T86)=1",794,inf,250.0,official_prepanel,218.55,,0.0,1.0,0,1,9.419,12.245,12.716,1572.0,0,未扣成本·事後欄位以 m_ 標示·非投資建議
SEL,4,2025-10-27,2025-10-28,6573,虹揚-KY,TWSE,W,,fV300|fCD,W_atr14@3,79,591,漏網,84,0.038017,,atr14=0.638|n_lu_250=0.914|r20=0.946|c_ma120=0.824|vr20=0.972|days_since_lu=0.014|dt_ratio20=NaN|lend_to_v=0.011|rev_yoy=0.406|o_turn=0.630|o_log_mcap=0.004|o_lu_follow=0.971,"官方日成交結構(MI_INDEX/dailyQuotes)=1|發行股數(MI_QFIIS/dailyQuotes)=1|外資持股(MI_QFIIS,僅上市)=1|自營商(T86/上櫃三大法人)=1|當沖(TWTB4U/上櫃intraday)=0|季財報(MOPS t163sb04)=1|月營收(MOPS/openapi)=1|官方產業別(MOPS t05st03)=1|融資券(MI_MARGN)=1|借券(TWT93U)=1|法人(T86)=1",796,inf,250.0,official_prepanel,205.9,,0.0,1.0,1,0,0.0,4.833,37.175,411.0,0,未扣成本·事後欄位以 m_ 標示·非投資建議
SEL,4,2025-10-28,2025-10-29,4304,勝昱,TPEx,W,,fV300|fH125|fN20,W_atr14@3,71,599,漏網,152,0.039286,,atr14=0.650|n_lu_250=0.665|r20=0.999|c_ma120=NaN|vr20=1.000|days_since_lu=0.008|dt_ratio20=NaN|lend_to_v=0.011|rev_yoy=0.311|o_turn=0.848|o_log_mcap=0.001|o_lu_follow=0.099,"官方日成交結構(MI_INDEX/dailyQuotes)=1|發行股數(MI_QFIIS/dailyQuotes)=1|外資持股(MI_QFIIS,僅上市)=0|自營商(T86/上櫃三大法人)=0|當沖(TWTB4U/上櫃intraday)=0|季財報(MOPS t163sb04)=1|月營收(MOPS/openapi)=1|官方產業別(MOPS t05st03)=1|融資券(MI_MARGN)=1|借券(TWT93U)=1|法人(T86)=0",797,inf,250.0,official_prepanel,106.5,,0.0,2.0,0,1,17.717,71.26,136.22,400.0,0,未扣成本·事後欄位以 m_ 標示·非投資建議
SEL,4,2025-10-30,2025-10-31,4588,玖鼎電力,TWSE,W,,fV300|fV100,W_atr14@3,254,593,漏網,1430,0.022246,,atr14=0.169|n_lu_250=0.480|r20=0.302|c_ma120=0.083|vr20=0.668|days_since_lu=0.615|dt_ratio20=0.012|lend_to_v=0.673|rev_yoy=0.771|o_turn=0.093|o_log_mcap=0.084|o_lu_follow=0.219,"官方日成交結構(MI_INDEX/dailyQuotes)=1|發行股數(MI_QFIIS/dailyQuotes)=1|外資持股(MI_QFIIS,僅上市)=1|自營商(T86/上櫃三大法人)=1|當沖(TWTB4U/上櫃intraday)=1|季財報(MOPS t163sb04)=1|月營收(MOPS/openapi)=1|官方產業別(MOPS t05st03)=1|融資券(MI_MARGN)=1|借券(TWT93U)=1|法人(T86)=1",423,423.0,250.0,official,47.55,,0.0,0.0,0,1,8.833,14.333,1.5,478.0,0,未扣成本·事後欄位以 m_ 標示·非投資建議
SEL,4,2025-10-31,2025-11-03,3288,點晶,TPEx,W,,fV300|fV100|fH125|fN20,W_atr14@3,586,592,漏網,561,,,atr14=NaN|n_lu_250=0.578|r20=0.759|c_ma120=0.223|vr20=0.900|days_since_lu=0.935|dt_ratio20=NaN|lend_to_v=0.013|rev_yoy=0.038|o_turn=0.160|o_log_mcap=0.000|o_lu_follow=0.983,"官方日成交結構(MI_INDEX/dailyQuotes)=1|發行股數(MI_QFIIS/dailyQuotes)=1|外資持股(MI_QFIIS,僅上市)=0|自營商(T86/上櫃三大法人)=0|當沖(TWTB4U/上櫃intraday)=0|季財報(MOPS t163sb04)=1|月營收(MOPS/openapi)=1|官方產業別(MOPS t05st03)=1|融資券(MI_MARGN)=1|借券(TWT93U)=1|法人(T86)=0",800,inf,250.0,official_prepanel,14.06,,0.0,0.0,1,0,0.0,-8.163,-16.582,48.0,0,未扣成本·事後欄位以 m_ 標示·非投資建議
SEL,4,2025-10-31,2025-11-03,3321,同泰,TWSE,W,,fV300|fBP,W_atr14@3,42,592,漏網,89,0.042724,,atr14=0.708|n_lu_250=0.740|r20=0.962|c_ma120=0.994|vr20=0.994|days_since_lu=0.177|dt_ratio20=NaN|lend_to_v=0.013|rev_yoy=0.763|o_turn=0.776|o_log_mcap=0.005|o_lu_follow=0.714,"官方日成交結構(MI_INDEX/dailyQuotes)=1|發行股數(MI_QFIIS/dailyQuotes)=1|外資持股(MI_QFIIS,僅上市)=1|自營商(T86/上櫃三大法人)=1|當沖(TWTB4U/上櫃intraday)=0|季財報(MOPS t163sb04)=1|月營收(MOPS/openapi)=1|官方產業別(MOPS t05st03)=1|融資券(MI_MARGN)=1|借券(TWT93U)=1|法人(T86)=1",800,inf,250.0,official_prepanel,141.25,,0.0,0.0,0,1,9.288,37.771,14.551,1187.0,0,未扣成本·事後欄位以 m_ 標示·非投資建議
SEL,4,2025-11-03,2025-11-04,3684,榮昌,TPEx,W,,fV300|fV100|fH125|fN20,W_atr14@3,148,577,漏網,624,0.02741,,atr14=0.348|n_lu_250=0.180|r20=0.689|c_ma120=0.592|vr20=0.207|days_since_lu=0.533|dt_ratio20=NaN|lend_to_v=0.012|rev_yoy=0.860|o_turn=0.017|o_log_mcap=0.020|o_lu_follow=0.532,"官方日成交結構(MI_INDEX/dailyQuotes)=1|發行股數(MI_QFIIS/dailyQuotes)=1|外資持股(MI_QFIIS,僅上市)=0|自營商(T86/上櫃三大法人)=1|當沖(TWTB4U/上櫃intraday)=1|季財報(MOPS t163sb04)=1|月營收(MOPS/openapi)=1|官方產業別(MOPS t05st03)=1|融資券(MI_MARGN)=0|借券(TWT93U)=1|法人(T86)=1",801,inf,250.0,official_prepanel,31.05,,0.0,0.0,0,1,4.706,14.706,-1.961,421.0,0,未扣成本·事後欄位以 m_ 標示·非投資建議
SEL,4,2025-11-03,2025-11-04,8093,保銳,TPEx,W,,fV300|fV100,W_atr14@3,177,577,漏網,1327,0.024923,,atr14=0.273|n_lu_250=0.743|r20=0.115|c_ma120=0.050|vr20=0.975|days_since_lu=0.582|dt_ratio20=NaN|lend_to_v=0.012|rev_yoy=0.043|o_turn=0.195|o_log_mcap=0.004|o_lu_follow=0.714,"官方日成交結構(MI_INDEX/dailyQuotes)=1|發行股數(MI_QFIIS/dailyQuotes)=1|外資持股(MI_QFIIS,僅上市)=0|自營商(T86/上櫃三大法人)=0|當沖(TWTB4U/上櫃intraday)=0|季財報(MOPS t163sb04)=1|月營收(MOPS/openapi)=1|官方產業別(MOPS t05st03)=1|融資券(MI_MARGN)=1|借券(TWT93U)=1|法人(T86)=0",801,inf,250.0,official_prepanel,40.25,,0.0,0.0,0,1,9.712,35.971,20.863,261.0,0,未扣成本·事後欄位以 m_ 標示·非投資建議
SEL,4,2025-11-04,2025-11-05,6751,智聯服務,TPEx,W,,fV300|fV100|fH125,W_atr14@3,405,569,漏網,1009,0.013231,,atr14=0.033|n_lu_250=0.793|r20=0.396|c_ma120=0.290|vr20=0.733|days_since_lu=0.655|dt_ratio20=NaN|lend_to_v=NaN|rev_yoy=0.074|o_turn=0.020|o_log_mcap=0.006|o_lu_follow=0.895,"官方日成交結構(MI_INDEX/dailyQuotes)=1|發行股數(MI_QFIIS/dailyQuotes)=1|外資持股(MI_QFIIS,僅上市)=0|自營商(T86/上櫃三大法人)=0|當沖(TWTB4U/上櫃intraday)=0|季財報(MOPS t163sb04)=1|月營收(MOPS/openapi)=1|官方產業別(MOPS t05st03)=1|融資券(MI_MARGN)=0|借券(TWT93U)=0|法人(T86)=0",802,inf,250.0,official_prepanel,9.6,,0.0,0.0,1,0,0.0,22.814,34.328,47.0,0,未扣成本·事後欄位以 m_ 標示·非投資建議
SEL,4,2025-11-05,2025-11-06,1805,寶徠,TWSE,W,,fV300|fV100,W_atr14@3,149,569,漏網,1470,0.026671,,atr14=0.308|n_lu_250=0.356|r20=0.322|c_ma120=0.034|vr20=0.851|days_since_lu=0.801|dt_ratio20=0.040|lend_to_v=0.411|rev_yoy=0.968|o_turn=0.042|o_log_mcap=0.021|o_lu_follow=0.332,"官方日成交結構(MI_INDEX/dailyQuotes)=1|發行股數(MI_QFIIS/dailyQuotes)=1|外資持股(MI_QFIIS,僅上市)=1|自營商(T86/上櫃三大法人)=1|當沖(TWTB4U/上櫃intraday)=1|季財報(MOPS t163sb04)=1|月營收(MOPS/openapi)=1|官方產業別(MOPS t05st03)=1|融資券(MI_MARGN)=1|借券(TWT93U)=1|法人(T86)=1",803,inf,250.0,official_prepanel,79.2,,0.0,0.0,0,1,10.396,17.327,19.802,574.0,0,未扣成本·事後欄位以 m_ 標示·非投資建議
SEL,4,2025-11-06,2025-11-07,2314,台揚,TWSE,W,,fV300|fV100|fVnan|fH125|fN20|fBP,W_atr14@3,8,576,漏網,4,0.059252,,atr14=0.933|n_lu_250=0.973|r20=1.000|c_ma120=0.993|vr20=NaN|days_since_lu=0.348|dt_ratio20=NaN|lend_to_v=NaN|rev_yoy=0.921|o_turn=0.322|o_log_mcap=0.055|o_lu_follow=0.991,"官方日成交結構(MI_INDEX/dailyQuotes)=1|發行股數(MI_QFIIS/dailyQuotes)=1|外資持股(MI_QFIIS,僅上市)=1|自營商(T86/上櫃三大法人)=0|當沖(TWTB4U/上櫃intraday)=0|季財報(MOPS t163sb04)=1|月營收(MOPS/openapi)=1|官方產業別(MOPS t05st03)=1|融資券(MI_MARGN)=0|借券(TWT93U)=0|法人(T86)=0",804,inf,250.0,official_prepanel,,,0.0,0.0,0,1,12.431,40.884,23.204,229.0,0,未扣成本·事後欄位以 m_ 標示·非投資建議
SEL,4,2025-11-10,2025-11-11,3057,喬鼎,TWSE,W,,fV300|fV100|fH125|fBP,W_atr14@3,208,575,漏網,339,0.02409,,atr14=0.221|n_lu_250=0.844|r20=0.545|c_ma120=0.834|vr20=0.946|days_since_lu=0.544|dt_ratio20=NaN|lend_to_v=0.014|rev_yoy=0.046|o_turn=0.405|o_log_mcap=0.004|o_lu_follow=0.970,"官方日成交結構(MI_INDEX/dailyQuotes)=1|發行股數(MI_QFIIS/dailyQuotes)=1|外資持股(MI_QFIIS,僅上市)=1|自營商(T86/上櫃三大法人)=1|當沖(TWTB4U/上櫃intraday)=0|季財報(MOPS t163sb04)=1|月營收(MOPS/openapi)=1|官方產業別(MOPS t05st03)=1|融資券(MI_MARGN)=1|借券(TWT93U)=1|法人(T86)=1",806,inf,250.0,official_prepanel,89.5,,0.0,0.0,0,1,7.692,15.385,4.231,352.0,0,未扣成本·事後欄位以 m_ 標示·非投資建議
SEL,4,2025-11-11,2025-11-12,5344,立衛,TPEx,W,,fV300|fV100,W_atr14@3,283,590,漏網,535,0.020408,,atr14=0.139|n_lu_250=0.847|r20=0.502|c_ma120=0.539|vr20=0.388|days_since_lu=0.413|dt_ratio20=NaN|lend_to_v=0.012|rev_yoy=0.465|o_turn=0.001|o_log_mcap=0.007|o_lu_follow=0.904,"官方日成交結構(MI_INDEX/dailyQuotes)=1|發行股數(MI_QFIIS/dailyQuotes)=1|外資持股(MI_QFIIS,僅上市)=0|自營商(T86/上櫃三大法人)=0|當沖(TWTB4U/上櫃intraday)=0|季財報(MOPS t163sb04)=1|月營收(MOPS/openapi)=1|官方產業別(MOPS t05st03)=1|融資券(MI_MARGN)=1|借券(TWT93U)=1|法人(T86)=0",807,inf,250.0,official_prepanel,22.25,,0.0,0.0,0,1,6.944,4.167,1.042,404.0,0,未扣成本·事後欄位以 m_ 標示·非投資建議
SEL,4,2025-11-13,2025-11-14,2434,統懋,TWSE,W,,fV300|fV100,W_atr14@3,387,585,漏網,897,0.01492,,atr14=0.046|n_lu_250=0.175|r20=0.672|c_ma120=0.576|vr20=0.619|days_since_lu=0.802|dt_ratio20=NaN|lend_to_v=0.375|rev_yoy=0.529|o_turn=0.004|o_log_mcap=0.007|o_lu_follow=0.528,"官方日成交結構(MI_INDEX/dailyQuotes)=1|發行股數(MI_QFIIS/dailyQuotes)=1|外資持股(MI_QFIIS,僅上市)=1|自營商(T86/上櫃三大法人)=1|當沖(TWTB4U/上櫃intraday)=0|季財報(MOPS t163sb04)=1|月營收(MOPS/openapi)=1|官方產業別(MOPS t05st03)=1|融資券(MI_MARGN)=1|借券(TWT93U)=1|法人(T86)=1",809,inf,250.0,official_prepanel,11.1,,0.0,0.0,0,1,10.596,5.298,1.987,137.0,0,未扣成本·事後欄位以 m_ 標示·非投資建議
SEL,4,2025-11-14,2025-11-17,3115,富榮綱,TPEx,W,,fV300|fV100,W_atr14@3,112,580,漏網,1093,0.031786,,atr14=0.399|n_lu_250=0.563|r20=NaN|c_ma120=0.026|vr20=0.999|days_since_lu=0.936|dt_ratio20=NaN|lend_to_v=NaN|rev_yoy=0.513|o_turn=0.212|o_log_mcap=0.001|o_lu_follow=0.155,"官方日成交結構(MI_INDEX/dailyQuotes)=1|發行股數(MI_QFIIS/dailyQuotes)=1|外資持股(MI_QFIIS,僅上市)=0|自營商(T86/上櫃三大法人)=1|當沖(TWTB4U/上櫃intraday)=0|季財報(MOPS t163sb04)=1|月營收(MOPS/openapi)=1|官方產業別(MOPS t05st03)=1|融資券(MI_MARGN)=0|借券(TWT93U)=0|法人(T86)=1",810,inf,250.0,official_prepanel,22.25,,0.0,0.0,0,1,7.843,8.824,5.882,140.0,0,未扣成本·事後欄位以 m_ 標示·非投資建議
SEL,4,2025-11-21,2025-11-24,3135,凌航,TWSE,W,,fH125|fBP,W_atr14@3,4,576,漏網,1862,0.082607,,atr14=0.980|n_lu_250=0.661|r20=0.862|c_ma120=NaN|vr20=0.111|days_since_lu=0.172|dt_ratio20=NaN|lend_to_v=NaN|rev_yoy=0.567|o_turn=0.754|o_log_mcap=0.167|o_lu_follow=0.808,"官方日成交結構(MI_INDEX/dailyQuotes)=1|發行股數(MI_QFIIS/dailyQuotes)=1|外資持股(MI_QFIIS,僅上市)=1|自營商(T86/上櫃三大法人)=1|當沖(TWTB4U/上櫃intraday)=0|季財報(MOPS t163sb04)=1|月營收(MOPS/openapi)=1|官方產業別(MOPS t05st03)=1|融資券(MI_MARGN)=0|借券(TWT93U)=0|法人(T86)=1",74,74.0,74.0,official,2201.45,,0.0,0.0,0,1,6.674,25.942,48.228,1630.0,0,未扣成本·事後欄位以 m_ 標示·非投資建議
SEL,4,2025-11-21,2025-11-24,6919,康霈*,TWSE,W,,fBP,W_atr14@3,17,576,漏網,943,0.064,,atr14=0.903|n_lu_250=0.834|r20=0.033|c_ma120=0.000|vr20=0.925|days_since_lu=0.017|dt_ratio20=0.828|lend_to_v=NaN|rev_yoy=NaN|o_turn=0.707|o_log_mcap=0.931|o_lu_follow=0.886,"官方日成交結構(MI_INDEX/dailyQuotes)=1|發行股數(MI_QFIIS/dailyQuotes)=1|外資持股(MI_QFIIS,僅上市)=1|自營商(T86/上櫃三大法人)=1|當沖(TWTB4U/上櫃intraday)=1|季財報(MOPS t163sb04)=1|月營收(MOPS/openapi)=0|官方產業別(MOPS t05st03)=1|融資券(MI_MARGN)=0|借券(TWT93U)=0|法人(T86)=1",277,277.0,250.0,official,8841.2,,0.0,0.0,0,1,7.843,23.137,31.373,15637.0,0,未扣成本·事後欄位以 m_ 標示·非投資建議
SEL,4,2025-11-21,2025-11-24,7717,萊德光電-KY,TPEx,W,,fV300|fV100|fVnan|fH125|fA60|fN20|fBP,W_atr14@3,559,576,漏網,1847,,,atr14=NaN|n_lu_250=0.030|r20=NaN|c_ma120=NaN|vr20=NaN|days_since_lu=0.979|dt_ratio20=NaN|lend_to_v=NaN|rev_yoy=0.340|o_turn=0.923|o_log_mcap=0.247|o_lu_follow=0.758,"官方日成交結構(MI_INDEX/dailyQuotes)=1|發行股數(MI_QFIIS/dailyQuotes)=1|外資持股(MI_QFIIS,僅上市)=0|自營商(T86/上櫃三大法人)=0|當沖(TWTB4U/上櫃intraday)=0|季財報(MOPS t163sb04)=1|月營收(MOPS/openapi)=1|官方產業別(MOPS t05st03)=1|融資券(MI_MARGN)=0|借券(TWT93U)=0|法人(T86)=0",5,5.0,5.0,official,,,0.0,0.0,0,1,10.336,24.548,11.886,454.0,0,未扣成本·事後欄位以 m_ 標示·非投資建議
SEL,4,2025-11-28,2025-12-01,3321,同泰,TWSE,W,,fBP,W_atr14@3,19,598,漏網,56,0.05698,,atr14=0.898|n_lu_250=0.831|r20=0.872|c_ma120=0.988|vr20=0.059|days_since_lu=0.166|dt_ratio20=NaN|lend_to_v=0.011|rev_yoy=0.772|o_turn=0.316|o_log_mcap=0.002|o_lu_follow=0.892,"官方日成交結構(MI_INDEX/dailyQuotes)=1|發行股數(MI_QFIIS/dailyQuotes)=1|外資持股(MI_QFIIS,僅上市)=1|自營商(T86/上櫃三大法人)=1|當沖(TWTB4U/上櫃intraday)=0|季財報(MOPS t163sb04)=1|月營收(MOPS/openapi)=1|官方產業別(MOPS t05st03)=1|融資券(MI_MARGN)=1|借券(TWT93U)=1|法人(T86)=1",820,inf,250.0,official_prepanel,529.45,,0.0,0.0,0,1,8.123,40.263,30.753,373.0,0,未扣成本·事後欄位以 m_ 標示·非投資建議
SEL,4,2025-11-28,2025-12-01,6588,東典光電,TPEx,W,,fV300|fV100,W_atr14@3,126,598,漏網,183,0.0304,,atr14=0.382|n_lu_250=0.726|r20=0.896|c_ma120=0.696|vr20=1.000|days_since_lu=0.579|dt_ratio20=NaN|lend_to_v=0.011|rev_yoy=0.558|o_turn=0.869|o_log_mcap=0.005|o_lu_follow=0.940,"官方日成交結構(MI_INDEX/dailyQuotes)=1|發行股數(MI_QFIIS/dailyQuotes)=1|外資持股(MI_QFIIS,僅上市)=0|自營商(T86/上櫃三大法人)=1|當沖(TWTB4U/上櫃intraday)=1|季財報(MOPS t163sb04)=1|月營收(MOPS/openapi)=1|官方產業別(MOPS t05st03)=1|融資券(MI_MARGN)=1|借券(TWT93U)=1|法人(T86)=1",820,inf,250.0,official_prepanel,64.75,,0.0,0.0,0,1,9.92,21.12,49.6,680.0,0,未扣成本·事後欄位以 m_ 標示·非投資建議
SEL,4,2025-11-28,2025-12-01,7728,光焱科技,TPEx,W,,fV300|fV100,W_atr14@3,30,598,漏網,99,0.049861,,atr14=0.827|n_lu_250=0.783|r20=0.819|c_ma120=0.778|vr20=0.977|days_since_lu=0.202|dt_ratio20=NaN|lend_to_v=0.266|rev_yoy=0.670|o_turn=0.867|o_log_mcap=0.216|o_lu_follow=0.036,"官方日成交結構(MI_INDEX/dailyQuotes)=1|發行股數(MI_QFIIS/dailyQuotes)=1|外資持股(MI_QFIIS,僅上市)=0|自營商(T86/上櫃三大法人)=1|當沖(TWTB4U/上櫃intraday)=1|季財報(MOPS t163sb04)=1|月營收(MOPS/openapi)=1|官方產業別(MOPS t05st03)=1|融資券(MI_MARGN)=1|借券(TWT93U)=1|法人(T86)=1",184,184.0,184.0,official,80.75,,0.0,0.0,0,1,9.05,34.57,41.988,534.0,0,未扣成本·事後欄位以 m_ 標示·非投資建議
SEL,4,2025-12-01,2025-12-02,3229,晟鈦,TWSE,W,,fV300|fV100,W_atr14@3,49,596,漏網,165,0.042619,,atr14=0.725|n_lu_250=0.870|r20=0.729|c_ma120=0.513|vr20=0.339|days_since_lu=0.335|dt_ratio20=NaN|lend_to_v=0.010|rev_yoy=0.548|o_turn=0.018|o_log_mcap=0.002|o_lu_follow=0.838,"官方日成交結構(MI_INDEX/dailyQuotes)=1|發行股數(MI_QFIIS/dailyQuotes)=1|外資持股(MI_QFIIS,僅上市)=1|自營商(T86/上櫃三大法人)=1|當沖(TWTB4U/上櫃intraday)=0|季財報(MOPS t163sb04)=1|月營收(MOPS/openapi)=1|官方產業別(MOPS t05st03)=1|融資券(MI_MARGN)=1|借券(TWT93U)=1|法人(T86)=1",821,inf,250.0,official_prepanel,62.05,,0.0,0.0,0,1,8.553,34.539,73.684,237.0,0,未扣成本·事後欄位以 m_ 標示·非投資建議
SEL,4,2025-12-02,2025-12-03,3530,晶相光,TWSE,W,,fV300|fV100,W_atr14@3,125,603,漏網,804,0.029237,,atr14=0.378|n_lu_250=0.032|r20=0.670|c_ma120=0.469|vr20=0.216|days_since_lu=0.936|dt_ratio20=0.223|lend_to_v=0.912|rev_yoy=0.716|o_turn=0.029|o_log_mcap=0.204|o_lu_follow=0.761,"官方日成交結構(MI_INDEX/dailyQuotes)=1|發行股數(MI_QFIIS/dailyQuotes)=1|外資持股(MI_QFIIS,僅上市)=1|自營商(T86/上櫃三大法人)=1|當沖(TWTB4U/上櫃intraday)=1|季財報(MOPS t163sb04)=1|月營收(MOPS/openapi)=1|官方產業別(MOPS t05st03)=1|融資券(MI_MARGN)=1|借券(TWT93U)=1|法人(T86)=1",822,inf,250.0,official_prepanel,96.4,,0.0,0.0,0,1,4.754,15.214,14.897,4064.0,0,未扣成本·事後欄位以 m_ 標示·非投資建議
SEL,4,2025-12-03,2025-12-04,7788,松川精密,TWSE,W,,fV300|fV100|fH125|fA60,W_atr14@3,72,601,漏網,1854,0.034704,,atr14=0.569|n_lu_250=0.032|r20=0.190|c_ma120=NaN|vr20=0.288|days_since_lu=0.977|dt_ratio20=NaN|lend_to_v=NaN|rev_yoy=0.542|o_turn=0.040|o_log_mcap=0.354|o_lu_follow=0.763,"官方日成交結構(MI_INDEX/dailyQuotes)=1|發行股數(MI_QFIIS/dailyQuotes)=1|外資持股(MI_QFIIS,僅上市)=1|自營商(T86/上櫃三大法人)=1|當沖(TWTB4U/上櫃intraday)=0|季財報(MOPS t163sb04)=1|月營收(MOPS/openapi)=1|官方產業別(MOPS t05st03)=1|融資券(MI_MARGN)=0|借券(TWT93U)=0|法人(T86)=1",34,34.0,34.0,official,93.9,,0.0,0.0,0,1,4.955,18.468,18.919,252.0,0,未扣成本·事後欄位以 m_ 標示·非投資建議
SEL,4,2025-12-04,2025-12-05,3067,全域,TPEx,W,,fV300|fV100|fVnan|fH125|fN20,W_atr14@3,560,601,漏網,1808,,,atr14=NaN|n_lu_250=0.665|r20=0.253|c_ma120=NaN|vr20=NaN|days_since_lu=0.592|dt_ratio20=NaN|lend_to_v=NaN|rev_yoy=0.990|o_turn=0.597|o_log_mcap=0.000|o_lu_follow=0.809,"官方日成交結構(MI_INDEX/dailyQuotes)=1|發行股數(MI_QFIIS/dailyQuotes)=1|外資持股(MI_QFIIS,僅上市)=0|自營商(T86/上櫃三大法人)=0|當沖(TWTB4U/上櫃intraday)=0|季財報(MOPS t163sb04)=1|月營收(MOPS/openapi)=1|官方產業別(MOPS t05st03)=1|融資券(MI_MARGN)=0|借券(TWT93U)=0|法人(T86)=0",824,inf,250.0,official_prepanel,,,0.0,0.0,0,1,8.38,4.469,11.173,28.0,0,未扣成本·事後欄位以 m_ 標示·非投資建議
SEL,4,2025-12-04,2025-12-05,6967,汎瑋材料,TPEx,W,,fV300|fV100|fN20,W_atr14@3,111,601,漏網,225,0.029162,,atr14=0.422|n_lu_250=0.725|r20=0.756|c_ma120=0.670|vr20=0.848|days_since_lu=0.398|dt_ratio20=NaN|lend_to_v=0.022|rev_yoy=0.860|o_turn=0.330|o_log_mcap=0.016|o_lu_follow=0.715,"官方日成交結構(MI_INDEX/dailyQuotes)=1|發行股數(MI_QFIIS/dailyQuotes)=1|外資持股(MI_QFIIS,僅上市)=0|自營商(T86/上櫃三大法人)=1|當沖(TWTB4U/上櫃intraday)=1|季財報(MOPS t163sb04)=1|月營收(MOPS/openapi)=1|官方產業別(MOPS t05st03)=1|融資券(MI_MARGN)=1|借券(TWT93U)=1|法人(T86)=1",291,291.0,250.0,official,42.26,,0.0,0.0,0,1,9.555,17.957,28.995,622.0,0,未扣成本·事後欄位以 m_ 標示·非投資建議
SEL,4,2025-12-08,2025-12-09,2424,隴華,TWSE,W,,fV300|fV100,W_atr14@3,13,617,漏網,876,0.052737,,atr14=0.902|n_lu_250=0.959|r20=0.003|c_ma120=0.000|vr20=0.003|days_since_lu=0.529|dt_ratio20=NaN|lend_to_v=0.011|rev_yoy=0.958|o_turn=0.000|o_log_mcap=0.040|o_lu_follow=0.834,"官方日成交結構(MI_INDEX/dailyQuotes)=1|發行股數(MI_QFIIS/dailyQuotes)=1|外資持股(MI_QFIIS,僅上市)=1|自營商(T86/上櫃三大法人)=0|當沖(TWTB4U/上櫃intraday)=0|季財報(MOPS t163sb04)=1|月營收(MOPS/openapi)=1|官方產業別(MOPS t05st03)=1|融資券(MI_MARGN)=1|借券(TWT93U)=1|法人(T86)=0",826,inf,250.0,official_prepanel,30.45,,0.0,0.0,0,1,1.437,17.241,9.483,34.0,0,未扣成本·事後欄位以 m_ 標示·非投資建議
SEL,4,2025-12-08,2025-12-09,4542,科嶠,TPEx,W,,fV300|fV100,W_atr14@3,42,617,漏網,914,0.038508,,atr14=0.709|n_lu_250=0.731|r20=0.134|c_ma120=0.132|vr20=0.104|days_since_lu=0.457|dt_ratio20=NaN|lend_to_v=0.412|rev_yoy=0.970|o_turn=0.079|o_log_mcap=0.031|o_lu_follow=0.719,"官方日成交結構(MI_INDEX/dailyQuotes)=1|發行股數(MI_QFIIS/dailyQuotes)=1|外資持股(MI_QFIIS,僅上市)=0|自營商(T86/上櫃三大法人)=1|當沖(TWTB4U/上櫃intraday)=1|季財報(MOPS t163sb04)=1|月營收(MOPS/openapi)=1|官方產業別(MOPS t05st03)=1|融資券(MI_MARGN)=1|借券(TWT93U)=1|法人(T86)=1",826,inf,250.0,official_prepanel,86.0,,0.0,0.0,0,1,9.259,46.111,52.778,376.0,0,未扣成本·事後欄位以 m_ 標示·非投資建議
SEL,4,2025-12-09,2025-12-10,6465,威潤,TPEx,W,,fV300|fV100|fVnan|fH125|fN20|fBP|fCD,W_atr14@3,5,623,漏網,21,0.060885,,atr14=0.958|n_lu_250=0.867|r20=1.000|c_ma120=0.987|vr20=NaN|days_since_lu=0.064|dt_ratio20=NaN|lend_to_v=NaN|rev_yoy=0.939|o_turn=0.311|o_log_mcap=0.005|o_lu_follow=0.945,"官方日成交結構(MI_INDEX/dailyQuotes)=1|發行股數(MI_QFIIS/dailyQuotes)=1|外資持股(MI_QFIIS,僅上市)=0|自營商(T86/上櫃三大法人)=0|當沖(TWTB4U/上櫃intraday)=0|季財報(MOPS t163sb04)=1|月營收(MOPS/openapi)=1|官方產業別(MOPS t05st03)=1|融資券(MI_MARGN)=0|借券(TWT93U)=0|法人(T86)=0",827,inf,250.0,official_prepanel,,,1.0,0.0,1,0,0.0,44.974,39.153,389.0,1,未扣成本·事後欄位以 m_ 標示·非投資建議
SEL,4,2025-12-10,2025-12-11,3229,晟鈦,TWSE,W,,fV300|fCD,W_atr14@3,18,634,漏網,32,0.051508,,atr14=0.884|n_lu_250=0.923|r20=0.972|c_ma120=0.917|vr20=0.880|days_since_lu=0.047|dt_ratio20=NaN|lend_to_v=0.010|rev_yoy=0.541|o_turn=0.607|o_log_mcap=0.010|o_lu_follow=0.946,"官方日成交結構(MI_INDEX/dailyQuotes)=1|發行股數(MI_QFIIS/dailyQuotes)=1|外資持股(MI_QFIIS,僅上市)=1|自營商(T86/上櫃三大法人)=1|當沖(TWTB4U/上櫃intraday)=0|季財報(MOPS t163sb04)=1|月營收(MOPS/openapi)=1|官方產業別(MOPS t05st03)=1|融資券(MI_MARGN)=1|借券(TWT93U)=1|法人(T86)=1",828,inf,250.0,official_prepanel,271.65,,0.0,3.0,0,1,1.628,25.349,26.512,757.0,0,未扣成本·事後欄位以 m_ 標示·非投資建議
SEL,4,2025-12-10,2025-12-11,6419,京晨科,TPEx,W,,fV300|fV100,W_atr14@3,28,634,漏網,125,0.042602,,atr14=0.771|n_lu_250=0.863|r20=0.899|c_ma120=0.565|vr20=0.572|days_since_lu=0.190|dt_ratio20=NaN|lend_to_v=0.041|rev_yoy=0.052|o_turn=0.531|o_log_mcap=0.000|o_lu_follow=0.945,"官方日成交結構(MI_INDEX/dailyQuotes)=1|發行股數(MI_QFIIS/dailyQuotes)=1|外資持股(MI_QFIIS,僅上市)=0|自營商(T86/上櫃三大法人)=1|當沖(TWTB4U/上櫃intraday)=1|季財報(MOPS t163sb04)=1|月營收(MOPS/openapi)=1|官方產業別(MOPS t05st03)=1|融資券(MI_MARGN)=1|借券(TWT93U)=1|法人(T86)=1",828,inf,250.0,official_prepanel,83.0,,0.0,0.0,0,1,7.504,24.607,51.832,245.0,0,未扣成本·事後欄位以 m_ 標示·非投資建議
SEL,4,2025-12-12,2025-12-15,3073,天方能源,TPEx,W,,fV300|fV100,W_atr14@3,37,640,漏網,486,0.039099,,atr14=0.716|n_lu_250=0.904|r20=0.575|c_ma120=0.024|vr20=0.142|days_since_lu=0.429|dt_ratio20=NaN|lend_to_v=0.602|rev_yoy=0.021|o_turn=0.044|o_log_mcap=0.008|o_lu_follow=0.950,"官方日成交結構(MI_INDEX/dailyQuotes)=1|發行股數(MI_QFIIS/dailyQuotes)=1|外資持股(MI_QFIIS,僅上市)=0|自營商(T86/上櫃三大法人)=1|當沖(TWTB4U/上櫃intraday)=1|季財報(MOPS t163sb04)=1|月營收(MOPS/openapi)=1|官方產業別(MOPS t05st03)=1|融資券(MI_MARGN)=1|借券(TWT93U)=1|法人(T86)=1",830,inf,250.0,official_prepanel,61.1,,0.0,0.0,0,1,2.124,-5.311,-5.615,214.0,0,未扣成本·事後欄位以 m_ 標示·非投資建議
SEL,4,2025-12-12,2025-12-15,3467,台灣精材,TPEx,W,,fV300|fV100,W_atr14@3,396,640,漏網,1809,0.013868,,atr14=0.055|n_lu_250=0.654|r20=0.105|c_ma120=0.021|vr20=0.766|days_since_lu=0.619|dt_ratio20=NaN|lend_to_v=0.281|rev_yoy=0.375|o_turn=0.059|o_log_mcap=0.006|o_lu_follow=0.808,"官方日成交結構(MI_INDEX/dailyQuotes)=1|發行股數(MI_QFIIS/dailyQuotes)=1|外資持股(MI_QFIIS,僅上市)=0|自營商(T86/上櫃三大法人)=1|當沖(TWTB4U/上櫃intraday)=1|季財報(MOPS t163sb04)=1|月營收(MOPS/openapi)=1|官方產業別(MOPS t05st03)=1|融資券(MI_MARGN)=1|借券(TWT93U)=1|法人(T86)=1",181,181.0,181.0,official,21.05,,0.0,0.0,0,1,6.848,27.132,27.39,87.0,0,未扣成本·事後欄位以 m_ 標示·非投資建議
SEL,4,2025-12-12,2025-12-15,6465,威潤,TPEx,W,,fH125|fN20|fBP|fCD,W_atr14@3,7,640,漏網,18,0.057353,,atr14=0.941|n_lu_250=0.904|r20=NaN|c_ma120=0.997|vr20=NaN|days_since_lu=0.009|dt_ratio20=NaN|lend_to_v=NaN|rev_yoy=0.995|o_turn=0.890|o_log_mcap=0.021|o_lu_follow=0.950,"官方日成交結構(MI_INDEX/dailyQuotes)=1|發行股數(MI_QFIIS/dailyQuotes)=1|外資持股(MI_QFIIS,僅上市)=0|自營商(T86/上櫃三大法人)=0|當沖(TWTB4U/上櫃intraday)=0|季財報(MOPS t163sb04)=1|月營收(MOPS/openapi)=1|官方產業別(MOPS t05st03)=1|融資券(MI_MARGN)=0|借券(TWT93U)=0|法人(T86)=0",830,inf,250.0,official_prepanel,396.4,,1.0,0.0,0,1,7.163,10.315,13.037,1598.0,0,未扣成本·事後欄位以 m_ 標示·非投資建議
SEL,4,2025-12-15,2025-12-16,3178,公準,TPEx,W,,fV300|fV100,W_atr14@3,218,648,漏網,1194,0.021869,,atr14=0.253|n_lu_250=0.779|r20=0.168|c_ma120=0.117|vr20=0.710|days_since_lu=0.494|dt_ratio20=NaN|lend_to_v=0.873|rev_yoy=0.201|o_turn=0.042|o_log_mcap=0.058|o_lu_follow=0.906,"官方日成交結構(MI_INDEX/dailyQuotes)=1|發行股數(MI_QFIIS/dailyQuotes)=1|外資持股(MI_QFIIS,僅上市)=0|自營商(T86/上櫃三大法人)=1|當沖(TWTB4U/上櫃intraday)=1|季財報(MOPS t163sb04)=1|月營收(MOPS/openapi)=1|官方產業別(MOPS t05st03)=1|融資券(MI_MARGN)=1|借券(TWT93U)=1|法人(T86)=1",831,inf,250.0,official_prepanel,28.7,,0.0,0.0,0,1,8.342,20.494,29.763,133.0,0,未扣成本·事後欄位以 m_ 標示·非投資建議
SEL,4,2025-12-15,2025-12-16,3684,榮昌,TPEx,W,,fV300|fV100,W_atr14@3,377,648,漏網,1136,0.015158,,atr14=0.071|n_lu_250=0.462|r20=0.201|c_ma120=0.485|vr20=0.310|days_since_lu=0.272|dt_ratio20=NaN|lend_to_v=0.139|rev_yoy=0.271|o_turn=0.058|o_log_mcap=0.018|o_lu_follow=0.918,"官方日成交結構(MI_INDEX/dailyQuotes)=1|發行股數(MI_QFIIS/dailyQuotes)=1|外資持股(MI_QFIIS,僅上市)=0|自營商(T86/上櫃三大法人)=0|當沖(TWTB4U/上櫃intraday)=1|季財報(MOPS t163sb04)=1|月營收(MOPS/openapi)=1|官方產業別(MOPS t05st03)=1|融資券(MI_MARGN)=1|借券(TWT93U)=1|法人(T86)=0",831,inf,250.0,official_prepanel,32.5,,0.0,0.0,0,1,8.367,17.959,34.082,148.0,0,未扣成本·事後欄位以 m_ 標示·非投資建議
SEL,4,2025-12-15,2025-12-16,6916,華凌,TWSE,W,,fV300|fV100,W_atr14@3,283,648,漏網,663,0.019021,,atr14=0.171|n_lu_250=0.888|r20=0.582|c_ma120=0.235|vr20=0.710|days_since_lu=0.637|dt_ratio20=0.199|lend_to_v=0.631|rev_yoy=0.388|o_turn=0.001|o_log_mcap=0.008|o_lu_follow=0.997,"官方日成交結構(MI_INDEX/dailyQuotes)=1|發行股數(MI_QFIIS/dailyQuotes)=1|外資持股(MI_QFIIS,僅上市)=1|自營商(T86/上櫃三大法人)=1|當沖(TWTB4U/上櫃intraday)=1|季財報(MOPS t163sb04)=1|月營收(MOPS/openapi)=1|官方產業別(MOPS t05st03)=1|融資券(MI_MARGN)=1|借券(TWT93U)=1|法人(T86)=1",493,493.0,250.0,official,17.2,,0.0,0.0,0,1,6.887,3.857,0.551,639.0,0,未扣成本·事後欄位以 m_ 標示·非投資建議
SEL,4,2025-12-17,2025-12-18,3057,喬鼎,TWSE,W,,fV300|fH125|fBP,W_atr14@3,21,657,漏網,65,0.048373,,atr14=0.848|n_lu_250=0.920|r20=0.749|c_ma120=0.936|vr20=0.177|days_since_lu=0.162|dt_ratio20=NaN|lend_to_v=0.012|rev_yoy=0.864|o_turn=0.152|o_log_mcap=0.001|o_lu_follow=0.981,"官方日成交結構(MI_INDEX/dailyQuotes)=1|發行股數(MI_QFIIS/dailyQuotes)=1|外資持股(MI_QFIIS,僅上市)=1|自營商(T86/上櫃三大法人)=1|當沖(TWTB4U/上櫃intraday)=0|季財報(MOPS t163sb04)=1|月營收(MOPS/openapi)=1|官方產業別(MOPS t05st03)=1|融資券(MI_MARGN)=1|借券(TWT93U)=1|法人(T86)=1",833,inf,250.0,official_prepanel,244.6,,0.0,0.0,0,1,11.218,41.026,34.936,1345.0,0,未扣成本·事後欄位以 m_ 標示·非投資建議
SEL,4,2025-12-18,2025-12-19,1735,日勝化,TWSE,W,,fV300|fV100,W_atr14@3,404,666,漏網,1243,0.014432,,atr14=0.052|n_lu_250=0.346|r20=0.441|c_ma120=0.355|vr20=0.614|days_since_lu=0.659|dt_ratio20=NaN|lend_to_v=0.828|rev_yoy=0.117|o_turn=0.000|o_log_mcap=0.019|o_lu_follow=0.335,"官方日成交結構(MI_INDEX/dailyQuotes)=1|發行股數(MI_QFIIS/dailyQuotes)=1|外資持股(MI_QFIIS,僅上市)=1|自營商(T86/上櫃三大法人)=1|當沖(TWTB4U/上櫃intraday)=0|季財報(MOPS t163sb04)=1|月營收(MOPS/openapi)=1|官方產業別(MOPS t05st03)=1|融資券(MI_MARGN)=1|借券(TWT93U)=1|法人(T86)=1",834,inf,250.0,official_prepanel,16.3,,0.0,0.0,0,1,8.081,29.293,23.906,347.0,0,未扣成本·事後欄位以 m_ 標示·非投資建議
SEL,4,2025-12-18,2025-12-19,6228,全譜,TPEx,W,,fV300|fV100,W_atr14@3,159,666,漏網,1154,0.025,,atr14=0.323|n_lu_250=0.992|r20=0.099|c_ma120=0.017|vr20=0.131|days_since_lu=0.314|dt_ratio20=NaN|lend_to_v=0.211|rev_yoy=0.951|o_turn=0.000|o_log_mcap=0.000|o_lu_follow=0.999,"官方日成交結構(MI_INDEX/dailyQuotes)=1|發行股數(MI_QFIIS/dailyQuotes)=1|外資持股(MI_QFIIS,僅上市)=0|自營商(T86/上櫃三大法人)=0|當沖(TWTB4U/上櫃intraday)=0|季財報(MOPS t163sb04)=1|月營收(MOPS/openapi)=1|官方產業別(MOPS t05st03)=1|融資券(MI_MARGN)=1|借券(TWT93U)=1|法人(T86)=0",834,inf,250.0,official_prepanel,15.05,,0.0,0.0,0,1,6.796,7.379,5.243,97.0,0,未扣成本·事後欄位以 m_ 標示·非投資建議
SEL,4,2025-12-18,2025-12-19,6419,京晨科,TPEx,W,,fV300|fCD,W_atr14@3,20,666,漏網,52,0.047374,,atr14=0.830|n_lu_250=0.901|r20=0.954|c_ma120=0.897|vr20=0.781|days_since_lu=0.048|dt_ratio20=NaN|lend_to_v=0.056|rev_yoy=0.091|o_turn=0.832|o_log_mcap=0.000|o_lu_follow=0.949,"官方日成交結構(MI_INDEX/dailyQuotes)=1|發行股數(MI_QFIIS/dailyQuotes)=1|外資持股(MI_QFIIS,僅上市)=0|自營商(T86/上櫃三大法人)=1|當沖(TWTB4U/上櫃intraday)=1|季財報(MOPS t163sb04)=1|月營收(MOPS/openapi)=1|官方產業別(MOPS t05st03)=1|融資券(MI_MARGN)=1|借券(TWT93U)=1|法人(T86)=1",834,inf,250.0,official_prepanel,196.4,,0.0,3.0,0,1,3.172,28.966,10.207,503.0,0,未扣成本·事後欄位以 m_ 標示·非投資建議
SEL,4,2025-12-23,2025-12-24,3135,凌航,TWSE,W,,fH125|fBP,W_atr14@3,12,679,漏網,1873,0.05793,,atr14=0.959|n_lu_250=0.849|r20=0.901|c_ma120=NaN|vr20=0.065|days_since_lu=0.170|dt_ratio20=NaN|lend_to_v=0.038|rev_yoy=0.789|o_turn=0.694|o_log_mcap=0.219|o_lu_follow=0.826,"官方日成交結構(MI_INDEX/dailyQuotes)=1|發行股數(MI_QFIIS/dailyQuotes)=1|外資持股(MI_QFIIS,僅上市)=1|自營商(T86/上櫃三大法人)=1|當沖(TWTB4U/上櫃intraday)=1|季財報(MOPS t163sb04)=1|月營收(MOPS/openapi)=1|官方產業別(MOPS t05st03)=1|融資券(MI_MARGN)=0|借券(TWT93U)=1|法人(T86)=1",96,96.0,96.0,official,2216.05,,0.0,0.0,0,1,9.576,39.874,45.369,5222.0,0,未扣成本·事後欄位以 m_ 標示·非投資建議
SEL,4,2025-12-24,2025-12-26,4304,勝昱,TPEx,W,,fV300|fV100|fH125,W_atr14@3,461,678,漏網,875,0.012476,,atr14=0.038|n_lu_250=0.947|r20=0.288|c_ma120=NaN|vr20=0.034|days_since_lu=0.289|dt_ratio20=NaN|lend_to_v=0.014|rev_yoy=0.082|o_turn=0.005|o_log_mcap=0.001|o_lu_follow=1.000,"官方日成交結構(MI_INDEX/dailyQuotes)=1|發行股數(MI_QFIIS/dailyQuotes)=1|外資持股(MI_QFIIS,僅上市)=0|自營商(T86/上櫃三大法人)=0|當沖(TWTB4U/上櫃intraday)=0|季財報(MOPS t163sb04)=1|月營收(MOPS/openapi)=1|官方產業別(MOPS t05st03)=1|融資券(MI_MARGN)=1|借券(TWT93U)=1|法人(T86)=0",838,inf,250.0,official_prepanel,27.6,,0.0,0.0,0,1,7.0,5.833,8.333,345.0,0,未扣成本·事後欄位以 m_ 標示·非投資建議
SEL,4,2025-12-26,2025-12-29,8438,昶昕,TWSE,W,,fV300|fV100,W_atr14@3,333,674,漏網,501,0.016667,,atr14=0.095|n_lu_250=0.561|r20=0.792|c_ma120=0.551|vr20=0.999|days_since_lu=0.668|dt_ratio20=0.109|lend_to_v=0.421|rev_yoy=0.701|o_turn=0.630|o_log_mcap=0.060|o_lu_follow=0.850,"官方日成交結構(MI_INDEX/dailyQuotes)=1|發行股數(MI_QFIIS/dailyQuotes)=1|外資持股(MI_QFIIS,僅上市)=1|自營商(T86/上櫃三大法人)=1|當沖(TWTB4U/上櫃intraday)=1|季財報(MOPS t163sb04)=1|月營收(MOPS/openapi)=1|官方產業別(MOPS t05st03)=1|融資券(MI_MARGN)=1|借券(TWT93U)=1|法人(T86)=1",839,inf,250.0,official_prepanel,70.1,,0.0,0.0,0,1,5.319,50.152,57.751,2112.0,0,未扣成本·事後欄位以 m_ 標示·非投資建議
SEL,4,2025-12-29,2025-12-30,3308,聯德,TWSE,W,,fV300|fV100,W_atr14@3,138,674,漏網,565,0.02574,,atr14=0.345|n_lu_250=0.170|r20=0.854|c_ma120=0.517|vr20=0.962|days_since_lu=0.697|dt_ratio20=0.454|lend_to_v=0.589|rev_yoy=0.450|o_turn=0.328|o_log_mcap=0.001|o_lu_follow=0.522,"官方日成交結構(MI_INDEX/dailyQuotes)=1|發行股數(MI_QFIIS/dailyQuotes)=1|外資持股(MI_QFIIS,僅上市)=1|自營商(T86/上櫃三大法人)=1|當沖(TWTB4U/上櫃intraday)=1|季財報(MOPS t163sb04)=1|月營收(MOPS/openapi)=1|官方產業別(MOPS t05st03)=1|融資券(MI_MARGN)=1|借券(TWT93U)=1|法人(T86)=1",840,inf,250.0,official_prepanel,52.95,,0.0,0.0,0,1,7.647,27.059,34.118,965.0,0,未扣成本·事後欄位以 m_ 標示·非投資建議
SEL,4,2025-12-29,2025-12-30,8102,傑霖科技,TPEx,W,,fV300|fV100|fVnan|fH125|fA60|fN20,W_atr14@3,636,674,漏網,1816,,,atr14=NaN|n_lu_250=0.032|r20=NaN|c_ma120=NaN|vr20=NaN|days_since_lu=0.978|dt_ratio20=NaN|lend_to_v=NaN|rev_yoy=0.201|o_turn=0.453|o_log_mcap=0.009|o_lu_follow=0.756,"官方日成交結構(MI_INDEX/dailyQuotes)=1|發行股數(MI_QFIIS/dailyQuotes)=1|外資持股(MI_QFIIS,僅上市)=0|自營商(T86/上櫃三大法人)=0|當沖(TWTB4U/上櫃intraday)=0|季財報(MOPS t163sb04)=1|月營收(MOPS/openapi)=1|官方產業別(MOPS t05st03)=1|融資券(MI_MARGN)=0|借券(TWT93U)=0|法人(T86)=0",5,5.0,5.0,official,,,0.0,0.0,0,1,9.636,11.455,11.091,124.0,0,未扣成本·事後欄位以 m_ 標示·非投資建議
SEL,4,2025-12-30,2025-12-31,3623,富晶通,TPEx,W,,fV300|fV100,W_atr14@3,113,671,漏網,351,0.028904,,atr14=0.450|n_lu_250=0.813|r20=0.674|c_ma120=0.434|vr20=0.243|days_since_lu=0.410|dt_ratio20=NaN|lend_to_v=0.794|rev_yoy=0.583|o_turn=0.021|o_log_mcap=0.000|o_lu_follow=0.882,"官方日成交結構(MI_INDEX/dailyQuotes)=1|發行股數(MI_QFIIS/dailyQuotes)=1|外資持股(MI_QFIIS,僅上市)=0|自營商(T86/上櫃三大法人)=1|當沖(TWTB4U/上櫃intraday)=1|季財報(MOPS t163sb04)=1|月營收(MOPS/openapi)=1|官方產業別(MOPS t05st03)=1|融資券(MI_MARGN)=1|借券(TWT93U)=1|法人(T86)=1",841,inf,250.0,official_prepanel,29.75,,0.0,0.0,0,1,6.532,29.505,38.514,894.0,0,未扣成本·事後欄位以 m_ 標示·非投資建議
SEL,4,2025-12-30,2025-12-31,7770,君曜,TPEx,W,,fV300|fV100|fVnan|fH125|fA60|fN20,W_atr14@3,632,671,漏網,1808,,,atr14=0.102|n_lu_250=0.032|r20=NaN|c_ma120=NaN|vr20=NaN|days_since_lu=0.978|dt_ratio20=NaN|lend_to_v=NaN|rev_yoy=0.448|o_turn=0.062|o_log_mcap=0.028|o_lu_follow=0.750,"官方日成交結構(MI_INDEX/dailyQuotes)=1|發行股數(MI_QFIIS/dailyQuotes)=1|外資持股(MI_QFIIS,僅上市)=0|自營商(T86/上櫃三大法人)=0|當沖(TWTB4U/上櫃intraday)=0|季財報(MOPS t163sb04)=1|月營收(MOPS/openapi)=1|官方產業別(MOPS t05st03)=1|融資券(MI_MARGN)=0|借券(TWT93U)=0|法人(T86)=0",14,14.0,14.0,official,,,0.0,0.0,0,1,10.087,3.304,0.87,282.0,0,未扣成本·事後欄位以 m_ 標示·非投資建議
SEL,4,2025-12-31,2026-01-02,1742,台蠟,TPEx,W,,fV300|fV100,W_atr14@3,252,681,漏網,1267,0.019958,,atr14=0.168|n_lu_250=0.031|r20=0.585|c_ma120=0.242|vr20=0.828|days_since_lu=0.942|dt_ratio20=NaN|lend_to_v=0.426|rev_yoy=0.029|o_turn=0.009|o_log_mcap=0.009|o_lu_follow=0.747,"官方日成交結構(MI_INDEX/dailyQuotes)=1|發行股數(MI_QFIIS/dailyQuotes)=1|外資持股(MI_QFIIS,僅上市)=0|自營商(T86/上櫃三大法人)=0|當沖(TWTB4U/上櫃intraday)=1|季財報(MOPS t163sb04)=1|月營收(MOPS/openapi)=1|官方產業別(MOPS t05st03)=1|融資券(MI_MARGN)=1|借券(TWT93U)=1|法人(T86)=0",842,inf,250.0,official_prepanel,16.5,,0.0,0.0,0,1,8.727,20.0,13.455,248.0,0,未扣成本·事後欄位以 m_ 標示·非投資建議
SEL,4,2025-12-31,2026-01-02,3321,同泰,TWSE,W,,fBP,W_atr14@3,5,681,漏網,258,0.062368,,atr14=0.970|n_lu_250=0.875|r20=0.253|c_ma120=0.959|vr20=0.984|days_since_lu=0.203|dt_ratio20=NaN|lend_to_v=0.012|rev_yoy=0.539|o_turn=0.875|o_log_mcap=0.016|o_lu_follow=0.927,"官方日成交結構(MI_INDEX/dailyQuotes)=1|發行股數(MI_QFIIS/dailyQuotes)=1|外資持股(MI_QFIIS,僅上市)=1|自營商(T86/上櫃三大法人)=1|當沖(TWTB4U/上櫃intraday)=0|季財報(MOPS t163sb04)=1|月營收(MOPS/openapi)=1|官方產業別(MOPS t05st03)=1|融資券(MI_MARGN)=1|借券(TWT93U)=1|法人(T86)=1",842,inf,250.0,official_prepanel,642.0,,0.0,0.0,0,1,7.514,11.85,22.254,1588.0,0,未扣成本·事後欄位以 m_ 標示·非投資建議
SEL,4,2025-12-31,2026-01-02,5228,鈺鎧,TPEx,W,,fV300|fV100|fH125,W_atr14@3,69,681,漏網,376,0.0341,,atr14=0.587|n_lu_250=0.761|r20=0.555|c_ma120=0.419|vr20=0.684|days_since_lu=0.163|dt_ratio20=NaN|lend_to_v=0.141|rev_yoy=0.827|o_turn=0.240|o_log_mcap=0.000|o_lu_follow=0.903,"官方日成交結構(MI_INDEX/dailyQuotes)=1|發行股數(MI_QFIIS/dailyQuotes)=1|外資持股(MI_QFIIS,僅上市)=0|自營商(T86/上櫃三大法人)=1|當沖(TWTB4U/上櫃intraday)=1|季財報(MOPS t163sb04)=1|月營收(MOPS/openapi)=1|官方產業別(MOPS t05st03)=1|融資券(MI_MARGN)=1|借券(TWT93U)=1|法人(T86)=1",842,inf,250.0,official_prepanel,86.65,,0.0,0.0,0,1,6.868,11.264,59.341,240.0,0,未扣成本·事後欄位以 m_ 標示·非投資建議
SEL,4,2025-12-31,2026-01-02,5245,智晶,TPEx,W,,fV300|fV100,W_atr14@3,134,681,漏網,872,0.026325,,atr14=0.376|n_lu_250=0.815|r20=0.368|c_ma120=0.033|vr20=0.787|days_since_lu=0.573|dt_ratio20=NaN|lend_to_v=0.952|rev_yoy=0.180|o_turn=0.073|o_log_mcap=0.001|o_lu_follow=0.638,"官方日成交結構(MI_INDEX/dailyQuotes)=1|發行股數(MI_QFIIS/dailyQuotes)=1|外資持股(MI_QFIIS,僅上市)=0|自營商(T86/上櫃三大法人)=1|當沖(TWTB4U/上櫃intraday)=1|季財報(MOPS t163sb04)=1|月營收(MOPS/openapi)=1|官方產業別(MOPS t05st03)=1|融資券(MI_MARGN)=1|借券(TWT93U)=1|法人(T86)=1",842,inf,250.0,official_prepanel,31.6,,0.0,0.0,0,1,6.364,26.364,20.909,226.0,0,未扣成本·事後欄位以 m_ 標示·非投資建議
HC,1,2026-01-02,2026-01-05,5291,邑昇,TPEx,W,,fV300|fV100,W_atr14@3,187,674,漏網,940,0.022163,,atr14=0.250|n_lu_250=0.031|r20=0.377|c_ma120=0.703|vr20=0.885|days_since_lu=0.978|dt_ratio20=NaN|lend_to_v=0.274|rev_yoy=0.696|o_turn=0.403|o_log_mcap=0.003|o_lu_follow=0.750,"官方日成交結構(MI_INDEX/dailyQuotes)=1|發行股數(MI_QFIIS/dailyQuotes)=1|外資持股(MI_QFIIS,僅上市)=0|自營商(T86/上櫃三大法人)=1|當沖(TWTB4U/上櫃intraday)=1|季財報(MOPS t163sb04)=1|月營收(MOPS/openapi)=1|官方產業別(MOPS t05st03)=1|融資券(MI_MARGN)=1|借券(TWT93U)=1|法人(T86)=1",843,inf,250.0,official_prepanel,70.85,,0.0,0.0,0,1,3.506,23.539,28.881,1626.0,0,未扣成本·事後欄位以 m_ 標示·非投資建議
HC,1,2026-01-06,2026-01-07,2380,虹光,TWSE,W,,fP10|fP5|fV300|fV100,W_atr14@3,144,660,漏網,671,0.025577,,atr14=0.361|n_lu_250=0.953|r20=0.442|c_ma120=0.096|vr20=0.577|days_since_lu=0.447|dt_ratio20=NaN|lend_to_v=0.011|rev_yoy=0.805|o_turn=0.011|o_log_mcap=0.001|o_lu_follow=0.989,"官方日成交結構(MI_INDEX/dailyQuotes)=1|發行股數(MI_QFIIS/dailyQuotes)=1|外資持股(MI_QFIIS,僅上市)=1|自營商(T86/上櫃三大法人)=0|當沖(TWTB4U/上櫃intraday)=0|季財報(MOPS t163sb04)=1|月營收(MOPS/openapi)=1|官方產業別(MOPS t05st03)=1|融資券(MI_MARGN)=1|借券(TWT93U)=1|法人(T86)=0",845,inf,250.0,official_prepanel,98.4,,0.0,0.0,1,0,0.0,6.759,1.59,385.0,0,未扣成本·事後欄位以 m_ 標示·非投資建議
HC,1,2026-01-07,2026-01-08,5543,桓鼎-KY,TPEx,W,,fV300|fV100|fH125,W_atr14@3,93,639,漏網,426,0.030679,,atr14=0.497|n_lu_250=0.569|r20=0.573|c_ma120=NaN|vr20=0.924|days_since_lu=0.412|dt_ratio20=NaN|lend_to_v=0.023|rev_yoy=0.304|o_turn=0.225|o_log_mcap=0.013|o_lu_follow=0.989,"官方日成交結構(MI_INDEX/dailyQuotes)=1|發行股數(MI_QFIIS/dailyQuotes)=1|外資持股(MI_QFIIS,僅上市)=0|自營商(T86/上櫃三大法人)=0|當沖(TWTB4U/上櫃intraday)=0|季財報(MOPS t163sb04)=1|月營收(MOPS/openapi)=1|官方產業別(MOPS t05st03)=1|融資券(MI_MARGN)=1|借券(TWT93U)=1|法人(T86)=0",846,inf,250.0,official_prepanel,38.6,,0.0,0.0,1,0,0.0,1.043,-1.639,260.0,0,未扣成本·事後欄位以 m_ 標示·非投資建議
HC,1,2026-01-08,2026-01-09,6953,家碩,TPEx,W,,fV300|fV100,W_atr14@3,51,627,漏網,321,0.038704,,atr14=0.677|n_lu_250=0.334|r20=0.794|c_ma120=0.694|vr20=0.328|days_since_lu=0.608|dt_ratio20=NaN|lend_to_v=0.438|rev_yoy=0.566|o_turn=0.058|o_log_mcap=0.286|o_lu_follow=0.348,"官方日成交結構(MI_INDEX/dailyQuotes)=1|發行股數(MI_QFIIS/dailyQuotes)=1|外資持股(MI_QFIIS,僅上市)=0|自營商(T86/上櫃三大法人)=1|當沖(TWTB4U/上櫃intraday)=1|季財報(MOPS t163sb04)=1|月營收(MOPS/openapi)=1|官方產業別(MOPS t05st03)=1|融資券(MI_MARGN)=1|借券(TWT93U)=1|法人(T86)=1",407,407.0,250.0,official,41.2,,0.0,0.0,0,1,0.638,14.468,6.596,563.0,0,未扣成本·事後欄位以 m_ 標示·非投資建議
HC,1,2026-01-08,2026-01-09,8080,泰霖,TPEx,W,,fV300|fV100|fH125|fN20,W_atr14@3,429,627,漏網,1125,0.012845,,atr14=0.042|n_lu_250=0.028|r20=0.615|c_ma120=0.520|vr20=0.973|days_since_lu=0.943|dt_ratio20=NaN|lend_to_v=0.012|rev_yoy=0.037|o_turn=0.044|o_log_mcap=0.060|o_lu_follow=0.763,"官方日成交結構(MI_INDEX/dailyQuotes)=1|發行股數(MI_QFIIS/dailyQuotes)=1|外資持股(MI_QFIIS,僅上市)=0|自營商(T86/上櫃三大法人)=0|當沖(TWTB4U/上櫃intraday)=0|季財報(MOPS t163sb04)=1|月營收(MOPS/openapi)=1|官方產業別(MOPS t05st03)=1|融資券(MI_MARGN)=1|借券(TWT93U)=1|法人(T86)=0",847,inf,250.0,official_prepanel,12.74,,0.0,0.0,0,1,0.615,46.923,21.846,153.0,0,未扣成本·事後欄位以 m_ 標示·非投資建議
HC,1,2026-01-08,2026-01-09,8422,可寧衛*,TWSE,W,,fH125|fBP,W_atr14@3,18,627,漏網,493,0.05332,,atr14=0.917|n_lu_250=0.453|r20=0.999|c_ma120=0.000|vr20=0.952|days_since_lu=0.014|dt_ratio20=0.823|lend_to_v=0.298|rev_yoy=0.070|o_turn=0.995|o_log_mcap=0.748|o_lu_follow=0.234,"官方日成交結構(MI_INDEX/dailyQuotes)=1|發行股數(MI_QFIIS/dailyQuotes)=1|外資持股(MI_QFIIS,僅上市)=1|自營商(T86/上櫃三大法人)=1|當沖(TWTB4U/上櫃intraday)=1|季財報(MOPS t163sb04)=1|月營收(MOPS/openapi)=1|官方產業別(MOPS t05st03)=1|融資券(MI_MARGN)=1|借券(TWT93U)=1|法人(T86)=1",847,inf,250.0,official_prepanel,82962.46,,0.0,3.0,0,1,8.926,30.404,14.923,265413.0,0,未扣成本·事後欄位以 m_ 標示·非投資建議
HC,1,2026-01-09,2026-01-12,4433,興采,TPEx,W,,fV300|fV100,W_atr14@3,286,621,漏網,1713,0.018036,,atr14=0.118|n_lu_250=0.164|r20=0.185|c_ma120=0.135|vr20=0.986|days_since_lu=0.832|dt_ratio20=NaN|lend_to_v=0.318|rev_yoy=0.773|o_turn=0.308|o_log_mcap=0.007|o_lu_follow=0.539,"官方日成交結構(MI_INDEX/dailyQuotes)=1|發行股數(MI_QFIIS/dailyQuotes)=1|外資持股(MI_QFIIS,僅上市)=0|自營商(T86/上櫃三大法人)=1|當沖(TWTB4U/上櫃intraday)=1|季財報(MOPS t163sb04)=1|月營收(MOPS/openapi)=1|官方產業別(MOPS t05st03)=1|融資券(MI_MARGN)=1|借券(TWT93U)=1|法人(T86)=1",848,inf,250.0,official_prepanel,37.9,,0.0,0.0,1,0,0.0,6.364,5.682,150.0,0,未扣成本·事後欄位以 m_ 標示·非投資建議
HC,1,2026-01-09,2026-01-12,5516,雙喜,TPEx,W,,fV300|fV100|fH125,W_atr14@3,55,621,漏網,806,0.036999,,atr14=0.623|n_lu_250=0.028|r20=0.557|c_ma120=0.368|vr20=0.206|days_since_lu=0.950|dt_ratio20=NaN|lend_to_v=0.012|rev_yoy=0.066|o_turn=0.052|o_log_mcap=0.000|o_lu_follow=0.765,"官方日成交結構(MI_INDEX/dailyQuotes)=1|發行股數(MI_QFIIS/dailyQuotes)=1|外資持股(MI_QFIIS,僅上市)=0|自營商(T86/上櫃三大法人)=1|當沖(TWTB4U/上櫃intraday)=0|季財報(MOPS t163sb04)=1|月營收(MOPS/openapi)=1|官方產業別(MOPS t05st03)=1|融資券(MI_MARGN)=1|借券(TWT93U)=1|法人(T86)=1",848,inf,250.0,official_prepanel,88.55,,0.0,0.0,0,1,7.018,14.737,1.754,372.0,0,未扣成本·事後欄位以 m_ 標示·非投資建議
HC,1,2026-01-09,2026-01-12,6641,基士德-KY,TWSE,W,,fV300|fV100,W_atr14@3,461,621,漏網,1477,0.011752,,atr14=0.032|n_lu_250=0.164|r20=0.459|c_ma120=0.224|vr20=0.918|days_since_lu=0.832|dt_ratio20=0.009|lend_to_v=0.412|rev_yoy=0.563|o_turn=0.120|o_log_mcap=0.000|o_lu_follow=0.539,"官方日成交結構(MI_INDEX/dailyQuotes)=1|發行股數(MI_QFIIS/dailyQuotes)=1|外資持股(MI_QFIIS,僅上市)=1|自營商(T86/上櫃三大法人)=1|當沖(TWTB4U/上櫃intraday)=1|季財報(MOPS t163sb04)=1|月營收(MOPS/openapi)=1|官方產業別(MOPS t05st03)=1|融資券(MI_MARGN)=1|借券(TWT93U)=1|法人(T86)=1",848,inf,250.0,official_prepanel,25.05,,0.0,0.0,0,1,9.487,25.641,21.026,245.0,0,未扣成本·事後欄位以 m_ 標示·非投資建議
HC,1,2026-01-09,2026-01-12,6969,成信實業*-創,TWSE,W,,fV300|fV100,W_atr14@3,265,621,漏網,1570,0.019328,,atr14=0.138|n_lu_250=0.567|r20=0.135|c_ma120=0.009|vr20=0.358|days_since_lu=0.323|dt_ratio20=NaN|lend_to_v=NaN|rev_yoy=0.641|o_turn=0.022|o_log_mcap=0.005|o_lu_follow=0.853,"官方日成交結構(MI_INDEX/dailyQuotes)=1|發行股數(MI_QFIIS/dailyQuotes)=1|外資持股(MI_QFIIS,僅上市)=1|自營商(T86/上櫃三大法人)=1|當沖(TWTB4U/上櫃intraday)=0|季財報(MOPS t163sb04)=1|月營收(MOPS/openapi)=1|官方產業別(MOPS t05st03)=1|融資券(MI_MARGN)=0|借券(TWT93U)=0|法人(T86)=1",326,326.0,250.0,official,27.5,,0.0,0.0,1,0,0.0,7.339,1.682,28.0,0,未扣成本·事後欄位以 m_ 標示·非投資建議
HC,1,2026-01-09,2026-01-12,7715,裕山,TPEx,W,,fV300|fV100,W_atr14@3,121,621,漏網,912,0.02729,,atr14=0.367|n_lu_250=0.164|r20=0.601|c_ma120=0.103|vr20=0.449|days_since_lu=0.832|dt_ratio20=NaN|lend_to_v=0.869|rev_yoy=0.132|o_turn=0.056|o_log_mcap=0.002|o_lu_follow=0.539,"官方日成交結構(MI_INDEX/dailyQuotes)=1|發行股數(MI_QFIIS/dailyQuotes)=1|外資持股(MI_QFIIS,僅上市)=0|自營商(T86/上櫃三大法人)=1|當沖(TWTB4U/上櫃intraday)=1|季財報(MOPS t163sb04)=1|月營收(MOPS/openapi)=1|官方產業別(MOPS t05st03)=1|融資券(MI_MARGN)=1|借券(TWT93U)=1|法人(T86)=1",240,240.0,240.0,official,38.2,,0.0,0.0,0,1,7.468,11.526,12.662,418.0,0,未扣成本·事後欄位以 m_ 標示·非投資建議
HC,1,2026-01-12,2026-01-13,4556,旭然,TPEx,W,,fV300|fV100|fH125|fN20,W_atr14@3,335,614,漏網,1356,0.016109,,atr14=0.084|n_lu_250=0.167|r20=0.314|c_ma120=0.314|vr20=0.781|days_since_lu=0.830|dt_ratio20=NaN|lend_to_v=0.292|rev_yoy=0.642|o_turn=0.019|o_log_mcap=0.003|o_lu_follow=0.532,"官方日成交結構(MI_INDEX/dailyQuotes)=1|發行股數(MI_QFIIS/dailyQuotes)=1|外資持股(MI_QFIIS,僅上市)=0|自營商(T86/上櫃三大法人)=1|當沖(TWTB4U/上櫃intraday)=1|季財報(MOPS t163sb04)=1|月營收(MOPS/openapi)=1|官方產業別(MOPS t05st03)=1|融資券(MI_MARGN)=1|借券(TWT93U)=1|法人(T86)=1",849,inf,250.0,official_prepanel,17.26,,0.0,0.0,0,1,7.708,24.583,14.583,296.0,0,未扣成本·事後欄位以 m_ 標示·非投資建議
HC,1,2026-01-12,2026-01-13,8289,泰藝,TPEx,W,,fV300|fV100,W_atr14@3,217,614,漏網,724,0.021567,,atr14=0.199|n_lu_250=0.463|r20=0.481|c_ma120=0.436|vr20=0.832|days_since_lu=0.695|dt_ratio20=NaN|lend_to_v=0.656|rev_yoy=0.622|o_turn=0.120|o_log_mcap=0.015|o_lu_follow=0.224,"官方日成交結構(MI_INDEX/dailyQuotes)=1|發行股數(MI_QFIIS/dailyQuotes)=1|外資持股(MI_QFIIS,僅上市)=0|自營商(T86/上櫃三大法人)=1|當沖(TWTB4U/上櫃intraday)=1|季財報(MOPS t163sb04)=1|月營收(MOPS/openapi)=1|官方產業別(MOPS t05st03)=1|融資券(MI_MARGN)=1|借券(TWT93U)=1|法人(T86)=1",849,inf,250.0,official_prepanel,69.65,,0.0,0.0,0,1,9.375,23.077,20.913,705.0,0,未扣成本·事後欄位以 m_ 標示·非投資建議
HC,1,2026-01-12,2026-01-13,8440,綠電,TPEx,W,,fV300|fV100,W_atr14@3,185,614,漏網,970,0.023276,,atr14=0.243|n_lu_250=0.648|r20=0.326|c_ma120=0.168|vr20=0.889|days_since_lu=0.411|dt_ratio20=NaN|lend_to_v=0.641|rev_yoy=0.129|o_turn=0.287|o_log_mcap=0.009|o_lu_follow=0.804,"官方日成交結構(MI_INDEX/dailyQuotes)=1|發行股數(MI_QFIIS/dailyQuotes)=1|外資持股(MI_QFIIS,僅上市)=0|自營商(T86/上櫃三大法人)=1|當沖(TWTB4U/上櫃intraday)=1|季財報(MOPS t163sb04)=1|月營收(MOPS/openapi)=1|官方產業別(MOPS t05st03)=1|融資券(MI_MARGN)=1|借券(TWT93U)=1|法人(T86)=1",849,inf,250.0,official_prepanel,95.55,,0.0,0.0,0,1,9.312,17.409,12.753,591.0,0,未扣成本·事後欄位以 m_ 標示·非投資建議
HC,1,2026-01-14,2026-01-15,3085,,TPEx,W,,fV300|fV100|fH125,W_atr14@3,134,594,漏網,1318,0.028291,,atr14=0.367|n_lu_250=0.651|r20=0.038|c_ma120=0.025|vr20=0.446|days_since_lu=0.672|dt_ratio20=NaN|lend_to_v=0.014|rev_yoy=0.059|o_turn=0.000|o_log_mcap=0.000|o_lu_follow=0.966,"官方日成交結構(MI_INDEX/dailyQuotes)=1|發行股數(MI_QFIIS/dailyQuotes)=1|外資持股(MI_QFIIS,僅上市)=0|自營商(T86/上櫃三大法人)=0|當沖(TWTB4U/上櫃intraday)=0|季財報(MOPS t163sb04)=1|月營收(MOPS/openapi)=1|官方產業別(MOPS t05st03)=0|融資券(MI_MARGN)=1|借券(TWT93U)=1|法人(T86)=0",851,inf,250.0,official_prepanel,9.7,,0.0,0.0,0,1,2.941,0.735,0.0,46.0,0,未扣成本·事後欄位以 m_ 標示·非投資建議
HC,1,2026-01-14,2026-01-15,3432,台端,TWSE,W,,fV300|fV100,W_atr14@3,216,594,漏網,906,0.02266,,atr14=0.211|n_lu_250=0.467|r20=0.392|c_ma120=0.295|vr20=0.898|days_since_lu=0.614|dt_ratio20=NaN|lend_to_v=0.014|rev_yoy=0.983|o_turn=0.064|o_log_mcap=0.000|o_lu_follow=0.230,"官方日成交結構(MI_INDEX/dailyQuotes)=1|發行股數(MI_QFIIS/dailyQuotes)=1|外資持股(MI_QFIIS,僅上市)=1|自營商(T86/上櫃三大法人)=1|當沖(TWTB4U/上櫃intraday)=0|季財報(MOPS t163sb04)=1|月營收(MOPS/openapi)=1|官方產業別(MOPS t05st03)=1|融資券(MI_MARGN)=1|借券(TWT93U)=1|法人(T86)=1",851,inf,250.0,official_prepanel,20.5,,0.0,0.0,0,1,12.324,38.028,34.859,165.0,0,未扣成本·事後欄位以 m_ 標示·非投資建議
HC,1,2026-01-14,2026-01-15,4923,力士,TPEx,W,,fV300|fV100,W_atr14@3,327,594,漏網,1157,0.017289,,atr14=0.101|n_lu_250=0.860|r20=0.203|c_ma120=0.140|vr20=0.603|days_since_lu=0.672|dt_ratio20=NaN|lend_to_v=0.615|rev_yoy=0.792|o_turn=0.103|o_log_mcap=0.001|o_lu_follow=0.953,"官方日成交結構(MI_INDEX/dailyQuotes)=1|發行股數(MI_QFIIS/dailyQuotes)=1|外資持股(MI_QFIIS,僅上市)=0|自營商(T86/上櫃三大法人)=1|當沖(TWTB4U/上櫃intraday)=1|季財報(MOPS t163sb04)=1|月營收(MOPS/openapi)=1|官方產業別(MOPS t05st03)=1|融資券(MI_MARGN)=1|借券(TWT93U)=1|法人(T86)=1",851,inf,250.0,official_prepanel,42.95,,0.0,0.0,0,1,8.174,34.609,22.087,380.0,0,未扣成本·事後欄位以 m_ 標示·非投資建議
HC,1,2026-01-15,2026-01-16,1521,大億,TWSE,W,,fV300|fV100,W_atr14@3,372,604,漏網,1111,0.015987,,atr14=0.074|n_lu_250=0.460|r20=0.352|c_ma120=0.288|vr20=0.715|days_since_lu=0.712|dt_ratio20=NaN|lend_to_v=0.662|rev_yoy=0.691|o_turn=0.011|o_log_mcap=0.039|o_lu_follow=0.233,"官方日成交結構(MI_INDEX/dailyQuotes)=1|發行股數(MI_QFIIS/dailyQuotes)=1|外資持股(MI_QFIIS,僅上市)=1|自營商(T86/上櫃三大法人)=1|當沖(TWTB4U/上櫃intraday)=1|季財報(MOPS t163sb04)=1|月營收(MOPS/openapi)=1|官方產業別(MOPS t05st03)=1|融資券(MI_MARGN)=1|借券(TWT93U)=1|法人(T86)=1",852,inf,250.0,official_prepanel,22.45,,0.0,0.0,0,1,9.184,19.592,9.796,200.0,0,未扣成本·事後欄位以 m_ 標示·非投資建議
HC,1,2026-01-15,2026-01-16,1526,日馳,TWSE,W,,fV300|fV100,W_atr14@3,308,604,漏網,1175,0.018487,,atr14=0.112|n_lu_250=0.460|r20=0.309|c_ma120=0.221|vr20=0.949|days_since_lu=0.482|dt_ratio20=0.013|lend_to_v=0.691|rev_yoy=0.636|o_turn=0.333|o_log_mcap=0.002|o_lu_follow=0.931,"官方日成交結構(MI_INDEX/dailyQuotes)=1|發行股數(MI_QFIIS/dailyQuotes)=1|外資持股(MI_QFIIS,僅上市)=1|自營商(T86/上櫃三大法人)=1|當沖(TWTB4U/上櫃intraday)=1|季財報(MOPS t163sb04)=1|月營收(MOPS/openapi)=1|官方產業別(MOPS t05st03)=1|融資券(MI_MARGN)=1|借券(TWT93U)=1|法人(T86)=1",852,inf,250.0,official_prepanel,67.5,,0.0,0.0,0,1,9.677,30.205,24.34,689.0,0,未扣成本·事後欄位以 m_ 標示·非投資建議
HC,1,2026-01-15,2026-01-16,1539,巨庭,TWSE,W,,fV300|fV100,W_atr14@3,390,604,漏網,841,0.015206,,atr14=0.061|n_lu_250=0.563|r20=0.484|c_ma120=0.416|vr20=0.921|days_since_lu=0.678|dt_ratio20=0.009|lend_to_v=0.723|rev_yoy=0.123|o_turn=0.237|o_log_mcap=0.004|o_lu_follow=0.153,"官方日成交結構(MI_INDEX/dailyQuotes)=1|發行股數(MI_QFIIS/dailyQuotes)=1|外資持股(MI_QFIIS,僅上市)=1|自營商(T86/上櫃三大法人)=1|當沖(TWTB4U/上櫃intraday)=1|季財報(MOPS t163sb04)=1|月營收(MOPS/openapi)=1|官方產業別(MOPS t05st03)=1|融資券(MI_MARGN)=1|借券(TWT93U)=1|法人(T86)=1",852,inf,250.0,official_prepanel,64.2,,0.0,0.0,0,1,5.376,8.333,0.806,1264.0,0,未扣成本·事後欄位以 m_ 標示·非投資建議
HC,1,2026-01-15,2026-01-16,1541,錩泰,TWSE,W,,fV300|fV100,W_atr14@3,338,604,漏網,1326,0.017395,,atr14=0.101|n_lu_250=0.646|r20=0.173|c_ma120=0.156|vr20=0.856|days_since_lu=0.428|dt_ratio20=NaN|lend_to_v=0.532|rev_yoy=0.401|o_turn=0.019|o_log_mcap=0.038|o_lu_follow=0.100,"官方日成交結構(MI_INDEX/dailyQuotes)=1|發行股數(MI_QFIIS/dailyQuotes)=1|外資持股(MI_QFIIS,僅上市)=1|自營商(T86/上櫃三大法人)=1|當沖(TWTB4U/上櫃intraday)=1|季財報(MOPS t163sb04)=1|月營收(MOPS/openapi)=1|官方產業別(MOPS t05st03)=1|融資券(MI_MARGN)=1|借券(TWT93U)=1|法人(T86)=1",852,inf,250.0,official_prepanel,27.15,,0.0,0.0,0,1,6.25,11.875,6.25,366.0,0,未扣成本·事後欄位以 m_ 標示·非投資建議
HC,1,2026-01-15,2026-01-16,2066,世德,TPEx,W,,fV300|fV100,W_atr14@3,284,604,漏網,1451,0.019448,,atr14=0.135|n_lu_250=0.460|r20=0.226|c_ma120=0.041|vr20=0.264|days_since_lu=0.832|dt_ratio20=NaN|lend_to_v=0.957|rev_yoy=0.223|o_turn=0.011|o_log_mcap=0.064|o_lu_follow=0.233,"官方日成交結構(MI_INDEX/dailyQuotes)=1|發行股數(MI_QFIIS/dailyQuotes)=1|外資持股(MI_QFIIS,僅上市)=0|自營商(T86/上櫃三大法人)=1|當沖(TWTB4U/上櫃intraday)=1|季財報(MOPS t163sb04)=1|月營收(MOPS/openapi)=1|官方產業別(MOPS t05st03)=1|融資券(MI_MARGN)=1|借券(TWT93U)=1|法人(T86)=1",852,inf,250.0,official_prepanel,25.95,,0.0,0.0,0,1,9.476,19.556,8.065,149.0,0,未扣成本·事後欄位以 m_ 標示·非投資建議
HC,1,2026-01-15,2026-01-16,3135,凌航,TWSE,W,,fH125|fBP|fCD,W_atr14@3,4,604,漏網,1881,0.070142,,atr14=0.992|n_lu_250=0.954|r20=1.000|c_ma120=0.999|vr20=0.183|days_since_lu=0.044|dt_ratio20=0.973|lend_to_v=0.031|rev_yoy=0.953|o_turn=0.912|o_log_mcap=0.359|o_lu_follow=0.936,"官方日成交結構(MI_INDEX/dailyQuotes)=1|發行股數(MI_QFIIS/dailyQuotes)=1|外資持股(MI_QFIIS,僅上市)=1|自營商(T86/上櫃三大法人)=1|當沖(TWTB4U/上櫃intraday)=1|季財報(MOPS t163sb04)=1|月營收(MOPS/openapi)=1|官方產業別(MOPS t05st03)=1|融資券(MI_MARGN)=0|借券(TWT93U)=1|法人(T86)=1",111,111.0,111.0,official,6615.45,,0.0,1.0,0,1,7.018,10.526,4.825,3888.0,0,未扣成本·事後欄位以 m_ 標示·非投資建議
HC,1,2026-01-15,2026-01-16,3567,逸昌,TPEx,W,,fV300|fV100,W_atr14@3,256,604,漏網,999,0.021079,,atr14=0.160|n_lu_250=0.168|r20=0.464|c_ma120=0.468|vr20=0.961|days_since_lu=0.832|dt_ratio20=NaN|lend_to_v=0.327|rev_yoy=0.347|o_turn=0.510|o_log_mcap=0.000|o_lu_follow=0.538,"官方日成交結構(MI_INDEX/dailyQuotes)=1|發行股數(MI_QFIIS/dailyQuotes)=1|外資持股(MI_QFIIS,僅上市)=0|自營商(T86/上櫃三大法人)=1|當沖(TWTB4U/上櫃intraday)=1|季財報(MOPS t163sb04)=1|月營收(MOPS/openapi)=1|官方產業別(MOPS t05st03)=1|融資券(MI_MARGN)=1|借券(TWT93U)=1|法人(T86)=1",852,inf,250.0,official_prepanel,53.0,,0.0,0.0,0,1,9.551,9.738,5.993,675.0,0,未扣成本·事後欄位以 m_ 標示·非投資建議
HC,1,2026-01-16,2026-01-19,4528,江興鍛,TPEx,W,,fV300|fV100,W_atr14@3,266,587,漏網,840,0.020692,,atr14=0.158|n_lu_250=0.340|r20=0.576|c_ma120=0.427|vr20=0.939|days_since_lu=0.570|dt_ratio20=NaN|lend_to_v=0.316|rev_yoy=0.532|o_turn=0.039|o_log_mcap=0.019|o_lu_follow=0.966,"官方日成交結構(MI_INDEX/dailyQuotes)=1|發行股數(MI_QFIIS/dailyQuotes)=1|外資持股(MI_QFIIS,僅上市)=0|自營商(T86/上櫃三大法人)=1|當沖(TWTB4U/上櫃intraday)=1|季財報(MOPS t163sb04)=1|月營收(MOPS/openapi)=1|官方產業別(MOPS t05st03)=1|融資券(MI_MARGN)=1|借券(TWT93U)=1|法人(T86)=1",853,inf,250.0,official_prepanel,28.6,,0.0,0.0,0,1,9.141,12.188,14.127,302.0,0,未扣成本·事後欄位以 m_ 標示·非投資建議
HC,1,2026-01-16,2026-01-19,6735,美達科技,TPEx,W,,fV300|fV100,W_atr14@3,83,587,漏網,662,0.03731,,atr14=0.580|n_lu_250=0.855|r20=0.364|c_ma120=0.154|vr20=0.806|days_since_lu=0.511|dt_ratio20=NaN|lend_to_v=0.666|rev_yoy=0.885|o_turn=0.182|o_log_mcap=0.098|o_lu_follow=0.828,"官方日成交結構(MI_INDEX/dailyQuotes)=1|發行股數(MI_QFIIS/dailyQuotes)=1|外資持股(MI_QFIIS,僅上市)=0|自營商(T86/上櫃三大法人)=1|當沖(TWTB4U/上櫃intraday)=1|季財報(MOPS t163sb04)=1|月營收(MOPS/openapi)=1|官方產業別(MOPS t05st03)=1|融資券(MI_MARGN)=1|借券(TWT93U)=1|法人(T86)=1",853,inf,250.0,official_prepanel,64.85,,0.0,0.0,0,1,1.911,9.873,-1.592,785.0,0,未扣成本·事後欄位以 m_ 標示·非投資建議
HC,1,2026-01-19,2026-01-20,6597,立誠,TPEx,W,,fV300|fV100|fN20,W_atr14@3,101,569,漏網,1847,0.033473,,atr14=0.472|n_lu_250=0.463|r20=NaN|c_ma120=0.009|vr20=0.880|days_since_lu=0.425|dt_ratio20=NaN|lend_to_v=NaN|rev_yoy=0.370|o_turn=0.037|o_log_mcap=0.024|o_lu_follow=0.928,"官方日成交結構(MI_INDEX/dailyQuotes)=1|發行股數(MI_QFIIS/dailyQuotes)=1|外資持股(MI_QFIIS,僅上市)=0|自營商(T86/上櫃三大法人)=0|當沖(TWTB4U/上櫃intraday)=0|季財報(MOPS t163sb04)=1|月營收(MOPS/openapi)=1|官方產業別(MOPS t05st03)=1|融資券(MI_MARGN)=0|借券(TWT93U)=0|法人(T86)=0",176,176.0,176.0,official,13.79,,0.0,0.0,0,1,7.885,13.269,9.423,36.0,0,未扣成本·事後欄位以 m_ 標示·非投資建議
HC,1,2026-01-19,2026-01-20,7777,能率亞洲,TPEx,W,,fH125|fA60|fN20|fBP,W_atr14@3,19,569,漏網,1788,0.053641,,atr14=0.890|n_lu_250=0.031|r20=NaN|c_ma120=NaN|vr20=0.606|days_since_lu=0.979|dt_ratio20=NaN|lend_to_v=0.042|rev_yoy=0.984|o_turn=0.640|o_log_mcap=0.245|o_lu_follow=0.768,"官方日成交結構(MI_INDEX/dailyQuotes)=1|發行股數(MI_QFIIS/dailyQuotes)=1|外資持股(MI_QFIIS,僅上市)=0|自營商(T86/上櫃三大法人)=1|當沖(TWTB4U/上櫃intraday)=1|季財報(MOPS t163sb04)=1|月營收(MOPS/openapi)=1|官方產業別(MOPS t05st03)=1|融資券(MI_MARGN)=0|借券(TWT93U)=1|法人(T86)=1",19,19.0,19.0,official,1787.89,,0.0,0.0,0,1,9.496,24.612,37.016,3322.0,0,未扣成本·事後欄位以 m_ 標示·非投資建議
HC,1,2026-01-20,2026-01-21,1337,再生-KY,TWSE,W,,fP10|fP5,W_atr14@3,334,555,漏網,1346,0.016495,,atr14=0.072|n_lu_250=0.456|r20=0.249|c_ma120=0.190|vr20=0.608|days_since_lu=0.708|dt_ratio20=0.009|lend_to_v=0.715|rev_yoy=0.108|o_turn=0.060|o_log_mcap=0.013|o_lu_follow=0.230,"官方日成交結構(MI_INDEX/dailyQuotes)=1|發行股數(MI_QFIIS/dailyQuotes)=1|外資持股(MI_QFIIS,僅上市)=1|自營商(T86/上櫃三大法人)=1|當沖(TWTB4U/上櫃intraday)=1|季財報(MOPS t163sb04)=1|月營收(MOPS/openapi)=1|官方產業別(MOPS t05st03)=1|融資券(MI_MARGN)=1|借券(TWT93U)=1|法人(T86)=1",855,inf,250.0,official_prepanel,303.1,,0.0,0.0,0,1,9.897,27.01,13.196,2079.0,0,未扣成本·事後欄位以 m_ 標示·非投資建議
HC,1,2026-01-20,2026-01-21,6921,嘉雨思-創,TWSE,W,,fV300|fH125|fA60|fN20|fBP,W_atr14@3,22,555,漏網,1825,0.052339,,atr14=0.860|n_lu_250=0.030|r20=NaN|c_ma120=NaN|vr20=0.019|days_since_lu=0.979|dt_ratio20=NaN|lend_to_v=NaN|rev_yoy=0.929|o_turn=0.039|o_log_mcap=0.044|o_lu_follow=0.759,"官方日成交結構(MI_INDEX/dailyQuotes)=1|發行股數(MI_QFIIS/dailyQuotes)=1|外資持股(MI_QFIIS,僅上市)=1|自營商(T86/上櫃三大法人)=1|當沖(TWTB4U/上櫃intraday)=0|季財報(MOPS t163sb04)=1|月營收(MOPS/openapi)=1|官方產業別(MOPS t05st03)=1|融資券(MI_MARGN)=0|借券(TWT93U)=0|法人(T86)=1",19,19.0,19.0,official,109.32,,0.0,0.0,0,1,8.947,39.825,35.439,69.0,0,未扣成本·事後欄位以 m_ 標示·非投資建議
HC,1,2026-01-20,2026-01-21,6988,威力暘-創,TWSE,W,,fV300|fV100,W_atr14@3,69,555,漏網,406,0.037879,,atr14=0.588|n_lu_250=0.456|r20=0.914|c_ma120=0.486|vr20=0.853|days_since_lu=0.129|dt_ratio20=NaN|lend_to_v=NaN|rev_yoy=0.517|o_turn=0.050|o_log_mcap=0.000|o_lu_follow=0.230,"官方日成交結構(MI_INDEX/dailyQuotes)=1|發行股數(MI_QFIIS/dailyQuotes)=1|外資持股(MI_QFIIS,僅上市)=1|自營商(T86/上櫃三大法人)=1|當沖(TWTB4U/上櫃intraday)=0|季財報(MOPS t163sb04)=1|月營收(MOPS/openapi)=1|官方產業別(MOPS t05st03)=1|融資券(MI_MARGN)=0|借券(TWT93U)=0|法人(T86)=1",305,305.0,250.0,official,30.3,,0.0,0.0,0,1,10.0,16.364,19.697,128.0,0,未扣成本·事後欄位以 m_ 標示·非投資建議
HC,1,2026-01-21,2026-01-22,6423,億而得,TPEx,W,,fV300|fV100,W_atr14@3,72,541,漏網,440,0.037585,,atr14=0.534|n_lu_250=0.334|r20=0.854|c_ma120=0.635|vr20=0.963|days_since_lu=0.263|dt_ratio20=0.196|lend_to_v=0.244|rev_yoy=0.036|o_turn=0.571|o_log_mcap=0.102|o_lu_follow=0.345,"官方日成交結構(MI_INDEX/dailyQuotes)=1|發行股數(MI_QFIIS/dailyQuotes)=1|外資持股(MI_QFIIS,僅上市)=1|自營商(T86/上櫃三大法人)=1|當沖(TWTB4U/上櫃intraday)=1|季財報(MOPS t163sb04)=1|月營收(MOPS/openapi)=1|官方產業別(MOPS t05st03)=1|融資券(MI_MARGN)=1|借券(TWT93U)=1|法人(T86)=1",414,414.0,250.0,transfer_min,80.3,,0.0,0.0,0,1,2.944,22.683,-5.344,991.0,0,未扣成本·事後欄位以 m_ 標示·非投資建議
HC,1,2026-01-22,2026-01-23,6716,應廣,TPEx,W,,fV300|fV100,W_atr14@3,138,546,漏網,1096,0.030116,,atr14=0.333|n_lu_250=0.550|r20=0.231|c_ma120=0.192|vr20=0.950|days_since_lu=0.464|dt_ratio20=NaN|lend_to_v=0.638|rev_yoy=0.228|o_turn=0.370|o_log_mcap=0.021|o_lu_follow=0.156,"官方日成交結構(MI_INDEX/dailyQuotes)=1|發行股數(MI_QFIIS/dailyQuotes)=1|外資持股(MI_QFIIS,僅上市)=0|自營商(T86/上櫃三大法人)=1|當沖(TWTB4U/上櫃intraday)=1|季財報(MOPS t163sb04)=1|月營收(MOPS/openapi)=1|官方產業別(MOPS t05st03)=1|融資券(MI_MARGN)=1|借券(TWT93U)=1|法人(T86)=1",857,inf,250.0,official_prepanel,49.6,,0.0,0.0,0,1,7.4,23.256,28.753,239.0,0,未扣成本·事後欄位以 m_ 標示·非投資建議
HC,1,2026-01-22,2026-01-23,7717,萊德光電-KY,TPEx,W,,fH125|fA60|fBP,W_atr14@3,19,546,漏網,1820,0.055811,,atr14=0.865|n_lu_250=0.886|r20=0.946|c_ma120=NaN|vr20=0.870|days_since_lu=0.081|dt_ratio20=NaN|lend_to_v=0.031|rev_yoy=0.779|o_turn=0.903|o_log_mcap=0.516|o_lu_follow=0.967,"官方日成交結構(MI_INDEX/dailyQuotes)=1|發行股數(MI_QFIIS/dailyQuotes)=1|外資持股(MI_QFIIS,僅上市)=0|自營商(T86/上櫃三大法人)=1|當沖(TWTB4U/上櫃intraday)=1|季財報(MOPS t163sb04)=1|月營收(MOPS/openapi)=1|官方產業別(MOPS t05st03)=1|融資券(MI_MARGN)=0|借券(TWT93U)=1|法人(T86)=1",47,47.0,47.0,official,598.85,,0.0,1.0,0,1,7.179,15.875,24.368,1374.0,0,未扣成本·事後欄位以 m_ 標示·非投資建議
HC,1,2026-01-22,2026-01-23,8477,創業家,TPEx,W,,fV300|fV100,W_atr14@3,165,546,漏網,1233,0.027381,,atr14=0.271|n_lu_250=0.449|r20=0.109|c_ma120=0.278|vr20=0.866|days_since_lu=0.713|dt_ratio20=NaN|lend_to_v=0.016|rev_yoy=0.034|o_turn=0.031|o_log_mcap=0.000|o_lu_follow=0.232,"官方日成交結構(MI_INDEX/dailyQuotes)=1|發行股數(MI_QFIIS/dailyQuotes)=1|外資持股(MI_QFIIS,僅上市)=0|自營商(T86/上櫃三大法人)=0|當沖(TWTB4U/上櫃intraday)=0|季財報(MOPS t163sb04)=1|月營收(MOPS/openapi)=1|官方產業別(MOPS t05st03)=1|融資券(MI_MARGN)=1|借券(TWT93U)=1|法人(T86)=0",857,inf,250.0,official_prepanel,26.1,,0.0,0.0,0,1,7.755,8.163,5.714,165.0,0,未扣成本·事後欄位以 m_ 標示·非投資建議
HC,1,2026-01-23,2026-01-26,2740,華軒,TPEx,W,,fV300|fV100,W_atr14@3,29,531,漏網,465,0.050614,,atr14=0.800|n_lu_250=0.161|r20=0.626|c_ma120=0.836|vr20=0.848|days_since_lu=0.566|dt_ratio20=NaN|lend_to_v=NaN|rev_yoy=0.017|o_turn=0.218|o_log_mcap=0.000|o_lu_follow=0.535,"官方日成交結構(MI_INDEX/dailyQuotes)=1|發行股數(MI_QFIIS/dailyQuotes)=1|外資持股(MI_QFIIS,僅上市)=0|自營商(T86/上櫃三大法人)=1|當沖(TWTB4U/上櫃intraday)=0|季財報(MOPS t163sb04)=1|月營收(MOPS/openapi)=1|官方產業別(MOPS t05st03)=1|融資券(MI_MARGN)=0|借券(TWT93U)=0|法人(T86)=1",858,inf,250.0,official_prepanel,21.9,,0.0,0.0,0,1,13.115,32.623,50.656,133.0,0,未扣成本·事後欄位以 m_ 標示·非投資建議
HC,1,2026-01-26,2026-01-27,3373,熱映,TPEx,W,,fV300|fV100,W_atr14@3,299,534,漏網,1460,0.017335,,atr14=0.089|n_lu_250=0.556|r20=0.138|c_ma120=0.096|vr20=0.849|days_since_lu=0.697|dt_ratio20=NaN|lend_to_v=0.746|rev_yoy=0.078|o_turn=0.245|o_log_mcap=0.001|o_lu_follow=0.150,"官方日成交結構(MI_INDEX/dailyQuotes)=1|發行股數(MI_QFIIS/dailyQuotes)=1|外資持股(MI_QFIIS,僅上市)=0|自營商(T86/上櫃三大法人)=1|當沖(TWTB4U/上櫃intraday)=1|季財報(MOPS t163sb04)=1|月營收(MOPS/openapi)=1|官方產業別(MOPS t05st03)=1|融資券(MI_MARGN)=1|借券(TWT93U)=1|法人(T86)=1",859,inf,250.0,official_prepanel,87.4,,0.0,0.0,0,1,8.046,9.77,3.448,707.0,0,未扣成本·事後欄位以 m_ 標示·非投資建議
HC,1,2026-01-26,2026-01-27,4133,亞諾法,TWSE,W,,fV300|fV100,W_atr14@3,252,534,漏網,1080,0.020238,,atr14=0.137|n_lu_250=0.334|r20=0.502|c_ma120=0.235|vr20=0.744|days_since_lu=0.696|dt_ratio20=0.012|lend_to_v=0.864|rev_yoy=0.372|o_turn=0.110|o_log_mcap=0.024|o_lu_follow=0.344,"官方日成交結構(MI_INDEX/dailyQuotes)=1|發行股數(MI_QFIIS/dailyQuotes)=1|外資持股(MI_QFIIS,僅上市)=1|自營商(T86/上櫃三大法人)=1|當沖(TWTB4U/上櫃intraday)=1|季財報(MOPS t163sb04)=1|月營收(MOPS/openapi)=1|官方產業別(MOPS t05st03)=1|融資券(MI_MARGN)=1|借券(TWT93U)=1|法人(T86)=1",859,inf,250.0,official_prepanel,83.5,,0.0,0.0,0,1,11.392,12.869,7.806,1016.0,0,未扣成本·事後欄位以 m_ 標示·非投資建議
HC,1,2026-01-26,2026-01-27,6504,南六,TWSE,W,,fV300|fV100,W_atr14@3,176,534,漏網,1604,0.024925,,atr14=0.224|n_lu_250=0.161|r20=0.198|c_ma120=0.053|vr20=0.584|days_since_lu=0.838|dt_ratio20=0.868|lend_to_v=0.848|rev_yoy=0.186|o_turn=0.026|o_log_mcap=0.138|o_lu_follow=0.531,"官方日成交結構(MI_INDEX/dailyQuotes)=1|發行股數(MI_QFIIS/dailyQuotes)=1|外資持股(MI_QFIIS,僅上市)=1|自營商(T86/上櫃三大法人)=1|當沖(TWTB4U/上櫃intraday)=1|季財報(MOPS t163sb04)=1|月營收(MOPS/openapi)=1|官方產業別(MOPS t05st03)=1|融資券(MI_MARGN)=1|借券(TWT93U)=1|法人(T86)=1",859,inf,250.0,official_prepanel,59.1,,0.0,0.0,0,1,7.212,1.803,1.322,790.0,0,未扣成本·事後欄位以 m_ 標示·非投資建議
HC,1,2026-01-26,2026-01-27,7777,能率亞洲,TPEx,W,,fH125|fA60|fBP|fCD,W_atr14@3,10,534,漏網,1813,0.061209,,atr14=0.908|n_lu_250=0.452|r20=0.953|c_ma120=NaN|vr20=0.959|days_since_lu=0.028|dt_ratio20=NaN|lend_to_v=0.045|rev_yoy=0.981|o_turn=0.910|o_log_mcap=0.306|o_lu_follow=0.999,"官方日成交結構(MI_INDEX/dailyQuotes)=1|發行股數(MI_QFIIS/dailyQuotes)=1|外資持股(MI_QFIIS,僅上市)=0|自營商(T86/上櫃三大法人)=1|當沖(TWTB4U/上櫃intraday)=1|季財報(MOPS t163sb04)=1|月營收(MOPS/openapi)=1|官方產業別(MOPS t05st03)=1|融資券(MI_MARGN)=0|借券(TWT93U)=1|法人(T86)=1",24,24.0,24.0,official,2513.0,,0.0,1.0,0,1,6.476,6.476,5.422,11212.0,0,未扣成本·事後欄位以 m_ 標示·非投資建議
HC,1,2026-01-29,2026-01-30,1454,台富,TWSE,W,,fV300|fV100,W_atr14@3,312,515,漏網,1282,0.016839,,atr14=0.080|n_lu_250=0.321|r20=0.367|c_ma120=0.264|vr20=0.000|days_since_lu=0.711|dt_ratio20=0.043|lend_to_v=0.509|rev_yoy=0.197|o_turn=0.000|o_log_mcap=0.039|o_lu_follow=0.353,"官方日成交結構(MI_INDEX/dailyQuotes)=1|發行股數(MI_QFIIS/dailyQuotes)=1|外資持股(MI_QFIIS,僅上市)=1|自營商(T86/上櫃三大法人)=1|當沖(TWTB4U/上櫃intraday)=0|季財報(MOPS t163sb04)=1|月營收(MOPS/openapi)=1|官方產業別(MOPS t05st03)=1|融資券(MI_MARGN)=1|借券(TWT93U)=1|法人(T86)=1",862,inf,250.0,official_prepanel,51.15,,0.0,0.0,1,0,0.0,1.384,-2.422,1002.0,0,未扣成本·事後欄位以 m_ 標示·非投資建議
HC,1,2026-01-30,2026-02-02,6615,慧智,TPEx,W,,fV300|fV100|fH125|fN20,W_atr14@3,369,518,漏網,1355,0.013962,,atr14=0.043|n_lu_250=0.537|r20=0.339|c_ma120=0.235|vr20=0.064|days_since_lu=0.560|dt_ratio20=NaN|lend_to_v=NaN|rev_yoy=0.357|o_turn=0.001|o_log_mcap=0.000|o_lu_follow=0.162,"官方日成交結構(MI_INDEX/dailyQuotes)=1|發行股數(MI_QFIIS/dailyQuotes)=1|外資持股(MI_QFIIS,僅上市)=0|自營商(T86/上櫃三大法人)=0|當沖(TWTB4U/上櫃intraday)=0|季財報(MOPS t163sb04)=1|月營收(MOPS/openapi)=1|官方產業別(MOPS t05st03)=1|融資券(MI_MARGN)=0|借券(TWT93U)=0|法人(T86)=0",863,inf,250.0,official_prepanel,17.67,,0.0,0.0,0,1,10.499,17.04,19.793,164.0,0,未扣成本·事後欄位以 m_ 標示·非投資建議
HC,1,2026-02-03,2026-02-04,4991,環宇-KY,TPEx,W,,fBP,W_atr14@3,61,517,漏網,113,0.038598,,atr14=0.462|n_lu_250=0.975|r20=0.842|c_ma120=0.957|vr20=0.996|days_since_lu=0.361|dt_ratio20=NaN|lend_to_v=0.141|rev_yoy=0.604|o_turn=0.990|o_log_mcap=0.727|o_lu_follow=0.188,"官方日成交結構(MI_INDEX/dailyQuotes)=1|發行股數(MI_QFIIS/dailyQuotes)=1|外資持股(MI_QFIIS,僅上市)=0|自營商(T86/上櫃三大法人)=1|當沖(TWTB4U/上櫃intraday)=1|季財報(MOPS t163sb04)=1|月營收(MOPS/openapi)=1|官方產業別(MOPS t05st03)=1|融資券(MI_MARGN)=1|借券(TWT93U)=1|法人(T86)=1",865,inf,250.0,official_prepanel,4069.05,,0.0,0.0,0,1,9.485,8.041,42.268,17572.0,0,未扣成本·事後欄位以 m_ 標示·非投資建議
HC,1,2026-02-06,2026-02-09,6907,雅特力-KY,TPEx,W,,fV300|fV100|fVnan|fH125|fA60|fN20|fBP,W_atr14@3,511,515,漏網,1906,,,atr14=NaN|n_lu_250=0.027|r20=NaN|c_ma120=NaN|vr20=NaN|days_since_lu=0.981|dt_ratio20=NaN|lend_to_v=NaN|rev_yoy=0.703|o_turn=0.712|o_log_mcap=0.131|o_lu_follow=0.738,"官方日成交結構(MI_INDEX/dailyQuotes)=1|發行股數(MI_QFIIS/dailyQuotes)=1|外資持股(MI_QFIIS,僅上市)=0|自營商(T86/上櫃三大法人)=0|當沖(TWTB4U/上櫃intraday)=0|季財報(MOPS t163sb04)=1|月營收(MOPS/openapi)=1|官方產業別(MOPS t05st03)=1|融資券(MI_MARGN)=0|借券(TWT93U)=0|法人(T86)=0",7,7.0,7.0,official,,,0.0,0.0,1,0,0.0,45.885,91.77,454.0,0,未扣成本·事後欄位以 m_ 標示·非投資建議
HC,1,2026-02-10,2026-02-11,4806,桂田文創,TPEx,W,,fV300|fV100|fH125|fN20|fBP,W_atr14@3,148,531,漏網,636,0.027543,,atr14=0.239|n_lu_250=0.314|r20=0.815|c_ma120=NaN|vr20=0.984|days_since_lu=0.422|dt_ratio20=NaN|lend_to_v=0.017|rev_yoy=0.176|o_turn=0.015|o_log_mcap=0.009|o_lu_follow=0.341,"官方日成交結構(MI_INDEX/dailyQuotes)=1|發行股數(MI_QFIIS/dailyQuotes)=1|外資持股(MI_QFIIS,僅上市)=0|自營商(T86/上櫃三大法人)=0|當沖(TWTB4U/上櫃intraday)=0|季財報(MOPS t163sb04)=1|月營收(MOPS/openapi)=1|官方產業別(MOPS t05st03)=1|融資券(MI_MARGN)=1|借券(TWT93U)=1|法人(T86)=0",870,inf,250.0,official_prepanel,18.06,,0.0,0.0,0,1,8.333,12.037,4.63,101.0,0,未扣成本·事後欄位以 m_ 標示·非投資建議
HC,1,2026-02-10,2026-02-11,8087,麗升能源,TPEx,W,,fV300|fV100,W_atr14@3,104,531,漏網,1589,0.031338,,atr14=0.308|n_lu_250=0.531|r20=0.042|c_ma120=0.005|vr20=0.973|days_since_lu=0.717|dt_ratio20=NaN|lend_to_v=0.428|rev_yoy=0.011|o_turn=0.176|o_log_mcap=0.005|o_lu_follow=0.826,"官方日成交結構(MI_INDEX/dailyQuotes)=1|發行股數(MI_QFIIS/dailyQuotes)=1|外資持股(MI_QFIIS,僅上市)=0|自營商(T86/上櫃三大法人)=1|當沖(TWTB4U/上櫃intraday)=1|季財報(MOPS t163sb04)=1|月營收(MOPS/openapi)=1|官方產業別(MOPS t05st03)=1|融資券(MI_MARGN)=1|借券(TWT93U)=1|法人(T86)=1",870,inf,250.0,official_prepanel,25.55,,0.0,0.0,1,0,0.0,23.381,27.878,61.0,0,未扣成本·事後欄位以 m_ 標示·非投資建議
HC,1,2026-02-11,2026-02-23,3684,榮昌,TPEx,W,,fV300|fV100,W_atr14@3,80,527,漏網,687,0.03578,,atr14=0.418|n_lu_250=0.679|r20=0.124|c_ma120=0.627|vr20=0.983|days_since_lu=0.404|dt_ratio20=NaN|lend_to_v=0.335|rev_yoy=0.665|o_turn=0.719|o_log_mcap=0.042|o_lu_follow=0.918,"官方日成交結構(MI_INDEX/dailyQuotes)=1|發行股數(MI_QFIIS/dailyQuotes)=1|外資持股(MI_QFIIS,僅上市)=0|自營商(T86/上櫃三大法人)=1|當沖(TWTB4U/上櫃intraday)=1|季財報(MOPS t163sb04)=1|月營收(MOPS/openapi)=1|官方產業別(MOPS t05st03)=1|融資券(MI_MARGN)=1|借券(TWT93U)=1|法人(T86)=1",871,inf,250.0,official_prepanel,82.85,,0.0,0.0,0,1,3.659,22.125,-0.697,132.0,0,未扣成本·事後欄位以 m_ 標示·非投資建議
HC,1,2026-02-11,2026-02-23,7810,捷創科技,TPEx,W,,fH125|fA60|fBP,W_atr14@3,7,527,漏網,1863,0.069529,,atr14=0.915|n_lu_250=0.308|r20=0.000|c_ma120=NaN|vr20=0.598|days_since_lu=0.325|dt_ratio20=NaN|lend_to_v=0.044|rev_yoy=0.792|o_turn=0.806|o_log_mcap=0.212|o_lu_follow=0.340,"官方日成交結構(MI_INDEX/dailyQuotes)=1|發行股數(MI_QFIIS/dailyQuotes)=1|外資持股(MI_QFIIS,僅上市)=0|自營商(T86/上櫃三大法人)=1|當沖(TWTB4U/上櫃intraday)=1|季財報(MOPS t163sb04)=1|月營收(MOPS/openapi)=1|官方產業別(MOPS t05st03)=1|融資券(MI_MARGN)=0|借券(TWT93U)=1|法人(T86)=1",35,35.0,35.0,official,323.1,,0.0,0.0,0,1,6.443,10.567,-10.825,137.0,0,未扣成本·事後欄位以 m_ 標示·非投資建議
HC,1,2026-02-24,2026-02-25,3054,立萬利,TWSE,W,,fV300|fV100,W_atr14@3,84,529,漏網,360,0.034804,,atr14=0.432|n_lu_250=0.323|r20=0.739|c_ma120=0.835|vr20=0.887|days_since_lu=0.400|dt_ratio20=0.532|lend_to_v=0.208|rev_yoy=0.916|o_turn=0.027|o_log_mcap=0.102|o_lu_follow=0.342,"官方日成交結構(MI_INDEX/dailyQuotes)=1|發行股數(MI_QFIIS/dailyQuotes)=1|外資持股(MI_QFIIS,僅上市)=1|自營商(T86/上櫃三大法人)=1|當沖(TWTB4U/上櫃intraday)=1|季財報(MOPS t163sb04)=1|月營收(MOPS/openapi)=1|官方產業別(MOPS t05st03)=1|融資券(MI_MARGN)=1|借券(TWT93U)=1|法人(T86)=1",873,inf,250.0,official_prepanel,51.95,,0.0,0.0,0,1,7.812,29.688,86.875,381.0,0,未扣成本·事後欄位以 m_ 標示·非投資建議
HC,1,2026-03-03,2026-03-04,9918,欣天然,TWSE,W,,fV300|fV100,W_atr14@3,392,539,漏網,1007,0.015033,,atr14=0.046|n_lu_250=0.029|r20=0.808|c_ma120=0.631|vr20=0.997|days_since_lu=0.979|dt_ratio20=NaN|lend_to_v=0.392|rev_yoy=0.156|o_turn=0.026|o_log_mcap=0.366|o_lu_follow=0.754,"官方日成交結構(MI_INDEX/dailyQuotes)=1|發行股數(MI_QFIIS/dailyQuotes)=1|外資持股(MI_QFIIS,僅上市)=1|自營商(T86/上櫃三大法人)=1|當沖(TWTB4U/上櫃intraday)=1|季財報(MOPS t163sb04)=1|月營收(MOPS/openapi)=1|官方產業別(MOPS t05st03)=1|融資券(MI_MARGN)=1|借券(TWT93U)=1|法人(T86)=1",877,inf,250.0,official_prepanel,25.95,,0.0,0.0,0,1,6.078,26.606,1.147,1562.0,0,未扣成本·事後欄位以 m_ 標示·非投資建議
HC,1,2026-03-04,2026-03-05,3664,安瑞-KY,TPEx,W,,fV300|fV100,W_atr14@3,52,523,漏網,1477,0.046149,,atr14=0.589|n_lu_250=0.553|r20=0.036|c_ma120=0.004|vr20=0.891|days_since_lu=0.432|dt_ratio20=NaN|lend_to_v=0.017|rev_yoy=0.775|o_turn=0.082|o_log_mcap=0.000|o_lu_follow=0.105,"官方日成交結構(MI_INDEX/dailyQuotes)=1|發行股數(MI_QFIIS/dailyQuotes)=1|外資持股(MI_QFIIS,僅上市)=0|自營商(T86/上櫃三大法人)=1|當沖(TWTB4U/上櫃intraday)=0|季財報(MOPS t163sb04)=1|月營收(MOPS/openapi)=1|官方產業別(MOPS t05st03)=1|融資券(MI_MARGN)=1|借券(TWT93U)=1|法人(T86)=1",878,inf,250.0,official_prepanel,81.45,,0.0,0.0,0,1,5.118,12.992,6.299,61.0,0,未扣成本·事後欄位以 m_ 標示·非投資建議
HC,1,2026-03-05,2026-03-06,3054,立萬利,TWSE,W,,fV300|fCD,W_atr14@3,22,528,漏網,99,0.060178,,atr14=0.826|n_lu_250=0.707|r20=0.982|c_ma120=0.978|vr20=0.993|days_since_lu=0.001|dt_ratio20=0.831|lend_to_v=0.062|rev_yoy=0.920|o_turn=0.799|o_log_mcap=0.163|o_lu_follow=0.936,"官方日成交結構(MI_INDEX/dailyQuotes)=1|發行股數(MI_QFIIS/dailyQuotes)=1|外資持股(MI_QFIIS,僅上市)=1|自營商(T86/上櫃三大法人)=1|當沖(TWTB4U/上櫃intraday)=1|季財報(MOPS t163sb04)=1|月營收(MOPS/openapi)=1|官方產業別(MOPS t05st03)=1|融資券(MI_MARGN)=1|借券(TWT93U)=1|法人(T86)=1",879,inf,250.0,official_prepanel,245.05,,0.0,1.0,1,0,0.0,46.0,91.111,926.0,0,未扣成本·事後欄位以 m_ 標示·非投資建議
HC,1,2026-03-05,2026-03-06,8917,欣泰,TPEx,W,,fV300|fV100|fH125|fN20,W_atr14@3,172,528,漏網,859,0.029668,,atr14=0.262|n_lu_250=0.169|r20=0.737|c_ma120=NaN|vr20=1.000|days_since_lu=0.001|dt_ratio20=NaN|lend_to_v=0.049|rev_yoy=0.403|o_turn=0.353|o_log_mcap=0.443|o_lu_follow=0.537,"官方日成交結構(MI_INDEX/dailyQuotes)=1|發行股數(MI_QFIIS/dailyQuotes)=1|外資持股(MI_QFIIS,僅上市)=0|自營商(T86/上櫃三大法人)=1|當沖(TWTB4U/上櫃intraday)=1|季財報(MOPS t163sb04)=1|月營收(MOPS/openapi)=1|官方產業別(MOPS t05st03)=1|融資券(MI_MARGN)=1|借券(TWT93U)=1|法人(T86)=1",879,inf,250.0,official_prepanel,49.58,,0.0,0.0,0,1,3.11,-7.529,-6.874,382.0,0,未扣成本·事後欄位以 m_ 標示·非投資建議
HC,1,2026-03-10,2026-03-11,6246,臺龍,TPEx,W,,fV300|fV100,W_atr14@3,263,529,漏網,820,0.025757,,atr14=0.119|n_lu_250=0.570|r20=0.638|c_ma120=0.406|vr20=0.344|days_since_lu=0.655|dt_ratio20=NaN|lend_to_v=0.017|rev_yoy=0.158|o_turn=0.037|o_log_mcap=0.000|o_lu_follow=0.154,"官方日成交結構(MI_INDEX/dailyQuotes)=1|發行股數(MI_QFIIS/dailyQuotes)=1|外資持股(MI_QFIIS,僅上市)=0|自營商(T86/上櫃三大法人)=1|當沖(TWTB4U/上櫃intraday)=0|季財報(MOPS t163sb04)=1|月營收(MOPS/openapi)=1|官方產業別(MOPS t05st03)=1|融資券(MI_MARGN)=1|借券(TWT93U)=1|法人(T86)=1",882,inf,250.0,official_prepanel,52.55,,0.0,0.0,0,1,2.787,12.892,12.195,477.0,0,未扣成本·事後欄位以 m_ 標示·非投資建議
HC,1,2026-03-10,2026-03-11,8472,納維康,TPEx,W,,fV300|fV100|fN20,W_atr14@3,14,529,漏網,384,0.075219,,atr14=0.918|n_lu_250=0.986|r20=0.642|c_ma120=0.087|vr20=0.010|days_since_lu=0.159|dt_ratio20=NaN|lend_to_v=0.017|rev_yoy=0.667|o_turn=0.001|o_log_mcap=0.008|o_lu_follow=1.000,"官方日成交結構(MI_INDEX/dailyQuotes)=1|發行股數(MI_QFIIS/dailyQuotes)=1|外資持股(MI_QFIIS,僅上市)=0|自營商(T86/上櫃三大法人)=0|當沖(TWTB4U/上櫃intraday)=1|季財報(MOPS t163sb04)=1|月營收(MOPS/openapi)=1|官方產業別(MOPS t05st03)=1|融資券(MI_MARGN)=1|借券(TWT93U)=1|法人(T86)=0",882,inf,250.0,official_prepanel,30.79,,0.0,0.0,0,1,6.935,32.419,26.29,108.0,0,未扣成本·事後欄位以 m_ 標示·非投資建議
HC,1,2026-03-11,2026-03-12,7547,碩網,TPEx,W,,fV300|fV100,W_atr14@3,140,524,漏網,1641,0.033929,,atr14=0.290|n_lu_250=0.471|r20=0.311|c_ma120=0.012|vr20=0.710|days_since_lu=0.591|dt_ratio20=NaN|lend_to_v=0.016|rev_yoy=0.874|o_turn=0.075|o_log_mcap=0.030|o_lu_follow=0.916,"官方日成交結構(MI_INDEX/dailyQuotes)=1|發行股數(MI_QFIIS/dailyQuotes)=1|外資持股(MI_QFIIS,僅上市)=0|自營商(T86/上櫃三大法人)=1|當沖(TWTB4U/上櫃intraday)=1|季財報(MOPS t163sb04)=1|月營收(MOPS/openapi)=1|官方產業別(MOPS t05st03)=1|融資券(MI_MARGN)=1|借券(TWT93U)=1|法人(T86)=1",148,148.0,148.0,official,37.8,,0.0,0.0,0,1,4.38,14.964,39.234,93.0,0,未扣成本·事後欄位以 m_ 標示·非投資建議
HC,1,2026-03-12,2026-03-13,1725,元禎,TWSE,W,,fV300|fV100,W_atr14@3,59,522,漏網,493,0.048151,,atr14=0.560|n_lu_250=0.638|r20=0.488|c_ma120=0.442|vr20=0.655|days_since_lu=0.381|dt_ratio20=0.493|lend_to_v=0.445|rev_yoy=0.181|o_turn=0.004|o_log_mcap=0.225|o_lu_follow=0.108,"官方日成交結構(MI_INDEX/dailyQuotes)=1|發行股數(MI_QFIIS/dailyQuotes)=1|外資持股(MI_QFIIS,僅上市)=1|自營商(T86/上櫃三大法人)=1|當沖(TWTB4U/上櫃intraday)=1|季財報(MOPS t163sb04)=1|月營收(MOPS/openapi)=1|官方產業別(MOPS t05st03)=1|融資券(MI_MARGN)=1|借券(TWT93U)=1|法人(T86)=1",884,inf,250.0,official_prepanel,78.45,,0.0,0.0,0,1,13.9,36.873,18.147,446.0,0,未扣成本·事後欄位以 m_ 標示·非投資建議
HC,1,2026-03-12,2026-03-13,3523,迎輝,TPEx,W,,fV300|fV100|fH125|fN20,W_atr14@3,47,522,漏網,1125,0.05239,,atr14=0.630|n_lu_250=0.762|r20=0.005|c_ma120=0.021|vr20=0.992|days_since_lu=0.295|dt_ratio20=NaN|lend_to_v=0.015|rev_yoy=0.019|o_turn=0.078|o_log_mcap=0.000|o_lu_follow=0.671,"官方日成交結構(MI_INDEX/dailyQuotes)=1|發行股數(MI_QFIIS/dailyQuotes)=1|外資持股(MI_QFIIS,僅上市)=0|自營商(T86/上櫃三大法人)=1|當沖(TWTB4U/上櫃intraday)=0|季財報(MOPS t163sb04)=1|月營收(MOPS/openapi)=1|官方產業別(MOPS t05st03)=1|融資券(MI_MARGN)=1|借券(TWT93U)=1|法人(T86)=1",884,inf,250.0,official_prepanel,19.71,,0.0,0.0,0,1,9.926,17.647,8.088,172.0,0,未扣成本·事後欄位以 m_ 標示·非投資建議
HC,1,2026-03-12,2026-03-13,6574,霈方,TPEx,W,,fV300|fV100|fH125,W_atr14@3,152,522,漏網,252,0.033922,,atr14=0.278|n_lu_250=0.921|r20=0.901|c_ma120=NaN|vr20=0.894|days_since_lu=0.630|dt_ratio20=NaN|lend_to_v=NaN|rev_yoy=0.846|o_turn=0.166|o_log_mcap=0.028|o_lu_follow=0.985,"官方日成交結構(MI_INDEX/dailyQuotes)=1|發行股數(MI_QFIIS/dailyQuotes)=1|外資持股(MI_QFIIS,僅上市)=0|自營商(T86/上櫃三大法人)=1|當沖(TWTB4U/上櫃intraday)=0|季財報(MOPS t163sb04)=1|月營收(MOPS/openapi)=1|官方產業別(MOPS t05st03)=1|融資券(MI_MARGN)=0|借券(TWT93U)=0|法人(T86)=1",884,inf,250.0,official_prepanel,25.15,,0.0,0.0,1,0,0.0,36.971,33.63,99.0,0,未扣成本·事後欄位以 m_ 標示·非投資建議
HC,1,2026-03-13,2026-03-16,2314,台揚,TWSE,W,,fV300|fH125|fBP,W_atr14@3,150,527,漏網,1185,0.034542,,atr14=0.288|n_lu_250=0.983|r20=0.026|c_ma120=0.075|vr20=0.901|days_since_lu=0.386|dt_ratio20=NaN|lend_to_v=0.016|rev_yoy=0.563|o_turn=0.439|o_log_mcap=0.026|o_lu_follow=0.997,"官方日成交結構(MI_INDEX/dailyQuotes)=1|發行股數(MI_QFIIS/dailyQuotes)=1|外資持股(MI_QFIIS,僅上市)=1|自營商(T86/上櫃三大法人)=1|當沖(TWTB4U/上櫃intraday)=0|季財報(MOPS t163sb04)=1|月營收(MOPS/openapi)=1|官方產業別(MOPS t05st03)=1|融資券(MI_MARGN)=1|借券(TWT93U)=1|法人(T86)=1",885,inf,250.0,official_prepanel,248.15,,0.0,0.0,1,0,0.0,2.989,3.533,727.0,0,未扣成本·事後欄位以 m_ 標示·非投資建議
HC,1,2026-03-13,2026-03-16,4923,力士,TPEx,W,,fV300|fV100,W_atr14@3,117,527,漏網,377,0.037497,,atr14=0.341|n_lu_250=0.876|r20=0.582|c_ma120=0.530|vr20=0.853|days_since_lu=0.347|dt_ratio20=NaN|lend_to_v=0.492|rev_yoy=0.842|o_turn=0.199|o_log_mcap=0.003|o_lu_follow=0.924,"官方日成交結構(MI_INDEX/dailyQuotes)=1|發行股數(MI_QFIIS/dailyQuotes)=1|外資持股(MI_QFIIS,僅上市)=0|自營商(T86/上櫃三大法人)=1|當沖(TWTB4U/上櫃intraday)=1|季財報(MOPS t163sb04)=1|月營收(MOPS/openapi)=1|官方產業別(MOPS t05st03)=1|融資券(MI_MARGN)=1|借券(TWT93U)=1|法人(T86)=1",885,inf,250.0,official_prepanel,49.3,,0.0,0.0,0,1,9.105,16.613,11.661,241.0,0,未扣成本·事後欄位以 m_ 標示·非投資建議
HC,1,2026-03-16,2026-03-17,4741,泓瀚,TPEx,W,,fV300|fV100,W_atr14@3,194,513,漏網,668,0.029789,,atr14=0.207|n_lu_250=0.337|r20=0.622|c_ma120=0.505|vr20=0.142|days_since_lu=0.571|dt_ratio20=NaN|lend_to_v=0.597|rev_yoy=0.771|o_turn=0.039|o_log_mcap=0.000|o_lu_follow=0.970,"官方日成交結構(MI_INDEX/dailyQuotes)=1|發行股數(MI_QFIIS/dailyQuotes)=1|外資持股(MI_QFIIS,僅上市)=0|自營商(T86/上櫃三大法人)=1|當沖(TWTB4U/上櫃intraday)=1|季財報(MOPS t163sb04)=1|月營收(MOPS/openapi)=1|官方產業別(MOPS t05st03)=1|融資券(MI_MARGN)=1|借券(TWT93U)=1|法人(T86)=1",886,inf,250.0,official_prepanel,74.65,,0.0,0.0,0,1,9.865,13.453,58.52,628.0,0,未扣成本·事後欄位以 m_ 標示·非投資建議
HC,1,2026-03-16,2026-03-17,4905,台聯電,TPEx,W,,fV300|fV100|fH125|fN20,W_atr14@3,228,513,漏網,1404,0.027473,,atr14=0.148|n_lu_250=0.166|r20=0.428|c_ma120=NaN|vr20=0.551|days_since_lu=0.839|dt_ratio20=NaN|lend_to_v=0.239|rev_yoy=0.771|o_turn=0.001|o_log_mcap=0.027|o_lu_follow=0.543,"官方日成交結構(MI_INDEX/dailyQuotes)=1|發行股數(MI_QFIIS/dailyQuotes)=1|外資持股(MI_QFIIS,僅上市)=0|自營商(T86/上櫃三大法人)=0|當沖(TWTB4U/上櫃intraday)=1|季財報(MOPS t163sb04)=1|月營收(MOPS/openapi)=1|官方產業別(MOPS t05st03)=1|融資券(MI_MARGN)=1|借券(TWT93U)=1|法人(T86)=0",886,inf,250.0,official_prepanel,10.5,,0.0,0.0,0,1,9.804,60.458,37.092,113.0,0,未扣成本·事後欄位以 m_ 標示·非投資建議
HC,1,2026-03-16,2026-03-17,5468,凱鈺,TPEx,W,,fV300|fV100,W_atr14@3,102,513,漏網,1124,0.039862,,atr14=0.408|n_lu_250=0.850|r20=0.061|c_ma120=0.082|vr20=0.769|days_since_lu=0.525|dt_ratio20=NaN|lend_to_v=0.017|rev_yoy=0.162|o_turn=0.119|o_log_mcap=0.000|o_lu_follow=0.992,"官方日成交結構(MI_INDEX/dailyQuotes)=1|發行股數(MI_QFIIS/dailyQuotes)=1|外資持股(MI_QFIIS,僅上市)=0|自營商(T86/上櫃三大法人)=1|當沖(TWTB4U/上櫃intraday)=0|季財報(MOPS t163sb04)=1|月營收(MOPS/openapi)=1|官方產業別(MOPS t05st03)=1|融資券(MI_MARGN)=1|借券(TWT93U)=1|法人(T86)=1",886,inf,250.0,official_prepanel,77.7,,0.0,0.0,0,1,11.075,20.521,18.241,107.0,0,未扣成本·事後欄位以 m_ 標示·非投資建議
HC,1,2026-03-16,2026-03-17,6465,威潤,TPEx,W,,fV300|fH125|fBP,W_atr14@3,32,513,漏網,234,0.057904,,atr14=0.729|n_lu_250=0.964|r20=0.363|c_ma120=0.898|vr20=0.706|days_since_lu=0.125|dt_ratio20=NaN|lend_to_v=0.017|rev_yoy=0.873|o_turn=0.359|o_log_mcap=0.021|o_lu_follow=0.937,"官方日成交結構(MI_INDEX/dailyQuotes)=1|發行股數(MI_QFIIS/dailyQuotes)=1|外資持股(MI_QFIIS,僅上市)=0|自營商(T86/上櫃三大法人)=1|當沖(TWTB4U/上櫃intraday)=0|季財報(MOPS t163sb04)=1|月營收(MOPS/openapi)=1|官方產業別(MOPS t05st03)=1|融資券(MI_MARGN)=1|借券(TWT93U)=1|法人(T86)=1",886,inf,250.0,official_prepanel,163.35,,0.0,0.0,0,1,7.37,24.422,32.948,316.0,0,未扣成本·事後欄位以 m_ 標示·非投資建議
HC,1,2026-03-16,2026-03-17,9929,秋雨,TWSE,W,,fV300|fV100|fH125,W_atr14@3,179,513,漏網,1390,0.031815,,atr14=0.240|n_lu_250=0.166|r20=0.400|c_ma120=0.237|vr20=0.842|days_since_lu=0.564|dt_ratio20=NaN|lend_to_v=0.017|rev_yoy=0.365|o_turn=0.004|o_log_mcap=0.004|o_lu_follow=0.543,"官方日成交結構(MI_INDEX/dailyQuotes)=1|發行股數(MI_QFIIS/dailyQuotes)=1|外資持股(MI_QFIIS,僅上市)=1|自營商(T86/上櫃三大法人)=1|當沖(TWTB4U/上櫃intraday)=0|季財報(MOPS t163sb04)=1|月營收(MOPS/openapi)=1|官方產業別(MOPS t05st03)=1|融資券(MI_MARGN)=1|借券(TWT93U)=1|法人(T86)=1",886,inf,250.0,official_prepanel,27.65,,0.0,0.0,0,1,8.095,32.381,20.476,129.0,0,未扣成本·事後欄位以 m_ 標示·非投資建議
HC,1,2026-03-17,2026-03-18,3057,喬鼎,TWSE,W,,fV300|fH125|fBP,W_atr14@3,57,518,漏網,587,0.047148,,atr14=0.550|n_lu_250=0.968|r20=0.151|c_ma120=0.330|vr20=0.624|days_since_lu=0.314|dt_ratio20=NaN|lend_to_v=0.015|rev_yoy=0.187|o_turn=0.245|o_log_mcap=0.000|o_lu_follow=0.985,"官方日成交結構(MI_INDEX/dailyQuotes)=1|發行股數(MI_QFIIS/dailyQuotes)=1|外資持股(MI_QFIIS,僅上市)=1|自營商(T86/上櫃三大法人)=1|當沖(TWTB4U/上櫃intraday)=0|季財報(MOPS t163sb04)=1|月營收(MOPS/openapi)=1|官方產業別(MOPS t05st03)=1|融資券(MI_MARGN)=1|借券(TWT93U)=1|法人(T86)=1",887,inf,250.0,official_prepanel,173.05,,0.0,0.0,0,1,9.901,8.911,0.33,334.0,0,未扣成本·事後欄位以 m_ 標示·非投資建議
HC,1,2026-03-17,2026-03-18,6907,雅特力-KY,TPEx,W,,fH125|fA60|fBP|fCD,W_atr14@3,6,518,漏網,1839,0.080195,,atr14=0.943|n_lu_250=0.878|r20=1.000|c_ma120=NaN|vr20=0.422|days_since_lu=0.014|dt_ratio20=NaN|lend_to_v=NaN|rev_yoy=0.932|o_turn=0.707|o_log_mcap=0.359|o_lu_follow=1.000,"官方日成交結構(MI_INDEX/dailyQuotes)=1|發行股數(MI_QFIIS/dailyQuotes)=1|外資持股(MI_QFIIS,僅上市)=0|自營商(T86/上櫃三大法人)=1|當沖(TWTB4U/上櫃intraday)=0|季財報(MOPS t163sb04)=1|月營收(MOPS/openapi)=1|官方產業別(MOPS t05st03)=1|融資券(MI_MARGN)=0|借券(TWT93U)=0|法人(T86)=1",26,26.0,26.0,official,909.4,,1.0,0.0,0,1,2.837,-4.965,-24.468,633.0,0,未扣成本·事後欄位以 m_ 標示·非投資建議
HC,1,2026-03-19,2026-03-20,3259,鑫創,TPEx,W,,fV300|fV100,W_atr14@3,235,506,漏網,1368,0.026813,,atr14=0.143|n_lu_250=0.748|r20=0.146|c_ma120=0.053|vr20=0.042|days_since_lu=0.511|dt_ratio20=NaN|lend_to_v=0.016|rev_yoy=0.152|o_turn=0.002|o_log_mcap=0.006|o_lu_follow=0.891,"官方日成交結構(MI_INDEX/dailyQuotes)=1|發行股數(MI_QFIIS/dailyQuotes)=1|外資持股(MI_QFIIS,僅上市)=0|自營商(T86/上櫃三大法人)=1|當沖(TWTB4U/上櫃intraday)=0|季財報(MOPS t163sb04)=1|月營收(MOPS/openapi)=1|官方產業別(MOPS t05st03)=1|融資券(MI_MARGN)=1|借券(TWT93U)=1|法人(T86)=1",889,inf,250.0,official_prepanel,94.8,,0.0,0.0,0,1,2.235,2.514,0.559,293.0,0,未扣成本·事後欄位以 m_ 標示·非投資建議
HC,1,2026-03-19,2026-03-20,7810,捷創科技,TPEx,W,,fV300|fH125|fA60|fBP,W_atr14@3,8,506,漏網,1865,0.072131,,atr14=0.906|n_lu_250=0.550|r20=0.526|c_ma120=NaN|vr20=0.847|days_since_lu=0.278|dt_ratio20=NaN|lend_to_v=0.051|rev_yoy=0.821|o_turn=0.779|o_log_mcap=0.175|o_lu_follow=0.841,"官方日成交結構(MI_INDEX/dailyQuotes)=1|發行股數(MI_QFIIS/dailyQuotes)=1|外資持股(MI_QFIIS,僅上市)=0|自營商(T86/上櫃三大法人)=1|當沖(TWTB4U/上櫃intraday)=1|季財報(MOPS t163sb04)=1|月營收(MOPS/openapi)=1|官方產業別(MOPS t05st03)=1|融資券(MI_MARGN)=0|借券(TWT93U)=1|法人(T86)=1",53,53.0,53.0,official,222.6,,0.0,0.0,0,1,9.291,27.139,13.447,385.0,0,未扣成本·事後欄位以 m_ 標示·非投資建議
HC,1,2026-03-20,2026-03-23,6725,矽科宏晟,TPEx,W,,fV300|fH125|fA60,W_atr14@3,23,503,漏網,1868,0.058372,,atr14=0.745|n_lu_250=0.166|r20=0.317|c_ma120=NaN|vr20=0.136|days_since_lu=0.438|dt_ratio20=NaN|lend_to_v=0.103|rev_yoy=0.639|o_turn=0.264|o_log_mcap=0.376|o_lu_follow=0.530,"官方日成交結構(MI_INDEX/dailyQuotes)=1|發行股數(MI_QFIIS/dailyQuotes)=1|外資持股(MI_QFIIS,僅上市)=0|自營商(T86/上櫃三大法人)=1|當沖(TWTB4U/上櫃intraday)=1|季財報(MOPS t163sb04)=1|月營收(MOPS/openapi)=1|官方產業別(MOPS t05st03)=1|融資券(MI_MARGN)=0|借券(TWT93U)=1|法人(T86)=1",50,50.0,50.0,official,248.55,,0.0,0.0,0,1,10.129,15.086,15.086,422.0,0,未扣成本·事後欄位以 m_ 標示·非投資建議
HC,1,2026-03-23,2026-03-24,3150,鈺寶-創,TWSE,W,,fV300|fV100,W_atr14@3,59,509,漏網,1322,0.046875,,atr14=0.527|n_lu_250=0.331|r20=0.249|c_ma120=0.076|vr20=0.210|days_since_lu=0.664|dt_ratio20=0.284|lend_to_v=0.411|rev_yoy=0.222|o_turn=0.018|o_log_mcap=0.000|o_lu_follow=0.342,"官方日成交結構(MI_INDEX/dailyQuotes)=1|發行股數(MI_QFIIS/dailyQuotes)=1|外資持股(MI_QFIIS,僅上市)=1|自營商(T86/上櫃三大法人)=1|當沖(TWTB4U/上櫃intraday)=1|季財報(MOPS t163sb04)=1|月營收(MOPS/openapi)=1|官方產業別(MOPS t05st03)=1|融資券(MI_MARGN)=1|借券(TWT93U)=1|法人(T86)=1",419,419.0,250.0,official,63.95,,0.0,0.0,0,1,7.975,11.656,10.736,262.0,0,未扣成本·事後欄位以 m_ 標示·非投資建議
HC,1,2026-03-23,2026-03-24,4154,樂威科-KY,TPEx,W,,fV300|fV100|fH125|fN20,W_atr14@3,500,509,漏網,1871,,,atr14=NaN|n_lu_250=0.165|r20=0.011|c_ma120=NaN|vr20=0.882|days_since_lu=0.841|dt_ratio20=NaN|lend_to_v=NaN|rev_yoy=0.870|o_turn=0.035|o_log_mcap=0.000|o_lu_follow=0.531,"官方日成交結構(MI_INDEX/dailyQuotes)=1|發行股數(MI_QFIIS/dailyQuotes)=1|外資持股(MI_QFIIS,僅上市)=0|自營商(T86/上櫃三大法人)=0|當沖(TWTB4U/上櫃intraday)=0|季財報(MOPS t163sb04)=1|月營收(MOPS/openapi)=1|官方產業別(MOPS t05st03)=1|融資券(MI_MARGN)=0|借券(TWT93U)=0|法人(T86)=0",891,inf,250.0,official_prepanel,22.25,,0.0,0.0,0,1,6.103,39.906,35.681,20.0,0,未扣成本·事後欄位以 m_ 標示·非投資建議
HC,1,2026-03-23,2026-03-24,6821,聯寶,TPEx,W,,fV300|fV100,W_atr14@3,272,509,漏網,652,0.024804,,atr14=0.097|n_lu_250=0.546|r20=0.602|c_ma120=0.584|vr20=0.967|days_since_lu=0.387|dt_ratio20=NaN|lend_to_v=0.517|rev_yoy=0.283|o_turn=0.553|o_log_mcap=0.010|o_lu_follow=0.155,"官方日成交結構(MI_INDEX/dailyQuotes)=1|發行股數(MI_QFIIS/dailyQuotes)=1|外資持股(MI_QFIIS,僅上市)=0|自營商(T86/上櫃三大法人)=1|當沖(TWTB4U/上櫃intraday)=1|季財報(MOPS t163sb04)=1|月營收(MOPS/openapi)=1|官方產業別(MOPS t05st03)=1|融資券(MI_MARGN)=1|借券(TWT93U)=1|法人(T86)=1",688,688.0,250.0,official,59.5,,0.0,0.0,1,0,0.0,44.893,27.078,416.0,0,未扣成本·事後欄位以 m_ 標示·非投資建議
HC,1,2026-03-24,2026-03-25,3085,,TPEx,W,,fV300|fV100|fH125|fN20,W_atr14@3,239,505,漏網,1554,0.025641,,atr14=0.121|n_lu_250=0.746|r20=0.113|c_ma120=0.042|vr20=0.811|days_since_lu=0.434|dt_ratio20=NaN|lend_to_v=0.016|rev_yoy=0.194|o_turn=0.006|o_log_mcap=0.000|o_lu_follow=0.984,"官方日成交結構(MI_INDEX/dailyQuotes)=1|發行股數(MI_QFIIS/dailyQuotes)=1|外資持股(MI_QFIIS,僅上市)=0|自營商(T86/上櫃三大法人)=0|當沖(TWTB4U/上櫃intraday)=0|季財報(MOPS t163sb04)=1|月營收(MOPS/openapi)=1|官方產業別(MOPS t05st03)=0|融資券(MI_MARGN)=1|借券(TWT93U)=1|法人(T86)=0",892,inf,250.0,official_prepanel,17.0,,0.0,0.0,0,1,9.778,16.444,17.333,28.0,0,未扣成本·事後欄位以 m_ 標示·非投資建議
HC,1,2026-03-25,2026-03-26,4804,,TPEx,W,,fP10|fV300|fV100,W_atr14@3,71,511,漏網,1231,0.042857,,atr14=0.524|n_lu_250=0.758|r20=0.029|c_ma120=0.005|vr20=0.810|days_since_lu=0.687|dt_ratio20=NaN|lend_to_v=0.016|rev_yoy=NaN|o_turn=0.059|o_log_mcap=0.000|o_lu_follow=0.888,"官方日成交結構(MI_INDEX/dailyQuotes)=1|發行股數(MI_QFIIS/dailyQuotes)=1|外資持股(MI_QFIIS,僅上市)=0|自營商(T86/上櫃三大法人)=0|當沖(TWTB4U/上櫃intraday)=0|季財報(MOPS t163sb04)=1|月營收(MOPS/openapi)=0|官方產業別(MOPS t05st03)=0|融資券(MI_MARGN)=1|借券(TWT93U)=1|法人(T86)=0",893,inf,250.0,official_prepanel,55.8,,0.0,0.0,0,1,10.0,22.4,-27.4,149.0,0,未扣成本·事後欄位以 m_ 標示·非投資建議
HC,1,2026-03-25,2026-03-26,7780,大研生醫*,TWSE,W,,fH125|fBP,W_atr14@3,56,511,漏網,1695,0.044937,,atr14=0.576|n_lu_250=0.697|r20=0.005|c_ma120=0.000|vr20=0.350|days_since_lu=0.393|dt_ratio20=0.264|lend_to_v=0.172|rev_yoy=0.754|o_turn=0.322|o_log_mcap=0.573|o_lu_follow=0.994,"官方日成交結構(MI_INDEX/dailyQuotes)=1|發行股數(MI_QFIIS/dailyQuotes)=1|外資持股(MI_QFIIS,僅上市)=1|自營商(T86/上櫃三大法人)=1|當沖(TWTB4U/上櫃intraday)=1|季財報(MOPS t163sb04)=1|月營收(MOPS/openapi)=1|官方產業別(MOPS t05st03)=1|融資券(MI_MARGN)=0|借券(TWT93U)=1|法人(T86)=1",128,128.0,128.0,official,4136.65,,0.0,0.0,1,0,0.0,1.25,5.5,1698.0,0,未扣成本·事後欄位以 m_ 標示·非投資建議
HC,1,2026-03-26,2026-03-27,5016,松和,TPEx,W,,fV300|fV100|fH125,W_atr14@3,364,507,漏網,1256,0.017751,,atr14=0.040|n_lu_250=0.032|r20=0.656|c_ma120=0.520|vr20=0.713|days_since_lu=0.977|dt_ratio20=NaN|lend_to_v=0.018|rev_yoy=0.256|o_turn=0.002|o_log_mcap=0.008|o_lu_follow=0.774,"官方日成交結構(MI_INDEX/dailyQuotes)=1|發行股數(MI_QFIIS/dailyQuotes)=1|外資持股(MI_QFIIS,僅上市)=0|自營商(T86/上櫃三大法人)=0|當沖(TWTB4U/上櫃intraday)=1|季財報(MOPS t163sb04)=1|月營收(MOPS/openapi)=1|官方產業別(MOPS t05st03)=1|融資券(MI_MARGN)=1|借券(TWT93U)=1|法人(T86)=0",894,inf,250.0,official_prepanel,11.85,,0.0,0.0,0,1,7.115,20.577,15.577,545.0,0,未扣成本·事後欄位以 m_ 標示·非投資建議
HC,1,2026-03-26,2026-03-27,6865,偉康科技,TPEx,W,,fV300|fV100,W_atr14@3,154,507,漏網,1461,0.032259,,atr14=0.277|n_lu_250=0.683|r20=0.135|c_ma120=0.024|vr20=0.142|days_since_lu=0.586|dt_ratio20=NaN|lend_to_v=0.047|rev_yoy=0.066|o_turn=0.067|o_log_mcap=0.000|o_lu_follow=0.687,"官方日成交結構(MI_INDEX/dailyQuotes)=1|發行股數(MI_QFIIS/dailyQuotes)=1|外資持股(MI_QFIIS,僅上市)=0|自營商(T86/上櫃三大法人)=1|當沖(TWTB4U/上櫃intraday)=1|季財報(MOPS t163sb04)=1|月營收(MOPS/openapi)=1|官方產業別(MOPS t05st03)=1|融資券(MI_MARGN)=1|借券(TWT93U)=1|法人(T86)=1",770,770.0,250.0,official,36.6,,0.0,0.0,0,1,8.955,11.194,7.015,83.0,0,未扣成本·事後欄位以 m_ 標示·非投資建議
HC,1,2026-03-27,2026-03-30,1323,永裕,TWSE,W,,fV300|fV100,W_atr14@3,418,493,漏網,1169,0.012341,,atr14=0.012|n_lu_250=0.162|r20=0.735|c_ma120=0.441|vr20=0.675|days_since_lu=0.844|dt_ratio20=0.011|lend_to_v=0.479|rev_yoy=0.584|o_turn=0.035|o_log_mcap=0.026|o_lu_follow=0.517,"官方日成交結構(MI_INDEX/dailyQuotes)=1|發行股數(MI_QFIIS/dailyQuotes)=1|外資持股(MI_QFIIS,僅上市)=1|自營商(T86/上櫃三大法人)=1|當沖(TWTB4U/上櫃intraday)=1|季財報(MOPS t163sb04)=1|月營收(MOPS/openapi)=1|官方產業別(MOPS t05st03)=1|融資券(MI_MARGN)=1|借券(TWT93U)=1|法人(T86)=1",895,inf,250.0,official_prepanel,72.75,,0.0,0.0,0,1,10.818,30.079,15.04,447.0,0,未扣成本·事後欄位以 m_ 標示·非投資建議
HC,1,2026-03-27,2026-03-30,4558,寶緯,TPEx,W,,fV300|fV100,W_atr14@3,238,493,漏網,1509,0.022865,,atr14=0.132|n_lu_250=0.032|r20=0.645|c_ma120=0.207|vr20=0.900|days_since_lu=0.937|dt_ratio20=NaN|lend_to_v=0.830|rev_yoy=0.109|o_turn=0.034|o_log_mcap=0.001|o_lu_follow=0.764,"官方日成交結構(MI_INDEX/dailyQuotes)=1|發行股數(MI_QFIIS/dailyQuotes)=1|外資持股(MI_QFIIS,僅上市)=0|自營商(T86/上櫃三大法人)=1|當沖(TWTB4U/上櫃intraday)=1|季財報(MOPS t163sb04)=1|月營收(MOPS/openapi)=1|官方產業別(MOPS t05st03)=1|融資券(MI_MARGN)=1|借券(TWT93U)=1|法人(T86)=1",895,inf,250.0,official_prepanel,22.4,,0.0,0.0,0,1,0.242,-6.763,-4.589,183.0,0,未扣成本·事後欄位以 m_ 標示·非投資建議
HC,1,2026-03-30,2026-03-31,6934,心誠鎂,TWSE,W,,fV300|fH125|fA60,W_atr14@3,20,508,漏網,1816,0.060775,,atr14=0.772|n_lu_250=0.032|r20=0.003|c_ma120=NaN|vr20=0.124|days_since_lu=0.976|dt_ratio20=NaN|lend_to_v=NaN|rev_yoy=0.005|o_turn=0.235|o_log_mcap=0.078|o_lu_follow=0.758,"官方日成交結構(MI_INDEX/dailyQuotes)=1|發行股數(MI_QFIIS/dailyQuotes)=1|外資持股(MI_QFIIS,僅上市)=1|自營商(T86/上櫃三大法人)=1|當沖(TWTB4U/上櫃intraday)=0|季財報(MOPS t163sb04)=1|月營收(MOPS/openapi)=1|官方產業別(MOPS t05st03)=1|融資券(MI_MARGN)=0|借券(TWT93U)=0|法人(T86)=1",33,33.0,33.0,official,220.4,,0.0,0.0,1,0,0.0,7.235,17.7,164.0,0,未扣成本·事後欄位以 m_ 標示·非投資建議
HC,1,2026-03-31,2026-04-01,1796,金穎生技,TPEx,W,,fV300|fV100,W_atr14@3,216,523,漏網,1792,0.024623,,atr14=0.152|n_lu_250=0.515|r20=0.041|c_ma120=0.017|vr20=0.448|days_since_lu=0.689|dt_ratio20=NaN|lend_to_v=0.504|rev_yoy=0.556|o_turn=0.008|o_log_mcap=0.019|o_lu_follow=0.823,"官方日成交結構(MI_INDEX/dailyQuotes)=1|發行股數(MI_QFIIS/dailyQuotes)=1|外資持股(MI_QFIIS,僅上市)=0|自營商(T86/上櫃三大法人)=1|當沖(TWTB4U/上櫃intraday)=1|季財報(MOPS t163sb04)=1|月營收(MOPS/openapi)=1|官方產業別(MOPS t05st03)=1|融資券(MI_MARGN)=1|借券(TWT93U)=1|法人(T86)=1",897,inf,250.0,official_prepanel,25.9,,0.0,0.0,0,1,9.63,21.778,18.519,49.0,0,未扣成本·事後欄位以 m_ 標示·非投資建議
HC,1,2026-03-31,2026-04-01,4911,德英,TPEx,W,,fV300|fV100,W_atr14@3,213,523,漏網,1519,0.024745,,atr14=0.156|n_lu_250=0.311|r20=0.586|c_ma120=0.048|vr20=0.125|days_since_lu=0.291|dt_ratio20=NaN|lend_to_v=0.391|rev_yoy=0.028|o_turn=0.001|o_log_mcap=0.062|o_lu_follow=0.335,"官方日成交結構(MI_INDEX/dailyQuotes)=1|發行股數(MI_QFIIS/dailyQuotes)=1|外資持股(MI_QFIIS,僅上市)=0|自營商(T86/上櫃三大法人)=1|當沖(TWTB4U/上櫃intraday)=1|季財報(MOPS t163sb04)=1|月營收(MOPS/openapi)=1|官方產業別(MOPS t05st03)=1|融資券(MI_MARGN)=1|借券(TWT93U)=1|法人(T86)=1",897,inf,250.0,official_prepanel,45.5,,0.0,0.0,0,1,7.857,10.857,7.0,104.0,0,未扣成本·事後欄位以 m_ 標示·非投資建議
HC,2,2026-04-01,2026-04-02,6208,日揚,TPEx,W,,fV300|fV100,W_atr14@3,216,537,漏網,547,0.024659,,atr14=0.164|n_lu_250=0.434|r20=0.630|c_ma120=0.657|vr20=0.567|days_since_lu=0.558|dt_ratio20=NaN|lend_to_v=0.445|rev_yoy=0.202|o_turn=0.031|o_log_mcap=0.210|o_lu_follow=0.888,"官方日成交結構(MI_INDEX/dailyQuotes)=1|發行股數(MI_QFIIS/dailyQuotes)=1|外資持股(MI_QFIIS,僅上市)=0|自營商(T86/上櫃三大法人)=1|當沖(TWTB4U/上櫃intraday)=1|季財報(MOPS t163sb04)=1|月營收(MOPS/openapi)=1|官方產業別(MOPS t05st03)=1|融資券(MI_MARGN)=1|借券(TWT93U)=1|法人(T86)=1",898,inf,250.0,official_prepanel,89.9,,0.0,0.0,0,1,8.489,13.872,55.28,1079.0,0,未扣成本·事後欄位以 m_ 標示·非投資建議
HC,2,2026-04-02,2026-04-07,7704,明遠精密,TPEx,W,,fV300|fV100,W_atr14@3,263,530,漏網,528,0.022002,,atr14=0.119|n_lu_250=0.509|r20=0.776|c_ma120=0.583|vr20=0.958|days_since_lu=0.642|dt_ratio20=NaN|lend_to_v=0.385|rev_yoy=0.767|o_turn=0.343|o_log_mcap=0.026|o_lu_follow=0.147,"官方日成交結構(MI_INDEX/dailyQuotes)=1|發行股數(MI_QFIIS/dailyQuotes)=1|外資持股(MI_QFIIS,僅上市)=0|自營商(T86/上櫃三大法人)=1|當沖(TWTB4U/上櫃intraday)=1|季財報(MOPS t163sb04)=1|月營收(MOPS/openapi)=1|官方產業別(MOPS t05st03)=1|融資券(MI_MARGN)=1|借券(TWT93U)=1|法人(T86)=1",312,312.0,250.0,official,46.65,,0.0,0.0,0,1,1.984,21.825,27.381,191.0,0,未扣成本·事後欄位以 m_ 標示·非投資建議
HC,2,2026-04-09,2026-04-10,3268,海德威,TPEx,W,,fV300|fV100,W_atr14@3,86,557,漏網,1295,0.037223,,atr14=0.416|n_lu_250=0.420|r20=0.203|c_ma120=0.092|vr20=0.410|days_since_lu=0.714|dt_ratio20=NaN|lend_to_v=0.682|rev_yoy=0.194|o_turn=0.101|o_log_mcap=0.000|o_lu_follow=0.219,"官方日成交結構(MI_INDEX/dailyQuotes)=1|發行股數(MI_QFIIS/dailyQuotes)=1|外資持股(MI_QFIIS,僅上市)=0|自營商(T86/上櫃三大法人)=1|當沖(TWTB4U/上櫃intraday)=1|季財報(MOPS t163sb04)=1|月營收(MOPS/openapi)=1|官方產業別(MOPS t05st03)=1|融資券(MI_MARGN)=1|借券(TWT93U)=1|法人(T86)=1",902,inf,250.0,official_prepanel,60.9,,0.0,0.0,1,0,0.0,10.577,13.462,127.0,0,未扣成本·事後欄位以 m_ 標示·非投資建議
HC,2,2026-04-09,2026-04-10,6259,百徽,TPEx,W,,fV300|fV100,W_atr14@3,255,557,漏網,809,0.022578,,atr14=0.141|n_lu_250=0.307|r20=0.516|c_ma120=0.522|vr20=0.540|days_since_lu=0.739|dt_ratio20=NaN|lend_to_v=0.363|rev_yoy=0.811|o_turn=0.080|o_log_mcap=0.000|o_lu_follow=0.331,"官方日成交結構(MI_INDEX/dailyQuotes)=1|發行股數(MI_QFIIS/dailyQuotes)=1|外資持股(MI_QFIIS,僅上市)=0|自營商(T86/上櫃三大法人)=1|當沖(TWTB4U/上櫃intraday)=1|季財報(MOPS t163sb04)=1|月營收(MOPS/openapi)=1|官方產業別(MOPS t05st03)=1|融資券(MI_MARGN)=1|借券(TWT93U)=1|法人(T86)=1",902,inf,250.0,official_prepanel,34.7,,0.0,0.0,0,1,5.817,34.349,14.681,937.0,0,未扣成本·事後欄位以 m_ 標示·非投資建議
HC,2,2026-04-09,2026-04-10,7556,意德士,TPEx,W,,fV300|fV100,W_atr14@3,104,557,漏網,455,0.034925,,atr14=0.366|n_lu_250=0.420|r20=0.567|c_ma120=0.657|vr20=0.061|days_since_lu=0.745|dt_ratio20=NaN|lend_to_v=0.272|rev_yoy=0.493|o_turn=0.057|o_log_mcap=0.236|o_lu_follow=0.219,"官方日成交結構(MI_INDEX/dailyQuotes)=1|發行股數(MI_QFIIS/dailyQuotes)=1|外資持股(MI_QFIIS,僅上市)=0|自營商(T86/上櫃三大法人)=1|當沖(TWTB4U/上櫃intraday)=1|季財報(MOPS t163sb04)=1|月營收(MOPS/openapi)=1|官方產業別(MOPS t05st03)=1|融資券(MI_MARGN)=1|借券(TWT93U)=1|法人(T86)=1",902,inf,250.0,official_prepanel,68.95,,0.0,0.0,0,1,7.859,46.341,72.9,262.0,0,未扣成本·事後欄位以 m_ 標示·非投資建議
HC,2,2026-04-09,2026-04-10,7704,明遠精密,TPEx,W,,fV300|fV100|fCD,W_atr14@3,81,557,漏網,280,0.03803,,atr14=0.421|n_lu_250=0.646|r20=0.820|c_ma120=0.698|vr20=1.000|days_since_lu=0.033|dt_ratio20=NaN|lend_to_v=0.213|rev_yoy=0.772|o_turn=0.821|o_log_mcap=0.029|o_lu_follow=0.665,"官方日成交結構(MI_INDEX/dailyQuotes)=1|發行股數(MI_QFIIS/dailyQuotes)=1|外資持股(MI_QFIIS,僅上市)=0|自營商(T86/上櫃三大法人)=1|當沖(TWTB4U/上櫃intraday)=1|季財報(MOPS t163sb04)=1|月營收(MOPS/openapi)=1|官方產業別(MOPS t05st03)=1|融資券(MI_MARGN)=1|借券(TWT93U)=1|法人(T86)=1",315,315.0,250.0,official,95.3,,0.0,0.0,0,1,9.823,19.843,15.914,517.0,0,未扣成本·事後欄位以 m_ 標示·非投資建議
HC,2,2026-04-10,2026-04-13,6229,研通,TPEx,W,,fV300|fV100,W_atr14@3,285,553,漏網,1452,0.020084,,atr14=0.098|n_lu_250=0.514|r20=0.222|c_ma120=0.186|vr20=0.699|days_since_lu=0.717|dt_ratio20=NaN|lend_to_v=0.388|rev_yoy=0.179|o_turn=0.212|o_log_mcap=0.001|o_lu_follow=0.157,"官方日成交結構(MI_INDEX/dailyQuotes)=1|發行股數(MI_QFIIS/dailyQuotes)=1|外資持股(MI_QFIIS,僅上市)=0|自營商(T86/上櫃三大法人)=1|當沖(TWTB4U/上櫃intraday)=1|季財報(MOPS t163sb04)=1|月營收(MOPS/openapi)=1|官方產業別(MOPS t05st03)=1|融資券(MI_MARGN)=1|借券(TWT93U)=1|法人(T86)=1",903,inf,250.0,official_prepanel,65.6,,0.0,0.0,1,0,0.0,12.249,15.367,177.0,0,未扣成本·事後欄位以 m_ 標示·非投資建議
HC,2,2026-04-13,2026-04-14,6791,虎門科技,TPEx,W,,fV300|fV100,W_atr14@3,206,546,漏網,720,0.024878,,atr14=0.199|n_lu_250=0.705|r20=0.480|c_ma120=0.285|vr20=0.870|days_since_lu=0.522|dt_ratio20=NaN|lend_to_v=0.288|rev_yoy=0.449|o_turn=0.210|o_log_mcap=0.055|o_lu_follow=0.643,"官方日成交結構(MI_INDEX/dailyQuotes)=1|發行股數(MI_QFIIS/dailyQuotes)=1|外資持股(MI_QFIIS,僅上市)=0|自營商(T86/上櫃三大法人)=1|當沖(TWTB4U/上櫃intraday)=1|季財報(MOPS t163sb04)=1|月營收(MOPS/openapi)=1|官方產業別(MOPS t05st03)=1|融資券(MI_MARGN)=1|借券(TWT93U)=1|法人(T86)=1",821,821.0,250.0,official,25.3,,0.0,0.0,0,1,6.635,34.621,13.16,218.0,0,未扣成本·事後欄位以 m_ 標示·非投資建議
HC,2,2026-04-13,2026-04-14,9950,萬國通,TPEx,W,,fV300|fV100,W_atr14@3,415,546,漏網,1211,0.014151,,atr14=0.028|n_lu_250=0.313|r20=0.378|c_ma120=0.425|vr20=0.570|days_since_lu=0.448|dt_ratio20=NaN|lend_to_v=0.019|rev_yoy=0.465|o_turn=0.006|o_log_mcap=0.032|o_lu_follow=0.344,"官方日成交結構(MI_INDEX/dailyQuotes)=1|發行股數(MI_QFIIS/dailyQuotes)=1|外資持股(MI_QFIIS,僅上市)=0|自營商(T86/上櫃三大法人)=0|當沖(TWTB4U/上櫃intraday)=0|季財報(MOPS t163sb04)=1|月營收(MOPS/openapi)=1|官方產業別(MOPS t05st03)=1|融資券(MI_MARGN)=1|借券(TWT93U)=1|法人(T86)=0",904,inf,250.0,official_prepanel,58.25,,0.0,0.0,1,0,0.0,1.288,-7.296,1375.0,0,未扣成本·事後欄位以 m_ 標示·非投資建議
HC,2,2026-04-14,2026-04-15,4905,台聯電,TPEx,W,,fV300|fV100|fH125,W_atr14@3,9,560,漏網,164,0.074026,,atr14=0.935|n_lu_250=0.639|r20=0.923|c_ma120=NaN|vr20=0.192|days_since_lu=0.247|dt_ratio20=NaN|lend_to_v=0.045|rev_yoy=0.852|o_turn=0.130|o_log_mcap=0.063|o_lu_follow=0.999,"官方日成交結構(MI_INDEX/dailyQuotes)=1|發行股數(MI_QFIIS/dailyQuotes)=1|外資持股(MI_QFIIS,僅上市)=0|自營商(T86/上櫃三大法人)=1|當沖(TWTB4U/上櫃intraday)=1|季財報(MOPS t163sb04)=1|月營收(MOPS/openapi)=1|官方產業別(MOPS t05st03)=1|融資券(MI_MARGN)=1|借券(TWT93U)=1|法人(T86)=1",905,inf,250.0,official_prepanel,92.25,,0.0,0.0,0,1,10.864,14.66,7.068,45.0,0,未扣成本·事後欄位以 m_ 標示·非投資建議
HC,2,2026-04-14,2026-04-15,6902,GOGOLOOK,TWSE,W,,fV300|fV100,W_atr14@3,252,560,漏網,940,0.021787,,atr14=0.161|n_lu_250=0.415|r20=0.413|c_ma120=0.405|vr20=0.719|days_since_lu=0.750|dt_ratio20=0.006|lend_to_v=0.379|rev_yoy=0.702|o_turn=0.200|o_log_mcap=0.093|o_lu_follow=0.897,"官方日成交結構(MI_INDEX/dailyQuotes)=1|發行股數(MI_QFIIS/dailyQuotes)=1|外資持股(MI_QFIIS,僅上市)=1|自營商(T86/上櫃三大法人)=1|當沖(TWTB4U/上櫃intraday)=1|季財報(MOPS t163sb04)=1|月營收(MOPS/openapi)=1|官方產業別(MOPS t05st03)=1|融資券(MI_MARGN)=1|借券(TWT93U)=1|法人(T86)=1",666,666.0,250.0,official,62.9,,0.0,0.0,0,1,10.052,26.933,41.108,233.0,0,未扣成本·事後欄位以 m_ 標示·非投資建議
HC,2,2026-04-15,2026-04-16,3272,東碩,TPEx,W,,fV300|fV100,W_atr14@3,173,550,漏網,1578,0.027586,,atr14=0.279|n_lu_250=0.513|r20=0.026|c_ma120=0.012|vr20=0.393|days_since_lu=0.531|dt_ratio20=NaN|lend_to_v=0.751|rev_yoy=0.190|o_turn=0.036|o_log_mcap=0.002|o_lu_follow=0.153,"官方日成交結構(MI_INDEX/dailyQuotes)=1|發行股數(MI_QFIIS/dailyQuotes)=1|外資持股(MI_QFIIS,僅上市)=0|自營商(T86/上櫃三大法人)=1|當沖(TWTB4U/上櫃intraday)=1|季財報(MOPS t163sb04)=1|月營收(MOPS/openapi)=1|官方產業別(MOPS t05st03)=1|融資券(MI_MARGN)=1|借券(TWT93U)=1|法人(T86)=1",906,inf,250.0,official_prepanel,63.45,,0.0,0.0,0,1,10.0,34.828,22.069,183.0,0,未扣成本·事後欄位以 m_ 標示·非投資建議
HC,2,2026-04-15,2026-04-16,8092,建暐,TPEx,W,,fV300|fV100,W_atr14@3,183,550,漏網,1554,0.026634,,atr14=0.261|n_lu_250=0.513|r20=0.045|c_ma120=0.044|vr20=0.715|days_since_lu=0.540|dt_ratio20=NaN|lend_to_v=0.414|rev_yoy=0.879|o_turn=0.137|o_log_mcap=0.000|o_lu_follow=0.153,"官方日成交結構(MI_INDEX/dailyQuotes)=1|發行股數(MI_QFIIS/dailyQuotes)=1|外資持股(MI_QFIIS,僅上市)=0|自營商(T86/上櫃三大法人)=1|當沖(TWTB4U/上櫃intraday)=1|季財報(MOPS t163sb04)=1|月營收(MOPS/openapi)=1|官方產業別(MOPS t05st03)=1|融資券(MI_MARGN)=0|借券(TWT93U)=1|法人(T86)=1",906,inf,250.0,official_prepanel,83.05,,0.0,0.0,0,1,9.283,56.54,37.553,528.0,0,未扣成本·事後欄位以 m_ 標示·非投資建議
HC,2,2026-04-16,2026-04-17,6465,威潤,TPEx,W,,fH125|fBP,W_atr14@3,9,555,漏網,62,0.066624,,atr14=0.908|n_lu_250=0.979|r20=0.893|c_ma120=0.900|vr20=0.233|days_since_lu=0.265|dt_ratio20=NaN|lend_to_v=0.035|rev_yoy=0.898|o_turn=0.518|o_log_mcap=0.051|o_lu_follow=0.949,"官方日成交結構(MI_INDEX/dailyQuotes)=1|發行股數(MI_QFIIS/dailyQuotes)=1|外資持股(MI_QFIIS,僅上市)=0|自營商(T86/上櫃三大法人)=1|當沖(TWTB4U/上櫃intraday)=1|季財報(MOPS t163sb04)=1|月營收(MOPS/openapi)=1|官方產業別(MOPS t05st03)=1|融資券(MI_MARGN)=1|借券(TWT93U)=1|法人(T86)=1",907,inf,250.0,official_prepanel,544.1,,0.0,0.0,0,1,9.978,14.126,1.345,1047.0,0,未扣成本·事後欄位以 m_ 標示·非投資建議
HC,2,2026-04-16,2026-04-17,8102,傑霖科技,TPEx,W,,fV300|fV100|fH125|fN20,W_atr14@3,545,555,漏網,1848,,,atr14=NaN|n_lu_250=0.413|r20=0.911|c_ma120=NaN|vr20=0.831|days_since_lu=0.128|dt_ratio20=NaN|lend_to_v=NaN|rev_yoy=0.916|o_turn=0.184|o_log_mcap=0.017|o_lu_follow=0.893,"官方日成交結構(MI_INDEX/dailyQuotes)=1|發行股數(MI_QFIIS/dailyQuotes)=1|外資持股(MI_QFIIS,僅上市)=0|自營商(T86/上櫃三大法人)=1|當沖(TWTB4U/上櫃intraday)=0|季財報(MOPS t163sb04)=1|月營收(MOPS/openapi)=1|官方產業別(MOPS t05st03)=1|融資券(MI_MARGN)=0|借券(TWT93U)=0|法人(T86)=1",72,72.0,72.0,official,30.81,,0.0,0.0,0,1,9.355,14.516,10.323,284.0,0,未扣成本·事後欄位以 m_ 標示·非投資建議
HC,2,2026-04-17,2026-04-20,1441,大東,TWSE,W,,fP10|fV300|fV100,W_atr14@3,373,557,漏網,1592,0.016035,,atr14=0.071|n_lu_250=0.149|r20=0.378|c_ma120=0.206|vr20=0.316|days_since_lu=0.767|dt_ratio20=NaN|lend_to_v=0.017|rev_yoy=0.073|o_turn=0.000|o_log_mcap=0.000|o_lu_follow=0.525,"官方日成交結構(MI_INDEX/dailyQuotes)=1|發行股數(MI_QFIIS/dailyQuotes)=1|外資持股(MI_QFIIS,僅上市)=1|自營商(T86/上櫃三大法人)=1|當沖(TWTB4U/上櫃intraday)=0|季財報(MOPS t163sb04)=1|月營收(MOPS/openapi)=1|官方產業別(MOPS t05st03)=1|融資券(MI_MARGN)=1|借券(TWT93U)=1|法人(T86)=1",908,inf,250.0,official_prepanel,28.3,,0.0,0.0,0,1,5.911,24.138,-1.773,260.0,0,未扣成本·事後欄位以 m_ 標示·非投資建議
HC,2,2026-04-17,2026-04-20,1623,大東電,TWSE,W,,fV300|fH125|fA60|fBP,W_atr14@3,97,557,漏網,1836,0.035118,,atr14=0.468|n_lu_250=0.149|r20=0.644|c_ma120=NaN|vr20=0.948|days_since_lu=0.452|dt_ratio20=NaN|lend_to_v=NaN|rev_yoy=0.451|o_turn=0.517|o_log_mcap=0.522|o_lu_follow=0.525,"官方日成交結構(MI_INDEX/dailyQuotes)=1|發行股數(MI_QFIIS/dailyQuotes)=1|外資持股(MI_QFIIS,僅上市)=1|自營商(T86/上櫃三大法人)=1|當沖(TWTB4U/上櫃intraday)=0|季財報(MOPS t163sb04)=1|月營收(MOPS/openapi)=1|官方產業別(MOPS t05st03)=1|融資券(MI_MARGN)=0|借券(TWT93U)=0|法人(T86)=1",52,52.0,52.0,official,153.1,,0.0,0.0,1,0,0.0,4.348,8.696,386.0,0,未扣成本·事後欄位以 m_ 標示·非投資建議
HC,2,2026-04-17,2026-04-20,2254,巨鎧精密-創,TWSE,W,,fV300|fV100,W_atr14@3,368,557,漏網,933,0.016211,,atr14=0.072|n_lu_250=0.149|r20=0.520|c_ma120=0.675|vr20=0.336|days_since_lu=0.444|dt_ratio20=NaN|lend_to_v=0.141|rev_yoy=0.007|o_turn=0.000|o_log_mcap=0.197|o_lu_follow=0.525,"官方日成交結構(MI_INDEX/dailyQuotes)=1|發行股數(MI_QFIIS/dailyQuotes)=1|外資持股(MI_QFIIS,僅上市)=1|自營商(T86/上櫃三大法人)=1|當沖(TWTB4U/上櫃intraday)=1|季財報(MOPS t163sb04)=1|月營收(MOPS/openapi)=1|官方產業別(MOPS t05st03)=1|融資券(MI_MARGN)=1|借券(TWT93U)=1|法人(T86)=1",602,602.0,250.0,official,25.5,,0.0,0.0,0,1,9.618,10.184,0.0,141.0,0,未扣成本·事後欄位以 m_ 標示·非投資建議
HC,2,2026-04-17,2026-04-20,4529,淳紳,TPEx,W,,fP10|fP5|fV300|fV100,W_atr14@3,18,557,漏網,1166,0.0553,,atr14=0.810|n_lu_250=0.298|r20=0.152|c_ma120=0.093|vr20=0.845|days_since_lu=0.627|dt_ratio20=NaN|lend_to_v=0.017|rev_yoy=0.744|o_turn=0.040|o_log_mcap=0.000|o_lu_follow=0.350,"官方日成交結構(MI_INDEX/dailyQuotes)=1|發行股數(MI_QFIIS/dailyQuotes)=1|外資持股(MI_QFIIS,僅上市)=0|自營商(T86/上櫃三大法人)=0|當沖(TWTB4U/上櫃intraday)=0|季財報(MOPS t163sb04)=1|月營收(MOPS/openapi)=1|官方產業別(MOPS t05st03)=1|融資券(MI_MARGN)=1|借券(TWT93U)=1|法人(T86)=0",908,inf,250.0,official_prepanel,41.75,,0.0,0.0,0,1,10.0,60.645,50.968,78.0,0,未扣成本·事後欄位以 m_ 標示·非投資建議
HC,2,2026-04-17,2026-04-20,4609,唐鋒,TPEx,W,,fP10|fP5|fV300|fV100|fH125|fN20,W_atr14@3,537,557,漏網,1802,,,atr14=NaN|n_lu_250=0.032|r20=0.020|c_ma120=NaN|vr20=NaN|days_since_lu=0.940|dt_ratio20=NaN|lend_to_v=NaN|rev_yoy=0.116|o_turn=0.203|o_log_mcap=0.000|o_lu_follow=0.748,"官方日成交結構(MI_INDEX/dailyQuotes)=1|發行股數(MI_QFIIS/dailyQuotes)=1|外資持股(MI_QFIIS,僅上市)=0|自營商(T86/上櫃三大法人)=0|當沖(TWTB4U/上櫃intraday)=0|季財報(MOPS t163sb04)=1|月營收(MOPS/openapi)=1|官方產業別(MOPS t05st03)=1|融資券(MI_MARGN)=0|借券(TWT93U)=0|法人(T86)=0",908,inf,250.0,official_prepanel,30.0,,0.0,0.0,0,1,9.259,20.37,40.741,41.0,0,未扣成本·事後欄位以 m_ 標示·非投資建議
HC,2,2026-04-17,2026-04-20,6921,嘉雨思-創,TWSE,W,,fV300|fV100|fH125|fBP,W_atr14@3,54,557,漏網,1845,0.043669,,atr14=0.640|n_lu_250=0.513|r20=0.909|c_ma120=NaN|vr20=0.824|days_since_lu=0.486|dt_ratio20=NaN|lend_to_v=NaN|rev_yoy=0.041|o_turn=0.325|o_log_mcap=0.090|o_lu_follow=0.823,"官方日成交結構(MI_INDEX/dailyQuotes)=1|發行股數(MI_QFIIS/dailyQuotes)=1|外資持股(MI_QFIIS,僅上市)=1|自營商(T86/上櫃三大法人)=1|當沖(TWTB4U/上櫃intraday)=0|季財報(MOPS t163sb04)=1|月營收(MOPS/openapi)=1|官方產業別(MOPS t05st03)=1|融資券(MI_MARGN)=0|借券(TWT93U)=0|法人(T86)=1",72,72.0,72.0,official,73.85,,0.0,0.0,0,1,5.333,4.556,3.333,216.0,0,未扣成本·事後欄位以 m_ 標示·非投資建議
HC,2,2026-04-17,2026-04-20,8937,合騏*,TPEx,W,,fV300|fV100|fVnan|fH125|fN20|fBP,W_atr14@3,557,557,漏網,1753,,,atr14=NaN|n_lu_250=0.415|r20=0.000|c_ma120=0.000|vr20=NaN|days_since_lu=0.737|dt_ratio20=NaN|lend_to_v=NaN|rev_yoy=0.989|o_turn=0.066|o_log_mcap=0.517|o_lu_follow=0.894,"官方日成交結構(MI_INDEX/dailyQuotes)=1|發行股數(MI_QFIIS/dailyQuotes)=1|外資持股(MI_QFIIS,僅上市)=0|自營商(T86/上櫃三大法人)=0|當沖(TWTB4U/上櫃intraday)=1|季財報(MOPS t163sb04)=1|月營收(MOPS/openapi)=1|官方產業別(MOPS t05st03)=1|融資券(MI_MARGN)=0|借券(TWT93U)=0|法人(T86)=0",908,inf,250.0,official_prepanel,,,0.0,0.0,0,1,9.179,16.908,20.451,199.0,0,未扣成本·事後欄位以 m_ 標示·非投資建議
HC,2,2026-04-20,2026-04-21,3086,華義*,TPEx,W,,fV300|fV100|fVnan|fH125|fN20|fBP,W_atr14@3,536,551,漏網,1563,,,atr14=NaN|n_lu_250=0.702|r20=0.000|c_ma120=0.000|vr20=NaN|days_since_lu=0.357|dt_ratio20=NaN|lend_to_v=NaN|rev_yoy=0.152|o_turn=0.159|o_log_mcap=0.415|o_lu_follow=0.640,"官方日成交結構(MI_INDEX/dailyQuotes)=1|發行股數(MI_QFIIS/dailyQuotes)=1|外資持股(MI_QFIIS,僅上市)=0|自營商(T86/上櫃三大法人)=0|當沖(TWTB4U/上櫃intraday)=1|季財報(MOPS t163sb04)=1|月營收(MOPS/openapi)=1|官方產業別(MOPS t05st03)=1|融資券(MI_MARGN)=0|借券(TWT93U)=0|法人(T86)=0",909,inf,250.0,official_prepanel,,,0.0,0.0,1,0,0.0,4.453,10.433,514.0,0,未扣成本·事後欄位以 m_ 標示·非投資建議
HC,2,2026-04-20,2026-04-21,3095,及成,TPEx,W,,fV300|fV100|fN20,W_atr14@3,200,551,漏網,387,0.026289,,atr14=0.262|n_lu_250=0.649|r20=0.752|c_ma120=0.730|vr20=0.807|days_since_lu=0.668|dt_ratio20=NaN|lend_to_v=0.110|rev_yoy=0.713|o_turn=0.315|o_log_mcap=0.000|o_lu_follow=0.992,"官方日成交結構(MI_INDEX/dailyQuotes)=1|發行股數(MI_QFIIS/dailyQuotes)=1|外資持股(MI_QFIIS,僅上市)=0|自營商(T86/上櫃三大法人)=1|當沖(TWTB4U/上櫃intraday)=1|季財報(MOPS t163sb04)=1|月營收(MOPS/openapi)=1|官方產業別(MOPS t05st03)=1|融資券(MI_MARGN)=1|借券(TWT93U)=1|法人(T86)=1",909,inf,250.0,official_prepanel,22.89,,0.0,0.0,0,1,9.207,17.28,16.714,139.0,0,未扣成本·事後欄位以 m_ 標示·非投資建議
HC,2,2026-04-20,2026-04-21,5344,立衛,TPEx,W,,fV300|fV100,W_atr14@3,166,551,漏網,523,0.029073,,atr14=0.325|n_lu_250=0.807|r20=0.654|c_ma120=0.286|vr20=0.104|days_since_lu=0.314|dt_ratio20=NaN|lend_to_v=0.017|rev_yoy=0.571|o_turn=0.014|o_log_mcap=0.007|o_lu_follow=0.778,"官方日成交結構(MI_INDEX/dailyQuotes)=1|發行股數(MI_QFIIS/dailyQuotes)=1|外資持股(MI_QFIIS,僅上市)=0|自營商(T86/上櫃三大法人)=1|當沖(TWTB4U/上櫃intraday)=0|季財報(MOPS t163sb04)=1|月營收(MOPS/openapi)=1|官方產業別(MOPS t05st03)=1|融資券(MI_MARGN)=1|借券(TWT93U)=1|法人(T86)=1",909,inf,250.0,official_prepanel,94.7,,0.0,0.0,0,1,7.56,20.962,12.371,693.0,0,未扣成本·事後欄位以 m_ 標示·非投資建議
HC,2,2026-04-21,2026-04-22,4556,旭然,TPEx,W,,fV300|fCD,W_atr14@3,66,546,漏網,327,0.042673,,atr14=0.618|n_lu_250=0.695|r20=0.612|c_ma120=0.725|vr20=0.842|days_since_lu=0.070|dt_ratio20=NaN|lend_to_v=0.050|rev_yoy=0.361|o_turn=0.647|o_log_mcap=0.011|o_lu_follow=0.977,"官方日成交結構(MI_INDEX/dailyQuotes)=1|發行股數(MI_QFIIS/dailyQuotes)=1|外資持股(MI_QFIIS,僅上市)=0|自營商(T86/上櫃三大法人)=1|當沖(TWTB4U/上櫃intraday)=1|季財報(MOPS t163sb04)=1|月營收(MOPS/openapi)=1|官方產業別(MOPS t05st03)=1|融資券(MI_MARGN)=1|借券(TWT93U)=1|法人(T86)=1",910,inf,250.0,official_prepanel,274.15,,0.0,0.0,0,1,8.241,17.274,37.084,782.0,0,未扣成本·事後欄位以 m_ 標示·非投資建議
HC,2,2026-04-21,2026-04-22,5276,達輝-KY,TPEx,W,,fV300|fV100|fH125|fN20,W_atr14@3,157,546,漏網,958,0.030211,,atr14=0.377|n_lu_250=0.502|r20=0.210|c_ma120=NaN|vr20=0.890|days_since_lu=0.669|dt_ratio20=NaN|lend_to_v=NaN|rev_yoy=0.515|o_turn=0.006|o_log_mcap=0.000|o_lu_follow=0.165,"官方日成交結構(MI_INDEX/dailyQuotes)=1|發行股數(MI_QFIIS/dailyQuotes)=1|外資持股(MI_QFIIS,僅上市)=0|自營商(T86/上櫃三大法人)=1|當沖(TWTB4U/上櫃intraday)=0|季財報(MOPS t163sb04)=1|月營收(MOPS/openapi)=1|官方產業別(MOPS t05st03)=1|融資券(MI_MARGN)=0|借券(TWT93U)=0|法人(T86)=1",910,inf,250.0,official_prepanel,10.89,,0.0,0.0,0,1,3.077,23.077,30.462,69.0,0,未扣成本·事後欄位以 m_ 標示·非投資建議
HC,2,2026-04-21,2026-04-22,6902,GOGOLOOK,TWSE,W,,fV300|fCD,W_atr14@3,56,546,漏網,263,0.044235,,atr14=0.643|n_lu_250=0.582|r20=0.914|c_ma120=0.800|vr20=0.708|days_since_lu=0.097|dt_ratio20=0.561|lend_to_v=0.129|rev_yoy=0.701|o_turn=0.559|o_log_mcap=0.134|o_lu_follow=0.960,"官方日成交結構(MI_INDEX/dailyQuotes)=1|發行股數(MI_QFIIS/dailyQuotes)=1|外資持股(MI_QFIIS,僅上市)=1|自營商(T86/上櫃三大法人)=1|當沖(TWTB4U/上櫃intraday)=1|季財報(MOPS t163sb04)=1|月營收(MOPS/openapi)=1|官方產業別(MOPS t05st03)=1|融資券(MI_MARGN)=1|借券(TWT93U)=1|法人(T86)=1",671,671.0,250.0,official,220.8,,0.0,2.0,0,1,3.349,4.785,0.478,950.0,0,未扣成本·事後欄位以 m_ 標示·非投資建議
HC,2,2026-04-21,2026-04-22,6907,雅特力-KY,TPEx,W,,fH125|fA60|fBP|fCD,W_atr14@3,5,546,漏網,1821,0.080172,,atr14=0.991|n_lu_250=0.931|r20=0.001|c_ma120=NaN|vr20=0.844|days_since_lu=0.232|dt_ratio20=NaN|lend_to_v=0.033|rev_yoy=0.875|o_turn=0.830|o_log_mcap=0.317|o_lu_follow=1.000,"官方日成交結構(MI_INDEX/dailyQuotes)=1|發行股數(MI_QFIIS/dailyQuotes)=1|外資持股(MI_QFIIS,僅上市)=0|自營商(T86/上櫃三大法人)=1|當沖(TWTB4U/上櫃intraday)=1|季財報(MOPS t163sb04)=1|月營收(MOPS/openapi)=1|官方產業別(MOPS t05st03)=1|融資券(MI_MARGN)=0|借券(TWT93U)=1|法人(T86)=1",49,49.0,49.0,official,889.25,,0.0,0.0,0,1,9.914,3.448,11.207,1739.0,0,未扣成本·事後欄位以 m_ 標示·非投資建議
HC,2,2026-04-21,2026-04-22,7753,星亞,TPEx,W,,fV300|fV100,W_atr14@3,207,546,漏網,1215,0.025779,,atr14=0.271|n_lu_250=0.111|r20=0.354|c_ma120=0.178|vr20=0.949|days_since_lu=0.976|dt_ratio20=NaN|lend_to_v=0.069|rev_yoy=0.069|o_turn=0.234|o_log_mcap=0.001|o_lu_follow=0.755,"官方日成交結構(MI_INDEX/dailyQuotes)=1|發行股數(MI_QFIIS/dailyQuotes)=1|外資持股(MI_QFIIS,僅上市)=0|自營商(T86/上櫃三大法人)=1|當沖(TWTB4U/上櫃intraday)=1|季財報(MOPS t163sb04)=1|月營收(MOPS/openapi)=1|官方產業別(MOPS t05st03)=1|融資券(MI_MARGN)=1|借券(TWT93U)=1|法人(T86)=1",166,166.0,166.0,official,22.9,,0.0,0.0,0,1,9.352,9.102,4.863,105.0,0,未扣成本·事後欄位以 m_ 標示·非投資建議
HC,2,2026-04-23,2026-04-24,3438,類比科,TPEx,W,,fV300|fV100,W_atr14@3,71,537,漏網,825,0.040741,,atr14=0.502|n_lu_250=0.281|r20=0.550|c_ma120=0.294|vr20=0.873|days_since_lu=0.633|dt_ratio20=NaN|lend_to_v=0.781|rev_yoy=0.087|o_turn=0.260|o_log_mcap=0.064|o_lu_follow=0.407,"官方日成交結構(MI_INDEX/dailyQuotes)=1|發行股數(MI_QFIIS/dailyQuotes)=1|外資持股(MI_QFIIS,僅上市)=0|自營商(T86/上櫃三大法人)=1|當沖(TWTB4U/上櫃intraday)=1|季財報(MOPS t163sb04)=1|月營收(MOPS/openapi)=1|官方產業別(MOPS t05st03)=1|融資券(MI_MARGN)=1|借券(TWT93U)=1|法人(T86)=1",912,inf,250.0,official_prepanel,98.3,,0.0,0.0,0,1,7.062,12.385,32.651,874.0,0,未扣成本·事後欄位以 m_ 標示·非投資建議
HC,2,2026-04-23,2026-04-24,6441,廣錠,TPEx,W,,fV300|fCD,W_atr14@3,34,537,漏網,295,0.052516,,atr14=0.687|n_lu_250=0.887|r20=0.798|c_ma120=0.496|vr20=0.766|days_since_lu=0.136|dt_ratio20=NaN|lend_to_v=0.336|rev_yoy=0.086|o_turn=0.472|o_log_mcap=0.008|o_lu_follow=0.970,"官方日成交結構(MI_INDEX/dailyQuotes)=1|發行股數(MI_QFIIS/dailyQuotes)=1|外資持股(MI_QFIIS,僅上市)=0|自營商(T86/上櫃三大法人)=1|當沖(TWTB4U/上櫃intraday)=1|季財報(MOPS t163sb04)=1|月營收(MOPS/openapi)=1|官方產業別(MOPS t05st03)=1|融資券(MI_MARGN)=1|借券(TWT93U)=1|法人(T86)=1",912,inf,250.0,official_prepanel,283.25,,0.0,0.0,1,0,0.0,17.131,10.757,398.0,0,未扣成本·事後欄位以 m_ 標示·非投資建議
HC,2,2026-04-23,2026-04-24,8291,尚茂,TPEx,W,,fV300|fV100|fVnan|fH125|fN20,W_atr14@3,520,537,漏網,1862,,,atr14=NaN|n_lu_250=0.865|r20=NaN|c_ma120=NaN|vr20=NaN|days_since_lu=0.019|dt_ratio20=NaN|lend_to_v=NaN|rev_yoy=0.974|o_turn=0.000|o_log_mcap=0.000|o_lu_follow=0.520,"官方日成交結構(MI_INDEX/dailyQuotes)=1|發行股數(MI_QFIIS/dailyQuotes)=1|外資持股(MI_QFIIS,僅上市)=0|自營商(T86/上櫃三大法人)=0|當沖(TWTB4U/上櫃intraday)=0|季財報(MOPS t163sb04)=1|月營收(MOPS/openapi)=1|官方產業別(MOPS t05st03)=1|融資券(MI_MARGN)=0|借券(TWT93U)=0|法人(T86)=0",912,inf,250.0,official_prepanel,,,0.0,0.0,0,1,9.818,60.364,157.455,19.0,0,未扣成本·事後欄位以 m_ 標示·非投資建議
HC,2,2026-04-23,2026-04-24,8455,大拓-KY,TPEx,W,,fV300|fV100|fH125,W_atr14@3,173,537,漏網,901,0.029062,,atr14=0.298|n_lu_250=0.627|r20=0.260|c_ma120=NaN|vr20=0.038|days_since_lu=0.589|dt_ratio20=NaN|lend_to_v=NaN|rev_yoy=0.838|o_turn=0.000|o_log_mcap=0.000|o_lu_follow=0.950,"官方日成交結構(MI_INDEX/dailyQuotes)=1|發行股數(MI_QFIIS/dailyQuotes)=1|外資持股(MI_QFIIS,僅上市)=0|自營商(T86/上櫃三大法人)=0|當沖(TWTB4U/上櫃intraday)=0|季財報(MOPS t163sb04)=1|月營收(MOPS/openapi)=1|官方產業別(MOPS t05st03)=1|融資券(MI_MARGN)=0|借券(TWT93U)=0|法人(T86)=0",912,inf,250.0,official_prepanel,7.3,,0.0,0.0,0,1,0.448,6.278,16.592,54.0,0,未扣成本·事後欄位以 m_ 標示·非投資建議
HC,2,2026-04-24,2026-04-27,8103,瀚荃,TWSE,W,,fH125|fBP,W_atr14@3,31,521,漏網,218,0.053706,,atr14=0.683|n_lu_250=0.737|r20=0.904|c_ma120=0.805|vr20=0.936|days_since_lu=0.512|dt_ratio20=0.786|lend_to_v=0.156|rev_yoy=0.692|o_turn=0.948|o_log_mcap=0.381|o_lu_follow=0.837,"官方日成交結構(MI_INDEX/dailyQuotes)=1|發行股數(MI_QFIIS/dailyQuotes)=1|外資持股(MI_QFIIS,僅上市)=1|自營商(T86/上櫃三大法人)=1|當沖(TWTB4U/上櫃intraday)=1|季財報(MOPS t163sb04)=1|月營收(MOPS/openapi)=1|官方產業別(MOPS t05st03)=1|融資券(MI_MARGN)=1|借券(TWT93U)=1|法人(T86)=1",913,inf,250.0,official_prepanel,2252.75,,0.0,0.0,0,1,9.39,15.493,8.451,6729.0,0,未扣成本·事後欄位以 m_ 標示·非投資建議
HC,2,2026-04-27,2026-04-28,2067,嘉鋼,TPEx,W,,fP10|fV300|fV100,W_atr14@3,85,514,漏網,1192,0.039694,,atr14=0.448|n_lu_250=0.819|r20=0.017|c_ma120=0.008|vr20=0.346|days_since_lu=0.610|dt_ratio20=NaN|lend_to_v=0.015|rev_yoy=0.134|o_turn=0.016|o_log_mcap=0.000|o_lu_follow=0.903,"官方日成交結構(MI_INDEX/dailyQuotes)=1|發行股數(MI_QFIIS/dailyQuotes)=1|外資持股(MI_QFIIS,僅上市)=0|自營商(T86/上櫃三大法人)=1|當沖(TWTB4U/上櫃intraday)=0|季財報(MOPS t163sb04)=1|月營收(MOPS/openapi)=1|官方產業別(MOPS t05st03)=1|融資券(MI_MARGN)=1|借券(TWT93U)=1|法人(T86)=1",914,inf,250.0,official_prepanel,49.8,,0.0,0.0,0,1,9.94,6.175,6.024,148.0,0,未扣成本·事後欄位以 m_ 標示·非投資建議
HC,2,2026-04-28,2026-04-29,8444,綠河-KY,TPEx,W,,fP10|fV300|fV100,W_atr14@3,13,503,漏網,997,0.068533,,atr14=0.858|n_lu_250=0.740|r20=0.001|c_ma120=0.002|vr20=0.092|days_since_lu=0.566|dt_ratio20=NaN|lend_to_v=0.017|rev_yoy=0.008|o_turn=0.000|o_log_mcap=0.000|o_lu_follow=0.033,"官方日成交結構(MI_INDEX/dailyQuotes)=1|發行股數(MI_QFIIS/dailyQuotes)=1|外資持股(MI_QFIIS,僅上市)=0|自營商(T86/上櫃三大法人)=1|當沖(TWTB4U/上櫃intraday)=0|季財報(MOPS t163sb04)=1|月營收(MOPS/openapi)=1|官方產業別(MOPS t05st03)=1|融資券(MI_MARGN)=1|借券(TWT93U)=1|法人(T86)=1",915,inf,250.0,official_prepanel,48.6,,1.0,0.0,0,1,2.523,17.117,45.225,71.0,0,未扣成本·事後欄位以 m_ 標示·非投資建議
HC,2,2026-04-29,2026-04-30,3672,康聯訊,TPEx,W,,fV300|fV100,W_atr14@3,35,518,漏網,819,0.053735,,atr14=0.646|n_lu_250=0.480|r20=0.417|c_ma120=0.127|vr20=0.097|days_since_lu=0.693|dt_ratio20=NaN|lend_to_v=0.016|rev_yoy=0.816|o_turn=0.000|o_log_mcap=0.000|o_lu_follow=0.174,"官方日成交結構(MI_INDEX/dailyQuotes)=1|發行股數(MI_QFIIS/dailyQuotes)=1|外資持股(MI_QFIIS,僅上市)=0|自營商(T86/上櫃三大法人)=1|當沖(TWTB4U/上櫃intraday)=0|季財報(MOPS t163sb04)=1|月營收(MOPS/openapi)=1|官方產業別(MOPS t05st03)=1|融資券(MI_MARGN)=1|借券(TWT93U)=1|法人(T86)=1",916,inf,250.0,official_prepanel,27.1,,0.0,0.0,0,1,10.648,11.111,1.389,107.0,0,未扣成本·事後欄位以 m_ 標示·非投資建議
HC,2,2026-04-29,2026-04-30,4561,健椿,TPEx,W,,fV300|fCD,W_atr14@3,25,518,漏網,439,0.060091,,atr14=0.740|n_lu_250=0.807|r20=0.580|c_ma120=0.299|vr20=0.983|days_since_lu=0.015|dt_ratio20=NaN|lend_to_v=0.486|rev_yoy=0.443|o_turn=0.782|o_log_mcap=0.062|o_lu_follow=0.555,"官方日成交結構(MI_INDEX/dailyQuotes)=1|發行股數(MI_QFIIS/dailyQuotes)=1|外資持股(MI_QFIIS,僅上市)=0|自營商(T86/上櫃三大法人)=1|當沖(TWTB4U/上櫃intraday)=1|季財報(MOPS t163sb04)=1|月營收(MOPS/openapi)=1|官方產業別(MOPS t05st03)=1|融資券(MI_MARGN)=1|借券(TWT93U)=1|法人(T86)=1",916,inf,250.0,official_prepanel,281.75,,0.0,0.0,0,1,5.833,31.25,34.583,973.0,0,未扣成本·事後欄位以 m_ 標示·非投資建議
HC,2,2026-04-29,2026-04-30,4609,唐鋒,TPEx,W,,fP10|fP5|fV300|fV100|fH125|fN20|fCD,W_atr14@3,17,518,漏網,905,0.067832,,atr14=0.840|n_lu_250=0.390|r20=0.025|c_ma120=NaN|vr20=0.007|days_since_lu=0.127|dt_ratio20=NaN|lend_to_v=0.016|rev_yoy=0.110|o_turn=0.000|o_log_mcap=0.000|o_lu_follow=0.950,"官方日成交結構(MI_INDEX/dailyQuotes)=1|發行股數(MI_QFIIS/dailyQuotes)=1|外資持股(MI_QFIIS,僅上市)=0|自營商(T86/上櫃三大法人)=0|當沖(TWTB4U/上櫃intraday)=0|季財報(MOPS t163sb04)=1|月營收(MOPS/openapi)=1|官方產業別(MOPS t05st03)=1|融資券(MI_MARGN)=1|借券(TWT93U)=1|法人(T86)=0",916,inf,250.0,official_prepanel,40.81,,0.0,0.0,1,0,0.0,-1.653,6.612,36.0,0,未扣成本·事後欄位以 m_ 標示·非投資建議
HC,2,2026-04-29,2026-04-30,6246,臺龍,TPEx,W,,fV300|fV100,W_atr14@3,77,518,漏網,785,0.039656,,atr14=0.451|n_lu_250=0.622|r20=0.094|c_ma120=0.498|vr20=0.021|days_since_lu=0.459|dt_ratio20=NaN|lend_to_v=0.032|rev_yoy=0.071|o_turn=0.002|o_log_mcap=0.000|o_lu_follow=0.534,"官方日成交結構(MI_INDEX/dailyQuotes)=1|發行股數(MI_QFIIS/dailyQuotes)=1|外資持股(MI_QFIIS,僅上市)=0|自營商(T86/上櫃三大法人)=1|當沖(TWTB4U/上櫃intraday)=1|季財報(MOPS t163sb04)=1|月營收(MOPS/openapi)=1|官方產業別(MOPS t05st03)=1|融資券(MI_MARGN)=1|借券(TWT93U)=1|法人(T86)=1",916,inf,250.0,official_prepanel,60.8,,0.0,0.0,0,1,7.19,16.34,4.248,193.0,0,未扣成本·事後欄位以 m_ 標示·非投資建議
HC,2,2026-04-30,2026-05-04,5276,達輝-KY,TPEx,W,,fV300|fV100|fH125|fCD,W_atr14@3,25,512,漏網,262,0.059589,,atr14=0.739|n_lu_250=0.731|r20=0.779|c_ma120=NaN|vr20=0.655|days_since_lu=0.060|dt_ratio20=NaN|lend_to_v=NaN|rev_yoy=0.508|o_turn=0.187|o_log_mcap=0.001|o_lu_follow=0.957,"官方日成交結構(MI_INDEX/dailyQuotes)=1|發行股數(MI_QFIIS/dailyQuotes)=1|外資持股(MI_QFIIS,僅上市)=0|自營商(T86/上櫃三大法人)=1|當沖(TWTB4U/上櫃intraday)=0|季財報(MOPS t163sb04)=1|月營收(MOPS/openapi)=1|官方產業別(MOPS t05st03)=1|融資券(MI_MARGN)=0|借券(TWT93U)=0|法人(T86)=1",917,inf,250.0,official_prepanel,92.75,,0.0,2.0,0,1,9.783,5.978,10.326,157.0,0,未扣成本·事後欄位以 m_ 標示·非投資建議
HC,2,2026-04-30,2026-05-04,6597,立誠,TPEx,W,,fV300|fV100|fH125|fN20,W_atr14@3,102,512,漏網,1843,0.035027,,atr14=0.374|n_lu_250=0.623|r20=0.533|c_ma120=NaN|vr20=0.104|days_since_lu=0.573|dt_ratio20=NaN|lend_to_v=NaN|rev_yoy=0.199|o_turn=0.003|o_log_mcap=0.053|o_lu_follow=0.932,"官方日成交結構(MI_INDEX/dailyQuotes)=1|發行股數(MI_QFIIS/dailyQuotes)=1|外資持股(MI_QFIIS,僅上市)=0|自營商(T86/上櫃三大法人)=0|當沖(TWTB4U/上櫃intraday)=0|季財報(MOPS t163sb04)=1|月營收(MOPS/openapi)=1|官方產業別(MOPS t05st03)=1|融資券(MI_MARGN)=0|借券(TWT93U)=0|法人(T86)=0",239,239.0,239.0,official,22.37,,0.0,0.0,0,1,1.479,0.888,7.988,80.0,0,未扣成本·事後欄位以 m_ 標示·非投資建議
HC,2,2026-05-05,2026-05-06,7642,昶瑞機電,TPEx,W,,fV300|fV100,W_atr14@3,251,509,漏網,1781,0.021813,,atr14=0.154|n_lu_250=0.840|r20=0.023|c_ma120=0.028|vr20=0.534|days_since_lu=0.581|dt_ratio20=NaN|lend_to_v=0.679|rev_yoy=0.014|o_turn=0.044|o_log_mcap=0.054|o_lu_follow=0.846,"官方日成交結構(MI_INDEX/dailyQuotes)=1|發行股數(MI_QFIIS/dailyQuotes)=1|外資持股(MI_QFIIS,僅上市)=0|自營商(T86/上櫃三大法人)=1|當沖(TWTB4U/上櫃intraday)=1|季財報(MOPS t163sb04)=1|月營收(MOPS/openapi)=1|官方產業別(MOPS t05st03)=1|融資券(MI_MARGN)=1|借券(TWT93U)=1|法人(T86)=1",231,231.0,231.0,official,31.7,,0.0,0.0,0,1,6.923,8.769,4.308,68.0,0,未扣成本·事後欄位以 m_ 標示·非投資建議
HC,2,2026-05-07,2026-05-08,6020,大展證,TPEx,W,,fV300|fV100,W_atr14@3,417,503,漏網,1291,0.012119,,atr14=0.016|n_lu_250=0.110|r20=0.338|c_ma120=0.411|vr20=0.150|days_since_lu=0.978|dt_ratio20=NaN|lend_to_v=0.038|rev_yoy=NaN|o_turn=0.000|o_log_mcap=0.251|o_lu_follow=0.662,"官方日成交結構(MI_INDEX/dailyQuotes)=1|發行股數(MI_QFIIS/dailyQuotes)=1|外資持股(MI_QFIIS,僅上市)=0|自營商(T86/上櫃三大法人)=1|當沖(TWTB4U/上櫃intraday)=1|季財報(MOPS t163sb04)=0|月營收(MOPS/openapi)=0|官方產業別(MOPS t05st03)=1|融資券(MI_MARGN)=1|借券(TWT93U)=1|法人(T86)=1",921,inf,250.0,official_prepanel,68.95,,0.0,0.0,0,1,1.667,2.381,1.905,834.0,0,未扣成本·事後欄位以 m_ 標示·非投資建議
HC,2,2026-05-08,2026-05-11,3085,,TPEx,W,,fV300|fV100,W_atr14@3,119,493,漏網,1176,0.03299,,atr14=0.319|n_lu_250=0.706|r20=0.041|c_ma120=0.095|vr20=0.134|days_since_lu=0.460|dt_ratio20=NaN|lend_to_v=0.020|rev_yoy=0.200|o_turn=0.000|o_log_mcap=0.000|o_lu_follow=0.990,"官方日成交結構(MI_INDEX/dailyQuotes)=1|發行股數(MI_QFIIS/dailyQuotes)=1|外資持股(MI_QFIIS,僅上市)=0|自營商(T86/上櫃三大法人)=0|當沖(TWTB4U/上櫃intraday)=0|季財報(MOPS t163sb04)=1|月營收(MOPS/openapi)=1|官方產業別(MOPS t05st03)=0|融資券(MI_MARGN)=1|借券(TWT93U)=1|法人(T86)=0",922,inf,250.0,official_prepanel,9.9,,0.0,0.0,0,1,8.824,5.882,-2.941,25.0,0,未扣成本·事後欄位以 m_ 標示·非投資建議
HC,2,2026-05-08,2026-05-11,6924,榮惠-KY創,TWSE,W,,fV300|fV100,W_atr14@3,96,493,漏網,425,0.034878,,atr14=0.350|n_lu_250=0.536|r20=0.766|c_ma120=0.830|vr20=0.060|days_since_lu=0.513|dt_ratio20=NaN|lend_to_v=NaN|rev_yoy=0.274|o_turn=0.014|o_log_mcap=0.065|o_lu_follow=0.113,"官方日成交結構(MI_INDEX/dailyQuotes)=1|發行股數(MI_QFIIS/dailyQuotes)=1|外資持股(MI_QFIIS,僅上市)=1|自營商(T86/上櫃三大法人)=1|當沖(TWTB4U/上櫃intraday)=0|季財報(MOPS t163sb04)=1|月營收(MOPS/openapi)=1|官方產業別(MOPS t05st03)=1|融資券(MI_MARGN)=0|借券(TWT93U)=0|法人(T86)=1",344,344.0,250.0,official,35.9,,0.0,0.0,0,1,0.488,28.78,64.39,282.0,0,未扣成本·事後欄位以 m_ 標示·非投資建議
HC,2,2026-05-08,2026-05-11,7828,創新服務,TPEx,W,,fV300|fV100|fVnan|fH125|fA60|fN20|fBP,W_atr14@3,478,493,漏網,1864,,,atr14=0.999|n_lu_250=0.104|r20=NaN|c_ma120=NaN|vr20=NaN|days_since_lu=0.979|dt_ratio20=NaN|lend_to_v=NaN|rev_yoy=0.475|o_turn=0.620|o_log_mcap=0.789|o_lu_follow=0.656,"官方日成交結構(MI_INDEX/dailyQuotes)=1|發行股數(MI_QFIIS/dailyQuotes)=1|外資持股(MI_QFIIS,僅上市)=0|自營商(T86/上櫃三大法人)=0|當沖(TWTB4U/上櫃intraday)=0|季財報(MOPS t163sb04)=1|月營收(MOPS/openapi)=1|官方產業別(MOPS t05st03)=1|融資券(MI_MARGN)=0|借券(TWT93U)=0|法人(T86)=0",12,12.0,12.0,official,,,0.0,0.0,0,1,1.66,-0.83,-3.32,130.0,0,未扣成本·事後欄位以 m_ 標示·非投資建議
HC,2,2026-05-08,2026-05-11,8477,創業家,TPEx,W,,fV300|fV100,W_atr14@3,127,493,漏網,766,0.031659,,atr14=0.302|n_lu_250=0.536|r20=0.302|c_ma120=0.498|vr20=0.124|days_since_lu=0.555|dt_ratio20=NaN|lend_to_v=0.020|rev_yoy=0.062|o_turn=0.004|o_log_mcap=0.000|o_lu_follow=0.769,"官方日成交結構(MI_INDEX/dailyQuotes)=1|發行股數(MI_QFIIS/dailyQuotes)=1|外資持股(MI_QFIIS,僅上市)=0|自營商(T86/上櫃三大法人)=0|當沖(TWTB4U/上櫃intraday)=0|季財報(MOPS t163sb04)=1|月營收(MOPS/openapi)=1|官方產業別(MOPS t05st03)=1|融資券(MI_MARGN)=1|借券(TWT93U)=1|法人(T86)=0",922,inf,250.0,official_prepanel,47.05,,0.0,0.0,0,1,7.527,18.28,12.186,350.0,0,未扣成本·事後欄位以 m_ 標示·非投資建議
HC,2,2026-05-11,2026-05-12,4154,樂威科-KY,TPEx,W,,fV300|fV100|fH125,W_atr14@3,4,488,漏網,668,0.090852,,atr14=0.980|n_lu_250=0.619|r20=0.002|c_ma120=NaN|vr20=0.941|days_since_lu=0.177|dt_ratio20=NaN|lend_to_v=NaN|rev_yoy=0.078|o_turn=0.133|o_log_mcap=0.000|o_lu_follow=0.991,"官方日成交結構(MI_INDEX/dailyQuotes)=1|發行股數(MI_QFIIS/dailyQuotes)=1|外資持股(MI_QFIIS,僅上市)=0|自營商(T86/上櫃三大法人)=0|當沖(TWTB4U/上櫃intraday)=0|季財報(MOPS t163sb04)=1|月營收(MOPS/openapi)=1|官方產業別(MOPS t05st03)=1|融資券(MI_MARGN)=0|借券(TWT93U)=0|法人(T86)=0",923,inf,250.0,official_prepanel,38.65,,0.0,0.0,0,1,9.649,20.614,19.737,43.0,0,未扣成本·事後欄位以 m_ 標示·非投資建議
HC,2,2026-05-11,2026-05-12,5215,科嘉-KY,TWSE,W,,fV300|fV100,W_atr14@3,223,488,漏網,875,0.023685,,atr14=0.184|n_lu_250=0.282|r20=0.455|c_ma120=0.424|vr20=0.518|days_since_lu=0.678|dt_ratio20=0.033|lend_to_v=0.560|rev_yoy=0.593|o_turn=0.042|o_log_mcap=0.102|o_lu_follow=0.365,"官方日成交結構(MI_INDEX/dailyQuotes)=1|發行股數(MI_QFIIS/dailyQuotes)=1|外資持股(MI_QFIIS,僅上市)=1|自營商(T86/上櫃三大法人)=1|當沖(TWTB4U/上櫃intraday)=1|季財報(MOPS t163sb04)=1|月營收(MOPS/openapi)=1|官方產業別(MOPS t05st03)=1|融資券(MI_MARGN)=1|借券(TWT93U)=1|法人(T86)=1",923,inf,250.0,official_prepanel,73.5,,0.0,0.0,0,1,0.358,8.462,10.846,460.0,0,未扣成本·事後欄位以 m_ 標示·非投資建議
HC,2,2026-05-11,2026-05-12,6195,詩肯,TPEx,W,,fV300|fV100,W_atr14@3,421,488,漏網,1734,0.01079,,atr14=0.010|n_lu_250=0.109|r20=0.202|c_ma120=0.174|vr20=0.162|days_since_lu=0.865|dt_ratio20=NaN|lend_to_v=0.554|rev_yoy=0.298|o_turn=0.002|o_log_mcap=0.017|o_lu_follow=0.647,"官方日成交結構(MI_INDEX/dailyQuotes)=1|發行股數(MI_QFIIS/dailyQuotes)=1|外資持股(MI_QFIIS,僅上市)=0|自營商(T86/上櫃三大法人)=1|當沖(TWTB4U/上櫃intraday)=1|季財報(MOPS t163sb04)=1|月營收(MOPS/openapi)=1|官方產業別(MOPS t05st03)=1|融資券(MI_MARGN)=1|借券(TWT93U)=1|法人(T86)=1",923,inf,250.0,official_prepanel,37.75,,0.0,0.0,1,0,0.0,0.193,-0.387,142.0,0,未扣成本·事後欄位以 m_ 標示·非投資建議
HC,2,2026-05-11,2026-05-12,6899,創為精密,TPEx,W,,fV300|fV100,W_atr14@3,314,488,漏網,1405,0.017857,,atr14=0.089|n_lu_250=0.109|r20=0.214|c_ma120=0.396|vr20=0.195|days_since_lu=0.944|dt_ratio20=NaN|lend_to_v=0.241|rev_yoy=0.090|o_turn=0.002|o_log_mcap=0.083|o_lu_follow=0.647,"官方日成交結構(MI_INDEX/dailyQuotes)=1|發行股數(MI_QFIIS/dailyQuotes)=1|外資持股(MI_QFIIS,僅上市)=0|自營商(T86/上櫃三大法人)=1|當沖(TWTB4U/上櫃intraday)=1|季財報(MOPS t163sb04)=1|月營收(MOPS/openapi)=1|官方產業別(MOPS t05st03)=1|融資券(MI_MARGN)=1|借券(TWT93U)=1|法人(T86)=1",507,507.0,250.0,official,24.6,,0.0,0.0,0,1,8.0,7.091,14.727,524.0,0,未扣成本·事後欄位以 m_ 標示·非投資建議
HC,2,2026-05-12,2026-05-13,2066,世德,TPEx,W,,fV300|fV100,W_atr14@3,153,488,漏網,1218,0.029425,,atr14=0.245|n_lu_250=0.384|r20=0.221|c_ma120=0.158|vr20=0.469|days_since_lu=0.605|dt_ratio20=NaN|lend_to_v=0.642|rev_yoy=0.434|o_turn=0.051|o_log_mcap=0.071|o_lu_follow=0.941,"官方日成交結構(MI_INDEX/dailyQuotes)=1|發行股數(MI_QFIIS/dailyQuotes)=1|外資持股(MI_QFIIS,僅上市)=0|自營商(T86/上櫃三大法人)=1|當沖(TWTB4U/上櫃intraday)=1|季財報(MOPS t163sb04)=1|月營收(MOPS/openapi)=1|官方產業別(MOPS t05st03)=1|融資券(MI_MARGN)=1|借券(TWT93U)=1|法人(T86)=1",924,inf,250.0,official_prepanel,67.45,,0.0,0.0,1,0,0.0,14.032,14.032,160.0,0,未扣成本·事後欄位以 m_ 標示·非投資建議
HC,2,2026-05-12,2026-05-13,4432,銘旺實,TPEx,W,,fV300|fV100,W_atr14@3,374,488,漏網,1791,0.014639,,atr14=0.047|n_lu_250=0.107|r20=0.121|c_ma120=0.122|vr20=0.178|days_since_lu=0.867|dt_ratio20=NaN|lend_to_v=0.718|rev_yoy=0.508|o_turn=0.006|o_log_mcap=0.000|o_lu_follow=0.655,"官方日成交結構(MI_INDEX/dailyQuotes)=1|發行股數(MI_QFIIS/dailyQuotes)=1|外資持股(MI_QFIIS,僅上市)=0|自營商(T86/上櫃三大法人)=1|當沖(TWTB4U/上櫃intraday)=1|季財報(MOPS t163sb04)=1|月營收(MOPS/openapi)=1|官方產業別(MOPS t05st03)=1|融資券(MI_MARGN)=1|借券(TWT93U)=1|法人(T86)=1",924,inf,250.0,official_prepanel,46.1,,0.0,0.0,1,0,0.0,8.682,9.968,75.0,0,未扣成本·事後欄位以 m_ 標示·非投資建議
HC,2,2026-05-12,2026-05-13,6225,天瀚,TWSE,W,,fV300|fV100|fH125,W_atr14@3,21,488,漏網,244,0.064935,,atr14=0.796|n_lu_250=0.471|r20=0.940|c_ma120=0.856|vr20=0.962|days_since_lu=0.196|dt_ratio20=NaN|lend_to_v=0.020|rev_yoy=0.006|o_turn=0.185|o_log_mcap=0.000|o_lu_follow=0.173,"官方日成交結構(MI_INDEX/dailyQuotes)=1|發行股數(MI_QFIIS/dailyQuotes)=1|外資持股(MI_QFIIS,僅上市)=1|自營商(T86/上櫃三大法人)=1|當沖(TWTB4U/上櫃intraday)=0|季財報(MOPS t163sb04)=1|月營收(MOPS/openapi)=1|官方產業別(MOPS t05st03)=1|融資券(MI_MARGN)=1|借券(TWT93U)=1|法人(T86)=1",924,inf,250.0,official_prepanel,30.95,,0.0,0.0,0,1,7.807,7.063,-3.346,64.0,0,未扣成本·事後欄位以 m_ 標示·非投資建議
HC,2,2026-05-12,2026-05-13,8444,綠河-KY,TPEx,W,,fP10|fV300|fV100|fCD,W_atr14@3,46,488,漏網,576,0.049893,,atr14=0.581|n_lu_250=0.799|r20=0.894|c_ma120=0.022|vr20=0.314|days_since_lu=0.182|dt_ratio20=NaN|lend_to_v=0.020|rev_yoy=0.018|o_turn=0.000|o_log_mcap=0.000|o_lu_follow=0.294,"官方日成交結構(MI_INDEX/dailyQuotes)=1|發行股數(MI_QFIIS/dailyQuotes)=1|外資持股(MI_QFIIS,僅上市)=0|自營商(T86/上櫃三大法人)=1|當沖(TWTB4U/上櫃intraday)=0|季財報(MOPS t163sb04)=1|月營收(MOPS/openapi)=1|官方產業別(MOPS t05st03)=1|融資券(MI_MARGN)=1|借券(TWT93U)=1|法人(T86)=1",924,inf,250.0,official_prepanel,52.0,,0.0,0.0,0,1,8.188,-1.879,-17.45,64.0,0,未扣成本·事後欄位以 m_ 標示·非投資建議
HC,2,2026-05-13,2026-05-14,4163,鐿鈦,TPEx,W,,fV300|fV100,W_atr14@3,234,473,漏網,1287,0.022837,,atr14=0.145|n_lu_250=0.273|r20=0.132|c_ma120=0.396|vr20=0.022|days_since_lu=0.579|dt_ratio20=NaN|lend_to_v=0.728|rev_yoy=0.625|o_turn=0.000|o_log_mcap=0.266|o_lu_follow=0.375,"官方日成交結構(MI_INDEX/dailyQuotes)=1|發行股數(MI_QFIIS/dailyQuotes)=1|外資持股(MI_QFIIS,僅上市)=0|自營商(T86/上櫃三大法人)=1|當沖(TWTB4U/上櫃intraday)=1|季財報(MOPS t163sb04)=1|月營收(MOPS/openapi)=1|官方產業別(MOPS t05st03)=1|融資券(MI_MARGN)=1|借券(TWT93U)=1|法人(T86)=1",925,inf,250.0,official_prepanel,22.8,,0.0,0.0,0,1,6.965,11.94,15.423,192.0,0,未扣成本·事後欄位以 m_ 標示·非投資建議
HC,2,2026-05-13,2026-05-14,8455,大拓-KY,TPEx,W,,fV300|fV100|fH125,W_atr14@3,6,473,漏網,109,0.084821,,atr14=0.946|n_lu_250=0.762|r20=0.949|c_ma120=NaN|vr20=0.171|days_since_lu=0.154|dt_ratio20=NaN|lend_to_v=NaN|rev_yoy=0.196|o_turn=0.019|o_log_mcap=0.000|o_lu_follow=0.913,"官方日成交結構(MI_INDEX/dailyQuotes)=1|發行股數(MI_QFIIS/dailyQuotes)=1|外資持股(MI_QFIIS,僅上市)=0|自營商(T86/上櫃三大法人)=0|當沖(TWTB4U/上櫃intraday)=0|季財報(MOPS t163sb04)=1|月營收(MOPS/openapi)=1|官方產業別(MOPS t05st03)=1|融資券(MI_MARGN)=0|借券(TWT93U)=0|法人(T86)=0",925,inf,250.0,official_prepanel,39.25,,0.0,0.0,0,1,3.103,50.517,37.069,59.0,0,未扣成本·事後欄位以 m_ 標示·非投資建議
HC,2,2026-05-14,2026-05-15,6924,榮惠-KY創,TWSE,W,,fV300|fCD,W_atr14@3,57,475,漏網,209,0.04375,,atr14=0.518|n_lu_250=0.665|r20=0.978|c_ma120=0.950|vr20=0.969|days_since_lu=0.027|dt_ratio20=NaN|lend_to_v=NaN|rev_yoy=0.844|o_turn=0.663|o_log_mcap=0.109|o_lu_follow=0.474,"官方日成交結構(MI_INDEX/dailyQuotes)=1|發行股數(MI_QFIIS/dailyQuotes)=1|外資持股(MI_QFIIS,僅上市)=1|自營商(T86/上櫃三大法人)=1|當沖(TWTB4U/上櫃intraday)=0|季財報(MOPS t163sb04)=1|月營收(MOPS/openapi)=1|官方產業別(MOPS t05st03)=1|融資券(MI_MARGN)=0|借券(TWT93U)=0|法人(T86)=1",348,348.0,250.0,official,101.45,,0.0,0.0,1,0,0.0,24.242,32.576,158.0,0,未扣成本·事後欄位以 m_ 標示·非投資建議
HC,2,2026-05-15,2026-05-18,4127,天良,TPEx,W,,fN20|fCD,W_atr14@3,47,482,漏網,465,0.050757,,atr14=0.624|n_lu_250=0.380|r20=0.724|c_ma120=0.638|vr20=0.990|days_since_lu=0.056|dt_ratio20=NaN|lend_to_v=0.061|rev_yoy=0.875|o_turn=0.910|o_log_mcap=0.064|o_lu_follow=0.939,"官方日成交結構(MI_INDEX/dailyQuotes)=1|發行股數(MI_QFIIS/dailyQuotes)=1|外資持股(MI_QFIIS,僅上市)=0|自營商(T86/上櫃三大法人)=1|當沖(TWTB4U/上櫃intraday)=1|季財報(MOPS t163sb04)=1|月營收(MOPS/openapi)=1|官方產業別(MOPS t05st03)=1|融資券(MI_MARGN)=1|借券(TWT93U)=1|法人(T86)=1",927,inf,250.0,official_prepanel,542.47,,0.0,1.0,0,1,7.098,56.663,71.856,1496.0,0,未扣成本·事後欄位以 m_ 標示·非投資建議
HC,2,2026-05-15,2026-05-18,7730,暉盛-創,TWSE,W,,fV300|fV100,W_atr14@3,59,482,漏網,518,0.04558,,atr14=0.539|n_lu_250=0.464|r20=0.332|c_ma120=0.919|vr20=0.964|days_since_lu=0.538|dt_ratio20=NaN|lend_to_v=0.043|rev_yoy=0.064|o_turn=0.429|o_log_mcap=0.340|o_lu_follow=0.171,"官方日成交結構(MI_INDEX/dailyQuotes)=1|發行股數(MI_QFIIS/dailyQuotes)=1|外資持股(MI_QFIIS,僅上市)=1|自營商(T86/上櫃三大法人)=1|當沖(TWTB4U/上櫃intraday)=1|季財報(MOPS t163sb04)=1|月營收(MOPS/openapi)=1|官方產業別(MOPS t05st03)=1|融資券(MI_MARGN)=1|借券(TWT93U)=1|法人(T86)=1",126,126.0,126.0,official,83.25,,0.0,0.0,0,1,12.429,29.944,20.621,369.0,0,未扣成本·事後欄位以 m_ 標示·非投資建議
HC,2,2026-05-21,2026-05-22,3485,敘豐,TPEx,W,,fV300|fV100|fVnan|fH125|fA60|fN20|fBP,W_atr14@3,472,495,漏網,1783,,,atr14=1.000|n_lu_250=0.108|r20=NaN|c_ma120=NaN|vr20=NaN|days_since_lu=0.978|dt_ratio20=NaN|lend_to_v=NaN|rev_yoy=0.462|o_turn=0.737|o_log_mcap=0.435|o_lu_follow=0.651,"官方日成交結構(MI_INDEX/dailyQuotes)=1|發行股數(MI_QFIIS/dailyQuotes)=1|外資持股(MI_QFIIS,僅上市)=0|自營商(T86/上櫃三大法人)=0|當沖(TWTB4U/上櫃intraday)=0|季財報(MOPS t163sb04)=1|月營收(MOPS/openapi)=1|官方產業別(MOPS t05st03)=1|融資券(MI_MARGN)=0|借券(TWT93U)=0|法人(T86)=0",12,12.0,12.0,official,,,0.0,0.0,0,1,17.517,50.776,63.193,425.0,0,未扣成本·事後欄位以 m_ 標示·非投資建議
HC,2,2026-05-21,2026-05-22,7828,創新服務,TPEx,W,,fH125|fA60|fBP|fCD,W_atr14@3,4,495,漏網,1845,0.091307,,atr14=0.981|n_lu_250=0.389|r20=0.002|c_ma120=NaN|vr20=0.262|days_since_lu=0.117|dt_ratio20=NaN|lend_to_v=NaN|rev_yoy=1.000|o_turn=0.518|o_log_mcap=0.778|o_lu_follow=0.935,"官方日成交結構(MI_INDEX/dailyQuotes)=1|發行股數(MI_QFIIS/dailyQuotes)=1|外資持股(MI_QFIIS,僅上市)=0|自營商(T86/上櫃三大法人)=1|當沖(TWTB4U/上櫃intraday)=0|季財報(MOPS t163sb04)=1|月營收(MOPS/openapi)=1|官方產業別(MOPS t05st03)=1|融資券(MI_MARGN)=0|借券(TWT93U)=0|法人(T86)=1",21,21.0,21.0,official,505.8,,0.0,1.0,0,1,5.43,26.697,43.386,108.0,0,未扣成本·事後欄位以 m_ 標示·非投資建議
HC,2,2026-05-22,2026-05-25,3191,雲嘉南,TPEx,W,,fV300|fV100,W_atr14@3,81,504,漏網,566,0.041126,,atr14=0.466|n_lu_250=0.276|r20=0.843|c_ma120=0.409|vr20=0.866|days_since_lu=0.718|dt_ratio20=NaN|lend_to_v=0.020|rev_yoy=0.271|o_turn=0.115|o_log_mcap=0.000|o_lu_follow=0.402,"官方日成交結構(MI_INDEX/dailyQuotes)=1|發行股數(MI_QFIIS/dailyQuotes)=1|外資持股(MI_QFIIS,僅上市)=0|自營商(T86/上櫃三大法人)=1|當沖(TWTB4U/上櫃intraday)=0|季財報(MOPS t163sb04)=1|月營收(MOPS/openapi)=1|官方產業別(MOPS t05st03)=1|融資券(MI_MARGN)=1|借券(TWT93U)=1|法人(T86)=1",932,inf,250.0,official_prepanel,45.15,,0.0,0.0,0,1,10.0,60.303,21.212,146.0,0,未扣成本·事後欄位以 m_ 標示·非投資建議
HC,2,2026-05-22,2026-05-25,3523,迎輝,TPEx,W,,fP10|fV300|fV100|fH125|fN20,W_atr14@3,17,504,漏網,961,0.063778,,atr14=0.828|n_lu_250=0.763|r20=0.000|c_ma120=0.003|vr20=0.017|days_since_lu=0.544|dt_ratio20=NaN|lend_to_v=0.020|rev_yoy=0.955|o_turn=0.001|o_log_mcap=0.000|o_lu_follow=0.913,"官方日成交結構(MI_INDEX/dailyQuotes)=1|發行股數(MI_QFIIS/dailyQuotes)=1|外資持股(MI_QFIIS,僅上市)=0|自營商(T86/上櫃三大法人)=1|當沖(TWTB4U/上櫃intraday)=0|季財報(MOPS t163sb04)=1|月營收(MOPS/openapi)=1|官方產業別(MOPS t05st03)=1|融資券(MI_MARGN)=1|借券(TWT93U)=1|法人(T86)=1",932,inf,250.0,official_prepanel,63.11,,0.0,0.0,0,1,9.5,59.5,109.5,56.0,0,未扣成本·事後欄位以 m_ 標示·非投資建議
HC,2,2026-05-22,2026-05-25,6654,天正國際,TPEx,W,,fV300|fV100,W_atr14@3,147,504,漏網,628,0.032555,,atr14=0.313|n_lu_250=0.383|r20=0.584|c_ma120=0.470|vr20=0.152|days_since_lu=0.646|dt_ratio20=NaN|lend_to_v=0.442|rev_yoy=0.949|o_turn=0.013|o_log_mcap=0.207|o_lu_follow=0.255,"官方日成交結構(MI_INDEX/dailyQuotes)=1|發行股數(MI_QFIIS/dailyQuotes)=1|外資持股(MI_QFIIS,僅上市)=0|自營商(T86/上櫃三大法人)=1|當沖(TWTB4U/上櫃intraday)=1|季財報(MOPS t163sb04)=1|月營收(MOPS/openapi)=1|官方產業別(MOPS t05st03)=1|融資券(MI_MARGN)=1|借券(TWT93U)=1|法人(T86)=1",932,inf,250.0,official_prepanel,49.4,,0.0,0.0,0,1,8.651,58.599,76.107,225.0,0,未扣成本·事後欄位以 m_ 標示·非投資建議
HC,2,2026-05-22,2026-05-25,8477,創業家,TPEx,W,,fV300|fCD,W_atr14@3,22,504,漏網,254,0.061616,,atr14=0.811|n_lu_250=0.616|r20=0.773|c_ma120=0.652|vr20=0.306|days_since_lu=0.156|dt_ratio20=NaN|lend_to_v=0.020|rev_yoy=0.827|o_turn=0.082|o_log_mcap=0.004|o_lu_follow=0.920,"官方日成交結構(MI_INDEX/dailyQuotes)=1|發行股數(MI_QFIIS/dailyQuotes)=1|外資持股(MI_QFIIS,僅上市)=0|自營商(T86/上櫃三大法人)=1|當沖(TWTB4U/上櫃intraday)=0|季財報(MOPS t163sb04)=1|月營收(MOPS/openapi)=1|官方產業別(MOPS t05st03)=1|融資券(MI_MARGN)=1|借券(TWT93U)=1|法人(T86)=1",932,inf,250.0,official_prepanel,130.3,,0.0,0.0,0,1,8.861,25.316,22.785,322.0,0,未扣成本·事後欄位以 m_ 標示·非投資建議
HC,2,2026-05-26,2026-05-27,2434,統懋,TWSE,W,,fV300|fV100,W_atr14@3,199,489,漏網,938,0.027791,,atr14=0.217|n_lu_250=0.376|r20=0.322|c_ma120=0.350|vr20=0.525|days_since_lu=0.701|dt_ratio20=0.307|lend_to_v=0.531|rev_yoy=0.279|o_turn=0.056|o_log_mcap=0.013|o_lu_follow=0.944,"官方日成交結構(MI_INDEX/dailyQuotes)=1|發行股數(MI_QFIIS/dailyQuotes)=1|外資持股(MI_QFIIS,僅上市)=1|自營商(T86/上櫃三大法人)=1|當沖(TWTB4U/上櫃intraday)=1|季財報(MOPS t163sb04)=1|月營收(MOPS/openapi)=1|官方產業別(MOPS t05st03)=1|融資券(MI_MARGN)=1|借券(TWT93U)=1|法人(T86)=1",934,inf,250.0,official_prepanel,48.95,,0.0,0.0,0,1,8.143,16.938,12.704,269.0,0,未扣成本·事後欄位以 m_ 標示·非投資建議
HC,2,2026-05-27,2026-05-28,1521,大億,TWSE,W,,fV300|fV100,W_atr14@3,281,479,漏網,1072,0.020991,,atr14=0.111|n_lu_250=0.367|r20=0.364|c_ma120=0.293|vr20=0.739|days_since_lu=0.649|dt_ratio20=0.024|lend_to_v=0.710|rev_yoy=0.591|o_turn=0.008|o_log_mcap=0.055|o_lu_follow=0.942,"官方日成交結構(MI_INDEX/dailyQuotes)=1|發行股數(MI_QFIIS/dailyQuotes)=1|外資持股(MI_QFIIS,僅上市)=1|自營商(T86/上櫃三大法人)=1|當沖(TWTB4U/上櫃intraday)=1|季財報(MOPS t163sb04)=1|月營收(MOPS/openapi)=1|官方產業別(MOPS t05st03)=1|融資券(MI_MARGN)=1|借券(TWT93U)=1|法人(T86)=1",935,inf,250.0,official_prepanel,32.05,,0.0,0.0,0,1,8.016,12.224,4.208,205.0,0,未扣成本·事後欄位以 m_ 標示·非投資建議
HC,2,2026-05-27,2026-05-28,5345,馥鴻,TPEx,W,,fV300|fV100|fH125|fN20,W_atr14@3,114,479,漏網,1402,0.0366,,atr14=0.358|n_lu_250=0.539|r20=0.014|c_ma120=0.038|vr20=0.017|days_since_lu=0.733|dt_ratio20=NaN|lend_to_v=0.018|rev_yoy=0.978|o_turn=0.000|o_log_mcap=0.000|o_lu_follow=0.968,"官方日成交結構(MI_INDEX/dailyQuotes)=1|發行股數(MI_QFIIS/dailyQuotes)=1|外資持股(MI_QFIIS,僅上市)=0|自營商(T86/上櫃三大法人)=1|當沖(TWTB4U/上櫃intraday)=0|季財報(MOPS t163sb04)=1|月營收(MOPS/openapi)=1|官方產業別(MOPS t05st03)=1|融資券(MI_MARGN)=1|借券(TWT93U)=1|法人(T86)=1",935,inf,250.0,official_prepanel,18.58,,0.0,0.0,0,1,7.068,17.016,68.325,107.0,0,未扣成本·事後欄位以 m_ 標示·非投資建議
HC,2,2026-05-27,2026-05-28,5701,劍湖山,TPEx,W,,fP10|fP5|fV300|fV100,W_atr14@3,92,479,漏網,1373,0.039491,,atr14=0.408|n_lu_250=0.104|r20=0.287|c_ma120=0.122|vr20=0.530|days_since_lu=0.947|dt_ratio20=NaN|lend_to_v=0.018|rev_yoy=0.140|o_turn=0.002|o_log_mcap=0.000|o_lu_follow=0.691,"官方日成交結構(MI_INDEX/dailyQuotes)=1|發行股數(MI_QFIIS/dailyQuotes)=1|外資持股(MI_QFIIS,僅上市)=0|自營商(T86/上櫃三大法人)=0|當沖(TWTB4U/上櫃intraday)=0|季財報(MOPS t163sb04)=1|月營收(MOPS/openapi)=1|官方產業別(MOPS t05st03)=1|融資券(MI_MARGN)=1|借券(TWT93U)=1|法人(T86)=0",935,inf,250.0,official_prepanel,63.45,,0.0,0.0,0,1,11.315,62.691,52.294,363.0,0,未扣成本·事後欄位以 m_ 標示·非投資建議
HC,2,2026-05-28,2026-05-29,3288,點晶,TPEx,W,,fV300|fV100,W_atr14@3,271,476,漏網,1003,0.021996,,atr14=0.130|n_lu_250=0.609|r20=0.346|c_ma120=0.266|vr20=0.905|days_since_lu=0.578|dt_ratio20=NaN|lend_to_v=0.018|rev_yoy=0.866|o_turn=0.070|o_log_mcap=0.000|o_lu_follow=0.916,"官方日成交結構(MI_INDEX/dailyQuotes)=1|發行股數(MI_QFIIS/dailyQuotes)=1|外資持股(MI_QFIIS,僅上市)=0|自營商(T86/上櫃三大法人)=0|當沖(TWTB4U/上櫃intraday)=0|季財報(MOPS t163sb04)=1|月營收(MOPS/openapi)=1|官方產業別(MOPS t05st03)=1|融資券(MI_MARGN)=1|借券(TWT93U)=1|法人(T86)=0",936,inf,250.0,official_prepanel,13.85,,0.0,0.0,1,0,0.0,46.084,43.072,161.0,0,未扣成本·事後欄位以 m_ 標示·非投資建議
HC,2,2026-05-28,2026-05-29,8472,納維康,TPEx,W,,fV300|fV100,W_atr14@3,166,476,漏網,553,0.030785,,atr14=0.253|n_lu_250=0.967|r20=0.534|c_ma120=0.379|vr20=0.945|days_since_lu=0.583|dt_ratio20=NaN|lend_to_v=0.042|rev_yoy=0.142|o_turn=0.145|o_log_mcap=0.021|o_lu_follow=0.997,"官方日成交結構(MI_INDEX/dailyQuotes)=1|發行股數(MI_QFIIS/dailyQuotes)=1|外資持股(MI_QFIIS,僅上市)=0|自營商(T86/上櫃三大法人)=1|當沖(TWTB4U/上櫃intraday)=1|季財報(MOPS t163sb04)=1|月營收(MOPS/openapi)=1|官方產業別(MOPS t05st03)=1|融資券(MI_MARGN)=1|借券(TWT93U)=1|法人(T86)=1",936,inf,250.0,official_prepanel,19.35,,0.0,0.0,0,1,8.623,25.313,23.783,147.0,0,未扣成本·事後欄位以 m_ 標示·非投資建議
HC,2,2026-05-29,2026-06-01,3086,華義*,TPEx,W,,fH125|fBP,W_atr14@3,29,462,漏網,1055,0.058537,,atr14=0.743|n_lu_250=0.720|r20=0.008|c_ma120=0.000|vr20=0.130|days_since_lu=0.433|dt_ratio20=NaN|lend_to_v=0.426|rev_yoy=0.195|o_turn=0.059|o_log_mcap=0.408|o_lu_follow=0.811,"官方日成交結構(MI_INDEX/dailyQuotes)=1|發行股數(MI_QFIIS/dailyQuotes)=1|外資持股(MI_QFIIS,僅上市)=0|自營商(T86/上櫃三大法人)=1|當沖(TWTB4U/上櫃intraday)=1|季財報(MOPS t163sb04)=1|月營收(MOPS/openapi)=1|官方產業別(MOPS t05st03)=1|融資券(MI_MARGN)=1|借券(TWT93U)=1|法人(T86)=1",937,inf,250.0,official_prepanel,821.95,,0.0,0.0,0,1,9.919,19.675,21.301,491.0,0,未扣成本·事後欄位以 m_ 標示·非投資建議
HC,2,2026-05-29,2026-06-01,6855,數泓科,TPEx,W,,fV300|fV100|fH125,W_atr14@3,152,462,漏網,1066,0.031709,,atr14=0.292|n_lu_250=0.103|r20=0.493|c_ma120=NaN|vr20=0.782|days_since_lu=0.800|dt_ratio20=NaN|lend_to_v=NaN|rev_yoy=0.547|o_turn=0.019|o_log_mcap=0.111|o_lu_follow=0.686,"官方日成交結構(MI_INDEX/dailyQuotes)=1|發行股數(MI_QFIIS/dailyQuotes)=1|外資持股(MI_QFIIS,僅上市)=0|自營商(T86/上櫃三大法人)=1|當沖(TWTB4U/上櫃intraday)=0|季財報(MOPS t163sb04)=1|月營收(MOPS/openapi)=1|官方產業別(MOPS t05st03)=1|融資券(MI_MARGN)=0|借券(TWT93U)=0|法人(T86)=1",880,880.0,250.0,official,13.35,,0.0,0.0,1,0,0.0,10.638,7.66,32.0,0,未扣成本·事後欄位以 m_ 標示·非投資建議
HC,2,2026-05-29,2026-06-01,6925,意藍,TPEx,W,,fV300|fV100,W_atr14@3,128,462,漏網,1757,0.034276,,atr14=0.331|n_lu_250=0.720|r20=0.033|c_ma120=0.006|vr20=0.587|days_since_lu=0.743|dt_ratio20=NaN|lend_to_v=0.252|rev_yoy=0.407|o_turn=0.211|o_log_mcap=0.016|o_lu_follow=0.811,"官方日成交結構(MI_INDEX/dailyQuotes)=1|發行股數(MI_QFIIS/dailyQuotes)=1|外資持股(MI_QFIIS,僅上市)=0|自營商(T86/上櫃三大法人)=1|當沖(TWTB4U/上櫃intraday)=1|季財報(MOPS t163sb04)=1|月營收(MOPS/openapi)=1|官方產業別(MOPS t05st03)=1|融資券(MI_MARGN)=1|借券(TWT93U)=1|法人(T86)=1",245,245.0,245.0,official,65.4,,0.0,0.0,0,1,9.79,33.217,15.899,470.0,0,未扣成本·事後欄位以 m_ 標示·非投資建議
HC,2,2026-06-02,2026-06-03,6907,雅特力-KY,TPEx,W,,fH125|fBP,W_atr14@3,22,443,漏網,1846,0.064706,,atr14=0.799|n_lu_250=0.938|r20=0.337|c_ma120=NaN|vr20=0.517|days_since_lu=0.393|dt_ratio20=NaN|lend_to_v=0.042|rev_yoy=0.933|o_turn=0.760|o_log_mcap=0.384|o_lu_follow=0.997,"官方日成交結構(MI_INDEX/dailyQuotes)=1|發行股數(MI_QFIIS/dailyQuotes)=1|外資持股(MI_QFIIS,僅上市)=0|自營商(T86/上櫃三大法人)=1|當沖(TWTB4U/上櫃intraday)=1|季財報(MOPS t163sb04)=1|月營收(MOPS/openapi)=1|官方產業別(MOPS t05st03)=1|融資券(MI_MARGN)=0|借券(TWT93U)=1|法人(T86)=1",78,78.0,78.0,official,1476.7,,0.0,0.0,0,1,7.28,9.195,3.065,3836.0,0,未扣成本·事後欄位以 m_ 標示·非投資建議
HC,2,2026-06-03,2026-06-04,2924,宏太-KY,TPEx,W,,fV300|fV100|fH125|fN20|fBP,W_atr14@3,63,440,漏網,1847,0.044586,,atr14=0.522|n_lu_250=0.376|r20=NaN|c_ma120=NaN|vr20=NaN|days_since_lu=0.438|dt_ratio20=NaN|lend_to_v=0.019|rev_yoy=0.053|o_turn=0.000|o_log_mcap=0.002|o_lu_follow=0.241,"官方日成交結構(MI_INDEX/dailyQuotes)=1|發行股數(MI_QFIIS/dailyQuotes)=1|外資持股(MI_QFIIS,僅上市)=0|自營商(T86/上櫃三大法人)=0|當沖(TWTB4U/上櫃intraday)=0|季財報(MOPS t163sb04)=1|月營收(MOPS/openapi)=1|官方產業別(MOPS t05st03)=1|融資券(MI_MARGN)=1|借券(TWT93U)=1|法人(T86)=0",940,inf,250.0,official_prepanel,5.25,,0.0,0.0,0,1,9.873,7.006,,38.0,0,未扣成本·事後欄位以 m_ 標示·非投資建議
HC,2,2026-06-03,2026-06-04,6624,萬年清,TPEx,W,,fV300|fV100|fN20,W_atr14@3,79,440,漏網,1331,0.042495,,atr14=0.489|n_lu_250=0.537|r20=0.009|c_ma120=0.005|vr20=0.124|days_since_lu=0.677|dt_ratio20=NaN|lend_to_v=0.088|rev_yoy=0.045|o_turn=0.029|o_log_mcap=0.003|o_lu_follow=0.557,"官方日成交結構(MI_INDEX/dailyQuotes)=1|發行股數(MI_QFIIS/dailyQuotes)=1|外資持股(MI_QFIIS,僅上市)=0|自營商(T86/上櫃三大法人)=1|當沖(TWTB4U/上櫃intraday)=1|季財報(MOPS t163sb04)=1|月營收(MOPS/openapi)=1|官方產業別(MOPS t05st03)=1|融資券(MI_MARGN)=1|借券(TWT93U)=1|法人(T86)=1",940,inf,250.0,official_prepanel,66.84,,0.0,0.0,0,1,9.694,12.755,,47.0,0,未扣成本·事後欄位以 m_ 標示·非投資建議
HC,2,2026-06-03,2026-06-04,6895,宏碩系統,TPEx,W,,fV300|fV100,W_atr14@3,139,440,漏網,1288,0.032283,,atr14=0.301|n_lu_250=0.785|r20=0.020|c_ma120=0.018|vr20=0.603|days_since_lu=0.499|dt_ratio20=NaN|lend_to_v=0.788|rev_yoy=0.026|o_turn=0.163|o_log_mcap=0.264|o_lu_follow=0.878,"官方日成交結構(MI_INDEX/dailyQuotes)=1|發行股數(MI_QFIIS/dailyQuotes)=1|外資持股(MI_QFIIS,僅上市)=0|自營商(T86/上櫃三大法人)=1|當沖(TWTB4U/上櫃intraday)=1|季財報(MOPS t163sb04)=1|月營收(MOPS/openapi)=1|官方產業別(MOPS t05st03)=1|融資券(MI_MARGN)=1|借券(TWT93U)=1|法人(T86)=1",674,674.0,250.0,official,99.9,,0.0,0.0,0,1,6.552,12.759,10.345,119.0,0,未扣成本·事後欄位以 m_ 標示·非投資建議
HC,2,2026-06-04,2026-06-05,4402,郡都開發,TPEx,W,,fV300|fV100,W_atr14@3,97,427,漏網,1540,0.037331,,atr14=0.396|n_lu_250=0.367|r20=0.085|c_ma120=0.005|vr20=0.041|days_since_lu=0.777|dt_ratio20=NaN|lend_to_v=NaN|rev_yoy=0.120|o_turn=0.000|o_log_mcap=0.002|o_lu_follow=0.253,"官方日成交結構(MI_INDEX/dailyQuotes)=1|發行股數(MI_QFIIS/dailyQuotes)=1|外資持股(MI_QFIIS,僅上市)=0|自營商(T86/上櫃三大法人)=1|當沖(TWTB4U/上櫃intraday)=0|季財報(MOPS t163sb04)=1|月營收(MOPS/openapi)=1|官方產業別(MOPS t05st03)=1|融資券(MI_MARGN)=0|借券(TWT93U)=0|法人(T86)=1",941,inf,250.0,official_prepanel,88.0,,0.0,0.0,0,1,10.331,42.149,38.843,131.0,0,未扣成本·事後欄位以 m_ 標示·非投資建議
HC,2,2026-06-04,2026-06-05,5345,馥鴻,TPEx,W,,fV300|fV100|fH125|fN20|fCD,W_atr14@3,20,427,漏網,710,0.062238,,atr14=0.794|n_lu_250=0.714|r20=0.372|c_ma120=0.149|vr20=0.412|days_since_lu=0.087|dt_ratio20=NaN|lend_to_v=0.019|rev_yoy=0.974|o_turn=0.018|o_log_mcap=0.002|o_lu_follow=0.992,"官方日成交結構(MI_INDEX/dailyQuotes)=1|發行股數(MI_QFIIS/dailyQuotes)=1|外資持股(MI_QFIIS,僅上市)=0|自營商(T86/上櫃三大法人)=1|當沖(TWTB4U/上櫃intraday)=0|季財報(MOPS t163sb04)=1|月營收(MOPS/openapi)=1|官方產業別(MOPS t05st03)=1|融資券(MI_MARGN)=1|借券(TWT93U)=1|法人(T86)=1",941,inf,250.0,official_prepanel,41.74,,0.0,0.0,0,1,9.502,59.955,46.38,50.0,0,未扣成本·事後欄位以 m_ 標示·非投資建議
HC,2,2026-06-04,2026-06-05,6645,金萬林-創,TWSE,W,,fV300|fV100,W_atr14@3,169,427,漏網,1579,0.027542,,atr14=0.221|n_lu_250=0.453|r20=0.107|c_ma120=0.009|vr20=0.387|days_since_lu=0.735|dt_ratio20=NaN|lend_to_v=0.019|rev_yoy=0.117|o_turn=0.012|o_log_mcap=0.000|o_lu_follow=0.852,"官方日成交結構(MI_INDEX/dailyQuotes)=1|發行股數(MI_QFIIS/dailyQuotes)=1|外資持股(MI_QFIIS,僅上市)=1|自營商(T86/上櫃三大法人)=1|當沖(TWTB4U/上櫃intraday)=0|季財報(MOPS t163sb04)=1|月營收(MOPS/openapi)=1|官方產業別(MOPS t05st03)=1|融資券(MI_MARGN)=1|借券(TWT93U)=1|法人(T86)=1",591,591.0,250.0,official,58.7,,0.0,0.0,0,1,9.283,8.861,29.536,218.0,0,未扣成本·事後欄位以 m_ 標示·非投資建議
HC,2,2026-06-09,2026-06-10,1438,三地開發,TWSE,W,,fV300|fV100,W_atr14@3,183,428,漏網,1642,0.02918,,atr14=0.182|n_lu_250=0.361|r20=0.214|c_ma120=0.003|vr20=0.669|days_since_lu=0.762|dt_ratio20=0.019|lend_to_v=0.627|rev_yoy=NaN|o_turn=0.006|o_log_mcap=0.080|o_lu_follow=0.248,"官方日成交結構(MI_INDEX/dailyQuotes)=1|發行股數(MI_QFIIS/dailyQuotes)=1|外資持股(MI_QFIIS,僅上市)=1|自營商(T86/上櫃三大法人)=1|當沖(TWTB4U/上櫃intraday)=1|季財報(MOPS t163sb04)=1|月營收(MOPS/openapi)=0|官方產業別(MOPS t05st03)=1|融資券(MI_MARGN)=1|借券(TWT93U)=1|法人(T86)=1",944,inf,250.0,official_prepanel,70.1,,0.0,0.0,0,1,10.327,14.358,14.861,269.0,0,未扣成本·事後欄位以 m_ 標示·非投資建議
HC,2,2026-06-09,2026-06-10,3285,微端,TPEx,W,,fV300|fV100,W_atr14@3,91,428,漏網,528,0.04139,,atr14=0.360|n_lu_250=0.445|r20=0.790|c_ma120=0.509|vr20=0.062|days_since_lu=0.678|dt_ratio20=NaN|lend_to_v=0.325|rev_yoy=0.328|o_turn=0.006|o_log_mcap=0.022|o_lu_follow=0.173,"官方日成交結構(MI_INDEX/dailyQuotes)=1|發行股數(MI_QFIIS/dailyQuotes)=1|外資持股(MI_QFIIS,僅上市)=0|自營商(T86/上櫃三大法人)=1|當沖(TWTB4U/上櫃intraday)=1|季財報(MOPS t163sb04)=1|月營收(MOPS/openapi)=1|官方產業別(MOPS t05st03)=1|融資券(MI_MARGN)=1|借券(TWT93U)=1|法人(T86)=1",944,inf,250.0,official_prepanel,78.15,,0.0,0.0,0,1,7.704,44.654,38.994,488.0,0,未扣成本·事後欄位以 m_ 標示·非投資建議
HC,2,2026-06-10,2026-06-11,5468,凱鈺,TPEx,W,,fV300|fV100,W_atr14@3,132,424,漏網,728,0.036111,,atr14=0.248|n_lu_250=0.800|r20=0.481|c_ma120=0.302|vr20=0.904|days_since_lu=0.653|dt_ratio20=NaN|lend_to_v=0.016|rev_yoy=0.602|o_turn=0.159|o_log_mcap=0.006|o_lu_follow=0.968,"官方日成交結構(MI_INDEX/dailyQuotes)=1|發行股數(MI_QFIIS/dailyQuotes)=1|外資持股(MI_QFIIS,僅上市)=0|自營商(T86/上櫃三大法人)=1|當沖(TWTB4U/上櫃intraday)=0|季財報(MOPS t163sb04)=1|月營收(MOPS/openapi)=1|官方產業別(MOPS t05st03)=1|融資券(MI_MARGN)=1|借券(TWT93U)=1|法人(T86)=1",945,inf,250.0,official_prepanel,90.8,,0.0,0.0,1,0,0.0,37.879,51.515,472.0,0,未扣成本·事後欄位以 m_ 標示·非投資建議
HC,2,2026-06-11,2026-06-12,8937,合騏*,TPEx,W,,fH125|fBP,W_atr14@3,26,432,漏網,1412,0.06635,,atr14=0.668|n_lu_250=0.494|r20=0.005|c_ma120=0.000|vr20=0.448|days_since_lu=0.537|dt_ratio20=NaN|lend_to_v=0.016|rev_yoy=0.993|o_turn=0.011|o_log_mcap=0.447|o_lu_follow=0.573,"官方日成交結構(MI_INDEX/dailyQuotes)=1|發行股數(MI_QFIIS/dailyQuotes)=1|外資持股(MI_QFIIS,僅上市)=0|自營商(T86/上櫃三大法人)=1|當沖(TWTB4U/上櫃intraday)=0|季財報(MOPS t163sb04)=1|月營收(MOPS/openapi)=1|官方產業別(MOPS t05st03)=1|融資券(MI_MARGN)=1|借券(TWT93U)=1|法人(T86)=1",946,inf,250.0,official_prepanel,402.05,,0.0,0.0,0,1,6.682,30.067,23.831,428.0,0,未扣成本·事後欄位以 m_ 標示·非投資建議
HC,2,2026-06-12,2026-06-15,6654,天正國際,TPEx,W,,fV300|fCD,W_atr14@3,20,428,漏網,91,0.068721,,atr14=0.725|n_lu_250=0.729|r20=0.997|c_ma120=0.975|vr20=0.065|days_since_lu=0.212|dt_ratio20=NaN|lend_to_v=0.186|rev_yoy=0.904|o_turn=0.043|o_log_mcap=0.362|o_lu_follow=0.994,"官方日成交結構(MI_INDEX/dailyQuotes)=1|發行股數(MI_QFIIS/dailyQuotes)=1|外資持股(MI_QFIIS,僅上市)=0|自營商(T86/上櫃三大法人)=1|當沖(TWTB4U/上櫃intraday)=0|季財報(MOPS t163sb04)=1|月營收(MOPS/openapi)=1|官方產業別(MOPS t05st03)=1|融資券(MI_MARGN)=1|借券(TWT93U)=1|法人(T86)=1",947,inf,250.0,official_prepanel,174.75,,1.0,0.0,0,1,4.722,17.222,3.889,225.0,1,未扣成本·事後欄位以 m_ 標示·非投資建議
HC,2,2026-06-16,2026-06-17,3465,進泰電子,TPEx,W,,fV300|fV100,W_atr14@3,16,428,漏網,829,0.07381,,atr14=0.835|n_lu_250=0.239|r20=0.763|c_ma120=0.011|vr20=0.425|days_since_lu=0.116|dt_ratio20=NaN|lend_to_v=0.268|rev_yoy=0.948|o_turn=0.055|o_log_mcap=0.008|o_lu_follow=0.392,"官方日成交結構(MI_INDEX/dailyQuotes)=1|發行股數(MI_QFIIS/dailyQuotes)=1|外資持股(MI_QFIIS,僅上市)=0|自營商(T86/上櫃三大法人)=1|當沖(TWTB4U/上櫃intraday)=1|季財報(MOPS t163sb04)=1|月營收(MOPS/openapi)=1|官方產業別(MOPS t05st03)=1|融資券(MI_MARGN)=1|借券(TWT93U)=1|法人(T86)=1",949,inf,250.0,official_prepanel,64.35,,0.0,0.0,0,1,9.817,31.115,15.807,107.0,0,未扣成本·事後欄位以 m_ 標示·非投資建議
HC,2,2026-06-17,2026-06-18,3664,安瑞-KY,TPEx,W,,fP10|fV300|fV100,W_atr14@3,21,429,漏網,1023,0.065379,,atr14=0.766|n_lu_250=0.834|r20=0.002|c_ma120=0.000|vr20=0.941|days_since_lu=0.440|dt_ratio20=NaN|lend_to_v=0.021|rev_yoy=0.481|o_turn=0.058|o_log_mcap=0.000|o_lu_follow=0.978,"官方日成交結構(MI_INDEX/dailyQuotes)=1|發行股數(MI_QFIIS/dailyQuotes)=1|外資持股(MI_QFIIS,僅上市)=0|自營商(T86/上櫃三大法人)=1|當沖(TWTB4U/上櫃intraday)=0|季財報(MOPS t163sb04)=1|月營收(MOPS/openapi)=1|官方產業別(MOPS t05st03)=1|融資券(MI_MARGN)=1|借券(TWT93U)=1|法人(T86)=1",950,inf,250.0,official_prepanel,38.4,,0.0,0.0,0,1,9.756,18.374,25.854,42.0,0,未扣成本·事後欄位以 m_ 標示·非投資建議
HC,2,2026-06-17,2026-06-18,4169,泰宗,TWSE,W,,fV300|fH125|fA60|fBP,W_atr14@3,161,429,漏網,1837,0.030579,,atr14=0.158|n_lu_250=0.092|r20=0.290|c_ma120=NaN|vr20=0.292|days_since_lu=0.979|dt_ratio20=NaN|lend_to_v=NaN|rev_yoy=0.104|o_turn=0.037|o_log_mcap=0.474|o_lu_follow=0.684,"官方日成交結構(MI_INDEX/dailyQuotes)=1|發行股數(MI_QFIIS/dailyQuotes)=1|外資持股(MI_QFIIS,僅上市)=1|自營商(T86/上櫃三大法人)=1|當沖(TWTB4U/上櫃intraday)=0|季財報(MOPS t163sb04)=1|月營收(MOPS/openapi)=1|官方產業別(MOPS t05st03)=1|融資券(MI_MARGN)=0|借券(TWT93U)=0|法人(T86)=1",50,50.0,50.0,official,130.75,,0.0,0.0,0,1,7.692,22.436,29.487,577.0,0,未扣成本·事後欄位以 m_ 標示·非投資建議
HC,2,2026-06-17,2026-06-18,5489,彩富,TPEx,W,,fV300|fV100,W_atr14@3,159,429,漏網,841,0.030829,,atr14=0.166|n_lu_250=0.339|r20=0.592|c_ma120=0.430|vr20=0.980|days_since_lu=0.813|dt_ratio20=NaN|lend_to_v=0.741|rev_yoy=0.523|o_turn=0.317|o_log_mcap=0.236|o_lu_follow=0.929,"官方日成交結構(MI_INDEX/dailyQuotes)=1|發行股數(MI_QFIIS/dailyQuotes)=1|外資持股(MI_QFIIS,僅上市)=0|自營商(T86/上櫃三大法人)=1|當沖(TWTB4U/上櫃intraday)=1|季財報(MOPS t163sb04)=1|月營收(MOPS/openapi)=1|官方產業別(MOPS t05st03)=1|融資券(MI_MARGN)=1|借券(TWT93U)=1|法人(T86)=1",950,inf,250.0,official_prepanel,99.7,,0.0,0.0,0,1,7.746,56.763,43.353,529.0,0,未扣成本·事後欄位以 m_ 標示·非投資建議
HC,2,2026-06-22,2026-06-23,8024,佑華,TPEx,W,,fV300|fV100,W_atr14@3,145,430,漏網,1293,0.031429,,atr14=0.183|n_lu_250=0.345|r20=0.238|c_ma120=0.239|vr20=0.917|days_since_lu=0.721|dt_ratio20=NaN|lend_to_v=0.021|rev_yoy=0.772|o_turn=0.214|o_log_mcap=0.000|o_lu_follow=0.237,"官方日成交結構(MI_INDEX/dailyQuotes)=1|發行股數(MI_QFIIS/dailyQuotes)=1|外資持股(MI_QFIIS,僅上市)=0|自營商(T86/上櫃三大法人)=1|當沖(TWTB4U/上櫃intraday)=0|季財報(MOPS t163sb04)=1|月營收(MOPS/openapi)=1|官方產業別(MOPS t05st03)=1|融資券(MI_MARGN)=1|借券(TWT93U)=1|法人(T86)=1",952,inf,250.0,official_prepanel,74.8,,0.0,0.0,0,1,8.268,27.953,26.772,419.0,0,未扣成本·事後欄位以 m_ 標示·非投資建議
HC,2,2026-06-25,2026-06-26,7795,長廣,TWSE,W,,fH125|fBP,W_atr14@3,19,441,漏網,1859,0.069212,,atr14=0.845|n_lu_250=0.719|r20=0.545|c_ma120=NaN|vr20=0.628|days_since_lu=0.055|dt_ratio20=NaN|lend_to_v=NaN|rev_yoy=0.623|o_turn=0.355|o_log_mcap=0.755|o_lu_follow=0.020,"官方日成交結構(MI_INDEX/dailyQuotes)=1|發行股數(MI_QFIIS/dailyQuotes)=1|外資持股(MI_QFIIS,僅上市)=1|自營商(T86/上櫃三大法人)=1|當沖(TWTB4U/上櫃intraday)=0|季財報(MOPS t163sb04)=1|月營收(MOPS/openapi)=1|官方產業別(MOPS t05st03)=1|融資券(MI_MARGN)=0|借券(TWT93U)=0|法人(T86)=1",103,103.0,103.0,official,419.55,,0.0,1.0,0,1,8.353,43.765,29.882,1163.0,0,未扣成本·事後欄位以 m_ 標示·非投資建議
HC,3,2026-07-01,2026-07-02,6907,雅特力-KY,TPEx,W,,fH125|fBP,W_atr14@3,7,475,漏網,1869,0.078471,,atr14=0.936|n_lu_250=0.947|r20=0.875|c_ma120=NaN|vr20=0.067|days_since_lu=0.101|dt_ratio20=NaN|lend_to_v=0.044|rev_yoy=0.865|o_turn=0.673|o_log_mcap=0.407|o_lu_follow=0.996,"官方日成交結構(MI_INDEX/dailyQuotes)=1|發行股數(MI_QFIIS/dailyQuotes)=1|外資持股(MI_QFIIS,僅上市)=0|自營商(T86/上櫃三大法人)=1|當沖(TWTB4U/上櫃intraday)=1|季財報(MOPS t163sb04)=1|月營收(MOPS/openapi)=1|官方產業別(MOPS t05st03)=1|融資券(MI_MARGN)=0|借券(TWT93U)=1|法人(T86)=1",98,98.0,98.0,official,2860.55,,0.0,0.0,0,1,9.155,33.099,68.31,1629.0,0,未扣成本·事後欄位以 m_ 標示·非投資建議
HC,3,2026-07-02,2026-07-03,4169,泰宗,TWSE,W,,fH125|fBP|fCD,W_atr14@3,20,474,漏網,1854,0.059936,,atr14=0.770|n_lu_250=0.331|r20=0.972|c_ma120=NaN|vr20=0.681|days_since_lu=0.146|dt_ratio20=NaN|lend_to_v=NaN|rev_yoy=0.096|o_turn=0.362|o_log_mcap=0.522|o_lu_follow=0.940,"官方日成交結構(MI_INDEX/dailyQuotes)=1|發行股數(MI_QFIIS/dailyQuotes)=1|外資持股(MI_QFIIS,僅上市)=1|自營商(T86/上櫃三大法人)=1|當沖(TWTB4U/上櫃intraday)=0|季財報(MOPS t163sb04)=1|月營收(MOPS/openapi)=1|官方產業別(MOPS t05st03)=1|融資券(MI_MARGN)=0|借券(TWT93U)=0|法人(T86)=1",60,60.0,60.0,official,320.5,,0.0,0.0,1,0,0.0,21.622,13.514,287.0,0,未扣成本·事後欄位以 m_ 標示·非投資建議
HC,3,2026-07-06,2026-07-07,1796,金穎生技,TPEx,W,,fV300|fV100|fN20,W_atr14@3,275,490,漏網,1727,0.019474,,atr14=0.079|n_lu_250=0.536|r20=0.084|c_ma120=0.009|vr20=0.774|days_since_lu=0.564|dt_ratio20=NaN|lend_to_v=0.737|rev_yoy=0.157|o_turn=0.009|o_log_mcap=0.014|o_lu_follow=0.912,"官方日成交結構(MI_INDEX/dailyQuotes)=1|發行股數(MI_QFIIS/dailyQuotes)=1|外資持股(MI_QFIIS,僅上市)=0|自營商(T86/上櫃三大法人)=1|當沖(TWTB4U/上櫃intraday)=1|季財報(MOPS t163sb04)=1|月營收(MOPS/openapi)=1|官方產業別(MOPS t05st03)=1|融資券(MI_MARGN)=1|借券(TWT93U)=1|法人(T86)=1",962,inf,250.0,official_prepanel,14.84,,0.0,0.0,0,1,8.934,4.089,1.687,59.0,0,未扣成本·事後欄位以 m_ 標示·非投資建議
HC,3,2026-07-07,2026-07-08,7714,創泓科技,TPEx,W,,fV300|fCD,W_atr14@3,23,496,漏網,454,0.057942,,atr14=0.671|n_lu_250=0.791|r20=0.415|c_ma120=0.451|vr20=0.810|days_since_lu=0.157|dt_ratio20=NaN|lend_to_v=0.197|rev_yoy=0.585|o_turn=0.708|o_log_mcap=0.134|o_lu_follow=0.550,"官方日成交結構(MI_INDEX/dailyQuotes)=1|發行股數(MI_QFIIS/dailyQuotes)=1|外資持股(MI_QFIIS,僅上市)=0|自營商(T86/上櫃三大法人)=1|當沖(TWTB4U/上櫃intraday)=1|季財報(MOPS t163sb04)=1|月營收(MOPS/openapi)=1|官方產業別(MOPS t05st03)=1|融資券(MI_MARGN)=1|借券(TWT93U)=1|法人(T86)=1",355,355.0,250.0,official,221.65,,0.0,0.0,0,1,9.028,44.097,27.778,469.0,0,未扣成本·事後欄位以 m_ 標示·非投資建議
HC,3,2026-07-08,2026-07-09,2321,東訊,TWSE,W,,fV300|fV100|fH125|fN20,W_atr14@3,482,496,漏網,1884,,,atr14=NaN|n_lu_250=0.379|r20=NaN|c_ma120=NaN|vr20=NaN|days_since_lu=0.536|dt_ratio20=NaN|lend_to_v=NaN|rev_yoy=0.225|o_turn=0.000|o_log_mcap=0.000|o_lu_follow=0.168,"官方日成交結構(MI_INDEX/dailyQuotes)=1|發行股數(MI_QFIIS/dailyQuotes)=1|外資持股(MI_QFIIS,僅上市)=1|自營商(T86/上櫃三大法人)=0|當沖(TWTB4U/上櫃intraday)=0|季財報(MOPS t163sb04)=1|月營收(MOPS/openapi)=1|官方產業別(MOPS t05st03)=1|融資券(MI_MARGN)=0|借券(TWT93U)=0|法人(T86)=0",964,inf,250.0,official_prepanel,4.8,,0.0,0.0,0,1,4.135,16.917,,15.0,0,未扣成本·事後欄位以 m_ 標示·非投資建議
HC,3,2026-07-13,2026-07-14,2910,統領,TWSE,W,,fV300|fV100|fN20,W_atr14@3,152,508,漏網,953,0.030632,,atr14=0.227|n_lu_250=0.088|r20=0.613|c_ma120=0.469|vr20=1.000|days_since_lu=0.979|dt_ratio20=0.015|lend_to_v=0.044|rev_yoy=0.264|o_turn=0.075|o_log_mcap=0.195|o_lu_follow=0.666,"官方日成交結構(MI_INDEX/dailyQuotes)=1|發行股數(MI_QFIIS/dailyQuotes)=1|外資持股(MI_QFIIS,僅上市)=1|自營商(T86/上櫃三大法人)=1|當沖(TWTB4U/上櫃intraday)=1|季財報(MOPS t163sb04)=1|月營收(MOPS/openapi)=1|官方產業別(MOPS t05st03)=1|融資券(MI_MARGN)=1|借券(TWT93U)=1|法人(T86)=1",966,inf,250.0,official_prepanel,42.32,,0.0,0.0,0,1,7.205,12.445,13.1,222.0,0,未扣成本·事後欄位以 m_ 標示·非投資建議
HC,3,2026-07-13,2026-07-14,3288,點晶,TPEx,W,,fV300|fV100,W_atr14@3,16,508,漏網,547,0.068102,,atr14=0.755|n_lu_250=0.780|r20=0.017|c_ma120=0.555|vr20=0.049|days_since_lu=0.284|dt_ratio20=NaN|lend_to_v=0.020|rev_yoy=0.102|o_turn=0.054|o_log_mcap=0.000|o_lu_follow=0.979,"官方日成交結構(MI_INDEX/dailyQuotes)=1|發行股數(MI_QFIIS/dailyQuotes)=1|外資持股(MI_QFIIS,僅上市)=0|自營商(T86/上櫃三大法人)=1|當沖(TWTB4U/上櫃intraday)=0|季財報(MOPS t163sb04)=1|月營收(MOPS/openapi)=1|官方產業別(MOPS t05st03)=1|融資券(MI_MARGN)=1|借券(TWT93U)=1|法人(T86)=1",966,inf,250.0,official_prepanel,62.2,,0.0,0.0,0,1,3.351,51.031,28.351,40.0,0,未扣成本·事後欄位以 m_ 標示·非投資建議
HC,3,2026-07-13,2026-07-14,4139,馬光-KY,TPEx,W,,fV300|fV100,W_atr14@3,258,508,漏網,927,0.02239,,atr14=0.121|n_lu_250=0.088|r20=0.728|c_ma120=0.559|vr20=0.980|days_since_lu=0.949|dt_ratio20=NaN|lend_to_v=0.302|rev_yoy=0.376|o_turn=0.090|o_log_mcap=0.012|o_lu_follow=0.666,"官方日成交結構(MI_INDEX/dailyQuotes)=1|發行股數(MI_QFIIS/dailyQuotes)=1|外資持股(MI_QFIIS,僅上市)=0|自營商(T86/上櫃三大法人)=1|當沖(TWTB4U/上櫃intraday)=0|季財報(MOPS t163sb04)=1|月營收(MOPS/openapi)=1|官方產業別(MOPS t05st03)=1|融資券(MI_MARGN)=1|借券(TWT93U)=1|法人(T86)=1",966,inf,250.0,official_prepanel,26.05,,0.0,0.0,0,1,8.539,42.315,51.613,126.0,0,未扣成本·事後欄位以 m_ 標示·非投資建議
HC,3,2026-07-13,2026-07-14,6907,雅特力-KY,TPEx,W,,fH125|fBP|fCD,W_atr14@3,8,508,漏網,1904,0.07751,,atr14=0.840|n_lu_250=0.972|r20=0.989|c_ma120=NaN|vr20=0.849|days_since_lu=0.031|dt_ratio20=NaN|lend_to_v=0.040|rev_yoy=0.864|o_turn=0.938|o_log_mcap=0.482|o_lu_follow=0.996,"官方日成交結構(MI_INDEX/dailyQuotes)=1|發行股數(MI_QFIIS/dailyQuotes)=1|外資持股(MI_QFIIS,僅上市)=0|自營商(T86/上櫃三大法人)=1|當沖(TWTB4U/上櫃intraday)=1|季財報(MOPS t163sb04)=1|月營收(MOPS/openapi)=1|官方產業別(MOPS t05st03)=1|融資券(MI_MARGN)=0|借券(TWT93U)=1|法人(T86)=1",105,105.0,105.0,official,2128.6,,0.0,3.0,1,0,0.0,0.473,-6.856,4774.0,0,未扣成本·事後欄位以 m_ 標示·非投資建議
HC,3,2026-07-14,2026-07-15,2719,燦星旅,TPEx,W,,fV300|fV100,W_atr14@3,153,506,漏網,1714,0.030919,,atr14=0.207|n_lu_250=0.438|r20=0.144|c_ma120=0.034|vr20=0.946|days_since_lu=0.711|dt_ratio20=NaN|lend_to_v=0.537|rev_yoy=0.052|o_turn=0.003|o_log_mcap=0.025|o_lu_follow=0.113,"官方日成交結構(MI_INDEX/dailyQuotes)=1|發行股數(MI_QFIIS/dailyQuotes)=1|外資持股(MI_QFIIS,僅上市)=0|自營商(T86/上櫃三大法人)=1|當沖(TWTB4U/上櫃intraday)=1|季財報(MOPS t163sb04)=1|月營收(MOPS/openapi)=1|官方產業別(MOPS t05st03)=1|融資券(MI_MARGN)=1|借券(TWT93U)=1|法人(T86)=1",967,inf,250.0,official_prepanel,22.35,,0.0,0.0,0,1,7.955,6.364,1.136,141.0,0,未扣成本·事後欄位以 m_ 標示·非投資建議
HC,3,2026-07-17,2026-07-20,2910,統領,TWSE,W,,fV300|fN20|fCD,W_atr14@3,44,520,漏網,318,0.051325,,atr14=0.439|n_lu_250=0.289|r20=0.869|c_ma120=0.729|vr20=0.985|days_since_lu=0.026|dt_ratio20=0.255|lend_to_v=0.037|rev_yoy=0.611|o_turn=0.036|o_log_mcap=0.225|o_lu_follow=0.921,"官方日成交結構(MI_INDEX/dailyQuotes)=1|發行股數(MI_QFIIS/dailyQuotes)=1|外資持股(MI_QFIIS,僅上市)=1|自營商(T86/上櫃三大法人)=1|當沖(TWTB4U/上櫃intraday)=1|季財報(MOPS t163sb04)=1|月營收(MOPS/openapi)=1|官方產業別(MOPS t05st03)=1|融資券(MI_MARGN)=1|借券(TWT93U)=1|法人(T86)=1",970,inf,250.0,official_prepanel,101.58,,0.0,0.0,0,1,5.967,-3.086,5.761,80.0,0,未扣成本·事後欄位以 m_ 標示·非投資建議
HC,3,2026-07-20,2026-07-21,5345,馥鴻,TPEx,W,,fV300|fV100|fH125,W_atr14@3,6,519,漏網,1010,0.092293,,atr14=0.853|n_lu_250=0.790|r20=0.013|c_ma120=0.061|vr20=0.064|days_since_lu=0.224|dt_ratio20=NaN|lend_to_v=0.018|rev_yoy=0.992|o_turn=0.009|o_log_mcap=0.001|o_lu_follow=0.993,"官方日成交結構(MI_INDEX/dailyQuotes)=1|發行股數(MI_QFIIS/dailyQuotes)=1|外資持股(MI_QFIIS,僅上市)=0|自營商(T86/上櫃三大法人)=1|當沖(TWTB4U/上櫃intraday)=0|季財報(MOPS t163sb04)=1|月營收(MOPS/openapi)=1|官方產業別(MOPS t05st03)=1|融資券(MI_MARGN)=1|借券(TWT93U)=1|法人(T86)=1",971,inf,250.0,official_prepanel,57.1,,0.0,0.0,0,1,10.0,33.158,17.632,33.0,0,未扣成本·事後欄位以 m_ 標示·非投資建議
HC,3,2026-07-21,2026-07-22,4442,竣邦-KY,TPEx,W,,fV300|fV100,W_atr14@3,319,527,漏網,1743,0.02126,,atr14=0.072|n_lu_250=0.362|r20=0.456|c_ma120=0.171|vr20=0.740|days_since_lu=0.795|dt_ratio20=NaN|lend_to_v=0.500|rev_yoy=0.701|o_turn=0.013|o_log_mcap=0.033|o_lu_follow=0.166,"官方日成交結構(MI_INDEX/dailyQuotes)=1|發行股數(MI_QFIIS/dailyQuotes)=1|外資持股(MI_QFIIS,僅上市)=0|自營商(T86/上櫃三大法人)=1|當沖(TWTB4U/上櫃intraday)=1|季財報(MOPS t163sb04)=1|月營收(MOPS/openapi)=1|官方產業別(MOPS t05st03)=1|融資券(MI_MARGN)=1|借券(TWT93U)=1|法人(T86)=1",638,638.0,250.0,official,20.2,,0.0,0.0,0,1,9.85,33.833,26.124,273.0,0,未扣成本·事後欄位以 m_ 標示·非投資建議
HC,3,2026-07-22,2026-07-23,6577,勁豐,TPEx,W,,fV300|fV100,W_atr14@3,250,534,漏網,788,0.025608,,atr14=0.127|n_lu_250=0.084|r20=0.824|c_ma120=0.653|vr20=0.844|days_since_lu=0.897|dt_ratio20=NaN|lend_to_v=0.382|rev_yoy=0.320|o_turn=0.061|o_log_mcap=0.251|o_lu_follow=0.663,"官方日成交結構(MI_INDEX/dailyQuotes)=1|發行股數(MI_QFIIS/dailyQuotes)=1|外資持股(MI_QFIIS,僅上市)=0|自營商(T86/上櫃三大法人)=1|當沖(TWTB4U/上櫃intraday)=1|季財報(MOPS t163sb04)=1|月營收(MOPS/openapi)=1|官方產業別(MOPS t05st03)=1|融資券(MI_MARGN)=1|借券(TWT93U)=1|法人(T86)=1",973,inf,250.0,official_prepanel,59.0,,0.0,0.0,0,1,9.427,4.204,1.911,631.0,0,未扣成本·事後欄位以 m_ 標示·非投資建議
HC,3,2026-07-23,2026-07-24,3018,隆銘綠能,TWSE,W,,fV300|fV100|fN20,W_atr14@3,369,513,漏網,1357,0.017782,,atr14=0.036|n_lu_250=0.206|r20=0.588|c_ma120=0.547|vr20=0.939|days_since_lu=0.505|dt_ratio20=NaN|lend_to_v=0.019|rev_yoy=0.896|o_turn=0.041|o_log_mcap=0.005|o_lu_follow=0.370,"官方日成交結構(MI_INDEX/dailyQuotes)=1|發行股數(MI_QFIIS/dailyQuotes)=1|外資持股(MI_QFIIS,僅上市)=1|自營商(T86/上櫃三大法人)=0|當沖(TWTB4U/上櫃intraday)=0|季財報(MOPS t163sb04)=1|月營收(MOPS/openapi)=1|官方產業別(MOPS t05st03)=1|融資券(MI_MARGN)=1|借券(TWT93U)=1|法人(T86)=0",974,inf,250.0,official_prepanel,34.05,,0.0,0.0,1,0,0.0,23.077,11.538,94.0,0,未扣成本·事後欄位以 m_ 標示·非投資建議
HC,3,2026-08-05,2026-08-06,6441,廣錠,TPEx,W,,fV300|fV100,W_atr14@3,103,555,漏網,1169,0.041498,,atr14=0.351|n_lu_250=0.730|r20=0.285|c_ma120=0.128|vr20=0.820|days_since_lu=0.515|dt_ratio20=NaN|lend_to_v=0.954|rev_yoy=0.017|o_turn=0.118|o_log_mcap=0.008|o_lu_follow=0.921,"官方日成交結構(MI_INDEX/dailyQuotes)=1|發行股數(MI_QFIIS/dailyQuotes)=1|外資持股(MI_QFIIS,僅上市)=0|自營商(T86/上櫃三大法人)=1|當沖(TWTB4U/上櫃intraday)=1|季財報(MOPS t163sb04)=1|月營收(MOPS/openapi)=1|官方產業別(MOPS t05st03)=1|融資券(MI_MARGN)=1|借券(TWT93U)=1|法人(T86)=1",983,inf,250.0,official_prepanel,58.1,,0.0,0.0,0,1,9.487,15.897,10.513,225.0,0,未扣成本·事後欄位以 m_ 標示·非投資建議
HC,3,2026-08-06,2026-08-07,7820,立盈,TPEx,W,,fV300|fV100|fH125,W_atr14@3,111,559,漏網,1889,0.039071,,atr14=0.334|n_lu_250=0.220|r20=0.220|c_ma120=NaN|vr20=0.022|days_since_lu=0.358|dt_ratio20=NaN|lend_to_v=0.054|rev_yoy=0.755|o_turn=0.000|o_log_mcap=0.184|o_lu_follow=0.371,"官方日成交結構(MI_INDEX/dailyQuotes)=1|發行股數(MI_QFIIS/dailyQuotes)=1|外資持股(MI_QFIIS,僅上市)=0|自營商(T86/上櫃三大法人)=0|當沖(TWTB4U/上櫃intraday)=1|季財報(MOPS t163sb04)=1|月營收(MOPS/openapi)=1|官方產業別(MOPS t05st03)=1|融資券(MI_MARGN)=0|借券(TWT93U)=1|法人(T86)=0",71,71.0,71.0,official,15.5,,0.0,0.0,1,0,0.0,10.909,9.091,17.0,0,未扣成本·事後欄位以 m_ 標示·非投資建議
HC,3,2026-08-06,2026-08-07,7842,天能綠電,TPEx,W,,fV300|fV100|fH125|fN20,W_atr14@3,56,559,漏網,1863,0.048059,,atr14=0.491|n_lu_250=0.220|r20=0.111|c_ma120=NaN|vr20=0.774|days_since_lu=0.629|dt_ratio20=NaN|lend_to_v=NaN|rev_yoy=0.723|o_turn=0.290|o_log_mcap=0.021|o_lu_follow=0.371,"官方日成交結構(MI_INDEX/dailyQuotes)=1|發行股數(MI_QFIIS/dailyQuotes)=1|外資持股(MI_QFIIS,僅上市)=0|自營商(T86/上櫃三大法人)=1|當沖(TWTB4U/上櫃intraday)=0|季財報(MOPS t163sb04)=1|月營收(MOPS/openapi)=1|官方產業別(MOPS t05st03)=1|融資券(MI_MARGN)=0|借券(TWT93U)=0|法人(T86)=1",62,62.0,62.0,official,46.53,,0.0,0.0,0,1,2.209,9.202,22.699,55.0,0,未扣成本·事後欄位以 m_ 標示·非投資建議
HC,3,2026-08-10,2026-08-11,6225,天瀚,TWSE,W,,fV300|fV100,W_atr14@3,7,580,漏網,31,0.086643,,atr14=0.965|n_lu_250=0.622|r20=0.961|c_ma120=0.921|vr20=0.844|days_since_lu=0.368|dt_ratio20=NaN|lend_to_v=0.016|rev_yoy=0.992|o_turn=0.246|o_log_mcap=0.001|o_lu_follow=0.783,"官方日成交結構(MI_INDEX/dailyQuotes)=1|發行股數(MI_QFIIS/dailyQuotes)=1|外資持股(MI_QFIIS,僅上市)=1|自營商(T86/上櫃三大法人)=1|當沖(TWTB4U/上櫃intraday)=0|季財報(MOPS t163sb04)=1|月營收(MOPS/openapi)=1|官方產業別(MOPS t05st03)=1|融資券(MI_MARGN)=1|借券(TWT93U)=1|法人(T86)=1",986,inf,250.0,official_prepanel,47.65,,0.0,0.0,1,0,0.0,45.813,245.116,111.0,0,未扣成本·事後欄位以 m_ 標示·非投資建議
HC,3,2026-08-11,2026-08-12,4413,飛寶企業,TPEx,W,,fV300|fV100|fH125|fN20,W_atr14@3,268,594,漏網,1127,0.025806,,atr14=0.144|n_lu_250=0.086|r20=0.824|c_ma120=NaN|vr20=0.759|days_since_lu=0.956|dt_ratio20=NaN|lend_to_v=0.138|rev_yoy=0.015|o_turn=0.009|o_log_mcap=0.000|o_lu_follow=0.673,"官方日成交結構(MI_INDEX/dailyQuotes)=1|發行股數(MI_QFIIS/dailyQuotes)=1|外資持股(MI_QFIIS,僅上市)=0|自營商(T86/上櫃三大法人)=1|當沖(TWTB4U/上櫃intraday)=1|季財報(MOPS t163sb04)=1|月營收(MOPS/openapi)=1|官方產業別(MOPS t05st03)=1|融資券(MI_MARGN)=1|借券(TWT93U)=1|法人(T86)=1",987,inf,250.0,official_prepanel,11.95,,0.0,0.0,0,1,6.897,22.884,23.197,115.0,0,未扣成本·事後欄位以 m_ 標示·非投資建議
HC,3,2026-08-12,2026-08-13,4905,台聯電,TPEx,W,,fV300|fV100|fH125|fN20,W_atr14@3,250,594,漏網,633,0.027449,,atr14=0.172|n_lu_250=0.660|r20=0.787|c_ma120=0.234|vr20=0.773|days_since_lu=0.712|dt_ratio20=NaN|lend_to_v=0.340|rev_yoy=0.644|o_turn=0.016|o_log_mcap=0.047|o_lu_follow=0.997,"官方日成交結構(MI_INDEX/dailyQuotes)=1|發行股數(MI_QFIIS/dailyQuotes)=1|外資持股(MI_QFIIS,僅上市)=0|自營商(T86/上櫃三大法人)=1|當沖(TWTB4U/上櫃intraday)=1|季財報(MOPS t163sb04)=1|月營收(MOPS/openapi)=1|官方產業別(MOPS t05st03)=1|融資券(MI_MARGN)=1|借券(TWT93U)=1|法人(T86)=1",988,inf,250.0,official_prepanel,12.42,,0.0,0.0,1,0,0.0,17.143,18.052,49.0,0,未扣成本·事後欄位以 m_ 標示·非投資建議
HC,3,2026-08-14,2026-08-17,4304,勝昱,TPEx,W,,fV300|fV100,W_atr14@3,85,596,漏網,1257,0.043614,,atr14=0.449|n_lu_250=0.868|r20=0.046|c_ma120=0.002|vr20=0.173|days_since_lu=0.746|dt_ratio20=NaN|lend_to_v=0.015|rev_yoy=0.789|o_turn=0.002|o_log_mcap=0.005|o_lu_follow=0.995,"官方日成交結構(MI_INDEX/dailyQuotes)=1|發行股數(MI_QFIIS/dailyQuotes)=1|外資持股(MI_QFIIS,僅上市)=0|自營商(T86/上櫃三大法人)=0|當沖(TWTB4U/上櫃intraday)=0|季財報(MOPS t163sb04)=1|月營收(MOPS/openapi)=1|官方產業別(MOPS t05st03)=1|融資券(MI_MARGN)=1|借券(TWT93U)=1|法人(T86)=0",990,inf,250.0,official_prepanel,21.6,,0.0,0.0,0,1,0.284,46.023,39.773,41.0,0,未扣成本·事後欄位以 m_ 標示·非投資建議
HC,3,2026-08-18,2026-08-19,8101,華冠,TWSE,W,,fV300|fV100|fN20,W_atr14@3,26,593,漏網,1396,0.054917,,atr14=0.686|n_lu_250=0.480|r20=0.007|c_ma120=0.013|vr20=0.997|days_since_lu=0.647|dt_ratio20=NaN|lend_to_v=0.015|rev_yoy=0.635|o_turn=0.040|o_log_mcap=0.000|o_lu_follow=0.521,"官方日成交結構(MI_INDEX/dailyQuotes)=1|發行股數(MI_QFIIS/dailyQuotes)=1|外資持股(MI_QFIIS,僅上市)=1|自營商(T86/上櫃三大法人)=0|當沖(TWTB4U/上櫃intraday)=0|季財報(MOPS t163sb04)=1|月營收(MOPS/openapi)=1|官方產業別(MOPS t05st03)=1|融資券(MI_MARGN)=1|借券(TWT93U)=1|法人(T86)=0",992,inf,250.0,official_prepanel,8.94,,0.0,0.0,0,1,11.223,31.446,20.829,37.0,0,未扣成本·事後欄位以 m_ 標示·非投資建議
HC,3,2026-08-20,2026-08-21,4188,安克,TPEx,W,,fV300|fV100,W_atr14@3,129,599,漏網,1288,0.0325,,atr14=0.318|n_lu_250=0.206|r20=0.522|c_ma120=0.140|vr20=0.217|days_since_lu=0.830|dt_ratio20=NaN|lend_to_v=NaN|rev_yoy=0.780|o_turn=0.001|o_log_mcap=0.000|o_lu_follow=0.378,"官方日成交結構(MI_INDEX/dailyQuotes)=1|發行股數(MI_QFIIS/dailyQuotes)=1|外資持股(MI_QFIIS,僅上市)=0|自營商(T86/上櫃三大法人)=1|當沖(TWTB4U/上櫃intraday)=0|季財報(MOPS t163sb04)=1|月營收(MOPS/openapi)=1|官方產業別(MOPS t05st03)=1|融資券(MI_MARGN)=0|借券(TWT93U)=0|法人(T86)=1",994,inf,250.0,official_prepanel,28.3,,0.0,0.0,0,1,1.852,48.611,30.093,227.0,0,未扣成本·事後欄位以 m_ 標示·非投資建議
HC,3,2026-08-20,2026-08-21,6103,合邦,TPEx,W,,fV300|fV100|fVnan|fH125|fN20|fBP,W_atr14@3,589,599,漏網,1906,,,atr14=NaN|n_lu_250=0.526|r20=NaN|c_ma120=NaN|vr20=NaN|days_since_lu=0.750|dt_ratio20=NaN|lend_to_v=NaN|rev_yoy=0.023|o_turn=0.030|o_log_mcap=0.000|o_lu_follow=0.971,"官方日成交結構(MI_INDEX/dailyQuotes)=1|發行股數(MI_QFIIS/dailyQuotes)=1|外資持股(MI_QFIIS,僅上市)=0|自營商(T86/上櫃三大法人)=0|當沖(TWTB4U/上櫃intraday)=1|季財報(MOPS t163sb04)=1|月營收(MOPS/openapi)=1|官方產業別(MOPS t05st03)=1|融資券(MI_MARGN)=0|借券(TWT93U)=0|法人(T86)=0",994,inf,250.0,official_prepanel,,,0.0,0.0,0,1,6.352,55.172,48.82,13.0,0,未扣成本·事後欄位以 m_ 標示·非投資建議
HC,3,2026-08-20,2026-08-21,8093,保銳,TPEx,W,,fV300|fV100|fN20,W_atr14@3,15,599,漏網,137,0.058786,,atr14=0.773|n_lu_250=0.526|r20=NaN|c_ma120=0.832|vr20=0.336|days_since_lu=0.062|dt_ratio20=NaN|lend_to_v=0.014|rev_yoy=0.910|o_turn=0.007|o_log_mcap=0.010|o_lu_follow=0.845,"官方日成交結構(MI_INDEX/dailyQuotes)=1|發行股數(MI_QFIIS/dailyQuotes)=1|外資持股(MI_QFIIS,僅上市)=0|自營商(T86/上櫃三大法人)=1|當沖(TWTB4U/上櫃intraday)=0|季財報(MOPS t163sb04)=1|月營收(MOPS/openapi)=1|官方產業別(MOPS t05st03)=1|融資券(MI_MARGN)=1|借券(TWT93U)=1|法人(T86)=1",994,inf,250.0,official_prepanel,42.26,,0.0,0.0,0,1,7.112,17.457,14.44,225.0,0,未扣成本·事後欄位以 m_ 標示·非投資建議
HC,3,2026-08-21,2026-08-24,3259,鑫創,TPEx,W,,fP10|fV300|fV100,W_atr14@3,7,612,漏網,1265,0.06837,,atr14=0.904|n_lu_250=0.468|r20=0.001|c_ma120=0.000|vr20=0.887|days_since_lu=0.743|dt_ratio20=NaN|lend_to_v=0.015|rev_yoy=0.306|o_turn=0.137|o_log_mcap=0.000|o_lu_follow=0.506,"官方日成交結構(MI_INDEX/dailyQuotes)=1|發行股數(MI_QFIIS/dailyQuotes)=1|外資持股(MI_QFIIS,僅上市)=0|自營商(T86/上櫃三大法人)=1|當沖(TWTB4U/上櫃intraday)=0|季財報(MOPS t163sb04)=1|月營收(MOPS/openapi)=1|官方產業別(MOPS t05st03)=1|融資券(MI_MARGN)=1|借券(TWT93U)=1|法人(T86)=1",995,inf,250.0,official_prepanel,70.75,,0.0,0.0,0,1,10.256,44.615,24.615,135.0,0,未扣成本·事後欄位以 m_ 標示·非投資建議
HC,3,2026-08-24,2026-08-25,3629,地心引力,TPEx,W,,fV300|fV100|fH125|fN20,W_atr14@3,8,599,漏網,338,0.06784,,atr14=0.905|n_lu_250=0.418|r20=0.488|c_ma120=NaN|vr20=0.245|days_since_lu=0.033|dt_ratio20=NaN|lend_to_v=NaN|rev_yoy=0.994|o_turn=0.001|o_log_mcap=0.000|o_lu_follow=0.111,"官方日成交結構(MI_INDEX/dailyQuotes)=1|發行股數(MI_QFIIS/dailyQuotes)=1|外資持股(MI_QFIIS,僅上市)=0|自營商(T86/上櫃三大法人)=0|當沖(TWTB4U/上櫃intraday)=0|季財報(MOPS t163sb04)=1|月營收(MOPS/openapi)=1|官方產業別(MOPS t05st03)=1|融資券(MI_MARGN)=0|借券(TWT93U)=0|法人(T86)=0",996,inf,250.0,official_prepanel,5.17,,0.0,0.0,1,0,0.0,33.557,33.221,15.0,0,未扣成本·事後欄位以 m_ 標示·非投資建議
HC,3,2026-08-26,2026-08-27,4529,淳紳,TPEx,W,,fP10|fP5|fV300|fV100,W_atr14@3,9,639,漏網,1019,0.0625,,atr14=0.895|n_lu_250=0.693|r20=0.000|c_ma120=0.007|vr20=0.107|days_since_lu=0.706|dt_ratio20=NaN|lend_to_v=0.014|rev_yoy=0.988|o_turn=0.001|o_log_mcap=0.000|o_lu_follow=0.995,"官方日成交結構(MI_INDEX/dailyQuotes)=1|發行股數(MI_QFIIS/dailyQuotes)=1|外資持股(MI_QFIIS,僅上市)=0|自營商(T86/上櫃三大法人)=0|當沖(TWTB4U/上櫃intraday)=0|季財報(MOPS t163sb04)=1|月營收(MOPS/openapi)=1|官方產業別(MOPS t05st03)=1|融資券(MI_MARGN)=1|借券(TWT93U)=1|法人(T86)=0",998,inf,250.0,official_prepanel,54.9,,0.0,0.0,0,1,9.936,21.795,19.551,62.0,0,未扣成本·事後欄位以 m_ 標示·非投資建議
HC,3,2026-08-26,2026-08-27,7835,永悅健康-創,unknown,W,,fV300|fV100|fH125|fA60,W_atr14@3,14,639,漏網,1843,0.059354,,atr14=0.867|n_lu_250=0.083|r20=0.000|c_ma120=NaN|vr20=0.069|days_since_lu=0.982|dt_ratio20=NaN|lend_to_v=NaN|rev_yoy=0.671|o_turn=0.007|o_log_mcap=0.004|o_lu_follow=0.663,"官方日成交結構(MI_INDEX/dailyQuotes)=1|發行股數(MI_QFIIS/dailyQuotes)=1|外資持股(MI_QFIIS,僅上市)=1|自營商(T86/上櫃三大法人)=1|當沖(TWTB4U/上櫃intraday)=0|季財報(MOPS t163sb04)=1|月營收(MOPS/openapi)=1|官方產業別(MOPS t05st03)=1|融資券(MI_MARGN)=0|借券(TWT93U)=0|法人(T86)=1",24,24.0,24.0,official,59.25,,0.0,0.0,0,1,5.963,20.183,5.046,58.0,0,未扣成本·事後欄位以 m_ 標示·非投資建議
HC,3,2026-08-27,2026-08-28,3664,安瑞-KY,TPEx,W,,fP10|fV300|fV100|fN20,W_atr14@3,24,649,漏網,794,0.055896,,atr14=0.821|n_lu_250=0.853|r20=0.177|c_ma120=0.002|vr20=0.022|days_since_lu=0.360|dt_ratio20=NaN|lend_to_v=0.014|rev_yoy=0.280|o_turn=0.000|o_log_mcap=0.000|o_lu_follow=0.959,"官方日成交結構(MI_INDEX/dailyQuotes)=1|發行股數(MI_QFIIS/dailyQuotes)=1|外資持股(MI_QFIIS,僅上市)=0|自營商(T86/上櫃三大法人)=0|當沖(TWTB4U/上櫃intraday)=0|季財報(MOPS t163sb04)=1|月營收(MOPS/openapi)=1|官方產業別(MOPS t05st03)=1|融資券(MI_MARGN)=1|借券(TWT93U)=1|法人(T86)=0",999,inf,250.0,official_prepanel,11.88,,0.0,0.0,0,1,4.667,51.667,26.333,27.0,0,未扣成本·事後欄位以 m_ 標示·非投資建議
HC,3,2026-09-01,2026-09-02,2438,翔耀,TWSE,W,,fV300|fV100,W_atr14@3,221,652,漏網,1001,0.024462,,atr14=0.234|n_lu_250=0.563|r20=0.420|c_ma120=0.059|vr20=0.508|days_since_lu=0.207|dt_ratio20=NaN|lend_to_v=0.013|rev_yoy=0.948|o_turn=0.028|o_log_mcap=0.007|o_lu_follow=0.330,"官方日成交結構(MI_INDEX/dailyQuotes)=1|發行股數(MI_QFIIS/dailyQuotes)=1|外資持股(MI_QFIIS,僅上市)=1|自營商(T86/上櫃三大法人)=1|當沖(TWTB4U/上櫃intraday)=0|季財報(MOPS t163sb04)=1|月營收(MOPS/openapi)=1|官方產業別(MOPS t05st03)=1|融資券(MI_MARGN)=1|借券(TWT93U)=1|法人(T86)=1",1002,inf,250.0,official_prepanel,65.4,,0.0,0.0,0,1,8.672,8.401,7.317,267.0,0,未扣成本·事後欄位以 m_ 標示·非投資建議
HC,3,2026-09-01,2026-09-02,6872,浩宇生醫,TPEx,W,,fV300|fV100,W_atr14@3,52,652,漏網,1365,0.040561,,atr14=0.603|n_lu_250=0.346|r20=0.079|c_ma120=0.031|vr20=0.664|days_since_lu=0.761|dt_ratio20=NaN|lend_to_v=NaN|rev_yoy=0.567|o_turn=0.006|o_log_mcap=0.005|o_lu_follow=0.169,"官方日成交結構(MI_INDEX/dailyQuotes)=1|發行股數(MI_QFIIS/dailyQuotes)=1|外資持股(MI_QFIIS,僅上市)=0|自營商(T86/上櫃三大法人)=1|當沖(TWTB4U/上櫃intraday)=0|季財報(MOPS t163sb04)=1|月營收(MOPS/openapi)=1|官方產業別(MOPS t05st03)=1|融資券(MI_MARGN)=0|借券(TWT93U)=0|法人(T86)=1",365,365.0,250.0,official,34.95,,0.0,0.0,0,1,6.574,55.017,58.478,98.0,0,未扣成本·事後欄位以 m_ 標示·非投資建議
HC,3,2026-09-02,2026-09-03,4924,欣厚-KY,TPEx,W,,fP10|fV300|fV100,W_atr14@3,148,657,漏網,1367,0.028442,,atr14=0.327|n_lu_250=0.276|r20=0.250|c_ma120=0.130|vr20=0.001|days_since_lu=0.574|dt_ratio20=NaN|lend_to_v=0.426|rev_yoy=0.066|o_turn=0.000|o_log_mcap=0.000|o_lu_follow=0.246,"官方日成交結構(MI_INDEX/dailyQuotes)=1|發行股數(MI_QFIIS/dailyQuotes)=1|外資持股(MI_QFIIS,僅上市)=0|自營商(T86/上櫃三大法人)=0|當沖(TWTB4U/上櫃intraday)=1|季財報(MOPS t163sb04)=1|月營收(MOPS/openapi)=1|官方產業別(MOPS t05st03)=1|融資券(MI_MARGN)=1|借券(TWT93U)=1|法人(T86)=0",1003,inf,250.0,official_prepanel,30.55,,0.0,0.0,0,1,9.328,26.881,45.436,281.0,0,未扣成本·事後欄位以 m_ 標示·非投資建議
HC,3,2026-09-02,2026-09-03,7772,耀穎,TPEx,W,,fV300|fV100|fH125,W_atr14@3,42,657,漏網,1872,0.045699,,atr14=0.687|n_lu_250=0.345|r20=0.224|c_ma120=NaN|vr20=0.739|days_since_lu=0.640|dt_ratio20=NaN|lend_to_v=0.078|rev_yoy=0.324|o_turn=0.254|o_log_mcap=0.051|o_lu_follow=0.174,"官方日成交結構(MI_INDEX/dailyQuotes)=1|發行股數(MI_QFIIS/dailyQuotes)=1|外資持股(MI_QFIIS,僅上市)=0|自營商(T86/上櫃三大法人)=1|當沖(TWTB4U/上櫃intraday)=1|季財報(MOPS t163sb04)=1|月營收(MOPS/openapi)=1|官方產業別(MOPS t05st03)=1|融資券(MI_MARGN)=0|借券(TWT93U)=1|法人(T86)=1",82,82.0,82.0,official,51.75,,0.0,0.0,0,1,8.743,42.076,45.355,228.0,0,未扣成本·事後欄位以 m_ 標示·非投資建議
HC,3,2026-09-03,2026-09-04,4706,大恭,TPEx,W,,fV300|fV100|fH125,W_atr14@3,282,661,漏網,1308,0.02047,,atr14=0.154|n_lu_250=0.079|r20=NaN|c_ma120=0.537|vr20=0.000|days_since_lu=0.963|dt_ratio20=NaN|lend_to_v=0.538|rev_yoy=0.191|o_turn=0.000|o_log_mcap=0.065|o_lu_follow=0.659,"官方日成交結構(MI_INDEX/dailyQuotes)=1|發行股數(MI_QFIIS/dailyQuotes)=1|外資持股(MI_QFIIS,僅上市)=0|自營商(T86/上櫃三大法人)=0|當沖(TWTB4U/上櫃intraday)=1|季財報(MOPS t163sb04)=1|月營收(MOPS/openapi)=1|官方產業別(MOPS t05st03)=1|融資券(MI_MARGN)=1|借券(TWT93U)=1|法人(T86)=0",1004,inf,250.0,official_prepanel,11.6,,0.0,0.0,0,1,9.877,10.648,4.012,310.0,0,未扣成本·事後欄位以 m_ 標示·非投資建議
HC,3,2026-09-03,2026-09-04,7709,榮田,TPEx,W,,fV300|fV100,W_atr14@3,72,661,漏網,813,0.038204,,atr14=0.519|n_lu_250=0.895|r20=0.247|c_ma120=0.130|vr20=0.748|days_since_lu=0.451|dt_ratio20=NaN|lend_to_v=0.608|rev_yoy=0.151|o_turn=0.102|o_log_mcap=0.077|o_lu_follow=0.940,"官方日成交結構(MI_INDEX/dailyQuotes)=1|發行股數(MI_QFIIS/dailyQuotes)=1|外資持股(MI_QFIIS,僅上市)=0|自營商(T86/上櫃三大法人)=1|當沖(TWTB4U/上櫃intraday)=1|季財報(MOPS t163sb04)=1|月營收(MOPS/openapi)=1|官方產業別(MOPS t05st03)=1|融資券(MI_MARGN)=1|借券(TWT93U)=1|法人(T86)=1",374,374.0,250.0,official,50.05,,0.0,0.0,0,1,7.212,22.053,11.096,203.0,0,未扣成本·事後欄位以 m_ 標示·非投資建議
HC,3,2026-09-08,2026-09-09,6225,天瀚,TWSE,W,,fV300|fBP,W_atr14@3,4,681,漏網,14,0.087224,,atr14=0.993|n_lu_250=0.843|r20=1.000|c_ma120=1.000|vr20=0.246|days_since_lu=0.153|dt_ratio20=NaN|lend_to_v=0.014|rev_yoy=0.909|o_turn=0.356|o_log_mcap=0.019|o_lu_follow=0.999,"官方日成交結構(MI_INDEX/dailyQuotes)=1|發行股數(MI_QFIIS/dailyQuotes)=1|外資持股(MI_QFIIS,僅上市)=1|自營商(T86/上櫃三大法人)=1|當沖(TWTB4U/上櫃intraday)=0|季財報(MOPS t163sb04)=1|月營收(MOPS/openapi)=1|官方產業別(MOPS t05st03)=1|融資券(MI_MARGN)=1|借券(TWT93U)=1|法人(T86)=1",1007,inf,250.0,official_prepanel,182.55,,0.0,0.0,0,1,10.098,3.42,-16.45,125.0,0,未扣成本·事後欄位以 m_ 標示·非投資建議
HC,3,2026-09-10,2026-09-11,3467,台灣精材,TPEx,W,,fV300|fV100,W_atr14@3,92,685,漏網,286,0.03357,,atr14=0.453|n_lu_250=0.705|r20=0.924|c_ma120=0.348|vr20=0.938|days_since_lu=0.707|dt_ratio20=NaN|lend_to_v=0.186|rev_yoy=0.576|o_turn=0.436|o_log_mcap=0.015|o_lu_follow=0.891,"官方日成交結構(MI_INDEX/dailyQuotes)=1|發行股數(MI_QFIIS/dailyQuotes)=1|外資持股(MI_QFIIS,僅上市)=0|自營商(T86/上櫃三大法人)=1|當沖(TWTB4U/上櫃intraday)=1|季財報(MOPS t163sb04)=1|月營收(MOPS/openapi)=1|官方產業別(MOPS t05st03)=1|融資券(MI_MARGN)=1|借券(TWT93U)=1|法人(T86)=1",360,360.0,250.0,official,65.05,,0.0,0.0,0,1,13.346,42.166,57.64,158.0,0,未扣成本·事後欄位以 m_ 標示·非投資建議
HC,3,2026-09-10,2026-09-11,6221,晉泰,TPEx,W,,fV300|fV100,W_atr14@3,487,685,漏網,1256,0.012265,,atr14=0.018|n_lu_250=0.272|r20=0.641|c_ma120=0.290|vr20=0.102|days_since_lu=0.258|dt_ratio20=NaN|lend_to_v=0.679|rev_yoy=0.015|o_turn=0.002|o_log_mcap=0.113|o_lu_follow=0.258,"官方日成交結構(MI_INDEX/dailyQuotes)=1|發行股數(MI_QFIIS/dailyQuotes)=1|外資持股(MI_QFIIS,僅上市)=0|自營商(T86/上櫃三大法人)=1|當沖(TWTB4U/上櫃intraday)=1|季財報(MOPS t163sb04)=1|月營收(MOPS/openapi)=1|官方產業別(MOPS t05st03)=1|融資券(MI_MARGN)=1|借券(TWT93U)=1|法人(T86)=1",1009,inf,250.0,official_prepanel,92.9,,0.0,0.0,1,0,0.0,22.961,38.197,387.0,0,未扣成本·事後欄位以 m_ 標示·非投資建議
HC,3,2026-09-11,2026-09-14,3523,迎輝,TPEx,W,,fV300|fV100,W_atr14@3,51,687,漏網,796,0.043726,,atr14=0.620|n_lu_250=0.926|r20=0.155|c_ma120=0.167|vr20=0.972|days_since_lu=0.470|dt_ratio20=NaN|lend_to_v=0.013|rev_yoy=0.004|o_turn=0.011|o_log_mcap=0.002|o_lu_follow=0.998,"官方日成交結構(MI_INDEX/dailyQuotes)=1|發行股數(MI_QFIIS/dailyQuotes)=1|外資持股(MI_QFIIS,僅上市)=0|自營商(T86/上櫃三大法人)=0|當沖(TWTB4U/上櫃intraday)=0|季財報(MOPS t163sb04)=1|月營收(MOPS/openapi)=1|官方產業別(MOPS t05st03)=1|融資券(MI_MARGN)=1|借券(TWT93U)=1|法人(T86)=0",1010,inf,250.0,official_prepanel,12.35,,0.0,0.0,0,1,9.47,13.636,13.258,27.0,0,未扣成本·事後欄位以 m_ 標示·非投資建議
HC,3,2026-09-11,2026-09-14,6140,訊達,TPEx,W,,fV300|fV100,W_atr14@3,269,687,漏網,1170,0.021299,,atr14=0.172|n_lu_250=0.403|r20=0.569|c_ma120=0.155|vr20=0.924|days_since_lu=0.686|dt_ratio20=NaN|lend_to_v=0.013|rev_yoy=0.318|o_turn=0.226|o_log_mcap=0.004|o_lu_follow=0.964,"官方日成交結構(MI_INDEX/dailyQuotes)=1|發行股數(MI_QFIIS/dailyQuotes)=1|外資持股(MI_QFIIS,僅上市)=0|自營商(T86/上櫃三大法人)=1|當沖(TWTB4U/上櫃intraday)=0|季財報(MOPS t163sb04)=1|月營收(MOPS/openapi)=1|官方產業別(MOPS t05st03)=1|融資券(MI_MARGN)=1|借券(TWT93U)=1|法人(T86)=1",1010,inf,250.0,official_prepanel,67.1,,0.0,0.0,0,1,1.389,21.111,15.278,296.0,0,未扣成本·事後欄位以 m_ 標示·非投資建議
HC,3,2026-09-11,2026-09-14,6925,意藍,TPEx,W,,fV300|fV100,W_atr14@3,412,687,漏網,1690,0.015225,,atr14=0.058|n_lu_250=0.403|r20=0.377|c_ma120=0.082|vr20=0.921|days_since_lu=0.651|dt_ratio20=NaN|lend_to_v=0.657|rev_yoy=0.157|o_turn=0.156|o_log_mcap=0.004|o_lu_follow=0.572,"官方日成交結構(MI_INDEX/dailyQuotes)=1|發行股數(MI_QFIIS/dailyQuotes)=1|外資持股(MI_QFIIS,僅上市)=0|自營商(T86/上櫃三大法人)=1|當沖(TWTB4U/上櫃intraday)=1|季財報(MOPS t163sb04)=1|月營收(MOPS/openapi)=1|官方產業別(MOPS t05st03)=1|融資券(MI_MARGN)=1|借券(TWT93U)=1|法人(T86)=1",318,318.0,250.0,official,18.65,,0.0,0.0,0,1,7.812,16.992,46.484,107.0,0,未扣成本·事後欄位以 m_ 標示·非投資建議
HC,3,2026-09-16,2026-09-17,3002,歐格,TWSE,W,,fV300|fV100,W_atr14@3,265,694,漏網,603,0.021492,,atr14=0.184|n_lu_250=0.741|r20=0.634|c_ma120=0.319|vr20=0.638|days_since_lu=0.596|dt_ratio20=0.164|lend_to_v=0.902|rev_yoy=0.441|o_turn=0.021|o_log_mcap=0.015|o_lu_follow=0.949,"官方日成交結構(MI_INDEX/dailyQuotes)=1|發行股數(MI_QFIIS/dailyQuotes)=1|外資持股(MI_QFIIS,僅上市)=1|自營商(T86/上櫃三大法人)=1|當沖(TWTB4U/上櫃intraday)=1|季財報(MOPS t163sb04)=1|月營收(MOPS/openapi)=1|官方產業別(MOPS t05st03)=1|融資券(MI_MARGN)=1|借券(TWT93U)=1|法人(T86)=1",1013,inf,250.0,official_prepanel,68.05,,0.0,0.0,0,1,9.735,11.504,16.224,701.0,0,未扣成本·事後欄位以 m_ 標示·非投資建議
HC,3,2026-09-17,2026-09-18,3178,公準,TPEx,W,,fV300|fV100,W_atr14@3,59,692,漏網,364,0.039468,,atr14=0.603|n_lu_250=0.468|r20=0.776|c_ma120=0.394|vr20=0.566|days_since_lu=0.496|dt_ratio20=NaN|lend_to_v=0.745|rev_yoy=0.277|o_turn=0.107|o_log_mcap=0.054|o_lu_follow=0.496,"官方日成交結構(MI_INDEX/dailyQuotes)=1|發行股數(MI_QFIIS/dailyQuotes)=1|外資持股(MI_QFIIS,僅上市)=0|自營商(T86/上櫃三大法人)=1|當沖(TWTB4U/上櫃intraday)=1|季財報(MOPS t163sb04)=1|月營收(MOPS/openapi)=1|官方產業別(MOPS t05st03)=1|融資券(MI_MARGN)=1|借券(TWT93U)=1|法人(T86)=1",1014,inf,250.0,official_prepanel,73.8,,0.0,0.0,0,1,7.812,7.656,,1053.0,0,未扣成本·事後欄位以 m_ 標示·非投資建議
HC,3,2026-09-17,2026-09-18,5465,富驊,TPEx,W,,fV300|fV100,W_atr14@3,374,692,漏網,858,0.016755,,atr14=0.084|n_lu_250=0.281|r20=0.545|c_ma120=0.561|vr20=0.751|days_since_lu=0.286|dt_ratio20=NaN|lend_to_v=0.923|rev_yoy=0.148|o_turn=0.007|o_log_mcap=0.092|o_lu_follow=0.251,"官方日成交結構(MI_INDEX/dailyQuotes)=1|發行股數(MI_QFIIS/dailyQuotes)=1|外資持股(MI_QFIIS,僅上市)=0|自營商(T86/上櫃三大法人)=1|當沖(TWTB4U/上櫃intraday)=1|季財報(MOPS t163sb04)=1|月營收(MOPS/openapi)=1|官方產業別(MOPS t05st03)=1|融資券(MI_MARGN)=1|借券(TWT93U)=1|法人(T86)=1",1014,inf,250.0,official_prepanel,54.7,,0.0,0.0,0,1,0.376,28.571,,467.0,0,未扣成本·事後欄位以 m_ 標示·非投資建議
HC,3,2026-09-17,2026-09-18,6140,訊達,TPEx,W,,fV300|fCD,W_atr14@3,72,692,漏網,188,0.037424,,atr14=0.564|n_lu_250=0.512|r20=0.946|c_ma120=0.631|vr20=0.996|days_since_lu=0.026|dt_ratio20=NaN|lend_to_v=0.014|rev_yoy=0.300|o_turn=0.809|o_log_mcap=0.004|o_lu_follow=0.973,"官方日成交結構(MI_INDEX/dailyQuotes)=1|發行股數(MI_QFIIS/dailyQuotes)=1|外資持股(MI_QFIIS,僅上市)=0|自營商(T86/上櫃三大法人)=1|當沖(TWTB4U/上櫃intraday)=0|季財報(MOPS t163sb04)=1|月營收(MOPS/openapi)=1|官方產業別(MOPS t05st03)=1|融資券(MI_MARGN)=1|借券(TWT93U)=1|法人(T86)=1",1014,inf,250.0,official_prepanel,204.6,,0.0,1.0,0,1,7.654,4.691,,1207.0,0,未扣成本·事後欄位以 m_ 標示·非投資建議
HC,3,2026-09-17,2026-09-18,6902,GOGOLOOK,TWSE,W,,fV300|fV100,W_atr14@3,168,692,漏網,336,0.026681,,atr14=0.322|n_lu_250=0.512|r20=0.611|c_ma120=0.703|vr20=0.723|days_since_lu=0.728|dt_ratio20=0.374|lend_to_v=NaN|rev_yoy=0.531|o_turn=0.348|o_log_mcap=0.141|o_lu_follow=0.973,"官方日成交結構(MI_INDEX/dailyQuotes)=1|發行股數(MI_QFIIS/dailyQuotes)=1|外資持股(MI_QFIIS,僅上市)=1|自營商(T86/上櫃三大法人)=1|當沖(TWTB4U/上櫃intraday)=1|季財報(MOPS t163sb04)=1|月營收(MOPS/openapi)=1|官方產業別(MOPS t05st03)=1|融資券(MI_MARGN)=1|借券(TWT93U)=0|法人(T86)=1",775,775.0,250.0,official,60.65,,0.0,0.0,0,1,7.224,34.221,,925.0,0,未扣成本·事後欄位以 m_ 標示·非投資建議
HC,3,2026-09-18,2026-09-21,7772,耀穎,TPEx,W,,fV300|fH125|fCD,W_atr14@3,4,683,漏網,1854,0.07175,,atr14=0.962|n_lu_250=0.609|r20=1.000|c_ma120=NaN|vr20=0.981|days_since_lu=0.009|dt_ratio20=NaN|lend_to_v=0.037|rev_yoy=0.743|o_turn=0.961|o_log_mcap=0.120|o_lu_follow=0.901,"官方日成交結構(MI_INDEX/dailyQuotes)=1|發行股數(MI_QFIIS/dailyQuotes)=1|外資持股(MI_QFIIS,僅上市)=0|自營商(T86/上櫃三大法人)=1|當沖(TWTB4U/上櫃intraday)=1|季財報(MOPS t163sb04)=1|月營收(MOPS/openapi)=1|官方產業別(MOPS t05st03)=1|融資券(MI_MARGN)=0|借券(TWT93U)=1|法人(T86)=1",94,94.0,94.0,official,298.2,,0.0,0.0,0,1,12.5,15.789,,2136.0,0,未扣成本·事後欄位以 m_ 標示·非投資建議
HC,3,2026-09-22,2026-09-23,6103,合邦,TPEx,W,,fV300|fV100|fH125|fBP|fCD,W_atr14@3,4,691,漏網,358,0.083245,,atr14=0.995|n_lu_250=0.819|r20=0.218|c_ma120=NaN|vr20=0.547|days_since_lu=0.036|dt_ratio20=NaN|lend_to_v=0.012|rev_yoy=0.011|o_turn=0.320|o_log_mcap=0.000|o_lu_follow=0.999,"官方日成交結構(MI_INDEX/dailyQuotes)=1|發行股數(MI_QFIIS/dailyQuotes)=1|外資持股(MI_QFIIS,僅上市)=0|自營商(T86/上櫃三大法人)=1|當沖(TWTB4U/上櫃intraday)=1|季財報(MOPS t163sb04)=1|月營收(MOPS/openapi)=1|官方產業別(MOPS t05st03)=1|融資券(MI_MARGN)=1|借券(TWT93U)=1|法人(T86)=1",1017,inf,250.0,official_prepanel,46.0,,0.0,0.0,0,1,12.387,11.48,,59.0,0,未扣成本·事後欄位以 m_ 標示·非投資建議
HC,3,2026-09-22,2026-09-23,6925,意藍,TPEx,W,,fV300|fCD,W_atr14@3,44,691,漏網,424,0.042427,,atr14=0.695|n_lu_250=0.482|r20=0.826|c_ma120=0.304|vr20=0.672|days_since_lu=0.089|dt_ratio20=NaN|lend_to_v=0.198|rev_yoy=0.153|o_turn=0.547|o_log_mcap=0.005|o_lu_follow=0.853,"官方日成交結構(MI_INDEX/dailyQuotes)=1|發行股數(MI_QFIIS/dailyQuotes)=1|外資持股(MI_QFIIS,僅上市)=0|自營商(T86/上櫃三大法人)=1|當沖(TWTB4U/上櫃intraday)=1|季財報(MOPS t163sb04)=1|月營收(MOPS/openapi)=1|官方產業別(MOPS t05st03)=1|融資券(MI_MARGN)=1|借券(TWT93U)=1|法人(T86)=1",325,325.0,250.0,official,116.1,,0.0,0.0,0,1,9.155,26.937,,455.0,0,未扣成本·事後欄位以 m_ 標示·非投資建議
HC,3,2026-09-23,2026-09-24,4195,基米-創,TWSE,W,,fV300|fV100|fH125,W_atr14@3,101,684,漏網,1891,0.033261,,atr14=0.538|n_lu_250=0.219|r20=0.106|c_ma120=NaN|vr20=0.862|days_since_lu=0.569|dt_ratio20=NaN|lend_to_v=NaN|rev_yoy=0.040|o_turn=0.200|o_log_mcap=0.005|o_lu_follow=0.387,"官方日成交結構(MI_INDEX/dailyQuotes)=1|發行股數(MI_QFIIS/dailyQuotes)=1|外資持股(MI_QFIIS,僅上市)=1|自營商(T86/上櫃三大法人)=1|當沖(TWTB4U/上櫃intraday)=0|季財報(MOPS t163sb04)=1|月營收(MOPS/openapi)=1|官方產業別(MOPS t05st03)=1|融資券(MI_MARGN)=0|借券(TWT93U)=0|法人(T86)=1",96,96.0,96.0,official,95.7,,0.0,0.0,0,1,8.271,19.549,,278.0,0,未扣成本·事後欄位以 m_ 標示·非投資建議
HC,3,2026-09-23,2026-09-24,6708,天擎,TPEx,W,,fV300|fV100,W_atr14@3,122,684,漏網,537,0.031084,,atr14=0.482|n_lu_250=0.356|r20=0.689|c_ma120=0.408|vr20=0.021|days_since_lu=0.758|dt_ratio20=NaN|lend_to_v=0.364|rev_yoy=0.617|o_turn=0.003|o_log_mcap=0.005|o_lu_follow=0.170,"官方日成交結構(MI_INDEX/dailyQuotes)=1|發行股數(MI_QFIIS/dailyQuotes)=1|外資持股(MI_QFIIS,僅上市)=0|自營商(T86/上櫃三大法人)=1|當沖(TWTB4U/上櫃intraday)=1|季財報(MOPS t163sb04)=1|月營收(MOPS/openapi)=1|官方產業別(MOPS t05st03)=1|融資券(MI_MARGN)=1|借券(TWT93U)=1|法人(T86)=1",902,902.0,250.0,official,24.1,,0.0,0.0,0,1,8.629,58.376,,347.0,0,未扣成本·事後欄位以 m_ 標示·非投資建議
HC,3,2026-09-23,2026-09-24,7547,碩網,TPEx,W,,fV300|fV100,W_atr14@3,207,684,漏網,633,0.024537,,atr14=0.299|n_lu_250=0.519|r20=0.755|c_ma120=0.252|vr20=0.984|days_since_lu=0.379|dt_ratio20=NaN|lend_to_v=0.238|rev_yoy=0.168|o_turn=0.361|o_log_mcap=0.014|o_lu_follow=0.449,"官方日成交結構(MI_INDEX/dailyQuotes)=1|發行股數(MI_QFIIS/dailyQuotes)=1|外資持股(MI_QFIIS,僅上市)=0|自營商(T86/上櫃三大法人)=1|當沖(TWTB4U/上櫃intraday)=1|季財報(MOPS t163sb04)=1|月營收(MOPS/openapi)=1|官方產業別(MOPS t05st03)=1|融資券(MI_MARGN)=1|借券(TWT93U)=1|法人(T86)=1",283,283.0,250.0,official,23.5,,0.0,0.0,0,1,3.125,11.285,,272.0,0,未扣成本·事後欄位以 m_ 標示·非投資建議
HC,3,2026-09-23,2026-09-24,8201,無敵,TWSE,W,,fV300|fV100,W_atr14@3,130,684,漏網,538,0.030401,,atr14=0.468|n_lu_250=0.519|r20=0.651|c_ma120=0.314|vr20=0.892|days_since_lu=0.655|dt_ratio20=NaN|lend_to_v=0.012|rev_yoy=0.419|o_turn=0.065|o_log_mcap=0.000|o_lu_follow=0.051,"官方日成交結構(MI_INDEX/dailyQuotes)=1|發行股數(MI_QFIIS/dailyQuotes)=1|外資持股(MI_QFIIS,僅上市)=1|自營商(T86/上櫃三大法人)=1|當沖(TWTB4U/上櫃intraday)=0|季財報(MOPS t163sb04)=1|月營收(MOPS/openapi)=1|官方產業別(MOPS t05st03)=1|融資券(MI_MARGN)=1|借券(TWT93U)=1|法人(T86)=1",1018,inf,250.0,official_prepanel,31.65,,0.0,0.0,0,1,3.906,33.594,,422.0,0,未扣成本·事後欄位以 m_ 標示·非投資建議
