window,fold,date_s,event_day_t,code,name,market,track,sublayer,failing_filters,list_id,rank_in_list,n_pool_day,result,global_rank_combo,score,combo_n_components,pct_key_features,source_has_value_flags,hist_len,age_off,age_cap,listing_src,vol20_s,Qmax_lots,DK_s,at_known5,m_locked_open,m_buyable,m_c1,m_c5,m_c10,m_vol_t,m_disp_t_exec,note
SEL,1,2025-01-13,2025-01-14,3379,彬台,TPEx,M,,,M0@10,3,873,命中,9,-1.249645,,atr14=0.926|n_lu_250=0.990|r20=0.988|c_ma120=0.889|vr20=0.991|days_since_lu=0.004|dt_ratio20=NaN|lend_to_v=0.055|rev_yoy=0.952|o_turn=0.997|o_log_mcap=0.022|o_lu_follow=0.932,"官方日成交結構(MI_INDEX/dailyQuotes)=1|發行股數(MI_QFIIS/dailyQuotes)=1|外資持股(MI_QFIIS,僅上市)=0|自營商(T86/上櫃三大法人)=1|當沖(TWTB4U/上櫃intraday)=1|季財報(MOPS t163sb04)=1|月營收(MOPS/openapi)=1|官方產業別(MOPS t05st03)=1|融資券(MI_MARGN)=1|借券(TWT93U)=1|法人(T86)=1",607,inf,250.0,official_prepanel,3371.95,67.0,0.0,0.0,0,1,7.475,43.627,32.843,22113.0,0,未扣成本·事後欄位以 m_ 標示·非投資建議
SEL,1,2025-02-03,2025-02-04,6140,訊達,TPEx,M,,,M0@10,3,865,命中,29,-1.322848,,atr14=0.918|n_lu_250=0.841|r20=0.880|c_ma120=0.849|vr20=0.984|days_since_lu=0.065|dt_ratio20=NaN|lend_to_v=0.127|rev_yoy=0.906|o_turn=0.991|o_log_mcap=0.013|o_lu_follow=0.267,"官方日成交結構(MI_INDEX/dailyQuotes)=1|發行股數(MI_QFIIS/dailyQuotes)=1|外資持股(MI_QFIIS,僅上市)=0|自營商(T86/上櫃三大法人)=1|當沖(TWTB4U/上櫃intraday)=1|季財報(MOPS t163sb04)=1|月營收(MOPS/openapi)=1|官方產業別(MOPS t05st03)=1|融資券(MI_MARGN)=1|借券(TWT93U)=1|法人(T86)=1",615,inf,250.0,official_prepanel,1515.55,30.0,0.0,0.0,0,1,11.732,36.313,26.257,8812.0,0,未扣成本·事後欄位以 m_ 標示·非投資建議
SEL,1,2025-02-14,2025-02-17,3379,彬台,TPEx,M,,,M0@10,3,880,命中,1,-1.583624,,atr14=0.994|n_lu_250=0.995|r20=0.993|c_ma120=0.981|vr20=0.013|days_since_lu=0.147|dt_ratio20=NaN|lend_to_v=0.025|rev_yoy=0.982|o_turn=0.941|o_log_mcap=0.036|o_lu_follow=0.970,"官方日成交結構(MI_INDEX/dailyQuotes)=1|發行股數(MI_QFIIS/dailyQuotes)=1|外資持股(MI_QFIIS,僅上市)=0|自營商(T86/上櫃三大法人)=1|當沖(TWTB4U/上櫃intraday)=0|季財報(MOPS t163sb04)=1|月營收(MOPS/openapi)=1|官方產業別(MOPS t05st03)=1|融資券(MI_MARGN)=1|借券(TWT93U)=1|法人(T86)=1",624,inf,250.0,official_prepanel,13191.0,263.0,1.0,0.0,0,1,6.446,23.02,26.151,4270.0,0,未扣成本·事後欄位以 m_ 標示·非投資建議
SEL,1,2025-03-04,2025-03-05,2429,銘旺科,TWSE,M,,,M0@10,3,921,命中,10,-1.664035,,atr14=0.931|n_lu_250=0.912|r20=0.963|c_ma120=0.953|vr20=0.675|days_since_lu=0.428|dt_ratio20=0.736|lend_to_v=0.081|rev_yoy=0.983|o_turn=0.903|o_log_mcap=0.138|o_lu_follow=0.973,"官方日成交結構(MI_INDEX/dailyQuotes)=1|發行股數(MI_QFIIS/dailyQuotes)=1|外資持股(MI_QFIIS,僅上市)=1|自營商(T86/上櫃三大法人)=1|當沖(TWTB4U/上櫃intraday)=1|季財報(MOPS t163sb04)=1|月營收(MOPS/openapi)=1|官方產業別(MOPS t05st03)=1|融資券(MI_MARGN)=1|借券(TWT93U)=1|法人(T86)=1",635,inf,250.0,official_prepanel,2663.1,53.0,0.0,0.0,0,1,8.961,19.221,52.468,8418.0,0,未扣成本·事後欄位以 m_ 標示·非投資建議
SEL,1,2025-03-13,2025-03-14,8088,品安,TPEx,M,,,M0@10,5,946,命中,45,-1.375208,,atr14=0.821|n_lu_250=0.655|r20=0.972|c_ma120=0.954|vr20=0.994|days_since_lu=0.006|dt_ratio20=NaN|lend_to_v=0.160|rev_yoy=0.250|o_turn=0.992|o_log_mcap=0.028|o_lu_follow=0.080,"官方日成交結構(MI_INDEX/dailyQuotes)=1|發行股數(MI_QFIIS/dailyQuotes)=1|外資持股(MI_QFIIS,僅上市)=0|自營商(T86/上櫃三大法人)=1|當沖(TWTB4U/上櫃intraday)=1|季財報(MOPS t163sb04)=1|月營收(MOPS/openapi)=1|官方產業別(MOPS t05st03)=1|融資券(MI_MARGN)=1|借券(TWT93U)=1|法人(T86)=1",642,inf,250.0,official_prepanel,2781.8,55.0,0.0,0.0,0,1,10.806,28.205,15.385,13279.0,0,未扣成本·事後欄位以 m_ 標示·非投資建議
SEL,1,2025-03-31,2025-04-01,5251,天鉞電,TPEx,M,,,M0@10,5,900,命中,24,-1.603652,,atr14=0.961|n_lu_250=0.952|r20=0.971|c_ma120=0.811|vr20=0.794|days_since_lu=0.008|dt_ratio20=NaN|lend_to_v=0.101|rev_yoy=0.876|o_turn=0.957|o_log_mcap=0.005|o_lu_follow=0.531,"官方日成交結構(MI_INDEX/dailyQuotes)=1|發行股數(MI_QFIIS/dailyQuotes)=1|外資持股(MI_QFIIS,僅上市)=0|自營商(T86/上櫃三大法人)=1|當沖(TWTB4U/上櫃intraday)=1|季財報(MOPS t163sb04)=1|月營收(MOPS/openapi)=1|官方產業別(MOPS t05st03)=1|融資券(MI_MARGN)=1|借券(TWT93U)=1|法人(T86)=1",654,inf,250.0,official_prepanel,803.8,16.0,0.0,1.0,0,1,6.704,7.821,52.7,989.0,0,未扣成本·事後欄位以 m_ 標示·非投資建議
SEL,2,2025-04-11,2025-04-14,6130,上亞科技,TPEx,M,,,M0@10,1,955,命中,3,-0.877792,,atr14=0.974|n_lu_250=0.942|r20=0.996|c_ma120=0.951|vr20=0.070|days_since_lu=0.416|dt_ratio20=NaN|lend_to_v=NaN|rev_yoy=0.037|o_turn=0.241|o_log_mcap=0.019|o_lu_follow=0.994,"官方日成交結構(MI_INDEX/dailyQuotes)=1|發行股數(MI_QFIIS/dailyQuotes)=1|外資持股(MI_QFIIS,僅上市)=0|自營商(T86/上櫃三大法人)=0|當沖(TWTB4U/上櫃intraday)=0|季財報(MOPS t163sb04)=1|月營收(MOPS/openapi)=1|官方產業別(MOPS t05st03)=1|融資券(MI_MARGN)=0|借券(TWT93U)=0|法人(T86)=0",661,inf,250.0,official_prepanel,324.45,6.0,1.0,0.0,0,1,18.384,37.778,38.182,149.0,0,未扣成本·事後欄位以 m_ 標示·非投資建議
SEL,2,2025-04-11,2025-04-14,8072,陞泰,TWSE,M,,,M0@10,3,955,命中,19,-1.059735,,atr14=0.858|n_lu_250=0.632|r20=0.997|c_ma120=0.995|vr20=0.991|days_since_lu=0.416|dt_ratio20=0.988|lend_to_v=0.038|rev_yoy=0.572|o_turn=0.992|o_log_mcap=0.148|o_lu_follow=0.108,"官方日成交結構(MI_INDEX/dailyQuotes)=1|發行股數(MI_QFIIS/dailyQuotes)=1|外資持股(MI_QFIIS,僅上市)=1|自營商(T86/上櫃三大法人)=1|當沖(TWTB4U/上櫃intraday)=1|季財報(MOPS t163sb04)=1|月營收(MOPS/openapi)=1|官方產業別(MOPS t05st03)=1|融資券(MI_MARGN)=1|借券(TWT93U)=1|法人(T86)=1",661,inf,250.0,official_prepanel,3587.95,71.0,0.0,3.0,0,1,4.119,13.068,40.057,9533.0,0,未扣成本·事後欄位以 m_ 標示·非投資建議
SEL,2,2025-04-14,2025-04-15,2466,冠西電,TWSE,M,,,M0@10,5,941,命中,22,-1.56503,,atr14=0.574|n_lu_250=0.891|r20=0.943|c_ma120=0.998|vr20=0.975|days_since_lu=0.843|dt_ratio20=0.938|lend_to_v=0.108|rev_yoy=0.966|o_turn=0.766|o_log_mcap=0.637|o_lu_follow=0.985,"官方日成交結構(MI_INDEX/dailyQuotes)=1|發行股數(MI_QFIIS/dailyQuotes)=1|外資持股(MI_QFIIS,僅上市)=1|自營商(T86/上櫃三大法人)=1|當沖(TWTB4U/上櫃intraday)=1|季財報(MOPS t163sb04)=1|月營收(MOPS/openapi)=1|官方產業別(MOPS t05st03)=1|融資券(MI_MARGN)=1|借券(TWT93U)=1|法人(T86)=1",662,inf,250.0,official_prepanel,845.45,16.0,0.0,0.0,0,1,8.419,17.179,6.371,3440.0,0,未扣成本·事後欄位以 m_ 標示·非投資建議
SEL,2,2025-04-14,2025-04-15,3287,廣寰科,TPEx,M,,,M0@10,8,941,命中,25,-1.785951,,atr14=0.994|n_lu_250=0.954|r20=0.939|c_ma120=0.640|vr20=0.104|days_since_lu=0.419|dt_ratio20=NaN|lend_to_v=0.048|rev_yoy=0.453|o_turn=0.873|o_log_mcap=0.018|o_lu_follow=0.906,"官方日成交結構(MI_INDEX/dailyQuotes)=1|發行股數(MI_QFIIS/dailyQuotes)=1|外資持股(MI_QFIIS,僅上市)=0|自營商(T86/上櫃三大法人)=1|當沖(TWTB4U/上櫃intraday)=1|季財報(MOPS t163sb04)=1|月營收(MOPS/openapi)=1|官方產業別(MOPS t05st03)=1|融資券(MI_MARGN)=1|借券(TWT93U)=1|法人(T86)=1",662,inf,250.0,official_prepanel,1681.1,33.0,0.0,0.0,0,1,4.006,26.603,44.071,707.0,0,未扣成本·事後欄位以 m_ 標示·非投資建議
SEL,2,2025-04-14,2025-04-15,3466,德晉,TPEx,M,,,M0@10,7,941,命中,943,-1.777757,,atr14=0.952|n_lu_250=0.909|r20=0.003|c_ma120=0.002|vr20=0.992|days_since_lu=0.859|dt_ratio20=NaN|lend_to_v=0.241|rev_yoy=0.280|o_turn=0.968|o_log_mcap=0.116|o_lu_follow=0.958,"官方日成交結構(MI_INDEX/dailyQuotes)=1|發行股數(MI_QFIIS/dailyQuotes)=1|外資持股(MI_QFIIS,僅上市)=0|自營商(T86/上櫃三大法人)=1|當沖(TWTB4U/上櫃intraday)=1|季財報(MOPS t163sb04)=1|月營收(MOPS/openapi)=1|官方產業別(MOPS t05st03)=1|融資券(MI_MARGN)=1|借券(TWT93U)=1|法人(T86)=1",662,inf,250.0,official_prepanel,1470.6,29.0,0.0,2.0,0,1,7.704,23.729,34.052,1112.0,0,未扣成本·事後欄位以 m_ 標示·非投資建議
SEL,2,2025-04-14,2025-04-15,4949,有成精密,TWSE,M,,,M0@10,1,941,命中,1,-0.377111,,atr14=0.993|n_lu_250=0.849|r20=0.997|c_ma120=0.996|vr20=0.010|days_since_lu=0.419|dt_ratio20=NaN|lend_to_v=0.030|rev_yoy=0.144|o_turn=0.745|o_log_mcap=0.089|o_lu_follow=0.982,"官方日成交結構(MI_INDEX/dailyQuotes)=1|發行股數(MI_QFIIS/dailyQuotes)=1|外資持股(MI_QFIIS,僅上市)=1|自營商(T86/上櫃三大法人)=1|當沖(TWTB4U/上櫃intraday)=0|季財報(MOPS t163sb04)=1|月營收(MOPS/openapi)=1|官方產業別(MOPS t05st03)=1|融資券(MI_MARGN)=1|借券(TWT93U)=1|法人(T86)=1",224,224.0,224.0,official,3706.45,74.0,1.0,0.0,0,1,7.357,29.129,56.757,1189.0,0,未扣成本·事後欄位以 m_ 標示·非投資建議
SEL,2,2025-04-14,2025-04-15,6148,驊宏資,TPEx,M,,,M0@10,2,941,命中,2,-0.886854,,atr14=0.989|n_lu_250=0.977|r20=0.999|c_ma120=0.999|vr20=0.802|days_since_lu=0.419|dt_ratio20=NaN|lend_to_v=0.023|rev_yoy=0.035|o_turn=0.999|o_log_mcap=0.124|o_lu_follow=0.961,"官方日成交結構(MI_INDEX/dailyQuotes)=1|發行股數(MI_QFIIS/dailyQuotes)=1|外資持股(MI_QFIIS,僅上市)=0|自營商(T86/上櫃三大法人)=1|當沖(TWTB4U/上櫃intraday)=1|季財報(MOPS t163sb04)=1|月營收(MOPS/openapi)=1|官方產業別(MOPS t05st03)=1|融資券(MI_MARGN)=1|借券(TWT93U)=1|法人(T86)=1",662,inf,250.0,official_prepanel,26271.9,525.0,0.0,4.0,0,1,8.991,13.394,34.128,44302.0,0,未扣成本·事後欄位以 m_ 標示·非投資建議
SEL,2,2025-04-17,2025-04-18,8088,品安,TPEx,M,,,M0@10,8,939,命中,162,-1.915631,,atr14=0.871|n_lu_250=0.783|r20=0.070|c_ma120=0.954|vr20=0.171|days_since_lu=0.078|dt_ratio20=NaN|lend_to_v=0.095|rev_yoy=0.693|o_turn=0.943|o_log_mcap=0.024|o_lu_follow=0.707,"官方日成交結構(MI_INDEX/dailyQuotes)=1|發行股數(MI_QFIIS/dailyQuotes)=1|外資持股(MI_QFIIS,僅上市)=0|自營商(T86/上櫃三大法人)=1|當沖(TWTB4U/上櫃intraday)=1|季財報(MOPS t163sb04)=1|月營收(MOPS/openapi)=1|官方產業別(MOPS t05st03)=1|融資券(MI_MARGN)=1|借券(TWT93U)=1|法人(T86)=1",665,inf,250.0,official_prepanel,3596.8,71.0,0.0,0.0,0,1,9.218,35.671,22.445,2686.0,0,未扣成本·事後欄位以 m_ 標示·非投資建議
SEL,2,2025-04-22,2025-04-23,3709,鑫聯大投控,TPEx,M,,,M0@10,1,922,命中,16,-1.339945,,atr14=0.926|n_lu_250=0.882|r20=0.969|c_ma120=0.993|vr20=0.999|days_since_lu=0.005|dt_ratio20=NaN|lend_to_v=0.027|rev_yoy=0.948|o_turn=0.992|o_log_mcap=0.262|o_lu_follow=0.857,"官方日成交結構(MI_INDEX/dailyQuotes)=1|發行股數(MI_QFIIS/dailyQuotes)=1|外資持股(MI_QFIIS,僅上市)=0|自營商(T86/上櫃三大法人)=1|當沖(TWTB4U/上櫃intraday)=1|季財報(MOPS t163sb04)=1|月營收(MOPS/openapi)=1|官方產業別(MOPS t05st03)=1|融資券(MI_MARGN)=1|借券(TWT93U)=1|法人(T86)=1",668,inf,250.0,official_prepanel,4758.0,95.0,0.0,0.0,0,1,7.923,28.142,24.18,16792.0,0,未扣成本·事後欄位以 m_ 標示·非投資建議
SEL,2,2025-04-24,2025-04-25,5201,凱衛,TPEx,M,,,M0@10,1,917,命中,10,-1.215255,,atr14=0.993|n_lu_250=0.793|r20=0.999|c_ma120=0.999|vr20=0.995|days_since_lu=0.018|dt_ratio20=NaN|lend_to_v=0.020|rev_yoy=0.945|o_turn=0.998|o_log_mcap=0.019|o_lu_follow=0.033,"官方日成交結構(MI_INDEX/dailyQuotes)=1|發行股數(MI_QFIIS/dailyQuotes)=1|外資持股(MI_QFIIS,僅上市)=0|自營商(T86/上櫃三大法人)=1|當沖(TWTB4U/上櫃intraday)=1|季財報(MOPS t163sb04)=1|月營收(MOPS/openapi)=1|官方產業別(MOPS t05st03)=1|融資券(MI_MARGN)=1|借券(TWT93U)=1|法人(T86)=1",670,inf,250.0,official_prepanel,3857.15,77.0,0.0,0.0,0,1,9.034,12.357,11.319,19326.0,0,未扣成本·事後欄位以 m_ 標示·非投資建議
SEL,2,2025-05-16,2025-05-19,4949,有成精密,TWSE,M,,,M0@10,9,832,命中,18,-1.712557,,atr14=0.990|n_lu_250=0.950|r20=0.847|c_ma120=0.996|vr20=0.022|days_since_lu=0.169|dt_ratio20=0.981|lend_to_v=0.024|rev_yoy=0.156|o_turn=0.934|o_log_mcap=0.132|o_lu_follow=0.978,"官方日成交結構(MI_INDEX/dailyQuotes)=1|發行股數(MI_QFIIS/dailyQuotes)=1|外資持股(MI_QFIIS,僅上市)=1|自營商(T86/上櫃三大法人)=1|當沖(TWTB4U/上櫃intraday)=1|季財報(MOPS t163sb04)=1|月營收(MOPS/openapi)=1|官方產業別(MOPS t05st03)=1|融資券(MI_MARGN)=1|借券(TWT93U)=1|法人(T86)=1",247,247.0,247.0,official,16333.2,326.0,0.0,0.0,0,1,8.333,28.205,17.735,15914.0,0,未扣成本·事後欄位以 m_ 標示·非投資建議
SEL,2,2025-05-19,2025-05-20,3297,杭特,TPEx,M,,,M0@10,5,839,命中,218,-1.752326,,atr14=0.993|n_lu_250=0.989|r20=0.009|c_ma120=0.973|vr20=0.262|days_since_lu=0.269|dt_ratio20=NaN|lend_to_v=0.039|rev_yoy=0.778|o_turn=0.935|o_log_mcap=0.008|o_lu_follow=0.904,"官方日成交結構(MI_INDEX/dailyQuotes)=1|發行股數(MI_QFIIS/dailyQuotes)=1|外資持股(MI_QFIIS,僅上市)=0|自營商(T86/上櫃三大法人)=1|當沖(TWTB4U/上櫃intraday)=1|季財報(MOPS t163sb04)=1|月營收(MOPS/openapi)=1|官方產業別(MOPS t05st03)=1|融資券(MI_MARGN)=1|借券(TWT93U)=1|法人(T86)=1",686,inf,250.0,official_prepanel,3030.45,60.0,0.0,0.0,0,1,9.272,44.205,32.45,7916.0,0,未扣成本·事後欄位以 m_ 標示·非投資建議
SEL,2,2025-06-06,2025-06-09,2429,銘旺科,TWSE,M,,,M0@10,7,839,命中,21,-1.812395,,atr14=0.743|n_lu_250=0.985|r20=0.902|c_ma120=0.996|vr20=0.771|days_since_lu=0.207|dt_ratio20=0.948|lend_to_v=0.093|rev_yoy=0.749|o_turn=0.958|o_log_mcap=0.275|o_lu_follow=0.967,"官方日成交結構(MI_INDEX/dailyQuotes)=1|發行股數(MI_QFIIS/dailyQuotes)=1|外資持股(MI_QFIIS,僅上市)=1|自營商(T86/上櫃三大法人)=1|當沖(TWTB4U/上櫃intraday)=1|季財報(MOPS t163sb04)=1|月營收(MOPS/openapi)=1|官方產業別(MOPS t05st03)=1|融資券(MI_MARGN)=1|借券(TWT93U)=1|法人(T86)=1",699,inf,250.0,official_prepanel,5880.05,117.0,0.0,2.0,0,1,9.663,9.356,7.515,19507.0,0,未扣成本·事後欄位以 m_ 標示·非投資建議
SEL,2,2025-06-13,2025-06-16,3297,杭特,TPEx,M,,,M0@10,10,825,命中,2,-1.748309,,atr14=0.962|n_lu_250=0.993|r20=0.985|c_ma120=0.992|vr20=0.007|days_since_lu=0.121|dt_ratio20=NaN|lend_to_v=0.023|rev_yoy=0.319|o_turn=0.841|o_log_mcap=0.027|o_lu_follow=0.935,"官方日成交結構(MI_INDEX/dailyQuotes)=1|發行股數(MI_QFIIS/dailyQuotes)=1|外資持股(MI_QFIIS,僅上市)=0|自營商(T86/上櫃三大法人)=1|當沖(TWTB4U/上櫃intraday)=0|季財報(MOPS t163sb04)=1|月營收(MOPS/openapi)=1|官方產業別(MOPS t05st03)=1|融資券(MI_MARGN)=1|借券(TWT93U)=1|法人(T86)=1",704,inf,250.0,official_prepanel,7020.85,140.0,1.0,0.0,0,1,6.849,14.321,37.733,16610.0,0,未扣成本·事後欄位以 m_ 標示·非投資建議
SEL,2,2025-06-13,2025-06-16,5475,德宏,TPEx,M,,,M0@10,2,825,命中,20,-1.121915,,atr14=0.974|n_lu_250=0.773|r20=0.999|c_ma120=0.998|vr20=0.662|days_since_lu=0.132|dt_ratio20=NaN|lend_to_v=0.009|rev_yoy=0.639|o_turn=0.872|o_log_mcap=0.093|o_lu_follow=0.970,"官方日成交結構(MI_INDEX/dailyQuotes)=1|發行股數(MI_QFIIS/dailyQuotes)=1|外資持股(MI_QFIIS,僅上市)=0|自營商(T86/上櫃三大法人)=1|當沖(TWTB4U/上櫃intraday)=0|季財報(MOPS t163sb04)=1|月營收(MOPS/openapi)=1|官方產業別(MOPS t05st03)=1|融資券(MI_MARGN)=1|借券(TWT93U)=1|法人(T86)=1",704,inf,250.0,official_prepanel,3179.5,63.0,0.0,0.0,0,1,11.111,38.164,23.43,4849.0,0,未扣成本·事後欄位以 m_ 標示·非投資建議
SEL,2,2025-06-17,2025-06-18,3205,佰研,TPEx,M,,,M0@10,1,814,命中,19,-1.069567,,atr14=0.987|n_lu_250=0.781|r20=0.958|c_ma120=0.967|vr20=0.411|days_since_lu=0.028|dt_ratio20=NaN|lend_to_v=0.095|rev_yoy=0.381|o_turn=0.842|o_log_mcap=0.023|o_lu_follow=0.997,"官方日成交結構(MI_INDEX/dailyQuotes)=1|發行股數(MI_QFIIS/dailyQuotes)=1|外資持股(MI_QFIIS,僅上市)=0|自營商(T86/上櫃三大法人)=1|當沖(TWTB4U/上櫃intraday)=1|季財報(MOPS t163sb04)=1|月營收(MOPS/openapi)=1|官方產業別(MOPS t05st03)=1|融資券(MI_MARGN)=1|借券(TWT93U)=1|法人(T86)=1",706,inf,250.0,official_prepanel,1005.65,20.0,0.0,0.0,0,1,4.302,22.558,22.791,1488.0,0,未扣成本·事後欄位以 m_ 標示·非投資建議
SEL,3,2025-07-28,2025-07-29,2429,銘旺科,TWSE,M,,,M0@10,8,795,命中,71,-1.88971,,atr14=0.858|n_lu_250=0.970|r20=0.510|c_ma120=0.955|vr20=0.925|days_since_lu=0.278|dt_ratio20=0.939|lend_to_v=0.220|rev_yoy=0.798|o_turn=0.969|o_log_mcap=0.270|o_lu_follow=0.928,"官方日成交結構(MI_INDEX/dailyQuotes)=1|發行股數(MI_QFIIS/dailyQuotes)=1|外資持股(MI_QFIIS,僅上市)=1|自營商(T86/上櫃三大法人)=1|當沖(TWTB4U/上櫃intraday)=1|季財報(MOPS t163sb04)=1|月營收(MOPS/openapi)=1|官方產業別(MOPS t05st03)=1|融資券(MI_MARGN)=1|借券(TWT93U)=1|法人(T86)=1",735,inf,250.0,official_prepanel,3597.15,71.0,0.0,0.0,0,1,8.98,20.272,14.286,18989.0,0,未扣成本·事後欄位以 m_ 標示·非投資建議
SEL,3,2025-07-30,2025-07-31,5498,凱崴,TPEx,M,,,M0@10,2,797,命中,17,-1.263653,,atr14=0.978|n_lu_250=0.836|r20=0.971|c_ma120=0.989|vr20=0.815|days_since_lu=0.009|dt_ratio20=NaN|lend_to_v=0.062|rev_yoy=0.651|o_turn=0.979|o_log_mcap=0.105|o_lu_follow=0.886,"官方日成交結構(MI_INDEX/dailyQuotes)=1|發行股數(MI_QFIIS/dailyQuotes)=1|外資持股(MI_QFIIS,僅上市)=0|自營商(T86/上櫃三大法人)=1|當沖(TWTB4U/上櫃intraday)=1|季財報(MOPS t163sb04)=1|月營收(MOPS/openapi)=1|官方產業別(MOPS t05st03)=1|融資券(MI_MARGN)=1|借券(TWT93U)=1|法人(T86)=1",737,inf,250.0,official_prepanel,13353.55,267.0,0.0,0.0,0,1,7.927,18.293,49.695,36574.0,0,未扣成本·事後欄位以 m_ 標示·非投資建議
SEL,3,2025-07-31,2025-08-01,3294,英濟,TPEx,M,,,M0@10,4,800,命中,56,-1.451922,,atr14=0.787|n_lu_250=0.921|r20=0.813|c_ma120=0.903|vr20=0.984|days_since_lu=0.249|dt_ratio20=NaN|lend_to_v=0.145|rev_yoy=0.455|o_turn=0.986|o_log_mcap=0.241|o_lu_follow=0.816,"官方日成交結構(MI_INDEX/dailyQuotes)=1|發行股數(MI_QFIIS/dailyQuotes)=1|外資持股(MI_QFIIS,僅上市)=0|自營商(T86/上櫃三大法人)=1|當沖(TWTB4U/上櫃intraday)=1|季財報(MOPS t163sb04)=1|月營收(MOPS/openapi)=1|官方產業別(MOPS t05st03)=1|融資券(MI_MARGN)=1|借券(TWT93U)=1|法人(T86)=1",738,inf,250.0,official_prepanel,5221.85,104.0,0.0,0.0,0,1,10.641,15.115,16.929,37363.0,0,未扣成本·事後欄位以 m_ 標示·非投資建議
SEL,3,2025-08-07,2025-08-08,4989,榮科,TWSE,M,,,M0@10,3,813,命中,18,-1.281284,,atr14=0.977|n_lu_250=0.909|r20=0.972|c_ma120=0.931|vr20=0.165|days_since_lu=0.116|dt_ratio20=NaN|lend_to_v=0.072|rev_yoy=0.095|o_turn=0.573|o_log_mcap=0.106|o_lu_follow=0.824,"官方日成交結構(MI_INDEX/dailyQuotes)=1|發行股數(MI_QFIIS/dailyQuotes)=1|外資持股(MI_QFIIS,僅上市)=1|自營商(T86/上櫃三大法人)=1|當沖(TWTB4U/上櫃intraday)=0|季財報(MOPS t163sb04)=1|月營收(MOPS/openapi)=1|官方產業別(MOPS t05st03)=1|融資券(MI_MARGN)=1|借券(TWT93U)=1|法人(T86)=1",743,inf,250.0,official_prepanel,1915.1,38.0,1.0,0.0,0,1,13.256,65.116,81.628,3727.0,0,未扣成本·事後欄位以 m_ 標示·非投資建議
SEL,3,2025-08-08,2025-08-11,2630,亞航,TWSE,M,,,M0@10,7,823,命中,48,-1.570381,,atr14=0.905|n_lu_250=0.797|r20=0.979|c_ma120=0.919|vr20=0.868|days_since_lu=0.051|dt_ratio20=0.968|lend_to_v=0.041|rev_yoy=0.746|o_turn=0.976|o_log_mcap=0.411|o_lu_follow=0.713,"官方日成交結構(MI_INDEX/dailyQuotes)=1|發行股數(MI_QFIIS/dailyQuotes)=1|外資持股(MI_QFIIS,僅上市)=1|自營商(T86/上櫃三大法人)=1|當沖(TWTB4U/上櫃intraday)=1|季財報(MOPS t163sb04)=1|月營收(MOPS/openapi)=1|官方產業別(MOPS t05st03)=1|融資券(MI_MARGN)=1|借券(TWT93U)=1|法人(T86)=1",744,inf,250.0,official_prepanel,12161.3,243.0,0.0,2.0,0,1,7.708,27.083,16.667,18403.0,0,未扣成本·事後欄位以 m_ 標示·非投資建議
SEL,3,2025-08-08,2025-08-11,6895,宏碩系統,TPEx,M,,,M0@10,8,823,命中,274,-1.609297,,atr14=0.902|n_lu_250=0.953|r20=0.128|c_ma120=0.946|vr20=0.614|days_since_lu=0.206|dt_ratio20=NaN|lend_to_v=0.069|rev_yoy=0.969|o_turn=0.813|o_log_mcap=0.310|o_lu_follow=0.954,"官方日成交結構(MI_INDEX/dailyQuotes)=1|發行股數(MI_QFIIS/dailyQuotes)=1|外資持股(MI_QFIIS,僅上市)=0|自營商(T86/上櫃三大法人)=1|當沖(TWTB4U/上櫃intraday)=1|季財報(MOPS t163sb04)=1|月營收(MOPS/openapi)=1|官方產業別(MOPS t05st03)=1|融資券(MI_MARGN)=1|借券(TWT93U)=1|法人(T86)=1",478,478.0,250.0,official,571.95,11.0,0.0,0.0,0,1,1.602,20.366,26.773,1875.0,0,未扣成本·事後欄位以 m_ 標示·非投資建議
SEL,3,2025-08-11,2025-08-12,5475,德宏,TPEx,M,,,M0@10,2,819,命中,21,-0.947879,,atr14=0.969|n_lu_250=0.911|r20=0.933|c_ma120=0.995|vr20=0.637|days_since_lu=0.214|dt_ratio20=NaN|lend_to_v=0.007|rev_yoy=0.895|o_turn=0.949|o_log_mcap=0.202|o_lu_follow=0.975,"官方日成交結構(MI_INDEX/dailyQuotes)=1|發行股數(MI_QFIIS/dailyQuotes)=1|外資持股(MI_QFIIS,僅上市)=0|自營商(T86/上櫃三大法人)=1|當沖(TWTB4U/上櫃intraday)=0|季財報(MOPS t163sb04)=1|月營收(MOPS/openapi)=1|官方產業別(MOPS t05st03)=1|融資券(MI_MARGN)=1|借券(TWT93U)=1|法人(T86)=1",745,inf,250.0,official_prepanel,8030.9,160.0,0.0,2.0,0,1,8.043,45.576,14.209,18150.0,0,未扣成本·事後欄位以 m_ 標示·非投資建議
SEL,3,2025-08-14,2025-08-15,8045,達運光電,TWSE,M,,,M0@10,7,849,命中,27,-1.538682,,atr14=0.973|n_lu_250=0.917|r20=0.992|c_ma120=0.836|vr20=0.240|days_since_lu=0.152|dt_ratio20=NaN|lend_to_v=0.082|rev_yoy=0.047|o_turn=0.561|o_log_mcap=0.440|o_lu_follow=0.829,"官方日成交結構(MI_INDEX/dailyQuotes)=1|發行股數(MI_QFIIS/dailyQuotes)=1|外資持股(MI_QFIIS,僅上市)=1|自營商(T86/上櫃三大法人)=1|當沖(TWTB4U/上櫃intraday)=0|季財報(MOPS t163sb04)=1|月營收(MOPS/openapi)=1|官方產業別(MOPS t05st03)=1|融資券(MI_MARGN)=1|借券(TWT93U)=1|法人(T86)=1",164,164.0,164.0,official,1217.15,24.0,1.0,0.0,0,1,8.52,7.175,13.004,2284.0,0,未扣成本·事後欄位以 m_ 標示·非投資建議
SEL,3,2025-08-15,2025-08-18,3625,西勝,TPEx,M,,,M0@10,3,848,命中,47,-1.078889,,atr14=0.880|n_lu_250=0.956|r20=0.880|c_ma120=0.874|vr20=0.903|days_since_lu=0.135|dt_ratio20=NaN|lend_to_v=0.005|rev_yoy=0.156|o_turn=0.801|o_log_mcap=0.049|o_lu_follow=0.929,"官方日成交結構(MI_INDEX/dailyQuotes)=1|發行股數(MI_QFIIS/dailyQuotes)=1|外資持股(MI_QFIIS,僅上市)=0|自營商(T86/上櫃三大法人)=1|當沖(TWTB4U/上櫃intraday)=0|季財報(MOPS t163sb04)=1|月營收(MOPS/openapi)=1|官方產業別(MOPS t05st03)=1|融資券(MI_MARGN)=1|借券(TWT93U)=1|法人(T86)=1",749,inf,250.0,official_prepanel,1048.65,20.0,0.0,0.0,0,1,8.971,16.623,26.385,4183.0,0,未扣成本·事後欄位以 m_ 標示·非投資建議
SEL,3,2025-08-22,2025-08-25,8033,雷虎,TWSE,M,,,M0@10,10,903,命中,35,-1.635073,,atr14=0.950|n_lu_250=0.805|r20=0.999|c_ma120=0.996|vr20=0.888|days_since_lu=0.052|dt_ratio20=NaN|lend_to_v=0.017|rev_yoy=0.863|o_turn=0.993|o_log_mcap=0.659|o_lu_follow=0.714,"官方日成交結構(MI_INDEX/dailyQuotes)=1|發行股數(MI_QFIIS/dailyQuotes)=1|外資持股(MI_QFIIS,僅上市)=1|自營商(T86/上櫃三大法人)=1|當沖(TWTB4U/上櫃intraday)=1|季財報(MOPS t163sb04)=1|月營收(MOPS/openapi)=1|官方產業別(MOPS t05st03)=1|融資券(MI_MARGN)=1|借券(TWT93U)=1|法人(T86)=1",754,inf,250.0,official_prepanel,22949.85,458.0,0.0,1.0,0,1,6.545,23.636,28.727,22326.0,0,未扣成本·事後欄位以 m_ 標示·非投資建議
SEL,3,2025-08-25,2025-08-26,3219,倚強科,TPEx,M,,,M0@10,2,882,命中,4,-1.27404,,atr14=0.978|n_lu_250=0.991|r20=0.998|c_ma120=0.987|vr20=0.959|days_since_lu=0.003|dt_ratio20=NaN|lend_to_v=0.028|rev_yoy=0.814|o_turn=0.963|o_log_mcap=0.282|o_lu_follow=0.829,"官方日成交結構(MI_INDEX/dailyQuotes)=1|發行股數(MI_QFIIS/dailyQuotes)=1|外資持股(MI_QFIIS,僅上市)=0|自營商(T86/上櫃三大法人)=1|當沖(TWTB4U/上櫃intraday)=1|季財報(MOPS t163sb04)=1|月營收(MOPS/openapi)=1|官方產業別(MOPS t05st03)=1|融資券(MI_MARGN)=1|借券(TWT93U)=1|法人(T86)=1",755,inf,250.0,official_prepanel,2214.95,44.0,0.0,1.0,0,1,11.484,29.032,28.387,3691.0,0,未扣成本·事後欄位以 m_ 標示·非投資建議
SEL,3,2025-08-26,2025-08-27,4760,勤凱,TPEx,M,,,M0@10,9,892,命中,133,-1.555056,,atr14=0.802|n_lu_250=0.697|r20=0.894|c_ma120=0.973|vr20=0.952|days_since_lu=0.013|dt_ratio20=NaN|lend_to_v=0.129|rev_yoy=0.780|o_turn=0.977|o_log_mcap=0.268|o_lu_follow=0.837,"官方日成交結構(MI_INDEX/dailyQuotes)=1|發行股數(MI_QFIIS/dailyQuotes)=1|外資持股(MI_QFIIS,僅上市)=0|自營商(T86/上櫃三大法人)=1|當沖(TWTB4U/上櫃intraday)=1|季財報(MOPS t163sb04)=1|月營收(MOPS/openapi)=1|官方產業別(MOPS t05st03)=1|融資券(MI_MARGN)=1|借券(TWT93U)=1|法人(T86)=1",756,inf,250.0,official_prepanel,1212.9,24.0,0.0,0.0,0,1,8.896,7.055,9.816,3519.0,0,未扣成本·事後欄位以 m_ 標示·非投資建議
SEL,3,2025-09-04,2025-09-05,4577,達航科技,TPEx,M,,,M0@10,4,922,命中,312,-1.2996,,atr14=0.997|n_lu_250=0.992|r20=0.143|c_ma120=0.760|vr20=0.635|days_since_lu=0.188|dt_ratio20=NaN|lend_to_v=0.039|rev_yoy=0.826|o_turn=0.813|o_log_mcap=0.021|o_lu_follow=0.831,"官方日成交結構(MI_INDEX/dailyQuotes)=1|發行股數(MI_QFIIS/dailyQuotes)=1|外資持股(MI_QFIIS,僅上市)=0|自營商(T86/上櫃三大法人)=1|當沖(TWTB4U/上櫃intraday)=1|季財報(MOPS t163sb04)=1|月營收(MOPS/openapi)=1|官方產業別(MOPS t05st03)=1|融資券(MI_MARGN)=1|借券(TWT93U)=1|法人(T86)=1",763,inf,250.0,official_prepanel,1075.9,21.0,0.0,0.0,0,1,7.209,38.078,38.262,730.0,0,未扣成本·事後欄位以 m_ 標示·非投資建議
SEL,3,2025-09-09,2025-09-10,3323,加百裕,TPEx,M,,,M0@10,4,937,命中,62,-1.285766,,atr14=0.805|n_lu_250=0.974|r20=0.907|c_ma120=0.912|vr20=0.979|days_since_lu=0.028|dt_ratio20=NaN|lend_to_v=0.089|rev_yoy=0.222|o_turn=0.999|o_log_mcap=0.229|o_lu_follow=0.662,"官方日成交結構(MI_INDEX/dailyQuotes)=1|發行股數(MI_QFIIS/dailyQuotes)=1|外資持股(MI_QFIIS,僅上市)=0|自營商(T86/上櫃三大法人)=1|當沖(TWTB4U/上櫃intraday)=1|季財報(MOPS t163sb04)=1|月營收(MOPS/openapi)=1|官方產業別(MOPS t05st03)=1|融資券(MI_MARGN)=1|借券(TWT93U)=1|法人(T86)=1",766,inf,250.0,official_prepanel,13626.85,272.0,0.0,0.0,0,1,8.0,4.211,5.684,36978.0,0,未扣成本·事後欄位以 m_ 標示·非投資建議
SEL,3,2025-09-18,2025-09-19,4722,國精化,TWSE,M,,,M0@10,8,918,命中,10,-1.843845,,atr14=0.985|n_lu_250=0.938|r20=0.925|c_ma120=0.993|vr20=0.949|days_since_lu=0.017|dt_ratio20=NaN|lend_to_v=0.185|rev_yoy=0.225|o_turn=0.985|o_log_mcap=0.572|o_lu_follow=0.926,"官方日成交結構(MI_INDEX/dailyQuotes)=1|發行股數(MI_QFIIS/dailyQuotes)=1|外資持股(MI_QFIIS,僅上市)=1|自營商(T86/上櫃三大法人)=1|當沖(TWTB4U/上櫃intraday)=1|季財報(MOPS t163sb04)=1|月營收(MOPS/openapi)=1|官方產業別(MOPS t05st03)=1|融資券(MI_MARGN)=1|借券(TWT93U)=1|法人(T86)=1",773,inf,250.0,official_prepanel,4448.3,88.0,0.0,0.0,0,1,5.19,18.339,48.443,12787.0,0,未扣成本·事後欄位以 m_ 標示·非投資建議
SEL,3,2025-09-30,2025-10-01,3581,博磊,TPEx,M,,,M0@10,10,903,命中,61,-2.189708,,atr14=0.834|n_lu_250=0.908|r20=0.786|c_ma120=0.898|vr20=0.988|days_since_lu=0.261|dt_ratio20=NaN|lend_to_v=0.321|rev_yoy=0.787|o_turn=0.976|o_log_mcap=0.067|o_lu_follow=0.428,"官方日成交結構(MI_INDEX/dailyQuotes)=1|發行股數(MI_QFIIS/dailyQuotes)=1|外資持股(MI_QFIIS,僅上市)=0|自營商(T86/上櫃三大法人)=1|當沖(TWTB4U/上櫃intraday)=1|季財報(MOPS t163sb04)=1|月營收(MOPS/openapi)=1|官方產業別(MOPS t05st03)=1|融資券(MI_MARGN)=1|借券(TWT93U)=1|法人(T86)=1",780,inf,250.0,official_prepanel,761.2,15.0,0.0,0.0,0,1,8.814,37.106,38.194,5351.0,0,未扣成本·事後欄位以 m_ 標示·非投資建議
SEL,4,2025-10-03,2025-10-07,3685,元創精密,TPEx,M,,,M0@10,9,895,命中,32,-1.972949,,atr14=0.932|n_lu_250=0.794|r20=0.968|c_ma120=0.997|vr20=0.127|days_since_lu=0.109|dt_ratio20=NaN|lend_to_v=0.010|rev_yoy=0.047|o_turn=0.576|o_log_mcap=0.082|o_lu_follow=0.906,"官方日成交結構(MI_INDEX/dailyQuotes)=1|發行股數(MI_QFIIS/dailyQuotes)=1|外資持股(MI_QFIIS,僅上市)=0|自營商(T86/上櫃三大法人)=1|當沖(TWTB4U/上櫃intraday)=0|季財報(MOPS t163sb04)=1|月營收(MOPS/openapi)=1|官方產業別(MOPS t05st03)=1|融資券(MI_MARGN)=1|借券(TWT93U)=1|法人(T86)=1",783,inf,250.0,official_prepanel,1373.8,27.0,0.0,0.0,0,1,9.194,42.581,47.581,1518.0,0,未扣成本·事後欄位以 m_ 標示·非投資建議
SEL,4,2025-10-16,2025-10-17,3543,州巧,TWSE,M,,,M0@10,5,893,命中,43,-1.761668,,atr14=0.822|n_lu_250=0.932|r20=0.917|c_ma120=0.917|vr20=0.930|days_since_lu=0.161|dt_ratio20=0.918|lend_to_v=0.183|rev_yoy=0.289|o_turn=0.961|o_log_mcap=0.137|o_lu_follow=0.902,"官方日成交結構(MI_INDEX/dailyQuotes)=1|發行股數(MI_QFIIS/dailyQuotes)=1|外資持股(MI_QFIIS,僅上市)=1|自營商(T86/上櫃三大法人)=1|當沖(TWTB4U/上櫃intraday)=1|季財報(MOPS t163sb04)=1|月營收(MOPS/openapi)=1|官方產業別(MOPS t05st03)=1|融資券(MI_MARGN)=1|借券(TWT93U)=1|法人(T86)=1",790,inf,250.0,official_prepanel,2703.4,54.0,0.0,0.0,0,1,9.103,15.897,30.435,7047.0,0,未扣成本·事後欄位以 m_ 標示·非投資建議
SEL,4,2025-10-16,2025-10-17,8043,蜜望實,TPEx,M,,,M0@10,7,893,命中,7,-1.80366,,atr14=0.998|n_lu_250=0.932|r20=0.994|c_ma120=0.970|vr20=0.512|days_since_lu=0.074|dt_ratio20=NaN|lend_to_v=0.026|rev_yoy=0.549|o_turn=0.984|o_log_mcap=0.125|o_lu_follow=0.792,"官方日成交結構(MI_INDEX/dailyQuotes)=1|發行股數(MI_QFIIS/dailyQuotes)=1|外資持股(MI_QFIIS,僅上市)=0|自營商(T86/上櫃三大法人)=1|當沖(TWTB4U/上櫃intraday)=1|季財報(MOPS t163sb04)=1|月營收(MOPS/openapi)=1|官方產業別(MOPS t05st03)=1|融資券(MI_MARGN)=1|借券(TWT93U)=1|法人(T86)=1",790,inf,250.0,official_prepanel,11661.4,233.0,0.0,1.0,0,1,12.078,34.805,24.156,7577.0,0,未扣成本·事後欄位以 m_ 標示·非投資建議
SEL,4,2025-10-17,2025-10-20,3236,千如,TPEx,M,,,M0@10,3,888,命中,64,-1.60915,,atr14=0.927|n_lu_250=0.746|r20=0.939|c_ma120=0.854|vr20=0.887|days_since_lu=0.129|dt_ratio20=NaN|lend_to_v=0.039|rev_yoy=0.516|o_turn=0.948|o_log_mcap=0.060|o_lu_follow=0.783,"官方日成交結構(MI_INDEX/dailyQuotes)=1|發行股數(MI_QFIIS/dailyQuotes)=1|外資持股(MI_QFIIS,僅上市)=0|自營商(T86/上櫃三大法人)=1|當沖(TWTB4U/上櫃intraday)=1|季財報(MOPS t163sb04)=1|月營收(MOPS/openapi)=1|官方產業別(MOPS t05st03)=1|融資券(MI_MARGN)=1|借券(TWT93U)=1|法人(T86)=1",791,inf,250.0,official_prepanel,2960.1,59.0,0.0,0.0,0,1,9.804,18.873,15.196,8746.0,0,未扣成本·事後欄位以 m_ 標示·非投資建議
SEL,4,2025-10-17,2025-10-20,6127,九豪,TPEx,M,,,M0@10,10,888,命中,62,-2.119409,,atr14=0.907|n_lu_250=0.678|r20=0.990|c_ma120=0.917|vr20=0.918|days_since_lu=0.004|dt_ratio20=NaN|lend_to_v=0.055|rev_yoy=0.053|o_turn=0.965|o_log_mcap=0.108|o_lu_follow=0.093,"官方日成交結構(MI_INDEX/dailyQuotes)=1|發行股數(MI_QFIIS/dailyQuotes)=1|外資持股(MI_QFIIS,僅上市)=0|自營商(T86/上櫃三大法人)=1|當沖(TWTB4U/上櫃intraday)=0|季財報(MOPS t163sb04)=1|月營收(MOPS/openapi)=1|官方產業別(MOPS t05st03)=1|融資券(MI_MARGN)=1|借券(TWT93U)=1|法人(T86)=1",791,inf,250.0,official_prepanel,3310.95,66.0,0.0,0.0,0,1,9.434,6.415,2.642,9288.0,0,未扣成本·事後欄位以 m_ 標示·非投資建議
SEL,4,2025-10-20,2025-10-21,2342,茂矽,TWSE,M,,,M0@10,6,867,命中,82,-1.830719,,atr14=0.952|n_lu_250=0.843|r20=0.627|c_ma120=0.937|vr20=0.339|days_since_lu=0.019|dt_ratio20=NaN|lend_to_v=0.090|rev_yoy=0.371|o_turn=0.918|o_log_mcap=0.252|o_lu_follow=0.992,"官方日成交結構(MI_INDEX/dailyQuotes)=1|發行股數(MI_QFIIS/dailyQuotes)=1|外資持股(MI_QFIIS,僅上市)=1|自營商(T86/上櫃三大法人)=1|當沖(TWTB4U/上櫃intraday)=1|季財報(MOPS t163sb04)=1|月營收(MOPS/openapi)=1|官方產業別(MOPS t05st03)=1|融資券(MI_MARGN)=1|借券(TWT93U)=1|法人(T86)=1",792,inf,250.0,official_prepanel,7191.6,143.0,0.0,0.0,0,1,5.606,14.848,-2.273,8561.0,0,未扣成本·事後欄位以 m_ 標示·非投資建議
SEL,4,2025-11-04,2025-11-05,3002,歐格,TWSE,M,,,M0@10,7,859,命中,44,-1.928665,,atr14=0.999|n_lu_250=0.665|r20=0.984|c_ma120=0.949|vr20=0.888|days_since_lu=0.130|dt_ratio20=0.945|lend_to_v=0.036|rev_yoy=0.892|o_turn=0.959|o_log_mcap=0.067|o_lu_follow=0.810,"官方日成交結構(MI_INDEX/dailyQuotes)=1|發行股數(MI_QFIIS/dailyQuotes)=1|外資持股(MI_QFIIS,僅上市)=1|自營商(T86/上櫃三大法人)=1|當沖(TWTB4U/上櫃intraday)=1|季財報(MOPS t163sb04)=1|月營收(MOPS/openapi)=1|官方產業別(MOPS t05st03)=1|融資券(MI_MARGN)=1|借券(TWT93U)=1|法人(T86)=1",802,inf,250.0,official_prepanel,3992.85,79.0,0.0,0.0,0,1,6.608,12.335,9.912,5047.0,0,未扣成本·事後欄位以 m_ 標示·非投資建議
SEL,4,2025-11-07,2025-11-10,6265,方土昶,TPEx,M,,,M0@10,2,856,命中,58,-1.533856,,atr14=0.942|n_lu_250=0.803|r20=0.814|c_ma120=0.916|vr20=0.797|days_since_lu=0.281|dt_ratio20=NaN|lend_to_v=0.190|rev_yoy=0.958|o_turn=0.928|o_log_mcap=0.025|o_lu_follow=0.678,"官方日成交結構(MI_INDEX/dailyQuotes)=1|發行股數(MI_QFIIS/dailyQuotes)=1|外資持股(MI_QFIIS,僅上市)=0|自營商(T86/上櫃三大法人)=1|當沖(TWTB4U/上櫃intraday)=1|季財報(MOPS t163sb04)=1|月營收(MOPS/openapi)=1|官方產業別(MOPS t05st03)=1|融資券(MI_MARGN)=1|借券(TWT93U)=1|法人(T86)=1",805,inf,250.0,official_prepanel,3080.1,61.0,0.0,0.0,1,0,0.0,42.662,10.922,2621.0,0,未扣成本·事後欄位以 m_ 標示·非投資建議
SEL,4,2025-11-12,2025-11-13,8043,蜜望實,TPEx,M,,,M0@10,4,845,命中,8,-1.16703,,atr14=0.912|n_lu_250=0.959|r20=0.991|c_ma120=0.990|vr20=0.121|days_since_lu=0.151|dt_ratio20=NaN|lend_to_v=0.036|rev_yoy=0.904|o_turn=0.931|o_log_mcap=0.215|o_lu_follow=0.932,"官方日成交結構(MI_INDEX/dailyQuotes)=1|發行股數(MI_QFIIS/dailyQuotes)=1|外資持股(MI_QFIIS,僅上市)=0|自營商(T86/上櫃三大法人)=1|當沖(TWTB4U/上櫃intraday)=0|季財報(MOPS t163sb04)=1|月營收(MOPS/openapi)=1|官方產業別(MOPS t05st03)=1|融資券(MI_MARGN)=1|借券(TWT93U)=1|法人(T86)=1",808,inf,250.0,official_prepanel,9999.6,199.0,1.0,0.0,0,1,9.363,24.719,40.824,9758.0,0,未扣成本·事後欄位以 m_ 標示·非投資建議
SEL,4,2025-11-21,2025-11-24,4577,達航科技,TPEx,M,,,M0@10,2,858,命中,6,-1.234511,,atr14=0.936|n_lu_250=0.999|r20=0.994|c_ma120=0.980|vr20=0.990|days_since_lu=0.008|dt_ratio20=NaN|lend_to_v=0.028|rev_yoy=0.857|o_turn=0.997|o_log_mcap=0.065|o_lu_follow=0.936,"官方日成交結構(MI_INDEX/dailyQuotes)=1|發行股數(MI_QFIIS/dailyQuotes)=1|外資持股(MI_QFIIS,僅上市)=0|自營商(T86/上櫃三大法人)=1|當沖(TWTB4U/上櫃intraday)=1|季財報(MOPS t163sb04)=1|月營收(MOPS/openapi)=1|官方產業別(MOPS t05st03)=1|融資券(MI_MARGN)=1|借券(TWT93U)=1|法人(T86)=1",815,inf,250.0,official_prepanel,4171.5,83.0,0.0,1.0,0,1,9.931,25.866,25.173,4097.0,0,未扣成本·事後欄位以 m_ 標示·非投資建議
SEL,4,2025-11-25,2025-11-26,8047,星雲,TPEx,M,,,M0@10,1,827,命中,85,-1.280422,,atr14=0.995|n_lu_250=0.990|r20=0.548|c_ma120=0.998|vr20=0.742|days_since_lu=0.139|dt_ratio20=NaN|lend_to_v=0.013|rev_yoy=0.235|o_turn=0.772|o_log_mcap=0.041|o_lu_follow=0.967,"官方日成交結構(MI_INDEX/dailyQuotes)=1|發行股數(MI_QFIIS/dailyQuotes)=1|外資持股(MI_QFIIS,僅上市)=0|自營商(T86/上櫃三大法人)=1|當沖(TWTB4U/上櫃intraday)=0|季財報(MOPS t163sb04)=1|月營收(MOPS/openapi)=1|官方產業別(MOPS t05st03)=1|融資券(MI_MARGN)=1|借券(TWT93U)=1|法人(T86)=1",817,inf,250.0,official_prepanel,480.85,9.0,0.0,0.0,0,1,11.071,29.927,23.358,1166.0,0,未扣成本·事後欄位以 m_ 標示·非投資建議
SEL,4,2025-11-26,2025-11-27,2485,兆赫,TWSE,M,,,M0@10,1,819,命中,18,-1.291072,,atr14=0.920|n_lu_250=0.847|r20=0.993|c_ma120=0.985|vr20=0.980|days_since_lu=0.022|dt_ratio20=0.891|lend_to_v=0.112|rev_yoy=0.985|o_turn=0.981|o_log_mcap=0.284|o_lu_follow=0.675,"官方日成交結構(MI_INDEX/dailyQuotes)=1|發行股數(MI_QFIIS/dailyQuotes)=1|外資持股(MI_QFIIS,僅上市)=1|自營商(T86/上櫃三大法人)=1|當沖(TWTB4U/上櫃intraday)=1|季財報(MOPS t163sb04)=1|月營收(MOPS/openapi)=1|官方產業別(MOPS t05st03)=1|融資券(MI_MARGN)=1|借券(TWT93U)=1|法人(T86)=1",818,inf,250.0,official_prepanel,10577.4,211.0,0.0,0.0,0,1,8.586,18.434,30.556,30763.0,0,未扣成本·事後欄位以 m_ 標示·非投資建議
SEL,4,2025-12-05,2025-12-08,8110,華東,TWSE,M,,,M0@10,6,815,命中,1,-1.690919,,atr14=0.999|n_lu_250=0.974|r20=0.990|c_ma120=0.999|vr20=0.880|days_since_lu=0.048|dt_ratio20=NaN|lend_to_v=0.039|rev_yoy=0.196|o_turn=0.997|o_log_mcap=0.610|o_lu_follow=0.986,"官方日成交結構(MI_INDEX/dailyQuotes)=1|發行股數(MI_QFIIS/dailyQuotes)=1|外資持股(MI_QFIIS,僅上市)=1|自營商(T86/上櫃三大法人)=1|當沖(TWTB4U/上櫃intraday)=1|季財報(MOPS t163sb04)=1|月營收(MOPS/openapi)=1|官方產業別(MOPS t05st03)=1|融資券(MI_MARGN)=1|借券(TWT93U)=1|法人(T86)=1",825,inf,250.0,official_prepanel,64265.4,1285.0,0.0,2.0,0,1,7.664,34.981,28.059,54708.0,0,未扣成本·事後欄位以 m_ 標示·非投資建議
SEL,4,2025-12-18,2025-12-19,5498,凱崴,TPEx,M,,,M0@10,9,784,命中,16,-1.596851,,atr14=0.897|n_lu_250=0.984|r20=0.948|c_ma120=0.982|vr20=0.739|days_since_lu=0.037|dt_ratio20=NaN|lend_to_v=0.034|rev_yoy=0.845|o_turn=0.990|o_log_mcap=0.271|o_lu_follow=0.823,"官方日成交結構(MI_INDEX/dailyQuotes)=1|發行股數(MI_QFIIS/dailyQuotes)=1|外資持股(MI_QFIIS,僅上市)=0|自營商(T86/上櫃三大法人)=1|當沖(TWTB4U/上櫃intraday)=1|季財報(MOPS t163sb04)=1|月營收(MOPS/openapi)=1|官方產業別(MOPS t05st03)=1|融資券(MI_MARGN)=1|借券(TWT93U)=1|法人(T86)=1",834,inf,250.0,official_prepanel,30764.35,615.0,0.0,2.0,0,1,9.172,37.574,55.03,37067.0,0,未扣成本·事後欄位以 m_ 標示·非投資建議
SEL,4,2025-12-19,2025-12-22,3354,律勝,TPEx,M,,,M0@10,9,778,命中,52,-1.577823,,atr14=0.993|n_lu_250=0.820|r20=0.952|c_ma120=0.832|vr20=0.908|days_since_lu=0.006|dt_ratio20=NaN|lend_to_v=0.059|rev_yoy=0.099|o_turn=0.891|o_log_mcap=0.016|o_lu_follow=0.888,"官方日成交結構(MI_INDEX/dailyQuotes)=1|發行股數(MI_QFIIS/dailyQuotes)=1|外資持股(MI_QFIIS,僅上市)=0|自營商(T86/上櫃三大法人)=1|當沖(TWTB4U/上櫃intraday)=1|季財報(MOPS t163sb04)=1|月營收(MOPS/openapi)=1|官方產業別(MOPS t05st03)=1|融資券(MI_MARGN)=1|借券(TWT93U)=1|法人(T86)=1",835,inf,250.0,official_prepanel,969.95,19.0,0.0,0.0,0,1,9.903,50.483,31.401,2801.0,0,未扣成本·事後欄位以 m_ 標示·非投資建議
SEL,4,2025-12-24,2025-12-26,2413,環科,TWSE,M,,,M0@10,3,798,命中,13,-1.333436,,atr14=0.982|n_lu_250=0.911|r20=0.988|c_ma120=0.989|vr20=0.968|days_since_lu=0.006|dt_ratio20=0.967|lend_to_v=0.057|rev_yoy=0.157|o_turn=0.993|o_log_mcap=0.224|o_lu_follow=0.699,"官方日成交結構(MI_INDEX/dailyQuotes)=1|發行股數(MI_QFIIS/dailyQuotes)=1|外資持股(MI_QFIIS,僅上市)=1|自營商(T86/上櫃三大法人)=1|當沖(TWTB4U/上櫃intraday)=1|季財報(MOPS t163sb04)=1|月營收(MOPS/openapi)=1|官方產業別(MOPS t05st03)=1|融資券(MI_MARGN)=1|借券(TWT93U)=1|法人(T86)=1",838,inf,250.0,official_prepanel,11651.95,233.0,0.0,1.0,0,1,8.824,17.903,9.974,23477.0,0,未扣成本·事後欄位以 m_ 標示·非投資建議
SEL,4,2025-12-31,2026-01-02,6155,鈞寶,TWSE,M,,,M0@10,6,797,命中,56,-1.544654,,atr14=0.974|n_lu_250=0.875|r20=0.777|c_ma120=0.969|vr20=0.575|days_since_lu=0.094|dt_ratio20=0.984|lend_to_v=0.036|rev_yoy=0.433|o_turn=0.957|o_log_mcap=0.180|o_lu_follow=0.974,"官方日成交結構(MI_INDEX/dailyQuotes)=1|發行股數(MI_QFIIS/dailyQuotes)=1|外資持股(MI_QFIIS,僅上市)=1|自營商(T86/上櫃三大法人)=1|當沖(TWTB4U/上櫃intraday)=1|季財報(MOPS t163sb04)=1|月營收(MOPS/openapi)=1|官方產業別(MOPS t05st03)=1|融資券(MI_MARGN)=1|借券(TWT93U)=1|法人(T86)=1",842,inf,250.0,official_prepanel,7379.15,147.0,0.0,1.0,0,1,2.648,-3.602,28.602,10917.0,0,未扣成本·事後欄位以 m_ 標示·非投資建議
HC,1,2026-01-13,2026-01-14,4989,榮科,TWSE,M,,,M0@10,10,818,命中,7,-1.104016,,atr14=0.985|n_lu_250=0.999|r20=0.947|c_ma120=0.968|vr20=0.641|days_since_lu=0.158|dt_ratio20=0.979|lend_to_v=0.047|rev_yoy=0.920|o_turn=0.987|o_log_mcap=0.325|o_lu_follow=0.949,"官方日成交結構(MI_INDEX/dailyQuotes)=1|發行股數(MI_QFIIS/dailyQuotes)=1|外資持股(MI_QFIIS,僅上市)=1|自營商(T86/上櫃三大法人)=1|當沖(TWTB4U/上櫃intraday)=1|季財報(MOPS t163sb04)=1|月營收(MOPS/openapi)=1|官方產業別(MOPS t05st03)=1|融資券(MI_MARGN)=1|借券(TWT93U)=1|法人(T86)=1",850,inf,250.0,official_prepanel,20301.5,406.0,0.0,1.0,0,1,4.853,12.652,9.185,47623.0,0,未扣成本·事後欄位以 m_ 標示·非投資建議
HC,1,2026-01-14,2026-01-15,6152,百一,TWSE,M,,,M0@10,8,814,命中,101,-1.322336,,atr14=0.921|n_lu_250=0.710|r20=0.916|c_ma120=0.865|vr20=0.504|days_since_lu=0.201|dt_ratio20=NaN|lend_to_v=0.014|rev_yoy=0.290|o_turn=0.732|o_log_mcap=0.047|o_lu_follow=0.725,"官方日成交結構(MI_INDEX/dailyQuotes)=1|發行股數(MI_QFIIS/dailyQuotes)=1|外資持股(MI_QFIIS,僅上市)=1|自營商(T86/上櫃三大法人)=1|當沖(TWTB4U/上櫃intraday)=0|季財報(MOPS t163sb04)=1|月營收(MOPS/openapi)=1|官方產業別(MOPS t05st03)=1|融資券(MI_MARGN)=1|借券(TWT93U)=1|法人(T86)=1",851,inf,250.0,official_prepanel,2516.85,50.0,0.0,0.0,1,0,0.0,11.673,7.004,3999.0,0,未扣成本·事後欄位以 m_ 標示·非投資建議
HC,1,2026-01-15,2026-01-16,1528,恩德,TWSE,M,,,M0@10,2,838,命中,17,-0.788202,,atr14=0.970|n_lu_250=0.884|r20=0.995|c_ma120=0.965|vr20=0.492|days_since_lu=0.196|dt_ratio20=NaN|lend_to_v=0.087|rev_yoy=0.092|o_turn=0.949|o_log_mcap=0.232|o_lu_follow=0.939,"官方日成交結構(MI_INDEX/dailyQuotes)=1|發行股數(MI_QFIIS/dailyQuotes)=1|外資持股(MI_QFIIS,僅上市)=1|自營商(T86/上櫃三大法人)=1|當沖(TWTB4U/上櫃intraday)=0|季財報(MOPS t163sb04)=1|月營收(MOPS/openapi)=1|官方產業別(MOPS t05st03)=1|融資券(MI_MARGN)=1|借券(TWT93U)=1|法人(T86)=1",852,inf,250.0,official_prepanel,16439.9,328.0,1.0,0.0,0,1,2.717,1.449,0.0,12471.0,0,未扣成本·事後欄位以 m_ 標示·非投資建議
HC,1,2026-01-27,2026-01-28,2337,旺宏,TWSE,M,,,M0@10,4,915,命中,3,-1.452165,,atr14=0.989|n_lu_250=0.962|r20=0.999|c_ma120=0.998|vr20=0.893|days_since_lu=0.016|dt_ratio20=NaN|lend_to_v=0.074|rev_yoy=0.839|o_turn=0.995|o_log_mcap=0.905|o_lu_follow=0.942,"官方日成交結構(MI_INDEX/dailyQuotes)=1|發行股數(MI_QFIIS/dailyQuotes)=1|外資持股(MI_QFIIS,僅上市)=1|自營商(T86/上櫃三大法人)=1|當沖(TWTB4U/上櫃intraday)=1|季財報(MOPS t163sb04)=1|月營收(MOPS/openapi)=1|官方產業別(MOPS t05st03)=1|融資券(MI_MARGN)=1|借券(TWT93U)=1|法人(T86)=1",860,inf,250.0,official_prepanel,189473.66,3789.0,0.0,0.0,0,1,2.57,3.427,9.67,208679.0,0,未扣成本·事後欄位以 m_ 標示·非投資建議
HC,1,2026-01-27,2026-01-28,6588,東典光電,TPEx,M,,,M0@10,1,915,命中,114,-1.124347,,atr14=0.924|n_lu_250=0.851|r20=0.674|c_ma120=0.954|vr20=0.932|days_since_lu=0.142|dt_ratio20=NaN|lend_to_v=0.173|rev_yoy=0.671|o_turn=0.961|o_log_mcap=0.043|o_lu_follow=0.822,"官方日成交結構(MI_INDEX/dailyQuotes)=1|發行股數(MI_QFIIS/dailyQuotes)=1|外資持股(MI_QFIIS,僅上市)=0|自營商(T86/上櫃三大法人)=1|當沖(TWTB4U/上櫃intraday)=1|季財報(MOPS t163sb04)=1|月營收(MOPS/openapi)=1|官方產業別(MOPS t05st03)=1|融資券(MI_MARGN)=1|借券(TWT93U)=1|法人(T86)=1",860,inf,250.0,official_prepanel,1123.85,22.0,0.0,0.0,0,1,8.544,28.155,63.495,4633.0,0,未扣成本·事後欄位以 m_ 標示·非投資建議
HC,1,2026-02-02,2026-02-03,3138,耀登,TWSE,M,,,M0@10,4,946,命中,65,-1.732233,,atr14=0.911|n_lu_250=0.699|r20=0.994|c_ma120=0.979|vr20=0.949|days_since_lu=0.252|dt_ratio20=NaN|lend_to_v=0.119|rev_yoy=0.771|o_turn=0.989|o_log_mcap=0.412|o_lu_follow=0.916,"官方日成交結構(MI_INDEX/dailyQuotes)=1|發行股數(MI_QFIIS/dailyQuotes)=1|外資持股(MI_QFIIS,僅上市)=1|自營商(T86/上櫃三大法人)=1|當沖(TWTB4U/上櫃intraday)=1|季財報(MOPS t163sb04)=1|月營收(MOPS/openapi)=1|官方產業別(MOPS t05st03)=1|融資券(MI_MARGN)=1|借券(TWT93U)=1|法人(T86)=1",864,inf,250.0,official_prepanel,2933.9,58.0,0.0,0.0,0,1,5.263,2.924,5.263,4508.0,0,未扣成本·事後欄位以 m_ 標示·非投資建議
HC,1,2026-02-03,2026-02-04,6152,百一,TWSE,M,,,M0@10,2,935,命中,36,-1.341219,,atr14=0.971|n_lu_250=0.814|r20=0.963|c_ma120=0.946|vr20=0.531|days_since_lu=0.179|dt_ratio20=NaN|lend_to_v=0.015|rev_yoy=0.289|o_turn=0.768|o_log_mcap=0.088|o_lu_follow=0.859,"官方日成交結構(MI_INDEX/dailyQuotes)=1|發行股數(MI_QFIIS/dailyQuotes)=1|外資持股(MI_QFIIS,僅上市)=1|自營商(T86/上櫃三大法人)=1|當沖(TWTB4U/上櫃intraday)=0|季財報(MOPS t163sb04)=1|月營收(MOPS/openapi)=1|官方產業別(MOPS t05st03)=1|融資券(MI_MARGN)=1|借券(TWT93U)=1|法人(T86)=1",865,inf,250.0,official_prepanel,3542.65,70.0,0.0,0.0,0,1,10.266,12.928,38.783,7065.0,0,未扣成本·事後欄位以 m_ 標示·非投資建議
HC,1,2026-02-05,2026-02-06,3550,聯穎,TWSE,M,,,M0@10,7,953,命中,161,-1.387885,,atr14=0.832|n_lu_250=0.531|r20=0.892|c_ma120=0.861|vr20=0.834|days_since_lu=0.369|dt_ratio20=0.855|lend_to_v=0.154|rev_yoy=0.418|o_turn=0.888|o_log_mcap=0.056|o_lu_follow=0.160,"官方日成交結構(MI_INDEX/dailyQuotes)=1|發行股數(MI_QFIIS/dailyQuotes)=1|外資持股(MI_QFIIS,僅上市)=1|自營商(T86/上櫃三大法人)=1|當沖(TWTB4U/上櫃intraday)=1|季財報(MOPS t163sb04)=1|月營收(MOPS/openapi)=1|官方產業別(MOPS t05st03)=1|融資券(MI_MARGN)=1|借券(TWT93U)=1|法人(T86)=1",867,inf,250.0,official_prepanel,2960.15,59.0,0.0,0.0,0,1,9.971,11.144,5.572,14599.0,0,未扣成本·事後欄位以 m_ 標示·非投資建議
HC,1,2026-02-11,2026-02-23,4534,慶騰,TPEx,M,,,M0@10,2,958,命中,17,-1.289514,,atr14=0.965|n_lu_250=0.933|r20=0.990|c_ma120=0.918|vr20=0.264|days_since_lu=0.157|dt_ratio20=NaN|lend_to_v=0.019|rev_yoy=0.535|o_turn=0.697|o_log_mcap=0.061|o_lu_follow=0.804,"官方日成交結構(MI_INDEX/dailyQuotes)=1|發行股數(MI_QFIIS/dailyQuotes)=1|外資持股(MI_QFIIS,僅上市)=0|自營商(T86/上櫃三大法人)=1|當沖(TWTB4U/上櫃intraday)=0|季財報(MOPS t163sb04)=1|月營收(MOPS/openapi)=1|官方產業別(MOPS t05st03)=1|融資券(MI_MARGN)=1|借券(TWT93U)=1|法人(T86)=1",871,inf,250.0,official_prepanel,1846.75,36.0,0.0,0.0,1,0,0.0,30.126,9.205,362.0,0,未扣成本·事後欄位以 m_ 標示·非投資建議
HC,1,2026-02-11,2026-02-23,4577,達航科技,TPEx,M,,,M0@10,6,958,命中,24,-1.773712,,atr14=0.922|n_lu_250=0.997|r20=0.901|c_ma120=0.931|vr20=0.789|days_since_lu=0.084|dt_ratio20=NaN|lend_to_v=0.050|rev_yoy=0.513|o_turn=0.965|o_log_mcap=0.152|o_lu_follow=0.934,"官方日成交結構(MI_INDEX/dailyQuotes)=1|發行股數(MI_QFIIS/dailyQuotes)=1|外資持股(MI_QFIIS,僅上市)=0|自營商(T86/上櫃三大法人)=1|當沖(TWTB4U/上櫃intraday)=1|季財報(MOPS t163sb04)=1|月營收(MOPS/openapi)=1|官方產業別(MOPS t05st03)=1|融資券(MI_MARGN)=1|借券(TWT93U)=1|法人(T86)=1",871,inf,250.0,official_prepanel,2508.7,50.0,0.0,0.0,0,1,9.045,59.129,41.039,3228.0,0,未扣成本·事後欄位以 m_ 標示·非投資建議
HC,1,2026-02-23,2026-02-24,5291,邑昇,TPEx,M,,,M0@10,1,917,命中,119,-1.147115,,atr14=0.989|n_lu_250=0.764|r20=0.576|c_ma120=0.957|vr20=0.774|days_since_lu=0.067|dt_ratio20=NaN|lend_to_v=0.054|rev_yoy=0.695|o_turn=0.981|o_log_mcap=0.039|o_lu_follow=0.972,"官方日成交結構(MI_INDEX/dailyQuotes)=1|發行股數(MI_QFIIS/dailyQuotes)=1|外資持股(MI_QFIIS,僅上市)=0|自營商(T86/上櫃三大法人)=1|當沖(TWTB4U/上櫃intraday)=1|季財報(MOPS t163sb04)=1|月營收(MOPS/openapi)=1|官方產業別(MOPS t05st03)=1|融資券(MI_MARGN)=1|借券(TWT93U)=1|法人(T86)=1",872,inf,250.0,official_prepanel,2068.4,41.0,0.0,0.0,0,1,10.5,37.0,29.5,4987.0,0,未扣成本·事後欄位以 m_ 標示·非投資建議
HC,1,2026-02-24,2026-02-25,3092,鴻碩,TWSE,M,,,M0@10,6,931,命中,114,-1.459263,,atr14=0.893|n_lu_250=0.925|r20=0.546|c_ma120=0.953|vr20=0.970|days_since_lu=0.016|dt_ratio20=0.667|lend_to_v=0.427|rev_yoy=0.174|o_turn=0.897|o_log_mcap=0.140|o_lu_follow=0.941,"官方日成交結構(MI_INDEX/dailyQuotes)=1|發行股數(MI_QFIIS/dailyQuotes)=1|外資持股(MI_QFIIS,僅上市)=1|自營商(T86/上櫃三大法人)=1|當沖(TWTB4U/上櫃intraday)=1|季財報(MOPS t163sb04)=1|月營收(MOPS/openapi)=1|官方產業別(MOPS t05st03)=1|融資券(MI_MARGN)=1|借券(TWT93U)=1|法人(T86)=1",873,inf,250.0,official_prepanel,1190.0,23.0,0.0,0.0,0,1,8.534,38.404,18.738,3874.0,0,未扣成本·事後欄位以 m_ 標示·非投資建議
HC,1,2026-02-26,2026-03-02,2485,兆赫,TWSE,M,,,M0@10,3,892,命中,10,-1.108673,,atr14=0.992|n_lu_250=0.971|r20=0.946|c_ma120=0.993|vr20=0.859|days_since_lu=0.108|dt_ratio20=NaN|lend_to_v=0.086|rev_yoy=0.942|o_turn=0.999|o_log_mcap=0.568|o_lu_follow=0.948,"官方日成交結構(MI_INDEX/dailyQuotes)=1|發行股數(MI_QFIIS/dailyQuotes)=1|外資持股(MI_QFIIS,僅上市)=1|自營商(T86/上櫃三大法人)=1|當沖(TWTB4U/上櫃intraday)=1|季財報(MOPS t163sb04)=1|月營收(MOPS/openapi)=1|官方產業別(MOPS t05st03)=1|融資券(MI_MARGN)=1|借券(TWT93U)=1|法人(T86)=1",875,inf,250.0,official_prepanel,44107.75,882.0,0.0,2.0,0,1,16.608,32.391,46.054,50820.0,0,未扣成本·事後欄位以 m_ 標示·非投資建議
HC,1,2026-03-10,2026-03-11,3555,博士旺,TPEx,M,,,M0@10,1,863,命中,22,-0.815294,,atr14=0.931|n_lu_250=0.997|r20=0.974|c_ma120=0.986|vr20=0.456|days_since_lu=0.105|dt_ratio20=NaN|lend_to_v=0.041|rev_yoy=0.995|o_turn=0.704|o_log_mcap=0.250|o_lu_follow=0.996,"官方日成交結構(MI_INDEX/dailyQuotes)=1|發行股數(MI_QFIIS/dailyQuotes)=1|外資持股(MI_QFIIS,僅上市)=0|自營商(T86/上櫃三大法人)=1|當沖(TWTB4U/上櫃intraday)=1|季財報(MOPS t163sb04)=1|月營收(MOPS/openapi)=1|官方產業別(MOPS t05st03)=1|融資券(MI_MARGN)=1|借券(TWT93U)=1|法人(T86)=1",882,inf,250.0,official_prepanel,540.8,10.0,0.0,0.0,1,0,0.0,38.29,23.42,222.0,0,未扣成本·事後欄位以 m_ 標示·非投資建議
HC,1,2026-03-10,2026-03-11,4542,科嶠,TPEx,M,,,M0@10,4,863,命中,15,-1.101058,,atr14=0.980|n_lu_250=0.943|r20=0.997|c_ma120=0.997|vr20=0.618|days_since_lu=0.105|dt_ratio20=NaN|lend_to_v=0.047|rev_yoy=0.894|o_turn=0.958|o_log_mcap=0.242|o_lu_follow=0.932,"官方日成交結構(MI_INDEX/dailyQuotes)=1|發行股數(MI_QFIIS/dailyQuotes)=1|外資持股(MI_QFIIS,僅上市)=0|自營商(T86/上櫃三大法人)=1|當沖(TWTB4U/上櫃intraday)=1|季財報(MOPS t163sb04)=1|月營收(MOPS/openapi)=1|官方產業別(MOPS t05st03)=1|融資券(MI_MARGN)=1|借券(TWT93U)=1|法人(T86)=1",882,inf,250.0,official_prepanel,1887.2,37.0,0.0,0.0,0,1,9.428,23.232,18.855,1588.0,0,未扣成本·事後欄位以 m_ 標示·非投資建議
HC,1,2026-03-10,2026-03-11,4949,有成精密,TWSE,M,,,M0@10,2,863,命中,56,-1.080843,,atr14=0.802|n_lu_250=0.992|r20=0.937|c_ma120=0.947|vr20=0.851|days_since_lu=0.193|dt_ratio20=0.842|lend_to_v=0.146|rev_yoy=0.643|o_turn=0.948|o_log_mcap=0.157|o_lu_follow=0.980,"官方日成交結構(MI_INDEX/dailyQuotes)=1|發行股數(MI_QFIIS/dailyQuotes)=1|外資持股(MI_QFIIS,僅上市)=1|自營商(T86/上櫃三大法人)=1|當沖(TWTB4U/上櫃intraday)=1|季財報(MOPS t163sb04)=1|月營收(MOPS/openapi)=1|官方產業別(MOPS t05st03)=1|融資券(MI_MARGN)=1|借券(TWT93U)=1|法人(T86)=1",444,444.0,250.0,official,2072.3,41.0,0.0,0.0,0,1,2.909,20.727,10.909,7773.0,0,未扣成本·事後欄位以 m_ 標示·非投資建議
HC,1,2026-03-10,2026-03-11,8271,宇瞻,TWSE,M,,,M0@10,8,863,命中,85,-1.516833,,atr14=0.799|n_lu_250=0.888|r20=0.916|c_ma120=0.955|vr20=0.977|days_since_lu=0.176|dt_ratio20=0.985|lend_to_v=0.120|rev_yoy=0.955|o_turn=0.996|o_log_mcap=0.609|o_lu_follow=0.923,"官方日成交結構(MI_INDEX/dailyQuotes)=1|發行股數(MI_QFIIS/dailyQuotes)=1|外資持股(MI_QFIIS,僅上市)=1|自營商(T86/上櫃三大法人)=1|當沖(TWTB4U/上櫃intraday)=1|季財報(MOPS t163sb04)=1|月營收(MOPS/openapi)=1|官方產業別(MOPS t05st03)=1|融資券(MI_MARGN)=1|借券(TWT93U)=1|法人(T86)=1",882,inf,250.0,official_prepanel,8125.9,162.0,0.0,0.0,0,1,4.727,35.273,11.636,18573.0,0,未扣成本·事後欄位以 m_ 標示·非投資建議
HC,1,2026-03-11,2026-03-12,4956,光鋐,TWSE,M,,,M0@10,6,832,命中,100,-1.540691,,atr14=0.925|n_lu_250=0.657|r20=0.874|c_ma120=0.898|vr20=0.373|days_since_lu=0.008|dt_ratio20=0.994|lend_to_v=0.174|rev_yoy=0.414|o_turn=0.954|o_log_mcap=0.087|o_lu_follow=0.807,"官方日成交結構(MI_INDEX/dailyQuotes)=1|發行股數(MI_QFIIS/dailyQuotes)=1|外資持股(MI_QFIIS,僅上市)=1|自營商(T86/上櫃三大法人)=1|當沖(TWTB4U/上櫃intraday)=1|季財報(MOPS t163sb04)=1|月營收(MOPS/openapi)=1|官方產業別(MOPS t05st03)=1|融資券(MI_MARGN)=1|借券(TWT93U)=1|法人(T86)=1",883,inf,250.0,official_prepanel,6350.3,127.0,0.0,0.0,0,1,10.078,23.062,44.186,9169.0,0,未扣成本·事後欄位以 m_ 標示·非投資建議
HC,1,2026-03-11,2026-03-12,6727,亞泰金屬,TPEx,M,,,M0@10,8,832,命中,32,-1.56606,,atr14=0.968|n_lu_250=0.944|r20=0.967|c_ma120=0.870|vr20=0.779|days_since_lu=0.118|dt_ratio20=NaN|lend_to_v=0.044|rev_yoy=0.981|o_turn=0.983|o_log_mcap=0.281|o_lu_follow=0.980,"官方日成交結構(MI_INDEX/dailyQuotes)=1|發行股數(MI_QFIIS/dailyQuotes)=1|外資持股(MI_QFIIS,僅上市)=0|自營商(T86/上櫃三大法人)=1|當沖(TWTB4U/上櫃intraday)=1|季財報(MOPS t163sb04)=1|月營收(MOPS/openapi)=1|官方產業別(MOPS t05st03)=1|融資券(MI_MARGN)=1|借券(TWT93U)=1|法人(T86)=1",883,inf,250.0,official_prepanel,1528.95,30.0,0.0,0.0,0,1,10.981,35.514,30.14,3582.0,0,未扣成本·事後欄位以 m_ 標示·非投資建議
HC,1,2026-03-13,2026-03-16,5351,鈺創,TPEx,M,,,M0@10,7,858,命中,77,-1.436265,,atr14=0.884|n_lu_250=0.916|r20=0.870|c_ma120=0.942|vr20=0.949|days_since_lu=0.109|dt_ratio20=NaN|lend_to_v=0.175|rev_yoy=0.981|o_turn=0.987|o_log_mcap=0.651|o_lu_follow=0.696,"官方日成交結構(MI_INDEX/dailyQuotes)=1|發行股數(MI_QFIIS/dailyQuotes)=1|外資持股(MI_QFIIS,僅上市)=0|自營商(T86/上櫃三大法人)=1|當沖(TWTB4U/上櫃intraday)=1|季財報(MOPS t163sb04)=1|月營收(MOPS/openapi)=1|官方產業別(MOPS t05st03)=1|融資券(MI_MARGN)=1|借券(TWT93U)=1|法人(T86)=1",885,inf,250.0,official_prepanel,15893.55,317.0,0.0,0.0,0,1,6.212,20.455,7.576,48432.0,0,未扣成本·事後欄位以 m_ 標示·非投資建議
HC,1,2026-03-16,2026-03-17,3508,位速,TPEx,M,,,M0@10,2,857,命中,36,-1.164622,,atr14=0.967|n_lu_250=0.947|r20=0.946|c_ma120=0.962|vr20=0.681|days_since_lu=0.030|dt_ratio20=NaN|lend_to_v=0.017|rev_yoy=0.031|o_turn=0.904|o_log_mcap=0.170|o_lu_follow=0.994,"官方日成交結構(MI_INDEX/dailyQuotes)=1|發行股數(MI_QFIIS/dailyQuotes)=1|外資持股(MI_QFIIS,僅上市)=0|自營商(T86/上櫃三大法人)=1|當沖(TWTB4U/上櫃intraday)=0|季財報(MOPS t163sb04)=1|月營收(MOPS/openapi)=1|官方產業別(MOPS t05st03)=1|融資券(MI_MARGN)=1|借券(TWT93U)=1|法人(T86)=1",886,inf,250.0,official_prepanel,2924.0,58.0,0.0,1.0,0,1,3.095,2.738,0.119,6419.0,0,未扣成本·事後欄位以 m_ 標示·非投資建議
HC,1,2026-03-18,2026-03-19,6588,東典光電,TPEx,M,,,M0@10,6,874,命中,11,-1.113519,,atr14=0.995|n_lu_250=0.985|r20=0.928|c_ma120=0.989|vr20=0.993|days_since_lu=0.016|dt_ratio20=NaN|lend_to_v=0.070|rev_yoy=0.652|o_turn=0.987|o_log_mcap=0.122|o_lu_follow=0.947,"官方日成交結構(MI_INDEX/dailyQuotes)=1|發行股數(MI_QFIIS/dailyQuotes)=1|外資持股(MI_QFIIS,僅上市)=0|自營商(T86/上櫃三大法人)=1|當沖(TWTB4U/上櫃intraday)=1|季財報(MOPS t163sb04)=1|月營收(MOPS/openapi)=1|官方產業別(MOPS t05st03)=1|融資券(MI_MARGN)=1|借券(TWT93U)=1|法人(T86)=1",888,inf,250.0,official_prepanel,1140.05,22.0,0.0,1.0,0,1,9.071,15.301,44.809,2797.0,0,未扣成本·事後欄位以 m_ 標示·非投資建議
HC,1,2026-03-31,2026-04-01,6830,汎銓,TWSE,M,,,M0@10,8,896,命中,26,-1.244937,,atr14=0.927|n_lu_250=0.890|r20=0.992|c_ma120=0.998|vr20=0.973|days_since_lu=0.035|dt_ratio20=NaN|lend_to_v=0.176|rev_yoy=0.791|o_turn=0.994|o_log_mcap=0.676|o_lu_follow=0.925,"官方日成交結構(MI_INDEX/dailyQuotes)=1|發行股數(MI_QFIIS/dailyQuotes)=1|外資持股(MI_QFIIS,僅上市)=1|自營商(T86/上櫃三大法人)=1|當沖(TWTB4U/上櫃intraday)=1|季財報(MOPS t163sb04)=1|月營收(MOPS/openapi)=1|官方產業別(MOPS t05st03)=1|融資券(MI_MARGN)=1|借券(TWT93U)=1|法人(T86)=1",865,865.0,250.0,official,2819.75,56.0,0.0,0.0,0,1,1.782,28.511,59.647,2985.0,0,未扣成本·事後欄位以 m_ 標示·非投資建議
HC,2,2026-04-07,2026-04-08,6141,柏承,TWSE,M,,,M0@10,2,877,命中,39,-0.730268,,atr14=0.997|n_lu_250=0.892|r20=0.874|c_ma120=0.966|vr20=0.794|days_since_lu=0.222|dt_ratio20=NaN|lend_to_v=0.019|rev_yoy=0.240|o_turn=0.875|o_log_mcap=0.076|o_lu_follow=0.998,"官方日成交結構(MI_INDEX/dailyQuotes)=1|發行股數(MI_QFIIS/dailyQuotes)=1|外資持股(MI_QFIIS,僅上市)=1|自營商(T86/上櫃三大法人)=1|當沖(TWTB4U/上櫃intraday)=0|季財報(MOPS t163sb04)=1|月營收(MOPS/openapi)=1|官方產業別(MOPS t05st03)=1|融資券(MI_MARGN)=1|借券(TWT93U)=1|法人(T86)=1",900,inf,250.0,official_prepanel,2172.9,43.0,0.0,0.0,0,1,10.886,18.987,76.962,2224.0,0,未扣成本·事後欄位以 m_ 標示·非投資建議
HC,2,2026-04-07,2026-04-08,6226,光鼎,TWSE,M,,,M0@10,5,877,命中,25,-0.922293,,atr14=0.982|n_lu_250=0.914|r20=0.960|c_ma120=0.931|vr20=0.719|days_since_lu=0.159|dt_ratio20=NaN|lend_to_v=0.019|rev_yoy=0.342|o_turn=0.856|o_log_mcap=0.015|o_lu_follow=0.993,"官方日成交結構(MI_INDEX/dailyQuotes)=1|發行股數(MI_QFIIS/dailyQuotes)=1|外資持股(MI_QFIIS,僅上市)=1|自營商(T86/上櫃三大法人)=1|當沖(TWTB4U/上櫃intraday)=0|季財報(MOPS t163sb04)=1|月營收(MOPS/openapi)=1|官方產業別(MOPS t05st03)=1|融資券(MI_MARGN)=1|借券(TWT93U)=1|法人(T86)=1",900,inf,250.0,official_prepanel,2875.55,57.0,0.0,0.0,0,1,3.797,5.907,23.207,1045.0,0,未扣成本·事後欄位以 m_ 標示·非投資建議
HC,2,2026-04-08,2026-04-09,3054,立萬利,TWSE,M,,,M0@10,7,835,命中,15,-0.91513,,atr14=0.998|n_lu_250=0.951|r20=0.917|c_ma120=0.984|vr20=0.894|days_since_lu=0.047|dt_ratio20=NaN|lend_to_v=0.049|rev_yoy=0.989|o_turn=0.753|o_log_mcap=0.246|o_lu_follow=0.998,"官方日成交結構(MI_INDEX/dailyQuotes)=1|發行股數(MI_QFIIS/dailyQuotes)=1|外資持股(MI_QFIIS,僅上市)=1|自營商(T86/上櫃三大法人)=1|當沖(TWTB4U/上櫃intraday)=1|季財報(MOPS t163sb04)=1|月營收(MOPS/openapi)=1|官方產業別(MOPS t05st03)=1|融資券(MI_MARGN)=1|借券(TWT93U)=1|法人(T86)=1",901,inf,250.0,official_prepanel,664.2,13.0,0.0,0.0,1,0,0.0,-2.632,5.263,259.0,0,未扣成本·事後欄位以 m_ 標示·非投資建議
HC,2,2026-04-08,2026-04-09,4949,有成精密,TWSE,M,,,M0@10,1,835,命中,9,-0.547742,,atr14=0.971|n_lu_250=0.987|r20=0.974|c_ma120=0.975|vr20=0.268|days_since_lu=0.087|dt_ratio20=0.948|lend_to_v=0.056|rev_yoy=0.843|o_turn=0.936|o_log_mcap=0.229|o_lu_follow=0.924,"官方日成交結構(MI_INDEX/dailyQuotes)=1|發行股數(MI_QFIIS/dailyQuotes)=1|外資持股(MI_QFIIS,僅上市)=1|自營商(T86/上櫃三大法人)=1|當沖(TWTB4U/上櫃intraday)=1|季財報(MOPS t163sb04)=1|月營收(MOPS/openapi)=1|官方產業別(MOPS t05st03)=1|融資券(MI_MARGN)=1|借券(TWT93U)=1|法人(T86)=1",463,463.0,250.0,official,6413.1,128.0,0.0,1.0,0,1,10.315,27.507,31.662,7551.0,0,未扣成本·事後欄位以 m_ 標示·非投資建議
HC,2,2026-04-09,2026-04-10,6426,統新,TWSE,M,,,M0@10,3,859,命中,16,-0.50577,,atr14=0.961|n_lu_250=0.964|r20=0.982|c_ma120=0.975|vr20=0.917|days_since_lu=0.079|dt_ratio20=NaN|lend_to_v=0.078|rev_yoy=0.617|o_turn=0.976|o_log_mcap=0.327|o_lu_follow=0.936,"官方日成交結構(MI_INDEX/dailyQuotes)=1|發行股數(MI_QFIIS/dailyQuotes)=1|外資持股(MI_QFIIS,僅上市)=1|自營商(T86/上櫃三大法人)=1|當沖(TWTB4U/上櫃intraday)=1|季財報(MOPS t163sb04)=1|月營收(MOPS/openapi)=1|官方產業別(MOPS t05st03)=1|融資券(MI_MARGN)=1|借券(TWT93U)=1|法人(T86)=1",902,inf,250.0,official_prepanel,2231.1,44.0,0.0,0.0,0,1,4.787,9.84,27.394,5452.0,0,未扣成本·事後欄位以 m_ 標示·非投資建議
HC,2,2026-04-13,2026-04-14,4956,光鋐,TWSE,M,,,M0@10,1,814,命中,76,-0.352323,,atr14=0.936|n_lu_250=0.759|r20=0.969|c_ma120=0.966|vr20=0.308|days_since_lu=0.236|dt_ratio20=0.997|lend_to_v=0.072|rev_yoy=0.526|o_turn=0.974|o_log_mcap=0.158|o_lu_follow=0.848,"官方日成交結構(MI_INDEX/dailyQuotes)=1|發行股數(MI_QFIIS/dailyQuotes)=1|外資持股(MI_QFIIS,僅上市)=1|自營商(T86/上櫃三大法人)=1|當沖(TWTB4U/上櫃intraday)=1|季財報(MOPS t163sb04)=1|月營收(MOPS/openapi)=1|官方產業別(MOPS t05st03)=1|融資券(MI_MARGN)=1|借券(TWT93U)=1|法人(T86)=1",904,inf,250.0,official_prepanel,15966.5,319.0,0.0,2.0,0,1,4.5,36.75,15.0,26551.0,0,未扣成本·事後欄位以 m_ 標示·非投資建議
HC,2,2026-04-14,2026-04-15,3339,泰谷,TPEx,M,,,M0@10,6,843,命中,45,-0.861018,,atr14=0.954|n_lu_250=0.827|r20=0.993|c_ma120=0.977|vr20=0.812|days_since_lu=0.024|dt_ratio20=NaN|lend_to_v=0.051|rev_yoy=0.844|o_turn=0.995|o_log_mcap=0.145|o_lu_follow=0.703,"官方日成交結構(MI_INDEX/dailyQuotes)=1|發行股數(MI_QFIIS/dailyQuotes)=1|外資持股(MI_QFIIS,僅上市)=0|自營商(T86/上櫃三大法人)=1|當沖(TWTB4U/上櫃intraday)=1|季財報(MOPS t163sb04)=1|月營收(MOPS/openapi)=1|官方產業別(MOPS t05st03)=1|融資券(MI_MARGN)=1|借券(TWT93U)=1|法人(T86)=1",905,inf,250.0,official_prepanel,8033.95,160.0,0.0,2.0,0,1,5.138,31.009,-3.67,7924.0,0,未扣成本·事後欄位以 m_ 標示·非投資建議
HC,2,2026-04-16,2026-04-17,3437,榮創,TWSE,M,,,M0@10,2,838,命中,121,-0.580221,,atr14=0.935|n_lu_250=0.897|r20=0.669|c_ma120=0.935|vr20=0.955|days_since_lu=0.016|dt_ratio20=NaN|lend_to_v=0.209|rev_yoy=0.096|o_turn=0.973|o_log_mcap=0.147|o_lu_follow=0.915,"官方日成交結構(MI_INDEX/dailyQuotes)=1|發行股數(MI_QFIIS/dailyQuotes)=1|外資持股(MI_QFIIS,僅上市)=1|自營商(T86/上櫃三大法人)=1|當沖(TWTB4U/上櫃intraday)=1|季財報(MOPS t163sb04)=1|月營收(MOPS/openapi)=1|官方產業別(MOPS t05st03)=1|融資券(MI_MARGN)=1|借券(TWT93U)=1|法人(T86)=1",907,inf,250.0,official_prepanel,5026.75,100.0,0.0,0.0,0,1,11.934,0.617,9.259,14368.0,0,未扣成本·事後欄位以 m_ 標示·非投資建議
HC,2,2026-04-21,2026-04-22,6234,高僑,TPEx,M,,,M0@10,5,816,命中,218,-0.86552,,atr14=0.703|n_lu_250=0.695|r20=0.873|c_ma120=0.855|vr20=0.742|days_since_lu=0.135|dt_ratio20=NaN|lend_to_v=0.158|rev_yoy=0.873|o_turn=0.843|o_log_mcap=0.134|o_lu_follow=0.883,"官方日成交結構(MI_INDEX/dailyQuotes)=1|發行股數(MI_QFIIS/dailyQuotes)=1|外資持股(MI_QFIIS,僅上市)=0|自營商(T86/上櫃三大法人)=1|當沖(TWTB4U/上櫃intraday)=1|季財報(MOPS t163sb04)=1|月營收(MOPS/openapi)=1|官方產業別(MOPS t05st03)=1|融資券(MI_MARGN)=1|借券(TWT93U)=1|法人(T86)=1",910,inf,250.0,official_prepanel,2346.85,46.0,0.0,0.0,0,1,7.444,22.753,62.921,8964.0,0,未扣成本·事後欄位以 m_ 標示·非投資建議
HC,2,2026-05-04,2026-05-05,4741,泓瀚,TPEx,M,,,M0@10,3,885,命中,36,-0.841467,,atr14=0.997|n_lu_250=0.864|r20=0.935|c_ma120=0.970|vr20=0.569|days_since_lu=0.050|dt_ratio20=NaN|lend_to_v=0.079|rev_yoy=0.472|o_turn=0.901|o_log_mcap=0.050|o_lu_follow=0.919,"官方日成交結構(MI_INDEX/dailyQuotes)=1|發行股數(MI_QFIIS/dailyQuotes)=1|外資持股(MI_QFIIS,僅上市)=0|自營商(T86/上櫃三大法人)=1|當沖(TWTB4U/上櫃intraday)=1|季財報(MOPS t163sb04)=1|月營收(MOPS/openapi)=1|官方產業別(MOPS t05st03)=1|融資券(MI_MARGN)=1|借券(TWT93U)=1|法人(T86)=1",918,inf,250.0,official_prepanel,1264.55,25.0,0.0,0.0,0,1,7.88,15.572,9.944,2016.0,0,未扣成本·事後欄位以 m_ 標示·非投資建議
HC,2,2026-05-06,2026-05-07,6727,亞泰金屬,TPEx,M,,,M0@10,4,945,命中,83,-1.011246,,atr14=0.989|n_lu_250=0.960|r20=0.697|c_ma120=0.953|vr20=0.981|days_since_lu=0.016|dt_ratio20=NaN|lend_to_v=0.058|rev_yoy=0.730|o_turn=0.989|o_log_mcap=0.476|o_lu_follow=0.962,"官方日成交結構(MI_INDEX/dailyQuotes)=1|發行股數(MI_QFIIS/dailyQuotes)=1|外資持股(MI_QFIIS,僅上市)=0|自營商(T86/上櫃三大法人)=1|當沖(TWTB4U/上櫃intraday)=1|季財報(MOPS t163sb04)=1|月營收(MOPS/openapi)=1|官方產業別(MOPS t05st03)=1|融資券(MI_MARGN)=1|借券(TWT93U)=1|法人(T86)=1",920,inf,250.0,official_prepanel,1271.0,25.0,0.0,0.0,0,1,9.952,28.297,19.065,4112.0,0,未扣成本·事後欄位以 m_ 標示·非投資建議
HC,2,2026-05-08,2026-05-11,3135,凌航,TWSE,M,,,M0@10,10,971,命中,57,-1.29171,,atr14=0.844|n_lu_250=0.981|r20=0.974|c_ma120=0.956|vr20=0.784|days_since_lu=0.111|dt_ratio20=0.883|lend_to_v=0.047|rev_yoy=0.940|o_turn=0.981|o_log_mcap=0.538|o_lu_follow=0.822,"官方日成交結構(MI_INDEX/dailyQuotes)=1|發行股數(MI_QFIIS/dailyQuotes)=1|外資持股(MI_QFIIS,僅上市)=1|自營商(T86/上櫃三大法人)=1|當沖(TWTB4U/上櫃intraday)=1|季財報(MOPS t163sb04)=1|月營收(MOPS/openapi)=1|官方產業別(MOPS t05st03)=1|融資券(MI_MARGN)=0|借券(TWT93U)=1|法人(T86)=1",181,181.0,181.0,official,7398.6,147.0,0.0,1.0,1,0,0.0,11.054,8.74,2046.0,0,未扣成本·事後欄位以 m_ 標示·非投資建議
HC,2,2026-05-08,2026-05-11,4973,廣穎,TPEx,M,,,M0@10,8,971,命中,43,-1.069549,,atr14=0.837|n_lu_250=0.981|r20=0.943|c_ma120=0.972|vr20=0.854|days_since_lu=0.189|dt_ratio20=NaN|lend_to_v=0.053|rev_yoy=0.912|o_turn=0.997|o_log_mcap=0.315|o_lu_follow=0.955,"官方日成交結構(MI_INDEX/dailyQuotes)=1|發行股數(MI_QFIIS/dailyQuotes)=1|外資持股(MI_QFIIS,僅上市)=0|自營商(T86/上櫃三大法人)=1|當沖(TWTB4U/上櫃intraday)=1|季財報(MOPS t163sb04)=1|月營收(MOPS/openapi)=1|官方產業別(MOPS t05st03)=1|融資券(MI_MARGN)=1|借券(TWT93U)=1|法人(T86)=1",922,inf,250.0,official_prepanel,8257.25,165.0,0.0,0.0,0,1,3.302,10.377,8.491,5391.0,0,未扣成本·事後欄位以 m_ 標示·非投資建議
HC,2,2026-05-15,2026-05-18,3615,安可,TPEx,M,,,M0@10,3,970,命中,155,-0.999734,,atr14=0.872|n_lu_250=0.788|r20=0.840|c_ma120=0.822|vr20=0.957|days_since_lu=0.039|dt_ratio20=NaN|lend_to_v=0.127|rev_yoy=0.055|o_turn=0.995|o_log_mcap=0.117|o_lu_follow=0.288,"官方日成交結構(MI_INDEX/dailyQuotes)=1|發行股數(MI_QFIIS/dailyQuotes)=1|外資持股(MI_QFIIS,僅上市)=0|自營商(T86/上櫃三大法人)=1|當沖(TWTB4U/上櫃intraday)=1|季財報(MOPS t163sb04)=1|月營收(MOPS/openapi)=1|官方產業別(MOPS t05st03)=1|融資券(MI_MARGN)=1|借券(TWT93U)=1|法人(T86)=1",927,inf,250.0,official_prepanel,4619.9,92.0,0.0,0.0,0,1,7.339,24.64,28.834,15331.0,0,未扣成本·事後欄位以 m_ 標示·非投資建議
HC,2,2026-05-20,2026-05-21,3236,千如,TPEx,M,,,M0@10,7,965,命中,90,-1.037517,,atr14=0.807|n_lu_250=0.821|r20=0.955|c_ma120=0.883|vr20=0.981|days_since_lu=0.088|dt_ratio20=NaN|lend_to_v=0.098|rev_yoy=0.768|o_turn=0.996|o_log_mcap=0.243|o_lu_follow=0.487,"官方日成交結構(MI_INDEX/dailyQuotes)=1|發行股數(MI_QFIIS/dailyQuotes)=1|外資持股(MI_QFIIS,僅上市)=0|自營商(T86/上櫃三大法人)=1|當沖(TWTB4U/上櫃intraday)=1|季財報(MOPS t163sb04)=1|月營收(MOPS/openapi)=1|官方產業別(MOPS t05st03)=1|融資券(MI_MARGN)=1|借券(TWT93U)=1|法人(T86)=1",930,inf,250.0,official_prepanel,9448.15,188.0,0.0,2.0,0,1,5.349,24.236,17.904,18367.0,0,未扣成本·事後欄位以 m_ 標示·非投資建議
HC,2,2026-05-20,2026-05-21,8289,泰藝,TPEx,M,,,M0@10,1,965,命中,160,-0.67561,,atr14=0.889|n_lu_250=0.893|r20=0.532|c_ma120=0.967|vr20=0.895|days_since_lu=0.105|dt_ratio20=NaN|lend_to_v=0.173|rev_yoy=0.209|o_turn=0.958|o_log_mcap=0.201|o_lu_follow=0.495,"官方日成交結構(MI_INDEX/dailyQuotes)=1|發行股數(MI_QFIIS/dailyQuotes)=1|外資持股(MI_QFIIS,僅上市)=0|自營商(T86/上櫃三大法人)=1|當沖(TWTB4U/上櫃intraday)=1|季財報(MOPS t163sb04)=1|月營收(MOPS/openapi)=1|官方產業別(MOPS t05st03)=1|融資券(MI_MARGN)=1|借券(TWT93U)=1|法人(T86)=1",930,inf,250.0,official_prepanel,3508.8,70.0,0.0,0.0,0,1,7.993,22.38,28.242,10420.0,0,未扣成本·事後欄位以 m_ 標示·非投資建議
HC,2,2026-05-21,2026-05-22,3042,晶技,TWSE,M,,,M0@10,10,934,命中,299,-1.377307,,atr14=0.935|n_lu_250=0.547|r20=0.402|c_ma120=0.942|vr20=0.965|days_since_lu=0.393|dt_ratio20=NaN|lend_to_v=0.152|rev_yoy=0.324|o_turn=0.974|o_log_mcap=0.827|o_lu_follow=0.964,"官方日成交結構(MI_INDEX/dailyQuotes)=1|發行股數(MI_QFIIS/dailyQuotes)=1|外資持股(MI_QFIIS,僅上市)=1|自營商(T86/上櫃三大法人)=1|當沖(TWTB4U/上櫃intraday)=1|季財報(MOPS t163sb04)=1|月營收(MOPS/openapi)=1|官方產業別(MOPS t05st03)=1|融資券(MI_MARGN)=1|借券(TWT93U)=1|法人(T86)=1",931,inf,250.0,official_prepanel,11638.9,232.0,0.0,0.0,0,1,6.344,31.42,25.68,31528.0,0,未扣成本·事後欄位以 m_ 標示·非投資建議
HC,2,2026-05-25,2026-05-26,4923,力士,TPEx,M,,,M0@10,3,909,命中,162,-0.683139,,atr14=0.748|n_lu_250=0.856|r20=0.851|c_ma120=0.709|vr20=0.999|days_since_lu=0.300|dt_ratio20=NaN|lend_to_v=0.114|rev_yoy=0.519|o_turn=0.964|o_log_mcap=0.025|o_lu_follow=0.954,"官方日成交結構(MI_INDEX/dailyQuotes)=1|發行股數(MI_QFIIS/dailyQuotes)=1|外資持股(MI_QFIIS,僅上市)=0|自營商(T86/上櫃三大法人)=1|當沖(TWTB4U/上櫃intraday)=1|季財報(MOPS t163sb04)=1|月營收(MOPS/openapi)=1|官方產業別(MOPS t05st03)=1|融資券(MI_MARGN)=1|借券(TWT93U)=1|法人(T86)=1",933,inf,250.0,official_prepanel,713.95,14.0,0.0,0.0,0,1,9.322,9.201,8.717,2277.0,0,未扣成本·事後欄位以 m_ 標示·非投資建議
HC,2,2026-05-28,2026-05-29,4939,亞電,TPEx,M,,,M0@10,9,954,命中,263,-0.925775,,atr14=0.771|n_lu_250=0.890|r20=0.559|c_ma120=0.716|vr20=0.988|days_since_lu=0.036|dt_ratio20=NaN|lend_to_v=0.188|rev_yoy=0.422|o_turn=0.995|o_log_mcap=0.241|o_lu_follow=0.819,"官方日成交結構(MI_INDEX/dailyQuotes)=1|發行股數(MI_QFIIS/dailyQuotes)=1|外資持股(MI_QFIIS,僅上市)=0|自營商(T86/上櫃三大法人)=1|當沖(TWTB4U/上櫃intraday)=1|季財報(MOPS t163sb04)=1|月營收(MOPS/openapi)=1|官方產業別(MOPS t05st03)=1|融資券(MI_MARGN)=1|借券(TWT93U)=1|法人(T86)=1",936,inf,250.0,official_prepanel,4819.7,96.0,0.0,0.0,0,1,7.333,15.952,28.551,31208.0,0,未扣成本·事後欄位以 m_ 標示·非投資建議
HC,2,2026-05-28,2026-05-29,6127,九豪,TPEx,M,,,M0@10,2,954,命中,77,-0.580759,,atr14=0.871|n_lu_250=0.948|r20=0.914|c_ma120=0.907|vr20=0.929|days_since_lu=0.036|dt_ratio20=NaN|lend_to_v=0.067|rev_yoy=0.166|o_turn=0.999|o_log_mcap=0.342|o_lu_follow=0.452,"官方日成交結構(MI_INDEX/dailyQuotes)=1|發行股數(MI_QFIIS/dailyQuotes)=1|外資持股(MI_QFIIS,僅上市)=0|自營商(T86/上櫃三大法人)=1|當沖(TWTB4U/上櫃intraday)=1|季財報(MOPS t163sb04)=1|月營收(MOPS/openapi)=1|官方產業別(MOPS t05st03)=1|融資券(MI_MARGN)=1|借券(TWT93U)=1|法人(T86)=1",936,inf,250.0,official_prepanel,19821.35,396.0,0.0,0.0,0,1,6.825,19.365,25.397,38105.0,0,未扣成本·事後欄位以 m_ 標示·非投資建議
HC,2,2026-05-29,2026-06-01,2491,吉祥全,TWSE,M,,,M0@10,4,949,命中,99,-0.953412,,atr14=0.900|n_lu_250=0.918|r20=0.981|c_ma120=0.733|vr20=0.740|days_since_lu=0.162|dt_ratio20=0.695|lend_to_v=0.088|rev_yoy=0.304|o_turn=0.738|o_log_mcap=0.063|o_lu_follow=0.945,"官方日成交結構(MI_INDEX/dailyQuotes)=1|發行股數(MI_QFIIS/dailyQuotes)=1|外資持股(MI_QFIIS,僅上市)=1|自營商(T86/上櫃三大法人)=1|當沖(TWTB4U/上櫃intraday)=1|季財報(MOPS t163sb04)=1|月營收(MOPS/openapi)=1|官方產業別(MOPS t05st03)=1|融資券(MI_MARGN)=1|借券(TWT93U)=1|法人(T86)=1",937,inf,250.0,official_prepanel,1284.5,25.0,0.0,0.0,0,1,8.705,47.346,32.909,2102.0,0,未扣成本·事後欄位以 m_ 標示·非投資建議
HC,2,2026-05-29,2026-06-01,8105,凌巨,TWSE,M,,,M0@10,10,949,命中,190,-1.228352,,atr14=0.821|n_lu_250=0.670|r20=0.898|c_ma120=0.790|vr20=0.640|days_since_lu=0.251|dt_ratio20=0.878|lend_to_v=0.219|rev_yoy=0.227|o_turn=0.754|o_log_mcap=0.383|o_lu_follow=0.977,"官方日成交結構(MI_INDEX/dailyQuotes)=1|發行股數(MI_QFIIS/dailyQuotes)=1|外資持股(MI_QFIIS,僅上市)=1|自營商(T86/上櫃三大法人)=1|當沖(TWTB4U/上櫃intraday)=1|季財報(MOPS t163sb04)=1|月營收(MOPS/openapi)=1|官方產業別(MOPS t05st03)=1|融資券(MI_MARGN)=1|借券(TWT93U)=1|法人(T86)=1",937,inf,250.0,official_prepanel,9021.35,180.0,0.0,0.0,0,1,8.427,14.607,26.124,20015.0,0,未扣成本·事後欄位以 m_ 標示·非投資建議
HC,2,2026-06-05,2026-06-08,4741,泓瀚,TPEx,M,,,M0@10,3,987,命中,216,-0.81181,,atr14=0.798|n_lu_250=0.913|r20=0.421|c_ma120=0.974|vr20=0.944|days_since_lu=0.011|dt_ratio20=NaN|lend_to_v=0.121|rev_yoy=0.608|o_turn=0.988|o_log_mcap=0.081|o_lu_follow=0.884,"官方日成交結構(MI_INDEX/dailyQuotes)=1|發行股數(MI_QFIIS/dailyQuotes)=1|外資持股(MI_QFIIS,僅上市)=0|自營商(T86/上櫃三大法人)=1|當沖(TWTB4U/上櫃intraday)=1|季財報(MOPS t163sb04)=1|月營收(MOPS/openapi)=1|官方產業別(MOPS t05st03)=1|融資券(MI_MARGN)=1|借券(TWT93U)=1|法人(T86)=1",942,inf,250.0,official_prepanel,1506.0,30.0,0.0,1.0,0,1,21.441,37.083,11.414,2570.0,0,未扣成本·事後欄位以 m_ 標示·非投資建議
HC,2,2026-06-08,2026-06-09,3550,聯穎,TWSE,M,,,M0@10,2,1005,命中,182,-1.159042,,atr14=0.652|n_lu_250=0.791|r20=0.816|c_ma120=0.846|vr20=0.859|days_since_lu=0.028|dt_ratio20=0.707|lend_to_v=0.126|rev_yoy=0.664|o_turn=0.960|o_log_mcap=0.119|o_lu_follow=0.485,"官方日成交結構(MI_INDEX/dailyQuotes)=1|發行股數(MI_QFIIS/dailyQuotes)=1|外資持股(MI_QFIIS,僅上市)=1|自營商(T86/上櫃三大法人)=1|當沖(TWTB4U/上櫃intraday)=1|季財報(MOPS t163sb04)=1|月營收(MOPS/openapi)=1|官方產業別(MOPS t05st03)=1|融資券(MI_MARGN)=1|借券(TWT93U)=1|法人(T86)=1",943,inf,250.0,official_prepanel,3583.05,71.0,0.0,0.0,0,1,8.368,17.364,46.444,11676.0,0,未扣成本·事後欄位以 m_ 標示·非投資建議
HC,2,2026-06-08,2026-06-09,4556,旭然,TPEx,M,,,M0@10,5,1005,命中,255,-1.344677,,atr14=0.582|n_lu_250=0.818|r20=0.528|c_ma120=0.933|vr20=0.947|days_since_lu=0.028|dt_ratio20=NaN|lend_to_v=0.107|rev_yoy=0.151|o_turn=0.851|o_log_mcap=0.063|o_lu_follow=0.972,"官方日成交結構(MI_INDEX/dailyQuotes)=1|發行股數(MI_QFIIS/dailyQuotes)=1|外資持股(MI_QFIIS,僅上市)=0|自營商(T86/上櫃三大法人)=1|當沖(TWTB4U/上櫃intraday)=1|季財報(MOPS t163sb04)=1|月營收(MOPS/openapi)=1|官方產業別(MOPS t05st03)=1|融資券(MI_MARGN)=1|借券(TWT93U)=1|法人(T86)=1",943,inf,250.0,official_prepanel,471.05,9.0,0.0,0.0,1,0,0.0,45.924,45.328,513.0,0,未扣成本·事後欄位以 m_ 標示·非投資建議
HC,2,2026-06-11,2026-06-12,2305,全友,TWSE,M,,,M0@10,10,1041,命中,51,-1.546322,,atr14=0.892|n_lu_250=0.805|r20=0.978|c_ma120=0.939|vr20=0.428|days_since_lu=0.254|dt_ratio20=0.684|lend_to_v=0.079|rev_yoy=0.902|o_turn=0.830|o_log_mcap=0.263|o_lu_follow=0.788,"官方日成交結構(MI_INDEX/dailyQuotes)=1|發行股數(MI_QFIIS/dailyQuotes)=1|外資持股(MI_QFIIS,僅上市)=1|自營商(T86/上櫃三大法人)=1|當沖(TWTB4U/上櫃intraday)=1|季財報(MOPS t163sb04)=1|月營收(MOPS/openapi)=1|官方產業別(MOPS t05st03)=1|融資券(MI_MARGN)=1|借券(TWT93U)=1|法人(T86)=1",946,inf,250.0,official_prepanel,7527.7,150.0,0.0,0.0,0,1,7.725,44.421,50.644,9609.0,0,未扣成本·事後欄位以 m_ 標示·非投資建議
HC,2,2026-06-11,2026-06-12,2484,希華,TWSE,M,,,M0@10,2,1041,命中,20,-0.922148,,atr14=0.920|n_lu_250=0.894|r20=0.992|c_ma120=0.984|vr20=0.971|days_since_lu=0.045|dt_ratio20=0.998|lend_to_v=0.123|rev_yoy=0.364|o_turn=1.000|o_log_mcap=0.457|o_lu_follow=0.302,"官方日成交結構(MI_INDEX/dailyQuotes)=1|發行股數(MI_QFIIS/dailyQuotes)=1|外資持股(MI_QFIIS,僅上市)=1|自營商(T86/上櫃三大法人)=1|當沖(TWTB4U/上櫃intraday)=1|季財報(MOPS t163sb04)=1|月營收(MOPS/openapi)=1|官方產業別(MOPS t05st03)=1|融資券(MI_MARGN)=1|借券(TWT93U)=1|法人(T86)=1",946,inf,250.0,official_prepanel,34482.65,689.0,0.0,3.0,0,1,4.219,11.25,20.0,55392.0,0,未扣成本·事後欄位以 m_ 標示·非投資建議
HC,2,2026-06-16,2026-06-17,2375,凱美,TWSE,M,,,M0@10,6,1047,命中,14,-1.111608,,atr14=0.955|n_lu_250=0.898|r20=0.999|c_ma120=0.984|vr20=0.968|days_since_lu=0.024|dt_ratio20=NaN|lend_to_v=0.076|rev_yoy=0.306|o_turn=1.000|o_log_mcap=0.641|o_lu_follow=0.782,"官方日成交結構(MI_INDEX/dailyQuotes)=1|發行股數(MI_QFIIS/dailyQuotes)=1|外資持股(MI_QFIIS,僅上市)=1|自營商(T86/上櫃三大法人)=1|當沖(TWTB4U/上櫃intraday)=1|季財報(MOPS t163sb04)=1|月營收(MOPS/openapi)=1|官方產業別(MOPS t05st03)=1|融資券(MI_MARGN)=1|借券(TWT93U)=1|法人(T86)=1",949,inf,250.0,official_prepanel,16270.9,325.0,0.0,0.0,0,1,12.079,18.82,30.618,27282.0,0,未扣成本·事後欄位以 m_ 標示·非投資建議
HC,2,2026-06-16,2026-06-17,4923,力士,TPEx,M,,,M0@10,3,1047,命中,69,-0.988288,,atr14=0.871|n_lu_250=0.898|r20=0.957|c_ma120=0.862|vr20=0.748|days_since_lu=0.060|dt_ratio20=NaN|lend_to_v=0.089|rev_yoy=0.585|o_turn=0.921|o_log_mcap=0.040|o_lu_follow=0.908,"官方日成交結構(MI_INDEX/dailyQuotes)=1|發行股數(MI_QFIIS/dailyQuotes)=1|外資持股(MI_QFIIS,僅上市)=0|自營商(T86/上櫃三大法人)=1|當沖(TWTB4U/上櫃intraday)=1|季財報(MOPS t163sb04)=1|月營收(MOPS/openapi)=1|官方產業別(MOPS t05st03)=1|融資券(MI_MARGN)=1|借券(TWT93U)=1|法人(T86)=1",949,inf,250.0,official_prepanel,1797.65,35.0,0.0,0.0,0,1,10.526,27.579,22.526,2686.0,0,未扣成本·事後欄位以 m_ 標示·非投資建議
HC,2,2026-06-16,2026-06-17,6432,今展科,TPEx,M,,,M0@10,9,1047,命中,26,-1.189887,,atr14=0.917|n_lu_250=0.916|r20=0.978|c_ma120=0.977|vr20=0.847|days_since_lu=0.116|dt_ratio20=NaN|lend_to_v=0.044|rev_yoy=0.669|o_turn=0.997|o_log_mcap=0.105|o_lu_follow=0.296,"官方日成交結構(MI_INDEX/dailyQuotes)=1|發行股數(MI_QFIIS/dailyQuotes)=1|外資持股(MI_QFIIS,僅上市)=0|自營商(T86/上櫃三大法人)=1|當沖(TWTB4U/上櫃intraday)=1|季財報(MOPS t163sb04)=1|月營收(MOPS/openapi)=1|官方產業別(MOPS t05st03)=1|融資券(MI_MARGN)=1|借券(TWT93U)=1|法人(T86)=1",949,inf,250.0,official_prepanel,4801.05,96.0,0.0,1.0,0,1,6.757,1.216,2.838,4792.0,0,未扣成本·事後欄位以 m_ 標示·非投資建議
HC,3,2026-07-27,2026-07-28,6226,光鼎,TWSE,M,,,M0@10,2,990,命中,23,-0.838291,,atr14=0.976|n_lu_250=0.948|r20=0.732|c_ma120=0.971|vr20=0.931|days_since_lu=0.267|dt_ratio20=NaN|lend_to_v=0.039|rev_yoy=0.534|o_turn=0.996|o_log_mcap=0.066|o_lu_follow=0.996,"官方日成交結構(MI_INDEX/dailyQuotes)=1|發行股數(MI_QFIIS/dailyQuotes)=1|外資持股(MI_QFIIS,僅上市)=1|自營商(T86/上櫃三大法人)=1|當沖(TWTB4U/上櫃intraday)=1|季財報(MOPS t163sb04)=1|月營收(MOPS/openapi)=1|官方產業別(MOPS t05st03)=1|融資券(MI_MARGN)=1|借券(TWT93U)=1|法人(T86)=1",976,inf,250.0,official_prepanel,7899.8,157.0,0.0,3.0,0,1,14.525,20.391,19.553,23362.0,0,未扣成本·事後欄位以 m_ 標示·非投資建議
HC,3,2026-07-30,2026-07-31,3229,晟鈦,TWSE,M,,,M0@10,3,1001,命中,25,-1.617786,,atr14=0.800|n_lu_250=0.984|r20=0.731|c_ma120=0.955|vr20=0.862|days_since_lu=0.107|dt_ratio20=NaN|lend_to_v=0.017|rev_yoy=0.912|o_turn=0.629|o_log_mcap=0.129|o_lu_follow=0.967,"官方日成交結構(MI_INDEX/dailyQuotes)=1|發行股數(MI_QFIIS/dailyQuotes)=1|外資持股(MI_QFIIS,僅上市)=1|自營商(T86/上櫃三大法人)=1|當沖(TWTB4U/上櫃intraday)=0|季財報(MOPS t163sb04)=1|月營收(MOPS/openapi)=1|官方產業別(MOPS t05st03)=1|融資券(MI_MARGN)=1|借券(TWT93U)=1|法人(T86)=1",979,inf,250.0,official_prepanel,431.85,8.0,0.0,0.0,0,1,7.338,14.428,31.841,862.0,0,未扣成本·事後欄位以 m_ 標示·非投資建議
HC,3,2026-07-30,2026-07-31,3441,聯一光,TPEx,M,,,M0@10,2,1001,命中,16,-1.523262,,atr14=0.790|n_lu_250=0.846|r20=0.809|c_ma120=0.998|vr20=0.997|days_since_lu=0.009|dt_ratio20=NaN|lend_to_v=0.041|rev_yoy=0.875|o_turn=1.000|o_log_mcap=0.172|o_lu_follow=0.748,"官方日成交結構(MI_INDEX/dailyQuotes)=1|發行股數(MI_QFIIS/dailyQuotes)=1|外資持股(MI_QFIIS,僅上市)=0|自營商(T86/上櫃三大法人)=1|當沖(TWTB4U/上櫃intraday)=1|季財報(MOPS t163sb04)=1|月營收(MOPS/openapi)=1|官方產業別(MOPS t05st03)=1|融資券(MI_MARGN)=1|借券(TWT93U)=1|法人(T86)=1",979,inf,250.0,official_prepanel,9446.25,188.0,0.0,3.0,0,1,2.815,8.201,4.039,16213.0,0,未扣成本·事後欄位以 m_ 標示·非投資建議
HC,3,2026-08-03,2026-08-04,2434,統懋,TWSE,M,,,M0@10,1,911,命中,55,-0.102785,,atr14=0.991|n_lu_250=0.909|r20=0.484|c_ma120=0.973|vr20=0.984|days_since_lu=0.200|dt_ratio20=NaN|lend_to_v=0.061|rev_yoy=0.929|o_turn=0.977|o_log_mcap=0.057|o_lu_follow=0.996,"官方日成交結構(MI_INDEX/dailyQuotes)=1|發行股數(MI_QFIIS/dailyQuotes)=1|外資持股(MI_QFIIS,僅上市)=1|自營商(T86/上櫃三大法人)=1|當沖(TWTB4U/上櫃intraday)=1|季財報(MOPS t163sb04)=1|月營收(MOPS/openapi)=1|官方產業別(MOPS t05st03)=1|融資券(MI_MARGN)=1|借券(TWT93U)=1|法人(T86)=1",981,inf,250.0,official_prepanel,800.5,16.0,0.0,0.0,0,1,10.394,6.761,4.137,737.0,0,未扣成本·事後欄位以 m_ 標示·非投資建議
HC,3,2026-08-10,2026-08-11,4556,旭然,TPEx,M,,,M0@10,7,866,命中,169,-0.886485,,atr14=0.989|n_lu_250=0.957|r20=0.038|c_ma120=0.995|vr20=0.051|days_since_lu=0.262|dt_ratio20=NaN|lend_to_v=0.061|rev_yoy=0.443|o_turn=0.290|o_log_mcap=0.162|o_lu_follow=0.983,"官方日成交結構(MI_INDEX/dailyQuotes)=1|發行股數(MI_QFIIS/dailyQuotes)=1|外資持股(MI_QFIIS,僅上市)=0|自營商(T86/上櫃三大法人)=1|當沖(TWTB4U/上櫃intraday)=0|季財報(MOPS t163sb04)=1|月營收(MOPS/openapi)=1|官方產業別(MOPS t05st03)=1|融資券(MI_MARGN)=1|借券(TWT93U)=1|法人(T86)=1",986,inf,250.0,official_prepanel,453.6,9.0,1.0,2.0,0,1,3.251,-5.045,-16.704,228.0,0,未扣成本·事後欄位以 m_ 標示·非投資建議
HC,3,2026-08-11,2026-08-12,6538,倉和,TPEx,M,,,M0@10,10,882,命中,148,-1.072138,,atr14=0.942|n_lu_250=0.810|r20=0.374|c_ma120=0.993|vr20=0.197|days_since_lu=0.133|dt_ratio20=NaN|lend_to_v=0.102|rev_yoy=0.828|o_turn=0.916|o_log_mcap=0.258|o_lu_follow=0.535,"官方日成交結構(MI_INDEX/dailyQuotes)=1|發行股數(MI_QFIIS/dailyQuotes)=1|外資持股(MI_QFIIS,僅上市)=0|自營商(T86/上櫃三大法人)=1|當沖(TWTB4U/上櫃intraday)=1|季財報(MOPS t163sb04)=1|月營收(MOPS/openapi)=1|官方產業別(MOPS t05st03)=1|融資券(MI_MARGN)=1|借券(TWT93U)=1|法人(T86)=1",987,inf,250.0,official_prepanel,2100.45,42.0,0.0,1.0,0,1,8.754,29.293,38.384,2717.0,0,未扣成本·事後欄位以 m_ 標示·非投資建議
HC,3,2026-08-19,2026-08-20,3441,聯一光,TPEx,M,,,M0@10,5,901,命中,4,-1.043303,,atr14=0.989|n_lu_250=0.892|r20=0.993|c_ma120=0.995|vr20=0.334|days_since_lu=0.082|dt_ratio20=NaN|lend_to_v=0.035|rev_yoy=0.351|o_turn=0.998|o_log_mcap=0.146|o_lu_follow=0.772,"官方日成交結構(MI_INDEX/dailyQuotes)=1|發行股數(MI_QFIIS/dailyQuotes)=1|外資持股(MI_QFIIS,僅上市)=0|自營商(T86/上櫃三大法人)=1|當沖(TWTB4U/上櫃intraday)=1|季財報(MOPS t163sb04)=1|月營收(MOPS/openapi)=1|官方產業別(MOPS t05st03)=1|融資券(MI_MARGN)=1|借券(TWT93U)=1|法人(T86)=1",993,inf,250.0,official_prepanel,19217.45,384.0,0.0,2.0,0,1,4.287,33.976,49.518,17340.0,0,未扣成本·事後欄位以 m_ 標示·非投資建議
HC,3,2026-08-21,2026-08-24,3234,光環,TPEx,M,,,M0@10,7,912,命中,6,-1.548089,,atr14=0.928|n_lu_250=0.975|r20=0.983|c_ma120=0.962|vr20=0.855|days_since_lu=0.037|dt_ratio20=NaN|lend_to_v=0.015|rev_yoy=0.892|o_turn=0.934|o_log_mcap=0.552|o_lu_follow=0.545,"官方日成交結構(MI_INDEX/dailyQuotes)=1|發行股數(MI_QFIIS/dailyQuotes)=1|外資持股(MI_QFIIS,僅上市)=0|自營商(T86/上櫃三大法人)=1|當沖(TWTB4U/上櫃intraday)=0|季財報(MOPS t163sb04)=1|月營收(MOPS/openapi)=1|官方產業別(MOPS t05st03)=1|融資券(MI_MARGN)=1|借券(TWT93U)=1|法人(T86)=1",995,inf,250.0,official_prepanel,2923.8,58.0,0.0,2.0,0,1,10.299,26.562,43.646,7650.0,0,未扣成本·事後欄位以 m_ 標示·非投資建議
HC,3,2026-08-21,2026-08-24,6226,光鼎,TWSE,M,,,M0@10,8,912,命中,24,-1.559007,,atr14=0.914|n_lu_250=0.958|r20=0.868|c_ma120=0.958|vr20=0.279|days_since_lu=0.024|dt_ratio20=0.983|lend_to_v=0.034|rev_yoy=0.461|o_turn=0.974|o_log_mcap=0.056|o_lu_follow=0.996,"官方日成交結構(MI_INDEX/dailyQuotes)=1|發行股數(MI_QFIIS/dailyQuotes)=1|外資持股(MI_QFIIS,僅上市)=1|自營商(T86/上櫃三大法人)=1|當沖(TWTB4U/上櫃intraday)=1|季財報(MOPS t163sb04)=1|月營收(MOPS/openapi)=1|官方產業別(MOPS t05st03)=1|融資券(MI_MARGN)=1|借券(TWT93U)=1|法人(T86)=1",995,inf,250.0,official_prepanel,18346.9,366.0,0.0,2.0,0,1,9.906,60.377,58.019,19067.0,0,未扣成本·事後欄位以 m_ 標示·非投資建議
HC,3,2026-08-24,2026-08-25,4939,亞電,TPEx,M,,,M0@10,4,914,命中,39,-1.681103,,atr14=0.911|n_lu_250=0.943|r20=0.781|c_ma120=0.967|vr20=0.941|days_since_lu=0.296|dt_ratio20=NaN|lend_to_v=0.071|rev_yoy=0.631|o_turn=0.999|o_log_mcap=0.270|o_lu_follow=0.870,"官方日成交結構(MI_INDEX/dailyQuotes)=1|發行股數(MI_QFIIS/dailyQuotes)=1|外資持股(MI_QFIIS,僅上市)=0|自營商(T86/上櫃三大法人)=1|當沖(TWTB4U/上櫃intraday)=1|季財報(MOPS t163sb04)=1|月營收(MOPS/openapi)=1|官方產業別(MOPS t05st03)=1|融資券(MI_MARGN)=1|借券(TWT93U)=1|法人(T86)=1",996,inf,250.0,official_prepanel,13065.1,261.0,0.0,3.0,0,1,12.031,39.375,46.25,31984.0,0,未扣成本·事後欄位以 m_ 標示·非投資建議
HC,3,2026-08-26,2026-08-27,2491,吉祥全,TWSE,M,,,M0@10,2,854,命中,9,-0.630111,,atr14=0.893|n_lu_250=0.958|r20=0.997|c_ma120=0.997|vr20=0.998|days_since_lu=0.008|dt_ratio20=NaN|lend_to_v=0.057|rev_yoy=0.260|o_turn=0.980|o_log_mcap=0.149|o_lu_follow=0.960,"官方日成交結構(MI_INDEX/dailyQuotes)=1|發行股數(MI_QFIIS/dailyQuotes)=1|外資持股(MI_QFIIS,僅上市)=1|自營商(T86/上櫃三大法人)=1|當沖(TWTB4U/上櫃intraday)=1|季財報(MOPS t163sb04)=1|月營收(MOPS/openapi)=1|官方產業別(MOPS t05st03)=1|融資券(MI_MARGN)=1|借券(TWT93U)=1|法人(T86)=1",998,inf,250.0,official_prepanel,1115.35,22.0,0.0,0.0,0,1,12.131,9.29,-8.743,5064.0,0,未扣成本·事後欄位以 m_ 標示·非投資建議
HC,3,2026-09-15,2026-09-16,2221,大甲,TPEx,M,,,M0@10,1,826,命中,28,-1.156644,,atr14=0.951|n_lu_250=0.696|r20=0.998|c_ma120=0.998|vr20=0.965|days_since_lu=0.019|dt_ratio20=NaN|lend_to_v=0.041|rev_yoy=0.838|o_turn=0.997|o_log_mcap=0.140|o_lu_follow=0.752,"官方日成交結構(MI_INDEX/dailyQuotes)=1|發行股數(MI_QFIIS/dailyQuotes)=1|外資持股(MI_QFIIS,僅上市)=0|自營商(T86/上櫃三大法人)=1|當沖(TWTB4U/上櫃intraday)=1|季財報(MOPS t163sb04)=1|月營收(MOPS/openapi)=1|官方產業別(MOPS t05st03)=1|融資券(MI_MARGN)=1|借券(TWT93U)=1|法人(T86)=1",1012,inf,250.0,official_prepanel,4031.75,80.0,0.0,1.0,0,1,9.781,60.25,86.264,9021.0,0,未扣成本·事後欄位以 m_ 標示·非投資建議
HC,3,2026-09-15,2026-09-16,2305,全友,TWSE,M,,,M0@10,4,826,命中,19,-1.512326,,atr14=0.825|n_lu_250=0.903|r20=0.997|c_ma120=0.997|vr20=0.996|days_since_lu=0.005|dt_ratio20=0.997|lend_to_v=0.053|rev_yoy=0.969|o_turn=0.998|o_log_mcap=0.340|o_lu_follow=0.785,"官方日成交結構(MI_INDEX/dailyQuotes)=1|發行股數(MI_QFIIS/dailyQuotes)=1|外資持股(MI_QFIIS,僅上市)=1|自營商(T86/上櫃三大法人)=1|當沖(TWTB4U/上櫃intraday)=1|季財報(MOPS t163sb04)=1|月營收(MOPS/openapi)=1|官方產業別(MOPS t05st03)=1|融資券(MI_MARGN)=1|借券(TWT93U)=1|法人(T86)=1",1012,inf,250.0,official_prepanel,16033.1,320.0,0.0,2.0,0,1,11.011,34.831,39.101,25858.0,0,未扣成本·事後欄位以 m_ 標示·非投資建議
HC,3,2026-09-17,2026-09-18,3094,聯傑,TWSE,M,,,M0@10,5,802,命中,46,-1.328427,,atr14=0.873|n_lu_250=0.701|r20=0.978|c_ma120=0.966|vr20=0.911|days_since_lu=0.077|dt_ratio20=0.881|lend_to_v=NaN|rev_yoy=0.538|o_turn=0.987|o_log_mcap=0.113|o_lu_follow=0.461,"官方日成交結構(MI_INDEX/dailyQuotes)=1|發行股數(MI_QFIIS/dailyQuotes)=1|外資持股(MI_QFIIS,僅上市)=1|自營商(T86/上櫃三大法人)=1|當沖(TWTB4U/上櫃intraday)=1|季財報(MOPS t163sb04)=1|月營收(MOPS/openapi)=1|官方產業別(MOPS t05st03)=1|融資券(MI_MARGN)=1|借券(TWT93U)=0|法人(T86)=1",1014,inf,250.0,official_prepanel,6744.7,134.0,0.0,0.0,0,1,5.943,11.27,,17282.0,0,未扣成本·事後欄位以 m_ 標示·非投資建議
SEL,1,2025-01-13,2025-01-14,3379,彬台,TPEx,M,,,M0s@10,3,873,命中,9,-1.231051,,atr14=0.926|n_lu_250=0.990|r20=0.988|c_ma120=0.889|vr20=0.991|days_since_lu=0.004|dt_ratio20=NaN|lend_to_v=0.055|rev_yoy=0.952|o_turn=0.997|o_log_mcap=0.022|o_lu_follow=0.932,"官方日成交結構(MI_INDEX/dailyQuotes)=1|發行股數(MI_QFIIS/dailyQuotes)=1|外資持股(MI_QFIIS,僅上市)=0|自營商(T86/上櫃三大法人)=1|當沖(TWTB4U/上櫃intraday)=1|季財報(MOPS t163sb04)=1|月營收(MOPS/openapi)=1|官方產業別(MOPS t05st03)=1|融資券(MI_MARGN)=1|借券(TWT93U)=1|法人(T86)=1",607,inf,250.0,official_prepanel,3371.95,67.0,0.0,0.0,0,1,7.475,43.627,32.843,22113.0,0,未扣成本·事後欄位以 m_ 標示·非投資建議
SEL,1,2025-02-03,2025-02-04,6140,訊達,TPEx,M,,,M0s@10,2,865,命中,29,-1.162927,,atr14=0.918|n_lu_250=0.841|r20=0.880|c_ma120=0.849|vr20=0.984|days_since_lu=0.065|dt_ratio20=NaN|lend_to_v=0.127|rev_yoy=0.906|o_turn=0.991|o_log_mcap=0.013|o_lu_follow=0.267,"官方日成交結構(MI_INDEX/dailyQuotes)=1|發行股數(MI_QFIIS/dailyQuotes)=1|外資持股(MI_QFIIS,僅上市)=0|自營商(T86/上櫃三大法人)=1|當沖(TWTB4U/上櫃intraday)=1|季財報(MOPS t163sb04)=1|月營收(MOPS/openapi)=1|官方產業別(MOPS t05st03)=1|融資券(MI_MARGN)=1|借券(TWT93U)=1|法人(T86)=1",615,inf,250.0,official_prepanel,1515.55,30.0,0.0,0.0,0,1,11.732,36.313,26.257,8812.0,0,未扣成本·事後欄位以 m_ 標示·非投資建議
SEL,1,2025-02-14,2025-02-17,3379,彬台,TPEx,M,,,M0s@10,4,880,命中,1,-1.625414,,atr14=0.994|n_lu_250=0.995|r20=0.993|c_ma120=0.981|vr20=0.013|days_since_lu=0.147|dt_ratio20=NaN|lend_to_v=0.025|rev_yoy=0.982|o_turn=0.941|o_log_mcap=0.036|o_lu_follow=0.970,"官方日成交結構(MI_INDEX/dailyQuotes)=1|發行股數(MI_QFIIS/dailyQuotes)=1|外資持股(MI_QFIIS,僅上市)=0|自營商(T86/上櫃三大法人)=1|當沖(TWTB4U/上櫃intraday)=0|季財報(MOPS t163sb04)=1|月營收(MOPS/openapi)=1|官方產業別(MOPS t05st03)=1|融資券(MI_MARGN)=1|借券(TWT93U)=1|法人(T86)=1",624,inf,250.0,official_prepanel,13191.0,263.0,1.0,0.0,0,1,6.446,23.02,26.151,4270.0,0,未扣成本·事後欄位以 m_ 標示·非投資建議
SEL,1,2025-03-04,2025-03-05,2429,銘旺科,TWSE,M,,,M0s@10,6,921,命中,10,-1.7914,,atr14=0.931|n_lu_250=0.912|r20=0.963|c_ma120=0.953|vr20=0.675|days_since_lu=0.428|dt_ratio20=0.736|lend_to_v=0.081|rev_yoy=0.983|o_turn=0.903|o_log_mcap=0.138|o_lu_follow=0.973,"官方日成交結構(MI_INDEX/dailyQuotes)=1|發行股數(MI_QFIIS/dailyQuotes)=1|外資持股(MI_QFIIS,僅上市)=1|自營商(T86/上櫃三大法人)=1|當沖(TWTB4U/上櫃intraday)=1|季財報(MOPS t163sb04)=1|月營收(MOPS/openapi)=1|官方產業別(MOPS t05st03)=1|融資券(MI_MARGN)=1|借券(TWT93U)=1|法人(T86)=1",635,inf,250.0,official_prepanel,2663.1,53.0,0.0,0.0,0,1,8.961,19.221,52.468,8418.0,0,未扣成本·事後欄位以 m_ 標示·非投資建議
SEL,1,2025-03-13,2025-03-14,8088,品安,TPEx,M,,,M0s@10,6,946,命中,45,-1.284048,,atr14=0.821|n_lu_250=0.655|r20=0.972|c_ma120=0.954|vr20=0.994|days_since_lu=0.006|dt_ratio20=NaN|lend_to_v=0.160|rev_yoy=0.250|o_turn=0.992|o_log_mcap=0.028|o_lu_follow=0.080,"官方日成交結構(MI_INDEX/dailyQuotes)=1|發行股數(MI_QFIIS/dailyQuotes)=1|外資持股(MI_QFIIS,僅上市)=0|自營商(T86/上櫃三大法人)=1|當沖(TWTB4U/上櫃intraday)=1|季財報(MOPS t163sb04)=1|月營收(MOPS/openapi)=1|官方產業別(MOPS t05st03)=1|融資券(MI_MARGN)=1|借券(TWT93U)=1|法人(T86)=1",642,inf,250.0,official_prepanel,2781.8,55.0,0.0,0.0,0,1,10.806,28.205,15.385,13279.0,0,未扣成本·事後欄位以 m_ 標示·非投資建議
SEL,1,2025-03-31,2025-04-01,5251,天鉞電,TPEx,M,,,M0s@10,8,900,命中,24,-1.646114,,atr14=0.961|n_lu_250=0.952|r20=0.971|c_ma120=0.811|vr20=0.794|days_since_lu=0.008|dt_ratio20=NaN|lend_to_v=0.101|rev_yoy=0.876|o_turn=0.957|o_log_mcap=0.005|o_lu_follow=0.531,"官方日成交結構(MI_INDEX/dailyQuotes)=1|發行股數(MI_QFIIS/dailyQuotes)=1|外資持股(MI_QFIIS,僅上市)=0|自營商(T86/上櫃三大法人)=1|當沖(TWTB4U/上櫃intraday)=1|季財報(MOPS t163sb04)=1|月營收(MOPS/openapi)=1|官方產業別(MOPS t05st03)=1|融資券(MI_MARGN)=1|借券(TWT93U)=1|法人(T86)=1",654,inf,250.0,official_prepanel,803.8,16.0,0.0,1.0,0,1,6.704,7.821,52.7,989.0,0,未扣成本·事後欄位以 m_ 標示·非投資建議
SEL,2,2025-04-11,2025-04-14,6130,上亞科技,TPEx,M,,,M0s@10,3,955,命中,3,-1.407815,,atr14=0.974|n_lu_250=0.942|r20=0.996|c_ma120=0.951|vr20=0.070|days_since_lu=0.416|dt_ratio20=NaN|lend_to_v=NaN|rev_yoy=0.037|o_turn=0.241|o_log_mcap=0.019|o_lu_follow=0.994,"官方日成交結構(MI_INDEX/dailyQuotes)=1|發行股數(MI_QFIIS/dailyQuotes)=1|外資持股(MI_QFIIS,僅上市)=0|自營商(T86/上櫃三大法人)=0|當沖(TWTB4U/上櫃intraday)=0|季財報(MOPS t163sb04)=1|月營收(MOPS/openapi)=1|官方產業別(MOPS t05st03)=1|融資券(MI_MARGN)=0|借券(TWT93U)=0|法人(T86)=0",661,inf,250.0,official_prepanel,324.45,6.0,1.0,0.0,0,1,18.384,37.778,38.182,149.0,0,未扣成本·事後欄位以 m_ 標示·非投資建議
SEL,2,2025-04-11,2025-04-14,8072,陞泰,TWSE,M,,,M0s@10,2,955,命中,19,-0.943432,,atr14=0.858|n_lu_250=0.632|r20=0.997|c_ma120=0.995|vr20=0.991|days_since_lu=0.416|dt_ratio20=0.988|lend_to_v=0.038|rev_yoy=0.572|o_turn=0.992|o_log_mcap=0.148|o_lu_follow=0.108,"官方日成交結構(MI_INDEX/dailyQuotes)=1|發行股數(MI_QFIIS/dailyQuotes)=1|外資持股(MI_QFIIS,僅上市)=1|自營商(T86/上櫃三大法人)=1|當沖(TWTB4U/上櫃intraday)=1|季財報(MOPS t163sb04)=1|月營收(MOPS/openapi)=1|官方產業別(MOPS t05st03)=1|融資券(MI_MARGN)=1|借券(TWT93U)=1|法人(T86)=1",661,inf,250.0,official_prepanel,3587.95,71.0,0.0,3.0,0,1,4.119,13.068,40.057,9533.0,0,未扣成本·事後欄位以 m_ 標示·非投資建議
SEL,2,2025-04-14,2025-04-15,2466,冠西電,TWSE,M,,,M0s@10,5,941,命中,22,-1.567619,,atr14=0.574|n_lu_250=0.891|r20=0.943|c_ma120=0.998|vr20=0.975|days_since_lu=0.843|dt_ratio20=0.938|lend_to_v=0.108|rev_yoy=0.966|o_turn=0.766|o_log_mcap=0.637|o_lu_follow=0.985,"官方日成交結構(MI_INDEX/dailyQuotes)=1|發行股數(MI_QFIIS/dailyQuotes)=1|外資持股(MI_QFIIS,僅上市)=1|自營商(T86/上櫃三大法人)=1|當沖(TWTB4U/上櫃intraday)=1|季財報(MOPS t163sb04)=1|月營收(MOPS/openapi)=1|官方產業別(MOPS t05st03)=1|融資券(MI_MARGN)=1|借券(TWT93U)=1|法人(T86)=1",662,inf,250.0,official_prepanel,845.45,16.0,0.0,0.0,0,1,8.419,17.179,6.371,3440.0,0,未扣成本·事後欄位以 m_ 標示·非投資建議
SEL,2,2025-04-14,2025-04-15,3287,廣寰科,TPEx,M,,,M0s@10,10,941,命中,25,-1.915814,,atr14=0.994|n_lu_250=0.954|r20=0.939|c_ma120=0.640|vr20=0.104|days_since_lu=0.419|dt_ratio20=NaN|lend_to_v=0.048|rev_yoy=0.453|o_turn=0.873|o_log_mcap=0.018|o_lu_follow=0.906,"官方日成交結構(MI_INDEX/dailyQuotes)=1|發行股數(MI_QFIIS/dailyQuotes)=1|外資持股(MI_QFIIS,僅上市)=0|自營商(T86/上櫃三大法人)=1|當沖(TWTB4U/上櫃intraday)=1|季財報(MOPS t163sb04)=1|月營收(MOPS/openapi)=1|官方產業別(MOPS t05st03)=1|融資券(MI_MARGN)=1|借券(TWT93U)=1|法人(T86)=1",662,inf,250.0,official_prepanel,1681.1,33.0,0.0,0.0,0,1,4.006,26.603,44.071,707.0,0,未扣成本·事後欄位以 m_ 標示·非投資建議
SEL,2,2025-04-14,2025-04-15,3466,德晉,TPEx,M,,,M0s@10,8,941,命中,943,-1.783795,,atr14=0.952|n_lu_250=0.909|r20=0.003|c_ma120=0.002|vr20=0.992|days_since_lu=0.859|dt_ratio20=NaN|lend_to_v=0.241|rev_yoy=0.280|o_turn=0.968|o_log_mcap=0.116|o_lu_follow=0.958,"官方日成交結構(MI_INDEX/dailyQuotes)=1|發行股數(MI_QFIIS/dailyQuotes)=1|外資持股(MI_QFIIS,僅上市)=0|自營商(T86/上櫃三大法人)=1|當沖(TWTB4U/上櫃intraday)=1|季財報(MOPS t163sb04)=1|月營收(MOPS/openapi)=1|官方產業別(MOPS t05st03)=1|融資券(MI_MARGN)=1|借券(TWT93U)=1|法人(T86)=1",662,inf,250.0,official_prepanel,1470.6,29.0,0.0,2.0,0,1,7.704,23.729,34.052,1112.0,0,未扣成本·事後欄位以 m_ 標示·非投資建議
SEL,2,2025-04-14,2025-04-15,4949,有成精密,TWSE,M,,,M0s@10,2,941,命中,1,-1.032715,,atr14=0.993|n_lu_250=0.849|r20=0.997|c_ma120=0.996|vr20=0.010|days_since_lu=0.419|dt_ratio20=NaN|lend_to_v=0.030|rev_yoy=0.144|o_turn=0.745|o_log_mcap=0.089|o_lu_follow=0.982,"官方日成交結構(MI_INDEX/dailyQuotes)=1|發行股數(MI_QFIIS/dailyQuotes)=1|外資持股(MI_QFIIS,僅上市)=1|自營商(T86/上櫃三大法人)=1|當沖(TWTB4U/上櫃intraday)=0|季財報(MOPS t163sb04)=1|月營收(MOPS/openapi)=1|官方產業別(MOPS t05st03)=1|融資券(MI_MARGN)=1|借券(TWT93U)=1|法人(T86)=1",224,224.0,224.0,official,3706.45,74.0,1.0,0.0,0,1,7.357,29.129,56.757,1189.0,0,未扣成本·事後欄位以 m_ 標示·非投資建議
SEL,2,2025-04-14,2025-04-15,6148,驊宏資,TPEx,M,,,M0s@10,1,941,命中,2,-0.956197,,atr14=0.989|n_lu_250=0.977|r20=0.999|c_ma120=0.999|vr20=0.802|days_since_lu=0.419|dt_ratio20=NaN|lend_to_v=0.023|rev_yoy=0.035|o_turn=0.999|o_log_mcap=0.124|o_lu_follow=0.961,"官方日成交結構(MI_INDEX/dailyQuotes)=1|發行股數(MI_QFIIS/dailyQuotes)=1|外資持股(MI_QFIIS,僅上市)=0|自營商(T86/上櫃三大法人)=1|當沖(TWTB4U/上櫃intraday)=1|季財報(MOPS t163sb04)=1|月營收(MOPS/openapi)=1|官方產業別(MOPS t05st03)=1|融資券(MI_MARGN)=1|借券(TWT93U)=1|法人(T86)=1",662,inf,250.0,official_prepanel,26271.9,525.0,0.0,4.0,0,1,8.991,13.394,34.128,44302.0,0,未扣成本·事後欄位以 m_ 標示·非投資建議
SEL,2,2025-04-18,2025-04-21,9955,佳龍,TWSE,M,,,M0s@10,7,932,命中,50,-1.649213,,atr14=0.726|n_lu_250=0.878|r20=0.806|c_ma120=0.799|vr20=0.996|days_since_lu=0.002|dt_ratio20=0.942|lend_to_v=0.280|rev_yoy=0.921|o_turn=0.977|o_log_mcap=0.144|o_lu_follow=0.946,"官方日成交結構(MI_INDEX/dailyQuotes)=1|發行股數(MI_QFIIS/dailyQuotes)=1|外資持股(MI_QFIIS,僅上市)=1|自營商(T86/上櫃三大法人)=1|當沖(TWTB4U/上櫃intraday)=1|季財報(MOPS t163sb04)=1|月營收(MOPS/openapi)=1|官方產業別(MOPS t05st03)=1|融資券(MI_MARGN)=1|借券(TWT93U)=1|法人(T86)=1",666,inf,250.0,official_prepanel,1523.95,30.0,0.0,0.0,0,1,5.017,12.542,5.184,8812.0,0,未扣成本·事後欄位以 m_ 標示·非投資建議
SEL,2,2025-04-22,2025-04-23,3709,鑫聯大投控,TPEx,M,,,M0s@10,2,922,命中,16,-1.30618,,atr14=0.926|n_lu_250=0.882|r20=0.969|c_ma120=0.993|vr20=0.999|days_since_lu=0.005|dt_ratio20=NaN|lend_to_v=0.027|rev_yoy=0.948|o_turn=0.992|o_log_mcap=0.262|o_lu_follow=0.857,"官方日成交結構(MI_INDEX/dailyQuotes)=1|發行股數(MI_QFIIS/dailyQuotes)=1|外資持股(MI_QFIIS,僅上市)=0|自營商(T86/上櫃三大法人)=1|當沖(TWTB4U/上櫃intraday)=1|季財報(MOPS t163sb04)=1|月營收(MOPS/openapi)=1|官方產業別(MOPS t05st03)=1|融資券(MI_MARGN)=1|借券(TWT93U)=1|法人(T86)=1",668,inf,250.0,official_prepanel,4758.0,95.0,0.0,0.0,0,1,7.923,28.142,24.18,16792.0,0,未扣成本·事後欄位以 m_ 標示·非投資建議
SEL,2,2025-04-24,2025-04-25,5201,凱衛,TPEx,M,,,M0s@10,1,917,命中,10,-0.954746,,atr14=0.993|n_lu_250=0.793|r20=0.999|c_ma120=0.999|vr20=0.995|days_since_lu=0.018|dt_ratio20=NaN|lend_to_v=0.020|rev_yoy=0.945|o_turn=0.998|o_log_mcap=0.019|o_lu_follow=0.033,"官方日成交結構(MI_INDEX/dailyQuotes)=1|發行股數(MI_QFIIS/dailyQuotes)=1|外資持股(MI_QFIIS,僅上市)=0|自營商(T86/上櫃三大法人)=1|當沖(TWTB4U/上櫃intraday)=1|季財報(MOPS t163sb04)=1|月營收(MOPS/openapi)=1|官方產業別(MOPS t05st03)=1|融資券(MI_MARGN)=1|借券(TWT93U)=1|法人(T86)=1",670,inf,250.0,official_prepanel,3857.15,77.0,0.0,0.0,0,1,9.034,12.357,11.319,19326.0,0,未扣成本·事後欄位以 m_ 標示·非投資建議
SEL,2,2025-04-24,2025-04-25,6752,叡揚,TPEx,M,,,M0s@10,9,917,命中,34,-2.041049,,atr14=0.678|n_lu_250=0.714|r20=0.978|c_ma120=0.982|vr20=0.994|days_since_lu=0.487|dt_ratio20=NaN|lend_to_v=0.066|rev_yoy=0.799|o_turn=0.970|o_log_mcap=0.294|o_lu_follow=0.069,"官方日成交結構(MI_INDEX/dailyQuotes)=1|發行股數(MI_QFIIS/dailyQuotes)=1|外資持股(MI_QFIIS,僅上市)=0|自營商(T86/上櫃三大法人)=1|當沖(TWTB4U/上櫃intraday)=1|季財報(MOPS t163sb04)=1|月營收(MOPS/openapi)=1|官方產業別(MOPS t05st03)=1|融資券(MI_MARGN)=1|借券(TWT93U)=1|法人(T86)=1",670,inf,250.0,official_prepanel,485.85,9.0,0.0,0.0,0,1,6.908,22.697,32.566,2901.0,0,未扣成本·事後欄位以 m_ 標示·非投資建議
SEL,2,2025-05-19,2025-05-20,3297,杭特,TPEx,M,,,M0s@10,6,839,命中,218,-1.787638,,atr14=0.993|n_lu_250=0.989|r20=0.009|c_ma120=0.973|vr20=0.262|days_since_lu=0.269|dt_ratio20=NaN|lend_to_v=0.039|rev_yoy=0.778|o_turn=0.935|o_log_mcap=0.008|o_lu_follow=0.904,"官方日成交結構(MI_INDEX/dailyQuotes)=1|發行股數(MI_QFIIS/dailyQuotes)=1|外資持股(MI_QFIIS,僅上市)=0|自營商(T86/上櫃三大法人)=1|當沖(TWTB4U/上櫃intraday)=1|季財報(MOPS t163sb04)=1|月營收(MOPS/openapi)=1|官方產業別(MOPS t05st03)=1|融資券(MI_MARGN)=1|借券(TWT93U)=1|法人(T86)=1",686,inf,250.0,official_prepanel,3030.45,60.0,0.0,0.0,0,1,9.272,44.205,32.45,7916.0,0,未扣成本·事後欄位以 m_ 標示·非投資建議
SEL,2,2025-05-21,2025-05-22,9902,台火,TWSE,M,,,M0s@10,9,840,命中,49,-2.019339,,atr14=0.941|n_lu_250=0.831|r20=0.886|c_ma120=0.795|vr20=0.755|days_since_lu=0.022|dt_ratio20=0.812|lend_to_v=0.156|rev_yoy=0.985|o_turn=0.764|o_log_mcap=0.026|o_lu_follow=0.659,"官方日成交結構(MI_INDEX/dailyQuotes)=1|發行股數(MI_QFIIS/dailyQuotes)=1|外資持股(MI_QFIIS,僅上市)=1|自營商(T86/上櫃三大法人)=1|當沖(TWTB4U/上櫃intraday)=1|季財報(MOPS t163sb04)=1|月營收(MOPS/openapi)=1|官方產業別(MOPS t05st03)=1|融資券(MI_MARGN)=1|借券(TWT93U)=1|法人(T86)=1",688,inf,250.0,official_prepanel,972.15,19.0,0.0,1.0,0,1,9.538,38.154,24.923,1542.0,0,未扣成本·事後欄位以 m_ 標示·非投資建議
SEL,2,2025-06-05,2025-06-06,3167,大量,TWSE,M,,,M0s@10,7,838,命中,16,-1.796384,,atr14=0.844|n_lu_250=0.983|r20=0.992|c_ma120=0.886|vr20=0.990|days_since_lu=0.009|dt_ratio20=0.949|lend_to_v=0.125|rev_yoy=0.970|o_turn=0.995|o_log_mcap=0.404|o_lu_follow=0.844,"官方日成交結構(MI_INDEX/dailyQuotes)=1|發行股數(MI_QFIIS/dailyQuotes)=1|外資持股(MI_QFIIS,僅上市)=1|自營商(T86/上櫃三大法人)=1|當沖(TWTB4U/上櫃intraday)=1|季財報(MOPS t163sb04)=1|月營收(MOPS/openapi)=1|官方產業別(MOPS t05st03)=1|融資券(MI_MARGN)=1|借券(TWT93U)=1|法人(T86)=1",698,inf,250.0,official_prepanel,5874.65,117.0,0.0,1.0,0,1,3.774,12.264,17.925,9971.0,0,未扣成本·事後欄位以 m_ 標示·非投資建議
SEL,2,2025-06-06,2025-06-09,2429,銘旺科,TWSE,M,,,M0s@10,9,839,命中,21,-1.768265,,atr14=0.743|n_lu_250=0.985|r20=0.902|c_ma120=0.996|vr20=0.771|days_since_lu=0.207|dt_ratio20=0.948|lend_to_v=0.093|rev_yoy=0.749|o_turn=0.958|o_log_mcap=0.275|o_lu_follow=0.967,"官方日成交結構(MI_INDEX/dailyQuotes)=1|發行股數(MI_QFIIS/dailyQuotes)=1|外資持股(MI_QFIIS,僅上市)=1|自營商(T86/上櫃三大法人)=1|當沖(TWTB4U/上櫃intraday)=1|季財報(MOPS t163sb04)=1|月營收(MOPS/openapi)=1|官方產業別(MOPS t05st03)=1|融資券(MI_MARGN)=1|借券(TWT93U)=1|法人(T86)=1",699,inf,250.0,official_prepanel,5880.05,117.0,0.0,2.0,0,1,9.663,9.356,7.515,19507.0,0,未扣成本·事後欄位以 m_ 標示·非投資建議
SEL,2,2025-06-13,2025-06-16,5475,德宏,TPEx,M,,,M0s@10,2,825,命中,20,-1.148512,,atr14=0.974|n_lu_250=0.773|r20=0.999|c_ma120=0.998|vr20=0.662|days_since_lu=0.132|dt_ratio20=NaN|lend_to_v=0.009|rev_yoy=0.639|o_turn=0.872|o_log_mcap=0.093|o_lu_follow=0.970,"官方日成交結構(MI_INDEX/dailyQuotes)=1|發行股數(MI_QFIIS/dailyQuotes)=1|外資持股(MI_QFIIS,僅上市)=0|自營商(T86/上櫃三大法人)=1|當沖(TWTB4U/上櫃intraday)=0|季財報(MOPS t163sb04)=1|月營收(MOPS/openapi)=1|官方產業別(MOPS t05st03)=1|融資券(MI_MARGN)=1|借券(TWT93U)=1|法人(T86)=1",704,inf,250.0,official_prepanel,3179.5,63.0,0.0,0.0,0,1,11.111,38.164,23.43,4849.0,0,未扣成本·事後欄位以 m_ 標示·非投資建議
SEL,2,2025-06-17,2025-06-18,3205,佰研,TPEx,M,,,M0s@10,2,814,命中,19,-1.37412,,atr14=0.987|n_lu_250=0.781|r20=0.958|c_ma120=0.967|vr20=0.411|days_since_lu=0.028|dt_ratio20=NaN|lend_to_v=0.095|rev_yoy=0.381|o_turn=0.842|o_log_mcap=0.023|o_lu_follow=0.997,"官方日成交結構(MI_INDEX/dailyQuotes)=1|發行股數(MI_QFIIS/dailyQuotes)=1|外資持股(MI_QFIIS,僅上市)=0|自營商(T86/上櫃三大法人)=1|當沖(TWTB4U/上櫃intraday)=1|季財報(MOPS t163sb04)=1|月營收(MOPS/openapi)=1|官方產業別(MOPS t05st03)=1|融資券(MI_MARGN)=1|借券(TWT93U)=1|法人(T86)=1",706,inf,250.0,official_prepanel,1005.65,20.0,0.0,0.0,0,1,4.302,22.558,22.791,1488.0,0,未扣成本·事後欄位以 m_ 標示·非投資建議
SEL,3,2025-07-28,2025-07-29,2429,銘旺科,TWSE,M,,,M0s@10,8,795,命中,71,-1.91615,,atr14=0.858|n_lu_250=0.970|r20=0.510|c_ma120=0.955|vr20=0.925|days_since_lu=0.278|dt_ratio20=0.939|lend_to_v=0.220|rev_yoy=0.798|o_turn=0.969|o_log_mcap=0.270|o_lu_follow=0.928,"官方日成交結構(MI_INDEX/dailyQuotes)=1|發行股數(MI_QFIIS/dailyQuotes)=1|外資持股(MI_QFIIS,僅上市)=1|自營商(T86/上櫃三大法人)=1|當沖(TWTB4U/上櫃intraday)=1|季財報(MOPS t163sb04)=1|月營收(MOPS/openapi)=1|官方產業別(MOPS t05st03)=1|融資券(MI_MARGN)=1|借券(TWT93U)=1|法人(T86)=1",735,inf,250.0,official_prepanel,3597.15,71.0,0.0,0.0,0,1,8.98,20.272,14.286,18989.0,0,未扣成本·事後欄位以 m_ 標示·非投資建議
SEL,3,2025-07-30,2025-07-31,5498,凱崴,TPEx,M,,,M0s@10,2,797,命中,17,-1.542036,,atr14=0.978|n_lu_250=0.836|r20=0.971|c_ma120=0.989|vr20=0.815|days_since_lu=0.009|dt_ratio20=NaN|lend_to_v=0.062|rev_yoy=0.651|o_turn=0.979|o_log_mcap=0.105|o_lu_follow=0.886,"官方日成交結構(MI_INDEX/dailyQuotes)=1|發行股數(MI_QFIIS/dailyQuotes)=1|外資持股(MI_QFIIS,僅上市)=0|自營商(T86/上櫃三大法人)=1|當沖(TWTB4U/上櫃intraday)=1|季財報(MOPS t163sb04)=1|月營收(MOPS/openapi)=1|官方產業別(MOPS t05st03)=1|融資券(MI_MARGN)=1|借券(TWT93U)=1|法人(T86)=1",737,inf,250.0,official_prepanel,13353.55,267.0,0.0,0.0,0,1,7.927,18.293,49.695,36574.0,0,未扣成本·事後欄位以 m_ 標示·非投資建議
SEL,3,2025-07-31,2025-08-01,3294,英濟,TPEx,M,,,M0s@10,5,800,命中,56,-1.702799,,atr14=0.787|n_lu_250=0.921|r20=0.813|c_ma120=0.903|vr20=0.984|days_since_lu=0.249|dt_ratio20=NaN|lend_to_v=0.145|rev_yoy=0.455|o_turn=0.986|o_log_mcap=0.241|o_lu_follow=0.816,"官方日成交結構(MI_INDEX/dailyQuotes)=1|發行股數(MI_QFIIS/dailyQuotes)=1|外資持股(MI_QFIIS,僅上市)=0|自營商(T86/上櫃三大法人)=1|當沖(TWTB4U/上櫃intraday)=1|季財報(MOPS t163sb04)=1|月營收(MOPS/openapi)=1|官方產業別(MOPS t05st03)=1|融資券(MI_MARGN)=1|借券(TWT93U)=1|法人(T86)=1",738,inf,250.0,official_prepanel,5221.85,104.0,0.0,0.0,0,1,10.641,15.115,16.929,37363.0,0,未扣成本·事後欄位以 m_ 標示·非投資建議
SEL,3,2025-08-07,2025-08-08,4989,榮科,TWSE,M,,,M0s@10,3,813,命中,18,-1.371841,,atr14=0.977|n_lu_250=0.909|r20=0.972|c_ma120=0.931|vr20=0.165|days_since_lu=0.116|dt_ratio20=NaN|lend_to_v=0.072|rev_yoy=0.095|o_turn=0.573|o_log_mcap=0.106|o_lu_follow=0.824,"官方日成交結構(MI_INDEX/dailyQuotes)=1|發行股數(MI_QFIIS/dailyQuotes)=1|外資持股(MI_QFIIS,僅上市)=1|自營商(T86/上櫃三大法人)=1|當沖(TWTB4U/上櫃intraday)=0|季財報(MOPS t163sb04)=1|月營收(MOPS/openapi)=1|官方產業別(MOPS t05st03)=1|融資券(MI_MARGN)=1|借券(TWT93U)=1|法人(T86)=1",743,inf,250.0,official_prepanel,1915.1,38.0,1.0,0.0,0,1,13.256,65.116,81.628,3727.0,0,未扣成本·事後欄位以 m_ 標示·非投資建議
SEL,3,2025-08-11,2025-08-12,5475,德宏,TPEx,M,,,M0s@10,2,819,命中,21,-1.143962,,atr14=0.969|n_lu_250=0.911|r20=0.933|c_ma120=0.995|vr20=0.637|days_since_lu=0.214|dt_ratio20=NaN|lend_to_v=0.007|rev_yoy=0.895|o_turn=0.949|o_log_mcap=0.202|o_lu_follow=0.975,"官方日成交結構(MI_INDEX/dailyQuotes)=1|發行股數(MI_QFIIS/dailyQuotes)=1|外資持股(MI_QFIIS,僅上市)=0|自營商(T86/上櫃三大法人)=1|當沖(TWTB4U/上櫃intraday)=0|季財報(MOPS t163sb04)=1|月營收(MOPS/openapi)=1|官方產業別(MOPS t05st03)=1|融資券(MI_MARGN)=1|借券(TWT93U)=1|法人(T86)=1",745,inf,250.0,official_prepanel,8030.9,160.0,0.0,2.0,0,1,8.043,45.576,14.209,18150.0,0,未扣成本·事後欄位以 m_ 標示·非投資建議
SEL,3,2025-08-15,2025-08-18,3625,西勝,TPEx,M,,,M0s@10,3,848,命中,47,-0.990498,,atr14=0.880|n_lu_250=0.956|r20=0.880|c_ma120=0.874|vr20=0.903|days_since_lu=0.135|dt_ratio20=NaN|lend_to_v=0.005|rev_yoy=0.156|o_turn=0.801|o_log_mcap=0.049|o_lu_follow=0.929,"官方日成交結構(MI_INDEX/dailyQuotes)=1|發行股數(MI_QFIIS/dailyQuotes)=1|外資持股(MI_QFIIS,僅上市)=0|自營商(T86/上櫃三大法人)=1|當沖(TWTB4U/上櫃intraday)=0|季財報(MOPS t163sb04)=1|月營收(MOPS/openapi)=1|官方產業別(MOPS t05st03)=1|融資券(MI_MARGN)=1|借券(TWT93U)=1|法人(T86)=1",749,inf,250.0,official_prepanel,1048.65,20.0,0.0,0.0,0,1,8.971,16.623,26.385,4183.0,0,未扣成本·事後欄位以 m_ 標示·非投資建議
SEL,3,2025-08-22,2025-08-25,8033,雷虎,TWSE,M,,,M0s@10,6,903,命中,35,-1.493699,,atr14=0.950|n_lu_250=0.805|r20=0.999|c_ma120=0.996|vr20=0.888|days_since_lu=0.052|dt_ratio20=NaN|lend_to_v=0.017|rev_yoy=0.863|o_turn=0.993|o_log_mcap=0.659|o_lu_follow=0.714,"官方日成交結構(MI_INDEX/dailyQuotes)=1|發行股數(MI_QFIIS/dailyQuotes)=1|外資持股(MI_QFIIS,僅上市)=1|自營商(T86/上櫃三大法人)=1|當沖(TWTB4U/上櫃intraday)=1|季財報(MOPS t163sb04)=1|月營收(MOPS/openapi)=1|官方產業別(MOPS t05st03)=1|融資券(MI_MARGN)=1|借券(TWT93U)=1|法人(T86)=1",754,inf,250.0,official_prepanel,22949.85,458.0,0.0,1.0,0,1,6.545,23.636,28.727,22326.0,0,未扣成本·事後欄位以 m_ 標示·非投資建議
SEL,3,2025-08-25,2025-08-26,3219,倚強科,TPEx,M,,,M0s@10,3,882,命中,4,-1.389134,,atr14=0.978|n_lu_250=0.991|r20=0.998|c_ma120=0.987|vr20=0.959|days_since_lu=0.003|dt_ratio20=NaN|lend_to_v=0.028|rev_yoy=0.814|o_turn=0.963|o_log_mcap=0.282|o_lu_follow=0.829,"官方日成交結構(MI_INDEX/dailyQuotes)=1|發行股數(MI_QFIIS/dailyQuotes)=1|外資持股(MI_QFIIS,僅上市)=0|自營商(T86/上櫃三大法人)=1|當沖(TWTB4U/上櫃intraday)=1|季財報(MOPS t163sb04)=1|月營收(MOPS/openapi)=1|官方產業別(MOPS t05st03)=1|融資券(MI_MARGN)=1|借券(TWT93U)=1|法人(T86)=1",755,inf,250.0,official_prepanel,2214.95,44.0,0.0,1.0,0,1,11.484,29.032,28.387,3691.0,0,未扣成本·事後欄位以 m_ 標示·非投資建議
SEL,3,2025-08-26,2025-08-27,4760,勤凱,TPEx,M,,,M0s@10,7,892,命中,133,-1.456295,,atr14=0.802|n_lu_250=0.697|r20=0.894|c_ma120=0.973|vr20=0.952|days_since_lu=0.013|dt_ratio20=NaN|lend_to_v=0.129|rev_yoy=0.780|o_turn=0.977|o_log_mcap=0.268|o_lu_follow=0.837,"官方日成交結構(MI_INDEX/dailyQuotes)=1|發行股數(MI_QFIIS/dailyQuotes)=1|外資持股(MI_QFIIS,僅上市)=0|自營商(T86/上櫃三大法人)=1|當沖(TWTB4U/上櫃intraday)=1|季財報(MOPS t163sb04)=1|月營收(MOPS/openapi)=1|官方產業別(MOPS t05st03)=1|融資券(MI_MARGN)=1|借券(TWT93U)=1|法人(T86)=1",756,inf,250.0,official_prepanel,1212.9,24.0,0.0,0.0,0,1,8.896,7.055,9.816,3519.0,0,未扣成本·事後欄位以 m_ 標示·非投資建議
SEL,3,2025-09-04,2025-09-05,4577,達航科技,TPEx,M,,,M0s@10,3,922,命中,312,-1.249992,,atr14=0.997|n_lu_250=0.992|r20=0.143|c_ma120=0.760|vr20=0.635|days_since_lu=0.188|dt_ratio20=NaN|lend_to_v=0.039|rev_yoy=0.826|o_turn=0.813|o_log_mcap=0.021|o_lu_follow=0.831,"官方日成交結構(MI_INDEX/dailyQuotes)=1|發行股數(MI_QFIIS/dailyQuotes)=1|外資持股(MI_QFIIS,僅上市)=0|自營商(T86/上櫃三大法人)=1|當沖(TWTB4U/上櫃intraday)=1|季財報(MOPS t163sb04)=1|月營收(MOPS/openapi)=1|官方產業別(MOPS t05st03)=1|融資券(MI_MARGN)=1|借券(TWT93U)=1|法人(T86)=1",763,inf,250.0,official_prepanel,1075.9,21.0,0.0,0.0,0,1,7.209,38.078,38.262,730.0,0,未扣成本·事後欄位以 m_ 標示·非投資建議
SEL,3,2025-09-09,2025-09-10,3323,加百裕,TPEx,M,,,M0s@10,4,937,命中,62,-1.28446,,atr14=0.805|n_lu_250=0.974|r20=0.907|c_ma120=0.912|vr20=0.979|days_since_lu=0.028|dt_ratio20=NaN|lend_to_v=0.089|rev_yoy=0.222|o_turn=0.999|o_log_mcap=0.229|o_lu_follow=0.662,"官方日成交結構(MI_INDEX/dailyQuotes)=1|發行股數(MI_QFIIS/dailyQuotes)=1|外資持股(MI_QFIIS,僅上市)=0|自營商(T86/上櫃三大法人)=1|當沖(TWTB4U/上櫃intraday)=1|季財報(MOPS t163sb04)=1|月營收(MOPS/openapi)=1|官方產業別(MOPS t05st03)=1|融資券(MI_MARGN)=1|借券(TWT93U)=1|法人(T86)=1",766,inf,250.0,official_prepanel,13626.85,272.0,0.0,0.0,0,1,8.0,4.211,5.684,36978.0,0,未扣成本·事後欄位以 m_ 標示·非投資建議
SEL,3,2025-09-18,2025-09-19,4722,國精化,TWSE,M,,,M0s@10,3,918,命中,10,-1.695331,,atr14=0.985|n_lu_250=0.938|r20=0.925|c_ma120=0.993|vr20=0.949|days_since_lu=0.017|dt_ratio20=NaN|lend_to_v=0.185|rev_yoy=0.225|o_turn=0.985|o_log_mcap=0.572|o_lu_follow=0.926,"官方日成交結構(MI_INDEX/dailyQuotes)=1|發行股數(MI_QFIIS/dailyQuotes)=1|外資持股(MI_QFIIS,僅上市)=1|自營商(T86/上櫃三大法人)=1|當沖(TWTB4U/上櫃intraday)=1|季財報(MOPS t163sb04)=1|月營收(MOPS/openapi)=1|官方產業別(MOPS t05st03)=1|融資券(MI_MARGN)=1|借券(TWT93U)=1|法人(T86)=1",773,inf,250.0,official_prepanel,4448.3,88.0,0.0,0.0,0,1,5.19,18.339,48.443,12787.0,0,未扣成本·事後欄位以 m_ 標示·非投資建議
SEL,3,2025-09-26,2025-09-30,8021,尖點,TWSE,M,,,M0s@10,9,929,命中,53,-2.111898,,atr14=0.994|n_lu_250=0.856|r20=0.699|c_ma120=0.993|vr20=0.977|days_since_lu=0.004|dt_ratio20=NaN|lend_to_v=0.088|rev_yoy=0.778|o_turn=0.999|o_log_mcap=0.542|o_lu_follow=0.647,"官方日成交結構(MI_INDEX/dailyQuotes)=1|發行股數(MI_QFIIS/dailyQuotes)=1|外資持股(MI_QFIIS,僅上市)=1|自營商(T86/上櫃三大法人)=1|當沖(TWTB4U/上櫃intraday)=1|季財報(MOPS t163sb04)=1|月營收(MOPS/openapi)=1|官方產業別(MOPS t05st03)=1|融資券(MI_MARGN)=1|借券(TWT93U)=1|法人(T86)=1",779,inf,250.0,official_prepanel,32809.4,656.0,0.0,1.0,0,1,5.87,22.642,9.539,47561.0,0,未扣成本·事後欄位以 m_ 標示·非投資建議
SEL,3,2025-09-30,2025-10-01,3581,博磊,TPEx,M,,,M0s@10,8,903,命中,61,-2.091817,,atr14=0.834|n_lu_250=0.908|r20=0.786|c_ma120=0.898|vr20=0.988|days_since_lu=0.261|dt_ratio20=NaN|lend_to_v=0.321|rev_yoy=0.787|o_turn=0.976|o_log_mcap=0.067|o_lu_follow=0.428,"官方日成交結構(MI_INDEX/dailyQuotes)=1|發行股數(MI_QFIIS/dailyQuotes)=1|外資持股(MI_QFIIS,僅上市)=0|自營商(T86/上櫃三大法人)=1|當沖(TWTB4U/上櫃intraday)=1|季財報(MOPS t163sb04)=1|月營收(MOPS/openapi)=1|官方產業別(MOPS t05st03)=1|融資券(MI_MARGN)=1|借券(TWT93U)=1|法人(T86)=1",780,inf,250.0,official_prepanel,761.2,15.0,0.0,0.0,0,1,8.814,37.106,38.194,5351.0,0,未扣成本·事後欄位以 m_ 標示·非投資建議
SEL,4,2025-10-03,2025-10-07,3685,元創精密,TPEx,M,,,M0s@10,8,895,命中,32,-1.90367,,atr14=0.932|n_lu_250=0.794|r20=0.968|c_ma120=0.997|vr20=0.127|days_since_lu=0.109|dt_ratio20=NaN|lend_to_v=0.010|rev_yoy=0.047|o_turn=0.576|o_log_mcap=0.082|o_lu_follow=0.906,"官方日成交結構(MI_INDEX/dailyQuotes)=1|發行股數(MI_QFIIS/dailyQuotes)=1|外資持股(MI_QFIIS,僅上市)=0|自營商(T86/上櫃三大法人)=1|當沖(TWTB4U/上櫃intraday)=0|季財報(MOPS t163sb04)=1|月營收(MOPS/openapi)=1|官方產業別(MOPS t05st03)=1|融資券(MI_MARGN)=1|借券(TWT93U)=1|法人(T86)=1",783,inf,250.0,official_prepanel,1373.8,27.0,0.0,0.0,0,1,9.194,42.581,47.581,1518.0,0,未扣成本·事後欄位以 m_ 標示·非投資建議
SEL,4,2025-10-14,2025-10-15,3002,歐格,TWSE,M,,,M0s@10,10,894,命中,123,-1.869064,,atr14=0.766|n_lu_250=0.473|r20=0.964|c_ma120=0.948|vr20=0.990|days_since_lu=0.038|dt_ratio20=0.789|lend_to_v=0.091|rev_yoy=0.896|o_turn=0.917|o_log_mcap=0.054|o_lu_follow=0.227,"官方日成交結構(MI_INDEX/dailyQuotes)=1|發行股數(MI_QFIIS/dailyQuotes)=1|外資持股(MI_QFIIS,僅上市)=1|自營商(T86/上櫃三大法人)=1|當沖(TWTB4U/上櫃intraday)=1|季財報(MOPS t163sb04)=1|月營收(MOPS/openapi)=1|官方產業別(MOPS t05st03)=1|融資券(MI_MARGN)=1|借券(TWT93U)=1|法人(T86)=1",788,inf,250.0,official_prepanel,804.0,16.0,0.0,0.0,0,1,4.691,15.062,8.642,1675.0,0,未扣成本·事後欄位以 m_ 標示·非投資建議
SEL,4,2025-10-16,2025-10-17,3543,州巧,TWSE,M,,,M0s@10,3,893,命中,43,-1.721288,,atr14=0.822|n_lu_250=0.932|r20=0.917|c_ma120=0.917|vr20=0.930|days_since_lu=0.161|dt_ratio20=0.918|lend_to_v=0.183|rev_yoy=0.289|o_turn=0.961|o_log_mcap=0.137|o_lu_follow=0.902,"官方日成交結構(MI_INDEX/dailyQuotes)=1|發行股數(MI_QFIIS/dailyQuotes)=1|外資持股(MI_QFIIS,僅上市)=1|自營商(T86/上櫃三大法人)=1|當沖(TWTB4U/上櫃intraday)=1|季財報(MOPS t163sb04)=1|月營收(MOPS/openapi)=1|官方產業別(MOPS t05st03)=1|融資券(MI_MARGN)=1|借券(TWT93U)=1|法人(T86)=1",790,inf,250.0,official_prepanel,2703.4,54.0,0.0,0.0,0,1,9.103,15.897,30.435,7047.0,0,未扣成本·事後欄位以 m_ 標示·非投資建議
SEL,4,2025-10-16,2025-10-17,8043,蜜望實,TPEx,M,,,M0s@10,5,893,命中,7,-1.847121,,atr14=0.998|n_lu_250=0.932|r20=0.994|c_ma120=0.970|vr20=0.512|days_since_lu=0.074|dt_ratio20=NaN|lend_to_v=0.026|rev_yoy=0.549|o_turn=0.984|o_log_mcap=0.125|o_lu_follow=0.792,"官方日成交結構(MI_INDEX/dailyQuotes)=1|發行股數(MI_QFIIS/dailyQuotes)=1|外資持股(MI_QFIIS,僅上市)=0|自營商(T86/上櫃三大法人)=1|當沖(TWTB4U/上櫃intraday)=1|季財報(MOPS t163sb04)=1|月營收(MOPS/openapi)=1|官方產業別(MOPS t05st03)=1|融資券(MI_MARGN)=1|借券(TWT93U)=1|法人(T86)=1",790,inf,250.0,official_prepanel,11661.4,233.0,0.0,1.0,0,1,12.078,34.805,24.156,7577.0,0,未扣成本·事後欄位以 m_ 標示·非投資建議
SEL,4,2025-10-17,2025-10-20,3236,千如,TPEx,M,,,M0s@10,5,888,命中,64,-1.9466,,atr14=0.927|n_lu_250=0.746|r20=0.939|c_ma120=0.854|vr20=0.887|days_since_lu=0.129|dt_ratio20=NaN|lend_to_v=0.039|rev_yoy=0.516|o_turn=0.948|o_log_mcap=0.060|o_lu_follow=0.783,"官方日成交結構(MI_INDEX/dailyQuotes)=1|發行股數(MI_QFIIS/dailyQuotes)=1|外資持股(MI_QFIIS,僅上市)=0|自營商(T86/上櫃三大法人)=1|當沖(TWTB4U/上櫃intraday)=1|季財報(MOPS t163sb04)=1|月營收(MOPS/openapi)=1|官方產業別(MOPS t05st03)=1|融資券(MI_MARGN)=1|借券(TWT93U)=1|法人(T86)=1",791,inf,250.0,official_prepanel,2960.1,59.0,0.0,0.0,0,1,9.804,18.873,15.196,8746.0,0,未扣成本·事後欄位以 m_ 標示·非投資建議
SEL,4,2025-10-17,2025-10-20,6127,九豪,TPEx,M,,,M0s@10,10,888,命中,62,-2.152541,,atr14=0.907|n_lu_250=0.678|r20=0.990|c_ma120=0.917|vr20=0.918|days_since_lu=0.004|dt_ratio20=NaN|lend_to_v=0.055|rev_yoy=0.053|o_turn=0.965|o_log_mcap=0.108|o_lu_follow=0.093,"官方日成交結構(MI_INDEX/dailyQuotes)=1|發行股數(MI_QFIIS/dailyQuotes)=1|外資持股(MI_QFIIS,僅上市)=0|自營商(T86/上櫃三大法人)=1|當沖(TWTB4U/上櫃intraday)=0|季財報(MOPS t163sb04)=1|月營收(MOPS/openapi)=1|官方產業別(MOPS t05st03)=1|融資券(MI_MARGN)=1|借券(TWT93U)=1|法人(T86)=1",791,inf,250.0,official_prepanel,3310.95,66.0,0.0,0.0,0,1,9.434,6.415,2.642,9288.0,0,未扣成本·事後欄位以 m_ 標示·非投資建議
SEL,4,2025-10-20,2025-10-21,2342,茂矽,TWSE,M,,,M0s@10,7,867,命中,82,-1.844508,,atr14=0.952|n_lu_250=0.843|r20=0.627|c_ma120=0.937|vr20=0.339|days_since_lu=0.019|dt_ratio20=NaN|lend_to_v=0.090|rev_yoy=0.371|o_turn=0.918|o_log_mcap=0.252|o_lu_follow=0.992,"官方日成交結構(MI_INDEX/dailyQuotes)=1|發行股數(MI_QFIIS/dailyQuotes)=1|外資持股(MI_QFIIS,僅上市)=1|自營商(T86/上櫃三大法人)=1|當沖(TWTB4U/上櫃intraday)=1|季財報(MOPS t163sb04)=1|月營收(MOPS/openapi)=1|官方產業別(MOPS t05st03)=1|融資券(MI_MARGN)=1|借券(TWT93U)=1|法人(T86)=1",792,inf,250.0,official_prepanel,7191.6,143.0,0.0,0.0,0,1,5.606,14.848,-2.273,8561.0,0,未扣成本·事後欄位以 m_ 標示·非投資建議
SEL,4,2025-11-04,2025-11-05,3002,歐格,TWSE,M,,,M0s@10,7,859,命中,44,-1.952801,,atr14=0.999|n_lu_250=0.665|r20=0.984|c_ma120=0.949|vr20=0.888|days_since_lu=0.130|dt_ratio20=0.945|lend_to_v=0.036|rev_yoy=0.892|o_turn=0.959|o_log_mcap=0.067|o_lu_follow=0.810,"官方日成交結構(MI_INDEX/dailyQuotes)=1|發行股數(MI_QFIIS/dailyQuotes)=1|外資持股(MI_QFIIS,僅上市)=1|自營商(T86/上櫃三大法人)=1|當沖(TWTB4U/上櫃intraday)=1|季財報(MOPS t163sb04)=1|月營收(MOPS/openapi)=1|官方產業別(MOPS t05st03)=1|融資券(MI_MARGN)=1|借券(TWT93U)=1|法人(T86)=1",802,inf,250.0,official_prepanel,3992.85,79.0,0.0,0.0,0,1,6.608,12.335,9.912,5047.0,0,未扣成本·事後欄位以 m_ 標示·非投資建議
SEL,4,2025-11-07,2025-11-10,6265,方土昶,TPEx,M,,,M0s@10,3,856,命中,58,-1.633398,,atr14=0.942|n_lu_250=0.803|r20=0.814|c_ma120=0.916|vr20=0.797|days_since_lu=0.281|dt_ratio20=NaN|lend_to_v=0.190|rev_yoy=0.958|o_turn=0.928|o_log_mcap=0.025|o_lu_follow=0.678,"官方日成交結構(MI_INDEX/dailyQuotes)=1|發行股數(MI_QFIIS/dailyQuotes)=1|外資持股(MI_QFIIS,僅上市)=0|自營商(T86/上櫃三大法人)=1|當沖(TWTB4U/上櫃intraday)=1|季財報(MOPS t163sb04)=1|月營收(MOPS/openapi)=1|官方產業別(MOPS t05st03)=1|融資券(MI_MARGN)=1|借券(TWT93U)=1|法人(T86)=1",805,inf,250.0,official_prepanel,3080.1,61.0,0.0,0.0,1,0,0.0,42.662,10.922,2621.0,0,未扣成本·事後欄位以 m_ 標示·非投資建議
SEL,4,2025-11-12,2025-11-13,8043,蜜望實,TPEx,M,,,M0s@10,2,845,命中,8,-1.000649,,atr14=0.912|n_lu_250=0.959|r20=0.991|c_ma120=0.990|vr20=0.121|days_since_lu=0.151|dt_ratio20=NaN|lend_to_v=0.036|rev_yoy=0.904|o_turn=0.931|o_log_mcap=0.215|o_lu_follow=0.932,"官方日成交結構(MI_INDEX/dailyQuotes)=1|發行股數(MI_QFIIS/dailyQuotes)=1|外資持股(MI_QFIIS,僅上市)=0|自營商(T86/上櫃三大法人)=1|當沖(TWTB4U/上櫃intraday)=0|季財報(MOPS t163sb04)=1|月營收(MOPS/openapi)=1|官方產業別(MOPS t05st03)=1|融資券(MI_MARGN)=1|借券(TWT93U)=1|法人(T86)=1",808,inf,250.0,official_prepanel,9999.6,199.0,1.0,0.0,0,1,9.363,24.719,40.824,9758.0,0,未扣成本·事後欄位以 m_ 標示·非投資建議
SEL,4,2025-11-21,2025-11-24,4577,達航科技,TPEx,M,,,M0s@10,3,858,命中,6,-1.405431,,atr14=0.936|n_lu_250=0.999|r20=0.994|c_ma120=0.980|vr20=0.990|days_since_lu=0.008|dt_ratio20=NaN|lend_to_v=0.028|rev_yoy=0.857|o_turn=0.997|o_log_mcap=0.065|o_lu_follow=0.936,"官方日成交結構(MI_INDEX/dailyQuotes)=1|發行股數(MI_QFIIS/dailyQuotes)=1|外資持股(MI_QFIIS,僅上市)=0|自營商(T86/上櫃三大法人)=1|當沖(TWTB4U/上櫃intraday)=1|季財報(MOPS t163sb04)=1|月營收(MOPS/openapi)=1|官方產業別(MOPS t05st03)=1|融資券(MI_MARGN)=1|借券(TWT93U)=1|法人(T86)=1",815,inf,250.0,official_prepanel,4171.5,83.0,0.0,1.0,0,1,9.931,25.866,25.173,4097.0,0,未扣成本·事後欄位以 m_ 標示·非投資建議
SEL,4,2025-11-25,2025-11-26,8047,星雲,TPEx,M,,,M0s@10,1,827,命中,85,-1.283131,,atr14=0.995|n_lu_250=0.990|r20=0.548|c_ma120=0.998|vr20=0.742|days_since_lu=0.139|dt_ratio20=NaN|lend_to_v=0.013|rev_yoy=0.235|o_turn=0.772|o_log_mcap=0.041|o_lu_follow=0.967,"官方日成交結構(MI_INDEX/dailyQuotes)=1|發行股數(MI_QFIIS/dailyQuotes)=1|外資持股(MI_QFIIS,僅上市)=0|自營商(T86/上櫃三大法人)=1|當沖(TWTB4U/上櫃intraday)=0|季財報(MOPS t163sb04)=1|月營收(MOPS/openapi)=1|官方產業別(MOPS t05st03)=1|融資券(MI_MARGN)=1|借券(TWT93U)=1|法人(T86)=1",817,inf,250.0,official_prepanel,480.85,9.0,0.0,0.0,0,1,11.071,29.927,23.358,1166.0,0,未扣成本·事後欄位以 m_ 標示·非投資建議
SEL,4,2025-11-26,2025-11-27,2485,兆赫,TWSE,M,,,M0s@10,2,819,命中,18,-1.438111,,atr14=0.920|n_lu_250=0.847|r20=0.993|c_ma120=0.985|vr20=0.980|days_since_lu=0.022|dt_ratio20=0.891|lend_to_v=0.112|rev_yoy=0.985|o_turn=0.981|o_log_mcap=0.284|o_lu_follow=0.675,"官方日成交結構(MI_INDEX/dailyQuotes)=1|發行股數(MI_QFIIS/dailyQuotes)=1|外資持股(MI_QFIIS,僅上市)=1|自營商(T86/上櫃三大法人)=1|當沖(TWTB4U/上櫃intraday)=1|季財報(MOPS t163sb04)=1|月營收(MOPS/openapi)=1|官方產業別(MOPS t05st03)=1|融資券(MI_MARGN)=1|借券(TWT93U)=1|法人(T86)=1",818,inf,250.0,official_prepanel,10577.4,211.0,0.0,0.0,0,1,8.586,18.434,30.556,30763.0,0,未扣成本·事後欄位以 m_ 標示·非投資建議
SEL,4,2025-12-05,2025-12-08,8110,華東,TWSE,M,,,M0s@10,5,815,命中,1,-1.613573,,atr14=0.999|n_lu_250=0.974|r20=0.990|c_ma120=0.999|vr20=0.880|days_since_lu=0.048|dt_ratio20=NaN|lend_to_v=0.039|rev_yoy=0.196|o_turn=0.997|o_log_mcap=0.610|o_lu_follow=0.986,"官方日成交結構(MI_INDEX/dailyQuotes)=1|發行股數(MI_QFIIS/dailyQuotes)=1|外資持股(MI_QFIIS,僅上市)=1|自營商(T86/上櫃三大法人)=1|當沖(TWTB4U/上櫃intraday)=1|季財報(MOPS t163sb04)=1|月營收(MOPS/openapi)=1|官方產業別(MOPS t05st03)=1|融資券(MI_MARGN)=1|借券(TWT93U)=1|法人(T86)=1",825,inf,250.0,official_prepanel,64265.4,1285.0,0.0,2.0,0,1,7.664,34.981,28.059,54708.0,0,未扣成本·事後欄位以 m_ 標示·非投資建議
SEL,4,2025-12-18,2025-12-19,5498,凱崴,TPEx,M,,,M0s@10,8,784,命中,16,-1.479957,,atr14=0.897|n_lu_250=0.984|r20=0.948|c_ma120=0.982|vr20=0.739|days_since_lu=0.037|dt_ratio20=NaN|lend_to_v=0.034|rev_yoy=0.845|o_turn=0.990|o_log_mcap=0.271|o_lu_follow=0.823,"官方日成交結構(MI_INDEX/dailyQuotes)=1|發行股數(MI_QFIIS/dailyQuotes)=1|外資持股(MI_QFIIS,僅上市)=0|自營商(T86/上櫃三大法人)=1|當沖(TWTB4U/上櫃intraday)=1|季財報(MOPS t163sb04)=1|月營收(MOPS/openapi)=1|官方產業別(MOPS t05st03)=1|融資券(MI_MARGN)=1|借券(TWT93U)=1|法人(T86)=1",834,inf,250.0,official_prepanel,30764.35,615.0,0.0,2.0,0,1,9.172,37.574,55.03,37067.0,0,未扣成本·事後欄位以 m_ 標示·非投資建議
SEL,4,2025-12-19,2025-12-22,6163,華電網,TPEx,M,,,M0s@10,9,778,命中,25,-1.623572,,atr14=0.935|n_lu_250=0.855|r20=0.981|c_ma120=0.994|vr20=0.044|days_since_lu=0.161|dt_ratio20=NaN|lend_to_v=0.135|rev_yoy=0.168|o_turn=0.808|o_log_mcap=0.281|o_lu_follow=0.832,"官方日成交結構(MI_INDEX/dailyQuotes)=1|發行股數(MI_QFIIS/dailyQuotes)=1|外資持股(MI_QFIIS,僅上市)=0|自營商(T86/上櫃三大法人)=1|當沖(TWTB4U/上櫃intraday)=0|季財報(MOPS t163sb04)=1|月營收(MOPS/openapi)=1|官方產業別(MOPS t05st03)=1|融資券(MI_MARGN)=1|借券(TWT93U)=1|法人(T86)=1",835,inf,250.0,official_prepanel,8914.9,178.0,1.0,0.0,0,1,5.93,11.247,8.589,4396.0,1,未扣成本·事後欄位以 m_ 標示·非投資建議
SEL,4,2025-12-24,2025-12-26,2413,環科,TWSE,M,,,M0s@10,3,798,命中,13,-1.259581,,atr14=0.982|n_lu_250=0.911|r20=0.988|c_ma120=0.989|vr20=0.968|days_since_lu=0.006|dt_ratio20=0.967|lend_to_v=0.057|rev_yoy=0.157|o_turn=0.993|o_log_mcap=0.224|o_lu_follow=0.699,"官方日成交結構(MI_INDEX/dailyQuotes)=1|發行股數(MI_QFIIS/dailyQuotes)=1|外資持股(MI_QFIIS,僅上市)=1|自營商(T86/上櫃三大法人)=1|當沖(TWTB4U/上櫃intraday)=1|季財報(MOPS t163sb04)=1|月營收(MOPS/openapi)=1|官方產業別(MOPS t05st03)=1|融資券(MI_MARGN)=1|借券(TWT93U)=1|法人(T86)=1",838,inf,250.0,official_prepanel,11651.95,233.0,0.0,1.0,0,1,8.824,17.903,9.974,23477.0,0,未扣成本·事後欄位以 m_ 標示·非投資建議
SEL,4,2025-12-31,2026-01-02,6155,鈞寶,TWSE,M,,,M0s@10,5,797,命中,56,-1.61503,,atr14=0.974|n_lu_250=0.875|r20=0.777|c_ma120=0.969|vr20=0.575|days_since_lu=0.094|dt_ratio20=0.984|lend_to_v=0.036|rev_yoy=0.433|o_turn=0.957|o_log_mcap=0.180|o_lu_follow=0.974,"官方日成交結構(MI_INDEX/dailyQuotes)=1|發行股數(MI_QFIIS/dailyQuotes)=1|外資持股(MI_QFIIS,僅上市)=1|自營商(T86/上櫃三大法人)=1|當沖(TWTB4U/上櫃intraday)=1|季財報(MOPS t163sb04)=1|月營收(MOPS/openapi)=1|官方產業別(MOPS t05st03)=1|融資券(MI_MARGN)=1|借券(TWT93U)=1|法人(T86)=1",842,inf,250.0,official_prepanel,7379.15,147.0,0.0,1.0,0,1,2.648,-3.602,28.602,10917.0,0,未扣成本·事後欄位以 m_ 標示·非投資建議
HC,1,2026-01-13,2026-01-14,4989,榮科,TWSE,M,,,M0s@10,7,818,命中,7,-0.986714,,atr14=0.985|n_lu_250=0.999|r20=0.947|c_ma120=0.968|vr20=0.641|days_since_lu=0.158|dt_ratio20=0.979|lend_to_v=0.047|rev_yoy=0.920|o_turn=0.987|o_log_mcap=0.325|o_lu_follow=0.949,"官方日成交結構(MI_INDEX/dailyQuotes)=1|發行股數(MI_QFIIS/dailyQuotes)=1|外資持股(MI_QFIIS,僅上市)=1|自營商(T86/上櫃三大法人)=1|當沖(TWTB4U/上櫃intraday)=1|季財報(MOPS t163sb04)=1|月營收(MOPS/openapi)=1|官方產業別(MOPS t05st03)=1|融資券(MI_MARGN)=1|借券(TWT93U)=1|法人(T86)=1",850,inf,250.0,official_prepanel,20301.5,406.0,0.0,1.0,0,1,4.853,12.652,9.185,47623.0,0,未扣成本·事後欄位以 m_ 標示·非投資建議
HC,1,2026-01-14,2026-01-15,6152,百一,TWSE,M,,,M0s@10,9,814,命中,101,-1.378782,,atr14=0.921|n_lu_250=0.710|r20=0.916|c_ma120=0.865|vr20=0.504|days_since_lu=0.201|dt_ratio20=NaN|lend_to_v=0.014|rev_yoy=0.290|o_turn=0.732|o_log_mcap=0.047|o_lu_follow=0.725,"官方日成交結構(MI_INDEX/dailyQuotes)=1|發行股數(MI_QFIIS/dailyQuotes)=1|外資持股(MI_QFIIS,僅上市)=1|自營商(T86/上櫃三大法人)=1|當沖(TWTB4U/上櫃intraday)=0|季財報(MOPS t163sb04)=1|月營收(MOPS/openapi)=1|官方產業別(MOPS t05st03)=1|融資券(MI_MARGN)=1|借券(TWT93U)=1|法人(T86)=1",851,inf,250.0,official_prepanel,2516.85,50.0,0.0,0.0,1,0,0.0,11.673,7.004,3999.0,0,未扣成本·事後欄位以 m_ 標示·非投資建議
HC,1,2026-01-15,2026-01-16,1528,恩德,TWSE,M,,,M0s@10,1,838,命中,17,-0.640971,,atr14=0.970|n_lu_250=0.884|r20=0.995|c_ma120=0.965|vr20=0.492|days_since_lu=0.196|dt_ratio20=NaN|lend_to_v=0.087|rev_yoy=0.092|o_turn=0.949|o_log_mcap=0.232|o_lu_follow=0.939,"官方日成交結構(MI_INDEX/dailyQuotes)=1|發行股數(MI_QFIIS/dailyQuotes)=1|外資持股(MI_QFIIS,僅上市)=1|自營商(T86/上櫃三大法人)=1|當沖(TWTB4U/上櫃intraday)=0|季財報(MOPS t163sb04)=1|月營收(MOPS/openapi)=1|官方產業別(MOPS t05st03)=1|融資券(MI_MARGN)=1|借券(TWT93U)=1|法人(T86)=1",852,inf,250.0,official_prepanel,16439.9,328.0,1.0,0.0,0,1,2.717,1.449,0.0,12471.0,0,未扣成本·事後欄位以 m_ 標示·非投資建議
HC,1,2026-01-16,2026-01-19,4971,IET-KY,TPEx,M,,,M0s@10,10,850,命中,79,-1.476269,,atr14=0.955|n_lu_250=0.998|r20=0.596|c_ma120=0.976|vr20=0.734|days_since_lu=0.272|dt_ratio20=NaN|lend_to_v=0.103|rev_yoy=0.749|o_turn=0.989|o_log_mcap=0.501|o_lu_follow=0.701,"官方日成交結構(MI_INDEX/dailyQuotes)=1|發行股數(MI_QFIIS/dailyQuotes)=1|外資持股(MI_QFIIS,僅上市)=0|自營商(T86/上櫃三大法人)=1|當沖(TWTB4U/上櫃intraday)=1|季財報(MOPS t163sb04)=1|月營收(MOPS/openapi)=1|官方產業別(MOPS t05st03)=1|融資券(MI_MARGN)=1|借券(TWT93U)=1|法人(T86)=1",853,inf,250.0,official_prepanel,3960.4,79.0,0.0,1.0,0,1,6.447,5.503,23.27,9207.0,0,未扣成本·事後欄位以 m_ 標示·非投資建議
HC,1,2026-01-27,2026-01-28,2337,旺宏,TWSE,M,,,M0s@10,6,915,命中,3,-1.619845,,atr14=0.989|n_lu_250=0.962|r20=0.999|c_ma120=0.998|vr20=0.893|days_since_lu=0.016|dt_ratio20=NaN|lend_to_v=0.074|rev_yoy=0.839|o_turn=0.995|o_log_mcap=0.905|o_lu_follow=0.942,"官方日成交結構(MI_INDEX/dailyQuotes)=1|發行股數(MI_QFIIS/dailyQuotes)=1|外資持股(MI_QFIIS,僅上市)=1|自營商(T86/上櫃三大法人)=1|當沖(TWTB4U/上櫃intraday)=1|季財報(MOPS t163sb04)=1|月營收(MOPS/openapi)=1|官方產業別(MOPS t05st03)=1|融資券(MI_MARGN)=1|借券(TWT93U)=1|法人(T86)=1",860,inf,250.0,official_prepanel,189473.66,3789.0,0.0,0.0,0,1,2.57,3.427,9.67,208679.0,0,未扣成本·事後欄位以 m_ 標示·非投資建議
HC,1,2026-01-27,2026-01-28,6588,東典光電,TPEx,M,,,M0s@10,2,915,命中,114,-1.269988,,atr14=0.924|n_lu_250=0.851|r20=0.674|c_ma120=0.954|vr20=0.932|days_since_lu=0.142|dt_ratio20=NaN|lend_to_v=0.173|rev_yoy=0.671|o_turn=0.961|o_log_mcap=0.043|o_lu_follow=0.822,"官方日成交結構(MI_INDEX/dailyQuotes)=1|發行股數(MI_QFIIS/dailyQuotes)=1|外資持股(MI_QFIIS,僅上市)=0|自營商(T86/上櫃三大法人)=1|當沖(TWTB4U/上櫃intraday)=1|季財報(MOPS t163sb04)=1|月營收(MOPS/openapi)=1|官方產業別(MOPS t05st03)=1|融資券(MI_MARGN)=1|借券(TWT93U)=1|法人(T86)=1",860,inf,250.0,official_prepanel,1123.85,22.0,0.0,0.0,0,1,8.544,28.155,63.495,4633.0,0,未扣成本·事後欄位以 m_ 標示·非投資建議
HC,1,2026-02-02,2026-02-03,3138,耀登,TWSE,M,,,M0s@10,2,946,命中,65,-1.591906,,atr14=0.911|n_lu_250=0.699|r20=0.994|c_ma120=0.979|vr20=0.949|days_since_lu=0.252|dt_ratio20=NaN|lend_to_v=0.119|rev_yoy=0.771|o_turn=0.989|o_log_mcap=0.412|o_lu_follow=0.916,"官方日成交結構(MI_INDEX/dailyQuotes)=1|發行股數(MI_QFIIS/dailyQuotes)=1|外資持股(MI_QFIIS,僅上市)=1|自營商(T86/上櫃三大法人)=1|當沖(TWTB4U/上櫃intraday)=1|季財報(MOPS t163sb04)=1|月營收(MOPS/openapi)=1|官方產業別(MOPS t05st03)=1|融資券(MI_MARGN)=1|借券(TWT93U)=1|法人(T86)=1",864,inf,250.0,official_prepanel,2933.9,58.0,0.0,0.0,0,1,5.263,2.924,5.263,4508.0,0,未扣成本·事後欄位以 m_ 標示·非投資建議
HC,1,2026-02-03,2026-02-04,6152,百一,TWSE,M,,,M0s@10,2,935,命中,36,-1.323097,,atr14=0.971|n_lu_250=0.814|r20=0.963|c_ma120=0.946|vr20=0.531|days_since_lu=0.179|dt_ratio20=NaN|lend_to_v=0.015|rev_yoy=0.289|o_turn=0.768|o_log_mcap=0.088|o_lu_follow=0.859,"官方日成交結構(MI_INDEX/dailyQuotes)=1|發行股數(MI_QFIIS/dailyQuotes)=1|外資持股(MI_QFIIS,僅上市)=1|自營商(T86/上櫃三大法人)=1|當沖(TWTB4U/上櫃intraday)=0|季財報(MOPS t163sb04)=1|月營收(MOPS/openapi)=1|官方產業別(MOPS t05st03)=1|融資券(MI_MARGN)=1|借券(TWT93U)=1|法人(T86)=1",865,inf,250.0,official_prepanel,3542.65,70.0,0.0,0.0,0,1,10.266,12.928,38.783,7065.0,0,未扣成本·事後欄位以 m_ 標示·非投資建議
HC,1,2026-02-05,2026-02-06,3550,聯穎,TWSE,M,,,M0s@10,6,953,命中,161,-1.206298,,atr14=0.832|n_lu_250=0.531|r20=0.892|c_ma120=0.861|vr20=0.834|days_since_lu=0.369|dt_ratio20=0.855|lend_to_v=0.154|rev_yoy=0.418|o_turn=0.888|o_log_mcap=0.056|o_lu_follow=0.160,"官方日成交結構(MI_INDEX/dailyQuotes)=1|發行股數(MI_QFIIS/dailyQuotes)=1|外資持股(MI_QFIIS,僅上市)=1|自營商(T86/上櫃三大法人)=1|當沖(TWTB4U/上櫃intraday)=1|季財報(MOPS t163sb04)=1|月營收(MOPS/openapi)=1|官方產業別(MOPS t05st03)=1|融資券(MI_MARGN)=1|借券(TWT93U)=1|法人(T86)=1",867,inf,250.0,official_prepanel,2960.15,59.0,0.0,0.0,0,1,9.971,11.144,5.572,14599.0,0,未扣成本·事後欄位以 m_ 標示·非投資建議
HC,1,2026-02-11,2026-02-23,4534,慶騰,TPEx,M,,,M0s@10,1,958,命中,17,-1.430825,,atr14=0.965|n_lu_250=0.933|r20=0.990|c_ma120=0.918|vr20=0.264|days_since_lu=0.157|dt_ratio20=NaN|lend_to_v=0.019|rev_yoy=0.535|o_turn=0.697|o_log_mcap=0.061|o_lu_follow=0.804,"官方日成交結構(MI_INDEX/dailyQuotes)=1|發行股數(MI_QFIIS/dailyQuotes)=1|外資持股(MI_QFIIS,僅上市)=0|自營商(T86/上櫃三大法人)=1|當沖(TWTB4U/上櫃intraday)=0|季財報(MOPS t163sb04)=1|月營收(MOPS/openapi)=1|官方產業別(MOPS t05st03)=1|融資券(MI_MARGN)=1|借券(TWT93U)=1|法人(T86)=1",871,inf,250.0,official_prepanel,1846.75,36.0,0.0,0.0,1,0,0.0,30.126,9.205,362.0,0,未扣成本·事後欄位以 m_ 標示·非投資建議
HC,1,2026-02-11,2026-02-23,4577,達航科技,TPEx,M,,,M0s@10,7,958,命中,24,-1.892738,,atr14=0.922|n_lu_250=0.997|r20=0.901|c_ma120=0.931|vr20=0.789|days_since_lu=0.084|dt_ratio20=NaN|lend_to_v=0.050|rev_yoy=0.513|o_turn=0.965|o_log_mcap=0.152|o_lu_follow=0.934,"官方日成交結構(MI_INDEX/dailyQuotes)=1|發行股數(MI_QFIIS/dailyQuotes)=1|外資持股(MI_QFIIS,僅上市)=0|自營商(T86/上櫃三大法人)=1|當沖(TWTB4U/上櫃intraday)=1|季財報(MOPS t163sb04)=1|月營收(MOPS/openapi)=1|官方產業別(MOPS t05st03)=1|融資券(MI_MARGN)=1|借券(TWT93U)=1|法人(T86)=1",871,inf,250.0,official_prepanel,2508.7,50.0,0.0,0.0,0,1,9.045,59.129,41.039,3228.0,0,未扣成本·事後欄位以 m_ 標示·非投資建議
HC,1,2026-02-23,2026-02-24,5291,邑昇,TPEx,M,,,M0s@10,1,917,命中,119,-1.215221,,atr14=0.989|n_lu_250=0.764|r20=0.576|c_ma120=0.957|vr20=0.774|days_since_lu=0.067|dt_ratio20=NaN|lend_to_v=0.054|rev_yoy=0.695|o_turn=0.981|o_log_mcap=0.039|o_lu_follow=0.972,"官方日成交結構(MI_INDEX/dailyQuotes)=1|發行股數(MI_QFIIS/dailyQuotes)=1|外資持股(MI_QFIIS,僅上市)=0|自營商(T86/上櫃三大法人)=1|當沖(TWTB4U/上櫃intraday)=1|季財報(MOPS t163sb04)=1|月營收(MOPS/openapi)=1|官方產業別(MOPS t05st03)=1|融資券(MI_MARGN)=1|借券(TWT93U)=1|法人(T86)=1",872,inf,250.0,official_prepanel,2068.4,41.0,0.0,0.0,0,1,10.5,37.0,29.5,4987.0,0,未扣成本·事後欄位以 m_ 標示·非投資建議
HC,1,2026-02-24,2026-02-25,1471,首利,TWSE,M,,,M0s@10,2,931,命中,60,-1.240203,,atr14=0.989|n_lu_250=0.816|r20=0.915|c_ma120=0.798|vr20=0.221|days_since_lu=0.157|dt_ratio20=NaN|lend_to_v=0.018|rev_yoy=0.030|o_turn=0.633|o_log_mcap=0.040|o_lu_follow=0.951,"官方日成交結構(MI_INDEX/dailyQuotes)=1|發行股數(MI_QFIIS/dailyQuotes)=1|外資持股(MI_QFIIS,僅上市)=1|自營商(T86/上櫃三大法人)=1|當沖(TWTB4U/上櫃intraday)=0|季財報(MOPS t163sb04)=1|月營收(MOPS/openapi)=1|官方產業別(MOPS t05st03)=1|融資券(MI_MARGN)=1|借券(TWT93U)=1|法人(T86)=1",873,inf,250.0,official_prepanel,2705.3,54.0,0.0,0.0,0,1,6.438,6.438,4.292,1411.0,0,未扣成本·事後欄位以 m_ 標示·非投資建議
HC,1,2026-02-24,2026-02-25,3092,鴻碩,TWSE,M,,,M0s@10,9,931,命中,114,-1.454609,,atr14=0.893|n_lu_250=0.925|r20=0.546|c_ma120=0.953|vr20=0.970|days_since_lu=0.016|dt_ratio20=0.667|lend_to_v=0.427|rev_yoy=0.174|o_turn=0.897|o_log_mcap=0.140|o_lu_follow=0.941,"官方日成交結構(MI_INDEX/dailyQuotes)=1|發行股數(MI_QFIIS/dailyQuotes)=1|外資持股(MI_QFIIS,僅上市)=1|自營商(T86/上櫃三大法人)=1|當沖(TWTB4U/上櫃intraday)=1|季財報(MOPS t163sb04)=1|月營收(MOPS/openapi)=1|官方產業別(MOPS t05st03)=1|融資券(MI_MARGN)=1|借券(TWT93U)=1|法人(T86)=1",873,inf,250.0,official_prepanel,1190.0,23.0,0.0,0.0,0,1,8.534,38.404,18.738,3874.0,0,未扣成本·事後欄位以 m_ 標示·非投資建議
HC,1,2026-02-26,2026-03-02,2485,兆赫,TWSE,M,,,M0s@10,3,892,命中,10,-1.093818,,atr14=0.992|n_lu_250=0.971|r20=0.946|c_ma120=0.993|vr20=0.859|days_since_lu=0.108|dt_ratio20=NaN|lend_to_v=0.086|rev_yoy=0.942|o_turn=0.999|o_log_mcap=0.568|o_lu_follow=0.948,"官方日成交結構(MI_INDEX/dailyQuotes)=1|發行股數(MI_QFIIS/dailyQuotes)=1|外資持股(MI_QFIIS,僅上市)=1|自營商(T86/上櫃三大法人)=1|當沖(TWTB4U/上櫃intraday)=1|季財報(MOPS t163sb04)=1|月營收(MOPS/openapi)=1|官方產業別(MOPS t05st03)=1|融資券(MI_MARGN)=1|借券(TWT93U)=1|法人(T86)=1",875,inf,250.0,official_prepanel,44107.75,882.0,0.0,2.0,0,1,16.608,32.391,46.054,50820.0,0,未扣成本·事後欄位以 m_ 標示·非投資建議
HC,1,2026-03-10,2026-03-11,3555,博士旺,TPEx,M,,,M0s@10,1,863,命中,22,-0.941687,,atr14=0.931|n_lu_250=0.997|r20=0.974|c_ma120=0.986|vr20=0.456|days_since_lu=0.105|dt_ratio20=NaN|lend_to_v=0.041|rev_yoy=0.995|o_turn=0.704|o_log_mcap=0.250|o_lu_follow=0.996,"官方日成交結構(MI_INDEX/dailyQuotes)=1|發行股數(MI_QFIIS/dailyQuotes)=1|外資持股(MI_QFIIS,僅上市)=0|自營商(T86/上櫃三大法人)=1|當沖(TWTB4U/上櫃intraday)=1|季財報(MOPS t163sb04)=1|月營收(MOPS/openapi)=1|官方產業別(MOPS t05st03)=1|融資券(MI_MARGN)=1|借券(TWT93U)=1|法人(T86)=1",882,inf,250.0,official_prepanel,540.8,10.0,0.0,0.0,1,0,0.0,38.29,23.42,222.0,0,未扣成本·事後欄位以 m_ 標示·非投資建議
HC,1,2026-03-10,2026-03-11,4542,科嶠,TPEx,M,,,M0s@10,3,863,命中,15,-1.198065,,atr14=0.980|n_lu_250=0.943|r20=0.997|c_ma120=0.997|vr20=0.618|days_since_lu=0.105|dt_ratio20=NaN|lend_to_v=0.047|rev_yoy=0.894|o_turn=0.958|o_log_mcap=0.242|o_lu_follow=0.932,"官方日成交結構(MI_INDEX/dailyQuotes)=1|發行股數(MI_QFIIS/dailyQuotes)=1|外資持股(MI_QFIIS,僅上市)=0|自營商(T86/上櫃三大法人)=1|當沖(TWTB4U/上櫃intraday)=1|季財報(MOPS t163sb04)=1|月營收(MOPS/openapi)=1|官方產業別(MOPS t05st03)=1|融資券(MI_MARGN)=1|借券(TWT93U)=1|法人(T86)=1",882,inf,250.0,official_prepanel,1887.2,37.0,0.0,0.0,0,1,9.428,23.232,18.855,1588.0,0,未扣成本·事後欄位以 m_ 標示·非投資建議
HC,1,2026-03-10,2026-03-11,4949,有成精密,TWSE,M,,,M0s@10,2,863,命中,56,-1.030266,,atr14=0.802|n_lu_250=0.992|r20=0.937|c_ma120=0.947|vr20=0.851|days_since_lu=0.193|dt_ratio20=0.842|lend_to_v=0.146|rev_yoy=0.643|o_turn=0.948|o_log_mcap=0.157|o_lu_follow=0.980,"官方日成交結構(MI_INDEX/dailyQuotes)=1|發行股數(MI_QFIIS/dailyQuotes)=1|外資持股(MI_QFIIS,僅上市)=1|自營商(T86/上櫃三大法人)=1|當沖(TWTB4U/上櫃intraday)=1|季財報(MOPS t163sb04)=1|月營收(MOPS/openapi)=1|官方產業別(MOPS t05st03)=1|融資券(MI_MARGN)=1|借券(TWT93U)=1|法人(T86)=1",444,444.0,250.0,official,2072.3,41.0,0.0,0.0,0,1,2.909,20.727,10.909,7773.0,0,未扣成本·事後欄位以 m_ 標示·非投資建議
HC,1,2026-03-10,2026-03-11,8271,宇瞻,TWSE,M,,,M0s@10,6,863,命中,85,-1.364696,,atr14=0.799|n_lu_250=0.888|r20=0.916|c_ma120=0.955|vr20=0.977|days_since_lu=0.176|dt_ratio20=0.985|lend_to_v=0.120|rev_yoy=0.955|o_turn=0.996|o_log_mcap=0.609|o_lu_follow=0.923,"官方日成交結構(MI_INDEX/dailyQuotes)=1|發行股數(MI_QFIIS/dailyQuotes)=1|外資持股(MI_QFIIS,僅上市)=1|自營商(T86/上櫃三大法人)=1|當沖(TWTB4U/上櫃intraday)=1|季財報(MOPS t163sb04)=1|月營收(MOPS/openapi)=1|官方產業別(MOPS t05st03)=1|融資券(MI_MARGN)=1|借券(TWT93U)=1|法人(T86)=1",882,inf,250.0,official_prepanel,8125.9,162.0,0.0,0.0,0,1,4.727,35.273,11.636,18573.0,0,未扣成本·事後欄位以 m_ 標示·非投資建議
HC,1,2026-03-11,2026-03-12,4956,光鋐,TWSE,M,,,M0s@10,8,832,命中,100,-1.630594,,atr14=0.925|n_lu_250=0.657|r20=0.874|c_ma120=0.898|vr20=0.373|days_since_lu=0.008|dt_ratio20=0.994|lend_to_v=0.174|rev_yoy=0.414|o_turn=0.954|o_log_mcap=0.087|o_lu_follow=0.807,"官方日成交結構(MI_INDEX/dailyQuotes)=1|發行股數(MI_QFIIS/dailyQuotes)=1|外資持股(MI_QFIIS,僅上市)=1|自營商(T86/上櫃三大法人)=1|當沖(TWTB4U/上櫃intraday)=1|季財報(MOPS t163sb04)=1|月營收(MOPS/openapi)=1|官方產業別(MOPS t05st03)=1|融資券(MI_MARGN)=1|借券(TWT93U)=1|法人(T86)=1",883,inf,250.0,official_prepanel,6350.3,127.0,0.0,0.0,0,1,10.078,23.062,44.186,9169.0,0,未扣成本·事後欄位以 m_ 標示·非投資建議
HC,1,2026-03-11,2026-03-12,6727,亞泰金屬,TPEx,M,,,M0s@10,7,832,命中,32,-1.555605,,atr14=0.968|n_lu_250=0.944|r20=0.967|c_ma120=0.870|vr20=0.779|days_since_lu=0.118|dt_ratio20=NaN|lend_to_v=0.044|rev_yoy=0.981|o_turn=0.983|o_log_mcap=0.281|o_lu_follow=0.980,"官方日成交結構(MI_INDEX/dailyQuotes)=1|發行股數(MI_QFIIS/dailyQuotes)=1|外資持股(MI_QFIIS,僅上市)=0|自營商(T86/上櫃三大法人)=1|當沖(TWTB4U/上櫃intraday)=1|季財報(MOPS t163sb04)=1|月營收(MOPS/openapi)=1|官方產業別(MOPS t05st03)=1|融資券(MI_MARGN)=1|借券(TWT93U)=1|法人(T86)=1",883,inf,250.0,official_prepanel,1528.95,30.0,0.0,0.0,0,1,10.981,35.514,30.14,3582.0,0,未扣成本·事後欄位以 m_ 標示·非投資建議
HC,1,2026-03-16,2026-03-17,3508,位速,TPEx,M,,,M0s@10,4,857,命中,36,-1.311758,,atr14=0.967|n_lu_250=0.947|r20=0.946|c_ma120=0.962|vr20=0.681|days_since_lu=0.030|dt_ratio20=NaN|lend_to_v=0.017|rev_yoy=0.031|o_turn=0.904|o_log_mcap=0.170|o_lu_follow=0.994,"官方日成交結構(MI_INDEX/dailyQuotes)=1|發行股數(MI_QFIIS/dailyQuotes)=1|外資持股(MI_QFIIS,僅上市)=0|自營商(T86/上櫃三大法人)=1|當沖(TWTB4U/上櫃intraday)=0|季財報(MOPS t163sb04)=1|月營收(MOPS/openapi)=1|官方產業別(MOPS t05st03)=1|融資券(MI_MARGN)=1|借券(TWT93U)=1|法人(T86)=1",886,inf,250.0,official_prepanel,2924.0,58.0,0.0,1.0,0,1,3.095,2.738,0.119,6419.0,0,未扣成本·事後欄位以 m_ 標示·非投資建議
HC,1,2026-03-18,2026-03-19,6588,東典光電,TPEx,M,,,M0s@10,7,874,命中,11,-1.190634,,atr14=0.995|n_lu_250=0.985|r20=0.928|c_ma120=0.989|vr20=0.993|days_since_lu=0.016|dt_ratio20=NaN|lend_to_v=0.070|rev_yoy=0.652|o_turn=0.987|o_log_mcap=0.122|o_lu_follow=0.947,"官方日成交結構(MI_INDEX/dailyQuotes)=1|發行股數(MI_QFIIS/dailyQuotes)=1|外資持股(MI_QFIIS,僅上市)=0|自營商(T86/上櫃三大法人)=1|當沖(TWTB4U/上櫃intraday)=1|季財報(MOPS t163sb04)=1|月營收(MOPS/openapi)=1|官方產業別(MOPS t05st03)=1|融資券(MI_MARGN)=1|借券(TWT93U)=1|法人(T86)=1",888,inf,250.0,official_prepanel,1140.05,22.0,0.0,1.0,0,1,9.071,15.301,44.809,2797.0,0,未扣成本·事後欄位以 m_ 標示·非投資建議
HC,1,2026-03-19,2026-03-20,6530,創威,TPEx,M,,,M0s@10,10,886,命中,92,-1.30846,,atr14=0.934|n_lu_250=0.840|r20=0.946|c_ma120=0.865|vr20=0.703|days_since_lu=0.220|dt_ratio20=NaN|lend_to_v=0.050|rev_yoy=0.719|o_turn=0.990|o_log_mcap=0.091|o_lu_follow=0.420,"官方日成交結構(MI_INDEX/dailyQuotes)=1|發行股數(MI_QFIIS/dailyQuotes)=1|外資持股(MI_QFIIS,僅上市)=0|自營商(T86/上櫃三大法人)=1|當沖(TWTB4U/上櫃intraday)=1|季財報(MOPS t163sb04)=1|月營收(MOPS/openapi)=1|官方產業別(MOPS t05st03)=1|融資券(MI_MARGN)=1|借券(TWT93U)=1|法人(T86)=1",889,inf,250.0,official_prepanel,5171.7,103.0,0.0,0.0,0,1,4.599,12.736,5.189,8814.0,0,未扣成本·事後欄位以 m_ 標示·非投資建議
HC,1,2026-03-31,2026-04-01,6830,汎銓,TWSE,M,,,M0s@10,8,896,命中,26,-1.296556,,atr14=0.927|n_lu_250=0.890|r20=0.992|c_ma120=0.998|vr20=0.973|days_since_lu=0.035|dt_ratio20=NaN|lend_to_v=0.176|rev_yoy=0.791|o_turn=0.994|o_log_mcap=0.676|o_lu_follow=0.925,"官方日成交結構(MI_INDEX/dailyQuotes)=1|發行股數(MI_QFIIS/dailyQuotes)=1|外資持股(MI_QFIIS,僅上市)=1|自營商(T86/上櫃三大法人)=1|當沖(TWTB4U/上櫃intraday)=1|季財報(MOPS t163sb04)=1|月營收(MOPS/openapi)=1|官方產業別(MOPS t05st03)=1|融資券(MI_MARGN)=1|借券(TWT93U)=1|法人(T86)=1",865,865.0,250.0,official,2819.75,56.0,0.0,0.0,0,1,1.782,28.511,59.647,2985.0,0,未扣成本·事後欄位以 m_ 標示·非投資建議
HC,2,2026-04-07,2026-04-08,6141,柏承,TWSE,M,,,M0s@10,3,877,命中,39,-0.853259,,atr14=0.997|n_lu_250=0.892|r20=0.874|c_ma120=0.966|vr20=0.794|days_since_lu=0.222|dt_ratio20=NaN|lend_to_v=0.019|rev_yoy=0.240|o_turn=0.875|o_log_mcap=0.076|o_lu_follow=0.998,"官方日成交結構(MI_INDEX/dailyQuotes)=1|發行股數(MI_QFIIS/dailyQuotes)=1|外資持股(MI_QFIIS,僅上市)=1|自營商(T86/上櫃三大法人)=1|當沖(TWTB4U/上櫃intraday)=0|季財報(MOPS t163sb04)=1|月營收(MOPS/openapi)=1|官方產業別(MOPS t05st03)=1|融資券(MI_MARGN)=1|借券(TWT93U)=1|法人(T86)=1",900,inf,250.0,official_prepanel,2172.9,43.0,0.0,0.0,0,1,10.886,18.987,76.962,2224.0,0,未扣成本·事後欄位以 m_ 標示·非投資建議
HC,2,2026-04-07,2026-04-08,6226,光鼎,TWSE,M,,,M0s@10,7,877,命中,25,-1.032674,,atr14=0.982|n_lu_250=0.914|r20=0.960|c_ma120=0.931|vr20=0.719|days_since_lu=0.159|dt_ratio20=NaN|lend_to_v=0.019|rev_yoy=0.342|o_turn=0.856|o_log_mcap=0.015|o_lu_follow=0.993,"官方日成交結構(MI_INDEX/dailyQuotes)=1|發行股數(MI_QFIIS/dailyQuotes)=1|外資持股(MI_QFIIS,僅上市)=1|自營商(T86/上櫃三大法人)=1|當沖(TWTB4U/上櫃intraday)=0|季財報(MOPS t163sb04)=1|月營收(MOPS/openapi)=1|官方產業別(MOPS t05st03)=1|融資券(MI_MARGN)=1|借券(TWT93U)=1|法人(T86)=1",900,inf,250.0,official_prepanel,2875.55,57.0,0.0,0.0,0,1,3.797,5.907,23.207,1045.0,0,未扣成本·事後欄位以 m_ 標示·非投資建議
HC,2,2026-04-08,2026-04-09,3054,立萬利,TWSE,M,,,M0s@10,6,835,命中,15,-0.923369,,atr14=0.998|n_lu_250=0.951|r20=0.917|c_ma120=0.984|vr20=0.894|days_since_lu=0.047|dt_ratio20=NaN|lend_to_v=0.049|rev_yoy=0.989|o_turn=0.753|o_log_mcap=0.246|o_lu_follow=0.998,"官方日成交結構(MI_INDEX/dailyQuotes)=1|發行股數(MI_QFIIS/dailyQuotes)=1|外資持股(MI_QFIIS,僅上市)=1|自營商(T86/上櫃三大法人)=1|當沖(TWTB4U/上櫃intraday)=1|季財報(MOPS t163sb04)=1|月營收(MOPS/openapi)=1|官方產業別(MOPS t05st03)=1|融資券(MI_MARGN)=1|借券(TWT93U)=1|法人(T86)=1",901,inf,250.0,official_prepanel,664.2,13.0,0.0,0.0,1,0,0.0,-2.632,5.263,259.0,0,未扣成本·事後欄位以 m_ 標示·非投資建議
HC,2,2026-04-08,2026-04-09,4949,有成精密,TWSE,M,,,M0s@10,1,835,命中,9,-0.564385,,atr14=0.971|n_lu_250=0.987|r20=0.974|c_ma120=0.975|vr20=0.268|days_since_lu=0.087|dt_ratio20=0.948|lend_to_v=0.056|rev_yoy=0.843|o_turn=0.936|o_log_mcap=0.229|o_lu_follow=0.924,"官方日成交結構(MI_INDEX/dailyQuotes)=1|發行股數(MI_QFIIS/dailyQuotes)=1|外資持股(MI_QFIIS,僅上市)=1|自營商(T86/上櫃三大法人)=1|當沖(TWTB4U/上櫃intraday)=1|季財報(MOPS t163sb04)=1|月營收(MOPS/openapi)=1|官方產業別(MOPS t05st03)=1|融資券(MI_MARGN)=1|借券(TWT93U)=1|法人(T86)=1",463,463.0,250.0,official,6413.1,128.0,0.0,1.0,0,1,10.315,27.507,31.662,7551.0,0,未扣成本·事後欄位以 m_ 標示·非投資建議
HC,2,2026-04-08,2026-04-09,6217,中探針,TPEx,M,,,M0s@10,10,835,命中,1,-1.081798,,atr14=0.980|n_lu_250=0.999|r20=0.999|c_ma120=0.999|vr20=0.984|days_since_lu=0.047|dt_ratio20=NaN|lend_to_v=0.090|rev_yoy=0.858|o_turn=0.998|o_log_mcap=0.666|o_lu_follow=0.935,"官方日成交結構(MI_INDEX/dailyQuotes)=1|發行股數(MI_QFIIS/dailyQuotes)=1|外資持股(MI_QFIIS,僅上市)=0|自營商(T86/上櫃三大法人)=1|當沖(TWTB4U/上櫃intraday)=1|季財報(MOPS t163sb04)=1|月營收(MOPS/openapi)=1|官方產業別(MOPS t05st03)=1|融資券(MI_MARGN)=1|借券(TWT93U)=1|法人(T86)=1",901,inf,250.0,official_prepanel,6852.3,137.0,0.0,1.0,0,1,12.565,14.136,55.236,19602.0,0,未扣成本·事後欄位以 m_ 標示·非投資建議
HC,2,2026-04-09,2026-04-10,6426,統新,TWSE,M,,,M0s@10,2,859,命中,16,-0.466521,,atr14=0.961|n_lu_250=0.964|r20=0.982|c_ma120=0.975|vr20=0.917|days_since_lu=0.079|dt_ratio20=NaN|lend_to_v=0.078|rev_yoy=0.617|o_turn=0.976|o_log_mcap=0.327|o_lu_follow=0.936,"官方日成交結構(MI_INDEX/dailyQuotes)=1|發行股數(MI_QFIIS/dailyQuotes)=1|外資持股(MI_QFIIS,僅上市)=1|自營商(T86/上櫃三大法人)=1|當沖(TWTB4U/上櫃intraday)=1|季財報(MOPS t163sb04)=1|月營收(MOPS/openapi)=1|官方產業別(MOPS t05st03)=1|融資券(MI_MARGN)=1|借券(TWT93U)=1|法人(T86)=1",902,inf,250.0,official_prepanel,2231.1,44.0,0.0,0.0,0,1,4.787,9.84,27.394,5452.0,0,未扣成本·事後欄位以 m_ 標示·非投資建議
HC,2,2026-04-13,2026-04-14,4956,光鋐,TWSE,M,,,M0s@10,3,814,命中,76,-0.528504,,atr14=0.936|n_lu_250=0.759|r20=0.969|c_ma120=0.966|vr20=0.308|days_since_lu=0.236|dt_ratio20=0.997|lend_to_v=0.072|rev_yoy=0.526|o_turn=0.974|o_log_mcap=0.158|o_lu_follow=0.848,"官方日成交結構(MI_INDEX/dailyQuotes)=1|發行股數(MI_QFIIS/dailyQuotes)=1|外資持股(MI_QFIIS,僅上市)=1|自營商(T86/上櫃三大法人)=1|當沖(TWTB4U/上櫃intraday)=1|季財報(MOPS t163sb04)=1|月營收(MOPS/openapi)=1|官方產業別(MOPS t05st03)=1|融資券(MI_MARGN)=1|借券(TWT93U)=1|法人(T86)=1",904,inf,250.0,official_prepanel,15966.5,319.0,0.0,2.0,0,1,4.5,36.75,15.0,26551.0,0,未扣成本·事後欄位以 m_ 標示·非投資建議
HC,2,2026-04-14,2026-04-15,3339,泰谷,TPEx,M,,,M0s@10,6,843,命中,45,-0.86333,,atr14=0.954|n_lu_250=0.827|r20=0.993|c_ma120=0.977|vr20=0.812|days_since_lu=0.024|dt_ratio20=NaN|lend_to_v=0.051|rev_yoy=0.844|o_turn=0.995|o_log_mcap=0.145|o_lu_follow=0.703,"官方日成交結構(MI_INDEX/dailyQuotes)=1|發行股數(MI_QFIIS/dailyQuotes)=1|外資持股(MI_QFIIS,僅上市)=0|自營商(T86/上櫃三大法人)=1|當沖(TWTB4U/上櫃intraday)=1|季財報(MOPS t163sb04)=1|月營收(MOPS/openapi)=1|官方產業別(MOPS t05st03)=1|融資券(MI_MARGN)=1|借券(TWT93U)=1|法人(T86)=1",905,inf,250.0,official_prepanel,8033.95,160.0,0.0,2.0,0,1,5.138,31.009,-3.67,7924.0,0,未扣成本·事後欄位以 m_ 標示·非投資建議
HC,2,2026-04-16,2026-04-17,3437,榮創,TWSE,M,,,M0s@10,1,838,命中,121,-0.488356,,atr14=0.935|n_lu_250=0.897|r20=0.669|c_ma120=0.935|vr20=0.955|days_since_lu=0.016|dt_ratio20=NaN|lend_to_v=0.209|rev_yoy=0.096|o_turn=0.973|o_log_mcap=0.147|o_lu_follow=0.915,"官方日成交結構(MI_INDEX/dailyQuotes)=1|發行股數(MI_QFIIS/dailyQuotes)=1|外資持股(MI_QFIIS,僅上市)=1|自營商(T86/上櫃三大法人)=1|當沖(TWTB4U/上櫃intraday)=1|季財報(MOPS t163sb04)=1|月營收(MOPS/openapi)=1|官方產業別(MOPS t05st03)=1|融資券(MI_MARGN)=1|借券(TWT93U)=1|法人(T86)=1",907,inf,250.0,official_prepanel,5026.75,100.0,0.0,0.0,0,1,11.934,0.617,9.259,14368.0,0,未扣成本·事後欄位以 m_ 標示·非投資建議
HC,2,2026-05-04,2026-05-05,4741,泓瀚,TPEx,M,,,M0s@10,3,885,命中,36,-0.913266,,atr14=0.997|n_lu_250=0.864|r20=0.935|c_ma120=0.970|vr20=0.569|days_since_lu=0.050|dt_ratio20=NaN|lend_to_v=0.079|rev_yoy=0.472|o_turn=0.901|o_log_mcap=0.050|o_lu_follow=0.919,"官方日成交結構(MI_INDEX/dailyQuotes)=1|發行股數(MI_QFIIS/dailyQuotes)=1|外資持股(MI_QFIIS,僅上市)=0|自營商(T86/上櫃三大法人)=1|當沖(TWTB4U/上櫃intraday)=1|季財報(MOPS t163sb04)=1|月營收(MOPS/openapi)=1|官方產業別(MOPS t05st03)=1|融資券(MI_MARGN)=1|借券(TWT93U)=1|法人(T86)=1",918,inf,250.0,official_prepanel,1264.55,25.0,0.0,0.0,0,1,7.88,15.572,9.944,2016.0,0,未扣成本·事後欄位以 m_ 標示·非投資建議
HC,2,2026-05-06,2026-05-07,6727,亞泰金屬,TPEx,M,,,M0s@10,4,945,命中,83,-0.966711,,atr14=0.989|n_lu_250=0.960|r20=0.697|c_ma120=0.953|vr20=0.981|days_since_lu=0.016|dt_ratio20=NaN|lend_to_v=0.058|rev_yoy=0.730|o_turn=0.989|o_log_mcap=0.476|o_lu_follow=0.962,"官方日成交結構(MI_INDEX/dailyQuotes)=1|發行股數(MI_QFIIS/dailyQuotes)=1|外資持股(MI_QFIIS,僅上市)=0|自營商(T86/上櫃三大法人)=1|當沖(TWTB4U/上櫃intraday)=1|季財報(MOPS t163sb04)=1|月營收(MOPS/openapi)=1|官方產業別(MOPS t05st03)=1|融資券(MI_MARGN)=1|借券(TWT93U)=1|法人(T86)=1",920,inf,250.0,official_prepanel,1271.0,25.0,0.0,0.0,0,1,9.952,28.297,19.065,4112.0,0,未扣成本·事後欄位以 m_ 標示·非投資建議
HC,2,2026-05-08,2026-05-11,4973,廣穎,TPEx,M,,,M0s@10,9,971,命中,43,-1.19557,,atr14=0.837|n_lu_250=0.981|r20=0.943|c_ma120=0.972|vr20=0.854|days_since_lu=0.189|dt_ratio20=NaN|lend_to_v=0.053|rev_yoy=0.912|o_turn=0.997|o_log_mcap=0.315|o_lu_follow=0.955,"官方日成交結構(MI_INDEX/dailyQuotes)=1|發行股數(MI_QFIIS/dailyQuotes)=1|外資持股(MI_QFIIS,僅上市)=0|自營商(T86/上櫃三大法人)=1|當沖(TWTB4U/上櫃intraday)=1|季財報(MOPS t163sb04)=1|月營收(MOPS/openapi)=1|官方產業別(MOPS t05st03)=1|融資券(MI_MARGN)=1|借券(TWT93U)=1|法人(T86)=1",922,inf,250.0,official_prepanel,8257.25,165.0,0.0,0.0,0,1,3.302,10.377,8.491,5391.0,0,未扣成本·事後欄位以 m_ 標示·非投資建議
HC,2,2026-05-15,2026-05-18,3615,安可,TPEx,M,,,M0s@10,4,970,命中,155,-1.127604,,atr14=0.872|n_lu_250=0.788|r20=0.840|c_ma120=0.822|vr20=0.957|days_since_lu=0.039|dt_ratio20=NaN|lend_to_v=0.127|rev_yoy=0.055|o_turn=0.995|o_log_mcap=0.117|o_lu_follow=0.288,"官方日成交結構(MI_INDEX/dailyQuotes)=1|發行股數(MI_QFIIS/dailyQuotes)=1|外資持股(MI_QFIIS,僅上市)=0|自營商(T86/上櫃三大法人)=1|當沖(TWTB4U/上櫃intraday)=1|季財報(MOPS t163sb04)=1|月營收(MOPS/openapi)=1|官方產業別(MOPS t05st03)=1|融資券(MI_MARGN)=1|借券(TWT93U)=1|法人(T86)=1",927,inf,250.0,official_prepanel,4619.9,92.0,0.0,0.0,0,1,7.339,24.64,28.834,15331.0,0,未扣成本·事後欄位以 m_ 標示·非投資建議
HC,2,2026-05-20,2026-05-21,3236,千如,TPEx,M,,,M0s@10,9,965,命中,90,-1.221898,,atr14=0.807|n_lu_250=0.821|r20=0.955|c_ma120=0.883|vr20=0.981|days_since_lu=0.088|dt_ratio20=NaN|lend_to_v=0.098|rev_yoy=0.768|o_turn=0.996|o_log_mcap=0.243|o_lu_follow=0.487,"官方日成交結構(MI_INDEX/dailyQuotes)=1|發行股數(MI_QFIIS/dailyQuotes)=1|外資持股(MI_QFIIS,僅上市)=0|自營商(T86/上櫃三大法人)=1|當沖(TWTB4U/上櫃intraday)=1|季財報(MOPS t163sb04)=1|月營收(MOPS/openapi)=1|官方產業別(MOPS t05st03)=1|融資券(MI_MARGN)=1|借券(TWT93U)=1|法人(T86)=1",930,inf,250.0,official_prepanel,9448.15,188.0,0.0,2.0,0,1,5.349,24.236,17.904,18367.0,0,未扣成本·事後欄位以 m_ 標示·非投資建議
HC,2,2026-05-20,2026-05-21,8289,泰藝,TPEx,M,,,M0s@10,1,965,命中,160,-0.542165,,atr14=0.889|n_lu_250=0.893|r20=0.532|c_ma120=0.967|vr20=0.895|days_since_lu=0.105|dt_ratio20=NaN|lend_to_v=0.173|rev_yoy=0.209|o_turn=0.958|o_log_mcap=0.201|o_lu_follow=0.495,"官方日成交結構(MI_INDEX/dailyQuotes)=1|發行股數(MI_QFIIS/dailyQuotes)=1|外資持股(MI_QFIIS,僅上市)=0|自營商(T86/上櫃三大法人)=1|當沖(TWTB4U/上櫃intraday)=1|季財報(MOPS t163sb04)=1|月營收(MOPS/openapi)=1|官方產業別(MOPS t05st03)=1|融資券(MI_MARGN)=1|借券(TWT93U)=1|法人(T86)=1",930,inf,250.0,official_prepanel,3508.8,70.0,0.0,0.0,0,1,7.993,22.38,28.242,10420.0,0,未扣成本·事後欄位以 m_ 標示·非投資建議
HC,2,2026-05-21,2026-05-22,3042,晶技,TWSE,M,,,M0s@10,9,934,命中,299,-1.303951,,atr14=0.935|n_lu_250=0.547|r20=0.402|c_ma120=0.942|vr20=0.965|days_since_lu=0.393|dt_ratio20=NaN|lend_to_v=0.152|rev_yoy=0.324|o_turn=0.974|o_log_mcap=0.827|o_lu_follow=0.964,"官方日成交結構(MI_INDEX/dailyQuotes)=1|發行股數(MI_QFIIS/dailyQuotes)=1|外資持股(MI_QFIIS,僅上市)=1|自營商(T86/上櫃三大法人)=1|當沖(TWTB4U/上櫃intraday)=1|季財報(MOPS t163sb04)=1|月營收(MOPS/openapi)=1|官方產業別(MOPS t05st03)=1|融資券(MI_MARGN)=1|借券(TWT93U)=1|法人(T86)=1",931,inf,250.0,official_prepanel,11638.9,232.0,0.0,0.0,0,1,6.344,31.42,25.68,31528.0,0,未扣成本·事後欄位以 m_ 標示·非投資建議
HC,2,2026-05-25,2026-05-26,4923,力士,TPEx,M,,,M0s@10,9,909,命中,162,-1.074209,,atr14=0.748|n_lu_250=0.856|r20=0.851|c_ma120=0.709|vr20=0.999|days_since_lu=0.300|dt_ratio20=NaN|lend_to_v=0.114|rev_yoy=0.519|o_turn=0.964|o_log_mcap=0.025|o_lu_follow=0.954,"官方日成交結構(MI_INDEX/dailyQuotes)=1|發行股數(MI_QFIIS/dailyQuotes)=1|外資持股(MI_QFIIS,僅上市)=0|自營商(T86/上櫃三大法人)=1|當沖(TWTB4U/上櫃intraday)=1|季財報(MOPS t163sb04)=1|月營收(MOPS/openapi)=1|官方產業別(MOPS t05st03)=1|融資券(MI_MARGN)=1|借券(TWT93U)=1|法人(T86)=1",933,inf,250.0,official_prepanel,713.95,14.0,0.0,0.0,0,1,9.322,9.201,8.717,2277.0,0,未扣成本·事後欄位以 m_ 標示·非投資建議
HC,2,2026-05-28,2026-05-29,4939,亞電,TPEx,M,,,M0s@10,10,954,命中,263,-1.078449,,atr14=0.771|n_lu_250=0.890|r20=0.559|c_ma120=0.716|vr20=0.988|days_since_lu=0.036|dt_ratio20=NaN|lend_to_v=0.188|rev_yoy=0.422|o_turn=0.995|o_log_mcap=0.241|o_lu_follow=0.819,"官方日成交結構(MI_INDEX/dailyQuotes)=1|發行股數(MI_QFIIS/dailyQuotes)=1|外資持股(MI_QFIIS,僅上市)=0|自營商(T86/上櫃三大法人)=1|當沖(TWTB4U/上櫃intraday)=1|季財報(MOPS t163sb04)=1|月營收(MOPS/openapi)=1|官方產業別(MOPS t05st03)=1|融資券(MI_MARGN)=1|借券(TWT93U)=1|法人(T86)=1",936,inf,250.0,official_prepanel,4819.7,96.0,0.0,0.0,0,1,7.333,15.952,28.551,31208.0,0,未扣成本·事後欄位以 m_ 標示·非投資建議
HC,2,2026-05-28,2026-05-29,6127,九豪,TPEx,M,,,M0s@10,3,954,命中,77,-0.782901,,atr14=0.871|n_lu_250=0.948|r20=0.914|c_ma120=0.907|vr20=0.929|days_since_lu=0.036|dt_ratio20=NaN|lend_to_v=0.067|rev_yoy=0.166|o_turn=0.999|o_log_mcap=0.342|o_lu_follow=0.452,"官方日成交結構(MI_INDEX/dailyQuotes)=1|發行股數(MI_QFIIS/dailyQuotes)=1|外資持股(MI_QFIIS,僅上市)=0|自營商(T86/上櫃三大法人)=1|當沖(TWTB4U/上櫃intraday)=1|季財報(MOPS t163sb04)=1|月營收(MOPS/openapi)=1|官方產業別(MOPS t05st03)=1|融資券(MI_MARGN)=1|借券(TWT93U)=1|法人(T86)=1",936,inf,250.0,official_prepanel,19821.35,396.0,0.0,0.0,0,1,6.825,19.365,25.397,38105.0,0,未扣成本·事後欄位以 m_ 標示·非投資建議
HC,2,2026-05-29,2026-06-01,2491,吉祥全,TWSE,M,,,M0s@10,7,949,命中,99,-1.331939,,atr14=0.900|n_lu_250=0.918|r20=0.981|c_ma120=0.733|vr20=0.740|days_since_lu=0.162|dt_ratio20=0.695|lend_to_v=0.088|rev_yoy=0.304|o_turn=0.738|o_log_mcap=0.063|o_lu_follow=0.945,"官方日成交結構(MI_INDEX/dailyQuotes)=1|發行股數(MI_QFIIS/dailyQuotes)=1|外資持股(MI_QFIIS,僅上市)=1|自營商(T86/上櫃三大法人)=1|當沖(TWTB4U/上櫃intraday)=1|季財報(MOPS t163sb04)=1|月營收(MOPS/openapi)=1|官方產業別(MOPS t05st03)=1|融資券(MI_MARGN)=1|借券(TWT93U)=1|法人(T86)=1",937,inf,250.0,official_prepanel,1284.5,25.0,0.0,0.0,0,1,8.705,47.346,32.909,2102.0,0,未扣成本·事後欄位以 m_ 標示·非投資建議
HC,2,2026-06-05,2026-06-08,4741,泓瀚,TPEx,M,,,M0s@10,4,987,命中,216,-0.986007,,atr14=0.798|n_lu_250=0.913|r20=0.421|c_ma120=0.974|vr20=0.944|days_since_lu=0.011|dt_ratio20=NaN|lend_to_v=0.121|rev_yoy=0.608|o_turn=0.988|o_log_mcap=0.081|o_lu_follow=0.884,"官方日成交結構(MI_INDEX/dailyQuotes)=1|發行股數(MI_QFIIS/dailyQuotes)=1|外資持股(MI_QFIIS,僅上市)=0|自營商(T86/上櫃三大法人)=1|當沖(TWTB4U/上櫃intraday)=1|季財報(MOPS t163sb04)=1|月營收(MOPS/openapi)=1|官方產業別(MOPS t05st03)=1|融資券(MI_MARGN)=1|借券(TWT93U)=1|法人(T86)=1",942,inf,250.0,official_prepanel,1506.0,30.0,0.0,1.0,0,1,21.441,37.083,11.414,2570.0,0,未扣成本·事後欄位以 m_ 標示·非投資建議
HC,2,2026-06-08,2026-06-09,3550,聯穎,TWSE,M,,,M0s@10,2,1005,命中,182,-1.061551,,atr14=0.652|n_lu_250=0.791|r20=0.816|c_ma120=0.846|vr20=0.859|days_since_lu=0.028|dt_ratio20=0.707|lend_to_v=0.126|rev_yoy=0.664|o_turn=0.960|o_log_mcap=0.119|o_lu_follow=0.485,"官方日成交結構(MI_INDEX/dailyQuotes)=1|發行股數(MI_QFIIS/dailyQuotes)=1|外資持股(MI_QFIIS,僅上市)=1|自營商(T86/上櫃三大法人)=1|當沖(TWTB4U/上櫃intraday)=1|季財報(MOPS t163sb04)=1|月營收(MOPS/openapi)=1|官方產業別(MOPS t05st03)=1|融資券(MI_MARGN)=1|借券(TWT93U)=1|法人(T86)=1",943,inf,250.0,official_prepanel,3583.05,71.0,0.0,0.0,0,1,8.368,17.364,46.444,11676.0,0,未扣成本·事後欄位以 m_ 標示·非投資建議
HC,2,2026-06-08,2026-06-09,4556,旭然,TPEx,M,,,M0s@10,3,1005,命中,255,-1.246946,,atr14=0.582|n_lu_250=0.818|r20=0.528|c_ma120=0.933|vr20=0.947|days_since_lu=0.028|dt_ratio20=NaN|lend_to_v=0.107|rev_yoy=0.151|o_turn=0.851|o_log_mcap=0.063|o_lu_follow=0.972,"官方日成交結構(MI_INDEX/dailyQuotes)=1|發行股數(MI_QFIIS/dailyQuotes)=1|外資持股(MI_QFIIS,僅上市)=0|自營商(T86/上櫃三大法人)=1|當沖(TWTB4U/上櫃intraday)=1|季財報(MOPS t163sb04)=1|月營收(MOPS/openapi)=1|官方產業別(MOPS t05st03)=1|融資券(MI_MARGN)=1|借券(TWT93U)=1|法人(T86)=1",943,inf,250.0,official_prepanel,471.05,9.0,0.0,0.0,1,0,0.0,45.924,45.328,513.0,0,未扣成本·事後欄位以 m_ 標示·非投資建議
HC,2,2026-06-11,2026-06-12,2484,希華,TWSE,M,,,M0s@10,3,1041,命中,20,-0.955546,,atr14=0.920|n_lu_250=0.894|r20=0.992|c_ma120=0.984|vr20=0.971|days_since_lu=0.045|dt_ratio20=0.998|lend_to_v=0.123|rev_yoy=0.364|o_turn=1.000|o_log_mcap=0.457|o_lu_follow=0.302,"官方日成交結構(MI_INDEX/dailyQuotes)=1|發行股數(MI_QFIIS/dailyQuotes)=1|外資持股(MI_QFIIS,僅上市)=1|自營商(T86/上櫃三大法人)=1|當沖(TWTB4U/上櫃intraday)=1|季財報(MOPS t163sb04)=1|月營收(MOPS/openapi)=1|官方產業別(MOPS t05st03)=1|融資券(MI_MARGN)=1|借券(TWT93U)=1|法人(T86)=1",946,inf,250.0,official_prepanel,34482.65,689.0,0.0,3.0,0,1,4.219,11.25,20.0,55392.0,0,未扣成本·事後欄位以 m_ 標示·非投資建議
HC,2,2026-06-12,2026-06-15,2478,大毅,TWSE,M,,,M0s@10,9,1023,命中,67,-1.258576,,atr14=0.929|n_lu_250=0.639|r20=1.000|c_ma120=0.995|vr20=0.960|days_since_lu=0.062|dt_ratio20=NaN|lend_to_v=0.157|rev_yoy=0.532|o_turn=0.990|o_log_mcap=0.703|o_lu_follow=0.853,"官方日成交結構(MI_INDEX/dailyQuotes)=1|發行股數(MI_QFIIS/dailyQuotes)=1|外資持股(MI_QFIIS,僅上市)=1|自營商(T86/上櫃三大法人)=1|當沖(TWTB4U/上櫃intraday)=1|季財報(MOPS t163sb04)=1|月營收(MOPS/openapi)=1|官方產業別(MOPS t05st03)=1|融資券(MI_MARGN)=1|借券(TWT93U)=1|法人(T86)=1",947,inf,250.0,official_prepanel,11357.35,227.0,0.0,1.0,0,1,4.432,30.471,13.573,10644.0,0,未扣成本·事後欄位以 m_ 標示·非投資建議
HC,2,2026-06-16,2026-06-17,2375,凱美,TWSE,M,,,M0s@10,6,1047,命中,14,-1.109289,,atr14=0.955|n_lu_250=0.898|r20=0.999|c_ma120=0.984|vr20=0.968|days_since_lu=0.024|dt_ratio20=NaN|lend_to_v=0.076|rev_yoy=0.306|o_turn=1.000|o_log_mcap=0.641|o_lu_follow=0.782,"官方日成交結構(MI_INDEX/dailyQuotes)=1|發行股數(MI_QFIIS/dailyQuotes)=1|外資持股(MI_QFIIS,僅上市)=1|自營商(T86/上櫃三大法人)=1|當沖(TWTB4U/上櫃intraday)=1|季財報(MOPS t163sb04)=1|月營收(MOPS/openapi)=1|官方產業別(MOPS t05st03)=1|融資券(MI_MARGN)=1|借券(TWT93U)=1|法人(T86)=1",949,inf,250.0,official_prepanel,16270.9,325.0,0.0,0.0,0,1,12.079,18.82,30.618,27282.0,0,未扣成本·事後欄位以 m_ 標示·非投資建議
HC,2,2026-06-16,2026-06-17,4923,力士,TPEx,M,,,M0s@10,7,1047,命中,69,-1.133893,,atr14=0.871|n_lu_250=0.898|r20=0.957|c_ma120=0.862|vr20=0.748|days_since_lu=0.060|dt_ratio20=NaN|lend_to_v=0.089|rev_yoy=0.585|o_turn=0.921|o_log_mcap=0.040|o_lu_follow=0.908,"官方日成交結構(MI_INDEX/dailyQuotes)=1|發行股數(MI_QFIIS/dailyQuotes)=1|外資持股(MI_QFIIS,僅上市)=0|自營商(T86/上櫃三大法人)=1|當沖(TWTB4U/上櫃intraday)=1|季財報(MOPS t163sb04)=1|月營收(MOPS/openapi)=1|官方產業別(MOPS t05st03)=1|融資券(MI_MARGN)=1|借券(TWT93U)=1|法人(T86)=1",949,inf,250.0,official_prepanel,1797.65,35.0,0.0,0.0,0,1,10.526,27.579,22.526,2686.0,0,未扣成本·事後欄位以 m_ 標示·非投資建議
HC,3,2026-07-27,2026-07-28,6226,光鼎,TWSE,M,,,M0s@10,2,990,命中,23,-0.714427,,atr14=0.976|n_lu_250=0.948|r20=0.732|c_ma120=0.971|vr20=0.931|days_since_lu=0.267|dt_ratio20=NaN|lend_to_v=0.039|rev_yoy=0.534|o_turn=0.996|o_log_mcap=0.066|o_lu_follow=0.996,"官方日成交結構(MI_INDEX/dailyQuotes)=1|發行股數(MI_QFIIS/dailyQuotes)=1|外資持股(MI_QFIIS,僅上市)=1|自營商(T86/上櫃三大法人)=1|當沖(TWTB4U/上櫃intraday)=1|季財報(MOPS t163sb04)=1|月營收(MOPS/openapi)=1|官方產業別(MOPS t05st03)=1|融資券(MI_MARGN)=1|借券(TWT93U)=1|法人(T86)=1",976,inf,250.0,official_prepanel,7899.8,157.0,0.0,3.0,0,1,14.525,20.391,19.553,23362.0,0,未扣成本·事後欄位以 m_ 標示·非投資建議
HC,3,2026-07-30,2026-07-31,3229,晟鈦,TWSE,M,,,M0s@10,2,1001,命中,25,-1.539088,,atr14=0.800|n_lu_250=0.984|r20=0.731|c_ma120=0.955|vr20=0.862|days_since_lu=0.107|dt_ratio20=NaN|lend_to_v=0.017|rev_yoy=0.912|o_turn=0.629|o_log_mcap=0.129|o_lu_follow=0.967,"官方日成交結構(MI_INDEX/dailyQuotes)=1|發行股數(MI_QFIIS/dailyQuotes)=1|外資持股(MI_QFIIS,僅上市)=1|自營商(T86/上櫃三大法人)=1|當沖(TWTB4U/上櫃intraday)=0|季財報(MOPS t163sb04)=1|月營收(MOPS/openapi)=1|官方產業別(MOPS t05st03)=1|融資券(MI_MARGN)=1|借券(TWT93U)=1|法人(T86)=1",979,inf,250.0,official_prepanel,431.85,8.0,0.0,0.0,0,1,7.338,14.428,31.841,862.0,0,未扣成本·事後欄位以 m_ 標示·非投資建議
HC,3,2026-07-30,2026-07-31,3441,聯一光,TPEx,M,,,M0s@10,3,1001,命中,16,-1.544723,,atr14=0.790|n_lu_250=0.846|r20=0.809|c_ma120=0.998|vr20=0.997|days_since_lu=0.009|dt_ratio20=NaN|lend_to_v=0.041|rev_yoy=0.875|o_turn=1.000|o_log_mcap=0.172|o_lu_follow=0.748,"官方日成交結構(MI_INDEX/dailyQuotes)=1|發行股數(MI_QFIIS/dailyQuotes)=1|外資持股(MI_QFIIS,僅上市)=0|自營商(T86/上櫃三大法人)=1|當沖(TWTB4U/上櫃intraday)=1|季財報(MOPS t163sb04)=1|月營收(MOPS/openapi)=1|官方產業別(MOPS t05st03)=1|融資券(MI_MARGN)=1|借券(TWT93U)=1|法人(T86)=1",979,inf,250.0,official_prepanel,9446.25,188.0,0.0,3.0,0,1,2.815,8.201,4.039,16213.0,0,未扣成本·事後欄位以 m_ 標示·非投資建議
HC,3,2026-08-03,2026-08-04,2434,統懋,TWSE,M,,,M0s@10,1,911,命中,55,0.069902,,atr14=0.991|n_lu_250=0.909|r20=0.484|c_ma120=0.973|vr20=0.984|days_since_lu=0.200|dt_ratio20=NaN|lend_to_v=0.061|rev_yoy=0.929|o_turn=0.977|o_log_mcap=0.057|o_lu_follow=0.996,"官方日成交結構(MI_INDEX/dailyQuotes)=1|發行股數(MI_QFIIS/dailyQuotes)=1|外資持股(MI_QFIIS,僅上市)=1|自營商(T86/上櫃三大法人)=1|當沖(TWTB4U/上櫃intraday)=1|季財報(MOPS t163sb04)=1|月營收(MOPS/openapi)=1|官方產業別(MOPS t05st03)=1|融資券(MI_MARGN)=1|借券(TWT93U)=1|法人(T86)=1",981,inf,250.0,official_prepanel,800.5,16.0,0.0,0.0,0,1,10.394,6.761,4.137,737.0,0,未扣成本·事後欄位以 m_ 標示·非投資建議
HC,3,2026-08-11,2026-08-12,6538,倉和,TPEx,M,,,M0s@10,10,882,命中,148,-0.969567,,atr14=0.942|n_lu_250=0.810|r20=0.374|c_ma120=0.993|vr20=0.197|days_since_lu=0.133|dt_ratio20=NaN|lend_to_v=0.102|rev_yoy=0.828|o_turn=0.916|o_log_mcap=0.258|o_lu_follow=0.535,"官方日成交結構(MI_INDEX/dailyQuotes)=1|發行股數(MI_QFIIS/dailyQuotes)=1|外資持股(MI_QFIIS,僅上市)=0|自營商(T86/上櫃三大法人)=1|當沖(TWTB4U/上櫃intraday)=1|季財報(MOPS t163sb04)=1|月營收(MOPS/openapi)=1|官方產業別(MOPS t05st03)=1|融資券(MI_MARGN)=1|借券(TWT93U)=1|法人(T86)=1",987,inf,250.0,official_prepanel,2100.45,42.0,0.0,1.0,0,1,8.754,29.293,38.384,2717.0,0,未扣成本·事後欄位以 m_ 標示·非投資建議
HC,3,2026-08-19,2026-08-20,3441,聯一光,TPEx,M,,,M0s@10,4,901,命中,4,-0.917991,,atr14=0.989|n_lu_250=0.892|r20=0.993|c_ma120=0.995|vr20=0.334|days_since_lu=0.082|dt_ratio20=NaN|lend_to_v=0.035|rev_yoy=0.351|o_turn=0.998|o_log_mcap=0.146|o_lu_follow=0.772,"官方日成交結構(MI_INDEX/dailyQuotes)=1|發行股數(MI_QFIIS/dailyQuotes)=1|外資持股(MI_QFIIS,僅上市)=0|自營商(T86/上櫃三大法人)=1|當沖(TWTB4U/上櫃intraday)=1|季財報(MOPS t163sb04)=1|月營收(MOPS/openapi)=1|官方產業別(MOPS t05st03)=1|融資券(MI_MARGN)=1|借券(TWT93U)=1|法人(T86)=1",993,inf,250.0,official_prepanel,19217.45,384.0,0.0,2.0,0,1,4.287,33.976,49.518,17340.0,0,未扣成本·事後欄位以 m_ 標示·非投資建議
HC,3,2026-08-21,2026-08-24,3234,光環,TPEx,M,,,M0s@10,6,912,命中,6,-1.414893,,atr14=0.928|n_lu_250=0.975|r20=0.983|c_ma120=0.962|vr20=0.855|days_since_lu=0.037|dt_ratio20=NaN|lend_to_v=0.015|rev_yoy=0.892|o_turn=0.934|o_log_mcap=0.552|o_lu_follow=0.545,"官方日成交結構(MI_INDEX/dailyQuotes)=1|發行股數(MI_QFIIS/dailyQuotes)=1|外資持股(MI_QFIIS,僅上市)=0|自營商(T86/上櫃三大法人)=1|當沖(TWTB4U/上櫃intraday)=0|季財報(MOPS t163sb04)=1|月營收(MOPS/openapi)=1|官方產業別(MOPS t05st03)=1|融資券(MI_MARGN)=1|借券(TWT93U)=1|法人(T86)=1",995,inf,250.0,official_prepanel,2923.8,58.0,0.0,2.0,0,1,10.299,26.562,43.646,7650.0,0,未扣成本·事後欄位以 m_ 標示·非投資建議
HC,3,2026-08-24,2026-08-25,4939,亞電,TPEx,M,,,M0s@10,6,914,命中,39,-1.707785,,atr14=0.911|n_lu_250=0.943|r20=0.781|c_ma120=0.967|vr20=0.941|days_since_lu=0.296|dt_ratio20=NaN|lend_to_v=0.071|rev_yoy=0.631|o_turn=0.999|o_log_mcap=0.270|o_lu_follow=0.870,"官方日成交結構(MI_INDEX/dailyQuotes)=1|發行股數(MI_QFIIS/dailyQuotes)=1|外資持股(MI_QFIIS,僅上市)=0|自營商(T86/上櫃三大法人)=1|當沖(TWTB4U/上櫃intraday)=1|季財報(MOPS t163sb04)=1|月營收(MOPS/openapi)=1|官方產業別(MOPS t05st03)=1|融資券(MI_MARGN)=1|借券(TWT93U)=1|法人(T86)=1",996,inf,250.0,official_prepanel,13065.1,261.0,0.0,3.0,0,1,12.031,39.375,46.25,31984.0,0,未扣成本·事後欄位以 m_ 標示·非投資建議
HC,3,2026-08-24,2026-08-25,8039,台虹,TWSE,M,,,M0s@10,9,914,命中,3,-1.95094,,atr14=0.999|n_lu_250=0.976|r20=0.950|c_ma120=0.995|vr20=0.918|days_since_lu=0.085|dt_ratio20=0.996|lend_to_v=0.104|rev_yoy=0.127|o_turn=0.998|o_log_mcap=0.819|o_lu_follow=0.876,"官方日成交結構(MI_INDEX/dailyQuotes)=1|發行股數(MI_QFIIS/dailyQuotes)=1|外資持股(MI_QFIIS,僅上市)=1|自營商(T86/上櫃三大法人)=1|當沖(TWTB4U/上櫃intraday)=1|季財報(MOPS t163sb04)=1|月營收(MOPS/openapi)=1|官方產業別(MOPS t05st03)=1|融資券(MI_MARGN)=1|借券(TWT93U)=1|法人(T86)=1",996,inf,250.0,official_prepanel,30477.15,609.0,0.0,2.0,0,1,10.0,23.396,23.396,60294.0,0,未扣成本·事後欄位以 m_ 標示·非投資建議
HC,3,2026-08-26,2026-08-27,2491,吉祥全,TWSE,M,,,M0s@10,2,854,命中,9,-0.593886,,atr14=0.893|n_lu_250=0.958|r20=0.997|c_ma120=0.997|vr20=0.998|days_since_lu=0.008|dt_ratio20=NaN|lend_to_v=0.057|rev_yoy=0.260|o_turn=0.980|o_log_mcap=0.149|o_lu_follow=0.960,"官方日成交結構(MI_INDEX/dailyQuotes)=1|發行股數(MI_QFIIS/dailyQuotes)=1|外資持股(MI_QFIIS,僅上市)=1|自營商(T86/上櫃三大法人)=1|當沖(TWTB4U/上櫃intraday)=1|季財報(MOPS t163sb04)=1|月營收(MOPS/openapi)=1|官方產業別(MOPS t05st03)=1|融資券(MI_MARGN)=1|借券(TWT93U)=1|法人(T86)=1",998,inf,250.0,official_prepanel,1115.35,22.0,0.0,0.0,0,1,12.131,9.29,-8.743,5064.0,0,未扣成本·事後欄位以 m_ 標示·非投資建議
HC,3,2026-09-15,2026-09-16,2221,大甲,TPEx,M,,,M0s@10,1,826,命中,28,-1.196357,,atr14=0.951|n_lu_250=0.696|r20=0.998|c_ma120=0.998|vr20=0.965|days_since_lu=0.019|dt_ratio20=NaN|lend_to_v=0.041|rev_yoy=0.838|o_turn=0.997|o_log_mcap=0.140|o_lu_follow=0.752,"官方日成交結構(MI_INDEX/dailyQuotes)=1|發行股數(MI_QFIIS/dailyQuotes)=1|外資持股(MI_QFIIS,僅上市)=0|自營商(T86/上櫃三大法人)=1|當沖(TWTB4U/上櫃intraday)=1|季財報(MOPS t163sb04)=1|月營收(MOPS/openapi)=1|官方產業別(MOPS t05st03)=1|融資券(MI_MARGN)=1|借券(TWT93U)=1|法人(T86)=1",1012,inf,250.0,official_prepanel,4031.75,80.0,0.0,1.0,0,1,9.781,60.25,86.264,9021.0,0,未扣成本·事後欄位以 m_ 標示·非投資建議
HC,3,2026-09-15,2026-09-16,2305,全友,TWSE,M,,,M0s@10,5,826,命中,19,-1.507415,,atr14=0.825|n_lu_250=0.903|r20=0.997|c_ma120=0.997|vr20=0.996|days_since_lu=0.005|dt_ratio20=0.997|lend_to_v=0.053|rev_yoy=0.969|o_turn=0.998|o_log_mcap=0.340|o_lu_follow=0.785,"官方日成交結構(MI_INDEX/dailyQuotes)=1|發行股數(MI_QFIIS/dailyQuotes)=1|外資持股(MI_QFIIS,僅上市)=1|自營商(T86/上櫃三大法人)=1|當沖(TWTB4U/上櫃intraday)=1|季財報(MOPS t163sb04)=1|月營收(MOPS/openapi)=1|官方產業別(MOPS t05st03)=1|融資券(MI_MARGN)=1|借券(TWT93U)=1|法人(T86)=1",1012,inf,250.0,official_prepanel,16033.1,320.0,0.0,2.0,0,1,11.011,34.831,39.101,25858.0,0,未扣成本·事後欄位以 m_ 標示·非投資建議
HC,3,2026-09-17,2026-09-18,3094,聯傑,TWSE,M,,,M0s@10,6,802,命中,46,-1.28907,,atr14=0.873|n_lu_250=0.701|r20=0.978|c_ma120=0.966|vr20=0.911|days_since_lu=0.077|dt_ratio20=0.881|lend_to_v=NaN|rev_yoy=0.538|o_turn=0.987|o_log_mcap=0.113|o_lu_follow=0.461,"官方日成交結構(MI_INDEX/dailyQuotes)=1|發行股數(MI_QFIIS/dailyQuotes)=1|外資持股(MI_QFIIS,僅上市)=1|自營商(T86/上櫃三大法人)=1|當沖(TWTB4U/上櫃intraday)=1|季財報(MOPS t163sb04)=1|月營收(MOPS/openapi)=1|官方產業別(MOPS t05st03)=1|融資券(MI_MARGN)=1|借券(TWT93U)=0|法人(T86)=1",1014,inf,250.0,official_prepanel,6744.7,134.0,0.0,0.0,0,1,5.943,11.27,,17282.0,0,未扣成本·事後欄位以 m_ 標示·非投資建議
SEL,1,2025-01-13,2025-01-14,3379,彬台,TPEx,M,,,Mp1@10,2,908,命中,9,-1.222701,,atr14=0.926|n_lu_250=0.990|r20=0.988|c_ma120=0.889|vr20=0.991|days_since_lu=0.004|dt_ratio20=NaN|lend_to_v=0.055|rev_yoy=0.952|o_turn=0.997|o_log_mcap=0.022|o_lu_follow=0.932,"官方日成交結構(MI_INDEX/dailyQuotes)=1|發行股數(MI_QFIIS/dailyQuotes)=1|外資持股(MI_QFIIS,僅上市)=0|自營商(T86/上櫃三大法人)=1|當沖(TWTB4U/上櫃intraday)=1|季財報(MOPS t163sb04)=1|月營收(MOPS/openapi)=1|官方產業別(MOPS t05st03)=1|融資券(MI_MARGN)=1|借券(TWT93U)=1|法人(T86)=1",607,inf,250.0,official_prepanel,3371.95,67.0,0.0,0.0,0,1,7.475,43.627,32.843,22113.0,0,未扣成本·事後欄位以 m_ 標示·非投資建議
SEL,1,2025-02-03,2025-02-04,6140,訊達,TPEx,M,,,Mp1@10,2,893,命中,29,-1.251715,,atr14=0.918|n_lu_250=0.841|r20=0.880|c_ma120=0.849|vr20=0.984|days_since_lu=0.065|dt_ratio20=NaN|lend_to_v=0.127|rev_yoy=0.906|o_turn=0.991|o_log_mcap=0.013|o_lu_follow=0.267,"官方日成交結構(MI_INDEX/dailyQuotes)=1|發行股數(MI_QFIIS/dailyQuotes)=1|外資持股(MI_QFIIS,僅上市)=0|自營商(T86/上櫃三大法人)=1|當沖(TWTB4U/上櫃intraday)=1|季財報(MOPS t163sb04)=1|月營收(MOPS/openapi)=1|官方產業別(MOPS t05st03)=1|融資券(MI_MARGN)=1|借券(TWT93U)=1|法人(T86)=1",615,inf,250.0,official_prepanel,1515.55,30.0,0.0,0.0,0,1,11.732,36.313,26.257,8812.0,0,未扣成本·事後欄位以 m_ 標示·非投資建議
SEL,1,2025-02-14,2025-02-17,3379,彬台,TPEx,M,,,Mp1@10,6,905,命中,1,-1.704804,,atr14=0.994|n_lu_250=0.995|r20=0.993|c_ma120=0.981|vr20=0.013|days_since_lu=0.147|dt_ratio20=NaN|lend_to_v=0.025|rev_yoy=0.982|o_turn=0.941|o_log_mcap=0.036|o_lu_follow=0.970,"官方日成交結構(MI_INDEX/dailyQuotes)=1|發行股數(MI_QFIIS/dailyQuotes)=1|外資持股(MI_QFIIS,僅上市)=0|自營商(T86/上櫃三大法人)=1|當沖(TWTB4U/上櫃intraday)=0|季財報(MOPS t163sb04)=1|月營收(MOPS/openapi)=1|官方產業別(MOPS t05st03)=1|融資券(MI_MARGN)=1|借券(TWT93U)=1|法人(T86)=1",624,inf,250.0,official_prepanel,13191.0,263.0,1.0,0.0,0,1,6.446,23.02,26.151,4270.0,0,未扣成本·事後欄位以 m_ 標示·非投資建議
SEL,1,2025-03-13,2025-03-14,8088,品安,TPEx,M,,,Mp1@10,6,977,命中,45,-1.370063,,atr14=0.821|n_lu_250=0.655|r20=0.972|c_ma120=0.954|vr20=0.994|days_since_lu=0.006|dt_ratio20=NaN|lend_to_v=0.160|rev_yoy=0.250|o_turn=0.992|o_log_mcap=0.028|o_lu_follow=0.080,"官方日成交結構(MI_INDEX/dailyQuotes)=1|發行股數(MI_QFIIS/dailyQuotes)=1|外資持股(MI_QFIIS,僅上市)=0|自營商(T86/上櫃三大法人)=1|當沖(TWTB4U/上櫃intraday)=1|季財報(MOPS t163sb04)=1|月營收(MOPS/openapi)=1|官方產業別(MOPS t05st03)=1|融資券(MI_MARGN)=1|借券(TWT93U)=1|法人(T86)=1",642,inf,250.0,official_prepanel,2781.8,55.0,0.0,0.0,0,1,10.806,28.205,15.385,13279.0,0,未扣成本·事後欄位以 m_ 標示·非投資建議
SEL,1,2025-03-31,2025-04-01,5251,天鉞電,TPEx,M,,,Mp1@10,8,935,命中,24,-1.799241,,atr14=0.961|n_lu_250=0.952|r20=0.971|c_ma120=0.811|vr20=0.794|days_since_lu=0.008|dt_ratio20=NaN|lend_to_v=0.101|rev_yoy=0.876|o_turn=0.957|o_log_mcap=0.005|o_lu_follow=0.531,"官方日成交結構(MI_INDEX/dailyQuotes)=1|發行股數(MI_QFIIS/dailyQuotes)=1|外資持股(MI_QFIIS,僅上市)=0|自營商(T86/上櫃三大法人)=1|當沖(TWTB4U/上櫃intraday)=1|季財報(MOPS t163sb04)=1|月營收(MOPS/openapi)=1|官方產業別(MOPS t05st03)=1|融資券(MI_MARGN)=1|借券(TWT93U)=1|法人(T86)=1",654,inf,250.0,official_prepanel,803.8,16.0,0.0,1.0,0,1,6.704,7.821,52.7,989.0,0,未扣成本·事後欄位以 m_ 標示·非投資建議
SEL,2,2025-04-11,2025-04-14,6130,上亞科技,TPEx,M,,,Mp1@10,3,1006,命中,3,-1.321939,,atr14=0.974|n_lu_250=0.942|r20=0.996|c_ma120=0.951|vr20=0.070|days_since_lu=0.416|dt_ratio20=NaN|lend_to_v=NaN|rev_yoy=0.037|o_turn=0.241|o_log_mcap=0.019|o_lu_follow=0.994,"官方日成交結構(MI_INDEX/dailyQuotes)=1|發行股數(MI_QFIIS/dailyQuotes)=1|外資持股(MI_QFIIS,僅上市)=0|自營商(T86/上櫃三大法人)=0|當沖(TWTB4U/上櫃intraday)=0|季財報(MOPS t163sb04)=1|月營收(MOPS/openapi)=1|官方產業別(MOPS t05st03)=1|融資券(MI_MARGN)=0|借券(TWT93U)=0|法人(T86)=0",661,inf,250.0,official_prepanel,324.45,6.0,1.0,0.0,0,1,18.384,37.778,38.182,149.0,0,未扣成本·事後欄位以 m_ 標示·非投資建議
SEL,2,2025-04-11,2025-04-14,8072,陞泰,TWSE,M,,,Mp1@10,1,1006,命中,19,-1.007645,,atr14=0.858|n_lu_250=0.632|r20=0.997|c_ma120=0.995|vr20=0.991|days_since_lu=0.416|dt_ratio20=0.988|lend_to_v=0.038|rev_yoy=0.572|o_turn=0.992|o_log_mcap=0.148|o_lu_follow=0.108,"官方日成交結構(MI_INDEX/dailyQuotes)=1|發行股數(MI_QFIIS/dailyQuotes)=1|外資持股(MI_QFIIS,僅上市)=1|自營商(T86/上櫃三大法人)=1|當沖(TWTB4U/上櫃intraday)=1|季財報(MOPS t163sb04)=1|月營收(MOPS/openapi)=1|官方產業別(MOPS t05st03)=1|融資券(MI_MARGN)=1|借券(TWT93U)=1|法人(T86)=1",661,inf,250.0,official_prepanel,3587.95,71.0,0.0,3.0,0,1,4.119,13.068,40.057,9533.0,0,未扣成本·事後欄位以 m_ 標示·非投資建議
SEL,2,2025-04-14,2025-04-15,2466,冠西電,TWSE,M,,,Mp1@10,7,988,命中,22,-1.941924,,atr14=0.574|n_lu_250=0.891|r20=0.943|c_ma120=0.998|vr20=0.975|days_since_lu=0.843|dt_ratio20=0.938|lend_to_v=0.108|rev_yoy=0.966|o_turn=0.766|o_log_mcap=0.637|o_lu_follow=0.985,"官方日成交結構(MI_INDEX/dailyQuotes)=1|發行股數(MI_QFIIS/dailyQuotes)=1|外資持股(MI_QFIIS,僅上市)=1|自營商(T86/上櫃三大法人)=1|當沖(TWTB4U/上櫃intraday)=1|季財報(MOPS t163sb04)=1|月營收(MOPS/openapi)=1|官方產業別(MOPS t05st03)=1|融資券(MI_MARGN)=1|借券(TWT93U)=1|法人(T86)=1",662,inf,250.0,official_prepanel,845.45,16.0,0.0,0.0,0,1,8.419,17.179,6.371,3440.0,0,未扣成本·事後欄位以 m_ 標示·非投資建議
SEL,2,2025-04-14,2025-04-15,3287,廣寰科,TPEx,M,,,Mp1@10,8,988,命中,25,-1.966721,,atr14=0.994|n_lu_250=0.954|r20=0.939|c_ma120=0.640|vr20=0.104|days_since_lu=0.419|dt_ratio20=NaN|lend_to_v=0.048|rev_yoy=0.453|o_turn=0.873|o_log_mcap=0.018|o_lu_follow=0.906,"官方日成交結構(MI_INDEX/dailyQuotes)=1|發行股數(MI_QFIIS/dailyQuotes)=1|外資持股(MI_QFIIS,僅上市)=0|自營商(T86/上櫃三大法人)=1|當沖(TWTB4U/上櫃intraday)=1|季財報(MOPS t163sb04)=1|月營收(MOPS/openapi)=1|官方產業別(MOPS t05st03)=1|融資券(MI_MARGN)=1|借券(TWT93U)=1|法人(T86)=1",662,inf,250.0,official_prepanel,1681.1,33.0,0.0,0.0,0,1,4.006,26.603,44.071,707.0,0,未扣成本·事後欄位以 m_ 標示·非投資建議
SEL,2,2025-04-14,2025-04-15,3466,德晉,TPEx,M,,,Mp1@10,5,988,命中,943,-1.83132,,atr14=0.952|n_lu_250=0.909|r20=0.003|c_ma120=0.002|vr20=0.992|days_since_lu=0.859|dt_ratio20=NaN|lend_to_v=0.241|rev_yoy=0.280|o_turn=0.968|o_log_mcap=0.116|o_lu_follow=0.958,"官方日成交結構(MI_INDEX/dailyQuotes)=1|發行股數(MI_QFIIS/dailyQuotes)=1|外資持股(MI_QFIIS,僅上市)=0|自營商(T86/上櫃三大法人)=1|當沖(TWTB4U/上櫃intraday)=1|季財報(MOPS t163sb04)=1|月營收(MOPS/openapi)=1|官方產業別(MOPS t05st03)=1|融資券(MI_MARGN)=1|借券(TWT93U)=1|法人(T86)=1",662,inf,250.0,official_prepanel,1470.6,29.0,0.0,2.0,0,1,7.704,23.729,34.052,1112.0,0,未扣成本·事後欄位以 m_ 標示·非投資建議
SEL,2,2025-04-14,2025-04-15,4949,有成精密,TWSE,M,,,Mp1@10,2,988,命中,1,-1.195309,,atr14=0.993|n_lu_250=0.849|r20=0.997|c_ma120=0.996|vr20=0.010|days_since_lu=0.419|dt_ratio20=NaN|lend_to_v=0.030|rev_yoy=0.144|o_turn=0.745|o_log_mcap=0.089|o_lu_follow=0.982,"官方日成交結構(MI_INDEX/dailyQuotes)=1|發行股數(MI_QFIIS/dailyQuotes)=1|外資持股(MI_QFIIS,僅上市)=1|自營商(T86/上櫃三大法人)=1|當沖(TWTB4U/上櫃intraday)=0|季財報(MOPS t163sb04)=1|月營收(MOPS/openapi)=1|官方產業別(MOPS t05st03)=1|融資券(MI_MARGN)=1|借券(TWT93U)=1|法人(T86)=1",224,224.0,224.0,official,3706.45,74.0,1.0,0.0,0,1,7.357,29.129,56.757,1189.0,0,未扣成本·事後欄位以 m_ 標示·非投資建議
SEL,2,2025-04-14,2025-04-15,6148,驊宏資,TPEx,M,,,Mp1@10,1,988,命中,2,-1.053531,,atr14=0.989|n_lu_250=0.977|r20=0.999|c_ma120=0.999|vr20=0.802|days_since_lu=0.419|dt_ratio20=NaN|lend_to_v=0.023|rev_yoy=0.035|o_turn=0.999|o_log_mcap=0.124|o_lu_follow=0.961,"官方日成交結構(MI_INDEX/dailyQuotes)=1|發行股數(MI_QFIIS/dailyQuotes)=1|外資持股(MI_QFIIS,僅上市)=0|自營商(T86/上櫃三大法人)=1|當沖(TWTB4U/上櫃intraday)=1|季財報(MOPS t163sb04)=1|月營收(MOPS/openapi)=1|官方產業別(MOPS t05st03)=1|融資券(MI_MARGN)=1|借券(TWT93U)=1|法人(T86)=1",662,inf,250.0,official_prepanel,26271.9,525.0,0.0,4.0,0,1,8.991,13.394,34.128,44302.0,0,未扣成本·事後欄位以 m_ 標示·非投資建議
SEL,2,2025-04-18,2025-04-21,9955,佳龍,TWSE,M,,,Mp1@10,7,974,命中,50,-1.714904,,atr14=0.726|n_lu_250=0.878|r20=0.806|c_ma120=0.799|vr20=0.996|days_since_lu=0.002|dt_ratio20=0.942|lend_to_v=0.280|rev_yoy=0.921|o_turn=0.977|o_log_mcap=0.144|o_lu_follow=0.946,"官方日成交結構(MI_INDEX/dailyQuotes)=1|發行股數(MI_QFIIS/dailyQuotes)=1|外資持股(MI_QFIIS,僅上市)=1|自營商(T86/上櫃三大法人)=1|當沖(TWTB4U/上櫃intraday)=1|季財報(MOPS t163sb04)=1|月營收(MOPS/openapi)=1|官方產業別(MOPS t05st03)=1|融資券(MI_MARGN)=1|借券(TWT93U)=1|法人(T86)=1",666,inf,250.0,official_prepanel,1523.95,30.0,0.0,0.0,0,1,5.017,12.542,5.184,8812.0,0,未扣成本·事後欄位以 m_ 標示·非投資建議
SEL,2,2025-04-22,2025-04-23,3709,鑫聯大投控,TPEx,M,,,Mp1@10,2,971,命中,16,-1.389022,,atr14=0.926|n_lu_250=0.882|r20=0.969|c_ma120=0.993|vr20=0.999|days_since_lu=0.005|dt_ratio20=NaN|lend_to_v=0.027|rev_yoy=0.948|o_turn=0.992|o_log_mcap=0.262|o_lu_follow=0.857,"官方日成交結構(MI_INDEX/dailyQuotes)=1|發行股數(MI_QFIIS/dailyQuotes)=1|外資持股(MI_QFIIS,僅上市)=0|自營商(T86/上櫃三大法人)=1|當沖(TWTB4U/上櫃intraday)=1|季財報(MOPS t163sb04)=1|月營收(MOPS/openapi)=1|官方產業別(MOPS t05st03)=1|融資券(MI_MARGN)=1|借券(TWT93U)=1|法人(T86)=1",668,inf,250.0,official_prepanel,4758.0,95.0,0.0,0.0,0,1,7.923,28.142,24.18,16792.0,0,未扣成本·事後欄位以 m_ 標示·非投資建議
SEL,2,2025-04-24,2025-04-25,5201,凱衛,TPEx,M,,,Mp1@10,1,961,命中,10,-1.15868,,atr14=0.993|n_lu_250=0.793|r20=0.999|c_ma120=0.999|vr20=0.995|days_since_lu=0.018|dt_ratio20=NaN|lend_to_v=0.020|rev_yoy=0.945|o_turn=0.998|o_log_mcap=0.019|o_lu_follow=0.033,"官方日成交結構(MI_INDEX/dailyQuotes)=1|發行股數(MI_QFIIS/dailyQuotes)=1|外資持股(MI_QFIIS,僅上市)=0|自營商(T86/上櫃三大法人)=1|當沖(TWTB4U/上櫃intraday)=1|季財報(MOPS t163sb04)=1|月營收(MOPS/openapi)=1|官方產業別(MOPS t05st03)=1|融資券(MI_MARGN)=1|借券(TWT93U)=1|法人(T86)=1",670,inf,250.0,official_prepanel,3857.15,77.0,0.0,0.0,0,1,9.034,12.357,11.319,19326.0,0,未扣成本·事後欄位以 m_ 標示·非投資建議
SEL,2,2025-05-19,2025-05-20,3297,杭特,TPEx,M,,,Mp1@10,8,868,命中,218,-1.850191,,atr14=0.993|n_lu_250=0.989|r20=0.009|c_ma120=0.973|vr20=0.262|days_since_lu=0.269|dt_ratio20=NaN|lend_to_v=0.039|rev_yoy=0.778|o_turn=0.935|o_log_mcap=0.008|o_lu_follow=0.904,"官方日成交結構(MI_INDEX/dailyQuotes)=1|發行股數(MI_QFIIS/dailyQuotes)=1|外資持股(MI_QFIIS,僅上市)=0|自營商(T86/上櫃三大法人)=1|當沖(TWTB4U/上櫃intraday)=1|季財報(MOPS t163sb04)=1|月營收(MOPS/openapi)=1|官方產業別(MOPS t05st03)=1|融資券(MI_MARGN)=1|借券(TWT93U)=1|法人(T86)=1",686,inf,250.0,official_prepanel,3030.45,60.0,0.0,0.0,0,1,9.272,44.205,32.45,7916.0,0,未扣成本·事後欄位以 m_ 標示·非投資建議
SEL,2,2025-06-13,2025-06-16,5475,德宏,TPEx,M,,,Mp1@10,2,859,命中,20,-0.993832,,atr14=0.974|n_lu_250=0.773|r20=0.999|c_ma120=0.998|vr20=0.662|days_since_lu=0.132|dt_ratio20=NaN|lend_to_v=0.009|rev_yoy=0.639|o_turn=0.872|o_log_mcap=0.093|o_lu_follow=0.970,"官方日成交結構(MI_INDEX/dailyQuotes)=1|發行股數(MI_QFIIS/dailyQuotes)=1|外資持股(MI_QFIIS,僅上市)=0|自營商(T86/上櫃三大法人)=1|當沖(TWTB4U/上櫃intraday)=0|季財報(MOPS t163sb04)=1|月營收(MOPS/openapi)=1|官方產業別(MOPS t05st03)=1|融資券(MI_MARGN)=1|借券(TWT93U)=1|法人(T86)=1",704,inf,250.0,official_prepanel,3179.5,63.0,0.0,0.0,0,1,11.111,38.164,23.43,4849.0,0,未扣成本·事後欄位以 m_ 標示·非投資建議
SEL,2,2025-06-17,2025-06-18,3205,佰研,TPEx,M,,,Mp1@10,1,846,命中,19,-1.427308,,atr14=0.987|n_lu_250=0.781|r20=0.958|c_ma120=0.967|vr20=0.411|days_since_lu=0.028|dt_ratio20=NaN|lend_to_v=0.095|rev_yoy=0.381|o_turn=0.842|o_log_mcap=0.023|o_lu_follow=0.997,"官方日成交結構(MI_INDEX/dailyQuotes)=1|發行股數(MI_QFIIS/dailyQuotes)=1|外資持股(MI_QFIIS,僅上市)=0|自營商(T86/上櫃三大法人)=1|當沖(TWTB4U/上櫃intraday)=1|季財報(MOPS t163sb04)=1|月營收(MOPS/openapi)=1|官方產業別(MOPS t05st03)=1|融資券(MI_MARGN)=1|借券(TWT93U)=1|法人(T86)=1",706,inf,250.0,official_prepanel,1005.65,20.0,0.0,0.0,0,1,4.302,22.558,22.791,1488.0,0,未扣成本·事後欄位以 m_ 標示·非投資建議
SEL,3,2025-07-28,2025-07-29,2429,銘旺科,TWSE,M,,,Mp1@10,6,817,命中,71,-1.722376,,atr14=0.858|n_lu_250=0.970|r20=0.510|c_ma120=0.955|vr20=0.925|days_since_lu=0.278|dt_ratio20=0.939|lend_to_v=0.220|rev_yoy=0.798|o_turn=0.969|o_log_mcap=0.270|o_lu_follow=0.928,"官方日成交結構(MI_INDEX/dailyQuotes)=1|發行股數(MI_QFIIS/dailyQuotes)=1|外資持股(MI_QFIIS,僅上市)=1|自營商(T86/上櫃三大法人)=1|當沖(TWTB4U/上櫃intraday)=1|季財報(MOPS t163sb04)=1|月營收(MOPS/openapi)=1|官方產業別(MOPS t05st03)=1|融資券(MI_MARGN)=1|借券(TWT93U)=1|法人(T86)=1",735,inf,250.0,official_prepanel,3597.15,71.0,0.0,0.0,0,1,8.98,20.272,14.286,18989.0,0,未扣成本·事後欄位以 m_ 標示·非投資建議
SEL,3,2025-07-30,2025-07-31,5498,凱崴,TPEx,M,,,Mp1@10,3,821,命中,17,-1.504643,,atr14=0.978|n_lu_250=0.836|r20=0.971|c_ma120=0.989|vr20=0.815|days_since_lu=0.009|dt_ratio20=NaN|lend_to_v=0.062|rev_yoy=0.651|o_turn=0.979|o_log_mcap=0.105|o_lu_follow=0.886,"官方日成交結構(MI_INDEX/dailyQuotes)=1|發行股數(MI_QFIIS/dailyQuotes)=1|外資持股(MI_QFIIS,僅上市)=0|自營商(T86/上櫃三大法人)=1|當沖(TWTB4U/上櫃intraday)=1|季財報(MOPS t163sb04)=1|月營收(MOPS/openapi)=1|官方產業別(MOPS t05st03)=1|融資券(MI_MARGN)=1|借券(TWT93U)=1|法人(T86)=1",737,inf,250.0,official_prepanel,13353.55,267.0,0.0,0.0,0,1,7.927,18.293,49.695,36574.0,0,未扣成本·事後欄位以 m_ 標示·非投資建議
SEL,3,2025-07-31,2025-08-01,3294,英濟,TPEx,M,,,Mp1@10,8,825,命中,56,-1.761997,,atr14=0.787|n_lu_250=0.921|r20=0.813|c_ma120=0.903|vr20=0.984|days_since_lu=0.249|dt_ratio20=NaN|lend_to_v=0.145|rev_yoy=0.455|o_turn=0.986|o_log_mcap=0.241|o_lu_follow=0.816,"官方日成交結構(MI_INDEX/dailyQuotes)=1|發行股數(MI_QFIIS/dailyQuotes)=1|外資持股(MI_QFIIS,僅上市)=0|自營商(T86/上櫃三大法人)=1|當沖(TWTB4U/上櫃intraday)=1|季財報(MOPS t163sb04)=1|月營收(MOPS/openapi)=1|官方產業別(MOPS t05st03)=1|融資券(MI_MARGN)=1|借券(TWT93U)=1|法人(T86)=1",738,inf,250.0,official_prepanel,5221.85,104.0,0.0,0.0,0,1,10.641,15.115,16.929,37363.0,0,未扣成本·事後欄位以 m_ 標示·非投資建議
SEL,3,2025-08-07,2025-08-08,4989,榮科,TWSE,M,,,Mp1@10,3,840,命中,18,-1.260358,,atr14=0.977|n_lu_250=0.909|r20=0.972|c_ma120=0.931|vr20=0.165|days_since_lu=0.116|dt_ratio20=NaN|lend_to_v=0.072|rev_yoy=0.095|o_turn=0.573|o_log_mcap=0.106|o_lu_follow=0.824,"官方日成交結構(MI_INDEX/dailyQuotes)=1|發行股數(MI_QFIIS/dailyQuotes)=1|外資持股(MI_QFIIS,僅上市)=1|自營商(T86/上櫃三大法人)=1|當沖(TWTB4U/上櫃intraday)=0|季財報(MOPS t163sb04)=1|月營收(MOPS/openapi)=1|官方產業別(MOPS t05st03)=1|融資券(MI_MARGN)=1|借券(TWT93U)=1|法人(T86)=1",743,inf,250.0,official_prepanel,1915.1,38.0,1.0,0.0,0,1,13.256,65.116,81.628,3727.0,0,未扣成本·事後欄位以 m_ 標示·非投資建議
SEL,3,2025-08-11,2025-08-12,5475,德宏,TPEx,M,,,Mp1@10,2,849,命中,21,-1.067539,,atr14=0.969|n_lu_250=0.911|r20=0.933|c_ma120=0.995|vr20=0.637|days_since_lu=0.214|dt_ratio20=NaN|lend_to_v=0.007|rev_yoy=0.895|o_turn=0.949|o_log_mcap=0.202|o_lu_follow=0.975,"官方日成交結構(MI_INDEX/dailyQuotes)=1|發行股數(MI_QFIIS/dailyQuotes)=1|外資持股(MI_QFIIS,僅上市)=0|自營商(T86/上櫃三大法人)=1|當沖(TWTB4U/上櫃intraday)=0|季財報(MOPS t163sb04)=1|月營收(MOPS/openapi)=1|官方產業別(MOPS t05st03)=1|融資券(MI_MARGN)=1|借券(TWT93U)=1|法人(T86)=1",745,inf,250.0,official_prepanel,8030.9,160.0,0.0,2.0,0,1,8.043,45.576,14.209,18150.0,0,未扣成本·事後欄位以 m_ 標示·非投資建議
SEL,3,2025-08-15,2025-08-18,3625,西勝,TPEx,M,,,Mp1@10,2,875,命中,47,-0.842658,,atr14=0.880|n_lu_250=0.956|r20=0.880|c_ma120=0.874|vr20=0.903|days_since_lu=0.135|dt_ratio20=NaN|lend_to_v=0.005|rev_yoy=0.156|o_turn=0.801|o_log_mcap=0.049|o_lu_follow=0.929,"官方日成交結構(MI_INDEX/dailyQuotes)=1|發行股數(MI_QFIIS/dailyQuotes)=1|外資持股(MI_QFIIS,僅上市)=0|自營商(T86/上櫃三大法人)=1|當沖(TWTB4U/上櫃intraday)=0|季財報(MOPS t163sb04)=1|月營收(MOPS/openapi)=1|官方產業別(MOPS t05st03)=1|融資券(MI_MARGN)=1|借券(TWT93U)=1|法人(T86)=1",749,inf,250.0,official_prepanel,1048.65,20.0,0.0,0.0,0,1,8.971,16.623,26.385,4183.0,0,未扣成本·事後欄位以 m_ 標示·非投資建議
SEL,3,2025-08-22,2025-08-25,8033,雷虎,TWSE,M,,,Mp1@10,7,934,命中,35,-1.503656,,atr14=0.950|n_lu_250=0.805|r20=0.999|c_ma120=0.996|vr20=0.888|days_since_lu=0.052|dt_ratio20=NaN|lend_to_v=0.017|rev_yoy=0.863|o_turn=0.993|o_log_mcap=0.659|o_lu_follow=0.714,"官方日成交結構(MI_INDEX/dailyQuotes)=1|發行股數(MI_QFIIS/dailyQuotes)=1|外資持股(MI_QFIIS,僅上市)=1|自營商(T86/上櫃三大法人)=1|當沖(TWTB4U/上櫃intraday)=1|季財報(MOPS t163sb04)=1|月營收(MOPS/openapi)=1|官方產業別(MOPS t05st03)=1|融資券(MI_MARGN)=1|借券(TWT93U)=1|法人(T86)=1",754,inf,250.0,official_prepanel,22949.85,458.0,0.0,1.0,0,1,6.545,23.636,28.727,22326.0,0,未扣成本·事後欄位以 m_ 標示·非投資建議
SEL,3,2025-08-25,2025-08-26,3219,倚強科,TPEx,M,,,Mp1@10,3,913,命中,4,-1.293111,,atr14=0.978|n_lu_250=0.991|r20=0.998|c_ma120=0.987|vr20=0.959|days_since_lu=0.003|dt_ratio20=NaN|lend_to_v=0.028|rev_yoy=0.814|o_turn=0.963|o_log_mcap=0.282|o_lu_follow=0.829,"官方日成交結構(MI_INDEX/dailyQuotes)=1|發行股數(MI_QFIIS/dailyQuotes)=1|外資持股(MI_QFIIS,僅上市)=0|自營商(T86/上櫃三大法人)=1|當沖(TWTB4U/上櫃intraday)=1|季財報(MOPS t163sb04)=1|月營收(MOPS/openapi)=1|官方產業別(MOPS t05st03)=1|融資券(MI_MARGN)=1|借券(TWT93U)=1|法人(T86)=1",755,inf,250.0,official_prepanel,2214.95,44.0,0.0,1.0,0,1,11.484,29.032,28.387,3691.0,0,未扣成本·事後欄位以 m_ 標示·非投資建議
SEL,3,2025-09-04,2025-09-05,4577,達航科技,TPEx,M,,,Mp1@10,6,959,命中,312,-1.3592,,atr14=0.997|n_lu_250=0.992|r20=0.143|c_ma120=0.760|vr20=0.635|days_since_lu=0.188|dt_ratio20=NaN|lend_to_v=0.039|rev_yoy=0.826|o_turn=0.813|o_log_mcap=0.021|o_lu_follow=0.831,"官方日成交結構(MI_INDEX/dailyQuotes)=1|發行股數(MI_QFIIS/dailyQuotes)=1|外資持股(MI_QFIIS,僅上市)=0|自營商(T86/上櫃三大法人)=1|當沖(TWTB4U/上櫃intraday)=1|季財報(MOPS t163sb04)=1|月營收(MOPS/openapi)=1|官方產業別(MOPS t05st03)=1|融資券(MI_MARGN)=1|借券(TWT93U)=1|法人(T86)=1",763,inf,250.0,official_prepanel,1075.9,21.0,0.0,0.0,0,1,7.209,38.078,38.262,730.0,0,未扣成本·事後欄位以 m_ 標示·非投資建議
SEL,3,2025-09-09,2025-09-10,3323,加百裕,TPEx,M,,,Mp1@10,7,976,命中,62,-1.347534,,atr14=0.805|n_lu_250=0.974|r20=0.907|c_ma120=0.912|vr20=0.979|days_since_lu=0.028|dt_ratio20=NaN|lend_to_v=0.089|rev_yoy=0.222|o_turn=0.999|o_log_mcap=0.229|o_lu_follow=0.662,"官方日成交結構(MI_INDEX/dailyQuotes)=1|發行股數(MI_QFIIS/dailyQuotes)=1|外資持股(MI_QFIIS,僅上市)=0|自營商(T86/上櫃三大法人)=1|當沖(TWTB4U/上櫃intraday)=1|季財報(MOPS t163sb04)=1|月營收(MOPS/openapi)=1|官方產業別(MOPS t05st03)=1|融資券(MI_MARGN)=1|借券(TWT93U)=1|法人(T86)=1",766,inf,250.0,official_prepanel,13626.85,272.0,0.0,0.0,0,1,8.0,4.211,5.684,36978.0,0,未扣成本·事後欄位以 m_ 標示·非投資建議
SEL,3,2025-09-18,2025-09-19,4722,國精化,TWSE,M,,,Mp1@10,8,953,命中,10,-1.903927,,atr14=0.985|n_lu_250=0.938|r20=0.925|c_ma120=0.993|vr20=0.949|days_since_lu=0.017|dt_ratio20=NaN|lend_to_v=0.185|rev_yoy=0.225|o_turn=0.985|o_log_mcap=0.572|o_lu_follow=0.926,"官方日成交結構(MI_INDEX/dailyQuotes)=1|發行股數(MI_QFIIS/dailyQuotes)=1|外資持股(MI_QFIIS,僅上市)=1|自營商(T86/上櫃三大法人)=1|當沖(TWTB4U/上櫃intraday)=1|季財報(MOPS t163sb04)=1|月營收(MOPS/openapi)=1|官方產業別(MOPS t05st03)=1|融資券(MI_MARGN)=1|借券(TWT93U)=1|法人(T86)=1",773,inf,250.0,official_prepanel,4448.3,88.0,0.0,0.0,0,1,5.19,18.339,48.443,12787.0,0,未扣成本·事後欄位以 m_ 標示·非投資建議
SEL,3,2025-09-26,2025-09-30,8021,尖點,TWSE,M,,,Mp1@10,8,961,命中,53,-2.071427,,atr14=0.994|n_lu_250=0.856|r20=0.699|c_ma120=0.993|vr20=0.977|days_since_lu=0.004|dt_ratio20=NaN|lend_to_v=0.088|rev_yoy=0.778|o_turn=0.999|o_log_mcap=0.542|o_lu_follow=0.647,"官方日成交結構(MI_INDEX/dailyQuotes)=1|發行股數(MI_QFIIS/dailyQuotes)=1|外資持股(MI_QFIIS,僅上市)=1|自營商(T86/上櫃三大法人)=1|當沖(TWTB4U/上櫃intraday)=1|季財報(MOPS t163sb04)=1|月營收(MOPS/openapi)=1|官方產業別(MOPS t05st03)=1|融資券(MI_MARGN)=1|借券(TWT93U)=1|法人(T86)=1",779,inf,250.0,official_prepanel,32809.4,656.0,0.0,1.0,0,1,5.87,22.642,9.539,47561.0,0,未扣成本·事後欄位以 m_ 標示·非投資建議
SEL,4,2025-10-03,2025-10-07,3685,元創精密,TPEx,M,,,Mp1@10,8,930,命中,32,-1.93122,,atr14=0.932|n_lu_250=0.794|r20=0.968|c_ma120=0.997|vr20=0.127|days_since_lu=0.109|dt_ratio20=NaN|lend_to_v=0.010|rev_yoy=0.047|o_turn=0.576|o_log_mcap=0.082|o_lu_follow=0.906,"官方日成交結構(MI_INDEX/dailyQuotes)=1|發行股數(MI_QFIIS/dailyQuotes)=1|外資持股(MI_QFIIS,僅上市)=0|自營商(T86/上櫃三大法人)=1|當沖(TWTB4U/上櫃intraday)=0|季財報(MOPS t163sb04)=1|月營收(MOPS/openapi)=1|官方產業別(MOPS t05st03)=1|融資券(MI_MARGN)=1|借券(TWT93U)=1|法人(T86)=1",783,inf,250.0,official_prepanel,1373.8,27.0,0.0,0.0,0,1,9.194,42.581,47.581,1518.0,0,未扣成本·事後欄位以 m_ 標示·非投資建議
SEL,4,2025-10-14,2025-10-15,3002,歐格,TWSE,M,,,Mp1@10,6,932,命中,123,-1.902277,,atr14=0.766|n_lu_250=0.473|r20=0.964|c_ma120=0.948|vr20=0.990|days_since_lu=0.038|dt_ratio20=0.789|lend_to_v=0.091|rev_yoy=0.896|o_turn=0.917|o_log_mcap=0.054|o_lu_follow=0.227,"官方日成交結構(MI_INDEX/dailyQuotes)=1|發行股數(MI_QFIIS/dailyQuotes)=1|外資持股(MI_QFIIS,僅上市)=1|自營商(T86/上櫃三大法人)=1|當沖(TWTB4U/上櫃intraday)=1|季財報(MOPS t163sb04)=1|月營收(MOPS/openapi)=1|官方產業別(MOPS t05st03)=1|融資券(MI_MARGN)=1|借券(TWT93U)=1|法人(T86)=1",788,inf,250.0,official_prepanel,804.0,16.0,0.0,0.0,0,1,4.691,15.062,8.642,1675.0,0,未扣成本·事後欄位以 m_ 標示·非投資建議
SEL,4,2025-10-16,2025-10-17,3543,州巧,TWSE,M,,,Mp1@10,10,928,命中,43,-2.020305,,atr14=0.822|n_lu_250=0.932|r20=0.917|c_ma120=0.917|vr20=0.930|days_since_lu=0.161|dt_ratio20=0.918|lend_to_v=0.183|rev_yoy=0.289|o_turn=0.961|o_log_mcap=0.137|o_lu_follow=0.902,"官方日成交結構(MI_INDEX/dailyQuotes)=1|發行股數(MI_QFIIS/dailyQuotes)=1|外資持股(MI_QFIIS,僅上市)=1|自營商(T86/上櫃三大法人)=1|當沖(TWTB4U/上櫃intraday)=1|季財報(MOPS t163sb04)=1|月營收(MOPS/openapi)=1|官方產業別(MOPS t05st03)=1|融資券(MI_MARGN)=1|借券(TWT93U)=1|法人(T86)=1",790,inf,250.0,official_prepanel,2703.4,54.0,0.0,0.0,0,1,9.103,15.897,30.435,7047.0,0,未扣成本·事後欄位以 m_ 標示·非投資建議
SEL,4,2025-10-16,2025-10-17,8043,蜜望實,TPEx,M,,,Mp1@10,6,928,命中,7,-1.848215,,atr14=0.998|n_lu_250=0.932|r20=0.994|c_ma120=0.970|vr20=0.512|days_since_lu=0.074|dt_ratio20=NaN|lend_to_v=0.026|rev_yoy=0.549|o_turn=0.984|o_log_mcap=0.125|o_lu_follow=0.792,"官方日成交結構(MI_INDEX/dailyQuotes)=1|發行股數(MI_QFIIS/dailyQuotes)=1|外資持股(MI_QFIIS,僅上市)=0|自營商(T86/上櫃三大法人)=1|當沖(TWTB4U/上櫃intraday)=1|季財報(MOPS t163sb04)=1|月營收(MOPS/openapi)=1|官方產業別(MOPS t05st03)=1|融資券(MI_MARGN)=1|借券(TWT93U)=1|法人(T86)=1",790,inf,250.0,official_prepanel,11661.4,233.0,0.0,1.0,0,1,12.078,34.805,24.156,7577.0,0,未扣成本·事後欄位以 m_ 標示·非投資建議
SEL,4,2025-10-17,2025-10-20,3236,千如,TPEx,M,,,Mp1@10,5,924,命中,64,-1.942238,,atr14=0.927|n_lu_250=0.746|r20=0.939|c_ma120=0.854|vr20=0.887|days_since_lu=0.129|dt_ratio20=NaN|lend_to_v=0.039|rev_yoy=0.516|o_turn=0.948|o_log_mcap=0.060|o_lu_follow=0.783,"官方日成交結構(MI_INDEX/dailyQuotes)=1|發行股數(MI_QFIIS/dailyQuotes)=1|外資持股(MI_QFIIS,僅上市)=0|自營商(T86/上櫃三大法人)=1|當沖(TWTB4U/上櫃intraday)=1|季財報(MOPS t163sb04)=1|月營收(MOPS/openapi)=1|官方產業別(MOPS t05st03)=1|融資券(MI_MARGN)=1|借券(TWT93U)=1|法人(T86)=1",791,inf,250.0,official_prepanel,2960.1,59.0,0.0,0.0,0,1,9.804,18.873,15.196,8746.0,0,未扣成本·事後欄位以 m_ 標示·非投資建議
SEL,4,2025-10-20,2025-10-21,2342,茂矽,TWSE,M,,,Mp1@10,7,903,命中,82,-1.83103,,atr14=0.952|n_lu_250=0.843|r20=0.627|c_ma120=0.937|vr20=0.339|days_since_lu=0.019|dt_ratio20=NaN|lend_to_v=0.090|rev_yoy=0.371|o_turn=0.918|o_log_mcap=0.252|o_lu_follow=0.992,"官方日成交結構(MI_INDEX/dailyQuotes)=1|發行股數(MI_QFIIS/dailyQuotes)=1|外資持股(MI_QFIIS,僅上市)=1|自營商(T86/上櫃三大法人)=1|當沖(TWTB4U/上櫃intraday)=1|季財報(MOPS t163sb04)=1|月營收(MOPS/openapi)=1|官方產業別(MOPS t05st03)=1|融資券(MI_MARGN)=1|借券(TWT93U)=1|法人(T86)=1",792,inf,250.0,official_prepanel,7191.6,143.0,0.0,0.0,0,1,5.606,14.848,-2.273,8561.0,0,未扣成本·事後欄位以 m_ 標示·非投資建議
SEL,4,2025-10-23,2025-10-27,6432,今展科,TPEx,M,,,Mp1@10,8,897,命中,134,-1.920294,,atr14=0.960|n_lu_250=0.483|r20=0.911|c_ma120=0.806|vr20=0.763|days_since_lu=0.045|dt_ratio20=NaN|lend_to_v=0.062|rev_yoy=0.723|o_turn=0.846|o_log_mcap=0.004|o_lu_follow=0.227,"官方日成交結構(MI_INDEX/dailyQuotes)=1|發行股數(MI_QFIIS/dailyQuotes)=1|外資持股(MI_QFIIS,僅上市)=0|自營商(T86/上櫃三大法人)=1|當沖(TWTB4U/上櫃intraday)=1|季財報(MOPS t163sb04)=1|月營收(MOPS/openapi)=1|官方產業別(MOPS t05st03)=1|融資券(MI_MARGN)=1|借券(TWT93U)=1|法人(T86)=1",795,inf,250.0,official_prepanel,600.25,12.0,0.0,0.0,0,1,7.077,6.154,9.692,1515.0,0,未扣成本·事後欄位以 m_ 標示·非投資建議
SEL,4,2025-11-04,2025-11-05,3002,歐格,TWSE,M,,,Mp1@10,6,897,命中,44,-2.002451,,atr14=0.999|n_lu_250=0.665|r20=0.984|c_ma120=0.949|vr20=0.888|days_since_lu=0.130|dt_ratio20=0.945|lend_to_v=0.036|rev_yoy=0.892|o_turn=0.959|o_log_mcap=0.067|o_lu_follow=0.810,"官方日成交結構(MI_INDEX/dailyQuotes)=1|發行股數(MI_QFIIS/dailyQuotes)=1|外資持股(MI_QFIIS,僅上市)=1|自營商(T86/上櫃三大法人)=1|當沖(TWTB4U/上櫃intraday)=1|季財報(MOPS t163sb04)=1|月營收(MOPS/openapi)=1|官方產業別(MOPS t05st03)=1|融資券(MI_MARGN)=1|借券(TWT93U)=1|法人(T86)=1",802,inf,250.0,official_prepanel,3992.85,79.0,0.0,0.0,0,1,6.608,12.335,9.912,5047.0,0,未扣成本·事後欄位以 m_ 標示·非投資建議
SEL,4,2025-11-07,2025-11-10,6265,方土昶,TPEx,M,,,Mp1@10,3,893,命中,58,-1.724627,,atr14=0.942|n_lu_250=0.803|r20=0.814|c_ma120=0.916|vr20=0.797|days_since_lu=0.281|dt_ratio20=NaN|lend_to_v=0.190|rev_yoy=0.958|o_turn=0.928|o_log_mcap=0.025|o_lu_follow=0.678,"官方日成交結構(MI_INDEX/dailyQuotes)=1|發行股數(MI_QFIIS/dailyQuotes)=1|外資持股(MI_QFIIS,僅上市)=0|自營商(T86/上櫃三大法人)=1|當沖(TWTB4U/上櫃intraday)=1|季財報(MOPS t163sb04)=1|月營收(MOPS/openapi)=1|官方產業別(MOPS t05st03)=1|融資券(MI_MARGN)=1|借券(TWT93U)=1|法人(T86)=1",805,inf,250.0,official_prepanel,3080.1,61.0,0.0,0.0,1,0,0.0,42.662,10.922,2621.0,0,未扣成本·事後欄位以 m_ 標示·非投資建議
SEL,4,2025-11-12,2025-11-13,8043,蜜望實,TPEx,M,,,Mp1@10,4,882,命中,8,-1.335815,,atr14=0.912|n_lu_250=0.959|r20=0.991|c_ma120=0.990|vr20=0.121|days_since_lu=0.151|dt_ratio20=NaN|lend_to_v=0.036|rev_yoy=0.904|o_turn=0.931|o_log_mcap=0.215|o_lu_follow=0.932,"官方日成交結構(MI_INDEX/dailyQuotes)=1|發行股數(MI_QFIIS/dailyQuotes)=1|外資持股(MI_QFIIS,僅上市)=0|自營商(T86/上櫃三大法人)=1|當沖(TWTB4U/上櫃intraday)=0|季財報(MOPS t163sb04)=1|月營收(MOPS/openapi)=1|官方產業別(MOPS t05st03)=1|融資券(MI_MARGN)=1|借券(TWT93U)=1|法人(T86)=1",808,inf,250.0,official_prepanel,9999.6,199.0,1.0,0.0,0,1,9.363,24.719,40.824,9758.0,0,未扣成本·事後欄位以 m_ 標示·非投資建議
SEL,4,2025-11-21,2025-11-24,4577,達航科技,TPEx,M,,,Mp1@10,3,902,命中,6,-1.426171,,atr14=0.936|n_lu_250=0.999|r20=0.994|c_ma120=0.980|vr20=0.990|days_since_lu=0.008|dt_ratio20=NaN|lend_to_v=0.028|rev_yoy=0.857|o_turn=0.997|o_log_mcap=0.065|o_lu_follow=0.936,"官方日成交結構(MI_INDEX/dailyQuotes)=1|發行股數(MI_QFIIS/dailyQuotes)=1|外資持股(MI_QFIIS,僅上市)=0|自營商(T86/上櫃三大法人)=1|當沖(TWTB4U/上櫃intraday)=1|季財報(MOPS t163sb04)=1|月營收(MOPS/openapi)=1|官方產業別(MOPS t05st03)=1|融資券(MI_MARGN)=1|借券(TWT93U)=1|法人(T86)=1",815,inf,250.0,official_prepanel,4171.5,83.0,0.0,1.0,0,1,9.931,25.866,25.173,4097.0,0,未扣成本·事後欄位以 m_ 標示·非投資建議
SEL,4,2025-11-25,2025-11-26,8047,星雲,TPEx,M,,,Mp1@10,1,868,命中,85,-1.487856,,atr14=0.995|n_lu_250=0.990|r20=0.548|c_ma120=0.998|vr20=0.742|days_since_lu=0.139|dt_ratio20=NaN|lend_to_v=0.013|rev_yoy=0.235|o_turn=0.772|o_log_mcap=0.041|o_lu_follow=0.967,"官方日成交結構(MI_INDEX/dailyQuotes)=1|發行股數(MI_QFIIS/dailyQuotes)=1|外資持股(MI_QFIIS,僅上市)=0|自營商(T86/上櫃三大法人)=1|當沖(TWTB4U/上櫃intraday)=0|季財報(MOPS t163sb04)=1|月營收(MOPS/openapi)=1|官方產業別(MOPS t05st03)=1|融資券(MI_MARGN)=1|借券(TWT93U)=1|法人(T86)=1",817,inf,250.0,official_prepanel,480.85,9.0,0.0,0.0,0,1,11.071,29.927,23.358,1166.0,0,未扣成本·事後欄位以 m_ 標示·非投資建議
SEL,4,2025-11-26,2025-11-27,2485,兆赫,TWSE,M,,,Mp1@10,2,860,命中,18,-1.26709,,atr14=0.920|n_lu_250=0.847|r20=0.993|c_ma120=0.985|vr20=0.980|days_since_lu=0.022|dt_ratio20=0.891|lend_to_v=0.112|rev_yoy=0.985|o_turn=0.981|o_log_mcap=0.284|o_lu_follow=0.675,"官方日成交結構(MI_INDEX/dailyQuotes)=1|發行股數(MI_QFIIS/dailyQuotes)=1|外資持股(MI_QFIIS,僅上市)=1|自營商(T86/上櫃三大法人)=1|當沖(TWTB4U/上櫃intraday)=1|季財報(MOPS t163sb04)=1|月營收(MOPS/openapi)=1|官方產業別(MOPS t05st03)=1|融資券(MI_MARGN)=1|借券(TWT93U)=1|法人(T86)=1",818,inf,250.0,official_prepanel,10577.4,211.0,0.0,0.0,0,1,8.586,18.434,30.556,30763.0,0,未扣成本·事後欄位以 m_ 標示·非投資建議
SEL,4,2025-11-27,2025-11-28,6163,華電網,TPEx,M,,,Mp1@10,9,868,命中,42,-1.621823,,atr14=0.945|n_lu_250=0.732|r20=0.990|c_ma120=0.972|vr20=0.631|days_since_lu=0.073|dt_ratio20=NaN|lend_to_v=0.118|rev_yoy=0.190|o_turn=0.950|o_log_mcap=0.217|o_lu_follow=0.059,"官方日成交結構(MI_INDEX/dailyQuotes)=1|發行股數(MI_QFIIS/dailyQuotes)=1|外資持股(MI_QFIIS,僅上市)=0|自營商(T86/上櫃三大法人)=1|當沖(TWTB4U/上櫃intraday)=1|季財報(MOPS t163sb04)=1|月營收(MOPS/openapi)=1|官方產業別(MOPS t05st03)=1|融資券(MI_MARGN)=1|借券(TWT93U)=1|法人(T86)=1",819,inf,250.0,official_prepanel,11572.05,231.0,0.0,2.0,0,1,9.118,31.988,37.22,12541.0,0,未扣成本·事後欄位以 m_ 標示·非投資建議
SEL,4,2025-12-05,2025-12-08,8110,華東,TWSE,M,,,Mp1@10,4,845,命中,1,-1.483422,,atr14=0.999|n_lu_250=0.974|r20=0.990|c_ma120=0.999|vr20=0.880|days_since_lu=0.048|dt_ratio20=NaN|lend_to_v=0.039|rev_yoy=0.196|o_turn=0.997|o_log_mcap=0.610|o_lu_follow=0.986,"官方日成交結構(MI_INDEX/dailyQuotes)=1|發行股數(MI_QFIIS/dailyQuotes)=1|外資持股(MI_QFIIS,僅上市)=1|自營商(T86/上櫃三大法人)=1|當沖(TWTB4U/上櫃intraday)=1|季財報(MOPS t163sb04)=1|月營收(MOPS/openapi)=1|官方產業別(MOPS t05st03)=1|融資券(MI_MARGN)=1|借券(TWT93U)=1|法人(T86)=1",825,inf,250.0,official_prepanel,64265.4,1285.0,0.0,2.0,0,1,7.664,34.981,28.059,54708.0,0,未扣成本·事後欄位以 m_ 標示·非投資建議
SEL,4,2025-12-18,2025-12-19,5498,凱崴,TPEx,M,,,Mp1@10,8,810,命中,16,-1.422685,,atr14=0.897|n_lu_250=0.984|r20=0.948|c_ma120=0.982|vr20=0.739|days_since_lu=0.037|dt_ratio20=NaN|lend_to_v=0.034|rev_yoy=0.845|o_turn=0.990|o_log_mcap=0.271|o_lu_follow=0.823,"官方日成交結構(MI_INDEX/dailyQuotes)=1|發行股數(MI_QFIIS/dailyQuotes)=1|外資持股(MI_QFIIS,僅上市)=0|自營商(T86/上櫃三大法人)=1|當沖(TWTB4U/上櫃intraday)=1|季財報(MOPS t163sb04)=1|月營收(MOPS/openapi)=1|官方產業別(MOPS t05st03)=1|融資券(MI_MARGN)=1|借券(TWT93U)=1|法人(T86)=1",834,inf,250.0,official_prepanel,30764.35,615.0,0.0,2.0,0,1,9.172,37.574,55.03,37067.0,0,未扣成本·事後欄位以 m_ 標示·非投資建議
SEL,4,2025-12-19,2025-12-22,6163,華電網,TPEx,M,,,Mp1@10,10,804,命中,25,-1.647891,,atr14=0.935|n_lu_250=0.855|r20=0.981|c_ma120=0.994|vr20=0.044|days_since_lu=0.161|dt_ratio20=NaN|lend_to_v=0.135|rev_yoy=0.168|o_turn=0.808|o_log_mcap=0.281|o_lu_follow=0.832,"官方日成交結構(MI_INDEX/dailyQuotes)=1|發行股數(MI_QFIIS/dailyQuotes)=1|外資持股(MI_QFIIS,僅上市)=0|自營商(T86/上櫃三大法人)=1|當沖(TWTB4U/上櫃intraday)=0|季財報(MOPS t163sb04)=1|月營收(MOPS/openapi)=1|官方產業別(MOPS t05st03)=1|融資券(MI_MARGN)=1|借券(TWT93U)=1|法人(T86)=1",835,inf,250.0,official_prepanel,8914.9,178.0,1.0,0.0,0,1,5.93,11.247,8.589,4396.0,1,未扣成本·事後欄位以 m_ 標示·非投資建議
SEL,4,2025-12-24,2025-12-26,2413,環科,TWSE,M,,,Mp1@10,2,826,命中,13,-1.196642,,atr14=0.982|n_lu_250=0.911|r20=0.988|c_ma120=0.989|vr20=0.968|days_since_lu=0.006|dt_ratio20=0.967|lend_to_v=0.057|rev_yoy=0.157|o_turn=0.993|o_log_mcap=0.224|o_lu_follow=0.699,"官方日成交結構(MI_INDEX/dailyQuotes)=1|發行股數(MI_QFIIS/dailyQuotes)=1|外資持股(MI_QFIIS,僅上市)=1|自營商(T86/上櫃三大法人)=1|當沖(TWTB4U/上櫃intraday)=1|季財報(MOPS t163sb04)=1|月營收(MOPS/openapi)=1|官方產業別(MOPS t05st03)=1|融資券(MI_MARGN)=1|借券(TWT93U)=1|法人(T86)=1",838,inf,250.0,official_prepanel,11651.95,233.0,0.0,1.0,0,1,8.824,17.903,9.974,23477.0,0,未扣成本·事後欄位以 m_ 標示·非投資建議
SEL,4,2025-12-24,2025-12-26,6265,方土昶,TPEx,M,,,Mp1@10,10,826,命中,12,-1.511669,,atr14=0.989|n_lu_250=0.947|r20=0.944|c_ma120=0.986|vr20=0.758|days_since_lu=0.048|dt_ratio20=NaN|lend_to_v=0.060|rev_yoy=0.944|o_turn=0.978|o_log_mcap=0.090|o_lu_follow=0.920,"官方日成交結構(MI_INDEX/dailyQuotes)=1|發行股數(MI_QFIIS/dailyQuotes)=1|外資持股(MI_QFIIS,僅上市)=0|自營商(T86/上櫃三大法人)=1|當沖(TWTB4U/上櫃intraday)=1|季財報(MOPS t163sb04)=1|月營收(MOPS/openapi)=1|官方產業別(MOPS t05st03)=1|融資券(MI_MARGN)=1|借券(TWT93U)=1|法人(T86)=1",838,inf,250.0,official_prepanel,12554.35,251.0,0.0,1.0,0,1,4.086,43.871,48.387,8788.0,0,未扣成本·事後欄位以 m_ 標示·非投資建議
SEL,4,2025-12-31,2026-01-02,6155,鈞寶,TWSE,M,,,Mp1@10,4,829,命中,56,-1.562116,,atr14=0.974|n_lu_250=0.875|r20=0.777|c_ma120=0.969|vr20=0.575|days_since_lu=0.094|dt_ratio20=0.984|lend_to_v=0.036|rev_yoy=0.433|o_turn=0.957|o_log_mcap=0.180|o_lu_follow=0.974,"官方日成交結構(MI_INDEX/dailyQuotes)=1|發行股數(MI_QFIIS/dailyQuotes)=1|外資持股(MI_QFIIS,僅上市)=1|自營商(T86/上櫃三大法人)=1|當沖(TWTB4U/上櫃intraday)=1|季財報(MOPS t163sb04)=1|月營收(MOPS/openapi)=1|官方產業別(MOPS t05st03)=1|融資券(MI_MARGN)=1|借券(TWT93U)=1|法人(T86)=1",842,inf,250.0,official_prepanel,7379.15,147.0,0.0,1.0,0,1,2.648,-3.602,28.602,10917.0,0,未扣成本·事後欄位以 m_ 標示·非投資建議
HC,1,2026-01-13,2026-01-14,4989,榮科,TWSE,M,,,Mp1@10,8,859,命中,7,-1.067371,,atr14=0.985|n_lu_250=0.999|r20=0.947|c_ma120=0.968|vr20=0.641|days_since_lu=0.158|dt_ratio20=0.979|lend_to_v=0.047|rev_yoy=0.920|o_turn=0.987|o_log_mcap=0.325|o_lu_follow=0.949,"官方日成交結構(MI_INDEX/dailyQuotes)=1|發行股數(MI_QFIIS/dailyQuotes)=1|外資持股(MI_QFIIS,僅上市)=1|自營商(T86/上櫃三大法人)=1|當沖(TWTB4U/上櫃intraday)=1|季財報(MOPS t163sb04)=1|月營收(MOPS/openapi)=1|官方產業別(MOPS t05st03)=1|融資券(MI_MARGN)=1|借券(TWT93U)=1|法人(T86)=1",850,inf,250.0,official_prepanel,20301.5,406.0,0.0,1.0,0,1,4.853,12.652,9.185,47623.0,0,未扣成本·事後欄位以 m_ 標示·非投資建議
HC,1,2026-01-14,2026-01-15,6152,百一,TWSE,M,,,Mp1@10,9,852,命中,101,-1.314119,,atr14=0.921|n_lu_250=0.710|r20=0.916|c_ma120=0.865|vr20=0.504|days_since_lu=0.201|dt_ratio20=NaN|lend_to_v=0.014|rev_yoy=0.290|o_turn=0.732|o_log_mcap=0.047|o_lu_follow=0.725,"官方日成交結構(MI_INDEX/dailyQuotes)=1|發行股數(MI_QFIIS/dailyQuotes)=1|外資持股(MI_QFIIS,僅上市)=1|自營商(T86/上櫃三大法人)=1|當沖(TWTB4U/上櫃intraday)=0|季財報(MOPS t163sb04)=1|月營收(MOPS/openapi)=1|官方產業別(MOPS t05st03)=1|融資券(MI_MARGN)=1|借券(TWT93U)=1|法人(T86)=1",851,inf,250.0,official_prepanel,2516.85,50.0,0.0,0.0,1,0,0.0,11.673,7.004,3999.0,0,未扣成本·事後欄位以 m_ 標示·非投資建議
HC,1,2026-01-15,2026-01-16,1528,恩德,TWSE,M,,,Mp1@10,2,876,命中,17,-0.919405,,atr14=0.970|n_lu_250=0.884|r20=0.995|c_ma120=0.965|vr20=0.492|days_since_lu=0.196|dt_ratio20=NaN|lend_to_v=0.087|rev_yoy=0.092|o_turn=0.949|o_log_mcap=0.232|o_lu_follow=0.939,"官方日成交結構(MI_INDEX/dailyQuotes)=1|發行股數(MI_QFIIS/dailyQuotes)=1|外資持股(MI_QFIIS,僅上市)=1|自營商(T86/上櫃三大法人)=1|當沖(TWTB4U/上櫃intraday)=0|季財報(MOPS t163sb04)=1|月營收(MOPS/openapi)=1|官方產業別(MOPS t05st03)=1|融資券(MI_MARGN)=1|借券(TWT93U)=1|法人(T86)=1",852,inf,250.0,official_prepanel,16439.9,328.0,1.0,0.0,0,1,2.717,1.449,0.0,12471.0,0,未扣成本·事後欄位以 m_ 標示·非投資建議
HC,1,2026-01-27,2026-01-28,2337,旺宏,TWSE,M,,,Mp1@10,3,948,命中,3,-1.299296,,atr14=0.989|n_lu_250=0.962|r20=0.999|c_ma120=0.998|vr20=0.893|days_since_lu=0.016|dt_ratio20=NaN|lend_to_v=0.074|rev_yoy=0.839|o_turn=0.995|o_log_mcap=0.905|o_lu_follow=0.942,"官方日成交結構(MI_INDEX/dailyQuotes)=1|發行股數(MI_QFIIS/dailyQuotes)=1|外資持股(MI_QFIIS,僅上市)=1|自營商(T86/上櫃三大法人)=1|當沖(TWTB4U/上櫃intraday)=1|季財報(MOPS t163sb04)=1|月營收(MOPS/openapi)=1|官方產業別(MOPS t05st03)=1|融資券(MI_MARGN)=1|借券(TWT93U)=1|法人(T86)=1",860,inf,250.0,official_prepanel,189473.66,3789.0,0.0,0.0,0,1,2.57,3.427,9.67,208679.0,0,未扣成本·事後欄位以 m_ 標示·非投資建議
HC,1,2026-01-27,2026-01-28,6588,東典光電,TPEx,M,,,Mp1@10,1,948,命中,114,-1.063597,,atr14=0.924|n_lu_250=0.851|r20=0.674|c_ma120=0.954|vr20=0.932|days_since_lu=0.142|dt_ratio20=NaN|lend_to_v=0.173|rev_yoy=0.671|o_turn=0.961|o_log_mcap=0.043|o_lu_follow=0.822,"官方日成交結構(MI_INDEX/dailyQuotes)=1|發行股數(MI_QFIIS/dailyQuotes)=1|外資持股(MI_QFIIS,僅上市)=0|自營商(T86/上櫃三大法人)=1|當沖(TWTB4U/上櫃intraday)=1|季財報(MOPS t163sb04)=1|月營收(MOPS/openapi)=1|官方產業別(MOPS t05st03)=1|融資券(MI_MARGN)=1|借券(TWT93U)=1|法人(T86)=1",860,inf,250.0,official_prepanel,1123.85,22.0,0.0,0.0,0,1,8.544,28.155,63.495,4633.0,0,未扣成本·事後欄位以 m_ 標示·非投資建議
HC,1,2026-02-02,2026-02-03,3138,耀登,TWSE,M,,,Mp1@10,4,984,命中,65,-1.7186,,atr14=0.911|n_lu_250=0.699|r20=0.994|c_ma120=0.979|vr20=0.949|days_since_lu=0.252|dt_ratio20=NaN|lend_to_v=0.119|rev_yoy=0.771|o_turn=0.989|o_log_mcap=0.412|o_lu_follow=0.916,"官方日成交結構(MI_INDEX/dailyQuotes)=1|發行股數(MI_QFIIS/dailyQuotes)=1|外資持股(MI_QFIIS,僅上市)=1|自營商(T86/上櫃三大法人)=1|當沖(TWTB4U/上櫃intraday)=1|季財報(MOPS t163sb04)=1|月營收(MOPS/openapi)=1|官方產業別(MOPS t05st03)=1|融資券(MI_MARGN)=1|借券(TWT93U)=1|法人(T86)=1",864,inf,250.0,official_prepanel,2933.9,58.0,0.0,0.0,0,1,5.263,2.924,5.263,4508.0,0,未扣成本·事後欄位以 m_ 標示·非投資建議
HC,1,2026-02-03,2026-02-04,6152,百一,TWSE,M,,,Mp1@10,2,975,命中,36,-1.238106,,atr14=0.971|n_lu_250=0.814|r20=0.963|c_ma120=0.946|vr20=0.531|days_since_lu=0.179|dt_ratio20=NaN|lend_to_v=0.015|rev_yoy=0.289|o_turn=0.768|o_log_mcap=0.088|o_lu_follow=0.859,"官方日成交結構(MI_INDEX/dailyQuotes)=1|發行股數(MI_QFIIS/dailyQuotes)=1|外資持股(MI_QFIIS,僅上市)=1|自營商(T86/上櫃三大法人)=1|當沖(TWTB4U/上櫃intraday)=0|季財報(MOPS t163sb04)=1|月營收(MOPS/openapi)=1|官方產業別(MOPS t05st03)=1|融資券(MI_MARGN)=1|借券(TWT93U)=1|法人(T86)=1",865,inf,250.0,official_prepanel,3542.65,70.0,0.0,0.0,0,1,10.266,12.928,38.783,7065.0,0,未扣成本·事後欄位以 m_ 標示·非投資建議
HC,1,2026-02-05,2026-02-06,3550,聯穎,TWSE,M,,,Mp1@10,6,991,命中,161,-1.26389,,atr14=0.832|n_lu_250=0.531|r20=0.892|c_ma120=0.861|vr20=0.834|days_since_lu=0.369|dt_ratio20=0.855|lend_to_v=0.154|rev_yoy=0.418|o_turn=0.888|o_log_mcap=0.056|o_lu_follow=0.160,"官方日成交結構(MI_INDEX/dailyQuotes)=1|發行股數(MI_QFIIS/dailyQuotes)=1|外資持股(MI_QFIIS,僅上市)=1|自營商(T86/上櫃三大法人)=1|當沖(TWTB4U/上櫃intraday)=1|季財報(MOPS t163sb04)=1|月營收(MOPS/openapi)=1|官方產業別(MOPS t05st03)=1|融資券(MI_MARGN)=1|借券(TWT93U)=1|法人(T86)=1",867,inf,250.0,official_prepanel,2960.15,59.0,0.0,0.0,0,1,9.971,11.144,5.572,14599.0,0,未扣成本·事後欄位以 m_ 標示·非投資建議
HC,1,2026-02-11,2026-02-23,4534,慶騰,TPEx,M,,,Mp1@10,2,1002,命中,17,-1.470825,,atr14=0.965|n_lu_250=0.933|r20=0.990|c_ma120=0.918|vr20=0.264|days_since_lu=0.157|dt_ratio20=NaN|lend_to_v=0.019|rev_yoy=0.535|o_turn=0.697|o_log_mcap=0.061|o_lu_follow=0.804,"官方日成交結構(MI_INDEX/dailyQuotes)=1|發行股數(MI_QFIIS/dailyQuotes)=1|外資持股(MI_QFIIS,僅上市)=0|自營商(T86/上櫃三大法人)=1|當沖(TWTB4U/上櫃intraday)=0|季財報(MOPS t163sb04)=1|月營收(MOPS/openapi)=1|官方產業別(MOPS t05st03)=1|融資券(MI_MARGN)=1|借券(TWT93U)=1|法人(T86)=1",871,inf,250.0,official_prepanel,1846.75,36.0,0.0,0.0,1,0,0.0,30.126,9.205,362.0,0,未扣成本·事後欄位以 m_ 標示·非投資建議
HC,1,2026-02-11,2026-02-23,4577,達航科技,TPEx,M,,,Mp1@10,6,1002,命中,24,-1.730272,,atr14=0.922|n_lu_250=0.997|r20=0.901|c_ma120=0.931|vr20=0.789|days_since_lu=0.084|dt_ratio20=NaN|lend_to_v=0.050|rev_yoy=0.513|o_turn=0.965|o_log_mcap=0.152|o_lu_follow=0.934,"官方日成交結構(MI_INDEX/dailyQuotes)=1|發行股數(MI_QFIIS/dailyQuotes)=1|外資持股(MI_QFIIS,僅上市)=0|自營商(T86/上櫃三大法人)=1|當沖(TWTB4U/上櫃intraday)=1|季財報(MOPS t163sb04)=1|月營收(MOPS/openapi)=1|官方產業別(MOPS t05st03)=1|融資券(MI_MARGN)=1|借券(TWT93U)=1|法人(T86)=1",871,inf,250.0,official_prepanel,2508.7,50.0,0.0,0.0,0,1,9.045,59.129,41.039,3228.0,0,未扣成本·事後欄位以 m_ 標示·非投資建議
HC,1,2026-02-23,2026-02-24,5291,邑昇,TPEx,M,,,Mp1@10,1,956,命中,119,-1.219798,,atr14=0.989|n_lu_250=0.764|r20=0.576|c_ma120=0.957|vr20=0.774|days_since_lu=0.067|dt_ratio20=NaN|lend_to_v=0.054|rev_yoy=0.695|o_turn=0.981|o_log_mcap=0.039|o_lu_follow=0.972,"官方日成交結構(MI_INDEX/dailyQuotes)=1|發行股數(MI_QFIIS/dailyQuotes)=1|外資持股(MI_QFIIS,僅上市)=0|自營商(T86/上櫃三大法人)=1|當沖(TWTB4U/上櫃intraday)=1|季財報(MOPS t163sb04)=1|月營收(MOPS/openapi)=1|官方產業別(MOPS t05st03)=1|融資券(MI_MARGN)=1|借券(TWT93U)=1|法人(T86)=1",872,inf,250.0,official_prepanel,2068.4,41.0,0.0,0.0,0,1,10.5,37.0,29.5,4987.0,0,未扣成本·事後欄位以 m_ 標示·非投資建議
HC,1,2026-02-24,2026-02-25,3092,鴻碩,TWSE,M,,,Mp1@10,6,968,命中,114,-1.426313,,atr14=0.893|n_lu_250=0.925|r20=0.546|c_ma120=0.953|vr20=0.970|days_since_lu=0.016|dt_ratio20=0.667|lend_to_v=0.427|rev_yoy=0.174|o_turn=0.897|o_log_mcap=0.140|o_lu_follow=0.941,"官方日成交結構(MI_INDEX/dailyQuotes)=1|發行股數(MI_QFIIS/dailyQuotes)=1|外資持股(MI_QFIIS,僅上市)=1|自營商(T86/上櫃三大法人)=1|當沖(TWTB4U/上櫃intraday)=1|季財報(MOPS t163sb04)=1|月營收(MOPS/openapi)=1|官方產業別(MOPS t05st03)=1|融資券(MI_MARGN)=1|借券(TWT93U)=1|法人(T86)=1",873,inf,250.0,official_prepanel,1190.0,23.0,0.0,0.0,0,1,8.534,38.404,18.738,3874.0,0,未扣成本·事後欄位以 m_ 標示·非投資建議
HC,1,2026-02-26,2026-03-02,2485,兆赫,TWSE,M,,,Mp1@10,3,930,命中,10,-1.065916,,atr14=0.992|n_lu_250=0.971|r20=0.946|c_ma120=0.993|vr20=0.859|days_since_lu=0.108|dt_ratio20=NaN|lend_to_v=0.086|rev_yoy=0.942|o_turn=0.999|o_log_mcap=0.568|o_lu_follow=0.948,"官方日成交結構(MI_INDEX/dailyQuotes)=1|發行股數(MI_QFIIS/dailyQuotes)=1|外資持股(MI_QFIIS,僅上市)=1|自營商(T86/上櫃三大法人)=1|當沖(TWTB4U/上櫃intraday)=1|季財報(MOPS t163sb04)=1|月營收(MOPS/openapi)=1|官方產業別(MOPS t05st03)=1|融資券(MI_MARGN)=1|借券(TWT93U)=1|法人(T86)=1",875,inf,250.0,official_prepanel,44107.75,882.0,0.0,2.0,0,1,16.608,32.391,46.054,50820.0,0,未扣成本·事後欄位以 m_ 標示·非投資建議
HC,1,2026-03-10,2026-03-11,3555,博士旺,TPEx,M,,,Mp1@10,1,902,命中,22,-0.88006,,atr14=0.931|n_lu_250=0.997|r20=0.974|c_ma120=0.986|vr20=0.456|days_since_lu=0.105|dt_ratio20=NaN|lend_to_v=0.041|rev_yoy=0.995|o_turn=0.704|o_log_mcap=0.250|o_lu_follow=0.996,"官方日成交結構(MI_INDEX/dailyQuotes)=1|發行股數(MI_QFIIS/dailyQuotes)=1|外資持股(MI_QFIIS,僅上市)=0|自營商(T86/上櫃三大法人)=1|當沖(TWTB4U/上櫃intraday)=1|季財報(MOPS t163sb04)=1|月營收(MOPS/openapi)=1|官方產業別(MOPS t05st03)=1|融資券(MI_MARGN)=1|借券(TWT93U)=1|法人(T86)=1",882,inf,250.0,official_prepanel,540.8,10.0,0.0,0.0,1,0,0.0,38.29,23.42,222.0,0,未扣成本·事後欄位以 m_ 標示·非投資建議
HC,1,2026-03-10,2026-03-11,4542,科嶠,TPEx,M,,,Mp1@10,2,902,命中,15,-1.009931,,atr14=0.980|n_lu_250=0.943|r20=0.997|c_ma120=0.997|vr20=0.618|days_since_lu=0.105|dt_ratio20=NaN|lend_to_v=0.047|rev_yoy=0.894|o_turn=0.958|o_log_mcap=0.242|o_lu_follow=0.932,"官方日成交結構(MI_INDEX/dailyQuotes)=1|發行股數(MI_QFIIS/dailyQuotes)=1|外資持股(MI_QFIIS,僅上市)=0|自營商(T86/上櫃三大法人)=1|當沖(TWTB4U/上櫃intraday)=1|季財報(MOPS t163sb04)=1|月營收(MOPS/openapi)=1|官方產業別(MOPS t05st03)=1|融資券(MI_MARGN)=1|借券(TWT93U)=1|法人(T86)=1",882,inf,250.0,official_prepanel,1887.2,37.0,0.0,0.0,0,1,9.428,23.232,18.855,1588.0,0,未扣成本·事後欄位以 m_ 標示·非投資建議
HC,1,2026-03-10,2026-03-11,4949,有成精密,TWSE,M,,,Mp1@10,4,902,命中,56,-1.158218,,atr14=0.802|n_lu_250=0.992|r20=0.937|c_ma120=0.947|vr20=0.851|days_since_lu=0.193|dt_ratio20=0.842|lend_to_v=0.146|rev_yoy=0.643|o_turn=0.948|o_log_mcap=0.157|o_lu_follow=0.980,"官方日成交結構(MI_INDEX/dailyQuotes)=1|發行股數(MI_QFIIS/dailyQuotes)=1|外資持股(MI_QFIIS,僅上市)=1|自營商(T86/上櫃三大法人)=1|當沖(TWTB4U/上櫃intraday)=1|季財報(MOPS t163sb04)=1|月營收(MOPS/openapi)=1|官方產業別(MOPS t05st03)=1|融資券(MI_MARGN)=1|借券(TWT93U)=1|法人(T86)=1",444,444.0,250.0,official,2072.3,41.0,0.0,0.0,0,1,2.909,20.727,10.909,7773.0,0,未扣成本·事後欄位以 m_ 標示·非投資建議
HC,1,2026-03-10,2026-03-11,8271,宇瞻,TWSE,M,,,Mp1@10,7,902,命中,85,-1.36663,,atr14=0.799|n_lu_250=0.888|r20=0.916|c_ma120=0.955|vr20=0.977|days_since_lu=0.176|dt_ratio20=0.985|lend_to_v=0.120|rev_yoy=0.955|o_turn=0.996|o_log_mcap=0.609|o_lu_follow=0.923,"官方日成交結構(MI_INDEX/dailyQuotes)=1|發行股數(MI_QFIIS/dailyQuotes)=1|外資持股(MI_QFIIS,僅上市)=1|自營商(T86/上櫃三大法人)=1|當沖(TWTB4U/上櫃intraday)=1|季財報(MOPS t163sb04)=1|月營收(MOPS/openapi)=1|官方產業別(MOPS t05st03)=1|融資券(MI_MARGN)=1|借券(TWT93U)=1|法人(T86)=1",882,inf,250.0,official_prepanel,8125.9,162.0,0.0,0.0,0,1,4.727,35.273,11.636,18573.0,0,未扣成本·事後欄位以 m_ 標示·非投資建議
HC,1,2026-03-11,2026-03-12,8489,三貝德,TPEx,M,,,Mp1@10,3,874,命中,1171,-1.395322,,atr14=0.997|n_lu_250=0.471|r20=0.002|c_ma120=0.002|vr20=0.984|days_since_lu=0.715|dt_ratio20=NaN|lend_to_v=0.127|rev_yoy=0.849|o_turn=0.932|o_log_mcap=0.011|o_lu_follow=0.233,"官方日成交結構(MI_INDEX/dailyQuotes)=1|發行股數(MI_QFIIS/dailyQuotes)=1|外資持股(MI_QFIIS,僅上市)=0|自營商(T86/上櫃三大法人)=1|當沖(TWTB4U/上櫃intraday)=1|季財報(MOPS t163sb04)=1|月營收(MOPS/openapi)=1|官方產業別(MOPS t05st03)=1|融資券(MI_MARGN)=1|借券(TWT93U)=1|法人(T86)=1",883,inf,250.0,official_prepanel,586.85,11.0,0.0,4.0,0,1,8.636,17.5,17.273,635.0,0,未扣成本·事後欄位以 m_ 標示·非投資建議
HC,1,2026-03-16,2026-03-17,3508,位速,TPEx,M,,,Mp1@10,4,898,命中,36,-1.237537,,atr14=0.967|n_lu_250=0.947|r20=0.946|c_ma120=0.962|vr20=0.681|days_since_lu=0.030|dt_ratio20=NaN|lend_to_v=0.017|rev_yoy=0.031|o_turn=0.904|o_log_mcap=0.170|o_lu_follow=0.994,"官方日成交結構(MI_INDEX/dailyQuotes)=1|發行股數(MI_QFIIS/dailyQuotes)=1|外資持股(MI_QFIIS,僅上市)=0|自營商(T86/上櫃三大法人)=1|當沖(TWTB4U/上櫃intraday)=0|季財報(MOPS t163sb04)=1|月營收(MOPS/openapi)=1|官方產業別(MOPS t05st03)=1|融資券(MI_MARGN)=1|借券(TWT93U)=1|法人(T86)=1",886,inf,250.0,official_prepanel,2924.0,58.0,0.0,1.0,0,1,3.095,2.738,0.119,6419.0,0,未扣成本·事後欄位以 m_ 標示·非投資建議
HC,1,2026-03-17,2026-03-18,1809,中釉,TWSE,M,,,Mp1@10,8,914,命中,125,-1.295094,,atr14=0.910|n_lu_250=0.811|r20=0.741|c_ma120=0.896|vr20=0.935|days_since_lu=0.304|dt_ratio20=0.922|lend_to_v=0.208|rev_yoy=0.539|o_turn=0.952|o_log_mcap=0.193|o_lu_follow=0.869,"官方日成交結構(MI_INDEX/dailyQuotes)=1|發行股數(MI_QFIIS/dailyQuotes)=1|外資持股(MI_QFIIS,僅上市)=1|自營商(T86/上櫃三大法人)=1|當沖(TWTB4U/上櫃intraday)=1|季財報(MOPS t163sb04)=1|月營收(MOPS/openapi)=1|官方產業別(MOPS t05st03)=1|融資券(MI_MARGN)=1|借券(TWT93U)=1|法人(T86)=1",887,inf,250.0,official_prepanel,5401.6,108.0,0.0,0.0,0,1,8.44,0.734,-5.872,25880.0,0,未扣成本·事後欄位以 m_ 標示·非投資建議
HC,1,2026-03-18,2026-03-19,6588,東典光電,TPEx,M,,,Mp1@10,2,910,命中,11,-0.958621,,atr14=0.995|n_lu_250=0.985|r20=0.928|c_ma120=0.989|vr20=0.993|days_since_lu=0.016|dt_ratio20=NaN|lend_to_v=0.070|rev_yoy=0.652|o_turn=0.987|o_log_mcap=0.122|o_lu_follow=0.947,"官方日成交結構(MI_INDEX/dailyQuotes)=1|發行股數(MI_QFIIS/dailyQuotes)=1|外資持股(MI_QFIIS,僅上市)=0|自營商(T86/上櫃三大法人)=1|當沖(TWTB4U/上櫃intraday)=1|季財報(MOPS t163sb04)=1|月營收(MOPS/openapi)=1|官方產業別(MOPS t05st03)=1|融資券(MI_MARGN)=1|借券(TWT93U)=1|法人(T86)=1",888,inf,250.0,official_prepanel,1140.05,22.0,0.0,1.0,0,1,9.071,15.301,44.809,2797.0,0,未扣成本·事後欄位以 m_ 標示·非投資建議
HC,1,2026-03-19,2026-03-20,6530,創威,TPEx,M,,,Mp1@10,9,923,命中,92,-1.344509,,atr14=0.934|n_lu_250=0.840|r20=0.946|c_ma120=0.865|vr20=0.703|days_since_lu=0.220|dt_ratio20=NaN|lend_to_v=0.050|rev_yoy=0.719|o_turn=0.990|o_log_mcap=0.091|o_lu_follow=0.420,"官方日成交結構(MI_INDEX/dailyQuotes)=1|發行股數(MI_QFIIS/dailyQuotes)=1|外資持股(MI_QFIIS,僅上市)=0|自營商(T86/上櫃三大法人)=1|當沖(TWTB4U/上櫃intraday)=1|季財報(MOPS t163sb04)=1|月營收(MOPS/openapi)=1|官方產業別(MOPS t05st03)=1|融資券(MI_MARGN)=1|借券(TWT93U)=1|法人(T86)=1",889,inf,250.0,official_prepanel,5171.7,103.0,0.0,0.0,0,1,4.599,12.736,5.189,8814.0,0,未扣成本·事後欄位以 m_ 標示·非投資建議
HC,1,2026-03-24,2026-03-25,4577,達航科技,TPEx,M,,,Mp1@10,9,932,命中,4,-1.462278,,atr14=0.997|n_lu_250=0.998|r20=0.979|c_ma120=0.980|vr20=0.881|days_since_lu=0.028|dt_ratio20=NaN|lend_to_v=0.034|rev_yoy=0.922|o_turn=0.937|o_log_mcap=0.189|o_lu_follow=0.945,"官方日成交結構(MI_INDEX/dailyQuotes)=1|發行股數(MI_QFIIS/dailyQuotes)=1|外資持股(MI_QFIIS,僅上市)=0|自營商(T86/上櫃三大法人)=1|當沖(TWTB4U/上櫃intraday)=1|季財報(MOPS t163sb04)=1|月營收(MOPS/openapi)=1|官方產業別(MOPS t05st03)=1|融資券(MI_MARGN)=1|借券(TWT93U)=1|法人(T86)=1",892,inf,250.0,official_prepanel,1846.4,36.0,0.0,0.0,0,1,4.72,12.514,27.333,967.0,0,未扣成本·事後欄位以 m_ 標示·非投資建議
HC,1,2026-03-31,2026-04-01,2426,鼎元,TWSE,M,,,Mp1@10,10,933,命中,52,-1.370577,,atr14=0.970|n_lu_250=0.770|r20=0.996|c_ma120=0.979|vr20=0.008|days_since_lu=0.060|dt_ratio20=NaN|lend_to_v=0.071|rev_yoy=0.292|o_turn=0.599|o_log_mcap=0.420|o_lu_follow=0.950,"官方日成交結構(MI_INDEX/dailyQuotes)=1|發行股數(MI_QFIIS/dailyQuotes)=1|外資持股(MI_QFIIS,僅上市)=1|自營商(T86/上櫃三大法人)=1|當沖(TWTB4U/上櫃intraday)=0|季財報(MOPS t163sb04)=1|月營收(MOPS/openapi)=1|官方產業別(MOPS t05st03)=1|融資券(MI_MARGN)=1|借券(TWT93U)=1|法人(T86)=1",897,inf,250.0,official_prepanel,14028.55,280.0,1.0,0.0,0,1,2.802,26.844,56.932,1561.0,1,未扣成本·事後欄位以 m_ 標示·非投資建議
HC,1,2026-03-31,2026-04-01,6830,汎銓,TWSE,M,,,Mp1@10,5,933,命中,26,-1.191474,,atr14=0.927|n_lu_250=0.890|r20=0.992|c_ma120=0.998|vr20=0.973|days_since_lu=0.035|dt_ratio20=NaN|lend_to_v=0.176|rev_yoy=0.791|o_turn=0.994|o_log_mcap=0.676|o_lu_follow=0.925,"官方日成交結構(MI_INDEX/dailyQuotes)=1|發行股數(MI_QFIIS/dailyQuotes)=1|外資持股(MI_QFIIS,僅上市)=1|自營商(T86/上櫃三大法人)=1|當沖(TWTB4U/上櫃intraday)=1|季財報(MOPS t163sb04)=1|月營收(MOPS/openapi)=1|官方產業別(MOPS t05st03)=1|融資券(MI_MARGN)=1|借券(TWT93U)=1|法人(T86)=1",865,865.0,250.0,official,2819.75,56.0,0.0,0.0,0,1,1.782,28.511,59.647,2985.0,0,未扣成本·事後欄位以 m_ 標示·非投資建議
HC,2,2026-04-07,2026-04-08,6141,柏承,TWSE,M,,,Mp1@10,4,912,命中,39,-0.752609,,atr14=0.997|n_lu_250=0.892|r20=0.874|c_ma120=0.966|vr20=0.794|days_since_lu=0.222|dt_ratio20=NaN|lend_to_v=0.019|rev_yoy=0.240|o_turn=0.875|o_log_mcap=0.076|o_lu_follow=0.998,"官方日成交結構(MI_INDEX/dailyQuotes)=1|發行股數(MI_QFIIS/dailyQuotes)=1|外資持股(MI_QFIIS,僅上市)=1|自營商(T86/上櫃三大法人)=1|當沖(TWTB4U/上櫃intraday)=0|季財報(MOPS t163sb04)=1|月營收(MOPS/openapi)=1|官方產業別(MOPS t05st03)=1|融資券(MI_MARGN)=1|借券(TWT93U)=1|法人(T86)=1",900,inf,250.0,official_prepanel,2172.9,43.0,0.0,0.0,0,1,10.886,18.987,76.962,2224.0,0,未扣成本·事後欄位以 m_ 標示·非投資建議
HC,2,2026-04-07,2026-04-08,6226,光鼎,TWSE,M,,,Mp1@10,6,912,命中,25,-0.951238,,atr14=0.982|n_lu_250=0.914|r20=0.960|c_ma120=0.931|vr20=0.719|days_since_lu=0.159|dt_ratio20=NaN|lend_to_v=0.019|rev_yoy=0.342|o_turn=0.856|o_log_mcap=0.015|o_lu_follow=0.993,"官方日成交結構(MI_INDEX/dailyQuotes)=1|發行股數(MI_QFIIS/dailyQuotes)=1|外資持股(MI_QFIIS,僅上市)=1|自營商(T86/上櫃三大法人)=1|當沖(TWTB4U/上櫃intraday)=0|季財報(MOPS t163sb04)=1|月營收(MOPS/openapi)=1|官方產業別(MOPS t05st03)=1|融資券(MI_MARGN)=1|借券(TWT93U)=1|法人(T86)=1",900,inf,250.0,official_prepanel,2875.55,57.0,0.0,0.0,0,1,3.797,5.907,23.207,1045.0,0,未扣成本·事後欄位以 m_ 標示·非投資建議
HC,2,2026-04-08,2026-04-09,3054,立萬利,TWSE,M,,,Mp1@10,4,867,命中,15,-0.873478,,atr14=0.998|n_lu_250=0.951|r20=0.917|c_ma120=0.984|vr20=0.894|days_since_lu=0.047|dt_ratio20=NaN|lend_to_v=0.049|rev_yoy=0.989|o_turn=0.753|o_log_mcap=0.246|o_lu_follow=0.998,"官方日成交結構(MI_INDEX/dailyQuotes)=1|發行股數(MI_QFIIS/dailyQuotes)=1|外資持股(MI_QFIIS,僅上市)=1|自營商(T86/上櫃三大法人)=1|當沖(TWTB4U/上櫃intraday)=1|季財報(MOPS t163sb04)=1|月營收(MOPS/openapi)=1|官方產業別(MOPS t05st03)=1|融資券(MI_MARGN)=1|借券(TWT93U)=1|法人(T86)=1",901,inf,250.0,official_prepanel,664.2,13.0,0.0,0.0,1,0,0.0,-2.632,5.263,259.0,0,未扣成本·事後欄位以 m_ 標示·非投資建議
HC,2,2026-04-08,2026-04-09,4949,有成精密,TWSE,M,,,Mp1@10,1,867,命中,9,-0.71645,,atr14=0.971|n_lu_250=0.987|r20=0.974|c_ma120=0.975|vr20=0.268|days_since_lu=0.087|dt_ratio20=0.948|lend_to_v=0.056|rev_yoy=0.843|o_turn=0.936|o_log_mcap=0.229|o_lu_follow=0.924,"官方日成交結構(MI_INDEX/dailyQuotes)=1|發行股數(MI_QFIIS/dailyQuotes)=1|外資持股(MI_QFIIS,僅上市)=1|自營商(T86/上櫃三大法人)=1|當沖(TWTB4U/上櫃intraday)=1|季財報(MOPS t163sb04)=1|月營收(MOPS/openapi)=1|官方產業別(MOPS t05st03)=1|融資券(MI_MARGN)=1|借券(TWT93U)=1|法人(T86)=1",463,463.0,250.0,official,6413.1,128.0,0.0,1.0,0,1,10.315,27.507,31.662,7551.0,0,未扣成本·事後欄位以 m_ 標示·非投資建議
HC,2,2026-04-08,2026-04-09,6217,中探針,TPEx,M,,,Mp1@10,9,867,命中,1,-1.055285,,atr14=0.980|n_lu_250=0.999|r20=0.999|c_ma120=0.999|vr20=0.984|days_since_lu=0.047|dt_ratio20=NaN|lend_to_v=0.090|rev_yoy=0.858|o_turn=0.998|o_log_mcap=0.666|o_lu_follow=0.935,"官方日成交結構(MI_INDEX/dailyQuotes)=1|發行股數(MI_QFIIS/dailyQuotes)=1|外資持股(MI_QFIIS,僅上市)=0|自營商(T86/上櫃三大法人)=1|當沖(TWTB4U/上櫃intraday)=1|季財報(MOPS t163sb04)=1|月營收(MOPS/openapi)=1|官方產業別(MOPS t05st03)=1|融資券(MI_MARGN)=1|借券(TWT93U)=1|法人(T86)=1",901,inf,250.0,official_prepanel,6852.3,137.0,0.0,1.0,0,1,12.565,14.136,55.236,19602.0,0,未扣成本·事後欄位以 m_ 標示·非投資建議
HC,2,2026-04-09,2026-04-10,6426,統新,TWSE,M,,,Mp1@10,3,892,命中,16,-0.611288,,atr14=0.961|n_lu_250=0.964|r20=0.982|c_ma120=0.975|vr20=0.917|days_since_lu=0.079|dt_ratio20=NaN|lend_to_v=0.078|rev_yoy=0.617|o_turn=0.976|o_log_mcap=0.327|o_lu_follow=0.936,"官方日成交結構(MI_INDEX/dailyQuotes)=1|發行股數(MI_QFIIS/dailyQuotes)=1|外資持股(MI_QFIIS,僅上市)=1|自營商(T86/上櫃三大法人)=1|當沖(TWTB4U/上櫃intraday)=1|季財報(MOPS t163sb04)=1|月營收(MOPS/openapi)=1|官方產業別(MOPS t05st03)=1|融資券(MI_MARGN)=1|借券(TWT93U)=1|法人(T86)=1",902,inf,250.0,official_prepanel,2231.1,44.0,0.0,0.0,0,1,4.787,9.84,27.394,5452.0,0,未扣成本·事後欄位以 m_ 標示·非投資建議
HC,2,2026-04-13,2026-04-14,4956,光鋐,TWSE,M,,,Mp1@10,4,844,命中,76,-0.585715,,atr14=0.936|n_lu_250=0.759|r20=0.969|c_ma120=0.966|vr20=0.308|days_since_lu=0.236|dt_ratio20=0.997|lend_to_v=0.072|rev_yoy=0.526|o_turn=0.974|o_log_mcap=0.158|o_lu_follow=0.848,"官方日成交結構(MI_INDEX/dailyQuotes)=1|發行股數(MI_QFIIS/dailyQuotes)=1|外資持股(MI_QFIIS,僅上市)=1|自營商(T86/上櫃三大法人)=1|當沖(TWTB4U/上櫃intraday)=1|季財報(MOPS t163sb04)=1|月營收(MOPS/openapi)=1|官方產業別(MOPS t05st03)=1|融資券(MI_MARGN)=1|借券(TWT93U)=1|法人(T86)=1",904,inf,250.0,official_prepanel,15966.5,319.0,0.0,2.0,0,1,4.5,36.75,15.0,26551.0,0,未扣成本·事後欄位以 m_ 標示·非投資建議
HC,2,2026-04-14,2026-04-15,3339,泰谷,TPEx,M,,,Mp1@10,8,875,命中,45,-0.929801,,atr14=0.954|n_lu_250=0.827|r20=0.993|c_ma120=0.977|vr20=0.812|days_since_lu=0.024|dt_ratio20=NaN|lend_to_v=0.051|rev_yoy=0.844|o_turn=0.995|o_log_mcap=0.145|o_lu_follow=0.703,"官方日成交結構(MI_INDEX/dailyQuotes)=1|發行股數(MI_QFIIS/dailyQuotes)=1|外資持股(MI_QFIIS,僅上市)=0|自營商(T86/上櫃三大法人)=1|當沖(TWTB4U/上櫃intraday)=1|季財報(MOPS t163sb04)=1|月營收(MOPS/openapi)=1|官方產業別(MOPS t05st03)=1|融資券(MI_MARGN)=1|借券(TWT93U)=1|法人(T86)=1",905,inf,250.0,official_prepanel,8033.95,160.0,0.0,2.0,0,1,5.138,31.009,-3.67,7924.0,0,未扣成本·事後欄位以 m_ 標示·非投資建議
HC,2,2026-04-16,2026-04-17,3437,榮創,TWSE,M,,,Mp1@10,2,871,命中,121,-0.630381,,atr14=0.935|n_lu_250=0.897|r20=0.669|c_ma120=0.935|vr20=0.955|days_since_lu=0.016|dt_ratio20=NaN|lend_to_v=0.209|rev_yoy=0.096|o_turn=0.973|o_log_mcap=0.147|o_lu_follow=0.915,"官方日成交結構(MI_INDEX/dailyQuotes)=1|發行股數(MI_QFIIS/dailyQuotes)=1|外資持股(MI_QFIIS,僅上市)=1|自營商(T86/上櫃三大法人)=1|當沖(TWTB4U/上櫃intraday)=1|季財報(MOPS t163sb04)=1|月營收(MOPS/openapi)=1|官方產業別(MOPS t05st03)=1|融資券(MI_MARGN)=1|借券(TWT93U)=1|法人(T86)=1",907,inf,250.0,official_prepanel,5026.75,100.0,0.0,0.0,0,1,11.934,0.617,9.259,14368.0,0,未扣成本·事後欄位以 m_ 標示·非投資建議
HC,2,2026-04-20,2026-04-21,2429,銘旺科,TWSE,M,,,Mp1@10,9,842,命中,825,-0.939091,,atr14=0.908|n_lu_250=0.948|r20=0.046|c_ma120=0.003|vr20=0.849|days_since_lu=0.472|dt_ratio20=NaN|lend_to_v=0.017|rev_yoy=0.726|o_turn=0.585|o_log_mcap=0.148|o_lu_follow=0.915,"官方日成交結構(MI_INDEX/dailyQuotes)=1|發行股數(MI_QFIIS/dailyQuotes)=1|外資持股(MI_QFIIS,僅上市)=1|自營商(T86/上櫃三大法人)=1|當沖(TWTB4U/上櫃intraday)=0|季財報(MOPS t163sb04)=1|月營收(MOPS/openapi)=1|官方產業別(MOPS t05st03)=1|融資券(MI_MARGN)=1|借券(TWT93U)=1|法人(T86)=1",909,inf,250.0,official_prepanel,417.4,8.0,0.0,0.0,0,1,5.402,26.207,18.161,812.0,0,未扣成本·事後欄位以 m_ 標示·非投資建議
HC,2,2026-05-04,2026-05-05,4741,泓瀚,TPEx,M,,,Mp1@10,3,920,命中,36,-0.952252,,atr14=0.997|n_lu_250=0.864|r20=0.935|c_ma120=0.970|vr20=0.569|days_since_lu=0.050|dt_ratio20=NaN|lend_to_v=0.079|rev_yoy=0.472|o_turn=0.901|o_log_mcap=0.050|o_lu_follow=0.919,"官方日成交結構(MI_INDEX/dailyQuotes)=1|發行股數(MI_QFIIS/dailyQuotes)=1|外資持股(MI_QFIIS,僅上市)=0|自營商(T86/上櫃三大法人)=1|當沖(TWTB4U/上櫃intraday)=1|季財報(MOPS t163sb04)=1|月營收(MOPS/openapi)=1|官方產業別(MOPS t05st03)=1|融資券(MI_MARGN)=1|借券(TWT93U)=1|法人(T86)=1",918,inf,250.0,official_prepanel,1264.55,25.0,0.0,0.0,0,1,7.88,15.572,9.944,2016.0,0,未扣成本·事後欄位以 m_ 標示·非投資建議
HC,2,2026-05-06,2026-05-07,6727,亞泰金屬,TPEx,M,,,Mp1@10,4,980,命中,83,-0.989137,,atr14=0.989|n_lu_250=0.960|r20=0.697|c_ma120=0.953|vr20=0.981|days_since_lu=0.016|dt_ratio20=NaN|lend_to_v=0.058|rev_yoy=0.730|o_turn=0.989|o_log_mcap=0.476|o_lu_follow=0.962,"官方日成交結構(MI_INDEX/dailyQuotes)=1|發行股數(MI_QFIIS/dailyQuotes)=1|外資持股(MI_QFIIS,僅上市)=0|自營商(T86/上櫃三大法人)=1|當沖(TWTB4U/上櫃intraday)=1|季財報(MOPS t163sb04)=1|月營收(MOPS/openapi)=1|官方產業別(MOPS t05st03)=1|融資券(MI_MARGN)=1|借券(TWT93U)=1|法人(T86)=1",920,inf,250.0,official_prepanel,1271.0,25.0,0.0,0.0,0,1,9.952,28.297,19.065,4112.0,0,未扣成本·事後欄位以 m_ 標示·非投資建議
HC,2,2026-05-08,2026-05-11,4973,廣穎,TPEx,M,,,Mp1@10,9,1010,命中,43,-1.142764,,atr14=0.837|n_lu_250=0.981|r20=0.943|c_ma120=0.972|vr20=0.854|days_since_lu=0.189|dt_ratio20=NaN|lend_to_v=0.053|rev_yoy=0.912|o_turn=0.997|o_log_mcap=0.315|o_lu_follow=0.955,"官方日成交結構(MI_INDEX/dailyQuotes)=1|發行股數(MI_QFIIS/dailyQuotes)=1|外資持股(MI_QFIIS,僅上市)=0|自營商(T86/上櫃三大法人)=1|當沖(TWTB4U/上櫃intraday)=1|季財報(MOPS t163sb04)=1|月營收(MOPS/openapi)=1|官方產業別(MOPS t05st03)=1|融資券(MI_MARGN)=1|借券(TWT93U)=1|法人(T86)=1",922,inf,250.0,official_prepanel,8257.25,165.0,0.0,0.0,0,1,3.302,10.377,8.491,5391.0,0,未扣成本·事後欄位以 m_ 標示·非投資建議
HC,2,2026-05-15,2026-05-18,3615,安可,TPEx,M,,,Mp1@10,4,1012,命中,155,-0.940407,,atr14=0.872|n_lu_250=0.788|r20=0.840|c_ma120=0.822|vr20=0.957|days_since_lu=0.039|dt_ratio20=NaN|lend_to_v=0.127|rev_yoy=0.055|o_turn=0.995|o_log_mcap=0.117|o_lu_follow=0.288,"官方日成交結構(MI_INDEX/dailyQuotes)=1|發行股數(MI_QFIIS/dailyQuotes)=1|外資持股(MI_QFIIS,僅上市)=0|自營商(T86/上櫃三大法人)=1|當沖(TWTB4U/上櫃intraday)=1|季財報(MOPS t163sb04)=1|月營收(MOPS/openapi)=1|官方產業別(MOPS t05st03)=1|融資券(MI_MARGN)=1|借券(TWT93U)=1|法人(T86)=1",927,inf,250.0,official_prepanel,4619.9,92.0,0.0,0.0,0,1,7.339,24.64,28.834,15331.0,0,未扣成本·事後欄位以 m_ 標示·非投資建議
HC,2,2026-05-20,2026-05-21,3236,千如,TPEx,M,,,Mp1@10,8,1007,命中,90,-1.170039,,atr14=0.807|n_lu_250=0.821|r20=0.955|c_ma120=0.883|vr20=0.981|days_since_lu=0.088|dt_ratio20=NaN|lend_to_v=0.098|rev_yoy=0.768|o_turn=0.996|o_log_mcap=0.243|o_lu_follow=0.487,"官方日成交結構(MI_INDEX/dailyQuotes)=1|發行股數(MI_QFIIS/dailyQuotes)=1|外資持股(MI_QFIIS,僅上市)=0|自營商(T86/上櫃三大法人)=1|當沖(TWTB4U/上櫃intraday)=1|季財報(MOPS t163sb04)=1|月營收(MOPS/openapi)=1|官方產業別(MOPS t05st03)=1|融資券(MI_MARGN)=1|借券(TWT93U)=1|法人(T86)=1",930,inf,250.0,official_prepanel,9448.15,188.0,0.0,2.0,0,1,5.349,24.236,17.904,18367.0,0,未扣成本·事後欄位以 m_ 標示·非投資建議
HC,2,2026-05-20,2026-05-21,8289,泰藝,TPEx,M,,,Mp1@10,1,1007,命中,160,-0.601099,,atr14=0.889|n_lu_250=0.893|r20=0.532|c_ma120=0.967|vr20=0.895|days_since_lu=0.105|dt_ratio20=NaN|lend_to_v=0.173|rev_yoy=0.209|o_turn=0.958|o_log_mcap=0.201|o_lu_follow=0.495,"官方日成交結構(MI_INDEX/dailyQuotes)=1|發行股數(MI_QFIIS/dailyQuotes)=1|外資持股(MI_QFIIS,僅上市)=0|自營商(T86/上櫃三大法人)=1|當沖(TWTB4U/上櫃intraday)=1|季財報(MOPS t163sb04)=1|月營收(MOPS/openapi)=1|官方產業別(MOPS t05st03)=1|融資券(MI_MARGN)=1|借券(TWT93U)=1|法人(T86)=1",930,inf,250.0,official_prepanel,3508.8,70.0,0.0,0.0,0,1,7.993,22.38,28.242,10420.0,0,未扣成本·事後欄位以 m_ 標示·非投資建議
HC,2,2026-05-21,2026-05-22,3042,晶技,TWSE,M,,,Mp1@10,9,971,命中,299,-1.290377,,atr14=0.935|n_lu_250=0.547|r20=0.402|c_ma120=0.942|vr20=0.965|days_since_lu=0.393|dt_ratio20=NaN|lend_to_v=0.152|rev_yoy=0.324|o_turn=0.974|o_log_mcap=0.827|o_lu_follow=0.964,"官方日成交結構(MI_INDEX/dailyQuotes)=1|發行股數(MI_QFIIS/dailyQuotes)=1|外資持股(MI_QFIIS,僅上市)=1|自營商(T86/上櫃三大法人)=1|當沖(TWTB4U/上櫃intraday)=1|季財報(MOPS t163sb04)=1|月營收(MOPS/openapi)=1|官方產業別(MOPS t05st03)=1|融資券(MI_MARGN)=1|借券(TWT93U)=1|法人(T86)=1",931,inf,250.0,official_prepanel,11638.9,232.0,0.0,0.0,0,1,6.344,31.42,25.68,31528.0,0,未扣成本·事後欄位以 m_ 標示·非投資建議
HC,2,2026-05-25,2026-05-26,4923,力士,TPEx,M,,,Mp1@10,7,947,命中,162,-0.830401,,atr14=0.748|n_lu_250=0.856|r20=0.851|c_ma120=0.709|vr20=0.999|days_since_lu=0.300|dt_ratio20=NaN|lend_to_v=0.114|rev_yoy=0.519|o_turn=0.964|o_log_mcap=0.025|o_lu_follow=0.954,"官方日成交結構(MI_INDEX/dailyQuotes)=1|發行股數(MI_QFIIS/dailyQuotes)=1|外資持股(MI_QFIIS,僅上市)=0|自營商(T86/上櫃三大法人)=1|當沖(TWTB4U/上櫃intraday)=1|季財報(MOPS t163sb04)=1|月營收(MOPS/openapi)=1|官方產業別(MOPS t05st03)=1|融資券(MI_MARGN)=1|借券(TWT93U)=1|法人(T86)=1",933,inf,250.0,official_prepanel,713.95,14.0,0.0,0.0,0,1,9.322,9.201,8.717,2277.0,0,未扣成本·事後欄位以 m_ 標示·非投資建議
HC,2,2026-05-28,2026-05-29,4939,亞電,TPEx,M,,,Mp1@10,10,994,命中,263,-1.088147,,atr14=0.771|n_lu_250=0.890|r20=0.559|c_ma120=0.716|vr20=0.988|days_since_lu=0.036|dt_ratio20=NaN|lend_to_v=0.188|rev_yoy=0.422|o_turn=0.995|o_log_mcap=0.241|o_lu_follow=0.819,"官方日成交結構(MI_INDEX/dailyQuotes)=1|發行股數(MI_QFIIS/dailyQuotes)=1|外資持股(MI_QFIIS,僅上市)=0|自營商(T86/上櫃三大法人)=1|當沖(TWTB4U/上櫃intraday)=1|季財報(MOPS t163sb04)=1|月營收(MOPS/openapi)=1|官方產業別(MOPS t05st03)=1|融資券(MI_MARGN)=1|借券(TWT93U)=1|法人(T86)=1",936,inf,250.0,official_prepanel,4819.7,96.0,0.0,0.0,0,1,7.333,15.952,28.551,31208.0,0,未扣成本·事後欄位以 m_ 標示·非投資建議
HC,2,2026-05-28,2026-05-29,6127,九豪,TPEx,M,,,Mp1@10,5,994,命中,77,-0.792572,,atr14=0.871|n_lu_250=0.948|r20=0.914|c_ma120=0.907|vr20=0.929|days_since_lu=0.036|dt_ratio20=NaN|lend_to_v=0.067|rev_yoy=0.166|o_turn=0.999|o_log_mcap=0.342|o_lu_follow=0.452,"官方日成交結構(MI_INDEX/dailyQuotes)=1|發行股數(MI_QFIIS/dailyQuotes)=1|外資持股(MI_QFIIS,僅上市)=0|自營商(T86/上櫃三大法人)=1|當沖(TWTB4U/上櫃intraday)=1|季財報(MOPS t163sb04)=1|月營收(MOPS/openapi)=1|官方產業別(MOPS t05st03)=1|融資券(MI_MARGN)=1|借券(TWT93U)=1|法人(T86)=1",936,inf,250.0,official_prepanel,19821.35,396.0,0.0,0.0,0,1,6.825,19.365,25.397,38105.0,0,未扣成本·事後欄位以 m_ 標示·非投資建議
HC,2,2026-05-29,2026-06-01,2491,吉祥全,TWSE,M,,,Mp1@10,5,987,命中,99,-1.12796,,atr14=0.900|n_lu_250=0.918|r20=0.981|c_ma120=0.733|vr20=0.740|days_since_lu=0.162|dt_ratio20=0.695|lend_to_v=0.088|rev_yoy=0.304|o_turn=0.738|o_log_mcap=0.063|o_lu_follow=0.945,"官方日成交結構(MI_INDEX/dailyQuotes)=1|發行股數(MI_QFIIS/dailyQuotes)=1|外資持股(MI_QFIIS,僅上市)=1|自營商(T86/上櫃三大法人)=1|當沖(TWTB4U/上櫃intraday)=1|季財報(MOPS t163sb04)=1|月營收(MOPS/openapi)=1|官方產業別(MOPS t05st03)=1|融資券(MI_MARGN)=1|借券(TWT93U)=1|法人(T86)=1",937,inf,250.0,official_prepanel,1284.5,25.0,0.0,0.0,0,1,8.705,47.346,32.909,2102.0,0,未扣成本·事後欄位以 m_ 標示·非投資建議
HC,2,2026-05-29,2026-06-01,6155,鈞寶,TWSE,M,,,Mp1@10,8,987,命中,76,-1.305478,,atr14=0.958|n_lu_250=0.974|r20=0.927|c_ma120=0.750|vr20=0.895|days_since_lu=0.011|dt_ratio20=0.987|lend_to_v=0.062|rev_yoy=0.554|o_turn=0.998|o_log_mcap=0.295|o_lu_follow=0.806,"官方日成交結構(MI_INDEX/dailyQuotes)=1|發行股數(MI_QFIIS/dailyQuotes)=1|外資持股(MI_QFIIS,僅上市)=1|自營商(T86/上櫃三大法人)=1|當沖(TWTB4U/上櫃intraday)=1|季財報(MOPS t163sb04)=1|月營收(MOPS/openapi)=1|官方產業別(MOPS t05st03)=1|融資券(MI_MARGN)=1|借券(TWT93U)=1|法人(T86)=1",937,inf,250.0,official_prepanel,8897.85,177.0,0.0,1.0,0,1,9.524,25.873,30.159,20682.0,0,未扣成本·事後欄位以 m_ 標示·非投資建議
HC,2,2026-06-05,2026-06-08,4741,泓瀚,TPEx,M,,,Mp1@10,2,1019,命中,216,-0.786674,,atr14=0.798|n_lu_250=0.913|r20=0.421|c_ma120=0.974|vr20=0.944|days_since_lu=0.011|dt_ratio20=NaN|lend_to_v=0.121|rev_yoy=0.608|o_turn=0.988|o_log_mcap=0.081|o_lu_follow=0.884,"官方日成交結構(MI_INDEX/dailyQuotes)=1|發行股數(MI_QFIIS/dailyQuotes)=1|外資持股(MI_QFIIS,僅上市)=0|自營商(T86/上櫃三大法人)=1|當沖(TWTB4U/上櫃intraday)=1|季財報(MOPS t163sb04)=1|月營收(MOPS/openapi)=1|官方產業別(MOPS t05st03)=1|融資券(MI_MARGN)=1|借券(TWT93U)=1|法人(T86)=1",942,inf,250.0,official_prepanel,1506.0,30.0,0.0,1.0,0,1,21.441,37.083,11.414,2570.0,0,未扣成本·事後欄位以 m_ 標示·非投資建議
HC,2,2026-06-08,2026-06-09,3550,聯穎,TWSE,M,,,Mp1@10,2,1035,命中,182,-0.989772,,atr14=0.652|n_lu_250=0.791|r20=0.816|c_ma120=0.846|vr20=0.859|days_since_lu=0.028|dt_ratio20=0.707|lend_to_v=0.126|rev_yoy=0.664|o_turn=0.960|o_log_mcap=0.119|o_lu_follow=0.485,"官方日成交結構(MI_INDEX/dailyQuotes)=1|發行股數(MI_QFIIS/dailyQuotes)=1|外資持股(MI_QFIIS,僅上市)=1|自營商(T86/上櫃三大法人)=1|當沖(TWTB4U/上櫃intraday)=1|季財報(MOPS t163sb04)=1|月營收(MOPS/openapi)=1|官方產業別(MOPS t05st03)=1|融資券(MI_MARGN)=1|借券(TWT93U)=1|法人(T86)=1",943,inf,250.0,official_prepanel,3583.05,71.0,0.0,0.0,0,1,8.368,17.364,46.444,11676.0,0,未扣成本·事後欄位以 m_ 標示·非投資建議
HC,2,2026-06-08,2026-06-09,4556,旭然,TPEx,M,,,Mp1@10,3,1035,命中,255,-1.46341,,atr14=0.582|n_lu_250=0.818|r20=0.528|c_ma120=0.933|vr20=0.947|days_since_lu=0.028|dt_ratio20=NaN|lend_to_v=0.107|rev_yoy=0.151|o_turn=0.851|o_log_mcap=0.063|o_lu_follow=0.972,"官方日成交結構(MI_INDEX/dailyQuotes)=1|發行股數(MI_QFIIS/dailyQuotes)=1|外資持股(MI_QFIIS,僅上市)=0|自營商(T86/上櫃三大法人)=1|當沖(TWTB4U/上櫃intraday)=1|季財報(MOPS t163sb04)=1|月營收(MOPS/openapi)=1|官方產業別(MOPS t05st03)=1|融資券(MI_MARGN)=1|借券(TWT93U)=1|法人(T86)=1",943,inf,250.0,official_prepanel,471.05,9.0,0.0,0.0,1,0,0.0,45.924,45.328,513.0,0,未扣成本·事後欄位以 m_ 標示·非投資建議
HC,2,2026-06-11,2026-06-12,2484,希華,TWSE,M,,,Mp1@10,2,1073,命中,20,-0.82084,,atr14=0.920|n_lu_250=0.894|r20=0.992|c_ma120=0.984|vr20=0.971|days_since_lu=0.045|dt_ratio20=0.998|lend_to_v=0.123|rev_yoy=0.364|o_turn=1.000|o_log_mcap=0.457|o_lu_follow=0.302,"官方日成交結構(MI_INDEX/dailyQuotes)=1|發行股數(MI_QFIIS/dailyQuotes)=1|外資持股(MI_QFIIS,僅上市)=1|自營商(T86/上櫃三大法人)=1|當沖(TWTB4U/上櫃intraday)=1|季財報(MOPS t163sb04)=1|月營收(MOPS/openapi)=1|官方產業別(MOPS t05st03)=1|融資券(MI_MARGN)=1|借券(TWT93U)=1|法人(T86)=1",946,inf,250.0,official_prepanel,34482.65,689.0,0.0,3.0,0,1,4.219,11.25,20.0,55392.0,0,未扣成本·事後欄位以 m_ 標示·非投資建議
HC,2,2026-06-12,2026-06-15,2478,大毅,TWSE,M,,,Mp1@10,9,1055,命中,67,-1.115926,,atr14=0.929|n_lu_250=0.639|r20=1.000|c_ma120=0.995|vr20=0.960|days_since_lu=0.062|dt_ratio20=NaN|lend_to_v=0.157|rev_yoy=0.532|o_turn=0.990|o_log_mcap=0.703|o_lu_follow=0.853,"官方日成交結構(MI_INDEX/dailyQuotes)=1|發行股數(MI_QFIIS/dailyQuotes)=1|外資持股(MI_QFIIS,僅上市)=1|自營商(T86/上櫃三大法人)=1|當沖(TWTB4U/上櫃intraday)=1|季財報(MOPS t163sb04)=1|月營收(MOPS/openapi)=1|官方產業別(MOPS t05st03)=1|融資券(MI_MARGN)=1|借券(TWT93U)=1|法人(T86)=1",947,inf,250.0,official_prepanel,11357.35,227.0,0.0,1.0,0,1,4.432,30.471,13.573,10644.0,0,未扣成本·事後欄位以 m_ 標示·非投資建議
HC,2,2026-06-16,2026-06-17,2375,凱美,TWSE,M,,,Mp1@10,8,1077,命中,14,-1.130214,,atr14=0.955|n_lu_250=0.898|r20=0.999|c_ma120=0.984|vr20=0.968|days_since_lu=0.024|dt_ratio20=NaN|lend_to_v=0.076|rev_yoy=0.306|o_turn=1.000|o_log_mcap=0.641|o_lu_follow=0.782,"官方日成交結構(MI_INDEX/dailyQuotes)=1|發行股數(MI_QFIIS/dailyQuotes)=1|外資持股(MI_QFIIS,僅上市)=1|自營商(T86/上櫃三大法人)=1|當沖(TWTB4U/上櫃intraday)=1|季財報(MOPS t163sb04)=1|月營收(MOPS/openapi)=1|官方產業別(MOPS t05st03)=1|融資券(MI_MARGN)=1|借券(TWT93U)=1|法人(T86)=1",949,inf,250.0,official_prepanel,16270.9,325.0,0.0,0.0,0,1,12.079,18.82,30.618,27282.0,0,未扣成本·事後欄位以 m_ 標示·非投資建議
HC,2,2026-06-16,2026-06-17,4923,力士,TPEx,M,,,Mp1@10,6,1077,命中,69,-1.078941,,atr14=0.871|n_lu_250=0.898|r20=0.957|c_ma120=0.862|vr20=0.748|days_since_lu=0.060|dt_ratio20=NaN|lend_to_v=0.089|rev_yoy=0.585|o_turn=0.921|o_log_mcap=0.040|o_lu_follow=0.908,"官方日成交結構(MI_INDEX/dailyQuotes)=1|發行股數(MI_QFIIS/dailyQuotes)=1|外資持股(MI_QFIIS,僅上市)=0|自營商(T86/上櫃三大法人)=1|當沖(TWTB4U/上櫃intraday)=1|季財報(MOPS t163sb04)=1|月營收(MOPS/openapi)=1|官方產業別(MOPS t05st03)=1|融資券(MI_MARGN)=1|借券(TWT93U)=1|法人(T86)=1",949,inf,250.0,official_prepanel,1797.65,35.0,0.0,0.0,0,1,10.526,27.579,22.526,2686.0,0,未扣成本·事後欄位以 m_ 標示·非投資建議
HC,2,2026-06-16,2026-06-17,6432,今展科,TPEx,M,,,Mp1@10,9,1077,命中,26,-1.160384,,atr14=0.917|n_lu_250=0.916|r20=0.978|c_ma120=0.977|vr20=0.847|days_since_lu=0.116|dt_ratio20=NaN|lend_to_v=0.044|rev_yoy=0.669|o_turn=0.997|o_log_mcap=0.105|o_lu_follow=0.296,"官方日成交結構(MI_INDEX/dailyQuotes)=1|發行股數(MI_QFIIS/dailyQuotes)=1|外資持股(MI_QFIIS,僅上市)=0|自營商(T86/上櫃三大法人)=1|當沖(TWTB4U/上櫃intraday)=1|季財報(MOPS t163sb04)=1|月營收(MOPS/openapi)=1|官方產業別(MOPS t05st03)=1|融資券(MI_MARGN)=1|借券(TWT93U)=1|法人(T86)=1",949,inf,250.0,official_prepanel,4801.05,96.0,0.0,1.0,0,1,6.757,1.216,2.838,4792.0,0,未扣成本·事後欄位以 m_ 標示·非投資建議
HC,3,2026-07-27,2026-07-28,6226,光鼎,TWSE,M,,,Mp1@10,2,1017,命中,23,-0.963234,,atr14=0.976|n_lu_250=0.948|r20=0.732|c_ma120=0.971|vr20=0.931|days_since_lu=0.267|dt_ratio20=NaN|lend_to_v=0.039|rev_yoy=0.534|o_turn=0.996|o_log_mcap=0.066|o_lu_follow=0.996,"官方日成交結構(MI_INDEX/dailyQuotes)=1|發行股數(MI_QFIIS/dailyQuotes)=1|外資持股(MI_QFIIS,僅上市)=1|自營商(T86/上櫃三大法人)=1|當沖(TWTB4U/上櫃intraday)=1|季財報(MOPS t163sb04)=1|月營收(MOPS/openapi)=1|官方產業別(MOPS t05st03)=1|融資券(MI_MARGN)=1|借券(TWT93U)=1|法人(T86)=1",976,inf,250.0,official_prepanel,7899.8,157.0,0.0,3.0,0,1,14.525,20.391,19.553,23362.0,0,未扣成本·事後欄位以 m_ 標示·非投資建議
HC,3,2026-07-30,2026-07-31,3229,晟鈦,TWSE,M,,,Mp1@10,2,1037,命中,25,-1.547919,,atr14=0.800|n_lu_250=0.984|r20=0.731|c_ma120=0.955|vr20=0.862|days_since_lu=0.107|dt_ratio20=NaN|lend_to_v=0.017|rev_yoy=0.912|o_turn=0.629|o_log_mcap=0.129|o_lu_follow=0.967,"官方日成交結構(MI_INDEX/dailyQuotes)=1|發行股數(MI_QFIIS/dailyQuotes)=1|外資持股(MI_QFIIS,僅上市)=1|自營商(T86/上櫃三大法人)=1|當沖(TWTB4U/上櫃intraday)=0|季財報(MOPS t163sb04)=1|月營收(MOPS/openapi)=1|官方產業別(MOPS t05st03)=1|融資券(MI_MARGN)=1|借券(TWT93U)=1|法人(T86)=1",979,inf,250.0,official_prepanel,431.85,8.0,0.0,0.0,0,1,7.338,14.428,31.841,862.0,0,未扣成本·事後欄位以 m_ 標示·非投資建議
HC,3,2026-07-30,2026-07-31,3441,聯一光,TPEx,M,,,Mp1@10,3,1037,命中,16,-1.569004,,atr14=0.790|n_lu_250=0.846|r20=0.809|c_ma120=0.998|vr20=0.997|days_since_lu=0.009|dt_ratio20=NaN|lend_to_v=0.041|rev_yoy=0.875|o_turn=1.000|o_log_mcap=0.172|o_lu_follow=0.748,"官方日成交結構(MI_INDEX/dailyQuotes)=1|發行股數(MI_QFIIS/dailyQuotes)=1|外資持股(MI_QFIIS,僅上市)=0|自營商(T86/上櫃三大法人)=1|當沖(TWTB4U/上櫃intraday)=1|季財報(MOPS t163sb04)=1|月營收(MOPS/openapi)=1|官方產業別(MOPS t05st03)=1|融資券(MI_MARGN)=1|借券(TWT93U)=1|法人(T86)=1",979,inf,250.0,official_prepanel,9446.25,188.0,0.0,3.0,0,1,2.815,8.201,4.039,16213.0,0,未扣成本·事後欄位以 m_ 標示·非投資建議
HC,3,2026-08-03,2026-08-04,2434,統懋,TWSE,M,,,Mp1@10,1,938,命中,55,-0.036738,,atr14=0.991|n_lu_250=0.909|r20=0.484|c_ma120=0.973|vr20=0.984|days_since_lu=0.200|dt_ratio20=NaN|lend_to_v=0.061|rev_yoy=0.929|o_turn=0.977|o_log_mcap=0.057|o_lu_follow=0.996,"官方日成交結構(MI_INDEX/dailyQuotes)=1|發行股數(MI_QFIIS/dailyQuotes)=1|外資持股(MI_QFIIS,僅上市)=1|自營商(T86/上櫃三大法人)=1|當沖(TWTB4U/上櫃intraday)=1|季財報(MOPS t163sb04)=1|月營收(MOPS/openapi)=1|官方產業別(MOPS t05st03)=1|融資券(MI_MARGN)=1|借券(TWT93U)=1|法人(T86)=1",981,inf,250.0,official_prepanel,800.5,16.0,0.0,0.0,0,1,10.394,6.761,4.137,737.0,0,未扣成本·事後欄位以 m_ 標示·非投資建議
HC,3,2026-08-19,2026-08-20,3441,聯一光,TPEx,M,,,Mp1@10,4,922,命中,4,-0.921395,,atr14=0.989|n_lu_250=0.892|r20=0.993|c_ma120=0.995|vr20=0.334|days_since_lu=0.082|dt_ratio20=NaN|lend_to_v=0.035|rev_yoy=0.351|o_turn=0.998|o_log_mcap=0.146|o_lu_follow=0.772,"官方日成交結構(MI_INDEX/dailyQuotes)=1|發行股數(MI_QFIIS/dailyQuotes)=1|外資持股(MI_QFIIS,僅上市)=0|自營商(T86/上櫃三大法人)=1|當沖(TWTB4U/上櫃intraday)=1|季財報(MOPS t163sb04)=1|月營收(MOPS/openapi)=1|官方產業別(MOPS t05st03)=1|融資券(MI_MARGN)=1|借券(TWT93U)=1|法人(T86)=1",993,inf,250.0,official_prepanel,19217.45,384.0,0.0,2.0,0,1,4.287,33.976,49.518,17340.0,0,未扣成本·事後欄位以 m_ 標示·非投資建議
HC,3,2026-08-21,2026-08-24,3234,光環,TPEx,M,,,Mp1@10,5,929,命中,6,-1.403834,,atr14=0.928|n_lu_250=0.975|r20=0.983|c_ma120=0.962|vr20=0.855|days_since_lu=0.037|dt_ratio20=NaN|lend_to_v=0.015|rev_yoy=0.892|o_turn=0.934|o_log_mcap=0.552|o_lu_follow=0.545,"官方日成交結構(MI_INDEX/dailyQuotes)=1|發行股數(MI_QFIIS/dailyQuotes)=1|外資持股(MI_QFIIS,僅上市)=0|自營商(T86/上櫃三大法人)=1|當沖(TWTB4U/上櫃intraday)=0|季財報(MOPS t163sb04)=1|月營收(MOPS/openapi)=1|官方產業別(MOPS t05st03)=1|融資券(MI_MARGN)=1|借券(TWT93U)=1|法人(T86)=1",995,inf,250.0,official_prepanel,2923.8,58.0,0.0,2.0,0,1,10.299,26.562,43.646,7650.0,0,未扣成本·事後欄位以 m_ 標示·非投資建議
HC,3,2026-08-21,2026-08-24,6226,光鼎,TWSE,M,,,Mp1@10,10,929,命中,24,-1.556978,,atr14=0.914|n_lu_250=0.958|r20=0.868|c_ma120=0.958|vr20=0.279|days_since_lu=0.024|dt_ratio20=0.983|lend_to_v=0.034|rev_yoy=0.461|o_turn=0.974|o_log_mcap=0.056|o_lu_follow=0.996,"官方日成交結構(MI_INDEX/dailyQuotes)=1|發行股數(MI_QFIIS/dailyQuotes)=1|外資持股(MI_QFIIS,僅上市)=1|自營商(T86/上櫃三大法人)=1|當沖(TWTB4U/上櫃intraday)=1|季財報(MOPS t163sb04)=1|月營收(MOPS/openapi)=1|官方產業別(MOPS t05st03)=1|融資券(MI_MARGN)=1|借券(TWT93U)=1|法人(T86)=1",995,inf,250.0,official_prepanel,18346.9,366.0,0.0,2.0,0,1,9.906,60.377,58.019,19067.0,0,未扣成本·事後欄位以 m_ 標示·非投資建議
HC,3,2026-08-24,2026-08-25,4939,亞電,TPEx,M,,,Mp1@10,6,931,命中,39,-1.737257,,atr14=0.911|n_lu_250=0.943|r20=0.781|c_ma120=0.967|vr20=0.941|days_since_lu=0.296|dt_ratio20=NaN|lend_to_v=0.071|rev_yoy=0.631|o_turn=0.999|o_log_mcap=0.270|o_lu_follow=0.870,"官方日成交結構(MI_INDEX/dailyQuotes)=1|發行股數(MI_QFIIS/dailyQuotes)=1|外資持股(MI_QFIIS,僅上市)=0|自營商(T86/上櫃三大法人)=1|當沖(TWTB4U/上櫃intraday)=1|季財報(MOPS t163sb04)=1|月營收(MOPS/openapi)=1|官方產業別(MOPS t05st03)=1|融資券(MI_MARGN)=1|借券(TWT93U)=1|法人(T86)=1",996,inf,250.0,official_prepanel,13065.1,261.0,0.0,3.0,0,1,12.031,39.375,46.25,31984.0,0,未扣成本·事後欄位以 m_ 標示·非投資建議
HC,3,2026-08-24,2026-08-25,8039,台虹,TWSE,M,,,Mp1@10,8,931,命中,3,-1.85612,,atr14=0.999|n_lu_250=0.976|r20=0.950|c_ma120=0.995|vr20=0.918|days_since_lu=0.085|dt_ratio20=0.996|lend_to_v=0.104|rev_yoy=0.127|o_turn=0.998|o_log_mcap=0.819|o_lu_follow=0.876,"官方日成交結構(MI_INDEX/dailyQuotes)=1|發行股數(MI_QFIIS/dailyQuotes)=1|外資持股(MI_QFIIS,僅上市)=1|自營商(T86/上櫃三大法人)=1|當沖(TWTB4U/上櫃intraday)=1|季財報(MOPS t163sb04)=1|月營收(MOPS/openapi)=1|官方產業別(MOPS t05st03)=1|融資券(MI_MARGN)=1|借券(TWT93U)=1|法人(T86)=1",996,inf,250.0,official_prepanel,30477.15,609.0,0.0,2.0,0,1,10.0,23.396,23.396,60294.0,0,未扣成本·事後欄位以 m_ 標示·非投資建議
HC,3,2026-08-26,2026-08-27,2491,吉祥全,TWSE,M,,,Mp1@10,2,875,命中,9,-0.660299,,atr14=0.893|n_lu_250=0.958|r20=0.997|c_ma120=0.997|vr20=0.998|days_since_lu=0.008|dt_ratio20=NaN|lend_to_v=0.057|rev_yoy=0.260|o_turn=0.980|o_log_mcap=0.149|o_lu_follow=0.960,"官方日成交結構(MI_INDEX/dailyQuotes)=1|發行股數(MI_QFIIS/dailyQuotes)=1|外資持股(MI_QFIIS,僅上市)=1|自營商(T86/上櫃三大法人)=1|當沖(TWTB4U/上櫃intraday)=1|季財報(MOPS t163sb04)=1|月營收(MOPS/openapi)=1|官方產業別(MOPS t05st03)=1|融資券(MI_MARGN)=1|借券(TWT93U)=1|法人(T86)=1",998,inf,250.0,official_prepanel,1115.35,22.0,0.0,0.0,0,1,12.131,9.29,-8.743,5064.0,0,未扣成本·事後欄位以 m_ 標示·非投資建議
HC,3,2026-09-15,2026-09-16,2221,大甲,TPEx,M,,,Mp1@10,2,852,命中,28,-1.217769,,atr14=0.951|n_lu_250=0.696|r20=0.998|c_ma120=0.998|vr20=0.965|days_since_lu=0.019|dt_ratio20=NaN|lend_to_v=0.041|rev_yoy=0.838|o_turn=0.997|o_log_mcap=0.140|o_lu_follow=0.752,"官方日成交結構(MI_INDEX/dailyQuotes)=1|發行股數(MI_QFIIS/dailyQuotes)=1|外資持股(MI_QFIIS,僅上市)=0|自營商(T86/上櫃三大法人)=1|當沖(TWTB4U/上櫃intraday)=1|季財報(MOPS t163sb04)=1|月營收(MOPS/openapi)=1|官方產業別(MOPS t05st03)=1|融資券(MI_MARGN)=1|借券(TWT93U)=1|法人(T86)=1",1012,inf,250.0,official_prepanel,4031.75,80.0,0.0,1.0,0,1,9.781,60.25,86.264,9021.0,0,未扣成本·事後欄位以 m_ 標示·非投資建議
HC,3,2026-09-15,2026-09-16,2305,全友,TWSE,M,,,Mp1@10,4,852,命中,19,-1.524315,,atr14=0.825|n_lu_250=0.903|r20=0.997|c_ma120=0.997|vr20=0.996|days_since_lu=0.005|dt_ratio20=0.997|lend_to_v=0.053|rev_yoy=0.969|o_turn=0.998|o_log_mcap=0.340|o_lu_follow=0.785,"官方日成交結構(MI_INDEX/dailyQuotes)=1|發行股數(MI_QFIIS/dailyQuotes)=1|外資持股(MI_QFIIS,僅上市)=1|自營商(T86/上櫃三大法人)=1|當沖(TWTB4U/上櫃intraday)=1|季財報(MOPS t163sb04)=1|月營收(MOPS/openapi)=1|官方產業別(MOPS t05st03)=1|融資券(MI_MARGN)=1|借券(TWT93U)=1|法人(T86)=1",1012,inf,250.0,official_prepanel,16033.1,320.0,0.0,2.0,0,1,11.011,34.831,39.101,25858.0,0,未扣成本·事後欄位以 m_ 標示·非投資建議
HC,3,2026-09-17,2026-09-18,3094,聯傑,TWSE,M,,,Mp1@10,4,823,命中,46,-1.246001,,atr14=0.873|n_lu_250=0.701|r20=0.978|c_ma120=0.966|vr20=0.911|days_since_lu=0.077|dt_ratio20=0.881|lend_to_v=NaN|rev_yoy=0.538|o_turn=0.987|o_log_mcap=0.113|o_lu_follow=0.461,"官方日成交結構(MI_INDEX/dailyQuotes)=1|發行股數(MI_QFIIS/dailyQuotes)=1|外資持股(MI_QFIIS,僅上市)=1|自營商(T86/上櫃三大法人)=1|當沖(TWTB4U/上櫃intraday)=1|季財報(MOPS t163sb04)=1|月營收(MOPS/openapi)=1|官方產業別(MOPS t05st03)=1|融資券(MI_MARGN)=1|借券(TWT93U)=0|法人(T86)=1",1014,inf,250.0,official_prepanel,6744.7,134.0,0.0,0.0,0,1,5.943,11.27,,17282.0,0,未扣成本·事後欄位以 m_ 標示·非投資建議
