window,fold,date_s,event_day_t,code,name,market,track,sublayer,failing_filters,list_id,rank_in_list,n_pool_day,result,global_rank_combo,score,combo_n_components,pct_key_features,source_has_value_flags,hist_len,age_off,age_cap,listing_src,vol20_s,Qmax_lots,DK_s,at_known5,m_locked_open,m_buyable,m_c1,m_c5,m_c10,m_vol_t,m_disp_t_exec,note
SEL,1,2025-01-07,2025-01-08,1325,恆大,TWSE,R,R_core,fCD,R0_combo@5,13,22,漏網,47,0.465909,4.0,atr14=0.932|n_lu_250=0.814|r20=0.936|c_ma120=0.893|vr20=0.865|days_since_lu=0.017|dt_ratio20=0.886|lend_to_v=0.307|rev_yoy=0.260|o_turn=0.887|o_log_mcap=0.109|o_lu_follow=0.850,"官方日成交結構(MI_INDEX/dailyQuotes)=1|發行股數(MI_QFIIS/dailyQuotes)=1|外資持股(MI_QFIIS,僅上市)=1|自營商(T86/上櫃三大法人)=1|當沖(TWTB4U/上櫃intraday)=1|季財報(MOPS t163sb04)=1|月營收(MOPS/openapi)=1|官方產業別(MOPS t05st03)=1|融資券(MI_MARGN)=1|借券(TWT93U)=1|法人(T86)=1",603,inf,250.0,official_prepanel,1473.15,29.0,0.0,1.0,0,1,2.794,2.059,-2.941,10280.0,0,未扣成本·事後欄位以 m_ 標示·非投資建議
SEL,1,2025-01-07,2025-01-08,3373,熱映,TPEx,R,R_core,fCD,R0_combo@5,20,22,漏網,162,0.204545,4.0,atr14=0.780|n_lu_250=0.643|r20=0.843|c_ma120=0.636|vr20=0.357|days_since_lu=0.044|dt_ratio20=NaN|lend_to_v=0.172|rev_yoy=0.286|o_turn=0.537|o_log_mcap=0.002|o_lu_follow=0.833,"官方日成交結構(MI_INDEX/dailyQuotes)=1|發行股數(MI_QFIIS/dailyQuotes)=1|外資持股(MI_QFIIS,僅上市)=0|自營商(T86/上櫃三大法人)=1|當沖(TWTB4U/上櫃intraday)=1|季財報(MOPS t163sb04)=1|月營收(MOPS/openapi)=1|官方產業別(MOPS t05st03)=1|融資券(MI_MARGN)=1|借券(TWT93U)=1|法人(T86)=1",603,inf,250.0,official_prepanel,382.75,7.0,0.0,1.0,0,1,6.513,16.807,1.681,2269.0,0,未扣成本·事後欄位以 m_ 標示·非投資建議
SEL,1,2025-03-31,2025-04-01,3434,哲固,TPEx,R,R_core,fCD,R0_combo@5,6,20,漏網,14,0.660526,4.0,atr14=0.994|n_lu_250=0.818|r20=0.998|c_ma120=0.997|vr20=0.999|days_since_lu=0.002|dt_ratio20=NaN|lend_to_v=0.031|rev_yoy=0.524|o_turn=0.999|o_log_mcap=0.010|o_lu_follow=0.888,"官方日成交結構(MI_INDEX/dailyQuotes)=1|發行股數(MI_QFIIS/dailyQuotes)=1|外資持股(MI_QFIIS,僅上市)=0|自營商(T86/上櫃三大法人)=1|當沖(TWTB4U/上櫃intraday)=1|季財報(MOPS t163sb04)=1|月營收(MOPS/openapi)=1|官方產業別(MOPS t05st03)=1|融資券(MI_MARGN)=1|借券(TWT93U)=1|法人(T86)=1",654,inf,250.0,official_prepanel,4019.05,80.0,0.0,1.0,0,1,8.458,6.343,70.647,5498.0,0,未扣成本·事後欄位以 m_ 標示·非投資建議
SEL,2,2025-04-22,2025-04-23,2468,華經,TWSE,R,R_core,fCD,R0_combo@5,6,54,漏網,9,0.86583,4.0,atr14=0.977|n_lu_250=0.960|r20=0.999|c_ma120=1.000|vr20=0.957|days_since_lu=0.052|dt_ratio20=NaN|lend_to_v=0.018|rev_yoy=0.930|o_turn=1.000|o_log_mcap=0.252|o_lu_follow=0.968,"官方日成交結構(MI_INDEX/dailyQuotes)=1|發行股數(MI_QFIIS/dailyQuotes)=1|外資持股(MI_QFIIS,僅上市)=1|自營商(T86/上櫃三大法人)=1|當沖(TWTB4U/上櫃intraday)=1|季財報(MOPS t163sb04)=1|月營收(MOPS/openapi)=1|官方產業別(MOPS t05st03)=1|融資券(MI_MARGN)=1|借券(TWT93U)=1|法人(T86)=1",668,inf,250.0,official_prepanel,26970.75,539.0,0.0,4.0,0,1,6.457,27.559,22.362,13127.0,0,未扣成本·事後欄位以 m_ 標示·非投資建議
SEL,2,2025-04-22,2025-04-23,3147,大綜,TPEx,R,R_core,fCD,R0_combo@5,16,54,漏網,29,0.587271,4.0,atr14=0.640|n_lu_250=0.827|r20=0.991|c_ma120=0.997|vr20=0.977|days_since_lu=0.091|dt_ratio20=NaN|lend_to_v=0.060|rev_yoy=0.985|o_turn=0.993|o_log_mcap=0.462|o_lu_follow=0.905,"官方日成交結構(MI_INDEX/dailyQuotes)=1|發行股數(MI_QFIIS/dailyQuotes)=1|外資持股(MI_QFIIS,僅上市)=0|自營商(T86/上櫃三大法人)=1|當沖(TWTB4U/上櫃intraday)=1|季財報(MOPS t163sb04)=1|月營收(MOPS/openapi)=1|官方產業別(MOPS t05st03)=1|融資券(MI_MARGN)=1|借券(TWT93U)=1|法人(T86)=1",668,inf,250.0,official_prepanel,4060.7,81.0,0.0,2.0,0,1,7.339,33.028,22.018,12499.0,0,未扣成本·事後欄位以 m_ 標示·非投資建議
SEL,2,2025-04-22,2025-04-23,4949,有成精密,TWSE,R,R_core,fCD,R0_combo@5,7,54,漏網,5,0.857442,3.0,atr14=0.980|n_lu_250=0.920|r20=0.992|c_ma120=1.000|vr20=0.992|days_since_lu=0.005|dt_ratio20=NaN|lend_to_v=0.027|rev_yoy=0.134|o_turn=0.998|o_log_mcap=0.124|o_lu_follow=0.983,"官方日成交結構(MI_INDEX/dailyQuotes)=1|發行股數(MI_QFIIS/dailyQuotes)=1|外資持股(MI_QFIIS,僅上市)=1|自營商(T86/上櫃三大法人)=1|當沖(TWTB4U/上櫃intraday)=1|季財報(MOPS t163sb04)=1|月營收(MOPS/openapi)=1|官方產業別(MOPS t05st03)=1|融資券(MI_MARGN)=1|借券(TWT93U)=1|法人(T86)=1",230,230.0,230.0,official,7598.1,151.0,0.0,2.0,0,1,3.469,37.321,20.096,5314.0,0,未扣成本·事後欄位以 m_ 標示·非投資建議
SEL,2,2025-04-22,2025-04-23,8072,陞泰,TWSE,R,R_core,fCD,R0_combo@5,10,54,漏網,14,0.8118,4.0,atr14=0.997|n_lu_250=0.789|r20=1.000|c_ma120=0.999|vr20=0.967|days_since_lu=0.005|dt_ratio20=0.992|lend_to_v=0.022|rev_yoy=0.570|o_turn=0.990|o_log_mcap=0.156|o_lu_follow=0.709,"官方日成交結構(MI_INDEX/dailyQuotes)=1|發行股數(MI_QFIIS/dailyQuotes)=1|外資持股(MI_QFIIS,僅上市)=1|自營商(T86/上櫃三大法人)=1|當沖(TWTB4U/上櫃intraday)=1|季財報(MOPS t163sb04)=1|月營收(MOPS/openapi)=1|官方產業別(MOPS t05st03)=1|融資券(MI_MARGN)=1|借券(TWT93U)=1|法人(T86)=1",668,inf,250.0,official_prepanel,8386.8,167.0,0.0,2.0,0,1,5.155,34.021,20.361,6793.0,0,未扣成本·事後欄位以 m_ 標示·非投資建議
SEL,2,2025-04-23,2025-04-24,6113,亞矽,TPEx,R,R_core,fCD,R0_combo@5,9,46,漏網,33,0.654952,4.0,atr14=0.962|n_lu_250=0.959|r20=0.661|c_ma120=0.951|vr20=0.987|days_since_lu=0.016|dt_ratio20=NaN|lend_to_v=0.112|rev_yoy=0.146|o_turn=0.976|o_log_mcap=0.013|o_lu_follow=0.991,"官方日成交結構(MI_INDEX/dailyQuotes)=1|發行股數(MI_QFIIS/dailyQuotes)=1|外資持股(MI_QFIIS,僅上市)=0|自營商(T86/上櫃三大法人)=1|當沖(TWTB4U/上櫃intraday)=1|季財報(MOPS t163sb04)=1|月營收(MOPS/openapi)=1|官方產業別(MOPS t05st03)=1|融資券(MI_MARGN)=1|借券(TWT93U)=1|法人(T86)=1",669,inf,250.0,official_prepanel,968.65,19.0,0.0,1.0,0,1,8.705,28.662,24.204,4187.0,0,未扣成本·事後欄位以 m_ 標示·非投資建議
SEL,2,2025-04-24,2025-04-25,6160,欣技,TPEx,R,R_core,fCD,R0_combo@5,34,48,漏網,430,0.399934,4.0,atr14=0.937|n_lu_250=0.864|r20=0.288|c_ma120=0.245|vr20=0.940|days_since_lu=0.090|dt_ratio20=NaN|lend_to_v=0.314|rev_yoy=0.091|o_turn=0.870|o_log_mcap=0.013|o_lu_follow=0.986,"官方日成交結構(MI_INDEX/dailyQuotes)=1|發行股數(MI_QFIIS/dailyQuotes)=1|外資持股(MI_QFIIS,僅上市)=0|自營商(T86/上櫃三大法人)=1|當沖(TWTB4U/上櫃intraday)=1|季財報(MOPS t163sb04)=1|月營收(MOPS/openapi)=1|官方產業別(MOPS t05st03)=1|融資券(MI_MARGN)=1|借券(TWT93U)=1|法人(T86)=1",670,inf,250.0,official_prepanel,597.8,11.0,0.0,0.0,0,1,7.162,14.589,11.671,1529.0,0,未扣成本·事後欄位以 m_ 標示·非投資建議
SEL,2,2025-05-07,2025-05-08,2734,易飛網,TPEx,R,R_core,fCD,R0_combo@5,42,45,漏網,243,0.236291,4.0,atr14=0.742|n_lu_250=0.641|r20=0.940|c_ma120=0.456|vr20=0.996|days_since_lu=0.009|dt_ratio20=NaN|lend_to_v=0.019|rev_yoy=0.038|o_turn=0.942|o_log_mcap=0.016|o_lu_follow=0.875,"官方日成交結構(MI_INDEX/dailyQuotes)=1|發行股數(MI_QFIIS/dailyQuotes)=1|外資持股(MI_QFIIS,僅上市)=0|自營商(T86/上櫃三大法人)=1|當沖(TWTB4U/上櫃intraday)=1|季財報(MOPS t163sb04)=1|月營收(MOPS/openapi)=1|官方產業別(MOPS t05st03)=1|融資券(MI_MARGN)=1|借券(TWT93U)=1|法人(T86)=1",678,inf,250.0,official_prepanel,338.7,6.0,0.0,0.0,0,1,9.865,12.108,15.247,1725.0,0,未扣成本·事後欄位以 m_ 標示·非投資建議
SEL,2,2025-05-08,2025-05-09,3379,彬台,TPEx,R,R_core,fCD,R0_combo@5,9,41,漏網,12,0.707534,4.0,atr14=0.989|n_lu_250=1.000|r20=0.952|c_ma120=0.976|vr20=0.502|days_since_lu=0.038|dt_ratio20=NaN|lend_to_v=0.027|rev_yoy=0.975|o_turn=0.969|o_log_mcap=0.057|o_lu_follow=0.977,"官方日成交結構(MI_INDEX/dailyQuotes)=1|發行股數(MI_QFIIS/dailyQuotes)=1|外資持股(MI_QFIIS,僅上市)=0|自營商(T86/上櫃三大法人)=1|當沖(TWTB4U/上櫃intraday)=1|季財報(MOPS t163sb04)=1|月營收(MOPS/openapi)=1|官方產業別(MOPS t05st03)=1|融資券(MI_MARGN)=1|借券(TWT93U)=1|法人(T86)=1",679,inf,250.0,official_prepanel,4180.25,83.0,0.0,1.0,0,1,9.153,26.61,22.373,8169.0,0,未扣成本·事後欄位以 m_ 標示·非投資建議
SEL,2,2025-05-08,2025-05-09,4562,穎漢,TWSE,R,R_core,fCD,R0_combo@5,23,41,漏網,176,0.461192,4.0,atr14=0.925|n_lu_250=1.000|r20=0.885|c_ma120=0.172|vr20=0.623|days_since_lu=0.038|dt_ratio20=0.843|lend_to_v=0.172|rev_yoy=0.284|o_turn=0.830|o_log_mcap=0.191|o_lu_follow=0.998,"官方日成交結構(MI_INDEX/dailyQuotes)=1|發行股數(MI_QFIIS/dailyQuotes)=1|外資持股(MI_QFIIS,僅上市)=1|自營商(T86/上櫃三大法人)=1|當沖(TWTB4U/上櫃intraday)=1|季財報(MOPS t163sb04)=1|月營收(MOPS/openapi)=1|官方產業別(MOPS t05st03)=1|融資券(MI_MARGN)=1|借券(TWT93U)=1|法人(T86)=1",679,inf,250.0,official_prepanel,1462.4,29.0,0.0,1.0,0,1,8.577,21.548,15.69,4250.0,0,未扣成本·事後欄位以 m_ 標示·非投資建議
SEL,2,2025-05-19,2025-05-20,6169,昱泉,TPEx,R,R_core,fCD,R0_combo@5,12,26,漏網,35,0.5,4.0,atr14=0.970|n_lu_250=0.759|r20=0.892|c_ma120=0.913|vr20=0.626|days_since_lu=0.097|dt_ratio20=NaN|lend_to_v=NaN|rev_yoy=0.908|o_turn=0.791|o_log_mcap=0.000|o_lu_follow=0.902,"官方日成交結構(MI_INDEX/dailyQuotes)=1|發行股數(MI_QFIIS/dailyQuotes)=1|外資持股(MI_QFIIS,僅上市)=0|自營商(T86/上櫃三大法人)=1|當沖(TWTB4U/上櫃intraday)=0|季財報(MOPS t163sb04)=1|月營收(MOPS/openapi)=1|官方產業別(MOPS t05st03)=1|融資券(MI_MARGN)=0|借券(TWT93U)=0|法人(T86)=1",686,inf,250.0,official_prepanel,387.5,7.0,0.0,1.0,0,1,9.072,8.65,1.266,461.0,0,未扣成本·事後欄位以 m_ 標示·非投資建議
SEL,2,2025-05-21,2025-05-22,1419,新紡,TWSE,R,R_core,fCD,R0_combo@5,17,19,漏網,136,0.375,4.0,atr14=0.581|n_lu_250=0.515|r20=0.987|c_ma120=0.990|vr20=0.998|days_since_lu=0.004|dt_ratio20=0.887|lend_to_v=0.081|rev_yoy=0.276|o_turn=0.848|o_log_mcap=0.608|o_lu_follow=0.996,"官方日成交結構(MI_INDEX/dailyQuotes)=1|發行股數(MI_QFIIS/dailyQuotes)=1|外資持股(MI_QFIIS,僅上市)=1|自營商(T86/上櫃三大法人)=1|當沖(TWTB4U/上櫃intraday)=1|季財報(MOPS t163sb04)=1|月營收(MOPS/openapi)=1|官方產業別(MOPS t05st03)=1|融資券(MI_MARGN)=1|借券(TWT93U)=1|法人(T86)=1",688,inf,250.0,official_prepanel,896.6,17.0,0.0,2.0,0,1,7.132,20.919,7.29,6008.0,0,未扣成本·事後欄位以 m_ 標示·非投資建議
SEL,2,2025-06-02,2025-06-03,3128,昇銳,TPEx,R,R_core,fCD,R0_combo@5,19,25,漏網,33,0.395,4.0,atr14=0.965|n_lu_250=0.798|r20=0.916|c_ma120=0.882|vr20=0.496|days_since_lu=0.023|dt_ratio20=NaN|lend_to_v=0.063|rev_yoy=0.636|o_turn=0.969|o_log_mcap=0.015|o_lu_follow=0.881,"官方日成交結構(MI_INDEX/dailyQuotes)=1|發行股數(MI_QFIIS/dailyQuotes)=1|外資持股(MI_QFIIS,僅上市)=0|自營商(T86/上櫃三大法人)=1|當沖(TWTB4U/上櫃intraday)=1|季財報(MOPS t163sb04)=1|月營收(MOPS/openapi)=1|官方產業別(MOPS t05st03)=1|融資券(MI_MARGN)=1|借券(TWT93U)=1|法人(T86)=1",695,inf,250.0,official_prepanel,3184.05,63.0,0.0,1.0,0,1,9.885,27.018,23.064,2805.0,0,未扣成本·事後欄位以 m_ 標示·非投資建議
SEL,2,2025-06-02,2025-06-03,6276,安鈦克,TPEx,R,R_core,fCD,R0_combo@5,17,25,漏網,81,0.47,4.0,atr14=0.978|n_lu_250=0.958|r20=0.449|c_ma120=0.987|vr20=0.998|days_since_lu=0.002|dt_ratio20=NaN|lend_to_v=0.018|rev_yoy=0.864|o_turn=0.993|o_log_mcap=0.008|o_lu_follow=0.993,"官方日成交結構(MI_INDEX/dailyQuotes)=1|發行股數(MI_QFIIS/dailyQuotes)=1|外資持股(MI_QFIIS,僅上市)=0|自營商(T86/上櫃三大法人)=1|當沖(TWTB4U/上櫃intraday)=1|季財報(MOPS t163sb04)=1|月營收(MOPS/openapi)=1|官方產業別(MOPS t05st03)=1|融資券(MI_MARGN)=1|借券(TWT93U)=1|法人(T86)=1",695,inf,250.0,official_prepanel,538.3,10.0,0.0,0.0,0,1,5.657,35.152,16.566,831.0,0,未扣成本·事後欄位以 m_ 標示·非投資建議
SEL,2,2025-06-13,2025-06-16,1616,億泰,TWSE,R,R_core,fCD,R0_combo@5,8,17,漏網,45,0.5625,4.0,atr14=0.778|n_lu_250=0.734|r20=0.973|c_ma120=0.995|vr20=0.995|days_since_lu=0.006|dt_ratio20=0.927|lend_to_v=0.048|rev_yoy=0.864|o_turn=0.993|o_log_mcap=0.325|o_lu_follow=0.714,"官方日成交結構(MI_INDEX/dailyQuotes)=1|發行股數(MI_QFIIS/dailyQuotes)=1|外資持股(MI_QFIIS,僅上市)=1|自營商(T86/上櫃三大法人)=1|當沖(TWTB4U/上櫃intraday)=1|季財報(MOPS t163sb04)=1|月營收(MOPS/openapi)=1|官方產業別(MOPS t05st03)=1|融資券(MI_MARGN)=1|借券(TWT93U)=1|法人(T86)=1",704,inf,250.0,official_prepanel,10148.5,202.0,0.0,1.0,0,1,2.74,16.849,8.493,17094.0,0,未扣成本·事後欄位以 m_ 標示·非投資建議
SEL,2,2025-06-27,2025-06-30,5498,凱崴,TPEx,R,R_core,fCD,R0_combo@5,18,20,漏網,128,0.251316,4.0,atr14=0.916|n_lu_250=0.607|r20=0.894|c_ma120=0.667|vr20=0.822|days_since_lu=0.036|dt_ratio20=NaN|lend_to_v=0.172|rev_yoy=0.511|o_turn=0.697|o_log_mcap=0.057|o_lu_follow=0.869,"官方日成交結構(MI_INDEX/dailyQuotes)=1|發行股數(MI_QFIIS/dailyQuotes)=1|外資持股(MI_QFIIS,僅上市)=0|自營商(T86/上櫃三大法人)=1|當沖(TWTB4U/上櫃intraday)=1|季財報(MOPS t163sb04)=1|月營收(MOPS/openapi)=1|官方產業別(MOPS t05st03)=1|融資券(MI_MARGN)=1|借券(TWT93U)=1|法人(T86)=1",714,inf,250.0,official_prepanel,1281.6,25.0,0.0,1.0,0,1,10.396,29.703,27.723,6050.0,0,未扣成本·事後欄位以 m_ 標示·非投資建議
SEL,3,2025-07-01,2025-07-02,8478,東哥遊艇,TWSE,R,R_core,fCD,R0_combo@5,17,22,漏網,58,0.354437,4.0,atr14=0.896|n_lu_250=0.736|r20=0.965|c_ma120=0.860|vr20=0.835|days_since_lu=0.019|dt_ratio20=0.955|lend_to_v=0.335|rev_yoy=0.452|o_turn=0.789|o_log_mcap=0.586|o_lu_follow=0.721,"官方日成交結構(MI_INDEX/dailyQuotes)=1|發行股數(MI_QFIIS/dailyQuotes)=1|外資持股(MI_QFIIS,僅上市)=1|自營商(T86/上櫃三大法人)=1|當沖(TWTB4U/上櫃intraday)=1|季財報(MOPS t163sb04)=1|月營收(MOPS/openapi)=1|官方產業別(MOPS t05st03)=1|融資券(MI_MARGN)=1|借券(TWT93U)=1|法人(T86)=1",716,inf,250.0,official_prepanel,881.5,17.0,0.0,1.0,0,1,0.971,11.165,1.942,1222.0,0,未扣成本·事後欄位以 m_ 標示·非投資建議
SEL,3,2025-08-08,2025-08-11,8935,邦泰,TPEx,R,R_core,fCD,R0_combo@5,29,32,漏網,168,0.283266,4.0,atr14=0.949|n_lu_250=0.746|r20=0.883|c_ma120=0.479|vr20=0.933|days_since_lu=0.037|dt_ratio20=NaN|lend_to_v=0.009|rev_yoy=0.810|o_turn=0.659|o_log_mcap=0.046|o_lu_follow=0.943,"官方日成交結構(MI_INDEX/dailyQuotes)=1|發行股數(MI_QFIIS/dailyQuotes)=1|外資持股(MI_QFIIS,僅上市)=0|自營商(T86/上櫃三大法人)=1|當沖(TWTB4U/上櫃intraday)=0|季財報(MOPS t163sb04)=1|月營收(MOPS/openapi)=1|官方產業別(MOPS t05st03)=1|融資券(MI_MARGN)=1|借券(TWT93U)=1|法人(T86)=1",744,inf,250.0,official_prepanel,422.15,8.0,0.0,0.0,1,0,0.0,17.929,14.646,584.0,0,未扣成本·事後欄位以 m_ 標示·非投資建議
SEL,3,2025-08-12,2025-08-13,6727,亞泰金屬,TPEx,R,R_core,fCD,R0_combo@5,9,27,漏網,53,0.609509,4.0,atr14=0.797|n_lu_250=0.756|r20=1.000|c_ma120=0.998|vr20=0.879|days_since_lu=0.013|dt_ratio20=NaN|lend_to_v=NaN|rev_yoy=0.731|o_turn=0.926|o_log_mcap=0.146|o_lu_follow=0.999,"官方日成交結構(MI_INDEX/dailyQuotes)=1|發行股數(MI_QFIIS/dailyQuotes)=1|外資持股(MI_QFIIS,僅上市)=0|自營商(T86/上櫃三大法人)=1|當沖(TWTB4U/上櫃intraday)=0|季財報(MOPS t163sb04)=1|月營收(MOPS/openapi)=1|官方產業別(MOPS t05st03)=1|融資券(MI_MARGN)=0|借券(TWT93U)=0|法人(T86)=1",746,inf,250.0,official_prepanel,717.65,7.0,1.0,4.0,0,1,2.73,14.676,21.16,1477.0,1,未扣成本·事後欄位以 m_ 標示·非投資建議
SEL,3,2025-08-14,2025-08-15,2406,國碩,TWSE,R,R_core,fCD,R0_combo@5,10,36,漏網,40,0.642361,4.0,atr14=0.948|n_lu_250=0.759|r20=0.996|c_ma120=0.989|vr20=0.458|days_since_lu=0.037|dt_ratio20=0.548|lend_to_v=0.349|rev_yoy=0.318|o_turn=0.830|o_log_mcap=0.337|o_lu_follow=0.992,"官方日成交結構(MI_INDEX/dailyQuotes)=1|發行股數(MI_QFIIS/dailyQuotes)=1|外資持股(MI_QFIIS,僅上市)=1|自營商(T86/上櫃三大法人)=1|當沖(TWTB4U/上櫃intraday)=0|季財報(MOPS t163sb04)=1|月營收(MOPS/openapi)=1|官方產業別(MOPS t05st03)=1|融資券(MI_MARGN)=1|借券(TWT93U)=1|法人(T86)=1",748,inf,250.0,official_prepanel,9754.95,97.0,1.0,5.0,0,1,3.778,8.667,6.444,16650.0,1,未扣成本·事後欄位以 m_ 標示·非投資建議
SEL,3,2025-08-14,2025-08-15,5355,佳總,TPEx,R,R_relax,fP10|fCD,R0_combo@5,25,36,漏網,113,0.392361,4.0,atr14=0.982|n_lu_250=0.759|r20=0.905|c_ma120=0.608|vr20=0.031|days_since_lu=0.121|dt_ratio20=NaN|lend_to_v=0.005|rev_yoy=0.095|o_turn=0.035|o_log_mcap=0.025|o_lu_follow=0.948,"官方日成交結構(MI_INDEX/dailyQuotes)=1|發行股數(MI_QFIIS/dailyQuotes)=1|外資持股(MI_QFIIS,僅上市)=0|自營商(T86/上櫃三大法人)=1|當沖(TWTB4U/上櫃intraday)=0|季財報(MOPS t163sb04)=1|月營收(MOPS/openapi)=1|官方產業別(MOPS t05st03)=1|融資券(MI_MARGN)=1|借券(TWT93U)=1|法人(T86)=1",748,inf,250.0,official_prepanel,425.4,8.0,0.0,0.0,0,1,9.574,18.617,6.383,1009.0,0,未扣成本·事後欄位以 m_ 標示·非投資建議
SEL,3,2025-08-14,2025-08-15,6129,普誠,TPEx,R,R_core,fCD,R0_combo@5,33,36,漏網,134,0.277778,4.0,atr14=0.882|n_lu_250=0.617|r20=0.966|c_ma120=0.750|vr20=0.038|days_since_lu=0.094|dt_ratio20=NaN|lend_to_v=0.257|rev_yoy=0.714|o_turn=0.086|o_log_mcap=0.075|o_lu_follow=0.987,"官方日成交結構(MI_INDEX/dailyQuotes)=1|發行股數(MI_QFIIS/dailyQuotes)=1|外資持股(MI_QFIIS,僅上市)=0|自營商(T86/上櫃三大法人)=1|當沖(TWTB4U/上櫃intraday)=0|季財報(MOPS t163sb04)=1|月營收(MOPS/openapi)=1|官方產業別(MOPS t05st03)=1|融資券(MI_MARGN)=1|借券(TWT93U)=1|法人(T86)=1",748,inf,250.0,official_prepanel,655.7,6.0,1.0,2.0,0,1,9.818,20.727,9.091,1164.0,1,未扣成本·事後欄位以 m_ 標示·非投資建議
SEL,3,2025-08-15,2025-08-18,3305,昇貿,TWSE,R,R_core,fCD,R0_combo@5,17,36,漏網,54,0.555556,4.0,atr14=0.978|n_lu_250=0.697|r20=0.969|c_ma120=0.959|vr20=0.965|days_since_lu=0.011|dt_ratio20=0.969|lend_to_v=0.086|rev_yoy=0.755|o_turn=0.996|o_log_mcap=0.482|o_lu_follow=0.838,"官方日成交結構(MI_INDEX/dailyQuotes)=1|發行股數(MI_QFIIS/dailyQuotes)=1|外資持股(MI_QFIIS,僅上市)=1|自營商(T86/上櫃三大法人)=1|當沖(TWTB4U/上櫃intraday)=1|季財報(MOPS t163sb04)=1|月營收(MOPS/openapi)=1|官方產業別(MOPS t05st03)=1|融資券(MI_MARGN)=1|借券(TWT93U)=1|法人(T86)=1",749,inf,250.0,official_prepanel,14544.15,290.0,0.0,1.0,0,1,10.478,6.378,48.064,26634.0,0,未扣成本·事後欄位以 m_ 標示·非投資建議
SEL,3,2025-08-15,2025-08-18,4722,國精化,TWSE,R,R_core,fCD,R0_combo@5,24,36,漏網,55,0.420139,4.0,atr14=0.929|n_lu_250=0.758|r20=0.949|c_ma120=0.950|vr20=0.866|days_since_lu=0.041|dt_ratio20=0.911|lend_to_v=0.186|rev_yoy=0.541|o_turn=0.969|o_log_mcap=0.393|o_lu_follow=0.805,"官方日成交結構(MI_INDEX/dailyQuotes)=1|發行股數(MI_QFIIS/dailyQuotes)=1|外資持股(MI_QFIIS,僅上市)=1|自營商(T86/上櫃三大法人)=1|當沖(TWTB4U/上櫃intraday)=1|季財報(MOPS t163sb04)=1|月營收(MOPS/openapi)=1|官方產業別(MOPS t05st03)=1|融資券(MI_MARGN)=1|借券(TWT93U)=1|法人(T86)=1",749,inf,250.0,official_prepanel,4362.05,87.0,0.0,0.0,0,1,9.081,31.166,60.314,10575.0,0,未扣成本·事後欄位以 m_ 標示·非投資建議
SEL,3,2025-08-18,2025-08-19,3297,杭特,TPEx,R,R_core,fCD,R0_combo@5,14,30,漏網,285,0.6,4.0,atr14=0.970|n_lu_250=0.999|r20=0.041|c_ma120=0.949|vr20=0.039|days_since_lu=0.058|dt_ratio20=NaN|lend_to_v=0.016|rev_yoy=0.880|o_turn=0.920|o_log_mcap=0.048|o_lu_follow=0.937,"官方日成交結構(MI_INDEX/dailyQuotes)=1|發行股數(MI_QFIIS/dailyQuotes)=1|外資持股(MI_QFIIS,僅上市)=0|自營商(T86/上櫃三大法人)=1|當沖(TWTB4U/上櫃intraday)=1|季財報(MOPS t163sb04)=1|月營收(MOPS/openapi)=1|官方產業別(MOPS t05st03)=1|融資券(MI_MARGN)=1|借券(TWT93U)=1|法人(T86)=1",750,inf,250.0,official_prepanel,4636.75,92.0,0.0,3.0,0,1,4.849,4.682,6.689,4262.0,0,未扣成本·事後欄位以 m_ 標示·非投資建議
SEL,3,2025-08-22,2025-08-25,4722,國精化,TWSE,R,R_core,fCD,R0_combo@5,10,55,漏網,24,0.739057,4.0,atr14=0.932|n_lu_250=0.879|r20=1.000|c_ma120=0.993|vr20=0.320|days_since_lu=0.025|dt_ratio20=0.869|lend_to_v=0.137|rev_yoy=0.537|o_turn=0.907|o_log_mcap=0.514|o_lu_follow=0.949,"官方日成交結構(MI_INDEX/dailyQuotes)=1|發行股數(MI_QFIIS/dailyQuotes)=1|外資持股(MI_QFIIS,僅上市)=1|自營商(T86/上櫃三大法人)=1|當沖(TWTB4U/上櫃intraday)=0|季財報(MOPS t163sb04)=1|月營收(MOPS/openapi)=1|官方產業別(MOPS t05st03)=1|融資券(MI_MARGN)=1|借券(TWT93U)=1|法人(T86)=1",754,inf,250.0,official_prepanel,6502.25,65.0,1.0,4.0,0,1,6.198,18.182,10.744,4517.0,1,未扣成本·事後欄位以 m_ 標示·非投資建議
SEL,3,2025-08-26,2025-08-27,3630,新鉅科,TPEx,R,R_core,fCD,R0_combo@5,18,58,漏網,32,0.613916,4.0,atr14=0.956|n_lu_250=0.915|r20=0.969|c_ma120=0.942|vr20=0.575|days_since_lu=0.061|dt_ratio20=NaN|lend_to_v=0.207|rev_yoy=0.620|o_turn=0.858|o_log_mcap=0.321|o_lu_follow=0.912,"官方日成交結構(MI_INDEX/dailyQuotes)=1|發行股數(MI_QFIIS/dailyQuotes)=1|外資持股(MI_QFIIS,僅上市)=0|自營商(T86/上櫃三大法人)=1|當沖(TWTB4U/上櫃intraday)=1|季財報(MOPS t163sb04)=1|月營收(MOPS/openapi)=1|官方產業別(MOPS t05st03)=1|融資券(MI_MARGN)=1|借券(TWT93U)=1|法人(T86)=1",756,inf,250.0,official_prepanel,5634.05,112.0,0.0,3.0,0,1,7.481,16.031,22.748,4834.0,0,未扣成本·事後欄位以 m_ 標示·非投資建議
SEL,3,2025-08-26,2025-08-27,6761,穩得,TPEx,R,R_core,fCD,R0_combo@5,30,58,漏網,106,0.489917,4.0,atr14=0.971|n_lu_250=0.622|r20=0.975|c_ma120=0.927|vr20=0.852|days_since_lu=0.077|dt_ratio20=NaN|lend_to_v=0.062|rev_yoy=0.548|o_turn=0.963|o_log_mcap=0.240|o_lu_follow=0.881,"官方日成交結構(MI_INDEX/dailyQuotes)=1|發行股數(MI_QFIIS/dailyQuotes)=1|外資持股(MI_QFIIS,僅上市)=0|自營商(T86/上櫃三大法人)=1|當沖(TWTB4U/上櫃intraday)=1|季財報(MOPS t163sb04)=1|月營收(MOPS/openapi)=1|官方產業別(MOPS t05st03)=1|融資券(MI_MARGN)=1|借券(TWT93U)=1|法人(T86)=1",756,inf,250.0,official_prepanel,1760.5,35.0,0.0,0.0,0,1,8.046,18.391,24.138,3174.0,0,未扣成本·事後欄位以 m_ 標示·非投資建議
SEL,3,2025-08-28,2025-08-29,6129,普誠,TPEx,R,R_core,fCD,R0_combo@5,38,60,漏網,107,0.450862,4.0,atr14=0.921|n_lu_250=0.755|r20=0.978|c_ma120=0.828|vr20=0.089|days_since_lu=0.107|dt_ratio20=NaN|lend_to_v=0.215|rev_yoy=0.714|o_turn=0.209|o_log_mcap=0.119|o_lu_follow=0.992,"官方日成交結構(MI_INDEX/dailyQuotes)=1|發行股數(MI_QFIIS/dailyQuotes)=1|外資持股(MI_QFIIS,僅上市)=0|自營商(T86/上櫃三大法人)=1|當沖(TWTB4U/上櫃intraday)=0|季財報(MOPS t163sb04)=1|月營收(MOPS/openapi)=1|官方產業別(MOPS t05st03)=1|融資券(MI_MARGN)=1|借券(TWT93U)=1|法人(T86)=1",758,inf,250.0,official_prepanel,966.6,19.0,0.0,0.0,0,1,8.553,17.105,11.184,958.0,0,未扣成本·事後欄位以 m_ 標示·非投資建議
SEL,3,2025-09-01,2025-09-02,4976,佳凌,TWSE,R,R_core,fCD,R0_combo@5,32,68,漏網,90,0.514593,4.0,atr14=0.876|n_lu_250=0.756|r20=0.985|c_ma120=0.962|vr20=0.980|days_since_lu=0.040|dt_ratio20=0.933|lend_to_v=0.273|rev_yoy=0.136|o_turn=0.962|o_log_mcap=0.318|o_lu_follow=0.740,"官方日成交結構(MI_INDEX/dailyQuotes)=1|發行股數(MI_QFIIS/dailyQuotes)=1|外資持股(MI_QFIIS,僅上市)=1|自營商(T86/上櫃三大法人)=1|當沖(TWTB4U/上櫃intraday)=1|季財報(MOPS t163sb04)=1|月營收(MOPS/openapi)=1|官方產業別(MOPS t05st03)=1|融資券(MI_MARGN)=1|借券(TWT93U)=1|法人(T86)=1",760,inf,250.0,official_prepanel,3250.9,65.0,0.0,2.0,0,1,4.92,11.016,-5.348,5722.0,0,未扣成本·事後欄位以 m_ 標示·非投資建議
SEL,3,2025-09-02,2025-09-03,6753,龍德造船,TWSE,R,R_core,fCD,R0_combo@5,29,61,漏網,75,0.541366,4.0,atr14=0.946|n_lu_250=0.752|r20=0.966|c_ma120=0.931|vr20=0.929|days_since_lu=0.022|dt_ratio20=0.872|lend_to_v=0.084|rev_yoy=0.886|o_turn=0.965|o_log_mcap=0.615|o_lu_follow=0.734,"官方日成交結構(MI_INDEX/dailyQuotes)=1|發行股數(MI_QFIIS/dailyQuotes)=1|外資持股(MI_QFIIS,僅上市)=1|自營商(T86/上櫃三大法人)=1|當沖(TWTB4U/上櫃intraday)=1|季財報(MOPS t163sb04)=1|月營收(MOPS/openapi)=1|官方產業別(MOPS t05st03)=1|融資券(MI_MARGN)=1|借券(TWT93U)=1|法人(T86)=1",605,605.0,250.0,official,5535.55,110.0,0.0,2.0,0,1,2.258,19.355,11.935,2671.0,0,未扣成本·事後欄位以 m_ 標示·非投資建議
SEL,3,2025-09-02,2025-09-03,7402,邑錡,TPEx,R,R_core,fCD,R0_combo@5,23,61,漏網,57,0.590338,4.0,atr14=0.966|n_lu_250=0.913|r20=0.869|c_ma120=0.886|vr20=0.079|days_since_lu=0.047|dt_ratio20=NaN|lend_to_v=0.028|rev_yoy=0.136|o_turn=0.908|o_log_mcap=0.209|o_lu_follow=0.412,"官方日成交結構(MI_INDEX/dailyQuotes)=1|發行股數(MI_QFIIS/dailyQuotes)=1|外資持股(MI_QFIIS,僅上市)=0|自營商(T86/上櫃三大法人)=1|當沖(TWTB4U/上櫃intraday)=0|季財報(MOPS t163sb04)=1|月營收(MOPS/openapi)=1|官方產業別(MOPS t05st03)=1|融資券(MI_MARGN)=1|借券(TWT93U)=1|法人(T86)=1",761,inf,250.0,official_prepanel,4563.25,45.0,1.0,5.0,0,1,9.251,44.493,36.564,1615.0,1,未扣成本·事後欄位以 m_ 標示·非投資建議
SEL,3,2025-09-11,2025-09-12,3707,漢磊,TPEx,R,R_core,fCD,R0_combo@5,26,41,漏網,54,0.445808,4.0,atr14=0.925|n_lu_250=0.871|r20=0.919|c_ma120=0.903|vr20=0.656|days_since_lu=0.040|dt_ratio20=NaN|lend_to_v=0.420|rev_yoy=0.544|o_turn=0.906|o_log_mcap=0.666|o_lu_follow=0.654,"官方日成交結構(MI_INDEX/dailyQuotes)=1|發行股數(MI_QFIIS/dailyQuotes)=1|外資持股(MI_QFIIS,僅上市)=0|自營商(T86/上櫃三大法人)=1|當沖(TWTB4U/上櫃intraday)=1|季財報(MOPS t163sb04)=1|月營收(MOPS/openapi)=1|官方產業別(MOPS t05st03)=1|融資券(MI_MARGN)=1|借券(TWT93U)=1|法人(T86)=1",768,inf,250.0,official_prepanel,15979.65,319.0,0.0,1.0,0,1,7.925,27.547,13.019,30343.0,0,未扣成本·事後欄位以 m_ 標示·非投資建議
SEL,3,2025-09-15,2025-09-16,4577,達航科技,TPEx,R,R_core,fCD,R0_combo@5,12,30,漏網,273,0.616667,4.0,atr14=0.985|n_lu_250=0.999|r20=0.016|c_ma120=0.934|vr20=0.688|days_since_lu=0.051|dt_ratio20=NaN|lend_to_v=0.056|rev_yoy=0.646|o_turn=0.836|o_log_mcap=0.033|o_lu_follow=0.879,"官方日成交結構(MI_INDEX/dailyQuotes)=1|發行股數(MI_QFIIS/dailyQuotes)=1|外資持股(MI_QFIIS,僅上市)=0|自營商(T86/上櫃三大法人)=1|當沖(TWTB4U/上櫃intraday)=1|季財報(MOPS t163sb04)=1|月營收(MOPS/openapi)=1|官方產業別(MOPS t05st03)=1|融資券(MI_MARGN)=1|借券(TWT93U)=1|法人(T86)=1",770,inf,250.0,official_prepanel,1220.9,24.0,0.0,1.0,0,1,8.748,11.161,12.066,691.0,0,未扣成本·事後欄位以 m_ 標示·非投資建議
SEL,3,2025-09-19,2025-09-22,6418,詠昇,TPEx,R,R_core,fCD,R0_combo@5,7,30,漏網,23,0.76131,4.0,atr14=0.910|n_lu_250=0.864|r20=0.994|c_ma120=0.999|vr20=0.004|days_since_lu=0.127|dt_ratio20=NaN|lend_to_v=0.031|rev_yoy=0.271|o_turn=0.484|o_log_mcap=0.041|o_lu_follow=0.984,"官方日成交結構(MI_INDEX/dailyQuotes)=1|發行股數(MI_QFIIS/dailyQuotes)=1|外資持股(MI_QFIIS,僅上市)=0|自營商(T86/上櫃三大法人)=1|當沖(TWTB4U/上櫃intraday)=0|季財報(MOPS t163sb04)=1|月營收(MOPS/openapi)=1|官方產業別(MOPS t05st03)=1|融資券(MI_MARGN)=1|借券(TWT93U)=1|法人(T86)=1",774,inf,250.0,official_prepanel,1976.95,19.0,1.0,0.0,0,1,8.915,45.349,43.411,576.0,1,未扣成本·事後欄位以 m_ 標示·非投資建議
SEL,3,2025-09-26,2025-09-30,6770,力積電,TWSE,R,R_core,fCD,R0_combo@5,9,24,漏網,26,0.658062,4.0,atr14=0.886|n_lu_250=0.827|r20=0.995|c_ma120=0.967|vr20=0.707|days_since_lu=0.024|dt_ratio20=0.941|lend_to_v=0.395|rev_yoy=0.538|o_turn=0.889|o_log_mcap=0.888|o_lu_follow=0.960,"官方日成交結構(MI_INDEX/dailyQuotes)=1|發行股數(MI_QFIIS/dailyQuotes)=1|外資持股(MI_QFIIS,僅上市)=1|自營商(T86/上櫃三大法人)=1|當沖(TWTB4U/上櫃intraday)=1|季財報(MOPS t163sb04)=1|月營收(MOPS/openapi)=1|官方產業別(MOPS t05st03)=1|融資券(MI_MARGN)=1|借券(TWT93U)=1|法人(T86)=1",779,inf,250.0,official_prepanel,116624.15,2332.0,0.0,3.0,0,1,0.197,17.949,9.665,152664.0,0,未扣成本·事後欄位以 m_ 標示·非投資建議
SEL,4,2025-10-28,2025-10-29,3543,州巧,TWSE,R,R_core,fCD,R0_combo@5,23,34,漏網,36,0.462344,4.0,atr14=0.932|n_lu_250=0.962|r20=0.850|c_ma120=0.940|vr20=0.288|days_since_lu=0.067|dt_ratio20=0.945|lend_to_v=0.085|rev_yoy=0.285|o_turn=0.884|o_log_mcap=0.167|o_lu_follow=0.929,"官方日成交結構(MI_INDEX/dailyQuotes)=1|發行股數(MI_QFIIS/dailyQuotes)=1|外資持股(MI_QFIIS,僅上市)=1|自營商(T86/上櫃三大法人)=1|當沖(TWTB4U/上櫃intraday)=1|季財報(MOPS t163sb04)=1|月營收(MOPS/openapi)=1|官方產業別(MOPS t05st03)=1|融資券(MI_MARGN)=1|借券(TWT93U)=1|法人(T86)=1",797,inf,250.0,official_prepanel,4191.15,83.0,0.0,1.0,0,1,8.675,18.675,5.181,11876.0,0,未扣成本·事後欄位以 m_ 標示·非投資建議
SEL,4,2025-11-20,2025-11-21,6291,沛亨,TPEx,R,R_core,fCD,R0_combo@5,15,24,漏網,103,0.47577,4.0,atr14=0.955|n_lu_250=0.965|r20=0.662|c_ma120=0.787|vr20=0.777|days_since_lu=0.027|dt_ratio20=NaN|lend_to_v=0.195|rev_yoy=0.822|o_turn=0.777|o_log_mcap=0.296|o_lu_follow=0.902,"官方日成交結構(MI_INDEX/dailyQuotes)=1|發行股數(MI_QFIIS/dailyQuotes)=1|外資持股(MI_QFIIS,僅上市)=0|自營商(T86/上櫃三大法人)=1|當沖(TWTB4U/上櫃intraday)=1|季財報(MOPS t163sb04)=1|月營收(MOPS/openapi)=1|官方產業別(MOPS t05st03)=1|融資券(MI_MARGN)=1|借券(TWT93U)=1|法人(T86)=1",814,inf,250.0,official_prepanel,490.3,9.0,0.0,0.0,0,1,6.463,15.646,21.429,617.0,0,未扣成本·事後欄位以 m_ 標示·非投資建議
SEL,4,2025-11-21,2025-11-24,2413,環科,TWSE,R,R_core,fCD,R0_combo@5,18,22,漏網,64,0.310606,4.0,atr14=0.728|n_lu_250=0.795|r20=0.946|c_ma120=0.902|vr20=0.848|days_since_lu=0.017|dt_ratio20=0.967|lend_to_v=0.145|rev_yoy=0.324|o_turn=0.858|o_log_mcap=0.136|o_lu_follow=0.678,"官方日成交結構(MI_INDEX/dailyQuotes)=1|發行股數(MI_QFIIS/dailyQuotes)=1|外資持股(MI_QFIIS,僅上市)=1|自營商(T86/上櫃三大法人)=1|當沖(TWTB4U/上櫃intraday)=1|季財報(MOPS t163sb04)=1|月營收(MOPS/openapi)=1|官方產業別(MOPS t05st03)=1|融資券(MI_MARGN)=1|借券(TWT93U)=1|法人(T86)=1",815,inf,250.0,official_prepanel,2164.55,43.0,0.0,0.0,0,1,8.542,20.208,12.917,6504.0,0,未扣成本·事後欄位以 m_ 標示·非投資建議
SEL,4,2025-11-28,2025-12-01,4939,亞電,TPEx,R,R_core,fCD,R0_combo@5,6,18,漏網,50,0.633987,4.0,atr14=0.954|n_lu_250=0.726|r20=0.993|c_ma120=0.966|vr20=0.990|days_since_lu=0.005|dt_ratio20=NaN|lend_to_v=0.053|rev_yoy=0.318|o_turn=1.000|o_log_mcap=0.120|o_lu_follow=0.711,"官方日成交結構(MI_INDEX/dailyQuotes)=1|發行股數(MI_QFIIS/dailyQuotes)=1|外資持股(MI_QFIIS,僅上市)=0|自營商(T86/上櫃三大法人)=1|當沖(TWTB4U/上櫃intraday)=1|季財報(MOPS t163sb04)=1|月營收(MOPS/openapi)=1|官方產業別(MOPS t05st03)=1|融資券(MI_MARGN)=1|借券(TWT93U)=1|法人(T86)=1",820,inf,250.0,official_prepanel,13350.0,267.0,0.0,2.0,0,1,10.312,15.469,20.938,33273.0,0,未扣成本·事後欄位以 m_ 標示·非投資建議
SEL,4,2025-12-01,2025-12-02,6431,光麗-KY,TWSE,R,R_core,fCD,R0_combo@5,16,19,漏網,104,0.34576,4.0,atr14=0.652|n_lu_250=0.661|r20=0.993|c_ma120=0.938|vr20=0.861|days_since_lu=0.056|dt_ratio20=NaN|lend_to_v=0.010|rev_yoy=0.036|o_turn=0.664|o_log_mcap=0.062|o_lu_follow=0.807,"官方日成交結構(MI_INDEX/dailyQuotes)=1|發行股數(MI_QFIIS/dailyQuotes)=1|外資持股(MI_QFIIS,僅上市)=1|自營商(T86/上櫃三大法人)=1|當沖(TWTB4U/上櫃intraday)=0|季財報(MOPS t163sb04)=1|月營收(MOPS/openapi)=1|官方產業別(MOPS t05st03)=1|融資券(MI_MARGN)=1|借券(TWT93U)=1|法人(T86)=1",821,inf,250.0,official_prepanel,536.15,10.0,0.0,2.0,0,1,7.522,21.239,34.513,1244.0,0,未扣成本·事後欄位以 m_ 標示·非投資建議
SEL,4,2025-12-05,2025-12-08,2485,兆赫,TWSE,R,R_core,fCD,R0_combo@5,6,26,漏網,10,0.743654,4.0,atr14=0.975|n_lu_250=0.899|r20=0.999|c_ma120=0.996|vr20=0.304|days_since_lu=0.058|dt_ratio20=0.956|lend_to_v=0.064|rev_yoy=0.983|o_turn=0.910|o_log_mcap=0.304|o_lu_follow=0.823,"官方日成交結構(MI_INDEX/dailyQuotes)=1|發行股數(MI_QFIIS/dailyQuotes)=1|外資持股(MI_QFIIS,僅上市)=1|自營商(T86/上櫃三大法人)=1|當沖(TWTB4U/上櫃intraday)=1|季財報(MOPS t163sb04)=1|月營收(MOPS/openapi)=1|官方產業別(MOPS t05st03)=1|融資券(MI_MARGN)=1|借券(TWT93U)=1|法人(T86)=1",825,inf,250.0,official_prepanel,25328.0,506.0,0.0,3.0,0,1,9.628,19.475,27.352,40921.0,0,未扣成本·事後欄位以 m_ 標示·非投資建議
SEL,4,2025-12-05,2025-12-08,5475,德宏,TPEx,R,R_core,fCD,R0_combo@5,10,26,漏網,13,0.605192,4.0,atr14=0.978|n_lu_250=0.995|r20=0.890|c_ma120=0.969|vr20=0.854|days_since_lu=0.021|dt_ratio20=NaN|lend_to_v=0.011|rev_yoy=0.901|o_turn=0.899|o_log_mcap=0.364|o_lu_follow=0.969,"官方日成交結構(MI_INDEX/dailyQuotes)=1|發行股數(MI_QFIIS/dailyQuotes)=1|外資持股(MI_QFIIS,僅上市)=0|自營商(T86/上櫃三大法人)=1|當沖(TWTB4U/上櫃intraday)=0|季財報(MOPS t163sb04)=1|月營收(MOPS/openapi)=1|官方產業別(MOPS t05st03)=1|融資券(MI_MARGN)=1|借券(TWT93U)=1|法人(T86)=1",825,inf,250.0,official_prepanel,3457.75,69.0,0.0,3.0,0,1,5.579,8.089,15.76,5691.0,0,未扣成本·事後欄位以 m_ 標示·非投資建議
SEL,4,2025-12-05,2025-12-08,8039,台虹,TWSE,R,R_core,fCD,R0_combo@5,19,26,漏網,77,0.374038,4.0,atr14=0.948|n_lu_250=0.665|r20=0.948|c_ma120=0.950|vr20=0.444|days_since_lu=0.058|dt_ratio20=0.974|lend_to_v=0.176|rev_yoy=0.782|o_turn=0.942|o_log_mcap=0.606|o_lu_follow=0.812,"官方日成交結構(MI_INDEX/dailyQuotes)=1|發行股數(MI_QFIIS/dailyQuotes)=1|外資持股(MI_QFIIS,僅上市)=1|自營商(T86/上櫃三大法人)=1|當沖(TWTB4U/上櫃intraday)=1|季財報(MOPS t163sb04)=1|月營收(MOPS/openapi)=1|官方產業別(MOPS t05st03)=1|融資券(MI_MARGN)=1|借券(TWT93U)=1|法人(T86)=1",825,inf,250.0,official_prepanel,22774.4,455.0,0.0,3.0,0,1,7.143,29.699,21.053,37666.0,0,未扣成本·事後欄位以 m_ 標示·非投資建議
SEL,4,2025-12-09,2025-12-10,2349,錸德,TWSE,R,R_core,fCD,R0_combo@5,19,19,漏網,204,0.174708,4.0,atr14=0.680|n_lu_250=0.664|r20=0.855|c_ma120=0.538|vr20=0.665|days_since_lu=0.033|dt_ratio20=NaN|lend_to_v=0.011|rev_yoy=0.186|o_turn=0.521|o_log_mcap=0.292|o_lu_follow=0.810,"官方日成交結構(MI_INDEX/dailyQuotes)=1|發行股數(MI_QFIIS/dailyQuotes)=1|外資持股(MI_QFIIS,僅上市)=1|自營商(T86/上櫃三大法人)=1|當沖(TWTB4U/上櫃intraday)=0|季財報(MOPS t163sb04)=1|月營收(MOPS/openapi)=1|官方產業別(MOPS t05st03)=1|融資券(MI_MARGN)=1|借券(TWT93U)=1|法人(T86)=1",827,inf,250.0,official_prepanel,3893.35,77.0,0.0,0.0,0,1,6.393,47.945,36.986,14163.0,0,未扣成本·事後欄位以 m_ 標示·非投資建議
SEL,4,2025-12-11,2025-12-12,6443,元晶,TWSE,R,R_core,fCD,R0_combo@5,20,23,漏網,106,0.304348,4.0,atr14=0.731|n_lu_250=0.661|r20=0.982|c_ma120=0.800|vr20=0.999|days_since_lu=0.006|dt_ratio20=0.815|lend_to_v=0.638|rev_yoy=0.046|o_turn=0.990|o_log_mcap=0.381|o_lu_follow=0.808,"官方日成交結構(MI_INDEX/dailyQuotes)=1|發行股數(MI_QFIIS/dailyQuotes)=1|外資持股(MI_QFIIS,僅上市)=1|自營商(T86/上櫃三大法人)=1|當沖(TWTB4U/上櫃intraday)=1|季財報(MOPS t163sb04)=1|月營收(MOPS/openapi)=1|官方產業別(MOPS t05st03)=1|融資券(MI_MARGN)=1|借券(TWT93U)=1|法人(T86)=1",829,inf,250.0,official_prepanel,9091.85,181.0,0.0,1.0,0,1,7.542,20.67,62.57,89383.0,0,未扣成本·事後欄位以 m_ 標示·非投資建議
SEL,4,2025-12-11,2025-12-12,6588,東典光電,TPEx,R,R_core,fCD,R0_combo@5,9,23,漏網,27,0.61413,4.0,atr14=0.947|n_lu_250=0.830|r20=0.996|c_ma120=0.965|vr20=0.986|days_since_lu=0.089|dt_ratio20=NaN|lend_to_v=0.025|rev_yoy=0.441|o_turn=0.977|o_log_mcap=0.018|o_lu_follow=0.953,"官方日成交結構(MI_INDEX/dailyQuotes)=1|發行股數(MI_QFIIS/dailyQuotes)=1|外資持股(MI_QFIIS,僅上市)=0|自營商(T86/上櫃三大法人)=1|當沖(TWTB4U/上櫃intraday)=1|季財報(MOPS t163sb04)=1|月營收(MOPS/openapi)=1|官方產業別(MOPS t05st03)=1|融資券(MI_MARGN)=1|借券(TWT93U)=1|法人(T86)=1",829,inf,250.0,official_prepanel,867.85,17.0,0.0,1.0,0,1,7.471,4.138,14.368,3893.0,0,未扣成本·事後欄位以 m_ 標示·非投資建議
SEL,4,2025-12-19,2025-12-22,3576,聯合再生,TWSE,R,R_relax,fP10|fCD,R0_combo@5,19,32,漏網,79,0.425781,4.0,atr14=0.933|n_lu_250=0.766|r20=0.884|c_ma120=0.758|vr20=0.711|days_since_lu=0.035|dt_ratio20=NaN|lend_to_v=0.012|rev_yoy=0.026|o_turn=0.665|o_log_mcap=0.468|o_lu_follow=0.907,"官方日成交結構(MI_INDEX/dailyQuotes)=1|發行股數(MI_QFIIS/dailyQuotes)=1|外資持股(MI_QFIIS,僅上市)=1|自營商(T86/上櫃三大法人)=1|當沖(TWTB4U/上櫃intraday)=0|季財報(MOPS t163sb04)=1|月營收(MOPS/openapi)=1|官方產業別(MOPS t05st03)=1|融資券(MI_MARGN)=1|借券(TWT93U)=1|法人(T86)=1",835,inf,250.0,official_prepanel,11407.9,228.0,0.0,2.0,0,1,10.533,19.467,13.067,15293.0,0,未扣成本·事後欄位以 m_ 標示·非投資建議
SEL,4,2025-12-19,2025-12-22,3701,大眾控,TWSE,R,R_core,fCD,R0_combo@5,21,32,漏網,167,0.363281,4.0,atr14=0.880|n_lu_250=0.766|r20=0.910|c_ma120=0.461|vr20=0.531|days_since_lu=0.058|dt_ratio20=0.896|lend_to_v=0.444|rev_yoy=0.102|o_turn=0.522|o_log_mcap=0.352|o_lu_follow=0.676,"官方日成交結構(MI_INDEX/dailyQuotes)=1|發行股數(MI_QFIIS/dailyQuotes)=1|外資持股(MI_QFIIS,僅上市)=1|自營商(T86/上櫃三大法人)=1|當沖(TWTB4U/上櫃intraday)=1|季財報(MOPS t163sb04)=1|月營收(MOPS/openapi)=1|官方產業別(MOPS t05st03)=1|融資券(MI_MARGN)=1|借券(TWT93U)=1|法人(T86)=1",835,inf,250.0,official_prepanel,1553.95,31.0,0.0,0.0,0,1,9.066,32.747,33.559,1933.0,0,未扣成本·事後欄位以 m_ 標示·非投資建議
SEL,4,2025-12-19,2025-12-22,4909,新復興,TPEx,R,R_core,fCD,R0_combo@5,22,32,漏網,368,0.339844,4.0,atr14=0.911|n_lu_250=0.766|r20=0.880|c_ma120=0.095|vr20=0.828|days_since_lu=0.035|dt_ratio20=NaN|lend_to_v=0.355|rev_yoy=0.005|o_turn=0.916|o_log_mcap=0.199|o_lu_follow=0.907,"官方日成交結構(MI_INDEX/dailyQuotes)=1|發行股數(MI_QFIIS/dailyQuotes)=1|外資持股(MI_QFIIS,僅上市)=0|自營商(T86/上櫃三大法人)=1|當沖(TWTB4U/上櫃intraday)=1|季財報(MOPS t163sb04)=1|月營收(MOPS/openapi)=1|官方產業別(MOPS t05st03)=1|融資券(MI_MARGN)=1|借券(TWT93U)=1|法人(T86)=1",835,inf,250.0,official_prepanel,2444.3,48.0,0.0,1.0,0,1,9.979,30.149,26.327,7063.0,0,未扣成本·事後欄位以 m_ 標示·非投資建議
SEL,4,2025-12-19,2025-12-22,6244,茂迪,TPEx,R,R_core,fCD,R0_combo@5,20,32,漏網,115,0.394531,4.0,atr14=0.964|n_lu_250=0.648|r20=0.925|c_ma120=0.685|vr20=0.672|days_since_lu=0.035|dt_ratio20=NaN|lend_to_v=0.390|rev_yoy=0.176|o_turn=0.861|o_log_mcap=0.310|o_lu_follow=0.807,"官方日成交結構(MI_INDEX/dailyQuotes)=1|發行股數(MI_QFIIS/dailyQuotes)=1|外資持股(MI_QFIIS,僅上市)=0|自營商(T86/上櫃三大法人)=1|當沖(TWTB4U/上櫃intraday)=1|季財報(MOPS t163sb04)=1|月營收(MOPS/openapi)=1|官方產業別(MOPS t05st03)=1|融資券(MI_MARGN)=1|借券(TWT93U)=1|法人(T86)=1",835,inf,250.0,official_prepanel,8568.65,171.0,0.0,2.0,0,1,9.61,11.948,4.416,16031.0,0,未扣成本·事後欄位以 m_ 標示·非投資建議
SEL,4,2025-12-24,2025-12-26,3354,律勝,TPEx,R,R_core,fCD,R0_combo@5,7,26,漏網,22,0.692308,4.0,atr14=0.984|n_lu_250=0.872|r20=0.992|c_ma120=0.959|vr20=0.977|days_since_lu=0.006|dt_ratio20=NaN|lend_to_v=0.049|rev_yoy=0.098|o_turn=0.967|o_log_mcap=0.038|o_lu_follow=0.926,"官方日成交結構(MI_INDEX/dailyQuotes)=1|發行股數(MI_QFIIS/dailyQuotes)=1|外資持股(MI_QFIIS,僅上市)=0|自營商(T86/上櫃三大法人)=1|當沖(TWTB4U/上櫃intraday)=1|季財報(MOPS t163sb04)=1|月營收(MOPS/openapi)=1|官方產業別(MOPS t05st03)=1|融資券(MI_MARGN)=1|借券(TWT93U)=1|法人(T86)=1",838,inf,250.0,official_prepanel,1697.0,33.0,0.0,0.0,0,1,7.795,9.316,1.331,3937.0,0,未扣成本·事後欄位以 m_ 標示·非投資建議
HC,1,2026-01-02,2026-01-05,3481,群創,TWSE,R,R_core,fCD,R0_combo@5,25,27,漏網,170,0.240741,4.0,atr14=0.796|n_lu_250=0.457|r20=0.948|c_ma120=0.922|vr20=0.985|days_since_lu=0.011|dt_ratio20=0.873|lend_to_v=0.446|rev_yoy=0.277|o_turn=0.972|o_log_mcap=0.896|o_lu_follow=0.922,"官方日成交結構(MI_INDEX/dailyQuotes)=1|發行股數(MI_QFIIS/dailyQuotes)=1|外資持股(MI_QFIIS,僅上市)=1|自營商(T86/上櫃三大法人)=1|當沖(TWTB4U/上櫃intraday)=1|季財報(MOPS t163sb04)=1|月營收(MOPS/openapi)=1|官方產業別(MOPS t05st03)=1|融資券(MI_MARGN)=1|借券(TWT93U)=1|法人(T86)=1",843,inf,250.0,official_prepanel,199397.95,3987.0,0.0,2.0,0,1,5.851,6.383,41.489,536713.0,0,未扣成本·事後欄位以 m_ 標示·非投資建議
HC,1,2026-01-06,2026-01-07,2025,千興,TWSE,R,R_core,fCD,R0_combo@5,39,40,漏網,276,0.165625,4.0,atr14=0.599|n_lu_250=0.826|r20=0.790|c_ma120=0.469|vr20=0.720|days_since_lu=0.030|dt_ratio20=NaN|lend_to_v=0.011|rev_yoy=0.057|o_turn=0.208|o_log_mcap=0.045|o_lu_follow=0.658,"官方日成交結構(MI_INDEX/dailyQuotes)=1|發行股數(MI_QFIIS/dailyQuotes)=1|外資持股(MI_QFIIS,僅上市)=1|自營商(T86/上櫃三大法人)=1|當沖(TWTB4U/上櫃intraday)=0|季財報(MOPS t163sb04)=1|月營收(MOPS/openapi)=1|官方產業別(MOPS t05st03)=1|融資券(MI_MARGN)=1|借券(TWT93U)=1|法人(T86)=1",845,inf,250.0,official_prepanel,324.4,6.0,0.0,0.0,0,1,8.756,11.982,23.502,1183.0,0,未扣成本·事後欄位以 m_ 標示·非投資建議
HC,1,2026-01-08,2026-01-09,5291,邑昇,TPEx,R,R_core,fCD,R0_combo@5,42,47,漏網,240,0.239362,4.0,atr14=0.714|n_lu_250=0.334|r20=0.909|c_ma120=0.914|vr20=0.911|days_since_lu=0.036|dt_ratio20=NaN|lend_to_v=0.052|rev_yoy=0.699|o_turn=0.837|o_log_mcap=0.011|o_lu_follow=0.966,"官方日成交結構(MI_INDEX/dailyQuotes)=1|發行股數(MI_QFIIS/dailyQuotes)=1|外資持股(MI_QFIIS,僅上市)=0|自營商(T86/上櫃三大法人)=1|當沖(TWTB4U/上櫃intraday)=1|季財報(MOPS t163sb04)=1|月營收(MOPS/openapi)=1|官方產業別(MOPS t05st03)=1|融資券(MI_MARGN)=1|借券(TWT93U)=1|法人(T86)=1",847,inf,250.0,official_prepanel,463.75,9.0,0.0,1.0,0,1,9.955,19.614,3.863,3111.0,0,未扣成本·事後欄位以 m_ 標示·非投資建議
HC,1,2026-01-08,2026-01-09,6163,華電網,TPEx,R,R_core,fCD,R0_combo@5,11,47,漏網,13,0.731383,4.0,atr14=0.990|n_lu_250=0.904|r20=0.954|c_ma120=0.989|vr20=0.597|days_since_lu=0.129|dt_ratio20=NaN|lend_to_v=0.205|rev_yoy=0.179|o_turn=0.949|o_log_mcap=0.328|o_lu_follow=0.904,"官方日成交結構(MI_INDEX/dailyQuotes)=1|發行股數(MI_QFIIS/dailyQuotes)=1|外資持股(MI_QFIIS,僅上市)=0|自營商(T86/上櫃三大法人)=1|當沖(TWTB4U/上櫃intraday)=1|季財報(MOPS t163sb04)=1|月營收(MOPS/openapi)=1|官方產業別(MOPS t05st03)=1|融資券(MI_MARGN)=1|借券(TWT93U)=1|法人(T86)=1",847,inf,250.0,official_prepanel,8115.3,162.0,0.0,0.0,0,1,6.989,29.032,24.194,19331.0,0,未扣成本·事後欄位以 m_ 標示·非投資建議
HC,1,2026-01-13,2026-01-14,1721,國慶科技,TWSE,R,R_core,fCD,R0_combo@5,23,55,漏網,80,0.525,4.0,atr14=1.000|n_lu_250=0.698|r20=0.982|c_ma120=0.852|vr20=0.147|days_since_lu=0.150|dt_ratio20=NaN|lend_to_v=0.027|rev_yoy=0.626|o_turn=0.693|o_log_mcap=0.105|o_lu_follow=0.716,"官方日成交結構(MI_INDEX/dailyQuotes)=1|發行股數(MI_QFIIS/dailyQuotes)=1|外資持股(MI_QFIIS,僅上市)=1|自營商(T86/上櫃三大法人)=1|當沖(TWTB4U/上櫃intraday)=0|季財報(MOPS t163sb04)=1|月營收(MOPS/openapi)=1|官方產業別(MOPS t05st03)=1|融資券(MI_MARGN)=1|借券(TWT93U)=1|法人(T86)=1",850,inf,250.0,official_prepanel,4703.7,94.0,0.0,0.0,0,1,3.963,27.134,19.207,4832.0,0,未扣成本·事後欄位以 m_ 標示·非投資建議
HC,1,2026-01-13,2026-01-14,6155,鈞寶,TWSE,R,R_core,fCD,R0_combo@5,12,55,漏網,23,0.684091,4.0,atr14=0.974|n_lu_250=0.924|r20=0.914|c_ma120=0.979|vr20=0.279|days_since_lu=0.109|dt_ratio20=0.976|lend_to_v=0.032|rev_yoy=0.694|o_turn=0.932|o_log_mcap=0.218|o_lu_follow=0.985,"官方日成交結構(MI_INDEX/dailyQuotes)=1|發行股數(MI_QFIIS/dailyQuotes)=1|外資持股(MI_QFIIS,僅上市)=1|自營商(T86/上櫃三大法人)=1|當沖(TWTB4U/上櫃intraday)=1|季財報(MOPS t163sb04)=1|月營收(MOPS/openapi)=1|官方產業別(MOPS t05st03)=1|融資券(MI_MARGN)=1|借券(TWT93U)=1|法人(T86)=1",850,inf,250.0,official_prepanel,7721.0,154.0,0.0,1.0,0,1,4.744,15.18,9.677,7855.0,0,未扣成本·事後欄位以 m_ 標示·非投資建議
HC,1,2026-01-15,2026-01-16,4973,廣穎,TPEx,R,R_core,fCD,R0_combo@5,9,57,漏網,29,0.707962,4.0,atr14=0.988|n_lu_250=0.857|r20=0.974|c_ma120=0.957|vr20=0.401|days_since_lu=0.101|dt_ratio20=NaN|lend_to_v=0.065|rev_yoy=0.254|o_turn=0.955|o_log_mcap=0.129|o_lu_follow=0.650,"官方日成交結構(MI_INDEX/dailyQuotes)=1|發行股數(MI_QFIIS/dailyQuotes)=1|外資持股(MI_QFIIS,僅上市)=0|自營商(T86/上櫃三大法人)=1|當沖(TWTB4U/上櫃intraday)=1|季財報(MOPS t163sb04)=1|月營收(MOPS/openapi)=1|官方產業別(MOPS t05st03)=1|融資券(MI_MARGN)=1|借券(TWT93U)=1|法人(T86)=1",852,inf,250.0,official_prepanel,7133.35,142.0,0.0,1.0,0,1,8.163,6.122,4.082,12942.0,0,未扣成本·事後欄位以 m_ 標示·非投資建議
HC,1,2026-01-16,2026-01-19,5302,太欣,TPEx,R,R_core,fCD,R0_combo@5,33,63,漏網,67,0.494582,4.0,atr14=0.934|n_lu_250=0.882|r20=0.919|c_ma120=0.851|vr20=0.744|days_since_lu=0.075|dt_ratio20=NaN|lend_to_v=0.013|rev_yoy=0.952|o_turn=0.655|o_log_mcap=0.039|o_lu_follow=0.975,"官方日成交結構(MI_INDEX/dailyQuotes)=1|發行股數(MI_QFIIS/dailyQuotes)=1|外資持股(MI_QFIIS,僅上市)=0|自營商(T86/上櫃三大法人)=1|當沖(TWTB4U/上櫃intraday)=0|季財報(MOPS t163sb04)=1|月營收(MOPS/openapi)=1|官方產業別(MOPS t05st03)=1|融資券(MI_MARGN)=1|借券(TWT93U)=1|法人(T86)=1",853,inf,250.0,official_prepanel,1272.6,25.0,0.0,2.0,0,1,9.821,7.143,2.679,2382.0,0,未扣成本·事後欄位以 m_ 標示·非投資建議
HC,1,2026-01-19,2026-01-20,8074,鉅橡,TPEx,R,R_core,fCD,R0_combo@5,9,54,漏網,8,0.765955,4.0,atr14=0.976|n_lu_250=0.938|r20=0.981|c_ma120=0.983|vr20=0.235|days_since_lu=0.109|dt_ratio20=NaN|lend_to_v=0.043|rev_yoy=0.596|o_turn=0.994|o_log_mcap=0.252|o_lu_follow=0.419,"官方日成交結構(MI_INDEX/dailyQuotes)=1|發行股數(MI_QFIIS/dailyQuotes)=1|外資持股(MI_QFIIS,僅上市)=0|自營商(T86/上櫃三大法人)=1|當沖(TWTB4U/上櫃intraday)=1|季財報(MOPS t163sb04)=1|月營收(MOPS/openapi)=1|官方產業別(MOPS t05st03)=1|融資券(MI_MARGN)=1|借券(TWT93U)=1|法人(T86)=1",854,inf,250.0,official_prepanel,20758.15,415.0,0.0,1.0,0,1,4.8,2.88,-5.44,7309.0,0,未扣成本·事後欄位以 m_ 標示·非投資建議
HC,1,2026-01-20,2026-01-21,4533,協易機,TPEx,R,R_core,fCD,R0_combo@5,50,68,漏網,153,0.344898,4.0,atr14=0.770|n_lu_250=0.643|r20=0.953|c_ma120=0.885|vr20=0.745|days_since_lu=0.030|dt_ratio20=NaN|lend_to_v=0.221|rev_yoy=0.763|o_turn=0.879|o_log_mcap=0.246|o_lu_follow=0.956,"官方日成交結構(MI_INDEX/dailyQuotes)=1|發行股數(MI_QFIIS/dailyQuotes)=1|外資持股(MI_QFIIS,僅上市)=0|自營商(T86/上櫃三大法人)=1|當沖(TWTB4U/上櫃intraday)=1|季財報(MOPS t163sb04)=1|月營收(MOPS/openapi)=1|官方產業別(MOPS t05st03)=1|融資券(MI_MARGN)=1|借券(TWT93U)=1|法人(T86)=1",855,inf,250.0,official_prepanel,4104.55,82.0,0.0,2.0,0,1,9.354,29.252,22.109,10622.0,0,未扣成本·事後欄位以 m_ 標示·非投資建議
HC,1,2026-01-21,2026-01-22,6285,啟碁,TWSE,R,R_core,fCD,R0_combo@5,67,75,漏網,203,0.211774,4.0,atr14=0.749|n_lu_250=0.641|r20=0.924|c_ma120=0.746|vr20=0.963|days_since_lu=0.013|dt_ratio20=0.701|lend_to_v=0.476|rev_yoy=0.370|o_turn=0.945|o_log_mcap=0.837|o_lu_follow=0.806,"官方日成交結構(MI_INDEX/dailyQuotes)=1|發行股數(MI_QFIIS/dailyQuotes)=1|外資持股(MI_QFIIS,僅上市)=1|自營商(T86/上櫃三大法人)=1|當沖(TWTB4U/上櫃intraday)=1|季財報(MOPS t163sb04)=1|月營收(MOPS/openapi)=1|官方產業別(MOPS t05st03)=1|融資券(MI_MARGN)=1|借券(TWT93U)=1|法人(T86)=1",856,inf,250.0,official_prepanel,10500.2,210.0,0.0,0.0,1,0,0.0,18.44,47.163,22105.0,0,未扣成本·事後欄位以 m_ 標示·非投資建議
HC,1,2026-01-22,2026-01-23,4534,慶騰,TPEx,R,R_core,fCD,R0_combo@5,49,71,漏網,94,0.396191,4.0,atr14=0.790|n_lu_250=0.911|r20=0.946|c_ma120=0.827|vr20=0.842|days_since_lu=0.045|dt_ratio20=NaN|lend_to_v=0.016|rev_yoy=0.707|o_turn=0.724|o_log_mcap=0.040|o_lu_follow=0.784,"官方日成交結構(MI_INDEX/dailyQuotes)=1|發行股數(MI_QFIIS/dailyQuotes)=1|外資持股(MI_QFIIS,僅上市)=0|自營商(T86/上櫃三大法人)=1|當沖(TWTB4U/上櫃intraday)=0|季財報(MOPS t163sb04)=1|月營收(MOPS/openapi)=1|官方產業別(MOPS t05st03)=1|融資券(MI_MARGN)=1|借券(TWT93U)=1|法人(T86)=1",857,inf,250.0,official_prepanel,849.9,16.0,0.0,3.0,1,0,0.0,14.713,2.529,1714.0,0,未扣成本·事後欄位以 m_ 標示·非投資建議
HC,1,2026-01-22,2026-01-23,5291,邑昇,TPEx,R,R_core,fCD,R0_combo@5,44,71,漏網,134,0.440147,4.0,atr14=0.997|n_lu_250=0.550|r20=0.943|c_ma120=0.894|vr20=0.105|days_since_lu=0.142|dt_ratio20=NaN|lend_to_v=0.040|rev_yoy=0.515|o_turn=0.734|o_log_mcap=0.021|o_lu_follow=0.983,"官方日成交結構(MI_INDEX/dailyQuotes)=1|發行股數(MI_QFIIS/dailyQuotes)=1|外資持股(MI_QFIIS,僅上市)=0|自營商(T86/上櫃三大法人)=1|當沖(TWTB4U/上櫃intraday)=1|季財報(MOPS t163sb04)=1|月營收(MOPS/openapi)=1|官方產業別(MOPS t05st03)=1|融資券(MI_MARGN)=1|借券(TWT93U)=1|法人(T86)=1",857,inf,250.0,official_prepanel,1569.85,31.0,0.0,0.0,0,1,8.475,4.52,4.52,2424.0,0,未扣成本·事後欄位以 m_ 標示·非投資建議
HC,1,2026-01-29,2026-01-30,3049,精金,TWSE,R,R_relax,fP10|fCD,R0_combo@5,20,79,漏網,51,0.672468,4.0,atr14=0.996|n_lu_250=0.857|r20=0.966|c_ma120=0.839|vr20=0.302|days_since_lu=0.093|dt_ratio20=NaN|lend_to_v=0.016|rev_yoy=0.613|o_turn=0.630|o_log_mcap=0.341|o_lu_follow=0.932,"官方日成交結構(MI_INDEX/dailyQuotes)=1|發行股數(MI_QFIIS/dailyQuotes)=1|外資持股(MI_QFIIS,僅上市)=1|自營商(T86/上櫃三大法人)=1|當沖(TWTB4U/上櫃intraday)=0|季財報(MOPS t163sb04)=1|月營收(MOPS/openapi)=1|官方產業別(MOPS t05st03)=1|融資券(MI_MARGN)=1|借券(TWT93U)=1|法人(T86)=1",862,inf,250.0,official_prepanel,13871.1,277.0,0.0,2.0,0,1,9.953,10.308,13.744,11965.0,0,未扣成本·事後欄位以 m_ 標示·非投資建議
HC,1,2026-02-02,2026-02-03,2367,燿華,TWSE,R,R_core,fCD,R0_combo@5,14,71,漏網,42,0.72007,4.0,atr14=0.925|n_lu_250=0.758|r20=0.998|c_ma120=0.986|vr20=0.803|days_since_lu=0.062|dt_ratio20=0.987|lend_to_v=0.150|rev_yoy=0.175|o_turn=0.998|o_log_mcap=0.756|o_lu_follow=0.659,"官方日成交結構(MI_INDEX/dailyQuotes)=1|發行股數(MI_QFIIS/dailyQuotes)=1|外資持股(MI_QFIIS,僅上市)=1|自營商(T86/上櫃三大法人)=1|當沖(TWTB4U/上櫃intraday)=1|季財報(MOPS t163sb04)=1|月營收(MOPS/openapi)=1|官方產業別(MOPS t05st03)=1|融資券(MI_MARGN)=1|借券(TWT93U)=1|法人(T86)=1",864,inf,250.0,official_prepanel,133665.55,2673.0,0.0,4.0,0,1,5.458,4.288,14.425,148901.0,0,未扣成本·事後欄位以 m_ 標示·非投資建議
HC,1,2026-02-02,2026-02-03,5475,德宏,TPEx,R,R_core,fCD,R0_combo@5,6,71,漏網,12,0.785211,4.0,atr14=0.907|n_lu_250=0.999|r20=0.960|c_ma120=0.985|vr20=0.264|days_since_lu=0.153|dt_ratio20=NaN|lend_to_v=0.016|rev_yoy=0.878|o_turn=0.818|o_log_mcap=0.588|o_lu_follow=0.976,"官方日成交結構(MI_INDEX/dailyQuotes)=1|發行股數(MI_QFIIS/dailyQuotes)=1|外資持股(MI_QFIIS,僅上市)=0|自營商(T86/上櫃三大法人)=1|當沖(TWTB4U/上櫃intraday)=0|季財報(MOPS t163sb04)=1|月營收(MOPS/openapi)=1|官方產業別(MOPS t05st03)=1|融資券(MI_MARGN)=1|借券(TWT93U)=1|法人(T86)=1",864,inf,250.0,official_prepanel,4496.6,44.0,1.0,0.0,0,1,4.237,19.492,83.051,3125.0,1,未扣成本·事後欄位以 m_ 標示·非投資建議
HC,1,2026-02-03,2026-02-04,3234,光環,TPEx,R,R_core,fCD,R0_combo@5,13,56,漏網,21,0.667411,4.0,atr14=0.952|n_lu_250=0.930|r20=0.936|c_ma120=0.950|vr20=0.589|days_since_lu=0.048|dt_ratio20=NaN|lend_to_v=0.015|rev_yoy=0.684|o_turn=0.886|o_log_mcap=0.324|o_lu_follow=0.684,"官方日成交結構(MI_INDEX/dailyQuotes)=1|發行股數(MI_QFIIS/dailyQuotes)=1|外資持股(MI_QFIIS,僅上市)=0|自營商(T86/上櫃三大法人)=1|當沖(TWTB4U/上櫃intraday)=0|季財報(MOPS t163sb04)=1|月營收(MOPS/openapi)=1|官方產業別(MOPS t05st03)=1|融資券(MI_MARGN)=1|借券(TWT93U)=1|法人(T86)=1",865,inf,250.0,official_prepanel,4483.05,89.0,0.0,1.0,0,1,9.982,37.931,74.229,3123.0,0,未扣成本·事後欄位以 m_ 標示·非投資建議
HC,1,2026-02-05,2026-02-06,5386,青雲,TPEx,R,R_core,fCD,R0_combo@5,34,56,漏網,118,0.456088,4.0,atr14=0.747|n_lu_250=0.622|r20=0.983|c_ma120=0.969|vr20=0.933|days_since_lu=0.036|dt_ratio20=NaN|lend_to_v=0.104|rev_yoy=0.896|o_turn=0.984|o_log_mcap=0.218|o_lu_follow=0.951,"官方日成交結構(MI_INDEX/dailyQuotes)=1|發行股數(MI_QFIIS/dailyQuotes)=1|外資持股(MI_QFIIS,僅上市)=0|自營商(T86/上櫃三大法人)=1|當沖(TWTB4U/上櫃intraday)=1|季財報(MOPS t163sb04)=1|月營收(MOPS/openapi)=1|官方產業別(MOPS t05st03)=1|融資券(MI_MARGN)=1|借券(TWT93U)=1|法人(T86)=1",867,inf,250.0,official_prepanel,2612.5,52.0,0.0,2.0,1,0,0.0,42.857,63.265,6363.0,0,未扣成本·事後欄位以 m_ 標示·非投資建議
HC,1,2026-02-09,2026-02-10,6291,沛亨,TPEx,R,R_core,fCD,R0_combo@5,16,51,漏網,21,0.665866,4.0,atr14=0.914|n_lu_250=0.984|r20=0.970|c_ma120=0.950|vr20=0.968|days_since_lu=0.072|dt_ratio20=NaN|lend_to_v=0.110|rev_yoy=0.866|o_turn=0.955|o_log_mcap=0.459|o_lu_follow=0.922,"官方日成交結構(MI_INDEX/dailyQuotes)=1|發行股數(MI_QFIIS/dailyQuotes)=1|外資持股(MI_QFIIS,僅上市)=0|自營商(T86/上櫃三大法人)=1|當沖(TWTB4U/上櫃intraday)=1|季財報(MOPS t163sb04)=1|月營收(MOPS/openapi)=1|官方產業別(MOPS t05st03)=1|融資券(MI_MARGN)=1|借券(TWT93U)=1|法人(T86)=1",869,inf,250.0,official_prepanel,1045.6,20.0,0.0,0.0,0,1,4.357,12.241,12.656,1514.0,0,未扣成本·事後欄位以 m_ 標示·非投資建議
HC,1,2026-02-09,2026-02-10,6588,東典光電,TPEx,R,R_core,fCD,R0_combo@5,6,51,漏網,12,0.797019,4.0,atr14=0.903|n_lu_250=0.939|r20=0.996|c_ma120=0.998|vr20=0.351|days_since_lu=0.025|dt_ratio20=NaN|lend_to_v=0.040|rev_yoy=0.678|o_turn=0.927|o_log_mcap=0.118|o_lu_follow=0.916,"官方日成交結構(MI_INDEX/dailyQuotes)=1|發行股數(MI_QFIIS/dailyQuotes)=1|外資持股(MI_QFIIS,僅上市)=0|自營商(T86/上櫃三大法人)=1|當沖(TWTB4U/上櫃intraday)=0|季財報(MOPS t163sb04)=1|月營收(MOPS/openapi)=1|官方產業別(MOPS t05st03)=1|融資券(MI_MARGN)=1|借券(TWT93U)=1|法人(T86)=1",869,inf,250.0,official_prepanel,2878.35,28.0,1.0,3.0,1,0,0.0,23.515,0.95,1956.0,1,未扣成本·事後欄位以 m_ 標示·非投資建議
HC,1,2026-02-09,2026-02-10,6716,應廣,TPEx,R,R_core,fCD,R0_combo@5,34,51,漏網,76,0.445528,4.0,atr14=0.894|n_lu_250=0.697|r20=0.979|c_ma120=0.897|vr20=0.987|days_since_lu=0.121|dt_ratio20=NaN|lend_to_v=0.162|rev_yoy=0.220|o_turn=0.929|o_log_mcap=0.056|o_lu_follow=0.699,"官方日成交結構(MI_INDEX/dailyQuotes)=1|發行股數(MI_QFIIS/dailyQuotes)=1|外資持股(MI_QFIIS,僅上市)=0|自營商(T86/上櫃三大法人)=1|當沖(TWTB4U/上櫃intraday)=1|季財報(MOPS t163sb04)=1|月營收(MOPS/openapi)=1|官方產業別(MOPS t05st03)=1|融資券(MI_MARGN)=1|借券(TWT93U)=1|法人(T86)=1",869,inf,250.0,official_prepanel,382.85,7.0,0.0,1.0,0,1,7.419,48.71,34.194,1674.0,0,未扣成本·事後欄位以 m_ 標示·非投資建議
HC,1,2026-02-10,2026-02-11,3529,力旺,TPEx,R,R_core,fCD,R0_combo@5,38,46,漏網,296,0.307189,4.0,atr14=0.881|n_lu_250=0.842|r20=0.832|c_ma120=0.178|vr20=0.801|days_since_lu=0.106|dt_ratio20=NaN|lend_to_v=0.574|rev_yoy=0.057|o_turn=0.870|o_log_mcap=0.903|o_lu_follow=0.804,"官方日成交結構(MI_INDEX/dailyQuotes)=1|發行股數(MI_QFIIS/dailyQuotes)=1|外資持股(MI_QFIIS,僅上市)=0|自營商(T86/上櫃三大法人)=1|當沖(TWTB4U/上櫃intraday)=1|季財報(MOPS t163sb04)=1|月營收(MOPS/openapi)=1|官方產業別(MOPS t05st03)=1|融資券(MI_MARGN)=1|借券(TWT93U)=1|法人(T86)=1",870,inf,250.0,official_prepanel,1561.95,31.0,0.0,1.0,0,1,9.066,39.011,31.319,2245.0,0,未扣成本·事後欄位以 m_ 標示·非投資建議
HC,1,2026-02-10,2026-02-11,5386,青雲,TPEx,R,R_core,fCD,R0_combo@5,20,46,漏網,75,0.579545,4.0,atr14=0.734|n_lu_250=0.751|r20=0.999|c_ma120=0.998|vr20=0.988|days_since_lu=0.012|dt_ratio20=NaN|lend_to_v=0.067|rev_yoy=0.897|o_turn=1.000|o_log_mcap=0.296|o_lu_follow=0.972,"官方日成交結構(MI_INDEX/dailyQuotes)=1|發行股數(MI_QFIIS/dailyQuotes)=1|外資持股(MI_QFIIS,僅上市)=0|自營商(T86/上櫃三大法人)=1|當沖(TWTB4U/上櫃intraday)=1|季財報(MOPS t163sb04)=1|月營收(MOPS/openapi)=1|官方產業別(MOPS t05st03)=1|融資券(MI_MARGN)=1|借券(TWT93U)=1|法人(T86)=1",870,inf,250.0,official_prepanel,4102.15,82.0,0.0,4.0,0,1,11.538,49.65,81.818,1961.0,1,未扣成本·事後欄位以 m_ 標示·非投資建議
HC,1,2026-02-11,2026-02-23,3163,波若威,TPEx,R,R_core,fCD,R0_combo@5,8,37,漏網,20,0.742746,4.0,atr14=0.814|n_lu_250=0.946|r20=0.996|c_ma120=0.998|vr20=0.116|days_since_lu=0.026|dt_ratio20=NaN|lend_to_v=0.065|rev_yoy=0.796|o_turn=0.859|o_log_mcap=0.807|o_lu_follow=0.636,"官方日成交結構(MI_INDEX/dailyQuotes)=1|發行股數(MI_QFIIS/dailyQuotes)=1|外資持股(MI_QFIIS,僅上市)=0|自營商(T86/上櫃三大法人)=1|當沖(TWTB4U/上櫃intraday)=0|季財報(MOPS t163sb04)=1|月營收(MOPS/openapi)=1|官方產業別(MOPS t05st03)=1|融資券(MI_MARGN)=1|借券(TWT93U)=1|法人(T86)=1",871,inf,250.0,official_prepanel,5769.35,57.0,1.0,2.0,0,1,1.094,26.25,1.719,1014.0,1,未扣成本·事後欄位以 m_ 標示·非投資建議
HC,1,2026-02-11,2026-02-23,6244,茂迪,TPEx,R,R_core,fCD,R0_combo@5,17,37,漏網,42,0.560303,4.0,atr14=0.951|n_lu_250=0.896|r20=0.871|c_ma120=0.941|vr20=0.683|days_since_lu=0.046|dt_ratio20=NaN|lend_to_v=0.351|rev_yoy=0.303|o_turn=0.963|o_log_mcap=0.466|o_lu_follow=0.941,"官方日成交結構(MI_INDEX/dailyQuotes)=1|發行股數(MI_QFIIS/dailyQuotes)=1|外資持股(MI_QFIIS,僅上市)=0|自營商(T86/上櫃三大法人)=1|當沖(TWTB4U/上櫃intraday)=1|季財報(MOPS t163sb04)=1|月營收(MOPS/openapi)=1|官方產業別(MOPS t05st03)=1|融資券(MI_MARGN)=1|借券(TWT93U)=1|法人(T86)=1",871,inf,250.0,official_prepanel,21896.0,437.0,0.0,1.0,0,1,8.721,40.698,19.961,39821.0,0,未扣成本·事後欄位以 m_ 標示·非投資建議
HC,1,2026-02-11,2026-02-23,6451,訊芯-KY,TWSE,R,R_core,fCD,R0_combo@5,26,37,漏網,112,0.411268,4.0,atr14=0.967|n_lu_250=0.679|r20=0.889|c_ma120=0.687|vr20=0.699|days_since_lu=0.064|dt_ratio20=0.901|lend_to_v=0.267|rev_yoy=0.482|o_turn=0.926|o_log_mcap=0.635|o_lu_follow=0.689,"官方日成交結構(MI_INDEX/dailyQuotes)=1|發行股數(MI_QFIIS/dailyQuotes)=1|外資持股(MI_QFIIS,僅上市)=1|自營商(T86/上櫃三大法人)=1|當沖(TWTB4U/上櫃intraday)=1|季財報(MOPS t163sb04)=1|月營收(MOPS/openapi)=1|官方產業別(MOPS t05st03)=1|融資券(MI_MARGN)=1|借券(TWT93U)=1|法人(T86)=1",871,inf,250.0,official_prepanel,3827.3,76.0,0.0,1.0,0,1,7.988,21.006,1.183,2800.0,0,未扣成本·事後欄位以 m_ 標示·非投資建議
HC,1,2026-02-23,2026-02-24,3308,聯德,TWSE,R,R_core,fCD,R0_combo@5,23,29,漏網,223,0.33777,4.0,atr14=0.972|n_lu_250=0.818|r20=0.252|c_ma120=0.878|vr20=0.330|days_since_lu=0.028|dt_ratio20=0.419|lend_to_v=0.122|rev_yoy=0.219|o_turn=0.419|o_log_mcap=0.026|o_lu_follow=0.948,"官方日成交結構(MI_INDEX/dailyQuotes)=1|發行股數(MI_QFIIS/dailyQuotes)=1|外資持股(MI_QFIIS,僅上市)=1|自營商(T86/上櫃三大法人)=1|當沖(TWTB4U/上櫃intraday)=1|季財報(MOPS t163sb04)=1|月營收(MOPS/openapi)=1|官方產業別(MOPS t05st03)=1|融資券(MI_MARGN)=1|借券(TWT93U)=1|法人(T86)=1",872,inf,250.0,official_prepanel,494.85,9.0,0.0,0.0,0,1,8.837,10.93,6.047,412.0,0,未扣成本·事後欄位以 m_ 標示·非投資建議
HC,1,2026-02-24,2026-02-25,6830,汎銓,TWSE,R,R_core,fCD,R0_combo@5,19,24,漏網,62,0.396351,4.0,atr14=0.914|n_lu_250=0.694|r20=0.970|c_ma120=0.938|vr20=0.922|days_since_lu=0.056|dt_ratio20=0.879|lend_to_v=0.135|rev_yoy=0.613|o_turn=0.985|o_log_mcap=0.523|o_lu_follow=0.696,"官方日成交結構(MI_INDEX/dailyQuotes)=1|發行股數(MI_QFIIS/dailyQuotes)=1|外資持股(MI_QFIIS,僅上市)=1|自營商(T86/上櫃三大法人)=1|當沖(TWTB4U/上櫃intraday)=1|季財報(MOPS t163sb04)=1|月營收(MOPS/openapi)=1|官方產業別(MOPS t05st03)=1|融資券(MI_MARGN)=1|借券(TWT93U)=1|法人(T86)=1",841,841.0,250.0,official,2806.7,56.0,0.0,1.0,0,1,3.8,31.6,57.2,2838.0,0,未扣成本·事後欄位以 m_ 標示·非投資建議
HC,1,2026-02-25,2026-02-26,2367,燿華,TWSE,R,R_core,fCD,R0_combo@5,7,43,漏網,16,0.768369,4.0,atr14=0.993|n_lu_250=0.881|r20=0.992|c_ma120=0.990|vr20=0.865|days_since_lu=0.007|dt_ratio20=0.995|lend_to_v=0.115|rev_yoy=0.351|o_turn=1.000|o_log_mcap=0.776|o_lu_follow=0.798,"官方日成交結構(MI_INDEX/dailyQuotes)=1|發行股數(MI_QFIIS/dailyQuotes)=1|外資持股(MI_QFIIS,僅上市)=1|自營商(T86/上櫃三大法人)=1|當沖(TWTB4U/上櫃intraday)=1|季財報(MOPS t163sb04)=1|月營收(MOPS/openapi)=1|官方產業別(MOPS t05st03)=1|融資券(MI_MARGN)=1|借券(TWT93U)=1|法人(T86)=1",874,inf,250.0,official_prepanel,148074.7,2961.0,0.0,3.0,0,1,8.403,17.479,22.689,151157.0,0,未扣成本·事後欄位以 m_ 標示·非投資建議
HC,1,2026-02-25,2026-02-26,3049,精金,TWSE,R,R_relax,fP10|fCD,R0_combo@5,27,43,漏網,43,0.458929,4.0,atr14=0.949|n_lu_250=0.905|r20=0.898|c_ma120=0.921|vr20=0.097|days_since_lu=0.123|dt_ratio20=NaN|lend_to_v=0.018|rev_yoy=0.804|o_turn=0.501|o_log_mcap=0.371|o_lu_follow=0.953,"官方日成交結構(MI_INDEX/dailyQuotes)=1|發行股數(MI_QFIIS/dailyQuotes)=1|外資持股(MI_QFIIS,僅上市)=1|自營商(T86/上櫃三大法人)=1|當沖(TWTB4U/上櫃intraday)=0|季財報(MOPS t163sb04)=1|月營收(MOPS/openapi)=1|官方產業別(MOPS t05st03)=1|融資券(MI_MARGN)=1|借券(TWT93U)=1|法人(T86)=1",874,inf,250.0,official_prepanel,13337.15,266.0,0.0,0.0,0,1,8.333,40.625,35.417,16557.0,0,未扣成本·事後欄位以 m_ 標示·非投資建議
HC,1,2026-02-25,2026-02-26,3138,耀登,TWSE,R,R_core,fCD,R0_combo@5,19,43,漏網,53,0.543556,4.0,atr14=0.997|n_lu_250=0.820|r20=0.839|c_ma120=0.975|vr20=0.848|days_since_lu=0.098|dt_ratio20=NaN|lend_to_v=0.095|rev_yoy=0.428|o_turn=0.989|o_log_mcap=0.424|o_lu_follow=0.955,"官方日成交結構(MI_INDEX/dailyQuotes)=1|發行股數(MI_QFIIS/dailyQuotes)=1|外資持股(MI_QFIIS,僅上市)=1|自營商(T86/上櫃三大法人)=1|當沖(TWTB4U/上櫃intraday)=1|季財報(MOPS t163sb04)=1|月營收(MOPS/openapi)=1|官方產業別(MOPS t05st03)=1|融資券(MI_MARGN)=1|借券(TWT93U)=1|法人(T86)=1",874,inf,250.0,official_prepanel,4482.7,89.0,0.0,1.0,0,1,10.615,1.955,3.352,7632.0,0,未扣成本·事後欄位以 m_ 標示·非投資建議
HC,1,2026-02-25,2026-02-26,8289,泰藝,TPEx,R,R_core,fCD,R0_combo@5,25,43,漏網,56,0.46285,4.0,atr14=0.946|n_lu_250=0.763|r20=0.960|c_ma120=0.955|vr20=0.985|days_since_lu=0.098|dt_ratio20=NaN|lend_to_v=0.173|rev_yoy=0.530|o_turn=0.969|o_log_mcap=0.077|o_lu_follow=0.887,"官方日成交結構(MI_INDEX/dailyQuotes)=1|發行股數(MI_QFIIS/dailyQuotes)=1|外資持股(MI_QFIIS,僅上市)=0|自營商(T86/上櫃三大法人)=1|當沖(TWTB4U/上櫃intraday)=1|季財報(MOPS t163sb04)=1|月營收(MOPS/openapi)=1|官方產業別(MOPS t05st03)=1|融資券(MI_MARGN)=1|借券(TWT93U)=1|法人(T86)=1",874,inf,250.0,official_prepanel,1491.5,29.0,0.0,0.0,0,1,4.911,8.631,0.0,4852.0,0,未扣成本·事後欄位以 m_ 標示·非投資建議
HC,1,2026-02-26,2026-03-02,3701,大眾控,TWSE,R,R_core,fCD,R0_combo@5,37,52,漏網,98,0.390826,4.0,atr14=0.952|n_lu_250=0.909|r20=0.628|c_ma120=0.938|vr20=0.613|days_since_lu=0.027|dt_ratio20=0.938|lend_to_v=0.118|rev_yoy=0.083|o_turn=0.888|o_log_mcap=0.559|o_lu_follow=0.953,"官方日成交結構(MI_INDEX/dailyQuotes)=1|發行股數(MI_QFIIS/dailyQuotes)=1|外資持股(MI_QFIIS,僅上市)=1|自營商(T86/上櫃三大法人)=1|當沖(TWTB4U/上櫃intraday)=1|季財報(MOPS t163sb04)=1|月營收(MOPS/openapi)=1|官方產業別(MOPS t05st03)=1|融資券(MI_MARGN)=1|借券(TWT93U)=1|法人(T86)=1",875,inf,250.0,official_prepanel,7060.65,141.0,0.0,0.0,0,1,13.908,2.641,10.387,17069.0,0,未扣成本·事後欄位以 m_ 標示·非投資建議
HC,1,2026-02-26,2026-03-02,6152,百一,TWSE,R,R_core,fCD,R0_combo@5,26,52,漏網,37,0.522236,4.0,atr14=0.916|n_lu_250=0.909|r20=0.965|c_ma120=0.982|vr20=0.916|days_since_lu=0.011|dt_ratio20=NaN|lend_to_v=0.016|rev_yoy=0.736|o_turn=0.979|o_log_mcap=0.145|o_lu_follow=0.882,"官方日成交結構(MI_INDEX/dailyQuotes)=1|發行股數(MI_QFIIS/dailyQuotes)=1|外資持股(MI_QFIIS,僅上市)=1|自營商(T86/上櫃三大法人)=1|當沖(TWTB4U/上櫃intraday)=0|季財報(MOPS t163sb04)=1|月營收(MOPS/openapi)=1|官方產業別(MOPS t05st03)=1|融資券(MI_MARGN)=1|借券(TWT93U)=1|法人(T86)=1",875,inf,250.0,official_prepanel,5884.95,117.0,0.0,0.0,0,1,17.251,18.421,11.696,14821.0,0,未扣成本·事後欄位以 m_ 標示·非投資建議
HC,1,2026-03-04,2026-03-05,5386,青雲,TPEx,R,R_core,fCD,R0_combo@5,13,89,漏網,35,0.741688,4.0,atr14=0.927|n_lu_250=0.905|r20=1.000|c_ma120=1.000|vr20=0.004|days_since_lu=0.063|dt_ratio20=NaN|lend_to_v=0.051|rev_yoy=0.973|o_turn=0.886|o_log_mcap=0.384|o_lu_follow=1.000,"官方日成交結構(MI_INDEX/dailyQuotes)=1|發行股數(MI_QFIIS/dailyQuotes)=1|外資持股(MI_QFIIS,僅上市)=0|自營商(T86/上櫃三大法人)=1|當沖(TWTB4U/上櫃intraday)=0|季財報(MOPS t163sb04)=1|月營收(MOPS/openapi)=1|官方產業別(MOPS t05st03)=1|融資券(MI_MARGN)=1|借券(TWT93U)=1|法人(T86)=1",878,inf,250.0,official_prepanel,3996.35,39.0,1.0,4.0,1,0,0.0,34.884,76.321,218.0,1,未扣成本·事後欄位以 m_ 標示·非投資建議
HC,1,2026-03-04,2026-03-05,6217,中探針,TPEx,R,R_core,fCD,R0_combo@5,15,89,漏網,26,0.717745,4.0,atr14=0.889|n_lu_250=0.987|r20=0.993|c_ma120=0.991|vr20=0.026|days_since_lu=0.021|dt_ratio20=NaN|lend_to_v=0.052|rev_yoy=0.823|o_turn=0.946|o_log_mcap=0.492|o_lu_follow=0.874,"官方日成交結構(MI_INDEX/dailyQuotes)=1|發行股數(MI_QFIIS/dailyQuotes)=1|外資持股(MI_QFIIS,僅上市)=0|自營商(T86/上櫃三大法人)=1|當沖(TWTB4U/上櫃intraday)=0|季財報(MOPS t163sb04)=1|月營收(MOPS/openapi)=1|官方產業別(MOPS t05st03)=1|融資券(MI_MARGN)=1|借券(TWT93U)=1|法人(T86)=1",878,inf,250.0,official_prepanel,14322.15,143.0,1.0,5.0,0,1,1.0,13.0,67.0,5724.0,1,未扣成本·事後欄位以 m_ 標示·非投資建議
HC,1,2026-03-04,2026-03-05,6830,汎銓,TWSE,R,R_core,fCD,R0_combo@5,30,89,漏網,58,0.620242,4.0,atr14=0.913|n_lu_250=0.856|r20=1.000|c_ma120=0.995|vr20=0.911|days_since_lu=0.021|dt_ratio20=0.926|lend_to_v=0.099|rev_yoy=0.623|o_turn=0.995|o_log_mcap=0.626|o_lu_follow=0.942,"官方日成交結構(MI_INDEX/dailyQuotes)=1|發行股數(MI_QFIIS/dailyQuotes)=1|外資持股(MI_QFIIS,僅上市)=1|自營商(T86/上櫃三大法人)=1|當沖(TWTB4U/上櫃intraday)=1|季財報(MOPS t163sb04)=1|月營收(MOPS/openapi)=1|官方產業別(MOPS t05st03)=1|融資券(MI_MARGN)=1|借券(TWT93U)=1|法人(T86)=1",846,846.0,250.0,official,4149.55,82.0,0.0,2.0,0,1,7.91,17.313,14.776,2438.0,1,未扣成本·事後欄位以 m_ 標示·非投資建議
HC,1,2026-03-09,2026-03-10,2360,致茂,TWSE,R,R_core,fCD,R0_combo@5,46,88,漏網,66,0.474889,4.0,atr14=0.943|n_lu_250=0.765|r20=0.979|c_ma120=0.985|vr20=0.473|days_since_lu=0.072|dt_ratio20=0.390|lend_to_v=0.294|rev_yoy=0.862|o_turn=0.516|o_log_mcap=0.976|o_lu_follow=0.679,"官方日成交結構(MI_INDEX/dailyQuotes)=1|發行股數(MI_QFIIS/dailyQuotes)=1|外資持股(MI_QFIIS,僅上市)=1|自營商(T86/上櫃三大法人)=1|當沖(TWTB4U/上櫃intraday)=0|季財報(MOPS t163sb04)=1|月營收(MOPS/openapi)=1|官方產業別(MOPS t05st03)=1|融資券(MI_MARGN)=1|借券(TWT93U)=1|法人(T86)=1",881,inf,250.0,official_prepanel,3330.85,33.0,1.0,2.0,0,1,3.422,10.266,15.589,2795.0,1,未扣成本·事後欄位以 m_ 標示·非投資建議
HC,1,2026-03-09,2026-03-10,6683,雍智科技,TPEx,R,R_core,fCD,R0_combo@5,21,88,漏網,36,0.67594,4.0,atr14=0.938|n_lu_250=0.878|r20=1.000|c_ma120=0.998|vr20=0.964|days_since_lu=0.011|dt_ratio20=NaN|lend_to_v=0.145|rev_yoy=0.786|o_turn=0.996|o_log_mcap=0.697|o_lu_follow=0.923,"官方日成交結構(MI_INDEX/dailyQuotes)=1|發行股數(MI_QFIIS/dailyQuotes)=1|外資持股(MI_QFIIS,僅上市)=0|自營商(T86/上櫃三大法人)=1|當沖(TWTB4U/上櫃intraday)=1|季財報(MOPS t163sb04)=1|月營收(MOPS/openapi)=1|官方產業別(MOPS t05st03)=1|融資券(MI_MARGN)=1|借券(TWT93U)=1|法人(T86)=1",881,inf,250.0,official_prepanel,994.8,19.0,0.0,1.0,1,0,0.0,14.604,17.647,414.0,0,未扣成本·事後欄位以 m_ 標示·非投資建議
HC,1,2026-03-09,2026-03-10,6861,睿生光電,TWSE,R,R_core,fCD,R0_combo@5,12,88,漏網,25,0.743469,4.0,atr14=0.917|n_lu_250=0.948|r20=1.000|c_ma120=0.999|vr20=0.095|days_since_lu=0.058|dt_ratio20=NaN|lend_to_v=0.052|rev_yoy=0.777|o_turn=0.777|o_log_mcap=0.300|o_lu_follow=0.992,"官方日成交結構(MI_INDEX/dailyQuotes)=1|發行股數(MI_QFIIS/dailyQuotes)=1|外資持股(MI_QFIIS,僅上市)=1|自營商(T86/上櫃三大法人)=1|當沖(TWTB4U/上櫃intraday)=0|季財報(MOPS t163sb04)=1|月營收(MOPS/openapi)=1|官方產業別(MOPS t05st03)=1|融資券(MI_MARGN)=1|借券(TWT93U)=1|法人(T86)=1",714,714.0,250.0,official,1479.65,14.0,1.0,5.0,0,1,0.337,5.387,-5.387,564.0,1,未扣成本·事後欄位以 m_ 標示·非投資建議
HC,1,2026-03-09,2026-03-10,7751,竑騰,TPEx,R,R_core,fCD,R0_combo@5,13,88,漏網,13,0.727273,3.0,atr14=0.957|n_lu_250=0.920|r20=0.989|c_ma120=0.993|vr20=0.047|days_since_lu=0.037|dt_ratio20=NaN|lend_to_v=0.042|rev_yoy=0.871|o_turn=0.457|o_log_mcap=0.725|o_lu_follow=0.873,"官方日成交結構(MI_INDEX/dailyQuotes)=1|發行股數(MI_QFIIS/dailyQuotes)=1|外資持股(MI_QFIIS,僅上市)=0|自營商(T86/上櫃三大法人)=1|當沖(TWTB4U/上櫃intraday)=0|季財報(MOPS t163sb04)=1|月營收(MOPS/openapi)=1|官方產業別(MOPS t05st03)=1|融資券(MI_MARGN)=0|借券(TWT93U)=1|法人(T86)=1",126,126.0,126.0,official,518.95,5.0,1.0,1.0,1,0,0.0,18.143,31.224,180.0,1,未扣成本·事後欄位以 m_ 標示·非投資建議
HC,1,2026-03-09,2026-03-10,8039,台虹,TWSE,R,R_core,fCD,R0_combo@5,64,88,漏網,77,0.356061,4.0,atr14=0.917|n_lu_250=0.852|r20=0.912|c_ma120=0.943|vr20=0.675|days_since_lu=0.072|dt_ratio20=0.988|lend_to_v=0.124|rev_yoy=0.531|o_turn=0.988|o_log_mcap=0.698|o_lu_follow=0.944,"官方日成交結構(MI_INDEX/dailyQuotes)=1|發行股數(MI_QFIIS/dailyQuotes)=1|外資持股(MI_QFIIS,僅上市)=1|自營商(T86/上櫃三大法人)=1|當沖(TWTB4U/上櫃intraday)=1|季財報(MOPS t163sb04)=1|月營收(MOPS/openapi)=1|官方產業別(MOPS t05st03)=1|融資券(MI_MARGN)=1|借券(TWT93U)=1|法人(T86)=1",881,inf,250.0,official_prepanel,15793.35,315.0,0.0,2.0,0,1,6.0,22.5,9.5,30438.0,0,未扣成本·事後欄位以 m_ 標示·非投資建議
HC,1,2026-03-10,2026-03-11,2426,鼎元,TWSE,R,R_core,fCD,R0_combo@5,54,88,漏網,131,0.420455,4.0,atr14=0.597|n_lu_250=0.655|r20=0.994|c_ma120=0.981|vr20=1.000|days_since_lu=0.001|dt_ratio20=0.986|lend_to_v=0.256|rev_yoy=0.251|o_turn=0.999|o_log_mcap=0.358|o_lu_follow=0.966,"官方日成交結構(MI_INDEX/dailyQuotes)=1|發行股數(MI_QFIIS/dailyQuotes)=1|外資持股(MI_QFIIS,僅上市)=1|自營商(T86/上櫃三大法人)=1|當沖(TWTB4U/上櫃intraday)=1|季財報(MOPS t163sb04)=1|月營收(MOPS/openapi)=1|官方產業別(MOPS t05st03)=1|融資券(MI_MARGN)=1|借券(TWT93U)=1|法人(T86)=1",882,inf,250.0,official_prepanel,7055.3,141.0,0.0,1.0,0,1,6.238,39.13,24.575,13036.0,0,未扣成本·事後欄位以 m_ 標示·非投資建議
HC,1,2026-03-10,2026-03-11,2485,兆赫,TWSE,R,R_core,fCD,R0_combo@5,6,88,漏網,5,0.821023,4.0,atr14=0.988|n_lu_250=0.986|r20=0.983|c_ma120=1.000|vr20=0.955|days_since_lu=0.011|dt_ratio20=0.998|lend_to_v=0.049|rev_yoy=0.938|o_turn=1.000|o_log_mcap=0.600|o_lu_follow=0.951,"官方日成交結構(MI_INDEX/dailyQuotes)=1|發行股數(MI_QFIIS/dailyQuotes)=1|外資持股(MI_QFIIS,僅上市)=1|自營商(T86/上櫃三大法人)=1|當沖(TWTB4U/上櫃intraday)=1|季財報(MOPS t163sb04)=1|月營收(MOPS/openapi)=1|官方產業別(MOPS t05st03)=1|融資券(MI_MARGN)=1|借券(TWT93U)=1|法人(T86)=1",882,inf,250.0,official_prepanel,74790.15,1495.0,0.0,2.0,0,1,6.757,44.788,45.174,81000.0,0,未扣成本·事後欄位以 m_ 標示·非投資建議
HC,1,2026-03-10,2026-03-11,3675,德微,TPEx,R,R_core,fCD,R0_combo@5,80,88,漏網,103,0.224432,4.0,atr14=0.837|n_lu_250=0.830|r20=0.889|c_ma120=0.870|vr20=0.491|days_since_lu=0.123|dt_ratio20=NaN|lend_to_v=0.409|rev_yoy=0.411|o_turn=0.767|o_log_mcap=0.432|o_lu_follow=0.657,"官方日成交結構(MI_INDEX/dailyQuotes)=1|發行股數(MI_QFIIS/dailyQuotes)=1|外資持股(MI_QFIIS,僅上市)=0|自營商(T86/上櫃三大法人)=1|當沖(TWTB4U/上櫃intraday)=1|季財報(MOPS t163sb04)=1|月營收(MOPS/openapi)=1|官方產業別(MOPS t05st03)=1|融資券(MI_MARGN)=1|借券(TWT93U)=1|法人(T86)=1",882,inf,250.0,official_prepanel,956.5,19.0,0.0,0.0,0,1,9.249,20.52,16.185,1342.0,0,未扣成本·事後欄位以 m_ 標示·非投資建議
HC,1,2026-03-10,2026-03-11,4764,雙鍵,TWSE,R,R_core,fCD,R0_combo@5,25,88,漏網,24,0.649148,4.0,atr14=0.950|n_lu_250=0.995|r20=0.942|c_ma120=0.994|vr20=0.981|days_since_lu=0.011|dt_ratio20=0.953|lend_to_v=0.065|rev_yoy=0.289|o_turn=0.990|o_log_mcap=0.498|o_lu_follow=0.976,"官方日成交結構(MI_INDEX/dailyQuotes)=1|發行股數(MI_QFIIS/dailyQuotes)=1|外資持股(MI_QFIIS,僅上市)=1|自營商(T86/上櫃三大法人)=1|當沖(TWTB4U/上櫃intraday)=1|季財報(MOPS t163sb04)=1|月營收(MOPS/openapi)=1|官方產業別(MOPS t05st03)=1|融資券(MI_MARGN)=1|借券(TWT93U)=1|法人(T86)=1",882,inf,250.0,official_prepanel,3214.55,64.0,0.0,2.0,0,1,7.971,10.87,-6.522,4050.0,0,未扣成本·事後欄位以 m_ 標示·非投資建議
HC,1,2026-03-10,2026-03-11,6217,中探針,TPEx,R,R_core,fCD,R0_combo@5,10,88,漏網,11,0.78267,4.0,atr14=0.922|n_lu_250=0.995|r20=1.000|c_ma120=0.999|vr20=0.329|days_since_lu=0.011|dt_ratio20=NaN|lend_to_v=0.051|rev_yoy=0.821|o_turn=0.965|o_log_mcap=0.513|o_lu_follow=0.900,"官方日成交結構(MI_INDEX/dailyQuotes)=1|發行股數(MI_QFIIS/dailyQuotes)=1|外資持股(MI_QFIIS,僅上市)=0|自營商(T86/上櫃三大法人)=1|當沖(TWTB4U/上櫃intraday)=0|季財報(MOPS t163sb04)=1|月營收(MOPS/openapi)=1|官方產業別(MOPS t05st03)=1|融資券(MI_MARGN)=1|借券(TWT93U)=1|法人(T86)=1",882,inf,250.0,official_prepanel,10352.8,103.0,1.0,2.0,0,1,1.802,36.937,38.739,1964.0,1,未扣成本·事後欄位以 m_ 標示·非投資建議
HC,1,2026-03-11,2026-03-12,7712,博盛半導體,TPEx,R,R_core,fCD,R0_combo@5,36,56,漏網,86,0.408482,4.0,atr14=0.930|n_lu_250=0.928|r20=0.969|c_ma120=0.564|vr20=0.814|days_since_lu=0.028|dt_ratio20=NaN|lend_to_v=0.154|rev_yoy=0.493|o_turn=0.912|o_log_mcap=0.147|o_lu_follow=0.881,"官方日成交結構(MI_INDEX/dailyQuotes)=1|發行股數(MI_QFIIS/dailyQuotes)=1|外資持股(MI_QFIIS,僅上市)=0|自營商(T86/上櫃三大法人)=1|當沖(TWTB4U/上櫃intraday)=1|季財報(MOPS t163sb04)=1|月營收(MOPS/openapi)=1|官方產業別(MOPS t05st03)=1|融資券(MI_MARGN)=1|借券(TWT93U)=1|法人(T86)=1",288,288.0,250.0,official,681.1,13.0,0.0,0.0,0,1,13.043,24.155,21.739,1437.0,0,未扣成本·事後欄位以 m_ 標示·非投資建議
HC,1,2026-03-12,2026-03-13,1735,日勝化,TWSE,R,R_core,fCD,R0_combo@5,31,67,漏網,45,0.57098,4.0,atr14=0.973|n_lu_250=0.905|r20=0.959|c_ma120=0.938|vr20=0.953|days_since_lu=0.021|dt_ratio20=0.847|lend_to_v=0.191|rev_yoy=0.048|o_turn=0.911|o_log_mcap=0.053|o_lu_follow=0.889,"官方日成交結構(MI_INDEX/dailyQuotes)=1|發行股數(MI_QFIIS/dailyQuotes)=1|外資持股(MI_QFIIS,僅上市)=1|自營商(T86/上櫃三大法人)=1|當沖(TWTB4U/上櫃intraday)=1|季財報(MOPS t163sb04)=1|月營收(MOPS/openapi)=1|官方產業別(MOPS t05st03)=1|融資券(MI_MARGN)=1|借券(TWT93U)=1|法人(T86)=1",884,inf,250.0,official_prepanel,1222.45,24.0,0.0,0.0,0,1,10.465,47.442,24.651,3443.0,0,未扣成本·事後欄位以 m_ 標示·非投資建議
HC,1,2026-03-12,2026-03-13,6141,柏承,TWSE,R,R_core,fCD,R0_combo@5,37,67,漏網,88,0.518459,4.0,atr14=0.674|n_lu_250=0.883|r20=1.000|c_ma120=0.970|vr20=0.729|days_since_lu=0.089|dt_ratio20=NaN|lend_to_v=0.015|rev_yoy=0.240|o_turn=0.833|o_log_mcap=0.049|o_lu_follow=1.000,"官方日成交結構(MI_INDEX/dailyQuotes)=1|發行股數(MI_QFIIS/dailyQuotes)=1|外資持股(MI_QFIIS,僅上市)=1|自營商(T86/上櫃三大法人)=1|當沖(TWTB4U/上櫃intraday)=0|季財報(MOPS t163sb04)=1|月營收(MOPS/openapi)=1|官方產業別(MOPS t05st03)=1|融資券(MI_MARGN)=1|借券(TWT93U)=1|法人(T86)=1",884,inf,250.0,official_prepanel,1744.65,17.0,1.0,3.0,0,1,10.803,56.787,18.56,4067.0,1,未扣成本·事後欄位以 m_ 標示·非投資建議
HC,1,2026-03-12,2026-03-13,8046,南電,TWSE,R,R_core,fCD,R0_combo@5,13,67,漏網,19,0.688235,4.0,atr14=0.966|n_lu_250=0.984|r20=0.957|c_ma120=0.978|vr20=0.026|days_since_lu=0.021|dt_ratio20=NaN|lend_to_v=0.099|rev_yoy=0.692|o_turn=0.287|o_log_mcap=0.947|o_lu_follow=0.885,"官方日成交結構(MI_INDEX/dailyQuotes)=1|發行股數(MI_QFIIS/dailyQuotes)=1|外資持股(MI_QFIIS,僅上市)=1|自營商(T86/上櫃三大法人)=1|當沖(TWTB4U/上櫃intraday)=0|季財報(MOPS t163sb04)=1|月營收(MOPS/openapi)=1|官方產業別(MOPS t05st03)=1|融資券(MI_MARGN)=1|借券(TWT93U)=1|法人(T86)=1",884,inf,250.0,official_prepanel,8797.95,87.0,1.0,1.0,0,1,12.939,23.026,24.781,3385.0,1,未扣成本·事後欄位以 m_ 標示·非投資建議
HC,1,2026-03-13,2026-03-16,2243,宏旭-KY,TWSE,R,R_core,fCD,R0_combo@5,48,72,漏網,153,0.436424,4.0,atr14=0.341|n_lu_250=0.945|r20=0.981|c_ma120=0.929|vr20=0.998|days_since_lu=0.009|dt_ratio20=NaN|lend_to_v=0.016|rev_yoy=0.988|o_turn=0.957|o_log_mcap=0.005|o_lu_follow=0.952,"官方日成交結構(MI_INDEX/dailyQuotes)=1|發行股數(MI_QFIIS/dailyQuotes)=1|外資持股(MI_QFIIS,僅上市)=1|自營商(T86/上櫃三大法人)=1|當沖(TWTB4U/上櫃intraday)=0|季財報(MOPS t163sb04)=1|月營收(MOPS/openapi)=1|官方產業別(MOPS t05st03)=1|融資券(MI_MARGN)=1|借券(TWT93U)=1|法人(T86)=1",885,inf,250.0,official_prepanel,506.45,10.0,0.0,0.0,0,1,1.78,15.727,23.739,2074.0,0,未扣成本·事後欄位以 m_ 標示·非投資建議
HC,1,2026-03-13,2026-03-16,3006,晶豪科,TWSE,R,R_core,fCD,R0_combo@5,36,72,漏網,205,0.539319,4.0,atr14=0.962|n_lu_250=0.961|r20=0.324|c_ma120=0.955|vr20=0.846|days_since_lu=0.040|dt_ratio20=0.988|lend_to_v=0.055|rev_yoy=0.946|o_turn=0.986|o_log_mcap=0.777|o_lu_follow=0.721,"官方日成交結構(MI_INDEX/dailyQuotes)=1|發行股數(MI_QFIIS/dailyQuotes)=1|外資持股(MI_QFIIS,僅上市)=1|自營商(T86/上櫃三大法人)=1|當沖(TWTB4U/上櫃intraday)=1|季財報(MOPS t163sb04)=1|月營收(MOPS/openapi)=1|官方產業別(MOPS t05st03)=1|融資券(MI_MARGN)=1|借券(TWT93U)=1|法人(T86)=1",885,inf,250.0,official_prepanel,20502.35,410.0,0.0,0.0,0,1,5.672,16.716,2.687,18965.0,0,未扣成本·事後欄位以 m_ 標示·非投資建議
HC,1,2026-03-16,2026-03-17,3049,精金,TWSE,R,R_core,fCD,R0_combo@5,15,67,漏網,23,0.702482,4.0,atr14=0.982|n_lu_250=0.957|r20=0.963|c_ma120=0.972|vr20=0.418|days_since_lu=0.125|dt_ratio20=NaN|lend_to_v=0.017|rev_yoy=0.012|o_turn=0.790|o_log_mcap=0.432|o_lu_follow=0.982,"官方日成交結構(MI_INDEX/dailyQuotes)=1|發行股數(MI_QFIIS/dailyQuotes)=1|外資持股(MI_QFIIS,僅上市)=1|自營商(T86/上櫃三大法人)=1|當沖(TWTB4U/上櫃intraday)=0|季財報(MOPS t163sb04)=1|月營收(MOPS/openapi)=1|官方產業別(MOPS t05st03)=1|融資券(MI_MARGN)=1|借券(TWT93U)=1|法人(T86)=1",886,inf,250.0,official_prepanel,17924.0,358.0,0.0,0.0,0,1,7.937,28.571,-4.365,18268.0,0,未扣成本·事後欄位以 m_ 標示·非投資建議
HC,1,2026-03-16,2026-03-17,5289,宜鼎,TPEx,R,R_core,fCD,R0_combo@5,25,67,漏網,50,0.608803,4.0,atr14=0.840|n_lu_250=0.933|r20=0.982|c_ma120=0.993|vr20=0.609|days_since_lu=0.059|dt_ratio20=NaN|lend_to_v=0.041|rev_yoy=0.982|o_turn=0.936|o_log_mcap=0.877|o_lu_follow=0.827,"官方日成交結構(MI_INDEX/dailyQuotes)=1|發行股數(MI_QFIIS/dailyQuotes)=1|外資持股(MI_QFIIS,僅上市)=0|自營商(T86/上櫃三大法人)=1|當沖(TWTB4U/上櫃intraday)=1|季財報(MOPS t163sb04)=1|月營收(MOPS/openapi)=1|官方產業別(MOPS t05st03)=1|融資券(MI_MARGN)=1|借券(TWT93U)=1|法人(T86)=1",886,inf,250.0,official_prepanel,4590.5,91.0,0.0,3.0,1,0,0.0,-6.867,-19.227,585.0,1,未扣成本·事後欄位以 m_ 標示·非投資建議
HC,1,2026-03-17,2026-03-18,2380,虹光,TWSE,R,R_relax,fP10|fCD,R0_combo@5,42,56,漏網,164,0.338636,4.0,atr14=0.790|n_lu_250=0.978|r20=0.806|c_ma120=0.565|vr20=0.158|days_since_lu=0.133|dt_ratio20=NaN|lend_to_v=0.015|rev_yoy=0.533|o_turn=0.038|o_log_mcap=0.007|o_lu_follow=0.985,"官方日成交結構(MI_INDEX/dailyQuotes)=1|發行股數(MI_QFIIS/dailyQuotes)=1|外資持股(MI_QFIIS,僅上市)=1|自營商(T86/上櫃三大法人)=1|當沖(TWTB4U/上櫃intraday)=0|季財報(MOPS t163sb04)=1|月營收(MOPS/openapi)=1|官方產業別(MOPS t05st03)=1|融資券(MI_MARGN)=1|借券(TWT93U)=1|法人(T86)=1",887,inf,250.0,official_prepanel,389.7,7.0,0.0,0.0,0,1,1.336,6.845,-2.337,554.0,0,未扣成本·事後欄位以 m_ 標示·非投資建議
HC,1,2026-03-17,2026-03-18,3555,博士旺,TPEx,R,R_core,fCD,R0_combo@5,6,56,漏網,20,0.754383,4.0,atr14=0.843|n_lu_250=0.995|r20=0.997|c_ma120=0.998|vr20=0.711|days_since_lu=0.014|dt_ratio20=NaN|lend_to_v=0.044|rev_yoy=0.993|o_turn=0.664|o_log_mcap=0.325|o_lu_follow=0.998,"官方日成交結構(MI_INDEX/dailyQuotes)=1|發行股數(MI_QFIIS/dailyQuotes)=1|外資持股(MI_QFIIS,僅上市)=0|自營商(T86/上櫃三大法人)=1|當沖(TWTB4U/上櫃intraday)=0|季財報(MOPS t163sb04)=1|月營收(MOPS/openapi)=1|官方產業別(MOPS t05st03)=1|融資券(MI_MARGN)=1|借券(TWT93U)=1|法人(T86)=1",887,inf,250.0,official_prepanel,357.1,3.0,1.0,3.0,1,0,0.0,-18.826,-27.139,284.0,1,未扣成本·事後欄位以 m_ 標示·非投資建議
HC,1,2026-03-23,2026-03-24,3339,泰谷,TPEx,R,R_core,fCD,R0_combo@5,71,95,漏網,173,0.303367,4.0,atr14=0.878|n_lu_250=0.689|r20=0.941|c_ma120=0.842|vr20=0.888|days_since_lu=0.149|dt_ratio20=NaN|lend_to_v=0.201|rev_yoy=0.831|o_turn=0.947|o_log_mcap=0.064|o_lu_follow=0.696,"官方日成交結構(MI_INDEX/dailyQuotes)=1|發行股數(MI_QFIIS/dailyQuotes)=1|外資持股(MI_QFIIS,僅上市)=0|自營商(T86/上櫃三大法人)=1|當沖(TWTB4U/上櫃intraday)=1|季財報(MOPS t163sb04)=1|月營收(MOPS/openapi)=1|官方產業別(MOPS t05st03)=1|融資券(MI_MARGN)=1|借券(TWT93U)=1|法人(T86)=1",891,inf,250.0,official_prepanel,2405.4,48.0,0.0,1.0,1,0,0.0,5.369,22.013,4811.0,0,未扣成本·事後欄位以 m_ 標示·非投資建議
HC,1,2026-03-24,2026-03-25,4906,正文,TWSE,R,R_core,fCD,R0_combo@5,81,93,漏網,242,0.206397,4.0,atr14=0.856|n_lu_250=0.539|r20=0.878|c_ma120=0.750|vr20=0.875|days_since_lu=0.102|dt_ratio20=0.760|lend_to_v=0.354|rev_yoy=0.047|o_turn=0.897|o_log_mcap=0.522|o_lu_follow=0.840,"官方日成交結構(MI_INDEX/dailyQuotes)=1|發行股數(MI_QFIIS/dailyQuotes)=1|外資持股(MI_QFIIS,僅上市)=1|自營商(T86/上櫃三大法人)=1|當沖(TWTB4U/上櫃intraday)=1|季財報(MOPS t163sb04)=1|月營收(MOPS/openapi)=1|官方產業別(MOPS t05st03)=1|融資券(MI_MARGN)=1|借券(TWT93U)=1|法人(T86)=1",892,inf,250.0,official_prepanel,11084.7,221.0,0.0,2.0,0,1,6.902,15.73,29.053,25117.0,0,未扣成本·事後欄位以 m_ 標示·非投資建議
HC,1,2026-03-25,2026-03-26,2231,為升,TWSE,R,R_core,fCD,R0_combo@5,72,78,漏網,252,0.189262,4.0,atr14=0.498|n_lu_250=0.849|r20=0.851|c_ma120=0.583|vr20=0.997|days_since_lu=0.006|dt_ratio20=0.413|lend_to_v=0.908|rev_yoy=0.273|o_turn=0.875|o_log_mcap=0.560|o_lu_follow=0.817,"官方日成交結構(MI_INDEX/dailyQuotes)=1|發行股數(MI_QFIIS/dailyQuotes)=1|外資持股(MI_QFIIS,僅上市)=1|自營商(T86/上櫃三大法人)=1|當沖(TWTB4U/上櫃intraday)=1|季財報(MOPS t163sb04)=1|月營收(MOPS/openapi)=1|官方產業別(MOPS t05st03)=1|融資券(MI_MARGN)=1|借券(TWT93U)=1|法人(T86)=1",893,inf,250.0,official_prepanel,606.25,12.0,0.0,0.0,0,1,6.542,13.084,14.019,3725.0,0,未扣成本·事後欄位以 m_ 標示·非投資建議
HC,1,2026-03-26,2026-03-27,4741,泓瀚,TPEx,R,R_core,fCD,R0_combo@5,74,88,漏網,181,0.269864,4.0,atr14=0.703|n_lu_250=0.614|r20=0.975|c_ma120=0.914|vr20=0.994|days_since_lu=0.019|dt_ratio20=NaN|lend_to_v=0.117|rev_yoy=0.771|o_turn=0.959|o_log_mcap=0.003|o_lu_follow=0.962,"官方日成交結構(MI_INDEX/dailyQuotes)=1|發行股數(MI_QFIIS/dailyQuotes)=1|外資持股(MI_QFIIS,僅上市)=0|自營商(T86/上櫃三大法人)=1|當沖(TWTB4U/上櫃intraday)=1|季財報(MOPS t163sb04)=1|月營收(MOPS/openapi)=1|官方產業別(MOPS t05st03)=1|融資券(MI_MARGN)=1|借券(TWT93U)=1|法人(T86)=1",894,inf,250.0,official_prepanel,558.9,11.0,0.0,0.0,0,1,11.632,41.319,90.972,2733.0,0,未扣成本·事後欄位以 m_ 標示·非投資建議
HC,1,2026-03-26,2026-03-27,6588,東典光電,TPEx,R,R_core,fCD,R0_combo@5,16,88,漏網,59,0.697698,4.0,atr14=0.984|n_lu_250=0.992|r20=0.749|c_ma120=0.993|vr20=0.978|days_since_lu=0.019|dt_ratio20=NaN|lend_to_v=0.057|rev_yoy=0.645|o_turn=0.985|o_log_mcap=0.158|o_lu_follow=0.965,"官方日成交結構(MI_INDEX/dailyQuotes)=1|發行股數(MI_QFIIS/dailyQuotes)=1|外資持股(MI_QFIIS,僅上市)=0|自營商(T86/上櫃三大法人)=1|當沖(TWTB4U/上櫃intraday)=1|季財報(MOPS t163sb04)=1|月營收(MOPS/openapi)=1|官方產業別(MOPS t05st03)=1|融資券(MI_MARGN)=1|借券(TWT93U)=1|法人(T86)=1",894,inf,250.0,official_prepanel,1938.75,38.0,0.0,1.0,0,1,11.848,24.171,42.18,5785.0,0,未扣成本·事後欄位以 m_ 標示·非投資建議
HC,1,2026-03-26,2026-03-27,6683,雍智科技,TPEx,R,R_core,fCD,R0_combo@5,15,88,漏網,19,0.717883,4.0,atr14=0.947|n_lu_250=0.937|r20=0.992|c_ma120=0.998|vr20=0.539|days_since_lu=0.069|dt_ratio20=NaN|lend_to_v=0.193|rev_yoy=0.873|o_turn=0.801|o_log_mcap=0.734|o_lu_follow=0.947,"官方日成交結構(MI_INDEX/dailyQuotes)=1|發行股數(MI_QFIIS/dailyQuotes)=1|外資持股(MI_QFIIS,僅上市)=0|自營商(T86/上櫃三大法人)=1|當沖(TWTB4U/上櫃intraday)=0|季財報(MOPS t163sb04)=1|月營收(MOPS/openapi)=1|官方產業別(MOPS t05st03)=1|融資券(MI_MARGN)=1|借券(TWT93U)=1|法人(T86)=1",894,inf,250.0,official_prepanel,758.95,7.0,1.0,1.0,0,1,13.992,19.342,52.263,350.0,1,未扣成本·事後欄位以 m_ 標示·非投資建議
HC,1,2026-03-31,2026-04-01,6147,頎邦,TPEx,R,R_core,fCD,R0_combo@5,57,75,漏網,127,0.378161,4.0,atr14=0.885|n_lu_250=0.590|r20=0.980|c_ma120=0.886|vr20=0.833|days_since_lu=0.035|dt_ratio20=NaN|lend_to_v=0.323|rev_yoy=0.585|o_turn=0.912|o_log_mcap=0.806|o_lu_follow=0.713,"官方日成交結構(MI_INDEX/dailyQuotes)=1|發行股數(MI_QFIIS/dailyQuotes)=1|外資持股(MI_QFIIS,僅上市)=0|自營商(T86/上櫃三大法人)=1|當沖(TWTB4U/上櫃intraday)=1|季財報(MOPS t163sb04)=1|月營收(MOPS/openapi)=1|官方產業別(MOPS t05st03)=1|融資券(MI_MARGN)=1|借券(TWT93U)=1|法人(T86)=1",897,inf,250.0,official_prepanel,24467.85,489.0,0.0,0.0,0,1,1.326,27.984,51.194,26045.0,0,未扣成本·事後欄位以 m_ 標示·非投資建議
HC,2,2026-04-01,2026-04-02,1449,佳和,TWSE,R,R_core,fCD,R0_combo@5,48,51,漏網,239,0.204326,4.0,atr14=0.746|n_lu_250=0.667|r20=0.828|c_ma120=0.517|vr20=0.039|days_since_lu=0.119|dt_ratio20=0.672|lend_to_v=0.310|rev_yoy=0.779|o_turn=0.478|o_log_mcap=0.019|o_lu_follow=0.660,"官方日成交結構(MI_INDEX/dailyQuotes)=1|發行股數(MI_QFIIS/dailyQuotes)=1|外資持股(MI_QFIIS,僅上市)=1|自營商(T86/上櫃三大法人)=1|當沖(TWTB4U/上櫃intraday)=1|季財報(MOPS t163sb04)=1|月營收(MOPS/openapi)=1|官方產業別(MOPS t05st03)=1|融資券(MI_MARGN)=1|借券(TWT93U)=1|法人(T86)=1",898,inf,250.0,official_prepanel,2216.6,44.0,0.0,0.0,1,0,0.0,27.016,16.129,3655.0,0,未扣成本·事後欄位以 m_ 標示·非投資建議
HC,2,2026-04-01,2026-04-02,4741,泓瀚,TPEx,R,R_core,fCD,R0_combo@5,20,51,漏網,73,0.581532,4.0,atr14=0.821|n_lu_250=0.722|r20=0.992|c_ma120=0.980|vr20=0.997|days_since_lu=0.012|dt_ratio20=NaN|lend_to_v=0.054|rev_yoy=0.772|o_turn=0.997|o_log_mcap=0.009|o_lu_follow=0.979,"官方日成交結構(MI_INDEX/dailyQuotes)=1|發行股數(MI_QFIIS/dailyQuotes)=1|外資持股(MI_QFIIS,僅上市)=0|自營商(T86/上櫃三大法人)=1|當沖(TWTB4U/上櫃intraday)=1|季財報(MOPS t163sb04)=1|月營收(MOPS/openapi)=1|官方產業別(MOPS t05st03)=1|融資券(MI_MARGN)=1|借券(TWT93U)=1|法人(T86)=1",898,inf,250.0,official_prepanel,1386.2,27.0,0.0,2.0,0,1,9.704,38.814,57.143,1721.0,1,未扣成本·事後欄位以 m_ 標示·非投資建議
HC,2,2026-04-02,2026-04-07,3026,禾伸堂,TWSE,R,R_core,fCD,R0_combo@5,36,50,漏網,116,0.38205,4.0,atr14=0.857|n_lu_250=0.646|r20=0.959|c_ma120=0.886|vr20=0.701|days_since_lu=0.074|dt_ratio20=0.806|lend_to_v=0.143|rev_yoy=0.479|o_turn=0.857|o_log_mcap=0.664|o_lu_follow=0.652,"官方日成交結構(MI_INDEX/dailyQuotes)=1|發行股數(MI_QFIIS/dailyQuotes)=1|外資持股(MI_QFIIS,僅上市)=1|自營商(T86/上櫃三大法人)=1|當沖(TWTB4U/上櫃intraday)=1|季財報(MOPS t163sb04)=1|月營收(MOPS/openapi)=1|官方產業別(MOPS t05st03)=1|融資券(MI_MARGN)=1|借券(TWT93U)=1|法人(T86)=1",899,inf,250.0,official_prepanel,4855.35,97.0,0.0,0.0,0,1,7.042,50.0,64.789,8157.0,0,未扣成本·事後欄位以 m_ 標示·非投資建議
HC,2,2026-04-02,2026-04-07,6919,康霈*,TWSE,R,R_core,fCD,R0_combo@5,42,50,漏網,871,0.286059,4.0,atr14=0.908|n_lu_250=0.874|r20=0.002|c_ma120=0.002|vr20=0.987|days_since_lu=0.018|dt_ratio20=0.847|lend_to_v=0.324|rev_yoy=NaN|o_turn=0.902|o_log_mcap=0.898|o_lu_follow=0.921,"官方日成交結構(MI_INDEX/dailyQuotes)=1|發行股數(MI_QFIIS/dailyQuotes)=1|外資持股(MI_QFIIS,僅上市)=1|自營商(T86/上櫃三大法人)=1|當沖(TWTB4U/上櫃intraday)=1|季財報(MOPS t163sb04)=1|月營收(MOPS/openapi)=0|官方產業別(MOPS t05st03)=1|融資券(MI_MARGN)=0|借券(TWT93U)=1|法人(T86)=1",361,361.0,250.0,official,14649.85,292.0,0.0,0.0,0,1,6.925,6.415,8.452,18609.0,0,未扣成本·事後欄位以 m_ 標示·非投資建議
HC,2,2026-04-07,2026-04-08,2426,鼎元,TWSE,R,R_core,fCD,R0_combo@5,8,42,漏網,28,0.765322,4.0,atr14=0.971|n_lu_250=0.826|r20=0.993|c_ma120=0.984|vr20=0.993|days_since_lu=0.003|dt_ratio20=NaN|lend_to_v=0.120|rev_yoy=0.298|o_turn=0.997|o_log_mcap=0.463|o_lu_follow=0.970,"官方日成交結構(MI_INDEX/dailyQuotes)=1|發行股數(MI_QFIIS/dailyQuotes)=1|外資持股(MI_QFIIS,僅上市)=1|自營商(T86/上櫃三大法人)=1|當沖(TWTB4U/上櫃intraday)=1|季財報(MOPS t163sb04)=1|月營收(MOPS/openapi)=1|官方產業別(MOPS t05st03)=1|融資券(MI_MARGN)=1|借券(TWT93U)=1|法人(T86)=1",900,inf,250.0,official_prepanel,16507.15,330.0,0.0,0.0,0,1,7.565,45.53,46.905,47309.0,0,未扣成本·事後欄位以 m_ 標示·非投資建議
HC,2,2026-04-08,2026-04-09,6725,矽科宏晟,TPEx,R,R_relax,fH125|fCD,R0_combo@5,32,32,漏網,1794,,2.0,atr14=0.868|n_lu_250=0.437|r20=0.946|c_ma120=NaN|vr20=0.860|days_since_lu=0.134|dt_ratio20=NaN|lend_to_v=0.049|rev_yoy=0.635|o_turn=0.878|o_log_mcap=0.457|o_lu_follow=0.885,"官方日成交結構(MI_INDEX/dailyQuotes)=1|發行股數(MI_QFIIS/dailyQuotes)=1|外資持股(MI_QFIIS,僅上市)=0|自營商(T86/上櫃三大法人)=1|當沖(TWTB4U/上櫃intraday)=1|季財報(MOPS t163sb04)=1|月營收(MOPS/openapi)=1|官方產業別(MOPS t05st03)=1|融資券(MI_MARGN)=0|借券(TWT93U)=1|法人(T86)=1",61,61.0,61.0,official,786.55,15.0,0.0,0.0,0,1,8.392,28.147,31.993,2806.0,0,未扣成本·事後欄位以 m_ 標示·非投資建議
HC,2,2026-04-09,2026-04-10,4577,達航科技,TPEx,R,R_core,fCD,R0_combo@5,7,43,漏網,5,0.772972,4.0,atr14=0.991|n_lu_250=0.999|r20=0.960|c_ma120=0.988|vr20=0.936|days_since_lu=0.033|dt_ratio20=NaN|lend_to_v=0.047|rev_yoy=0.911|o_turn=0.980|o_log_mcap=0.271|o_lu_follow=0.970,"官方日成交結構(MI_INDEX/dailyQuotes)=1|發行股數(MI_QFIIS/dailyQuotes)=1|外資持股(MI_QFIIS,僅上市)=0|自營商(T86/上櫃三大法人)=1|當沖(TWTB4U/上櫃intraday)=1|季財報(MOPS t163sb04)=1|月營收(MOPS/openapi)=1|官方產業別(MOPS t05st03)=1|融資券(MI_MARGN)=1|借券(TWT93U)=1|法人(T86)=1",902,inf,250.0,official_prepanel,2838.85,56.0,0.0,0.0,0,1,9.914,18.534,50.862,4370.0,0,未扣成本·事後欄位以 m_ 標示·非投資建議
HC,2,2026-04-09,2026-04-10,6147,頎邦,TPEx,R,R_core,fCD,R0_combo@5,20,43,漏網,74,0.594512,4.0,atr14=0.853|n_lu_250=0.758|r20=1.000|c_ma120=0.973|vr20=0.955|days_since_lu=0.033|dt_ratio20=NaN|lend_to_v=0.265|rev_yoy=0.582|o_turn=0.980|o_log_mcap=0.832|o_lu_follow=0.843,"官方日成交結構(MI_INDEX/dailyQuotes)=1|發行股數(MI_QFIIS/dailyQuotes)=1|外資持股(MI_QFIIS,僅上市)=0|自營商(T86/上櫃三大法人)=1|當沖(TWTB4U/上櫃intraday)=1|季財報(MOPS t163sb04)=1|月營收(MOPS/openapi)=1|官方產業別(MOPS t05st03)=1|融資券(MI_MARGN)=1|借券(TWT93U)=1|法人(T86)=1",902,inf,250.0,official_prepanel,39831.35,796.0,0.0,1.0,0,1,2.415,10.145,29.469,48200.0,0,未扣成本·事後欄位以 m_ 標示·非投資建議
HC,2,2026-04-09,2026-04-10,6933,AMAX-KY,TWSE,R,R_core,fCD,R0_combo@5,32,43,漏網,171,0.327708,4.0,atr14=0.602|n_lu_250=0.956|r20=0.913|c_ma120=0.598|vr20=0.985|days_since_lu=0.079|dt_ratio20=0.832|lend_to_v=0.403|rev_yoy=0.194|o_turn=0.831|o_log_mcap=0.325|o_lu_follow=0.980,"官方日成交結構(MI_INDEX/dailyQuotes)=1|發行股數(MI_QFIIS/dailyQuotes)=1|外資持股(MI_QFIIS,僅上市)=1|自營商(T86/上櫃三大法人)=1|當沖(TWTB4U/上櫃intraday)=1|季財報(MOPS t163sb04)=1|月營收(MOPS/openapi)=1|官方產業別(MOPS t05st03)=1|融資券(MI_MARGN)=1|借券(TWT93U)=1|法人(T86)=1",583,583.0,250.0,official,307.05,6.0,0.0,0.0,0,1,2.299,4.885,-1.149,1822.0,0,未扣成本·事後欄位以 m_ 標示·非投資建議
HC,2,2026-04-09,2026-04-10,8021,尖點,TWSE,R,R_core,fCD,R0_combo@5,17,43,漏網,29,0.64698,4.0,atr14=0.929|n_lu_250=0.992|r20=0.925|c_ma120=0.965|vr20=0.880|days_since_lu=0.033|dt_ratio20=0.989|lend_to_v=0.086|rev_yoy=0.847|o_turn=0.993|o_log_mcap=0.760|o_lu_follow=0.779,"官方日成交結構(MI_INDEX/dailyQuotes)=1|發行股數(MI_QFIIS/dailyQuotes)=1|外資持股(MI_QFIIS,僅上市)=1|自營商(T86/上櫃三大法人)=1|當沖(TWTB4U/上櫃intraday)=1|季財報(MOPS t163sb04)=1|月營收(MOPS/openapi)=1|官方產業別(MOPS t05st03)=1|融資券(MI_MARGN)=1|借券(TWT93U)=1|法人(T86)=1",902,inf,250.0,official_prepanel,17527.75,350.0,0.0,2.0,0,1,3.084,15.26,53.084,5619.0,0,未扣成本·事後欄位以 m_ 標示·非投資建議
HC,2,2026-04-10,2026-04-13,4764,雙鍵,TWSE,R,R_core,fCD,R0_combo@5,26,56,漏網,102,0.553406,4.0,atr14=0.911|n_lu_250=0.996|r20=0.660|c_ma120=0.950|vr20=0.898|days_since_lu=0.014|dt_ratio20=0.941|lend_to_v=0.053|rev_yoy=0.788|o_turn=0.961|o_log_mcap=0.511|o_lu_follow=0.974,"官方日成交結構(MI_INDEX/dailyQuotes)=1|發行股數(MI_QFIIS/dailyQuotes)=1|外資持股(MI_QFIIS,僅上市)=1|自營商(T86/上櫃三大法人)=1|當沖(TWTB4U/上櫃intraday)=1|季財報(MOPS t163sb04)=1|月營收(MOPS/openapi)=1|官方產業別(MOPS t05st03)=1|融資券(MI_MARGN)=1|借券(TWT93U)=1|法人(T86)=1",903,inf,250.0,official_prepanel,4637.95,92.0,0.0,1.0,0,1,7.571,34.069,26.12,4760.0,0,未扣成本·事後欄位以 m_ 標示·非投資建議
HC,2,2026-04-13,2026-04-14,3093,港建*,TPEx,R,R_core,fCD,R0_combo@5,9,60,漏網,23,0.73695,4.0,atr14=0.969|n_lu_250=0.877|r20=0.999|c_ma120=0.994|vr20=0.891|days_since_lu=0.037|dt_ratio20=NaN|lend_to_v=0.050|rev_yoy=0.007|o_turn=0.915|o_log_mcap=0.371|o_lu_follow=0.994,"官方日成交結構(MI_INDEX/dailyQuotes)=1|發行股數(MI_QFIIS/dailyQuotes)=1|外資持股(MI_QFIIS,僅上市)=0|自營商(T86/上櫃三大法人)=1|當沖(TWTB4U/上櫃intraday)=1|季財報(MOPS t163sb04)=1|月營收(MOPS/openapi)=1|官方產業別(MOPS t05st03)=1|融資券(MI_MARGN)=1|借券(TWT93U)=1|法人(T86)=1",904,inf,250.0,official_prepanel,3164.55,63.0,0.0,3.0,0,1,6.173,13.426,-14.043,4507.0,0,未扣成本·事後欄位以 m_ 標示·非投資建議
HC,2,2026-04-13,2026-04-14,6208,日揚,TPEx,R,R_core,fCD,R0_combo@5,51,60,漏網,209,0.194841,4.0,atr14=0.613|n_lu_250=0.596|r20=0.916|c_ma120=0.843|vr20=0.789|days_since_lu=0.119|dt_ratio20=NaN|lend_to_v=0.144|rev_yoy=0.112|o_turn=0.525|o_log_mcap=0.241|o_lu_follow=0.963,"官方日成交結構(MI_INDEX/dailyQuotes)=1|發行股數(MI_QFIIS/dailyQuotes)=1|外資持股(MI_QFIIS,僅上市)=0|自營商(T86/上櫃三大法人)=1|當沖(TWTB4U/上櫃intraday)=1|季財報(MOPS t163sb04)=1|月營收(MOPS/openapi)=1|官方產業別(MOPS t05st03)=1|融資券(MI_MARGN)=1|借券(TWT93U)=1|法人(T86)=1",904,inf,250.0,official_prepanel,442.45,8.0,0.0,1.0,1,0,0.0,19.391,33.814,917.0,0,未扣成本·事後欄位以 m_ 標示·非投資建議
HC,2,2026-04-14,2026-04-15,4960,誠美材,TWSE,R,R_core,fCD,R0_combo@5,46,82,漏網,122,0.457124,4.0,atr14=0.983|n_lu_250=0.798|r20=0.735|c_ma120=0.958|vr20=0.906|days_since_lu=0.024|dt_ratio20=NaN|lend_to_v=0.229|rev_yoy=0.090|o_turn=0.926|o_log_mcap=0.535|o_lu_follow=0.983,"官方日成交結構(MI_INDEX/dailyQuotes)=1|發行股數(MI_QFIIS/dailyQuotes)=1|外資持股(MI_QFIIS,僅上市)=1|自營商(T86/上櫃三大法人)=1|當沖(TWTB4U/上櫃intraday)=1|季財報(MOPS t163sb04)=1|月營收(MOPS/openapi)=1|官方產業別(MOPS t05st03)=1|融資券(MI_MARGN)=1|借券(TWT93U)=1|法人(T86)=1",905,inf,250.0,official_prepanel,17260.15,345.0,0.0,0.0,0,1,5.849,54.34,50.189,32829.0,0,未扣成本·事後欄位以 m_ 標示·非投資建議
HC,2,2026-04-14,2026-04-15,6141,柏承,TWSE,R,R_core,fCD,R0_combo@5,30,82,漏網,46,0.59153,4.0,atr14=0.982|n_lu_250=0.930|r20=0.859|c_ma120=0.970|vr20=0.412|days_since_lu=0.082|dt_ratio20=NaN|lend_to_v=0.016|rev_yoy=0.480|o_turn=0.727|o_log_mcap=0.087|o_lu_follow=0.999,"官方日成交結構(MI_INDEX/dailyQuotes)=1|發行股數(MI_QFIIS/dailyQuotes)=1|外資持股(MI_QFIIS,僅上市)=1|自營商(T86/上櫃三大法人)=1|當沖(TWTB4U/上櫃intraday)=0|季財報(MOPS t163sb04)=1|月營收(MOPS/openapi)=1|官方產業別(MOPS t05st03)=1|融資券(MI_MARGN)=1|借券(TWT93U)=1|法人(T86)=1",905,inf,250.0,official_prepanel,2260.0,45.0,0.0,0.0,0,1,10.0,48.723,34.255,2747.0,0,未扣成本·事後欄位以 m_ 標示·非投資建議
HC,2,2026-04-15,2026-04-16,3229,晟鈦,TWSE,R,R_core,fCD,R0_combo@5,50,86,漏網,79,0.45622,4.0,atr14=0.844|n_lu_250=0.977|r20=0.974|c_ma120=0.831|vr20=0.920|days_since_lu=0.048|dt_ratio20=NaN|lend_to_v=0.017|rev_yoy=0.885|o_turn=0.697|o_log_mcap=0.030|o_lu_follow=0.993,"官方日成交結構(MI_INDEX/dailyQuotes)=1|發行股數(MI_QFIIS/dailyQuotes)=1|外資持股(MI_QFIIS,僅上市)=1|自營商(T86/上櫃三大法人)=1|當沖(TWTB4U/上櫃intraday)=0|季財報(MOPS t163sb04)=1|月營收(MOPS/openapi)=1|官方產業別(MOPS t05st03)=1|融資券(MI_MARGN)=1|借券(TWT93U)=1|法人(T86)=1",906,inf,250.0,official_prepanel,394.9,7.0,0.0,1.0,1,0,0.0,42.576,33.989,457.0,0,未扣成本·事後欄位以 m_ 標示·非投資建議
HC,2,2026-04-15,2026-04-16,3555,博士旺,TPEx,R,R_core,fCD,R0_combo@5,17,86,漏網,24,0.700371,4.0,atr14=0.957|n_lu_250=1.000|r20=0.906|c_ma120=0.994|vr20=0.846|days_since_lu=0.048|dt_ratio20=NaN|lend_to_v=0.118|rev_yoy=0.996|o_turn=0.709|o_log_mcap=0.372|o_lu_follow=0.998,"官方日成交結構(MI_INDEX/dailyQuotes)=1|發行股數(MI_QFIIS/dailyQuotes)=1|外資持股(MI_QFIIS,僅上市)=0|自營商(T86/上櫃三大法人)=1|當沖(TWTB4U/上櫃intraday)=1|季財報(MOPS t163sb04)=1|月營收(MOPS/openapi)=1|官方產業別(MOPS t05st03)=1|融資券(MI_MARGN)=1|借券(TWT93U)=1|法人(T86)=1",906,inf,250.0,official_prepanel,340.75,6.0,0.0,3.0,1,0,0.0,4.651,3.805,1079.0,0,未扣成本·事後欄位以 m_ 標示·非投資建議
HC,2,2026-04-15,2026-04-16,3587,閎康,TPEx,R,R_core,fCD,R0_combo@5,51,86,漏網,124,0.455064,4.0,atr14=0.878|n_lu_250=0.647|r20=0.995|c_ma120=0.934|vr20=0.679|days_since_lu=0.048|dt_ratio20=NaN|lend_to_v=0.147|rev_yoy=0.643|o_turn=0.939|o_log_mcap=0.628|o_lu_follow=0.925,"官方日成交結構(MI_INDEX/dailyQuotes)=1|發行股數(MI_QFIIS/dailyQuotes)=1|外資持股(MI_QFIIS,僅上市)=0|自營商(T86/上櫃三大法人)=1|當沖(TWTB4U/上櫃intraday)=1|季財報(MOPS t163sb04)=1|月營收(MOPS/openapi)=1|官方產業別(MOPS t05st03)=1|融資券(MI_MARGN)=1|借券(TWT93U)=1|法人(T86)=1",906,inf,250.0,official_prepanel,3657.7,73.0,0.0,2.0,0,1,6.88,14.08,2.88,4162.0,0,未扣成本·事後欄位以 m_ 標示·非投資建議
HC,2,2026-04-15,2026-04-16,4908,前鼎,TPEx,R,R_core,fCD,R0_combo@5,43,86,漏網,68,0.519718,4.0,atr14=0.919|n_lu_250=0.831|r20=0.973|c_ma120=0.963|vr20=0.490|days_since_lu=0.048|dt_ratio20=NaN|lend_to_v=0.072|rev_yoy=0.417|o_turn=0.977|o_log_mcap=0.457|o_lu_follow=0.696,"官方日成交結構(MI_INDEX/dailyQuotes)=1|發行股數(MI_QFIIS/dailyQuotes)=1|外資持股(MI_QFIIS,僅上市)=0|自營商(T86/上櫃三大法人)=1|當沖(TWTB4U/上櫃intraday)=1|季財報(MOPS t163sb04)=1|月營收(MOPS/openapi)=1|官方產業別(MOPS t05st03)=1|融資券(MI_MARGN)=1|借券(TWT93U)=1|法人(T86)=1",906,inf,250.0,official_prepanel,8133.2,162.0,0.0,2.0,0,1,5.442,32.993,32.993,4116.0,1,未扣成本·事後欄位以 m_ 標示·非投資建議
HC,2,2026-04-15,2026-04-16,4919,新唐,TWSE,R,R_core,fCD,R0_combo@5,37,86,漏網,55,0.554252,4.0,atr14=0.953|n_lu_250=0.875|r20=0.940|c_ma120=0.959|vr20=0.864|days_since_lu=0.012|dt_ratio20=0.928|lend_to_v=0.300|rev_yoy=0.207|o_turn=0.969|o_log_mcap=0.760|o_lu_follow=0.936,"官方日成交結構(MI_INDEX/dailyQuotes)=1|發行股數(MI_QFIIS/dailyQuotes)=1|外資持股(MI_QFIIS,僅上市)=1|自營商(T86/上櫃三大法人)=1|當沖(TWTB4U/上櫃intraday)=1|季財報(MOPS t163sb04)=1|月營收(MOPS/openapi)=1|官方產業別(MOPS t05st03)=1|融資券(MI_MARGN)=1|借券(TWT93U)=1|法人(T86)=1",906,inf,250.0,official_prepanel,21090.4,421.0,0.0,0.0,0,1,11.374,45.972,36.967,25551.0,0,未扣成本·事後欄位以 m_ 標示·非投資建議
HC,2,2026-04-15,2026-04-16,5228,鈺鎧,TPEx,R,R_core,fCD,R0_combo@5,58,86,漏網,95,0.407922,4.0,atr14=0.752|n_lu_250=0.915|r20=0.984|c_ma120=0.924|vr20=0.971|days_since_lu=0.083|dt_ratio20=NaN|lend_to_v=0.093|rev_yoy=0.895|o_turn=0.947|o_log_mcap=0.010|o_lu_follow=0.888,"官方日成交結構(MI_INDEX/dailyQuotes)=1|發行股數(MI_QFIIS/dailyQuotes)=1|外資持股(MI_QFIIS,僅上市)=0|自營商(T86/上櫃三大法人)=1|當沖(TWTB4U/上櫃intraday)=1|季財報(MOPS t163sb04)=1|月營收(MOPS/openapi)=1|官方產業別(MOPS t05st03)=1|融資券(MI_MARGN)=1|借券(TWT93U)=1|法人(T86)=1",906,inf,250.0,official_prepanel,720.0,14.0,0.0,0.0,0,1,6.132,7.075,6.761,2026.0,0,未扣成本·事後欄位以 m_ 標示·非投資建議
HC,2,2026-04-16,2026-04-17,4764,雙鍵,TWSE,R,R_core,fCD,R0_combo@5,28,82,漏網,31,0.644662,4.0,atr14=0.907|n_lu_250=0.999|r20=0.928|c_ma120=0.980|vr20=0.088|days_since_lu=0.042|dt_ratio20=0.856|lend_to_v=0.054|rev_yoy=0.825|o_turn=0.754|o_log_mcap=0.568|o_lu_follow=0.980,"官方日成交結構(MI_INDEX/dailyQuotes)=1|發行股數(MI_QFIIS/dailyQuotes)=1|外資持股(MI_QFIIS,僅上市)=1|自營商(T86/上櫃三大法人)=1|當沖(TWTB4U/上櫃intraday)=0|季財報(MOPS t163sb04)=1|月營收(MOPS/openapi)=1|官方產業別(MOPS t05st03)=1|融資券(MI_MARGN)=1|借券(TWT93U)=1|法人(T86)=1",907,inf,250.0,official_prepanel,3868.1,38.0,1.0,5.0,0,1,7.868,1.472,31.557,1483.0,1,未扣成本·事後欄位以 m_ 標示·非投資建議
HC,2,2026-04-16,2026-04-17,4956,光鋐,TWSE,R,R_core,fCD,R0_combo@5,32,82,漏網,67,0.559134,4.0,atr14=0.897|n_lu_250=0.826|r20=0.973|c_ma120=0.983|vr20=0.911|days_since_lu=0.016|dt_ratio20=0.994|lend_to_v=0.079|rev_yoy=0.523|o_turn=0.999|o_log_mcap=0.196|o_lu_follow=0.903,"官方日成交結構(MI_INDEX/dailyQuotes)=1|發行股數(MI_QFIIS/dailyQuotes)=1|外資持股(MI_QFIIS,僅上市)=1|自營商(T86/上櫃三大法人)=1|當沖(TWTB4U/上櫃intraday)=1|季財報(MOPS t163sb04)=1|月營收(MOPS/openapi)=1|官方產業別(MOPS t05st03)=1|融資券(MI_MARGN)=1|借券(TWT93U)=1|法人(T86)=1",907,inf,250.0,official_prepanel,15342.85,306.0,0.0,2.0,0,1,5.069,4.541,-0.211,7118.0,0,未扣成本·事後欄位以 m_ 標示·非投資建議
HC,2,2026-04-16,2026-04-17,6426,統新,TWSE,R,R_core,fCD,R0_combo@5,26,82,漏網,30,0.670926,4.0,atr14=0.967|n_lu_250=0.979|r20=0.895|c_ma120=0.981|vr20=0.679|days_since_lu=0.075|dt_ratio20=NaN|lend_to_v=0.059|rev_yoy=0.883|o_turn=0.973|o_log_mcap=0.353|o_lu_follow=0.949,"官方日成交結構(MI_INDEX/dailyQuotes)=1|發行股數(MI_QFIIS/dailyQuotes)=1|外資持股(MI_QFIIS,僅上市)=1|自營商(T86/上櫃三大法人)=1|當沖(TWTB4U/上櫃intraday)=1|季財報(MOPS t163sb04)=1|月營收(MOPS/openapi)=1|官方產業別(MOPS t05st03)=1|融資券(MI_MARGN)=1|借券(TWT93U)=1|法人(T86)=1",907,inf,250.0,official_prepanel,3147.8,62.0,0.0,2.0,0,1,8.873,14.868,7.194,2594.0,0,未扣成本·事後欄位以 m_ 標示·非投資建議
HC,2,2026-04-17,2026-04-20,3221,台嘉碩,TPEx,R,R_core,fCD,R0_combo@5,28,76,漏網,46,0.586285,4.0,atr14=0.904|n_lu_250=0.874|r20=0.986|c_ma120=0.961|vr20=0.858|days_since_lu=0.016|dt_ratio20=NaN|lend_to_v=0.094|rev_yoy=0.238|o_turn=0.994|o_log_mcap=0.207|o_lu_follow=0.664,"官方日成交結構(MI_INDEX/dailyQuotes)=1|發行股數(MI_QFIIS/dailyQuotes)=1|外資持股(MI_QFIIS,僅上市)=0|自營商(T86/上櫃三大法人)=1|當沖(TWTB4U/上櫃intraday)=1|季財報(MOPS t163sb04)=1|月營收(MOPS/openapi)=1|官方產業別(MOPS t05st03)=1|融資券(MI_MARGN)=1|借券(TWT93U)=1|法人(T86)=1",908,inf,250.0,official_prepanel,13271.75,265.0,0.0,0.0,0,1,4.274,-7.051,-7.051,15687.0,0,未扣成本·事後欄位以 m_ 標示·非投資建議
HC,2,2026-04-17,2026-04-20,4960,誠美材,TWSE,R,R_core,fCD,R0_combo@5,27,76,漏網,47,0.594598,4.0,atr14=0.942|n_lu_250=0.854|r20=0.934|c_ma120=0.995|vr20=0.968|days_since_lu=0.016|dt_ratio20=NaN|lend_to_v=0.214|rev_yoy=0.086|o_turn=0.981|o_log_mcap=0.617|o_lu_follow=0.990,"官方日成交結構(MI_INDEX/dailyQuotes)=1|發行股數(MI_QFIIS/dailyQuotes)=1|外資持股(MI_QFIIS,僅上市)=1|自營商(T86/上櫃三大法人)=1|當沖(TWTB4U/上櫃intraday)=1|季財報(MOPS t163sb04)=1|月營收(MOPS/openapi)=1|官方產業別(MOPS t05st03)=1|融資券(MI_MARGN)=1|借券(TWT93U)=1|法人(T86)=1",908,inf,250.0,official_prepanel,19990.1,399.0,0.0,2.0,1,0,0.0,6.317,5.108,8985.0,1,未扣成本·事後欄位以 m_ 標示·非投資建議
HC,2,2026-04-20,2026-04-21,6291,沛亨,TPEx,R,R_core,fCD,R0_combo@5,14,77,漏網,19,0.693304,4.0,atr14=0.988|n_lu_250=0.996|r20=0.870|c_ma120=0.981|vr20=0.230|days_since_lu=0.118|dt_ratio20=NaN|lend_to_v=0.079|rev_yoy=0.803|o_turn=0.883|o_log_mcap=0.586|o_lu_follow=0.944,"官方日成交結構(MI_INDEX/dailyQuotes)=1|發行股數(MI_QFIIS/dailyQuotes)=1|外資持股(MI_QFIIS,僅上市)=0|自營商(T86/上櫃三大法人)=1|當沖(TWTB4U/上櫃intraday)=1|季財報(MOPS t163sb04)=1|月營收(MOPS/openapi)=1|官方產業別(MOPS t05st03)=1|融資券(MI_MARGN)=1|借券(TWT93U)=1|法人(T86)=1",909,inf,250.0,official_prepanel,2351.6,47.0,0.0,0.0,0,1,10.444,3.001,7.923,2704.0,0,未扣成本·事後欄位以 m_ 標示·非投資建議
HC,2,2026-04-27,2026-04-28,2426,鼎元,TWSE,R,R_core,fCD,R0_combo@5,23,129,漏網,34,0.74569,4.0,atr14=0.926|n_lu_250=0.908|r20=0.975|c_ma120=0.988|vr20=0.015|days_since_lu=0.231|dt_ratio20=NaN|lend_to_v=0.227|rev_yoy=0.134|o_turn=0.646|o_log_mcap=0.557|o_lu_follow=0.995,"官方日成交結構(MI_INDEX/dailyQuotes)=1|發行股數(MI_QFIIS/dailyQuotes)=1|外資持股(MI_QFIIS,僅上市)=1|自營商(T86/上櫃三大法人)=1|當沖(TWTB4U/上櫃intraday)=0|季財報(MOPS t163sb04)=1|月營收(MOPS/openapi)=1|官方產業別(MOPS t05st03)=1|融資券(MI_MARGN)=1|借券(TWT93U)=1|法人(T86)=1",914,inf,250.0,official_prepanel,14495.3,144.0,1.0,0.0,0,1,7.129,37.228,38.416,5896.0,1,未扣成本·事後欄位以 m_ 標示·非投資建議
HC,2,2026-04-27,2026-04-28,4562,穎漢,TWSE,R,R_core,fCD,R0_combo@5,111,129,漏網,674,0.230383,4.0,atr14=0.736|n_lu_250=0.908|r20=0.370|c_ma120=0.094|vr20=0.124|days_since_lu=0.194|dt_ratio20=0.858|lend_to_v=0.662|rev_yoy=0.427|o_turn=0.324|o_log_mcap=0.115|o_lu_follow=0.947,"官方日成交結構(MI_INDEX/dailyQuotes)=1|發行股數(MI_QFIIS/dailyQuotes)=1|外資持股(MI_QFIIS,僅上市)=1|自營商(T86/上櫃三大法人)=1|當沖(TWTB4U/上櫃intraday)=1|季財報(MOPS t163sb04)=1|月營收(MOPS/openapi)=1|官方產業別(MOPS t05st03)=1|融資券(MI_MARGN)=1|借券(TWT93U)=1|法人(T86)=1",914,inf,250.0,official_prepanel,724.65,14.0,0.0,0.0,0,1,9.709,30.583,19.579,495.0,0,未扣成本·事後欄位以 m_ 標示·非投資建議
HC,2,2026-04-27,2026-04-28,6147,頎邦,TPEx,R,R_core,fCD,R0_combo@5,11,129,漏網,32,0.801221,4.0,atr14=0.979|n_lu_250=0.844|r20=0.995|c_ma120=0.986|vr20=0.120|days_since_lu=0.117|dt_ratio20=NaN|lend_to_v=0.302|rev_yoy=0.507|o_turn=0.843|o_log_mcap=0.869|o_lu_follow=0.861,"官方日成交結構(MI_INDEX/dailyQuotes)=1|發行股數(MI_QFIIS/dailyQuotes)=1|外資持股(MI_QFIIS,僅上市)=0|自營商(T86/上櫃三大法人)=1|當沖(TWTB4U/上櫃intraday)=0|季財報(MOPS t163sb04)=1|月營收(MOPS/openapi)=1|官方產業別(MOPS t05st03)=1|融資券(MI_MARGN)=1|借券(TWT93U)=1|法人(T86)=1",914,inf,250.0,official_prepanel,37419.6,374.0,1.0,0.0,0,1,7.463,32.463,46.269,17026.0,1,未扣成本·事後欄位以 m_ 標示·非投資建議
HC,2,2026-04-28,2026-04-29,6234,高僑,TPEx,R,R_core,fCD,R0_combo@5,42,103,漏網,93,0.582953,4.0,atr14=0.834|n_lu_250=0.785|r20=0.987|c_ma120=0.945|vr20=0.927|days_since_lu=0.046|dt_ratio20=NaN|lend_to_v=0.089|rev_yoy=0.872|o_turn=0.976|o_log_mcap=0.219|o_lu_follow=0.933,"官方日成交結構(MI_INDEX/dailyQuotes)=1|發行股數(MI_QFIIS/dailyQuotes)=1|外資持股(MI_QFIIS,僅上市)=0|自營商(T86/上櫃三大法人)=1|當沖(TWTB4U/上櫃intraday)=1|季財報(MOPS t163sb04)=1|月營收(MOPS/openapi)=1|官方產業別(MOPS t05st03)=1|融資券(MI_MARGN)=1|借券(TWT93U)=1|法人(T86)=1",915,inf,250.0,official_prepanel,5260.65,105.0,0.0,3.0,0,1,4.23,25.813,19.306,12416.0,0,未扣成本·事後欄位以 m_ 標示·非投資建議
HC,2,2026-04-30,2026-05-04,2454,聯發科,TWSE,R,R_core,fCD,R0_combo@5,60,107,漏網,198,0.464645,4.0,atr14=0.670|n_lu_250=0.623|r20=0.985|c_ma120=0.945|vr20=0.753|days_since_lu=0.079|dt_ratio20=0.681|lend_to_v=0.064|rev_yoy=0.526|o_turn=0.693|o_log_mcap=0.998|o_lu_follow=0.530,"官方日成交結構(MI_INDEX/dailyQuotes)=1|發行股數(MI_QFIIS/dailyQuotes)=1|外資持股(MI_QFIIS,僅上市)=1|自營商(T86/上櫃三大法人)=1|當沖(TWTB4U/上櫃intraday)=1|季財報(MOPS t163sb04)=1|月營收(MOPS/openapi)=1|官方產業別(MOPS t05st03)=1|融資券(MI_MARGN)=1|借券(TWT93U)=1|法人(T86)=1",917,inf,250.0,official_prepanel,16289.45,325.0,0.0,1.0,1,0,0.0,26.481,13.589,4020.0,0,未扣成本·事後欄位以 m_ 標示·非投資建議
HC,2,2026-04-30,2026-05-04,3430,奇鈦科,TPEx,R,R_core,fCD,R0_combo@5,36,107,漏網,65,0.654889,4.0,atr14=0.874|n_lu_250=0.883|r20=0.986|c_ma120=0.958|vr20=0.473|days_since_lu=0.144|dt_ratio20=NaN|lend_to_v=0.078|rev_yoy=0.886|o_turn=0.929|o_log_mcap=0.196|o_lu_follow=0.479,"官方日成交結構(MI_INDEX/dailyQuotes)=1|發行股數(MI_QFIIS/dailyQuotes)=1|外資持股(MI_QFIIS,僅上市)=0|自營商(T86/上櫃三大法人)=1|當沖(TWTB4U/上櫃intraday)=0|季財報(MOPS t163sb04)=1|月營收(MOPS/openapi)=1|官方產業別(MOPS t05st03)=1|融資券(MI_MARGN)=1|借券(TWT93U)=1|法人(T86)=1",879,879.0,250.0,official,2302.1,23.0,1.0,2.0,0,1,6.349,21.429,36.905,1160.0,1,未扣成本·事後欄位以 m_ 標示·非投資建議
HC,2,2026-04-30,2026-05-04,3455,由田,TPEx,R,R_core,fCD,R0_combo@5,30,107,漏網,55,0.685527,4.0,atr14=0.866|n_lu_250=0.883|r20=0.996|c_ma120=0.984|vr20=0.965|days_since_lu=0.012|dt_ratio20=NaN|lend_to_v=0.104|rev_yoy=0.008|o_turn=0.996|o_log_mcap=0.555|o_lu_follow=0.959,"官方日成交結構(MI_INDEX/dailyQuotes)=1|發行股數(MI_QFIIS/dailyQuotes)=1|外資持股(MI_QFIIS,僅上市)=0|自營商(T86/上櫃三大法人)=1|當沖(TWTB4U/上櫃intraday)=1|季財報(MOPS t163sb04)=1|月營收(MOPS/openapi)=1|官方產業別(MOPS t05st03)=1|融資券(MI_MARGN)=1|借券(TWT93U)=1|法人(T86)=1",917,inf,250.0,official_prepanel,4012.3,80.0,0.0,0.0,0,1,9.877,6.996,8.848,1979.0,0,未扣成本·事後欄位以 m_ 標示·非投資建議
HC,2,2026-04-30,2026-05-04,6182,合晶,TPEx,R,R_core,fCD,R0_combo@5,73,107,漏網,177,0.387233,4.0,atr14=0.901|n_lu_250=0.812|r20=0.808|c_ma120=0.772|vr20=0.851|days_since_lu=0.144|dt_ratio20=NaN|lend_to_v=0.292|rev_yoy=0.460|o_turn=0.941|o_log_mcap=0.671|o_lu_follow=0.550,"官方日成交結構(MI_INDEX/dailyQuotes)=1|發行股數(MI_QFIIS/dailyQuotes)=1|外資持股(MI_QFIIS,僅上市)=0|自營商(T86/上櫃三大法人)=1|當沖(TWTB4U/上櫃intraday)=1|季財報(MOPS t163sb04)=1|月營收(MOPS/openapi)=1|官方產業別(MOPS t05st03)=1|融資券(MI_MARGN)=1|借券(TWT93U)=1|法人(T86)=1",917,inf,250.0,official_prepanel,29600.45,592.0,0.0,0.0,0,1,7.692,38.95,34.799,58707.0,0,未扣成本·事後欄位以 m_ 標示·非投資建議
HC,2,2026-04-30,2026-05-04,6706,惠特,TWSE,R,R_core,fCD,R0_combo@5,42,107,漏網,76,0.603399,4.0,atr14=0.941|n_lu_250=0.968|r20=0.901|c_ma120=0.856|vr20=0.951|days_since_lu=0.012|dt_ratio20=0.949|lend_to_v=0.160|rev_yoy=0.018|o_turn=0.999|o_log_mcap=0.501|o_lu_follow=0.212,"官方日成交結構(MI_INDEX/dailyQuotes)=1|發行股數(MI_QFIIS/dailyQuotes)=1|外資持股(MI_QFIIS,僅上市)=1|自營商(T86/上櫃三大法人)=1|當沖(TWTB4U/上櫃intraday)=1|季財報(MOPS t163sb04)=1|月營收(MOPS/openapi)=1|官方產業別(MOPS t05st03)=1|融資券(MI_MARGN)=1|借券(TWT93U)=1|法人(T86)=1",917,inf,250.0,official_prepanel,9646.6,192.0,0.0,1.0,0,1,0.301,3.916,-4.518,2878.0,0,未扣成本·事後欄位以 m_ 標示·非投資建議
HC,2,2026-04-30,2026-05-04,6861,睿生光電,TWSE,R,R_core,fCD,R0_combo@5,16,107,漏網,41,0.781289,4.0,atr14=0.786|n_lu_250=0.977|r20=1.000|c_ma120=1.000|vr20=0.060|days_since_lu=0.079|dt_ratio20=0.786|lend_to_v=0.058|rev_yoy=0.835|o_turn=0.752|o_log_mcap=0.535|o_lu_follow=0.997,"官方日成交結構(MI_INDEX/dailyQuotes)=1|發行股數(MI_QFIIS/dailyQuotes)=1|外資持股(MI_QFIIS,僅上市)=1|自營商(T86/上櫃三大法人)=1|當沖(TWTB4U/上櫃intraday)=0|季財報(MOPS t163sb04)=1|月營收(MOPS/openapi)=1|官方產業別(MOPS t05st03)=1|融資券(MI_MARGN)=1|借券(TWT93U)=1|法人(T86)=1",750,750.0,250.0,official,2109.75,21.0,1.0,5.0,0,1,3.0,7.429,28.857,651.0,1,未扣成本·事後欄位以 m_ 標示·非投資建議
HC,2,2026-04-30,2026-05-04,8040,九暘,TPEx,R,R_core,fCD,R0_combo@5,58,107,漏網,190,0.479115,4.0,atr14=0.955|n_lu_250=0.557|r20=0.929|c_ma120=0.858|vr20=0.526|days_since_lu=0.114|dt_ratio20=NaN|lend_to_v=0.146|rev_yoy=0.804|o_turn=0.756|o_log_mcap=0.308|o_lu_follow=0.786,"官方日成交結構(MI_INDEX/dailyQuotes)=1|發行股數(MI_QFIIS/dailyQuotes)=1|外資持股(MI_QFIIS,僅上市)=0|自營商(T86/上櫃三大法人)=1|當沖(TWTB4U/上櫃intraday)=1|季財報(MOPS t163sb04)=1|月營收(MOPS/openapi)=1|官方產業別(MOPS t05st03)=1|融資券(MI_MARGN)=1|借券(TWT93U)=1|法人(T86)=1",917,inf,250.0,official_prepanel,1983.7,39.0,0.0,0.0,0,1,1.918,6.575,15.753,1186.0,0,未扣成本·事後欄位以 m_ 標示·非投資建議
HC,2,2026-05-04,2026-05-05,1595,川寶,TPEx,R,R_core,fCD,R0_combo@5,24,95,漏網,53,0.715468,4.0,atr14=0.898|n_lu_250=0.864|r20=0.993|c_ma120=0.967|vr20=0.971|days_since_lu=0.008|dt_ratio20=NaN|lend_to_v=0.094|rev_yoy=0.096|o_turn=0.993|o_log_mcap=0.208|o_lu_follow=0.919,"官方日成交結構(MI_INDEX/dailyQuotes)=1|發行股數(MI_QFIIS/dailyQuotes)=1|外資持股(MI_QFIIS,僅上市)=0|自營商(T86/上櫃三大法人)=1|當沖(TWTB4U/上櫃intraday)=1|季財報(MOPS t163sb04)=1|月營收(MOPS/openapi)=1|官方產業別(MOPS t05st03)=1|融資券(MI_MARGN)=1|借券(TWT93U)=1|法人(T86)=1",918,inf,250.0,official_prepanel,3257.25,65.0,0.0,2.0,0,1,12.185,24.636,18.675,5480.0,0,未扣成本·事後欄位以 m_ 標示·非投資建議
HC,2,2026-05-04,2026-05-05,3228,金麗科,TPEx,R,R_core,fCD,R0_combo@5,39,95,漏網,82,0.572886,4.0,atr14=0.864|n_lu_250=0.904|r20=0.950|c_ma120=0.903|vr20=0.312|days_since_lu=0.102|dt_ratio20=NaN|lend_to_v=0.036|rev_yoy=0.508|o_turn=0.631|o_log_mcap=0.555|o_lu_follow=0.876,"官方日成交結構(MI_INDEX/dailyQuotes)=1|發行股數(MI_QFIIS/dailyQuotes)=1|外資持股(MI_QFIIS,僅上市)=0|自營商(T86/上櫃三大法人)=1|當沖(TWTB4U/上櫃intraday)=0|季財報(MOPS t163sb04)=1|月營收(MOPS/openapi)=1|官方產業別(MOPS t05st03)=1|融資券(MI_MARGN)=1|借券(TWT93U)=1|法人(T86)=1",918,inf,250.0,official_prepanel,1090.45,10.0,1.0,3.0,0,1,5.263,15.55,-5.263,1171.0,1,未扣成本·事後欄位以 m_ 標示·非投資建議
HC,2,2026-05-04,2026-05-05,4556,旭然,TPEx,R,R_core,fCD,R0_combo@5,49,95,漏網,123,0.518057,4.0,atr14=0.940|n_lu_250=0.782|r20=0.890|c_ma120=0.852|vr20=0.093|days_since_lu=0.102|dt_ratio20=NaN|lend_to_v=0.036|rev_yoy=0.362|o_turn=0.567|o_log_mcap=0.026|o_lu_follow=0.985,"官方日成交結構(MI_INDEX/dailyQuotes)=1|發行股數(MI_QFIIS/dailyQuotes)=1|外資持股(MI_QFIIS,僅上市)=0|自營商(T86/上櫃三大法人)=1|當沖(TWTB4U/上櫃intraday)=1|季財報(MOPS t163sb04)=1|月營收(MOPS/openapi)=1|官方產業別(MOPS t05st03)=1|融資券(MI_MARGN)=1|借券(TWT93U)=1|法人(T86)=1",918,inf,250.0,official_prepanel,793.25,15.0,0.0,1.0,0,1,9.916,27.235,8.38,1582.0,0,未扣成本·事後欄位以 m_ 標示·非投資建議
HC,2,2026-05-05,2026-05-06,6526,達發,TWSE,R,R_core,fCD,R0_combo@5,69,88,漏網,264,0.26698,4.0,atr14=0.792|n_lu_250=0.563|r20=0.795|c_ma120=0.775|vr20=0.890|days_since_lu=0.154|dt_ratio20=0.720|lend_to_v=0.418|rev_yoy=0.412|o_turn=0.729|o_log_mcap=0.873|o_lu_follow=0.792,"官方日成交結構(MI_INDEX/dailyQuotes)=1|發行股數(MI_QFIIS/dailyQuotes)=1|外資持股(MI_QFIIS,僅上市)=1|自營商(T86/上櫃三大法人)=1|當沖(TWTB4U/上櫃intraday)=1|季財報(MOPS t163sb04)=1|月營收(MOPS/openapi)=1|官方產業別(MOPS t05st03)=1|融資券(MI_MARGN)=1|借券(TWT93U)=1|法人(T86)=1",614,614.0,250.0,official,1520.1,30.0,0.0,0.0,0,1,2.025,14.33,0.779,5120.0,0,未扣成本·事後欄位以 m_ 標示·非投資建議
HC,2,2026-05-06,2026-05-07,6532,瑞耘,TPEx,R,R_core,fCD,R0_combo@5,51,97,漏網,147,0.508395,4.0,atr14=0.923|n_lu_250=0.762|r20=0.847|c_ma120=0.887|vr20=0.153|days_since_lu=0.151|dt_ratio20=NaN|lend_to_v=0.260|rev_yoy=0.240|o_turn=0.850|o_log_mcap=0.158|o_lu_follow=0.303,"官方日成交結構(MI_INDEX/dailyQuotes)=1|發行股數(MI_QFIIS/dailyQuotes)=1|外資持股(MI_QFIIS,僅上市)=0|自營商(T86/上櫃三大法人)=1|當沖(TWTB4U/上櫃intraday)=1|季財報(MOPS t163sb04)=1|月營收(MOPS/openapi)=1|官方產業別(MOPS t05st03)=1|融資券(MI_MARGN)=1|借券(TWT93U)=1|法人(T86)=1",920,inf,250.0,official_prepanel,2692.7,53.0,0.0,0.0,0,1,2.463,0.0,-4.631,1198.0,0,未扣成本·事後欄位以 m_ 標示·非投資建議
HC,2,2026-05-08,2026-05-11,1721,國慶科技,TWSE,R,R_core,fCD,R0_combo@5,10,80,漏網,22,0.730744,4.0,atr14=0.927|n_lu_250=0.947|r20=0.976|c_ma120=0.941|vr20=0.115|days_since_lu=0.079|dt_ratio20=NaN|lend_to_v=0.020|rev_yoy=0.091|o_turn=0.653|o_log_mcap=0.268|o_lu_follow=0.974,"官方日成交結構(MI_INDEX/dailyQuotes)=1|發行股數(MI_QFIIS/dailyQuotes)=1|外資持股(MI_QFIIS,僅上市)=1|自營商(T86/上櫃三大法人)=1|當沖(TWTB4U/上櫃intraday)=0|季財報(MOPS t163sb04)=1|月營收(MOPS/openapi)=1|官方產業別(MOPS t05st03)=1|融資券(MI_MARGN)=1|借券(TWT93U)=1|法人(T86)=1",922,inf,250.0,official_prepanel,6537.7,65.0,1.0,0.0,0,1,8.478,8.651,0.346,12327.0,0,未扣成本·事後欄位以 m_ 標示·非投資建議
HC,2,2026-05-08,2026-05-11,3498,陽程,TPEx,R,R_core,fCD,R0_combo@5,46,80,漏網,147,0.487761,4.0,atr14=0.861|n_lu_250=0.939|r20=0.634|c_ma120=0.903|vr20=0.258|days_since_lu=0.111|dt_ratio20=NaN|lend_to_v=0.143|rev_yoy=0.946|o_turn=0.888|o_log_mcap=0.289|o_lu_follow=0.823,"官方日成交結構(MI_INDEX/dailyQuotes)=1|發行股數(MI_QFIIS/dailyQuotes)=1|外資持股(MI_QFIIS,僅上市)=0|自營商(T86/上櫃三大法人)=1|當沖(TWTB4U/上櫃intraday)=1|季財報(MOPS t163sb04)=1|月營收(MOPS/openapi)=1|官方產業別(MOPS t05st03)=1|融資券(MI_MARGN)=1|借券(TWT93U)=1|法人(T86)=1",922,inf,250.0,official_prepanel,4678.85,93.0,0.0,0.0,1,0,0.0,45.366,56.098,1460.0,0,未扣成本·事後欄位以 m_ 標示·非投資建議
HC,2,2026-05-08,2026-05-11,6658,聯策,TWSE,R,R_core,fCD,R0_combo@5,16,80,漏網,61,0.699241,4.0,atr14=0.742|n_lu_250=0.902|r20=0.998|c_ma120=0.997|vr20=0.014|days_since_lu=0.157|dt_ratio20=NaN|lend_to_v=0.084|rev_yoy=0.854|o_turn=0.620|o_log_mcap=0.291|o_lu_follow=0.981,"官方日成交結構(MI_INDEX/dailyQuotes)=1|發行股數(MI_QFIIS/dailyQuotes)=1|外資持股(MI_QFIIS,僅上市)=1|自營商(T86/上櫃三大法人)=1|當沖(TWTB4U/上櫃intraday)=0|季財報(MOPS t163sb04)=1|月營收(MOPS/openapi)=1|官方產業別(MOPS t05st03)=1|融資券(MI_MARGN)=1|借券(TWT93U)=1|法人(T86)=1",607,607.0,250.0,official,2548.45,25.0,1.0,3.0,0,1,6.325,16.867,16.265,571.0,1,未扣成本·事後欄位以 m_ 標示·非投資建議
HC,2,2026-05-11,2026-05-12,6218,豪勉,TPEx,R,R_core,fCD,R0_combo@5,50,72,漏網,184,0.395736,4.0,atr14=0.909|n_lu_250=0.850|r20=0.502|c_ma120=0.888|vr20=0.202|days_since_lu=0.160|dt_ratio20=NaN|lend_to_v=0.078|rev_yoy=0.119|o_turn=0.847|o_log_mcap=0.097|o_lu_follow=0.800,"官方日成交結構(MI_INDEX/dailyQuotes)=1|發行股數(MI_QFIIS/dailyQuotes)=1|外資持股(MI_QFIIS,僅上市)=0|自營商(T86/上櫃三大法人)=1|當沖(TWTB4U/上櫃intraday)=1|季財報(MOPS t163sb04)=1|月營收(MOPS/openapi)=1|官方產業別(MOPS t05st03)=1|融資券(MI_MARGN)=1|借券(TWT93U)=1|法人(T86)=1",923,inf,250.0,official_prepanel,3493.05,69.0,0.0,0.0,0,1,8.037,7.773,6.192,4178.0,0,未扣成本·事後欄位以 m_ 標示·非投資建議
HC,2,2026-05-13,2026-05-14,6451,訊芯-KY,TWSE,R,R_core,fCD,R0_combo@5,28,96,漏網,155,0.660618,4.0,atr14=0.979|n_lu_250=0.963|r20=0.449|c_ma120=0.984|vr20=0.934|days_since_lu=0.154|dt_ratio20=NaN|lend_to_v=0.405|rev_yoy=0.260|o_turn=0.947|o_log_mcap=0.819|o_lu_follow=0.973,"官方日成交結構(MI_INDEX/dailyQuotes)=1|發行股數(MI_QFIIS/dailyQuotes)=1|外資持股(MI_QFIIS,僅上市)=1|自營商(T86/上櫃三大法人)=1|當沖(TWTB4U/上櫃intraday)=1|季財報(MOPS t163sb04)=1|月營收(MOPS/openapi)=1|官方產業別(MOPS t05st03)=1|融資券(MI_MARGN)=1|借券(TWT93U)=1|法人(T86)=1",925,inf,250.0,official_prepanel,3160.35,63.0,0.0,0.0,0,1,8.471,0.31,24.38,10570.0,0,未扣成本·事後欄位以 m_ 標示·非投資建議
HC,2,2026-05-14,2026-05-15,3379,彬台,TPEx,R,R_core,fCD,R0_combo@5,92,97,漏網,884,0.161425,4.0,atr14=0.751|n_lu_250=0.764|r20=0.189|c_ma120=0.023|vr20=0.357|days_since_lu=0.223|dt_ratio20=NaN|lend_to_v=0.383|rev_yoy=0.008|o_turn=0.583|o_log_mcap=0.022|o_lu_follow=0.780,"官方日成交結構(MI_INDEX/dailyQuotes)=1|發行股數(MI_QFIIS/dailyQuotes)=1|外資持股(MI_QFIIS,僅上市)=0|自營商(T86/上櫃三大法人)=1|當沖(TWTB4U/上櫃intraday)=1|季財報(MOPS t163sb04)=1|月營收(MOPS/openapi)=1|官方產業別(MOPS t05st03)=1|融資券(MI_MARGN)=1|借券(TWT93U)=1|法人(T86)=1",926,inf,250.0,official_prepanel,557.1,11.0,0.0,0.0,0,1,9.956,21.523,15.52,1008.0,0,未扣成本·事後欄位以 m_ 標示·非投資建議
HC,2,2026-05-14,2026-05-15,4562,穎漢,TWSE,R,R_core,fCD,R0_combo@5,84,97,漏網,573,0.240637,4.0,atr14=0.765|n_lu_250=0.883|r20=0.248|c_ma120=0.355|vr20=0.023|days_since_lu=0.160|dt_ratio20=0.901|lend_to_v=0.541|rev_yoy=0.465|o_turn=0.353|o_log_mcap=0.152|o_lu_follow=0.858,"官方日成交結構(MI_INDEX/dailyQuotes)=1|發行股數(MI_QFIIS/dailyQuotes)=1|外資持股(MI_QFIIS,僅上市)=1|自營商(T86/上櫃三大法人)=1|當沖(TWTB4U/上櫃intraday)=1|季財報(MOPS t163sb04)=1|月營收(MOPS/openapi)=1|官方產業別(MOPS t05st03)=1|融資券(MI_MARGN)=1|借券(TWT93U)=1|法人(T86)=1",926,inf,250.0,official_prepanel,1454.3,29.0,0.0,0.0,0,1,9.231,14.126,12.727,3603.0,0,未扣成本·事後欄位以 m_ 標示·非投資建議
HC,2,2026-05-15,2026-05-18,3055,蔚華科,TWSE,R,R_core,fCD,R0_combo@5,41,101,漏網,72,0.575344,4.0,atr14=0.894|n_lu_250=0.812|r20=0.997|c_ma120=0.914|vr20=0.843|days_since_lu=0.056|dt_ratio20=0.801|lend_to_v=0.168|rev_yoy=0.961|o_turn=0.882|o_log_mcap=0.510|o_lu_follow=0.833,"官方日成交結構(MI_INDEX/dailyQuotes)=1|發行股數(MI_QFIIS/dailyQuotes)=1|外資持股(MI_QFIIS,僅上市)=1|自營商(T86/上櫃三大法人)=1|當沖(TWTB4U/上櫃intraday)=1|季財報(MOPS t163sb04)=1|月營收(MOPS/openapi)=1|官方產業別(MOPS t05st03)=1|融資券(MI_MARGN)=1|借券(TWT93U)=1|法人(T86)=1",927,inf,250.0,official_prepanel,3497.2,69.0,0.0,3.0,0,1,9.709,14.563,4.854,4293.0,0,未扣成本·事後欄位以 m_ 標示·非投資建議
HC,2,2026-05-15,2026-05-18,7709,榮田,TPEx,R,R_relax,fH125|fCD,R0_combo@5,70,101,漏網,170,0.384383,4.0,atr14=0.904|n_lu_250=0.857|r20=0.615|c_ma120=0.863|vr20=0.131|days_since_lu=0.143|dt_ratio20=NaN|lend_to_v=0.095|rev_yoy=0.865|o_turn=0.425|o_log_mcap=0.144|o_lu_follow=0.793,"官方日成交結構(MI_INDEX/dailyQuotes)=1|發行股數(MI_QFIIS/dailyQuotes)=1|外資持股(MI_QFIIS,僅上市)=0|自營商(T86/上櫃三大法人)=1|當沖(TWTB4U/上櫃intraday)=1|季財報(MOPS t163sb04)=1|月營收(MOPS/openapi)=1|官方產業別(MOPS t05st03)=1|融資券(MI_MARGN)=1|借券(TWT93U)=1|法人(T86)=1",297,297.0,250.0,official,544.5,10.0,0.0,0.0,0,1,10.263,19.211,45.395,680.0,0,未扣成本·事後欄位以 m_ 標示·非投資建議
HC,2,2026-05-19,2026-05-20,2492,華新科,TWSE,R,R_core,fCD,R0_combo@5,34,107,漏網,47,0.617407,4.0,atr14=0.802|n_lu_250=0.915|r20=0.990|c_ma120=0.961|vr20=0.256|days_since_lu=0.055|dt_ratio20=0.876|lend_to_v=0.059|rev_yoy=0.556|o_turn=0.770|o_log_mcap=0.883|o_lu_follow=0.501,"官方日成交結構(MI_INDEX/dailyQuotes)=1|發行股數(MI_QFIIS/dailyQuotes)=1|外資持股(MI_QFIIS,僅上市)=1|自營商(T86/上櫃三大法人)=1|當沖(TWTB4U/上櫃intraday)=0|季財報(MOPS t163sb04)=1|月營收(MOPS/openapi)=1|官方產業別(MOPS t05st03)=1|融資券(MI_MARGN)=1|借券(TWT93U)=1|法人(T86)=1",929,inf,250.0,official_prepanel,19638.25,196.0,1.0,4.0,0,1,8.036,46.652,103.571,9973.0,1,未扣成本·事後欄位以 m_ 標示·非投資建議
HC,2,2026-05-19,2026-05-20,3048,益登,TWSE,R,R_core,fCD,R0_combo@5,66,107,漏網,145,0.445026,4.0,atr14=0.652|n_lu_250=0.809|r20=0.985|c_ma120=0.893|vr20=0.928|days_since_lu=0.034|dt_ratio20=0.899|lend_to_v=0.133|rev_yoy=0.640|o_turn=0.960|o_log_mcap=0.581|o_lu_follow=0.983,"官方日成交結構(MI_INDEX/dailyQuotes)=1|發行股數(MI_QFIIS/dailyQuotes)=1|外資持股(MI_QFIIS,僅上市)=1|自營商(T86/上櫃三大法人)=1|當沖(TWTB4U/上櫃intraday)=1|季財報(MOPS t163sb04)=1|月營收(MOPS/openapi)=1|官方產業別(MOPS t05st03)=1|融資券(MI_MARGN)=1|借券(TWT93U)=1|法人(T86)=1",929,inf,250.0,official_prepanel,12414.05,248.0,0.0,1.0,0,1,4.576,23.729,27.458,13867.0,0,未扣成本·事後欄位以 m_ 標示·非投資建議
HC,2,2026-05-19,2026-05-20,6449,鈺邦,TWSE,R,R_core,fCD,R0_combo@5,55,107,漏網,87,0.506515,4.0,atr14=0.802|n_lu_250=0.855|r20=0.979|c_ma120=0.902|vr20=0.716|days_since_lu=0.034|dt_ratio20=0.785|lend_to_v=0.168|rev_yoy=0.677|o_turn=0.803|o_log_mcap=0.663|o_lu_follow=0.887,"官方日成交結構(MI_INDEX/dailyQuotes)=1|發行股數(MI_QFIIS/dailyQuotes)=1|外資持股(MI_QFIIS,僅上市)=1|自營商(T86/上櫃三大法人)=1|當沖(TWTB4U/上櫃intraday)=0|季財報(MOPS t163sb04)=1|月營收(MOPS/openapi)=1|官方產業別(MOPS t05st03)=1|融資券(MI_MARGN)=1|借券(TWT93U)=1|法人(T86)=1",929,inf,250.0,official_prepanel,2374.5,23.0,1.0,3.0,0,1,7.4,40.8,48.8,1527.0,1,未扣成本·事後欄位以 m_ 標示·非投資建議
HC,2,2026-05-19,2026-05-20,6834,天二科技,TWSE,R,R_core,fCD,R0_combo@5,38,107,漏網,67,0.586752,4.0,atr14=0.813|n_lu_250=0.832|r20=0.987|c_ma120=0.968|vr20=0.982|days_since_lu=0.055|dt_ratio20=0.919|lend_to_v=0.063|rev_yoy=0.730|o_turn=0.978|o_log_mcap=0.265|o_lu_follow=0.810,"官方日成交結構(MI_INDEX/dailyQuotes)=1|發行股數(MI_QFIIS/dailyQuotes)=1|外資持股(MI_QFIIS,僅上市)=1|自營商(T86/上櫃三大法人)=1|當沖(TWTB4U/上櫃intraday)=1|季財報(MOPS t163sb04)=1|月營收(MOPS/openapi)=1|官方產業別(MOPS t05st03)=1|融資券(MI_MARGN)=1|借券(TWT93U)=1|法人(T86)=1",896,896.0,250.0,official,3092.5,61.0,0.0,0.0,0,1,7.447,45.213,29.433,6293.0,0,未扣成本·事後欄位以 m_ 標示·非投資建議
HC,2,2026-05-19,2026-05-20,8040,九暘,TPEx,R,R_core,fCD,R0_combo@5,43,107,漏網,97,0.559636,4.0,atr14=0.834|n_lu_250=0.712|r20=0.991|c_ma120=0.965|vr20=0.936|days_since_lu=0.013|dt_ratio20=NaN|lend_to_v=0.067|rev_yoy=0.677|o_turn=0.955|o_log_mcap=0.419|o_lu_follow=0.822,"官方日成交結構(MI_INDEX/dailyQuotes)=1|發行股數(MI_QFIIS/dailyQuotes)=1|外資持股(MI_QFIIS,僅上市)=0|自營商(T86/上櫃三大法人)=1|當沖(TWTB4U/上櫃intraday)=1|季財報(MOPS t163sb04)=1|月營收(MOPS/openapi)=1|官方產業別(MOPS t05st03)=1|融資券(MI_MARGN)=1|借券(TWT93U)=1|法人(T86)=1",929,inf,250.0,official_prepanel,3797.05,75.0,0.0,0.0,0,1,8.94,30.243,16.446,6743.0,0,未扣成本·事後欄位以 m_ 標示·非投資建議
HC,2,2026-05-20,2026-05-21,2426,鼎元,TWSE,R,R_core,fCD,R0_combo@5,7,85,漏網,18,0.824185,4.0,atr14=0.916|n_lu_250=0.946|r20=0.954|c_ma120=0.998|vr20=0.004|days_since_lu=0.206|dt_ratio20=NaN|lend_to_v=0.247|rev_yoy=0.167|o_turn=0.531|o_log_mcap=0.644|o_lu_follow=0.997,"官方日成交結構(MI_INDEX/dailyQuotes)=1|發行股數(MI_QFIIS/dailyQuotes)=1|外資持股(MI_QFIIS,僅上市)=1|自營商(T86/上櫃三大法人)=1|當沖(TWTB4U/上櫃intraday)=0|季財報(MOPS t163sb04)=1|月營收(MOPS/openapi)=1|官方產業別(MOPS t05st03)=1|融資券(MI_MARGN)=1|借券(TWT93U)=1|法人(T86)=1",930,inf,250.0,official_prepanel,14288.85,142.0,1.0,0.0,0,1,8.143,11.277,6.271,4141.0,1,未扣成本·事後欄位以 m_ 標示·非投資建議
HC,2,2026-05-20,2026-05-21,3026,禾伸堂,TWSE,R,R_core,fCD,R0_combo@5,8,85,漏網,21,0.814865,4.0,atr14=0.886|n_lu_250=0.910|r20=0.993|c_ma120=0.999|vr20=0.197|days_since_lu=0.027|dt_ratio20=NaN|lend_to_v=0.105|rev_yoy=0.626|o_turn=0.805|o_log_mcap=0.835|o_lu_follow=0.944,"官方日成交結構(MI_INDEX/dailyQuotes)=1|發行股數(MI_QFIIS/dailyQuotes)=1|外資持股(MI_QFIIS,僅上市)=1|自營商(T86/上櫃三大法人)=1|當沖(TWTB4U/上櫃intraday)=0|季財報(MOPS t163sb04)=1|月營收(MOPS/openapi)=1|官方產業別(MOPS t05st03)=1|融資券(MI_MARGN)=1|借券(TWT93U)=1|法人(T86)=1",930,inf,250.0,official_prepanel,9163.5,91.0,1.0,2.0,0,1,1.285,42.056,49.533,2080.0,1,未扣成本·事後欄位以 m_ 標示·非投資建議
HC,2,2026-05-20,2026-05-21,3481,群創,TWSE,R,R_core,fCD,R0_combo@5,23,85,漏網,61,0.645801,4.0,atr14=0.845|n_lu_250=0.798|r20=0.980|c_ma120=0.955|vr20=0.855|days_since_lu=0.105|dt_ratio20=0.969|lend_to_v=0.422|rev_yoy=0.480|o_turn=0.961|o_log_mcap=0.943|o_lu_follow=0.836,"官方日成交結構(MI_INDEX/dailyQuotes)=1|發行股數(MI_QFIIS/dailyQuotes)=1|外資持股(MI_QFIIS,僅上市)=1|自營商(T86/上櫃三大法人)=1|當沖(TWTB4U/上櫃intraday)=1|季財報(MOPS t163sb04)=1|月營收(MOPS/openapi)=1|官方產業別(MOPS t05st03)=1|融資券(MI_MARGN)=1|借券(TWT93U)=1|法人(T86)=1",930,inf,250.0,official_prepanel,565500.94,11310.0,0.0,2.0,0,1,6.842,32.105,56.316,524601.0,0,未扣成本·事後欄位以 m_ 標示·非投資建議
HC,2,2026-05-20,2026-05-21,3532,台勝科,TWSE,R,R_core,fCD,R0_combo@5,25,85,漏網,38,0.638749,4.0,atr14=0.972|n_lu_250=0.938|r20=0.853|c_ma120=0.911|vr20=0.018|days_since_lu=0.206|dt_ratio20=NaN|lend_to_v=0.364|rev_yoy=0.521|o_turn=0.181|o_log_mcap=0.852|o_lu_follow=0.833,"官方日成交結構(MI_INDEX/dailyQuotes)=1|發行股數(MI_QFIIS/dailyQuotes)=1|外資持股(MI_QFIIS,僅上市)=1|自營商(T86/上櫃三大法人)=1|當沖(TWTB4U/上櫃intraday)=0|季財報(MOPS t163sb04)=1|月營收(MOPS/openapi)=1|官方產業別(MOPS t05st03)=1|融資券(MI_MARGN)=1|借券(TWT93U)=1|法人(T86)=1",930,inf,250.0,official_prepanel,4161.5,41.0,1.0,1.0,1,0,0.0,28.54,39.159,957.0,1,未扣成本·事後欄位以 m_ 標示·非投資建議
HC,2,2026-05-20,2026-05-21,6278,台表科,TWSE,R,R_core,fCD,R0_combo@5,18,85,漏網,62,0.68168,4.0,atr14=0.972|n_lu_250=0.702|r20=0.951|c_ma120=0.970|vr20=0.710|days_since_lu=0.067|dt_ratio20=NaN|lend_to_v=0.441|rev_yoy=0.358|o_turn=0.934|o_log_mcap=0.828|o_lu_follow=0.947,"官方日成交結構(MI_INDEX/dailyQuotes)=1|發行股數(MI_QFIIS/dailyQuotes)=1|外資持股(MI_QFIIS,僅上市)=1|自營商(T86/上櫃三大法人)=1|當沖(TWTB4U/上櫃intraday)=1|季財報(MOPS t163sb04)=1|月營收(MOPS/openapi)=1|官方產業別(MOPS t05st03)=1|融資券(MI_MARGN)=1|借券(TWT93U)=1|法人(T86)=1",930,inf,250.0,official_prepanel,17239.85,344.0,0.0,1.0,0,1,4.695,10.563,-1.878,13848.0,0,未扣成本·事後欄位以 m_ 標示·非投資建議
HC,2,2026-05-20,2026-05-21,6727,亞泰金屬,TPEx,R,R_core,fCD,R0_combo@5,12,85,漏網,24,0.752445,4.0,atr14=0.966|n_lu_250=0.966|r20=0.875|c_ma120=0.987|vr20=0.812|days_since_lu=0.160|dt_ratio20=NaN|lend_to_v=0.040|rev_yoy=0.835|o_turn=0.978|o_log_mcap=0.532|o_lu_follow=0.958,"官方日成交結構(MI_INDEX/dailyQuotes)=1|發行股數(MI_QFIIS/dailyQuotes)=1|外資持股(MI_QFIIS,僅上市)=0|自營商(T86/上櫃三大法人)=1|當沖(TWTB4U/上櫃intraday)=1|季財報(MOPS t163sb04)=1|月營收(MOPS/openapi)=1|官方產業別(MOPS t05st03)=1|融資券(MI_MARGN)=1|借券(TWT93U)=1|法人(T86)=1",930,inf,250.0,official_prepanel,3032.2,60.0,0.0,1.0,0,1,5.814,21.899,1.163,2103.0,0,未扣成本·事後欄位以 m_ 標示·非投資建議
HC,2,2026-05-21,2026-05-22,3577,泓格,TPEx,R,R_core,fCD,R0_combo@5,18,70,漏網,64,0.662763,4.0,atr14=0.786|n_lu_250=0.787|r20=0.995|c_ma120=0.983|vr20=0.949|days_since_lu=0.049|dt_ratio20=NaN|lend_to_v=0.160|rev_yoy=0.913|o_turn=0.905|o_log_mcap=0.407|o_lu_follow=0.290,"官方日成交結構(MI_INDEX/dailyQuotes)=1|發行股數(MI_QFIIS/dailyQuotes)=1|外資持股(MI_QFIIS,僅上市)=0|自營商(T86/上櫃三大法人)=1|當沖(TWTB4U/上櫃intraday)=1|季財報(MOPS t163sb04)=1|月營收(MOPS/openapi)=1|官方產業別(MOPS t05st03)=1|融資券(MI_MARGN)=1|借券(TWT93U)=1|法人(T86)=1",931,inf,250.0,official_prepanel,1090.85,21.0,0.0,3.0,0,1,1.748,12.587,-1.748,2040.0,0,未扣成本·事後欄位以 m_ 標示·非投資建議
HC,2,2026-05-21,2026-05-22,3615,安可,TPEx,R,R_core,fCD,R0_combo@5,22,70,漏網,55,0.608088,4.0,atr14=0.870|n_lu_250=0.835|r20=0.961|c_ma120=0.909|vr20=0.953|days_since_lu=0.031|dt_ratio20=NaN|lend_to_v=0.086|rev_yoy=0.056|o_turn=0.994|o_log_mcap=0.141|o_lu_follow=0.488,"官方日成交結構(MI_INDEX/dailyQuotes)=1|發行股數(MI_QFIIS/dailyQuotes)=1|外資持股(MI_QFIIS,僅上市)=0|自營商(T86/上櫃三大法人)=1|當沖(TWTB4U/上櫃intraday)=1|季財報(MOPS t163sb04)=1|月營收(MOPS/openapi)=1|官方產業別(MOPS t05st03)=1|融資券(MI_MARGN)=1|借券(TWT93U)=1|法人(T86)=1",931,inf,250.0,official_prepanel,6145.1,122.0,0.0,1.0,0,1,7.701,10.306,31.144,15568.0,0,未扣成本·事後欄位以 m_ 標示·非投資建議
HC,2,2026-05-21,2026-05-22,6531,愛普*,TWSE,R,R_core,fCD,R0_combo@5,20,70,漏網,49,0.640231,4.0,atr14=0.999|n_lu_250=0.835|r20=0.827|c_ma120=0.956|vr20=0.953|days_since_lu=0.117|dt_ratio20=NaN|lend_to_v=0.101|rev_yoy=0.915|o_turn=0.978|o_log_mcap=0.906|o_lu_follow=0.204,"官方日成交結構(MI_INDEX/dailyQuotes)=1|發行股數(MI_QFIIS/dailyQuotes)=1|外資持股(MI_QFIIS,僅上市)=1|自營商(T86/上櫃三大法人)=1|當沖(TWTB4U/上櫃intraday)=1|季財報(MOPS t163sb04)=1|月營收(MOPS/openapi)=1|官方產業別(MOPS t05st03)=1|融資券(MI_MARGN)=1|借券(TWT93U)=1|法人(T86)=1",931,inf,250.0,official_prepanel,7553.9,151.0,0.0,2.0,0,1,4.788,19.151,14.799,8160.0,0,未扣成本·事後欄位以 m_ 標示·非投資建議
HC,2,2026-05-22,2026-05-25,2302,麗正,TWSE,R,R_core,fCD,R0_combo@5,34,64,漏網,113,0.519851,4.0,atr14=0.855|n_lu_250=0.670|r20=0.977|c_ma120=0.886|vr20=0.847|days_since_lu=0.142|dt_ratio20=0.777|lend_to_v=0.107|rev_yoy=0.692|o_turn=0.899|o_log_mcap=0.240|o_lu_follow=0.872,"官方日成交結構(MI_INDEX/dailyQuotes)=1|發行股數(MI_QFIIS/dailyQuotes)=1|外資持股(MI_QFIIS,僅上市)=1|自營商(T86/上櫃三大法人)=1|當沖(TWTB4U/上櫃intraday)=1|季財報(MOPS t163sb04)=1|月營收(MOPS/openapi)=1|官方產業別(MOPS t05st03)=1|融資券(MI_MARGN)=1|借券(TWT93U)=1|法人(T86)=1",932,inf,250.0,official_prepanel,4998.85,99.0,0.0,0.0,0,1,8.995,32.275,19.224,9364.0,0,未扣成本·事後欄位以 m_ 標示·非投資建議
HC,2,2026-05-22,2026-05-25,2464,盟立,TWSE,R,R_core,fCD,R0_combo@5,14,64,漏網,83,0.702485,4.0,atr14=0.933|n_lu_250=0.616|r20=0.990|c_ma120=0.979|vr20=0.731|days_since_lu=0.093|dt_ratio20=0.993|lend_to_v=0.085|rev_yoy=0.655|o_turn=0.996|o_log_mcap=0.722|o_lu_follow=0.515,"官方日成交結構(MI_INDEX/dailyQuotes)=1|發行股數(MI_QFIIS/dailyQuotes)=1|外資持股(MI_QFIIS,僅上市)=1|自營商(T86/上櫃三大法人)=1|當沖(TWTB4U/上櫃intraday)=1|季財報(MOPS t163sb04)=1|月營收(MOPS/openapi)=1|官方產業別(MOPS t05st03)=1|融資券(MI_MARGN)=1|借券(TWT93U)=1|法人(T86)=1",932,inf,250.0,official_prepanel,29869.8,597.0,0.0,1.0,0,1,1.282,18.269,5.769,8728.0,0,未扣成本·事後欄位以 m_ 標示·非投資建議
HC,2,2026-05-22,2026-05-25,6207,雷科,TPEx,R,R_core,fCD,R0_combo@5,12,64,漏網,42,0.715804,4.0,atr14=0.930|n_lu_250=0.810|r20=0.985|c_ma120=0.952|vr20=0.917|days_since_lu=0.025|dt_ratio20=NaN|lend_to_v=0.091|rev_yoy=0.352|o_turn=1.000|o_log_mcap=0.351|o_lu_follow=0.504,"官方日成交結構(MI_INDEX/dailyQuotes)=1|發行股數(MI_QFIIS/dailyQuotes)=1|外資持股(MI_QFIIS,僅上市)=0|自營商(T86/上櫃三大法人)=1|當沖(TWTB4U/上櫃intraday)=1|季財報(MOPS t163sb04)=1|月營收(MOPS/openapi)=1|官方產業別(MOPS t05st03)=1|融資券(MI_MARGN)=1|借券(TWT93U)=1|法人(T86)=1",932,inf,250.0,official_prepanel,15073.0,301.0,0.0,2.0,0,1,6.237,19.892,55.376,10084.0,0,未扣成本·事後欄位以 m_ 標示·非投資建議
HC,2,2026-05-25,2026-05-26,6141,柏承,TWSE,R,R_core,fCD,R0_combo@5,16,70,漏網,88,0.675595,4.0,atr14=0.999|n_lu_250=0.976|r20=0.543|c_ma120=0.965|vr20=0.724|days_since_lu=0.100|dt_ratio20=NaN|lend_to_v=0.019|rev_yoy=0.619|o_turn=0.796|o_log_mcap=0.179|o_lu_follow=0.998,"官方日成交結構(MI_INDEX/dailyQuotes)=1|發行股數(MI_QFIIS/dailyQuotes)=1|外資持股(MI_QFIIS,僅上市)=1|自營商(T86/上櫃三大法人)=1|當沖(TWTB4U/上櫃intraday)=0|季財報(MOPS t163sb04)=1|月營收(MOPS/openapi)=1|官方產業別(MOPS t05st03)=1|融資券(MI_MARGN)=1|借券(TWT93U)=1|法人(T86)=1",933,inf,250.0,official_prepanel,2321.65,46.0,0.0,0.0,0,1,8.498,34.75,7.739,5124.0,0,未扣成本·事後欄位以 m_ 標示·非投資建議
HC,2,2026-05-26,2026-05-27,2375,凱美,TWSE,R,R_core,fCD,R0_combo@5,58,105,漏網,119,0.479552,4.0,atr14=0.827|n_lu_250=0.834|r20=0.988|c_ma120=0.870|vr20=0.817|days_since_lu=0.057|dt_ratio20=0.972|lend_to_v=0.096|rev_yoy=0.289|o_turn=0.996|o_log_mcap=0.560|o_lu_follow=0.817,"官方日成交結構(MI_INDEX/dailyQuotes)=1|發行股數(MI_QFIIS/dailyQuotes)=1|外資持股(MI_QFIIS,僅上市)=1|自營商(T86/上櫃三大法人)=1|當沖(TWTB4U/上櫃intraday)=1|季財報(MOPS t163sb04)=1|月營收(MOPS/openapi)=1|官方產業別(MOPS t05st03)=1|融資券(MI_MARGN)=1|借券(TWT93U)=1|法人(T86)=1",934,inf,250.0,official_prepanel,12321.6,246.0,0.0,2.0,0,1,7.299,18.613,20.438,33132.0,0,未扣成本·事後欄位以 m_ 標示·非投資建議
HC,2,2026-05-26,2026-05-27,4973,廣穎,TPEx,R,R_core,fCD,R0_combo@5,14,105,漏網,16,0.763866,4.0,atr14=0.950|n_lu_250=0.987|r20=0.946|c_ma120=0.990|vr20=0.828|days_since_lu=0.202|dt_ratio20=NaN|lend_to_v=0.056|rev_yoy=0.921|o_turn=0.999|o_log_mcap=0.392|o_lu_follow=0.972,"官方日成交結構(MI_INDEX/dailyQuotes)=1|發行股數(MI_QFIIS/dailyQuotes)=1|外資持股(MI_QFIIS,僅上市)=0|自營商(T86/上櫃三大法人)=1|當沖(TWTB4U/上櫃intraday)=1|季財報(MOPS t163sb04)=1|月營收(MOPS/openapi)=1|官方產業別(MOPS t05st03)=1|融資券(MI_MARGN)=1|借券(TWT93U)=1|法人(T86)=1",934,inf,250.0,official_prepanel,8337.3,166.0,0.0,0.0,1,0,0.0,12.59,26.619,2777.0,0,未扣成本·事後欄位以 m_ 標示·非投資建議
HC,2,2026-05-27,2026-05-28,4760,勤凱,TPEx,R,R_core,fCD,R0_combo@5,17,113,漏網,36,0.731333,4.0,atr14=0.969|n_lu_250=0.850|r20=0.986|c_ma120=0.971|vr20=0.418|days_since_lu=0.059|dt_ratio20=NaN|lend_to_v=0.067|rev_yoy=0.867|o_turn=0.900|o_log_mcap=0.511|o_lu_follow=0.954,"官方日成交結構(MI_INDEX/dailyQuotes)=1|發行股數(MI_QFIIS/dailyQuotes)=1|外資持股(MI_QFIIS,僅上市)=0|自營商(T86/上櫃三大法人)=1|當沖(TWTB4U/上櫃intraday)=1|季財報(MOPS t163sb04)=1|月營收(MOPS/openapi)=1|官方產業別(MOPS t05st03)=1|融資券(MI_MARGN)=1|借券(TWT93U)=1|法人(T86)=1",935,inf,250.0,official_prepanel,2007.25,40.0,0.0,1.0,0,1,8.963,7.682,-4.353,2916.0,0,未扣成本·事後欄位以 m_ 標示·非投資建議
HC,2,2026-05-27,2026-05-28,7709,榮田,TPEx,R,R_relax,fH125|fCD,R0_combo@5,60,113,漏網,105,0.480454,4.0,atr14=0.872|n_lu_250=0.892|r20=0.883|c_ma120=0.910|vr20=0.024|days_since_lu=0.168|dt_ratio20=NaN|lend_to_v=0.058|rev_yoy=0.865|o_turn=0.423|o_log_mcap=0.170|o_lu_follow=0.821,"官方日成交結構(MI_INDEX/dailyQuotes)=1|發行股數(MI_QFIIS/dailyQuotes)=1|外資持股(MI_QFIIS,僅上市)=0|自營商(T86/上櫃三大法人)=1|當沖(TWTB4U/上櫃intraday)=1|季財報(MOPS t163sb04)=1|月營收(MOPS/openapi)=1|官方產業別(MOPS t05st03)=1|融資券(MI_MARGN)=1|借券(TWT93U)=1|法人(T86)=1",305,305.0,250.0,official,754.65,15.0,0.0,0.0,0,1,6.349,34.392,22.751,833.0,0,未扣成本·事後欄位以 m_ 標示·非投資建議
HC,2,2026-05-28,2026-05-29,2061,風青,TPEx,R,R_core,fCD,R0_combo@5,65,109,漏網,146,0.453544,4.0,atr14=0.678|n_lu_250=0.753|r20=0.992|c_ma120=0.968|vr20=0.064|days_since_lu=0.036|dt_ratio20=NaN|lend_to_v=0.095|rev_yoy=0.390|o_turn=0.711|o_log_mcap=0.060|o_lu_follow=0.547,"官方日成交結構(MI_INDEX/dailyQuotes)=1|發行股數(MI_QFIIS/dailyQuotes)=1|外資持股(MI_QFIIS,僅上市)=0|自營商(T86/上櫃三大法人)=1|當沖(TWTB4U/上櫃intraday)=0|季財報(MOPS t163sb04)=1|月營收(MOPS/openapi)=1|官方產業別(MOPS t05st03)=1|融資券(MI_MARGN)=1|借券(TWT93U)=1|法人(T86)=1",936,inf,250.0,official_prepanel,2551.0,25.0,1.0,3.0,0,1,5.523,27.326,-4.215,1839.0,1,未扣成本·事後欄位以 m_ 標示·非投資建議
HC,2,2026-05-28,2026-05-29,2356,英業達,TWSE,R,R_core,fCD,R0_combo@5,98,109,漏網,286,0.259259,4.0,atr14=0.727|n_lu_250=0.452|r20=0.942|c_ma120=0.839|vr20=0.917|days_since_lu=0.075|dt_ratio20=0.758|lend_to_v=0.588|rev_yoy=0.749|o_turn=0.843|o_log_mcap=0.928|o_lu_follow=0.844,"官方日成交結構(MI_INDEX/dailyQuotes)=1|發行股數(MI_QFIIS/dailyQuotes)=1|外資持股(MI_QFIIS,僅上市)=1|自營商(T86/上櫃三大法人)=1|當沖(TWTB4U/上櫃intraday)=1|季財報(MOPS t163sb04)=1|月營收(MOPS/openapi)=1|官方產業別(MOPS t05st03)=1|融資券(MI_MARGN)=1|借券(TWT93U)=1|法人(T86)=1",936,inf,250.0,official_prepanel,65594.9,1311.0,0.0,0.0,0,1,3.084,14.244,-3.965,220829.0,0,未扣成本·事後欄位以 m_ 標示·非投資建議
HC,2,2026-05-28,2026-05-29,3229,晟鈦,TWSE,R,R_core,fCD,R0_combo@5,27,109,漏網,32,0.677657,4.0,atr14=0.990|n_lu_250=0.988|r20=0.833|c_ma120=0.958|vr20=0.454|days_since_lu=0.036|dt_ratio20=NaN|lend_to_v=0.018|rev_yoy=0.839|o_turn=0.585|o_log_mcap=0.137|o_lu_follow=0.987,"官方日成交結構(MI_INDEX/dailyQuotes)=1|發行股數(MI_QFIIS/dailyQuotes)=1|外資持股(MI_QFIIS,僅上市)=1|自營商(T86/上櫃三大法人)=1|當沖(TWTB4U/上櫃intraday)=0|季財報(MOPS t163sb04)=1|月營收(MOPS/openapi)=1|官方產業別(MOPS t05st03)=1|融資券(MI_MARGN)=1|借券(TWT93U)=1|法人(T86)=1",936,inf,250.0,official_prepanel,918.55,18.0,0.0,1.0,0,1,6.452,0.0,-8.495,1166.0,0,未扣成本·事後欄位以 m_ 標示·非投資建議
HC,2,2026-05-28,2026-05-29,3481,群創,TWSE,R,R_core,fCD,R0_combo@5,8,109,漏網,11,0.797316,4.0,atr14=0.977|n_lu_250=0.890|r20=0.998|c_ma120=0.982|vr20=0.850|days_since_lu=0.008|dt_ratio20=0.964|lend_to_v=0.382|rev_yoy=0.480|o_turn=0.992|o_log_mcap=0.954|o_lu_follow=0.900,"官方日成交結構(MI_INDEX/dailyQuotes)=1|發行股數(MI_QFIIS/dailyQuotes)=1|外資持股(MI_QFIIS,僅上市)=1|自營商(T86/上櫃三大法人)=1|當沖(TWTB4U/上櫃intraday)=1|季財報(MOPS t163sb04)=1|月營收(MOPS/openapi)=1|官方產業別(MOPS t05st03)=1|融資券(MI_MARGN)=1|借券(TWT93U)=1|法人(T86)=1",936,inf,250.0,official_prepanel,755849.06,15116.0,0.0,3.0,0,1,5.046,14.933,-1.062,897328.0,0,未扣成本·事後欄位以 m_ 標示·非投資建議
HC,2,2026-05-28,2026-05-29,3532,台勝科,TWSE,R,R_core,fCD,R0_combo@5,19,109,漏網,19,0.732469,4.0,atr14=0.876|n_lu_250=0.967|r20=0.987|c_ma120=0.983|vr20=0.911|days_since_lu=0.036|dt_ratio20=NaN|lend_to_v=0.316|rev_yoy=0.519|o_turn=0.783|o_log_mcap=0.887|o_lu_follow=0.929,"官方日成交結構(MI_INDEX/dailyQuotes)=1|發行股數(MI_QFIIS/dailyQuotes)=1|外資持股(MI_QFIIS,僅上市)=1|自營商(T86/上櫃三大法人)=1|當沖(TWTB4U/上櫃intraday)=1|季財報(MOPS t163sb04)=1|月營收(MOPS/openapi)=1|官方產業別(MOPS t05st03)=1|融資券(MI_MARGN)=1|借券(TWT93U)=1|法人(T86)=1",936,inf,250.0,official_prepanel,5377.7,107.0,0.0,2.0,1,0,0.0,-8.777,-6.897,1581.0,1,未扣成本·事後欄位以 m_ 標示·非投資建議
HC,2,2026-05-28,2026-05-29,6116,彩晶,TWSE,R,R_core,fCD,R0_combo@5,46,109,漏網,93,0.565112,4.0,atr14=0.819|n_lu_250=0.801|r20=0.996|c_ma120=0.968|vr20=0.941|days_since_lu=0.075|dt_ratio20=0.945|lend_to_v=0.392|rev_yoy=0.333|o_turn=0.973|o_log_mcap=0.786|o_lu_follow=0.983,"官方日成交結構(MI_INDEX/dailyQuotes)=1|發行股數(MI_QFIIS/dailyQuotes)=1|外資持股(MI_QFIIS,僅上市)=1|自營商(T86/上櫃三大法人)=1|當沖(TWTB4U/上櫃intraday)=1|季財報(MOPS t163sb04)=1|月營收(MOPS/openapi)=1|官方產業別(MOPS t05st03)=1|融資券(MI_MARGN)=1|借券(TWT93U)=1|法人(T86)=1",936,inf,250.0,official_prepanel,134841.25,2696.0,0.0,2.0,0,1,3.636,23.939,-13.939,289351.0,0,未扣成本·事後欄位以 m_ 標示·非投資建議
HC,2,2026-06-01,2026-06-02,2409,友達,TWSE,R,R_core,fCD,R0_combo@5,58,107,漏網,96,0.494071,4.0,atr14=0.928|n_lu_250=0.829|r20=0.952|c_ma120=0.881|vr20=0.754|days_since_lu=0.113|dt_ratio20=0.952|lend_to_v=0.562|rev_yoy=0.229|o_turn=0.959|o_log_mcap=0.913|o_lu_follow=0.804,"官方日成交結構(MI_INDEX/dailyQuotes)=1|發行股數(MI_QFIIS/dailyQuotes)=1|外資持股(MI_QFIIS,僅上市)=1|自營商(T86/上櫃三大法人)=1|當沖(TWTB4U/上櫃intraday)=1|季財報(MOPS t163sb04)=1|月營收(MOPS/openapi)=1|官方產業別(MOPS t05st03)=1|融資券(MI_MARGN)=1|借券(TWT93U)=1|法人(T86)=1",938,inf,250.0,official_prepanel,376962.38,7539.0,0.0,0.0,0,1,8.732,1.455,0.208,720567.0,0,未扣成本·事後欄位以 m_ 標示·非投資建議
HC,2,2026-06-01,2026-06-02,8454,富邦媒,TWSE,R,R_core,fCD,R0_combo@5,101,107,漏網,441,0.167089,4.0,atr14=0.468|n_lu_250=0.379|r20=0.939|c_ma120=0.705|vr20=0.991|days_since_lu=0.011|dt_ratio20=0.504|lend_to_v=0.838|rev_yoy=0.314|o_turn=0.785|o_log_mcap=0.837|o_lu_follow=0.937,"官方日成交結構(MI_INDEX/dailyQuotes)=1|發行股數(MI_QFIIS/dailyQuotes)=1|外資持股(MI_QFIIS,僅上市)=1|自營商(T86/上櫃三大法人)=1|當沖(TWTB4U/上櫃intraday)=1|季財報(MOPS t163sb04)=1|月營收(MOPS/openapi)=1|官方產業別(MOPS t05st03)=1|融資券(MI_MARGN)=1|借券(TWT93U)=1|法人(T86)=1",938,inf,250.0,official_prepanel,1358.65,27.0,0.0,0.0,0,1,12.025,63.713,38.525,5770.0,0,未扣成本·事後欄位以 m_ 標示·非投資建議
HC,2,2026-06-02,2026-06-03,6207,雷科,TPEx,R,R_core,fCD,R0_combo@5,26,121,漏網,37,0.701794,4.0,atr14=0.879|n_lu_250=0.874|r20=0.996|c_ma120=0.993|vr20=0.758|days_since_lu=0.021|dt_ratio20=NaN|lend_to_v=0.073|rev_yoy=0.346|o_turn=0.999|o_log_mcap=0.461|o_lu_follow=0.520,"官方日成交結構(MI_INDEX/dailyQuotes)=1|發行股數(MI_QFIIS/dailyQuotes)=1|外資持股(MI_QFIIS,僅上市)=0|自營商(T86/上櫃三大法人)=1|當沖(TWTB4U/上櫃intraday)=1|季財報(MOPS t163sb04)=1|月營收(MOPS/openapi)=1|官方產業別(MOPS t05st03)=1|融資券(MI_MARGN)=1|借券(TWT93U)=1|法人(T86)=1",939,inf,250.0,official_prepanel,18280.7,365.0,0.0,2.0,0,1,7.308,-5.769,15.0,7438.0,0,未扣成本·事後欄位以 m_ 標示·非投資建議
HC,2,2026-06-04,2026-06-05,4939,亞電,TPEx,R,R_core,fCD,R0_combo@5,71,149,漏網,81,0.537609,4.0,atr14=0.928|n_lu_250=0.933|r20=0.901|c_ma120=0.892|vr20=0.801|days_since_lu=0.087|dt_ratio20=NaN|lend_to_v=0.076|rev_yoy=0.425|o_turn=0.991|o_log_mcap=0.294|o_lu_follow=0.863,"官方日成交結構(MI_INDEX/dailyQuotes)=1|發行股數(MI_QFIIS/dailyQuotes)=1|外資持股(MI_QFIIS,僅上市)=0|自營商(T86/上櫃三大法人)=1|當沖(TWTB4U/上櫃intraday)=1|季財報(MOPS t163sb04)=1|月營收(MOPS/openapi)=1|官方產業別(MOPS t05st03)=1|融資券(MI_MARGN)=1|借券(TWT93U)=1|法人(T86)=1",941,inf,250.0,official_prepanel,8470.4,169.0,0.0,3.0,0,1,7.762,8.664,17.148,18050.0,0,未扣成本·事後欄位以 m_ 標示·非投資建議
HC,2,2026-06-04,2026-06-05,8043,蜜望實,TPEx,R,R_core,fCD,R0_combo@5,9,149,漏網,6,0.797716,4.0,atr14=0.985|n_lu_250=0.991|r20=0.989|c_ma120=0.955|vr20=0.232|days_since_lu=0.087|dt_ratio20=NaN|lend_to_v=0.044|rev_yoy=0.678|o_turn=0.991|o_log_mcap=0.505|o_lu_follow=0.837,"官方日成交結構(MI_INDEX/dailyQuotes)=1|發行股數(MI_QFIIS/dailyQuotes)=1|外資持股(MI_QFIIS,僅上市)=0|自營商(T86/上櫃三大法人)=1|當沖(TWTB4U/上櫃intraday)=1|季財報(MOPS t163sb04)=1|月營收(MOPS/openapi)=1|官方產業別(MOPS t05st03)=1|融資券(MI_MARGN)=1|借券(TWT93U)=1|法人(T86)=1",941,inf,250.0,official_prepanel,20489.25,409.0,0.0,1.0,0,1,11.538,33.916,58.392,27885.0,0,未扣成本·事後欄位以 m_ 標示·非投資建議
HC,2,2026-06-05,2026-06-08,1714,和桐,TWSE,R,R_core,fCD,R0_combo@5,144,158,漏網,477,0.210504,4.0,atr14=0.381|n_lu_250=0.449|r20=0.904|c_ma120=0.710|vr20=0.994|days_since_lu=0.011|dt_ratio20=0.581|lend_to_v=0.290|rev_yoy=0.875|o_turn=0.959|o_log_mcap=0.499|o_lu_follow=0.848,"官方日成交結構(MI_INDEX/dailyQuotes)=1|發行股數(MI_QFIIS/dailyQuotes)=1|外資持股(MI_QFIIS,僅上市)=1|自營商(T86/上櫃三大法人)=1|當沖(TWTB4U/上櫃intraday)=1|季財報(MOPS t163sb04)=1|月營收(MOPS/openapi)=1|官方產業別(MOPS t05st03)=1|融資券(MI_MARGN)=1|借券(TWT93U)=1|法人(T86)=1",942,inf,250.0,official_prepanel,12305.55,246.0,0.0,1.0,1,0,0.0,20.158,45.059,19135.0,0,未扣成本·事後欄位以 m_ 標示·非投資建議
HC,2,2026-06-08,2026-06-09,3362,先進光,TPEx,R,R_core,fCD,R0_combo@5,86,148,漏網,146,0.465372,4.0,atr14=0.627|n_lu_250=0.768|r20=0.978|c_ma120=0.888|vr20=0.856|days_since_lu=0.028|dt_ratio20=NaN|lend_to_v=0.537|rev_yoy=0.225|o_turn=0.916|o_log_mcap=0.657|o_lu_follow=0.292,"官方日成交結構(MI_INDEX/dailyQuotes)=1|發行股數(MI_QFIIS/dailyQuotes)=1|外資持股(MI_QFIIS,僅上市)=0|自營商(T86/上櫃三大法人)=1|當沖(TWTB4U/上櫃intraday)=1|季財報(MOPS t163sb04)=1|月營收(MOPS/openapi)=1|官方產業別(MOPS t05st03)=1|融資券(MI_MARGN)=1|借券(TWT93U)=1|法人(T86)=1",943,inf,250.0,official_prepanel,3398.05,67.0,0.0,1.0,0,1,8.741,23.427,30.07,2586.0,0,未扣成本·事後欄位以 m_ 標示·非投資建議
HC,2,2026-06-08,2026-06-09,8021,尖點,TWSE,R,R_core,fCD,R0_combo@5,46,148,漏網,85,0.637669,4.0,atr14=0.874|n_lu_250=0.993|r20=0.772|c_ma120=0.960|vr20=0.028|days_since_lu=0.236|dt_ratio20=NaN|lend_to_v=0.070|rev_yoy=0.863|o_turn=0.675|o_log_mcap=0.848|o_lu_follow=0.510,"官方日成交結構(MI_INDEX/dailyQuotes)=1|發行股數(MI_QFIIS/dailyQuotes)=1|外資持股(MI_QFIIS,僅上市)=1|自營商(T86/上櫃三大法人)=1|當沖(TWTB4U/上櫃intraday)=0|季財報(MOPS t163sb04)=1|月營收(MOPS/openapi)=1|官方產業別(MOPS t05st03)=1|融資券(MI_MARGN)=1|借券(TWT93U)=1|法人(T86)=1",943,inf,250.0,official_prepanel,6795.85,67.0,1.0,0.0,0,1,1.2,1.2,13.4,9684.0,0,未扣成本·事後欄位以 m_ 標示·非投資建議
HC,2,2026-06-10,2026-06-11,2483,百容,TWSE,R,R_core,fCD,R0_combo@5,61,109,漏網,194,0.465596,4.0,atr14=0.719|n_lu_250=0.415|r20=0.965|c_ma120=0.907|vr20=0.971|days_since_lu=0.069|dt_ratio20=0.890|lend_to_v=0.184|rev_yoy=0.501|o_turn=0.962|o_log_mcap=0.181|o_lu_follow=0.832,"官方日成交結構(MI_INDEX/dailyQuotes)=1|發行股數(MI_QFIIS/dailyQuotes)=1|外資持股(MI_QFIIS,僅上市)=1|自營商(T86/上櫃三大法人)=1|當沖(TWTB4U/上櫃intraday)=1|季財報(MOPS t163sb04)=1|月營收(MOPS/openapi)=1|官方產業別(MOPS t05st03)=1|融資券(MI_MARGN)=1|借券(TWT93U)=1|法人(T86)=1",945,inf,250.0,official_prepanel,3132.6,62.0,0.0,2.0,0,1,10.0,14.444,60.952,5781.0,0,未扣成本·事後欄位以 m_ 標示·非投資建議
HC,2,2026-06-10,2026-06-11,3532,台勝科,TWSE,R,R_core,fCD,R0_combo@5,22,109,漏網,50,0.729358,4.0,atr14=0.955|n_lu_250=0.974|r20=0.777|c_ma120=0.954|vr20=0.088|days_since_lu=0.190|dt_ratio20=NaN|lend_to_v=0.585|rev_yoy=0.519|o_turn=0.103|o_log_mcap=0.885|o_lu_follow=0.935,"官方日成交結構(MI_INDEX/dailyQuotes)=1|發行股數(MI_QFIIS/dailyQuotes)=1|外資持股(MI_QFIIS,僅上市)=1|自營商(T86/上櫃三大法人)=1|當沖(TWTB4U/上櫃intraday)=0|季財報(MOPS t163sb04)=1|月營收(MOPS/openapi)=1|官方產業別(MOPS t05st03)=1|融資券(MI_MARGN)=1|借券(TWT93U)=1|法人(T86)=1",945,inf,250.0,official_prepanel,2265.3,22.0,1.0,0.0,0,1,10.821,47.575,38.806,1087.0,1,未扣成本·事後欄位以 m_ 標示·非投資建議
HC,2,2026-06-11,2026-06-12,2493,揚博,TWSE,R,R_core,fCD,R0_combo@5,21,103,漏網,42,0.726335,4.0,atr14=0.877|n_lu_250=0.873|r20=0.970|c_ma120=0.951|vr20=0.953|days_since_lu=0.106|dt_ratio20=0.929|lend_to_v=0.354|rev_yoy=0.630|o_turn=0.987|o_log_mcap=0.687|o_lu_follow=0.141,"官方日成交結構(MI_INDEX/dailyQuotes)=1|發行股數(MI_QFIIS/dailyQuotes)=1|外資持股(MI_QFIIS,僅上市)=1|自營商(T86/上櫃三大法人)=1|當沖(TWTB4U/上櫃intraday)=1|季財報(MOPS t163sb04)=1|月營收(MOPS/openapi)=1|官方產業別(MOPS t05st03)=1|融資券(MI_MARGN)=1|借券(TWT93U)=1|法人(T86)=1",946,inf,250.0,official_prepanel,7211.55,144.0,0.0,0.0,1,0,0.0,32.126,31.401,2561.0,0,未扣成本·事後欄位以 m_ 標示·非投資建議
HC,2,2026-06-12,2026-06-15,2061,風青,TPEx,R,R_core,fCD,R0_combo@5,9,91,漏網,35,0.818971,4.0,atr14=0.933|n_lu_250=0.784|r20=0.994|c_ma120=0.978|vr20=0.135|days_since_lu=0.212|dt_ratio20=NaN|lend_to_v=0.090|rev_yoy=0.519|o_turn=0.723|o_log_mcap=0.065|o_lu_follow=0.822,"官方日成交結構(MI_INDEX/dailyQuotes)=1|發行股數(MI_QFIIS/dailyQuotes)=1|外資持股(MI_QFIIS,僅上市)=0|自營商(T86/上櫃三大法人)=1|當沖(TWTB4U/上櫃intraday)=0|季財報(MOPS t163sb04)=1|月營收(MOPS/openapi)=1|官方產業別(MOPS t05st03)=1|融資券(MI_MARGN)=1|借券(TWT93U)=1|法人(T86)=1",947,inf,250.0,official_prepanel,2299.15,22.0,1.0,0.0,0,1,2.054,48.909,55.327,802.0,1,未扣成本·事後欄位以 m_ 標示·非投資建議
HC,2,2026-06-12,2026-06-15,3362,先進光,TPEx,R,R_core,fCD,R0_combo@5,31,91,漏網,99,0.608974,4.0,atr14=0.683|n_lu_250=0.810|r20=0.980|c_ma120=0.932|vr20=0.966|days_since_lu=0.027|dt_ratio20=NaN|lend_to_v=0.410|rev_yoy=0.128|o_turn=0.964|o_log_mcap=0.688|o_lu_follow=0.471,"官方日成交結構(MI_INDEX/dailyQuotes)=1|發行股數(MI_QFIIS/dailyQuotes)=1|外資持股(MI_QFIIS,僅上市)=0|自營商(T86/上櫃三大法人)=1|當沖(TWTB4U/上櫃intraday)=1|季財報(MOPS t163sb04)=1|月營收(MOPS/openapi)=1|官方產業別(MOPS t05st03)=1|融資券(MI_MARGN)=1|借券(TWT93U)=1|法人(T86)=1",947,inf,250.0,official_prepanel,4858.45,97.0,0.0,2.0,0,1,9.288,26.935,13.003,6956.0,0,未扣成本·事後欄位以 m_ 標示·非投資建議
HC,2,2026-06-15,2026-06-16,3441,聯一光,TPEx,R,R_core,fCD,R0_combo@5,14,85,漏網,38,0.765109,4.0,atr14=0.856|n_lu_250=0.793|r20=1.000|c_ma120=0.994|vr20=0.941|days_since_lu=0.033|dt_ratio20=NaN|lend_to_v=0.043|rev_yoy=0.795|o_turn=1.000|o_log_mcap=0.137|o_lu_follow=0.817,"官方日成交結構(MI_INDEX/dailyQuotes)=1|發行股數(MI_QFIIS/dailyQuotes)=1|外資持股(MI_QFIIS,僅上市)=0|自營商(T86/上櫃三大法人)=1|當沖(TWTB4U/上櫃intraday)=1|季財報(MOPS t163sb04)=1|月營收(MOPS/openapi)=1|官方產業別(MOPS t05st03)=1|融資券(MI_MARGN)=1|借券(TWT93U)=1|法人(T86)=1",948,inf,250.0,official_prepanel,6548.35,130.0,0.0,2.0,0,1,10.354,11.853,8.992,13279.0,0,未扣成本·事後欄位以 m_ 標示·非投資建議
HC,2,2026-06-15,2026-06-16,3550,聯穎,TWSE,R,R_core,fCD,R0_combo@5,28,85,漏網,63,0.621306,4.0,atr14=0.795|n_lu_250=0.842|r20=0.976|c_ma120=0.938|vr20=0.896|days_since_lu=0.048|dt_ratio20=0.850|lend_to_v=0.052|rev_yoy=0.737|o_turn=0.981|o_log_mcap=0.140|o_lu_follow=0.546,"官方日成交結構(MI_INDEX/dailyQuotes)=1|發行股數(MI_QFIIS/dailyQuotes)=1|外資持股(MI_QFIIS,僅上市)=1|自營商(T86/上櫃三大法人)=1|當沖(TWTB4U/上櫃intraday)=1|季財報(MOPS t163sb04)=1|月營收(MOPS/openapi)=1|官方產業別(MOPS t05st03)=1|融資券(MI_MARGN)=1|借券(TWT93U)=1|法人(T86)=1",948,inf,250.0,official_prepanel,6591.8,131.0,0.0,2.0,0,1,10.179,25.0,13.571,10940.0,0,未扣成本·事後欄位以 m_ 標示·非投資建議
HC,2,2026-06-16,2026-06-17,1303,南亞,TWSE,R,R_core,fCD,R0_combo@5,43,89,漏網,97,0.528106,4.0,atr14=0.832|n_lu_250=0.759|r20=0.970|c_ma120=0.895|vr20=0.885|days_since_lu=0.024|dt_ratio20=0.871|lend_to_v=0.041|rev_yoy=0.691|o_turn=0.721|o_log_mcap=0.983|o_lu_follow=0.291,"官方日成交結構(MI_INDEX/dailyQuotes)=1|發行股數(MI_QFIIS/dailyQuotes)=1|外資持股(MI_QFIIS,僅上市)=1|自營商(T86/上櫃三大法人)=1|當沖(TWTB4U/上櫃intraday)=1|季財報(MOPS t163sb04)=1|月營收(MOPS/openapi)=1|官方產業別(MOPS t05st03)=1|融資券(MI_MARGN)=1|借券(TWT93U)=1|法人(T86)=1",949,inf,250.0,official_prepanel,79219.54,1584.0,0.0,0.0,0,1,10.48,36.245,59.825,92092.0,0,未扣成本·事後欄位以 m_ 標示·非投資建議
HC,2,2026-06-16,2026-06-17,3090,日電貿,TWSE,R,R_core,fCD,R0_combo@5,10,89,漏網,19,0.820751,4.0,atr14=0.921|n_lu_250=0.898|r20=0.997|c_ma120=0.997|vr20=0.967|days_since_lu=0.024|dt_ratio20=NaN|lend_to_v=0.196|rev_yoy=0.582|o_turn=0.991|o_log_mcap=0.862|o_lu_follow=0.782,"官方日成交結構(MI_INDEX/dailyQuotes)=1|發行股數(MI_QFIIS/dailyQuotes)=1|外資持股(MI_QFIIS,僅上市)=1|自營商(T86/上櫃三大法人)=1|當沖(TWTB4U/上櫃intraday)=1|季財報(MOPS t163sb04)=1|月營收(MOPS/openapi)=1|官方產業別(MOPS t05st03)=1|融資券(MI_MARGN)=1|借券(TWT93U)=1|法人(T86)=1",949,inf,250.0,official_prepanel,13538.15,270.0,0.0,1.0,0,1,12.037,12.222,17.037,25670.0,0,未扣成本·事後欄位以 m_ 標示·非投資建議
HC,2,2026-06-16,2026-06-17,6834,天二科技,TWSE,R,R_core,fCD,R0_combo@5,11,89,漏網,12,0.819491,4.0,atr14=0.962|n_lu_250=0.916|r20=0.990|c_ma120=0.996|vr20=0.976|days_since_lu=0.060|dt_ratio20=NaN|lend_to_v=0.065|rev_yoy=0.832|o_turn=0.994|o_log_mcap=0.381|o_lu_follow=0.837,"官方日成交結構(MI_INDEX/dailyQuotes)=1|發行股數(MI_QFIIS/dailyQuotes)=1|外資持股(MI_QFIIS,僅上市)=1|自營商(T86/上櫃三大法人)=1|當沖(TWTB4U/上櫃intraday)=1|季財報(MOPS t163sb04)=1|月營收(MOPS/openapi)=1|官方產業別(MOPS t05st03)=1|融資券(MI_MARGN)=1|借券(TWT93U)=1|法人(T86)=1",916,916.0,250.0,official,4240.5,84.0,0.0,1.0,0,1,2.667,36.111,41.111,5074.0,0,未扣成本·事後欄位以 m_ 標示·非投資建議
HC,2,2026-06-17,2026-06-18,2305,全友,TWSE,R,R_core,fCD,R0_combo@5,25,71,漏網,43,0.660664,4.0,atr14=0.810|n_lu_250=0.877|r20=0.999|c_ma120=0.990|vr20=0.977|days_since_lu=0.008|dt_ratio20=0.747|lend_to_v=0.076|rev_yoy=0.904|o_turn=0.992|o_log_mcap=0.340|o_lu_follow=0.879,"官方日成交結構(MI_INDEX/dailyQuotes)=1|發行股數(MI_QFIIS/dailyQuotes)=1|外資持股(MI_QFIIS,僅上市)=1|自營商(T86/上櫃三大法人)=1|當沖(TWTB4U/上櫃intraday)=1|季財報(MOPS t163sb04)=1|月營收(MOPS/openapi)=1|官方產業別(MOPS t05st03)=1|融資券(MI_MARGN)=1|借券(TWT93U)=1|法人(T86)=1",950,inf,250.0,official_prepanel,9177.6,183.0,0.0,0.0,0,1,9.967,23.529,22.876,9123.0,0,未扣成本·事後欄位以 m_ 標示·非投資建議
HC,2,2026-06-17,2026-06-18,2483,百容,TWSE,R,R_core,fCD,R0_combo@5,38,71,漏網,104,0.514789,4.0,atr14=0.921|n_lu_250=0.573|r20=0.990|c_ma120=0.957|vr20=0.906|days_since_lu=0.070|dt_ratio20=0.918|lend_to_v=0.099|rev_yoy=0.512|o_turn=0.959|o_log_mcap=0.206|o_lu_follow=0.900,"官方日成交結構(MI_INDEX/dailyQuotes)=1|發行股數(MI_QFIIS/dailyQuotes)=1|外資持股(MI_QFIIS,僅上市)=1|自營商(T86/上櫃三大法人)=1|當沖(TWTB4U/上櫃intraday)=1|季財報(MOPS t163sb04)=1|月營收(MOPS/openapi)=1|官方產業別(MOPS t05st03)=1|融資券(MI_MARGN)=1|借券(TWT93U)=1|法人(T86)=1",950,inf,250.0,official_prepanel,5018.9,100.0,0.0,2.0,0,1,9.834,40.443,69.252,8964.0,0,未扣成本·事後欄位以 m_ 標示·非投資建議
HC,2,2026-06-17,2026-06-18,3114,好德,TPEx,R,R_core,fCD,R0_combo@5,41,71,漏網,130,0.466927,4.0,atr14=0.906|n_lu_250=0.498|r20=0.996|c_ma120=0.940|vr20=0.138|days_since_lu=0.157|dt_ratio20=NaN|lend_to_v=0.052|rev_yoy=0.321|o_turn=0.647|o_log_mcap=0.128|o_lu_follow=0.961,"官方日成交結構(MI_INDEX/dailyQuotes)=1|發行股數(MI_QFIIS/dailyQuotes)=1|外資持股(MI_QFIIS,僅上市)=0|自營商(T86/上櫃三大法人)=1|當沖(TWTB4U/上櫃intraday)=0|季財報(MOPS t163sb04)=1|月營收(MOPS/openapi)=1|官方產業別(MOPS t05st03)=1|融資券(MI_MARGN)=1|借券(TWT93U)=1|法人(T86)=1",950,inf,250.0,official_prepanel,2182.4,21.0,1.0,0.0,0,1,6.111,28.222,5.444,1586.0,1,未扣成本·事後欄位以 m_ 標示·非投資建議
HC,2,2026-06-17,2026-06-18,3624,光頡,TPEx,R,R_core,fCD,R0_combo@5,8,71,漏網,11,0.796504,4.0,atr14=0.962|n_lu_250=0.916|r20=0.996|c_ma120=0.997|vr20=0.954|days_since_lu=0.008|dt_ratio20=NaN|lend_to_v=0.052|rev_yoy=0.685|o_turn=0.998|o_log_mcap=0.617|o_lu_follow=0.293,"官方日成交結構(MI_INDEX/dailyQuotes)=1|發行股數(MI_QFIIS/dailyQuotes)=1|外資持股(MI_QFIIS,僅上市)=0|自營商(T86/上櫃三大法人)=1|當沖(TWTB4U/上櫃intraday)=1|季財報(MOPS t163sb04)=1|月營收(MOPS/openapi)=1|官方產業別(MOPS t05st03)=1|融資券(MI_MARGN)=1|借券(TWT93U)=1|法人(T86)=1",950,inf,250.0,official_prepanel,16175.45,323.0,0.0,2.0,1,0,0.0,-4.05,-4.361,3681.0,0,未扣成本·事後欄位以 m_ 標示·非投資建議
HC,2,2026-06-17,2026-06-18,5468,凱鈺,TPEx,R,R_core,fCD,R0_combo@5,43,71,漏網,160,0.433677,4.0,atr14=0.391|n_lu_250=0.899|r20=0.996|c_ma120=0.922|vr20=0.996|days_since_lu=0.008|dt_ratio20=NaN|lend_to_v=0.021|rev_yoy=0.713|o_turn=0.960|o_log_mcap=0.035|o_lu_follow=0.985,"官方日成交結構(MI_INDEX/dailyQuotes)=1|發行股數(MI_QFIIS/dailyQuotes)=1|外資持股(MI_QFIIS,僅上市)=0|自營商(T86/上櫃三大法人)=1|當沖(TWTB4U/上櫃intraday)=0|季財報(MOPS t163sb04)=1|月營收(MOPS/openapi)=1|官方產業別(MOPS t05st03)=1|融資券(MI_MARGN)=1|借券(TWT93U)=1|法人(T86)=1",950,inf,250.0,official_prepanel,600.95,12.0,0.0,2.0,0,1,7.527,7.527,20.43,1324.0,1,未扣成本·事後欄位以 m_ 標示·非投資建議
HC,2,2026-06-18,2026-06-22,3016,嘉晶,TWSE,R,R_core,fCD,R0_combo@5,31,59,漏網,74,0.552418,4.0,atr14=0.945|n_lu_250=0.962|r20=0.704|c_ma120=0.962|vr20=0.803|days_since_lu=0.057|dt_ratio20=0.971|lend_to_v=0.057|rev_yoy=0.743|o_turn=0.919|o_log_mcap=0.769|o_lu_follow=0.947,"官方日成交結構(MI_INDEX/dailyQuotes)=1|發行股數(MI_QFIIS/dailyQuotes)=1|外資持股(MI_QFIIS,僅上市)=1|自營商(T86/上櫃三大法人)=1|當沖(TWTB4U/上櫃intraday)=1|季財報(MOPS t163sb04)=1|月營收(MOPS/openapi)=1|官方產業別(MOPS t05st03)=1|融資券(MI_MARGN)=1|借券(TWT93U)=1|法人(T86)=1",951,inf,250.0,official_prepanel,10684.6,213.0,0.0,0.0,0,1,7.336,-3.861,5.055,8907.0,0,未扣成本·事後欄位以 m_ 標示·非投資建議
HC,2,2026-06-18,2026-06-22,6715,嘉基,TWSE,R,R_core,fCD,R0_combo@5,34,59,漏網,230,0.484402,4.0,atr14=0.922|n_lu_250=0.949|r20=0.271|c_ma120=0.959|vr20=0.777|days_since_lu=0.012|dt_ratio20=0.675|lend_to_v=0.235|rev_yoy=0.064|o_turn=0.592|o_log_mcap=0.749|o_lu_follow=0.937,"官方日成交結構(MI_INDEX/dailyQuotes)=1|發行股數(MI_QFIIS/dailyQuotes)=1|外資持股(MI_QFIIS,僅上市)=1|自營商(T86/上櫃三大法人)=1|當沖(TWTB4U/上櫃intraday)=1|季財報(MOPS t163sb04)=1|月營收(MOPS/openapi)=1|官方產業別(MOPS t05st03)=1|融資券(MI_MARGN)=1|借券(TWT93U)=1|法人(T86)=1",951,inf,250.0,official_prepanel,560.35,11.0,0.0,1.0,1,0,0.0,-12.162,-5.182,1188.0,0,未扣成本·事後欄位以 m_ 標示·非投資建議
HC,2,2026-06-23,2026-06-24,2483,百容,TWSE,R,R_core,fCD,R0_combo@5,32,91,漏網,77,0.616063,4.0,atr14=0.966|n_lu_250=0.682|r20=0.997|c_ma120=0.985|vr20=0.934|days_since_lu=0.025|dt_ratio20=0.930|lend_to_v=0.078|rev_yoy=0.524|o_turn=0.982|o_log_mcap=0.254|o_lu_follow=0.945,"官方日成交結構(MI_INDEX/dailyQuotes)=1|發行股數(MI_QFIIS/dailyQuotes)=1|外資持股(MI_QFIIS,僅上市)=1|自營商(T86/上櫃三大法人)=1|當沖(TWTB4U/上櫃intraday)=1|季財報(MOPS t163sb04)=1|月營收(MOPS/openapi)=1|官方產業別(MOPS t05st03)=1|融資券(MI_MARGN)=1|借券(TWT93U)=1|法人(T86)=1",953,inf,250.0,official_prepanel,6284.6,125.0,0.0,0.0,0,1,11.084,37.59,58.072,11990.0,0,未扣成本·事後欄位以 m_ 標示·非投資建議
HC,2,2026-06-23,2026-06-24,3114,好德,TPEx,R,R_core,fCD,R0_combo@5,47,91,漏網,94,0.542288,4.0,atr14=0.953|n_lu_250=0.632|r20=0.997|c_ma120=0.966|vr20=0.676|days_since_lu=0.025|dt_ratio20=NaN|lend_to_v=0.051|rev_yoy=0.334|o_turn=0.862|o_log_mcap=0.161|o_lu_follow=0.970,"官方日成交結構(MI_INDEX/dailyQuotes)=1|發行股數(MI_QFIIS/dailyQuotes)=1|外資持股(MI_QFIIS,僅上市)=0|自營商(T86/上櫃三大法人)=1|當沖(TWTB4U/上櫃intraday)=0|季財報(MOPS t163sb04)=1|月營收(MOPS/openapi)=1|官方產業別(MOPS t05st03)=1|融資券(MI_MARGN)=1|借券(TWT93U)=1|法人(T86)=1",953,inf,250.0,official_prepanel,2399.5,23.0,1.0,0.0,0,1,10.876,2.746,-10.243,3529.0,0,未扣成本·事後欄位以 m_ 標示·非投資建議
HC,2,2026-06-23,2026-06-24,5328,華容,TPEx,R,R_core,fCD,R0_combo@5,13,91,漏網,10,0.726141,4.0,atr14=0.945|n_lu_250=0.976|r20=0.983|c_ma120=0.985|vr20=0.358|days_since_lu=0.064|dt_ratio20=NaN|lend_to_v=0.046|rev_yoy=0.624|o_turn=0.992|o_log_mcap=0.441|o_lu_follow=0.877,"官方日成交結構(MI_INDEX/dailyQuotes)=1|發行股數(MI_QFIIS/dailyQuotes)=1|外資持股(MI_QFIIS,僅上市)=0|自營商(T86/上櫃三大法人)=1|當沖(TWTB4U/上櫃intraday)=1|季財報(MOPS t163sb04)=1|月營收(MOPS/openapi)=1|官方產業別(MOPS t05st03)=1|融資券(MI_MARGN)=1|借券(TWT93U)=1|法人(T86)=1",953,inf,250.0,official_prepanel,37761.95,755.0,0.0,3.0,0,1,12.379,37.524,46.809,28356.0,0,未扣成本·事後欄位以 m_ 標示·非投資建議
HC,2,2026-06-29,2026-06-30,1303,南亞,TWSE,R,R_core,fCD,R0_combo@5,45,101,漏網,61,0.573832,4.0,atr14=0.828|n_lu_250=0.827|r20=0.995|c_ma120=0.986|vr20=0.210|days_since_lu=0.073|dt_ratio20=0.845|lend_to_v=0.050|rev_yoy=0.686|o_turn=0.337|o_log_mcap=0.985|o_lu_follow=0.544,"官方日成交結構(MI_INDEX/dailyQuotes)=1|發行股數(MI_QFIIS/dailyQuotes)=1|外資持股(MI_QFIIS,僅上市)=1|自營商(T86/上櫃三大法人)=1|當沖(TWTB4U/上櫃intraday)=0|季財報(MOPS t163sb04)=1|月營收(MOPS/openapi)=1|官方產業別(MOPS t05st03)=1|融資券(MI_MARGN)=1|借券(TWT93U)=1|法人(T86)=1",957,inf,250.0,official_prepanel,80229.15,802.0,1.0,3.0,0,1,6.051,17.834,34.404,32182.0,1,未扣成本·事後欄位以 m_ 標示·非投資建議
HC,2,2026-06-29,2026-06-30,2375,凱美,TWSE,R,R_core,fCD,R0_combo@5,20,101,漏網,27,0.686319,4.0,atr14=0.985|n_lu_250=0.924|r20=0.912|c_ma120=0.988|vr20=0.742|days_since_lu=0.109|dt_ratio20=NaN|lend_to_v=0.125|rev_yoy=0.312|o_turn=0.993|o_log_mcap=0.665|o_lu_follow=0.800,"官方日成交結構(MI_INDEX/dailyQuotes)=1|發行股數(MI_QFIIS/dailyQuotes)=1|外資持股(MI_QFIIS,僅上市)=1|自營商(T86/上櫃三大法人)=1|當沖(TWTB4U/上櫃intraday)=1|季財報(MOPS t163sb04)=1|月營收(MOPS/openapi)=1|官方產業別(MOPS t05st03)=1|融資券(MI_MARGN)=1|借券(TWT93U)=1|法人(T86)=1",957,inf,250.0,official_prepanel,13579.95,271.0,0.0,1.0,0,1,8.462,6.923,-11.795,8486.0,0,未扣成本·事後欄位以 m_ 標示·非投資建議
HC,2,2026-06-29,2026-06-30,2434,統懋,TWSE,R,R_core,fCD,R0_combo@5,78,101,漏網,232,0.325058,4.0,atr14=0.944|n_lu_250=0.673|r20=0.508|c_ma120=0.828|vr20=0.946|days_since_lu=0.048|dt_ratio20=0.838|lend_to_v=0.142|rev_yoy=0.157|o_turn=0.870|o_log_mcap=0.032|o_lu_follow=0.943,"官方日成交結構(MI_INDEX/dailyQuotes)=1|發行股數(MI_QFIIS/dailyQuotes)=1|外資持股(MI_QFIIS,僅上市)=1|自營商(T86/上櫃三大法人)=1|當沖(TWTB4U/上櫃intraday)=1|季財報(MOPS t163sb04)=1|月營收(MOPS/openapi)=1|官方產業別(MOPS t05st03)=1|融資券(MI_MARGN)=1|借券(TWT93U)=1|法人(T86)=1",957,inf,250.0,official_prepanel,512.85,10.0,0.0,3.0,0,1,8.354,35.411,87.282,466.0,0,未扣成本·事後欄位以 m_ 標示·非投資建議
HC,2,2026-06-29,2026-06-30,3532,台勝科,TWSE,R,R_core,fCD,R0_combo@5,35,101,漏網,79,0.616137,4.0,atr14=0.912|n_lu_250=0.987|r20=0.693|c_ma120=0.986|vr20=0.047|days_since_lu=0.148|dt_ratio20=NaN|lend_to_v=0.484|rev_yoy=0.616|o_turn=0.114|o_log_mcap=0.904|o_lu_follow=0.967,"官方日成交結構(MI_INDEX/dailyQuotes)=1|發行股數(MI_QFIIS/dailyQuotes)=1|外資持股(MI_QFIIS,僅上市)=1|自營商(T86/上櫃三大法人)=1|當沖(TWTB4U/上櫃intraday)=0|季財報(MOPS t163sb04)=1|月營收(MOPS/openapi)=1|官方產業別(MOPS t05st03)=1|融資券(MI_MARGN)=1|借券(TWT93U)=1|法人(T86)=1",957,inf,250.0,official_prepanel,2629.95,26.0,1.0,1.0,1,0,0.0,11.538,40.411,335.0,1,未扣成本·事後欄位以 m_ 標示·非投資建議
HC,2,2026-06-29,2026-06-30,6173,信昌電,TPEx,R,R_core,fCD,R0_combo@5,10,101,漏網,15,0.7543,4.0,atr14=0.951|n_lu_250=0.964|r20=0.936|c_ma120=0.999|vr20=0.017|days_since_lu=0.168|dt_ratio20=NaN|lend_to_v=0.123|rev_yoy=0.629|o_turn=0.492|o_log_mcap=0.801|o_lu_follow=0.965,"官方日成交結構(MI_INDEX/dailyQuotes)=1|發行股數(MI_QFIIS/dailyQuotes)=1|外資持股(MI_QFIIS,僅上市)=0|自營商(T86/上櫃三大法人)=1|當沖(TWTB4U/上櫃intraday)=0|季財報(MOPS t163sb04)=1|月營收(MOPS/openapi)=1|官方產業別(MOPS t05st03)=1|融資券(MI_MARGN)=1|借券(TWT93U)=1|法人(T86)=1",957,inf,250.0,official_prepanel,6261.9,62.0,1.0,0.0,0,1,5.612,7.313,-18.168,1236.0,1,未扣成本·事後欄位以 m_ 標示·非投資建議
HC,2,2026-06-29,2026-06-30,6182,合晶,TPEx,R,R_core,fCD,R0_combo@5,14,101,漏網,24,0.737686,4.0,atr14=0.988|n_lu_250=0.939|r20=0.886|c_ma120=0.999|vr20=0.958|days_since_lu=0.148|dt_ratio20=NaN|lend_to_v=0.189|rev_yoy=0.472|o_turn=0.998|o_log_mcap=0.845|o_lu_follow=0.950,"官方日成交結構(MI_INDEX/dailyQuotes)=1|發行股數(MI_QFIIS/dailyQuotes)=1|外資持股(MI_QFIIS,僅上市)=0|自營商(T86/上櫃三大法人)=1|當沖(TWTB4U/上櫃intraday)=1|季財報(MOPS t163sb04)=1|月營收(MOPS/openapi)=1|官方產業別(MOPS t05st03)=1|融資券(MI_MARGN)=1|借券(TWT93U)=1|法人(T86)=1",957,inf,250.0,official_prepanel,49199.05,983.0,0.0,1.0,0,1,2.929,30.544,56.067,23943.0,0,未扣成本·事後欄位以 m_ 標示·非投資建議
HC,2,2026-06-29,2026-06-30,6207,雷科,TPEx,R,R_core,fCD,R0_combo@5,9,101,漏網,11,0.759963,4.0,atr14=0.995|n_lu_250=0.939|r20=0.937|c_ma120=0.990|vr20=0.582|days_since_lu=0.132|dt_ratio20=NaN|lend_to_v=0.062|rev_yoy=0.676|o_turn=0.997|o_log_mcap=0.488|o_lu_follow=0.837,"官方日成交結構(MI_INDEX/dailyQuotes)=1|發行股數(MI_QFIIS/dailyQuotes)=1|外資持股(MI_QFIIS,僅上市)=0|自營商(T86/上櫃三大法人)=1|當沖(TWTB4U/上櫃intraday)=1|季財報(MOPS t163sb04)=1|月營收(MOPS/openapi)=1|官方產業別(MOPS t05st03)=1|融資券(MI_MARGN)=1|借券(TWT93U)=1|法人(T86)=1",957,inf,250.0,official_prepanel,18240.9,364.0,0.0,2.0,0,1,5.396,4.676,-2.878,8054.0,0,未扣成本·事後欄位以 m_ 標示·非投資建議
HC,2,2026-06-29,2026-06-30,6488,環球晶,TPEx,R,R_core,fCD,R0_combo@5,61,101,漏網,239,0.465522,4.0,atr14=0.949|n_lu_250=0.893|r20=0.247|c_ma120=0.954|vr20=0.648|days_since_lu=0.148|dt_ratio20=NaN|lend_to_v=0.790|rev_yoy=0.224|o_turn=0.531|o_log_mcap=0.959|o_lu_follow=0.469,"官方日成交結構(MI_INDEX/dailyQuotes)=1|發行股數(MI_QFIIS/dailyQuotes)=1|外資持股(MI_QFIIS,僅上市)=0|自營商(T86/上櫃三大法人)=1|當沖(TWTB4U/上櫃intraday)=0|季財報(MOPS t163sb04)=1|月營收(MOPS/openapi)=1|官方產業別(MOPS t05st03)=1|融資券(MI_MARGN)=1|借券(TWT93U)=1|法人(T86)=1",957,inf,250.0,official_prepanel,4176.5,41.0,1.0,2.0,0,1,4.579,38.918,57.648,2384.0,1,未扣成本·事後欄位以 m_ 標示·非投資建議
HC,2,2026-06-29,2026-06-30,8261,富鼎,TWSE,R,R_core,fCD,R0_combo@5,38,101,漏網,54,0.592172,4.0,atr14=0.912|n_lu_250=0.803|r20=0.981|c_ma120=0.995|vr20=0.865|days_since_lu=0.048|dt_ratio20=0.931|lend_to_v=0.123|rev_yoy=0.297|o_turn=0.993|o_log_mcap=0.734|o_lu_follow=0.889,"官方日成交結構(MI_INDEX/dailyQuotes)=1|發行股數(MI_QFIIS/dailyQuotes)=1|外資持股(MI_QFIIS,僅上市)=1|自營商(T86/上櫃三大法人)=1|當沖(TWTB4U/上櫃intraday)=1|季財報(MOPS t163sb04)=1|月營收(MOPS/openapi)=1|官方產業別(MOPS t05st03)=1|融資券(MI_MARGN)=1|借券(TWT93U)=1|法人(T86)=1",957,inf,250.0,official_prepanel,11748.4,234.0,0.0,3.0,0,1,6.496,38.583,22.628,7219.0,0,未扣成本·事後欄位以 m_ 標示·非投資建議
HC,2,2026-06-30,2026-07-01,2484,希華,TWSE,R,R_core,fCD,R0_combo@5,6,74,漏網,7,0.787491,4.0,atr14=0.969|n_lu_250=0.949|r20=0.981|c_ma120=0.995|vr20=0.792|days_since_lu=0.015|dt_ratio20=0.998|lend_to_v=0.076|rev_yoy=0.362|o_turn=1.000|o_log_mcap=0.505|o_lu_follow=0.306,"官方日成交結構(MI_INDEX/dailyQuotes)=1|發行股數(MI_QFIIS/dailyQuotes)=1|外資持股(MI_QFIIS,僅上市)=1|自營商(T86/上櫃三大法人)=1|當沖(TWTB4U/上櫃intraday)=1|季財報(MOPS t163sb04)=1|月營收(MOPS/openapi)=1|官方產業別(MOPS t05st03)=1|融資券(MI_MARGN)=1|借券(TWT93U)=1|法人(T86)=1",958,inf,250.0,official_prepanel,44806.4,896.0,0.0,2.0,0,1,0.377,9.56,2.516,16528.0,0,未扣成本·事後欄位以 m_ 標示·非投資建議
HC,3,2026-07-01,2026-07-02,1718,中纖,TWSE,R,R_core,fCD,R0_combo@5,47,85,漏網,89,0.497466,4.0,atr14=0.754|n_lu_250=0.741|r20=0.995|c_ma120=0.968|vr20=0.993|days_since_lu=0.025|dt_ratio20=NaN|lend_to_v=0.161|rev_yoy=0.427|o_turn=0.994|o_log_mcap=0.647|o_lu_follow=0.996,"官方日成交結構(MI_INDEX/dailyQuotes)=1|發行股數(MI_QFIIS/dailyQuotes)=1|外資持股(MI_QFIIS,僅上市)=1|自營商(T86/上櫃三大法人)=1|當沖(TWTB4U/上櫃intraday)=1|季財報(MOPS t163sb04)=0|月營收(MOPS/openapi)=1|官方產業別(MOPS t05st03)=1|融資券(MI_MARGN)=1|借券(TWT93U)=1|法人(T86)=1",959,inf,250.0,official_prepanel,54272.95,1085.0,0.0,1.0,0,1,7.937,13.095,16.27,63747.0,0,未扣成本·事後欄位以 m_ 標示·非投資建議
HC,3,2026-07-02,2026-07-03,5371,,TPEx,R,R_core,fCD,R0_combo@5,76,85,漏網,216,0.242877,4.0,atr14=0.683|n_lu_250=0.744|r20=0.890|c_ma120=0.529|vr20=0.962|days_since_lu=0.052|dt_ratio20=NaN|lend_to_v=0.540|rev_yoy=0.387|o_turn=0.980|o_log_mcap=0.731|o_lu_follow=0.284,"官方日成交結構(MI_INDEX/dailyQuotes)=1|發行股數(MI_QFIIS/dailyQuotes)=1|外資持股(MI_QFIIS,僅上市)=0|自營商(T86/上櫃三大法人)=1|當沖(TWTB4U/上櫃intraday)=1|季財報(MOPS t163sb04)=0|月營收(MOPS/openapi)=1|官方產業別(MOPS t05st03)=0|融資券(MI_MARGN)=1|借券(TWT93U)=1|法人(T86)=1",960,inf,250.0,fallback_prepanel,11916.8,238.0,0.0,0.0,0,1,10.178,10.296,-3.55,40233.0,0,未扣成本·事後欄位以 m_ 標示·非投資建議
HC,3,2026-07-07,2026-07-08,2434,統懋,TWSE,R,R_core,fCD,R0_combo@5,20,82,漏網,49,0.6875,4.0,atr14=0.955|n_lu_250=0.766|r20=0.992|c_ma120=0.960|vr20=0.881|days_since_lu=0.056|dt_ratio20=0.889|lend_to_v=0.089|rev_yoy=0.155|o_turn=0.877|o_log_mcap=0.045|o_lu_follow=0.988,"官方日成交結構(MI_INDEX/dailyQuotes)=1|發行股數(MI_QFIIS/dailyQuotes)=1|外資持股(MI_QFIIS,僅上市)=1|自營商(T86/上櫃三大法人)=1|當沖(TWTB4U/上櫃intraday)=1|季財報(MOPS t163sb04)=1|月營收(MOPS/openapi)=1|官方產業別(MOPS t05st03)=1|融資券(MI_MARGN)=1|借券(TWT93U)=1|法人(T86)=1",963,inf,250.0,official_prepanel,817.7,16.0,0.0,2.0,0,1,9.922,60.7,39.689,915.0,0,未扣成本·事後欄位以 m_ 標示·非投資建議
HC,3,2026-07-07,2026-07-08,3374,精材,TPEx,R,R_core,fCD,R0_combo@5,44,82,漏網,111,0.483232,4.0,atr14=0.908|n_lu_250=0.630|r20=0.940|c_ma120=0.920|vr20=0.835|days_since_lu=0.225|dt_ratio20=NaN|lend_to_v=0.109|rev_yoy=0.769|o_turn=0.954|o_log_mcap=0.846|o_lu_follow=0.783,"官方日成交結構(MI_INDEX/dailyQuotes)=1|發行股數(MI_QFIIS/dailyQuotes)=1|外資持股(MI_QFIIS,僅上市)=0|自營商(T86/上櫃三大法人)=1|當沖(TWTB4U/上櫃intraday)=1|季財報(MOPS t163sb04)=1|月營收(MOPS/openapi)=1|官方產業別(MOPS t05st03)=1|融資券(MI_MARGN)=1|借券(TWT93U)=1|法人(T86)=1",963,inf,250.0,official_prepanel,12071.0,241.0,0.0,0.0,0,1,3.674,28.435,33.546,17058.0,0,未扣成本·事後欄位以 m_ 標示·非投資建議
HC,3,2026-07-07,2026-07-08,4556,旭然,TPEx,R,R_core,fCD,R0_combo@5,8,82,漏網,20,0.789634,4.0,atr14=0.863|n_lu_250=0.926|r20=0.998|c_ma120=0.995|vr20=0.909|days_since_lu=0.056|dt_ratio20=NaN|lend_to_v=0.075|rev_yoy=0.288|o_turn=0.804|o_log_mcap=0.176|o_lu_follow=0.987,"官方日成交結構(MI_INDEX/dailyQuotes)=1|發行股數(MI_QFIIS/dailyQuotes)=1|外資持股(MI_QFIIS,僅上市)=0|自營商(T86/上櫃三大法人)=1|當沖(TWTB4U/上櫃intraday)=1|季財報(MOPS t163sb04)=1|月營收(MOPS/openapi)=1|官方產業別(MOPS t05st03)=1|融資券(MI_MARGN)=1|借券(TWT93U)=1|法人(T86)=1",963,inf,250.0,official_prepanel,555.5,11.0,0.0,0.0,0,1,5.341,45.258,51.549,712.0,0,未扣成本·事後欄位以 m_ 標示·非投資建議
HC,3,2026-07-08,2026-07-09,5488,松普,TPEx,R,R_core,fCD,R0_combo@5,53,61,漏網,219,0.252049,4.0,atr14=0.656|n_lu_250=0.451|r20=0.875|c_ma120=0.884|vr20=0.923|days_since_lu=0.058|dt_ratio20=NaN|lend_to_v=0.128|rev_yoy=0.559|o_turn=0.868|o_log_mcap=0.017|o_lu_follow=0.570,"官方日成交結構(MI_INDEX/dailyQuotes)=1|發行股數(MI_QFIIS/dailyQuotes)=1|外資持股(MI_QFIIS,僅上市)=0|自營商(T86/上櫃三大法人)=1|當沖(TWTB4U/上櫃intraday)=1|季財報(MOPS t163sb04)=1|月營收(MOPS/openapi)=1|官方產業別(MOPS t05st03)=1|融資券(MI_MARGN)=1|借券(TWT93U)=1|法人(T86)=1",964,inf,250.0,official_prepanel,1456.6,29.0,0.0,0.0,0,1,8.0,9.333,-3.0,7812.0,0,未扣成本·事後欄位以 m_ 標示·非投資建議
HC,3,2026-07-08,2026-07-09,6488,環球晶,TPEx,R,R_core,fCD,R0_combo@5,11,61,漏網,30,0.731557,4.0,atr14=0.836|n_lu_250=0.901|r20=0.992|c_ma120=0.991|vr20=0.930|days_since_lu=0.128|dt_ratio20=NaN|lend_to_v=0.620|rev_yoy=0.214|o_turn=0.824|o_log_mcap=0.970|o_lu_follow=0.532,"官方日成交結構(MI_INDEX/dailyQuotes)=1|發行股數(MI_QFIIS/dailyQuotes)=1|外資持股(MI_QFIIS,僅上市)=0|自營商(T86/上櫃三大法人)=1|當沖(TWTB4U/上櫃intraday)=1|季財報(MOPS t163sb04)=1|月營收(MOPS/openapi)=1|官方產業別(MOPS t05st03)=1|融資券(MI_MARGN)=1|借券(TWT93U)=1|法人(T86)=1",964,inf,250.0,official_prepanel,6127.35,122.0,0.0,3.0,0,1,2.662,4.585,-14.5,6897.0,0,未扣成本·事後欄位以 m_ 標示·非投資建議
HC,3,2026-07-17,2026-07-20,1467,南緯,TWSE,R,R_relax,fP10|fCD,R0_combo@5,46,53,漏網,123,0.283019,4.0,atr14=0.658|n_lu_250=0.426|r20=0.974|c_ma120=0.827|vr20=0.378|days_since_lu=0.155|dt_ratio20=0.374|lend_to_v=0.349|rev_yoy=0.551|o_turn=0.128|o_log_mcap=0.067|o_lu_follow=0.960,"官方日成交結構(MI_INDEX/dailyQuotes)=1|發行股數(MI_QFIIS/dailyQuotes)=1|外資持股(MI_QFIIS,僅上市)=1|自營商(T86/上櫃三大法人)=1|當沖(TWTB4U/上櫃intraday)=1|季財報(MOPS t163sb04)=1|月營收(MOPS/openapi)=1|官方產業別(MOPS t05st03)=1|融資券(MI_MARGN)=1|借券(TWT93U)=1|法人(T86)=1",970,inf,250.0,official_prepanel,942.8,18.0,0.0,0.0,0,1,8.503,13.379,5.896,1153.0,0,未扣成本·事後欄位以 m_ 標示·非投資建議
HC,3,2026-07-17,2026-07-20,3577,泓格,TPEx,R,R_core,fCD,R0_combo@5,33,53,漏網,47,0.459906,4.0,atr14=0.744|n_lu_250=0.768|r20=0.945|c_ma120=0.969|vr20=0.989|days_since_lu=0.005|dt_ratio20=NaN|lend_to_v=0.313|rev_yoy=0.895|o_turn=0.878|o_log_mcap=0.388|o_lu_follow=0.552,"官方日成交結構(MI_INDEX/dailyQuotes)=1|發行股數(MI_QFIIS/dailyQuotes)=1|外資持股(MI_QFIIS,僅上市)=0|自營商(T86/上櫃三大法人)=1|當沖(TWTB4U/上櫃intraday)=1|季財報(MOPS t163sb04)=1|月營收(MOPS/openapi)=1|官方產業別(MOPS t05st03)=1|融資券(MI_MARGN)=1|借券(TWT93U)=1|法人(T86)=1",970,inf,250.0,official_prepanel,663.05,13.0,0.0,0.0,0,1,8.333,10.985,-11.364,2122.0,0,未扣成本·事後欄位以 m_ 標示·非投資建議
HC,3,2026-07-17,2026-07-20,4939,亞電,TPEx,R,R_core,fCD,R0_combo@5,31,53,漏網,122,0.46934,4.0,atr14=0.813|n_lu_250=0.933|r20=0.512|c_ma120=0.958|vr20=0.992|days_since_lu=0.005|dt_ratio20=NaN|lend_to_v=0.186|rev_yoy=0.746|o_turn=1.000|o_log_mcap=0.314|o_lu_follow=0.864,"官方日成交結構(MI_INDEX/dailyQuotes)=1|發行股數(MI_QFIIS/dailyQuotes)=1|外資持股(MI_QFIIS,僅上市)=0|自營商(T86/上櫃三大法人)=1|當沖(TWTB4U/上櫃intraday)=1|季財報(MOPS t163sb04)=1|月營收(MOPS/openapi)=1|官方產業別(MOPS t05st03)=1|融資券(MI_MARGN)=1|借券(TWT93U)=1|法人(T86)=1",970,inf,250.0,official_prepanel,8402.95,168.0,0.0,0.0,0,1,5.246,-0.318,-19.237,29118.0,0,未扣成本·事後欄位以 m_ 標示·非投資建議
HC,3,2026-07-20,2026-07-21,1810,和成,TWSE,R,R_core,fCD,R0_combo@5,14,42,漏網,36,0.604167,4.0,atr14=0.761|n_lu_250=0.683|r20=0.994|c_ma120=0.976|vr20=0.985|days_since_lu=0.049|dt_ratio20=0.972|lend_to_v=0.228|rev_yoy=0.123|o_turn=0.997|o_log_mcap=0.398|o_lu_follow=0.272,"官方日成交結構(MI_INDEX/dailyQuotes)=1|發行股數(MI_QFIIS/dailyQuotes)=1|外資持股(MI_QFIIS,僅上市)=1|自營商(T86/上櫃三大法人)=1|當沖(TWTB4U/上櫃intraday)=1|季財報(MOPS t163sb04)=1|月營收(MOPS/openapi)=1|官方產業別(MOPS t05st03)=1|融資券(MI_MARGN)=1|借券(TWT93U)=1|法人(T86)=1",971,inf,250.0,official_prepanel,18362.55,367.0,0.0,2.0,0,1,10.893,-5.357,-14.821,32703.0,0,未扣成本·事後欄位以 m_ 標示·非投資建議
HC,3,2026-07-20,2026-07-21,3374,精材,TPEx,R,R_core,fCD,R0_combo@5,9,42,漏網,28,0.66369,4.0,atr14=0.826|n_lu_250=0.683|r20=0.993|c_ma120=0.990|vr20=0.679|days_since_lu=0.029|dt_ratio20=NaN|lend_to_v=0.077|rev_yoy=0.830|o_turn=0.983|o_log_mcap=0.869|o_lu_follow=0.841,"官方日成交結構(MI_INDEX/dailyQuotes)=1|發行股數(MI_QFIIS/dailyQuotes)=1|外資持股(MI_QFIIS,僅上市)=0|自營商(T86/上櫃三大法人)=1|當沖(TWTB4U/上櫃intraday)=1|季財報(MOPS t163sb04)=1|月營收(MOPS/openapi)=1|官方產業別(MOPS t05st03)=1|融資券(MI_MARGN)=1|借券(TWT93U)=1|法人(T86)=1",971,inf,250.0,official_prepanel,17889.05,357.0,0.0,2.0,0,1,8.262,-1.709,-13.248,19297.0,0,未扣成本·事後欄位以 m_ 標示·非投資建議
HC,3,2026-07-20,2026-07-21,8039,台虹,TWSE,R,R_core,fCD,R0_combo@5,11,42,漏網,19,0.654762,4.0,atr14=0.634|n_lu_250=0.933|r20=0.992|c_ma120=0.983|vr20=0.995|days_since_lu=0.006|dt_ratio20=0.987|lend_to_v=0.164|rev_yoy=0.161|o_turn=0.999|o_log_mcap=0.802|o_lu_follow=0.856,"官方日成交結構(MI_INDEX/dailyQuotes)=1|發行股數(MI_QFIIS/dailyQuotes)=1|外資持股(MI_QFIIS,僅上市)=1|自營商(T86/上櫃三大法人)=1|當沖(TWTB4U/上櫃intraday)=1|季財報(MOPS t163sb04)=1|月營收(MOPS/openapi)=1|官方產業別(MOPS t05st03)=1|融資券(MI_MARGN)=1|借券(TWT93U)=1|法人(T86)=1",971,inf,250.0,official_prepanel,17124.4,342.0,0.0,3.0,0,1,8.163,10.204,-2.806,13175.0,0,未扣成本·事後欄位以 m_ 標示·非投資建議
HC,3,2026-07-30,2026-07-31,2493,揚博,TWSE,R,R_core,fCD,R0_combo@5,13,30,漏網,134,0.541667,4.0,atr14=0.979|n_lu_250=0.933|r20=0.027|c_ma120=0.816|vr20=0.705|days_since_lu=0.032|dt_ratio20=0.763|lend_to_v=0.223|rev_yoy=0.645|o_turn=0.909|o_log_mcap=0.668|o_lu_follow=0.467,"官方日成交結構(MI_INDEX/dailyQuotes)=1|發行股數(MI_QFIIS/dailyQuotes)=1|外資持股(MI_QFIIS,僅上市)=1|自營商(T86/上櫃三大法人)=1|當沖(TWTB4U/上櫃intraday)=1|季財報(MOPS t163sb04)=1|月營收(MOPS/openapi)=1|官方產業別(MOPS t05st03)=1|融資券(MI_MARGN)=1|借券(TWT93U)=1|法人(T86)=1",979,inf,250.0,official_prepanel,4071.0,81.0,0.0,0.0,1,0,0.0,20.879,29.67,2546.0,0,未扣成本·事後欄位以 m_ 標示·非投資建議
HC,3,2026-07-30,2026-07-31,3037,欣興,TWSE,R,R_core,fCD,R0_combo@5,25,30,漏網,201,0.366667,4.0,atr14=0.895|n_lu_250=0.869|r20=0.200|c_ma120=0.676|vr20=0.954|days_since_lu=0.032|dt_ratio20=0.931|lend_to_v=0.089|rev_yoy=0.688|o_turn=0.910|o_log_mcap=0.990|o_lu_follow=0.466,"官方日成交結構(MI_INDEX/dailyQuotes)=1|發行股數(MI_QFIIS/dailyQuotes)=1|外資持股(MI_QFIIS,僅上市)=1|自營商(T86/上櫃三大法人)=1|當沖(TWTB4U/上櫃intraday)=1|季財報(MOPS t163sb04)=1|月營收(MOPS/openapi)=1|官方產業別(MOPS t05st03)=1|融資券(MI_MARGN)=1|借券(TWT93U)=1|法人(T86)=1",979,inf,250.0,official_prepanel,28640.5,572.0,0.0,1.0,1,0,0.0,23.634,27.065,3142.0,0,未扣成本·事後欄位以 m_ 標示·非投資建議
HC,3,2026-07-30,2026-07-31,3081,聯亞,TPEx,R,R_core,fCD,R0_combo@5,21,30,漏網,298,0.45,4.0,atr14=0.925|n_lu_250=0.968|r20=0.497|c_ma120=0.248|vr20=0.939|days_since_lu=0.015|dt_ratio20=NaN|lend_to_v=0.359|rev_yoy=0.933|o_turn=0.950|o_log_mcap=0.910|o_lu_follow=0.298,"官方日成交結構(MI_INDEX/dailyQuotes)=1|發行股數(MI_QFIIS/dailyQuotes)=1|外資持股(MI_QFIIS,僅上市)=0|自營商(T86/上櫃三大法人)=1|當沖(TWTB4U/上櫃intraday)=1|季財報(MOPS t163sb04)=1|月營收(MOPS/openapi)=1|官方產業別(MOPS t05st03)=1|融資券(MI_MARGN)=1|借券(TWT93U)=1|法人(T86)=1",979,inf,250.0,official_prepanel,3028.2,60.0,0.0,4.0,1,0,0.0,45.706,63.497,359.0,0,未扣成本·事後欄位以 m_ 標示·非投資建議
HC,3,2026-07-30,2026-07-31,3374,精材,TPEx,R,R_core,fCD,R0_combo@5,14,30,漏網,67,0.541667,4.0,atr14=0.976|n_lu_250=0.734|r20=0.503|c_ma120=0.899|vr20=0.592|days_since_lu=0.032|dt_ratio20=NaN|lend_to_v=0.064|rev_yoy=0.827|o_turn=0.971|o_log_mcap=0.845|o_lu_follow=0.876,"官方日成交結構(MI_INDEX/dailyQuotes)=1|發行股數(MI_QFIIS/dailyQuotes)=1|外資持股(MI_QFIIS,僅上市)=0|自營商(T86/上櫃三大法人)=1|當沖(TWTB4U/上櫃intraday)=1|季財報(MOPS t163sb04)=1|月營收(MOPS/openapi)=1|官方產業別(MOPS t05st03)=1|融資券(MI_MARGN)=1|借券(TWT93U)=1|法人(T86)=1",979,inf,250.0,official_prepanel,19091.2,381.0,0.0,3.0,1,0,0.0,14.079,17.329,2033.0,0,未扣成本·事後欄位以 m_ 標示·非投資建議
HC,3,2026-07-30,2026-07-31,4991,環宇-KY,TPEx,R,R_core,fCD,R0_combo@5,24,30,漏網,812,0.395833,4.0,atr14=0.948|n_lu_250=0.949|r20=0.064|c_ma120=0.029|vr20=0.007|days_since_lu=0.032|dt_ratio20=NaN|lend_to_v=0.062|rev_yoy=0.802|o_turn=0.540|o_log_mcap=0.772|o_lu_follow=0.509,"官方日成交結構(MI_INDEX/dailyQuotes)=1|發行股數(MI_QFIIS/dailyQuotes)=1|外資持股(MI_QFIIS,僅上市)=0|自營商(T86/上櫃三大法人)=1|當沖(TWTB4U/上櫃intraday)=0|季財報(MOPS t163sb04)=1|月營收(MOPS/openapi)=1|官方產業別(MOPS t05st03)=1|融資券(MI_MARGN)=1|借券(TWT93U)=1|法人(T86)=1",979,inf,250.0,official_prepanel,5603.4,56.0,1.0,5.0,1,0,0.0,25.212,35.411,366.0,1,未扣成本·事後欄位以 m_ 標示·非投資建議
HC,3,2026-07-30,2026-07-31,6274,台燿,TPEx,R,R_core,fCD,R0_combo@5,23,30,漏網,286,0.408333,4.0,atr14=0.948|n_lu_250=0.917|r20=0.068|c_ma120=0.552|vr20=0.977|days_since_lu=0.032|dt_ratio20=NaN|lend_to_v=0.053|rev_yoy=0.923|o_turn=0.956|o_log_mcap=0.944|o_lu_follow=0.484,"官方日成交結構(MI_INDEX/dailyQuotes)=1|發行股數(MI_QFIIS/dailyQuotes)=1|外資持股(MI_QFIIS,僅上市)=0|自營商(T86/上櫃三大法人)=1|當沖(TWTB4U/上櫃intraday)=1|季財報(MOPS t163sb04)=1|月營收(MOPS/openapi)=1|官方產業別(MOPS t05st03)=1|融資券(MI_MARGN)=1|借券(TWT93U)=1|法人(T86)=1",979,inf,250.0,official_prepanel,6498.75,129.0,0.0,1.0,1,0,0.0,37.838,44.144,826.0,0,未扣成本·事後欄位以 m_ 標示·非投資建議
HC,3,2026-08-03,2026-08-04,3605,宏致,TWSE,R,R_core,fCD,R0_combo@5,12,14,漏網,93,0.370879,4.0,atr14=0.777|n_lu_250=0.499|r20=0.710|c_ma120=0.886|vr20=0.424|days_since_lu=0.151|dt_ratio20=0.957|lend_to_v=0.059|rev_yoy=0.639|o_turn=0.942|o_log_mcap=0.575|o_lu_follow=0.492,"官方日成交結構(MI_INDEX/dailyQuotes)=1|發行股數(MI_QFIIS/dailyQuotes)=1|外資持股(MI_QFIIS,僅上市)=1|自營商(T86/上櫃三大法人)=1|當沖(TWTB4U/上櫃intraday)=1|季財報(MOPS t163sb04)=1|月營收(MOPS/openapi)=1|官方產業別(MOPS t05st03)=1|融資券(MI_MARGN)=1|借券(TWT93U)=1|法人(T86)=1",981,inf,250.0,official_prepanel,9784.7,195.0,0.0,0.0,0,1,11.566,31.325,60.721,7975.0,0,未扣成本·事後欄位以 m_ 標示·非投資建議
HC,3,2026-08-04,2026-08-05,6213,聯茂,TWSE,R,R_core,fCD,R0_combo@5,13,55,漏網,105,0.617088,4.0,atr14=0.960|n_lu_250=0.970|r20=0.237|c_ma120=0.971|vr20=0.766|days_since_lu=0.012|dt_ratio20=0.998|lend_to_v=0.080|rev_yoy=0.792|o_turn=0.985|o_log_mcap=0.897|o_lu_follow=0.432,"官方日成交結構(MI_INDEX/dailyQuotes)=1|發行股數(MI_QFIIS/dailyQuotes)=1|外資持股(MI_QFIIS,僅上市)=1|自營商(T86/上櫃三大法人)=1|當沖(TWTB4U/上櫃intraday)=1|季財報(MOPS t163sb04)=1|月營收(MOPS/openapi)=1|官方產業別(MOPS t05st03)=1|融資券(MI_MARGN)=1|借券(TWT93U)=1|法人(T86)=1",982,inf,250.0,official_prepanel,21862.75,437.0,0.0,2.0,0,1,5.247,39.506,50.617,26866.0,0,未扣成本·事後欄位以 m_ 標示·非投資建議
HC,3,2026-08-07,2026-08-10,6834,天二科技,TWSE,R,R_core,fCD,R0_combo@5,16,81,漏網,179,0.616131,4.0,atr14=0.972|n_lu_250=0.950|r20=0.020|c_ma120=0.983|vr20=0.087|days_since_lu=0.111|dt_ratio20=0.961|lend_to_v=0.065|rev_yoy=0.862|o_turn=0.824|o_log_mcap=0.356|o_lu_follow=0.897,"官方日成交結構(MI_INDEX/dailyQuotes)=1|發行股數(MI_QFIIS/dailyQuotes)=1|外資持股(MI_QFIIS,僅上市)=1|自營商(T86/上櫃三大法人)=1|當沖(TWTB4U/上櫃intraday)=1|季財報(MOPS t163sb04)=1|月營收(MOPS/openapi)=1|官方產業別(MOPS t05st03)=1|融資券(MI_MARGN)=1|借券(TWT93U)=1|法人(T86)=1",952,952.0,250.0,official,4615.7,92.0,0.0,0.0,0,1,1.899,6.54,-5.38,4557.0,0,未扣成本·事後欄位以 m_ 標示·非投資建議
HC,3,2026-08-10,2026-08-11,6173,信昌電,TPEx,R,R_core,fCD,R0_combo@5,23,66,漏網,234,0.574337,4.0,atr14=0.986|n_lu_250=0.986|r20=0.008|c_ma120=0.753|vr20=0.751|days_since_lu=0.114|dt_ratio20=NaN|lend_to_v=0.101|rev_yoy=0.630|o_turn=0.926|o_log_mcap=0.722|o_lu_follow=0.957,"官方日成交結構(MI_INDEX/dailyQuotes)=1|發行股數(MI_QFIIS/dailyQuotes)=1|外資持股(MI_QFIIS,僅上市)=0|自營商(T86/上櫃三大法人)=1|當沖(TWTB4U/上櫃intraday)=1|季財報(MOPS t163sb04)=1|月營收(MOPS/openapi)=1|官方產業別(MOPS t05st03)=1|融資券(MI_MARGN)=1|借券(TWT93U)=1|法人(T86)=1",986,inf,250.0,official_prepanel,4200.65,84.0,0.0,0.0,0,1,10.119,25.595,20.833,18655.0,0,未扣成本·事後欄位以 m_ 標示·非投資建議
HC,3,2026-08-10,2026-08-11,8358,金居,TPEx,R,R_core,fCD,R0_combo@5,45,66,漏網,729,0.444484,4.0,atr14=0.986|n_lu_250=0.976|r20=0.009|c_ma120=0.083|vr20=0.965|days_since_lu=0.023|dt_ratio20=NaN|lend_to_v=0.178|rev_yoy=0.753|o_turn=0.999|o_log_mcap=0.867|o_lu_follow=0.476,"官方日成交結構(MI_INDEX/dailyQuotes)=1|發行股數(MI_QFIIS/dailyQuotes)=1|外資持股(MI_QFIIS,僅上市)=0|自營商(T86/上櫃三大法人)=1|當沖(TWTB4U/上櫃intraday)=1|季財報(MOPS t163sb04)=1|月營收(MOPS/openapi)=1|官方產業別(MOPS t05st03)=1|融資券(MI_MARGN)=1|借券(TWT93U)=1|法人(T86)=1",986,inf,250.0,official_prepanel,13902.9,278.0,0.0,1.0,0,1,9.971,21.243,20.52,27579.0,0,未扣成本·事後欄位以 m_ 標示·非投資建議
HC,3,2026-08-11,2026-08-12,3605,宏致,TWSE,R,R_core,fCD,R0_combo@5,29,77,漏網,44,0.555541,4.0,atr14=0.853|n_lu_250=0.606|r20=0.992|c_ma120=0.991|vr20=0.889|days_since_lu=0.100|dt_ratio20=0.881|lend_to_v=0.056|rev_yoy=0.579|o_turn=0.986|o_log_mcap=0.618|o_lu_follow=0.782,"官方日成交結構(MI_INDEX/dailyQuotes)=1|發行股數(MI_QFIIS/dailyQuotes)=1|外資持股(MI_QFIIS,僅上市)=1|自營商(T86/上櫃三大法人)=1|當沖(TWTB4U/上櫃intraday)=1|季財報(MOPS t163sb04)=1|月營收(MOPS/openapi)=1|官方產業別(MOPS t05st03)=1|融資券(MI_MARGN)=1|借券(TWT93U)=1|法人(T86)=1",987,inf,250.0,official_prepanel,9580.55,191.0,0.0,1.0,0,1,8.108,9.009,4.955,8423.0,0,未扣成本·事後欄位以 m_ 標示·非投資建議
HC,3,2026-08-11,2026-08-12,5475,德宏,TPEx,R,R_core,fCD,R0_combo@5,42,77,漏網,829,0.487013,4.0,atr14=0.977|n_lu_250=1.000|r20=0.026|c_ma120=0.000|vr20=0.988|days_since_lu=0.133|dt_ratio20=NaN|lend_to_v=0.017|rev_yoy=0.976|o_turn=0.994|o_log_mcap=0.585|o_lu_follow=0.966,"官方日成交結構(MI_INDEX/dailyQuotes)=1|發行股數(MI_QFIIS/dailyQuotes)=1|外資持股(MI_QFIIS,僅上市)=0|自營商(T86/上櫃三大法人)=1|當沖(TWTB4U/上櫃intraday)=1|季財報(MOPS t163sb04)=1|月營收(MOPS/openapi)=1|官方產業別(MOPS t05st03)=1|融資券(MI_MARGN)=1|借券(TWT93U)=1|法人(T86)=1",987,inf,250.0,official_prepanel,4102.95,82.0,0.0,2.0,0,1,9.191,34.191,27.206,15277.0,0,未扣成本·事後欄位以 m_ 標示·非投資建議
HC,3,2026-08-11,2026-08-12,6187,萬潤,TPEx,R,R_core,fCD,R0_combo@5,20,77,漏網,36,0.594026,4.0,atr14=0.988|n_lu_250=0.926|r20=0.874|c_ma120=0.712|vr20=0.935|days_since_lu=0.070|dt_ratio20=NaN|lend_to_v=0.206|rev_yoy=0.858|o_turn=0.971|o_log_mcap=0.882|o_lu_follow=0.202,"官方日成交結構(MI_INDEX/dailyQuotes)=1|發行股數(MI_QFIIS/dailyQuotes)=1|外資持股(MI_QFIIS,僅上市)=0|自營商(T86/上櫃三大法人)=1|當沖(TWTB4U/上櫃intraday)=1|季財報(MOPS t163sb04)=1|月營收(MOPS/openapi)=1|官方產業別(MOPS t05st03)=1|融資券(MI_MARGN)=1|借券(TWT93U)=1|法人(T86)=1",987,inf,250.0,official_prepanel,2885.8,57.0,0.0,1.0,0,1,8.962,18.868,19.811,4539.0,0,未扣成本·事後欄位以 m_ 標示·非投資建議
HC,3,2026-08-11,2026-08-12,8996,高力,TWSE,R,R_core,fCD,R0_combo@5,46,77,漏網,386,0.455541,4.0,atr14=0.954|n_lu_250=0.964|r20=0.252|c_ma120=0.399|vr20=0.147|days_since_lu=0.070|dt_ratio20=0.842|lend_to_v=0.085|rev_yoy=0.799|o_turn=0.764|o_log_mcap=0.876|o_lu_follow=0.549,"官方日成交結構(MI_INDEX/dailyQuotes)=1|發行股數(MI_QFIIS/dailyQuotes)=1|外資持股(MI_QFIIS,僅上市)=1|自營商(T86/上櫃三大法人)=1|當沖(TWTB4U/上櫃intraday)=1|季財報(MOPS t163sb04)=1|月營收(MOPS/openapi)=1|官方產業別(MOPS t05st03)=1|融資券(MI_MARGN)=1|借券(TWT93U)=1|法人(T86)=1",987,inf,250.0,official_prepanel,2741.0,54.0,0.0,3.0,0,1,9.346,9.813,13.551,2782.0,0,未扣成本·事後欄位以 m_ 標示·非投資建議
HC,3,2026-08-13,2026-08-14,6727,亞泰金屬,TPEx,R,R_core,fCD,R0_combo@5,38,81,漏網,215,0.516624,4.0,atr14=0.950|n_lu_250=0.997|r20=0.476|c_ma120=0.471|vr20=0.762|days_since_lu=0.135|dt_ratio20=NaN|lend_to_v=0.279|rev_yoy=0.671|o_turn=0.874|o_log_mcap=0.439|o_lu_follow=0.961,"官方日成交結構(MI_INDEX/dailyQuotes)=1|發行股數(MI_QFIIS/dailyQuotes)=1|外資持股(MI_QFIIS,僅上市)=0|自營商(T86/上櫃三大法人)=1|當沖(TWTB4U/上櫃intraday)=1|季財報(MOPS t163sb04)=1|月營收(MOPS/openapi)=1|官方產業別(MOPS t05st03)=1|融資券(MI_MARGN)=1|借券(TWT93U)=1|法人(T86)=1",989,inf,250.0,official_prepanel,530.7,10.0,0.0,0.0,0,1,9.091,16.162,31.313,1947.0,0,未扣成本·事後欄位以 m_ 標示·非投資建議
HC,3,2026-08-26,2026-08-27,8358,金居,TPEx,R,R_core,fCD,R0_combo@5,15,26,漏網,55,0.532853,4.0,atr14=0.948|n_lu_250=0.953|r20=0.967|c_ma120=0.655|vr20=0.835|days_since_lu=0.112|dt_ratio20=NaN|lend_to_v=0.226|rev_yoy=0.767|o_turn=0.992|o_log_mcap=0.867|o_lu_follow=0.541,"官方日成交結構(MI_INDEX/dailyQuotes)=1|發行股數(MI_QFIIS/dailyQuotes)=1|外資持股(MI_QFIIS,僅上市)=0|自營商(T86/上櫃三大法人)=1|當沖(TWTB4U/上櫃intraday)=1|季財報(MOPS t163sb04)=1|月營收(MOPS/openapi)=1|官方產業別(MOPS t05st03)=1|融資券(MI_MARGN)=1|借券(TWT93U)=1|法人(T86)=1",998,inf,250.0,official_prepanel,24144.0,482.0,0.0,1.0,0,1,8.811,10.793,15.859,38604.0,0,未扣成本·事後欄位以 m_ 標示·非投資建議
HC,3,2026-08-28,2026-08-31,4908,前鼎,TPEx,R,R_core,fCD,R0_combo@5,14,27,漏網,62,0.533476,4.0,atr14=0.935|n_lu_250=0.899|r20=0.941|c_ma120=0.729|vr20=0.985|days_since_lu=0.012|dt_ratio20=NaN|lend_to_v=0.080|rev_yoy=0.748|o_turn=0.992|o_log_mcap=0.497|o_lu_follow=0.876,"官方日成交結構(MI_INDEX/dailyQuotes)=1|發行股數(MI_QFIIS/dailyQuotes)=1|外資持股(MI_QFIIS,僅上市)=0|自營商(T86/上櫃三大法人)=1|當沖(TWTB4U/上櫃intraday)=1|季財報(MOPS t163sb04)=1|月營收(MOPS/openapi)=1|官方產業別(MOPS t05st03)=1|融資券(MI_MARGN)=1|借券(TWT93U)=1|法人(T86)=1",1000,inf,250.0,official_prepanel,3230.95,64.0,0.0,1.0,0,1,11.467,19.733,26.667,9150.0,0,未扣成本·事後欄位以 m_ 標示·非投資建議
HC,3,2026-09-03,2026-09-04,3026,禾伸堂,TWSE,R,R_core,fCD,R0_combo@5,15,41,漏網,36,0.604675,4.0,atr14=0.995|n_lu_250=0.973|r20=0.751|c_ma120=0.931|vr20=0.458|days_since_lu=0.053|dt_ratio20=NaN|lend_to_v=0.255|rev_yoy=0.614|o_turn=0.919|o_log_mcap=0.849|o_lu_follow=0.873,"官方日成交結構(MI_INDEX/dailyQuotes)=1|發行股數(MI_QFIIS/dailyQuotes)=1|外資持股(MI_QFIIS,僅上市)=1|自營商(T86/上櫃三大法人)=1|當沖(TWTB4U/上櫃intraday)=1|季財報(MOPS t163sb04)=1|月營收(MOPS/openapi)=1|官方產業別(MOPS t05st03)=1|融資券(MI_MARGN)=1|借券(TWT93U)=1|法人(T86)=1",1004,inf,250.0,official_prepanel,9564.7,191.0,0.0,1.0,0,1,1.301,16.04,9.827,7288.0,0,未扣成本·事後欄位以 m_ 標示·非投資建議
HC,3,2026-09-08,2026-09-09,4188,安克,TPEx,R,R_core,fCD,R0_combo@5,22,37,漏網,111,0.422297,4.0,atr14=0.993|n_lu_250=0.514|r20=0.963|c_ma120=0.809|vr20=0.645|days_since_lu=0.098|dt_ratio20=NaN|lend_to_v=NaN|rev_yoy=0.765|o_turn=0.468|o_log_mcap=0.000|o_lu_follow=0.998,"官方日成交結構(MI_INDEX/dailyQuotes)=1|發行股數(MI_QFIIS/dailyQuotes)=1|外資持股(MI_QFIIS,僅上市)=0|自營商(T86/上櫃三大法人)=1|當沖(TWTB4U/上櫃intraday)=0|季財報(MOPS t163sb04)=1|月營收(MOPS/openapi)=1|官方產業別(MOPS t05st03)=1|融資券(MI_MARGN)=0|借券(TWT93U)=0|法人(T86)=1",1007,inf,250.0,official_prepanel,343.5,6.0,0.0,0.0,0,1,9.339,10.506,5.058,363.0,0,未扣成本·事後欄位以 m_ 標示·非投資建議
HC,3,2026-09-14,2026-09-15,3021,鴻名,TWSE,R,R_core,fCD,R0_combo@5,28,28,漏網,118,0.239011,4.0,atr14=0.798|n_lu_250=0.773|r20=0.879|c_ma120=0.608|vr20=0.558|days_since_lu=0.051|dt_ratio20=0.714|lend_to_v=0.272|rev_yoy=0.090|o_turn=0.379|o_log_mcap=0.033|o_lu_follow=0.999,"官方日成交結構(MI_INDEX/dailyQuotes)=1|發行股數(MI_QFIIS/dailyQuotes)=1|外資持股(MI_QFIIS,僅上市)=1|自營商(T86/上櫃三大法人)=1|當沖(TWTB4U/上櫃intraday)=1|季財報(MOPS t163sb04)=1|月營收(MOPS/openapi)=1|官方產業別(MOPS t05st03)=1|融資券(MI_MARGN)=1|借券(TWT93U)=1|法人(T86)=1",1011,inf,250.0,official_prepanel,417.05,8.0,0.0,0.0,0,1,9.8,16.927,26.726,661.0,0,未扣成本·事後欄位以 m_ 標示·非投資建議
HC,3,2026-09-15,2026-09-16,7717,萊德光電-KY,TPEx,R,R_core,fCD,R0_combo@5,23,27,漏網,327,0.345679,3.0,atr14=0.958|n_lu_250=0.944|r20=0.918|c_ma120=0.114|vr20=0.846|days_since_lu=0.048|dt_ratio20=NaN|lend_to_v=0.084|rev_yoy=0.849|o_turn=0.906|o_log_mcap=0.409|o_lu_follow=0.832,"官方日成交結構(MI_INDEX/dailyQuotes)=1|發行股數(MI_QFIIS/dailyQuotes)=1|外資持股(MI_QFIIS,僅上市)=0|自營商(T86/上櫃三大法人)=1|當沖(TWTB4U/上櫃intraday)=1|季財報(MOPS t163sb04)=1|月營收(MOPS/openapi)=1|官方產業別(MOPS t05st03)=1|融資券(MI_MARGN)=1|借券(TWT93U)=1|法人(T86)=1",202,202.0,202.0,official,589.1,11.0,0.0,1.0,0,1,5.4,19.0,10.2,950.0,0,未扣成本·事後欄位以 m_ 標示·非投資建議
HC,3,2026-09-18,2026-09-21,4924,欣厚-KY,TPEx,R,R_core,fCD,R0_combo@5,17,31,漏網,76,0.511735,4.0,atr14=0.941|n_lu_250=0.526|r20=0.999|c_ma120=0.966|vr20=0.821|days_since_lu=0.042|dt_ratio20=NaN|lend_to_v=0.043|rev_yoy=0.091|o_turn=0.773|o_log_mcap=0.000|o_lu_follow=0.849,"官方日成交結構(MI_INDEX/dailyQuotes)=1|發行股數(MI_QFIIS/dailyQuotes)=1|外資持股(MI_QFIIS,僅上市)=0|自營商(T86/上櫃三大法人)=1|當沖(TWTB4U/上櫃intraday)=1|季財報(MOPS t163sb04)=1|月營收(MOPS/openapi)=1|官方產業別(MOPS t05st03)=1|融資券(MI_MARGN)=1|借券(TWT93U)=1|法人(T86)=1",1015,inf,250.0,official_prepanel,341.95,6.0,0.0,0.0,0,1,11.075,-2.28,,778.0,0,未扣成本·事後欄位以 m_ 標示·非投資建議
HC,3,2026-09-23,2026-09-24,3021,鴻名,TWSE,R,R_core,fCD,R0_combo@5,24,56,漏網,63,0.526587,4.0,atr14=0.976|n_lu_250=0.833|r20=0.942|c_ma120=0.716|vr20=0.260|days_since_lu=0.091|dt_ratio20=0.787|lend_to_v=0.124|rev_yoy=0.082|o_turn=0.463|o_log_mcap=0.033|o_lu_follow=0.997,"官方日成交結構(MI_INDEX/dailyQuotes)=1|發行股數(MI_QFIIS/dailyQuotes)=1|外資持股(MI_QFIIS,僅上市)=1|自營商(T86/上櫃三大法人)=1|當沖(TWTB4U/上櫃intraday)=1|季財報(MOPS t163sb04)=1|月營收(MOPS/openapi)=1|官方產業別(MOPS t05st03)=1|融資券(MI_MARGN)=1|借券(TWT93U)=1|法人(T86)=1",1018,inf,250.0,official_prepanel,810.5,16.0,0.0,0.0,0,1,10.905,16.049,,1665.0,0,未扣成本·事後欄位以 m_ 標示·非投資建議
HC,3,2026-09-23,2026-09-24,3219,倚強科,TPEx,R,R_core,fCD,R0_combo@5,21,56,漏網,32,0.592903,4.0,atr14=0.848|n_lu_250=0.862|r20=0.986|c_ma120=0.977|vr20=0.989|days_since_lu=0.008|dt_ratio20=NaN|lend_to_v=0.047|rev_yoy=0.419|o_turn=0.985|o_log_mcap=0.259|o_lu_follow=0.515,"官方日成交結構(MI_INDEX/dailyQuotes)=1|發行股數(MI_QFIIS/dailyQuotes)=1|外資持股(MI_QFIIS,僅上市)=0|自營商(T86/上櫃三大法人)=1|當沖(TWTB4U/上櫃intraday)=1|季財報(MOPS t163sb04)=1|月營收(MOPS/openapi)=1|官方產業別(MOPS t05st03)=1|融資券(MI_MARGN)=1|借券(TWT93U)=1|法人(T86)=1",1018,inf,250.0,official_prepanel,1350.05,27.0,0.0,0.0,0,1,7.009,20.093,,2352.0,0,未扣成本·事後欄位以 m_ 標示·非投資建議
SEL,1,2025-01-07,2025-01-08,3373,熱映,TPEx,R,R_core,fCD,R1@5,12,22,漏網,162,-2.273272,,atr14=0.780|n_lu_250=0.643|r20=0.843|c_ma120=0.636|vr20=0.357|days_since_lu=0.044|dt_ratio20=NaN|lend_to_v=0.172|rev_yoy=0.286|o_turn=0.537|o_log_mcap=0.002|o_lu_follow=0.833,"官方日成交結構(MI_INDEX/dailyQuotes)=1|發行股數(MI_QFIIS/dailyQuotes)=1|外資持股(MI_QFIIS,僅上市)=0|自營商(T86/上櫃三大法人)=1|當沖(TWTB4U/上櫃intraday)=1|季財報(MOPS t163sb04)=1|月營收(MOPS/openapi)=1|官方產業別(MOPS t05st03)=1|融資券(MI_MARGN)=1|借券(TWT93U)=1|法人(T86)=1",603,inf,250.0,official_prepanel,382.75,7.0,0.0,1.0,0,1,6.513,16.807,1.681,2269.0,0,未扣成本·事後欄位以 m_ 標示·非投資建議
SEL,2,2025-04-22,2025-04-23,2468,華經,TWSE,R,R_core,fCD,R1@5,11,54,漏網,9,-1.270801,,atr14=0.977|n_lu_250=0.960|r20=0.999|c_ma120=1.000|vr20=0.957|days_since_lu=0.052|dt_ratio20=NaN|lend_to_v=0.018|rev_yoy=0.930|o_turn=1.000|o_log_mcap=0.252|o_lu_follow=0.968,"官方日成交結構(MI_INDEX/dailyQuotes)=1|發行股數(MI_QFIIS/dailyQuotes)=1|外資持股(MI_QFIIS,僅上市)=1|自營商(T86/上櫃三大法人)=1|當沖(TWTB4U/上櫃intraday)=1|季財報(MOPS t163sb04)=1|月營收(MOPS/openapi)=1|官方產業別(MOPS t05st03)=1|融資券(MI_MARGN)=1|借券(TWT93U)=1|法人(T86)=1",668,inf,250.0,official_prepanel,26970.75,539.0,0.0,4.0,0,1,6.457,27.559,22.362,13127.0,0,未扣成本·事後欄位以 m_ 標示·非投資建議
SEL,2,2025-04-22,2025-04-23,3147,大綜,TPEx,R,R_core,fCD,R1@5,29,54,漏網,29,-2.775953,,atr14=0.640|n_lu_250=0.827|r20=0.991|c_ma120=0.997|vr20=0.977|days_since_lu=0.091|dt_ratio20=NaN|lend_to_v=0.060|rev_yoy=0.985|o_turn=0.993|o_log_mcap=0.462|o_lu_follow=0.905,"官方日成交結構(MI_INDEX/dailyQuotes)=1|發行股數(MI_QFIIS/dailyQuotes)=1|外資持股(MI_QFIIS,僅上市)=0|自營商(T86/上櫃三大法人)=1|當沖(TWTB4U/上櫃intraday)=1|季財報(MOPS t163sb04)=1|月營收(MOPS/openapi)=1|官方產業別(MOPS t05st03)=1|融資券(MI_MARGN)=1|借券(TWT93U)=1|法人(T86)=1",668,inf,250.0,official_prepanel,4060.7,81.0,0.0,2.0,0,1,7.339,33.028,22.018,12499.0,0,未扣成本·事後欄位以 m_ 標示·非投資建議
SEL,2,2025-04-22,2025-04-23,8072,陞泰,TWSE,R,R_core,fCD,R1@5,9,54,漏網,14,-1.201822,,atr14=0.997|n_lu_250=0.789|r20=1.000|c_ma120=0.999|vr20=0.967|days_since_lu=0.005|dt_ratio20=0.992|lend_to_v=0.022|rev_yoy=0.570|o_turn=0.990|o_log_mcap=0.156|o_lu_follow=0.709,"官方日成交結構(MI_INDEX/dailyQuotes)=1|發行股數(MI_QFIIS/dailyQuotes)=1|外資持股(MI_QFIIS,僅上市)=1|自營商(T86/上櫃三大法人)=1|當沖(TWTB4U/上櫃intraday)=1|季財報(MOPS t163sb04)=1|月營收(MOPS/openapi)=1|官方產業別(MOPS t05st03)=1|融資券(MI_MARGN)=1|借券(TWT93U)=1|法人(T86)=1",668,inf,250.0,official_prepanel,8386.8,167.0,0.0,2.0,0,1,5.155,34.021,20.361,6793.0,0,未扣成本·事後欄位以 m_ 標示·非投資建議
SEL,2,2025-04-24,2025-04-25,6160,欣技,TPEx,R,R_core,fCD,R1@5,13,48,漏網,430,-2.162595,,atr14=0.937|n_lu_250=0.864|r20=0.288|c_ma120=0.245|vr20=0.940|days_since_lu=0.090|dt_ratio20=NaN|lend_to_v=0.314|rev_yoy=0.091|o_turn=0.870|o_log_mcap=0.013|o_lu_follow=0.986,"官方日成交結構(MI_INDEX/dailyQuotes)=1|發行股數(MI_QFIIS/dailyQuotes)=1|外資持股(MI_QFIIS,僅上市)=0|自營商(T86/上櫃三大法人)=1|當沖(TWTB4U/上櫃intraday)=1|季財報(MOPS t163sb04)=1|月營收(MOPS/openapi)=1|官方產業別(MOPS t05st03)=1|融資券(MI_MARGN)=1|借券(TWT93U)=1|法人(T86)=1",670,inf,250.0,official_prepanel,597.8,11.0,0.0,0.0,0,1,7.162,14.589,11.671,1529.0,0,未扣成本·事後欄位以 m_ 標示·非投資建議
SEL,2,2025-05-08,2025-05-09,3379,彬台,TPEx,R,R_core,fCD,R1@5,21,41,漏網,12,-2.732996,,atr14=0.989|n_lu_250=1.000|r20=0.952|c_ma120=0.976|vr20=0.502|days_since_lu=0.038|dt_ratio20=NaN|lend_to_v=0.027|rev_yoy=0.975|o_turn=0.969|o_log_mcap=0.057|o_lu_follow=0.977,"官方日成交結構(MI_INDEX/dailyQuotes)=1|發行股數(MI_QFIIS/dailyQuotes)=1|外資持股(MI_QFIIS,僅上市)=0|自營商(T86/上櫃三大法人)=1|當沖(TWTB4U/上櫃intraday)=1|季財報(MOPS t163sb04)=1|月營收(MOPS/openapi)=1|官方產業別(MOPS t05st03)=1|融資券(MI_MARGN)=1|借券(TWT93U)=1|法人(T86)=1",679,inf,250.0,official_prepanel,4180.25,83.0,0.0,1.0,0,1,9.153,26.61,22.373,8169.0,0,未扣成本·事後欄位以 m_ 標示·非投資建議
SEL,2,2025-05-08,2025-05-09,4562,穎漢,TWSE,R,R_core,fCD,R1@5,26,41,漏網,176,-2.962317,,atr14=0.925|n_lu_250=1.000|r20=0.885|c_ma120=0.172|vr20=0.623|days_since_lu=0.038|dt_ratio20=0.843|lend_to_v=0.172|rev_yoy=0.284|o_turn=0.830|o_log_mcap=0.191|o_lu_follow=0.998,"官方日成交結構(MI_INDEX/dailyQuotes)=1|發行股數(MI_QFIIS/dailyQuotes)=1|外資持股(MI_QFIIS,僅上市)=1|自營商(T86/上櫃三大法人)=1|當沖(TWTB4U/上櫃intraday)=1|季財報(MOPS t163sb04)=1|月營收(MOPS/openapi)=1|官方產業別(MOPS t05st03)=1|融資券(MI_MARGN)=1|借券(TWT93U)=1|法人(T86)=1",679,inf,250.0,official_prepanel,1462.4,29.0,0.0,1.0,0,1,8.577,21.548,15.69,4250.0,0,未扣成本·事後欄位以 m_ 標示·非投資建議
SEL,2,2025-05-19,2025-05-20,4946,辣椒,TPEx,R,R_core,fCD,R1@5,11,26,漏網,1,-1.751668,,atr14=0.988|n_lu_250=0.997|r20=1.000|c_ma120=1.000|vr20=0.110|days_since_lu=0.134|dt_ratio20=NaN|lend_to_v=NaN|rev_yoy=0.993|o_turn=0.852|o_log_mcap=0.025|o_lu_follow=0.999,"官方日成交結構(MI_INDEX/dailyQuotes)=1|發行股數(MI_QFIIS/dailyQuotes)=1|外資持股(MI_QFIIS,僅上市)=0|自營商(T86/上櫃三大法人)=1|當沖(TWTB4U/上櫃intraday)=0|季財報(MOPS t163sb04)=1|月營收(MOPS/openapi)=1|官方產業別(MOPS t05st03)=1|融資券(MI_MARGN)=0|借券(TWT93U)=0|法人(T86)=1",686,inf,250.0,official_prepanel,421.45,4.0,1.0,0.0,0,1,9.794,22.423,-2.062,433.0,1,未扣成本·事後欄位以 m_ 標示·非投資建議
SEL,2,2025-05-19,2025-05-20,6169,昱泉,TPEx,R,R_core,fCD,R1@5,8,26,漏網,35,-1.658257,,atr14=0.970|n_lu_250=0.759|r20=0.892|c_ma120=0.913|vr20=0.626|days_since_lu=0.097|dt_ratio20=NaN|lend_to_v=NaN|rev_yoy=0.908|o_turn=0.791|o_log_mcap=0.000|o_lu_follow=0.902,"官方日成交結構(MI_INDEX/dailyQuotes)=1|發行股數(MI_QFIIS/dailyQuotes)=1|外資持股(MI_QFIIS,僅上市)=0|自營商(T86/上櫃三大法人)=1|當沖(TWTB4U/上櫃intraday)=0|季財報(MOPS t163sb04)=1|月營收(MOPS/openapi)=1|官方產業別(MOPS t05st03)=1|融資券(MI_MARGN)=0|借券(TWT93U)=0|法人(T86)=1",686,inf,250.0,official_prepanel,387.5,7.0,0.0,1.0,0,1,9.072,8.65,1.266,461.0,0,未扣成本·事後欄位以 m_ 標示·非投資建議
SEL,2,2025-05-21,2025-05-22,6499,益安,TPEx,R,R_core,fCD,R1@5,8,19,漏網,20,-2.3037,,atr14=0.835|n_lu_250=0.831|r20=1.000|c_ma120=1.000|vr20=0.808|days_since_lu=0.004|dt_ratio20=NaN|lend_to_v=0.037|rev_yoy=0.925|o_turn=0.917|o_log_mcap=0.421|o_lu_follow=0.945,"官方日成交結構(MI_INDEX/dailyQuotes)=1|發行股數(MI_QFIIS/dailyQuotes)=1|外資持股(MI_QFIIS,僅上市)=0|自營商(T86/上櫃三大法人)=1|當沖(TWTB4U/上櫃intraday)=0|季財報(MOPS t163sb04)=1|月營收(MOPS/openapi)=1|官方產業別(MOPS t05st03)=1|融資券(MI_MARGN)=1|借券(TWT93U)=1|法人(T86)=1",688,inf,250.0,official_prepanel,2502.65,25.0,1.0,5.0,0,1,4.39,17.073,2.439,3459.0,1,未扣成本·事後欄位以 m_ 標示·非投資建議
SEL,2,2025-05-26,2025-05-27,3219,倚強科,TPEx,R,R_core,fCD,R1@5,10,20,漏網,4,-2.137613,,atr14=0.989|n_lu_250=0.993|r20=0.963|c_ma120=0.927|vr20=0.654|days_since_lu=0.015|dt_ratio20=NaN|lend_to_v=0.043|rev_yoy=0.924|o_turn=0.876|o_log_mcap=0.142|o_lu_follow=0.973,"官方日成交結構(MI_INDEX/dailyQuotes)=1|發行股數(MI_QFIIS/dailyQuotes)=1|外資持股(MI_QFIIS,僅上市)=0|自營商(T86/上櫃三大法人)=1|當沖(TWTB4U/上櫃intraday)=1|季財報(MOPS t163sb04)=1|月營收(MOPS/openapi)=1|官方產業別(MOPS t05st03)=1|融資券(MI_MARGN)=1|借券(TWT93U)=1|法人(T86)=1",691,inf,250.0,official_prepanel,1727.7,34.0,0.0,0.0,0,1,8.665,21.509,14.373,3757.0,0,未扣成本·事後欄位以 m_ 標示·非投資建議
SEL,2,2025-06-02,2025-06-03,3128,昇銳,TPEx,R,R_core,fCD,R1@5,24,25,漏網,33,-3.073,,atr14=0.965|n_lu_250=0.798|r20=0.916|c_ma120=0.882|vr20=0.496|days_since_lu=0.023|dt_ratio20=NaN|lend_to_v=0.063|rev_yoy=0.636|o_turn=0.969|o_log_mcap=0.015|o_lu_follow=0.881,"官方日成交結構(MI_INDEX/dailyQuotes)=1|發行股數(MI_QFIIS/dailyQuotes)=1|外資持股(MI_QFIIS,僅上市)=0|自營商(T86/上櫃三大法人)=1|當沖(TWTB4U/上櫃intraday)=1|季財報(MOPS t163sb04)=1|月營收(MOPS/openapi)=1|官方產業別(MOPS t05st03)=1|融資券(MI_MARGN)=1|借券(TWT93U)=1|法人(T86)=1",695,inf,250.0,official_prepanel,3184.05,63.0,0.0,1.0,0,1,9.885,27.018,23.064,2805.0,0,未扣成本·事後欄位以 m_ 標示·非投資建議
SEL,2,2025-06-25,2025-06-26,3297,杭特,TPEx,R,R_core,fCD,R1@5,7,19,漏網,26,-2.066615,,atr14=0.982|n_lu_250=0.995|r20=0.669|c_ma120=0.996|vr20=0.249|days_since_lu=0.035|dt_ratio20=NaN|lend_to_v=0.015|rev_yoy=0.309|o_turn=0.980|o_log_mcap=0.037|o_lu_follow=0.945,"官方日成交結構(MI_INDEX/dailyQuotes)=1|發行股數(MI_QFIIS/dailyQuotes)=1|外資持股(MI_QFIIS,僅上市)=0|自營商(T86/上櫃三大法人)=1|當沖(TWTB4U/上櫃intraday)=1|季財報(MOPS t163sb04)=1|月營收(MOPS/openapi)=1|官方產業別(MOPS t05st03)=1|融資券(MI_MARGN)=1|借券(TWT93U)=1|法人(T86)=1",712,inf,250.0,official_prepanel,8853.85,177.0,0.0,4.0,0,1,8.874,30.087,49.567,8637.0,0,未扣成本·事後欄位以 m_ 標示·非投資建議
SEL,2,2025-06-27,2025-06-30,5498,凱崴,TPEx,R,R_core,fCD,R1@5,11,20,漏網,128,-2.289902,,atr14=0.916|n_lu_250=0.607|r20=0.894|c_ma120=0.667|vr20=0.822|days_since_lu=0.036|dt_ratio20=NaN|lend_to_v=0.172|rev_yoy=0.511|o_turn=0.697|o_log_mcap=0.057|o_lu_follow=0.869,"官方日成交結構(MI_INDEX/dailyQuotes)=1|發行股數(MI_QFIIS/dailyQuotes)=1|外資持股(MI_QFIIS,僅上市)=0|自營商(T86/上櫃三大法人)=1|當沖(TWTB4U/上櫃intraday)=1|季財報(MOPS t163sb04)=1|月營收(MOPS/openapi)=1|官方產業別(MOPS t05st03)=1|融資券(MI_MARGN)=1|借券(TWT93U)=1|法人(T86)=1",714,inf,250.0,official_prepanel,1281.6,25.0,0.0,1.0,0,1,10.396,29.703,27.723,6050.0,0,未扣成本·事後欄位以 m_ 標示·非投資建議
SEL,3,2025-07-01,2025-07-02,8478,東哥遊艇,TWSE,R,R_core,fCD,R1@5,15,22,漏網,58,-2.852868,,atr14=0.896|n_lu_250=0.736|r20=0.965|c_ma120=0.860|vr20=0.835|days_since_lu=0.019|dt_ratio20=0.955|lend_to_v=0.335|rev_yoy=0.452|o_turn=0.789|o_log_mcap=0.586|o_lu_follow=0.721,"官方日成交結構(MI_INDEX/dailyQuotes)=1|發行股數(MI_QFIIS/dailyQuotes)=1|外資持股(MI_QFIIS,僅上市)=1|自營商(T86/上櫃三大法人)=1|當沖(TWTB4U/上櫃intraday)=1|季財報(MOPS t163sb04)=1|月營收(MOPS/openapi)=1|官方產業別(MOPS t05st03)=1|融資券(MI_MARGN)=1|借券(TWT93U)=1|法人(T86)=1",716,inf,250.0,official_prepanel,881.5,17.0,0.0,1.0,0,1,0.971,11.165,1.942,1222.0,0,未扣成本·事後欄位以 m_ 標示·非投資建議
SEL,3,2025-08-08,2025-08-11,8935,邦泰,TPEx,R,R_core,fCD,R1@5,10,32,漏網,168,-2.117174,,atr14=0.949|n_lu_250=0.746|r20=0.883|c_ma120=0.479|vr20=0.933|days_since_lu=0.037|dt_ratio20=NaN|lend_to_v=0.009|rev_yoy=0.810|o_turn=0.659|o_log_mcap=0.046|o_lu_follow=0.943,"官方日成交結構(MI_INDEX/dailyQuotes)=1|發行股數(MI_QFIIS/dailyQuotes)=1|外資持股(MI_QFIIS,僅上市)=0|自營商(T86/上櫃三大法人)=1|當沖(TWTB4U/上櫃intraday)=0|季財報(MOPS t163sb04)=1|月營收(MOPS/openapi)=1|官方產業別(MOPS t05st03)=1|融資券(MI_MARGN)=1|借券(TWT93U)=1|法人(T86)=1",744,inf,250.0,official_prepanel,422.15,8.0,0.0,0.0,1,0,0.0,17.929,14.646,584.0,0,未扣成本·事後欄位以 m_ 標示·非投資建議
SEL,3,2025-08-13,2025-08-14,4577,達航科技,TPEx,R,R_core,fCD,R1@5,11,32,漏網,3,-1.815874,,atr14=0.961|n_lu_250=0.991|r20=0.989|c_ma120=0.955|vr20=0.858|days_since_lu=0.085|dt_ratio20=NaN|lend_to_v=0.037|rev_yoy=0.827|o_turn=0.856|o_log_mcap=0.021|o_lu_follow=0.707,"官方日成交結構(MI_INDEX/dailyQuotes)=1|發行股數(MI_QFIIS/dailyQuotes)=1|外資持股(MI_QFIIS,僅上市)=0|自營商(T86/上櫃三大法人)=1|當沖(TWTB4U/上櫃intraday)=1|季財報(MOPS t163sb04)=1|月營收(MOPS/openapi)=1|官方產業別(MOPS t05st03)=1|融資券(MI_MARGN)=1|借券(TWT93U)=1|法人(T86)=1",747,inf,250.0,official_prepanel,862.05,17.0,0.0,3.0,0,1,3.221,7.515,-1.687,1920.0,0,未扣成本·事後欄位以 m_ 標示·非投資建議
SEL,3,2025-08-14,2025-08-15,2406,國碩,TWSE,R,R_core,fCD,R1@5,22,36,漏網,40,-2.817967,,atr14=0.948|n_lu_250=0.759|r20=0.996|c_ma120=0.989|vr20=0.458|days_since_lu=0.037|dt_ratio20=0.548|lend_to_v=0.349|rev_yoy=0.318|o_turn=0.830|o_log_mcap=0.337|o_lu_follow=0.992,"官方日成交結構(MI_INDEX/dailyQuotes)=1|發行股數(MI_QFIIS/dailyQuotes)=1|外資持股(MI_QFIIS,僅上市)=1|自營商(T86/上櫃三大法人)=1|當沖(TWTB4U/上櫃intraday)=0|季財報(MOPS t163sb04)=1|月營收(MOPS/openapi)=1|官方產業別(MOPS t05st03)=1|融資券(MI_MARGN)=1|借券(TWT93U)=1|法人(T86)=1",748,inf,250.0,official_prepanel,9754.95,97.0,1.0,5.0,0,1,3.778,8.667,6.444,16650.0,1,未扣成本·事後欄位以 m_ 標示·非投資建議
SEL,3,2025-08-14,2025-08-15,5355,佳總,TPEx,R,R_relax,fP10|fCD,R1@5,19,36,漏網,113,-2.747362,,atr14=0.982|n_lu_250=0.759|r20=0.905|c_ma120=0.608|vr20=0.031|days_since_lu=0.121|dt_ratio20=NaN|lend_to_v=0.005|rev_yoy=0.095|o_turn=0.035|o_log_mcap=0.025|o_lu_follow=0.948,"官方日成交結構(MI_INDEX/dailyQuotes)=1|發行股數(MI_QFIIS/dailyQuotes)=1|外資持股(MI_QFIIS,僅上市)=0|自營商(T86/上櫃三大法人)=1|當沖(TWTB4U/上櫃intraday)=0|季財報(MOPS t163sb04)=1|月營收(MOPS/openapi)=1|官方產業別(MOPS t05st03)=1|融資券(MI_MARGN)=1|借券(TWT93U)=1|法人(T86)=1",748,inf,250.0,official_prepanel,425.4,8.0,0.0,0.0,0,1,9.574,18.617,6.383,1009.0,0,未扣成本·事後欄位以 m_ 標示·非投資建議
SEL,3,2025-08-14,2025-08-15,6129,普誠,TPEx,R,R_core,fCD,R1@5,35,36,漏網,134,-3.627249,,atr14=0.882|n_lu_250=0.617|r20=0.966|c_ma120=0.750|vr20=0.038|days_since_lu=0.094|dt_ratio20=NaN|lend_to_v=0.257|rev_yoy=0.714|o_turn=0.086|o_log_mcap=0.075|o_lu_follow=0.987,"官方日成交結構(MI_INDEX/dailyQuotes)=1|發行股數(MI_QFIIS/dailyQuotes)=1|外資持股(MI_QFIIS,僅上市)=0|自營商(T86/上櫃三大法人)=1|當沖(TWTB4U/上櫃intraday)=0|季財報(MOPS t163sb04)=1|月營收(MOPS/openapi)=1|官方產業別(MOPS t05st03)=1|融資券(MI_MARGN)=1|借券(TWT93U)=1|法人(T86)=1",748,inf,250.0,official_prepanel,655.7,6.0,1.0,2.0,0,1,9.818,20.727,9.091,1164.0,1,未扣成本·事後欄位以 m_ 標示·非投資建議
SEL,3,2025-08-15,2025-08-18,3305,昇貿,TWSE,R,R_core,fCD,R1@5,11,36,漏網,54,-2.301732,,atr14=0.978|n_lu_250=0.697|r20=0.969|c_ma120=0.959|vr20=0.965|days_since_lu=0.011|dt_ratio20=0.969|lend_to_v=0.086|rev_yoy=0.755|o_turn=0.996|o_log_mcap=0.482|o_lu_follow=0.838,"官方日成交結構(MI_INDEX/dailyQuotes)=1|發行股數(MI_QFIIS/dailyQuotes)=1|外資持股(MI_QFIIS,僅上市)=1|自營商(T86/上櫃三大法人)=1|當沖(TWTB4U/上櫃intraday)=1|季財報(MOPS t163sb04)=1|月營收(MOPS/openapi)=1|官方產業別(MOPS t05st03)=1|融資券(MI_MARGN)=1|借券(TWT93U)=1|法人(T86)=1",749,inf,250.0,official_prepanel,14544.15,290.0,0.0,1.0,0,1,10.478,6.378,48.064,26634.0,0,未扣成本·事後欄位以 m_ 標示·非投資建議
SEL,3,2025-08-15,2025-08-18,4722,國精化,TWSE,R,R_core,fCD,R1@5,24,36,漏網,55,-2.92479,,atr14=0.929|n_lu_250=0.758|r20=0.949|c_ma120=0.950|vr20=0.866|days_since_lu=0.041|dt_ratio20=0.911|lend_to_v=0.186|rev_yoy=0.541|o_turn=0.969|o_log_mcap=0.393|o_lu_follow=0.805,"官方日成交結構(MI_INDEX/dailyQuotes)=1|發行股數(MI_QFIIS/dailyQuotes)=1|外資持股(MI_QFIIS,僅上市)=1|自營商(T86/上櫃三大法人)=1|當沖(TWTB4U/上櫃intraday)=1|季財報(MOPS t163sb04)=1|月營收(MOPS/openapi)=1|官方產業別(MOPS t05st03)=1|融資券(MI_MARGN)=1|借券(TWT93U)=1|法人(T86)=1",749,inf,250.0,official_prepanel,4362.05,87.0,0.0,0.0,0,1,9.081,31.166,60.314,10575.0,0,未扣成本·事後欄位以 m_ 標示·非投資建議
SEL,3,2025-08-18,2025-08-19,3297,杭特,TPEx,R,R_core,fCD,R1@5,12,30,漏網,285,-2.428814,,atr14=0.970|n_lu_250=0.999|r20=0.041|c_ma120=0.949|vr20=0.039|days_since_lu=0.058|dt_ratio20=NaN|lend_to_v=0.016|rev_yoy=0.880|o_turn=0.920|o_log_mcap=0.048|o_lu_follow=0.937,"官方日成交結構(MI_INDEX/dailyQuotes)=1|發行股數(MI_QFIIS/dailyQuotes)=1|外資持股(MI_QFIIS,僅上市)=0|自營商(T86/上櫃三大法人)=1|當沖(TWTB4U/上櫃intraday)=1|季財報(MOPS t163sb04)=1|月營收(MOPS/openapi)=1|官方產業別(MOPS t05st03)=1|融資券(MI_MARGN)=1|借券(TWT93U)=1|法人(T86)=1",750,inf,250.0,official_prepanel,4636.75,92.0,0.0,3.0,0,1,4.849,4.682,6.689,4262.0,0,未扣成本·事後欄位以 m_ 標示·非投資建議
SEL,3,2025-08-22,2025-08-25,4722,國精化,TWSE,R,R_core,fCD,R1@5,45,55,漏網,24,-3.174617,,atr14=0.932|n_lu_250=0.879|r20=1.000|c_ma120=0.993|vr20=0.320|days_since_lu=0.025|dt_ratio20=0.869|lend_to_v=0.137|rev_yoy=0.537|o_turn=0.907|o_log_mcap=0.514|o_lu_follow=0.949,"官方日成交結構(MI_INDEX/dailyQuotes)=1|發行股數(MI_QFIIS/dailyQuotes)=1|外資持股(MI_QFIIS,僅上市)=1|自營商(T86/上櫃三大法人)=1|當沖(TWTB4U/上櫃intraday)=0|季財報(MOPS t163sb04)=1|月營收(MOPS/openapi)=1|官方產業別(MOPS t05st03)=1|融資券(MI_MARGN)=1|借券(TWT93U)=1|法人(T86)=1",754,inf,250.0,official_prepanel,6502.25,65.0,1.0,4.0,0,1,6.198,18.182,10.744,4517.0,1,未扣成本·事後欄位以 m_ 標示·非投資建議
SEL,3,2025-08-26,2025-08-27,3630,新鉅科,TPEx,R,R_core,fCD,R1@5,42,58,漏網,32,-3.102206,,atr14=0.956|n_lu_250=0.915|r20=0.969|c_ma120=0.942|vr20=0.575|days_since_lu=0.061|dt_ratio20=NaN|lend_to_v=0.207|rev_yoy=0.620|o_turn=0.858|o_log_mcap=0.321|o_lu_follow=0.912,"官方日成交結構(MI_INDEX/dailyQuotes)=1|發行股數(MI_QFIIS/dailyQuotes)=1|外資持股(MI_QFIIS,僅上市)=0|自營商(T86/上櫃三大法人)=1|當沖(TWTB4U/上櫃intraday)=1|季財報(MOPS t163sb04)=1|月營收(MOPS/openapi)=1|官方產業別(MOPS t05st03)=1|融資券(MI_MARGN)=1|借券(TWT93U)=1|法人(T86)=1",756,inf,250.0,official_prepanel,5634.05,112.0,0.0,3.0,0,1,7.481,16.031,22.748,4834.0,0,未扣成本·事後欄位以 m_ 標示·非投資建議
SEL,3,2025-08-26,2025-08-27,6761,穩得,TPEx,R,R_core,fCD,R1@5,25,58,漏網,106,-2.487212,,atr14=0.971|n_lu_250=0.622|r20=0.975|c_ma120=0.927|vr20=0.852|days_since_lu=0.077|dt_ratio20=NaN|lend_to_v=0.062|rev_yoy=0.548|o_turn=0.963|o_log_mcap=0.240|o_lu_follow=0.881,"官方日成交結構(MI_INDEX/dailyQuotes)=1|發行股數(MI_QFIIS/dailyQuotes)=1|外資持股(MI_QFIIS,僅上市)=0|自營商(T86/上櫃三大法人)=1|當沖(TWTB4U/上櫃intraday)=1|季財報(MOPS t163sb04)=1|月營收(MOPS/openapi)=1|官方產業別(MOPS t05st03)=1|融資券(MI_MARGN)=1|借券(TWT93U)=1|法人(T86)=1",756,inf,250.0,official_prepanel,1760.5,35.0,0.0,0.0,0,1,8.046,18.391,24.138,3174.0,0,未扣成本·事後欄位以 m_ 標示·非投資建議
SEL,3,2025-08-28,2025-08-29,6129,普誠,TPEx,R,R_core,fCD,R1@5,29,60,漏網,107,-2.740146,,atr14=0.921|n_lu_250=0.755|r20=0.978|c_ma120=0.828|vr20=0.089|days_since_lu=0.107|dt_ratio20=NaN|lend_to_v=0.215|rev_yoy=0.714|o_turn=0.209|o_log_mcap=0.119|o_lu_follow=0.992,"官方日成交結構(MI_INDEX/dailyQuotes)=1|發行股數(MI_QFIIS/dailyQuotes)=1|外資持股(MI_QFIIS,僅上市)=0|自營商(T86/上櫃三大法人)=1|當沖(TWTB4U/上櫃intraday)=0|季財報(MOPS t163sb04)=1|月營收(MOPS/openapi)=1|官方產業別(MOPS t05st03)=1|融資券(MI_MARGN)=1|借券(TWT93U)=1|法人(T86)=1",758,inf,250.0,official_prepanel,966.6,19.0,0.0,0.0,0,1,8.553,17.105,11.184,958.0,0,未扣成本·事後欄位以 m_ 標示·非投資建議
SEL,3,2025-09-01,2025-09-02,4976,佳凌,TWSE,R,R_core,fCD,R1@5,15,68,漏網,90,-2.353107,,atr14=0.876|n_lu_250=0.756|r20=0.985|c_ma120=0.962|vr20=0.980|days_since_lu=0.040|dt_ratio20=0.933|lend_to_v=0.273|rev_yoy=0.136|o_turn=0.962|o_log_mcap=0.318|o_lu_follow=0.740,"官方日成交結構(MI_INDEX/dailyQuotes)=1|發行股數(MI_QFIIS/dailyQuotes)=1|外資持股(MI_QFIIS,僅上市)=1|自營商(T86/上櫃三大法人)=1|當沖(TWTB4U/上櫃intraday)=1|季財報(MOPS t163sb04)=1|月營收(MOPS/openapi)=1|官方產業別(MOPS t05st03)=1|融資券(MI_MARGN)=1|借券(TWT93U)=1|法人(T86)=1",760,inf,250.0,official_prepanel,3250.9,65.0,0.0,2.0,0,1,4.92,11.016,-5.348,5722.0,0,未扣成本·事後欄位以 m_ 標示·非投資建議
SEL,3,2025-09-02,2025-09-03,7402,邑錡,TPEx,R,R_core,fCD,R1@5,52,61,漏網,57,-3.541338,,atr14=0.966|n_lu_250=0.913|r20=0.869|c_ma120=0.886|vr20=0.079|days_since_lu=0.047|dt_ratio20=NaN|lend_to_v=0.028|rev_yoy=0.136|o_turn=0.908|o_log_mcap=0.209|o_lu_follow=0.412,"官方日成交結構(MI_INDEX/dailyQuotes)=1|發行股數(MI_QFIIS/dailyQuotes)=1|外資持股(MI_QFIIS,僅上市)=0|自營商(T86/上櫃三大法人)=1|當沖(TWTB4U/上櫃intraday)=0|季財報(MOPS t163sb04)=1|月營收(MOPS/openapi)=1|官方產業別(MOPS t05st03)=1|融資券(MI_MARGN)=1|借券(TWT93U)=1|法人(T86)=1",761,inf,250.0,official_prepanel,4563.25,45.0,1.0,5.0,0,1,9.251,44.493,36.564,1615.0,1,未扣成本·事後欄位以 m_ 標示·非投資建議
SEL,3,2025-09-08,2025-09-09,2429,銘旺科,TWSE,R,R_core,fCD,R1@5,15,44,漏網,3,-2.712761,,atr14=0.946|n_lu_250=0.980|r20=0.983|c_ma120=0.990|vr20=0.795|days_since_lu=0.059|dt_ratio20=NaN|lend_to_v=0.204|rev_yoy=0.967|o_turn=0.914|o_log_mcap=0.487|o_lu_follow=0.942,"官方日成交結構(MI_INDEX/dailyQuotes)=1|發行股數(MI_QFIIS/dailyQuotes)=1|外資持股(MI_QFIIS,僅上市)=1|自營商(T86/上櫃三大法人)=1|當沖(TWTB4U/上櫃intraday)=0|季財報(MOPS t163sb04)=1|月營收(MOPS/openapi)=1|官方產業別(MOPS t05st03)=1|融資券(MI_MARGN)=1|借券(TWT93U)=1|法人(T86)=1",765,inf,250.0,official_prepanel,2992.85,59.0,0.0,3.0,0,1,6.589,-1.55,3.101,1976.0,0,未扣成本·事後欄位以 m_ 標示·非投資建議
SEL,3,2025-09-11,2025-09-12,3707,漢磊,TPEx,R,R_core,fCD,R1@5,21,41,漏網,54,-2.646082,,atr14=0.925|n_lu_250=0.871|r20=0.919|c_ma120=0.903|vr20=0.656|days_since_lu=0.040|dt_ratio20=NaN|lend_to_v=0.420|rev_yoy=0.544|o_turn=0.906|o_log_mcap=0.666|o_lu_follow=0.654,"官方日成交結構(MI_INDEX/dailyQuotes)=1|發行股數(MI_QFIIS/dailyQuotes)=1|外資持股(MI_QFIIS,僅上市)=0|自營商(T86/上櫃三大法人)=1|當沖(TWTB4U/上櫃intraday)=1|季財報(MOPS t163sb04)=1|月營收(MOPS/openapi)=1|官方產業別(MOPS t05st03)=1|融資券(MI_MARGN)=1|借券(TWT93U)=1|法人(T86)=1",768,inf,250.0,official_prepanel,15979.65,319.0,0.0,1.0,0,1,7.925,27.547,13.019,30343.0,0,未扣成本·事後欄位以 m_ 標示·非投資建議
SEL,3,2025-09-19,2025-09-22,6418,詠昇,TPEx,R,R_core,fCD,R1@5,21,30,漏網,23,-3.08786,,atr14=0.910|n_lu_250=0.864|r20=0.994|c_ma120=0.999|vr20=0.004|days_since_lu=0.127|dt_ratio20=NaN|lend_to_v=0.031|rev_yoy=0.271|o_turn=0.484|o_log_mcap=0.041|o_lu_follow=0.984,"官方日成交結構(MI_INDEX/dailyQuotes)=1|發行股數(MI_QFIIS/dailyQuotes)=1|外資持股(MI_QFIIS,僅上市)=0|自營商(T86/上櫃三大法人)=1|當沖(TWTB4U/上櫃intraday)=0|季財報(MOPS t163sb04)=1|月營收(MOPS/openapi)=1|官方產業別(MOPS t05st03)=1|融資券(MI_MARGN)=1|借券(TWT93U)=1|法人(T86)=1",774,inf,250.0,official_prepanel,1976.95,19.0,1.0,0.0,0,1,8.915,45.349,43.411,576.0,1,未扣成本·事後欄位以 m_ 標示·非投資建議
SEL,3,2025-09-26,2025-09-30,6770,力積電,TWSE,R,R_core,fCD,R1@5,14,24,漏網,26,-3.135406,,atr14=0.886|n_lu_250=0.827|r20=0.995|c_ma120=0.967|vr20=0.707|days_since_lu=0.024|dt_ratio20=0.941|lend_to_v=0.395|rev_yoy=0.538|o_turn=0.889|o_log_mcap=0.888|o_lu_follow=0.960,"官方日成交結構(MI_INDEX/dailyQuotes)=1|發行股數(MI_QFIIS/dailyQuotes)=1|外資持股(MI_QFIIS,僅上市)=1|自營商(T86/上櫃三大法人)=1|當沖(TWTB4U/上櫃intraday)=1|季財報(MOPS t163sb04)=1|月營收(MOPS/openapi)=1|官方產業別(MOPS t05st03)=1|融資券(MI_MARGN)=1|借券(TWT93U)=1|法人(T86)=1",779,inf,250.0,official_prepanel,116624.15,2332.0,0.0,3.0,0,1,0.197,17.949,9.665,152664.0,0,未扣成本·事後欄位以 m_ 標示·非投資建議
SEL,4,2025-10-28,2025-10-29,3543,州巧,TWSE,R,R_core,fCD,R1@5,29,34,漏網,36,-2.939539,,atr14=0.932|n_lu_250=0.962|r20=0.850|c_ma120=0.940|vr20=0.288|days_since_lu=0.067|dt_ratio20=0.945|lend_to_v=0.085|rev_yoy=0.285|o_turn=0.884|o_log_mcap=0.167|o_lu_follow=0.929,"官方日成交結構(MI_INDEX/dailyQuotes)=1|發行股數(MI_QFIIS/dailyQuotes)=1|外資持股(MI_QFIIS,僅上市)=1|自營商(T86/上櫃三大法人)=1|當沖(TWTB4U/上櫃intraday)=1|季財報(MOPS t163sb04)=1|月營收(MOPS/openapi)=1|官方產業別(MOPS t05st03)=1|融資券(MI_MARGN)=1|借券(TWT93U)=1|法人(T86)=1",797,inf,250.0,official_prepanel,4191.15,83.0,0.0,1.0,0,1,8.675,18.675,5.181,11876.0,0,未扣成本·事後欄位以 m_ 標示·非投資建議
SEL,4,2025-11-20,2025-11-21,6291,沛亨,TPEx,R,R_core,fCD,R1@5,21,24,漏網,103,-2.813366,,atr14=0.955|n_lu_250=0.965|r20=0.662|c_ma120=0.787|vr20=0.777|days_since_lu=0.027|dt_ratio20=NaN|lend_to_v=0.195|rev_yoy=0.822|o_turn=0.777|o_log_mcap=0.296|o_lu_follow=0.902,"官方日成交結構(MI_INDEX/dailyQuotes)=1|發行股數(MI_QFIIS/dailyQuotes)=1|外資持股(MI_QFIIS,僅上市)=0|自營商(T86/上櫃三大法人)=1|當沖(TWTB4U/上櫃intraday)=1|季財報(MOPS t163sb04)=1|月營收(MOPS/openapi)=1|官方產業別(MOPS t05st03)=1|融資券(MI_MARGN)=1|借券(TWT93U)=1|法人(T86)=1",814,inf,250.0,official_prepanel,490.3,9.0,0.0,0.0,0,1,6.463,15.646,21.429,617.0,0,未扣成本·事後欄位以 m_ 標示·非投資建議
SEL,4,2025-11-21,2025-11-24,2413,環科,TWSE,R,R_core,fCD,R1@5,13,22,漏網,64,-2.666622,,atr14=0.728|n_lu_250=0.795|r20=0.946|c_ma120=0.902|vr20=0.848|days_since_lu=0.017|dt_ratio20=0.967|lend_to_v=0.145|rev_yoy=0.324|o_turn=0.858|o_log_mcap=0.136|o_lu_follow=0.678,"官方日成交結構(MI_INDEX/dailyQuotes)=1|發行股數(MI_QFIIS/dailyQuotes)=1|外資持股(MI_QFIIS,僅上市)=1|自營商(T86/上櫃三大法人)=1|當沖(TWTB4U/上櫃intraday)=1|季財報(MOPS t163sb04)=1|月營收(MOPS/openapi)=1|官方產業別(MOPS t05st03)=1|融資券(MI_MARGN)=1|借券(TWT93U)=1|法人(T86)=1",815,inf,250.0,official_prepanel,2164.55,43.0,0.0,0.0,0,1,8.542,20.208,12.917,6504.0,0,未扣成本·事後欄位以 m_ 標示·非投資建議
SEL,4,2025-12-01,2025-12-02,6431,光麗-KY,TWSE,R,R_core,fCD,R1@5,8,19,漏網,104,-2.067994,,atr14=0.652|n_lu_250=0.661|r20=0.993|c_ma120=0.938|vr20=0.861|days_since_lu=0.056|dt_ratio20=NaN|lend_to_v=0.010|rev_yoy=0.036|o_turn=0.664|o_log_mcap=0.062|o_lu_follow=0.807,"官方日成交結構(MI_INDEX/dailyQuotes)=1|發行股數(MI_QFIIS/dailyQuotes)=1|外資持股(MI_QFIIS,僅上市)=1|自營商(T86/上櫃三大法人)=1|當沖(TWTB4U/上櫃intraday)=0|季財報(MOPS t163sb04)=1|月營收(MOPS/openapi)=1|官方產業別(MOPS t05st03)=1|融資券(MI_MARGN)=1|借券(TWT93U)=1|法人(T86)=1",821,inf,250.0,official_prepanel,536.15,10.0,0.0,2.0,0,1,7.522,21.239,34.513,1244.0,0,未扣成本·事後欄位以 m_ 標示·非投資建議
SEL,4,2025-12-05,2025-12-08,5475,德宏,TPEx,R,R_core,fCD,R1@5,18,26,漏網,13,-2.373453,,atr14=0.978|n_lu_250=0.995|r20=0.890|c_ma120=0.969|vr20=0.854|days_since_lu=0.021|dt_ratio20=NaN|lend_to_v=0.011|rev_yoy=0.901|o_turn=0.899|o_log_mcap=0.364|o_lu_follow=0.969,"官方日成交結構(MI_INDEX/dailyQuotes)=1|發行股數(MI_QFIIS/dailyQuotes)=1|外資持股(MI_QFIIS,僅上市)=0|自營商(T86/上櫃三大法人)=1|當沖(TWTB4U/上櫃intraday)=0|季財報(MOPS t163sb04)=1|月營收(MOPS/openapi)=1|官方產業別(MOPS t05st03)=1|融資券(MI_MARGN)=1|借券(TWT93U)=1|法人(T86)=1",825,inf,250.0,official_prepanel,3457.75,69.0,0.0,3.0,0,1,5.579,8.089,15.76,5691.0,0,未扣成本·事後欄位以 m_ 標示·非投資建議
SEL,4,2025-12-05,2025-12-08,8039,台虹,TWSE,R,R_core,fCD,R1@5,23,26,漏網,77,-3.012972,,atr14=0.948|n_lu_250=0.665|r20=0.948|c_ma120=0.950|vr20=0.444|days_since_lu=0.058|dt_ratio20=0.974|lend_to_v=0.176|rev_yoy=0.782|o_turn=0.942|o_log_mcap=0.606|o_lu_follow=0.812,"官方日成交結構(MI_INDEX/dailyQuotes)=1|發行股數(MI_QFIIS/dailyQuotes)=1|外資持股(MI_QFIIS,僅上市)=1|自營商(T86/上櫃三大法人)=1|當沖(TWTB4U/上櫃intraday)=1|季財報(MOPS t163sb04)=1|月營收(MOPS/openapi)=1|官方產業別(MOPS t05st03)=1|融資券(MI_MARGN)=1|借券(TWT93U)=1|法人(T86)=1",825,inf,250.0,official_prepanel,22774.4,455.0,0.0,3.0,0,1,7.143,29.699,21.053,37666.0,0,未扣成本·事後欄位以 m_ 標示·非投資建議
SEL,4,2025-12-09,2025-12-10,2349,錸德,TWSE,R,R_core,fCD,R1@5,12,19,漏網,204,-2.614834,,atr14=0.680|n_lu_250=0.664|r20=0.855|c_ma120=0.538|vr20=0.665|days_since_lu=0.033|dt_ratio20=NaN|lend_to_v=0.011|rev_yoy=0.186|o_turn=0.521|o_log_mcap=0.292|o_lu_follow=0.810,"官方日成交結構(MI_INDEX/dailyQuotes)=1|發行股數(MI_QFIIS/dailyQuotes)=1|外資持股(MI_QFIIS,僅上市)=1|自營商(T86/上櫃三大法人)=1|當沖(TWTB4U/上櫃intraday)=0|季財報(MOPS t163sb04)=1|月營收(MOPS/openapi)=1|官方產業別(MOPS t05st03)=1|融資券(MI_MARGN)=1|借券(TWT93U)=1|法人(T86)=1",827,inf,250.0,official_prepanel,3893.35,77.0,0.0,0.0,0,1,6.393,47.945,36.986,14163.0,0,未扣成本·事後欄位以 m_ 標示·非投資建議
SEL,4,2025-12-11,2025-12-12,6443,元晶,TWSE,R,R_core,fCD,R1@5,12,23,漏網,106,-2.198725,,atr14=0.731|n_lu_250=0.661|r20=0.982|c_ma120=0.800|vr20=0.999|days_since_lu=0.006|dt_ratio20=0.815|lend_to_v=0.638|rev_yoy=0.046|o_turn=0.990|o_log_mcap=0.381|o_lu_follow=0.808,"官方日成交結構(MI_INDEX/dailyQuotes)=1|發行股數(MI_QFIIS/dailyQuotes)=1|外資持股(MI_QFIIS,僅上市)=1|自營商(T86/上櫃三大法人)=1|當沖(TWTB4U/上櫃intraday)=1|季財報(MOPS t163sb04)=1|月營收(MOPS/openapi)=1|官方產業別(MOPS t05st03)=1|融資券(MI_MARGN)=1|借券(TWT93U)=1|法人(T86)=1",829,inf,250.0,official_prepanel,9091.85,181.0,0.0,1.0,0,1,7.542,20.67,62.57,89383.0,0,未扣成本·事後欄位以 m_ 標示·非投資建議
SEL,4,2025-12-19,2025-12-22,3701,大眾控,TWSE,R,R_core,fCD,R1@5,27,32,漏網,167,-2.999542,,atr14=0.880|n_lu_250=0.766|r20=0.910|c_ma120=0.461|vr20=0.531|days_since_lu=0.058|dt_ratio20=0.896|lend_to_v=0.444|rev_yoy=0.102|o_turn=0.522|o_log_mcap=0.352|o_lu_follow=0.676,"官方日成交結構(MI_INDEX/dailyQuotes)=1|發行股數(MI_QFIIS/dailyQuotes)=1|外資持股(MI_QFIIS,僅上市)=1|自營商(T86/上櫃三大法人)=1|當沖(TWTB4U/上櫃intraday)=1|季財報(MOPS t163sb04)=1|月營收(MOPS/openapi)=1|官方產業別(MOPS t05st03)=1|融資券(MI_MARGN)=1|借券(TWT93U)=1|法人(T86)=1",835,inf,250.0,official_prepanel,1553.95,31.0,0.0,0.0,0,1,9.066,32.747,33.559,1933.0,0,未扣成本·事後欄位以 m_ 標示·非投資建議
SEL,4,2025-12-19,2025-12-22,4909,新復興,TPEx,R,R_core,fCD,R1@5,18,32,漏網,368,-2.501176,,atr14=0.911|n_lu_250=0.766|r20=0.880|c_ma120=0.095|vr20=0.828|days_since_lu=0.035|dt_ratio20=NaN|lend_to_v=0.355|rev_yoy=0.005|o_turn=0.916|o_log_mcap=0.199|o_lu_follow=0.907,"官方日成交結構(MI_INDEX/dailyQuotes)=1|發行股數(MI_QFIIS/dailyQuotes)=1|外資持股(MI_QFIIS,僅上市)=0|自營商(T86/上櫃三大法人)=1|當沖(TWTB4U/上櫃intraday)=1|季財報(MOPS t163sb04)=1|月營收(MOPS/openapi)=1|官方產業別(MOPS t05st03)=1|融資券(MI_MARGN)=1|借券(TWT93U)=1|法人(T86)=1",835,inf,250.0,official_prepanel,2444.3,48.0,0.0,1.0,0,1,9.979,30.149,26.327,7063.0,0,未扣成本·事後欄位以 m_ 標示·非投資建議
SEL,4,2025-12-19,2025-12-22,6244,茂迪,TPEx,R,R_core,fCD,R1@5,8,32,漏網,115,-1.596802,,atr14=0.964|n_lu_250=0.648|r20=0.925|c_ma120=0.685|vr20=0.672|days_since_lu=0.035|dt_ratio20=NaN|lend_to_v=0.390|rev_yoy=0.176|o_turn=0.861|o_log_mcap=0.310|o_lu_follow=0.807,"官方日成交結構(MI_INDEX/dailyQuotes)=1|發行股數(MI_QFIIS/dailyQuotes)=1|外資持股(MI_QFIIS,僅上市)=0|自營商(T86/上櫃三大法人)=1|當沖(TWTB4U/上櫃intraday)=1|季財報(MOPS t163sb04)=1|月營收(MOPS/openapi)=1|官方產業別(MOPS t05st03)=1|融資券(MI_MARGN)=1|借券(TWT93U)=1|法人(T86)=1",835,inf,250.0,official_prepanel,8568.65,171.0,0.0,2.0,0,1,9.61,11.948,4.416,16031.0,0,未扣成本·事後欄位以 m_ 標示·非投資建議
SEL,4,2025-12-24,2025-12-26,5498,凱崴,TPEx,R,R_core,fCD,R1@5,6,26,漏網,5,-1.568723,,atr14=0.954|n_lu_250=0.987|r20=0.992|c_ma120=0.992|vr20=0.827|days_since_lu=0.023|dt_ratio20=NaN|lend_to_v=0.031|rev_yoy=0.843|o_turn=0.992|o_log_mcap=0.341|o_lu_follow=0.827,"官方日成交結構(MI_INDEX/dailyQuotes)=1|發行股數(MI_QFIIS/dailyQuotes)=1|外資持股(MI_QFIIS,僅上市)=0|自營商(T86/上櫃三大法人)=1|當沖(TWTB4U/上櫃intraday)=1|季財報(MOPS t163sb04)=1|月營收(MOPS/openapi)=1|官方產業別(MOPS t05st03)=1|融資券(MI_MARGN)=1|借券(TWT93U)=1|法人(T86)=1",838,inf,250.0,official_prepanel,37164.75,743.0,0.0,3.0,0,1,8.645,23.832,19.626,56529.0,0,未扣成本·事後欄位以 m_ 標示·非投資建議
HC,1,2026-01-02,2026-01-05,3481,群創,TWSE,R,R_core,fCD,R1@5,24,27,漏網,170,-2.63927,,atr14=0.796|n_lu_250=0.457|r20=0.948|c_ma120=0.922|vr20=0.985|days_since_lu=0.011|dt_ratio20=0.873|lend_to_v=0.446|rev_yoy=0.277|o_turn=0.972|o_log_mcap=0.896|o_lu_follow=0.922,"官方日成交結構(MI_INDEX/dailyQuotes)=1|發行股數(MI_QFIIS/dailyQuotes)=1|外資持股(MI_QFIIS,僅上市)=1|自營商(T86/上櫃三大法人)=1|當沖(TWTB4U/上櫃intraday)=1|季財報(MOPS t163sb04)=1|月營收(MOPS/openapi)=1|官方產業別(MOPS t05st03)=1|融資券(MI_MARGN)=1|借券(TWT93U)=1|法人(T86)=1",843,inf,250.0,official_prepanel,199397.95,3987.0,0.0,2.0,0,1,5.851,6.383,41.489,536713.0,0,未扣成本·事後欄位以 m_ 標示·非投資建議
HC,1,2026-01-06,2026-01-07,2025,千興,TWSE,R,R_core,fCD,R1@5,18,40,漏網,276,-2.135076,,atr14=0.599|n_lu_250=0.826|r20=0.790|c_ma120=0.469|vr20=0.720|days_since_lu=0.030|dt_ratio20=NaN|lend_to_v=0.011|rev_yoy=0.057|o_turn=0.208|o_log_mcap=0.045|o_lu_follow=0.658,"官方日成交結構(MI_INDEX/dailyQuotes)=1|發行股數(MI_QFIIS/dailyQuotes)=1|外資持股(MI_QFIIS,僅上市)=1|自營商(T86/上櫃三大法人)=1|當沖(TWTB4U/上櫃intraday)=0|季財報(MOPS t163sb04)=1|月營收(MOPS/openapi)=1|官方產業別(MOPS t05st03)=1|融資券(MI_MARGN)=1|借券(TWT93U)=1|法人(T86)=1",845,inf,250.0,official_prepanel,324.4,6.0,0.0,0.0,0,1,8.756,11.982,23.502,1183.0,0,未扣成本·事後欄位以 m_ 標示·非投資建議
HC,1,2026-01-08,2026-01-09,5291,邑昇,TPEx,R,R_core,fCD,R1@5,15,47,漏網,240,-1.861283,,atr14=0.714|n_lu_250=0.334|r20=0.909|c_ma120=0.914|vr20=0.911|days_since_lu=0.036|dt_ratio20=NaN|lend_to_v=0.052|rev_yoy=0.699|o_turn=0.837|o_log_mcap=0.011|o_lu_follow=0.966,"官方日成交結構(MI_INDEX/dailyQuotes)=1|發行股數(MI_QFIIS/dailyQuotes)=1|外資持股(MI_QFIIS,僅上市)=0|自營商(T86/上櫃三大法人)=1|當沖(TWTB4U/上櫃intraday)=1|季財報(MOPS t163sb04)=1|月營收(MOPS/openapi)=1|官方產業別(MOPS t05st03)=1|融資券(MI_MARGN)=1|借券(TWT93U)=1|法人(T86)=1",847,inf,250.0,official_prepanel,463.75,9.0,0.0,1.0,0,1,9.955,19.614,3.863,3111.0,0,未扣成本·事後欄位以 m_ 標示·非投資建議
HC,1,2026-01-08,2026-01-09,6163,華電網,TPEx,R,R_core,fCD,R1@5,17,47,漏網,13,-1.911583,,atr14=0.990|n_lu_250=0.904|r20=0.954|c_ma120=0.989|vr20=0.597|days_since_lu=0.129|dt_ratio20=NaN|lend_to_v=0.205|rev_yoy=0.179|o_turn=0.949|o_log_mcap=0.328|o_lu_follow=0.904,"官方日成交結構(MI_INDEX/dailyQuotes)=1|發行股數(MI_QFIIS/dailyQuotes)=1|外資持股(MI_QFIIS,僅上市)=0|自營商(T86/上櫃三大法人)=1|當沖(TWTB4U/上櫃intraday)=1|季財報(MOPS t163sb04)=1|月營收(MOPS/openapi)=1|官方產業別(MOPS t05st03)=1|融資券(MI_MARGN)=1|借券(TWT93U)=1|法人(T86)=1",847,inf,250.0,official_prepanel,8115.3,162.0,0.0,0.0,0,1,6.989,29.032,24.194,19331.0,0,未扣成本·事後欄位以 m_ 標示·非投資建議
HC,1,2026-01-09,2026-01-12,6265,方土昶,TPEx,R,R_core,fCD,R1@5,21,46,漏網,2,-2.394027,,atr14=0.990|n_lu_250=0.980|r20=0.999|c_ma120=0.999|vr20=0.080|days_since_lu=0.100|dt_ratio20=NaN|lend_to_v=0.031|rev_yoy=0.945|o_turn=0.923|o_log_mcap=0.195|o_lu_follow=0.981,"官方日成交結構(MI_INDEX/dailyQuotes)=1|發行股數(MI_QFIIS/dailyQuotes)=1|外資持股(MI_QFIIS,僅上市)=0|自營商(T86/上櫃三大法人)=1|當沖(TWTB4U/上櫃intraday)=0|季財報(MOPS t163sb04)=1|月營收(MOPS/openapi)=1|官方產業別(MOPS t05st03)=1|融資券(MI_MARGN)=1|借券(TWT93U)=1|法人(T86)=1",848,inf,250.0,official_prepanel,16388.1,163.0,1.0,4.0,1,0,0.0,26.219,27.009,2248.0,1,未扣成本·事後欄位以 m_ 標示·非投資建議
HC,1,2026-01-13,2026-01-14,1721,國慶科技,TWSE,R,R_core,fCD,R1@5,40,55,漏網,80,-2.454864,,atr14=1.000|n_lu_250=0.698|r20=0.982|c_ma120=0.852|vr20=0.147|days_since_lu=0.150|dt_ratio20=NaN|lend_to_v=0.027|rev_yoy=0.626|o_turn=0.693|o_log_mcap=0.105|o_lu_follow=0.716,"官方日成交結構(MI_INDEX/dailyQuotes)=1|發行股數(MI_QFIIS/dailyQuotes)=1|外資持股(MI_QFIIS,僅上市)=1|自營商(T86/上櫃三大法人)=1|當沖(TWTB4U/上櫃intraday)=0|季財報(MOPS t163sb04)=1|月營收(MOPS/openapi)=1|官方產業別(MOPS t05st03)=1|融資券(MI_MARGN)=1|借券(TWT93U)=1|法人(T86)=1",850,inf,250.0,official_prepanel,4703.7,94.0,0.0,0.0,0,1,3.963,27.134,19.207,4832.0,0,未扣成本·事後欄位以 m_ 標示·非投資建議
HC,1,2026-01-13,2026-01-14,5498,凱崴,TPEx,R,R_core,fCD,R1@5,21,55,漏網,1,-1.836287,,atr14=0.949|n_lu_250=0.994|r20=1.000|c_ma120=0.998|vr20=0.011|days_since_lu=0.158|dt_ratio20=NaN|lend_to_v=0.027|rev_yoy=0.847|o_turn=0.868|o_log_mcap=0.432|o_lu_follow=0.895,"官方日成交結構(MI_INDEX/dailyQuotes)=1|發行股數(MI_QFIIS/dailyQuotes)=1|外資持股(MI_QFIIS,僅上市)=0|自營商(T86/上櫃三大法人)=1|當沖(TWTB4U/上櫃intraday)=0|季財報(MOPS t163sb04)=1|月營收(MOPS/openapi)=1|官方產業別(MOPS t05st03)=1|融資券(MI_MARGN)=1|借券(TWT93U)=1|法人(T86)=1",850,inf,250.0,official_prepanel,40190.5,401.0,1.0,0.0,0,1,5.035,19.965,16.84,6934.0,1,未扣成本·事後欄位以 m_ 標示·非投資建議
HC,1,2026-01-13,2026-01-14,6155,鈞寶,TWSE,R,R_core,fCD,R1@5,29,55,漏網,23,-2.100027,,atr14=0.974|n_lu_250=0.924|r20=0.914|c_ma120=0.979|vr20=0.279|days_since_lu=0.109|dt_ratio20=0.976|lend_to_v=0.032|rev_yoy=0.694|o_turn=0.932|o_log_mcap=0.218|o_lu_follow=0.985,"官方日成交結構(MI_INDEX/dailyQuotes)=1|發行股數(MI_QFIIS/dailyQuotes)=1|外資持股(MI_QFIIS,僅上市)=1|自營商(T86/上櫃三大法人)=1|當沖(TWTB4U/上櫃intraday)=1|季財報(MOPS t163sb04)=1|月營收(MOPS/openapi)=1|官方產業別(MOPS t05st03)=1|融資券(MI_MARGN)=1|借券(TWT93U)=1|法人(T86)=1",850,inf,250.0,official_prepanel,7721.0,154.0,0.0,1.0,0,1,4.744,15.18,9.677,7855.0,0,未扣成本·事後欄位以 m_ 標示·非投資建議
HC,1,2026-01-15,2026-01-16,4973,廣穎,TPEx,R,R_core,fCD,R1@5,17,57,漏網,29,-1.899937,,atr14=0.988|n_lu_250=0.857|r20=0.974|c_ma120=0.957|vr20=0.401|days_since_lu=0.101|dt_ratio20=NaN|lend_to_v=0.065|rev_yoy=0.254|o_turn=0.955|o_log_mcap=0.129|o_lu_follow=0.650,"官方日成交結構(MI_INDEX/dailyQuotes)=1|發行股數(MI_QFIIS/dailyQuotes)=1|外資持股(MI_QFIIS,僅上市)=0|自營商(T86/上櫃三大法人)=1|當沖(TWTB4U/上櫃intraday)=1|季財報(MOPS t163sb04)=1|月營收(MOPS/openapi)=1|官方產業別(MOPS t05st03)=1|融資券(MI_MARGN)=1|借券(TWT93U)=1|法人(T86)=1",852,inf,250.0,official_prepanel,7133.35,142.0,0.0,1.0,0,1,8.163,6.122,4.082,12942.0,0,未扣成本·事後欄位以 m_ 標示·非投資建議
HC,1,2026-01-16,2026-01-19,5302,太欣,TPEx,R,R_core,fCD,R1@5,10,63,漏網,67,-1.500936,,atr14=0.934|n_lu_250=0.882|r20=0.919|c_ma120=0.851|vr20=0.744|days_since_lu=0.075|dt_ratio20=NaN|lend_to_v=0.013|rev_yoy=0.952|o_turn=0.655|o_log_mcap=0.039|o_lu_follow=0.975,"官方日成交結構(MI_INDEX/dailyQuotes)=1|發行股數(MI_QFIIS/dailyQuotes)=1|外資持股(MI_QFIIS,僅上市)=0|自營商(T86/上櫃三大法人)=1|當沖(TWTB4U/上櫃intraday)=0|季財報(MOPS t163sb04)=1|月營收(MOPS/openapi)=1|官方產業別(MOPS t05st03)=1|融資券(MI_MARGN)=1|借券(TWT93U)=1|法人(T86)=1",853,inf,250.0,official_prepanel,1272.6,25.0,0.0,2.0,0,1,9.821,7.143,2.679,2382.0,0,未扣成本·事後欄位以 m_ 標示·非投資建議
HC,1,2026-01-19,2026-01-20,8074,鉅橡,TPEx,R,R_core,fCD,R1@5,34,54,漏網,8,-2.403124,,atr14=0.976|n_lu_250=0.938|r20=0.981|c_ma120=0.983|vr20=0.235|days_since_lu=0.109|dt_ratio20=NaN|lend_to_v=0.043|rev_yoy=0.596|o_turn=0.994|o_log_mcap=0.252|o_lu_follow=0.419,"官方日成交結構(MI_INDEX/dailyQuotes)=1|發行股數(MI_QFIIS/dailyQuotes)=1|外資持股(MI_QFIIS,僅上市)=0|自營商(T86/上櫃三大法人)=1|當沖(TWTB4U/上櫃intraday)=1|季財報(MOPS t163sb04)=1|月營收(MOPS/openapi)=1|官方產業別(MOPS t05st03)=1|融資券(MI_MARGN)=1|借券(TWT93U)=1|法人(T86)=1",854,inf,250.0,official_prepanel,20758.15,415.0,0.0,1.0,0,1,4.8,2.88,-5.44,7309.0,0,未扣成本·事後欄位以 m_ 標示·非投資建議
HC,1,2026-01-20,2026-01-21,4533,協易機,TPEx,R,R_core,fCD,R1@5,43,68,漏網,153,-2.669303,,atr14=0.770|n_lu_250=0.643|r20=0.953|c_ma120=0.885|vr20=0.745|days_since_lu=0.030|dt_ratio20=NaN|lend_to_v=0.221|rev_yoy=0.763|o_turn=0.879|o_log_mcap=0.246|o_lu_follow=0.956,"官方日成交結構(MI_INDEX/dailyQuotes)=1|發行股數(MI_QFIIS/dailyQuotes)=1|外資持股(MI_QFIIS,僅上市)=0|自營商(T86/上櫃三大法人)=1|當沖(TWTB4U/上櫃intraday)=1|季財報(MOPS t163sb04)=1|月營收(MOPS/openapi)=1|官方產業別(MOPS t05st03)=1|融資券(MI_MARGN)=1|借券(TWT93U)=1|法人(T86)=1",855,inf,250.0,official_prepanel,4104.55,82.0,0.0,2.0,0,1,9.354,29.252,22.109,10622.0,0,未扣成本·事後欄位以 m_ 標示·非投資建議
HC,1,2026-01-21,2026-01-22,6285,啟碁,TWSE,R,R_core,fCD,R1@5,30,75,漏網,203,-2.284171,,atr14=0.749|n_lu_250=0.641|r20=0.924|c_ma120=0.746|vr20=0.963|days_since_lu=0.013|dt_ratio20=0.701|lend_to_v=0.476|rev_yoy=0.370|o_turn=0.945|o_log_mcap=0.837|o_lu_follow=0.806,"官方日成交結構(MI_INDEX/dailyQuotes)=1|發行股數(MI_QFIIS/dailyQuotes)=1|外資持股(MI_QFIIS,僅上市)=1|自營商(T86/上櫃三大法人)=1|當沖(TWTB4U/上櫃intraday)=1|季財報(MOPS t163sb04)=1|月營收(MOPS/openapi)=1|官方產業別(MOPS t05st03)=1|融資券(MI_MARGN)=1|借券(TWT93U)=1|法人(T86)=1",856,inf,250.0,official_prepanel,10500.2,210.0,0.0,0.0,1,0,0.0,18.44,47.163,22105.0,0,未扣成本·事後欄位以 m_ 標示·非投資建議
HC,1,2026-01-22,2026-01-23,4534,慶騰,TPEx,R,R_core,fCD,R1@5,15,71,漏網,94,-2.049259,,atr14=0.790|n_lu_250=0.911|r20=0.946|c_ma120=0.827|vr20=0.842|days_since_lu=0.045|dt_ratio20=NaN|lend_to_v=0.016|rev_yoy=0.707|o_turn=0.724|o_log_mcap=0.040|o_lu_follow=0.784,"官方日成交結構(MI_INDEX/dailyQuotes)=1|發行股數(MI_QFIIS/dailyQuotes)=1|外資持股(MI_QFIIS,僅上市)=0|自營商(T86/上櫃三大法人)=1|當沖(TWTB4U/上櫃intraday)=0|季財報(MOPS t163sb04)=1|月營收(MOPS/openapi)=1|官方產業別(MOPS t05st03)=1|融資券(MI_MARGN)=1|借券(TWT93U)=1|法人(T86)=1",857,inf,250.0,official_prepanel,849.9,16.0,0.0,3.0,1,0,0.0,14.713,2.529,1714.0,0,未扣成本·事後欄位以 m_ 標示·非投資建議
HC,1,2026-01-22,2026-01-23,5291,邑昇,TPEx,R,R_core,fCD,R1@5,29,71,漏網,134,-2.378916,,atr14=0.997|n_lu_250=0.550|r20=0.943|c_ma120=0.894|vr20=0.105|days_since_lu=0.142|dt_ratio20=NaN|lend_to_v=0.040|rev_yoy=0.515|o_turn=0.734|o_log_mcap=0.021|o_lu_follow=0.983,"官方日成交結構(MI_INDEX/dailyQuotes)=1|發行股數(MI_QFIIS/dailyQuotes)=1|外資持股(MI_QFIIS,僅上市)=0|自營商(T86/上櫃三大法人)=1|當沖(TWTB4U/上櫃intraday)=1|季財報(MOPS t163sb04)=1|月營收(MOPS/openapi)=1|官方產業別(MOPS t05st03)=1|融資券(MI_MARGN)=1|借券(TWT93U)=1|法人(T86)=1",857,inf,250.0,official_prepanel,1569.85,31.0,0.0,0.0,0,1,8.475,4.52,4.52,2424.0,0,未扣成本·事後欄位以 m_ 標示·非投資建議
HC,1,2026-01-29,2026-01-30,3049,精金,TWSE,R,R_relax,fP10|fCD,R1@5,22,79,漏網,51,-2.102746,,atr14=0.996|n_lu_250=0.857|r20=0.966|c_ma120=0.839|vr20=0.302|days_since_lu=0.093|dt_ratio20=NaN|lend_to_v=0.016|rev_yoy=0.613|o_turn=0.630|o_log_mcap=0.341|o_lu_follow=0.932,"官方日成交結構(MI_INDEX/dailyQuotes)=1|發行股數(MI_QFIIS/dailyQuotes)=1|外資持股(MI_QFIIS,僅上市)=1|自營商(T86/上櫃三大法人)=1|當沖(TWTB4U/上櫃intraday)=0|季財報(MOPS t163sb04)=1|月營收(MOPS/openapi)=1|官方產業別(MOPS t05st03)=1|融資券(MI_MARGN)=1|借券(TWT93U)=1|法人(T86)=1",862,inf,250.0,official_prepanel,13871.1,277.0,0.0,2.0,0,1,9.953,10.308,13.744,11965.0,0,未扣成本·事後欄位以 m_ 標示·非投資建議
HC,1,2026-02-02,2026-02-03,2367,燿華,TWSE,R,R_core,fCD,R1@5,14,71,漏網,42,-1.859156,,atr14=0.925|n_lu_250=0.758|r20=0.998|c_ma120=0.986|vr20=0.803|days_since_lu=0.062|dt_ratio20=0.987|lend_to_v=0.150|rev_yoy=0.175|o_turn=0.998|o_log_mcap=0.756|o_lu_follow=0.659,"官方日成交結構(MI_INDEX/dailyQuotes)=1|發行股數(MI_QFIIS/dailyQuotes)=1|外資持股(MI_QFIIS,僅上市)=1|自營商(T86/上櫃三大法人)=1|當沖(TWTB4U/上櫃intraday)=1|季財報(MOPS t163sb04)=1|月營收(MOPS/openapi)=1|官方產業別(MOPS t05st03)=1|融資券(MI_MARGN)=1|借券(TWT93U)=1|法人(T86)=1",864,inf,250.0,official_prepanel,133665.55,2673.0,0.0,4.0,0,1,5.458,4.288,14.425,148901.0,0,未扣成本·事後欄位以 m_ 標示·非投資建議
HC,1,2026-02-02,2026-02-03,5475,德宏,TPEx,R,R_core,fCD,R1@5,27,71,漏網,12,-2.297005,,atr14=0.907|n_lu_250=0.999|r20=0.960|c_ma120=0.985|vr20=0.264|days_since_lu=0.153|dt_ratio20=NaN|lend_to_v=0.016|rev_yoy=0.878|o_turn=0.818|o_log_mcap=0.588|o_lu_follow=0.976,"官方日成交結構(MI_INDEX/dailyQuotes)=1|發行股數(MI_QFIIS/dailyQuotes)=1|外資持股(MI_QFIIS,僅上市)=0|自營商(T86/上櫃三大法人)=1|當沖(TWTB4U/上櫃intraday)=0|季財報(MOPS t163sb04)=1|月營收(MOPS/openapi)=1|官方產業別(MOPS t05st03)=1|融資券(MI_MARGN)=1|借券(TWT93U)=1|法人(T86)=1",864,inf,250.0,official_prepanel,4496.6,44.0,1.0,0.0,0,1,4.237,19.492,83.051,3125.0,1,未扣成本·事後欄位以 m_ 標示·非投資建議
HC,1,2026-02-03,2026-02-04,3234,光環,TPEx,R,R_core,fCD,R1@5,8,56,漏網,21,-1.467392,,atr14=0.952|n_lu_250=0.930|r20=0.936|c_ma120=0.950|vr20=0.589|days_since_lu=0.048|dt_ratio20=NaN|lend_to_v=0.015|rev_yoy=0.684|o_turn=0.886|o_log_mcap=0.324|o_lu_follow=0.684,"官方日成交結構(MI_INDEX/dailyQuotes)=1|發行股數(MI_QFIIS/dailyQuotes)=1|外資持股(MI_QFIIS,僅上市)=0|自營商(T86/上櫃三大法人)=1|當沖(TWTB4U/上櫃intraday)=0|季財報(MOPS t163sb04)=1|月營收(MOPS/openapi)=1|官方產業別(MOPS t05st03)=1|融資券(MI_MARGN)=1|借券(TWT93U)=1|法人(T86)=1",865,inf,250.0,official_prepanel,4483.05,89.0,0.0,1.0,0,1,9.982,37.931,74.229,3123.0,0,未扣成本·事後欄位以 m_ 標示·非投資建議
HC,1,2026-02-05,2026-02-06,5386,青雲,TPEx,R,R_core,fCD,R1@5,15,56,漏網,118,-2.177039,,atr14=0.747|n_lu_250=0.622|r20=0.983|c_ma120=0.969|vr20=0.933|days_since_lu=0.036|dt_ratio20=NaN|lend_to_v=0.104|rev_yoy=0.896|o_turn=0.984|o_log_mcap=0.218|o_lu_follow=0.951,"官方日成交結構(MI_INDEX/dailyQuotes)=1|發行股數(MI_QFIIS/dailyQuotes)=1|外資持股(MI_QFIIS,僅上市)=0|自營商(T86/上櫃三大法人)=1|當沖(TWTB4U/上櫃intraday)=1|季財報(MOPS t163sb04)=1|月營收(MOPS/openapi)=1|官方產業別(MOPS t05st03)=1|融資券(MI_MARGN)=1|借券(TWT93U)=1|法人(T86)=1",867,inf,250.0,official_prepanel,2612.5,52.0,0.0,2.0,1,0,0.0,42.857,63.265,6363.0,0,未扣成本·事後欄位以 m_ 標示·非投資建議
HC,1,2026-02-09,2026-02-10,6291,沛亨,TPEx,R,R_core,fCD,R1@5,43,51,漏網,21,-3.45573,,atr14=0.914|n_lu_250=0.984|r20=0.970|c_ma120=0.950|vr20=0.968|days_since_lu=0.072|dt_ratio20=NaN|lend_to_v=0.110|rev_yoy=0.866|o_turn=0.955|o_log_mcap=0.459|o_lu_follow=0.922,"官方日成交結構(MI_INDEX/dailyQuotes)=1|發行股數(MI_QFIIS/dailyQuotes)=1|外資持股(MI_QFIIS,僅上市)=0|自營商(T86/上櫃三大法人)=1|當沖(TWTB4U/上櫃intraday)=1|季財報(MOPS t163sb04)=1|月營收(MOPS/openapi)=1|官方產業別(MOPS t05st03)=1|融資券(MI_MARGN)=1|借券(TWT93U)=1|法人(T86)=1",869,inf,250.0,official_prepanel,1045.6,20.0,0.0,0.0,0,1,4.357,12.241,12.656,1514.0,0,未扣成本·事後欄位以 m_ 標示·非投資建議
HC,1,2026-02-09,2026-02-10,6588,東典光電,TPEx,R,R_core,fCD,R1@5,15,51,漏網,12,-2.078043,,atr14=0.903|n_lu_250=0.939|r20=0.996|c_ma120=0.998|vr20=0.351|days_since_lu=0.025|dt_ratio20=NaN|lend_to_v=0.040|rev_yoy=0.678|o_turn=0.927|o_log_mcap=0.118|o_lu_follow=0.916,"官方日成交結構(MI_INDEX/dailyQuotes)=1|發行股數(MI_QFIIS/dailyQuotes)=1|外資持股(MI_QFIIS,僅上市)=0|自營商(T86/上櫃三大法人)=1|當沖(TWTB4U/上櫃intraday)=0|季財報(MOPS t163sb04)=1|月營收(MOPS/openapi)=1|官方產業別(MOPS t05st03)=1|融資券(MI_MARGN)=1|借券(TWT93U)=1|法人(T86)=1",869,inf,250.0,official_prepanel,2878.35,28.0,1.0,3.0,1,0,0.0,23.515,0.95,1956.0,1,未扣成本·事後欄位以 m_ 標示·非投資建議
HC,1,2026-02-09,2026-02-10,6716,應廣,TPEx,R,R_core,fCD,R1@5,19,51,漏網,76,-2.193972,,atr14=0.894|n_lu_250=0.697|r20=0.979|c_ma120=0.897|vr20=0.987|days_since_lu=0.121|dt_ratio20=NaN|lend_to_v=0.162|rev_yoy=0.220|o_turn=0.929|o_log_mcap=0.056|o_lu_follow=0.699,"官方日成交結構(MI_INDEX/dailyQuotes)=1|發行股數(MI_QFIIS/dailyQuotes)=1|外資持股(MI_QFIIS,僅上市)=0|自營商(T86/上櫃三大法人)=1|當沖(TWTB4U/上櫃intraday)=1|季財報(MOPS t163sb04)=1|月營收(MOPS/openapi)=1|官方產業別(MOPS t05st03)=1|融資券(MI_MARGN)=1|借券(TWT93U)=1|法人(T86)=1",869,inf,250.0,official_prepanel,382.85,7.0,0.0,1.0,0,1,7.419,48.71,34.194,1674.0,0,未扣成本·事後欄位以 m_ 標示·非投資建議
HC,1,2026-02-10,2026-02-11,3529,力旺,TPEx,R,R_core,fCD,R1@5,46,46,漏網,296,-4.143459,,atr14=0.881|n_lu_250=0.842|r20=0.832|c_ma120=0.178|vr20=0.801|days_since_lu=0.106|dt_ratio20=NaN|lend_to_v=0.574|rev_yoy=0.057|o_turn=0.870|o_log_mcap=0.903|o_lu_follow=0.804,"官方日成交結構(MI_INDEX/dailyQuotes)=1|發行股數(MI_QFIIS/dailyQuotes)=1|外資持股(MI_QFIIS,僅上市)=0|自營商(T86/上櫃三大法人)=1|當沖(TWTB4U/上櫃intraday)=1|季財報(MOPS t163sb04)=1|月營收(MOPS/openapi)=1|官方產業別(MOPS t05st03)=1|融資券(MI_MARGN)=1|借券(TWT93U)=1|法人(T86)=1",870,inf,250.0,official_prepanel,1561.95,31.0,0.0,1.0,0,1,9.066,39.011,31.319,2245.0,0,未扣成本·事後欄位以 m_ 標示·非投資建議
HC,1,2026-02-10,2026-02-11,5386,青雲,TPEx,R,R_core,fCD,R1@5,8,46,漏網,75,-1.834445,,atr14=0.734|n_lu_250=0.751|r20=0.999|c_ma120=0.998|vr20=0.988|days_since_lu=0.012|dt_ratio20=NaN|lend_to_v=0.067|rev_yoy=0.897|o_turn=1.000|o_log_mcap=0.296|o_lu_follow=0.972,"官方日成交結構(MI_INDEX/dailyQuotes)=1|發行股數(MI_QFIIS/dailyQuotes)=1|外資持股(MI_QFIIS,僅上市)=0|自營商(T86/上櫃三大法人)=1|當沖(TWTB4U/上櫃intraday)=1|季財報(MOPS t163sb04)=1|月營收(MOPS/openapi)=1|官方產業別(MOPS t05st03)=1|融資券(MI_MARGN)=1|借券(TWT93U)=1|法人(T86)=1",870,inf,250.0,official_prepanel,4102.15,82.0,0.0,4.0,0,1,11.538,49.65,81.818,1961.0,1,未扣成本·事後欄位以 m_ 標示·非投資建議
HC,1,2026-02-10,2026-02-11,5475,德宏,TPEx,R,R_core,fCD,R1@5,13,46,漏網,4,-2.092975,,atr14=0.907|n_lu_250=0.999|r20=0.999|c_ma120=0.999|vr20=0.783|days_since_lu=0.049|dt_ratio20=NaN|lend_to_v=0.017|rev_yoy=0.882|o_turn=0.919|o_log_mcap=0.646|o_lu_follow=0.992,"官方日成交結構(MI_INDEX/dailyQuotes)=1|發行股數(MI_QFIIS/dailyQuotes)=1|外資持股(MI_QFIIS,僅上市)=0|自營商(T86/上櫃三大法人)=1|當沖(TWTB4U/上櫃intraday)=0|季財報(MOPS t163sb04)=1|月營收(MOPS/openapi)=1|官方產業別(MOPS t05st03)=1|融資券(MI_MARGN)=1|借券(TWT93U)=1|法人(T86)=1",870,inf,250.0,official_prepanel,4521.35,90.0,0.0,1.0,0,1,9.764,43.098,37.71,5534.0,0,未扣成本·事後欄位以 m_ 標示·非投資建議
HC,1,2026-02-11,2026-02-23,3163,波若威,TPEx,R,R_core,fCD,R1@5,37,37,漏網,20,-3.955691,,atr14=0.814|n_lu_250=0.946|r20=0.996|c_ma120=0.998|vr20=0.116|days_since_lu=0.026|dt_ratio20=NaN|lend_to_v=0.065|rev_yoy=0.796|o_turn=0.859|o_log_mcap=0.807|o_lu_follow=0.636,"官方日成交結構(MI_INDEX/dailyQuotes)=1|發行股數(MI_QFIIS/dailyQuotes)=1|外資持股(MI_QFIIS,僅上市)=0|自營商(T86/上櫃三大法人)=1|當沖(TWTB4U/上櫃intraday)=0|季財報(MOPS t163sb04)=1|月營收(MOPS/openapi)=1|官方產業別(MOPS t05st03)=1|融資券(MI_MARGN)=1|借券(TWT93U)=1|法人(T86)=1",871,inf,250.0,official_prepanel,5769.35,57.0,1.0,2.0,0,1,1.094,26.25,1.719,1014.0,1,未扣成本·事後欄位以 m_ 標示·非投資建議
HC,1,2026-02-11,2026-02-23,6244,茂迪,TPEx,R,R_core,fCD,R1@5,9,37,漏網,42,-2.334987,,atr14=0.951|n_lu_250=0.896|r20=0.871|c_ma120=0.941|vr20=0.683|days_since_lu=0.046|dt_ratio20=NaN|lend_to_v=0.351|rev_yoy=0.303|o_turn=0.963|o_log_mcap=0.466|o_lu_follow=0.941,"官方日成交結構(MI_INDEX/dailyQuotes)=1|發行股數(MI_QFIIS/dailyQuotes)=1|外資持股(MI_QFIIS,僅上市)=0|自營商(T86/上櫃三大法人)=1|當沖(TWTB4U/上櫃intraday)=1|季財報(MOPS t163sb04)=1|月營收(MOPS/openapi)=1|官方產業別(MOPS t05st03)=1|融資券(MI_MARGN)=1|借券(TWT93U)=1|法人(T86)=1",871,inf,250.0,official_prepanel,21896.0,437.0,0.0,1.0,0,1,8.721,40.698,19.961,39821.0,0,未扣成本·事後欄位以 m_ 標示·非投資建議
HC,1,2026-02-11,2026-02-23,6451,訊芯-KY,TWSE,R,R_core,fCD,R1@5,19,37,漏網,112,-2.824453,,atr14=0.967|n_lu_250=0.679|r20=0.889|c_ma120=0.687|vr20=0.699|days_since_lu=0.064|dt_ratio20=0.901|lend_to_v=0.267|rev_yoy=0.482|o_turn=0.926|o_log_mcap=0.635|o_lu_follow=0.689,"官方日成交結構(MI_INDEX/dailyQuotes)=1|發行股數(MI_QFIIS/dailyQuotes)=1|外資持股(MI_QFIIS,僅上市)=1|自營商(T86/上櫃三大法人)=1|當沖(TWTB4U/上櫃intraday)=1|季財報(MOPS t163sb04)=1|月營收(MOPS/openapi)=1|官方產業別(MOPS t05st03)=1|融資券(MI_MARGN)=1|借券(TWT93U)=1|法人(T86)=1",871,inf,250.0,official_prepanel,3827.3,76.0,0.0,1.0,0,1,7.988,21.006,1.183,2800.0,0,未扣成本·事後欄位以 m_ 標示·非投資建議
HC,1,2026-02-23,2026-02-24,3308,聯德,TWSE,R,R_core,fCD,R1@5,18,29,漏網,223,-2.632873,,atr14=0.972|n_lu_250=0.818|r20=0.252|c_ma120=0.878|vr20=0.330|days_since_lu=0.028|dt_ratio20=0.419|lend_to_v=0.122|rev_yoy=0.219|o_turn=0.419|o_log_mcap=0.026|o_lu_follow=0.948,"官方日成交結構(MI_INDEX/dailyQuotes)=1|發行股數(MI_QFIIS/dailyQuotes)=1|外資持股(MI_QFIIS,僅上市)=1|自營商(T86/上櫃三大法人)=1|當沖(TWTB4U/上櫃intraday)=1|季財報(MOPS t163sb04)=1|月營收(MOPS/openapi)=1|官方產業別(MOPS t05st03)=1|融資券(MI_MARGN)=1|借券(TWT93U)=1|法人(T86)=1",872,inf,250.0,official_prepanel,494.85,9.0,0.0,0.0,0,1,8.837,10.93,6.047,412.0,0,未扣成本·事後欄位以 m_ 標示·非投資建議
HC,1,2026-02-24,2026-02-25,6830,汎銓,TWSE,R,R_core,fCD,R1@5,16,24,漏網,62,-2.778644,,atr14=0.914|n_lu_250=0.694|r20=0.970|c_ma120=0.938|vr20=0.922|days_since_lu=0.056|dt_ratio20=0.879|lend_to_v=0.135|rev_yoy=0.613|o_turn=0.985|o_log_mcap=0.523|o_lu_follow=0.696,"官方日成交結構(MI_INDEX/dailyQuotes)=1|發行股數(MI_QFIIS/dailyQuotes)=1|外資持股(MI_QFIIS,僅上市)=1|自營商(T86/上櫃三大法人)=1|當沖(TWTB4U/上櫃intraday)=1|季財報(MOPS t163sb04)=1|月營收(MOPS/openapi)=1|官方產業別(MOPS t05st03)=1|融資券(MI_MARGN)=1|借券(TWT93U)=1|法人(T86)=1",841,841.0,250.0,official,2806.7,56.0,0.0,1.0,0,1,3.8,31.6,57.2,2838.0,0,未扣成本·事後欄位以 m_ 標示·非投資建議
HC,1,2026-02-25,2026-02-26,2367,燿華,TWSE,R,R_core,fCD,R1@5,20,43,漏網,16,-2.299824,,atr14=0.993|n_lu_250=0.881|r20=0.992|c_ma120=0.990|vr20=0.865|days_since_lu=0.007|dt_ratio20=0.995|lend_to_v=0.115|rev_yoy=0.351|o_turn=1.000|o_log_mcap=0.776|o_lu_follow=0.798,"官方日成交結構(MI_INDEX/dailyQuotes)=1|發行股數(MI_QFIIS/dailyQuotes)=1|外資持股(MI_QFIIS,僅上市)=1|自營商(T86/上櫃三大法人)=1|當沖(TWTB4U/上櫃intraday)=1|季財報(MOPS t163sb04)=1|月營收(MOPS/openapi)=1|官方產業別(MOPS t05st03)=1|融資券(MI_MARGN)=1|借券(TWT93U)=1|法人(T86)=1",874,inf,250.0,official_prepanel,148074.7,2961.0,0.0,3.0,0,1,8.403,17.479,22.689,151157.0,0,未扣成本·事後欄位以 m_ 標示·非投資建議
HC,1,2026-02-25,2026-02-26,3049,精金,TWSE,R,R_relax,fP10|fCD,R1@5,21,43,漏網,43,-2.431639,,atr14=0.949|n_lu_250=0.905|r20=0.898|c_ma120=0.921|vr20=0.097|days_since_lu=0.123|dt_ratio20=NaN|lend_to_v=0.018|rev_yoy=0.804|o_turn=0.501|o_log_mcap=0.371|o_lu_follow=0.953,"官方日成交結構(MI_INDEX/dailyQuotes)=1|發行股數(MI_QFIIS/dailyQuotes)=1|外資持股(MI_QFIIS,僅上市)=1|自營商(T86/上櫃三大法人)=1|當沖(TWTB4U/上櫃intraday)=0|季財報(MOPS t163sb04)=1|月營收(MOPS/openapi)=1|官方產業別(MOPS t05st03)=1|融資券(MI_MARGN)=1|借券(TWT93U)=1|法人(T86)=1",874,inf,250.0,official_prepanel,13337.15,266.0,0.0,0.0,0,1,8.333,40.625,35.417,16557.0,0,未扣成本·事後欄位以 m_ 標示·非投資建議
HC,1,2026-02-25,2026-02-26,3138,耀登,TWSE,R,R_core,fCD,R1@5,16,43,漏網,53,-2.220857,,atr14=0.997|n_lu_250=0.820|r20=0.839|c_ma120=0.975|vr20=0.848|days_since_lu=0.098|dt_ratio20=NaN|lend_to_v=0.095|rev_yoy=0.428|o_turn=0.989|o_log_mcap=0.424|o_lu_follow=0.955,"官方日成交結構(MI_INDEX/dailyQuotes)=1|發行股數(MI_QFIIS/dailyQuotes)=1|外資持股(MI_QFIIS,僅上市)=1|自營商(T86/上櫃三大法人)=1|當沖(TWTB4U/上櫃intraday)=1|季財報(MOPS t163sb04)=1|月營收(MOPS/openapi)=1|官方產業別(MOPS t05st03)=1|融資券(MI_MARGN)=1|借券(TWT93U)=1|法人(T86)=1",874,inf,250.0,official_prepanel,4482.7,89.0,0.0,1.0,0,1,10.615,1.955,3.352,7632.0,0,未扣成本·事後欄位以 m_ 標示·非投資建議
HC,1,2026-02-25,2026-02-26,8289,泰藝,TPEx,R,R_core,fCD,R1@5,12,43,漏網,56,-1.938904,,atr14=0.946|n_lu_250=0.763|r20=0.960|c_ma120=0.955|vr20=0.985|days_since_lu=0.098|dt_ratio20=NaN|lend_to_v=0.173|rev_yoy=0.530|o_turn=0.969|o_log_mcap=0.077|o_lu_follow=0.887,"官方日成交結構(MI_INDEX/dailyQuotes)=1|發行股數(MI_QFIIS/dailyQuotes)=1|外資持股(MI_QFIIS,僅上市)=0|自營商(T86/上櫃三大法人)=1|當沖(TWTB4U/上櫃intraday)=1|季財報(MOPS t163sb04)=1|月營收(MOPS/openapi)=1|官方產業別(MOPS t05st03)=1|融資券(MI_MARGN)=1|借券(TWT93U)=1|法人(T86)=1",874,inf,250.0,official_prepanel,1491.5,29.0,0.0,0.0,0,1,4.911,8.631,0.0,4852.0,0,未扣成本·事後欄位以 m_ 標示·非投資建議
HC,1,2026-02-26,2026-03-02,3701,大眾控,TWSE,R,R_core,fCD,R1@5,41,52,漏網,98,-2.881212,,atr14=0.952|n_lu_250=0.909|r20=0.628|c_ma120=0.938|vr20=0.613|days_since_lu=0.027|dt_ratio20=0.938|lend_to_v=0.118|rev_yoy=0.083|o_turn=0.888|o_log_mcap=0.559|o_lu_follow=0.953,"官方日成交結構(MI_INDEX/dailyQuotes)=1|發行股數(MI_QFIIS/dailyQuotes)=1|外資持股(MI_QFIIS,僅上市)=1|自營商(T86/上櫃三大法人)=1|當沖(TWTB4U/上櫃intraday)=1|季財報(MOPS t163sb04)=1|月營收(MOPS/openapi)=1|官方產業別(MOPS t05st03)=1|融資券(MI_MARGN)=1|借券(TWT93U)=1|法人(T86)=1",875,inf,250.0,official_prepanel,7060.65,141.0,0.0,0.0,0,1,13.908,2.641,10.387,17069.0,0,未扣成本·事後欄位以 m_ 標示·非投資建議
HC,1,2026-03-04,2026-03-05,5386,青雲,TPEx,R,R_core,fCD,R1@5,40,89,漏網,35,-2.046962,,atr14=0.927|n_lu_250=0.905|r20=1.000|c_ma120=1.000|vr20=0.004|days_since_lu=0.063|dt_ratio20=NaN|lend_to_v=0.051|rev_yoy=0.973|o_turn=0.886|o_log_mcap=0.384|o_lu_follow=1.000,"官方日成交結構(MI_INDEX/dailyQuotes)=1|發行股數(MI_QFIIS/dailyQuotes)=1|外資持股(MI_QFIIS,僅上市)=0|自營商(T86/上櫃三大法人)=1|當沖(TWTB4U/上櫃intraday)=0|季財報(MOPS t163sb04)=1|月營收(MOPS/openapi)=1|官方產業別(MOPS t05st03)=1|融資券(MI_MARGN)=1|借券(TWT93U)=1|法人(T86)=1",878,inf,250.0,official_prepanel,3996.35,39.0,1.0,4.0,1,0,0.0,34.884,76.321,218.0,1,未扣成本·事後欄位以 m_ 標示·非投資建議
HC,1,2026-03-04,2026-03-05,6217,中探針,TPEx,R,R_core,fCD,R1@5,60,89,漏網,26,-2.419376,,atr14=0.889|n_lu_250=0.987|r20=0.993|c_ma120=0.991|vr20=0.026|days_since_lu=0.021|dt_ratio20=NaN|lend_to_v=0.052|rev_yoy=0.823|o_turn=0.946|o_log_mcap=0.492|o_lu_follow=0.874,"官方日成交結構(MI_INDEX/dailyQuotes)=1|發行股數(MI_QFIIS/dailyQuotes)=1|外資持股(MI_QFIIS,僅上市)=0|自營商(T86/上櫃三大法人)=1|當沖(TWTB4U/上櫃intraday)=0|季財報(MOPS t163sb04)=1|月營收(MOPS/openapi)=1|官方產業別(MOPS t05st03)=1|融資券(MI_MARGN)=1|借券(TWT93U)=1|法人(T86)=1",878,inf,250.0,official_prepanel,14322.15,143.0,1.0,5.0,0,1,1.0,13.0,67.0,5724.0,1,未扣成本·事後欄位以 m_ 標示·非投資建議
HC,1,2026-03-04,2026-03-05,6830,汎銓,TWSE,R,R_core,fCD,R1@5,16,89,漏網,58,-1.536623,,atr14=0.913|n_lu_250=0.856|r20=1.000|c_ma120=0.995|vr20=0.911|days_since_lu=0.021|dt_ratio20=0.926|lend_to_v=0.099|rev_yoy=0.623|o_turn=0.995|o_log_mcap=0.626|o_lu_follow=0.942,"官方日成交結構(MI_INDEX/dailyQuotes)=1|發行股數(MI_QFIIS/dailyQuotes)=1|外資持股(MI_QFIIS,僅上市)=1|自營商(T86/上櫃三大法人)=1|當沖(TWTB4U/上櫃intraday)=1|季財報(MOPS t163sb04)=1|月營收(MOPS/openapi)=1|官方產業別(MOPS t05st03)=1|融資券(MI_MARGN)=1|借券(TWT93U)=1|法人(T86)=1",846,846.0,250.0,official,4149.55,82.0,0.0,2.0,0,1,7.91,17.313,14.776,2438.0,1,未扣成本·事後欄位以 m_ 標示·非投資建議
HC,1,2026-03-09,2026-03-10,2360,致茂,TWSE,R,R_core,fCD,R1@5,81,88,漏網,66,-3.206202,,atr14=0.943|n_lu_250=0.765|r20=0.979|c_ma120=0.985|vr20=0.473|days_since_lu=0.072|dt_ratio20=0.390|lend_to_v=0.294|rev_yoy=0.862|o_turn=0.516|o_log_mcap=0.976|o_lu_follow=0.679,"官方日成交結構(MI_INDEX/dailyQuotes)=1|發行股數(MI_QFIIS/dailyQuotes)=1|外資持股(MI_QFIIS,僅上市)=1|自營商(T86/上櫃三大法人)=1|當沖(TWTB4U/上櫃intraday)=0|季財報(MOPS t163sb04)=1|月營收(MOPS/openapi)=1|官方產業別(MOPS t05st03)=1|融資券(MI_MARGN)=1|借券(TWT93U)=1|法人(T86)=1",881,inf,250.0,official_prepanel,3330.85,33.0,1.0,2.0,0,1,3.422,10.266,15.589,2795.0,1,未扣成本·事後欄位以 m_ 標示·非投資建議
HC,1,2026-03-09,2026-03-10,6683,雍智科技,TPEx,R,R_core,fCD,R1@5,7,88,漏網,36,-1.252896,,atr14=0.938|n_lu_250=0.878|r20=1.000|c_ma120=0.998|vr20=0.964|days_since_lu=0.011|dt_ratio20=NaN|lend_to_v=0.145|rev_yoy=0.786|o_turn=0.996|o_log_mcap=0.697|o_lu_follow=0.923,"官方日成交結構(MI_INDEX/dailyQuotes)=1|發行股數(MI_QFIIS/dailyQuotes)=1|外資持股(MI_QFIIS,僅上市)=0|自營商(T86/上櫃三大法人)=1|當沖(TWTB4U/上櫃intraday)=1|季財報(MOPS t163sb04)=1|月營收(MOPS/openapi)=1|官方產業別(MOPS t05st03)=1|融資券(MI_MARGN)=1|借券(TWT93U)=1|法人(T86)=1",881,inf,250.0,official_prepanel,994.8,19.0,0.0,1.0,1,0,0.0,14.604,17.647,414.0,0,未扣成本·事後欄位以 m_ 標示·非投資建議
HC,1,2026-03-09,2026-03-10,6861,睿生光電,TWSE,R,R_core,fCD,R1@5,25,88,漏網,25,-1.867463,,atr14=0.917|n_lu_250=0.948|r20=1.000|c_ma120=0.999|vr20=0.095|days_since_lu=0.058|dt_ratio20=NaN|lend_to_v=0.052|rev_yoy=0.777|o_turn=0.777|o_log_mcap=0.300|o_lu_follow=0.992,"官方日成交結構(MI_INDEX/dailyQuotes)=1|發行股數(MI_QFIIS/dailyQuotes)=1|外資持股(MI_QFIIS,僅上市)=1|自營商(T86/上櫃三大法人)=1|當沖(TWTB4U/上櫃intraday)=0|季財報(MOPS t163sb04)=1|月營收(MOPS/openapi)=1|官方產業別(MOPS t05st03)=1|融資券(MI_MARGN)=1|借券(TWT93U)=1|法人(T86)=1",714,714.0,250.0,official,1479.65,14.0,1.0,5.0,0,1,0.337,5.387,-5.387,564.0,1,未扣成本·事後欄位以 m_ 標示·非投資建議
HC,1,2026-03-09,2026-03-10,7751,竑騰,TPEx,R,R_core,fCD,R1@5,47,88,漏網,13,-2.315016,,atr14=0.957|n_lu_250=0.920|r20=0.989|c_ma120=0.993|vr20=0.047|days_since_lu=0.037|dt_ratio20=NaN|lend_to_v=0.042|rev_yoy=0.871|o_turn=0.457|o_log_mcap=0.725|o_lu_follow=0.873,"官方日成交結構(MI_INDEX/dailyQuotes)=1|發行股數(MI_QFIIS/dailyQuotes)=1|外資持股(MI_QFIIS,僅上市)=0|自營商(T86/上櫃三大法人)=1|當沖(TWTB4U/上櫃intraday)=0|季財報(MOPS t163sb04)=1|月營收(MOPS/openapi)=1|官方產業別(MOPS t05st03)=1|融資券(MI_MARGN)=0|借券(TWT93U)=1|法人(T86)=1",126,126.0,126.0,official,518.95,5.0,1.0,1.0,1,0,0.0,18.143,31.224,180.0,1,未扣成本·事後欄位以 m_ 標示·非投資建議
HC,1,2026-03-09,2026-03-10,8039,台虹,TWSE,R,R_core,fCD,R1@5,46,88,漏網,77,-2.307888,,atr14=0.917|n_lu_250=0.852|r20=0.912|c_ma120=0.943|vr20=0.675|days_since_lu=0.072|dt_ratio20=0.988|lend_to_v=0.124|rev_yoy=0.531|o_turn=0.988|o_log_mcap=0.698|o_lu_follow=0.944,"官方日成交結構(MI_INDEX/dailyQuotes)=1|發行股數(MI_QFIIS/dailyQuotes)=1|外資持股(MI_QFIIS,僅上市)=1|自營商(T86/上櫃三大法人)=1|當沖(TWTB4U/上櫃intraday)=1|季財報(MOPS t163sb04)=1|月營收(MOPS/openapi)=1|官方產業別(MOPS t05st03)=1|融資券(MI_MARGN)=1|借券(TWT93U)=1|法人(T86)=1",881,inf,250.0,official_prepanel,15793.35,315.0,0.0,2.0,0,1,6.0,22.5,9.5,30438.0,0,未扣成本·事後欄位以 m_ 標示·非投資建議
HC,1,2026-03-10,2026-03-11,2426,鼎元,TWSE,R,R_core,fCD,R1@5,10,88,漏網,131,-1.477011,,atr14=0.597|n_lu_250=0.655|r20=0.994|c_ma120=0.981|vr20=1.000|days_since_lu=0.001|dt_ratio20=0.986|lend_to_v=0.256|rev_yoy=0.251|o_turn=0.999|o_log_mcap=0.358|o_lu_follow=0.966,"官方日成交結構(MI_INDEX/dailyQuotes)=1|發行股數(MI_QFIIS/dailyQuotes)=1|外資持股(MI_QFIIS,僅上市)=1|自營商(T86/上櫃三大法人)=1|當沖(TWTB4U/上櫃intraday)=1|季財報(MOPS t163sb04)=1|月營收(MOPS/openapi)=1|官方產業別(MOPS t05st03)=1|融資券(MI_MARGN)=1|借券(TWT93U)=1|法人(T86)=1",882,inf,250.0,official_prepanel,7055.3,141.0,0.0,1.0,0,1,6.238,39.13,24.575,13036.0,0,未扣成本·事後欄位以 m_ 標示·非投資建議
HC,1,2026-03-10,2026-03-11,3675,德微,TPEx,R,R_core,fCD,R1@5,88,88,漏網,103,-3.968483,,atr14=0.837|n_lu_250=0.830|r20=0.889|c_ma120=0.870|vr20=0.491|days_since_lu=0.123|dt_ratio20=NaN|lend_to_v=0.409|rev_yoy=0.411|o_turn=0.767|o_log_mcap=0.432|o_lu_follow=0.657,"官方日成交結構(MI_INDEX/dailyQuotes)=1|發行股數(MI_QFIIS/dailyQuotes)=1|外資持股(MI_QFIIS,僅上市)=0|自營商(T86/上櫃三大法人)=1|當沖(TWTB4U/上櫃intraday)=1|季財報(MOPS t163sb04)=1|月營收(MOPS/openapi)=1|官方產業別(MOPS t05st03)=1|融資券(MI_MARGN)=1|借券(TWT93U)=1|法人(T86)=1",882,inf,250.0,official_prepanel,956.5,19.0,0.0,0.0,0,1,9.249,20.52,16.185,1342.0,0,未扣成本·事後欄位以 m_ 標示·非投資建議
HC,1,2026-03-10,2026-03-11,4764,雙鍵,TWSE,R,R_core,fCD,R1@5,11,88,漏網,24,-1.508554,,atr14=0.950|n_lu_250=0.995|r20=0.942|c_ma120=0.994|vr20=0.981|days_since_lu=0.011|dt_ratio20=0.953|lend_to_v=0.065|rev_yoy=0.289|o_turn=0.990|o_log_mcap=0.498|o_lu_follow=0.976,"官方日成交結構(MI_INDEX/dailyQuotes)=1|發行股數(MI_QFIIS/dailyQuotes)=1|外資持股(MI_QFIIS,僅上市)=1|自營商(T86/上櫃三大法人)=1|當沖(TWTB4U/上櫃intraday)=1|季財報(MOPS t163sb04)=1|月營收(MOPS/openapi)=1|官方產業別(MOPS t05st03)=1|融資券(MI_MARGN)=1|借券(TWT93U)=1|法人(T86)=1",882,inf,250.0,official_prepanel,3214.55,64.0,0.0,2.0,0,1,7.971,10.87,-6.522,4050.0,0,未扣成本·事後欄位以 m_ 標示·非投資建議
HC,1,2026-03-10,2026-03-11,5475,德宏,TPEx,R,R_core,fCD,R1@5,16,88,漏網,1,-1.596378,,atr14=0.991|n_lu_250=1.000|r20=1.000|c_ma120=1.000|vr20=0.085|days_since_lu=0.035|dt_ratio20=NaN|lend_to_v=0.017|rev_yoy=0.898|o_turn=0.681|o_log_mcap=0.686|o_lu_follow=0.995,"官方日成交結構(MI_INDEX/dailyQuotes)=1|發行股數(MI_QFIIS/dailyQuotes)=1|外資持股(MI_QFIIS,僅上市)=0|自營商(T86/上櫃三大法人)=1|當沖(TWTB4U/上櫃intraday)=0|季財報(MOPS t163sb04)=1|月營收(MOPS/openapi)=1|官方產業別(MOPS t05st03)=1|融資券(MI_MARGN)=1|借券(TWT93U)=1|法人(T86)=1",882,inf,250.0,official_prepanel,3144.15,31.0,1.0,0.0,0,1,5.789,1.579,1.316,733.0,1,未扣成本·事後欄位以 m_ 標示·非投資建議
HC,1,2026-03-10,2026-03-11,6217,中探針,TPEx,R,R_core,fCD,R1@5,47,88,漏網,11,-2.521047,,atr14=0.922|n_lu_250=0.995|r20=1.000|c_ma120=0.999|vr20=0.329|days_since_lu=0.011|dt_ratio20=NaN|lend_to_v=0.051|rev_yoy=0.821|o_turn=0.965|o_log_mcap=0.513|o_lu_follow=0.900,"官方日成交結構(MI_INDEX/dailyQuotes)=1|發行股數(MI_QFIIS/dailyQuotes)=1|外資持股(MI_QFIIS,僅上市)=0|自營商(T86/上櫃三大法人)=1|當沖(TWTB4U/上櫃intraday)=0|季財報(MOPS t163sb04)=1|月營收(MOPS/openapi)=1|官方產業別(MOPS t05st03)=1|融資券(MI_MARGN)=1|借券(TWT93U)=1|法人(T86)=1",882,inf,250.0,official_prepanel,10352.8,103.0,1.0,2.0,0,1,1.802,36.937,38.739,1964.0,1,未扣成本·事後欄位以 m_ 標示·非投資建議
HC,1,2026-03-11,2026-03-12,7712,博盛半導體,TPEx,R,R_core,fCD,R1@5,24,56,漏網,86,-2.60154,,atr14=0.930|n_lu_250=0.928|r20=0.969|c_ma120=0.564|vr20=0.814|days_since_lu=0.028|dt_ratio20=NaN|lend_to_v=0.154|rev_yoy=0.493|o_turn=0.912|o_log_mcap=0.147|o_lu_follow=0.881,"官方日成交結構(MI_INDEX/dailyQuotes)=1|發行股數(MI_QFIIS/dailyQuotes)=1|外資持股(MI_QFIIS,僅上市)=0|自營商(T86/上櫃三大法人)=1|當沖(TWTB4U/上櫃intraday)=1|季財報(MOPS t163sb04)=1|月營收(MOPS/openapi)=1|官方產業別(MOPS t05st03)=1|融資券(MI_MARGN)=1|借券(TWT93U)=1|法人(T86)=1",288,288.0,250.0,official,681.1,13.0,0.0,0.0,0,1,13.043,24.155,21.739,1437.0,0,未扣成本·事後欄位以 m_ 標示·非投資建議
HC,1,2026-03-12,2026-03-13,6141,柏承,TWSE,R,R_core,fCD,R1@5,7,67,漏網,88,-1.864072,,atr14=0.674|n_lu_250=0.883|r20=1.000|c_ma120=0.970|vr20=0.729|days_since_lu=0.089|dt_ratio20=NaN|lend_to_v=0.015|rev_yoy=0.240|o_turn=0.833|o_log_mcap=0.049|o_lu_follow=1.000,"官方日成交結構(MI_INDEX/dailyQuotes)=1|發行股數(MI_QFIIS/dailyQuotes)=1|外資持股(MI_QFIIS,僅上市)=1|自營商(T86/上櫃三大法人)=1|當沖(TWTB4U/上櫃intraday)=0|季財報(MOPS t163sb04)=1|月營收(MOPS/openapi)=1|官方產業別(MOPS t05st03)=1|融資券(MI_MARGN)=1|借券(TWT93U)=1|法人(T86)=1",884,inf,250.0,official_prepanel,1744.65,17.0,1.0,3.0,0,1,10.803,56.787,18.56,4067.0,1,未扣成本·事後欄位以 m_ 標示·非投資建議
HC,1,2026-03-12,2026-03-13,8046,南電,TWSE,R,R_core,fCD,R1@5,58,67,漏網,19,-3.558089,,atr14=0.966|n_lu_250=0.984|r20=0.957|c_ma120=0.978|vr20=0.026|days_since_lu=0.021|dt_ratio20=NaN|lend_to_v=0.099|rev_yoy=0.692|o_turn=0.287|o_log_mcap=0.947|o_lu_follow=0.885,"官方日成交結構(MI_INDEX/dailyQuotes)=1|發行股數(MI_QFIIS/dailyQuotes)=1|外資持股(MI_QFIIS,僅上市)=1|自營商(T86/上櫃三大法人)=1|當沖(TWTB4U/上櫃intraday)=0|季財報(MOPS t163sb04)=1|月營收(MOPS/openapi)=1|官方產業別(MOPS t05st03)=1|融資券(MI_MARGN)=1|借券(TWT93U)=1|法人(T86)=1",884,inf,250.0,official_prepanel,8797.95,87.0,1.0,1.0,0,1,12.939,23.026,24.781,3385.0,1,未扣成本·事後欄位以 m_ 標示·非投資建議
HC,1,2026-03-13,2026-03-16,2243,宏旭-KY,TWSE,R,R_core,fCD,R1@5,7,72,漏網,153,-1.587175,,atr14=0.341|n_lu_250=0.945|r20=0.981|c_ma120=0.929|vr20=0.998|days_since_lu=0.009|dt_ratio20=NaN|lend_to_v=0.016|rev_yoy=0.988|o_turn=0.957|o_log_mcap=0.005|o_lu_follow=0.952,"官方日成交結構(MI_INDEX/dailyQuotes)=1|發行股數(MI_QFIIS/dailyQuotes)=1|外資持股(MI_QFIIS,僅上市)=1|自營商(T86/上櫃三大法人)=1|當沖(TWTB4U/上櫃intraday)=0|季財報(MOPS t163sb04)=1|月營收(MOPS/openapi)=1|官方產業別(MOPS t05st03)=1|融資券(MI_MARGN)=1|借券(TWT93U)=1|法人(T86)=1",885,inf,250.0,official_prepanel,506.45,10.0,0.0,0.0,0,1,1.78,15.727,23.739,2074.0,0,未扣成本·事後欄位以 m_ 標示·非投資建議
HC,1,2026-03-13,2026-03-16,3006,晶豪科,TWSE,R,R_core,fCD,R1@5,45,72,漏網,205,-2.664371,,atr14=0.962|n_lu_250=0.961|r20=0.324|c_ma120=0.955|vr20=0.846|days_since_lu=0.040|dt_ratio20=0.988|lend_to_v=0.055|rev_yoy=0.946|o_turn=0.986|o_log_mcap=0.777|o_lu_follow=0.721,"官方日成交結構(MI_INDEX/dailyQuotes)=1|發行股數(MI_QFIIS/dailyQuotes)=1|外資持股(MI_QFIIS,僅上市)=1|自營商(T86/上櫃三大法人)=1|當沖(TWTB4U/上櫃intraday)=1|季財報(MOPS t163sb04)=1|月營收(MOPS/openapi)=1|官方產業別(MOPS t05st03)=1|融資券(MI_MARGN)=1|借券(TWT93U)=1|法人(T86)=1",885,inf,250.0,official_prepanel,20502.35,410.0,0.0,0.0,0,1,5.672,16.716,2.687,18965.0,0,未扣成本·事後欄位以 m_ 標示·非投資建議
HC,1,2026-03-13,2026-03-16,5386,青雲,TPEx,R,R_core,fCD,R1@5,31,72,漏網,14,-2.306026,,atr14=0.941|n_lu_250=0.954|r20=1.000|c_ma120=1.000|vr20=0.038|days_since_lu=0.069|dt_ratio20=NaN|lend_to_v=0.055|rev_yoy=0.989|o_turn=0.886|o_log_mcap=0.470|o_lu_follow=1.000,"官方日成交結構(MI_INDEX/dailyQuotes)=1|發行股數(MI_QFIIS/dailyQuotes)=1|外資持股(MI_QFIIS,僅上市)=0|自營商(T86/上櫃三大法人)=1|當沖(TWTB4U/上櫃intraday)=0|季財報(MOPS t163sb04)=1|月營收(MOPS/openapi)=1|官方產業別(MOPS t05st03)=1|融資券(MI_MARGN)=1|借券(TWT93U)=1|法人(T86)=1",885,inf,250.0,official_prepanel,2870.3,28.0,1.0,4.0,0,1,5.505,21.407,-20.336,609.0,1,未扣成本·事後欄位以 m_ 標示·非投資建議
HC,1,2026-03-16,2026-03-17,3049,精金,TWSE,R,R_core,fCD,R1@5,23,67,漏網,23,-2.07406,,atr14=0.982|n_lu_250=0.957|r20=0.963|c_ma120=0.972|vr20=0.418|days_since_lu=0.125|dt_ratio20=NaN|lend_to_v=0.017|rev_yoy=0.012|o_turn=0.790|o_log_mcap=0.432|o_lu_follow=0.982,"官方日成交結構(MI_INDEX/dailyQuotes)=1|發行股數(MI_QFIIS/dailyQuotes)=1|外資持股(MI_QFIIS,僅上市)=1|自營商(T86/上櫃三大法人)=1|當沖(TWTB4U/上櫃intraday)=0|季財報(MOPS t163sb04)=1|月營收(MOPS/openapi)=1|官方產業別(MOPS t05st03)=1|融資券(MI_MARGN)=1|借券(TWT93U)=1|法人(T86)=1",886,inf,250.0,official_prepanel,17924.0,358.0,0.0,0.0,0,1,7.937,28.571,-4.365,18268.0,0,未扣成本·事後欄位以 m_ 標示·非投資建議
HC,1,2026-03-16,2026-03-17,5289,宜鼎,TPEx,R,R_core,fCD,R1@5,53,67,漏網,50,-2.970074,,atr14=0.840|n_lu_250=0.933|r20=0.982|c_ma120=0.993|vr20=0.609|days_since_lu=0.059|dt_ratio20=NaN|lend_to_v=0.041|rev_yoy=0.982|o_turn=0.936|o_log_mcap=0.877|o_lu_follow=0.827,"官方日成交結構(MI_INDEX/dailyQuotes)=1|發行股數(MI_QFIIS/dailyQuotes)=1|外資持股(MI_QFIIS,僅上市)=0|自營商(T86/上櫃三大法人)=1|當沖(TWTB4U/上櫃intraday)=1|季財報(MOPS t163sb04)=1|月營收(MOPS/openapi)=1|官方產業別(MOPS t05st03)=1|融資券(MI_MARGN)=1|借券(TWT93U)=1|法人(T86)=1",886,inf,250.0,official_prepanel,4590.5,91.0,0.0,3.0,1,0,0.0,-6.867,-19.227,585.0,1,未扣成本·事後欄位以 m_ 標示·非投資建議
HC,1,2026-03-16,2026-03-17,6217,中探針,TPEx,R,R_core,fCD,R1@5,9,67,漏網,14,-1.681765,,atr14=0.895|n_lu_250=0.994|r20=1.000|c_ma120=0.999|vr20=0.763|days_since_lu=0.011|dt_ratio20=NaN|lend_to_v=0.054|rev_yoy=0.859|o_turn=0.978|o_log_mcap=0.585|o_lu_follow=0.940,"官方日成交結構(MI_INDEX/dailyQuotes)=1|發行股數(MI_QFIIS/dailyQuotes)=1|外資持股(MI_QFIIS,僅上市)=0|自營商(T86/上櫃三大法人)=1|當沖(TWTB4U/上櫃intraday)=0|季財報(MOPS t163sb04)=1|月營收(MOPS/openapi)=1|官方產業別(MOPS t05st03)=1|融資券(MI_MARGN)=1|借券(TWT93U)=1|法人(T86)=1",886,inf,250.0,official_prepanel,8491.15,84.0,1.0,2.0,0,1,8.571,22.143,29.643,17954.0,0,未扣成本·事後欄位以 m_ 標示·非投資建議
HC,1,2026-03-17,2026-03-18,2380,虹光,TWSE,R,R_relax,fP10|fCD,R1@5,44,56,漏網,164,-2.94395,,atr14=0.790|n_lu_250=0.978|r20=0.806|c_ma120=0.565|vr20=0.158|days_since_lu=0.133|dt_ratio20=NaN|lend_to_v=0.015|rev_yoy=0.533|o_turn=0.038|o_log_mcap=0.007|o_lu_follow=0.985,"官方日成交結構(MI_INDEX/dailyQuotes)=1|發行股數(MI_QFIIS/dailyQuotes)=1|外資持股(MI_QFIIS,僅上市)=1|自營商(T86/上櫃三大法人)=1|當沖(TWTB4U/上櫃intraday)=0|季財報(MOPS t163sb04)=1|月營收(MOPS/openapi)=1|官方產業別(MOPS t05st03)=1|融資券(MI_MARGN)=1|借券(TWT93U)=1|法人(T86)=1",887,inf,250.0,official_prepanel,389.7,7.0,0.0,0.0,0,1,1.336,6.845,-2.337,554.0,0,未扣成本·事後欄位以 m_ 標示·非投資建議
HC,1,2026-03-17,2026-03-18,3555,博士旺,TPEx,R,R_core,fCD,R1@5,21,56,漏網,20,-2.125898,,atr14=0.843|n_lu_250=0.995|r20=0.997|c_ma120=0.998|vr20=0.711|days_since_lu=0.014|dt_ratio20=NaN|lend_to_v=0.044|rev_yoy=0.993|o_turn=0.664|o_log_mcap=0.325|o_lu_follow=0.998,"官方日成交結構(MI_INDEX/dailyQuotes)=1|發行股數(MI_QFIIS/dailyQuotes)=1|外資持股(MI_QFIIS,僅上市)=0|自營商(T86/上櫃三大法人)=1|當沖(TWTB4U/上櫃intraday)=0|季財報(MOPS t163sb04)=1|月營收(MOPS/openapi)=1|官方產業別(MOPS t05st03)=1|融資券(MI_MARGN)=1|借券(TWT93U)=1|法人(T86)=1",887,inf,250.0,official_prepanel,357.1,3.0,1.0,3.0,1,0,0.0,-18.826,-27.139,284.0,1,未扣成本·事後欄位以 m_ 標示·非投資建議
HC,1,2026-03-23,2026-03-24,3339,泰谷,TPEx,R,R_core,fCD,R1@5,29,95,漏網,173,-2.226266,,atr14=0.878|n_lu_250=0.689|r20=0.941|c_ma120=0.842|vr20=0.888|days_since_lu=0.149|dt_ratio20=NaN|lend_to_v=0.201|rev_yoy=0.831|o_turn=0.947|o_log_mcap=0.064|o_lu_follow=0.696,"官方日成交結構(MI_INDEX/dailyQuotes)=1|發行股數(MI_QFIIS/dailyQuotes)=1|外資持股(MI_QFIIS,僅上市)=0|自營商(T86/上櫃三大法人)=1|當沖(TWTB4U/上櫃intraday)=1|季財報(MOPS t163sb04)=1|月營收(MOPS/openapi)=1|官方產業別(MOPS t05st03)=1|融資券(MI_MARGN)=1|借券(TWT93U)=1|法人(T86)=1",891,inf,250.0,official_prepanel,2405.4,48.0,0.0,1.0,1,0,0.0,5.369,22.013,4811.0,0,未扣成本·事後欄位以 m_ 標示·非投資建議
HC,1,2026-03-24,2026-03-25,4906,正文,TWSE,R,R_core,fCD,R1@5,49,93,漏網,242,-2.527826,,atr14=0.856|n_lu_250=0.539|r20=0.878|c_ma120=0.750|vr20=0.875|days_since_lu=0.102|dt_ratio20=0.760|lend_to_v=0.354|rev_yoy=0.047|o_turn=0.897|o_log_mcap=0.522|o_lu_follow=0.840,"官方日成交結構(MI_INDEX/dailyQuotes)=1|發行股數(MI_QFIIS/dailyQuotes)=1|外資持股(MI_QFIIS,僅上市)=1|自營商(T86/上櫃三大法人)=1|當沖(TWTB4U/上櫃intraday)=1|季財報(MOPS t163sb04)=1|月營收(MOPS/openapi)=1|官方產業別(MOPS t05st03)=1|融資券(MI_MARGN)=1|借券(TWT93U)=1|法人(T86)=1",892,inf,250.0,official_prepanel,11084.7,221.0,0.0,2.0,0,1,6.902,15.73,29.053,25117.0,0,未扣成本·事後欄位以 m_ 標示·非投資建議
HC,1,2026-03-25,2026-03-26,2231,為升,TWSE,R,R_core,fCD,R1@5,18,78,漏網,252,-2.368633,,atr14=0.498|n_lu_250=0.849|r20=0.851|c_ma120=0.583|vr20=0.997|days_since_lu=0.006|dt_ratio20=0.413|lend_to_v=0.908|rev_yoy=0.273|o_turn=0.875|o_log_mcap=0.560|o_lu_follow=0.817,"官方日成交結構(MI_INDEX/dailyQuotes)=1|發行股數(MI_QFIIS/dailyQuotes)=1|外資持股(MI_QFIIS,僅上市)=1|自營商(T86/上櫃三大法人)=1|當沖(TWTB4U/上櫃intraday)=1|季財報(MOPS t163sb04)=1|月營收(MOPS/openapi)=1|官方產業別(MOPS t05st03)=1|融資券(MI_MARGN)=1|借券(TWT93U)=1|法人(T86)=1",893,inf,250.0,official_prepanel,606.25,12.0,0.0,0.0,0,1,6.542,13.084,14.019,3725.0,0,未扣成本·事後欄位以 m_ 標示·非投資建議
HC,1,2026-03-26,2026-03-27,4741,泓瀚,TPEx,R,R_core,fCD,R1@5,17,88,漏網,181,-1.958314,,atr14=0.703|n_lu_250=0.614|r20=0.975|c_ma120=0.914|vr20=0.994|days_since_lu=0.019|dt_ratio20=NaN|lend_to_v=0.117|rev_yoy=0.771|o_turn=0.959|o_log_mcap=0.003|o_lu_follow=0.962,"官方日成交結構(MI_INDEX/dailyQuotes)=1|發行股數(MI_QFIIS/dailyQuotes)=1|外資持股(MI_QFIIS,僅上市)=0|自營商(T86/上櫃三大法人)=1|當沖(TWTB4U/上櫃intraday)=1|季財報(MOPS t163sb04)=1|月營收(MOPS/openapi)=1|官方產業別(MOPS t05st03)=1|融資券(MI_MARGN)=1|借券(TWT93U)=1|法人(T86)=1",894,inf,250.0,official_prepanel,558.9,11.0,0.0,0.0,0,1,11.632,41.319,90.972,2733.0,0,未扣成本·事後欄位以 m_ 標示·非投資建議
HC,1,2026-03-26,2026-03-27,6683,雍智科技,TPEx,R,R_core,fCD,R1@5,78,88,漏網,19,-3.459261,,atr14=0.947|n_lu_250=0.937|r20=0.992|c_ma120=0.998|vr20=0.539|days_since_lu=0.069|dt_ratio20=NaN|lend_to_v=0.193|rev_yoy=0.873|o_turn=0.801|o_log_mcap=0.734|o_lu_follow=0.947,"官方日成交結構(MI_INDEX/dailyQuotes)=1|發行股數(MI_QFIIS/dailyQuotes)=1|外資持股(MI_QFIIS,僅上市)=0|自營商(T86/上櫃三大法人)=1|當沖(TWTB4U/上櫃intraday)=0|季財報(MOPS t163sb04)=1|月營收(MOPS/openapi)=1|官方產業別(MOPS t05st03)=1|融資券(MI_MARGN)=1|借券(TWT93U)=1|法人(T86)=1",894,inf,250.0,official_prepanel,758.95,7.0,1.0,1.0,0,1,13.992,19.342,52.263,350.0,1,未扣成本·事後欄位以 m_ 標示·非投資建議
HC,1,2026-03-31,2026-04-01,6147,頎邦,TPEx,R,R_core,fCD,R1@5,36,75,漏網,127,-2.597389,,atr14=0.885|n_lu_250=0.590|r20=0.980|c_ma120=0.886|vr20=0.833|days_since_lu=0.035|dt_ratio20=NaN|lend_to_v=0.323|rev_yoy=0.585|o_turn=0.912|o_log_mcap=0.806|o_lu_follow=0.713,"官方日成交結構(MI_INDEX/dailyQuotes)=1|發行股數(MI_QFIIS/dailyQuotes)=1|外資持股(MI_QFIIS,僅上市)=0|自營商(T86/上櫃三大法人)=1|當沖(TWTB4U/上櫃intraday)=1|季財報(MOPS t163sb04)=1|月營收(MOPS/openapi)=1|官方產業別(MOPS t05st03)=1|融資券(MI_MARGN)=1|借券(TWT93U)=1|法人(T86)=1",897,inf,250.0,official_prepanel,24467.85,489.0,0.0,0.0,0,1,1.326,27.984,51.194,26045.0,0,未扣成本·事後欄位以 m_ 標示·非投資建議
HC,2,2026-04-01,2026-04-02,1449,佳和,TWSE,R,R_core,fCD,R1@5,49,51,漏網,239,-3.453844,,atr14=0.746|n_lu_250=0.667|r20=0.828|c_ma120=0.517|vr20=0.039|days_since_lu=0.119|dt_ratio20=0.672|lend_to_v=0.310|rev_yoy=0.779|o_turn=0.478|o_log_mcap=0.019|o_lu_follow=0.660,"官方日成交結構(MI_INDEX/dailyQuotes)=1|發行股數(MI_QFIIS/dailyQuotes)=1|外資持股(MI_QFIIS,僅上市)=1|自營商(T86/上櫃三大法人)=1|當沖(TWTB4U/上櫃intraday)=1|季財報(MOPS t163sb04)=1|月營收(MOPS/openapi)=1|官方產業別(MOPS t05st03)=1|融資券(MI_MARGN)=1|借券(TWT93U)=1|法人(T86)=1",898,inf,250.0,official_prepanel,2216.6,44.0,0.0,0.0,1,0,0.0,27.016,16.129,3655.0,0,未扣成本·事後欄位以 m_ 標示·非投資建議
HC,2,2026-04-02,2026-04-07,3026,禾伸堂,TWSE,R,R_core,fCD,R1@5,34,50,漏網,116,-2.892906,,atr14=0.857|n_lu_250=0.646|r20=0.959|c_ma120=0.886|vr20=0.701|days_since_lu=0.074|dt_ratio20=0.806|lend_to_v=0.143|rev_yoy=0.479|o_turn=0.857|o_log_mcap=0.664|o_lu_follow=0.652,"官方日成交結構(MI_INDEX/dailyQuotes)=1|發行股數(MI_QFIIS/dailyQuotes)=1|外資持股(MI_QFIIS,僅上市)=1|自營商(T86/上櫃三大法人)=1|當沖(TWTB4U/上櫃intraday)=1|季財報(MOPS t163sb04)=1|月營收(MOPS/openapi)=1|官方產業別(MOPS t05st03)=1|融資券(MI_MARGN)=1|借券(TWT93U)=1|法人(T86)=1",899,inf,250.0,official_prepanel,4855.35,97.0,0.0,0.0,0,1,7.042,50.0,64.789,8157.0,0,未扣成本·事後欄位以 m_ 標示·非投資建議
HC,2,2026-04-02,2026-04-07,6919,康霈*,TWSE,R,R_core,fCD,R1@5,28,50,漏網,871,-2.663642,,atr14=0.908|n_lu_250=0.874|r20=0.002|c_ma120=0.002|vr20=0.987|days_since_lu=0.018|dt_ratio20=0.847|lend_to_v=0.324|rev_yoy=NaN|o_turn=0.902|o_log_mcap=0.898|o_lu_follow=0.921,"官方日成交結構(MI_INDEX/dailyQuotes)=1|發行股數(MI_QFIIS/dailyQuotes)=1|外資持股(MI_QFIIS,僅上市)=1|自營商(T86/上櫃三大法人)=1|當沖(TWTB4U/上櫃intraday)=1|季財報(MOPS t163sb04)=1|月營收(MOPS/openapi)=0|官方產業別(MOPS t05st03)=1|融資券(MI_MARGN)=0|借券(TWT93U)=1|法人(T86)=1",361,361.0,250.0,official,14649.85,292.0,0.0,0.0,0,1,6.925,6.415,8.452,18609.0,0,未扣成本·事後欄位以 m_ 標示·非投資建議
HC,2,2026-04-07,2026-04-08,2426,鼎元,TWSE,R,R_core,fCD,R1@5,8,42,漏網,28,-1.39949,,atr14=0.971|n_lu_250=0.826|r20=0.993|c_ma120=0.984|vr20=0.993|days_since_lu=0.003|dt_ratio20=NaN|lend_to_v=0.120|rev_yoy=0.298|o_turn=0.997|o_log_mcap=0.463|o_lu_follow=0.970,"官方日成交結構(MI_INDEX/dailyQuotes)=1|發行股數(MI_QFIIS/dailyQuotes)=1|外資持股(MI_QFIIS,僅上市)=1|自營商(T86/上櫃三大法人)=1|當沖(TWTB4U/上櫃intraday)=1|季財報(MOPS t163sb04)=1|月營收(MOPS/openapi)=1|官方產業別(MOPS t05st03)=1|融資券(MI_MARGN)=1|借券(TWT93U)=1|法人(T86)=1",900,inf,250.0,official_prepanel,16507.15,330.0,0.0,0.0,0,1,7.565,45.53,46.905,47309.0,0,未扣成本·事後欄位以 m_ 標示·非投資建議
HC,2,2026-04-08,2026-04-09,6725,矽科宏晟,TPEx,R,R_relax,fH125|fCD,R1@5,17,32,漏網,1794,-1.940545,,atr14=0.868|n_lu_250=0.437|r20=0.946|c_ma120=NaN|vr20=0.860|days_since_lu=0.134|dt_ratio20=NaN|lend_to_v=0.049|rev_yoy=0.635|o_turn=0.878|o_log_mcap=0.457|o_lu_follow=0.885,"官方日成交結構(MI_INDEX/dailyQuotes)=1|發行股數(MI_QFIIS/dailyQuotes)=1|外資持股(MI_QFIIS,僅上市)=0|自營商(T86/上櫃三大法人)=1|當沖(TWTB4U/上櫃intraday)=1|季財報(MOPS t163sb04)=1|月營收(MOPS/openapi)=1|官方產業別(MOPS t05st03)=1|融資券(MI_MARGN)=0|借券(TWT93U)=1|法人(T86)=1",61,61.0,61.0,official,786.55,15.0,0.0,0.0,0,1,8.392,28.147,31.993,2806.0,0,未扣成本·事後欄位以 m_ 標示·非投資建議
HC,2,2026-04-09,2026-04-10,6147,頎邦,TPEx,R,R_core,fCD,R1@5,20,43,漏網,74,-1.906731,,atr14=0.853|n_lu_250=0.758|r20=1.000|c_ma120=0.973|vr20=0.955|days_since_lu=0.033|dt_ratio20=NaN|lend_to_v=0.265|rev_yoy=0.582|o_turn=0.980|o_log_mcap=0.832|o_lu_follow=0.843,"官方日成交結構(MI_INDEX/dailyQuotes)=1|發行股數(MI_QFIIS/dailyQuotes)=1|外資持股(MI_QFIIS,僅上市)=0|自營商(T86/上櫃三大法人)=1|當沖(TWTB4U/上櫃intraday)=1|季財報(MOPS t163sb04)=1|月營收(MOPS/openapi)=1|官方產業別(MOPS t05st03)=1|融資券(MI_MARGN)=1|借券(TWT93U)=1|法人(T86)=1",902,inf,250.0,official_prepanel,39831.35,796.0,0.0,1.0,0,1,2.415,10.145,29.469,48200.0,0,未扣成本·事後欄位以 m_ 標示·非投資建議
HC,2,2026-04-09,2026-04-10,6933,AMAX-KY,TWSE,R,R_core,fCD,R1@5,29,43,漏網,171,-2.196982,,atr14=0.602|n_lu_250=0.956|r20=0.913|c_ma120=0.598|vr20=0.985|days_since_lu=0.079|dt_ratio20=0.832|lend_to_v=0.403|rev_yoy=0.194|o_turn=0.831|o_log_mcap=0.325|o_lu_follow=0.980,"官方日成交結構(MI_INDEX/dailyQuotes)=1|發行股數(MI_QFIIS/dailyQuotes)=1|外資持股(MI_QFIIS,僅上市)=1|自營商(T86/上櫃三大法人)=1|當沖(TWTB4U/上櫃intraday)=1|季財報(MOPS t163sb04)=1|月營收(MOPS/openapi)=1|官方產業別(MOPS t05st03)=1|融資券(MI_MARGN)=1|借券(TWT93U)=1|法人(T86)=1",583,583.0,250.0,official,307.05,6.0,0.0,0.0,0,1,2.299,4.885,-1.149,1822.0,0,未扣成本·事後欄位以 m_ 標示·非投資建議
HC,2,2026-04-09,2026-04-10,8021,尖點,TWSE,R,R_core,fCD,R1@5,35,43,漏網,29,-2.445134,,atr14=0.929|n_lu_250=0.992|r20=0.925|c_ma120=0.965|vr20=0.880|days_since_lu=0.033|dt_ratio20=0.989|lend_to_v=0.086|rev_yoy=0.847|o_turn=0.993|o_log_mcap=0.760|o_lu_follow=0.779,"官方日成交結構(MI_INDEX/dailyQuotes)=1|發行股數(MI_QFIIS/dailyQuotes)=1|外資持股(MI_QFIIS,僅上市)=1|自營商(T86/上櫃三大法人)=1|當沖(TWTB4U/上櫃intraday)=1|季財報(MOPS t163sb04)=1|月營收(MOPS/openapi)=1|官方產業別(MOPS t05st03)=1|融資券(MI_MARGN)=1|借券(TWT93U)=1|法人(T86)=1",902,inf,250.0,official_prepanel,17527.75,350.0,0.0,2.0,0,1,3.084,15.26,53.084,5619.0,0,未扣成本·事後欄位以 m_ 標示·非投資建議
HC,2,2026-04-10,2026-04-13,4764,雙鍵,TWSE,R,R_core,fCD,R1@5,32,56,漏網,102,-1.943937,,atr14=0.911|n_lu_250=0.996|r20=0.660|c_ma120=0.950|vr20=0.898|days_since_lu=0.014|dt_ratio20=0.941|lend_to_v=0.053|rev_yoy=0.788|o_turn=0.961|o_log_mcap=0.511|o_lu_follow=0.974,"官方日成交結構(MI_INDEX/dailyQuotes)=1|發行股數(MI_QFIIS/dailyQuotes)=1|外資持股(MI_QFIIS,僅上市)=1|自營商(T86/上櫃三大法人)=1|當沖(TWTB4U/上櫃intraday)=1|季財報(MOPS t163sb04)=1|月營收(MOPS/openapi)=1|官方產業別(MOPS t05st03)=1|融資券(MI_MARGN)=1|借券(TWT93U)=1|法人(T86)=1",903,inf,250.0,official_prepanel,4637.95,92.0,0.0,1.0,0,1,7.571,34.069,26.12,4760.0,0,未扣成本·事後欄位以 m_ 標示·非投資建議
HC,2,2026-04-13,2026-04-14,6208,日揚,TPEx,R,R_core,fCD,R1@5,44,60,漏網,209,-2.368051,,atr14=0.613|n_lu_250=0.596|r20=0.916|c_ma120=0.843|vr20=0.789|days_since_lu=0.119|dt_ratio20=NaN|lend_to_v=0.144|rev_yoy=0.112|o_turn=0.525|o_log_mcap=0.241|o_lu_follow=0.963,"官方日成交結構(MI_INDEX/dailyQuotes)=1|發行股數(MI_QFIIS/dailyQuotes)=1|外資持股(MI_QFIIS,僅上市)=0|自營商(T86/上櫃三大法人)=1|當沖(TWTB4U/上櫃intraday)=1|季財報(MOPS t163sb04)=1|月營收(MOPS/openapi)=1|官方產業別(MOPS t05st03)=1|融資券(MI_MARGN)=1|借券(TWT93U)=1|法人(T86)=1",904,inf,250.0,official_prepanel,442.45,8.0,0.0,1.0,1,0,0.0,19.391,33.814,917.0,0,未扣成本·事後欄位以 m_ 標示·非投資建議
HC,2,2026-04-14,2026-04-15,4960,誠美材,TWSE,R,R_core,fCD,R1@5,6,82,漏網,122,-0.946286,,atr14=0.983|n_lu_250=0.798|r20=0.735|c_ma120=0.958|vr20=0.906|days_since_lu=0.024|dt_ratio20=NaN|lend_to_v=0.229|rev_yoy=0.090|o_turn=0.926|o_log_mcap=0.535|o_lu_follow=0.983,"官方日成交結構(MI_INDEX/dailyQuotes)=1|發行股數(MI_QFIIS/dailyQuotes)=1|外資持股(MI_QFIIS,僅上市)=1|自營商(T86/上櫃三大法人)=1|當沖(TWTB4U/上櫃intraday)=1|季財報(MOPS t163sb04)=1|月營收(MOPS/openapi)=1|官方產業別(MOPS t05st03)=1|融資券(MI_MARGN)=1|借券(TWT93U)=1|法人(T86)=1",905,inf,250.0,official_prepanel,17260.15,345.0,0.0,0.0,0,1,5.849,54.34,50.189,32829.0,0,未扣成本·事後欄位以 m_ 標示·非投資建議
HC,2,2026-04-14,2026-04-15,6141,柏承,TWSE,R,R_core,fCD,R1@5,12,82,漏網,46,-1.208167,,atr14=0.982|n_lu_250=0.930|r20=0.859|c_ma120=0.970|vr20=0.412|days_since_lu=0.082|dt_ratio20=NaN|lend_to_v=0.016|rev_yoy=0.480|o_turn=0.727|o_log_mcap=0.087|o_lu_follow=0.999,"官方日成交結構(MI_INDEX/dailyQuotes)=1|發行股數(MI_QFIIS/dailyQuotes)=1|外資持股(MI_QFIIS,僅上市)=1|自營商(T86/上櫃三大法人)=1|當沖(TWTB4U/上櫃intraday)=0|季財報(MOPS t163sb04)=1|月營收(MOPS/openapi)=1|官方產業別(MOPS t05st03)=1|融資券(MI_MARGN)=1|借券(TWT93U)=1|法人(T86)=1",905,inf,250.0,official_prepanel,2260.0,45.0,0.0,0.0,0,1,10.0,48.723,34.255,2747.0,0,未扣成本·事後欄位以 m_ 標示·非投資建議
HC,2,2026-04-15,2026-04-16,3229,晟鈦,TWSE,R,R_core,fCD,R1@5,20,86,漏網,79,-1.679592,,atr14=0.844|n_lu_250=0.977|r20=0.974|c_ma120=0.831|vr20=0.920|days_since_lu=0.048|dt_ratio20=NaN|lend_to_v=0.017|rev_yoy=0.885|o_turn=0.697|o_log_mcap=0.030|o_lu_follow=0.993,"官方日成交結構(MI_INDEX/dailyQuotes)=1|發行股數(MI_QFIIS/dailyQuotes)=1|外資持股(MI_QFIIS,僅上市)=1|自營商(T86/上櫃三大法人)=1|當沖(TWTB4U/上櫃intraday)=0|季財報(MOPS t163sb04)=1|月營收(MOPS/openapi)=1|官方產業別(MOPS t05st03)=1|融資券(MI_MARGN)=1|借券(TWT93U)=1|法人(T86)=1",906,inf,250.0,official_prepanel,394.9,7.0,0.0,1.0,1,0,0.0,42.576,33.989,457.0,0,未扣成本·事後欄位以 m_ 標示·非投資建議
HC,2,2026-04-15,2026-04-16,3587,閎康,TPEx,R,R_core,fCD,R1@5,34,86,漏網,124,-1.992188,,atr14=0.878|n_lu_250=0.647|r20=0.995|c_ma120=0.934|vr20=0.679|days_since_lu=0.048|dt_ratio20=NaN|lend_to_v=0.147|rev_yoy=0.643|o_turn=0.939|o_log_mcap=0.628|o_lu_follow=0.925,"官方日成交結構(MI_INDEX/dailyQuotes)=1|發行股數(MI_QFIIS/dailyQuotes)=1|外資持股(MI_QFIIS,僅上市)=0|自營商(T86/上櫃三大法人)=1|當沖(TWTB4U/上櫃intraday)=1|季財報(MOPS t163sb04)=1|月營收(MOPS/openapi)=1|官方產業別(MOPS t05st03)=1|融資券(MI_MARGN)=1|借券(TWT93U)=1|法人(T86)=1",906,inf,250.0,official_prepanel,3657.7,73.0,0.0,2.0,0,1,6.88,14.08,2.88,4162.0,0,未扣成本·事後欄位以 m_ 標示·非投資建議
HC,2,2026-04-15,2026-04-16,4908,前鼎,TPEx,R,R_core,fCD,R1@5,43,86,漏網,68,-2.145811,,atr14=0.919|n_lu_250=0.831|r20=0.973|c_ma120=0.963|vr20=0.490|days_since_lu=0.048|dt_ratio20=NaN|lend_to_v=0.072|rev_yoy=0.417|o_turn=0.977|o_log_mcap=0.457|o_lu_follow=0.696,"官方日成交結構(MI_INDEX/dailyQuotes)=1|發行股數(MI_QFIIS/dailyQuotes)=1|外資持股(MI_QFIIS,僅上市)=0|自營商(T86/上櫃三大法人)=1|當沖(TWTB4U/上櫃intraday)=1|季財報(MOPS t163sb04)=1|月營收(MOPS/openapi)=1|官方產業別(MOPS t05st03)=1|融資券(MI_MARGN)=1|借券(TWT93U)=1|法人(T86)=1",906,inf,250.0,official_prepanel,8133.2,162.0,0.0,2.0,0,1,5.442,32.993,32.993,4116.0,1,未扣成本·事後欄位以 m_ 標示·非投資建議
HC,2,2026-04-15,2026-04-16,4919,新唐,TWSE,R,R_core,fCD,R1@5,31,86,漏網,55,-1.929522,,atr14=0.953|n_lu_250=0.875|r20=0.940|c_ma120=0.959|vr20=0.864|days_since_lu=0.012|dt_ratio20=0.928|lend_to_v=0.300|rev_yoy=0.207|o_turn=0.969|o_log_mcap=0.760|o_lu_follow=0.936,"官方日成交結構(MI_INDEX/dailyQuotes)=1|發行股數(MI_QFIIS/dailyQuotes)=1|外資持股(MI_QFIIS,僅上市)=1|自營商(T86/上櫃三大法人)=1|當沖(TWTB4U/上櫃intraday)=1|季財報(MOPS t163sb04)=1|月營收(MOPS/openapi)=1|官方產業別(MOPS t05st03)=1|融資券(MI_MARGN)=1|借券(TWT93U)=1|法人(T86)=1",906,inf,250.0,official_prepanel,21090.4,421.0,0.0,0.0,0,1,11.374,45.972,36.967,25551.0,0,未扣成本·事後欄位以 m_ 標示·非投資建議
HC,2,2026-04-15,2026-04-16,5228,鈺鎧,TPEx,R,R_core,fCD,R1@5,12,86,漏網,95,-1.47167,,atr14=0.752|n_lu_250=0.915|r20=0.984|c_ma120=0.924|vr20=0.971|days_since_lu=0.083|dt_ratio20=NaN|lend_to_v=0.093|rev_yoy=0.895|o_turn=0.947|o_log_mcap=0.010|o_lu_follow=0.888,"官方日成交結構(MI_INDEX/dailyQuotes)=1|發行股數(MI_QFIIS/dailyQuotes)=1|外資持股(MI_QFIIS,僅上市)=0|自營商(T86/上櫃三大法人)=1|當沖(TWTB4U/上櫃intraday)=1|季財報(MOPS t163sb04)=1|月營收(MOPS/openapi)=1|官方產業別(MOPS t05st03)=1|融資券(MI_MARGN)=1|借券(TWT93U)=1|法人(T86)=1",906,inf,250.0,official_prepanel,720.0,14.0,0.0,0.0,0,1,6.132,7.075,6.761,2026.0,0,未扣成本·事後欄位以 m_ 標示·非投資建議
HC,2,2026-04-16,2026-04-17,4764,雙鍵,TWSE,R,R_core,fCD,R1@5,64,82,漏網,31,-2.709561,,atr14=0.907|n_lu_250=0.999|r20=0.928|c_ma120=0.980|vr20=0.088|days_since_lu=0.042|dt_ratio20=0.856|lend_to_v=0.054|rev_yoy=0.825|o_turn=0.754|o_log_mcap=0.568|o_lu_follow=0.980,"官方日成交結構(MI_INDEX/dailyQuotes)=1|發行股數(MI_QFIIS/dailyQuotes)=1|外資持股(MI_QFIIS,僅上市)=1|自營商(T86/上櫃三大法人)=1|當沖(TWTB4U/上櫃intraday)=0|季財報(MOPS t163sb04)=1|月營收(MOPS/openapi)=1|官方產業別(MOPS t05st03)=1|融資券(MI_MARGN)=1|借券(TWT93U)=1|法人(T86)=1",907,inf,250.0,official_prepanel,3868.1,38.0,1.0,5.0,0,1,7.868,1.472,31.557,1483.0,1,未扣成本·事後欄位以 m_ 標示·非投資建議
HC,2,2026-04-16,2026-04-17,4956,光鋐,TWSE,R,R_core,fCD,R1@5,9,82,漏網,67,-1.496179,,atr14=0.897|n_lu_250=0.826|r20=0.973|c_ma120=0.983|vr20=0.911|days_since_lu=0.016|dt_ratio20=0.994|lend_to_v=0.079|rev_yoy=0.523|o_turn=0.999|o_log_mcap=0.196|o_lu_follow=0.903,"官方日成交結構(MI_INDEX/dailyQuotes)=1|發行股數(MI_QFIIS/dailyQuotes)=1|外資持股(MI_QFIIS,僅上市)=1|自營商(T86/上櫃三大法人)=1|當沖(TWTB4U/上櫃intraday)=1|季財報(MOPS t163sb04)=1|月營收(MOPS/openapi)=1|官方產業別(MOPS t05st03)=1|融資券(MI_MARGN)=1|借券(TWT93U)=1|法人(T86)=1",907,inf,250.0,official_prepanel,15342.85,306.0,0.0,2.0,0,1,5.069,4.541,-0.211,7118.0,0,未扣成本·事後欄位以 m_ 標示·非投資建議
HC,2,2026-04-16,2026-04-17,6426,統新,TWSE,R,R_core,fCD,R1@5,6,82,漏網,30,-1.386336,,atr14=0.967|n_lu_250=0.979|r20=0.895|c_ma120=0.981|vr20=0.679|days_since_lu=0.075|dt_ratio20=NaN|lend_to_v=0.059|rev_yoy=0.883|o_turn=0.973|o_log_mcap=0.353|o_lu_follow=0.949,"官方日成交結構(MI_INDEX/dailyQuotes)=1|發行股數(MI_QFIIS/dailyQuotes)=1|外資持股(MI_QFIIS,僅上市)=1|自營商(T86/上櫃三大法人)=1|當沖(TWTB4U/上櫃intraday)=1|季財報(MOPS t163sb04)=1|月營收(MOPS/openapi)=1|官方產業別(MOPS t05st03)=1|融資券(MI_MARGN)=1|借券(TWT93U)=1|法人(T86)=1",907,inf,250.0,official_prepanel,3147.8,62.0,0.0,2.0,0,1,8.873,14.868,7.194,2594.0,0,未扣成本·事後欄位以 m_ 標示·非投資建議
HC,2,2026-04-17,2026-04-20,3221,台嘉碩,TPEx,R,R_core,fCD,R1@5,9,76,漏網,46,-1.388852,,atr14=0.904|n_lu_250=0.874|r20=0.986|c_ma120=0.961|vr20=0.858|days_since_lu=0.016|dt_ratio20=NaN|lend_to_v=0.094|rev_yoy=0.238|o_turn=0.994|o_log_mcap=0.207|o_lu_follow=0.664,"官方日成交結構(MI_INDEX/dailyQuotes)=1|發行股數(MI_QFIIS/dailyQuotes)=1|外資持股(MI_QFIIS,僅上市)=0|自營商(T86/上櫃三大法人)=1|當沖(TWTB4U/上櫃intraday)=1|季財報(MOPS t163sb04)=1|月營收(MOPS/openapi)=1|官方產業別(MOPS t05st03)=1|融資券(MI_MARGN)=1|借券(TWT93U)=1|法人(T86)=1",908,inf,250.0,official_prepanel,13271.75,265.0,0.0,0.0,0,1,4.274,-7.051,-7.051,15687.0,0,未扣成本·事後欄位以 m_ 標示·非投資建議
HC,2,2026-04-20,2026-04-21,6291,沛亨,TPEx,R,R_core,fCD,R1@5,43,77,漏網,19,-2.3746,,atr14=0.988|n_lu_250=0.996|r20=0.870|c_ma120=0.981|vr20=0.230|days_since_lu=0.118|dt_ratio20=NaN|lend_to_v=0.079|rev_yoy=0.803|o_turn=0.883|o_log_mcap=0.586|o_lu_follow=0.944,"官方日成交結構(MI_INDEX/dailyQuotes)=1|發行股數(MI_QFIIS/dailyQuotes)=1|外資持股(MI_QFIIS,僅上市)=0|自營商(T86/上櫃三大法人)=1|當沖(TWTB4U/上櫃intraday)=1|季財報(MOPS t163sb04)=1|月營收(MOPS/openapi)=1|官方產業別(MOPS t05st03)=1|融資券(MI_MARGN)=1|借券(TWT93U)=1|法人(T86)=1",909,inf,250.0,official_prepanel,2351.6,47.0,0.0,0.0,0,1,10.444,3.001,7.923,2704.0,0,未扣成本·事後欄位以 m_ 標示·非投資建議
HC,2,2026-04-27,2026-04-28,2426,鼎元,TWSE,R,R_core,fCD,R1@5,45,129,漏網,34,-1.948833,,atr14=0.926|n_lu_250=0.908|r20=0.975|c_ma120=0.988|vr20=0.015|days_since_lu=0.231|dt_ratio20=NaN|lend_to_v=0.227|rev_yoy=0.134|o_turn=0.646|o_log_mcap=0.557|o_lu_follow=0.995,"官方日成交結構(MI_INDEX/dailyQuotes)=1|發行股數(MI_QFIIS/dailyQuotes)=1|外資持股(MI_QFIIS,僅上市)=1|自營商(T86/上櫃三大法人)=1|當沖(TWTB4U/上櫃intraday)=0|季財報(MOPS t163sb04)=1|月營收(MOPS/openapi)=1|官方產業別(MOPS t05st03)=1|融資券(MI_MARGN)=1|借券(TWT93U)=1|法人(T86)=1",914,inf,250.0,official_prepanel,14495.3,144.0,1.0,0.0,0,1,7.129,37.228,38.416,5896.0,1,未扣成本·事後欄位以 m_ 標示·非投資建議
HC,2,2026-04-27,2026-04-28,4562,穎漢,TWSE,R,R_core,fCD,R1@5,127,129,漏網,674,-3.091188,,atr14=0.736|n_lu_250=0.908|r20=0.370|c_ma120=0.094|vr20=0.124|days_since_lu=0.194|dt_ratio20=0.858|lend_to_v=0.662|rev_yoy=0.427|o_turn=0.324|o_log_mcap=0.115|o_lu_follow=0.947,"官方日成交結構(MI_INDEX/dailyQuotes)=1|發行股數(MI_QFIIS/dailyQuotes)=1|外資持股(MI_QFIIS,僅上市)=1|自營商(T86/上櫃三大法人)=1|當沖(TWTB4U/上櫃intraday)=1|季財報(MOPS t163sb04)=1|月營收(MOPS/openapi)=1|官方產業別(MOPS t05st03)=1|融資券(MI_MARGN)=1|借券(TWT93U)=1|法人(T86)=1",914,inf,250.0,official_prepanel,724.65,14.0,0.0,0.0,0,1,9.709,30.583,19.579,495.0,0,未扣成本·事後欄位以 m_ 標示·非投資建議
HC,2,2026-04-27,2026-04-28,6147,頎邦,TPEx,R,R_core,fCD,R1@5,97,129,漏網,32,-2.507179,,atr14=0.979|n_lu_250=0.844|r20=0.995|c_ma120=0.986|vr20=0.120|days_since_lu=0.117|dt_ratio20=NaN|lend_to_v=0.302|rev_yoy=0.507|o_turn=0.843|o_log_mcap=0.869|o_lu_follow=0.861,"官方日成交結構(MI_INDEX/dailyQuotes)=1|發行股數(MI_QFIIS/dailyQuotes)=1|外資持股(MI_QFIIS,僅上市)=0|自營商(T86/上櫃三大法人)=1|當沖(TWTB4U/上櫃intraday)=0|季財報(MOPS t163sb04)=1|月營收(MOPS/openapi)=1|官方產業別(MOPS t05st03)=1|融資券(MI_MARGN)=1|借券(TWT93U)=1|法人(T86)=1",914,inf,250.0,official_prepanel,37419.6,374.0,1.0,0.0,0,1,7.463,32.463,46.269,17026.0,1,未扣成本·事後欄位以 m_ 標示·非投資建議
HC,2,2026-04-28,2026-04-29,3581,博磊,TPEx,R,R_core,fCD,R1@5,32,103,漏網,1,-1.995844,,atr14=0.978|n_lu_250=0.996|r20=1.000|c_ma120=0.988|vr20=0.219|days_since_lu=0.068|dt_ratio20=NaN|lend_to_v=0.152|rev_yoy=0.793|o_turn=0.725|o_log_mcap=0.354|o_lu_follow=0.964,"官方日成交結構(MI_INDEX/dailyQuotes)=1|發行股數(MI_QFIIS/dailyQuotes)=1|外資持股(MI_QFIIS,僅上市)=0|自營商(T86/上櫃三大法人)=1|當沖(TWTB4U/上櫃intraday)=0|季財報(MOPS t163sb04)=1|月營收(MOPS/openapi)=1|官方產業別(MOPS t05st03)=1|融資券(MI_MARGN)=1|借券(TWT93U)=1|法人(T86)=1",915,inf,250.0,official_prepanel,1363.15,13.0,1.0,4.0,0,1,9.732,57.047,51.007,543.0,1,未扣成本·事後欄位以 m_ 標示·非投資建議
HC,2,2026-04-28,2026-04-29,6234,高僑,TPEx,R,R_core,fCD,R1@5,7,103,漏網,93,-1.413858,,atr14=0.834|n_lu_250=0.785|r20=0.987|c_ma120=0.945|vr20=0.927|days_since_lu=0.046|dt_ratio20=NaN|lend_to_v=0.089|rev_yoy=0.872|o_turn=0.976|o_log_mcap=0.219|o_lu_follow=0.933,"官方日成交結構(MI_INDEX/dailyQuotes)=1|發行股數(MI_QFIIS/dailyQuotes)=1|外資持股(MI_QFIIS,僅上市)=0|自營商(T86/上櫃三大法人)=1|當沖(TWTB4U/上櫃intraday)=1|季財報(MOPS t163sb04)=1|月營收(MOPS/openapi)=1|官方產業別(MOPS t05st03)=1|融資券(MI_MARGN)=1|借券(TWT93U)=1|法人(T86)=1",915,inf,250.0,official_prepanel,5260.65,105.0,0.0,3.0,0,1,4.23,25.813,19.306,12416.0,0,未扣成本·事後欄位以 m_ 標示·非投資建議
HC,2,2026-04-30,2026-05-04,2454,聯發科,TWSE,R,R_core,fCD,R1@5,66,107,漏網,198,-2.596253,,atr14=0.670|n_lu_250=0.623|r20=0.985|c_ma120=0.945|vr20=0.753|days_since_lu=0.079|dt_ratio20=0.681|lend_to_v=0.064|rev_yoy=0.526|o_turn=0.693|o_log_mcap=0.998|o_lu_follow=0.530,"官方日成交結構(MI_INDEX/dailyQuotes)=1|發行股數(MI_QFIIS/dailyQuotes)=1|外資持股(MI_QFIIS,僅上市)=1|自營商(T86/上櫃三大法人)=1|當沖(TWTB4U/上櫃intraday)=1|季財報(MOPS t163sb04)=1|月營收(MOPS/openapi)=1|官方產業別(MOPS t05st03)=1|融資券(MI_MARGN)=1|借券(TWT93U)=1|法人(T86)=1",917,inf,250.0,official_prepanel,16289.45,325.0,0.0,1.0,1,0,0.0,26.481,13.589,4020.0,0,未扣成本·事後欄位以 m_ 標示·非投資建議
HC,2,2026-04-30,2026-05-04,3430,奇鈦科,TPEx,R,R_core,fCD,R1@5,20,107,漏網,65,-1.851155,,atr14=0.874|n_lu_250=0.883|r20=0.986|c_ma120=0.958|vr20=0.473|days_since_lu=0.144|dt_ratio20=NaN|lend_to_v=0.078|rev_yoy=0.886|o_turn=0.929|o_log_mcap=0.196|o_lu_follow=0.479,"官方日成交結構(MI_INDEX/dailyQuotes)=1|發行股數(MI_QFIIS/dailyQuotes)=1|外資持股(MI_QFIIS,僅上市)=0|自營商(T86/上櫃三大法人)=1|當沖(TWTB4U/上櫃intraday)=0|季財報(MOPS t163sb04)=1|月營收(MOPS/openapi)=1|官方產業別(MOPS t05st03)=1|融資券(MI_MARGN)=1|借券(TWT93U)=1|法人(T86)=1",879,879.0,250.0,official,2302.1,23.0,1.0,2.0,0,1,6.349,21.429,36.905,1160.0,1,未扣成本·事後欄位以 m_ 標示·非投資建議
HC,2,2026-04-30,2026-05-04,6182,合晶,TPEx,R,R_core,fCD,R1@5,81,107,漏網,177,-2.873288,,atr14=0.901|n_lu_250=0.812|r20=0.808|c_ma120=0.772|vr20=0.851|days_since_lu=0.144|dt_ratio20=NaN|lend_to_v=0.292|rev_yoy=0.460|o_turn=0.941|o_log_mcap=0.671|o_lu_follow=0.550,"官方日成交結構(MI_INDEX/dailyQuotes)=1|發行股數(MI_QFIIS/dailyQuotes)=1|外資持股(MI_QFIIS,僅上市)=0|自營商(T86/上櫃三大法人)=1|當沖(TWTB4U/上櫃intraday)=1|季財報(MOPS t163sb04)=1|月營收(MOPS/openapi)=1|官方產業別(MOPS t05st03)=1|融資券(MI_MARGN)=1|借券(TWT93U)=1|法人(T86)=1",917,inf,250.0,official_prepanel,29600.45,592.0,0.0,0.0,0,1,7.692,38.95,34.799,58707.0,0,未扣成本·事後欄位以 m_ 標示·非投資建議
HC,2,2026-04-30,2026-05-04,6706,惠特,TWSE,R,R_core,fCD,R1@5,64,107,漏網,76,-2.585749,,atr14=0.941|n_lu_250=0.968|r20=0.901|c_ma120=0.856|vr20=0.951|days_since_lu=0.012|dt_ratio20=0.949|lend_to_v=0.160|rev_yoy=0.018|o_turn=0.999|o_log_mcap=0.501|o_lu_follow=0.212,"官方日成交結構(MI_INDEX/dailyQuotes)=1|發行股數(MI_QFIIS/dailyQuotes)=1|外資持股(MI_QFIIS,僅上市)=1|自營商(T86/上櫃三大法人)=1|當沖(TWTB4U/上櫃intraday)=1|季財報(MOPS t163sb04)=1|月營收(MOPS/openapi)=1|官方產業別(MOPS t05st03)=1|融資券(MI_MARGN)=1|借券(TWT93U)=1|法人(T86)=1",917,inf,250.0,official_prepanel,9646.6,192.0,0.0,1.0,0,1,0.301,3.916,-4.518,2878.0,0,未扣成本·事後欄位以 m_ 標示·非投資建議
HC,2,2026-04-30,2026-05-04,6861,睿生光電,TWSE,R,R_core,fCD,R1@5,12,107,漏網,41,-1.715954,,atr14=0.786|n_lu_250=0.977|r20=1.000|c_ma120=1.000|vr20=0.060|days_since_lu=0.079|dt_ratio20=0.786|lend_to_v=0.058|rev_yoy=0.835|o_turn=0.752|o_log_mcap=0.535|o_lu_follow=0.997,"官方日成交結構(MI_INDEX/dailyQuotes)=1|發行股數(MI_QFIIS/dailyQuotes)=1|外資持股(MI_QFIIS,僅上市)=1|自營商(T86/上櫃三大法人)=1|當沖(TWTB4U/上櫃intraday)=0|季財報(MOPS t163sb04)=1|月營收(MOPS/openapi)=1|官方產業別(MOPS t05st03)=1|融資券(MI_MARGN)=1|借券(TWT93U)=1|法人(T86)=1",750,750.0,250.0,official,2109.75,21.0,1.0,5.0,0,1,3.0,7.429,28.857,651.0,1,未扣成本·事後欄位以 m_ 標示·非投資建議
HC,2,2026-04-30,2026-05-04,8040,九暘,TPEx,R,R_core,fCD,R1@5,25,107,漏網,190,-1.945281,,atr14=0.955|n_lu_250=0.557|r20=0.929|c_ma120=0.858|vr20=0.526|days_since_lu=0.114|dt_ratio20=NaN|lend_to_v=0.146|rev_yoy=0.804|o_turn=0.756|o_log_mcap=0.308|o_lu_follow=0.786,"官方日成交結構(MI_INDEX/dailyQuotes)=1|發行股數(MI_QFIIS/dailyQuotes)=1|外資持股(MI_QFIIS,僅上市)=0|自營商(T86/上櫃三大法人)=1|當沖(TWTB4U/上櫃intraday)=1|季財報(MOPS t163sb04)=1|月營收(MOPS/openapi)=1|官方產業別(MOPS t05st03)=1|融資券(MI_MARGN)=1|借券(TWT93U)=1|法人(T86)=1",917,inf,250.0,official_prepanel,1983.7,39.0,0.0,0.0,0,1,1.918,6.575,15.753,1186.0,0,未扣成本·事後欄位以 m_ 標示·非投資建議
HC,2,2026-05-04,2026-05-05,3228,金麗科,TPEx,R,R_core,fCD,R1@5,27,95,漏網,82,-2.264836,,atr14=0.864|n_lu_250=0.904|r20=0.950|c_ma120=0.903|vr20=0.312|days_since_lu=0.102|dt_ratio20=NaN|lend_to_v=0.036|rev_yoy=0.508|o_turn=0.631|o_log_mcap=0.555|o_lu_follow=0.876,"官方日成交結構(MI_INDEX/dailyQuotes)=1|發行股數(MI_QFIIS/dailyQuotes)=1|外資持股(MI_QFIIS,僅上市)=0|自營商(T86/上櫃三大法人)=1|當沖(TWTB4U/上櫃intraday)=0|季財報(MOPS t163sb04)=1|月營收(MOPS/openapi)=1|官方產業別(MOPS t05st03)=1|融資券(MI_MARGN)=1|借券(TWT93U)=1|法人(T86)=1",918,inf,250.0,official_prepanel,1090.45,10.0,1.0,3.0,0,1,5.263,15.55,-5.263,1171.0,1,未扣成本·事後欄位以 m_ 標示·非投資建議
HC,2,2026-05-04,2026-05-05,4556,旭然,TPEx,R,R_core,fCD,R1@5,41,95,漏網,123,-2.467351,,atr14=0.940|n_lu_250=0.782|r20=0.890|c_ma120=0.852|vr20=0.093|days_since_lu=0.102|dt_ratio20=NaN|lend_to_v=0.036|rev_yoy=0.362|o_turn=0.567|o_log_mcap=0.026|o_lu_follow=0.985,"官方日成交結構(MI_INDEX/dailyQuotes)=1|發行股數(MI_QFIIS/dailyQuotes)=1|外資持股(MI_QFIIS,僅上市)=0|自營商(T86/上櫃三大法人)=1|當沖(TWTB4U/上櫃intraday)=1|季財報(MOPS t163sb04)=1|月營收(MOPS/openapi)=1|官方產業別(MOPS t05st03)=1|融資券(MI_MARGN)=1|借券(TWT93U)=1|法人(T86)=1",918,inf,250.0,official_prepanel,793.25,15.0,0.0,1.0,0,1,9.916,27.235,8.38,1582.0,0,未扣成本·事後欄位以 m_ 標示·非投資建議
HC,2,2026-05-05,2026-05-06,6526,達發,TWSE,R,R_core,fCD,R1@5,60,88,漏網,264,-2.810011,,atr14=0.792|n_lu_250=0.563|r20=0.795|c_ma120=0.775|vr20=0.890|days_since_lu=0.154|dt_ratio20=0.720|lend_to_v=0.418|rev_yoy=0.412|o_turn=0.729|o_log_mcap=0.873|o_lu_follow=0.792,"官方日成交結構(MI_INDEX/dailyQuotes)=1|發行股數(MI_QFIIS/dailyQuotes)=1|外資持股(MI_QFIIS,僅上市)=1|自營商(T86/上櫃三大法人)=1|當沖(TWTB4U/上櫃intraday)=1|季財報(MOPS t163sb04)=1|月營收(MOPS/openapi)=1|官方產業別(MOPS t05st03)=1|融資券(MI_MARGN)=1|借券(TWT93U)=1|法人(T86)=1",614,614.0,250.0,official,1520.1,30.0,0.0,0.0,0,1,2.025,14.33,0.779,5120.0,0,未扣成本·事後欄位以 m_ 標示·非投資建議
HC,2,2026-05-06,2026-05-07,6532,瑞耘,TPEx,R,R_core,fCD,R1@5,77,97,漏網,147,-2.695024,,atr14=0.923|n_lu_250=0.762|r20=0.847|c_ma120=0.887|vr20=0.153|days_since_lu=0.151|dt_ratio20=NaN|lend_to_v=0.260|rev_yoy=0.240|o_turn=0.850|o_log_mcap=0.158|o_lu_follow=0.303,"官方日成交結構(MI_INDEX/dailyQuotes)=1|發行股數(MI_QFIIS/dailyQuotes)=1|外資持股(MI_QFIIS,僅上市)=0|自營商(T86/上櫃三大法人)=1|當沖(TWTB4U/上櫃intraday)=1|季財報(MOPS t163sb04)=1|月營收(MOPS/openapi)=1|官方產業別(MOPS t05st03)=1|融資券(MI_MARGN)=1|借券(TWT93U)=1|法人(T86)=1",920,inf,250.0,official_prepanel,2692.7,53.0,0.0,0.0,0,1,2.463,0.0,-4.631,1198.0,0,未扣成本·事後欄位以 m_ 標示·非投資建議
HC,2,2026-05-08,2026-05-11,1721,國慶科技,TWSE,R,R_core,fCD,R1@5,16,80,漏網,22,-1.80745,,atr14=0.927|n_lu_250=0.947|r20=0.976|c_ma120=0.941|vr20=0.115|days_since_lu=0.079|dt_ratio20=NaN|lend_to_v=0.020|rev_yoy=0.091|o_turn=0.653|o_log_mcap=0.268|o_lu_follow=0.974,"官方日成交結構(MI_INDEX/dailyQuotes)=1|發行股數(MI_QFIIS/dailyQuotes)=1|外資持股(MI_QFIIS,僅上市)=1|自營商(T86/上櫃三大法人)=1|當沖(TWTB4U/上櫃intraday)=0|季財報(MOPS t163sb04)=1|月營收(MOPS/openapi)=1|官方產業別(MOPS t05st03)=1|融資券(MI_MARGN)=1|借券(TWT93U)=1|法人(T86)=1",922,inf,250.0,official_prepanel,6537.7,65.0,1.0,0.0,0,1,8.478,8.651,0.346,12327.0,0,未扣成本·事後欄位以 m_ 標示·非投資建議
HC,2,2026-05-08,2026-05-11,3498,陽程,TPEx,R,R_core,fCD,R1@5,41,80,漏網,147,-2.32799,,atr14=0.861|n_lu_250=0.939|r20=0.634|c_ma120=0.903|vr20=0.258|days_since_lu=0.111|dt_ratio20=NaN|lend_to_v=0.143|rev_yoy=0.946|o_turn=0.888|o_log_mcap=0.289|o_lu_follow=0.823,"官方日成交結構(MI_INDEX/dailyQuotes)=1|發行股數(MI_QFIIS/dailyQuotes)=1|外資持股(MI_QFIIS,僅上市)=0|自營商(T86/上櫃三大法人)=1|當沖(TWTB4U/上櫃intraday)=1|季財報(MOPS t163sb04)=1|月營收(MOPS/openapi)=1|官方產業別(MOPS t05st03)=1|融資券(MI_MARGN)=1|借券(TWT93U)=1|法人(T86)=1",922,inf,250.0,official_prepanel,4678.85,93.0,0.0,0.0,1,0,0.0,45.366,56.098,1460.0,0,未扣成本·事後欄位以 m_ 標示·非投資建議
HC,2,2026-05-08,2026-05-11,6658,聯策,TWSE,R,R_core,fCD,R1@5,66,80,漏網,61,-2.7432,,atr14=0.742|n_lu_250=0.902|r20=0.998|c_ma120=0.997|vr20=0.014|days_since_lu=0.157|dt_ratio20=NaN|lend_to_v=0.084|rev_yoy=0.854|o_turn=0.620|o_log_mcap=0.291|o_lu_follow=0.981,"官方日成交結構(MI_INDEX/dailyQuotes)=1|發行股數(MI_QFIIS/dailyQuotes)=1|外資持股(MI_QFIIS,僅上市)=1|自營商(T86/上櫃三大法人)=1|當沖(TWTB4U/上櫃intraday)=0|季財報(MOPS t163sb04)=1|月營收(MOPS/openapi)=1|官方產業別(MOPS t05st03)=1|融資券(MI_MARGN)=1|借券(TWT93U)=1|法人(T86)=1",607,607.0,250.0,official,2548.45,25.0,1.0,3.0,0,1,6.325,16.867,16.265,571.0,1,未扣成本·事後欄位以 m_ 標示·非投資建議
HC,2,2026-05-11,2026-05-12,6218,豪勉,TPEx,R,R_core,fCD,R1@5,30,72,漏網,184,-2.26217,,atr14=0.909|n_lu_250=0.850|r20=0.502|c_ma120=0.888|vr20=0.202|days_since_lu=0.160|dt_ratio20=NaN|lend_to_v=0.078|rev_yoy=0.119|o_turn=0.847|o_log_mcap=0.097|o_lu_follow=0.800,"官方日成交結構(MI_INDEX/dailyQuotes)=1|發行股數(MI_QFIIS/dailyQuotes)=1|外資持股(MI_QFIIS,僅上市)=0|自營商(T86/上櫃三大法人)=1|當沖(TWTB4U/上櫃intraday)=1|季財報(MOPS t163sb04)=1|月營收(MOPS/openapi)=1|官方產業別(MOPS t05st03)=1|融資券(MI_MARGN)=1|借券(TWT93U)=1|法人(T86)=1",923,inf,250.0,official_prepanel,3493.05,69.0,0.0,0.0,0,1,8.037,7.773,6.192,4178.0,0,未扣成本·事後欄位以 m_ 標示·非投資建議
HC,2,2026-05-13,2026-05-14,6451,訊芯-KY,TWSE,R,R_core,fCD,R1@5,23,96,漏網,155,-1.933161,,atr14=0.979|n_lu_250=0.963|r20=0.449|c_ma120=0.984|vr20=0.934|days_since_lu=0.154|dt_ratio20=NaN|lend_to_v=0.405|rev_yoy=0.260|o_turn=0.947|o_log_mcap=0.819|o_lu_follow=0.973,"官方日成交結構(MI_INDEX/dailyQuotes)=1|發行股數(MI_QFIIS/dailyQuotes)=1|外資持股(MI_QFIIS,僅上市)=1|自營商(T86/上櫃三大法人)=1|當沖(TWTB4U/上櫃intraday)=1|季財報(MOPS t163sb04)=1|月營收(MOPS/openapi)=1|官方產業別(MOPS t05st03)=1|融資券(MI_MARGN)=1|借券(TWT93U)=1|法人(T86)=1",925,inf,250.0,official_prepanel,3160.35,63.0,0.0,0.0,0,1,8.471,0.31,24.38,10570.0,0,未扣成本·事後欄位以 m_ 標示·非投資建議
HC,2,2026-05-14,2026-05-15,3379,彬台,TPEx,R,R_core,fCD,R1@5,85,97,漏網,884,-3.035451,,atr14=0.751|n_lu_250=0.764|r20=0.189|c_ma120=0.023|vr20=0.357|days_since_lu=0.223|dt_ratio20=NaN|lend_to_v=0.383|rev_yoy=0.008|o_turn=0.583|o_log_mcap=0.022|o_lu_follow=0.780,"官方日成交結構(MI_INDEX/dailyQuotes)=1|發行股數(MI_QFIIS/dailyQuotes)=1|外資持股(MI_QFIIS,僅上市)=0|自營商(T86/上櫃三大法人)=1|當沖(TWTB4U/上櫃intraday)=1|季財報(MOPS t163sb04)=1|月營收(MOPS/openapi)=1|官方產業別(MOPS t05st03)=1|融資券(MI_MARGN)=1|借券(TWT93U)=1|法人(T86)=1",926,inf,250.0,official_prepanel,557.1,11.0,0.0,0.0,0,1,9.956,21.523,15.52,1008.0,0,未扣成本·事後欄位以 m_ 標示·非投資建議
HC,2,2026-05-14,2026-05-15,4562,穎漢,TWSE,R,R_core,fCD,R1@5,91,97,漏網,573,-3.132929,,atr14=0.765|n_lu_250=0.883|r20=0.248|c_ma120=0.355|vr20=0.023|days_since_lu=0.160|dt_ratio20=0.901|lend_to_v=0.541|rev_yoy=0.465|o_turn=0.353|o_log_mcap=0.152|o_lu_follow=0.858,"官方日成交結構(MI_INDEX/dailyQuotes)=1|發行股數(MI_QFIIS/dailyQuotes)=1|外資持股(MI_QFIIS,僅上市)=1|自營商(T86/上櫃三大法人)=1|當沖(TWTB4U/上櫃intraday)=1|季財報(MOPS t163sb04)=1|月營收(MOPS/openapi)=1|官方產業別(MOPS t05st03)=1|融資券(MI_MARGN)=1|借券(TWT93U)=1|法人(T86)=1",926,inf,250.0,official_prepanel,1454.3,29.0,0.0,0.0,0,1,9.231,14.126,12.727,3603.0,0,未扣成本·事後欄位以 m_ 標示·非投資建議
HC,2,2026-05-15,2026-05-18,3055,蔚華科,TWSE,R,R_core,fCD,R1@5,13,101,漏網,72,-1.524913,,atr14=0.894|n_lu_250=0.812|r20=0.997|c_ma120=0.914|vr20=0.843|days_since_lu=0.056|dt_ratio20=0.801|lend_to_v=0.168|rev_yoy=0.961|o_turn=0.882|o_log_mcap=0.510|o_lu_follow=0.833,"官方日成交結構(MI_INDEX/dailyQuotes)=1|發行股數(MI_QFIIS/dailyQuotes)=1|外資持股(MI_QFIIS,僅上市)=1|自營商(T86/上櫃三大法人)=1|當沖(TWTB4U/上櫃intraday)=1|季財報(MOPS t163sb04)=1|月營收(MOPS/openapi)=1|官方產業別(MOPS t05st03)=1|融資券(MI_MARGN)=1|借券(TWT93U)=1|法人(T86)=1",927,inf,250.0,official_prepanel,3497.2,69.0,0.0,3.0,0,1,9.709,14.563,4.854,4293.0,0,未扣成本·事後欄位以 m_ 標示·非投資建議
HC,2,2026-05-15,2026-05-18,7709,榮田,TPEx,R,R_relax,fH125|fCD,R1@5,82,101,漏網,170,-2.836302,,atr14=0.904|n_lu_250=0.857|r20=0.615|c_ma120=0.863|vr20=0.131|days_since_lu=0.143|dt_ratio20=NaN|lend_to_v=0.095|rev_yoy=0.865|o_turn=0.425|o_log_mcap=0.144|o_lu_follow=0.793,"官方日成交結構(MI_INDEX/dailyQuotes)=1|發行股數(MI_QFIIS/dailyQuotes)=1|外資持股(MI_QFIIS,僅上市)=0|自營商(T86/上櫃三大法人)=1|當沖(TWTB4U/上櫃intraday)=1|季財報(MOPS t163sb04)=1|月營收(MOPS/openapi)=1|官方產業別(MOPS t05st03)=1|融資券(MI_MARGN)=1|借券(TWT93U)=1|法人(T86)=1",297,297.0,250.0,official,544.5,10.0,0.0,0.0,0,1,10.263,19.211,45.395,680.0,0,未扣成本·事後欄位以 m_ 標示·非投資建議
HC,2,2026-05-19,2026-05-20,2492,華新科,TWSE,R,R_core,fCD,R1@5,86,107,漏網,47,-2.969788,,atr14=0.802|n_lu_250=0.915|r20=0.990|c_ma120=0.961|vr20=0.256|days_since_lu=0.055|dt_ratio20=0.876|lend_to_v=0.059|rev_yoy=0.556|o_turn=0.770|o_log_mcap=0.883|o_lu_follow=0.501,"官方日成交結構(MI_INDEX/dailyQuotes)=1|發行股數(MI_QFIIS/dailyQuotes)=1|外資持股(MI_QFIIS,僅上市)=1|自營商(T86/上櫃三大法人)=1|當沖(TWTB4U/上櫃intraday)=0|季財報(MOPS t163sb04)=1|月營收(MOPS/openapi)=1|官方產業別(MOPS t05st03)=1|融資券(MI_MARGN)=1|借券(TWT93U)=1|法人(T86)=1",929,inf,250.0,official_prepanel,19638.25,196.0,1.0,4.0,0,1,8.036,46.652,103.571,9973.0,1,未扣成本·事後欄位以 m_ 標示·非投資建議
HC,2,2026-05-19,2026-05-20,3048,益登,TWSE,R,R_core,fCD,R1@5,57,107,漏網,145,-2.394623,,atr14=0.652|n_lu_250=0.809|r20=0.985|c_ma120=0.893|vr20=0.928|days_since_lu=0.034|dt_ratio20=0.899|lend_to_v=0.133|rev_yoy=0.640|o_turn=0.960|o_log_mcap=0.581|o_lu_follow=0.983,"官方日成交結構(MI_INDEX/dailyQuotes)=1|發行股數(MI_QFIIS/dailyQuotes)=1|外資持股(MI_QFIIS,僅上市)=1|自營商(T86/上櫃三大法人)=1|當沖(TWTB4U/上櫃intraday)=1|季財報(MOPS t163sb04)=1|月營收(MOPS/openapi)=1|官方產業別(MOPS t05st03)=1|融資券(MI_MARGN)=1|借券(TWT93U)=1|法人(T86)=1",929,inf,250.0,official_prepanel,12414.05,248.0,0.0,1.0,0,1,4.576,23.729,27.458,13867.0,0,未扣成本·事後欄位以 m_ 標示·非投資建議
HC,2,2026-05-19,2026-05-20,6449,鈺邦,TWSE,R,R_core,fCD,R1@5,81,107,漏網,87,-2.847062,,atr14=0.802|n_lu_250=0.855|r20=0.979|c_ma120=0.902|vr20=0.716|days_since_lu=0.034|dt_ratio20=0.785|lend_to_v=0.168|rev_yoy=0.677|o_turn=0.803|o_log_mcap=0.663|o_lu_follow=0.887,"官方日成交結構(MI_INDEX/dailyQuotes)=1|發行股數(MI_QFIIS/dailyQuotes)=1|外資持股(MI_QFIIS,僅上市)=1|自營商(T86/上櫃三大法人)=1|當沖(TWTB4U/上櫃intraday)=0|季財報(MOPS t163sb04)=1|月營收(MOPS/openapi)=1|官方產業別(MOPS t05st03)=1|融資券(MI_MARGN)=1|借券(TWT93U)=1|法人(T86)=1",929,inf,250.0,official_prepanel,2374.5,23.0,1.0,3.0,0,1,7.4,40.8,48.8,1527.0,1,未扣成本·事後欄位以 m_ 標示·非投資建議
HC,2,2026-05-19,2026-05-20,6834,天二科技,TWSE,R,R_core,fCD,R1@5,6,107,漏網,67,-1.453992,,atr14=0.813|n_lu_250=0.832|r20=0.987|c_ma120=0.968|vr20=0.982|days_since_lu=0.055|dt_ratio20=0.919|lend_to_v=0.063|rev_yoy=0.730|o_turn=0.978|o_log_mcap=0.265|o_lu_follow=0.810,"官方日成交結構(MI_INDEX/dailyQuotes)=1|發行股數(MI_QFIIS/dailyQuotes)=1|外資持股(MI_QFIIS,僅上市)=1|自營商(T86/上櫃三大法人)=1|當沖(TWTB4U/上櫃intraday)=1|季財報(MOPS t163sb04)=1|月營收(MOPS/openapi)=1|官方產業別(MOPS t05st03)=1|融資券(MI_MARGN)=1|借券(TWT93U)=1|法人(T86)=1",896,896.0,250.0,official,3092.5,61.0,0.0,0.0,0,1,7.447,45.213,29.433,6293.0,0,未扣成本·事後欄位以 m_ 標示·非投資建議
HC,2,2026-05-19,2026-05-20,8040,九暘,TPEx,R,R_core,fCD,R1@5,22,107,漏網,97,-1.824191,,atr14=0.834|n_lu_250=0.712|r20=0.991|c_ma120=0.965|vr20=0.936|days_since_lu=0.013|dt_ratio20=NaN|lend_to_v=0.067|rev_yoy=0.677|o_turn=0.955|o_log_mcap=0.419|o_lu_follow=0.822,"官方日成交結構(MI_INDEX/dailyQuotes)=1|發行股數(MI_QFIIS/dailyQuotes)=1|外資持股(MI_QFIIS,僅上市)=0|自營商(T86/上櫃三大法人)=1|當沖(TWTB4U/上櫃intraday)=1|季財報(MOPS t163sb04)=1|月營收(MOPS/openapi)=1|官方產業別(MOPS t05st03)=1|融資券(MI_MARGN)=1|借券(TWT93U)=1|法人(T86)=1",929,inf,250.0,official_prepanel,3797.05,75.0,0.0,0.0,0,1,8.94,30.243,16.446,6743.0,0,未扣成本·事後欄位以 m_ 標示·非投資建議
HC,2,2026-05-20,2026-05-21,2426,鼎元,TWSE,R,R_core,fCD,R1@5,42,85,漏網,18,-2.398915,,atr14=0.916|n_lu_250=0.946|r20=0.954|c_ma120=0.998|vr20=0.004|days_since_lu=0.206|dt_ratio20=NaN|lend_to_v=0.247|rev_yoy=0.167|o_turn=0.531|o_log_mcap=0.644|o_lu_follow=0.997,"官方日成交結構(MI_INDEX/dailyQuotes)=1|發行股數(MI_QFIIS/dailyQuotes)=1|外資持股(MI_QFIIS,僅上市)=1|自營商(T86/上櫃三大法人)=1|當沖(TWTB4U/上櫃intraday)=0|季財報(MOPS t163sb04)=1|月營收(MOPS/openapi)=1|官方產業別(MOPS t05st03)=1|融資券(MI_MARGN)=1|借券(TWT93U)=1|法人(T86)=1",930,inf,250.0,official_prepanel,14288.85,142.0,1.0,0.0,0,1,8.143,11.277,6.271,4141.0,1,未扣成本·事後欄位以 m_ 標示·非投資建議
HC,2,2026-05-20,2026-05-21,3026,禾伸堂,TWSE,R,R_core,fCD,R1@5,45,85,漏網,21,-2.478691,,atr14=0.886|n_lu_250=0.910|r20=0.993|c_ma120=0.999|vr20=0.197|days_since_lu=0.027|dt_ratio20=NaN|lend_to_v=0.105|rev_yoy=0.626|o_turn=0.805|o_log_mcap=0.835|o_lu_follow=0.944,"官方日成交結構(MI_INDEX/dailyQuotes)=1|發行股數(MI_QFIIS/dailyQuotes)=1|外資持股(MI_QFIIS,僅上市)=1|自營商(T86/上櫃三大法人)=1|當沖(TWTB4U/上櫃intraday)=0|季財報(MOPS t163sb04)=1|月營收(MOPS/openapi)=1|官方產業別(MOPS t05st03)=1|融資券(MI_MARGN)=1|借券(TWT93U)=1|法人(T86)=1",930,inf,250.0,official_prepanel,9163.5,91.0,1.0,2.0,0,1,1.285,42.056,49.533,2080.0,1,未扣成本·事後欄位以 m_ 標示·非投資建議
HC,2,2026-05-20,2026-05-21,3481,群創,TWSE,R,R_core,fCD,R1@5,13,85,漏網,61,-1.828693,,atr14=0.845|n_lu_250=0.798|r20=0.980|c_ma120=0.955|vr20=0.855|days_since_lu=0.105|dt_ratio20=0.969|lend_to_v=0.422|rev_yoy=0.480|o_turn=0.961|o_log_mcap=0.943|o_lu_follow=0.836,"官方日成交結構(MI_INDEX/dailyQuotes)=1|發行股數(MI_QFIIS/dailyQuotes)=1|外資持股(MI_QFIIS,僅上市)=1|自營商(T86/上櫃三大法人)=1|當沖(TWTB4U/上櫃intraday)=1|季財報(MOPS t163sb04)=1|月營收(MOPS/openapi)=1|官方產業別(MOPS t05st03)=1|融資券(MI_MARGN)=1|借券(TWT93U)=1|法人(T86)=1",930,inf,250.0,official_prepanel,565500.94,11310.0,0.0,2.0,0,1,6.842,32.105,56.316,524601.0,0,未扣成本·事後欄位以 m_ 標示·非投資建議
HC,2,2026-05-20,2026-05-21,3532,台勝科,TWSE,R,R_core,fCD,R1@5,71,85,漏網,38,-2.945982,,atr14=0.972|n_lu_250=0.938|r20=0.853|c_ma120=0.911|vr20=0.018|days_since_lu=0.206|dt_ratio20=NaN|lend_to_v=0.364|rev_yoy=0.521|o_turn=0.181|o_log_mcap=0.852|o_lu_follow=0.833,"官方日成交結構(MI_INDEX/dailyQuotes)=1|發行股數(MI_QFIIS/dailyQuotes)=1|外資持股(MI_QFIIS,僅上市)=1|自營商(T86/上櫃三大法人)=1|當沖(TWTB4U/上櫃intraday)=0|季財報(MOPS t163sb04)=1|月營收(MOPS/openapi)=1|官方產業別(MOPS t05st03)=1|融資券(MI_MARGN)=1|借券(TWT93U)=1|法人(T86)=1",930,inf,250.0,official_prepanel,4161.5,41.0,1.0,1.0,1,0,0.0,28.54,39.159,957.0,1,未扣成本·事後欄位以 m_ 標示·非投資建議
HC,2,2026-05-20,2026-05-21,6173,信昌電,TPEx,R,R_core,fCD,R1@5,44,85,漏網,15,-2.459231,,atr14=0.901|n_lu_250=0.925|r20=0.999|c_ma120=0.994|vr20=0.368|days_since_lu=0.105|dt_ratio20=NaN|lend_to_v=0.121|rev_yoy=0.619|o_turn=0.802|o_log_mcap=0.706|o_lu_follow=0.922,"官方日成交結構(MI_INDEX/dailyQuotes)=1|發行股數(MI_QFIIS/dailyQuotes)=1|外資持股(MI_QFIIS,僅上市)=0|自營商(T86/上櫃三大法人)=1|當沖(TWTB4U/上櫃intraday)=0|季財報(MOPS t163sb04)=1|月營收(MOPS/openapi)=1|官方產業別(MOPS t05st03)=1|融資券(MI_MARGN)=1|借券(TWT93U)=1|法人(T86)=1",930,inf,250.0,official_prepanel,6913.8,69.0,1.0,4.0,0,1,1.156,30.636,33.237,1065.0,1,未扣成本·事後欄位以 m_ 標示·非投資建議
HC,2,2026-05-20,2026-05-21,6278,台表科,TWSE,R,R_core,fCD,R1@5,31,85,漏網,62,-2.092814,,atr14=0.972|n_lu_250=0.702|r20=0.951|c_ma120=0.970|vr20=0.710|days_since_lu=0.067|dt_ratio20=NaN|lend_to_v=0.441|rev_yoy=0.358|o_turn=0.934|o_log_mcap=0.828|o_lu_follow=0.947,"官方日成交結構(MI_INDEX/dailyQuotes)=1|發行股數(MI_QFIIS/dailyQuotes)=1|外資持股(MI_QFIIS,僅上市)=1|自營商(T86/上櫃三大法人)=1|當沖(TWTB4U/上櫃intraday)=1|季財報(MOPS t163sb04)=1|月營收(MOPS/openapi)=1|官方產業別(MOPS t05st03)=1|融資券(MI_MARGN)=1|借券(TWT93U)=1|法人(T86)=1",930,inf,250.0,official_prepanel,17239.85,344.0,0.0,1.0,0,1,4.695,10.563,-1.878,13848.0,0,未扣成本·事後欄位以 m_ 標示·非投資建議
HC,2,2026-05-20,2026-05-21,6727,亞泰金屬,TPEx,R,R_core,fCD,R1@5,7,85,漏網,24,-1.616779,,atr14=0.966|n_lu_250=0.966|r20=0.875|c_ma120=0.987|vr20=0.812|days_since_lu=0.160|dt_ratio20=NaN|lend_to_v=0.040|rev_yoy=0.835|o_turn=0.978|o_log_mcap=0.532|o_lu_follow=0.958,"官方日成交結構(MI_INDEX/dailyQuotes)=1|發行股數(MI_QFIIS/dailyQuotes)=1|外資持股(MI_QFIIS,僅上市)=0|自營商(T86/上櫃三大法人)=1|當沖(TWTB4U/上櫃intraday)=1|季財報(MOPS t163sb04)=1|月營收(MOPS/openapi)=1|官方產業別(MOPS t05st03)=1|融資券(MI_MARGN)=1|借券(TWT93U)=1|法人(T86)=1",930,inf,250.0,official_prepanel,3032.2,60.0,0.0,1.0,0,1,5.814,21.899,1.163,2103.0,0,未扣成本·事後欄位以 m_ 標示·非投資建議
HC,2,2026-05-21,2026-05-22,3577,泓格,TPEx,R,R_core,fCD,R1@5,27,70,漏網,64,-2.060589,,atr14=0.786|n_lu_250=0.787|r20=0.995|c_ma120=0.983|vr20=0.949|days_since_lu=0.049|dt_ratio20=NaN|lend_to_v=0.160|rev_yoy=0.913|o_turn=0.905|o_log_mcap=0.407|o_lu_follow=0.290,"官方日成交結構(MI_INDEX/dailyQuotes)=1|發行股數(MI_QFIIS/dailyQuotes)=1|外資持股(MI_QFIIS,僅上市)=0|自營商(T86/上櫃三大法人)=1|當沖(TWTB4U/上櫃intraday)=1|季財報(MOPS t163sb04)=1|月營收(MOPS/openapi)=1|官方產業別(MOPS t05st03)=1|融資券(MI_MARGN)=1|借券(TWT93U)=1|法人(T86)=1",931,inf,250.0,official_prepanel,1090.85,21.0,0.0,3.0,0,1,1.748,12.587,-1.748,2040.0,0,未扣成本·事後欄位以 m_ 標示·非投資建議
HC,2,2026-05-21,2026-05-22,3615,安可,TPEx,R,R_core,fCD,R1@5,21,70,漏網,55,-1.930914,,atr14=0.870|n_lu_250=0.835|r20=0.961|c_ma120=0.909|vr20=0.953|days_since_lu=0.031|dt_ratio20=NaN|lend_to_v=0.086|rev_yoy=0.056|o_turn=0.994|o_log_mcap=0.141|o_lu_follow=0.488,"官方日成交結構(MI_INDEX/dailyQuotes)=1|發行股數(MI_QFIIS/dailyQuotes)=1|外資持股(MI_QFIIS,僅上市)=0|自營商(T86/上櫃三大法人)=1|當沖(TWTB4U/上櫃intraday)=1|季財報(MOPS t163sb04)=1|月營收(MOPS/openapi)=1|官方產業別(MOPS t05st03)=1|融資券(MI_MARGN)=1|借券(TWT93U)=1|法人(T86)=1",931,inf,250.0,official_prepanel,6145.1,122.0,0.0,1.0,0,1,7.701,10.306,31.144,15568.0,0,未扣成本·事後欄位以 m_ 標示·非投資建議
HC,2,2026-05-21,2026-05-22,6531,愛普*,TWSE,R,R_core,fCD,R1@5,11,70,漏網,49,-1.712361,,atr14=0.999|n_lu_250=0.835|r20=0.827|c_ma120=0.956|vr20=0.953|days_since_lu=0.117|dt_ratio20=NaN|lend_to_v=0.101|rev_yoy=0.915|o_turn=0.978|o_log_mcap=0.906|o_lu_follow=0.204,"官方日成交結構(MI_INDEX/dailyQuotes)=1|發行股數(MI_QFIIS/dailyQuotes)=1|外資持股(MI_QFIIS,僅上市)=1|自營商(T86/上櫃三大法人)=1|當沖(TWTB4U/上櫃intraday)=1|季財報(MOPS t163sb04)=1|月營收(MOPS/openapi)=1|官方產業別(MOPS t05st03)=1|融資券(MI_MARGN)=1|借券(TWT93U)=1|法人(T86)=1",931,inf,250.0,official_prepanel,7553.9,151.0,0.0,2.0,0,1,4.788,19.151,14.799,8160.0,0,未扣成本·事後欄位以 m_ 標示·非投資建議
HC,2,2026-05-21,2026-05-22,6658,聯策,TWSE,R,R_core,fCD,R1@5,20,70,漏網,6,-1.90671,,atr14=0.957|n_lu_250=0.921|r20=0.998|c_ma120=0.998|vr20=0.552|days_since_lu=0.102|dt_ratio20=NaN|lend_to_v=0.078|rev_yoy=0.091|o_turn=0.923|o_log_mcap=0.323|o_lu_follow=0.982,"官方日成交結構(MI_INDEX/dailyQuotes)=1|發行股數(MI_QFIIS/dailyQuotes)=1|外資持股(MI_QFIIS,僅上市)=1|自營商(T86/上櫃三大法人)=1|當沖(TWTB4U/上櫃intraday)=1|季財報(MOPS t163sb04)=1|月營收(MOPS/openapi)=1|官方產業別(MOPS t05st03)=1|融資券(MI_MARGN)=1|借券(TWT93U)=1|法人(T86)=1",616,616.0,250.0,official,2217.0,44.0,0.0,1.0,0,1,8.427,21.629,14.045,1381.0,0,未扣成本·事後欄位以 m_ 標示·非投資建議
HC,2,2026-05-22,2026-05-25,2302,麗正,TWSE,R,R_core,fCD,R1@5,22,64,漏網,113,-1.945247,,atr14=0.855|n_lu_250=0.670|r20=0.977|c_ma120=0.886|vr20=0.847|days_since_lu=0.142|dt_ratio20=0.777|lend_to_v=0.107|rev_yoy=0.692|o_turn=0.899|o_log_mcap=0.240|o_lu_follow=0.872,"官方日成交結構(MI_INDEX/dailyQuotes)=1|發行股數(MI_QFIIS/dailyQuotes)=1|外資持股(MI_QFIIS,僅上市)=1|自營商(T86/上櫃三大法人)=1|當沖(TWTB4U/上櫃intraday)=1|季財報(MOPS t163sb04)=1|月營收(MOPS/openapi)=1|官方產業別(MOPS t05st03)=1|融資券(MI_MARGN)=1|借券(TWT93U)=1|法人(T86)=1",932,inf,250.0,official_prepanel,4998.85,99.0,0.0,0.0,0,1,8.995,32.275,19.224,9364.0,0,未扣成本·事後欄位以 m_ 標示·非投資建議
HC,2,2026-05-22,2026-05-25,2464,盟立,TWSE,R,R_core,fCD,R1@5,20,64,漏網,83,-1.88937,,atr14=0.933|n_lu_250=0.616|r20=0.990|c_ma120=0.979|vr20=0.731|days_since_lu=0.093|dt_ratio20=0.993|lend_to_v=0.085|rev_yoy=0.655|o_turn=0.996|o_log_mcap=0.722|o_lu_follow=0.515,"官方日成交結構(MI_INDEX/dailyQuotes)=1|發行股數(MI_QFIIS/dailyQuotes)=1|外資持股(MI_QFIIS,僅上市)=1|自營商(T86/上櫃三大法人)=1|當沖(TWTB4U/上櫃intraday)=1|季財報(MOPS t163sb04)=1|月營收(MOPS/openapi)=1|官方產業別(MOPS t05st03)=1|融資券(MI_MARGN)=1|借券(TWT93U)=1|法人(T86)=1",932,inf,250.0,official_prepanel,29869.8,597.0,0.0,1.0,0,1,1.282,18.269,5.769,8728.0,0,未扣成本·事後欄位以 m_ 標示·非投資建議
HC,2,2026-05-26,2026-05-27,2375,凱美,TWSE,R,R_core,fCD,R1@5,29,105,漏網,119,-1.759935,,atr14=0.827|n_lu_250=0.834|r20=0.988|c_ma120=0.870|vr20=0.817|days_since_lu=0.057|dt_ratio20=0.972|lend_to_v=0.096|rev_yoy=0.289|o_turn=0.996|o_log_mcap=0.560|o_lu_follow=0.817,"官方日成交結構(MI_INDEX/dailyQuotes)=1|發行股數(MI_QFIIS/dailyQuotes)=1|外資持股(MI_QFIIS,僅上市)=1|自營商(T86/上櫃三大法人)=1|當沖(TWTB4U/上櫃intraday)=1|季財報(MOPS t163sb04)=1|月營收(MOPS/openapi)=1|官方產業別(MOPS t05st03)=1|融資券(MI_MARGN)=1|借券(TWT93U)=1|法人(T86)=1",934,inf,250.0,official_prepanel,12321.6,246.0,0.0,2.0,0,1,7.299,18.613,20.438,33132.0,0,未扣成本·事後欄位以 m_ 標示·非投資建議
HC,2,2026-05-26,2026-05-27,4973,廣穎,TPEx,R,R_core,fCD,R1@5,22,105,漏網,16,-1.620883,,atr14=0.950|n_lu_250=0.987|r20=0.946|c_ma120=0.990|vr20=0.828|days_since_lu=0.202|dt_ratio20=NaN|lend_to_v=0.056|rev_yoy=0.921|o_turn=0.999|o_log_mcap=0.392|o_lu_follow=0.972,"官方日成交結構(MI_INDEX/dailyQuotes)=1|發行股數(MI_QFIIS/dailyQuotes)=1|外資持股(MI_QFIIS,僅上市)=0|自營商(T86/上櫃三大法人)=1|當沖(TWTB4U/上櫃intraday)=1|季財報(MOPS t163sb04)=1|月營收(MOPS/openapi)=1|官方產業別(MOPS t05st03)=1|融資券(MI_MARGN)=1|借券(TWT93U)=1|法人(T86)=1",934,inf,250.0,official_prepanel,8337.3,166.0,0.0,0.0,1,0,0.0,12.59,26.619,2777.0,0,未扣成本·事後欄位以 m_ 標示·非投資建議
HC,2,2026-05-27,2026-05-28,4760,勤凱,TPEx,R,R_core,fCD,R1@5,33,113,漏網,36,-1.790463,,atr14=0.969|n_lu_250=0.850|r20=0.986|c_ma120=0.971|vr20=0.418|days_since_lu=0.059|dt_ratio20=NaN|lend_to_v=0.067|rev_yoy=0.867|o_turn=0.900|o_log_mcap=0.511|o_lu_follow=0.954,"官方日成交結構(MI_INDEX/dailyQuotes)=1|發行股數(MI_QFIIS/dailyQuotes)=1|外資持股(MI_QFIIS,僅上市)=0|自營商(T86/上櫃三大法人)=1|當沖(TWTB4U/上櫃intraday)=1|季財報(MOPS t163sb04)=1|月營收(MOPS/openapi)=1|官方產業別(MOPS t05st03)=1|融資券(MI_MARGN)=1|借券(TWT93U)=1|法人(T86)=1",935,inf,250.0,official_prepanel,2007.25,40.0,0.0,1.0,0,1,8.963,7.682,-4.353,2916.0,0,未扣成本·事後欄位以 m_ 標示·非投資建議
HC,2,2026-05-27,2026-05-28,7709,榮田,TPEx,R,R_relax,fH125|fCD,R1@5,97,113,漏網,105,-2.689902,,atr14=0.872|n_lu_250=0.892|r20=0.883|c_ma120=0.910|vr20=0.024|days_since_lu=0.168|dt_ratio20=NaN|lend_to_v=0.058|rev_yoy=0.865|o_turn=0.423|o_log_mcap=0.170|o_lu_follow=0.821,"官方日成交結構(MI_INDEX/dailyQuotes)=1|發行股數(MI_QFIIS/dailyQuotes)=1|外資持股(MI_QFIIS,僅上市)=0|自營商(T86/上櫃三大法人)=1|當沖(TWTB4U/上櫃intraday)=1|季財報(MOPS t163sb04)=1|月營收(MOPS/openapi)=1|官方產業別(MOPS t05st03)=1|融資券(MI_MARGN)=1|借券(TWT93U)=1|法人(T86)=1",305,305.0,250.0,official,754.65,15.0,0.0,0.0,0,1,6.349,34.392,22.751,833.0,0,未扣成本·事後欄位以 m_ 標示·非投資建議
HC,2,2026-05-28,2026-05-29,2061,風青,TPEx,R,R_core,fCD,R1@5,62,109,漏網,146,-2.246846,,atr14=0.678|n_lu_250=0.753|r20=0.992|c_ma120=0.968|vr20=0.064|days_since_lu=0.036|dt_ratio20=NaN|lend_to_v=0.095|rev_yoy=0.390|o_turn=0.711|o_log_mcap=0.060|o_lu_follow=0.547,"官方日成交結構(MI_INDEX/dailyQuotes)=1|發行股數(MI_QFIIS/dailyQuotes)=1|外資持股(MI_QFIIS,僅上市)=0|自營商(T86/上櫃三大法人)=1|當沖(TWTB4U/上櫃intraday)=0|季財報(MOPS t163sb04)=1|月營收(MOPS/openapi)=1|官方產業別(MOPS t05st03)=1|融資券(MI_MARGN)=1|借券(TWT93U)=1|法人(T86)=1",936,inf,250.0,official_prepanel,2551.0,25.0,1.0,3.0,0,1,5.523,27.326,-4.215,1839.0,1,未扣成本·事後欄位以 m_ 標示·非投資建議
HC,2,2026-05-28,2026-05-29,2356,英業達,TWSE,R,R_core,fCD,R1@5,65,109,漏網,286,-2.297347,,atr14=0.727|n_lu_250=0.452|r20=0.942|c_ma120=0.839|vr20=0.917|days_since_lu=0.075|dt_ratio20=0.758|lend_to_v=0.588|rev_yoy=0.749|o_turn=0.843|o_log_mcap=0.928|o_lu_follow=0.844,"官方日成交結構(MI_INDEX/dailyQuotes)=1|發行股數(MI_QFIIS/dailyQuotes)=1|外資持股(MI_QFIIS,僅上市)=1|自營商(T86/上櫃三大法人)=1|當沖(TWTB4U/上櫃intraday)=1|季財報(MOPS t163sb04)=1|月營收(MOPS/openapi)=1|官方產業別(MOPS t05st03)=1|融資券(MI_MARGN)=1|借券(TWT93U)=1|法人(T86)=1",936,inf,250.0,official_prepanel,65594.9,1311.0,0.0,0.0,0,1,3.084,14.244,-3.965,220829.0,0,未扣成本·事後欄位以 m_ 標示·非投資建議
HC,2,2026-05-28,2026-05-29,3229,晟鈦,TWSE,R,R_core,fCD,R1@5,15,109,漏網,32,-1.439398,,atr14=0.990|n_lu_250=0.988|r20=0.833|c_ma120=0.958|vr20=0.454|days_since_lu=0.036|dt_ratio20=NaN|lend_to_v=0.018|rev_yoy=0.839|o_turn=0.585|o_log_mcap=0.137|o_lu_follow=0.987,"官方日成交結構(MI_INDEX/dailyQuotes)=1|發行股數(MI_QFIIS/dailyQuotes)=1|外資持股(MI_QFIIS,僅上市)=1|自營商(T86/上櫃三大法人)=1|當沖(TWTB4U/上櫃intraday)=0|季財報(MOPS t163sb04)=1|月營收(MOPS/openapi)=1|官方產業別(MOPS t05st03)=1|融資券(MI_MARGN)=1|借券(TWT93U)=1|法人(T86)=1",936,inf,250.0,official_prepanel,918.55,18.0,0.0,1.0,0,1,6.452,0.0,-8.495,1166.0,0,未扣成本·事後欄位以 m_ 標示·非投資建議
HC,2,2026-05-28,2026-05-29,3481,群創,TWSE,R,R_core,fCD,R1@5,20,109,漏網,11,-1.567572,,atr14=0.977|n_lu_250=0.890|r20=0.998|c_ma120=0.982|vr20=0.850|days_since_lu=0.008|dt_ratio20=0.964|lend_to_v=0.382|rev_yoy=0.480|o_turn=0.992|o_log_mcap=0.954|o_lu_follow=0.900,"官方日成交結構(MI_INDEX/dailyQuotes)=1|發行股數(MI_QFIIS/dailyQuotes)=1|外資持股(MI_QFIIS,僅上市)=1|自營商(T86/上櫃三大法人)=1|當沖(TWTB4U/上櫃intraday)=1|季財報(MOPS t163sb04)=1|月營收(MOPS/openapi)=1|官方產業別(MOPS t05st03)=1|融資券(MI_MARGN)=1|借券(TWT93U)=1|法人(T86)=1",936,inf,250.0,official_prepanel,755849.06,15116.0,0.0,3.0,0,1,5.046,14.933,-1.062,897328.0,0,未扣成本·事後欄位以 m_ 標示·非投資建議
HC,2,2026-05-28,2026-05-29,3532,台勝科,TWSE,R,R_core,fCD,R1@5,31,109,漏網,19,-1.778302,,atr14=0.876|n_lu_250=0.967|r20=0.987|c_ma120=0.983|vr20=0.911|days_since_lu=0.036|dt_ratio20=NaN|lend_to_v=0.316|rev_yoy=0.519|o_turn=0.783|o_log_mcap=0.887|o_lu_follow=0.929,"官方日成交結構(MI_INDEX/dailyQuotes)=1|發行股數(MI_QFIIS/dailyQuotes)=1|外資持股(MI_QFIIS,僅上市)=1|自營商(T86/上櫃三大法人)=1|當沖(TWTB4U/上櫃intraday)=1|季財報(MOPS t163sb04)=1|月營收(MOPS/openapi)=1|官方產業別(MOPS t05st03)=1|融資券(MI_MARGN)=1|借券(TWT93U)=1|法人(T86)=1",936,inf,250.0,official_prepanel,5377.7,107.0,0.0,2.0,1,0,0.0,-8.777,-6.897,1581.0,1,未扣成本·事後欄位以 m_ 標示·非投資建議
HC,2,2026-05-28,2026-05-29,6116,彩晶,TWSE,R,R_core,fCD,R1@5,27,109,漏網,93,-1.678613,,atr14=0.819|n_lu_250=0.801|r20=0.996|c_ma120=0.968|vr20=0.941|days_since_lu=0.075|dt_ratio20=0.945|lend_to_v=0.392|rev_yoy=0.333|o_turn=0.973|o_log_mcap=0.786|o_lu_follow=0.983,"官方日成交結構(MI_INDEX/dailyQuotes)=1|發行股數(MI_QFIIS/dailyQuotes)=1|外資持股(MI_QFIIS,僅上市)=1|自營商(T86/上櫃三大法人)=1|當沖(TWTB4U/上櫃intraday)=1|季財報(MOPS t163sb04)=1|月營收(MOPS/openapi)=1|官方產業別(MOPS t05st03)=1|融資券(MI_MARGN)=1|借券(TWT93U)=1|法人(T86)=1",936,inf,250.0,official_prepanel,134841.25,2696.0,0.0,2.0,0,1,3.636,23.939,-13.939,289351.0,0,未扣成本·事後欄位以 m_ 標示·非投資建議
HC,2,2026-06-01,2026-06-02,2409,友達,TWSE,R,R_core,fCD,R1@5,52,107,漏網,96,-2.479695,,atr14=0.928|n_lu_250=0.829|r20=0.952|c_ma120=0.881|vr20=0.754|days_since_lu=0.113|dt_ratio20=0.952|lend_to_v=0.562|rev_yoy=0.229|o_turn=0.959|o_log_mcap=0.913|o_lu_follow=0.804,"官方日成交結構(MI_INDEX/dailyQuotes)=1|發行股數(MI_QFIIS/dailyQuotes)=1|外資持股(MI_QFIIS,僅上市)=1|自營商(T86/上櫃三大法人)=1|當沖(TWTB4U/上櫃intraday)=1|季財報(MOPS t163sb04)=1|月營收(MOPS/openapi)=1|官方產業別(MOPS t05st03)=1|融資券(MI_MARGN)=1|借券(TWT93U)=1|法人(T86)=1",938,inf,250.0,official_prepanel,376962.38,7539.0,0.0,0.0,0,1,8.732,1.455,0.208,720567.0,0,未扣成本·事後欄位以 m_ 標示·非投資建議
HC,2,2026-06-01,2026-06-02,8454,富邦媒,TWSE,R,R_core,fCD,R1@5,90,107,漏網,441,-2.958571,,atr14=0.468|n_lu_250=0.379|r20=0.939|c_ma120=0.705|vr20=0.991|days_since_lu=0.011|dt_ratio20=0.504|lend_to_v=0.838|rev_yoy=0.314|o_turn=0.785|o_log_mcap=0.837|o_lu_follow=0.937,"官方日成交結構(MI_INDEX/dailyQuotes)=1|發行股數(MI_QFIIS/dailyQuotes)=1|外資持股(MI_QFIIS,僅上市)=1|自營商(T86/上櫃三大法人)=1|當沖(TWTB4U/上櫃intraday)=1|季財報(MOPS t163sb04)=1|月營收(MOPS/openapi)=1|官方產業別(MOPS t05st03)=1|融資券(MI_MARGN)=1|借券(TWT93U)=1|法人(T86)=1",938,inf,250.0,official_prepanel,1358.65,27.0,0.0,0.0,0,1,12.025,63.713,38.525,5770.0,0,未扣成本·事後欄位以 m_ 標示·非投資建議
HC,2,2026-06-02,2026-06-03,6207,雷科,TPEx,R,R_core,fCD,R1@5,22,121,漏網,37,-1.685668,,atr14=0.879|n_lu_250=0.874|r20=0.996|c_ma120=0.993|vr20=0.758|days_since_lu=0.021|dt_ratio20=NaN|lend_to_v=0.073|rev_yoy=0.346|o_turn=0.999|o_log_mcap=0.461|o_lu_follow=0.520,"官方日成交結構(MI_INDEX/dailyQuotes)=1|發行股數(MI_QFIIS/dailyQuotes)=1|外資持股(MI_QFIIS,僅上市)=0|自營商(T86/上櫃三大法人)=1|當沖(TWTB4U/上櫃intraday)=1|季財報(MOPS t163sb04)=1|月營收(MOPS/openapi)=1|官方產業別(MOPS t05st03)=1|融資券(MI_MARGN)=1|借券(TWT93U)=1|法人(T86)=1",939,inf,250.0,official_prepanel,18280.7,365.0,0.0,2.0,0,1,7.308,-5.769,15.0,7438.0,0,未扣成本·事後欄位以 m_ 標示·非投資建議
HC,2,2026-06-04,2026-06-05,4939,亞電,TPEx,R,R_core,fCD,R1@5,41,149,漏網,81,-2.34728,,atr14=0.928|n_lu_250=0.933|r20=0.901|c_ma120=0.892|vr20=0.801|days_since_lu=0.087|dt_ratio20=NaN|lend_to_v=0.076|rev_yoy=0.425|o_turn=0.991|o_log_mcap=0.294|o_lu_follow=0.863,"官方日成交結構(MI_INDEX/dailyQuotes)=1|發行股數(MI_QFIIS/dailyQuotes)=1|外資持股(MI_QFIIS,僅上市)=0|自營商(T86/上櫃三大法人)=1|當沖(TWTB4U/上櫃intraday)=1|季財報(MOPS t163sb04)=1|月營收(MOPS/openapi)=1|官方產業別(MOPS t05st03)=1|融資券(MI_MARGN)=1|借券(TWT93U)=1|法人(T86)=1",941,inf,250.0,official_prepanel,8470.4,169.0,0.0,3.0,0,1,7.762,8.664,17.148,18050.0,0,未扣成本·事後欄位以 m_ 標示·非投資建議
HC,2,2026-06-04,2026-06-05,8043,蜜望實,TPEx,R,R_core,fCD,R1@5,38,149,漏網,6,-2.303728,,atr14=0.985|n_lu_250=0.991|r20=0.989|c_ma120=0.955|vr20=0.232|days_since_lu=0.087|dt_ratio20=NaN|lend_to_v=0.044|rev_yoy=0.678|o_turn=0.991|o_log_mcap=0.505|o_lu_follow=0.837,"官方日成交結構(MI_INDEX/dailyQuotes)=1|發行股數(MI_QFIIS/dailyQuotes)=1|外資持股(MI_QFIIS,僅上市)=0|自營商(T86/上櫃三大法人)=1|當沖(TWTB4U/上櫃intraday)=1|季財報(MOPS t163sb04)=1|月營收(MOPS/openapi)=1|官方產業別(MOPS t05st03)=1|融資券(MI_MARGN)=1|借券(TWT93U)=1|法人(T86)=1",941,inf,250.0,official_prepanel,20489.25,409.0,0.0,1.0,0,1,11.538,33.916,58.392,27885.0,0,未扣成本·事後欄位以 m_ 標示·非投資建議
HC,2,2026-06-05,2026-06-08,1714,和桐,TWSE,R,R_core,fCD,R1@5,25,158,漏網,477,-1.882292,,atr14=0.381|n_lu_250=0.449|r20=0.904|c_ma120=0.710|vr20=0.994|days_since_lu=0.011|dt_ratio20=0.581|lend_to_v=0.290|rev_yoy=0.875|o_turn=0.959|o_log_mcap=0.499|o_lu_follow=0.848,"官方日成交結構(MI_INDEX/dailyQuotes)=1|發行股數(MI_QFIIS/dailyQuotes)=1|外資持股(MI_QFIIS,僅上市)=1|自營商(T86/上櫃三大法人)=1|當沖(TWTB4U/上櫃intraday)=1|季財報(MOPS t163sb04)=1|月營收(MOPS/openapi)=1|官方產業別(MOPS t05st03)=1|融資券(MI_MARGN)=1|借券(TWT93U)=1|法人(T86)=1",942,inf,250.0,official_prepanel,12305.55,246.0,0.0,1.0,1,0,0.0,20.158,45.059,19135.0,0,未扣成本·事後欄位以 m_ 標示·非投資建議
HC,2,2026-06-08,2026-06-09,3362,先進光,TPEx,R,R_core,fCD,R1@5,25,148,漏網,146,-2.383781,,atr14=0.627|n_lu_250=0.768|r20=0.978|c_ma120=0.888|vr20=0.856|days_since_lu=0.028|dt_ratio20=NaN|lend_to_v=0.537|rev_yoy=0.225|o_turn=0.916|o_log_mcap=0.657|o_lu_follow=0.292,"官方日成交結構(MI_INDEX/dailyQuotes)=1|發行股數(MI_QFIIS/dailyQuotes)=1|外資持股(MI_QFIIS,僅上市)=0|自營商(T86/上櫃三大法人)=1|當沖(TWTB4U/上櫃intraday)=1|季財報(MOPS t163sb04)=1|月營收(MOPS/openapi)=1|官方產業別(MOPS t05st03)=1|融資券(MI_MARGN)=1|借券(TWT93U)=1|法人(T86)=1",943,inf,250.0,official_prepanel,3398.05,67.0,0.0,1.0,0,1,8.741,23.427,30.07,2586.0,0,未扣成本·事後欄位以 m_ 標示·非投資建議
HC,2,2026-06-08,2026-06-09,8021,尖點,TWSE,R,R_core,fCD,R1@5,59,148,漏網,85,-2.771414,,atr14=0.874|n_lu_250=0.993|r20=0.772|c_ma120=0.960|vr20=0.028|days_since_lu=0.236|dt_ratio20=NaN|lend_to_v=0.070|rev_yoy=0.863|o_turn=0.675|o_log_mcap=0.848|o_lu_follow=0.510,"官方日成交結構(MI_INDEX/dailyQuotes)=1|發行股數(MI_QFIIS/dailyQuotes)=1|外資持股(MI_QFIIS,僅上市)=1|自營商(T86/上櫃三大法人)=1|當沖(TWTB4U/上櫃intraday)=0|季財報(MOPS t163sb04)=1|月營收(MOPS/openapi)=1|官方產業別(MOPS t05st03)=1|融資券(MI_MARGN)=1|借券(TWT93U)=1|法人(T86)=1",943,inf,250.0,official_prepanel,6795.85,67.0,1.0,0.0,0,1,1.2,1.2,13.4,9684.0,0,未扣成本·事後欄位以 m_ 標示·非投資建議
HC,2,2026-06-10,2026-06-11,2483,百容,TWSE,R,R_core,fCD,R1@5,17,109,漏網,194,-1.67254,,atr14=0.719|n_lu_250=0.415|r20=0.965|c_ma120=0.907|vr20=0.971|days_since_lu=0.069|dt_ratio20=0.890|lend_to_v=0.184|rev_yoy=0.501|o_turn=0.962|o_log_mcap=0.181|o_lu_follow=0.832,"官方日成交結構(MI_INDEX/dailyQuotes)=1|發行股數(MI_QFIIS/dailyQuotes)=1|外資持股(MI_QFIIS,僅上市)=1|自營商(T86/上櫃三大法人)=1|當沖(TWTB4U/上櫃intraday)=1|季財報(MOPS t163sb04)=1|月營收(MOPS/openapi)=1|官方產業別(MOPS t05st03)=1|融資券(MI_MARGN)=1|借券(TWT93U)=1|法人(T86)=1",945,inf,250.0,official_prepanel,3132.6,62.0,0.0,2.0,0,1,10.0,14.444,60.952,5781.0,0,未扣成本·事後欄位以 m_ 標示·非投資建議
HC,2,2026-06-10,2026-06-11,3532,台勝科,TWSE,R,R_core,fCD,R1@5,47,109,漏網,50,-2.373049,,atr14=0.955|n_lu_250=0.974|r20=0.777|c_ma120=0.954|vr20=0.088|days_since_lu=0.190|dt_ratio20=NaN|lend_to_v=0.585|rev_yoy=0.519|o_turn=0.103|o_log_mcap=0.885|o_lu_follow=0.935,"官方日成交結構(MI_INDEX/dailyQuotes)=1|發行股數(MI_QFIIS/dailyQuotes)=1|外資持股(MI_QFIIS,僅上市)=1|自營商(T86/上櫃三大法人)=1|當沖(TWTB4U/上櫃intraday)=0|季財報(MOPS t163sb04)=1|月營收(MOPS/openapi)=1|官方產業別(MOPS t05st03)=1|融資券(MI_MARGN)=1|借券(TWT93U)=1|法人(T86)=1",945,inf,250.0,official_prepanel,2265.3,22.0,1.0,0.0,0,1,10.821,47.575,38.806,1087.0,1,未扣成本·事後欄位以 m_ 標示·非投資建議
HC,2,2026-06-11,2026-06-12,2493,揚博,TWSE,R,R_core,fCD,R1@5,9,103,漏網,42,-1.368138,,atr14=0.877|n_lu_250=0.873|r20=0.970|c_ma120=0.951|vr20=0.953|days_since_lu=0.106|dt_ratio20=0.929|lend_to_v=0.354|rev_yoy=0.630|o_turn=0.987|o_log_mcap=0.687|o_lu_follow=0.141,"官方日成交結構(MI_INDEX/dailyQuotes)=1|發行股數(MI_QFIIS/dailyQuotes)=1|外資持股(MI_QFIIS,僅上市)=1|自營商(T86/上櫃三大法人)=1|當沖(TWTB4U/上櫃intraday)=1|季財報(MOPS t163sb04)=1|月營收(MOPS/openapi)=1|官方產業別(MOPS t05st03)=1|融資券(MI_MARGN)=1|借券(TWT93U)=1|法人(T86)=1",946,inf,250.0,official_prepanel,7211.55,144.0,0.0,0.0,1,0,0.0,32.126,31.401,2561.0,0,未扣成本·事後欄位以 m_ 標示·非投資建議
HC,2,2026-06-12,2026-06-15,2061,風青,TPEx,R,R_core,fCD,R1@5,29,91,漏網,35,-2.101602,,atr14=0.933|n_lu_250=0.784|r20=0.994|c_ma120=0.978|vr20=0.135|days_since_lu=0.212|dt_ratio20=NaN|lend_to_v=0.090|rev_yoy=0.519|o_turn=0.723|o_log_mcap=0.065|o_lu_follow=0.822,"官方日成交結構(MI_INDEX/dailyQuotes)=1|發行股數(MI_QFIIS/dailyQuotes)=1|外資持股(MI_QFIIS,僅上市)=0|自營商(T86/上櫃三大法人)=1|當沖(TWTB4U/上櫃intraday)=0|季財報(MOPS t163sb04)=1|月營收(MOPS/openapi)=1|官方產業別(MOPS t05st03)=1|融資券(MI_MARGN)=1|借券(TWT93U)=1|法人(T86)=1",947,inf,250.0,official_prepanel,2299.15,22.0,1.0,0.0,0,1,2.054,48.909,55.327,802.0,1,未扣成本·事後欄位以 m_ 標示·非投資建議
HC,2,2026-06-12,2026-06-15,3362,先進光,TPEx,R,R_core,fCD,R1@5,11,91,漏網,99,-1.567276,,atr14=0.683|n_lu_250=0.810|r20=0.980|c_ma120=0.932|vr20=0.966|days_since_lu=0.027|dt_ratio20=NaN|lend_to_v=0.410|rev_yoy=0.128|o_turn=0.964|o_log_mcap=0.688|o_lu_follow=0.471,"官方日成交結構(MI_INDEX/dailyQuotes)=1|發行股數(MI_QFIIS/dailyQuotes)=1|外資持股(MI_QFIIS,僅上市)=0|自營商(T86/上櫃三大法人)=1|當沖(TWTB4U/上櫃intraday)=1|季財報(MOPS t163sb04)=1|月營收(MOPS/openapi)=1|官方產業別(MOPS t05st03)=1|融資券(MI_MARGN)=1|借券(TWT93U)=1|法人(T86)=1",947,inf,250.0,official_prepanel,4858.45,97.0,0.0,2.0,0,1,9.288,26.935,13.003,6956.0,0,未扣成本·事後欄位以 m_ 標示·非投資建議
HC,2,2026-06-12,2026-06-15,6207,雷科,TPEx,R,R_core,fCD,R1@5,12,91,漏網,6,-1.689491,,atr14=0.973|n_lu_250=0.917|r20=0.992|c_ma120=0.990|vr20=0.642|days_since_lu=0.027|dt_ratio20=NaN|lend_to_v=0.052|rev_yoy=0.675|o_turn=0.997|o_log_mcap=0.466|o_lu_follow=0.545,"官方日成交結構(MI_INDEX/dailyQuotes)=1|發行股數(MI_QFIIS/dailyQuotes)=1|外資持股(MI_QFIIS,僅上市)=0|自營商(T86/上櫃三大法人)=1|當沖(TWTB4U/上櫃intraday)=1|季財報(MOPS t163sb04)=1|月營收(MOPS/openapi)=1|官方產業別(MOPS t05st03)=1|融資券(MI_MARGN)=1|借券(TWT93U)=1|法人(T86)=1",947,inf,250.0,official_prepanel,23014.85,460.0,0.0,2.0,0,1,3.817,26.336,1.908,7628.0,0,未扣成本·事後欄位以 m_ 標示·非投資建議
HC,2,2026-06-15,2026-06-16,3550,聯穎,TWSE,R,R_core,fCD,R1@5,16,85,漏網,63,-1.907856,,atr14=0.795|n_lu_250=0.842|r20=0.976|c_ma120=0.938|vr20=0.896|days_since_lu=0.048|dt_ratio20=0.850|lend_to_v=0.052|rev_yoy=0.737|o_turn=0.981|o_log_mcap=0.140|o_lu_follow=0.546,"官方日成交結構(MI_INDEX/dailyQuotes)=1|發行股數(MI_QFIIS/dailyQuotes)=1|外資持股(MI_QFIIS,僅上市)=1|自營商(T86/上櫃三大法人)=1|當沖(TWTB4U/上櫃intraday)=1|季財報(MOPS t163sb04)=1|月營收(MOPS/openapi)=1|官方產業別(MOPS t05st03)=1|融資券(MI_MARGN)=1|借券(TWT93U)=1|法人(T86)=1",948,inf,250.0,official_prepanel,6591.8,131.0,0.0,2.0,0,1,10.179,25.0,13.571,10940.0,0,未扣成本·事後欄位以 m_ 標示·非投資建議
HC,2,2026-06-16,2026-06-17,1303,南亞,TWSE,R,R_core,fCD,R1@5,57,89,漏網,97,-2.738649,,atr14=0.832|n_lu_250=0.759|r20=0.970|c_ma120=0.895|vr20=0.885|days_since_lu=0.024|dt_ratio20=0.871|lend_to_v=0.041|rev_yoy=0.691|o_turn=0.721|o_log_mcap=0.983|o_lu_follow=0.291,"官方日成交結構(MI_INDEX/dailyQuotes)=1|發行股數(MI_QFIIS/dailyQuotes)=1|外資持股(MI_QFIIS,僅上市)=1|自營商(T86/上櫃三大法人)=1|當沖(TWTB4U/上櫃intraday)=1|季財報(MOPS t163sb04)=1|月營收(MOPS/openapi)=1|官方產業別(MOPS t05st03)=1|融資券(MI_MARGN)=1|借券(TWT93U)=1|法人(T86)=1",949,inf,250.0,official_prepanel,79219.54,1584.0,0.0,0.0,0,1,10.48,36.245,59.825,92092.0,0,未扣成本·事後欄位以 m_ 標示·非投資建議
HC,2,2026-06-17,2026-06-18,2305,全友,TWSE,R,R_core,fCD,R1@5,17,71,漏網,43,-1.598769,,atr14=0.810|n_lu_250=0.877|r20=0.999|c_ma120=0.990|vr20=0.977|days_since_lu=0.008|dt_ratio20=0.747|lend_to_v=0.076|rev_yoy=0.904|o_turn=0.992|o_log_mcap=0.340|o_lu_follow=0.879,"官方日成交結構(MI_INDEX/dailyQuotes)=1|發行股數(MI_QFIIS/dailyQuotes)=1|外資持股(MI_QFIIS,僅上市)=1|自營商(T86/上櫃三大法人)=1|當沖(TWTB4U/上櫃intraday)=1|季財報(MOPS t163sb04)=1|月營收(MOPS/openapi)=1|官方產業別(MOPS t05st03)=1|融資券(MI_MARGN)=1|借券(TWT93U)=1|法人(T86)=1",950,inf,250.0,official_prepanel,9177.6,183.0,0.0,0.0,0,1,9.967,23.529,22.876,9123.0,0,未扣成本·事後欄位以 m_ 標示·非投資建議
HC,2,2026-06-17,2026-06-18,2483,百容,TWSE,R,R_core,fCD,R1@5,16,71,漏網,104,-1.593746,,atr14=0.921|n_lu_250=0.573|r20=0.990|c_ma120=0.957|vr20=0.906|days_since_lu=0.070|dt_ratio20=0.918|lend_to_v=0.099|rev_yoy=0.512|o_turn=0.959|o_log_mcap=0.206|o_lu_follow=0.900,"官方日成交結構(MI_INDEX/dailyQuotes)=1|發行股數(MI_QFIIS/dailyQuotes)=1|外資持股(MI_QFIIS,僅上市)=1|自營商(T86/上櫃三大法人)=1|當沖(TWTB4U/上櫃intraday)=1|季財報(MOPS t163sb04)=1|月營收(MOPS/openapi)=1|官方產業別(MOPS t05st03)=1|融資券(MI_MARGN)=1|借券(TWT93U)=1|法人(T86)=1",950,inf,250.0,official_prepanel,5018.9,100.0,0.0,2.0,0,1,9.834,40.443,69.252,8964.0,0,未扣成本·事後欄位以 m_ 標示·非投資建議
HC,2,2026-06-17,2026-06-18,3114,好德,TPEx,R,R_core,fCD,R1@5,45,71,漏網,130,-2.466411,,atr14=0.906|n_lu_250=0.498|r20=0.996|c_ma120=0.940|vr20=0.138|days_since_lu=0.157|dt_ratio20=NaN|lend_to_v=0.052|rev_yoy=0.321|o_turn=0.647|o_log_mcap=0.128|o_lu_follow=0.961,"官方日成交結構(MI_INDEX/dailyQuotes)=1|發行股數(MI_QFIIS/dailyQuotes)=1|外資持股(MI_QFIIS,僅上市)=0|自營商(T86/上櫃三大法人)=1|當沖(TWTB4U/上櫃intraday)=0|季財報(MOPS t163sb04)=1|月營收(MOPS/openapi)=1|官方產業別(MOPS t05st03)=1|融資券(MI_MARGN)=1|借券(TWT93U)=1|法人(T86)=1",950,inf,250.0,official_prepanel,2182.4,21.0,1.0,0.0,0,1,6.111,28.222,5.444,1586.0,1,未扣成本·事後欄位以 m_ 標示·非投資建議
HC,2,2026-06-17,2026-06-18,5468,凱鈺,TPEx,R,R_core,fCD,R1@5,8,71,漏網,160,-1.173354,,atr14=0.391|n_lu_250=0.899|r20=0.996|c_ma120=0.922|vr20=0.996|days_since_lu=0.008|dt_ratio20=NaN|lend_to_v=0.021|rev_yoy=0.713|o_turn=0.960|o_log_mcap=0.035|o_lu_follow=0.985,"官方日成交結構(MI_INDEX/dailyQuotes)=1|發行股數(MI_QFIIS/dailyQuotes)=1|外資持股(MI_QFIIS,僅上市)=0|自營商(T86/上櫃三大法人)=1|當沖(TWTB4U/上櫃intraday)=0|季財報(MOPS t163sb04)=1|月營收(MOPS/openapi)=1|官方產業別(MOPS t05st03)=1|融資券(MI_MARGN)=1|借券(TWT93U)=1|法人(T86)=1",950,inf,250.0,official_prepanel,600.95,12.0,0.0,2.0,0,1,7.527,7.527,20.43,1324.0,1,未扣成本·事後欄位以 m_ 標示·非投資建議
HC,2,2026-06-18,2026-06-22,3016,嘉晶,TWSE,R,R_core,fCD,R1@5,20,59,漏網,74,-1.625423,,atr14=0.945|n_lu_250=0.962|r20=0.704|c_ma120=0.962|vr20=0.803|days_since_lu=0.057|dt_ratio20=0.971|lend_to_v=0.057|rev_yoy=0.743|o_turn=0.919|o_log_mcap=0.769|o_lu_follow=0.947,"官方日成交結構(MI_INDEX/dailyQuotes)=1|發行股數(MI_QFIIS/dailyQuotes)=1|外資持股(MI_QFIIS,僅上市)=1|自營商(T86/上櫃三大法人)=1|當沖(TWTB4U/上櫃intraday)=1|季財報(MOPS t163sb04)=1|月營收(MOPS/openapi)=1|官方產業別(MOPS t05st03)=1|融資券(MI_MARGN)=1|借券(TWT93U)=1|法人(T86)=1",951,inf,250.0,official_prepanel,10684.6,213.0,0.0,0.0,0,1,7.336,-3.861,5.055,8907.0,0,未扣成本·事後欄位以 m_ 標示·非投資建議
HC,2,2026-06-18,2026-06-22,6715,嘉基,TWSE,R,R_core,fCD,R1@5,50,59,漏網,230,-2.806422,,atr14=0.922|n_lu_250=0.949|r20=0.271|c_ma120=0.959|vr20=0.777|days_since_lu=0.012|dt_ratio20=0.675|lend_to_v=0.235|rev_yoy=0.064|o_turn=0.592|o_log_mcap=0.749|o_lu_follow=0.937,"官方日成交結構(MI_INDEX/dailyQuotes)=1|發行股數(MI_QFIIS/dailyQuotes)=1|外資持股(MI_QFIIS,僅上市)=1|自營商(T86/上櫃三大法人)=1|當沖(TWTB4U/上櫃intraday)=1|季財報(MOPS t163sb04)=1|月營收(MOPS/openapi)=1|官方產業別(MOPS t05st03)=1|融資券(MI_MARGN)=1|借券(TWT93U)=1|法人(T86)=1",951,inf,250.0,official_prepanel,560.35,11.0,0.0,1.0,1,0,0.0,-12.162,-5.182,1188.0,0,未扣成本·事後欄位以 m_ 標示·非投資建議
HC,2,2026-06-23,2026-06-24,5328,華容,TPEx,R,R_core,fCD,R1@5,31,91,漏網,10,-1.66109,,atr14=0.945|n_lu_250=0.976|r20=0.983|c_ma120=0.985|vr20=0.358|days_since_lu=0.064|dt_ratio20=NaN|lend_to_v=0.046|rev_yoy=0.624|o_turn=0.992|o_log_mcap=0.441|o_lu_follow=0.877,"官方日成交結構(MI_INDEX/dailyQuotes)=1|發行股數(MI_QFIIS/dailyQuotes)=1|外資持股(MI_QFIIS,僅上市)=0|自營商(T86/上櫃三大法人)=1|當沖(TWTB4U/上櫃intraday)=1|季財報(MOPS t163sb04)=1|月營收(MOPS/openapi)=1|官方產業別(MOPS t05st03)=1|融資券(MI_MARGN)=1|借券(TWT93U)=1|法人(T86)=1",953,inf,250.0,official_prepanel,37761.95,755.0,0.0,3.0,0,1,12.379,37.524,46.809,28356.0,0,未扣成本·事後欄位以 m_ 標示·非投資建議
HC,2,2026-06-29,2026-06-30,1303,南亞,TWSE,R,R_core,fCD,R1@5,62,101,漏網,61,-2.38583,,atr14=0.828|n_lu_250=0.827|r20=0.995|c_ma120=0.986|vr20=0.210|days_since_lu=0.073|dt_ratio20=0.845|lend_to_v=0.050|rev_yoy=0.686|o_turn=0.337|o_log_mcap=0.985|o_lu_follow=0.544,"官方日成交結構(MI_INDEX/dailyQuotes)=1|發行股數(MI_QFIIS/dailyQuotes)=1|外資持股(MI_QFIIS,僅上市)=1|自營商(T86/上櫃三大法人)=1|當沖(TWTB4U/上櫃intraday)=0|季財報(MOPS t163sb04)=1|月營收(MOPS/openapi)=1|官方產業別(MOPS t05st03)=1|融資券(MI_MARGN)=1|借券(TWT93U)=1|法人(T86)=1",957,inf,250.0,official_prepanel,80229.15,802.0,1.0,3.0,0,1,6.051,17.834,34.404,32182.0,1,未扣成本·事後欄位以 m_ 標示·非投資建議
HC,2,2026-06-29,2026-06-30,2375,凱美,TWSE,R,R_core,fCD,R1@5,7,101,漏網,27,-0.866885,,atr14=0.985|n_lu_250=0.924|r20=0.912|c_ma120=0.988|vr20=0.742|days_since_lu=0.109|dt_ratio20=NaN|lend_to_v=0.125|rev_yoy=0.312|o_turn=0.993|o_log_mcap=0.665|o_lu_follow=0.800,"官方日成交結構(MI_INDEX/dailyQuotes)=1|發行股數(MI_QFIIS/dailyQuotes)=1|外資持股(MI_QFIIS,僅上市)=1|自營商(T86/上櫃三大法人)=1|當沖(TWTB4U/上櫃intraday)=1|季財報(MOPS t163sb04)=1|月營收(MOPS/openapi)=1|官方產業別(MOPS t05st03)=1|融資券(MI_MARGN)=1|借券(TWT93U)=1|法人(T86)=1",957,inf,250.0,official_prepanel,13579.95,271.0,0.0,1.0,0,1,8.462,6.923,-11.795,8486.0,0,未扣成本·事後欄位以 m_ 標示·非投資建議
HC,2,2026-06-29,2026-06-30,2434,統懋,TWSE,R,R_core,fCD,R1@5,15,101,漏網,232,-1.347847,,atr14=0.944|n_lu_250=0.673|r20=0.508|c_ma120=0.828|vr20=0.946|days_since_lu=0.048|dt_ratio20=0.838|lend_to_v=0.142|rev_yoy=0.157|o_turn=0.870|o_log_mcap=0.032|o_lu_follow=0.943,"官方日成交結構(MI_INDEX/dailyQuotes)=1|發行股數(MI_QFIIS/dailyQuotes)=1|外資持股(MI_QFIIS,僅上市)=1|自營商(T86/上櫃三大法人)=1|當沖(TWTB4U/上櫃intraday)=1|季財報(MOPS t163sb04)=1|月營收(MOPS/openapi)=1|官方產業別(MOPS t05st03)=1|融資券(MI_MARGN)=1|借券(TWT93U)=1|法人(T86)=1",957,inf,250.0,official_prepanel,512.85,10.0,0.0,3.0,0,1,8.354,35.411,87.282,466.0,0,未扣成本·事後欄位以 m_ 標示·非投資建議
HC,2,2026-06-29,2026-06-30,3532,台勝科,TWSE,R,R_core,fCD,R1@5,82,101,漏網,79,-2.666389,,atr14=0.912|n_lu_250=0.987|r20=0.693|c_ma120=0.986|vr20=0.047|days_since_lu=0.148|dt_ratio20=NaN|lend_to_v=0.484|rev_yoy=0.616|o_turn=0.114|o_log_mcap=0.904|o_lu_follow=0.967,"官方日成交結構(MI_INDEX/dailyQuotes)=1|發行股數(MI_QFIIS/dailyQuotes)=1|外資持股(MI_QFIIS,僅上市)=1|自營商(T86/上櫃三大法人)=1|當沖(TWTB4U/上櫃intraday)=0|季財報(MOPS t163sb04)=1|月營收(MOPS/openapi)=1|官方產業別(MOPS t05st03)=1|融資券(MI_MARGN)=1|借券(TWT93U)=1|法人(T86)=1",957,inf,250.0,official_prepanel,2629.95,26.0,1.0,1.0,1,0,0.0,11.538,40.411,335.0,1,未扣成本·事後欄位以 m_ 標示·非投資建議
HC,2,2026-06-29,2026-06-30,6173,信昌電,TPEx,R,R_core,fCD,R1@5,55,101,漏網,15,-2.287482,,atr14=0.951|n_lu_250=0.964|r20=0.936|c_ma120=0.999|vr20=0.017|days_since_lu=0.168|dt_ratio20=NaN|lend_to_v=0.123|rev_yoy=0.629|o_turn=0.492|o_log_mcap=0.801|o_lu_follow=0.965,"官方日成交結構(MI_INDEX/dailyQuotes)=1|發行股數(MI_QFIIS/dailyQuotes)=1|外資持股(MI_QFIIS,僅上市)=0|自營商(T86/上櫃三大法人)=1|當沖(TWTB4U/上櫃intraday)=0|季財報(MOPS t163sb04)=1|月營收(MOPS/openapi)=1|官方產業別(MOPS t05st03)=1|融資券(MI_MARGN)=1|借券(TWT93U)=1|法人(T86)=1",957,inf,250.0,official_prepanel,6261.9,62.0,1.0,0.0,0,1,5.612,7.313,-18.168,1236.0,1,未扣成本·事後欄位以 m_ 標示·非投資建議
HC,2,2026-06-29,2026-06-30,6207,雷科,TPEx,R,R_core,fCD,R1@5,27,101,漏網,11,-1.610191,,atr14=0.995|n_lu_250=0.939|r20=0.937|c_ma120=0.990|vr20=0.582|days_since_lu=0.132|dt_ratio20=NaN|lend_to_v=0.062|rev_yoy=0.676|o_turn=0.997|o_log_mcap=0.488|o_lu_follow=0.837,"官方日成交結構(MI_INDEX/dailyQuotes)=1|發行股數(MI_QFIIS/dailyQuotes)=1|外資持股(MI_QFIIS,僅上市)=0|自營商(T86/上櫃三大法人)=1|當沖(TWTB4U/上櫃intraday)=1|季財報(MOPS t163sb04)=1|月營收(MOPS/openapi)=1|官方產業別(MOPS t05st03)=1|融資券(MI_MARGN)=1|借券(TWT93U)=1|法人(T86)=1",957,inf,250.0,official_prepanel,18240.9,364.0,0.0,2.0,0,1,5.396,4.676,-2.878,8054.0,0,未扣成本·事後欄位以 m_ 標示·非投資建議
HC,2,2026-06-29,2026-06-30,6488,環球晶,TPEx,R,R_core,fCD,R1@5,75,101,漏網,239,-2.556126,,atr14=0.949|n_lu_250=0.893|r20=0.247|c_ma120=0.954|vr20=0.648|days_since_lu=0.148|dt_ratio20=NaN|lend_to_v=0.790|rev_yoy=0.224|o_turn=0.531|o_log_mcap=0.959|o_lu_follow=0.469,"官方日成交結構(MI_INDEX/dailyQuotes)=1|發行股數(MI_QFIIS/dailyQuotes)=1|外資持股(MI_QFIIS,僅上市)=0|自營商(T86/上櫃三大法人)=1|當沖(TWTB4U/上櫃intraday)=0|季財報(MOPS t163sb04)=1|月營收(MOPS/openapi)=1|官方產業別(MOPS t05st03)=1|融資券(MI_MARGN)=1|借券(TWT93U)=1|法人(T86)=1",957,inf,250.0,official_prepanel,4176.5,41.0,1.0,2.0,0,1,4.579,38.918,57.648,2384.0,1,未扣成本·事後欄位以 m_ 標示·非投資建議
HC,2,2026-06-29,2026-06-30,8261,富鼎,TWSE,R,R_core,fCD,R1@5,9,101,漏網,54,-1.097499,,atr14=0.912|n_lu_250=0.803|r20=0.981|c_ma120=0.995|vr20=0.865|days_since_lu=0.048|dt_ratio20=0.931|lend_to_v=0.123|rev_yoy=0.297|o_turn=0.993|o_log_mcap=0.734|o_lu_follow=0.889,"官方日成交結構(MI_INDEX/dailyQuotes)=1|發行股數(MI_QFIIS/dailyQuotes)=1|外資持股(MI_QFIIS,僅上市)=1|自營商(T86/上櫃三大法人)=1|當沖(TWTB4U/上櫃intraday)=1|季財報(MOPS t163sb04)=1|月營收(MOPS/openapi)=1|官方產業別(MOPS t05st03)=1|融資券(MI_MARGN)=1|借券(TWT93U)=1|法人(T86)=1",957,inf,250.0,official_prepanel,11748.4,234.0,0.0,3.0,0,1,6.496,38.583,22.628,7219.0,0,未扣成本·事後欄位以 m_ 標示·非投資建議
HC,2,2026-06-30,2026-07-01,2484,希華,TWSE,R,R_core,fCD,R1@5,8,74,漏網,7,-1.419945,,atr14=0.969|n_lu_250=0.949|r20=0.981|c_ma120=0.995|vr20=0.792|days_since_lu=0.015|dt_ratio20=0.998|lend_to_v=0.076|rev_yoy=0.362|o_turn=1.000|o_log_mcap=0.505|o_lu_follow=0.306,"官方日成交結構(MI_INDEX/dailyQuotes)=1|發行股數(MI_QFIIS/dailyQuotes)=1|外資持股(MI_QFIIS,僅上市)=1|自營商(T86/上櫃三大法人)=1|當沖(TWTB4U/上櫃intraday)=1|季財報(MOPS t163sb04)=1|月營收(MOPS/openapi)=1|官方產業別(MOPS t05st03)=1|融資券(MI_MARGN)=1|借券(TWT93U)=1|法人(T86)=1",958,inf,250.0,official_prepanel,44806.4,896.0,0.0,2.0,0,1,0.377,9.56,2.516,16528.0,0,未扣成本·事後欄位以 m_ 標示·非投資建議
HC,3,2026-07-02,2026-07-03,5371,,TPEx,R,R_core,fCD,R1@5,54,85,漏網,216,-2.436163,,atr14=0.683|n_lu_250=0.744|r20=0.890|c_ma120=0.529|vr20=0.962|days_since_lu=0.052|dt_ratio20=NaN|lend_to_v=0.540|rev_yoy=0.387|o_turn=0.980|o_log_mcap=0.731|o_lu_follow=0.284,"官方日成交結構(MI_INDEX/dailyQuotes)=1|發行股數(MI_QFIIS/dailyQuotes)=1|外資持股(MI_QFIIS,僅上市)=0|自營商(T86/上櫃三大法人)=1|當沖(TWTB4U/上櫃intraday)=1|季財報(MOPS t163sb04)=0|月營收(MOPS/openapi)=1|官方產業別(MOPS t05st03)=0|融資券(MI_MARGN)=1|借券(TWT93U)=1|法人(T86)=1",960,inf,250.0,fallback_prepanel,11916.8,238.0,0.0,0.0,0,1,10.178,10.296,-3.55,40233.0,0,未扣成本·事後欄位以 m_ 標示·非投資建議
HC,3,2026-07-07,2026-07-08,3374,精材,TPEx,R,R_core,fCD,R1@5,39,82,漏網,111,-2.088356,,atr14=0.908|n_lu_250=0.630|r20=0.940|c_ma120=0.920|vr20=0.835|days_since_lu=0.225|dt_ratio20=NaN|lend_to_v=0.109|rev_yoy=0.769|o_turn=0.954|o_log_mcap=0.846|o_lu_follow=0.783,"官方日成交結構(MI_INDEX/dailyQuotes)=1|發行股數(MI_QFIIS/dailyQuotes)=1|外資持股(MI_QFIIS,僅上市)=0|自營商(T86/上櫃三大法人)=1|當沖(TWTB4U/上櫃intraday)=1|季財報(MOPS t163sb04)=1|月營收(MOPS/openapi)=1|官方產業別(MOPS t05st03)=1|融資券(MI_MARGN)=1|借券(TWT93U)=1|法人(T86)=1",963,inf,250.0,official_prepanel,12071.0,241.0,0.0,0.0,0,1,3.674,28.435,33.546,17058.0,0,未扣成本·事後欄位以 m_ 標示·非投資建議
HC,3,2026-07-08,2026-07-09,5488,松普,TPEx,R,R_core,fCD,R1@5,18,61,漏網,219,-1.923392,,atr14=0.656|n_lu_250=0.451|r20=0.875|c_ma120=0.884|vr20=0.923|days_since_lu=0.058|dt_ratio20=NaN|lend_to_v=0.128|rev_yoy=0.559|o_turn=0.868|o_log_mcap=0.017|o_lu_follow=0.570,"官方日成交結構(MI_INDEX/dailyQuotes)=1|發行股數(MI_QFIIS/dailyQuotes)=1|外資持股(MI_QFIIS,僅上市)=0|自營商(T86/上櫃三大法人)=1|當沖(TWTB4U/上櫃intraday)=1|季財報(MOPS t163sb04)=1|月營收(MOPS/openapi)=1|官方產業別(MOPS t05st03)=1|融資券(MI_MARGN)=1|借券(TWT93U)=1|法人(T86)=1",964,inf,250.0,official_prepanel,1456.6,29.0,0.0,0.0,0,1,8.0,9.333,-3.0,7812.0,0,未扣成本·事後欄位以 m_ 標示·非投資建議
HC,3,2026-07-08,2026-07-09,6488,環球晶,TPEx,R,R_core,fCD,R1@5,20,61,漏網,30,-1.925876,,atr14=0.836|n_lu_250=0.901|r20=0.992|c_ma120=0.991|vr20=0.930|days_since_lu=0.128|dt_ratio20=NaN|lend_to_v=0.620|rev_yoy=0.214|o_turn=0.824|o_log_mcap=0.970|o_lu_follow=0.532,"官方日成交結構(MI_INDEX/dailyQuotes)=1|發行股數(MI_QFIIS/dailyQuotes)=1|外資持股(MI_QFIIS,僅上市)=0|自營商(T86/上櫃三大法人)=1|當沖(TWTB4U/上櫃intraday)=1|季財報(MOPS t163sb04)=1|月營收(MOPS/openapi)=1|官方產業別(MOPS t05st03)=1|融資券(MI_MARGN)=1|借券(TWT93U)=1|法人(T86)=1",964,inf,250.0,official_prepanel,6127.35,122.0,0.0,3.0,0,1,2.662,4.585,-14.5,6897.0,0,未扣成本·事後欄位以 m_ 標示·非投資建議
HC,3,2026-07-17,2026-07-20,1467,南緯,TWSE,R,R_relax,fP10|fCD,R1@5,35,53,漏網,123,-2.072725,,atr14=0.658|n_lu_250=0.426|r20=0.974|c_ma120=0.827|vr20=0.378|days_since_lu=0.155|dt_ratio20=0.374|lend_to_v=0.349|rev_yoy=0.551|o_turn=0.128|o_log_mcap=0.067|o_lu_follow=0.960,"官方日成交結構(MI_INDEX/dailyQuotes)=1|發行股數(MI_QFIIS/dailyQuotes)=1|外資持股(MI_QFIIS,僅上市)=1|自營商(T86/上櫃三大法人)=1|當沖(TWTB4U/上櫃intraday)=1|季財報(MOPS t163sb04)=1|月營收(MOPS/openapi)=1|官方產業別(MOPS t05st03)=1|融資券(MI_MARGN)=1|借券(TWT93U)=1|法人(T86)=1",970,inf,250.0,official_prepanel,942.8,18.0,0.0,0.0,0,1,8.503,13.379,5.896,1153.0,0,未扣成本·事後欄位以 m_ 標示·非投資建議
HC,3,2026-07-17,2026-07-20,3577,泓格,TPEx,R,R_core,fCD,R1@5,16,53,漏網,47,-1.033381,,atr14=0.744|n_lu_250=0.768|r20=0.945|c_ma120=0.969|vr20=0.989|days_since_lu=0.005|dt_ratio20=NaN|lend_to_v=0.313|rev_yoy=0.895|o_turn=0.878|o_log_mcap=0.388|o_lu_follow=0.552,"官方日成交結構(MI_INDEX/dailyQuotes)=1|發行股數(MI_QFIIS/dailyQuotes)=1|外資持股(MI_QFIIS,僅上市)=0|自營商(T86/上櫃三大法人)=1|當沖(TWTB4U/上櫃intraday)=1|季財報(MOPS t163sb04)=1|月營收(MOPS/openapi)=1|官方產業別(MOPS t05st03)=1|融資券(MI_MARGN)=1|借券(TWT93U)=1|法人(T86)=1",970,inf,250.0,official_prepanel,663.05,13.0,0.0,0.0,0,1,8.333,10.985,-11.364,2122.0,0,未扣成本·事後欄位以 m_ 標示·非投資建議
HC,3,2026-07-17,2026-07-20,4939,亞電,TPEx,R,R_core,fCD,R1@5,18,53,漏網,122,-1.100618,,atr14=0.813|n_lu_250=0.933|r20=0.512|c_ma120=0.958|vr20=0.992|days_since_lu=0.005|dt_ratio20=NaN|lend_to_v=0.186|rev_yoy=0.746|o_turn=1.000|o_log_mcap=0.314|o_lu_follow=0.864,"官方日成交結構(MI_INDEX/dailyQuotes)=1|發行股數(MI_QFIIS/dailyQuotes)=1|外資持股(MI_QFIIS,僅上市)=0|自營商(T86/上櫃三大法人)=1|當沖(TWTB4U/上櫃intraday)=1|季財報(MOPS t163sb04)=1|月營收(MOPS/openapi)=1|官方產業別(MOPS t05st03)=1|融資券(MI_MARGN)=1|借券(TWT93U)=1|法人(T86)=1",970,inf,250.0,official_prepanel,8402.95,168.0,0.0,0.0,0,1,5.246,-0.318,-19.237,29118.0,0,未扣成本·事後欄位以 m_ 標示·非投資建議
HC,3,2026-07-20,2026-07-21,1810,和成,TWSE,R,R_core,fCD,R1@5,10,42,漏網,36,-1.281797,,atr14=0.761|n_lu_250=0.683|r20=0.994|c_ma120=0.976|vr20=0.985|days_since_lu=0.049|dt_ratio20=0.972|lend_to_v=0.228|rev_yoy=0.123|o_turn=0.997|o_log_mcap=0.398|o_lu_follow=0.272,"官方日成交結構(MI_INDEX/dailyQuotes)=1|發行股數(MI_QFIIS/dailyQuotes)=1|外資持股(MI_QFIIS,僅上市)=1|自營商(T86/上櫃三大法人)=1|當沖(TWTB4U/上櫃intraday)=1|季財報(MOPS t163sb04)=1|月營收(MOPS/openapi)=1|官方產業別(MOPS t05st03)=1|融資券(MI_MARGN)=1|借券(TWT93U)=1|法人(T86)=1",971,inf,250.0,official_prepanel,18362.55,367.0,0.0,2.0,0,1,10.893,-5.357,-14.821,32703.0,0,未扣成本·事後欄位以 m_ 標示·非投資建議
HC,3,2026-07-20,2026-07-21,3374,精材,TPEx,R,R_core,fCD,R1@5,7,42,漏網,28,-1.054178,,atr14=0.826|n_lu_250=0.683|r20=0.993|c_ma120=0.990|vr20=0.679|days_since_lu=0.029|dt_ratio20=NaN|lend_to_v=0.077|rev_yoy=0.830|o_turn=0.983|o_log_mcap=0.869|o_lu_follow=0.841,"官方日成交結構(MI_INDEX/dailyQuotes)=1|發行股數(MI_QFIIS/dailyQuotes)=1|外資持股(MI_QFIIS,僅上市)=0|自營商(T86/上櫃三大法人)=1|當沖(TWTB4U/上櫃intraday)=1|季財報(MOPS t163sb04)=1|月營收(MOPS/openapi)=1|官方產業別(MOPS t05st03)=1|融資券(MI_MARGN)=1|借券(TWT93U)=1|法人(T86)=1",971,inf,250.0,official_prepanel,17889.05,357.0,0.0,2.0,0,1,8.262,-1.709,-13.248,19297.0,0,未扣成本·事後欄位以 m_ 標示·非投資建議
HC,3,2026-07-30,2026-07-31,2493,揚博,TWSE,R,R_core,fCD,R1@5,14,30,漏網,134,-1.98001,,atr14=0.979|n_lu_250=0.933|r20=0.027|c_ma120=0.816|vr20=0.705|days_since_lu=0.032|dt_ratio20=0.763|lend_to_v=0.223|rev_yoy=0.645|o_turn=0.909|o_log_mcap=0.668|o_lu_follow=0.467,"官方日成交結構(MI_INDEX/dailyQuotes)=1|發行股數(MI_QFIIS/dailyQuotes)=1|外資持股(MI_QFIIS,僅上市)=1|自營商(T86/上櫃三大法人)=1|當沖(TWTB4U/上櫃intraday)=1|季財報(MOPS t163sb04)=1|月營收(MOPS/openapi)=1|官方產業別(MOPS t05st03)=1|融資券(MI_MARGN)=1|借券(TWT93U)=1|法人(T86)=1",979,inf,250.0,official_prepanel,4071.0,81.0,0.0,0.0,1,0,0.0,20.879,29.67,2546.0,0,未扣成本·事後欄位以 m_ 標示·非投資建議
HC,3,2026-07-30,2026-07-31,3037,欣興,TWSE,R,R_core,fCD,R1@5,24,30,漏網,201,-2.326681,,atr14=0.895|n_lu_250=0.869|r20=0.200|c_ma120=0.676|vr20=0.954|days_since_lu=0.032|dt_ratio20=0.931|lend_to_v=0.089|rev_yoy=0.688|o_turn=0.910|o_log_mcap=0.990|o_lu_follow=0.466,"官方日成交結構(MI_INDEX/dailyQuotes)=1|發行股數(MI_QFIIS/dailyQuotes)=1|外資持股(MI_QFIIS,僅上市)=1|自營商(T86/上櫃三大法人)=1|當沖(TWTB4U/上櫃intraday)=1|季財報(MOPS t163sb04)=1|月營收(MOPS/openapi)=1|官方產業別(MOPS t05st03)=1|融資券(MI_MARGN)=1|借券(TWT93U)=1|法人(T86)=1",979,inf,250.0,official_prepanel,28640.5,572.0,0.0,1.0,1,0,0.0,23.634,27.065,3142.0,0,未扣成本·事後欄位以 m_ 標示·非投資建議
HC,3,2026-07-30,2026-07-31,3081,聯亞,TPEx,R,R_core,fCD,R1@5,17,30,漏網,298,-2.081792,,atr14=0.925|n_lu_250=0.968|r20=0.497|c_ma120=0.248|vr20=0.939|days_since_lu=0.015|dt_ratio20=NaN|lend_to_v=0.359|rev_yoy=0.933|o_turn=0.950|o_log_mcap=0.910|o_lu_follow=0.298,"官方日成交結構(MI_INDEX/dailyQuotes)=1|發行股數(MI_QFIIS/dailyQuotes)=1|外資持股(MI_QFIIS,僅上市)=0|自營商(T86/上櫃三大法人)=1|當沖(TWTB4U/上櫃intraday)=1|季財報(MOPS t163sb04)=1|月營收(MOPS/openapi)=1|官方產業別(MOPS t05st03)=1|融資券(MI_MARGN)=1|借券(TWT93U)=1|法人(T86)=1",979,inf,250.0,official_prepanel,3028.2,60.0,0.0,4.0,1,0,0.0,45.706,63.497,359.0,0,未扣成本·事後欄位以 m_ 標示·非投資建議
HC,3,2026-07-30,2026-07-31,3374,精材,TPEx,R,R_core,fCD,R1@5,6,30,漏網,67,-1.459903,,atr14=0.976|n_lu_250=0.734|r20=0.503|c_ma120=0.899|vr20=0.592|days_since_lu=0.032|dt_ratio20=NaN|lend_to_v=0.064|rev_yoy=0.827|o_turn=0.971|o_log_mcap=0.845|o_lu_follow=0.876,"官方日成交結構(MI_INDEX/dailyQuotes)=1|發行股數(MI_QFIIS/dailyQuotes)=1|外資持股(MI_QFIIS,僅上市)=0|自營商(T86/上櫃三大法人)=1|當沖(TWTB4U/上櫃intraday)=1|季財報(MOPS t163sb04)=1|月營收(MOPS/openapi)=1|官方產業別(MOPS t05st03)=1|融資券(MI_MARGN)=1|借券(TWT93U)=1|法人(T86)=1",979,inf,250.0,official_prepanel,19091.2,381.0,0.0,3.0,1,0,0.0,14.079,17.329,2033.0,0,未扣成本·事後欄位以 m_ 標示·非投資建議
HC,3,2026-07-30,2026-07-31,4991,環宇-KY,TPEx,R,R_core,fCD,R1@5,28,30,漏網,812,-2.729881,,atr14=0.948|n_lu_250=0.949|r20=0.064|c_ma120=0.029|vr20=0.007|days_since_lu=0.032|dt_ratio20=NaN|lend_to_v=0.062|rev_yoy=0.802|o_turn=0.540|o_log_mcap=0.772|o_lu_follow=0.509,"官方日成交結構(MI_INDEX/dailyQuotes)=1|發行股數(MI_QFIIS/dailyQuotes)=1|外資持股(MI_QFIIS,僅上市)=0|自營商(T86/上櫃三大法人)=1|當沖(TWTB4U/上櫃intraday)=0|季財報(MOPS t163sb04)=1|月營收(MOPS/openapi)=1|官方產業別(MOPS t05st03)=1|融資券(MI_MARGN)=1|借券(TWT93U)=1|法人(T86)=1",979,inf,250.0,official_prepanel,5603.4,56.0,1.0,5.0,1,0,0.0,25.212,35.411,366.0,1,未扣成本·事後欄位以 m_ 標示·非投資建議
HC,3,2026-07-30,2026-07-31,6274,台燿,TPEx,R,R_core,fCD,R1@5,10,30,漏網,286,-1.911686,,atr14=0.948|n_lu_250=0.917|r20=0.068|c_ma120=0.552|vr20=0.977|days_since_lu=0.032|dt_ratio20=NaN|lend_to_v=0.053|rev_yoy=0.923|o_turn=0.956|o_log_mcap=0.944|o_lu_follow=0.484,"官方日成交結構(MI_INDEX/dailyQuotes)=1|發行股數(MI_QFIIS/dailyQuotes)=1|外資持股(MI_QFIIS,僅上市)=0|自營商(T86/上櫃三大法人)=1|當沖(TWTB4U/上櫃intraday)=1|季財報(MOPS t163sb04)=1|月營收(MOPS/openapi)=1|官方產業別(MOPS t05st03)=1|融資券(MI_MARGN)=1|借券(TWT93U)=1|法人(T86)=1",979,inf,250.0,official_prepanel,6498.75,129.0,0.0,1.0,1,0,0.0,37.838,44.144,826.0,0,未扣成本·事後欄位以 m_ 標示·非投資建議
HC,3,2026-07-30,2026-07-31,8039,台虹,TWSE,R,R_core,fCD,R1@5,8,30,漏網,2,-1.620998,,atr14=0.957|n_lu_250=0.960|r20=0.958|c_ma120=0.956|vr20=0.903|days_since_lu=0.015|dt_ratio20=0.994|lend_to_v=0.105|rev_yoy=0.155|o_turn=0.994|o_log_mcap=0.781|o_lu_follow=0.899,"官方日成交結構(MI_INDEX/dailyQuotes)=1|發行股數(MI_QFIIS/dailyQuotes)=1|外資持股(MI_QFIIS,僅上市)=1|自營商(T86/上櫃三大法人)=1|當沖(TWTB4U/上櫃intraday)=1|季財報(MOPS t163sb04)=1|月營收(MOPS/openapi)=1|官方產業別(MOPS t05st03)=1|融資券(MI_MARGN)=1|借券(TWT93U)=1|法人(T86)=1",979,inf,250.0,official_prepanel,26122.95,522.0,0.0,1.0,0,1,1.462,26.316,45.906,32335.0,0,未扣成本·事後欄位以 m_ 標示·非投資建議
HC,3,2026-08-03,2026-08-04,3605,宏致,TWSE,R,R_core,fCD,R1@5,10,14,漏網,93,-2.328141,,atr14=0.777|n_lu_250=0.499|r20=0.710|c_ma120=0.886|vr20=0.424|days_since_lu=0.151|dt_ratio20=0.957|lend_to_v=0.059|rev_yoy=0.639|o_turn=0.942|o_log_mcap=0.575|o_lu_follow=0.492,"官方日成交結構(MI_INDEX/dailyQuotes)=1|發行股數(MI_QFIIS/dailyQuotes)=1|外資持股(MI_QFIIS,僅上市)=1|自營商(T86/上櫃三大法人)=1|當沖(TWTB4U/上櫃intraday)=1|季財報(MOPS t163sb04)=1|月營收(MOPS/openapi)=1|官方產業別(MOPS t05st03)=1|融資券(MI_MARGN)=1|借券(TWT93U)=1|法人(T86)=1",981,inf,250.0,official_prepanel,9784.7,195.0,0.0,0.0,0,1,11.566,31.325,60.721,7975.0,0,未扣成本·事後欄位以 m_ 標示·非投資建議
HC,3,2026-08-04,2026-08-05,6213,聯茂,TWSE,R,R_core,fCD,R1@5,48,55,漏網,105,-2.455755,,atr14=0.960|n_lu_250=0.970|r20=0.237|c_ma120=0.971|vr20=0.766|days_since_lu=0.012|dt_ratio20=0.998|lend_to_v=0.080|rev_yoy=0.792|o_turn=0.985|o_log_mcap=0.897|o_lu_follow=0.432,"官方日成交結構(MI_INDEX/dailyQuotes)=1|發行股數(MI_QFIIS/dailyQuotes)=1|外資持股(MI_QFIIS,僅上市)=1|自營商(T86/上櫃三大法人)=1|當沖(TWTB4U/上櫃intraday)=1|季財報(MOPS t163sb04)=1|月營收(MOPS/openapi)=1|官方產業別(MOPS t05st03)=1|融資券(MI_MARGN)=1|借券(TWT93U)=1|法人(T86)=1",982,inf,250.0,official_prepanel,21862.75,437.0,0.0,2.0,0,1,5.247,39.506,50.617,26866.0,0,未扣成本·事後欄位以 m_ 標示·非投資建議
HC,3,2026-08-07,2026-08-10,6834,天二科技,TWSE,R,R_core,fCD,R1@5,67,81,漏網,179,-2.809669,,atr14=0.972|n_lu_250=0.950|r20=0.020|c_ma120=0.983|vr20=0.087|days_since_lu=0.111|dt_ratio20=0.961|lend_to_v=0.065|rev_yoy=0.862|o_turn=0.824|o_log_mcap=0.356|o_lu_follow=0.897,"官方日成交結構(MI_INDEX/dailyQuotes)=1|發行股數(MI_QFIIS/dailyQuotes)=1|外資持股(MI_QFIIS,僅上市)=1|自營商(T86/上櫃三大法人)=1|當沖(TWTB4U/上櫃intraday)=1|季財報(MOPS t163sb04)=1|月營收(MOPS/openapi)=1|官方產業別(MOPS t05st03)=1|融資券(MI_MARGN)=1|借券(TWT93U)=1|法人(T86)=1",952,952.0,250.0,official,4615.7,92.0,0.0,0.0,0,1,1.899,6.54,-5.38,4557.0,0,未扣成本·事後欄位以 m_ 標示·非投資建議
HC,3,2026-08-10,2026-08-11,6173,信昌電,TPEx,R,R_core,fCD,R1@5,14,66,漏網,234,-1.706158,,atr14=0.986|n_lu_250=0.986|r20=0.008|c_ma120=0.753|vr20=0.751|days_since_lu=0.114|dt_ratio20=NaN|lend_to_v=0.101|rev_yoy=0.630|o_turn=0.926|o_log_mcap=0.722|o_lu_follow=0.957,"官方日成交結構(MI_INDEX/dailyQuotes)=1|發行股數(MI_QFIIS/dailyQuotes)=1|外資持股(MI_QFIIS,僅上市)=0|自營商(T86/上櫃三大法人)=1|當沖(TWTB4U/上櫃intraday)=1|季財報(MOPS t163sb04)=1|月營收(MOPS/openapi)=1|官方產業別(MOPS t05st03)=1|融資券(MI_MARGN)=1|借券(TWT93U)=1|法人(T86)=1",986,inf,250.0,official_prepanel,4200.65,84.0,0.0,0.0,0,1,10.119,25.595,20.833,18655.0,0,未扣成本·事後欄位以 m_ 標示·非投資建議
HC,3,2026-08-10,2026-08-11,8358,金居,TPEx,R,R_core,fCD,R1@5,31,66,漏網,729,-2.03797,,atr14=0.986|n_lu_250=0.976|r20=0.009|c_ma120=0.083|vr20=0.965|days_since_lu=0.023|dt_ratio20=NaN|lend_to_v=0.178|rev_yoy=0.753|o_turn=0.999|o_log_mcap=0.867|o_lu_follow=0.476,"官方日成交結構(MI_INDEX/dailyQuotes)=1|發行股數(MI_QFIIS/dailyQuotes)=1|外資持股(MI_QFIIS,僅上市)=0|自營商(T86/上櫃三大法人)=1|當沖(TWTB4U/上櫃intraday)=1|季財報(MOPS t163sb04)=1|月營收(MOPS/openapi)=1|官方產業別(MOPS t05st03)=1|融資券(MI_MARGN)=1|借券(TWT93U)=1|法人(T86)=1",986,inf,250.0,official_prepanel,13902.9,278.0,0.0,1.0,0,1,9.971,21.243,20.52,27579.0,0,未扣成本·事後欄位以 m_ 標示·非投資建議
HC,3,2026-08-11,2026-08-12,5475,德宏,TPEx,R,R_core,fCD,R1@5,12,77,漏網,829,-1.706608,,atr14=0.977|n_lu_250=1.000|r20=0.026|c_ma120=0.000|vr20=0.988|days_since_lu=0.133|dt_ratio20=NaN|lend_to_v=0.017|rev_yoy=0.976|o_turn=0.994|o_log_mcap=0.585|o_lu_follow=0.966,"官方日成交結構(MI_INDEX/dailyQuotes)=1|發行股數(MI_QFIIS/dailyQuotes)=1|外資持股(MI_QFIIS,僅上市)=0|自營商(T86/上櫃三大法人)=1|當沖(TWTB4U/上櫃intraday)=1|季財報(MOPS t163sb04)=1|月營收(MOPS/openapi)=1|官方產業別(MOPS t05st03)=1|融資券(MI_MARGN)=1|借券(TWT93U)=1|法人(T86)=1",987,inf,250.0,official_prepanel,4102.95,82.0,0.0,2.0,0,1,9.191,34.191,27.206,15277.0,0,未扣成本·事後欄位以 m_ 標示·非投資建議
HC,3,2026-08-11,2026-08-12,6187,萬潤,TPEx,R,R_core,fCD,R1@5,37,77,漏網,36,-2.313223,,atr14=0.988|n_lu_250=0.926|r20=0.874|c_ma120=0.712|vr20=0.935|days_since_lu=0.070|dt_ratio20=NaN|lend_to_v=0.206|rev_yoy=0.858|o_turn=0.971|o_log_mcap=0.882|o_lu_follow=0.202,"官方日成交結構(MI_INDEX/dailyQuotes)=1|發行股數(MI_QFIIS/dailyQuotes)=1|外資持股(MI_QFIIS,僅上市)=0|自營商(T86/上櫃三大法人)=1|當沖(TWTB4U/上櫃intraday)=1|季財報(MOPS t163sb04)=1|月營收(MOPS/openapi)=1|官方產業別(MOPS t05st03)=1|融資券(MI_MARGN)=1|借券(TWT93U)=1|法人(T86)=1",987,inf,250.0,official_prepanel,2885.8,57.0,0.0,1.0,0,1,8.962,18.868,19.811,4539.0,0,未扣成本·事後欄位以 m_ 標示·非投資建議
HC,3,2026-08-11,2026-08-12,8996,高力,TWSE,R,R_core,fCD,R1@5,67,77,漏網,386,-3.190268,,atr14=0.954|n_lu_250=0.964|r20=0.252|c_ma120=0.399|vr20=0.147|days_since_lu=0.070|dt_ratio20=0.842|lend_to_v=0.085|rev_yoy=0.799|o_turn=0.764|o_log_mcap=0.876|o_lu_follow=0.549,"官方日成交結構(MI_INDEX/dailyQuotes)=1|發行股數(MI_QFIIS/dailyQuotes)=1|外資持股(MI_QFIIS,僅上市)=1|自營商(T86/上櫃三大法人)=1|當沖(TWTB4U/上櫃intraday)=1|季財報(MOPS t163sb04)=1|月營收(MOPS/openapi)=1|官方產業別(MOPS t05st03)=1|融資券(MI_MARGN)=1|借券(TWT93U)=1|法人(T86)=1",987,inf,250.0,official_prepanel,2741.0,54.0,0.0,3.0,0,1,9.346,9.813,13.551,2782.0,0,未扣成本·事後欄位以 m_ 標示·非投資建議
HC,3,2026-08-13,2026-08-14,6727,亞泰金屬,TPEx,R,R_core,fCD,R1@5,26,81,漏網,215,-1.768359,,atr14=0.950|n_lu_250=0.997|r20=0.476|c_ma120=0.471|vr20=0.762|days_since_lu=0.135|dt_ratio20=NaN|lend_to_v=0.279|rev_yoy=0.671|o_turn=0.874|o_log_mcap=0.439|o_lu_follow=0.961,"官方日成交結構(MI_INDEX/dailyQuotes)=1|發行股數(MI_QFIIS/dailyQuotes)=1|外資持股(MI_QFIIS,僅上市)=0|自營商(T86/上櫃三大法人)=1|當沖(TWTB4U/上櫃intraday)=1|季財報(MOPS t163sb04)=1|月營收(MOPS/openapi)=1|官方產業別(MOPS t05st03)=1|融資券(MI_MARGN)=1|借券(TWT93U)=1|法人(T86)=1",989,inf,250.0,official_prepanel,530.7,10.0,0.0,0.0,0,1,9.091,16.162,31.313,1947.0,0,未扣成本·事後欄位以 m_ 標示·非投資建議
HC,3,2026-08-26,2026-08-27,6173,信昌電,TPEx,R,R_core,fCD,R1@5,24,26,漏網,19,-2.719485,,atr14=0.998|n_lu_250=0.991|r20=0.904|c_ma120=0.882|vr20=0.310|days_since_lu=0.044|dt_ratio20=NaN|lend_to_v=0.076|rev_yoy=0.726|o_turn=0.934|o_log_mcap=0.710|o_lu_follow=0.973,"官方日成交結構(MI_INDEX/dailyQuotes)=1|發行股數(MI_QFIIS/dailyQuotes)=1|外資持股(MI_QFIIS,僅上市)=0|自營商(T86/上櫃三大法人)=1|當沖(TWTB4U/上櫃intraday)=1|季財報(MOPS t163sb04)=1|月營收(MOPS/openapi)=1|官方產業別(MOPS t05st03)=1|融資券(MI_MARGN)=1|借券(TWT93U)=1|法人(T86)=1",998,inf,250.0,official_prepanel,12989.65,259.0,0.0,1.0,0,1,6.098,27.073,30.976,10963.0,0,未扣成本·事後欄位以 m_ 標示·非投資建議
HC,3,2026-08-26,2026-08-27,8358,金居,TPEx,R,R_core,fCD,R1@5,19,26,漏網,55,-2.242301,,atr14=0.948|n_lu_250=0.953|r20=0.967|c_ma120=0.655|vr20=0.835|days_since_lu=0.112|dt_ratio20=NaN|lend_to_v=0.226|rev_yoy=0.767|o_turn=0.992|o_log_mcap=0.867|o_lu_follow=0.541,"官方日成交結構(MI_INDEX/dailyQuotes)=1|發行股數(MI_QFIIS/dailyQuotes)=1|外資持股(MI_QFIIS,僅上市)=0|自營商(T86/上櫃三大法人)=1|當沖(TWTB4U/上櫃intraday)=1|季財報(MOPS t163sb04)=1|月營收(MOPS/openapi)=1|官方產業別(MOPS t05st03)=1|融資券(MI_MARGN)=1|借券(TWT93U)=1|法人(T86)=1",998,inf,250.0,official_prepanel,24144.0,482.0,0.0,1.0,0,1,8.811,10.793,15.859,38604.0,0,未扣成本·事後欄位以 m_ 標示·非投資建議
HC,3,2026-08-28,2026-08-31,4908,前鼎,TPEx,R,R_core,fCD,R1@5,16,27,漏網,62,-1.746565,,atr14=0.935|n_lu_250=0.899|r20=0.941|c_ma120=0.729|vr20=0.985|days_since_lu=0.012|dt_ratio20=NaN|lend_to_v=0.080|rev_yoy=0.748|o_turn=0.992|o_log_mcap=0.497|o_lu_follow=0.876,"官方日成交結構(MI_INDEX/dailyQuotes)=1|發行股數(MI_QFIIS/dailyQuotes)=1|外資持股(MI_QFIIS,僅上市)=0|自營商(T86/上櫃三大法人)=1|當沖(TWTB4U/上櫃intraday)=1|季財報(MOPS t163sb04)=1|月營收(MOPS/openapi)=1|官方產業別(MOPS t05st03)=1|融資券(MI_MARGN)=1|借券(TWT93U)=1|法人(T86)=1",1000,inf,250.0,official_prepanel,3230.95,64.0,0.0,1.0,0,1,11.467,19.733,26.667,9150.0,0,未扣成本·事後欄位以 m_ 標示·非投資建議
HC,3,2026-09-03,2026-09-04,3026,禾伸堂,TWSE,R,R_core,fCD,R1@5,32,41,漏網,36,-2.367621,,atr14=0.995|n_lu_250=0.973|r20=0.751|c_ma120=0.931|vr20=0.458|days_since_lu=0.053|dt_ratio20=NaN|lend_to_v=0.255|rev_yoy=0.614|o_turn=0.919|o_log_mcap=0.849|o_lu_follow=0.873,"官方日成交結構(MI_INDEX/dailyQuotes)=1|發行股數(MI_QFIIS/dailyQuotes)=1|外資持股(MI_QFIIS,僅上市)=1|自營商(T86/上櫃三大法人)=1|當沖(TWTB4U/上櫃intraday)=1|季財報(MOPS t163sb04)=1|月營收(MOPS/openapi)=1|官方產業別(MOPS t05st03)=1|融資券(MI_MARGN)=1|借券(TWT93U)=1|法人(T86)=1",1004,inf,250.0,official_prepanel,9564.7,191.0,0.0,1.0,0,1,1.301,16.04,9.827,7288.0,0,未扣成本·事後欄位以 m_ 標示·非投資建議
HC,3,2026-09-04,2026-09-07,5314,世紀*,TPEx,R,R_core,fCD,R1@5,11,33,漏網,1,-1.920205,,atr14=0.998|n_lu_250=0.954|r20=1.000|c_ma120=0.998|vr20=0.604|days_since_lu=0.072|dt_ratio20=NaN|lend_to_v=0.499|rev_yoy=0.931|o_turn=0.348|o_log_mcap=0.723|o_lu_follow=0.995,"官方日成交結構(MI_INDEX/dailyQuotes)=1|發行股數(MI_QFIIS/dailyQuotes)=1|外資持股(MI_QFIIS,僅上市)=0|自營商(T86/上櫃三大法人)=1|當沖(TWTB4U/上櫃intraday)=0|季財報(MOPS t163sb04)=1|月營收(MOPS/openapi)=1|官方產業別(MOPS t05st03)=1|融資券(MI_MARGN)=1|借券(TWT93U)=1|法人(T86)=1",1005,inf,250.0,official_prepanel,4667.55,46.0,1.0,2.0,0,1,8.141,29.493,-6.298,6703.0,1,未扣成本·事後欄位以 m_ 標示·非投資建議
HC,3,2026-09-08,2026-09-09,4188,安克,TPEx,R,R_core,fCD,R1@5,12,37,漏網,111,-1.753156,,atr14=0.993|n_lu_250=0.514|r20=0.963|c_ma120=0.809|vr20=0.645|days_since_lu=0.098|dt_ratio20=NaN|lend_to_v=NaN|rev_yoy=0.765|o_turn=0.468|o_log_mcap=0.000|o_lu_follow=0.998,"官方日成交結構(MI_INDEX/dailyQuotes)=1|發行股數(MI_QFIIS/dailyQuotes)=1|外資持股(MI_QFIIS,僅上市)=0|自營商(T86/上櫃三大法人)=1|當沖(TWTB4U/上櫃intraday)=0|季財報(MOPS t163sb04)=1|月營收(MOPS/openapi)=1|官方產業別(MOPS t05st03)=1|融資券(MI_MARGN)=0|借券(TWT93U)=0|法人(T86)=1",1007,inf,250.0,official_prepanel,343.5,6.0,0.0,0.0,0,1,9.339,10.506,5.058,363.0,0,未扣成本·事後欄位以 m_ 標示·非投資建議
HC,3,2026-09-14,2026-09-15,3021,鴻名,TWSE,R,R_core,fCD,R1@5,26,28,漏網,118,-2.97918,,atr14=0.798|n_lu_250=0.773|r20=0.879|c_ma120=0.608|vr20=0.558|days_since_lu=0.051|dt_ratio20=0.714|lend_to_v=0.272|rev_yoy=0.090|o_turn=0.379|o_log_mcap=0.033|o_lu_follow=0.999,"官方日成交結構(MI_INDEX/dailyQuotes)=1|發行股數(MI_QFIIS/dailyQuotes)=1|外資持股(MI_QFIIS,僅上市)=1|自營商(T86/上櫃三大法人)=1|當沖(TWTB4U/上櫃intraday)=1|季財報(MOPS t163sb04)=1|月營收(MOPS/openapi)=1|官方產業別(MOPS t05st03)=1|融資券(MI_MARGN)=1|借券(TWT93U)=1|法人(T86)=1",1011,inf,250.0,official_prepanel,417.05,8.0,0.0,0.0,0,1,9.8,16.927,26.726,661.0,0,未扣成本·事後欄位以 m_ 標示·非投資建議
HC,3,2026-09-15,2026-09-16,7717,萊德光電-KY,TPEx,R,R_core,fCD,R1@5,10,27,漏網,327,-1.875751,,atr14=0.958|n_lu_250=0.944|r20=0.918|c_ma120=0.114|vr20=0.846|days_since_lu=0.048|dt_ratio20=NaN|lend_to_v=0.084|rev_yoy=0.849|o_turn=0.906|o_log_mcap=0.409|o_lu_follow=0.832,"官方日成交結構(MI_INDEX/dailyQuotes)=1|發行股數(MI_QFIIS/dailyQuotes)=1|外資持股(MI_QFIIS,僅上市)=0|自營商(T86/上櫃三大法人)=1|當沖(TWTB4U/上櫃intraday)=1|季財報(MOPS t163sb04)=1|月營收(MOPS/openapi)=1|官方產業別(MOPS t05st03)=1|融資券(MI_MARGN)=1|借券(TWT93U)=1|法人(T86)=1",202,202.0,202.0,official,589.1,11.0,0.0,1.0,0,1,5.4,19.0,10.2,950.0,0,未扣成本·事後欄位以 m_ 標示·非投資建議
HC,3,2026-09-17,2026-09-18,6538,倉和,TPEx,R,R_core,fCD,R1@5,16,25,漏網,7,-2.022992,,atr14=0.964|n_lu_250=0.878|r20=0.999|c_ma120=0.999|vr20=0.108|days_since_lu=0.077|dt_ratio20=NaN|lend_to_v=0.158|rev_yoy=0.756|o_turn=0.867|o_log_mcap=0.428|o_lu_follow=0.906,"官方日成交結構(MI_INDEX/dailyQuotes)=1|發行股數(MI_QFIIS/dailyQuotes)=1|外資持股(MI_QFIIS,僅上市)=0|自營商(T86/上櫃三大法人)=1|當沖(TWTB4U/上櫃intraday)=0|季財報(MOPS t163sb04)=1|月營收(MOPS/openapi)=1|官方產業別(MOPS t05st03)=1|融資券(MI_MARGN)=1|借券(TWT93U)=1|法人(T86)=1",1014,inf,250.0,official_prepanel,2255.65,22.0,1.0,2.0,0,1,10.071,12.908,,2425.0,0,未扣成本·事後欄位以 m_ 標示·非投資建議
HC,3,2026-09-18,2026-09-21,4924,欣厚-KY,TPEx,R,R_core,fCD,R1@5,9,31,漏網,76,-1.383069,,atr14=0.941|n_lu_250=0.526|r20=0.999|c_ma120=0.966|vr20=0.821|days_since_lu=0.042|dt_ratio20=NaN|lend_to_v=0.043|rev_yoy=0.091|o_turn=0.773|o_log_mcap=0.000|o_lu_follow=0.849,"官方日成交結構(MI_INDEX/dailyQuotes)=1|發行股數(MI_QFIIS/dailyQuotes)=1|外資持股(MI_QFIIS,僅上市)=0|自營商(T86/上櫃三大法人)=1|當沖(TWTB4U/上櫃intraday)=1|季財報(MOPS t163sb04)=1|月營收(MOPS/openapi)=1|官方產業別(MOPS t05st03)=1|融資券(MI_MARGN)=1|借券(TWT93U)=1|法人(T86)=1",1015,inf,250.0,official_prepanel,341.95,6.0,0.0,0.0,0,1,11.075,-2.28,,778.0,0,未扣成本·事後欄位以 m_ 標示·非投資建議
HC,3,2026-09-22,2026-09-23,6933,AMAX-KY,TWSE,R,R_core,fCD,R1@5,7,54,漏網,6,-1.289494,,atr14=0.989|n_lu_250=0.916|r20=1.000|c_ma120=0.999|vr20=0.502|days_since_lu=0.057|dt_ratio20=NaN|lend_to_v=0.049|rev_yoy=0.952|o_turn=0.865|o_log_mcap=0.447|o_lu_follow=0.952,"官方日成交結構(MI_INDEX/dailyQuotes)=1|發行股數(MI_QFIIS/dailyQuotes)=1|外資持股(MI_QFIIS,僅上市)=1|自營商(T86/上櫃三大法人)=1|當沖(TWTB4U/上櫃intraday)=1|季財報(MOPS t163sb04)=1|月營收(MOPS/openapi)=1|官方產業別(MOPS t05st03)=1|融資券(MI_MARGN)=1|借券(TWT93U)=1|法人(T86)=1",698,698.0,250.0,official,1470.35,29.0,0.0,0.0,0,1,9.375,23.281,,1319.0,0,未扣成本·事後欄位以 m_ 標示·非投資建議
HC,3,2026-09-23,2026-09-24,3021,鴻名,TWSE,R,R_core,fCD,R1@5,51,56,漏網,63,-2.743079,,atr14=0.976|n_lu_250=0.833|r20=0.942|c_ma120=0.716|vr20=0.260|days_since_lu=0.091|dt_ratio20=0.787|lend_to_v=0.124|rev_yoy=0.082|o_turn=0.463|o_log_mcap=0.033|o_lu_follow=0.997,"官方日成交結構(MI_INDEX/dailyQuotes)=1|發行股數(MI_QFIIS/dailyQuotes)=1|外資持股(MI_QFIIS,僅上市)=1|自營商(T86/上櫃三大法人)=1|當沖(TWTB4U/上櫃intraday)=1|季財報(MOPS t163sb04)=1|月營收(MOPS/openapi)=1|官方產業別(MOPS t05st03)=1|融資券(MI_MARGN)=1|借券(TWT93U)=1|法人(T86)=1",1018,inf,250.0,official_prepanel,810.5,16.0,0.0,0.0,0,1,10.905,16.049,,1665.0,0,未扣成本·事後欄位以 m_ 標示·非投資建議
HC,3,2026-09-23,2026-09-24,3219,倚強科,TPEx,R,R_core,fCD,R1@5,8,56,漏網,32,-1.097201,,atr14=0.848|n_lu_250=0.862|r20=0.986|c_ma120=0.977|vr20=0.989|days_since_lu=0.008|dt_ratio20=NaN|lend_to_v=0.047|rev_yoy=0.419|o_turn=0.985|o_log_mcap=0.259|o_lu_follow=0.515,"官方日成交結構(MI_INDEX/dailyQuotes)=1|發行股數(MI_QFIIS/dailyQuotes)=1|外資持股(MI_QFIIS,僅上市)=0|自營商(T86/上櫃三大法人)=1|當沖(TWTB4U/上櫃intraday)=1|季財報(MOPS t163sb04)=1|月營收(MOPS/openapi)=1|官方產業別(MOPS t05st03)=1|融資券(MI_MARGN)=1|借券(TWT93U)=1|法人(T86)=1",1018,inf,250.0,official_prepanel,1350.05,27.0,0.0,0.0,0,1,7.009,20.093,,2352.0,0,未扣成本·事後欄位以 m_ 標示·非投資建議
SEL,1,2025-01-07,2025-01-08,3373,熱映,TPEx,R,R_core,fCD,R2@5,18,22,漏網,162,-2.862705,,atr14=0.780|n_lu_250=0.643|r20=0.843|c_ma120=0.636|vr20=0.357|days_since_lu=0.044|dt_ratio20=NaN|lend_to_v=0.172|rev_yoy=0.286|o_turn=0.537|o_log_mcap=0.002|o_lu_follow=0.833,"官方日成交結構(MI_INDEX/dailyQuotes)=1|發行股數(MI_QFIIS/dailyQuotes)=1|外資持股(MI_QFIIS,僅上市)=0|自營商(T86/上櫃三大法人)=1|當沖(TWTB4U/上櫃intraday)=1|季財報(MOPS t163sb04)=1|月營收(MOPS/openapi)=1|官方產業別(MOPS t05st03)=1|融資券(MI_MARGN)=1|借券(TWT93U)=1|法人(T86)=1",603,inf,250.0,official_prepanel,382.75,7.0,0.0,1.0,0,1,6.513,16.807,1.681,2269.0,0,未扣成本·事後欄位以 m_ 標示·非投資建議
SEL,2,2025-04-22,2025-04-23,3147,大綜,TPEx,R,R_core,fCD,R2@5,20,54,漏網,29,-2.151,,atr14=0.640|n_lu_250=0.827|r20=0.991|c_ma120=0.997|vr20=0.977|days_since_lu=0.091|dt_ratio20=NaN|lend_to_v=0.060|rev_yoy=0.985|o_turn=0.993|o_log_mcap=0.462|o_lu_follow=0.905,"官方日成交結構(MI_INDEX/dailyQuotes)=1|發行股數(MI_QFIIS/dailyQuotes)=1|外資持股(MI_QFIIS,僅上市)=0|自營商(T86/上櫃三大法人)=1|當沖(TWTB4U/上櫃intraday)=1|季財報(MOPS t163sb04)=1|月營收(MOPS/openapi)=1|官方產業別(MOPS t05st03)=1|融資券(MI_MARGN)=1|借券(TWT93U)=1|法人(T86)=1",668,inf,250.0,official_prepanel,4060.7,81.0,0.0,2.0,0,1,7.339,33.028,22.018,12499.0,0,未扣成本·事後欄位以 m_ 標示·非投資建議
SEL,2,2025-04-22,2025-04-23,8072,陞泰,TWSE,R,R_core,fCD,R2@5,11,54,漏網,14,-1.182604,,atr14=0.997|n_lu_250=0.789|r20=1.000|c_ma120=0.999|vr20=0.967|days_since_lu=0.005|dt_ratio20=0.992|lend_to_v=0.022|rev_yoy=0.570|o_turn=0.990|o_log_mcap=0.156|o_lu_follow=0.709,"官方日成交結構(MI_INDEX/dailyQuotes)=1|發行股數(MI_QFIIS/dailyQuotes)=1|外資持股(MI_QFIIS,僅上市)=1|自營商(T86/上櫃三大法人)=1|當沖(TWTB4U/上櫃intraday)=1|季財報(MOPS t163sb04)=1|月營收(MOPS/openapi)=1|官方產業別(MOPS t05st03)=1|融資券(MI_MARGN)=1|借券(TWT93U)=1|法人(T86)=1",668,inf,250.0,official_prepanel,8386.8,167.0,0.0,2.0,0,1,5.155,34.021,20.361,6793.0,0,未扣成本·事後欄位以 m_ 標示·非投資建議
SEL,2,2025-04-23,2025-04-24,6228,全譜,TPEx,R,R_core,fCD,R2@5,11,46,漏網,1,-1.451204,,atr14=0.996|n_lu_250=0.998|r20=1.000|c_ma120=0.997|vr20=0.019|days_since_lu=0.026|dt_ratio20=NaN|lend_to_v=0.019|rev_yoy=0.957|o_turn=0.802|o_log_mcap=0.009|o_lu_follow=0.999,"官方日成交結構(MI_INDEX/dailyQuotes)=1|發行股數(MI_QFIIS/dailyQuotes)=1|外資持股(MI_QFIIS,僅上市)=0|自營商(T86/上櫃三大法人)=0|當沖(TWTB4U/上櫃intraday)=0|季財報(MOPS t163sb04)=1|月營收(MOPS/openapi)=1|官方產業別(MOPS t05st03)=1|融資券(MI_MARGN)=1|借券(TWT93U)=1|法人(T86)=0",669,inf,250.0,official_prepanel,1212.7,12.0,1.0,3.0,0,1,7.432,10.36,16.667,320.0,1,未扣成本·事後欄位以 m_ 標示·非投資建議
SEL,2,2025-04-24,2025-04-25,3287,廣寰科,TPEx,R,R_core,fCD,R2@5,7,48,漏網,6,-1.112975,,atr14=0.996|n_lu_250=0.981|r20=0.980|c_ma120=0.963|vr20=0.780|days_since_lu=0.050|dt_ratio20=NaN|lend_to_v=0.025|rev_yoy=0.453|o_turn=0.956|o_log_mcap=0.034|o_lu_follow=0.980,"官方日成交結構(MI_INDEX/dailyQuotes)=1|發行股數(MI_QFIIS/dailyQuotes)=1|外資持股(MI_QFIIS,僅上市)=0|自營商(T86/上櫃三大法人)=1|當沖(TWTB4U/上櫃intraday)=1|季財報(MOPS t163sb04)=1|月營收(MOPS/openapi)=1|官方產業別(MOPS t05st03)=1|融資券(MI_MARGN)=1|借券(TWT93U)=1|法人(T86)=1",670,inf,250.0,official_prepanel,3090.7,61.0,0.0,2.0,0,1,4.604,15.857,3.069,2350.0,0,未扣成本·事後欄位以 m_ 標示·非投資建議
SEL,2,2025-04-24,2025-04-25,6160,欣技,TPEx,R,R_core,fCD,R2@5,15,48,漏網,430,-2.559402,,atr14=0.937|n_lu_250=0.864|r20=0.288|c_ma120=0.245|vr20=0.940|days_since_lu=0.090|dt_ratio20=NaN|lend_to_v=0.314|rev_yoy=0.091|o_turn=0.870|o_log_mcap=0.013|o_lu_follow=0.986,"官方日成交結構(MI_INDEX/dailyQuotes)=1|發行股數(MI_QFIIS/dailyQuotes)=1|外資持股(MI_QFIIS,僅上市)=0|自營商(T86/上櫃三大法人)=1|當沖(TWTB4U/上櫃intraday)=1|季財報(MOPS t163sb04)=1|月營收(MOPS/openapi)=1|官方產業別(MOPS t05st03)=1|融資券(MI_MARGN)=1|借券(TWT93U)=1|法人(T86)=1",670,inf,250.0,official_prepanel,597.8,11.0,0.0,0.0,0,1,7.162,14.589,11.671,1529.0,0,未扣成本·事後欄位以 m_ 標示·非投資建議
SEL,2,2025-04-28,2025-04-29,4946,辣椒,TPEx,R,R_core,fCD,R2@5,9,39,漏網,3,-1.221613,,atr14=0.997|n_lu_250=0.995|r20=1.000|c_ma120=1.000|vr20=0.833|days_since_lu=0.058|dt_ratio20=NaN|lend_to_v=NaN|rev_yoy=0.992|o_turn=0.957|o_log_mcap=0.008|o_lu_follow=0.996,"官方日成交結構(MI_INDEX/dailyQuotes)=1|發行股數(MI_QFIIS/dailyQuotes)=1|外資持股(MI_QFIIS,僅上市)=0|自營商(T86/上櫃三大法人)=1|當沖(TWTB4U/上櫃intraday)=0|季財報(MOPS t163sb04)=1|月營收(MOPS/openapi)=1|官方產業別(MOPS t05st03)=1|融資券(MI_MARGN)=0|借券(TWT93U)=0|法人(T86)=1",672,inf,250.0,official_prepanel,326.6,6.0,0.0,2.0,0,1,8.621,54.828,40.0,557.0,0,未扣成本·事後欄位以 m_ 標示·非投資建議
SEL,2,2025-05-07,2025-05-08,2734,易飛網,TPEx,R,R_core,fCD,R2@5,21,45,漏網,243,-2.274941,,atr14=0.742|n_lu_250=0.641|r20=0.940|c_ma120=0.456|vr20=0.996|days_since_lu=0.009|dt_ratio20=NaN|lend_to_v=0.019|rev_yoy=0.038|o_turn=0.942|o_log_mcap=0.016|o_lu_follow=0.875,"官方日成交結構(MI_INDEX/dailyQuotes)=1|發行股數(MI_QFIIS/dailyQuotes)=1|外資持股(MI_QFIIS,僅上市)=0|自營商(T86/上櫃三大法人)=1|當沖(TWTB4U/上櫃intraday)=1|季財報(MOPS t163sb04)=1|月營收(MOPS/openapi)=1|官方產業別(MOPS t05st03)=1|融資券(MI_MARGN)=1|借券(TWT93U)=1|法人(T86)=1",678,inf,250.0,official_prepanel,338.7,6.0,0.0,0.0,0,1,9.865,12.108,15.247,1725.0,0,未扣成本·事後欄位以 m_ 標示·非投資建議
SEL,2,2025-05-08,2025-05-09,3379,彬台,TPEx,R,R_core,fCD,R2@5,25,41,漏網,12,-3.103766,,atr14=0.989|n_lu_250=1.000|r20=0.952|c_ma120=0.976|vr20=0.502|days_since_lu=0.038|dt_ratio20=NaN|lend_to_v=0.027|rev_yoy=0.975|o_turn=0.969|o_log_mcap=0.057|o_lu_follow=0.977,"官方日成交結構(MI_INDEX/dailyQuotes)=1|發行股數(MI_QFIIS/dailyQuotes)=1|外資持股(MI_QFIIS,僅上市)=0|自營商(T86/上櫃三大法人)=1|當沖(TWTB4U/上櫃intraday)=1|季財報(MOPS t163sb04)=1|月營收(MOPS/openapi)=1|官方產業別(MOPS t05st03)=1|融資券(MI_MARGN)=1|借券(TWT93U)=1|法人(T86)=1",679,inf,250.0,official_prepanel,4180.25,83.0,0.0,1.0,0,1,9.153,26.61,22.373,8169.0,0,未扣成本·事後欄位以 m_ 標示·非投資建議
SEL,2,2025-05-08,2025-05-09,4562,穎漢,TWSE,R,R_core,fCD,R2@5,27,41,漏網,176,-3.44457,,atr14=0.925|n_lu_250=1.000|r20=0.885|c_ma120=0.172|vr20=0.623|days_since_lu=0.038|dt_ratio20=0.843|lend_to_v=0.172|rev_yoy=0.284|o_turn=0.830|o_log_mcap=0.191|o_lu_follow=0.998,"官方日成交結構(MI_INDEX/dailyQuotes)=1|發行股數(MI_QFIIS/dailyQuotes)=1|外資持股(MI_QFIIS,僅上市)=1|自營商(T86/上櫃三大法人)=1|當沖(TWTB4U/上櫃intraday)=1|季財報(MOPS t163sb04)=1|月營收(MOPS/openapi)=1|官方產業別(MOPS t05st03)=1|融資券(MI_MARGN)=1|借券(TWT93U)=1|法人(T86)=1",679,inf,250.0,official_prepanel,1462.4,29.0,0.0,1.0,0,1,8.577,21.548,15.69,4250.0,0,未扣成本·事後欄位以 m_ 標示·非投資建議
SEL,2,2025-05-19,2025-05-20,6169,昱泉,TPEx,R,R_core,fCD,R2@5,14,26,漏網,35,-2.098473,,atr14=0.970|n_lu_250=0.759|r20=0.892|c_ma120=0.913|vr20=0.626|days_since_lu=0.097|dt_ratio20=NaN|lend_to_v=NaN|rev_yoy=0.908|o_turn=0.791|o_log_mcap=0.000|o_lu_follow=0.902,"官方日成交結構(MI_INDEX/dailyQuotes)=1|發行股數(MI_QFIIS/dailyQuotes)=1|外資持股(MI_QFIIS,僅上市)=0|自營商(T86/上櫃三大法人)=1|當沖(TWTB4U/上櫃intraday)=0|季財報(MOPS t163sb04)=1|月營收(MOPS/openapi)=1|官方產業別(MOPS t05st03)=1|融資券(MI_MARGN)=0|借券(TWT93U)=0|法人(T86)=1",686,inf,250.0,official_prepanel,387.5,7.0,0.0,1.0,0,1,9.072,8.65,1.266,461.0,0,未扣成本·事後欄位以 m_ 標示·非投資建議
SEL,2,2025-05-21,2025-05-22,1419,新紡,TWSE,R,R_core,fCD,R2@5,12,19,漏網,136,-2.516189,,atr14=0.581|n_lu_250=0.515|r20=0.987|c_ma120=0.990|vr20=0.998|days_since_lu=0.004|dt_ratio20=0.887|lend_to_v=0.081|rev_yoy=0.276|o_turn=0.848|o_log_mcap=0.608|o_lu_follow=0.996,"官方日成交結構(MI_INDEX/dailyQuotes)=1|發行股數(MI_QFIIS/dailyQuotes)=1|外資持股(MI_QFIIS,僅上市)=1|自營商(T86/上櫃三大法人)=1|當沖(TWTB4U/上櫃intraday)=1|季財報(MOPS t163sb04)=1|月營收(MOPS/openapi)=1|官方產業別(MOPS t05st03)=1|融資券(MI_MARGN)=1|借券(TWT93U)=1|法人(T86)=1",688,inf,250.0,official_prepanel,896.6,17.0,0.0,2.0,0,1,7.132,20.919,7.29,6008.0,0,未扣成本·事後欄位以 m_ 標示·非投資建議
SEL,2,2025-05-21,2025-05-22,6499,益安,TPEx,R,R_core,fCD,R2@5,11,19,漏網,20,-2.160382,,atr14=0.835|n_lu_250=0.831|r20=1.000|c_ma120=1.000|vr20=0.808|days_since_lu=0.004|dt_ratio20=NaN|lend_to_v=0.037|rev_yoy=0.925|o_turn=0.917|o_log_mcap=0.421|o_lu_follow=0.945,"官方日成交結構(MI_INDEX/dailyQuotes)=1|發行股數(MI_QFIIS/dailyQuotes)=1|外資持股(MI_QFIIS,僅上市)=0|自營商(T86/上櫃三大法人)=1|當沖(TWTB4U/上櫃intraday)=0|季財報(MOPS t163sb04)=1|月營收(MOPS/openapi)=1|官方產業別(MOPS t05st03)=1|融資券(MI_MARGN)=1|借券(TWT93U)=1|法人(T86)=1",688,inf,250.0,official_prepanel,2502.65,25.0,1.0,5.0,0,1,4.39,17.073,2.439,3459.0,1,未扣成本·事後欄位以 m_ 標示·非投資建議
SEL,2,2025-05-22,2025-05-23,3297,杭特,TPEx,R,R_core,fCD,R2@5,6,22,漏網,19,-1.375947,,atr14=0.989|n_lu_250=0.996|r20=0.726|c_ma120=0.994|vr20=0.995|days_since_lu=0.007|dt_ratio20=NaN|lend_to_v=0.029|rev_yoy=0.782|o_turn=1.000|o_log_mcap=0.013|o_lu_follow=0.923,"官方日成交結構(MI_INDEX/dailyQuotes)=1|發行股數(MI_QFIIS/dailyQuotes)=1|外資持股(MI_QFIIS,僅上市)=0|自營商(T86/上櫃三大法人)=1|當沖(TWTB4U/上櫃intraday)=1|季財報(MOPS t163sb04)=1|月營收(MOPS/openapi)=1|官方產業別(MOPS t05st03)=1|融資券(MI_MARGN)=1|借券(TWT93U)=1|法人(T86)=1",689,inf,250.0,official_prepanel,5469.45,109.0,0.0,0.0,0,1,10.306,11.421,4.039,13985.0,0,未扣成本·事後欄位以 m_ 標示·非投資建議
SEL,2,2025-05-26,2025-05-27,3219,倚強科,TPEx,R,R_core,fCD,R2@5,15,20,漏網,4,-2.17681,,atr14=0.989|n_lu_250=0.993|r20=0.963|c_ma120=0.927|vr20=0.654|days_since_lu=0.015|dt_ratio20=NaN|lend_to_v=0.043|rev_yoy=0.924|o_turn=0.876|o_log_mcap=0.142|o_lu_follow=0.973,"官方日成交結構(MI_INDEX/dailyQuotes)=1|發行股數(MI_QFIIS/dailyQuotes)=1|外資持股(MI_QFIIS,僅上市)=0|自營商(T86/上櫃三大法人)=1|當沖(TWTB4U/上櫃intraday)=1|季財報(MOPS t163sb04)=1|月營收(MOPS/openapi)=1|官方產業別(MOPS t05st03)=1|融資券(MI_MARGN)=1|借券(TWT93U)=1|法人(T86)=1",691,inf,250.0,official_prepanel,1727.7,34.0,0.0,0.0,0,1,8.665,21.509,14.373,3757.0,0,未扣成本·事後欄位以 m_ 標示·非投資建議
SEL,2,2025-06-02,2025-06-03,3128,昇銳,TPEx,R,R_core,fCD,R2@5,13,25,漏網,33,-1.925471,,atr14=0.965|n_lu_250=0.798|r20=0.916|c_ma120=0.882|vr20=0.496|days_since_lu=0.023|dt_ratio20=NaN|lend_to_v=0.063|rev_yoy=0.636|o_turn=0.969|o_log_mcap=0.015|o_lu_follow=0.881,"官方日成交結構(MI_INDEX/dailyQuotes)=1|發行股數(MI_QFIIS/dailyQuotes)=1|外資持股(MI_QFIIS,僅上市)=0|自營商(T86/上櫃三大法人)=1|當沖(TWTB4U/上櫃intraday)=1|季財報(MOPS t163sb04)=1|月營收(MOPS/openapi)=1|官方產業別(MOPS t05st03)=1|融資券(MI_MARGN)=1|借券(TWT93U)=1|法人(T86)=1",695,inf,250.0,official_prepanel,3184.05,63.0,0.0,1.0,0,1,9.885,27.018,23.064,2805.0,0,未扣成本·事後欄位以 m_ 標示·非投資建議
SEL,2,2025-06-13,2025-06-16,1616,億泰,TWSE,R,R_core,fCD,R2@5,6,17,漏網,45,-2.069464,,atr14=0.778|n_lu_250=0.734|r20=0.973|c_ma120=0.995|vr20=0.995|days_since_lu=0.006|dt_ratio20=0.927|lend_to_v=0.048|rev_yoy=0.864|o_turn=0.993|o_log_mcap=0.325|o_lu_follow=0.714,"官方日成交結構(MI_INDEX/dailyQuotes)=1|發行股數(MI_QFIIS/dailyQuotes)=1|外資持股(MI_QFIIS,僅上市)=1|自營商(T86/上櫃三大法人)=1|當沖(TWTB4U/上櫃intraday)=1|季財報(MOPS t163sb04)=1|月營收(MOPS/openapi)=1|官方產業別(MOPS t05st03)=1|融資券(MI_MARGN)=1|借券(TWT93U)=1|法人(T86)=1",704,inf,250.0,official_prepanel,10148.5,202.0,0.0,1.0,0,1,2.74,16.849,8.493,17094.0,0,未扣成本·事後欄位以 m_ 標示·非投資建議
SEL,3,2025-07-01,2025-07-02,8478,東哥遊艇,TWSE,R,R_core,fCD,R2@5,17,22,漏網,58,-3.030487,,atr14=0.896|n_lu_250=0.736|r20=0.965|c_ma120=0.860|vr20=0.835|days_since_lu=0.019|dt_ratio20=0.955|lend_to_v=0.335|rev_yoy=0.452|o_turn=0.789|o_log_mcap=0.586|o_lu_follow=0.721,"官方日成交結構(MI_INDEX/dailyQuotes)=1|發行股數(MI_QFIIS/dailyQuotes)=1|外資持股(MI_QFIIS,僅上市)=1|自營商(T86/上櫃三大法人)=1|當沖(TWTB4U/上櫃intraday)=1|季財報(MOPS t163sb04)=1|月營收(MOPS/openapi)=1|官方產業別(MOPS t05st03)=1|融資券(MI_MARGN)=1|借券(TWT93U)=1|法人(T86)=1",716,inf,250.0,official_prepanel,881.5,17.0,0.0,1.0,0,1,0.971,11.165,1.942,1222.0,0,未扣成本·事後欄位以 m_ 標示·非投資建議
SEL,3,2025-08-08,2025-08-11,8935,邦泰,TPEx,R,R_core,fCD,R2@5,13,32,漏網,168,-1.944942,,atr14=0.949|n_lu_250=0.746|r20=0.883|c_ma120=0.479|vr20=0.933|days_since_lu=0.037|dt_ratio20=NaN|lend_to_v=0.009|rev_yoy=0.810|o_turn=0.659|o_log_mcap=0.046|o_lu_follow=0.943,"官方日成交結構(MI_INDEX/dailyQuotes)=1|發行股數(MI_QFIIS/dailyQuotes)=1|外資持股(MI_QFIIS,僅上市)=0|自營商(T86/上櫃三大法人)=1|當沖(TWTB4U/上櫃intraday)=0|季財報(MOPS t163sb04)=1|月營收(MOPS/openapi)=1|官方產業別(MOPS t05st03)=1|融資券(MI_MARGN)=1|借券(TWT93U)=1|法人(T86)=1",744,inf,250.0,official_prepanel,422.15,8.0,0.0,0.0,1,0,0.0,17.929,14.646,584.0,0,未扣成本·事後欄位以 m_ 標示·非投資建議
SEL,3,2025-08-14,2025-08-15,1802,台玻,TWSE,R,R_core,fCD,R2@5,21,36,漏網,14,-2.176217,,atr14=0.959|n_lu_250=0.880|r20=0.998|c_ma120=0.995|vr20=0.893|days_since_lu=0.008|dt_ratio20=0.970|lend_to_v=0.122|rev_yoy=0.586|o_turn=0.967|o_log_mcap=0.874|o_lu_follow=0.866,"官方日成交結構(MI_INDEX/dailyQuotes)=1|發行股數(MI_QFIIS/dailyQuotes)=1|外資持股(MI_QFIIS,僅上市)=1|自營商(T86/上櫃三大法人)=1|當沖(TWTB4U/上櫃intraday)=1|季財報(MOPS t163sb04)=1|月營收(MOPS/openapi)=1|官方產業別(MOPS t05st03)=1|融資券(MI_MARGN)=1|借券(TWT93U)=1|法人(T86)=1",748,inf,250.0,official_prepanel,137966.66,2759.0,0.0,1.0,0,1,8.974,4.808,10.737,236531.0,0,未扣成本·事後欄位以 m_ 標示·非投資建議
SEL,3,2025-08-14,2025-08-15,2406,國碩,TWSE,R,R_core,fCD,R2@5,14,36,漏網,40,-1.922969,,atr14=0.948|n_lu_250=0.759|r20=0.996|c_ma120=0.989|vr20=0.458|days_since_lu=0.037|dt_ratio20=0.548|lend_to_v=0.349|rev_yoy=0.318|o_turn=0.830|o_log_mcap=0.337|o_lu_follow=0.992,"官方日成交結構(MI_INDEX/dailyQuotes)=1|發行股數(MI_QFIIS/dailyQuotes)=1|外資持股(MI_QFIIS,僅上市)=1|自營商(T86/上櫃三大法人)=1|當沖(TWTB4U/上櫃intraday)=0|季財報(MOPS t163sb04)=1|月營收(MOPS/openapi)=1|官方產業別(MOPS t05st03)=1|融資券(MI_MARGN)=1|借券(TWT93U)=1|法人(T86)=1",748,inf,250.0,official_prepanel,9754.95,97.0,1.0,5.0,0,1,3.778,8.667,6.444,16650.0,1,未扣成本·事後欄位以 m_ 標示·非投資建議
SEL,3,2025-08-14,2025-08-15,5355,佳總,TPEx,R,R_relax,fP10|fCD,R2@5,22,36,漏網,113,-2.256751,,atr14=0.982|n_lu_250=0.759|r20=0.905|c_ma120=0.608|vr20=0.031|days_since_lu=0.121|dt_ratio20=NaN|lend_to_v=0.005|rev_yoy=0.095|o_turn=0.035|o_log_mcap=0.025|o_lu_follow=0.948,"官方日成交結構(MI_INDEX/dailyQuotes)=1|發行股數(MI_QFIIS/dailyQuotes)=1|外資持股(MI_QFIIS,僅上市)=0|自營商(T86/上櫃三大法人)=1|當沖(TWTB4U/上櫃intraday)=0|季財報(MOPS t163sb04)=1|月營收(MOPS/openapi)=1|官方產業別(MOPS t05st03)=1|融資券(MI_MARGN)=1|借券(TWT93U)=1|法人(T86)=1",748,inf,250.0,official_prepanel,425.4,8.0,0.0,0.0,0,1,9.574,18.617,6.383,1009.0,0,未扣成本·事後欄位以 m_ 標示·非投資建議
SEL,3,2025-08-14,2025-08-15,6129,普誠,TPEx,R,R_core,fCD,R2@5,33,36,漏網,134,-3.057696,,atr14=0.882|n_lu_250=0.617|r20=0.966|c_ma120=0.750|vr20=0.038|days_since_lu=0.094|dt_ratio20=NaN|lend_to_v=0.257|rev_yoy=0.714|o_turn=0.086|o_log_mcap=0.075|o_lu_follow=0.987,"官方日成交結構(MI_INDEX/dailyQuotes)=1|發行股數(MI_QFIIS/dailyQuotes)=1|外資持股(MI_QFIIS,僅上市)=0|自營商(T86/上櫃三大法人)=1|當沖(TWTB4U/上櫃intraday)=0|季財報(MOPS t163sb04)=1|月營收(MOPS/openapi)=1|官方產業別(MOPS t05st03)=1|融資券(MI_MARGN)=1|借券(TWT93U)=1|法人(T86)=1",748,inf,250.0,official_prepanel,655.7,6.0,1.0,2.0,0,1,9.818,20.727,9.091,1164.0,1,未扣成本·事後欄位以 m_ 標示·非投資建議
SEL,3,2025-08-15,2025-08-18,3305,昇貿,TWSE,R,R_core,fCD,R2@5,14,36,漏網,54,-1.70414,,atr14=0.978|n_lu_250=0.697|r20=0.969|c_ma120=0.959|vr20=0.965|days_since_lu=0.011|dt_ratio20=0.969|lend_to_v=0.086|rev_yoy=0.755|o_turn=0.996|o_log_mcap=0.482|o_lu_follow=0.838,"官方日成交結構(MI_INDEX/dailyQuotes)=1|發行股數(MI_QFIIS/dailyQuotes)=1|外資持股(MI_QFIIS,僅上市)=1|自營商(T86/上櫃三大法人)=1|當沖(TWTB4U/上櫃intraday)=1|季財報(MOPS t163sb04)=1|月營收(MOPS/openapi)=1|官方產業別(MOPS t05st03)=1|融資券(MI_MARGN)=1|借券(TWT93U)=1|法人(T86)=1",749,inf,250.0,official_prepanel,14544.15,290.0,0.0,1.0,0,1,10.478,6.378,48.064,26634.0,0,未扣成本·事後欄位以 m_ 標示·非投資建議
SEL,3,2025-08-15,2025-08-18,4722,國精化,TWSE,R,R_core,fCD,R2@5,11,36,漏網,55,-1.609705,,atr14=0.929|n_lu_250=0.758|r20=0.949|c_ma120=0.950|vr20=0.866|days_since_lu=0.041|dt_ratio20=0.911|lend_to_v=0.186|rev_yoy=0.541|o_turn=0.969|o_log_mcap=0.393|o_lu_follow=0.805,"官方日成交結構(MI_INDEX/dailyQuotes)=1|發行股數(MI_QFIIS/dailyQuotes)=1|外資持股(MI_QFIIS,僅上市)=1|自營商(T86/上櫃三大法人)=1|當沖(TWTB4U/上櫃intraday)=1|季財報(MOPS t163sb04)=1|月營收(MOPS/openapi)=1|官方產業別(MOPS t05st03)=1|融資券(MI_MARGN)=1|借券(TWT93U)=1|法人(T86)=1",749,inf,250.0,official_prepanel,4362.05,87.0,0.0,0.0,0,1,9.081,31.166,60.314,10575.0,0,未扣成本·事後欄位以 m_ 標示·非投資建議
SEL,3,2025-08-18,2025-08-19,3297,杭特,TPEx,R,R_core,fCD,R2@5,22,30,漏網,285,-2.467046,,atr14=0.970|n_lu_250=0.999|r20=0.041|c_ma120=0.949|vr20=0.039|days_since_lu=0.058|dt_ratio20=NaN|lend_to_v=0.016|rev_yoy=0.880|o_turn=0.920|o_log_mcap=0.048|o_lu_follow=0.937,"官方日成交結構(MI_INDEX/dailyQuotes)=1|發行股數(MI_QFIIS/dailyQuotes)=1|外資持股(MI_QFIIS,僅上市)=0|自營商(T86/上櫃三大法人)=1|當沖(TWTB4U/上櫃intraday)=1|季財報(MOPS t163sb04)=1|月營收(MOPS/openapi)=1|官方產業別(MOPS t05st03)=1|融資券(MI_MARGN)=1|借券(TWT93U)=1|法人(T86)=1",750,inf,250.0,official_prepanel,4636.75,92.0,0.0,3.0,0,1,4.849,4.682,6.689,4262.0,0,未扣成本·事後欄位以 m_ 標示·非投資建議
SEL,3,2025-08-22,2025-08-25,4722,國精化,TWSE,R,R_core,fCD,R2@5,29,55,漏網,24,-2.226493,,atr14=0.932|n_lu_250=0.879|r20=1.000|c_ma120=0.993|vr20=0.320|days_since_lu=0.025|dt_ratio20=0.869|lend_to_v=0.137|rev_yoy=0.537|o_turn=0.907|o_log_mcap=0.514|o_lu_follow=0.949,"官方日成交結構(MI_INDEX/dailyQuotes)=1|發行股數(MI_QFIIS/dailyQuotes)=1|外資持股(MI_QFIIS,僅上市)=1|自營商(T86/上櫃三大法人)=1|當沖(TWTB4U/上櫃intraday)=0|季財報(MOPS t163sb04)=1|月營收(MOPS/openapi)=1|官方產業別(MOPS t05st03)=1|融資券(MI_MARGN)=1|借券(TWT93U)=1|法人(T86)=1",754,inf,250.0,official_prepanel,6502.25,65.0,1.0,4.0,0,1,6.198,18.182,10.744,4517.0,1,未扣成本·事後欄位以 m_ 標示·非投資建議
SEL,3,2025-08-26,2025-08-27,3630,新鉅科,TPEx,R,R_core,fCD,R2@5,20,58,漏網,32,-1.743232,,atr14=0.956|n_lu_250=0.915|r20=0.969|c_ma120=0.942|vr20=0.575|days_since_lu=0.061|dt_ratio20=NaN|lend_to_v=0.207|rev_yoy=0.620|o_turn=0.858|o_log_mcap=0.321|o_lu_follow=0.912,"官方日成交結構(MI_INDEX/dailyQuotes)=1|發行股數(MI_QFIIS/dailyQuotes)=1|外資持股(MI_QFIIS,僅上市)=0|自營商(T86/上櫃三大法人)=1|當沖(TWTB4U/上櫃intraday)=1|季財報(MOPS t163sb04)=1|月營收(MOPS/openapi)=1|官方產業別(MOPS t05st03)=1|融資券(MI_MARGN)=1|借券(TWT93U)=1|法人(T86)=1",756,inf,250.0,official_prepanel,5634.05,112.0,0.0,3.0,0,1,7.481,16.031,22.748,4834.0,0,未扣成本·事後欄位以 m_ 標示·非投資建議
SEL,3,2025-08-26,2025-08-27,6761,穩得,TPEx,R,R_core,fCD,R2@5,12,58,漏網,106,-1.389176,,atr14=0.971|n_lu_250=0.622|r20=0.975|c_ma120=0.927|vr20=0.852|days_since_lu=0.077|dt_ratio20=NaN|lend_to_v=0.062|rev_yoy=0.548|o_turn=0.963|o_log_mcap=0.240|o_lu_follow=0.881,"官方日成交結構(MI_INDEX/dailyQuotes)=1|發行股數(MI_QFIIS/dailyQuotes)=1|外資持股(MI_QFIIS,僅上市)=0|自營商(T86/上櫃三大法人)=1|當沖(TWTB4U/上櫃intraday)=1|季財報(MOPS t163sb04)=1|月營收(MOPS/openapi)=1|官方產業別(MOPS t05st03)=1|融資券(MI_MARGN)=1|借券(TWT93U)=1|法人(T86)=1",756,inf,250.0,official_prepanel,1760.5,35.0,0.0,0.0,0,1,8.046,18.391,24.138,3174.0,0,未扣成本·事後欄位以 m_ 標示·非投資建議
SEL,3,2025-08-28,2025-08-29,6129,普誠,TPEx,R,R_core,fCD,R2@5,22,60,漏網,107,-2.089371,,atr14=0.921|n_lu_250=0.755|r20=0.978|c_ma120=0.828|vr20=0.089|days_since_lu=0.107|dt_ratio20=NaN|lend_to_v=0.215|rev_yoy=0.714|o_turn=0.209|o_log_mcap=0.119|o_lu_follow=0.992,"官方日成交結構(MI_INDEX/dailyQuotes)=1|發行股數(MI_QFIIS/dailyQuotes)=1|外資持股(MI_QFIIS,僅上市)=0|自營商(T86/上櫃三大法人)=1|當沖(TWTB4U/上櫃intraday)=0|季財報(MOPS t163sb04)=1|月營收(MOPS/openapi)=1|官方產業別(MOPS t05st03)=1|融資券(MI_MARGN)=1|借券(TWT93U)=1|法人(T86)=1",758,inf,250.0,official_prepanel,966.6,19.0,0.0,0.0,0,1,8.553,17.105,11.184,958.0,0,未扣成本·事後欄位以 m_ 標示·非投資建議
SEL,3,2025-09-01,2025-09-02,4976,佳凌,TWSE,R,R_core,fCD,R2@5,12,68,漏網,90,-1.753303,,atr14=0.876|n_lu_250=0.756|r20=0.985|c_ma120=0.962|vr20=0.980|days_since_lu=0.040|dt_ratio20=0.933|lend_to_v=0.273|rev_yoy=0.136|o_turn=0.962|o_log_mcap=0.318|o_lu_follow=0.740,"官方日成交結構(MI_INDEX/dailyQuotes)=1|發行股數(MI_QFIIS/dailyQuotes)=1|外資持股(MI_QFIIS,僅上市)=1|自營商(T86/上櫃三大法人)=1|當沖(TWTB4U/上櫃intraday)=1|季財報(MOPS t163sb04)=1|月營收(MOPS/openapi)=1|官方產業別(MOPS t05st03)=1|融資券(MI_MARGN)=1|借券(TWT93U)=1|法人(T86)=1",760,inf,250.0,official_prepanel,3250.9,65.0,0.0,2.0,0,1,4.92,11.016,-5.348,5722.0,0,未扣成本·事後欄位以 m_ 標示·非投資建議
SEL,3,2025-09-02,2025-09-03,6753,龍德造船,TWSE,R,R_core,fCD,R2@5,17,61,漏網,75,-1.99944,,atr14=0.946|n_lu_250=0.752|r20=0.966|c_ma120=0.931|vr20=0.929|days_since_lu=0.022|dt_ratio20=0.872|lend_to_v=0.084|rev_yoy=0.886|o_turn=0.965|o_log_mcap=0.615|o_lu_follow=0.734,"官方日成交結構(MI_INDEX/dailyQuotes)=1|發行股數(MI_QFIIS/dailyQuotes)=1|外資持股(MI_QFIIS,僅上市)=1|自營商(T86/上櫃三大法人)=1|當沖(TWTB4U/上櫃intraday)=1|季財報(MOPS t163sb04)=1|月營收(MOPS/openapi)=1|官方產業別(MOPS t05st03)=1|融資券(MI_MARGN)=1|借券(TWT93U)=1|法人(T86)=1",605,605.0,250.0,official,5535.55,110.0,0.0,2.0,0,1,2.258,19.355,11.935,2671.0,0,未扣成本·事後欄位以 m_ 標示·非投資建議
SEL,3,2025-09-02,2025-09-03,7402,邑錡,TPEx,R,R_core,fCD,R2@5,28,61,漏網,57,-2.35351,,atr14=0.966|n_lu_250=0.913|r20=0.869|c_ma120=0.886|vr20=0.079|days_since_lu=0.047|dt_ratio20=NaN|lend_to_v=0.028|rev_yoy=0.136|o_turn=0.908|o_log_mcap=0.209|o_lu_follow=0.412,"官方日成交結構(MI_INDEX/dailyQuotes)=1|發行股數(MI_QFIIS/dailyQuotes)=1|外資持股(MI_QFIIS,僅上市)=0|自營商(T86/上櫃三大法人)=1|當沖(TWTB4U/上櫃intraday)=0|季財報(MOPS t163sb04)=1|月營收(MOPS/openapi)=1|官方產業別(MOPS t05st03)=1|融資券(MI_MARGN)=1|借券(TWT93U)=1|法人(T86)=1",761,inf,250.0,official_prepanel,4563.25,45.0,1.0,5.0,0,1,9.251,44.493,36.564,1615.0,1,未扣成本·事後欄位以 m_ 標示·非投資建議
SEL,3,2025-09-08,2025-09-09,2429,銘旺科,TWSE,R,R_core,fCD,R2@5,6,44,漏網,3,-1.84129,,atr14=0.946|n_lu_250=0.980|r20=0.983|c_ma120=0.990|vr20=0.795|days_since_lu=0.059|dt_ratio20=NaN|lend_to_v=0.204|rev_yoy=0.967|o_turn=0.914|o_log_mcap=0.487|o_lu_follow=0.942,"官方日成交結構(MI_INDEX/dailyQuotes)=1|發行股數(MI_QFIIS/dailyQuotes)=1|外資持股(MI_QFIIS,僅上市)=1|自營商(T86/上櫃三大法人)=1|當沖(TWTB4U/上櫃intraday)=0|季財報(MOPS t163sb04)=1|月營收(MOPS/openapi)=1|官方產業別(MOPS t05st03)=1|融資券(MI_MARGN)=1|借券(TWT93U)=1|法人(T86)=1",765,inf,250.0,official_prepanel,2992.85,59.0,0.0,3.0,0,1,6.589,-1.55,3.101,1976.0,0,未扣成本·事後欄位以 m_ 標示·非投資建議
SEL,3,2025-09-11,2025-09-12,3707,漢磊,TPEx,R,R_core,fCD,R2@5,29,41,漏網,54,-2.836519,,atr14=0.925|n_lu_250=0.871|r20=0.919|c_ma120=0.903|vr20=0.656|days_since_lu=0.040|dt_ratio20=NaN|lend_to_v=0.420|rev_yoy=0.544|o_turn=0.906|o_log_mcap=0.666|o_lu_follow=0.654,"官方日成交結構(MI_INDEX/dailyQuotes)=1|發行股數(MI_QFIIS/dailyQuotes)=1|外資持股(MI_QFIIS,僅上市)=0|自營商(T86/上櫃三大法人)=1|當沖(TWTB4U/上櫃intraday)=1|季財報(MOPS t163sb04)=1|月營收(MOPS/openapi)=1|官方產業別(MOPS t05st03)=1|融資券(MI_MARGN)=1|借券(TWT93U)=1|法人(T86)=1",768,inf,250.0,official_prepanel,15979.65,319.0,0.0,1.0,0,1,7.925,27.547,13.019,30343.0,0,未扣成本·事後欄位以 m_ 標示·非投資建議
SEL,3,2025-09-26,2025-09-30,6770,力積電,TWSE,R,R_core,fCD,R2@5,14,24,漏網,26,-2.892838,,atr14=0.886|n_lu_250=0.827|r20=0.995|c_ma120=0.967|vr20=0.707|days_since_lu=0.024|dt_ratio20=0.941|lend_to_v=0.395|rev_yoy=0.538|o_turn=0.889|o_log_mcap=0.888|o_lu_follow=0.960,"官方日成交結構(MI_INDEX/dailyQuotes)=1|發行股數(MI_QFIIS/dailyQuotes)=1|外資持股(MI_QFIIS,僅上市)=1|自營商(T86/上櫃三大法人)=1|當沖(TWTB4U/上櫃intraday)=1|季財報(MOPS t163sb04)=1|月營收(MOPS/openapi)=1|官方產業別(MOPS t05st03)=1|融資券(MI_MARGN)=1|借券(TWT93U)=1|法人(T86)=1",779,inf,250.0,official_prepanel,116624.15,2332.0,0.0,3.0,0,1,0.197,17.949,9.665,152664.0,0,未扣成本·事後欄位以 m_ 標示·非投資建議
SEL,4,2025-10-28,2025-10-29,3543,州巧,TWSE,R,R_core,fCD,R2@5,21,34,漏網,36,-2.547275,,atr14=0.932|n_lu_250=0.962|r20=0.850|c_ma120=0.940|vr20=0.288|days_since_lu=0.067|dt_ratio20=0.945|lend_to_v=0.085|rev_yoy=0.285|o_turn=0.884|o_log_mcap=0.167|o_lu_follow=0.929,"官方日成交結構(MI_INDEX/dailyQuotes)=1|發行股數(MI_QFIIS/dailyQuotes)=1|外資持股(MI_QFIIS,僅上市)=1|自營商(T86/上櫃三大法人)=1|當沖(TWTB4U/上櫃intraday)=1|季財報(MOPS t163sb04)=1|月營收(MOPS/openapi)=1|官方產業別(MOPS t05st03)=1|融資券(MI_MARGN)=1|借券(TWT93U)=1|法人(T86)=1",797,inf,250.0,official_prepanel,4191.15,83.0,0.0,1.0,0,1,8.675,18.675,5.181,11876.0,0,未扣成本·事後欄位以 m_ 標示·非投資建議
SEL,4,2025-11-20,2025-11-21,6291,沛亨,TPEx,R,R_core,fCD,R2@5,17,24,漏網,103,-2.528593,,atr14=0.955|n_lu_250=0.965|r20=0.662|c_ma120=0.787|vr20=0.777|days_since_lu=0.027|dt_ratio20=NaN|lend_to_v=0.195|rev_yoy=0.822|o_turn=0.777|o_log_mcap=0.296|o_lu_follow=0.902,"官方日成交結構(MI_INDEX/dailyQuotes)=1|發行股數(MI_QFIIS/dailyQuotes)=1|外資持股(MI_QFIIS,僅上市)=0|自營商(T86/上櫃三大法人)=1|當沖(TWTB4U/上櫃intraday)=1|季財報(MOPS t163sb04)=1|月營收(MOPS/openapi)=1|官方產業別(MOPS t05st03)=1|融資券(MI_MARGN)=1|借券(TWT93U)=1|法人(T86)=1",814,inf,250.0,official_prepanel,490.3,9.0,0.0,0.0,0,1,6.463,15.646,21.429,617.0,0,未扣成本·事後欄位以 m_ 標示·非投資建議
SEL,4,2025-12-01,2025-12-02,6431,光麗-KY,TWSE,R,R_core,fCD,R2@5,17,19,漏網,104,-2.846796,,atr14=0.652|n_lu_250=0.661|r20=0.993|c_ma120=0.938|vr20=0.861|days_since_lu=0.056|dt_ratio20=NaN|lend_to_v=0.010|rev_yoy=0.036|o_turn=0.664|o_log_mcap=0.062|o_lu_follow=0.807,"官方日成交結構(MI_INDEX/dailyQuotes)=1|發行股數(MI_QFIIS/dailyQuotes)=1|外資持股(MI_QFIIS,僅上市)=1|自營商(T86/上櫃三大法人)=1|當沖(TWTB4U/上櫃intraday)=0|季財報(MOPS t163sb04)=1|月營收(MOPS/openapi)=1|官方產業別(MOPS t05st03)=1|融資券(MI_MARGN)=1|借券(TWT93U)=1|法人(T86)=1",821,inf,250.0,official_prepanel,536.15,10.0,0.0,2.0,0,1,7.522,21.239,34.513,1244.0,0,未扣成本·事後欄位以 m_ 標示·非投資建議
SEL,4,2025-12-05,2025-12-08,2485,兆赫,TWSE,R,R_core,fCD,R2@5,11,26,漏網,10,-2.16114,,atr14=0.975|n_lu_250=0.899|r20=0.999|c_ma120=0.996|vr20=0.304|days_since_lu=0.058|dt_ratio20=0.956|lend_to_v=0.064|rev_yoy=0.983|o_turn=0.910|o_log_mcap=0.304|o_lu_follow=0.823,"官方日成交結構(MI_INDEX/dailyQuotes)=1|發行股數(MI_QFIIS/dailyQuotes)=1|外資持股(MI_QFIIS,僅上市)=1|自營商(T86/上櫃三大法人)=1|當沖(TWTB4U/上櫃intraday)=1|季財報(MOPS t163sb04)=1|月營收(MOPS/openapi)=1|官方產業別(MOPS t05st03)=1|融資券(MI_MARGN)=1|借券(TWT93U)=1|法人(T86)=1",825,inf,250.0,official_prepanel,25328.0,506.0,0.0,3.0,0,1,9.628,19.475,27.352,40921.0,0,未扣成本·事後欄位以 m_ 標示·非投資建議
SEL,4,2025-12-05,2025-12-08,8039,台虹,TWSE,R,R_core,fCD,R2@5,25,26,漏網,77,-3.584328,,atr14=0.948|n_lu_250=0.665|r20=0.948|c_ma120=0.950|vr20=0.444|days_since_lu=0.058|dt_ratio20=0.974|lend_to_v=0.176|rev_yoy=0.782|o_turn=0.942|o_log_mcap=0.606|o_lu_follow=0.812,"官方日成交結構(MI_INDEX/dailyQuotes)=1|發行股數(MI_QFIIS/dailyQuotes)=1|外資持股(MI_QFIIS,僅上市)=1|自營商(T86/上櫃三大法人)=1|當沖(TWTB4U/上櫃intraday)=1|季財報(MOPS t163sb04)=1|月營收(MOPS/openapi)=1|官方產業別(MOPS t05st03)=1|融資券(MI_MARGN)=1|借券(TWT93U)=1|法人(T86)=1",825,inf,250.0,official_prepanel,22774.4,455.0,0.0,3.0,0,1,7.143,29.699,21.053,37666.0,0,未扣成本·事後欄位以 m_ 標示·非投資建議
SEL,4,2025-12-09,2025-12-10,2349,錸德,TWSE,R,R_core,fCD,R2@5,18,19,漏網,204,-3.853305,,atr14=0.680|n_lu_250=0.664|r20=0.855|c_ma120=0.538|vr20=0.665|days_since_lu=0.033|dt_ratio20=NaN|lend_to_v=0.011|rev_yoy=0.186|o_turn=0.521|o_log_mcap=0.292|o_lu_follow=0.810,"官方日成交結構(MI_INDEX/dailyQuotes)=1|發行股數(MI_QFIIS/dailyQuotes)=1|外資持股(MI_QFIIS,僅上市)=1|自營商(T86/上櫃三大法人)=1|當沖(TWTB4U/上櫃intraday)=0|季財報(MOPS t163sb04)=1|月營收(MOPS/openapi)=1|官方產業別(MOPS t05st03)=1|融資券(MI_MARGN)=1|借券(TWT93U)=1|法人(T86)=1",827,inf,250.0,official_prepanel,3893.35,77.0,0.0,0.0,0,1,6.393,47.945,36.986,14163.0,0,未扣成本·事後欄位以 m_ 標示·非投資建議
SEL,4,2025-12-11,2025-12-12,6443,元晶,TWSE,R,R_core,fCD,R2@5,15,23,漏網,106,-2.257084,,atr14=0.731|n_lu_250=0.661|r20=0.982|c_ma120=0.800|vr20=0.999|days_since_lu=0.006|dt_ratio20=0.815|lend_to_v=0.638|rev_yoy=0.046|o_turn=0.990|o_log_mcap=0.381|o_lu_follow=0.808,"官方日成交結構(MI_INDEX/dailyQuotes)=1|發行股數(MI_QFIIS/dailyQuotes)=1|外資持股(MI_QFIIS,僅上市)=1|自營商(T86/上櫃三大法人)=1|當沖(TWTB4U/上櫃intraday)=1|季財報(MOPS t163sb04)=1|月營收(MOPS/openapi)=1|官方產業別(MOPS t05st03)=1|融資券(MI_MARGN)=1|借券(TWT93U)=1|法人(T86)=1",829,inf,250.0,official_prepanel,9091.85,181.0,0.0,1.0,0,1,7.542,20.67,62.57,89383.0,0,未扣成本·事後欄位以 m_ 標示·非投資建議
SEL,4,2025-12-19,2025-12-22,3576,聯合再生,TWSE,R,R_relax,fP10|fCD,R2@5,16,32,漏網,79,-2.475202,,atr14=0.933|n_lu_250=0.766|r20=0.884|c_ma120=0.758|vr20=0.711|days_since_lu=0.035|dt_ratio20=NaN|lend_to_v=0.012|rev_yoy=0.026|o_turn=0.665|o_log_mcap=0.468|o_lu_follow=0.907,"官方日成交結構(MI_INDEX/dailyQuotes)=1|發行股數(MI_QFIIS/dailyQuotes)=1|外資持股(MI_QFIIS,僅上市)=1|自營商(T86/上櫃三大法人)=1|當沖(TWTB4U/上櫃intraday)=0|季財報(MOPS t163sb04)=1|月營收(MOPS/openapi)=1|官方產業別(MOPS t05st03)=1|融資券(MI_MARGN)=1|借券(TWT93U)=1|法人(T86)=1",835,inf,250.0,official_prepanel,11407.9,228.0,0.0,2.0,0,1,10.533,19.467,13.067,15293.0,0,未扣成本·事後欄位以 m_ 標示·非投資建議
SEL,4,2025-12-19,2025-12-22,3701,大眾控,TWSE,R,R_core,fCD,R2@5,27,32,漏網,167,-3.61712,,atr14=0.880|n_lu_250=0.766|r20=0.910|c_ma120=0.461|vr20=0.531|days_since_lu=0.058|dt_ratio20=0.896|lend_to_v=0.444|rev_yoy=0.102|o_turn=0.522|o_log_mcap=0.352|o_lu_follow=0.676,"官方日成交結構(MI_INDEX/dailyQuotes)=1|發行股數(MI_QFIIS/dailyQuotes)=1|外資持股(MI_QFIIS,僅上市)=1|自營商(T86/上櫃三大法人)=1|當沖(TWTB4U/上櫃intraday)=1|季財報(MOPS t163sb04)=1|月營收(MOPS/openapi)=1|官方產業別(MOPS t05st03)=1|融資券(MI_MARGN)=1|借券(TWT93U)=1|法人(T86)=1",835,inf,250.0,official_prepanel,1553.95,31.0,0.0,0.0,0,1,9.066,32.747,33.559,1933.0,0,未扣成本·事後欄位以 m_ 標示·非投資建議
SEL,4,2025-12-19,2025-12-22,4909,新復興,TPEx,R,R_core,fCD,R2@5,15,32,漏網,368,-2.455423,,atr14=0.911|n_lu_250=0.766|r20=0.880|c_ma120=0.095|vr20=0.828|days_since_lu=0.035|dt_ratio20=NaN|lend_to_v=0.355|rev_yoy=0.005|o_turn=0.916|o_log_mcap=0.199|o_lu_follow=0.907,"官方日成交結構(MI_INDEX/dailyQuotes)=1|發行股數(MI_QFIIS/dailyQuotes)=1|外資持股(MI_QFIIS,僅上市)=0|自營商(T86/上櫃三大法人)=1|當沖(TWTB4U/上櫃intraday)=1|季財報(MOPS t163sb04)=1|月營收(MOPS/openapi)=1|官方產業別(MOPS t05st03)=1|融資券(MI_MARGN)=1|借券(TWT93U)=1|法人(T86)=1",835,inf,250.0,official_prepanel,2444.3,48.0,0.0,1.0,0,1,9.979,30.149,26.327,7063.0,0,未扣成本·事後欄位以 m_ 標示·非投資建議
SEL,4,2025-12-19,2025-12-22,6244,茂迪,TPEx,R,R_core,fCD,R2@5,21,32,漏網,115,-2.744132,,atr14=0.964|n_lu_250=0.648|r20=0.925|c_ma120=0.685|vr20=0.672|days_since_lu=0.035|dt_ratio20=NaN|lend_to_v=0.390|rev_yoy=0.176|o_turn=0.861|o_log_mcap=0.310|o_lu_follow=0.807,"官方日成交結構(MI_INDEX/dailyQuotes)=1|發行股數(MI_QFIIS/dailyQuotes)=1|外資持股(MI_QFIIS,僅上市)=0|自營商(T86/上櫃三大法人)=1|當沖(TWTB4U/上櫃intraday)=1|季財報(MOPS t163sb04)=1|月營收(MOPS/openapi)=1|官方產業別(MOPS t05st03)=1|融資券(MI_MARGN)=1|借券(TWT93U)=1|法人(T86)=1",835,inf,250.0,official_prepanel,8568.65,171.0,0.0,2.0,0,1,9.61,11.948,4.416,16031.0,0,未扣成本·事後欄位以 m_ 標示·非投資建議
SEL,4,2025-12-24,2025-12-26,5498,凱崴,TPEx,R,R_core,fCD,R2@5,12,26,漏網,5,-1.796351,,atr14=0.954|n_lu_250=0.987|r20=0.992|c_ma120=0.992|vr20=0.827|days_since_lu=0.023|dt_ratio20=NaN|lend_to_v=0.031|rev_yoy=0.843|o_turn=0.992|o_log_mcap=0.341|o_lu_follow=0.827,"官方日成交結構(MI_INDEX/dailyQuotes)=1|發行股數(MI_QFIIS/dailyQuotes)=1|外資持股(MI_QFIIS,僅上市)=0|自營商(T86/上櫃三大法人)=1|當沖(TWTB4U/上櫃intraday)=1|季財報(MOPS t163sb04)=1|月營收(MOPS/openapi)=1|官方產業別(MOPS t05st03)=1|融資券(MI_MARGN)=1|借券(TWT93U)=1|法人(T86)=1",838,inf,250.0,official_prepanel,37164.75,743.0,0.0,3.0,0,1,8.645,23.832,19.626,56529.0,0,未扣成本·事後欄位以 m_ 標示·非投資建議
HC,1,2026-01-02,2026-01-05,3481,群創,TWSE,R,R_core,fCD,R2@5,23,27,漏網,170,-2.698334,,atr14=0.796|n_lu_250=0.457|r20=0.948|c_ma120=0.922|vr20=0.985|days_since_lu=0.011|dt_ratio20=0.873|lend_to_v=0.446|rev_yoy=0.277|o_turn=0.972|o_log_mcap=0.896|o_lu_follow=0.922,"官方日成交結構(MI_INDEX/dailyQuotes)=1|發行股數(MI_QFIIS/dailyQuotes)=1|外資持股(MI_QFIIS,僅上市)=1|自營商(T86/上櫃三大法人)=1|當沖(TWTB4U/上櫃intraday)=1|季財報(MOPS t163sb04)=1|月營收(MOPS/openapi)=1|官方產業別(MOPS t05st03)=1|融資券(MI_MARGN)=1|借券(TWT93U)=1|法人(T86)=1",843,inf,250.0,official_prepanel,199397.95,3987.0,0.0,2.0,0,1,5.851,6.383,41.489,536713.0,0,未扣成本·事後欄位以 m_ 標示·非投資建議
HC,1,2026-01-06,2026-01-07,2025,千興,TWSE,R,R_core,fCD,R2@5,28,40,漏網,276,-2.404374,,atr14=0.599|n_lu_250=0.826|r20=0.790|c_ma120=0.469|vr20=0.720|days_since_lu=0.030|dt_ratio20=NaN|lend_to_v=0.011|rev_yoy=0.057|o_turn=0.208|o_log_mcap=0.045|o_lu_follow=0.658,"官方日成交結構(MI_INDEX/dailyQuotes)=1|發行股數(MI_QFIIS/dailyQuotes)=1|外資持股(MI_QFIIS,僅上市)=1|自營商(T86/上櫃三大法人)=1|當沖(TWTB4U/上櫃intraday)=0|季財報(MOPS t163sb04)=1|月營收(MOPS/openapi)=1|官方產業別(MOPS t05st03)=1|融資券(MI_MARGN)=1|借券(TWT93U)=1|法人(T86)=1",845,inf,250.0,official_prepanel,324.4,6.0,0.0,0.0,0,1,8.756,11.982,23.502,1183.0,0,未扣成本·事後欄位以 m_ 標示·非投資建議
HC,1,2026-01-09,2026-01-12,6265,方土昶,TPEx,R,R_core,fCD,R2@5,11,46,漏網,2,-1.670813,,atr14=0.990|n_lu_250=0.980|r20=0.999|c_ma120=0.999|vr20=0.080|days_since_lu=0.100|dt_ratio20=NaN|lend_to_v=0.031|rev_yoy=0.945|o_turn=0.923|o_log_mcap=0.195|o_lu_follow=0.981,"官方日成交結構(MI_INDEX/dailyQuotes)=1|發行股數(MI_QFIIS/dailyQuotes)=1|外資持股(MI_QFIIS,僅上市)=0|自營商(T86/上櫃三大法人)=1|當沖(TWTB4U/上櫃intraday)=0|季財報(MOPS t163sb04)=1|月營收(MOPS/openapi)=1|官方產業別(MOPS t05st03)=1|融資券(MI_MARGN)=1|借券(TWT93U)=1|法人(T86)=1",848,inf,250.0,official_prepanel,16388.1,163.0,1.0,4.0,1,0,0.0,26.219,27.009,2248.0,1,未扣成本·事後欄位以 m_ 標示·非投資建議
HC,1,2026-01-13,2026-01-14,1721,國慶科技,TWSE,R,R_core,fCD,R2@5,25,55,漏網,80,-1.696574,,atr14=1.000|n_lu_250=0.698|r20=0.982|c_ma120=0.852|vr20=0.147|days_since_lu=0.150|dt_ratio20=NaN|lend_to_v=0.027|rev_yoy=0.626|o_turn=0.693|o_log_mcap=0.105|o_lu_follow=0.716,"官方日成交結構(MI_INDEX/dailyQuotes)=1|發行股數(MI_QFIIS/dailyQuotes)=1|外資持股(MI_QFIIS,僅上市)=1|自營商(T86/上櫃三大法人)=1|當沖(TWTB4U/上櫃intraday)=0|季財報(MOPS t163sb04)=1|月營收(MOPS/openapi)=1|官方產業別(MOPS t05st03)=1|融資券(MI_MARGN)=1|借券(TWT93U)=1|法人(T86)=1",850,inf,250.0,official_prepanel,4703.7,94.0,0.0,0.0,0,1,3.963,27.134,19.207,4832.0,0,未扣成本·事後欄位以 m_ 標示·非投資建議
HC,1,2026-01-13,2026-01-14,5498,凱崴,TPEx,R,R_core,fCD,R2@5,26,55,漏網,1,-1.736901,,atr14=0.949|n_lu_250=0.994|r20=1.000|c_ma120=0.998|vr20=0.011|days_since_lu=0.158|dt_ratio20=NaN|lend_to_v=0.027|rev_yoy=0.847|o_turn=0.868|o_log_mcap=0.432|o_lu_follow=0.895,"官方日成交結構(MI_INDEX/dailyQuotes)=1|發行股數(MI_QFIIS/dailyQuotes)=1|外資持股(MI_QFIIS,僅上市)=0|自營商(T86/上櫃三大法人)=1|當沖(TWTB4U/上櫃intraday)=0|季財報(MOPS t163sb04)=1|月營收(MOPS/openapi)=1|官方產業別(MOPS t05st03)=1|融資券(MI_MARGN)=1|借券(TWT93U)=1|法人(T86)=1",850,inf,250.0,official_prepanel,40190.5,401.0,1.0,0.0,0,1,5.035,19.965,16.84,6934.0,1,未扣成本·事後欄位以 m_ 標示·非投資建議
HC,1,2026-01-13,2026-01-14,6155,鈞寶,TWSE,R,R_core,fCD,R2@5,14,55,漏網,23,-1.273278,,atr14=0.974|n_lu_250=0.924|r20=0.914|c_ma120=0.979|vr20=0.279|days_since_lu=0.109|dt_ratio20=0.976|lend_to_v=0.032|rev_yoy=0.694|o_turn=0.932|o_log_mcap=0.218|o_lu_follow=0.985,"官方日成交結構(MI_INDEX/dailyQuotes)=1|發行股數(MI_QFIIS/dailyQuotes)=1|外資持股(MI_QFIIS,僅上市)=1|自營商(T86/上櫃三大法人)=1|當沖(TWTB4U/上櫃intraday)=1|季財報(MOPS t163sb04)=1|月營收(MOPS/openapi)=1|官方產業別(MOPS t05st03)=1|融資券(MI_MARGN)=1|借券(TWT93U)=1|法人(T86)=1",850,inf,250.0,official_prepanel,7721.0,154.0,0.0,1.0,0,1,4.744,15.18,9.677,7855.0,0,未扣成本·事後欄位以 m_ 標示·非投資建議
HC,1,2026-01-15,2026-01-16,4973,廣穎,TPEx,R,R_core,fCD,R2@5,15,57,漏網,29,-1.352679,,atr14=0.988|n_lu_250=0.857|r20=0.974|c_ma120=0.957|vr20=0.401|days_since_lu=0.101|dt_ratio20=NaN|lend_to_v=0.065|rev_yoy=0.254|o_turn=0.955|o_log_mcap=0.129|o_lu_follow=0.650,"官方日成交結構(MI_INDEX/dailyQuotes)=1|發行股數(MI_QFIIS/dailyQuotes)=1|外資持股(MI_QFIIS,僅上市)=0|自營商(T86/上櫃三大法人)=1|當沖(TWTB4U/上櫃intraday)=1|季財報(MOPS t163sb04)=1|月營收(MOPS/openapi)=1|官方產業別(MOPS t05st03)=1|融資券(MI_MARGN)=1|借券(TWT93U)=1|法人(T86)=1",852,inf,250.0,official_prepanel,7133.35,142.0,0.0,1.0,0,1,8.163,6.122,4.082,12942.0,0,未扣成本·事後欄位以 m_ 標示·非投資建議
HC,1,2026-01-16,2026-01-19,5302,太欣,TPEx,R,R_core,fCD,R2@5,14,63,漏網,67,-1.434144,,atr14=0.934|n_lu_250=0.882|r20=0.919|c_ma120=0.851|vr20=0.744|days_since_lu=0.075|dt_ratio20=NaN|lend_to_v=0.013|rev_yoy=0.952|o_turn=0.655|o_log_mcap=0.039|o_lu_follow=0.975,"官方日成交結構(MI_INDEX/dailyQuotes)=1|發行股數(MI_QFIIS/dailyQuotes)=1|外資持股(MI_QFIIS,僅上市)=0|自營商(T86/上櫃三大法人)=1|當沖(TWTB4U/上櫃intraday)=0|季財報(MOPS t163sb04)=1|月營收(MOPS/openapi)=1|官方產業別(MOPS t05st03)=1|融資券(MI_MARGN)=1|借券(TWT93U)=1|法人(T86)=1",853,inf,250.0,official_prepanel,1272.6,25.0,0.0,2.0,0,1,9.821,7.143,2.679,2382.0,0,未扣成本·事後欄位以 m_ 標示·非投資建議
HC,1,2026-01-19,2026-01-20,8074,鉅橡,TPEx,R,R_core,fCD,R2@5,14,54,漏網,8,-1.391859,,atr14=0.976|n_lu_250=0.938|r20=0.981|c_ma120=0.983|vr20=0.235|days_since_lu=0.109|dt_ratio20=NaN|lend_to_v=0.043|rev_yoy=0.596|o_turn=0.994|o_log_mcap=0.252|o_lu_follow=0.419,"官方日成交結構(MI_INDEX/dailyQuotes)=1|發行股數(MI_QFIIS/dailyQuotes)=1|外資持股(MI_QFIIS,僅上市)=0|自營商(T86/上櫃三大法人)=1|當沖(TWTB4U/上櫃intraday)=1|季財報(MOPS t163sb04)=1|月營收(MOPS/openapi)=1|官方產業別(MOPS t05st03)=1|融資券(MI_MARGN)=1|借券(TWT93U)=1|法人(T86)=1",854,inf,250.0,official_prepanel,20758.15,415.0,0.0,1.0,0,1,4.8,2.88,-5.44,7309.0,0,未扣成本·事後欄位以 m_ 標示·非投資建議
HC,1,2026-01-20,2026-01-21,4533,協易機,TPEx,R,R_core,fCD,R2@5,35,68,漏網,153,-2.450006,,atr14=0.770|n_lu_250=0.643|r20=0.953|c_ma120=0.885|vr20=0.745|days_since_lu=0.030|dt_ratio20=NaN|lend_to_v=0.221|rev_yoy=0.763|o_turn=0.879|o_log_mcap=0.246|o_lu_follow=0.956,"官方日成交結構(MI_INDEX/dailyQuotes)=1|發行股數(MI_QFIIS/dailyQuotes)=1|外資持股(MI_QFIIS,僅上市)=0|自營商(T86/上櫃三大法人)=1|當沖(TWTB4U/上櫃intraday)=1|季財報(MOPS t163sb04)=1|月營收(MOPS/openapi)=1|官方產業別(MOPS t05st03)=1|融資券(MI_MARGN)=1|借券(TWT93U)=1|法人(T86)=1",855,inf,250.0,official_prepanel,4104.55,82.0,0.0,2.0,0,1,9.354,29.252,22.109,10622.0,0,未扣成本·事後欄位以 m_ 標示·非投資建議
HC,1,2026-01-21,2026-01-22,6285,啟碁,TWSE,R,R_core,fCD,R2@5,44,75,漏網,203,-2.415611,,atr14=0.749|n_lu_250=0.641|r20=0.924|c_ma120=0.746|vr20=0.963|days_since_lu=0.013|dt_ratio20=0.701|lend_to_v=0.476|rev_yoy=0.370|o_turn=0.945|o_log_mcap=0.837|o_lu_follow=0.806,"官方日成交結構(MI_INDEX/dailyQuotes)=1|發行股數(MI_QFIIS/dailyQuotes)=1|外資持股(MI_QFIIS,僅上市)=1|自營商(T86/上櫃三大法人)=1|當沖(TWTB4U/上櫃intraday)=1|季財報(MOPS t163sb04)=1|月營收(MOPS/openapi)=1|官方產業別(MOPS t05st03)=1|融資券(MI_MARGN)=1|借券(TWT93U)=1|法人(T86)=1",856,inf,250.0,official_prepanel,10500.2,210.0,0.0,0.0,1,0,0.0,18.44,47.163,22105.0,0,未扣成本·事後欄位以 m_ 標示·非投資建議
HC,1,2026-01-22,2026-01-23,4534,慶騰,TPEx,R,R_core,fCD,R2@5,22,71,漏網,94,-2.013503,,atr14=0.790|n_lu_250=0.911|r20=0.946|c_ma120=0.827|vr20=0.842|days_since_lu=0.045|dt_ratio20=NaN|lend_to_v=0.016|rev_yoy=0.707|o_turn=0.724|o_log_mcap=0.040|o_lu_follow=0.784,"官方日成交結構(MI_INDEX/dailyQuotes)=1|發行股數(MI_QFIIS/dailyQuotes)=1|外資持股(MI_QFIIS,僅上市)=0|自營商(T86/上櫃三大法人)=1|當沖(TWTB4U/上櫃intraday)=0|季財報(MOPS t163sb04)=1|月營收(MOPS/openapi)=1|官方產業別(MOPS t05st03)=1|融資券(MI_MARGN)=1|借券(TWT93U)=1|法人(T86)=1",857,inf,250.0,official_prepanel,849.9,16.0,0.0,3.0,1,0,0.0,14.713,2.529,1714.0,0,未扣成本·事後欄位以 m_ 標示·非投資建議
HC,1,2026-01-22,2026-01-23,5291,邑昇,TPEx,R,R_core,fCD,R2@5,19,71,漏網,134,-1.954121,,atr14=0.997|n_lu_250=0.550|r20=0.943|c_ma120=0.894|vr20=0.105|days_since_lu=0.142|dt_ratio20=NaN|lend_to_v=0.040|rev_yoy=0.515|o_turn=0.734|o_log_mcap=0.021|o_lu_follow=0.983,"官方日成交結構(MI_INDEX/dailyQuotes)=1|發行股數(MI_QFIIS/dailyQuotes)=1|外資持股(MI_QFIIS,僅上市)=0|自營商(T86/上櫃三大法人)=1|當沖(TWTB4U/上櫃intraday)=1|季財報(MOPS t163sb04)=1|月營收(MOPS/openapi)=1|官方產業別(MOPS t05st03)=1|融資券(MI_MARGN)=1|借券(TWT93U)=1|法人(T86)=1",857,inf,250.0,official_prepanel,1569.85,31.0,0.0,0.0,0,1,8.475,4.52,4.52,2424.0,0,未扣成本·事後欄位以 m_ 標示·非投資建議
HC,1,2026-01-29,2026-01-30,3049,精金,TWSE,R,R_relax,fP10|fCD,R2@5,25,79,漏網,51,-2.168592,,atr14=0.996|n_lu_250=0.857|r20=0.966|c_ma120=0.839|vr20=0.302|days_since_lu=0.093|dt_ratio20=NaN|lend_to_v=0.016|rev_yoy=0.613|o_turn=0.630|o_log_mcap=0.341|o_lu_follow=0.932,"官方日成交結構(MI_INDEX/dailyQuotes)=1|發行股數(MI_QFIIS/dailyQuotes)=1|外資持股(MI_QFIIS,僅上市)=1|自營商(T86/上櫃三大法人)=1|當沖(TWTB4U/上櫃intraday)=0|季財報(MOPS t163sb04)=1|月營收(MOPS/openapi)=1|官方產業別(MOPS t05st03)=1|融資券(MI_MARGN)=1|借券(TWT93U)=1|法人(T86)=1",862,inf,250.0,official_prepanel,13871.1,277.0,0.0,2.0,0,1,9.953,10.308,13.744,11965.0,0,未扣成本·事後欄位以 m_ 標示·非投資建議
HC,1,2026-02-02,2026-02-03,2367,燿華,TWSE,R,R_core,fCD,R2@5,27,71,漏網,42,-2.484138,,atr14=0.925|n_lu_250=0.758|r20=0.998|c_ma120=0.986|vr20=0.803|days_since_lu=0.062|dt_ratio20=0.987|lend_to_v=0.150|rev_yoy=0.175|o_turn=0.998|o_log_mcap=0.756|o_lu_follow=0.659,"官方日成交結構(MI_INDEX/dailyQuotes)=1|發行股數(MI_QFIIS/dailyQuotes)=1|外資持股(MI_QFIIS,僅上市)=1|自營商(T86/上櫃三大法人)=1|當沖(TWTB4U/上櫃intraday)=1|季財報(MOPS t163sb04)=1|月營收(MOPS/openapi)=1|官方產業別(MOPS t05st03)=1|融資券(MI_MARGN)=1|借券(TWT93U)=1|法人(T86)=1",864,inf,250.0,official_prepanel,133665.55,2673.0,0.0,4.0,0,1,5.458,4.288,14.425,148901.0,0,未扣成本·事後欄位以 m_ 標示·非投資建議
HC,1,2026-02-02,2026-02-03,5475,德宏,TPEx,R,R_core,fCD,R2@5,14,71,漏網,12,-2.006312,,atr14=0.907|n_lu_250=0.999|r20=0.960|c_ma120=0.985|vr20=0.264|days_since_lu=0.153|dt_ratio20=NaN|lend_to_v=0.016|rev_yoy=0.878|o_turn=0.818|o_log_mcap=0.588|o_lu_follow=0.976,"官方日成交結構(MI_INDEX/dailyQuotes)=1|發行股數(MI_QFIIS/dailyQuotes)=1|外資持股(MI_QFIIS,僅上市)=0|自營商(T86/上櫃三大法人)=1|當沖(TWTB4U/上櫃intraday)=0|季財報(MOPS t163sb04)=1|月營收(MOPS/openapi)=1|官方產業別(MOPS t05st03)=1|融資券(MI_MARGN)=1|借券(TWT93U)=1|法人(T86)=1",864,inf,250.0,official_prepanel,4496.6,44.0,1.0,0.0,0,1,4.237,19.492,83.051,3125.0,1,未扣成本·事後欄位以 m_ 標示·非投資建議
HC,1,2026-02-03,2026-02-04,3234,光環,TPEx,R,R_core,fCD,R2@5,16,56,漏網,21,-1.910451,,atr14=0.952|n_lu_250=0.930|r20=0.936|c_ma120=0.950|vr20=0.589|days_since_lu=0.048|dt_ratio20=NaN|lend_to_v=0.015|rev_yoy=0.684|o_turn=0.886|o_log_mcap=0.324|o_lu_follow=0.684,"官方日成交結構(MI_INDEX/dailyQuotes)=1|發行股數(MI_QFIIS/dailyQuotes)=1|外資持股(MI_QFIIS,僅上市)=0|自營商(T86/上櫃三大法人)=1|當沖(TWTB4U/上櫃intraday)=0|季財報(MOPS t163sb04)=1|月營收(MOPS/openapi)=1|官方產業別(MOPS t05st03)=1|融資券(MI_MARGN)=1|借券(TWT93U)=1|法人(T86)=1",865,inf,250.0,official_prepanel,4483.05,89.0,0.0,1.0,0,1,9.982,37.931,74.229,3123.0,0,未扣成本·事後欄位以 m_ 標示·非投資建議
HC,1,2026-02-05,2026-02-06,5386,青雲,TPEx,R,R_core,fCD,R2@5,13,56,漏網,118,-1.799121,,atr14=0.747|n_lu_250=0.622|r20=0.983|c_ma120=0.969|vr20=0.933|days_since_lu=0.036|dt_ratio20=NaN|lend_to_v=0.104|rev_yoy=0.896|o_turn=0.984|o_log_mcap=0.218|o_lu_follow=0.951,"官方日成交結構(MI_INDEX/dailyQuotes)=1|發行股數(MI_QFIIS/dailyQuotes)=1|外資持股(MI_QFIIS,僅上市)=0|自營商(T86/上櫃三大法人)=1|當沖(TWTB4U/上櫃intraday)=1|季財報(MOPS t163sb04)=1|月營收(MOPS/openapi)=1|官方產業別(MOPS t05st03)=1|融資券(MI_MARGN)=1|借券(TWT93U)=1|法人(T86)=1",867,inf,250.0,official_prepanel,2612.5,52.0,0.0,2.0,1,0,0.0,42.857,63.265,6363.0,0,未扣成本·事後欄位以 m_ 標示·非投資建議
HC,1,2026-02-09,2026-02-10,6291,沛亨,TPEx,R,R_core,fCD,R2@5,24,51,漏網,21,-2.288583,,atr14=0.914|n_lu_250=0.984|r20=0.970|c_ma120=0.950|vr20=0.968|days_since_lu=0.072|dt_ratio20=NaN|lend_to_v=0.110|rev_yoy=0.866|o_turn=0.955|o_log_mcap=0.459|o_lu_follow=0.922,"官方日成交結構(MI_INDEX/dailyQuotes)=1|發行股數(MI_QFIIS/dailyQuotes)=1|外資持股(MI_QFIIS,僅上市)=0|自營商(T86/上櫃三大法人)=1|當沖(TWTB4U/上櫃intraday)=1|季財報(MOPS t163sb04)=1|月營收(MOPS/openapi)=1|官方產業別(MOPS t05st03)=1|融資券(MI_MARGN)=1|借券(TWT93U)=1|法人(T86)=1",869,inf,250.0,official_prepanel,1045.6,20.0,0.0,0.0,0,1,4.357,12.241,12.656,1514.0,0,未扣成本·事後欄位以 m_ 標示·非投資建議
HC,1,2026-02-09,2026-02-10,6716,應廣,TPEx,R,R_core,fCD,R2@5,12,51,漏網,76,-1.594656,,atr14=0.894|n_lu_250=0.697|r20=0.979|c_ma120=0.897|vr20=0.987|days_since_lu=0.121|dt_ratio20=NaN|lend_to_v=0.162|rev_yoy=0.220|o_turn=0.929|o_log_mcap=0.056|o_lu_follow=0.699,"官方日成交結構(MI_INDEX/dailyQuotes)=1|發行股數(MI_QFIIS/dailyQuotes)=1|外資持股(MI_QFIIS,僅上市)=0|自營商(T86/上櫃三大法人)=1|當沖(TWTB4U/上櫃intraday)=1|季財報(MOPS t163sb04)=1|月營收(MOPS/openapi)=1|官方產業別(MOPS t05st03)=1|融資券(MI_MARGN)=1|借券(TWT93U)=1|法人(T86)=1",869,inf,250.0,official_prepanel,382.85,7.0,0.0,1.0,0,1,7.419,48.71,34.194,1674.0,0,未扣成本·事後欄位以 m_ 標示·非投資建議
HC,1,2026-02-10,2026-02-11,3529,力旺,TPEx,R,R_core,fCD,R2@5,40,46,漏網,296,-4.099448,,atr14=0.881|n_lu_250=0.842|r20=0.832|c_ma120=0.178|vr20=0.801|days_since_lu=0.106|dt_ratio20=NaN|lend_to_v=0.574|rev_yoy=0.057|o_turn=0.870|o_log_mcap=0.903|o_lu_follow=0.804,"官方日成交結構(MI_INDEX/dailyQuotes)=1|發行股數(MI_QFIIS/dailyQuotes)=1|外資持股(MI_QFIIS,僅上市)=0|自營商(T86/上櫃三大法人)=1|當沖(TWTB4U/上櫃intraday)=1|季財報(MOPS t163sb04)=1|月營收(MOPS/openapi)=1|官方產業別(MOPS t05st03)=1|融資券(MI_MARGN)=1|借券(TWT93U)=1|法人(T86)=1",870,inf,250.0,official_prepanel,1561.95,31.0,0.0,1.0,0,1,9.066,39.011,31.319,2245.0,0,未扣成本·事後欄位以 m_ 標示·非投資建議
HC,1,2026-02-10,2026-02-11,5386,青雲,TPEx,R,R_core,fCD,R2@5,9,46,漏網,75,-1.717719,,atr14=0.734|n_lu_250=0.751|r20=0.999|c_ma120=0.998|vr20=0.988|days_since_lu=0.012|dt_ratio20=NaN|lend_to_v=0.067|rev_yoy=0.897|o_turn=1.000|o_log_mcap=0.296|o_lu_follow=0.972,"官方日成交結構(MI_INDEX/dailyQuotes)=1|發行股數(MI_QFIIS/dailyQuotes)=1|外資持股(MI_QFIIS,僅上市)=0|自營商(T86/上櫃三大法人)=1|當沖(TWTB4U/上櫃intraday)=1|季財報(MOPS t163sb04)=1|月營收(MOPS/openapi)=1|官方產業別(MOPS t05st03)=1|融資券(MI_MARGN)=1|借券(TWT93U)=1|法人(T86)=1",870,inf,250.0,official_prepanel,4102.15,82.0,0.0,4.0,0,1,11.538,49.65,81.818,1961.0,1,未扣成本·事後欄位以 m_ 標示·非投資建議
HC,1,2026-02-10,2026-02-11,5475,德宏,TPEx,R,R_core,fCD,R2@5,10,46,漏網,4,-1.765943,,atr14=0.907|n_lu_250=0.999|r20=0.999|c_ma120=0.999|vr20=0.783|days_since_lu=0.049|dt_ratio20=NaN|lend_to_v=0.017|rev_yoy=0.882|o_turn=0.919|o_log_mcap=0.646|o_lu_follow=0.992,"官方日成交結構(MI_INDEX/dailyQuotes)=1|發行股數(MI_QFIIS/dailyQuotes)=1|外資持股(MI_QFIIS,僅上市)=0|自營商(T86/上櫃三大法人)=1|當沖(TWTB4U/上櫃intraday)=0|季財報(MOPS t163sb04)=1|月營收(MOPS/openapi)=1|官方產業別(MOPS t05st03)=1|融資券(MI_MARGN)=1|借券(TWT93U)=1|法人(T86)=1",870,inf,250.0,official_prepanel,4521.35,90.0,0.0,1.0,0,1,9.764,43.098,37.71,5534.0,0,未扣成本·事後欄位以 m_ 標示·非投資建議
HC,1,2026-02-11,2026-02-23,3163,波若威,TPEx,R,R_core,fCD,R2@5,18,37,漏網,20,-2.544716,,atr14=0.814|n_lu_250=0.946|r20=0.996|c_ma120=0.998|vr20=0.116|days_since_lu=0.026|dt_ratio20=NaN|lend_to_v=0.065|rev_yoy=0.796|o_turn=0.859|o_log_mcap=0.807|o_lu_follow=0.636,"官方日成交結構(MI_INDEX/dailyQuotes)=1|發行股數(MI_QFIIS/dailyQuotes)=1|外資持股(MI_QFIIS,僅上市)=0|自營商(T86/上櫃三大法人)=1|當沖(TWTB4U/上櫃intraday)=0|季財報(MOPS t163sb04)=1|月營收(MOPS/openapi)=1|官方產業別(MOPS t05st03)=1|融資券(MI_MARGN)=1|借券(TWT93U)=1|法人(T86)=1",871,inf,250.0,official_prepanel,5769.35,57.0,1.0,2.0,0,1,1.094,26.25,1.719,1014.0,1,未扣成本·事後欄位以 m_ 標示·非投資建議
HC,1,2026-02-11,2026-02-23,3576,聯合再生,TWSE,R,R_core,fCD,R2@5,9,37,漏網,7,-1.912768,,atr14=0.941|n_lu_250=0.946|r20=0.985|c_ma120=0.998|vr20=0.856|days_since_lu=0.046|dt_ratio20=NaN|lend_to_v=0.019|rev_yoy=0.031|o_turn=0.915|o_log_mcap=0.690|o_lu_follow=0.938,"官方日成交結構(MI_INDEX/dailyQuotes)=1|發行股數(MI_QFIIS/dailyQuotes)=1|外資持股(MI_QFIIS,僅上市)=1|自營商(T86/上櫃三大法人)=1|當沖(TWTB4U/上櫃intraday)=0|季財報(MOPS t163sb04)=1|月營收(MOPS/openapi)=1|官方產業別(MOPS t05st03)=1|融資券(MI_MARGN)=1|借券(TWT93U)=1|法人(T86)=1",871,inf,250.0,official_prepanel,37208.6,744.0,0.0,2.0,0,1,9.901,60.396,33.993,47088.0,0,未扣成本·事後欄位以 m_ 標示·非投資建議
HC,1,2026-02-11,2026-02-23,6244,茂迪,TPEx,R,R_core,fCD,R2@5,14,37,漏網,42,-2.376525,,atr14=0.951|n_lu_250=0.896|r20=0.871|c_ma120=0.941|vr20=0.683|days_since_lu=0.046|dt_ratio20=NaN|lend_to_v=0.351|rev_yoy=0.303|o_turn=0.963|o_log_mcap=0.466|o_lu_follow=0.941,"官方日成交結構(MI_INDEX/dailyQuotes)=1|發行股數(MI_QFIIS/dailyQuotes)=1|外資持股(MI_QFIIS,僅上市)=0|自營商(T86/上櫃三大法人)=1|當沖(TWTB4U/上櫃intraday)=1|季財報(MOPS t163sb04)=1|月營收(MOPS/openapi)=1|官方產業別(MOPS t05st03)=1|融資券(MI_MARGN)=1|借券(TWT93U)=1|法人(T86)=1",871,inf,250.0,official_prepanel,21896.0,437.0,0.0,1.0,0,1,8.721,40.698,19.961,39821.0,0,未扣成本·事後欄位以 m_ 標示·非投資建議
HC,1,2026-02-11,2026-02-23,6451,訊芯-KY,TWSE,R,R_core,fCD,R2@5,31,37,漏網,112,-3.607356,,atr14=0.967|n_lu_250=0.679|r20=0.889|c_ma120=0.687|vr20=0.699|days_since_lu=0.064|dt_ratio20=0.901|lend_to_v=0.267|rev_yoy=0.482|o_turn=0.926|o_log_mcap=0.635|o_lu_follow=0.689,"官方日成交結構(MI_INDEX/dailyQuotes)=1|發行股數(MI_QFIIS/dailyQuotes)=1|外資持股(MI_QFIIS,僅上市)=1|自營商(T86/上櫃三大法人)=1|當沖(TWTB4U/上櫃intraday)=1|季財報(MOPS t163sb04)=1|月營收(MOPS/openapi)=1|官方產業別(MOPS t05st03)=1|融資券(MI_MARGN)=1|借券(TWT93U)=1|法人(T86)=1",871,inf,250.0,official_prepanel,3827.3,76.0,0.0,1.0,0,1,7.988,21.006,1.183,2800.0,0,未扣成本·事後欄位以 m_ 標示·非投資建議
HC,1,2026-02-23,2026-02-24,3308,聯德,TWSE,R,R_core,fCD,R2@5,19,29,漏網,223,-2.384435,,atr14=0.972|n_lu_250=0.818|r20=0.252|c_ma120=0.878|vr20=0.330|days_since_lu=0.028|dt_ratio20=0.419|lend_to_v=0.122|rev_yoy=0.219|o_turn=0.419|o_log_mcap=0.026|o_lu_follow=0.948,"官方日成交結構(MI_INDEX/dailyQuotes)=1|發行股數(MI_QFIIS/dailyQuotes)=1|外資持股(MI_QFIIS,僅上市)=1|自營商(T86/上櫃三大法人)=1|當沖(TWTB4U/上櫃intraday)=1|季財報(MOPS t163sb04)=1|月營收(MOPS/openapi)=1|官方產業別(MOPS t05st03)=1|融資券(MI_MARGN)=1|借券(TWT93U)=1|法人(T86)=1",872,inf,250.0,official_prepanel,494.85,9.0,0.0,0.0,0,1,8.837,10.93,6.047,412.0,0,未扣成本·事後欄位以 m_ 標示·非投資建議
HC,1,2026-02-24,2026-02-25,6830,汎銓,TWSE,R,R_core,fCD,R2@5,10,24,漏網,62,-2.316536,,atr14=0.914|n_lu_250=0.694|r20=0.970|c_ma120=0.938|vr20=0.922|days_since_lu=0.056|dt_ratio20=0.879|lend_to_v=0.135|rev_yoy=0.613|o_turn=0.985|o_log_mcap=0.523|o_lu_follow=0.696,"官方日成交結構(MI_INDEX/dailyQuotes)=1|發行股數(MI_QFIIS/dailyQuotes)=1|外資持股(MI_QFIIS,僅上市)=1|自營商(T86/上櫃三大法人)=1|當沖(TWTB4U/上櫃intraday)=1|季財報(MOPS t163sb04)=1|月營收(MOPS/openapi)=1|官方產業別(MOPS t05st03)=1|融資券(MI_MARGN)=1|借券(TWT93U)=1|法人(T86)=1",841,841.0,250.0,official,2806.7,56.0,0.0,1.0,0,1,3.8,31.6,57.2,2838.0,0,未扣成本·事後欄位以 m_ 標示·非投資建議
HC,1,2026-02-25,2026-02-26,2367,燿華,TWSE,R,R_core,fCD,R2@5,22,43,漏網,16,-2.154398,,atr14=0.993|n_lu_250=0.881|r20=0.992|c_ma120=0.990|vr20=0.865|days_since_lu=0.007|dt_ratio20=0.995|lend_to_v=0.115|rev_yoy=0.351|o_turn=1.000|o_log_mcap=0.776|o_lu_follow=0.798,"官方日成交結構(MI_INDEX/dailyQuotes)=1|發行股數(MI_QFIIS/dailyQuotes)=1|外資持股(MI_QFIIS,僅上市)=1|自營商(T86/上櫃三大法人)=1|當沖(TWTB4U/上櫃intraday)=1|季財報(MOPS t163sb04)=1|月營收(MOPS/openapi)=1|官方產業別(MOPS t05st03)=1|融資券(MI_MARGN)=1|借券(TWT93U)=1|法人(T86)=1",874,inf,250.0,official_prepanel,148074.7,2961.0,0.0,3.0,0,1,8.403,17.479,22.689,151157.0,0,未扣成本·事後欄位以 m_ 標示·非投資建議
HC,1,2026-02-25,2026-02-26,3049,精金,TWSE,R,R_relax,fP10|fCD,R2@5,36,43,漏網,43,-2.810293,,atr14=0.949|n_lu_250=0.905|r20=0.898|c_ma120=0.921|vr20=0.097|days_since_lu=0.123|dt_ratio20=NaN|lend_to_v=0.018|rev_yoy=0.804|o_turn=0.501|o_log_mcap=0.371|o_lu_follow=0.953,"官方日成交結構(MI_INDEX/dailyQuotes)=1|發行股數(MI_QFIIS/dailyQuotes)=1|外資持股(MI_QFIIS,僅上市)=1|自營商(T86/上櫃三大法人)=1|當沖(TWTB4U/上櫃intraday)=0|季財報(MOPS t163sb04)=1|月營收(MOPS/openapi)=1|官方產業別(MOPS t05st03)=1|融資券(MI_MARGN)=1|借券(TWT93U)=1|法人(T86)=1",874,inf,250.0,official_prepanel,13337.15,266.0,0.0,0.0,0,1,8.333,40.625,35.417,16557.0,0,未扣成本·事後欄位以 m_ 標示·非投資建議
HC,1,2026-02-25,2026-02-26,3138,耀登,TWSE,R,R_core,fCD,R2@5,8,43,漏網,53,-1.522538,,atr14=0.997|n_lu_250=0.820|r20=0.839|c_ma120=0.975|vr20=0.848|days_since_lu=0.098|dt_ratio20=NaN|lend_to_v=0.095|rev_yoy=0.428|o_turn=0.989|o_log_mcap=0.424|o_lu_follow=0.955,"官方日成交結構(MI_INDEX/dailyQuotes)=1|發行股數(MI_QFIIS/dailyQuotes)=1|外資持股(MI_QFIIS,僅上市)=1|自營商(T86/上櫃三大法人)=1|當沖(TWTB4U/上櫃intraday)=1|季財報(MOPS t163sb04)=1|月營收(MOPS/openapi)=1|官方產業別(MOPS t05st03)=1|融資券(MI_MARGN)=1|借券(TWT93U)=1|法人(T86)=1",874,inf,250.0,official_prepanel,4482.7,89.0,0.0,1.0,0,1,10.615,1.955,3.352,7632.0,0,未扣成本·事後欄位以 m_ 標示·非投資建議
HC,1,2026-02-26,2026-03-02,3701,大眾控,TWSE,R,R_core,fCD,R2@5,20,52,漏網,98,-1.69884,,atr14=0.952|n_lu_250=0.909|r20=0.628|c_ma120=0.938|vr20=0.613|days_since_lu=0.027|dt_ratio20=0.938|lend_to_v=0.118|rev_yoy=0.083|o_turn=0.888|o_log_mcap=0.559|o_lu_follow=0.953,"官方日成交結構(MI_INDEX/dailyQuotes)=1|發行股數(MI_QFIIS/dailyQuotes)=1|外資持股(MI_QFIIS,僅上市)=1|自營商(T86/上櫃三大法人)=1|當沖(TWTB4U/上櫃intraday)=1|季財報(MOPS t163sb04)=1|月營收(MOPS/openapi)=1|官方產業別(MOPS t05st03)=1|融資券(MI_MARGN)=1|借券(TWT93U)=1|法人(T86)=1",875,inf,250.0,official_prepanel,7060.65,141.0,0.0,0.0,0,1,13.908,2.641,10.387,17069.0,0,未扣成本·事後欄位以 m_ 標示·非投資建議
HC,1,2026-03-04,2026-03-05,5386,青雲,TPEx,R,R_core,fCD,R2@5,20,89,漏網,35,-1.515388,,atr14=0.927|n_lu_250=0.905|r20=1.000|c_ma120=1.000|vr20=0.004|days_since_lu=0.063|dt_ratio20=NaN|lend_to_v=0.051|rev_yoy=0.973|o_turn=0.886|o_log_mcap=0.384|o_lu_follow=1.000,"官方日成交結構(MI_INDEX/dailyQuotes)=1|發行股數(MI_QFIIS/dailyQuotes)=1|外資持股(MI_QFIIS,僅上市)=0|自營商(T86/上櫃三大法人)=1|當沖(TWTB4U/上櫃intraday)=0|季財報(MOPS t163sb04)=1|月營收(MOPS/openapi)=1|官方產業別(MOPS t05st03)=1|融資券(MI_MARGN)=1|借券(TWT93U)=1|法人(T86)=1",878,inf,250.0,official_prepanel,3996.35,39.0,1.0,4.0,1,0,0.0,34.884,76.321,218.0,1,未扣成本·事後欄位以 m_ 標示·非投資建議
HC,1,2026-03-04,2026-03-05,6217,中探針,TPEx,R,R_core,fCD,R2@5,51,89,漏網,26,-2.140056,,atr14=0.889|n_lu_250=0.987|r20=0.993|c_ma120=0.991|vr20=0.026|days_since_lu=0.021|dt_ratio20=NaN|lend_to_v=0.052|rev_yoy=0.823|o_turn=0.946|o_log_mcap=0.492|o_lu_follow=0.874,"官方日成交結構(MI_INDEX/dailyQuotes)=1|發行股數(MI_QFIIS/dailyQuotes)=1|外資持股(MI_QFIIS,僅上市)=0|自營商(T86/上櫃三大法人)=1|當沖(TWTB4U/上櫃intraday)=0|季財報(MOPS t163sb04)=1|月營收(MOPS/openapi)=1|官方產業別(MOPS t05st03)=1|融資券(MI_MARGN)=1|借券(TWT93U)=1|法人(T86)=1",878,inf,250.0,official_prepanel,14322.15,143.0,1.0,5.0,0,1,1.0,13.0,67.0,5724.0,1,未扣成本·事後欄位以 m_ 標示·非投資建議
HC,1,2026-03-04,2026-03-05,6830,汎銓,TWSE,R,R_core,fCD,R2@5,41,89,漏網,58,-1.831883,,atr14=0.913|n_lu_250=0.856|r20=1.000|c_ma120=0.995|vr20=0.911|days_since_lu=0.021|dt_ratio20=0.926|lend_to_v=0.099|rev_yoy=0.623|o_turn=0.995|o_log_mcap=0.626|o_lu_follow=0.942,"官方日成交結構(MI_INDEX/dailyQuotes)=1|發行股數(MI_QFIIS/dailyQuotes)=1|外資持股(MI_QFIIS,僅上市)=1|自營商(T86/上櫃三大法人)=1|當沖(TWTB4U/上櫃intraday)=1|季財報(MOPS t163sb04)=1|月營收(MOPS/openapi)=1|官方產業別(MOPS t05st03)=1|融資券(MI_MARGN)=1|借券(TWT93U)=1|法人(T86)=1",846,846.0,250.0,official,4149.55,82.0,0.0,2.0,0,1,7.91,17.313,14.776,2438.0,1,未扣成本·事後欄位以 m_ 標示·非投資建議
HC,1,2026-03-09,2026-03-10,2360,致茂,TWSE,R,R_core,fCD,R2@5,82,88,漏網,66,-3.959387,,atr14=0.943|n_lu_250=0.765|r20=0.979|c_ma120=0.985|vr20=0.473|days_since_lu=0.072|dt_ratio20=0.390|lend_to_v=0.294|rev_yoy=0.862|o_turn=0.516|o_log_mcap=0.976|o_lu_follow=0.679,"官方日成交結構(MI_INDEX/dailyQuotes)=1|發行股數(MI_QFIIS/dailyQuotes)=1|外資持股(MI_QFIIS,僅上市)=1|自營商(T86/上櫃三大法人)=1|當沖(TWTB4U/上櫃intraday)=0|季財報(MOPS t163sb04)=1|月營收(MOPS/openapi)=1|官方產業別(MOPS t05st03)=1|融資券(MI_MARGN)=1|借券(TWT93U)=1|法人(T86)=1",881,inf,250.0,official_prepanel,3330.85,33.0,1.0,2.0,0,1,3.422,10.266,15.589,2795.0,1,未扣成本·事後欄位以 m_ 標示·非投資建議
HC,1,2026-03-09,2026-03-10,6683,雍智科技,TPEx,R,R_core,fCD,R2@5,25,88,漏網,36,-1.931398,,atr14=0.938|n_lu_250=0.878|r20=1.000|c_ma120=0.998|vr20=0.964|days_since_lu=0.011|dt_ratio20=NaN|lend_to_v=0.145|rev_yoy=0.786|o_turn=0.996|o_log_mcap=0.697|o_lu_follow=0.923,"官方日成交結構(MI_INDEX/dailyQuotes)=1|發行股數(MI_QFIIS/dailyQuotes)=1|外資持股(MI_QFIIS,僅上市)=0|自營商(T86/上櫃三大法人)=1|當沖(TWTB4U/上櫃intraday)=1|季財報(MOPS t163sb04)=1|月營收(MOPS/openapi)=1|官方產業別(MOPS t05st03)=1|融資券(MI_MARGN)=1|借券(TWT93U)=1|法人(T86)=1",881,inf,250.0,official_prepanel,994.8,19.0,0.0,1.0,1,0,0.0,14.604,17.647,414.0,0,未扣成本·事後欄位以 m_ 標示·非投資建議
HC,1,2026-03-09,2026-03-10,6861,睿生光電,TWSE,R,R_core,fCD,R2@5,12,88,漏網,25,-1.533315,,atr14=0.917|n_lu_250=0.948|r20=1.000|c_ma120=0.999|vr20=0.095|days_since_lu=0.058|dt_ratio20=NaN|lend_to_v=0.052|rev_yoy=0.777|o_turn=0.777|o_log_mcap=0.300|o_lu_follow=0.992,"官方日成交結構(MI_INDEX/dailyQuotes)=1|發行股數(MI_QFIIS/dailyQuotes)=1|外資持股(MI_QFIIS,僅上市)=1|自營商(T86/上櫃三大法人)=1|當沖(TWTB4U/上櫃intraday)=0|季財報(MOPS t163sb04)=1|月營收(MOPS/openapi)=1|官方產業別(MOPS t05st03)=1|融資券(MI_MARGN)=1|借券(TWT93U)=1|法人(T86)=1",714,714.0,250.0,official,1479.65,14.0,1.0,5.0,0,1,0.337,5.387,-5.387,564.0,1,未扣成本·事後欄位以 m_ 標示·非投資建議
HC,1,2026-03-09,2026-03-10,7751,竑騰,TPEx,R,R_core,fCD,R2@5,64,88,漏網,13,-3.222477,,atr14=0.957|n_lu_250=0.920|r20=0.989|c_ma120=0.993|vr20=0.047|days_since_lu=0.037|dt_ratio20=NaN|lend_to_v=0.042|rev_yoy=0.871|o_turn=0.457|o_log_mcap=0.725|o_lu_follow=0.873,"官方日成交結構(MI_INDEX/dailyQuotes)=1|發行股數(MI_QFIIS/dailyQuotes)=1|外資持股(MI_QFIIS,僅上市)=0|自營商(T86/上櫃三大法人)=1|當沖(TWTB4U/上櫃intraday)=0|季財報(MOPS t163sb04)=1|月營收(MOPS/openapi)=1|官方產業別(MOPS t05st03)=1|融資券(MI_MARGN)=0|借券(TWT93U)=1|法人(T86)=1",126,126.0,126.0,official,518.95,5.0,1.0,1.0,1,0,0.0,18.143,31.224,180.0,1,未扣成本·事後欄位以 m_ 標示·非投資建議
HC,1,2026-03-09,2026-03-10,8039,台虹,TWSE,R,R_core,fCD,R2@5,40,88,漏網,77,-2.326118,,atr14=0.917|n_lu_250=0.852|r20=0.912|c_ma120=0.943|vr20=0.675|days_since_lu=0.072|dt_ratio20=0.988|lend_to_v=0.124|rev_yoy=0.531|o_turn=0.988|o_log_mcap=0.698|o_lu_follow=0.944,"官方日成交結構(MI_INDEX/dailyQuotes)=1|發行股數(MI_QFIIS/dailyQuotes)=1|外資持股(MI_QFIIS,僅上市)=1|自營商(T86/上櫃三大法人)=1|當沖(TWTB4U/上櫃intraday)=1|季財報(MOPS t163sb04)=1|月營收(MOPS/openapi)=1|官方產業別(MOPS t05st03)=1|融資券(MI_MARGN)=1|借券(TWT93U)=1|法人(T86)=1",881,inf,250.0,official_prepanel,15793.35,315.0,0.0,2.0,0,1,6.0,22.5,9.5,30438.0,0,未扣成本·事後欄位以 m_ 標示·非投資建議
HC,1,2026-03-10,2026-03-11,2426,鼎元,TWSE,R,R_core,fCD,R2@5,26,88,漏網,131,-1.629168,,atr14=0.597|n_lu_250=0.655|r20=0.994|c_ma120=0.981|vr20=1.000|days_since_lu=0.001|dt_ratio20=0.986|lend_to_v=0.256|rev_yoy=0.251|o_turn=0.999|o_log_mcap=0.358|o_lu_follow=0.966,"官方日成交結構(MI_INDEX/dailyQuotes)=1|發行股數(MI_QFIIS/dailyQuotes)=1|外資持股(MI_QFIIS,僅上市)=1|自營商(T86/上櫃三大法人)=1|當沖(TWTB4U/上櫃intraday)=1|季財報(MOPS t163sb04)=1|月營收(MOPS/openapi)=1|官方產業別(MOPS t05st03)=1|融資券(MI_MARGN)=1|借券(TWT93U)=1|法人(T86)=1",882,inf,250.0,official_prepanel,7055.3,141.0,0.0,1.0,0,1,6.238,39.13,24.575,13036.0,0,未扣成本·事後欄位以 m_ 標示·非投資建議
HC,1,2026-03-10,2026-03-11,2485,兆赫,TWSE,R,R_core,fCD,R2@5,12,88,漏網,5,-1.351842,,atr14=0.988|n_lu_250=0.986|r20=0.983|c_ma120=1.000|vr20=0.955|days_since_lu=0.011|dt_ratio20=0.998|lend_to_v=0.049|rev_yoy=0.938|o_turn=1.000|o_log_mcap=0.600|o_lu_follow=0.951,"官方日成交結構(MI_INDEX/dailyQuotes)=1|發行股數(MI_QFIIS/dailyQuotes)=1|外資持股(MI_QFIIS,僅上市)=1|自營商(T86/上櫃三大法人)=1|當沖(TWTB4U/上櫃intraday)=1|季財報(MOPS t163sb04)=1|月營收(MOPS/openapi)=1|官方產業別(MOPS t05st03)=1|融資券(MI_MARGN)=1|借券(TWT93U)=1|法人(T86)=1",882,inf,250.0,official_prepanel,74790.15,1495.0,0.0,2.0,0,1,6.757,44.788,45.174,81000.0,0,未扣成本·事後欄位以 m_ 標示·非投資建議
HC,1,2026-03-10,2026-03-11,3675,德微,TPEx,R,R_core,fCD,R2@5,76,88,漏網,103,-3.176141,,atr14=0.837|n_lu_250=0.830|r20=0.889|c_ma120=0.870|vr20=0.491|days_since_lu=0.123|dt_ratio20=NaN|lend_to_v=0.409|rev_yoy=0.411|o_turn=0.767|o_log_mcap=0.432|o_lu_follow=0.657,"官方日成交結構(MI_INDEX/dailyQuotes)=1|發行股數(MI_QFIIS/dailyQuotes)=1|外資持股(MI_QFIIS,僅上市)=0|自營商(T86/上櫃三大法人)=1|當沖(TWTB4U/上櫃intraday)=1|季財報(MOPS t163sb04)=1|月營收(MOPS/openapi)=1|官方產業別(MOPS t05st03)=1|融資券(MI_MARGN)=1|借券(TWT93U)=1|法人(T86)=1",882,inf,250.0,official_prepanel,956.5,19.0,0.0,0.0,0,1,9.249,20.52,16.185,1342.0,0,未扣成本·事後欄位以 m_ 標示·非投資建議
HC,1,2026-03-10,2026-03-11,5475,德宏,TPEx,R,R_core,fCD,R2@5,31,88,漏網,1,-1.725179,,atr14=0.991|n_lu_250=1.000|r20=1.000|c_ma120=1.000|vr20=0.085|days_since_lu=0.035|dt_ratio20=NaN|lend_to_v=0.017|rev_yoy=0.898|o_turn=0.681|o_log_mcap=0.686|o_lu_follow=0.995,"官方日成交結構(MI_INDEX/dailyQuotes)=1|發行股數(MI_QFIIS/dailyQuotes)=1|外資持股(MI_QFIIS,僅上市)=0|自營商(T86/上櫃三大法人)=1|當沖(TWTB4U/上櫃intraday)=0|季財報(MOPS t163sb04)=1|月營收(MOPS/openapi)=1|官方產業別(MOPS t05st03)=1|融資券(MI_MARGN)=1|借券(TWT93U)=1|法人(T86)=1",882,inf,250.0,official_prepanel,3144.15,31.0,1.0,0.0,0,1,5.789,1.579,1.316,733.0,1,未扣成本·事後欄位以 m_ 標示·非投資建議
HC,1,2026-03-10,2026-03-11,6217,中探針,TPEx,R,R_core,fCD,R2@5,43,88,漏網,11,-2.183952,,atr14=0.922|n_lu_250=0.995|r20=1.000|c_ma120=0.999|vr20=0.329|days_since_lu=0.011|dt_ratio20=NaN|lend_to_v=0.051|rev_yoy=0.821|o_turn=0.965|o_log_mcap=0.513|o_lu_follow=0.900,"官方日成交結構(MI_INDEX/dailyQuotes)=1|發行股數(MI_QFIIS/dailyQuotes)=1|外資持股(MI_QFIIS,僅上市)=0|自營商(T86/上櫃三大法人)=1|當沖(TWTB4U/上櫃intraday)=0|季財報(MOPS t163sb04)=1|月營收(MOPS/openapi)=1|官方產業別(MOPS t05st03)=1|融資券(MI_MARGN)=1|借券(TWT93U)=1|法人(T86)=1",882,inf,250.0,official_prepanel,10352.8,103.0,1.0,2.0,0,1,1.802,36.937,38.739,1964.0,1,未扣成本·事後欄位以 m_ 標示·非投資建議
HC,1,2026-03-11,2026-03-12,7712,博盛半導體,TPEx,R,R_core,fCD,R2@5,12,56,漏網,86,-1.600553,,atr14=0.930|n_lu_250=0.928|r20=0.969|c_ma120=0.564|vr20=0.814|days_since_lu=0.028|dt_ratio20=NaN|lend_to_v=0.154|rev_yoy=0.493|o_turn=0.912|o_log_mcap=0.147|o_lu_follow=0.881,"官方日成交結構(MI_INDEX/dailyQuotes)=1|發行股數(MI_QFIIS/dailyQuotes)=1|外資持股(MI_QFIIS,僅上市)=0|自營商(T86/上櫃三大法人)=1|當沖(TWTB4U/上櫃intraday)=1|季財報(MOPS t163sb04)=1|月營收(MOPS/openapi)=1|官方產業別(MOPS t05st03)=1|融資券(MI_MARGN)=1|借券(TWT93U)=1|法人(T86)=1",288,288.0,250.0,official,681.1,13.0,0.0,0.0,0,1,13.043,24.155,21.739,1437.0,0,未扣成本·事後欄位以 m_ 標示·非投資建議
HC,1,2026-03-12,2026-03-13,6141,柏承,TWSE,R,R_core,fCD,R2@5,34,67,漏網,88,-2.165853,,atr14=0.674|n_lu_250=0.883|r20=1.000|c_ma120=0.970|vr20=0.729|days_since_lu=0.089|dt_ratio20=NaN|lend_to_v=0.015|rev_yoy=0.240|o_turn=0.833|o_log_mcap=0.049|o_lu_follow=1.000,"官方日成交結構(MI_INDEX/dailyQuotes)=1|發行股數(MI_QFIIS/dailyQuotes)=1|外資持股(MI_QFIIS,僅上市)=1|自營商(T86/上櫃三大法人)=1|當沖(TWTB4U/上櫃intraday)=0|季財報(MOPS t163sb04)=1|月營收(MOPS/openapi)=1|官方產業別(MOPS t05st03)=1|融資券(MI_MARGN)=1|借券(TWT93U)=1|法人(T86)=1",884,inf,250.0,official_prepanel,1744.65,17.0,1.0,3.0,0,1,10.803,56.787,18.56,4067.0,1,未扣成本·事後欄位以 m_ 標示·非投資建議
HC,1,2026-03-12,2026-03-13,8046,南電,TWSE,R,R_core,fCD,R2@5,53,67,漏網,19,-3.077063,,atr14=0.966|n_lu_250=0.984|r20=0.957|c_ma120=0.978|vr20=0.026|days_since_lu=0.021|dt_ratio20=NaN|lend_to_v=0.099|rev_yoy=0.692|o_turn=0.287|o_log_mcap=0.947|o_lu_follow=0.885,"官方日成交結構(MI_INDEX/dailyQuotes)=1|發行股數(MI_QFIIS/dailyQuotes)=1|外資持股(MI_QFIIS,僅上市)=1|自營商(T86/上櫃三大法人)=1|當沖(TWTB4U/上櫃intraday)=0|季財報(MOPS t163sb04)=1|月營收(MOPS/openapi)=1|官方產業別(MOPS t05st03)=1|融資券(MI_MARGN)=1|借券(TWT93U)=1|法人(T86)=1",884,inf,250.0,official_prepanel,8797.95,87.0,1.0,1.0,0,1,12.939,23.026,24.781,3385.0,1,未扣成本·事後欄位以 m_ 標示·非投資建議
HC,1,2026-03-13,2026-03-16,2243,宏旭-KY,TWSE,R,R_core,fCD,R2@5,14,72,漏網,153,-1.434864,,atr14=0.341|n_lu_250=0.945|r20=0.981|c_ma120=0.929|vr20=0.998|days_since_lu=0.009|dt_ratio20=NaN|lend_to_v=0.016|rev_yoy=0.988|o_turn=0.957|o_log_mcap=0.005|o_lu_follow=0.952,"官方日成交結構(MI_INDEX/dailyQuotes)=1|發行股數(MI_QFIIS/dailyQuotes)=1|外資持股(MI_QFIIS,僅上市)=1|自營商(T86/上櫃三大法人)=1|當沖(TWTB4U/上櫃intraday)=0|季財報(MOPS t163sb04)=1|月營收(MOPS/openapi)=1|官方產業別(MOPS t05st03)=1|融資券(MI_MARGN)=1|借券(TWT93U)=1|法人(T86)=1",885,inf,250.0,official_prepanel,506.45,10.0,0.0,0.0,0,1,1.78,15.727,23.739,2074.0,0,未扣成本·事後欄位以 m_ 標示·非投資建議
HC,1,2026-03-13,2026-03-16,2485,兆赫,TWSE,R,R_core,fCD,R2@5,6,72,漏網,7,-1.274423,,atr14=0.960|n_lu_250=0.992|r20=0.995|c_ma120=0.999|vr20=0.958|days_since_lu=0.009|dt_ratio20=0.996|lend_to_v=0.044|rev_yoy=0.923|o_turn=1.000|o_log_mcap=0.631|o_lu_follow=0.977,"官方日成交結構(MI_INDEX/dailyQuotes)=1|發行股數(MI_QFIIS/dailyQuotes)=1|外資持股(MI_QFIIS,僅上市)=1|自營商(T86/上櫃三大法人)=1|當沖(TWTB4U/上櫃intraday)=1|季財報(MOPS t163sb04)=1|月營收(MOPS/openapi)=1|官方產業別(MOPS t05st03)=1|融資券(MI_MARGN)=1|借券(TWT93U)=1|法人(T86)=1",885,inf,250.0,official_prepanel,88587.75,1771.0,0.0,1.0,0,1,6.065,14.93,25.039,146217.0,0,未扣成本·事後欄位以 m_ 標示·非投資建議
HC,1,2026-03-13,2026-03-16,3006,晶豪科,TWSE,R,R_core,fCD,R2@5,43,72,漏網,205,-2.250841,,atr14=0.962|n_lu_250=0.961|r20=0.324|c_ma120=0.955|vr20=0.846|days_since_lu=0.040|dt_ratio20=0.988|lend_to_v=0.055|rev_yoy=0.946|o_turn=0.986|o_log_mcap=0.777|o_lu_follow=0.721,"官方日成交結構(MI_INDEX/dailyQuotes)=1|發行股數(MI_QFIIS/dailyQuotes)=1|外資持股(MI_QFIIS,僅上市)=1|自營商(T86/上櫃三大法人)=1|當沖(TWTB4U/上櫃intraday)=1|季財報(MOPS t163sb04)=1|月營收(MOPS/openapi)=1|官方產業別(MOPS t05st03)=1|融資券(MI_MARGN)=1|借券(TWT93U)=1|法人(T86)=1",885,inf,250.0,official_prepanel,20502.35,410.0,0.0,0.0,0,1,5.672,16.716,2.687,18965.0,0,未扣成本·事後欄位以 m_ 標示·非投資建議
HC,1,2026-03-13,2026-03-16,5386,青雲,TPEx,R,R_core,fCD,R2@5,21,72,漏網,14,-1.781932,,atr14=0.941|n_lu_250=0.954|r20=1.000|c_ma120=1.000|vr20=0.038|days_since_lu=0.069|dt_ratio20=NaN|lend_to_v=0.055|rev_yoy=0.989|o_turn=0.886|o_log_mcap=0.470|o_lu_follow=1.000,"官方日成交結構(MI_INDEX/dailyQuotes)=1|發行股數(MI_QFIIS/dailyQuotes)=1|外資持股(MI_QFIIS,僅上市)=0|自營商(T86/上櫃三大法人)=1|當沖(TWTB4U/上櫃intraday)=0|季財報(MOPS t163sb04)=1|月營收(MOPS/openapi)=1|官方產業別(MOPS t05st03)=1|融資券(MI_MARGN)=1|借券(TWT93U)=1|法人(T86)=1",885,inf,250.0,official_prepanel,2870.3,28.0,1.0,4.0,0,1,5.505,21.407,-20.336,609.0,1,未扣成本·事後欄位以 m_ 標示·非投資建議
HC,1,2026-03-16,2026-03-17,3049,精金,TWSE,R,R_core,fCD,R2@5,31,67,漏網,23,-2.035567,,atr14=0.982|n_lu_250=0.957|r20=0.963|c_ma120=0.972|vr20=0.418|days_since_lu=0.125|dt_ratio20=NaN|lend_to_v=0.017|rev_yoy=0.012|o_turn=0.790|o_log_mcap=0.432|o_lu_follow=0.982,"官方日成交結構(MI_INDEX/dailyQuotes)=1|發行股數(MI_QFIIS/dailyQuotes)=1|外資持股(MI_QFIIS,僅上市)=1|自營商(T86/上櫃三大法人)=1|當沖(TWTB4U/上櫃intraday)=0|季財報(MOPS t163sb04)=1|月營收(MOPS/openapi)=1|官方產業別(MOPS t05st03)=1|融資券(MI_MARGN)=1|借券(TWT93U)=1|法人(T86)=1",886,inf,250.0,official_prepanel,17924.0,358.0,0.0,0.0,0,1,7.937,28.571,-4.365,18268.0,0,未扣成本·事後欄位以 m_ 標示·非投資建議
HC,1,2026-03-16,2026-03-17,5289,宜鼎,TPEx,R,R_core,fCD,R2@5,52,67,漏網,50,-2.954919,,atr14=0.840|n_lu_250=0.933|r20=0.982|c_ma120=0.993|vr20=0.609|days_since_lu=0.059|dt_ratio20=NaN|lend_to_v=0.041|rev_yoy=0.982|o_turn=0.936|o_log_mcap=0.877|o_lu_follow=0.827,"官方日成交結構(MI_INDEX/dailyQuotes)=1|發行股數(MI_QFIIS/dailyQuotes)=1|外資持股(MI_QFIIS,僅上市)=0|自營商(T86/上櫃三大法人)=1|當沖(TWTB4U/上櫃intraday)=1|季財報(MOPS t163sb04)=1|月營收(MOPS/openapi)=1|官方產業別(MOPS t05st03)=1|融資券(MI_MARGN)=1|借券(TWT93U)=1|法人(T86)=1",886,inf,250.0,official_prepanel,4590.5,91.0,0.0,3.0,1,0,0.0,-6.867,-19.227,585.0,1,未扣成本·事後欄位以 m_ 標示·非投資建議
HC,1,2026-03-16,2026-03-17,6217,中探針,TPEx,R,R_core,fCD,R2@5,13,67,漏網,14,-1.556732,,atr14=0.895|n_lu_250=0.994|r20=1.000|c_ma120=0.999|vr20=0.763|days_since_lu=0.011|dt_ratio20=NaN|lend_to_v=0.054|rev_yoy=0.859|o_turn=0.978|o_log_mcap=0.585|o_lu_follow=0.940,"官方日成交結構(MI_INDEX/dailyQuotes)=1|發行股數(MI_QFIIS/dailyQuotes)=1|外資持股(MI_QFIIS,僅上市)=0|自營商(T86/上櫃三大法人)=1|當沖(TWTB4U/上櫃intraday)=0|季財報(MOPS t163sb04)=1|月營收(MOPS/openapi)=1|官方產業別(MOPS t05st03)=1|融資券(MI_MARGN)=1|借券(TWT93U)=1|法人(T86)=1",886,inf,250.0,official_prepanel,8491.15,84.0,1.0,2.0,0,1,8.571,22.143,29.643,17954.0,0,未扣成本·事後欄位以 m_ 標示·非投資建議
HC,1,2026-03-17,2026-03-18,2380,虹光,TWSE,R,R_relax,fP10|fCD,R2@5,45,56,漏網,164,-2.792731,,atr14=0.790|n_lu_250=0.978|r20=0.806|c_ma120=0.565|vr20=0.158|days_since_lu=0.133|dt_ratio20=NaN|lend_to_v=0.015|rev_yoy=0.533|o_turn=0.038|o_log_mcap=0.007|o_lu_follow=0.985,"官方日成交結構(MI_INDEX/dailyQuotes)=1|發行股數(MI_QFIIS/dailyQuotes)=1|外資持股(MI_QFIIS,僅上市)=1|自營商(T86/上櫃三大法人)=1|當沖(TWTB4U/上櫃intraday)=0|季財報(MOPS t163sb04)=1|月營收(MOPS/openapi)=1|官方產業別(MOPS t05st03)=1|融資券(MI_MARGN)=1|借券(TWT93U)=1|法人(T86)=1",887,inf,250.0,official_prepanel,389.7,7.0,0.0,0.0,0,1,1.336,6.845,-2.337,554.0,0,未扣成本·事後欄位以 m_ 標示·非投資建議
HC,1,2026-03-23,2026-03-24,3339,泰谷,TPEx,R,R_core,fCD,R2@5,12,95,漏網,173,-1.439857,,atr14=0.878|n_lu_250=0.689|r20=0.941|c_ma120=0.842|vr20=0.888|days_since_lu=0.149|dt_ratio20=NaN|lend_to_v=0.201|rev_yoy=0.831|o_turn=0.947|o_log_mcap=0.064|o_lu_follow=0.696,"官方日成交結構(MI_INDEX/dailyQuotes)=1|發行股數(MI_QFIIS/dailyQuotes)=1|外資持股(MI_QFIIS,僅上市)=0|自營商(T86/上櫃三大法人)=1|當沖(TWTB4U/上櫃intraday)=1|季財報(MOPS t163sb04)=1|月營收(MOPS/openapi)=1|官方產業別(MOPS t05st03)=1|融資券(MI_MARGN)=1|借券(TWT93U)=1|法人(T86)=1",891,inf,250.0,official_prepanel,2405.4,48.0,0.0,1.0,1,0,0.0,5.369,22.013,4811.0,0,未扣成本·事後欄位以 m_ 標示·非投資建議
HC,1,2026-03-24,2026-03-25,4906,正文,TWSE,R,R_core,fCD,R2@5,64,93,漏網,242,-2.724048,,atr14=0.856|n_lu_250=0.539|r20=0.878|c_ma120=0.750|vr20=0.875|days_since_lu=0.102|dt_ratio20=0.760|lend_to_v=0.354|rev_yoy=0.047|o_turn=0.897|o_log_mcap=0.522|o_lu_follow=0.840,"官方日成交結構(MI_INDEX/dailyQuotes)=1|發行股數(MI_QFIIS/dailyQuotes)=1|外資持股(MI_QFIIS,僅上市)=1|自營商(T86/上櫃三大法人)=1|當沖(TWTB4U/上櫃intraday)=1|季財報(MOPS t163sb04)=1|月營收(MOPS/openapi)=1|官方產業別(MOPS t05st03)=1|融資券(MI_MARGN)=1|借券(TWT93U)=1|法人(T86)=1",892,inf,250.0,official_prepanel,11084.7,221.0,0.0,2.0,0,1,6.902,15.73,29.053,25117.0,0,未扣成本·事後欄位以 m_ 標示·非投資建議
HC,1,2026-03-25,2026-03-26,2231,為升,TWSE,R,R_core,fCD,R2@5,55,78,漏網,252,-2.967481,,atr14=0.498|n_lu_250=0.849|r20=0.851|c_ma120=0.583|vr20=0.997|days_since_lu=0.006|dt_ratio20=0.413|lend_to_v=0.908|rev_yoy=0.273|o_turn=0.875|o_log_mcap=0.560|o_lu_follow=0.817,"官方日成交結構(MI_INDEX/dailyQuotes)=1|發行股數(MI_QFIIS/dailyQuotes)=1|外資持股(MI_QFIIS,僅上市)=1|自營商(T86/上櫃三大法人)=1|當沖(TWTB4U/上櫃intraday)=1|季財報(MOPS t163sb04)=1|月營收(MOPS/openapi)=1|官方產業別(MOPS t05st03)=1|融資券(MI_MARGN)=1|借券(TWT93U)=1|法人(T86)=1",893,inf,250.0,official_prepanel,606.25,12.0,0.0,0.0,0,1,6.542,13.084,14.019,3725.0,0,未扣成本·事後欄位以 m_ 標示·非投資建議
HC,1,2026-03-26,2026-03-27,4741,泓瀚,TPEx,R,R_core,fCD,R2@5,10,88,漏網,181,-1.195869,,atr14=0.703|n_lu_250=0.614|r20=0.975|c_ma120=0.914|vr20=0.994|days_since_lu=0.019|dt_ratio20=NaN|lend_to_v=0.117|rev_yoy=0.771|o_turn=0.959|o_log_mcap=0.003|o_lu_follow=0.962,"官方日成交結構(MI_INDEX/dailyQuotes)=1|發行股數(MI_QFIIS/dailyQuotes)=1|外資持股(MI_QFIIS,僅上市)=0|自營商(T86/上櫃三大法人)=1|當沖(TWTB4U/上櫃intraday)=1|季財報(MOPS t163sb04)=1|月營收(MOPS/openapi)=1|官方產業別(MOPS t05st03)=1|融資券(MI_MARGN)=1|借券(TWT93U)=1|法人(T86)=1",894,inf,250.0,official_prepanel,558.9,11.0,0.0,0.0,0,1,11.632,41.319,90.972,2733.0,0,未扣成本·事後欄位以 m_ 標示·非投資建議
HC,1,2026-03-26,2026-03-27,6683,雍智科技,TPEx,R,R_core,fCD,R2@5,41,88,漏網,19,-2.354301,,atr14=0.947|n_lu_250=0.937|r20=0.992|c_ma120=0.998|vr20=0.539|days_since_lu=0.069|dt_ratio20=NaN|lend_to_v=0.193|rev_yoy=0.873|o_turn=0.801|o_log_mcap=0.734|o_lu_follow=0.947,"官方日成交結構(MI_INDEX/dailyQuotes)=1|發行股數(MI_QFIIS/dailyQuotes)=1|外資持股(MI_QFIIS,僅上市)=0|自營商(T86/上櫃三大法人)=1|當沖(TWTB4U/上櫃intraday)=0|季財報(MOPS t163sb04)=1|月營收(MOPS/openapi)=1|官方產業別(MOPS t05st03)=1|融資券(MI_MARGN)=1|借券(TWT93U)=1|法人(T86)=1",894,inf,250.0,official_prepanel,758.95,7.0,1.0,1.0,0,1,13.992,19.342,52.263,350.0,1,未扣成本·事後欄位以 m_ 標示·非投資建議
HC,1,2026-03-31,2026-04-01,6147,頎邦,TPEx,R,R_core,fCD,R2@5,48,75,漏網,127,-2.88543,,atr14=0.885|n_lu_250=0.590|r20=0.980|c_ma120=0.886|vr20=0.833|days_since_lu=0.035|dt_ratio20=NaN|lend_to_v=0.323|rev_yoy=0.585|o_turn=0.912|o_log_mcap=0.806|o_lu_follow=0.713,"官方日成交結構(MI_INDEX/dailyQuotes)=1|發行股數(MI_QFIIS/dailyQuotes)=1|外資持股(MI_QFIIS,僅上市)=0|自營商(T86/上櫃三大法人)=1|當沖(TWTB4U/上櫃intraday)=1|季財報(MOPS t163sb04)=1|月營收(MOPS/openapi)=1|官方產業別(MOPS t05st03)=1|融資券(MI_MARGN)=1|借券(TWT93U)=1|法人(T86)=1",897,inf,250.0,official_prepanel,24467.85,489.0,0.0,0.0,0,1,1.326,27.984,51.194,26045.0,0,未扣成本·事後欄位以 m_ 標示·非投資建議
HC,2,2026-04-01,2026-04-02,1449,佳和,TWSE,R,R_core,fCD,R2@5,51,51,漏網,239,-4.014751,,atr14=0.746|n_lu_250=0.667|r20=0.828|c_ma120=0.517|vr20=0.039|days_since_lu=0.119|dt_ratio20=0.672|lend_to_v=0.310|rev_yoy=0.779|o_turn=0.478|o_log_mcap=0.019|o_lu_follow=0.660,"官方日成交結構(MI_INDEX/dailyQuotes)=1|發行股數(MI_QFIIS/dailyQuotes)=1|外資持股(MI_QFIIS,僅上市)=1|自營商(T86/上櫃三大法人)=1|當沖(TWTB4U/上櫃intraday)=1|季財報(MOPS t163sb04)=1|月營收(MOPS/openapi)=1|官方產業別(MOPS t05st03)=1|融資券(MI_MARGN)=1|借券(TWT93U)=1|法人(T86)=1",898,inf,250.0,official_prepanel,2216.6,44.0,0.0,0.0,1,0,0.0,27.016,16.129,3655.0,0,未扣成本·事後欄位以 m_ 標示·非投資建議
HC,2,2026-04-02,2026-04-07,3026,禾伸堂,TWSE,R,R_core,fCD,R2@5,38,50,漏網,116,-2.861642,,atr14=0.857|n_lu_250=0.646|r20=0.959|c_ma120=0.886|vr20=0.701|days_since_lu=0.074|dt_ratio20=0.806|lend_to_v=0.143|rev_yoy=0.479|o_turn=0.857|o_log_mcap=0.664|o_lu_follow=0.652,"官方日成交結構(MI_INDEX/dailyQuotes)=1|發行股數(MI_QFIIS/dailyQuotes)=1|外資持股(MI_QFIIS,僅上市)=1|自營商(T86/上櫃三大法人)=1|當沖(TWTB4U/上櫃intraday)=1|季財報(MOPS t163sb04)=1|月營收(MOPS/openapi)=1|官方產業別(MOPS t05st03)=1|融資券(MI_MARGN)=1|借券(TWT93U)=1|法人(T86)=1",899,inf,250.0,official_prepanel,4855.35,97.0,0.0,0.0,0,1,7.042,50.0,64.789,8157.0,0,未扣成本·事後欄位以 m_ 標示·非投資建議
HC,2,2026-04-02,2026-04-07,6919,康霈*,TWSE,R,R_core,fCD,R2@5,31,50,漏網,871,-2.667633,,atr14=0.908|n_lu_250=0.874|r20=0.002|c_ma120=0.002|vr20=0.987|days_since_lu=0.018|dt_ratio20=0.847|lend_to_v=0.324|rev_yoy=NaN|o_turn=0.902|o_log_mcap=0.898|o_lu_follow=0.921,"官方日成交結構(MI_INDEX/dailyQuotes)=1|發行股數(MI_QFIIS/dailyQuotes)=1|外資持股(MI_QFIIS,僅上市)=1|自營商(T86/上櫃三大法人)=1|當沖(TWTB4U/上櫃intraday)=1|季財報(MOPS t163sb04)=1|月營收(MOPS/openapi)=0|官方產業別(MOPS t05st03)=1|融資券(MI_MARGN)=0|借券(TWT93U)=1|法人(T86)=1",361,361.0,250.0,official,14649.85,292.0,0.0,0.0,0,1,6.925,6.415,8.452,18609.0,0,未扣成本·事後欄位以 m_ 標示·非投資建議
HC,2,2026-04-08,2026-04-09,6725,矽科宏晟,TPEx,R,R_relax,fH125|fCD,R2@5,27,32,漏網,1794,-2.591118,,atr14=0.868|n_lu_250=0.437|r20=0.946|c_ma120=NaN|vr20=0.860|days_since_lu=0.134|dt_ratio20=NaN|lend_to_v=0.049|rev_yoy=0.635|o_turn=0.878|o_log_mcap=0.457|o_lu_follow=0.885,"官方日成交結構(MI_INDEX/dailyQuotes)=1|發行股數(MI_QFIIS/dailyQuotes)=1|外資持股(MI_QFIIS,僅上市)=0|自營商(T86/上櫃三大法人)=1|當沖(TWTB4U/上櫃intraday)=1|季財報(MOPS t163sb04)=1|月營收(MOPS/openapi)=1|官方產業別(MOPS t05st03)=1|融資券(MI_MARGN)=0|借券(TWT93U)=1|法人(T86)=1",61,61.0,61.0,official,786.55,15.0,0.0,0.0,0,1,8.392,28.147,31.993,2806.0,0,未扣成本·事後欄位以 m_ 標示·非投資建議
HC,2,2026-04-09,2026-04-10,6147,頎邦,TPEx,R,R_core,fCD,R2@5,27,43,漏網,74,-1.819037,,atr14=0.853|n_lu_250=0.758|r20=1.000|c_ma120=0.973|vr20=0.955|days_since_lu=0.033|dt_ratio20=NaN|lend_to_v=0.265|rev_yoy=0.582|o_turn=0.980|o_log_mcap=0.832|o_lu_follow=0.843,"官方日成交結構(MI_INDEX/dailyQuotes)=1|發行股數(MI_QFIIS/dailyQuotes)=1|外資持股(MI_QFIIS,僅上市)=0|自營商(T86/上櫃三大法人)=1|當沖(TWTB4U/上櫃intraday)=1|季財報(MOPS t163sb04)=1|月營收(MOPS/openapi)=1|官方產業別(MOPS t05st03)=1|融資券(MI_MARGN)=1|借券(TWT93U)=1|法人(T86)=1",902,inf,250.0,official_prepanel,39831.35,796.0,0.0,1.0,0,1,2.415,10.145,29.469,48200.0,0,未扣成本·事後欄位以 m_ 標示·非投資建議
HC,2,2026-04-09,2026-04-10,6933,AMAX-KY,TWSE,R,R_core,fCD,R2@5,32,43,漏網,171,-2.501722,,atr14=0.602|n_lu_250=0.956|r20=0.913|c_ma120=0.598|vr20=0.985|days_since_lu=0.079|dt_ratio20=0.832|lend_to_v=0.403|rev_yoy=0.194|o_turn=0.831|o_log_mcap=0.325|o_lu_follow=0.980,"官方日成交結構(MI_INDEX/dailyQuotes)=1|發行股數(MI_QFIIS/dailyQuotes)=1|外資持股(MI_QFIIS,僅上市)=1|自營商(T86/上櫃三大法人)=1|當沖(TWTB4U/上櫃intraday)=1|季財報(MOPS t163sb04)=1|月營收(MOPS/openapi)=1|官方產業別(MOPS t05st03)=1|融資券(MI_MARGN)=1|借券(TWT93U)=1|法人(T86)=1",583,583.0,250.0,official,307.05,6.0,0.0,0.0,0,1,2.299,4.885,-1.149,1822.0,0,未扣成本·事後欄位以 m_ 標示·非投資建議
HC,2,2026-04-09,2026-04-10,8021,尖點,TWSE,R,R_core,fCD,R2@5,13,43,漏網,29,-1.412961,,atr14=0.929|n_lu_250=0.992|r20=0.925|c_ma120=0.965|vr20=0.880|days_since_lu=0.033|dt_ratio20=0.989|lend_to_v=0.086|rev_yoy=0.847|o_turn=0.993|o_log_mcap=0.760|o_lu_follow=0.779,"官方日成交結構(MI_INDEX/dailyQuotes)=1|發行股數(MI_QFIIS/dailyQuotes)=1|外資持股(MI_QFIIS,僅上市)=1|自營商(T86/上櫃三大法人)=1|當沖(TWTB4U/上櫃intraday)=1|季財報(MOPS t163sb04)=1|月營收(MOPS/openapi)=1|官方產業別(MOPS t05st03)=1|融資券(MI_MARGN)=1|借券(TWT93U)=1|法人(T86)=1",902,inf,250.0,official_prepanel,17527.75,350.0,0.0,2.0,0,1,3.084,15.26,53.084,5619.0,0,未扣成本·事後欄位以 m_ 標示·非投資建議
HC,2,2026-04-10,2026-04-13,4764,雙鍵,TWSE,R,R_core,fCD,R2@5,18,56,漏網,102,-1.242757,,atr14=0.911|n_lu_250=0.996|r20=0.660|c_ma120=0.950|vr20=0.898|days_since_lu=0.014|dt_ratio20=0.941|lend_to_v=0.053|rev_yoy=0.788|o_turn=0.961|o_log_mcap=0.511|o_lu_follow=0.974,"官方日成交結構(MI_INDEX/dailyQuotes)=1|發行股數(MI_QFIIS/dailyQuotes)=1|外資持股(MI_QFIIS,僅上市)=1|自營商(T86/上櫃三大法人)=1|當沖(TWTB4U/上櫃intraday)=1|季財報(MOPS t163sb04)=1|月營收(MOPS/openapi)=1|官方產業別(MOPS t05st03)=1|融資券(MI_MARGN)=1|借券(TWT93U)=1|法人(T86)=1",903,inf,250.0,official_prepanel,4637.95,92.0,0.0,1.0,0,1,7.571,34.069,26.12,4760.0,0,未扣成本·事後欄位以 m_ 標示·非投資建議
HC,2,2026-04-13,2026-04-14,6208,日揚,TPEx,R,R_core,fCD,R2@5,46,60,漏網,209,-2.324691,,atr14=0.613|n_lu_250=0.596|r20=0.916|c_ma120=0.843|vr20=0.789|days_since_lu=0.119|dt_ratio20=NaN|lend_to_v=0.144|rev_yoy=0.112|o_turn=0.525|o_log_mcap=0.241|o_lu_follow=0.963,"官方日成交結構(MI_INDEX/dailyQuotes)=1|發行股數(MI_QFIIS/dailyQuotes)=1|外資持股(MI_QFIIS,僅上市)=0|自營商(T86/上櫃三大法人)=1|當沖(TWTB4U/上櫃intraday)=1|季財報(MOPS t163sb04)=1|月營收(MOPS/openapi)=1|官方產業別(MOPS t05st03)=1|融資券(MI_MARGN)=1|借券(TWT93U)=1|法人(T86)=1",904,inf,250.0,official_prepanel,442.45,8.0,0.0,1.0,1,0,0.0,19.391,33.814,917.0,0,未扣成本·事後欄位以 m_ 標示·非投資建議
HC,2,2026-04-14,2026-04-15,4960,誠美材,TWSE,R,R_core,fCD,R2@5,10,82,漏網,122,-0.782627,,atr14=0.983|n_lu_250=0.798|r20=0.735|c_ma120=0.958|vr20=0.906|days_since_lu=0.024|dt_ratio20=NaN|lend_to_v=0.229|rev_yoy=0.090|o_turn=0.926|o_log_mcap=0.535|o_lu_follow=0.983,"官方日成交結構(MI_INDEX/dailyQuotes)=1|發行股數(MI_QFIIS/dailyQuotes)=1|外資持股(MI_QFIIS,僅上市)=1|自營商(T86/上櫃三大法人)=1|當沖(TWTB4U/上櫃intraday)=1|季財報(MOPS t163sb04)=1|月營收(MOPS/openapi)=1|官方產業別(MOPS t05st03)=1|融資券(MI_MARGN)=1|借券(TWT93U)=1|法人(T86)=1",905,inf,250.0,official_prepanel,17260.15,345.0,0.0,0.0,0,1,5.849,54.34,50.189,32829.0,0,未扣成本·事後欄位以 m_ 標示·非投資建議
HC,2,2026-04-15,2026-04-16,3587,閎康,TPEx,R,R_core,fCD,R2@5,19,86,漏網,124,-1.347689,,atr14=0.878|n_lu_250=0.647|r20=0.995|c_ma120=0.934|vr20=0.679|days_since_lu=0.048|dt_ratio20=NaN|lend_to_v=0.147|rev_yoy=0.643|o_turn=0.939|o_log_mcap=0.628|o_lu_follow=0.925,"官方日成交結構(MI_INDEX/dailyQuotes)=1|發行股數(MI_QFIIS/dailyQuotes)=1|外資持股(MI_QFIIS,僅上市)=0|自營商(T86/上櫃三大法人)=1|當沖(TWTB4U/上櫃intraday)=1|季財報(MOPS t163sb04)=1|月營收(MOPS/openapi)=1|官方產業別(MOPS t05st03)=1|融資券(MI_MARGN)=1|借券(TWT93U)=1|法人(T86)=1",906,inf,250.0,official_prepanel,3657.7,73.0,0.0,2.0,0,1,6.88,14.08,2.88,4162.0,0,未扣成本·事後欄位以 m_ 標示·非投資建議
HC,2,2026-04-15,2026-04-16,4908,前鼎,TPEx,R,R_core,fCD,R2@5,15,86,漏網,68,-1.152309,,atr14=0.919|n_lu_250=0.831|r20=0.973|c_ma120=0.963|vr20=0.490|days_since_lu=0.048|dt_ratio20=NaN|lend_to_v=0.072|rev_yoy=0.417|o_turn=0.977|o_log_mcap=0.457|o_lu_follow=0.696,"官方日成交結構(MI_INDEX/dailyQuotes)=1|發行股數(MI_QFIIS/dailyQuotes)=1|外資持股(MI_QFIIS,僅上市)=0|自營商(T86/上櫃三大法人)=1|當沖(TWTB4U/上櫃intraday)=1|季財報(MOPS t163sb04)=1|月營收(MOPS/openapi)=1|官方產業別(MOPS t05st03)=1|融資券(MI_MARGN)=1|借券(TWT93U)=1|法人(T86)=1",906,inf,250.0,official_prepanel,8133.2,162.0,0.0,2.0,0,1,5.442,32.993,32.993,4116.0,1,未扣成本·事後欄位以 m_ 標示·非投資建議
HC,2,2026-04-15,2026-04-16,4919,新唐,TWSE,R,R_core,fCD,R2@5,39,86,漏網,55,-1.768495,,atr14=0.953|n_lu_250=0.875|r20=0.940|c_ma120=0.959|vr20=0.864|days_since_lu=0.012|dt_ratio20=0.928|lend_to_v=0.300|rev_yoy=0.207|o_turn=0.969|o_log_mcap=0.760|o_lu_follow=0.936,"官方日成交結構(MI_INDEX/dailyQuotes)=1|發行股數(MI_QFIIS/dailyQuotes)=1|外資持股(MI_QFIIS,僅上市)=1|自營商(T86/上櫃三大法人)=1|當沖(TWTB4U/上櫃intraday)=1|季財報(MOPS t163sb04)=1|月營收(MOPS/openapi)=1|官方產業別(MOPS t05st03)=1|融資券(MI_MARGN)=1|借券(TWT93U)=1|法人(T86)=1",906,inf,250.0,official_prepanel,21090.4,421.0,0.0,0.0,0,1,11.374,45.972,36.967,25551.0,0,未扣成本·事後欄位以 m_ 標示·非投資建議
HC,2,2026-04-16,2026-04-17,4764,雙鍵,TWSE,R,R_core,fCD,R2@5,30,82,漏網,31,-1.82068,,atr14=0.907|n_lu_250=0.999|r20=0.928|c_ma120=0.980|vr20=0.088|days_since_lu=0.042|dt_ratio20=0.856|lend_to_v=0.054|rev_yoy=0.825|o_turn=0.754|o_log_mcap=0.568|o_lu_follow=0.980,"官方日成交結構(MI_INDEX/dailyQuotes)=1|發行股數(MI_QFIIS/dailyQuotes)=1|外資持股(MI_QFIIS,僅上市)=1|自營商(T86/上櫃三大法人)=1|當沖(TWTB4U/上櫃intraday)=0|季財報(MOPS t163sb04)=1|月營收(MOPS/openapi)=1|官方產業別(MOPS t05st03)=1|融資券(MI_MARGN)=1|借券(TWT93U)=1|法人(T86)=1",907,inf,250.0,official_prepanel,3868.1,38.0,1.0,5.0,0,1,7.868,1.472,31.557,1483.0,1,未扣成本·事後欄位以 m_ 標示·非投資建議
HC,2,2026-04-17,2026-04-20,4960,誠美材,TWSE,R,R_core,fCD,R2@5,8,76,漏網,47,-0.987715,,atr14=0.942|n_lu_250=0.854|r20=0.934|c_ma120=0.995|vr20=0.968|days_since_lu=0.016|dt_ratio20=NaN|lend_to_v=0.214|rev_yoy=0.086|o_turn=0.981|o_log_mcap=0.617|o_lu_follow=0.990,"官方日成交結構(MI_INDEX/dailyQuotes)=1|發行股數(MI_QFIIS/dailyQuotes)=1|外資持股(MI_QFIIS,僅上市)=1|自營商(T86/上櫃三大法人)=1|當沖(TWTB4U/上櫃intraday)=1|季財報(MOPS t163sb04)=1|月營收(MOPS/openapi)=1|官方產業別(MOPS t05st03)=1|融資券(MI_MARGN)=1|借券(TWT93U)=1|法人(T86)=1",908,inf,250.0,official_prepanel,19990.1,399.0,0.0,2.0,1,0,0.0,6.317,5.108,8985.0,1,未扣成本·事後欄位以 m_ 標示·非投資建議
HC,2,2026-04-20,2026-04-21,6291,沛亨,TPEx,R,R_core,fCD,R2@5,45,77,漏網,19,-1.956352,,atr14=0.988|n_lu_250=0.996|r20=0.870|c_ma120=0.981|vr20=0.230|days_since_lu=0.118|dt_ratio20=NaN|lend_to_v=0.079|rev_yoy=0.803|o_turn=0.883|o_log_mcap=0.586|o_lu_follow=0.944,"官方日成交結構(MI_INDEX/dailyQuotes)=1|發行股數(MI_QFIIS/dailyQuotes)=1|外資持股(MI_QFIIS,僅上市)=0|自營商(T86/上櫃三大法人)=1|當沖(TWTB4U/上櫃intraday)=1|季財報(MOPS t163sb04)=1|月營收(MOPS/openapi)=1|官方產業別(MOPS t05st03)=1|融資券(MI_MARGN)=1|借券(TWT93U)=1|法人(T86)=1",909,inf,250.0,official_prepanel,2351.6,47.0,0.0,0.0,0,1,10.444,3.001,7.923,2704.0,0,未扣成本·事後欄位以 m_ 標示·非投資建議
HC,2,2026-04-27,2026-04-28,2426,鼎元,TWSE,R,R_core,fCD,R2@5,29,129,漏網,34,-1.785958,,atr14=0.926|n_lu_250=0.908|r20=0.975|c_ma120=0.988|vr20=0.015|days_since_lu=0.231|dt_ratio20=NaN|lend_to_v=0.227|rev_yoy=0.134|o_turn=0.646|o_log_mcap=0.557|o_lu_follow=0.995,"官方日成交結構(MI_INDEX/dailyQuotes)=1|發行股數(MI_QFIIS/dailyQuotes)=1|外資持股(MI_QFIIS,僅上市)=1|自營商(T86/上櫃三大法人)=1|當沖(TWTB4U/上櫃intraday)=0|季財報(MOPS t163sb04)=1|月營收(MOPS/openapi)=1|官方產業別(MOPS t05st03)=1|融資券(MI_MARGN)=1|借券(TWT93U)=1|法人(T86)=1",914,inf,250.0,official_prepanel,14495.3,144.0,1.0,0.0,0,1,7.129,37.228,38.416,5896.0,1,未扣成本·事後欄位以 m_ 標示·非投資建議
HC,2,2026-04-27,2026-04-28,4562,穎漢,TWSE,R,R_core,fCD,R2@5,125,129,漏網,674,-3.923906,,atr14=0.736|n_lu_250=0.908|r20=0.370|c_ma120=0.094|vr20=0.124|days_since_lu=0.194|dt_ratio20=0.858|lend_to_v=0.662|rev_yoy=0.427|o_turn=0.324|o_log_mcap=0.115|o_lu_follow=0.947,"官方日成交結構(MI_INDEX/dailyQuotes)=1|發行股數(MI_QFIIS/dailyQuotes)=1|外資持股(MI_QFIIS,僅上市)=1|自營商(T86/上櫃三大法人)=1|當沖(TWTB4U/上櫃intraday)=1|季財報(MOPS t163sb04)=1|月營收(MOPS/openapi)=1|官方產業別(MOPS t05st03)=1|融資券(MI_MARGN)=1|借券(TWT93U)=1|法人(T86)=1",914,inf,250.0,official_prepanel,724.65,14.0,0.0,0.0,0,1,9.709,30.583,19.579,495.0,0,未扣成本·事後欄位以 m_ 標示·非投資建議
HC,2,2026-04-27,2026-04-28,6147,頎邦,TPEx,R,R_core,fCD,R2@5,64,129,漏網,32,-2.27818,,atr14=0.979|n_lu_250=0.844|r20=0.995|c_ma120=0.986|vr20=0.120|days_since_lu=0.117|dt_ratio20=NaN|lend_to_v=0.302|rev_yoy=0.507|o_turn=0.843|o_log_mcap=0.869|o_lu_follow=0.861,"官方日成交結構(MI_INDEX/dailyQuotes)=1|發行股數(MI_QFIIS/dailyQuotes)=1|外資持股(MI_QFIIS,僅上市)=0|自營商(T86/上櫃三大法人)=1|當沖(TWTB4U/上櫃intraday)=0|季財報(MOPS t163sb04)=1|月營收(MOPS/openapi)=1|官方產業別(MOPS t05st03)=1|融資券(MI_MARGN)=1|借券(TWT93U)=1|法人(T86)=1",914,inf,250.0,official_prepanel,37419.6,374.0,1.0,0.0,0,1,7.463,32.463,46.269,17026.0,1,未扣成本·事後欄位以 m_ 標示·非投資建議
HC,2,2026-04-28,2026-04-29,3581,博磊,TPEx,R,R_core,fCD,R2@5,15,103,漏網,1,-1.385363,,atr14=0.978|n_lu_250=0.996|r20=1.000|c_ma120=0.988|vr20=0.219|days_since_lu=0.068|dt_ratio20=NaN|lend_to_v=0.152|rev_yoy=0.793|o_turn=0.725|o_log_mcap=0.354|o_lu_follow=0.964,"官方日成交結構(MI_INDEX/dailyQuotes)=1|發行股數(MI_QFIIS/dailyQuotes)=1|外資持股(MI_QFIIS,僅上市)=0|自營商(T86/上櫃三大法人)=1|當沖(TWTB4U/上櫃intraday)=0|季財報(MOPS t163sb04)=1|月營收(MOPS/openapi)=1|官方產業別(MOPS t05st03)=1|融資券(MI_MARGN)=1|借券(TWT93U)=1|法人(T86)=1",915,inf,250.0,official_prepanel,1363.15,13.0,1.0,4.0,0,1,9.732,57.047,51.007,543.0,1,未扣成本·事後欄位以 m_ 標示·非投資建議
HC,2,2026-04-30,2026-05-04,2454,聯發科,TWSE,R,R_core,fCD,R2@5,95,107,漏網,198,-3.516388,,atr14=0.670|n_lu_250=0.623|r20=0.985|c_ma120=0.945|vr20=0.753|days_since_lu=0.079|dt_ratio20=0.681|lend_to_v=0.064|rev_yoy=0.526|o_turn=0.693|o_log_mcap=0.998|o_lu_follow=0.530,"官方日成交結構(MI_INDEX/dailyQuotes)=1|發行股數(MI_QFIIS/dailyQuotes)=1|外資持股(MI_QFIIS,僅上市)=1|自營商(T86/上櫃三大法人)=1|當沖(TWTB4U/上櫃intraday)=1|季財報(MOPS t163sb04)=1|月營收(MOPS/openapi)=1|官方產業別(MOPS t05st03)=1|融資券(MI_MARGN)=1|借券(TWT93U)=1|法人(T86)=1",917,inf,250.0,official_prepanel,16289.45,325.0,0.0,1.0,1,0,0.0,26.481,13.589,4020.0,0,未扣成本·事後欄位以 m_ 標示·非投資建議
HC,2,2026-04-30,2026-05-04,3430,奇鈦科,TPEx,R,R_core,fCD,R2@5,31,107,漏網,65,-1.885318,,atr14=0.874|n_lu_250=0.883|r20=0.986|c_ma120=0.958|vr20=0.473|days_since_lu=0.144|dt_ratio20=NaN|lend_to_v=0.078|rev_yoy=0.886|o_turn=0.929|o_log_mcap=0.196|o_lu_follow=0.479,"官方日成交結構(MI_INDEX/dailyQuotes)=1|發行股數(MI_QFIIS/dailyQuotes)=1|外資持股(MI_QFIIS,僅上市)=0|自營商(T86/上櫃三大法人)=1|當沖(TWTB4U/上櫃intraday)=0|季財報(MOPS t163sb04)=1|月營收(MOPS/openapi)=1|官方產業別(MOPS t05st03)=1|融資券(MI_MARGN)=1|借券(TWT93U)=1|法人(T86)=1",879,879.0,250.0,official,2302.1,23.0,1.0,2.0,0,1,6.349,21.429,36.905,1160.0,1,未扣成本·事後欄位以 m_ 標示·非投資建議
HC,2,2026-04-30,2026-05-04,6182,合晶,TPEx,R,R_core,fCD,R2@5,69,107,漏網,177,-2.748473,,atr14=0.901|n_lu_250=0.812|r20=0.808|c_ma120=0.772|vr20=0.851|days_since_lu=0.144|dt_ratio20=NaN|lend_to_v=0.292|rev_yoy=0.460|o_turn=0.941|o_log_mcap=0.671|o_lu_follow=0.550,"官方日成交結構(MI_INDEX/dailyQuotes)=1|發行股數(MI_QFIIS/dailyQuotes)=1|外資持股(MI_QFIIS,僅上市)=0|自營商(T86/上櫃三大法人)=1|當沖(TWTB4U/上櫃intraday)=1|季財報(MOPS t163sb04)=1|月營收(MOPS/openapi)=1|官方產業別(MOPS t05st03)=1|融資券(MI_MARGN)=1|借券(TWT93U)=1|法人(T86)=1",917,inf,250.0,official_prepanel,29600.45,592.0,0.0,0.0,0,1,7.692,38.95,34.799,58707.0,0,未扣成本·事後欄位以 m_ 標示·非投資建議
HC,2,2026-04-30,2026-05-04,6706,惠特,TWSE,R,R_core,fCD,R2@5,15,107,漏網,76,-1.621597,,atr14=0.941|n_lu_250=0.968|r20=0.901|c_ma120=0.856|vr20=0.951|days_since_lu=0.012|dt_ratio20=0.949|lend_to_v=0.160|rev_yoy=0.018|o_turn=0.999|o_log_mcap=0.501|o_lu_follow=0.212,"官方日成交結構(MI_INDEX/dailyQuotes)=1|發行股數(MI_QFIIS/dailyQuotes)=1|外資持股(MI_QFIIS,僅上市)=1|自營商(T86/上櫃三大法人)=1|當沖(TWTB4U/上櫃intraday)=1|季財報(MOPS t163sb04)=1|月營收(MOPS/openapi)=1|官方產業別(MOPS t05st03)=1|融資券(MI_MARGN)=1|借券(TWT93U)=1|法人(T86)=1",917,inf,250.0,official_prepanel,9646.6,192.0,0.0,1.0,0,1,0.301,3.916,-4.518,2878.0,0,未扣成本·事後欄位以 m_ 標示·非投資建議
HC,2,2026-04-30,2026-05-04,6861,睿生光電,TWSE,R,R_core,fCD,R2@5,32,107,漏網,41,-1.902294,,atr14=0.786|n_lu_250=0.977|r20=1.000|c_ma120=1.000|vr20=0.060|days_since_lu=0.079|dt_ratio20=0.786|lend_to_v=0.058|rev_yoy=0.835|o_turn=0.752|o_log_mcap=0.535|o_lu_follow=0.997,"官方日成交結構(MI_INDEX/dailyQuotes)=1|發行股數(MI_QFIIS/dailyQuotes)=1|外資持股(MI_QFIIS,僅上市)=1|自營商(T86/上櫃三大法人)=1|當沖(TWTB4U/上櫃intraday)=0|季財報(MOPS t163sb04)=1|月營收(MOPS/openapi)=1|官方產業別(MOPS t05st03)=1|融資券(MI_MARGN)=1|借券(TWT93U)=1|法人(T86)=1",750,750.0,250.0,official,2109.75,21.0,1.0,5.0,0,1,3.0,7.429,28.857,651.0,1,未扣成本·事後欄位以 m_ 標示·非投資建議
HC,2,2026-04-30,2026-05-04,8040,九暘,TPEx,R,R_core,fCD,R2@5,47,107,漏網,190,-2.286059,,atr14=0.955|n_lu_250=0.557|r20=0.929|c_ma120=0.858|vr20=0.526|days_since_lu=0.114|dt_ratio20=NaN|lend_to_v=0.146|rev_yoy=0.804|o_turn=0.756|o_log_mcap=0.308|o_lu_follow=0.786,"官方日成交結構(MI_INDEX/dailyQuotes)=1|發行股數(MI_QFIIS/dailyQuotes)=1|外資持股(MI_QFIIS,僅上市)=0|自營商(T86/上櫃三大法人)=1|當沖(TWTB4U/上櫃intraday)=1|季財報(MOPS t163sb04)=1|月營收(MOPS/openapi)=1|官方產業別(MOPS t05st03)=1|融資券(MI_MARGN)=1|借券(TWT93U)=1|法人(T86)=1",917,inf,250.0,official_prepanel,1983.7,39.0,0.0,0.0,0,1,1.918,6.575,15.753,1186.0,0,未扣成本·事後欄位以 m_ 標示·非投資建議
HC,2,2026-05-04,2026-05-05,1595,川寶,TPEx,R,R_core,fCD,R2@5,6,95,漏網,53,-0.928859,,atr14=0.898|n_lu_250=0.864|r20=0.993|c_ma120=0.967|vr20=0.971|days_since_lu=0.008|dt_ratio20=NaN|lend_to_v=0.094|rev_yoy=0.096|o_turn=0.993|o_log_mcap=0.208|o_lu_follow=0.919,"官方日成交結構(MI_INDEX/dailyQuotes)=1|發行股數(MI_QFIIS/dailyQuotes)=1|外資持股(MI_QFIIS,僅上市)=0|自營商(T86/上櫃三大法人)=1|當沖(TWTB4U/上櫃intraday)=1|季財報(MOPS t163sb04)=1|月營收(MOPS/openapi)=1|官方產業別(MOPS t05st03)=1|融資券(MI_MARGN)=1|借券(TWT93U)=1|法人(T86)=1",918,inf,250.0,official_prepanel,3257.25,65.0,0.0,2.0,0,1,12.185,24.636,18.675,5480.0,0,未扣成本·事後欄位以 m_ 標示·非投資建議
HC,2,2026-05-04,2026-05-05,3228,金麗科,TPEx,R,R_core,fCD,R2@5,22,95,漏網,82,-1.834104,,atr14=0.864|n_lu_250=0.904|r20=0.950|c_ma120=0.903|vr20=0.312|days_since_lu=0.102|dt_ratio20=NaN|lend_to_v=0.036|rev_yoy=0.508|o_turn=0.631|o_log_mcap=0.555|o_lu_follow=0.876,"官方日成交結構(MI_INDEX/dailyQuotes)=1|發行股數(MI_QFIIS/dailyQuotes)=1|外資持股(MI_QFIIS,僅上市)=0|自營商(T86/上櫃三大法人)=1|當沖(TWTB4U/上櫃intraday)=0|季財報(MOPS t163sb04)=1|月營收(MOPS/openapi)=1|官方產業別(MOPS t05st03)=1|融資券(MI_MARGN)=1|借券(TWT93U)=1|法人(T86)=1",918,inf,250.0,official_prepanel,1090.45,10.0,1.0,3.0,0,1,5.263,15.55,-5.263,1171.0,1,未扣成本·事後欄位以 m_ 標示·非投資建議
HC,2,2026-05-04,2026-05-05,4556,旭然,TPEx,R,R_core,fCD,R2@5,38,95,漏網,123,-2.26838,,atr14=0.940|n_lu_250=0.782|r20=0.890|c_ma120=0.852|vr20=0.093|days_since_lu=0.102|dt_ratio20=NaN|lend_to_v=0.036|rev_yoy=0.362|o_turn=0.567|o_log_mcap=0.026|o_lu_follow=0.985,"官方日成交結構(MI_INDEX/dailyQuotes)=1|發行股數(MI_QFIIS/dailyQuotes)=1|外資持股(MI_QFIIS,僅上市)=0|自營商(T86/上櫃三大法人)=1|當沖(TWTB4U/上櫃intraday)=1|季財報(MOPS t163sb04)=1|月營收(MOPS/openapi)=1|官方產業別(MOPS t05st03)=1|融資券(MI_MARGN)=1|借券(TWT93U)=1|法人(T86)=1",918,inf,250.0,official_prepanel,793.25,15.0,0.0,1.0,0,1,9.916,27.235,8.38,1582.0,0,未扣成本·事後欄位以 m_ 標示·非投資建議
HC,2,2026-05-05,2026-05-06,6526,達發,TWSE,R,R_core,fCD,R2@5,63,88,漏網,264,-2.918908,,atr14=0.792|n_lu_250=0.563|r20=0.795|c_ma120=0.775|vr20=0.890|days_since_lu=0.154|dt_ratio20=0.720|lend_to_v=0.418|rev_yoy=0.412|o_turn=0.729|o_log_mcap=0.873|o_lu_follow=0.792,"官方日成交結構(MI_INDEX/dailyQuotes)=1|發行股數(MI_QFIIS/dailyQuotes)=1|外資持股(MI_QFIIS,僅上市)=1|自營商(T86/上櫃三大法人)=1|當沖(TWTB4U/上櫃intraday)=1|季財報(MOPS t163sb04)=1|月營收(MOPS/openapi)=1|官方產業別(MOPS t05st03)=1|融資券(MI_MARGN)=1|借券(TWT93U)=1|法人(T86)=1",614,614.0,250.0,official,1520.1,30.0,0.0,0.0,0,1,2.025,14.33,0.779,5120.0,0,未扣成本·事後欄位以 m_ 標示·非投資建議
HC,2,2026-05-06,2026-05-07,6532,瑞耘,TPEx,R,R_core,fCD,R2@5,75,97,漏網,147,-3.01334,,atr14=0.923|n_lu_250=0.762|r20=0.847|c_ma120=0.887|vr20=0.153|days_since_lu=0.151|dt_ratio20=NaN|lend_to_v=0.260|rev_yoy=0.240|o_turn=0.850|o_log_mcap=0.158|o_lu_follow=0.303,"官方日成交結構(MI_INDEX/dailyQuotes)=1|發行股數(MI_QFIIS/dailyQuotes)=1|外資持股(MI_QFIIS,僅上市)=0|自營商(T86/上櫃三大法人)=1|當沖(TWTB4U/上櫃intraday)=1|季財報(MOPS t163sb04)=1|月營收(MOPS/openapi)=1|官方產業別(MOPS t05st03)=1|融資券(MI_MARGN)=1|借券(TWT93U)=1|法人(T86)=1",920,inf,250.0,official_prepanel,2692.7,53.0,0.0,0.0,0,1,2.463,0.0,-4.631,1198.0,0,未扣成本·事後欄位以 m_ 標示·非投資建議
HC,2,2026-05-08,2026-05-11,1721,國慶科技,TWSE,R,R_core,fCD,R2@5,7,80,漏網,22,-1.280121,,atr14=0.927|n_lu_250=0.947|r20=0.976|c_ma120=0.941|vr20=0.115|days_since_lu=0.079|dt_ratio20=NaN|lend_to_v=0.020|rev_yoy=0.091|o_turn=0.653|o_log_mcap=0.268|o_lu_follow=0.974,"官方日成交結構(MI_INDEX/dailyQuotes)=1|發行股數(MI_QFIIS/dailyQuotes)=1|外資持股(MI_QFIIS,僅上市)=1|自營商(T86/上櫃三大法人)=1|當沖(TWTB4U/上櫃intraday)=0|季財報(MOPS t163sb04)=1|月營收(MOPS/openapi)=1|官方產業別(MOPS t05st03)=1|融資券(MI_MARGN)=1|借券(TWT93U)=1|法人(T86)=1",922,inf,250.0,official_prepanel,6537.7,65.0,1.0,0.0,0,1,8.478,8.651,0.346,12327.0,0,未扣成本·事後欄位以 m_ 標示·非投資建議
HC,2,2026-05-08,2026-05-11,3498,陽程,TPEx,R,R_core,fCD,R2@5,22,80,漏網,147,-1.841203,,atr14=0.861|n_lu_250=0.939|r20=0.634|c_ma120=0.903|vr20=0.258|days_since_lu=0.111|dt_ratio20=NaN|lend_to_v=0.143|rev_yoy=0.946|o_turn=0.888|o_log_mcap=0.289|o_lu_follow=0.823,"官方日成交結構(MI_INDEX/dailyQuotes)=1|發行股數(MI_QFIIS/dailyQuotes)=1|外資持股(MI_QFIIS,僅上市)=0|自營商(T86/上櫃三大法人)=1|當沖(TWTB4U/上櫃intraday)=1|季財報(MOPS t163sb04)=1|月營收(MOPS/openapi)=1|官方產業別(MOPS t05st03)=1|融資券(MI_MARGN)=1|借券(TWT93U)=1|法人(T86)=1",922,inf,250.0,official_prepanel,4678.85,93.0,0.0,0.0,1,0,0.0,45.366,56.098,1460.0,0,未扣成本·事後欄位以 m_ 標示·非投資建議
HC,2,2026-05-08,2026-05-11,6658,聯策,TWSE,R,R_core,fCD,R2@5,29,80,漏網,61,-2.004967,,atr14=0.742|n_lu_250=0.902|r20=0.998|c_ma120=0.997|vr20=0.014|days_since_lu=0.157|dt_ratio20=NaN|lend_to_v=0.084|rev_yoy=0.854|o_turn=0.620|o_log_mcap=0.291|o_lu_follow=0.981,"官方日成交結構(MI_INDEX/dailyQuotes)=1|發行股數(MI_QFIIS/dailyQuotes)=1|外資持股(MI_QFIIS,僅上市)=1|自營商(T86/上櫃三大法人)=1|當沖(TWTB4U/上櫃intraday)=0|季財報(MOPS t163sb04)=1|月營收(MOPS/openapi)=1|官方產業別(MOPS t05st03)=1|融資券(MI_MARGN)=1|借券(TWT93U)=1|法人(T86)=1",607,607.0,250.0,official,2548.45,25.0,1.0,3.0,0,1,6.325,16.867,16.265,571.0,1,未扣成本·事後欄位以 m_ 標示·非投資建議
HC,2,2026-05-11,2026-05-12,6218,豪勉,TPEx,R,R_core,fCD,R2@5,29,72,漏網,184,-1.972107,,atr14=0.909|n_lu_250=0.850|r20=0.502|c_ma120=0.888|vr20=0.202|days_since_lu=0.160|dt_ratio20=NaN|lend_to_v=0.078|rev_yoy=0.119|o_turn=0.847|o_log_mcap=0.097|o_lu_follow=0.800,"官方日成交結構(MI_INDEX/dailyQuotes)=1|發行股數(MI_QFIIS/dailyQuotes)=1|外資持股(MI_QFIIS,僅上市)=0|自營商(T86/上櫃三大法人)=1|當沖(TWTB4U/上櫃intraday)=1|季財報(MOPS t163sb04)=1|月營收(MOPS/openapi)=1|官方產業別(MOPS t05st03)=1|融資券(MI_MARGN)=1|借券(TWT93U)=1|法人(T86)=1",923,inf,250.0,official_prepanel,3493.05,69.0,0.0,0.0,0,1,8.037,7.773,6.192,4178.0,0,未扣成本·事後欄位以 m_ 標示·非投資建議
HC,2,2026-05-13,2026-05-14,6451,訊芯-KY,TWSE,R,R_core,fCD,R2@5,31,96,漏網,155,-1.837497,,atr14=0.979|n_lu_250=0.963|r20=0.449|c_ma120=0.984|vr20=0.934|days_since_lu=0.154|dt_ratio20=NaN|lend_to_v=0.405|rev_yoy=0.260|o_turn=0.947|o_log_mcap=0.819|o_lu_follow=0.973,"官方日成交結構(MI_INDEX/dailyQuotes)=1|發行股數(MI_QFIIS/dailyQuotes)=1|外資持股(MI_QFIIS,僅上市)=1|自營商(T86/上櫃三大法人)=1|當沖(TWTB4U/上櫃intraday)=1|季財報(MOPS t163sb04)=1|月營收(MOPS/openapi)=1|官方產業別(MOPS t05st03)=1|融資券(MI_MARGN)=1|借券(TWT93U)=1|法人(T86)=1",925,inf,250.0,official_prepanel,3160.35,63.0,0.0,0.0,0,1,8.471,0.31,24.38,10570.0,0,未扣成本·事後欄位以 m_ 標示·非投資建議
HC,2,2026-05-14,2026-05-15,3379,彬台,TPEx,R,R_core,fCD,R2@5,94,97,漏網,884,-3.748821,,atr14=0.751|n_lu_250=0.764|r20=0.189|c_ma120=0.023|vr20=0.357|days_since_lu=0.223|dt_ratio20=NaN|lend_to_v=0.383|rev_yoy=0.008|o_turn=0.583|o_log_mcap=0.022|o_lu_follow=0.780,"官方日成交結構(MI_INDEX/dailyQuotes)=1|發行股數(MI_QFIIS/dailyQuotes)=1|外資持股(MI_QFIIS,僅上市)=0|自營商(T86/上櫃三大法人)=1|當沖(TWTB4U/上櫃intraday)=1|季財報(MOPS t163sb04)=1|月營收(MOPS/openapi)=1|官方產業別(MOPS t05st03)=1|融資券(MI_MARGN)=1|借券(TWT93U)=1|法人(T86)=1",926,inf,250.0,official_prepanel,557.1,11.0,0.0,0.0,0,1,9.956,21.523,15.52,1008.0,0,未扣成本·事後欄位以 m_ 標示·非投資建議
HC,2,2026-05-14,2026-05-15,4562,穎漢,TWSE,R,R_core,fCD,R2@5,86,97,漏網,573,-3.462341,,atr14=0.765|n_lu_250=0.883|r20=0.248|c_ma120=0.355|vr20=0.023|days_since_lu=0.160|dt_ratio20=0.901|lend_to_v=0.541|rev_yoy=0.465|o_turn=0.353|o_log_mcap=0.152|o_lu_follow=0.858,"官方日成交結構(MI_INDEX/dailyQuotes)=1|發行股數(MI_QFIIS/dailyQuotes)=1|外資持股(MI_QFIIS,僅上市)=1|自營商(T86/上櫃三大法人)=1|當沖(TWTB4U/上櫃intraday)=1|季財報(MOPS t163sb04)=1|月營收(MOPS/openapi)=1|官方產業別(MOPS t05st03)=1|融資券(MI_MARGN)=1|借券(TWT93U)=1|法人(T86)=1",926,inf,250.0,official_prepanel,1454.3,29.0,0.0,0.0,0,1,9.231,14.126,12.727,3603.0,0,未扣成本·事後欄位以 m_ 標示·非投資建議
HC,2,2026-05-15,2026-05-18,3055,蔚華科,TWSE,R,R_core,fCD,R2@5,14,101,漏網,72,-1.462899,,atr14=0.894|n_lu_250=0.812|r20=0.997|c_ma120=0.914|vr20=0.843|days_since_lu=0.056|dt_ratio20=0.801|lend_to_v=0.168|rev_yoy=0.961|o_turn=0.882|o_log_mcap=0.510|o_lu_follow=0.833,"官方日成交結構(MI_INDEX/dailyQuotes)=1|發行股數(MI_QFIIS/dailyQuotes)=1|外資持股(MI_QFIIS,僅上市)=1|自營商(T86/上櫃三大法人)=1|當沖(TWTB4U/上櫃intraday)=1|季財報(MOPS t163sb04)=1|月營收(MOPS/openapi)=1|官方產業別(MOPS t05st03)=1|融資券(MI_MARGN)=1|借券(TWT93U)=1|法人(T86)=1",927,inf,250.0,official_prepanel,3497.2,69.0,0.0,3.0,0,1,9.709,14.563,4.854,4293.0,0,未扣成本·事後欄位以 m_ 標示·非投資建議
HC,2,2026-05-15,2026-05-18,7709,榮田,TPEx,R,R_relax,fH125|fCD,R2@5,91,101,漏網,170,-3.242842,,atr14=0.904|n_lu_250=0.857|r20=0.615|c_ma120=0.863|vr20=0.131|days_since_lu=0.143|dt_ratio20=NaN|lend_to_v=0.095|rev_yoy=0.865|o_turn=0.425|o_log_mcap=0.144|o_lu_follow=0.793,"官方日成交結構(MI_INDEX/dailyQuotes)=1|發行股數(MI_QFIIS/dailyQuotes)=1|外資持股(MI_QFIIS,僅上市)=0|自營商(T86/上櫃三大法人)=1|當沖(TWTB4U/上櫃intraday)=1|季財報(MOPS t163sb04)=1|月營收(MOPS/openapi)=1|官方產業別(MOPS t05st03)=1|融資券(MI_MARGN)=1|借券(TWT93U)=1|法人(T86)=1",297,297.0,250.0,official,544.5,10.0,0.0,0.0,0,1,10.263,19.211,45.395,680.0,0,未扣成本·事後欄位以 m_ 標示·非投資建議
HC,2,2026-05-19,2026-05-20,2492,華新科,TWSE,R,R_core,fCD,R2@5,72,107,漏網,47,-2.749935,,atr14=0.802|n_lu_250=0.915|r20=0.990|c_ma120=0.961|vr20=0.256|days_since_lu=0.055|dt_ratio20=0.876|lend_to_v=0.059|rev_yoy=0.556|o_turn=0.770|o_log_mcap=0.883|o_lu_follow=0.501,"官方日成交結構(MI_INDEX/dailyQuotes)=1|發行股數(MI_QFIIS/dailyQuotes)=1|外資持股(MI_QFIIS,僅上市)=1|自營商(T86/上櫃三大法人)=1|當沖(TWTB4U/上櫃intraday)=0|季財報(MOPS t163sb04)=1|月營收(MOPS/openapi)=1|官方產業別(MOPS t05st03)=1|融資券(MI_MARGN)=1|借券(TWT93U)=1|法人(T86)=1",929,inf,250.0,official_prepanel,19638.25,196.0,1.0,4.0,0,1,8.036,46.652,103.571,9973.0,1,未扣成本·事後欄位以 m_ 標示·非投資建議
HC,2,2026-05-19,2026-05-20,3048,益登,TWSE,R,R_core,fCD,R2@5,52,107,漏網,145,-2.158428,,atr14=0.652|n_lu_250=0.809|r20=0.985|c_ma120=0.893|vr20=0.928|days_since_lu=0.034|dt_ratio20=0.899|lend_to_v=0.133|rev_yoy=0.640|o_turn=0.960|o_log_mcap=0.581|o_lu_follow=0.983,"官方日成交結構(MI_INDEX/dailyQuotes)=1|發行股數(MI_QFIIS/dailyQuotes)=1|外資持股(MI_QFIIS,僅上市)=1|自營商(T86/上櫃三大法人)=1|當沖(TWTB4U/上櫃intraday)=1|季財報(MOPS t163sb04)=1|月營收(MOPS/openapi)=1|官方產業別(MOPS t05st03)=1|融資券(MI_MARGN)=1|借券(TWT93U)=1|法人(T86)=1",929,inf,250.0,official_prepanel,12414.05,248.0,0.0,1.0,0,1,4.576,23.729,27.458,13867.0,0,未扣成本·事後欄位以 m_ 標示·非投資建議
HC,2,2026-05-19,2026-05-20,6449,鈺邦,TWSE,R,R_core,fCD,R2@5,47,107,漏網,87,-2.079657,,atr14=0.802|n_lu_250=0.855|r20=0.979|c_ma120=0.902|vr20=0.716|days_since_lu=0.034|dt_ratio20=0.785|lend_to_v=0.168|rev_yoy=0.677|o_turn=0.803|o_log_mcap=0.663|o_lu_follow=0.887,"官方日成交結構(MI_INDEX/dailyQuotes)=1|發行股數(MI_QFIIS/dailyQuotes)=1|外資持股(MI_QFIIS,僅上市)=1|自營商(T86/上櫃三大法人)=1|當沖(TWTB4U/上櫃intraday)=0|季財報(MOPS t163sb04)=1|月營收(MOPS/openapi)=1|官方產業別(MOPS t05st03)=1|融資券(MI_MARGN)=1|借券(TWT93U)=1|法人(T86)=1",929,inf,250.0,official_prepanel,2374.5,23.0,1.0,3.0,0,1,7.4,40.8,48.8,1527.0,1,未扣成本·事後欄位以 m_ 標示·非投資建議
HC,2,2026-05-20,2026-05-21,2426,鼎元,TWSE,R,R_core,fCD,R2@5,20,85,漏網,18,-1.602484,,atr14=0.916|n_lu_250=0.946|r20=0.954|c_ma120=0.998|vr20=0.004|days_since_lu=0.206|dt_ratio20=NaN|lend_to_v=0.247|rev_yoy=0.167|o_turn=0.531|o_log_mcap=0.644|o_lu_follow=0.997,"官方日成交結構(MI_INDEX/dailyQuotes)=1|發行股數(MI_QFIIS/dailyQuotes)=1|外資持股(MI_QFIIS,僅上市)=1|自營商(T86/上櫃三大法人)=1|當沖(TWTB4U/上櫃intraday)=0|季財報(MOPS t163sb04)=1|月營收(MOPS/openapi)=1|官方產業別(MOPS t05st03)=1|融資券(MI_MARGN)=1|借券(TWT93U)=1|法人(T86)=1",930,inf,250.0,official_prepanel,14288.85,142.0,1.0,0.0,0,1,8.143,11.277,6.271,4141.0,1,未扣成本·事後欄位以 m_ 標示·非投資建議
HC,2,2026-05-20,2026-05-21,3026,禾伸堂,TWSE,R,R_core,fCD,R2@5,21,85,漏網,21,-1.603738,,atr14=0.886|n_lu_250=0.910|r20=0.993|c_ma120=0.999|vr20=0.197|days_since_lu=0.027|dt_ratio20=NaN|lend_to_v=0.105|rev_yoy=0.626|o_turn=0.805|o_log_mcap=0.835|o_lu_follow=0.944,"官方日成交結構(MI_INDEX/dailyQuotes)=1|發行股數(MI_QFIIS/dailyQuotes)=1|外資持股(MI_QFIIS,僅上市)=1|自營商(T86/上櫃三大法人)=1|當沖(TWTB4U/上櫃intraday)=0|季財報(MOPS t163sb04)=1|月營收(MOPS/openapi)=1|官方產業別(MOPS t05st03)=1|融資券(MI_MARGN)=1|借券(TWT93U)=1|法人(T86)=1",930,inf,250.0,official_prepanel,9163.5,91.0,1.0,2.0,0,1,1.285,42.056,49.533,2080.0,1,未扣成本·事後欄位以 m_ 標示·非投資建議
HC,2,2026-05-20,2026-05-21,3481,群創,TWSE,R,R_core,fCD,R2@5,31,85,漏網,61,-1.828813,,atr14=0.845|n_lu_250=0.798|r20=0.980|c_ma120=0.955|vr20=0.855|days_since_lu=0.105|dt_ratio20=0.969|lend_to_v=0.422|rev_yoy=0.480|o_turn=0.961|o_log_mcap=0.943|o_lu_follow=0.836,"官方日成交結構(MI_INDEX/dailyQuotes)=1|發行股數(MI_QFIIS/dailyQuotes)=1|外資持股(MI_QFIIS,僅上市)=1|自營商(T86/上櫃三大法人)=1|當沖(TWTB4U/上櫃intraday)=1|季財報(MOPS t163sb04)=1|月營收(MOPS/openapi)=1|官方產業別(MOPS t05st03)=1|融資券(MI_MARGN)=1|借券(TWT93U)=1|法人(T86)=1",930,inf,250.0,official_prepanel,565500.94,11310.0,0.0,2.0,0,1,6.842,32.105,56.316,524601.0,0,未扣成本·事後欄位以 m_ 標示·非投資建議
HC,2,2026-05-20,2026-05-21,3532,台勝科,TWSE,R,R_core,fCD,R2@5,64,85,漏網,38,-2.958122,,atr14=0.972|n_lu_250=0.938|r20=0.853|c_ma120=0.911|vr20=0.018|days_since_lu=0.206|dt_ratio20=NaN|lend_to_v=0.364|rev_yoy=0.521|o_turn=0.181|o_log_mcap=0.852|o_lu_follow=0.833,"官方日成交結構(MI_INDEX/dailyQuotes)=1|發行股數(MI_QFIIS/dailyQuotes)=1|外資持股(MI_QFIIS,僅上市)=1|自營商(T86/上櫃三大法人)=1|當沖(TWTB4U/上櫃intraday)=0|季財報(MOPS t163sb04)=1|月營收(MOPS/openapi)=1|官方產業別(MOPS t05st03)=1|融資券(MI_MARGN)=1|借券(TWT93U)=1|法人(T86)=1",930,inf,250.0,official_prepanel,4161.5,41.0,1.0,1.0,1,0,0.0,28.54,39.159,957.0,1,未扣成本·事後欄位以 m_ 標示·非投資建議
HC,2,2026-05-20,2026-05-21,6173,信昌電,TPEx,R,R_core,fCD,R2@5,9,85,漏網,15,-1.270814,,atr14=0.901|n_lu_250=0.925|r20=0.999|c_ma120=0.994|vr20=0.368|days_since_lu=0.105|dt_ratio20=NaN|lend_to_v=0.121|rev_yoy=0.619|o_turn=0.802|o_log_mcap=0.706|o_lu_follow=0.922,"官方日成交結構(MI_INDEX/dailyQuotes)=1|發行股數(MI_QFIIS/dailyQuotes)=1|外資持股(MI_QFIIS,僅上市)=0|自營商(T86/上櫃三大法人)=1|當沖(TWTB4U/上櫃intraday)=0|季財報(MOPS t163sb04)=1|月營收(MOPS/openapi)=1|官方產業別(MOPS t05st03)=1|融資券(MI_MARGN)=1|借券(TWT93U)=1|法人(T86)=1",930,inf,250.0,official_prepanel,6913.8,69.0,1.0,4.0,0,1,1.156,30.636,33.237,1065.0,1,未扣成本·事後欄位以 m_ 標示·非投資建議
HC,2,2026-05-20,2026-05-21,6278,台表科,TWSE,R,R_core,fCD,R2@5,57,85,漏網,62,-2.548752,,atr14=0.972|n_lu_250=0.702|r20=0.951|c_ma120=0.970|vr20=0.710|days_since_lu=0.067|dt_ratio20=NaN|lend_to_v=0.441|rev_yoy=0.358|o_turn=0.934|o_log_mcap=0.828|o_lu_follow=0.947,"官方日成交結構(MI_INDEX/dailyQuotes)=1|發行股數(MI_QFIIS/dailyQuotes)=1|外資持股(MI_QFIIS,僅上市)=1|自營商(T86/上櫃三大法人)=1|當沖(TWTB4U/上櫃intraday)=1|季財報(MOPS t163sb04)=1|月營收(MOPS/openapi)=1|官方產業別(MOPS t05st03)=1|融資券(MI_MARGN)=1|借券(TWT93U)=1|法人(T86)=1",930,inf,250.0,official_prepanel,17239.85,344.0,0.0,1.0,0,1,4.695,10.563,-1.878,13848.0,0,未扣成本·事後欄位以 m_ 標示·非投資建議
HC,2,2026-05-20,2026-05-21,6727,亞泰金屬,TPEx,R,R_core,fCD,R2@5,23,85,漏網,24,-1.627934,,atr14=0.966|n_lu_250=0.966|r20=0.875|c_ma120=0.987|vr20=0.812|days_since_lu=0.160|dt_ratio20=NaN|lend_to_v=0.040|rev_yoy=0.835|o_turn=0.978|o_log_mcap=0.532|o_lu_follow=0.958,"官方日成交結構(MI_INDEX/dailyQuotes)=1|發行股數(MI_QFIIS/dailyQuotes)=1|外資持股(MI_QFIIS,僅上市)=0|自營商(T86/上櫃三大法人)=1|當沖(TWTB4U/上櫃intraday)=1|季財報(MOPS t163sb04)=1|月營收(MOPS/openapi)=1|官方產業別(MOPS t05st03)=1|融資券(MI_MARGN)=1|借券(TWT93U)=1|法人(T86)=1",930,inf,250.0,official_prepanel,3032.2,60.0,0.0,1.0,0,1,5.814,21.899,1.163,2103.0,0,未扣成本·事後欄位以 m_ 標示·非投資建議
HC,2,2026-05-21,2026-05-22,3577,泓格,TPEx,R,R_core,fCD,R2@5,33,70,漏網,64,-2.120662,,atr14=0.786|n_lu_250=0.787|r20=0.995|c_ma120=0.983|vr20=0.949|days_since_lu=0.049|dt_ratio20=NaN|lend_to_v=0.160|rev_yoy=0.913|o_turn=0.905|o_log_mcap=0.407|o_lu_follow=0.290,"官方日成交結構(MI_INDEX/dailyQuotes)=1|發行股數(MI_QFIIS/dailyQuotes)=1|外資持股(MI_QFIIS,僅上市)=0|自營商(T86/上櫃三大法人)=1|當沖(TWTB4U/上櫃intraday)=1|季財報(MOPS t163sb04)=1|月營收(MOPS/openapi)=1|官方產業別(MOPS t05st03)=1|融資券(MI_MARGN)=1|借券(TWT93U)=1|法人(T86)=1",931,inf,250.0,official_prepanel,1090.85,21.0,0.0,3.0,0,1,1.748,12.587,-1.748,2040.0,0,未扣成本·事後欄位以 m_ 標示·非投資建議
HC,2,2026-05-21,2026-05-22,3615,安可,TPEx,R,R_core,fCD,R2@5,8,70,漏網,55,-1.051842,,atr14=0.870|n_lu_250=0.835|r20=0.961|c_ma120=0.909|vr20=0.953|days_since_lu=0.031|dt_ratio20=NaN|lend_to_v=0.086|rev_yoy=0.056|o_turn=0.994|o_log_mcap=0.141|o_lu_follow=0.488,"官方日成交結構(MI_INDEX/dailyQuotes)=1|發行股數(MI_QFIIS/dailyQuotes)=1|外資持股(MI_QFIIS,僅上市)=0|自營商(T86/上櫃三大法人)=1|當沖(TWTB4U/上櫃intraday)=1|季財報(MOPS t163sb04)=1|月營收(MOPS/openapi)=1|官方產業別(MOPS t05st03)=1|融資券(MI_MARGN)=1|借券(TWT93U)=1|法人(T86)=1",931,inf,250.0,official_prepanel,6145.1,122.0,0.0,1.0,0,1,7.701,10.306,31.144,15568.0,0,未扣成本·事後欄位以 m_ 標示·非投資建議
HC,2,2026-05-21,2026-05-22,6531,愛普*,TWSE,R,R_core,fCD,R2@5,39,70,漏網,49,-2.222293,,atr14=0.999|n_lu_250=0.835|r20=0.827|c_ma120=0.956|vr20=0.953|days_since_lu=0.117|dt_ratio20=NaN|lend_to_v=0.101|rev_yoy=0.915|o_turn=0.978|o_log_mcap=0.906|o_lu_follow=0.204,"官方日成交結構(MI_INDEX/dailyQuotes)=1|發行股數(MI_QFIIS/dailyQuotes)=1|外資持股(MI_QFIIS,僅上市)=1|自營商(T86/上櫃三大法人)=1|當沖(TWTB4U/上櫃intraday)=1|季財報(MOPS t163sb04)=1|月營收(MOPS/openapi)=1|官方產業別(MOPS t05st03)=1|融資券(MI_MARGN)=1|借券(TWT93U)=1|法人(T86)=1",931,inf,250.0,official_prepanel,7553.9,151.0,0.0,2.0,0,1,4.788,19.151,14.799,8160.0,0,未扣成本·事後欄位以 m_ 標示·非投資建議
HC,2,2026-05-21,2026-05-22,6658,聯策,TWSE,R,R_core,fCD,R2@5,12,70,漏網,6,-1.31731,,atr14=0.957|n_lu_250=0.921|r20=0.998|c_ma120=0.998|vr20=0.552|days_since_lu=0.102|dt_ratio20=NaN|lend_to_v=0.078|rev_yoy=0.091|o_turn=0.923|o_log_mcap=0.323|o_lu_follow=0.982,"官方日成交結構(MI_INDEX/dailyQuotes)=1|發行股數(MI_QFIIS/dailyQuotes)=1|外資持股(MI_QFIIS,僅上市)=1|自營商(T86/上櫃三大法人)=1|當沖(TWTB4U/上櫃intraday)=1|季財報(MOPS t163sb04)=1|月營收(MOPS/openapi)=1|官方產業別(MOPS t05st03)=1|融資券(MI_MARGN)=1|借券(TWT93U)=1|法人(T86)=1",616,616.0,250.0,official,2217.0,44.0,0.0,1.0,0,1,8.427,21.629,14.045,1381.0,0,未扣成本·事後欄位以 m_ 標示·非投資建議
HC,2,2026-05-22,2026-05-25,2302,麗正,TWSE,R,R_core,fCD,R2@5,7,64,漏網,113,-1.282557,,atr14=0.855|n_lu_250=0.670|r20=0.977|c_ma120=0.886|vr20=0.847|days_since_lu=0.142|dt_ratio20=0.777|lend_to_v=0.107|rev_yoy=0.692|o_turn=0.899|o_log_mcap=0.240|o_lu_follow=0.872,"官方日成交結構(MI_INDEX/dailyQuotes)=1|發行股數(MI_QFIIS/dailyQuotes)=1|外資持股(MI_QFIIS,僅上市)=1|自營商(T86/上櫃三大法人)=1|當沖(TWTB4U/上櫃intraday)=1|季財報(MOPS t163sb04)=1|月營收(MOPS/openapi)=1|官方產業別(MOPS t05st03)=1|融資券(MI_MARGN)=1|借券(TWT93U)=1|法人(T86)=1",932,inf,250.0,official_prepanel,4998.85,99.0,0.0,0.0,0,1,8.995,32.275,19.224,9364.0,0,未扣成本·事後欄位以 m_ 標示·非投資建議
HC,2,2026-05-22,2026-05-25,2464,盟立,TWSE,R,R_core,fCD,R2@5,18,64,漏網,83,-1.608185,,atr14=0.933|n_lu_250=0.616|r20=0.990|c_ma120=0.979|vr20=0.731|days_since_lu=0.093|dt_ratio20=0.993|lend_to_v=0.085|rev_yoy=0.655|o_turn=0.996|o_log_mcap=0.722|o_lu_follow=0.515,"官方日成交結構(MI_INDEX/dailyQuotes)=1|發行股數(MI_QFIIS/dailyQuotes)=1|外資持股(MI_QFIIS,僅上市)=1|自營商(T86/上櫃三大法人)=1|當沖(TWTB4U/上櫃intraday)=1|季財報(MOPS t163sb04)=1|月營收(MOPS/openapi)=1|官方產業別(MOPS t05st03)=1|融資券(MI_MARGN)=1|借券(TWT93U)=1|法人(T86)=1",932,inf,250.0,official_prepanel,29869.8,597.0,0.0,1.0,0,1,1.282,18.269,5.769,8728.0,0,未扣成本·事後欄位以 m_ 標示·非投資建議
HC,2,2026-05-22,2026-05-25,6207,雷科,TPEx,R,R_core,fCD,R2@5,17,64,漏網,42,-1.523557,,atr14=0.930|n_lu_250=0.810|r20=0.985|c_ma120=0.952|vr20=0.917|days_since_lu=0.025|dt_ratio20=NaN|lend_to_v=0.091|rev_yoy=0.352|o_turn=1.000|o_log_mcap=0.351|o_lu_follow=0.504,"官方日成交結構(MI_INDEX/dailyQuotes)=1|發行股數(MI_QFIIS/dailyQuotes)=1|外資持股(MI_QFIIS,僅上市)=0|自營商(T86/上櫃三大法人)=1|當沖(TWTB4U/上櫃intraday)=1|季財報(MOPS t163sb04)=1|月營收(MOPS/openapi)=1|官方產業別(MOPS t05st03)=1|融資券(MI_MARGN)=1|借券(TWT93U)=1|法人(T86)=1",932,inf,250.0,official_prepanel,15073.0,301.0,0.0,2.0,0,1,6.237,19.892,55.376,10084.0,0,未扣成本·事後欄位以 m_ 標示·非投資建議
HC,2,2026-05-26,2026-05-27,2375,凱美,TWSE,R,R_core,fCD,R2@5,14,105,漏網,119,-1.179364,,atr14=0.827|n_lu_250=0.834|r20=0.988|c_ma120=0.870|vr20=0.817|days_since_lu=0.057|dt_ratio20=0.972|lend_to_v=0.096|rev_yoy=0.289|o_turn=0.996|o_log_mcap=0.560|o_lu_follow=0.817,"官方日成交結構(MI_INDEX/dailyQuotes)=1|發行股數(MI_QFIIS/dailyQuotes)=1|外資持股(MI_QFIIS,僅上市)=1|自營商(T86/上櫃三大法人)=1|當沖(TWTB4U/上櫃intraday)=1|季財報(MOPS t163sb04)=1|月營收(MOPS/openapi)=1|官方產業別(MOPS t05st03)=1|融資券(MI_MARGN)=1|借券(TWT93U)=1|法人(T86)=1",934,inf,250.0,official_prepanel,12321.6,246.0,0.0,2.0,0,1,7.299,18.613,20.438,33132.0,0,未扣成本·事後欄位以 m_ 標示·非投資建議
HC,2,2026-05-26,2026-05-27,4973,廣穎,TPEx,R,R_core,fCD,R2@5,19,105,漏網,16,-1.26832,,atr14=0.950|n_lu_250=0.987|r20=0.946|c_ma120=0.990|vr20=0.828|days_since_lu=0.202|dt_ratio20=NaN|lend_to_v=0.056|rev_yoy=0.921|o_turn=0.999|o_log_mcap=0.392|o_lu_follow=0.972,"官方日成交結構(MI_INDEX/dailyQuotes)=1|發行股數(MI_QFIIS/dailyQuotes)=1|外資持股(MI_QFIIS,僅上市)=0|自營商(T86/上櫃三大法人)=1|當沖(TWTB4U/上櫃intraday)=1|季財報(MOPS t163sb04)=1|月營收(MOPS/openapi)=1|官方產業別(MOPS t05st03)=1|融資券(MI_MARGN)=1|借券(TWT93U)=1|法人(T86)=1",934,inf,250.0,official_prepanel,8337.3,166.0,0.0,0.0,1,0,0.0,12.59,26.619,2777.0,0,未扣成本·事後欄位以 m_ 標示·非投資建議
HC,2,2026-05-27,2026-05-28,4760,勤凱,TPEx,R,R_core,fCD,R2@5,27,113,漏網,36,-1.5941,,atr14=0.969|n_lu_250=0.850|r20=0.986|c_ma120=0.971|vr20=0.418|days_since_lu=0.059|dt_ratio20=NaN|lend_to_v=0.067|rev_yoy=0.867|o_turn=0.900|o_log_mcap=0.511|o_lu_follow=0.954,"官方日成交結構(MI_INDEX/dailyQuotes)=1|發行股數(MI_QFIIS/dailyQuotes)=1|外資持股(MI_QFIIS,僅上市)=0|自營商(T86/上櫃三大法人)=1|當沖(TWTB4U/上櫃intraday)=1|季財報(MOPS t163sb04)=1|月營收(MOPS/openapi)=1|官方產業別(MOPS t05st03)=1|融資券(MI_MARGN)=1|借券(TWT93U)=1|法人(T86)=1",935,inf,250.0,official_prepanel,2007.25,40.0,0.0,1.0,0,1,8.963,7.682,-4.353,2916.0,0,未扣成本·事後欄位以 m_ 標示·非投資建議
HC,2,2026-05-27,2026-05-28,7709,榮田,TPEx,R,R_relax,fH125|fCD,R2@5,56,113,漏網,105,-2.22796,,atr14=0.872|n_lu_250=0.892|r20=0.883|c_ma120=0.910|vr20=0.024|days_since_lu=0.168|dt_ratio20=NaN|lend_to_v=0.058|rev_yoy=0.865|o_turn=0.423|o_log_mcap=0.170|o_lu_follow=0.821,"官方日成交結構(MI_INDEX/dailyQuotes)=1|發行股數(MI_QFIIS/dailyQuotes)=1|外資持股(MI_QFIIS,僅上市)=0|自營商(T86/上櫃三大法人)=1|當沖(TWTB4U/上櫃intraday)=1|季財報(MOPS t163sb04)=1|月營收(MOPS/openapi)=1|官方產業別(MOPS t05st03)=1|融資券(MI_MARGN)=1|借券(TWT93U)=1|法人(T86)=1",305,305.0,250.0,official,754.65,15.0,0.0,0.0,0,1,6.349,34.392,22.751,833.0,0,未扣成本·事後欄位以 m_ 標示·非投資建議
HC,2,2026-05-28,2026-05-29,2061,風青,TPEx,R,R_core,fCD,R2@5,59,109,漏網,146,-2.23256,,atr14=0.678|n_lu_250=0.753|r20=0.992|c_ma120=0.968|vr20=0.064|days_since_lu=0.036|dt_ratio20=NaN|lend_to_v=0.095|rev_yoy=0.390|o_turn=0.711|o_log_mcap=0.060|o_lu_follow=0.547,"官方日成交結構(MI_INDEX/dailyQuotes)=1|發行股數(MI_QFIIS/dailyQuotes)=1|外資持股(MI_QFIIS,僅上市)=0|自營商(T86/上櫃三大法人)=1|當沖(TWTB4U/上櫃intraday)=0|季財報(MOPS t163sb04)=1|月營收(MOPS/openapi)=1|官方產業別(MOPS t05st03)=1|融資券(MI_MARGN)=1|借券(TWT93U)=1|法人(T86)=1",936,inf,250.0,official_prepanel,2551.0,25.0,1.0,3.0,0,1,5.523,27.326,-4.215,1839.0,1,未扣成本·事後欄位以 m_ 標示·非投資建議
HC,2,2026-05-28,2026-05-29,2356,英業達,TWSE,R,R_core,fCD,R2@5,88,109,漏網,286,-2.736699,,atr14=0.727|n_lu_250=0.452|r20=0.942|c_ma120=0.839|vr20=0.917|days_since_lu=0.075|dt_ratio20=0.758|lend_to_v=0.588|rev_yoy=0.749|o_turn=0.843|o_log_mcap=0.928|o_lu_follow=0.844,"官方日成交結構(MI_INDEX/dailyQuotes)=1|發行股數(MI_QFIIS/dailyQuotes)=1|外資持股(MI_QFIIS,僅上市)=1|自營商(T86/上櫃三大法人)=1|當沖(TWTB4U/上櫃intraday)=1|季財報(MOPS t163sb04)=1|月營收(MOPS/openapi)=1|官方產業別(MOPS t05st03)=1|融資券(MI_MARGN)=1|借券(TWT93U)=1|法人(T86)=1",936,inf,250.0,official_prepanel,65594.9,1311.0,0.0,0.0,0,1,3.084,14.244,-3.965,220829.0,0,未扣成本·事後欄位以 m_ 標示·非投資建議
HC,2,2026-05-28,2026-05-29,3481,群創,TWSE,R,R_core,fCD,R2@5,34,109,漏網,11,-1.754334,,atr14=0.977|n_lu_250=0.890|r20=0.998|c_ma120=0.982|vr20=0.850|days_since_lu=0.008|dt_ratio20=0.964|lend_to_v=0.382|rev_yoy=0.480|o_turn=0.992|o_log_mcap=0.954|o_lu_follow=0.900,"官方日成交結構(MI_INDEX/dailyQuotes)=1|發行股數(MI_QFIIS/dailyQuotes)=1|外資持股(MI_QFIIS,僅上市)=1|自營商(T86/上櫃三大法人)=1|當沖(TWTB4U/上櫃intraday)=1|季財報(MOPS t163sb04)=1|月營收(MOPS/openapi)=1|官方產業別(MOPS t05st03)=1|融資券(MI_MARGN)=1|借券(TWT93U)=1|法人(T86)=1",936,inf,250.0,official_prepanel,755849.06,15116.0,0.0,3.0,0,1,5.046,14.933,-1.062,897328.0,0,未扣成本·事後欄位以 m_ 標示·非投資建議
HC,2,2026-05-28,2026-05-29,3532,台勝科,TWSE,R,R_core,fCD,R2@5,18,109,漏網,19,-1.428295,,atr14=0.876|n_lu_250=0.967|r20=0.987|c_ma120=0.983|vr20=0.911|days_since_lu=0.036|dt_ratio20=NaN|lend_to_v=0.316|rev_yoy=0.519|o_turn=0.783|o_log_mcap=0.887|o_lu_follow=0.929,"官方日成交結構(MI_INDEX/dailyQuotes)=1|發行股數(MI_QFIIS/dailyQuotes)=1|外資持股(MI_QFIIS,僅上市)=1|自營商(T86/上櫃三大法人)=1|當沖(TWTB4U/上櫃intraday)=1|季財報(MOPS t163sb04)=1|月營收(MOPS/openapi)=1|官方產業別(MOPS t05st03)=1|融資券(MI_MARGN)=1|借券(TWT93U)=1|法人(T86)=1",936,inf,250.0,official_prepanel,5377.7,107.0,0.0,2.0,1,0,0.0,-8.777,-6.897,1581.0,1,未扣成本·事後欄位以 m_ 標示·非投資建議
HC,2,2026-05-28,2026-05-29,6116,彩晶,TWSE,R,R_core,fCD,R2@5,15,109,漏網,93,-1.393819,,atr14=0.819|n_lu_250=0.801|r20=0.996|c_ma120=0.968|vr20=0.941|days_since_lu=0.075|dt_ratio20=0.945|lend_to_v=0.392|rev_yoy=0.333|o_turn=0.973|o_log_mcap=0.786|o_lu_follow=0.983,"官方日成交結構(MI_INDEX/dailyQuotes)=1|發行股數(MI_QFIIS/dailyQuotes)=1|外資持股(MI_QFIIS,僅上市)=1|自營商(T86/上櫃三大法人)=1|當沖(TWTB4U/上櫃intraday)=1|季財報(MOPS t163sb04)=1|月營收(MOPS/openapi)=1|官方產業別(MOPS t05st03)=1|融資券(MI_MARGN)=1|借券(TWT93U)=1|法人(T86)=1",936,inf,250.0,official_prepanel,134841.25,2696.0,0.0,2.0,0,1,3.636,23.939,-13.939,289351.0,0,未扣成本·事後欄位以 m_ 標示·非投資建議
HC,2,2026-06-01,2026-06-02,2409,友達,TWSE,R,R_core,fCD,R2@5,24,107,漏網,96,-1.75261,,atr14=0.928|n_lu_250=0.829|r20=0.952|c_ma120=0.881|vr20=0.754|days_since_lu=0.113|dt_ratio20=0.952|lend_to_v=0.562|rev_yoy=0.229|o_turn=0.959|o_log_mcap=0.913|o_lu_follow=0.804,"官方日成交結構(MI_INDEX/dailyQuotes)=1|發行股數(MI_QFIIS/dailyQuotes)=1|外資持股(MI_QFIIS,僅上市)=1|自營商(T86/上櫃三大法人)=1|當沖(TWTB4U/上櫃intraday)=1|季財報(MOPS t163sb04)=1|月營收(MOPS/openapi)=1|官方產業別(MOPS t05st03)=1|融資券(MI_MARGN)=1|借券(TWT93U)=1|法人(T86)=1",938,inf,250.0,official_prepanel,376962.38,7539.0,0.0,0.0,0,1,8.732,1.455,0.208,720567.0,0,未扣成本·事後欄位以 m_ 標示·非投資建議
HC,2,2026-06-01,2026-06-02,8454,富邦媒,TWSE,R,R_core,fCD,R2@5,95,107,漏網,441,-3.512978,,atr14=0.468|n_lu_250=0.379|r20=0.939|c_ma120=0.705|vr20=0.991|days_since_lu=0.011|dt_ratio20=0.504|lend_to_v=0.838|rev_yoy=0.314|o_turn=0.785|o_log_mcap=0.837|o_lu_follow=0.937,"官方日成交結構(MI_INDEX/dailyQuotes)=1|發行股數(MI_QFIIS/dailyQuotes)=1|外資持股(MI_QFIIS,僅上市)=1|自營商(T86/上櫃三大法人)=1|當沖(TWTB4U/上櫃intraday)=1|季財報(MOPS t163sb04)=1|月營收(MOPS/openapi)=1|官方產業別(MOPS t05st03)=1|融資券(MI_MARGN)=1|借券(TWT93U)=1|法人(T86)=1",938,inf,250.0,official_prepanel,1358.65,27.0,0.0,0.0,0,1,12.025,63.713,38.525,5770.0,0,未扣成本·事後欄位以 m_ 標示·非投資建議
HC,2,2026-06-02,2026-06-03,6207,雷科,TPEx,R,R_core,fCD,R2@5,9,121,漏網,37,-1.377252,,atr14=0.879|n_lu_250=0.874|r20=0.996|c_ma120=0.993|vr20=0.758|days_since_lu=0.021|dt_ratio20=NaN|lend_to_v=0.073|rev_yoy=0.346|o_turn=0.999|o_log_mcap=0.461|o_lu_follow=0.520,"官方日成交結構(MI_INDEX/dailyQuotes)=1|發行股數(MI_QFIIS/dailyQuotes)=1|外資持股(MI_QFIIS,僅上市)=0|自營商(T86/上櫃三大法人)=1|當沖(TWTB4U/上櫃intraday)=1|季財報(MOPS t163sb04)=1|月營收(MOPS/openapi)=1|官方產業別(MOPS t05st03)=1|融資券(MI_MARGN)=1|借券(TWT93U)=1|法人(T86)=1",939,inf,250.0,official_prepanel,18280.7,365.0,0.0,2.0,0,1,7.308,-5.769,15.0,7438.0,0,未扣成本·事後欄位以 m_ 標示·非投資建議
HC,2,2026-06-04,2026-06-05,8043,蜜望實,TPEx,R,R_core,fCD,R2@5,40,149,漏網,6,-2.088371,,atr14=0.985|n_lu_250=0.991|r20=0.989|c_ma120=0.955|vr20=0.232|days_since_lu=0.087|dt_ratio20=NaN|lend_to_v=0.044|rev_yoy=0.678|o_turn=0.991|o_log_mcap=0.505|o_lu_follow=0.837,"官方日成交結構(MI_INDEX/dailyQuotes)=1|發行股數(MI_QFIIS/dailyQuotes)=1|外資持股(MI_QFIIS,僅上市)=0|自營商(T86/上櫃三大法人)=1|當沖(TWTB4U/上櫃intraday)=1|季財報(MOPS t163sb04)=1|月營收(MOPS/openapi)=1|官方產業別(MOPS t05st03)=1|融資券(MI_MARGN)=1|借券(TWT93U)=1|法人(T86)=1",941,inf,250.0,official_prepanel,20489.25,409.0,0.0,1.0,0,1,11.538,33.916,58.392,27885.0,0,未扣成本·事後欄位以 m_ 標示·非投資建議
HC,2,2026-06-05,2026-06-08,1714,和桐,TWSE,R,R_core,fCD,R2@5,96,158,漏網,477,-2.875325,,atr14=0.381|n_lu_250=0.449|r20=0.904|c_ma120=0.710|vr20=0.994|days_since_lu=0.011|dt_ratio20=0.581|lend_to_v=0.290|rev_yoy=0.875|o_turn=0.959|o_log_mcap=0.499|o_lu_follow=0.848,"官方日成交結構(MI_INDEX/dailyQuotes)=1|發行股數(MI_QFIIS/dailyQuotes)=1|外資持股(MI_QFIIS,僅上市)=1|自營商(T86/上櫃三大法人)=1|當沖(TWTB4U/上櫃intraday)=1|季財報(MOPS t163sb04)=1|月營收(MOPS/openapi)=1|官方產業別(MOPS t05st03)=1|融資券(MI_MARGN)=1|借券(TWT93U)=1|法人(T86)=1",942,inf,250.0,official_prepanel,12305.55,246.0,0.0,1.0,1,0,0.0,20.158,45.059,19135.0,0,未扣成本·事後欄位以 m_ 標示·非投資建議
HC,2,2026-06-08,2026-06-09,3362,先進光,TPEx,R,R_core,fCD,R2@5,42,148,漏網,146,-2.463446,,atr14=0.627|n_lu_250=0.768|r20=0.978|c_ma120=0.888|vr20=0.856|days_since_lu=0.028|dt_ratio20=NaN|lend_to_v=0.537|rev_yoy=0.225|o_turn=0.916|o_log_mcap=0.657|o_lu_follow=0.292,"官方日成交結構(MI_INDEX/dailyQuotes)=1|發行股數(MI_QFIIS/dailyQuotes)=1|外資持股(MI_QFIIS,僅上市)=0|自營商(T86/上櫃三大法人)=1|當沖(TWTB4U/上櫃intraday)=1|季財報(MOPS t163sb04)=1|月營收(MOPS/openapi)=1|官方產業別(MOPS t05st03)=1|融資券(MI_MARGN)=1|借券(TWT93U)=1|法人(T86)=1",943,inf,250.0,official_prepanel,3398.05,67.0,0.0,1.0,0,1,8.741,23.427,30.07,2586.0,0,未扣成本·事後欄位以 m_ 標示·非投資建議
HC,2,2026-06-08,2026-06-09,8021,尖點,TWSE,R,R_core,fCD,R2@5,17,148,漏網,85,-1.823994,,atr14=0.874|n_lu_250=0.993|r20=0.772|c_ma120=0.960|vr20=0.028|days_since_lu=0.236|dt_ratio20=NaN|lend_to_v=0.070|rev_yoy=0.863|o_turn=0.675|o_log_mcap=0.848|o_lu_follow=0.510,"官方日成交結構(MI_INDEX/dailyQuotes)=1|發行股數(MI_QFIIS/dailyQuotes)=1|外資持股(MI_QFIIS,僅上市)=1|自營商(T86/上櫃三大法人)=1|當沖(TWTB4U/上櫃intraday)=0|季財報(MOPS t163sb04)=1|月營收(MOPS/openapi)=1|官方產業別(MOPS t05st03)=1|融資券(MI_MARGN)=1|借券(TWT93U)=1|法人(T86)=1",943,inf,250.0,official_prepanel,6795.85,67.0,1.0,0.0,0,1,1.2,1.2,13.4,9684.0,0,未扣成本·事後欄位以 m_ 標示·非投資建議
HC,2,2026-06-10,2026-06-11,2483,百容,TWSE,R,R_core,fCD,R2@5,9,109,漏網,194,-1.534653,,atr14=0.719|n_lu_250=0.415|r20=0.965|c_ma120=0.907|vr20=0.971|days_since_lu=0.069|dt_ratio20=0.890|lend_to_v=0.184|rev_yoy=0.501|o_turn=0.962|o_log_mcap=0.181|o_lu_follow=0.832,"官方日成交結構(MI_INDEX/dailyQuotes)=1|發行股數(MI_QFIIS/dailyQuotes)=1|外資持股(MI_QFIIS,僅上市)=1|自營商(T86/上櫃三大法人)=1|當沖(TWTB4U/上櫃intraday)=1|季財報(MOPS t163sb04)=1|月營收(MOPS/openapi)=1|官方產業別(MOPS t05st03)=1|融資券(MI_MARGN)=1|借券(TWT93U)=1|法人(T86)=1",945,inf,250.0,official_prepanel,3132.6,62.0,0.0,2.0,0,1,10.0,14.444,60.952,5781.0,0,未扣成本·事後欄位以 m_ 標示·非投資建議
HC,2,2026-06-10,2026-06-11,3532,台勝科,TWSE,R,R_core,fCD,R2@5,46,109,漏網,50,-2.70713,,atr14=0.955|n_lu_250=0.974|r20=0.777|c_ma120=0.954|vr20=0.088|days_since_lu=0.190|dt_ratio20=NaN|lend_to_v=0.585|rev_yoy=0.519|o_turn=0.103|o_log_mcap=0.885|o_lu_follow=0.935,"官方日成交結構(MI_INDEX/dailyQuotes)=1|發行股數(MI_QFIIS/dailyQuotes)=1|外資持股(MI_QFIIS,僅上市)=1|自營商(T86/上櫃三大法人)=1|當沖(TWTB4U/上櫃intraday)=0|季財報(MOPS t163sb04)=1|月營收(MOPS/openapi)=1|官方產業別(MOPS t05st03)=1|融資券(MI_MARGN)=1|借券(TWT93U)=1|法人(T86)=1",945,inf,250.0,official_prepanel,2265.3,22.0,1.0,0.0,0,1,10.821,47.575,38.806,1087.0,1,未扣成本·事後欄位以 m_ 標示·非投資建議
HC,2,2026-06-11,2026-06-12,2493,揚博,TWSE,R,R_core,fCD,R2@5,24,103,漏網,42,-2.066116,,atr14=0.877|n_lu_250=0.873|r20=0.970|c_ma120=0.951|vr20=0.953|days_since_lu=0.106|dt_ratio20=0.929|lend_to_v=0.354|rev_yoy=0.630|o_turn=0.987|o_log_mcap=0.687|o_lu_follow=0.141,"官方日成交結構(MI_INDEX/dailyQuotes)=1|發行股數(MI_QFIIS/dailyQuotes)=1|外資持股(MI_QFIIS,僅上市)=1|自營商(T86/上櫃三大法人)=1|當沖(TWTB4U/上櫃intraday)=1|季財報(MOPS t163sb04)=1|月營收(MOPS/openapi)=1|官方產業別(MOPS t05st03)=1|融資券(MI_MARGN)=1|借券(TWT93U)=1|法人(T86)=1",946,inf,250.0,official_prepanel,7211.55,144.0,0.0,0.0,1,0,0.0,32.126,31.401,2561.0,0,未扣成本·事後欄位以 m_ 標示·非投資建議
HC,2,2026-06-12,2026-06-15,3362,先進光,TPEx,R,R_core,fCD,R2@5,23,91,漏網,99,-2.094157,,atr14=0.683|n_lu_250=0.810|r20=0.980|c_ma120=0.932|vr20=0.966|days_since_lu=0.027|dt_ratio20=NaN|lend_to_v=0.410|rev_yoy=0.128|o_turn=0.964|o_log_mcap=0.688|o_lu_follow=0.471,"官方日成交結構(MI_INDEX/dailyQuotes)=1|發行股數(MI_QFIIS/dailyQuotes)=1|外資持股(MI_QFIIS,僅上市)=0|自營商(T86/上櫃三大法人)=1|當沖(TWTB4U/上櫃intraday)=1|季財報(MOPS t163sb04)=1|月營收(MOPS/openapi)=1|官方產業別(MOPS t05st03)=1|融資券(MI_MARGN)=1|借券(TWT93U)=1|法人(T86)=1",947,inf,250.0,official_prepanel,4858.45,97.0,0.0,2.0,0,1,9.288,26.935,13.003,6956.0,0,未扣成本·事後欄位以 m_ 標示·非投資建議
HC,2,2026-06-12,2026-06-15,6207,雷科,TPEx,R,R_core,fCD,R2@5,18,91,漏網,6,-1.804846,,atr14=0.973|n_lu_250=0.917|r20=0.992|c_ma120=0.990|vr20=0.642|days_since_lu=0.027|dt_ratio20=NaN|lend_to_v=0.052|rev_yoy=0.675|o_turn=0.997|o_log_mcap=0.466|o_lu_follow=0.545,"官方日成交結構(MI_INDEX/dailyQuotes)=1|發行股數(MI_QFIIS/dailyQuotes)=1|外資持股(MI_QFIIS,僅上市)=0|自營商(T86/上櫃三大法人)=1|當沖(TWTB4U/上櫃intraday)=1|季財報(MOPS t163sb04)=1|月營收(MOPS/openapi)=1|官方產業別(MOPS t05st03)=1|融資券(MI_MARGN)=1|借券(TWT93U)=1|法人(T86)=1",947,inf,250.0,official_prepanel,23014.85,460.0,0.0,2.0,0,1,3.817,26.336,1.908,7628.0,0,未扣成本·事後欄位以 m_ 標示·非投資建議
HC,2,2026-06-16,2026-06-17,1303,南亞,TWSE,R,R_core,fCD,R2@5,41,89,漏網,97,-2.511566,,atr14=0.832|n_lu_250=0.759|r20=0.970|c_ma120=0.895|vr20=0.885|days_since_lu=0.024|dt_ratio20=0.871|lend_to_v=0.041|rev_yoy=0.691|o_turn=0.721|o_log_mcap=0.983|o_lu_follow=0.291,"官方日成交結構(MI_INDEX/dailyQuotes)=1|發行股數(MI_QFIIS/dailyQuotes)=1|外資持股(MI_QFIIS,僅上市)=1|自營商(T86/上櫃三大法人)=1|當沖(TWTB4U/上櫃intraday)=1|季財報(MOPS t163sb04)=1|月營收(MOPS/openapi)=1|官方產業別(MOPS t05st03)=1|融資券(MI_MARGN)=1|借券(TWT93U)=1|法人(T86)=1",949,inf,250.0,official_prepanel,79219.54,1584.0,0.0,0.0,0,1,10.48,36.245,59.825,92092.0,0,未扣成本·事後欄位以 m_ 標示·非投資建議
HC,2,2026-06-16,2026-06-17,3090,日電貿,TWSE,R,R_core,fCD,R2@5,14,89,漏網,19,-1.363681,,atr14=0.921|n_lu_250=0.898|r20=0.997|c_ma120=0.997|vr20=0.967|days_since_lu=0.024|dt_ratio20=NaN|lend_to_v=0.196|rev_yoy=0.582|o_turn=0.991|o_log_mcap=0.862|o_lu_follow=0.782,"官方日成交結構(MI_INDEX/dailyQuotes)=1|發行股數(MI_QFIIS/dailyQuotes)=1|外資持股(MI_QFIIS,僅上市)=1|自營商(T86/上櫃三大法人)=1|當沖(TWTB4U/上櫃intraday)=1|季財報(MOPS t163sb04)=1|月營收(MOPS/openapi)=1|官方產業別(MOPS t05st03)=1|融資券(MI_MARGN)=1|借券(TWT93U)=1|法人(T86)=1",949,inf,250.0,official_prepanel,13538.15,270.0,0.0,1.0,0,1,12.037,12.222,17.037,25670.0,0,未扣成本·事後欄位以 m_ 標示·非投資建議
HC,2,2026-06-17,2026-06-18,2483,百容,TWSE,R,R_core,fCD,R2@5,15,71,漏網,104,-1.313484,,atr14=0.921|n_lu_250=0.573|r20=0.990|c_ma120=0.957|vr20=0.906|days_since_lu=0.070|dt_ratio20=0.918|lend_to_v=0.099|rev_yoy=0.512|o_turn=0.959|o_log_mcap=0.206|o_lu_follow=0.900,"官方日成交結構(MI_INDEX/dailyQuotes)=1|發行股數(MI_QFIIS/dailyQuotes)=1|外資持股(MI_QFIIS,僅上市)=1|自營商(T86/上櫃三大法人)=1|當沖(TWTB4U/上櫃intraday)=1|季財報(MOPS t163sb04)=1|月營收(MOPS/openapi)=1|官方產業別(MOPS t05st03)=1|融資券(MI_MARGN)=1|借券(TWT93U)=1|法人(T86)=1",950,inf,250.0,official_prepanel,5018.9,100.0,0.0,2.0,0,1,9.834,40.443,69.252,8964.0,0,未扣成本·事後欄位以 m_ 標示·非投資建議
HC,2,2026-06-17,2026-06-18,3114,好德,TPEx,R,R_core,fCD,R2@5,24,71,漏網,130,-1.702383,,atr14=0.906|n_lu_250=0.498|r20=0.996|c_ma120=0.940|vr20=0.138|days_since_lu=0.157|dt_ratio20=NaN|lend_to_v=0.052|rev_yoy=0.321|o_turn=0.647|o_log_mcap=0.128|o_lu_follow=0.961,"官方日成交結構(MI_INDEX/dailyQuotes)=1|發行股數(MI_QFIIS/dailyQuotes)=1|外資持股(MI_QFIIS,僅上市)=0|自營商(T86/上櫃三大法人)=1|當沖(TWTB4U/上櫃intraday)=0|季財報(MOPS t163sb04)=1|月營收(MOPS/openapi)=1|官方產業別(MOPS t05st03)=1|融資券(MI_MARGN)=1|借券(TWT93U)=1|法人(T86)=1",950,inf,250.0,official_prepanel,2182.4,21.0,1.0,0.0,0,1,6.111,28.222,5.444,1586.0,1,未扣成本·事後欄位以 m_ 標示·非投資建議
HC,2,2026-06-17,2026-06-18,3624,光頡,TPEx,R,R_core,fCD,R2@5,19,71,漏網,11,-1.393277,,atr14=0.962|n_lu_250=0.916|r20=0.996|c_ma120=0.997|vr20=0.954|days_since_lu=0.008|dt_ratio20=NaN|lend_to_v=0.052|rev_yoy=0.685|o_turn=0.998|o_log_mcap=0.617|o_lu_follow=0.293,"官方日成交結構(MI_INDEX/dailyQuotes)=1|發行股數(MI_QFIIS/dailyQuotes)=1|外資持股(MI_QFIIS,僅上市)=0|自營商(T86/上櫃三大法人)=1|當沖(TWTB4U/上櫃intraday)=1|季財報(MOPS t163sb04)=1|月營收(MOPS/openapi)=1|官方產業別(MOPS t05st03)=1|融資券(MI_MARGN)=1|借券(TWT93U)=1|法人(T86)=1",950,inf,250.0,official_prepanel,16175.45,323.0,0.0,2.0,1,0,0.0,-4.05,-4.361,3681.0,0,未扣成本·事後欄位以 m_ 標示·非投資建議
HC,2,2026-06-17,2026-06-18,5468,凱鈺,TPEx,R,R_core,fCD,R2@5,7,71,漏網,160,-1.12417,,atr14=0.391|n_lu_250=0.899|r20=0.996|c_ma120=0.922|vr20=0.996|days_since_lu=0.008|dt_ratio20=NaN|lend_to_v=0.021|rev_yoy=0.713|o_turn=0.960|o_log_mcap=0.035|o_lu_follow=0.985,"官方日成交結構(MI_INDEX/dailyQuotes)=1|發行股數(MI_QFIIS/dailyQuotes)=1|外資持股(MI_QFIIS,僅上市)=0|自營商(T86/上櫃三大法人)=1|當沖(TWTB4U/上櫃intraday)=0|季財報(MOPS t163sb04)=1|月營收(MOPS/openapi)=1|官方產業別(MOPS t05st03)=1|融資券(MI_MARGN)=1|借券(TWT93U)=1|法人(T86)=1",950,inf,250.0,official_prepanel,600.95,12.0,0.0,2.0,0,1,7.527,7.527,20.43,1324.0,1,未扣成本·事後欄位以 m_ 標示·非投資建議
HC,2,2026-06-18,2026-06-22,3016,嘉晶,TWSE,R,R_core,fCD,R2@5,12,59,漏網,74,-1.176711,,atr14=0.945|n_lu_250=0.962|r20=0.704|c_ma120=0.962|vr20=0.803|days_since_lu=0.057|dt_ratio20=0.971|lend_to_v=0.057|rev_yoy=0.743|o_turn=0.919|o_log_mcap=0.769|o_lu_follow=0.947,"官方日成交結構(MI_INDEX/dailyQuotes)=1|發行股數(MI_QFIIS/dailyQuotes)=1|外資持股(MI_QFIIS,僅上市)=1|自營商(T86/上櫃三大法人)=1|當沖(TWTB4U/上櫃intraday)=1|季財報(MOPS t163sb04)=1|月營收(MOPS/openapi)=1|官方產業別(MOPS t05st03)=1|融資券(MI_MARGN)=1|借券(TWT93U)=1|法人(T86)=1",951,inf,250.0,official_prepanel,10684.6,213.0,0.0,0.0,0,1,7.336,-3.861,5.055,8907.0,0,未扣成本·事後欄位以 m_ 標示·非投資建議
HC,2,2026-06-18,2026-06-22,6715,嘉基,TWSE,R,R_core,fCD,R2@5,38,59,漏網,230,-2.295095,,atr14=0.922|n_lu_250=0.949|r20=0.271|c_ma120=0.959|vr20=0.777|days_since_lu=0.012|dt_ratio20=0.675|lend_to_v=0.235|rev_yoy=0.064|o_turn=0.592|o_log_mcap=0.749|o_lu_follow=0.937,"官方日成交結構(MI_INDEX/dailyQuotes)=1|發行股數(MI_QFIIS/dailyQuotes)=1|外資持股(MI_QFIIS,僅上市)=1|自營商(T86/上櫃三大法人)=1|當沖(TWTB4U/上櫃intraday)=1|季財報(MOPS t163sb04)=1|月營收(MOPS/openapi)=1|官方產業別(MOPS t05st03)=1|融資券(MI_MARGN)=1|借券(TWT93U)=1|法人(T86)=1",951,inf,250.0,official_prepanel,560.35,11.0,0.0,1.0,1,0,0.0,-12.162,-5.182,1188.0,0,未扣成本·事後欄位以 m_ 標示·非投資建議
HC,2,2026-06-23,2026-06-24,5328,華容,TPEx,R,R_core,fCD,R2@5,29,91,漏網,10,-1.84119,,atr14=0.945|n_lu_250=0.976|r20=0.983|c_ma120=0.985|vr20=0.358|days_since_lu=0.064|dt_ratio20=NaN|lend_to_v=0.046|rev_yoy=0.624|o_turn=0.992|o_log_mcap=0.441|o_lu_follow=0.877,"官方日成交結構(MI_INDEX/dailyQuotes)=1|發行股數(MI_QFIIS/dailyQuotes)=1|外資持股(MI_QFIIS,僅上市)=0|自營商(T86/上櫃三大法人)=1|當沖(TWTB4U/上櫃intraday)=1|季財報(MOPS t163sb04)=1|月營收(MOPS/openapi)=1|官方產業別(MOPS t05st03)=1|融資券(MI_MARGN)=1|借券(TWT93U)=1|法人(T86)=1",953,inf,250.0,official_prepanel,37761.95,755.0,0.0,3.0,0,1,12.379,37.524,46.809,28356.0,0,未扣成本·事後欄位以 m_ 標示·非投資建議
HC,2,2026-06-29,2026-06-30,1303,南亞,TWSE,R,R_core,fCD,R2@5,51,101,漏網,61,-2.501401,,atr14=0.828|n_lu_250=0.827|r20=0.995|c_ma120=0.986|vr20=0.210|days_since_lu=0.073|dt_ratio20=0.845|lend_to_v=0.050|rev_yoy=0.686|o_turn=0.337|o_log_mcap=0.985|o_lu_follow=0.544,"官方日成交結構(MI_INDEX/dailyQuotes)=1|發行股數(MI_QFIIS/dailyQuotes)=1|外資持股(MI_QFIIS,僅上市)=1|自營商(T86/上櫃三大法人)=1|當沖(TWTB4U/上櫃intraday)=0|季財報(MOPS t163sb04)=1|月營收(MOPS/openapi)=1|官方產業別(MOPS t05st03)=1|融資券(MI_MARGN)=1|借券(TWT93U)=1|法人(T86)=1",957,inf,250.0,official_prepanel,80229.15,802.0,1.0,3.0,0,1,6.051,17.834,34.404,32182.0,1,未扣成本·事後欄位以 m_ 標示·非投資建議
HC,2,2026-06-29,2026-06-30,2375,凱美,TWSE,R,R_core,fCD,R2@5,31,101,漏網,27,-1.943243,,atr14=0.985|n_lu_250=0.924|r20=0.912|c_ma120=0.988|vr20=0.742|days_since_lu=0.109|dt_ratio20=NaN|lend_to_v=0.125|rev_yoy=0.312|o_turn=0.993|o_log_mcap=0.665|o_lu_follow=0.800,"官方日成交結構(MI_INDEX/dailyQuotes)=1|發行股數(MI_QFIIS/dailyQuotes)=1|外資持股(MI_QFIIS,僅上市)=1|自營商(T86/上櫃三大法人)=1|當沖(TWTB4U/上櫃intraday)=1|季財報(MOPS t163sb04)=1|月營收(MOPS/openapi)=1|官方產業別(MOPS t05st03)=1|融資券(MI_MARGN)=1|借券(TWT93U)=1|法人(T86)=1",957,inf,250.0,official_prepanel,13579.95,271.0,0.0,1.0,0,1,8.462,6.923,-11.795,8486.0,0,未扣成本·事後欄位以 m_ 標示·非投資建議
HC,2,2026-06-29,2026-06-30,3532,台勝科,TWSE,R,R_core,fCD,R2@5,69,101,漏網,79,-2.788722,,atr14=0.912|n_lu_250=0.987|r20=0.693|c_ma120=0.986|vr20=0.047|days_since_lu=0.148|dt_ratio20=NaN|lend_to_v=0.484|rev_yoy=0.616|o_turn=0.114|o_log_mcap=0.904|o_lu_follow=0.967,"官方日成交結構(MI_INDEX/dailyQuotes)=1|發行股數(MI_QFIIS/dailyQuotes)=1|外資持股(MI_QFIIS,僅上市)=1|自營商(T86/上櫃三大法人)=1|當沖(TWTB4U/上櫃intraday)=0|季財報(MOPS t163sb04)=1|月營收(MOPS/openapi)=1|官方產業別(MOPS t05st03)=1|融資券(MI_MARGN)=1|借券(TWT93U)=1|法人(T86)=1",957,inf,250.0,official_prepanel,2629.95,26.0,1.0,1.0,1,0,0.0,11.538,40.411,335.0,1,未扣成本·事後欄位以 m_ 標示·非投資建議
HC,2,2026-06-29,2026-06-30,5328,華容,TPEx,R,R_core,fCD,R2@5,15,101,漏網,3,-1.478028,,atr14=0.942|n_lu_250=0.987|r20=0.996|c_ma120=0.998|vr20=0.970|days_since_lu=0.001|dt_ratio20=NaN|lend_to_v=0.049|rev_yoy=0.613|o_turn=1.000|o_log_mcap=0.503|o_lu_follow=0.909,"官方日成交結構(MI_INDEX/dailyQuotes)=1|發行股數(MI_QFIIS/dailyQuotes)=1|外資持股(MI_QFIIS,僅上市)=0|自營商(T86/上櫃三大法人)=1|當沖(TWTB4U/上櫃intraday)=1|季財報(MOPS t163sb04)=1|月營收(MOPS/openapi)=1|官方產業別(MOPS t05st03)=1|融資券(MI_MARGN)=1|借券(TWT93U)=1|法人(T86)=1",957,inf,250.0,official_prepanel,40604.65,812.0,0.0,2.0,0,1,6.757,21.021,-3.904,29986.0,0,未扣成本·事後欄位以 m_ 標示·非投資建議
HC,2,2026-06-29,2026-06-30,6173,信昌電,TPEx,R,R_core,fCD,R2@5,46,101,漏網,15,-2.436064,,atr14=0.951|n_lu_250=0.964|r20=0.936|c_ma120=0.999|vr20=0.017|days_since_lu=0.168|dt_ratio20=NaN|lend_to_v=0.123|rev_yoy=0.629|o_turn=0.492|o_log_mcap=0.801|o_lu_follow=0.965,"官方日成交結構(MI_INDEX/dailyQuotes)=1|發行股數(MI_QFIIS/dailyQuotes)=1|外資持股(MI_QFIIS,僅上市)=0|自營商(T86/上櫃三大法人)=1|當沖(TWTB4U/上櫃intraday)=0|季財報(MOPS t163sb04)=1|月營收(MOPS/openapi)=1|官方產業別(MOPS t05st03)=1|融資券(MI_MARGN)=1|借券(TWT93U)=1|法人(T86)=1",957,inf,250.0,official_prepanel,6261.9,62.0,1.0,0.0,0,1,5.612,7.313,-18.168,1236.0,1,未扣成本·事後欄位以 m_ 標示·非投資建議
HC,2,2026-06-29,2026-06-30,6182,合晶,TPEx,R,R_core,fCD,R2@5,27,101,漏網,24,-1.790023,,atr14=0.988|n_lu_250=0.939|r20=0.886|c_ma120=0.999|vr20=0.958|days_since_lu=0.148|dt_ratio20=NaN|lend_to_v=0.189|rev_yoy=0.472|o_turn=0.998|o_log_mcap=0.845|o_lu_follow=0.950,"官方日成交結構(MI_INDEX/dailyQuotes)=1|發行股數(MI_QFIIS/dailyQuotes)=1|外資持股(MI_QFIIS,僅上市)=0|自營商(T86/上櫃三大法人)=1|當沖(TWTB4U/上櫃intraday)=1|季財報(MOPS t163sb04)=1|月營收(MOPS/openapi)=1|官方產業別(MOPS t05st03)=1|融資券(MI_MARGN)=1|借券(TWT93U)=1|法人(T86)=1",957,inf,250.0,official_prepanel,49199.05,983.0,0.0,1.0,0,1,2.929,30.544,56.067,23943.0,0,未扣成本·事後欄位以 m_ 標示·非投資建議
HC,2,2026-06-29,2026-06-30,6207,雷科,TPEx,R,R_core,fCD,R2@5,39,101,漏網,11,-2.218793,,atr14=0.995|n_lu_250=0.939|r20=0.937|c_ma120=0.990|vr20=0.582|days_since_lu=0.132|dt_ratio20=NaN|lend_to_v=0.062|rev_yoy=0.676|o_turn=0.997|o_log_mcap=0.488|o_lu_follow=0.837,"官方日成交結構(MI_INDEX/dailyQuotes)=1|發行股數(MI_QFIIS/dailyQuotes)=1|外資持股(MI_QFIIS,僅上市)=0|自營商(T86/上櫃三大法人)=1|當沖(TWTB4U/上櫃intraday)=1|季財報(MOPS t163sb04)=1|月營收(MOPS/openapi)=1|官方產業別(MOPS t05st03)=1|融資券(MI_MARGN)=1|借券(TWT93U)=1|法人(T86)=1",957,inf,250.0,official_prepanel,18240.9,364.0,0.0,2.0,0,1,5.396,4.676,-2.878,8054.0,0,未扣成本·事後欄位以 m_ 標示·非投資建議
HC,2,2026-06-29,2026-06-30,6488,環球晶,TPEx,R,R_core,fCD,R2@5,84,101,漏網,239,-3.207202,,atr14=0.949|n_lu_250=0.893|r20=0.247|c_ma120=0.954|vr20=0.648|days_since_lu=0.148|dt_ratio20=NaN|lend_to_v=0.790|rev_yoy=0.224|o_turn=0.531|o_log_mcap=0.959|o_lu_follow=0.469,"官方日成交結構(MI_INDEX/dailyQuotes)=1|發行股數(MI_QFIIS/dailyQuotes)=1|外資持股(MI_QFIIS,僅上市)=0|自營商(T86/上櫃三大法人)=1|當沖(TWTB4U/上櫃intraday)=0|季財報(MOPS t163sb04)=1|月營收(MOPS/openapi)=1|官方產業別(MOPS t05st03)=1|融資券(MI_MARGN)=1|借券(TWT93U)=1|法人(T86)=1",957,inf,250.0,official_prepanel,4176.5,41.0,1.0,2.0,0,1,4.579,38.918,57.648,2384.0,1,未扣成本·事後欄位以 m_ 標示·非投資建議
HC,2,2026-06-29,2026-06-30,8261,富鼎,TWSE,R,R_core,fCD,R2@5,18,101,漏網,54,-1.601349,,atr14=0.912|n_lu_250=0.803|r20=0.981|c_ma120=0.995|vr20=0.865|days_since_lu=0.048|dt_ratio20=0.931|lend_to_v=0.123|rev_yoy=0.297|o_turn=0.993|o_log_mcap=0.734|o_lu_follow=0.889,"官方日成交結構(MI_INDEX/dailyQuotes)=1|發行股數(MI_QFIIS/dailyQuotes)=1|外資持股(MI_QFIIS,僅上市)=1|自營商(T86/上櫃三大法人)=1|當沖(TWTB4U/上櫃intraday)=1|季財報(MOPS t163sb04)=1|月營收(MOPS/openapi)=1|官方產業別(MOPS t05st03)=1|融資券(MI_MARGN)=1|借券(TWT93U)=1|法人(T86)=1",957,inf,250.0,official_prepanel,11748.4,234.0,0.0,3.0,0,1,6.496,38.583,22.628,7219.0,0,未扣成本·事後欄位以 m_ 標示·非投資建議
HC,2,2026-06-30,2026-07-01,2484,希華,TWSE,R,R_core,fCD,R2@5,8,74,漏網,7,-1.316774,,atr14=0.969|n_lu_250=0.949|r20=0.981|c_ma120=0.995|vr20=0.792|days_since_lu=0.015|dt_ratio20=0.998|lend_to_v=0.076|rev_yoy=0.362|o_turn=1.000|o_log_mcap=0.505|o_lu_follow=0.306,"官方日成交結構(MI_INDEX/dailyQuotes)=1|發行股數(MI_QFIIS/dailyQuotes)=1|外資持股(MI_QFIIS,僅上市)=1|自營商(T86/上櫃三大法人)=1|當沖(TWTB4U/上櫃intraday)=1|季財報(MOPS t163sb04)=1|月營收(MOPS/openapi)=1|官方產業別(MOPS t05st03)=1|融資券(MI_MARGN)=1|借券(TWT93U)=1|法人(T86)=1",958,inf,250.0,official_prepanel,44806.4,896.0,0.0,2.0,0,1,0.377,9.56,2.516,16528.0,0,未扣成本·事後欄位以 m_ 標示·非投資建議
HC,3,2026-07-02,2026-07-03,5371,,TPEx,R,R_core,fCD,R2@5,51,85,漏網,216,-1.913206,,atr14=0.683|n_lu_250=0.744|r20=0.890|c_ma120=0.529|vr20=0.962|days_since_lu=0.052|dt_ratio20=NaN|lend_to_v=0.540|rev_yoy=0.387|o_turn=0.980|o_log_mcap=0.731|o_lu_follow=0.284,"官方日成交結構(MI_INDEX/dailyQuotes)=1|發行股數(MI_QFIIS/dailyQuotes)=1|外資持股(MI_QFIIS,僅上市)=0|自營商(T86/上櫃三大法人)=1|當沖(TWTB4U/上櫃intraday)=1|季財報(MOPS t163sb04)=0|月營收(MOPS/openapi)=1|官方產業別(MOPS t05st03)=0|融資券(MI_MARGN)=1|借券(TWT93U)=1|法人(T86)=1",960,inf,250.0,fallback_prepanel,11916.8,238.0,0.0,0.0,0,1,10.178,10.296,-3.55,40233.0,0,未扣成本·事後欄位以 m_ 標示·非投資建議
HC,3,2026-07-07,2026-07-08,3374,精材,TPEx,R,R_core,fCD,R2@5,33,82,漏網,111,-1.724563,,atr14=0.908|n_lu_250=0.630|r20=0.940|c_ma120=0.920|vr20=0.835|days_since_lu=0.225|dt_ratio20=NaN|lend_to_v=0.109|rev_yoy=0.769|o_turn=0.954|o_log_mcap=0.846|o_lu_follow=0.783,"官方日成交結構(MI_INDEX/dailyQuotes)=1|發行股數(MI_QFIIS/dailyQuotes)=1|外資持股(MI_QFIIS,僅上市)=0|自營商(T86/上櫃三大法人)=1|當沖(TWTB4U/上櫃intraday)=1|季財報(MOPS t163sb04)=1|月營收(MOPS/openapi)=1|官方產業別(MOPS t05st03)=1|融資券(MI_MARGN)=1|借券(TWT93U)=1|法人(T86)=1",963,inf,250.0,official_prepanel,12071.0,241.0,0.0,0.0,0,1,3.674,28.435,33.546,17058.0,0,未扣成本·事後欄位以 m_ 標示·非投資建議
HC,3,2026-07-08,2026-07-09,6488,環球晶,TPEx,R,R_core,fCD,R2@5,18,61,漏網,30,-1.357331,,atr14=0.836|n_lu_250=0.901|r20=0.992|c_ma120=0.991|vr20=0.930|days_since_lu=0.128|dt_ratio20=NaN|lend_to_v=0.620|rev_yoy=0.214|o_turn=0.824|o_log_mcap=0.970|o_lu_follow=0.532,"官方日成交結構(MI_INDEX/dailyQuotes)=1|發行股數(MI_QFIIS/dailyQuotes)=1|外資持股(MI_QFIIS,僅上市)=0|自營商(T86/上櫃三大法人)=1|當沖(TWTB4U/上櫃intraday)=1|季財報(MOPS t163sb04)=1|月營收(MOPS/openapi)=1|官方產業別(MOPS t05st03)=1|融資券(MI_MARGN)=1|借券(TWT93U)=1|法人(T86)=1",964,inf,250.0,official_prepanel,6127.35,122.0,0.0,3.0,0,1,2.662,4.585,-14.5,6897.0,0,未扣成本·事後欄位以 m_ 標示·非投資建議
HC,3,2026-07-09,2026-07-13,3532,台勝科,TWSE,R,R_core,fCD,R2@5,8,61,漏網,5,-1.184437,,atr14=0.900|n_lu_250=0.991|r20=0.991|c_ma120=0.995|vr20=0.962|days_since_lu=0.137|dt_ratio20=NaN|lend_to_v=0.304|rev_yoy=0.603|o_turn=0.873|o_log_mcap=0.907|o_lu_follow=0.972,"官方日成交結構(MI_INDEX/dailyQuotes)=1|發行股數(MI_QFIIS/dailyQuotes)=1|外資持股(MI_QFIIS,僅上市)=1|自營商(T86/上櫃三大法人)=1|當沖(TWTB4U/上櫃intraday)=1|季財報(MOPS t163sb04)=1|月營收(MOPS/openapi)=1|官方產業別(MOPS t05st03)=1|融資券(MI_MARGN)=1|借券(TWT93U)=1|法人(T86)=1",965,inf,250.0,official_prepanel,4573.6,91.0,0.0,1.0,1,0,0.0,-8.719,-18.299,1362.0,0,未扣成本·事後欄位以 m_ 標示·非投資建議
HC,3,2026-07-17,2026-07-20,1467,南緯,TWSE,R,R_relax,fP10|fCD,R2@5,44,53,漏網,123,-2.576686,,atr14=0.658|n_lu_250=0.426|r20=0.974|c_ma120=0.827|vr20=0.378|days_since_lu=0.155|dt_ratio20=0.374|lend_to_v=0.349|rev_yoy=0.551|o_turn=0.128|o_log_mcap=0.067|o_lu_follow=0.960,"官方日成交結構(MI_INDEX/dailyQuotes)=1|發行股數(MI_QFIIS/dailyQuotes)=1|外資持股(MI_QFIIS,僅上市)=1|自營商(T86/上櫃三大法人)=1|當沖(TWTB4U/上櫃intraday)=1|季財報(MOPS t163sb04)=1|月營收(MOPS/openapi)=1|官方產業別(MOPS t05st03)=1|融資券(MI_MARGN)=1|借券(TWT93U)=1|法人(T86)=1",970,inf,250.0,official_prepanel,942.8,18.0,0.0,0.0,0,1,8.503,13.379,5.896,1153.0,0,未扣成本·事後欄位以 m_ 標示·非投資建議
HC,3,2026-07-17,2026-07-20,3577,泓格,TPEx,R,R_core,fCD,R2@5,17,53,漏網,47,-1.164529,,atr14=0.744|n_lu_250=0.768|r20=0.945|c_ma120=0.969|vr20=0.989|days_since_lu=0.005|dt_ratio20=NaN|lend_to_v=0.313|rev_yoy=0.895|o_turn=0.878|o_log_mcap=0.388|o_lu_follow=0.552,"官方日成交結構(MI_INDEX/dailyQuotes)=1|發行股數(MI_QFIIS/dailyQuotes)=1|外資持股(MI_QFIIS,僅上市)=0|自營商(T86/上櫃三大法人)=1|當沖(TWTB4U/上櫃intraday)=1|季財報(MOPS t163sb04)=1|月營收(MOPS/openapi)=1|官方產業別(MOPS t05st03)=1|融資券(MI_MARGN)=1|借券(TWT93U)=1|法人(T86)=1",970,inf,250.0,official_prepanel,663.05,13.0,0.0,0.0,0,1,8.333,10.985,-11.364,2122.0,0,未扣成本·事後欄位以 m_ 標示·非投資建議
HC,3,2026-07-17,2026-07-20,4939,亞電,TPEx,R,R_core,fCD,R2@5,14,53,漏網,122,-1.021146,,atr14=0.813|n_lu_250=0.933|r20=0.512|c_ma120=0.958|vr20=0.992|days_since_lu=0.005|dt_ratio20=NaN|lend_to_v=0.186|rev_yoy=0.746|o_turn=1.000|o_log_mcap=0.314|o_lu_follow=0.864,"官方日成交結構(MI_INDEX/dailyQuotes)=1|發行股數(MI_QFIIS/dailyQuotes)=1|外資持股(MI_QFIIS,僅上市)=0|自營商(T86/上櫃三大法人)=1|當沖(TWTB4U/上櫃intraday)=1|季財報(MOPS t163sb04)=1|月營收(MOPS/openapi)=1|官方產業別(MOPS t05st03)=1|融資券(MI_MARGN)=1|借券(TWT93U)=1|法人(T86)=1",970,inf,250.0,official_prepanel,8402.95,168.0,0.0,0.0,0,1,5.246,-0.318,-19.237,29118.0,0,未扣成本·事後欄位以 m_ 標示·非投資建議
HC,3,2026-07-20,2026-07-21,1810,和成,TWSE,R,R_core,fCD,R2@5,10,42,漏網,36,-1.648068,,atr14=0.761|n_lu_250=0.683|r20=0.994|c_ma120=0.976|vr20=0.985|days_since_lu=0.049|dt_ratio20=0.972|lend_to_v=0.228|rev_yoy=0.123|o_turn=0.997|o_log_mcap=0.398|o_lu_follow=0.272,"官方日成交結構(MI_INDEX/dailyQuotes)=1|發行股數(MI_QFIIS/dailyQuotes)=1|外資持股(MI_QFIIS,僅上市)=1|自營商(T86/上櫃三大法人)=1|當沖(TWTB4U/上櫃intraday)=1|季財報(MOPS t163sb04)=1|月營收(MOPS/openapi)=1|官方產業別(MOPS t05st03)=1|融資券(MI_MARGN)=1|借券(TWT93U)=1|法人(T86)=1",971,inf,250.0,official_prepanel,18362.55,367.0,0.0,2.0,0,1,10.893,-5.357,-14.821,32703.0,0,未扣成本·事後欄位以 m_ 標示·非投資建議
HC,3,2026-07-20,2026-07-21,3374,精材,TPEx,R,R_core,fCD,R2@5,9,42,漏網,28,-1.443609,,atr14=0.826|n_lu_250=0.683|r20=0.993|c_ma120=0.990|vr20=0.679|days_since_lu=0.029|dt_ratio20=NaN|lend_to_v=0.077|rev_yoy=0.830|o_turn=0.983|o_log_mcap=0.869|o_lu_follow=0.841,"官方日成交結構(MI_INDEX/dailyQuotes)=1|發行股數(MI_QFIIS/dailyQuotes)=1|外資持股(MI_QFIIS,僅上市)=0|自營商(T86/上櫃三大法人)=1|當沖(TWTB4U/上櫃intraday)=1|季財報(MOPS t163sb04)=1|月營收(MOPS/openapi)=1|官方產業別(MOPS t05st03)=1|融資券(MI_MARGN)=1|借券(TWT93U)=1|法人(T86)=1",971,inf,250.0,official_prepanel,17889.05,357.0,0.0,2.0,0,1,8.262,-1.709,-13.248,19297.0,0,未扣成本·事後欄位以 m_ 標示·非投資建議
HC,3,2026-07-20,2026-07-21,8039,台虹,TWSE,R,R_core,fCD,R2@5,12,42,漏網,19,-1.721049,,atr14=0.634|n_lu_250=0.933|r20=0.992|c_ma120=0.983|vr20=0.995|days_since_lu=0.006|dt_ratio20=0.987|lend_to_v=0.164|rev_yoy=0.161|o_turn=0.999|o_log_mcap=0.802|o_lu_follow=0.856,"官方日成交結構(MI_INDEX/dailyQuotes)=1|發行股數(MI_QFIIS/dailyQuotes)=1|外資持股(MI_QFIIS,僅上市)=1|自營商(T86/上櫃三大法人)=1|當沖(TWTB4U/上櫃intraday)=1|季財報(MOPS t163sb04)=1|月營收(MOPS/openapi)=1|官方產業別(MOPS t05st03)=1|融資券(MI_MARGN)=1|借券(TWT93U)=1|法人(T86)=1",971,inf,250.0,official_prepanel,17124.4,342.0,0.0,3.0,0,1,8.163,10.204,-2.806,13175.0,0,未扣成本·事後欄位以 m_ 標示·非投資建議
HC,3,2026-07-30,2026-07-31,2493,揚博,TWSE,R,R_core,fCD,R2@5,23,30,漏網,134,-3.093467,,atr14=0.979|n_lu_250=0.933|r20=0.027|c_ma120=0.816|vr20=0.705|days_since_lu=0.032|dt_ratio20=0.763|lend_to_v=0.223|rev_yoy=0.645|o_turn=0.909|o_log_mcap=0.668|o_lu_follow=0.467,"官方日成交結構(MI_INDEX/dailyQuotes)=1|發行股數(MI_QFIIS/dailyQuotes)=1|外資持股(MI_QFIIS,僅上市)=1|自營商(T86/上櫃三大法人)=1|當沖(TWTB4U/上櫃intraday)=1|季財報(MOPS t163sb04)=1|月營收(MOPS/openapi)=1|官方產業別(MOPS t05st03)=1|融資券(MI_MARGN)=1|借券(TWT93U)=1|法人(T86)=1",979,inf,250.0,official_prepanel,4071.0,81.0,0.0,0.0,1,0,0.0,20.879,29.67,2546.0,0,未扣成本·事後欄位以 m_ 標示·非投資建議
HC,3,2026-07-30,2026-07-31,3037,欣興,TWSE,R,R_core,fCD,R2@5,20,30,漏網,201,-2.922539,,atr14=0.895|n_lu_250=0.869|r20=0.200|c_ma120=0.676|vr20=0.954|days_since_lu=0.032|dt_ratio20=0.931|lend_to_v=0.089|rev_yoy=0.688|o_turn=0.910|o_log_mcap=0.990|o_lu_follow=0.466,"官方日成交結構(MI_INDEX/dailyQuotes)=1|發行股數(MI_QFIIS/dailyQuotes)=1|外資持股(MI_QFIIS,僅上市)=1|自營商(T86/上櫃三大法人)=1|當沖(TWTB4U/上櫃intraday)=1|季財報(MOPS t163sb04)=1|月營收(MOPS/openapi)=1|官方產業別(MOPS t05st03)=1|融資券(MI_MARGN)=1|借券(TWT93U)=1|法人(T86)=1",979,inf,250.0,official_prepanel,28640.5,572.0,0.0,1.0,1,0,0.0,23.634,27.065,3142.0,0,未扣成本·事後欄位以 m_ 標示·非投資建議
HC,3,2026-07-30,2026-07-31,3081,聯亞,TPEx,R,R_core,fCD,R2@5,22,30,漏網,298,-3.032293,,atr14=0.925|n_lu_250=0.968|r20=0.497|c_ma120=0.248|vr20=0.939|days_since_lu=0.015|dt_ratio20=NaN|lend_to_v=0.359|rev_yoy=0.933|o_turn=0.950|o_log_mcap=0.910|o_lu_follow=0.298,"官方日成交結構(MI_INDEX/dailyQuotes)=1|發行股數(MI_QFIIS/dailyQuotes)=1|外資持股(MI_QFIIS,僅上市)=0|自營商(T86/上櫃三大法人)=1|當沖(TWTB4U/上櫃intraday)=1|季財報(MOPS t163sb04)=1|月營收(MOPS/openapi)=1|官方產業別(MOPS t05st03)=1|融資券(MI_MARGN)=1|借券(TWT93U)=1|法人(T86)=1",979,inf,250.0,official_prepanel,3028.2,60.0,0.0,4.0,1,0,0.0,45.706,63.497,359.0,0,未扣成本·事後欄位以 m_ 標示·非投資建議
HC,3,2026-07-30,2026-07-31,3374,精材,TPEx,R,R_core,fCD,R2@5,14,30,漏網,67,-2.530056,,atr14=0.976|n_lu_250=0.734|r20=0.503|c_ma120=0.899|vr20=0.592|days_since_lu=0.032|dt_ratio20=NaN|lend_to_v=0.064|rev_yoy=0.827|o_turn=0.971|o_log_mcap=0.845|o_lu_follow=0.876,"官方日成交結構(MI_INDEX/dailyQuotes)=1|發行股數(MI_QFIIS/dailyQuotes)=1|外資持股(MI_QFIIS,僅上市)=0|自營商(T86/上櫃三大法人)=1|當沖(TWTB4U/上櫃intraday)=1|季財報(MOPS t163sb04)=1|月營收(MOPS/openapi)=1|官方產業別(MOPS t05st03)=1|融資券(MI_MARGN)=1|借券(TWT93U)=1|法人(T86)=1",979,inf,250.0,official_prepanel,19091.2,381.0,0.0,3.0,1,0,0.0,14.079,17.329,2033.0,0,未扣成本·事後欄位以 m_ 標示·非投資建議
HC,3,2026-07-30,2026-07-31,4991,環宇-KY,TPEx,R,R_core,fCD,R2@5,24,30,漏網,812,-3.128026,,atr14=0.948|n_lu_250=0.949|r20=0.064|c_ma120=0.029|vr20=0.007|days_since_lu=0.032|dt_ratio20=NaN|lend_to_v=0.062|rev_yoy=0.802|o_turn=0.540|o_log_mcap=0.772|o_lu_follow=0.509,"官方日成交結構(MI_INDEX/dailyQuotes)=1|發行股數(MI_QFIIS/dailyQuotes)=1|外資持股(MI_QFIIS,僅上市)=0|自營商(T86/上櫃三大法人)=1|當沖(TWTB4U/上櫃intraday)=0|季財報(MOPS t163sb04)=1|月營收(MOPS/openapi)=1|官方產業別(MOPS t05st03)=1|融資券(MI_MARGN)=1|借券(TWT93U)=1|法人(T86)=1",979,inf,250.0,official_prepanel,5603.4,56.0,1.0,5.0,1,0,0.0,25.212,35.411,366.0,1,未扣成本·事後欄位以 m_ 標示·非投資建議
HC,3,2026-07-30,2026-07-31,6274,台燿,TPEx,R,R_core,fCD,R2@5,25,30,漏網,286,-3.287552,,atr14=0.948|n_lu_250=0.917|r20=0.068|c_ma120=0.552|vr20=0.977|days_since_lu=0.032|dt_ratio20=NaN|lend_to_v=0.053|rev_yoy=0.923|o_turn=0.956|o_log_mcap=0.944|o_lu_follow=0.484,"官方日成交結構(MI_INDEX/dailyQuotes)=1|發行股數(MI_QFIIS/dailyQuotes)=1|外資持股(MI_QFIIS,僅上市)=0|自營商(T86/上櫃三大法人)=1|當沖(TWTB4U/上櫃intraday)=1|季財報(MOPS t163sb04)=1|月營收(MOPS/openapi)=1|官方產業別(MOPS t05st03)=1|融資券(MI_MARGN)=1|借券(TWT93U)=1|法人(T86)=1",979,inf,250.0,official_prepanel,6498.75,129.0,0.0,1.0,1,0,0.0,37.838,44.144,826.0,0,未扣成本·事後欄位以 m_ 標示·非投資建議
HC,3,2026-07-30,2026-07-31,8039,台虹,TWSE,R,R_core,fCD,R2@5,7,30,漏網,2,-2.114131,,atr14=0.957|n_lu_250=0.960|r20=0.958|c_ma120=0.956|vr20=0.903|days_since_lu=0.015|dt_ratio20=0.994|lend_to_v=0.105|rev_yoy=0.155|o_turn=0.994|o_log_mcap=0.781|o_lu_follow=0.899,"官方日成交結構(MI_INDEX/dailyQuotes)=1|發行股數(MI_QFIIS/dailyQuotes)=1|外資持股(MI_QFIIS,僅上市)=1|自營商(T86/上櫃三大法人)=1|當沖(TWTB4U/上櫃intraday)=1|季財報(MOPS t163sb04)=1|月營收(MOPS/openapi)=1|官方產業別(MOPS t05st03)=1|融資券(MI_MARGN)=1|借券(TWT93U)=1|法人(T86)=1",979,inf,250.0,official_prepanel,26122.95,522.0,0.0,1.0,0,1,1.462,26.316,45.906,32335.0,0,未扣成本·事後欄位以 m_ 標示·非投資建議
HC,3,2026-08-04,2026-08-05,6213,聯茂,TWSE,R,R_core,fCD,R2@5,23,55,漏網,105,-1.578408,,atr14=0.960|n_lu_250=0.970|r20=0.237|c_ma120=0.971|vr20=0.766|days_since_lu=0.012|dt_ratio20=0.998|lend_to_v=0.080|rev_yoy=0.792|o_turn=0.985|o_log_mcap=0.897|o_lu_follow=0.432,"官方日成交結構(MI_INDEX/dailyQuotes)=1|發行股數(MI_QFIIS/dailyQuotes)=1|外資持股(MI_QFIIS,僅上市)=1|自營商(T86/上櫃三大法人)=1|當沖(TWTB4U/上櫃intraday)=1|季財報(MOPS t163sb04)=1|月營收(MOPS/openapi)=1|官方產業別(MOPS t05st03)=1|融資券(MI_MARGN)=1|借券(TWT93U)=1|法人(T86)=1",982,inf,250.0,official_prepanel,21862.75,437.0,0.0,2.0,0,1,5.247,39.506,50.617,26866.0,0,未扣成本·事後欄位以 m_ 標示·非投資建議
HC,3,2026-08-07,2026-08-10,6834,天二科技,TWSE,R,R_core,fCD,R2@5,66,81,漏網,179,-3.010734,,atr14=0.972|n_lu_250=0.950|r20=0.020|c_ma120=0.983|vr20=0.087|days_since_lu=0.111|dt_ratio20=0.961|lend_to_v=0.065|rev_yoy=0.862|o_turn=0.824|o_log_mcap=0.356|o_lu_follow=0.897,"官方日成交結構(MI_INDEX/dailyQuotes)=1|發行股數(MI_QFIIS/dailyQuotes)=1|外資持股(MI_QFIIS,僅上市)=1|自營商(T86/上櫃三大法人)=1|當沖(TWTB4U/上櫃intraday)=1|季財報(MOPS t163sb04)=1|月營收(MOPS/openapi)=1|官方產業別(MOPS t05st03)=1|融資券(MI_MARGN)=1|借券(TWT93U)=1|法人(T86)=1",952,952.0,250.0,official,4615.7,92.0,0.0,0.0,0,1,1.899,6.54,-5.38,4557.0,0,未扣成本·事後欄位以 m_ 標示·非投資建議
HC,3,2026-08-10,2026-08-11,6173,信昌電,TPEx,R,R_core,fCD,R2@5,6,66,漏網,234,-0.893677,,atr14=0.986|n_lu_250=0.986|r20=0.008|c_ma120=0.753|vr20=0.751|days_since_lu=0.114|dt_ratio20=NaN|lend_to_v=0.101|rev_yoy=0.630|o_turn=0.926|o_log_mcap=0.722|o_lu_follow=0.957,"官方日成交結構(MI_INDEX/dailyQuotes)=1|發行股數(MI_QFIIS/dailyQuotes)=1|外資持股(MI_QFIIS,僅上市)=0|自營商(T86/上櫃三大法人)=1|當沖(TWTB4U/上櫃intraday)=1|季財報(MOPS t163sb04)=1|月營收(MOPS/openapi)=1|官方產業別(MOPS t05st03)=1|融資券(MI_MARGN)=1|借券(TWT93U)=1|法人(T86)=1",986,inf,250.0,official_prepanel,4200.65,84.0,0.0,0.0,0,1,10.119,25.595,20.833,18655.0,0,未扣成本·事後欄位以 m_ 標示·非投資建議
HC,3,2026-08-10,2026-08-11,8358,金居,TPEx,R,R_core,fCD,R2@5,25,66,漏網,729,-1.798791,,atr14=0.986|n_lu_250=0.976|r20=0.009|c_ma120=0.083|vr20=0.965|days_since_lu=0.023|dt_ratio20=NaN|lend_to_v=0.178|rev_yoy=0.753|o_turn=0.999|o_log_mcap=0.867|o_lu_follow=0.476,"官方日成交結構(MI_INDEX/dailyQuotes)=1|發行股數(MI_QFIIS/dailyQuotes)=1|外資持股(MI_QFIIS,僅上市)=0|自營商(T86/上櫃三大法人)=1|當沖(TWTB4U/上櫃intraday)=1|季財報(MOPS t163sb04)=1|月營收(MOPS/openapi)=1|官方產業別(MOPS t05st03)=1|融資券(MI_MARGN)=1|借券(TWT93U)=1|法人(T86)=1",986,inf,250.0,official_prepanel,13902.9,278.0,0.0,1.0,0,1,9.971,21.243,20.52,27579.0,0,未扣成本·事後欄位以 m_ 標示·非投資建議
HC,3,2026-08-11,2026-08-12,5475,德宏,TPEx,R,R_core,fCD,R2@5,25,77,漏網,829,-1.915049,,atr14=0.977|n_lu_250=1.000|r20=0.026|c_ma120=0.000|vr20=0.988|days_since_lu=0.133|dt_ratio20=NaN|lend_to_v=0.017|rev_yoy=0.976|o_turn=0.994|o_log_mcap=0.585|o_lu_follow=0.966,"官方日成交結構(MI_INDEX/dailyQuotes)=1|發行股數(MI_QFIIS/dailyQuotes)=1|外資持股(MI_QFIIS,僅上市)=0|自營商(T86/上櫃三大法人)=1|當沖(TWTB4U/上櫃intraday)=1|季財報(MOPS t163sb04)=1|月營收(MOPS/openapi)=1|官方產業別(MOPS t05st03)=1|融資券(MI_MARGN)=1|借券(TWT93U)=1|法人(T86)=1",987,inf,250.0,official_prepanel,4102.95,82.0,0.0,2.0,0,1,9.191,34.191,27.206,15277.0,0,未扣成本·事後欄位以 m_ 標示·非投資建議
HC,3,2026-08-11,2026-08-12,6187,萬潤,TPEx,R,R_core,fCD,R2@5,43,77,漏網,36,-2.430518,,atr14=0.988|n_lu_250=0.926|r20=0.874|c_ma120=0.712|vr20=0.935|days_since_lu=0.070|dt_ratio20=NaN|lend_to_v=0.206|rev_yoy=0.858|o_turn=0.971|o_log_mcap=0.882|o_lu_follow=0.202,"官方日成交結構(MI_INDEX/dailyQuotes)=1|發行股數(MI_QFIIS/dailyQuotes)=1|外資持股(MI_QFIIS,僅上市)=0|自營商(T86/上櫃三大法人)=1|當沖(TWTB4U/上櫃intraday)=1|季財報(MOPS t163sb04)=1|月營收(MOPS/openapi)=1|官方產業別(MOPS t05st03)=1|融資券(MI_MARGN)=1|借券(TWT93U)=1|法人(T86)=1",987,inf,250.0,official_prepanel,2885.8,57.0,0.0,1.0,0,1,8.962,18.868,19.811,4539.0,0,未扣成本·事後欄位以 m_ 標示·非投資建議
HC,3,2026-08-11,2026-08-12,8996,高力,TWSE,R,R_core,fCD,R2@5,75,77,漏網,386,-3.798911,,atr14=0.954|n_lu_250=0.964|r20=0.252|c_ma120=0.399|vr20=0.147|days_since_lu=0.070|dt_ratio20=0.842|lend_to_v=0.085|rev_yoy=0.799|o_turn=0.764|o_log_mcap=0.876|o_lu_follow=0.549,"官方日成交結構(MI_INDEX/dailyQuotes)=1|發行股數(MI_QFIIS/dailyQuotes)=1|外資持股(MI_QFIIS,僅上市)=1|自營商(T86/上櫃三大法人)=1|當沖(TWTB4U/上櫃intraday)=1|季財報(MOPS t163sb04)=1|月營收(MOPS/openapi)=1|官方產業別(MOPS t05st03)=1|融資券(MI_MARGN)=1|借券(TWT93U)=1|法人(T86)=1",987,inf,250.0,official_prepanel,2741.0,54.0,0.0,3.0,0,1,9.346,9.813,13.551,2782.0,0,未扣成本·事後欄位以 m_ 標示·非投資建議
HC,3,2026-08-13,2026-08-14,6727,亞泰金屬,TPEx,R,R_core,fCD,R2@5,55,81,漏網,215,-2.279772,,atr14=0.950|n_lu_250=0.997|r20=0.476|c_ma120=0.471|vr20=0.762|days_since_lu=0.135|dt_ratio20=NaN|lend_to_v=0.279|rev_yoy=0.671|o_turn=0.874|o_log_mcap=0.439|o_lu_follow=0.961,"官方日成交結構(MI_INDEX/dailyQuotes)=1|發行股數(MI_QFIIS/dailyQuotes)=1|外資持股(MI_QFIIS,僅上市)=0|自營商(T86/上櫃三大法人)=1|當沖(TWTB4U/上櫃intraday)=1|季財報(MOPS t163sb04)=1|月營收(MOPS/openapi)=1|官方產業別(MOPS t05st03)=1|融資券(MI_MARGN)=1|借券(TWT93U)=1|法人(T86)=1",989,inf,250.0,official_prepanel,530.7,10.0,0.0,0.0,0,1,9.091,16.162,31.313,1947.0,0,未扣成本·事後欄位以 m_ 標示·非投資建議
HC,3,2026-08-26,2026-08-27,6173,信昌電,TPEx,R,R_core,fCD,R2@5,22,26,漏網,19,-2.958543,,atr14=0.998|n_lu_250=0.991|r20=0.904|c_ma120=0.882|vr20=0.310|days_since_lu=0.044|dt_ratio20=NaN|lend_to_v=0.076|rev_yoy=0.726|o_turn=0.934|o_log_mcap=0.710|o_lu_follow=0.973,"官方日成交結構(MI_INDEX/dailyQuotes)=1|發行股數(MI_QFIIS/dailyQuotes)=1|外資持股(MI_QFIIS,僅上市)=0|自營商(T86/上櫃三大法人)=1|當沖(TWTB4U/上櫃intraday)=1|季財報(MOPS t163sb04)=1|月營收(MOPS/openapi)=1|官方產業別(MOPS t05st03)=1|融資券(MI_MARGN)=1|借券(TWT93U)=1|法人(T86)=1",998,inf,250.0,official_prepanel,12989.65,259.0,0.0,1.0,0,1,6.098,27.073,30.976,10963.0,0,未扣成本·事後欄位以 m_ 標示·非投資建議
HC,3,2026-08-26,2026-08-27,8358,金居,TPEx,R,R_core,fCD,R2@5,19,26,漏網,55,-2.335673,,atr14=0.948|n_lu_250=0.953|r20=0.967|c_ma120=0.655|vr20=0.835|days_since_lu=0.112|dt_ratio20=NaN|lend_to_v=0.226|rev_yoy=0.767|o_turn=0.992|o_log_mcap=0.867|o_lu_follow=0.541,"官方日成交結構(MI_INDEX/dailyQuotes)=1|發行股數(MI_QFIIS/dailyQuotes)=1|外資持股(MI_QFIIS,僅上市)=0|自營商(T86/上櫃三大法人)=1|當沖(TWTB4U/上櫃intraday)=1|季財報(MOPS t163sb04)=1|月營收(MOPS/openapi)=1|官方產業別(MOPS t05st03)=1|融資券(MI_MARGN)=1|借券(TWT93U)=1|法人(T86)=1",998,inf,250.0,official_prepanel,24144.0,482.0,0.0,1.0,0,1,8.811,10.793,15.859,38604.0,0,未扣成本·事後欄位以 m_ 標示·非投資建議
HC,3,2026-08-28,2026-08-31,4908,前鼎,TPEx,R,R_core,fCD,R2@5,9,27,漏網,62,-1.333887,,atr14=0.935|n_lu_250=0.899|r20=0.941|c_ma120=0.729|vr20=0.985|days_since_lu=0.012|dt_ratio20=NaN|lend_to_v=0.080|rev_yoy=0.748|o_turn=0.992|o_log_mcap=0.497|o_lu_follow=0.876,"官方日成交結構(MI_INDEX/dailyQuotes)=1|發行股數(MI_QFIIS/dailyQuotes)=1|外資持股(MI_QFIIS,僅上市)=0|自營商(T86/上櫃三大法人)=1|當沖(TWTB4U/上櫃intraday)=1|季財報(MOPS t163sb04)=1|月營收(MOPS/openapi)=1|官方產業別(MOPS t05st03)=1|融資券(MI_MARGN)=1|借券(TWT93U)=1|法人(T86)=1",1000,inf,250.0,official_prepanel,3230.95,64.0,0.0,1.0,0,1,11.467,19.733,26.667,9150.0,0,未扣成本·事後欄位以 m_ 標示·非投資建議
HC,3,2026-09-03,2026-09-04,3026,禾伸堂,TWSE,R,R_core,fCD,R2@5,39,41,漏網,36,-3.012197,,atr14=0.995|n_lu_250=0.973|r20=0.751|c_ma120=0.931|vr20=0.458|days_since_lu=0.053|dt_ratio20=NaN|lend_to_v=0.255|rev_yoy=0.614|o_turn=0.919|o_log_mcap=0.849|o_lu_follow=0.873,"官方日成交結構(MI_INDEX/dailyQuotes)=1|發行股數(MI_QFIIS/dailyQuotes)=1|外資持股(MI_QFIIS,僅上市)=1|自營商(T86/上櫃三大法人)=1|當沖(TWTB4U/上櫃intraday)=1|季財報(MOPS t163sb04)=1|月營收(MOPS/openapi)=1|官方產業別(MOPS t05st03)=1|融資券(MI_MARGN)=1|借券(TWT93U)=1|法人(T86)=1",1004,inf,250.0,official_prepanel,9564.7,191.0,0.0,1.0,0,1,1.301,16.04,9.827,7288.0,0,未扣成本·事後欄位以 m_ 標示·非投資建議
HC,3,2026-09-04,2026-09-07,5314,世紀*,TPEx,R,R_core,fCD,R2@5,24,33,漏網,1,-2.807634,,atr14=0.998|n_lu_250=0.954|r20=1.000|c_ma120=0.998|vr20=0.604|days_since_lu=0.072|dt_ratio20=NaN|lend_to_v=0.499|rev_yoy=0.931|o_turn=0.348|o_log_mcap=0.723|o_lu_follow=0.995,"官方日成交結構(MI_INDEX/dailyQuotes)=1|發行股數(MI_QFIIS/dailyQuotes)=1|外資持股(MI_QFIIS,僅上市)=0|自營商(T86/上櫃三大法人)=1|當沖(TWTB4U/上櫃intraday)=0|季財報(MOPS t163sb04)=1|月營收(MOPS/openapi)=1|官方產業別(MOPS t05st03)=1|融資券(MI_MARGN)=1|借券(TWT93U)=1|法人(T86)=1",1005,inf,250.0,official_prepanel,4667.55,46.0,1.0,2.0,0,1,8.141,29.493,-6.298,6703.0,1,未扣成本·事後欄位以 m_ 標示·非投資建議
HC,3,2026-09-08,2026-09-09,4188,安克,TPEx,R,R_core,fCD,R2@5,9,37,漏網,111,-1.867012,,atr14=0.993|n_lu_250=0.514|r20=0.963|c_ma120=0.809|vr20=0.645|days_since_lu=0.098|dt_ratio20=NaN|lend_to_v=NaN|rev_yoy=0.765|o_turn=0.468|o_log_mcap=0.000|o_lu_follow=0.998,"官方日成交結構(MI_INDEX/dailyQuotes)=1|發行股數(MI_QFIIS/dailyQuotes)=1|外資持股(MI_QFIIS,僅上市)=0|自營商(T86/上櫃三大法人)=1|當沖(TWTB4U/上櫃intraday)=0|季財報(MOPS t163sb04)=1|月營收(MOPS/openapi)=1|官方產業別(MOPS t05st03)=1|融資券(MI_MARGN)=0|借券(TWT93U)=0|法人(T86)=1",1007,inf,250.0,official_prepanel,343.5,6.0,0.0,0.0,0,1,9.339,10.506,5.058,363.0,0,未扣成本·事後欄位以 m_ 標示·非投資建議
HC,3,2026-09-14,2026-09-15,3021,鴻名,TWSE,R,R_core,fCD,R2@5,23,28,漏網,118,-2.823543,,atr14=0.798|n_lu_250=0.773|r20=0.879|c_ma120=0.608|vr20=0.558|days_since_lu=0.051|dt_ratio20=0.714|lend_to_v=0.272|rev_yoy=0.090|o_turn=0.379|o_log_mcap=0.033|o_lu_follow=0.999,"官方日成交結構(MI_INDEX/dailyQuotes)=1|發行股數(MI_QFIIS/dailyQuotes)=1|外資持股(MI_QFIIS,僅上市)=1|自營商(T86/上櫃三大法人)=1|當沖(TWTB4U/上櫃intraday)=1|季財報(MOPS t163sb04)=1|月營收(MOPS/openapi)=1|官方產業別(MOPS t05st03)=1|融資券(MI_MARGN)=1|借券(TWT93U)=1|法人(T86)=1",1011,inf,250.0,official_prepanel,417.05,8.0,0.0,0.0,0,1,9.8,16.927,26.726,661.0,0,未扣成本·事後欄位以 m_ 標示·非投資建議
HC,3,2026-09-15,2026-09-16,6933,AMAX-KY,TWSE,R,R_core,fCD,R2@5,8,27,漏網,8,-1.947702,,atr14=0.973|n_lu_250=0.890|r20=0.994|c_ma120=0.996|vr20=0.956|days_since_lu=0.096|dt_ratio20=NaN|lend_to_v=0.081|rev_yoy=0.951|o_turn=0.955|o_log_mcap=0.416|o_lu_follow=0.943,"官方日成交結構(MI_INDEX/dailyQuotes)=1|發行股數(MI_QFIIS/dailyQuotes)=1|外資持股(MI_QFIIS,僅上市)=1|自營商(T86/上櫃三大法人)=1|當沖(TWTB4U/上櫃intraday)=1|季財報(MOPS t163sb04)=1|月營收(MOPS/openapi)=1|官方產業別(MOPS t05st03)=1|融資券(MI_MARGN)=1|借券(TWT93U)=1|法人(T86)=1",693,693.0,250.0,official,1041.45,20.0,0.0,0.0,0,1,9.965,11.364,37.937,932.0,0,未扣成本·事後欄位以 m_ 標示·非投資建議
HC,3,2026-09-15,2026-09-16,7717,萊德光電-KY,TPEx,R,R_core,fCD,R2@5,12,27,漏網,327,-2.141701,,atr14=0.958|n_lu_250=0.944|r20=0.918|c_ma120=0.114|vr20=0.846|days_since_lu=0.048|dt_ratio20=NaN|lend_to_v=0.084|rev_yoy=0.849|o_turn=0.906|o_log_mcap=0.409|o_lu_follow=0.832,"官方日成交結構(MI_INDEX/dailyQuotes)=1|發行股數(MI_QFIIS/dailyQuotes)=1|外資持股(MI_QFIIS,僅上市)=0|自營商(T86/上櫃三大法人)=1|當沖(TWTB4U/上櫃intraday)=1|季財報(MOPS t163sb04)=1|月營收(MOPS/openapi)=1|官方產業別(MOPS t05st03)=1|融資券(MI_MARGN)=1|借券(TWT93U)=1|法人(T86)=1",202,202.0,202.0,official,589.1,11.0,0.0,1.0,0,1,5.4,19.0,10.2,950.0,0,未扣成本·事後欄位以 m_ 標示·非投資建議
HC,3,2026-09-17,2026-09-18,6538,倉和,TPEx,R,R_core,fCD,R2@5,13,25,漏網,7,-1.770149,,atr14=0.964|n_lu_250=0.878|r20=0.999|c_ma120=0.999|vr20=0.108|days_since_lu=0.077|dt_ratio20=NaN|lend_to_v=0.158|rev_yoy=0.756|o_turn=0.867|o_log_mcap=0.428|o_lu_follow=0.906,"官方日成交結構(MI_INDEX/dailyQuotes)=1|發行股數(MI_QFIIS/dailyQuotes)=1|外資持股(MI_QFIIS,僅上市)=0|自營商(T86/上櫃三大法人)=1|當沖(TWTB4U/上櫃intraday)=0|季財報(MOPS t163sb04)=1|月營收(MOPS/openapi)=1|官方產業別(MOPS t05st03)=1|融資券(MI_MARGN)=1|借券(TWT93U)=1|法人(T86)=1",1014,inf,250.0,official_prepanel,2255.65,22.0,1.0,2.0,0,1,10.071,12.908,,2425.0,0,未扣成本·事後欄位以 m_ 標示·非投資建議
HC,3,2026-09-22,2026-09-23,6933,AMAX-KY,TWSE,R,R_core,fCD,R2@5,34,54,漏網,6,-1.683507,,atr14=0.989|n_lu_250=0.916|r20=1.000|c_ma120=0.999|vr20=0.502|days_since_lu=0.057|dt_ratio20=NaN|lend_to_v=0.049|rev_yoy=0.952|o_turn=0.865|o_log_mcap=0.447|o_lu_follow=0.952,"官方日成交結構(MI_INDEX/dailyQuotes)=1|發行股數(MI_QFIIS/dailyQuotes)=1|外資持股(MI_QFIIS,僅上市)=1|自營商(T86/上櫃三大法人)=1|當沖(TWTB4U/上櫃intraday)=1|季財報(MOPS t163sb04)=1|月營收(MOPS/openapi)=1|官方產業別(MOPS t05st03)=1|融資券(MI_MARGN)=1|借券(TWT93U)=1|法人(T86)=1",698,698.0,250.0,official,1470.35,29.0,0.0,0.0,0,1,9.375,23.281,,1319.0,0,未扣成本·事後欄位以 m_ 標示·非投資建議
HC,3,2026-09-23,2026-09-24,3021,鴻名,TWSE,R,R_core,fCD,R2@5,47,56,漏網,63,-2.220493,,atr14=0.976|n_lu_250=0.833|r20=0.942|c_ma120=0.716|vr20=0.260|days_since_lu=0.091|dt_ratio20=0.787|lend_to_v=0.124|rev_yoy=0.082|o_turn=0.463|o_log_mcap=0.033|o_lu_follow=0.997,"官方日成交結構(MI_INDEX/dailyQuotes)=1|發行股數(MI_QFIIS/dailyQuotes)=1|外資持股(MI_QFIIS,僅上市)=1|自營商(T86/上櫃三大法人)=1|當沖(TWTB4U/上櫃intraday)=1|季財報(MOPS t163sb04)=1|月營收(MOPS/openapi)=1|官方產業別(MOPS t05st03)=1|融資券(MI_MARGN)=1|借券(TWT93U)=1|法人(T86)=1",1018,inf,250.0,official_prepanel,810.5,16.0,0.0,0.0,0,1,10.905,16.049,,1665.0,0,未扣成本·事後欄位以 m_ 標示·非投資建議
HC,3,2026-09-23,2026-09-24,3219,倚強科,TPEx,R,R_core,fCD,R2@5,13,56,漏網,32,-1.160873,,atr14=0.848|n_lu_250=0.862|r20=0.986|c_ma120=0.977|vr20=0.989|days_since_lu=0.008|dt_ratio20=NaN|lend_to_v=0.047|rev_yoy=0.419|o_turn=0.985|o_log_mcap=0.259|o_lu_follow=0.515,"官方日成交結構(MI_INDEX/dailyQuotes)=1|發行股數(MI_QFIIS/dailyQuotes)=1|外資持股(MI_QFIIS,僅上市)=0|自營商(T86/上櫃三大法人)=1|當沖(TWTB4U/上櫃intraday)=1|季財報(MOPS t163sb04)=1|月營收(MOPS/openapi)=1|官方產業別(MOPS t05st03)=1|融資券(MI_MARGN)=1|借券(TWT93U)=1|法人(T86)=1",1018,inf,250.0,official_prepanel,1350.05,27.0,0.0,0.0,0,1,7.009,20.093,,2352.0,0,未扣成本·事後欄位以 m_ 標示·非投資建議
