window,fold,date_s,event_day_t,code,name,market,track,sublayer,failing_filters,list_id,rank_in_list,n_pool_day,result,global_rank_combo,score,combo_n_components,pct_key_features,source_has_value_flags,hist_len,age_off,age_cap,listing_src,vol20_s,Qmax_lots,DK_s,at_known5,m_locked_open,m_buyable,m_c1,m_c5,m_c10,m_vol_t,m_disp_t_exec,note
SEL,1,2025-01-06,2025-01-07,6672,騰輝電子-KY,TWSE,S,,fV300,S0_atr14@5,173,348,漏網,1481,0.022844,,atr14=0.248|n_lu_250=0.145|r20=0.427|c_ma120=0.332|vr20=0.584|days_since_lu=0.749|dt_ratio20=0.094|lend_to_v=0.845|rev_yoy=0.202|o_turn=0.246|o_log_mcap=0.221|o_lu_follow=0.680,"官方日成交結構(MI_INDEX/dailyQuotes)=1|發行股數(MI_QFIIS/dailyQuotes)=1|外資持股(MI_QFIIS,僅上市)=1|自營商(T86/上櫃三大法人)=1|當沖(TWTB4U/上櫃intraday)=1|季財報(MOPS t163sb04)=1|月營收(MOPS/openapi)=1|官方產業別(MOPS t05st03)=1|融資券(MI_MARGN)=1|借券(TWT93U)=1|法人(T86)=1",602,inf,250.0,official_prepanel,175.95,1.0,0.0,0.0,0,1,5.856,19.67,22.973,475.0,0,未扣成本·事後欄位以 m_ 標示·非投資建議
SEL,1,2025-01-22,2025-02-03,6148,驊宏資,TPEx,S,,fV300,S0_atr14@5,40,374,漏網,345,0.037832,,atr14=0.664|n_lu_250=0.702|r20=0.504|c_ma120=0.502|vr20=0.578|days_since_lu=0.234|dt_ratio20=NaN|lend_to_v=0.594|rev_yoy=0.941|o_turn=0.454|o_log_mcap=0.005|o_lu_follow=0.501,"官方日成交結構(MI_INDEX/dailyQuotes)=1|發行股數(MI_QFIIS/dailyQuotes)=1|外資持股(MI_QFIIS,僅上市)=0|自營商(T86/上櫃三大法人)=1|當沖(TWTB4U/上櫃intraday)=1|季財報(MOPS t163sb04)=1|月營收(MOPS/openapi)=1|官方產業別(MOPS t05st03)=1|融資券(MI_MARGN)=1|借券(TWT93U)=1|法人(T86)=1",614,inf,250.0,official_prepanel,208.7,2.0,0.0,0.0,0,1,10.099,58.218,50.891,1299.0,0,未扣成本·事後欄位以 m_ 標示·非投資建議
SEL,1,2025-02-04,2025-02-05,6113,亞矽,TPEx,S,,fV300,S0_atr14@5,62,366,漏網,1119,0.036722,,atr14=0.582|n_lu_250=0.930|r20=0.026|c_ma120=0.008|vr20=0.363|days_since_lu=0.465|dt_ratio20=NaN|lend_to_v=0.424|rev_yoy=0.041|o_turn=0.146|o_log_mcap=0.001|o_lu_follow=0.938,"官方日成交結構(MI_INDEX/dailyQuotes)=1|發行股數(MI_QFIIS/dailyQuotes)=1|外資持股(MI_QFIIS,僅上市)=0|自營商(T86/上櫃三大法人)=1|當沖(TWTB4U/上櫃intraday)=1|季財報(MOPS t163sb04)=1|月營收(MOPS/openapi)=1|官方產業別(MOPS t05st03)=1|融資券(MI_MARGN)=1|借券(TWT93U)=1|法人(T86)=1",616,inf,250.0,official_prepanel,116.0,1.0,0.0,0.0,0,1,7.362,42.331,38.037,220.0,0,未扣成本·事後欄位以 m_ 標示·非投資建議
SEL,1,2025-02-06,2025-02-07,2438,翔耀,TWSE,S,,fV300,S0_atr14@5,27,369,漏網,1033,0.040934,,atr14=0.731|n_lu_250=0.900|r20=0.011|c_ma120=0.001|vr20=0.617|days_since_lu=0.401|dt_ratio20=NaN|lend_to_v=0.011|rev_yoy=0.989|o_turn=0.232|o_log_mcap=0.018|o_lu_follow=0.933,"官方日成交結構(MI_INDEX/dailyQuotes)=1|發行股數(MI_QFIIS/dailyQuotes)=1|外資持股(MI_QFIIS,僅上市)=1|自營商(T86/上櫃三大法人)=1|當沖(TWTB4U/上櫃intraday)=0|季財報(MOPS t163sb04)=1|月營收(MOPS/openapi)=1|官方產業別(MOPS t05st03)=1|融資券(MI_MARGN)=1|借券(TWT93U)=1|法人(T86)=1",618,inf,250.0,official_prepanel,118.3,1.0,0.0,0.0,0,1,11.719,58.984,47.266,236.0,0,未扣成本·事後欄位以 m_ 標示·非投資建議
SEL,1,2025-02-07,2025-02-10,1453,大將,TWSE,S,,fV300,S0_atr14@5,198,375,漏網,1171,0.02423,,atr14=0.260|n_lu_250=0.902|r20=0.246|c_ma120=0.072|vr20=0.120|days_since_lu=0.562|dt_ratio20=0.012|lend_to_v=0.716|rev_yoy=0.000|o_turn=0.013|o_log_mcap=0.013|o_lu_follow=0.988,"官方日成交結構(MI_INDEX/dailyQuotes)=1|發行股數(MI_QFIIS/dailyQuotes)=1|外資持股(MI_QFIIS,僅上市)=1|自營商(T86/上櫃三大法人)=1|當沖(TWTB4U/上櫃intraday)=1|季財報(MOPS t163sb04)=1|月營收(MOPS/openapi)=1|官方產業別(MOPS t05st03)=1|融資券(MI_MARGN)=1|借券(TWT93U)=1|法人(T86)=1",619,inf,250.0,official_prepanel,104.0,1.0,0.0,0.0,0,1,7.241,24.483,21.379,355.0,0,未扣成本·事後欄位以 m_ 標示·非投資建議
SEL,1,2025-02-10,2025-02-11,3202,,TPEx,S,,fP10|fV300,S0_atr14@5,8,363,漏網,891,0.047908,,atr14=0.862|n_lu_250=0.943|r20=0.042|c_ma120=0.001|vr20=0.481|days_since_lu=0.137|dt_ratio20=NaN|lend_to_v=0.442|rev_yoy=NaN|o_turn=0.177|o_log_mcap=0.001|o_lu_follow=0.935,"官方日成交結構(MI_INDEX/dailyQuotes)=1|發行股數(MI_QFIIS/dailyQuotes)=1|外資持股(MI_QFIIS,僅上市)=0|自營商(T86/上櫃三大法人)=1|當沖(TWTB4U/上櫃intraday)=0|季財報(MOPS t163sb04)=0|月營收(MOPS/openapi)=0|官方產業別(MOPS t05st03)=0|融資券(MI_MARGN)=1|借券(TWT93U)=1|法人(T86)=1",620,inf,250.0,fallback_prepanel,263.7,2.0,0.0,0.0,1,0,0.0,2.208,-2.05,386.0,0,未扣成本·事後欄位以 m_ 標示·非投資建議
SEL,1,2025-02-13,2025-02-14,8467,波力-KY,TWSE,S,,fV300,S0_atr14@5,8,363,漏網,710,0.046659,,atr14=0.860|n_lu_250=0.888|r20=0.010|c_ma120=0.269|vr20=0.131|days_since_lu=0.380|dt_ratio20=0.641|lend_to_v=0.379|rev_yoy=0.617|o_turn=0.192|o_log_mcap=0.500|o_lu_follow=0.865,"官方日成交結構(MI_INDEX/dailyQuotes)=1|發行股數(MI_QFIIS/dailyQuotes)=1|外資持股(MI_QFIIS,僅上市)=1|自營商(T86/上櫃三大法人)=1|當沖(TWTB4U/上櫃intraday)=1|季財報(MOPS t163sb04)=1|月營收(MOPS/openapi)=1|官方產業別(MOPS t05st03)=1|融資券(MI_MARGN)=1|借券(TWT93U)=1|法人(T86)=1",623,inf,250.0,official_prepanel,234.45,2.0,0.0,0.0,0,1,2.06,1.873,0.187,211.0,0,未扣成本·事後欄位以 m_ 標示·非投資建議
SEL,1,2025-02-14,2025-02-17,4426,利勤,TWSE,S,,fV300,S0_atr14@5,187,357,漏網,1353,0.021927,,atr14=0.211|n_lu_250=0.342|r20=0.530|c_ma120=0.060|vr20=0.602|days_since_lu=0.674|dt_ratio20=0.075|lend_to_v=0.982|rev_yoy=0.137|o_turn=0.028|o_log_mcap=0.028|o_lu_follow=0.374,"官方日成交結構(MI_INDEX/dailyQuotes)=1|發行股數(MI_QFIIS/dailyQuotes)=1|外資持股(MI_QFIIS,僅上市)=1|自營商(T86/上櫃三大法人)=1|當沖(TWTB4U/上櫃intraday)=1|季財報(MOPS t163sb04)=1|月營收(MOPS/openapi)=1|官方產業別(MOPS t05st03)=1|融資券(MI_MARGN)=1|借券(TWT93U)=1|法人(T86)=1",624,inf,250.0,official_prepanel,101.7,1.0,0.0,0.0,0,1,8.257,34.404,38.532,592.0,0,未扣成本·事後欄位以 m_ 標示·非投資建議
SEL,1,2025-03-06,2025-03-07,3528,安馳,TWSE,S,,fV300,S0_atr14@5,220,323,漏網,705,0.01773,,atr14=0.140|n_lu_250=0.142|r20=0.782|c_ma120=0.768|vr20=0.859|days_since_lu=0.825|dt_ratio20=0.078|lend_to_v=0.338|rev_yoy=0.704|o_turn=0.423|o_log_mcap=0.168|o_lu_follow=0.681,"官方日成交結構(MI_INDEX/dailyQuotes)=1|發行股數(MI_QFIIS/dailyQuotes)=1|外資持股(MI_QFIIS,僅上市)=1|自營商(T86/上櫃三大法人)=1|當沖(TWTB4U/上櫃intraday)=1|季財報(MOPS t163sb04)=1|月營收(MOPS/openapi)=1|官方產業別(MOPS t05st03)=1|融資券(MI_MARGN)=1|借券(TWT93U)=1|法人(T86)=1",637,inf,250.0,official_prepanel,168.25,1.0,0.0,0.0,0,1,9.609,35.053,56.05,4828.0,0,未扣成本·事後欄位以 m_ 標示·非投資建議
SEL,1,2025-03-25,2025-03-26,2438,翔耀,TWSE,S,,fV300,S0_atr14@5,11,357,漏網,833,0.050862,,atr14=0.924|n_lu_250=0.974|r20=0.013|c_ma120=0.019|vr20=0.598|days_since_lu=0.181|dt_ratio20=NaN|lend_to_v=0.013|rev_yoy=0.925|o_turn=0.210|o_log_mcap=0.031|o_lu_follow=0.976,"官方日成交結構(MI_INDEX/dailyQuotes)=1|發行股數(MI_QFIIS/dailyQuotes)=1|外資持股(MI_QFIIS,僅上市)=1|自營商(T86/上櫃三大法人)=1|當沖(TWTB4U/上櫃intraday)=0|季財報(MOPS t163sb04)=1|月營收(MOPS/openapi)=1|官方產業別(MOPS t05st03)=1|融資券(MI_MARGN)=1|借券(TWT93U)=1|法人(T86)=1",650,inf,250.0,official_prepanel,151.0,1.0,0.0,0.0,0,1,9.434,3.774,-14.751,398.0,0,未扣成本·事後欄位以 m_ 標示·非投資建議
SEL,2,2025-04-11,2025-04-14,3219,倚強科,TPEx,S,,fV300,S0_atr14@5,9,376,漏網,829,0.089148,,atr14=0.933|n_lu_250=0.954|r20=0.031|c_ma120=0.009|vr20=0.953|days_since_lu=0.887|dt_ratio20=NaN|lend_to_v=0.171|rev_yoy=0.943|o_turn=0.321|o_log_mcap=0.071|o_lu_follow=0.975,"官方日成交結構(MI_INDEX/dailyQuotes)=1|發行股數(MI_QFIIS/dailyQuotes)=1|外資持股(MI_QFIIS,僅上市)=0|自營商(T86/上櫃三大法人)=1|當沖(TWTB4U/上櫃intraday)=1|季財報(MOPS t163sb04)=1|月營收(MOPS/openapi)=1|官方產業別(MOPS t05st03)=1|融資券(MI_MARGN)=1|借券(TWT93U)=1|法人(T86)=1",661,inf,250.0,official_prepanel,118.9,1.0,0.0,0.0,0,1,5.926,17.778,37.963,143.0,0,未扣成本·事後欄位以 m_ 標示·非投資建議
SEL,2,2025-04-14,2025-04-15,5210,寶碩,TPEx,S,,fV300,S0_atr14@5,219,370,漏網,443,0.054158,,atr14=0.274|n_lu_250=0.849|r20=0.714|c_ma120=0.338|vr20=0.130|days_since_lu=0.419|dt_ratio20=NaN|lend_to_v=0.010|rev_yoy=0.464|o_turn=0.114|o_log_mcap=0.053|o_lu_follow=0.955,"官方日成交結構(MI_INDEX/dailyQuotes)=1|發行股數(MI_QFIIS/dailyQuotes)=1|外資持股(MI_QFIIS,僅上市)=0|自營商(T86/上櫃三大法人)=1|當沖(TWTB4U/上櫃intraday)=0|季財報(MOPS t163sb04)=1|月營收(MOPS/openapi)=1|官方產業別(MOPS t05st03)=1|融資券(MI_MARGN)=1|借券(TWT93U)=1|法人(T86)=1",662,inf,250.0,official_prepanel,251.65,2.0,0.0,0.0,0,1,9.346,21.495,20.794,224.0,0,未扣成本·事後欄位以 m_ 標示·非投資建議
SEL,2,2025-04-14,2025-04-15,6629,泰金-KY,TPEx,S,,fV300,S0_atr14@5,176,370,漏網,1584,0.058298,,atr14=0.355|n_lu_250=0.820|r20=0.047|c_ma120=0.137|vr20=1.000|days_since_lu=0.419|dt_ratio20=NaN|lend_to_v=0.268|rev_yoy=0.462|o_turn=0.853|o_log_mcap=0.175|o_lu_follow=0.674,"官方日成交結構(MI_INDEX/dailyQuotes)=1|發行股數(MI_QFIIS/dailyQuotes)=1|外資持股(MI_QFIIS,僅上市)=0|自營商(T86/上櫃三大法人)=1|當沖(TWTB4U/上櫃intraday)=1|季財報(MOPS t163sb04)=1|月營收(MOPS/openapi)=1|官方產業別(MOPS t05st03)=1|融資券(MI_MARGN)=1|借券(TWT93U)=1|法人(T86)=1",662,inf,250.0,official_prepanel,100.55,1.0,0.0,0.0,0,1,6.532,17.933,27.672,118.0,0,未扣成本·事後欄位以 m_ 標示·非投資建議
SEL,2,2025-04-17,2025-04-18,5489,彩富,TPEx,S,,fV300,S0_atr14@5,238,384,漏網,241,0.054069,,atr14=0.244|n_lu_250=0.210|r20=0.989|c_ma120=0.981|vr20=0.999|days_since_lu=0.038|dt_ratio20=NaN|lend_to_v=0.044|rev_yoy=0.196|o_turn=0.905|o_log_mcap=0.267|o_lu_follow=0.553,"官方日成交結構(MI_INDEX/dailyQuotes)=1|發行股數(MI_QFIIS/dailyQuotes)=1|外資持股(MI_QFIIS,僅上市)=0|自營商(T86/上櫃三大法人)=1|當沖(TWTB4U/上櫃intraday)=1|季財報(MOPS t163sb04)=1|月營收(MOPS/openapi)=1|官方產業別(MOPS t05st03)=1|融資券(MI_MARGN)=1|借券(TWT93U)=1|法人(T86)=1",665,inf,250.0,official_prepanel,299.5,2.0,0.0,1.0,0,1,8.471,30.033,29.153,715.0,0,未扣成本·事後欄位以 m_ 標示·非投資建議
SEL,2,2025-04-21,2025-04-22,3686,達能,TWSE,S,,fV300,S0_atr14@5,84,386,漏網,346,0.069133,,atr14=0.620|n_lu_250=0.979|r20=0.581|c_ma120=0.255|vr20=0.415|days_since_lu=0.089|dt_ratio20=NaN|lend_to_v=0.009|rev_yoy=0.046|o_turn=0.213|o_log_mcap=0.009|o_lu_follow=0.969,"官方日成交結構(MI_INDEX/dailyQuotes)=1|發行股數(MI_QFIIS/dailyQuotes)=1|外資持股(MI_QFIIS,僅上市)=1|自營商(T86/上櫃三大法人)=1|當沖(TWTB4U/上櫃intraday)=0|季財報(MOPS t163sb04)=1|月營收(MOPS/openapi)=1|官方產業別(MOPS t05st03)=1|融資券(MI_MARGN)=1|借券(TWT93U)=1|法人(T86)=1",667,inf,250.0,official_prepanel,202.25,2.0,0.0,0.0,0,1,15.356,19.85,18.352,350.0,0,未扣成本·事後欄位以 m_ 標示·非投資建議
SEL,2,2025-04-23,2025-04-24,6218,豪勉,TPEx,S,,fV300,S0_atr14@5,15,372,漏網,954,0.074878,,atr14=0.911|n_lu_250=0.836|r20=0.127|c_ma120=0.035|vr20=0.871|days_since_lu=0.893|dt_ratio20=NaN|lend_to_v=0.464|rev_yoy=0.627|o_turn=0.569|o_log_mcap=0.009|o_lu_follow=0.992,"官方日成交結構(MI_INDEX/dailyQuotes)=1|發行股數(MI_QFIIS/dailyQuotes)=1|外資持股(MI_QFIIS,僅上市)=0|自營商(T86/上櫃三大法人)=1|當沖(TWTB4U/上櫃intraday)=1|季財報(MOPS t163sb04)=1|月營收(MOPS/openapi)=1|官方產業別(MOPS t05st03)=1|融資券(MI_MARGN)=1|借券(TWT93U)=1|法人(T86)=1",669,inf,250.0,official_prepanel,223.15,2.0,0.0,0.0,0,1,9.322,17.797,16.384,244.0,0,未扣成本·事後欄位以 m_ 標示·非投資建議
SEL,2,2025-04-23,2025-04-24,7714,創泓科技,TPEx,S,,fV300|fH125,S0_atr14@5,21,372,漏網,1803,0.07256,,atr14=0.875|n_lu_250=0.426|r20=0.996|c_ma120=NaN|vr20=0.523|days_since_lu=0.057|dt_ratio20=NaN|lend_to_v=NaN|rev_yoy=0.974|o_turn=0.653|o_log_mcap=0.068|o_lu_follow=0.326,"官方日成交結構(MI_INDEX/dailyQuotes)=1|發行股數(MI_QFIIS/dailyQuotes)=1|外資持股(MI_QFIIS,僅上市)=0|自營商(T86/上櫃三大法人)=1|當沖(TWTB4U/上櫃intraday)=0|季財報(MOPS t163sb04)=1|月營收(MOPS/openapi)=1|官方產業別(MOPS t05st03)=1|融資券(MI_MARGN)=0|借券(TWT93U)=0|法人(T86)=1",61,61.0,61.0,official,163.45,1.0,0.0,0.0,0,1,11.222,47.295,47.295,341.0,0,未扣成本·事後欄位以 m_ 標示·非投資建議
SEL,2,2025-04-24,2025-04-25,3066,李洲,TPEx,S,,fV300,S0_atr14@5,108,374,漏網,1412,0.061355,,atr14=0.553|n_lu_250=0.887|r20=0.053|c_ma120=0.037|vr20=0.378|days_since_lu=0.487|dt_ratio20=NaN|lend_to_v=0.546|rev_yoy=0.636|o_turn=0.152|o_log_mcap=0.013|o_lu_follow=0.865,"官方日成交結構(MI_INDEX/dailyQuotes)=1|發行股數(MI_QFIIS/dailyQuotes)=1|外資持股(MI_QFIIS,僅上市)=0|自營商(T86/上櫃三大法人)=1|當沖(TWTB4U/上櫃intraday)=1|季財報(MOPS t163sb04)=1|月營收(MOPS/openapi)=1|官方產業別(MOPS t05st03)=1|融資券(MI_MARGN)=1|借券(TWT93U)=1|法人(T86)=1",670,inf,250.0,official_prepanel,160.55,1.0,0.0,0.0,0,1,8.202,14.826,10.095,407.0,0,未扣成本·事後欄位以 m_ 標示·非投資建議
SEL,2,2025-04-24,2025-04-25,6167,久正,TPEx,S,,fV300,S0_atr14@5,163,374,漏網,1743,0.057955,,atr14=0.424|n_lu_250=0.216|r20=0.252|c_ma120=0.203|vr20=0.238|days_since_lu=0.487|dt_ratio20=NaN|lend_to_v=0.734|rev_yoy=0.219|o_turn=0.083|o_log_mcap=0.040|o_lu_follow=0.540,"官方日成交結構(MI_INDEX/dailyQuotes)=1|發行股數(MI_QFIIS/dailyQuotes)=1|外資持股(MI_QFIIS,僅上市)=0|自營商(T86/上櫃三大法人)=1|當沖(TWTB4U/上櫃intraday)=1|季財報(MOPS t163sb04)=1|月營收(MOPS/openapi)=1|官方產業別(MOPS t05st03)=1|融資券(MI_MARGN)=1|借券(TWT93U)=1|法人(T86)=1",670,inf,250.0,official_prepanel,271.95,2.0,0.0,0.0,0,1,6.422,13.761,10.092,602.0,0,未扣成本·事後欄位以 m_ 標示·非投資建議
SEL,2,2025-04-25,2025-04-28,6739,竹陞科技,TPEx,S,,fV300,S0_atr14@5,10,373,漏網,268,0.07054,,atr14=0.931|n_lu_250=0.797|r20=0.378|c_ma120=0.685|vr20=0.968|days_since_lu=0.485|dt_ratio20=NaN|lend_to_v=0.109|rev_yoy=0.915|o_turn=0.837|o_log_mcap=0.249|o_lu_follow=0.716,"官方日成交結構(MI_INDEX/dailyQuotes)=1|發行股數(MI_QFIIS/dailyQuotes)=1|外資持股(MI_QFIIS,僅上市)=0|自營商(T86/上櫃三大法人)=1|當沖(TWTB4U/上櫃intraday)=1|季財報(MOPS t163sb04)=1|月營收(MOPS/openapi)=1|官方產業別(MOPS t05st03)=1|融資券(MI_MARGN)=0|借券(TWT93U)=1|法人(T86)=1",154,154.0,154.0,official,149.35,1.0,0.0,0.0,0,1,7.805,21.951,40.976,430.0,0,未扣成本·事後欄位以 m_ 標示·非投資建議
SEL,2,2025-04-30,2025-05-02,9902,台火,TWSE,S,,fV300,S0_atr14@5,266,386,漏網,1209,0.028462,,atr14=0.188|n_lu_250=0.841|r20=0.259|c_ma120=0.292|vr20=0.034|days_since_lu=0.518|dt_ratio20=0.006|lend_to_v=0.729|rev_yoy=0.040|o_turn=0.012|o_log_mcap=0.012|o_lu_follow=0.682,"官方日成交結構(MI_INDEX/dailyQuotes)=1|發行股數(MI_QFIIS/dailyQuotes)=1|外資持股(MI_QFIIS,僅上市)=1|自營商(T86/上櫃三大法人)=1|當沖(TWTB4U/上櫃intraday)=1|季財報(MOPS t163sb04)=1|月營收(MOPS/openapi)=1|官方產業別(MOPS t05st03)=1|融資券(MI_MARGN)=1|借券(TWT93U)=1|法人(T86)=1",674,inf,250.0,official_prepanel,128.75,1.0,0.0,0.0,0,1,8.302,15.472,13.585,943.0,0,未扣成本·事後欄位以 m_ 標示·非投資建議
SEL,2,2025-05-02,2025-05-05,2734,易飛網,TPEx,S,,fV300,S0_atr14@5,105,390,漏網,1513,0.038876,,atr14=0.618|n_lu_250=0.420|r20=0.155|c_ma120=0.060|vr20=0.438|days_since_lu=0.525|dt_ratio20=NaN|lend_to_v=0.017|rev_yoy=0.037|o_turn=0.144|o_log_mcap=0.007|o_lu_follow=0.332,"官方日成交結構(MI_INDEX/dailyQuotes)=1|發行股數(MI_QFIIS/dailyQuotes)=1|外資持股(MI_QFIIS,僅上市)=0|自營商(T86/上櫃三大法人)=1|當沖(TWTB4U/上櫃intraday)=1|季財報(MOPS t163sb04)=1|月營收(MOPS/openapi)=1|官方產業別(MOPS t05st03)=1|融資券(MI_MARGN)=1|借券(TWT93U)=1|法人(T86)=1",675,inf,250.0,official_prepanel,108.15,1.0,0.0,0.0,0,1,7.379,37.15,40.458,1234.0,0,未扣成本·事後欄位以 m_ 標示·非投資建議
SEL,2,2025-05-02,2025-05-05,6482,弘煜科,TPEx,S,,fV300,S0_atr14@5,9,390,漏網,63,0.057184,,atr14=0.935|n_lu_250=0.420|r20=0.997|c_ma120=0.993|vr20=0.878|days_since_lu=0.172|dt_ratio20=NaN|lend_to_v=NaN|rev_yoy=0.639|o_turn=0.817|o_log_mcap=0.031|o_lu_follow=0.332,"官方日成交結構(MI_INDEX/dailyQuotes)=1|發行股數(MI_QFIIS/dailyQuotes)=1|外資持股(MI_QFIIS,僅上市)=0|自營商(T86/上櫃三大法人)=1|當沖(TWTB4U/上櫃intraday)=0|季財報(MOPS t163sb04)=1|月營收(MOPS/openapi)=1|官方產業別(MOPS t05st03)=1|融資券(MI_MARGN)=0|借券(TWT93U)=0|法人(T86)=1",675,inf,250.0,official_prepanel,187.8,1.0,0.0,0.0,0,1,9.04,24.435,1.412,653.0,0,未扣成本·事後欄位以 m_ 標示·非投資建議
SEL,2,2025-05-06,2025-05-07,4545,銘鈺,TWSE,S,,fV300,S0_atr14@5,72,371,漏網,225,0.041201,,atr14=0.660|n_lu_250=0.967|r20=0.800|c_ma120=0.278|vr20=0.766|days_since_lu=0.542|dt_ratio20=0.425|lend_to_v=0.357|rev_yoy=0.564|o_turn=0.372|o_log_mcap=0.116|o_lu_follow=0.906,"官方日成交結構(MI_INDEX/dailyQuotes)=1|發行股數(MI_QFIIS/dailyQuotes)=1|外資持股(MI_QFIIS,僅上市)=1|自營商(T86/上櫃三大法人)=1|當沖(TWTB4U/上櫃intraday)=1|季財報(MOPS t163sb04)=1|月營收(MOPS/openapi)=1|官方產業別(MOPS t05st03)=1|融資券(MI_MARGN)=1|借券(TWT93U)=1|法人(T86)=1",677,inf,250.0,official_prepanel,185.3,1.0,0.0,0.0,1,0,0.0,-6.373,-6.618,440.0,0,未扣成本·事後欄位以 m_ 標示·非投資建議
SEL,2,2025-05-07,2025-05-08,1516,川飛,TWSE,S,,fV300,S0_atr14@5,160,387,漏網,730,0.033206,,atr14=0.434|n_lu_250=0.823|r20=0.269|c_ma120=0.474|vr20=0.001|days_since_lu=0.555|dt_ratio20=NaN|lend_to_v=0.107|rev_yoy=0.006|o_turn=0.003|o_log_mcap=0.000|o_lu_follow=0.895,"官方日成交結構(MI_INDEX/dailyQuotes)=1|發行股數(MI_QFIIS/dailyQuotes)=1|外資持股(MI_QFIIS,僅上市)=1|自營商(T86/上櫃三大法人)=1|當沖(TWTB4U/上櫃intraday)=0|季財報(MOPS t163sb04)=1|月營收(MOPS/openapi)=1|官方產業別(MOPS t05st03)=1|融資券(MI_MARGN)=1|借券(TWT93U)=1|法人(T86)=1",678,inf,250.0,official_prepanel,101.55,1.0,0.0,0.0,1,0,0.0,10.976,24.085,221.0,0,未扣成本·事後欄位以 m_ 標示·非投資建議
SEL,2,2025-05-07,2025-05-08,6499,益安,TPEx,S,,fV300,S0_atr14@5,193,387,漏網,161,0.030662,,atr14=0.336|n_lu_250=0.641|r20=0.974|c_ma120=0.987|vr20=0.737|days_since_lu=0.169|dt_ratio20=NaN|lend_to_v=0.273|rev_yoy=0.953|o_turn=0.322|o_log_mcap=0.242|o_lu_follow=0.113,"官方日成交結構(MI_INDEX/dailyQuotes)=1|發行股數(MI_QFIIS/dailyQuotes)=1|外資持股(MI_QFIIS,僅上市)=0|自營商(T86/上櫃三大法人)=1|當沖(TWTB4U/上櫃intraday)=1|季財報(MOPS t163sb04)=1|月營收(MOPS/openapi)=1|官方產業別(MOPS t05st03)=1|融資券(MI_MARGN)=1|借券(TWT93U)=1|法人(T86)=1",678,inf,250.0,official_prepanel,206.4,2.0,0.0,0.0,1,0,0.0,40.917,72.134,241.0,0,未扣成本·事後欄位以 m_ 標示·非投資建議
SEL,2,2025-05-07,2025-05-08,6684,安格,TPEx,S,,fV300,S0_atr14@5,50,387,漏網,846,0.043592,,atr14=0.712|n_lu_250=0.538|r20=0.511|c_ma120=0.117|vr20=0.394|days_since_lu=0.899|dt_ratio20=NaN|lend_to_v=0.679|rev_yoy=0.317|o_turn=0.283|o_log_mcap=0.047|o_lu_follow=0.194,"官方日成交結構(MI_INDEX/dailyQuotes)=1|發行股數(MI_QFIIS/dailyQuotes)=1|外資持股(MI_QFIIS,僅上市)=0|自營商(T86/上櫃三大法人)=1|當沖(TWTB4U/上櫃intraday)=1|季財報(MOPS t163sb04)=1|月營收(MOPS/openapi)=1|官方產業別(MOPS t05st03)=1|融資券(MI_MARGN)=1|借券(TWT93U)=1|法人(T86)=1",678,inf,250.0,official_prepanel,165.8,1.0,0.0,0.0,1,0,0.0,12.058,22.661,169.0,0,未扣成本·事後欄位以 m_ 標示·非投資建議
SEL,2,2025-05-09,2025-05-12,4721,美琪瑪,TPEx,S,,fV300,S0_atr14@5,192,364,漏網,1068,0.029451,,atr14=0.302|n_lu_250=0.536|r20=0.437|c_ma120=0.224|vr20=0.491|days_since_lu=0.569|dt_ratio20=NaN|lend_to_v=0.897|rev_yoy=0.045|o_turn=0.209|o_log_mcap=0.186|o_lu_follow=0.195,"官方日成交結構(MI_INDEX/dailyQuotes)=1|發行股數(MI_QFIIS/dailyQuotes)=1|外資持股(MI_QFIIS,僅上市)=0|自營商(T86/上櫃三大法人)=1|當沖(TWTB4U/上櫃intraday)=1|季財報(MOPS t163sb04)=1|月營收(MOPS/openapi)=1|官方產業別(MOPS t05st03)=1|融資券(MI_MARGN)=1|借券(TWT93U)=1|法人(T86)=1",680,inf,250.0,official_prepanel,146.05,1.0,0.0,0.0,1,0,0.0,21.222,6.791,223.0,0,未扣成本·事後欄位以 m_ 標示·非投資建議
SEL,2,2025-05-09,2025-05-12,6591,動力-KY,TWSE,S,,fV300,S0_atr14@5,221,364,漏網,614,0.027252,,atr14=0.233|n_lu_250=0.395|r20=0.723|c_ma120=0.642|vr20=0.517|days_since_lu=0.569|dt_ratio20=0.111|lend_to_v=0.600|rev_yoy=0.899|o_turn=0.514|o_log_mcap=0.043|o_lu_follow=0.331,"官方日成交結構(MI_INDEX/dailyQuotes)=1|發行股數(MI_QFIIS/dailyQuotes)=1|外資持股(MI_QFIIS,僅上市)=1|自營商(T86/上櫃三大法人)=1|當沖(TWTB4U/上櫃intraday)=1|季財報(MOPS t163sb04)=1|月營收(MOPS/openapi)=1|官方產業別(MOPS t05st03)=1|融資券(MI_MARGN)=1|借券(TWT93U)=1|法人(T86)=1",680,inf,250.0,official_prepanel,184.8,1.0,0.0,0.0,1,0,0.0,33.455,48.263,610.0,0,未扣成本·事後欄位以 m_ 標示·非投資建議
SEL,2,2025-05-15,2025-05-16,5324,士開,TPEx,S,,fV300,S0_atr14@5,304,380,漏網,1598,0.020833,,atr14=0.110|n_lu_250=0.193|r20=0.196|c_ma120=0.352|vr20=0.068|days_since_lu=0.914|dt_ratio20=NaN|lend_to_v=0.008|rev_yoy=0.963|o_turn=0.002|o_log_mcap=0.081|o_lu_follow=0.330,"官方日成交結構(MI_INDEX/dailyQuotes)=1|發行股數(MI_QFIIS/dailyQuotes)=1|外資持股(MI_QFIIS,僅上市)=0|自營商(T86/上櫃三大法人)=1|當沖(TWTB4U/上櫃intraday)=0|季財報(MOPS t163sb04)=1|月營收(MOPS/openapi)=1|官方產業別(MOPS t05st03)=1|融資券(MI_MARGN)=1|借券(TWT93U)=1|法人(T86)=1",684,inf,250.0,official_prepanel,138.15,1.0,0.0,0.0,0,1,9.217,28.571,13.364,1361.0,0,未扣成本·事後欄位以 m_ 標示·非投資建議
SEL,2,2025-05-20,2025-05-21,5475,德宏,TPEx,S,,fV300,S0_atr14@5,166,386,漏網,459,0.031441,,atr14=0.415|n_lu_250=0.762|r20=0.533|c_ma120=0.431|vr20=0.625|days_since_lu=0.611|dt_ratio20=NaN|lend_to_v=0.008|rev_yoy=0.447|o_turn=0.104|o_log_mcap=0.023|o_lu_follow=0.904,"官方日成交結構(MI_INDEX/dailyQuotes)=1|發行股數(MI_QFIIS/dailyQuotes)=1|外資持股(MI_QFIIS,僅上市)=0|自營商(T86/上櫃三大法人)=1|當沖(TWTB4U/上櫃intraday)=0|季財報(MOPS t163sb04)=1|月營收(MOPS/openapi)=1|官方產業別(MOPS t05st03)=1|融資券(MI_MARGN)=1|借券(TWT93U)=1|法人(T86)=1",687,inf,250.0,official_prepanel,134.4,1.0,0.0,0.0,0,1,9.829,43.59,68.803,1162.0,0,未扣成本·事後欄位以 m_ 標示·非投資建議
SEL,2,2025-05-20,2025-05-21,6441,廣錠,TPEx,S,,fV300,S0_atr14@5,29,386,漏網,224,0.047215,,atr14=0.810|n_lu_250=0.830|r20=0.900|c_ma120=0.277|vr20=0.376|days_since_lu=0.154|dt_ratio20=NaN|lend_to_v=0.397|rev_yoy=0.050|o_turn=0.270|o_log_mcap=0.027|o_lu_follow=0.942,"官方日成交結構(MI_INDEX/dailyQuotes)=1|發行股數(MI_QFIIS/dailyQuotes)=1|外資持股(MI_QFIIS,僅上市)=0|自營商(T86/上櫃三大法人)=1|當沖(TWTB4U/上櫃intraday)=0|季財報(MOPS t163sb04)=1|月營收(MOPS/openapi)=1|官方產業別(MOPS t05st03)=1|融資券(MI_MARGN)=1|借券(TWT93U)=1|法人(T86)=1",687,inf,250.0,official_prepanel,180.6,1.0,1.0,0.0,0,1,10.0,19.831,24.407,293.0,0,未扣成本·事後欄位以 m_ 標示·非投資建議
SEL,2,2025-05-21,2025-05-22,6593,台灣銘板,TPEx,S,,fV300,S0_atr14@5,19,374,漏網,983,0.048939,,atr14=0.865|n_lu_250=0.831|r20=0.024|c_ma120=0.006|vr20=0.199|days_since_lu=0.610|dt_ratio20=NaN|lend_to_v=0.394|rev_yoy=0.041|o_turn=0.506|o_log_mcap=0.005|o_lu_follow=0.853,"官方日成交結構(MI_INDEX/dailyQuotes)=1|發行股數(MI_QFIIS/dailyQuotes)=1|外資持股(MI_QFIIS,僅上市)=0|自營商(T86/上櫃三大法人)=1|當沖(TWTB4U/上櫃intraday)=1|季財報(MOPS t163sb04)=1|月營收(MOPS/openapi)=1|官方產業別(MOPS t05st03)=1|融資券(MI_MARGN)=0|借券(TWT93U)=1|法人(T86)=1",688,inf,250.0,official_prepanel,251.2,2.0,0.0,0.0,0,1,8.625,44.522,50.816,660.0,0,未扣成本·事後欄位以 m_ 標示·非投資建議
SEL,2,2025-05-26,2025-05-27,4168,醣聯,TPEx,S,,fV300,S0_atr14@5,209,369,漏網,856,0.023745,,atr14=0.292|n_lu_250=0.517|r20=0.732|c_ma120=0.103|vr20=0.876|days_since_lu=0.242|dt_ratio20=NaN|lend_to_v=0.514|rev_yoy=0.994|o_turn=0.219|o_log_mcap=0.046|o_lu_follow=0.204,"官方日成交結構(MI_INDEX/dailyQuotes)=1|發行股數(MI_QFIIS/dailyQuotes)=1|外資持股(MI_QFIIS,僅上市)=0|自營商(T86/上櫃三大法人)=1|當沖(TWTB4U/上櫃intraday)=0|季財報(MOPS t163sb04)=1|月營收(MOPS/openapi)=1|官方產業別(MOPS t05st03)=1|融資券(MI_MARGN)=1|借券(TWT93U)=1|法人(T86)=1",691,inf,250.0,official_prepanel,107.65,1.0,0.0,0.0,0,1,10.0,37.027,38.919,788.0,0,未扣成本·事後欄位以 m_ 標示·非投資建議
SEL,2,2025-06-02,2025-06-03,6885,全福生技,TWSE,S,,fV300|fH125,S0_atr14@5,24,352,漏網,1804,0.043849,,atr14=0.782|n_lu_250=0.202|r20=0.345|c_ma120=0.218|vr20=0.962|days_since_lu=0.629|dt_ratio20=NaN|lend_to_v=NaN|rev_yoy=NaN|o_turn=0.355|o_log_mcap=0.136|o_lu_follow=0.518,"官方日成交結構(MI_INDEX/dailyQuotes)=1|發行股數(MI_QFIIS/dailyQuotes)=1|外資持股(MI_QFIIS,僅上市)=1|自營商(T86/上櫃三大法人)=1|當沖(TWTB4U/上櫃intraday)=0|季財報(MOPS t163sb04)=1|月營收(MOPS/openapi)=0|官方產業別(MOPS t05st03)=1|融資券(MI_MARGN)=0|借券(TWT93U)=0|法人(T86)=1",108,108.0,108.0,official,172.7,1.0,0.0,0.0,0,1,6.289,42.767,39.623,833.0,0,未扣成本·事後欄位以 m_ 標示·非投資建議
SEL,2,2025-06-04,2025-06-05,6485,點序,TPEx,S,,fV300,S0_atr14@5,26,345,漏網,264,0.041445,,atr14=0.775|n_lu_250=0.841|r20=0.561|c_ma120=0.406|vr20=0.455|days_since_lu=0.630|dt_ratio20=NaN|lend_to_v=0.576|rev_yoy=0.771|o_turn=0.454|o_log_mcap=0.081|o_lu_follow=0.013,"官方日成交結構(MI_INDEX/dailyQuotes)=1|發行股數(MI_QFIIS/dailyQuotes)=1|外資持股(MI_QFIIS,僅上市)=0|自營商(T86/上櫃三大法人)=1|當沖(TWTB4U/上櫃intraday)=1|季財報(MOPS t163sb04)=1|月營收(MOPS/openapi)=1|官方產業別(MOPS t05st03)=1|融資券(MI_MARGN)=1|借券(TWT93U)=1|法人(T86)=1",697,inf,250.0,official_prepanel,249.7,2.0,0.0,0.0,0,1,8.872,13.309,8.503,1345.0,0,未扣成本·事後欄位以 m_ 標示·非投資建議
SEL,2,2025-06-10,2025-06-11,6461,益得,TPEx,S,,fV300,S0_atr14@5,202,351,漏網,1016,0.023905,,atr14=0.278|n_lu_250=0.518|r20=0.604|c_ma120=0.057|vr20=0.917|days_since_lu=0.643|dt_ratio20=NaN|lend_to_v=0.010|rev_yoy=0.858|o_turn=0.215|o_log_mcap=0.120|o_lu_follow=0.904,"官方日成交結構(MI_INDEX/dailyQuotes)=1|發行股數(MI_QFIIS/dailyQuotes)=1|外資持股(MI_QFIIS,僅上市)=0|自營商(T86/上櫃三大法人)=1|當沖(TWTB4U/上櫃intraday)=0|季財報(MOPS t163sb04)=1|月營收(MOPS/openapi)=1|官方產業別(MOPS t05st03)=1|融資券(MI_MARGN)=1|借券(TWT93U)=1|法人(T86)=1",701,inf,250.0,official_prepanel,147.5,1.0,0.0,0.0,0,1,1.02,8.163,-9.184,625.0,0,未扣成本·事後欄位以 m_ 標示·非投資建議
SEL,2,2025-06-13,2025-06-16,4551,智伸科,TWSE,S,,fV300,S0_atr14@5,132,364,漏網,407,0.029438,,atr14=0.419|n_lu_250=0.601|r20=0.640|c_ma120=0.468|vr20=0.995|days_since_lu=0.390|dt_ratio20=0.408|lend_to_v=0.404|rev_yoy=0.335|o_turn=0.765|o_log_mcap=0.465|o_lu_follow=0.130,"官方日成交結構(MI_INDEX/dailyQuotes)=1|發行股數(MI_QFIIS/dailyQuotes)=1|外資持股(MI_QFIIS,僅上市)=1|自營商(T86/上櫃三大法人)=1|當沖(TWTB4U/上櫃intraday)=1|季財報(MOPS t163sb04)=1|月營收(MOPS/openapi)=1|官方產業別(MOPS t05st03)=1|融資券(MI_MARGN)=1|借券(TWT93U)=1|法人(T86)=1",704,inf,250.0,official_prepanel,233.6,2.0,0.0,0.0,0,1,9.072,13.15,25.892,2887.0,0,未扣成本·事後欄位以 m_ 標示·非投資建議
SEL,2,2025-06-16,2025-06-17,4549,桓達,TPEx,S,,fV300,S0_atr14@5,134,351,漏網,1059,0.028696,,atr14=0.398|n_lu_250=0.926|r20=0.190|c_ma120=0.028|vr20=0.826|days_since_lu=0.322|dt_ratio20=NaN|lend_to_v=0.641|rev_yoy=0.466|o_turn=0.343|o_log_mcap=0.309|o_lu_follow=0.691,"官方日成交結構(MI_INDEX/dailyQuotes)=1|發行股數(MI_QFIIS/dailyQuotes)=1|外資持股(MI_QFIIS,僅上市)=0|自營商(T86/上櫃三大法人)=1|當沖(TWTB4U/上櫃intraday)=1|季財報(MOPS t163sb04)=1|月營收(MOPS/openapi)=1|官方產業別(MOPS t05st03)=1|融資券(MI_MARGN)=1|借券(TWT93U)=1|法人(T86)=1",705,inf,250.0,official_prepanel,115.4,1.0,0.0,0.0,0,1,8.19,28.448,21.552,417.0,0,未扣成本·事後欄位以 m_ 標示·非投資建議
SEL,2,2025-06-17,2025-06-18,5498,凱崴,TPEx,S,,fP10|fV300,S0_atr14@5,224,342,漏網,1701,0.022115,,atr14=0.205|n_lu_250=0.205|r20=0.220|c_ma120=0.119|vr20=0.842|days_since_lu=0.655|dt_ratio20=NaN|lend_to_v=0.813|rev_yoy=0.520|o_turn=0.182|o_log_mcap=0.032|o_lu_follow=0.533,"官方日成交結構(MI_INDEX/dailyQuotes)=1|發行股數(MI_QFIIS/dailyQuotes)=1|外資持股(MI_QFIIS,僅上市)=0|自營商(T86/上櫃三大法人)=1|當沖(TWTB4U/上櫃intraday)=1|季財報(MOPS t163sb04)=1|月營收(MOPS/openapi)=1|官方產業別(MOPS t05st03)=1|融資券(MI_MARGN)=1|借券(TWT93U)=1|法人(T86)=1",706,inf,250.0,official_prepanel,190.0,1.0,0.0,0.0,0,1,9.964,25.148,45.314,1288.0,0,未扣成本·事後欄位以 m_ 標示·非投資建議
SEL,2,2025-06-18,2025-06-19,3040,遠見,TWSE,S,,fV300,S0_atr14@5,208,341,漏網,542,0.022688,,atr14=0.242|n_lu_250=0.612|r20=0.674|c_ma120=0.397|vr20=0.952|days_since_lu=0.657|dt_ratio20=0.142|lend_to_v=0.352|rev_yoy=0.471|o_turn=0.779|o_log_mcap=0.112|o_lu_follow=0.131,"官方日成交結構(MI_INDEX/dailyQuotes)=1|發行股數(MI_QFIIS/dailyQuotes)=1|外資持股(MI_QFIIS,僅上市)=1|自營商(T86/上櫃三大法人)=1|當沖(TWTB4U/上櫃intraday)=1|季財報(MOPS t163sb04)=1|月營收(MOPS/openapi)=1|官方產業別(MOPS t05st03)=1|融資券(MI_MARGN)=1|借券(TWT93U)=1|法人(T86)=1",707,inf,250.0,official_prepanel,279.0,2.0,0.0,0.0,0,1,2.658,29.652,45.44,4043.0,0,未扣成本·事後欄位以 m_ 標示·非投資建議
SEL,2,2025-06-24,2025-06-25,3122,笙泉,TPEx,S,,fV300,S0_atr14@5,55,364,漏網,862,0.036149,,atr14=0.635|n_lu_250=0.521|r20=0.465|c_ma120=0.032|vr20=0.670|days_since_lu=0.122|dt_ratio20=NaN|lend_to_v=0.785|rev_yoy=0.159|o_turn=0.327|o_log_mcap=0.002|o_lu_follow=0.201,"官方日成交結構(MI_INDEX/dailyQuotes)=1|發行股數(MI_QFIIS/dailyQuotes)=1|外資持股(MI_QFIIS,僅上市)=0|自營商(T86/上櫃三大法人)=1|當沖(TWTB4U/上櫃intraday)=1|季財報(MOPS t163sb04)=1|月營收(MOPS/openapi)=1|官方產業別(MOPS t05st03)=1|融資券(MI_MARGN)=1|借券(TWT93U)=1|法人(T86)=1",711,inf,250.0,official_prepanel,117.5,1.0,0.0,0.0,1,0,0.0,20.133,34.071,244.0,0,未扣成本·事後欄位以 m_ 標示·非投資建議
SEL,2,2025-06-24,2025-06-25,4739,康普,TWSE,S,,fV300,S0_atr14@5,53,364,漏網,1060,0.036308,,atr14=0.637|n_lu_250=0.401|r20=0.207|c_ma120=0.219|vr20=0.862|days_since_lu=0.661|dt_ratio20=0.446|lend_to_v=0.890|rev_yoy=0.756|o_turn=0.294|o_log_mcap=0.253|o_lu_follow=0.317,"官方日成交結構(MI_INDEX/dailyQuotes)=1|發行股數(MI_QFIIS/dailyQuotes)=1|外資持股(MI_QFIIS,僅上市)=1|自營商(T86/上櫃三大法人)=1|當沖(TWTB4U/上櫃intraday)=1|季財報(MOPS t163sb04)=1|月營收(MOPS/openapi)=1|官方產業別(MOPS t05st03)=1|融資券(MI_MARGN)=1|借券(TWT93U)=1|法人(T86)=1",711,inf,250.0,official_prepanel,197.95,1.0,0.0,0.0,0,1,5.537,16.395,7.275,938.0,0,未扣成本·事後欄位以 m_ 標示·非投資建議
SEL,2,2025-06-24,2025-06-25,8478,東哥遊艇,TWSE,S,,fV300,S0_atr14@5,34,364,漏網,591,0.040681,,atr14=0.769|n_lu_250=0.612|r20=0.423|c_ma120=0.212|vr20=0.349|days_since_lu=0.064|dt_ratio20=0.723|lend_to_v=0.668|rev_yoy=0.465|o_turn=0.165|o_log_mcap=0.529|o_lu_follow=0.127,"官方日成交結構(MI_INDEX/dailyQuotes)=1|發行股數(MI_QFIIS/dailyQuotes)=1|外資持股(MI_QFIIS,僅上市)=1|自營商(T86/上櫃三大法人)=1|當沖(TWTB4U/上櫃intraday)=1|季財報(MOPS t163sb04)=1|月營收(MOPS/openapi)=1|官方產業別(MOPS t05st03)=1|融資券(MI_MARGN)=1|借券(TWT93U)=1|法人(T86)=1",711,inf,250.0,official_prepanel,236.85,2.0,0.0,0.0,0,1,8.497,23.856,49.673,598.0,0,未扣成本·事後欄位以 m_ 標示·非投資建議
SEL,2,2025-06-26,2025-06-27,4729,熒茂,TPEx,S,,fV300,S0_atr14@5,152,347,漏網,1225,0.027622,,atr14=0.379|n_lu_250=0.968|r20=0.031|c_ma120=0.015|vr20=0.954|days_since_lu=0.669|dt_ratio20=NaN|lend_to_v=0.501|rev_yoy=0.505|o_turn=0.485|o_log_mcap=0.020|o_lu_follow=0.926,"官方日成交結構(MI_INDEX/dailyQuotes)=1|發行股數(MI_QFIIS/dailyQuotes)=1|外資持股(MI_QFIIS,僅上市)=0|自營商(T86/上櫃三大法人)=1|當沖(TWTB4U/上櫃intraday)=1|季財報(MOPS t163sb04)=1|月營收(MOPS/openapi)=1|官方產業別(MOPS t05st03)=1|融資券(MI_MARGN)=1|借券(TWT93U)=1|法人(T86)=1",713,inf,250.0,official_prepanel,115.6,1.0,0.0,0.0,0,1,8.657,28.06,28.955,479.0,0,未扣成本·事後欄位以 m_ 標示·非投資建議
SEL,3,2025-07-01,2025-07-02,8043,蜜望實,TPEx,S,,fV300,S0_atr14@5,92,358,漏網,935,0.031656,,atr14=0.522|n_lu_250=0.877|r20=0.214|c_ma120=0.042|vr20=0.835|days_since_lu=0.673|dt_ratio20=NaN|lend_to_v=0.787|rev_yoy=0.673|o_turn=0.294|o_log_mcap=0.046|o_lu_follow=0.834,"官方日成交結構(MI_INDEX/dailyQuotes)=1|發行股數(MI_QFIIS/dailyQuotes)=1|外資持股(MI_QFIIS,僅上市)=0|自營商(T86/上櫃三大法人)=1|當沖(TWTB4U/上櫃intraday)=1|季財報(MOPS t163sb04)=1|月營收(MOPS/openapi)=1|官方產業別(MOPS t05st03)=1|融資券(MI_MARGN)=1|借券(TWT93U)=1|法人(T86)=1",716,inf,250.0,official_prepanel,130.85,1.0,0.0,0.0,0,1,8.52,26.009,18.161,1081.0,0,未扣成本·事後欄位以 m_ 標示·非投資建議
SEL,3,2025-07-08,2025-07-09,8499,鼎炫-KY,TWSE,S,,fV300,S0_atr14@5,29,360,漏網,102,0.042363,,atr14=0.770|n_lu_250=0.510|r20=0.977|c_ma120=0.958|vr20=0.816|days_since_lu=0.047|dt_ratio20=0.611|lend_to_v=0.206|rev_yoy=0.366|o_turn=0.393|o_log_mcap=0.356|o_lu_follow=0.206,"官方日成交結構(MI_INDEX/dailyQuotes)=1|發行股數(MI_QFIIS/dailyQuotes)=1|外資持股(MI_QFIIS,僅上市)=1|自營商(T86/上櫃三大法人)=1|當沖(TWTB4U/上櫃intraday)=1|季財報(MOPS t163sb04)=1|月營收(MOPS/openapi)=1|官方產業別(MOPS t05st03)=1|融資券(MI_MARGN)=1|借券(TWT93U)=1|法人(T86)=1",721,inf,250.0,official_prepanel,120.4,1.0,0.0,0.0,1,0,0.0,22.515,32.307,210.0,0,未扣成本·事後欄位以 m_ 標示·非投資建議
SEL,3,2025-07-09,2025-07-10,1595,川寶,TPEx,S,,fV300,S0_atr14@5,91,358,漏網,910,0.033271,,atr14=0.571|n_lu_250=0.969|r20=0.152|c_ma120=0.044|vr20=0.567|days_since_lu=0.679|dt_ratio20=NaN|lend_to_v=0.493|rev_yoy=0.028|o_turn=0.209|o_log_mcap=0.035|o_lu_follow=0.965,"官方日成交結構(MI_INDEX/dailyQuotes)=1|發行股數(MI_QFIIS/dailyQuotes)=1|外資持股(MI_QFIIS,僅上市)=0|自營商(T86/上櫃三大法人)=1|當沖(TWTB4U/上櫃intraday)=1|季財報(MOPS t163sb04)=1|月營收(MOPS/openapi)=1|官方產業別(MOPS t05st03)=1|融資券(MI_MARGN)=1|借券(TWT93U)=1|法人(T86)=1",722,inf,250.0,official_prepanel,105.25,1.0,0.0,0.0,0,1,3.266,25.972,23.95,296.0,0,未扣成本·事後欄位以 m_ 標示·非投資建議
SEL,3,2025-07-09,2025-07-10,4903,聯光通,TPEx,S,,fV300,S0_atr14@5,12,358,漏網,823,0.045796,,atr14=0.853|n_lu_250=0.985|r20=0.031|c_ma120=0.025|vr20=0.714|days_since_lu=0.375|dt_ratio20=NaN|lend_to_v=0.513|rev_yoy=0.350|o_turn=0.367|o_log_mcap=0.077|o_lu_follow=0.892,"官方日成交結構(MI_INDEX/dailyQuotes)=1|發行股數(MI_QFIIS/dailyQuotes)=1|外資持股(MI_QFIIS,僅上市)=0|自營商(T86/上櫃三大法人)=1|當沖(TWTB4U/上櫃intraday)=0|季財報(MOPS t163sb04)=1|月營收(MOPS/openapi)=1|官方產業別(MOPS t05st03)=1|融資券(MI_MARGN)=1|借券(TWT93U)=1|法人(T86)=1",722,inf,250.0,official_prepanel,258.9,2.0,0.0,0.0,1,0,0.0,4.98,15.737,469.0,0,未扣成本·事後欄位以 m_ 標示·非投資建議
SEL,3,2025-07-10,2025-07-11,6617,共信-KY,TPEx,S,,fV300,S0_atr14@5,16,353,漏網,1297,0.042735,,atr14=0.806|n_lu_250=0.516|r20=0.000|c_ma120=0.045|vr20=0.777|days_since_lu=0.682|dt_ratio20=NaN|lend_to_v=NaN|rev_yoy=0.122|o_turn=0.139|o_log_mcap=0.427|o_lu_follow=0.205,"官方日成交結構(MI_INDEX/dailyQuotes)=1|發行股數(MI_QFIIS/dailyQuotes)=1|外資持股(MI_QFIIS,僅上市)=0|自營商(T86/上櫃三大法人)=1|當沖(TWTB4U/上櫃intraday)=0|季財報(MOPS t163sb04)=1|月營收(MOPS/openapi)=1|官方產業別(MOPS t05st03)=1|融資券(MI_MARGN)=0|借券(TWT93U)=0|法人(T86)=1",258,258.0,250.0,official,123.0,1.0,0.0,0.0,1,0,0.0,24.444,10.556,83.0,0,未扣成本·事後欄位以 m_ 標示·非投資建議
SEL,3,2025-07-18,2025-07-21,4989,榮科,TWSE,S,,fV300,S0_atr14@5,7,360,漏網,41,0.045277,,atr14=0.888|n_lu_250=0.857|r20=0.959|c_ma120=0.796|vr20=0.991|days_since_lu=0.146|dt_ratio20=0.709|lend_to_v=0.453|rev_yoy=0.086|o_turn=0.757|o_log_mcap=0.085|o_lu_follow=0.675,"官方日成交結構(MI_INDEX/dailyQuotes)=1|發行股數(MI_QFIIS/dailyQuotes)=1|外資持股(MI_QFIIS,僅上市)=1|自營商(T86/上櫃三大法人)=1|當沖(TWTB4U/上櫃intraday)=1|季財報(MOPS t163sb04)=1|月營收(MOPS/openapi)=1|官方產業別(MOPS t05st03)=1|融資券(MI_MARGN)=1|借券(TWT93U)=1|法人(T86)=1",729,inf,250.0,official_prepanel,281.15,2.0,0.0,0.0,0,1,6.349,19.577,26.455,3668.0,0,未扣成本·事後欄位以 m_ 標示·非投資建議
SEL,3,2025-07-25,2025-07-28,3311,閎暉,TWSE,S,,fV300,S0_atr14@5,84,350,漏網,1041,0.029677,,atr14=0.521|n_lu_250=0.193|r20=0.399|c_ma120=0.269|vr20=0.896|days_since_lu=0.916|dt_ratio20=0.327|lend_to_v=0.298|rev_yoy=0.597|o_turn=0.602|o_log_mcap=0.061|o_lu_follow=0.531,"官方日成交結構(MI_INDEX/dailyQuotes)=1|發行股數(MI_QFIIS/dailyQuotes)=1|外資持股(MI_QFIIS,僅上市)=1|自營商(T86/上櫃三大法人)=1|當沖(TWTB4U/上櫃intraday)=1|季財報(MOPS t163sb04)=1|月營收(MOPS/openapi)=1|官方產業別(MOPS t05st03)=1|融資券(MI_MARGN)=1|借券(TWT93U)=1|法人(T86)=1",734,inf,250.0,official_prepanel,218.65,2.0,0.0,0.0,0,1,8.75,21.406,16.406,2545.0,0,未扣成本·事後欄位以 m_ 標示·非投資建議
SEL,3,2025-07-28,2025-07-29,4804,,TPEx,S,,fP10|fV300|fH125,S0_atr14@5,111,349,漏網,120,0.027585,,atr14=0.457|n_lu_250=0.884|r20=0.921|c_ma120=NaN|vr20=0.196|days_since_lu=0.187|dt_ratio20=NaN|lend_to_v=0.006|rev_yoy=0.540|o_turn=0.141|o_log_mcap=0.000|o_lu_follow=0.977,"官方日成交結構(MI_INDEX/dailyQuotes)=1|發行股數(MI_QFIIS/dailyQuotes)=1|外資持股(MI_QFIIS,僅上市)=0|自營商(T86/上櫃三大法人)=0|當沖(TWTB4U/上櫃intraday)=0|季財報(MOPS t163sb04)=1|月營收(MOPS/openapi)=1|官方產業別(MOPS t05st03)=0|融資券(MI_MARGN)=1|借券(TWT93U)=1|法人(T86)=0",735,inf,250.0,official_prepanel,132.2,1.0,0.0,0.0,0,1,9.343,44.526,41.606,489.0,0,未扣成本·事後欄位以 m_ 標示·非投資建議
SEL,3,2025-07-29,2025-07-30,5438,東友,TPEx,S,,fV300,S0_atr14@5,169,353,漏網,793,0.02312,,atr14=0.286|n_lu_250=0.977|r20=0.316|c_ma120=0.112|vr20=0.484|days_since_lu=0.384|dt_ratio20=NaN|lend_to_v=0.570|rev_yoy=0.549|o_turn=0.059|o_log_mcap=0.055|o_lu_follow=0.990,"官方日成交結構(MI_INDEX/dailyQuotes)=1|發行股數(MI_QFIIS/dailyQuotes)=1|外資持股(MI_QFIIS,僅上市)=0|自營商(T86/上櫃三大法人)=1|當沖(TWTB4U/上櫃intraday)=1|季財報(MOPS t163sb04)=1|月營收(MOPS/openapi)=1|官方產業別(MOPS t05st03)=1|融資券(MI_MARGN)=1|借券(TWT93U)=1|法人(T86)=1",736,inf,250.0,official_prepanel,137.65,1.0,0.0,0.0,0,1,7.179,7.929,1.859,619.0,0,未扣成本·事後欄位以 m_ 標示·非投資建議
SEL,3,2025-07-29,2025-07-30,8032,光菱,TPEx,S,,fV300,S0_atr14@5,47,353,漏網,645,0.033993,,atr14=0.630|n_lu_250=0.989|r20=0.268|c_ma120=0.069|vr20=0.526|days_since_lu=0.384|dt_ratio20=NaN|lend_to_v=0.390|rev_yoy=0.816|o_turn=0.280|o_log_mcap=0.050|o_lu_follow=0.978,"官方日成交結構(MI_INDEX/dailyQuotes)=1|發行股數(MI_QFIIS/dailyQuotes)=1|外資持股(MI_QFIIS,僅上市)=0|自營商(T86/上櫃三大法人)=1|當沖(TWTB4U/上櫃intraday)=1|季財報(MOPS t163sb04)=1|月營收(MOPS/openapi)=1|官方產業別(MOPS t05st03)=1|融資券(MI_MARGN)=1|借券(TWT93U)=1|法人(T86)=1",736,inf,250.0,official_prepanel,157.7,1.0,0.0,0.0,0,1,5.332,15.64,11.374,614.0,0,未扣成本·事後欄位以 m_ 標示·非投資建議
SEL,3,2025-07-31,2025-08-01,4577,達航科技,TPEx,S,,fV300,S0_atr14@5,69,350,漏網,285,0.031359,,atr14=0.549|n_lu_250=0.971|r20=0.679|c_ma120=0.300|vr20=0.189|days_since_lu=0.347|dt_ratio20=NaN|lend_to_v=0.338|rev_yoy=0.640|o_turn=0.090|o_log_mcap=0.000|o_lu_follow=0.276,"官方日成交結構(MI_INDEX/dailyQuotes)=1|發行股數(MI_QFIIS/dailyQuotes)=1|外資持股(MI_QFIIS,僅上市)=0|自營商(T86/上櫃三大法人)=1|當沖(TWTB4U/上櫃intraday)=1|季財報(MOPS t163sb04)=1|月營收(MOPS/openapi)=1|官方產業別(MOPS t05st03)=1|融資券(MI_MARGN)=1|借券(TWT93U)=1|法人(T86)=1",738,inf,250.0,official_prepanel,118.65,1.0,0.0,0.0,0,1,10.0,36.341,64.146,756.0,0,未扣成本·事後欄位以 m_ 標示·非投資建議
SEL,3,2025-07-31,2025-08-01,6129,普誠,TPEx,S,,fV300,S0_atr14@5,202,350,漏網,1583,0.020348,,atr14=0.199|n_lu_250=0.193|r20=0.480|c_ma120=0.034|vr20=0.434|days_since_lu=0.713|dt_ratio20=NaN|lend_to_v=0.627|rev_yoy=0.503|o_turn=0.040|o_log_mcap=0.039|o_lu_follow=0.538,"官方日成交結構(MI_INDEX/dailyQuotes)=1|發行股數(MI_QFIIS/dailyQuotes)=1|外資持股(MI_QFIIS,僅上市)=0|自營商(T86/上櫃三大法人)=1|當沖(TWTB4U/上櫃intraday)=0|季財報(MOPS t163sb04)=1|月營收(MOPS/openapi)=1|官方產業別(MOPS t05st03)=1|融資券(MI_MARGN)=1|借券(TWT93U)=1|法人(T86)=1",738,inf,250.0,official_prepanel,188.1,1.0,0.0,0.0,0,1,10.294,35.784,34.804,544.0,0,未扣成本·事後欄位以 m_ 標示·非投資建議
SEL,3,2025-07-31,2025-08-01,6133,金橋,TWSE,S,,fV300,S0_atr14@5,150,350,漏網,939,0.024235,,atr14=0.314|n_lu_250=0.869|r20=0.218|c_ma120=0.147|vr20=0.543|days_since_lu=0.713|dt_ratio20=0.305|lend_to_v=0.590|rev_yoy=0.198|o_turn=0.251|o_log_mcap=0.025|o_lu_follow=0.671,"官方日成交結構(MI_INDEX/dailyQuotes)=1|發行股數(MI_QFIIS/dailyQuotes)=1|外資持股(MI_QFIIS,僅上市)=1|自營商(T86/上櫃三大法人)=1|當沖(TWTB4U/上櫃intraday)=1|季財報(MOPS t163sb04)=1|月營收(MOPS/openapi)=1|官方產業別(MOPS t05st03)=1|融資券(MI_MARGN)=1|借券(TWT93U)=1|法人(T86)=1",738,inf,250.0,official_prepanel,288.7,2.0,0.0,0.0,0,1,10.791,21.223,43.165,1273.0,0,未扣成本·事後欄位以 m_ 標示·非投資建議
SEL,3,2025-07-31,2025-08-01,6134,萬旭,TPEx,S,,fV300,S0_atr14@5,166,350,漏網,677,0.022078,,atr14=0.249|n_lu_250=0.947|r20=0.519|c_ma120=0.071|vr20=0.715|days_since_lu=0.456|dt_ratio20=NaN|lend_to_v=0.779|rev_yoy=0.625|o_turn=0.151|o_log_mcap=0.021|o_lu_follow=0.407,"官方日成交結構(MI_INDEX/dailyQuotes)=1|發行股數(MI_QFIIS/dailyQuotes)=1|外資持股(MI_QFIIS,僅上市)=0|自營商(T86/上櫃三大法人)=1|當沖(TWTB4U/上櫃intraday)=1|季財報(MOPS t163sb04)=1|月營收(MOPS/openapi)=1|官方產業別(MOPS t05st03)=1|融資券(MI_MARGN)=1|借券(TWT93U)=1|法人(T86)=1",738,inf,250.0,official_prepanel,104.75,1.0,0.0,0.0,0,1,10.444,22.193,44.125,1502.0,0,未扣成本·事後欄位以 m_ 標示·非投資建議
SEL,3,2025-07-31,2025-08-01,6949,沛爾生醫*-創,TWSE,S,,fV300,S0_atr14@5,23,350,漏網,53,0.0396,,atr14=0.786|n_lu_250=0.796|r20=0.954|c_ma120=0.965|vr20=0.936|days_since_lu=0.007|dt_ratio20=NaN|lend_to_v=0.077|rev_yoy=0.898|o_turn=0.645|o_log_mcap=0.449|o_lu_follow=0.705,"官方日成交結構(MI_INDEX/dailyQuotes)=1|發行股數(MI_QFIIS/dailyQuotes)=1|外資持股(MI_QFIIS,僅上市)=1|自營商(T86/上櫃三大法人)=1|當沖(TWTB4U/上櫃intraday)=0|季財報(MOPS t163sb04)=1|月營收(MOPS/openapi)=1|官方產業別(MOPS t05st03)=1|融資券(MI_MARGN)=1|借券(TWT93U)=1|法人(T86)=1",341,341.0,250.0,official,174.8,1.0,0.0,0.0,0,1,11.579,62.895,87.105,399.0,0,未扣成本·事後欄位以 m_ 標示·非投資建議
SEL,3,2025-08-01,2025-08-04,3322,建舜電,TPEx,S,,fV300,S0_atr14@5,164,353,漏網,1266,0.023236,,atr14=0.253|n_lu_250=0.690|r20=0.132|c_ma120=0.093|vr20=0.125|days_since_lu=0.280|dt_ratio20=NaN|lend_to_v=0.787|rev_yoy=0.644|o_turn=0.020|o_log_mcap=0.017|o_lu_follow=0.095,"官方日成交結構(MI_INDEX/dailyQuotes)=1|發行股數(MI_QFIIS/dailyQuotes)=1|外資持股(MI_QFIIS,僅上市)=0|自營商(T86/上櫃三大法人)=1|當沖(TWTB4U/上櫃intraday)=1|季財報(MOPS t163sb04)=1|月營收(MOPS/openapi)=1|官方產業別(MOPS t05st03)=1|融資券(MI_MARGN)=1|借券(TWT93U)=1|法人(T86)=1",739,inf,250.0,official_prepanel,123.75,1.0,0.0,0.0,0,1,9.2,22.4,22.8,927.0,0,未扣成本·事後欄位以 m_ 標示·非投資建議
SEL,3,2025-08-01,2025-08-04,6152,百一,TWSE,S,,fP10|fV300,S0_atr14@5,181,353,漏網,1069,0.021861,,atr14=0.225|n_lu_250=0.622|r20=0.314|c_ma120=0.143|vr20=0.908|days_since_lu=0.710|dt_ratio20=NaN|lend_to_v=0.006|rev_yoy=0.028|o_turn=0.405|o_log_mcap=0.014|o_lu_follow=0.135,"官方日成交結構(MI_INDEX/dailyQuotes)=1|發行股數(MI_QFIIS/dailyQuotes)=1|外資持股(MI_QFIIS,僅上市)=1|自營商(T86/上櫃三大法人)=1|當沖(TWTB4U/上櫃intraday)=0|季財報(MOPS t163sb04)=1|月營收(MOPS/openapi)=1|官方產業別(MOPS t05st03)=1|融資券(MI_MARGN)=1|借券(TWT93U)=1|法人(T86)=1",739,inf,250.0,official_prepanel,289.8,2.0,0.0,0.0,0,1,8.518,2.876,7.854,2557.0,0,未扣成本·事後欄位以 m_ 標示·非投資建議
SEL,3,2025-08-01,2025-08-04,8935,邦泰,TPEx,S,,fV300,S0_atr14@5,10,353,漏網,1051,0.045164,,atr14=0.877|n_lu_250=0.622|r20=0.051|c_ma120=0.019|vr20=0.954|days_since_lu=0.017|dt_ratio20=NaN|lend_to_v=0.006|rev_yoy=0.809|o_turn=0.321|o_log_mcap=0.022|o_lu_follow=0.839,"官方日成交結構(MI_INDEX/dailyQuotes)=1|發行股數(MI_QFIIS/dailyQuotes)=1|外資持股(MI_QFIIS,僅上市)=0|自營商(T86/上櫃三大法人)=1|當沖(TWTB4U/上櫃intraday)=0|季財報(MOPS t163sb04)=1|月營收(MOPS/openapi)=1|官方產業別(MOPS t05st03)=1|融資券(MI_MARGN)=1|借券(TWT93U)=1|法人(T86)=1",739,inf,250.0,official_prepanel,125.0,1.0,0.0,0.0,0,1,4.235,17.264,52.117,1240.0,0,未扣成本·事後欄位以 m_ 標示·非投資建議
SEL,3,2025-08-04,2025-08-05,6727,亞泰金屬,TPEx,S,,fV300,S0_atr14@5,104,340,漏網,342,0.027861,,atr14=0.397|n_lu_250=0.193|r20=0.945|c_ma120=0.941|vr20=0.936|days_since_lu=0.714|dt_ratio20=NaN|lend_to_v=NaN|rev_yoy=0.882|o_turn=0.731|o_log_mcap=0.053|o_lu_follow=0.546,"官方日成交結構(MI_INDEX/dailyQuotes)=1|發行股數(MI_QFIIS/dailyQuotes)=1|外資持股(MI_QFIIS,僅上市)=0|自營商(T86/上櫃三大法人)=1|當沖(TWTB4U/上櫃intraday)=0|季財報(MOPS t163sb04)=1|月營收(MOPS/openapi)=1|官方產業別(MOPS t05st03)=1|融資券(MI_MARGN)=0|借券(TWT93U)=0|法人(T86)=1",740,inf,250.0,official_prepanel,112.05,1.0,0.0,0.0,0,1,7.572,56.25,121.154,1522.0,0,未扣成本·事後欄位以 m_ 標示·非投資建議
SEL,3,2025-08-08,2025-08-11,6283,淳安,TWSE,S,,fV300,S0_atr14@5,260,331,漏網,1586,0.017177,,atr14=0.089|n_lu_250=0.190|r20=0.429|c_ma120=0.061|vr20=0.521|days_since_lu=0.925|dt_ratio20=0.014|lend_to_v=0.965|rev_yoy=0.667|o_turn=0.041|o_log_mcap=0.108|o_lu_follow=0.548,"官方日成交結構(MI_INDEX/dailyQuotes)=1|發行股數(MI_QFIIS/dailyQuotes)=1|外資持股(MI_QFIIS,僅上市)=1|自營商(T86/上櫃三大法人)=1|當沖(TWTB4U/上櫃intraday)=1|季財報(MOPS t163sb04)=1|月營收(MOPS/openapi)=1|官方產業別(MOPS t05st03)=1|融資券(MI_MARGN)=1|借券(TWT93U)=1|法人(T86)=1",744,inf,250.0,official_prepanel,101.0,1.0,0.0,0.0,1,0,0.0,27.056,14.935,405.0,0,未扣成本·事後欄位以 m_ 標示·非投資建議
SEL,3,2025-08-11,2025-08-12,3071,協禧,TPEx,S,,fV300,S0_atr14@5,179,327,漏網,700,0.022416,,atr14=0.221|n_lu_250=0.386|r20=0.714|c_ma120=0.341|vr20=0.847|days_since_lu=0.719|dt_ratio20=NaN|lend_to_v=0.394|rev_yoy=0.260|o_turn=0.203|o_log_mcap=0.050|o_lu_follow=0.348,"官方日成交結構(MI_INDEX/dailyQuotes)=1|發行股數(MI_QFIIS/dailyQuotes)=1|外資持股(MI_QFIIS,僅上市)=0|自營商(T86/上櫃三大法人)=1|當沖(TWTB4U/上櫃intraday)=1|季財報(MOPS t163sb04)=1|月營收(MOPS/openapi)=1|官方產業別(MOPS t05st03)=1|融資券(MI_MARGN)=1|借券(TWT93U)=1|法人(T86)=1",745,inf,250.0,official_prepanel,113.35,1.0,0.0,0.0,0,1,4.293,33.838,32.828,607.0,0,未扣成本·事後欄位以 m_ 標示·非投資建議
SEL,3,2025-08-11,2025-08-12,6265,方土昶,TPEx,S,,fP10|fV300,S0_atr14@5,240,327,漏網,774,0.018065,,atr14=0.106|n_lu_250=0.386|r20=0.613|c_ma120=0.421|vr20=0.996|days_since_lu=0.719|dt_ratio20=NaN|lend_to_v=0.869|rev_yoy=0.805|o_turn=0.520|o_log_mcap=0.005|o_lu_follow=0.348,"官方日成交結構(MI_INDEX/dailyQuotes)=1|發行股數(MI_QFIIS/dailyQuotes)=1|外資持股(MI_QFIIS,僅上市)=0|自營商(T86/上櫃三大法人)=1|當沖(TWTB4U/上櫃intraday)=1|季財報(MOPS t163sb04)=1|月營收(MOPS/openapi)=1|官方產業別(MOPS t05st03)=1|融資券(MI_MARGN)=1|借券(TWT93U)=1|法人(T86)=1",745,inf,250.0,official_prepanel,115.1,1.0,0.0,0.0,0,1,6.811,11.971,10.423,750.0,0,未扣成本·事後欄位以 m_ 標示·非投資建議
SEL,3,2025-08-13,2025-08-14,6733,博晟生醫,TPEx,S,,fV300,S0_atr14@5,111,325,漏網,646,0.027391,,atr14=0.369|n_lu_250=0.388|r20=0.489|c_ma120=0.477|vr20=0.220|days_since_lu=0.722|dt_ratio20=NaN|lend_to_v=NaN|rev_yoy=0.906|o_turn=0.030|o_log_mcap=0.153|o_lu_follow=0.349,"官方日成交結構(MI_INDEX/dailyQuotes)=1|發行股數(MI_QFIIS/dailyQuotes)=1|外資持股(MI_QFIIS,僅上市)=0|自營商(T86/上櫃三大法人)=1|當沖(TWTB4U/上櫃intraday)=0|季財報(MOPS t163sb04)=1|月營收(MOPS/openapi)=1|官方產業別(MOPS t05st03)=1|融資券(MI_MARGN)=0|借券(TWT93U)=0|法人(T86)=1",747,inf,250.0,official_prepanel,128.15,1.0,0.0,0.0,0,1,9.016,34.098,51.475,714.0,0,未扣成本·事後欄位以 m_ 標示·非投資建議
SEL,3,2025-08-14,2025-08-15,3508,位速,TPEx,S,,fV300,S0_atr14@5,26,323,漏網,591,0.037739,,atr14=0.684|n_lu_250=0.806|r20=0.105|c_ma120=0.431|vr20=0.075|days_since_lu=0.214|dt_ratio20=NaN|lend_to_v=0.005|rev_yoy=0.863|o_turn=0.082|o_log_mcap=0.060|o_lu_follow=0.918,"官方日成交結構(MI_INDEX/dailyQuotes)=1|發行股數(MI_QFIIS/dailyQuotes)=1|外資持股(MI_QFIIS,僅上市)=0|自營商(T86/上櫃三大法人)=1|當沖(TWTB4U/上櫃intraday)=0|季財報(MOPS t163sb04)=1|月營收(MOPS/openapi)=1|官方產業別(MOPS t05st03)=1|融資券(MI_MARGN)=1|借券(TWT93U)=1|法人(T86)=1",748,inf,250.0,official_prepanel,205.65,2.0,0.0,0.0,0,1,4.978,21.212,19.913,997.0,0,未扣成本·事後欄位以 m_ 標示·非投資建議
SEL,3,2025-08-15,2025-08-18,2007,燁興,TWSE,S,,fP10|fV300,S0_atr14@5,183,330,漏網,834,0.022784,,atr14=0.226|n_lu_250=0.697|r20=0.570|c_ma120=0.067|vr20=0.828|days_since_lu=0.719|dt_ratio20=NaN|lend_to_v=0.224|rev_yoy=0.080|o_turn=0.017|o_log_mcap=0.166|o_lu_follow=0.098,"官方日成交結構(MI_INDEX/dailyQuotes)=1|發行股數(MI_QFIIS/dailyQuotes)=1|外資持股(MI_QFIIS,僅上市)=1|自營商(T86/上櫃三大法人)=1|當沖(TWTB4U/上櫃intraday)=0|季財報(MOPS t163sb04)=1|月營收(MOPS/openapi)=1|官方產業別(MOPS t05st03)=1|融資券(MI_MARGN)=1|借券(TWT93U)=1|法人(T86)=1",749,inf,250.0,official_prepanel,175.0,1.0,0.0,0.0,0,1,9.664,14.228,10.872,1242.0,0,未扣成本·事後欄位以 m_ 標示·非投資建議
SEL,3,2025-08-22,2025-08-25,1506,正道,TWSE,S,,fV300,S0_atr14@5,268,313,漏網,1056,0.014224,,atr14=0.054|n_lu_250=0.623|r20=0.426|c_ma120=0.270|vr20=0.743|days_since_lu=0.532|dt_ratio20=NaN|lend_to_v=0.006|rev_yoy=0.810|o_turn=0.023|o_log_mcap=0.162|o_lu_follow=0.137,"官方日成交結構(MI_INDEX/dailyQuotes)=1|發行股數(MI_QFIIS/dailyQuotes)=1|外資持股(MI_QFIIS,僅上市)=1|自營商(T86/上櫃三大法人)=1|當沖(TWTB4U/上櫃intraday)=0|季財報(MOPS t163sb04)=1|月營收(MOPS/openapi)=1|官方產業別(MOPS t05st03)=1|融資券(MI_MARGN)=1|借券(TWT93U)=1|法人(T86)=1",754,inf,250.0,official_prepanel,150.2,1.0,0.0,0.0,0,1,8.085,19.574,19.574,969.0,0,未扣成本·事後欄位以 m_ 標示·非投資建議
SEL,3,2025-08-22,2025-08-25,5484,慧友,TWSE,S,,fV300,S0_atr14@5,36,313,漏網,736,0.038996,,atr14=0.642|n_lu_250=0.931|r20=0.252|c_ma120=0.133|vr20=0.449|days_since_lu=0.414|dt_ratio20=NaN|lend_to_v=0.006|rev_yoy=0.541|o_turn=0.313|o_log_mcap=0.099|o_lu_follow=0.733,"官方日成交結構(MI_INDEX/dailyQuotes)=1|發行股數(MI_QFIIS/dailyQuotes)=1|外資持股(MI_QFIIS,僅上市)=1|自營商(T86/上櫃三大法人)=1|當沖(TWTB4U/上櫃intraday)=0|季財報(MOPS t163sb04)=1|月營收(MOPS/openapi)=1|官方產業別(MOPS t05st03)=1|融資券(MI_MARGN)=1|借券(TWT93U)=1|法人(T86)=1",754,inf,250.0,official_prepanel,249.6,2.0,0.0,0.0,0,1,7.246,27.931,16.469,748.0,0,未扣成本·事後欄位以 m_ 標示·非投資建議
SEL,3,2025-08-27,2025-08-28,8121,越峰,TPEx,S,,fV300,S0_atr14@5,10,307,漏網,620,0.045538,,atr14=0.789|n_lu_250=0.526|r20=0.479|c_ma120=0.213|vr20=0.562|days_since_lu=0.471|dt_ratio20=NaN|lend_to_v=0.114|rev_yoy=0.162|o_turn=0.093|o_log_mcap=0.222|o_lu_follow=0.216,"官方日成交結構(MI_INDEX/dailyQuotes)=1|發行股數(MI_QFIIS/dailyQuotes)=1|外資持股(MI_QFIIS,僅上市)=0|自營商(T86/上櫃三大法人)=1|當沖(TWTB4U/上櫃intraday)=0|季財報(MOPS t163sb04)=1|月營收(MOPS/openapi)=1|官方產業別(MOPS t05st03)=1|融資券(MI_MARGN)=1|借券(TWT93U)=1|法人(T86)=1",757,inf,250.0,official_prepanel,292.15,2.0,0.0,0.0,0,1,9.487,29.744,31.538,1314.0,0,未扣成本·事後欄位以 m_ 標示·非投資建議
SEL,3,2025-08-27,2025-08-28,8183,,TPEx,S,,fV300,S0_atr14@5,221,307,漏網,1026,0.018471,,atr14=0.135|n_lu_250=0.399|r20=0.523|c_ma120=0.229|vr20=0.866|days_since_lu=0.733|dt_ratio20=NaN|lend_to_v=0.829|rev_yoy=0.517|o_turn=0.356|o_log_mcap=0.167|o_lu_follow=0.335,"官方日成交結構(MI_INDEX/dailyQuotes)=1|發行股數(MI_QFIIS/dailyQuotes)=1|外資持股(MI_QFIIS,僅上市)=0|自營商(T86/上櫃三大法人)=1|當沖(TWTB4U/上櫃intraday)=1|季財報(MOPS t163sb04)=0|月營收(MOPS/openapi)=1|官方產業別(MOPS t05st03)=0|融資券(MI_MARGN)=1|借券(TWT93U)=1|法人(T86)=1",757,inf,250.0,fallback_prepanel,249.45,2.0,0.0,0.0,0,1,9.156,11.131,7.002,1366.0,0,未扣成本·事後欄位以 m_ 標示·非投資建議
SEL,3,2025-08-28,2025-08-29,3372,典範,TPEx,S,,fV300,S0_atr14@5,170,296,漏網,760,0.021751,,atr14=0.222|n_lu_250=0.698|r20=0.440|c_ma120=0.324|vr20=0.907|days_since_lu=0.528|dt_ratio20=NaN|lend_to_v=0.360|rev_yoy=0.828|o_turn=0.278|o_log_mcap=0.090|o_lu_follow=0.088,"官方日成交結構(MI_INDEX/dailyQuotes)=1|發行股數(MI_QFIIS/dailyQuotes)=1|外資持股(MI_QFIIS,僅上市)=0|自營商(T86/上櫃三大法人)=1|當沖(TWTB4U/上櫃intraday)=0|季財報(MOPS t163sb04)=1|月營收(MOPS/openapi)=1|官方產業別(MOPS t05st03)=1|融資券(MI_MARGN)=1|借券(TWT93U)=1|法人(T86)=1",758,inf,250.0,official_prepanel,207.55,2.0,0.0,0.0,0,1,8.955,13.433,12.313,1119.0,0,未扣成本·事後欄位以 m_ 標示·非投資建議
SEL,3,2025-09-02,2025-09-03,3522,御嵿,TPEx,S,,fV300,S0_atr14@5,204,310,漏網,1380,0.019531,,atr14=0.154|n_lu_250=0.613|r20=0.271|c_ma120=0.024|vr20=0.393|days_since_lu=0.555|dt_ratio20=NaN|lend_to_v=0.008|rev_yoy=0.751|o_turn=0.105|o_log_mcap=0.009|o_lu_follow=0.139,"官方日成交結構(MI_INDEX/dailyQuotes)=1|發行股數(MI_QFIIS/dailyQuotes)=1|外資持股(MI_QFIIS,僅上市)=0|自營商(T86/上櫃三大法人)=1|當沖(TWTB4U/上櫃intraday)=0|季財報(MOPS t163sb04)=1|月營收(MOPS/openapi)=1|官方產業別(MOPS t05st03)=1|融資券(MI_MARGN)=1|借券(TWT93U)=1|法人(T86)=1",761,inf,250.0,official_prepanel,149.3,1.0,0.0,0.0,0,1,9.339,12.062,13.619,451.0,0,未扣成本·事後欄位以 m_ 標示·非投資建議
SEL,3,2025-09-02,2025-09-03,4108,懷特,TWSE,S,,fV300,S0_atr14@5,114,310,漏網,515,0.028773,,atr14=0.377|n_lu_250=0.513|r20=0.772|c_ma120=0.429|vr20=0.632|days_since_lu=0.083|dt_ratio20=NaN|lend_to_v=0.008|rev_yoy=0.322|o_turn=0.087|o_log_mcap=0.131|o_lu_follow=0.219,"官方日成交結構(MI_INDEX/dailyQuotes)=1|發行股數(MI_QFIIS/dailyQuotes)=1|外資持股(MI_QFIIS,僅上市)=1|自營商(T86/上櫃三大法人)=1|當沖(TWTB4U/上櫃intraday)=0|季財報(MOPS t163sb04)=1|月營收(MOPS/openapi)=1|官方產業別(MOPS t05st03)=1|融資券(MI_MARGN)=1|借券(TWT93U)=1|法人(T86)=1",761,inf,250.0,official_prepanel,235.9,2.0,0.0,0.0,0,1,9.123,21.404,15.088,1725.0,0,未扣成本·事後欄位以 m_ 標示·非投資建議
SEL,3,2025-09-03,2025-09-04,2509,全坤建,TWSE,S,,fV300,S0_atr14@5,136,307,漏網,735,0.025862,,atr14=0.309|n_lu_250=0.193|r20=0.710|c_ma120=0.449|vr20=0.927|days_since_lu=0.744|dt_ratio20=NaN|lend_to_v=0.919|rev_yoy=0.001|o_turn=0.161|o_log_mcap=0.166|o_lu_follow=0.539,"官方日成交結構(MI_INDEX/dailyQuotes)=1|發行股數(MI_QFIIS/dailyQuotes)=1|外資持股(MI_QFIIS,僅上市)=1|自營商(T86/上櫃三大法人)=1|當沖(TWTB4U/上櫃intraday)=1|季財報(MOPS t163sb04)=1|月營收(MOPS/openapi)=1|官方產業別(MOPS t05st03)=1|融資券(MI_MARGN)=1|借券(TWT93U)=1|法人(T86)=1",762,inf,250.0,official_prepanel,137.15,1.0,0.0,0.0,0,1,9.247,11.301,19.521,614.0,0,未扣成本·事後欄位以 m_ 標示·非投資建議
SEL,3,2025-09-05,2025-09-08,6732,昇佳電子,TPEx,S,,fV300,S0_atr14@5,26,328,漏網,311,0.040014,,atr14=0.640|n_lu_250=0.503|r20=0.881|c_ma120=0.644|vr20=0.945|days_since_lu=0.037|dt_ratio20=NaN|lend_to_v=0.403|rev_yoy=0.315|o_turn=0.756|o_log_mcap=0.472|o_lu_follow=0.221,"官方日成交結構(MI_INDEX/dailyQuotes)=1|發行股數(MI_QFIIS/dailyQuotes)=1|外資持股(MI_QFIIS,僅上市)=0|自營商(T86/上櫃三大法人)=1|當沖(TWTB4U/上櫃intraday)=1|季財報(MOPS t163sb04)=1|月營收(MOPS/openapi)=1|官方產業別(MOPS t05st03)=1|融資券(MI_MARGN)=1|借券(TWT93U)=1|法人(T86)=1",764,inf,250.0,official_prepanel,250.45,2.0,0.0,0.0,0,1,0.676,11.712,7.432,350.0,0,未扣成本·事後欄位以 m_ 標示·非投資建議
SEL,3,2025-09-12,2025-09-15,3713,新晶投控,TPEx,S,,fV300,S0_atr14@5,15,331,漏網,363,0.050824,,atr14=0.809|n_lu_250=0.364|r20=0.807|c_ma120=0.472|vr20=0.954|days_since_lu=0.177|dt_ratio20=NaN|lend_to_v=NaN|rev_yoy=0.144|o_turn=0.581|o_log_mcap=0.054|o_lu_follow=0.338,"官方日成交結構(MI_INDEX/dailyQuotes)=1|發行股數(MI_QFIIS/dailyQuotes)=1|外資持股(MI_QFIIS,僅上市)=0|自營商(T86/上櫃三大法人)=1|當沖(TWTB4U/上櫃intraday)=0|季財報(MOPS t163sb04)=1|月營收(MOPS/openapi)=1|官方產業別(MOPS t05st03)=1|融資券(MI_MARGN)=0|借券(TWT93U)=0|法人(T86)=1",769,inf,250.0,official_prepanel,230.4,2.0,0.0,0.0,0,1,9.856,29.087,9.856,947.0,0,未扣成本·事後欄位以 m_ 標示·非投資建議
SEL,3,2025-09-15,2025-09-16,2444,兆勁,TWSE,S,,fV300,S0_atr14@5,235,333,漏網,1504,0.018634,,atr14=0.117|n_lu_250=0.725|r20=0.117|c_ma120=0.063|vr20=0.916|days_since_lu=0.773|dt_ratio20=NaN|lend_to_v=0.012|rev_yoy=0.052|o_turn=0.418|o_log_mcap=0.007|o_lu_follow=0.772,"官方日成交結構(MI_INDEX/dailyQuotes)=1|發行股數(MI_QFIIS/dailyQuotes)=1|外資持股(MI_QFIIS,僅上市)=1|自營商(T86/上櫃三大法人)=1|當沖(TWTB4U/上櫃intraday)=0|季財報(MOPS t163sb04)=1|月營收(MOPS/openapi)=1|官方產業別(MOPS t05st03)=1|融資券(MI_MARGN)=1|借券(TWT93U)=1|法人(T86)=1",770,inf,250.0,official_prepanel,235.9,2.0,0.0,0.0,0,1,6.075,13.551,10.28,772.0,0,未扣成本·事後欄位以 m_ 標示·非投資建議
SEL,3,2025-09-15,2025-09-16,4130,,TPEx,S,,fV300,S0_atr14@5,285,333,漏網,1308,0.013744,,atr14=0.049|n_lu_250=0.360|r20=0.572|c_ma120=0.181|vr20=0.931|days_since_lu=0.773|dt_ratio20=NaN|lend_to_v=0.732|rev_yoy=NaN|o_turn=0.202|o_log_mcap=0.073|o_lu_follow=0.338,"官方日成交結構(MI_INDEX/dailyQuotes)=1|發行股數(MI_QFIIS/dailyQuotes)=1|外資持股(MI_QFIIS,僅上市)=0|自營商(T86/上櫃三大法人)=1|當沖(TWTB4U/上櫃intraday)=1|季財報(MOPS t163sb04)=0|月營收(MOPS/openapi)=0|官方產業別(MOPS t05st03)=0|融資券(MI_MARGN)=1|借券(TWT93U)=1|法人(T86)=1",770,inf,250.0,fallback_prepanel,113.95,1.0,0.0,0.0,1,0,0.0,14.074,13.827,433.0,0,未扣成本·事後欄位以 m_ 標示·非投資建議
SEL,3,2025-09-17,2025-09-18,6161,捷波,TPEx,S,,fV300,S0_atr14@5,92,347,漏網,363,0.034336,,atr14=0.484|n_lu_250=0.480|r20=0.850|c_ma120=0.644|vr20=0.814|days_since_lu=0.044|dt_ratio20=NaN|lend_to_v=0.101|rev_yoy=0.897|o_turn=0.566|o_log_mcap=0.099|o_lu_follow=0.223,"官方日成交結構(MI_INDEX/dailyQuotes)=1|發行股數(MI_QFIIS/dailyQuotes)=1|外資持股(MI_QFIIS,僅上市)=0|自營商(T86/上櫃三大法人)=1|當沖(TWTB4U/上櫃intraday)=1|季財報(MOPS t163sb04)=1|月營收(MOPS/openapi)=1|官方產業別(MOPS t05st03)=1|融資券(MI_MARGN)=1|借券(TWT93U)=1|法人(T86)=1",772,inf,250.0,official_prepanel,291.25,2.0,0.0,1.0,0,1,9.681,27.613,10.011,1064.0,0,未扣成本·事後欄位以 m_ 標示·非投資建議
SEL,3,2025-09-18,2025-09-19,3236,千如,TPEx,S,,fV300,S0_atr14@5,234,338,漏網,672,0.019628,,atr14=0.137|n_lu_250=0.481|r20=0.587|c_ma120=0.562|vr20=0.686|days_since_lu=0.529|dt_ratio20=NaN|lend_to_v=0.163|rev_yoy=0.628|o_turn=0.212|o_log_mcap=0.045|o_lu_follow=0.219,"官方日成交結構(MI_INDEX/dailyQuotes)=1|發行股數(MI_QFIIS/dailyQuotes)=1|外資持股(MI_QFIIS,僅上市)=0|自營商(T86/上櫃三大法人)=1|當沖(TWTB4U/上櫃intraday)=1|季財報(MOPS t163sb04)=1|月營收(MOPS/openapi)=1|官方產業別(MOPS t05st03)=1|融資券(MI_MARGN)=1|借券(TWT93U)=1|法人(T86)=1",773,inf,250.0,official_prepanel,204.55,2.0,0.0,0.0,0,1,8.989,18.258,18.539,3056.0,0,未扣成本·事後欄位以 m_ 標示·非投資建議
SEL,3,2025-09-26,2025-09-30,6785,昱展新藥,TPEx,S,,fV300,S0_atr14@5,47,351,漏網,248,0.038976,,atr14=0.603|n_lu_250=0.778|r20=0.433|c_ma120=0.926|vr20=0.146|days_since_lu=0.341|dt_ratio20=NaN|lend_to_v=0.667|rev_yoy=NaN|o_turn=0.130|o_log_mcap=0.580|o_lu_follow=0.039,"官方日成交結構(MI_INDEX/dailyQuotes)=1|發行股數(MI_QFIIS/dailyQuotes)=1|外資持股(MI_QFIIS,僅上市)=0|自營商(T86/上櫃三大法人)=1|當沖(TWTB4U/上櫃intraday)=1|季財報(MOPS t163sb04)=0|月營收(MOPS/openapi)=0|官方產業別(MOPS t05st03)=1|融資券(MI_MARGN)=1|借券(TWT93U)=1|法人(T86)=1",406,406.0,250.0,official,230.5,2.0,0.0,0.0,0,1,9.07,26.512,30.233,491.0,0,未扣成本·事後欄位以 m_ 標示·非投資建議
SEL,4,2025-10-01,2025-10-02,8047,星雲,TPEx,S,,fV300,S0_atr14@5,21,346,漏網,34,0.045315,,atr14=0.776|n_lu_250=0.959|r20=0.985|c_ma120=0.912|vr20=0.844|days_since_lu=0.181|dt_ratio20=NaN|lend_to_v=0.028|rev_yoy=0.045|o_turn=0.471|o_log_mcap=0.000|o_lu_follow=0.924,"官方日成交結構(MI_INDEX/dailyQuotes)=1|發行股數(MI_QFIIS/dailyQuotes)=1|外資持股(MI_QFIIS,僅上市)=0|自營商(T86/上櫃三大法人)=1|當沖(TWTB4U/上櫃intraday)=0|季財報(MOPS t163sb04)=1|月營收(MOPS/openapi)=1|官方產業別(MOPS t05st03)=1|融資券(MI_MARGN)=1|借券(TWT93U)=1|法人(T86)=1",781,inf,250.0,official_prepanel,147.8,1.0,0.0,0.0,0,1,7.632,42.895,108.684,664.0,0,未扣成本·事後欄位以 m_ 標示·非投資建議
SEL,4,2025-10-02,2025-10-03,8176,智捷,TPEx,S,,fV300,S0_atr14@5,182,349,漏網,883,0.023061,,atr14=0.259|n_lu_250=0.732|r20=0.347|c_ma120=0.268|vr20=0.920|days_since_lu=0.387|dt_ratio20=NaN|lend_to_v=0.010|rev_yoy=0.012|o_turn=0.445|o_log_mcap=0.000|o_lu_follow=0.061,"官方日成交結構(MI_INDEX/dailyQuotes)=1|發行股數(MI_QFIIS/dailyQuotes)=1|外資持股(MI_QFIIS,僅上市)=0|自營商(T86/上櫃三大法人)=1|當沖(TWTB4U/上櫃intraday)=0|季財報(MOPS t163sb04)=1|月營收(MOPS/openapi)=1|官方產業別(MOPS t05st03)=1|融資券(MI_MARGN)=1|借券(TWT93U)=1|法人(T86)=1",782,inf,250.0,official_prepanel,170.1,1.0,0.0,0.0,0,1,10.0,5.714,1.429,1678.0,0,未扣成本·事後欄位以 m_ 標示·非投資建議
SEL,4,2025-10-03,2025-10-07,2465,麗臺,TWSE,S,,fV300,S0_atr14@5,99,356,漏網,807,0.029198,,atr14=0.432|n_lu_250=0.794|r20=0.284|c_ma120=0.213|vr20=0.811|days_since_lu=0.483|dt_ratio20=NaN|lend_to_v=0.010|rev_yoy=0.054|o_turn=0.474|o_log_mcap=0.251|o_lu_follow=0.683,"官方日成交結構(MI_INDEX/dailyQuotes)=1|發行股數(MI_QFIIS/dailyQuotes)=1|外資持股(MI_QFIIS,僅上市)=1|自營商(T86/上櫃三大法人)=1|當沖(TWTB4U/上櫃intraday)=0|季財報(MOPS t163sb04)=1|月營收(MOPS/openapi)=1|官方產業別(MOPS t05st03)=1|融資券(MI_MARGN)=1|借券(TWT93U)=1|法人(T86)=1",783,inf,250.0,official_prepanel,283.8,2.0,0.0,0.0,1,0,0.0,7.177,17.813,729.0,0,未扣成本·事後欄位以 m_ 標示·非投資建議
SEL,4,2025-10-07,2025-10-08,2380,虹光,TWSE,S,,fP10|fV300,S0_atr14@5,20,350,漏網,452,0.042829,,atr14=0.773|n_lu_250=0.908|r20=0.013|c_ma120=0.705|vr20=0.625|days_since_lu=0.232|dt_ratio20=NaN|lend_to_v=0.011|rev_yoy=0.864|o_turn=0.022|o_log_mcap=0.003|o_lu_follow=0.962,"官方日成交結構(MI_INDEX/dailyQuotes)=1|發行股數(MI_QFIIS/dailyQuotes)=1|外資持股(MI_QFIIS,僅上市)=1|自營商(T86/上櫃三大法人)=0|當沖(TWTB4U/上櫃intraday)=0|季財報(MOPS t163sb04)=1|月營收(MOPS/openapi)=1|官方產業別(MOPS t05st03)=1|融資券(MI_MARGN)=1|借券(TWT93U)=1|法人(T86)=0",784,inf,250.0,official_prepanel,145.5,1.0,0.0,0.0,1,0,0.0,10.124,9.947,129.0,0,未扣成本·事後欄位以 m_ 標示·非投資建議
SEL,4,2025-10-07,2025-10-08,3631,晟楠,TPEx,S,,fV300,S0_atr14@5,44,350,漏網,450,0.036607,,atr14=0.636|n_lu_250=0.476|r20=0.939|c_ma120=0.232|vr20=0.973|days_since_lu=0.017|dt_ratio20=NaN|lend_to_v=0.343|rev_yoy=0.025|o_turn=0.391|o_log_mcap=0.042|o_lu_follow=0.224,"官方日成交結構(MI_INDEX/dailyQuotes)=1|發行股數(MI_QFIIS/dailyQuotes)=1|外資持股(MI_QFIIS,僅上市)=0|自營商(T86/上櫃三大法人)=1|當沖(TWTB4U/上櫃intraday)=1|季財報(MOPS t163sb04)=1|月營收(MOPS/openapi)=1|官方產業別(MOPS t05st03)=1|融資券(MI_MARGN)=1|借券(TWT93U)=1|法人(T86)=1",784,inf,250.0,official_prepanel,108.0,1.0,0.0,0.0,0,1,2.128,8.704,3.288,241.0,0,未扣成本·事後欄位以 m_ 標示·非投資建議
SEL,4,2025-10-09,2025-10-13,1526,日馳,TWSE,S,,fV300,S0_atr14@5,142,339,漏網,1538,0.024912,,atr14=0.303|n_lu_250=0.351|r20=0.227|c_ma120=0.034|vr20=0.938|days_since_lu=0.597|dt_ratio20=0.005|lend_to_v=0.400|rev_yoy=0.884|o_turn=0.414|o_log_mcap=0.000|o_lu_follow=0.339,"官方日成交結構(MI_INDEX/dailyQuotes)=1|發行股數(MI_QFIIS/dailyQuotes)=1|外資持股(MI_QFIIS,僅上市)=1|自營商(T86/上櫃三大法人)=1|當沖(TWTB4U/上櫃intraday)=1|季財報(MOPS t163sb04)=1|月營收(MOPS/openapi)=1|官方產業別(MOPS t05st03)=1|融資券(MI_MARGN)=1|借券(TWT93U)=1|法人(T86)=1",786,inf,250.0,official_prepanel,118.8,1.0,0.0,0.0,0,1,13.016,22.857,17.778,588.0,0,未扣成本·事後欄位以 m_ 標示·非投資建議
SEL,4,2025-10-13,2025-10-14,6560,欣普羅,TPEx,S,,fV300,S0_atr14@5,95,334,漏網,731,0.030651,,atr14=0.416|n_lu_250=0.947|r20=0.139|c_ma120=0.334|vr20=0.305|days_since_lu=0.282|dt_ratio20=NaN|lend_to_v=NaN|rev_yoy=0.009|o_turn=0.295|o_log_mcap=0.002|o_lu_follow=0.992,"官方日成交結構(MI_INDEX/dailyQuotes)=1|發行股數(MI_QFIIS/dailyQuotes)=1|外資持股(MI_QFIIS,僅上市)=0|自營商(T86/上櫃三大法人)=1|當沖(TWTB4U/上櫃intraday)=0|季財報(MOPS t163sb04)=1|月營收(MOPS/openapi)=1|官方產業別(MOPS t05st03)=1|融資券(MI_MARGN)=0|借券(TWT93U)=0|法人(T86)=1",787,inf,250.0,official_prepanel,137.8,1.0,0.0,0.0,1,0,0.0,-1.496,1.611,228.0,0,未扣成本·事後欄位以 m_ 標示·非投資建議
SEL,4,2025-10-14,2025-10-15,6109,亞元,TPEx,S,,fV300,S0_atr14@5,67,336,漏網,330,0.035714,,atr14=0.504|n_lu_250=0.576|r20=0.688|c_ma120=0.539|vr20=0.905|days_since_lu=0.020|dt_ratio20=NaN|lend_to_v=0.008|rev_yoy=0.850|o_turn=0.596|o_log_mcap=0.000|o_lu_follow=0.148,"官方日成交結構(MI_INDEX/dailyQuotes)=1|發行股數(MI_QFIIS/dailyQuotes)=1|外資持股(MI_QFIIS,僅上市)=0|自營商(T86/上櫃三大法人)=1|當沖(TWTB4U/上櫃intraday)=0|季財報(MOPS t163sb04)=1|月營收(MOPS/openapi)=1|官方產業別(MOPS t05st03)=1|融資券(MI_MARGN)=1|借券(TWT93U)=1|法人(T86)=1",788,inf,250.0,official_prepanel,279.0,2.0,0.0,0.0,0,1,9.906,25.0,16.509,930.0,0,未扣成本·事後欄位以 m_ 標示·非投資建議
SEL,4,2025-10-16,2025-10-17,6875,國邑*,TPEx,S,,fV300,S0_atr14@5,11,331,漏網,289,0.048347,,atr14=0.814|n_lu_250=0.359|r20=0.774|c_ma120=0.630|vr20=0.979|days_since_lu=0.429|dt_ratio20=NaN|lend_to_v=NaN|rev_yoy=NaN|o_turn=0.230|o_log_mcap=0.312|o_lu_follow=0.336,"官方日成交結構(MI_INDEX/dailyQuotes)=1|發行股數(MI_QFIIS/dailyQuotes)=1|外資持股(MI_QFIIS,僅上市)=0|自營商(T86/上櫃三大法人)=1|當沖(TWTB4U/上櫃intraday)=0|季財報(MOPS t163sb04)=1|月營收(MOPS/openapi)=0|官方產業別(MOPS t05st03)=1|融資券(MI_MARGN)=0|借券(TWT93U)=0|法人(T86)=1",381,381.0,250.0,official,104.2,1.0,0.0,0.0,0,1,8.669,15.927,3.831,533.0,0,未扣成本·事後欄位以 m_ 標示·非投資建議
SEL,4,2025-10-17,2025-10-20,5228,鈺鎧,TPEx,S,,fV300|fH125,S0_atr14@5,54,331,漏網,283,0.036746,,atr14=0.566|n_lu_250=0.486|r20=0.898|c_ma120=NaN|vr20=0.000|days_since_lu=0.140|dt_ratio20=NaN|lend_to_v=0.044|rev_yoy=0.759|o_turn=0.000|o_log_mcap=0.000|o_lu_follow=0.928,"官方日成交結構(MI_INDEX/dailyQuotes)=1|發行股數(MI_QFIIS/dailyQuotes)=1|外資持股(MI_QFIIS,僅上市)=0|自營商(T86/上櫃三大法人)=0|當沖(TWTB4U/上櫃intraday)=1|季財報(MOPS t163sb04)=1|月營收(MOPS/openapi)=1|官方產業別(MOPS t05st03)=1|融資券(MI_MARGN)=1|借券(TWT93U)=1|法人(T86)=0",791,inf,250.0,official_prepanel,105.6,1.0,0.0,0.0,1,0,0.0,1.579,-3.684,132.0,0,未扣成本·事後欄位以 m_ 標示·非投資建議
SEL,4,2025-10-17,2025-10-20,6411,晶焱,TPEx,S,,fV300,S0_atr14@5,133,331,漏網,1223,0.02812,,atr14=0.302|n_lu_250=0.180|r20=0.305|c_ma120=0.387|vr20=0.164|days_since_lu=0.788|dt_ratio20=NaN|lend_to_v=0.706|rev_yoy=0.121|o_turn=0.018|o_log_mcap=0.334|o_lu_follow=0.539,"官方日成交結構(MI_INDEX/dailyQuotes)=1|發行股數(MI_QFIIS/dailyQuotes)=1|外資持股(MI_QFIIS,僅上市)=0|自營商(T86/上櫃三大法人)=1|當沖(TWTB4U/上櫃intraday)=1|季財報(MOPS t163sb04)=1|月營收(MOPS/openapi)=1|官方產業別(MOPS t05st03)=1|融資券(MI_MARGN)=1|借券(TWT93U)=1|法人(T86)=1",791,inf,250.0,official_prepanel,152.2,1.0,0.0,0.0,0,1,9.914,40.805,29.31,838.0,0,未扣成本·事後欄位以 m_ 標示·非投資建議
SEL,4,2025-10-27,2025-10-28,4741,泓瀚,TPEx,S,,fV300,S0_atr14@5,239,357,漏網,1281,0.020176,,atr14=0.132|n_lu_250=0.177|r20=0.618|c_ma120=0.184|vr20=0.895|days_since_lu=0.939|dt_ratio20=NaN|lend_to_v=0.268|rev_yoy=0.720|o_turn=0.515|o_log_mcap=0.001|o_lu_follow=0.529,"官方日成交結構(MI_INDEX/dailyQuotes)=1|發行股數(MI_QFIIS/dailyQuotes)=1|外資持股(MI_QFIIS,僅上市)=0|自營商(T86/上櫃三大法人)=1|當沖(TWTB4U/上櫃intraday)=1|季財報(MOPS t163sb04)=1|月營收(MOPS/openapi)=1|官方產業別(MOPS t05st03)=1|融資券(MI_MARGN)=1|借券(TWT93U)=1|法人(T86)=1",796,inf,250.0,official_prepanel,122.7,1.0,0.0,0.0,0,1,9.297,7.483,-1.814,1973.0,0,未扣成本·事後欄位以 m_ 標示·非投資建議
SEL,4,2025-10-30,2025-10-31,8440,綠電,TPEx,S,,fV300,S0_atr14@5,113,362,漏網,1304,0.030633,,atr14=0.402|n_lu_250=0.480|r20=0.247|c_ma120=0.043|vr20=0.874|days_since_lu=0.796|dt_ratio20=NaN|lend_to_v=0.594|rev_yoy=0.250|o_turn=0.375|o_log_mcap=0.011|o_lu_follow=0.219,"官方日成交結構(MI_INDEX/dailyQuotes)=1|發行股數(MI_QFIIS/dailyQuotes)=1|外資持股(MI_QFIIS,僅上市)=0|自營商(T86/上櫃三大法人)=1|當沖(TWTB4U/上櫃intraday)=1|季財報(MOPS t163sb04)=1|月營收(MOPS/openapi)=1|官方產業別(MOPS t05st03)=1|融資券(MI_MARGN)=1|借券(TWT93U)=1|法人(T86)=1",799,inf,250.0,official_prepanel,110.25,1.0,0.0,0.0,0,1,9.897,15.258,7.216,779.0,0,未扣成本·事後欄位以 m_ 標示·非投資建議
SEL,4,2025-11-11,2025-11-12,3092,鴻碩,TWSE,S,,fV300,S0_atr14@5,120,373,漏網,1485,0.030881,,atr14=0.426|n_lu_250=0.477|r20=0.127|c_ma120=0.015|vr20=0.816|days_since_lu=0.293|dt_ratio20=0.016|lend_to_v=0.757|rev_yoy=0.426|o_turn=0.186|o_log_mcap=0.020|o_lu_follow=0.223,"官方日成交結構(MI_INDEX/dailyQuotes)=1|發行股數(MI_QFIIS/dailyQuotes)=1|外資持股(MI_QFIIS,僅上市)=1|自營商(T86/上櫃三大法人)=1|當沖(TWTB4U/上櫃intraday)=1|季財報(MOPS t163sb04)=1|月營收(MOPS/openapi)=1|官方產業別(MOPS t05st03)=1|融資券(MI_MARGN)=1|借券(TWT93U)=1|法人(T86)=1",807,inf,250.0,official_prepanel,147.6,1.0,0.0,0.0,0,1,9.363,18.727,10.112,688.0,0,未扣成本·事後欄位以 m_ 標示·非投資建議
SEL,4,2025-11-20,2025-11-21,3349,寶德,TPEx,S,,fV300,S0_atr14@5,145,376,漏網,165,0.032169,,atr14=0.358|n_lu_250=0.875|r20=0.837|c_ma120=0.815|vr20=0.992|days_since_lu=0.521|dt_ratio20=NaN|lend_to_v=NaN|rev_yoy=0.425|o_turn=0.859|o_log_mcap=0.005|o_lu_follow=0.945,"官方日成交結構(MI_INDEX/dailyQuotes)=1|發行股數(MI_QFIIS/dailyQuotes)=1|外資持股(MI_QFIIS,僅上市)=0|自營商(T86/上櫃三大法人)=1|當沖(TWTB4U/上櫃intraday)=0|季財報(MOPS t163sb04)=1|月營收(MOPS/openapi)=1|官方產業別(MOPS t05st03)=1|融資券(MI_MARGN)=0|借券(TWT93U)=0|法人(T86)=1",814,inf,250.0,official_prepanel,244.05,2.0,0.0,0.0,1,0,0.0,11.454,23.128,806.0,0,未扣成本·事後欄位以 m_ 標示·非投資建議
SEL,4,2025-11-21,2025-11-24,6431,光麗-KY,TWSE,S,,fV300,S0_atr14@5,221,377,漏網,304,0.027151,,atr14=0.203|n_lu_250=0.466|r20=0.919|c_ma120=0.732|vr20=0.994|days_since_lu=0.473|dt_ratio20=NaN|lend_to_v=0.013|rev_yoy=0.037|o_turn=0.739|o_log_mcap=0.041|o_lu_follow=0.228,"官方日成交結構(MI_INDEX/dailyQuotes)=1|發行股數(MI_QFIIS/dailyQuotes)=1|外資持股(MI_QFIIS,僅上市)=1|自營商(T86/上櫃三大法人)=1|當沖(TWTB4U/上櫃intraday)=0|季財報(MOPS t163sb04)=1|月營收(MOPS/openapi)=1|官方產業別(MOPS t05st03)=1|融資券(MI_MARGN)=1|借券(TWT93U)=1|法人(T86)=1",815,inf,250.0,official_prepanel,230.45,2.0,0.0,0.0,0,1,2.174,18.478,43.478,938.0,0,未扣成本·事後欄位以 m_ 標示·非投資建議
SEL,4,2025-11-26,2025-11-27,2460,建通,TWSE,S,,fV300,S0_atr14@5,70,387,漏網,1200,0.037759,,atr14=0.586|n_lu_250=0.676|r20=0.085|c_ma120=0.062|vr20=0.540|days_since_lu=0.518|dt_ratio20=NaN|lend_to_v=0.129|rev_yoy=0.432|o_turn=0.114|o_log_mcap=0.078|o_lu_follow=0.100,"官方日成交結構(MI_INDEX/dailyQuotes)=1|發行股數(MI_QFIIS/dailyQuotes)=1|外資持股(MI_QFIIS,僅上市)=1|自營商(T86/上櫃三大法人)=1|當沖(TWTB4U/上櫃intraday)=0|季財報(MOPS t163sb04)=1|月營收(MOPS/openapi)=1|官方產業別(MOPS t05st03)=1|融資券(MI_MARGN)=1|借券(TWT93U)=1|法人(T86)=1",818,inf,250.0,official_prepanel,284.05,2.0,0.0,0.0,0,1,7.947,19.205,37.086,1135.0,0,未扣成本·事後欄位以 m_ 標示·非投資建議
SEL,4,2025-11-28,2025-12-01,2491,吉祥全,TWSE,S,,fV300,S0_atr14@5,43,390,漏網,81,0.040238,,atr14=0.667|n_lu_250=0.898|r20=0.948|c_ma120=0.878|vr20=0.947|days_since_lu=0.047|dt_ratio20=NaN|lend_to_v=0.011|rev_yoy=0.164|o_turn=0.625|o_log_mcap=0.006|o_lu_follow=0.996,"官方日成交結構(MI_INDEX/dailyQuotes)=1|發行股數(MI_QFIIS/dailyQuotes)=1|外資持股(MI_QFIIS,僅上市)=1|自營商(T86/上櫃三大法人)=1|當沖(TWTB4U/上櫃intraday)=1|季財報(MOPS t163sb04)=1|月營收(MOPS/openapi)=1|官方產業別(MOPS t05st03)=1|融資券(MI_MARGN)=1|借券(TWT93U)=1|法人(T86)=1",820,inf,250.0,official_prepanel,212.45,2.0,0.0,0.0,0,1,7.143,28.571,31.169,1382.0,0,未扣成本·事後欄位以 m_ 標示·非投資建議
SEL,4,2025-12-01,2025-12-02,3354,律勝,TPEx,S,,fV300,S0_atr14@5,110,391,漏網,326,0.032659,,atr14=0.447|n_lu_250=0.571|r20=0.791|c_ma120=0.458|vr20=0.476|days_since_lu=0.621|dt_ratio20=NaN|lend_to_v=0.356|rev_yoy=0.120|o_turn=0.105|o_log_mcap=0.007|o_lu_follow=0.097,"官方日成交結構(MI_INDEX/dailyQuotes)=1|發行股數(MI_QFIIS/dailyQuotes)=1|外資持股(MI_QFIIS,僅上市)=0|自營商(T86/上櫃三大法人)=1|當沖(TWTB4U/上櫃intraday)=1|季財報(MOPS t163sb04)=1|月營收(MOPS/openapi)=1|官方產業別(MOPS t05st03)=1|融資券(MI_MARGN)=1|借券(TWT93U)=1|法人(T86)=1",821,inf,250.0,official_prepanel,116.95,1.0,0.0,0.0,0,1,9.412,24.118,21.765,693.0,0,未扣成本·事後欄位以 m_ 標示·非投資建議
SEL,4,2025-12-03,2025-12-04,4562,穎漢,TWSE,S,,fV300,S0_atr14@5,47,394,漏網,1013,0.038291,,atr14=0.659|n_lu_250=0.876|r20=0.123|c_ma120=0.007|vr20=0.691|days_since_lu=0.619|dt_ratio20=0.623|lend_to_v=0.836|rev_yoy=0.146|o_turn=0.346|o_log_mcap=0.114|o_lu_follow=0.942,"官方日成交結構(MI_INDEX/dailyQuotes)=1|發行股數(MI_QFIIS/dailyQuotes)=1|外資持股(MI_QFIIS,僅上市)=1|自營商(T86/上櫃三大法人)=1|當沖(TWTB4U/上櫃intraday)=1|季財報(MOPS t163sb04)=1|月營收(MOPS/openapi)=1|官方產業別(MOPS t05st03)=1|融資券(MI_MARGN)=1|借券(TWT93U)=1|法人(T86)=1",823,inf,250.0,official_prepanel,258.1,2.0,0.0,0.0,0,1,3.877,-3.209,-3.743,401.0,0,未扣成本·事後欄位以 m_ 標示·非投資建議
SEL,4,2025-12-03,2025-12-04,5484,慧友,TWSE,S,,fV300,S0_atr14@5,57,394,漏網,719,0.037324,,atr14=0.635|n_lu_250=0.901|r20=0.251|c_ma120=0.151|vr20=0.433|days_since_lu=0.475|dt_ratio20=NaN|lend_to_v=0.010|rev_yoy=0.860|o_turn=0.164|o_log_mcap=0.064|o_lu_follow=0.823,"官方日成交結構(MI_INDEX/dailyQuotes)=1|發行股數(MI_QFIIS/dailyQuotes)=1|外資持股(MI_QFIIS,僅上市)=1|自營商(T86/上櫃三大法人)=1|當沖(TWTB4U/上櫃intraday)=0|季財報(MOPS t163sb04)=1|月營收(MOPS/openapi)=1|官方產業別(MOPS t05st03)=1|融資券(MI_MARGN)=1|借券(TWT93U)=1|法人(T86)=1",823,inf,250.0,official_prepanel,153.35,1.0,0.0,0.0,0,1,7.873,8.011,4.972,658.0,0,未扣成本·事後欄位以 m_ 標示·非投資建議
SEL,4,2025-12-03,2025-12-04,8374,羅昇,TWSE,S,,fV300,S0_atr14@5,42,394,漏網,1164,0.039107,,atr14=0.670|n_lu_250=0.670|r20=0.093|c_ma120=0.021|vr20=0.886|days_since_lu=0.494|dt_ratio20=0.682|lend_to_v=0.900|rev_yoy=0.427|o_turn=0.505|o_log_mcap=0.357|o_lu_follow=0.100,"官方日成交結構(MI_INDEX/dailyQuotes)=1|發行股數(MI_QFIIS/dailyQuotes)=1|外資持股(MI_QFIIS,僅上市)=1|自營商(T86/上櫃三大法人)=1|當沖(TWTB4U/上櫃intraday)=1|季財報(MOPS t163sb04)=1|月營收(MOPS/openapi)=1|官方產業別(MOPS t05st03)=1|融資券(MI_MARGN)=1|借券(TWT93U)=1|法人(T86)=1",823,inf,250.0,official_prepanel,262.8,2.0,0.0,0.0,0,1,2.209,-1.84,-5.031,635.0,0,未扣成本·事後欄位以 m_ 標示·非投資建議
SEL,4,2025-12-04,2025-12-05,8499,鼎炫-KY,TWSE,S,,fV300,S0_atr14@5,35,388,漏網,105,0.039669,,atr14=0.700|n_lu_250=0.833|r20=0.851|c_ma120=0.829|vr20=0.913|days_since_lu=0.477|dt_ratio20=0.672|lend_to_v=0.423|rev_yoy=0.940|o_turn=0.681|o_log_mcap=0.473|o_lu_follow=0.889,"官方日成交結構(MI_INDEX/dailyQuotes)=1|發行股數(MI_QFIIS/dailyQuotes)=1|外資持股(MI_QFIIS,僅上市)=1|自營商(T86/上櫃三大法人)=1|當沖(TWTB4U/上櫃intraday)=1|季財報(MOPS t163sb04)=1|月營收(MOPS/openapi)=1|官方產業別(MOPS t05st03)=1|融資券(MI_MARGN)=1|借券(TWT93U)=1|法人(T86)=1",824,inf,250.0,official_prepanel,155.4,1.0,0.0,0.0,0,1,9.532,32.441,32.107,605.0,0,未扣成本·事後欄位以 m_ 標示·非投資建議
SEL,4,2025-12-10,2025-12-11,3701,大眾控,TWSE,S,,fV300,S0_atr14@5,156,392,漏網,1266,0.026057,,atr14=0.373|n_lu_250=0.661|r20=0.155|c_ma120=0.082|vr20=0.877|days_since_lu=0.528|dt_ratio20=0.414|lend_to_v=0.853|rev_yoy=0.034|o_turn=0.249|o_log_mcap=0.304|o_lu_follow=0.099,"官方日成交結構(MI_INDEX/dailyQuotes)=1|發行股數(MI_QFIIS/dailyQuotes)=1|外資持股(MI_QFIIS,僅上市)=1|自營商(T86/上櫃三大法人)=1|當沖(TWTB4U/上櫃intraday)=1|季財報(MOPS t163sb04)=1|月營收(MOPS/openapi)=1|官方產業別(MOPS t05st03)=1|融資券(MI_MARGN)=1|借券(TWT93U)=1|法人(T86)=1",828,inf,250.0,official_prepanel,296.1,2.0,0.0,0.0,0,1,9.744,26.198,55.591,1307.0,0,未扣成本·事後欄位以 m_ 標示·非投資建議
SEL,4,2025-12-11,2025-12-12,6243,迅杰,TWSE,S,,fV300,S0_atr14@5,105,383,漏網,1103,0.029274,,atr14=0.475|n_lu_250=0.348|r20=0.424|c_ma120=0.118|vr20=0.908|days_since_lu=0.813|dt_ratio20=0.156|lend_to_v=0.553|rev_yoy=0.104|o_turn=0.591|o_log_mcap=0.015|o_lu_follow=0.343,"官方日成交結構(MI_INDEX/dailyQuotes)=1|發行股數(MI_QFIIS/dailyQuotes)=1|外資持股(MI_QFIIS,僅上市)=1|自營商(T86/上櫃三大法人)=1|當沖(TWTB4U/上櫃intraday)=1|季財報(MOPS t163sb04)=1|月營收(MOPS/openapi)=1|官方產業別(MOPS t05st03)=1|融資券(MI_MARGN)=1|借券(TWT93U)=1|法人(T86)=1",829,inf,250.0,official_prepanel,141.7,1.0,0.0,0.0,1,0,0.0,1.639,14.754,922.0,0,未扣成本·事後欄位以 m_ 標示·非投資建議
SEL,4,2025-12-12,2025-12-15,2440,太空梭,TWSE,S,,fV300,S0_atr14@5,221,383,漏網,523,0.020604,,atr14=0.231|n_lu_250=0.462|r20=0.647|c_ma120=0.553|vr20=0.895|days_since_lu=0.815|dt_ratio20=NaN|lend_to_v=0.011|rev_yoy=0.144|o_turn=0.204|o_log_mcap=0.034|o_lu_follow=0.235,"官方日成交結構(MI_INDEX/dailyQuotes)=1|發行股數(MI_QFIIS/dailyQuotes)=1|外資持股(MI_QFIIS,僅上市)=1|自營商(T86/上櫃三大法人)=1|當沖(TWTB4U/上櫃intraday)=0|季財報(MOPS t163sb04)=1|月營收(MOPS/openapi)=1|官方產業別(MOPS t05st03)=1|融資券(MI_MARGN)=1|借券(TWT93U)=1|法人(T86)=1",830,inf,250.0,official_prepanel,133.2,1.0,0.0,0.0,0,1,10.0,8.462,13.846,1366.0,0,未扣成本·事後欄位以 m_ 標示·非投資建議
SEL,4,2025-12-12,2025-12-15,6164,華興,TWSE,S,,fV300,S0_atr14@5,282,383,漏網,1120,0.016286,,atr14=0.093|n_lu_250=0.346|r20=0.372|c_ma120=0.422|vr20=0.767|days_since_lu=0.241|dt_ratio20=0.042|lend_to_v=0.504|rev_yoy=0.420|o_turn=0.257|o_log_mcap=0.000|o_lu_follow=0.346,"官方日成交結構(MI_INDEX/dailyQuotes)=1|發行股數(MI_QFIIS/dailyQuotes)=1|外資持股(MI_QFIIS,僅上市)=1|自營商(T86/上櫃三大法人)=1|當沖(TWTB4U/上櫃intraday)=1|季財報(MOPS t163sb04)=1|月營收(MOPS/openapi)=1|官方產業別(MOPS t05st03)=1|融資券(MI_MARGN)=1|借券(TWT93U)=1|法人(T86)=1",830,inf,250.0,official_prepanel,135.8,1.0,0.0,0.0,0,1,9.453,24.876,26.368,2857.0,0,未扣成本·事後欄位以 m_ 標示·非投資建議
SEL,4,2025-12-12,2025-12-15,6226,光鼎,TWSE,S,,fP10|fV300,S0_atr14@5,198,383,漏網,1139,0.022917,,atr14=0.292|n_lu_250=0.462|r20=0.169|c_ma120=0.341|vr20=0.112|days_since_lu=0.561|dt_ratio20=NaN|lend_to_v=0.011|rev_yoy=0.329|o_turn=0.020|o_log_mcap=0.000|o_lu_follow=0.235,"官方日成交結構(MI_INDEX/dailyQuotes)=1|發行股數(MI_QFIIS/dailyQuotes)=1|外資持股(MI_QFIIS,僅上市)=1|自營商(T86/上櫃三大法人)=1|當沖(TWTB4U/上櫃intraday)=0|季財報(MOPS t163sb04)=1|月營收(MOPS/openapi)=1|官方產業別(MOPS t05st03)=1|融資券(MI_MARGN)=1|借券(TWT93U)=1|法人(T86)=1",830,inf,250.0,official_prepanel,109.05,1.0,0.0,0.0,0,1,7.953,8.689,13.402,522.0,0,未扣成本·事後欄位以 m_ 標示·非投資建議
SEL,4,2025-12-19,2025-12-22,6218,豪勉,TPEx,S,,fV300,S0_atr14@5,51,374,漏網,175,0.035632,,atr14=0.603|n_lu_250=0.706|r20=0.897|c_ma120=0.692|vr20=0.940|days_since_lu=0.093|dt_ratio20=NaN|lend_to_v=0.320|rev_yoy=0.772|o_turn=0.679|o_log_mcap=0.013|o_lu_follow=0.717,"官方日成交結構(MI_INDEX/dailyQuotes)=1|發行股數(MI_QFIIS/dailyQuotes)=1|外資持股(MI_QFIIS,僅上市)=0|自營商(T86/上櫃三大法人)=1|當沖(TWTB4U/上櫃intraday)=1|季財報(MOPS t163sb04)=1|月營收(MOPS/openapi)=1|官方產業別(MOPS t05st03)=1|融資券(MI_MARGN)=1|借券(TWT93U)=1|法人(T86)=1",835,inf,250.0,official_prepanel,203.95,2.0,0.0,0.0,0,1,6.459,19.822,17.817,2583.0,0,未扣成本·事後欄位以 m_ 標示·非投資建議
SEL,4,2025-12-23,2025-12-24,6205,詮欣,TWSE,S,,fV300,S0_atr14@5,104,372,漏網,677,0.029732,,atr14=0.471|n_lu_250=0.341|r20=0.567|c_ma120=0.309|vr20=0.755|days_since_lu=0.072|dt_ratio20=0.181|lend_to_v=0.441|rev_yoy=0.104|o_turn=0.316|o_log_mcap=0.137|o_lu_follow=0.333,"官方日成交結構(MI_INDEX/dailyQuotes)=1|發行股數(MI_QFIIS/dailyQuotes)=1|外資持股(MI_QFIIS,僅上市)=1|自營商(T86/上櫃三大法人)=1|當沖(TWTB4U/上櫃intraday)=1|季財報(MOPS t163sb04)=1|月營收(MOPS/openapi)=1|官方產業別(MOPS t05st03)=1|融資券(MI_MARGN)=1|借券(TWT93U)=1|法人(T86)=1",837,inf,250.0,official_prepanel,170.95,1.0,0.0,0.0,0,1,8.241,52.522,47.847,1378.0,0,未扣成本·事後欄位以 m_ 標示·非投資建議
SEL,4,2025-12-24,2025-12-26,6658,聯策,TWSE,S,,fV300,S0_atr14@5,31,363,漏網,603,0.038258,,atr14=0.673|n_lu_250=0.810|r20=0.501|c_ma120=0.030|vr20=0.880|days_since_lu=0.661|dt_ratio20=0.533|lend_to_v=0.542|rev_yoy=0.145|o_turn=0.679|o_log_mcap=0.038|o_lu_follow=0.642,"官方日成交結構(MI_INDEX/dailyQuotes)=1|發行股數(MI_QFIIS/dailyQuotes)=1|外資持股(MI_QFIIS,僅上市)=1|自營商(T86/上櫃三大法人)=1|當沖(TWTB4U/上櫃intraday)=1|季財報(MOPS t163sb04)=1|月營收(MOPS/openapi)=1|官方產業別(MOPS t05st03)=1|融資券(MI_MARGN)=1|借券(TWT93U)=1|法人(T86)=1",523,523.0,250.0,official,183.4,1.0,0.0,0.0,0,1,8.087,20.118,9.665,1120.0,0,未扣成本·事後欄位以 m_ 標示·非投資建議
SEL,4,2025-12-30,2025-12-31,2025,千興,TWSE,S,,fP10|fV300,S0_atr14@5,232,361,漏網,1383,0.019515,,atr14=0.152|n_lu_250=0.702|r20=0.116|c_ma120=0.086|vr20=0.053|days_since_lu=0.224|dt_ratio20=NaN|lend_to_v=0.013|rev_yoy=0.055|o_turn=0.003|o_log_mcap=0.021|o_lu_follow=0.058,"官方日成交結構(MI_INDEX/dailyQuotes)=1|發行股數(MI_QFIIS/dailyQuotes)=1|外資持股(MI_QFIIS,僅上市)=1|自營商(T86/上櫃三大法人)=1|當沖(TWTB4U/上櫃intraday)=0|季財報(MOPS t163sb04)=1|月營收(MOPS/openapi)=1|官方產業別(MOPS t05st03)=1|融資券(MI_MARGN)=1|借券(TWT93U)=1|法人(T86)=1",841,inf,250.0,official_prepanel,114.6,1.0,0.0,0.0,0,1,7.966,23.69,27.358,1110.0,0,未扣成本·事後欄位以 m_ 標示·非投資建議
SEL,4,2025-12-30,2025-12-31,3360,尚立,TPEx,S,,fV300,S0_atr14@5,139,361,漏網,610,0.026077,,atr14=0.355|n_lu_250=0.558|r20=0.470|c_ma120=0.396|vr20=0.129|days_since_lu=0.345|dt_ratio20=NaN|lend_to_v=0.348|rev_yoy=0.817|o_turn=0.081|o_log_mcap=0.001|o_lu_follow=0.145,"官方日成交結構(MI_INDEX/dailyQuotes)=1|發行股數(MI_QFIIS/dailyQuotes)=1|外資持股(MI_QFIIS,僅上市)=0|自營商(T86/上櫃三大法人)=1|當沖(TWTB4U/上櫃intraday)=1|季財報(MOPS t163sb04)=1|月營收(MOPS/openapi)=1|官方產業別(MOPS t05st03)=1|融資券(MI_MARGN)=1|借券(TWT93U)=1|法人(T86)=1",841,inf,250.0,official_prepanel,195.3,1.0,0.0,0.0,0,1,9.921,15.079,26.587,1271.0,0,未扣成本·事後欄位以 m_ 標示·非投資建議
SEL,4,2025-12-30,2025-12-31,5263,智崴,TPEx,S,,fV300,S0_atr14@5,267,361,漏網,815,0.016285,,atr14=0.085|n_lu_250=0.168|r20=0.638|c_ma120=0.561|vr20=0.455|days_since_lu=0.826|dt_ratio20=NaN|lend_to_v=0.586|rev_yoy=0.241|o_turn=0.209|o_log_mcap=0.292|o_lu_follow=0.518,"官方日成交結構(MI_INDEX/dailyQuotes)=1|發行股數(MI_QFIIS/dailyQuotes)=1|外資持股(MI_QFIIS,僅上市)=0|自營商(T86/上櫃三大法人)=1|當沖(TWTB4U/上櫃intraday)=1|季財報(MOPS t163sb04)=1|月營收(MOPS/openapi)=1|官方產業別(MOPS t05st03)=1|融資券(MI_MARGN)=1|借券(TWT93U)=1|法人(T86)=1",841,inf,250.0,official_prepanel,215.2,2.0,0.0,0.0,0,1,2.985,12.438,21.393,571.0,0,未扣成本·事後欄位以 m_ 標示·非投資建議
SEL,4,2025-12-30,2025-12-31,6461,益得,TPEx,S,,fV300,S0_atr14@5,120,361,漏網,560,0.027778,,atr14=0.426|n_lu_250=0.643|r20=0.834|c_ma120=0.167|vr20=0.735|days_since_lu=0.018|dt_ratio20=NaN|lend_to_v=0.013|rev_yoy=0.011|o_turn=0.104|o_log_mcap=0.086|o_lu_follow=0.798,"官方日成交結構(MI_INDEX/dailyQuotes)=1|發行股數(MI_QFIIS/dailyQuotes)=1|外資持股(MI_QFIIS,僅上市)=0|自營商(T86/上櫃三大法人)=1|當沖(TWTB4U/上櫃intraday)=0|季財報(MOPS t163sb04)=1|月營收(MOPS/openapi)=1|官方產業別(MOPS t05st03)=1|融資券(MI_MARGN)=1|借券(TWT93U)=1|法人(T86)=1",841,inf,250.0,official_prepanel,161.1,1.0,0.0,0.0,1,0,0.0,10.393,26.124,596.0,0,未扣成本·事後欄位以 m_ 標示·非投資建議
SEL,4,2025-12-31,2026-01-02,4720,德淵,TWSE,S,,fV300,S0_atr14@5,173,357,漏網,661,0.023415,,atr14=0.295|n_lu_250=0.166|r20=0.713|c_ma120=0.488|vr20=0.459|days_since_lu=0.827|dt_ratio20=0.099|lend_to_v=0.568|rev_yoy=0.513|o_turn=0.173|o_log_mcap=0.029|o_lu_follow=0.518,"官方日成交結構(MI_INDEX/dailyQuotes)=1|發行股數(MI_QFIIS/dailyQuotes)=1|外資持股(MI_QFIIS,僅上市)=1|自營商(T86/上櫃三大法人)=1|當沖(TWTB4U/上櫃intraday)=1|季財報(MOPS t163sb04)=1|月營收(MOPS/openapi)=1|官方產業別(MOPS t05st03)=1|融資券(MI_MARGN)=1|借券(TWT93U)=1|法人(T86)=1",842,inf,250.0,official_prepanel,289.75,2.0,0.0,0.0,0,1,4.403,16.981,11.321,3054.0,0,未扣成本·事後欄位以 m_ 標示·非投資建議
HC,1,2026-01-05,2026-01-06,3669,圓展,TWSE,S,,fV300,S0_atr14@5,56,348,漏網,359,0.034375,,atr14=0.567|n_lu_250=0.448|r20=0.766|c_ma120=0.530|vr20=0.315|days_since_lu=0.060|dt_ratio20=NaN|lend_to_v=0.184|rev_yoy=0.424|o_turn=0.080|o_log_mcap=0.121|o_lu_follow=0.231,"官方日成交結構(MI_INDEX/dailyQuotes)=1|發行股數(MI_QFIIS/dailyQuotes)=1|外資持股(MI_QFIIS,僅上市)=1|自營商(T86/上櫃三大法人)=1|當沖(TWTB4U/上櫃intraday)=1|季財報(MOPS t163sb04)=1|月營收(MOPS/openapi)=1|官方產業別(MOPS t05st03)=1|融資券(MI_MARGN)=1|借券(TWT93U)=1|法人(T86)=1",844,inf,250.0,official_prepanel,184.25,1.0,0.0,1.0,0,1,0.571,15.429,12.714,202.0,0,未扣成本·事後欄位以 m_ 標示·非投資建議
HC,1,2026-01-06,2026-01-07,8059,凱碩,TPEx,S,,fV300,S0_atr14@5,45,356,漏網,951,0.03668,,atr14=0.646|n_lu_250=0.926|r20=0.072|c_ma120=0.005|vr20=0.448|days_since_lu=0.365|dt_ratio20=NaN|lend_to_v=0.011|rev_yoy=0.995|o_turn=0.058|o_log_mcap=0.155|o_lu_follow=0.901,"官方日成交結構(MI_INDEX/dailyQuotes)=1|發行股數(MI_QFIIS/dailyQuotes)=1|外資持股(MI_QFIIS,僅上市)=0|自營商(T86/上櫃三大法人)=1|當沖(TWTB4U/上櫃intraday)=0|季財報(MOPS t163sb04)=1|月營收(MOPS/openapi)=1|官方產業別(MOPS t05st03)=1|融資券(MI_MARGN)=1|借券(TWT93U)=1|法人(T86)=1",845,inf,250.0,official_prepanel,237.4,2.0,0.0,0.0,0,1,10.0,30.541,16.757,625.0,0,未扣成本·事後欄位以 m_ 標示·非投資建議
HC,1,2026-01-07,2026-01-08,5302,太欣,TPEx,S,,fP10|fV300,S0_atr14@5,133,356,漏網,339,0.026424,,atr14=0.391|n_lu_250=0.825|r20=0.581|c_ma120=0.584|vr20=0.533|days_since_lu=0.379|dt_ratio20=NaN|lend_to_v=0.011|rev_yoy=0.957|o_turn=0.165|o_log_mcap=0.019|o_lu_follow=0.888,"官方日成交結構(MI_INDEX/dailyQuotes)=1|發行股數(MI_QFIIS/dailyQuotes)=1|外資持股(MI_QFIIS,僅上市)=0|自營商(T86/上櫃三大法人)=1|當沖(TWTB4U/上櫃intraday)=0|季財報(MOPS t163sb04)=1|月營收(MOPS/openapi)=1|官方產業別(MOPS t05st03)=1|融資券(MI_MARGN)=1|借券(TWT93U)=1|法人(T86)=1",846,inf,250.0,official_prepanel,239.9,2.0,0.0,0.0,0,1,9.808,31.13,43.923,1461.0,0,未扣成本·事後欄位以 m_ 標示·非投資建議
HC,1,2026-01-08,2026-01-09,6834,天二科技,TWSE,S,,fV300,S0_atr14@5,44,356,漏網,740,0.038016,,atr14=0.663|n_lu_250=0.652|r20=0.281|c_ma120=0.208|vr20=0.936|days_since_lu=0.689|dt_ratio20=0.477|lend_to_v=0.608|rev_yoy=0.246|o_turn=0.570|o_log_mcap=0.084|o_lu_follow=0.096,"官方日成交結構(MI_INDEX/dailyQuotes)=1|發行股數(MI_QFIIS/dailyQuotes)=1|外資持股(MI_QFIIS,僅上市)=1|自營商(T86/上櫃三大法人)=1|當沖(TWTB4U/上櫃intraday)=1|季財報(MOPS t163sb04)=1|月營收(MOPS/openapi)=1|官方產業別(MOPS t05st03)=1|融資券(MI_MARGN)=1|借券(TWT93U)=1|法人(T86)=1",814,814.0,250.0,official,287.4,2.0,0.0,0.0,0,1,8.545,24.364,32.0,2072.0,0,未扣成本·事後欄位以 m_ 標示·非投資建議
HC,1,2026-01-09,2026-01-12,8476,台境*,TWSE,S,,fV300,S0_atr14@5,127,360,漏網,1460,0.027778,,atr14=0.377|n_lu_250=0.164|r20=0.277|c_ma120=0.110|vr20=0.865|days_since_lu=0.944|dt_ratio20=0.113|lend_to_v=0.547|rev_yoy=0.171|o_turn=0.201|o_log_mcap=0.106|o_lu_follow=0.539,"官方日成交結構(MI_INDEX/dailyQuotes)=1|發行股數(MI_QFIIS/dailyQuotes)=1|外資持股(MI_QFIIS,僅上市)=1|自營商(T86/上櫃三大法人)=1|當沖(TWTB4U/上櫃intraday)=1|季財報(MOPS t163sb04)=1|月營收(MOPS/openapi)=1|官方產業別(MOPS t05st03)=1|融資券(MI_MARGN)=1|借券(TWT93U)=1|法人(T86)=1",848,848.0,250.0,transfer_min,220.15,2.0,0.0,0.0,1,0,0.0,18.617,8.777,1016.0,0,未扣成本·事後欄位以 m_ 標示·非投資建議
HC,1,2026-01-12,2026-01-13,5011,久陽,TPEx,S,,fV300,S0_atr14@5,205,366,漏網,1552,0.022339,,atr14=0.217|n_lu_250=0.167|r20=0.230|c_ma120=0.122|vr20=0.572|days_since_lu=0.051|dt_ratio20=NaN|lend_to_v=0.411|rev_yoy=0.206|o_turn=0.147|o_log_mcap=0.003|o_lu_follow=0.532,"官方日成交結構(MI_INDEX/dailyQuotes)=1|發行股數(MI_QFIIS/dailyQuotes)=1|外資持股(MI_QFIIS,僅上市)=0|自營商(T86/上櫃三大法人)=1|當沖(TWTB4U/上櫃intraday)=1|季財報(MOPS t163sb04)=1|月營收(MOPS/openapi)=1|官方產業別(MOPS t05st03)=1|融資券(MI_MARGN)=1|借券(TWT93U)=1|法人(T86)=1",849,inf,250.0,official_prepanel,204.55,2.0,0.0,0.0,0,1,9.804,29.902,24.02,1378.0,0,未扣成本·事後欄位以 m_ 標示·非投資建議
HC,1,2026-01-13,2026-01-14,3501,維熹,TWSE,S,,fV300,S0_atr14@5,315,359,漏網,1605,0.013777,,atr14=0.048|n_lu_250=0.166|r20=0.337|c_ma120=0.189|vr20=0.743|days_since_lu=0.832|dt_ratio20=0.054|lend_to_v=0.966|rev_yoy=0.271|o_turn=0.072|o_log_mcap=0.257|o_lu_follow=0.530,"官方日成交結構(MI_INDEX/dailyQuotes)=1|發行股數(MI_QFIIS/dailyQuotes)=1|外資持股(MI_QFIIS,僅上市)=1|自營商(T86/上櫃三大法人)=1|當沖(TWTB4U/上櫃intraday)=1|季財報(MOPS t163sb04)=1|月營收(MOPS/openapi)=1|官方產業別(MOPS t05st03)=1|融資券(MI_MARGN)=1|借券(TWT93U)=1|法人(T86)=1",850,inf,250.0,official_prepanel,103.05,1.0,0.0,0.0,0,1,9.738,17.487,14.136,1248.0,0,未扣成本·事後欄位以 m_ 標示·非投資建議
HC,1,2026-01-14,2026-01-15,4534,慶騰,TPEx,S,,fV300,S0_atr14@5,69,350,漏網,953,0.033078,,atr14=0.496|n_lu_250=0.827|r20=0.157|c_ma120=0.096|vr20=0.840|days_since_lu=0.302|dt_ratio20=NaN|lend_to_v=0.014|rev_yoy=0.702|o_turn=0.398|o_log_mcap=0.010|o_lu_follow=0.022,"官方日成交結構(MI_INDEX/dailyQuotes)=1|發行股數(MI_QFIIS/dailyQuotes)=1|外資持股(MI_QFIIS,僅上市)=0|自營商(T86/上櫃三大法人)=1|當沖(TWTB4U/上櫃intraday)=0|季財報(MOPS t163sb04)=1|月營收(MOPS/openapi)=1|官方產業別(MOPS t05st03)=1|融資券(MI_MARGN)=1|借券(TWT93U)=1|法人(T86)=1",851,inf,250.0,official_prepanel,250.5,2.0,0.0,0.0,0,1,10.847,33.898,71.525,1173.0,0,未扣成本·事後欄位以 m_ 標示·非投資建議
HC,1,2026-01-15,2026-01-16,4513,福裕,TPEx,S,,fV300,S0_atr14@5,61,345,漏網,516,0.035334,,atr14=0.538|n_lu_250=0.460|r20=0.679|c_ma120=0.371|vr20=0.953|days_since_lu=0.020|dt_ratio20=NaN|lend_to_v=0.868|rev_yoy=0.263|o_turn=0.589|o_log_mcap=0.063|o_lu_follow=0.233,"官方日成交結構(MI_INDEX/dailyQuotes)=1|發行股數(MI_QFIIS/dailyQuotes)=1|外資持股(MI_QFIIS,僅上市)=0|自營商(T86/上櫃三大法人)=1|當沖(TWTB4U/上櫃intraday)=1|季財報(MOPS t163sb04)=1|月營收(MOPS/openapi)=1|官方產業別(MOPS t05st03)=1|融資券(MI_MARGN)=1|借券(TWT93U)=1|法人(T86)=1",852,inf,250.0,official_prepanel,261.5,2.0,0.0,0.0,0,1,5.357,4.592,-0.765,2150.0,0,未扣成本·事後欄位以 m_ 標示·非投資建議
HC,1,2026-01-15,2026-01-16,4561,健椿,TPEx,S,,fV300,S0_atr14@5,50,345,漏網,1060,0.037394,,atr14=0.593|n_lu_250=0.646|r20=0.168|c_ma120=0.041|vr20=0.875|days_since_lu=0.020|dt_ratio20=NaN|lend_to_v=0.889|rev_yoy=0.101|o_turn=0.319|o_log_mcap=0.045|o_lu_follow=0.100,"官方日成交結構(MI_INDEX/dailyQuotes)=1|發行股數(MI_QFIIS/dailyQuotes)=1|外資持股(MI_QFIIS,僅上市)=0|自營商(T86/上櫃三大法人)=1|當沖(TWTB4U/上櫃intraday)=1|季財報(MOPS t163sb04)=1|月營收(MOPS/openapi)=1|官方產業別(MOPS t05st03)=1|融資券(MI_MARGN)=1|借券(TWT93U)=1|法人(T86)=1",852,inf,250.0,official_prepanel,104.2,1.0,0.0,0.0,0,1,9.201,38.009,43.891,1018.0,0,未扣成本·事後欄位以 m_ 標示·非投資建議
HC,1,2026-01-15,2026-01-16,8933,愛地雅,TPEx,S,,fP10|fV300,S0_atr14@5,202,345,漏網,1209,0.022188,,atr14=0.189|n_lu_250=0.340|r20=0.260|c_ma120=0.254|vr20=0.783|days_since_lu=0.658|dt_ratio20=NaN|lend_to_v=0.013|rev_yoy=0.030|o_turn=0.041|o_log_mcap=0.049|o_lu_follow=0.348,"官方日成交結構(MI_INDEX/dailyQuotes)=1|發行股數(MI_QFIIS/dailyQuotes)=1|外資持股(MI_QFIIS,僅上市)=0|自營商(T86/上櫃三大法人)=1|當沖(TWTB4U/上櫃intraday)=0|季財報(MOPS t163sb04)=1|月營收(MOPS/openapi)=1|官方產業別(MOPS t05st03)=1|融資券(MI_MARGN)=1|借券(TWT93U)=1|法人(T86)=1",852,inf,250.0,official_prepanel,200.3,2.0,0.0,0.0,0,1,9.784,52.405,23.881,1967.0,0,未扣成本·事後欄位以 m_ 標示·非投資建議
HC,1,2026-01-21,2026-01-22,6492,生華科,TPEx,S,,fV300,S0_atr14@5,110,336,漏網,327,0.029736,,atr14=0.336|n_lu_250=0.770|r20=0.788|c_ma120=0.745|vr20=0.786|days_since_lu=0.483|dt_ratio20=NaN|lend_to_v=0.546|rev_yoy=0.335|o_turn=0.327|o_log_mcap=0.218|o_lu_follow=0.682,"官方日成交結構(MI_INDEX/dailyQuotes)=1|發行股數(MI_QFIIS/dailyQuotes)=1|外資持股(MI_QFIIS,僅上市)=0|自營商(T86/上櫃三大法人)=1|當沖(TWTB4U/上櫃intraday)=0|季財報(MOPS t163sb04)=1|月營收(MOPS/openapi)=1|官方產業別(MOPS t05st03)=1|融資券(MI_MARGN)=1|借券(TWT93U)=1|法人(T86)=1",856,inf,250.0,official_prepanel,264.55,2.0,0.0,0.0,0,1,9.052,31.681,25.0,755.0,0,未扣成本·事後欄位以 m_ 標示·非投資建議
HC,1,2026-01-22,2026-01-23,8045,達運光電,TWSE,S,,fV300,S0_atr14@5,31,338,漏網,973,0.041773,,atr14=0.638|n_lu_250=0.911|r20=0.105|c_ma120=0.009|vr20=0.243|days_since_lu=0.627|dt_ratio20=0.278|lend_to_v=0.867|rev_yoy=0.374|o_turn=0.059|o_log_mcap=0.337|o_lu_follow=0.784,"官方日成交結構(MI_INDEX/dailyQuotes)=1|發行股數(MI_QFIIS/dailyQuotes)=1|外資持股(MI_QFIIS,僅上市)=1|自營商(T86/上櫃三大法人)=1|當沖(TWTB4U/上櫃intraday)=1|季財報(MOPS t163sb04)=1|月營收(MOPS/openapi)=1|官方產業別(MOPS t05st03)=1|融資券(MI_MARGN)=1|借券(TWT93U)=1|法人(T86)=1",273,273.0,250.0,official,162.05,1.0,0.0,0.0,0,1,8.141,14.654,4.206,482.0,0,未扣成本·事後欄位以 m_ 標示·非投資建議
HC,1,2026-01-26,2026-01-27,1732,毛寶,TWSE,S,,fV300,S0_atr14@5,226,335,漏網,1178,0.019892,,atr14=0.133|n_lu_250=0.645|r20=0.196|c_ma120=0.222|vr20=0.924|days_since_lu=0.654|dt_ratio20=0.090|lend_to_v=0.555|rev_yoy=0.369|o_turn=0.633|o_log_mcap=0.011|o_lu_follow=0.096,"官方日成交結構(MI_INDEX/dailyQuotes)=1|發行股數(MI_QFIIS/dailyQuotes)=1|外資持股(MI_QFIIS,僅上市)=1|自營商(T86/上櫃三大法人)=1|當沖(TWTB4U/上櫃intraday)=1|季財報(MOPS t163sb04)=1|月營收(MOPS/openapi)=1|官方產業別(MOPS t05st03)=1|融資券(MI_MARGN)=1|借券(TWT93U)=1|法人(T86)=1",859,inf,250.0,official_prepanel,206.7,2.0,0.0,0.0,0,1,5.19,-2.422,-4.844,2150.0,0,未扣成本·事後欄位以 m_ 標示·非投資建議
HC,1,2026-01-26,2026-01-27,3122,笙泉,TPEx,S,,fV300,S0_atr14@5,52,335,漏網,434,0.036161,,atr14=0.494|n_lu_250=0.858|r20=0.842|c_ma120=0.257|vr20=0.208|days_since_lu=0.101|dt_ratio20=NaN|lend_to_v=0.670|rev_yoy=0.117|o_turn=0.178|o_log_mcap=0.006|o_lu_follow=0.825,"官方日成交結構(MI_INDEX/dailyQuotes)=1|發行股數(MI_QFIIS/dailyQuotes)=1|外資持股(MI_QFIIS,僅上市)=0|自營商(T86/上櫃三大法人)=1|當沖(TWTB4U/上櫃intraday)=1|季財報(MOPS t163sb04)=1|月營收(MOPS/openapi)=1|官方產業別(MOPS t05st03)=1|融資券(MI_MARGN)=1|借券(TWT93U)=1|法人(T86)=1",859,inf,250.0,official_prepanel,171.3,1.0,0.0,0.0,0,1,9.091,0.826,4.339,591.0,0,未扣成本·事後欄位以 m_ 標示·非投資建議
HC,1,2026-01-27,2026-01-28,3555,博士旺,TPEx,S,,fV300,S0_atr14@5,8,329,漏網,231,0.0479,,atr14=0.761|n_lu_250=0.985|r20=0.383|c_ma120=0.834|vr20=0.172|days_since_lu=0.358|dt_ratio20=NaN|lend_to_v=0.105|rev_yoy=0.978|o_turn=0.292|o_log_mcap=0.170|o_lu_follow=0.992,"官方日成交結構(MI_INDEX/dailyQuotes)=1|發行股數(MI_QFIIS/dailyQuotes)=1|外資持股(MI_QFIIS,僅上市)=0|自營商(T86/上櫃三大法人)=1|當沖(TWTB4U/上櫃intraday)=1|季財報(MOPS t163sb04)=1|月營收(MOPS/openapi)=1|官方產業別(MOPS t05st03)=1|融資券(MI_MARGN)=1|借券(TWT93U)=1|法人(T86)=1",860,inf,250.0,official_prepanel,271.7,2.0,0.0,0.0,0,1,6.522,43.021,25.858,781.0,0,未扣成本·事後欄位以 m_ 標示·非投資建議
HC,1,2026-01-28,2026-01-29,6715,嘉基,TWSE,S,,fV300,S0_atr14@5,27,343,漏網,611,0.042726,,atr14=0.646|n_lu_250=0.159|r20=0.535|c_ma120=0.661|vr20=0.523|days_since_lu=0.839|dt_ratio20=0.712|lend_to_v=0.506|rev_yoy=0.467|o_turn=0.111|o_log_mcap=0.346|o_lu_follow=0.532,"官方日成交結構(MI_INDEX/dailyQuotes)=1|發行股數(MI_QFIIS/dailyQuotes)=1|外資持股(MI_QFIIS,僅上市)=1|自營商(T86/上櫃三大法人)=1|當沖(TWTB4U/上櫃intraday)=1|季財報(MOPS t163sb04)=1|月營收(MOPS/openapi)=1|官方產業別(MOPS t05st03)=1|融資券(MI_MARGN)=1|借券(TWT93U)=1|法人(T86)=1",861,inf,250.0,official_prepanel,123.15,1.0,0.0,0.0,0,1,9.633,37.615,31.651,267.0,0,未扣成本·事後欄位以 m_ 標示·非投資建議
HC,1,2026-01-30,2026-02-02,3508,位速,TPEx,S,,fV300,S0_atr14@5,94,337,漏網,539,0.032239,,atr14=0.341|n_lu_250=0.815|r20=0.479|c_ma120=0.470|vr20=0.456|days_since_lu=0.406|dt_ratio20=NaN|lend_to_v=0.015|rev_yoy=0.675|o_turn=0.046|o_log_mcap=0.103|o_lu_follow=0.944,"官方日成交結構(MI_INDEX/dailyQuotes)=1|發行股數(MI_QFIIS/dailyQuotes)=1|外資持股(MI_QFIIS,僅上市)=0|自營商(T86/上櫃三大法人)=1|當沖(TWTB4U/上櫃intraday)=0|季財報(MOPS t163sb04)=1|月營收(MOPS/openapi)=1|官方產業別(MOPS t05st03)=1|融資券(MI_MARGN)=1|借券(TWT93U)=1|法人(T86)=1",863,inf,250.0,official_prepanel,155.15,1.0,0.0,0.0,0,1,4.528,37.795,52.165,1367.0,0,未扣成本·事後欄位以 m_ 標示·非投資建議
HC,1,2026-02-03,2026-02-04,7709,榮田,TPEx,S,,fV300|fH125,S0_atr14@5,7,334,漏網,28,0.056589,,atr14=0.798|n_lu_250=0.317|r20=0.991|c_ma120=0.968|vr20=0.963|days_since_lu=0.017|dt_ratio20=NaN|lend_to_v=NaN|rev_yoy=0.586|o_turn=0.694|o_log_mcap=0.091|o_lu_follow=0.348,"官方日成交結構(MI_INDEX/dailyQuotes)=1|發行股數(MI_QFIIS/dailyQuotes)=1|外資持股(MI_QFIIS,僅上市)=0|自營商(T86/上櫃三大法人)=1|當沖(TWTB4U/上櫃intraday)=0|季財報(MOPS t163sb04)=1|月營收(MOPS/openapi)=1|官方產業別(MOPS t05st03)=1|融資券(MI_MARGN)=0|借券(TWT93U)=0|法人(T86)=1",235,235.0,235.0,official,198.9,1.0,0.0,3.0,1,0,0.0,1.881,-2.978,375.0,0,未扣成本·事後欄位以 m_ 標示·非投資建議
HC,1,2026-02-10,2026-02-11,4523,永彰,TPEx,S,,fV300,S0_atr14@5,134,342,漏網,958,0.030326,,atr14=0.296|n_lu_250=0.314|r20=0.734|c_ma120=0.138|vr20=0.361|days_since_lu=0.249|dt_ratio20=NaN|lend_to_v=0.485|rev_yoy=0.033|o_turn=0.216|o_log_mcap=0.056|o_lu_follow=0.341,"官方日成交結構(MI_INDEX/dailyQuotes)=1|發行股數(MI_QFIIS/dailyQuotes)=1|外資持股(MI_QFIIS,僅上市)=0|自營商(T86/上櫃三大法人)=1|當沖(TWTB4U/上櫃intraday)=1|季財報(MOPS t163sb04)=1|月營收(MOPS/openapi)=1|官方產業別(MOPS t05st03)=1|融資券(MI_MARGN)=1|借券(TWT93U)=1|法人(T86)=1",870,inf,250.0,official_prepanel,284.15,2.0,0.0,0.0,1,0,0.0,11.005,7.974,615.0,0,未扣成本·事後欄位以 m_ 標示·非投資建議
HC,1,2026-02-10,2026-02-11,7740,熙特爾-創,TWSE,S,,fV300,S0_atr14@5,43,342,漏網,1743,0.042464,,atr14=0.531|n_lu_250=0.155|r20=0.033|c_ma120=0.006|vr20=0.570|days_since_lu=0.301|dt_ratio20=0.271|lend_to_v=0.284|rev_yoy=0.996|o_turn=0.189|o_log_mcap=0.391|o_lu_follow=0.513,"官方日成交結構(MI_INDEX/dailyQuotes)=1|發行股數(MI_QFIIS/dailyQuotes)=1|外資持股(MI_QFIIS,僅上市)=1|自營商(T86/上櫃三大法人)=1|當沖(TWTB4U/上櫃intraday)=1|季財報(MOPS t163sb04)=1|月營收(MOPS/openapi)=1|官方產業別(MOPS t05st03)=1|融資券(MI_MARGN)=1|借券(TWT93U)=1|法人(T86)=1",166,166.0,166.0,official,126.05,1.0,0.0,0.0,0,1,9.215,26.28,33.788,359.0,0,未扣成本·事後欄位以 m_ 標示·非投資建議
HC,1,2026-02-24,2026-02-25,6230,尼得科超眾,TWSE,S,,fV300,S0_atr14@5,16,343,漏網,260,0.046978,,atr14=0.701|n_lu_250=0.629|r20=0.839|c_ma120=0.445|vr20=0.670|days_since_lu=0.593|dt_ratio20=0.561|lend_to_v=0.561|rev_yoy=0.473|o_turn=0.090|o_log_mcap=0.493|o_lu_follow=0.105,"官方日成交結構(MI_INDEX/dailyQuotes)=1|發行股數(MI_QFIIS/dailyQuotes)=1|外資持股(MI_QFIIS,僅上市)=1|自營商(T86/上櫃三大法人)=1|當沖(TWTB4U/上櫃intraday)=1|季財報(MOPS t163sb04)=1|月營收(MOPS/openapi)=1|官方產業別(MOPS t05st03)=1|融資券(MI_MARGN)=1|借券(TWT93U)=1|法人(T86)=1",873,inf,250.0,official_prepanel,134.85,1.0,0.0,0.0,0,1,7.116,20.599,28.839,437.0,0,未扣成本·事後欄位以 m_ 標示·非投資建議
HC,1,2026-02-25,2026-02-26,6141,柏承,TWSE,S,,fV300,S0_atr14@5,137,354,漏網,855,0.030341,,atr14=0.333|n_lu_250=0.698|r20=0.329|c_ma120=0.298|vr20=0.823|days_since_lu=0.344|dt_ratio20=NaN|lend_to_v=0.018|rev_yoy=0.552|o_turn=0.300|o_log_mcap=0.018|o_lu_follow=0.934,"官方日成交結構(MI_INDEX/dailyQuotes)=1|發行股數(MI_QFIIS/dailyQuotes)=1|外資持股(MI_QFIIS,僅上市)=1|自營商(T86/上櫃三大法人)=1|當沖(TWTB4U/上櫃intraday)=0|季財報(MOPS t163sb04)=1|月營收(MOPS/openapi)=1|官方產業別(MOPS t05st03)=1|融資券(MI_MARGN)=1|借券(TWT93U)=1|法人(T86)=1",874,inf,250.0,official_prepanel,266.25,2.0,0.0,0.0,0,1,10.714,60.714,62.5,1520.0,0,未扣成本·事後欄位以 m_ 標示·非投資建議
HC,1,2026-02-25,2026-02-26,6689,伊雲谷,TWSE,S,,fV300,S0_atr14@5,127,354,漏網,1324,0.031154,,atr14=0.352|n_lu_250=0.161|r20=0.533|c_ma120=0.089|vr20=0.540|days_since_lu=0.843|dt_ratio20=0.243|lend_to_v=0.797|rev_yoy=0.265|o_turn=0.329|o_log_mcap=0.214|o_lu_follow=0.534,"官方日成交結構(MI_INDEX/dailyQuotes)=1|發行股數(MI_QFIIS/dailyQuotes)=1|外資持股(MI_QFIIS,僅上市)=1|自營商(T86/上櫃三大法人)=1|當沖(TWTB4U/上櫃intraday)=1|季財報(MOPS t163sb04)=1|月營收(MOPS/openapi)=1|官方產業別(MOPS t05st03)=1|融資券(MI_MARGN)=1|借券(TWT93U)=1|法人(T86)=1",834,834.0,250.0,official,294.3,2.0,0.0,0.0,0,1,5.405,14.149,13.672,1229.0,0,未扣成本·事後欄位以 m_ 標示·非投資建議
HC,1,2026-02-26,2026-03-02,2616,山隆,TWSE,S,,fV300,S0_atr14@5,266,346,漏網,1606,0.018645,,atr14=0.092|n_lu_250=0.029|r20=0.484|c_ma120=0.271|vr20=0.617|days_since_lu=0.979|dt_ratio20=0.002|lend_to_v=0.568|rev_yoy=0.404|o_turn=0.024|o_log_mcap=0.045|o_lu_follow=0.749,"官方日成交結構(MI_INDEX/dailyQuotes)=1|發行股數(MI_QFIIS/dailyQuotes)=1|外資持股(MI_QFIIS,僅上市)=1|自營商(T86/上櫃三大法人)=1|當沖(TWTB4U/上櫃intraday)=1|季財報(MOPS t163sb04)=1|月營收(MOPS/openapi)=1|官方產業別(MOPS t05st03)=1|融資券(MI_MARGN)=1|借券(TWT93U)=1|法人(T86)=1",875,inf,250.0,official_prepanel,109.4,1.0,0.0,0.0,0,1,0.336,45.973,17.785,890.0,0,未扣成本·事後欄位以 m_ 標示·非投資建議
HC,1,2026-02-26,2026-03-02,6124,業強,TPEx,S,,fV300,S0_atr14@5,24,346,漏網,149,0.045837,,atr14=0.722|n_lu_250=0.887|r20=0.660|c_ma120=0.799|vr20=0.974|days_since_lu=0.011|dt_ratio20=NaN|lend_to_v=0.262|rev_yoy=0.803|o_turn=0.268|o_log_mcap=0.302|o_lu_follow=0.414,"官方日成交結構(MI_INDEX/dailyQuotes)=1|發行股數(MI_QFIIS/dailyQuotes)=1|外資持股(MI_QFIIS,僅上市)=0|自營商(T86/上櫃三大法人)=1|當沖(TWTB4U/上櫃intraday)=1|季財報(MOPS t163sb04)=1|月營收(MOPS/openapi)=1|官方產業別(MOPS t05st03)=1|融資券(MI_MARGN)=1|借券(TWT93U)=1|法人(T86)=1",875,inf,250.0,official_prepanel,153.95,1.0,0.0,0.0,0,1,10.932,17.203,7.717,546.0,0,未扣成本·事後欄位以 m_ 標示·非投資建議
HC,1,2026-03-02,2026-03-03,5011,久陽,TPEx,S,,fV300,S0_atr14@5,65,349,漏網,323,0.037466,,atr14=0.518|n_lu_250=0.648|r20=0.549|c_ma120=0.811|vr20=0.962|days_since_lu=0.011|dt_ratio20=NaN|lend_to_v=0.432|rev_yoy=0.092|o_turn=0.623|o_log_mcap=0.017|o_lu_follow=0.958,"官方日成交結構(MI_INDEX/dailyQuotes)=1|發行股數(MI_QFIIS/dailyQuotes)=1|外資持股(MI_QFIIS,僅上市)=0|自營商(T86/上櫃三大法人)=1|當沖(TWTB4U/上櫃intraday)=1|季財報(MOPS t163sb04)=1|月營收(MOPS/openapi)=1|官方產業別(MOPS t05st03)=1|融資券(MI_MARGN)=1|借券(TWT93U)=1|法人(T86)=1",876,inf,250.0,official_prepanel,284.15,2.0,0.0,0.0,0,1,9.398,10.902,5.263,1237.0,0,未扣成本·事後欄位以 m_ 標示·非投資建議
HC,1,2026-03-04,2026-03-05,2380,虹光,TWSE,S,,fP10|fV300,S0_atr14@5,156,352,漏網,475,0.031714,,atr14=0.294|n_lu_250=0.973|r20=0.677|c_ma120=0.352|vr20=0.918|days_since_lu=0.005|dt_ratio20=NaN|lend_to_v=0.017|rev_yoy=0.642|o_turn=0.039|o_log_mcap=0.009|o_lu_follow=0.980,"官方日成交結構(MI_INDEX/dailyQuotes)=1|發行股數(MI_QFIIS/dailyQuotes)=1|外資持股(MI_QFIIS,僅上市)=1|自營商(T86/上櫃三大法人)=0|當沖(TWTB4U/上櫃intraday)=0|季財報(MOPS t163sb04)=1|月營收(MOPS/openapi)=1|官方產業別(MOPS t05st03)=1|融資券(MI_MARGN)=1|借券(TWT93U)=1|法人(T86)=0",878,inf,250.0,official_prepanel,174.0,1.0,0.0,0.0,0,1,7.632,17.417,18.787,601.0,0,未扣成本·事後欄位以 m_ 標示·非投資建議
HC,1,2026-03-05,2026-03-06,9931,欣高,TWSE,S,,fV300,S0_atr14@5,275,354,漏網,536,0.020444,,atr14=0.088|n_lu_250=0.169|r20=0.978|c_ma120=0.913|vr20=1.000|days_since_lu=0.001|dt_ratio20=NaN|lend_to_v=0.056|rev_yoy=0.498|o_turn=0.858|o_log_mcap=0.274|o_lu_follow=0.537,"官方日成交結構(MI_INDEX/dailyQuotes)=1|發行股數(MI_QFIIS/dailyQuotes)=1|外資持股(MI_QFIIS,僅上市)=1|自營商(T86/上櫃三大法人)=1|當沖(TWTB4U/上櫃intraday)=1|季財報(MOPS t163sb04)=1|月營收(MOPS/openapi)=1|官方產業別(MOPS t05st03)=1|融資券(MI_MARGN)=1|借券(TWT93U)=1|法人(T86)=1",879,inf,250.0,official_prepanel,170.95,1.0,0.0,1.0,0,1,0.323,-8.602,-10.108,1134.0,0,未扣成本·事後欄位以 m_ 標示·非投資建議
HC,1,2026-03-09,2026-03-10,2243,宏旭-KY,TWSE,S,,fV300,S0_atr14@5,290,366,漏網,425,0.022263,,atr14=0.080|n_lu_250=0.901|r20=0.796|c_ma120=0.563|vr20=0.920|days_since_lu=0.489|dt_ratio20=NaN|lend_to_v=0.016|rev_yoy=0.891|o_turn=0.516|o_log_mcap=0.000|o_lu_follow=0.883,"官方日成交結構(MI_INDEX/dailyQuotes)=1|發行股數(MI_QFIIS/dailyQuotes)=1|外資持股(MI_QFIIS,僅上市)=1|自營商(T86/上櫃三大法人)=1|當沖(TWTB4U/上櫃intraday)=0|季財報(MOPS t163sb04)=1|月營收(MOPS/openapi)=1|官方產業別(MOPS t05st03)=1|融資券(MI_MARGN)=1|借券(TWT93U)=1|法人(T86)=1",881,inf,250.0,official_prepanel,263.9,2.0,0.0,0.0,1,0,0.0,35.039,49.606,391.0,0,未扣成本·事後欄位以 m_ 標示·非投資建議
HC,1,2026-03-09,2026-03-10,5484,慧友,TWSE,S,,fV300,S0_atr14@5,85,366,漏網,1148,0.043651,,atr14=0.447|n_lu_250=0.878|r20=0.038|c_ma120=0.134|vr20=0.535|days_since_lu=0.291|dt_ratio20=NaN|lend_to_v=0.016|rev_yoy=0.926|o_turn=0.338|o_log_mcap=0.073|o_lu_follow=0.923,"官方日成交結構(MI_INDEX/dailyQuotes)=1|發行股數(MI_QFIIS/dailyQuotes)=1|外資持股(MI_QFIIS,僅上市)=1|自營商(T86/上櫃三大法人)=1|當沖(TWTB4U/上櫃intraday)=0|季財報(MOPS t163sb04)=1|月營收(MOPS/openapi)=1|官方產業別(MOPS t05st03)=1|融資券(MI_MARGN)=1|借券(TWT93U)=1|法人(T86)=1",881,inf,250.0,official_prepanel,281.75,2.0,0.0,0.0,1,0,0.0,10.383,7.24,168.0,0,未扣成本·事後欄位以 m_ 標示·非投資建議
HC,1,2026-03-10,2026-03-11,2425,承啟,TWSE,S,,fV300,S0_atr14@5,153,374,漏網,1503,0.03627,,atr14=0.320|n_lu_250=0.461|r20=0.235|c_ma120=0.130|vr20=0.652|days_since_lu=0.712|dt_ratio20=0.267|lend_to_v=0.893|rev_yoy=0.772|o_turn=0.183|o_log_mcap=0.086|o_lu_follow=0.238,"官方日成交結構(MI_INDEX/dailyQuotes)=1|發行股數(MI_QFIIS/dailyQuotes)=1|外資持股(MI_QFIIS,僅上市)=1|自營商(T86/上櫃三大法人)=1|當沖(TWTB4U/上櫃intraday)=1|季財報(MOPS t163sb04)=1|月營收(MOPS/openapi)=1|官方產業別(MOPS t05st03)=1|融資券(MI_MARGN)=1|借券(TWT93U)=1|法人(T86)=1",882,inf,250.0,official_prepanel,213.85,2.0,0.0,0.0,1,0,0.0,10.088,4.248,526.0,0,未扣成本·事後欄位以 m_ 標示·非投資建議
HC,1,2026-03-10,2026-03-11,6148,驊宏資,TPEx,S,,fV300,S0_atr14@5,117,374,漏網,1139,0.040121,,atr14=0.404|n_lu_250=0.978|r20=0.095|c_ma120=0.024|vr20=0.548|days_since_lu=0.457|dt_ratio20=NaN|lend_to_v=0.665|rev_yoy=0.095|o_turn=0.439|o_log_mcap=0.025|o_lu_follow=0.902,"官方日成交結構(MI_INDEX/dailyQuotes)=1|發行股數(MI_QFIIS/dailyQuotes)=1|外資持股(MI_QFIIS,僅上市)=0|自營商(T86/上櫃三大法人)=1|當沖(TWTB4U/上櫃intraday)=1|季財報(MOPS t163sb04)=1|月營收(MOPS/openapi)=1|官方產業別(MOPS t05st03)=1|融資券(MI_MARGN)=1|借券(TWT93U)=1|法人(T86)=1",882,inf,250.0,official_prepanel,257.95,2.0,0.0,0.0,0,1,9.194,23.548,15.645,394.0,0,未扣成本·事後欄位以 m_ 標示·非投資建議
HC,1,2026-03-10,2026-03-11,6419,京晨科,TPEx,S,,fV300,S0_atr14@5,16,374,漏網,133,0.057484,,atr14=0.717|n_lu_250=0.955|r20=0.747|c_ma120=0.839|vr20=0.490|days_since_lu=0.383|dt_ratio20=NaN|lend_to_v=0.185|rev_yoy=0.157|o_turn=0.552|o_log_mcap=0.003|o_lu_follow=0.954,"官方日成交結構(MI_INDEX/dailyQuotes)=1|發行股數(MI_QFIIS/dailyQuotes)=1|外資持股(MI_QFIIS,僅上市)=0|自營商(T86/上櫃三大法人)=1|當沖(TWTB4U/上櫃intraday)=1|季財報(MOPS t163sb04)=1|月營收(MOPS/openapi)=1|官方產業別(MOPS t05st03)=1|融資券(MI_MARGN)=1|借券(TWT93U)=1|法人(T86)=1",882,inf,250.0,official_prepanel,112.3,1.0,0.0,0.0,1,0,0.0,17.625,3.321,116.0,0,未扣成本·事後欄位以 m_ 標示·非投資建議
HC,1,2026-03-12,2026-03-13,6167,久正,TPEx,S,,fV300|fH125,S0_atr14@5,149,379,漏網,415,0.036607,,atr14=0.333|n_lu_250=0.762|r20=0.658|c_ma120=0.474|vr20=0.887|days_since_lu=0.435|dt_ratio20=NaN|lend_to_v=0.643|rev_yoy=0.373|o_turn=0.258|o_log_mcap=0.026|o_lu_follow=0.671,"官方日成交結構(MI_INDEX/dailyQuotes)=1|發行股數(MI_QFIIS/dailyQuotes)=1|外資持股(MI_QFIIS,僅上市)=0|自營商(T86/上櫃三大法人)=1|當沖(TWTB4U/上櫃intraday)=1|季財報(MOPS t163sb04)=1|月營收(MOPS/openapi)=1|官方產業別(MOPS t05st03)=1|融資券(MI_MARGN)=1|借券(TWT93U)=1|法人(T86)=1",884,inf,250.0,official_prepanel,237.85,2.0,0.0,0.0,0,1,7.755,28.163,15.102,5340.0,0,未扣成本·事後欄位以 m_ 標示·非投資建議
HC,1,2026-03-13,2026-03-16,3086,華義*,TPEx,S,,fV300,S0_atr14@5,16,378,漏網,368,0.058076,,atr14=0.709|n_lu_250=0.643|r20=0.450|c_ma120=0.660|vr20=0.670|days_since_lu=0.536|dt_ratio20=NaN|lend_to_v=0.173|rev_yoy=0.237|o_turn=0.557|o_log_mcap=0.281|o_lu_follow=0.104,"官方日成交結構(MI_INDEX/dailyQuotes)=1|發行股數(MI_QFIIS/dailyQuotes)=1|外資持股(MI_QFIIS,僅上市)=0|自營商(T86/上櫃三大法人)=1|當沖(TWTB4U/上櫃intraday)=1|季財報(MOPS t163sb04)=1|月營收(MOPS/openapi)=1|官方產業別(MOPS t05st03)=1|融資券(MI_MARGN)=1|借券(TWT93U)=1|法人(T86)=1",885,inf,250.0,official_prepanel,168.3,1.0,0.0,0.0,0,1,7.965,31.195,31.195,338.0,0,未扣成本·事後欄位以 m_ 標示·非投資建議
HC,1,2026-03-13,2026-03-16,6834,天二科技,TWSE,S,,fV300,S0_atr14@5,48,378,漏網,606,0.048123,,atr14=0.545|n_lu_250=0.814|r20=0.277|c_ma120=0.348|vr20=0.111|days_since_lu=0.336|dt_ratio20=0.528|lend_to_v=0.560|rev_yoy=0.541|o_turn=0.072|o_log_mcap=0.069|o_lu_follow=0.654,"官方日成交結構(MI_INDEX/dailyQuotes)=1|發行股數(MI_QFIIS/dailyQuotes)=1|外資持股(MI_QFIIS,僅上市)=1|自營商(T86/上櫃三大法人)=1|當沖(TWTB4U/上櫃intraday)=1|季財報(MOPS t163sb04)=1|月營收(MOPS/openapi)=1|官方產業別(MOPS t05st03)=1|融資券(MI_MARGN)=1|借券(TWT93U)=1|法人(T86)=1",852,852.0,250.0,official,284.05,2.0,0.0,0.0,0,1,7.785,8.304,4.844,529.0,0,未扣成本·事後欄位以 m_ 標示·非投資建議
HC,1,2026-03-16,2026-03-17,7711,永擎,TWSE,S,,fV300|fH125,S0_atr14@5,42,378,漏網,1825,0.049261,,atr14=0.581|n_lu_250=0.032|r20=0.230|c_ma120=NaN|vr20=0.462|days_since_lu=0.975|dt_ratio20=NaN|lend_to_v=NaN|rev_yoy=0.514|o_turn=0.253|o_log_mcap=0.555|o_lu_follow=0.751,"官方日成交結構(MI_INDEX/dailyQuotes)=1|發行股數(MI_QFIIS/dailyQuotes)=1|外資持股(MI_QFIIS,僅上市)=1|自營商(T86/上櫃三大法人)=1|當沖(TWTB4U/上櫃intraday)=0|季財報(MOPS t163sb04)=1|月營收(MOPS/openapi)=1|官方產業別(MOPS t05st03)=1|融資券(MI_MARGN)=0|借券(TWT93U)=0|法人(T86)=1",74,74.0,74.0,official,280.35,2.0,0.0,0.0,0,1,10.67,43.176,34.243,516.0,0,未扣成本·事後欄位以 m_ 標示·非投資建議
HC,1,2026-03-16,2026-03-17,8176,智捷,TPEx,S,,fV300,S0_atr14@5,242,378,漏網,658,0.027851,,atr14=0.155|n_lu_250=0.639|r20=0.460|c_ma120=0.502|vr20=0.721|days_since_lu=0.593|dt_ratio20=NaN|lend_to_v=0.017|rev_yoy=0.533|o_turn=0.141|o_log_mcap=0.000|o_lu_follow=0.793,"官方日成交結構(MI_INDEX/dailyQuotes)=1|發行股數(MI_QFIIS/dailyQuotes)=1|外資持股(MI_QFIIS,僅上市)=0|自營商(T86/上櫃三大法人)=1|當沖(TWTB4U/上櫃intraday)=0|季財報(MOPS t163sb04)=1|月營收(MOPS/openapi)=1|官方產業別(MOPS t05st03)=1|融資券(MI_MARGN)=1|借券(TWT93U)=1|法人(T86)=1",886,inf,250.0,official_prepanel,113.4,1.0,0.0,0.0,0,1,8.636,13.182,3.182,553.0,0,未扣成本·事後欄位以 m_ 標示·非投資建議
HC,1,2026-03-19,2026-03-20,2025,千興,TWSE,S,,fV300,S0_atr14@5,62,374,漏網,692,0.045024,,atr14=0.502|n_lu_250=0.893|r20=0.068|c_ma120=0.371|vr20=0.317|days_since_lu=0.416|dt_ratio20=NaN|lend_to_v=0.016|rev_yoy=0.271|o_turn=0.015|o_log_mcap=0.030|o_lu_follow=0.708,"官方日成交結構(MI_INDEX/dailyQuotes)=1|發行股數(MI_QFIIS/dailyQuotes)=1|外資持股(MI_QFIIS,僅上市)=1|自營商(T86/上櫃三大法人)=1|當沖(TWTB4U/上櫃intraday)=0|季財報(MOPS t163sb04)=1|月營收(MOPS/openapi)=1|官方產業別(MOPS t05st03)=1|融資券(MI_MARGN)=1|借券(TWT93U)=1|法人(T86)=1",889,inf,250.0,official_prepanel,154.65,1.0,0.0,0.0,0,1,9.434,9.434,6.604,546.0,0,未扣成本·事後欄位以 m_ 標示·非投資建議
HC,1,2026-03-25,2026-03-26,6277,宏正,TWSE,S,,fV300,S0_atr14@5,319,376,漏網,1258,0.018247,,atr14=0.043|n_lu_250=0.169|r20=0.567|c_ma120=0.409|vr20=0.190|days_since_lu=0.839|dt_ratio20=0.156|lend_to_v=0.655|rev_yoy=0.678|o_turn=0.005|o_log_mcap=0.331|o_lu_follow=0.528,"官方日成交結構(MI_INDEX/dailyQuotes)=1|發行股數(MI_QFIIS/dailyQuotes)=1|外資持股(MI_QFIIS,僅上市)=1|自營商(T86/上櫃三大法人)=1|當沖(TWTB4U/上櫃intraday)=1|季財報(MOPS t163sb04)=1|月營收(MOPS/openapi)=1|官方產業別(MOPS t05st03)=1|融資券(MI_MARGN)=1|借券(TWT93U)=1|法人(T86)=1",893,inf,250.0,official_prepanel,100.1,1.0,0.0,0.0,0,1,8.278,19.536,12.583,913.0,0,未扣成本·事後欄位以 m_ 標示·非投資建議
HC,1,2026-03-25,2026-03-26,6609,瀧澤科,TPEx,S,,fV300,S0_atr14@5,145,376,漏網,1313,0.034369,,atr14=0.325|n_lu_250=0.554|r20=0.100|c_ma120=0.209|vr20=0.905|days_since_lu=0.378|dt_ratio20=NaN|lend_to_v=0.763|rev_yoy=0.155|o_turn=0.485|o_log_mcap=0.080|o_lu_follow=0.150,"官方日成交結構(MI_INDEX/dailyQuotes)=1|發行股數(MI_QFIIS/dailyQuotes)=1|外資持股(MI_QFIIS,僅上市)=0|自營商(T86/上櫃三大法人)=1|當沖(TWTB4U/上櫃intraday)=1|季財報(MOPS t163sb04)=1|月營收(MOPS/openapi)=1|官方產業別(MOPS t05st03)=1|融資券(MI_MARGN)=1|借券(TWT93U)=1|法人(T86)=1",893,inf,250.0,official_prepanel,192.25,1.0,0.0,0.0,1,0,0.0,5.27,0.132,366.0,0,未扣成本·事後欄位以 m_ 標示·非投資建議
HC,1,2026-03-25,2026-03-26,7721,微程式,TWSE,S,,fV300,S0_atr14@5,50,376,漏網,452,0.043463,,atr14=0.536|n_lu_250=0.457|r20=0.773|c_ma120=0.359|vr20=0.691|days_since_lu=0.288|dt_ratio20=0.452|lend_to_v=0.134|rev_yoy=0.829|o_turn=0.343|o_log_mcap=0.097|o_lu_follow=0.223,"官方日成交結構(MI_INDEX/dailyQuotes)=1|發行股數(MI_QFIIS/dailyQuotes)=1|外資持股(MI_QFIIS,僅上市)=1|自營商(T86/上櫃三大法人)=1|當沖(TWTB4U/上櫃intraday)=1|季財報(MOPS t163sb04)=1|月營收(MOPS/openapi)=1|官方產業別(MOPS t05st03)=1|融資券(MI_MARGN)=1|借券(TWT93U)=1|法人(T86)=1",158,158.0,158.0,official,189.85,1.0,0.0,0.0,0,1,9.862,51.677,65.68,486.0,0,未扣成本·事後欄位以 m_ 標示·非投資建議
HC,1,2026-03-27,2026-03-30,1906,寶隆,TWSE,S,,fV300,S0_atr14@5,157,385,漏網,1213,0.031056,,atr14=0.312|n_lu_250=0.162|r20=0.524|c_ma120=0.287|vr20=0.990|days_since_lu=0.844|dt_ratio20=0.130|lend_to_v=0.492|rev_yoy=0.041|o_turn=0.458|o_log_mcap=0.026|o_lu_follow=0.517,"官方日成交結構(MI_INDEX/dailyQuotes)=1|發行股數(MI_QFIIS/dailyQuotes)=1|外資持股(MI_QFIIS,僅上市)=1|自營商(T86/上櫃三大法人)=1|當沖(TWTB4U/上櫃intraday)=1|季財報(MOPS t163sb04)=1|月營收(MOPS/openapi)=1|官方產業別(MOPS t05st03)=1|融資券(MI_MARGN)=1|借券(TWT93U)=1|法人(T86)=1",895,inf,250.0,official_prepanel,166.0,1.0,0.0,0.0,0,1,7.203,0.847,0.847,1717.0,0,未扣成本·事後欄位以 m_ 標示·非投資建議
HC,1,2026-03-27,2026-03-30,3552,同致,TPEx,S,,fV300,S0_atr14@5,136,385,漏網,1376,0.032501,,atr14=0.348|n_lu_250=0.437|r20=0.369|c_ma120=0.029|vr20=0.776|days_since_lu=0.698|dt_ratio20=NaN|lend_to_v=0.817|rev_yoy=0.508|o_turn=0.221|o_log_mcap=0.217|o_lu_follow=0.224,"官方日成交結構(MI_INDEX/dailyQuotes)=1|發行股數(MI_QFIIS/dailyQuotes)=1|外資持股(MI_QFIIS,僅上市)=0|自營商(T86/上櫃三大法人)=1|當沖(TWTB4U/上櫃intraday)=1|季財報(MOPS t163sb04)=1|月營收(MOPS/openapi)=1|官方產業別(MOPS t05st03)=1|融資券(MI_MARGN)=1|借券(TWT93U)=1|法人(T86)=1",895,inf,250.0,official_prepanel,191.3,1.0,0.0,0.0,0,1,9.833,12.343,15.481,669.0,0,未扣成本·事後欄位以 m_ 標示·非投資建議
HC,1,2026-03-30,2026-03-31,1338,廣華-KY,TWSE,S,,fV300,S0_atr14@5,191,385,漏網,1812,0.028421,,atr14=0.240|n_lu_250=0.032|r20=0.020|c_ma120=0.011|vr20=0.044|days_since_lu=0.939|dt_ratio20=0.035|lend_to_v=0.348|rev_yoy=0.159|o_turn=0.034|o_log_mcap=0.006|o_lu_follow=0.758,"官方日成交結構(MI_INDEX/dailyQuotes)=1|發行股數(MI_QFIIS/dailyQuotes)=1|外資持股(MI_QFIIS,僅上市)=1|自營商(T86/上櫃三大法人)=1|當沖(TWTB4U/上櫃intraday)=1|季財報(MOPS t163sb04)=1|月營收(MOPS/openapi)=1|官方產業別(MOPS t05st03)=1|融資券(MI_MARGN)=1|借券(TWT93U)=1|法人(T86)=1",896,inf,250.0,official_prepanel,241.95,2.0,0.0,0.0,0,1,4.0,7.0,9.0,376.0,0,未扣成本·事後欄位以 m_ 標示·非投資建議
HC,2,2026-04-01,2026-04-02,4549,桓達,TPEx,S,,fV300,S0_atr14@5,217,386,漏網,1500,0.026644,,atr14=0.215|n_lu_250=0.604|r20=0.144|c_ma120=0.057|vr20=0.941|days_since_lu=0.601|dt_ratio20=NaN|lend_to_v=0.903|rev_yoy=0.062|o_turn=0.433|o_log_mcap=0.244|o_lu_follow=0.700,"官方日成交結構(MI_INDEX/dailyQuotes)=1|發行股數(MI_QFIIS/dailyQuotes)=1|外資持股(MI_QFIIS,僅上市)=0|自營商(T86/上櫃三大法人)=1|當沖(TWTB4U/上櫃intraday)=1|季財報(MOPS t163sb04)=1|月營收(MOPS/openapi)=1|官方產業別(MOPS t05st03)=1|融資券(MI_MARGN)=1|借券(TWT93U)=1|法人(T86)=1",898,inf,250.0,official_prepanel,114.25,1.0,0.0,0.0,0,1,9.481,8.916,12.302,908.0,0,未扣成本·事後欄位以 m_ 標示·非投資建議
HC,2,2026-04-01,2026-04-02,6933,AMAX-KY,TWSE,S,,fV300,S0_atr14@5,72,386,漏網,635,0.042745,,atr14=0.526|n_lu_250=0.939|r20=0.436|c_ma120=0.063|vr20=0.377|days_since_lu=0.265|dt_ratio20=0.532|lend_to_v=0.650|rev_yoy=0.202|o_turn=0.159|o_log_mcap=0.266|o_lu_follow=0.977,"官方日成交結構(MI_INDEX/dailyQuotes)=1|發行股數(MI_QFIIS/dailyQuotes)=1|外資持股(MI_QFIIS,僅上市)=1|自營商(T86/上櫃三大法人)=1|當沖(TWTB4U/上櫃intraday)=1|季財報(MOPS t163sb04)=1|月營收(MOPS/openapi)=1|官方產業別(MOPS t05st03)=1|融資券(MI_MARGN)=1|借券(TWT93U)=1|法人(T86)=1",579,579.0,250.0,official,129.1,1.0,0.0,0.0,0,1,6.489,35.878,49.618,337.0,0,未扣成本·事後欄位以 m_ 標示·非投資建議
HC,2,2026-04-07,2026-04-08,4569,六方科-KY,TWSE,S,,fV300,S0_atr14@5,35,384,漏網,1053,0.050388,,atr14=0.608|n_lu_250=0.700|r20=0.027|c_ma120=0.128|vr20=0.210|days_since_lu=0.159|dt_ratio20=0.694|lend_to_v=0.570|rev_yoy=0.349|o_turn=0.205|o_log_mcap=0.187|o_lu_follow=0.040,"官方日成交結構(MI_INDEX/dailyQuotes)=1|發行股數(MI_QFIIS/dailyQuotes)=1|外資持股(MI_QFIIS,僅上市)=1|自營商(T86/上櫃三大法人)=1|當沖(TWTB4U/上櫃intraday)=1|季財報(MOPS t163sb04)=1|月營收(MOPS/openapi)=1|官方產業別(MOPS t05st03)=1|融資券(MI_MARGN)=1|借券(TWT93U)=1|法人(T86)=1",649,649.0,250.0,official,133.45,1.0,0.0,0.0,0,1,0.355,24.823,39.007,85.0,0,未扣成本·事後欄位以 m_ 標示·非投資建議
HC,2,2026-04-08,2026-04-09,1591,駿吉-KY,TPEx,S,,fV300,S0_atr14@5,56,379,漏網,981,0.044835,,atr14=0.577|n_lu_250=0.320|r20=0.325|c_ma120=0.181|vr20=0.732|days_since_lu=0.640|dt_ratio20=NaN|lend_to_v=0.642|rev_yoy=0.980|o_turn=0.546|o_log_mcap=0.030|o_lu_follow=0.325,"官方日成交結構(MI_INDEX/dailyQuotes)=1|發行股數(MI_QFIIS/dailyQuotes)=1|外資持股(MI_QFIIS,僅上市)=0|自營商(T86/上櫃三大法人)=1|當沖(TWTB4U/上櫃intraday)=1|季財報(MOPS t163sb04)=1|月營收(MOPS/openapi)=1|官方產業別(MOPS t05st03)=1|融資券(MI_MARGN)=1|借券(TWT93U)=1|法人(T86)=1",901,inf,250.0,official_prepanel,208.1,2.0,0.0,0.0,1,0,0.0,21.775,30.857,635.0,0,未扣成本·事後欄位以 m_ 標示·非投資建議
HC,2,2026-04-08,2026-04-09,5228,鈺鎧,TPEx,S,,fV300,S0_atr14@5,9,379,漏網,156,0.066438,,atr14=0.840|n_lu_250=0.883|r20=0.673|c_ma120=0.679|vr20=0.086|days_since_lu=0.229|dt_ratio20=NaN|lend_to_v=0.236|rev_yoy=0.204|o_turn=0.287|o_log_mcap=0.001|o_lu_follow=0.849,"官方日成交結構(MI_INDEX/dailyQuotes)=1|發行股數(MI_QFIIS/dailyQuotes)=1|外資持股(MI_QFIIS,僅上市)=0|自營商(T86/上櫃三大法人)=1|當沖(TWTB4U/上櫃intraday)=1|季財報(MOPS t163sb04)=1|月營收(MOPS/openapi)=1|官方產業別(MOPS t05st03)=1|融資券(MI_MARGN)=1|借券(TWT93U)=1|法人(T86)=1",901,inf,250.0,official_prepanel,270.25,2.0,0.0,0.0,1,0,0.0,22.068,35.388,159.0,0,未扣成本·事後欄位以 m_ 標示·非投資建議
HC,2,2026-04-10,2026-04-13,3467,台灣精材,TPEx,S,,fV300,S0_atr14@5,23,369,漏網,289,0.05392,,atr14=0.705|n_lu_250=0.806|r20=0.734|c_ma120=0.393|vr20=0.250|days_since_lu=0.164|dt_ratio20=NaN|lend_to_v=0.096|rev_yoy=0.502|o_turn=0.206|o_log_mcap=0.012|o_lu_follow=0.928,"官方日成交結構(MI_INDEX/dailyQuotes)=1|發行股數(MI_QFIIS/dailyQuotes)=1|外資持股(MI_QFIIS,僅上市)=0|自營商(T86/上櫃三大法人)=1|當沖(TWTB4U/上櫃intraday)=1|季財報(MOPS t163sb04)=1|月營收(MOPS/openapi)=1|官方產業別(MOPS t05st03)=1|融資券(MI_MARGN)=1|借券(TWT93U)=1|法人(T86)=1",254,254.0,250.0,official,112.2,1.0,0.0,0.0,0,1,6.872,40.521,42.18,275.0,0,未扣成本·事後欄位以 m_ 標示·非投資建議
HC,2,2026-04-10,2026-04-13,5288,豐祥-KY,TWSE,S,,fV300,S0_atr14@5,196,369,漏網,777,0.027666,,atr14=0.246|n_lu_250=0.155|r20=0.557|c_ma120=0.547|vr20=0.689|days_since_lu=0.851|dt_ratio20=0.217|lend_to_v=0.616|rev_yoy=0.168|o_turn=0.209|o_log_mcap=0.425|o_lu_follow=0.517,"官方日成交結構(MI_INDEX/dailyQuotes)=1|發行股數(MI_QFIIS/dailyQuotes)=1|外資持股(MI_QFIIS,僅上市)=1|自營商(T86/上櫃三大法人)=1|當沖(TWTB4U/上櫃intraday)=1|季財報(MOPS t163sb04)=1|月營收(MOPS/openapi)=1|官方產業別(MOPS t05st03)=1|融資券(MI_MARGN)=1|借券(TWT93U)=1|法人(T86)=1",903,inf,250.0,official_prepanel,132.25,1.0,0.0,0.0,0,1,5.051,7.071,14.141,527.0,0,未扣成本·事後欄位以 m_ 標示·非投資建議
HC,2,2026-04-10,2026-04-13,6224,聚鼎,TWSE,S,,fV300,S0_atr14@5,169,369,漏網,679,0.029639,,atr14=0.290|n_lu_250=0.155|r20=0.708|c_ma120=0.490|vr20=0.985|days_since_lu=0.851|dt_ratio20=0.193|lend_to_v=0.767|rev_yoy=0.294|o_turn=0.540|o_log_mcap=0.163|o_lu_follow=0.517,"官方日成交結構(MI_INDEX/dailyQuotes)=1|發行股數(MI_QFIIS/dailyQuotes)=1|外資持股(MI_QFIIS,僅上市)=1|自營商(T86/上櫃三大法人)=1|當沖(TWTB4U/上櫃intraday)=1|季財報(MOPS t163sb04)=1|月營收(MOPS/openapi)=1|官方產業別(MOPS t05st03)=1|融資券(MI_MARGN)=1|借券(TWT93U)=1|法人(T86)=1",903,inf,250.0,official_prepanel,153.5,1.0,0.0,0.0,0,1,1.809,32.879,31.356,6918.0,0,未扣成本·事後欄位以 m_ 標示·非投資建議
HC,2,2026-04-10,2026-04-13,6949,沛爾生醫*-創,TWSE,S,,fV300,S0_atr14@5,39,369,漏網,160,0.048355,,atr14=0.628|n_lu_250=0.835|r20=0.754|c_ma120=0.925|vr20=0.897|days_since_lu=0.475|dt_ratio20=0.846|lend_to_v=0.208|rev_yoy=0.889|o_turn=0.501|o_log_mcap=0.751|o_lu_follow=0.974,"官方日成交結構(MI_INDEX/dailyQuotes)=1|發行股數(MI_QFIIS/dailyQuotes)=1|外資持股(MI_QFIIS,僅上市)=1|自營商(T86/上櫃三大法人)=1|當沖(TWTB4U/上櫃intraday)=1|季財報(MOPS t163sb04)=1|月營收(MOPS/openapi)=1|官方產業別(MOPS t05st03)=1|融資券(MI_MARGN)=1|借券(TWT93U)=1|法人(T86)=1",506,506.0,250.0,official,181.3,1.0,0.0,0.0,0,1,5.178,13.905,24.26,453.0,0,未扣成本·事後欄位以 m_ 標示·非投資建議
HC,2,2026-04-13,2026-04-14,4561,健椿,TPEx,S,,fV300,S0_atr14@5,96,366,漏網,1011,0.037238,,atr14=0.432|n_lu_250=0.705|r20=0.146|c_ma120=0.131|vr20=0.349|days_since_lu=0.501|dt_ratio20=NaN|lend_to_v=0.676|rev_yoy=0.451|o_turn=0.093|o_log_mcap=0.037|o_lu_follow=0.643,"官方日成交結構(MI_INDEX/dailyQuotes)=1|發行股數(MI_QFIIS/dailyQuotes)=1|外資持股(MI_QFIIS,僅上市)=0|自營商(T86/上櫃三大法人)=1|當沖(TWTB4U/上櫃intraday)=1|季財報(MOPS t163sb04)=1|月營收(MOPS/openapi)=1|官方產業別(MOPS t05st03)=1|融資券(MI_MARGN)=1|借券(TWT93U)=1|法人(T86)=1",904,inf,250.0,official_prepanel,109.15,1.0,0.0,0.0,0,1,9.434,11.006,3.145,387.0,0,未扣成本·事後欄位以 m_ 標示·非投資建議
HC,2,2026-04-13,2026-04-14,4562,穎漢,TWSE,S,,fV300,S0_atr14@5,70,366,漏網,807,0.041226,,atr14=0.531|n_lu_250=0.877|r20=0.260|c_ma120=0.092|vr20=0.421|days_since_lu=0.513|dt_ratio20=0.440|lend_to_v=0.930|rev_yoy=0.418|o_turn=0.173|o_log_mcap=0.090|o_lu_follow=0.936,"官方日成交結構(MI_INDEX/dailyQuotes)=1|發行股數(MI_QFIIS/dailyQuotes)=1|外資持股(MI_QFIIS,僅上市)=1|自營商(T86/上櫃三大法人)=1|當沖(TWTB4U/上櫃intraday)=1|季財報(MOPS t163sb04)=1|月營收(MOPS/openapi)=1|官方產業別(MOPS t05st03)=1|融資券(MI_MARGN)=1|借券(TWT93U)=1|法人(T86)=1",904,inf,250.0,official_prepanel,210.95,2.0,0.0,0.0,0,1,7.886,12.303,-2.681,629.0,0,未扣成本·事後欄位以 m_ 標示·非投資建議
HC,2,2026-04-13,2026-04-14,8374,羅昇,TWSE,S,,fV300,S0_atr14@5,49,366,漏網,680,0.045218,,atr14=0.612|n_lu_250=0.803|r20=0.368|c_ma120=0.124|vr20=0.464|days_since_lu=0.119|dt_ratio20=0.628|lend_to_v=0.898|rev_yoy=0.804|o_turn=0.176|o_log_mcap=0.348|o_lu_follow=0.423,"官方日成交結構(MI_INDEX/dailyQuotes)=1|發行股數(MI_QFIIS/dailyQuotes)=1|外資持股(MI_QFIIS,僅上市)=1|自營商(T86/上櫃三大法人)=1|當沖(TWTB4U/上櫃intraday)=1|季財報(MOPS t163sb04)=1|月營收(MOPS/openapi)=1|官方產業別(MOPS t05st03)=1|融資券(MI_MARGN)=1|借券(TWT93U)=1|法人(T86)=1",904,inf,250.0,official_prepanel,271.9,2.0,0.0,0.0,0,1,8.877,13.731,3.883,1122.0,0,未扣成本·事後欄位以 m_ 標示·非投資建議
HC,2,2026-04-14,2026-04-15,3388,崇越電,TPEx,S,,fV300,S0_atr14@5,160,367,漏網,615,0.028782,,atr14=0.302|n_lu_250=0.033|r20=0.873|c_ma120=0.763|vr20=0.961|days_since_lu=0.976|dt_ratio20=NaN|lend_to_v=0.350|rev_yoy=0.702|o_turn=0.682|o_log_mcap=0.255|o_lu_follow=0.755,"官方日成交結構(MI_INDEX/dailyQuotes)=1|發行股數(MI_QFIIS/dailyQuotes)=1|外資持股(MI_QFIIS,僅上市)=0|自營商(T86/上櫃三大法人)=1|當沖(TWTB4U/上櫃intraday)=1|季財報(MOPS t163sb04)=1|月營收(MOPS/openapi)=1|官方產業別(MOPS t05st03)=1|融資券(MI_MARGN)=1|借券(TWT93U)=1|法人(T86)=1",905,inf,250.0,official_prepanel,299.8,2.0,0.0,0.0,0,1,8.742,58.278,38.411,1933.0,0,未扣成本·事後欄位以 m_ 標示·非投資建議
HC,2,2026-04-14,2026-04-15,6441,廣錠,TPEx,S,,fV300,S0_atr14@5,109,367,漏網,1167,0.03417,,atr14=0.408|n_lu_250=0.827|r20=0.039|c_ma120=0.033|vr20=0.970|days_since_lu=0.718|dt_ratio20=NaN|lend_to_v=0.534|rev_yoy=0.089|o_turn=0.598|o_log_mcap=0.002|o_lu_follow=0.906,"官方日成交結構(MI_INDEX/dailyQuotes)=1|發行股數(MI_QFIIS/dailyQuotes)=1|外資持股(MI_QFIIS,僅上市)=0|自營商(T86/上櫃三大法人)=1|當沖(TWTB4U/上櫃intraday)=1|季財報(MOPS t163sb04)=1|月營收(MOPS/openapi)=1|官方產業別(MOPS t05st03)=1|融資券(MI_MARGN)=1|借券(TWT93U)=1|法人(T86)=1",905,inf,250.0,official_prepanel,120.3,1.0,0.0,0.0,0,1,9.798,30.836,74.928,413.0,0,未扣成本·事後欄位以 m_ 標示·非投資建議
HC,2,2026-04-15,2026-04-16,1626,艾美特-KY,TWSE,S,,fP10|fV300,S0_atr14@5,242,363,漏網,1644,0.021951,,atr14=0.173|n_lu_250=0.300|r20=0.185|c_ma120=0.112|vr20=0.634|days_since_lu=0.484|dt_ratio20=0.013|lend_to_v=0.568|rev_yoy=0.160|o_turn=0.036|o_log_mcap=0.023|o_lu_follow=0.345,"官方日成交結構(MI_INDEX/dailyQuotes)=1|發行股數(MI_QFIIS/dailyQuotes)=1|外資持股(MI_QFIIS,僅上市)=1|自營商(T86/上櫃三大法人)=1|當沖(TWTB4U/上櫃intraday)=1|季財報(MOPS t163sb04)=1|月營收(MOPS/openapi)=1|官方產業別(MOPS t05st03)=1|融資券(MI_MARGN)=1|借券(TWT93U)=1|法人(T86)=1",906,inf,250.0,official_prepanel,106.6,1.0,0.0,0.0,0,1,8.955,15.423,11.443,577.0,0,未扣成本·事後欄位以 m_ 標示·非投資建議
HC,2,2026-04-15,2026-04-16,4556,旭然,TPEx,S,,fV300,S0_atr14@5,150,363,漏網,875,0.029125,,atr14=0.314|n_lu_250=0.587|r20=0.069|c_ma120=0.525|vr20=0.467|days_since_lu=0.484|dt_ratio20=NaN|lend_to_v=0.092|rev_yoy=0.354|o_turn=0.192|o_log_mcap=0.010|o_lu_follow=0.963,"官方日成交結構(MI_INDEX/dailyQuotes)=1|發行股數(MI_QFIIS/dailyQuotes)=1|外資持股(MI_QFIIS,僅上市)=0|自營商(T86/上櫃三大法人)=1|當沖(TWTB4U/上櫃intraday)=1|季財報(MOPS t163sb04)=1|月營收(MOPS/openapi)=1|官方產業別(MOPS t05st03)=1|融資券(MI_MARGN)=1|借券(TWT93U)=1|法人(T86)=1",906,inf,250.0,official_prepanel,101.35,1.0,0.0,0.0,0,1,8.561,24.408,36.248,312.0,0,未扣成本·事後欄位以 m_ 標示·非投資建議
HC,2,2026-04-16,2026-04-17,2070,精湛,TPEx,S,,fV300,S0_atr14@5,113,363,漏網,431,0.031871,,atr14=0.389|n_lu_250=0.585|r20=0.706|c_ma120=0.527|vr20=0.926|days_since_lu=0.639|dt_ratio20=NaN|lend_to_v=0.257|rev_yoy=0.660|o_turn=0.623|o_log_mcap=0.029|o_lu_follow=0.716,"官方日成交結構(MI_INDEX/dailyQuotes)=1|發行股數(MI_QFIIS/dailyQuotes)=1|外資持股(MI_QFIIS,僅上市)=0|自營商(T86/上櫃三大法人)=1|當沖(TWTB4U/上櫃intraday)=1|季財報(MOPS t163sb04)=1|月營收(MOPS/openapi)=1|官方產業別(MOPS t05st03)=1|融資券(MI_MARGN)=1|借券(TWT93U)=1|法人(T86)=1",907,inf,250.0,official_prepanel,169.35,1.0,0.0,0.0,0,1,6.163,28.372,37.209,624.0,0,未扣成本·事後欄位以 m_ 標示·非投資建議
HC,2,2026-04-16,2026-04-17,3055,蔚華科,TWSE,S,,fV300,S0_atr14@5,27,363,漏網,591,0.04712,,atr14=0.672|n_lu_250=0.510|r20=0.615|c_ma120=0.195|vr20=0.274|days_since_lu=0.606|dt_ratio20=0.667|lend_to_v=0.798|rev_yoy=0.620|o_turn=0.116|o_log_mcap=0.322|o_lu_follow=0.159,"官方日成交結構(MI_INDEX/dailyQuotes)=1|發行股數(MI_QFIIS/dailyQuotes)=1|外資持股(MI_QFIIS,僅上市)=1|自營商(T86/上櫃三大法人)=1|當沖(TWTB4U/上櫃intraday)=1|季財報(MOPS t163sb04)=1|月營收(MOPS/openapi)=1|官方產業別(MOPS t05st03)=1|融資券(MI_MARGN)=1|借券(TWT93U)=1|法人(T86)=1",907,inf,250.0,official_prepanel,279.05,2.0,0.0,0.0,0,1,9.47,30.337,25.682,1072.0,0,未扣成本·事後欄位以 m_ 標示·非投資建議
HC,2,2026-04-16,2026-04-17,3325,旭品,TPEx,S,,fV300,S0_atr14@5,181,363,漏網,1651,0.025867,,atr14=0.249|n_lu_250=0.413|r20=0.038|c_ma120=0.017|vr20=0.544|days_since_lu=0.669|dt_ratio20=NaN|lend_to_v=0.017|rev_yoy=0.038|o_turn=0.192|o_log_mcap=0.014|o_lu_follow=0.893,"官方日成交結構(MI_INDEX/dailyQuotes)=1|發行股數(MI_QFIIS/dailyQuotes)=1|外資持股(MI_QFIIS,僅上市)=0|自營商(T86/上櫃三大法人)=1|當沖(TWTB4U/上櫃intraday)=0|季財報(MOPS t163sb04)=1|月營收(MOPS/openapi)=1|官方產業別(MOPS t05st03)=1|融資券(MI_MARGN)=1|借券(TWT93U)=1|法人(T86)=1",907,inf,250.0,official_prepanel,250.5,2.0,0.0,0.0,0,1,10.331,13.223,7.438,520.0,0,未扣成本·事後欄位以 m_ 標示·非投資建議
HC,2,2026-04-16,2026-04-17,3631,晟楠,TPEx,S,,fV300,S0_atr14@5,86,363,漏網,668,0.035313,,atr14=0.457|n_lu_250=0.510|r20=0.397|c_ma120=0.426|vr20=0.234|days_since_lu=0.658|dt_ratio20=NaN|lend_to_v=0.425|rev_yoy=0.952|o_turn=0.047|o_log_mcap=0.060|o_lu_follow=0.823,"官方日成交結構(MI_INDEX/dailyQuotes)=1|發行股數(MI_QFIIS/dailyQuotes)=1|外資持股(MI_QFIIS,僅上市)=0|自營商(T86/上櫃三大法人)=1|當沖(TWTB4U/上櫃intraday)=1|季財報(MOPS t163sb04)=1|月營收(MOPS/openapi)=1|官方產業別(MOPS t05st03)=1|融資券(MI_MARGN)=1|借券(TWT93U)=1|法人(T86)=1",907,inf,250.0,official_prepanel,134.15,1.0,0.0,0.0,0,1,6.727,45.091,39.273,210.0,0,未扣成本·事後欄位以 m_ 標示·非投資建議
HC,2,2026-04-16,2026-04-17,6423,億而得,TPEx,S,,fV300,S0_atr14@5,49,363,漏網,526,0.041734,,atr14=0.587|n_lu_250=0.585|r20=0.344|c_ma120=0.587|vr20=0.884|days_since_lu=0.443|dt_ratio20=NaN|lend_to_v=0.669|rev_yoy=0.014|o_turn=0.561|o_log_mcap=0.089|o_lu_follow=0.716,"官方日成交結構(MI_INDEX/dailyQuotes)=1|發行股數(MI_QFIIS/dailyQuotes)=1|外資持股(MI_QFIIS,僅上市)=0|自營商(T86/上櫃三大法人)=1|當沖(TWTB4U/上櫃intraday)=1|季財報(MOPS t163sb04)=1|月營收(MOPS/openapi)=1|官方產業別(MOPS t05st03)=1|融資券(MI_MARGN)=1|借券(TWT93U)=1|法人(T86)=1",465,465.0,250.0,transfer_min,117.75,1.0,0.0,0.0,0,1,11.758,43.265,25.0,628.0,0,未扣成本·事後欄位以 m_ 標示·非投資建議
HC,2,2026-04-16,2026-04-17,6735,美達科技,TPEx,S,,fV300,S0_atr14@5,6,363,漏網,127,0.0647,,atr14=0.896|n_lu_250=0.897|r20=0.921|c_ma120=0.667|vr20=0.715|days_since_lu=0.107|dt_ratio20=NaN|lend_to_v=0.325|rev_yoy=0.971|o_turn=0.377|o_log_mcap=0.122|o_lu_follow=0.801,"官方日成交結構(MI_INDEX/dailyQuotes)=1|發行股數(MI_QFIIS/dailyQuotes)=1|外資持股(MI_QFIIS,僅上市)=0|自營商(T86/上櫃三大法人)=1|當沖(TWTB4U/上櫃intraday)=1|季財報(MOPS t163sb04)=1|月營收(MOPS/openapi)=1|官方產業別(MOPS t05st03)=1|融資券(MI_MARGN)=1|借券(TWT93U)=1|法人(T86)=1",907,inf,250.0,official_prepanel,163.95,1.0,0.0,0.0,0,1,10.0,60.145,76.087,398.0,0,未扣成本·事後欄位以 m_ 標示·非投資建議
HC,2,2026-04-17,2026-04-20,3556,禾瑞亞,TPEx,S,,fV300,S0_atr14@5,82,351,漏網,367,0.034452,,atr14=0.456|n_lu_250=0.415|r20=0.806|c_ma120=0.752|vr20=0.373|days_since_lu=0.499|dt_ratio20=NaN|lend_to_v=0.291|rev_yoy=0.675|o_turn=0.318|o_log_mcap=0.114|o_lu_follow=0.235,"官方日成交結構(MI_INDEX/dailyQuotes)=1|發行股數(MI_QFIIS/dailyQuotes)=1|外資持股(MI_QFIIS,僅上市)=0|自營商(T86/上櫃三大法人)=1|當沖(TWTB4U/上櫃intraday)=1|季財報(MOPS t163sb04)=1|月營收(MOPS/openapi)=1|官方產業別(MOPS t05st03)=1|融資券(MI_MARGN)=1|借券(TWT93U)=1|法人(T86)=1",908,inf,250.0,official_prepanel,291.65,2.0,0.0,0.0,0,1,6.225,8.434,3.012,1861.0,0,未扣成本·事後欄位以 m_ 標示·非投資建議
HC,2,2026-04-20,2026-04-21,1570,力肯,TPEx,S,,fV300,S0_atr14@5,159,350,漏網,493,0.027653,,atr14=0.288|n_lu_250=0.415|r20=0.743|c_ma120=0.660|vr20=0.911|days_since_lu=0.660|dt_ratio20=NaN|lend_to_v=0.350|rev_yoy=0.791|o_turn=0.651|o_log_mcap=0.035|o_lu_follow=0.888,"官方日成交結構(MI_INDEX/dailyQuotes)=1|發行股數(MI_QFIIS/dailyQuotes)=1|外資持股(MI_QFIIS,僅上市)=0|自營商(T86/上櫃三大法人)=1|當沖(TWTB4U/上櫃intraday)=1|季財報(MOPS t163sb04)=1|月營收(MOPS/openapi)=1|官方產業別(MOPS t05st03)=1|融資券(MI_MARGN)=1|借券(TWT93U)=1|法人(T86)=1",909,inf,250.0,official_prepanel,254.65,2.0,0.0,0.0,1,0,0.0,-1.688,-2.208,1802.0,0,未扣成本·事後欄位以 m_ 標示·非投資建議
HC,2,2026-04-20,2026-04-21,2221,大甲,TPEx,S,,fV300,S0_atr14@5,137,350,漏網,672,0.02917,,atr14=0.326|n_lu_250=0.149|r20=0.654|c_ma120=0.570|vr20=0.984|days_since_lu=0.856|dt_ratio20=NaN|lend_to_v=0.232|rev_yoy=0.249|o_turn=0.638|o_log_mcap=0.012|o_lu_follow=0.521,"官方日成交結構(MI_INDEX/dailyQuotes)=1|發行股數(MI_QFIIS/dailyQuotes)=1|外資持股(MI_QFIIS,僅上市)=0|自營商(T86/上櫃三大法人)=1|當沖(TWTB4U/上櫃intraday)=1|季財報(MOPS t163sb04)=1|月營收(MOPS/openapi)=1|官方產業別(MOPS t05st03)=1|融資券(MI_MARGN)=1|借券(TWT93U)=1|法人(T86)=1",909,inf,250.0,official_prepanel,114.95,1.0,0.0,0.0,1,0,0.0,4.944,3.672,563.0,0,未扣成本·事後欄位以 m_ 標示·非投資建議
HC,2,2026-04-20,2026-04-21,3169,亞信,TPEx,S,,fV300,S0_atr14@5,129,350,漏網,984,0.029626,,atr14=0.336|n_lu_250=0.298|r20=0.253|c_ma120=0.400|vr20=0.406|days_since_lu=0.723|dt_ratio20=NaN|lend_to_v=0.680|rev_yoy=0.123|o_turn=0.212|o_log_mcap=0.278|o_lu_follow=0.350,"官方日成交結構(MI_INDEX/dailyQuotes)=1|發行股數(MI_QFIIS/dailyQuotes)=1|外資持股(MI_QFIIS,僅上市)=0|自營商(T86/上櫃三大法人)=1|當沖(TWTB4U/上櫃intraday)=1|季財報(MOPS t163sb04)=1|月營收(MOPS/openapi)=1|官方產業別(MOPS t05st03)=1|融資券(MI_MARGN)=1|借券(TWT93U)=1|法人(T86)=1",909,inf,250.0,official_prepanel,185.65,1.0,0.0,0.0,0,1,9.667,10.707,13.825,1453.0,0,未扣成本·事後欄位以 m_ 標示·非投資建議
HC,2,2026-04-20,2026-04-21,6243,迅杰,TWSE,S,,fV300,S0_atr14@5,120,350,漏網,1062,0.030782,,atr14=0.378|n_lu_250=0.513|r20=0.273|c_ma120=0.165|vr20=0.525|days_since_lu=0.586|dt_ratio20=0.329|lend_to_v=0.713|rev_yoy=0.037|o_turn=0.315|o_log_mcap=0.012|o_lu_follow=0.812,"官方日成交結構(MI_INDEX/dailyQuotes)=1|發行股數(MI_QFIIS/dailyQuotes)=1|外資持股(MI_QFIIS,僅上市)=1|自營商(T86/上櫃三大法人)=1|當沖(TWTB4U/上櫃intraday)=1|季財報(MOPS t163sb04)=1|月營收(MOPS/openapi)=1|官方產業別(MOPS t05st03)=1|融資券(MI_MARGN)=1|借券(TWT93U)=1|法人(T86)=1",909,inf,250.0,official_prepanel,156.75,1.0,0.0,0.0,0,1,8.896,11.203,14.498,625.0,0,未扣成本·事後欄位以 m_ 標示·非投資建議
HC,2,2026-04-22,2026-04-23,6418,詠昇,TPEx,S,,fV300,S0_atr14@5,38,350,漏網,736,0.041467,,atr14=0.607|n_lu_250=0.925|r20=0.337|c_ma120=0.006|vr20=0.938|days_since_lu=0.017|dt_ratio20=NaN|lend_to_v=0.271|rev_yoy=0.098|o_turn=0.681|o_log_mcap=0.002|o_lu_follow=0.975,"官方日成交結構(MI_INDEX/dailyQuotes)=1|發行股數(MI_QFIIS/dailyQuotes)=1|外資持股(MI_QFIIS,僅上市)=0|自營商(T86/上櫃三大法人)=1|當沖(TWTB4U/上櫃intraday)=1|季財報(MOPS t163sb04)=1|月營收(MOPS/openapi)=1|官方產業別(MOPS t05st03)=1|融資券(MI_MARGN)=1|借券(TWT93U)=1|法人(T86)=1",911,inf,250.0,official_prepanel,170.35,1.0,0.0,0.0,0,1,6.678,11.401,4.723,880.0,0,未扣成本·事後欄位以 m_ 標示·非投資建議
HC,2,2026-04-23,2026-04-24,2061,風青,TPEx,S,,fV300,S0_atr14@5,112,351,漏網,1288,0.033981,,atr14=0.393|n_lu_250=0.563|r20=0.089|c_ma120=0.090|vr20=0.763|days_since_lu=0.522|dt_ratio20=NaN|lend_to_v=0.625|rev_yoy=0.326|o_turn=0.250|o_log_mcap=0.001|o_lu_follow=0.132,"官方日成交結構(MI_INDEX/dailyQuotes)=1|發行股數(MI_QFIIS/dailyQuotes)=1|外資持股(MI_QFIIS,僅上市)=0|自營商(T86/上櫃三大法人)=1|當沖(TWTB4U/上櫃intraday)=1|季財報(MOPS t163sb04)=1|月營收(MOPS/openapi)=1|官方產業別(MOPS t05st03)=1|融資券(MI_MARGN)=1|借券(TWT93U)=1|法人(T86)=1",912,inf,250.0,official_prepanel,142.85,1.0,0.0,0.0,0,1,9.003,24.437,32.476,1042.0,0,未扣成本·事後欄位以 m_ 標示·非投資建議
HC,2,2026-04-23,2026-04-24,3432,台端,TWSE,S,,fV300,S0_atr14@5,40,351,漏網,488,0.045378,,atr14=0.585|n_lu_250=0.840|r20=0.360|c_ma120=0.596|vr20=0.975|days_since_lu=0.019|dt_ratio20=NaN|lend_to_v=0.014|rev_yoy=0.969|o_turn=0.565|o_log_mcap=0.000|o_lu_follow=0.858,"官方日成交結構(MI_INDEX/dailyQuotes)=1|發行股數(MI_QFIIS/dailyQuotes)=1|外資持股(MI_QFIIS,僅上市)=1|自營商(T86/上櫃三大法人)=1|當沖(TWTB4U/上櫃intraday)=0|季財報(MOPS t163sb04)=1|月營收(MOPS/openapi)=1|官方產業別(MOPS t05st03)=1|融資券(MI_MARGN)=1|借券(TWT93U)=1|法人(T86)=1",912,inf,250.0,official_prepanel,108.25,1.0,0.0,0.0,0,1,6.857,10.857,15.429,424.0,0,未扣成本·事後欄位以 m_ 標示·非投資建議
HC,2,2026-04-23,2026-04-24,4951,精拓科,TPEx,S,,fV300,S0_atr14@5,135,351,漏網,770,0.031544,,atr14=0.352|n_lu_250=0.110|r20=0.694|c_ma120=0.610|vr20=0.873|days_since_lu=0.783|dt_ratio20=NaN|lend_to_v=0.331|rev_yoy=0.476|o_turn=0.569|o_log_mcap=0.087|o_lu_follow=0.684,"官方日成交結構(MI_INDEX/dailyQuotes)=1|發行股數(MI_QFIIS/dailyQuotes)=1|外資持股(MI_QFIIS,僅上市)=0|自營商(T86/上櫃三大法人)=1|當沖(TWTB4U/上櫃intraday)=1|季財報(MOPS t163sb04)=1|月營收(MOPS/openapi)=1|官方產業別(MOPS t05st03)=1|融資券(MI_MARGN)=1|借券(TWT93U)=1|法人(T86)=1",836,836.0,250.0,official,193.55,1.0,0.0,0.0,0,1,9.786,59.517,66.22,2062.0,0,未扣成本·事後欄位以 m_ 標示·非投資建議
HC,2,2026-04-23,2026-04-24,6743,安普新,TWSE,S,,fV300,S0_atr14@5,30,351,漏網,1425,0.04736,,atr14=0.614|n_lu_250=0.110|r20=0.215|c_ma120=0.087|vr20=0.795|days_since_lu=0.862|dt_ratio20=0.288|lend_to_v=0.598|rev_yoy=0.208|o_turn=0.175|o_log_mcap=0.145|o_lu_follow=0.684,"官方日成交結構(MI_INDEX/dailyQuotes)=1|發行股數(MI_QFIIS/dailyQuotes)=1|外資持股(MI_QFIIS,僅上市)=1|自營商(T86/上櫃三大法人)=1|當沖(TWTB4U/上櫃intraday)=1|季財報(MOPS t163sb04)=1|月營收(MOPS/openapi)=1|官方產業別(MOPS t05st03)=1|融資券(MI_MARGN)=1|借券(TWT93U)=1|法人(T86)=1",912,inf,250.0,official_prepanel,259.95,2.0,0.0,0.0,1,0,0.0,17.391,17.787,365.0,0,未扣成本·事後欄位以 m_ 標示·非投資建議
HC,2,2026-04-27,2026-04-28,3224,三顧,TPEx,S,,fV300,S0_atr14@5,18,332,漏網,721,0.05762,,atr14=0.720|n_lu_250=0.289|r20=0.479|c_ma120=0.342|vr20=0.239|days_since_lu=0.079|dt_ratio20=NaN|lend_to_v=0.346|rev_yoy=0.593|o_turn=0.107|o_log_mcap=0.162|o_lu_follow=0.393,"官方日成交結構(MI_INDEX/dailyQuotes)=1|發行股數(MI_QFIIS/dailyQuotes)=1|外資持股(MI_QFIIS,僅上市)=0|自營商(T86/上櫃三大法人)=1|當沖(TWTB4U/上櫃intraday)=1|季財報(MOPS t163sb04)=1|月營收(MOPS/openapi)=1|官方產業別(MOPS t05st03)=1|融資券(MI_MARGN)=1|借券(TWT93U)=1|法人(T86)=1",914,inf,250.0,official_prepanel,237.35,2.0,0.0,0.0,0,1,6.704,1.453,2.235,427.0,0,未扣成本·事後欄位以 m_ 標示·非投資建議
HC,2,2026-04-27,2026-04-28,3379,彬台,TPEx,S,,fV300,S0_atr14@5,38,332,漏網,1069,0.047112,,atr14=0.556|n_lu_250=0.844|r20=0.039|c_ma120=0.009|vr20=0.847|days_since_lu=0.658|dt_ratio20=NaN|lend_to_v=0.462|rev_yoy=0.014|o_turn=0.579|o_log_mcap=0.010|o_lu_follow=0.861,"官方日成交結構(MI_INDEX/dailyQuotes)=1|發行股數(MI_QFIIS/dailyQuotes)=1|外資持股(MI_QFIIS,僅上市)=0|自營商(T86/上櫃三大法人)=1|當沖(TWTB4U/上櫃intraday)=1|季財報(MOPS t163sb04)=1|月營收(MOPS/openapi)=1|官方產業別(MOPS t05st03)=1|融資券(MI_MARGN)=1|借券(TWT93U)=1|法人(T86)=1",914,inf,250.0,official_prepanel,221.7,2.0,0.0,0.0,0,1,9.215,21.299,7.251,337.0,0,未扣成本·事後欄位以 m_ 標示·非投資建議
HC,2,2026-04-28,2026-04-29,4563,百德,TPEx,S,,fV300,S0_atr14@5,37,327,漏網,921,0.046936,,atr14=0.556|n_lu_250=0.566|r20=0.314|c_ma120=0.114|vr20=0.614|days_since_lu=0.099|dt_ratio20=NaN|lend_to_v=0.648|rev_yoy=0.070|o_turn=0.340|o_log_mcap=0.074|o_lu_follow=0.803,"官方日成交結構(MI_INDEX/dailyQuotes)=1|發行股數(MI_QFIIS/dailyQuotes)=1|外資持股(MI_QFIIS,僅上市)=0|自營商(T86/上櫃三大法人)=1|當沖(TWTB4U/上櫃intraday)=1|季財報(MOPS t163sb04)=1|月營收(MOPS/openapi)=1|官方產業別(MOPS t05st03)=1|融資券(MI_MARGN)=1|借券(TWT93U)=1|法人(T86)=1",915,inf,250.0,official_prepanel,199.7,1.0,0.0,0.0,0,1,8.747,18.203,13.593,293.0,0,未扣成本·事後欄位以 m_ 標示·非投資建議
HC,2,2026-04-28,2026-04-29,4807,日成-KY,TWSE,S,,fV300,S0_atr14@5,133,327,漏網,547,0.031977,,atr14=0.339|n_lu_250=0.486|r20=0.803|c_ma120=0.488|vr20=0.845|days_since_lu=0.249|dt_ratio20=0.058|lend_to_v=0.331|rev_yoy=0.865|o_turn=0.407|o_log_mcap=0.001|o_lu_follow=0.803,"官方日成交結構(MI_INDEX/dailyQuotes)=1|發行股數(MI_QFIIS/dailyQuotes)=1|外資持股(MI_QFIIS,僅上市)=1|自營商(T86/上櫃三大法人)=1|當沖(TWTB4U/上櫃intraday)=1|季財報(MOPS t163sb04)=1|月營收(MOPS/openapi)=1|官方產業別(MOPS t05st03)=1|融資券(MI_MARGN)=1|借券(TWT93U)=1|法人(T86)=1",915,inf,250.0,official_prepanel,138.4,1.0,0.0,0.0,0,1,9.565,23.768,45.217,438.0,0,未扣成本·事後欄位以 m_ 標示·非投資建議
HC,2,2026-04-28,2026-04-29,6535,順藥,TPEx,S,,fV300,S0_atr14@5,69,327,漏網,1234,0.040249,,atr14=0.472|n_lu_250=0.631|r20=0.039|c_ma120=0.009|vr20=0.451|days_since_lu=0.638|dt_ratio20=NaN|lend_to_v=NaN|rev_yoy=0.002|o_turn=0.038|o_log_mcap=0.645|o_lu_follow=0.084,"官方日成交結構(MI_INDEX/dailyQuotes)=1|發行股數(MI_QFIIS/dailyQuotes)=1|外資持股(MI_QFIIS,僅上市)=0|自營商(T86/上櫃三大法人)=1|當沖(TWTB4U/上櫃intraday)=0|季財報(MOPS t163sb04)=1|月營收(MOPS/openapi)=1|官方產業別(MOPS t05st03)=1|融資券(MI_MARGN)=0|借券(TWT93U)=0|法人(T86)=1",915,inf,250.0,official_prepanel,200.05,2.0,0.0,0.0,0,1,9.921,6.746,1.984,337.0,0,未扣成本·事後欄位以 m_ 標示·非投資建議
HC,2,2026-04-28,2026-04-29,8277,商丞,TPEx,S,,fP10|fV300,S0_atr14@5,55,327,漏網,1048,0.043398,,atr14=0.518|n_lu_250=0.906|r20=0.012|c_ma120=0.006|vr20=0.637|days_since_lu=0.552|dt_ratio20=NaN|lend_to_v=0.017|rev_yoy=0.008|o_turn=0.235|o_log_mcap=0.000|o_lu_follow=0.566,"官方日成交結構(MI_INDEX/dailyQuotes)=1|發行股數(MI_QFIIS/dailyQuotes)=1|外資持股(MI_QFIIS,僅上市)=0|自營商(T86/上櫃三大法人)=1|當沖(TWTB4U/上櫃intraday)=0|季財報(MOPS t163sb04)=1|月營收(MOPS/openapi)=1|官方產業別(MOPS t05st03)=1|融資券(MI_MARGN)=1|借券(TWT93U)=1|法人(T86)=1",915,inf,250.0,official_prepanel,241.3,2.0,0.0,0.0,0,1,9.009,9.76,2.553,349.0,0,未扣成本·事後欄位以 m_ 標示·非投資建議
HC,2,2026-04-30,2026-05-04,5210,寶碩,TPEx,S,,fV300,S0_atr14@5,199,328,漏網,819,0.02292,,atr14=0.162|n_lu_250=0.478|r20=0.402|c_ma120=0.464|vr20=0.734|days_since_lu=0.650|dt_ratio20=NaN|lend_to_v=0.017|rev_yoy=0.069|o_turn=0.171|o_log_mcap=0.053|o_lu_follow=0.176,"官方日成交結構(MI_INDEX/dailyQuotes)=1|發行股數(MI_QFIIS/dailyQuotes)=1|外資持股(MI_QFIIS,僅上市)=0|自營商(T86/上櫃三大法人)=1|當沖(TWTB4U/上櫃intraday)=0|季財報(MOPS t163sb04)=1|月營收(MOPS/openapi)=1|官方產業別(MOPS t05st03)=1|融資券(MI_MARGN)=1|借券(TWT93U)=1|法人(T86)=1",917,inf,250.0,official_prepanel,151.45,1.0,0.0,0.0,0,1,8.696,21.957,12.609,691.0,0,未扣成本·事後欄位以 m_ 標示·非投資建議
HC,2,2026-04-30,2026-05-04,7749,意騰-KY,TWSE,S,,fV300,S0_atr14@5,34,328,漏網,461,0.04829,,atr14=0.560|n_lu_250=0.388|r20=0.768|c_ma120=0.398|vr20=0.658|days_since_lu=0.435|dt_ratio20=0.552|lend_to_v=0.735|rev_yoy=0.923|o_turn=0.501|o_log_mcap=0.632|o_lu_follow=0.254,"官方日成交結構(MI_INDEX/dailyQuotes)=1|發行股數(MI_QFIIS/dailyQuotes)=1|外資持股(MI_QFIIS,僅上市)=1|自營商(T86/上櫃三大法人)=1|當沖(TWTB4U/上櫃intraday)=1|季財報(MOPS t163sb04)=1|月營收(MOPS/openapi)=1|官方產業別(MOPS t05st03)=1|融資券(MI_MARGN)=1|借券(TWT93U)=1|法人(T86)=1",214,214.0,214.0,official,275.55,2.0,0.0,0.0,1,0,0.0,9.712,4.162,338.0,0,未扣成本·事後欄位以 m_ 標示·非投資建議
HC,2,2026-05-04,2026-05-05,2491,吉祥全,TWSE,S,,fV300,S0_atr14@5,39,315,漏網,574,0.045208,,atr14=0.546|n_lu_250=0.864|r20=0.466|c_ma120=0.189|vr20=0.833|days_since_lu=0.581|dt_ratio20=0.375|lend_to_v=0.477|rev_yoy=0.146|o_turn=0.246|o_log_mcap=0.015|o_lu_follow=0.977,"官方日成交結構(MI_INDEX/dailyQuotes)=1|發行股數(MI_QFIIS/dailyQuotes)=1|外資持股(MI_QFIIS,僅上市)=1|自營商(T86/上櫃三大法人)=1|當沖(TWTB4U/上櫃intraday)=1|季財報(MOPS t163sb04)=1|月營收(MOPS/openapi)=1|官方產業別(MOPS t05st03)=1|融資券(MI_MARGN)=1|借券(TWT93U)=1|法人(T86)=1",918,inf,250.0,official_prepanel,164.6,1.0,0.0,0.0,0,1,7.43,30.031,32.198,910.0,0,未扣成本·事後欄位以 m_ 標示·非投資建議
HC,2,2026-05-05,2026-05-06,1762,中化生,TWSE,S,,fV300,S0_atr14@5,187,308,漏網,848,0.022911,,atr14=0.170|n_lu_250=0.284|r20=0.368|c_ma120=0.581|vr20=0.868|days_since_lu=0.487|dt_ratio20=0.030|lend_to_v=0.632|rev_yoy=0.924|o_turn=0.221|o_log_mcap=0.072|o_lu_follow=0.383,"官方日成交結構(MI_INDEX/dailyQuotes)=1|發行股數(MI_QFIIS/dailyQuotes)=1|外資持股(MI_QFIIS,僅上市)=1|自營商(T86/上櫃三大法人)=1|當沖(TWTB4U/上櫃intraday)=1|季財報(MOPS t163sb04)=1|月營收(MOPS/openapi)=1|官方產業別(MOPS t05st03)=1|融資券(MI_MARGN)=1|借券(TWT93U)=1|法人(T86)=1",919,inf,250.0,official_prepanel,115.8,1.0,0.0,0.0,1,0,0.0,7.644,15.757,416.0,0,未扣成本·事後欄位以 m_ 標示·非投資建議
HC,2,2026-05-05,2026-05-06,6140,訊達,TPEx,S,,fV300,S0_atr14@5,44,308,漏網,856,0.043278,,atr14=0.523|n_lu_250=0.737|r20=0.295|c_ma120=0.019|vr20=0.213|days_since_lu=0.740|dt_ratio20=NaN|lend_to_v=0.018|rev_yoy=0.349|o_turn=0.115|o_log_mcap=0.007|o_lu_follow=0.030,"官方日成交結構(MI_INDEX/dailyQuotes)=1|發行股數(MI_QFIIS/dailyQuotes)=1|外資持股(MI_QFIIS,僅上市)=0|自營商(T86/上櫃三大法人)=1|當沖(TWTB4U/上櫃intraday)=0|季財報(MOPS t163sb04)=1|月營收(MOPS/openapi)=1|官方產業別(MOPS t05st03)=1|融資券(MI_MARGN)=1|借券(TWT93U)=1|法人(T86)=1",919,inf,250.0,official_prepanel,161.35,1.0,0.0,0.0,0,1,7.895,10.526,3.158,297.0,0,未扣成本·事後欄位以 m_ 標示·非投資建議
HC,2,2026-05-07,2026-05-08,6263,普萊德,TPEx,S,,fV300,S0_atr14@5,44,302,漏網,685,0.042243,,atr14=0.501|n_lu_250=0.110|r20=0.635|c_ma120=0.537|vr20=0.437|days_since_lu=0.862|dt_ratio20=NaN|lend_to_v=0.489|rev_yoy=0.278|o_turn=0.200|o_log_mcap=0.403|o_lu_follow=0.662,"官方日成交結構(MI_INDEX/dailyQuotes)=1|發行股數(MI_QFIIS/dailyQuotes)=1|外資持股(MI_QFIIS,僅上市)=0|自營商(T86/上櫃三大法人)=1|當沖(TWTB4U/上櫃intraday)=1|季財報(MOPS t163sb04)=1|月營收(MOPS/openapi)=1|官方產業別(MOPS t05st03)=1|融資券(MI_MARGN)=1|借券(TWT93U)=1|法人(T86)=1",921,inf,250.0,official_prepanel,216.45,2.0,0.0,0.0,0,1,7.746,28.169,24.648,778.0,0,未扣成本·事後欄位以 m_ 標示·非投資建議
HC,2,2026-05-08,2026-05-11,4127,天良,TPEx,S,,fV300,S0_atr14@5,118,317,漏網,747,0.032215,,atr14=0.308|n_lu_250=0.104|r20=0.676|c_ma120=0.661|vr20=0.930|days_since_lu=0.870|dt_ratio20=NaN|lend_to_v=0.283|rev_yoy=0.807|o_turn=0.414|o_log_mcap=0.058|o_lu_follow=0.656,"官方日成交結構(MI_INDEX/dailyQuotes)=1|發行股數(MI_QFIIS/dailyQuotes)=1|外資持股(MI_QFIIS,僅上市)=0|自營商(T86/上櫃三大法人)=1|當沖(TWTB4U/上櫃intraday)=1|季財報(MOPS t163sb04)=1|月營收(MOPS/openapi)=1|官方產業別(MOPS t05st03)=1|融資券(MI_MARGN)=1|借券(TWT93U)=1|法人(T86)=1",922,inf,250.0,official_prepanel,119.0,1.0,0.0,0.0,0,1,8.561,-2.978,56.079,1044.0,0,未扣成本·事後欄位以 m_ 標示·非投資建議
HC,2,2026-05-12,2026-05-13,3516,亞帝歐,TPEx,S,,fV300,S0_atr14@5,42,310,漏網,712,0.045408,,atr14=0.514|n_lu_250=0.107|r20=0.633|c_ma120=0.499|vr20=0.476|days_since_lu=0.945|dt_ratio20=NaN|lend_to_v=0.208|rev_yoy=0.690|o_turn=0.196|o_log_mcap=0.016|o_lu_follow=0.655,"官方日成交結構(MI_INDEX/dailyQuotes)=1|發行股數(MI_QFIIS/dailyQuotes)=1|外資持股(MI_QFIIS,僅上市)=0|自營商(T86/上櫃三大法人)=1|當沖(TWTB4U/上櫃intraday)=1|季財報(MOPS t163sb04)=1|月營收(MOPS/openapi)=1|官方產業別(MOPS t05st03)=1|融資券(MI_MARGN)=1|借券(TWT93U)=1|法人(T86)=1",924,inf,250.0,official_prepanel,197.6,1.0,0.0,0.0,1,0,0.0,1.515,3.68,516.0,0,未扣成本·事後欄位以 m_ 標示·非投資建議
HC,2,2026-05-12,2026-05-13,3577,泓格,TPEx,S,,fV300,S0_atr14@5,35,310,漏網,280,0.046831,,atr14=0.535|n_lu_250=0.671|r20=0.789|c_ma120=0.835|vr20=0.696|days_since_lu=0.465|dt_ratio20=NaN|lend_to_v=0.417|rev_yoy=0.907|o_turn=0.385|o_log_mcap=0.294|o_lu_follow=0.054,"官方日成交結構(MI_INDEX/dailyQuotes)=1|發行股數(MI_QFIIS/dailyQuotes)=1|外資持股(MI_QFIIS,僅上市)=0|自營商(T86/上櫃三大法人)=1|當沖(TWTB4U/上櫃intraday)=1|季財報(MOPS t163sb04)=1|月營收(MOPS/openapi)=1|官方產業別(MOPS t05st03)=1|融資券(MI_MARGN)=1|借券(TWT93U)=1|法人(T86)=1",924,inf,250.0,official_prepanel,271.3,2.0,0.0,0.0,0,1,5.397,33.862,62.434,1680.0,0,未扣成本·事後欄位以 m_ 標示·非投資建議
HC,2,2026-05-12,2026-05-13,3609,三一東林,TPEx,S,,fV300,S0_atr14@5,14,310,漏網,1568,0.057174,,atr14=0.696|n_lu_250=0.107|r20=0.044|c_ma120=0.004|vr20=0.482|days_since_lu=0.867|dt_ratio20=NaN|lend_to_v=0.337|rev_yoy=0.330|o_turn=0.298|o_log_mcap=0.000|o_lu_follow=0.655,"官方日成交結構(MI_INDEX/dailyQuotes)=1|發行股數(MI_QFIIS/dailyQuotes)=1|外資持股(MI_QFIIS,僅上市)=0|自營商(T86/上櫃三大法人)=1|當沖(TWTB4U/上櫃intraday)=1|季財報(MOPS t163sb04)=1|月營收(MOPS/openapi)=1|官方產業別(MOPS t05st03)=1|融資券(MI_MARGN)=1|借券(TWT93U)=1|法人(T86)=1",924,inf,250.0,official_prepanel,183.05,1.0,0.0,0.0,0,1,7.415,23.305,25.424,252.0,0,未扣成本·事後欄位以 m_ 標示·非投資建議
HC,2,2026-05-12,2026-05-13,6241,鑫永洋,TPEx,S,,fP10|fV300,S0_atr14@5,51,310,漏網,1681,0.044273,,atr14=0.494|n_lu_250=0.107|r20=0.034|c_ma120=0.011|vr20=0.574|days_since_lu=0.786|dt_ratio20=NaN|lend_to_v=0.020|rev_yoy=0.177|o_turn=0.167|o_log_mcap=0.000|o_lu_follow=0.655,"官方日成交結構(MI_INDEX/dailyQuotes)=1|發行股數(MI_QFIIS/dailyQuotes)=1|外資持股(MI_QFIIS,僅上市)=0|自營商(T86/上櫃三大法人)=1|當沖(TWTB4U/上櫃intraday)=0|季財報(MOPS t163sb04)=1|月營收(MOPS/openapi)=1|官方產業別(MOPS t05st03)=1|融資券(MI_MARGN)=1|借券(TWT93U)=1|法人(T86)=1",924,inf,250.0,official_prepanel,122.15,1.0,0.0,0.0,0,1,1.923,12.179,10.577,167.0,0,未扣成本·事後欄位以 m_ 標示·非投資建議
HC,2,2026-05-12,2026-05-13,8440,綠電,TPEx,S,,fV300,S0_atr14@5,154,310,漏網,1342,0.029023,,atr14=0.239|n_lu_250=0.553|r20=0.112|c_ma120=0.059|vr20=0.563|days_since_lu=0.614|dt_ratio20=NaN|lend_to_v=0.597|rev_yoy=0.381|o_turn=0.176|o_log_mcap=0.009|o_lu_follow=0.968,"官方日成交結構(MI_INDEX/dailyQuotes)=1|發行股數(MI_QFIIS/dailyQuotes)=1|外資持股(MI_QFIIS,僅上市)=0|自營商(T86/上櫃三大法人)=1|當沖(TWTB4U/上櫃intraday)=1|季財報(MOPS t163sb04)=1|月營收(MOPS/openapi)=1|官方產業別(MOPS t05st03)=1|融資券(MI_MARGN)=1|借券(TWT93U)=1|法人(T86)=1",924,inf,250.0,official_prepanel,137.85,1.0,0.0,0.0,0,1,9.709,10.68,6.796,500.0,0,未扣成本·事後欄位以 m_ 標示·非投資建議
HC,2,2026-05-15,2026-05-18,5321,美而快,TPEx,S,,fV300,S0_atr14@5,24,309,漏網,870,0.048454,,atr14=0.596|n_lu_250=0.380|r20=0.586|c_ma120=0.046|vr20=0.662|days_since_lu=0.443|dt_ratio20=NaN|lend_to_v=0.536|rev_yoy=0.085|o_turn=0.389|o_log_mcap=0.024|o_lu_follow=0.246,"官方日成交結構(MI_INDEX/dailyQuotes)=1|發行股數(MI_QFIIS/dailyQuotes)=1|外資持股(MI_QFIIS,僅上市)=0|自營商(T86/上櫃三大法人)=1|當沖(TWTB4U/上櫃intraday)=1|季財報(MOPS t163sb04)=1|月營收(MOPS/openapi)=1|官方產業別(MOPS t05st03)=1|融資券(MI_MARGN)=1|借券(TWT93U)=1|法人(T86)=1",927,inf,250.0,official_prepanel,268.9,2.0,0.0,0.0,0,1,9.897,60.412,115.258,405.0,0,未扣成本·事後欄位以 m_ 標示·非投資建議
HC,2,2026-05-18,2026-05-19,2911,麗嬰房,TWSE,S,,fP10|fV300,S0_atr14@5,11,319,漏網,208,0.059184,,atr14=0.754|n_lu_250=0.666|r20=0.904|c_ma120=0.735|vr20=0.950|days_since_lu=0.009|dt_ratio20=NaN|lend_to_v=0.022|rev_yoy=0.041|o_turn=0.423|o_log_mcap=0.000|o_lu_follow=0.478,"官方日成交結構(MI_INDEX/dailyQuotes)=1|發行股數(MI_QFIIS/dailyQuotes)=1|外資持股(MI_QFIIS,僅上市)=1|自營商(T86/上櫃三大法人)=1|當沖(TWTB4U/上櫃intraday)=0|季財報(MOPS t163sb04)=1|月營收(MOPS/openapi)=1|官方產業別(MOPS t05st03)=1|融資券(MI_MARGN)=1|借券(TWT93U)=1|法人(T86)=1",928,inf,250.0,official_prepanel,251.4,2.0,0.0,0.0,1,0,0.0,46.024,17.431,310.0,0,未扣成本·事後欄位以 m_ 標示·非投資建議
HC,2,2026-05-19,2026-05-20,6906,現觀科,TWSE,S,,fV300,S0_atr14@5,72,316,漏網,1083,0.03757,,atr14=0.370|n_lu_250=0.540|r20=0.314|c_ma120=0.073|vr20=0.149|days_since_lu=0.150|dt_ratio20=0.364|lend_to_v=0.457|rev_yoy=0.319|o_turn=0.160|o_log_mcap=0.082|o_lu_follow=0.116,"官方日成交結構(MI_INDEX/dailyQuotes)=1|發行股數(MI_QFIIS/dailyQuotes)=1|外資持股(MI_QFIIS,僅上市)=1|自營商(T86/上櫃三大法人)=1|當沖(TWTB4U/上櫃intraday)=1|季財報(MOPS t163sb04)=1|月營收(MOPS/openapi)=1|官方產業別(MOPS t05st03)=1|融資券(MI_MARGN)=1|借券(TWT93U)=1|法人(T86)=1",563,563.0,250.0,official,172.3,1.0,0.0,0.0,1,0,0.0,45.415,44.699,188.0,0,未扣成本·事後欄位以 m_ 標示·非投資建議
HC,2,2026-05-20,2026-05-21,6570,維田,TPEx,S,,fV300,S0_atr14@5,58,315,漏網,388,0.042157,,atr14=0.454|n_lu_250=0.454|r20=0.864|c_ma120=0.644|vr20=0.651|days_since_lu=0.732|dt_ratio20=NaN|lend_to_v=0.240|rev_yoy=0.451|o_turn=0.411|o_log_mcap=0.048|o_lu_follow=0.847,"官方日成交結構(MI_INDEX/dailyQuotes)=1|發行股數(MI_QFIIS/dailyQuotes)=1|外資持股(MI_QFIIS,僅上市)=0|自營商(T86/上櫃三大法人)=1|當沖(TWTB4U/上櫃intraday)=1|季財報(MOPS t163sb04)=1|月營收(MOPS/openapi)=1|官方產業別(MOPS t05st03)=1|融資券(MI_MARGN)=1|借券(TWT93U)=1|法人(T86)=1",930,inf,250.0,official_prepanel,193.7,1.0,0.0,0.0,0,1,10.033,31.996,34.495,647.0,0,未扣成本·事後欄位以 m_ 標示·非投資建議
HC,2,2026-05-21,2026-05-22,3021,鴻名,TWSE,S,,fV300,S0_atr14@5,128,310,漏網,643,0.030911,,atr14=0.281|n_lu_250=0.389|r20=0.683|c_ma120=0.424|vr20=0.405|days_since_lu=0.770|dt_ratio20=0.254|lend_to_v=0.362|rev_yoy=0.415|o_turn=0.121|o_log_mcap=0.045|o_lu_follow=0.245,"官方日成交結構(MI_INDEX/dailyQuotes)=1|發行股數(MI_QFIIS/dailyQuotes)=1|外資持股(MI_QFIIS,僅上市)=1|自營商(T86/上櫃三大法人)=1|當沖(TWTB4U/上櫃intraday)=1|季財報(MOPS t163sb04)=1|月營收(MOPS/openapi)=1|官方產業別(MOPS t05st03)=1|融資券(MI_MARGN)=1|借券(TWT93U)=1|法人(T86)=1",931,inf,250.0,official_prepanel,222.25,2.0,0.0,0.0,0,1,7.123,56.125,105.128,1360.0,0,未扣成本·事後欄位以 m_ 標示·非投資建議
HC,2,2026-05-25,2026-05-26,3713,新晶投控,TPEx,S,,fV300,S0_atr14@5,61,324,漏網,1152,0.042195,,atr14=0.488|n_lu_250=0.673|r20=0.027|c_ma120=0.006|vr20=0.523|days_since_lu=0.460|dt_ratio20=NaN|lend_to_v=NaN|rev_yoy=0.862|o_turn=0.045|o_log_mcap=0.012|o_lu_follow=0.877,"官方日成交結構(MI_INDEX/dailyQuotes)=1|發行股數(MI_QFIIS/dailyQuotes)=1|外資持股(MI_QFIIS,僅上市)=0|自營商(T86/上櫃三大法人)=1|當沖(TWTB4U/上櫃intraday)=0|季財報(MOPS t163sb04)=1|月營收(MOPS/openapi)=1|官方產業別(MOPS t05st03)=1|融資券(MI_MARGN)=0|借券(TWT93U)=0|法人(T86)=1",933,inf,250.0,official_prepanel,115.3,1.0,0.0,0.0,0,1,9.653,23.938,24.324,263.0,0,未扣成本·事後欄位以 m_ 標示·非投資建議
HC,2,2026-05-26,2026-05-27,2438,翔耀,TWSE,S,,fV300,S0_atr14@5,81,326,漏網,660,0.037888,,atr14=0.397|n_lu_250=0.545|r20=0.413|c_ma120=0.403|vr20=0.909|days_since_lu=0.550|dt_ratio20=NaN|lend_to_v=0.019|rev_yoy=0.061|o_turn=0.383|o_log_mcap=0.042|o_lu_follow=0.115,"官方日成交結構(MI_INDEX/dailyQuotes)=1|發行股數(MI_QFIIS/dailyQuotes)=1|外資持股(MI_QFIIS,僅上市)=1|自營商(T86/上櫃三大法人)=1|當沖(TWTB4U/上櫃intraday)=0|季財報(MOPS t163sb04)=1|月營收(MOPS/openapi)=1|官方產業別(MOPS t05st03)=1|融資券(MI_MARGN)=1|借券(TWT93U)=1|法人(T86)=1",934,inf,250.0,official_prepanel,209.25,2.0,0.0,0.0,0,1,7.66,11.915,-2.979,1833.0,0,未扣成本·事後欄位以 m_ 標示·非投資建議
HC,2,2026-05-27,2026-05-28,4549,桓達,TPEx,S,,fV300,S0_atr14@5,71,322,漏網,601,0.040373,,atr14=0.427|n_lu_250=0.610|r20=0.548|c_ma120=0.362|vr20=0.354|days_since_lu=0.531|dt_ratio20=NaN|lend_to_v=0.679|rev_yoy=0.065|o_turn=0.239|o_log_mcap=0.298|o_lu_follow=0.917,"官方日成交結構(MI_INDEX/dailyQuotes)=1|發行股數(MI_QFIIS/dailyQuotes)=1|外資持股(MI_QFIIS,僅上市)=0|自營商(T86/上櫃三大法人)=1|當沖(TWTB4U/上櫃intraday)=1|季財報(MOPS t163sb04)=1|月營收(MOPS/openapi)=1|官方產業別(MOPS t05st03)=1|融資券(MI_MARGN)=1|借券(TWT93U)=1|法人(T86)=1",935,inf,250.0,official_prepanel,282.5,2.0,0.0,0.0,0,1,6.573,17.84,0.939,1860.0,0,未扣成本·事後欄位以 m_ 標示·非投資建議
HC,2,2026-05-27,2026-05-28,6573,虹揚-KY,TWSE,S,,fV300,S0_atr14@5,9,322,漏網,470,0.061905,,atr14=0.795|n_lu_250=0.947|r20=0.540|c_ma120=0.221|vr20=0.730|days_since_lu=0.239|dt_ratio20=NaN|lend_to_v=0.018|rev_yoy=0.094|o_turn=0.170|o_log_mcap=0.008|o_lu_follow=0.933,"官方日成交結構(MI_INDEX/dailyQuotes)=1|發行股數(MI_QFIIS/dailyQuotes)=1|外資持股(MI_QFIIS,僅上市)=1|自營商(T86/上櫃三大法人)=1|當沖(TWTB4U/上櫃intraday)=0|季財報(MOPS t163sb04)=1|月營收(MOPS/openapi)=1|官方產業別(MOPS t05st03)=1|融資券(MI_MARGN)=1|借券(TWT93U)=1|法人(T86)=1",935,inf,250.0,official_prepanel,194.4,1.0,0.0,0.0,0,1,9.594,33.21,11.07,1342.0,0,未扣成本·事後欄位以 m_ 標示·非投資建議
HC,2,2026-05-27,2026-05-28,8277,商丞,TPEx,S,,fP10|fV300,S0_atr14@5,55,322,漏網,660,0.042335,,atr14=0.464|n_lu_250=0.892|r20=0.610|c_ma120=0.068|vr20=0.794|days_since_lu=0.366|dt_ratio20=NaN|lend_to_v=0.018|rev_yoy=0.020|o_turn=0.230|o_log_mcap=0.000|o_lu_follow=0.821,"官方日成交結構(MI_INDEX/dailyQuotes)=1|發行股數(MI_QFIIS/dailyQuotes)=1|外資持股(MI_QFIIS,僅上市)=0|自營商(T86/上櫃三大法人)=1|當沖(TWTB4U/上櫃intraday)=0|季財報(MOPS t163sb04)=1|月營收(MOPS/openapi)=1|官方產業別(MOPS t05st03)=1|融資券(MI_MARGN)=1|借券(TWT93U)=1|法人(T86)=1",935,inf,250.0,official_prepanel,242.1,2.0,0.0,0.0,0,1,8.75,58.333,43.056,434.0,0,未扣成本·事後欄位以 m_ 標示·非投資建議
HC,2,2026-05-29,2026-06-01,3564,其陽,TPEx,S,,fV300,S0_atr14@5,46,325,漏網,505,0.0441,,atr14=0.506|n_lu_250=0.543|r20=0.796|c_ma120=0.430|vr20=0.778|days_since_lu=0.648|dt_ratio20=NaN|lend_to_v=0.608|rev_yoy=0.388|o_turn=0.410|o_log_mcap=0.137|o_lu_follow=0.115,"官方日成交結構(MI_INDEX/dailyQuotes)=1|發行股數(MI_QFIIS/dailyQuotes)=1|外資持股(MI_QFIIS,僅上市)=0|自營商(T86/上櫃三大法人)=1|當沖(TWTB4U/上櫃intraday)=1|季財報(MOPS t163sb04)=1|月營收(MOPS/openapi)=1|官方產業別(MOPS t05st03)=1|融資券(MI_MARGN)=1|借券(TWT93U)=1|法人(T86)=1",937,inf,250.0,official_prepanel,283.15,2.0,0.0,0.0,0,1,7.93,7.518,-2.781,1344.0,0,未扣成本·事後欄位以 m_ 標示·非投資建議
HC,2,2026-05-29,2026-06-01,5251,天鉞電,TPEx,S,,fV300,S0_atr14@5,188,325,漏網,1292,0.024077,,atr14=0.163|n_lu_250=0.720|r20=0.151|c_ma120=0.054|vr20=0.184|days_since_lu=0.689|dt_ratio20=NaN|lend_to_v=0.704|rev_yoy=0.774|o_turn=0.096|o_log_mcap=0.003|o_lu_follow=0.307,"官方日成交結構(MI_INDEX/dailyQuotes)=1|發行股數(MI_QFIIS/dailyQuotes)=1|外資持股(MI_QFIIS,僅上市)=0|自營商(T86/上櫃三大法人)=1|當沖(TWTB4U/上櫃intraday)=1|季財報(MOPS t163sb04)=1|月營收(MOPS/openapi)=1|官方產業別(MOPS t05st03)=1|融資券(MI_MARGN)=1|借券(TWT93U)=1|法人(T86)=1",937,inf,250.0,official_prepanel,126.6,1.0,0.0,0.0,0,1,10.964,17.769,13.422,412.0,0,未扣成本·事後欄位以 m_ 標示·非投資建議
HC,2,2026-05-29,2026-06-01,6140,訊達,TPEx,S,,fV300,S0_atr14@5,60,325,漏網,913,0.041033,,atr14=0.451|n_lu_250=0.720|r20=0.325|c_ma120=0.043|vr20=0.446|days_since_lu=0.319|dt_ratio20=NaN|lend_to_v=0.018|rev_yoy=0.042|o_turn=0.191|o_log_mcap=0.009|o_lu_follow=0.307,"官方日成交結構(MI_INDEX/dailyQuotes)=1|發行股數(MI_QFIIS/dailyQuotes)=1|外資持股(MI_QFIIS,僅上市)=0|自營商(T86/上櫃三大法人)=1|當沖(TWTB4U/上櫃intraday)=0|季財報(MOPS t163sb04)=1|月營收(MOPS/openapi)=1|官方產業別(MOPS t05st03)=1|融資券(MI_MARGN)=1|借券(TWT93U)=1|法人(T86)=1",937,inf,250.0,official_prepanel,213.1,2.0,0.0,0.0,0,1,3.25,16.0,11.0,447.0,0,未扣成本·事後欄位以 m_ 標示·非投資建議
HC,2,2026-05-29,2026-06-01,6148,驊宏資,TPEx,S,,fV300,S0_atr14@5,120,325,漏網,1141,0.032366,,atr14=0.300|n_lu_250=0.760|r20=0.133|c_ma120=0.055|vr20=0.237|days_since_lu=0.575|dt_ratio20=NaN|lend_to_v=0.737|rev_yoy=0.016|o_turn=0.200|o_log_mcap=0.028|o_lu_follow=0.543,"官方日成交結構(MI_INDEX/dailyQuotes)=1|發行股數(MI_QFIIS/dailyQuotes)=1|外資持股(MI_QFIIS,僅上市)=0|自營商(T86/上櫃三大法人)=1|當沖(TWTB4U/上櫃intraday)=1|季財報(MOPS t163sb04)=1|月營收(MOPS/openapi)=1|官方產業別(MOPS t05st03)=1|融資券(MI_MARGN)=1|借券(TWT93U)=1|法人(T86)=1",937,inf,250.0,official_prepanel,255.95,2.0,0.0,0.0,0,1,8.205,19.658,18.291,648.0,0,未扣成本·事後欄位以 m_ 標示·非投資建議
HC,2,2026-05-29,2026-06-01,6870,騰雲,TPEx,S,,fV300,S0_atr14@5,17,325,漏網,304,0.053437,,atr14=0.672|n_lu_250=0.456|r20=0.973|c_ma120=0.774|vr20=0.914|days_since_lu=0.011|dt_ratio20=NaN|lend_to_v=0.513|rev_yoy=0.897|o_turn=0.706|o_log_mcap=0.329|o_lu_follow=0.174,"官方日成交結構(MI_INDEX/dailyQuotes)=1|發行股數(MI_QFIIS/dailyQuotes)=1|外資持股(MI_QFIIS,僅上市)=0|自營商(T86/上櫃三大法人)=1|當沖(TWTB4U/上櫃intraday)=1|季財報(MOPS t163sb04)=1|月營收(MOPS/openapi)=1|官方產業別(MOPS t05st03)=1|融資券(MI_MARGN)=1|借券(TWT93U)=1|法人(T86)=1",654,654.0,250.0,official,189.3,1.0,0.0,0.0,0,1,5.216,2.698,8.273,233.0,0,未扣成本·事後欄位以 m_ 標示·非投資建議
HC,2,2026-06-01,2026-06-02,3268,海德威,TPEx,S,,fV300,S0_atr14@5,51,322,漏網,644,0.043549,,atr14=0.514|n_lu_250=0.550|r20=0.403|c_ma120=0.380|vr20=0.378|days_since_lu=0.329|dt_ratio20=NaN|lend_to_v=0.396|rev_yoy=0.274|o_turn=0.344|o_log_mcap=0.000|o_lu_follow=0.560,"官方日成交結構(MI_INDEX/dailyQuotes)=1|發行股數(MI_QFIIS/dailyQuotes)=1|外資持股(MI_QFIIS,僅上市)=0|自營商(T86/上櫃三大法人)=1|當沖(TWTB4U/上櫃intraday)=1|季財報(MOPS t163sb04)=1|月營收(MOPS/openapi)=1|官方產業別(MOPS t05st03)=1|融資券(MI_MARGN)=1|借券(TWT93U)=1|法人(T86)=1",938,inf,250.0,official_prepanel,254.45,2.0,0.0,0.0,0,1,10.286,13.429,12.286,1775.0,0,未扣成本·事後欄位以 m_ 標示·非投資建議
HC,2,2026-06-02,2026-06-03,3073,天方能源,TPEx,S,,fV300,S0_atr14@5,50,311,漏網,1089,0.042857,,atr14=0.477|n_lu_250=0.827|r20=0.124|c_ma120=0.005|vr20=0.429|days_since_lu=0.270|dt_ratio20=NaN|lend_to_v=0.517|rev_yoy=0.790|o_turn=0.195|o_log_mcap=0.002|o_lu_follow=0.470,"官方日成交結構(MI_INDEX/dailyQuotes)=1|發行股數(MI_QFIIS/dailyQuotes)=1|外資持股(MI_QFIIS,僅上市)=0|自營商(T86/上櫃三大法人)=1|當沖(TWTB4U/上櫃intraday)=1|季財報(MOPS t163sb04)=1|月營收(MOPS/openapi)=1|官方產業別(MOPS t05st03)=1|融資券(MI_MARGN)=1|借券(TWT93U)=1|法人(T86)=1",939,inf,250.0,official_prepanel,160.15,1.0,0.0,0.0,0,1,10.0,4.39,-0.488,332.0,0,未扣成本·事後欄位以 m_ 標示·非投資建議
HC,2,2026-06-02,2026-06-03,3284,太普高,TPEx,S,,fV300,S0_atr14@5,58,311,漏網,922,0.041685,,atr14=0.462|n_lu_250=0.710|r20=0.379|c_ma120=0.030|vr20=0.192|days_since_lu=0.238|dt_ratio20=NaN|lend_to_v=0.470|rev_yoy=0.095|o_turn=0.059|o_log_mcap=0.043|o_lu_follow=0.032,"官方日成交結構(MI_INDEX/dailyQuotes)=1|發行股數(MI_QFIIS/dailyQuotes)=1|外資持股(MI_QFIIS,僅上市)=0|自營商(T86/上櫃三大法人)=1|當沖(TWTB4U/上櫃intraday)=1|季財報(MOPS t163sb04)=1|月營收(MOPS/openapi)=1|官方產業別(MOPS t05st03)=1|融資券(MI_MARGN)=1|借券(TWT93U)=1|法人(T86)=1",939,inf,250.0,official_prepanel,278.15,2.0,0.0,0.0,0,1,8.411,26.791,25.857,674.0,0,未扣成本·事後欄位以 m_ 標示·非投資建議
HC,2,2026-06-04,2026-06-05,3520,華盈,TPEx,S,,fV300,S0_atr14@5,105,301,漏網,1289,0.03318,,atr14=0.306|n_lu_250=0.104|r20=0.329|c_ma120=0.272|vr20=0.954|days_since_lu=0.799|dt_ratio20=NaN|lend_to_v=0.645|rev_yoy=0.250|o_turn=0.678|o_log_mcap=0.006|o_lu_follow=0.693,"官方日成交結構(MI_INDEX/dailyQuotes)=1|發行股數(MI_QFIIS/dailyQuotes)=1|外資持股(MI_QFIIS,僅上市)=0|自營商(T86/上櫃三大法人)=1|當沖(TWTB4U/上櫃intraday)=1|季財報(MOPS t163sb04)=1|月營收(MOPS/openapi)=1|官方產業別(MOPS t05st03)=1|融資券(MI_MARGN)=1|借券(TWT93U)=1|法人(T86)=1",941,inf,250.0,official_prepanel,289.15,2.0,0.0,0.0,0,1,9.295,11.538,9.615,2051.0,0,未扣成本·事後欄位以 m_ 標示·非投資建議
HC,2,2026-06-09,2026-06-10,3557,嘉威,TWSE,S,,fV300,S0_atr14@5,74,297,漏網,1653,0.041744,,atr14=0.365|n_lu_250=0.260|r20=0.094|c_ma120=0.006|vr20=0.157|days_since_lu=0.373|dt_ratio20=0.140|lend_to_v=0.748|rev_yoy=0.203|o_turn=0.026|o_log_mcap=0.059|o_lu_follow=0.390,"官方日成交結構(MI_INDEX/dailyQuotes)=1|發行股數(MI_QFIIS/dailyQuotes)=1|外資持股(MI_QFIIS,僅上市)=1|自營商(T86/上櫃三大法人)=1|當沖(TWTB4U/上櫃intraday)=1|季財報(MOPS t163sb04)=1|月營收(MOPS/openapi)=1|官方產業別(MOPS t05st03)=1|融資券(MI_MARGN)=1|借券(TWT93U)=1|法人(T86)=1",944,inf,250.0,official_prepanel,191.65,1.0,0.0,0.0,0,1,5.833,15.417,7.5,149.0,0,未扣成本·事後欄位以 m_ 標示·非投資建議
HC,2,2026-06-10,2026-06-11,6241,鑫永洋,TPEx,S,,fV300,S0_atr14@5,102,306,漏網,655,0.039068,,atr14=0.284|n_lu_250=0.415|r20=0.905|c_ma120=0.320|vr20=0.980|days_since_lu=0.033|dt_ratio20=NaN|lend_to_v=0.016|rev_yoy=0.170|o_turn=0.753|o_log_mcap=0.000|o_lu_follow=0.832,"官方日成交結構(MI_INDEX/dailyQuotes)=1|發行股數(MI_QFIIS/dailyQuotes)=1|外資持股(MI_QFIIS,僅上市)=0|自營商(T86/上櫃三大法人)=1|當沖(TWTB4U/上櫃intraday)=0|季財報(MOPS t163sb04)=1|月營收(MOPS/openapi)=1|官方產業別(MOPS t05st03)=1|融資券(MI_MARGN)=1|借券(TWT93U)=1|法人(T86)=1",945,inf,250.0,official_prepanel,277.1,2.0,0.0,0.0,0,1,10.0,18.261,40.435,623.0,0,未扣成本·事後欄位以 m_ 標示·非投資建議
HC,2,2026-06-15,2026-06-16,6949,沛爾生醫*-創,TWSE,S,,fV300,S0_atr14@5,19,302,漏網,173,0.05888,,atr14=0.618|n_lu_250=0.818|r20=0.714|c_ma120=0.790|vr20=0.956|days_since_lu=0.604|dt_ratio20=0.516|lend_to_v=0.453|rev_yoy=0.571|o_turn=0.426|o_log_mcap=0.805|o_lu_follow=0.964,"官方日成交結構(MI_INDEX/dailyQuotes)=1|發行股數(MI_QFIIS/dailyQuotes)=1|外資持股(MI_QFIIS,僅上市)=1|自營商(T86/上櫃三大法人)=1|當沖(TWTB4U/上櫃intraday)=1|季財報(MOPS t163sb04)=1|月營收(MOPS/openapi)=1|官方產業別(MOPS t05st03)=1|融資券(MI_MARGN)=1|借券(TWT93U)=1|法人(T86)=1",551,551.0,250.0,official,178.85,1.0,0.0,0.0,0,1,8.824,11.364,16.444,462.0,0,未扣成本·事後欄位以 m_ 標示·非投資建議
HC,2,2026-06-16,2026-06-17,3296,勝德,TWSE,S,,fV300,S0_atr14@5,58,309,漏網,328,0.047667,,atr14=0.417|n_lu_250=0.633|r20=0.926|c_ma120=0.552|vr20=0.718|days_since_lu=0.078|dt_ratio20=0.215|lend_to_v=0.527|rev_yoy=0.625|o_turn=0.157|o_log_mcap=0.094|o_lu_follow=0.047,"官方日成交結構(MI_INDEX/dailyQuotes)=1|發行股數(MI_QFIIS/dailyQuotes)=1|外資持股(MI_QFIIS,僅上市)=1|自營商(T86/上櫃三大法人)=1|當沖(TWTB4U/上櫃intraday)=1|季財報(MOPS t163sb04)=1|月營收(MOPS/openapi)=1|官方產業別(MOPS t05st03)=1|融資券(MI_MARGN)=1|借券(TWT93U)=1|法人(T86)=1",949,inf,250.0,official_prepanel,233.6,2.0,0.0,0.0,0,1,12.215,15.942,22.36,555.0,0,未扣成本·事後欄位以 m_ 標示·非投資建議
HC,2,2026-06-17,2026-06-18,1725,元禎,TWSE,S,,fV300,S0_atr14@5,73,302,漏網,369,0.044368,,atr14=0.385|n_lu_250=0.683|r20=0.754|c_ma120=0.607|vr20=0.797|days_since_lu=0.592|dt_ratio20=0.498|lend_to_v=0.393|rev_yoy=0.556|o_turn=0.074|o_log_mcap=0.336|o_lu_follow=0.325,"官方日成交結構(MI_INDEX/dailyQuotes)=1|發行股數(MI_QFIIS/dailyQuotes)=1|外資持股(MI_QFIIS,僅上市)=1|自營商(T86/上櫃三大法人)=1|當沖(TWTB4U/上櫃intraday)=1|季財報(MOPS t163sb04)=1|月營收(MOPS/openapi)=1|官方產業別(MOPS t05st03)=1|融資券(MI_MARGN)=1|借券(TWT93U)=1|法人(T86)=1",950,inf,250.0,official_prepanel,218.05,2.0,0.0,0.0,0,1,9.985,2.937,1.965,767.0,0,未扣成本·事後欄位以 m_ 標示·非投資建議
HC,2,2026-06-25,2026-06-26,2906,高林,TWSE,S,,fV300,S0_atr14@5,229,294,漏網,1312,0.018478,,atr14=0.044|n_lu_250=0.092|r20=0.623|c_ma120=0.381|vr20=0.604|days_since_lu=0.885|dt_ratio20=0.011|lend_to_v=0.768|rev_yoy=0.235|o_turn=0.031|o_log_mcap=0.127|o_lu_follow=0.670,"官方日成交結構(MI_INDEX/dailyQuotes)=1|發行股數(MI_QFIIS/dailyQuotes)=1|外資持股(MI_QFIIS,僅上市)=1|自營商(T86/上櫃三大法人)=1|當沖(TWTB4U/上櫃intraday)=1|季財報(MOPS t163sb04)=1|月營收(MOPS/openapi)=1|官方產業別(MOPS t05st03)=1|融資券(MI_MARGN)=1|借券(TWT93U)=1|法人(T86)=1",955,inf,250.0,official_prepanel,196.9,1.0,0.0,0.0,0,1,4.412,5.147,2.941,2117.0,0,未扣成本·事後欄位以 m_ 標示·非投資建議
HC,2,2026-06-25,2026-06-26,5211,蒙恬,TPEx,S,,fV300,S0_atr14@5,98,294,漏網,972,0.035994,,atr14=0.259|n_lu_250=0.489|r20=0.715|c_ma120=0.038|vr20=0.480|days_since_lu=0.635|dt_ratio20=NaN|lend_to_v=0.201|rev_yoy=0.707|o_turn=0.193|o_log_mcap=0.000|o_lu_follow=0.115,"官方日成交結構(MI_INDEX/dailyQuotes)=1|發行股數(MI_QFIIS/dailyQuotes)=1|外資持股(MI_QFIIS,僅上市)=0|自營商(T86/上櫃三大法人)=1|當沖(TWTB4U/上櫃intraday)=1|季財報(MOPS t163sb04)=1|月營收(MOPS/openapi)=1|官方產業別(MOPS t05st03)=1|融資券(MI_MARGN)=1|借券(TWT93U)=1|法人(T86)=1",955,inf,250.0,official_prepanel,127.25,1.0,0.0,0.0,0,1,8.786,25.065,14.729,387.0,0,未扣成本·事後欄位以 m_ 標示·非投資建議
HC,2,2026-06-26,2026-06-29,1626,艾美特-KY,TWSE,S,,fP10|fV300,S0_atr14@5,202,294,漏網,1388,0.021312,,atr14=0.068|n_lu_250=0.478|r20=0.458|c_ma120=0.183|vr20=0.200|days_since_lu=0.641|dt_ratio20=0.096|lend_to_v=0.589|rev_yoy=0.175|o_turn=0.014|o_log_mcap=0.037|o_lu_follow=0.571,"官方日成交結構(MI_INDEX/dailyQuotes)=1|發行股數(MI_QFIIS/dailyQuotes)=1|外資持股(MI_QFIIS,僅上市)=1|自營商(T86/上櫃三大法人)=1|當沖(TWTB4U/上櫃intraday)=1|季財報(MOPS t163sb04)=1|月營收(MOPS/openapi)=1|官方產業別(MOPS t05st03)=1|融資券(MI_MARGN)=1|借券(TWT93U)=1|法人(T86)=1",956,inf,250.0,official_prepanel,200.75,2.0,0.0,0.0,0,1,7.463,11.443,1.99,435.0,0,未扣成本·事後欄位以 m_ 標示·非投資建議
HC,2,2026-06-26,2026-06-29,7714,創泓科技,TPEx,S,,fV300,S0_atr14@5,37,294,漏網,494,0.051793,,atr14=0.534|n_lu_250=0.775|r20=0.822|c_ma120=0.170|vr20=0.080|days_since_lu=0.270|dt_ratio20=NaN|lend_to_v=0.209|rev_yoy=0.599|o_turn=0.201|o_log_mcap=0.128|o_lu_follow=0.478,"官方日成交結構(MI_INDEX/dailyQuotes)=1|發行股數(MI_QFIIS/dailyQuotes)=1|外資持股(MI_QFIIS,僅上市)=0|自營商(T86/上櫃三大法人)=1|當沖(TWTB4U/上櫃intraday)=1|季財報(MOPS t163sb04)=1|月營收(MOPS/openapi)=1|官方產業別(MOPS t05st03)=1|融資券(MI_MARGN)=1|借券(TWT93U)=1|法人(T86)=1",348,348.0,250.0,official,172.5,1.0,0.0,0.0,0,1,10.843,28.112,48.193,174.0,0,未扣成本·事後欄位以 m_ 標示·非投資建議
HC,2,2026-06-29,2026-06-30,6617,共信-KY,TPEx,S,,fV300,S0_atr14@5,104,298,漏網,1349,0.031771,,atr14=0.239|n_lu_250=0.716|r20=0.200|c_ma120=0.087|vr20=0.693|days_since_lu=0.425|dt_ratio20=NaN|lend_to_v=0.916|rev_yoy=0.850|o_turn=0.079|o_log_mcap=0.402|o_lu_follow=0.551,"官方日成交結構(MI_INDEX/dailyQuotes)=1|發行股數(MI_QFIIS/dailyQuotes)=1|外資持股(MI_QFIIS,僅上市)=0|自營商(T86/上櫃三大法人)=1|當沖(TWTB4U/上櫃intraday)=1|季財報(MOPS t163sb04)=1|月營收(MOPS/openapi)=1|官方產業別(MOPS t05st03)=1|融資券(MI_MARGN)=1|借券(TWT93U)=1|法人(T86)=1",492,492.0,250.0,official,186.15,1.0,0.0,0.0,0,1,3.259,50.37,55.556,265.0,0,未扣成本·事後欄位以 m_ 標示·非投資建議
HC,2,2026-06-30,2026-07-01,2250,IKKA-KY,TWSE,S,,fV300,S0_atr14@5,163,301,漏網,1381,0.025412,,atr14=0.149|n_lu_250=0.338|r20=0.440|c_ma120=0.167|vr20=0.887|days_since_lu=0.773|dt_ratio20=0.364|lend_to_v=0.830|rev_yoy=0.107|o_turn=0.367|o_log_mcap=0.085|o_lu_follow=0.245,"官方日成交結構(MI_INDEX/dailyQuotes)=1|發行股數(MI_QFIIS/dailyQuotes)=1|外資持股(MI_QFIIS,僅上市)=1|自營商(T86/上櫃三大法人)=1|當沖(TWTB4U/上櫃intraday)=1|季財報(MOPS t163sb04)=1|月營收(MOPS/openapi)=1|官方產業別(MOPS t05st03)=1|融資券(MI_MARGN)=1|借券(TWT93U)=1|法人(T86)=1",958,inf,250.0,official_prepanel,108.6,1.0,0.0,0.0,0,1,9.936,10.256,2.564,377.0,0,未扣成本·事後欄位以 m_ 標示·非投資建議
HC,2,2026-06-30,2026-07-01,5460,同協,TPEx,S,,fV300,S0_atr14@5,122,301,漏網,651,0.029572,,atr14=0.232|n_lu_250=0.338|r20=0.764|c_ma120=0.446|vr20=1.000|days_since_lu=0.798|dt_ratio20=NaN|lend_to_v=0.381|rev_yoy=0.492|o_turn=0.912|o_log_mcap=0.003|o_lu_follow=0.929,"官方日成交結構(MI_INDEX/dailyQuotes)=1|發行股數(MI_QFIIS/dailyQuotes)=1|外資持股(MI_QFIIS,僅上市)=0|自營商(T86/上櫃三大法人)=1|當沖(TWTB4U/上櫃intraday)=1|季財報(MOPS t163sb04)=1|月營收(MOPS/openapi)=1|官方產業別(MOPS t05st03)=1|融資券(MI_MARGN)=1|借券(TWT93U)=1|法人(T86)=1",958,inf,250.0,official_prepanel,188.1,1.0,0.0,0.0,0,1,9.177,10.759,8.861,1125.0,0,未扣成本·事後欄位以 m_ 標示·非投資建議
HC,3,2026-07-02,2026-07-03,3349,寶德,TPEx,S,,fV300,S0_atr14@5,88,302,漏網,698,0.033571,,atr14=0.326|n_lu_250=0.673|r20=0.872|c_ma120=0.014|vr20=0.759|days_since_lu=0.013|dt_ratio20=NaN|lend_to_v=NaN|rev_yoy=0.552|o_turn=0.484|o_log_mcap=0.004|o_lu_follow=0.324,"官方日成交結構(MI_INDEX/dailyQuotes)=1|發行股數(MI_QFIIS/dailyQuotes)=1|外資持股(MI_QFIIS,僅上市)=0|自營商(T86/上櫃三大法人)=1|當沖(TWTB4U/上櫃intraday)=0|季財報(MOPS t163sb04)=1|月營收(MOPS/openapi)=1|官方產業別(MOPS t05st03)=1|融資券(MI_MARGN)=0|借券(TWT93U)=0|法人(T86)=1",960,inf,250.0,official_prepanel,261.15,2.0,0.0,0.0,0,1,10.0,19.5,14.5,483.0,0,未扣成本·事後欄位以 m_ 標示·非投資建議
HC,3,2026-07-02,2026-07-03,3564,其陽,TPEx,S,,fV300,S0_atr14@5,42,302,漏網,1072,0.044023,,atr14=0.536|n_lu_250=0.414|r20=0.040|c_ma120=0.305|vr20=0.478|days_since_lu=0.406|dt_ratio20=NaN|lend_to_v=0.575|rev_yoy=0.533|o_turn=0.313|o_log_mcap=0.104|o_lu_follow=0.842,"官方日成交結構(MI_INDEX/dailyQuotes)=1|發行股數(MI_QFIIS/dailyQuotes)=1|外資持股(MI_QFIIS,僅上市)=0|自營商(T86/上櫃三大法人)=1|當沖(TWTB4U/上櫃intraday)=1|季財報(MOPS t163sb04)=1|月營收(MOPS/openapi)=1|官方產業別(MOPS t05st03)=1|融資券(MI_MARGN)=1|借券(TWT93U)=1|法人(T86)=1",960,inf,250.0,official_prepanel,266.3,2.0,0.0,0.0,1,0,0.0,8.526,-7.059,238.0,0,未扣成本·事後欄位以 m_ 標示·非投資建議
HC,3,2026-07-02,2026-07-03,6732,昇佳電子,TPEx,S,,fV300,S0_atr14@5,58,302,漏網,534,0.040256,,atr14=0.458|n_lu_250=0.490|r20=0.592|c_ma120=0.503|vr20=0.868|days_since_lu=0.732|dt_ratio20=NaN|lend_to_v=0.822|rev_yoy=0.043|o_turn=0.504|o_log_mcap=0.383|o_lu_follow=0.571,"官方日成交結構(MI_INDEX/dailyQuotes)=1|發行股數(MI_QFIIS/dailyQuotes)=1|外資持股(MI_QFIIS,僅上市)=0|自營商(T86/上櫃三大法人)=1|當沖(TWTB4U/上櫃intraday)=1|季財報(MOPS t163sb04)=1|月營收(MOPS/openapi)=1|官方產業別(MOPS t05st03)=1|融資券(MI_MARGN)=1|借券(TWT93U)=1|法人(T86)=1",960,inf,250.0,official_prepanel,201.95,2.0,0.0,0.0,0,1,9.827,13.295,11.85,1230.0,0,未扣成本·事後欄位以 m_ 標示·非投資建議
HC,3,2026-07-02,2026-07-03,8109,博大,TPEx,S,,fV300,S0_atr14@5,104,302,漏網,481,0.031529,,atr14=0.293|n_lu_250=0.331|r20=0.829|c_ma120=0.663|vr20=0.641|days_since_lu=0.532|dt_ratio20=NaN|lend_to_v=0.432|rev_yoy=0.602|o_turn=0.226|o_log_mcap=0.456|o_lu_follow=0.244,"官方日成交結構(MI_INDEX/dailyQuotes)=1|發行股數(MI_QFIIS/dailyQuotes)=1|外資持股(MI_QFIIS,僅上市)=0|自營商(T86/上櫃三大法人)=1|當沖(TWTB4U/上櫃intraday)=1|季財報(MOPS t163sb04)=1|月營收(MOPS/openapi)=1|官方產業別(MOPS t05st03)=1|融資券(MI_MARGN)=1|借券(TWT93U)=1|法人(T86)=1",960,inf,250.0,official_prepanel,254.1,2.0,0.0,0.0,0,1,9.766,17.969,1.953,923.0,0,未扣成本·事後欄位以 m_ 標示·非投資建議
HC,3,2026-07-08,2026-07-09,6933,AMAX-KY,TWSE,S,,fV300,S0_atr14@5,52,316,漏網,868,0.045047,,atr14=0.468|n_lu_250=0.925|r20=0.180|c_ma120=0.150|vr20=0.423|days_since_lu=0.098|dt_ratio20=0.397|lend_to_v=0.700|rev_yoy=0.859|o_turn=0.148|o_log_mcap=0.306|o_lu_follow=0.904,"官方日成交結構(MI_INDEX/dailyQuotes)=1|發行股數(MI_QFIIS/dailyQuotes)=1|外資持股(MI_QFIIS,僅上市)=1|自營商(T86/上櫃三大法人)=1|當沖(TWTB4U/上櫃intraday)=1|季財報(MOPS t163sb04)=1|月營收(MOPS/openapi)=1|官方產業別(MOPS t05st03)=1|融資券(MI_MARGN)=1|借券(TWT93U)=1|法人(T86)=1",645,645.0,250.0,official,148.5,1.0,0.0,0.0,1,0,0.0,4.137,8.006,140.0,0,未扣成本·事後欄位以 m_ 標示·非投資建議
HC,3,2026-07-15,2026-07-16,1526,日馳,TWSE,S,,fV300,S0_atr14@5,166,328,漏網,1261,0.028222,,atr14=0.176|n_lu_250=0.570|r20=0.487|c_ma120=0.044|vr20=0.790|days_since_lu=0.764|dt_ratio20=0.017|lend_to_v=0.792|rev_yoy=0.076|o_turn=0.113|o_log_mcap=0.004|o_lu_follow=0.969,"官方日成交結構(MI_INDEX/dailyQuotes)=1|發行股數(MI_QFIIS/dailyQuotes)=1|外資持股(MI_QFIIS,僅上市)=1|自營商(T86/上櫃三大法人)=1|當沖(TWTB4U/上櫃intraday)=1|季財報(MOPS t163sb04)=1|月營收(MOPS/openapi)=1|官方產業別(MOPS t05st03)=1|融資券(MI_MARGN)=1|借券(TWT93U)=1|法人(T86)=1",968,inf,250.0,official_prepanel,102.0,1.0,0.0,0.0,0,1,7.167,10.922,29.01,1024.0,0,未扣成本·事後欄位以 m_ 標示·非投資建議
HC,3,2026-07-16,2026-07-17,5450,南良,TPEx,S,,fV300,S0_atr14@5,108,332,漏網,346,0.038018,,atr14=0.306|n_lu_250=0.495|r20=0.866|c_ma120=0.635|vr20=0.994|days_since_lu=0.321|dt_ratio20=NaN|lend_to_v=0.167|rev_yoy=0.528|o_turn=0.691|o_log_mcap=0.057|o_lu_follow=0.076,"官方日成交結構(MI_INDEX/dailyQuotes)=1|發行股數(MI_QFIIS/dailyQuotes)=1|外資持股(MI_QFIIS,僅上市)=0|自營商(T86/上櫃三大法人)=1|當沖(TWTB4U/上櫃intraday)=1|季財報(MOPS t163sb04)=1|月營收(MOPS/openapi)=1|官方產業別(MOPS t05st03)=1|融資券(MI_MARGN)=1|借券(TWT93U)=1|法人(T86)=1",969,inf,250.0,official_prepanel,259.25,2.0,0.0,0.0,0,1,11.438,5.229,-7.516,1364.0,0,未扣成本·事後欄位以 m_ 標示·非投資建議
HC,3,2026-07-17,2026-07-20,6969,成信實業*-創,TWSE,S,,fV300,S0_atr14@5,56,329,漏網,1205,0.050149,,atr14=0.424|n_lu_250=0.550|r20=0.438|c_ma120=0.085|vr20=0.641|days_since_lu=0.096|dt_ratio20=NaN|lend_to_v=NaN|rev_yoy=0.140|o_turn=0.089|o_log_mcap=0.011|o_lu_follow=0.837,"官方日成交結構(MI_INDEX/dailyQuotes)=1|發行股數(MI_QFIIS/dailyQuotes)=1|外資持股(MI_QFIIS,僅上市)=1|自營商(T86/上櫃三大法人)=1|當沖(TWTB4U/上櫃intraday)=0|季財報(MOPS t163sb04)=1|月營收(MOPS/openapi)=1|官方產業別(MOPS t05st03)=1|融資券(MI_MARGN)=0|借券(TWT93U)=0|法人(T86)=1",448,448.0,250.0,official,110.05,1.0,0.0,0.0,1,0,0.0,46.023,21.78,1630.0,0,未扣成本·事後欄位以 m_ 標示·非投資建議
HC,3,2026-07-20,2026-07-21,7709,榮田,TPEx,S,,fV300,S0_atr14@5,16,336,漏網,947,0.065884,,atr14=0.604|n_lu_250=0.900|r20=0.030|c_ma120=0.183|vr20=0.363|days_since_lu=0.537|dt_ratio20=NaN|lend_to_v=0.232|rev_yoy=0.018|o_turn=0.224|o_log_mcap=0.123|o_lu_follow=0.909,"官方日成交結構(MI_INDEX/dailyQuotes)=1|發行股數(MI_QFIIS/dailyQuotes)=1|外資持股(MI_QFIIS,僅上市)=0|自營商(T86/上櫃三大法人)=1|當沖(TWTB4U/上櫃intraday)=1|季財報(MOPS t163sb04)=1|月營收(MOPS/openapi)=1|官方產業別(MOPS t05st03)=1|融資券(MI_MARGN)=1|借券(TWT93U)=1|法人(T86)=1",341,341.0,250.0,official,180.0,1.0,0.0,0.0,1,0,0.0,-5.263,-6.094,56.0,0,未扣成本·事後欄位以 m_ 標示·非投資建議
HC,3,2026-07-21,2026-07-22,3523,迎輝,TPEx,S,,fV300|fH125,S0_atr14@5,88,338,漏網,1009,0.044388,,atr14=0.354|n_lu_250=0.929|r20=0.201|c_ma120=0.187|vr20=0.000|days_since_lu=0.321|dt_ratio20=NaN|lend_to_v=0.019|rev_yoy=0.777|o_turn=0.000|o_log_mcap=0.003|o_lu_follow=0.992,"官方日成交結構(MI_INDEX/dailyQuotes)=1|發行股數(MI_QFIIS/dailyQuotes)=1|外資持股(MI_QFIIS,僅上市)=0|自營商(T86/上櫃三大法人)=1|當沖(TWTB4U/上櫃intraday)=0|季財報(MOPS t163sb04)=1|月營收(MOPS/openapi)=1|官方產業別(MOPS t05st03)=1|融資券(MI_MARGN)=1|借券(TWT93U)=1|法人(T86)=1",972,inf,250.0,official_prepanel,102.35,1.0,0.0,0.0,0,1,12.0,10.545,10.182,42.0,0,未扣成本·事後欄位以 m_ 標示·非投資建議
HC,3,2026-07-23,2026-07-24,1799,易威,TPEx,S,,fV300,S0_atr14@5,106,343,漏網,458,0.04044,,atr14=0.307|n_lu_250=0.595|r20=0.878|c_ma120=0.260|vr20=0.841|days_since_lu=0.738|dt_ratio20=NaN|lend_to_v=0.019|rev_yoy=0.854|o_turn=0.072|o_log_mcap=0.213|o_lu_follow=0.935,"官方日成交結構(MI_INDEX/dailyQuotes)=1|發行股數(MI_QFIIS/dailyQuotes)=1|外資持股(MI_QFIIS,僅上市)=0|自營商(T86/上櫃三大法人)=1|當沖(TWTB4U/上櫃intraday)=0|季財報(MOPS t163sb04)=1|月營收(MOPS/openapi)=1|官方產業別(MOPS t05st03)=1|融資券(MI_MARGN)=1|借券(TWT93U)=1|法人(T86)=1",974,inf,250.0,official_prepanel,129.45,1.0,0.0,0.0,0,1,10.0,-2.769,-1.077,367.0,0,未扣成本·事後欄位以 m_ 標示·非投資建議
HC,3,2026-07-27,2026-07-28,6733,博晟生醫,TPEx,S,,fV300,S0_atr14@5,182,349,漏網,1388,0.030719,,atr14=0.214|n_lu_250=0.355|r20=0.684|c_ma120=0.045|vr20=0.559|days_since_lu=0.829|dt_ratio20=NaN|lend_to_v=NaN|rev_yoy=0.840|o_turn=0.034|o_log_mcap=0.163|o_lu_follow=0.991,"官方日成交結構(MI_INDEX/dailyQuotes)=1|發行股數(MI_QFIIS/dailyQuotes)=1|外資持股(MI_QFIIS,僅上市)=0|自營商(T86/上櫃三大法人)=1|當沖(TWTB4U/上櫃intraday)=0|季財報(MOPS t163sb04)=1|月營收(MOPS/openapi)=1|官方產業別(MOPS t05st03)=1|融資券(MI_MARGN)=0|借券(TWT93U)=0|法人(T86)=1",976,inf,250.0,official_prepanel,175.55,1.0,0.0,0.0,1,0,0.0,1.711,-1.331,216.0,0,未扣成本·事後欄位以 m_ 標示·非投資建議
HC,3,2026-07-30,2026-07-31,7750,新代,TWSE,S,,fV300,S0_atr14@5,12,346,漏網,184,0.078764,,atr14=0.677|n_lu_250=0.419|r20=0.641|c_ma120=0.697|vr20=0.821|days_since_lu=0.654|dt_ratio20=0.573|lend_to_v=0.298|rev_yoy=0.942|o_turn=0.270|o_log_mcap=0.904|o_lu_follow=0.569,"官方日成交結構(MI_INDEX/dailyQuotes)=1|發行股數(MI_QFIIS/dailyQuotes)=1|外資持股(MI_QFIIS,僅上市)=1|自營商(T86/上櫃三大法人)=1|當沖(TWTB4U/上櫃intraday)=1|季財報(MOPS t163sb04)=1|月營收(MOPS/openapi)=1|官方產業別(MOPS t05st03)=1|融資券(MI_MARGN)=1|借券(TWT93U)=1|法人(T86)=1",208,208.0,208.0,official,185.8,1.0,0.0,0.0,0,1,1.75,18.25,18.0,190.0,0,未扣成本·事後欄位以 m_ 標示·非投資建議
HC,3,2026-08-04,2026-08-05,2070,精湛,TPEx,S,,fV300,S0_atr14@5,53,356,漏網,931,0.05209,,atr14=0.506|n_lu_250=0.716|r20=0.175|c_ma120=0.265|vr20=0.088|days_since_lu=0.601|dt_ratio20=NaN|lend_to_v=0.504|rev_yoy=0.686|o_turn=0.064|o_log_mcap=0.067|o_lu_follow=0.530,"官方日成交結構(MI_INDEX/dailyQuotes)=1|發行股數(MI_QFIIS/dailyQuotes)=1|外資持股(MI_QFIIS,僅上市)=0|自營商(T86/上櫃三大法人)=1|當沖(TWTB4U/上櫃intraday)=1|季財報(MOPS t163sb04)=1|月營收(MOPS/openapi)=1|官方產業別(MOPS t05st03)=1|融資券(MI_MARGN)=1|借券(TWT93U)=1|法人(T86)=1",982,inf,250.0,official_prepanel,158.1,1.0,0.0,0.0,1,0,0.0,11.321,26.226,58.0,0,未扣成本·事後欄位以 m_ 標示·非投資建議
HC,3,2026-08-04,2026-08-05,7711,永擎,TWSE,S,,fV300,S0_atr14@5,104,356,漏網,690,0.044002,,atr14=0.381|n_lu_250=0.716|r20=0.612|c_ma120=0.465|vr20=0.695|days_since_lu=0.587|dt_ratio20=0.379|lend_to_v=0.621|rev_yoy=0.941|o_turn=0.278|o_log_mcap=0.664|o_lu_follow=0.859,"官方日成交結構(MI_INDEX/dailyQuotes)=1|發行股數(MI_QFIIS/dailyQuotes)=1|外資持股(MI_QFIIS,僅上市)=1|自營商(T86/上櫃三大法人)=1|當沖(TWTB4U/上櫃intraday)=1|季財報(MOPS t163sb04)=1|月營收(MOPS/openapi)=1|官方產業別(MOPS t05st03)=1|融資券(MI_MARGN)=1|借券(TWT93U)=1|法人(T86)=1",170,170.0,170.0,official,196.75,1.0,0.0,0.0,1,0,0.0,23.708,49.544,74.0,0,未扣成本·事後欄位以 m_ 標示·非投資建議
HC,3,2026-08-05,2026-08-06,4561,健椿,TPEx,S,,fV300,S0_atr14@5,72,357,漏網,776,0.048707,,atr14=0.469|n_lu_250=0.792|r20=0.343|c_ma120=0.234|vr20=0.755|days_since_lu=0.362|dt_ratio20=NaN|lend_to_v=0.642|rev_yoy=0.752|o_turn=0.326|o_log_mcap=0.070|o_lu_follow=0.867,"官方日成交結構(MI_INDEX/dailyQuotes)=1|發行股數(MI_QFIIS/dailyQuotes)=1|外資持股(MI_QFIIS,僅上市)=0|自營商(T86/上櫃三大法人)=1|當沖(TWTB4U/上櫃intraday)=1|季財報(MOPS t163sb04)=1|月營收(MOPS/openapi)=1|官方產業別(MOPS t05st03)=1|融資券(MI_MARGN)=1|借券(TWT93U)=1|法人(T86)=1",983,inf,250.0,official_prepanel,172.0,1.0,0.0,0.0,0,1,3.101,18.992,22.222,392.0,0,未扣成本·事後欄位以 m_ 標示·非投資建議
HC,3,2026-08-06,2026-08-07,6716,應廣,TPEx,S,,fV300,S0_atr14@5,31,350,漏網,427,0.055829,,atr14=0.596|n_lu_250=0.869|r20=0.271|c_ma120=0.540|vr20=0.627|days_since_lu=0.151|dt_ratio20=NaN|lend_to_v=0.219|rev_yoy=0.842|o_turn=0.673|o_log_mcap=0.101|o_lu_follow=0.863,"官方日成交結構(MI_INDEX/dailyQuotes)=1|發行股數(MI_QFIIS/dailyQuotes)=1|外資持股(MI_QFIIS,僅上市)=0|自營商(T86/上櫃三大法人)=1|當沖(TWTB4U/上櫃intraday)=1|季財報(MOPS t163sb04)=1|月營收(MOPS/openapi)=1|官方產業別(MOPS t05st03)=1|融資券(MI_MARGN)=1|借券(TWT93U)=1|法人(T86)=1",984,inf,250.0,official_prepanel,284.55,2.0,0.0,0.0,1,0,0.0,22.78,38.976,219.0,0,未扣成本·事後欄位以 m_ 標示·非投資建議
HC,3,2026-08-07,2026-08-10,2033,佳大,TWSE,S,,fV300,S0_atr14@5,186,348,漏網,407,0.028992,,atr14=0.207|n_lu_250=0.304|r20=0.913|c_ma120=0.701|vr20=0.926|days_since_lu=0.802|dt_ratio20=0.111|lend_to_v=0.264|rev_yoy=0.060|o_turn=0.993|o_log_mcap=0.020|o_lu_follow=0.235,"官方日成交結構(MI_INDEX/dailyQuotes)=1|發行股數(MI_QFIIS/dailyQuotes)=1|外資持股(MI_QFIIS,僅上市)=1|自營商(T86/上櫃三大法人)=1|當沖(TWTB4U/上櫃intraday)=1|季財報(MOPS t163sb04)=1|月營收(MOPS/openapi)=1|官方產業別(MOPS t05st03)=1|融資券(MI_MARGN)=1|借券(TWT93U)=1|法人(T86)=1",985,inf,250.0,official_prepanel,246.95,2.0,0.0,0.0,0,1,10.0,32.941,29.412,1726.0,0,未扣成本·事後欄位以 m_ 標示·非投資建議
HC,3,2026-08-07,2026-08-10,5468,凱鈺,TPEx,S,,fV300,S0_atr14@5,22,348,漏網,186,0.061829,,atr14=0.716|n_lu_250=0.930|r20=0.351|c_ma120=0.909|vr20=0.376|days_since_lu=0.261|dt_ratio20=NaN|lend_to_v=0.016|rev_yoy=0.729|o_turn=0.335|o_log_mcap=0.023|o_lu_follow=0.985,"官方日成交結構(MI_INDEX/dailyQuotes)=1|發行股數(MI_QFIIS/dailyQuotes)=1|外資持股(MI_QFIIS,僅上市)=0|自營商(T86/上櫃三大法人)=1|當沖(TWTB4U/上櫃intraday)=0|季財報(MOPS t163sb04)=1|月營收(MOPS/openapi)=1|官方產業別(MOPS t05st03)=1|融資券(MI_MARGN)=1|借券(TWT93U)=1|法人(T86)=1",985,inf,250.0,official_prepanel,299.5,2.0,0.0,0.0,0,1,3.731,13.246,4.291,424.0,0,未扣成本·事後欄位以 m_ 標示·非投資建議
HC,3,2026-08-18,2026-08-19,3508,位速,TPEx,S,,fV300,S0_atr14@5,34,357,漏網,373,0.049517,,atr14=0.598|n_lu_250=0.868|r20=0.983|c_ma120=0.079|vr20=0.997|days_since_lu=0.664|dt_ratio20=NaN|lend_to_v=0.015|rev_yoy=0.390|o_turn=0.485|o_log_mcap=0.045|o_lu_follow=0.914,"官方日成交結構(MI_INDEX/dailyQuotes)=1|發行股數(MI_QFIIS/dailyQuotes)=1|外資持股(MI_QFIIS,僅上市)=0|自營商(T86/上櫃三大法人)=1|當沖(TWTB4U/上櫃intraday)=0|季財報(MOPS t163sb04)=1|月營收(MOPS/openapi)=1|官方產業別(MOPS t05st03)=1|融資券(MI_MARGN)=1|借券(TWT93U)=1|法人(T86)=1",992,inf,250.0,official_prepanel,109.0,1.0,0.0,0.0,0,1,3.409,1.818,0.909,1077.0,0,未扣成本·事後欄位以 m_ 標示·非投資建議
HC,3,2026-08-24,2026-08-25,6949,沛爾生醫*-創,TWSE,S,,fV300,S0_atr14@5,20,358,漏網,76,0.052458,,atr14=0.712|n_lu_250=0.616|r20=0.961|c_ma120=0.990|vr20=0.961|days_since_lu=0.432|dt_ratio20=0.576|lend_to_v=0.014|rev_yoy=0.048|o_turn=0.718|o_log_mcap=0.837|o_lu_follow=0.571,"官方日成交結構(MI_INDEX/dailyQuotes)=1|發行股數(MI_QFIIS/dailyQuotes)=1|外資持股(MI_QFIIS,僅上市)=1|自營商(T86/上櫃三大法人)=1|當沖(TWTB4U/上櫃intraday)=1|季財報(MOPS t163sb04)=1|月營收(MOPS/openapi)=1|官方產業別(MOPS t05st03)=1|融資券(MI_MARGN)=1|借券(TWT93U)=1|法人(T86)=1",599,599.0,250.0,official,243.2,2.0,0.0,0.0,0,1,8.4,,7.36,984.0,0,未扣成本·事後欄位以 m_ 標示·非投資建議
HC,3,2026-08-25,2026-08-26,3354,律勝,TPEx,S,,fV300,S0_atr14@5,112,356,漏網,957,0.031863,,atr14=0.355|n_lu_250=0.805|r20=0.277|c_ma120=0.021|vr20=0.356|days_since_lu=0.725|dt_ratio20=NaN|lend_to_v=0.639|rev_yoy=0.524|o_turn=0.056|o_log_mcap=0.011|o_lu_follow=0.881,"官方日成交結構(MI_INDEX/dailyQuotes)=1|發行股數(MI_QFIIS/dailyQuotes)=1|外資持股(MI_QFIIS,僅上市)=0|自營商(T86/上櫃三大法人)=1|當沖(TWTB4U/上櫃intraday)=1|季財報(MOPS t163sb04)=1|月營收(MOPS/openapi)=1|官方產業別(MOPS t05st03)=1|融資券(MI_MARGN)=1|借券(TWT93U)=1|法人(T86)=1",997,inf,250.0,official_prepanel,107.7,1.0,0.0,0.0,0,1,9.268,15.61,38.049,700.0,0,未扣成本·事後欄位以 m_ 標示·非投資建議
HC,3,2026-09-02,2026-09-03,3021,鴻名,TWSE,S,,fV300,S0_atr14@5,149,342,漏網,1081,0.023987,,atr14=0.230|n_lu_250=0.736|r20=0.168|c_ma120=0.208|vr20=0.293|days_since_lu=0.438|dt_ratio20=0.246|lend_to_v=0.636|rev_yoy=0.124|o_turn=0.033|o_log_mcap=0.025|o_lu_follow=0.999,"官方日成交結構(MI_INDEX/dailyQuotes)=1|發行股數(MI_QFIIS/dailyQuotes)=1|外資持股(MI_QFIIS,僅上市)=1|自營商(T86/上櫃三大法人)=1|當沖(TWTB4U/上櫃intraday)=1|季財報(MOPS t163sb04)=1|月營收(MOPS/openapi)=1|官方產業別(MOPS t05st03)=1|融資券(MI_MARGN)=1|借券(TWT93U)=1|法人(T86)=1",1003,inf,250.0,official_prepanel,111.7,1.0,0.0,0.0,0,1,9.95,23.134,34.826,525.0,0,未扣成本·事後欄位以 m_ 標示·非投資建議
HC,3,2026-09-04,2026-09-07,6441,廣錠,TPEx,S,,fV300,S0_atr14@5,128,348,漏網,1135,0.02602,,atr14=0.278|n_lu_250=0.713|r20=0.068|c_ma120=0.214|vr20=0.026|days_since_lu=0.293|dt_ratio20=NaN|lend_to_v=0.808|rev_yoy=0.016|o_turn=0.021|o_log_mcap=0.005|o_lu_follow=0.965,"官方日成交結構(MI_INDEX/dailyQuotes)=1|發行股數(MI_QFIIS/dailyQuotes)=1|外資持股(MI_QFIIS,僅上市)=0|自營商(T86/上櫃三大法人)=1|當沖(TWTB4U/上櫃intraday)=1|季財報(MOPS t163sb04)=1|月營收(MOPS/openapi)=1|官方產業別(MOPS t05st03)=1|融資券(MI_MARGN)=1|借券(TWT93U)=1|法人(T86)=1",1005,inf,250.0,official_prepanel,103.6,1.0,0.0,0.0,1,0,0.0,8.442,-0.866,170.0,0,未扣成本·事後欄位以 m_ 標示·非投資建議
HC,3,2026-09-10,2026-09-11,2468,華經,TWSE,S,,fV300,S0_atr14@5,170,350,漏網,932,0.022932,,atr14=0.210|n_lu_250=0.675|r20=0.365|c_ma120=0.287|vr20=0.372|days_since_lu=0.550|dt_ratio20=0.449|lend_to_v=0.758|rev_yoy=0.357|o_turn=0.240|o_log_mcap=0.041|o_lu_follow=0.499,"官方日成交結構(MI_INDEX/dailyQuotes)=1|發行股數(MI_QFIIS/dailyQuotes)=1|外資持股(MI_QFIIS,僅上市)=1|自營商(T86/上櫃三大法人)=1|當沖(TWTB4U/上櫃intraday)=1|季財報(MOPS t163sb04)=1|月營收(MOPS/openapi)=1|官方產業別(MOPS t05st03)=1|融資券(MI_MARGN)=1|借券(TWT93U)=1|法人(T86)=1",1009,inf,250.0,official_prepanel,261.6,2.0,0.0,0.0,0,1,8.485,26.364,40.152,4234.0,0,未扣成本·事後欄位以 m_ 標示·非投資建議
HC,3,2026-09-10,2026-09-11,6148,驊宏資,TPEx,S,,fV300,S0_atr14@5,186,350,漏網,867,0.022036,,atr14=0.194|n_lu_250=0.705|r20=0.488|c_ma120=0.212|vr20=0.280|days_since_lu=0.355|dt_ratio20=NaN|lend_to_v=0.868|rev_yoy=0.012|o_turn=0.124|o_log_mcap=0.008|o_lu_follow=0.471,"官方日成交結構(MI_INDEX/dailyQuotes)=1|發行股數(MI_QFIIS/dailyQuotes)=1|外資持股(MI_QFIIS,僅上市)=0|自營商(T86/上櫃三大法人)=1|當沖(TWTB4U/上櫃intraday)=1|季財報(MOPS t163sb04)=1|月營收(MOPS/openapi)=1|官方產業別(MOPS t05st03)=1|融資券(MI_MARGN)=1|借券(TWT93U)=1|法人(T86)=1",1009,inf,250.0,official_prepanel,120.3,1.0,0.0,0.0,0,1,10.124,28.774,39.254,1775.0,0,未扣成本·事後欄位以 m_ 標示·非投資建議
HC,3,2026-09-11,2026-09-14,5202,力新,TPEx,S,,fV300,S0_atr14@5,202,351,漏網,1181,0.020917,,atr14=0.160|n_lu_250=0.505|r20=0.450|c_ma120=0.220|vr20=0.970|days_since_lu=0.555|dt_ratio20=NaN|lend_to_v=0.783|rev_yoy=0.502|o_turn=0.433|o_log_mcap=0.004|o_lu_follow=0.050,"官方日成交結構(MI_INDEX/dailyQuotes)=1|發行股數(MI_QFIIS/dailyQuotes)=1|外資持股(MI_QFIIS,僅上市)=0|自營商(T86/上櫃三大法人)=1|當沖(TWTB4U/上櫃intraday)=1|季財報(MOPS t163sb04)=1|月營收(MOPS/openapi)=1|官方產業別(MOPS t05st03)=1|融資券(MI_MARGN)=1|借券(TWT93U)=1|法人(T86)=1",1010,inf,250.0,official_prepanel,124.85,1.0,0.0,0.0,0,1,6.173,26.749,17.284,1030.0,0,未扣成本·事後欄位以 m_ 標示·非投資建議
HC,3,2026-09-14,2026-09-15,6945,圓祥生技,TPEx,S,,fV300|fH125,S0_atr14@5,44,354,漏網,1908,0.038148,,atr14=0.516|n_lu_250=0.198|r20=0.553|c_ma120=NaN|vr20=0.655|days_since_lu=0.522|dt_ratio20=NaN|lend_to_v=NaN|rev_yoy=NaN|o_turn=0.150|o_log_mcap=0.350|o_lu_follow=0.387,"官方日成交結構(MI_INDEX/dailyQuotes)=1|發行股數(MI_QFIIS/dailyQuotes)=1|外資持股(MI_QFIIS,僅上市)=0|自營商(T86/上櫃三大法人)=1|當沖(TWTB4U/上櫃intraday)=0|季財報(MOPS t163sb04)=0|月營收(MOPS/openapi)=0|官方產業別(MOPS t05st03)=1|融資券(MI_MARGN)=0|借券(TWT93U)=0|法人(T86)=1",70,70.0,70.0,official,190.35,1.0,0.0,0.0,0,1,9.5,35.0,48.5,835.0,0,未扣成本·事後欄位以 m_ 標示·非投資建議
HC,3,2026-09-15,2026-09-16,3138,耀登,TWSE,S,,fV300,S0_atr14@5,89,362,漏網,1272,0.031379,,atr14=0.380|n_lu_250=0.726|r20=0.166|c_ma120=0.005|vr20=0.766|days_since_lu=0.734|dt_ratio20=0.487|lend_to_v=0.864|rev_yoy=0.126|o_turn=0.282|o_log_mcap=0.177|o_lu_follow=0.855,"官方日成交結構(MI_INDEX/dailyQuotes)=1|發行股數(MI_QFIIS/dailyQuotes)=1|外資持股(MI_QFIIS,僅上市)=1|自營商(T86/上櫃三大法人)=1|當沖(TWTB4U/上櫃intraday)=1|季財報(MOPS t163sb04)=1|月營收(MOPS/openapi)=1|官方產業別(MOPS t05st03)=1|融資券(MI_MARGN)=1|借券(TWT93U)=1|法人(T86)=1",1012,inf,250.0,official_prepanel,129.05,1.0,0.0,0.0,0,1,3.37,8.696,7.609,192.0,0,未扣成本·事後欄位以 m_ 標示·非投資建議
HC,3,2026-09-16,2026-09-17,3287,廣寰科,TPEx,S,,fV300,S0_atr14@5,131,364,漏網,571,0.028163,,atr14=0.340|n_lu_250=0.415|r20=0.307|c_ma120=0.825|vr20=0.047|days_since_lu=0.266|dt_ratio20=NaN|lend_to_v=0.106|rev_yoy=0.266|o_turn=0.200|o_log_mcap=0.011|o_lu_follow=0.122,"官方日成交結構(MI_INDEX/dailyQuotes)=1|發行股數(MI_QFIIS/dailyQuotes)=1|外資持股(MI_QFIIS,僅上市)=0|自營商(T86/上櫃三大法人)=1|當沖(TWTB4U/上櫃intraday)=1|季財報(MOPS t163sb04)=1|月營收(MOPS/openapi)=1|官方產業別(MOPS t05st03)=1|融資券(MI_MARGN)=1|借券(TWT93U)=1|法人(T86)=1",1013,inf,250.0,official_prepanel,286.05,2.0,0.0,0.0,0,1,8.604,16.643,18.618,906.0,0,未扣成本·事後欄位以 m_ 標示·非投資建議
HC,3,2026-09-16,2026-09-17,6204,艾華,TPEx,S,,fV300,S0_atr14@5,35,364,漏網,158,0.041858,,atr14=0.636|n_lu_250=0.519|r20=0.854|c_ma120=0.751|vr20=0.606|days_since_lu=0.375|dt_ratio20=NaN|lend_to_v=0.304|rev_yoy=0.388|o_turn=0.760|o_log_mcap=0.029|o_lu_follow=0.052,"官方日成交結構(MI_INDEX/dailyQuotes)=1|發行股數(MI_QFIIS/dailyQuotes)=1|外資持股(MI_QFIIS,僅上市)=0|自營商(T86/上櫃三大法人)=1|當沖(TWTB4U/上櫃intraday)=1|季財報(MOPS t163sb04)=1|月營收(MOPS/openapi)=1|官方產業別(MOPS t05st03)=1|融資券(MI_MARGN)=1|借券(TWT93U)=1|法人(T86)=1",1013,inf,250.0,official_prepanel,270.95,2.0,0.0,0.0,0,1,5.708,3.594,16.279,649.0,0,未扣成本·事後欄位以 m_ 標示·非投資建議
HC,3,2026-09-17,2026-09-18,3297,杭特,TPEx,S,,fV300,S0_atr14@5,45,363,漏網,260,0.03963,,atr14=0.606|n_lu_250=0.551|r20=0.869|c_ma120=0.451|vr20=0.971|days_since_lu=0.026|dt_ratio20=NaN|lend_to_v=0.385|rev_yoy=0.300|o_turn=0.794|o_log_mcap=0.004|o_lu_follow=0.033,"官方日成交結構(MI_INDEX/dailyQuotes)=1|發行股數(MI_QFIIS/dailyQuotes)=1|外資持股(MI_QFIIS,僅上市)=0|自營商(T86/上櫃三大法人)=1|當沖(TWTB4U/上櫃intraday)=1|季財報(MOPS t163sb04)=1|月營收(MOPS/openapi)=1|官方產業別(MOPS t05st03)=1|融資券(MI_MARGN)=1|借券(TWT93U)=1|法人(T86)=1",1014,inf,250.0,official_prepanel,196.4,1.0,0.0,0.0,0,1,7.642,11.707,,1089.0,0,未扣成本·事後欄位以 m_ 標示·非投資建議
HC,3,2026-09-17,2026-09-18,3508,位速,TPEx,S,,fV300,S0_atr14@5,14,363,漏網,469,0.048115,,atr14=0.737|n_lu_250=0.835|r20=0.035|c_ma120=0.576|vr20=0.277|days_since_lu=0.226|dt_ratio20=NaN|lend_to_v=0.014|rev_yoy=0.804|o_turn=0.167|o_log_mcap=0.036|o_lu_follow=0.913,"官方日成交結構(MI_INDEX/dailyQuotes)=1|發行股數(MI_QFIIS/dailyQuotes)=1|外資持股(MI_QFIIS,僅上市)=0|自營商(T86/上櫃三大法人)=1|當沖(TWTB4U/上櫃intraday)=0|季財報(MOPS t163sb04)=1|月營收(MOPS/openapi)=1|官方產業別(MOPS t05st03)=1|融資券(MI_MARGN)=1|借券(TWT93U)=1|法人(T86)=1",1014,inf,250.0,official_prepanel,284.55,2.0,0.0,0.0,0,1,9.447,20.737,,672.0,0,未扣成本·事後欄位以 m_ 標示·非投資建議
HC,3,2026-09-17,2026-09-18,4951,精拓科,TPEx,S,,fV300,S0_atr14@5,119,363,漏網,567,0.028745,,atr14=0.374|n_lu_250=0.512|r20=0.782|c_ma120=0.209|vr20=0.931|days_since_lu=0.748|dt_ratio20=NaN|lend_to_v=0.777|rev_yoy=0.223|o_turn=0.741|o_log_mcap=0.054|o_lu_follow=1.000,"官方日成交結構(MI_INDEX/dailyQuotes)=1|發行股數(MI_QFIIS/dailyQuotes)=1|外資持股(MI_QFIIS,僅上市)=0|自營商(T86/上櫃三大法人)=1|當沖(TWTB4U/上櫃intraday)=1|季財報(MOPS t163sb04)=1|月營收(MOPS/openapi)=1|官方產業別(MOPS t05st03)=1|融資券(MI_MARGN)=1|借券(TWT93U)=1|法人(T86)=1",938,938.0,250.0,official,200.2,2.0,0.0,0.0,0,1,9.277,6.265,,795.0,0,未扣成本·事後欄位以 m_ 標示·非投資建議
HC,3,2026-09-17,2026-09-18,6234,高僑,TPEx,S,,fV300,S0_atr14@5,41,363,漏網,608,0.040467,,atr14=0.630|n_lu_250=0.729|r20=0.496|c_ma120=0.103|vr20=0.312|days_since_lu=0.325|dt_ratio20=NaN|lend_to_v=0.676|rev_yoy=0.805|o_turn=0.115|o_log_mcap=0.085|o_lu_follow=0.857,"官方日成交結構(MI_INDEX/dailyQuotes)=1|發行股數(MI_QFIIS/dailyQuotes)=1|外資持股(MI_QFIIS,僅上市)=0|自營商(T86/上櫃三大法人)=1|當沖(TWTB4U/上櫃intraday)=1|季財報(MOPS t163sb04)=1|月營收(MOPS/openapi)=1|官方產業別(MOPS t05st03)=1|融資券(MI_MARGN)=1|借券(TWT93U)=1|法人(T86)=1",1014,inf,250.0,official_prepanel,247.05,2.0,0.0,0.0,0,1,10.0,8.143,,1263.0,0,未扣成本·事後欄位以 m_ 標示·非投資建議
HC,3,2026-09-17,2026-09-18,6485,點序,TPEx,S,,fV300,S0_atr14@5,104,363,漏網,764,0.030183,,atr14=0.401|n_lu_250=0.867|r20=0.474|c_ma120=0.019|vr20=0.887|days_since_lu=0.445|dt_ratio20=NaN|lend_to_v=0.862|rev_yoy=0.432|o_turn=0.565|o_log_mcap=0.054|o_lu_follow=0.427,"官方日成交結構(MI_INDEX/dailyQuotes)=1|發行股數(MI_QFIIS/dailyQuotes)=1|外資持股(MI_QFIIS,僅上市)=0|自營商(T86/上櫃三大法人)=1|當沖(TWTB4U/上櫃intraday)=1|季財報(MOPS t163sb04)=1|月營收(MOPS/openapi)=1|官方產業別(MOPS t05st03)=1|融資券(MI_MARGN)=1|借券(TWT93U)=1|法人(T86)=1",1014,inf,250.0,official_prepanel,181.3,1.0,0.0,0.0,0,1,7.934,15.868,,1288.0,0,未扣成本·事後欄位以 m_ 標示·非投資建議
SEL,1,2025-01-06,2025-01-07,6672,騰輝電子-KY,TWSE,S,,fV300,S1@5,227,348,漏網,1481,-5.548643,,atr14=0.248|n_lu_250=0.145|r20=0.427|c_ma120=0.332|vr20=0.584|days_since_lu=0.749|dt_ratio20=0.094|lend_to_v=0.845|rev_yoy=0.202|o_turn=0.246|o_log_mcap=0.221|o_lu_follow=0.680,"官方日成交結構(MI_INDEX/dailyQuotes)=1|發行股數(MI_QFIIS/dailyQuotes)=1|外資持股(MI_QFIIS,僅上市)=1|自營商(T86/上櫃三大法人)=1|當沖(TWTB4U/上櫃intraday)=1|季財報(MOPS t163sb04)=1|月營收(MOPS/openapi)=1|官方產業別(MOPS t05st03)=1|融資券(MI_MARGN)=1|借券(TWT93U)=1|法人(T86)=1",602,inf,250.0,official_prepanel,175.95,1.0,0.0,0.0,0,1,5.856,19.67,22.973,475.0,0,未扣成本·事後欄位以 m_ 標示·非投資建議
SEL,1,2025-01-09,2025-01-10,5432,新門,TPEx,S,,fV300,S1@5,17,347,漏網,880,-2.86119,,atr14=0.979|n_lu_250=0.881|r20=0.002|c_ma120=0.001|vr20=0.758|days_since_lu=0.569|dt_ratio20=NaN|lend_to_v=0.213|rev_yoy=0.046|o_turn=0.696|o_log_mcap=0.068|o_lu_follow=0.468,"官方日成交結構(MI_INDEX/dailyQuotes)=1|發行股數(MI_QFIIS/dailyQuotes)=1|外資持股(MI_QFIIS,僅上市)=0|自營商(T86/上櫃三大法人)=1|當沖(TWTB4U/上櫃intraday)=1|季財報(MOPS t163sb04)=1|月營收(MOPS/openapi)=1|官方產業別(MOPS t05st03)=1|融資券(MI_MARGN)=1|借券(TWT93U)=1|法人(T86)=1",605,inf,250.0,official_prepanel,169.05,1.0,0.0,0.0,0,1,8.676,11.872,10.502,317.0,0,未扣成本·事後欄位以 m_ 標示·非投資建議
SEL,1,2025-01-22,2025-02-03,6148,驊宏資,TPEx,S,,fV300,S1@5,94,374,漏網,345,-4.451049,,atr14=0.664|n_lu_250=0.702|r20=0.504|c_ma120=0.502|vr20=0.578|days_since_lu=0.234|dt_ratio20=NaN|lend_to_v=0.594|rev_yoy=0.941|o_turn=0.454|o_log_mcap=0.005|o_lu_follow=0.501,"官方日成交結構(MI_INDEX/dailyQuotes)=1|發行股數(MI_QFIIS/dailyQuotes)=1|外資持股(MI_QFIIS,僅上市)=0|自營商(T86/上櫃三大法人)=1|當沖(TWTB4U/上櫃intraday)=1|季財報(MOPS t163sb04)=1|月營收(MOPS/openapi)=1|官方產業別(MOPS t05st03)=1|融資券(MI_MARGN)=1|借券(TWT93U)=1|法人(T86)=1",614,inf,250.0,official_prepanel,208.7,2.0,0.0,0.0,0,1,10.099,58.218,50.891,1299.0,0,未扣成本·事後欄位以 m_ 標示·非投資建議
SEL,1,2025-02-04,2025-02-05,6113,亞矽,TPEx,S,,fV300,S1@5,59,366,漏網,1119,-3.443284,,atr14=0.582|n_lu_250=0.930|r20=0.026|c_ma120=0.008|vr20=0.363|days_since_lu=0.465|dt_ratio20=NaN|lend_to_v=0.424|rev_yoy=0.041|o_turn=0.146|o_log_mcap=0.001|o_lu_follow=0.938,"官方日成交結構(MI_INDEX/dailyQuotes)=1|發行股數(MI_QFIIS/dailyQuotes)=1|外資持股(MI_QFIIS,僅上市)=0|自營商(T86/上櫃三大法人)=1|當沖(TWTB4U/上櫃intraday)=1|季財報(MOPS t163sb04)=1|月營收(MOPS/openapi)=1|官方產業別(MOPS t05st03)=1|融資券(MI_MARGN)=1|借券(TWT93U)=1|法人(T86)=1",616,inf,250.0,official_prepanel,116.0,1.0,0.0,0.0,0,1,7.362,42.331,38.037,220.0,0,未扣成本·事後欄位以 m_ 標示·非投資建議
SEL,1,2025-02-07,2025-02-10,1453,大將,TWSE,S,,fV300,S1@5,174,375,漏網,1171,-5.008104,,atr14=0.260|n_lu_250=0.902|r20=0.246|c_ma120=0.072|vr20=0.120|days_since_lu=0.562|dt_ratio20=0.012|lend_to_v=0.716|rev_yoy=0.000|o_turn=0.013|o_log_mcap=0.013|o_lu_follow=0.988,"官方日成交結構(MI_INDEX/dailyQuotes)=1|發行股數(MI_QFIIS/dailyQuotes)=1|外資持股(MI_QFIIS,僅上市)=1|自營商(T86/上櫃三大法人)=1|當沖(TWTB4U/上櫃intraday)=1|季財報(MOPS t163sb04)=1|月營收(MOPS/openapi)=1|官方產業別(MOPS t05st03)=1|融資券(MI_MARGN)=1|借券(TWT93U)=1|法人(T86)=1",619,inf,250.0,official_prepanel,104.0,1.0,0.0,0.0,0,1,7.241,24.483,21.379,355.0,0,未扣成本·事後欄位以 m_ 標示·非投資建議
SEL,1,2025-02-10,2025-02-11,3202,,TPEx,S,,fP10|fV300,S1@5,31,363,漏網,891,-3.48915,,atr14=0.862|n_lu_250=0.943|r20=0.042|c_ma120=0.001|vr20=0.481|days_since_lu=0.137|dt_ratio20=NaN|lend_to_v=0.442|rev_yoy=NaN|o_turn=0.177|o_log_mcap=0.001|o_lu_follow=0.935,"官方日成交結構(MI_INDEX/dailyQuotes)=1|發行股數(MI_QFIIS/dailyQuotes)=1|外資持股(MI_QFIIS,僅上市)=0|自營商(T86/上櫃三大法人)=1|當沖(TWTB4U/上櫃intraday)=0|季財報(MOPS t163sb04)=0|月營收(MOPS/openapi)=0|官方產業別(MOPS t05st03)=0|融資券(MI_MARGN)=1|借券(TWT93U)=1|法人(T86)=1",620,inf,250.0,fallback_prepanel,263.7,2.0,0.0,0.0,1,0,0.0,2.208,-2.05,386.0,0,未扣成本·事後欄位以 m_ 標示·非投資建議
SEL,1,2025-02-13,2025-02-14,8467,波力-KY,TWSE,S,,fV300,S1@5,107,363,漏網,710,-4.178547,,atr14=0.860|n_lu_250=0.888|r20=0.010|c_ma120=0.269|vr20=0.131|days_since_lu=0.380|dt_ratio20=0.641|lend_to_v=0.379|rev_yoy=0.617|o_turn=0.192|o_log_mcap=0.500|o_lu_follow=0.865,"官方日成交結構(MI_INDEX/dailyQuotes)=1|發行股數(MI_QFIIS/dailyQuotes)=1|外資持股(MI_QFIIS,僅上市)=1|自營商(T86/上櫃三大法人)=1|當沖(TWTB4U/上櫃intraday)=1|季財報(MOPS t163sb04)=1|月營收(MOPS/openapi)=1|官方產業別(MOPS t05st03)=1|融資券(MI_MARGN)=1|借券(TWT93U)=1|法人(T86)=1",623,inf,250.0,official_prepanel,234.45,2.0,0.0,0.0,0,1,2.06,1.873,0.187,211.0,0,未扣成本·事後欄位以 m_ 標示·非投資建議
SEL,1,2025-02-14,2025-02-17,4426,利勤,TWSE,S,,fV300,S1@5,112,357,漏網,1353,-4.674809,,atr14=0.211|n_lu_250=0.342|r20=0.530|c_ma120=0.060|vr20=0.602|days_since_lu=0.674|dt_ratio20=0.075|lend_to_v=0.982|rev_yoy=0.137|o_turn=0.028|o_log_mcap=0.028|o_lu_follow=0.374,"官方日成交結構(MI_INDEX/dailyQuotes)=1|發行股數(MI_QFIIS/dailyQuotes)=1|外資持股(MI_QFIIS,僅上市)=1|自營商(T86/上櫃三大法人)=1|當沖(TWTB4U/上櫃intraday)=1|季財報(MOPS t163sb04)=1|月營收(MOPS/openapi)=1|官方產業別(MOPS t05st03)=1|融資券(MI_MARGN)=1|借券(TWT93U)=1|法人(T86)=1",624,inf,250.0,official_prepanel,101.7,1.0,0.0,0.0,0,1,8.257,34.404,38.532,592.0,0,未扣成本·事後欄位以 m_ 標示·非投資建議
SEL,1,2025-03-06,2025-03-07,3528,安馳,TWSE,S,,fV300,S1@5,103,323,漏網,705,-4.959224,,atr14=0.140|n_lu_250=0.142|r20=0.782|c_ma120=0.768|vr20=0.859|days_since_lu=0.825|dt_ratio20=0.078|lend_to_v=0.338|rev_yoy=0.704|o_turn=0.423|o_log_mcap=0.168|o_lu_follow=0.681,"官方日成交結構(MI_INDEX/dailyQuotes)=1|發行股數(MI_QFIIS/dailyQuotes)=1|外資持股(MI_QFIIS,僅上市)=1|自營商(T86/上櫃三大法人)=1|當沖(TWTB4U/上櫃intraday)=1|季財報(MOPS t163sb04)=1|月營收(MOPS/openapi)=1|官方產業別(MOPS t05st03)=1|融資券(MI_MARGN)=1|借券(TWT93U)=1|法人(T86)=1",637,inf,250.0,official_prepanel,168.25,1.0,0.0,0.0,0,1,9.609,35.053,56.05,4828.0,0,未扣成本·事後欄位以 m_ 標示·非投資建議
SEL,2,2025-04-14,2025-04-15,5210,寶碩,TPEx,S,,fV300,S1@5,155,370,漏網,443,-4.087725,,atr14=0.274|n_lu_250=0.849|r20=0.714|c_ma120=0.338|vr20=0.130|days_since_lu=0.419|dt_ratio20=NaN|lend_to_v=0.010|rev_yoy=0.464|o_turn=0.114|o_log_mcap=0.053|o_lu_follow=0.955,"官方日成交結構(MI_INDEX/dailyQuotes)=1|發行股數(MI_QFIIS/dailyQuotes)=1|外資持股(MI_QFIIS,僅上市)=0|自營商(T86/上櫃三大法人)=1|當沖(TWTB4U/上櫃intraday)=0|季財報(MOPS t163sb04)=1|月營收(MOPS/openapi)=1|官方產業別(MOPS t05st03)=1|融資券(MI_MARGN)=1|借券(TWT93U)=1|法人(T86)=1",662,inf,250.0,official_prepanel,251.65,2.0,0.0,0.0,0,1,9.346,21.495,20.794,224.0,0,未扣成本·事後欄位以 m_ 標示·非投資建議
SEL,2,2025-04-14,2025-04-15,6629,泰金-KY,TPEx,S,,fV300,S1@5,50,370,漏網,1584,-3.102126,,atr14=0.355|n_lu_250=0.820|r20=0.047|c_ma120=0.137|vr20=1.000|days_since_lu=0.419|dt_ratio20=NaN|lend_to_v=0.268|rev_yoy=0.462|o_turn=0.853|o_log_mcap=0.175|o_lu_follow=0.674,"官方日成交結構(MI_INDEX/dailyQuotes)=1|發行股數(MI_QFIIS/dailyQuotes)=1|外資持股(MI_QFIIS,僅上市)=0|自營商(T86/上櫃三大法人)=1|當沖(TWTB4U/上櫃intraday)=1|季財報(MOPS t163sb04)=1|月營收(MOPS/openapi)=1|官方產業別(MOPS t05st03)=1|融資券(MI_MARGN)=1|借券(TWT93U)=1|法人(T86)=1",662,inf,250.0,official_prepanel,100.55,1.0,0.0,0.0,0,1,6.532,17.933,27.672,118.0,0,未扣成本·事後欄位以 m_ 標示·非投資建議
SEL,2,2025-04-17,2025-04-18,5489,彩富,TPEx,S,,fV300,S1@5,133,384,漏網,241,-4.516086,,atr14=0.244|n_lu_250=0.210|r20=0.989|c_ma120=0.981|vr20=0.999|days_since_lu=0.038|dt_ratio20=NaN|lend_to_v=0.044|rev_yoy=0.196|o_turn=0.905|o_log_mcap=0.267|o_lu_follow=0.553,"官方日成交結構(MI_INDEX/dailyQuotes)=1|發行股數(MI_QFIIS/dailyQuotes)=1|外資持股(MI_QFIIS,僅上市)=0|自營商(T86/上櫃三大法人)=1|當沖(TWTB4U/上櫃intraday)=1|季財報(MOPS t163sb04)=1|月營收(MOPS/openapi)=1|官方產業別(MOPS t05st03)=1|融資券(MI_MARGN)=1|借券(TWT93U)=1|法人(T86)=1",665,inf,250.0,official_prepanel,299.5,2.0,0.0,1.0,0,1,8.471,30.033,29.153,715.0,0,未扣成本·事後欄位以 m_ 標示·非投資建議
SEL,2,2025-04-21,2025-04-22,3686,達能,TWSE,S,,fV300,S1@5,58,386,漏網,346,-3.781055,,atr14=0.620|n_lu_250=0.979|r20=0.581|c_ma120=0.255|vr20=0.415|days_since_lu=0.089|dt_ratio20=NaN|lend_to_v=0.009|rev_yoy=0.046|o_turn=0.213|o_log_mcap=0.009|o_lu_follow=0.969,"官方日成交結構(MI_INDEX/dailyQuotes)=1|發行股數(MI_QFIIS/dailyQuotes)=1|外資持股(MI_QFIIS,僅上市)=1|自營商(T86/上櫃三大法人)=1|當沖(TWTB4U/上櫃intraday)=0|季財報(MOPS t163sb04)=1|月營收(MOPS/openapi)=1|官方產業別(MOPS t05st03)=1|融資券(MI_MARGN)=1|借券(TWT93U)=1|法人(T86)=1",667,inf,250.0,official_prepanel,202.25,2.0,0.0,0.0,0,1,15.356,19.85,18.352,350.0,0,未扣成本·事後欄位以 m_ 標示·非投資建議
SEL,2,2025-04-22,2025-04-23,8059,凱碩,TPEx,S,,fV300,S1@5,13,382,漏網,944,-3.070301,,atr14=0.970|n_lu_250=0.882|r20=0.015|c_ma120=0.034|vr20=0.256|days_since_lu=0.052|dt_ratio20=NaN|lend_to_v=0.009|rev_yoy=0.943|o_turn=0.055|o_log_mcap=0.234|o_lu_follow=0.412,"官方日成交結構(MI_INDEX/dailyQuotes)=1|發行股數(MI_QFIIS/dailyQuotes)=1|外資持股(MI_QFIIS,僅上市)=0|自營商(T86/上櫃三大法人)=1|當沖(TWTB4U/上櫃intraday)=0|季財報(MOPS t163sb04)=1|月營收(MOPS/openapi)=1|官方產業別(MOPS t05st03)=1|融資券(MI_MARGN)=1|借券(TWT93U)=1|法人(T86)=1",668,inf,250.0,official_prepanel,283.45,2.0,0.0,0.0,1,0,0.0,18.625,13.747,107.0,0,未扣成本·事後欄位以 m_ 標示·非投資建議
SEL,2,2025-04-23,2025-04-24,6218,豪勉,TPEx,S,,fV300,S1@5,9,372,漏網,954,-2.10718,,atr14=0.911|n_lu_250=0.836|r20=0.127|c_ma120=0.035|vr20=0.871|days_since_lu=0.893|dt_ratio20=NaN|lend_to_v=0.464|rev_yoy=0.627|o_turn=0.569|o_log_mcap=0.009|o_lu_follow=0.992,"官方日成交結構(MI_INDEX/dailyQuotes)=1|發行股數(MI_QFIIS/dailyQuotes)=1|外資持股(MI_QFIIS,僅上市)=0|自營商(T86/上櫃三大法人)=1|當沖(TWTB4U/上櫃intraday)=1|季財報(MOPS t163sb04)=1|月營收(MOPS/openapi)=1|官方產業別(MOPS t05st03)=1|融資券(MI_MARGN)=1|借券(TWT93U)=1|法人(T86)=1",669,inf,250.0,official_prepanel,223.15,2.0,0.0,0.0,0,1,9.322,17.797,16.384,244.0,0,未扣成本·事後欄位以 m_ 標示·非投資建議
SEL,2,2025-04-23,2025-04-24,7714,創泓科技,TPEx,S,,fV300|fH125,S1@5,45,372,漏網,1803,-3.022637,,atr14=0.875|n_lu_250=0.426|r20=0.996|c_ma120=NaN|vr20=0.523|days_since_lu=0.057|dt_ratio20=NaN|lend_to_v=NaN|rev_yoy=0.974|o_turn=0.653|o_log_mcap=0.068|o_lu_follow=0.326,"官方日成交結構(MI_INDEX/dailyQuotes)=1|發行股數(MI_QFIIS/dailyQuotes)=1|外資持股(MI_QFIIS,僅上市)=0|自營商(T86/上櫃三大法人)=1|當沖(TWTB4U/上櫃intraday)=0|季財報(MOPS t163sb04)=1|月營收(MOPS/openapi)=1|官方產業別(MOPS t05st03)=1|融資券(MI_MARGN)=0|借券(TWT93U)=0|法人(T86)=1",61,61.0,61.0,official,163.45,1.0,0.0,0.0,0,1,11.222,47.295,47.295,341.0,0,未扣成本·事後欄位以 m_ 標示·非投資建議
SEL,2,2025-04-24,2025-04-25,3066,李洲,TPEx,S,,fV300,S1@5,24,374,漏網,1412,-2.668953,,atr14=0.553|n_lu_250=0.887|r20=0.053|c_ma120=0.037|vr20=0.378|days_since_lu=0.487|dt_ratio20=NaN|lend_to_v=0.546|rev_yoy=0.636|o_turn=0.152|o_log_mcap=0.013|o_lu_follow=0.865,"官方日成交結構(MI_INDEX/dailyQuotes)=1|發行股數(MI_QFIIS/dailyQuotes)=1|外資持股(MI_QFIIS,僅上市)=0|自營商(T86/上櫃三大法人)=1|當沖(TWTB4U/上櫃intraday)=1|季財報(MOPS t163sb04)=1|月營收(MOPS/openapi)=1|官方產業別(MOPS t05st03)=1|融資券(MI_MARGN)=1|借券(TWT93U)=1|法人(T86)=1",670,inf,250.0,official_prepanel,160.55,1.0,0.0,0.0,0,1,8.202,14.826,10.095,407.0,0,未扣成本·事後欄位以 m_ 標示·非投資建議
SEL,2,2025-04-24,2025-04-25,6167,久正,TPEx,S,,fV300,S1@5,101,374,漏網,1743,-3.996605,,atr14=0.424|n_lu_250=0.216|r20=0.252|c_ma120=0.203|vr20=0.238|days_since_lu=0.487|dt_ratio20=NaN|lend_to_v=0.734|rev_yoy=0.219|o_turn=0.083|o_log_mcap=0.040|o_lu_follow=0.540,"官方日成交結構(MI_INDEX/dailyQuotes)=1|發行股數(MI_QFIIS/dailyQuotes)=1|外資持股(MI_QFIIS,僅上市)=0|自營商(T86/上櫃三大法人)=1|當沖(TWTB4U/上櫃intraday)=1|季財報(MOPS t163sb04)=1|月營收(MOPS/openapi)=1|官方產業別(MOPS t05st03)=1|融資券(MI_MARGN)=1|借券(TWT93U)=1|法人(T86)=1",670,inf,250.0,official_prepanel,271.95,2.0,0.0,0.0,0,1,6.422,13.761,10.092,602.0,0,未扣成本·事後欄位以 m_ 標示·非投資建議
SEL,2,2025-04-25,2025-04-28,6739,竹陞科技,TPEx,S,,fV300,S1@5,63,373,漏網,268,-3.156306,,atr14=0.931|n_lu_250=0.797|r20=0.378|c_ma120=0.685|vr20=0.968|days_since_lu=0.485|dt_ratio20=NaN|lend_to_v=0.109|rev_yoy=0.915|o_turn=0.837|o_log_mcap=0.249|o_lu_follow=0.716,"官方日成交結構(MI_INDEX/dailyQuotes)=1|發行股數(MI_QFIIS/dailyQuotes)=1|外資持股(MI_QFIIS,僅上市)=0|自營商(T86/上櫃三大法人)=1|當沖(TWTB4U/上櫃intraday)=1|季財報(MOPS t163sb04)=1|月營收(MOPS/openapi)=1|官方產業別(MOPS t05st03)=1|融資券(MI_MARGN)=0|借券(TWT93U)=1|法人(T86)=1",154,154.0,154.0,official,149.35,1.0,0.0,0.0,0,1,7.805,21.951,40.976,430.0,0,未扣成本·事後欄位以 m_ 標示·非投資建議
SEL,2,2025-04-28,2025-04-29,3073,天方能源,TPEx,S,,fV300,S1@5,18,368,漏網,724,-2.65422,,atr14=0.965|n_lu_250=0.995|r20=0.069|c_ma120=0.002|vr20=0.182|days_since_lu=0.034|dt_ratio20=NaN|lend_to_v=0.122|rev_yoy=0.821|o_turn=0.207|o_log_mcap=0.011|o_lu_follow=0.985,"官方日成交結構(MI_INDEX/dailyQuotes)=1|發行股數(MI_QFIIS/dailyQuotes)=1|外資持股(MI_QFIIS,僅上市)=0|自營商(T86/上櫃三大法人)=1|當沖(TWTB4U/上櫃intraday)=1|季財報(MOPS t163sb04)=1|月營收(MOPS/openapi)=1|官方產業別(MOPS t05st03)=1|融資券(MI_MARGN)=1|借券(TWT93U)=1|法人(T86)=1",672,inf,250.0,official_prepanel,130.05,1.0,0.0,0.0,0,1,9.861,58.706,58.706,204.0,0,未扣成本·事後欄位以 m_ 標示·非投資建議
SEL,2,2025-04-30,2025-05-02,9902,台火,TWSE,S,,fV300,S1@5,194,386,漏網,1209,-4.568259,,atr14=0.188|n_lu_250=0.841|r20=0.259|c_ma120=0.292|vr20=0.034|days_since_lu=0.518|dt_ratio20=0.006|lend_to_v=0.729|rev_yoy=0.040|o_turn=0.012|o_log_mcap=0.012|o_lu_follow=0.682,"官方日成交結構(MI_INDEX/dailyQuotes)=1|發行股數(MI_QFIIS/dailyQuotes)=1|外資持股(MI_QFIIS,僅上市)=1|自營商(T86/上櫃三大法人)=1|當沖(TWTB4U/上櫃intraday)=1|季財報(MOPS t163sb04)=1|月營收(MOPS/openapi)=1|官方產業別(MOPS t05st03)=1|融資券(MI_MARGN)=1|借券(TWT93U)=1|法人(T86)=1",674,inf,250.0,official_prepanel,128.75,1.0,0.0,0.0,0,1,8.302,15.472,13.585,943.0,0,未扣成本·事後欄位以 m_ 標示·非投資建議
SEL,2,2025-05-02,2025-05-05,2734,易飛網,TPEx,S,,fV300,S1@5,126,390,漏網,1513,-3.692547,,atr14=0.618|n_lu_250=0.420|r20=0.155|c_ma120=0.060|vr20=0.438|days_since_lu=0.525|dt_ratio20=NaN|lend_to_v=0.017|rev_yoy=0.037|o_turn=0.144|o_log_mcap=0.007|o_lu_follow=0.332,"官方日成交結構(MI_INDEX/dailyQuotes)=1|發行股數(MI_QFIIS/dailyQuotes)=1|外資持股(MI_QFIIS,僅上市)=0|自營商(T86/上櫃三大法人)=1|當沖(TWTB4U/上櫃intraday)=1|季財報(MOPS t163sb04)=1|月營收(MOPS/openapi)=1|官方產業別(MOPS t05st03)=1|融資券(MI_MARGN)=1|借券(TWT93U)=1|法人(T86)=1",675,inf,250.0,official_prepanel,108.15,1.0,0.0,0.0,0,1,7.379,37.15,40.458,1234.0,0,未扣成本·事後欄位以 m_ 標示·非投資建議
SEL,2,2025-05-06,2025-05-07,4545,銘鈺,TWSE,S,,fV300,S1@5,54,371,漏網,225,-3.73116,,atr14=0.660|n_lu_250=0.967|r20=0.800|c_ma120=0.278|vr20=0.766|days_since_lu=0.542|dt_ratio20=0.425|lend_to_v=0.357|rev_yoy=0.564|o_turn=0.372|o_log_mcap=0.116|o_lu_follow=0.906,"官方日成交結構(MI_INDEX/dailyQuotes)=1|發行股數(MI_QFIIS/dailyQuotes)=1|外資持股(MI_QFIIS,僅上市)=1|自營商(T86/上櫃三大法人)=1|當沖(TWTB4U/上櫃intraday)=1|季財報(MOPS t163sb04)=1|月營收(MOPS/openapi)=1|官方產業別(MOPS t05st03)=1|融資券(MI_MARGN)=1|借券(TWT93U)=1|法人(T86)=1",677,inf,250.0,official_prepanel,185.3,1.0,0.0,0.0,1,0,0.0,-6.373,-6.618,440.0,0,未扣成本·事後欄位以 m_ 標示·非投資建議
SEL,2,2025-05-07,2025-05-08,1516,川飛,TWSE,S,,fV300,S1@5,68,387,漏網,730,-3.752011,,atr14=0.434|n_lu_250=0.823|r20=0.269|c_ma120=0.474|vr20=0.001|days_since_lu=0.555|dt_ratio20=NaN|lend_to_v=0.107|rev_yoy=0.006|o_turn=0.003|o_log_mcap=0.000|o_lu_follow=0.895,"官方日成交結構(MI_INDEX/dailyQuotes)=1|發行股數(MI_QFIIS/dailyQuotes)=1|外資持股(MI_QFIIS,僅上市)=1|自營商(T86/上櫃三大法人)=1|當沖(TWTB4U/上櫃intraday)=0|季財報(MOPS t163sb04)=1|月營收(MOPS/openapi)=1|官方產業別(MOPS t05st03)=1|融資券(MI_MARGN)=1|借券(TWT93U)=1|法人(T86)=1",678,inf,250.0,official_prepanel,101.55,1.0,0.0,0.0,1,0,0.0,10.976,24.085,221.0,0,未扣成本·事後欄位以 m_ 標示·非投資建議
SEL,2,2025-05-07,2025-05-08,6499,益安,TPEx,S,,fV300,S1@5,100,387,漏網,161,-4.24264,,atr14=0.336|n_lu_250=0.641|r20=0.974|c_ma120=0.987|vr20=0.737|days_since_lu=0.169|dt_ratio20=NaN|lend_to_v=0.273|rev_yoy=0.953|o_turn=0.322|o_log_mcap=0.242|o_lu_follow=0.113,"官方日成交結構(MI_INDEX/dailyQuotes)=1|發行股數(MI_QFIIS/dailyQuotes)=1|外資持股(MI_QFIIS,僅上市)=0|自營商(T86/上櫃三大法人)=1|當沖(TWTB4U/上櫃intraday)=1|季財報(MOPS t163sb04)=1|月營收(MOPS/openapi)=1|官方產業別(MOPS t05st03)=1|融資券(MI_MARGN)=1|借券(TWT93U)=1|法人(T86)=1",678,inf,250.0,official_prepanel,206.4,2.0,0.0,0.0,1,0,0.0,40.917,72.134,241.0,0,未扣成本·事後欄位以 m_ 標示·非投資建議
SEL,2,2025-05-07,2025-05-08,6684,安格,TPEx,S,,fV300,S1@5,33,387,漏網,846,-3.337729,,atr14=0.712|n_lu_250=0.538|r20=0.511|c_ma120=0.117|vr20=0.394|days_since_lu=0.899|dt_ratio20=NaN|lend_to_v=0.679|rev_yoy=0.317|o_turn=0.283|o_log_mcap=0.047|o_lu_follow=0.194,"官方日成交結構(MI_INDEX/dailyQuotes)=1|發行股數(MI_QFIIS/dailyQuotes)=1|外資持股(MI_QFIIS,僅上市)=0|自營商(T86/上櫃三大法人)=1|當沖(TWTB4U/上櫃intraday)=1|季財報(MOPS t163sb04)=1|月營收(MOPS/openapi)=1|官方產業別(MOPS t05st03)=1|融資券(MI_MARGN)=1|借券(TWT93U)=1|法人(T86)=1",678,inf,250.0,official_prepanel,165.8,1.0,0.0,0.0,1,0,0.0,12.058,22.661,169.0,0,未扣成本·事後欄位以 m_ 標示·非投資建議
SEL,2,2025-05-09,2025-05-12,4721,美琪瑪,TPEx,S,,fV300,S1@5,190,364,漏網,1068,-4.845004,,atr14=0.302|n_lu_250=0.536|r20=0.437|c_ma120=0.224|vr20=0.491|days_since_lu=0.569|dt_ratio20=NaN|lend_to_v=0.897|rev_yoy=0.045|o_turn=0.209|o_log_mcap=0.186|o_lu_follow=0.195,"官方日成交結構(MI_INDEX/dailyQuotes)=1|發行股數(MI_QFIIS/dailyQuotes)=1|外資持股(MI_QFIIS,僅上市)=0|自營商(T86/上櫃三大法人)=1|當沖(TWTB4U/上櫃intraday)=1|季財報(MOPS t163sb04)=1|月營收(MOPS/openapi)=1|官方產業別(MOPS t05st03)=1|融資券(MI_MARGN)=1|借券(TWT93U)=1|法人(T86)=1",680,inf,250.0,official_prepanel,146.05,1.0,0.0,0.0,1,0,0.0,21.222,6.791,223.0,0,未扣成本·事後欄位以 m_ 標示·非投資建議
SEL,2,2025-05-09,2025-05-12,6591,動力-KY,TWSE,S,,fV300,S1@5,181,364,漏網,614,-4.773576,,atr14=0.233|n_lu_250=0.395|r20=0.723|c_ma120=0.642|vr20=0.517|days_since_lu=0.569|dt_ratio20=0.111|lend_to_v=0.600|rev_yoy=0.899|o_turn=0.514|o_log_mcap=0.043|o_lu_follow=0.331,"官方日成交結構(MI_INDEX/dailyQuotes)=1|發行股數(MI_QFIIS/dailyQuotes)=1|外資持股(MI_QFIIS,僅上市)=1|自營商(T86/上櫃三大法人)=1|當沖(TWTB4U/上櫃intraday)=1|季財報(MOPS t163sb04)=1|月營收(MOPS/openapi)=1|官方產業別(MOPS t05st03)=1|融資券(MI_MARGN)=1|借券(TWT93U)=1|法人(T86)=1",680,inf,250.0,official_prepanel,184.8,1.0,0.0,0.0,1,0,0.0,33.455,48.263,610.0,0,未扣成本·事後欄位以 m_ 標示·非投資建議
SEL,2,2025-05-15,2025-05-16,5324,士開,TPEx,S,,fV300,S1@5,262,380,漏網,1598,-5.871512,,atr14=0.110|n_lu_250=0.193|r20=0.196|c_ma120=0.352|vr20=0.068|days_since_lu=0.914|dt_ratio20=NaN|lend_to_v=0.008|rev_yoy=0.963|o_turn=0.002|o_log_mcap=0.081|o_lu_follow=0.330,"官方日成交結構(MI_INDEX/dailyQuotes)=1|發行股數(MI_QFIIS/dailyQuotes)=1|外資持股(MI_QFIIS,僅上市)=0|自營商(T86/上櫃三大法人)=1|當沖(TWTB4U/上櫃intraday)=0|季財報(MOPS t163sb04)=1|月營收(MOPS/openapi)=1|官方產業別(MOPS t05st03)=1|融資券(MI_MARGN)=1|借券(TWT93U)=1|法人(T86)=1",684,inf,250.0,official_prepanel,138.15,1.0,0.0,0.0,0,1,9.217,28.571,13.364,1361.0,0,未扣成本·事後欄位以 m_ 標示·非投資建議
SEL,2,2025-05-20,2025-05-21,5475,德宏,TPEx,S,,fV300,S1@5,40,386,漏網,459,-3.531402,,atr14=0.415|n_lu_250=0.762|r20=0.533|c_ma120=0.431|vr20=0.625|days_since_lu=0.611|dt_ratio20=NaN|lend_to_v=0.008|rev_yoy=0.447|o_turn=0.104|o_log_mcap=0.023|o_lu_follow=0.904,"官方日成交結構(MI_INDEX/dailyQuotes)=1|發行股數(MI_QFIIS/dailyQuotes)=1|外資持股(MI_QFIIS,僅上市)=0|自營商(T86/上櫃三大法人)=1|當沖(TWTB4U/上櫃intraday)=0|季財報(MOPS t163sb04)=1|月營收(MOPS/openapi)=1|官方產業別(MOPS t05st03)=1|融資券(MI_MARGN)=1|借券(TWT93U)=1|法人(T86)=1",687,inf,250.0,official_prepanel,134.4,1.0,0.0,0.0,0,1,9.829,43.59,68.803,1162.0,0,未扣成本·事後欄位以 m_ 標示·非投資建議
SEL,2,2025-05-20,2025-05-21,6441,廣錠,TPEx,S,,fV300,S1@5,6,386,漏網,224,-2.463037,,atr14=0.810|n_lu_250=0.830|r20=0.900|c_ma120=0.277|vr20=0.376|days_since_lu=0.154|dt_ratio20=NaN|lend_to_v=0.397|rev_yoy=0.050|o_turn=0.270|o_log_mcap=0.027|o_lu_follow=0.942,"官方日成交結構(MI_INDEX/dailyQuotes)=1|發行股數(MI_QFIIS/dailyQuotes)=1|外資持股(MI_QFIIS,僅上市)=0|自營商(T86/上櫃三大法人)=1|當沖(TWTB4U/上櫃intraday)=0|季財報(MOPS t163sb04)=1|月營收(MOPS/openapi)=1|官方產業別(MOPS t05st03)=1|融資券(MI_MARGN)=1|借券(TWT93U)=1|法人(T86)=1",687,inf,250.0,official_prepanel,180.6,1.0,1.0,0.0,0,1,10.0,19.831,24.407,293.0,0,未扣成本·事後欄位以 m_ 標示·非投資建議
SEL,2,2025-05-21,2025-05-22,6593,台灣銘板,TPEx,S,,fV300,S1@5,10,374,漏網,983,-2.773948,,atr14=0.865|n_lu_250=0.831|r20=0.024|c_ma120=0.006|vr20=0.199|days_since_lu=0.610|dt_ratio20=NaN|lend_to_v=0.394|rev_yoy=0.041|o_turn=0.506|o_log_mcap=0.005|o_lu_follow=0.853,"官方日成交結構(MI_INDEX/dailyQuotes)=1|發行股數(MI_QFIIS/dailyQuotes)=1|外資持股(MI_QFIIS,僅上市)=0|自營商(T86/上櫃三大法人)=1|當沖(TWTB4U/上櫃intraday)=1|季財報(MOPS t163sb04)=1|月營收(MOPS/openapi)=1|官方產業別(MOPS t05st03)=1|融資券(MI_MARGN)=0|借券(TWT93U)=1|法人(T86)=1",688,inf,250.0,official_prepanel,251.2,2.0,0.0,0.0,0,1,8.625,44.522,50.816,660.0,0,未扣成本·事後欄位以 m_ 標示·非投資建議
SEL,2,2025-05-26,2025-05-27,4168,醣聯,TPEx,S,,fV300,S1@5,57,369,漏網,856,-3.972672,,atr14=0.292|n_lu_250=0.517|r20=0.732|c_ma120=0.103|vr20=0.876|days_since_lu=0.242|dt_ratio20=NaN|lend_to_v=0.514|rev_yoy=0.994|o_turn=0.219|o_log_mcap=0.046|o_lu_follow=0.204,"官方日成交結構(MI_INDEX/dailyQuotes)=1|發行股數(MI_QFIIS/dailyQuotes)=1|外資持股(MI_QFIIS,僅上市)=0|自營商(T86/上櫃三大法人)=1|當沖(TWTB4U/上櫃intraday)=0|季財報(MOPS t163sb04)=1|月營收(MOPS/openapi)=1|官方產業別(MOPS t05st03)=1|融資券(MI_MARGN)=1|借券(TWT93U)=1|法人(T86)=1",691,inf,250.0,official_prepanel,107.65,1.0,0.0,0.0,0,1,10.0,37.027,38.919,788.0,0,未扣成本·事後欄位以 m_ 標示·非投資建議
SEL,2,2025-06-02,2025-06-03,6885,全福生技,TWSE,S,,fV300|fH125,S1@5,13,352,漏網,1804,-2.884037,,atr14=0.782|n_lu_250=0.202|r20=0.345|c_ma120=0.218|vr20=0.962|days_since_lu=0.629|dt_ratio20=NaN|lend_to_v=NaN|rev_yoy=NaN|o_turn=0.355|o_log_mcap=0.136|o_lu_follow=0.518,"官方日成交結構(MI_INDEX/dailyQuotes)=1|發行股數(MI_QFIIS/dailyQuotes)=1|外資持股(MI_QFIIS,僅上市)=1|自營商(T86/上櫃三大法人)=1|當沖(TWTB4U/上櫃intraday)=0|季財報(MOPS t163sb04)=1|月營收(MOPS/openapi)=0|官方產業別(MOPS t05st03)=1|融資券(MI_MARGN)=0|借券(TWT93U)=0|法人(T86)=1",108,108.0,108.0,official,172.7,1.0,0.0,0.0,0,1,6.289,42.767,39.623,833.0,0,未扣成本·事後欄位以 m_ 標示·非投資建議
SEL,2,2025-06-04,2025-06-05,6485,點序,TPEx,S,,fV300,S1@5,80,345,漏網,264,-3.84019,,atr14=0.775|n_lu_250=0.841|r20=0.561|c_ma120=0.406|vr20=0.455|days_since_lu=0.630|dt_ratio20=NaN|lend_to_v=0.576|rev_yoy=0.771|o_turn=0.454|o_log_mcap=0.081|o_lu_follow=0.013,"官方日成交結構(MI_INDEX/dailyQuotes)=1|發行股數(MI_QFIIS/dailyQuotes)=1|外資持股(MI_QFIIS,僅上市)=0|自營商(T86/上櫃三大法人)=1|當沖(TWTB4U/上櫃intraday)=1|季財報(MOPS t163sb04)=1|月營收(MOPS/openapi)=1|官方產業別(MOPS t05st03)=1|融資券(MI_MARGN)=1|借券(TWT93U)=1|法人(T86)=1",697,inf,250.0,official_prepanel,249.7,2.0,0.0,0.0,0,1,8.872,13.309,8.503,1345.0,0,未扣成本·事後欄位以 m_ 標示·非投資建議
SEL,2,2025-06-10,2025-06-11,6461,益得,TPEx,S,,fV300,S1@5,98,351,漏網,1016,-3.863624,,atr14=0.278|n_lu_250=0.518|r20=0.604|c_ma120=0.057|vr20=0.917|days_since_lu=0.643|dt_ratio20=NaN|lend_to_v=0.010|rev_yoy=0.858|o_turn=0.215|o_log_mcap=0.120|o_lu_follow=0.904,"官方日成交結構(MI_INDEX/dailyQuotes)=1|發行股數(MI_QFIIS/dailyQuotes)=1|外資持股(MI_QFIIS,僅上市)=0|自營商(T86/上櫃三大法人)=1|當沖(TWTB4U/上櫃intraday)=0|季財報(MOPS t163sb04)=1|月營收(MOPS/openapi)=1|官方產業別(MOPS t05st03)=1|融資券(MI_MARGN)=1|借券(TWT93U)=1|法人(T86)=1",701,inf,250.0,official_prepanel,147.5,1.0,0.0,0.0,0,1,1.02,8.163,-9.184,625.0,0,未扣成本·事後欄位以 m_ 標示·非投資建議
SEL,2,2025-06-13,2025-06-16,4551,智伸科,TWSE,S,,fV300,S1@5,115,364,漏網,407,-4.576778,,atr14=0.419|n_lu_250=0.601|r20=0.640|c_ma120=0.468|vr20=0.995|days_since_lu=0.390|dt_ratio20=0.408|lend_to_v=0.404|rev_yoy=0.335|o_turn=0.765|o_log_mcap=0.465|o_lu_follow=0.130,"官方日成交結構(MI_INDEX/dailyQuotes)=1|發行股數(MI_QFIIS/dailyQuotes)=1|外資持股(MI_QFIIS,僅上市)=1|自營商(T86/上櫃三大法人)=1|當沖(TWTB4U/上櫃intraday)=1|季財報(MOPS t163sb04)=1|月營收(MOPS/openapi)=1|官方產業別(MOPS t05st03)=1|融資券(MI_MARGN)=1|借券(TWT93U)=1|法人(T86)=1",704,inf,250.0,official_prepanel,233.6,2.0,0.0,0.0,0,1,9.072,13.15,25.892,2887.0,0,未扣成本·事後欄位以 m_ 標示·非投資建議
SEL,2,2025-06-16,2025-06-17,4549,桓達,TPEx,S,,fV300,S1@5,160,351,漏網,1059,-5.306139,,atr14=0.398|n_lu_250=0.926|r20=0.190|c_ma120=0.028|vr20=0.826|days_since_lu=0.322|dt_ratio20=NaN|lend_to_v=0.641|rev_yoy=0.466|o_turn=0.343|o_log_mcap=0.309|o_lu_follow=0.691,"官方日成交結構(MI_INDEX/dailyQuotes)=1|發行股數(MI_QFIIS/dailyQuotes)=1|外資持股(MI_QFIIS,僅上市)=0|自營商(T86/上櫃三大法人)=1|當沖(TWTB4U/上櫃intraday)=1|季財報(MOPS t163sb04)=1|月營收(MOPS/openapi)=1|官方產業別(MOPS t05st03)=1|融資券(MI_MARGN)=1|借券(TWT93U)=1|法人(T86)=1",705,inf,250.0,official_prepanel,115.4,1.0,0.0,0.0,0,1,8.19,28.448,21.552,417.0,0,未扣成本·事後欄位以 m_ 標示·非投資建議
SEL,2,2025-06-17,2025-06-18,5498,凱崴,TPEx,S,,fP10|fV300,S1@5,65,342,漏網,1701,-4.068725,,atr14=0.205|n_lu_250=0.205|r20=0.220|c_ma120=0.119|vr20=0.842|days_since_lu=0.655|dt_ratio20=NaN|lend_to_v=0.813|rev_yoy=0.520|o_turn=0.182|o_log_mcap=0.032|o_lu_follow=0.533,"官方日成交結構(MI_INDEX/dailyQuotes)=1|發行股數(MI_QFIIS/dailyQuotes)=1|外資持股(MI_QFIIS,僅上市)=0|自營商(T86/上櫃三大法人)=1|當沖(TWTB4U/上櫃intraday)=1|季財報(MOPS t163sb04)=1|月營收(MOPS/openapi)=1|官方產業別(MOPS t05st03)=1|融資券(MI_MARGN)=1|借券(TWT93U)=1|法人(T86)=1",706,inf,250.0,official_prepanel,190.0,1.0,0.0,0.0,0,1,9.964,25.148,45.314,1288.0,0,未扣成本·事後欄位以 m_ 標示·非投資建議
SEL,2,2025-06-18,2025-06-19,3040,遠見,TWSE,S,,fV300,S1@5,62,341,漏網,542,-4.109845,,atr14=0.242|n_lu_250=0.612|r20=0.674|c_ma120=0.397|vr20=0.952|days_since_lu=0.657|dt_ratio20=0.142|lend_to_v=0.352|rev_yoy=0.471|o_turn=0.779|o_log_mcap=0.112|o_lu_follow=0.131,"官方日成交結構(MI_INDEX/dailyQuotes)=1|發行股數(MI_QFIIS/dailyQuotes)=1|外資持股(MI_QFIIS,僅上市)=1|自營商(T86/上櫃三大法人)=1|當沖(TWTB4U/上櫃intraday)=1|季財報(MOPS t163sb04)=1|月營收(MOPS/openapi)=1|官方產業別(MOPS t05st03)=1|融資券(MI_MARGN)=1|借券(TWT93U)=1|法人(T86)=1",707,inf,250.0,official_prepanel,279.0,2.0,0.0,0.0,0,1,2.658,29.652,45.44,4043.0,0,未扣成本·事後欄位以 m_ 標示·非投資建議
SEL,2,2025-06-24,2025-06-25,4739,康普,TWSE,S,,fV300,S1@5,165,364,漏網,1060,-4.522982,,atr14=0.637|n_lu_250=0.401|r20=0.207|c_ma120=0.219|vr20=0.862|days_since_lu=0.661|dt_ratio20=0.446|lend_to_v=0.890|rev_yoy=0.756|o_turn=0.294|o_log_mcap=0.253|o_lu_follow=0.317,"官方日成交結構(MI_INDEX/dailyQuotes)=1|發行股數(MI_QFIIS/dailyQuotes)=1|外資持股(MI_QFIIS,僅上市)=1|自營商(T86/上櫃三大法人)=1|當沖(TWTB4U/上櫃intraday)=1|季財報(MOPS t163sb04)=1|月營收(MOPS/openapi)=1|官方產業別(MOPS t05st03)=1|融資券(MI_MARGN)=1|借券(TWT93U)=1|法人(T86)=1",711,inf,250.0,official_prepanel,197.95,1.0,0.0,0.0,0,1,5.537,16.395,7.275,938.0,0,未扣成本·事後欄位以 m_ 標示·非投資建議
SEL,2,2025-06-24,2025-06-25,8478,東哥遊艇,TWSE,S,,fV300,S1@5,167,364,漏網,591,-4.569787,,atr14=0.769|n_lu_250=0.612|r20=0.423|c_ma120=0.212|vr20=0.349|days_since_lu=0.064|dt_ratio20=0.723|lend_to_v=0.668|rev_yoy=0.465|o_turn=0.165|o_log_mcap=0.529|o_lu_follow=0.127,"官方日成交結構(MI_INDEX/dailyQuotes)=1|發行股數(MI_QFIIS/dailyQuotes)=1|外資持股(MI_QFIIS,僅上市)=1|自營商(T86/上櫃三大法人)=1|當沖(TWTB4U/上櫃intraday)=1|季財報(MOPS t163sb04)=1|月營收(MOPS/openapi)=1|官方產業別(MOPS t05st03)=1|融資券(MI_MARGN)=1|借券(TWT93U)=1|法人(T86)=1",711,inf,250.0,official_prepanel,236.85,2.0,0.0,0.0,0,1,8.497,23.856,49.673,598.0,0,未扣成本·事後欄位以 m_ 標示·非投資建議
SEL,2,2025-06-26,2025-06-27,4729,熒茂,TPEx,S,,fV300,S1@5,22,347,漏網,1225,-2.874681,,atr14=0.379|n_lu_250=0.968|r20=0.031|c_ma120=0.015|vr20=0.954|days_since_lu=0.669|dt_ratio20=NaN|lend_to_v=0.501|rev_yoy=0.505|o_turn=0.485|o_log_mcap=0.020|o_lu_follow=0.926,"官方日成交結構(MI_INDEX/dailyQuotes)=1|發行股數(MI_QFIIS/dailyQuotes)=1|外資持股(MI_QFIIS,僅上市)=0|自營商(T86/上櫃三大法人)=1|當沖(TWTB4U/上櫃intraday)=1|季財報(MOPS t163sb04)=1|月營收(MOPS/openapi)=1|官方產業別(MOPS t05st03)=1|融資券(MI_MARGN)=1|借券(TWT93U)=1|法人(T86)=1",713,inf,250.0,official_prepanel,115.6,1.0,0.0,0.0,0,1,8.657,28.06,28.955,479.0,0,未扣成本·事後欄位以 m_ 標示·非投資建議
SEL,3,2025-07-01,2025-07-02,8043,蜜望實,TPEx,S,,fV300,S1@5,47,358,漏網,935,-3.415706,,atr14=0.522|n_lu_250=0.877|r20=0.214|c_ma120=0.042|vr20=0.835|days_since_lu=0.673|dt_ratio20=NaN|lend_to_v=0.787|rev_yoy=0.673|o_turn=0.294|o_log_mcap=0.046|o_lu_follow=0.834,"官方日成交結構(MI_INDEX/dailyQuotes)=1|發行股數(MI_QFIIS/dailyQuotes)=1|外資持股(MI_QFIIS,僅上市)=0|自營商(T86/上櫃三大法人)=1|當沖(TWTB4U/上櫃intraday)=1|季財報(MOPS t163sb04)=1|月營收(MOPS/openapi)=1|官方產業別(MOPS t05st03)=1|融資券(MI_MARGN)=1|借券(TWT93U)=1|法人(T86)=1",716,inf,250.0,official_prepanel,130.85,1.0,0.0,0.0,0,1,8.52,26.009,18.161,1081.0,0,未扣成本·事後欄位以 m_ 標示·非投資建議
SEL,3,2025-07-08,2025-07-09,8499,鼎炫-KY,TWSE,S,,fV300,S1@5,46,360,漏網,102,-3.985763,,atr14=0.770|n_lu_250=0.510|r20=0.977|c_ma120=0.958|vr20=0.816|days_since_lu=0.047|dt_ratio20=0.611|lend_to_v=0.206|rev_yoy=0.366|o_turn=0.393|o_log_mcap=0.356|o_lu_follow=0.206,"官方日成交結構(MI_INDEX/dailyQuotes)=1|發行股數(MI_QFIIS/dailyQuotes)=1|外資持股(MI_QFIIS,僅上市)=1|自營商(T86/上櫃三大法人)=1|當沖(TWTB4U/上櫃intraday)=1|季財報(MOPS t163sb04)=1|月營收(MOPS/openapi)=1|官方產業別(MOPS t05st03)=1|融資券(MI_MARGN)=1|借券(TWT93U)=1|法人(T86)=1",721,inf,250.0,official_prepanel,120.4,1.0,0.0,0.0,1,0,0.0,22.515,32.307,210.0,0,未扣成本·事後欄位以 m_ 標示·非投資建議
SEL,3,2025-07-09,2025-07-10,1595,川寶,TPEx,S,,fV300,S1@5,20,358,漏網,910,-3.339329,,atr14=0.571|n_lu_250=0.969|r20=0.152|c_ma120=0.044|vr20=0.567|days_since_lu=0.679|dt_ratio20=NaN|lend_to_v=0.493|rev_yoy=0.028|o_turn=0.209|o_log_mcap=0.035|o_lu_follow=0.965,"官方日成交結構(MI_INDEX/dailyQuotes)=1|發行股數(MI_QFIIS/dailyQuotes)=1|外資持股(MI_QFIIS,僅上市)=0|自營商(T86/上櫃三大法人)=1|當沖(TWTB4U/上櫃intraday)=1|季財報(MOPS t163sb04)=1|月營收(MOPS/openapi)=1|官方產業別(MOPS t05st03)=1|融資券(MI_MARGN)=1|借券(TWT93U)=1|法人(T86)=1",722,inf,250.0,official_prepanel,105.25,1.0,0.0,0.0,0,1,3.266,25.972,23.95,296.0,0,未扣成本·事後欄位以 m_ 標示·非投資建議
SEL,3,2025-07-09,2025-07-10,4903,聯光通,TPEx,S,,fV300,S1@5,18,358,漏網,823,-3.3275,,atr14=0.853|n_lu_250=0.985|r20=0.031|c_ma120=0.025|vr20=0.714|days_since_lu=0.375|dt_ratio20=NaN|lend_to_v=0.513|rev_yoy=0.350|o_turn=0.367|o_log_mcap=0.077|o_lu_follow=0.892,"官方日成交結構(MI_INDEX/dailyQuotes)=1|發行股數(MI_QFIIS/dailyQuotes)=1|外資持股(MI_QFIIS,僅上市)=0|自營商(T86/上櫃三大法人)=1|當沖(TWTB4U/上櫃intraday)=0|季財報(MOPS t163sb04)=1|月營收(MOPS/openapi)=1|官方產業別(MOPS t05st03)=1|融資券(MI_MARGN)=1|借券(TWT93U)=1|法人(T86)=1",722,inf,250.0,official_prepanel,258.9,2.0,0.0,0.0,1,0,0.0,4.98,15.737,469.0,0,未扣成本·事後欄位以 m_ 標示·非投資建議
SEL,3,2025-07-10,2025-07-11,6617,共信-KY,TPEx,S,,fV300,S1@5,45,353,漏網,1297,-4.048538,,atr14=0.806|n_lu_250=0.516|r20=0.000|c_ma120=0.045|vr20=0.777|days_since_lu=0.682|dt_ratio20=NaN|lend_to_v=NaN|rev_yoy=0.122|o_turn=0.139|o_log_mcap=0.427|o_lu_follow=0.205,"官方日成交結構(MI_INDEX/dailyQuotes)=1|發行股數(MI_QFIIS/dailyQuotes)=1|外資持股(MI_QFIIS,僅上市)=0|自營商(T86/上櫃三大法人)=1|當沖(TWTB4U/上櫃intraday)=0|季財報(MOPS t163sb04)=1|月營收(MOPS/openapi)=1|官方產業別(MOPS t05st03)=1|融資券(MI_MARGN)=0|借券(TWT93U)=0|法人(T86)=1",258,258.0,250.0,official,123.0,1.0,0.0,0.0,1,0,0.0,24.444,10.556,83.0,0,未扣成本·事後欄位以 m_ 標示·非投資建議
SEL,3,2025-07-18,2025-07-21,4989,榮科,TWSE,S,,fV300,S1@5,8,360,漏網,41,-2.818486,,atr14=0.888|n_lu_250=0.857|r20=0.959|c_ma120=0.796|vr20=0.991|days_since_lu=0.146|dt_ratio20=0.709|lend_to_v=0.453|rev_yoy=0.086|o_turn=0.757|o_log_mcap=0.085|o_lu_follow=0.675,"官方日成交結構(MI_INDEX/dailyQuotes)=1|發行股數(MI_QFIIS/dailyQuotes)=1|外資持股(MI_QFIIS,僅上市)=1|自營商(T86/上櫃三大法人)=1|當沖(TWTB4U/上櫃intraday)=1|季財報(MOPS t163sb04)=1|月營收(MOPS/openapi)=1|官方產業別(MOPS t05st03)=1|融資券(MI_MARGN)=1|借券(TWT93U)=1|法人(T86)=1",729,inf,250.0,official_prepanel,281.15,2.0,0.0,0.0,0,1,6.349,19.577,26.455,3668.0,0,未扣成本·事後欄位以 m_ 標示·非投資建議
SEL,3,2025-07-23,2025-07-24,6928,攸泰科技,TWSE,S,,fV300,S1@5,39,356,漏網,281,-3.423485,,atr14=0.953|n_lu_250=0.823|r20=0.655|c_ma120=0.091|vr20=0.112|days_since_lu=0.100|dt_ratio20=0.702|lend_to_v=0.190|rev_yoy=0.725|o_turn=0.048|o_log_mcap=0.182|o_lu_follow=0.029,"官方日成交結構(MI_INDEX/dailyQuotes)=1|發行股數(MI_QFIIS/dailyQuotes)=1|外資持股(MI_QFIIS,僅上市)=1|自營商(T86/上櫃三大法人)=1|當沖(TWTB4U/上櫃intraday)=1|季財報(MOPS t163sb04)=1|月營收(MOPS/openapi)=1|官方產業別(MOPS t05st03)=1|融資券(MI_MARGN)=1|借券(TWT93U)=1|法人(T86)=1",289,289.0,250.0,official,203.15,2.0,0.0,0.0,0,1,6.361,52.033,50.365,506.0,0,未扣成本·事後欄位以 m_ 標示·非投資建議
SEL,3,2025-07-25,2025-07-28,3311,閎暉,TWSE,S,,fV300,S1@5,85,350,漏網,1041,-4.200465,,atr14=0.521|n_lu_250=0.193|r20=0.399|c_ma120=0.269|vr20=0.896|days_since_lu=0.916|dt_ratio20=0.327|lend_to_v=0.298|rev_yoy=0.597|o_turn=0.602|o_log_mcap=0.061|o_lu_follow=0.531,"官方日成交結構(MI_INDEX/dailyQuotes)=1|發行股數(MI_QFIIS/dailyQuotes)=1|外資持股(MI_QFIIS,僅上市)=1|自營商(T86/上櫃三大法人)=1|當沖(TWTB4U/上櫃intraday)=1|季財報(MOPS t163sb04)=1|月營收(MOPS/openapi)=1|官方產業別(MOPS t05st03)=1|融資券(MI_MARGN)=1|借券(TWT93U)=1|法人(T86)=1",734,inf,250.0,official_prepanel,218.65,2.0,0.0,0.0,0,1,8.75,21.406,16.406,2545.0,0,未扣成本·事後欄位以 m_ 標示·非投資建議
SEL,3,2025-07-28,2025-07-29,4804,,TPEx,S,,fP10|fV300|fH125,S1@5,18,349,漏網,120,-3.253596,,atr14=0.457|n_lu_250=0.884|r20=0.921|c_ma120=NaN|vr20=0.196|days_since_lu=0.187|dt_ratio20=NaN|lend_to_v=0.006|rev_yoy=0.540|o_turn=0.141|o_log_mcap=0.000|o_lu_follow=0.977,"官方日成交結構(MI_INDEX/dailyQuotes)=1|發行股數(MI_QFIIS/dailyQuotes)=1|外資持股(MI_QFIIS,僅上市)=0|自營商(T86/上櫃三大法人)=0|當沖(TWTB4U/上櫃intraday)=0|季財報(MOPS t163sb04)=1|月營收(MOPS/openapi)=1|官方產業別(MOPS t05st03)=0|融資券(MI_MARGN)=1|借券(TWT93U)=1|法人(T86)=0",735,inf,250.0,official_prepanel,132.2,1.0,0.0,0.0,0,1,9.343,44.526,41.606,489.0,0,未扣成本·事後欄位以 m_ 標示·非投資建議
SEL,3,2025-07-29,2025-07-30,5438,東友,TPEx,S,,fV300,S1@5,148,353,漏網,793,-4.769667,,atr14=0.286|n_lu_250=0.977|r20=0.316|c_ma120=0.112|vr20=0.484|days_since_lu=0.384|dt_ratio20=NaN|lend_to_v=0.570|rev_yoy=0.549|o_turn=0.059|o_log_mcap=0.055|o_lu_follow=0.990,"官方日成交結構(MI_INDEX/dailyQuotes)=1|發行股數(MI_QFIIS/dailyQuotes)=1|外資持股(MI_QFIIS,僅上市)=0|自營商(T86/上櫃三大法人)=1|當沖(TWTB4U/上櫃intraday)=1|季財報(MOPS t163sb04)=1|月營收(MOPS/openapi)=1|官方產業別(MOPS t05st03)=1|融資券(MI_MARGN)=1|借券(TWT93U)=1|法人(T86)=1",736,inf,250.0,official_prepanel,137.65,1.0,0.0,0.0,0,1,7.179,7.929,1.859,619.0,0,未扣成本·事後欄位以 m_ 標示·非投資建議
SEL,3,2025-07-29,2025-07-30,8032,光菱,TPEx,S,,fV300,S1@5,90,353,漏網,645,-4.147028,,atr14=0.630|n_lu_250=0.989|r20=0.268|c_ma120=0.069|vr20=0.526|days_since_lu=0.384|dt_ratio20=NaN|lend_to_v=0.390|rev_yoy=0.816|o_turn=0.280|o_log_mcap=0.050|o_lu_follow=0.978,"官方日成交結構(MI_INDEX/dailyQuotes)=1|發行股數(MI_QFIIS/dailyQuotes)=1|外資持股(MI_QFIIS,僅上市)=0|自營商(T86/上櫃三大法人)=1|當沖(TWTB4U/上櫃intraday)=1|季財報(MOPS t163sb04)=1|月營收(MOPS/openapi)=1|官方產業別(MOPS t05st03)=1|融資券(MI_MARGN)=1|借券(TWT93U)=1|法人(T86)=1",736,inf,250.0,official_prepanel,157.7,1.0,0.0,0.0,0,1,5.332,15.64,11.374,614.0,0,未扣成本·事後欄位以 m_ 標示·非投資建議
SEL,3,2025-07-31,2025-08-01,4577,達航科技,TPEx,S,,fV300,S1@5,49,350,漏網,285,-3.967395,,atr14=0.549|n_lu_250=0.971|r20=0.679|c_ma120=0.300|vr20=0.189|days_since_lu=0.347|dt_ratio20=NaN|lend_to_v=0.338|rev_yoy=0.640|o_turn=0.090|o_log_mcap=0.000|o_lu_follow=0.276,"官方日成交結構(MI_INDEX/dailyQuotes)=1|發行股數(MI_QFIIS/dailyQuotes)=1|外資持股(MI_QFIIS,僅上市)=0|自營商(T86/上櫃三大法人)=1|當沖(TWTB4U/上櫃intraday)=1|季財報(MOPS t163sb04)=1|月營收(MOPS/openapi)=1|官方產業別(MOPS t05st03)=1|融資券(MI_MARGN)=1|借券(TWT93U)=1|法人(T86)=1",738,inf,250.0,official_prepanel,118.65,1.0,0.0,0.0,0,1,10.0,36.341,64.146,756.0,0,未扣成本·事後欄位以 m_ 標示·非投資建議
SEL,3,2025-07-31,2025-08-01,6129,普誠,TPEx,S,,fV300,S1@5,121,350,漏網,1583,-4.871372,,atr14=0.199|n_lu_250=0.193|r20=0.480|c_ma120=0.034|vr20=0.434|days_since_lu=0.713|dt_ratio20=NaN|lend_to_v=0.627|rev_yoy=0.503|o_turn=0.040|o_log_mcap=0.039|o_lu_follow=0.538,"官方日成交結構(MI_INDEX/dailyQuotes)=1|發行股數(MI_QFIIS/dailyQuotes)=1|外資持股(MI_QFIIS,僅上市)=0|自營商(T86/上櫃三大法人)=1|當沖(TWTB4U/上櫃intraday)=0|季財報(MOPS t163sb04)=1|月營收(MOPS/openapi)=1|官方產業別(MOPS t05st03)=1|融資券(MI_MARGN)=1|借券(TWT93U)=1|法人(T86)=1",738,inf,250.0,official_prepanel,188.1,1.0,0.0,0.0,0,1,10.294,35.784,34.804,544.0,0,未扣成本·事後欄位以 m_ 標示·非投資建議
SEL,3,2025-07-31,2025-08-01,6133,金橋,TWSE,S,,fV300,S1@5,60,350,漏網,939,-4.151386,,atr14=0.314|n_lu_250=0.869|r20=0.218|c_ma120=0.147|vr20=0.543|days_since_lu=0.713|dt_ratio20=0.305|lend_to_v=0.590|rev_yoy=0.198|o_turn=0.251|o_log_mcap=0.025|o_lu_follow=0.671,"官方日成交結構(MI_INDEX/dailyQuotes)=1|發行股數(MI_QFIIS/dailyQuotes)=1|外資持股(MI_QFIIS,僅上市)=1|自營商(T86/上櫃三大法人)=1|當沖(TWTB4U/上櫃intraday)=1|季財報(MOPS t163sb04)=1|月營收(MOPS/openapi)=1|官方產業別(MOPS t05st03)=1|融資券(MI_MARGN)=1|借券(TWT93U)=1|法人(T86)=1",738,inf,250.0,official_prepanel,288.7,2.0,0.0,0.0,0,1,10.791,21.223,43.165,1273.0,0,未扣成本·事後欄位以 m_ 標示·非投資建議
SEL,3,2025-07-31,2025-08-01,6134,萬旭,TPEx,S,,fV300,S1@5,31,350,漏網,677,-3.335212,,atr14=0.249|n_lu_250=0.947|r20=0.519|c_ma120=0.071|vr20=0.715|days_since_lu=0.456|dt_ratio20=NaN|lend_to_v=0.779|rev_yoy=0.625|o_turn=0.151|o_log_mcap=0.021|o_lu_follow=0.407,"官方日成交結構(MI_INDEX/dailyQuotes)=1|發行股數(MI_QFIIS/dailyQuotes)=1|外資持股(MI_QFIIS,僅上市)=0|自營商(T86/上櫃三大法人)=1|當沖(TWTB4U/上櫃intraday)=1|季財報(MOPS t163sb04)=1|月營收(MOPS/openapi)=1|官方產業別(MOPS t05st03)=1|融資券(MI_MARGN)=1|借券(TWT93U)=1|法人(T86)=1",738,inf,250.0,official_prepanel,104.75,1.0,0.0,0.0,0,1,10.444,22.193,44.125,1502.0,0,未扣成本·事後欄位以 m_ 標示·非投資建議
SEL,3,2025-08-01,2025-08-04,3322,建舜電,TPEx,S,,fV300,S1@5,112,353,漏網,1266,-4.482811,,atr14=0.253|n_lu_250=0.690|r20=0.132|c_ma120=0.093|vr20=0.125|days_since_lu=0.280|dt_ratio20=NaN|lend_to_v=0.787|rev_yoy=0.644|o_turn=0.020|o_log_mcap=0.017|o_lu_follow=0.095,"官方日成交結構(MI_INDEX/dailyQuotes)=1|發行股數(MI_QFIIS/dailyQuotes)=1|外資持股(MI_QFIIS,僅上市)=0|自營商(T86/上櫃三大法人)=1|當沖(TWTB4U/上櫃intraday)=1|季財報(MOPS t163sb04)=1|月營收(MOPS/openapi)=1|官方產業別(MOPS t05st03)=1|融資券(MI_MARGN)=1|借券(TWT93U)=1|法人(T86)=1",739,inf,250.0,official_prepanel,123.75,1.0,0.0,0.0,0,1,9.2,22.4,22.8,927.0,0,未扣成本·事後欄位以 m_ 標示·非投資建議
SEL,3,2025-08-01,2025-08-04,6152,百一,TWSE,S,,fP10|fV300,S1@5,16,353,漏網,1069,-2.712272,,atr14=0.225|n_lu_250=0.622|r20=0.314|c_ma120=0.143|vr20=0.908|days_since_lu=0.710|dt_ratio20=NaN|lend_to_v=0.006|rev_yoy=0.028|o_turn=0.405|o_log_mcap=0.014|o_lu_follow=0.135,"官方日成交結構(MI_INDEX/dailyQuotes)=1|發行股數(MI_QFIIS/dailyQuotes)=1|外資持股(MI_QFIIS,僅上市)=1|自營商(T86/上櫃三大法人)=1|當沖(TWTB4U/上櫃intraday)=0|季財報(MOPS t163sb04)=1|月營收(MOPS/openapi)=1|官方產業別(MOPS t05st03)=1|融資券(MI_MARGN)=1|借券(TWT93U)=1|法人(T86)=1",739,inf,250.0,official_prepanel,289.8,2.0,0.0,0.0,0,1,8.518,2.876,7.854,2557.0,0,未扣成本·事後欄位以 m_ 標示·非投資建議
SEL,3,2025-08-01,2025-08-04,8935,邦泰,TPEx,S,,fV300,S1@5,7,353,漏網,1051,-2.152498,,atr14=0.877|n_lu_250=0.622|r20=0.051|c_ma120=0.019|vr20=0.954|days_since_lu=0.017|dt_ratio20=NaN|lend_to_v=0.006|rev_yoy=0.809|o_turn=0.321|o_log_mcap=0.022|o_lu_follow=0.839,"官方日成交結構(MI_INDEX/dailyQuotes)=1|發行股數(MI_QFIIS/dailyQuotes)=1|外資持股(MI_QFIIS,僅上市)=0|自營商(T86/上櫃三大法人)=1|當沖(TWTB4U/上櫃intraday)=0|季財報(MOPS t163sb04)=1|月營收(MOPS/openapi)=1|官方產業別(MOPS t05st03)=1|融資券(MI_MARGN)=1|借券(TWT93U)=1|法人(T86)=1",739,inf,250.0,official_prepanel,125.0,1.0,0.0,0.0,0,1,4.235,17.264,52.117,1240.0,0,未扣成本·事後欄位以 m_ 標示·非投資建議
SEL,3,2025-08-04,2025-08-05,6727,亞泰金屬,TPEx,S,,fV300,S1@5,12,340,漏網,342,-2.690025,,atr14=0.397|n_lu_250=0.193|r20=0.945|c_ma120=0.941|vr20=0.936|days_since_lu=0.714|dt_ratio20=NaN|lend_to_v=NaN|rev_yoy=0.882|o_turn=0.731|o_log_mcap=0.053|o_lu_follow=0.546,"官方日成交結構(MI_INDEX/dailyQuotes)=1|發行股數(MI_QFIIS/dailyQuotes)=1|外資持股(MI_QFIIS,僅上市)=0|自營商(T86/上櫃三大法人)=1|當沖(TWTB4U/上櫃intraday)=0|季財報(MOPS t163sb04)=1|月營收(MOPS/openapi)=1|官方產業別(MOPS t05st03)=1|融資券(MI_MARGN)=0|借券(TWT93U)=0|法人(T86)=1",740,inf,250.0,official_prepanel,112.05,1.0,0.0,0.0,0,1,7.572,56.25,121.154,1522.0,0,未扣成本·事後欄位以 m_ 標示·非投資建議
SEL,3,2025-08-08,2025-08-11,6283,淳安,TWSE,S,,fV300,S1@5,167,331,漏網,1586,-4.998513,,atr14=0.089|n_lu_250=0.190|r20=0.429|c_ma120=0.061|vr20=0.521|days_since_lu=0.925|dt_ratio20=0.014|lend_to_v=0.965|rev_yoy=0.667|o_turn=0.041|o_log_mcap=0.108|o_lu_follow=0.548,"官方日成交結構(MI_INDEX/dailyQuotes)=1|發行股數(MI_QFIIS/dailyQuotes)=1|外資持股(MI_QFIIS,僅上市)=1|自營商(T86/上櫃三大法人)=1|當沖(TWTB4U/上櫃intraday)=1|季財報(MOPS t163sb04)=1|月營收(MOPS/openapi)=1|官方產業別(MOPS t05st03)=1|融資券(MI_MARGN)=1|借券(TWT93U)=1|法人(T86)=1",744,inf,250.0,official_prepanel,101.0,1.0,0.0,0.0,1,0,0.0,27.056,14.935,405.0,0,未扣成本·事後欄位以 m_ 標示·非投資建議
SEL,3,2025-08-11,2025-08-12,3071,協禧,TPEx,S,,fV300,S1@5,74,327,漏網,700,-3.810743,,atr14=0.221|n_lu_250=0.386|r20=0.714|c_ma120=0.341|vr20=0.847|days_since_lu=0.719|dt_ratio20=NaN|lend_to_v=0.394|rev_yoy=0.260|o_turn=0.203|o_log_mcap=0.050|o_lu_follow=0.348,"官方日成交結構(MI_INDEX/dailyQuotes)=1|發行股數(MI_QFIIS/dailyQuotes)=1|外資持股(MI_QFIIS,僅上市)=0|自營商(T86/上櫃三大法人)=1|當沖(TWTB4U/上櫃intraday)=1|季財報(MOPS t163sb04)=1|月營收(MOPS/openapi)=1|官方產業別(MOPS t05st03)=1|融資券(MI_MARGN)=1|借券(TWT93U)=1|法人(T86)=1",745,inf,250.0,official_prepanel,113.35,1.0,0.0,0.0,0,1,4.293,33.838,32.828,607.0,0,未扣成本·事後欄位以 m_ 標示·非投資建議
SEL,3,2025-08-11,2025-08-12,6265,方土昶,TPEx,S,,fP10|fV300,S1@5,35,327,漏網,774,-3.12812,,atr14=0.106|n_lu_250=0.386|r20=0.613|c_ma120=0.421|vr20=0.996|days_since_lu=0.719|dt_ratio20=NaN|lend_to_v=0.869|rev_yoy=0.805|o_turn=0.520|o_log_mcap=0.005|o_lu_follow=0.348,"官方日成交結構(MI_INDEX/dailyQuotes)=1|發行股數(MI_QFIIS/dailyQuotes)=1|外資持股(MI_QFIIS,僅上市)=0|自營商(T86/上櫃三大法人)=1|當沖(TWTB4U/上櫃intraday)=1|季財報(MOPS t163sb04)=1|月營收(MOPS/openapi)=1|官方產業別(MOPS t05st03)=1|融資券(MI_MARGN)=1|借券(TWT93U)=1|法人(T86)=1",745,inf,250.0,official_prepanel,115.1,1.0,0.0,0.0,0,1,6.811,11.971,10.423,750.0,0,未扣成本·事後欄位以 m_ 標示·非投資建議
SEL,3,2025-08-13,2025-08-14,6733,博晟生醫,TPEx,S,,fV300,S1@5,141,325,漏網,646,-4.666532,,atr14=0.369|n_lu_250=0.388|r20=0.489|c_ma120=0.477|vr20=0.220|days_since_lu=0.722|dt_ratio20=NaN|lend_to_v=NaN|rev_yoy=0.906|o_turn=0.030|o_log_mcap=0.153|o_lu_follow=0.349,"官方日成交結構(MI_INDEX/dailyQuotes)=1|發行股數(MI_QFIIS/dailyQuotes)=1|外資持股(MI_QFIIS,僅上市)=0|自營商(T86/上櫃三大法人)=1|當沖(TWTB4U/上櫃intraday)=0|季財報(MOPS t163sb04)=1|月營收(MOPS/openapi)=1|官方產業別(MOPS t05st03)=1|融資券(MI_MARGN)=0|借券(TWT93U)=0|法人(T86)=1",747,inf,250.0,official_prepanel,128.15,1.0,0.0,0.0,0,1,9.016,34.098,51.475,714.0,0,未扣成本·事後欄位以 m_ 標示·非投資建議
SEL,3,2025-08-14,2025-08-15,3508,位速,TPEx,S,,fV300,S1@5,21,323,漏網,591,-3.147609,,atr14=0.684|n_lu_250=0.806|r20=0.105|c_ma120=0.431|vr20=0.075|days_since_lu=0.214|dt_ratio20=NaN|lend_to_v=0.005|rev_yoy=0.863|o_turn=0.082|o_log_mcap=0.060|o_lu_follow=0.918,"官方日成交結構(MI_INDEX/dailyQuotes)=1|發行股數(MI_QFIIS/dailyQuotes)=1|外資持股(MI_QFIIS,僅上市)=0|自營商(T86/上櫃三大法人)=1|當沖(TWTB4U/上櫃intraday)=0|季財報(MOPS t163sb04)=1|月營收(MOPS/openapi)=1|官方產業別(MOPS t05st03)=1|融資券(MI_MARGN)=1|借券(TWT93U)=1|法人(T86)=1",748,inf,250.0,official_prepanel,205.65,2.0,0.0,0.0,0,1,4.978,21.212,19.913,997.0,0,未扣成本·事後欄位以 m_ 標示·非投資建議
SEL,3,2025-08-15,2025-08-18,2007,燁興,TWSE,S,,fP10|fV300,S1@5,99,330,漏網,834,-4.046051,,atr14=0.226|n_lu_250=0.697|r20=0.570|c_ma120=0.067|vr20=0.828|days_since_lu=0.719|dt_ratio20=NaN|lend_to_v=0.224|rev_yoy=0.080|o_turn=0.017|o_log_mcap=0.166|o_lu_follow=0.098,"官方日成交結構(MI_INDEX/dailyQuotes)=1|發行股數(MI_QFIIS/dailyQuotes)=1|外資持股(MI_QFIIS,僅上市)=1|自營商(T86/上櫃三大法人)=1|當沖(TWTB4U/上櫃intraday)=0|季財報(MOPS t163sb04)=1|月營收(MOPS/openapi)=1|官方產業別(MOPS t05st03)=1|融資券(MI_MARGN)=1|借券(TWT93U)=1|法人(T86)=1",749,inf,250.0,official_prepanel,175.0,1.0,0.0,0.0,0,1,9.664,14.228,10.872,1242.0,0,未扣成本·事後欄位以 m_ 標示·非投資建議
SEL,3,2025-08-22,2025-08-25,1506,正道,TWSE,S,,fV300,S1@5,173,313,漏網,1056,-4.880751,,atr14=0.054|n_lu_250=0.623|r20=0.426|c_ma120=0.270|vr20=0.743|days_since_lu=0.532|dt_ratio20=NaN|lend_to_v=0.006|rev_yoy=0.810|o_turn=0.023|o_log_mcap=0.162|o_lu_follow=0.137,"官方日成交結構(MI_INDEX/dailyQuotes)=1|發行股數(MI_QFIIS/dailyQuotes)=1|外資持股(MI_QFIIS,僅上市)=1|自營商(T86/上櫃三大法人)=1|當沖(TWTB4U/上櫃intraday)=0|季財報(MOPS t163sb04)=1|月營收(MOPS/openapi)=1|官方產業別(MOPS t05st03)=1|融資券(MI_MARGN)=1|借券(TWT93U)=1|法人(T86)=1",754,inf,250.0,official_prepanel,150.2,1.0,0.0,0.0,0,1,8.085,19.574,19.574,969.0,0,未扣成本·事後欄位以 m_ 標示·非投資建議
SEL,3,2025-08-22,2025-08-25,5484,慧友,TWSE,S,,fV300,S1@5,36,313,漏網,736,-3.286005,,atr14=0.642|n_lu_250=0.931|r20=0.252|c_ma120=0.133|vr20=0.449|days_since_lu=0.414|dt_ratio20=NaN|lend_to_v=0.006|rev_yoy=0.541|o_turn=0.313|o_log_mcap=0.099|o_lu_follow=0.733,"官方日成交結構(MI_INDEX/dailyQuotes)=1|發行股數(MI_QFIIS/dailyQuotes)=1|外資持股(MI_QFIIS,僅上市)=1|自營商(T86/上櫃三大法人)=1|當沖(TWTB4U/上櫃intraday)=0|季財報(MOPS t163sb04)=1|月營收(MOPS/openapi)=1|官方產業別(MOPS t05st03)=1|融資券(MI_MARGN)=1|借券(TWT93U)=1|法人(T86)=1",754,inf,250.0,official_prepanel,249.6,2.0,0.0,0.0,0,1,7.246,27.931,16.469,748.0,0,未扣成本·事後欄位以 m_ 標示·非投資建議
SEL,3,2025-08-27,2025-08-28,8121,越峰,TPEx,S,,fV300,S1@5,80,307,漏網,620,-3.870529,,atr14=0.789|n_lu_250=0.526|r20=0.479|c_ma120=0.213|vr20=0.562|days_since_lu=0.471|dt_ratio20=NaN|lend_to_v=0.114|rev_yoy=0.162|o_turn=0.093|o_log_mcap=0.222|o_lu_follow=0.216,"官方日成交結構(MI_INDEX/dailyQuotes)=1|發行股數(MI_QFIIS/dailyQuotes)=1|外資持股(MI_QFIIS,僅上市)=0|自營商(T86/上櫃三大法人)=1|當沖(TWTB4U/上櫃intraday)=0|季財報(MOPS t163sb04)=1|月營收(MOPS/openapi)=1|官方產業別(MOPS t05st03)=1|融資券(MI_MARGN)=1|借券(TWT93U)=1|法人(T86)=1",757,inf,250.0,official_prepanel,292.15,2.0,0.0,0.0,0,1,9.487,29.744,31.538,1314.0,0,未扣成本·事後欄位以 m_ 標示·非投資建議
SEL,3,2025-08-27,2025-08-28,8183,,TPEx,S,,fV300,S1@5,39,307,漏網,1026,-3.228997,,atr14=0.135|n_lu_250=0.399|r20=0.523|c_ma120=0.229|vr20=0.866|days_since_lu=0.733|dt_ratio20=NaN|lend_to_v=0.829|rev_yoy=0.517|o_turn=0.356|o_log_mcap=0.167|o_lu_follow=0.335,"官方日成交結構(MI_INDEX/dailyQuotes)=1|發行股數(MI_QFIIS/dailyQuotes)=1|外資持股(MI_QFIIS,僅上市)=0|自營商(T86/上櫃三大法人)=1|當沖(TWTB4U/上櫃intraday)=1|季財報(MOPS t163sb04)=0|月營收(MOPS/openapi)=1|官方產業別(MOPS t05st03)=0|融資券(MI_MARGN)=1|借券(TWT93U)=1|法人(T86)=1",757,inf,250.0,fallback_prepanel,249.45,2.0,0.0,0.0,0,1,9.156,11.131,7.002,1366.0,0,未扣成本·事後欄位以 m_ 標示·非投資建議
SEL,3,2025-08-28,2025-08-29,3372,典範,TPEx,S,,fV300,S1@5,30,296,漏網,760,-3.103246,,atr14=0.222|n_lu_250=0.698|r20=0.440|c_ma120=0.324|vr20=0.907|days_since_lu=0.528|dt_ratio20=NaN|lend_to_v=0.360|rev_yoy=0.828|o_turn=0.278|o_log_mcap=0.090|o_lu_follow=0.088,"官方日成交結構(MI_INDEX/dailyQuotes)=1|發行股數(MI_QFIIS/dailyQuotes)=1|外資持股(MI_QFIIS,僅上市)=0|自營商(T86/上櫃三大法人)=1|當沖(TWTB4U/上櫃intraday)=0|季財報(MOPS t163sb04)=1|月營收(MOPS/openapi)=1|官方產業別(MOPS t05st03)=1|融資券(MI_MARGN)=1|借券(TWT93U)=1|法人(T86)=1",758,inf,250.0,official_prepanel,207.55,2.0,0.0,0.0,0,1,8.955,13.433,12.313,1119.0,0,未扣成本·事後欄位以 m_ 標示·非投資建議
SEL,3,2025-09-02,2025-09-03,3522,御嵿,TPEx,S,,fV300,S1@5,39,310,漏網,1380,-3.20166,,atr14=0.154|n_lu_250=0.613|r20=0.271|c_ma120=0.024|vr20=0.393|days_since_lu=0.555|dt_ratio20=NaN|lend_to_v=0.008|rev_yoy=0.751|o_turn=0.105|o_log_mcap=0.009|o_lu_follow=0.139,"官方日成交結構(MI_INDEX/dailyQuotes)=1|發行股數(MI_QFIIS/dailyQuotes)=1|外資持股(MI_QFIIS,僅上市)=0|自營商(T86/上櫃三大法人)=1|當沖(TWTB4U/上櫃intraday)=0|季財報(MOPS t163sb04)=1|月營收(MOPS/openapi)=1|官方產業別(MOPS t05st03)=1|融資券(MI_MARGN)=1|借券(TWT93U)=1|法人(T86)=1",761,inf,250.0,official_prepanel,149.3,1.0,0.0,0.0,0,1,9.339,12.062,13.619,451.0,0,未扣成本·事後欄位以 m_ 標示·非投資建議
SEL,3,2025-09-02,2025-09-03,4108,懷特,TWSE,S,,fV300,S1@5,51,310,漏網,515,-3.396912,,atr14=0.377|n_lu_250=0.513|r20=0.772|c_ma120=0.429|vr20=0.632|days_since_lu=0.083|dt_ratio20=NaN|lend_to_v=0.008|rev_yoy=0.322|o_turn=0.087|o_log_mcap=0.131|o_lu_follow=0.219,"官方日成交結構(MI_INDEX/dailyQuotes)=1|發行股數(MI_QFIIS/dailyQuotes)=1|外資持股(MI_QFIIS,僅上市)=1|自營商(T86/上櫃三大法人)=1|當沖(TWTB4U/上櫃intraday)=0|季財報(MOPS t163sb04)=1|月營收(MOPS/openapi)=1|官方產業別(MOPS t05st03)=1|融資券(MI_MARGN)=1|借券(TWT93U)=1|法人(T86)=1",761,inf,250.0,official_prepanel,235.9,2.0,0.0,0.0,0,1,9.123,21.404,15.088,1725.0,0,未扣成本·事後欄位以 m_ 標示·非投資建議
SEL,3,2025-09-03,2025-09-04,2509,全坤建,TWSE,S,,fV300,S1@5,32,307,漏網,735,-3.060489,,atr14=0.309|n_lu_250=0.193|r20=0.710|c_ma120=0.449|vr20=0.927|days_since_lu=0.744|dt_ratio20=NaN|lend_to_v=0.919|rev_yoy=0.001|o_turn=0.161|o_log_mcap=0.166|o_lu_follow=0.539,"官方日成交結構(MI_INDEX/dailyQuotes)=1|發行股數(MI_QFIIS/dailyQuotes)=1|外資持股(MI_QFIIS,僅上市)=1|自營商(T86/上櫃三大法人)=1|當沖(TWTB4U/上櫃intraday)=1|季財報(MOPS t163sb04)=1|月營收(MOPS/openapi)=1|官方產業別(MOPS t05st03)=1|融資券(MI_MARGN)=1|借券(TWT93U)=1|法人(T86)=1",762,inf,250.0,official_prepanel,137.15,1.0,0.0,0.0,0,1,9.247,11.301,19.521,614.0,0,未扣成本·事後欄位以 m_ 標示·非投資建議
SEL,3,2025-09-03,2025-09-04,7714,創泓科技,TPEx,S,,fV300,S1@5,46,307,漏網,158,-3.34788,,atr14=0.893|n_lu_250=0.875|r20=0.846|c_ma120=0.628|vr20=0.448|days_since_lu=0.119|dt_ratio20=NaN|lend_to_v=NaN|rev_yoy=0.937|o_turn=0.547|o_log_mcap=0.100|o_lu_follow=0.939,"官方日成交結構(MI_INDEX/dailyQuotes)=1|發行股數(MI_QFIIS/dailyQuotes)=1|外資持股(MI_QFIIS,僅上市)=0|自營商(T86/上櫃三大法人)=1|當沖(TWTB4U/上櫃intraday)=0|季財報(MOPS t163sb04)=1|月營收(MOPS/openapi)=1|官方產業別(MOPS t05st03)=1|融資券(MI_MARGN)=0|借券(TWT93U)=0|法人(T86)=1",154,154.0,154.0,official,215.5,2.0,0.0,0.0,0,1,9.211,36.842,30.263,343.0,0,未扣成本·事後欄位以 m_ 標示·非投資建議
SEL,3,2025-09-05,2025-09-08,6732,昇佳電子,TPEx,S,,fV300,S1@5,100,328,漏網,311,-4.095985,,atr14=0.640|n_lu_250=0.503|r20=0.881|c_ma120=0.644|vr20=0.945|days_since_lu=0.037|dt_ratio20=NaN|lend_to_v=0.403|rev_yoy=0.315|o_turn=0.756|o_log_mcap=0.472|o_lu_follow=0.221,"官方日成交結構(MI_INDEX/dailyQuotes)=1|發行股數(MI_QFIIS/dailyQuotes)=1|外資持股(MI_QFIIS,僅上市)=0|自營商(T86/上櫃三大法人)=1|當沖(TWTB4U/上櫃intraday)=1|季財報(MOPS t163sb04)=1|月營收(MOPS/openapi)=1|官方產業別(MOPS t05st03)=1|融資券(MI_MARGN)=1|借券(TWT93U)=1|法人(T86)=1",764,inf,250.0,official_prepanel,250.45,2.0,0.0,0.0,0,1,0.676,11.712,7.432,350.0,0,未扣成本·事後欄位以 m_ 標示·非投資建議
SEL,3,2025-09-12,2025-09-15,3713,新晶投控,TPEx,S,,fV300,S1@5,30,331,漏網,363,-2.704241,,atr14=0.809|n_lu_250=0.364|r20=0.807|c_ma120=0.472|vr20=0.954|days_since_lu=0.177|dt_ratio20=NaN|lend_to_v=NaN|rev_yoy=0.144|o_turn=0.581|o_log_mcap=0.054|o_lu_follow=0.338,"官方日成交結構(MI_INDEX/dailyQuotes)=1|發行股數(MI_QFIIS/dailyQuotes)=1|外資持股(MI_QFIIS,僅上市)=0|自營商(T86/上櫃三大法人)=1|當沖(TWTB4U/上櫃intraday)=0|季財報(MOPS t163sb04)=1|月營收(MOPS/openapi)=1|官方產業別(MOPS t05st03)=1|融資券(MI_MARGN)=0|借券(TWT93U)=0|法人(T86)=1",769,inf,250.0,official_prepanel,230.4,2.0,0.0,0.0,0,1,9.856,29.087,9.856,947.0,0,未扣成本·事後欄位以 m_ 標示·非投資建議
SEL,3,2025-09-15,2025-09-16,2444,兆勁,TWSE,S,,fV300,S1@5,58,333,漏網,1504,-3.560745,,atr14=0.117|n_lu_250=0.725|r20=0.117|c_ma120=0.063|vr20=0.916|days_since_lu=0.773|dt_ratio20=NaN|lend_to_v=0.012|rev_yoy=0.052|o_turn=0.418|o_log_mcap=0.007|o_lu_follow=0.772,"官方日成交結構(MI_INDEX/dailyQuotes)=1|發行股數(MI_QFIIS/dailyQuotes)=1|外資持股(MI_QFIIS,僅上市)=1|自營商(T86/上櫃三大法人)=1|當沖(TWTB4U/上櫃intraday)=0|季財報(MOPS t163sb04)=1|月營收(MOPS/openapi)=1|官方產業別(MOPS t05st03)=1|融資券(MI_MARGN)=1|借券(TWT93U)=1|法人(T86)=1",770,inf,250.0,official_prepanel,235.9,2.0,0.0,0.0,0,1,6.075,13.551,10.28,772.0,0,未扣成本·事後欄位以 m_ 標示·非投資建議
SEL,3,2025-09-15,2025-09-16,4130,,TPEx,S,,fV300,S1@5,138,333,漏網,1308,-4.623768,,atr14=0.049|n_lu_250=0.360|r20=0.572|c_ma120=0.181|vr20=0.931|days_since_lu=0.773|dt_ratio20=NaN|lend_to_v=0.732|rev_yoy=NaN|o_turn=0.202|o_log_mcap=0.073|o_lu_follow=0.338,"官方日成交結構(MI_INDEX/dailyQuotes)=1|發行股數(MI_QFIIS/dailyQuotes)=1|外資持股(MI_QFIIS,僅上市)=0|自營商(T86/上櫃三大法人)=1|當沖(TWTB4U/上櫃intraday)=1|季財報(MOPS t163sb04)=0|月營收(MOPS/openapi)=0|官方產業別(MOPS t05st03)=0|融資券(MI_MARGN)=1|借券(TWT93U)=1|法人(T86)=1",770,inf,250.0,fallback_prepanel,113.95,1.0,0.0,0.0,1,0,0.0,14.074,13.827,433.0,0,未扣成本·事後欄位以 m_ 標示·非投資建議
SEL,3,2025-09-17,2025-09-18,6161,捷波,TPEx,S,,fV300,S1@5,44,347,漏網,363,-3.085907,,atr14=0.484|n_lu_250=0.480|r20=0.850|c_ma120=0.644|vr20=0.814|days_since_lu=0.044|dt_ratio20=NaN|lend_to_v=0.101|rev_yoy=0.897|o_turn=0.566|o_log_mcap=0.099|o_lu_follow=0.223,"官方日成交結構(MI_INDEX/dailyQuotes)=1|發行股數(MI_QFIIS/dailyQuotes)=1|外資持股(MI_QFIIS,僅上市)=0|自營商(T86/上櫃三大法人)=1|當沖(TWTB4U/上櫃intraday)=1|季財報(MOPS t163sb04)=1|月營收(MOPS/openapi)=1|官方產業別(MOPS t05st03)=1|融資券(MI_MARGN)=1|借券(TWT93U)=1|法人(T86)=1",772,inf,250.0,official_prepanel,291.25,2.0,0.0,1.0,0,1,9.681,27.613,10.011,1064.0,0,未扣成本·事後欄位以 m_ 標示·非投資建議
SEL,3,2025-09-18,2025-09-19,3236,千如,TPEx,S,,fV300,S1@5,90,338,漏網,672,-3.453487,,atr14=0.137|n_lu_250=0.481|r20=0.587|c_ma120=0.562|vr20=0.686|days_since_lu=0.529|dt_ratio20=NaN|lend_to_v=0.163|rev_yoy=0.628|o_turn=0.212|o_log_mcap=0.045|o_lu_follow=0.219,"官方日成交結構(MI_INDEX/dailyQuotes)=1|發行股數(MI_QFIIS/dailyQuotes)=1|外資持股(MI_QFIIS,僅上市)=0|自營商(T86/上櫃三大法人)=1|當沖(TWTB4U/上櫃intraday)=1|季財報(MOPS t163sb04)=1|月營收(MOPS/openapi)=1|官方產業別(MOPS t05st03)=1|融資券(MI_MARGN)=1|借券(TWT93U)=1|法人(T86)=1",773,inf,250.0,official_prepanel,204.55,2.0,0.0,0.0,0,1,8.989,18.258,18.539,3056.0,0,未扣成本·事後欄位以 m_ 標示·非投資建議
SEL,3,2025-09-26,2025-09-30,6785,昱展新藥,TPEx,S,,fV300,S1@5,189,351,漏網,248,-5.185529,,atr14=0.603|n_lu_250=0.778|r20=0.433|c_ma120=0.926|vr20=0.146|days_since_lu=0.341|dt_ratio20=NaN|lend_to_v=0.667|rev_yoy=NaN|o_turn=0.130|o_log_mcap=0.580|o_lu_follow=0.039,"官方日成交結構(MI_INDEX/dailyQuotes)=1|發行股數(MI_QFIIS/dailyQuotes)=1|外資持股(MI_QFIIS,僅上市)=0|自營商(T86/上櫃三大法人)=1|當沖(TWTB4U/上櫃intraday)=1|季財報(MOPS t163sb04)=0|月營收(MOPS/openapi)=0|官方產業別(MOPS t05st03)=1|融資券(MI_MARGN)=1|借券(TWT93U)=1|法人(T86)=1",406,406.0,250.0,official,230.5,2.0,0.0,0.0,0,1,9.07,26.512,30.233,491.0,0,未扣成本·事後欄位以 m_ 標示·非投資建議
SEL,4,2025-10-02,2025-10-03,8176,智捷,TPEx,S,,fV300,S1@5,10,349,漏網,883,-2.873157,,atr14=0.259|n_lu_250=0.732|r20=0.347|c_ma120=0.268|vr20=0.920|days_since_lu=0.387|dt_ratio20=NaN|lend_to_v=0.010|rev_yoy=0.012|o_turn=0.445|o_log_mcap=0.000|o_lu_follow=0.061,"官方日成交結構(MI_INDEX/dailyQuotes)=1|發行股數(MI_QFIIS/dailyQuotes)=1|外資持股(MI_QFIIS,僅上市)=0|自營商(T86/上櫃三大法人)=1|當沖(TWTB4U/上櫃intraday)=0|季財報(MOPS t163sb04)=1|月營收(MOPS/openapi)=1|官方產業別(MOPS t05st03)=1|融資券(MI_MARGN)=1|借券(TWT93U)=1|法人(T86)=1",782,inf,250.0,official_prepanel,170.1,1.0,0.0,0.0,0,1,10.0,5.714,1.429,1678.0,0,未扣成本·事後欄位以 m_ 標示·非投資建議
SEL,4,2025-10-03,2025-10-07,2465,麗臺,TWSE,S,,fV300,S1@5,118,356,漏網,807,-4.597183,,atr14=0.432|n_lu_250=0.794|r20=0.284|c_ma120=0.213|vr20=0.811|days_since_lu=0.483|dt_ratio20=NaN|lend_to_v=0.010|rev_yoy=0.054|o_turn=0.474|o_log_mcap=0.251|o_lu_follow=0.683,"官方日成交結構(MI_INDEX/dailyQuotes)=1|發行股數(MI_QFIIS/dailyQuotes)=1|外資持股(MI_QFIIS,僅上市)=1|自營商(T86/上櫃三大法人)=1|當沖(TWTB4U/上櫃intraday)=0|季財報(MOPS t163sb04)=1|月營收(MOPS/openapi)=1|官方產業別(MOPS t05st03)=1|融資券(MI_MARGN)=1|借券(TWT93U)=1|法人(T86)=1",783,inf,250.0,official_prepanel,283.8,2.0,0.0,0.0,1,0,0.0,7.177,17.813,729.0,0,未扣成本·事後欄位以 m_ 標示·非投資建議
SEL,4,2025-10-07,2025-10-08,2380,虹光,TWSE,S,,fP10|fV300,S1@5,6,350,漏網,452,-2.319781,,atr14=0.773|n_lu_250=0.908|r20=0.013|c_ma120=0.705|vr20=0.625|days_since_lu=0.232|dt_ratio20=NaN|lend_to_v=0.011|rev_yoy=0.864|o_turn=0.022|o_log_mcap=0.003|o_lu_follow=0.962,"官方日成交結構(MI_INDEX/dailyQuotes)=1|發行股數(MI_QFIIS/dailyQuotes)=1|外資持股(MI_QFIIS,僅上市)=1|自營商(T86/上櫃三大法人)=0|當沖(TWTB4U/上櫃intraday)=0|季財報(MOPS t163sb04)=1|月營收(MOPS/openapi)=1|官方產業別(MOPS t05st03)=1|融資券(MI_MARGN)=1|借券(TWT93U)=1|法人(T86)=0",784,inf,250.0,official_prepanel,145.5,1.0,0.0,0.0,1,0,0.0,10.124,9.947,129.0,0,未扣成本·事後欄位以 m_ 標示·非投資建議
SEL,4,2025-10-07,2025-10-08,3631,晟楠,TPEx,S,,fV300,S1@5,11,350,漏網,450,-2.47227,,atr14=0.636|n_lu_250=0.476|r20=0.939|c_ma120=0.232|vr20=0.973|days_since_lu=0.017|dt_ratio20=NaN|lend_to_v=0.343|rev_yoy=0.025|o_turn=0.391|o_log_mcap=0.042|o_lu_follow=0.224,"官方日成交結構(MI_INDEX/dailyQuotes)=1|發行股數(MI_QFIIS/dailyQuotes)=1|外資持股(MI_QFIIS,僅上市)=0|自營商(T86/上櫃三大法人)=1|當沖(TWTB4U/上櫃intraday)=1|季財報(MOPS t163sb04)=1|月營收(MOPS/openapi)=1|官方產業別(MOPS t05st03)=1|融資券(MI_MARGN)=1|借券(TWT93U)=1|法人(T86)=1",784,inf,250.0,official_prepanel,108.0,1.0,0.0,0.0,0,1,2.128,8.704,3.288,241.0,0,未扣成本·事後欄位以 m_ 標示·非投資建議
SEL,4,2025-10-13,2025-10-14,6560,欣普羅,TPEx,S,,fV300,S1@5,61,334,漏網,731,-3.974577,,atr14=0.416|n_lu_250=0.947|r20=0.139|c_ma120=0.334|vr20=0.305|days_since_lu=0.282|dt_ratio20=NaN|lend_to_v=NaN|rev_yoy=0.009|o_turn=0.295|o_log_mcap=0.002|o_lu_follow=0.992,"官方日成交結構(MI_INDEX/dailyQuotes)=1|發行股數(MI_QFIIS/dailyQuotes)=1|外資持股(MI_QFIIS,僅上市)=0|自營商(T86/上櫃三大法人)=1|當沖(TWTB4U/上櫃intraday)=0|季財報(MOPS t163sb04)=1|月營收(MOPS/openapi)=1|官方產業別(MOPS t05st03)=1|融資券(MI_MARGN)=0|借券(TWT93U)=0|法人(T86)=1",787,inf,250.0,official_prepanel,137.8,1.0,0.0,0.0,1,0,0.0,-1.496,1.611,228.0,0,未扣成本·事後欄位以 m_ 標示·非投資建議
SEL,4,2025-10-16,2025-10-17,6875,國邑*,TPEx,S,,fV300,S1@5,12,331,漏網,289,-2.830217,,atr14=0.814|n_lu_250=0.359|r20=0.774|c_ma120=0.630|vr20=0.979|days_since_lu=0.429|dt_ratio20=NaN|lend_to_v=NaN|rev_yoy=NaN|o_turn=0.230|o_log_mcap=0.312|o_lu_follow=0.336,"官方日成交結構(MI_INDEX/dailyQuotes)=1|發行股數(MI_QFIIS/dailyQuotes)=1|外資持股(MI_QFIIS,僅上市)=0|自營商(T86/上櫃三大法人)=1|當沖(TWTB4U/上櫃intraday)=0|季財報(MOPS t163sb04)=1|月營收(MOPS/openapi)=0|官方產業別(MOPS t05st03)=1|融資券(MI_MARGN)=0|借券(TWT93U)=0|法人(T86)=1",381,381.0,250.0,official,104.2,1.0,0.0,0.0,0,1,8.669,15.927,3.831,533.0,0,未扣成本·事後欄位以 m_ 標示·非投資建議
SEL,4,2025-10-17,2025-10-20,5228,鈺鎧,TPEx,S,,fV300|fH125,S1@5,101,331,漏網,283,-4.437293,,atr14=0.566|n_lu_250=0.486|r20=0.898|c_ma120=NaN|vr20=0.000|days_since_lu=0.140|dt_ratio20=NaN|lend_to_v=0.044|rev_yoy=0.759|o_turn=0.000|o_log_mcap=0.000|o_lu_follow=0.928,"官方日成交結構(MI_INDEX/dailyQuotes)=1|發行股數(MI_QFIIS/dailyQuotes)=1|外資持股(MI_QFIIS,僅上市)=0|自營商(T86/上櫃三大法人)=0|當沖(TWTB4U/上櫃intraday)=1|季財報(MOPS t163sb04)=1|月營收(MOPS/openapi)=1|官方產業別(MOPS t05st03)=1|融資券(MI_MARGN)=1|借券(TWT93U)=1|法人(T86)=0",791,inf,250.0,official_prepanel,105.6,1.0,0.0,0.0,1,0,0.0,1.579,-3.684,132.0,0,未扣成本·事後欄位以 m_ 標示·非投資建議
SEL,4,2025-10-17,2025-10-20,6411,晶焱,TPEx,S,,fV300,S1@5,248,331,漏網,1223,-5.930214,,atr14=0.302|n_lu_250=0.180|r20=0.305|c_ma120=0.387|vr20=0.164|days_since_lu=0.788|dt_ratio20=NaN|lend_to_v=0.706|rev_yoy=0.121|o_turn=0.018|o_log_mcap=0.334|o_lu_follow=0.539,"官方日成交結構(MI_INDEX/dailyQuotes)=1|發行股數(MI_QFIIS/dailyQuotes)=1|外資持股(MI_QFIIS,僅上市)=0|自營商(T86/上櫃三大法人)=1|當沖(TWTB4U/上櫃intraday)=1|季財報(MOPS t163sb04)=1|月營收(MOPS/openapi)=1|官方產業別(MOPS t05st03)=1|融資券(MI_MARGN)=1|借券(TWT93U)=1|法人(T86)=1",791,inf,250.0,official_prepanel,152.2,1.0,0.0,0.0,0,1,9.914,40.805,29.31,838.0,0,未扣成本·事後欄位以 m_ 標示·非投資建議
SEL,4,2025-10-27,2025-10-28,4741,泓瀚,TPEx,S,,fV300,S1@5,45,357,漏網,1281,-3.355089,,atr14=0.132|n_lu_250=0.177|r20=0.618|c_ma120=0.184|vr20=0.895|days_since_lu=0.939|dt_ratio20=NaN|lend_to_v=0.268|rev_yoy=0.720|o_turn=0.515|o_log_mcap=0.001|o_lu_follow=0.529,"官方日成交結構(MI_INDEX/dailyQuotes)=1|發行股數(MI_QFIIS/dailyQuotes)=1|外資持股(MI_QFIIS,僅上市)=0|自營商(T86/上櫃三大法人)=1|當沖(TWTB4U/上櫃intraday)=1|季財報(MOPS t163sb04)=1|月營收(MOPS/openapi)=1|官方產業別(MOPS t05st03)=1|融資券(MI_MARGN)=1|借券(TWT93U)=1|法人(T86)=1",796,inf,250.0,official_prepanel,122.7,1.0,0.0,0.0,0,1,9.297,7.483,-1.814,1973.0,0,未扣成本·事後欄位以 m_ 標示·非投資建議
SEL,4,2025-10-30,2025-10-31,8440,綠電,TPEx,S,,fV300,S1@5,15,362,漏網,1304,-2.485916,,atr14=0.402|n_lu_250=0.480|r20=0.247|c_ma120=0.043|vr20=0.874|days_since_lu=0.796|dt_ratio20=NaN|lend_to_v=0.594|rev_yoy=0.250|o_turn=0.375|o_log_mcap=0.011|o_lu_follow=0.219,"官方日成交結構(MI_INDEX/dailyQuotes)=1|發行股數(MI_QFIIS/dailyQuotes)=1|外資持股(MI_QFIIS,僅上市)=0|自營商(T86/上櫃三大法人)=1|當沖(TWTB4U/上櫃intraday)=1|季財報(MOPS t163sb04)=1|月營收(MOPS/openapi)=1|官方產業別(MOPS t05st03)=1|融資券(MI_MARGN)=1|借券(TWT93U)=1|法人(T86)=1",799,inf,250.0,official_prepanel,110.25,1.0,0.0,0.0,0,1,9.897,15.258,7.216,779.0,0,未扣成本·事後欄位以 m_ 標示·非投資建議
SEL,4,2025-11-11,2025-11-12,3092,鴻碩,TWSE,S,,fV300,S1@5,6,373,漏網,1485,-2.166327,,atr14=0.426|n_lu_250=0.477|r20=0.127|c_ma120=0.015|vr20=0.816|days_since_lu=0.293|dt_ratio20=0.016|lend_to_v=0.757|rev_yoy=0.426|o_turn=0.186|o_log_mcap=0.020|o_lu_follow=0.223,"官方日成交結構(MI_INDEX/dailyQuotes)=1|發行股數(MI_QFIIS/dailyQuotes)=1|外資持股(MI_QFIIS,僅上市)=1|自營商(T86/上櫃三大法人)=1|當沖(TWTB4U/上櫃intraday)=1|季財報(MOPS t163sb04)=1|月營收(MOPS/openapi)=1|官方產業別(MOPS t05st03)=1|融資券(MI_MARGN)=1|借券(TWT93U)=1|法人(T86)=1",807,inf,250.0,official_prepanel,147.6,1.0,0.0,0.0,0,1,9.363,18.727,10.112,688.0,0,未扣成本·事後欄位以 m_ 標示·非投資建議
SEL,4,2025-11-26,2025-11-27,2460,建通,TWSE,S,,fV300,S1@5,49,387,漏網,1200,-3.334946,,atr14=0.586|n_lu_250=0.676|r20=0.085|c_ma120=0.062|vr20=0.540|days_since_lu=0.518|dt_ratio20=NaN|lend_to_v=0.129|rev_yoy=0.432|o_turn=0.114|o_log_mcap=0.078|o_lu_follow=0.100,"官方日成交結構(MI_INDEX/dailyQuotes)=1|發行股數(MI_QFIIS/dailyQuotes)=1|外資持股(MI_QFIIS,僅上市)=1|自營商(T86/上櫃三大法人)=1|當沖(TWTB4U/上櫃intraday)=0|季財報(MOPS t163sb04)=1|月營收(MOPS/openapi)=1|官方產業別(MOPS t05st03)=1|融資券(MI_MARGN)=1|借券(TWT93U)=1|法人(T86)=1",818,inf,250.0,official_prepanel,284.05,2.0,0.0,0.0,0,1,7.947,19.205,37.086,1135.0,0,未扣成本·事後欄位以 m_ 標示·非投資建議
SEL,4,2025-11-28,2025-12-01,2491,吉祥全,TWSE,S,,fV300,S1@5,6,390,漏網,81,-1.868202,,atr14=0.667|n_lu_250=0.898|r20=0.948|c_ma120=0.878|vr20=0.947|days_since_lu=0.047|dt_ratio20=NaN|lend_to_v=0.011|rev_yoy=0.164|o_turn=0.625|o_log_mcap=0.006|o_lu_follow=0.996,"官方日成交結構(MI_INDEX/dailyQuotes)=1|發行股數(MI_QFIIS/dailyQuotes)=1|外資持股(MI_QFIIS,僅上市)=1|自營商(T86/上櫃三大法人)=1|當沖(TWTB4U/上櫃intraday)=1|季財報(MOPS t163sb04)=1|月營收(MOPS/openapi)=1|官方產業別(MOPS t05st03)=1|融資券(MI_MARGN)=1|借券(TWT93U)=1|法人(T86)=1",820,inf,250.0,official_prepanel,212.45,2.0,0.0,0.0,0,1,7.143,28.571,31.169,1382.0,0,未扣成本·事後欄位以 m_ 標示·非投資建議
SEL,4,2025-12-01,2025-12-02,3354,律勝,TPEx,S,,fV300,S1@5,110,391,漏網,326,-4.415939,,atr14=0.447|n_lu_250=0.571|r20=0.791|c_ma120=0.458|vr20=0.476|days_since_lu=0.621|dt_ratio20=NaN|lend_to_v=0.356|rev_yoy=0.120|o_turn=0.105|o_log_mcap=0.007|o_lu_follow=0.097,"官方日成交結構(MI_INDEX/dailyQuotes)=1|發行股數(MI_QFIIS/dailyQuotes)=1|外資持股(MI_QFIIS,僅上市)=0|自營商(T86/上櫃三大法人)=1|當沖(TWTB4U/上櫃intraday)=1|季財報(MOPS t163sb04)=1|月營收(MOPS/openapi)=1|官方產業別(MOPS t05st03)=1|融資券(MI_MARGN)=1|借券(TWT93U)=1|法人(T86)=1",821,inf,250.0,official_prepanel,116.95,1.0,0.0,0.0,0,1,9.412,24.118,21.765,693.0,0,未扣成本·事後欄位以 m_ 標示·非投資建議
SEL,4,2025-12-03,2025-12-04,4562,穎漢,TWSE,S,,fV300,S1@5,44,394,漏網,1013,-2.899108,,atr14=0.659|n_lu_250=0.876|r20=0.123|c_ma120=0.007|vr20=0.691|days_since_lu=0.619|dt_ratio20=0.623|lend_to_v=0.836|rev_yoy=0.146|o_turn=0.346|o_log_mcap=0.114|o_lu_follow=0.942,"官方日成交結構(MI_INDEX/dailyQuotes)=1|發行股數(MI_QFIIS/dailyQuotes)=1|外資持股(MI_QFIIS,僅上市)=1|自營商(T86/上櫃三大法人)=1|當沖(TWTB4U/上櫃intraday)=1|季財報(MOPS t163sb04)=1|月營收(MOPS/openapi)=1|官方產業別(MOPS t05st03)=1|融資券(MI_MARGN)=1|借券(TWT93U)=1|法人(T86)=1",823,inf,250.0,official_prepanel,258.1,2.0,0.0,0.0,0,1,3.877,-3.209,-3.743,401.0,0,未扣成本·事後欄位以 m_ 標示·非投資建議
SEL,4,2025-12-03,2025-12-04,5484,慧友,TWSE,S,,fV300,S1@5,27,394,漏網,719,-2.57194,,atr14=0.635|n_lu_250=0.901|r20=0.251|c_ma120=0.151|vr20=0.433|days_since_lu=0.475|dt_ratio20=NaN|lend_to_v=0.010|rev_yoy=0.860|o_turn=0.164|o_log_mcap=0.064|o_lu_follow=0.823,"官方日成交結構(MI_INDEX/dailyQuotes)=1|發行股數(MI_QFIIS/dailyQuotes)=1|外資持股(MI_QFIIS,僅上市)=1|自營商(T86/上櫃三大法人)=1|當沖(TWTB4U/上櫃intraday)=0|季財報(MOPS t163sb04)=1|月營收(MOPS/openapi)=1|官方產業別(MOPS t05st03)=1|融資券(MI_MARGN)=1|借券(TWT93U)=1|法人(T86)=1",823,inf,250.0,official_prepanel,153.35,1.0,0.0,0.0,0,1,7.873,8.011,4.972,658.0,0,未扣成本·事後欄位以 m_ 標示·非投資建議
SEL,4,2025-12-03,2025-12-04,8374,羅昇,TWSE,S,,fV300,S1@5,103,394,漏網,1164,-3.699427,,atr14=0.670|n_lu_250=0.670|r20=0.093|c_ma120=0.021|vr20=0.886|days_since_lu=0.494|dt_ratio20=0.682|lend_to_v=0.900|rev_yoy=0.427|o_turn=0.505|o_log_mcap=0.357|o_lu_follow=0.100,"官方日成交結構(MI_INDEX/dailyQuotes)=1|發行股數(MI_QFIIS/dailyQuotes)=1|外資持股(MI_QFIIS,僅上市)=1|自營商(T86/上櫃三大法人)=1|當沖(TWTB4U/上櫃intraday)=1|季財報(MOPS t163sb04)=1|月營收(MOPS/openapi)=1|官方產業別(MOPS t05st03)=1|融資券(MI_MARGN)=1|借券(TWT93U)=1|法人(T86)=1",823,inf,250.0,official_prepanel,262.8,2.0,0.0,0.0,0,1,2.209,-1.84,-5.031,635.0,0,未扣成本·事後欄位以 m_ 標示·非投資建議
SEL,4,2025-12-04,2025-12-05,8499,鼎炫-KY,TWSE,S,,fV300,S1@5,21,388,漏網,105,-2.504787,,atr14=0.700|n_lu_250=0.833|r20=0.851|c_ma120=0.829|vr20=0.913|days_since_lu=0.477|dt_ratio20=0.672|lend_to_v=0.423|rev_yoy=0.940|o_turn=0.681|o_log_mcap=0.473|o_lu_follow=0.889,"官方日成交結構(MI_INDEX/dailyQuotes)=1|發行股數(MI_QFIIS/dailyQuotes)=1|外資持股(MI_QFIIS,僅上市)=1|自營商(T86/上櫃三大法人)=1|當沖(TWTB4U/上櫃intraday)=1|季財報(MOPS t163sb04)=1|月營收(MOPS/openapi)=1|官方產業別(MOPS t05st03)=1|融資券(MI_MARGN)=1|借券(TWT93U)=1|法人(T86)=1",824,inf,250.0,official_prepanel,155.4,1.0,0.0,0.0,0,1,9.532,32.441,32.107,605.0,0,未扣成本·事後欄位以 m_ 標示·非投資建議
SEL,4,2025-12-10,2025-12-11,3701,大眾控,TWSE,S,,fV300,S1@5,176,392,漏網,1266,-4.672173,,atr14=0.373|n_lu_250=0.661|r20=0.155|c_ma120=0.082|vr20=0.877|days_since_lu=0.528|dt_ratio20=0.414|lend_to_v=0.853|rev_yoy=0.034|o_turn=0.249|o_log_mcap=0.304|o_lu_follow=0.099,"官方日成交結構(MI_INDEX/dailyQuotes)=1|發行股數(MI_QFIIS/dailyQuotes)=1|外資持股(MI_QFIIS,僅上市)=1|自營商(T86/上櫃三大法人)=1|當沖(TWTB4U/上櫃intraday)=1|季財報(MOPS t163sb04)=1|月營收(MOPS/openapi)=1|官方產業別(MOPS t05st03)=1|融資券(MI_MARGN)=1|借券(TWT93U)=1|法人(T86)=1",828,inf,250.0,official_prepanel,296.1,2.0,0.0,0.0,0,1,9.744,26.198,55.591,1307.0,0,未扣成本·事後欄位以 m_ 標示·非投資建議
SEL,4,2025-12-11,2025-12-12,6243,迅杰,TWSE,S,,fV300,S1@5,27,383,漏網,1103,-2.571279,,atr14=0.475|n_lu_250=0.348|r20=0.424|c_ma120=0.118|vr20=0.908|days_since_lu=0.813|dt_ratio20=0.156|lend_to_v=0.553|rev_yoy=0.104|o_turn=0.591|o_log_mcap=0.015|o_lu_follow=0.343,"官方日成交結構(MI_INDEX/dailyQuotes)=1|發行股數(MI_QFIIS/dailyQuotes)=1|外資持股(MI_QFIIS,僅上市)=1|自營商(T86/上櫃三大法人)=1|當沖(TWTB4U/上櫃intraday)=1|季財報(MOPS t163sb04)=1|月營收(MOPS/openapi)=1|官方產業別(MOPS t05st03)=1|融資券(MI_MARGN)=1|借券(TWT93U)=1|法人(T86)=1",829,inf,250.0,official_prepanel,141.7,1.0,0.0,0.0,1,0,0.0,1.639,14.754,922.0,0,未扣成本·事後欄位以 m_ 標示·非投資建議
SEL,4,2025-12-12,2025-12-15,6164,華興,TWSE,S,,fV300,S1@5,98,383,漏網,1120,-3.980468,,atr14=0.093|n_lu_250=0.346|r20=0.372|c_ma120=0.422|vr20=0.767|days_since_lu=0.241|dt_ratio20=0.042|lend_to_v=0.504|rev_yoy=0.420|o_turn=0.257|o_log_mcap=0.000|o_lu_follow=0.346,"官方日成交結構(MI_INDEX/dailyQuotes)=1|發行股數(MI_QFIIS/dailyQuotes)=1|外資持股(MI_QFIIS,僅上市)=1|自營商(T86/上櫃三大法人)=1|當沖(TWTB4U/上櫃intraday)=1|季財報(MOPS t163sb04)=1|月營收(MOPS/openapi)=1|官方產業別(MOPS t05st03)=1|融資券(MI_MARGN)=1|借券(TWT93U)=1|法人(T86)=1",830,inf,250.0,official_prepanel,135.8,1.0,0.0,0.0,0,1,9.453,24.876,26.368,2857.0,0,未扣成本·事後欄位以 m_ 標示·非投資建議
SEL,4,2025-12-12,2025-12-15,6226,光鼎,TWSE,S,,fP10|fV300,S1@5,99,383,漏網,1139,-3.981809,,atr14=0.292|n_lu_250=0.462|r20=0.169|c_ma120=0.341|vr20=0.112|days_since_lu=0.561|dt_ratio20=NaN|lend_to_v=0.011|rev_yoy=0.329|o_turn=0.020|o_log_mcap=0.000|o_lu_follow=0.235,"官方日成交結構(MI_INDEX/dailyQuotes)=1|發行股數(MI_QFIIS/dailyQuotes)=1|外資持股(MI_QFIIS,僅上市)=1|自營商(T86/上櫃三大法人)=1|當沖(TWTB4U/上櫃intraday)=0|季財報(MOPS t163sb04)=1|月營收(MOPS/openapi)=1|官方產業別(MOPS t05st03)=1|融資券(MI_MARGN)=1|借券(TWT93U)=1|法人(T86)=1",830,inf,250.0,official_prepanel,109.05,1.0,0.0,0.0,0,1,7.953,8.689,13.402,522.0,0,未扣成本·事後欄位以 m_ 標示·非投資建議
SEL,4,2025-12-23,2025-12-24,6205,詮欣,TWSE,S,,fV300,S1@5,42,372,漏網,677,-3.448754,,atr14=0.471|n_lu_250=0.341|r20=0.567|c_ma120=0.309|vr20=0.755|days_since_lu=0.072|dt_ratio20=0.181|lend_to_v=0.441|rev_yoy=0.104|o_turn=0.316|o_log_mcap=0.137|o_lu_follow=0.333,"官方日成交結構(MI_INDEX/dailyQuotes)=1|發行股數(MI_QFIIS/dailyQuotes)=1|外資持股(MI_QFIIS,僅上市)=1|自營商(T86/上櫃三大法人)=1|當沖(TWTB4U/上櫃intraday)=1|季財報(MOPS t163sb04)=1|月營收(MOPS/openapi)=1|官方產業別(MOPS t05st03)=1|融資券(MI_MARGN)=1|借券(TWT93U)=1|法人(T86)=1",837,inf,250.0,official_prepanel,170.95,1.0,0.0,0.0,0,1,8.241,52.522,47.847,1378.0,0,未扣成本·事後欄位以 m_ 標示·非投資建議
SEL,4,2025-12-24,2025-12-26,6658,聯策,TWSE,S,,fV300,S1@5,29,363,漏網,603,-3.419981,,atr14=0.673|n_lu_250=0.810|r20=0.501|c_ma120=0.030|vr20=0.880|days_since_lu=0.661|dt_ratio20=0.533|lend_to_v=0.542|rev_yoy=0.145|o_turn=0.679|o_log_mcap=0.038|o_lu_follow=0.642,"官方日成交結構(MI_INDEX/dailyQuotes)=1|發行股數(MI_QFIIS/dailyQuotes)=1|外資持股(MI_QFIIS,僅上市)=1|自營商(T86/上櫃三大法人)=1|當沖(TWTB4U/上櫃intraday)=1|季財報(MOPS t163sb04)=1|月營收(MOPS/openapi)=1|官方產業別(MOPS t05st03)=1|融資券(MI_MARGN)=1|借券(TWT93U)=1|法人(T86)=1",523,523.0,250.0,official,183.4,1.0,0.0,0.0,0,1,8.087,20.118,9.665,1120.0,0,未扣成本·事後欄位以 m_ 標示·非投資建議
SEL,4,2025-12-29,2025-12-30,7728,光焱科技,TPEx,S,,fV300,S1@5,12,363,漏網,10,-2.011536,,atr14=0.980|n_lu_250=0.900|r20=0.986|c_ma120=0.945|vr20=0.789|days_since_lu=0.115|dt_ratio20=NaN|lend_to_v=0.124|rev_yoy=0.813|o_turn=0.841|o_log_mcap=0.271|o_lu_follow=0.793,"官方日成交結構(MI_INDEX/dailyQuotes)=1|發行股數(MI_QFIIS/dailyQuotes)=1|外資持股(MI_QFIIS,僅上市)=0|自營商(T86/上櫃三大法人)=1|當沖(TWTB4U/上櫃intraday)=1|季財報(MOPS t163sb04)=1|月營收(MOPS/openapi)=1|官方產業別(MOPS t05st03)=1|融資券(MI_MARGN)=1|借券(TWT93U)=1|法人(T86)=1",204,204.0,204.0,official,241.05,2.0,0.0,0.0,0,1,8.423,25.27,31.749,426.0,0,未扣成本·事後欄位以 m_ 標示·非投資建議
SEL,4,2025-12-30,2025-12-31,2025,千興,TWSE,S,,fP10|fV300,S1@5,59,361,漏網,1383,-3.994955,,atr14=0.152|n_lu_250=0.702|r20=0.116|c_ma120=0.086|vr20=0.053|days_since_lu=0.224|dt_ratio20=NaN|lend_to_v=0.013|rev_yoy=0.055|o_turn=0.003|o_log_mcap=0.021|o_lu_follow=0.058,"官方日成交結構(MI_INDEX/dailyQuotes)=1|發行股數(MI_QFIIS/dailyQuotes)=1|外資持股(MI_QFIIS,僅上市)=1|自營商(T86/上櫃三大法人)=1|當沖(TWTB4U/上櫃intraday)=0|季財報(MOPS t163sb04)=1|月營收(MOPS/openapi)=1|官方產業別(MOPS t05st03)=1|融資券(MI_MARGN)=1|借券(TWT93U)=1|法人(T86)=1",841,inf,250.0,official_prepanel,114.6,1.0,0.0,0.0,0,1,7.966,23.69,27.358,1110.0,0,未扣成本·事後欄位以 m_ 標示·非投資建議
SEL,4,2025-12-30,2025-12-31,3360,尚立,TPEx,S,,fV300,S1@5,121,361,漏網,610,-4.629836,,atr14=0.355|n_lu_250=0.558|r20=0.470|c_ma120=0.396|vr20=0.129|days_since_lu=0.345|dt_ratio20=NaN|lend_to_v=0.348|rev_yoy=0.817|o_turn=0.081|o_log_mcap=0.001|o_lu_follow=0.145,"官方日成交結構(MI_INDEX/dailyQuotes)=1|發行股數(MI_QFIIS/dailyQuotes)=1|外資持股(MI_QFIIS,僅上市)=0|自營商(T86/上櫃三大法人)=1|當沖(TWTB4U/上櫃intraday)=1|季財報(MOPS t163sb04)=1|月營收(MOPS/openapi)=1|官方產業別(MOPS t05st03)=1|融資券(MI_MARGN)=1|借券(TWT93U)=1|法人(T86)=1",841,inf,250.0,official_prepanel,195.3,1.0,0.0,0.0,0,1,9.921,15.079,26.587,1271.0,0,未扣成本·事後欄位以 m_ 標示·非投資建議
SEL,4,2025-12-30,2025-12-31,5263,智崴,TPEx,S,,fV300,S1@5,252,361,漏網,815,-5.827516,,atr14=0.085|n_lu_250=0.168|r20=0.638|c_ma120=0.561|vr20=0.455|days_since_lu=0.826|dt_ratio20=NaN|lend_to_v=0.586|rev_yoy=0.241|o_turn=0.209|o_log_mcap=0.292|o_lu_follow=0.518,"官方日成交結構(MI_INDEX/dailyQuotes)=1|發行股數(MI_QFIIS/dailyQuotes)=1|外資持股(MI_QFIIS,僅上市)=0|自營商(T86/上櫃三大法人)=1|當沖(TWTB4U/上櫃intraday)=1|季財報(MOPS t163sb04)=1|月營收(MOPS/openapi)=1|官方產業別(MOPS t05st03)=1|融資券(MI_MARGN)=1|借券(TWT93U)=1|法人(T86)=1",841,inf,250.0,official_prepanel,215.2,2.0,0.0,0.0,0,1,2.985,12.438,21.393,571.0,0,未扣成本·事後欄位以 m_ 標示·非投資建議
SEL,4,2025-12-30,2025-12-31,6461,益得,TPEx,S,,fV300,S1@5,16,361,漏網,560,-2.976429,,atr14=0.426|n_lu_250=0.643|r20=0.834|c_ma120=0.167|vr20=0.735|days_since_lu=0.018|dt_ratio20=NaN|lend_to_v=0.013|rev_yoy=0.011|o_turn=0.104|o_log_mcap=0.086|o_lu_follow=0.798,"官方日成交結構(MI_INDEX/dailyQuotes)=1|發行股數(MI_QFIIS/dailyQuotes)=1|外資持股(MI_QFIIS,僅上市)=0|自營商(T86/上櫃三大法人)=1|當沖(TWTB4U/上櫃intraday)=0|季財報(MOPS t163sb04)=1|月營收(MOPS/openapi)=1|官方產業別(MOPS t05st03)=1|融資券(MI_MARGN)=1|借券(TWT93U)=1|法人(T86)=1",841,inf,250.0,official_prepanel,161.1,1.0,0.0,0.0,1,0,0.0,10.393,26.124,596.0,0,未扣成本·事後欄位以 m_ 標示·非投資建議
SEL,4,2025-12-31,2026-01-02,4720,德淵,TWSE,S,,fV300,S1@5,155,357,漏網,661,-4.833561,,atr14=0.295|n_lu_250=0.166|r20=0.713|c_ma120=0.488|vr20=0.459|days_since_lu=0.827|dt_ratio20=0.099|lend_to_v=0.568|rev_yoy=0.513|o_turn=0.173|o_log_mcap=0.029|o_lu_follow=0.518,"官方日成交結構(MI_INDEX/dailyQuotes)=1|發行股數(MI_QFIIS/dailyQuotes)=1|外資持股(MI_QFIIS,僅上市)=1|自營商(T86/上櫃三大法人)=1|當沖(TWTB4U/上櫃intraday)=1|季財報(MOPS t163sb04)=1|月營收(MOPS/openapi)=1|官方產業別(MOPS t05st03)=1|融資券(MI_MARGN)=1|借券(TWT93U)=1|法人(T86)=1",842,inf,250.0,official_prepanel,289.75,2.0,0.0,0.0,0,1,4.403,16.981,11.321,3054.0,0,未扣成本·事後欄位以 m_ 標示·非投資建議
HC,1,2026-01-05,2026-01-06,3669,圓展,TWSE,S,,fV300,S1@5,53,348,漏網,359,-3.531385,,atr14=0.567|n_lu_250=0.448|r20=0.766|c_ma120=0.530|vr20=0.315|days_since_lu=0.060|dt_ratio20=NaN|lend_to_v=0.184|rev_yoy=0.424|o_turn=0.080|o_log_mcap=0.121|o_lu_follow=0.231,"官方日成交結構(MI_INDEX/dailyQuotes)=1|發行股數(MI_QFIIS/dailyQuotes)=1|外資持股(MI_QFIIS,僅上市)=1|自營商(T86/上櫃三大法人)=1|當沖(TWTB4U/上櫃intraday)=1|季財報(MOPS t163sb04)=1|月營收(MOPS/openapi)=1|官方產業別(MOPS t05st03)=1|融資券(MI_MARGN)=1|借券(TWT93U)=1|法人(T86)=1",844,inf,250.0,official_prepanel,184.25,1.0,0.0,1.0,0,1,0.571,15.429,12.714,202.0,0,未扣成本·事後欄位以 m_ 標示·非投資建議
HC,1,2026-01-06,2026-01-07,8059,凱碩,TPEx,S,,fV300,S1@5,18,356,漏網,951,-2.360636,,atr14=0.646|n_lu_250=0.926|r20=0.072|c_ma120=0.005|vr20=0.448|days_since_lu=0.365|dt_ratio20=NaN|lend_to_v=0.011|rev_yoy=0.995|o_turn=0.058|o_log_mcap=0.155|o_lu_follow=0.901,"官方日成交結構(MI_INDEX/dailyQuotes)=1|發行股數(MI_QFIIS/dailyQuotes)=1|外資持股(MI_QFIIS,僅上市)=0|自營商(T86/上櫃三大法人)=1|當沖(TWTB4U/上櫃intraday)=0|季財報(MOPS t163sb04)=1|月營收(MOPS/openapi)=1|官方產業別(MOPS t05st03)=1|融資券(MI_MARGN)=1|借券(TWT93U)=1|法人(T86)=1",845,inf,250.0,official_prepanel,237.4,2.0,0.0,0.0,0,1,10.0,30.541,16.757,625.0,0,未扣成本·事後欄位以 m_ 標示·非投資建議
HC,1,2026-01-07,2026-01-08,5302,太欣,TPEx,S,,fP10|fV300,S1@5,13,356,漏網,339,-2.161802,,atr14=0.391|n_lu_250=0.825|r20=0.581|c_ma120=0.584|vr20=0.533|days_since_lu=0.379|dt_ratio20=NaN|lend_to_v=0.011|rev_yoy=0.957|o_turn=0.165|o_log_mcap=0.019|o_lu_follow=0.888,"官方日成交結構(MI_INDEX/dailyQuotes)=1|發行股數(MI_QFIIS/dailyQuotes)=1|外資持股(MI_QFIIS,僅上市)=0|自營商(T86/上櫃三大法人)=1|當沖(TWTB4U/上櫃intraday)=0|季財報(MOPS t163sb04)=1|月營收(MOPS/openapi)=1|官方產業別(MOPS t05st03)=1|融資券(MI_MARGN)=1|借券(TWT93U)=1|法人(T86)=1",846,inf,250.0,official_prepanel,239.9,2.0,0.0,0.0,0,1,9.808,31.13,43.923,1461.0,0,未扣成本·事後欄位以 m_ 標示·非投資建議
HC,1,2026-01-08,2026-01-09,6834,天二科技,TWSE,S,,fV300,S1@5,27,356,漏網,740,-3.195717,,atr14=0.663|n_lu_250=0.652|r20=0.281|c_ma120=0.208|vr20=0.936|days_since_lu=0.689|dt_ratio20=0.477|lend_to_v=0.608|rev_yoy=0.246|o_turn=0.570|o_log_mcap=0.084|o_lu_follow=0.096,"官方日成交結構(MI_INDEX/dailyQuotes)=1|發行股數(MI_QFIIS/dailyQuotes)=1|外資持股(MI_QFIIS,僅上市)=1|自營商(T86/上櫃三大法人)=1|當沖(TWTB4U/上櫃intraday)=1|季財報(MOPS t163sb04)=1|月營收(MOPS/openapi)=1|官方產業別(MOPS t05st03)=1|融資券(MI_MARGN)=1|借券(TWT93U)=1|法人(T86)=1",814,814.0,250.0,official,287.4,2.0,0.0,0.0,0,1,8.545,24.364,32.0,2072.0,0,未扣成本·事後欄位以 m_ 標示·非投資建議
HC,1,2026-01-09,2026-01-12,8476,台境*,TWSE,S,,fV300,S1@5,35,360,漏網,1460,-3.277854,,atr14=0.377|n_lu_250=0.164|r20=0.277|c_ma120=0.110|vr20=0.865|days_since_lu=0.944|dt_ratio20=0.113|lend_to_v=0.547|rev_yoy=0.171|o_turn=0.201|o_log_mcap=0.106|o_lu_follow=0.539,"官方日成交結構(MI_INDEX/dailyQuotes)=1|發行股數(MI_QFIIS/dailyQuotes)=1|外資持股(MI_QFIIS,僅上市)=1|自營商(T86/上櫃三大法人)=1|當沖(TWTB4U/上櫃intraday)=1|季財報(MOPS t163sb04)=1|月營收(MOPS/openapi)=1|官方產業別(MOPS t05st03)=1|融資券(MI_MARGN)=1|借券(TWT93U)=1|法人(T86)=1",848,848.0,250.0,transfer_min,220.15,2.0,0.0,0.0,1,0,0.0,18.617,8.777,1016.0,0,未扣成本·事後欄位以 m_ 標示·非投資建議
HC,1,2026-01-12,2026-01-13,5011,久陽,TPEx,S,,fV300,S1@5,49,366,漏網,1552,-3.356384,,atr14=0.217|n_lu_250=0.167|r20=0.230|c_ma120=0.122|vr20=0.572|days_since_lu=0.051|dt_ratio20=NaN|lend_to_v=0.411|rev_yoy=0.206|o_turn=0.147|o_log_mcap=0.003|o_lu_follow=0.532,"官方日成交結構(MI_INDEX/dailyQuotes)=1|發行股數(MI_QFIIS/dailyQuotes)=1|外資持股(MI_QFIIS,僅上市)=0|自營商(T86/上櫃三大法人)=1|當沖(TWTB4U/上櫃intraday)=1|季財報(MOPS t163sb04)=1|月營收(MOPS/openapi)=1|官方產業別(MOPS t05st03)=1|融資券(MI_MARGN)=1|借券(TWT93U)=1|法人(T86)=1",849,inf,250.0,official_prepanel,204.55,2.0,0.0,0.0,0,1,9.804,29.902,24.02,1378.0,0,未扣成本·事後欄位以 m_ 標示·非投資建議
HC,1,2026-01-13,2026-01-14,3501,維熹,TWSE,S,,fV300,S1@5,322,359,漏網,1605,-6.265636,,atr14=0.048|n_lu_250=0.166|r20=0.337|c_ma120=0.189|vr20=0.743|days_since_lu=0.832|dt_ratio20=0.054|lend_to_v=0.966|rev_yoy=0.271|o_turn=0.072|o_log_mcap=0.257|o_lu_follow=0.530,"官方日成交結構(MI_INDEX/dailyQuotes)=1|發行股數(MI_QFIIS/dailyQuotes)=1|外資持股(MI_QFIIS,僅上市)=1|自營商(T86/上櫃三大法人)=1|當沖(TWTB4U/上櫃intraday)=1|季財報(MOPS t163sb04)=1|月營收(MOPS/openapi)=1|官方產業別(MOPS t05st03)=1|融資券(MI_MARGN)=1|借券(TWT93U)=1|法人(T86)=1",850,inf,250.0,official_prepanel,103.05,1.0,0.0,0.0,0,1,9.738,17.487,14.136,1248.0,0,未扣成本·事後欄位以 m_ 標示·非投資建議
HC,1,2026-01-15,2026-01-16,4513,福裕,TPEx,S,,fV300,S1@5,12,345,漏網,516,-2.106494,,atr14=0.538|n_lu_250=0.460|r20=0.679|c_ma120=0.371|vr20=0.953|days_since_lu=0.020|dt_ratio20=NaN|lend_to_v=0.868|rev_yoy=0.263|o_turn=0.589|o_log_mcap=0.063|o_lu_follow=0.233,"官方日成交結構(MI_INDEX/dailyQuotes)=1|發行股數(MI_QFIIS/dailyQuotes)=1|外資持股(MI_QFIIS,僅上市)=0|自營商(T86/上櫃三大法人)=1|當沖(TWTB4U/上櫃intraday)=1|季財報(MOPS t163sb04)=1|月營收(MOPS/openapi)=1|官方產業別(MOPS t05st03)=1|融資券(MI_MARGN)=1|借券(TWT93U)=1|法人(T86)=1",852,inf,250.0,official_prepanel,261.5,2.0,0.0,0.0,0,1,5.357,4.592,-0.765,2150.0,0,未扣成本·事後欄位以 m_ 標示·非投資建議
HC,1,2026-01-15,2026-01-16,4561,健椿,TPEx,S,,fV300,S1@5,74,345,漏網,1060,-3.704031,,atr14=0.593|n_lu_250=0.646|r20=0.168|c_ma120=0.041|vr20=0.875|days_since_lu=0.020|dt_ratio20=NaN|lend_to_v=0.889|rev_yoy=0.101|o_turn=0.319|o_log_mcap=0.045|o_lu_follow=0.100,"官方日成交結構(MI_INDEX/dailyQuotes)=1|發行股數(MI_QFIIS/dailyQuotes)=1|外資持股(MI_QFIIS,僅上市)=0|自營商(T86/上櫃三大法人)=1|當沖(TWTB4U/上櫃intraday)=1|季財報(MOPS t163sb04)=1|月營收(MOPS/openapi)=1|官方產業別(MOPS t05st03)=1|融資券(MI_MARGN)=1|借券(TWT93U)=1|法人(T86)=1",852,inf,250.0,official_prepanel,104.2,1.0,0.0,0.0,0,1,9.201,38.009,43.891,1018.0,0,未扣成本·事後欄位以 m_ 標示·非投資建議
HC,1,2026-01-15,2026-01-16,8933,愛地雅,TPEx,S,,fP10|fV300,S1@5,66,345,漏網,1209,-3.5853,,atr14=0.189|n_lu_250=0.340|r20=0.260|c_ma120=0.254|vr20=0.783|days_since_lu=0.658|dt_ratio20=NaN|lend_to_v=0.013|rev_yoy=0.030|o_turn=0.041|o_log_mcap=0.049|o_lu_follow=0.348,"官方日成交結構(MI_INDEX/dailyQuotes)=1|發行股數(MI_QFIIS/dailyQuotes)=1|外資持股(MI_QFIIS,僅上市)=0|自營商(T86/上櫃三大法人)=1|當沖(TWTB4U/上櫃intraday)=0|季財報(MOPS t163sb04)=1|月營收(MOPS/openapi)=1|官方產業別(MOPS t05st03)=1|融資券(MI_MARGN)=1|借券(TWT93U)=1|法人(T86)=1",852,inf,250.0,official_prepanel,200.3,2.0,0.0,0.0,0,1,9.784,52.405,23.881,1967.0,0,未扣成本·事後欄位以 m_ 標示·非投資建議
HC,1,2026-01-21,2026-01-22,6492,生華科,TPEx,S,,fV300,S1@5,73,336,漏網,327,-4.012496,,atr14=0.336|n_lu_250=0.770|r20=0.788|c_ma120=0.745|vr20=0.786|days_since_lu=0.483|dt_ratio20=NaN|lend_to_v=0.546|rev_yoy=0.335|o_turn=0.327|o_log_mcap=0.218|o_lu_follow=0.682,"官方日成交結構(MI_INDEX/dailyQuotes)=1|發行股數(MI_QFIIS/dailyQuotes)=1|外資持股(MI_QFIIS,僅上市)=0|自營商(T86/上櫃三大法人)=1|當沖(TWTB4U/上櫃intraday)=0|季財報(MOPS t163sb04)=1|月營收(MOPS/openapi)=1|官方產業別(MOPS t05st03)=1|融資券(MI_MARGN)=1|借券(TWT93U)=1|法人(T86)=1",856,inf,250.0,official_prepanel,264.55,2.0,0.0,0.0,0,1,9.052,31.681,25.0,755.0,0,未扣成本·事後欄位以 m_ 標示·非投資建議
HC,1,2026-01-22,2026-01-23,8045,達運光電,TWSE,S,,fV300,S1@5,77,338,漏網,973,-3.946717,,atr14=0.638|n_lu_250=0.911|r20=0.105|c_ma120=0.009|vr20=0.243|days_since_lu=0.627|dt_ratio20=0.278|lend_to_v=0.867|rev_yoy=0.374|o_turn=0.059|o_log_mcap=0.337|o_lu_follow=0.784,"官方日成交結構(MI_INDEX/dailyQuotes)=1|發行股數(MI_QFIIS/dailyQuotes)=1|外資持股(MI_QFIIS,僅上市)=1|自營商(T86/上櫃三大法人)=1|當沖(TWTB4U/上櫃intraday)=1|季財報(MOPS t163sb04)=1|月營收(MOPS/openapi)=1|官方產業別(MOPS t05st03)=1|融資券(MI_MARGN)=1|借券(TWT93U)=1|法人(T86)=1",273,273.0,250.0,official,162.05,1.0,0.0,0.0,0,1,8.141,14.654,4.206,482.0,0,未扣成本·事後欄位以 m_ 標示·非投資建議
HC,1,2026-01-26,2026-01-27,1732,毛寶,TWSE,S,,fV300,S1@5,81,335,漏網,1178,-3.775687,,atr14=0.133|n_lu_250=0.645|r20=0.196|c_ma120=0.222|vr20=0.924|days_since_lu=0.654|dt_ratio20=0.090|lend_to_v=0.555|rev_yoy=0.369|o_turn=0.633|o_log_mcap=0.011|o_lu_follow=0.096,"官方日成交結構(MI_INDEX/dailyQuotes)=1|發行股數(MI_QFIIS/dailyQuotes)=1|外資持股(MI_QFIIS,僅上市)=1|自營商(T86/上櫃三大法人)=1|當沖(TWTB4U/上櫃intraday)=1|季財報(MOPS t163sb04)=1|月營收(MOPS/openapi)=1|官方產業別(MOPS t05st03)=1|融資券(MI_MARGN)=1|借券(TWT93U)=1|法人(T86)=1",859,inf,250.0,official_prepanel,206.7,2.0,0.0,0.0,0,1,5.19,-2.422,-4.844,2150.0,0,未扣成本·事後欄位以 m_ 標示·非投資建議
HC,1,2026-01-26,2026-01-27,3122,笙泉,TPEx,S,,fV300,S1@5,58,335,漏網,434,-3.515587,,atr14=0.494|n_lu_250=0.858|r20=0.842|c_ma120=0.257|vr20=0.208|days_since_lu=0.101|dt_ratio20=NaN|lend_to_v=0.670|rev_yoy=0.117|o_turn=0.178|o_log_mcap=0.006|o_lu_follow=0.825,"官方日成交結構(MI_INDEX/dailyQuotes)=1|發行股數(MI_QFIIS/dailyQuotes)=1|外資持股(MI_QFIIS,僅上市)=0|自營商(T86/上櫃三大法人)=1|當沖(TWTB4U/上櫃intraday)=1|季財報(MOPS t163sb04)=1|月營收(MOPS/openapi)=1|官方產業別(MOPS t05st03)=1|融資券(MI_MARGN)=1|借券(TWT93U)=1|法人(T86)=1",859,inf,250.0,official_prepanel,171.3,1.0,0.0,0.0,0,1,9.091,0.826,4.339,591.0,0,未扣成本·事後欄位以 m_ 標示·非投資建議
HC,1,2026-01-27,2026-01-28,3555,博士旺,TPEx,S,,fV300,S1@5,27,329,漏網,231,-3.129015,,atr14=0.761|n_lu_250=0.985|r20=0.383|c_ma120=0.834|vr20=0.172|days_since_lu=0.358|dt_ratio20=NaN|lend_to_v=0.105|rev_yoy=0.978|o_turn=0.292|o_log_mcap=0.170|o_lu_follow=0.992,"官方日成交結構(MI_INDEX/dailyQuotes)=1|發行股數(MI_QFIIS/dailyQuotes)=1|外資持股(MI_QFIIS,僅上市)=0|自營商(T86/上櫃三大法人)=1|當沖(TWTB4U/上櫃intraday)=1|季財報(MOPS t163sb04)=1|月營收(MOPS/openapi)=1|官方產業別(MOPS t05st03)=1|融資券(MI_MARGN)=1|借券(TWT93U)=1|法人(T86)=1",860,inf,250.0,official_prepanel,271.7,2.0,0.0,0.0,0,1,6.522,43.021,25.858,781.0,0,未扣成本·事後欄位以 m_ 標示·非投資建議
HC,1,2026-01-28,2026-01-29,6715,嘉基,TWSE,S,,fV300,S1@5,116,343,漏網,611,-4.332135,,atr14=0.646|n_lu_250=0.159|r20=0.535|c_ma120=0.661|vr20=0.523|days_since_lu=0.839|dt_ratio20=0.712|lend_to_v=0.506|rev_yoy=0.467|o_turn=0.111|o_log_mcap=0.346|o_lu_follow=0.532,"官方日成交結構(MI_INDEX/dailyQuotes)=1|發行股數(MI_QFIIS/dailyQuotes)=1|外資持股(MI_QFIIS,僅上市)=1|自營商(T86/上櫃三大法人)=1|當沖(TWTB4U/上櫃intraday)=1|季財報(MOPS t163sb04)=1|月營收(MOPS/openapi)=1|官方產業別(MOPS t05st03)=1|融資券(MI_MARGN)=1|借券(TWT93U)=1|法人(T86)=1",861,inf,250.0,official_prepanel,123.15,1.0,0.0,0.0,0,1,9.633,37.615,31.651,267.0,0,未扣成本·事後欄位以 m_ 標示·非投資建議
HC,1,2026-01-30,2026-02-02,3508,位速,TPEx,S,,fV300,S1@5,37,337,漏網,539,-3.539149,,atr14=0.341|n_lu_250=0.815|r20=0.479|c_ma120=0.470|vr20=0.456|days_since_lu=0.406|dt_ratio20=NaN|lend_to_v=0.015|rev_yoy=0.675|o_turn=0.046|o_log_mcap=0.103|o_lu_follow=0.944,"官方日成交結構(MI_INDEX/dailyQuotes)=1|發行股數(MI_QFIIS/dailyQuotes)=1|外資持股(MI_QFIIS,僅上市)=0|自營商(T86/上櫃三大法人)=1|當沖(TWTB4U/上櫃intraday)=0|季財報(MOPS t163sb04)=1|月營收(MOPS/openapi)=1|官方產業別(MOPS t05st03)=1|融資券(MI_MARGN)=1|借券(TWT93U)=1|法人(T86)=1",863,inf,250.0,official_prepanel,155.15,1.0,0.0,0.0,0,1,4.528,37.795,52.165,1367.0,0,未扣成本·事後欄位以 m_ 標示·非投資建議
HC,1,2026-02-10,2026-02-11,4523,永彰,TPEx,S,,fV300,S1@5,234,342,漏網,958,-5.602406,,atr14=0.296|n_lu_250=0.314|r20=0.734|c_ma120=0.138|vr20=0.361|days_since_lu=0.249|dt_ratio20=NaN|lend_to_v=0.485|rev_yoy=0.033|o_turn=0.216|o_log_mcap=0.056|o_lu_follow=0.341,"官方日成交結構(MI_INDEX/dailyQuotes)=1|發行股數(MI_QFIIS/dailyQuotes)=1|外資持股(MI_QFIIS,僅上市)=0|自營商(T86/上櫃三大法人)=1|當沖(TWTB4U/上櫃intraday)=1|季財報(MOPS t163sb04)=1|月營收(MOPS/openapi)=1|官方產業別(MOPS t05st03)=1|融資券(MI_MARGN)=1|借券(TWT93U)=1|法人(T86)=1",870,inf,250.0,official_prepanel,284.15,2.0,0.0,0.0,1,0,0.0,11.005,7.974,615.0,0,未扣成本·事後欄位以 m_ 標示·非投資建議
HC,1,2026-02-10,2026-02-11,7740,熙特爾-創,TWSE,S,,fV300,S1@5,82,342,漏網,1743,-4.153977,,atr14=0.531|n_lu_250=0.155|r20=0.033|c_ma120=0.006|vr20=0.570|days_since_lu=0.301|dt_ratio20=0.271|lend_to_v=0.284|rev_yoy=0.996|o_turn=0.189|o_log_mcap=0.391|o_lu_follow=0.513,"官方日成交結構(MI_INDEX/dailyQuotes)=1|發行股數(MI_QFIIS/dailyQuotes)=1|外資持股(MI_QFIIS,僅上市)=1|自營商(T86/上櫃三大法人)=1|當沖(TWTB4U/上櫃intraday)=1|季財報(MOPS t163sb04)=1|月營收(MOPS/openapi)=1|官方產業別(MOPS t05st03)=1|融資券(MI_MARGN)=1|借券(TWT93U)=1|法人(T86)=1",166,166.0,166.0,official,126.05,1.0,0.0,0.0,0,1,9.215,26.28,33.788,359.0,0,未扣成本·事後欄位以 m_ 標示·非投資建議
HC,1,2026-02-24,2026-02-25,6230,尼得科超眾,TWSE,S,,fV300,S1@5,82,343,漏網,260,-3.996062,,atr14=0.701|n_lu_250=0.629|r20=0.839|c_ma120=0.445|vr20=0.670|days_since_lu=0.593|dt_ratio20=0.561|lend_to_v=0.561|rev_yoy=0.473|o_turn=0.090|o_log_mcap=0.493|o_lu_follow=0.105,"官方日成交結構(MI_INDEX/dailyQuotes)=1|發行股數(MI_QFIIS/dailyQuotes)=1|外資持股(MI_QFIIS,僅上市)=1|自營商(T86/上櫃三大法人)=1|當沖(TWTB4U/上櫃intraday)=1|季財報(MOPS t163sb04)=1|月營收(MOPS/openapi)=1|官方產業別(MOPS t05st03)=1|融資券(MI_MARGN)=1|借券(TWT93U)=1|法人(T86)=1",873,inf,250.0,official_prepanel,134.85,1.0,0.0,0.0,0,1,7.116,20.599,28.839,437.0,0,未扣成本·事後欄位以 m_ 標示·非投資建議
HC,1,2026-02-25,2026-02-26,6141,柏承,TWSE,S,,fV300,S1@5,7,354,漏網,855,-2.465164,,atr14=0.333|n_lu_250=0.698|r20=0.329|c_ma120=0.298|vr20=0.823|days_since_lu=0.344|dt_ratio20=NaN|lend_to_v=0.018|rev_yoy=0.552|o_turn=0.300|o_log_mcap=0.018|o_lu_follow=0.934,"官方日成交結構(MI_INDEX/dailyQuotes)=1|發行股數(MI_QFIIS/dailyQuotes)=1|外資持股(MI_QFIIS,僅上市)=1|自營商(T86/上櫃三大法人)=1|當沖(TWTB4U/上櫃intraday)=0|季財報(MOPS t163sb04)=1|月營收(MOPS/openapi)=1|官方產業別(MOPS t05st03)=1|融資券(MI_MARGN)=1|借券(TWT93U)=1|法人(T86)=1",874,inf,250.0,official_prepanel,266.25,2.0,0.0,0.0,0,1,10.714,60.714,62.5,1520.0,0,未扣成本·事後欄位以 m_ 標示·非投資建議
HC,1,2026-02-25,2026-02-26,6689,伊雲谷,TWSE,S,,fV300,S1@5,144,354,漏網,1324,-4.46526,,atr14=0.352|n_lu_250=0.161|r20=0.533|c_ma120=0.089|vr20=0.540|days_since_lu=0.843|dt_ratio20=0.243|lend_to_v=0.797|rev_yoy=0.265|o_turn=0.329|o_log_mcap=0.214|o_lu_follow=0.534,"官方日成交結構(MI_INDEX/dailyQuotes)=1|發行股數(MI_QFIIS/dailyQuotes)=1|外資持股(MI_QFIIS,僅上市)=1|自營商(T86/上櫃三大法人)=1|當沖(TWTB4U/上櫃intraday)=1|季財報(MOPS t163sb04)=1|月營收(MOPS/openapi)=1|官方產業別(MOPS t05st03)=1|融資券(MI_MARGN)=1|借券(TWT93U)=1|法人(T86)=1",834,834.0,250.0,official,294.3,2.0,0.0,0.0,0,1,5.405,14.149,13.672,1229.0,0,未扣成本·事後欄位以 m_ 標示·非投資建議
HC,1,2026-02-26,2026-03-02,2616,山隆,TWSE,S,,fV300,S1@5,127,346,漏網,1606,-4.449576,,atr14=0.092|n_lu_250=0.029|r20=0.484|c_ma120=0.271|vr20=0.617|days_since_lu=0.979|dt_ratio20=0.002|lend_to_v=0.568|rev_yoy=0.404|o_turn=0.024|o_log_mcap=0.045|o_lu_follow=0.749,"官方日成交結構(MI_INDEX/dailyQuotes)=1|發行股數(MI_QFIIS/dailyQuotes)=1|外資持股(MI_QFIIS,僅上市)=1|自營商(T86/上櫃三大法人)=1|當沖(TWTB4U/上櫃intraday)=1|季財報(MOPS t163sb04)=1|月營收(MOPS/openapi)=1|官方產業別(MOPS t05st03)=1|融資券(MI_MARGN)=1|借券(TWT93U)=1|法人(T86)=1",875,inf,250.0,official_prepanel,109.4,1.0,0.0,0.0,0,1,0.336,45.973,17.785,890.0,0,未扣成本·事後欄位以 m_ 標示·非投資建議
HC,1,2026-02-26,2026-03-02,6124,業強,TPEx,S,,fV300,S1@5,32,346,漏網,149,-3.094984,,atr14=0.722|n_lu_250=0.887|r20=0.660|c_ma120=0.799|vr20=0.974|days_since_lu=0.011|dt_ratio20=NaN|lend_to_v=0.262|rev_yoy=0.803|o_turn=0.268|o_log_mcap=0.302|o_lu_follow=0.414,"官方日成交結構(MI_INDEX/dailyQuotes)=1|發行股數(MI_QFIIS/dailyQuotes)=1|外資持股(MI_QFIIS,僅上市)=0|自營商(T86/上櫃三大法人)=1|當沖(TWTB4U/上櫃intraday)=1|季財報(MOPS t163sb04)=1|月營收(MOPS/openapi)=1|官方產業別(MOPS t05st03)=1|融資券(MI_MARGN)=1|借券(TWT93U)=1|法人(T86)=1",875,inf,250.0,official_prepanel,153.95,1.0,0.0,0.0,0,1,10.932,17.203,7.717,546.0,0,未扣成本·事後欄位以 m_ 標示·非投資建議
HC,1,2026-03-02,2026-03-03,5011,久陽,TPEx,S,,fV300,S1@5,15,349,漏網,323,-2.608201,,atr14=0.518|n_lu_250=0.648|r20=0.549|c_ma120=0.811|vr20=0.962|days_since_lu=0.011|dt_ratio20=NaN|lend_to_v=0.432|rev_yoy=0.092|o_turn=0.623|o_log_mcap=0.017|o_lu_follow=0.958,"官方日成交結構(MI_INDEX/dailyQuotes)=1|發行股數(MI_QFIIS/dailyQuotes)=1|外資持股(MI_QFIIS,僅上市)=0|自營商(T86/上櫃三大法人)=1|當沖(TWTB4U/上櫃intraday)=1|季財報(MOPS t163sb04)=1|月營收(MOPS/openapi)=1|官方產業別(MOPS t05st03)=1|融資券(MI_MARGN)=1|借券(TWT93U)=1|法人(T86)=1",876,inf,250.0,official_prepanel,284.15,2.0,0.0,0.0,0,1,9.398,10.902,5.263,1237.0,0,未扣成本·事後欄位以 m_ 標示·非投資建議
HC,1,2026-03-05,2026-03-06,9931,欣高,TWSE,S,,fV300,S1@5,65,354,漏網,536,-3.762529,,atr14=0.088|n_lu_250=0.169|r20=0.978|c_ma120=0.913|vr20=1.000|days_since_lu=0.001|dt_ratio20=NaN|lend_to_v=0.056|rev_yoy=0.498|o_turn=0.858|o_log_mcap=0.274|o_lu_follow=0.537,"官方日成交結構(MI_INDEX/dailyQuotes)=1|發行股數(MI_QFIIS/dailyQuotes)=1|外資持股(MI_QFIIS,僅上市)=1|自營商(T86/上櫃三大法人)=1|當沖(TWTB4U/上櫃intraday)=1|季財報(MOPS t163sb04)=1|月營收(MOPS/openapi)=1|官方產業別(MOPS t05st03)=1|融資券(MI_MARGN)=1|借券(TWT93U)=1|法人(T86)=1",879,inf,250.0,official_prepanel,170.95,1.0,0.0,1.0,0,1,0.323,-8.602,-10.108,1134.0,0,未扣成本·事後欄位以 m_ 標示·非投資建議
HC,1,2026-03-09,2026-03-10,2243,宏旭-KY,TWSE,S,,fV300,S1@5,29,366,漏網,425,-3.003587,,atr14=0.080|n_lu_250=0.901|r20=0.796|c_ma120=0.563|vr20=0.920|days_since_lu=0.489|dt_ratio20=NaN|lend_to_v=0.016|rev_yoy=0.891|o_turn=0.516|o_log_mcap=0.000|o_lu_follow=0.883,"官方日成交結構(MI_INDEX/dailyQuotes)=1|發行股數(MI_QFIIS/dailyQuotes)=1|外資持股(MI_QFIIS,僅上市)=1|自營商(T86/上櫃三大法人)=1|當沖(TWTB4U/上櫃intraday)=0|季財報(MOPS t163sb04)=1|月營收(MOPS/openapi)=1|官方產業別(MOPS t05st03)=1|融資券(MI_MARGN)=1|借券(TWT93U)=1|法人(T86)=1",881,inf,250.0,official_prepanel,263.9,2.0,0.0,0.0,1,0,0.0,35.039,49.606,391.0,0,未扣成本·事後欄位以 m_ 標示·非投資建議
HC,1,2026-03-09,2026-03-10,5484,慧友,TWSE,S,,fV300,S1@5,47,366,漏網,1148,-3.475853,,atr14=0.447|n_lu_250=0.878|r20=0.038|c_ma120=0.134|vr20=0.535|days_since_lu=0.291|dt_ratio20=NaN|lend_to_v=0.016|rev_yoy=0.926|o_turn=0.338|o_log_mcap=0.073|o_lu_follow=0.923,"官方日成交結構(MI_INDEX/dailyQuotes)=1|發行股數(MI_QFIIS/dailyQuotes)=1|外資持股(MI_QFIIS,僅上市)=1|自營商(T86/上櫃三大法人)=1|當沖(TWTB4U/上櫃intraday)=0|季財報(MOPS t163sb04)=1|月營收(MOPS/openapi)=1|官方產業別(MOPS t05st03)=1|融資券(MI_MARGN)=1|借券(TWT93U)=1|法人(T86)=1",881,inf,250.0,official_prepanel,281.75,2.0,0.0,0.0,1,0,0.0,10.383,7.24,168.0,0,未扣成本·事後欄位以 m_ 標示·非投資建議
HC,1,2026-03-10,2026-03-11,2425,承啟,TWSE,S,,fV300,S1@5,199,374,漏網,1503,-4.912685,,atr14=0.320|n_lu_250=0.461|r20=0.235|c_ma120=0.130|vr20=0.652|days_since_lu=0.712|dt_ratio20=0.267|lend_to_v=0.893|rev_yoy=0.772|o_turn=0.183|o_log_mcap=0.086|o_lu_follow=0.238,"官方日成交結構(MI_INDEX/dailyQuotes)=1|發行股數(MI_QFIIS/dailyQuotes)=1|外資持股(MI_QFIIS,僅上市)=1|自營商(T86/上櫃三大法人)=1|當沖(TWTB4U/上櫃intraday)=1|季財報(MOPS t163sb04)=1|月營收(MOPS/openapi)=1|官方產業別(MOPS t05st03)=1|融資券(MI_MARGN)=1|借券(TWT93U)=1|法人(T86)=1",882,inf,250.0,official_prepanel,213.85,2.0,0.0,0.0,1,0,0.0,10.088,4.248,526.0,0,未扣成本·事後欄位以 m_ 標示·非投資建議
HC,1,2026-03-10,2026-03-11,6148,驊宏資,TPEx,S,,fV300,S1@5,28,374,漏網,1139,-3.065655,,atr14=0.404|n_lu_250=0.978|r20=0.095|c_ma120=0.024|vr20=0.548|days_since_lu=0.457|dt_ratio20=NaN|lend_to_v=0.665|rev_yoy=0.095|o_turn=0.439|o_log_mcap=0.025|o_lu_follow=0.902,"官方日成交結構(MI_INDEX/dailyQuotes)=1|發行股數(MI_QFIIS/dailyQuotes)=1|外資持股(MI_QFIIS,僅上市)=0|自營商(T86/上櫃三大法人)=1|當沖(TWTB4U/上櫃intraday)=1|季財報(MOPS t163sb04)=1|月營收(MOPS/openapi)=1|官方產業別(MOPS t05st03)=1|融資券(MI_MARGN)=1|借券(TWT93U)=1|法人(T86)=1",882,inf,250.0,official_prepanel,257.95,2.0,0.0,0.0,0,1,9.194,23.548,15.645,394.0,0,未扣成本·事後欄位以 m_ 標示·非投資建議
HC,1,2026-03-10,2026-03-11,6419,京晨科,TPEx,S,,fV300,S1@5,47,374,漏網,133,-3.441591,,atr14=0.717|n_lu_250=0.955|r20=0.747|c_ma120=0.839|vr20=0.490|days_since_lu=0.383|dt_ratio20=NaN|lend_to_v=0.185|rev_yoy=0.157|o_turn=0.552|o_log_mcap=0.003|o_lu_follow=0.954,"官方日成交結構(MI_INDEX/dailyQuotes)=1|發行股數(MI_QFIIS/dailyQuotes)=1|外資持股(MI_QFIIS,僅上市)=0|自營商(T86/上櫃三大法人)=1|當沖(TWTB4U/上櫃intraday)=1|季財報(MOPS t163sb04)=1|月營收(MOPS/openapi)=1|官方產業別(MOPS t05st03)=1|融資券(MI_MARGN)=1|借券(TWT93U)=1|法人(T86)=1",882,inf,250.0,official_prepanel,112.3,1.0,0.0,0.0,1,0,0.0,17.625,3.321,116.0,0,未扣成本·事後欄位以 m_ 標示·非投資建議
HC,1,2026-03-12,2026-03-13,6167,久正,TPEx,S,,fV300|fH125,S1@5,11,379,漏網,415,-2.674377,,atr14=0.333|n_lu_250=0.762|r20=0.658|c_ma120=0.474|vr20=0.887|days_since_lu=0.435|dt_ratio20=NaN|lend_to_v=0.643|rev_yoy=0.373|o_turn=0.258|o_log_mcap=0.026|o_lu_follow=0.671,"官方日成交結構(MI_INDEX/dailyQuotes)=1|發行股數(MI_QFIIS/dailyQuotes)=1|外資持股(MI_QFIIS,僅上市)=0|自營商(T86/上櫃三大法人)=1|當沖(TWTB4U/上櫃intraday)=1|季財報(MOPS t163sb04)=1|月營收(MOPS/openapi)=1|官方產業別(MOPS t05st03)=1|融資券(MI_MARGN)=1|借券(TWT93U)=1|法人(T86)=1",884,inf,250.0,official_prepanel,237.85,2.0,0.0,0.0,0,1,7.755,28.163,15.102,5340.0,0,未扣成本·事後欄位以 m_ 標示·非投資建議
HC,1,2026-03-13,2026-03-16,3086,華義*,TPEx,S,,fV300,S1@5,145,378,漏網,368,-4.591279,,atr14=0.709|n_lu_250=0.643|r20=0.450|c_ma120=0.660|vr20=0.670|days_since_lu=0.536|dt_ratio20=NaN|lend_to_v=0.173|rev_yoy=0.237|o_turn=0.557|o_log_mcap=0.281|o_lu_follow=0.104,"官方日成交結構(MI_INDEX/dailyQuotes)=1|發行股數(MI_QFIIS/dailyQuotes)=1|外資持股(MI_QFIIS,僅上市)=0|自營商(T86/上櫃三大法人)=1|當沖(TWTB4U/上櫃intraday)=1|季財報(MOPS t163sb04)=1|月營收(MOPS/openapi)=1|官方產業別(MOPS t05st03)=1|融資券(MI_MARGN)=1|借券(TWT93U)=1|法人(T86)=1",885,inf,250.0,official_prepanel,168.3,1.0,0.0,0.0,0,1,7.965,31.195,31.195,338.0,0,未扣成本·事後欄位以 m_ 標示·非投資建議
HC,1,2026-03-13,2026-03-16,6834,天二科技,TWSE,S,,fV300,S1@5,144,378,漏網,606,-4.589021,,atr14=0.545|n_lu_250=0.814|r20=0.277|c_ma120=0.348|vr20=0.111|days_since_lu=0.336|dt_ratio20=0.528|lend_to_v=0.560|rev_yoy=0.541|o_turn=0.072|o_log_mcap=0.069|o_lu_follow=0.654,"官方日成交結構(MI_INDEX/dailyQuotes)=1|發行股數(MI_QFIIS/dailyQuotes)=1|外資持股(MI_QFIIS,僅上市)=1|自營商(T86/上櫃三大法人)=1|當沖(TWTB4U/上櫃intraday)=1|季財報(MOPS t163sb04)=1|月營收(MOPS/openapi)=1|官方產業別(MOPS t05st03)=1|融資券(MI_MARGN)=1|借券(TWT93U)=1|法人(T86)=1",852,852.0,250.0,official,284.05,2.0,0.0,0.0,0,1,7.785,8.304,4.844,529.0,0,未扣成本·事後欄位以 m_ 標示·非投資建議
HC,1,2026-03-16,2026-03-17,7711,永擎,TWSE,S,,fV300|fH125,S1@5,29,378,漏網,1825,-3.150801,,atr14=0.581|n_lu_250=0.032|r20=0.230|c_ma120=NaN|vr20=0.462|days_since_lu=0.975|dt_ratio20=NaN|lend_to_v=NaN|rev_yoy=0.514|o_turn=0.253|o_log_mcap=0.555|o_lu_follow=0.751,"官方日成交結構(MI_INDEX/dailyQuotes)=1|發行股數(MI_QFIIS/dailyQuotes)=1|外資持股(MI_QFIIS,僅上市)=1|自營商(T86/上櫃三大法人)=1|當沖(TWTB4U/上櫃intraday)=0|季財報(MOPS t163sb04)=1|月營收(MOPS/openapi)=1|官方產業別(MOPS t05st03)=1|融資券(MI_MARGN)=0|借券(TWT93U)=0|法人(T86)=1",74,74.0,74.0,official,280.35,2.0,0.0,0.0,0,1,10.67,43.176,34.243,516.0,0,未扣成本·事後欄位以 m_ 標示·非投資建議
HC,1,2026-03-16,2026-03-17,8176,智捷,TPEx,S,,fV300,S1@5,122,378,漏網,658,-4.307816,,atr14=0.155|n_lu_250=0.639|r20=0.460|c_ma120=0.502|vr20=0.721|days_since_lu=0.593|dt_ratio20=NaN|lend_to_v=0.017|rev_yoy=0.533|o_turn=0.141|o_log_mcap=0.000|o_lu_follow=0.793,"官方日成交結構(MI_INDEX/dailyQuotes)=1|發行股數(MI_QFIIS/dailyQuotes)=1|外資持股(MI_QFIIS,僅上市)=0|自營商(T86/上櫃三大法人)=1|當沖(TWTB4U/上櫃intraday)=0|季財報(MOPS t163sb04)=1|月營收(MOPS/openapi)=1|官方產業別(MOPS t05st03)=1|融資券(MI_MARGN)=1|借券(TWT93U)=1|法人(T86)=1",886,inf,250.0,official_prepanel,113.4,1.0,0.0,0.0,0,1,8.636,13.182,3.182,553.0,0,未扣成本·事後欄位以 m_ 標示·非投資建議
HC,1,2026-03-19,2026-03-20,2025,千興,TWSE,S,,fV300,S1@5,80,374,漏網,692,-3.67409,,atr14=0.502|n_lu_250=0.893|r20=0.068|c_ma120=0.371|vr20=0.317|days_since_lu=0.416|dt_ratio20=NaN|lend_to_v=0.016|rev_yoy=0.271|o_turn=0.015|o_log_mcap=0.030|o_lu_follow=0.708,"官方日成交結構(MI_INDEX/dailyQuotes)=1|發行股數(MI_QFIIS/dailyQuotes)=1|外資持股(MI_QFIIS,僅上市)=1|自營商(T86/上櫃三大法人)=1|當沖(TWTB4U/上櫃intraday)=0|季財報(MOPS t163sb04)=1|月營收(MOPS/openapi)=1|官方產業別(MOPS t05st03)=1|融資券(MI_MARGN)=1|借券(TWT93U)=1|法人(T86)=1",889,inf,250.0,official_prepanel,154.65,1.0,0.0,0.0,0,1,9.434,9.434,6.604,546.0,0,未扣成本·事後欄位以 m_ 標示·非投資建議
HC,1,2026-03-25,2026-03-26,6277,宏正,TWSE,S,,fV300,S1@5,354,376,漏網,1258,-6.207721,,atr14=0.043|n_lu_250=0.169|r20=0.567|c_ma120=0.409|vr20=0.190|days_since_lu=0.839|dt_ratio20=0.156|lend_to_v=0.655|rev_yoy=0.678|o_turn=0.005|o_log_mcap=0.331|o_lu_follow=0.528,"官方日成交結構(MI_INDEX/dailyQuotes)=1|發行股數(MI_QFIIS/dailyQuotes)=1|外資持股(MI_QFIIS,僅上市)=1|自營商(T86/上櫃三大法人)=1|當沖(TWTB4U/上櫃intraday)=1|季財報(MOPS t163sb04)=1|月營收(MOPS/openapi)=1|官方產業別(MOPS t05st03)=1|融資券(MI_MARGN)=1|借券(TWT93U)=1|法人(T86)=1",893,inf,250.0,official_prepanel,100.1,1.0,0.0,0.0,0,1,8.278,19.536,12.583,913.0,0,未扣成本·事後欄位以 m_ 標示·非投資建議
HC,1,2026-03-25,2026-03-26,6609,瀧澤科,TPEx,S,,fV300,S1@5,68,376,漏網,1313,-3.483164,,atr14=0.325|n_lu_250=0.554|r20=0.100|c_ma120=0.209|vr20=0.905|days_since_lu=0.378|dt_ratio20=NaN|lend_to_v=0.763|rev_yoy=0.155|o_turn=0.485|o_log_mcap=0.080|o_lu_follow=0.150,"官方日成交結構(MI_INDEX/dailyQuotes)=1|發行股數(MI_QFIIS/dailyQuotes)=1|外資持股(MI_QFIIS,僅上市)=0|自營商(T86/上櫃三大法人)=1|當沖(TWTB4U/上櫃intraday)=1|季財報(MOPS t163sb04)=1|月營收(MOPS/openapi)=1|官方產業別(MOPS t05st03)=1|融資券(MI_MARGN)=1|借券(TWT93U)=1|法人(T86)=1",893,inf,250.0,official_prepanel,192.25,1.0,0.0,0.0,1,0,0.0,5.27,0.132,366.0,0,未扣成本·事後欄位以 m_ 標示·非投資建議
HC,1,2026-03-25,2026-03-26,7721,微程式,TWSE,S,,fV300,S1@5,20,376,漏網,452,-2.66225,,atr14=0.536|n_lu_250=0.457|r20=0.773|c_ma120=0.359|vr20=0.691|days_since_lu=0.288|dt_ratio20=0.452|lend_to_v=0.134|rev_yoy=0.829|o_turn=0.343|o_log_mcap=0.097|o_lu_follow=0.223,"官方日成交結構(MI_INDEX/dailyQuotes)=1|發行股數(MI_QFIIS/dailyQuotes)=1|外資持股(MI_QFIIS,僅上市)=1|自營商(T86/上櫃三大法人)=1|當沖(TWTB4U/上櫃intraday)=1|季財報(MOPS t163sb04)=1|月營收(MOPS/openapi)=1|官方產業別(MOPS t05st03)=1|融資券(MI_MARGN)=1|借券(TWT93U)=1|法人(T86)=1",158,158.0,158.0,official,189.85,1.0,0.0,0.0,0,1,9.862,51.677,65.68,486.0,0,未扣成本·事後欄位以 m_ 標示·非投資建議
HC,1,2026-03-27,2026-03-30,3552,同致,TPEx,S,,fV300,S1@5,104,385,漏網,1376,-4.36204,,atr14=0.348|n_lu_250=0.437|r20=0.369|c_ma120=0.029|vr20=0.776|days_since_lu=0.698|dt_ratio20=NaN|lend_to_v=0.817|rev_yoy=0.508|o_turn=0.221|o_log_mcap=0.217|o_lu_follow=0.224,"官方日成交結構(MI_INDEX/dailyQuotes)=1|發行股數(MI_QFIIS/dailyQuotes)=1|外資持股(MI_QFIIS,僅上市)=0|自營商(T86/上櫃三大法人)=1|當沖(TWTB4U/上櫃intraday)=1|季財報(MOPS t163sb04)=1|月營收(MOPS/openapi)=1|官方產業別(MOPS t05st03)=1|融資券(MI_MARGN)=1|借券(TWT93U)=1|法人(T86)=1",895,inf,250.0,official_prepanel,191.3,1.0,0.0,0.0,0,1,9.833,12.343,15.481,669.0,0,未扣成本·事後欄位以 m_ 標示·非投資建議
HC,1,2026-03-30,2026-03-31,1338,廣華-KY,TWSE,S,,fV300,S1@5,41,385,漏網,1812,-3.499375,,atr14=0.240|n_lu_250=0.032|r20=0.020|c_ma120=0.011|vr20=0.044|days_since_lu=0.939|dt_ratio20=0.035|lend_to_v=0.348|rev_yoy=0.159|o_turn=0.034|o_log_mcap=0.006|o_lu_follow=0.758,"官方日成交結構(MI_INDEX/dailyQuotes)=1|發行股數(MI_QFIIS/dailyQuotes)=1|外資持股(MI_QFIIS,僅上市)=1|自營商(T86/上櫃三大法人)=1|當沖(TWTB4U/上櫃intraday)=1|季財報(MOPS t163sb04)=1|月營收(MOPS/openapi)=1|官方產業別(MOPS t05st03)=1|融資券(MI_MARGN)=1|借券(TWT93U)=1|法人(T86)=1",896,inf,250.0,official_prepanel,241.95,2.0,0.0,0.0,0,1,4.0,7.0,9.0,376.0,0,未扣成本·事後欄位以 m_ 標示·非投資建議
HC,1,2026-03-31,2026-04-01,7751,竑騰,TPEx,S,,fV300,S1@5,8,388,漏網,22,-2.519086,,atr14=0.952|n_lu_250=0.937|r20=0.953|c_ma120=0.988|vr20=0.028|days_since_lu=0.151|dt_ratio20=NaN|lend_to_v=0.040|rev_yoy=0.908|o_turn=0.232|o_log_mcap=0.756|o_lu_follow=0.859,"官方日成交結構(MI_INDEX/dailyQuotes)=1|發行股數(MI_QFIIS/dailyQuotes)=1|外資持股(MI_QFIIS,僅上市)=0|自營商(T86/上櫃三大法人)=1|當沖(TWTB4U/上櫃intraday)=0|季財報(MOPS t163sb04)=1|月營收(MOPS/openapi)=1|官方產業別(MOPS t05st03)=1|融資券(MI_MARGN)=0|借券(TWT93U)=1|法人(T86)=1",142,142.0,142.0,official,271.45,2.0,1.0,0.0,1,0,0.0,30.363,21.782,100.0,1,未扣成本·事後欄位以 m_ 標示·非投資建議
HC,2,2026-04-01,2026-04-02,4549,桓達,TPEx,S,,fV300,S1@5,192,386,漏網,1500,-4.520848,,atr14=0.215|n_lu_250=0.604|r20=0.144|c_ma120=0.057|vr20=0.941|days_since_lu=0.601|dt_ratio20=NaN|lend_to_v=0.903|rev_yoy=0.062|o_turn=0.433|o_log_mcap=0.244|o_lu_follow=0.700,"官方日成交結構(MI_INDEX/dailyQuotes)=1|發行股數(MI_QFIIS/dailyQuotes)=1|外資持股(MI_QFIIS,僅上市)=0|自營商(T86/上櫃三大法人)=1|當沖(TWTB4U/上櫃intraday)=1|季財報(MOPS t163sb04)=1|月營收(MOPS/openapi)=1|官方產業別(MOPS t05st03)=1|融資券(MI_MARGN)=1|借券(TWT93U)=1|法人(T86)=1",898,inf,250.0,official_prepanel,114.25,1.0,0.0,0.0,0,1,9.481,8.916,12.302,908.0,0,未扣成本·事後欄位以 m_ 標示·非投資建議
HC,2,2026-04-01,2026-04-02,6933,AMAX-KY,TWSE,S,,fV300,S1@5,130,386,漏網,635,-3.959234,,atr14=0.526|n_lu_250=0.939|r20=0.436|c_ma120=0.063|vr20=0.377|days_since_lu=0.265|dt_ratio20=0.532|lend_to_v=0.650|rev_yoy=0.202|o_turn=0.159|o_log_mcap=0.266|o_lu_follow=0.977,"官方日成交結構(MI_INDEX/dailyQuotes)=1|發行股數(MI_QFIIS/dailyQuotes)=1|外資持股(MI_QFIIS,僅上市)=1|自營商(T86/上櫃三大法人)=1|當沖(TWTB4U/上櫃intraday)=1|季財報(MOPS t163sb04)=1|月營收(MOPS/openapi)=1|官方產業別(MOPS t05st03)=1|融資券(MI_MARGN)=1|借券(TWT93U)=1|法人(T86)=1",579,579.0,250.0,official,129.1,1.0,0.0,0.0,0,1,6.489,35.878,49.618,337.0,0,未扣成本·事後欄位以 m_ 標示·非投資建議
HC,2,2026-04-07,2026-04-08,4569,六方科-KY,TWSE,S,,fV300,S1@5,160,384,漏網,1053,-4.440617,,atr14=0.608|n_lu_250=0.700|r20=0.027|c_ma120=0.128|vr20=0.210|days_since_lu=0.159|dt_ratio20=0.694|lend_to_v=0.570|rev_yoy=0.349|o_turn=0.205|o_log_mcap=0.187|o_lu_follow=0.040,"官方日成交結構(MI_INDEX/dailyQuotes)=1|發行股數(MI_QFIIS/dailyQuotes)=1|外資持股(MI_QFIIS,僅上市)=1|自營商(T86/上櫃三大法人)=1|當沖(TWTB4U/上櫃intraday)=1|季財報(MOPS t163sb04)=1|月營收(MOPS/openapi)=1|官方產業別(MOPS t05st03)=1|融資券(MI_MARGN)=1|借券(TWT93U)=1|法人(T86)=1",649,649.0,250.0,official,133.45,1.0,0.0,0.0,0,1,0.355,24.823,39.007,85.0,0,未扣成本·事後欄位以 m_ 標示·非投資建議
HC,2,2026-04-08,2026-04-09,1591,駿吉-KY,TPEx,S,,fV300,S1@5,110,379,漏網,981,-3.855402,,atr14=0.577|n_lu_250=0.320|r20=0.325|c_ma120=0.181|vr20=0.732|days_since_lu=0.640|dt_ratio20=NaN|lend_to_v=0.642|rev_yoy=0.980|o_turn=0.546|o_log_mcap=0.030|o_lu_follow=0.325,"官方日成交結構(MI_INDEX/dailyQuotes)=1|發行股數(MI_QFIIS/dailyQuotes)=1|外資持股(MI_QFIIS,僅上市)=0|自營商(T86/上櫃三大法人)=1|當沖(TWTB4U/上櫃intraday)=1|季財報(MOPS t163sb04)=1|月營收(MOPS/openapi)=1|官方產業別(MOPS t05st03)=1|融資券(MI_MARGN)=1|借券(TWT93U)=1|法人(T86)=1",901,inf,250.0,official_prepanel,208.1,2.0,0.0,0.0,1,0,0.0,21.775,30.857,635.0,0,未扣成本·事後欄位以 m_ 標示·非投資建議
HC,2,2026-04-08,2026-04-09,5228,鈺鎧,TPEx,S,,fV300,S1@5,71,379,漏網,156,-3.445926,,atr14=0.840|n_lu_250=0.883|r20=0.673|c_ma120=0.679|vr20=0.086|days_since_lu=0.229|dt_ratio20=NaN|lend_to_v=0.236|rev_yoy=0.204|o_turn=0.287|o_log_mcap=0.001|o_lu_follow=0.849,"官方日成交結構(MI_INDEX/dailyQuotes)=1|發行股數(MI_QFIIS/dailyQuotes)=1|外資持股(MI_QFIIS,僅上市)=0|自營商(T86/上櫃三大法人)=1|當沖(TWTB4U/上櫃intraday)=1|季財報(MOPS t163sb04)=1|月營收(MOPS/openapi)=1|官方產業別(MOPS t05st03)=1|融資券(MI_MARGN)=1|借券(TWT93U)=1|法人(T86)=1",901,inf,250.0,official_prepanel,270.25,2.0,0.0,0.0,1,0,0.0,22.068,35.388,159.0,0,未扣成本·事後欄位以 m_ 標示·非投資建議
HC,2,2026-04-09,2026-04-10,3229,晟鈦,TWSE,S,,fV300,S1@5,14,372,漏網,486,-2.341221,,atr14=0.931|n_lu_250=0.964|r20=0.222|c_ma120=0.260|vr20=0.342|days_since_lu=0.186|dt_ratio20=NaN|lend_to_v=0.018|rev_yoy=0.482|o_turn=0.256|o_log_mcap=0.010|o_lu_follow=0.991,"官方日成交結構(MI_INDEX/dailyQuotes)=1|發行股數(MI_QFIIS/dailyQuotes)=1|外資持股(MI_QFIIS,僅上市)=1|自營商(T86/上櫃三大法人)=1|當沖(TWTB4U/上櫃intraday)=0|季財報(MOPS t163sb04)=1|月營收(MOPS/openapi)=1|官方產業別(MOPS t05st03)=1|融資券(MI_MARGN)=1|借券(TWT93U)=1|法人(T86)=1",902,inf,250.0,official_prepanel,272.2,2.0,0.0,0.0,0,1,8.136,46.719,102.362,545.0,0,未扣成本·事後欄位以 m_ 標示·非投資建議
HC,2,2026-04-10,2026-04-13,3467,台灣精材,TPEx,S,,fV300,S1@5,66,369,漏網,289,-3.298133,,atr14=0.705|n_lu_250=0.806|r20=0.734|c_ma120=0.393|vr20=0.250|days_since_lu=0.164|dt_ratio20=NaN|lend_to_v=0.096|rev_yoy=0.502|o_turn=0.206|o_log_mcap=0.012|o_lu_follow=0.928,"官方日成交結構(MI_INDEX/dailyQuotes)=1|發行股數(MI_QFIIS/dailyQuotes)=1|外資持股(MI_QFIIS,僅上市)=0|自營商(T86/上櫃三大法人)=1|當沖(TWTB4U/上櫃intraday)=1|季財報(MOPS t163sb04)=1|月營收(MOPS/openapi)=1|官方產業別(MOPS t05st03)=1|融資券(MI_MARGN)=1|借券(TWT93U)=1|法人(T86)=1",254,254.0,250.0,official,112.2,1.0,0.0,0.0,0,1,6.872,40.521,42.18,275.0,0,未扣成本·事後欄位以 m_ 標示·非投資建議
HC,2,2026-04-10,2026-04-13,5288,豐祥-KY,TWSE,S,,fV300,S1@5,326,369,漏網,777,-5.868437,,atr14=0.246|n_lu_250=0.155|r20=0.557|c_ma120=0.547|vr20=0.689|days_since_lu=0.851|dt_ratio20=0.217|lend_to_v=0.616|rev_yoy=0.168|o_turn=0.209|o_log_mcap=0.425|o_lu_follow=0.517,"官方日成交結構(MI_INDEX/dailyQuotes)=1|發行股數(MI_QFIIS/dailyQuotes)=1|外資持股(MI_QFIIS,僅上市)=1|自營商(T86/上櫃三大法人)=1|當沖(TWTB4U/上櫃intraday)=1|季財報(MOPS t163sb04)=1|月營收(MOPS/openapi)=1|官方產業別(MOPS t05st03)=1|融資券(MI_MARGN)=1|借券(TWT93U)=1|法人(T86)=1",903,inf,250.0,official_prepanel,132.25,1.0,0.0,0.0,0,1,5.051,7.071,14.141,527.0,0,未扣成本·事後欄位以 m_ 標示·非投資建議
HC,2,2026-04-10,2026-04-13,6224,聚鼎,TWSE,S,,fV300,S1@5,13,369,漏網,679,-2.40265,,atr14=0.290|n_lu_250=0.155|r20=0.708|c_ma120=0.490|vr20=0.985|days_since_lu=0.851|dt_ratio20=0.193|lend_to_v=0.767|rev_yoy=0.294|o_turn=0.540|o_log_mcap=0.163|o_lu_follow=0.517,"官方日成交結構(MI_INDEX/dailyQuotes)=1|發行股數(MI_QFIIS/dailyQuotes)=1|外資持股(MI_QFIIS,僅上市)=1|自營商(T86/上櫃三大法人)=1|當沖(TWTB4U/上櫃intraday)=1|季財報(MOPS t163sb04)=1|月營收(MOPS/openapi)=1|官方產業別(MOPS t05st03)=1|融資券(MI_MARGN)=1|借券(TWT93U)=1|法人(T86)=1",903,inf,250.0,official_prepanel,153.5,1.0,0.0,0.0,0,1,1.809,32.879,31.356,6918.0,0,未扣成本·事後欄位以 m_ 標示·非投資建議
HC,2,2026-04-10,2026-04-13,6949,沛爾生醫*-創,TWSE,S,,fV300,S1@5,34,369,漏網,160,-2.879536,,atr14=0.628|n_lu_250=0.835|r20=0.754|c_ma120=0.925|vr20=0.897|days_since_lu=0.475|dt_ratio20=0.846|lend_to_v=0.208|rev_yoy=0.889|o_turn=0.501|o_log_mcap=0.751|o_lu_follow=0.974,"官方日成交結構(MI_INDEX/dailyQuotes)=1|發行股數(MI_QFIIS/dailyQuotes)=1|外資持股(MI_QFIIS,僅上市)=1|自營商(T86/上櫃三大法人)=1|當沖(TWTB4U/上櫃intraday)=1|季財報(MOPS t163sb04)=1|月營收(MOPS/openapi)=1|官方產業別(MOPS t05st03)=1|融資券(MI_MARGN)=1|借券(TWT93U)=1|法人(T86)=1",506,506.0,250.0,official,181.3,1.0,0.0,0.0,0,1,5.178,13.905,24.26,453.0,0,未扣成本·事後欄位以 m_ 標示·非投資建議
HC,2,2026-04-13,2026-04-14,4561,健椿,TPEx,S,,fV300,S1@5,94,366,漏網,1011,-3.703022,,atr14=0.432|n_lu_250=0.705|r20=0.146|c_ma120=0.131|vr20=0.349|days_since_lu=0.501|dt_ratio20=NaN|lend_to_v=0.676|rev_yoy=0.451|o_turn=0.093|o_log_mcap=0.037|o_lu_follow=0.643,"官方日成交結構(MI_INDEX/dailyQuotes)=1|發行股數(MI_QFIIS/dailyQuotes)=1|外資持股(MI_QFIIS,僅上市)=0|自營商(T86/上櫃三大法人)=1|當沖(TWTB4U/上櫃intraday)=1|季財報(MOPS t163sb04)=1|月營收(MOPS/openapi)=1|官方產業別(MOPS t05st03)=1|融資券(MI_MARGN)=1|借券(TWT93U)=1|法人(T86)=1",904,inf,250.0,official_prepanel,109.15,1.0,0.0,0.0,0,1,9.434,11.006,3.145,387.0,0,未扣成本·事後欄位以 m_ 標示·非投資建議
HC,2,2026-04-13,2026-04-14,4562,穎漢,TWSE,S,,fV300,S1@5,63,366,漏網,807,-3.3716,,atr14=0.531|n_lu_250=0.877|r20=0.260|c_ma120=0.092|vr20=0.421|days_since_lu=0.513|dt_ratio20=0.440|lend_to_v=0.930|rev_yoy=0.418|o_turn=0.173|o_log_mcap=0.090|o_lu_follow=0.936,"官方日成交結構(MI_INDEX/dailyQuotes)=1|發行股數(MI_QFIIS/dailyQuotes)=1|外資持股(MI_QFIIS,僅上市)=1|自營商(T86/上櫃三大法人)=1|當沖(TWTB4U/上櫃intraday)=1|季財報(MOPS t163sb04)=1|月營收(MOPS/openapi)=1|官方產業別(MOPS t05st03)=1|融資券(MI_MARGN)=1|借券(TWT93U)=1|法人(T86)=1",904,inf,250.0,official_prepanel,210.95,2.0,0.0,0.0,0,1,7.886,12.303,-2.681,629.0,0,未扣成本·事後欄位以 m_ 標示·非投資建議
HC,2,2026-04-13,2026-04-14,8374,羅昇,TWSE,S,,fV300,S1@5,144,366,漏網,680,-4.166855,,atr14=0.612|n_lu_250=0.803|r20=0.368|c_ma120=0.124|vr20=0.464|days_since_lu=0.119|dt_ratio20=0.628|lend_to_v=0.898|rev_yoy=0.804|o_turn=0.176|o_log_mcap=0.348|o_lu_follow=0.423,"官方日成交結構(MI_INDEX/dailyQuotes)=1|發行股數(MI_QFIIS/dailyQuotes)=1|外資持股(MI_QFIIS,僅上市)=1|自營商(T86/上櫃三大法人)=1|當沖(TWTB4U/上櫃intraday)=1|季財報(MOPS t163sb04)=1|月營收(MOPS/openapi)=1|官方產業別(MOPS t05st03)=1|融資券(MI_MARGN)=1|借券(TWT93U)=1|法人(T86)=1",904,inf,250.0,official_prepanel,271.9,2.0,0.0,0.0,0,1,8.877,13.731,3.883,1122.0,0,未扣成本·事後欄位以 m_ 標示·非投資建議
HC,2,2026-04-14,2026-04-15,3388,崇越電,TPEx,S,,fV300,S1@5,122,367,漏網,615,-4.030061,,atr14=0.302|n_lu_250=0.033|r20=0.873|c_ma120=0.763|vr20=0.961|days_since_lu=0.976|dt_ratio20=NaN|lend_to_v=0.350|rev_yoy=0.702|o_turn=0.682|o_log_mcap=0.255|o_lu_follow=0.755,"官方日成交結構(MI_INDEX/dailyQuotes)=1|發行股數(MI_QFIIS/dailyQuotes)=1|外資持股(MI_QFIIS,僅上市)=0|自營商(T86/上櫃三大法人)=1|當沖(TWTB4U/上櫃intraday)=1|季財報(MOPS t163sb04)=1|月營收(MOPS/openapi)=1|官方產業別(MOPS t05st03)=1|融資券(MI_MARGN)=1|借券(TWT93U)=1|法人(T86)=1",905,inf,250.0,official_prepanel,299.8,2.0,0.0,0.0,0,1,8.742,58.278,38.411,1933.0,0,未扣成本·事後欄位以 m_ 標示·非投資建議
HC,2,2026-04-14,2026-04-15,6441,廣錠,TPEx,S,,fV300,S1@5,17,367,漏網,1167,-2.496982,,atr14=0.408|n_lu_250=0.827|r20=0.039|c_ma120=0.033|vr20=0.970|days_since_lu=0.718|dt_ratio20=NaN|lend_to_v=0.534|rev_yoy=0.089|o_turn=0.598|o_log_mcap=0.002|o_lu_follow=0.906,"官方日成交結構(MI_INDEX/dailyQuotes)=1|發行股數(MI_QFIIS/dailyQuotes)=1|外資持股(MI_QFIIS,僅上市)=0|自營商(T86/上櫃三大法人)=1|當沖(TWTB4U/上櫃intraday)=1|季財報(MOPS t163sb04)=1|月營收(MOPS/openapi)=1|官方產業別(MOPS t05st03)=1|融資券(MI_MARGN)=1|借券(TWT93U)=1|法人(T86)=1",905,inf,250.0,official_prepanel,120.3,1.0,0.0,0.0,0,1,9.798,30.836,74.928,413.0,0,未扣成本·事後欄位以 m_ 標示·非投資建議
HC,2,2026-04-15,2026-04-16,1626,艾美特-KY,TWSE,S,,fP10|fV300,S1@5,145,363,漏網,1644,-4.110485,,atr14=0.173|n_lu_250=0.300|r20=0.185|c_ma120=0.112|vr20=0.634|days_since_lu=0.484|dt_ratio20=0.013|lend_to_v=0.568|rev_yoy=0.160|o_turn=0.036|o_log_mcap=0.023|o_lu_follow=0.345,"官方日成交結構(MI_INDEX/dailyQuotes)=1|發行股數(MI_QFIIS/dailyQuotes)=1|外資持股(MI_QFIIS,僅上市)=1|自營商(T86/上櫃三大法人)=1|當沖(TWTB4U/上櫃intraday)=1|季財報(MOPS t163sb04)=1|月營收(MOPS/openapi)=1|官方產業別(MOPS t05st03)=1|融資券(MI_MARGN)=1|借券(TWT93U)=1|法人(T86)=1",906,inf,250.0,official_prepanel,106.6,1.0,0.0,0.0,0,1,8.955,15.423,11.443,577.0,0,未扣成本·事後欄位以 m_ 標示·非投資建議
HC,2,2026-04-15,2026-04-16,4556,旭然,TPEx,S,,fV300,S1@5,117,363,漏網,875,-3.896739,,atr14=0.314|n_lu_250=0.587|r20=0.069|c_ma120=0.525|vr20=0.467|days_since_lu=0.484|dt_ratio20=NaN|lend_to_v=0.092|rev_yoy=0.354|o_turn=0.192|o_log_mcap=0.010|o_lu_follow=0.963,"官方日成交結構(MI_INDEX/dailyQuotes)=1|發行股數(MI_QFIIS/dailyQuotes)=1|外資持股(MI_QFIIS,僅上市)=0|自營商(T86/上櫃三大法人)=1|當沖(TWTB4U/上櫃intraday)=1|季財報(MOPS t163sb04)=1|月營收(MOPS/openapi)=1|官方產業別(MOPS t05st03)=1|融資券(MI_MARGN)=1|借券(TWT93U)=1|法人(T86)=1",906,inf,250.0,official_prepanel,101.35,1.0,0.0,0.0,0,1,8.561,24.408,36.248,312.0,0,未扣成本·事後欄位以 m_ 標示·非投資建議
HC,2,2026-04-16,2026-04-17,2070,精湛,TPEx,S,,fV300,S1@5,16,363,漏網,431,-2.371251,,atr14=0.389|n_lu_250=0.585|r20=0.706|c_ma120=0.527|vr20=0.926|days_since_lu=0.639|dt_ratio20=NaN|lend_to_v=0.257|rev_yoy=0.660|o_turn=0.623|o_log_mcap=0.029|o_lu_follow=0.716,"官方日成交結構(MI_INDEX/dailyQuotes)=1|發行股數(MI_QFIIS/dailyQuotes)=1|外資持股(MI_QFIIS,僅上市)=0|自營商(T86/上櫃三大法人)=1|當沖(TWTB4U/上櫃intraday)=1|季財報(MOPS t163sb04)=1|月營收(MOPS/openapi)=1|官方產業別(MOPS t05st03)=1|融資券(MI_MARGN)=1|借券(TWT93U)=1|法人(T86)=1",907,inf,250.0,official_prepanel,169.35,1.0,0.0,0.0,0,1,6.163,28.372,37.209,624.0,0,未扣成本·事後欄位以 m_ 標示·非投資建議
HC,2,2026-04-16,2026-04-17,3055,蔚華科,TWSE,S,,fV300,S1@5,162,363,漏網,591,-4.301589,,atr14=0.672|n_lu_250=0.510|r20=0.615|c_ma120=0.195|vr20=0.274|days_since_lu=0.606|dt_ratio20=0.667|lend_to_v=0.798|rev_yoy=0.620|o_turn=0.116|o_log_mcap=0.322|o_lu_follow=0.159,"官方日成交結構(MI_INDEX/dailyQuotes)=1|發行股數(MI_QFIIS/dailyQuotes)=1|外資持股(MI_QFIIS,僅上市)=1|自營商(T86/上櫃三大法人)=1|當沖(TWTB4U/上櫃intraday)=1|季財報(MOPS t163sb04)=1|月營收(MOPS/openapi)=1|官方產業別(MOPS t05st03)=1|融資券(MI_MARGN)=1|借券(TWT93U)=1|法人(T86)=1",907,inf,250.0,official_prepanel,279.05,2.0,0.0,0.0,0,1,9.47,30.337,25.682,1072.0,0,未扣成本·事後欄位以 m_ 標示·非投資建議
HC,2,2026-04-16,2026-04-17,3325,旭品,TPEx,S,,fV300,S1@5,32,363,漏網,1651,-2.846649,,atr14=0.249|n_lu_250=0.413|r20=0.038|c_ma120=0.017|vr20=0.544|days_since_lu=0.669|dt_ratio20=NaN|lend_to_v=0.017|rev_yoy=0.038|o_turn=0.192|o_log_mcap=0.014|o_lu_follow=0.893,"官方日成交結構(MI_INDEX/dailyQuotes)=1|發行股數(MI_QFIIS/dailyQuotes)=1|外資持股(MI_QFIIS,僅上市)=0|自營商(T86/上櫃三大法人)=1|當沖(TWTB4U/上櫃intraday)=0|季財報(MOPS t163sb04)=1|月營收(MOPS/openapi)=1|官方產業別(MOPS t05st03)=1|融資券(MI_MARGN)=1|借券(TWT93U)=1|法人(T86)=1",907,inf,250.0,official_prepanel,250.5,2.0,0.0,0.0,0,1,10.331,13.223,7.438,520.0,0,未扣成本·事後欄位以 m_ 標示·非投資建議
HC,2,2026-04-16,2026-04-17,3631,晟楠,TPEx,S,,fV300,S1@5,235,363,漏網,668,-5.012355,,atr14=0.457|n_lu_250=0.510|r20=0.397|c_ma120=0.426|vr20=0.234|days_since_lu=0.658|dt_ratio20=NaN|lend_to_v=0.425|rev_yoy=0.952|o_turn=0.047|o_log_mcap=0.060|o_lu_follow=0.823,"官方日成交結構(MI_INDEX/dailyQuotes)=1|發行股數(MI_QFIIS/dailyQuotes)=1|外資持股(MI_QFIIS,僅上市)=0|自營商(T86/上櫃三大法人)=1|當沖(TWTB4U/上櫃intraday)=1|季財報(MOPS t163sb04)=1|月營收(MOPS/openapi)=1|官方產業別(MOPS t05st03)=1|融資券(MI_MARGN)=1|借券(TWT93U)=1|法人(T86)=1",907,inf,250.0,official_prepanel,134.15,1.0,0.0,0.0,0,1,6.727,45.091,39.273,210.0,0,未扣成本·事後欄位以 m_ 標示·非投資建議
HC,2,2026-04-16,2026-04-17,6423,億而得,TPEx,S,,fV300,S1@5,50,363,漏網,526,-3.098452,,atr14=0.587|n_lu_250=0.585|r20=0.344|c_ma120=0.587|vr20=0.884|days_since_lu=0.443|dt_ratio20=NaN|lend_to_v=0.669|rev_yoy=0.014|o_turn=0.561|o_log_mcap=0.089|o_lu_follow=0.716,"官方日成交結構(MI_INDEX/dailyQuotes)=1|發行股數(MI_QFIIS/dailyQuotes)=1|外資持股(MI_QFIIS,僅上市)=0|自營商(T86/上櫃三大法人)=1|當沖(TWTB4U/上櫃intraday)=1|季財報(MOPS t163sb04)=1|月營收(MOPS/openapi)=1|官方產業別(MOPS t05st03)=1|融資券(MI_MARGN)=1|借券(TWT93U)=1|法人(T86)=1",465,465.0,250.0,transfer_min,117.75,1.0,0.0,0.0,0,1,11.758,43.265,25.0,628.0,0,未扣成本·事後欄位以 m_ 標示·非投資建議
HC,2,2026-04-16,2026-04-17,6735,美達科技,TPEx,S,,fV300,S1@5,37,363,漏網,127,-2.929784,,atr14=0.896|n_lu_250=0.897|r20=0.921|c_ma120=0.667|vr20=0.715|days_since_lu=0.107|dt_ratio20=NaN|lend_to_v=0.325|rev_yoy=0.971|o_turn=0.377|o_log_mcap=0.122|o_lu_follow=0.801,"官方日成交結構(MI_INDEX/dailyQuotes)=1|發行股數(MI_QFIIS/dailyQuotes)=1|外資持股(MI_QFIIS,僅上市)=0|自營商(T86/上櫃三大法人)=1|當沖(TWTB4U/上櫃intraday)=1|季財報(MOPS t163sb04)=1|月營收(MOPS/openapi)=1|官方產業別(MOPS t05st03)=1|融資券(MI_MARGN)=1|借券(TWT93U)=1|法人(T86)=1",907,inf,250.0,official_prepanel,163.95,1.0,0.0,0.0,0,1,10.0,60.145,76.087,398.0,0,未扣成本·事後欄位以 m_ 標示·非投資建議
HC,2,2026-04-17,2026-04-20,3556,禾瑞亞,TPEx,S,,fV300,S1@5,165,351,漏網,367,-4.503168,,atr14=0.456|n_lu_250=0.415|r20=0.806|c_ma120=0.752|vr20=0.373|days_since_lu=0.499|dt_ratio20=NaN|lend_to_v=0.291|rev_yoy=0.675|o_turn=0.318|o_log_mcap=0.114|o_lu_follow=0.235,"官方日成交結構(MI_INDEX/dailyQuotes)=1|發行股數(MI_QFIIS/dailyQuotes)=1|外資持股(MI_QFIIS,僅上市)=0|自營商(T86/上櫃三大法人)=1|當沖(TWTB4U/上櫃intraday)=1|季財報(MOPS t163sb04)=1|月營收(MOPS/openapi)=1|官方產業別(MOPS t05st03)=1|融資券(MI_MARGN)=1|借券(TWT93U)=1|法人(T86)=1",908,inf,250.0,official_prepanel,291.65,2.0,0.0,0.0,0,1,6.225,8.434,3.012,1861.0,0,未扣成本·事後欄位以 m_ 標示·非投資建議
HC,2,2026-04-20,2026-04-21,1570,力肯,TPEx,S,,fV300,S1@5,9,350,漏網,493,-2.125644,,atr14=0.288|n_lu_250=0.415|r20=0.743|c_ma120=0.660|vr20=0.911|days_since_lu=0.660|dt_ratio20=NaN|lend_to_v=0.350|rev_yoy=0.791|o_turn=0.651|o_log_mcap=0.035|o_lu_follow=0.888,"官方日成交結構(MI_INDEX/dailyQuotes)=1|發行股數(MI_QFIIS/dailyQuotes)=1|外資持股(MI_QFIIS,僅上市)=0|自營商(T86/上櫃三大法人)=1|當沖(TWTB4U/上櫃intraday)=1|季財報(MOPS t163sb04)=1|月營收(MOPS/openapi)=1|官方產業別(MOPS t05st03)=1|融資券(MI_MARGN)=1|借券(TWT93U)=1|法人(T86)=1",909,inf,250.0,official_prepanel,254.65,2.0,0.0,0.0,1,0,0.0,-1.688,-2.208,1802.0,0,未扣成本·事後欄位以 m_ 標示·非投資建議
HC,2,2026-04-20,2026-04-21,2221,大甲,TPEx,S,,fV300,S1@5,30,350,漏網,672,-2.863837,,atr14=0.326|n_lu_250=0.149|r20=0.654|c_ma120=0.570|vr20=0.984|days_since_lu=0.856|dt_ratio20=NaN|lend_to_v=0.232|rev_yoy=0.249|o_turn=0.638|o_log_mcap=0.012|o_lu_follow=0.521,"官方日成交結構(MI_INDEX/dailyQuotes)=1|發行股數(MI_QFIIS/dailyQuotes)=1|外資持股(MI_QFIIS,僅上市)=0|自營商(T86/上櫃三大法人)=1|當沖(TWTB4U/上櫃intraday)=1|季財報(MOPS t163sb04)=1|月營收(MOPS/openapi)=1|官方產業別(MOPS t05st03)=1|融資券(MI_MARGN)=1|借券(TWT93U)=1|法人(T86)=1",909,inf,250.0,official_prepanel,114.95,1.0,0.0,0.0,1,0,0.0,4.944,3.672,563.0,0,未扣成本·事後欄位以 m_ 標示·非投資建議
HC,2,2026-04-20,2026-04-21,3169,亞信,TPEx,S,,fV300,S1@5,188,350,漏網,984,-4.810589,,atr14=0.336|n_lu_250=0.298|r20=0.253|c_ma120=0.400|vr20=0.406|days_since_lu=0.723|dt_ratio20=NaN|lend_to_v=0.680|rev_yoy=0.123|o_turn=0.212|o_log_mcap=0.278|o_lu_follow=0.350,"官方日成交結構(MI_INDEX/dailyQuotes)=1|發行股數(MI_QFIIS/dailyQuotes)=1|外資持股(MI_QFIIS,僅上市)=0|自營商(T86/上櫃三大法人)=1|當沖(TWTB4U/上櫃intraday)=1|季財報(MOPS t163sb04)=1|月營收(MOPS/openapi)=1|官方產業別(MOPS t05st03)=1|融資券(MI_MARGN)=1|借券(TWT93U)=1|法人(T86)=1",909,inf,250.0,official_prepanel,185.65,1.0,0.0,0.0,0,1,9.667,10.707,13.825,1453.0,0,未扣成本·事後欄位以 m_ 標示·非投資建議
HC,2,2026-04-20,2026-04-21,6243,迅杰,TWSE,S,,fV300,S1@5,115,350,漏網,1062,-4.040169,,atr14=0.378|n_lu_250=0.513|r20=0.273|c_ma120=0.165|vr20=0.525|days_since_lu=0.586|dt_ratio20=0.329|lend_to_v=0.713|rev_yoy=0.037|o_turn=0.315|o_log_mcap=0.012|o_lu_follow=0.812,"官方日成交結構(MI_INDEX/dailyQuotes)=1|發行股數(MI_QFIIS/dailyQuotes)=1|外資持股(MI_QFIIS,僅上市)=1|自營商(T86/上櫃三大法人)=1|當沖(TWTB4U/上櫃intraday)=1|季財報(MOPS t163sb04)=1|月營收(MOPS/openapi)=1|官方產業別(MOPS t05st03)=1|融資券(MI_MARGN)=1|借券(TWT93U)=1|法人(T86)=1",909,inf,250.0,official_prepanel,156.75,1.0,0.0,0.0,0,1,8.896,11.203,14.498,625.0,0,未扣成本·事後欄位以 m_ 標示·非投資建議
HC,2,2026-04-22,2026-04-23,6418,詠昇,TPEx,S,,fV300,S1@5,24,350,漏網,736,-2.430056,,atr14=0.607|n_lu_250=0.925|r20=0.337|c_ma120=0.006|vr20=0.938|days_since_lu=0.017|dt_ratio20=NaN|lend_to_v=0.271|rev_yoy=0.098|o_turn=0.681|o_log_mcap=0.002|o_lu_follow=0.975,"官方日成交結構(MI_INDEX/dailyQuotes)=1|發行股數(MI_QFIIS/dailyQuotes)=1|外資持股(MI_QFIIS,僅上市)=0|自營商(T86/上櫃三大法人)=1|當沖(TWTB4U/上櫃intraday)=1|季財報(MOPS t163sb04)=1|月營收(MOPS/openapi)=1|官方產業別(MOPS t05st03)=1|融資券(MI_MARGN)=1|借券(TWT93U)=1|法人(T86)=1",911,inf,250.0,official_prepanel,170.35,1.0,0.0,0.0,0,1,6.678,11.401,4.723,880.0,0,未扣成本·事後欄位以 m_ 標示·非投資建議
HC,2,2026-04-23,2026-04-24,2061,風青,TPEx,S,,fV300,S1@5,128,351,漏網,1288,-4.285552,,atr14=0.393|n_lu_250=0.563|r20=0.089|c_ma120=0.090|vr20=0.763|days_since_lu=0.522|dt_ratio20=NaN|lend_to_v=0.625|rev_yoy=0.326|o_turn=0.250|o_log_mcap=0.001|o_lu_follow=0.132,"官方日成交結構(MI_INDEX/dailyQuotes)=1|發行股數(MI_QFIIS/dailyQuotes)=1|外資持股(MI_QFIIS,僅上市)=0|自營商(T86/上櫃三大法人)=1|當沖(TWTB4U/上櫃intraday)=1|季財報(MOPS t163sb04)=1|月營收(MOPS/openapi)=1|官方產業別(MOPS t05st03)=1|融資券(MI_MARGN)=1|借券(TWT93U)=1|法人(T86)=1",912,inf,250.0,official_prepanel,142.85,1.0,0.0,0.0,0,1,9.003,24.437,32.476,1042.0,0,未扣成本·事後欄位以 m_ 標示·非投資建議
HC,2,2026-04-23,2026-04-24,4951,精拓科,TPEx,S,,fV300,S1@5,67,351,漏網,770,-3.655598,,atr14=0.352|n_lu_250=0.110|r20=0.694|c_ma120=0.610|vr20=0.873|days_since_lu=0.783|dt_ratio20=NaN|lend_to_v=0.331|rev_yoy=0.476|o_turn=0.569|o_log_mcap=0.087|o_lu_follow=0.684,"官方日成交結構(MI_INDEX/dailyQuotes)=1|發行股數(MI_QFIIS/dailyQuotes)=1|外資持股(MI_QFIIS,僅上市)=0|自營商(T86/上櫃三大法人)=1|當沖(TWTB4U/上櫃intraday)=1|季財報(MOPS t163sb04)=1|月營收(MOPS/openapi)=1|官方產業別(MOPS t05st03)=1|融資券(MI_MARGN)=1|借券(TWT93U)=1|法人(T86)=1",836,836.0,250.0,official,193.55,1.0,0.0,0.0,0,1,9.786,59.517,66.22,2062.0,0,未扣成本·事後欄位以 m_ 標示·非投資建議
HC,2,2026-04-23,2026-04-24,6743,安普新,TWSE,S,,fV300,S1@5,79,351,漏網,1425,-3.767871,,atr14=0.614|n_lu_250=0.110|r20=0.215|c_ma120=0.087|vr20=0.795|days_since_lu=0.862|dt_ratio20=0.288|lend_to_v=0.598|rev_yoy=0.208|o_turn=0.175|o_log_mcap=0.145|o_lu_follow=0.684,"官方日成交結構(MI_INDEX/dailyQuotes)=1|發行股數(MI_QFIIS/dailyQuotes)=1|外資持股(MI_QFIIS,僅上市)=1|自營商(T86/上櫃三大法人)=1|當沖(TWTB4U/上櫃intraday)=1|季財報(MOPS t163sb04)=1|月營收(MOPS/openapi)=1|官方產業別(MOPS t05st03)=1|融資券(MI_MARGN)=1|借券(TWT93U)=1|法人(T86)=1",912,inf,250.0,official_prepanel,259.95,2.0,0.0,0.0,1,0,0.0,17.391,17.787,365.0,0,未扣成本·事後欄位以 m_ 標示·非投資建議
HC,2,2026-04-27,2026-04-28,3224,三顧,TPEx,S,,fV300,S1@5,68,332,漏網,721,-3.623151,,atr14=0.720|n_lu_250=0.289|r20=0.479|c_ma120=0.342|vr20=0.239|days_since_lu=0.079|dt_ratio20=NaN|lend_to_v=0.346|rev_yoy=0.593|o_turn=0.107|o_log_mcap=0.162|o_lu_follow=0.393,"官方日成交結構(MI_INDEX/dailyQuotes)=1|發行股數(MI_QFIIS/dailyQuotes)=1|外資持股(MI_QFIIS,僅上市)=0|自營商(T86/上櫃三大法人)=1|當沖(TWTB4U/上櫃intraday)=1|季財報(MOPS t163sb04)=1|月營收(MOPS/openapi)=1|官方產業別(MOPS t05st03)=1|融資券(MI_MARGN)=1|借券(TWT93U)=1|法人(T86)=1",914,inf,250.0,official_prepanel,237.35,2.0,0.0,0.0,0,1,6.704,1.453,2.235,427.0,0,未扣成本·事後欄位以 m_ 標示·非投資建議
HC,2,2026-04-27,2026-04-28,3379,彬台,TPEx,S,,fV300,S1@5,18,332,漏網,1069,-2.652896,,atr14=0.556|n_lu_250=0.844|r20=0.039|c_ma120=0.009|vr20=0.847|days_since_lu=0.658|dt_ratio20=NaN|lend_to_v=0.462|rev_yoy=0.014|o_turn=0.579|o_log_mcap=0.010|o_lu_follow=0.861,"官方日成交結構(MI_INDEX/dailyQuotes)=1|發行股數(MI_QFIIS/dailyQuotes)=1|外資持股(MI_QFIIS,僅上市)=0|自營商(T86/上櫃三大法人)=1|當沖(TWTB4U/上櫃intraday)=1|季財報(MOPS t163sb04)=1|月營收(MOPS/openapi)=1|官方產業別(MOPS t05st03)=1|融資券(MI_MARGN)=1|借券(TWT93U)=1|法人(T86)=1",914,inf,250.0,official_prepanel,221.7,2.0,0.0,0.0,0,1,9.215,21.299,7.251,337.0,0,未扣成本·事後欄位以 m_ 標示·非投資建議
HC,2,2026-04-28,2026-04-29,4563,百德,TPEx,S,,fV300,S1@5,144,327,漏網,921,-4.223179,,atr14=0.556|n_lu_250=0.566|r20=0.314|c_ma120=0.114|vr20=0.614|days_since_lu=0.099|dt_ratio20=NaN|lend_to_v=0.648|rev_yoy=0.070|o_turn=0.340|o_log_mcap=0.074|o_lu_follow=0.803,"官方日成交結構(MI_INDEX/dailyQuotes)=1|發行股數(MI_QFIIS/dailyQuotes)=1|外資持股(MI_QFIIS,僅上市)=0|自營商(T86/上櫃三大法人)=1|當沖(TWTB4U/上櫃intraday)=1|季財報(MOPS t163sb04)=1|月營收(MOPS/openapi)=1|官方產業別(MOPS t05st03)=1|融資券(MI_MARGN)=1|借券(TWT93U)=1|法人(T86)=1",915,inf,250.0,official_prepanel,199.7,1.0,0.0,0.0,0,1,8.747,18.203,13.593,293.0,0,未扣成本·事後欄位以 m_ 標示·非投資建議
HC,2,2026-04-28,2026-04-29,4807,日成-KY,TWSE,S,,fV300,S1@5,22,327,漏網,547,-2.655955,,atr14=0.339|n_lu_250=0.486|r20=0.803|c_ma120=0.488|vr20=0.845|days_since_lu=0.249|dt_ratio20=0.058|lend_to_v=0.331|rev_yoy=0.865|o_turn=0.407|o_log_mcap=0.001|o_lu_follow=0.803,"官方日成交結構(MI_INDEX/dailyQuotes)=1|發行股數(MI_QFIIS/dailyQuotes)=1|外資持股(MI_QFIIS,僅上市)=1|自營商(T86/上櫃三大法人)=1|當沖(TWTB4U/上櫃intraday)=1|季財報(MOPS t163sb04)=1|月營收(MOPS/openapi)=1|官方產業別(MOPS t05st03)=1|融資券(MI_MARGN)=1|借券(TWT93U)=1|法人(T86)=1",915,inf,250.0,official_prepanel,138.4,1.0,0.0,0.0,0,1,9.565,23.768,45.217,438.0,0,未扣成本·事後欄位以 m_ 標示·非投資建議
HC,2,2026-04-28,2026-04-29,6535,順藥,TPEx,S,,fV300,S1@5,74,327,漏網,1234,-3.465133,,atr14=0.472|n_lu_250=0.631|r20=0.039|c_ma120=0.009|vr20=0.451|days_since_lu=0.638|dt_ratio20=NaN|lend_to_v=NaN|rev_yoy=0.002|o_turn=0.038|o_log_mcap=0.645|o_lu_follow=0.084,"官方日成交結構(MI_INDEX/dailyQuotes)=1|發行股數(MI_QFIIS/dailyQuotes)=1|外資持股(MI_QFIIS,僅上市)=0|自營商(T86/上櫃三大法人)=1|當沖(TWTB4U/上櫃intraday)=0|季財報(MOPS t163sb04)=1|月營收(MOPS/openapi)=1|官方產業別(MOPS t05st03)=1|融資券(MI_MARGN)=0|借券(TWT93U)=0|法人(T86)=1",915,inf,250.0,official_prepanel,200.05,2.0,0.0,0.0,0,1,9.921,6.746,1.984,337.0,0,未扣成本·事後欄位以 m_ 標示·非投資建議
HC,2,2026-04-30,2026-05-04,5210,寶碩,TPEx,S,,fV300,S1@5,82,328,漏網,819,-3.912126,,atr14=0.162|n_lu_250=0.478|r20=0.402|c_ma120=0.464|vr20=0.734|days_since_lu=0.650|dt_ratio20=NaN|lend_to_v=0.017|rev_yoy=0.069|o_turn=0.171|o_log_mcap=0.053|o_lu_follow=0.176,"官方日成交結構(MI_INDEX/dailyQuotes)=1|發行股數(MI_QFIIS/dailyQuotes)=1|外資持股(MI_QFIIS,僅上市)=0|自營商(T86/上櫃三大法人)=1|當沖(TWTB4U/上櫃intraday)=0|季財報(MOPS t163sb04)=1|月營收(MOPS/openapi)=1|官方產業別(MOPS t05st03)=1|融資券(MI_MARGN)=1|借券(TWT93U)=1|法人(T86)=1",917,inf,250.0,official_prepanel,151.45,1.0,0.0,0.0,0,1,8.696,21.957,12.609,691.0,0,未扣成本·事後欄位以 m_ 標示·非投資建議
HC,2,2026-04-30,2026-05-04,7749,意騰-KY,TWSE,S,,fV300,S1@5,46,328,漏網,461,-3.456055,,atr14=0.560|n_lu_250=0.388|r20=0.768|c_ma120=0.398|vr20=0.658|days_since_lu=0.435|dt_ratio20=0.552|lend_to_v=0.735|rev_yoy=0.923|o_turn=0.501|o_log_mcap=0.632|o_lu_follow=0.254,"官方日成交結構(MI_INDEX/dailyQuotes)=1|發行股數(MI_QFIIS/dailyQuotes)=1|外資持股(MI_QFIIS,僅上市)=1|自營商(T86/上櫃三大法人)=1|當沖(TWTB4U/上櫃intraday)=1|季財報(MOPS t163sb04)=1|月營收(MOPS/openapi)=1|官方產業別(MOPS t05st03)=1|融資券(MI_MARGN)=1|借券(TWT93U)=1|法人(T86)=1",214,214.0,214.0,official,275.55,2.0,0.0,0.0,1,0,0.0,9.712,4.162,338.0,0,未扣成本·事後欄位以 m_ 標示·非投資建議
HC,2,2026-05-04,2026-05-05,2491,吉祥全,TWSE,S,,fV300,S1@5,32,315,漏網,574,-3.040157,,atr14=0.546|n_lu_250=0.864|r20=0.466|c_ma120=0.189|vr20=0.833|days_since_lu=0.581|dt_ratio20=0.375|lend_to_v=0.477|rev_yoy=0.146|o_turn=0.246|o_log_mcap=0.015|o_lu_follow=0.977,"官方日成交結構(MI_INDEX/dailyQuotes)=1|發行股數(MI_QFIIS/dailyQuotes)=1|外資持股(MI_QFIIS,僅上市)=1|自營商(T86/上櫃三大法人)=1|當沖(TWTB4U/上櫃intraday)=1|季財報(MOPS t163sb04)=1|月營收(MOPS/openapi)=1|官方產業別(MOPS t05st03)=1|融資券(MI_MARGN)=1|借券(TWT93U)=1|法人(T86)=1",918,inf,250.0,official_prepanel,164.6,1.0,0.0,0.0,0,1,7.43,30.031,32.198,910.0,0,未扣成本·事後欄位以 m_ 標示·非投資建議
HC,2,2026-05-05,2026-05-06,1762,中化生,TWSE,S,,fV300,S1@5,47,308,漏網,848,-3.3964,,atr14=0.170|n_lu_250=0.284|r20=0.368|c_ma120=0.581|vr20=0.868|days_since_lu=0.487|dt_ratio20=0.030|lend_to_v=0.632|rev_yoy=0.924|o_turn=0.221|o_log_mcap=0.072|o_lu_follow=0.383,"官方日成交結構(MI_INDEX/dailyQuotes)=1|發行股數(MI_QFIIS/dailyQuotes)=1|外資持股(MI_QFIIS,僅上市)=1|自營商(T86/上櫃三大法人)=1|當沖(TWTB4U/上櫃intraday)=1|季財報(MOPS t163sb04)=1|月營收(MOPS/openapi)=1|官方產業別(MOPS t05st03)=1|融資券(MI_MARGN)=1|借券(TWT93U)=1|法人(T86)=1",919,inf,250.0,official_prepanel,115.8,1.0,0.0,0.0,1,0,0.0,7.644,15.757,416.0,0,未扣成本·事後欄位以 m_ 標示·非投資建議
HC,2,2026-05-05,2026-05-06,2923,鼎固-KY,TWSE,S,,fV300,S1@5,41,308,漏網,395,-3.281296,,atr14=0.986|n_lu_250=0.284|r20=0.839|c_ma120=0.526|vr20=0.119|days_since_lu=0.274|dt_ratio20=NaN|lend_to_v=NaN|rev_yoy=0.121|o_turn=0.000|o_log_mcap=0.753|o_lu_follow=0.383,"官方日成交結構(MI_INDEX/dailyQuotes)=1|發行股數(MI_QFIIS/dailyQuotes)=1|外資持股(MI_QFIIS,僅上市)=1|自營商(T86/上櫃三大法人)=1|當沖(TWTB4U/上櫃intraday)=0|季財報(MOPS t163sb04)=1|月營收(MOPS/openapi)=1|官方產業別(MOPS t05st03)=1|融資券(MI_MARGN)=0|借券(TWT93U)=0|法人(T86)=1",919,inf,250.0,official_prepanel,130.1,1.0,0.0,0.0,0,1,6.739,11.087,-6.957,107.0,0,未扣成本·事後欄位以 m_ 標示·非投資建議
HC,2,2026-05-05,2026-05-06,6140,訊達,TPEx,S,,fV300,S1@5,26,308,漏網,856,-3.029787,,atr14=0.523|n_lu_250=0.737|r20=0.295|c_ma120=0.019|vr20=0.213|days_since_lu=0.740|dt_ratio20=NaN|lend_to_v=0.018|rev_yoy=0.349|o_turn=0.115|o_log_mcap=0.007|o_lu_follow=0.030,"官方日成交結構(MI_INDEX/dailyQuotes)=1|發行股數(MI_QFIIS/dailyQuotes)=1|外資持股(MI_QFIIS,僅上市)=0|自營商(T86/上櫃三大法人)=1|當沖(TWTB4U/上櫃intraday)=0|季財報(MOPS t163sb04)=1|月營收(MOPS/openapi)=1|官方產業別(MOPS t05st03)=1|融資券(MI_MARGN)=1|借券(TWT93U)=1|法人(T86)=1",919,inf,250.0,official_prepanel,161.35,1.0,0.0,0.0,0,1,7.895,10.526,3.158,297.0,0,未扣成本·事後欄位以 m_ 標示·非投資建議
HC,2,2026-05-07,2026-05-08,6263,普萊德,TPEx,S,,fV300,S1@5,184,302,漏網,685,-5.171372,,atr14=0.501|n_lu_250=0.110|r20=0.635|c_ma120=0.537|vr20=0.437|days_since_lu=0.862|dt_ratio20=NaN|lend_to_v=0.489|rev_yoy=0.278|o_turn=0.200|o_log_mcap=0.403|o_lu_follow=0.662,"官方日成交結構(MI_INDEX/dailyQuotes)=1|發行股數(MI_QFIIS/dailyQuotes)=1|外資持股(MI_QFIIS,僅上市)=0|自營商(T86/上櫃三大法人)=1|當沖(TWTB4U/上櫃intraday)=1|季財報(MOPS t163sb04)=1|月營收(MOPS/openapi)=1|官方產業別(MOPS t05st03)=1|融資券(MI_MARGN)=1|借券(TWT93U)=1|法人(T86)=1",921,inf,250.0,official_prepanel,216.45,2.0,0.0,0.0,0,1,7.746,28.169,24.648,778.0,0,未扣成本·事後欄位以 m_ 標示·非投資建議
HC,2,2026-05-08,2026-05-11,4127,天良,TPEx,S,,fV300,S1@5,19,317,漏網,747,-2.923075,,atr14=0.308|n_lu_250=0.104|r20=0.676|c_ma120=0.661|vr20=0.930|days_since_lu=0.870|dt_ratio20=NaN|lend_to_v=0.283|rev_yoy=0.807|o_turn=0.414|o_log_mcap=0.058|o_lu_follow=0.656,"官方日成交結構(MI_INDEX/dailyQuotes)=1|發行股數(MI_QFIIS/dailyQuotes)=1|外資持股(MI_QFIIS,僅上市)=0|自營商(T86/上櫃三大法人)=1|當沖(TWTB4U/上櫃intraday)=1|季財報(MOPS t163sb04)=1|月營收(MOPS/openapi)=1|官方產業別(MOPS t05st03)=1|融資券(MI_MARGN)=1|借券(TWT93U)=1|法人(T86)=1",922,inf,250.0,official_prepanel,119.0,1.0,0.0,0.0,0,1,8.561,-2.978,56.079,1044.0,0,未扣成本·事後欄位以 m_ 標示·非投資建議
HC,2,2026-05-12,2026-05-13,3516,亞帝歐,TPEx,S,,fV300,S1@5,29,310,漏網,712,-3.048217,,atr14=0.514|n_lu_250=0.107|r20=0.633|c_ma120=0.499|vr20=0.476|days_since_lu=0.945|dt_ratio20=NaN|lend_to_v=0.208|rev_yoy=0.690|o_turn=0.196|o_log_mcap=0.016|o_lu_follow=0.655,"官方日成交結構(MI_INDEX/dailyQuotes)=1|發行股數(MI_QFIIS/dailyQuotes)=1|外資持股(MI_QFIIS,僅上市)=0|自營商(T86/上櫃三大法人)=1|當沖(TWTB4U/上櫃intraday)=1|季財報(MOPS t163sb04)=1|月營收(MOPS/openapi)=1|官方產業別(MOPS t05st03)=1|融資券(MI_MARGN)=1|借券(TWT93U)=1|法人(T86)=1",924,inf,250.0,official_prepanel,197.6,1.0,0.0,0.0,1,0,0.0,1.515,3.68,516.0,0,未扣成本·事後欄位以 m_ 標示·非投資建議
HC,2,2026-05-12,2026-05-13,3577,泓格,TPEx,S,,fV300,S1@5,87,310,漏網,280,-3.896915,,atr14=0.535|n_lu_250=0.671|r20=0.789|c_ma120=0.835|vr20=0.696|days_since_lu=0.465|dt_ratio20=NaN|lend_to_v=0.417|rev_yoy=0.907|o_turn=0.385|o_log_mcap=0.294|o_lu_follow=0.054,"官方日成交結構(MI_INDEX/dailyQuotes)=1|發行股數(MI_QFIIS/dailyQuotes)=1|外資持股(MI_QFIIS,僅上市)=0|自營商(T86/上櫃三大法人)=1|當沖(TWTB4U/上櫃intraday)=1|季財報(MOPS t163sb04)=1|月營收(MOPS/openapi)=1|官方產業別(MOPS t05st03)=1|融資券(MI_MARGN)=1|借券(TWT93U)=1|法人(T86)=1",924,inf,250.0,official_prepanel,271.3,2.0,0.0,0.0,0,1,5.397,33.862,62.434,1680.0,0,未扣成本·事後欄位以 m_ 標示·非投資建議
HC,2,2026-05-12,2026-05-13,3609,三一東林,TPEx,S,,fV300,S1@5,22,310,漏網,1568,-2.935313,,atr14=0.696|n_lu_250=0.107|r20=0.044|c_ma120=0.004|vr20=0.482|days_since_lu=0.867|dt_ratio20=NaN|lend_to_v=0.337|rev_yoy=0.330|o_turn=0.298|o_log_mcap=0.000|o_lu_follow=0.655,"官方日成交結構(MI_INDEX/dailyQuotes)=1|發行股數(MI_QFIIS/dailyQuotes)=1|外資持股(MI_QFIIS,僅上市)=0|自營商(T86/上櫃三大法人)=1|當沖(TWTB4U/上櫃intraday)=1|季財報(MOPS t163sb04)=1|月營收(MOPS/openapi)=1|官方產業別(MOPS t05st03)=1|融資券(MI_MARGN)=1|借券(TWT93U)=1|法人(T86)=1",924,inf,250.0,official_prepanel,183.05,1.0,0.0,0.0,0,1,7.415,23.305,25.424,252.0,0,未扣成本·事後欄位以 m_ 標示·非投資建議
HC,2,2026-05-12,2026-05-13,8440,綠電,TPEx,S,,fV300,S1@5,57,310,漏網,1342,-3.571193,,atr14=0.239|n_lu_250=0.553|r20=0.112|c_ma120=0.059|vr20=0.563|days_since_lu=0.614|dt_ratio20=NaN|lend_to_v=0.597|rev_yoy=0.381|o_turn=0.176|o_log_mcap=0.009|o_lu_follow=0.968,"官方日成交結構(MI_INDEX/dailyQuotes)=1|發行股數(MI_QFIIS/dailyQuotes)=1|外資持股(MI_QFIIS,僅上市)=0|自營商(T86/上櫃三大法人)=1|當沖(TWTB4U/上櫃intraday)=1|季財報(MOPS t163sb04)=1|月營收(MOPS/openapi)=1|官方產業別(MOPS t05st03)=1|融資券(MI_MARGN)=1|借券(TWT93U)=1|法人(T86)=1",924,inf,250.0,official_prepanel,137.85,1.0,0.0,0.0,0,1,9.709,10.68,6.796,500.0,0,未扣成本·事後欄位以 m_ 標示·非投資建議
HC,2,2026-05-15,2026-05-18,5321,美而快,TPEx,S,,fV300,S1@5,17,309,漏網,870,-2.41348,,atr14=0.596|n_lu_250=0.380|r20=0.586|c_ma120=0.046|vr20=0.662|days_since_lu=0.443|dt_ratio20=NaN|lend_to_v=0.536|rev_yoy=0.085|o_turn=0.389|o_log_mcap=0.024|o_lu_follow=0.246,"官方日成交結構(MI_INDEX/dailyQuotes)=1|發行股數(MI_QFIIS/dailyQuotes)=1|外資持股(MI_QFIIS,僅上市)=0|自營商(T86/上櫃三大法人)=1|當沖(TWTB4U/上櫃intraday)=1|季財報(MOPS t163sb04)=1|月營收(MOPS/openapi)=1|官方產業別(MOPS t05st03)=1|融資券(MI_MARGN)=1|借券(TWT93U)=1|法人(T86)=1",927,inf,250.0,official_prepanel,268.9,2.0,0.0,0.0,0,1,9.897,60.412,115.258,405.0,0,未扣成本·事後欄位以 m_ 標示·非投資建議
HC,2,2026-05-18,2026-05-19,2911,麗嬰房,TWSE,S,,fP10|fV300,S1@5,10,319,漏網,208,-2.197896,,atr14=0.754|n_lu_250=0.666|r20=0.904|c_ma120=0.735|vr20=0.950|days_since_lu=0.009|dt_ratio20=NaN|lend_to_v=0.022|rev_yoy=0.041|o_turn=0.423|o_log_mcap=0.000|o_lu_follow=0.478,"官方日成交結構(MI_INDEX/dailyQuotes)=1|發行股數(MI_QFIIS/dailyQuotes)=1|外資持股(MI_QFIIS,僅上市)=1|自營商(T86/上櫃三大法人)=1|當沖(TWTB4U/上櫃intraday)=0|季財報(MOPS t163sb04)=1|月營收(MOPS/openapi)=1|官方產業別(MOPS t05st03)=1|融資券(MI_MARGN)=1|借券(TWT93U)=1|法人(T86)=1",928,inf,250.0,official_prepanel,251.4,2.0,0.0,0.0,1,0,0.0,46.024,17.431,310.0,0,未扣成本·事後欄位以 m_ 標示·非投資建議
HC,2,2026-05-19,2026-05-20,6906,現觀科,TWSE,S,,fV300,S1@5,117,316,漏網,1083,-4.220735,,atr14=0.370|n_lu_250=0.540|r20=0.314|c_ma120=0.073|vr20=0.149|days_since_lu=0.150|dt_ratio20=0.364|lend_to_v=0.457|rev_yoy=0.319|o_turn=0.160|o_log_mcap=0.082|o_lu_follow=0.116,"官方日成交結構(MI_INDEX/dailyQuotes)=1|發行股數(MI_QFIIS/dailyQuotes)=1|外資持股(MI_QFIIS,僅上市)=1|自營商(T86/上櫃三大法人)=1|當沖(TWTB4U/上櫃intraday)=1|季財報(MOPS t163sb04)=1|月營收(MOPS/openapi)=1|官方產業別(MOPS t05st03)=1|融資券(MI_MARGN)=1|借券(TWT93U)=1|法人(T86)=1",563,563.0,250.0,official,172.3,1.0,0.0,0.0,1,0,0.0,45.415,44.699,188.0,0,未扣成本·事後欄位以 m_ 標示·非投資建議
HC,2,2026-05-20,2026-05-21,3555,博士旺,TPEx,S,,fV300,S1@5,23,315,漏網,349,-2.863352,,atr14=0.886|n_lu_250=0.998|r20=0.033|c_ma120=0.885|vr20=0.473|days_since_lu=0.425|dt_ratio20=NaN|lend_to_v=0.364|rev_yoy=0.993|o_turn=0.380|o_log_mcap=0.383|o_lu_follow=0.985,"官方日成交結構(MI_INDEX/dailyQuotes)=1|發行股數(MI_QFIIS/dailyQuotes)=1|外資持股(MI_QFIIS,僅上市)=0|自營商(T86/上櫃三大法人)=1|當沖(TWTB4U/上櫃intraday)=1|季財報(MOPS t163sb04)=1|月營收(MOPS/openapi)=1|官方產業別(MOPS t05st03)=1|融資券(MI_MARGN)=1|借券(TWT93U)=1|法人(T86)=1",930,inf,250.0,official_prepanel,237.6,2.0,0.0,0.0,0,1,4.634,8.78,3.415,159.0,0,未扣成本·事後欄位以 m_ 標示·非投資建議
HC,2,2026-05-20,2026-05-21,6570,維田,TPEx,S,,fV300,S1@5,47,315,漏網,388,-3.418878,,atr14=0.454|n_lu_250=0.454|r20=0.864|c_ma120=0.644|vr20=0.651|days_since_lu=0.732|dt_ratio20=NaN|lend_to_v=0.240|rev_yoy=0.451|o_turn=0.411|o_log_mcap=0.048|o_lu_follow=0.847,"官方日成交結構(MI_INDEX/dailyQuotes)=1|發行股數(MI_QFIIS/dailyQuotes)=1|外資持股(MI_QFIIS,僅上市)=0|自營商(T86/上櫃三大法人)=1|當沖(TWTB4U/上櫃intraday)=1|季財報(MOPS t163sb04)=1|月營收(MOPS/openapi)=1|官方產業別(MOPS t05st03)=1|融資券(MI_MARGN)=1|借券(TWT93U)=1|法人(T86)=1",930,inf,250.0,official_prepanel,193.7,1.0,0.0,0.0,0,1,10.033,31.996,34.495,647.0,0,未扣成本·事後欄位以 m_ 標示·非投資建議
HC,2,2026-05-21,2026-05-22,3021,鴻名,TWSE,S,,fV300,S1@5,78,310,漏網,643,-3.758909,,atr14=0.281|n_lu_250=0.389|r20=0.683|c_ma120=0.424|vr20=0.405|days_since_lu=0.770|dt_ratio20=0.254|lend_to_v=0.362|rev_yoy=0.415|o_turn=0.121|o_log_mcap=0.045|o_lu_follow=0.245,"官方日成交結構(MI_INDEX/dailyQuotes)=1|發行股數(MI_QFIIS/dailyQuotes)=1|外資持股(MI_QFIIS,僅上市)=1|自營商(T86/上櫃三大法人)=1|當沖(TWTB4U/上櫃intraday)=1|季財報(MOPS t163sb04)=1|月營收(MOPS/openapi)=1|官方產業別(MOPS t05st03)=1|融資券(MI_MARGN)=1|借券(TWT93U)=1|法人(T86)=1",931,inf,250.0,official_prepanel,222.25,2.0,0.0,0.0,0,1,7.123,56.125,105.128,1360.0,0,未扣成本·事後欄位以 m_ 標示·非投資建議
HC,2,2026-05-25,2026-05-26,3713,新晶投控,TPEx,S,,fV300,S1@5,9,324,漏網,1152,-2.451743,,atr14=0.488|n_lu_250=0.673|r20=0.027|c_ma120=0.006|vr20=0.523|days_since_lu=0.460|dt_ratio20=NaN|lend_to_v=NaN|rev_yoy=0.862|o_turn=0.045|o_log_mcap=0.012|o_lu_follow=0.877,"官方日成交結構(MI_INDEX/dailyQuotes)=1|發行股數(MI_QFIIS/dailyQuotes)=1|外資持股(MI_QFIIS,僅上市)=0|自營商(T86/上櫃三大法人)=1|當沖(TWTB4U/上櫃intraday)=0|季財報(MOPS t163sb04)=1|月營收(MOPS/openapi)=1|官方產業別(MOPS t05st03)=1|融資券(MI_MARGN)=0|借券(TWT93U)=0|法人(T86)=1",933,inf,250.0,official_prepanel,115.3,1.0,0.0,0.0,0,1,9.653,23.938,24.324,263.0,0,未扣成本·事後欄位以 m_ 標示·非投資建議
HC,2,2026-05-27,2026-05-28,4549,桓達,TPEx,S,,fV300,S1@5,175,322,漏網,601,-4.926821,,atr14=0.427|n_lu_250=0.610|r20=0.548|c_ma120=0.362|vr20=0.354|days_since_lu=0.531|dt_ratio20=NaN|lend_to_v=0.679|rev_yoy=0.065|o_turn=0.239|o_log_mcap=0.298|o_lu_follow=0.917,"官方日成交結構(MI_INDEX/dailyQuotes)=1|發行股數(MI_QFIIS/dailyQuotes)=1|外資持股(MI_QFIIS,僅上市)=0|自營商(T86/上櫃三大法人)=1|當沖(TWTB4U/上櫃intraday)=1|季財報(MOPS t163sb04)=1|月營收(MOPS/openapi)=1|官方產業別(MOPS t05st03)=1|融資券(MI_MARGN)=1|借券(TWT93U)=1|法人(T86)=1",935,inf,250.0,official_prepanel,282.5,2.0,0.0,0.0,0,1,6.573,17.84,0.939,1860.0,0,未扣成本·事後欄位以 m_ 標示·非投資建議
HC,2,2026-05-27,2026-05-28,6573,虹揚-KY,TWSE,S,,fV300,S1@5,18,322,漏網,470,-2.831697,,atr14=0.795|n_lu_250=0.947|r20=0.540|c_ma120=0.221|vr20=0.730|days_since_lu=0.239|dt_ratio20=NaN|lend_to_v=0.018|rev_yoy=0.094|o_turn=0.170|o_log_mcap=0.008|o_lu_follow=0.933,"官方日成交結構(MI_INDEX/dailyQuotes)=1|發行股數(MI_QFIIS/dailyQuotes)=1|外資持股(MI_QFIIS,僅上市)=1|自營商(T86/上櫃三大法人)=1|當沖(TWTB4U/上櫃intraday)=0|季財報(MOPS t163sb04)=1|月營收(MOPS/openapi)=1|官方產業別(MOPS t05st03)=1|融資券(MI_MARGN)=1|借券(TWT93U)=1|法人(T86)=1",935,inf,250.0,official_prepanel,194.4,1.0,0.0,0.0,0,1,9.594,33.21,11.07,1342.0,0,未扣成本·事後欄位以 m_ 標示·非投資建議
HC,2,2026-05-27,2026-05-28,8277,商丞,TPEx,S,,fP10|fV300,S1@5,6,322,漏網,660,-2.235927,,atr14=0.464|n_lu_250=0.892|r20=0.610|c_ma120=0.068|vr20=0.794|days_since_lu=0.366|dt_ratio20=NaN|lend_to_v=0.018|rev_yoy=0.020|o_turn=0.230|o_log_mcap=0.000|o_lu_follow=0.821,"官方日成交結構(MI_INDEX/dailyQuotes)=1|發行股數(MI_QFIIS/dailyQuotes)=1|外資持股(MI_QFIIS,僅上市)=0|自營商(T86/上櫃三大法人)=1|當沖(TWTB4U/上櫃intraday)=0|季財報(MOPS t163sb04)=1|月營收(MOPS/openapi)=1|官方產業別(MOPS t05st03)=1|融資券(MI_MARGN)=1|借券(TWT93U)=1|法人(T86)=1",935,inf,250.0,official_prepanel,242.1,2.0,0.0,0.0,0,1,8.75,58.333,43.056,434.0,0,未扣成本·事後欄位以 m_ 標示·非投資建議
HC,2,2026-05-29,2026-06-01,3564,其陽,TPEx,S,,fV300,S1@5,45,325,漏網,505,-3.226947,,atr14=0.506|n_lu_250=0.543|r20=0.796|c_ma120=0.430|vr20=0.778|days_since_lu=0.648|dt_ratio20=NaN|lend_to_v=0.608|rev_yoy=0.388|o_turn=0.410|o_log_mcap=0.137|o_lu_follow=0.115,"官方日成交結構(MI_INDEX/dailyQuotes)=1|發行股數(MI_QFIIS/dailyQuotes)=1|外資持股(MI_QFIIS,僅上市)=0|自營商(T86/上櫃三大法人)=1|當沖(TWTB4U/上櫃intraday)=1|季財報(MOPS t163sb04)=1|月營收(MOPS/openapi)=1|官方產業別(MOPS t05st03)=1|融資券(MI_MARGN)=1|借券(TWT93U)=1|法人(T86)=1",937,inf,250.0,official_prepanel,283.15,2.0,0.0,0.0,0,1,7.93,7.518,-2.781,1344.0,0,未扣成本·事後欄位以 m_ 標示·非投資建議
HC,2,2026-05-29,2026-06-01,5251,天鉞電,TPEx,S,,fV300,S1@5,115,325,漏網,1292,-4.229243,,atr14=0.163|n_lu_250=0.720|r20=0.151|c_ma120=0.054|vr20=0.184|days_since_lu=0.689|dt_ratio20=NaN|lend_to_v=0.704|rev_yoy=0.774|o_turn=0.096|o_log_mcap=0.003|o_lu_follow=0.307,"官方日成交結構(MI_INDEX/dailyQuotes)=1|發行股數(MI_QFIIS/dailyQuotes)=1|外資持股(MI_QFIIS,僅上市)=0|自營商(T86/上櫃三大法人)=1|當沖(TWTB4U/上櫃intraday)=1|季財報(MOPS t163sb04)=1|月營收(MOPS/openapi)=1|官方產業別(MOPS t05st03)=1|融資券(MI_MARGN)=1|借券(TWT93U)=1|法人(T86)=1",937,inf,250.0,official_prepanel,126.6,1.0,0.0,0.0,0,1,10.964,17.769,13.422,412.0,0,未扣成本·事後欄位以 m_ 標示·非投資建議
HC,2,2026-05-29,2026-06-01,6140,訊達,TPEx,S,,fV300,S1@5,30,325,漏網,913,-3.015098,,atr14=0.451|n_lu_250=0.720|r20=0.325|c_ma120=0.043|vr20=0.446|days_since_lu=0.319|dt_ratio20=NaN|lend_to_v=0.018|rev_yoy=0.042|o_turn=0.191|o_log_mcap=0.009|o_lu_follow=0.307,"官方日成交結構(MI_INDEX/dailyQuotes)=1|發行股數(MI_QFIIS/dailyQuotes)=1|外資持股(MI_QFIIS,僅上市)=0|自營商(T86/上櫃三大法人)=1|當沖(TWTB4U/上櫃intraday)=0|季財報(MOPS t163sb04)=1|月營收(MOPS/openapi)=1|官方產業別(MOPS t05st03)=1|融資券(MI_MARGN)=1|借券(TWT93U)=1|法人(T86)=1",937,inf,250.0,official_prepanel,213.1,2.0,0.0,0.0,0,1,3.25,16.0,11.0,447.0,0,未扣成本·事後欄位以 m_ 標示·非投資建議
HC,2,2026-05-29,2026-06-01,6148,驊宏資,TPEx,S,,fV300,S1@5,145,325,漏網,1141,-4.513898,,atr14=0.300|n_lu_250=0.760|r20=0.133|c_ma120=0.055|vr20=0.237|days_since_lu=0.575|dt_ratio20=NaN|lend_to_v=0.737|rev_yoy=0.016|o_turn=0.200|o_log_mcap=0.028|o_lu_follow=0.543,"官方日成交結構(MI_INDEX/dailyQuotes)=1|發行股數(MI_QFIIS/dailyQuotes)=1|外資持股(MI_QFIIS,僅上市)=0|自營商(T86/上櫃三大法人)=1|當沖(TWTB4U/上櫃intraday)=1|季財報(MOPS t163sb04)=1|月營收(MOPS/openapi)=1|官方產業別(MOPS t05st03)=1|融資券(MI_MARGN)=1|借券(TWT93U)=1|法人(T86)=1",937,inf,250.0,official_prepanel,255.95,2.0,0.0,0.0,0,1,8.205,19.658,18.291,648.0,0,未扣成本·事後欄位以 m_ 標示·非投資建議
HC,2,2026-05-29,2026-06-01,6870,騰雲,TPEx,S,,fV300,S1@5,31,325,漏網,304,-3.01961,,atr14=0.672|n_lu_250=0.456|r20=0.973|c_ma120=0.774|vr20=0.914|days_since_lu=0.011|dt_ratio20=NaN|lend_to_v=0.513|rev_yoy=0.897|o_turn=0.706|o_log_mcap=0.329|o_lu_follow=0.174,"官方日成交結構(MI_INDEX/dailyQuotes)=1|發行股數(MI_QFIIS/dailyQuotes)=1|外資持股(MI_QFIIS,僅上市)=0|自營商(T86/上櫃三大法人)=1|當沖(TWTB4U/上櫃intraday)=1|季財報(MOPS t163sb04)=1|月營收(MOPS/openapi)=1|官方產業別(MOPS t05st03)=1|融資券(MI_MARGN)=1|借券(TWT93U)=1|法人(T86)=1",654,654.0,250.0,official,189.3,1.0,0.0,0.0,0,1,5.216,2.698,8.273,233.0,0,未扣成本·事後欄位以 m_ 標示·非投資建議
HC,2,2026-06-01,2026-06-02,3268,海德威,TPEx,S,,fV300,S1@5,79,322,漏網,644,-3.736767,,atr14=0.514|n_lu_250=0.550|r20=0.403|c_ma120=0.380|vr20=0.378|days_since_lu=0.329|dt_ratio20=NaN|lend_to_v=0.396|rev_yoy=0.274|o_turn=0.344|o_log_mcap=0.000|o_lu_follow=0.560,"官方日成交結構(MI_INDEX/dailyQuotes)=1|發行股數(MI_QFIIS/dailyQuotes)=1|外資持股(MI_QFIIS,僅上市)=0|自營商(T86/上櫃三大法人)=1|當沖(TWTB4U/上櫃intraday)=1|季財報(MOPS t163sb04)=1|月營收(MOPS/openapi)=1|官方產業別(MOPS t05st03)=1|融資券(MI_MARGN)=1|借券(TWT93U)=1|法人(T86)=1",938,inf,250.0,official_prepanel,254.45,2.0,0.0,0.0,0,1,10.286,13.429,12.286,1775.0,0,未扣成本·事後欄位以 m_ 標示·非投資建議
HC,2,2026-06-02,2026-06-03,3073,天方能源,TPEx,S,,fV300,S1@5,20,311,漏網,1089,-2.944907,,atr14=0.477|n_lu_250=0.827|r20=0.124|c_ma120=0.005|vr20=0.429|days_since_lu=0.270|dt_ratio20=NaN|lend_to_v=0.517|rev_yoy=0.790|o_turn=0.195|o_log_mcap=0.002|o_lu_follow=0.470,"官方日成交結構(MI_INDEX/dailyQuotes)=1|發行股數(MI_QFIIS/dailyQuotes)=1|外資持股(MI_QFIIS,僅上市)=0|自營商(T86/上櫃三大法人)=1|當沖(TWTB4U/上櫃intraday)=1|季財報(MOPS t163sb04)=1|月營收(MOPS/openapi)=1|官方產業別(MOPS t05st03)=1|融資券(MI_MARGN)=1|借券(TWT93U)=1|法人(T86)=1",939,inf,250.0,official_prepanel,160.15,1.0,0.0,0.0,0,1,10.0,4.39,-0.488,332.0,0,未扣成本·事後欄位以 m_ 標示·非投資建議
HC,2,2026-06-02,2026-06-03,3284,太普高,TPEx,S,,fV300,S1@5,110,311,漏網,922,-4.351833,,atr14=0.462|n_lu_250=0.710|r20=0.379|c_ma120=0.030|vr20=0.192|days_since_lu=0.238|dt_ratio20=NaN|lend_to_v=0.470|rev_yoy=0.095|o_turn=0.059|o_log_mcap=0.043|o_lu_follow=0.032,"官方日成交結構(MI_INDEX/dailyQuotes)=1|發行股數(MI_QFIIS/dailyQuotes)=1|外資持股(MI_QFIIS,僅上市)=0|自營商(T86/上櫃三大法人)=1|當沖(TWTB4U/上櫃intraday)=1|季財報(MOPS t163sb04)=1|月營收(MOPS/openapi)=1|官方產業別(MOPS t05st03)=1|融資券(MI_MARGN)=1|借券(TWT93U)=1|法人(T86)=1",939,inf,250.0,official_prepanel,278.15,2.0,0.0,0.0,0,1,8.411,26.791,25.857,674.0,0,未扣成本·事後欄位以 m_ 標示·非投資建議
HC,2,2026-06-09,2026-06-10,3557,嘉威,TWSE,S,,fV300,S1@5,75,297,漏網,1653,-4.021412,,atr14=0.365|n_lu_250=0.260|r20=0.094|c_ma120=0.006|vr20=0.157|days_since_lu=0.373|dt_ratio20=0.140|lend_to_v=0.748|rev_yoy=0.203|o_turn=0.026|o_log_mcap=0.059|o_lu_follow=0.390,"官方日成交結構(MI_INDEX/dailyQuotes)=1|發行股數(MI_QFIIS/dailyQuotes)=1|外資持股(MI_QFIIS,僅上市)=1|自營商(T86/上櫃三大法人)=1|當沖(TWTB4U/上櫃intraday)=1|季財報(MOPS t163sb04)=1|月營收(MOPS/openapi)=1|官方產業別(MOPS t05st03)=1|融資券(MI_MARGN)=1|借券(TWT93U)=1|法人(T86)=1",944,inf,250.0,official_prepanel,191.65,1.0,0.0,0.0,0,1,5.833,15.417,7.5,149.0,0,未扣成本·事後欄位以 m_ 標示·非投資建議
HC,2,2026-06-15,2026-06-16,6949,沛爾生醫*-創,TWSE,S,,fV300,S1@5,58,302,漏網,173,-3.904288,,atr14=0.618|n_lu_250=0.818|r20=0.714|c_ma120=0.790|vr20=0.956|days_since_lu=0.604|dt_ratio20=0.516|lend_to_v=0.453|rev_yoy=0.571|o_turn=0.426|o_log_mcap=0.805|o_lu_follow=0.964,"官方日成交結構(MI_INDEX/dailyQuotes)=1|發行股數(MI_QFIIS/dailyQuotes)=1|外資持股(MI_QFIIS,僅上市)=1|自營商(T86/上櫃三大法人)=1|當沖(TWTB4U/上櫃intraday)=1|季財報(MOPS t163sb04)=1|月營收(MOPS/openapi)=1|官方產業別(MOPS t05st03)=1|融資券(MI_MARGN)=1|借券(TWT93U)=1|法人(T86)=1",551,551.0,250.0,official,178.85,1.0,0.0,0.0,0,1,8.824,11.364,16.444,462.0,0,未扣成本·事後欄位以 m_ 標示·非投資建議
HC,2,2026-06-16,2026-06-17,3296,勝德,TWSE,S,,fV300,S1@5,59,309,漏網,328,-3.92062,,atr14=0.417|n_lu_250=0.633|r20=0.926|c_ma120=0.552|vr20=0.718|days_since_lu=0.078|dt_ratio20=0.215|lend_to_v=0.527|rev_yoy=0.625|o_turn=0.157|o_log_mcap=0.094|o_lu_follow=0.047,"官方日成交結構(MI_INDEX/dailyQuotes)=1|發行股數(MI_QFIIS/dailyQuotes)=1|外資持股(MI_QFIIS,僅上市)=1|自營商(T86/上櫃三大法人)=1|當沖(TWTB4U/上櫃intraday)=1|季財報(MOPS t163sb04)=1|月營收(MOPS/openapi)=1|官方產業別(MOPS t05st03)=1|融資券(MI_MARGN)=1|借券(TWT93U)=1|法人(T86)=1",949,inf,250.0,official_prepanel,233.6,2.0,0.0,0.0,0,1,12.215,15.942,22.36,555.0,0,未扣成本·事後欄位以 m_ 標示·非投資建議
HC,2,2026-06-17,2026-06-18,1725,元禎,TWSE,S,,fV300,S1@5,170,302,漏網,369,-4.865317,,atr14=0.385|n_lu_250=0.683|r20=0.754|c_ma120=0.607|vr20=0.797|days_since_lu=0.592|dt_ratio20=0.498|lend_to_v=0.393|rev_yoy=0.556|o_turn=0.074|o_log_mcap=0.336|o_lu_follow=0.325,"官方日成交結構(MI_INDEX/dailyQuotes)=1|發行股數(MI_QFIIS/dailyQuotes)=1|外資持股(MI_QFIIS,僅上市)=1|自營商(T86/上櫃三大法人)=1|當沖(TWTB4U/上櫃intraday)=1|季財報(MOPS t163sb04)=1|月營收(MOPS/openapi)=1|官方產業別(MOPS t05st03)=1|融資券(MI_MARGN)=1|借券(TWT93U)=1|法人(T86)=1",950,inf,250.0,official_prepanel,218.05,2.0,0.0,0.0,0,1,9.985,2.937,1.965,767.0,0,未扣成本·事後欄位以 m_ 標示·非投資建議
HC,2,2026-06-25,2026-06-26,2906,高林,TWSE,S,,fV300,S1@5,194,294,漏網,1312,-5.352501,,atr14=0.044|n_lu_250=0.092|r20=0.623|c_ma120=0.381|vr20=0.604|days_since_lu=0.885|dt_ratio20=0.011|lend_to_v=0.768|rev_yoy=0.235|o_turn=0.031|o_log_mcap=0.127|o_lu_follow=0.670,"官方日成交結構(MI_INDEX/dailyQuotes)=1|發行股數(MI_QFIIS/dailyQuotes)=1|外資持股(MI_QFIIS,僅上市)=1|自營商(T86/上櫃三大法人)=1|當沖(TWTB4U/上櫃intraday)=1|季財報(MOPS t163sb04)=1|月營收(MOPS/openapi)=1|官方產業別(MOPS t05st03)=1|融資券(MI_MARGN)=1|借券(TWT93U)=1|法人(T86)=1",955,inf,250.0,official_prepanel,196.9,1.0,0.0,0.0,0,1,4.412,5.147,2.941,2117.0,0,未扣成本·事後欄位以 m_ 標示·非投資建議
HC,2,2026-06-25,2026-06-26,5211,蒙恬,TPEx,S,,fV300,S1@5,40,294,漏網,972,-3.512809,,atr14=0.259|n_lu_250=0.489|r20=0.715|c_ma120=0.038|vr20=0.480|days_since_lu=0.635|dt_ratio20=NaN|lend_to_v=0.201|rev_yoy=0.707|o_turn=0.193|o_log_mcap=0.000|o_lu_follow=0.115,"官方日成交結構(MI_INDEX/dailyQuotes)=1|發行股數(MI_QFIIS/dailyQuotes)=1|外資持股(MI_QFIIS,僅上市)=0|自營商(T86/上櫃三大法人)=1|當沖(TWTB4U/上櫃intraday)=1|季財報(MOPS t163sb04)=1|月營收(MOPS/openapi)=1|官方產業別(MOPS t05st03)=1|融資券(MI_MARGN)=1|借券(TWT93U)=1|法人(T86)=1",955,inf,250.0,official_prepanel,127.25,1.0,0.0,0.0,0,1,8.786,25.065,14.729,387.0,0,未扣成本·事後欄位以 m_ 標示·非投資建議
HC,2,2026-06-26,2026-06-29,1626,艾美特-KY,TWSE,S,,fP10|fV300,S1@5,90,294,漏網,1388,-4.319885,,atr14=0.068|n_lu_250=0.478|r20=0.458|c_ma120=0.183|vr20=0.200|days_since_lu=0.641|dt_ratio20=0.096|lend_to_v=0.589|rev_yoy=0.175|o_turn=0.014|o_log_mcap=0.037|o_lu_follow=0.571,"官方日成交結構(MI_INDEX/dailyQuotes)=1|發行股數(MI_QFIIS/dailyQuotes)=1|外資持股(MI_QFIIS,僅上市)=1|自營商(T86/上櫃三大法人)=1|當沖(TWTB4U/上櫃intraday)=1|季財報(MOPS t163sb04)=1|月營收(MOPS/openapi)=1|官方產業別(MOPS t05st03)=1|融資券(MI_MARGN)=1|借券(TWT93U)=1|法人(T86)=1",956,inf,250.0,official_prepanel,200.75,2.0,0.0,0.0,0,1,7.463,11.443,1.99,435.0,0,未扣成本·事後欄位以 m_ 標示·非投資建議
HC,2,2026-06-26,2026-06-29,7714,創泓科技,TPEx,S,,fV300,S1@5,165,294,漏網,494,-5.269287,,atr14=0.534|n_lu_250=0.775|r20=0.822|c_ma120=0.170|vr20=0.080|days_since_lu=0.270|dt_ratio20=NaN|lend_to_v=0.209|rev_yoy=0.599|o_turn=0.201|o_log_mcap=0.128|o_lu_follow=0.478,"官方日成交結構(MI_INDEX/dailyQuotes)=1|發行股數(MI_QFIIS/dailyQuotes)=1|外資持股(MI_QFIIS,僅上市)=0|自營商(T86/上櫃三大法人)=1|當沖(TWTB4U/上櫃intraday)=1|季財報(MOPS t163sb04)=1|月營收(MOPS/openapi)=1|官方產業別(MOPS t05st03)=1|融資券(MI_MARGN)=1|借券(TWT93U)=1|法人(T86)=1",348,348.0,250.0,official,172.5,1.0,0.0,0.0,0,1,10.843,28.112,48.193,174.0,0,未扣成本·事後欄位以 m_ 標示·非投資建議
HC,2,2026-06-29,2026-06-30,6617,共信-KY,TPEx,S,,fV300,S1@5,176,298,漏網,1349,-5.145009,,atr14=0.239|n_lu_250=0.716|r20=0.200|c_ma120=0.087|vr20=0.693|days_since_lu=0.425|dt_ratio20=NaN|lend_to_v=0.916|rev_yoy=0.850|o_turn=0.079|o_log_mcap=0.402|o_lu_follow=0.551,"官方日成交結構(MI_INDEX/dailyQuotes)=1|發行股數(MI_QFIIS/dailyQuotes)=1|外資持股(MI_QFIIS,僅上市)=0|自營商(T86/上櫃三大法人)=1|當沖(TWTB4U/上櫃intraday)=1|季財報(MOPS t163sb04)=1|月營收(MOPS/openapi)=1|官方產業別(MOPS t05st03)=1|融資券(MI_MARGN)=1|借券(TWT93U)=1|法人(T86)=1",492,492.0,250.0,official,186.15,1.0,0.0,0.0,0,1,3.259,50.37,55.556,265.0,0,未扣成本·事後欄位以 m_ 標示·非投資建議
HC,2,2026-06-30,2026-07-01,2250,IKKA-KY,TWSE,S,,fV300,S1@5,109,301,漏網,1381,-4.296015,,atr14=0.149|n_lu_250=0.338|r20=0.440|c_ma120=0.167|vr20=0.887|days_since_lu=0.773|dt_ratio20=0.364|lend_to_v=0.830|rev_yoy=0.107|o_turn=0.367|o_log_mcap=0.085|o_lu_follow=0.245,"官方日成交結構(MI_INDEX/dailyQuotes)=1|發行股數(MI_QFIIS/dailyQuotes)=1|外資持股(MI_QFIIS,僅上市)=1|自營商(T86/上櫃三大法人)=1|當沖(TWTB4U/上櫃intraday)=1|季財報(MOPS t163sb04)=1|月營收(MOPS/openapi)=1|官方產業別(MOPS t05st03)=1|融資券(MI_MARGN)=1|借券(TWT93U)=1|法人(T86)=1",958,inf,250.0,official_prepanel,108.6,1.0,0.0,0.0,0,1,9.936,10.256,2.564,377.0,0,未扣成本·事後欄位以 m_ 標示·非投資建議
HC,2,2026-06-30,2026-07-01,5460,同協,TPEx,S,,fV300,S1@5,12,301,漏網,651,-2.671035,,atr14=0.232|n_lu_250=0.338|r20=0.764|c_ma120=0.446|vr20=1.000|days_since_lu=0.798|dt_ratio20=NaN|lend_to_v=0.381|rev_yoy=0.492|o_turn=0.912|o_log_mcap=0.003|o_lu_follow=0.929,"官方日成交結構(MI_INDEX/dailyQuotes)=1|發行股數(MI_QFIIS/dailyQuotes)=1|外資持股(MI_QFIIS,僅上市)=0|自營商(T86/上櫃三大法人)=1|當沖(TWTB4U/上櫃intraday)=1|季財報(MOPS t163sb04)=1|月營收(MOPS/openapi)=1|官方產業別(MOPS t05st03)=1|融資券(MI_MARGN)=1|借券(TWT93U)=1|法人(T86)=1",958,inf,250.0,official_prepanel,188.1,1.0,0.0,0.0,0,1,9.177,10.759,8.861,1125.0,0,未扣成本·事後欄位以 m_ 標示·非投資建議
HC,2,2026-06-30,2026-07-01,6870,騰雲,TPEx,S,,fV300,S1@5,48,301,漏網,384,-3.613748,,atr14=0.909|n_lu_250=0.642|r20=0.230|c_ma120=0.791|vr20=0.148|days_since_lu=0.242|dt_ratio20=NaN|lend_to_v=0.419|rev_yoy=0.815|o_turn=0.309|o_log_mcap=0.330|o_lu_follow=0.445,"官方日成交結構(MI_INDEX/dailyQuotes)=1|發行股數(MI_QFIIS/dailyQuotes)=1|外資持股(MI_QFIIS,僅上市)=0|自營商(T86/上櫃三大法人)=1|當沖(TWTB4U/上櫃intraday)=1|季財報(MOPS t163sb04)=1|月營收(MOPS/openapi)=1|官方產業別(MOPS t05st03)=1|融資券(MI_MARGN)=1|借券(TWT93U)=1|法人(T86)=1",675,675.0,250.0,official,248.3,2.0,0.0,0.0,0,1,9.659,7.576,15.341,203.0,0,未扣成本·事後欄位以 m_ 標示·非投資建議
HC,3,2026-07-02,2026-07-03,3349,寶德,TPEx,S,,fV300,S1@5,17,302,漏網,698,-2.08516,,atr14=0.326|n_lu_250=0.673|r20=0.872|c_ma120=0.014|vr20=0.759|days_since_lu=0.013|dt_ratio20=NaN|lend_to_v=NaN|rev_yoy=0.552|o_turn=0.484|o_log_mcap=0.004|o_lu_follow=0.324,"官方日成交結構(MI_INDEX/dailyQuotes)=1|發行股數(MI_QFIIS/dailyQuotes)=1|外資持股(MI_QFIIS,僅上市)=0|自營商(T86/上櫃三大法人)=1|當沖(TWTB4U/上櫃intraday)=0|季財報(MOPS t163sb04)=1|月營收(MOPS/openapi)=1|官方產業別(MOPS t05st03)=1|融資券(MI_MARGN)=0|借券(TWT93U)=0|法人(T86)=1",960,inf,250.0,official_prepanel,261.15,2.0,0.0,0.0,0,1,10.0,19.5,14.5,483.0,0,未扣成本·事後欄位以 m_ 標示·非投資建議
HC,3,2026-07-02,2026-07-03,3564,其陽,TPEx,S,,fV300,S1@5,27,302,漏網,1072,-2.35235,,atr14=0.536|n_lu_250=0.414|r20=0.040|c_ma120=0.305|vr20=0.478|days_since_lu=0.406|dt_ratio20=NaN|lend_to_v=0.575|rev_yoy=0.533|o_turn=0.313|o_log_mcap=0.104|o_lu_follow=0.842,"官方日成交結構(MI_INDEX/dailyQuotes)=1|發行股數(MI_QFIIS/dailyQuotes)=1|外資持股(MI_QFIIS,僅上市)=0|自營商(T86/上櫃三大法人)=1|當沖(TWTB4U/上櫃intraday)=1|季財報(MOPS t163sb04)=1|月營收(MOPS/openapi)=1|官方產業別(MOPS t05st03)=1|融資券(MI_MARGN)=1|借券(TWT93U)=1|法人(T86)=1",960,inf,250.0,official_prepanel,266.3,2.0,0.0,0.0,1,0,0.0,8.526,-7.059,238.0,0,未扣成本·事後欄位以 m_ 標示·非投資建議
HC,3,2026-07-02,2026-07-03,6732,昇佳電子,TPEx,S,,fV300,S1@5,36,302,漏網,534,-2.564468,,atr14=0.458|n_lu_250=0.490|r20=0.592|c_ma120=0.503|vr20=0.868|days_since_lu=0.732|dt_ratio20=NaN|lend_to_v=0.822|rev_yoy=0.043|o_turn=0.504|o_log_mcap=0.383|o_lu_follow=0.571,"官方日成交結構(MI_INDEX/dailyQuotes)=1|發行股數(MI_QFIIS/dailyQuotes)=1|外資持股(MI_QFIIS,僅上市)=0|自營商(T86/上櫃三大法人)=1|當沖(TWTB4U/上櫃intraday)=1|季財報(MOPS t163sb04)=1|月營收(MOPS/openapi)=1|官方產業別(MOPS t05st03)=1|融資券(MI_MARGN)=1|借券(TWT93U)=1|法人(T86)=1",960,inf,250.0,official_prepanel,201.95,2.0,0.0,0.0,0,1,9.827,13.295,11.85,1230.0,0,未扣成本·事後欄位以 m_ 標示·非投資建議
HC,3,2026-07-02,2026-07-03,8109,博大,TPEx,S,,fV300,S1@5,108,302,漏網,481,-3.676148,,atr14=0.293|n_lu_250=0.331|r20=0.829|c_ma120=0.663|vr20=0.641|days_since_lu=0.532|dt_ratio20=NaN|lend_to_v=0.432|rev_yoy=0.602|o_turn=0.226|o_log_mcap=0.456|o_lu_follow=0.244,"官方日成交結構(MI_INDEX/dailyQuotes)=1|發行股數(MI_QFIIS/dailyQuotes)=1|外資持股(MI_QFIIS,僅上市)=0|自營商(T86/上櫃三大法人)=1|當沖(TWTB4U/上櫃intraday)=1|季財報(MOPS t163sb04)=1|月營收(MOPS/openapi)=1|官方產業別(MOPS t05st03)=1|融資券(MI_MARGN)=1|借券(TWT93U)=1|法人(T86)=1",960,inf,250.0,official_prepanel,254.1,2.0,0.0,0.0,0,1,9.766,17.969,1.953,923.0,0,未扣成本·事後欄位以 m_ 標示·非投資建議
HC,3,2026-07-08,2026-07-09,6933,AMAX-KY,TWSE,S,,fV300,S1@5,87,316,漏網,868,-3.834668,,atr14=0.468|n_lu_250=0.925|r20=0.180|c_ma120=0.150|vr20=0.423|days_since_lu=0.098|dt_ratio20=0.397|lend_to_v=0.700|rev_yoy=0.859|o_turn=0.148|o_log_mcap=0.306|o_lu_follow=0.904,"官方日成交結構(MI_INDEX/dailyQuotes)=1|發行股數(MI_QFIIS/dailyQuotes)=1|外資持股(MI_QFIIS,僅上市)=1|自營商(T86/上櫃三大法人)=1|當沖(TWTB4U/上櫃intraday)=1|季財報(MOPS t163sb04)=1|月營收(MOPS/openapi)=1|官方產業別(MOPS t05st03)=1|融資券(MI_MARGN)=1|借券(TWT93U)=1|法人(T86)=1",645,645.0,250.0,official,148.5,1.0,0.0,0.0,1,0,0.0,4.137,8.006,140.0,0,未扣成本·事後欄位以 m_ 標示·非投資建議
HC,3,2026-07-15,2026-07-16,1526,日馳,TWSE,S,,fV300,S1@5,33,328,漏網,1261,-2.692221,,atr14=0.176|n_lu_250=0.570|r20=0.487|c_ma120=0.044|vr20=0.790|days_since_lu=0.764|dt_ratio20=0.017|lend_to_v=0.792|rev_yoy=0.076|o_turn=0.113|o_log_mcap=0.004|o_lu_follow=0.969,"官方日成交結構(MI_INDEX/dailyQuotes)=1|發行股數(MI_QFIIS/dailyQuotes)=1|外資持股(MI_QFIIS,僅上市)=1|自營商(T86/上櫃三大法人)=1|當沖(TWTB4U/上櫃intraday)=1|季財報(MOPS t163sb04)=1|月營收(MOPS/openapi)=1|官方產業別(MOPS t05st03)=1|融資券(MI_MARGN)=1|借券(TWT93U)=1|法人(T86)=1",968,inf,250.0,official_prepanel,102.0,1.0,0.0,0.0,0,1,7.167,10.922,29.01,1024.0,0,未扣成本·事後欄位以 m_ 標示·非投資建議
HC,3,2026-07-16,2026-07-17,5450,南良,TPEx,S,,fV300,S1@5,10,332,漏網,346,-2.327542,,atr14=0.306|n_lu_250=0.495|r20=0.866|c_ma120=0.635|vr20=0.994|days_since_lu=0.321|dt_ratio20=NaN|lend_to_v=0.167|rev_yoy=0.528|o_turn=0.691|o_log_mcap=0.057|o_lu_follow=0.076,"官方日成交結構(MI_INDEX/dailyQuotes)=1|發行股數(MI_QFIIS/dailyQuotes)=1|外資持股(MI_QFIIS,僅上市)=0|自營商(T86/上櫃三大法人)=1|當沖(TWTB4U/上櫃intraday)=1|季財報(MOPS t163sb04)=1|月營收(MOPS/openapi)=1|官方產業別(MOPS t05st03)=1|融資券(MI_MARGN)=1|借券(TWT93U)=1|法人(T86)=1",969,inf,250.0,official_prepanel,259.25,2.0,0.0,0.0,0,1,11.438,5.229,-7.516,1364.0,0,未扣成本·事後欄位以 m_ 標示·非投資建議
HC,3,2026-07-17,2026-07-20,6969,成信實業*-創,TWSE,S,,fV300,S1@5,26,329,漏網,1205,-3.26703,,atr14=0.424|n_lu_250=0.550|r20=0.438|c_ma120=0.085|vr20=0.641|days_since_lu=0.096|dt_ratio20=NaN|lend_to_v=NaN|rev_yoy=0.140|o_turn=0.089|o_log_mcap=0.011|o_lu_follow=0.837,"官方日成交結構(MI_INDEX/dailyQuotes)=1|發行股數(MI_QFIIS/dailyQuotes)=1|外資持股(MI_QFIIS,僅上市)=1|自營商(T86/上櫃三大法人)=1|當沖(TWTB4U/上櫃intraday)=0|季財報(MOPS t163sb04)=1|月營收(MOPS/openapi)=1|官方產業別(MOPS t05st03)=1|融資券(MI_MARGN)=0|借券(TWT93U)=0|法人(T86)=1",448,448.0,250.0,official,110.05,1.0,0.0,0.0,1,0,0.0,46.023,21.78,1630.0,0,未扣成本·事後欄位以 m_ 標示·非投資建議
HC,3,2026-07-20,2026-07-21,7709,榮田,TPEx,S,,fV300,S1@5,12,336,漏網,947,-2.863391,,atr14=0.604|n_lu_250=0.900|r20=0.030|c_ma120=0.183|vr20=0.363|days_since_lu=0.537|dt_ratio20=NaN|lend_to_v=0.232|rev_yoy=0.018|o_turn=0.224|o_log_mcap=0.123|o_lu_follow=0.909,"官方日成交結構(MI_INDEX/dailyQuotes)=1|發行股數(MI_QFIIS/dailyQuotes)=1|外資持股(MI_QFIIS,僅上市)=0|自營商(T86/上櫃三大法人)=1|當沖(TWTB4U/上櫃intraday)=1|季財報(MOPS t163sb04)=1|月營收(MOPS/openapi)=1|官方產業別(MOPS t05st03)=1|融資券(MI_MARGN)=1|借券(TWT93U)=1|法人(T86)=1",341,341.0,250.0,official,180.0,1.0,0.0,0.0,1,0,0.0,-5.263,-6.094,56.0,0,未扣成本·事後欄位以 m_ 標示·非投資建議
HC,3,2026-07-21,2026-07-22,3523,迎輝,TPEx,S,,fV300|fH125,S1@5,61,338,漏網,1009,-3.346809,,atr14=0.354|n_lu_250=0.929|r20=0.201|c_ma120=0.187|vr20=0.000|days_since_lu=0.321|dt_ratio20=NaN|lend_to_v=0.019|rev_yoy=0.777|o_turn=0.000|o_log_mcap=0.003|o_lu_follow=0.992,"官方日成交結構(MI_INDEX/dailyQuotes)=1|發行股數(MI_QFIIS/dailyQuotes)=1|外資持股(MI_QFIIS,僅上市)=0|自營商(T86/上櫃三大法人)=1|當沖(TWTB4U/上櫃intraday)=0|季財報(MOPS t163sb04)=1|月營收(MOPS/openapi)=1|官方產業別(MOPS t05st03)=1|融資券(MI_MARGN)=1|借券(TWT93U)=1|法人(T86)=1",972,inf,250.0,official_prepanel,102.35,1.0,0.0,0.0,0,1,12.0,10.545,10.182,42.0,0,未扣成本·事後欄位以 m_ 標示·非投資建議
HC,3,2026-07-23,2026-07-24,1799,易威,TPEx,S,,fV300,S1@5,101,343,漏網,458,-4.289278,,atr14=0.307|n_lu_250=0.595|r20=0.878|c_ma120=0.260|vr20=0.841|days_since_lu=0.738|dt_ratio20=NaN|lend_to_v=0.019|rev_yoy=0.854|o_turn=0.072|o_log_mcap=0.213|o_lu_follow=0.935,"官方日成交結構(MI_INDEX/dailyQuotes)=1|發行股數(MI_QFIIS/dailyQuotes)=1|外資持股(MI_QFIIS,僅上市)=0|自營商(T86/上櫃三大法人)=1|當沖(TWTB4U/上櫃intraday)=0|季財報(MOPS t163sb04)=1|月營收(MOPS/openapi)=1|官方產業別(MOPS t05st03)=1|融資券(MI_MARGN)=1|借券(TWT93U)=1|法人(T86)=1",974,inf,250.0,official_prepanel,129.45,1.0,0.0,0.0,0,1,10.0,-2.769,-1.077,367.0,0,未扣成本·事後欄位以 m_ 標示·非投資建議
HC,3,2026-07-27,2026-07-28,6733,博晟生醫,TPEx,S,,fV300,S1@5,122,349,漏網,1388,-4.757677,,atr14=0.214|n_lu_250=0.355|r20=0.684|c_ma120=0.045|vr20=0.559|days_since_lu=0.829|dt_ratio20=NaN|lend_to_v=NaN|rev_yoy=0.840|o_turn=0.034|o_log_mcap=0.163|o_lu_follow=0.991,"官方日成交結構(MI_INDEX/dailyQuotes)=1|發行股數(MI_QFIIS/dailyQuotes)=1|外資持股(MI_QFIIS,僅上市)=0|自營商(T86/上櫃三大法人)=1|當沖(TWTB4U/上櫃intraday)=0|季財報(MOPS t163sb04)=1|月營收(MOPS/openapi)=1|官方產業別(MOPS t05st03)=1|融資券(MI_MARGN)=0|借券(TWT93U)=0|法人(T86)=1",976,inf,250.0,official_prepanel,175.55,1.0,0.0,0.0,1,0,0.0,1.711,-1.331,216.0,0,未扣成本·事後欄位以 m_ 標示·非投資建議
HC,3,2026-07-30,2026-07-31,7750,新代,TWSE,S,,fV300,S1@5,84,346,漏網,184,-4.198273,,atr14=0.677|n_lu_250=0.419|r20=0.641|c_ma120=0.697|vr20=0.821|days_since_lu=0.654|dt_ratio20=0.573|lend_to_v=0.298|rev_yoy=0.942|o_turn=0.270|o_log_mcap=0.904|o_lu_follow=0.569,"官方日成交結構(MI_INDEX/dailyQuotes)=1|發行股數(MI_QFIIS/dailyQuotes)=1|外資持股(MI_QFIIS,僅上市)=1|自營商(T86/上櫃三大法人)=1|當沖(TWTB4U/上櫃intraday)=1|季財報(MOPS t163sb04)=1|月營收(MOPS/openapi)=1|官方產業別(MOPS t05st03)=1|融資券(MI_MARGN)=1|借券(TWT93U)=1|法人(T86)=1",208,208.0,208.0,official,185.8,1.0,0.0,0.0,0,1,1.75,18.25,18.0,190.0,0,未扣成本·事後欄位以 m_ 標示·非投資建議
HC,3,2026-08-04,2026-08-05,2070,精湛,TPEx,S,,fV300,S1@5,157,356,漏網,931,-4.145072,,atr14=0.506|n_lu_250=0.716|r20=0.175|c_ma120=0.265|vr20=0.088|days_since_lu=0.601|dt_ratio20=NaN|lend_to_v=0.504|rev_yoy=0.686|o_turn=0.064|o_log_mcap=0.067|o_lu_follow=0.530,"官方日成交結構(MI_INDEX/dailyQuotes)=1|發行股數(MI_QFIIS/dailyQuotes)=1|外資持股(MI_QFIIS,僅上市)=0|自營商(T86/上櫃三大法人)=1|當沖(TWTB4U/上櫃intraday)=1|季財報(MOPS t163sb04)=1|月營收(MOPS/openapi)=1|官方產業別(MOPS t05st03)=1|融資券(MI_MARGN)=1|借券(TWT93U)=1|法人(T86)=1",982,inf,250.0,official_prepanel,158.1,1.0,0.0,0.0,1,0,0.0,11.321,26.226,58.0,0,未扣成本·事後欄位以 m_ 標示·非投資建議
HC,3,2026-08-04,2026-08-05,7711,永擎,TWSE,S,,fV300,S1@5,123,356,漏網,690,-3.778712,,atr14=0.381|n_lu_250=0.716|r20=0.612|c_ma120=0.465|vr20=0.695|days_since_lu=0.587|dt_ratio20=0.379|lend_to_v=0.621|rev_yoy=0.941|o_turn=0.278|o_log_mcap=0.664|o_lu_follow=0.859,"官方日成交結構(MI_INDEX/dailyQuotes)=1|發行股數(MI_QFIIS/dailyQuotes)=1|外資持股(MI_QFIIS,僅上市)=1|自營商(T86/上櫃三大法人)=1|當沖(TWTB4U/上櫃intraday)=1|季財報(MOPS t163sb04)=1|月營收(MOPS/openapi)=1|官方產業別(MOPS t05st03)=1|融資券(MI_MARGN)=1|借券(TWT93U)=1|法人(T86)=1",170,170.0,170.0,official,196.75,1.0,0.0,0.0,1,0,0.0,23.708,49.544,74.0,0,未扣成本·事後欄位以 m_ 標示·非投資建議
HC,3,2026-08-05,2026-08-06,4561,健椿,TPEx,S,,fV300,S1@5,71,357,漏網,776,-3.187447,,atr14=0.469|n_lu_250=0.792|r20=0.343|c_ma120=0.234|vr20=0.755|days_since_lu=0.362|dt_ratio20=NaN|lend_to_v=0.642|rev_yoy=0.752|o_turn=0.326|o_log_mcap=0.070|o_lu_follow=0.867,"官方日成交結構(MI_INDEX/dailyQuotes)=1|發行股數(MI_QFIIS/dailyQuotes)=1|外資持股(MI_QFIIS,僅上市)=0|自營商(T86/上櫃三大法人)=1|當沖(TWTB4U/上櫃intraday)=1|季財報(MOPS t163sb04)=1|月營收(MOPS/openapi)=1|官方產業別(MOPS t05st03)=1|融資券(MI_MARGN)=1|借券(TWT93U)=1|法人(T86)=1",983,inf,250.0,official_prepanel,172.0,1.0,0.0,0.0,0,1,3.101,18.992,22.222,392.0,0,未扣成本·事後欄位以 m_ 標示·非投資建議
HC,3,2026-08-06,2026-08-07,6716,應廣,TPEx,S,,fV300,S1@5,39,350,漏網,427,-2.904696,,atr14=0.596|n_lu_250=0.869|r20=0.271|c_ma120=0.540|vr20=0.627|days_since_lu=0.151|dt_ratio20=NaN|lend_to_v=0.219|rev_yoy=0.842|o_turn=0.673|o_log_mcap=0.101|o_lu_follow=0.863,"官方日成交結構(MI_INDEX/dailyQuotes)=1|發行股數(MI_QFIIS/dailyQuotes)=1|外資持股(MI_QFIIS,僅上市)=0|自營商(T86/上櫃三大法人)=1|當沖(TWTB4U/上櫃intraday)=1|季財報(MOPS t163sb04)=1|月營收(MOPS/openapi)=1|官方產業別(MOPS t05st03)=1|融資券(MI_MARGN)=1|借券(TWT93U)=1|法人(T86)=1",984,inf,250.0,official_prepanel,284.55,2.0,0.0,0.0,1,0,0.0,22.78,38.976,219.0,0,未扣成本·事後欄位以 m_ 標示·非投資建議
HC,3,2026-08-25,2026-08-26,3354,律勝,TPEx,S,,fV300,S1@5,31,356,漏網,957,-3.445262,,atr14=0.355|n_lu_250=0.805|r20=0.277|c_ma120=0.021|vr20=0.356|days_since_lu=0.725|dt_ratio20=NaN|lend_to_v=0.639|rev_yoy=0.524|o_turn=0.056|o_log_mcap=0.011|o_lu_follow=0.881,"官方日成交結構(MI_INDEX/dailyQuotes)=1|發行股數(MI_QFIIS/dailyQuotes)=1|外資持股(MI_QFIIS,僅上市)=0|自營商(T86/上櫃三大法人)=1|當沖(TWTB4U/上櫃intraday)=1|季財報(MOPS t163sb04)=1|月營收(MOPS/openapi)=1|官方產業別(MOPS t05st03)=1|融資券(MI_MARGN)=1|借券(TWT93U)=1|法人(T86)=1",997,inf,250.0,official_prepanel,107.7,1.0,0.0,0.0,0,1,9.268,15.61,38.049,700.0,0,未扣成本·事後欄位以 m_ 標示·非投資建議
HC,3,2026-09-02,2026-09-03,3021,鴻名,TWSE,S,,fV300,S1@5,91,342,漏網,1081,-3.77272,,atr14=0.230|n_lu_250=0.736|r20=0.168|c_ma120=0.208|vr20=0.293|days_since_lu=0.438|dt_ratio20=0.246|lend_to_v=0.636|rev_yoy=0.124|o_turn=0.033|o_log_mcap=0.025|o_lu_follow=0.999,"官方日成交結構(MI_INDEX/dailyQuotes)=1|發行股數(MI_QFIIS/dailyQuotes)=1|外資持股(MI_QFIIS,僅上市)=1|自營商(T86/上櫃三大法人)=1|當沖(TWTB4U/上櫃intraday)=1|季財報(MOPS t163sb04)=1|月營收(MOPS/openapi)=1|官方產業別(MOPS t05st03)=1|融資券(MI_MARGN)=1|借券(TWT93U)=1|法人(T86)=1",1003,inf,250.0,official_prepanel,111.7,1.0,0.0,0.0,0,1,9.95,23.134,34.826,525.0,0,未扣成本·事後欄位以 m_ 標示·非投資建議
HC,3,2026-09-03,2026-09-04,7717,萊德光電-KY,TPEx,S,,fV300,S1@5,19,344,漏網,1330,-3.024318,,atr14=0.804|n_lu_250=0.936|r20=0.253|c_ma120=0.008|vr20=0.569|days_since_lu=0.372|dt_ratio20=NaN|lend_to_v=0.236|rev_yoy=0.614|o_turn=0.465|o_log_mcap=0.383|o_lu_follow=0.790,"官方日成交結構(MI_INDEX/dailyQuotes)=1|發行股數(MI_QFIIS/dailyQuotes)=1|外資持股(MI_QFIIS,僅上市)=0|自營商(T86/上櫃三大法人)=1|當沖(TWTB4U/上櫃intraday)=1|季財報(MOPS t163sb04)=1|月營收(MOPS/openapi)=1|官方產業別(MOPS t05st03)=1|融資券(MI_MARGN)=1|借券(TWT93U)=1|法人(T86)=1",194,194.0,194.0,official,150.05,1.0,0.0,0.0,0,1,8.053,16.947,39.183,1151.0,0,未扣成本·事後欄位以 m_ 標示·非投資建議
HC,3,2026-09-04,2026-09-07,6441,廣錠,TPEx,S,,fV300,S1@5,94,348,漏網,1135,-4.062926,,atr14=0.278|n_lu_250=0.713|r20=0.068|c_ma120=0.214|vr20=0.026|days_since_lu=0.293|dt_ratio20=NaN|lend_to_v=0.808|rev_yoy=0.016|o_turn=0.021|o_log_mcap=0.005|o_lu_follow=0.965,"官方日成交結構(MI_INDEX/dailyQuotes)=1|發行股數(MI_QFIIS/dailyQuotes)=1|外資持股(MI_QFIIS,僅上市)=0|自營商(T86/上櫃三大法人)=1|當沖(TWTB4U/上櫃intraday)=1|季財報(MOPS t163sb04)=1|月營收(MOPS/openapi)=1|官方產業別(MOPS t05st03)=1|融資券(MI_MARGN)=1|借券(TWT93U)=1|法人(T86)=1",1005,inf,250.0,official_prepanel,103.6,1.0,0.0,0.0,1,0,0.0,8.442,-0.866,170.0,0,未扣成本·事後欄位以 m_ 標示·非投資建議
HC,3,2026-09-10,2026-09-11,2468,華經,TWSE,S,,fV300,S1@5,145,350,漏網,932,-4.669458,,atr14=0.210|n_lu_250=0.675|r20=0.365|c_ma120=0.287|vr20=0.372|days_since_lu=0.550|dt_ratio20=0.449|lend_to_v=0.758|rev_yoy=0.357|o_turn=0.240|o_log_mcap=0.041|o_lu_follow=0.499,"官方日成交結構(MI_INDEX/dailyQuotes)=1|發行股數(MI_QFIIS/dailyQuotes)=1|外資持股(MI_QFIIS,僅上市)=1|自營商(T86/上櫃三大法人)=1|當沖(TWTB4U/上櫃intraday)=1|季財報(MOPS t163sb04)=1|月營收(MOPS/openapi)=1|官方產業別(MOPS t05st03)=1|融資券(MI_MARGN)=1|借券(TWT93U)=1|法人(T86)=1",1009,inf,250.0,official_prepanel,261.6,2.0,0.0,0.0,0,1,8.485,26.364,40.152,4234.0,0,未扣成本·事後欄位以 m_ 標示·非投資建議
HC,3,2026-09-10,2026-09-11,6148,驊宏資,TPEx,S,,fV300,S1@5,135,350,漏網,867,-4.564383,,atr14=0.194|n_lu_250=0.705|r20=0.488|c_ma120=0.212|vr20=0.280|days_since_lu=0.355|dt_ratio20=NaN|lend_to_v=0.868|rev_yoy=0.012|o_turn=0.124|o_log_mcap=0.008|o_lu_follow=0.471,"官方日成交結構(MI_INDEX/dailyQuotes)=1|發行股數(MI_QFIIS/dailyQuotes)=1|外資持股(MI_QFIIS,僅上市)=0|自營商(T86/上櫃三大法人)=1|當沖(TWTB4U/上櫃intraday)=1|季財報(MOPS t163sb04)=1|月營收(MOPS/openapi)=1|官方產業別(MOPS t05st03)=1|融資券(MI_MARGN)=1|借券(TWT93U)=1|法人(T86)=1",1009,inf,250.0,official_prepanel,120.3,1.0,0.0,0.0,0,1,10.124,28.774,39.254,1775.0,0,未扣成本·事後欄位以 m_ 標示·非投資建議
HC,3,2026-09-11,2026-09-14,5202,力新,TPEx,S,,fV300,S1@5,10,351,漏網,1181,-2.869594,,atr14=0.160|n_lu_250=0.505|r20=0.450|c_ma120=0.220|vr20=0.970|days_since_lu=0.555|dt_ratio20=NaN|lend_to_v=0.783|rev_yoy=0.502|o_turn=0.433|o_log_mcap=0.004|o_lu_follow=0.050,"官方日成交結構(MI_INDEX/dailyQuotes)=1|發行股數(MI_QFIIS/dailyQuotes)=1|外資持股(MI_QFIIS,僅上市)=0|自營商(T86/上櫃三大法人)=1|當沖(TWTB4U/上櫃intraday)=1|季財報(MOPS t163sb04)=1|月營收(MOPS/openapi)=1|官方產業別(MOPS t05st03)=1|融資券(MI_MARGN)=1|借券(TWT93U)=1|法人(T86)=1",1010,inf,250.0,official_prepanel,124.85,1.0,0.0,0.0,0,1,6.173,26.749,17.284,1030.0,0,未扣成本·事後欄位以 m_ 標示·非投資建議
HC,3,2026-09-14,2026-09-15,6945,圓祥生技,TPEx,S,,fV300|fH125,S1@5,44,354,漏網,1908,-3.967433,,atr14=0.516|n_lu_250=0.198|r20=0.553|c_ma120=NaN|vr20=0.655|days_since_lu=0.522|dt_ratio20=NaN|lend_to_v=NaN|rev_yoy=NaN|o_turn=0.150|o_log_mcap=0.350|o_lu_follow=0.387,"官方日成交結構(MI_INDEX/dailyQuotes)=1|發行股數(MI_QFIIS/dailyQuotes)=1|外資持股(MI_QFIIS,僅上市)=0|自營商(T86/上櫃三大法人)=1|當沖(TWTB4U/上櫃intraday)=0|季財報(MOPS t163sb04)=0|月營收(MOPS/openapi)=0|官方產業別(MOPS t05st03)=1|融資券(MI_MARGN)=0|借券(TWT93U)=0|法人(T86)=1",70,70.0,70.0,official,190.35,1.0,0.0,0.0,0,1,9.5,35.0,48.5,835.0,0,未扣成本·事後欄位以 m_ 標示·非投資建議
HC,3,2026-09-15,2026-09-16,3138,耀登,TWSE,S,,fV300,S1@5,66,362,漏網,1272,-4.013982,,atr14=0.380|n_lu_250=0.726|r20=0.166|c_ma120=0.005|vr20=0.766|days_since_lu=0.734|dt_ratio20=0.487|lend_to_v=0.864|rev_yoy=0.126|o_turn=0.282|o_log_mcap=0.177|o_lu_follow=0.855,"官方日成交結構(MI_INDEX/dailyQuotes)=1|發行股數(MI_QFIIS/dailyQuotes)=1|外資持股(MI_QFIIS,僅上市)=1|自營商(T86/上櫃三大法人)=1|當沖(TWTB4U/上櫃intraday)=1|季財報(MOPS t163sb04)=1|月營收(MOPS/openapi)=1|官方產業別(MOPS t05st03)=1|融資券(MI_MARGN)=1|借券(TWT93U)=1|法人(T86)=1",1012,inf,250.0,official_prepanel,129.05,1.0,0.0,0.0,0,1,3.37,8.696,7.609,192.0,0,未扣成本·事後欄位以 m_ 標示·非投資建議
HC,3,2026-09-16,2026-09-17,3287,廣寰科,TPEx,S,,fV300,S1@5,74,364,漏網,571,-3.885652,,atr14=0.340|n_lu_250=0.415|r20=0.307|c_ma120=0.825|vr20=0.047|days_since_lu=0.266|dt_ratio20=NaN|lend_to_v=0.106|rev_yoy=0.266|o_turn=0.200|o_log_mcap=0.011|o_lu_follow=0.122,"官方日成交結構(MI_INDEX/dailyQuotes)=1|發行股數(MI_QFIIS/dailyQuotes)=1|外資持股(MI_QFIIS,僅上市)=0|自營商(T86/上櫃三大法人)=1|當沖(TWTB4U/上櫃intraday)=1|季財報(MOPS t163sb04)=1|月營收(MOPS/openapi)=1|官方產業別(MOPS t05st03)=1|融資券(MI_MARGN)=1|借券(TWT93U)=1|法人(T86)=1",1013,inf,250.0,official_prepanel,286.05,2.0,0.0,0.0,0,1,8.604,16.643,18.618,906.0,0,未扣成本·事後欄位以 m_ 標示·非投資建議
HC,3,2026-09-16,2026-09-17,6204,艾華,TPEx,S,,fV300,S1@5,70,364,漏網,158,-3.735907,,atr14=0.636|n_lu_250=0.519|r20=0.854|c_ma120=0.751|vr20=0.606|days_since_lu=0.375|dt_ratio20=NaN|lend_to_v=0.304|rev_yoy=0.388|o_turn=0.760|o_log_mcap=0.029|o_lu_follow=0.052,"官方日成交結構(MI_INDEX/dailyQuotes)=1|發行股數(MI_QFIIS/dailyQuotes)=1|外資持股(MI_QFIIS,僅上市)=0|自營商(T86/上櫃三大法人)=1|當沖(TWTB4U/上櫃intraday)=1|季財報(MOPS t163sb04)=1|月營收(MOPS/openapi)=1|官方產業別(MOPS t05st03)=1|融資券(MI_MARGN)=1|借券(TWT93U)=1|法人(T86)=1",1013,inf,250.0,official_prepanel,270.95,2.0,0.0,0.0,0,1,5.708,3.594,16.279,649.0,0,未扣成本·事後欄位以 m_ 標示·非投資建議
HC,3,2026-09-17,2026-09-18,3297,杭特,TPEx,S,,fV300,S1@5,12,363,漏網,260,-2.124614,,atr14=0.606|n_lu_250=0.551|r20=0.869|c_ma120=0.451|vr20=0.971|days_since_lu=0.026|dt_ratio20=NaN|lend_to_v=0.385|rev_yoy=0.300|o_turn=0.794|o_log_mcap=0.004|o_lu_follow=0.033,"官方日成交結構(MI_INDEX/dailyQuotes)=1|發行股數(MI_QFIIS/dailyQuotes)=1|外資持股(MI_QFIIS,僅上市)=0|自營商(T86/上櫃三大法人)=1|當沖(TWTB4U/上櫃intraday)=1|季財報(MOPS t163sb04)=1|月營收(MOPS/openapi)=1|官方產業別(MOPS t05st03)=1|融資券(MI_MARGN)=1|借券(TWT93U)=1|法人(T86)=1",1014,inf,250.0,official_prepanel,196.4,1.0,0.0,0.0,0,1,7.642,11.707,,1089.0,0,未扣成本·事後欄位以 m_ 標示·非投資建議
HC,3,2026-09-17,2026-09-18,3508,位速,TPEx,S,,fV300,S1@5,9,363,漏網,469,-2.043356,,atr14=0.737|n_lu_250=0.835|r20=0.035|c_ma120=0.576|vr20=0.277|days_since_lu=0.226|dt_ratio20=NaN|lend_to_v=0.014|rev_yoy=0.804|o_turn=0.167|o_log_mcap=0.036|o_lu_follow=0.913,"官方日成交結構(MI_INDEX/dailyQuotes)=1|發行股數(MI_QFIIS/dailyQuotes)=1|外資持股(MI_QFIIS,僅上市)=0|自營商(T86/上櫃三大法人)=1|當沖(TWTB4U/上櫃intraday)=0|季財報(MOPS t163sb04)=1|月營收(MOPS/openapi)=1|官方產業別(MOPS t05st03)=1|融資券(MI_MARGN)=1|借券(TWT93U)=1|法人(T86)=1",1014,inf,250.0,official_prepanel,284.55,2.0,0.0,0.0,0,1,9.447,20.737,,672.0,0,未扣成本·事後欄位以 m_ 標示·非投資建議
HC,3,2026-09-17,2026-09-18,4951,精拓科,TPEx,S,,fV300,S1@5,49,363,漏網,567,-3.27233,,atr14=0.374|n_lu_250=0.512|r20=0.782|c_ma120=0.209|vr20=0.931|days_since_lu=0.748|dt_ratio20=NaN|lend_to_v=0.777|rev_yoy=0.223|o_turn=0.741|o_log_mcap=0.054|o_lu_follow=1.000,"官方日成交結構(MI_INDEX/dailyQuotes)=1|發行股數(MI_QFIIS/dailyQuotes)=1|外資持股(MI_QFIIS,僅上市)=0|自營商(T86/上櫃三大法人)=1|當沖(TWTB4U/上櫃intraday)=1|季財報(MOPS t163sb04)=1|月營收(MOPS/openapi)=1|官方產業別(MOPS t05st03)=1|融資券(MI_MARGN)=1|借券(TWT93U)=1|法人(T86)=1",938,938.0,250.0,official,200.2,2.0,0.0,0.0,0,1,9.277,6.265,,795.0,0,未扣成本·事後欄位以 m_ 標示·非投資建議
HC,3,2026-09-17,2026-09-18,6234,高僑,TPEx,S,,fV300,S1@5,44,363,漏網,608,-3.139087,,atr14=0.630|n_lu_250=0.729|r20=0.496|c_ma120=0.103|vr20=0.312|days_since_lu=0.325|dt_ratio20=NaN|lend_to_v=0.676|rev_yoy=0.805|o_turn=0.115|o_log_mcap=0.085|o_lu_follow=0.857,"官方日成交結構(MI_INDEX/dailyQuotes)=1|發行股數(MI_QFIIS/dailyQuotes)=1|外資持股(MI_QFIIS,僅上市)=0|自營商(T86/上櫃三大法人)=1|當沖(TWTB4U/上櫃intraday)=1|季財報(MOPS t163sb04)=1|月營收(MOPS/openapi)=1|官方產業別(MOPS t05st03)=1|融資券(MI_MARGN)=1|借券(TWT93U)=1|法人(T86)=1",1014,inf,250.0,official_prepanel,247.05,2.0,0.0,0.0,0,1,10.0,8.143,,1263.0,0,未扣成本·事後欄位以 m_ 標示·非投資建議
HC,3,2026-09-17,2026-09-18,6485,點序,TPEx,S,,fV300,S1@5,35,363,漏網,764,-2.789062,,atr14=0.401|n_lu_250=0.867|r20=0.474|c_ma120=0.019|vr20=0.887|days_since_lu=0.445|dt_ratio20=NaN|lend_to_v=0.862|rev_yoy=0.432|o_turn=0.565|o_log_mcap=0.054|o_lu_follow=0.427,"官方日成交結構(MI_INDEX/dailyQuotes)=1|發行股數(MI_QFIIS/dailyQuotes)=1|外資持股(MI_QFIIS,僅上市)=0|自營商(T86/上櫃三大法人)=1|當沖(TWTB4U/上櫃intraday)=1|季財報(MOPS t163sb04)=1|月營收(MOPS/openapi)=1|官方產業別(MOPS t05st03)=1|融資券(MI_MARGN)=1|借券(TWT93U)=1|法人(T86)=1",1014,inf,250.0,official_prepanel,181.3,1.0,0.0,0.0,0,1,7.934,15.868,,1288.0,0,未扣成本·事後欄位以 m_ 標示·非投資建議
SEL,1,2025-01-06,2025-01-07,6672,騰輝電子-KY,TWSE,S,,fV300,S2@5,204,348,漏網,1481,-5.502029,,atr14=0.248|n_lu_250=0.145|r20=0.427|c_ma120=0.332|vr20=0.584|days_since_lu=0.749|dt_ratio20=0.094|lend_to_v=0.845|rev_yoy=0.202|o_turn=0.246|o_log_mcap=0.221|o_lu_follow=0.680,"官方日成交結構(MI_INDEX/dailyQuotes)=1|發行股數(MI_QFIIS/dailyQuotes)=1|外資持股(MI_QFIIS,僅上市)=1|自營商(T86/上櫃三大法人)=1|當沖(TWTB4U/上櫃intraday)=1|季財報(MOPS t163sb04)=1|月營收(MOPS/openapi)=1|官方產業別(MOPS t05st03)=1|融資券(MI_MARGN)=1|借券(TWT93U)=1|法人(T86)=1",602,inf,250.0,official_prepanel,175.95,1.0,0.0,0.0,0,1,5.856,19.67,22.973,475.0,0,未扣成本·事後欄位以 m_ 標示·非投資建議
SEL,1,2025-01-09,2025-01-10,5432,新門,TPEx,S,,fV300,S2@5,6,347,漏網,880,-2.414079,,atr14=0.979|n_lu_250=0.881|r20=0.002|c_ma120=0.001|vr20=0.758|days_since_lu=0.569|dt_ratio20=NaN|lend_to_v=0.213|rev_yoy=0.046|o_turn=0.696|o_log_mcap=0.068|o_lu_follow=0.468,"官方日成交結構(MI_INDEX/dailyQuotes)=1|發行股數(MI_QFIIS/dailyQuotes)=1|外資持股(MI_QFIIS,僅上市)=0|自營商(T86/上櫃三大法人)=1|當沖(TWTB4U/上櫃intraday)=1|季財報(MOPS t163sb04)=1|月營收(MOPS/openapi)=1|官方產業別(MOPS t05st03)=1|融資券(MI_MARGN)=1|借券(TWT93U)=1|法人(T86)=1",605,inf,250.0,official_prepanel,169.05,1.0,0.0,0.0,0,1,8.676,11.872,10.502,317.0,0,未扣成本·事後欄位以 m_ 標示·非投資建議
SEL,1,2025-01-22,2025-02-03,6148,驊宏資,TPEx,S,,fV300,S2@5,138,374,漏網,345,-5.066684,,atr14=0.664|n_lu_250=0.702|r20=0.504|c_ma120=0.502|vr20=0.578|days_since_lu=0.234|dt_ratio20=NaN|lend_to_v=0.594|rev_yoy=0.941|o_turn=0.454|o_log_mcap=0.005|o_lu_follow=0.501,"官方日成交結構(MI_INDEX/dailyQuotes)=1|發行股數(MI_QFIIS/dailyQuotes)=1|外資持股(MI_QFIIS,僅上市)=0|自營商(T86/上櫃三大法人)=1|當沖(TWTB4U/上櫃intraday)=1|季財報(MOPS t163sb04)=1|月營收(MOPS/openapi)=1|官方產業別(MOPS t05st03)=1|融資券(MI_MARGN)=1|借券(TWT93U)=1|法人(T86)=1",614,inf,250.0,official_prepanel,208.7,2.0,0.0,0.0,0,1,10.099,58.218,50.891,1299.0,0,未扣成本·事後欄位以 m_ 標示·非投資建議
SEL,1,2025-02-04,2025-02-05,6113,亞矽,TPEx,S,,fV300,S2@5,29,366,漏網,1119,-3.306507,,atr14=0.582|n_lu_250=0.930|r20=0.026|c_ma120=0.008|vr20=0.363|days_since_lu=0.465|dt_ratio20=NaN|lend_to_v=0.424|rev_yoy=0.041|o_turn=0.146|o_log_mcap=0.001|o_lu_follow=0.938,"官方日成交結構(MI_INDEX/dailyQuotes)=1|發行股數(MI_QFIIS/dailyQuotes)=1|外資持股(MI_QFIIS,僅上市)=0|自營商(T86/上櫃三大法人)=1|當沖(TWTB4U/上櫃intraday)=1|季財報(MOPS t163sb04)=1|月營收(MOPS/openapi)=1|官方產業別(MOPS t05st03)=1|融資券(MI_MARGN)=1|借券(TWT93U)=1|法人(T86)=1",616,inf,250.0,official_prepanel,116.0,1.0,0.0,0.0,0,1,7.362,42.331,38.037,220.0,0,未扣成本·事後欄位以 m_ 標示·非投資建議
SEL,1,2025-02-07,2025-02-10,1453,大將,TWSE,S,,fV300,S2@5,168,375,漏網,1171,-4.965628,,atr14=0.260|n_lu_250=0.902|r20=0.246|c_ma120=0.072|vr20=0.120|days_since_lu=0.562|dt_ratio20=0.012|lend_to_v=0.716|rev_yoy=0.000|o_turn=0.013|o_log_mcap=0.013|o_lu_follow=0.988,"官方日成交結構(MI_INDEX/dailyQuotes)=1|發行股數(MI_QFIIS/dailyQuotes)=1|外資持股(MI_QFIIS,僅上市)=1|自營商(T86/上櫃三大法人)=1|當沖(TWTB4U/上櫃intraday)=1|季財報(MOPS t163sb04)=1|月營收(MOPS/openapi)=1|官方產業別(MOPS t05st03)=1|融資券(MI_MARGN)=1|借券(TWT93U)=1|法人(T86)=1",619,inf,250.0,official_prepanel,104.0,1.0,0.0,0.0,0,1,7.241,24.483,21.379,355.0,0,未扣成本·事後欄位以 m_ 標示·非投資建議
SEL,1,2025-02-13,2025-02-14,8467,波力-KY,TWSE,S,,fV300,S2@5,135,363,漏網,710,-4.574755,,atr14=0.860|n_lu_250=0.888|r20=0.010|c_ma120=0.269|vr20=0.131|days_since_lu=0.380|dt_ratio20=0.641|lend_to_v=0.379|rev_yoy=0.617|o_turn=0.192|o_log_mcap=0.500|o_lu_follow=0.865,"官方日成交結構(MI_INDEX/dailyQuotes)=1|發行股數(MI_QFIIS/dailyQuotes)=1|外資持股(MI_QFIIS,僅上市)=1|自營商(T86/上櫃三大法人)=1|當沖(TWTB4U/上櫃intraday)=1|季財報(MOPS t163sb04)=1|月營收(MOPS/openapi)=1|官方產業別(MOPS t05st03)=1|融資券(MI_MARGN)=1|借券(TWT93U)=1|法人(T86)=1",623,inf,250.0,official_prepanel,234.45,2.0,0.0,0.0,0,1,2.06,1.873,0.187,211.0,0,未扣成本·事後欄位以 m_ 標示·非投資建議
SEL,1,2025-02-14,2025-02-17,4426,利勤,TWSE,S,,fV300,S2@5,125,357,漏網,1353,-4.70299,,atr14=0.211|n_lu_250=0.342|r20=0.530|c_ma120=0.060|vr20=0.602|days_since_lu=0.674|dt_ratio20=0.075|lend_to_v=0.982|rev_yoy=0.137|o_turn=0.028|o_log_mcap=0.028|o_lu_follow=0.374,"官方日成交結構(MI_INDEX/dailyQuotes)=1|發行股數(MI_QFIIS/dailyQuotes)=1|外資持股(MI_QFIIS,僅上市)=1|自營商(T86/上櫃三大法人)=1|當沖(TWTB4U/上櫃intraday)=1|季財報(MOPS t163sb04)=1|月營收(MOPS/openapi)=1|官方產業別(MOPS t05st03)=1|融資券(MI_MARGN)=1|借券(TWT93U)=1|法人(T86)=1",624,inf,250.0,official_prepanel,101.7,1.0,0.0,0.0,0,1,8.257,34.404,38.532,592.0,0,未扣成本·事後欄位以 m_ 標示·非投資建議
SEL,1,2025-03-06,2025-03-07,3528,安馳,TWSE,S,,fV300,S2@5,100,323,漏網,705,-4.859676,,atr14=0.140|n_lu_250=0.142|r20=0.782|c_ma120=0.768|vr20=0.859|days_since_lu=0.825|dt_ratio20=0.078|lend_to_v=0.338|rev_yoy=0.704|o_turn=0.423|o_log_mcap=0.168|o_lu_follow=0.681,"官方日成交結構(MI_INDEX/dailyQuotes)=1|發行股數(MI_QFIIS/dailyQuotes)=1|外資持股(MI_QFIIS,僅上市)=1|自營商(T86/上櫃三大法人)=1|當沖(TWTB4U/上櫃intraday)=1|季財報(MOPS t163sb04)=1|月營收(MOPS/openapi)=1|官方產業別(MOPS t05st03)=1|融資券(MI_MARGN)=1|借券(TWT93U)=1|法人(T86)=1",637,inf,250.0,official_prepanel,168.25,1.0,0.0,0.0,0,1,9.609,35.053,56.05,4828.0,0,未扣成本·事後欄位以 m_ 標示·非投資建議
SEL,1,2025-03-25,2025-03-26,2438,翔耀,TWSE,S,,fV300,S2@5,7,357,漏網,833,-2.110951,,atr14=0.924|n_lu_250=0.974|r20=0.013|c_ma120=0.019|vr20=0.598|days_since_lu=0.181|dt_ratio20=NaN|lend_to_v=0.013|rev_yoy=0.925|o_turn=0.210|o_log_mcap=0.031|o_lu_follow=0.976,"官方日成交結構(MI_INDEX/dailyQuotes)=1|發行股數(MI_QFIIS/dailyQuotes)=1|外資持股(MI_QFIIS,僅上市)=1|自營商(T86/上櫃三大法人)=1|當沖(TWTB4U/上櫃intraday)=0|季財報(MOPS t163sb04)=1|月營收(MOPS/openapi)=1|官方產業別(MOPS t05st03)=1|融資券(MI_MARGN)=1|借券(TWT93U)=1|法人(T86)=1",650,inf,250.0,official_prepanel,151.0,1.0,0.0,0.0,0,1,9.434,3.774,-14.751,398.0,0,未扣成本·事後欄位以 m_ 標示·非投資建議
SEL,2,2025-04-11,2025-04-14,3219,倚強科,TPEx,S,,fV300,S2@5,8,376,漏網,829,-2.337224,,atr14=0.933|n_lu_250=0.954|r20=0.031|c_ma120=0.009|vr20=0.953|days_since_lu=0.887|dt_ratio20=NaN|lend_to_v=0.171|rev_yoy=0.943|o_turn=0.321|o_log_mcap=0.071|o_lu_follow=0.975,"官方日成交結構(MI_INDEX/dailyQuotes)=1|發行股數(MI_QFIIS/dailyQuotes)=1|外資持股(MI_QFIIS,僅上市)=0|自營商(T86/上櫃三大法人)=1|當沖(TWTB4U/上櫃intraday)=1|季財報(MOPS t163sb04)=1|月營收(MOPS/openapi)=1|官方產業別(MOPS t05st03)=1|融資券(MI_MARGN)=1|借券(TWT93U)=1|法人(T86)=1",661,inf,250.0,official_prepanel,118.9,1.0,0.0,0.0,0,1,5.926,17.778,37.963,143.0,0,未扣成本·事後欄位以 m_ 標示·非投資建議
SEL,2,2025-04-14,2025-04-15,5210,寶碩,TPEx,S,,fV300,S2@5,63,370,漏網,443,-3.644184,,atr14=0.274|n_lu_250=0.849|r20=0.714|c_ma120=0.338|vr20=0.130|days_since_lu=0.419|dt_ratio20=NaN|lend_to_v=0.010|rev_yoy=0.464|o_turn=0.114|o_log_mcap=0.053|o_lu_follow=0.955,"官方日成交結構(MI_INDEX/dailyQuotes)=1|發行股數(MI_QFIIS/dailyQuotes)=1|外資持股(MI_QFIIS,僅上市)=0|自營商(T86/上櫃三大法人)=1|當沖(TWTB4U/上櫃intraday)=0|季財報(MOPS t163sb04)=1|月營收(MOPS/openapi)=1|官方產業別(MOPS t05st03)=1|融資券(MI_MARGN)=1|借券(TWT93U)=1|法人(T86)=1",662,inf,250.0,official_prepanel,251.65,2.0,0.0,0.0,0,1,9.346,21.495,20.794,224.0,0,未扣成本·事後欄位以 m_ 標示·非投資建議
SEL,2,2025-04-14,2025-04-15,6629,泰金-KY,TPEx,S,,fV300,S2@5,75,370,漏網,1584,-3.737415,,atr14=0.355|n_lu_250=0.820|r20=0.047|c_ma120=0.137|vr20=1.000|days_since_lu=0.419|dt_ratio20=NaN|lend_to_v=0.268|rev_yoy=0.462|o_turn=0.853|o_log_mcap=0.175|o_lu_follow=0.674,"官方日成交結構(MI_INDEX/dailyQuotes)=1|發行股數(MI_QFIIS/dailyQuotes)=1|外資持股(MI_QFIIS,僅上市)=0|自營商(T86/上櫃三大法人)=1|當沖(TWTB4U/上櫃intraday)=1|季財報(MOPS t163sb04)=1|月營收(MOPS/openapi)=1|官方產業別(MOPS t05st03)=1|融資券(MI_MARGN)=1|借券(TWT93U)=1|法人(T86)=1",662,inf,250.0,official_prepanel,100.55,1.0,0.0,0.0,0,1,6.532,17.933,27.672,118.0,0,未扣成本·事後欄位以 m_ 標示·非投資建議
SEL,2,2025-04-17,2025-04-18,5489,彩富,TPEx,S,,fV300,S2@5,22,384,漏網,241,-3.094092,,atr14=0.244|n_lu_250=0.210|r20=0.989|c_ma120=0.981|vr20=0.999|days_since_lu=0.038|dt_ratio20=NaN|lend_to_v=0.044|rev_yoy=0.196|o_turn=0.905|o_log_mcap=0.267|o_lu_follow=0.553,"官方日成交結構(MI_INDEX/dailyQuotes)=1|發行股數(MI_QFIIS/dailyQuotes)=1|外資持股(MI_QFIIS,僅上市)=0|自營商(T86/上櫃三大法人)=1|當沖(TWTB4U/上櫃intraday)=1|季財報(MOPS t163sb04)=1|月營收(MOPS/openapi)=1|官方產業別(MOPS t05st03)=1|融資券(MI_MARGN)=1|借券(TWT93U)=1|法人(T86)=1",665,inf,250.0,official_prepanel,299.5,2.0,0.0,1.0,0,1,8.471,30.033,29.153,715.0,0,未扣成本·事後欄位以 m_ 標示·非投資建議
SEL,2,2025-04-21,2025-04-22,3686,達能,TWSE,S,,fV300,S2@5,53,386,漏網,346,-3.564451,,atr14=0.620|n_lu_250=0.979|r20=0.581|c_ma120=0.255|vr20=0.415|days_since_lu=0.089|dt_ratio20=NaN|lend_to_v=0.009|rev_yoy=0.046|o_turn=0.213|o_log_mcap=0.009|o_lu_follow=0.969,"官方日成交結構(MI_INDEX/dailyQuotes)=1|發行股數(MI_QFIIS/dailyQuotes)=1|外資持股(MI_QFIIS,僅上市)=1|自營商(T86/上櫃三大法人)=1|當沖(TWTB4U/上櫃intraday)=0|季財報(MOPS t163sb04)=1|月營收(MOPS/openapi)=1|官方產業別(MOPS t05st03)=1|融資券(MI_MARGN)=1|借券(TWT93U)=1|法人(T86)=1",667,inf,250.0,official_prepanel,202.25,2.0,0.0,0.0,0,1,15.356,19.85,18.352,350.0,0,未扣成本·事後欄位以 m_ 標示·非投資建議
SEL,2,2025-04-22,2025-04-23,8059,凱碩,TPEx,S,,fV300,S2@5,18,382,漏網,944,-3.081731,,atr14=0.970|n_lu_250=0.882|r20=0.015|c_ma120=0.034|vr20=0.256|days_since_lu=0.052|dt_ratio20=NaN|lend_to_v=0.009|rev_yoy=0.943|o_turn=0.055|o_log_mcap=0.234|o_lu_follow=0.412,"官方日成交結構(MI_INDEX/dailyQuotes)=1|發行股數(MI_QFIIS/dailyQuotes)=1|外資持股(MI_QFIIS,僅上市)=0|自營商(T86/上櫃三大法人)=1|當沖(TWTB4U/上櫃intraday)=0|季財報(MOPS t163sb04)=1|月營收(MOPS/openapi)=1|官方產業別(MOPS t05st03)=1|融資券(MI_MARGN)=1|借券(TWT93U)=1|法人(T86)=1",668,inf,250.0,official_prepanel,283.45,2.0,0.0,0.0,1,0,0.0,18.625,13.747,107.0,0,未扣成本·事後欄位以 m_ 標示·非投資建議
SEL,2,2025-04-23,2025-04-24,6218,豪勉,TPEx,S,,fV300,S2@5,24,372,漏網,954,-3.094264,,atr14=0.911|n_lu_250=0.836|r20=0.127|c_ma120=0.035|vr20=0.871|days_since_lu=0.893|dt_ratio20=NaN|lend_to_v=0.464|rev_yoy=0.627|o_turn=0.569|o_log_mcap=0.009|o_lu_follow=0.992,"官方日成交結構(MI_INDEX/dailyQuotes)=1|發行股數(MI_QFIIS/dailyQuotes)=1|外資持股(MI_QFIIS,僅上市)=0|自營商(T86/上櫃三大法人)=1|當沖(TWTB4U/上櫃intraday)=1|季財報(MOPS t163sb04)=1|月營收(MOPS/openapi)=1|官方產業別(MOPS t05st03)=1|融資券(MI_MARGN)=1|借券(TWT93U)=1|法人(T86)=1",669,inf,250.0,official_prepanel,223.15,2.0,0.0,0.0,0,1,9.322,17.797,16.384,244.0,0,未扣成本·事後欄位以 m_ 標示·非投資建議
SEL,2,2025-04-23,2025-04-24,7714,創泓科技,TPEx,S,,fV300|fH125,S2@5,8,372,漏網,1803,-2.315557,,atr14=0.875|n_lu_250=0.426|r20=0.996|c_ma120=NaN|vr20=0.523|days_since_lu=0.057|dt_ratio20=NaN|lend_to_v=NaN|rev_yoy=0.974|o_turn=0.653|o_log_mcap=0.068|o_lu_follow=0.326,"官方日成交結構(MI_INDEX/dailyQuotes)=1|發行股數(MI_QFIIS/dailyQuotes)=1|外資持股(MI_QFIIS,僅上市)=0|自營商(T86/上櫃三大法人)=1|當沖(TWTB4U/上櫃intraday)=0|季財報(MOPS t163sb04)=1|月營收(MOPS/openapi)=1|官方產業別(MOPS t05st03)=1|融資券(MI_MARGN)=0|借券(TWT93U)=0|法人(T86)=1",61,61.0,61.0,official,163.45,1.0,0.0,0.0,0,1,11.222,47.295,47.295,341.0,0,未扣成本·事後欄位以 m_ 標示·非投資建議
SEL,2,2025-04-24,2025-04-25,3066,李洲,TPEx,S,,fV300,S2@5,73,374,漏網,1412,-3.87891,,atr14=0.553|n_lu_250=0.887|r20=0.053|c_ma120=0.037|vr20=0.378|days_since_lu=0.487|dt_ratio20=NaN|lend_to_v=0.546|rev_yoy=0.636|o_turn=0.152|o_log_mcap=0.013|o_lu_follow=0.865,"官方日成交結構(MI_INDEX/dailyQuotes)=1|發行股數(MI_QFIIS/dailyQuotes)=1|外資持股(MI_QFIIS,僅上市)=0|自營商(T86/上櫃三大法人)=1|當沖(TWTB4U/上櫃intraday)=1|季財報(MOPS t163sb04)=1|月營收(MOPS/openapi)=1|官方產業別(MOPS t05st03)=1|融資券(MI_MARGN)=1|借券(TWT93U)=1|法人(T86)=1",670,inf,250.0,official_prepanel,160.55,1.0,0.0,0.0,0,1,8.202,14.826,10.095,407.0,0,未扣成本·事後欄位以 m_ 標示·非投資建議
SEL,2,2025-04-24,2025-04-25,6167,久正,TPEx,S,,fV300,S2@5,139,374,漏網,1743,-4.427619,,atr14=0.424|n_lu_250=0.216|r20=0.252|c_ma120=0.203|vr20=0.238|days_since_lu=0.487|dt_ratio20=NaN|lend_to_v=0.734|rev_yoy=0.219|o_turn=0.083|o_log_mcap=0.040|o_lu_follow=0.540,"官方日成交結構(MI_INDEX/dailyQuotes)=1|發行股數(MI_QFIIS/dailyQuotes)=1|外資持股(MI_QFIIS,僅上市)=0|自營商(T86/上櫃三大法人)=1|當沖(TWTB4U/上櫃intraday)=1|季財報(MOPS t163sb04)=1|月營收(MOPS/openapi)=1|官方產業別(MOPS t05st03)=1|融資券(MI_MARGN)=1|借券(TWT93U)=1|法人(T86)=1",670,inf,250.0,official_prepanel,271.95,2.0,0.0,0.0,0,1,6.422,13.761,10.092,602.0,0,未扣成本·事後欄位以 m_ 標示·非投資建議
SEL,2,2025-04-25,2025-04-28,6739,竹陞科技,TPEx,S,,fV300,S2@5,18,373,漏網,268,-2.626669,,atr14=0.931|n_lu_250=0.797|r20=0.378|c_ma120=0.685|vr20=0.968|days_since_lu=0.485|dt_ratio20=NaN|lend_to_v=0.109|rev_yoy=0.915|o_turn=0.837|o_log_mcap=0.249|o_lu_follow=0.716,"官方日成交結構(MI_INDEX/dailyQuotes)=1|發行股數(MI_QFIIS/dailyQuotes)=1|外資持股(MI_QFIIS,僅上市)=0|自營商(T86/上櫃三大法人)=1|當沖(TWTB4U/上櫃intraday)=1|季財報(MOPS t163sb04)=1|月營收(MOPS/openapi)=1|官方產業別(MOPS t05st03)=1|融資券(MI_MARGN)=0|借券(TWT93U)=1|法人(T86)=1",154,154.0,154.0,official,149.35,1.0,0.0,0.0,0,1,7.805,21.951,40.976,430.0,0,未扣成本·事後欄位以 m_ 標示·非投資建議
SEL,2,2025-04-28,2025-04-29,3073,天方能源,TPEx,S,,fV300,S2@5,19,368,漏網,724,-2.767392,,atr14=0.965|n_lu_250=0.995|r20=0.069|c_ma120=0.002|vr20=0.182|days_since_lu=0.034|dt_ratio20=NaN|lend_to_v=0.122|rev_yoy=0.821|o_turn=0.207|o_log_mcap=0.011|o_lu_follow=0.985,"官方日成交結構(MI_INDEX/dailyQuotes)=1|發行股數(MI_QFIIS/dailyQuotes)=1|外資持股(MI_QFIIS,僅上市)=0|自營商(T86/上櫃三大法人)=1|當沖(TWTB4U/上櫃intraday)=1|季財報(MOPS t163sb04)=1|月營收(MOPS/openapi)=1|官方產業別(MOPS t05st03)=1|融資券(MI_MARGN)=1|借券(TWT93U)=1|法人(T86)=1",672,inf,250.0,official_prepanel,130.05,1.0,0.0,0.0,0,1,9.861,58.706,58.706,204.0,0,未扣成本·事後欄位以 m_ 標示·非投資建議
SEL,2,2025-04-30,2025-05-02,9902,台火,TWSE,S,,fV300,S2@5,212,386,漏網,1209,-4.781276,,atr14=0.188|n_lu_250=0.841|r20=0.259|c_ma120=0.292|vr20=0.034|days_since_lu=0.518|dt_ratio20=0.006|lend_to_v=0.729|rev_yoy=0.040|o_turn=0.012|o_log_mcap=0.012|o_lu_follow=0.682,"官方日成交結構(MI_INDEX/dailyQuotes)=1|發行股數(MI_QFIIS/dailyQuotes)=1|外資持股(MI_QFIIS,僅上市)=1|自營商(T86/上櫃三大法人)=1|當沖(TWTB4U/上櫃intraday)=1|季財報(MOPS t163sb04)=1|月營收(MOPS/openapi)=1|官方產業別(MOPS t05st03)=1|融資券(MI_MARGN)=1|借券(TWT93U)=1|法人(T86)=1",674,inf,250.0,official_prepanel,128.75,1.0,0.0,0.0,0,1,8.302,15.472,13.585,943.0,0,未扣成本·事後欄位以 m_ 標示·非投資建議
SEL,2,2025-05-02,2025-05-05,2734,易飛網,TPEx,S,,fV300,S2@5,171,390,漏網,1513,-4.377413,,atr14=0.618|n_lu_250=0.420|r20=0.155|c_ma120=0.060|vr20=0.438|days_since_lu=0.525|dt_ratio20=NaN|lend_to_v=0.017|rev_yoy=0.037|o_turn=0.144|o_log_mcap=0.007|o_lu_follow=0.332,"官方日成交結構(MI_INDEX/dailyQuotes)=1|發行股數(MI_QFIIS/dailyQuotes)=1|外資持股(MI_QFIIS,僅上市)=0|自營商(T86/上櫃三大法人)=1|當沖(TWTB4U/上櫃intraday)=1|季財報(MOPS t163sb04)=1|月營收(MOPS/openapi)=1|官方產業別(MOPS t05st03)=1|融資券(MI_MARGN)=1|借券(TWT93U)=1|法人(T86)=1",675,inf,250.0,official_prepanel,108.15,1.0,0.0,0.0,0,1,7.379,37.15,40.458,1234.0,0,未扣成本·事後欄位以 m_ 標示·非投資建議
SEL,2,2025-05-02,2025-05-05,6482,弘煜科,TPEx,S,,fV300,S2@5,6,390,漏網,63,-1.880403,,atr14=0.935|n_lu_250=0.420|r20=0.997|c_ma120=0.993|vr20=0.878|days_since_lu=0.172|dt_ratio20=NaN|lend_to_v=NaN|rev_yoy=0.639|o_turn=0.817|o_log_mcap=0.031|o_lu_follow=0.332,"官方日成交結構(MI_INDEX/dailyQuotes)=1|發行股數(MI_QFIIS/dailyQuotes)=1|外資持股(MI_QFIIS,僅上市)=0|自營商(T86/上櫃三大法人)=1|當沖(TWTB4U/上櫃intraday)=0|季財報(MOPS t163sb04)=1|月營收(MOPS/openapi)=1|官方產業別(MOPS t05st03)=1|融資券(MI_MARGN)=0|借券(TWT93U)=0|法人(T86)=1",675,inf,250.0,official_prepanel,187.8,1.0,0.0,0.0,0,1,9.04,24.435,1.412,653.0,0,未扣成本·事後欄位以 m_ 標示·非投資建議
SEL,2,2025-05-06,2025-05-07,4545,銘鈺,TWSE,S,,fV300,S2@5,72,371,漏網,225,-4.028832,,atr14=0.660|n_lu_250=0.967|r20=0.800|c_ma120=0.278|vr20=0.766|days_since_lu=0.542|dt_ratio20=0.425|lend_to_v=0.357|rev_yoy=0.564|o_turn=0.372|o_log_mcap=0.116|o_lu_follow=0.906,"官方日成交結構(MI_INDEX/dailyQuotes)=1|發行股數(MI_QFIIS/dailyQuotes)=1|外資持股(MI_QFIIS,僅上市)=1|自營商(T86/上櫃三大法人)=1|當沖(TWTB4U/上櫃intraday)=1|季財報(MOPS t163sb04)=1|月營收(MOPS/openapi)=1|官方產業別(MOPS t05st03)=1|融資券(MI_MARGN)=1|借券(TWT93U)=1|法人(T86)=1",677,inf,250.0,official_prepanel,185.3,1.0,0.0,0.0,1,0,0.0,-6.373,-6.618,440.0,0,未扣成本·事後欄位以 m_ 標示·非投資建議
SEL,2,2025-05-07,2025-05-08,1516,川飛,TWSE,S,,fV300,S2@5,76,387,漏網,730,-4.143902,,atr14=0.434|n_lu_250=0.823|r20=0.269|c_ma120=0.474|vr20=0.001|days_since_lu=0.555|dt_ratio20=NaN|lend_to_v=0.107|rev_yoy=0.006|o_turn=0.003|o_log_mcap=0.000|o_lu_follow=0.895,"官方日成交結構(MI_INDEX/dailyQuotes)=1|發行股數(MI_QFIIS/dailyQuotes)=1|外資持股(MI_QFIIS,僅上市)=1|自營商(T86/上櫃三大法人)=1|當沖(TWTB4U/上櫃intraday)=0|季財報(MOPS t163sb04)=1|月營收(MOPS/openapi)=1|官方產業別(MOPS t05st03)=1|融資券(MI_MARGN)=1|借券(TWT93U)=1|法人(T86)=1",678,inf,250.0,official_prepanel,101.55,1.0,0.0,0.0,1,0,0.0,10.976,24.085,221.0,0,未扣成本·事後欄位以 m_ 標示·非投資建議
SEL,2,2025-05-07,2025-05-08,6499,益安,TPEx,S,,fV300,S2@5,88,387,漏網,161,-4.261335,,atr14=0.336|n_lu_250=0.641|r20=0.974|c_ma120=0.987|vr20=0.737|days_since_lu=0.169|dt_ratio20=NaN|lend_to_v=0.273|rev_yoy=0.953|o_turn=0.322|o_log_mcap=0.242|o_lu_follow=0.113,"官方日成交結構(MI_INDEX/dailyQuotes)=1|發行股數(MI_QFIIS/dailyQuotes)=1|外資持股(MI_QFIIS,僅上市)=0|自營商(T86/上櫃三大法人)=1|當沖(TWTB4U/上櫃intraday)=1|季財報(MOPS t163sb04)=1|月營收(MOPS/openapi)=1|官方產業別(MOPS t05st03)=1|融資券(MI_MARGN)=1|借券(TWT93U)=1|法人(T86)=1",678,inf,250.0,official_prepanel,206.4,2.0,0.0,0.0,1,0,0.0,40.917,72.134,241.0,0,未扣成本·事後欄位以 m_ 標示·非投資建議
SEL,2,2025-05-07,2025-05-08,6684,安格,TPEx,S,,fV300,S2@5,49,387,漏網,846,-3.697573,,atr14=0.712|n_lu_250=0.538|r20=0.511|c_ma120=0.117|vr20=0.394|days_since_lu=0.899|dt_ratio20=NaN|lend_to_v=0.679|rev_yoy=0.317|o_turn=0.283|o_log_mcap=0.047|o_lu_follow=0.194,"官方日成交結構(MI_INDEX/dailyQuotes)=1|發行股數(MI_QFIIS/dailyQuotes)=1|外資持股(MI_QFIIS,僅上市)=0|自營商(T86/上櫃三大法人)=1|當沖(TWTB4U/上櫃intraday)=1|季財報(MOPS t163sb04)=1|月營收(MOPS/openapi)=1|官方產業別(MOPS t05st03)=1|融資券(MI_MARGN)=1|借券(TWT93U)=1|法人(T86)=1",678,inf,250.0,official_prepanel,165.8,1.0,0.0,0.0,1,0,0.0,12.058,22.661,169.0,0,未扣成本·事後欄位以 m_ 標示·非投資建議
SEL,2,2025-05-09,2025-05-12,4721,美琪瑪,TPEx,S,,fV300,S2@5,234,364,漏網,1068,-5.599006,,atr14=0.302|n_lu_250=0.536|r20=0.437|c_ma120=0.224|vr20=0.491|days_since_lu=0.569|dt_ratio20=NaN|lend_to_v=0.897|rev_yoy=0.045|o_turn=0.209|o_log_mcap=0.186|o_lu_follow=0.195,"官方日成交結構(MI_INDEX/dailyQuotes)=1|發行股數(MI_QFIIS/dailyQuotes)=1|外資持股(MI_QFIIS,僅上市)=0|自營商(T86/上櫃三大法人)=1|當沖(TWTB4U/上櫃intraday)=1|季財報(MOPS t163sb04)=1|月營收(MOPS/openapi)=1|官方產業別(MOPS t05st03)=1|融資券(MI_MARGN)=1|借券(TWT93U)=1|法人(T86)=1",680,inf,250.0,official_prepanel,146.05,1.0,0.0,0.0,1,0,0.0,21.222,6.791,223.0,0,未扣成本·事後欄位以 m_ 標示·非投資建議
SEL,2,2025-05-09,2025-05-12,6591,動力-KY,TWSE,S,,fV300,S2@5,173,364,漏網,614,-5.066271,,atr14=0.233|n_lu_250=0.395|r20=0.723|c_ma120=0.642|vr20=0.517|days_since_lu=0.569|dt_ratio20=0.111|lend_to_v=0.600|rev_yoy=0.899|o_turn=0.514|o_log_mcap=0.043|o_lu_follow=0.331,"官方日成交結構(MI_INDEX/dailyQuotes)=1|發行股數(MI_QFIIS/dailyQuotes)=1|外資持股(MI_QFIIS,僅上市)=1|自營商(T86/上櫃三大法人)=1|當沖(TWTB4U/上櫃intraday)=1|季財報(MOPS t163sb04)=1|月營收(MOPS/openapi)=1|官方產業別(MOPS t05st03)=1|融資券(MI_MARGN)=1|借券(TWT93U)=1|法人(T86)=1",680,inf,250.0,official_prepanel,184.8,1.0,0.0,0.0,1,0,0.0,33.455,48.263,610.0,0,未扣成本·事後欄位以 m_ 標示·非投資建議
SEL,2,2025-05-15,2025-05-16,5324,士開,TPEx,S,,fV300,S2@5,265,380,漏網,1598,-5.836431,,atr14=0.110|n_lu_250=0.193|r20=0.196|c_ma120=0.352|vr20=0.068|days_since_lu=0.914|dt_ratio20=NaN|lend_to_v=0.008|rev_yoy=0.963|o_turn=0.002|o_log_mcap=0.081|o_lu_follow=0.330,"官方日成交結構(MI_INDEX/dailyQuotes)=1|發行股數(MI_QFIIS/dailyQuotes)=1|外資持股(MI_QFIIS,僅上市)=0|自營商(T86/上櫃三大法人)=1|當沖(TWTB4U/上櫃intraday)=0|季財報(MOPS t163sb04)=1|月營收(MOPS/openapi)=1|官方產業別(MOPS t05st03)=1|融資券(MI_MARGN)=1|借券(TWT93U)=1|法人(T86)=1",684,inf,250.0,official_prepanel,138.15,1.0,0.0,0.0,0,1,9.217,28.571,13.364,1361.0,0,未扣成本·事後欄位以 m_ 標示·非投資建議
SEL,2,2025-05-20,2025-05-21,5475,德宏,TPEx,S,,fV300,S2@5,58,386,漏網,459,-4.12966,,atr14=0.415|n_lu_250=0.762|r20=0.533|c_ma120=0.431|vr20=0.625|days_since_lu=0.611|dt_ratio20=NaN|lend_to_v=0.008|rev_yoy=0.447|o_turn=0.104|o_log_mcap=0.023|o_lu_follow=0.904,"官方日成交結構(MI_INDEX/dailyQuotes)=1|發行股數(MI_QFIIS/dailyQuotes)=1|外資持股(MI_QFIIS,僅上市)=0|自營商(T86/上櫃三大法人)=1|當沖(TWTB4U/上櫃intraday)=0|季財報(MOPS t163sb04)=1|月營收(MOPS/openapi)=1|官方產業別(MOPS t05st03)=1|融資券(MI_MARGN)=1|借券(TWT93U)=1|法人(T86)=1",687,inf,250.0,official_prepanel,134.4,1.0,0.0,0.0,0,1,9.829,43.59,68.803,1162.0,0,未扣成本·事後欄位以 m_ 標示·非投資建議
SEL,2,2025-05-20,2025-05-21,6441,廣錠,TPEx,S,,fV300,S2@5,7,386,漏網,224,-2.656041,,atr14=0.810|n_lu_250=0.830|r20=0.900|c_ma120=0.277|vr20=0.376|days_since_lu=0.154|dt_ratio20=NaN|lend_to_v=0.397|rev_yoy=0.050|o_turn=0.270|o_log_mcap=0.027|o_lu_follow=0.942,"官方日成交結構(MI_INDEX/dailyQuotes)=1|發行股數(MI_QFIIS/dailyQuotes)=1|外資持股(MI_QFIIS,僅上市)=0|自營商(T86/上櫃三大法人)=1|當沖(TWTB4U/上櫃intraday)=0|季財報(MOPS t163sb04)=1|月營收(MOPS/openapi)=1|官方產業別(MOPS t05st03)=1|融資券(MI_MARGN)=1|借券(TWT93U)=1|法人(T86)=1",687,inf,250.0,official_prepanel,180.6,1.0,1.0,0.0,0,1,10.0,19.831,24.407,293.0,0,未扣成本·事後欄位以 m_ 標示·非投資建議
SEL,2,2025-05-21,2025-05-22,6593,台灣銘板,TPEx,S,,fV300,S2@5,11,374,漏網,983,-3.133804,,atr14=0.865|n_lu_250=0.831|r20=0.024|c_ma120=0.006|vr20=0.199|days_since_lu=0.610|dt_ratio20=NaN|lend_to_v=0.394|rev_yoy=0.041|o_turn=0.506|o_log_mcap=0.005|o_lu_follow=0.853,"官方日成交結構(MI_INDEX/dailyQuotes)=1|發行股數(MI_QFIIS/dailyQuotes)=1|外資持股(MI_QFIIS,僅上市)=0|自營商(T86/上櫃三大法人)=1|當沖(TWTB4U/上櫃intraday)=1|季財報(MOPS t163sb04)=1|月營收(MOPS/openapi)=1|官方產業別(MOPS t05st03)=1|融資券(MI_MARGN)=0|借券(TWT93U)=1|法人(T86)=1",688,inf,250.0,official_prepanel,251.2,2.0,0.0,0.0,0,1,8.625,44.522,50.816,660.0,0,未扣成本·事後欄位以 m_ 標示·非投資建議
SEL,2,2025-05-26,2025-05-27,4168,醣聯,TPEx,S,,fV300,S2@5,69,369,漏網,856,-4.269567,,atr14=0.292|n_lu_250=0.517|r20=0.732|c_ma120=0.103|vr20=0.876|days_since_lu=0.242|dt_ratio20=NaN|lend_to_v=0.514|rev_yoy=0.994|o_turn=0.219|o_log_mcap=0.046|o_lu_follow=0.204,"官方日成交結構(MI_INDEX/dailyQuotes)=1|發行股數(MI_QFIIS/dailyQuotes)=1|外資持股(MI_QFIIS,僅上市)=0|自營商(T86/上櫃三大法人)=1|當沖(TWTB4U/上櫃intraday)=0|季財報(MOPS t163sb04)=1|月營收(MOPS/openapi)=1|官方產業別(MOPS t05st03)=1|融資券(MI_MARGN)=1|借券(TWT93U)=1|法人(T86)=1",691,inf,250.0,official_prepanel,107.65,1.0,0.0,0.0,0,1,10.0,37.027,38.919,788.0,0,未扣成本·事後欄位以 m_ 標示·非投資建議
SEL,2,2025-06-02,2025-06-03,6885,全福生技,TWSE,S,,fV300|fH125,S2@5,8,352,漏網,1804,-2.781375,,atr14=0.782|n_lu_250=0.202|r20=0.345|c_ma120=0.218|vr20=0.962|days_since_lu=0.629|dt_ratio20=NaN|lend_to_v=NaN|rev_yoy=NaN|o_turn=0.355|o_log_mcap=0.136|o_lu_follow=0.518,"官方日成交結構(MI_INDEX/dailyQuotes)=1|發行股數(MI_QFIIS/dailyQuotes)=1|外資持股(MI_QFIIS,僅上市)=1|自營商(T86/上櫃三大法人)=1|當沖(TWTB4U/上櫃intraday)=0|季財報(MOPS t163sb04)=1|月營收(MOPS/openapi)=0|官方產業別(MOPS t05st03)=1|融資券(MI_MARGN)=0|借券(TWT93U)=0|法人(T86)=1",108,108.0,108.0,official,172.7,1.0,0.0,0.0,0,1,6.289,42.767,39.623,833.0,0,未扣成本·事後欄位以 m_ 標示·非投資建議
SEL,2,2025-06-04,2025-06-05,6485,點序,TPEx,S,,fV300,S2@5,72,345,漏網,264,-4.426858,,atr14=0.775|n_lu_250=0.841|r20=0.561|c_ma120=0.406|vr20=0.455|days_since_lu=0.630|dt_ratio20=NaN|lend_to_v=0.576|rev_yoy=0.771|o_turn=0.454|o_log_mcap=0.081|o_lu_follow=0.013,"官方日成交結構(MI_INDEX/dailyQuotes)=1|發行股數(MI_QFIIS/dailyQuotes)=1|外資持股(MI_QFIIS,僅上市)=0|自營商(T86/上櫃三大法人)=1|當沖(TWTB4U/上櫃intraday)=1|季財報(MOPS t163sb04)=1|月營收(MOPS/openapi)=1|官方產業別(MOPS t05st03)=1|融資券(MI_MARGN)=1|借券(TWT93U)=1|法人(T86)=1",697,inf,250.0,official_prepanel,249.7,2.0,0.0,0.0,0,1,8.872,13.309,8.503,1345.0,0,未扣成本·事後欄位以 m_ 標示·非投資建議
SEL,2,2025-06-10,2025-06-11,6461,益得,TPEx,S,,fV300,S2@5,48,351,漏網,1016,-3.828871,,atr14=0.278|n_lu_250=0.518|r20=0.604|c_ma120=0.057|vr20=0.917|days_since_lu=0.643|dt_ratio20=NaN|lend_to_v=0.010|rev_yoy=0.858|o_turn=0.215|o_log_mcap=0.120|o_lu_follow=0.904,"官方日成交結構(MI_INDEX/dailyQuotes)=1|發行股數(MI_QFIIS/dailyQuotes)=1|外資持股(MI_QFIIS,僅上市)=0|自營商(T86/上櫃三大法人)=1|當沖(TWTB4U/上櫃intraday)=0|季財報(MOPS t163sb04)=1|月營收(MOPS/openapi)=1|官方產業別(MOPS t05st03)=1|融資券(MI_MARGN)=1|借券(TWT93U)=1|法人(T86)=1",701,inf,250.0,official_prepanel,147.5,1.0,0.0,0.0,0,1,1.02,8.163,-9.184,625.0,0,未扣成本·事後欄位以 m_ 標示·非投資建議
SEL,2,2025-06-13,2025-06-16,4551,智伸科,TWSE,S,,fV300,S2@5,44,364,漏網,407,-4.033376,,atr14=0.419|n_lu_250=0.601|r20=0.640|c_ma120=0.468|vr20=0.995|days_since_lu=0.390|dt_ratio20=0.408|lend_to_v=0.404|rev_yoy=0.335|o_turn=0.765|o_log_mcap=0.465|o_lu_follow=0.130,"官方日成交結構(MI_INDEX/dailyQuotes)=1|發行股數(MI_QFIIS/dailyQuotes)=1|外資持股(MI_QFIIS,僅上市)=1|自營商(T86/上櫃三大法人)=1|當沖(TWTB4U/上櫃intraday)=1|季財報(MOPS t163sb04)=1|月營收(MOPS/openapi)=1|官方產業別(MOPS t05st03)=1|融資券(MI_MARGN)=1|借券(TWT93U)=1|法人(T86)=1",704,inf,250.0,official_prepanel,233.6,2.0,0.0,0.0,0,1,9.072,13.15,25.892,2887.0,0,未扣成本·事後欄位以 m_ 標示·非投資建議
SEL,2,2025-06-16,2025-06-17,4549,桓達,TPEx,S,,fV300,S2@5,186,351,漏網,1059,-5.495643,,atr14=0.398|n_lu_250=0.926|r20=0.190|c_ma120=0.028|vr20=0.826|days_since_lu=0.322|dt_ratio20=NaN|lend_to_v=0.641|rev_yoy=0.466|o_turn=0.343|o_log_mcap=0.309|o_lu_follow=0.691,"官方日成交結構(MI_INDEX/dailyQuotes)=1|發行股數(MI_QFIIS/dailyQuotes)=1|外資持股(MI_QFIIS,僅上市)=0|自營商(T86/上櫃三大法人)=1|當沖(TWTB4U/上櫃intraday)=1|季財報(MOPS t163sb04)=1|月營收(MOPS/openapi)=1|官方產業別(MOPS t05st03)=1|融資券(MI_MARGN)=1|借券(TWT93U)=1|法人(T86)=1",705,inf,250.0,official_prepanel,115.4,1.0,0.0,0.0,0,1,8.19,28.448,21.552,417.0,0,未扣成本·事後欄位以 m_ 標示·非投資建議
SEL,2,2025-06-17,2025-06-18,5498,凱崴,TPEx,S,,fP10|fV300,S2@5,88,342,漏網,1701,-4.709955,,atr14=0.205|n_lu_250=0.205|r20=0.220|c_ma120=0.119|vr20=0.842|days_since_lu=0.655|dt_ratio20=NaN|lend_to_v=0.813|rev_yoy=0.520|o_turn=0.182|o_log_mcap=0.032|o_lu_follow=0.533,"官方日成交結構(MI_INDEX/dailyQuotes)=1|發行股數(MI_QFIIS/dailyQuotes)=1|外資持股(MI_QFIIS,僅上市)=0|自營商(T86/上櫃三大法人)=1|當沖(TWTB4U/上櫃intraday)=1|季財報(MOPS t163sb04)=1|月營收(MOPS/openapi)=1|官方產業別(MOPS t05st03)=1|融資券(MI_MARGN)=1|借券(TWT93U)=1|法人(T86)=1",706,inf,250.0,official_prepanel,190.0,1.0,0.0,0.0,0,1,9.964,25.148,45.314,1288.0,0,未扣成本·事後欄位以 m_ 標示·非投資建議
SEL,2,2025-06-18,2025-06-19,3040,遠見,TWSE,S,,fV300,S2@5,67,341,漏網,542,-4.370622,,atr14=0.242|n_lu_250=0.612|r20=0.674|c_ma120=0.397|vr20=0.952|days_since_lu=0.657|dt_ratio20=0.142|lend_to_v=0.352|rev_yoy=0.471|o_turn=0.779|o_log_mcap=0.112|o_lu_follow=0.131,"官方日成交結構(MI_INDEX/dailyQuotes)=1|發行股數(MI_QFIIS/dailyQuotes)=1|外資持股(MI_QFIIS,僅上市)=1|自營商(T86/上櫃三大法人)=1|當沖(TWTB4U/上櫃intraday)=1|季財報(MOPS t163sb04)=1|月營收(MOPS/openapi)=1|官方產業別(MOPS t05st03)=1|融資券(MI_MARGN)=1|借券(TWT93U)=1|法人(T86)=1",707,inf,250.0,official_prepanel,279.0,2.0,0.0,0.0,0,1,2.658,29.652,45.44,4043.0,0,未扣成本·事後欄位以 m_ 標示·非投資建議
SEL,2,2025-06-24,2025-06-25,3122,笙泉,TPEx,S,,fV300,S2@5,27,364,漏網,862,-3.312009,,atr14=0.635|n_lu_250=0.521|r20=0.465|c_ma120=0.032|vr20=0.670|days_since_lu=0.122|dt_ratio20=NaN|lend_to_v=0.785|rev_yoy=0.159|o_turn=0.327|o_log_mcap=0.002|o_lu_follow=0.201,"官方日成交結構(MI_INDEX/dailyQuotes)=1|發行股數(MI_QFIIS/dailyQuotes)=1|外資持股(MI_QFIIS,僅上市)=0|自營商(T86/上櫃三大法人)=1|當沖(TWTB4U/上櫃intraday)=1|季財報(MOPS t163sb04)=1|月營收(MOPS/openapi)=1|官方產業別(MOPS t05st03)=1|融資券(MI_MARGN)=1|借券(TWT93U)=1|法人(T86)=1",711,inf,250.0,official_prepanel,117.5,1.0,0.0,0.0,1,0,0.0,20.133,34.071,244.0,0,未扣成本·事後欄位以 m_ 標示·非投資建議
SEL,2,2025-06-24,2025-06-25,4739,康普,TWSE,S,,fV300,S2@5,129,364,漏網,1060,-4.60788,,atr14=0.637|n_lu_250=0.401|r20=0.207|c_ma120=0.219|vr20=0.862|days_since_lu=0.661|dt_ratio20=0.446|lend_to_v=0.890|rev_yoy=0.756|o_turn=0.294|o_log_mcap=0.253|o_lu_follow=0.317,"官方日成交結構(MI_INDEX/dailyQuotes)=1|發行股數(MI_QFIIS/dailyQuotes)=1|外資持股(MI_QFIIS,僅上市)=1|自營商(T86/上櫃三大法人)=1|當沖(TWTB4U/上櫃intraday)=1|季財報(MOPS t163sb04)=1|月營收(MOPS/openapi)=1|官方產業別(MOPS t05st03)=1|融資券(MI_MARGN)=1|借券(TWT93U)=1|法人(T86)=1",711,inf,250.0,official_prepanel,197.95,1.0,0.0,0.0,0,1,5.537,16.395,7.275,938.0,0,未扣成本·事後欄位以 m_ 標示·非投資建議
SEL,2,2025-06-24,2025-06-25,8478,東哥遊艇,TWSE,S,,fV300,S2@5,212,364,漏網,591,-5.362587,,atr14=0.769|n_lu_250=0.612|r20=0.423|c_ma120=0.212|vr20=0.349|days_since_lu=0.064|dt_ratio20=0.723|lend_to_v=0.668|rev_yoy=0.465|o_turn=0.165|o_log_mcap=0.529|o_lu_follow=0.127,"官方日成交結構(MI_INDEX/dailyQuotes)=1|發行股數(MI_QFIIS/dailyQuotes)=1|外資持股(MI_QFIIS,僅上市)=1|自營商(T86/上櫃三大法人)=1|當沖(TWTB4U/上櫃intraday)=1|季財報(MOPS t163sb04)=1|月營收(MOPS/openapi)=1|官方產業別(MOPS t05st03)=1|融資券(MI_MARGN)=1|借券(TWT93U)=1|法人(T86)=1",711,inf,250.0,official_prepanel,236.85,2.0,0.0,0.0,0,1,8.497,23.856,49.673,598.0,0,未扣成本·事後欄位以 m_ 標示·非投資建議
SEL,2,2025-06-26,2025-06-27,4729,熒茂,TPEx,S,,fV300,S2@5,34,347,漏網,1225,-3.466453,,atr14=0.379|n_lu_250=0.968|r20=0.031|c_ma120=0.015|vr20=0.954|days_since_lu=0.669|dt_ratio20=NaN|lend_to_v=0.501|rev_yoy=0.505|o_turn=0.485|o_log_mcap=0.020|o_lu_follow=0.926,"官方日成交結構(MI_INDEX/dailyQuotes)=1|發行股數(MI_QFIIS/dailyQuotes)=1|外資持股(MI_QFIIS,僅上市)=0|自營商(T86/上櫃三大法人)=1|當沖(TWTB4U/上櫃intraday)=1|季財報(MOPS t163sb04)=1|月營收(MOPS/openapi)=1|官方產業別(MOPS t05st03)=1|融資券(MI_MARGN)=1|借券(TWT93U)=1|法人(T86)=1",713,inf,250.0,official_prepanel,115.6,1.0,0.0,0.0,0,1,8.657,28.06,28.955,479.0,0,未扣成本·事後欄位以 m_ 標示·非投資建議
SEL,3,2025-07-01,2025-07-02,8043,蜜望實,TPEx,S,,fV300,S2@5,47,358,漏網,935,-4.042616,,atr14=0.522|n_lu_250=0.877|r20=0.214|c_ma120=0.042|vr20=0.835|days_since_lu=0.673|dt_ratio20=NaN|lend_to_v=0.787|rev_yoy=0.673|o_turn=0.294|o_log_mcap=0.046|o_lu_follow=0.834,"官方日成交結構(MI_INDEX/dailyQuotes)=1|發行股數(MI_QFIIS/dailyQuotes)=1|外資持股(MI_QFIIS,僅上市)=0|自營商(T86/上櫃三大法人)=1|當沖(TWTB4U/上櫃intraday)=1|季財報(MOPS t163sb04)=1|月營收(MOPS/openapi)=1|官方產業別(MOPS t05st03)=1|融資券(MI_MARGN)=1|借券(TWT93U)=1|法人(T86)=1",716,inf,250.0,official_prepanel,130.85,1.0,0.0,0.0,0,1,8.52,26.009,18.161,1081.0,0,未扣成本·事後欄位以 m_ 標示·非投資建議
SEL,3,2025-07-08,2025-07-09,8499,鼎炫-KY,TWSE,S,,fV300,S2@5,18,360,漏網,102,-3.338853,,atr14=0.770|n_lu_250=0.510|r20=0.977|c_ma120=0.958|vr20=0.816|days_since_lu=0.047|dt_ratio20=0.611|lend_to_v=0.206|rev_yoy=0.366|o_turn=0.393|o_log_mcap=0.356|o_lu_follow=0.206,"官方日成交結構(MI_INDEX/dailyQuotes)=1|發行股數(MI_QFIIS/dailyQuotes)=1|外資持股(MI_QFIIS,僅上市)=1|自營商(T86/上櫃三大法人)=1|當沖(TWTB4U/上櫃intraday)=1|季財報(MOPS t163sb04)=1|月營收(MOPS/openapi)=1|官方產業別(MOPS t05st03)=1|融資券(MI_MARGN)=1|借券(TWT93U)=1|法人(T86)=1",721,inf,250.0,official_prepanel,120.4,1.0,0.0,0.0,1,0,0.0,22.515,32.307,210.0,0,未扣成本·事後欄位以 m_ 標示·非投資建議
SEL,3,2025-07-09,2025-07-10,1595,川寶,TPEx,S,,fV300,S2@5,23,358,漏網,910,-3.518747,,atr14=0.571|n_lu_250=0.969|r20=0.152|c_ma120=0.044|vr20=0.567|days_since_lu=0.679|dt_ratio20=NaN|lend_to_v=0.493|rev_yoy=0.028|o_turn=0.209|o_log_mcap=0.035|o_lu_follow=0.965,"官方日成交結構(MI_INDEX/dailyQuotes)=1|發行股數(MI_QFIIS/dailyQuotes)=1|外資持股(MI_QFIIS,僅上市)=0|自營商(T86/上櫃三大法人)=1|當沖(TWTB4U/上櫃intraday)=1|季財報(MOPS t163sb04)=1|月營收(MOPS/openapi)=1|官方產業別(MOPS t05st03)=1|融資券(MI_MARGN)=1|借券(TWT93U)=1|法人(T86)=1",722,inf,250.0,official_prepanel,105.25,1.0,0.0,0.0,0,1,3.266,25.972,23.95,296.0,0,未扣成本·事後欄位以 m_ 標示·非投資建議
SEL,3,2025-07-09,2025-07-10,4903,聯光通,TPEx,S,,fV300,S2@5,11,358,漏網,823,-2.999195,,atr14=0.853|n_lu_250=0.985|r20=0.031|c_ma120=0.025|vr20=0.714|days_since_lu=0.375|dt_ratio20=NaN|lend_to_v=0.513|rev_yoy=0.350|o_turn=0.367|o_log_mcap=0.077|o_lu_follow=0.892,"官方日成交結構(MI_INDEX/dailyQuotes)=1|發行股數(MI_QFIIS/dailyQuotes)=1|外資持股(MI_QFIIS,僅上市)=0|自營商(T86/上櫃三大法人)=1|當沖(TWTB4U/上櫃intraday)=0|季財報(MOPS t163sb04)=1|月營收(MOPS/openapi)=1|官方產業別(MOPS t05st03)=1|融資券(MI_MARGN)=1|借券(TWT93U)=1|法人(T86)=1",722,inf,250.0,official_prepanel,258.9,2.0,0.0,0.0,1,0,0.0,4.98,15.737,469.0,0,未扣成本·事後欄位以 m_ 標示·非投資建議
SEL,3,2025-07-10,2025-07-11,6617,共信-KY,TPEx,S,,fV300,S2@5,100,353,漏網,1297,-4.745047,,atr14=0.806|n_lu_250=0.516|r20=0.000|c_ma120=0.045|vr20=0.777|days_since_lu=0.682|dt_ratio20=NaN|lend_to_v=NaN|rev_yoy=0.122|o_turn=0.139|o_log_mcap=0.427|o_lu_follow=0.205,"官方日成交結構(MI_INDEX/dailyQuotes)=1|發行股數(MI_QFIIS/dailyQuotes)=1|外資持股(MI_QFIIS,僅上市)=0|自營商(T86/上櫃三大法人)=1|當沖(TWTB4U/上櫃intraday)=0|季財報(MOPS t163sb04)=1|月營收(MOPS/openapi)=1|官方產業別(MOPS t05st03)=1|融資券(MI_MARGN)=0|借券(TWT93U)=0|法人(T86)=1",258,258.0,250.0,official,123.0,1.0,0.0,0.0,1,0,0.0,24.444,10.556,83.0,0,未扣成本·事後欄位以 m_ 標示·非投資建議
SEL,3,2025-07-23,2025-07-24,6928,攸泰科技,TWSE,S,,fV300,S2@5,29,356,漏網,281,-3.391358,,atr14=0.953|n_lu_250=0.823|r20=0.655|c_ma120=0.091|vr20=0.112|days_since_lu=0.100|dt_ratio20=0.702|lend_to_v=0.190|rev_yoy=0.725|o_turn=0.048|o_log_mcap=0.182|o_lu_follow=0.029,"官方日成交結構(MI_INDEX/dailyQuotes)=1|發行股數(MI_QFIIS/dailyQuotes)=1|外資持股(MI_QFIIS,僅上市)=1|自營商(T86/上櫃三大法人)=1|當沖(TWTB4U/上櫃intraday)=1|季財報(MOPS t163sb04)=1|月營收(MOPS/openapi)=1|官方產業別(MOPS t05st03)=1|融資券(MI_MARGN)=1|借券(TWT93U)=1|法人(T86)=1",289,289.0,250.0,official,203.15,2.0,0.0,0.0,0,1,6.361,52.033,50.365,506.0,0,未扣成本·事後欄位以 m_ 標示·非投資建議
SEL,3,2025-07-25,2025-07-28,3311,閎暉,TWSE,S,,fV300,S2@5,21,350,漏網,1041,-3.458624,,atr14=0.521|n_lu_250=0.193|r20=0.399|c_ma120=0.269|vr20=0.896|days_since_lu=0.916|dt_ratio20=0.327|lend_to_v=0.298|rev_yoy=0.597|o_turn=0.602|o_log_mcap=0.061|o_lu_follow=0.531,"官方日成交結構(MI_INDEX/dailyQuotes)=1|發行股數(MI_QFIIS/dailyQuotes)=1|外資持股(MI_QFIIS,僅上市)=1|自營商(T86/上櫃三大法人)=1|當沖(TWTB4U/上櫃intraday)=1|季財報(MOPS t163sb04)=1|月營收(MOPS/openapi)=1|官方產業別(MOPS t05st03)=1|融資券(MI_MARGN)=1|借券(TWT93U)=1|法人(T86)=1",734,inf,250.0,official_prepanel,218.65,2.0,0.0,0.0,0,1,8.75,21.406,16.406,2545.0,0,未扣成本·事後欄位以 m_ 標示·非投資建議
SEL,3,2025-07-28,2025-07-29,4804,,TPEx,S,,fP10|fV300|fH125,S2@5,12,349,漏網,120,-3.05349,,atr14=0.457|n_lu_250=0.884|r20=0.921|c_ma120=NaN|vr20=0.196|days_since_lu=0.187|dt_ratio20=NaN|lend_to_v=0.006|rev_yoy=0.540|o_turn=0.141|o_log_mcap=0.000|o_lu_follow=0.977,"官方日成交結構(MI_INDEX/dailyQuotes)=1|發行股數(MI_QFIIS/dailyQuotes)=1|外資持股(MI_QFIIS,僅上市)=0|自營商(T86/上櫃三大法人)=0|當沖(TWTB4U/上櫃intraday)=0|季財報(MOPS t163sb04)=1|月營收(MOPS/openapi)=1|官方產業別(MOPS t05st03)=0|融資券(MI_MARGN)=1|借券(TWT93U)=1|法人(T86)=0",735,inf,250.0,official_prepanel,132.2,1.0,0.0,0.0,0,1,9.343,44.526,41.606,489.0,0,未扣成本·事後欄位以 m_ 標示·非投資建議
SEL,3,2025-07-29,2025-07-30,5438,東友,TPEx,S,,fV300,S2@5,91,353,漏網,793,-4.431367,,atr14=0.286|n_lu_250=0.977|r20=0.316|c_ma120=0.112|vr20=0.484|days_since_lu=0.384|dt_ratio20=NaN|lend_to_v=0.570|rev_yoy=0.549|o_turn=0.059|o_log_mcap=0.055|o_lu_follow=0.990,"官方日成交結構(MI_INDEX/dailyQuotes)=1|發行股數(MI_QFIIS/dailyQuotes)=1|外資持股(MI_QFIIS,僅上市)=0|自營商(T86/上櫃三大法人)=1|當沖(TWTB4U/上櫃intraday)=1|季財報(MOPS t163sb04)=1|月營收(MOPS/openapi)=1|官方產業別(MOPS t05st03)=1|融資券(MI_MARGN)=1|借券(TWT93U)=1|法人(T86)=1",736,inf,250.0,official_prepanel,137.65,1.0,0.0,0.0,0,1,7.179,7.929,1.859,619.0,0,未扣成本·事後欄位以 m_ 標示·非投資建議
SEL,3,2025-07-29,2025-07-30,8032,光菱,TPEx,S,,fV300,S2@5,96,353,漏網,645,-4.470553,,atr14=0.630|n_lu_250=0.989|r20=0.268|c_ma120=0.069|vr20=0.526|days_since_lu=0.384|dt_ratio20=NaN|lend_to_v=0.390|rev_yoy=0.816|o_turn=0.280|o_log_mcap=0.050|o_lu_follow=0.978,"官方日成交結構(MI_INDEX/dailyQuotes)=1|發行股數(MI_QFIIS/dailyQuotes)=1|外資持股(MI_QFIIS,僅上市)=0|自營商(T86/上櫃三大法人)=1|當沖(TWTB4U/上櫃intraday)=1|季財報(MOPS t163sb04)=1|月營收(MOPS/openapi)=1|官方產業別(MOPS t05st03)=1|融資券(MI_MARGN)=1|借券(TWT93U)=1|法人(T86)=1",736,inf,250.0,official_prepanel,157.7,1.0,0.0,0.0,0,1,5.332,15.64,11.374,614.0,0,未扣成本·事後欄位以 m_ 標示·非投資建議
SEL,3,2025-07-31,2025-08-01,4577,達航科技,TPEx,S,,fV300,S2@5,44,350,漏網,285,-4.009817,,atr14=0.549|n_lu_250=0.971|r20=0.679|c_ma120=0.300|vr20=0.189|days_since_lu=0.347|dt_ratio20=NaN|lend_to_v=0.338|rev_yoy=0.640|o_turn=0.090|o_log_mcap=0.000|o_lu_follow=0.276,"官方日成交結構(MI_INDEX/dailyQuotes)=1|發行股數(MI_QFIIS/dailyQuotes)=1|外資持股(MI_QFIIS,僅上市)=0|自營商(T86/上櫃三大法人)=1|當沖(TWTB4U/上櫃intraday)=1|季財報(MOPS t163sb04)=1|月營收(MOPS/openapi)=1|官方產業別(MOPS t05st03)=1|融資券(MI_MARGN)=1|借券(TWT93U)=1|法人(T86)=1",738,inf,250.0,official_prepanel,118.65,1.0,0.0,0.0,0,1,10.0,36.341,64.146,756.0,0,未扣成本·事後欄位以 m_ 標示·非投資建議
SEL,3,2025-07-31,2025-08-01,6129,普誠,TPEx,S,,fV300,S2@5,67,350,漏網,1583,-4.417703,,atr14=0.199|n_lu_250=0.193|r20=0.480|c_ma120=0.034|vr20=0.434|days_since_lu=0.713|dt_ratio20=NaN|lend_to_v=0.627|rev_yoy=0.503|o_turn=0.040|o_log_mcap=0.039|o_lu_follow=0.538,"官方日成交結構(MI_INDEX/dailyQuotes)=1|發行股數(MI_QFIIS/dailyQuotes)=1|外資持股(MI_QFIIS,僅上市)=0|自營商(T86/上櫃三大法人)=1|當沖(TWTB4U/上櫃intraday)=0|季財報(MOPS t163sb04)=1|月營收(MOPS/openapi)=1|官方產業別(MOPS t05st03)=1|融資券(MI_MARGN)=1|借券(TWT93U)=1|法人(T86)=1",738,inf,250.0,official_prepanel,188.1,1.0,0.0,0.0,0,1,10.294,35.784,34.804,544.0,0,未扣成本·事後欄位以 m_ 標示·非投資建議
SEL,3,2025-07-31,2025-08-01,6133,金橋,TWSE,S,,fV300,S2@5,91,350,漏網,939,-4.663632,,atr14=0.314|n_lu_250=0.869|r20=0.218|c_ma120=0.147|vr20=0.543|days_since_lu=0.713|dt_ratio20=0.305|lend_to_v=0.590|rev_yoy=0.198|o_turn=0.251|o_log_mcap=0.025|o_lu_follow=0.671,"官方日成交結構(MI_INDEX/dailyQuotes)=1|發行股數(MI_QFIIS/dailyQuotes)=1|外資持股(MI_QFIIS,僅上市)=1|自營商(T86/上櫃三大法人)=1|當沖(TWTB4U/上櫃intraday)=1|季財報(MOPS t163sb04)=1|月營收(MOPS/openapi)=1|官方產業別(MOPS t05st03)=1|融資券(MI_MARGN)=1|借券(TWT93U)=1|法人(T86)=1",738,inf,250.0,official_prepanel,288.7,2.0,0.0,0.0,0,1,10.791,21.223,43.165,1273.0,0,未扣成本·事後欄位以 m_ 標示·非投資建議
SEL,3,2025-07-31,2025-08-01,6134,萬旭,TPEx,S,,fV300,S2@5,46,350,漏網,677,-4.012254,,atr14=0.249|n_lu_250=0.947|r20=0.519|c_ma120=0.071|vr20=0.715|days_since_lu=0.456|dt_ratio20=NaN|lend_to_v=0.779|rev_yoy=0.625|o_turn=0.151|o_log_mcap=0.021|o_lu_follow=0.407,"官方日成交結構(MI_INDEX/dailyQuotes)=1|發行股數(MI_QFIIS/dailyQuotes)=1|外資持股(MI_QFIIS,僅上市)=0|自營商(T86/上櫃三大法人)=1|當沖(TWTB4U/上櫃intraday)=1|季財報(MOPS t163sb04)=1|月營收(MOPS/openapi)=1|官方產業別(MOPS t05st03)=1|融資券(MI_MARGN)=1|借券(TWT93U)=1|法人(T86)=1",738,inf,250.0,official_prepanel,104.75,1.0,0.0,0.0,0,1,10.444,22.193,44.125,1502.0,0,未扣成本·事後欄位以 m_ 標示·非投資建議
SEL,3,2025-08-01,2025-08-04,3322,建舜電,TPEx,S,,fV300,S2@5,123,353,漏網,1266,-4.655807,,atr14=0.253|n_lu_250=0.690|r20=0.132|c_ma120=0.093|vr20=0.125|days_since_lu=0.280|dt_ratio20=NaN|lend_to_v=0.787|rev_yoy=0.644|o_turn=0.020|o_log_mcap=0.017|o_lu_follow=0.095,"官方日成交結構(MI_INDEX/dailyQuotes)=1|發行股數(MI_QFIIS/dailyQuotes)=1|外資持股(MI_QFIIS,僅上市)=0|自營商(T86/上櫃三大法人)=1|當沖(TWTB4U/上櫃intraday)=1|季財報(MOPS t163sb04)=1|月營收(MOPS/openapi)=1|官方產業別(MOPS t05st03)=1|融資券(MI_MARGN)=1|借券(TWT93U)=1|法人(T86)=1",739,inf,250.0,official_prepanel,123.75,1.0,0.0,0.0,0,1,9.2,22.4,22.8,927.0,0,未扣成本·事後欄位以 m_ 標示·非投資建議
SEL,3,2025-08-01,2025-08-04,6152,百一,TWSE,S,,fP10|fV300,S2@5,23,353,漏網,1069,-3.090768,,atr14=0.225|n_lu_250=0.622|r20=0.314|c_ma120=0.143|vr20=0.908|days_since_lu=0.710|dt_ratio20=NaN|lend_to_v=0.006|rev_yoy=0.028|o_turn=0.405|o_log_mcap=0.014|o_lu_follow=0.135,"官方日成交結構(MI_INDEX/dailyQuotes)=1|發行股數(MI_QFIIS/dailyQuotes)=1|外資持股(MI_QFIIS,僅上市)=1|自營商(T86/上櫃三大法人)=1|當沖(TWTB4U/上櫃intraday)=0|季財報(MOPS t163sb04)=1|月營收(MOPS/openapi)=1|官方產業別(MOPS t05st03)=1|融資券(MI_MARGN)=1|借券(TWT93U)=1|法人(T86)=1",739,inf,250.0,official_prepanel,289.8,2.0,0.0,0.0,0,1,8.518,2.876,7.854,2557.0,0,未扣成本·事後欄位以 m_ 標示·非投資建議
SEL,3,2025-08-04,2025-08-05,6727,亞泰金屬,TPEx,S,,fV300,S2@5,7,340,漏網,342,-2.352667,,atr14=0.397|n_lu_250=0.193|r20=0.945|c_ma120=0.941|vr20=0.936|days_since_lu=0.714|dt_ratio20=NaN|lend_to_v=NaN|rev_yoy=0.882|o_turn=0.731|o_log_mcap=0.053|o_lu_follow=0.546,"官方日成交結構(MI_INDEX/dailyQuotes)=1|發行股數(MI_QFIIS/dailyQuotes)=1|外資持股(MI_QFIIS,僅上市)=0|自營商(T86/上櫃三大法人)=1|當沖(TWTB4U/上櫃intraday)=0|季財報(MOPS t163sb04)=1|月營收(MOPS/openapi)=1|官方產業別(MOPS t05st03)=1|融資券(MI_MARGN)=0|借券(TWT93U)=0|法人(T86)=1",740,inf,250.0,official_prepanel,112.05,1.0,0.0,0.0,0,1,7.572,56.25,121.154,1522.0,0,未扣成本·事後欄位以 m_ 標示·非投資建議
SEL,3,2025-08-08,2025-08-11,6283,淳安,TWSE,S,,fV300,S2@5,252,331,漏網,1586,-5.721602,,atr14=0.089|n_lu_250=0.190|r20=0.429|c_ma120=0.061|vr20=0.521|days_since_lu=0.925|dt_ratio20=0.014|lend_to_v=0.965|rev_yoy=0.667|o_turn=0.041|o_log_mcap=0.108|o_lu_follow=0.548,"官方日成交結構(MI_INDEX/dailyQuotes)=1|發行股數(MI_QFIIS/dailyQuotes)=1|外資持股(MI_QFIIS,僅上市)=1|自營商(T86/上櫃三大法人)=1|當沖(TWTB4U/上櫃intraday)=1|季財報(MOPS t163sb04)=1|月營收(MOPS/openapi)=1|官方產業別(MOPS t05st03)=1|融資券(MI_MARGN)=1|借券(TWT93U)=1|法人(T86)=1",744,inf,250.0,official_prepanel,101.0,1.0,0.0,0.0,1,0,0.0,27.056,14.935,405.0,0,未扣成本·事後欄位以 m_ 標示·非投資建議
SEL,3,2025-08-11,2025-08-12,3071,協禧,TPEx,S,,fV300,S2@5,87,327,漏網,700,-4.291083,,atr14=0.221|n_lu_250=0.386|r20=0.714|c_ma120=0.341|vr20=0.847|days_since_lu=0.719|dt_ratio20=NaN|lend_to_v=0.394|rev_yoy=0.260|o_turn=0.203|o_log_mcap=0.050|o_lu_follow=0.348,"官方日成交結構(MI_INDEX/dailyQuotes)=1|發行股數(MI_QFIIS/dailyQuotes)=1|外資持股(MI_QFIIS,僅上市)=0|自營商(T86/上櫃三大法人)=1|當沖(TWTB4U/上櫃intraday)=1|季財報(MOPS t163sb04)=1|月營收(MOPS/openapi)=1|官方產業別(MOPS t05st03)=1|融資券(MI_MARGN)=1|借券(TWT93U)=1|法人(T86)=1",745,inf,250.0,official_prepanel,113.35,1.0,0.0,0.0,0,1,4.293,33.838,32.828,607.0,0,未扣成本·事後欄位以 m_ 標示·非投資建議
SEL,3,2025-08-11,2025-08-12,6265,方土昶,TPEx,S,,fP10|fV300,S2@5,28,327,漏網,774,-3.321925,,atr14=0.106|n_lu_250=0.386|r20=0.613|c_ma120=0.421|vr20=0.996|days_since_lu=0.719|dt_ratio20=NaN|lend_to_v=0.869|rev_yoy=0.805|o_turn=0.520|o_log_mcap=0.005|o_lu_follow=0.348,"官方日成交結構(MI_INDEX/dailyQuotes)=1|發行股數(MI_QFIIS/dailyQuotes)=1|外資持股(MI_QFIIS,僅上市)=0|自營商(T86/上櫃三大法人)=1|當沖(TWTB4U/上櫃intraday)=1|季財報(MOPS t163sb04)=1|月營收(MOPS/openapi)=1|官方產業別(MOPS t05st03)=1|融資券(MI_MARGN)=1|借券(TWT93U)=1|法人(T86)=1",745,inf,250.0,official_prepanel,115.1,1.0,0.0,0.0,0,1,6.811,11.971,10.423,750.0,0,未扣成本·事後欄位以 m_ 標示·非投資建議
SEL,3,2025-08-13,2025-08-14,6733,博晟生醫,TPEx,S,,fV300,S2@5,135,325,漏網,646,-4.2503,,atr14=0.369|n_lu_250=0.388|r20=0.489|c_ma120=0.477|vr20=0.220|days_since_lu=0.722|dt_ratio20=NaN|lend_to_v=NaN|rev_yoy=0.906|o_turn=0.030|o_log_mcap=0.153|o_lu_follow=0.349,"官方日成交結構(MI_INDEX/dailyQuotes)=1|發行股數(MI_QFIIS/dailyQuotes)=1|外資持股(MI_QFIIS,僅上市)=0|自營商(T86/上櫃三大法人)=1|當沖(TWTB4U/上櫃intraday)=0|季財報(MOPS t163sb04)=1|月營收(MOPS/openapi)=1|官方產業別(MOPS t05st03)=1|融資券(MI_MARGN)=0|借券(TWT93U)=0|法人(T86)=1",747,inf,250.0,official_prepanel,128.15,1.0,0.0,0.0,0,1,9.016,34.098,51.475,714.0,0,未扣成本·事後欄位以 m_ 標示·非投資建議
SEL,3,2025-08-14,2025-08-15,3508,位速,TPEx,S,,fV300,S2@5,27,323,漏網,591,-3.161297,,atr14=0.684|n_lu_250=0.806|r20=0.105|c_ma120=0.431|vr20=0.075|days_since_lu=0.214|dt_ratio20=NaN|lend_to_v=0.005|rev_yoy=0.863|o_turn=0.082|o_log_mcap=0.060|o_lu_follow=0.918,"官方日成交結構(MI_INDEX/dailyQuotes)=1|發行股數(MI_QFIIS/dailyQuotes)=1|外資持股(MI_QFIIS,僅上市)=0|自營商(T86/上櫃三大法人)=1|當沖(TWTB4U/上櫃intraday)=0|季財報(MOPS t163sb04)=1|月營收(MOPS/openapi)=1|官方產業別(MOPS t05st03)=1|融資券(MI_MARGN)=1|借券(TWT93U)=1|法人(T86)=1",748,inf,250.0,official_prepanel,205.65,2.0,0.0,0.0,0,1,4.978,21.212,19.913,997.0,0,未扣成本·事後欄位以 m_ 標示·非投資建議
SEL,3,2025-08-15,2025-08-18,2007,燁興,TWSE,S,,fP10|fV300,S2@5,89,330,漏網,834,-4.039244,,atr14=0.226|n_lu_250=0.697|r20=0.570|c_ma120=0.067|vr20=0.828|days_since_lu=0.719|dt_ratio20=NaN|lend_to_v=0.224|rev_yoy=0.080|o_turn=0.017|o_log_mcap=0.166|o_lu_follow=0.098,"官方日成交結構(MI_INDEX/dailyQuotes)=1|發行股數(MI_QFIIS/dailyQuotes)=1|外資持股(MI_QFIIS,僅上市)=1|自營商(T86/上櫃三大法人)=1|當沖(TWTB4U/上櫃intraday)=0|季財報(MOPS t163sb04)=1|月營收(MOPS/openapi)=1|官方產業別(MOPS t05st03)=1|融資券(MI_MARGN)=1|借券(TWT93U)=1|法人(T86)=1",749,inf,250.0,official_prepanel,175.0,1.0,0.0,0.0,0,1,9.664,14.228,10.872,1242.0,0,未扣成本·事後欄位以 m_ 標示·非投資建議
SEL,3,2025-08-22,2025-08-25,1506,正道,TWSE,S,,fV300,S2@5,120,313,漏網,1056,-4.480022,,atr14=0.054|n_lu_250=0.623|r20=0.426|c_ma120=0.270|vr20=0.743|days_since_lu=0.532|dt_ratio20=NaN|lend_to_v=0.006|rev_yoy=0.810|o_turn=0.023|o_log_mcap=0.162|o_lu_follow=0.137,"官方日成交結構(MI_INDEX/dailyQuotes)=1|發行股數(MI_QFIIS/dailyQuotes)=1|外資持股(MI_QFIIS,僅上市)=1|自營商(T86/上櫃三大法人)=1|當沖(TWTB4U/上櫃intraday)=0|季財報(MOPS t163sb04)=1|月營收(MOPS/openapi)=1|官方產業別(MOPS t05st03)=1|融資券(MI_MARGN)=1|借券(TWT93U)=1|法人(T86)=1",754,inf,250.0,official_prepanel,150.2,1.0,0.0,0.0,0,1,8.085,19.574,19.574,969.0,0,未扣成本·事後欄位以 m_ 標示·非投資建議
SEL,3,2025-08-22,2025-08-25,5484,慧友,TWSE,S,,fV300,S2@5,62,313,漏網,736,-3.792902,,atr14=0.642|n_lu_250=0.931|r20=0.252|c_ma120=0.133|vr20=0.449|days_since_lu=0.414|dt_ratio20=NaN|lend_to_v=0.006|rev_yoy=0.541|o_turn=0.313|o_log_mcap=0.099|o_lu_follow=0.733,"官方日成交結構(MI_INDEX/dailyQuotes)=1|發行股數(MI_QFIIS/dailyQuotes)=1|外資持股(MI_QFIIS,僅上市)=1|自營商(T86/上櫃三大法人)=1|當沖(TWTB4U/上櫃intraday)=0|季財報(MOPS t163sb04)=1|月營收(MOPS/openapi)=1|官方產業別(MOPS t05st03)=1|融資券(MI_MARGN)=1|借券(TWT93U)=1|法人(T86)=1",754,inf,250.0,official_prepanel,249.6,2.0,0.0,0.0,0,1,7.246,27.931,16.469,748.0,0,未扣成本·事後欄位以 m_ 標示·非投資建議
SEL,3,2025-08-27,2025-08-28,8121,越峰,TPEx,S,,fV300,S2@5,69,307,漏網,620,-3.763531,,atr14=0.789|n_lu_250=0.526|r20=0.479|c_ma120=0.213|vr20=0.562|days_since_lu=0.471|dt_ratio20=NaN|lend_to_v=0.114|rev_yoy=0.162|o_turn=0.093|o_log_mcap=0.222|o_lu_follow=0.216,"官方日成交結構(MI_INDEX/dailyQuotes)=1|發行股數(MI_QFIIS/dailyQuotes)=1|外資持股(MI_QFIIS,僅上市)=0|自營商(T86/上櫃三大法人)=1|當沖(TWTB4U/上櫃intraday)=0|季財報(MOPS t163sb04)=1|月營收(MOPS/openapi)=1|官方產業別(MOPS t05st03)=1|融資券(MI_MARGN)=1|借券(TWT93U)=1|法人(T86)=1",757,inf,250.0,official_prepanel,292.15,2.0,0.0,0.0,0,1,9.487,29.744,31.538,1314.0,0,未扣成本·事後欄位以 m_ 標示·非投資建議
SEL,3,2025-08-27,2025-08-28,8183,,TPEx,S,,fV300,S2@5,153,307,漏網,1026,-4.632646,,atr14=0.135|n_lu_250=0.399|r20=0.523|c_ma120=0.229|vr20=0.866|days_since_lu=0.733|dt_ratio20=NaN|lend_to_v=0.829|rev_yoy=0.517|o_turn=0.356|o_log_mcap=0.167|o_lu_follow=0.335,"官方日成交結構(MI_INDEX/dailyQuotes)=1|發行股數(MI_QFIIS/dailyQuotes)=1|外資持股(MI_QFIIS,僅上市)=0|自營商(T86/上櫃三大法人)=1|當沖(TWTB4U/上櫃intraday)=1|季財報(MOPS t163sb04)=0|月營收(MOPS/openapi)=1|官方產業別(MOPS t05st03)=0|融資券(MI_MARGN)=1|借券(TWT93U)=1|法人(T86)=1",757,inf,250.0,fallback_prepanel,249.45,2.0,0.0,0.0,0,1,9.156,11.131,7.002,1366.0,0,未扣成本·事後欄位以 m_ 標示·非投資建議
SEL,3,2025-08-28,2025-08-29,3372,典範,TPEx,S,,fV300,S2@5,57,296,漏網,760,-3.70255,,atr14=0.222|n_lu_250=0.698|r20=0.440|c_ma120=0.324|vr20=0.907|days_since_lu=0.528|dt_ratio20=NaN|lend_to_v=0.360|rev_yoy=0.828|o_turn=0.278|o_log_mcap=0.090|o_lu_follow=0.088,"官方日成交結構(MI_INDEX/dailyQuotes)=1|發行股數(MI_QFIIS/dailyQuotes)=1|外資持股(MI_QFIIS,僅上市)=0|自營商(T86/上櫃三大法人)=1|當沖(TWTB4U/上櫃intraday)=0|季財報(MOPS t163sb04)=1|月營收(MOPS/openapi)=1|官方產業別(MOPS t05st03)=1|融資券(MI_MARGN)=1|借券(TWT93U)=1|法人(T86)=1",758,inf,250.0,official_prepanel,207.55,2.0,0.0,0.0,0,1,8.955,13.433,12.313,1119.0,0,未扣成本·事後欄位以 m_ 標示·非投資建議
SEL,3,2025-09-02,2025-09-03,3522,御嵿,TPEx,S,,fV300,S2@5,56,310,漏網,1380,-3.739897,,atr14=0.154|n_lu_250=0.613|r20=0.271|c_ma120=0.024|vr20=0.393|days_since_lu=0.555|dt_ratio20=NaN|lend_to_v=0.008|rev_yoy=0.751|o_turn=0.105|o_log_mcap=0.009|o_lu_follow=0.139,"官方日成交結構(MI_INDEX/dailyQuotes)=1|發行股數(MI_QFIIS/dailyQuotes)=1|外資持股(MI_QFIIS,僅上市)=0|自營商(T86/上櫃三大法人)=1|當沖(TWTB4U/上櫃intraday)=0|季財報(MOPS t163sb04)=1|月營收(MOPS/openapi)=1|官方產業別(MOPS t05st03)=1|融資券(MI_MARGN)=1|借券(TWT93U)=1|法人(T86)=1",761,inf,250.0,official_prepanel,149.3,1.0,0.0,0.0,0,1,9.339,12.062,13.619,451.0,0,未扣成本·事後欄位以 m_ 標示·非投資建議
SEL,3,2025-09-02,2025-09-03,4108,懷特,TWSE,S,,fV300,S2@5,37,310,漏網,515,-3.372768,,atr14=0.377|n_lu_250=0.513|r20=0.772|c_ma120=0.429|vr20=0.632|days_since_lu=0.083|dt_ratio20=NaN|lend_to_v=0.008|rev_yoy=0.322|o_turn=0.087|o_log_mcap=0.131|o_lu_follow=0.219,"官方日成交結構(MI_INDEX/dailyQuotes)=1|發行股數(MI_QFIIS/dailyQuotes)=1|外資持股(MI_QFIIS,僅上市)=1|自營商(T86/上櫃三大法人)=1|當沖(TWTB4U/上櫃intraday)=0|季財報(MOPS t163sb04)=1|月營收(MOPS/openapi)=1|官方產業別(MOPS t05st03)=1|融資券(MI_MARGN)=1|借券(TWT93U)=1|法人(T86)=1",761,inf,250.0,official_prepanel,235.9,2.0,0.0,0.0,0,1,9.123,21.404,15.088,1725.0,0,未扣成本·事後欄位以 m_ 標示·非投資建議
SEL,3,2025-09-03,2025-09-04,2509,全坤建,TWSE,S,,fV300,S2@5,25,307,漏網,735,-3.081786,,atr14=0.309|n_lu_250=0.193|r20=0.710|c_ma120=0.449|vr20=0.927|days_since_lu=0.744|dt_ratio20=NaN|lend_to_v=0.919|rev_yoy=0.001|o_turn=0.161|o_log_mcap=0.166|o_lu_follow=0.539,"官方日成交結構(MI_INDEX/dailyQuotes)=1|發行股數(MI_QFIIS/dailyQuotes)=1|外資持股(MI_QFIIS,僅上市)=1|自營商(T86/上櫃三大法人)=1|當沖(TWTB4U/上櫃intraday)=1|季財報(MOPS t163sb04)=1|月營收(MOPS/openapi)=1|官方產業別(MOPS t05st03)=1|融資券(MI_MARGN)=1|借券(TWT93U)=1|法人(T86)=1",762,inf,250.0,official_prepanel,137.15,1.0,0.0,0.0,0,1,9.247,11.301,19.521,614.0,0,未扣成本·事後欄位以 m_ 標示·非投資建議
SEL,3,2025-09-03,2025-09-04,7714,創泓科技,TPEx,S,,fV300,S2@5,38,307,漏網,158,-3.464198,,atr14=0.893|n_lu_250=0.875|r20=0.846|c_ma120=0.628|vr20=0.448|days_since_lu=0.119|dt_ratio20=NaN|lend_to_v=NaN|rev_yoy=0.937|o_turn=0.547|o_log_mcap=0.100|o_lu_follow=0.939,"官方日成交結構(MI_INDEX/dailyQuotes)=1|發行股數(MI_QFIIS/dailyQuotes)=1|外資持股(MI_QFIIS,僅上市)=0|自營商(T86/上櫃三大法人)=1|當沖(TWTB4U/上櫃intraday)=0|季財報(MOPS t163sb04)=1|月營收(MOPS/openapi)=1|官方產業別(MOPS t05st03)=1|融資券(MI_MARGN)=0|借券(TWT93U)=0|法人(T86)=1",154,154.0,154.0,official,215.5,2.0,0.0,0.0,0,1,9.211,36.842,30.263,343.0,0,未扣成本·事後欄位以 m_ 標示·非投資建議
SEL,3,2025-09-05,2025-09-08,6732,昇佳電子,TPEx,S,,fV300,S2@5,45,328,漏網,311,-3.232298,,atr14=0.640|n_lu_250=0.503|r20=0.881|c_ma120=0.644|vr20=0.945|days_since_lu=0.037|dt_ratio20=NaN|lend_to_v=0.403|rev_yoy=0.315|o_turn=0.756|o_log_mcap=0.472|o_lu_follow=0.221,"官方日成交結構(MI_INDEX/dailyQuotes)=1|發行股數(MI_QFIIS/dailyQuotes)=1|外資持股(MI_QFIIS,僅上市)=0|自營商(T86/上櫃三大法人)=1|當沖(TWTB4U/上櫃intraday)=1|季財報(MOPS t163sb04)=1|月營收(MOPS/openapi)=1|官方產業別(MOPS t05st03)=1|融資券(MI_MARGN)=1|借券(TWT93U)=1|法人(T86)=1",764,inf,250.0,official_prepanel,250.45,2.0,0.0,0.0,0,1,0.676,11.712,7.432,350.0,0,未扣成本·事後欄位以 m_ 標示·非投資建議
SEL,3,2025-09-12,2025-09-15,3713,新晶投控,TPEx,S,,fV300,S2@5,16,331,漏網,363,-2.443718,,atr14=0.809|n_lu_250=0.364|r20=0.807|c_ma120=0.472|vr20=0.954|days_since_lu=0.177|dt_ratio20=NaN|lend_to_v=NaN|rev_yoy=0.144|o_turn=0.581|o_log_mcap=0.054|o_lu_follow=0.338,"官方日成交結構(MI_INDEX/dailyQuotes)=1|發行股數(MI_QFIIS/dailyQuotes)=1|外資持股(MI_QFIIS,僅上市)=0|自營商(T86/上櫃三大法人)=1|當沖(TWTB4U/上櫃intraday)=0|季財報(MOPS t163sb04)=1|月營收(MOPS/openapi)=1|官方產業別(MOPS t05st03)=1|融資券(MI_MARGN)=0|借券(TWT93U)=0|法人(T86)=1",769,inf,250.0,official_prepanel,230.4,2.0,0.0,0.0,0,1,9.856,29.087,9.856,947.0,0,未扣成本·事後欄位以 m_ 標示·非投資建議
SEL,3,2025-09-15,2025-09-16,2444,兆勁,TWSE,S,,fV300,S2@5,54,333,漏網,1504,-3.776636,,atr14=0.117|n_lu_250=0.725|r20=0.117|c_ma120=0.063|vr20=0.916|days_since_lu=0.773|dt_ratio20=NaN|lend_to_v=0.012|rev_yoy=0.052|o_turn=0.418|o_log_mcap=0.007|o_lu_follow=0.772,"官方日成交結構(MI_INDEX/dailyQuotes)=1|發行股數(MI_QFIIS/dailyQuotes)=1|外資持股(MI_QFIIS,僅上市)=1|自營商(T86/上櫃三大法人)=1|當沖(TWTB4U/上櫃intraday)=0|季財報(MOPS t163sb04)=1|月營收(MOPS/openapi)=1|官方產業別(MOPS t05st03)=1|融資券(MI_MARGN)=1|借券(TWT93U)=1|法人(T86)=1",770,inf,250.0,official_prepanel,235.9,2.0,0.0,0.0,0,1,6.075,13.551,10.28,772.0,0,未扣成本·事後欄位以 m_ 標示·非投資建議
SEL,3,2025-09-15,2025-09-16,4130,,TPEx,S,,fV300,S2@5,189,333,漏網,1308,-5.312945,,atr14=0.049|n_lu_250=0.360|r20=0.572|c_ma120=0.181|vr20=0.931|days_since_lu=0.773|dt_ratio20=NaN|lend_to_v=0.732|rev_yoy=NaN|o_turn=0.202|o_log_mcap=0.073|o_lu_follow=0.338,"官方日成交結構(MI_INDEX/dailyQuotes)=1|發行股數(MI_QFIIS/dailyQuotes)=1|外資持股(MI_QFIIS,僅上市)=0|自營商(T86/上櫃三大法人)=1|當沖(TWTB4U/上櫃intraday)=1|季財報(MOPS t163sb04)=0|月營收(MOPS/openapi)=0|官方產業別(MOPS t05st03)=0|融資券(MI_MARGN)=1|借券(TWT93U)=1|法人(T86)=1",770,inf,250.0,fallback_prepanel,113.95,1.0,0.0,0.0,1,0,0.0,14.074,13.827,433.0,0,未扣成本·事後欄位以 m_ 標示·非投資建議
SEL,3,2025-09-17,2025-09-18,6161,捷波,TPEx,S,,fV300,S2@5,33,347,漏網,363,-3.328175,,atr14=0.484|n_lu_250=0.480|r20=0.850|c_ma120=0.644|vr20=0.814|days_since_lu=0.044|dt_ratio20=NaN|lend_to_v=0.101|rev_yoy=0.897|o_turn=0.566|o_log_mcap=0.099|o_lu_follow=0.223,"官方日成交結構(MI_INDEX/dailyQuotes)=1|發行股數(MI_QFIIS/dailyQuotes)=1|外資持股(MI_QFIIS,僅上市)=0|自營商(T86/上櫃三大法人)=1|當沖(TWTB4U/上櫃intraday)=1|季財報(MOPS t163sb04)=1|月營收(MOPS/openapi)=1|官方產業別(MOPS t05st03)=1|融資券(MI_MARGN)=1|借券(TWT93U)=1|法人(T86)=1",772,inf,250.0,official_prepanel,291.25,2.0,0.0,1.0,0,1,9.681,27.613,10.011,1064.0,0,未扣成本·事後欄位以 m_ 標示·非投資建議
SEL,3,2025-09-18,2025-09-19,3236,千如,TPEx,S,,fV300,S2@5,80,338,漏網,672,-3.85942,,atr14=0.137|n_lu_250=0.481|r20=0.587|c_ma120=0.562|vr20=0.686|days_since_lu=0.529|dt_ratio20=NaN|lend_to_v=0.163|rev_yoy=0.628|o_turn=0.212|o_log_mcap=0.045|o_lu_follow=0.219,"官方日成交結構(MI_INDEX/dailyQuotes)=1|發行股數(MI_QFIIS/dailyQuotes)=1|外資持股(MI_QFIIS,僅上市)=0|自營商(T86/上櫃三大法人)=1|當沖(TWTB4U/上櫃intraday)=1|季財報(MOPS t163sb04)=1|月營收(MOPS/openapi)=1|官方產業別(MOPS t05st03)=1|融資券(MI_MARGN)=1|借券(TWT93U)=1|法人(T86)=1",773,inf,250.0,official_prepanel,204.55,2.0,0.0,0.0,0,1,8.989,18.258,18.539,3056.0,0,未扣成本·事後欄位以 m_ 標示·非投資建議
SEL,3,2025-09-26,2025-09-30,6785,昱展新藥,TPEx,S,,fV300,S2@5,202,351,漏網,248,-5.419828,,atr14=0.603|n_lu_250=0.778|r20=0.433|c_ma120=0.926|vr20=0.146|days_since_lu=0.341|dt_ratio20=NaN|lend_to_v=0.667|rev_yoy=NaN|o_turn=0.130|o_log_mcap=0.580|o_lu_follow=0.039,"官方日成交結構(MI_INDEX/dailyQuotes)=1|發行股數(MI_QFIIS/dailyQuotes)=1|外資持股(MI_QFIIS,僅上市)=0|自營商(T86/上櫃三大法人)=1|當沖(TWTB4U/上櫃intraday)=1|季財報(MOPS t163sb04)=0|月營收(MOPS/openapi)=0|官方產業別(MOPS t05st03)=1|融資券(MI_MARGN)=1|借券(TWT93U)=1|法人(T86)=1",406,406.0,250.0,official,230.5,2.0,0.0,0.0,0,1,9.07,26.512,30.233,491.0,0,未扣成本·事後欄位以 m_ 標示·非投資建議
SEL,4,2025-10-02,2025-10-03,8176,智捷,TPEx,S,,fV300,S2@5,25,349,漏網,883,-3.299818,,atr14=0.259|n_lu_250=0.732|r20=0.347|c_ma120=0.268|vr20=0.920|days_since_lu=0.387|dt_ratio20=NaN|lend_to_v=0.010|rev_yoy=0.012|o_turn=0.445|o_log_mcap=0.000|o_lu_follow=0.061,"官方日成交結構(MI_INDEX/dailyQuotes)=1|發行股數(MI_QFIIS/dailyQuotes)=1|外資持股(MI_QFIIS,僅上市)=0|自營商(T86/上櫃三大法人)=1|當沖(TWTB4U/上櫃intraday)=0|季財報(MOPS t163sb04)=1|月營收(MOPS/openapi)=1|官方產業別(MOPS t05st03)=1|融資券(MI_MARGN)=1|借券(TWT93U)=1|法人(T86)=1",782,inf,250.0,official_prepanel,170.1,1.0,0.0,0.0,0,1,10.0,5.714,1.429,1678.0,0,未扣成本·事後欄位以 m_ 標示·非投資建議
SEL,4,2025-10-03,2025-10-07,2465,麗臺,TWSE,S,,fV300,S2@5,83,356,漏網,807,-4.215022,,atr14=0.432|n_lu_250=0.794|r20=0.284|c_ma120=0.213|vr20=0.811|days_since_lu=0.483|dt_ratio20=NaN|lend_to_v=0.010|rev_yoy=0.054|o_turn=0.474|o_log_mcap=0.251|o_lu_follow=0.683,"官方日成交結構(MI_INDEX/dailyQuotes)=1|發行股數(MI_QFIIS/dailyQuotes)=1|外資持股(MI_QFIIS,僅上市)=1|自營商(T86/上櫃三大法人)=1|當沖(TWTB4U/上櫃intraday)=0|季財報(MOPS t163sb04)=1|月營收(MOPS/openapi)=1|官方產業別(MOPS t05st03)=1|融資券(MI_MARGN)=1|借券(TWT93U)=1|法人(T86)=1",783,inf,250.0,official_prepanel,283.8,2.0,0.0,0.0,1,0,0.0,7.177,17.813,729.0,0,未扣成本·事後欄位以 m_ 標示·非投資建議
SEL,4,2025-10-07,2025-10-08,2380,虹光,TWSE,S,,fP10|fV300,S2@5,18,350,漏網,452,-2.952779,,atr14=0.773|n_lu_250=0.908|r20=0.013|c_ma120=0.705|vr20=0.625|days_since_lu=0.232|dt_ratio20=NaN|lend_to_v=0.011|rev_yoy=0.864|o_turn=0.022|o_log_mcap=0.003|o_lu_follow=0.962,"官方日成交結構(MI_INDEX/dailyQuotes)=1|發行股數(MI_QFIIS/dailyQuotes)=1|外資持股(MI_QFIIS,僅上市)=1|自營商(T86/上櫃三大法人)=0|當沖(TWTB4U/上櫃intraday)=0|季財報(MOPS t163sb04)=1|月營收(MOPS/openapi)=1|官方產業別(MOPS t05st03)=1|融資券(MI_MARGN)=1|借券(TWT93U)=1|法人(T86)=0",784,inf,250.0,official_prepanel,145.5,1.0,0.0,0.0,1,0,0.0,10.124,9.947,129.0,0,未扣成本·事後欄位以 m_ 標示·非投資建議
SEL,4,2025-10-07,2025-10-08,3631,晟楠,TPEx,S,,fV300,S2@5,11,350,漏網,450,-2.699291,,atr14=0.636|n_lu_250=0.476|r20=0.939|c_ma120=0.232|vr20=0.973|days_since_lu=0.017|dt_ratio20=NaN|lend_to_v=0.343|rev_yoy=0.025|o_turn=0.391|o_log_mcap=0.042|o_lu_follow=0.224,"官方日成交結構(MI_INDEX/dailyQuotes)=1|發行股數(MI_QFIIS/dailyQuotes)=1|外資持股(MI_QFIIS,僅上市)=0|自營商(T86/上櫃三大法人)=1|當沖(TWTB4U/上櫃intraday)=1|季財報(MOPS t163sb04)=1|月營收(MOPS/openapi)=1|官方產業別(MOPS t05st03)=1|融資券(MI_MARGN)=1|借券(TWT93U)=1|法人(T86)=1",784,inf,250.0,official_prepanel,108.0,1.0,0.0,0.0,0,1,2.128,8.704,3.288,241.0,0,未扣成本·事後欄位以 m_ 標示·非投資建議
SEL,4,2025-10-09,2025-10-13,1526,日馳,TWSE,S,,fV300,S2@5,24,339,漏網,1538,-3.21188,,atr14=0.303|n_lu_250=0.351|r20=0.227|c_ma120=0.034|vr20=0.938|days_since_lu=0.597|dt_ratio20=0.005|lend_to_v=0.400|rev_yoy=0.884|o_turn=0.414|o_log_mcap=0.000|o_lu_follow=0.339,"官方日成交結構(MI_INDEX/dailyQuotes)=1|發行股數(MI_QFIIS/dailyQuotes)=1|外資持股(MI_QFIIS,僅上市)=1|自營商(T86/上櫃三大法人)=1|當沖(TWTB4U/上櫃intraday)=1|季財報(MOPS t163sb04)=1|月營收(MOPS/openapi)=1|官方產業別(MOPS t05st03)=1|融資券(MI_MARGN)=1|借券(TWT93U)=1|法人(T86)=1",786,inf,250.0,official_prepanel,118.8,1.0,0.0,0.0,0,1,13.016,22.857,17.778,588.0,0,未扣成本·事後欄位以 m_ 標示·非投資建議
SEL,4,2025-10-13,2025-10-14,6560,欣普羅,TPEx,S,,fV300,S2@5,69,334,漏網,731,-3.974456,,atr14=0.416|n_lu_250=0.947|r20=0.139|c_ma120=0.334|vr20=0.305|days_since_lu=0.282|dt_ratio20=NaN|lend_to_v=NaN|rev_yoy=0.009|o_turn=0.295|o_log_mcap=0.002|o_lu_follow=0.992,"官方日成交結構(MI_INDEX/dailyQuotes)=1|發行股數(MI_QFIIS/dailyQuotes)=1|外資持股(MI_QFIIS,僅上市)=0|自營商(T86/上櫃三大法人)=1|當沖(TWTB4U/上櫃intraday)=0|季財報(MOPS t163sb04)=1|月營收(MOPS/openapi)=1|官方產業別(MOPS t05st03)=1|融資券(MI_MARGN)=0|借券(TWT93U)=0|法人(T86)=1",787,inf,250.0,official_prepanel,137.8,1.0,0.0,0.0,1,0,0.0,-1.496,1.611,228.0,0,未扣成本·事後欄位以 m_ 標示·非投資建議
SEL,4,2025-10-17,2025-10-20,5228,鈺鎧,TPEx,S,,fV300|fH125,S2@5,58,331,漏網,283,-4.075785,,atr14=0.566|n_lu_250=0.486|r20=0.898|c_ma120=NaN|vr20=0.000|days_since_lu=0.140|dt_ratio20=NaN|lend_to_v=0.044|rev_yoy=0.759|o_turn=0.000|o_log_mcap=0.000|o_lu_follow=0.928,"官方日成交結構(MI_INDEX/dailyQuotes)=1|發行股數(MI_QFIIS/dailyQuotes)=1|外資持股(MI_QFIIS,僅上市)=0|自營商(T86/上櫃三大法人)=0|當沖(TWTB4U/上櫃intraday)=1|季財報(MOPS t163sb04)=1|月營收(MOPS/openapi)=1|官方產業別(MOPS t05st03)=1|融資券(MI_MARGN)=1|借券(TWT93U)=1|法人(T86)=0",791,inf,250.0,official_prepanel,105.6,1.0,0.0,0.0,1,0,0.0,1.579,-3.684,132.0,0,未扣成本·事後欄位以 m_ 標示·非投資建議
SEL,4,2025-10-17,2025-10-20,6411,晶焱,TPEx,S,,fV300,S2@5,261,331,漏網,1223,-6.038405,,atr14=0.302|n_lu_250=0.180|r20=0.305|c_ma120=0.387|vr20=0.164|days_since_lu=0.788|dt_ratio20=NaN|lend_to_v=0.706|rev_yoy=0.121|o_turn=0.018|o_log_mcap=0.334|o_lu_follow=0.539,"官方日成交結構(MI_INDEX/dailyQuotes)=1|發行股數(MI_QFIIS/dailyQuotes)=1|外資持股(MI_QFIIS,僅上市)=0|自營商(T86/上櫃三大法人)=1|當沖(TWTB4U/上櫃intraday)=1|季財報(MOPS t163sb04)=1|月營收(MOPS/openapi)=1|官方產業別(MOPS t05st03)=1|融資券(MI_MARGN)=1|借券(TWT93U)=1|法人(T86)=1",791,inf,250.0,official_prepanel,152.2,1.0,0.0,0.0,0,1,9.914,40.805,29.31,838.0,0,未扣成本·事後欄位以 m_ 標示·非投資建議
SEL,4,2025-10-27,2025-10-28,4741,泓瀚,TPEx,S,,fV300,S2@5,66,357,漏網,1281,-3.760333,,atr14=0.132|n_lu_250=0.177|r20=0.618|c_ma120=0.184|vr20=0.895|days_since_lu=0.939|dt_ratio20=NaN|lend_to_v=0.268|rev_yoy=0.720|o_turn=0.515|o_log_mcap=0.001|o_lu_follow=0.529,"官方日成交結構(MI_INDEX/dailyQuotes)=1|發行股數(MI_QFIIS/dailyQuotes)=1|外資持股(MI_QFIIS,僅上市)=0|自營商(T86/上櫃三大法人)=1|當沖(TWTB4U/上櫃intraday)=1|季財報(MOPS t163sb04)=1|月營收(MOPS/openapi)=1|官方產業別(MOPS t05st03)=1|融資券(MI_MARGN)=1|借券(TWT93U)=1|法人(T86)=1",796,inf,250.0,official_prepanel,122.7,1.0,0.0,0.0,0,1,9.297,7.483,-1.814,1973.0,0,未扣成本·事後欄位以 m_ 標示·非投資建議
SEL,4,2025-10-30,2025-10-31,8440,綠電,TPEx,S,,fV300,S2@5,16,362,漏網,1304,-2.879622,,atr14=0.402|n_lu_250=0.480|r20=0.247|c_ma120=0.043|vr20=0.874|days_since_lu=0.796|dt_ratio20=NaN|lend_to_v=0.594|rev_yoy=0.250|o_turn=0.375|o_log_mcap=0.011|o_lu_follow=0.219,"官方日成交結構(MI_INDEX/dailyQuotes)=1|發行股數(MI_QFIIS/dailyQuotes)=1|外資持股(MI_QFIIS,僅上市)=0|自營商(T86/上櫃三大法人)=1|當沖(TWTB4U/上櫃intraday)=1|季財報(MOPS t163sb04)=1|月營收(MOPS/openapi)=1|官方產業別(MOPS t05st03)=1|融資券(MI_MARGN)=1|借券(TWT93U)=1|法人(T86)=1",799,inf,250.0,official_prepanel,110.25,1.0,0.0,0.0,0,1,9.897,15.258,7.216,779.0,0,未扣成本·事後欄位以 m_ 標示·非投資建議
SEL,4,2025-11-11,2025-11-12,3092,鴻碩,TWSE,S,,fV300,S2@5,28,373,漏網,1485,-2.987599,,atr14=0.426|n_lu_250=0.477|r20=0.127|c_ma120=0.015|vr20=0.816|days_since_lu=0.293|dt_ratio20=0.016|lend_to_v=0.757|rev_yoy=0.426|o_turn=0.186|o_log_mcap=0.020|o_lu_follow=0.223,"官方日成交結構(MI_INDEX/dailyQuotes)=1|發行股數(MI_QFIIS/dailyQuotes)=1|外資持股(MI_QFIIS,僅上市)=1|自營商(T86/上櫃三大法人)=1|當沖(TWTB4U/上櫃intraday)=1|季財報(MOPS t163sb04)=1|月營收(MOPS/openapi)=1|官方產業別(MOPS t05st03)=1|融資券(MI_MARGN)=1|借券(TWT93U)=1|法人(T86)=1",807,inf,250.0,official_prepanel,147.6,1.0,0.0,0.0,0,1,9.363,18.727,10.112,688.0,0,未扣成本·事後欄位以 m_ 標示·非投資建議
SEL,4,2025-11-26,2025-11-27,2460,建通,TWSE,S,,fV300,S2@5,46,387,漏網,1200,-3.619548,,atr14=0.586|n_lu_250=0.676|r20=0.085|c_ma120=0.062|vr20=0.540|days_since_lu=0.518|dt_ratio20=NaN|lend_to_v=0.129|rev_yoy=0.432|o_turn=0.114|o_log_mcap=0.078|o_lu_follow=0.100,"官方日成交結構(MI_INDEX/dailyQuotes)=1|發行股數(MI_QFIIS/dailyQuotes)=1|外資持股(MI_QFIIS,僅上市)=1|自營商(T86/上櫃三大法人)=1|當沖(TWTB4U/上櫃intraday)=0|季財報(MOPS t163sb04)=1|月營收(MOPS/openapi)=1|官方產業別(MOPS t05st03)=1|融資券(MI_MARGN)=1|借券(TWT93U)=1|法人(T86)=1",818,inf,250.0,official_prepanel,284.05,2.0,0.0,0.0,0,1,7.947,19.205,37.086,1135.0,0,未扣成本·事後欄位以 m_ 標示·非投資建議
SEL,4,2025-12-01,2025-12-02,3354,律勝,TPEx,S,,fV300,S2@5,95,391,漏網,326,-4.259601,,atr14=0.447|n_lu_250=0.571|r20=0.791|c_ma120=0.458|vr20=0.476|days_since_lu=0.621|dt_ratio20=NaN|lend_to_v=0.356|rev_yoy=0.120|o_turn=0.105|o_log_mcap=0.007|o_lu_follow=0.097,"官方日成交結構(MI_INDEX/dailyQuotes)=1|發行股數(MI_QFIIS/dailyQuotes)=1|外資持股(MI_QFIIS,僅上市)=0|自營商(T86/上櫃三大法人)=1|當沖(TWTB4U/上櫃intraday)=1|季財報(MOPS t163sb04)=1|月營收(MOPS/openapi)=1|官方產業別(MOPS t05st03)=1|融資券(MI_MARGN)=1|借券(TWT93U)=1|法人(T86)=1",821,inf,250.0,official_prepanel,116.95,1.0,0.0,0.0,0,1,9.412,24.118,21.765,693.0,0,未扣成本·事後欄位以 m_ 標示·非投資建議
SEL,4,2025-12-03,2025-12-04,4562,穎漢,TWSE,S,,fV300,S2@5,38,394,漏網,1013,-3.421637,,atr14=0.659|n_lu_250=0.876|r20=0.123|c_ma120=0.007|vr20=0.691|days_since_lu=0.619|dt_ratio20=0.623|lend_to_v=0.836|rev_yoy=0.146|o_turn=0.346|o_log_mcap=0.114|o_lu_follow=0.942,"官方日成交結構(MI_INDEX/dailyQuotes)=1|發行股數(MI_QFIIS/dailyQuotes)=1|外資持股(MI_QFIIS,僅上市)=1|自營商(T86/上櫃三大法人)=1|當沖(TWTB4U/上櫃intraday)=1|季財報(MOPS t163sb04)=1|月營收(MOPS/openapi)=1|官方產業別(MOPS t05st03)=1|融資券(MI_MARGN)=1|借券(TWT93U)=1|法人(T86)=1",823,inf,250.0,official_prepanel,258.1,2.0,0.0,0.0,0,1,3.877,-3.209,-3.743,401.0,0,未扣成本·事後欄位以 m_ 標示·非投資建議
SEL,4,2025-12-03,2025-12-04,5484,慧友,TWSE,S,,fV300,S2@5,52,394,漏網,719,-3.61395,,atr14=0.635|n_lu_250=0.901|r20=0.251|c_ma120=0.151|vr20=0.433|days_since_lu=0.475|dt_ratio20=NaN|lend_to_v=0.010|rev_yoy=0.860|o_turn=0.164|o_log_mcap=0.064|o_lu_follow=0.823,"官方日成交結構(MI_INDEX/dailyQuotes)=1|發行股數(MI_QFIIS/dailyQuotes)=1|外資持股(MI_QFIIS,僅上市)=1|自營商(T86/上櫃三大法人)=1|當沖(TWTB4U/上櫃intraday)=0|季財報(MOPS t163sb04)=1|月營收(MOPS/openapi)=1|官方產業別(MOPS t05st03)=1|融資券(MI_MARGN)=1|借券(TWT93U)=1|法人(T86)=1",823,inf,250.0,official_prepanel,153.35,1.0,0.0,0.0,0,1,7.873,8.011,4.972,658.0,0,未扣成本·事後欄位以 m_ 標示·非投資建議
SEL,4,2025-12-03,2025-12-04,8374,羅昇,TWSE,S,,fV300,S2@5,87,394,漏網,1164,-4.099486,,atr14=0.670|n_lu_250=0.670|r20=0.093|c_ma120=0.021|vr20=0.886|days_since_lu=0.494|dt_ratio20=0.682|lend_to_v=0.900|rev_yoy=0.427|o_turn=0.505|o_log_mcap=0.357|o_lu_follow=0.100,"官方日成交結構(MI_INDEX/dailyQuotes)=1|發行股數(MI_QFIIS/dailyQuotes)=1|外資持股(MI_QFIIS,僅上市)=1|自營商(T86/上櫃三大法人)=1|當沖(TWTB4U/上櫃intraday)=1|季財報(MOPS t163sb04)=1|月營收(MOPS/openapi)=1|官方產業別(MOPS t05st03)=1|融資券(MI_MARGN)=1|借券(TWT93U)=1|法人(T86)=1",823,inf,250.0,official_prepanel,262.8,2.0,0.0,0.0,0,1,2.209,-1.84,-5.031,635.0,0,未扣成本·事後欄位以 m_ 標示·非投資建議
SEL,4,2025-12-04,2025-12-05,8499,鼎炫-KY,TWSE,S,,fV300,S2@5,35,388,漏網,105,-3.212682,,atr14=0.700|n_lu_250=0.833|r20=0.851|c_ma120=0.829|vr20=0.913|days_since_lu=0.477|dt_ratio20=0.672|lend_to_v=0.423|rev_yoy=0.940|o_turn=0.681|o_log_mcap=0.473|o_lu_follow=0.889,"官方日成交結構(MI_INDEX/dailyQuotes)=1|發行股數(MI_QFIIS/dailyQuotes)=1|外資持股(MI_QFIIS,僅上市)=1|自營商(T86/上櫃三大法人)=1|當沖(TWTB4U/上櫃intraday)=1|季財報(MOPS t163sb04)=1|月營收(MOPS/openapi)=1|官方產業別(MOPS t05st03)=1|融資券(MI_MARGN)=1|借券(TWT93U)=1|法人(T86)=1",824,inf,250.0,official_prepanel,155.4,1.0,0.0,0.0,0,1,9.532,32.441,32.107,605.0,0,未扣成本·事後欄位以 m_ 標示·非投資建議
SEL,4,2025-12-10,2025-12-11,3701,大眾控,TWSE,S,,fV300,S2@5,117,392,漏網,1266,-4.329308,,atr14=0.373|n_lu_250=0.661|r20=0.155|c_ma120=0.082|vr20=0.877|days_since_lu=0.528|dt_ratio20=0.414|lend_to_v=0.853|rev_yoy=0.034|o_turn=0.249|o_log_mcap=0.304|o_lu_follow=0.099,"官方日成交結構(MI_INDEX/dailyQuotes)=1|發行股數(MI_QFIIS/dailyQuotes)=1|外資持股(MI_QFIIS,僅上市)=1|自營商(T86/上櫃三大法人)=1|當沖(TWTB4U/上櫃intraday)=1|季財報(MOPS t163sb04)=1|月營收(MOPS/openapi)=1|官方產業別(MOPS t05st03)=1|融資券(MI_MARGN)=1|借券(TWT93U)=1|法人(T86)=1",828,inf,250.0,official_prepanel,296.1,2.0,0.0,0.0,0,1,9.744,26.198,55.591,1307.0,0,未扣成本·事後欄位以 m_ 標示·非投資建議
SEL,4,2025-12-11,2025-12-12,6243,迅杰,TWSE,S,,fV300,S2@5,45,383,漏網,1103,-3.464593,,atr14=0.475|n_lu_250=0.348|r20=0.424|c_ma120=0.118|vr20=0.908|days_since_lu=0.813|dt_ratio20=0.156|lend_to_v=0.553|rev_yoy=0.104|o_turn=0.591|o_log_mcap=0.015|o_lu_follow=0.343,"官方日成交結構(MI_INDEX/dailyQuotes)=1|發行股數(MI_QFIIS/dailyQuotes)=1|外資持股(MI_QFIIS,僅上市)=1|自營商(T86/上櫃三大法人)=1|當沖(TWTB4U/上櫃intraday)=1|季財報(MOPS t163sb04)=1|月營收(MOPS/openapi)=1|官方產業別(MOPS t05st03)=1|融資券(MI_MARGN)=1|借券(TWT93U)=1|法人(T86)=1",829,inf,250.0,official_prepanel,141.7,1.0,0.0,0.0,1,0,0.0,1.639,14.754,922.0,0,未扣成本·事後欄位以 m_ 標示·非投資建議
SEL,4,2025-12-12,2025-12-15,2440,太空梭,TWSE,S,,fV300,S2@5,9,383,漏網,523,-2.457392,,atr14=0.231|n_lu_250=0.462|r20=0.647|c_ma120=0.553|vr20=0.895|days_since_lu=0.815|dt_ratio20=NaN|lend_to_v=0.011|rev_yoy=0.144|o_turn=0.204|o_log_mcap=0.034|o_lu_follow=0.235,"官方日成交結構(MI_INDEX/dailyQuotes)=1|發行股數(MI_QFIIS/dailyQuotes)=1|外資持股(MI_QFIIS,僅上市)=1|自營商(T86/上櫃三大法人)=1|當沖(TWTB4U/上櫃intraday)=0|季財報(MOPS t163sb04)=1|月營收(MOPS/openapi)=1|官方產業別(MOPS t05st03)=1|融資券(MI_MARGN)=1|借券(TWT93U)=1|法人(T86)=1",830,inf,250.0,official_prepanel,133.2,1.0,0.0,0.0,0,1,10.0,8.462,13.846,1366.0,0,未扣成本·事後欄位以 m_ 標示·非投資建議
SEL,4,2025-12-12,2025-12-15,6164,華興,TWSE,S,,fV300,S2@5,118,383,漏網,1120,-4.515935,,atr14=0.093|n_lu_250=0.346|r20=0.372|c_ma120=0.422|vr20=0.767|days_since_lu=0.241|dt_ratio20=0.042|lend_to_v=0.504|rev_yoy=0.420|o_turn=0.257|o_log_mcap=0.000|o_lu_follow=0.346,"官方日成交結構(MI_INDEX/dailyQuotes)=1|發行股數(MI_QFIIS/dailyQuotes)=1|外資持股(MI_QFIIS,僅上市)=1|自營商(T86/上櫃三大法人)=1|當沖(TWTB4U/上櫃intraday)=1|季財報(MOPS t163sb04)=1|月營收(MOPS/openapi)=1|官方產業別(MOPS t05st03)=1|融資券(MI_MARGN)=1|借券(TWT93U)=1|法人(T86)=1",830,inf,250.0,official_prepanel,135.8,1.0,0.0,0.0,0,1,9.453,24.876,26.368,2857.0,0,未扣成本·事後欄位以 m_ 標示·非投資建議
SEL,4,2025-12-12,2025-12-15,6226,光鼎,TWSE,S,,fP10|fV300,S2@5,57,383,漏網,1139,-3.77651,,atr14=0.292|n_lu_250=0.462|r20=0.169|c_ma120=0.341|vr20=0.112|days_since_lu=0.561|dt_ratio20=NaN|lend_to_v=0.011|rev_yoy=0.329|o_turn=0.020|o_log_mcap=0.000|o_lu_follow=0.235,"官方日成交結構(MI_INDEX/dailyQuotes)=1|發行股數(MI_QFIIS/dailyQuotes)=1|外資持股(MI_QFIIS,僅上市)=1|自營商(T86/上櫃三大法人)=1|當沖(TWTB4U/上櫃intraday)=0|季財報(MOPS t163sb04)=1|月營收(MOPS/openapi)=1|官方產業別(MOPS t05st03)=1|融資券(MI_MARGN)=1|借券(TWT93U)=1|法人(T86)=1",830,inf,250.0,official_prepanel,109.05,1.0,0.0,0.0,0,1,7.953,8.689,13.402,522.0,0,未扣成本·事後欄位以 m_ 標示·非投資建議
SEL,4,2025-12-19,2025-12-22,6218,豪勉,TPEx,S,,fV300,S2@5,11,374,漏網,175,-2.673952,,atr14=0.603|n_lu_250=0.706|r20=0.897|c_ma120=0.692|vr20=0.940|days_since_lu=0.093|dt_ratio20=NaN|lend_to_v=0.320|rev_yoy=0.772|o_turn=0.679|o_log_mcap=0.013|o_lu_follow=0.717,"官方日成交結構(MI_INDEX/dailyQuotes)=1|發行股數(MI_QFIIS/dailyQuotes)=1|外資持股(MI_QFIIS,僅上市)=0|自營商(T86/上櫃三大法人)=1|當沖(TWTB4U/上櫃intraday)=1|季財報(MOPS t163sb04)=1|月營收(MOPS/openapi)=1|官方產業別(MOPS t05st03)=1|融資券(MI_MARGN)=1|借券(TWT93U)=1|法人(T86)=1",835,inf,250.0,official_prepanel,203.95,2.0,0.0,0.0,0,1,6.459,19.822,17.817,2583.0,0,未扣成本·事後欄位以 m_ 標示·非投資建議
SEL,4,2025-12-23,2025-12-24,6205,詮欣,TWSE,S,,fV300,S2@5,73,372,漏網,677,-4.055114,,atr14=0.471|n_lu_250=0.341|r20=0.567|c_ma120=0.309|vr20=0.755|days_since_lu=0.072|dt_ratio20=0.181|lend_to_v=0.441|rev_yoy=0.104|o_turn=0.316|o_log_mcap=0.137|o_lu_follow=0.333,"官方日成交結構(MI_INDEX/dailyQuotes)=1|發行股數(MI_QFIIS/dailyQuotes)=1|外資持股(MI_QFIIS,僅上市)=1|自營商(T86/上櫃三大法人)=1|當沖(TWTB4U/上櫃intraday)=1|季財報(MOPS t163sb04)=1|月營收(MOPS/openapi)=1|官方產業別(MOPS t05st03)=1|融資券(MI_MARGN)=1|借券(TWT93U)=1|法人(T86)=1",837,inf,250.0,official_prepanel,170.95,1.0,0.0,0.0,0,1,8.241,52.522,47.847,1378.0,0,未扣成本·事後欄位以 m_ 標示·非投資建議
SEL,4,2025-12-24,2025-12-26,6658,聯策,TWSE,S,,fV300,S2@5,29,363,漏網,603,-3.359508,,atr14=0.673|n_lu_250=0.810|r20=0.501|c_ma120=0.030|vr20=0.880|days_since_lu=0.661|dt_ratio20=0.533|lend_to_v=0.542|rev_yoy=0.145|o_turn=0.679|o_log_mcap=0.038|o_lu_follow=0.642,"官方日成交結構(MI_INDEX/dailyQuotes)=1|發行股數(MI_QFIIS/dailyQuotes)=1|外資持股(MI_QFIIS,僅上市)=1|自營商(T86/上櫃三大法人)=1|當沖(TWTB4U/上櫃intraday)=1|季財報(MOPS t163sb04)=1|月營收(MOPS/openapi)=1|官方產業別(MOPS t05st03)=1|融資券(MI_MARGN)=1|借券(TWT93U)=1|法人(T86)=1",523,523.0,250.0,official,183.4,1.0,0.0,0.0,0,1,8.087,20.118,9.665,1120.0,0,未扣成本·事後欄位以 m_ 標示·非投資建議
SEL,4,2025-12-30,2025-12-31,2025,千興,TWSE,S,,fP10|fV300,S2@5,53,361,漏網,1383,-3.778011,,atr14=0.152|n_lu_250=0.702|r20=0.116|c_ma120=0.086|vr20=0.053|days_since_lu=0.224|dt_ratio20=NaN|lend_to_v=0.013|rev_yoy=0.055|o_turn=0.003|o_log_mcap=0.021|o_lu_follow=0.058,"官方日成交結構(MI_INDEX/dailyQuotes)=1|發行股數(MI_QFIIS/dailyQuotes)=1|外資持股(MI_QFIIS,僅上市)=1|自營商(T86/上櫃三大法人)=1|當沖(TWTB4U/上櫃intraday)=0|季財報(MOPS t163sb04)=1|月營收(MOPS/openapi)=1|官方產業別(MOPS t05st03)=1|融資券(MI_MARGN)=1|借券(TWT93U)=1|法人(T86)=1",841,inf,250.0,official_prepanel,114.6,1.0,0.0,0.0,0,1,7.966,23.69,27.358,1110.0,0,未扣成本·事後欄位以 m_ 標示·非投資建議
SEL,4,2025-12-30,2025-12-31,3360,尚立,TPEx,S,,fV300,S2@5,121,361,漏網,610,-4.513132,,atr14=0.355|n_lu_250=0.558|r20=0.470|c_ma120=0.396|vr20=0.129|days_since_lu=0.345|dt_ratio20=NaN|lend_to_v=0.348|rev_yoy=0.817|o_turn=0.081|o_log_mcap=0.001|o_lu_follow=0.145,"官方日成交結構(MI_INDEX/dailyQuotes)=1|發行股數(MI_QFIIS/dailyQuotes)=1|外資持股(MI_QFIIS,僅上市)=0|自營商(T86/上櫃三大法人)=1|當沖(TWTB4U/上櫃intraday)=1|季財報(MOPS t163sb04)=1|月營收(MOPS/openapi)=1|官方產業別(MOPS t05st03)=1|融資券(MI_MARGN)=1|借券(TWT93U)=1|法人(T86)=1",841,inf,250.0,official_prepanel,195.3,1.0,0.0,0.0,0,1,9.921,15.079,26.587,1271.0,0,未扣成本·事後欄位以 m_ 標示·非投資建議
SEL,4,2025-12-30,2025-12-31,5263,智崴,TPEx,S,,fV300,S2@5,226,361,漏網,815,-5.482313,,atr14=0.085|n_lu_250=0.168|r20=0.638|c_ma120=0.561|vr20=0.455|days_since_lu=0.826|dt_ratio20=NaN|lend_to_v=0.586|rev_yoy=0.241|o_turn=0.209|o_log_mcap=0.292|o_lu_follow=0.518,"官方日成交結構(MI_INDEX/dailyQuotes)=1|發行股數(MI_QFIIS/dailyQuotes)=1|外資持股(MI_QFIIS,僅上市)=0|自營商(T86/上櫃三大法人)=1|當沖(TWTB4U/上櫃intraday)=1|季財報(MOPS t163sb04)=1|月營收(MOPS/openapi)=1|官方產業別(MOPS t05st03)=1|融資券(MI_MARGN)=1|借券(TWT93U)=1|法人(T86)=1",841,inf,250.0,official_prepanel,215.2,2.0,0.0,0.0,0,1,2.985,12.438,21.393,571.0,0,未扣成本·事後欄位以 m_ 標示·非投資建議
SEL,4,2025-12-30,2025-12-31,6461,益得,TPEx,S,,fV300,S2@5,31,361,漏網,560,-3.361819,,atr14=0.426|n_lu_250=0.643|r20=0.834|c_ma120=0.167|vr20=0.735|days_since_lu=0.018|dt_ratio20=NaN|lend_to_v=0.013|rev_yoy=0.011|o_turn=0.104|o_log_mcap=0.086|o_lu_follow=0.798,"官方日成交結構(MI_INDEX/dailyQuotes)=1|發行股數(MI_QFIIS/dailyQuotes)=1|外資持股(MI_QFIIS,僅上市)=0|自營商(T86/上櫃三大法人)=1|當沖(TWTB4U/上櫃intraday)=0|季財報(MOPS t163sb04)=1|月營收(MOPS/openapi)=1|官方產業別(MOPS t05st03)=1|融資券(MI_MARGN)=1|借券(TWT93U)=1|法人(T86)=1",841,inf,250.0,official_prepanel,161.1,1.0,0.0,0.0,1,0,0.0,10.393,26.124,596.0,0,未扣成本·事後欄位以 m_ 標示·非投資建議
SEL,4,2025-12-31,2026-01-02,4720,德淵,TWSE,S,,fV300,S2@5,158,357,漏網,661,-4.84807,,atr14=0.295|n_lu_250=0.166|r20=0.713|c_ma120=0.488|vr20=0.459|days_since_lu=0.827|dt_ratio20=0.099|lend_to_v=0.568|rev_yoy=0.513|o_turn=0.173|o_log_mcap=0.029|o_lu_follow=0.518,"官方日成交結構(MI_INDEX/dailyQuotes)=1|發行股數(MI_QFIIS/dailyQuotes)=1|外資持股(MI_QFIIS,僅上市)=1|自營商(T86/上櫃三大法人)=1|當沖(TWTB4U/上櫃intraday)=1|季財報(MOPS t163sb04)=1|月營收(MOPS/openapi)=1|官方產業別(MOPS t05st03)=1|融資券(MI_MARGN)=1|借券(TWT93U)=1|法人(T86)=1",842,inf,250.0,official_prepanel,289.75,2.0,0.0,0.0,0,1,4.403,16.981,11.321,3054.0,0,未扣成本·事後欄位以 m_ 標示·非投資建議
HC,1,2026-01-05,2026-01-06,3669,圓展,TWSE,S,,fV300,S2@5,31,348,漏網,359,-3.35997,,atr14=0.567|n_lu_250=0.448|r20=0.766|c_ma120=0.530|vr20=0.315|days_since_lu=0.060|dt_ratio20=NaN|lend_to_v=0.184|rev_yoy=0.424|o_turn=0.080|o_log_mcap=0.121|o_lu_follow=0.231,"官方日成交結構(MI_INDEX/dailyQuotes)=1|發行股數(MI_QFIIS/dailyQuotes)=1|外資持股(MI_QFIIS,僅上市)=1|自營商(T86/上櫃三大法人)=1|當沖(TWTB4U/上櫃intraday)=1|季財報(MOPS t163sb04)=1|月營收(MOPS/openapi)=1|官方產業別(MOPS t05st03)=1|融資券(MI_MARGN)=1|借券(TWT93U)=1|法人(T86)=1",844,inf,250.0,official_prepanel,184.25,1.0,0.0,1.0,0,1,0.571,15.429,12.714,202.0,0,未扣成本·事後欄位以 m_ 標示·非投資建議
HC,1,2026-01-06,2026-01-07,8059,凱碩,TPEx,S,,fV300,S2@5,15,356,漏網,951,-2.530324,,atr14=0.646|n_lu_250=0.926|r20=0.072|c_ma120=0.005|vr20=0.448|days_since_lu=0.365|dt_ratio20=NaN|lend_to_v=0.011|rev_yoy=0.995|o_turn=0.058|o_log_mcap=0.155|o_lu_follow=0.901,"官方日成交結構(MI_INDEX/dailyQuotes)=1|發行股數(MI_QFIIS/dailyQuotes)=1|外資持股(MI_QFIIS,僅上市)=0|自營商(T86/上櫃三大法人)=1|當沖(TWTB4U/上櫃intraday)=0|季財報(MOPS t163sb04)=1|月營收(MOPS/openapi)=1|官方產業別(MOPS t05st03)=1|融資券(MI_MARGN)=1|借券(TWT93U)=1|法人(T86)=1",845,inf,250.0,official_prepanel,237.4,2.0,0.0,0.0,0,1,10.0,30.541,16.757,625.0,0,未扣成本·事後欄位以 m_ 標示·非投資建議
HC,1,2026-01-07,2026-01-08,5302,太欣,TPEx,S,,fP10|fV300,S2@5,24,356,漏網,339,-2.685894,,atr14=0.391|n_lu_250=0.825|r20=0.581|c_ma120=0.584|vr20=0.533|days_since_lu=0.379|dt_ratio20=NaN|lend_to_v=0.011|rev_yoy=0.957|o_turn=0.165|o_log_mcap=0.019|o_lu_follow=0.888,"官方日成交結構(MI_INDEX/dailyQuotes)=1|發行股數(MI_QFIIS/dailyQuotes)=1|外資持股(MI_QFIIS,僅上市)=0|自營商(T86/上櫃三大法人)=1|當沖(TWTB4U/上櫃intraday)=0|季財報(MOPS t163sb04)=1|月營收(MOPS/openapi)=1|官方產業別(MOPS t05st03)=1|融資券(MI_MARGN)=1|借券(TWT93U)=1|法人(T86)=1",846,inf,250.0,official_prepanel,239.9,2.0,0.0,0.0,0,1,9.808,31.13,43.923,1461.0,0,未扣成本·事後欄位以 m_ 標示·非投資建議
HC,1,2026-01-08,2026-01-09,6834,天二科技,TWSE,S,,fV300,S2@5,33,356,漏網,740,-3.213084,,atr14=0.663|n_lu_250=0.652|r20=0.281|c_ma120=0.208|vr20=0.936|days_since_lu=0.689|dt_ratio20=0.477|lend_to_v=0.608|rev_yoy=0.246|o_turn=0.570|o_log_mcap=0.084|o_lu_follow=0.096,"官方日成交結構(MI_INDEX/dailyQuotes)=1|發行股數(MI_QFIIS/dailyQuotes)=1|外資持股(MI_QFIIS,僅上市)=1|自營商(T86/上櫃三大法人)=1|當沖(TWTB4U/上櫃intraday)=1|季財報(MOPS t163sb04)=1|月營收(MOPS/openapi)=1|官方產業別(MOPS t05st03)=1|融資券(MI_MARGN)=1|借券(TWT93U)=1|法人(T86)=1",814,814.0,250.0,official,287.4,2.0,0.0,0.0,0,1,8.545,24.364,32.0,2072.0,0,未扣成本·事後欄位以 m_ 標示·非投資建議
HC,1,2026-01-09,2026-01-12,8476,台境*,TWSE,S,,fV300,S2@5,32,360,漏網,1460,-3.344013,,atr14=0.377|n_lu_250=0.164|r20=0.277|c_ma120=0.110|vr20=0.865|days_since_lu=0.944|dt_ratio20=0.113|lend_to_v=0.547|rev_yoy=0.171|o_turn=0.201|o_log_mcap=0.106|o_lu_follow=0.539,"官方日成交結構(MI_INDEX/dailyQuotes)=1|發行股數(MI_QFIIS/dailyQuotes)=1|外資持股(MI_QFIIS,僅上市)=1|自營商(T86/上櫃三大法人)=1|當沖(TWTB4U/上櫃intraday)=1|季財報(MOPS t163sb04)=1|月營收(MOPS/openapi)=1|官方產業別(MOPS t05st03)=1|融資券(MI_MARGN)=1|借券(TWT93U)=1|法人(T86)=1",848,848.0,250.0,transfer_min,220.15,2.0,0.0,0.0,1,0,0.0,18.617,8.777,1016.0,0,未扣成本·事後欄位以 m_ 標示·非投資建議
HC,1,2026-01-12,2026-01-13,5011,久陽,TPEx,S,,fV300,S2@5,74,366,漏網,1552,-3.778289,,atr14=0.217|n_lu_250=0.167|r20=0.230|c_ma120=0.122|vr20=0.572|days_since_lu=0.051|dt_ratio20=NaN|lend_to_v=0.411|rev_yoy=0.206|o_turn=0.147|o_log_mcap=0.003|o_lu_follow=0.532,"官方日成交結構(MI_INDEX/dailyQuotes)=1|發行股數(MI_QFIIS/dailyQuotes)=1|外資持股(MI_QFIIS,僅上市)=0|自營商(T86/上櫃三大法人)=1|當沖(TWTB4U/上櫃intraday)=1|季財報(MOPS t163sb04)=1|月營收(MOPS/openapi)=1|官方產業別(MOPS t05st03)=1|融資券(MI_MARGN)=1|借券(TWT93U)=1|法人(T86)=1",849,inf,250.0,official_prepanel,204.55,2.0,0.0,0.0,0,1,9.804,29.902,24.02,1378.0,0,未扣成本·事後欄位以 m_ 標示·非投資建議
HC,1,2026-01-13,2026-01-14,3501,維熹,TWSE,S,,fV300,S2@5,334,359,漏網,1605,-6.139247,,atr14=0.048|n_lu_250=0.166|r20=0.337|c_ma120=0.189|vr20=0.743|days_since_lu=0.832|dt_ratio20=0.054|lend_to_v=0.966|rev_yoy=0.271|o_turn=0.072|o_log_mcap=0.257|o_lu_follow=0.530,"官方日成交結構(MI_INDEX/dailyQuotes)=1|發行股數(MI_QFIIS/dailyQuotes)=1|外資持股(MI_QFIIS,僅上市)=1|自營商(T86/上櫃三大法人)=1|當沖(TWTB4U/上櫃intraday)=1|季財報(MOPS t163sb04)=1|月營收(MOPS/openapi)=1|官方產業別(MOPS t05st03)=1|融資券(MI_MARGN)=1|借券(TWT93U)=1|法人(T86)=1",850,inf,250.0,official_prepanel,103.05,1.0,0.0,0.0,0,1,9.738,17.487,14.136,1248.0,0,未扣成本·事後欄位以 m_ 標示·非投資建議
HC,1,2026-01-15,2026-01-16,4513,福裕,TPEx,S,,fV300,S2@5,7,345,漏網,516,-2.17479,,atr14=0.538|n_lu_250=0.460|r20=0.679|c_ma120=0.371|vr20=0.953|days_since_lu=0.020|dt_ratio20=NaN|lend_to_v=0.868|rev_yoy=0.263|o_turn=0.589|o_log_mcap=0.063|o_lu_follow=0.233,"官方日成交結構(MI_INDEX/dailyQuotes)=1|發行股數(MI_QFIIS/dailyQuotes)=1|外資持股(MI_QFIIS,僅上市)=0|自營商(T86/上櫃三大法人)=1|當沖(TWTB4U/上櫃intraday)=1|季財報(MOPS t163sb04)=1|月營收(MOPS/openapi)=1|官方產業別(MOPS t05st03)=1|融資券(MI_MARGN)=1|借券(TWT93U)=1|法人(T86)=1",852,inf,250.0,official_prepanel,261.5,2.0,0.0,0.0,0,1,5.357,4.592,-0.765,2150.0,0,未扣成本·事後欄位以 m_ 標示·非投資建議
HC,1,2026-01-15,2026-01-16,4561,健椿,TPEx,S,,fV300,S2@5,71,345,漏網,1060,-3.696804,,atr14=0.593|n_lu_250=0.646|r20=0.168|c_ma120=0.041|vr20=0.875|days_since_lu=0.020|dt_ratio20=NaN|lend_to_v=0.889|rev_yoy=0.101|o_turn=0.319|o_log_mcap=0.045|o_lu_follow=0.100,"官方日成交結構(MI_INDEX/dailyQuotes)=1|發行股數(MI_QFIIS/dailyQuotes)=1|外資持股(MI_QFIIS,僅上市)=0|自營商(T86/上櫃三大法人)=1|當沖(TWTB4U/上櫃intraday)=1|季財報(MOPS t163sb04)=1|月營收(MOPS/openapi)=1|官方產業別(MOPS t05st03)=1|融資券(MI_MARGN)=1|借券(TWT93U)=1|法人(T86)=1",852,inf,250.0,official_prepanel,104.2,1.0,0.0,0.0,0,1,9.201,38.009,43.891,1018.0,0,未扣成本·事後欄位以 m_ 標示·非投資建議
HC,1,2026-01-15,2026-01-16,8933,愛地雅,TPEx,S,,fP10|fV300,S2@5,48,345,漏網,1209,-3.324406,,atr14=0.189|n_lu_250=0.340|r20=0.260|c_ma120=0.254|vr20=0.783|days_since_lu=0.658|dt_ratio20=NaN|lend_to_v=0.013|rev_yoy=0.030|o_turn=0.041|o_log_mcap=0.049|o_lu_follow=0.348,"官方日成交結構(MI_INDEX/dailyQuotes)=1|發行股數(MI_QFIIS/dailyQuotes)=1|外資持股(MI_QFIIS,僅上市)=0|自營商(T86/上櫃三大法人)=1|當沖(TWTB4U/上櫃intraday)=0|季財報(MOPS t163sb04)=1|月營收(MOPS/openapi)=1|官方產業別(MOPS t05st03)=1|融資券(MI_MARGN)=1|借券(TWT93U)=1|法人(T86)=1",852,inf,250.0,official_prepanel,200.3,2.0,0.0,0.0,0,1,9.784,52.405,23.881,1967.0,0,未扣成本·事後欄位以 m_ 標示·非投資建議
HC,1,2026-01-21,2026-01-22,6492,生華科,TPEx,S,,fV300,S2@5,67,336,漏網,327,-3.875681,,atr14=0.336|n_lu_250=0.770|r20=0.788|c_ma120=0.745|vr20=0.786|days_since_lu=0.483|dt_ratio20=NaN|lend_to_v=0.546|rev_yoy=0.335|o_turn=0.327|o_log_mcap=0.218|o_lu_follow=0.682,"官方日成交結構(MI_INDEX/dailyQuotes)=1|發行股數(MI_QFIIS/dailyQuotes)=1|外資持股(MI_QFIIS,僅上市)=0|自營商(T86/上櫃三大法人)=1|當沖(TWTB4U/上櫃intraday)=0|季財報(MOPS t163sb04)=1|月營收(MOPS/openapi)=1|官方產業別(MOPS t05st03)=1|融資券(MI_MARGN)=1|借券(TWT93U)=1|法人(T86)=1",856,inf,250.0,official_prepanel,264.55,2.0,0.0,0.0,0,1,9.052,31.681,25.0,755.0,0,未扣成本·事後欄位以 m_ 標示·非投資建議
HC,1,2026-01-22,2026-01-23,8045,達運光電,TWSE,S,,fV300,S2@5,62,338,漏網,973,-3.932272,,atr14=0.638|n_lu_250=0.911|r20=0.105|c_ma120=0.009|vr20=0.243|days_since_lu=0.627|dt_ratio20=0.278|lend_to_v=0.867|rev_yoy=0.374|o_turn=0.059|o_log_mcap=0.337|o_lu_follow=0.784,"官方日成交結構(MI_INDEX/dailyQuotes)=1|發行股數(MI_QFIIS/dailyQuotes)=1|外資持股(MI_QFIIS,僅上市)=1|自營商(T86/上櫃三大法人)=1|當沖(TWTB4U/上櫃intraday)=1|季財報(MOPS t163sb04)=1|月營收(MOPS/openapi)=1|官方產業別(MOPS t05st03)=1|融資券(MI_MARGN)=1|借券(TWT93U)=1|法人(T86)=1",273,273.0,250.0,official,162.05,1.0,0.0,0.0,0,1,8.141,14.654,4.206,482.0,0,未扣成本·事後欄位以 m_ 標示·非投資建議
HC,1,2026-01-26,2026-01-27,1732,毛寶,TWSE,S,,fV300,S2@5,97,335,漏網,1178,-4.101785,,atr14=0.133|n_lu_250=0.645|r20=0.196|c_ma120=0.222|vr20=0.924|days_since_lu=0.654|dt_ratio20=0.090|lend_to_v=0.555|rev_yoy=0.369|o_turn=0.633|o_log_mcap=0.011|o_lu_follow=0.096,"官方日成交結構(MI_INDEX/dailyQuotes)=1|發行股數(MI_QFIIS/dailyQuotes)=1|外資持股(MI_QFIIS,僅上市)=1|自營商(T86/上櫃三大法人)=1|當沖(TWTB4U/上櫃intraday)=1|季財報(MOPS t163sb04)=1|月營收(MOPS/openapi)=1|官方產業別(MOPS t05st03)=1|融資券(MI_MARGN)=1|借券(TWT93U)=1|法人(T86)=1",859,inf,250.0,official_prepanel,206.7,2.0,0.0,0.0,0,1,5.19,-2.422,-4.844,2150.0,0,未扣成本·事後欄位以 m_ 標示·非投資建議
HC,1,2026-01-26,2026-01-27,3122,笙泉,TPEx,S,,fV300,S2@5,86,335,漏網,434,-3.989077,,atr14=0.494|n_lu_250=0.858|r20=0.842|c_ma120=0.257|vr20=0.208|days_since_lu=0.101|dt_ratio20=NaN|lend_to_v=0.670|rev_yoy=0.117|o_turn=0.178|o_log_mcap=0.006|o_lu_follow=0.825,"官方日成交結構(MI_INDEX/dailyQuotes)=1|發行股數(MI_QFIIS/dailyQuotes)=1|外資持股(MI_QFIIS,僅上市)=0|自營商(T86/上櫃三大法人)=1|當沖(TWTB4U/上櫃intraday)=1|季財報(MOPS t163sb04)=1|月營收(MOPS/openapi)=1|官方產業別(MOPS t05st03)=1|融資券(MI_MARGN)=1|借券(TWT93U)=1|法人(T86)=1",859,inf,250.0,official_prepanel,171.3,1.0,0.0,0.0,0,1,9.091,0.826,4.339,591.0,0,未扣成本·事後欄位以 m_ 標示·非投資建議
HC,1,2026-01-27,2026-01-28,3555,博士旺,TPEx,S,,fV300,S2@5,54,329,漏網,231,-3.579137,,atr14=0.761|n_lu_250=0.985|r20=0.383|c_ma120=0.834|vr20=0.172|days_since_lu=0.358|dt_ratio20=NaN|lend_to_v=0.105|rev_yoy=0.978|o_turn=0.292|o_log_mcap=0.170|o_lu_follow=0.992,"官方日成交結構(MI_INDEX/dailyQuotes)=1|發行股數(MI_QFIIS/dailyQuotes)=1|外資持股(MI_QFIIS,僅上市)=0|自營商(T86/上櫃三大法人)=1|當沖(TWTB4U/上櫃intraday)=1|季財報(MOPS t163sb04)=1|月營收(MOPS/openapi)=1|官方產業別(MOPS t05st03)=1|融資券(MI_MARGN)=1|借券(TWT93U)=1|法人(T86)=1",860,inf,250.0,official_prepanel,271.7,2.0,0.0,0.0,0,1,6.522,43.021,25.858,781.0,0,未扣成本·事後欄位以 m_ 標示·非投資建議
HC,1,2026-01-28,2026-01-29,6715,嘉基,TWSE,S,,fV300,S2@5,131,343,漏網,611,-4.449065,,atr14=0.646|n_lu_250=0.159|r20=0.535|c_ma120=0.661|vr20=0.523|days_since_lu=0.839|dt_ratio20=0.712|lend_to_v=0.506|rev_yoy=0.467|o_turn=0.111|o_log_mcap=0.346|o_lu_follow=0.532,"官方日成交結構(MI_INDEX/dailyQuotes)=1|發行股數(MI_QFIIS/dailyQuotes)=1|外資持股(MI_QFIIS,僅上市)=1|自營商(T86/上櫃三大法人)=1|當沖(TWTB4U/上櫃intraday)=1|季財報(MOPS t163sb04)=1|月營收(MOPS/openapi)=1|官方產業別(MOPS t05st03)=1|融資券(MI_MARGN)=1|借券(TWT93U)=1|法人(T86)=1",861,inf,250.0,official_prepanel,123.15,1.0,0.0,0.0,0,1,9.633,37.615,31.651,267.0,0,未扣成本·事後欄位以 m_ 標示·非投資建議
HC,1,2026-01-30,2026-02-02,3508,位速,TPEx,S,,fV300,S2@5,26,337,漏網,539,-3.328271,,atr14=0.341|n_lu_250=0.815|r20=0.479|c_ma120=0.470|vr20=0.456|days_since_lu=0.406|dt_ratio20=NaN|lend_to_v=0.015|rev_yoy=0.675|o_turn=0.046|o_log_mcap=0.103|o_lu_follow=0.944,"官方日成交結構(MI_INDEX/dailyQuotes)=1|發行股數(MI_QFIIS/dailyQuotes)=1|外資持股(MI_QFIIS,僅上市)=0|自營商(T86/上櫃三大法人)=1|當沖(TWTB4U/上櫃intraday)=0|季財報(MOPS t163sb04)=1|月營收(MOPS/openapi)=1|官方產業別(MOPS t05st03)=1|融資券(MI_MARGN)=1|借券(TWT93U)=1|法人(T86)=1",863,inf,250.0,official_prepanel,155.15,1.0,0.0,0.0,0,1,4.528,37.795,52.165,1367.0,0,未扣成本·事後欄位以 m_ 標示·非投資建議
HC,1,2026-02-10,2026-02-11,4523,永彰,TPEx,S,,fV300,S2@5,201,342,漏網,958,-5.205492,,atr14=0.296|n_lu_250=0.314|r20=0.734|c_ma120=0.138|vr20=0.361|days_since_lu=0.249|dt_ratio20=NaN|lend_to_v=0.485|rev_yoy=0.033|o_turn=0.216|o_log_mcap=0.056|o_lu_follow=0.341,"官方日成交結構(MI_INDEX/dailyQuotes)=1|發行股數(MI_QFIIS/dailyQuotes)=1|外資持股(MI_QFIIS,僅上市)=0|自營商(T86/上櫃三大法人)=1|當沖(TWTB4U/上櫃intraday)=1|季財報(MOPS t163sb04)=1|月營收(MOPS/openapi)=1|官方產業別(MOPS t05st03)=1|融資券(MI_MARGN)=1|借券(TWT93U)=1|法人(T86)=1",870,inf,250.0,official_prepanel,284.15,2.0,0.0,0.0,1,0,0.0,11.005,7.974,615.0,0,未扣成本·事後欄位以 m_ 標示·非投資建議
HC,1,2026-02-10,2026-02-11,7740,熙特爾-創,TWSE,S,,fV300,S2@5,83,342,漏網,1743,-4.159722,,atr14=0.531|n_lu_250=0.155|r20=0.033|c_ma120=0.006|vr20=0.570|days_since_lu=0.301|dt_ratio20=0.271|lend_to_v=0.284|rev_yoy=0.996|o_turn=0.189|o_log_mcap=0.391|o_lu_follow=0.513,"官方日成交結構(MI_INDEX/dailyQuotes)=1|發行股數(MI_QFIIS/dailyQuotes)=1|外資持股(MI_QFIIS,僅上市)=1|自營商(T86/上櫃三大法人)=1|當沖(TWTB4U/上櫃intraday)=1|季財報(MOPS t163sb04)=1|月營收(MOPS/openapi)=1|官方產業別(MOPS t05st03)=1|融資券(MI_MARGN)=1|借券(TWT93U)=1|法人(T86)=1",166,166.0,166.0,official,126.05,1.0,0.0,0.0,0,1,9.215,26.28,33.788,359.0,0,未扣成本·事後欄位以 m_ 標示·非投資建議
HC,1,2026-02-24,2026-02-25,6230,尼得科超眾,TWSE,S,,fV300,S2@5,75,343,漏網,260,-3.885168,,atr14=0.701|n_lu_250=0.629|r20=0.839|c_ma120=0.445|vr20=0.670|days_since_lu=0.593|dt_ratio20=0.561|lend_to_v=0.561|rev_yoy=0.473|o_turn=0.090|o_log_mcap=0.493|o_lu_follow=0.105,"官方日成交結構(MI_INDEX/dailyQuotes)=1|發行股數(MI_QFIIS/dailyQuotes)=1|外資持股(MI_QFIIS,僅上市)=1|自營商(T86/上櫃三大法人)=1|當沖(TWTB4U/上櫃intraday)=1|季財報(MOPS t163sb04)=1|月營收(MOPS/openapi)=1|官方產業別(MOPS t05st03)=1|融資券(MI_MARGN)=1|借券(TWT93U)=1|法人(T86)=1",873,inf,250.0,official_prepanel,134.85,1.0,0.0,0.0,0,1,7.116,20.599,28.839,437.0,0,未扣成本·事後欄位以 m_ 標示·非投資建議
HC,1,2026-02-25,2026-02-26,6141,柏承,TWSE,S,,fV300,S2@5,11,354,漏網,855,-2.525592,,atr14=0.333|n_lu_250=0.698|r20=0.329|c_ma120=0.298|vr20=0.823|days_since_lu=0.344|dt_ratio20=NaN|lend_to_v=0.018|rev_yoy=0.552|o_turn=0.300|o_log_mcap=0.018|o_lu_follow=0.934,"官方日成交結構(MI_INDEX/dailyQuotes)=1|發行股數(MI_QFIIS/dailyQuotes)=1|外資持股(MI_QFIIS,僅上市)=1|自營商(T86/上櫃三大法人)=1|當沖(TWTB4U/上櫃intraday)=0|季財報(MOPS t163sb04)=1|月營收(MOPS/openapi)=1|官方產業別(MOPS t05st03)=1|融資券(MI_MARGN)=1|借券(TWT93U)=1|法人(T86)=1",874,inf,250.0,official_prepanel,266.25,2.0,0.0,0.0,0,1,10.714,60.714,62.5,1520.0,0,未扣成本·事後欄位以 m_ 標示·非投資建議
HC,1,2026-02-25,2026-02-26,6689,伊雲谷,TWSE,S,,fV300,S2@5,134,354,漏網,1324,-4.3774,,atr14=0.352|n_lu_250=0.161|r20=0.533|c_ma120=0.089|vr20=0.540|days_since_lu=0.843|dt_ratio20=0.243|lend_to_v=0.797|rev_yoy=0.265|o_turn=0.329|o_log_mcap=0.214|o_lu_follow=0.534,"官方日成交結構(MI_INDEX/dailyQuotes)=1|發行股數(MI_QFIIS/dailyQuotes)=1|外資持股(MI_QFIIS,僅上市)=1|自營商(T86/上櫃三大法人)=1|當沖(TWTB4U/上櫃intraday)=1|季財報(MOPS t163sb04)=1|月營收(MOPS/openapi)=1|官方產業別(MOPS t05st03)=1|融資券(MI_MARGN)=1|借券(TWT93U)=1|法人(T86)=1",834,834.0,250.0,official,294.3,2.0,0.0,0.0,0,1,5.405,14.149,13.672,1229.0,0,未扣成本·事後欄位以 m_ 標示·非投資建議
HC,1,2026-02-26,2026-03-02,2616,山隆,TWSE,S,,fV300,S2@5,145,346,漏網,1606,-4.474672,,atr14=0.092|n_lu_250=0.029|r20=0.484|c_ma120=0.271|vr20=0.617|days_since_lu=0.979|dt_ratio20=0.002|lend_to_v=0.568|rev_yoy=0.404|o_turn=0.024|o_log_mcap=0.045|o_lu_follow=0.749,"官方日成交結構(MI_INDEX/dailyQuotes)=1|發行股數(MI_QFIIS/dailyQuotes)=1|外資持股(MI_QFIIS,僅上市)=1|自營商(T86/上櫃三大法人)=1|當沖(TWTB4U/上櫃intraday)=1|季財報(MOPS t163sb04)=1|月營收(MOPS/openapi)=1|官方產業別(MOPS t05st03)=1|融資券(MI_MARGN)=1|借券(TWT93U)=1|法人(T86)=1",875,inf,250.0,official_prepanel,109.4,1.0,0.0,0.0,0,1,0.336,45.973,17.785,890.0,0,未扣成本·事後欄位以 m_ 標示·非投資建議
HC,1,2026-02-26,2026-03-02,6124,業強,TPEx,S,,fV300,S2@5,9,346,漏網,149,-2.227363,,atr14=0.722|n_lu_250=0.887|r20=0.660|c_ma120=0.799|vr20=0.974|days_since_lu=0.011|dt_ratio20=NaN|lend_to_v=0.262|rev_yoy=0.803|o_turn=0.268|o_log_mcap=0.302|o_lu_follow=0.414,"官方日成交結構(MI_INDEX/dailyQuotes)=1|發行股數(MI_QFIIS/dailyQuotes)=1|外資持股(MI_QFIIS,僅上市)=0|自營商(T86/上櫃三大法人)=1|當沖(TWTB4U/上櫃intraday)=1|季財報(MOPS t163sb04)=1|月營收(MOPS/openapi)=1|官方產業別(MOPS t05st03)=1|融資券(MI_MARGN)=1|借券(TWT93U)=1|法人(T86)=1",875,inf,250.0,official_prepanel,153.95,1.0,0.0,0.0,0,1,10.932,17.203,7.717,546.0,0,未扣成本·事後欄位以 m_ 標示·非投資建議
HC,1,2026-03-02,2026-03-03,5011,久陽,TPEx,S,,fV300,S2@5,6,349,漏網,323,-2.284464,,atr14=0.518|n_lu_250=0.648|r20=0.549|c_ma120=0.811|vr20=0.962|days_since_lu=0.011|dt_ratio20=NaN|lend_to_v=0.432|rev_yoy=0.092|o_turn=0.623|o_log_mcap=0.017|o_lu_follow=0.958,"官方日成交結構(MI_INDEX/dailyQuotes)=1|發行股數(MI_QFIIS/dailyQuotes)=1|外資持股(MI_QFIIS,僅上市)=0|自營商(T86/上櫃三大法人)=1|當沖(TWTB4U/上櫃intraday)=1|季財報(MOPS t163sb04)=1|月營收(MOPS/openapi)=1|官方產業別(MOPS t05st03)=1|融資券(MI_MARGN)=1|借券(TWT93U)=1|法人(T86)=1",876,inf,250.0,official_prepanel,284.15,2.0,0.0,0.0,0,1,9.398,10.902,5.263,1237.0,0,未扣成本·事後欄位以 m_ 標示·非投資建議
HC,1,2026-03-04,2026-03-05,2380,虹光,TWSE,S,,fP10|fV300,S2@5,7,352,漏網,475,-2.337955,,atr14=0.294|n_lu_250=0.973|r20=0.677|c_ma120=0.352|vr20=0.918|days_since_lu=0.005|dt_ratio20=NaN|lend_to_v=0.017|rev_yoy=0.642|o_turn=0.039|o_log_mcap=0.009|o_lu_follow=0.980,"官方日成交結構(MI_INDEX/dailyQuotes)=1|發行股數(MI_QFIIS/dailyQuotes)=1|外資持股(MI_QFIIS,僅上市)=1|自營商(T86/上櫃三大法人)=0|當沖(TWTB4U/上櫃intraday)=0|季財報(MOPS t163sb04)=1|月營收(MOPS/openapi)=1|官方產業別(MOPS t05st03)=1|融資券(MI_MARGN)=1|借券(TWT93U)=1|法人(T86)=0",878,inf,250.0,official_prepanel,174.0,1.0,0.0,0.0,0,1,7.632,17.417,18.787,601.0,0,未扣成本·事後欄位以 m_ 標示·非投資建議
HC,1,2026-03-05,2026-03-06,9931,欣高,TWSE,S,,fV300,S2@5,29,354,漏網,536,-2.933528,,atr14=0.088|n_lu_250=0.169|r20=0.978|c_ma120=0.913|vr20=1.000|days_since_lu=0.001|dt_ratio20=NaN|lend_to_v=0.056|rev_yoy=0.498|o_turn=0.858|o_log_mcap=0.274|o_lu_follow=0.537,"官方日成交結構(MI_INDEX/dailyQuotes)=1|發行股數(MI_QFIIS/dailyQuotes)=1|外資持股(MI_QFIIS,僅上市)=1|自營商(T86/上櫃三大法人)=1|當沖(TWTB4U/上櫃intraday)=1|季財報(MOPS t163sb04)=1|月營收(MOPS/openapi)=1|官方產業別(MOPS t05st03)=1|融資券(MI_MARGN)=1|借券(TWT93U)=1|法人(T86)=1",879,inf,250.0,official_prepanel,170.95,1.0,0.0,1.0,0,1,0.323,-8.602,-10.108,1134.0,0,未扣成本·事後欄位以 m_ 標示·非投資建議
HC,1,2026-03-09,2026-03-10,2243,宏旭-KY,TWSE,S,,fV300,S2@5,35,366,漏網,425,-3.141707,,atr14=0.080|n_lu_250=0.901|r20=0.796|c_ma120=0.563|vr20=0.920|days_since_lu=0.489|dt_ratio20=NaN|lend_to_v=0.016|rev_yoy=0.891|o_turn=0.516|o_log_mcap=0.000|o_lu_follow=0.883,"官方日成交結構(MI_INDEX/dailyQuotes)=1|發行股數(MI_QFIIS/dailyQuotes)=1|外資持股(MI_QFIIS,僅上市)=1|自營商(T86/上櫃三大法人)=1|當沖(TWTB4U/上櫃intraday)=0|季財報(MOPS t163sb04)=1|月營收(MOPS/openapi)=1|官方產業別(MOPS t05st03)=1|融資券(MI_MARGN)=1|借券(TWT93U)=1|法人(T86)=1",881,inf,250.0,official_prepanel,263.9,2.0,0.0,0.0,1,0,0.0,35.039,49.606,391.0,0,未扣成本·事後欄位以 m_ 標示·非投資建議
HC,1,2026-03-09,2026-03-10,5484,慧友,TWSE,S,,fV300,S2@5,55,366,漏網,1148,-3.477438,,atr14=0.447|n_lu_250=0.878|r20=0.038|c_ma120=0.134|vr20=0.535|days_since_lu=0.291|dt_ratio20=NaN|lend_to_v=0.016|rev_yoy=0.926|o_turn=0.338|o_log_mcap=0.073|o_lu_follow=0.923,"官方日成交結構(MI_INDEX/dailyQuotes)=1|發行股數(MI_QFIIS/dailyQuotes)=1|外資持股(MI_QFIIS,僅上市)=1|自營商(T86/上櫃三大法人)=1|當沖(TWTB4U/上櫃intraday)=0|季財報(MOPS t163sb04)=1|月營收(MOPS/openapi)=1|官方產業別(MOPS t05st03)=1|融資券(MI_MARGN)=1|借券(TWT93U)=1|法人(T86)=1",881,inf,250.0,official_prepanel,281.75,2.0,0.0,0.0,1,0,0.0,10.383,7.24,168.0,0,未扣成本·事後欄位以 m_ 標示·非投資建議
HC,1,2026-03-10,2026-03-11,2425,承啟,TWSE,S,,fV300,S2@5,196,374,漏網,1503,-4.773463,,atr14=0.320|n_lu_250=0.461|r20=0.235|c_ma120=0.130|vr20=0.652|days_since_lu=0.712|dt_ratio20=0.267|lend_to_v=0.893|rev_yoy=0.772|o_turn=0.183|o_log_mcap=0.086|o_lu_follow=0.238,"官方日成交結構(MI_INDEX/dailyQuotes)=1|發行股數(MI_QFIIS/dailyQuotes)=1|外資持股(MI_QFIIS,僅上市)=1|自營商(T86/上櫃三大法人)=1|當沖(TWTB4U/上櫃intraday)=1|季財報(MOPS t163sb04)=1|月營收(MOPS/openapi)=1|官方產業別(MOPS t05st03)=1|融資券(MI_MARGN)=1|借券(TWT93U)=1|法人(T86)=1",882,inf,250.0,official_prepanel,213.85,2.0,0.0,0.0,1,0,0.0,10.088,4.248,526.0,0,未扣成本·事後欄位以 m_ 標示·非投資建議
HC,1,2026-03-10,2026-03-11,6148,驊宏資,TPEx,S,,fV300,S2@5,46,374,漏網,1139,-3.392512,,atr14=0.404|n_lu_250=0.978|r20=0.095|c_ma120=0.024|vr20=0.548|days_since_lu=0.457|dt_ratio20=NaN|lend_to_v=0.665|rev_yoy=0.095|o_turn=0.439|o_log_mcap=0.025|o_lu_follow=0.902,"官方日成交結構(MI_INDEX/dailyQuotes)=1|發行股數(MI_QFIIS/dailyQuotes)=1|外資持股(MI_QFIIS,僅上市)=0|自營商(T86/上櫃三大法人)=1|當沖(TWTB4U/上櫃intraday)=1|季財報(MOPS t163sb04)=1|月營收(MOPS/openapi)=1|官方產業別(MOPS t05st03)=1|融資券(MI_MARGN)=1|借券(TWT93U)=1|法人(T86)=1",882,inf,250.0,official_prepanel,257.95,2.0,0.0,0.0,0,1,9.194,23.548,15.645,394.0,0,未扣成本·事後欄位以 m_ 標示·非投資建議
HC,1,2026-03-10,2026-03-11,6419,京晨科,TPEx,S,,fV300,S2@5,32,374,漏網,133,-3.138808,,atr14=0.717|n_lu_250=0.955|r20=0.747|c_ma120=0.839|vr20=0.490|days_since_lu=0.383|dt_ratio20=NaN|lend_to_v=0.185|rev_yoy=0.157|o_turn=0.552|o_log_mcap=0.003|o_lu_follow=0.954,"官方日成交結構(MI_INDEX/dailyQuotes)=1|發行股數(MI_QFIIS/dailyQuotes)=1|外資持股(MI_QFIIS,僅上市)=0|自營商(T86/上櫃三大法人)=1|當沖(TWTB4U/上櫃intraday)=1|季財報(MOPS t163sb04)=1|月營收(MOPS/openapi)=1|官方產業別(MOPS t05st03)=1|融資券(MI_MARGN)=1|借券(TWT93U)=1|法人(T86)=1",882,inf,250.0,official_prepanel,112.3,1.0,0.0,0.0,1,0,0.0,17.625,3.321,116.0,0,未扣成本·事後欄位以 m_ 標示·非投資建議
HC,1,2026-03-12,2026-03-13,6167,久正,TPEx,S,,fV300|fH125,S2@5,18,379,漏網,415,-2.924638,,atr14=0.333|n_lu_250=0.762|r20=0.658|c_ma120=0.474|vr20=0.887|days_since_lu=0.435|dt_ratio20=NaN|lend_to_v=0.643|rev_yoy=0.373|o_turn=0.258|o_log_mcap=0.026|o_lu_follow=0.671,"官方日成交結構(MI_INDEX/dailyQuotes)=1|發行股數(MI_QFIIS/dailyQuotes)=1|外資持股(MI_QFIIS,僅上市)=0|自營商(T86/上櫃三大法人)=1|當沖(TWTB4U/上櫃intraday)=1|季財報(MOPS t163sb04)=1|月營收(MOPS/openapi)=1|官方產業別(MOPS t05st03)=1|融資券(MI_MARGN)=1|借券(TWT93U)=1|法人(T86)=1",884,inf,250.0,official_prepanel,237.85,2.0,0.0,0.0,0,1,7.755,28.163,15.102,5340.0,0,未扣成本·事後欄位以 m_ 標示·非投資建議
HC,1,2026-03-13,2026-03-16,3086,華義*,TPEx,S,,fV300,S2@5,99,378,漏網,368,-4.174898,,atr14=0.709|n_lu_250=0.643|r20=0.450|c_ma120=0.660|vr20=0.670|days_since_lu=0.536|dt_ratio20=NaN|lend_to_v=0.173|rev_yoy=0.237|o_turn=0.557|o_log_mcap=0.281|o_lu_follow=0.104,"官方日成交結構(MI_INDEX/dailyQuotes)=1|發行股數(MI_QFIIS/dailyQuotes)=1|外資持股(MI_QFIIS,僅上市)=0|自營商(T86/上櫃三大法人)=1|當沖(TWTB4U/上櫃intraday)=1|季財報(MOPS t163sb04)=1|月營收(MOPS/openapi)=1|官方產業別(MOPS t05st03)=1|融資券(MI_MARGN)=1|借券(TWT93U)=1|法人(T86)=1",885,inf,250.0,official_prepanel,168.3,1.0,0.0,0.0,0,1,7.965,31.195,31.195,338.0,0,未扣成本·事後欄位以 m_ 標示·非投資建議
HC,1,2026-03-13,2026-03-16,6834,天二科技,TWSE,S,,fV300,S2@5,115,378,漏網,606,-4.299916,,atr14=0.545|n_lu_250=0.814|r20=0.277|c_ma120=0.348|vr20=0.111|days_since_lu=0.336|dt_ratio20=0.528|lend_to_v=0.560|rev_yoy=0.541|o_turn=0.072|o_log_mcap=0.069|o_lu_follow=0.654,"官方日成交結構(MI_INDEX/dailyQuotes)=1|發行股數(MI_QFIIS/dailyQuotes)=1|外資持股(MI_QFIIS,僅上市)=1|自營商(T86/上櫃三大法人)=1|當沖(TWTB4U/上櫃intraday)=1|季財報(MOPS t163sb04)=1|月營收(MOPS/openapi)=1|官方產業別(MOPS t05st03)=1|融資券(MI_MARGN)=1|借券(TWT93U)=1|法人(T86)=1",852,852.0,250.0,official,284.05,2.0,0.0,0.0,0,1,7.785,8.304,4.844,529.0,0,未扣成本·事後欄位以 m_ 標示·非投資建議
HC,1,2026-03-16,2026-03-17,7711,永擎,TWSE,S,,fV300|fH125,S2@5,49,378,漏網,1825,-3.502683,,atr14=0.581|n_lu_250=0.032|r20=0.230|c_ma120=NaN|vr20=0.462|days_since_lu=0.975|dt_ratio20=NaN|lend_to_v=NaN|rev_yoy=0.514|o_turn=0.253|o_log_mcap=0.555|o_lu_follow=0.751,"官方日成交結構(MI_INDEX/dailyQuotes)=1|發行股數(MI_QFIIS/dailyQuotes)=1|外資持股(MI_QFIIS,僅上市)=1|自營商(T86/上櫃三大法人)=1|當沖(TWTB4U/上櫃intraday)=0|季財報(MOPS t163sb04)=1|月營收(MOPS/openapi)=1|官方產業別(MOPS t05st03)=1|融資券(MI_MARGN)=0|借券(TWT93U)=0|法人(T86)=1",74,74.0,74.0,official,280.35,2.0,0.0,0.0,0,1,10.67,43.176,34.243,516.0,0,未扣成本·事後欄位以 m_ 標示·非投資建議
HC,1,2026-03-16,2026-03-17,8176,智捷,TPEx,S,,fV300,S2@5,111,378,漏網,658,-4.153784,,atr14=0.155|n_lu_250=0.639|r20=0.460|c_ma120=0.502|vr20=0.721|days_since_lu=0.593|dt_ratio20=NaN|lend_to_v=0.017|rev_yoy=0.533|o_turn=0.141|o_log_mcap=0.000|o_lu_follow=0.793,"官方日成交結構(MI_INDEX/dailyQuotes)=1|發行股數(MI_QFIIS/dailyQuotes)=1|外資持股(MI_QFIIS,僅上市)=0|自營商(T86/上櫃三大法人)=1|當沖(TWTB4U/上櫃intraday)=0|季財報(MOPS t163sb04)=1|月營收(MOPS/openapi)=1|官方產業別(MOPS t05st03)=1|融資券(MI_MARGN)=1|借券(TWT93U)=1|法人(T86)=1",886,inf,250.0,official_prepanel,113.4,1.0,0.0,0.0,0,1,8.636,13.182,3.182,553.0,0,未扣成本·事後欄位以 m_ 標示·非投資建議
HC,1,2026-03-19,2026-03-20,2025,千興,TWSE,S,,fV300,S2@5,30,374,漏網,692,-3.151071,,atr14=0.502|n_lu_250=0.893|r20=0.068|c_ma120=0.371|vr20=0.317|days_since_lu=0.416|dt_ratio20=NaN|lend_to_v=0.016|rev_yoy=0.271|o_turn=0.015|o_log_mcap=0.030|o_lu_follow=0.708,"官方日成交結構(MI_INDEX/dailyQuotes)=1|發行股數(MI_QFIIS/dailyQuotes)=1|外資持股(MI_QFIIS,僅上市)=1|自營商(T86/上櫃三大法人)=1|當沖(TWTB4U/上櫃intraday)=0|季財報(MOPS t163sb04)=1|月營收(MOPS/openapi)=1|官方產業別(MOPS t05st03)=1|融資券(MI_MARGN)=1|借券(TWT93U)=1|法人(T86)=1",889,inf,250.0,official_prepanel,154.65,1.0,0.0,0.0,0,1,9.434,9.434,6.604,546.0,0,未扣成本·事後欄位以 m_ 標示·非投資建議
HC,1,2026-03-25,2026-03-26,6277,宏正,TWSE,S,,fV300,S2@5,351,376,漏網,1258,-6.148021,,atr14=0.043|n_lu_250=0.169|r20=0.567|c_ma120=0.409|vr20=0.190|days_since_lu=0.839|dt_ratio20=0.156|lend_to_v=0.655|rev_yoy=0.678|o_turn=0.005|o_log_mcap=0.331|o_lu_follow=0.528,"官方日成交結構(MI_INDEX/dailyQuotes)=1|發行股數(MI_QFIIS/dailyQuotes)=1|外資持股(MI_QFIIS,僅上市)=1|自營商(T86/上櫃三大法人)=1|當沖(TWTB4U/上櫃intraday)=1|季財報(MOPS t163sb04)=1|月營收(MOPS/openapi)=1|官方產業別(MOPS t05st03)=1|融資券(MI_MARGN)=1|借券(TWT93U)=1|法人(T86)=1",893,inf,250.0,official_prepanel,100.1,1.0,0.0,0.0,0,1,8.278,19.536,12.583,913.0,0,未扣成本·事後欄位以 m_ 標示·非投資建議
HC,1,2026-03-25,2026-03-26,6609,瀧澤科,TPEx,S,,fV300,S2@5,85,376,漏網,1313,-3.958824,,atr14=0.325|n_lu_250=0.554|r20=0.100|c_ma120=0.209|vr20=0.905|days_since_lu=0.378|dt_ratio20=NaN|lend_to_v=0.763|rev_yoy=0.155|o_turn=0.485|o_log_mcap=0.080|o_lu_follow=0.150,"官方日成交結構(MI_INDEX/dailyQuotes)=1|發行股數(MI_QFIIS/dailyQuotes)=1|外資持股(MI_QFIIS,僅上市)=0|自營商(T86/上櫃三大法人)=1|當沖(TWTB4U/上櫃intraday)=1|季財報(MOPS t163sb04)=1|月營收(MOPS/openapi)=1|官方產業別(MOPS t05st03)=1|融資券(MI_MARGN)=1|借券(TWT93U)=1|法人(T86)=1",893,inf,250.0,official_prepanel,192.25,1.0,0.0,0.0,1,0,0.0,5.27,0.132,366.0,0,未扣成本·事後欄位以 m_ 標示·非投資建議
HC,1,2026-03-25,2026-03-26,7721,微程式,TWSE,S,,fV300,S2@5,25,376,漏網,452,-3.133813,,atr14=0.536|n_lu_250=0.457|r20=0.773|c_ma120=0.359|vr20=0.691|days_since_lu=0.288|dt_ratio20=0.452|lend_to_v=0.134|rev_yoy=0.829|o_turn=0.343|o_log_mcap=0.097|o_lu_follow=0.223,"官方日成交結構(MI_INDEX/dailyQuotes)=1|發行股數(MI_QFIIS/dailyQuotes)=1|外資持股(MI_QFIIS,僅上市)=1|自營商(T86/上櫃三大法人)=1|當沖(TWTB4U/上櫃intraday)=1|季財報(MOPS t163sb04)=1|月營收(MOPS/openapi)=1|官方產業別(MOPS t05st03)=1|融資券(MI_MARGN)=1|借券(TWT93U)=1|法人(T86)=1",158,158.0,158.0,official,189.85,1.0,0.0,0.0,0,1,9.862,51.677,65.68,486.0,0,未扣成本·事後欄位以 m_ 標示·非投資建議
HC,1,2026-03-27,2026-03-30,3552,同致,TPEx,S,,fV300,S2@5,73,385,漏網,1376,-3.806836,,atr14=0.348|n_lu_250=0.437|r20=0.369|c_ma120=0.029|vr20=0.776|days_since_lu=0.698|dt_ratio20=NaN|lend_to_v=0.817|rev_yoy=0.508|o_turn=0.221|o_log_mcap=0.217|o_lu_follow=0.224,"官方日成交結構(MI_INDEX/dailyQuotes)=1|發行股數(MI_QFIIS/dailyQuotes)=1|外資持股(MI_QFIIS,僅上市)=0|自營商(T86/上櫃三大法人)=1|當沖(TWTB4U/上櫃intraday)=1|季財報(MOPS t163sb04)=1|月營收(MOPS/openapi)=1|官方產業別(MOPS t05st03)=1|融資券(MI_MARGN)=1|借券(TWT93U)=1|法人(T86)=1",895,inf,250.0,official_prepanel,191.3,1.0,0.0,0.0,0,1,9.833,12.343,15.481,669.0,0,未扣成本·事後欄位以 m_ 標示·非投資建議
HC,1,2026-03-30,2026-03-31,1338,廣華-KY,TWSE,S,,fV300,S2@5,45,385,漏網,1812,-3.426727,,atr14=0.240|n_lu_250=0.032|r20=0.020|c_ma120=0.011|vr20=0.044|days_since_lu=0.939|dt_ratio20=0.035|lend_to_v=0.348|rev_yoy=0.159|o_turn=0.034|o_log_mcap=0.006|o_lu_follow=0.758,"官方日成交結構(MI_INDEX/dailyQuotes)=1|發行股數(MI_QFIIS/dailyQuotes)=1|外資持股(MI_QFIIS,僅上市)=1|自營商(T86/上櫃三大法人)=1|當沖(TWTB4U/上櫃intraday)=1|季財報(MOPS t163sb04)=1|月營收(MOPS/openapi)=1|官方產業別(MOPS t05st03)=1|融資券(MI_MARGN)=1|借券(TWT93U)=1|法人(T86)=1",896,inf,250.0,official_prepanel,241.95,2.0,0.0,0.0,0,1,4.0,7.0,9.0,376.0,0,未扣成本·事後欄位以 m_ 標示·非投資建議
HC,1,2026-03-31,2026-04-01,7751,竑騰,TPEx,S,,fV300,S2@5,20,388,漏網,22,-3.027761,,atr14=0.952|n_lu_250=0.937|r20=0.953|c_ma120=0.988|vr20=0.028|days_since_lu=0.151|dt_ratio20=NaN|lend_to_v=0.040|rev_yoy=0.908|o_turn=0.232|o_log_mcap=0.756|o_lu_follow=0.859,"官方日成交結構(MI_INDEX/dailyQuotes)=1|發行股數(MI_QFIIS/dailyQuotes)=1|外資持股(MI_QFIIS,僅上市)=0|自營商(T86/上櫃三大法人)=1|當沖(TWTB4U/上櫃intraday)=0|季財報(MOPS t163sb04)=1|月營收(MOPS/openapi)=1|官方產業別(MOPS t05st03)=1|融資券(MI_MARGN)=0|借券(TWT93U)=1|法人(T86)=1",142,142.0,142.0,official,271.45,2.0,1.0,0.0,1,0,0.0,30.363,21.782,100.0,1,未扣成本·事後欄位以 m_ 標示·非投資建議
HC,2,2026-04-01,2026-04-02,4549,桓達,TPEx,S,,fV300,S2@5,212,386,漏網,1500,-4.652795,,atr14=0.215|n_lu_250=0.604|r20=0.144|c_ma120=0.057|vr20=0.941|days_since_lu=0.601|dt_ratio20=NaN|lend_to_v=0.903|rev_yoy=0.062|o_turn=0.433|o_log_mcap=0.244|o_lu_follow=0.700,"官方日成交結構(MI_INDEX/dailyQuotes)=1|發行股數(MI_QFIIS/dailyQuotes)=1|外資持股(MI_QFIIS,僅上市)=0|自營商(T86/上櫃三大法人)=1|當沖(TWTB4U/上櫃intraday)=1|季財報(MOPS t163sb04)=1|月營收(MOPS/openapi)=1|官方產業別(MOPS t05st03)=1|融資券(MI_MARGN)=1|借券(TWT93U)=1|法人(T86)=1",898,inf,250.0,official_prepanel,114.25,1.0,0.0,0.0,0,1,9.481,8.916,12.302,908.0,0,未扣成本·事後欄位以 m_ 標示·非投資建議
HC,2,2026-04-01,2026-04-02,6933,AMAX-KY,TWSE,S,,fV300,S2@5,152,386,漏網,635,-4.165713,,atr14=0.526|n_lu_250=0.939|r20=0.436|c_ma120=0.063|vr20=0.377|days_since_lu=0.265|dt_ratio20=0.532|lend_to_v=0.650|rev_yoy=0.202|o_turn=0.159|o_log_mcap=0.266|o_lu_follow=0.977,"官方日成交結構(MI_INDEX/dailyQuotes)=1|發行股數(MI_QFIIS/dailyQuotes)=1|外資持股(MI_QFIIS,僅上市)=1|自營商(T86/上櫃三大法人)=1|當沖(TWTB4U/上櫃intraday)=1|季財報(MOPS t163sb04)=1|月營收(MOPS/openapi)=1|官方產業別(MOPS t05st03)=1|融資券(MI_MARGN)=1|借券(TWT93U)=1|法人(T86)=1",579,579.0,250.0,official,129.1,1.0,0.0,0.0,0,1,6.489,35.878,49.618,337.0,0,未扣成本·事後欄位以 m_ 標示·非投資建議
HC,2,2026-04-07,2026-04-08,4569,六方科-KY,TWSE,S,,fV300,S2@5,150,384,漏網,1053,-4.231981,,atr14=0.608|n_lu_250=0.700|r20=0.027|c_ma120=0.128|vr20=0.210|days_since_lu=0.159|dt_ratio20=0.694|lend_to_v=0.570|rev_yoy=0.349|o_turn=0.205|o_log_mcap=0.187|o_lu_follow=0.040,"官方日成交結構(MI_INDEX/dailyQuotes)=1|發行股數(MI_QFIIS/dailyQuotes)=1|外資持股(MI_QFIIS,僅上市)=1|自營商(T86/上櫃三大法人)=1|當沖(TWTB4U/上櫃intraday)=1|季財報(MOPS t163sb04)=1|月營收(MOPS/openapi)=1|官方產業別(MOPS t05st03)=1|融資券(MI_MARGN)=1|借券(TWT93U)=1|法人(T86)=1",649,649.0,250.0,official,133.45,1.0,0.0,0.0,0,1,0.355,24.823,39.007,85.0,0,未扣成本·事後欄位以 m_ 標示·非投資建議
HC,2,2026-04-08,2026-04-09,1591,駿吉-KY,TPEx,S,,fV300,S2@5,140,379,漏網,981,-3.809864,,atr14=0.577|n_lu_250=0.320|r20=0.325|c_ma120=0.181|vr20=0.732|days_since_lu=0.640|dt_ratio20=NaN|lend_to_v=0.642|rev_yoy=0.980|o_turn=0.546|o_log_mcap=0.030|o_lu_follow=0.325,"官方日成交結構(MI_INDEX/dailyQuotes)=1|發行股數(MI_QFIIS/dailyQuotes)=1|外資持股(MI_QFIIS,僅上市)=0|自營商(T86/上櫃三大法人)=1|當沖(TWTB4U/上櫃intraday)=1|季財報(MOPS t163sb04)=1|月營收(MOPS/openapi)=1|官方產業別(MOPS t05st03)=1|融資券(MI_MARGN)=1|借券(TWT93U)=1|法人(T86)=1",901,inf,250.0,official_prepanel,208.1,2.0,0.0,0.0,1,0,0.0,21.775,30.857,635.0,0,未扣成本·事後欄位以 m_ 標示·非投資建議
HC,2,2026-04-08,2026-04-09,5228,鈺鎧,TPEx,S,,fV300,S2@5,56,379,漏網,156,-3.072982,,atr14=0.840|n_lu_250=0.883|r20=0.673|c_ma120=0.679|vr20=0.086|days_since_lu=0.229|dt_ratio20=NaN|lend_to_v=0.236|rev_yoy=0.204|o_turn=0.287|o_log_mcap=0.001|o_lu_follow=0.849,"官方日成交結構(MI_INDEX/dailyQuotes)=1|發行股數(MI_QFIIS/dailyQuotes)=1|外資持股(MI_QFIIS,僅上市)=0|自營商(T86/上櫃三大法人)=1|當沖(TWTB4U/上櫃intraday)=1|季財報(MOPS t163sb04)=1|月營收(MOPS/openapi)=1|官方產業別(MOPS t05st03)=1|融資券(MI_MARGN)=1|借券(TWT93U)=1|法人(T86)=1",901,inf,250.0,official_prepanel,270.25,2.0,0.0,0.0,1,0,0.0,22.068,35.388,159.0,0,未扣成本·事後欄位以 m_ 標示·非投資建議
HC,2,2026-04-09,2026-04-10,3229,晟鈦,TWSE,S,,fV300,S2@5,8,372,漏網,486,-1.779934,,atr14=0.931|n_lu_250=0.964|r20=0.222|c_ma120=0.260|vr20=0.342|days_since_lu=0.186|dt_ratio20=NaN|lend_to_v=0.018|rev_yoy=0.482|o_turn=0.256|o_log_mcap=0.010|o_lu_follow=0.991,"官方日成交結構(MI_INDEX/dailyQuotes)=1|發行股數(MI_QFIIS/dailyQuotes)=1|外資持股(MI_QFIIS,僅上市)=1|自營商(T86/上櫃三大法人)=1|當沖(TWTB4U/上櫃intraday)=0|季財報(MOPS t163sb04)=1|月營收(MOPS/openapi)=1|官方產業別(MOPS t05st03)=1|融資券(MI_MARGN)=1|借券(TWT93U)=1|法人(T86)=1",902,inf,250.0,official_prepanel,272.2,2.0,0.0,0.0,0,1,8.136,46.719,102.362,545.0,0,未扣成本·事後欄位以 m_ 標示·非投資建議
HC,2,2026-04-10,2026-04-13,3467,台灣精材,TPEx,S,,fV300,S2@5,37,369,漏網,289,-2.605342,,atr14=0.705|n_lu_250=0.806|r20=0.734|c_ma120=0.393|vr20=0.250|days_since_lu=0.164|dt_ratio20=NaN|lend_to_v=0.096|rev_yoy=0.502|o_turn=0.206|o_log_mcap=0.012|o_lu_follow=0.928,"官方日成交結構(MI_INDEX/dailyQuotes)=1|發行股數(MI_QFIIS/dailyQuotes)=1|外資持股(MI_QFIIS,僅上市)=0|自營商(T86/上櫃三大法人)=1|當沖(TWTB4U/上櫃intraday)=1|季財報(MOPS t163sb04)=1|月營收(MOPS/openapi)=1|官方產業別(MOPS t05st03)=1|融資券(MI_MARGN)=1|借券(TWT93U)=1|法人(T86)=1",254,254.0,250.0,official,112.2,1.0,0.0,0.0,0,1,6.872,40.521,42.18,275.0,0,未扣成本·事後欄位以 m_ 標示·非投資建議
HC,2,2026-04-10,2026-04-13,5288,豐祥-KY,TWSE,S,,fV300,S2@5,311,369,漏網,777,-5.378809,,atr14=0.246|n_lu_250=0.155|r20=0.557|c_ma120=0.547|vr20=0.689|days_since_lu=0.851|dt_ratio20=0.217|lend_to_v=0.616|rev_yoy=0.168|o_turn=0.209|o_log_mcap=0.425|o_lu_follow=0.517,"官方日成交結構(MI_INDEX/dailyQuotes)=1|發行股數(MI_QFIIS/dailyQuotes)=1|外資持股(MI_QFIIS,僅上市)=1|自營商(T86/上櫃三大法人)=1|當沖(TWTB4U/上櫃intraday)=1|季財報(MOPS t163sb04)=1|月營收(MOPS/openapi)=1|官方產業別(MOPS t05st03)=1|融資券(MI_MARGN)=1|借券(TWT93U)=1|法人(T86)=1",903,inf,250.0,official_prepanel,132.25,1.0,0.0,0.0,0,1,5.051,7.071,14.141,527.0,0,未扣成本·事後欄位以 m_ 標示·非投資建議
HC,2,2026-04-10,2026-04-13,6224,聚鼎,TWSE,S,,fV300,S2@5,20,369,漏網,679,-2.275874,,atr14=0.290|n_lu_250=0.155|r20=0.708|c_ma120=0.490|vr20=0.985|days_since_lu=0.851|dt_ratio20=0.193|lend_to_v=0.767|rev_yoy=0.294|o_turn=0.540|o_log_mcap=0.163|o_lu_follow=0.517,"官方日成交結構(MI_INDEX/dailyQuotes)=1|發行股數(MI_QFIIS/dailyQuotes)=1|外資持股(MI_QFIIS,僅上市)=1|自營商(T86/上櫃三大法人)=1|當沖(TWTB4U/上櫃intraday)=1|季財報(MOPS t163sb04)=1|月營收(MOPS/openapi)=1|官方產業別(MOPS t05st03)=1|融資券(MI_MARGN)=1|借券(TWT93U)=1|法人(T86)=1",903,inf,250.0,official_prepanel,153.5,1.0,0.0,0.0,0,1,1.809,32.879,31.356,6918.0,0,未扣成本·事後欄位以 m_ 標示·非投資建議
HC,2,2026-04-10,2026-04-13,6949,沛爾生醫*-創,TWSE,S,,fV300,S2@5,14,369,漏網,160,-2.104059,,atr14=0.628|n_lu_250=0.835|r20=0.754|c_ma120=0.925|vr20=0.897|days_since_lu=0.475|dt_ratio20=0.846|lend_to_v=0.208|rev_yoy=0.889|o_turn=0.501|o_log_mcap=0.751|o_lu_follow=0.974,"官方日成交結構(MI_INDEX/dailyQuotes)=1|發行股數(MI_QFIIS/dailyQuotes)=1|外資持股(MI_QFIIS,僅上市)=1|自營商(T86/上櫃三大法人)=1|當沖(TWTB4U/上櫃intraday)=1|季財報(MOPS t163sb04)=1|月營收(MOPS/openapi)=1|官方產業別(MOPS t05st03)=1|融資券(MI_MARGN)=1|借券(TWT93U)=1|法人(T86)=1",506,506.0,250.0,official,181.3,1.0,0.0,0.0,0,1,5.178,13.905,24.26,453.0,0,未扣成本·事後欄位以 m_ 標示·非投資建議
HC,2,2026-04-13,2026-04-14,4561,健椿,TPEx,S,,fV300,S2@5,96,366,漏網,1011,-3.532037,,atr14=0.432|n_lu_250=0.705|r20=0.146|c_ma120=0.131|vr20=0.349|days_since_lu=0.501|dt_ratio20=NaN|lend_to_v=0.676|rev_yoy=0.451|o_turn=0.093|o_log_mcap=0.037|o_lu_follow=0.643,"官方日成交結構(MI_INDEX/dailyQuotes)=1|發行股數(MI_QFIIS/dailyQuotes)=1|外資持股(MI_QFIIS,僅上市)=0|自營商(T86/上櫃三大法人)=1|當沖(TWTB4U/上櫃intraday)=1|季財報(MOPS t163sb04)=1|月營收(MOPS/openapi)=1|官方產業別(MOPS t05st03)=1|融資券(MI_MARGN)=1|借券(TWT93U)=1|法人(T86)=1",904,inf,250.0,official_prepanel,109.15,1.0,0.0,0.0,0,1,9.434,11.006,3.145,387.0,0,未扣成本·事後欄位以 m_ 標示·非投資建議
HC,2,2026-04-13,2026-04-14,4562,穎漢,TWSE,S,,fV300,S2@5,63,366,漏網,807,-3.101576,,atr14=0.531|n_lu_250=0.877|r20=0.260|c_ma120=0.092|vr20=0.421|days_since_lu=0.513|dt_ratio20=0.440|lend_to_v=0.930|rev_yoy=0.418|o_turn=0.173|o_log_mcap=0.090|o_lu_follow=0.936,"官方日成交結構(MI_INDEX/dailyQuotes)=1|發行股數(MI_QFIIS/dailyQuotes)=1|外資持股(MI_QFIIS,僅上市)=1|自營商(T86/上櫃三大法人)=1|當沖(TWTB4U/上櫃intraday)=1|季財報(MOPS t163sb04)=1|月營收(MOPS/openapi)=1|官方產業別(MOPS t05st03)=1|融資券(MI_MARGN)=1|借券(TWT93U)=1|法人(T86)=1",904,inf,250.0,official_prepanel,210.95,2.0,0.0,0.0,0,1,7.886,12.303,-2.681,629.0,0,未扣成本·事後欄位以 m_ 標示·非投資建議
HC,2,2026-04-13,2026-04-14,8374,羅昇,TWSE,S,,fV300,S2@5,193,366,漏網,680,-4.262451,,atr14=0.612|n_lu_250=0.803|r20=0.368|c_ma120=0.124|vr20=0.464|days_since_lu=0.119|dt_ratio20=0.628|lend_to_v=0.898|rev_yoy=0.804|o_turn=0.176|o_log_mcap=0.348|o_lu_follow=0.423,"官方日成交結構(MI_INDEX/dailyQuotes)=1|發行股數(MI_QFIIS/dailyQuotes)=1|外資持股(MI_QFIIS,僅上市)=1|自營商(T86/上櫃三大法人)=1|當沖(TWTB4U/上櫃intraday)=1|季財報(MOPS t163sb04)=1|月營收(MOPS/openapi)=1|官方產業別(MOPS t05st03)=1|融資券(MI_MARGN)=1|借券(TWT93U)=1|法人(T86)=1",904,inf,250.0,official_prepanel,271.9,2.0,0.0,0.0,0,1,8.877,13.731,3.883,1122.0,0,未扣成本·事後欄位以 m_ 標示·非投資建議
HC,2,2026-04-14,2026-04-15,3388,崇越電,TPEx,S,,fV300,S2@5,84,367,漏網,615,-3.387586,,atr14=0.302|n_lu_250=0.033|r20=0.873|c_ma120=0.763|vr20=0.961|days_since_lu=0.976|dt_ratio20=NaN|lend_to_v=0.350|rev_yoy=0.702|o_turn=0.682|o_log_mcap=0.255|o_lu_follow=0.755,"官方日成交結構(MI_INDEX/dailyQuotes)=1|發行股數(MI_QFIIS/dailyQuotes)=1|外資持股(MI_QFIIS,僅上市)=0|自營商(T86/上櫃三大法人)=1|當沖(TWTB4U/上櫃intraday)=1|季財報(MOPS t163sb04)=1|月營收(MOPS/openapi)=1|官方產業別(MOPS t05st03)=1|融資券(MI_MARGN)=1|借券(TWT93U)=1|法人(T86)=1",905,inf,250.0,official_prepanel,299.8,2.0,0.0,0.0,0,1,8.742,58.278,38.411,1933.0,0,未扣成本·事後欄位以 m_ 標示·非投資建議
HC,2,2026-04-14,2026-04-15,6441,廣錠,TPEx,S,,fV300,S2@5,20,367,漏網,1167,-2.410018,,atr14=0.408|n_lu_250=0.827|r20=0.039|c_ma120=0.033|vr20=0.970|days_since_lu=0.718|dt_ratio20=NaN|lend_to_v=0.534|rev_yoy=0.089|o_turn=0.598|o_log_mcap=0.002|o_lu_follow=0.906,"官方日成交結構(MI_INDEX/dailyQuotes)=1|發行股數(MI_QFIIS/dailyQuotes)=1|外資持股(MI_QFIIS,僅上市)=0|自營商(T86/上櫃三大法人)=1|當沖(TWTB4U/上櫃intraday)=1|季財報(MOPS t163sb04)=1|月營收(MOPS/openapi)=1|官方產業別(MOPS t05st03)=1|融資券(MI_MARGN)=1|借券(TWT93U)=1|法人(T86)=1",905,inf,250.0,official_prepanel,120.3,1.0,0.0,0.0,0,1,9.798,30.836,74.928,413.0,0,未扣成本·事後欄位以 m_ 標示·非投資建議
HC,2,2026-04-15,2026-04-16,1626,艾美特-KY,TWSE,S,,fP10|fV300,S2@5,172,363,漏網,1644,-4.159291,,atr14=0.173|n_lu_250=0.300|r20=0.185|c_ma120=0.112|vr20=0.634|days_since_lu=0.484|dt_ratio20=0.013|lend_to_v=0.568|rev_yoy=0.160|o_turn=0.036|o_log_mcap=0.023|o_lu_follow=0.345,"官方日成交結構(MI_INDEX/dailyQuotes)=1|發行股數(MI_QFIIS/dailyQuotes)=1|外資持股(MI_QFIIS,僅上市)=1|自營商(T86/上櫃三大法人)=1|當沖(TWTB4U/上櫃intraday)=1|季財報(MOPS t163sb04)=1|月營收(MOPS/openapi)=1|官方產業別(MOPS t05st03)=1|融資券(MI_MARGN)=1|借券(TWT93U)=1|法人(T86)=1",906,inf,250.0,official_prepanel,106.6,1.0,0.0,0.0,0,1,8.955,15.423,11.443,577.0,0,未扣成本·事後欄位以 m_ 標示·非投資建議
HC,2,2026-04-15,2026-04-16,4556,旭然,TPEx,S,,fV300,S2@5,77,363,漏網,875,-3.405939,,atr14=0.314|n_lu_250=0.587|r20=0.069|c_ma120=0.525|vr20=0.467|days_since_lu=0.484|dt_ratio20=NaN|lend_to_v=0.092|rev_yoy=0.354|o_turn=0.192|o_log_mcap=0.010|o_lu_follow=0.963,"官方日成交結構(MI_INDEX/dailyQuotes)=1|發行股數(MI_QFIIS/dailyQuotes)=1|外資持股(MI_QFIIS,僅上市)=0|自營商(T86/上櫃三大法人)=1|當沖(TWTB4U/上櫃intraday)=1|季財報(MOPS t163sb04)=1|月營收(MOPS/openapi)=1|官方產業別(MOPS t05st03)=1|融資券(MI_MARGN)=1|借券(TWT93U)=1|法人(T86)=1",906,inf,250.0,official_prepanel,101.35,1.0,0.0,0.0,0,1,8.561,24.408,36.248,312.0,0,未扣成本·事後欄位以 m_ 標示·非投資建議
HC,2,2026-04-16,2026-04-17,2070,精湛,TPEx,S,,fV300,S2@5,27,363,漏網,431,-2.714158,,atr14=0.389|n_lu_250=0.585|r20=0.706|c_ma120=0.527|vr20=0.926|days_since_lu=0.639|dt_ratio20=NaN|lend_to_v=0.257|rev_yoy=0.660|o_turn=0.623|o_log_mcap=0.029|o_lu_follow=0.716,"官方日成交結構(MI_INDEX/dailyQuotes)=1|發行股數(MI_QFIIS/dailyQuotes)=1|外資持股(MI_QFIIS,僅上市)=0|自營商(T86/上櫃三大法人)=1|當沖(TWTB4U/上櫃intraday)=1|季財報(MOPS t163sb04)=1|月營收(MOPS/openapi)=1|官方產業別(MOPS t05st03)=1|融資券(MI_MARGN)=1|借券(TWT93U)=1|法人(T86)=1",907,inf,250.0,official_prepanel,169.35,1.0,0.0,0.0,0,1,6.163,28.372,37.209,624.0,0,未扣成本·事後欄位以 m_ 標示·非投資建議
HC,2,2026-04-16,2026-04-17,3055,蔚華科,TWSE,S,,fV300,S2@5,196,363,漏網,591,-4.397406,,atr14=0.672|n_lu_250=0.510|r20=0.615|c_ma120=0.195|vr20=0.274|days_since_lu=0.606|dt_ratio20=0.667|lend_to_v=0.798|rev_yoy=0.620|o_turn=0.116|o_log_mcap=0.322|o_lu_follow=0.159,"官方日成交結構(MI_INDEX/dailyQuotes)=1|發行股數(MI_QFIIS/dailyQuotes)=1|外資持股(MI_QFIIS,僅上市)=1|自營商(T86/上櫃三大法人)=1|當沖(TWTB4U/上櫃intraday)=1|季財報(MOPS t163sb04)=1|月營收(MOPS/openapi)=1|官方產業別(MOPS t05st03)=1|融資券(MI_MARGN)=1|借券(TWT93U)=1|法人(T86)=1",907,inf,250.0,official_prepanel,279.05,2.0,0.0,0.0,0,1,9.47,30.337,25.682,1072.0,0,未扣成本·事後欄位以 m_ 標示·非投資建議
HC,2,2026-04-16,2026-04-17,3325,旭品,TPEx,S,,fV300,S2@5,32,363,漏網,1651,-2.860737,,atr14=0.249|n_lu_250=0.413|r20=0.038|c_ma120=0.017|vr20=0.544|days_since_lu=0.669|dt_ratio20=NaN|lend_to_v=0.017|rev_yoy=0.038|o_turn=0.192|o_log_mcap=0.014|o_lu_follow=0.893,"官方日成交結構(MI_INDEX/dailyQuotes)=1|發行股數(MI_QFIIS/dailyQuotes)=1|外資持股(MI_QFIIS,僅上市)=0|自營商(T86/上櫃三大法人)=1|當沖(TWTB4U/上櫃intraday)=0|季財報(MOPS t163sb04)=1|月營收(MOPS/openapi)=1|官方產業別(MOPS t05st03)=1|融資券(MI_MARGN)=1|借券(TWT93U)=1|法人(T86)=1",907,inf,250.0,official_prepanel,250.5,2.0,0.0,0.0,0,1,10.331,13.223,7.438,520.0,0,未扣成本·事後欄位以 m_ 標示·非投資建議
HC,2,2026-04-16,2026-04-17,3631,晟楠,TPEx,S,,fV300,S2@5,194,363,漏網,668,-4.39023,,atr14=0.457|n_lu_250=0.510|r20=0.397|c_ma120=0.426|vr20=0.234|days_since_lu=0.658|dt_ratio20=NaN|lend_to_v=0.425|rev_yoy=0.952|o_turn=0.047|o_log_mcap=0.060|o_lu_follow=0.823,"官方日成交結構(MI_INDEX/dailyQuotes)=1|發行股數(MI_QFIIS/dailyQuotes)=1|外資持股(MI_QFIIS,僅上市)=0|自營商(T86/上櫃三大法人)=1|當沖(TWTB4U/上櫃intraday)=1|季財報(MOPS t163sb04)=1|月營收(MOPS/openapi)=1|官方產業別(MOPS t05st03)=1|融資券(MI_MARGN)=1|借券(TWT93U)=1|法人(T86)=1",907,inf,250.0,official_prepanel,134.15,1.0,0.0,0.0,0,1,6.727,45.091,39.273,210.0,0,未扣成本·事後欄位以 m_ 標示·非投資建議
HC,2,2026-04-16,2026-04-17,6423,億而得,TPEx,S,,fV300,S2@5,49,363,漏網,526,-3.161562,,atr14=0.587|n_lu_250=0.585|r20=0.344|c_ma120=0.587|vr20=0.884|days_since_lu=0.443|dt_ratio20=NaN|lend_to_v=0.669|rev_yoy=0.014|o_turn=0.561|o_log_mcap=0.089|o_lu_follow=0.716,"官方日成交結構(MI_INDEX/dailyQuotes)=1|發行股數(MI_QFIIS/dailyQuotes)=1|外資持股(MI_QFIIS,僅上市)=0|自營商(T86/上櫃三大法人)=1|當沖(TWTB4U/上櫃intraday)=1|季財報(MOPS t163sb04)=1|月營收(MOPS/openapi)=1|官方產業別(MOPS t05st03)=1|融資券(MI_MARGN)=1|借券(TWT93U)=1|法人(T86)=1",465,465.0,250.0,transfer_min,117.75,1.0,0.0,0.0,0,1,11.758,43.265,25.0,628.0,0,未扣成本·事後欄位以 m_ 標示·非投資建議
HC,2,2026-04-16,2026-04-17,6735,美達科技,TPEx,S,,fV300,S2@5,23,363,漏網,127,-2.561842,,atr14=0.896|n_lu_250=0.897|r20=0.921|c_ma120=0.667|vr20=0.715|days_since_lu=0.107|dt_ratio20=NaN|lend_to_v=0.325|rev_yoy=0.971|o_turn=0.377|o_log_mcap=0.122|o_lu_follow=0.801,"官方日成交結構(MI_INDEX/dailyQuotes)=1|發行股數(MI_QFIIS/dailyQuotes)=1|外資持股(MI_QFIIS,僅上市)=0|自營商(T86/上櫃三大法人)=1|當沖(TWTB4U/上櫃intraday)=1|季財報(MOPS t163sb04)=1|月營收(MOPS/openapi)=1|官方產業別(MOPS t05st03)=1|融資券(MI_MARGN)=1|借券(TWT93U)=1|法人(T86)=1",907,inf,250.0,official_prepanel,163.95,1.0,0.0,0.0,0,1,10.0,60.145,76.087,398.0,0,未扣成本·事後欄位以 m_ 標示·非投資建議
HC,2,2026-04-17,2026-04-20,3556,禾瑞亞,TPEx,S,,fV300,S2@5,155,351,漏網,367,-4.222732,,atr14=0.456|n_lu_250=0.415|r20=0.806|c_ma120=0.752|vr20=0.373|days_since_lu=0.499|dt_ratio20=NaN|lend_to_v=0.291|rev_yoy=0.675|o_turn=0.318|o_log_mcap=0.114|o_lu_follow=0.235,"官方日成交結構(MI_INDEX/dailyQuotes)=1|發行股數(MI_QFIIS/dailyQuotes)=1|外資持股(MI_QFIIS,僅上市)=0|自營商(T86/上櫃三大法人)=1|當沖(TWTB4U/上櫃intraday)=1|季財報(MOPS t163sb04)=1|月營收(MOPS/openapi)=1|官方產業別(MOPS t05st03)=1|融資券(MI_MARGN)=1|借券(TWT93U)=1|法人(T86)=1",908,inf,250.0,official_prepanel,291.65,2.0,0.0,0.0,0,1,6.225,8.434,3.012,1861.0,0,未扣成本·事後欄位以 m_ 標示·非投資建議
HC,2,2026-04-20,2026-04-21,1570,力肯,TPEx,S,,fV300,S2@5,18,350,漏網,493,-2.380056,,atr14=0.288|n_lu_250=0.415|r20=0.743|c_ma120=0.660|vr20=0.911|days_since_lu=0.660|dt_ratio20=NaN|lend_to_v=0.350|rev_yoy=0.791|o_turn=0.651|o_log_mcap=0.035|o_lu_follow=0.888,"官方日成交結構(MI_INDEX/dailyQuotes)=1|發行股數(MI_QFIIS/dailyQuotes)=1|外資持股(MI_QFIIS,僅上市)=0|自營商(T86/上櫃三大法人)=1|當沖(TWTB4U/上櫃intraday)=1|季財報(MOPS t163sb04)=1|月營收(MOPS/openapi)=1|官方產業別(MOPS t05st03)=1|融資券(MI_MARGN)=1|借券(TWT93U)=1|法人(T86)=1",909,inf,250.0,official_prepanel,254.65,2.0,0.0,0.0,1,0,0.0,-1.688,-2.208,1802.0,0,未扣成本·事後欄位以 m_ 標示·非投資建議
HC,2,2026-04-20,2026-04-21,2221,大甲,TPEx,S,,fV300,S2@5,38,350,漏網,672,-2.873322,,atr14=0.326|n_lu_250=0.149|r20=0.654|c_ma120=0.570|vr20=0.984|days_since_lu=0.856|dt_ratio20=NaN|lend_to_v=0.232|rev_yoy=0.249|o_turn=0.638|o_log_mcap=0.012|o_lu_follow=0.521,"官方日成交結構(MI_INDEX/dailyQuotes)=1|發行股數(MI_QFIIS/dailyQuotes)=1|外資持股(MI_QFIIS,僅上市)=0|自營商(T86/上櫃三大法人)=1|當沖(TWTB4U/上櫃intraday)=1|季財報(MOPS t163sb04)=1|月營收(MOPS/openapi)=1|官方產業別(MOPS t05st03)=1|融資券(MI_MARGN)=1|借券(TWT93U)=1|法人(T86)=1",909,inf,250.0,official_prepanel,114.95,1.0,0.0,0.0,1,0,0.0,4.944,3.672,563.0,0,未扣成本·事後欄位以 m_ 標示·非投資建議
HC,2,2026-04-20,2026-04-21,3169,亞信,TPEx,S,,fV300,S2@5,201,350,漏網,984,-4.622819,,atr14=0.336|n_lu_250=0.298|r20=0.253|c_ma120=0.400|vr20=0.406|days_since_lu=0.723|dt_ratio20=NaN|lend_to_v=0.680|rev_yoy=0.123|o_turn=0.212|o_log_mcap=0.278|o_lu_follow=0.350,"官方日成交結構(MI_INDEX/dailyQuotes)=1|發行股數(MI_QFIIS/dailyQuotes)=1|外資持股(MI_QFIIS,僅上市)=0|自營商(T86/上櫃三大法人)=1|當沖(TWTB4U/上櫃intraday)=1|季財報(MOPS t163sb04)=1|月營收(MOPS/openapi)=1|官方產業別(MOPS t05st03)=1|融資券(MI_MARGN)=1|借券(TWT93U)=1|法人(T86)=1",909,inf,250.0,official_prepanel,185.65,1.0,0.0,0.0,0,1,9.667,10.707,13.825,1453.0,0,未扣成本·事後欄位以 m_ 標示·非投資建議
HC,2,2026-04-20,2026-04-21,6243,迅杰,TWSE,S,,fV300,S2@5,115,350,漏網,1062,-3.849416,,atr14=0.378|n_lu_250=0.513|r20=0.273|c_ma120=0.165|vr20=0.525|days_since_lu=0.586|dt_ratio20=0.329|lend_to_v=0.713|rev_yoy=0.037|o_turn=0.315|o_log_mcap=0.012|o_lu_follow=0.812,"官方日成交結構(MI_INDEX/dailyQuotes)=1|發行股數(MI_QFIIS/dailyQuotes)=1|外資持股(MI_QFIIS,僅上市)=1|自營商(T86/上櫃三大法人)=1|當沖(TWTB4U/上櫃intraday)=1|季財報(MOPS t163sb04)=1|月營收(MOPS/openapi)=1|官方產業別(MOPS t05st03)=1|融資券(MI_MARGN)=1|借券(TWT93U)=1|法人(T86)=1",909,inf,250.0,official_prepanel,156.75,1.0,0.0,0.0,0,1,8.896,11.203,14.498,625.0,0,未扣成本·事後欄位以 m_ 標示·非投資建議
HC,2,2026-04-22,2026-04-23,6418,詠昇,TPEx,S,,fV300,S2@5,20,350,漏網,736,-2.235406,,atr14=0.607|n_lu_250=0.925|r20=0.337|c_ma120=0.006|vr20=0.938|days_since_lu=0.017|dt_ratio20=NaN|lend_to_v=0.271|rev_yoy=0.098|o_turn=0.681|o_log_mcap=0.002|o_lu_follow=0.975,"官方日成交結構(MI_INDEX/dailyQuotes)=1|發行股數(MI_QFIIS/dailyQuotes)=1|外資持股(MI_QFIIS,僅上市)=0|自營商(T86/上櫃三大法人)=1|當沖(TWTB4U/上櫃intraday)=1|季財報(MOPS t163sb04)=1|月營收(MOPS/openapi)=1|官方產業別(MOPS t05st03)=1|融資券(MI_MARGN)=1|借券(TWT93U)=1|法人(T86)=1",911,inf,250.0,official_prepanel,170.35,1.0,0.0,0.0,0,1,6.678,11.401,4.723,880.0,0,未扣成本·事後欄位以 m_ 標示·非投資建議
HC,2,2026-04-23,2026-04-24,2061,風青,TPEx,S,,fV300,S2@5,126,351,漏網,1288,-4.089861,,atr14=0.393|n_lu_250=0.563|r20=0.089|c_ma120=0.090|vr20=0.763|days_since_lu=0.522|dt_ratio20=NaN|lend_to_v=0.625|rev_yoy=0.326|o_turn=0.250|o_log_mcap=0.001|o_lu_follow=0.132,"官方日成交結構(MI_INDEX/dailyQuotes)=1|發行股數(MI_QFIIS/dailyQuotes)=1|外資持股(MI_QFIIS,僅上市)=0|自營商(T86/上櫃三大法人)=1|當沖(TWTB4U/上櫃intraday)=1|季財報(MOPS t163sb04)=1|月營收(MOPS/openapi)=1|官方產業別(MOPS t05st03)=1|融資券(MI_MARGN)=1|借券(TWT93U)=1|法人(T86)=1",912,inf,250.0,official_prepanel,142.85,1.0,0.0,0.0,0,1,9.003,24.437,32.476,1042.0,0,未扣成本·事後欄位以 m_ 標示·非投資建議
HC,2,2026-04-23,2026-04-24,4951,精拓科,TPEx,S,,fV300,S2@5,124,351,漏網,770,-4.076466,,atr14=0.352|n_lu_250=0.110|r20=0.694|c_ma120=0.610|vr20=0.873|days_since_lu=0.783|dt_ratio20=NaN|lend_to_v=0.331|rev_yoy=0.476|o_turn=0.569|o_log_mcap=0.087|o_lu_follow=0.684,"官方日成交結構(MI_INDEX/dailyQuotes)=1|發行股數(MI_QFIIS/dailyQuotes)=1|外資持股(MI_QFIIS,僅上市)=0|自營商(T86/上櫃三大法人)=1|當沖(TWTB4U/上櫃intraday)=1|季財報(MOPS t163sb04)=1|月營收(MOPS/openapi)=1|官方產業別(MOPS t05st03)=1|融資券(MI_MARGN)=1|借券(TWT93U)=1|法人(T86)=1",836,836.0,250.0,official,193.55,1.0,0.0,0.0,0,1,9.786,59.517,66.22,2062.0,0,未扣成本·事後欄位以 m_ 標示·非投資建議
HC,2,2026-04-23,2026-04-24,6743,安普新,TWSE,S,,fV300,S2@5,97,351,漏網,1425,-3.815893,,atr14=0.614|n_lu_250=0.110|r20=0.215|c_ma120=0.087|vr20=0.795|days_since_lu=0.862|dt_ratio20=0.288|lend_to_v=0.598|rev_yoy=0.208|o_turn=0.175|o_log_mcap=0.145|o_lu_follow=0.684,"官方日成交結構(MI_INDEX/dailyQuotes)=1|發行股數(MI_QFIIS/dailyQuotes)=1|外資持股(MI_QFIIS,僅上市)=1|自營商(T86/上櫃三大法人)=1|當沖(TWTB4U/上櫃intraday)=1|季財報(MOPS t163sb04)=1|月營收(MOPS/openapi)=1|官方產業別(MOPS t05st03)=1|融資券(MI_MARGN)=1|借券(TWT93U)=1|法人(T86)=1",912,inf,250.0,official_prepanel,259.95,2.0,0.0,0.0,1,0,0.0,17.391,17.787,365.0,0,未扣成本·事後欄位以 m_ 標示·非投資建議
HC,2,2026-04-27,2026-04-28,3224,三顧,TPEx,S,,fV300,S2@5,74,332,漏網,721,-3.55338,,atr14=0.720|n_lu_250=0.289|r20=0.479|c_ma120=0.342|vr20=0.239|days_since_lu=0.079|dt_ratio20=NaN|lend_to_v=0.346|rev_yoy=0.593|o_turn=0.107|o_log_mcap=0.162|o_lu_follow=0.393,"官方日成交結構(MI_INDEX/dailyQuotes)=1|發行股數(MI_QFIIS/dailyQuotes)=1|外資持股(MI_QFIIS,僅上市)=0|自營商(T86/上櫃三大法人)=1|當沖(TWTB4U/上櫃intraday)=1|季財報(MOPS t163sb04)=1|月營收(MOPS/openapi)=1|官方產業別(MOPS t05st03)=1|融資券(MI_MARGN)=1|借券(TWT93U)=1|法人(T86)=1",914,inf,250.0,official_prepanel,237.35,2.0,0.0,0.0,0,1,6.704,1.453,2.235,427.0,0,未扣成本·事後欄位以 m_ 標示·非投資建議
HC,2,2026-04-27,2026-04-28,3379,彬台,TPEx,S,,fV300,S2@5,32,332,漏網,1069,-2.922096,,atr14=0.556|n_lu_250=0.844|r20=0.039|c_ma120=0.009|vr20=0.847|days_since_lu=0.658|dt_ratio20=NaN|lend_to_v=0.462|rev_yoy=0.014|o_turn=0.579|o_log_mcap=0.010|o_lu_follow=0.861,"官方日成交結構(MI_INDEX/dailyQuotes)=1|發行股數(MI_QFIIS/dailyQuotes)=1|外資持股(MI_QFIIS,僅上市)=0|自營商(T86/上櫃三大法人)=1|當沖(TWTB4U/上櫃intraday)=1|季財報(MOPS t163sb04)=1|月營收(MOPS/openapi)=1|官方產業別(MOPS t05st03)=1|融資券(MI_MARGN)=1|借券(TWT93U)=1|法人(T86)=1",914,inf,250.0,official_prepanel,221.7,2.0,0.0,0.0,0,1,9.215,21.299,7.251,337.0,0,未扣成本·事後欄位以 m_ 標示·非投資建議
HC,2,2026-04-28,2026-04-29,4563,百德,TPEx,S,,fV300,S2@5,105,327,漏網,921,-3.823486,,atr14=0.556|n_lu_250=0.566|r20=0.314|c_ma120=0.114|vr20=0.614|days_since_lu=0.099|dt_ratio20=NaN|lend_to_v=0.648|rev_yoy=0.070|o_turn=0.340|o_log_mcap=0.074|o_lu_follow=0.803,"官方日成交結構(MI_INDEX/dailyQuotes)=1|發行股數(MI_QFIIS/dailyQuotes)=1|外資持股(MI_QFIIS,僅上市)=0|自營商(T86/上櫃三大法人)=1|當沖(TWTB4U/上櫃intraday)=1|季財報(MOPS t163sb04)=1|月營收(MOPS/openapi)=1|官方產業別(MOPS t05st03)=1|融資券(MI_MARGN)=1|借券(TWT93U)=1|法人(T86)=1",915,inf,250.0,official_prepanel,199.7,1.0,0.0,0.0,0,1,8.747,18.203,13.593,293.0,0,未扣成本·事後欄位以 m_ 標示·非投資建議
HC,2,2026-04-28,2026-04-29,4807,日成-KY,TWSE,S,,fV300,S2@5,28,327,漏網,547,-2.904072,,atr14=0.339|n_lu_250=0.486|r20=0.803|c_ma120=0.488|vr20=0.845|days_since_lu=0.249|dt_ratio20=0.058|lend_to_v=0.331|rev_yoy=0.865|o_turn=0.407|o_log_mcap=0.001|o_lu_follow=0.803,"官方日成交結構(MI_INDEX/dailyQuotes)=1|發行股數(MI_QFIIS/dailyQuotes)=1|外資持股(MI_QFIIS,僅上市)=1|自營商(T86/上櫃三大法人)=1|當沖(TWTB4U/上櫃intraday)=1|季財報(MOPS t163sb04)=1|月營收(MOPS/openapi)=1|官方產業別(MOPS t05st03)=1|融資券(MI_MARGN)=1|借券(TWT93U)=1|法人(T86)=1",915,inf,250.0,official_prepanel,138.4,1.0,0.0,0.0,0,1,9.565,23.768,45.217,438.0,0,未扣成本·事後欄位以 m_ 標示·非投資建議
HC,2,2026-04-28,2026-04-29,6535,順藥,TPEx,S,,fV300,S2@5,66,327,漏網,1234,-3.483136,,atr14=0.472|n_lu_250=0.631|r20=0.039|c_ma120=0.009|vr20=0.451|days_since_lu=0.638|dt_ratio20=NaN|lend_to_v=NaN|rev_yoy=0.002|o_turn=0.038|o_log_mcap=0.645|o_lu_follow=0.084,"官方日成交結構(MI_INDEX/dailyQuotes)=1|發行股數(MI_QFIIS/dailyQuotes)=1|外資持股(MI_QFIIS,僅上市)=0|自營商(T86/上櫃三大法人)=1|當沖(TWTB4U/上櫃intraday)=0|季財報(MOPS t163sb04)=1|月營收(MOPS/openapi)=1|官方產業別(MOPS t05st03)=1|融資券(MI_MARGN)=0|借券(TWT93U)=0|法人(T86)=1",915,inf,250.0,official_prepanel,200.05,2.0,0.0,0.0,0,1,9.921,6.746,1.984,337.0,0,未扣成本·事後欄位以 m_ 標示·非投資建議
HC,2,2026-04-30,2026-05-04,5210,寶碩,TPEx,S,,fV300,S2@5,113,328,漏網,819,-4.154022,,atr14=0.162|n_lu_250=0.478|r20=0.402|c_ma120=0.464|vr20=0.734|days_since_lu=0.650|dt_ratio20=NaN|lend_to_v=0.017|rev_yoy=0.069|o_turn=0.171|o_log_mcap=0.053|o_lu_follow=0.176,"官方日成交結構(MI_INDEX/dailyQuotes)=1|發行股數(MI_QFIIS/dailyQuotes)=1|外資持股(MI_QFIIS,僅上市)=0|自營商(T86/上櫃三大法人)=1|當沖(TWTB4U/上櫃intraday)=0|季財報(MOPS t163sb04)=1|月營收(MOPS/openapi)=1|官方產業別(MOPS t05st03)=1|融資券(MI_MARGN)=1|借券(TWT93U)=1|法人(T86)=1",917,inf,250.0,official_prepanel,151.45,1.0,0.0,0.0,0,1,8.696,21.957,12.609,691.0,0,未扣成本·事後欄位以 m_ 標示·非投資建議
HC,2,2026-04-30,2026-05-04,7749,意騰-KY,TWSE,S,,fV300,S2@5,45,328,漏網,461,-3.483718,,atr14=0.560|n_lu_250=0.388|r20=0.768|c_ma120=0.398|vr20=0.658|days_since_lu=0.435|dt_ratio20=0.552|lend_to_v=0.735|rev_yoy=0.923|o_turn=0.501|o_log_mcap=0.632|o_lu_follow=0.254,"官方日成交結構(MI_INDEX/dailyQuotes)=1|發行股數(MI_QFIIS/dailyQuotes)=1|外資持股(MI_QFIIS,僅上市)=1|自營商(T86/上櫃三大法人)=1|當沖(TWTB4U/上櫃intraday)=1|季財報(MOPS t163sb04)=1|月營收(MOPS/openapi)=1|官方產業別(MOPS t05st03)=1|融資券(MI_MARGN)=1|借券(TWT93U)=1|法人(T86)=1",214,214.0,214.0,official,275.55,2.0,0.0,0.0,1,0,0.0,9.712,4.162,338.0,0,未扣成本·事後欄位以 m_ 標示·非投資建議
HC,2,2026-05-04,2026-05-05,2491,吉祥全,TWSE,S,,fV300,S2@5,19,315,漏網,574,-2.747165,,atr14=0.546|n_lu_250=0.864|r20=0.466|c_ma120=0.189|vr20=0.833|days_since_lu=0.581|dt_ratio20=0.375|lend_to_v=0.477|rev_yoy=0.146|o_turn=0.246|o_log_mcap=0.015|o_lu_follow=0.977,"官方日成交結構(MI_INDEX/dailyQuotes)=1|發行股數(MI_QFIIS/dailyQuotes)=1|外資持股(MI_QFIIS,僅上市)=1|自營商(T86/上櫃三大法人)=1|當沖(TWTB4U/上櫃intraday)=1|季財報(MOPS t163sb04)=1|月營收(MOPS/openapi)=1|官方產業別(MOPS t05st03)=1|融資券(MI_MARGN)=1|借券(TWT93U)=1|法人(T86)=1",918,inf,250.0,official_prepanel,164.6,1.0,0.0,0.0,0,1,7.43,30.031,32.198,910.0,0,未扣成本·事後欄位以 m_ 標示·非投資建議
HC,2,2026-05-05,2026-05-06,1762,中化生,TWSE,S,,fV300,S2@5,27,308,漏網,848,-2.873713,,atr14=0.170|n_lu_250=0.284|r20=0.368|c_ma120=0.581|vr20=0.868|days_since_lu=0.487|dt_ratio20=0.030|lend_to_v=0.632|rev_yoy=0.924|o_turn=0.221|o_log_mcap=0.072|o_lu_follow=0.383,"官方日成交結構(MI_INDEX/dailyQuotes)=1|發行股數(MI_QFIIS/dailyQuotes)=1|外資持股(MI_QFIIS,僅上市)=1|自營商(T86/上櫃三大法人)=1|當沖(TWTB4U/上櫃intraday)=1|季財報(MOPS t163sb04)=1|月營收(MOPS/openapi)=1|官方產業別(MOPS t05st03)=1|融資券(MI_MARGN)=1|借券(TWT93U)=1|法人(T86)=1",919,inf,250.0,official_prepanel,115.8,1.0,0.0,0.0,1,0,0.0,7.644,15.757,416.0,0,未扣成本·事後欄位以 m_ 標示·非投資建議
HC,2,2026-05-05,2026-05-06,2923,鼎固-KY,TWSE,S,,fV300,S2@5,43,308,漏網,395,-3.235364,,atr14=0.986|n_lu_250=0.284|r20=0.839|c_ma120=0.526|vr20=0.119|days_since_lu=0.274|dt_ratio20=NaN|lend_to_v=NaN|rev_yoy=0.121|o_turn=0.000|o_log_mcap=0.753|o_lu_follow=0.383,"官方日成交結構(MI_INDEX/dailyQuotes)=1|發行股數(MI_QFIIS/dailyQuotes)=1|外資持股(MI_QFIIS,僅上市)=1|自營商(T86/上櫃三大法人)=1|當沖(TWTB4U/上櫃intraday)=0|季財報(MOPS t163sb04)=1|月營收(MOPS/openapi)=1|官方產業別(MOPS t05st03)=1|融資券(MI_MARGN)=0|借券(TWT93U)=0|法人(T86)=1",919,inf,250.0,official_prepanel,130.1,1.0,0.0,0.0,0,1,6.739,11.087,-6.957,107.0,0,未扣成本·事後欄位以 m_ 標示·非投資建議
HC,2,2026-05-05,2026-05-06,6140,訊達,TPEx,S,,fV300,S2@5,13,308,漏網,856,-2.613533,,atr14=0.523|n_lu_250=0.737|r20=0.295|c_ma120=0.019|vr20=0.213|days_since_lu=0.740|dt_ratio20=NaN|lend_to_v=0.018|rev_yoy=0.349|o_turn=0.115|o_log_mcap=0.007|o_lu_follow=0.030,"官方日成交結構(MI_INDEX/dailyQuotes)=1|發行股數(MI_QFIIS/dailyQuotes)=1|外資持股(MI_QFIIS,僅上市)=0|自營商(T86/上櫃三大法人)=1|當沖(TWTB4U/上櫃intraday)=0|季財報(MOPS t163sb04)=1|月營收(MOPS/openapi)=1|官方產業別(MOPS t05st03)=1|融資券(MI_MARGN)=1|借券(TWT93U)=1|法人(T86)=1",919,inf,250.0,official_prepanel,161.35,1.0,0.0,0.0,0,1,7.895,10.526,3.158,297.0,0,未扣成本·事後欄位以 m_ 標示·非投資建議
HC,2,2026-05-07,2026-05-08,6263,普萊德,TPEx,S,,fV300,S2@5,174,302,漏網,685,-4.699011,,atr14=0.501|n_lu_250=0.110|r20=0.635|c_ma120=0.537|vr20=0.437|days_since_lu=0.862|dt_ratio20=NaN|lend_to_v=0.489|rev_yoy=0.278|o_turn=0.200|o_log_mcap=0.403|o_lu_follow=0.662,"官方日成交結構(MI_INDEX/dailyQuotes)=1|發行股數(MI_QFIIS/dailyQuotes)=1|外資持股(MI_QFIIS,僅上市)=0|自營商(T86/上櫃三大法人)=1|當沖(TWTB4U/上櫃intraday)=1|季財報(MOPS t163sb04)=1|月營收(MOPS/openapi)=1|官方產業別(MOPS t05st03)=1|融資券(MI_MARGN)=1|借券(TWT93U)=1|法人(T86)=1",921,inf,250.0,official_prepanel,216.45,2.0,0.0,0.0,0,1,7.746,28.169,24.648,778.0,0,未扣成本·事後欄位以 m_ 標示·非投資建議
HC,2,2026-05-08,2026-05-11,4127,天良,TPEx,S,,fV300,S2@5,24,317,漏網,747,-2.899372,,atr14=0.308|n_lu_250=0.104|r20=0.676|c_ma120=0.661|vr20=0.930|days_since_lu=0.870|dt_ratio20=NaN|lend_to_v=0.283|rev_yoy=0.807|o_turn=0.414|o_log_mcap=0.058|o_lu_follow=0.656,"官方日成交結構(MI_INDEX/dailyQuotes)=1|發行股數(MI_QFIIS/dailyQuotes)=1|外資持股(MI_QFIIS,僅上市)=0|自營商(T86/上櫃三大法人)=1|當沖(TWTB4U/上櫃intraday)=1|季財報(MOPS t163sb04)=1|月營收(MOPS/openapi)=1|官方產業別(MOPS t05st03)=1|融資券(MI_MARGN)=1|借券(TWT93U)=1|法人(T86)=1",922,inf,250.0,official_prepanel,119.0,1.0,0.0,0.0,0,1,8.561,-2.978,56.079,1044.0,0,未扣成本·事後欄位以 m_ 標示·非投資建議
HC,2,2026-05-12,2026-05-13,3516,亞帝歐,TPEx,S,,fV300,S2@5,29,310,漏網,712,-3.055877,,atr14=0.514|n_lu_250=0.107|r20=0.633|c_ma120=0.499|vr20=0.476|days_since_lu=0.945|dt_ratio20=NaN|lend_to_v=0.208|rev_yoy=0.690|o_turn=0.196|o_log_mcap=0.016|o_lu_follow=0.655,"官方日成交結構(MI_INDEX/dailyQuotes)=1|發行股數(MI_QFIIS/dailyQuotes)=1|外資持股(MI_QFIIS,僅上市)=0|自營商(T86/上櫃三大法人)=1|當沖(TWTB4U/上櫃intraday)=1|季財報(MOPS t163sb04)=1|月營收(MOPS/openapi)=1|官方產業別(MOPS t05st03)=1|融資券(MI_MARGN)=1|借券(TWT93U)=1|法人(T86)=1",924,inf,250.0,official_prepanel,197.6,1.0,0.0,0.0,1,0,0.0,1.515,3.68,516.0,0,未扣成本·事後欄位以 m_ 標示·非投資建議
HC,2,2026-05-12,2026-05-13,3577,泓格,TPEx,S,,fV300,S2@5,60,310,漏網,280,-3.403732,,atr14=0.535|n_lu_250=0.671|r20=0.789|c_ma120=0.835|vr20=0.696|days_since_lu=0.465|dt_ratio20=NaN|lend_to_v=0.417|rev_yoy=0.907|o_turn=0.385|o_log_mcap=0.294|o_lu_follow=0.054,"官方日成交結構(MI_INDEX/dailyQuotes)=1|發行股數(MI_QFIIS/dailyQuotes)=1|外資持股(MI_QFIIS,僅上市)=0|自營商(T86/上櫃三大法人)=1|當沖(TWTB4U/上櫃intraday)=1|季財報(MOPS t163sb04)=1|月營收(MOPS/openapi)=1|官方產業別(MOPS t05st03)=1|融資券(MI_MARGN)=1|借券(TWT93U)=1|法人(T86)=1",924,inf,250.0,official_prepanel,271.3,2.0,0.0,0.0,0,1,5.397,33.862,62.434,1680.0,0,未扣成本·事後欄位以 m_ 標示·非投資建議
HC,2,2026-05-12,2026-05-13,3609,三一東林,TPEx,S,,fV300,S2@5,26,310,漏網,1568,-2.952302,,atr14=0.696|n_lu_250=0.107|r20=0.044|c_ma120=0.004|vr20=0.482|days_since_lu=0.867|dt_ratio20=NaN|lend_to_v=0.337|rev_yoy=0.330|o_turn=0.298|o_log_mcap=0.000|o_lu_follow=0.655,"官方日成交結構(MI_INDEX/dailyQuotes)=1|發行股數(MI_QFIIS/dailyQuotes)=1|外資持股(MI_QFIIS,僅上市)=0|自營商(T86/上櫃三大法人)=1|當沖(TWTB4U/上櫃intraday)=1|季財報(MOPS t163sb04)=1|月營收(MOPS/openapi)=1|官方產業別(MOPS t05st03)=1|融資券(MI_MARGN)=1|借券(TWT93U)=1|法人(T86)=1",924,inf,250.0,official_prepanel,183.05,1.0,0.0,0.0,0,1,7.415,23.305,25.424,252.0,0,未扣成本·事後欄位以 m_ 標示·非投資建議
HC,2,2026-05-12,2026-05-13,6241,鑫永洋,TPEx,S,,fP10|fV300,S2@5,7,310,漏網,1681,-2.27071,,atr14=0.494|n_lu_250=0.107|r20=0.034|c_ma120=0.011|vr20=0.574|days_since_lu=0.786|dt_ratio20=NaN|lend_to_v=0.020|rev_yoy=0.177|o_turn=0.167|o_log_mcap=0.000|o_lu_follow=0.655,"官方日成交結構(MI_INDEX/dailyQuotes)=1|發行股數(MI_QFIIS/dailyQuotes)=1|外資持股(MI_QFIIS,僅上市)=0|自營商(T86/上櫃三大法人)=1|當沖(TWTB4U/上櫃intraday)=0|季財報(MOPS t163sb04)=1|月營收(MOPS/openapi)=1|官方產業別(MOPS t05st03)=1|融資券(MI_MARGN)=1|借券(TWT93U)=1|法人(T86)=1",924,inf,250.0,official_prepanel,122.15,1.0,0.0,0.0,0,1,1.923,12.179,10.577,167.0,0,未扣成本·事後欄位以 m_ 標示·非投資建議
HC,2,2026-05-12,2026-05-13,8440,綠電,TPEx,S,,fV300,S2@5,76,310,漏網,1342,-3.63529,,atr14=0.239|n_lu_250=0.553|r20=0.112|c_ma120=0.059|vr20=0.563|days_since_lu=0.614|dt_ratio20=NaN|lend_to_v=0.597|rev_yoy=0.381|o_turn=0.176|o_log_mcap=0.009|o_lu_follow=0.968,"官方日成交結構(MI_INDEX/dailyQuotes)=1|發行股數(MI_QFIIS/dailyQuotes)=1|外資持股(MI_QFIIS,僅上市)=0|自營商(T86/上櫃三大法人)=1|當沖(TWTB4U/上櫃intraday)=1|季財報(MOPS t163sb04)=1|月營收(MOPS/openapi)=1|官方產業別(MOPS t05st03)=1|融資券(MI_MARGN)=1|借券(TWT93U)=1|法人(T86)=1",924,inf,250.0,official_prepanel,137.85,1.0,0.0,0.0,0,1,9.709,10.68,6.796,500.0,0,未扣成本·事後欄位以 m_ 標示·非投資建議
HC,2,2026-05-15,2026-05-18,5321,美而快,TPEx,S,,fV300,S2@5,7,309,漏網,870,-1.954676,,atr14=0.596|n_lu_250=0.380|r20=0.586|c_ma120=0.046|vr20=0.662|days_since_lu=0.443|dt_ratio20=NaN|lend_to_v=0.536|rev_yoy=0.085|o_turn=0.389|o_log_mcap=0.024|o_lu_follow=0.246,"官方日成交結構(MI_INDEX/dailyQuotes)=1|發行股數(MI_QFIIS/dailyQuotes)=1|外資持股(MI_QFIIS,僅上市)=0|自營商(T86/上櫃三大法人)=1|當沖(TWTB4U/上櫃intraday)=1|季財報(MOPS t163sb04)=1|月營收(MOPS/openapi)=1|官方產業別(MOPS t05st03)=1|融資券(MI_MARGN)=1|借券(TWT93U)=1|法人(T86)=1",927,inf,250.0,official_prepanel,268.9,2.0,0.0,0.0,0,1,9.897,60.412,115.258,405.0,0,未扣成本·事後欄位以 m_ 標示·非投資建議
HC,2,2026-05-18,2026-05-19,2911,麗嬰房,TWSE,S,,fP10|fV300,S2@5,7,319,漏網,208,-2.026442,,atr14=0.754|n_lu_250=0.666|r20=0.904|c_ma120=0.735|vr20=0.950|days_since_lu=0.009|dt_ratio20=NaN|lend_to_v=0.022|rev_yoy=0.041|o_turn=0.423|o_log_mcap=0.000|o_lu_follow=0.478,"官方日成交結構(MI_INDEX/dailyQuotes)=1|發行股數(MI_QFIIS/dailyQuotes)=1|外資持股(MI_QFIIS,僅上市)=1|自營商(T86/上櫃三大法人)=1|當沖(TWTB4U/上櫃intraday)=0|季財報(MOPS t163sb04)=1|月營收(MOPS/openapi)=1|官方產業別(MOPS t05st03)=1|融資券(MI_MARGN)=1|借券(TWT93U)=1|法人(T86)=1",928,inf,250.0,official_prepanel,251.4,2.0,0.0,0.0,1,0,0.0,46.024,17.431,310.0,0,未扣成本·事後欄位以 m_ 標示·非投資建議
HC,2,2026-05-19,2026-05-20,6906,現觀科,TWSE,S,,fV300,S2@5,100,316,漏網,1083,-4.100215,,atr14=0.370|n_lu_250=0.540|r20=0.314|c_ma120=0.073|vr20=0.149|days_since_lu=0.150|dt_ratio20=0.364|lend_to_v=0.457|rev_yoy=0.319|o_turn=0.160|o_log_mcap=0.082|o_lu_follow=0.116,"官方日成交結構(MI_INDEX/dailyQuotes)=1|發行股數(MI_QFIIS/dailyQuotes)=1|外資持股(MI_QFIIS,僅上市)=1|自營商(T86/上櫃三大法人)=1|當沖(TWTB4U/上櫃intraday)=1|季財報(MOPS t163sb04)=1|月營收(MOPS/openapi)=1|官方產業別(MOPS t05st03)=1|融資券(MI_MARGN)=1|借券(TWT93U)=1|法人(T86)=1",563,563.0,250.0,official,172.3,1.0,0.0,0.0,1,0,0.0,45.415,44.699,188.0,0,未扣成本·事後欄位以 m_ 標示·非投資建議
HC,2,2026-05-20,2026-05-21,3555,博士旺,TPEx,S,,fV300,S2@5,49,315,漏網,349,-3.303972,,atr14=0.886|n_lu_250=0.998|r20=0.033|c_ma120=0.885|vr20=0.473|days_since_lu=0.425|dt_ratio20=NaN|lend_to_v=0.364|rev_yoy=0.993|o_turn=0.380|o_log_mcap=0.383|o_lu_follow=0.985,"官方日成交結構(MI_INDEX/dailyQuotes)=1|發行股數(MI_QFIIS/dailyQuotes)=1|外資持股(MI_QFIIS,僅上市)=0|自營商(T86/上櫃三大法人)=1|當沖(TWTB4U/上櫃intraday)=1|季財報(MOPS t163sb04)=1|月營收(MOPS/openapi)=1|官方產業別(MOPS t05st03)=1|融資券(MI_MARGN)=1|借券(TWT93U)=1|法人(T86)=1",930,inf,250.0,official_prepanel,237.6,2.0,0.0,0.0,0,1,4.634,8.78,3.415,159.0,0,未扣成本·事後欄位以 m_ 標示·非投資建議
HC,2,2026-05-20,2026-05-21,6570,維田,TPEx,S,,fV300,S2@5,38,315,漏網,388,-3.190522,,atr14=0.454|n_lu_250=0.454|r20=0.864|c_ma120=0.644|vr20=0.651|days_since_lu=0.732|dt_ratio20=NaN|lend_to_v=0.240|rev_yoy=0.451|o_turn=0.411|o_log_mcap=0.048|o_lu_follow=0.847,"官方日成交結構(MI_INDEX/dailyQuotes)=1|發行股數(MI_QFIIS/dailyQuotes)=1|外資持股(MI_QFIIS,僅上市)=0|自營商(T86/上櫃三大法人)=1|當沖(TWTB4U/上櫃intraday)=1|季財報(MOPS t163sb04)=1|月營收(MOPS/openapi)=1|官方產業別(MOPS t05st03)=1|融資券(MI_MARGN)=1|借券(TWT93U)=1|法人(T86)=1",930,inf,250.0,official_prepanel,193.7,1.0,0.0,0.0,0,1,10.033,31.996,34.495,647.0,0,未扣成本·事後欄位以 m_ 標示·非投資建議
HC,2,2026-05-21,2026-05-22,3021,鴻名,TWSE,S,,fV300,S2@5,102,310,漏網,643,-3.975847,,atr14=0.281|n_lu_250=0.389|r20=0.683|c_ma120=0.424|vr20=0.405|days_since_lu=0.770|dt_ratio20=0.254|lend_to_v=0.362|rev_yoy=0.415|o_turn=0.121|o_log_mcap=0.045|o_lu_follow=0.245,"官方日成交結構(MI_INDEX/dailyQuotes)=1|發行股數(MI_QFIIS/dailyQuotes)=1|外資持股(MI_QFIIS,僅上市)=1|自營商(T86/上櫃三大法人)=1|當沖(TWTB4U/上櫃intraday)=1|季財報(MOPS t163sb04)=1|月營收(MOPS/openapi)=1|官方產業別(MOPS t05st03)=1|融資券(MI_MARGN)=1|借券(TWT93U)=1|法人(T86)=1",931,inf,250.0,official_prepanel,222.25,2.0,0.0,0.0,0,1,7.123,56.125,105.128,1360.0,0,未扣成本·事後欄位以 m_ 標示·非投資建議
HC,2,2026-05-25,2026-05-26,3713,新晶投控,TPEx,S,,fV300,S2@5,11,324,漏網,1152,-2.282388,,atr14=0.488|n_lu_250=0.673|r20=0.027|c_ma120=0.006|vr20=0.523|days_since_lu=0.460|dt_ratio20=NaN|lend_to_v=NaN|rev_yoy=0.862|o_turn=0.045|o_log_mcap=0.012|o_lu_follow=0.877,"官方日成交結構(MI_INDEX/dailyQuotes)=1|發行股數(MI_QFIIS/dailyQuotes)=1|外資持股(MI_QFIIS,僅上市)=0|自營商(T86/上櫃三大法人)=1|當沖(TWTB4U/上櫃intraday)=0|季財報(MOPS t163sb04)=1|月營收(MOPS/openapi)=1|官方產業別(MOPS t05st03)=1|融資券(MI_MARGN)=0|借券(TWT93U)=0|法人(T86)=1",933,inf,250.0,official_prepanel,115.3,1.0,0.0,0.0,0,1,9.653,23.938,24.324,263.0,0,未扣成本·事後欄位以 m_ 標示·非投資建議
HC,2,2026-05-27,2026-05-28,4549,桓達,TPEx,S,,fV300,S2@5,166,322,漏網,601,-4.422757,,atr14=0.427|n_lu_250=0.610|r20=0.548|c_ma120=0.362|vr20=0.354|days_since_lu=0.531|dt_ratio20=NaN|lend_to_v=0.679|rev_yoy=0.065|o_turn=0.239|o_log_mcap=0.298|o_lu_follow=0.917,"官方日成交結構(MI_INDEX/dailyQuotes)=1|發行股數(MI_QFIIS/dailyQuotes)=1|外資持股(MI_QFIIS,僅上市)=0|自營商(T86/上櫃三大法人)=1|當沖(TWTB4U/上櫃intraday)=1|季財報(MOPS t163sb04)=1|月營收(MOPS/openapi)=1|官方產業別(MOPS t05st03)=1|融資券(MI_MARGN)=1|借券(TWT93U)=1|法人(T86)=1",935,inf,250.0,official_prepanel,282.5,2.0,0.0,0.0,0,1,6.573,17.84,0.939,1860.0,0,未扣成本·事後欄位以 m_ 標示·非投資建議
HC,2,2026-05-27,2026-05-28,6573,虹揚-KY,TWSE,S,,fV300,S2@5,18,322,漏網,470,-2.690289,,atr14=0.795|n_lu_250=0.947|r20=0.540|c_ma120=0.221|vr20=0.730|days_since_lu=0.239|dt_ratio20=NaN|lend_to_v=0.018|rev_yoy=0.094|o_turn=0.170|o_log_mcap=0.008|o_lu_follow=0.933,"官方日成交結構(MI_INDEX/dailyQuotes)=1|發行股數(MI_QFIIS/dailyQuotes)=1|外資持股(MI_QFIIS,僅上市)=1|自營商(T86/上櫃三大法人)=1|當沖(TWTB4U/上櫃intraday)=0|季財報(MOPS t163sb04)=1|月營收(MOPS/openapi)=1|官方產業別(MOPS t05st03)=1|融資券(MI_MARGN)=1|借券(TWT93U)=1|法人(T86)=1",935,inf,250.0,official_prepanel,194.4,1.0,0.0,0.0,0,1,9.594,33.21,11.07,1342.0,0,未扣成本·事後欄位以 m_ 標示·非投資建議
HC,2,2026-05-27,2026-05-28,8277,商丞,TPEx,S,,fP10|fV300,S2@5,7,322,漏網,660,-2.274175,,atr14=0.464|n_lu_250=0.892|r20=0.610|c_ma120=0.068|vr20=0.794|days_since_lu=0.366|dt_ratio20=NaN|lend_to_v=0.018|rev_yoy=0.020|o_turn=0.230|o_log_mcap=0.000|o_lu_follow=0.821,"官方日成交結構(MI_INDEX/dailyQuotes)=1|發行股數(MI_QFIIS/dailyQuotes)=1|外資持股(MI_QFIIS,僅上市)=0|自營商(T86/上櫃三大法人)=1|當沖(TWTB4U/上櫃intraday)=0|季財報(MOPS t163sb04)=1|月營收(MOPS/openapi)=1|官方產業別(MOPS t05st03)=1|融資券(MI_MARGN)=1|借券(TWT93U)=1|法人(T86)=1",935,inf,250.0,official_prepanel,242.1,2.0,0.0,0.0,0,1,8.75,58.333,43.056,434.0,0,未扣成本·事後欄位以 m_ 標示·非投資建議
HC,2,2026-05-29,2026-06-01,3564,其陽,TPEx,S,,fV300,S2@5,45,325,漏網,505,-3.205221,,atr14=0.506|n_lu_250=0.543|r20=0.796|c_ma120=0.430|vr20=0.778|days_since_lu=0.648|dt_ratio20=NaN|lend_to_v=0.608|rev_yoy=0.388|o_turn=0.410|o_log_mcap=0.137|o_lu_follow=0.115,"官方日成交結構(MI_INDEX/dailyQuotes)=1|發行股數(MI_QFIIS/dailyQuotes)=1|外資持股(MI_QFIIS,僅上市)=0|自營商(T86/上櫃三大法人)=1|當沖(TWTB4U/上櫃intraday)=1|季財報(MOPS t163sb04)=1|月營收(MOPS/openapi)=1|官方產業別(MOPS t05st03)=1|融資券(MI_MARGN)=1|借券(TWT93U)=1|法人(T86)=1",937,inf,250.0,official_prepanel,283.15,2.0,0.0,0.0,0,1,7.93,7.518,-2.781,1344.0,0,未扣成本·事後欄位以 m_ 標示·非投資建議
HC,2,2026-05-29,2026-06-01,5251,天鉞電,TPEx,S,,fV300,S2@5,100,325,漏網,1292,-3.843827,,atr14=0.163|n_lu_250=0.720|r20=0.151|c_ma120=0.054|vr20=0.184|days_since_lu=0.689|dt_ratio20=NaN|lend_to_v=0.704|rev_yoy=0.774|o_turn=0.096|o_log_mcap=0.003|o_lu_follow=0.307,"官方日成交結構(MI_INDEX/dailyQuotes)=1|發行股數(MI_QFIIS/dailyQuotes)=1|外資持股(MI_QFIIS,僅上市)=0|自營商(T86/上櫃三大法人)=1|當沖(TWTB4U/上櫃intraday)=1|季財報(MOPS t163sb04)=1|月營收(MOPS/openapi)=1|官方產業別(MOPS t05st03)=1|融資券(MI_MARGN)=1|借券(TWT93U)=1|法人(T86)=1",937,inf,250.0,official_prepanel,126.6,1.0,0.0,0.0,0,1,10.964,17.769,13.422,412.0,0,未扣成本·事後欄位以 m_ 標示·非投資建議
HC,2,2026-05-29,2026-06-01,6140,訊達,TPEx,S,,fV300,S2@5,39,325,漏網,913,-3.059719,,atr14=0.451|n_lu_250=0.720|r20=0.325|c_ma120=0.043|vr20=0.446|days_since_lu=0.319|dt_ratio20=NaN|lend_to_v=0.018|rev_yoy=0.042|o_turn=0.191|o_log_mcap=0.009|o_lu_follow=0.307,"官方日成交結構(MI_INDEX/dailyQuotes)=1|發行股數(MI_QFIIS/dailyQuotes)=1|外資持股(MI_QFIIS,僅上市)=0|自營商(T86/上櫃三大法人)=1|當沖(TWTB4U/上櫃intraday)=0|季財報(MOPS t163sb04)=1|月營收(MOPS/openapi)=1|官方產業別(MOPS t05st03)=1|融資券(MI_MARGN)=1|借券(TWT93U)=1|法人(T86)=1",937,inf,250.0,official_prepanel,213.1,2.0,0.0,0.0,0,1,3.25,16.0,11.0,447.0,0,未扣成本·事後欄位以 m_ 標示·非投資建議
HC,2,2026-05-29,2026-06-01,6148,驊宏資,TPEx,S,,fV300,S2@5,150,325,漏網,1141,-4.390552,,atr14=0.300|n_lu_250=0.760|r20=0.133|c_ma120=0.055|vr20=0.237|days_since_lu=0.575|dt_ratio20=NaN|lend_to_v=0.737|rev_yoy=0.016|o_turn=0.200|o_log_mcap=0.028|o_lu_follow=0.543,"官方日成交結構(MI_INDEX/dailyQuotes)=1|發行股數(MI_QFIIS/dailyQuotes)=1|外資持股(MI_QFIIS,僅上市)=0|自營商(T86/上櫃三大法人)=1|當沖(TWTB4U/上櫃intraday)=1|季財報(MOPS t163sb04)=1|月營收(MOPS/openapi)=1|官方產業別(MOPS t05st03)=1|融資券(MI_MARGN)=1|借券(TWT93U)=1|法人(T86)=1",937,inf,250.0,official_prepanel,255.95,2.0,0.0,0.0,0,1,8.205,19.658,18.291,648.0,0,未扣成本·事後欄位以 m_ 標示·非投資建議
HC,2,2026-05-29,2026-06-01,6870,騰雲,TPEx,S,,fV300,S2@5,30,325,漏網,304,-2.895584,,atr14=0.672|n_lu_250=0.456|r20=0.973|c_ma120=0.774|vr20=0.914|days_since_lu=0.011|dt_ratio20=NaN|lend_to_v=0.513|rev_yoy=0.897|o_turn=0.706|o_log_mcap=0.329|o_lu_follow=0.174,"官方日成交結構(MI_INDEX/dailyQuotes)=1|發行股數(MI_QFIIS/dailyQuotes)=1|外資持股(MI_QFIIS,僅上市)=0|自營商(T86/上櫃三大法人)=1|當沖(TWTB4U/上櫃intraday)=1|季財報(MOPS t163sb04)=1|月營收(MOPS/openapi)=1|官方產業別(MOPS t05st03)=1|融資券(MI_MARGN)=1|借券(TWT93U)=1|法人(T86)=1",654,654.0,250.0,official,189.3,1.0,0.0,0.0,0,1,5.216,2.698,8.273,233.0,0,未扣成本·事後欄位以 m_ 標示·非投資建議
HC,2,2026-06-01,2026-06-02,3268,海德威,TPEx,S,,fV300,S2@5,75,322,漏網,644,-3.486982,,atr14=0.514|n_lu_250=0.550|r20=0.403|c_ma120=0.380|vr20=0.378|days_since_lu=0.329|dt_ratio20=NaN|lend_to_v=0.396|rev_yoy=0.274|o_turn=0.344|o_log_mcap=0.000|o_lu_follow=0.560,"官方日成交結構(MI_INDEX/dailyQuotes)=1|發行股數(MI_QFIIS/dailyQuotes)=1|外資持股(MI_QFIIS,僅上市)=0|自營商(T86/上櫃三大法人)=1|當沖(TWTB4U/上櫃intraday)=1|季財報(MOPS t163sb04)=1|月營收(MOPS/openapi)=1|官方產業別(MOPS t05st03)=1|融資券(MI_MARGN)=1|借券(TWT93U)=1|法人(T86)=1",938,inf,250.0,official_prepanel,254.45,2.0,0.0,0.0,0,1,10.286,13.429,12.286,1775.0,0,未扣成本·事後欄位以 m_ 標示·非投資建議
HC,2,2026-06-02,2026-06-03,3073,天方能源,TPEx,S,,fV300,S2@5,21,311,漏網,1089,-2.836186,,atr14=0.477|n_lu_250=0.827|r20=0.124|c_ma120=0.005|vr20=0.429|days_since_lu=0.270|dt_ratio20=NaN|lend_to_v=0.517|rev_yoy=0.790|o_turn=0.195|o_log_mcap=0.002|o_lu_follow=0.470,"官方日成交結構(MI_INDEX/dailyQuotes)=1|發行股數(MI_QFIIS/dailyQuotes)=1|外資持股(MI_QFIIS,僅上市)=0|自營商(T86/上櫃三大法人)=1|當沖(TWTB4U/上櫃intraday)=1|季財報(MOPS t163sb04)=1|月營收(MOPS/openapi)=1|官方產業別(MOPS t05st03)=1|融資券(MI_MARGN)=1|借券(TWT93U)=1|法人(T86)=1",939,inf,250.0,official_prepanel,160.15,1.0,0.0,0.0,0,1,10.0,4.39,-0.488,332.0,0,未扣成本·事後欄位以 m_ 標示·非投資建議
HC,2,2026-06-02,2026-06-03,3284,太普高,TPEx,S,,fV300,S2@5,149,311,漏網,922,-4.405009,,atr14=0.462|n_lu_250=0.710|r20=0.379|c_ma120=0.030|vr20=0.192|days_since_lu=0.238|dt_ratio20=NaN|lend_to_v=0.470|rev_yoy=0.095|o_turn=0.059|o_log_mcap=0.043|o_lu_follow=0.032,"官方日成交結構(MI_INDEX/dailyQuotes)=1|發行股數(MI_QFIIS/dailyQuotes)=1|外資持股(MI_QFIIS,僅上市)=0|自營商(T86/上櫃三大法人)=1|當沖(TWTB4U/上櫃intraday)=1|季財報(MOPS t163sb04)=1|月營收(MOPS/openapi)=1|官方產業別(MOPS t05st03)=1|融資券(MI_MARGN)=1|借券(TWT93U)=1|法人(T86)=1",939,inf,250.0,official_prepanel,278.15,2.0,0.0,0.0,0,1,8.411,26.791,25.857,674.0,0,未扣成本·事後欄位以 m_ 標示·非投資建議
HC,2,2026-06-09,2026-06-10,3557,嘉威,TWSE,S,,fV300,S2@5,78,297,漏網,1653,-3.917737,,atr14=0.365|n_lu_250=0.260|r20=0.094|c_ma120=0.006|vr20=0.157|days_since_lu=0.373|dt_ratio20=0.140|lend_to_v=0.748|rev_yoy=0.203|o_turn=0.026|o_log_mcap=0.059|o_lu_follow=0.390,"官方日成交結構(MI_INDEX/dailyQuotes)=1|發行股數(MI_QFIIS/dailyQuotes)=1|外資持股(MI_QFIIS,僅上市)=1|自營商(T86/上櫃三大法人)=1|當沖(TWTB4U/上櫃intraday)=1|季財報(MOPS t163sb04)=1|月營收(MOPS/openapi)=1|官方產業別(MOPS t05st03)=1|融資券(MI_MARGN)=1|借券(TWT93U)=1|法人(T86)=1",944,inf,250.0,official_prepanel,191.65,1.0,0.0,0.0,0,1,5.833,15.417,7.5,149.0,0,未扣成本·事後欄位以 m_ 標示·非投資建議
HC,2,2026-06-10,2026-06-11,6241,鑫永洋,TPEx,S,,fV300,S2@5,7,306,漏網,655,-2.543136,,atr14=0.284|n_lu_250=0.415|r20=0.905|c_ma120=0.320|vr20=0.980|days_since_lu=0.033|dt_ratio20=NaN|lend_to_v=0.016|rev_yoy=0.170|o_turn=0.753|o_log_mcap=0.000|o_lu_follow=0.832,"官方日成交結構(MI_INDEX/dailyQuotes)=1|發行股數(MI_QFIIS/dailyQuotes)=1|外資持股(MI_QFIIS,僅上市)=0|自營商(T86/上櫃三大法人)=1|當沖(TWTB4U/上櫃intraday)=0|季財報(MOPS t163sb04)=1|月營收(MOPS/openapi)=1|官方產業別(MOPS t05st03)=1|融資券(MI_MARGN)=1|借券(TWT93U)=1|法人(T86)=1",945,inf,250.0,official_prepanel,277.1,2.0,0.0,0.0,0,1,10.0,18.261,40.435,623.0,0,未扣成本·事後欄位以 m_ 標示·非投資建議
HC,2,2026-06-15,2026-06-16,6949,沛爾生醫*-創,TWSE,S,,fV300,S2@5,20,302,漏網,173,-2.848439,,atr14=0.618|n_lu_250=0.818|r20=0.714|c_ma120=0.790|vr20=0.956|days_since_lu=0.604|dt_ratio20=0.516|lend_to_v=0.453|rev_yoy=0.571|o_turn=0.426|o_log_mcap=0.805|o_lu_follow=0.964,"官方日成交結構(MI_INDEX/dailyQuotes)=1|發行股數(MI_QFIIS/dailyQuotes)=1|外資持股(MI_QFIIS,僅上市)=1|自營商(T86/上櫃三大法人)=1|當沖(TWTB4U/上櫃intraday)=1|季財報(MOPS t163sb04)=1|月營收(MOPS/openapi)=1|官方產業別(MOPS t05st03)=1|融資券(MI_MARGN)=1|借券(TWT93U)=1|法人(T86)=1",551,551.0,250.0,official,178.85,1.0,0.0,0.0,0,1,8.824,11.364,16.444,462.0,0,未扣成本·事後欄位以 m_ 標示·非投資建議
HC,2,2026-06-16,2026-06-17,3296,勝德,TWSE,S,,fV300,S2@5,50,309,漏網,328,-3.453115,,atr14=0.417|n_lu_250=0.633|r20=0.926|c_ma120=0.552|vr20=0.718|days_since_lu=0.078|dt_ratio20=0.215|lend_to_v=0.527|rev_yoy=0.625|o_turn=0.157|o_log_mcap=0.094|o_lu_follow=0.047,"官方日成交結構(MI_INDEX/dailyQuotes)=1|發行股數(MI_QFIIS/dailyQuotes)=1|外資持股(MI_QFIIS,僅上市)=1|自營商(T86/上櫃三大法人)=1|當沖(TWTB4U/上櫃intraday)=1|季財報(MOPS t163sb04)=1|月營收(MOPS/openapi)=1|官方產業別(MOPS t05st03)=1|融資券(MI_MARGN)=1|借券(TWT93U)=1|法人(T86)=1",949,inf,250.0,official_prepanel,233.6,2.0,0.0,0.0,0,1,12.215,15.942,22.36,555.0,0,未扣成本·事後欄位以 m_ 標示·非投資建議
HC,2,2026-06-17,2026-06-18,1725,元禎,TWSE,S,,fV300,S2@5,99,302,漏網,369,-4.235954,,atr14=0.385|n_lu_250=0.683|r20=0.754|c_ma120=0.607|vr20=0.797|days_since_lu=0.592|dt_ratio20=0.498|lend_to_v=0.393|rev_yoy=0.556|o_turn=0.074|o_log_mcap=0.336|o_lu_follow=0.325,"官方日成交結構(MI_INDEX/dailyQuotes)=1|發行股數(MI_QFIIS/dailyQuotes)=1|外資持股(MI_QFIIS,僅上市)=1|自營商(T86/上櫃三大法人)=1|當沖(TWTB4U/上櫃intraday)=1|季財報(MOPS t163sb04)=1|月營收(MOPS/openapi)=1|官方產業別(MOPS t05st03)=1|融資券(MI_MARGN)=1|借券(TWT93U)=1|法人(T86)=1",950,inf,250.0,official_prepanel,218.05,2.0,0.0,0.0,0,1,9.985,2.937,1.965,767.0,0,未扣成本·事後欄位以 m_ 標示·非投資建議
HC,2,2026-06-25,2026-06-26,2906,高林,TWSE,S,,fV300,S2@5,213,294,漏網,1312,-5.564135,,atr14=0.044|n_lu_250=0.092|r20=0.623|c_ma120=0.381|vr20=0.604|days_since_lu=0.885|dt_ratio20=0.011|lend_to_v=0.768|rev_yoy=0.235|o_turn=0.031|o_log_mcap=0.127|o_lu_follow=0.670,"官方日成交結構(MI_INDEX/dailyQuotes)=1|發行股數(MI_QFIIS/dailyQuotes)=1|外資持股(MI_QFIIS,僅上市)=1|自營商(T86/上櫃三大法人)=1|當沖(TWTB4U/上櫃intraday)=1|季財報(MOPS t163sb04)=1|月營收(MOPS/openapi)=1|官方產業別(MOPS t05st03)=1|融資券(MI_MARGN)=1|借券(TWT93U)=1|法人(T86)=1",955,inf,250.0,official_prepanel,196.9,1.0,0.0,0.0,0,1,4.412,5.147,2.941,2117.0,0,未扣成本·事後欄位以 m_ 標示·非投資建議
HC,2,2026-06-25,2026-06-26,5211,蒙恬,TPEx,S,,fV300,S2@5,38,294,漏網,972,-3.438038,,atr14=0.259|n_lu_250=0.489|r20=0.715|c_ma120=0.038|vr20=0.480|days_since_lu=0.635|dt_ratio20=NaN|lend_to_v=0.201|rev_yoy=0.707|o_turn=0.193|o_log_mcap=0.000|o_lu_follow=0.115,"官方日成交結構(MI_INDEX/dailyQuotes)=1|發行股數(MI_QFIIS/dailyQuotes)=1|外資持股(MI_QFIIS,僅上市)=0|自營商(T86/上櫃三大法人)=1|當沖(TWTB4U/上櫃intraday)=1|季財報(MOPS t163sb04)=1|月營收(MOPS/openapi)=1|官方產業別(MOPS t05st03)=1|融資券(MI_MARGN)=1|借券(TWT93U)=1|法人(T86)=1",955,inf,250.0,official_prepanel,127.25,1.0,0.0,0.0,0,1,8.786,25.065,14.729,387.0,0,未扣成本·事後欄位以 m_ 標示·非投資建議
HC,2,2026-06-26,2026-06-29,1626,艾美特-KY,TWSE,S,,fP10|fV300,S2@5,102,294,漏網,1388,-4.237425,,atr14=0.068|n_lu_250=0.478|r20=0.458|c_ma120=0.183|vr20=0.200|days_since_lu=0.641|dt_ratio20=0.096|lend_to_v=0.589|rev_yoy=0.175|o_turn=0.014|o_log_mcap=0.037|o_lu_follow=0.571,"官方日成交結構(MI_INDEX/dailyQuotes)=1|發行股數(MI_QFIIS/dailyQuotes)=1|外資持股(MI_QFIIS,僅上市)=1|自營商(T86/上櫃三大法人)=1|當沖(TWTB4U/上櫃intraday)=1|季財報(MOPS t163sb04)=1|月營收(MOPS/openapi)=1|官方產業別(MOPS t05st03)=1|融資券(MI_MARGN)=1|借券(TWT93U)=1|法人(T86)=1",956,inf,250.0,official_prepanel,200.75,2.0,0.0,0.0,0,1,7.463,11.443,1.99,435.0,0,未扣成本·事後欄位以 m_ 標示·非投資建議
HC,2,2026-06-26,2026-06-29,7714,創泓科技,TPEx,S,,fV300,S2@5,157,294,漏網,494,-4.859583,,atr14=0.534|n_lu_250=0.775|r20=0.822|c_ma120=0.170|vr20=0.080|days_since_lu=0.270|dt_ratio20=NaN|lend_to_v=0.209|rev_yoy=0.599|o_turn=0.201|o_log_mcap=0.128|o_lu_follow=0.478,"官方日成交結構(MI_INDEX/dailyQuotes)=1|發行股數(MI_QFIIS/dailyQuotes)=1|外資持股(MI_QFIIS,僅上市)=0|自營商(T86/上櫃三大法人)=1|當沖(TWTB4U/上櫃intraday)=1|季財報(MOPS t163sb04)=1|月營收(MOPS/openapi)=1|官方產業別(MOPS t05st03)=1|融資券(MI_MARGN)=1|借券(TWT93U)=1|法人(T86)=1",348,348.0,250.0,official,172.5,1.0,0.0,0.0,0,1,10.843,28.112,48.193,174.0,0,未扣成本·事後欄位以 m_ 標示·非投資建議
HC,2,2026-06-29,2026-06-30,6617,共信-KY,TPEx,S,,fV300,S2@5,171,298,漏網,1349,-5.09001,,atr14=0.239|n_lu_250=0.716|r20=0.200|c_ma120=0.087|vr20=0.693|days_since_lu=0.425|dt_ratio20=NaN|lend_to_v=0.916|rev_yoy=0.850|o_turn=0.079|o_log_mcap=0.402|o_lu_follow=0.551,"官方日成交結構(MI_INDEX/dailyQuotes)=1|發行股數(MI_QFIIS/dailyQuotes)=1|外資持股(MI_QFIIS,僅上市)=0|自營商(T86/上櫃三大法人)=1|當沖(TWTB4U/上櫃intraday)=1|季財報(MOPS t163sb04)=1|月營收(MOPS/openapi)=1|官方產業別(MOPS t05st03)=1|融資券(MI_MARGN)=1|借券(TWT93U)=1|法人(T86)=1",492,492.0,250.0,official,186.15,1.0,0.0,0.0,0,1,3.259,50.37,55.556,265.0,0,未扣成本·事後欄位以 m_ 標示·非投資建議
HC,2,2026-06-30,2026-07-01,2250,IKKA-KY,TWSE,S,,fV300,S2@5,131,301,漏網,1381,-4.533031,,atr14=0.149|n_lu_250=0.338|r20=0.440|c_ma120=0.167|vr20=0.887|days_since_lu=0.773|dt_ratio20=0.364|lend_to_v=0.830|rev_yoy=0.107|o_turn=0.367|o_log_mcap=0.085|o_lu_follow=0.245,"官方日成交結構(MI_INDEX/dailyQuotes)=1|發行股數(MI_QFIIS/dailyQuotes)=1|外資持股(MI_QFIIS,僅上市)=1|自營商(T86/上櫃三大法人)=1|當沖(TWTB4U/上櫃intraday)=1|季財報(MOPS t163sb04)=1|月營收(MOPS/openapi)=1|官方產業別(MOPS t05st03)=1|融資券(MI_MARGN)=1|借券(TWT93U)=1|法人(T86)=1",958,inf,250.0,official_prepanel,108.6,1.0,0.0,0.0,0,1,9.936,10.256,2.564,377.0,0,未扣成本·事後欄位以 m_ 標示·非投資建議
HC,2,2026-06-30,2026-07-01,5460,同協,TPEx,S,,fV300,S2@5,24,301,漏網,651,-2.96671,,atr14=0.232|n_lu_250=0.338|r20=0.764|c_ma120=0.446|vr20=1.000|days_since_lu=0.798|dt_ratio20=NaN|lend_to_v=0.381|rev_yoy=0.492|o_turn=0.912|o_log_mcap=0.003|o_lu_follow=0.929,"官方日成交結構(MI_INDEX/dailyQuotes)=1|發行股數(MI_QFIIS/dailyQuotes)=1|外資持股(MI_QFIIS,僅上市)=0|自營商(T86/上櫃三大法人)=1|當沖(TWTB4U/上櫃intraday)=1|季財報(MOPS t163sb04)=1|月營收(MOPS/openapi)=1|官方產業別(MOPS t05st03)=1|融資券(MI_MARGN)=1|借券(TWT93U)=1|法人(T86)=1",958,inf,250.0,official_prepanel,188.1,1.0,0.0,0.0,0,1,9.177,10.759,8.861,1125.0,0,未扣成本·事後欄位以 m_ 標示·非投資建議
HC,2,2026-06-30,2026-07-01,6870,騰雲,TPEx,S,,fV300,S2@5,78,301,漏網,384,-3.938068,,atr14=0.909|n_lu_250=0.642|r20=0.230|c_ma120=0.791|vr20=0.148|days_since_lu=0.242|dt_ratio20=NaN|lend_to_v=0.419|rev_yoy=0.815|o_turn=0.309|o_log_mcap=0.330|o_lu_follow=0.445,"官方日成交結構(MI_INDEX/dailyQuotes)=1|發行股數(MI_QFIIS/dailyQuotes)=1|外資持股(MI_QFIIS,僅上市)=0|自營商(T86/上櫃三大法人)=1|當沖(TWTB4U/上櫃intraday)=1|季財報(MOPS t163sb04)=1|月營收(MOPS/openapi)=1|官方產業別(MOPS t05st03)=1|融資券(MI_MARGN)=1|借券(TWT93U)=1|法人(T86)=1",675,675.0,250.0,official,248.3,2.0,0.0,0.0,0,1,9.659,7.576,15.341,203.0,0,未扣成本·事後欄位以 m_ 標示·非投資建議
HC,3,2026-07-02,2026-07-03,3349,寶德,TPEx,S,,fV300,S2@5,13,302,漏網,698,-1.914146,,atr14=0.326|n_lu_250=0.673|r20=0.872|c_ma120=0.014|vr20=0.759|days_since_lu=0.013|dt_ratio20=NaN|lend_to_v=NaN|rev_yoy=0.552|o_turn=0.484|o_log_mcap=0.004|o_lu_follow=0.324,"官方日成交結構(MI_INDEX/dailyQuotes)=1|發行股數(MI_QFIIS/dailyQuotes)=1|外資持股(MI_QFIIS,僅上市)=0|自營商(T86/上櫃三大法人)=1|當沖(TWTB4U/上櫃intraday)=0|季財報(MOPS t163sb04)=1|月營收(MOPS/openapi)=1|官方產業別(MOPS t05st03)=1|融資券(MI_MARGN)=0|借券(TWT93U)=0|法人(T86)=1",960,inf,250.0,official_prepanel,261.15,2.0,0.0,0.0,0,1,10.0,19.5,14.5,483.0,0,未扣成本·事後欄位以 m_ 標示·非投資建議
HC,3,2026-07-02,2026-07-03,3564,其陽,TPEx,S,,fV300,S2@5,23,302,漏網,1072,-2.331407,,atr14=0.536|n_lu_250=0.414|r20=0.040|c_ma120=0.305|vr20=0.478|days_since_lu=0.406|dt_ratio20=NaN|lend_to_v=0.575|rev_yoy=0.533|o_turn=0.313|o_log_mcap=0.104|o_lu_follow=0.842,"官方日成交結構(MI_INDEX/dailyQuotes)=1|發行股數(MI_QFIIS/dailyQuotes)=1|外資持股(MI_QFIIS,僅上市)=0|自營商(T86/上櫃三大法人)=1|當沖(TWTB4U/上櫃intraday)=1|季財報(MOPS t163sb04)=1|月營收(MOPS/openapi)=1|官方產業別(MOPS t05st03)=1|融資券(MI_MARGN)=1|借券(TWT93U)=1|法人(T86)=1",960,inf,250.0,official_prepanel,266.3,2.0,0.0,0.0,1,0,0.0,8.526,-7.059,238.0,0,未扣成本·事後欄位以 m_ 標示·非投資建議
HC,3,2026-07-02,2026-07-03,6732,昇佳電子,TPEx,S,,fV300,S2@5,26,302,漏網,534,-2.49684,,atr14=0.458|n_lu_250=0.490|r20=0.592|c_ma120=0.503|vr20=0.868|days_since_lu=0.732|dt_ratio20=NaN|lend_to_v=0.822|rev_yoy=0.043|o_turn=0.504|o_log_mcap=0.383|o_lu_follow=0.571,"官方日成交結構(MI_INDEX/dailyQuotes)=1|發行股數(MI_QFIIS/dailyQuotes)=1|外資持股(MI_QFIIS,僅上市)=0|自營商(T86/上櫃三大法人)=1|當沖(TWTB4U/上櫃intraday)=1|季財報(MOPS t163sb04)=1|月營收(MOPS/openapi)=1|官方產業別(MOPS t05st03)=1|融資券(MI_MARGN)=1|借券(TWT93U)=1|法人(T86)=1",960,inf,250.0,official_prepanel,201.95,2.0,0.0,0.0,0,1,9.827,13.295,11.85,1230.0,0,未扣成本·事後欄位以 m_ 標示·非投資建議
HC,3,2026-07-02,2026-07-03,8109,博大,TPEx,S,,fV300,S2@5,93,302,漏網,481,-3.581964,,atr14=0.293|n_lu_250=0.331|r20=0.829|c_ma120=0.663|vr20=0.641|days_since_lu=0.532|dt_ratio20=NaN|lend_to_v=0.432|rev_yoy=0.602|o_turn=0.226|o_log_mcap=0.456|o_lu_follow=0.244,"官方日成交結構(MI_INDEX/dailyQuotes)=1|發行股數(MI_QFIIS/dailyQuotes)=1|外資持股(MI_QFIIS,僅上市)=0|自營商(T86/上櫃三大法人)=1|當沖(TWTB4U/上櫃intraday)=1|季財報(MOPS t163sb04)=1|月營收(MOPS/openapi)=1|官方產業別(MOPS t05st03)=1|融資券(MI_MARGN)=1|借券(TWT93U)=1|法人(T86)=1",960,inf,250.0,official_prepanel,254.1,2.0,0.0,0.0,0,1,9.766,17.969,1.953,923.0,0,未扣成本·事後欄位以 m_ 標示·非投資建議
HC,3,2026-07-08,2026-07-09,6933,AMAX-KY,TWSE,S,,fV300,S2@5,129,316,漏網,868,-4.160601,,atr14=0.468|n_lu_250=0.925|r20=0.180|c_ma120=0.150|vr20=0.423|days_since_lu=0.098|dt_ratio20=0.397|lend_to_v=0.700|rev_yoy=0.859|o_turn=0.148|o_log_mcap=0.306|o_lu_follow=0.904,"官方日成交結構(MI_INDEX/dailyQuotes)=1|發行股數(MI_QFIIS/dailyQuotes)=1|外資持股(MI_QFIIS,僅上市)=1|自營商(T86/上櫃三大法人)=1|當沖(TWTB4U/上櫃intraday)=1|季財報(MOPS t163sb04)=1|月營收(MOPS/openapi)=1|官方產業別(MOPS t05st03)=1|融資券(MI_MARGN)=1|借券(TWT93U)=1|法人(T86)=1",645,645.0,250.0,official,148.5,1.0,0.0,0.0,1,0,0.0,4.137,8.006,140.0,0,未扣成本·事後欄位以 m_ 標示·非投資建議
HC,3,2026-07-15,2026-07-16,1526,日馳,TWSE,S,,fV300,S2@5,37,328,漏網,1261,-2.89529,,atr14=0.176|n_lu_250=0.570|r20=0.487|c_ma120=0.044|vr20=0.790|days_since_lu=0.764|dt_ratio20=0.017|lend_to_v=0.792|rev_yoy=0.076|o_turn=0.113|o_log_mcap=0.004|o_lu_follow=0.969,"官方日成交結構(MI_INDEX/dailyQuotes)=1|發行股數(MI_QFIIS/dailyQuotes)=1|外資持股(MI_QFIIS,僅上市)=1|自營商(T86/上櫃三大法人)=1|當沖(TWTB4U/上櫃intraday)=1|季財報(MOPS t163sb04)=1|月營收(MOPS/openapi)=1|官方產業別(MOPS t05st03)=1|融資券(MI_MARGN)=1|借券(TWT93U)=1|法人(T86)=1",968,inf,250.0,official_prepanel,102.0,1.0,0.0,0.0,0,1,7.167,10.922,29.01,1024.0,0,未扣成本·事後欄位以 m_ 標示·非投資建議
HC,3,2026-07-17,2026-07-20,6969,成信實業*-創,TWSE,S,,fV300,S2@5,21,329,漏網,1205,-2.76753,,atr14=0.424|n_lu_250=0.550|r20=0.438|c_ma120=0.085|vr20=0.641|days_since_lu=0.096|dt_ratio20=NaN|lend_to_v=NaN|rev_yoy=0.140|o_turn=0.089|o_log_mcap=0.011|o_lu_follow=0.837,"官方日成交結構(MI_INDEX/dailyQuotes)=1|發行股數(MI_QFIIS/dailyQuotes)=1|外資持股(MI_QFIIS,僅上市)=1|自營商(T86/上櫃三大法人)=1|當沖(TWTB4U/上櫃intraday)=0|季財報(MOPS t163sb04)=1|月營收(MOPS/openapi)=1|官方產業別(MOPS t05st03)=1|融資券(MI_MARGN)=0|借券(TWT93U)=0|法人(T86)=1",448,448.0,250.0,official,110.05,1.0,0.0,0.0,1,0,0.0,46.023,21.78,1630.0,0,未扣成本·事後欄位以 m_ 標示·非投資建議
HC,3,2026-07-20,2026-07-21,7709,榮田,TPEx,S,,fV300,S2@5,28,336,漏網,947,-3.354415,,atr14=0.604|n_lu_250=0.900|r20=0.030|c_ma120=0.183|vr20=0.363|days_since_lu=0.537|dt_ratio20=NaN|lend_to_v=0.232|rev_yoy=0.018|o_turn=0.224|o_log_mcap=0.123|o_lu_follow=0.909,"官方日成交結構(MI_INDEX/dailyQuotes)=1|發行股數(MI_QFIIS/dailyQuotes)=1|外資持股(MI_QFIIS,僅上市)=0|自營商(T86/上櫃三大法人)=1|當沖(TWTB4U/上櫃intraday)=1|季財報(MOPS t163sb04)=1|月營收(MOPS/openapi)=1|官方產業別(MOPS t05st03)=1|融資券(MI_MARGN)=1|借券(TWT93U)=1|法人(T86)=1",341,341.0,250.0,official,180.0,1.0,0.0,0.0,1,0,0.0,-5.263,-6.094,56.0,0,未扣成本·事後欄位以 m_ 標示·非投資建議
HC,3,2026-07-21,2026-07-22,3523,迎輝,TPEx,S,,fV300|fH125,S2@5,63,338,漏網,1009,-3.432099,,atr14=0.354|n_lu_250=0.929|r20=0.201|c_ma120=0.187|vr20=0.000|days_since_lu=0.321|dt_ratio20=NaN|lend_to_v=0.019|rev_yoy=0.777|o_turn=0.000|o_log_mcap=0.003|o_lu_follow=0.992,"官方日成交結構(MI_INDEX/dailyQuotes)=1|發行股數(MI_QFIIS/dailyQuotes)=1|外資持股(MI_QFIIS,僅上市)=0|自營商(T86/上櫃三大法人)=1|當沖(TWTB4U/上櫃intraday)=0|季財報(MOPS t163sb04)=1|月營收(MOPS/openapi)=1|官方產業別(MOPS t05st03)=1|融資券(MI_MARGN)=1|借券(TWT93U)=1|法人(T86)=1",972,inf,250.0,official_prepanel,102.35,1.0,0.0,0.0,0,1,12.0,10.545,10.182,42.0,0,未扣成本·事後欄位以 m_ 標示·非投資建議
HC,3,2026-07-23,2026-07-24,1799,易威,TPEx,S,,fV300,S2@5,65,343,漏網,458,-3.806417,,atr14=0.307|n_lu_250=0.595|r20=0.878|c_ma120=0.260|vr20=0.841|days_since_lu=0.738|dt_ratio20=NaN|lend_to_v=0.019|rev_yoy=0.854|o_turn=0.072|o_log_mcap=0.213|o_lu_follow=0.935,"官方日成交結構(MI_INDEX/dailyQuotes)=1|發行股數(MI_QFIIS/dailyQuotes)=1|外資持股(MI_QFIIS,僅上市)=0|自營商(T86/上櫃三大法人)=1|當沖(TWTB4U/上櫃intraday)=0|季財報(MOPS t163sb04)=1|月營收(MOPS/openapi)=1|官方產業別(MOPS t05st03)=1|融資券(MI_MARGN)=1|借券(TWT93U)=1|法人(T86)=1",974,inf,250.0,official_prepanel,129.45,1.0,0.0,0.0,0,1,10.0,-2.769,-1.077,367.0,0,未扣成本·事後欄位以 m_ 標示·非投資建議
HC,3,2026-07-27,2026-07-28,6733,博晟生醫,TPEx,S,,fV300,S2@5,97,349,漏網,1388,-4.33457,,atr14=0.214|n_lu_250=0.355|r20=0.684|c_ma120=0.045|vr20=0.559|days_since_lu=0.829|dt_ratio20=NaN|lend_to_v=NaN|rev_yoy=0.840|o_turn=0.034|o_log_mcap=0.163|o_lu_follow=0.991,"官方日成交結構(MI_INDEX/dailyQuotes)=1|發行股數(MI_QFIIS/dailyQuotes)=1|外資持股(MI_QFIIS,僅上市)=0|自營商(T86/上櫃三大法人)=1|當沖(TWTB4U/上櫃intraday)=0|季財報(MOPS t163sb04)=1|月營收(MOPS/openapi)=1|官方產業別(MOPS t05st03)=1|融資券(MI_MARGN)=0|借券(TWT93U)=0|法人(T86)=1",976,inf,250.0,official_prepanel,175.55,1.0,0.0,0.0,1,0,0.0,1.711,-1.331,216.0,0,未扣成本·事後欄位以 m_ 標示·非投資建議
HC,3,2026-07-30,2026-07-31,7750,新代,TWSE,S,,fV300,S2@5,88,346,漏網,184,-4.301833,,atr14=0.677|n_lu_250=0.419|r20=0.641|c_ma120=0.697|vr20=0.821|days_since_lu=0.654|dt_ratio20=0.573|lend_to_v=0.298|rev_yoy=0.942|o_turn=0.270|o_log_mcap=0.904|o_lu_follow=0.569,"官方日成交結構(MI_INDEX/dailyQuotes)=1|發行股數(MI_QFIIS/dailyQuotes)=1|外資持股(MI_QFIIS,僅上市)=1|自營商(T86/上櫃三大法人)=1|當沖(TWTB4U/上櫃intraday)=1|季財報(MOPS t163sb04)=1|月營收(MOPS/openapi)=1|官方產業別(MOPS t05st03)=1|融資券(MI_MARGN)=1|借券(TWT93U)=1|法人(T86)=1",208,208.0,208.0,official,185.8,1.0,0.0,0.0,0,1,1.75,18.25,18.0,190.0,0,未扣成本·事後欄位以 m_ 標示·非投資建議
HC,3,2026-08-04,2026-08-05,2070,精湛,TPEx,S,,fV300,S2@5,136,356,漏網,931,-3.860634,,atr14=0.506|n_lu_250=0.716|r20=0.175|c_ma120=0.265|vr20=0.088|days_since_lu=0.601|dt_ratio20=NaN|lend_to_v=0.504|rev_yoy=0.686|o_turn=0.064|o_log_mcap=0.067|o_lu_follow=0.530,"官方日成交結構(MI_INDEX/dailyQuotes)=1|發行股數(MI_QFIIS/dailyQuotes)=1|外資持股(MI_QFIIS,僅上市)=0|自營商(T86/上櫃三大法人)=1|當沖(TWTB4U/上櫃intraday)=1|季財報(MOPS t163sb04)=1|月營收(MOPS/openapi)=1|官方產業別(MOPS t05st03)=1|融資券(MI_MARGN)=1|借券(TWT93U)=1|法人(T86)=1",982,inf,250.0,official_prepanel,158.1,1.0,0.0,0.0,1,0,0.0,11.321,26.226,58.0,0,未扣成本·事後欄位以 m_ 標示·非投資建議
HC,3,2026-08-04,2026-08-05,7711,永擎,TWSE,S,,fV300,S2@5,127,356,漏網,690,-3.736636,,atr14=0.381|n_lu_250=0.716|r20=0.612|c_ma120=0.465|vr20=0.695|days_since_lu=0.587|dt_ratio20=0.379|lend_to_v=0.621|rev_yoy=0.941|o_turn=0.278|o_log_mcap=0.664|o_lu_follow=0.859,"官方日成交結構(MI_INDEX/dailyQuotes)=1|發行股數(MI_QFIIS/dailyQuotes)=1|外資持股(MI_QFIIS,僅上市)=1|自營商(T86/上櫃三大法人)=1|當沖(TWTB4U/上櫃intraday)=1|季財報(MOPS t163sb04)=1|月營收(MOPS/openapi)=1|官方產業別(MOPS t05st03)=1|融資券(MI_MARGN)=1|借券(TWT93U)=1|法人(T86)=1",170,170.0,170.0,official,196.75,1.0,0.0,0.0,1,0,0.0,23.708,49.544,74.0,0,未扣成本·事後欄位以 m_ 標示·非投資建議
HC,3,2026-08-05,2026-08-06,4561,健椿,TPEx,S,,fV300,S2@5,61,357,漏網,776,-2.922902,,atr14=0.469|n_lu_250=0.792|r20=0.343|c_ma120=0.234|vr20=0.755|days_since_lu=0.362|dt_ratio20=NaN|lend_to_v=0.642|rev_yoy=0.752|o_turn=0.326|o_log_mcap=0.070|o_lu_follow=0.867,"官方日成交結構(MI_INDEX/dailyQuotes)=1|發行股數(MI_QFIIS/dailyQuotes)=1|外資持股(MI_QFIIS,僅上市)=0|自營商(T86/上櫃三大法人)=1|當沖(TWTB4U/上櫃intraday)=1|季財報(MOPS t163sb04)=1|月營收(MOPS/openapi)=1|官方產業別(MOPS t05st03)=1|融資券(MI_MARGN)=1|借券(TWT93U)=1|法人(T86)=1",983,inf,250.0,official_prepanel,172.0,1.0,0.0,0.0,0,1,3.101,18.992,22.222,392.0,0,未扣成本·事後欄位以 m_ 標示·非投資建議
HC,3,2026-08-06,2026-08-07,6716,應廣,TPEx,S,,fV300,S2@5,57,350,漏網,427,-3.027195,,atr14=0.596|n_lu_250=0.869|r20=0.271|c_ma120=0.540|vr20=0.627|days_since_lu=0.151|dt_ratio20=NaN|lend_to_v=0.219|rev_yoy=0.842|o_turn=0.673|o_log_mcap=0.101|o_lu_follow=0.863,"官方日成交結構(MI_INDEX/dailyQuotes)=1|發行股數(MI_QFIIS/dailyQuotes)=1|外資持股(MI_QFIIS,僅上市)=0|自營商(T86/上櫃三大法人)=1|當沖(TWTB4U/上櫃intraday)=1|季財報(MOPS t163sb04)=1|月營收(MOPS/openapi)=1|官方產業別(MOPS t05st03)=1|融資券(MI_MARGN)=1|借券(TWT93U)=1|法人(T86)=1",984,inf,250.0,official_prepanel,284.55,2.0,0.0,0.0,1,0,0.0,22.78,38.976,219.0,0,未扣成本·事後欄位以 m_ 標示·非投資建議
HC,3,2026-08-25,2026-08-26,3354,律勝,TPEx,S,,fV300,S2@5,49,356,漏網,957,-3.534229,,atr14=0.355|n_lu_250=0.805|r20=0.277|c_ma120=0.021|vr20=0.356|days_since_lu=0.725|dt_ratio20=NaN|lend_to_v=0.639|rev_yoy=0.524|o_turn=0.056|o_log_mcap=0.011|o_lu_follow=0.881,"官方日成交結構(MI_INDEX/dailyQuotes)=1|發行股數(MI_QFIIS/dailyQuotes)=1|外資持股(MI_QFIIS,僅上市)=0|自營商(T86/上櫃三大法人)=1|當沖(TWTB4U/上櫃intraday)=1|季財報(MOPS t163sb04)=1|月營收(MOPS/openapi)=1|官方產業別(MOPS t05st03)=1|融資券(MI_MARGN)=1|借券(TWT93U)=1|法人(T86)=1",997,inf,250.0,official_prepanel,107.7,1.0,0.0,0.0,0,1,9.268,15.61,38.049,700.0,0,未扣成本·事後欄位以 m_ 標示·非投資建議
HC,3,2026-09-02,2026-09-03,3021,鴻名,TWSE,S,,fV300,S2@5,71,342,漏網,1081,-3.629655,,atr14=0.230|n_lu_250=0.736|r20=0.168|c_ma120=0.208|vr20=0.293|days_since_lu=0.438|dt_ratio20=0.246|lend_to_v=0.636|rev_yoy=0.124|o_turn=0.033|o_log_mcap=0.025|o_lu_follow=0.999,"官方日成交結構(MI_INDEX/dailyQuotes)=1|發行股數(MI_QFIIS/dailyQuotes)=1|外資持股(MI_QFIIS,僅上市)=1|自營商(T86/上櫃三大法人)=1|當沖(TWTB4U/上櫃intraday)=1|季財報(MOPS t163sb04)=1|月營收(MOPS/openapi)=1|官方產業別(MOPS t05st03)=1|融資券(MI_MARGN)=1|借券(TWT93U)=1|法人(T86)=1",1003,inf,250.0,official_prepanel,111.7,1.0,0.0,0.0,0,1,9.95,23.134,34.826,525.0,0,未扣成本·事後欄位以 m_ 標示·非投資建議
HC,3,2026-09-03,2026-09-04,7717,萊德光電-KY,TPEx,S,,fV300,S2@5,26,344,漏網,1330,-3.085113,,atr14=0.804|n_lu_250=0.936|r20=0.253|c_ma120=0.008|vr20=0.569|days_since_lu=0.372|dt_ratio20=NaN|lend_to_v=0.236|rev_yoy=0.614|o_turn=0.465|o_log_mcap=0.383|o_lu_follow=0.790,"官方日成交結構(MI_INDEX/dailyQuotes)=1|發行股數(MI_QFIIS/dailyQuotes)=1|外資持股(MI_QFIIS,僅上市)=0|自營商(T86/上櫃三大法人)=1|當沖(TWTB4U/上櫃intraday)=1|季財報(MOPS t163sb04)=1|月營收(MOPS/openapi)=1|官方產業別(MOPS t05st03)=1|融資券(MI_MARGN)=1|借券(TWT93U)=1|法人(T86)=1",194,194.0,194.0,official,150.05,1.0,0.0,0.0,0,1,8.053,16.947,39.183,1151.0,0,未扣成本·事後欄位以 m_ 標示·非投資建議
HC,3,2026-09-04,2026-09-07,6441,廣錠,TPEx,S,,fV300,S2@5,99,348,漏網,1135,-4.04055,,atr14=0.278|n_lu_250=0.713|r20=0.068|c_ma120=0.214|vr20=0.026|days_since_lu=0.293|dt_ratio20=NaN|lend_to_v=0.808|rev_yoy=0.016|o_turn=0.021|o_log_mcap=0.005|o_lu_follow=0.965,"官方日成交結構(MI_INDEX/dailyQuotes)=1|發行股數(MI_QFIIS/dailyQuotes)=1|外資持股(MI_QFIIS,僅上市)=0|自營商(T86/上櫃三大法人)=1|當沖(TWTB4U/上櫃intraday)=1|季財報(MOPS t163sb04)=1|月營收(MOPS/openapi)=1|官方產業別(MOPS t05st03)=1|融資券(MI_MARGN)=1|借券(TWT93U)=1|法人(T86)=1",1005,inf,250.0,official_prepanel,103.6,1.0,0.0,0.0,1,0,0.0,8.442,-0.866,170.0,0,未扣成本·事後欄位以 m_ 標示·非投資建議
HC,3,2026-09-10,2026-09-11,2468,華經,TWSE,S,,fV300,S2@5,116,350,漏網,932,-4.3813,,atr14=0.210|n_lu_250=0.675|r20=0.365|c_ma120=0.287|vr20=0.372|days_since_lu=0.550|dt_ratio20=0.449|lend_to_v=0.758|rev_yoy=0.357|o_turn=0.240|o_log_mcap=0.041|o_lu_follow=0.499,"官方日成交結構(MI_INDEX/dailyQuotes)=1|發行股數(MI_QFIIS/dailyQuotes)=1|外資持股(MI_QFIIS,僅上市)=1|自營商(T86/上櫃三大法人)=1|當沖(TWTB4U/上櫃intraday)=1|季財報(MOPS t163sb04)=1|月營收(MOPS/openapi)=1|官方產業別(MOPS t05st03)=1|融資券(MI_MARGN)=1|借券(TWT93U)=1|法人(T86)=1",1009,inf,250.0,official_prepanel,261.6,2.0,0.0,0.0,0,1,8.485,26.364,40.152,4234.0,0,未扣成本·事後欄位以 m_ 標示·非投資建議
HC,3,2026-09-10,2026-09-11,6148,驊宏資,TPEx,S,,fV300,S2@5,115,350,漏網,867,-4.363367,,atr14=0.194|n_lu_250=0.705|r20=0.488|c_ma120=0.212|vr20=0.280|days_since_lu=0.355|dt_ratio20=NaN|lend_to_v=0.868|rev_yoy=0.012|o_turn=0.124|o_log_mcap=0.008|o_lu_follow=0.471,"官方日成交結構(MI_INDEX/dailyQuotes)=1|發行股數(MI_QFIIS/dailyQuotes)=1|外資持股(MI_QFIIS,僅上市)=0|自營商(T86/上櫃三大法人)=1|當沖(TWTB4U/上櫃intraday)=1|季財報(MOPS t163sb04)=1|月營收(MOPS/openapi)=1|官方產業別(MOPS t05st03)=1|融資券(MI_MARGN)=1|借券(TWT93U)=1|法人(T86)=1",1009,inf,250.0,official_prepanel,120.3,1.0,0.0,0.0,0,1,10.124,28.774,39.254,1775.0,0,未扣成本·事後欄位以 m_ 標示·非投資建議
HC,3,2026-09-11,2026-09-14,5202,力新,TPEx,S,,fV300,S2@5,14,351,漏網,1181,-2.864791,,atr14=0.160|n_lu_250=0.505|r20=0.450|c_ma120=0.220|vr20=0.970|days_since_lu=0.555|dt_ratio20=NaN|lend_to_v=0.783|rev_yoy=0.502|o_turn=0.433|o_log_mcap=0.004|o_lu_follow=0.050,"官方日成交結構(MI_INDEX/dailyQuotes)=1|發行股數(MI_QFIIS/dailyQuotes)=1|外資持股(MI_QFIIS,僅上市)=0|自營商(T86/上櫃三大法人)=1|當沖(TWTB4U/上櫃intraday)=1|季財報(MOPS t163sb04)=1|月營收(MOPS/openapi)=1|官方產業別(MOPS t05st03)=1|融資券(MI_MARGN)=1|借券(TWT93U)=1|法人(T86)=1",1010,inf,250.0,official_prepanel,124.85,1.0,0.0,0.0,0,1,6.173,26.749,17.284,1030.0,0,未扣成本·事後欄位以 m_ 標示·非投資建議
HC,3,2026-09-14,2026-09-15,6945,圓祥生技,TPEx,S,,fV300|fH125,S2@5,37,354,漏網,1908,-3.759345,,atr14=0.516|n_lu_250=0.198|r20=0.553|c_ma120=NaN|vr20=0.655|days_since_lu=0.522|dt_ratio20=NaN|lend_to_v=NaN|rev_yoy=NaN|o_turn=0.150|o_log_mcap=0.350|o_lu_follow=0.387,"官方日成交結構(MI_INDEX/dailyQuotes)=1|發行股數(MI_QFIIS/dailyQuotes)=1|外資持股(MI_QFIIS,僅上市)=0|自營商(T86/上櫃三大法人)=1|當沖(TWTB4U/上櫃intraday)=0|季財報(MOPS t163sb04)=0|月營收(MOPS/openapi)=0|官方產業別(MOPS t05st03)=1|融資券(MI_MARGN)=0|借券(TWT93U)=0|法人(T86)=1",70,70.0,70.0,official,190.35,1.0,0.0,0.0,0,1,9.5,35.0,48.5,835.0,0,未扣成本·事後欄位以 m_ 標示·非投資建議
HC,3,2026-09-15,2026-09-16,3138,耀登,TWSE,S,,fV300,S2@5,77,362,漏網,1272,-4.198161,,atr14=0.380|n_lu_250=0.726|r20=0.166|c_ma120=0.005|vr20=0.766|days_since_lu=0.734|dt_ratio20=0.487|lend_to_v=0.864|rev_yoy=0.126|o_turn=0.282|o_log_mcap=0.177|o_lu_follow=0.855,"官方日成交結構(MI_INDEX/dailyQuotes)=1|發行股數(MI_QFIIS/dailyQuotes)=1|外資持股(MI_QFIIS,僅上市)=1|自營商(T86/上櫃三大法人)=1|當沖(TWTB4U/上櫃intraday)=1|季財報(MOPS t163sb04)=1|月營收(MOPS/openapi)=1|官方產業別(MOPS t05st03)=1|融資券(MI_MARGN)=1|借券(TWT93U)=1|法人(T86)=1",1012,inf,250.0,official_prepanel,129.05,1.0,0.0,0.0,0,1,3.37,8.696,7.609,192.0,0,未扣成本·事後欄位以 m_ 標示·非投資建議
HC,3,2026-09-16,2026-09-17,3287,廣寰科,TPEx,S,,fV300,S2@5,61,364,漏網,571,-3.748764,,atr14=0.340|n_lu_250=0.415|r20=0.307|c_ma120=0.825|vr20=0.047|days_since_lu=0.266|dt_ratio20=NaN|lend_to_v=0.106|rev_yoy=0.266|o_turn=0.200|o_log_mcap=0.011|o_lu_follow=0.122,"官方日成交結構(MI_INDEX/dailyQuotes)=1|發行股數(MI_QFIIS/dailyQuotes)=1|外資持股(MI_QFIIS,僅上市)=0|自營商(T86/上櫃三大法人)=1|當沖(TWTB4U/上櫃intraday)=1|季財報(MOPS t163sb04)=1|月營收(MOPS/openapi)=1|官方產業別(MOPS t05st03)=1|融資券(MI_MARGN)=1|借券(TWT93U)=1|法人(T86)=1",1013,inf,250.0,official_prepanel,286.05,2.0,0.0,0.0,0,1,8.604,16.643,18.618,906.0,0,未扣成本·事後欄位以 m_ 標示·非投資建議
HC,3,2026-09-16,2026-09-17,6204,艾華,TPEx,S,,fV300,S2@5,46,364,漏網,158,-3.482858,,atr14=0.636|n_lu_250=0.519|r20=0.854|c_ma120=0.751|vr20=0.606|days_since_lu=0.375|dt_ratio20=NaN|lend_to_v=0.304|rev_yoy=0.388|o_turn=0.760|o_log_mcap=0.029|o_lu_follow=0.052,"官方日成交結構(MI_INDEX/dailyQuotes)=1|發行股數(MI_QFIIS/dailyQuotes)=1|外資持股(MI_QFIIS,僅上市)=0|自營商(T86/上櫃三大法人)=1|當沖(TWTB4U/上櫃intraday)=1|季財報(MOPS t163sb04)=1|月營收(MOPS/openapi)=1|官方產業別(MOPS t05st03)=1|融資券(MI_MARGN)=1|借券(TWT93U)=1|法人(T86)=1",1013,inf,250.0,official_prepanel,270.95,2.0,0.0,0.0,0,1,5.708,3.594,16.279,649.0,0,未扣成本·事後欄位以 m_ 標示·非投資建議
HC,3,2026-09-17,2026-09-18,3297,杭特,TPEx,S,,fV300,S2@5,12,363,漏網,260,-2.36281,,atr14=0.606|n_lu_250=0.551|r20=0.869|c_ma120=0.451|vr20=0.971|days_since_lu=0.026|dt_ratio20=NaN|lend_to_v=0.385|rev_yoy=0.300|o_turn=0.794|o_log_mcap=0.004|o_lu_follow=0.033,"官方日成交結構(MI_INDEX/dailyQuotes)=1|發行股數(MI_QFIIS/dailyQuotes)=1|外資持股(MI_QFIIS,僅上市)=0|自營商(T86/上櫃三大法人)=1|當沖(TWTB4U/上櫃intraday)=1|季財報(MOPS t163sb04)=1|月營收(MOPS/openapi)=1|官方產業別(MOPS t05st03)=1|融資券(MI_MARGN)=1|借券(TWT93U)=1|法人(T86)=1",1014,inf,250.0,official_prepanel,196.4,1.0,0.0,0.0,0,1,7.642,11.707,,1089.0,0,未扣成本·事後欄位以 m_ 標示·非投資建議
HC,3,2026-09-17,2026-09-18,3508,位速,TPEx,S,,fV300,S2@5,9,363,漏網,469,-2.163808,,atr14=0.737|n_lu_250=0.835|r20=0.035|c_ma120=0.576|vr20=0.277|days_since_lu=0.226|dt_ratio20=NaN|lend_to_v=0.014|rev_yoy=0.804|o_turn=0.167|o_log_mcap=0.036|o_lu_follow=0.913,"官方日成交結構(MI_INDEX/dailyQuotes)=1|發行股數(MI_QFIIS/dailyQuotes)=1|外資持股(MI_QFIIS,僅上市)=0|自營商(T86/上櫃三大法人)=1|當沖(TWTB4U/上櫃intraday)=0|季財報(MOPS t163sb04)=1|月營收(MOPS/openapi)=1|官方產業別(MOPS t05st03)=1|融資券(MI_MARGN)=1|借券(TWT93U)=1|法人(T86)=1",1014,inf,250.0,official_prepanel,284.55,2.0,0.0,0.0,0,1,9.447,20.737,,672.0,0,未扣成本·事後欄位以 m_ 標示·非投資建議
HC,3,2026-09-17,2026-09-18,4951,精拓科,TPEx,S,,fV300,S2@5,48,363,漏網,567,-3.315615,,atr14=0.374|n_lu_250=0.512|r20=0.782|c_ma120=0.209|vr20=0.931|days_since_lu=0.748|dt_ratio20=NaN|lend_to_v=0.777|rev_yoy=0.223|o_turn=0.741|o_log_mcap=0.054|o_lu_follow=1.000,"官方日成交結構(MI_INDEX/dailyQuotes)=1|發行股數(MI_QFIIS/dailyQuotes)=1|外資持股(MI_QFIIS,僅上市)=0|自營商(T86/上櫃三大法人)=1|當沖(TWTB4U/上櫃intraday)=1|季財報(MOPS t163sb04)=1|月營收(MOPS/openapi)=1|官方產業別(MOPS t05st03)=1|融資券(MI_MARGN)=1|借券(TWT93U)=1|法人(T86)=1",938,938.0,250.0,official,200.2,2.0,0.0,0.0,0,1,9.277,6.265,,795.0,0,未扣成本·事後欄位以 m_ 標示·非投資建議
HC,3,2026-09-17,2026-09-18,6234,高僑,TPEx,S,,fV300,S2@5,53,363,漏網,608,-3.364817,,atr14=0.630|n_lu_250=0.729|r20=0.496|c_ma120=0.103|vr20=0.312|days_since_lu=0.325|dt_ratio20=NaN|lend_to_v=0.676|rev_yoy=0.805|o_turn=0.115|o_log_mcap=0.085|o_lu_follow=0.857,"官方日成交結構(MI_INDEX/dailyQuotes)=1|發行股數(MI_QFIIS/dailyQuotes)=1|外資持股(MI_QFIIS,僅上市)=0|自營商(T86/上櫃三大法人)=1|當沖(TWTB4U/上櫃intraday)=1|季財報(MOPS t163sb04)=1|月營收(MOPS/openapi)=1|官方產業別(MOPS t05st03)=1|融資券(MI_MARGN)=1|借券(TWT93U)=1|法人(T86)=1",1014,inf,250.0,official_prepanel,247.05,2.0,0.0,0.0,0,1,10.0,8.143,,1263.0,0,未扣成本·事後欄位以 m_ 標示·非投資建議
HC,3,2026-09-17,2026-09-18,6485,點序,TPEx,S,,fV300,S2@5,46,363,漏網,764,-3.284911,,atr14=0.401|n_lu_250=0.867|r20=0.474|c_ma120=0.019|vr20=0.887|days_since_lu=0.445|dt_ratio20=NaN|lend_to_v=0.862|rev_yoy=0.432|o_turn=0.565|o_log_mcap=0.054|o_lu_follow=0.427,"官方日成交結構(MI_INDEX/dailyQuotes)=1|發行股數(MI_QFIIS/dailyQuotes)=1|外資持股(MI_QFIIS,僅上市)=0|自營商(T86/上櫃三大法人)=1|當沖(TWTB4U/上櫃intraday)=1|季財報(MOPS t163sb04)=1|月營收(MOPS/openapi)=1|官方產業別(MOPS t05st03)=1|融資券(MI_MARGN)=1|借券(TWT93U)=1|法人(T86)=1",1014,inf,250.0,official_prepanel,181.3,1.0,0.0,0.0,0,1,7.934,15.868,,1288.0,0,未扣成本·事後欄位以 m_ 標示·非投資建議
