window,fold,date_s,trade_day_t,code,name,market,track,list_id,rank,n_pool_day,score,combo_n_components,y,m_locked_open,m_buyable,m_c1,m_c5,m_c10,vol20_s,Qmax_lots,Qmax_rule,DK_s,at_known5,hist_len,age_off,age_cap,listing_src,mcap_tier,m_vol_t,m_disp_t_exec,tradable_status,labels,note
HO,1,2023-08-01,2023-08-02,4154,樂威科-KY,TPEx,S,S0_atr14@5,1,301,0.133049,,0,0,1,9.0,11.5,70.5,266.85,2.0,floor(1%×vol20),1.0,4.0,253,inf,250.0,official_prepanel,small,155.0,1,處置中・交易規則另案登錄（DK_s＝1）,未扣成本（成本參考：2.8 折來回約 0.38%、全額約 0.585%）；交易方法狀態未知（全額交割、變更交易方法、停止信用交易的來源未提供）；容量以 s 日 vol20 估計，未模擬開盤競價量與滑價；容量受限,未扣成本·事後欄位以 m_ 標示·非投資建議
HO,1,2023-08-01,2023-08-02,5348,正能量智能,TPEx,S,S0_atr14@5,5,301,0.06352,,0,0,1,-1.701,-1.361,1.361,112.15,1.0,floor(1%×vol20),0.0,0.0,253,inf,250.0,official_prepanel,small,16.0,0,可交易（DK_s＝0）,未扣成本（成本參考：2.8 折來回約 0.38%、全額約 0.585%）；交易方法狀態未知（全額交割、變更交易方法、停止信用交易的來源未提供）；容量以 s 日 vol20 估計，未模擬開盤競價量與滑價；容量受限,未扣成本·事後欄位以 m_ 標示·非投資建議
HO,1,2023-08-01,2023-08-02,6230,尼得科超眾,TWSE,S,S0_atr14@5,2,301,0.068287,,0,0,1,-6.765,-6.471,-11.765,285.1,2.0,floor(1%×vol20),0.0,0.0,253,inf,250.0,official_prepanel,mid,285.0,0,可交易（DK_s＝0）,未扣成本（成本參考：2.8 折來回約 0.38%、全額約 0.585%）；交易方法狀態未知（全額交割、變更交易方法、停止信用交易的來源未提供）；容量以 s 日 vol20 估計，未模擬開盤競價量與滑價；容量受限,未扣成本·事後欄位以 m_ 標示·非投資建議
HO,1,2023-08-01,2023-08-02,6419,京晨科,TPEx,S,S0_atr14@5,3,301,0.06526,,0,0,1,-7.317,-5.595,2.582,148.05,1.0,floor(1%×vol20),0.0,0.0,253,inf,250.0,official_prepanel,small,42.0,0,可交易（DK_s＝0）,未扣成本（成本參考：2.8 折來回約 0.38%、全額約 0.585%）；交易方法狀態未知（全額交割、變更交易方法、停止信用交易的來源未提供）；容量以 s 日 vol20 估計，未模擬開盤競價量與滑價；容量受限,未扣成本·事後欄位以 m_ 標示·非投資建議
HO,1,2023-08-01,2023-08-02,6751,智聯服務,TPEx,S,S0_atr14@5,4,301,0.064141,,0,0,1,-5.096,-10.385,-18.942,220.65,2.0,floor(1%×vol20),0.0,0.0,253,inf,250.0,official_prepanel,small,148.0,0,可交易（DK_s＝0）,未扣成本（成本參考：2.8 折來回約 0.38%、全額約 0.585%）；交易方法狀態未知（全額交割、變更交易方法、停止信用交易的來源未提供）；容量以 s 日 vol20 估計，未模擬開盤競價量與滑價；容量受限,未扣成本·事後欄位以 m_ 標示·非投資建議
HO,1,2023-08-02,2023-08-04,2424,隴華,TWSE,S,S0_atr14@5,5,300,0.063429,,0,0,1,3.33,-1.722,-20.551,175.0,1.0,floor(1%×vol20),0.0,0.0,254,inf,250.0,official_prepanel,small,45.0,0,可交易（DK_s＝0）,未扣成本（成本參考：2.8 折來回約 0.38%、全額約 0.585%）；交易方法狀態未知（全額交割、變更交易方法、停止信用交易的來源未提供）；容量以 s 日 vol20 估計，未模擬開盤競價量與滑價；容量受限,未扣成本·事後欄位以 m_ 標示·非投資建議
HO,1,2023-08-02,2023-08-04,4154,樂威科-KY,TPEx,S,S0_atr14@5,1,300,0.115793,,0,0,1,3.286,9.859,53.052,271.9,2.0,floor(1%×vol20),1.0,3.0,254,inf,250.0,official_prepanel,small,68.0,1,處置中・交易規則另案登錄（DK_s＝1）,未扣成本（成本參考：2.8 折來回約 0.38%、全額約 0.585%）；交易方法狀態未知（全額交割、變更交易方法、停止信用交易的來源未提供）；容量以 s 日 vol20 估計，未模擬開盤競價量與滑價；容量受限,未扣成本·事後欄位以 m_ 標示·非投資建議
HO,1,2023-08-02,2023-08-04,6230,尼得科超眾,TWSE,S,S0_atr14@5,2,300,0.077287,,0,0,1,0.0,-2.857,-1.587,295.65,2.0,floor(1%×vol20),0.0,0.0,254,inf,250.0,official_prepanel,mid,128.0,0,可交易（DK_s＝0）,未扣成本（成本參考：2.8 折來回約 0.38%、全額約 0.585%）；交易方法狀態未知（全額交割、變更交易方法、停止信用交易的來源未提供）；容量以 s 日 vol20 估計，未模擬開盤競價量與滑價；容量受限,未扣成本·事後欄位以 m_ 標示·非投資建議
HO,1,2023-08-02,2023-08-04,6419,京晨科,TPEx,S,S0_atr14@5,3,300,0.067059,,0,0,1,4.489,2.012,10.991,150.0,1.0,floor(1%×vol20),0.0,0.0,254,inf,250.0,official_prepanel,small,23.0,0,可交易（DK_s＝0）,未扣成本（成本參考：2.8 折來回約 0.38%、全額約 0.585%）；交易方法狀態未知（全額交割、變更交易方法、停止信用交易的來源未提供）；容量以 s 日 vol20 估計，未模擬開盤競價量與滑價；容量受限,未扣成本·事後欄位以 m_ 標示·非投資建議
HO,1,2023-08-02,2023-08-04,6751,智聯服務,TPEx,S,S0_atr14@5,4,300,0.066001,,0,0,1,-3.553,-7.513,-10.66,224.95,2.0,floor(1%×vol20),0.0,0.0,254,inf,250.0,official_prepanel,small,147.0,0,可交易（DK_s＝0）,未扣成本（成本參考：2.8 折來回約 0.38%、全額約 0.585%）；交易方法狀態未知（全額交割、變更交易方法、停止信用交易的來源未提供）；容量以 s 日 vol20 估計，未模擬開盤競價量與滑價；容量受限,未扣成本·事後欄位以 m_ 標示·非投資建議
HO,1,2023-08-04,2023-08-07,2424,隴華,TWSE,S,S0_atr14@5,5,308,0.063889,,0,0,1,0.687,-11.111,-21.306,172.5,1.0,floor(1%×vol20),0.0,0.0,255,inf,250.0,official_prepanel,small,20.0,0,可交易（DK_s＝0）,未扣成本（成本參考：2.8 折來回約 0.38%、全額約 0.585%）；交易方法狀態未知（全額交割、變更交易方法、停止信用交易的來源未提供）；容量以 s 日 vol20 估計，未模擬開盤競價量與滑價；容量受限,未扣成本·事後欄位以 m_ 標示·非投資建議
HO,1,2023-08-04,2023-08-07,4154,樂威科-KY,TPEx,S,S0_atr14@5,1,308,0.115714,,0,0,1,-0.444,14.222,31.111,271.25,2.0,floor(1%×vol20),1.0,2.0,255,inf,250.0,official_prepanel,small,86.0,1,處置中・交易規則另案登錄（DK_s＝1）,未扣成本（成本參考：2.8 折來回約 0.38%、全額約 0.585%）；交易方法狀態未知（全額交割、變更交易方法、停止信用交易的來源未提供）；容量以 s 日 vol20 估計，未模擬開盤競價量與滑價；容量受限,未扣成本·事後欄位以 m_ 標示·非投資建議
HO,1,2023-08-04,2023-08-07,6230,尼得科超眾,TWSE,S,S0_atr14@5,2,308,0.078912,,0,0,1,-1.553,-4.037,-5.59,295.6,2.0,floor(1%×vol20),0.0,0.0,255,inf,250.0,official_prepanel,mid,126.0,0,可交易（DK_s＝0）,未扣成本（成本參考：2.8 折來回約 0.38%、全額約 0.585%）；交易方法狀態未知（全額交割、變更交易方法、停止信用交易的來源未提供）；容量以 s 日 vol20 估計，未模擬開盤競價量與滑價；容量受限,未扣成本·事後欄位以 m_ 標示·非投資建議
HO,1,2023-08-04,2023-08-07,6419,京晨科,TPEx,S,S0_atr14@5,4,308,0.066272,,0,0,1,-0.296,2.963,5.778,150.7,1.0,floor(1%×vol20),0.0,0.0,255,inf,250.0,official_prepanel,small,31.0,0,可交易（DK_s＝0）,未扣成本（成本參考：2.8 折來回約 0.38%、全額約 0.585%）；交易方法狀態未知（全額交割、變更交易方法、停止信用交易的來源未提供）；容量以 s 日 vol20 估計，未模擬開盤競價量與滑價；容量受限,未扣成本·事後欄位以 m_ 標示·非投資建議
HO,1,2023-08-04,2023-08-07,6751,智聯服務,TPEx,S,S0_atr14@5,3,308,0.071353,,0,0,1,-0.405,-6.383,-9.828,228.35,2.0,floor(1%×vol20),0.0,0.0,255,inf,250.0,official_prepanel,small,75.0,0,可交易（DK_s＝0）,未扣成本（成本參考：2.8 折來回約 0.38%、全額約 0.585%）；交易方法狀態未知（全額交割、變更交易方法、停止信用交易的來源未提供）；容量以 s 日 vol20 估計，未模擬開盤競價量與滑價；容量受限,未扣成本·事後欄位以 m_ 標示·非投資建議
HO,1,2023-08-07,2023-08-08,2424,隴華,TWSE,S,S0_atr14@5,5,307,0.063871,,0,0,1,-2.617,-19.34,-21.957,168.65,1.0,floor(1%×vol20),0.0,0.0,256,inf,250.0,official_prepanel,small,44.0,0,可交易（DK_s＝0）,未扣成本（成本參考：2.8 折來回約 0.38%、全額約 0.585%）；交易方法狀態未知（全額交割、變更交易方法、停止信用交易的來源未提供）；容量以 s 日 vol20 估計，未模擬開盤競價量與滑價；容量受限,未扣成本·事後欄位以 m_ 標示·非投資建議
HO,1,2023-08-07,2023-08-08,4154,樂威科-KY,TPEx,S,S0_atr14@5,1,307,0.104082,,0,0,1,0.909,28.182,25.909,272.75,2.0,floor(1%×vol20),1.0,1.0,256,inf,250.0,official_prepanel,small,36.0,1,處置中・交易規則另案登錄（DK_s＝1）,未扣成本（成本參考：2.8 折來回約 0.38%、全額約 0.585%）；交易方法狀態未知（全額交割、變更交易方法、停止信用交易的來源未提供）；容量以 s 日 vol20 估計，未模擬開盤競價量與滑價；容量受限,未扣成本·事後欄位以 m_ 標示·非投資建議
HO,1,2023-08-07,2023-08-08,6230,尼得科超眾,TWSE,S,S0_atr14@5,2,307,0.078188,,0,0,1,-3.582,-11.045,-9.254,298.3,2.0,floor(1%×vol20),0.0,0.0,256,inf,250.0,official_prepanel,mid,336.0,0,可交易（DK_s＝0）,未扣成本（成本參考：2.8 折來回約 0.38%、全額約 0.585%）；交易方法狀態未知（全額交割、變更交易方法、停止信用交易的來源未提供）；容量以 s 日 vol20 估計，未模擬開盤競價量與滑價；容量受限,未扣成本·事後欄位以 m_ 標示·非投資建議
HO,1,2023-08-07,2023-08-08,6419,京晨科,TPEx,S,S0_atr14@5,4,307,0.06555,,0,0,1,-1.306,3.628,2.758,150.05,1.0,floor(1%×vol20),0.0,0.0,256,inf,250.0,official_prepanel,small,7.0,0,可交易（DK_s＝0）,未扣成本（成本參考：2.8 折來回約 0.38%、全額約 0.585%）；交易方法狀態未知（全額交割、變更交易方法、停止信用交易的來源未提供）；容量以 s 日 vol20 估計，未模擬開盤競價量與滑價；容量受限,未扣成本·事後欄位以 m_ 標示·非投資建議
HO,1,2023-08-07,2023-08-08,6751,智聯服務,TPEx,S,S0_atr14@5,3,307,0.071356,,0,0,1,-0.735,-7.458,-7.038,228.15,2.0,floor(1%×vol20),0.0,0.0,256,inf,250.0,official_prepanel,small,160.0,0,可交易（DK_s＝0）,未扣成本（成本參考：2.8 折來回約 0.38%、全額約 0.585%）；交易方法狀態未知（全額交割、變更交易方法、停止信用交易的來源未提供）；容量以 s 日 vol20 估計，未模擬開盤競價量與滑價；容量受限,未扣成本·事後欄位以 m_ 標示·非投資建議
HO,1,2023-08-08,2023-08-09,2424,隴華,TWSE,S,S0_atr14@5,5,307,0.063168,,0,0,1,2.118,-18.0,-19.529,162.4,1.0,floor(1%×vol20),0.0,0.0,257,inf,250.0,official_prepanel,small,10.0,0,可交易（DK_s＝0）,未扣成本（成本參考：2.8 折來回約 0.38%、全額約 0.585%）；交易方法狀態未知（全額交割、變更交易方法、停止信用交易的來源未提供）；容量以 s 日 vol20 估計，未模擬開盤競價量與滑價；容量受限,未扣成本·事後欄位以 m_ 標示·非投資建議
HO,1,2023-08-08,2023-08-09,4154,樂威科-KY,TPEx,S,S0_atr14@5,1,307,0.092793,,0,0,1,0.45,39.64,25.676,269.5,2.0,floor(1%×vol20),1.0,0.0,257,inf,250.0,official_prepanel,small,30.0,1,處置中・交易規則另案登錄（DK_s＝1）,未扣成本（成本參考：2.8 折來回約 0.38%、全額約 0.585%）；交易方法狀態未知（全額交割、變更交易方法、停止信用交易的來源未提供）；容量以 s 日 vol20 估計，未模擬開盤競價量與滑價；容量受限,未扣成本·事後欄位以 m_ 標示·非投資建議
HO,1,2023-08-08,2023-08-09,5703,亞都,TPEx,S,S0_atr14@5,4,307,0.063302,,0,0,1,-2.584,-3.777,-5.765,226.95,2.0,floor(1%×vol20),0.0,0.0,257,inf,250.0,official_prepanel,small,59.0,0,可交易（DK_s＝0）,未扣成本（成本參考：2.8 折來回約 0.38%、全額約 0.585%）；交易方法狀態未知（全額交割、變更交易方法、停止信用交易的來源未提供）；容量以 s 日 vol20 估計，未模擬開盤競價量與滑價；容量受限,未扣成本·事後欄位以 m_ 標示·非投資建議
HO,1,2023-08-08,2023-08-09,6419,京晨科,TPEx,S,S0_atr14@5,3,307,0.064223,,0,0,1,-2.083,6.25,4.762,141.25,1.0,floor(1%×vol20),0.0,0.0,257,inf,250.0,official_prepanel,small,28.0,0,可交易（DK_s＝0）,未扣成本（成本參考：2.8 折來回約 0.38%、全額約 0.585%）；交易方法狀態未知（全額交割、變更交易方法、停止信用交易的來源未提供）；容量以 s 日 vol20 估計，未模擬開盤競價量與滑價；容量受限,未扣成本·事後欄位以 m_ 標示·非投資建議
HO,1,2023-08-08,2023-08-09,6751,智聯服務,TPEx,S,S0_atr14@5,2,307,0.075359,,0,0,1,-0.851,-8.936,-9.574,229.05,2.0,floor(1%×vol20),0.0,0.0,257,inf,250.0,official_prepanel,small,118.0,0,可交易（DK_s＝0）,未扣成本（成本參考：2.8 折來回約 0.38%、全額約 0.585%）；交易方法狀態未知（全額交割、變更交易方法、停止信用交易的來源未提供）；容量以 s 日 vol20 估計，未模擬開盤競價量與滑價；容量受限,未扣成本·事後欄位以 m_ 標示·非投資建議
HO,1,2023-08-09,2023-08-10,2424,隴華,TWSE,S,S0_atr14@5,5,316,0.060895,,0,0,1,-1.382,-20.853,-23.387,145.6,1.0,floor(1%×vol20),0.0,0.0,258,inf,250.0,official_prepanel,small,7.0,0,可交易（DK_s＝0）,未扣成本（成本參考：2.8 折來回約 0.38%、全額約 0.585%）；交易方法狀態未知（全額交割、變更交易方法、停止信用交易的來源未提供）；容量以 s 日 vol20 估計，未模擬開盤競價量與滑價；容量受限,未扣成本·事後欄位以 m_ 標示·非投資建議
HO,1,2023-08-09,2023-08-10,4154,樂威科-KY,TPEx,S,S0_atr14@5,1,316,0.081807,,0,0,1,4.933,52.915,28.251,266.2,2.0,floor(1%×vol20),1.0,0.0,258,inf,250.0,official_prepanel,small,90.0,1,處置中・交易規則另案登錄（DK_s＝1）,未扣成本（成本參考：2.8 折來回約 0.38%、全額約 0.585%）；交易方法狀態未知（全額交割、變更交易方法、停止信用交易的來源未提供）；容量以 s 日 vol20 估計，未模擬開盤競價量與滑價；容量受限,未扣成本·事後欄位以 m_ 標示·非投資建議
HO,1,2023-08-09,2023-08-10,5703,亞都,TPEx,S,S0_atr14@5,4,316,0.064723,,0,0,1,-1.822,-2.024,-2.632,218.6,2.0,floor(1%×vol20),0.0,0.0,258,inf,250.0,official_prepanel,small,120.0,0,可交易（DK_s＝0）,未扣成本（成本參考：2.8 折來回約 0.38%、全額約 0.585%）；交易方法狀態未知（全額交割、變更交易方法、停止信用交易的來源未提供）；容量以 s 日 vol20 估計，未模擬開盤競價量與滑價；容量受限,未扣成本·事後欄位以 m_ 標示·非投資建議
HO,1,2023-08-09,2023-08-10,6419,京晨科,TPEx,S,S0_atr14@5,3,316,0.069339,,0,0,1,1.385,10.0,7.692,118.2,1.0,floor(1%×vol20),0.0,0.0,258,inf,250.0,official_prepanel,small,15.0,0,可交易（DK_s＝0）,未扣成本（成本參考：2.8 折來回約 0.38%、全額約 0.585%）；交易方法狀態未知（全額交割、變更交易方法、停止信用交易的來源未提供）；容量以 s 日 vol20 估計，未模擬開盤競價量與滑價；容量受限,未扣成本·事後欄位以 m_ 標示·非投資建議
HO,1,2023-08-09,2023-08-10,6751,智聯服務,TPEx,S,S0_atr14@5,2,316,0.071352,,0,0,1,-1.086,-8.469,-6.08,230.4,2.0,floor(1%×vol20),0.0,0.0,258,inf,250.0,official_prepanel,small,66.0,0,可交易（DK_s＝0）,未扣成本（成本參考：2.8 折來回約 0.38%、全額約 0.585%）；交易方法狀態未知（全額交割、變更交易方法、停止信用交易的來源未提供）；容量以 s 日 vol20 估計，未模擬開盤競價量與滑價；容量受限,未扣成本·事後欄位以 m_ 標示·非投資建議
HO,1,2023-08-10,2023-08-11,2424,隴華,TWSE,S,S0_atr14@5,3,316,0.059997,,0,0,1,-0.767,-11.509,-6.522,110.9,1.0,floor(1%×vol20),0.0,0.0,259,inf,250.0,official_prepanel,small,81.0,0,可交易（DK_s＝0）,未扣成本（成本參考：2.8 折來回約 0.38%、全額約 0.585%）；交易方法狀態未知（全額交割、變更交易方法、停止信用交易的來源未提供）；容量以 s 日 vol20 估計，未模擬開盤競價量與滑價；容量受限,未扣成本·事後欄位以 m_ 標示·非投資建議
HO,1,2023-08-10,2023-08-11,3664,安瑞-KY,TPEx,S,S0_atr14@5,5,316,0.057377,,0,0,1,-3.484,13.73,10.861,261.55,2.0,floor(1%×vol20),0.0,0.0,259,inf,250.0,official_prepanel,small,237.0,0,可交易（DK_s＝0）,未扣成本（成本參考：2.8 折來回約 0.38%、全額約 0.585%）；交易方法狀態未知（全額交割、變更交易方法、停止信用交易的來源未提供）；容量以 s 日 vol20 估計，未模擬開盤競價量與滑價；容量受限,未扣成本·事後欄位以 m_ 標示·非投資建議
HO,1,2023-08-10,2023-08-11,4154,樂威科-KY,TPEx,S,S0_atr14@5,1,316,0.071856,,1,0,1,7.083,35.833,12.083,263.75,2.0,floor(1%×vol20),1.0,0.0,259,inf,250.0,official_prepanel,small,271.0,0,處置中・交易規則另案登錄（DK_s＝1）,未扣成本（成本參考：2.8 折來回約 0.38%、全額約 0.585%）；交易方法狀態未知（全額交割、變更交易方法、停止信用交易的來源未提供）；容量以 s 日 vol20 估計，未模擬開盤競價量與滑價；容量受限,未扣成本·事後欄位以 m_ 標示·非投資建議
HO,1,2023-08-10,2023-08-11,5703,亞都,TPEx,S,S0_atr14@5,4,316,0.059352,,0,0,1,-2.218,-1.815,-3.831,210.9,2.0,floor(1%×vol20),0.0,0.0,259,inf,250.0,official_prepanel,small,92.0,0,可交易（DK_s＝0）,未扣成本（成本參考：2.8 折來回約 0.38%、全額約 0.585%）；交易方法狀態未知（全額交割、變更交易方法、停止信用交易的來源未提供）；容量以 s 日 vol20 估計，未模擬開盤競價量與滑價；容量受限,未扣成本·事後欄位以 m_ 標示·非投資建議
HO,1,2023-08-10,2023-08-11,6751,智聯服務,TPEx,S,S0_atr14@5,2,316,0.068057,,0,0,1,1.538,-3.297,-5.165,228.9,2.0,floor(1%×vol20),0.0,0.0,259,inf,250.0,official_prepanel,small,35.0,0,可交易（DK_s＝0）,未扣成本（成本參考：2.8 折來回約 0.38%、全額約 0.585%）；交易方法狀態未知（全額交割、變更交易方法、停止信用交易的來源未提供）；容量以 s 日 vol20 估計，未模擬開盤競價量與滑價；容量受限,未扣成本·事後欄位以 m_ 標示·非投資建議
HO,1,2023-08-11,2023-08-14,3664,安瑞-KY,TPEx,S,S0_atr14@5,1,310,0.063391,,0,0,1,-4.184,9.414,14.435,260.95,2.0,floor(1%×vol20),0.0,0.0,260,inf,250.0,official_prepanel,small,206.0,0,可交易（DK_s＝0）,未扣成本（成本參考：2.8 折來回約 0.38%、全額約 0.585%）；交易方法狀態未知（全額交割、變更交易方法、停止信用交易的來源未提供）；容量以 s 日 vol20 估計，未模擬開盤競價量與滑價；容量受限,未扣成本·事後欄位以 m_ 標示·非投資建議
HO,1,2023-08-11,2023-08-14,4439,冠星-KY,TWSE,S,S0_atr14@5,3,310,0.060559,,0,0,1,-0.368,-3.309,-3.676,278.15,2.0,floor(1%×vol20),0.0,0.0,260,inf,250.0,official_prepanel,mid,143.0,0,可交易（DK_s＝0）,未扣成本（成本參考：2.8 折來回約 0.38%、全額約 0.585%）；交易方法狀態未知（全額交割、變更交易方法、停止信用交易的來源未提供）；容量以 s 日 vol20 估計，未模擬開盤競價量與滑價；容量受限,未扣成本·事後欄位以 m_ 標示·非投資建議
HO,1,2023-08-11,2023-08-14,5703,亞都,TPEx,S,S0_atr14@5,4,310,0.053756,,0,0,1,-0.206,-0.206,8.041,201.7,2.0,floor(1%×vol20),0.0,0.0,260,inf,250.0,official_prepanel,small,128.0,0,可交易（DK_s＝0）,未扣成本（成本參考：2.8 折來回約 0.38%、全額約 0.585%）；交易方法狀態未知（全額交割、變更交易方法、停止信用交易的來源未提供）；容量以 s 日 vol20 估計，未模擬開盤競價量與滑價；容量受限,未扣成本·事後欄位以 m_ 標示·非投資建議
HO,1,2023-08-11,2023-08-14,6751,智聯服務,TPEx,S,S0_atr14@5,2,310,0.062925,,0,0,1,-2.759,-1.766,-6.291,220.35,2.0,floor(1%×vol20),0.0,0.0,260,inf,250.0,official_prepanel,small,92.0,0,可交易（DK_s＝0）,未扣成本（成本參考：2.8 折來回約 0.38%、全額約 0.585%）；交易方法狀態未知（全額交割、變更交易方法、停止信用交易的來源未提供）；容量以 s 日 vol20 估計，未模擬開盤競價量與滑價；容量受限,未扣成本·事後欄位以 m_ 標示·非投資建議
HO,1,2023-08-11,2023-08-14,8084,巨虹,TPEx,S,S0_atr14@5,5,310,0.05333,,0,0,1,-2.352,-1.456,-13.214,266.05,2.0,floor(1%×vol20),0.0,0.0,260,inf,250.0,official_prepanel,mid,91.0,0,可交易（DK_s＝0）,未扣成本（成本參考：2.8 折來回約 0.38%、全額約 0.585%）；交易方法狀態未知（全額交割、變更交易方法、停止信用交易的來源未提供）；容量以 s 日 vol20 估計，未模擬開盤競價量與滑價；容量受限,未扣成本·事後欄位以 m_ 標示·非投資建議
HO,1,2023-08-14,2023-08-15,3664,安瑞-KY,TPEx,S,S0_atr14@5,2,305,0.067218,,1,0,1,9.825,13.974,17.467,253.6,2.0,floor(1%×vol20),0.0,0.0,261,inf,250.0,official_prepanel,small,124.0,0,可交易（DK_s＝0）,未扣成本（成本參考：2.8 折來回約 0.38%、全額約 0.585%）；交易方法狀態未知（全額交割、變更交易方法、停止信用交易的來源未提供）；容量以 s 日 vol20 估計，未模擬開盤競價量與滑價；容量受限,未扣成本·事後欄位以 m_ 標示·非投資建議
HO,1,2023-08-14,2023-08-15,4439,冠星-KY,TWSE,S,S0_atr14@5,4,305,0.059041,,0,0,1,-1.115,-0.372,-2.602,267.85,2.0,floor(1%×vol20),0.0,0.0,261,inf,250.0,official_prepanel,mid,138.0,0,可交易（DK_s＝0）,未扣成本（成本參考：2.8 折來回約 0.38%、全額約 0.585%）；交易方法狀態未知（全額交割、變更交易方法、停止信用交易的來源未提供）；容量以 s 日 vol20 估計，未模擬開盤競價量與滑價；容量受限,未扣成本·事後欄位以 m_ 標示·非投資建議
HO,1,2023-08-14,2023-08-15,5301,,TPEx,S,S0_atr14@5,5,305,0.057712,,0,0,1,-2.545,-8.364,5.818,296.95,2.0,floor(1%×vol20),0.0,0.0,261,inf,250.0,official_prepanel,small,199.0,0,可交易（DK_s＝0）,未扣成本（成本參考：2.8 折來回約 0.38%、全額約 0.585%）；交易方法狀態未知（全額交割、變更交易方法、停止信用交易的來源未提供）；容量以 s 日 vol20 估計，未模擬開盤競價量與滑價；容量受限,未扣成本·事後欄位以 m_ 標示·非投資建議
HO,1,2023-08-14,2023-08-15,6222,立軒,TPEx,S,S0_atr14@5,1,305,0.075959,,0,0,1,2.719,-13.444,-39.879,299.0,2.0,floor(1%×vol20),0.0,0.0,261,inf,250.0,official_prepanel,small,72.0,0,可交易（DK_s＝0）,未扣成本（成本參考：2.8 折來回約 0.38%、全額約 0.585%）；交易方法狀態未知（全額交割、變更交易方法、停止信用交易的來源未提供）；容量以 s 日 vol20 估計，未模擬開盤競價量與滑價；容量受限,未扣成本·事後欄位以 m_ 標示·非投資建議
HO,1,2023-08-14,2023-08-15,6751,智聯服務,TPEx,S,S0_atr14@5,3,305,0.066969,,0,0,1,-2.838,0.454,-5.675,221.2,2.0,floor(1%×vol20),0.0,0.0,261,inf,250.0,official_prepanel,small,117.0,0,可交易（DK_s＝0）,未扣成本（成本參考：2.8 折來回約 0.38%、全額約 0.585%）；交易方法狀態未知（全額交割、變更交易方法、停止信用交易的來源未提供）；容量以 s 日 vol20 估計，未模擬開盤競價量與滑價；容量受限,未扣成本·事後欄位以 m_ 標示·非投資建議
HO,1,2023-08-15,2023-08-16,4439,冠星-KY,TWSE,S,S0_atr14@5,5,298,0.057734,,0,0,1,2.281,-0.76,-1.141,266.4,2.0,floor(1%×vol20),0.0,0.0,262,inf,250.0,official_prepanel,small,101.0,0,可交易（DK_s＝0）,未扣成本（成本參考：2.8 折來回約 0.38%、全額約 0.585%）；交易方法狀態未知（全額交割、變更交易方法、停止信用交易的來源未提供）；容量以 s 日 vol20 估計，未模擬開盤競價量與滑價；容量受限,未扣成本·事後欄位以 m_ 標示·非投資建議
HO,1,2023-08-15,2023-08-16,5301,,TPEx,S,S0_atr14@5,3,298,0.058369,,0,0,1,-1.124,-7.491,9.738,295.45,2.0,floor(1%×vol20),0.0,0.0,262,inf,250.0,official_prepanel,small,94.0,0,可交易（DK_s＝0）,未扣成本（成本參考：2.8 折來回約 0.38%、全額約 0.585%）；交易方法狀態未知（全額交割、變更交易方法、停止信用交易的來源未提供）；容量以 s 日 vol20 估計，未模擬開盤競價量與滑價；容量受限,未扣成本·事後欄位以 m_ 標示·非投資建議
HO,1,2023-08-15,2023-08-16,6222,立軒,TPEx,S,S0_atr14@5,1,298,0.076155,,0,0,1,0.882,-24.118,-36.324,290.85,2.0,floor(1%×vol20),0.0,0.0,262,inf,250.0,official_prepanel,small,130.0,0,可交易（DK_s＝0）,未扣成本（成本參考：2.8 折來回約 0.38%、全額約 0.585%）；交易方法狀態未知（全額交割、變更交易方法、停止信用交易的來源未提供）；容量以 s 日 vol20 估計，未模擬開盤競價量與滑價；容量受限,未扣成本·事後欄位以 m_ 標示·非投資建議
HO,1,2023-08-15,2023-08-16,6751,智聯服務,TPEx,S,S0_atr14@5,2,298,0.064002,,0,0,1,-0.94,-0.118,-1.998,223.95,2.0,floor(1%×vol20),0.0,0.0,262,inf,250.0,official_prepanel,small,74.0,0,可交易（DK_s＝0）,未扣成本（成本參考：2.8 折來回約 0.38%、全額約 0.585%）；交易方法狀態未知（全額交割、變更交易方法、停止信用交易的來源未提供）；容量以 s 日 vol20 估計，未模擬開盤競價量與滑價；容量受限,未扣成本·事後欄位以 m_ 標示·非投資建議
HO,1,2023-08-15,2023-08-16,6791,虎門科技,TPEx,S,S0_atr14@5,4,298,0.058016,,0,0,1,-2.31,-6.271,-4.62,121.55,1.0,floor(1%×vol20),0.0,0.0,179,179.0,179.0,official,small,48.0,0,可交易（DK_s＝0）,未扣成本（成本參考：2.8 折來回約 0.38%、全額約 0.585%）；交易方法狀態未知（全額交割、變更交易方法、停止信用交易的來源未提供）；容量以 s 日 vol20 估計，未模擬開盤競價量與滑價；容量受限,未扣成本·事後欄位以 m_ 標示·非投資建議
HO,1,2023-08-16,2023-08-17,3494,誠研,TWSE,S,S0_atr14@5,4,302,0.057143,,0,0,1,1.053,4.812,0.301,128.4,1.0,floor(1%×vol20),0.0,0.0,263,inf,250.0,official_prepanel,small,88.0,0,可交易（DK_s＝0）,未扣成本（成本參考：2.8 折來回約 0.38%、全額約 0.585%）；交易方法狀態未知（全額交割、變更交易方法、停止信用交易的來源未提供）；容量以 s 日 vol20 估計，未模擬開盤競價量與滑價；容量受限,未扣成本·事後欄位以 m_ 標示·非投資建議
HO,1,2023-08-16,2023-08-17,6198,瑞築,TPEx,S,S0_atr14@5,5,302,0.056114,,0,0,1,-0.806,30.806,9.677,149.8,1.0,floor(1%×vol20),0.0,0.0,263,inf,250.0,official_prepanel,small,159.0,0,可交易（DK_s＝0）,未扣成本（成本參考：2.8 折來回約 0.38%、全額約 0.585%）；交易方法狀態未知（全額交割、變更交易方法、停止信用交易的來源未提供）；容量以 s 日 vol20 估計，未模擬開盤競價量與滑價；容量受限,未扣成本·事後欄位以 m_ 標示·非投資建議
HO,1,2023-08-16,2023-08-17,6222,立軒,TPEx,S,S0_atr14@5,2,302,0.071533,,0,0,1,0.148,-31.009,-35.757,270.8,2.0,floor(1%×vol20),0.0,0.0,263,inf,250.0,official_prepanel,small,120.0,0,可交易（DK_s＝0）,未扣成本（成本參考：2.8 折來回約 0.38%、全額約 0.585%）；交易方法狀態未知（全額交割、變更交易方法、停止信用交易的來源未提供）；容量以 s 日 vol20 估計，未模擬開盤競價量與滑價；容量受限,未扣成本·事後欄位以 m_ 標示·非投資建議
HO,1,2023-08-16,2023-08-17,6640,均華,TPEx,S,S0_atr14@5,1,302,0.0733,,0,0,1,5.556,-3.704,-1.389,182.45,1.0,floor(1%×vol20),0.0,0.0,263,inf,250.0,official_prepanel,small,37.0,0,可交易（DK_s＝0）,未扣成本（成本參考：2.8 折來回約 0.38%、全額約 0.585%）；交易方法狀態未知（全額交割、變更交易方法、停止信用交易的來源未提供）；容量以 s 日 vol20 估計，未模擬開盤競價量與滑價；容量受限,未扣成本·事後欄位以 m_ 標示·非投資建議
HO,1,2023-08-16,2023-08-17,6751,智聯服務,TPEx,S,S0_atr14@5,3,302,0.057872,,0,0,1,4.142,2.367,-0.592,222.65,2.0,floor(1%×vol20),0.0,0.0,263,inf,250.0,official_prepanel,small,48.0,0,可交易（DK_s＝0）,未扣成本（成本參考：2.8 折來回約 0.38%、全額約 0.585%）；交易方法狀態未知（全額交割、變更交易方法、停止信用交易的來源未提供）；容量以 s 日 vol20 估計，未模擬開盤競價量與滑價；容量受限,未扣成本·事後欄位以 m_ 標示·非投資建議
HO,1,2023-08-17,2023-08-18,3494,誠研,TWSE,S,S0_atr14@5,3,297,0.059524,,0,0,1,3.927,4.079,1.208,118.9,1.0,floor(1%×vol20),0.0,0.0,264,inf,250.0,official_prepanel,small,39.0,0,可交易（DK_s＝0）,未扣成本（成本參考：2.8 折來回約 0.38%、全額約 0.585%）；交易方法狀態未知（全額交割、變更交易方法、停止信用交易的來源未提供）；容量以 s 日 vol20 估計，未模擬開盤競價量與滑價；容量受限,未扣成本·事後欄位以 m_ 標示·非投資建議
HO,1,2023-08-17,2023-08-18,4439,冠星-KY,TWSE,S,S0_atr14@5,5,297,0.054762,,0,0,1,-1.866,-0.746,-1.866,261.5,2.0,floor(1%×vol20),0.0,0.0,264,inf,250.0,official_prepanel,small,104.0,0,可交易（DK_s＝0）,未扣成本（成本參考：2.8 折來回約 0.38%、全額約 0.585%）；交易方法狀態未知（全額交割、變更交易方法、停止信用交易的來源未提供）；容量以 s 日 vol20 估計，未模擬開盤競價量與滑價；容量受限,未扣成本·事後欄位以 m_ 標示·非投資建議
HO,1,2023-08-17,2023-08-18,6198,瑞築,TPEx,S,S0_atr14@5,4,297,0.057143,,0,0,1,2.11,18.506,11.526,152.45,1.0,floor(1%×vol20),0.0,0.0,264,inf,250.0,official_prepanel,small,228.0,0,可交易（DK_s＝0）,未扣成本（成本參考：2.8 折來回約 0.38%、全額約 0.585%）；交易方法狀態未知（全額交割、變更交易方法、停止信用交易的來源未提供）；容量以 s 日 vol20 估計，未模擬開盤競價量與滑價；容量受限,未扣成本·事後欄位以 m_ 標示·非投資建議
HO,1,2023-08-17,2023-08-18,6222,立軒,TPEx,S,S0_atr14@5,1,297,0.074392,,0,0,1,-5.075,-28.358,-34.925,243.7,2.0,floor(1%×vol20),0.0,0.0,264,inf,250.0,official_prepanel,small,176.0,0,可交易（DK_s＝0）,未扣成本（成本參考：2.8 折來回約 0.38%、全額約 0.585%）；交易方法狀態未知（全額交割、變更交易方法、停止信用交易的來源未提供）；容量以 s 日 vol20 估計，未模擬開盤競價量與滑價；容量受限,未扣成本·事後欄位以 m_ 標示·非投資建議
HO,1,2023-08-17,2023-08-18,6640,均華,TPEx,S,S0_atr14@5,2,297,0.072055,,0,0,1,-4.889,0.444,-5.778,182.2,1.0,floor(1%×vol20),0.0,0.0,264,inf,250.0,official_prepanel,small,58.0,0,可交易（DK_s＝0）,未扣成本（成本參考：2.8 折來回約 0.38%、全額約 0.585%）；交易方法狀態未知（全額交割、變更交易方法、停止信用交易的來源未提供）；容量以 s 日 vol20 估計，未模擬開盤競價量與滑價；容量受限,未扣成本·事後欄位以 m_ 標示·非投資建議
HO,1,2023-08-18,2023-08-21,3494,誠研,TWSE,S,S0_atr14@5,4,306,0.057413,,0,0,1,1.622,0.295,-0.885,113.7,1.0,floor(1%×vol20),0.0,0.0,265,inf,250.0,official_prepanel,small,43.0,0,可交易（DK_s＝0）,未扣成本（成本參考：2.8 折來回約 0.38%、全額約 0.585%）；交易方法狀態未知（全額交割、變更交易方法、停止信用交易的來源未提供）；容量以 s 日 vol20 估計，未模擬開盤競價量與滑價；容量受限,未扣成本·事後欄位以 m_ 標示·非投資建議
HO,1,2023-08-18,2023-08-21,4542,科嶠,TPEx,S,S0_atr14@5,5,306,0.056576,,1,0,1,10.0,43.175,79.365,268.55,2.0,floor(1%×vol20),0.0,2.0,265,inf,250.0,official_prepanel,small,968.0,0,可交易（DK_s＝0）,未扣成本（成本參考：2.8 折來回約 0.38%、全額約 0.585%）；交易方法狀態未知（全額交割、變更交易方法、停止信用交易的來源未提供）；容量以 s 日 vol20 估計，未模擬開盤競價量與滑價；容量受限,未扣成本·事後欄位以 m_ 標示·非投資建議
HO,1,2023-08-18,2023-08-21,6198,瑞築,TPEx,S,S0_atr14@5,3,306,0.058142,,0,0,1,7.532,13.141,9.295,153.35,1.0,floor(1%×vol20),0.0,0.0,265,inf,250.0,official_prepanel,small,409.0,0,可交易（DK_s＝0）,未扣成本（成本參考：2.8 折來回約 0.38%、全額約 0.585%）；交易方法狀態未知（全額交割、變更交易方法、停止信用交易的來源未提供）；容量以 s 日 vol20 估計，未模擬開盤競價量與滑價；容量受限,未扣成本·事後欄位以 m_ 標示·非投資建議
HO,1,2023-08-18,2023-08-21,6222,立軒,TPEx,S,S0_atr14@5,1,306,0.080413,,0,0,1,-9.906,-32.075,-33.019,226.7,2.0,floor(1%×vol20),0.0,0.0,265,inf,250.0,official_prepanel,small,217.0,0,可交易（DK_s＝0）,未扣成本（成本參考：2.8 折來回約 0.38%、全額約 0.585%）；交易方法狀態未知（全額交割、變更交易方法、停止信用交易的來源未提供）；容量以 s 日 vol20 估計，未模擬開盤競價量與滑價；容量受限,未扣成本·事後欄位以 m_ 標示·非投資建議
HO,1,2023-08-18,2023-08-21,6640,均華,TPEx,S,S0_atr14@5,2,306,0.074099,,0,0,1,-4.717,2.358,-0.472,182.5,1.0,floor(1%×vol20),0.0,0.0,265,inf,250.0,official_prepanel,small,128.0,0,可交易（DK_s＝0）,未扣成本（成本參考：2.8 折來回約 0.38%、全額約 0.585%）；交易方法狀態未知（全額交割、變更交易方法、停止信用交易的來源未提供）；容量以 s 日 vol20 估計，未模擬開盤競價量與滑價；容量受限,未扣成本·事後欄位以 m_ 標示·非投資建議
HO,1,2023-08-21,2023-08-22,3494,誠研,TWSE,S,S0_atr14@5,5,319,0.057848,,0,0,1,-1.767,-1.178,-2.209,112.55,1.0,floor(1%×vol20),0.0,0.0,266,inf,250.0,official_prepanel,small,74.0,0,可交易（DK_s＝0）,未扣成本（成本參考：2.8 折來回約 0.38%、全額約 0.585%）；交易方法狀態未知（全額交割、變更交易方法、停止信用交易的來源未提供）；容量以 s 日 vol20 估計，未模擬開盤競價量與滑價；容量受限,未扣成本·事後欄位以 m_ 標示·非投資建議
HO,1,2023-08-21,2023-08-22,6198,瑞築,TPEx,S,S0_atr14@5,4,319,0.061103,,1,0,1,6.957,-2.319,-2.319,169.5,1.0,floor(1%×vol20),0.0,0.0,266,inf,250.0,official_prepanel,small,933.0,0,可交易（DK_s＝0）,未扣成本（成本參考：2.8 折來回約 0.38%、全額約 0.585%）；交易方法狀態未知（全額交割、變更交易方法、停止信用交易的來源未提供）；容量以 s 日 vol20 估計，未模擬開盤競價量與滑價；容量受限,未扣成本·事後欄位以 m_ 標示·非投資建議
HO,1,2023-08-21,2023-08-22,6222,立軒,TPEx,S,S0_atr14@5,1,319,0.094739,,0,0,1,0.0,-22.868,-18.798,223.45,2.0,floor(1%×vol20),0.0,0.0,266,inf,250.0,official_prepanel,small,99.0,0,可交易（DK_s＝0）,未扣成本（成本參考：2.8 折來回約 0.38%、全額約 0.585%）；交易方法狀態未知（全額交割、變更交易方法、停止信用交易的來源未提供）；容量以 s 日 vol20 估計，未模擬開盤競價量與滑價；容量受限,未扣成本·事後欄位以 m_ 標示·非投資建議
HO,1,2023-08-21,2023-08-22,6569,醫揚,TPEx,S,S0_atr14@5,3,319,0.068791,,0,0,1,-3.064,-8.635,-8.635,293.85,2.0,floor(1%×vol20),0.0,0.0,266,inf,250.0,official_prepanel,mid,96.0,0,可交易（DK_s＝0）,未扣成本（成本參考：2.8 折來回約 0.38%、全額約 0.585%）；交易方法狀態未知（全額交割、變更交易方法、停止信用交易的來源未提供）；容量以 s 日 vol20 估計，未模擬開盤競價量與滑價；容量受限,未扣成本·事後欄位以 m_ 標示·非投資建議
HO,1,2023-08-21,2023-08-22,6640,均華,TPEx,S,S0_atr14@5,2,319,0.07355,,0,0,1,2.941,3.922,6.373,187.5,1.0,floor(1%×vol20),0.0,0.0,266,inf,250.0,official_prepanel,small,32.0,0,可交易（DK_s＝0）,未扣成本（成本參考：2.8 折來回約 0.38%、全額約 0.585%）；交易方法狀態未知（全額交割、變更交易方法、停止信用交易的來源未提供）；容量以 s 日 vol20 估計，未模擬開盤競價量與滑價；容量受限,未扣成本·事後欄位以 m_ 標示·非投資建議
HO,1,2023-08-22,2023-08-23,2243,宏旭-KY,TWSE,S,S0_atr14@5,5,318,0.052235,,0,0,1,2.041,-1.361,4.762,249.9,2.0,floor(1%×vol20),0.0,0.0,267,inf,250.0,official_prepanel,small,213.0,0,可交易（DK_s＝0）,未扣成本（成本參考：2.8 折來回約 0.38%、全額約 0.585%）；交易方法狀態未知（全額交割、變更交易方法、停止信用交易的來源未提供）；容量以 s 日 vol20 估計，未模擬開盤競價量與滑價；容量受限,未扣成本·事後欄位以 m_ 標示·非投資建議
HO,1,2023-08-22,2023-08-23,3494,誠研,TWSE,S,S0_atr14@5,4,318,0.059542,,0,0,1,6.088,3.349,2.131,108.55,1.0,floor(1%×vol20),0.0,0.0,267,inf,250.0,official_prepanel,small,91.0,0,可交易（DK_s＝0）,未扣成本（成本參考：2.8 折來回約 0.38%、全額約 0.585%）；交易方法狀態未知（全額交割、變更交易方法、停止信用交易的來源未提供）；容量以 s 日 vol20 估計，未模擬開盤競價量與滑價；容量受限,未扣成本·事後欄位以 m_ 標示·非投資建議
HO,1,2023-08-22,2023-08-23,6222,立軒,TPEx,S,S0_atr14@5,1,318,0.100498,,0,0,1,0.0,-6.882,-10.323,209.05,2.0,floor(1%×vol20),0.0,0.0,267,inf,250.0,official_prepanel,small,231.0,0,可交易（DK_s＝0）,未扣成本（成本參考：2.8 折來回約 0.38%、全額約 0.585%）；交易方法狀態未知（全額交割、變更交易方法、停止信用交易的來源未提供）；容量以 s 日 vol20 估計，未模擬開盤競價量與滑價；容量受限,未扣成本·事後欄位以 m_ 標示·非投資建議
HO,1,2023-08-22,2023-08-23,6569,醫揚,TPEx,S,S0_atr14@5,2,318,0.067323,,0,0,1,-3.143,-6.857,-5.429,279.4,2.0,floor(1%×vol20),0.0,0.0,267,inf,250.0,official_prepanel,mid,249.0,0,可交易（DK_s＝0）,未扣成本（成本參考：2.8 折來回約 0.38%、全額約 0.585%）；交易方法狀態未知（全額交割、變更交易方法、停止信用交易的來源未提供）；容量以 s 日 vol20 估計，未模擬開盤競價量與滑價；容量受限,未扣成本·事後欄位以 m_ 標示·非投資建議
HO,1,2023-08-22,2023-08-23,6640,均華,TPEx,S,S0_atr14@5,3,318,0.063265,,0,0,1,1.463,4.878,5.854,180.35,1.0,floor(1%×vol20),0.0,0.0,267,inf,250.0,official_prepanel,small,19.0,0,可交易（DK_s＝0）,未扣成本（成本參考：2.8 折來回約 0.38%、全額約 0.585%）；交易方法狀態未知（全額交割、變更交易方法、停止信用交易的來源未提供）；容量以 s 日 vol20 估計，未模擬開盤競價量與滑價；容量受限,未扣成本·事後欄位以 m_ 標示·非投資建議
HO,1,2023-08-23,2023-08-24,2243,宏旭-KY,TWSE,S,S0_atr14@5,5,326,0.051667,,0,0,1,-0.667,-3.333,3.333,251.45,2.0,floor(1%×vol20),0.0,0.0,268,inf,250.0,official_prepanel,small,90.0,0,可交易（DK_s＝0）,未扣成本（成本參考：2.8 折來回約 0.38%、全額約 0.585%）；交易方法狀態未知（全額交割、變更交易方法、停止信用交易的來源未提供）；容量以 s 日 vol20 估計，未模擬開盤競價量與滑價；容量受限,未扣成本·事後欄位以 m_ 標示·非投資建議
HO,1,2023-08-23,2023-08-24,3494,誠研,TWSE,S,S0_atr14@5,4,326,0.055954,,0,0,1,0.291,-2.911,0.728,108.05,1.0,floor(1%×vol20),0.0,0.0,268,inf,250.0,official_prepanel,small,19.0,0,可交易（DK_s＝0）,未扣成本（成本參考：2.8 折來回約 0.38%、全額約 0.585%）；交易方法狀態未知（全額交割、變更交易方法、停止信用交易的來源未提供）；容量以 s 日 vol20 估計，未模擬開盤競價量與滑價；容量受限,未扣成本·事後欄位以 m_ 標示·非投資建議
HO,1,2023-08-23,2023-08-24,6222,立軒,TPEx,S,S0_atr14@5,1,326,0.109831,,0,0,1,11.369,0.464,-0.928,203.25,2.0,floor(1%×vol20),0.0,0.0,268,inf,250.0,official_prepanel,small,632.0,0,可交易（DK_s＝0）,未扣成本（成本參考：2.8 折來回約 0.38%、全額約 0.585%）；交易方法狀態未知（全額交割、變更交易方法、停止信用交易的來源未提供）；容量以 s 日 vol20 估計，未模擬開盤競價量與滑價；容量受限,未扣成本·事後欄位以 m_ 標示·非投資建議
HO,1,2023-08-23,2023-08-24,6569,醫揚,TPEx,S,S0_atr14@5,2,326,0.064265,,0,0,1,-2.0,-5.429,-2.571,278.7,2.0,floor(1%×vol20),0.0,0.0,268,inf,250.0,official_prepanel,mid,227.0,0,可交易（DK_s＝0）,未扣成本（成本參考：2.8 折來回約 0.38%、全額約 0.585%）；交易方法狀態未知（全額交割、變更交易方法、停止信用交易的來源未提供）；容量以 s 日 vol20 估計，未模擬開盤競價量與滑價；容量受限,未扣成本·事後欄位以 m_ 標示·非投資建議
HO,1,2023-08-23,2023-08-24,6640,均華,TPEx,S,S0_atr14@5,3,326,0.058036,,0,0,1,8.134,1.914,9.091,177.5,1.0,floor(1%×vol20),0.0,0.0,268,inf,250.0,official_prepanel,small,84.0,0,可交易（DK_s＝0）,未扣成本（成本參考：2.8 折來回約 0.38%、全額約 0.585%）；交易方法狀態未知（全額交割、變更交易方法、停止信用交易的來源未提供）；容量以 s 日 vol20 估計，未模擬開盤競價量與滑價；容量受限,未扣成本·事後欄位以 m_ 標示·非投資建議
HO,1,2023-08-24,2023-08-25,3191,雲嘉南,TPEx,S,S0_atr14@5,2,327,0.077198,,0,0,1,-0.746,-2.985,-2.239,295.6,2.0,floor(1%×vol20),0.0,0.0,269,inf,250.0,official_prepanel,small,47.0,0,可交易（DK_s＝0）,未扣成本（成本參考：2.8 折來回約 0.38%、全額約 0.585%）；交易方法狀態未知（全額交割、變更交易方法、停止信用交易的來源未提供）；容量以 s 日 vol20 估計，未模擬開盤競價量與滑價；容量受限,未扣成本·事後欄位以 m_ 標示·非投資建議
HO,1,2023-08-24,2023-08-25,3494,誠研,TWSE,S,S0_atr14@5,4,327,0.05453,,0,0,1,0.147,-1.325,3.093,106.9,1.0,floor(1%×vol20),0.0,0.0,269,inf,250.0,official_prepanel,small,79.0,0,可交易（DK_s＝0）,未扣成本（成本參考：2.8 折來回約 0.38%、全額約 0.585%）；交易方法狀態未知（全額交割、變更交易方法、停止信用交易的來源未提供）；容量以 s 日 vol20 估計，未模擬開盤競價量與滑價；容量受限,未扣成本·事後欄位以 m_ 標示·非投資建議
HO,1,2023-08-24,2023-08-25,6222,立軒,TPEx,S,S0_atr14@5,1,327,0.107738,,0,0,1,-1.144,-0.229,5.263,221.0,2.0,floor(1%×vol20),0.0,1.0,269,inf,250.0,official_prepanel,small,394.0,0,可交易（DK_s＝0）,未扣成本（成本參考：2.8 折來回約 0.38%、全額約 0.585%）；交易方法狀態未知（全額交割、變更交易方法、停止信用交易的來源未提供）；容量以 s 日 vol20 估計，未模擬開盤競價量與滑價；容量受限,未扣成本·事後欄位以 m_ 標示·非投資建議
HO,1,2023-08-24,2023-08-25,6569,醫揚,TPEx,S,S0_atr14@5,3,327,0.065598,,0,0,1,0.599,-1.198,-0.599,280.7,2.0,floor(1%×vol20),0.0,0.0,269,inf,250.0,official_prepanel,mid,95.0,0,可交易（DK_s＝0）,未扣成本（成本參考：2.8 折來回約 0.38%、全額約 0.585%）；交易方法狀態未知（全額交割、變更交易方法、停止信用交易的來源未提供）；容量以 s 日 vol20 估計，未模擬開盤競價量與滑價；容量受限,未扣成本·事後欄位以 m_ 標示·非投資建議
HO,1,2023-08-24,2023-08-25,6640,均華,TPEx,S,S0_atr14@5,5,327,0.053729,,0,0,1,0.93,-1.395,12.558,160.1,1.0,floor(1%×vol20),0.0,0.0,269,inf,250.0,official_prepanel,small,55.0,0,可交易（DK_s＝0）,未扣成本（成本參考：2.8 折來回約 0.38%、全額約 0.585%）；交易方法狀態未知（全額交割、變更交易方法、停止信用交易的來源未提供）；容量以 s 日 vol20 估計，未模擬開盤競價量與滑價；容量受限,未扣成本·事後欄位以 m_ 標示·非投資建議
HO,1,2023-08-25,2023-08-28,3191,雲嘉南,TPEx,S,S0_atr14@5,2,326,0.075188,,0,0,1,6.4,4.0,6.0,279.0,2.0,floor(1%×vol20),0.0,0.0,270,inf,250.0,official_prepanel,small,29.0,0,可交易（DK_s＝0）,未扣成本（成本參考：2.8 折來回約 0.38%、全額約 0.585%）；交易方法狀態未知（全額交割、變更交易方法、停止信用交易的來源未提供）；容量以 s 日 vol20 估計，未模擬開盤競價量與滑價；容量受限,未扣成本·事後欄位以 m_ 標示·非投資建議
HO,1,2023-08-25,2023-08-28,3494,誠研,TWSE,S,S0_atr14@5,5,326,0.055252,,0,0,1,-0.149,0.0,2.53,104.45,1.0,floor(1%×vol20),0.0,0.0,270,inf,250.0,official_prepanel,small,60.0,0,可交易（DK_s＝0）,未扣成本（成本參考：2.8 折來回約 0.38%、全額約 0.585%）；交易方法狀態未知（全額交割、變更交易方法、停止信用交易的來源未提供）；容量以 s 日 vol20 估計，未模擬開盤競價量與滑價；容量受限,未扣成本·事後欄位以 m_ 標示·非投資建議
HO,1,2023-08-25,2023-08-28,6222,立軒,TPEx,S,S0_atr14@5,1,326,0.114253,,0,0,1,-7.87,-1.389,10.88,231.4,2.0,floor(1%×vol20),0.0,2.0,270,inf,250.0,official_prepanel,small,442.0,1,可交易（DK_s＝0）,未扣成本（成本參考：2.8 折來回約 0.38%、全額約 0.585%）；交易方法狀態未知（全額交割、變更交易方法、停止信用交易的來源未提供）；容量以 s 日 vol20 估計，未模擬開盤競價量與滑價；容量受限,未扣成本·事後欄位以 m_ 標示·非投資建議
HO,1,2023-08-25,2023-08-28,6569,醫揚,TPEx,S,S0_atr14@5,3,326,0.065051,,0,0,1,-2.671,-2.967,-1.187,279.2,2.0,floor(1%×vol20),0.0,0.0,270,inf,250.0,official_prepanel,mid,118.0,0,可交易（DK_s＝0）,未扣成本（成本參考：2.8 折來回約 0.38%、全額約 0.585%）；交易方法狀態未知（全額交割、變更交易方法、停止信用交易的來源未提供）；容量以 s 日 vol20 估計，未模擬開盤競價量與滑價；容量受限,未扣成本·事後欄位以 m_ 標示·非投資建議
HO,1,2023-08-25,2023-08-28,6640,均華,TPEx,S,S0_atr14@5,4,326,0.056616,,0,0,1,-1.852,-2.315,6.481,155.1,1.0,floor(1%×vol20),0.0,0.0,270,inf,250.0,official_prepanel,small,17.0,0,可交易（DK_s＝0）,未扣成本（成本參考：2.8 折來回約 0.38%、全額約 0.585%）；交易方法狀態未知（全額交割、變更交易方法、停止信用交易的來源未提供）；容量以 s 日 vol20 估計，未模擬開盤競價量與滑價；容量受限,未扣成本·事後欄位以 m_ 標示·非投資建議
HO,1,2023-08-28,2023-08-29,2719,燦星旅,TPEx,S,S0_atr14@5,2,327,0.072527,,0,0,1,1.552,0.0,-0.69,216.65,2.0,floor(1%×vol20),0.0,0.0,271,inf,250.0,official_prepanel,small,94.0,0,可交易（DK_s＝0）,未扣成本（成本參考：2.8 折來回約 0.38%、全額約 0.585%）；交易方法狀態未知（全額交割、變更交易方法、停止信用交易的來源未提供）；容量以 s 日 vol20 估計，未模擬開盤競價量與滑價；容量受限,未扣成本·事後欄位以 m_ 標示·非投資建議
HO,1,2023-08-28,2023-08-29,3191,雲嘉南,TPEx,S,S0_atr14@5,3,327,0.07116,,0,0,1,-0.377,1.509,0.377,247.3,2.0,floor(1%×vol20),0.0,0.0,271,inf,250.0,official_prepanel,small,16.0,0,可交易（DK_s＝0）,未扣成本（成本參考：2.8 折來回約 0.38%、全額約 0.585%）；交易方法狀態未知（全額交割、變更交易方法、停止信用交易的來源未提供）；容量以 s 日 vol20 估計，未模擬開盤競價量與滑價；容量受限,未扣成本·事後欄位以 m_ 標示·非投資建議
HO,1,2023-08-28,2023-08-29,6222,立軒,TPEx,S,S0_atr14@5,1,327,0.124731,,0,0,1,11.311,7.712,35.219,240.05,2.0,floor(1%×vol20),1.0,3.0,271,inf,250.0,official_prepanel,small,318.0,1,處置中・交易規則另案登錄（DK_s＝1）,未扣成本（成本參考：2.8 折來回約 0.38%、全額約 0.585%）；交易方法狀態未知（全額交割、變更交易方法、停止信用交易的來源未提供）；容量以 s 日 vol20 估計，未模擬開盤競價量與滑價；容量受限,未扣成本·事後欄位以 m_ 標示·非投資建議
HO,1,2023-08-28,2023-08-29,6569,醫揚,TPEx,S,S0_atr14@5,4,327,0.061193,,0,0,1,-0.61,0.0,0.305,278.5,2.0,floor(1%×vol20),0.0,0.0,271,inf,250.0,official_prepanel,small,57.0,0,可交易（DK_s＝0）,未扣成本（成本參考：2.8 折來回約 0.38%、全額約 0.585%）；交易方法狀態未知（全額交割、變更交易方法、停止信用交易的來源未提供）；容量以 s 日 vol20 估計，未模擬開盤競價量與滑價；容量受限,未扣成本·事後欄位以 m_ 標示·非投資建議
HO,1,2023-08-28,2023-08-29,6640,均華,TPEx,S,S0_atr14@5,5,327,0.05593,,0,0,1,1.415,2.358,6.604,134.25,1.0,floor(1%×vol20),0.0,0.0,271,inf,250.0,official_prepanel,small,16.0,0,可交易（DK_s＝0）,未扣成本（成本參考：2.8 折來回約 0.38%、全額約 0.585%）；交易方法狀態未知（全額交割、變更交易方法、停止信用交易的來源未提供）；容量以 s 日 vol20 估計，未模擬開盤競價量與滑價；容量受限,未扣成本·事後欄位以 m_ 標示·非投資建議
HO,1,2023-08-29,2023-08-30,2719,燦星旅,TPEx,S,S0_atr14@5,2,337,0.071065,,0,0,1,-1.188,-2.037,-6.621,185.85,1.0,floor(1%×vol20),0.0,0.0,272,inf,250.0,official_prepanel,small,67.0,0,可交易（DK_s＝0）,未扣成本（成本參考：2.8 折來回約 0.38%、全額約 0.585%）；交易方法狀態未知（全額交割、變更交易方法、停止信用交易的來源未提供）；容量以 s 日 vol20 估計，未模擬開盤競價量與滑價；容量受限,未扣成本·事後欄位以 m_ 標示·非投資建議
HO,1,2023-08-29,2023-08-30,3191,雲嘉南,TPEx,S,S0_atr14@5,3,337,0.064935,,0,0,1,0.0,1.136,0.379,195.95,1.0,floor(1%×vol20),0.0,0.0,272,inf,250.0,official_prepanel,small,24.0,0,可交易（DK_s＝0）,未扣成本（成本參考：2.8 折來回約 0.38%、全額約 0.585%）；交易方法狀態未知（全額交割、變更交易方法、停止信用交易的來源未提供）；容量以 s 日 vol20 估計，未模擬開盤競價量與滑價；容量受限,未扣成本·事後欄位以 m_ 標示·非投資建議
HO,1,2023-08-29,2023-08-30,4188,安克,TPEx,S,S0_atr14@5,4,337,0.06094,,0,0,1,2.278,7.848,7.089,288.4,2.0,floor(1%×vol20),0.0,0.0,272,inf,250.0,official_prepanel,small,119.0,0,可交易（DK_s＝0）,未扣成本（成本參考：2.8 折來回約 0.38%、全額約 0.585%）；交易方法狀態未知（全額交割、變更交易方法、停止信用交易的來源未提供）；容量以 s 日 vol20 估計，未模擬開盤競價量與滑價；容量受限,未扣成本·事後欄位以 m_ 標示·非投資建議
HO,1,2023-08-29,2023-08-30,6222,立軒,TPEx,S,S0_atr14@5,1,337,0.113494,,0,0,1,1.405,-2.342,17.096,244.8,2.0,floor(1%×vol20),1.0,4.0,272,inf,250.0,official_prepanel,small,291.0,1,處置中・交易規則另案登錄（DK_s＝1）,未扣成本（成本參考：2.8 折來回約 0.38%、全額約 0.585%）；交易方法狀態未知（全額交割、變更交易方法、停止信用交易的來源未提供）；容量以 s 日 vol20 估計，未模擬開盤競價量與滑價；容量受限,未扣成本·事後欄位以 m_ 標示·非投資建議
HO,1,2023-08-29,2023-08-30,6569,醫揚,TPEx,S,S0_atr14@5,5,337,0.056748,,0,0,1,-1.194,-1.194,-3.582,275.4,2.0,floor(1%×vol20),0.0,0.0,272,inf,250.0,official_prepanel,small,89.0,0,可交易（DK_s＝0）,未扣成本（成本參考：2.8 折來回約 0.38%、全額約 0.585%）；交易方法狀態未知（全額交割、變更交易方法、停止信用交易的來源未提供）；容量以 s 日 vol20 估計，未模擬開盤競價量與滑價；容量受限,未扣成本·事後欄位以 m_ 標示·非投資建議
HO,1,2023-08-30,2023-08-31,2719,燦星旅,TPEx,S,S0_atr14@5,2,340,0.067624,,0,0,1,-1.653,-5.785,-5.785,170.45,1.0,floor(1%×vol20),0.0,0.0,273,inf,250.0,official_prepanel,small,64.0,0,可交易（DK_s＝0）,未扣成本（成本參考：2.8 折來回約 0.38%、全額約 0.585%）；交易方法狀態未知（全額交割、變更交易方法、停止信用交易的來源未提供）；容量以 s 日 vol20 估計，未模擬開盤競價量與滑價；容量受限,未扣成本·事後欄位以 m_ 標示·非投資建議
HO,1,2023-08-30,2023-08-31,3191,雲嘉南,TPEx,S,S0_atr14@5,3,340,0.060877,,0,0,1,0.0,2.692,0.0,183.45,1.0,floor(1%×vol20),0.0,0.0,273,inf,250.0,official_prepanel,small,17.0,0,可交易（DK_s＝0）,未扣成本（成本參考：2.8 折來回約 0.38%、全額約 0.585%）；交易方法狀態未知（全額交割、變更交易方法、停止信用交易的來源未提供）；容量以 s 日 vol20 估計，未模擬開盤競價量與滑價；容量受限,未扣成本·事後欄位以 m_ 標示·非投資建議
HO,1,2023-08-30,2023-08-31,4188,安克,TPEx,S,S0_atr14@5,4,340,0.05587,,0,0,1,-0.739,12.315,2.956,263.3,2.0,floor(1%×vol20),0.0,0.0,273,inf,250.0,official_prepanel,small,72.0,0,可交易（DK_s＝0）,未扣成本（成本參考：2.8 折來回約 0.38%、全額約 0.585%）；交易方法狀態未知（全額交割、變更交易方法、停止信用交易的來源未提供）；容量以 s 日 vol20 估計，未模擬開盤競價量與滑價；容量受限,未扣成本·事後欄位以 m_ 標示·非投資建議
HO,1,2023-08-30,2023-08-31,6222,立軒,TPEx,S,S0_atr14@5,1,340,0.106401,,0,0,1,0.461,-1.613,8.295,246.15,2.0,floor(1%×vol20),1.0,4.0,273,inf,250.0,official_prepanel,small,144.0,1,處置中・交易規則另案登錄（DK_s＝1）,未扣成本（成本參考：2.8 折來回約 0.38%、全額約 0.585%）；交易方法狀態未知（全額交割、變更交易方法、停止信用交易的來源未提供）；容量以 s 日 vol20 估計，未模擬開盤競價量與滑價；容量受限,未扣成本·事後欄位以 m_ 標示·非投資建議
HO,1,2023-08-30,2023-08-31,6569,醫揚,TPEx,S,S0_atr14@5,5,340,0.053949,,0,0,1,0.0,3.333,-2.727,276.3,2.0,floor(1%×vol20),0.0,0.0,273,inf,250.0,official_prepanel,small,44.0,0,可交易（DK_s＝0）,未扣成本（成本參考：2.8 折來回約 0.38%、全額約 0.585%）；交易方法狀態未知（全額交割、變更交易方法、停止信用交易的來源未提供）；容量以 s 日 vol20 估計，未模擬開盤競價量與滑價；容量受限,未扣成本·事後欄位以 m_ 標示·非投資建議
HO,1,2023-08-31,2023-09-01,2719,燦星旅,TPEx,S,S0_atr14@5,3,342,0.063025,,0,0,1,-0.504,-3.529,-1.681,154.75,1.0,floor(1%×vol20),0.0,0.0,274,inf,250.0,official_prepanel,small,72.0,0,可交易（DK_s＝0）,未扣成本（成本參考：2.8 折來回約 0.38%、全額約 0.585%）；交易方法狀態未知（全額交割、變更交易方法、停止信用交易的來源未提供）；容量以 s 日 vol20 估計，未模擬開盤競價量與滑價；容量受限,未扣成本·事後欄位以 m_ 標示·非投資建議
HO,1,2023-08-31,2023-09-01,3191,雲嘉南,TPEx,S,S0_atr14@5,4,342,0.054945,,0,0,1,0.0,0.769,-0.385,172.9,1.0,floor(1%×vol20),0.0,0.0,274,inf,250.0,official_prepanel,small,60.0,0,可交易（DK_s＝0）,未扣成本（成本參考：2.8 折來回約 0.38%、全額約 0.585%）；交易方法狀態未知（全額交割、變更交易方法、停止信用交易的來源未提供）；容量以 s 日 vol20 估計，未模擬開盤競價量與滑價；容量受限,未扣成本·事後欄位以 m_ 標示·非投資建議
HO,1,2023-08-31,2023-09-01,4154,樂威科-KY,TPEx,S,S0_atr14@5,2,342,0.084048,,0,0,1,3.448,4.702,0.0,229.25,2.0,floor(1%×vol20),1.0,0.0,274,inf,250.0,official_prepanel,small,440.0,0,處置中・交易規則另案登錄（DK_s＝1）,未扣成本（成本參考：2.8 折來回約 0.38%、全額約 0.585%）；交易方法狀態未知（全額交割、變更交易方法、停止信用交易的來源未提供）；容量以 s 日 vol20 估計，未模擬開盤競價量與滑價；容量受限,未扣成本·事後欄位以 m_ 標示·非投資建議
HO,1,2023-08-31,2023-09-01,4188,安克,TPEx,S,S0_atr14@5,5,342,0.052641,,0,0,1,8.578,11.029,1.716,235.25,2.0,floor(1%×vol20),0.0,0.0,274,inf,250.0,official_prepanel,small,823.0,0,可交易（DK_s＝0）,未扣成本（成本參考：2.8 折來回約 0.38%、全額約 0.585%）；交易方法狀態未知（全額交割、變更交易方法、停止信用交易的來源未提供）；容量以 s 日 vol20 估計，未模擬開盤競價量與滑價；容量受限,未扣成本·事後欄位以 m_ 標示·非投資建議
HO,1,2023-08-31,2023-09-01,6222,立軒,TPEx,S,S0_atr14@5,1,342,0.104522,,0,0,1,-1.16,6.729,10.441,236.15,2.0,floor(1%×vol20),1.0,3.0,274,inf,250.0,official_prepanel,small,89.0,1,處置中・交易規則另案登錄（DK_s＝1）,未扣成本（成本參考：2.8 折來回約 0.38%、全額約 0.585%）；交易方法狀態未知（全額交割、變更交易方法、停止信用交易的來源未提供）；容量以 s 日 vol20 估計，未模擬開盤競價量與滑價；容量受限,未扣成本·事後欄位以 m_ 標示·非投資建議
HO,1,2023-09-01,2023-09-04,2719,燦星旅,TPEx,S,S0_atr14@5,2,338,0.059363,,0,0,1,-2.521,-3.025,-5.042,143.85,1.0,floor(1%×vol20),0.0,0.0,275,inf,250.0,official_prepanel,small,58.0,0,可交易（DK_s＝0）,未扣成本（成本參考：2.8 折來回約 0.38%、全額約 0.585%）；交易方法狀態未知（全額交割、變更交易方法、停止信用交易的來源未提供）；容量以 s 日 vol20 估計，未模擬開盤競價量與滑價；容量受限,未扣成本·事後欄位以 m_ 標示·非投資建議
HO,1,2023-09-01,2023-09-04,3191,雲嘉南,TPEx,S,S0_atr14@5,5,338,0.047527,,0,0,1,3.065,1.533,-0.766,162.25,1.0,floor(1%×vol20),0.0,0.0,275,inf,250.0,official_prepanel,small,40.0,0,可交易（DK_s＝0）,未扣成本（成本參考：2.8 折來回約 0.38%、全額約 0.585%）；交易方法狀態未知（全額交割、變更交易方法、停止信用交易的來源未提供）；容量以 s 日 vol20 估計，未模擬開盤競價量與滑價；容量受限,未扣成本·事後欄位以 m_ 標示·非投資建議
HO,1,2023-09-01,2023-09-04,6222,立軒,TPEx,S,S0_atr14@5,1,338,0.100268,,0,0,1,-0.238,14.048,9.048,216.05,2.0,floor(1%×vol20),1.0,2.0,275,inf,250.0,official_prepanel,small,96.0,1,處置中・交易規則另案登錄（DK_s＝1）,未扣成本（成本參考：2.8 折來回約 0.38%、全額約 0.585%）；交易方法狀態未知（全額交割、變更交易方法、停止信用交易的來源未提供）；容量以 s 日 vol20 估計，未模擬開盤競價量與滑價；容量受限,未扣成本·事後欄位以 m_ 標示·非投資建議
HO,1,2023-09-01,2023-09-04,6569,醫揚,TPEx,S,S0_atr14@5,4,338,0.050896,,0,0,1,0.0,1.524,-0.305,269.45,2.0,floor(1%×vol20),0.0,0.0,275,inf,250.0,official_prepanel,small,113.0,0,可交易（DK_s＝0）,未扣成本（成本參考：2.8 折來回約 0.38%、全額約 0.585%）；交易方法狀態未知（全額交割、變更交易方法、停止信用交易的來源未提供）；容量以 s 日 vol20 估計，未模擬開盤競價量與滑價；容量受限,未扣成本·事後欄位以 m_ 標示·非投資建議
HO,1,2023-09-01,2023-09-04,8087,麗升能源,TPEx,S,S0_atr14@5,3,338,0.051573,,0,0,1,-1.95,9.22,-2.837,227.35,2.0,floor(1%×vol20),0.0,0.0,275,inf,250.0,official_prepanel,small,99.0,0,可交易（DK_s＝0）,未扣成本（成本參考：2.8 折來回約 0.38%、全額約 0.585%）；交易方法狀態未知（全額交割、變更交易方法、停止信用交易的來源未提供）；容量以 s 日 vol20 估計，未模擬開盤競價量與滑價；容量受限,未扣成本·事後欄位以 m_ 標示·非投資建議
HO,1,2023-09-04,2023-09-05,2719,燦星旅,TPEx,S,S0_atr14@5,3,338,0.06133,,0,0,1,-3.512,-3.679,-8.696,139.65,1.0,floor(1%×vol20),0.0,0.0,276,inf,250.0,official_prepanel,small,64.0,0,可交易（DK_s＝0）,未扣成本（成本參考：2.8 折來回約 0.38%、全額約 0.585%）；交易方法狀態未知（全額交割、變更交易方法、停止信用交易的來源未提供）；容量以 s 日 vol20 估計，未模擬開盤競價量與滑價；容量受限,未扣成本·事後欄位以 m_ 標示·非投資建議
HO,1,2023-09-04,2023-09-05,4154,樂威科-KY,TPEx,S,S0_atr14@5,2,338,0.072426,,0,0,1,0.613,-3.988,-5.828,286.35,2.0,floor(1%×vol20),0.0,0.0,276,inf,250.0,official_prepanel,small,387.0,0,可交易（DK_s＝0）,未扣成本（成本參考：2.8 折來回約 0.38%、全額約 0.585%）；交易方法狀態未知（全額交割、變更交易方法、停止信用交易的來源未提供）；容量以 s 日 vol20 估計，未模擬開盤競價量與滑價；容量受限,未扣成本·事後欄位以 m_ 標示·非投資建議
HO,1,2023-09-04,2023-09-05,6222,立軒,TPEx,S,S0_atr14@5,1,338,0.098193,,0,0,1,1.214,27.67,10.68,204.7,2.0,floor(1%×vol20),1.0,1.0,276,inf,250.0,official_prepanel,small,58.0,1,處置中・交易規則另案登錄（DK_s＝1）,未扣成本（成本參考：2.8 折來回約 0.38%、全額約 0.585%）；交易方法狀態未知（全額交割、變更交易方法、停止信用交易的來源未提供）；容量以 s 日 vol20 估計，未模擬開盤競價量與滑價；容量受限,未扣成本·事後欄位以 m_ 標示·非投資建議
HO,1,2023-09-04,2023-09-05,6569,醫揚,TPEx,S,S0_atr14@5,5,338,0.049652,,0,0,1,0.915,0.305,-1.22,266.85,2.0,floor(1%×vol20),0.0,0.0,276,inf,250.0,official_prepanel,small,43.0,0,可交易（DK_s＝0）,未扣成本（成本參考：2.8 折來回約 0.38%、全額約 0.585%）；交易方法狀態未知（全額交割、變更交易方法、停止信用交易的來源未提供）；容量以 s 日 vol20 估計，未模擬開盤競價量與滑價；容量受限,未扣成本·事後欄位以 m_ 標示·非投資建議
HO,1,2023-09-04,2023-09-05,6693,廣閎科,TPEx,S,S0_atr14@5,4,338,0.050659,,0,0,1,0.141,-1.412,1.554,201.0,2.0,floor(1%×vol20),0.0,0.0,276,inf,250.0,official_prepanel,small,55.0,0,可交易（DK_s＝0）,未扣成本（成本參考：2.8 折來回約 0.38%、全額約 0.585%）；交易方法狀態未知（全額交割、變更交易方法、停止信用交易的來源未提供）；容量以 s 日 vol20 估計，未模擬開盤競價量與滑價；容量受限,未扣成本·事後欄位以 m_ 標示·非投資建議
HO,1,2023-09-05,2023-09-06,2719,燦星旅,TPEx,S,S0_atr14@5,2,335,0.060782,,0,0,1,-1.213,-4.679,-8.839,123.8,1.0,floor(1%×vol20),0.0,0.0,277,inf,250.0,official_prepanel,small,53.0,0,可交易（DK_s＝0）,未扣成本（成本參考：2.8 折來回約 0.38%、全額約 0.585%）；交易方法狀態未知（全額交割、變更交易方法、停止信用交易的來源未提供）；容量以 s 日 vol20 估計，未模擬開盤競價量與滑價；容量受限,未扣成本·事後欄位以 m_ 標示·非投資建議
HO,1,2023-09-05,2023-09-06,4188,安克,TPEx,S,S0_atr14@5,5,335,0.046278,,0,0,1,6.542,-1.168,-1.402,270.1,2.0,floor(1%×vol20),0.0,0.0,277,inf,250.0,official_prepanel,small,468.0,0,可交易（DK_s＝0）,未扣成本（成本參考：2.8 折來回約 0.38%、全額約 0.585%）；交易方法狀態未知（全額交割、變更交易方法、停止信用交易的來源未提供）；容量以 s 日 vol20 估計，未模擬開盤競價量與滑價；容量受限,未扣成本·事後欄位以 m_ 標示·非投資建議
HO,1,2023-09-05,2023-09-06,5703,亞都,TPEx,S,S0_atr14@5,4,335,0.04661,,0,0,1,-1.258,-3.145,-2.725,115.7,1.0,floor(1%×vol20),0.0,0.0,277,inf,250.0,official_prepanel,small,97.0,0,可交易（DK_s＝0）,未扣成本（成本參考：2.8 折來回約 0.38%、全額約 0.585%）；交易方法狀態未知（全額交割、變更交易方法、停止信用交易的來源未提供）；容量以 s 日 vol20 估計，未模擬開盤競價量與滑價；容量受限,未扣成本·事後欄位以 m_ 標示·非投資建議
HO,1,2023-09-05,2023-09-06,6222,立軒,TPEx,S,S0_atr14@5,1,335,0.095067,,0,0,1,1.667,19.048,7.143,197.25,1.0,floor(1%×vol20),1.0,0.0,277,inf,250.0,official_prepanel,small,73.0,1,處置中・交易規則另案登錄（DK_s＝1）,未扣成本（成本參考：2.8 折來回約 0.38%、全額約 0.585%）；交易方法狀態未知（全額交割、變更交易方法、停止信用交易的來源未提供）；容量以 s 日 vol20 估計，未模擬開盤競價量與滑價；容量受限,未扣成本·事後欄位以 m_ 標示·非投資建議
HO,1,2023-09-05,2023-09-06,6693,廣閎科,TPEx,S,S0_atr14@5,3,335,0.050373,,0,0,1,-1.135,-0.284,0.0,202.0,2.0,floor(1%×vol20),0.0,0.0,277,inf,250.0,official_prepanel,small,97.0,0,可交易（DK_s＝0）,未扣成本（成本參考：2.8 折來回約 0.38%、全額約 0.585%）；交易方法狀態未知（全額交割、變更交易方法、停止信用交易的來源未提供）；容量以 s 日 vol20 估計，未模擬開盤競價量與滑價；容量受限,未扣成本·事後欄位以 m_ 標示·非投資建議
HO,1,2023-09-06,2023-09-07,2719,燦星旅,TPEx,S,S0_atr14@5,2,340,0.054386,,0,0,1,0.702,0.0,-10.175,119.45,1.0,floor(1%×vol20),0.0,0.0,278,inf,250.0,official_prepanel,small,51.0,0,可交易（DK_s＝0）,未扣成本（成本參考：2.8 折來回約 0.38%、全額約 0.585%）；交易方法狀態未知（全額交割、變更交易方法、停止信用交易的來源未提供）；容量以 s 日 vol20 估計，未模擬開盤競價量與滑價；容量受限,未扣成本·事後欄位以 m_ 標示·非投資建議
HO,1,2023-09-06,2023-09-07,4188,安克,TPEx,S,S0_atr14@5,5,340,0.04386,,0,0,1,2.027,-5.856,-3.378,284.0,2.0,floor(1%×vol20),0.0,0.0,278,inf,250.0,official_prepanel,small,219.0,0,可交易（DK_s＝0）,未扣成本（成本參考：2.8 折來回約 0.38%、全額約 0.585%）；交易方法狀態未知（全額交割、變更交易方法、停止信用交易的來源未提供）；容量以 s 日 vol20 估計，未模擬開盤競價量與滑價；容量受限,未扣成本·事後欄位以 m_ 標示·非投資建議
HO,1,2023-09-06,2023-09-07,5703,亞都,TPEx,S,S0_atr14@5,4,340,0.045648,,0,0,1,-0.426,0.426,-1.064,117.6,1.0,floor(1%×vol20),0.0,0.0,278,inf,250.0,official_prepanel,small,98.0,0,可交易（DK_s＝0）,未扣成本（成本參考：2.8 折來回約 0.38%、全額約 0.585%）；交易方法狀態未知（全額交割、變更交易方法、停止信用交易的來源未提供）；容量以 s 日 vol20 估計，未模擬開盤競價量與滑價；容量受限,未扣成本·事後欄位以 m_ 標示·非投資建議
HO,1,2023-09-06,2023-09-07,6222,立軒,TPEx,S,S0_atr14@5,1,340,0.088658,,0,0,1,7.477,9.813,1.168,196.0,1.0,floor(1%×vol20),1.0,0.0,278,inf,250.0,official_prepanel,small,176.0,1,處置中・交易規則另案登錄（DK_s＝1）,未扣成本（成本參考：2.8 折來回約 0.38%、全額約 0.585%）；交易方法狀態未知（全額交割、變更交易方法、停止信用交易的來源未提供）；容量以 s 日 vol20 估計，未模擬開盤競價量與滑價；容量受限,未扣成本·事後欄位以 m_ 標示·非投資建議
HO,1,2023-09-06,2023-09-07,6693,廣閎科,TPEx,S,S0_atr14@5,3,340,0.051855,,0,0,1,1.597,1.597,1.742,205.35,2.0,floor(1%×vol20),0.0,0.0,278,inf,250.0,official_prepanel,small,42.0,0,可交易（DK_s＝0）,未扣成本（成本參考：2.8 折來回約 0.38%、全額約 0.585%）；交易方法狀態未知（全額交割、變更交易方法、停止信用交易的來源未提供）；容量以 s 日 vol20 估計，未模擬開盤競價量與滑價；容量受限,未扣成本·事後欄位以 m_ 標示·非投資建議
HO,1,2023-09-07,2023-09-08,2719,燦星旅,TPEx,S,S0_atr14@5,2,333,0.049154,,0,0,1,-0.345,1.036,-13.644,117.3,1.0,floor(1%×vol20),0.0,0.0,279,inf,250.0,official_prepanel,small,57.0,0,可交易（DK_s＝0）,未扣成本（成本參考：2.8 折來回約 0.38%、全額約 0.585%）；交易方法狀態未知（全額交割、變更交易方法、停止信用交易的來源未提供）；容量以 s 日 vol20 估計，未模擬開盤競價量與滑價；容量受限,未扣成本·事後欄位以 m_ 標示·非投資建議
HO,1,2023-09-07,2023-09-08,5703,亞都,TPEx,S,S0_atr14@5,4,333,0.044872,,0,0,1,-1.064,0.851,-0.638,116.5,1.0,floor(1%×vol20),0.0,0.0,279,inf,250.0,official_prepanel,small,88.0,0,可交易（DK_s＝0）,未扣成本（成本參考：2.8 折來回約 0.38%、全額約 0.585%）；交易方法狀態未知（全額交割、變更交易方法、停止信用交易的來源未提供）；容量以 s 日 vol20 估計，未模擬開盤競價量與滑價；容量受限,未扣成本·事後欄位以 m_ 標示·非投資建議
HO,1,2023-09-07,2023-09-08,6222,立軒,TPEx,S,S0_atr14@5,1,333,0.078416,,0,0,1,6.444,5.778,-4.667,198.3,1.0,floor(1%×vol20),1.0,0.0,279,inf,250.0,official_prepanel,small,89.0,1,處置中・交易規則另案登錄（DK_s＝1）,未扣成本（成本參考：2.8 折來回約 0.38%、全額約 0.585%）；交易方法狀態未知（全額交割、變更交易方法、停止信用交易的來源未提供）；容量以 s 日 vol20 估計，未模擬開盤競價量與滑價；容量受限,未扣成本·事後欄位以 m_ 標示·非投資建議
HO,1,2023-09-07,2023-09-08,6693,廣閎科,TPEx,S,S0_atr14@5,3,333,0.046531,,0,0,1,-0.143,3.714,-2.0,204.65,2.0,floor(1%×vol20),0.0,0.0,279,inf,250.0,official_prepanel,small,49.0,0,可交易（DK_s＝0）,未扣成本（成本參考：2.8 折來回約 0.38%、全額約 0.585%）；交易方法狀態未知（全額交割、變更交易方法、停止信用交易的來源未提供）；容量以 s 日 vol20 估計，未模擬開盤競價量與滑價；容量受限,未扣成本·事後欄位以 m_ 標示·非投資建議
HO,1,2023-09-07,2023-09-08,6743,安普新,TWSE,S,S0_atr14@5,5,333,0.043449,,0,0,1,-3.148,-4.074,-8.704,281.9,2.0,floor(1%×vol20),0.0,0.0,279,inf,250.0,official_prepanel,mid,146.0,0,可交易（DK_s＝0）,未扣成本（成本參考：2.8 折來回約 0.38%、全額約 0.585%）；交易方法狀態未知（全額交割、變更交易方法、停止信用交易的來源未提供）；容量以 s 日 vol20 估計，未模擬開盤競價量與滑價；容量受限,未扣成本·事後欄位以 m_ 標示·非投資建議
HO,1,2023-09-08,2023-09-11,2719,燦星旅,TPEx,S,S0_atr14@5,3,349,0.047041,,0,0,1,-8.426,-10.175,-18.601,105.95,1.0,floor(1%×vol20),0.0,0.0,280,inf,250.0,official_prepanel,small,104.0,0,可交易（DK_s＝0）,未扣成本（成本參考：2.8 折來回約 0.38%、全額約 0.585%）；交易方法狀態未知（全額交割、變更交易方法、停止信用交易的來源未提供）；容量以 s 日 vol20 估計，未模擬開盤競價量與滑價；容量受限,未扣成本·事後欄位以 m_ 標示·非投資建議
HO,1,2023-09-08,2023-09-11,4154,樂威科-KY,TPEx,S,S0_atr14@5,2,349,0.064895,,0,0,1,-5.152,-2.121,-8.788,298.7,2.0,floor(1%×vol20),0.0,0.0,280,inf,250.0,official_prepanel,small,111.0,0,可交易（DK_s＝0）,未扣成本（成本參考：2.8 折來回約 0.38%、全額約 0.585%）；交易方法狀態未知（全額交割、變更交易方法、停止信用交易的來源未提供）；容量以 s 日 vol20 估計，未模擬開盤競價量與滑價；容量受限,未扣成本·事後欄位以 m_ 標示·非投資建議
HO,1,2023-09-08,2023-09-11,5703,亞都,TPEx,S,S0_atr14@5,5,349,0.044854,,0,0,1,-0.858,0.429,1.288,116.3,1.0,floor(1%×vol20),0.0,0.0,280,inf,250.0,official_prepanel,small,92.0,0,可交易（DK_s＝0）,未扣成本（成本參考：2.8 折來回約 0.38%、全額約 0.585%）；交易方法狀態未知（全額交割、變更交易方法、停止信用交易的來源未提供）；容量以 s 日 vol20 估計，未模擬開盤競價量與滑價；容量受限,未扣成本·事後欄位以 m_ 標示·非投資建議
HO,1,2023-09-08,2023-09-11,6222,立軒,TPEx,S,S0_atr14@5,1,349,0.070385,,0,0,1,9.812,-4.384,-12.317,198.4,1.0,floor(1%×vol20),1.0,0.0,280,inf,250.0,official_prepanel,small,549.0,0,處置中・交易規則另案登錄（DK_s＝1）,未扣成本（成本參考：2.8 折來回約 0.38%、全額約 0.585%）；交易方法狀態未知（全額交割、變更交易方法、停止信用交易的來源未提供）；容量以 s 日 vol20 估計，未模擬開盤競價量與滑價；容量受限,未扣成本·事後欄位以 m_ 標示·非投資建議
HO,1,2023-09-08,2023-09-11,6693,廣閎科,TPEx,S,S0_atr14@5,4,349,0.046086,,0,0,1,-0.57,4.843,-2.137,206.15,2.0,floor(1%×vol20),0.0,0.0,280,inf,250.0,official_prepanel,small,52.0,0,可交易（DK_s＝0）,未扣成本（成本參考：2.8 折來回約 0.38%、全額約 0.585%）；交易方法狀態未知（全額交割、變更交易方法、停止信用交易的來源未提供）；容量以 s 日 vol20 估計，未模擬開盤競價量與滑價；容量受限,未扣成本·事後欄位以 m_ 標示·非投資建議
HO,1,2023-09-11,2023-09-12,2719,燦星旅,TPEx,S,S0_atr14@5,3,343,0.049231,,0,0,1,-4.844,-5.536,-8.997,105.2,1.0,floor(1%×vol20),0.0,0.0,281,inf,250.0,official_prepanel,small,65.0,0,可交易（DK_s＝0）,未扣成本（成本參考：2.8 折來回約 0.38%、全額約 0.585%）；交易方法狀態未知（全額交割、變更交易方法、停止信用交易的來源未提供）；容量以 s 日 vol20 估計，未模擬開盤競價量與滑價；容量受限,未扣成本·事後欄位以 m_ 標示·非投資建議
HO,1,2023-09-11,2023-09-12,4154,樂威科-KY,TPEx,S,S0_atr14@5,1,343,0.064811,,0,0,1,-1.278,-1.917,-5.431,266.5,2.0,floor(1%×vol20),0.0,0.0,281,inf,250.0,official_prepanel,small,69.0,0,可交易（DK_s＝0）,未扣成本（成本參考：2.8 折來回約 0.38%、全額約 0.585%）；交易方法狀態未知（全額交割、變更交易方法、停止信用交易的來源未提供）；容量以 s 日 vol20 估計，未模擬開盤競價量與滑價；容量受限,未扣成本·事後欄位以 m_ 標示·非投資建議
HO,1,2023-09-11,2023-09-12,4188,安克,TPEx,S,S0_atr14@5,4,343,0.046002,,0,0,1,-0.937,1.405,0.234,268.2,2.0,floor(1%×vol20),0.0,0.0,281,inf,250.0,official_prepanel,small,45.0,0,可交易（DK_s＝0）,未扣成本（成本參考：2.8 折來回約 0.38%、全額約 0.585%）；交易方法狀態未知（全額交割、變更交易方法、停止信用交易的來源未提供）；容量以 s 日 vol20 估計，未模擬開盤競價量與滑價；容量受限,未扣成本·事後欄位以 m_ 標示·非投資建議
HO,1,2023-09-11,2023-09-12,6743,安普新,TWSE,S,S0_atr14@5,2,343,0.049603,,0,0,1,-2.14,0.195,-0.778,278.35,2.0,floor(1%×vol20),0.0,0.0,281,inf,250.0,official_prepanel,mid,156.0,0,可交易（DK_s＝0）,未扣成本（成本參考：2.8 折來回約 0.38%、全額約 0.585%）；交易方法狀態未知（全額交割、變更交易方法、停止信用交易的來源未提供）；容量以 s 日 vol20 估計，未模擬開盤競價量與滑價；容量受限,未扣成本·事後欄位以 m_ 標示·非投資建議
HO,1,2023-09-11,2023-09-12,8087,麗升能源,TPEx,S,S0_atr14@5,5,343,0.04599,,0,0,1,-1.224,-5.07,-4.72,220.6,2.0,floor(1%×vol20),0.0,0.0,281,inf,250.0,official_prepanel,small,86.0,0,可交易（DK_s＝0）,未扣成本（成本參考：2.8 折來回約 0.38%、全額約 0.585%）；交易方法狀態未知（全額交割、變更交易方法、停止信用交易的來源未提供）；容量以 s 日 vol20 估計，未模擬開盤競價量與滑價；容量受限,未扣成本·事後欄位以 m_ 標示·非投資建議
HO,1,2023-09-12,2023-09-13,2719,燦星旅,TPEx,S,S0_atr14@5,3,343,0.053896,,0,0,1,4.015,-4.015,-6.752,102.45,1.0,floor(1%×vol20),0.0,0.0,282,inf,250.0,official_prepanel,small,109.0,0,可交易（DK_s＝0）,未扣成本（成本參考：2.8 折來回約 0.38%、全額約 0.585%）；交易方法狀態未知（全額交割、變更交易方法、停止信用交易的來源未提供）；容量以 s 日 vol20 估計，未模擬開盤競價量與滑價；容量受限,未扣成本·事後欄位以 m_ 標示·非投資建議
HO,1,2023-09-12,2023-09-13,4154,樂威科-KY,TPEx,S,S0_atr14@5,2,343,0.063569,,0,0,1,-3.974,-0.331,-2.649,243.75,2.0,floor(1%×vol20),0.0,0.0,282,inf,250.0,official_prepanel,small,165.0,0,可交易（DK_s＝0）,未扣成本（成本參考：2.8 折來回約 0.38%、全額約 0.585%）；交易方法狀態未知（全額交割、變更交易方法、停止信用交易的來源未提供）；容量以 s 日 vol20 估計，未模擬開盤競價量與滑價；容量受限,未扣成本·事後欄位以 m_ 標示·非投資建議
HO,1,2023-09-12,2023-09-13,5301,,TPEx,S,S0_atr14@5,5,343,0.05039,,0,0,1,3.61,0.0,-9.386,270.35,2.0,floor(1%×vol20),0.0,0.0,282,inf,250.0,official_prepanel,small,227.0,0,可交易（DK_s＝0）,未扣成本（成本參考：2.8 折來回約 0.38%、全額約 0.585%）；交易方法狀態未知（全額交割、變更交易方法、停止信用交易的來源未提供）；容量以 s 日 vol20 估計，未模擬開盤競價量與滑價；容量受限,未扣成本·事後欄位以 m_ 標示·非投資建議
HO,1,2023-09-12,2023-09-13,6222,立軒,TPEx,S,S0_atr14@5,1,343,0.068429,,0,0,1,-5.433,-9.457,-16.298,235.6,2.0,floor(1%×vol20),0.0,0.0,282,inf,250.0,official_prepanel,small,172.0,0,可交易（DK_s＝0）,未扣成本（成本參考：2.8 折來回約 0.38%、全額約 0.585%）；交易方法狀態未知（全額交割、變更交易方法、停止信用交易的來源未提供）；容量以 s 日 vol20 估計，未模擬開盤競價量與滑價；容量受限,未扣成本·事後欄位以 m_ 標示·非投資建議
HO,1,2023-09-12,2023-09-13,6743,安普新,TWSE,S,S0_atr14@5,4,343,0.050696,,0,0,1,1.996,1.198,0.599,275.3,2.0,floor(1%×vol20),0.0,0.0,282,inf,250.0,official_prepanel,mid,71.0,0,可交易（DK_s＝0）,未扣成本（成本參考：2.8 折來回約 0.38%、全額約 0.585%）；交易方法狀態未知（全額交割、變更交易方法、停止信用交易的來源未提供）；容量以 s 日 vol20 估計，未模擬開盤競價量與滑價；容量受限,未扣成本·事後欄位以 m_ 標示·非投資建議
HO,1,2023-09-13,2023-09-14,2719,燦星旅,TPEx,S,S0_atr14@5,5,343,0.054386,,0,0,1,3.175,-9.7,-11.464,102.05,1.0,floor(1%×vol20),0.0,0.0,283,inf,250.0,official_prepanel,small,107.0,0,可交易（DK_s＝0）,未扣成本（成本參考：2.8 折來回約 0.38%、全額約 0.585%）；交易方法狀態未知（全額交割、變更交易方法、停止信用交易的來源未提供）；容量以 s 日 vol20 估計，未模擬開盤競價量與滑價；容量受限,未扣成本·事後欄位以 m_ 標示·非投資建議
HO,1,2023-09-13,2023-09-14,4154,樂威科-KY,TPEx,S,S0_atr14@5,2,343,0.068227,,0,0,1,10.0,2.759,1.379,234.25,2.0,floor(1%×vol20),0.0,0.0,283,inf,250.0,official_prepanel,small,139.0,0,可交易（DK_s＝0）,未扣成本（成本參考：2.8 折來回約 0.38%、全額約 0.585%）；交易方法狀態未知（全額交割、變更交易方法、停止信用交易的來源未提供）；容量以 s 日 vol20 估計，未模擬開盤競價量與滑價；容量受限,未扣成本·事後欄位以 m_ 標示·非投資建議
HO,1,2023-09-13,2023-09-14,4950,金耘國際,TPEx,S,S0_atr14@5,4,343,0.059193,,0,0,1,9.217,14.286,3.226,159.4,1.0,floor(1%×vol20),0.0,0.0,283,inf,250.0,official_prepanel,small,136.0,0,可交易（DK_s＝0）,未扣成本（成本參考：2.8 折來回約 0.38%、全額約 0.585%）；交易方法狀態未知（全額交割、變更交易方法、停止信用交易的來源未提供）；容量以 s 日 vol20 估計，未模擬開盤競價量與滑價；容量受限,未扣成本·事後欄位以 m_ 標示·非投資建議
HO,1,2023-09-13,2023-09-14,5314,世紀*,TPEx,S,S0_atr14@5,1,343,0.07619,,0,0,1,4.167,3.611,9.722,111.55,1.0,floor(1%×vol20),0.0,0.0,283,inf,250.0,official_prepanel,small,8.0,0,可交易（DK_s＝0）,未扣成本（成本參考：2.8 折來回約 0.38%、全額約 0.585%）；交易方法狀態未知（全額交割、變更交易方法、停止信用交易的來源未提供）；容量以 s 日 vol20 估計，未模擬開盤競價量與滑價；容量受限,未扣成本·事後欄位以 m_ 標示·非投資建議
HO,1,2023-09-13,2023-09-14,6222,立軒,TPEx,S,S0_atr14@5,3,343,0.065046,,0,0,1,-0.626,-9.603,-5.219,237.7,2.0,floor(1%×vol20),0.0,0.0,283,inf,250.0,official_prepanel,small,168.0,0,可交易（DK_s＝0）,未扣成本（成本參考：2.8 折來回約 0.38%、全額約 0.585%）；交易方法狀態未知（全額交割、變更交易方法、停止信用交易的來源未提供）；容量以 s 日 vol20 估計，未模擬開盤競價量與滑價；容量受限,未扣成本·事後欄位以 m_ 標示·非投資建議
HO,1,2023-09-14,2023-09-15,5301,,TPEx,S,S0_atr14@5,3,328,0.055901,,0,0,1,0.37,-0.37,-4.444,279.25,2.0,floor(1%×vol20),0.0,0.0,284,inf,250.0,official_prepanel,small,102.0,0,可交易（DK_s＝0）,未扣成本（成本參考：2.8 折來回約 0.38%、全額約 0.585%）；交易方法狀態未知（全額交割、變更交易方法、停止信用交易的來源未提供）；容量以 s 日 vol20 估計，未模擬開盤競價量與滑價；容量受限,未扣成本·事後欄位以 m_ 標示·非投資建議
HO,1,2023-09-14,2023-09-15,5314,世紀*,TPEx,S,S0_atr14@5,1,328,0.074571,,0,0,1,2.933,1.333,6.133,107.55,1.0,floor(1%×vol20),0.0,0.0,284,inf,250.0,official_prepanel,small,41.0,0,可交易（DK_s＝0）,未扣成本（成本參考：2.8 折來回約 0.38%、全額約 0.585%）；交易方法狀態未知（全額交割、變更交易方法、停止信用交易的來源未提供）；容量以 s 日 vol20 估計，未模擬開盤競價量與滑價；容量受限,未扣成本·事後欄位以 m_ 標示·非投資建議
HO,1,2023-09-14,2023-09-15,6222,立軒,TPEx,S,S0_atr14@5,2,328,0.060774,,0,0,1,-1.293,-7.543,-6.466,240.1,2.0,floor(1%×vol20),0.0,0.0,284,inf,250.0,official_prepanel,small,104.0,0,可交易（DK_s＝0）,未扣成本（成本參考：2.8 折來回約 0.38%、全額約 0.585%）；交易方法狀態未知（全額交割、變更交易方法、停止信用交易的來源未提供）；容量以 s 日 vol20 估計，未模擬開盤競價量與滑價；容量受限,未扣成本·事後欄位以 m_ 標示·非投資建議
HO,1,2023-09-14,2023-09-15,6743,安普新,TWSE,S,S0_atr14@5,5,328,0.047159,,0,0,1,-0.952,-6.095,-4.0,265.7,2.0,floor(1%×vol20),0.0,0.0,284,inf,250.0,official_prepanel,mid,122.0,0,可交易（DK_s＝0）,未扣成本（成本參考：2.8 折來回約 0.38%、全額約 0.585%）；交易方法狀態未知（全額交割、變更交易方法、停止信用交易的來源未提供）；容量以 s 日 vol20 估計，未模擬開盤競價量與滑價；容量受限,未扣成本·事後欄位以 m_ 標示·非投資建議
HO,1,2023-09-14,2023-09-15,8087,麗升能源,TPEx,S,S0_atr14@5,4,328,0.050473,,0,0,1,-1.968,-6.261,-3.578,173.35,1.0,floor(1%×vol20),0.0,0.0,284,inf,250.0,official_prepanel,small,127.0,0,可交易（DK_s＝0）,未扣成本（成本參考：2.8 折來回約 0.38%、全額約 0.585%）；交易方法狀態未知（全額交割、變更交易方法、停止信用交易的來源未提供）；容量以 s 日 vol20 估計，未模擬開盤競價量與滑價；容量受限,未扣成本·事後欄位以 m_ 標示·非投資建議
HO,1,2023-09-15,2023-09-18,4154,樂威科-KY,TPEx,S,S0_atr14@5,2,331,0.070986,,0,0,1,-1.603,-3.526,-10.577,171.75,1.0,floor(1%×vol20),0.0,0.0,285,inf,250.0,official_prepanel,small,63.0,0,可交易（DK_s＝0）,未扣成本（成本參考：2.8 折來回約 0.38%、全額約 0.585%）；交易方法狀態未知（全額交割、變更交易方法、停止信用交易的來源未提供）；容量以 s 日 vol20 估計，未模擬開盤競價量與滑價；容量受限,未扣成本·事後欄位以 m_ 標示·非投資建議
HO,1,2023-09-15,2023-09-18,4950,金耘國際,TPEx,S,S0_atr14@5,4,331,0.053274,,0,0,1,-2.834,-3.239,-13.36,120.75,1.0,floor(1%×vol20),0.0,0.0,285,inf,250.0,official_prepanel,small,180.0,0,可交易（DK_s＝0）,未扣成本（成本參考：2.8 折來回約 0.38%、全額約 0.585%）；交易方法狀態未知（全額交割、變更交易方法、停止信用交易的來源未提供）；容量以 s 日 vol20 估計，未模擬開盤競價量與滑價；容量受限,未扣成本·事後欄位以 m_ 標示·非投資建議
HO,1,2023-09-15,2023-09-18,5314,世紀*,TPEx,S,S0_atr14@5,1,331,0.072076,,0,0,1,10.602,16.476,9.885,106.6,1.0,floor(1%×vol20),0.0,0.0,285,inf,250.0,official_prepanel,small,30.0,0,可交易（DK_s＝0）,未扣成本（成本參考：2.8 折來回約 0.38%、全額約 0.585%）；交易方法狀態未知（全額交割、變更交易方法、停止信用交易的來源未提供）；容量以 s 日 vol20 估計，未模擬開盤競價量與滑價；容量受限,未扣成本·事後欄位以 m_ 標示·非投資建議
HO,1,2023-09-15,2023-09-18,6222,立軒,TPEx,S,S0_atr14@5,3,331,0.059576,,0,0,1,-0.654,-8.497,-7.407,236.5,2.0,floor(1%×vol20),0.0,0.0,285,inf,250.0,official_prepanel,small,92.0,0,可交易（DK_s＝0）,未扣成本（成本參考：2.8 折來回約 0.38%、全額約 0.585%）；交易方法狀態未知（全額交割、變更交易方法、停止信用交易的來源未提供）；容量以 s 日 vol20 估計，未模擬開盤競價量與滑價；容量受限,未扣成本·事後欄位以 m_ 標示·非投資建議
HO,1,2023-09-15,2023-09-18,8087,麗升能源,TPEx,S,S0_atr14@5,5,331,0.052529,,0,0,1,-0.367,0.0,-3.119,159.25,1.0,floor(1%×vol20),0.0,0.0,285,inf,250.0,official_prepanel,small,121.0,0,可交易（DK_s＝0）,未扣成本（成本參考：2.8 折來回約 0.38%、全額約 0.585%）；交易方法狀態未知（全額交割、變更交易方法、停止信用交易的來源未提供）；容量以 s 日 vol20 估計，未模擬開盤競價量與滑價；容量受限,未扣成本·事後欄位以 m_ 標示·非投資建議
HO,1,2023-09-18,2023-09-19,4154,樂威科-KY,TPEx,S,S0_atr14@5,2,320,0.072127,,0,0,1,0.333,-1.333,-10.0,168.35,1.0,floor(1%×vol20),0.0,0.0,286,inf,250.0,official_prepanel,small,46.0,0,可交易（DK_s＝0）,未扣成本（成本參考：2.8 折來回約 0.38%、全額約 0.585%）；交易方法狀態未知（全額交割、變更交易方法、停止信用交易的來源未提供）；容量以 s 日 vol20 估計，未模擬開盤競價量與滑價；容量受限,未扣成本·事後欄位以 m_ 標示·非投資建議
HO,1,2023-09-18,2023-09-19,4950,金耘國際,TPEx,S,S0_atr14@5,3,320,0.055655,,0,0,1,3.347,0.0,-12.552,123.7,1.0,floor(1%×vol20),0.0,0.0,286,inf,250.0,official_prepanel,small,141.0,0,可交易（DK_s＝0）,未扣成本（成本參考：2.8 折來回約 0.38%、全額約 0.585%）；交易方法狀態未知（全額交割、變更交易方法、停止信用交易的來源未提供）；容量以 s 日 vol20 估計，未模擬開盤競價量與滑價；容量受限,未扣成本·事後欄位以 m_ 標示·非投資建議
HO,1,2023-09-18,2023-09-19,5314,世紀*,TPEx,S,S0_atr14@5,1,320,0.073187,,0,0,1,0.39,3.121,-0.13,107.3,1.0,floor(1%×vol20),0.0,0.0,286,inf,250.0,official_prepanel,small,54.0,0,可交易（DK_s＝0）,未扣成本（成本參考：2.8 折來回約 0.38%、全額約 0.585%）；交易方法狀態未知（全額交割、變更交易方法、停止信用交易的來源未提供）；容量以 s 日 vol20 估計，未模擬開盤競價量與滑價；容量受限,未扣成本·事後欄位以 m_ 標示·非投資建議
HO,1,2023-09-18,2023-09-19,6222,立軒,TPEx,S,S0_atr14@5,4,320,0.054668,,0,0,1,-1.316,-7.895,-5.263,230.25,2.0,floor(1%×vol20),0.0,0.0,286,inf,250.0,official_prepanel,small,176.0,0,可交易（DK_s＝0）,未扣成本（成本參考：2.8 折來回約 0.38%、全額約 0.585%）；交易方法狀態未知（全額交割、變更交易方法、停止信用交易的來源未提供）；容量以 s 日 vol20 估計，未模擬開盤競價量與滑價；容量受限,未扣成本·事後欄位以 m_ 標示·非投資建議
HO,1,2023-09-18,2023-09-19,8087,麗升能源,TPEx,S,S0_atr14@5,5,320,0.054065,,0,0,1,-4.472,-2.504,-6.977,159.5,1.0,floor(1%×vol20),0.0,0.0,286,inf,250.0,official_prepanel,small,65.0,0,可交易（DK_s＝0）,未扣成本（成本參考：2.8 折來回約 0.38%、全額約 0.585%）；交易方法狀態未知（全額交割、變更交易方法、停止信用交易的來源未提供）；容量以 s 日 vol20 估計，未模擬開盤競價量與滑價；容量受限,未扣成本·事後欄位以 m_ 標示·非投資建議
HO,1,2023-09-19,2023-09-20,4154,樂威科-KY,TPEx,S,S0_atr14@5,1,319,0.07309,,0,0,1,-0.667,-2.0,-9.0,163.9,1.0,floor(1%×vol20),0.0,0.0,287,inf,250.0,official_prepanel,small,46.0,0,可交易（DK_s＝0）,未扣成本（成本參考：2.8 折來回約 0.38%、全額約 0.585%）；交易方法狀態未知（全額交割、變更交易方法、停止信用交易的來源未提供）；容量以 s 日 vol20 估計，未模擬開盤競價量與滑價；容量受限,未扣成本·事後欄位以 m_ 標示·非投資建議
HO,1,2023-09-19,2023-09-20,4950,金耘國際,TPEx,S,S0_atr14@5,4,319,0.057259,,0,0,1,2.479,-4.959,-16.942,117.75,1.0,floor(1%×vol20),0.0,0.0,287,inf,250.0,official_prepanel,small,32.0,0,可交易（DK_s＝0）,未扣成本（成本參考：2.8 折來回約 0.38%、全額約 0.585%）；交易方法狀態未知（全額交割、變更交易方法、停止信用交易的來源未提供）；容量以 s 日 vol20 估計，未模擬開盤競價量與滑價；容量受限,未扣成本·事後欄位以 m_ 標示·非投資建議
HO,1,2023-09-19,2023-09-20,5314,世紀*,TPEx,S,S0_atr14@5,2,319,0.06745,,0,0,1,0.404,7.268,0.404,107.65,1.0,floor(1%×vol20),0.0,0.0,287,inf,250.0,official_prepanel,small,18.0,0,可交易（DK_s＝0）,未扣成本（成本參考：2.8 折來回約 0.38%、全額約 0.585%）；交易方法狀態未知（全額交割、變更交易方法、停止信用交易的來源未提供）；容量以 s 日 vol20 估計，未模擬開盤競價量與滑價；容量受限,未扣成本·事後欄位以 m_ 標示·非投資建議
HO,1,2023-09-19,2023-09-20,6222,立軒,TPEx,S,S0_atr14@5,3,319,0.06,,0,0,1,-0.46,-4.368,3.448,234.1,2.0,floor(1%×vol20),0.0,0.0,287,inf,250.0,official_prepanel,small,64.0,0,可交易（DK_s＝0）,未扣成本（成本參考：2.8 折來回約 0.38%、全額約 0.585%）；交易方法狀態未知（全額交割、變更交易方法、停止信用交易的來源未提供）；容量以 s 日 vol20 估計，未模擬開盤競價量與滑價；容量受限,未扣成本·事後欄位以 m_ 標示·非投資建議
HO,1,2023-09-19,2023-09-20,8087,麗升能源,TPEx,S,S0_atr14@5,5,319,0.055912,,0,0,1,-2.559,-1.463,-6.764,158.85,1.0,floor(1%×vol20),0.0,0.0,287,inf,250.0,official_prepanel,small,55.0,0,可交易（DK_s＝0）,未扣成本（成本參考：2.8 折來回約 0.38%、全額約 0.585%）；交易方法狀態未知（全額交割、變更交易方法、停止信用交易的來源未提供）；容量以 s 日 vol20 估計，未模擬開盤競價量與滑價；容量受限,未扣成本·事後欄位以 m_ 標示·非投資建議
HO,1,2023-09-20,2023-09-21,4154,樂威科-KY,TPEx,S,S0_atr14@5,1,317,0.074065,,0,0,1,0.676,-0.676,-7.77,163.75,1.0,floor(1%×vol20),0.0,0.0,288,inf,250.0,official_prepanel,small,68.0,0,可交易（DK_s＝0）,未扣成本（成本參考：2.8 折來回約 0.38%、全額約 0.585%）；交易方法狀態未知（全額交割、變更交易方法、停止信用交易的來源未提供）；容量以 s 日 vol20 估計，未模擬開盤競價量與滑價；容量受限,未扣成本·事後欄位以 m_ 標示·非投資建議
HO,1,2023-09-20,2023-09-21,4950,金耘國際,TPEx,S,S0_atr14@5,4,317,0.057604,,0,0,1,-1.235,-7.819,-18.025,107.65,1.0,floor(1%×vol20),0.0,0.0,288,inf,250.0,official_prepanel,small,108.0,0,可交易（DK_s＝0）,未扣成本（成本參考：2.8 折來回約 0.38%、全額約 0.585%）；交易方法狀態未知（全額交割、變更交易方法、停止信用交易的來源未提供）；容量以 s 日 vol20 估計，未模擬開盤競價量與滑價；容量受限,未扣成本·事後欄位以 m_ 標示·非投資建議
HO,1,2023-09-20,2023-09-21,5314,世紀*,TPEx,S,S0_atr14@5,2,317,0.065396,,0,0,1,2.703,6.757,0.811,106.9,1.0,floor(1%×vol20),0.0,0.0,288,inf,250.0,official_prepanel,small,8.0,0,可交易（DK_s＝0）,未扣成本（成本參考：2.8 折來回約 0.38%、全額約 0.585%）；交易方法狀態未知（全額交割、變更交易方法、停止信用交易的來源未提供）；容量以 s 日 vol20 估計，未模擬開盤競價量與滑價；容量受限,未扣成本·事後欄位以 m_ 標示·非投資建議
HO,1,2023-09-20,2023-09-21,6222,立軒,TPEx,S,S0_atr14@5,3,317,0.062026,,0,0,1,-0.694,5.093,5.093,225.75,2.0,floor(1%×vol20),0.0,0.0,288,inf,250.0,official_prepanel,small,81.0,0,可交易（DK_s＝0）,未扣成本（成本參考：2.8 折來回約 0.38%、全額約 0.585%）；交易方法狀態未知（全額交割、變更交易方法、停止信用交易的來源未提供）；容量以 s 日 vol20 估計，未模擬開盤競價量與滑價；容量受限,未扣成本·事後欄位以 m_ 標示·非投資建議
HO,1,2023-09-20,2023-09-21,8087,麗升能源,TPEx,S,S0_atr14@5,5,317,0.051863,,0,0,1,-2.963,0.741,-5.741,158.65,1.0,floor(1%×vol20),0.0,0.0,288,inf,250.0,official_prepanel,small,39.0,0,可交易（DK_s＝0）,未扣成本（成本參考：2.8 折來回約 0.38%、全額約 0.585%）；交易方法狀態未知（全額交割、變更交易方法、停止信用交易的來源未提供）；容量以 s 日 vol20 估計，未模擬開盤競價量與滑價；容量受限,未扣成本·事後欄位以 m_ 標示·非投資建議
HO,1,2023-09-21,2023-09-22,4154,樂威科-KY,TPEx,S,S0_atr14@5,1,315,0.069271,,0,0,1,0.333,-2.0,-8.667,163.7,1.0,floor(1%×vol20),0.0,0.0,289,inf,250.0,official_prepanel,small,29.0,0,可交易（DK_s＝0）,未扣成本（成本參考：2.8 折來回約 0.38%、全額約 0.585%）；交易方法狀態未知（全額交割、變更交易方法、停止信用交易的來源未提供）；容量以 s 日 vol20 估計，未模擬開盤競價量與滑價；容量受限,未扣成本·事後欄位以 m_ 標示·非投資建議
HO,1,2023-09-21,2023-09-22,5314,世紀*,TPEx,S,S0_atr14@5,4,315,0.055451,,0,0,1,6.974,4.737,0.132,105.75,1.0,floor(1%×vol20),0.0,0.0,289,inf,250.0,official_prepanel,small,63.0,0,可交易（DK_s＝0）,未扣成本（成本參考：2.8 折來回約 0.38%、全額約 0.585%）；交易方法狀態未知（全額交割、變更交易方法、停止信用交易的來源未提供）；容量以 s 日 vol20 估計，未模擬開盤競價量與滑價；容量受限,未扣成本·事後欄位以 m_ 標示·非投資建議
HO,1,2023-09-21,2023-09-22,5348,正能量智能,TPEx,S,S0_atr14@5,3,315,0.062427,,0,0,1,0.562,-2.809,5.056,248.95,2.0,floor(1%×vol20),0.0,0.0,289,inf,250.0,official_prepanel,small,75.0,0,可交易（DK_s＝0）,未扣成本（成本參考：2.8 折來回約 0.38%、全額約 0.585%）；交易方法狀態未知（全額交割、變更交易方法、停止信用交易的來源未提供）；容量以 s 日 vol20 估計，未模擬開盤競價量與滑價；容量受限,未扣成本·事後欄位以 m_ 標示·非投資建議
HO,1,2023-09-21,2023-09-22,6222,立軒,TPEx,S,S0_atr14@5,2,315,0.064269,,0,0,1,-0.943,2.358,10.142,198.2,1.0,floor(1%×vol20),0.0,0.0,289,inf,250.0,official_prepanel,small,101.0,0,可交易（DK_s＝0）,未扣成本（成本參考：2.8 折來回約 0.38%、全額約 0.585%）；交易方法狀態未知（全額交割、變更交易方法、停止信用交易的來源未提供）；容量以 s 日 vol20 估計，未模擬開盤競價量與滑價；容量受限,未扣成本·事後欄位以 m_ 標示·非投資建議
HO,1,2023-09-21,2023-09-22,6743,安普新,TWSE,S,S0_atr14@5,5,315,0.054767,,0,0,1,0.0,2.857,9.796,285.2,2.0,floor(1%×vol20),0.0,0.0,289,inf,250.0,official_prepanel,mid,134.0,0,可交易（DK_s＝0）,未扣成本（成本參考：2.8 折來回約 0.38%、全額約 0.585%）；交易方法狀態未知（全額交割、變更交易方法、停止信用交易的來源未提供）；容量以 s 日 vol20 估計，未模擬開盤競價量與滑價；容量受限,未扣成本·事後欄位以 m_ 標示·非投資建議
HO,1,2023-09-22,2023-09-25,4154,樂威科-KY,TPEx,S,S0_atr14@5,2,318,0.063598,,0,0,1,0.339,-5.424,-11.186,160.2,1.0,floor(1%×vol20),0.0,0.0,290,inf,250.0,official_prepanel,small,47.0,0,可交易（DK_s＝0）,未扣成本（成本參考：2.8 折來回約 0.38%、全額約 0.585%）；交易方法狀態未知（全額交割、變更交易方法、停止信用交易的來源未提供）；容量以 s 日 vol20 估計，未模擬開盤競價量與滑價；容量受限,未扣成本·事後欄位以 m_ 標示·非投資建議
HO,1,2023-09-22,2023-09-25,4950,金耘國際,TPEx,S,S0_atr14@5,4,318,0.056186,,0,0,1,0.0,-10.46,-28.87,107.05,1.0,floor(1%×vol20),0.0,0.0,290,inf,250.0,official_prepanel,small,96.0,0,可交易（DK_s＝0）,未扣成本（成本參考：2.8 折來回約 0.38%、全額約 0.585%）；交易方法狀態未知（全額交割、變更交易方法、停止信用交易的來源未提供）；容量以 s 日 vol20 估計，未模擬開盤競價量與滑價；容量受限,未扣成本·事後欄位以 m_ 標示·非投資建議
HO,1,2023-09-22,2023-09-25,5348,正能量智能,TPEx,S,S0_atr14@5,3,318,0.063248,,0,0,1,1.676,-3.911,14.804,209.3,2.0,floor(1%×vol20),0.0,0.0,290,inf,250.0,official_prepanel,small,54.0,0,可交易（DK_s＝0）,未扣成本（成本參考：2.8 折來回約 0.38%、全額約 0.585%）；交易方法狀態未知（全額交割、變更交易方法、停止信用交易的來源未提供）；容量以 s 日 vol20 估計，未模擬開盤競價量與滑價；容量受限,未扣成本·事後欄位以 m_ 標示·非投資建議
HO,1,2023-09-22,2023-09-25,6222,立軒,TPEx,S,S0_atr14@5,1,318,0.066497,,0,0,1,0.0,1.19,15.714,183.55,1.0,floor(1%×vol20),0.0,0.0,290,inf,250.0,official_prepanel,small,72.0,0,可交易（DK_s＝0）,未扣成本（成本參考：2.8 折來回約 0.38%、全額約 0.585%）；交易方法狀態未知（全額交割、變更交易方法、停止信用交易的來源未提供）；容量以 s 日 vol20 估計，未模擬開盤競價量與滑價；容量受限,未扣成本·事後欄位以 m_ 標示·非投資建議
HO,1,2023-09-22,2023-09-25,6593,台灣銘板,TPEx,S,S0_atr14@5,5,318,0.052485,,0,0,1,1.404,0.468,3.276,274.2,2.0,floor(1%×vol20),0.0,0.0,290,inf,250.0,official_prepanel,small,94.0,0,可交易（DK_s＝0）,未扣成本（成本參考：2.8 折來回約 0.38%、全額約 0.585%）；交易方法狀態未知（全額交割、變更交易方法、停止信用交易的來源未提供）；容量以 s 日 vol20 估計，未模擬開盤競價量與滑價；容量受限,未扣成本·事後欄位以 m_ 標示·非投資建議
HO,1,2023-09-25,2023-09-26,4154,樂威科-KY,TPEx,S,S0_atr14@5,3,320,0.058398,,0,0,1,-1.01,-9.091,-15.825,160.3,1.0,floor(1%×vol20),0.0,0.0,291,inf,250.0,official_prepanel,small,9.0,0,可交易（DK_s＝0）,未扣成本（成本參考：2.8 折來回約 0.38%、全額約 0.585%）；交易方法狀態未知（全額交割、變更交易方法、停止信用交易的來源未提供）；容量以 s 日 vol20 估計，未模擬開盤競價量與滑價；容量受限,未扣成本·事後欄位以 m_ 標示·非投資建議
HO,1,2023-09-25,2023-09-26,4950,金耘國際,TPEx,S,S0_atr14@5,4,320,0.057681,,0,0,1,-1.709,-10.684,-26.752,108.8,1.0,floor(1%×vol20),0.0,0.0,291,inf,250.0,official_prepanel,small,202.0,0,可交易（DK_s＝0）,未扣成本（成本參考：2.8 折來回約 0.38%、全額約 0.585%）；交易方法狀態未知（全額交割、變更交易方法、停止信用交易的來源未提供）；容量以 s 日 vol20 估計，未模擬開盤競價量與滑價；容量受限,未扣成本·事後欄位以 m_ 標示·非投資建議
HO,1,2023-09-25,2023-09-26,5348,正能量智能,TPEx,S,S0_atr14@5,2,320,0.060636,,0,0,1,-1.626,-7.046,13.55,194.8,1.0,floor(1%×vol20),0.0,0.0,291,inf,250.0,official_prepanel,small,55.0,0,可交易（DK_s＝0）,未扣成本（成本參考：2.8 折來回約 0.38%、全額約 0.585%）；交易方法狀態未知（全額交割、變更交易方法、停止信用交易的來源未提供）；容量以 s 日 vol20 估計，未模擬開盤競價量與滑價；容量受限,未扣成本·事後欄位以 m_ 標示·非投資建議
HO,1,2023-09-25,2023-09-26,6222,立軒,TPEx,S,S0_atr14@5,1,320,0.066497,,0,0,1,-0.952,2.857,13.571,165.05,1.0,floor(1%×vol20),0.0,0.0,291,inf,250.0,official_prepanel,small,46.0,0,可交易（DK_s＝0）,未扣成本（成本參考：2.8 折來回約 0.38%、全額約 0.585%）；交易方法狀態未知（全額交割、變更交易方法、停止信用交易的來源未提供）；容量以 s 日 vol20 估計，未模擬開盤競價量與滑價；容量受限,未扣成本·事後欄位以 m_ 標示·非投資建議
HO,1,2023-09-25,2023-09-26,6593,台灣銘板,TPEx,S,S0_atr14@5,5,320,0.053407,,0,0,1,-2.879,-3.636,4.545,267.65,2.0,floor(1%×vol20),0.0,0.0,291,inf,250.0,official_prepanel,small,79.0,0,可交易（DK_s＝0）,未扣成本（成本參考：2.8 折來回約 0.38%、全額約 0.585%）；交易方法狀態未知（全額交割、變更交易方法、停止信用交易的來源未提供）；容量以 s 日 vol20 估計，未模擬開盤競價量與滑價；容量受限,未扣成本·事後欄位以 m_ 標示·非投資建議
HO,1,2023-09-26,2023-09-27,4154,樂威科-KY,TPEx,S,S0_atr14@5,5,319,0.054422,,0,0,1,-0.676,-7.77,-16.216,153.95,1.0,floor(1%×vol20),0.0,0.0,292,inf,250.0,official_prepanel,small,17.0,0,可交易（DK_s＝0）,未扣成本（成本參考：2.8 折來回約 0.38%、全額約 0.585%）；交易方法狀態未知（全額交割、變更交易方法、停止信用交易的來源未提供）；容量以 s 日 vol20 估計，未模擬開盤競價量與滑價；容量受限,未扣成本·事後欄位以 m_ 標示·非投資建議
HO,1,2023-09-26,2023-09-27,4950,金耘國際,TPEx,S,S0_atr14@5,3,319,0.061491,,0,0,1,-0.444,-10.667,-16.267,107.65,1.0,floor(1%×vol20),0.0,0.0,292,inf,250.0,official_prepanel,small,17.0,0,可交易（DK_s＝0）,未扣成本（成本參考：2.8 折來回約 0.38%、全額約 0.585%）；交易方法狀態未知（全額交割、變更交易方法、停止信用交易的來源未提供）；容量以 s 日 vol20 估計，未模擬開盤競價量與滑價；容量受限,未扣成本·事後欄位以 m_ 標示·非投資建議
HO,1,2023-09-26,2023-09-27,5348,正能量智能,TPEx,S,S0_atr14@5,2,319,0.061983,,0,0,1,0.559,-5.028,13.408,187.8,1.0,floor(1%×vol20),0.0,0.0,292,inf,250.0,official_prepanel,small,34.0,0,可交易（DK_s＝0）,未扣成本（成本參考：2.8 折來回約 0.38%、全額約 0.585%）；交易方法狀態未知（全額交割、變更交易方法、停止信用交易的來源未提供）；容量以 s 日 vol20 估計，未模擬開盤競價量與滑價；容量受限,未扣成本·事後欄位以 m_ 標示·非投資建議
HO,1,2023-09-26,2023-09-27,6222,立軒,TPEx,S,S0_atr14@5,1,319,0.066277,,0,0,1,8.353,7.399,12.411,151.45,1.0,floor(1%×vol20),0.0,0.0,292,inf,250.0,official_prepanel,small,152.0,0,可交易（DK_s＝0）,未扣成本（成本參考：2.8 折來回約 0.38%、全額約 0.585%）；交易方法狀態未知（全額交割、變更交易方法、停止信用交易的來源未提供）；容量以 s 日 vol20 估計，未模擬開盤競價量與滑價；容量受限,未扣成本·事後欄位以 m_ 標示·非投資建議
HO,1,2023-09-26,2023-09-27,6593,台灣銘板,TPEx,S,S0_atr14@5,4,319,0.054602,,0,0,1,0.624,-0.936,10.14,254.85,2.0,floor(1%×vol20),0.0,0.0,292,inf,250.0,official_prepanel,small,147.0,0,可交易（DK_s＝0）,未扣成本（成本參考：2.8 折來回約 0.38%、全額約 0.585%）；交易方法狀態未知（全額交割、變更交易方法、停止信用交易的來源未提供）；容量以 s 日 vol20 估計，未模擬開盤競價量與滑價；容量受限,未扣成本·事後欄位以 m_ 標示·非投資建議
HO,1,2023-09-27,2023-09-28,4950,金耘國際,TPEx,S,S0_atr14@5,2,319,0.062819,,0,0,1,-2.242,-10.673,-18.924,103.5,1.0,floor(1%×vol20),0.0,0.0,293,inf,250.0,official_prepanel,small,74.0,0,可交易（DK_s＝0）,未扣成本（成本參考：2.8 折來回約 0.38%、全額約 0.585%）；交易方法狀態未知（全額交割、變更交易方法、停止信用交易的來源未提供）；容量以 s 日 vol20 估計，未模擬開盤競價量與滑價；容量受限,未扣成本·事後欄位以 m_ 標示·非投資建議
HO,1,2023-09-27,2023-09-28,5348,正能量智能,TPEx,S,S0_atr14@5,3,319,0.056746,,0,0,1,-3.621,-5.292,24.234,181.35,1.0,floor(1%×vol20),0.0,0.0,293,inf,250.0,official_prepanel,small,123.0,0,可交易（DK_s＝0）,未扣成本（成本參考：2.8 折來回約 0.38%、全額約 0.585%）；交易方法狀態未知（全額交割、變更交易方法、停止信用交易的來源未提供）；容量以 s 日 vol20 估計，未模擬開盤競價量與滑價；容量受限,未扣成本·事後欄位以 m_ 標示·非投資建議
HO,1,2023-09-27,2023-09-28,6222,立軒,TPEx,S,S0_atr14@5,1,319,0.062933,,0,0,1,-3.341,1.114,3.341,144.5,1.0,floor(1%×vol20),0.0,0.0,293,inf,250.0,official_prepanel,small,82.0,0,可交易（DK_s＝0）,未扣成本（成本參考：2.8 折來回約 0.38%、全額約 0.585%）；交易方法狀態未知（全額交割、變更交易方法、停止信用交易的來源未提供）；容量以 s 日 vol20 估計，未模擬開盤競價量與滑價；容量受限,未扣成本·事後欄位以 m_ 標示·非投資建議
HO,1,2023-09-27,2023-09-28,6593,台灣銘板,TPEx,S,S0_atr14@5,4,319,0.053488,,0,0,1,0.0,-1.705,10.543,251.0,2.0,floor(1%×vol20),0.0,0.0,293,inf,250.0,official_prepanel,small,103.0,0,可交易（DK_s＝0）,未扣成本（成本參考：2.8 折來回約 0.38%、全額約 0.585%）；交易方法狀態未知（全額交割、變更交易方法、停止信用交易的來源未提供）；容量以 s 日 vol20 估計，未模擬開盤競價量與滑價；容量受限,未扣成本·事後欄位以 m_ 標示·非投資建議
HO,1,2023-09-27,2023-09-28,6807,峰源-KY,TWSE,S,S0_atr14@5,5,319,0.05296,,0,0,1,-0.462,0.923,11.538,175.7,1.0,floor(1%×vol20),0.0,0.0,293,inf,250.0,official_prepanel,small,24.0,0,可交易（DK_s＝0）,未扣成本（成本參考：2.8 折來回約 0.38%、全額約 0.585%）；交易方法狀態未知（全額交割、變更交易方法、停止信用交易的來源未提供）；容量以 s 日 vol20 估計，未模擬開盤競價量與滑價；容量受限,未扣成本·事後欄位以 m_ 標示·非投資建議
HO,1,2023-09-28,2023-10-02,4154,樂威科-KY,TPEx,S,S0_atr14@5,5,320,0.049077,,0,0,1,-5.102,-6.803,-15.986,188.1,1.0,floor(1%×vol20),0.0,0.0,294,inf,250.0,official_prepanel,small,314.0,0,可交易（DK_s＝0）,未扣成本（成本參考：2.8 折來回約 0.38%、全額約 0.585%）；交易方法狀態未知（全額交割、變更交易方法、停止信用交易的來源未提供）；容量以 s 日 vol20 估計，未模擬開盤競價量與滑價；容量受限,未扣成本·事後欄位以 m_ 標示·非投資建議
HO,1,2023-09-28,2023-10-02,5348,正能量智能,TPEx,S,S0_atr14@5,2,320,0.056771,,0,0,1,0.0,8.721,42.442,181.75,1.0,floor(1%×vol20),0.0,0.0,294,inf,250.0,official_prepanel,small,140.0,0,可交易（DK_s＝0）,未扣成本（成本參考：2.8 折來回約 0.38%、全額約 0.585%）；交易方法狀態未知（全額交割、變更交易方法、停止信用交易的來源未提供）；容量以 s 日 vol20 估計，未模擬開盤競價量與滑價；容量受限,未扣成本·事後欄位以 m_ 標示·非投資建議
HO,1,2023-09-28,2023-10-02,6222,立軒,TPEx,S,S0_atr14@5,1,320,0.064352,,0,0,1,1.19,11.19,4.286,141.4,1.0,floor(1%×vol20),0.0,0.0,294,inf,250.0,official_prepanel,small,66.0,0,可交易（DK_s＝0）,未扣成本（成本參考：2.8 折來回約 0.38%、全額約 0.585%）；交易方法狀態未知（全額交割、變更交易方法、停止信用交易的來源未提供）；容量以 s 日 vol20 估計，未模擬開盤競價量與滑價；容量受限,未扣成本·事後欄位以 m_ 標示·非投資建議
HO,1,2023-09-28,2023-10-02,6593,台灣銘板,TPEx,S,S0_atr14@5,3,320,0.053931,,0,0,1,-0.155,-5.736,9.612,251.55,2.0,floor(1%×vol20),0.0,0.0,294,inf,250.0,official_prepanel,small,148.0,0,可交易（DK_s＝0）,未扣成本（成本參考：2.8 折來回約 0.38%、全額約 0.585%）；交易方法狀態未知（全額交割、變更交易方法、停止信用交易的來源未提供）；容量以 s 日 vol20 估計，未模擬開盤競價量與滑價；容量受限,未扣成本·事後欄位以 m_ 標示·非投資建議
HO,1,2023-09-28,2023-10-02,6807,峰源-KY,TWSE,S,S0_atr14@5,4,320,0.052771,,0,0,1,3.454,1.57,12.716,171.75,1.0,floor(1%×vol20),0.0,0.0,294,inf,250.0,official_prepanel,small,46.0,0,可交易（DK_s＝0）,未扣成本（成本參考：2.8 折來回約 0.38%、全額約 0.585%）；交易方法狀態未知（全額交割、變更交易方法、停止信用交易的來源未提供）；容量以 s 日 vol20 估計，未模擬開盤競價量與滑價；容量受限,未扣成本·事後欄位以 m_ 標示·非投資建議
HO,2,2023-10-02,2023-10-03,4154,樂威科-KY,TPEx,S,S0_atr14@5,2,324,0.055812,,0,0,1,-2.174,-5.072,-13.043,181.8,1.0,floor(1%×vol20),0.0,0.0,295,inf,250.0,official_prepanel,small,64.0,0,可交易（DK_s＝0）,未扣成本（成本參考：2.8 折來回約 0.38%、全額約 0.585%）；交易方法狀態未知（全額交割、變更交易方法、停止信用交易的來源未提供）；容量以 s 日 vol20 估計，未模擬開盤競價量與滑價；容量受限,未扣成本·事後欄位以 m_ 標示·非投資建議
HO,2,2023-10-02,2023-10-03,5348,正能量智能,TPEx,S,S0_atr14@5,4,324,0.052533,,0,0,1,-1.153,18.444,49.856,181.85,1.0,floor(1%×vol20),0.0,0.0,295,inf,250.0,official_prepanel,small,102.0,0,可交易（DK_s＝0）,未扣成本（成本參考：2.8 折來回約 0.38%、全額約 0.585%）；交易方法狀態未知（全額交割、變更交易方法、停止信用交易的來源未提供）；容量以 s 日 vol20 估計，未模擬開盤競價量與滑價；容量受限,未扣成本·事後欄位以 m_ 標示·非投資建議
HO,2,2023-10-02,2023-10-03,6222,立軒,TPEx,S,S0_atr14@5,1,324,0.06084,,0,0,1,2.37,15.166,3.555,140.25,1.0,floor(1%×vol20),0.0,0.0,295,inf,250.0,official_prepanel,small,84.0,0,可交易（DK_s＝0）,未扣成本（成本參考：2.8 折來回約 0.38%、全額約 0.585%）；交易方法狀態未知（全額交割、變更交易方法、停止信用交易的來源未提供）；容量以 s 日 vol20 估計，未模擬開盤競價量與滑價；容量受限,未扣成本·事後欄位以 m_ 標示·非投資建議
HO,2,2023-10-02,2023-10-03,6593,台灣銘板,TPEx,S,S0_atr14@5,3,324,0.054348,,0,0,1,-1.242,2.795,9.627,249.3,2.0,floor(1%×vol20),0.0,0.0,295,inf,250.0,official_prepanel,small,118.0,0,可交易（DK_s＝0）,未扣成本（成本參考：2.8 折來回約 0.38%、全額約 0.585%）；交易方法狀態未知（全額交割、變更交易方法、停止信用交易的來源未提供）；容量以 s 日 vol20 估計，未模擬開盤競價量與滑價；容量受限,未扣成本·事後欄位以 m_ 標示·非投資建議
HO,2,2023-10-02,2023-10-03,6807,峰源-KY,TWSE,S,S0_atr14@5,5,324,0.048233,,0,0,1,-0.152,6.525,7.284,173.5,1.0,floor(1%×vol20),0.0,0.0,295,inf,250.0,official_prepanel,small,5.0,0,可交易（DK_s＝0）,未扣成本（成本參考：2.8 折來回約 0.38%、全額約 0.585%）；交易方法狀態未知（全額交割、變更交易方法、停止信用交易的來源未提供）；容量以 s 日 vol20 估計，未模擬開盤競價量與滑價；容量受限,未扣成本·事後欄位以 m_ 標示·非投資建議
HO,2,2023-10-03,2023-10-04,4154,樂威科-KY,TPEx,S,S0_atr14@5,1,323,0.059259,,0,0,1,-0.365,-8.759,-12.774,142.2,1.0,floor(1%×vol20),0.0,0.0,296,inf,250.0,official_prepanel,small,18.0,0,可交易（DK_s＝0）,未扣成本（成本參考：2.8 折來回約 0.38%、全額約 0.585%）；交易方法狀態未知（全額交割、變更交易方法、停止信用交易的來源未提供）；容量以 s 日 vol20 估計，未模擬開盤競價量與滑價；容量受限,未扣成本·事後欄位以 m_ 標示·非投資建議
HO,2,2023-10-03,2023-10-04,5348,正能量智能,TPEx,S,S0_atr14@5,5,323,0.051229,,0,0,1,0.89,24.332,47.181,180.4,1.0,floor(1%×vol20),0.0,0.0,296,inf,250.0,official_prepanel,small,71.0,0,可交易（DK_s＝0）,未扣成本（成本參考：2.8 折來回約 0.38%、全額約 0.585%）；交易方法狀態未知（全額交割、變更交易方法、停止信用交易的來源未提供）；容量以 s 日 vol20 估計，未模擬開盤競價量與滑價；容量受限,未扣成本·事後欄位以 m_ 標示·非投資建議
HO,2,2023-10-03,2023-10-04,6222,立軒,TPEx,S,S0_atr14@5,4,323,0.051753,,0,0,1,6.132,12.5,3.774,139.65,1.0,floor(1%×vol20),0.0,0.0,296,inf,250.0,official_prepanel,small,207.0,0,可交易（DK_s＝0）,未扣成本（成本參考：2.8 折來回約 0.38%、全額約 0.585%）；交易方法狀態未知（全額交割、變更交易方法、停止信用交易的來源未提供）；容量以 s 日 vol20 估計，未模擬開盤競價量與滑價；容量受限,未扣成本·事後欄位以 m_ 標示·非投資建議
HO,2,2023-10-03,2023-10-04,6291,沛亨,TPEx,S,S0_atr14@5,3,323,0.053405,,0,0,1,2.804,0.467,-7.243,288.8,2.0,floor(1%×vol20),0.0,0.0,296,inf,250.0,official_prepanel,mid,118.0,0,可交易（DK_s＝0）,未扣成本（成本參考：2.8 折來回約 0.38%、全額約 0.585%）；交易方法狀態未知（全額交割、變更交易方法、停止信用交易的來源未提供）；容量以 s 日 vol20 估計，未模擬開盤競價量與滑價；容量受限,未扣成本·事後欄位以 m_ 標示·非投資建議
HO,2,2023-10-03,2023-10-04,6593,台灣銘板,TPEx,S,S0_atr14@5,2,323,0.054919,,0,0,1,2.917,11.831,22.26,250.15,2.0,floor(1%×vol20),0.0,0.0,296,inf,250.0,official_prepanel,small,262.0,0,可交易（DK_s＝0）,未扣成本（成本參考：2.8 折來回約 0.38%、全額約 0.585%）；交易方法狀態未知（全額交割、變更交易方法、停止信用交易的來源未提供）；容量以 s 日 vol20 估計，未模擬開盤競價量與滑價；容量受限,未扣成本·事後欄位以 m_ 標示·非投資建議
HO,2,2023-10-04,2023-10-05,4154,樂威科-KY,TPEx,S,S0_atr14@5,2,320,0.053898,,0,0,1,0.368,-8.824,-12.5,123.75,1.0,floor(1%×vol20),0.0,0.0,297,inf,250.0,official_prepanel,small,40.0,0,可交易（DK_s＝0）,未扣成本（成本參考：2.8 折來回約 0.38%、全額約 0.585%）；交易方法狀態未知（全額交割、變更交易方法、停止信用交易的來源未提供）；容量以 s 日 vol20 估計，未模擬開盤競價量與滑價；容量受限,未扣成本·事後欄位以 m_ 標示·非投資建議
HO,2,2023-10-04,2023-10-05,4950,金耘國際,TPEx,S,S0_atr14@5,1,320,0.058635,,0,0,1,-0.4,-5.8,-12.0,104.5,1.0,floor(1%×vol20),0.0,0.0,297,inf,250.0,official_prepanel,small,387.0,0,可交易（DK_s＝0）,未扣成本（成本參考：2.8 折來回約 0.38%、全額約 0.585%）；交易方法狀態未知（全額交割、變更交易方法、停止信用交易的來源未提供）；容量以 s 日 vol20 估計，未模擬開盤競價量與滑價；容量受限,未扣成本·事後欄位以 m_ 標示·非投資建議
HO,2,2023-10-04,2023-10-05,6222,立軒,TPEx,S,S0_atr14@5,3,320,0.052857,,0,0,1,0.889,4.667,-2.222,147.1,1.0,floor(1%×vol20),0.0,0.0,297,inf,250.0,official_prepanel,small,101.0,0,可交易（DK_s＝0）,未扣成本（成本參考：2.8 折來回約 0.38%、全額約 0.585%）；交易方法狀態未知（全額交割、變更交易方法、停止信用交易的來源未提供）；容量以 s 日 vol20 估計，未模擬開盤競價量與滑價；容量受限,未扣成本·事後欄位以 m_ 標示·非投資建議
HO,2,2023-10-04,2023-10-05,6291,沛亨,TPEx,S,S0_atr14@5,4,320,0.051623,,0,0,1,0.905,-4.299,-11.991,275.2,2.0,floor(1%×vol20),0.0,0.0,297,inf,250.0,official_prepanel,mid,47.0,0,可交易（DK_s＝0）,未扣成本（成本參考：2.8 折來回約 0.38%、全額約 0.585%）；交易方法狀態未知（全額交割、變更交易方法、停止信用交易的來源未提供）；容量以 s 日 vol20 估計，未模擬開盤競價量與滑價；容量受限,未扣成本·事後欄位以 m_ 標示·非投資建議
HO,2,2023-10-04,2023-10-05,6593,台灣銘板,TPEx,S,S0_atr14@5,5,320,0.050956,,0,0,1,-1.705,9.457,16.952,252.05,2.0,floor(1%×vol20),0.0,0.0,297,inf,250.0,official_prepanel,small,149.0,0,可交易（DK_s＝0）,未扣成本（成本參考：2.8 折來回約 0.38%、全額約 0.585%）；交易方法狀態未知（全額交割、變更交易方法、停止信用交易的來源未提供）；容量以 s 日 vol20 估計，未模擬開盤競價量與滑價；容量受限,未扣成本·事後欄位以 m_ 標示·非投資建議
HO,2,2023-10-05,2023-10-06,4154,樂威科-KY,TPEx,S,S0_atr14@5,3,316,0.048666,,0,0,1,-0.364,-10.182,-7.636,118.9,1.0,floor(1%×vol20),0.0,0.0,298,inf,250.0,official_prepanel,small,19.0,0,可交易（DK_s＝0）,未扣成本（成本參考：2.8 折來回約 0.38%、全額約 0.585%）；交易方法狀態未知（全額交割、變更交易方法、停止信用交易的來源未提供）；容量以 s 日 vol20 估計，未模擬開盤競價量與滑價；容量受限,未扣成本·事後欄位以 m_ 標示·非投資建議
HO,2,2023-10-05,2023-10-06,4950,金耘國際,TPEx,S,S0_atr14@5,1,316,0.059165,,0,0,1,-4.227,-6.804,-11.753,121.8,1.0,floor(1%×vol20),0.0,0.0,298,inf,250.0,official_prepanel,small,117.0,0,可交易（DK_s＝0）,未扣成本（成本參考：2.8 折來回約 0.38%、全額約 0.585%）；交易方法狀態未知（全額交割、變更交易方法、停止信用交易的來源未提供）；容量以 s 日 vol20 估計，未模擬開盤競價量與滑價；容量受限,未扣成本·事後欄位以 m_ 標示·非投資建議
HO,2,2023-10-05,2023-10-06,6222,立軒,TPEx,S,S0_atr14@5,2,316,0.052549,,0,0,1,3.778,3.111,-5.333,148.5,1.0,floor(1%×vol20),0.0,0.0,298,inf,250.0,official_prepanel,small,99.0,0,可交易（DK_s＝0）,未扣成本（成本參考：2.8 折來回約 0.38%、全額約 0.585%）；交易方法狀態未知（全額交割、變更交易方法、停止信用交易的來源未提供）；容量以 s 日 vol20 估計，未模擬開盤競價量與滑價；容量受限,未扣成本·事後欄位以 m_ 標示·非投資建議
HO,2,2023-10-05,2023-10-06,6291,沛亨,TPEx,S,S0_atr14@5,4,316,0.047406,,0,0,1,-2.863,-8.37,-15.198,268.9,2.0,floor(1%×vol20),0.0,0.0,298,inf,250.0,official_prepanel,mid,39.0,0,可交易（DK_s＝0）,未扣成本（成本參考：2.8 折來回約 0.38%、全額約 0.585%）；交易方法狀態未知（全額交割、變更交易方法、停止信用交易的來源未提供）；容量以 s 日 vol20 估計，未模擬開盤競價量與滑價；容量受限,未扣成本·事後欄位以 m_ 標示·非投資建議
HO,2,2023-10-05,2023-10-06,6593,台灣銘板,TPEx,S,S0_atr14@5,5,316,0.047319,,0,0,1,-4.101,12.461,27.083,251.05,2.0,floor(1%×vol20),0.0,0.0,298,inf,250.0,official_prepanel,small,282.0,0,可交易（DK_s＝0）,未扣成本（成本參考：2.8 折來回約 0.38%、全額約 0.585%）；交易方法狀態未知（全額交割、變更交易方法、停止信用交易的來源未提供）；容量以 s 日 vol20 估計，未模擬開盤競價量與滑價；容量受限,未扣成本·事後欄位以 m_ 標示·非投資建議
HO,2,2023-10-06,2023-10-11,2719,燦星旅,TPEx,S,S0_atr14@5,5,313,0.043527,,0,0,1,7.407,-0.309,6.327,112.35,1.0,floor(1%×vol20),0.0,0.0,299,inf,250.0,official_prepanel,small,606.0,0,可交易（DK_s＝0）,未扣成本（成本參考：2.8 折來回約 0.38%、全額約 0.585%）；交易方法狀態未知（全額交割、變更交易方法、停止信用交易的來源未提供）；容量以 s 日 vol20 估計，未模擬開盤競價量與滑價；容量受限,未扣成本·事後欄位以 m_ 標示·非投資建議
HO,2,2023-10-06,2023-10-11,4950,金耘國際,TPEx,S,S0_atr14@5,1,313,0.0662,,0,0,1,-7.104,-2.514,-2.951,125.65,1.0,floor(1%×vol20),0.0,0.0,299,inf,250.0,official_prepanel,small,522.0,0,可交易（DK_s＝0）,未扣成本（成本參考：2.8 折來回約 0.38%、全額約 0.585%）；交易方法狀態未知（全額交割、變更交易方法、停止信用交易的來源未提供）；容量以 s 日 vol20 估計，未模擬開盤競價量與滑價；容量受限,未扣成本·事後欄位以 m_ 標示·非投資建議
HO,2,2023-10-06,2023-10-11,6222,立軒,TPEx,S,S0_atr14@5,2,313,0.052004,,0,0,1,-4.331,-13.78,-15.748,144.65,1.0,floor(1%×vol20),0.0,0.0,299,inf,250.0,official_prepanel,small,481.0,0,可交易（DK_s＝0）,未扣成本（成本參考：2.8 折來回約 0.38%、全額約 0.585%）；交易方法狀態未知（全額交割、變更交易方法、停止信用交易的來源未提供）；容量以 s 日 vol20 估計，未模擬開盤競價量與滑價；容量受限,未扣成本·事後欄位以 m_ 標示·非投資建議
HO,2,2023-10-06,2023-10-11,6291,沛亨,TPEx,S,S0_atr14@5,3,313,0.047781,,0,0,1,-4.667,-7.556,-12.0,260.75,2.0,floor(1%×vol20),0.0,0.0,299,inf,250.0,official_prepanel,mid,75.0,0,可交易（DK_s＝0）,未扣成本（成本參考：2.8 折來回約 0.38%、全額約 0.585%）；交易方法狀態未知（全額交割、變更交易方法、停止信用交易的來源未提供）；容量以 s 日 vol20 估計，未模擬開盤競價量與滑價；容量受限,未扣成本·事後欄位以 m_ 標示·非投資建議
HO,2,2023-10-06,2023-10-11,6593,台灣銘板,TPEx,S,S0_atr14@5,4,313,0.046288,,0,0,1,6.602,13.849,42.718,255.1,2.0,floor(1%×vol20),0.0,0.0,299,inf,250.0,official_prepanel,small,886.0,0,可交易（DK_s＝0）,未扣成本（成本參考：2.8 折來回約 0.38%、全額約 0.585%）；交易方法狀態未知（全額交割、變更交易方法、停止信用交易的來源未提供）；容量以 s 日 vol20 估計，未模擬開盤競價量與滑價；容量受限,未扣成本·事後欄位以 m_ 標示·非投資建議
HO,2,2023-10-11,2023-10-12,2719,燦星旅,TPEx,S,S0_atr14@5,4,306,0.047209,,0,0,1,-1.295,-11.511,-3.309,139.8,1.0,floor(1%×vol20),0.0,0.0,300,inf,250.0,official_prepanel,small,266.0,0,可交易（DK_s＝0）,未扣成本（成本參考：2.8 折來回約 0.38%、全額約 0.585%）；交易方法狀態未知（全額交割、變更交易方法、停止信用交易的來源未提供）；容量以 s 日 vol20 估計，未模擬開盤競價量與滑價；容量受限,未扣成本·事後欄位以 m_ 標示·非投資建議
HO,2,2023-10-11,2023-10-12,4950,金耘國際,TPEx,S,S0_atr14@5,1,306,0.071261,,0,0,1,-2.169,0.0,11.416,150.2,1.0,floor(1%×vol20),0.0,0.0,300,inf,250.0,official_prepanel,small,135.0,0,可交易（DK_s＝0）,未扣成本（成本參考：2.8 折來回約 0.38%、全額約 0.585%）；交易方法狀態未知（全額交割、變更交易方法、停止信用交易的來源未提供）；容量以 s 日 vol20 估計，未模擬開盤競價量與滑價；容量受限,未扣成本·事後欄位以 m_ 標示·非投資建議
HO,2,2023-10-11,2023-10-12,6222,立軒,TPEx,S,S0_atr14@5,2,306,0.053939,,0,0,1,-3.245,-11.359,-13.793,164.25,1.0,floor(1%×vol20),0.0,0.0,300,inf,250.0,official_prepanel,small,130.0,0,可交易（DK_s＝0）,未扣成本（成本參考：2.8 折來回約 0.38%、全額約 0.585%）；交易方法狀態未知（全額交割、變更交易方法、停止信用交易的來源未提供）；容量以 s 日 vol20 估計，未模擬開盤競價量與滑價；容量受限,未扣成本·事後欄位以 m_ 標示·非投資建議
HO,2,2023-10-11,2023-10-12,6291,沛亨,TPEx,S,S0_atr14@5,3,306,0.049451,,0,0,1,-0.232,-8.817,-6.729,243.35,2.0,floor(1%×vol20),0.0,0.0,300,inf,250.0,official_prepanel,mid,58.0,0,可交易（DK_s＝0）,未扣成本（成本參考：2.8 折來回約 0.38%、全額約 0.585%）；交易方法狀態未知（全額交割、變更交易方法、停止信用交易的來源未提供）；容量以 s 日 vol20 估計，未模擬開盤競價量與滑價；容量受限,未扣成本·事後欄位以 m_ 標示·非投資建議
HO,2,2023-10-11,2023-10-12,6569,醫揚,TPEx,S,S0_atr14@5,5,306,0.045635,,0,0,1,2.162,-11.081,-5.946,229.95,2.0,floor(1%×vol20),0.0,0.0,300,inf,250.0,official_prepanel,small,335.0,0,可交易（DK_s＝0）,未扣成本（成本參考：2.8 折來回約 0.38%、全額約 0.585%）；交易方法狀態未知（全額交割、變更交易方法、停止信用交易的來源未提供）；容量以 s 日 vol20 估計，未模擬開盤競價量與滑價；容量受限,未扣成本·事後欄位以 m_ 標示·非投資建議
HO,2,2023-10-12,2023-10-13,2719,燦星旅,TPEx,S,S0_atr14@5,3,312,0.049354,,0,0,1,2.679,-5.06,-1.042,147.9,1.0,floor(1%×vol20),0.0,1.0,301,inf,250.0,official_prepanel,small,235.0,0,可交易（DK_s＝0）,未扣成本（成本參考：2.8 折來回約 0.38%、全額約 0.585%）；交易方法狀態未知（全額交割、變更交易方法、停止信用交易的來源未提供）；容量以 s 日 vol20 估計，未模擬開盤競價量與滑價；容量受限,未扣成本·事後欄位以 m_ 標示·非投資建議
HO,2,2023-10-12,2023-10-13,3623,富晶通,TPEx,S,S0_atr14@5,4,312,0.047619,,0,0,1,-0.966,-8.213,-5.556,285.35,2.0,floor(1%×vol20),0.0,0.0,301,inf,250.0,official_prepanel,small,39.0,0,可交易（DK_s＝0）,未扣成本（成本參考：2.8 折來回約 0.38%、全額約 0.585%）；交易方法狀態未知（全額交割、變更交易方法、停止信用交易的來源未提供）；容量以 s 日 vol20 估計，未模擬開盤競價量與滑價；容量受限,未扣成本·事後欄位以 m_ 標示·非投資建議
HO,2,2023-10-12,2023-10-13,4950,金耘國際,TPEx,S,S0_atr14@5,1,312,0.068595,,0,0,1,9.79,-0.233,17.133,149.85,1.0,floor(1%×vol20),0.0,0.0,301,inf,250.0,official_prepanel,small,211.0,0,可交易（DK_s＝0）,未扣成本（成本參考：2.8 折來回約 0.38%、全額約 0.585%）；交易方法狀態未知（全額交割、變更交易方法、停止信用交易的來源未提供）；容量以 s 日 vol20 估計，未模擬開盤競價量與滑價；容量受限,未扣成本·事後欄位以 m_ 標示·非投資建議
HO,2,2023-10-12,2023-10-13,6222,立軒,TPEx,S,S0_atr14@5,2,312,0.050165,,0,0,1,0.0,-6.582,-10.191,143.3,1.0,floor(1%×vol20),0.0,0.0,301,inf,250.0,official_prepanel,small,42.0,0,可交易（DK_s＝0）,未扣成本（成本參考：2.8 折來回約 0.38%、全額約 0.585%）；交易方法狀態未知（全額交割、變更交易方法、停止信用交易的來源未提供）；容量以 s 日 vol20 估計，未模擬開盤競價量與滑價；容量受限,未扣成本·事後欄位以 m_ 標示·非投資建議
HO,2,2023-10-12,2023-10-13,6569,醫揚,TPEx,S,S0_atr14@5,5,312,0.046107,,0,0,1,-1.348,-9.164,-7.008,239.6,2.0,floor(1%×vol20),0.0,0.0,301,inf,250.0,official_prepanel,mid,259.0,0,可交易（DK_s＝0）,未扣成本（成本參考：2.8 折來回約 0.38%、全額約 0.585%）；交易方法狀態未知（全額交割、變更交易方法、停止信用交易的來源未提供）；容量以 s 日 vol20 估計，未模擬開盤競價量與滑價；容量受限,未扣成本·事後欄位以 m_ 標示·非投資建議
HO,2,2023-10-13,2023-10-16,2719,燦星旅,TPEx,S,S0_atr14@5,1,313,0.051967,,0,0,1,-1.439,-7.194,-6.763,156.4,1.0,floor(1%×vol20),0.0,1.0,302,inf,250.0,official_prepanel,small,175.0,0,可交易（DK_s＝0）,未扣成本（成本參考：2.8 折來回約 0.38%、全額約 0.585%）；交易方法狀態未知（全額交割、變更交易方法、停止信用交易的來源未提供）；容量以 s 日 vol20 估計，未模擬開盤競價量與滑價；容量受限,未扣成本·事後欄位以 m_ 標示·非投資建議
HO,2,2023-10-13,2023-10-16,3623,富晶通,TPEx,S,S0_atr14@5,5,313,0.04547,,0,0,1,-2.439,-7.317,3.415,262.25,2.0,floor(1%×vol20),0.0,0.0,302,inf,250.0,official_prepanel,small,81.0,0,可交易（DK_s＝0）,未扣成本（成本參考：2.8 折來回約 0.38%、全額約 0.585%）；交易方法狀態未知（全額交割、變更交易方法、停止信用交易的來源未提供）；容量以 s 日 vol20 估計，未模擬開盤競價量與滑價；容量受限,未扣成本·事後欄位以 m_ 標示·非投資建議
HO,2,2023-10-13,2023-10-16,5344,立衛,TPEx,S,S0_atr14@5,4,313,0.047043,,0,0,1,-0.543,-0.815,-3.261,125.05,1.0,floor(1%×vol20),0.0,0.0,302,inf,250.0,official_prepanel,small,54.0,0,可交易（DK_s＝0）,未扣成本（成本參考：2.8 折來回約 0.38%、全額約 0.585%）；交易方法狀態未知（全額交割、變更交易方法、停止信用交易的來源未提供）；容量以 s 日 vol20 估計，未模擬開盤競價量與滑價；容量受限,未扣成本·事後欄位以 m_ 標示·非投資建議
HO,2,2023-10-13,2023-10-16,6222,立軒,TPEx,S,S0_atr14@5,2,313,0.050349,,0,0,1,-3.734,-8.714,-12.863,126.0,1.0,floor(1%×vol20),0.0,0.0,302,inf,250.0,official_prepanel,small,29.0,0,可交易（DK_s＝0）,未扣成本（成本參考：2.8 折來回約 0.38%、全額約 0.585%）；交易方法狀態未知（全額交割、變更交易方法、停止信用交易的來源未提供）；容量以 s 日 vol20 估計，未模擬開盤競價量與滑價；容量受限,未扣成本·事後欄位以 m_ 標示·非投資建議
HO,2,2023-10-13,2023-10-16,6569,醫揚,TPEx,S,S0_atr14@5,3,313,0.048595,,0,0,1,-0.829,-8.011,3.591,247.1,2.0,floor(1%×vol20),0.0,0.0,302,inf,250.0,official_prepanel,small,86.0,0,可交易（DK_s＝0）,未扣成本（成本參考：2.8 折來回約 0.38%、全額約 0.585%）；交易方法狀態未知（全額交割、變更交易方法、停止信用交易的來源未提供）；容量以 s 日 vol20 估計，未模擬開盤競價量與滑價；容量受限,未扣成本·事後欄位以 m_ 標示·非投資建議
HO,2,2023-10-16,2023-10-17,2719,燦星旅,TPEx,S,S0_atr14@5,2,314,0.055787,,0,0,1,-6.377,-1.014,-7.246,159.7,1.0,floor(1%×vol20),0.0,1.0,303,inf,250.0,official_prepanel,small,95.0,0,可交易（DK_s＝0）,未扣成本（成本參考：2.8 折來回約 0.38%、全額約 0.585%）；交易方法狀態未知（全額交割、變更交易方法、停止信用交易的來源未提供）；容量以 s 日 vol20 估計，未模擬開盤競價量與滑價；容量受限,未扣成本·事後欄位以 m_ 標示·非投資建議
HO,2,2023-10-16,2023-10-17,4950,金耘國際,TPEx,S,S0_atr14@5,1,314,0.073641,,0,0,1,4.206,0.0,14.603,159.35,1.0,floor(1%×vol20),0.0,0.0,303,inf,250.0,official_prepanel,small,103.0,0,可交易（DK_s＝0）,未扣成本（成本參考：2.8 折來回約 0.38%、全額約 0.585%）；交易方法狀態未知（全額交割、變更交易方法、停止信用交易的來源未提供）；容量以 s 日 vol20 估計，未模擬開盤競價量與滑價；容量受限,未扣成本·事後欄位以 m_ 標示·非投資建議
HO,2,2023-10-16,2023-10-17,6222,立軒,TPEx,S,S0_atr14@5,3,314,0.0508,,0,0,1,-3.097,-5.752,-8.186,118.85,1.0,floor(1%×vol20),0.0,0.0,303,inf,250.0,official_prepanel,small,77.0,0,可交易（DK_s＝0）,未扣成本（成本參考：2.8 折來回約 0.38%、全額約 0.585%）；交易方法狀態未知（全額交割、變更交易方法、停止信用交易的來源未提供）；容量以 s 日 vol20 估計，未模擬開盤競價量與滑價；容量受限,未扣成本·事後欄位以 m_ 標示·非投資建議
HO,2,2023-10-16,2023-10-17,6291,沛亨,TPEx,S,S0_atr14@5,5,314,0.045158,,0,0,1,0.0,-7.452,1.442,135.9,1.0,floor(1%×vol20),0.0,0.0,303,inf,250.0,official_prepanel,mid,26.0,0,可交易（DK_s＝0）,未扣成本（成本參考：2.8 折來回約 0.38%、全額約 0.585%）；交易方法狀態未知（全額交割、變更交易方法、停止信用交易的來源未提供）；容量以 s 日 vol20 估計，未模擬開盤競價量與滑價；容量受限,未扣成本·事後欄位以 m_ 標示·非投資建議
HO,2,2023-10-16,2023-10-17,6569,醫揚,TPEx,S,S0_atr14@5,4,314,0.049741,,0,0,1,-3.297,-7.143,7.143,249.6,2.0,floor(1%×vol20),0.0,0.0,303,inf,250.0,official_prepanel,small,73.0,0,可交易（DK_s＝0）,未扣成本（成本參考：2.8 折來回約 0.38%、全額約 0.585%）；交易方法狀態未知（全額交割、變更交易方法、停止信用交易的來源未提供）；容量以 s 日 vol20 估計，未模擬開盤競價量與滑價；容量受限,未扣成本·事後欄位以 m_ 標示·非投資建議
HO,2,2023-10-17,2023-10-18,2719,燦星旅,TPEx,S,S0_atr14@5,2,313,0.061588,,0,0,1,-3.906,7.656,-6.25,159.1,1.0,floor(1%×vol20),0.0,1.0,304,inf,250.0,official_prepanel,small,158.0,0,可交易（DK_s＝0）,未扣成本（成本參考：2.8 折來回約 0.38%、全額約 0.585%）；交易方法狀態未知（全額交割、變更交易方法、停止信用交易的來源未提供）；容量以 s 日 vol20 估計，未模擬開盤競價量與滑價；容量受限,未扣成本·事後欄位以 m_ 標示·非投資建議
HO,2,2023-10-17,2023-10-18,4950,金耘國際,TPEx,S,S0_atr14@5,1,313,0.076473,,0,0,1,-1.573,-0.225,12.247,157.7,1.0,floor(1%×vol20),0.0,0.0,304,inf,250.0,official_prepanel,small,58.0,0,可交易（DK_s＝0）,未扣成本（成本參考：2.8 折來回約 0.38%、全額約 0.585%）；交易方法狀態未知（全額交割、變更交易方法、停止信用交易的來源未提供）；容量以 s 日 vol20 估計，未模擬開盤競價量與滑價；容量受限,未扣成本·事後欄位以 m_ 標示·非投資建議
HO,2,2023-10-17,2023-10-18,5301,,TPEx,S,S0_atr14@5,5,313,0.048337,,0,0,1,-0.431,-2.155,-5.172,120.8,1.0,floor(1%×vol20),0.0,0.0,304,inf,250.0,official_prepanel,small,184.0,0,可交易（DK_s＝0）,未扣成本（成本參考：2.8 折來回約 0.38%、全額約 0.585%）；交易方法狀態未知（全額交割、變更交易方法、停止信用交易的來源未提供）；容量以 s 日 vol20 估計，未模擬開盤競價量與滑價；容量受限,未扣成本·事後欄位以 m_ 標示·非投資建議
HO,2,2023-10-17,2023-10-18,6222,立軒,TPEx,S,S0_atr14@5,3,313,0.05561,,0,0,1,1.628,-0.465,-6.744,114.3,1.0,floor(1%×vol20),0.0,0.0,304,inf,250.0,official_prepanel,small,79.0,0,可交易（DK_s＝0）,未扣成本（成本參考：2.8 折來回約 0.38%、全額約 0.585%）；交易方法狀態未知（全額交割、變更交易方法、停止信用交易的來源未提供）；容量以 s 日 vol20 估計，未模擬開盤競價量與滑價；容量受限,未扣成本·事後欄位以 m_ 標示·非投資建議
HO,2,2023-10-17,2023-10-18,6569,醫揚,TPEx,S,S0_atr14@5,4,313,0.048904,,0,0,1,-6.534,-1.42,14.205,245.95,2.0,floor(1%×vol20),0.0,0.0,304,inf,250.0,official_prepanel,small,206.0,0,可交易（DK_s＝0）,未扣成本（成本參考：2.8 折來回約 0.38%、全額約 0.585%）；交易方法狀態未知（全額交割、變更交易方法、停止信用交易的來源未提供）；容量以 s 日 vol20 估計，未模擬開盤競價量與滑價；容量受限,未扣成本·事後欄位以 m_ 標示·非投資建議
HO,2,2023-10-18,2023-10-19,2719,燦星旅,TPEx,S,S0_atr14@5,2,309,0.068641,,0,0,1,3.74,9.268,7.317,162.4,1.0,floor(1%×vol20),0.0,1.0,305,inf,250.0,official_prepanel,small,89.0,0,可交易（DK_s＝0）,未扣成本（成本參考：2.8 折來回約 0.38%、全額約 0.585%）；交易方法狀態未知（全額交割、變更交易方法、停止信用交易的來源未提供）；容量以 s 日 vol20 估計，未模擬開盤競價量與滑價；容量受限,未扣成本·事後欄位以 m_ 標示·非投資建議
HO,2,2023-10-18,2023-10-19,4950,金耘國際,TPEx,S,S0_atr14@5,1,309,0.075669,,0,0,1,-0.465,13.488,16.86,156.6,1.0,floor(1%×vol20),0.0,0.0,305,inf,250.0,official_prepanel,small,39.0,0,可交易（DK_s＝0）,未扣成本（成本參考：2.8 折來回約 0.38%、全額約 0.585%）；交易方法狀態未知（全額交割、變更交易方法、停止信用交易的來源未提供）；容量以 s 日 vol20 估計，未模擬開盤競價量與滑價；容量受限,未扣成本·事後欄位以 m_ 標示·非投資建議
HO,2,2023-10-18,2023-10-19,5301,,TPEx,S,S0_atr14@5,5,309,0.05133,,0,0,1,1.732,-0.433,4.762,124.9,1.0,floor(1%×vol20),0.0,0.0,305,inf,250.0,official_prepanel,small,110.0,0,可交易（DK_s＝0）,未扣成本（成本參考：2.8 折來回約 0.38%、全額約 0.585%）；交易方法狀態未知（全額交割、變更交易方法、停止信用交易的來源未提供）；容量以 s 日 vol20 估計，未模擬開盤競價量與滑價；容量受限,未扣成本·事後欄位以 m_ 標示·非投資建議
HO,2,2023-10-18,2023-10-19,6222,立軒,TPEx,S,S0_atr14@5,3,309,0.057862,,0,0,1,2.326,-1.163,-7.442,113.05,1.0,floor(1%×vol20),0.0,0.0,305,inf,250.0,official_prepanel,small,35.0,0,可交易（DK_s＝0）,未扣成本（成本參考：2.8 折來回約 0.38%、全額約 0.585%）；交易方法狀態未知（全額交割、變更交易方法、停止信用交易的來源未提供）；容量以 s 日 vol20 估計，未模擬開盤競價量與滑價；容量受限,未扣成本·事後欄位以 m_ 標示·非投資建議
HO,2,2023-10-18,2023-10-19,6569,醫揚,TPEx,S,S0_atr14@5,4,309,0.055363,,0,0,1,1.506,4.819,17.47,252.9,2.0,floor(1%×vol20),0.0,0.0,305,inf,250.0,official_prepanel,small,108.0,0,可交易（DK_s＝0）,未扣成本（成本參考：2.8 折來回約 0.38%、全額約 0.585%）；交易方法狀態未知（全額交割、變更交易方法、停止信用交易的來源未提供）；容量以 s 日 vol20 估計，未模擬開盤競價量與滑價；容量受限,未扣成本·事後欄位以 m_ 標示·非投資建議
HO,2,2023-10-19,2023-10-20,2719,燦星旅,TPEx,S,S0_atr14@5,2,316,0.069189,,0,0,1,4.032,7.258,10.161,163.3,1.0,floor(1%×vol20),0.0,0.0,306,inf,250.0,official_prepanel,small,139.0,0,可交易（DK_s＝0）,未扣成本（成本參考：2.8 折來回約 0.38%、全額約 0.585%）；交易方法狀態未知（全額交割、變更交易方法、停止信用交易的來源未提供）；容量以 s 日 vol20 估計，未模擬開盤競價量與滑價；容量受限,未扣成本·事後欄位以 m_ 標示·非投資建議
HO,2,2023-10-19,2023-10-20,4950,金耘國際,TPEx,S,S0_atr14@5,1,316,0.071762,,0,0,1,1.033,15.385,14.811,149.55,1.0,floor(1%×vol20),0.0,0.0,306,inf,250.0,official_prepanel,small,30.0,0,可交易（DK_s＝0）,未扣成本（成本參考：2.8 折來回約 0.38%、全額約 0.585%）；交易方法狀態未知（全額交割、變更交易方法、停止信用交易的來源未提供）；容量以 s 日 vol20 估計，未模擬開盤競價量與滑價；容量受限,未扣成本·事後欄位以 m_ 標示·非投資建議
HO,2,2023-10-19,2023-10-20,5301,,TPEx,S,S0_atr14@5,5,316,0.048632,,0,0,1,-0.87,-1.304,1.739,124.9,1.0,floor(1%×vol20),0.0,0.0,306,inf,250.0,official_prepanel,small,75.0,0,可交易（DK_s＝0）,未扣成本（成本參考：2.8 折來回約 0.38%、全額約 0.585%）；交易方法狀態未知（全額交割、變更交易方法、停止信用交易的來源未提供）；容量以 s 日 vol20 估計，未模擬開盤競價量與滑價；容量受限,未扣成本·事後欄位以 m_ 標示·非投資建議
HO,2,2023-10-19,2023-10-20,6222,立軒,TPEx,S,S0_atr14@5,3,316,0.058442,,0,0,1,0.0,-3.864,-6.818,110.2,1.0,floor(1%×vol20),0.0,0.0,306,inf,250.0,official_prepanel,small,23.0,0,可交易（DK_s＝0）,未扣成本（成本參考：2.8 折來回約 0.38%、全額約 0.585%）；交易方法狀態未知（全額交割、變更交易方法、停止信用交易的來源未提供）；容量以 s 日 vol20 估計，未模擬開盤競價量與滑價；容量受限,未扣成本·事後欄位以 m_ 標示·非投資建議
HO,2,2023-10-19,2023-10-20,6569,醫揚,TPEx,S,S0_atr14@5,4,316,0.055532,,0,0,1,0.0,3.604,17.117,257.35,2.0,floor(1%×vol20),0.0,0.0,306,inf,250.0,official_prepanel,small,58.0,0,可交易（DK_s＝0）,未扣成本（成本參考：2.8 折來回約 0.38%、全額約 0.585%）；交易方法狀態未知（全額交割、變更交易方法、停止信用交易的來源未提供）；容量以 s 日 vol20 估計，未模擬開盤競價量與滑價；容量受限,未扣成本·事後欄位以 m_ 標示·非投資建議
HO,2,2023-10-20,2023-10-23,2719,燦星旅,TPEx,S,S0_atr14@5,1,316,0.072093,,0,0,1,3.799,-1.52,-0.608,165.75,1.0,floor(1%×vol20),0.0,0.0,307,inf,250.0,official_prepanel,small,256.0,0,可交易（DK_s＝0）,未扣成本（成本參考：2.8 折來回約 0.38%、全額約 0.585%）；交易方法狀態未知（全額交割、變更交易方法、停止信用交易的來源未提供）；容量以 s 日 vol20 估計，未模擬開盤競價量與滑價；容量受限,未扣成本·事後欄位以 m_ 標示·非投資建議
HO,2,2023-10-20,2023-10-23,4950,金耘國際,TPEx,S,S0_atr14@5,2,316,0.070536,,0,0,1,-3.058,14.383,12.118,144.0,1.0,floor(1%×vol20),0.0,0.0,307,inf,250.0,official_prepanel,small,49.0,0,可交易（DK_s＝0）,未扣成本（成本參考：2.8 折來回約 0.38%、全額約 0.585%）；交易方法狀態未知（全額交割、變更交易方法、停止信用交易的來源未提供）；容量以 s 日 vol20 估計，未模擬開盤競價量與滑價；容量受限,未扣成本·事後欄位以 m_ 標示·非投資建議
HO,2,2023-10-20,2023-10-23,5301,,TPEx,S,S0_atr14@5,4,316,0.051692,,0,0,1,-0.439,-0.439,4.386,125.45,1.0,floor(1%×vol20),0.0,0.0,307,inf,250.0,official_prepanel,small,53.0,0,可交易（DK_s＝0）,未扣成本（成本參考：2.8 折來回約 0.38%、全額約 0.585%）；交易方法狀態未知（全額交割、變更交易方法、停止信用交易的來源未提供）；容量以 s 日 vol20 估計，未模擬開盤競價量與滑價；容量受限,未扣成本·事後欄位以 m_ 標示·非投資建議
HO,2,2023-10-20,2023-10-23,6222,立軒,TPEx,S,S0_atr14@5,3,316,0.053409,,0,0,1,-1.843,-3.226,-5.991,102.55,1.0,floor(1%×vol20),0.0,0.0,307,inf,250.0,official_prepanel,small,43.0,0,可交易（DK_s＝0）,未扣成本（成本參考：2.8 折來回約 0.38%、全額約 0.585%）；交易方法狀態未知（全額交割、變更交易方法、停止信用交易的來源未提供）；容量以 s 日 vol20 估計，未模擬開盤競價量與滑價；容量受限,未扣成本·事後欄位以 m_ 標示·非投資建議
HO,2,2023-10-20,2023-10-23,6569,醫揚,TPEx,S,S0_atr14@5,5,316,0.050622,,0,0,1,1.198,12.275,16.766,255.7,2.0,floor(1%×vol20),0.0,0.0,307,inf,250.0,official_prepanel,small,37.0,0,可交易（DK_s＝0）,未扣成本（成本參考：2.8 折來回約 0.38%、全額約 0.585%）；交易方法狀態未知（全額交割、變更交易方法、停止信用交易的來源未提供）；容量以 s 日 vol20 估計，未模擬開盤競價量與滑價；容量受限,未扣成本·事後欄位以 m_ 標示·非投資建議
HO,2,2023-10-23,2023-10-24,2719,燦星旅,TPEx,S,S0_atr14@5,1,311,0.071533,,0,0,1,1.175,-6.021,2.203,173.95,1.0,floor(1%×vol20),0.0,0.0,308,inf,250.0,official_prepanel,small,186.0,0,可交易（DK_s＝0）,未扣成本（成本參考：2.8 折來回約 0.38%、全額約 0.585%）；交易方法狀態未知（全額交割、變更交易方法、停止信用交易的來源未提供）；容量以 s 日 vol20 估計，未模擬開盤競價量與滑價；容量受限,未扣成本·事後欄位以 m_ 標示·非投資建議
HO,2,2023-10-23,2023-10-24,4950,金耘國際,TPEx,S,S0_atr14@5,2,311,0.070093,,0,0,1,3.738,14.603,17.407,144.85,1.0,floor(1%×vol20),0.0,0.0,308,inf,250.0,official_prepanel,small,26.0,0,可交易（DK_s＝0）,未扣成本（成本參考：2.8 折來回約 0.38%、全額約 0.585%）；交易方法狀態未知（全額交割、變更交易方法、停止信用交易的來源未提供）；容量以 s 日 vol20 估計，未模擬開盤競價量與滑價；容量受限,未扣成本·事後欄位以 m_ 標示·非投資建議
HO,2,2023-10-23,2023-10-24,5301,,TPEx,S,S0_atr14@5,4,311,0.050031,,0,0,1,0.0,-1.322,14.537,124.95,1.0,floor(1%×vol20),0.0,0.0,308,inf,250.0,official_prepanel,small,167.0,0,可交易（DK_s＝0）,未扣成本（成本參考：2.8 折來回約 0.38%、全額約 0.585%）；交易方法狀態未知（全額交割、變更交易方法、停止信用交易的來源未提供）；容量以 s 日 vol20 估計，未模擬開盤競價量與滑價；容量受限,未扣成本·事後欄位以 m_ 標示·非投資建議
HO,2,2023-10-23,2023-10-24,5344,立衛,TPEx,S,S0_atr14@5,5,311,0.049731,,0,0,1,-1.63,-4.62,2.174,138.8,1.0,floor(1%×vol20),0.0,0.0,308,inf,250.0,official_prepanel,small,95.0,0,可交易（DK_s＝0）,未扣成本（成本參考：2.8 折來回約 0.38%、全額約 0.585%）；交易方法狀態未知（全額交割、變更交易方法、停止信用交易的來源未提供）；容量以 s 日 vol20 估計，未模擬開盤競價量與滑價；容量受限,未扣成本·事後欄位以 m_ 標示·非投資建議
HO,2,2023-10-23,2023-10-24,6222,立軒,TPEx,S,S0_atr14@5,3,311,0.054326,,0,0,1,-0.465,-3.488,-4.884,101.5,1.0,floor(1%×vol20),0.0,0.0,308,inf,250.0,official_prepanel,small,32.0,0,可交易（DK_s＝0）,未扣成本（成本參考：2.8 折來回約 0.38%、全額約 0.585%）；交易方法狀態未知（全額交割、變更交易方法、停止信用交易的來源未提供）；容量以 s 日 vol20 估計，未模擬開盤競價量與滑價；容量受限,未扣成本·事後欄位以 m_ 標示·非投資建議
HO,2,2023-10-24,2023-10-25,2243,宏旭-KY,TWSE,S,S0_atr14@5,5,312,0.045514,,0,0,1,-1.497,-4.491,-0.898,259.35,2.0,floor(1%×vol20),0.0,0.0,309,inf,250.0,official_prepanel,small,97.0,0,可交易（DK_s＝0）,未扣成本（成本參考：2.8 折來回約 0.38%、全額約 0.585%）；交易方法狀態未知（全額交割、變更交易方法、停止信用交易的來源未提供）；容量以 s 日 vol20 估計，未模擬開盤競價量與滑價；容量受限,未扣成本·事後欄位以 m_ 標示·非投資建議
HO,2,2023-10-24,2023-10-25,2719,燦星旅,TPEx,S,S0_atr14@5,1,312,0.072258,,0,0,1,-4.41,-14.651,-3.556,179.9,1.0,floor(1%×vol20),0.0,0.0,309,inf,250.0,official_prepanel,small,95.0,0,可交易（DK_s＝0）,未扣成本（成本參考：2.8 折來回約 0.38%、全額約 0.585%）；交易方法狀態未知（全額交割、變更交易方法、停止信用交易的來源未提供）；容量以 s 日 vol20 估計，未模擬開盤競價量與滑價；容量受限,未扣成本·事後欄位以 m_ 標示·非投資建議
HO,2,2023-10-24,2023-10-25,3664,安瑞-KY,TPEx,S,S0_atr14@5,4,312,0.048598,,0,0,1,0.935,-0.561,3.925,125.2,1.0,floor(1%×vol20),0.0,0.0,309,inf,250.0,official_prepanel,small,28.0,0,可交易（DK_s＝0）,未扣成本（成本參考：2.8 折來回約 0.38%、全額約 0.585%）；交易方法狀態未知（全額交割、變更交易方法、停止信用交易的來源未提供）；容量以 s 日 vol20 估計，未模擬開盤競價量與滑價；容量受限,未扣成本·事後欄位以 m_ 標示·非投資建議
HO,2,2023-10-24,2023-10-25,4950,金耘國際,TPEx,S,S0_atr14@5,2,312,0.065637,,0,0,1,6.087,8.587,8.696,140.75,1.0,floor(1%×vol20),0.0,0.0,309,inf,250.0,official_prepanel,small,1282.0,0,可交易（DK_s＝0）,未扣成本（成本參考：2.8 折來回約 0.38%、全額約 0.585%）；交易方法狀態未知（全額交割、變更交易方法、停止信用交易的來源未提供）；容量以 s 日 vol20 估計，未模擬開盤競價量與滑價；容量受限,未扣成本·事後欄位以 m_ 標示·非投資建議
HO,2,2023-10-24,2023-10-25,5344,立衛,TPEx,S,S0_atr14@5,3,312,0.0515,,0,0,1,-0.549,-2.198,4.67,124.8,1.0,floor(1%×vol20),0.0,0.0,309,inf,250.0,official_prepanel,small,151.0,0,可交易（DK_s＝0）,未扣成本（成本參考：2.8 折來回約 0.38%、全額約 0.585%）；交易方法狀態未知（全額交割、變更交易方法、停止信用交易的來源未提供）；容量以 s 日 vol20 估計，未模擬開盤競價量與滑價；容量受限,未扣成本·事後欄位以 m_ 標示·非投資建議
HO,2,2023-10-25,2023-10-26,2243,宏旭-KY,TWSE,S,S0_atr14@5,5,313,0.046027,,0,0,1,-1.529,-0.917,1.223,261.75,2.0,floor(1%×vol20),0.0,0.0,310,inf,250.0,official_prepanel,small,101.0,0,可交易（DK_s＝0）,未扣成本（成本參考：2.8 折來回約 0.38%、全額約 0.585%）；交易方法狀態未知（全額交割、變更交易方法、停止信用交易的來源未提供）；容量以 s 日 vol20 估計，未模擬開盤競價量與滑價；容量受限,未扣成本·事後欄位以 m_ 標示·非投資建議
HO,2,2023-10-25,2023-10-26,2719,燦星旅,TPEx,S,S0_atr14@5,1,313,0.071216,,0,0,1,-1.042,-1.786,-0.744,180.7,1.0,floor(1%×vol20),0.0,0.0,310,inf,250.0,official_prepanel,small,72.0,0,可交易（DK_s＝0）,未扣成本（成本參考：2.8 折來回約 0.38%、全額約 0.585%）；交易方法狀態未知（全額交割、變更交易方法、停止信用交易的來源未提供）；容量以 s 日 vol20 估計，未模擬開盤競價量與滑價；容量受限,未扣成本·事後欄位以 m_ 標示·非投資建議
HO,2,2023-10-25,2023-10-26,3664,安瑞-KY,TPEx,S,S0_atr14@5,4,313,0.049603,,0,0,1,-4.144,-2.703,-0.18,124.2,1.0,floor(1%×vol20),0.0,0.0,310,inf,250.0,official_prepanel,small,29.0,0,可交易（DK_s＝0）,未扣成本（成本參考：2.8 折來回約 0.38%、全額約 0.585%）；交易方法狀態未知（全額交割、變更交易方法、停止信用交易的來源未提供）；容量以 s 日 vol20 估計，未模擬開盤競價量與滑價；容量受限,未扣成本·事後欄位以 m_ 標示·非投資建議
HO,2,2023-10-25,2023-10-26,5344,立衛,TPEx,S,S0_atr14@5,2,313,0.052684,,0,0,1,-0.28,1.12,7.003,125.0,1.0,floor(1%×vol20),0.0,0.0,310,inf,250.0,official_prepanel,small,81.0,0,可交易（DK_s＝0）,未扣成本（成本參考：2.8 折來回約 0.38%、全額約 0.585%）；交易方法狀態未知（全額交割、變更交易方法、停止信用交易的來源未提供）；容量以 s 日 vol20 估計，未模擬開盤競價量與滑價；容量受限,未扣成本·事後欄位以 m_ 標示·非投資建議
HO,2,2023-10-25,2023-10-26,6752,叡揚,TPEx,S,S0_atr14@5,3,313,0.049969,,0,0,1,4.721,5.15,22.747,199.6,1.0,floor(1%×vol20),0.0,0.0,310,inf,250.0,official_prepanel,small,1002.0,0,可交易（DK_s＝0）,未扣成本（成本參考：2.8 折來回約 0.38%、全額約 0.585%）；交易方法狀態未知（全額交割、變更交易方法、停止信用交易的來源未提供）；容量以 s 日 vol20 估計，未模擬開盤競價量與滑價；容量受限,未扣成本·事後欄位以 m_ 標示·非投資建議
HO,2,2023-10-26,2023-10-27,2719,燦星旅,TPEx,S,S0_atr14@5,1,311,0.071214,,0,0,1,-4.0,1.185,-5.185,181.7,1.0,floor(1%×vol20),0.0,0.0,311,inf,250.0,official_prepanel,small,106.0,0,可交易（DK_s＝0）,未扣成本（成本參考：2.8 折來回約 0.38%、全額約 0.585%）；交易方法狀態未知（全額交割、變更交易方法、停止信用交易的來源未提供）；容量以 s 日 vol20 估計，未模擬開盤競價量與滑價；容量受限,未扣成本·事後欄位以 m_ 標示·非投資建議
HO,2,2023-10-26,2023-10-27,3664,安瑞-KY,TPEx,S,S0_atr14@5,5,311,0.050081,,0,0,1,2.299,3.257,6.513,123.45,1.0,floor(1%×vol20),0.0,0.0,311,inf,250.0,official_prepanel,small,27.0,0,可交易（DK_s＝0）,未扣成本（成本參考：2.8 折來回約 0.38%、全額約 0.585%）；交易方法狀態未知（全額交割、變更交易方法、停止信用交易的來源未提供）；容量以 s 日 vol20 估計，未模擬開盤競價量與滑價；容量受限,未扣成本·事後欄位以 m_ 標示·非投資建議
HO,2,2023-10-26,2023-10-27,4950,金耘國際,TPEx,S,S0_atr14@5,2,311,0.065458,,0,0,1,-1.942,-2.913,-11.068,210.4,2.0,floor(1%×vol20),0.0,0.0,311,inf,250.0,official_prepanel,small,46.0,0,可交易（DK_s＝0）,未扣成本（成本參考：2.8 折來回約 0.38%、全額約 0.585%）；交易方法狀態未知（全額交割、變更交易方法、停止信用交易的來源未提供）；容量以 s 日 vol20 估計，未模擬開盤競價量與滑價；容量受限,未扣成本·事後欄位以 m_ 標示·非投資建議
HO,2,2023-10-26,2023-10-27,5344,立衛,TPEx,S,S0_atr14@5,4,311,0.05317,,0,0,1,0.0,1.404,8.427,126.75,1.0,floor(1%×vol20),0.0,0.0,311,inf,250.0,official_prepanel,small,56.0,0,可交易（DK_s＝0）,未扣成本（成本參考：2.8 折來回約 0.38%、全額約 0.585%）；交易方法狀態未知（全額交割、變更交易方法、停止信用交易的來源未提供）；容量以 s 日 vol20 估計，未模擬開盤競價量與滑價；容量受限,未扣成本·事後欄位以 m_ 標示·非投資建議
HO,2,2023-10-26,2023-10-27,6752,叡揚,TPEx,S,S0_atr14@5,3,311,0.053571,,0,0,1,7.347,0.816,12.653,247.7,2.0,floor(1%×vol20),0.0,0.0,311,inf,250.0,official_prepanel,small,2002.0,0,可交易（DK_s＝0）,未扣成本（成本參考：2.8 折來回約 0.38%、全額約 0.585%）；交易方法狀態未知（全額交割、變更交易方法、停止信用交易的來源未提供）；容量以 s 日 vol20 估計，未模擬開盤競價量與滑價；容量受限,未扣成本·事後欄位以 m_ 標示·非投資建議
HO,2,2023-10-27,2023-10-30,2243,宏旭-KY,TWSE,S,S0_atr14@5,5,307,0.046687,,0,0,1,0.617,1.852,0.309,265.5,2.0,floor(1%×vol20),0.0,0.0,312,inf,250.0,official_prepanel,small,56.0,0,可交易（DK_s＝0）,未扣成本（成本參考：2.8 折來回約 0.38%、全額約 0.585%）；交易方法狀態未知（全額交割、變更交易方法、停止信用交易的來源未提供）；容量以 s 日 vol20 估計，未模擬開盤競價量與滑價；容量受限,未扣成本·事後欄位以 m_ 標示·非投資建議
HO,2,2023-10-27,2023-10-30,2719,燦星旅,TPEx,S,S0_atr14@5,1,307,0.070106,,0,0,1,-1.235,0.926,0.926,186.45,1.0,floor(1%×vol20),0.0,0.0,312,inf,250.0,official_prepanel,small,62.0,0,可交易（DK_s＝0）,未扣成本（成本參考：2.8 折來回約 0.38%、全額約 0.585%）；交易方法狀態未知（全額交割、變更交易方法、停止信用交易的來源未提供）；容量以 s 日 vol20 估計，未模擬開盤競價量與滑價；容量受限,未扣成本·事後欄位以 m_ 標示·非投資建議
HO,2,2023-10-27,2023-10-30,2745,五福,TPEx,S,S0_atr14@5,4,307,0.047267,,0,0,1,-2.941,3.676,23.235,295.25,2.0,floor(1%×vol20),0.0,0.0,312,inf,250.0,official_prepanel,small,259.0,0,可交易（DK_s＝0）,未扣成本（成本參考：2.8 折來回約 0.38%、全額約 0.585%）；交易方法狀態未知（全額交割、變更交易方法、停止信用交易的來源未提供）；容量以 s 日 vol20 估計，未模擬開盤競價量與滑價；容量受限,未扣成本·事後欄位以 m_ 標示·非投資建議
HO,2,2023-10-27,2023-10-30,4950,金耘國際,TPEx,S,S0_atr14@5,2,307,0.05983,,0,0,1,-2.871,-1.98,-10.891,202.6,2.0,floor(1%×vol20),0.0,0.0,312,inf,250.0,official_prepanel,small,59.0,0,可交易（DK_s＝0）,未扣成本（成本參考：2.8 折來回約 0.38%、全額約 0.585%）；交易方法狀態未知（全額交割、變更交易方法、停止信用交易的來源未提供）；容量以 s 日 vol20 估計，未模擬開盤競價量與滑價；容量受限,未扣成本·事後欄位以 m_ 標示·非投資建議
HO,2,2023-10-27,2023-10-30,5344,立衛,TPEx,S,S0_atr14@5,3,307,0.047552,,0,0,1,-1.955,5.587,5.866,126.4,1.0,floor(1%×vol20),0.0,0.0,312,inf,250.0,official_prepanel,small,22.0,0,可交易（DK_s＝0）,未扣成本（成本參考：2.8 折來回約 0.38%、全額約 0.585%）；交易方法狀態未知（全額交割、變更交易方法、停止信用交易的來源未提供）；容量以 s 日 vol20 估計，未模擬開盤競價量與滑價；容量受限,未扣成本·事後欄位以 m_ 標示·非投資建議
HO,2,2023-10-30,2023-10-31,2243,宏旭-KY,TWSE,S,S0_atr14@5,5,301,0.047108,,0,0,1,-2.744,-0.305,4.573,264.95,2.0,floor(1%×vol20),0.0,0.0,313,inf,250.0,official_prepanel,small,138.0,0,可交易（DK_s＝0）,未扣成本（成本參考：2.8 折來回約 0.38%、全額約 0.585%）；交易方法狀態未知（全額交割、變更交易方法、停止信用交易的來源未提供）；容量以 s 日 vol20 估計，未模擬開盤競價量與滑價；容量受限,未扣成本·事後欄位以 m_ 標示·非投資建議
HO,2,2023-10-30,2023-10-31,2719,燦星旅,TPEx,S,S0_atr14@5,1,301,0.067411,,0,0,1,-5.66,9.434,2.044,188.05,1.0,floor(1%×vol20),0.0,0.0,313,inf,250.0,official_prepanel,small,84.0,0,可交易（DK_s＝0）,未扣成本（成本參考：2.8 折來回約 0.38%、全額約 0.585%）；交易方法狀態未知（全額交割、變更交易方法、停止信用交易的來源未提供）；容量以 s 日 vol20 估計，未模擬開盤競價量與滑價；容量受限,未扣成本·事後欄位以 m_ 標示·非投資建議
HO,2,2023-10-30,2023-10-31,2745,五福,TPEx,S,S0_atr14@5,3,301,0.050108,,0,0,1,-1.343,15.672,32.836,290.9,2.0,floor(1%×vol20),0.0,0.0,313,inf,250.0,official_prepanel,small,264.0,0,可交易（DK_s＝0）,未扣成本（成本參考：2.8 折來回約 0.38%、全額約 0.585%）；交易方法狀態未知（全額交割、變更交易方法、停止信用交易的來源未提供）；容量以 s 日 vol20 估計，未模擬開盤競價量與滑價；容量受限,未扣成本·事後欄位以 m_ 標示·非投資建議
HO,2,2023-10-30,2023-10-31,4950,金耘國際,TPEx,S,S0_atr14@5,2,301,0.056721,,0,0,1,-5.308,-4.739,-23.223,204.7,2.0,floor(1%×vol20),0.0,0.0,313,inf,250.0,official_prepanel,small,26.0,0,可交易（DK_s＝0）,未扣成本（成本參考：2.8 折來回約 0.38%、全額約 0.585%）；交易方法狀態未知（全額交割、變更交易方法、停止信用交易的來源未提供）；容量以 s 日 vol20 估計，未模擬開盤競價量與滑價；容量受限,未扣成本·事後欄位以 m_ 標示·非投資建議
HO,2,2023-10-30,2023-10-31,5516,雙喜,TPEx,S,S0_atr14@5,4,301,0.047338,,0,0,1,-7.746,-7.277,11.737,154.85,1.0,floor(1%×vol20),0.0,0.0,313,inf,250.0,official_prepanel,small,410.0,0,可交易（DK_s＝0）,未扣成本（成本參考：2.8 折來回約 0.38%、全額約 0.585%）；交易方法狀態未知（全額交割、變更交易方法、停止信用交易的來源未提供）；容量以 s 日 vol20 估計，未模擬開盤競價量與滑價；容量受限,未扣成本·事後欄位以 m_ 標示·非投資建議
HO,2,2023-10-31,2023-11-01,2719,燦星旅,TPEx,S,S0_atr14@5,2,311,0.066667,,0,0,1,9.635,12.625,5.648,190.8,1.0,floor(1%×vol20),0.0,0.0,314,inf,250.0,official_prepanel,small,177.0,0,可交易（DK_s＝0）,未扣成本（成本參考：2.8 折來回約 0.38%、全額約 0.585%）；交易方法狀態未知（全額交割、變更交易方法、停止信用交易的來源未提供）；容量以 s 日 vol20 估計，未模擬開盤競價量與滑價；容量受限,未扣成本·事後欄位以 m_ 標示·非投資建議
HO,2,2023-10-31,2023-11-01,4950,金耘國際,TPEx,S,S0_atr14@5,4,311,0.054412,,0,0,1,0.5,0.0,-25.5,202.3,2.0,floor(1%×vol20),0.0,0.0,314,inf,250.0,official_prepanel,small,19.0,0,可交易（DK_s＝0）,未扣成本（成本參考：2.8 折來回約 0.38%、全額約 0.585%）；交易方法狀態未知（全額交割、變更交易方法、停止信用交易的來源未提供）；容量以 s 日 vol20 估計，未模擬開盤競價量與滑價；容量受限,未扣成本·事後欄位以 m_ 標示·非投資建議
HO,2,2023-10-31,2023-11-01,5516,雙喜,TPEx,S,S0_atr14@5,5,311,0.05398,,0,0,1,-1.75,0.0,7.25,171.0,1.0,floor(1%×vol20),0.0,0.0,314,inf,250.0,official_prepanel,small,99.0,0,可交易（DK_s＝0）,未扣成本（成本參考：2.8 折來回約 0.38%、全額約 0.585%）；交易方法狀態未知（全額交割、變更交易方法、停止信用交易的來源未提供）；容量以 s 日 vol20 估計，未模擬開盤競價量與滑價；容量受限,未扣成本·事後欄位以 m_ 標示·非投資建議
HO,2,2023-10-31,2023-11-01,6419,京晨科,TPEx,S,S0_atr14@5,1,311,0.073734,,0,0,1,0.0,2.553,-15.465,285.8,2.0,floor(1%×vol20),1.0,0.0,314,inf,250.0,official_prepanel,small,176.0,1,處置中・交易規則另案登錄（DK_s＝1）,未扣成本（成本參考：2.8 折來回約 0.38%、全額約 0.585%）；交易方法狀態未知（全額交割、變更交易方法、停止信用交易的來源未提供）；容量以 s 日 vol20 估計，未模擬開盤競價量與滑價；容量受限,未扣成本·事後欄位以 m_ 標示·非投資建議
HO,2,2023-10-31,2023-11-01,6482,弘煜科,TPEx,S,S0_atr14@5,3,311,0.059864,,0,0,1,7.617,13.281,1.562,102.35,1.0,floor(1%×vol20),1.0,0.0,314,inf,250.0,official_prepanel,small,61.0,1,處置中・交易規則另案登錄（DK_s＝1）,未扣成本（成本參考：2.8 折來回約 0.38%、全額約 0.585%）；交易方法狀態未知（全額交割、變更交易方法、停止信用交易的來源未提供）；容量以 s 日 vol20 估計，未模擬開盤競價量與滑價；容量受限,未扣成本·事後欄位以 m_ 標示·非投資建議
HO,2,2023-11-01,2023-11-02,4950,金耘國際,TPEx,S,S0_atr14@5,3,310,0.053021,,0,0,1,-0.498,-1.493,-26.368,199.6,1.0,floor(1%×vol20),0.0,0.0,315,inf,250.0,official_prepanel,small,28.0,0,可交易（DK_s＝0）,未扣成本（成本參考：2.8 折來回約 0.38%、全額約 0.585%）；交易方法狀態未知（全額交割、變更交易方法、停止信用交易的來源未提供）；容量以 s 日 vol20 估計，未模擬開盤競價量與滑價；容量受限,未扣成本·事後欄位以 m_ 標示·非投資建議
HO,2,2023-11-01,2023-11-02,5516,雙喜,TPEx,S,S0_atr14@5,4,310,0.051072,,0,0,1,0.0,0.0,-3.25,171.9,1.0,floor(1%×vol20),0.0,0.0,315,inf,250.0,official_prepanel,small,109.0,0,可交易（DK_s＝0）,未扣成本（成本參考：2.8 折來回約 0.38%、全額約 0.585%）；交易方法狀態未知（全額交割、變更交易方法、停止信用交易的來源未提供）；容量以 s 日 vol20 估計，未模擬開盤競價量與滑價；容量受限,未扣成本·事後欄位以 m_ 標示·非投資建議
HO,2,2023-11-01,2023-11-02,6291,沛亨,TPEx,S,S0_atr14@5,5,310,0.047334,,0,0,1,-0.467,6.075,5.841,110.9,1.0,floor(1%×vol20),0.0,0.0,315,inf,250.0,official_prepanel,mid,276.0,0,可交易（DK_s＝0）,未扣成本（成本參考：2.8 折來回約 0.38%、全額約 0.585%）；交易方法狀態未知（全額交割、變更交易方法、停止信用交易的來源未提供）；容量以 s 日 vol20 估計，未模擬開盤競價量與滑價；容量受限,未扣成本·事後欄位以 m_ 標示·非投資建議
HO,2,2023-11-01,2023-11-02,6419,京晨科,TPEx,S,S0_atr14@5,1,310,0.070892,,0,0,1,5.927,-2.888,-22.036,292.2,2.0,floor(1%×vol20),1.0,0.0,315,inf,250.0,official_prepanel,small,342.0,0,處置中・交易規則另案登錄（DK_s＝1）,未扣成本（成本參考：2.8 折來回約 0.38%、全額約 0.585%）；交易方法狀態未知（全額交割、變更交易方法、停止信用交易的來源未提供）；容量以 s 日 vol20 估計，未模擬開盤競價量與滑價；容量受限,未扣成本·事後欄位以 m_ 標示·非投資建議
HO,2,2023-11-01,2023-11-02,6482,弘煜科,TPEx,S,S0_atr14@5,2,310,0.058335,,0,0,1,1.338,-2.007,-10.535,105.15,1.0,floor(1%×vol20),1.0,0.0,315,inf,250.0,official_prepanel,small,262.0,0,處置中・交易規則另案登錄（DK_s＝1）,未扣成本（成本參考：2.8 折來回約 0.38%、全額約 0.585%）；交易方法狀態未知（全額交割、變更交易方法、停止信用交易的來源未提供）；容量以 s 日 vol20 估計，未模擬開盤競價量與滑價；容量受限,未扣成本·事後欄位以 m_ 標示·非投資建議
HO,2,2023-11-02,2023-11-03,2719,燦星旅,TPEx,S,S0_atr14@5,1,311,0.059506,,0,0,1,-4.246,-6.296,2.196,198.85,1.0,floor(1%×vol20),0.0,0.0,316,inf,250.0,official_prepanel,small,129.0,0,可交易（DK_s＝0）,未扣成本（成本參考：2.8 折來回約 0.38%、全額約 0.585%）；交易方法狀態未知（全額交割、變更交易方法、停止信用交易的來源未提供）；容量以 s 日 vol20 估計，未模擬開盤競價量與滑價；容量受限,未扣成本·事後欄位以 m_ 標示·非投資建議
HO,2,2023-11-02,2023-11-03,4529,淳紳,TPEx,S,S0_atr14@5,5,311,0.045711,,0,0,1,0.519,-0.415,-0.312,252.1,2.0,floor(1%×vol20),0.0,0.0,316,inf,250.0,official_prepanel,small,90.0,0,可交易（DK_s＝0）,未扣成本（成本參考：2.8 折來回約 0.38%、全額約 0.585%）；交易方法狀態未知（全額交割、變更交易方法、停止信用交易的來源未提供）；容量以 s 日 vol20 估計，未模擬開盤競價量與滑價；容量受限,未扣成本·事後欄位以 m_ 標示·非投資建議
HO,2,2023-11-02,2023-11-03,4950,金耘國際,TPEx,S,S0_atr14@5,4,311,0.047929,,0,0,1,-4.808,-11.923,-35.962,194.85,1.0,floor(1%×vol20),0.0,0.0,316,inf,250.0,official_prepanel,small,313.0,0,可交易（DK_s＝0）,未扣成本（成本參考：2.8 折來回約 0.38%、全額約 0.585%）；交易方法狀態未知（全額交割、變更交易方法、停止信用交易的來源未提供）；容量以 s 日 vol20 估計，未模擬開盤競價量與滑價；容量受限,未扣成本·事後欄位以 m_ 標示·非投資建議
HO,2,2023-11-02,2023-11-03,5516,雙喜,TPEx,S,S0_atr14@5,2,311,0.051607,,0,0,1,-0.99,7.178,3.218,170.5,1.0,floor(1%×vol20),0.0,0.0,316,inf,250.0,official_prepanel,small,54.0,0,可交易（DK_s＝0）,未扣成本（成本參考：2.8 折來回約 0.38%、全額約 0.585%）；交易方法狀態未知（全額交割、變更交易方法、停止信用交易的來源未提供）；容量以 s 日 vol20 估計，未模擬開盤競價量與滑價；容量受限,未扣成本·事後欄位以 m_ 標示·非投資建議
HO,2,2023-11-02,2023-11-03,6291,沛亨,TPEx,S,S0_atr14@5,3,311,0.04896,,0,0,1,0.691,3.456,6.912,117.5,1.0,floor(1%×vol20),0.0,0.0,316,inf,250.0,official_prepanel,mid,73.0,0,可交易（DK_s＝0）,未扣成本（成本參考：2.8 折來回約 0.38%、全額約 0.585%）；交易方法狀態未知（全額交割、變更交易方法、停止信用交易的來源未提供）；容量以 s 日 vol20 估計，未模擬開盤競價量與滑價；容量受限,未扣成本·事後欄位以 m_ 標示·非投資建議
HO,2,2023-11-03,2023-11-06,2719,燦星旅,TPEx,S,S0_atr14@5,1,316,0.060616,,0,0,1,1.606,-4.526,11.971,200.35,2.0,floor(1%×vol20),0.0,0.0,317,inf,250.0,official_prepanel,small,252.0,0,可交易（DK_s＝0）,未扣成本（成本參考：2.8 折來回約 0.38%、全額約 0.585%）；交易方法狀態未知（全額交割、變更交易方法、停止信用交易的來源未提供）；容量以 s 日 vol20 估計，未模擬開盤競價量與滑價；容量受限,未扣成本·事後欄位以 m_ 標示·非投資建議
HO,2,2023-11-03,2023-11-06,4950,金耘國際,TPEx,S,S0_atr14@5,3,316,0.049567,,0,0,1,-2.427,-12.621,,201.95,2.0,floor(1%×vol20),0.0,0.0,317,inf,250.0,official_prepanel,small,626.0,0,可交易（DK_s＝0）,未扣成本（成本參考：2.8 折來回約 0.38%、全額約 0.585%）；交易方法狀態未知（全額交割、變更交易方法、停止信用交易的來源未提供）；容量以 s 日 vol20 估計，未模擬開盤競價量與滑價；容量受限,未扣成本·事後欄位以 m_ 標示·非投資建議
HO,2,2023-11-03,2023-11-06,6291,沛亨,TPEx,S,S0_atr14@5,4,316,0.047401,,0,0,1,1.124,4.27,14.607,115.25,1.0,floor(1%×vol20),0.0,0.0,317,inf,250.0,official_prepanel,mid,495.0,0,可交易（DK_s＝0）,未扣成本（成本參考：2.8 折來回約 0.38%、全額約 0.585%）；交易方法狀態未知（全額交割、變更交易方法、停止信用交易的來源未提供）；容量以 s 日 vol20 估計，未模擬開盤競價量與滑價；容量受限,未扣成本·事後欄位以 m_ 標示·非投資建議
HO,2,2023-11-03,2023-11-06,6482,弘煜科,TPEx,S,S0_atr14@5,2,316,0.056733,,0,0,1,-3.454,-9.154,-10.19,130.65,1.0,floor(1%×vol20),0.0,0.0,317,inf,250.0,official_prepanel,small,64.0,0,可交易（DK_s＝0）,未扣成本（成本參考：2.8 折來回約 0.38%、全額約 0.585%）；交易方法狀態未知（全額交割、變更交易方法、停止信用交易的來源未提供）；容量以 s 日 vol20 估計，未模擬開盤競價量與滑價；容量受限,未扣成本·事後欄位以 m_ 標示·非投資建議
HO,2,2023-11-03,2023-11-06,8097,常珵,TPEx,S,S0_atr14@5,5,316,0.045342,,0,0,1,-2.05,0.539,10.032,252.15,2.0,floor(1%×vol20),0.0,0.0,317,inf,250.0,official_prepanel,small,118.0,0,可交易（DK_s＝0）,未扣成本（成本參考：2.8 折來回約 0.38%、全額約 0.585%）；交易方法狀態未知（全額交割、變更交易方法、停止信用交易的來源未提供）；容量以 s 日 vol20 估計，未模擬開盤競價量與滑價；容量受限,未扣成本·事後欄位以 m_ 標示·非投資建議
HO,2,2023-11-06,2023-11-07,1781,合世,TPEx,S,S0_atr14@5,3,312,0.055878,,0,0,1,10.37,2.593,2.593,175.5,1.0,floor(1%×vol20),0.0,0.0,318,inf,250.0,official_prepanel,small,604.0,0,可交易（DK_s＝0）,未扣成本（成本參考：2.8 折來回約 0.38%、全額約 0.585%）；交易方法狀態未知（全額交割、變更交易方法、停止信用交易的來源未提供）；容量以 s 日 vol20 估計，未模擬開盤競價量與滑價；容量受限,未扣成本·事後欄位以 m_ 標示·非投資建議
HO,2,2023-11-06,2023-11-07,2719,燦星旅,TPEx,S,S0_atr14@5,2,312,0.05819,,0,0,1,-2.865,-7.02,-1.003,194.5,1.0,floor(1%×vol20),0.0,0.0,318,inf,250.0,official_prepanel,small,112.0,0,可交易（DK_s＝0）,未扣成本（成本參考：2.8 折來回約 0.38%、全額約 0.585%）；交易方法狀態未知（全額交割、變更交易方法、停止信用交易的來源未提供）；容量以 s 日 vol20 估計，未模擬開盤競價量與滑價；容量受限,未扣成本·事後欄位以 m_ 標示·非投資建議
HO,2,2023-11-06,2023-11-07,4950,金耘國際,TPEx,S,S0_atr14@5,4,312,0.051457,,0,0,1,0.503,-18.593,,213.9,2.0,floor(1%×vol20),0.0,0.0,318,inf,250.0,official_prepanel,small,81.0,0,可交易（DK_s＝0）,未扣成本（成本參考：2.8 折來回約 0.38%、全額約 0.585%）；交易方法狀態未知（全額交割、變更交易方法、停止信用交易的來源未提供）；容量以 s 日 vol20 估計，未模擬開盤競價量與滑價；容量受限,未扣成本·事後欄位以 m_ 標示·非投資建議
HO,2,2023-11-06,2023-11-07,6291,沛亨,TPEx,S,S0_atr14@5,5,312,0.051111,,0,0,1,-1.073,-3.219,5.794,137.65,1.0,floor(1%×vol20),0.0,0.0,318,inf,250.0,official_prepanel,mid,388.0,0,可交易（DK_s＝0）,未扣成本（成本參考：2.8 折來回約 0.38%、全額約 0.585%）；交易方法狀態未知（全額交割、變更交易方法、停止信用交易的來源未提供）；容量以 s 日 vol20 估計，未模擬開盤競價量與滑價；容量受限,未扣成本·事後欄位以 m_ 標示·非投資建議
HO,2,2023-11-06,2023-11-07,6482,弘煜科,TPEx,S,S0_atr14@5,1,312,0.058778,,0,0,1,3.943,-10.484,-12.186,133.45,1.0,floor(1%×vol20),0.0,0.0,318,inf,250.0,official_prepanel,small,100.0,0,可交易（DK_s＝0）,未扣成本（成本參考：2.8 折來回約 0.38%、全額約 0.585%）；交易方法狀態未知（全額交割、變更交易方法、停止信用交易的來源未提供）；容量以 s 日 vol20 估計，未模擬開盤競價量與滑價；容量受限,未扣成本·事後欄位以 m_ 標示·非投資建議
HO,2,2023-11-07,2023-11-08,2719,燦星旅,TPEx,S,S0_atr14@5,2,322,0.057417,,0,0,1,-1.622,-6.195,-0.147,176.9,1.0,floor(1%×vol20),0.0,0.0,319,inf,250.0,official_prepanel,small,105.0,0,可交易（DK_s＝0）,未扣成本（成本參考：2.8 折來回約 0.38%、全額約 0.585%）；交易方法狀態未知（全額交割、變更交易方法、停止信用交易的來源未提供）；容量以 s 日 vol20 估計，未模擬開盤競價量與滑價；容量受限,未扣成本·事後欄位以 m_ 標示·非投資建議
HO,2,2023-11-07,2023-11-08,4529,淳紳,TPEx,S,S0_atr14@5,5,322,0.045666,,0,0,1,-2.462,-2.974,-0.821,256.3,2.0,floor(1%×vol20),0.0,0.0,319,inf,250.0,official_prepanel,small,124.0,0,可交易（DK_s＝0）,未扣成本（成本參考：2.8 折來回約 0.38%、全額約 0.585%）；交易方法狀態未知（全額交割、變更交易方法、停止信用交易的來源未提供）；容量以 s 日 vol20 估計，未模擬開盤競價量與滑價；容量受限,未扣成本·事後欄位以 m_ 標示·非投資建議
HO,2,2023-11-07,2023-11-08,4950,金耘國際,TPEx,S,S0_atr14@5,3,322,0.052929,,0,0,1,0.0,-24.747,,212.1,2.0,floor(1%×vol20),0.0,0.0,319,inf,250.0,official_prepanel,small,77.0,0,可交易（DK_s＝0）,未扣成本（成本參考：2.8 折來回約 0.38%、全額約 0.585%）；交易方法狀態未知（全額交割、變更交易方法、停止信用交易的來源未提供）；容量以 s 日 vol20 估計，未模擬開盤競價量與滑價；容量受限,未扣成本·事後欄位以 m_ 標示·非投資建議
HO,2,2023-11-07,2023-11-08,6291,沛亨,TPEx,S,S0_atr14@5,4,322,0.050046,,0,0,1,-1.732,-0.649,6.71,155.1,1.0,floor(1%×vol20),0.0,0.0,319,inf,250.0,official_prepanel,mid,126.0,0,可交易（DK_s＝0）,未扣成本（成本參考：2.8 折來回約 0.38%、全額約 0.585%）；交易方法狀態未知（全額交割、變更交易方法、停止信用交易的來源未提供）；容量以 s 日 vol20 估計，未模擬開盤競價量與滑價；容量受限,未扣成本·事後欄位以 m_ 標示·非投資建議
HO,2,2023-11-07,2023-11-08,6482,弘煜科,TPEx,S,S0_atr14@5,1,322,0.057759,,0,0,1,0.861,-10.499,-17.384,138.05,1.0,floor(1%×vol20),0.0,0.0,319,inf,250.0,official_prepanel,small,164.0,0,可交易（DK_s＝0）,未扣成本（成本參考：2.8 折來回約 0.38%、全額約 0.585%）；交易方法狀態未知（全額交割、變更交易方法、停止信用交易的來源未提供）；容量以 s 日 vol20 估計，未模擬開盤競價量與滑價；容量受限,未扣成本·事後欄位以 m_ 標示·非投資建議
HO,2,2023-11-08,2023-11-09,1781,合世,TPEx,S,S0_atr14@5,3,329,0.055665,,0,0,1,-0.694,-4.861,-3.472,225.7,2.0,floor(1%×vol20),0.0,0.0,320,inf,250.0,official_prepanel,small,164.0,0,可交易（DK_s＝0）,未扣成本（成本參考：2.8 折來回約 0.38%、全額約 0.585%）；交易方法狀態未知（全額交割、變更交易方法、停止信用交易的來源未提供）；容量以 s 日 vol20 估計，未模擬開盤競價量與滑價；容量受限,未扣成本·事後欄位以 m_ 標示·非投資建議
HO,2,2023-11-08,2023-11-09,2719,燦星旅,TPEx,S,S0_atr14@5,2,329,0.056115,,0,0,1,-2.29,-3.053,4.885,151.85,1.0,floor(1%×vol20),0.0,0.0,320,inf,250.0,official_prepanel,small,119.0,0,可交易（DK_s＝0）,未扣成本（成本參考：2.8 折來回約 0.38%、全額約 0.585%）；交易方法狀態未知（全額交割、變更交易方法、停止信用交易的來源未提供）；容量以 s 日 vol20 估計，未模擬開盤競價量與滑價；容量受限,未扣成本·事後欄位以 m_ 標示·非投資建議
HO,2,2023-11-08,2023-11-09,4950,金耘國際,TPEx,S,S0_atr14@5,4,329,0.054762,,0,0,1,-5.664,-23.79,,189.85,1.0,floor(1%×vol20),0.0,0.0,320,inf,250.0,official_prepanel,small,195.0,0,可交易（DK_s＝0）,未扣成本（成本參考：2.8 折來回約 0.38%、全額約 0.585%）；交易方法狀態未知（全額交割、變更交易方法、停止信用交易的來源未提供）；容量以 s 日 vol20 估計，未模擬開盤競價量與滑價；容量受限,未扣成本·事後欄位以 m_ 標示·非投資建議
HO,2,2023-11-08,2023-11-09,6291,沛亨,TPEx,S,S0_atr14@5,5,329,0.051919,,0,0,1,-1.101,-0.22,12.775,157.65,1.0,floor(1%×vol20),0.0,0.0,320,inf,250.0,official_prepanel,mid,121.0,0,可交易（DK_s＝0）,未扣成本（成本參考：2.8 折來回約 0.38%、全額約 0.585%）；交易方法狀態未知（全額交割、變更交易方法、停止信用交易的來源未提供）；容量以 s 日 vol20 估計，未模擬開盤競價量與滑價；容量受限,未扣成本·事後欄位以 m_ 標示·非投資建議
HO,2,2023-11-08,2023-11-09,6482,弘煜科,TPEx,S,S0_atr14@5,1,329,0.057411,,0,0,1,-0.377,0.943,-11.321,138.6,1.0,floor(1%×vol20),0.0,0.0,320,inf,250.0,official_prepanel,small,283.0,0,可交易（DK_s＝0）,未扣成本（成本參考：2.8 折來回約 0.38%、全額約 0.585%）；交易方法狀態未知（全額交割、變更交易方法、停止信用交易的來源未提供）；容量以 s 日 vol20 估計，未模擬開盤競價量與滑價；容量受限,未扣成本·事後欄位以 m_ 標示·非投資建議
HO,2,2023-11-09,2023-11-10,1472,三洋實業,TWSE,S,S0_atr14@5,3,327,0.058847,,0,0,1,0.189,-0.189,-3.396,175.65,1.0,floor(1%×vol20),0.0,0.0,321,inf,250.0,official_prepanel,small,154.0,0,可交易（DK_s＝0）,未扣成本（成本參考：2.8 折來回約 0.38%、全額約 0.585%）；交易方法狀態未知（全額交割、變更交易方法、停止信用交易的來源未提供）；容量以 s 日 vol20 估計，未模擬開盤競價量與滑價；容量受限,未扣成本·事後欄位以 m_ 標示·非投資建議
HO,2,2023-11-09,2023-11-10,1781,合世,TPEx,S,S0_atr14@5,5,327,0.052697,,0,0,1,1.449,-1.449,0.725,233.2,2.0,floor(1%×vol20),0.0,0.0,321,inf,250.0,official_prepanel,small,188.0,0,可交易（DK_s＝0）,未扣成本（成本參考：2.8 折來回約 0.38%、全額約 0.585%）；交易方法狀態未知（全額交割、變更交易方法、停止信用交易的來源未提供）；容量以 s 日 vol20 估計，未模擬開盤競價量與滑價；容量受限,未扣成本·事後欄位以 m_ 標示·非投資建議
HO,2,2023-11-09,2023-11-10,2719,燦星旅,TPEx,S,S0_atr14@5,4,327,0.057143,,0,0,1,2.188,9.062,7.812,144.5,1.0,floor(1%×vol20),0.0,0.0,321,inf,250.0,official_prepanel,small,158.0,0,可交易（DK_s＝0）,未扣成本（成本參考：2.8 折來回約 0.38%、全額約 0.585%）；交易方法狀態未知（全額交割、變更交易方法、停止信用交易的來源未提供）；容量以 s 日 vol20 估計，未模擬開盤競價量與滑價；容量受限,未扣成本·事後欄位以 m_ 標示·非投資建議
HO,2,2023-11-09,2023-11-10,4950,金耘國際,TPEx,S,S0_atr14@5,2,327,0.062383,,0,0,1,-2.174,-27.609,,192.85,1.0,floor(1%×vol20),0.0,0.0,321,inf,250.0,official_prepanel,small,85.0,0,可交易（DK_s＝0）,未扣成本（成本參考：2.8 折來回約 0.38%、全額約 0.585%）；交易方法狀態未知（全額交割、變更交易方法、停止信用交易的來源未提供）；容量以 s 日 vol20 估計，未模擬開盤競價量與滑價；容量受限,未扣成本·事後欄位以 m_ 標示·非投資建議
HO,2,2023-11-09,2023-11-10,6482,弘煜科,TPEx,S,S0_atr14@5,1,327,0.067641,,0,0,1,-6.071,-6.607,-15.625,145.65,1.0,floor(1%×vol20),0.0,0.0,321,inf,250.0,official_prepanel,small,184.0,0,可交易（DK_s＝0）,未扣成本（成本參考：2.8 折來回約 0.38%、全額約 0.585%）；交易方法狀態未知（全額交割、變更交易方法、停止信用交易的來源未提供）；容量以 s 日 vol20 估計，未模擬開盤競價量與滑價；容量受限,未扣成本·事後欄位以 m_ 標示·非投資建議
HO,2,2023-11-10,2023-11-13,1472,三洋實業,TWSE,S,S0_atr14@5,3,325,0.061743,,0,0,1,-4.702,-4.159,-5.425,182.05,1.0,floor(1%×vol20),0.0,0.0,322,inf,250.0,official_prepanel,small,167.0,0,可交易（DK_s＝0）,未扣成本（成本參考：2.8 折來回約 0.38%、全額約 0.585%）；交易方法狀態未知（全額交割、變更交易方法、停止信用交易的來源未提供）；容量以 s 日 vol20 估計，未模擬開盤競價量與滑價；容量受限,未扣成本·事後欄位以 m_ 標示·非投資建議
HO,2,2023-11-10,2023-11-13,2719,燦星旅,TPEx,S,S0_atr14@5,5,325,0.054281,,0,0,1,-0.916,17.099,1.221,140.65,1.0,floor(1%×vol20),0.0,0.0,322,inf,250.0,official_prepanel,small,69.0,0,可交易（DK_s＝0）,未扣成本（成本參考：2.8 折來回約 0.38%、全額約 0.585%）；交易方法狀態未知（全額交割、變更交易方法、停止信用交易的來源未提供）；容量以 s 日 vol20 估計，未模擬開盤競價量與滑價；容量受限,未扣成本·事後欄位以 m_ 標示·非投資建議
HO,2,2023-11-10,2023-11-13,4950,金耘國際,TPEx,S,S0_atr14@5,2,325,0.063651,,0,0,1,-9.091,,,186.55,1.0,floor(1%×vol20),0.0,0.0,322,inf,250.0,official_prepanel,small,708.0,0,可交易（DK_s＝0）,未扣成本（成本參考：2.8 折來回約 0.38%、全額約 0.585%）；交易方法狀態未知（全額交割、變更交易方法、停止信用交易的來源未提供）；容量以 s 日 vol20 估計，未模擬開盤競價量與滑價；容量受限,未扣成本·事後欄位以 m_ 標示·非投資建議
HO,2,2023-11-10,2023-11-13,5301,,TPEx,S,S0_atr14@5,4,325,0.054705,,0,0,1,-3.2,-7.6,-10.4,294.95,2.0,floor(1%×vol20),0.0,0.0,322,inf,250.0,official_prepanel,small,472.0,0,可交易（DK_s＝0）,未扣成本（成本參考：2.8 折來回約 0.38%、全額約 0.585%）；交易方法狀態未知（全額交割、變更交易方法、停止信用交易的來源未提供）；容量以 s 日 vol20 估計，未模擬開盤競價量與滑價；容量受限,未扣成本·事後欄位以 m_ 標示·非投資建議
HO,2,2023-11-10,2023-11-13,6482,弘煜科,TPEx,S,S0_atr14@5,1,325,0.070342,,0,0,1,-4.127,-0.192,-8.157,144.9,1.0,floor(1%×vol20),0.0,0.0,322,inf,250.0,official_prepanel,small,233.0,0,可交易（DK_s＝0）,未扣成本（成本參考：2.8 折來回約 0.38%、全額約 0.585%）；交易方法狀態未知（全額交割、變更交易方法、停止信用交易的來源未提供）；容量以 s 日 vol20 估計，未模擬開盤競價量與滑價；容量受限,未扣成本·事後欄位以 m_ 標示·非投資建議
HO,2,2023-11-13,2023-11-14,1472,三洋實業,TWSE,S,S0_atr14@5,3,323,0.066007,,0,0,1,-1.862,-1.862,-2.048,188.0,1.0,floor(1%×vol20),0.0,0.0,323,inf,250.0,official_prepanel,small,108.0,0,可交易（DK_s＝0）,未扣成本（成本參考：2.8 折來回約 0.38%、全額約 0.585%）；交易方法狀態未知（全額交割、變更交易方法、停止信用交易的來源未提供）；容量以 s 日 vol20 估計，未模擬開盤競價量與滑價；容量受限,未扣成本·事後欄位以 m_ 標示·非投資建議
HO,2,2023-11-13,2023-11-14,1781,合世,TPEx,S,S0_atr14@5,5,323,0.051057,,0,0,1,0.361,0.0,11.191,243.6,2.0,floor(1%×vol20),0.0,0.0,323,inf,250.0,official_prepanel,small,46.0,0,可交易（DK_s＝0）,未扣成本（成本參考：2.8 折來回約 0.38%、全額約 0.585%）；交易方法狀態未知（全額交割、變更交易方法、停止信用交易的來源未提供）；容量以 s 日 vol20 估計，未模擬開盤競價量與滑價；容量受限,未扣成本·事後欄位以 m_ 標示·非投資建議
HO,2,2023-11-13,2023-11-14,2719,燦星旅,TPEx,S,S0_atr14@5,4,323,0.052829,,0,0,1,-2.003,6.471,0.154,135.35,1.0,floor(1%×vol20),0.0,0.0,323,inf,250.0,official_prepanel,small,43.0,0,可交易（DK_s＝0）,未扣成本（成本參考：2.8 折來回約 0.38%、全額約 0.585%）；交易方法狀態未知（全額交割、變更交易方法、停止信用交易的來源未提供）；容量以 s 日 vol20 估計，未模擬開盤競價量與滑價；容量受限,未扣成本·事後欄位以 m_ 標示·非投資建議
HO,2,2023-11-13,2023-11-14,4950,金耘國際,TPEx,S,S0_atr14@5,1,323,0.075044,,0,0,1,-8.025,,,205.25,2.0,floor(1%×vol20),0.0,0.0,323,inf,250.0,official_prepanel,small,370.0,0,可交易（DK_s＝0）,未扣成本（成本參考：2.8 折來回約 0.38%、全額約 0.585%）；交易方法狀態未知（全額交割、變更交易方法、停止信用交易的來源未提供）；容量以 s 日 vol20 估計，未模擬開盤競價量與滑價；容量受限,未扣成本·事後欄位以 m_ 標示·非投資建議
HO,2,2023-11-13,2023-11-14,6482,弘煜科,TPEx,S,S0_atr14@5,2,323,0.072358,,0,0,1,3.38,-2.584,-4.672,132.3,1.0,floor(1%×vol20),0.0,0.0,323,inf,250.0,official_prepanel,small,114.0,0,可交易（DK_s＝0）,未扣成本（成本參考：2.8 折來回約 0.38%、全額約 0.585%）；交易方法狀態未知（全額交割、變更交易方法、停止信用交易的來源未提供）；容量以 s 日 vol20 估計，未模擬開盤競價量與滑價；容量受限,未扣成本·事後欄位以 m_ 標示·非投資建議
HO,2,2023-11-14,2023-11-15,1472,三洋實業,TWSE,S,S0_atr14@5,4,327,0.062009,,0,0,1,-0.758,-1.515,1.136,191.8,1.0,floor(1%×vol20),0.0,0.0,324,inf,250.0,official_prepanel,small,85.0,0,可交易（DK_s＝0）,未扣成本（成本參考：2.8 折來回約 0.38%、全額約 0.585%）；交易方法狀態未知（全額交割、變更交易方法、停止信用交易的來源未提供）；容量以 s 日 vol20 估計，未模擬開盤競價量與滑價；容量受限,未扣成本·事後欄位以 m_ 標示·非投資建議
HO,2,2023-11-14,2023-11-15,4950,金耘國際,TPEx,S,S0_atr14@5,1,327,0.079386,,0,0,1,10.283,,,218.6,2.0,floor(1%×vol20),0.0,0.0,324,inf,250.0,official_prepanel,small,708.0,0,可交易（DK_s＝0）,未扣成本（成本參考：2.8 折來回約 0.38%、全額約 0.585%）；交易方法狀態未知（全額交割、變更交易方法、停止信用交易的來源未提供）；容量以 s 日 vol20 估計，未模擬開盤競價量與滑價；容量受限,未扣成本·事後欄位以 m_ 標示·非投資建議
HO,2,2023-11-14,2023-11-15,5703,亞都,TPEx,S,S0_atr14@5,5,327,0.052104,,0,0,1,-1.212,9.495,2.626,122.75,1.0,floor(1%×vol20),0.0,0.0,324,inf,250.0,official_prepanel,small,133.0,0,可交易（DK_s＝0）,未扣成本（成本參考：2.8 折來回約 0.38%、全額約 0.585%）；交易方法狀態未知（全額交割、變更交易方法、停止信用交易的來源未提供）；容量以 s 日 vol20 估計，未模擬開盤競價量與滑價；容量受限,未扣成本·事後欄位以 m_ 標示·非投資建議
HO,2,2023-11-14,2023-11-15,6419,京晨科,TPEx,S,S0_atr14@5,2,327,0.071682,,0,0,1,-7.568,-9.91,-12.883,290.1,2.0,floor(1%×vol20),0.0,0.0,324,inf,250.0,official_prepanel,small,703.0,0,可交易（DK_s＝0）,未扣成本（成本參考：2.8 折來回約 0.38%、全額約 0.585%）；交易方法狀態未知（全額交割、變更交易方法、停止信用交易的來源未提供）；容量以 s 日 vol20 估計，未模擬開盤競價量與滑價；容量受限,未扣成本·事後欄位以 m_ 標示·非投資建議
HO,2,2023-11-14,2023-11-15,6482,弘煜科,TPEx,S,S0_atr14@5,3,327,0.067102,,0,0,1,1.905,-8.571,0.381,126.65,1.0,floor(1%×vol20),0.0,0.0,324,inf,250.0,official_prepanel,small,59.0,0,可交易（DK_s＝0）,未扣成本（成本參考：2.8 折來回約 0.38%、全額約 0.585%）；交易方法狀態未知（全額交割、變更交易方法、停止信用交易的來源未提供）；容量以 s 日 vol20 估計，未模擬開盤競價量與滑價；容量受限,未扣成本·事後欄位以 m_ 標示·非投資建議
HO,2,2023-11-15,2023-11-16,1472,三洋實業,TWSE,S,S0_atr14@5,4,328,0.062227,,0,0,1,-0.75,-5.816,7.88,195.7,1.0,floor(1%×vol20),0.0,0.0,325,inf,250.0,official_prepanel,small,28.0,0,可交易（DK_s＝0）,未扣成本（成本參考：2.8 折來回約 0.38%、全額約 0.585%）；交易方法狀態未知（全額交割、變更交易方法、停止信用交易的來源未提供）；容量以 s 日 vol20 估計，未模擬開盤競價量與滑價；容量受限,未扣成本·事後欄位以 m_ 標示·非投資建議
HO,2,2023-11-15,2023-11-16,4950,金耘國際,TPEx,S,S0_atr14@5,2,328,0.080405,,0,0,1,0.0,,,251.1,2.0,floor(1%×vol20),0.0,0.0,325,inf,250.0,official_prepanel,small,2335.0,0,可交易（DK_s＝0）,未扣成本（成本參考：2.8 折來回約 0.38%、全額約 0.585%）；交易方法狀態未知（全額交割、變更交易方法、停止信用交易的來源未提供）；容量以 s 日 vol20 估計，未模擬開盤競價量與滑價；容量受限,未扣成本·事後欄位以 m_ 標示·非投資建議
HO,2,2023-11-15,2023-11-16,5516,雙喜,TPEx,S,S0_atr14@5,5,328,0.059801,,0,0,1,5.57,-0.759,-1.266,227.7,2.0,floor(1%×vol20),0.0,0.0,325,inf,250.0,official_prepanel,small,953.0,0,可交易（DK_s＝0）,未扣成本（成本參考：2.8 折來回約 0.38%、全額約 0.585%）；交易方法狀態未知（全額交割、變更交易方法、停止信用交易的來源未提供）；容量以 s 日 vol20 估計，未模擬開盤競價量與滑價；容量受限,未扣成本·事後欄位以 m_ 標示·非投資建議
HO,2,2023-11-15,2023-11-16,6419,京晨科,TPEx,S,S0_atr14@5,1,328,0.08215,,0,0,1,0.982,-1.866,4.322,299.45,2.0,floor(1%×vol20),0.0,0.0,325,inf,250.0,official_prepanel,small,324.0,0,可交易（DK_s＝0）,未扣成本（成本參考：2.8 折來回約 0.38%、全額約 0.585%）；交易方法狀態未知（全額交割、變更交易方法、停止信用交易的來源未提供）；容量以 s 日 vol20 估計，未模擬開盤競價量與滑價；容量受限,未扣成本·事後欄位以 m_ 標示·非投資建議
HO,2,2023-11-15,2023-11-16,6482,弘煜科,TPEx,S,S0_atr14@5,3,328,0.064553,,0,0,1,-0.191,-10.305,10.496,122.2,1.0,floor(1%×vol20),0.0,0.0,325,inf,250.0,official_prepanel,small,26.0,0,可交易（DK_s＝0）,未扣成本（成本參考：2.8 折來回約 0.38%、全額約 0.585%）；交易方法狀態未知（全額交割、變更交易方法、停止信用交易的來源未提供）；容量以 s 日 vol20 估計，未模擬開盤競價量與滑價；容量受限,未扣成本·事後欄位以 m_ 標示·非投資建議
HO,2,2023-11-16,2023-11-17,1472,三洋實業,TWSE,S,S0_atr14@5,5,326,0.057723,,0,0,1,0.189,-3.214,6.616,195.85,1.0,floor(1%×vol20),0.0,0.0,326,inf,250.0,official_prepanel,small,38.0,0,可交易（DK_s＝0）,未扣成本（成本參考：2.8 折來回約 0.38%、全額約 0.585%）；交易方法狀態未知（全額交割、變更交易方法、停止信用交易的來源未提供）；容量以 s 日 vol20 估計，未模擬開盤競價量與滑價；容量受限,未扣成本·事後欄位以 m_ 標示·非投資建議
HO,2,2023-11-16,2023-11-17,3523,迎輝,TPEx,S,S0_atr14@5,3,326,0.061429,,0,0,1,-1.97,-5.419,-8.621,290.9,2.0,floor(1%×vol20),0.0,0.0,326,inf,250.0,official_prepanel,small,48.0,0,可交易（DK_s＝0）,未扣成本（成本參考：2.8 折來回約 0.38%、全額約 0.585%）；交易方法狀態未知（全額交割、變更交易方法、停止信用交易的來源未提供）；容量以 s 日 vol20 估計，未模擬開盤競價量與滑價；容量受限,未扣成本·事後欄位以 m_ 標示·非投資建議
HO,2,2023-11-16,2023-11-17,5516,雙喜,TPEx,S,S0_atr14@5,4,326,0.060808,,0,0,1,-4.096,-5.301,-6.506,272.65,2.0,floor(1%×vol20),0.0,0.0,326,inf,250.0,official_prepanel,small,514.0,0,可交易（DK_s＝0）,未扣成本（成本參考：2.8 折來回約 0.38%、全額約 0.585%）；交易方法狀態未知（全額交割、變更交易方法、停止信用交易的來源未提供）；容量以 s 日 vol20 估計，未模擬開盤競價量與滑價；容量受限,未扣成本·事後欄位以 m_ 標示·非投資建議
HO,2,2023-11-16,2023-11-17,6419,京晨科,TPEx,S,S0_atr14@5,1,326,0.076084,,0,0,1,-2.128,-8.414,0.774,299.75,2.0,floor(1%×vol20),0.0,0.0,326,inf,250.0,official_prepanel,small,277.0,0,可交易（DK_s＝0）,未扣成本（成本參考：2.8 折來回約 0.38%、全額約 0.585%）；交易方法狀態未知（全額交割、變更交易方法、停止信用交易的來源未提供）；容量以 s 日 vol20 估計，未模擬開盤競價量與滑價；容量受限,未扣成本·事後欄位以 m_ 標示·非投資建議
HO,2,2023-11-16,2023-11-17,6482,弘煜科,TPEx,S,S0_atr14@5,2,326,0.066034,,0,0,1,-0.574,-9.656,21.606,119.75,1.0,floor(1%×vol20),0.0,0.0,326,inf,250.0,official_prepanel,small,14.0,0,可交易（DK_s＝0）,未扣成本（成本參考：2.8 折來回約 0.38%、全額約 0.585%）；交易方法狀態未知（全額交割、變更交易方法、停止信用交易的來源未提供）；容量以 s 日 vol20 估計，未模擬開盤競價量與滑價；容量受限,未扣成本·事後欄位以 m_ 標示·非投資建議
HO,2,2023-11-17,2023-11-20,1472,三洋實業,TWSE,S,S0_atr14@5,5,320,0.054852,,0,0,1,-0.566,-1.321,16.981,196.85,1.0,floor(1%×vol20),0.0,0.0,327,inf,250.0,official_prepanel,small,81.0,0,可交易（DK_s＝0）,未扣成本（成本參考：2.8 折來回約 0.38%、全額約 0.585%）；交易方法狀態未知（全額交割、變更交易方法、停止信用交易的來源未提供）；容量以 s 日 vol20 估計，未模擬開盤競價量與滑價；容量受限,未扣成本·事後欄位以 m_ 標示·非投資建議
HO,2,2023-11-17,2023-11-20,3523,迎輝,TPEx,S,S0_atr14@5,4,320,0.057251,,0,0,1,0.0,-3.807,-6.091,291.85,2.0,floor(1%×vol20),0.0,0.0,327,inf,250.0,official_prepanel,small,63.0,0,可交易（DK_s＝0）,未扣成本（成本參考：2.8 折來回約 0.38%、全額約 0.585%）；交易方法狀態未知（全額交割、變更交易方法、停止信用交易的來源未提供）；容量以 s 日 vol20 估計，未模擬開盤競價量與滑價；容量受限,未扣成本·事後欄位以 m_ 標示·非投資建議
HO,2,2023-11-17,2023-11-20,5516,雙喜,TPEx,S,S0_atr14@5,2,320,0.066583,,0,0,1,-5.147,-3.431,-3.922,243.45,2.0,floor(1%×vol20),0.0,0.0,327,inf,250.0,official_prepanel,small,466.0,0,可交易（DK_s＝0）,未扣成本（成本參考：2.8 折來回約 0.38%、全額約 0.585%）；交易方法狀態未知（全額交割、變更交易方法、停止信用交易的來源未提供）；容量以 s 日 vol20 估計，未模擬開盤競價量與滑價；容量受限,未扣成本·事後欄位以 m_ 標示·非投資建議
HO,2,2023-11-17,2023-11-20,6419,京晨科,TPEx,S,S0_atr14@5,1,320,0.077569,,0,0,1,-0.591,-6.201,1.772,282.75,2.0,floor(1%×vol20),0.0,0.0,327,inf,250.0,official_prepanel,small,156.0,0,可交易（DK_s＝0）,未扣成本（成本參考：2.8 折來回約 0.38%、全額約 0.585%）；交易方法狀態未知（全額交割、變更交易方法、停止信用交易的來源未提供）；容量以 s 日 vol20 估計，未模擬開盤競價量與滑價；容量受限,未扣成本·事後欄位以 m_ 標示·非投資建議
HO,2,2023-11-17,2023-11-20,6482,弘煜科,TPEx,S,S0_atr14@5,3,320,0.066003,,0,0,1,-5.95,-8.157,28.983,114.7,1.0,floor(1%×vol20),0.0,0.0,327,inf,250.0,official_prepanel,small,140.0,0,可交易（DK_s＝0）,未扣成本（成本參考：2.8 折來回約 0.38%、全額約 0.585%）；交易方法狀態未知（全額交割、變更交易方法、停止信用交易的來源未提供）；容量以 s 日 vol20 估計，未模擬開盤競價量與滑價；容量受限,未扣成本·事後欄位以 m_ 標示·非投資建議
HO,2,2023-11-20,2023-11-21,1472,三洋實業,TWSE,S,S0_atr14@5,4,314,0.0553,,0,0,1,-1.328,-0.19,27.324,196.0,1.0,floor(1%×vol20),0.0,0.0,328,inf,250.0,official_prepanel,small,80.0,0,可交易（DK_s＝0）,未扣成本（成本參考：2.8 折來回約 0.38%、全額約 0.585%）；交易方法狀態未知（全額交割、變更交易方法、停止信用交易的來源未提供）；容量以 s 日 vol20 估計，未模擬開盤競價量與滑價；容量受限,未扣成本·事後欄位以 m_ 標示·非投資建議
HO,2,2023-11-20,2023-11-21,3523,迎輝,TPEx,S,S0_atr14@5,5,314,0.052937,,0,0,1,-0.255,-5.612,-5.867,291.1,2.0,floor(1%×vol20),0.0,0.0,328,inf,250.0,official_prepanel,small,74.0,0,可交易（DK_s＝0）,未扣成本（成本參考：2.8 折來回約 0.38%、全額約 0.585%）；交易方法狀態未知（全額交割、變更交易方法、停止信用交易的來源未提供）；容量以 s 日 vol20 估計，未模擬開盤競價量與滑價；容量受限,未扣成本·事後欄位以 m_ 標示·非投資建議
HO,2,2023-11-20,2023-11-21,5516,雙喜,TPEx,S,S0_atr14@5,3,314,0.066445,,0,0,1,-1.795,-0.256,1.026,256.65,2.0,floor(1%×vol20),0.0,0.0,328,inf,250.0,official_prepanel,small,832.0,0,可交易（DK_s＝0）,未扣成本（成本參考：2.8 折來回約 0.38%、全額約 0.585%）；交易方法狀態未知（全額交割、變更交易方法、停止信用交易的來源未提供）；容量以 s 日 vol20 估計，未模擬開盤競價量與滑價；容量受限,未扣成本·事後欄位以 m_ 標示·非投資建議
HO,2,2023-11-20,2023-11-21,6419,京晨科,TPEx,S,S0_atr14@5,1,314,0.073197,,0,0,1,-0.99,-5.545,0.396,276.0,2.0,floor(1%×vol20),0.0,0.0,328,inf,250.0,official_prepanel,small,140.0,0,可交易（DK_s＝0）,未扣成本（成本參考：2.8 折來回約 0.38%、全額約 0.585%）；交易方法狀態未知（全額交割、變更交易方法、停止信用交易的來源未提供）；容量以 s 日 vol20 估計，未模擬開盤競價量與滑價；容量受限,未扣成本·事後欄位以 m_ 標示·非投資建議
HO,2,2023-11-20,2023-11-21,6482,弘煜科,TPEx,S,S0_atr14@5,2,314,0.070773,,0,0,1,-3.904,-4.004,35.936,119.25,1.0,floor(1%×vol20),0.0,0.0,328,inf,250.0,official_prepanel,small,66.0,0,可交易（DK_s＝0）,未扣成本（成本參考：2.8 折來回約 0.38%、全額約 0.585%）；交易方法狀態未知（全額交割、變更交易方法、停止信用交易的來源未提供）；容量以 s 日 vol20 估計，未模擬開盤競價量與滑價；容量受限,未扣成本·事後欄位以 m_ 標示·非投資建議
HO,2,2023-11-21,2023-11-22,1472,三洋實業,TWSE,S,S0_atr14@5,4,318,0.057692,,0,0,1,-2.144,4.094,26.316,196.0,1.0,floor(1%×vol20),0.0,0.0,329,inf,250.0,official_prepanel,small,96.0,0,可交易（DK_s＝0）,未扣成本（成本參考：2.8 折來回約 0.38%、全額約 0.585%）；交易方法狀態未知（全額交割、變更交易方法、停止信用交易的來源未提供）；容量以 s 日 vol20 估計，未模擬開盤競價量與滑價；容量受限,未扣成本·事後欄位以 m_ 標示·非投資建議
HO,2,2023-11-21,2023-11-22,3523,迎輝,TPEx,S,S0_atr14@5,5,318,0.046949,,0,0,1,-1.79,-7.417,-2.046,290.25,2.0,floor(1%×vol20),0.0,0.0,329,inf,250.0,official_prepanel,small,69.0,0,可交易（DK_s＝0）,未扣成本（成本參考：2.8 折來回約 0.38%、全額約 0.585%）；交易方法狀態未知（全額交割、變更交易方法、停止信用交易的來源未提供）；容量以 s 日 vol20 估計，未模擬開盤競價量與滑價；容量受限,未扣成本·事後欄位以 m_ 標示·非投資建議
HO,2,2023-11-21,2023-11-22,5516,雙喜,TPEx,S,S0_atr14@5,3,318,0.067885,,0,0,1,1.554,1.295,1.813,294.75,2.0,floor(1%×vol20),0.0,0.0,329,inf,250.0,official_prepanel,small,240.0,0,可交易（DK_s＝0）,未扣成本（成本參考：2.8 折來回約 0.38%、全額約 0.585%）；交易方法狀態未知（全額交割、變更交易方法、停止信用交易的來源未提供）；容量以 s 日 vol20 估計，未模擬開盤競價量與滑價；容量受限,未扣成本·事後欄位以 m_ 標示·非投資建議
HO,2,2023-11-21,2023-11-22,6419,京晨科,TPEx,S,S0_atr14@5,1,318,0.072929,,0,0,1,-0.299,-3.493,-0.299,266.6,2.0,floor(1%×vol20),0.0,0.0,329,inf,250.0,official_prepanel,small,202.0,0,可交易（DK_s＝0）,未扣成本（成本參考：2.8 折來回約 0.38%、全額約 0.585%）；交易方法狀態未知（全額交割、變更交易方法、停止信用交易的來源未提供）；容量以 s 日 vol20 估計，未模擬開盤競價量與滑價；容量受限,未扣成本·事後欄位以 m_ 標示·非投資建議
HO,2,2023-11-21,2023-11-22,6482,弘煜科,TPEx,S,S0_atr14@5,2,318,0.069568,,0,0,1,-1.879,10.021,37.161,114.1,1.0,floor(1%×vol20),0.0,0.0,329,inf,250.0,official_prepanel,small,121.0,0,可交易（DK_s＝0）,未扣成本（成本參考：2.8 折來回約 0.38%、全額約 0.585%）；交易方法狀態未知（全額交割、變更交易方法、停止信用交易的來源未提供）；容量以 s 日 vol20 估計，未模擬開盤競價量與滑價；容量受限,未扣成本·事後欄位以 m_ 標示·非投資建議
HO,2,2023-11-22,2023-11-23,1472,三洋實業,TWSE,S,S0_atr14@5,3,311,0.058623,,0,0,1,2.196,14.77,29.94,175.35,1.0,floor(1%×vol20),0.0,0.0,330,inf,250.0,official_prepanel,small,50.0,0,可交易（DK_s＝0）,未扣成本（成本參考：2.8 折來回約 0.38%、全額約 0.585%）；交易方法狀態未知（全額交割、變更交易方法、停止信用交易的來源未提供）；容量以 s 日 vol20 估計，未模擬開盤競價量與滑價；容量受限,未扣成本·事後欄位以 m_ 標示·非投資建議
HO,2,2023-11-22,2023-11-23,3523,迎輝,TPEx,S,S0_atr14@5,5,311,0.046875,,0,0,1,0.0,-3.646,-2.344,285.7,2.0,floor(1%×vol20),0.0,0.0,330,inf,250.0,official_prepanel,small,28.0,0,可交易（DK_s＝0）,未扣成本（成本參考：2.8 折來回約 0.38%、全額約 0.585%）；交易方法狀態未知（全額交割、變更交易方法、停止信用交易的來源未提供）；容量以 s 日 vol20 估計，未模擬開盤競價量與滑價；容量受限,未扣成本·事後欄位以 m_ 標示·非投資建議
HO,2,2023-11-22,2023-11-23,5348,正能量智能,TPEx,S,S0_atr14@5,4,311,0.056915,,0,0,1,-4.063,-2.483,0.903,299.05,2.0,floor(1%×vol20),0.0,0.0,330,inf,250.0,official_prepanel,small,121.0,0,可交易（DK_s＝0）,未扣成本（成本參考：2.8 折來回約 0.38%、全額約 0.585%）；交易方法狀態未知（全額交割、變更交易方法、停止信用交易的來源未提供）；容量以 s 日 vol20 估計，未模擬開盤競價量與滑價；容量受限,未扣成本·事後欄位以 m_ 標示·非投資建議
HO,2,2023-11-22,2023-11-23,6419,京晨科,TPEx,S,S0_atr14@5,1,311,0.066424,,0,0,1,-5.489,5.988,-0.599,263.8,2.0,floor(1%×vol20),0.0,0.0,330,inf,250.0,official_prepanel,small,442.0,0,可交易（DK_s＝0）,未扣成本（成本參考：2.8 折來回約 0.38%、全額約 0.585%）；交易方法狀態未知（全額交割、變更交易方法、停止信用交易的來源未提供）；容量以 s 日 vol20 估計，未模擬開盤競價量與滑價；容量受限,未扣成本·事後欄位以 m_ 標示·非投資建議
HO,2,2023-11-22,2023-11-23,6482,弘煜科,TPEx,S,S0_atr14@5,2,311,0.064514,,0,0,1,0.532,23.191,38.298,114.4,1.0,floor(1%×vol20),0.0,0.0,330,inf,250.0,official_prepanel,small,42.0,0,可交易（DK_s＝0）,未扣成本（成本參考：2.8 折來回約 0.38%、全額約 0.585%）；交易方法狀態未知（全額交割、變更交易方法、停止信用交易的來源未提供）；容量以 s 日 vol20 估計，未模擬開盤競價量與滑價；容量受限,未扣成本·事後欄位以 m_ 標示·非投資建議
HO,2,2023-11-23,2023-11-24,1472,三洋實業,TWSE,S,S0_atr14@5,4,306,0.056501,,0,0,1,2.148,10.156,26.953,176.0,1.0,floor(1%×vol20),0.0,0.0,331,inf,250.0,official_prepanel,small,68.0,0,可交易（DK_s＝0）,未扣成本（成本參考：2.8 折來回約 0.38%、全額約 0.585%）；交易方法狀態未知（全額交割、變更交易方法、停止信用交易的來源未提供）；容量以 s 日 vol20 估計，未模擬開盤競價量與滑價；容量受限,未扣成本·事後欄位以 m_ 標示·非投資建議
HO,2,2023-11-23,2023-11-24,3494,誠研,TWSE,S,S0_atr14@5,5,306,0.046463,,1,0,1,12.302,38.294,29.762,164.35,1.0,floor(1%×vol20),0.0,0.0,331,inf,250.0,official_prepanel,small,372.0,0,可交易（DK_s＝0）,未扣成本（成本參考：2.8 折來回約 0.38%、全額約 0.585%）；交易方法狀態未知（全額交割、變更交易方法、停止信用交易的來源未提供）；容量以 s 日 vol20 估計，未模擬開盤競價量與滑價；容量受限,未扣成本·事後欄位以 m_ 標示·非投資建議
HO,2,2023-11-23,2023-11-24,5348,正能量智能,TPEx,S,S0_atr14@5,3,306,0.056975,,0,0,1,-0.704,4.46,3.286,288.15,2.0,floor(1%×vol20),0.0,0.0,331,inf,250.0,official_prepanel,small,68.0,0,可交易（DK_s＝0）,未扣成本（成本參考：2.8 折來回約 0.38%、全額約 0.585%）；交易方法狀態未知（全額交割、變更交易方法、停止信用交易的來源未提供）；容量以 s 日 vol20 估計，未模擬開盤競價量與滑價；容量受限,未扣成本·事後欄位以 m_ 標示·非投資建議
HO,2,2023-11-23,2023-11-24,6419,京晨科,TPEx,S,S0_atr14@5,1,306,0.070825,,0,0,1,-0.729,8.542,2.604,277.7,2.0,floor(1%×vol20),0.0,0.0,331,inf,250.0,official_prepanel,small,170.0,0,可交易（DK_s＝0）,未扣成本（成本參考：2.8 折來回約 0.38%、全額約 0.585%）；交易方法狀態未知（全額交割、變更交易方法、停止信用交易的來源未提供）；容量以 s 日 vol20 估計，未模擬開盤競價量與滑價；容量受限,未扣成本·事後欄位以 m_ 標示·非投資建議
HO,2,2023-11-23,2023-11-24,6482,弘煜科,TPEx,S,S0_atr14@5,2,306,0.058579,,0,0,1,1.27,34.603,43.28,114.45,1.0,floor(1%×vol20),0.0,0.0,331,inf,250.0,official_prepanel,small,33.0,0,可交易（DK_s＝0）,未扣成本（成本參考：2.8 折來回約 0.38%、全額約 0.585%）；交易方法狀態未知（全額交割、變更交易方法、停止信用交易的來源未提供）；容量以 s 日 vol20 估計，未模擬開盤競價量與滑價；容量受限,未扣成本·事後欄位以 m_ 標示·非投資建議
HO,2,2023-11-24,2023-11-27,1472,三洋實業,TWSE,S,S0_atr14@5,4,314,0.053401,,0,0,1,0.574,18.547,24.283,171.0,1.0,floor(1%×vol20),0.0,0.0,332,inf,250.0,official_prepanel,small,17.0,0,可交易（DK_s＝0）,未扣成本（成本參考：2.8 折來回約 0.38%、全額約 0.585%）；交易方法狀態未知（全額交割、變更交易方法、停止信用交易的來源未提供）；容量以 s 日 vol20 估計，未模擬開盤競價量與滑價；容量受限,未扣成本·事後欄位以 m_ 標示·非投資建議
HO,2,2023-11-24,2023-11-27,1799,易威,TPEx,S,S0_atr14@5,5,314,0.046534,,0,0,1,1.966,-1.72,-0.86,259.25,2.0,floor(1%×vol20),0.0,0.0,332,inf,250.0,official_prepanel,small,230.0,0,可交易（DK_s＝0）,未扣成本（成本參考：2.8 折來回約 0.38%、全額約 0.585%）；交易方法狀態未知（全額交割、變更交易方法、停止信用交易的來源未提供）；容量以 s 日 vol20 估計，未模擬開盤競價量與滑價；容量受限,未扣成本·事後欄位以 m_ 標示·非投資建議
HO,2,2023-11-24,2023-11-27,5348,正能量智能,TPEx,S,S0_atr14@5,3,314,0.055724,,0,0,1,2.41,8.675,9.639,281.85,2.0,floor(1%×vol20),0.0,0.0,332,inf,250.0,official_prepanel,small,261.0,0,可交易（DK_s＝0）,未扣成本（成本參考：2.8 折來回約 0.38%、全額約 0.585%）；交易方法狀態未知（全額交割、變更交易方法、停止信用交易的來源未提供）；容量以 s 日 vol20 估計，未模擬開盤競價量與滑價；容量受限,未扣成本·事後欄位以 m_ 標示·非投資建議
HO,2,2023-11-24,2023-11-27,6419,京晨科,TPEx,S,S0_atr14@5,1,314,0.069555,,0,0,1,-2.154,6.051,0.0,272.55,2.0,floor(1%×vol20),0.0,0.0,332,inf,250.0,official_prepanel,small,101.0,0,可交易（DK_s＝0）,未扣成本（成本參考：2.8 折來回約 0.38%、全額約 0.585%）；交易方法狀態未知（全額交割、變更交易方法、停止信用交易的來源未提供）；容量以 s 日 vol20 估計，未模擬開盤競價量與滑價；容量受限,未扣成本·事後欄位以 m_ 標示·非投資建議
HO,2,2023-11-24,2023-11-27,6482,弘煜科,TPEx,S,S0_atr14@5,2,314,0.055904,,0,0,1,1.16,41.772,39.662,114.3,1.0,floor(1%×vol20),0.0,0.0,332,inf,250.0,official_prepanel,small,35.0,0,可交易（DK_s＝0）,未扣成本（成本參考：2.8 折來回約 0.38%、全額約 0.585%）；交易方法狀態未知（全額交割、變更交易方法、停止信用交易的來源未提供）；容量以 s 日 vol20 估計，未模擬開盤競價量與滑價；容量受限,未扣成本·事後欄位以 m_ 標示·非投資建議
HO,2,2023-11-27,2023-11-28,1472,三洋實業,TWSE,S,S0_atr14@5,4,307,0.047121,,0,0,1,1.328,27.324,20.683,164.8,1.0,floor(1%×vol20),0.0,0.0,333,inf,250.0,official_prepanel,small,65.0,0,可交易（DK_s＝0）,未扣成本（成本參考：2.8 折來回約 0.38%、全額約 0.585%）；交易方法狀態未知（全額交割、變更交易方法、停止信用交易的來源未提供）；容量以 s 日 vol20 估計，未模擬開盤競價量與滑價；容量受限,未扣成本·事後欄位以 m_ 標示·非投資建議
HO,2,2023-11-27,2023-11-28,1799,易威,TPEx,S,S0_atr14@5,5,307,0.046127,,0,0,1,1.206,-3.136,-5.911,245.8,2.0,floor(1%×vol20),0.0,0.0,333,inf,250.0,official_prepanel,small,187.0,0,可交易（DK_s＝0）,未扣成本（成本參考：2.8 折來回約 0.38%、全額約 0.585%）；交易方法狀態未知（全額交割、變更交易方法、停止信用交易的來源未提供）；容量以 s 日 vol20 估計，未模擬開盤競價量與滑價；容量受限,未扣成本·事後欄位以 m_ 標示·非投資建議
HO,2,2023-11-27,2023-11-28,5348,正能量智能,TPEx,S,S0_atr14@5,2,307,0.051261,,0,0,1,0.233,11.628,0.93,286.15,2.0,floor(1%×vol20),0.0,0.0,333,inf,250.0,official_prepanel,small,81.0,0,可交易（DK_s＝0）,未扣成本（成本參考：2.8 折來回約 0.38%、全額約 0.585%）；交易方法狀態未知（全額交割、變更交易方法、停止信用交易的來源未提供）；容量以 s 日 vol20 估計，未模擬開盤競價量與滑價；容量受限,未扣成本·事後欄位以 m_ 標示·非投資建議
HO,2,2023-11-27,2023-11-28,6419,京晨科,TPEx,S,S0_atr14@5,1,307,0.069706,,0,0,1,1.045,5.956,7.001,274.3,2.0,floor(1%×vol20),0.0,0.0,333,inf,250.0,official_prepanel,small,73.0,0,可交易（DK_s＝0）,未扣成本（成本參考：2.8 折來回約 0.38%、全額約 0.585%）；交易方法狀態未知（全額交割、變更交易方法、停止信用交易的來源未提供）；容量以 s 日 vol20 估計，未模擬開盤競價量與滑價；容量受限,未扣成本·事後欄位以 m_ 標示·非投資建議
HO,2,2023-11-27,2023-11-28,6482,弘煜科,TPEx,S,S0_atr14@5,3,307,0.050499,,1,0,1,9.792,41.458,42.708,114.75,1.0,floor(1%×vol20),0.0,0.0,333,inf,250.0,official_prepanel,small,125.0,0,可交易（DK_s＝0）,未扣成本（成本參考：2.8 折來回約 0.38%、全額約 0.585%）；交易方法狀態未知（全額交割、變更交易方法、停止信用交易的來源未提供）；容量以 s 日 vol20 估計，未模擬開盤競價量與滑價；容量受限,未扣成本·事後欄位以 m_ 標示·非投資建議
HO,2,2023-11-28,2023-11-29,1799,易威,TPEx,S,S0_atr14@5,5,307,0.044185,,0,0,1,0.715,-3.456,-7.151,244.45,2.0,floor(1%×vol20),0.0,0.0,334,inf,250.0,official_prepanel,small,88.0,0,可交易（DK_s＝0）,未扣成本（成本參考：2.8 折來回約 0.38%、全額約 0.585%）；交易方法狀態未知（全額交割、變更交易方法、停止信用交易的來源未提供）；容量以 s 日 vol20 估計，未模擬開盤競價量與滑價；容量受限,未扣成本·事後欄位以 m_ 標示·非投資建議
HO,2,2023-11-28,2023-11-29,5344,立衛,TPEx,S,S0_atr14@5,4,307,0.044955,,0,0,1,-3.248,-3.248,4.408,283.5,2.0,floor(1%×vol20),0.0,0.0,334,inf,250.0,official_prepanel,small,234.0,0,可交易（DK_s＝0）,未扣成本（成本參考：2.8 折來回約 0.38%、全額約 0.585%）；交易方法狀態未知（全額交割、變更交易方法、停止信用交易的來源未提供）；容量以 s 日 vol20 估計，未模擬開盤競價量與滑價；容量受限,未扣成本·事後欄位以 m_ 標示·非投資建議
HO,2,2023-11-28,2023-11-29,5348,正能量智能,TPEx,S,S0_atr14@5,3,307,0.049387,,0,0,1,-1.595,4.784,-0.228,275.05,2.0,floor(1%×vol20),0.0,0.0,334,inf,250.0,official_prepanel,small,173.0,0,可交易（DK_s＝0）,未扣成本（成本參考：2.8 折來回約 0.38%、全額約 0.585%）；交易方法狀態未知（全額交割、變更交易方法、停止信用交易的來源未提供）；容量以 s 日 vol20 估計，未模擬開盤競價量與滑價；容量受限,未扣成本·事後欄位以 m_ 標示·非投資建議
HO,2,2023-11-28,2023-11-29,5516,雙喜,TPEx,S,S0_atr14@5,1,307,0.065583,,0,0,1,-0.256,0.512,2.046,294.55,2.0,floor(1%×vol20),0.0,0.0,334,inf,250.0,official_prepanel,small,74.0,0,可交易（DK_s＝0）,未扣成本（成本參考：2.8 折來回約 0.38%、全額約 0.585%）；交易方法狀態未知（全額交割、變更交易方法、停止信用交易的來源未提供）；容量以 s 日 vol20 估計，未模擬開盤競價量與滑價；容量受限,未扣成本·事後欄位以 m_ 標示·非投資建議
HO,2,2023-11-28,2023-11-29,6419,京晨科,TPEx,S,S0_atr14@5,2,307,0.061383,,0,0,1,9.035,2.567,5.133,266.85,2.0,floor(1%×vol20),0.0,0.0,334,inf,250.0,official_prepanel,small,520.0,0,可交易（DK_s＝0）,未扣成本（成本參考：2.8 折來回約 0.38%、全額約 0.585%）；交易方法狀態未知（全額交割、變更交易方法、停止信用交易的來源未提供）；容量以 s 日 vol20 估計，未模擬開盤競價量與滑價；容量受限,未扣成本·事後欄位以 m_ 標示·非投資建議
HO,2,2023-11-29,2023-11-30,1799,易威,TPEx,S,S0_atr14@5,5,298,0.044294,,0,0,1,-2.607,-4.976,-7.701,232.75,2.0,floor(1%×vol20),0.0,0.0,335,inf,250.0,official_prepanel,small,79.0,0,可交易（DK_s＝0）,未扣成本（成本參考：2.8 折來回約 0.38%、全額約 0.585%）；交易方法狀態未知（全額交割、變更交易方法、停止信用交易的來源未提供）；容量以 s 日 vol20 估計，未模擬開盤競價量與滑價；容量受限,未扣成本·事後欄位以 m_ 標示·非投資建議
HO,2,2023-11-29,2023-11-30,5344,立衛,TPEx,S,S0_atr14@5,3,298,0.046591,,0,0,1,-1.671,-0.955,12.172,293.1,2.0,floor(1%×vol20),0.0,0.0,335,inf,250.0,official_prepanel,small,172.0,0,可交易（DK_s＝0）,未扣成本（成本參考：2.8 折來回約 0.38%、全額約 0.585%）；交易方法狀態未知（全額交割、變更交易方法、停止信用交易的來源未提供）；容量以 s 日 vol20 估計，未模擬開盤競價量與滑價；容量受限,未扣成本·事後欄位以 m_ 標示·非投資建議
HO,2,2023-11-29,2023-11-30,5348,正能量智能,TPEx,S,S0_atr14@5,2,298,0.04795,,0,0,1,3.009,3.472,3.704,252.65,2.0,floor(1%×vol20),0.0,0.0,335,inf,250.0,official_prepanel,small,308.0,0,可交易（DK_s＝0）,未扣成本（成本參考：2.8 折來回約 0.38%、全額約 0.585%）；交易方法狀態未知（全額交割、變更交易方法、停止信用交易的來源未提供）；容量以 s 日 vol20 估計，未模擬開盤競價量與滑價；容量受限,未扣成本·事後欄位以 m_ 標示·非投資建議
HO,2,2023-11-29,2023-11-30,5516,雙喜,TPEx,S,S0_atr14@5,1,298,0.06044,,0,0,1,-0.513,3.59,1.795,293.3,2.0,floor(1%×vol20),0.0,0.0,335,inf,250.0,official_prepanel,small,96.0,0,可交易（DK_s＝0）,未扣成本（成本參考：2.8 折來回約 0.38%、全額約 0.585%）；交易方法狀態未知（全額交割、變更交易方法、停止信用交易的來源未提供）；容量以 s 日 vol20 估計，未模擬開盤競價量與滑價；容量受限,未扣成本·事後欄位以 m_ 標示·非投資建議
HO,2,2023-11-29,2023-11-30,6708,天擎,TPEx,S,S0_atr14@5,4,298,0.046554,,0,0,1,-0.35,-2.972,-8.916,158.75,1.0,floor(1%×vol20),0.0,1.0,219,219.0,219.0,official,small,124.0,0,可交易（DK_s＝0）,未扣成本（成本參考：2.8 折來回約 0.38%、全額約 0.585%）；交易方法狀態未知（全額交割、變更交易方法、停止信用交易的來源未提供）；容量以 s 日 vol20 估計，未模擬開盤競價量與滑價；容量受限,未扣成本·事後欄位以 m_ 標示·非投資建議
HO,2,2023-11-30,2023-12-01,4413,飛寶企業,TPEx,S,S0_atr14@5,2,298,0.064406,,0,0,1,1.685,29.775,39.045,175.1,1.0,floor(1%×vol20),0.0,0.0,336,inf,250.0,official_prepanel,small,30.0,0,可交易（DK_s＝0）,未扣成本（成本參考：2.8 折來回約 0.38%、全額約 0.585%）；交易方法狀態未知（全額交割、變更交易方法、停止信用交易的來源未提供）；容量以 s 日 vol20 估計，未模擬開盤競價量與滑價；容量受限,未扣成本·事後欄位以 m_ 標示·非投資建議
HO,2,2023-11-30,2023-12-01,4806,桂田文創,TPEx,S,S0_atr14@5,3,298,0.064048,,0,0,1,0.717,14.695,7.527,198.95,1.0,floor(1%×vol20),0.0,0.0,336,inf,250.0,official_prepanel,small,68.0,0,可交易（DK_s＝0）,未扣成本（成本參考：2.8 折來回約 0.38%、全額約 0.585%）；交易方法狀態未知（全額交割、變更交易方法、停止信用交易的來源未提供）；容量以 s 日 vol20 估計，未模擬開盤競價量與滑價；容量受限,未扣成本·事後欄位以 m_ 標示·非投資建議
HO,2,2023-11-30,2023-12-01,5314,世紀*,TPEx,S,S0_atr14@5,1,298,0.082035,,0,0,1,2.099,1.145,15.267,149.15,1.0,floor(1%×vol20),1.0,0.0,336,inf,250.0,official_prepanel,small,39.0,1,處置中・交易規則另案登錄（DK_s＝1）,未扣成本（成本參考：2.8 折來回約 0.38%、全額約 0.585%）；交易方法狀態未知（全額交割、變更交易方法、停止信用交易的來源未提供）；容量以 s 日 vol20 估計，未模擬開盤競價量與滑價；容量受限,未扣成本·事後欄位以 m_ 標示·非投資建議
HO,2,2023-11-30,2023-12-01,5516,雙喜,TPEx,S,S0_atr14@5,5,298,0.050994,,0,0,1,1.031,4.124,1.804,292.65,2.0,floor(1%×vol20),0.0,0.0,336,inf,250.0,official_prepanel,small,76.0,0,可交易（DK_s＝0）,未扣成本（成本參考：2.8 折來回約 0.38%、全額約 0.585%）；交易方法狀態未知（全額交割、變更交易方法、停止信用交易的來源未提供）；容量以 s 日 vol20 估計，未模擬開盤競價量與滑價；容量受限,未扣成本·事後欄位以 m_ 標示·非投資建議
HO,2,2023-11-30,2023-12-01,6419,京晨科,TPEx,S,S0_atr14@5,4,298,0.052509,,0,0,1,-1.147,-5.832,0.956,291.9,2.0,floor(1%×vol20),0.0,0.0,336,inf,250.0,official_prepanel,small,201.0,0,可交易（DK_s＝0）,未扣成本（成本參考：2.8 折來回約 0.38%、全額約 0.585%）；交易方法狀態未知（全額交割、變更交易方法、停止信用交易的來源未提供）；容量以 s 日 vol20 估計，未模擬開盤競價量與滑價；容量受限,未扣成本·事後欄位以 m_ 標示·非投資建議
HO,2,2023-12-01,2023-12-04,4413,飛寶企業,TPEx,S,S0_atr14@5,3,299,0.063931,,0,0,1,-1.105,34.254,37.017,176.1,1.0,floor(1%×vol20),0.0,0.0,337,inf,250.0,official_prepanel,small,19.0,0,可交易（DK_s＝0）,未扣成本（成本參考：2.8 折來回約 0.38%、全額約 0.585%）；交易方法狀態未知（全額交割、變更交易方法、停止信用交易的來源未提供）；容量以 s 日 vol20 估計，未模擬開盤競價量與滑價；容量受限,未扣成本·事後欄位以 m_ 標示·非投資建議
HO,2,2023-12-01,2023-12-04,4806,桂田文創,TPEx,S,S0_atr14@5,2,299,0.071683,,0,0,1,6.227,17.216,15.751,196.8,1.0,floor(1%×vol20),0.0,0.0,337,inf,250.0,official_prepanel,small,81.0,0,可交易（DK_s＝0）,未扣成本（成本參考：2.8 折來回約 0.38%、全額約 0.585%）；交易方法狀態未知（全額交割、變更交易方法、停止信用交易的來源未提供）；容量以 s 日 vol20 估計，未模擬開盤競價量與滑價；容量受限,未扣成本·事後欄位以 m_ 標示·非投資建議
HO,2,2023-12-01,2023-12-04,5314,世紀*,TPEx,S,S0_atr14@5,1,299,0.078571,,0,0,1,0.0,6.718,24.76,150.25,1.0,floor(1%×vol20),1.0,0.0,337,inf,250.0,official_prepanel,small,50.0,1,處置中・交易規則另案登錄（DK_s＝1）,未扣成本（成本參考：2.8 折來回約 0.38%、全額約 0.585%）；交易方法狀態未知（全額交割、變更交易方法、停止信用交易的來源未提供）；容量以 s 日 vol20 估計，未模擬開盤競價量與滑價；容量受限,未扣成本·事後欄位以 m_ 標示·非投資建議
HO,2,2023-12-01,2023-12-04,5364,力麗店,TPEx,S,S0_atr14@5,4,299,0.04905,,0,0,1,0.737,0.552,-3.499,122.05,1.0,floor(1%×vol20),0.0,0.0,337,inf,250.0,official_prepanel,small,88.0,0,可交易（DK_s＝0）,未扣成本（成本參考：2.8 折來回約 0.38%、全額約 0.585%）；交易方法狀態未知（全額交割、變更交易方法、停止信用交易的來源未提供）；容量以 s 日 vol20 估計，未模擬開盤競價量與滑價；容量受限,未扣成本·事後欄位以 m_ 標示·非投資建議
HO,2,2023-12-01,2023-12-04,6708,天擎,TPEx,S,S0_atr14@5,5,299,0.047975,,0,0,1,-3.979,-4.498,-13.495,169.45,1.0,floor(1%×vol20),0.0,1.0,221,221.0,221.0,official,small,137.0,0,可交易（DK_s＝0）,未扣成本（成本參考：2.8 折來回約 0.38%、全額約 0.585%）；交易方法狀態未知（全額交割、變更交易方法、停止信用交易的來源未提供）；容量以 s 日 vol20 估計，未模擬開盤競價量與滑價；容量受限,未扣成本·事後欄位以 m_ 標示·非投資建議
HO,2,2023-12-04,2023-12-05,2719,燦星旅,TPEx,S,S0_atr14@5,5,305,0.055165,,0,0,1,-2.443,-2.29,-4.58,178.4,1.0,floor(1%×vol20),0.0,0.0,338,inf,250.0,official_prepanel,small,71.0,0,可交易（DK_s＝0）,未扣成本（成本參考：2.8 折來回約 0.38%、全額約 0.585%）；交易方法狀態未知（全額交割、變更交易方法、停止信用交易的來源未提供）；容量以 s 日 vol20 估計，未模擬開盤競價量與滑價；容量受限,未扣成本·事後欄位以 m_ 標示·非投資建議
HO,2,2023-12-04,2023-12-05,4413,飛寶企業,TPEx,S,S0_atr14@5,3,305,0.059258,,0,0,1,4.8,32.267,31.467,176.6,1.0,floor(1%×vol20),0.0,0.0,338,inf,250.0,official_prepanel,small,343.0,0,可交易（DK_s＝0）,未扣成本（成本參考：2.8 折來回約 0.38%、全額約 0.585%）；交易方法狀態未知（全額交割、變更交易方法、停止信用交易的來源未提供）；容量以 s 日 vol20 估計，未模擬開盤競價量與滑價；容量受限,未扣成本·事後欄位以 m_ 標示·非投資建議
HO,2,2023-12-04,2023-12-05,4806,桂田文創,TPEx,S,S0_atr14@5,2,305,0.06798,,0,0,1,1.379,10.0,2.069,183.75,1.0,floor(1%×vol20),0.0,0.0,338,inf,250.0,official_prepanel,small,40.0,0,可交易（DK_s＝0）,未扣成本（成本參考：2.8 折來回約 0.38%、全額約 0.585%）；交易方法狀態未知（全額交割、變更交易方法、停止信用交易的來源未提供）；容量以 s 日 vol20 估計，未模擬開盤競價量與滑價；容量受限,未扣成本·事後欄位以 m_ 標示·非投資建議
HO,2,2023-12-04,2023-12-05,5314,世紀*,TPEx,S,S0_atr14@5,1,305,0.075679,,0,0,1,-3.021,2.339,39.376,151.85,1.0,floor(1%×vol20),1.0,0.0,338,inf,250.0,official_prepanel,small,90.0,0,處置中・交易規則另案登錄（DK_s＝1）,未扣成本（成本參考：2.8 折來回約 0.38%、全額約 0.585%）；交易方法狀態未知（全額交割、變更交易方法、停止信用交易的來源未提供）；容量以 s 日 vol20 估計，未模擬開盤競價量與滑價；容量受限,未扣成本·事後欄位以 m_ 標示·非投資建議
HO,2,2023-12-04,2023-12-05,5703,亞都,TPEx,S,S0_atr14@5,4,305,0.056505,,0,0,1,-2.424,-0.606,-0.404,263.0,2.0,floor(1%×vol20),0.0,0.0,338,inf,250.0,official_prepanel,small,88.0,0,可交易（DK_s＝0）,未扣成本（成本參考：2.8 折來回約 0.38%、全額約 0.585%）；交易方法狀態未知（全額交割、變更交易方法、停止信用交易的來源未提供）；容量以 s 日 vol20 估計，未模擬開盤競價量與滑價；容量受限,未扣成本·事後欄位以 m_ 標示·非投資建議
HO,2,2023-12-05,2023-12-06,2719,燦星旅,TPEx,S,S0_atr14@5,5,302,0.057009,,0,0,1,1.252,-0.939,-3.286,176.35,1.0,floor(1%×vol20),0.0,0.0,339,inf,250.0,official_prepanel,small,33.0,0,可交易（DK_s＝0）,未扣成本（成本參考：2.8 折來回約 0.38%、全額約 0.585%）；交易方法狀態未知（全額交割、變更交易方法、停止信用交易的來源未提供）；容量以 s 日 vol20 估計，未模擬開盤競價量與滑價；容量受限,未扣成本·事後欄位以 m_ 標示·非投資建議
HO,2,2023-12-05,2023-12-06,4806,桂田文創,TPEx,S,S0_atr14@5,2,302,0.06171,,0,0,1,-1.639,-4.918,-1.967,166.0,1.0,floor(1%×vol20),0.0,0.0,339,inf,250.0,official_prepanel,small,142.0,0,可交易（DK_s＝0）,未扣成本（成本參考：2.8 折來回約 0.38%、全額約 0.585%）；交易方法狀態未知（全額交割、變更交易方法、停止信用交易的來源未提供）；容量以 s 日 vol20 估計，未模擬開盤競價量與滑價；容量受限,未扣成本·事後欄位以 m_ 標示·非投資建議
HO,2,2023-12-05,2023-12-06,5314,世紀*,TPEx,S,S0_atr14@5,1,302,0.076597,,0,0,1,7.89,13.807,55.03,154.6,1.0,floor(1%×vol20),0.0,0.0,339,inf,250.0,official_prepanel,small,163.0,0,可交易（DK_s＝0）,未扣成本（成本參考：2.8 折來回約 0.38%、全額約 0.585%）；交易方法狀態未知（全額交割、變更交易方法、停止信用交易的來源未提供）；容量以 s 日 vol20 估計，未模擬開盤競價量與滑價；容量受限,未扣成本·事後欄位以 m_ 標示·非投資建議
HO,2,2023-12-05,2023-12-06,5703,亞都,TPEx,S,S0_atr14@5,4,302,0.057379,,0,0,1,3.272,0.409,-0.204,243.25,2.0,floor(1%×vol20),0.0,0.0,339,inf,250.0,official_prepanel,small,200.0,0,可交易（DK_s＝0）,未扣成本（成本參考：2.8 折來回約 0.38%、全額約 0.585%）；交易方法狀態未知（全額交割、變更交易方法、停止信用交易的來源未提供）；容量以 s 日 vol20 估計，未模擬開盤競價量與滑價；容量受限,未扣成本·事後欄位以 m_ 標示·非投資建議
HO,2,2023-12-05,2023-12-06,6708,天擎,TPEx,S,S0_atr14@5,3,302,0.058086,,0,0,1,6.119,0.0,-4.589,180.75,1.0,floor(1%×vol20),0.0,0.0,223,223.0,223.0,official,small,91.0,0,可交易（DK_s＝0）,未扣成本（成本參考：2.8 折來回約 0.38%、全額約 0.585%）；交易方法狀態未知（全額交割、變更交易方法、停止信用交易的來源未提供）；容量以 s 日 vol20 估計，未模擬開盤競價量與滑價；容量受限,未扣成本·事後欄位以 m_ 標示·非投資建議
HO,2,2023-12-06,2023-12-07,4806,桂田文創,TPEx,S,S0_atr14@5,1,307,0.063333,,0,1,0,-3.03,-8.485,-11.818,161.85,1.0,floor(1%×vol20),0.0,0.0,340,inf,250.0,official_prepanel,small,408.0,0,可交易（DK_s＝0）,未扣成本（成本參考：2.8 折來回約 0.38%、全額約 0.585%）；交易方法狀態未知（全額交割、變更交易方法、停止信用交易的來源未提供）；容量以 s 日 vol20 估計，未模擬開盤競價量與滑價；容量受限,未扣成本·事後欄位以 m_ 標示·非投資建議
HO,2,2023-12-06,2023-12-07,5301,,TPEx,S,S0_atr14@5,3,307,0.054698,,0,0,1,-1.794,-3.139,-2.691,291.15,2.0,floor(1%×vol20),0.0,0.0,340,inf,250.0,official_prepanel,small,74.0,0,可交易（DK_s＝0）,未扣成本（成本參考：2.8 折來回約 0.38%、全額約 0.585%）；交易方法狀態未知（全額交割、變更交易方法、停止信用交易的來源未提供）；容量以 s 日 vol20 估計，未模擬開盤競價量與滑價；容量受限,未扣成本·事後欄位以 m_ 標示·非投資建議
HO,2,2023-12-06,2023-12-07,5703,亞都,TPEx,S,S0_atr14@5,4,307,0.052334,,0,0,1,-0.797,-2.39,-0.598,246.8,2.0,floor(1%×vol20),0.0,0.0,340,inf,250.0,official_prepanel,small,98.0,0,可交易（DK_s＝0）,未扣成本（成本參考：2.8 折來回約 0.38%、全額約 0.585%）；交易方法狀態未知（全額交割、變更交易方法、停止信用交易的來源未提供）；容量以 s 日 vol20 估計，未模擬開盤競價量與滑價；容量受限,未扣成本·事後欄位以 m_ 標示·非投資建議
HO,2,2023-12-06,2023-12-07,6409,旭隼,TWSE,S,S0_atr14@5,5,307,0.051457,,0,0,1,0.984,1.967,8.197,210.35,2.0,floor(1%×vol20),0.0,1.0,340,inf,250.0,official_prepanel,large,112.0,0,可交易（DK_s＝0）,未扣成本（成本參考：2.8 折來回約 0.38%、全額約 0.585%）；交易方法狀態未知（全額交割、變更交易方法、停止信用交易的來源未提供）；容量以 s 日 vol20 估計，未模擬開盤競價量與滑價；容量受限,未扣成本·事後欄位以 m_ 標示·非投資建議
HO,2,2023-12-06,2023-12-07,6708,天擎,TPEx,S,S0_atr14@5,2,307,0.061133,,0,0,1,-1.654,-4.228,-8.548,184.85,1.0,floor(1%×vol20),0.0,0.0,224,224.0,224.0,official,small,67.0,0,可交易（DK_s＝0）,未扣成本（成本參考：2.8 折來回約 0.38%、全額約 0.585%）；交易方法狀態未知（全額交割、變更交易方法、停止信用交易的來源未提供）；容量以 s 日 vol20 估計，未模擬開盤競價量與滑價；容量受限,未扣成本·事後欄位以 m_ 標示·非投資建議
HO,2,2023-12-07,2023-12-08,4806,桂田文創,TPEx,S,S0_atr14@5,2,305,0.062723,,0,0,1,0.0,-6.25,-12.188,167.1,1.0,floor(1%×vol20),0.0,0.0,341,inf,250.0,official_prepanel,small,254.0,0,可交易（DK_s＝0）,未扣成本（成本參考：2.8 折來回約 0.38%、全額約 0.585%）；交易方法狀態未知（全額交割、變更交易方法、停止信用交易的來源未提供）；容量以 s 日 vol20 估計，未模擬開盤競價量與滑價；容量受限,未扣成本·事後欄位以 m_ 標示·非投資建議
HO,2,2023-12-07,2023-12-08,5314,世紀*,TPEx,S,S0_atr14@5,1,305,0.073248,,0,0,1,3.925,12.897,54.206,186.75,1.0,floor(1%×vol20),0.0,0.0,341,inf,250.0,official_prepanel,small,353.0,0,可交易（DK_s＝0）,未扣成本（成本參考：2.8 折來回約 0.38%、全額約 0.585%）；交易方法狀態未知（全額交割、變更交易方法、停止信用交易的來源未提供）；容量以 s 日 vol20 估計，未模擬開盤競價量與滑價；容量受限,未扣成本·事後欄位以 m_ 標示·非投資建議
HO,2,2023-12-07,2023-12-08,6409,旭隼,TWSE,S,S0_atr14@5,5,305,0.050325,,0,0,1,-1.286,1.286,4.502,211.5,2.0,floor(1%×vol20),0.0,1.0,341,inf,250.0,official_prepanel,large,145.0,0,可交易（DK_s＝0）,未扣成本（成本參考：2.8 折來回約 0.38%、全額約 0.585%）；交易方法狀態未知（全額交割、變更交易方法、停止信用交易的來源未提供）；容量以 s 日 vol20 估計，未模擬開盤競價量與滑價；容量受限,未扣成本·事後欄位以 m_ 標示·非投資建議
HO,2,2023-12-07,2023-12-08,6708,天擎,TPEx,S,S0_atr14@5,3,305,0.061415,,0,0,1,-1.252,-8.766,-8.945,187.7,1.0,floor(1%×vol20),0.0,0.0,225,225.0,225.0,official,small,58.0,0,可交易（DK_s＝0）,未扣成本（成本參考：2.8 折來回約 0.38%、全額約 0.585%）；交易方法狀態未知（全額交割、變更交易方法、停止信用交易的來源未提供）；容量以 s 日 vol20 估計，未模擬開盤競價量與滑價；容量受限,未扣成本·事後欄位以 m_ 標示·非投資建議
HO,2,2023-12-07,2023-12-08,6874,倍力,TPEx,S,S0_atr14@5,4,305,0.053571,,0,0,1,-3.346,-7.435,-3.717,261.85,2.0,floor(1%×vol20),0.0,0.0,236,236.0,236.0,official,small,118.0,0,可交易（DK_s＝0）,未扣成本（成本參考：2.8 折來回約 0.38%、全額約 0.585%）；交易方法狀態未知（全額交割、變更交易方法、停止信用交易的來源未提供）；容量以 s 日 vol20 估計，未模擬開盤競價量與滑價；容量受限,未扣成本·事後欄位以 m_ 標示·非投資建議
HO,2,2023-12-08,2023-12-11,1472,三洋實業,TWSE,S,S0_atr14@5,5,308,0.04978,,0,0,1,-0.935,3.427,3.427,188.25,1.0,floor(1%×vol20),0.0,1.0,342,inf,250.0,official_prepanel,small,92.0,0,可交易（DK_s＝0）,未扣成本（成本參考：2.8 折來回約 0.38%、全額約 0.585%）；交易方法狀態未知（全額交割、變更交易方法、停止信用交易的來源未提供）；容量以 s 日 vol20 估計，未模擬開盤競價量與滑價；容量受限,未扣成本·事後欄位以 m_ 標示·非投資建議
HO,2,2023-12-08,2023-12-11,4806,桂田文創,TPEx,S,S0_atr14@5,3,308,0.059821,,0,0,1,-7.536,-8.406,-20.0,169.2,1.0,floor(1%×vol20),0.0,0.0,342,inf,250.0,official_prepanel,small,298.0,0,可交易（DK_s＝0）,未扣成本（成本參考：2.8 折來回約 0.38%、全額約 0.585%）；交易方法狀態未知（全額交割、變更交易方法、停止信用交易的來源未提供）；容量以 s 日 vol20 估計，未模擬開盤競價量與滑價；容量受限,未扣成本·事後欄位以 m_ 標示·非投資建議
HO,2,2023-12-08,2023-12-11,5314,世紀*,TPEx,S,S0_atr14@5,1,308,0.067382,,0,0,1,-1.869,21.495,46.168,203.95,2.0,floor(1%×vol20),0.0,0.0,342,inf,250.0,official_prepanel,small,205.0,0,可交易（DK_s＝0）,未扣成本（成本參考：2.8 折來回約 0.38%、全額約 0.585%）；交易方法狀態未知（全額交割、變更交易方法、停止信用交易的來源未提供）；容量以 s 日 vol20 估計，未模擬開盤競價量與滑價；容量受限,未扣成本·事後欄位以 m_ 標示·非投資建議
HO,2,2023-12-08,2023-12-11,6708,天擎,TPEx,S,S0_atr14@5,2,308,0.060688,,0,0,1,-3.423,-9.91,-8.108,190.0,1.0,floor(1%×vol20),0.0,0.0,226,226.0,226.0,official,small,45.0,0,可交易（DK_s＝0）,未扣成本（成本參考：2.8 折來回約 0.38%、全額約 0.585%）；交易方法狀態未知（全額交割、變更交易方法、停止信用交易的來源未提供）；容量以 s 日 vol20 估計，未模擬開盤競價量與滑價；容量受限,未扣成本·事後欄位以 m_ 標示·非投資建議
HO,2,2023-12-08,2023-12-11,6874,倍力,TPEx,S,S0_atr14@5,4,308,0.054396,,0,0,1,0.769,-4.615,0.0,261.3,2.0,floor(1%×vol20),0.0,0.0,237,237.0,237.0,official,small,91.0,0,可交易（DK_s＝0）,未扣成本（成本參考：2.8 折來回約 0.38%、全額約 0.585%）；交易方法狀態未知（全額交割、變更交易方法、停止信用交易的來源未提供）；容量以 s 日 vol20 估計，未模擬開盤競價量與滑價；容量受限,未扣成本·事後欄位以 m_ 標示·非投資建議
HO,2,2023-12-11,2023-12-12,4806,桂田文創,TPEx,S,S0_atr14@5,3,308,0.060457,,0,0,1,-9.091,-7.21,-15.361,181.55,1.0,floor(1%×vol20),0.0,0.0,343,inf,250.0,official_prepanel,small,372.0,0,可交易（DK_s＝0）,未扣成本（成本參考：2.8 折來回約 0.38%、全額約 0.585%）；交易方法狀態未知（全額交割、變更交易方法、停止信用交易的來源未提供）；容量以 s 日 vol20 估計，未模擬開盤競價量與滑價；容量受限,未扣成本·事後欄位以 m_ 標示·非投資建議
HO,2,2023-12-11,2023-12-12,5314,世紀*,TPEx,S,S0_atr14@5,1,308,0.072449,,1,1,0,0.0,23.917,26.343,210.6,2.0,floor(1%×vol20),0.0,0.0,343,inf,250.0,official_prepanel,small,272.0,0,可交易（DK_s＝0）,未扣成本（成本參考：2.8 折來回約 0.38%、全額約 0.585%）；交易方法狀態未知（全額交割、變更交易方法、停止信用交易的來源未提供）；容量以 s 日 vol20 估計，未模擬開盤競價量與滑價；容量受限,未扣成本·事後欄位以 m_ 標示·非投資建議
HO,2,2023-12-11,2023-12-12,5348,正能量智能,TPEx,S,S0_atr14@5,5,308,0.051843,,0,0,1,-0.455,1.136,-3.182,209.8,2.0,floor(1%×vol20),0.0,0.0,343,inf,250.0,official_prepanel,small,102.0,0,可交易（DK_s＝0）,未扣成本（成本參考：2.8 折來回約 0.38%、全額約 0.585%）；交易方法狀態未知（全額交割、變更交易方法、停止信用交易的來源未提供）；容量以 s 日 vol20 估計，未模擬開盤競價量與滑價；容量受限,未扣成本·事後欄位以 m_ 標示·非投資建議
HO,2,2023-12-11,2023-12-12,6708,天擎,TPEx,S,S0_atr14@5,2,308,0.064033,,0,0,1,-2.06,-7.303,-6.929,191.5,1.0,floor(1%×vol20),0.0,0.0,227,227.0,227.0,official,small,66.0,0,可交易（DK_s＝0）,未扣成本（成本參考：2.8 折來回約 0.38%、全額約 0.585%）；交易方法狀態未知（全額交割、變更交易方法、停止信用交易的來源未提供）；容量以 s 日 vol20 估計，未模擬開盤競價量與滑價；容量受限,未扣成本·事後欄位以 m_ 標示·非投資建議
HO,2,2023-12-11,2023-12-12,6874,倍力,TPEx,S,S0_atr14@5,4,308,0.054798,,0,0,1,-1.176,6.667,-2.745,262.2,2.0,floor(1%×vol20),0.0,0.0,238,238.0,238.0,official,small,281.0,0,可交易（DK_s＝0）,未扣成本（成本參考：2.8 折來回約 0.38%、全額約 0.585%）；交易方法狀態未知（全額交割、變更交易方法、停止信用交易的來源未提供）；容量以 s 日 vol20 估計，未模擬開盤競價量與滑價；容量受限,未扣成本·事後欄位以 m_ 標示·非投資建議
HO,2,2023-12-12,2023-12-13,4806,桂田文創,TPEx,S,S0_atr14@5,1,305,0.07069,,0,0,1,4.138,3.103,-13.793,188.0,1.0,floor(1%×vol20),0.0,0.0,344,inf,250.0,official_prepanel,small,46.0,0,可交易（DK_s＝0）,未扣成本（成本參考：2.8 折來回約 0.38%、全額約 0.585%）；交易方法狀態未知（全額交割、變更交易方法、停止信用交易的來源未提供）；容量以 s 日 vol20 估計，未模擬開盤競價量與滑價；容量受限,未扣成本·事後欄位以 m_ 標示·非投資建議
HO,2,2023-12-12,2023-12-13,5348,正能量智能,TPEx,S,S0_atr14@5,5,305,0.049739,,0,0,1,1.818,-3.636,-4.545,201.25,2.0,floor(1%×vol20),0.0,0.0,344,inf,250.0,official_prepanel,small,130.0,0,可交易（DK_s＝0）,未扣成本（成本參考：2.8 折來回約 0.38%、全額約 0.585%）；交易方法狀態未知（全額交割、變更交易方法、停止信用交易的來源未提供）；容量以 s 日 vol20 估計，未模擬開盤競價量與滑價；容量受限,未扣成本·事後欄位以 m_ 標示·非投資建議
HO,2,2023-12-12,2023-12-13,6708,天擎,TPEx,S,S0_atr14@5,2,305,0.064463,,0,0,1,-0.382,-4.589,-0.765,194.1,1.0,floor(1%×vol20),0.0,0.0,228,228.0,228.0,official,small,52.0,0,可交易（DK_s＝0）,未扣成本（成本參考：2.8 折來回約 0.38%、全額約 0.585%）；交易方法狀態未知（全額交割、變更交易方法、停止信用交易的來源未提供）；容量以 s 日 vol20 估計，未模擬開盤競價量與滑價；容量受限,未扣成本·事後欄位以 m_ 標示·非投資建議
HO,2,2023-12-12,2023-12-13,6716,應廣,TPEx,S,S0_atr14@5,3,305,0.062378,,0,0,1,4.676,2.878,-5.396,207.15,2.0,floor(1%×vol20),1.0,0.0,344,inf,250.0,official_prepanel,small,129.0,0,處置中・交易規則另案登錄（DK_s＝1）,未扣成本（成本參考：2.8 折來回約 0.38%、全額約 0.585%）；交易方法狀態未知（全額交割、變更交易方法、停止信用交易的來源未提供）；容量以 s 日 vol20 估計，未模擬開盤競價量與滑價；容量受限,未扣成本·事後欄位以 m_ 標示·非投資建議
HO,2,2023-12-12,2023-12-13,6874,倍力,TPEx,S,S0_atr14@5,4,305,0.054705,,0,0,1,-1.587,6.746,-1.587,274.05,2.0,floor(1%×vol20),0.0,0.0,239,239.0,239.0,official,small,73.0,0,可交易（DK_s＝0）,未扣成本（成本參考：2.8 折來回約 0.38%、全額約 0.585%）；交易方法狀態未知（全額交割、變更交易方法、停止信用交易的來源未提供）；容量以 s 日 vol20 估計，未模擬開盤競價量與滑價；容量受限,未扣成本·事後欄位以 m_ 標示·非投資建議
HO,2,2023-12-13,2023-12-14,1472,三洋實業,TWSE,S,S0_atr14@5,5,299,0.050541,,0,0,1,-0.151,-0.604,-4.683,182.8,1.0,floor(1%×vol20),0.0,0.0,345,inf,250.0,official_prepanel,small,105.0,0,可交易（DK_s＝0）,未扣成本（成本參考：2.8 折來回約 0.38%、全額約 0.585%）；交易方法狀態未知（全額交割、變更交易方法、停止信用交易的來源未提供）；容量以 s 日 vol20 估計，未模擬開盤競價量與滑價；容量受限,未扣成本·事後欄位以 m_ 標示·非投資建議
HO,2,2023-12-13,2023-12-14,4806,桂田文創,TPEx,S,S0_atr14@5,1,299,0.073321,,0,0,1,2.389,-0.683,-18.089,178.25,1.0,floor(1%×vol20),0.0,0.0,345,inf,250.0,official_prepanel,small,188.0,0,可交易（DK_s＝0）,未扣成本（成本參考：2.8 折來回約 0.38%、全額約 0.585%）；交易方法狀態未知（全額交割、變更交易方法、停止信用交易的來源未提供）；容量以 s 日 vol20 估計，未模擬開盤競價量與滑價；容量受限,未扣成本·事後欄位以 m_ 標示·非投資建議
HO,2,2023-12-13,2023-12-14,6708,天擎,TPEx,S,S0_atr14@5,3,299,0.060324,,0,0,1,-4.851,-7.183,-6.157,196.15,1.0,floor(1%×vol20),0.0,0.0,229,229.0,229.0,official,small,66.0,0,可交易（DK_s＝0）,未扣成本（成本參考：2.8 折來回約 0.38%、全額約 0.585%）；交易方法狀態未知（全額交割、變更交易方法、停止信用交易的來源未提供）；容量以 s 日 vol20 估計，未模擬開盤競價量與滑價；容量受限,未扣成本·事後欄位以 m_ 標示·非投資建議
HO,2,2023-12-13,2023-12-14,6716,應廣,TPEx,S,S0_atr14@5,2,299,0.062101,,0,0,1,-4.452,-1.37,-9.589,213.1,2.0,floor(1%×vol20),0.0,0.0,345,inf,250.0,official_prepanel,small,123.0,0,可交易（DK_s＝0）,未扣成本（成本參考：2.8 折來回約 0.38%、全額約 0.585%）；交易方法狀態未知（全額交割、變更交易方法、停止信用交易的來源未提供）；容量以 s 日 vol20 估計，未模擬開盤競價量與滑價；容量受限,未扣成本·事後欄位以 m_ 標示·非投資建議
HO,2,2023-12-13,2023-12-14,6874,倍力,TPEx,S,S0_atr14@5,4,299,0.053571,,0,0,1,0.403,4.032,0.403,271.4,2.0,floor(1%×vol20),0.0,0.0,240,240.0,240.0,official,small,68.0,0,可交易（DK_s＝0）,未扣成本（成本參考：2.8 折來回約 0.38%、全額約 0.585%）；交易方法狀態未知（全額交割、變更交易方法、停止信用交易的來源未提供）；容量以 s 日 vol20 估計，未模擬開盤競價量與滑價；容量受限,未扣成本·事後欄位以 m_ 標示·非投資建議
HO,2,2023-12-14,2023-12-15,1472,三洋實業,TWSE,S,S0_atr14@5,5,300,0.052194,,0,0,1,-0.15,-2.406,-4.511,186.65,1.0,floor(1%×vol20),0.0,0.0,346,inf,250.0,official_prepanel,small,49.0,0,可交易（DK_s＝0）,未扣成本（成本參考：2.8 折來回約 0.38%、全額約 0.585%）；交易方法狀態未知（全額交割、變更交易方法、停止信用交易的來源未提供）；容量以 s 日 vol20 估計，未模擬開盤競價量與滑價；容量受限,未扣成本·事後欄位以 m_ 標示·非投資建議
HO,2,2023-12-14,2023-12-15,3494,誠研,TWSE,S,S0_atr14@5,3,300,0.058342,,0,0,1,3.12,4.68,0.0,298.4,2.0,floor(1%×vol20),0.0,0.0,346,inf,250.0,official_prepanel,small,35.0,0,可交易（DK_s＝0）,未扣成本（成本參考：2.8 折來回約 0.38%、全額約 0.585%）；交易方法狀態未知（全額交割、變更交易方法、停止信用交易的來源未提供）；容量以 s 日 vol20 估計，未模擬開盤競價量與滑價；容量受限,未扣成本·事後欄位以 m_ 標示·非投資建議
HO,2,2023-12-14,2023-12-15,4806,桂田文創,TPEx,S,S0_atr14@5,1,300,0.064048,,0,0,1,8.591,-3.436,-17.526,184.25,1.0,floor(1%×vol20),0.0,0.0,346,inf,250.0,official_prepanel,small,39.0,0,可交易（DK_s＝0）,未扣成本（成本參考：2.8 折來回約 0.38%、全額約 0.585%）；交易方法狀態未知（全額交割、變更交易方法、停止信用交易的來源未提供）；容量以 s 日 vol20 估計，未模擬開盤競價量與滑價；容量受限,未扣成本·事後欄位以 m_ 標示·非投資建議
HO,2,2023-12-14,2023-12-15,6708,天擎,TPEx,S,S0_atr14@5,4,300,0.058123,,0,0,1,-4.943,-3.232,-3.802,198.35,1.0,floor(1%×vol20),0.0,0.0,230,230.0,230.0,official,small,126.0,0,可交易（DK_s＝0）,未扣成本（成本參考：2.8 折來回約 0.38%、全額約 0.585%）；交易方法狀態未知（全額交割、變更交易方法、停止信用交易的來源未提供）；容量以 s 日 vol20 估計，未模擬開盤競價量與滑價；容量受限,未扣成本·事後欄位以 m_ 標示·非投資建議
HO,2,2023-12-14,2023-12-15,6716,應廣,TPEx,S,S0_atr14@5,2,300,0.062212,,0,0,1,1.053,-1.754,-8.772,218.8,2.0,floor(1%×vol20),0.0,0.0,346,inf,250.0,official_prepanel,small,102.0,0,可交易（DK_s＝0）,未扣成本（成本參考：2.8 折來回約 0.38%、全額約 0.585%）；交易方法狀態未知（全額交割、變更交易方法、停止信用交易的來源未提供）；容量以 s 日 vol20 估計，未模擬開盤競價量與滑價；容量受限,未扣成本·事後欄位以 m_ 標示·非投資建議
HO,2,2023-12-15,2023-12-18,3494,誠研,TWSE,S,S0_atr14@5,5,297,0.054895,,0,0,1,0.303,0.605,-3.933,293.2,2.0,floor(1%×vol20),0.0,0.0,347,inf,250.0,official_prepanel,small,122.0,0,可交易（DK_s＝0）,未扣成本（成本參考：2.8 折來回約 0.38%、全額約 0.585%）；交易方法狀態未知（全額交割、變更交易方法、停止信用交易的來源未提供）；容量以 s 日 vol20 估計，未模擬開盤競價量與滑價；容量受限,未扣成本·事後欄位以 m_ 標示·非投資建議
HO,2,2023-12-15,2023-12-18,4806,桂田文創,TPEx,S,S0_atr14@5,2,297,0.063291,,0,0,1,-0.337,-7.071,-11.111,181.7,1.0,floor(1%×vol20),0.0,0.0,347,inf,250.0,official_prepanel,small,60.0,0,可交易（DK_s＝0）,未扣成本（成本參考：2.8 折來回約 0.38%、全額約 0.585%）；交易方法狀態未知（全額交割、變更交易方法、停止信用交易的來源未提供）；容量以 s 日 vol20 估計，未模擬開盤競價量與滑價；容量受限,未扣成本·事後欄位以 m_ 標示·非投資建議
HO,2,2023-12-15,2023-12-18,6482,弘煜科,TPEx,S,S0_atr14@5,1,297,0.066239,,0,0,1,0.308,-4.777,-13.097,210.8,2.0,floor(1%×vol20),1.0,0.0,347,inf,250.0,official_prepanel,small,105.0,1,處置中・交易規則另案登錄（DK_s＝1）,未扣成本（成本參考：2.8 折來回約 0.38%、全額約 0.585%）；交易方法狀態未知（全額交割、變更交易方法、停止信用交易的來源未提供）；容量以 s 日 vol20 估計，未模擬開盤競價量與滑價；容量受限,未扣成本·事後欄位以 m_ 標示·非投資建議
HO,2,2023-12-15,2023-12-18,6708,天擎,TPEx,S,S0_atr14@5,4,297,0.055429,,0,0,1,0.0,3.03,1.212,200.05,2.0,floor(1%×vol20),0.0,0.0,231,231.0,231.0,official,small,25.0,0,可交易（DK_s＝0）,未扣成本（成本參考：2.8 折來回約 0.38%、全額約 0.585%）；交易方法狀態未知（全額交割、變更交易方法、停止信用交易的來源未提供）；容量以 s 日 vol20 估計，未模擬開盤競價量與滑價；容量受限,未扣成本·事後欄位以 m_ 標示·非投資建議
HO,2,2023-12-15,2023-12-18,6716,應廣,TPEx,S,S0_atr14@5,3,297,0.057044,,0,0,1,5.172,-5.517,-11.034,223.55,2.0,floor(1%×vol20),0.0,0.0,347,inf,250.0,official_prepanel,small,209.0,0,可交易（DK_s＝0）,未扣成本（成本參考：2.8 折來回約 0.38%、全額約 0.585%）；交易方法狀態未知（全額交割、變更交易方法、停止信用交易的來源未提供）；容量以 s 日 vol20 估計，未模擬開盤競價量與滑價；容量受限,未扣成本·事後欄位以 m_ 標示·非投資建議
HO,2,2023-12-18,2023-12-19,1472,三洋實業,TWSE,S,S0_atr14@5,5,300,0.056319,,0,0,1,-0.742,-7.27,-11.424,190.7,1.0,floor(1%×vol20),0.0,0.0,348,inf,250.0,official_prepanel,small,175.0,0,可交易（DK_s＝0）,未扣成本（成本參考：2.8 折來回約 0.38%、全額約 0.585%）；交易方法狀態未知（全額交割、變更交易方法、停止信用交易的來源未提供）；容量以 s 日 vol20 估計，未模擬開盤競價量與滑價；容量受限,未扣成本·事後欄位以 m_ 標示·非投資建議
HO,2,2023-12-18,2023-12-19,4154,樂威科-KY,TPEx,S,S0_atr14@5,2,300,0.062378,,0,0,1,4.124,3.093,3.093,126.55,1.0,floor(1%×vol20),0.0,0.0,348,inf,250.0,official_prepanel,small,55.0,0,可交易（DK_s＝0）,未扣成本（成本參考：2.8 折來回約 0.38%、全額約 0.585%）；交易方法狀態未知（全額交割、變更交易方法、停止信用交易的來源未提供）；容量以 s 日 vol20 估計，未模擬開盤競價量與滑價；容量受限,未扣成本·事後欄位以 m_ 標示·非投資建議
HO,2,2023-12-18,2023-12-19,4806,桂田文創,TPEx,S,S0_atr14@5,1,300,0.069739,,0,0,1,0.0,-9.699,-3.344,181.3,1.0,floor(1%×vol20),0.0,0.0,348,inf,250.0,official_prepanel,small,43.0,0,可交易（DK_s＝0）,未扣成本（成本參考：2.8 折來回約 0.38%、全額約 0.585%）；交易方法狀態未知（全額交割、變更交易方法、停止信用交易的來源未提供）；容量以 s 日 vol20 估計，未模擬開盤競價量與滑價；容量受限,未扣成本·事後欄位以 m_ 標示·非投資建議
HO,2,2023-12-18,2023-12-19,6259,百徽,TPEx,S,S0_atr14@5,4,300,0.057778,,0,0,1,3.333,-1.778,0.222,139.35,1.0,floor(1%×vol20),0.0,0.0,348,inf,250.0,official_prepanel,small,86.0,0,可交易（DK_s＝0）,未扣成本（成本參考：2.8 折來回約 0.38%、全額約 0.585%）；交易方法狀態未知（全額交割、變更交易方法、停止信用交易的來源未提供）；容量以 s 日 vol20 估計，未模擬開盤競價量與滑價；容量受限,未扣成本·事後欄位以 m_ 標示·非投資建議
HO,2,2023-12-18,2023-12-19,6482,弘煜科,TPEx,S,S0_atr14@5,3,300,0.061883,,0,0,1,6.732,-6.404,-5.419,209.05,2.0,floor(1%×vol20),1.0,0.0,348,inf,250.0,official_prepanel,small,186.0,0,處置中・交易規則另案登錄（DK_s＝1）,未扣成本（成本參考：2.8 折來回約 0.38%、全額約 0.585%）；交易方法狀態未知（全額交割、變更交易方法、停止信用交易的來源未提供）；容量以 s 日 vol20 估計，未模擬開盤競價量與滑價；容量受限,未扣成本·事後欄位以 m_ 標示·非投資建議
HO,2,2023-12-19,2023-12-20,4154,樂威科-KY,TPEx,S,S0_atr14@5,2,308,0.063885,,0,0,1,1.333,-0.333,2.333,127.75,1.0,floor(1%×vol20),0.0,0.0,349,inf,250.0,official_prepanel,small,99.0,0,可交易（DK_s＝0）,未扣成本（成本參考：2.8 折來回約 0.38%、全額約 0.585%）；交易方法狀態未知（全額交割、變更交易方法、停止信用交易的來源未提供）；容量以 s 日 vol20 估計，未模擬開盤競價量與滑價；容量受限,未扣成本·事後欄位以 m_ 標示·非投資建議
HO,2,2023-12-19,2023-12-20,4806,桂田文創,TPEx,S,S0_atr14@5,1,308,0.068323,,0,0,1,-3.0,-16.667,-2.667,176.2,1.0,floor(1%×vol20),0.0,0.0,349,inf,250.0,official_prepanel,small,12.0,0,可交易（DK_s＝0）,未扣成本（成本參考：2.8 折來回約 0.38%、全額約 0.585%）；交易方法狀態未知（全額交割、變更交易方法、停止信用交易的來源未提供）；容量以 s 日 vol20 估計，未模擬開盤競價量與滑價；容量受限,未扣成本·事後欄位以 m_ 標示·非投資建議
HO,2,2023-12-19,2023-12-20,6259,百徽,TPEx,S,S0_atr14@5,4,308,0.059908,,0,0,1,-4.202,-7.563,-6.303,143.25,1.0,floor(1%×vol20),0.0,0.0,349,inf,250.0,official_prepanel,small,82.0,0,可交易（DK_s＝0）,未扣成本（成本參考：2.8 折來回約 0.38%、全額約 0.585%）；交易方法狀態未知（全額交割、變更交易方法、停止信用交易的來源未提供）；容量以 s 日 vol20 估計，未模擬開盤競價量與滑價；容量受限,未扣成本·事後欄位以 m_ 標示·非投資建議
HO,2,2023-12-19,2023-12-20,6482,弘煜科,TPEx,S,S0_atr14@5,3,308,0.061868,,0,0,1,4.615,-13.846,-2.615,215.05,2.0,floor(1%×vol20),0.0,0.0,349,inf,250.0,official_prepanel,small,269.0,0,可交易（DK_s＝0）,未扣成本（成本參考：2.8 折來回約 0.38%、全額約 0.585%）；交易方法狀態未知（全額交割、變更交易方法、停止信用交易的來源未提供）；容量以 s 日 vol20 估計，未模擬開盤競價量與滑價；容量受限,未扣成本·事後欄位以 m_ 標示·非投資建議
HO,2,2023-12-19,2023-12-20,6716,應廣,TPEx,S,S0_atr14@5,5,308,0.058192,,0,0,1,0.0,-8.681,-11.111,236.55,2.0,floor(1%×vol20),0.0,0.0,349,inf,250.0,official_prepanel,small,46.0,0,可交易（DK_s＝0）,未扣成本（成本參考：2.8 折來回約 0.38%、全額約 0.585%）；交易方法狀態未知（全額交割、變更交易方法、停止信用交易的來源未提供）；容量以 s 日 vol20 估計，未模擬開盤競價量與滑價；容量受限,未扣成本·事後欄位以 m_ 標示·非投資建議
HO,2,2023-12-20,2023-12-21,1472,三洋實業,TWSE,S,S0_atr14@5,5,313,0.05482,,0,0,1,-0.916,-3.664,-9.313,194.95,1.0,floor(1%×vol20),0.0,0.0,350,inf,250.0,official_prepanel,small,43.0,0,可交易（DK_s＝0）,未扣成本（成本參考：2.8 折來回約 0.38%、全額約 0.585%）；交易方法狀態未知（全額交割、變更交易方法、停止信用交易的來源未提供）；容量以 s 日 vol20 估計，未模擬開盤競價量與滑價；容量受限,未扣成本·事後欄位以 m_ 標示·非投資建議
HO,2,2023-12-20,2023-12-21,4154,樂威科-KY,TPEx,S,S0_atr14@5,2,313,0.0625,,0,0,1,-0.332,-1.329,0.664,131.4,1.0,floor(1%×vol20),0.0,0.0,350,inf,250.0,official_prepanel,small,74.0,0,可交易（DK_s＝0）,未扣成本（成本參考：2.8 折來回約 0.38%、全額約 0.585%）；交易方法狀態未知（全額交割、變更交易方法、停止信用交易的來源未提供）；容量以 s 日 vol20 估計，未模擬開盤競價量與滑價；容量受限,未扣成本·事後欄位以 m_ 標示·非投資建議
HO,2,2023-12-20,2023-12-21,4806,桂田文創,TPEx,S,S0_atr14@5,1,313,0.066519,,0,0,1,0.357,-14.286,1.786,171.9,1.0,floor(1%×vol20),0.0,0.0,350,inf,250.0,official_prepanel,small,14.0,0,可交易（DK_s＝0）,未扣成本（成本參考：2.8 折來回約 0.38%、全額約 0.585%）；交易方法狀態未知（全額交割、變更交易方法、停止信用交易的來源未提供）；容量以 s 日 vol20 估計，未模擬開盤競價量與滑價；容量受限,未扣成本·事後欄位以 m_ 標示·非投資建議
HO,2,2023-12-20,2023-12-21,6259,百徽,TPEx,S,S0_atr14@5,3,313,0.058897,,0,0,1,-0.444,-2.222,8.889,145.8,1.0,floor(1%×vol20),0.0,0.0,350,inf,250.0,official_prepanel,small,34.0,0,可交易（DK_s＝0）,未扣成本（成本參考：2.8 折來回約 0.38%、全額約 0.585%）；交易方法狀態未知（全額交割、變更交易方法、停止信用交易的來源未提供）；容量以 s 日 vol20 估計，未模擬開盤競價量與滑價；容量受限,未扣成本·事後欄位以 m_ 標示·非投資建議
HO,2,2023-12-20,2023-12-21,6588,東典光電,TPEx,S,S0_atr14@5,4,313,0.056974,,0,0,1,-1.045,8.209,3.881,128.25,1.0,floor(1%×vol20),0.0,0.0,350,inf,250.0,official_prepanel,small,62.0,0,可交易（DK_s＝0）,未扣成本（成本參考：2.8 折來回約 0.38%、全額約 0.585%）；交易方法狀態未知（全額交割、變更交易方法、停止信用交易的來源未提供）；容量以 s 日 vol20 估計，未模擬開盤競價量與滑價；容量受限,未扣成本·事後欄位以 m_ 標示·非投資建議
HO,2,2023-12-21,2023-12-22,3229,晟鈦,TWSE,S,S0_atr14@5,4,321,0.056484,,0,0,1,-1.231,-4.308,-5.846,197.1,1.0,floor(1%×vol20),0.0,0.0,351,inf,250.0,official_prepanel,small,74.0,0,可交易（DK_s＝0）,未扣成本（成本參考：2.8 折來回約 0.38%、全額約 0.585%）；交易方法狀態未知（全額交割、變更交易方法、停止信用交易的來源未提供）；容量以 s 日 vol20 估計，未模擬開盤競價量與滑價；容量受限,未扣成本·事後欄位以 m_ 標示·非投資建議
HO,2,2023-12-21,2023-12-22,4154,樂威科-KY,TPEx,S,S0_atr14@5,2,321,0.059524,,0,0,1,-1.613,-1.935,-1.935,133.4,1.0,floor(1%×vol20),0.0,0.0,351,inf,250.0,official_prepanel,small,128.0,0,可交易（DK_s＝0）,未扣成本（成本參考：2.8 折來回約 0.38%、全額約 0.585%）；交易方法狀態未知（全額交割、變更交易方法、停止信用交易的來源未提供）；容量以 s 日 vol20 估計，未模擬開盤競價量與滑價；容量受限,未扣成本·事後欄位以 m_ 標示·非投資建議
HO,2,2023-12-21,2023-12-22,4806,桂田文創,TPEx,S,S0_atr14@5,1,321,0.066345,,0,0,1,-2.128,-14.894,1.418,160.15,1.0,floor(1%×vol20),0.0,0.0,351,inf,250.0,official_prepanel,small,59.0,0,可交易（DK_s＝0）,未扣成本（成本參考：2.8 折來回約 0.38%、全額約 0.585%）；交易方法狀態未知（全額交割、變更交易方法、停止信用交易的來源未提供）；容量以 s 日 vol20 估計，未模擬開盤競價量與滑價；容量受限,未扣成本·事後欄位以 m_ 標示·非投資建議
HO,2,2023-12-21,2023-12-22,6259,百徽,TPEx,S,S0_atr14@5,5,321,0.055485,,0,0,1,-0.877,0.877,14.912,145.7,1.0,floor(1%×vol20),0.0,0.0,351,inf,250.0,official_prepanel,small,45.0,0,可交易（DK_s＝0）,未扣成本（成本參考：2.8 折來回約 0.38%、全額約 0.585%）；交易方法狀態未知（全額交割、變更交易方法、停止信用交易的來源未提供）；容量以 s 日 vol20 估計，未模擬開盤競價量與滑價；容量受限,未扣成本·事後欄位以 m_ 標示·非投資建議
HO,2,2023-12-21,2023-12-22,6716,應廣,TPEx,S,S0_atr14@5,3,321,0.057398,,0,0,1,-2.837,-7.801,-5.674,213.8,2.0,floor(1%×vol20),0.0,0.0,351,inf,250.0,official_prepanel,small,69.0,0,可交易（DK_s＝0）,未扣成本（成本參考：2.8 折來回約 0.38%、全額約 0.585%）；交易方法狀態未知（全額交割、變更交易方法、停止信用交易的來源未提供）；容量以 s 日 vol20 估計，未模擬開盤競價量與滑價；容量受限,未扣成本·事後欄位以 m_ 標示·非投資建議
HO,2,2023-12-22,2023-12-25,3229,晟鈦,TWSE,S,S0_atr14@5,3,321,0.0583,,0,0,1,-3.115,-1.558,-4.361,200.1,2.0,floor(1%×vol20),0.0,0.0,352,inf,250.0,official_prepanel,small,114.0,0,可交易（DK_s＝0）,未扣成本（成本參考：2.8 折來回約 0.38%、全額約 0.585%）；交易方法狀態未知（全額交割、變更交易方法、停止信用交易的來源未提供）；容量以 s 日 vol20 估計，未模擬開盤競價量與滑價；容量受限,未扣成本·事後欄位以 m_ 標示·非投資建議
HO,2,2023-12-22,2023-12-25,4154,樂威科-KY,TPEx,S,S0_atr14@5,5,321,0.055738,,0,0,1,-1.316,0.329,-0.329,139.6,1.0,floor(1%×vol20),0.0,0.0,352,inf,250.0,official_prepanel,small,54.0,0,可交易（DK_s＝0）,未扣成本（成本參考：2.8 折來回約 0.38%、全額約 0.585%）；交易方法狀態未知（全額交割、變更交易方法、停止信用交易的來源未提供）；容量以 s 日 vol20 估計，未模擬開盤競價量與滑價；容量受限,未扣成本·事後欄位以 m_ 標示·非投資建議
HO,2,2023-12-22,2023-12-25,4806,桂田文創,TPEx,S,S0_atr14@5,1,321,0.0647,,0,0,1,0.0,-2.222,7.407,155.6,1.0,floor(1%×vol20),0.0,0.0,352,inf,250.0,official_prepanel,small,61.0,0,可交易（DK_s＝0）,未扣成本（成本參考：2.8 折來回約 0.38%、全額約 0.585%）；交易方法狀態未知（全額交割、變更交易方法、停止信用交易的來源未提供）；容量以 s 日 vol20 估計，未模擬開盤競價量與滑價；容量受限,未扣成本·事後欄位以 m_ 標示·非投資建議
HO,2,2023-12-22,2023-12-25,6482,弘煜科,TPEx,S,S0_atr14@5,2,321,0.058368,,0,0,1,-7.767,-8.738,11.812,239.25,2.0,floor(1%×vol20),0.0,0.0,352,inf,250.0,official_prepanel,small,295.0,0,可交易（DK_s＝0）,未扣成本（成本參考：2.8 折來回約 0.38%、全額約 0.585%）；交易方法狀態未知（全額交割、變更交易方法、停止信用交易的來源未提供）；容量以 s 日 vol20 估計，未模擬開盤競價量與滑價；容量受限,未扣成本·事後欄位以 m_ 標示·非投資建議
HO,2,2023-12-22,2023-12-25,6716,應廣,TPEx,S,S0_atr14@5,4,321,0.057091,,0,0,1,-3.333,-4.444,1.481,200.6,2.0,floor(1%×vol20),0.0,0.0,352,inf,250.0,official_prepanel,small,81.0,0,可交易（DK_s＝0）,未扣成本（成本參考：2.8 折來回約 0.38%、全額約 0.585%）；交易方法狀態未知（全額交割、變更交易方法、停止信用交易的來源未提供）；容量以 s 日 vol20 估計，未模擬開盤競價量與滑價；容量受限,未扣成本·事後欄位以 m_ 標示·非投資建議
HO,2,2023-12-25,2023-12-26,3229,晟鈦,TWSE,S,S0_atr14@5,4,318,0.0565,,0,0,1,-2.251,0.322,-1.286,204.9,2.0,floor(1%×vol20),0.0,0.0,353,inf,250.0,official_prepanel,small,133.0,0,可交易（DK_s＝0）,未扣成本（成本參考：2.8 折來回約 0.38%、全額約 0.585%）；交易方法狀態未知（全額交割、變更交易方法、停止信用交易的來源未提供）；容量以 s 日 vol20 估計，未模擬開盤競價量與滑價；容量受限,未扣成本·事後欄位以 m_ 標示·非投資建議
HO,2,2023-12-25,2023-12-26,4154,樂威科-KY,TPEx,S,S0_atr14@5,5,318,0.053571,,0,0,1,-1.645,-1.316,-1.974,138.3,1.0,floor(1%×vol20),0.0,0.0,353,inf,250.0,official_prepanel,small,69.0,0,可交易（DK_s＝0）,未扣成本（成本參考：2.8 折來回約 0.38%、全額約 0.585%）；交易方法狀態未知（全額交割、變更交易方法、停止信用交易的來源未提供）；容量以 s 日 vol20 估計，未模擬開盤競價量與滑價；容量受限,未扣成本·事後欄位以 m_ 標示·非投資建議
HO,2,2023-12-25,2023-12-26,4806,桂田文創,TPEx,S,S0_atr14@5,1,318,0.066667,,0,0,1,-7.407,7.037,0.0,152.05,1.0,floor(1%×vol20),0.0,0.0,353,inf,250.0,official_prepanel,small,90.0,0,可交易（DK_s＝0）,未扣成本（成本參考：2.8 折來回約 0.38%、全額約 0.585%）；交易方法狀態未知（全額交割、變更交易方法、停止信用交易的來源未提供）；容量以 s 日 vol20 估計，未模擬開盤競價量與滑價；容量受限,未扣成本·事後欄位以 m_ 標示·非投資建議
HO,2,2023-12-25,2023-12-26,6482,弘煜科,TPEx,S,S0_atr14@5,2,318,0.065414,,0,0,1,-0.356,2.491,34.875,252.25,2.0,floor(1%×vol20),0.0,0.0,353,inf,250.0,official_prepanel,small,64.0,0,可交易（DK_s＝0）,未扣成本（成本參考：2.8 折來回約 0.38%、全額約 0.585%）；交易方法狀態未知（全額交割、變更交易方法、停止信用交易的來源未提供）；容量以 s 日 vol20 估計，未模擬開盤競價量與滑價；容量受限,未扣成本·事後欄位以 m_ 標示·非投資建議
HO,2,2023-12-25,2023-12-26,6716,應廣,TPEx,S,S0_atr14@5,3,318,0.062945,,0,0,1,0.0,-4.183,-3.422,187.75,1.0,floor(1%×vol20),0.0,0.0,353,inf,250.0,official_prepanel,small,100.0,0,可交易（DK_s＝0）,未扣成本（成本參考：2.8 折來回約 0.38%、全額約 0.585%）；交易方法狀態未知（全額交割、變更交易方法、停止信用交易的來源未提供）；容量以 s 日 vol20 估計，未模擬開盤競價量與滑價；容量受限,未扣成本·事後欄位以 m_ 標示·非投資建議
HO,2,2023-12-26,2023-12-27,4154,樂威科-KY,TPEx,S,S0_atr14@5,5,328,0.051839,,0,0,1,-1.98,1.32,-3.63,140.65,1.0,floor(1%×vol20),0.0,0.0,354,inf,250.0,official_prepanel,small,46.0,0,可交易（DK_s＝0）,未扣成本（成本參考：2.8 折來回約 0.38%、全額約 0.585%）；交易方法狀態未知（全額交割、變更交易方法、停止信用交易的來源未提供）；容量以 s 日 vol20 估計，未模擬開盤競價量與滑價；容量受限,未扣成本·事後欄位以 m_ 標示·非投資建議
HO,2,2023-12-26,2023-12-27,4806,桂田文創,TPEx,S,S0_atr14@5,1,328,0.071714,,0,0,1,0.0,21.667,15.0,124.1,1.0,floor(1%×vol20),0.0,0.0,354,inf,250.0,official_prepanel,small,148.0,0,可交易（DK_s＝0）,未扣成本（成本參考：2.8 折來回約 0.38%、全額約 0.585%）；交易方法狀態未知（全額交割、變更交易方法、停止信用交易的來源未提供）；容量以 s 日 vol20 估計，未模擬開盤競價量與滑價；容量受限,未扣成本·事後欄位以 m_ 標示·非投資建議
HO,2,2023-12-26,2023-12-27,5487,通泰,TPEx,S,S0_atr14@5,4,328,0.053352,,0,0,1,1.04,-0.867,-2.253,110.2,1.0,floor(1%×vol20),0.0,0.0,354,inf,250.0,official_prepanel,small,28.0,0,可交易（DK_s＝0）,未扣成本（成本參考：2.8 折來回約 0.38%、全額約 0.585%）；交易方法狀態未知（全額交割、變更交易方法、停止信用交易的來源未提供）；容量以 s 日 vol20 估計，未模擬開盤競價量與滑價；容量受限,未扣成本·事後欄位以 m_ 標示·非投資建議
HO,2,2023-12-26,2023-12-27,6482,弘煜科,TPEx,S,S0_atr14@5,2,328,0.06773,,0,0,1,1.947,12.035,31.858,249.2,2.0,floor(1%×vol20),0.0,0.0,354,inf,250.0,official_prepanel,small,79.0,0,可交易（DK_s＝0）,未扣成本（成本參考：2.8 折來回約 0.38%、全額約 0.585%）；交易方法狀態未知（全額交割、變更交易方法、停止信用交易的來源未提供）；容量以 s 日 vol20 估計，未模擬開盤競價量與滑價；容量受限,未扣成本·事後欄位以 m_ 標示·非投資建議
HO,2,2023-12-26,2023-12-27,6716,應廣,TPEx,S,S0_atr14@5,3,328,0.060022,,0,0,1,-1.493,-4.478,-8.955,165.6,1.0,floor(1%×vol20),0.0,0.0,354,inf,250.0,official_prepanel,small,48.0,0,可交易（DK_s＝0）,未扣成本（成本參考：2.8 折來回約 0.38%、全額約 0.585%）；交易方法狀態未知（全額交割、變更交易方法、停止信用交易的來源未提供）；容量以 s 日 vol20 估計，未模擬開盤競價量與滑價；容量受限,未扣成本·事後欄位以 m_ 標示·非投資建議
HO,2,2023-12-27,2023-12-28,4806,桂田文創,TPEx,S,S0_atr14@5,1,339,0.069048,,0,0,1,0.0,18.75,13.75,128.5,1.0,floor(1%×vol20),0.0,0.0,355,inf,250.0,official_prepanel,small,44.0,0,可交易（DK_s＝0）,未扣成本（成本參考：2.8 折來回約 0.38%、全額約 0.585%）；交易方法狀態未知（全額交割、變更交易方法、停止信用交易的來源未提供）；容量以 s 日 vol20 估計，未模擬開盤競價量與滑價；容量受限,未扣成本·事後欄位以 m_ 標示·非投資建議
HO,2,2023-12-27,2023-12-28,5487,通泰,TPEx,S,S0_atr14@5,5,339,0.052928,,0,0,1,0.0,-3.265,-3.78,111.4,1.0,floor(1%×vol20),0.0,0.0,355,inf,250.0,official_prepanel,small,9.0,0,可交易（DK_s＝0）,未扣成本（成本參考：2.8 折來回約 0.38%、全額約 0.585%）；交易方法狀態未知（全額交割、變更交易方法、停止信用交易的來源未提供）；容量以 s 日 vol20 估計，未模擬開盤競價量與滑價；容量受限,未扣成本·事後欄位以 m_ 標示·非投資建議
HO,2,2023-12-27,2023-12-28,6482,弘煜科,TPEx,S,S0_atr14@5,2,339,0.062004,,0,0,1,-5.155,18.557,25.086,228.05,2.0,floor(1%×vol20),0.0,0.0,355,inf,250.0,official_prepanel,small,86.0,0,可交易（DK_s＝0）,未扣成本（成本參考：2.8 折來回約 0.38%、全額約 0.585%）；交易方法狀態未知（全額交割、變更交易方法、停止信用交易的來源未提供）；容量以 s 日 vol20 估計，未模擬開盤競價量與滑價；容量受限,未扣成本·事後欄位以 m_ 標示·非投資建議
HO,2,2023-12-27,2023-12-28,6588,東典光電,TPEx,S,S0_atr14@5,4,339,0.053793,,0,0,1,-5.615,-6.952,-13.636,139.35,1.0,floor(1%×vol20),0.0,0.0,355,inf,250.0,official_prepanel,small,115.0,0,可交易（DK_s＝0）,未扣成本（成本參考：2.8 折來回約 0.38%、全額約 0.585%）；交易方法狀態未知（全額交割、變更交易方法、停止信用交易的來源未提供）；容量以 s 日 vol20 估計，未模擬開盤競價量與滑價；容量受限,未扣成本·事後欄位以 m_ 標示·非投資建議
HO,2,2023-12-27,2023-12-28,6716,應廣,TPEx,S,S0_atr14@5,3,339,0.058712,,0,0,1,-3.704,-4.074,-6.667,155.25,1.0,floor(1%×vol20),0.0,0.0,355,inf,250.0,official_prepanel,small,60.0,0,可交易（DK_s＝0）,未扣成本（成本參考：2.8 折來回約 0.38%、全額約 0.585%）；交易方法狀態未知（全額交割、變更交易方法、停止信用交易的來源未提供）；容量以 s 日 vol20 估計，未模擬開盤競價量與滑價；容量受限,未扣成本·事後欄位以 m_ 標示·非投資建議
HO,2,2023-12-28,2023-12-29,4806,桂田文創,TPEx,S,S0_atr14@5,2,344,0.064286,,0,0,1,9.544,18.672,15.768,123.35,1.0,floor(1%×vol20),0.0,0.0,356,inf,250.0,official_prepanel,small,113.0,0,可交易（DK_s＝0）,未扣成本（成本參考：2.8 折來回約 0.38%、全額約 0.585%）；交易方法狀態未知（全額交割、變更交易方法、停止信用交易的來源未提供）；容量以 s 日 vol20 估計，未模擬開盤競價量與滑價；容量受限,未扣成本·事後欄位以 m_ 標示·非投資建議
HO,2,2023-12-28,2023-12-29,5487,通泰,TPEx,S,S0_atr14@5,5,344,0.051915,,0,0,1,-0.516,-3.27,-0.172,111.35,1.0,floor(1%×vol20),0.0,0.0,356,inf,250.0,official_prepanel,small,11.0,0,可交易（DK_s＝0）,未扣成本（成本參考：2.8 折來回約 0.38%、全額約 0.585%）；交易方法狀態未知（全額交割、變更交易方法、停止信用交易的來源未提供）；容量以 s 日 vol20 估計，未模擬開盤競價量與滑價；容量受限,未扣成本·事後欄位以 m_ 標示·非投資建議
HO,2,2023-12-28,2023-12-29,6482,弘煜科,TPEx,S,S0_atr14@5,1,344,0.065994,,0,0,1,2.359,14.156,23.956,188.55,1.0,floor(1%×vol20),0.0,0.0,356,inf,250.0,official_prepanel,small,48.0,0,可交易（DK_s＝0）,未扣成本（成本參考：2.8 折來回約 0.38%、全額約 0.585%）；交易方法狀態未知（全額交割、變更交易方法、停止信用交易的來源未提供）；容量以 s 日 vol20 估計，未模擬開盤競價量與滑價；容量受限,未扣成本·事後欄位以 m_ 標示·非投資建議
HO,2,2023-12-28,2023-12-29,6588,東典光電,TPEx,S,S0_atr14@5,3,344,0.059389,,0,0,1,-1.944,-1.806,-9.722,143.4,1.0,floor(1%×vol20),0.0,0.0,356,inf,250.0,official_prepanel,small,68.0,0,可交易（DK_s＝0）,未扣成本（成本參考：2.8 折來回約 0.38%、全額約 0.585%）；交易方法狀態未知（全額交割、變更交易方法、停止信用交易的來源未提供）；容量以 s 日 vol20 估計，未模擬開盤競價量與滑價；容量受限,未扣成本·事後欄位以 m_ 標示·非投資建議
HO,2,2023-12-28,2023-12-29,6716,應廣,TPEx,S,S0_atr14@5,4,344,0.057143,,0,0,1,-0.386,2.703,-7.336,149.35,1.0,floor(1%×vol20),0.0,0.0,356,inf,250.0,official_prepanel,small,36.0,0,可交易（DK_s＝0）,未扣成本（成本參考：2.8 折來回約 0.38%、全額約 0.585%）；交易方法狀態未知（全額交割、變更交易方法、停止信用交易的來源未提供）；容量以 s 日 vol20 估計，未模擬開盤競價量與滑價；容量受限,未扣成本·事後欄位以 m_ 標示·非投資建議
HO,2,2023-12-29,2024-01-02,5487,通泰,TPEx,S,S0_atr14@5,4,341,0.051162,,0,0,1,3.03,-0.178,1.426,111.2,1.0,floor(1%×vol20),0.0,0.0,357,inf,250.0,official_prepanel,small,10.0,0,可交易（DK_s＝0）,未扣成本（成本參考：2.8 折來回約 0.38%、全額約 0.585%）；交易方法狀態未知（全額交割、變更交易方法、停止信用交易的來源未提供）；容量以 s 日 vol20 估計，未模擬開盤競價量與滑價；容量受限,未扣成本·事後欄位以 m_ 標示·非投資建議
HO,2,2023-12-29,2024-01-02,6419,京晨科,TPEx,S,S0_atr14@5,5,341,0.049297,,0,0,1,4.912,-6.582,-8.743,266.0,2.0,floor(1%×vol20),0.0,0.0,357,inf,250.0,official_prepanel,small,621.0,0,可交易（DK_s＝0）,未扣成本（成本參考：2.8 折來回約 0.38%、全額約 0.585%）；交易方法狀態未知（全額交割、變更交易方法、停止信用交易的來源未提供）；容量以 s 日 vol20 估計，未模擬開盤競價量與滑價；容量受限,未扣成本·事後欄位以 m_ 標示·非投資建議
HO,2,2023-12-29,2024-01-02,6482,弘煜科,TPEx,S,S0_atr14@5,1,341,0.06307,,0,0,1,2.128,22.518,20.035,151.05,1.0,floor(1%×vol20),0.0,0.0,357,inf,250.0,official_prepanel,small,52.0,0,可交易（DK_s＝0）,未扣成本（成本參考：2.8 折來回約 0.38%、全額約 0.585%）；交易方法狀態未知（全額交割、變更交易方法、停止信用交易的來源未提供）；容量以 s 日 vol20 估計，未模擬開盤競價量與滑價；容量受限,未扣成本·事後欄位以 m_ 標示·非投資建議
HO,2,2023-12-29,2024-01-02,6588,東典光電,TPEx,S,S0_atr14@5,3,341,0.055342,,0,0,1,0.282,-1.695,-4.661,137.55,1.0,floor(1%×vol20),0.0,0.0,357,inf,250.0,official_prepanel,small,17.0,0,可交易（DK_s＝0）,未扣成本（成本參考：2.8 折來回約 0.38%、全額約 0.585%）；交易方法狀態未知（全額交割、變更交易方法、停止信用交易的來源未提供）；容量以 s 日 vol20 估計，未模擬開盤競價量與滑價；容量受限,未扣成本·事後欄位以 m_ 標示·非投資建議
HO,2,2023-12-29,2024-01-02,6716,應廣,TPEx,S,S0_atr14@5,2,341,0.055648,,0,0,1,-1.176,7.451,-5.49,144.25,1.0,floor(1%×vol20),0.0,0.0,357,inf,250.0,official_prepanel,small,51.0,0,可交易（DK_s＝0）,未扣成本（成本參考：2.8 折來回約 0.38%、全額約 0.585%）；交易方法狀態未知（全額交割、變更交易方法、停止信用交易的來源未提供）；容量以 s 日 vol20 估計，未模擬開盤競價量與滑價；容量受限,未扣成本·事後欄位以 m_ 標示·非投資建議
HO,3,2024-01-02,2024-01-03,3466,德晉,TPEx,S,S0_atr14@5,5,340,0.049017,,0,0,1,0.0,1.633,-1.633,243.3,2.0,floor(1%×vol20),0.0,0.0,358,inf,250.0,official_prepanel,small,65.0,0,可交易（DK_s＝0）,未扣成本（成本參考：2.8 折來回約 0.38%、全額約 0.585%）；交易方法狀態未知（全額交割、變更交易方法、停止信用交易的來源未提供）；容量以 s 日 vol20 估計，未模擬開盤競價量與滑價；容量受限,未扣成本·事後欄位以 m_ 標示·非投資建議
HO,3,2024-01-02,2024-01-03,4806,桂田文創,TPEx,S,S0_atr14@5,3,340,0.051903,,0,0,1,3.18,-4.594,-8.834,138.25,1.0,floor(1%×vol20),0.0,0.0,358,inf,250.0,official_prepanel,small,41.0,0,可交易（DK_s＝0）,未扣成本（成本參考：2.8 折來回約 0.38%、全額約 0.585%）；交易方法狀態未知（全額交割、變更交易方法、停止信用交易的來源未提供）；容量以 s 日 vol20 估計，未模擬開盤競價量與滑價；容量受限,未扣成本·事後欄位以 m_ 標示·非投資建議
HO,3,2024-01-02,2024-01-03,6419,京晨科,TPEx,S,S0_atr14@5,4,340,0.050562,,0,0,1,-0.789,-6.312,-12.327,285.4,2.0,floor(1%×vol20),0.0,0.0,358,inf,250.0,official_prepanel,small,368.0,0,可交易（DK_s＝0）,未扣成本（成本參考：2.8 折來回約 0.38%、全額約 0.585%）；交易方法狀態未知（全額交割、變更交易方法、停止信用交易的來源未提供）；容量以 s 日 vol20 估計，未模擬開盤競價量與滑價；容量受限,未扣成本·事後欄位以 m_ 標示·非投資建議
HO,3,2024-01-02,2024-01-03,6482,弘煜科,TPEx,S,S0_atr14@5,1,340,0.060392,,0,0,1,8.02,29.352,11.263,133.7,1.0,floor(1%×vol20),0.0,0.0,358,inf,250.0,official_prepanel,small,344.0,0,可交易（DK_s＝0）,未扣成本（成本參考：2.8 折來回約 0.38%、全額約 0.585%）；交易方法狀態未知（全額交割、變更交易方法、停止信用交易的來源未提供）；容量以 s 日 vol20 估計，未模擬開盤競價量與滑價；容量受限,未扣成本·事後欄位以 m_ 標示·非投資建議
HO,3,2024-01-02,2024-01-03,6716,應廣,TPEx,S,S0_atr14@5,2,340,0.052154,,0,0,1,2.4,1.6,-2.4,139.1,1.0,floor(1%×vol20),0.0,0.0,358,inf,250.0,official_prepanel,small,229.0,0,可交易（DK_s＝0）,未扣成本（成本參考：2.8 折來回約 0.38%、全額約 0.585%）；交易方法狀態未知（全額交割、變更交易方法、停止信用交易的來源未提供）；容量以 s 日 vol20 估計，未模擬開盤競價量與滑價；容量受限,未扣成本·事後欄位以 m_ 標示·非投資建議
HO,3,2024-01-03,2024-01-04,2923,鼎固-KY,TWSE,S,S0_atr14@5,3,354,0.050982,,0,0,1,1.507,-0.377,-13.559,105.7,1.0,floor(1%×vol20),0.0,0.0,359,inf,250.0,official_prepanel,large,12.0,0,可交易（DK_s＝0）,未扣成本（成本參考：2.8 折來回約 0.38%、全額約 0.585%）；交易方法狀態未知（全額交割、變更交易方法、停止信用交易的來源未提供）；容量以 s 日 vol20 估計，未模擬開盤競價量與滑價；容量受限,未扣成本·事後欄位以 m_ 標示·非投資建議
HO,3,2024-01-03,2024-01-04,3466,德晉,TPEx,S,S0_atr14@5,4,354,0.050292,,0,0,1,-2.008,-2.008,-4.217,244.0,2.0,floor(1%×vol20),0.0,0.0,359,inf,250.0,official_prepanel,small,135.0,0,可交易（DK_s＝0）,未扣成本（成本參考：2.8 折來回約 0.38%、全額約 0.585%）；交易方法狀態未知（全額交割、變更交易方法、停止信用交易的來源未提供）；容量以 s 日 vol20 估計，未模擬開盤競價量與滑價；容量受限,未扣成本·事後欄位以 m_ 標示·非投資建議
HO,3,2024-01-03,2024-01-04,4806,桂田文創,TPEx,S,S0_atr14@5,5,354,0.046967,,0,0,1,-3.061,-6.122,-10.204,138.3,1.0,floor(1%×vol20),0.0,0.0,359,inf,250.0,official_prepanel,small,39.0,0,可交易（DK_s＝0）,未扣成本（成本參考：2.8 折來回約 0.38%、全額約 0.585%）；交易方法狀態未知（全額交割、變更交易方法、停止信用交易的來源未提供）；容量以 s 日 vol20 估計，未模擬開盤競價量與滑價；容量受限,未扣成本·事後欄位以 m_ 標示·非投資建議
HO,3,2024-01-03,2024-01-04,6419,京晨科,TPEx,S,S0_atr14@5,1,354,0.056447,,0,0,1,-0.601,-2.906,-12.826,296.35,2.0,floor(1%×vol20),0.0,0.0,359,inf,250.0,official_prepanel,small,170.0,0,可交易（DK_s＝0）,未扣成本（成本參考：2.8 折來回約 0.38%、全額約 0.585%）；交易方法狀態未知（全額交割、變更交易方法、停止信用交易的來源未提供）；容量以 s 日 vol20 估計，未模擬開盤競價量與滑價；容量受限,未扣成本·事後欄位以 m_ 標示·非投資建議
HO,3,2024-01-03,2024-01-04,6716,應廣,TPEx,S,S0_atr14@5,2,354,0.05385,,0,0,1,-0.385,-6.154,-11.154,143.6,1.0,floor(1%×vol20),0.0,0.0,359,inf,250.0,official_prepanel,small,83.0,0,可交易（DK_s＝0）,未扣成本（成本參考：2.8 折來回約 0.38%、全額約 0.585%）；交易方法狀態未知（全額交割、變更交易方法、停止信用交易的來源未提供）；容量以 s 日 vol20 估計，未模擬開盤競價量與滑價；容量受限,未扣成本·事後欄位以 m_ 標示·非投資建議
HO,3,2024-01-04,2024-01-05,2923,鼎固-KY,TWSE,S,S0_atr14@5,4,341,0.046117,,0,0,1,0.752,4.135,-12.218,105.8,1.0,floor(1%×vol20),0.0,0.0,360,inf,250.0,official_prepanel,large,3.0,0,可交易（DK_s＝0）,未扣成本（成本參考：2.8 折來回約 0.38%、全額約 0.585%）；交易方法狀態未知（全額交割、變更交易方法、停止信用交易的來源未提供）；容量以 s 日 vol20 估計，未模擬開盤競價量與滑價；容量受限,未扣成本·事後欄位以 m_ 標示·非投資建議
HO,3,2024-01-04,2024-01-05,4806,桂田文創,TPEx,S,S0_atr14@5,3,341,0.048371,,0,0,1,4.38,-0.365,-4.015,133.15,1.0,floor(1%×vol20),0.0,1.0,360,inf,250.0,official_prepanel,small,32.0,0,可交易（DK_s＝0）,未扣成本（成本參考：2.8 折來回約 0.38%、全額約 0.585%）；交易方法狀態未知（全額交割、變更交易方法、停止信用交易的來源未提供）；容量以 s 日 vol20 估計，未模擬開盤競價量與滑價；容量受限,未扣成本·事後欄位以 m_ 標示·非投資建議
HO,3,2024-01-04,2024-01-05,5398,慕康生醫,TPEx,S,S0_atr14@5,5,341,0.046075,,0,0,1,0.0,-2.422,3.46,282.85,2.0,floor(1%×vol20),0.0,0.0,360,inf,250.0,official_prepanel,small,82.0,0,可交易（DK_s＝0）,未扣成本（成本參考：2.8 折來回約 0.38%、全額約 0.585%）；交易方法狀態未知（全額交割、變更交易方法、停止信用交易的來源未提供）；容量以 s 日 vol20 估計，未模擬開盤競價量與滑價；容量受限,未扣成本·事後欄位以 m_ 標示·非投資建議
HO,3,2024-01-04,2024-01-05,6482,弘煜科,TPEx,S,S0_atr14@5,1,341,0.05735,,0,0,1,-6.677,8.012,-0.742,182.4,1.0,floor(1%×vol20),0.0,0.0,360,inf,250.0,official_prepanel,small,623.0,0,可交易（DK_s＝0）,未扣成本（成本參考：2.8 折來回約 0.38%、全額約 0.585%）；交易方法狀態未知（全額交割、變更交易方法、停止信用交易的來源未提供）；容量以 s 日 vol20 估計，未模擬開盤競價量與滑價；容量受限,未扣成本·事後欄位以 m_ 標示·非投資建議
HO,3,2024-01-04,2024-01-05,6716,應廣,TPEx,S,S0_atr14@5,2,341,0.052399,,0,0,1,2.308,-3.077,-11.154,134.4,1.0,floor(1%×vol20),0.0,0.0,360,inf,250.0,official_prepanel,small,100.0,0,可交易（DK_s＝0）,未扣成本（成本參考：2.8 折來回約 0.38%、全額約 0.585%）；交易方法狀態未知（全額交割、變更交易方法、停止信用交易的來源未提供）；容量以 s 日 vol20 估計，未模擬開盤競價量與滑價；容量受限,未扣成本·事後欄位以 m_ 標示·非投資建議
HO,3,2024-01-05,2024-01-08,4806,桂田文創,TPEx,S,S0_atr14@5,5,334,0.043956,,0,0,1,0.0,-3.793,-6.897,114.35,1.0,floor(1%×vol20),0.0,1.0,361,inf,250.0,official_prepanel,small,20.0,0,可交易（DK_s＝0）,未扣成本（成本參考：2.8 折來回約 0.38%、全額約 0.585%）；交易方法狀態未知（全額交割、變更交易方法、停止信用交易的來源未提供）；容量以 s 日 vol20 估計，未模擬開盤競價量與滑價；容量受限,未扣成本·事後欄位以 m_ 標示·非投資建議
HO,3,2024-01-05,2024-01-08,5398,慕康生醫,TPEx,S,S0_atr14@5,3,334,0.047949,,0,0,1,0.346,7.266,13.495,284.25,2.0,floor(1%×vol20),0.0,0.0,361,inf,250.0,official_prepanel,small,177.0,0,可交易（DK_s＝0）,未扣成本（成本參考：2.8 折來回約 0.38%、全額約 0.585%）；交易方法狀態未知（全額交割、變更交易方法、停止信用交易的來源未提供）；容量以 s 日 vol20 估計，未模擬開盤競價量與滑價；容量受限,未扣成本·事後欄位以 m_ 標示·非投資建議
HO,3,2024-01-05,2024-01-08,6482,弘煜科,TPEx,S,S0_atr14@5,1,334,0.068022,,0,0,1,6.308,5.077,2.308,203.35,2.0,floor(1%×vol20),0.0,0.0,361,inf,250.0,official_prepanel,small,584.0,0,可交易（DK_s＝0）,未扣成本（成本參考：2.8 折來回約 0.38%、全額約 0.585%）；交易方法狀態未知（全額交割、變更交易方法、停止信用交易的來源未提供）；容量以 s 日 vol20 估計，未模擬開盤競價量與滑價；容量受限,未扣成本·事後欄位以 m_ 標示·非投資建議
HO,3,2024-01-05,2024-01-08,6716,應廣,TPEx,S,S0_atr14@5,2,334,0.049678,,0,0,1,-1.439,-13.669,-17.986,131.15,1.0,floor(1%×vol20),0.0,0.0,361,inf,250.0,official_prepanel,small,700.0,0,可交易（DK_s＝0）,未扣成本（成本參考：2.8 折來回約 0.38%、全額約 0.585%）；交易方法狀態未知（全額交割、變更交易方法、停止信用交易的來源未提供）；容量以 s 日 vol20 估計，未模擬開盤競價量與滑價；容量受限,未扣成本·事後欄位以 m_ 標示·非投資建議
HO,3,2024-01-05,2024-01-08,9949,琉園,TPEx,S,S0_atr14@5,4,334,0.046348,,0,0,1,-2.273,-3.409,-3.125,129.25,1.0,floor(1%×vol20),0.0,0.0,361,inf,250.0,official_prepanel,small,37.0,0,可交易（DK_s＝0）,未扣成本（成本參考：2.8 折來回約 0.38%、全額約 0.585%）；交易方法狀態未知（全額交割、變更交易方法、停止信用交易的來源未提供）；容量以 s 日 vol20 估計，未模擬開盤競價量與滑價；容量受限,未扣成本·事後欄位以 m_ 標示·非投資建議
HO,3,2024-01-08,2024-01-09,3609,三一東林,TPEx,S,S0_atr14@5,4,334,0.048363,,0,0,1,-1.625,1.92,0.148,187.75,1.0,floor(1%×vol20),0.0,0.0,362,inf,250.0,official_prepanel,small,26.0,0,可交易（DK_s＝0）,未扣成本（成本參考：2.8 折來回約 0.38%、全額約 0.585%）；交易方法狀態未知（全額交割、變更交易方法、停止信用交易的來源未提供）；容量以 s 日 vol20 估計，未模擬開盤競價量與滑價；容量受限,未扣成本·事後欄位以 m_ 標示·非投資建議
HO,3,2024-01-08,2024-01-09,5398,慕康生醫,TPEx,S,S0_atr14@5,5,334,0.047537,,0,0,1,0.0,11.379,24.138,291.85,2.0,floor(1%×vol20),0.0,0.0,362,inf,250.0,official_prepanel,small,155.0,0,可交易（DK_s＝0）,未扣成本（成本參考：2.8 折來回約 0.38%、全額約 0.585%）；交易方法狀態未知（全額交割、變更交易方法、停止信用交易的來源未提供）；容量以 s 日 vol20 估計，未模擬開盤競價量與滑價；容量受限,未扣成本·事後欄位以 m_ 標示·非投資建議
HO,3,2024-01-08,2024-01-09,6259,百徽,TPEx,S,S0_atr14@5,2,334,0.049542,,0,0,1,-2.947,-2.105,-6.316,183.85,1.0,floor(1%×vol20),0.0,0.0,362,inf,250.0,official_prepanel,small,198.0,0,可交易（DK_s＝0）,未扣成本（成本參考：2.8 折來回約 0.38%、全額約 0.585%）；交易方法狀態未知（全額交割、變更交易方法、停止信用交易的來源未提供）；容量以 s 日 vol20 估計，未模擬開盤競價量與滑價；容量受限,未扣成本·事後欄位以 m_ 標示·非投資建議
HO,3,2024-01-08,2024-01-09,6716,應廣,TPEx,S,S0_atr14@5,3,334,0.049009,,0,0,1,-7.299,-12.044,-17.153,150.25,1.0,floor(1%×vol20),0.0,0.0,362,inf,250.0,official_prepanel,small,267.0,0,可交易（DK_s＝0）,未扣成本（成本參考：2.8 折來回約 0.38%、全額約 0.585%）；交易方法狀態未知（全額交割、變更交易方法、停止信用交易的來源未提供）；容量以 s 日 vol20 估計，未模擬開盤競價量與滑價；容量受限,未扣成本·事後欄位以 m_ 標示·非投資建議
HO,3,2024-01-08,2024-01-09,9949,琉園,TPEx,S,S0_atr14@5,1,334,0.049626,,0,0,1,-2.029,-1.449,-1.449,130.3,1.0,floor(1%×vol20),0.0,0.0,362,inf,250.0,official_prepanel,small,55.0,0,可交易（DK_s＝0）,未扣成本（成本參考：2.8 折來回約 0.38%、全額約 0.585%）；交易方法狀態未知（全額交割、變更交易方法、停止信用交易的來源未提供）；容量以 s 日 vol20 估計，未模擬開盤競價量與滑價；容量受限,未扣成本·事後欄位以 m_ 標示·非投資建議
HO,3,2024-01-09,2024-01-10,4305,世坤,TPEx,S,S0_atr14@5,2,336,0.055048,,0,0,1,0.921,4.211,2.237,147.45,1.0,floor(1%×vol20),0.0,0.0,363,inf,250.0,official_prepanel,small,161.0,0,可交易（DK_s＝0）,未扣成本（成本參考：2.8 折來回約 0.38%、全額約 0.585%）；交易方法狀態未知（全額交割、變更交易方法、停止信用交易的來源未提供）；容量以 s 日 vol20 估計，未模擬開盤競價量與滑價；容量受限,未扣成本·事後欄位以 m_ 標示·非投資建議
HO,3,2024-01-09,2024-01-10,6259,百徽,TPEx,S,S0_atr14@5,4,336,0.051906,,0,0,1,-1.952,-1.735,-0.651,174.85,1.0,floor(1%×vol20),0.0,0.0,363,inf,250.0,official_prepanel,small,127.0,0,可交易（DK_s＝0）,未扣成本（成本參考：2.8 折來回約 0.38%、全額約 0.585%）；交易方法狀態未知（全額交割、變更交易方法、停止信用交易的來源未提供）；容量以 s 日 vol20 估計，未模擬開盤競價量與滑價；容量受限,未扣成本·事後欄位以 m_ 標示·非投資建議
HO,3,2024-01-09,2024-01-10,6482,弘煜科,TPEx,S,S0_atr14@5,1,336,0.062288,,0,0,1,-1.845,-14.097,-14.097,264.45,2.0,floor(1%×vol20),0.0,0.0,363,inf,250.0,official_prepanel,small,734.0,0,可交易（DK_s＝0）,未扣成本（成本參考：2.8 折來回約 0.38%、全額約 0.585%）；交易方法狀態未知（全額交割、變更交易方法、停止信用交易的來源未提供）；容量以 s 日 vol20 估計，未模擬開盤競價量與滑價；容量受限,未扣成本·事後欄位以 m_ 標示·非投資建議
HO,3,2024-01-09,2024-01-10,6716,應廣,TPEx,S,S0_atr14@5,3,336,0.052587,,0,0,1,-2.008,-2.008,-7.229,149.5,1.0,floor(1%×vol20),0.0,0.0,363,inf,250.0,official_prepanel,small,138.0,0,可交易（DK_s＝0）,未扣成本（成本參考：2.8 折來回約 0.38%、全額約 0.585%）；交易方法狀態未知（全額交割、變更交易方法、停止信用交易的來源未提供）；容量以 s 日 vol20 估計，未模擬開盤競價量與滑價；容量受限,未扣成本·事後欄位以 m_ 標示·非投資建議
HO,3,2024-01-09,2024-01-10,9949,琉園,TPEx,S,S0_atr14@5,5,336,0.048817,,0,0,1,-0.867,-1.445,-1.734,131.9,1.0,floor(1%×vol20),0.0,0.0,363,inf,250.0,official_prepanel,small,97.0,0,可交易（DK_s＝0）,未扣成本（成本參考：2.8 折來回約 0.38%、全額約 0.585%）；交易方法狀態未知（全額交割、變更交易方法、停止信用交易的來源未提供）；容量以 s 日 vol20 估計，未模擬開盤競價量與滑價；容量受限,未扣成本·事後欄位以 m_ 標示·非投資建議
HO,3,2024-01-10,2024-01-11,3664,安瑞-KY,TPEx,S,S0_atr14@5,5,338,0.047347,,0,0,1,0.174,-4.167,-9.722,156.95,1.0,floor(1%×vol20),0.0,0.0,364,inf,250.0,official_prepanel,small,296.0,0,可交易（DK_s＝0）,未扣成本（成本參考：2.8 折來回約 0.38%、全額約 0.585%）；交易方法狀態未知（全額交割、變更交易方法、停止信用交易的來源未提供）；容量以 s 日 vol20 估計，未模擬開盤競價量與滑價；容量受限,未扣成本·事後欄位以 m_ 標示·非投資建議
HO,3,2024-01-10,2024-01-11,4305,世坤,TPEx,S,S0_atr14@5,3,338,0.054107,,0,0,1,0.387,0.258,0.645,152.7,1.0,floor(1%×vol20),0.0,0.0,364,inf,250.0,official_prepanel,small,16.0,0,可交易（DK_s＝0）,未扣成本（成本參考：2.8 折來回約 0.38%、全額約 0.585%）；交易方法狀態未知（全額交割、變更交易方法、停止信用交易的來源未提供）；容量以 s 日 vol20 估計，未模擬開盤競價量與滑價；容量受限,未扣成本·事後欄位以 m_ 標示·非投資建議
HO,3,2024-01-10,2024-01-11,6259,百徽,TPEx,S,S0_atr14@5,4,338,0.052149,,0,0,1,-0.221,0.221,2.212,167.45,1.0,floor(1%×vol20),0.0,0.0,364,inf,250.0,official_prepanel,small,107.0,0,可交易（DK_s＝0）,未扣成本（成本參考：2.8 折來回約 0.38%、全額約 0.585%）；交易方法狀態未知（全額交割、變更交易方法、停止信用交易的來源未提供）；容量以 s 日 vol20 估計，未模擬開盤競價量與滑價；容量受限,未扣成本·事後欄位以 m_ 標示·非投資建議
HO,3,2024-01-10,2024-01-11,6482,弘煜科,TPEx,S,S0_atr14@5,1,338,0.066826,,0,0,1,-0.274,-10.274,-8.63,296.25,2.0,floor(1%×vol20),0.0,1.0,364,inf,250.0,official_prepanel,small,334.0,0,可交易（DK_s＝0）,未扣成本（成本參考：2.8 折來回約 0.38%、全額約 0.585%）；交易方法狀態未知（全額交割、變更交易方法、停止信用交易的來源未提供）；容量以 s 日 vol20 估計，未模擬開盤競價量與滑價；容量受限,未扣成本·事後欄位以 m_ 標示·非投資建議
HO,3,2024-01-10,2024-01-11,6716,應廣,TPEx,S,S0_atr14@5,2,338,0.057377,,0,0,1,1.613,-6.855,-6.855,140.8,1.0,floor(1%×vol20),0.0,0.0,364,inf,250.0,official_prepanel,small,181.0,0,可交易（DK_s＝0）,未扣成本（成本參考：2.8 折來回約 0.38%、全額約 0.585%）；交易方法狀態未知（全額交割、變更交易方法、停止信用交易的來源未提供）；容量以 s 日 vol20 估計，未模擬開盤競價量與滑價；容量受限,未扣成本·事後欄位以 m_ 標示·非投資建議
HO,3,2024-01-11,2024-01-12,4305,世坤,TPEx,S,S0_atr14@5,4,334,0.048109,,0,0,1,-1.148,-1.02,-1.02,152.1,1.0,floor(1%×vol20),0.0,0.0,365,inf,250.0,official_prepanel,small,31.0,0,可交易（DK_s＝0）,未扣成本（成本參考：2.8 折來回約 0.38%、全額約 0.585%）；交易方法狀態未知（全額交割、變更交易方法、停止信用交易的來源未提供）；容量以 s 日 vol20 估計，未模擬開盤競價量與滑價；容量受限,未扣成本·事後欄位以 m_ 標示·非投資建議
HO,3,2024-01-11,2024-01-12,6259,百徽,TPEx,S,S0_atr14@5,2,334,0.052898,,0,0,1,0.446,0.893,9.821,165.7,1.0,floor(1%×vol20),0.0,0.0,365,inf,250.0,official_prepanel,small,22.0,0,可交易（DK_s＝0）,未扣成本（成本參考：2.8 折來回約 0.38%、全額約 0.585%）；交易方法狀態未知（全額交割、變更交易方法、停止信用交易的來源未提供）；容量以 s 日 vol20 估計，未模擬開盤競價量與滑價；容量受限,未扣成本·事後欄位以 m_ 標示·非投資建議
HO,3,2024-01-11,2024-01-12,6716,應廣,TPEx,S,S0_atr14@5,1,334,0.056122,,0,0,1,-5.138,-8.696,-8.3,143.4,1.0,floor(1%×vol20),0.0,0.0,365,inf,250.0,official_prepanel,small,191.0,0,可交易（DK_s＝0）,未扣成本（成本參考：2.8 折來回約 0.38%、全額約 0.585%）；交易方法狀態未知（全額交割、變更交易方法、停止信用交易的來源未提供）；容量以 s 日 vol20 估計，未模擬開盤競價量與滑價；容量受限,未扣成本·事後欄位以 m_ 標示·非投資建議
HO,3,2024-01-11,2024-01-12,8066,來思達,TPEx,S,S0_atr14@5,5,334,0.04579,,0,0,1,-0.627,-4.859,-5.329,245.8,2.0,floor(1%×vol20),0.0,0.0,365,inf,250.0,official_prepanel,small,34.0,0,可交易（DK_s＝0）,未扣成本（成本參考：2.8 折來回約 0.38%、全額約 0.585%）；交易方法狀態未知（全額交割、變更交易方法、停止信用交易的來源未提供）；容量以 s 日 vol20 估計，未模擬開盤競價量與滑價；容量受限,未扣成本·事後欄位以 m_ 標示·非投資建議
HO,3,2024-01-11,2024-01-12,9912,偉聯,TWSE,S,S0_atr14@5,3,334,0.051769,,0,0,1,-0.459,5.505,5.963,285.9,2.0,floor(1%×vol20),0.0,0.0,365,inf,250.0,official_prepanel,small,128.0,0,可交易（DK_s＝0）,未扣成本（成本參考：2.8 折來回約 0.38%、全額約 0.585%）；交易方法狀態未知（全額交割、變更交易方法、停止信用交易的來源未提供）；容量以 s 日 vol20 估計，未模擬開盤競價量與滑價；容量受限,未扣成本·事後欄位以 m_ 標示·非投資建議
HO,3,2024-01-12,2024-01-15,3664,安瑞-KY,TPEx,S,S0_atr14@5,5,342,0.049876,,0,0,1,-3.409,-13.961,-17.857,268.9,2.0,floor(1%×vol20),0.0,0.0,366,inf,250.0,official_prepanel,small,1719.0,0,可交易（DK_s＝0）,未扣成本（成本參考：2.8 折來回約 0.38%、全額約 0.585%）；交易方法狀態未知（全額交割、變更交易方法、停止信用交易的來源未提供）；容量以 s 日 vol20 估計，未模擬開盤競價量與滑價；容量受限,未扣成本·事後欄位以 m_ 標示·非投資建議
HO,3,2024-01-12,2024-01-15,6259,百徽,TPEx,S,S0_atr14@5,3,342,0.051746,,0,0,1,3.563,-0.668,5.345,163.35,1.0,floor(1%×vol20),0.0,0.0,366,inf,250.0,official_prepanel,small,62.0,0,可交易（DK_s＝0）,未扣成本（成本參考：2.8 折來回約 0.38%、全額約 0.585%）；交易方法狀態未知（全額交割、變更交易方法、停止信用交易的來源未提供）；容量以 s 日 vol20 估計，未模擬開盤競價量與滑價；容量受限,未扣成本·事後欄位以 m_ 標示·非投資建議
HO,3,2024-01-12,2024-01-15,6419,京晨科,TPEx,S,S0_atr14@5,2,342,0.058261,,0,0,1,0.432,-8.324,-9.297,290.35,2.0,floor(1%×vol20),0.0,0.0,366,inf,250.0,official_prepanel,small,127.0,0,可交易（DK_s＝0）,未扣成本（成本參考：2.8 折來回約 0.38%、全額約 0.585%）；交易方法狀態未知（全額交割、變更交易方法、停止信用交易的來源未提供）；容量以 s 日 vol20 估計，未模擬開盤競價量與滑價；容量受限,未扣成本·事後欄位以 m_ 標示·非投資建議
HO,3,2024-01-12,2024-01-15,6716,應廣,TPEx,S,S0_atr14@5,1,342,0.059524,,0,0,1,-0.413,-5.785,-7.438,146.8,1.0,floor(1%×vol20),0.0,0.0,366,inf,250.0,official_prepanel,small,99.0,0,可交易（DK_s＝0）,未扣成本（成本參考：2.8 折來回約 0.38%、全額約 0.585%）；交易方法狀態未知（全額交割、變更交易方法、停止信用交易的來源未提供）；容量以 s 日 vol20 估計，未模擬開盤競價量與滑價；容量受限,未扣成本·事後欄位以 m_ 標示·非投資建議
HO,3,2024-01-12,2024-01-15,9912,偉聯,TWSE,S,S0_atr14@5,4,342,0.05135,,0,0,1,4.608,3.687,7.834,275.7,2.0,floor(1%×vol20),0.0,0.0,366,inf,250.0,official_prepanel,small,205.0,0,可交易（DK_s＝0）,未扣成本（成本參考：2.8 折來回約 0.38%、全額約 0.585%）；交易方法狀態未知（全額交割、變更交易方法、停止信用交易的來源未提供）；容量以 s 日 vol20 估計，未模擬開盤競價量與滑價；容量受限,未扣成本·事後欄位以 m_ 標示·非投資建議
HO,3,2024-01-15,2024-01-16,5344,立衛,TPEx,S,S0_atr14@5,5,342,0.044036,,0,0,1,-1.699,-1.942,1.456,293.4,2.0,floor(1%×vol20),0.0,0.0,367,inf,250.0,official_prepanel,small,119.0,0,可交易（DK_s＝0）,未扣成本（成本參考：2.8 折來回約 0.38%、全額約 0.585%）；交易方法狀態未知（全額交割、變更交易方法、停止信用交易的來源未提供）；容量以 s 日 vol20 估計，未模擬開盤競價量與滑價；容量受限,未扣成本·事後欄位以 m_ 標示·非投資建議
HO,3,2024-01-15,2024-01-16,6259,百徽,TPEx,S,S0_atr14@5,4,342,0.051152,,0,0,1,-0.875,-2.626,3.282,164.45,1.0,floor(1%×vol20),0.0,0.0,367,inf,250.0,official_prepanel,small,46.0,0,可交易（DK_s＝0）,未扣成本（成本參考：2.8 折來回約 0.38%、全額約 0.585%）；交易方法狀態未知（全額交割、變更交易方法、停止信用交易的來源未提供）；容量以 s 日 vol20 估計，未模擬開盤競價量與滑價；容量受限,未扣成本·事後欄位以 m_ 標示·非投資建議
HO,3,2024-01-15,2024-01-16,6419,京晨科,TPEx,S,S0_atr14@5,2,342,0.052976,,0,0,1,-4.306,-7.643,-6.781,281.35,2.0,floor(1%×vol20),0.0,0.0,367,inf,250.0,official_prepanel,small,333.0,0,可交易（DK_s＝0）,未扣成本（成本參考：2.8 折來回約 0.38%、全額約 0.585%）；交易方法狀態未知（全額交割、變更交易方法、停止信用交易的來源未提供）；容量以 s 日 vol20 估計，未模擬開盤競價量與滑價；容量受限,未扣成本·事後欄位以 m_ 標示·非投資建議
HO,3,2024-01-15,2024-01-16,6716,應廣,TPEx,S,S0_atr14@5,1,342,0.055424,,0,0,1,2.092,-5.021,-5.021,146.65,1.0,floor(1%×vol20),0.0,0.0,367,inf,250.0,official_prepanel,small,58.0,0,可交易（DK_s＝0）,未扣成本（成本參考：2.8 折來回約 0.38%、全額約 0.585%）；交易方法狀態未知（全額交割、變更交易方法、停止信用交易的來源未提供）；容量以 s 日 vol20 估計，未模擬開盤競價量與滑價；容量受限,未扣成本·事後欄位以 m_ 標示·非投資建議
HO,3,2024-01-15,2024-01-16,9912,偉聯,TWSE,S,S0_atr14@5,3,342,0.052234,,0,0,1,7.175,0.897,5.83,278.15,2.0,floor(1%×vol20),0.0,0.0,367,inf,250.0,official_prepanel,small,527.0,0,可交易（DK_s＝0）,未扣成本（成本參考：2.8 折來回約 0.38%、全額約 0.585%）；交易方法狀態未知（全額交割、變更交易方法、停止信用交易的來源未提供）；容量以 s 日 vol20 估計，未模擬開盤競價量與滑價；容量受限,未扣成本·事後欄位以 m_ 標示·非投資建議
HO,3,2024-01-16,2024-01-17,6230,尼得科超眾,TWSE,S,S0_atr14@5,5,336,0.044643,,0,0,1,-1.976,5.138,5.534,223.35,2.0,floor(1%×vol20),0.0,0.0,368,inf,250.0,official_prepanel,mid,106.0,0,可交易（DK_s＝0）,未扣成本（成本參考：2.8 折來回約 0.38%、全額約 0.585%）；交易方法狀態未知（全額交割、變更交易方法、停止信用交易的來源未提供）；容量以 s 日 vol20 估計，未模擬開盤競價量與滑價；容量受限,未扣成本·事後欄位以 m_ 標示·非投資建議
HO,3,2024-01-16,2024-01-17,6259,百徽,TPEx,S,S0_atr14@5,3,336,0.052822,,0,0,1,1.116,2.232,4.464,165.55,1.0,floor(1%×vol20),0.0,0.0,368,inf,250.0,official_prepanel,small,73.0,0,可交易（DK_s＝0）,未扣成本（成本參考：2.8 折來回約 0.38%、全額約 0.585%）；交易方法狀態未知（全額交割、變更交易方法、停止信用交易的來源未提供）；容量以 s 日 vol20 估計，未模擬開盤競價量與滑價；容量受限,未扣成本·事後欄位以 m_ 標示·非投資建議
HO,3,2024-01-16,2024-01-17,6419,京晨科,TPEx,S,S0_atr14@5,1,336,0.053672,,0,0,1,-2.137,-0.112,-3.6,290.05,2.0,floor(1%×vol20),0.0,0.0,368,inf,250.0,official_prepanel,small,72.0,0,可交易（DK_s＝0）,未扣成本（成本參考：2.8 折來回約 0.38%、全額約 0.585%）；交易方法狀態未知（全額交割、變更交易方法、停止信用交易的來源未提供）；容量以 s 日 vol20 估計，未模擬開盤競價量與滑價；容量受限,未扣成本·事後欄位以 m_ 標示·非投資建議
HO,3,2024-01-16,2024-01-17,6716,應廣,TPEx,S,S0_atr14@5,2,336,0.053279,,0,0,1,-5.328,-5.328,2.049,139.1,1.0,floor(1%×vol20),0.0,0.0,368,inf,250.0,official_prepanel,small,153.0,0,可交易（DK_s＝0）,未扣成本（成本參考：2.8 折來回約 0.38%、全額約 0.585%）；交易方法狀態未知（全額交割、變更交易方法、停止信用交易的來源未提供）；容量以 s 日 vol20 估計，未模擬開盤競價量與滑價；容量受限,未扣成本·事後欄位以 m_ 標示·非投資建議
HO,3,2024-01-16,2024-01-17,9912,偉聯,TWSE,S,S0_atr14@5,4,336,0.052301,,0,0,1,-1.681,-5.462,-0.84,293.9,2.0,floor(1%×vol20),0.0,0.0,368,inf,250.0,official_prepanel,small,270.0,0,可交易（DK_s＝0）,未扣成本（成本參考：2.8 折來回約 0.38%、全額約 0.585%）；交易方法狀態未知（全額交割、變更交易方法、停止信用交易的來源未提供）；容量以 s 日 vol20 估計，未模擬開盤競價量與滑價；容量受限,未扣成本·事後欄位以 m_ 標示·非投資建議
HO,3,2024-01-17,2024-01-18,1435,中福,TWSE,S,S0_atr14@5,1,331,0.068275,,0,0,1,6.296,3.704,-0.556,100.9,1.0,floor(1%×vol20),0.0,0.0,369,inf,250.0,official_prepanel,mid,12.0,0,可交易（DK_s＝0）,未扣成本（成本參考：2.8 折來回約 0.38%、全額約 0.585%）；交易方法狀態未知（全額交割、變更交易方法、停止信用交易的來源未提供）；容量以 s 日 vol20 估計，未模擬開盤競價量與滑價；容量受限,未扣成本·事後欄位以 m_ 標示·非投資建議
HO,3,2024-01-17,2024-01-18,2923,鼎固-KY,TWSE,S,S0_atr14@5,4,331,0.053221,,0,0,1,-0.426,-0.853,-1.706,113.25,1.0,floor(1%×vol20),0.0,0.0,369,inf,250.0,official_prepanel,large,34.0,0,可交易（DK_s＝0）,未扣成本（成本參考：2.8 折來回約 0.38%、全額約 0.585%）；交易方法狀態未知（全額交割、變更交易方法、停止信用交易的來源未提供）；容量以 s 日 vol20 估計，未模擬開盤競價量與滑價；容量受限,未扣成本·事後欄位以 m_ 標示·非投資建議
HO,3,2024-01-17,2024-01-18,6259,百徽,TPEx,S,S0_atr14@5,5,331,0.05298,,0,0,1,0.0,2.212,1.77,164.9,1.0,floor(1%×vol20),0.0,0.0,369,inf,250.0,official_prepanel,small,17.0,0,可交易（DK_s＝0）,未扣成本（成本參考：2.8 折來回約 0.38%、全額約 0.585%）；交易方法狀態未知（全額交割、變更交易方法、停止信用交易的來源未提供）；容量以 s 日 vol20 估計，未模擬開盤競價量與滑價；容量受限,未扣成本·事後欄位以 m_ 標示·非投資建議
HO,3,2024-01-17,2024-01-18,6419,京晨科,TPEx,S,S0_atr14@5,3,331,0.053695,,0,0,1,-6.974,-2.362,-5.624,285.7,2.0,floor(1%×vol20),0.0,0.0,369,inf,250.0,official_prepanel,small,405.0,0,可交易（DK_s＝0）,未扣成本（成本參考：2.8 折來回約 0.38%、全額約 0.585%）；交易方法狀態未知（全額交割、變更交易方法、停止信用交易的來源未提供）；容量以 s 日 vol20 估計，未模擬開盤競價量與滑價；容量受限,未扣成本·事後欄位以 m_ 標示·非投資建議
HO,3,2024-01-17,2024-01-18,6716,應廣,TPEx,S,S0_atr14@5,2,331,0.059369,,0,0,1,-1.282,-1.282,16.667,137.15,1.0,floor(1%×vol20),0.0,0.0,369,inf,250.0,official_prepanel,small,76.0,0,可交易（DK_s＝0）,未扣成本（成本參考：2.8 折來回約 0.38%、全額約 0.585%）；交易方法狀態未知（全額交割、變更交易方法、停止信用交易的來源未提供）；容量以 s 日 vol20 估計，未模擬開盤競價量與滑價；容量受限,未扣成本·事後欄位以 m_ 標示·非投資建議
HO,3,2024-01-18,2024-01-19,3288,點晶,TPEx,S,S0_atr14@5,1,330,0.103992,,0,0,1,12.354,0.501,-2.504,243.25,2.0,floor(1%×vol20),1.0,0.0,370,inf,250.0,official_prepanel,small,152.0,1,處置中・交易規則另案登錄（DK_s＝1）,未扣成本（成本參考：2.8 折來回約 0.38%、全額約 0.585%）；交易方法狀態未知（全額交割、變更交易方法、停止信用交易的來源未提供）；容量以 s 日 vol20 估計，未模擬開盤競價量與滑價；容量受限,未扣成本·事後欄位以 m_ 標示·非投資建議
HO,3,2024-01-18,2024-01-19,6222,立軒,TPEx,S,S0_atr14@5,2,330,0.063109,,0,0,1,-3.018,-3.841,-3.704,283.9,2.0,floor(1%×vol20),0.0,0.0,370,inf,250.0,official_prepanel,small,40.0,0,可交易（DK_s＝0）,未扣成本（成本參考：2.8 折來回約 0.38%、全額約 0.585%）；交易方法狀態未知（全額交割、變更交易方法、停止信用交易的來源未提供）；容量以 s 日 vol20 估計，未模擬開盤競價量與滑價；容量受限,未扣成本·事後欄位以 m_ 標示·非投資建議
HO,3,2024-01-18,2024-01-19,6259,百徽,TPEx,S,S0_atr14@5,5,330,0.049305,,0,0,1,-2.193,7.895,0.439,161.65,1.0,floor(1%×vol20),0.0,0.0,370,inf,250.0,official_prepanel,small,63.0,0,可交易（DK_s＝0）,未扣成本（成本參考：2.8 折來回約 0.38%、全額約 0.585%）；交易方法狀態未知（全額交割、變更交易方法、停止信用交易的來源未提供）；容量以 s 日 vol20 估計，未模擬開盤競價量與滑價；容量受限,未扣成本·事後欄位以 m_ 標示·非投資建議
HO,3,2024-01-18,2024-01-19,6419,京晨科,TPEx,S,S0_atr14@5,3,330,0.059078,,0,0,1,0.952,2.381,-0.357,299.55,2.0,floor(1%×vol20),0.0,0.0,370,inf,250.0,official_prepanel,small,151.0,0,可交易（DK_s＝0）,未扣成本（成本參考：2.8 折來回約 0.38%、全額約 0.585%）；交易方法狀態未知（全額交割、變更交易方法、停止信用交易的來源未提供）；容量以 s 日 vol20 估計，未模擬開盤競價量與滑價；容量受限,未扣成本·事後欄位以 m_ 標示·非投資建議
HO,3,2024-01-18,2024-01-19,6716,應廣,TPEx,S,S0_atr14@5,4,330,0.057514,,0,0,1,-1.299,0.433,9.091,138.65,1.0,floor(1%×vol20),0.0,0.0,370,inf,250.0,official_prepanel,small,155.0,0,可交易（DK_s＝0）,未扣成本（成本參考：2.8 折來回約 0.38%、全額約 0.585%）；交易方法狀態未知（全額交割、變更交易方法、停止信用交易的來源未提供）；容量以 s 日 vol20 估計，未模擬開盤競價量與滑價；容量受限,未扣成本·事後欄位以 m_ 標示·非投資建議
HO,3,2024-01-19,2024-01-22,6222,立軒,TPEx,S,S0_atr14@5,1,327,0.062942,,0,0,1,-2.355,-2.355,-4.155,272.1,2.0,floor(1%×vol20),0.0,0.0,371,inf,250.0,official_prepanel,small,38.0,0,可交易（DK_s＝0）,未扣成本（成本參考：2.8 折來回約 0.38%、全額約 0.585%）；交易方法狀態未知（全額交割、變更交易方法、停止信用交易的來源未提供）；容量以 s 日 vol20 估計，未模擬開盤競價量與滑價；容量受限,未扣成本·事後欄位以 m_ 標示·非投資建議
HO,3,2024-01-19,2024-01-22,6259,百徽,TPEx,S,S0_atr14@5,5,327,0.049648,,0,0,1,-0.224,6.054,3.812,163.1,1.0,floor(1%×vol20),0.0,0.0,371,inf,250.0,official_prepanel,small,66.0,0,可交易（DK_s＝0）,未扣成本（成本參考：2.8 折來回約 0.38%、全額約 0.585%）；交易方法狀態未知（全額交割、變更交易方法、停止信用交易的來源未提供）；容量以 s 日 vol20 估計，未模擬開盤競價量與滑價；容量受限,未扣成本·事後欄位以 m_ 標示·非投資建議
HO,3,2024-01-19,2024-01-22,6419,京晨科,TPEx,S,S0_atr14@5,4,327,0.052561,,0,0,1,-0.233,-2.442,-3.023,282.4,2.0,floor(1%×vol20),0.0,0.0,371,inf,250.0,official_prepanel,small,81.0,0,可交易（DK_s＝0）,未扣成本（成本參考：2.8 折來回約 0.38%、全額約 0.585%）；交易方法狀態未知（全額交割、變更交易方法、停止信用交易的來源未提供）；容量以 s 日 vol20 估計，未模擬開盤競價量與滑價；容量受限,未扣成本·事後欄位以 m_ 標示·非投資建議
HO,3,2024-01-19,2024-01-22,6716,應廣,TPEx,S,S0_atr14@5,2,327,0.061717,,0,0,1,-2.155,-3.448,19.397,143.75,1.0,floor(1%×vol20),0.0,0.0,371,inf,250.0,official_prepanel,small,134.0,0,可交易（DK_s＝0）,未扣成本（成本參考：2.8 折來回約 0.38%、全額約 0.585%）；交易方法狀態未知（全額交割、變更交易方法、停止信用交易的來源未提供）；容量以 s 日 vol20 估計，未模擬開盤競價量與滑價；容量受限,未扣成本·事後欄位以 m_ 標示·非投資建議
HO,3,2024-01-19,2024-01-22,9912,偉聯,TWSE,S,S0_atr14@5,3,327,0.057143,,0,0,1,-1.316,2.632,8.772,295.0,2.0,floor(1%×vol20),0.0,0.0,371,inf,250.0,official_prepanel,small,104.0,0,可交易（DK_s＝0）,未扣成本（成本參考：2.8 折來回約 0.38%、全額約 0.585%）；交易方法狀態未知（全額交割、變更交易方法、停止信用交易的來源未提供）；容量以 s 日 vol20 估計，未模擬開盤競價量與滑價；容量受限,未扣成本·事後欄位以 m_ 標示·非投資建議
HO,3,2024-01-22,2024-01-23,3288,點晶,TPEx,S,S0_atr14@5,1,331,0.102268,,0,0,1,6.71,-1.8,8.02,248.0,2.0,floor(1%×vol20),0.0,0.0,372,inf,250.0,official_prepanel,small,217.0,0,可交易（DK_s＝0）,未扣成本（成本參考：2.8 折來回約 0.38%、全額約 0.585%）；交易方法狀態未知（全額交割、變更交易方法、停止信用交易的來源未提供）；容量以 s 日 vol20 估計，未模擬開盤競價量與滑價；容量受限,未扣成本·事後欄位以 m_ 標示·非投資建議
HO,3,2024-01-22,2024-01-23,6222,立軒,TPEx,S,S0_atr14@5,3,331,0.05846,,0,0,1,1.831,-2.535,-1.972,245.15,2.0,floor(1%×vol20),0.0,0.0,372,inf,250.0,official_prepanel,small,55.0,0,可交易（DK_s＝0）,未扣成本（成本參考：2.8 折來回約 0.38%、全額約 0.585%）；交易方法狀態未知（全額交割、變更交易方法、停止信用交易的來源未提供）；容量以 s 日 vol20 估計，未模擬開盤競價量與滑價；容量受限,未扣成本·事後欄位以 m_ 標示·非投資建議
HO,3,2024-01-22,2024-01-23,6259,百徽,TPEx,S,S0_atr14@5,5,331,0.047673,,0,0,1,2.691,5.83,2.691,164.15,1.0,floor(1%×vol20),0.0,0.0,372,inf,250.0,official_prepanel,small,130.0,0,可交易（DK_s＝0）,未扣成本（成本參考：2.8 折來回約 0.38%、全額約 0.585%）；交易方法狀態未知（全額交割、變更交易方法、停止信用交易的來源未提供）；容量以 s 日 vol20 估計，未模擬開盤競價量與滑價；容量受限,未扣成本·事後欄位以 m_ 標示·非投資建議
HO,3,2024-01-22,2024-01-23,6716,應廣,TPEx,S,S0_atr14@5,2,331,0.064821,,0,0,1,0.0,-1.732,12.987,147.0,1.0,floor(1%×vol20),0.0,0.0,372,inf,250.0,official_prepanel,small,72.0,0,可交易（DK_s＝0）,未扣成本（成本參考：2.8 折來回約 0.38%、全額約 0.585%）；交易方法狀態未知（全額交割、變更交易方法、停止信用交易的來源未提供）；容量以 s 日 vol20 估計，未模擬開盤競價量與滑價；容量受限,未扣成本·事後欄位以 m_ 標示·非投資建議
HO,3,2024-01-22,2024-01-23,9912,偉聯,TWSE,S,S0_atr14@5,4,331,0.058413,,0,0,1,0.446,5.357,8.036,295.25,2.0,floor(1%×vol20),0.0,0.0,372,inf,250.0,official_prepanel,small,32.0,0,可交易（DK_s＝0）,未扣成本（成本參考：2.8 折來回約 0.38%、全額約 0.585%）；交易方法狀態未知（全額交割、變更交易方法、停止信用交易的來源未提供）；容量以 s 日 vol20 估計，未模擬開盤競價量與滑價；容量受限,未扣成本·事後欄位以 m_ 標示·非投資建議
HO,3,2024-01-23,2024-01-24,3288,點晶,TPEx,S,S0_atr14@5,1,323,0.090272,,0,0,1,-4.615,-6.769,11.692,254.55,2.0,floor(1%×vol20),0.0,0.0,373,inf,250.0,official_prepanel,small,175.0,0,可交易（DK_s＝0）,未扣成本（成本參考：2.8 折來回約 0.38%、全額約 0.585%）；交易方法狀態未知（全額交割、變更交易方法、停止信用交易的來源未提供）；容量以 s 日 vol20 估計，未模擬開盤競價量與滑價；容量受限,未扣成本·事後欄位以 m_ 標示·非投資建議
HO,3,2024-01-23,2024-01-24,6222,立軒,TPEx,S,S0_atr14@5,4,323,0.052559,,0,0,1,-2.338,-1.788,0.55,215.95,2.0,floor(1%×vol20),0.0,0.0,373,inf,250.0,official_prepanel,small,40.0,0,可交易（DK_s＝0）,未扣成本（成本參考：2.8 折來回約 0.38%、全額約 0.585%）；交易方法狀態未知（全額交割、變更交易方法、停止信用交易的來源未提供）；容量以 s 日 vol20 估計，未模擬開盤競價量與滑價；容量受限,未扣成本·事後欄位以 m_ 標示·非投資建議
HO,3,2024-01-23,2024-01-24,6259,百徽,TPEx,S,S0_atr14@5,5,323,0.049283,,0,0,1,0.435,1.739,-1.522,168.75,1.0,floor(1%×vol20),0.0,0.0,373,inf,250.0,official_prepanel,small,52.0,0,可交易（DK_s＝0）,未扣成本（成本參考：2.8 折來回約 0.38%、全額約 0.585%）；交易方法狀態未知（全額交割、變更交易方法、停止信用交易的來源未提供）；容量以 s 日 vol20 估計，未模擬開盤競價量與滑價；容量受限,未扣成本·事後欄位以 m_ 標示·非投資建議
HO,3,2024-01-23,2024-01-24,6716,應廣,TPEx,S,S0_atr14@5,3,323,0.056895,,0,0,1,-0.431,7.328,15.948,146.55,1.0,floor(1%×vol20),0.0,0.0,373,inf,250.0,official_prepanel,small,47.0,0,可交易（DK_s＝0）,未扣成本（成本參考：2.8 折來回約 0.38%、全額約 0.585%）；交易方法狀態未知（全額交割、變更交易方法、停止信用交易的來源未提供）；容量以 s 日 vol20 估計，未模擬開盤競價量與滑價；容量受限,未扣成本·事後欄位以 m_ 標示·非投資建議
HO,3,2024-01-23,2024-01-24,9912,偉聯,TWSE,S,S0_atr14@5,2,323,0.05746,,0,0,1,5.31,4.425,6.195,288.8,2.0,floor(1%×vol20),0.0,0.0,373,inf,250.0,official_prepanel,small,291.0,0,可交易（DK_s＝0）,未扣成本（成本參考：2.8 折來回約 0.38%、全額約 0.585%）；交易方法狀態未知（全額交割、變更交易方法、停止信用交易的來源未提供）；容量以 s 日 vol20 估計，未模擬開盤競價量與滑價；容量受限,未扣成本·事後欄位以 m_ 標示·非投資建議
HO,3,2024-01-24,2024-01-25,3288,點晶,TPEx,S,S0_atr14@5,1,326,0.086751,,0,0,1,-2.903,-2.258,13.065,260.55,2.0,floor(1%×vol20),0.0,0.0,374,inf,250.0,official_prepanel,small,109.0,0,可交易（DK_s＝0）,未扣成本（成本參考：2.8 折來回約 0.38%、全額約 0.585%）；交易方法狀態未知（全額交割、變更交易方法、停止信用交易的來源未提供）；容量以 s 日 vol20 估計，未模擬開盤競價量與滑價；容量受限,未扣成本·事後欄位以 m_ 標示·非投資建議
HO,3,2024-01-24,2024-01-25,6222,立軒,TPEx,S,S0_atr14@5,4,326,0.048793,,0,0,1,-1.268,-1.831,3.38,192.85,1.0,floor(1%×vol20),0.0,0.0,374,inf,250.0,official_prepanel,small,68.0,0,可交易（DK_s＝0）,未扣成本（成本參考：2.8 折來回約 0.38%、全額約 0.585%）；交易方法狀態未知（全額交割、變更交易方法、停止信用交易的來源未提供）；容量以 s 日 vol20 估計，未模擬開盤競價量與滑價；容量受限,未扣成本·事後欄位以 m_ 標示·非投資建議
HO,3,2024-01-24,2024-01-25,6259,百徽,TPEx,S,S0_atr14@5,5,326,0.04329,,0,0,1,6.494,-0.433,-0.216,169.65,1.0,floor(1%×vol20),0.0,0.0,374,inf,250.0,official_prepanel,small,426.0,0,可交易（DK_s＝0）,未扣成本（成本參考：2.8 折來回約 0.38%、全額約 0.585%）；交易方法狀態未知（全額交割、變更交易方法、停止信用交易的來源未提供）；容量以 s 日 vol20 估計，未模擬開盤競價量與滑價；容量受限,未扣成本·事後欄位以 m_ 標示·非投資建議
HO,3,2024-01-24,2024-01-25,6716,應廣,TPEx,S,S0_atr14@5,2,326,0.055968,,0,0,1,-0.429,17.167,17.597,143.9,1.0,floor(1%×vol20),0.0,0.0,374,inf,250.0,official_prepanel,small,35.0,0,可交易（DK_s＝0）,未扣成本（成本參考：2.8 折來回約 0.38%、全額約 0.585%）；交易方法狀態未知（全額交割、變更交易方法、停止信用交易的來源未提供）；容量以 s 日 vol20 估計，未模擬開盤競價量與滑價；容量受限,未扣成本·事後欄位以 m_ 標示·非投資建議
HO,3,2024-01-24,2024-01-25,9912,偉聯,TWSE,S,S0_atr14@5,3,326,0.053421,,0,0,1,-2.119,-2.119,4.237,295.4,2.0,floor(1%×vol20),0.0,0.0,374,inf,250.0,official_prepanel,small,108.0,0,可交易（DK_s＝0）,未扣成本（成本參考：2.8 折來回約 0.38%、全額約 0.585%）；交易方法狀態未知（全額交割、變更交易方法、停止信用交易的來源未提供）；容量以 s 日 vol20 估計，未模擬開盤競價量與滑價；容量受限,未扣成本·事後欄位以 m_ 標示·非投資建議
HO,3,2024-01-25,2024-01-26,3288,點晶,TPEx,S,S0_atr14@5,1,325,0.080565,,0,0,1,-0.331,-3.311,10.099,264.75,2.0,floor(1%×vol20),0.0,0.0,375,inf,250.0,official_prepanel,small,115.0,0,可交易（DK_s＝0）,未扣成本（成本參考：2.8 折來回約 0.38%、全額約 0.585%）；交易方法狀態未知（全額交割、變更交易方法、停止信用交易的來源未提供）；容量以 s 日 vol20 估計，未模擬開盤競價量與滑價；容量受限,未扣成本·事後欄位以 m_ 標示·非投資建議
HO,3,2024-01-25,2024-01-26,6222,立軒,TPEx,S,S0_atr14@5,5,325,0.047279,,0,0,1,9.133,8.669,18.885,157.75,1.0,floor(1%×vol20),0.0,0.0,375,inf,250.0,official_prepanel,small,39.0,0,可交易（DK_s＝0）,未扣成本（成本參考：2.8 折來回約 0.38%、全額約 0.585%）；交易方法狀態未知（全額交割、變更交易方法、停止信用交易的來源未提供）；容量以 s 日 vol20 估計，未模擬開盤競價量與滑價；容量受限,未扣成本·事後欄位以 m_ 標示·非投資建議
HO,3,2024-01-25,2024-01-26,6716,應廣,TPEx,S,S0_atr14@5,3,325,0.055727,,0,0,1,-2.609,9.565,17.826,143.25,1.0,floor(1%×vol20),0.0,0.0,375,inf,250.0,official_prepanel,small,71.0,0,可交易（DK_s＝0）,未扣成本（成本參考：2.8 折來回約 0.38%、全額約 0.585%）；交易方法狀態未知（全額交割、變更交易方法、停止信用交易的來源未提供）；容量以 s 日 vol20 估計，未模擬開盤競價量與滑價；容量受限,未扣成本·事後欄位以 m_ 標示·非投資建議
HO,3,2024-01-25,2024-01-26,6735,美達科技,TPEx,S,S0_atr14@5,2,325,0.059987,,0,0,1,0.0,3.594,39.062,167.55,1.0,floor(1%×vol20),0.0,0.0,375,inf,250.0,official_prepanel,small,27.0,0,可交易（DK_s＝0）,未扣成本（成本參考：2.8 折來回約 0.38%、全額約 0.585%）；交易方法狀態未知（全額交割、變更交易方法、停止信用交易的來源未提供）；容量以 s 日 vol20 估計，未模擬開盤競價量與滑價；容量受限,未扣成本·事後欄位以 m_ 標示·非投資建議
HO,3,2024-01-25,2024-01-26,9912,偉聯,TWSE,S,S0_atr14@5,4,325,0.050711,,0,0,1,1.299,0.0,9.957,296.45,2.0,floor(1%×vol20),0.0,0.0,375,inf,250.0,official_prepanel,small,143.0,0,可交易（DK_s＝0）,未扣成本（成本參考：2.8 折來回約 0.38%、全額約 0.585%）；交易方法狀態未知（全額交割、變更交易方法、停止信用交易的來源未提供）；容量以 s 日 vol20 估計，未模擬開盤競價量與滑價；容量受限,未扣成本·事後欄位以 m_ 標示·非投資建議
HO,3,2024-01-26,2024-01-29,3288,點晶,TPEx,S,S0_atr14@5,2,326,0.079141,,0,0,1,2.916,2.916,15.952,262.55,2.0,floor(1%×vol20),0.0,0.0,376,inf,250.0,official_prepanel,small,41.0,0,可交易（DK_s＝0）,未扣成本（成本參考：2.8 折來回約 0.38%、全額約 0.585%）；交易方法狀態未知（全額交割、變更交易方法、停止信用交易的來源未提供）；容量以 s 日 vol20 估計，未模擬開盤競價量與滑價；容量受限,未扣成本·事後欄位以 m_ 標示·非投資建議
HO,3,2024-01-26,2024-01-29,3349,寶德,TPEx,S,S0_atr14@5,1,326,0.081767,,0,0,1,4.566,8.676,19.863,214.5,2.0,floor(1%×vol20),0.0,0.0,376,inf,250.0,official_prepanel,small,65.0,0,可交易（DK_s＝0）,未扣成本（成本參考：2.8 折來回約 0.38%、全額約 0.585%）；交易方法狀態未知（全額交割、變更交易方法、停止信用交易的來源未提供）；容量以 s 日 vol20 估計，未模擬開盤競價量與滑價；容量受限,未扣成本·事後欄位以 m_ 標示·非投資建議
HO,3,2024-01-26,2024-01-29,6222,立軒,TPEx,S,S0_atr14@5,5,326,0.048328,,0,0,1,-1.425,-1.425,10.256,144.0,1.0,floor(1%×vol20),0.0,0.0,376,inf,250.0,official_prepanel,small,89.0,0,可交易（DK_s＝0）,未扣成本（成本參考：2.8 折來回約 0.38%、全額約 0.585%）；交易方法狀態未知（全額交割、變更交易方法、停止信用交易的來源未提供）；容量以 s 日 vol20 估計，未模擬開盤競價量與滑價；容量受限,未扣成本·事後欄位以 m_ 標示·非投資建議
HO,3,2024-01-26,2024-01-29,6716,應廣,TPEx,S,S0_atr14@5,4,326,0.052615,,0,0,1,0.0,22.026,16.3,143.8,1.0,floor(1%×vol20),0.0,0.0,376,inf,250.0,official_prepanel,small,47.0,0,可交易（DK_s＝0）,未扣成本（成本參考：2.8 折來回約 0.38%、全額約 0.585%）；交易方法狀態未知（全額交割、變更交易方法、停止信用交易的來源未提供）；容量以 s 日 vol20 估計，未模擬開盤競價量與滑價；容量受限,未扣成本·事後欄位以 m_ 標示·非投資建議
HO,3,2024-01-26,2024-01-29,6735,美達科技,TPEx,S,S0_atr14@5,3,326,0.060603,,0,0,1,1.221,6.718,29.771,167.2,1.0,floor(1%×vol20),0.0,0.0,376,inf,250.0,official_prepanel,small,128.0,0,可交易（DK_s＝0）,未扣成本（成本參考：2.8 折來回約 0.38%、全額約 0.585%）；交易方法狀態未知（全額交割、變更交易方法、停止信用交易的來源未提供）；容量以 s 日 vol20 估計，未模擬開盤競價量與滑價；容量受限,未扣成本·事後欄位以 m_ 標示·非投資建議
HO,3,2024-01-29,2024-01-30,3288,點晶,TPEx,S,S0_atr14@5,2,318,0.072381,,0,0,1,2.365,11.486,17.568,252.2,2.0,floor(1%×vol20),0.0,0.0,377,inf,250.0,official_prepanel,small,68.0,0,可交易（DK_s＝0）,未扣成本（成本參考：2.8 折來回約 0.38%、全額約 0.585%）；交易方法狀態未知（全額交割、變更交易方法、停止信用交易的來源未提供）；容量以 s 日 vol20 估計，未模擬開盤競價量與滑價；容量受限,未扣成本·事後欄位以 m_ 標示·非投資建議
HO,3,2024-01-29,2024-01-30,3349,寶德,TPEx,S,S0_atr14@5,1,318,0.080318,,0,0,1,7.391,3.043,14.348,217.2,2.0,floor(1%×vol20),0.0,0.0,377,inf,250.0,official_prepanel,small,218.0,0,可交易（DK_s＝0）,未扣成本（成本參考：2.8 折來回約 0.38%、全額約 0.585%）；交易方法狀態未知（全額交割、變更交易方法、停止信用交易的來源未提供）；容量以 s 日 vol20 估計，未模擬開盤競價量與滑價；容量受限,未扣成本·事後欄位以 m_ 標示·非投資建議
HO,3,2024-01-29,2024-01-30,6222,立軒,TPEx,S,S0_atr14@5,5,318,0.046862,,0,0,1,-0.557,-3.064,7.799,141.25,1.0,floor(1%×vol20),0.0,0.0,377,inf,250.0,official_prepanel,small,79.0,0,可交易（DK_s＝0）,未扣成本（成本參考：2.8 折來回約 0.38%、全額約 0.585%）；交易方法狀態未知（全額交割、變更交易方法、停止信用交易的來源未提供）；容量以 s 日 vol20 估計，未模擬開盤競價量與滑價；容量受限,未扣成本·事後欄位以 m_ 標示·非投資建議
HO,3,2024-01-29,2024-01-30,6716,應廣,TPEx,S,S0_atr14@5,4,318,0.046885,,1,0,1,7.328,12.5,19.397,144.35,1.0,floor(1%×vol20),0.0,0.0,377,inf,250.0,official_prepanel,small,374.0,0,可交易（DK_s＝0）,未扣成本（成本參考：2.8 折來回約 0.38%、全額約 0.585%）；交易方法狀態未知（全額交割、變更交易方法、停止信用交易的來源未提供）；容量以 s 日 vol20 估計，未模擬開盤競價量與滑價；容量受限,未扣成本·事後欄位以 m_ 標示·非投資建議
HO,3,2024-01-29,2024-01-30,6735,美達科技,TPEx,S,S0_atr14@5,3,318,0.058931,,0,0,1,-2.896,17.073,42.53,171.15,1.0,floor(1%×vol20),0.0,0.0,377,inf,250.0,official_prepanel,small,177.0,0,可交易（DK_s＝0）,未扣成本（成本參考：2.8 折來回約 0.38%、全額約 0.585%）；交易方法狀態未知（全額交割、變更交易方法、停止信用交易的來源未提供）；容量以 s 日 vol20 估計，未模擬開盤競價量與滑價；容量受限,未扣成本·事後欄位以 m_ 標示·非投資建議
HO,3,2024-01-30,2024-01-31,3288,點晶,TPEx,S,S0_atr14@5,2,321,0.070839,,0,0,1,-1.942,17.476,23.786,216.25,2.0,floor(1%×vol20),0.0,0.0,378,inf,250.0,official_prepanel,small,79.0,0,可交易（DK_s＝0）,未扣成本（成本參考：2.8 折來回約 0.38%、全額約 0.585%）；交易方法狀態未知（全額交割、變更交易方法、停止信用交易的來源未提供）；容量以 s 日 vol20 估計，未模擬開盤競價量與滑價；容量受限,未扣成本·事後欄位以 m_ 標示·非投資建議
HO,3,2024-01-30,2024-01-31,3349,寶德,TPEx,S,S0_atr14@5,1,321,0.075333,,0,0,1,0.208,-0.833,8.542,227.95,2.0,floor(1%×vol20),0.0,0.0,378,inf,250.0,official_prepanel,small,140.0,0,可交易（DK_s＝0）,未扣成本（成本參考：2.8 折來回約 0.38%、全額約 0.585%）；交易方法狀態未知（全額交割、變更交易方法、停止信用交易的來源未提供）；容量以 s 日 vol20 估計，未模擬開盤競價量與滑價；容量受限,未扣成本·事後欄位以 m_ 標示·非投資建議
HO,3,2024-01-30,2024-01-31,3672,康聯訊,TPEx,S,S0_atr14@5,4,321,0.045939,,0,0,1,-1.613,0.0,-2.621,171.65,1.0,floor(1%×vol20),0.0,0.0,378,inf,250.0,official_prepanel,small,55.0,0,可交易（DK_s＝0）,未扣成本（成本參考：2.8 折來回約 0.38%、全額約 0.585%）；交易方法狀態未知（全額交割、變更交易方法、停止信用交易的來源未提供）；容量以 s 日 vol20 估計，未模擬開盤競價量與滑價；容量受限,未扣成本·事後欄位以 m_ 標示·非投資建議
HO,3,2024-01-30,2024-01-31,6222,立軒,TPEx,S,S0_atr14@5,5,321,0.043918,,0,0,1,-1.969,2.813,8.861,131.75,1.0,floor(1%×vol20),0.0,0.0,378,inf,250.0,official_prepanel,small,108.0,0,可交易（DK_s＝0）,未扣成本（成本參考：2.8 折來回約 0.38%、全額約 0.585%）；交易方法狀態未知（全額交割、變更交易方法、停止信用交易的來源未提供）；容量以 s 日 vol20 估計，未模擬開盤競價量與滑價；容量受限,未扣成本·事後欄位以 m_ 標示·非投資建議
HO,3,2024-01-30,2024-01-31,6735,美達科技,TPEx,S,S0_atr14@5,3,321,0.058085,,0,0,1,3.438,22.656,54.844,178.95,1.0,floor(1%×vol20),0.0,0.0,378,inf,250.0,official_prepanel,small,89.0,0,可交易（DK_s＝0）,未扣成本（成本參考：2.8 折來回約 0.38%、全額約 0.585%）；交易方法狀態未知（全額交割、變更交易方法、停止信用交易的來源未提供）；容量以 s 日 vol20 估計，未模擬開盤競價量與滑價；容量受限,未扣成本·事後欄位以 m_ 標示·非投資建議
HO,3,2024-01-31,2024-02-01,3288,點晶,TPEx,S,S0_atr14@5,2,327,0.065417,,0,0,1,-2.829,16.639,21.131,184.35,1.0,floor(1%×vol20),0.0,0.0,379,inf,250.0,official_prepanel,small,81.0,0,可交易（DK_s＝0）,未扣成本（成本參考：2.8 折來回約 0.38%、全額約 0.585%）；交易方法狀態未知（全額交割、變更交易方法、停止信用交易的來源未提供）；容量以 s 日 vol20 估計，未模擬開盤競價量與滑價；容量受限,未扣成本·事後欄位以 m_ 標示·非投資建議
HO,3,2024-01-31,2024-02-01,3349,寶德,TPEx,S,S0_atr14@5,1,327,0.075438,,0,0,1,-0.624,8.524,9.563,234.8,2.0,floor(1%×vol20),0.0,0.0,379,inf,250.0,official_prepanel,small,74.0,0,可交易（DK_s＝0）,未扣成本（成本參考：2.8 折來回約 0.38%、全額約 0.585%）；交易方法狀態未知（全額交割、變更交易方法、停止信用交易的來源未提供）；容量以 s 日 vol20 估計，未模擬開盤競價量與滑價；容量受限,未扣成本·事後欄位以 m_ 標示·非投資建議
HO,3,2024-01-31,2024-02-01,3672,康聯訊,TPEx,S,S0_atr14@5,5,327,0.046692,,0,0,1,1.022,-0.818,3.681,173.35,1.0,floor(1%×vol20),0.0,0.0,379,inf,250.0,official_prepanel,small,30.0,0,可交易（DK_s＝0）,未扣成本（成本參考：2.8 折來回約 0.38%、全額約 0.585%）；交易方法狀態未知（全額交割、變更交易方法、停止信用交易的來源未提供）；容量以 s 日 vol20 估計，未模擬開盤競價量與滑價；容量受限,未扣成本·事後欄位以 m_ 標示·非投資建議
HO,3,2024-01-31,2024-02-01,6735,美達科技,TPEx,S,S0_atr14@5,4,327,0.05697,,0,0,1,-0.897,28.999,39.312,182.3,1.0,floor(1%×vol20),0.0,0.0,379,inf,250.0,official_prepanel,small,128.0,0,可交易（DK_s＝0）,未扣成本（成本參考：2.8 折來回約 0.38%、全額約 0.585%）；交易方法狀態未知（全額交割、變更交易方法、停止信用交易的來源未提供）；容量以 s 日 vol20 估計，未模擬開盤競價量與滑價；容量受限,未扣成本·事後欄位以 m_ 標示·非投資建議
HO,3,2024-01-31,2024-02-01,8477,創業家,TPEx,S,S0_atr14@5,3,327,0.063919,,0,0,1,0.262,-5.512,4.724,286.75,2.0,floor(1%×vol20),0.0,0.0,379,inf,250.0,official_prepanel,small,112.0,0,可交易（DK_s＝0）,未扣成本（成本參考：2.8 折來回約 0.38%、全額約 0.585%）；交易方法狀態未知（全額交割、變更交易方法、停止信用交易的來源未提供）；容量以 s 日 vol20 估計，未模擬開盤競價量與滑價；容量受限,未扣成本·事後欄位以 m_ 標示·非投資建議
HO,3,2024-02-01,2024-02-02,3288,點晶,TPEx,S,S0_atr14@5,2,334,0.062745,,0,0,1,1.01,11.953,19.529,155.3,1.0,floor(1%×vol20),0.0,0.0,380,inf,250.0,official_prepanel,small,95.0,0,可交易（DK_s＝0）,未扣成本（成本參考：2.8 折來回約 0.38%、全額約 0.585%）；交易方法狀態未知（全額交割、變更交易方法、停止信用交易的來源未提供）；容量以 s 日 vol20 估計，未模擬開盤競價量與滑價；容量受限,未扣成本·事後欄位以 m_ 標示·非投資建議
HO,3,2024-02-01,2024-02-02,3349,寶德,TPEx,S,S0_atr14@5,1,334,0.070233,,0,0,1,-0.833,19.167,8.542,238.2,2.0,floor(1%×vol20),0.0,0.0,380,inf,250.0,official_prepanel,small,58.0,0,可交易（DK_s＝0）,未扣成本（成本參考：2.8 折來回約 0.38%、全額約 0.585%）；交易方法狀態未知（全額交割、變更交易方法、停止信用交易的來源未提供）；容量以 s 日 vol20 估計，未模擬開盤競價量與滑價；容量受限,未扣成本·事後欄位以 m_ 標示·非投資建議
HO,3,2024-02-01,2024-02-02,6482,弘煜科,TPEx,S,S0_atr14@5,5,334,0.05054,,0,0,1,-1.681,-0.336,-4.706,280.85,2.0,floor(1%×vol20),0.0,0.0,380,inf,250.0,official_prepanel,small,133.0,0,可交易（DK_s＝0）,未扣成本（成本參考：2.8 折來回約 0.38%、全額約 0.585%）；交易方法狀態未知（全額交割、變更交易方法、停止信用交易的來源未提供）；容量以 s 日 vol20 估計，未模擬開盤競價量與滑價；容量受限,未扣成本·事後欄位以 m_ 標示·非投資建議
HO,3,2024-02-01,2024-02-02,6735,美達科技,TPEx,S,S0_atr14@5,3,334,0.058824,,0,0,1,6.231,35.258,42.249,188.55,1.0,floor(1%×vol20),0.0,0.0,380,inf,250.0,official_prepanel,small,100.0,0,可交易（DK_s＝0）,未扣成本（成本參考：2.8 折來回約 0.38%、全額約 0.585%）；交易方法狀態未知（全額交割、變更交易方法、停止信用交易的來源未提供）；容量以 s 日 vol20 估計，未模擬開盤競價量與滑價；容量受限,未扣成本·事後欄位以 m_ 標示·非投資建議
HO,3,2024-02-01,2024-02-02,8477,創業家,TPEx,S,S0_atr14@5,4,334,0.05834,,0,0,1,-1.309,3.665,8.115,275.75,2.0,floor(1%×vol20),0.0,0.0,380,inf,250.0,official_prepanel,small,127.0,0,可交易（DK_s＝0）,未扣成本（成本參考：2.8 折來回約 0.38%、全額約 0.585%）；交易方法狀態未知（全額交割、變更交易方法、停止信用交易的來源未提供）；容量以 s 日 vol20 估計，未模擬開盤競價量與滑價；容量受限,未扣成本·事後欄位以 m_ 標示·非投資建議
HO,3,2024-02-02,2024-02-05,3288,點晶,TPEx,S,S0_atr14@5,3,331,0.059405,,1,0,1,9.453,12.106,15.755,139.9,1.0,floor(1%×vol20),0.0,0.0,381,inf,250.0,official_prepanel,small,275.0,0,可交易（DK_s＝0）,未扣成本（成本參考：2.8 折來回約 0.38%、全額約 0.585%）；交易方法狀態未知（全額交割、變更交易方法、停止信用交易的來源未提供）；容量以 s 日 vol20 估計，未模擬開盤競價量與滑價；容量受限,未扣成本·事後欄位以 m_ 標示·非投資建議
HO,3,2024-02-02,2024-02-05,3349,寶德,TPEx,S,S0_atr14@5,2,331,0.066927,,0,0,1,0.211,10.994,10.148,240.95,2.0,floor(1%×vol20),0.0,0.0,381,inf,250.0,official_prepanel,small,42.0,0,可交易（DK_s＝0）,未扣成本（成本參考：2.8 折來回約 0.38%、全額約 0.585%）；交易方法狀態未知（全額交割、變更交易方法、停止信用交易的來源未提供）；容量以 s 日 vol20 估計，未模擬開盤競價量與滑價；容量受限,未扣成本·事後欄位以 m_ 標示·非投資建議
HO,3,2024-02-02,2024-02-05,6240,松崗,TPEx,S,S0_atr14@5,1,331,0.073501,,0,0,1,-1.106,-3.097,-2.876,284.95,2.0,floor(1%×vol20),0.0,0.0,381,inf,250.0,official_prepanel,small,173.0,0,可交易（DK_s＝0）,未扣成本（成本參考：2.8 折來回約 0.38%、全額約 0.585%）；交易方法狀態未知（全額交割、變更交易方法、停止信用交易的來源未提供）；容量以 s 日 vol20 估計，未模擬開盤競價量與滑價；容量受限,未扣成本·事後欄位以 m_ 標示·非投資建議
HO,3,2024-02-02,2024-02-05,6482,弘煜科,TPEx,S,S0_atr14@5,5,331,0.050305,,0,0,1,-0.345,1.036,-3.282,256.35,2.0,floor(1%×vol20),0.0,0.0,381,inf,250.0,official_prepanel,small,74.0,0,可交易（DK_s＝0）,未扣成本（成本參考：2.8 折來回約 0.38%、全額約 0.585%）；交易方法狀態未知（全額交割、變更交易方法、停止信用交易的來源未提供）；容量以 s 日 vol20 估計，未模擬開盤競價量與滑價；容量受限,未扣成本·事後欄位以 m_ 標示·非投資建議
HO,3,2024-02-02,2024-02-05,6735,美達科技,TPEx,S,S0_atr14@5,4,331,0.052626,,0,0,1,9.871,21.602,26.18,193.4,1.0,floor(1%×vol20),0.0,0.0,381,inf,250.0,official_prepanel,small,641.0,0,可交易（DK_s＝0）,未扣成本（成本參考：2.8 折來回約 0.38%、全額約 0.585%）；交易方法狀態未知（全額交割、變更交易方法、停止信用交易的來源未提供）；容量以 s 日 vol20 估計，未模擬開盤競價量與滑價；容量受限,未扣成本·事後欄位以 m_ 標示·非投資建議
HO,3,2024-02-05,2024-02-15,3349,寶德,TPEx,S,S0_atr14@5,2,331,0.059825,,0,0,1,0.422,10.97,11.392,238.7,2.0,floor(1%×vol20),0.0,0.0,382,inf,250.0,official_prepanel,small,103.0,0,可交易（DK_s＝0）,未扣成本（成本參考：2.8 折來回約 0.38%、全額約 0.585%）；交易方法狀態未知（全額交割、變更交易方法、停止信用交易的來源未提供）；容量以 s 日 vol20 估計，未模擬開盤競價量與滑價；容量受限,未扣成本·事後欄位以 m_ 標示·非投資建議
HO,3,2024-02-05,2024-02-15,3672,康聯訊,TPEx,S,S0_atr14@5,5,331,0.044606,,0,0,1,-0.8,-2.6,-2.4,173.8,1.0,floor(1%×vol20),0.0,0.0,382,inf,250.0,official_prepanel,small,29.0,0,可交易（DK_s＝0）,未扣成本（成本參考：2.8 折來回約 0.38%、全額約 0.585%）；交易方法狀態未知（全額交割、變更交易方法、停止信用交易的來源未提供）；容量以 s 日 vol20 估計，未模擬開盤競價量與滑價；容量受限,未扣成本·事後欄位以 m_ 標示·非投資建議
HO,3,2024-02-05,2024-02-15,5364,力麗店,TPEx,S,S0_atr14@5,4,331,0.045681,,0,0,1,-0.581,1.453,0.581,270.4,2.0,floor(1%×vol20),0.0,0.0,382,inf,250.0,official_prepanel,small,172.0,0,可交易（DK_s＝0）,未扣成本（成本參考：2.8 折來回約 0.38%、全額約 0.585%）；交易方法狀態未知（全額交割、變更交易方法、停止信用交易的來源未提供）；容量以 s 日 vol20 估計，未模擬開盤競價量與滑價；容量受限,未扣成本·事後欄位以 m_ 標示·非投資建議
HO,3,2024-02-05,2024-02-15,6240,松崗,TPEx,S,S0_atr14@5,1,331,0.075743,,0,0,1,-1.333,1.111,-2.889,293.05,2.0,floor(1%×vol20),0.0,0.0,382,inf,250.0,official_prepanel,small,66.0,0,可交易（DK_s＝0）,未扣成本（成本參考：2.8 折來回約 0.38%、全額約 0.585%）；交易方法狀態未知（全額交割、變更交易方法、停止信用交易的來源未提供）；容量以 s 日 vol20 估計，未模擬開盤競價量與滑價；容量受限,未扣成本·事後欄位以 m_ 標示·非投資建議
HO,3,2024-02-05,2024-02-15,6482,弘煜科,TPEx,S,S0_atr14@5,3,331,0.048774,,0,0,1,8.103,2.241,-1.724,230.85,2.0,floor(1%×vol20),0.0,0.0,382,inf,250.0,official_prepanel,small,89.0,0,可交易（DK_s＝0）,未扣成本（成本參考：2.8 折來回約 0.38%、全額約 0.585%）；交易方法狀態未知（全額交割、變更交易方法、停止信用交易的來源未提供）；容量以 s 日 vol20 估計，未模擬開盤競價量與滑價；容量受限,未扣成本·事後欄位以 m_ 標示·非投資建議
HO,3,2024-02-15,2024-02-16,3349,寶德,TPEx,S,S0_atr14@5,2,329,0.051471,,0,0,1,9.664,9.454,10.084,222.25,2.0,floor(1%×vol20),0.0,0.0,383,inf,250.0,official_prepanel,small,213.0,0,可交易（DK_s＝0）,未扣成本（成本參考：2.8 折來回約 0.38%、全額約 0.585%）；交易方法狀態未知（全額交割、變更交易方法、停止信用交易的來源未提供）；容量以 s 日 vol20 估計，未模擬開盤競價量與滑價；容量受限,未扣成本·事後欄位以 m_ 標示·非投資建議
HO,3,2024-02-15,2024-02-16,6240,松崗,TPEx,S,S0_atr14@5,1,329,0.072716,,0,0,1,2.022,1.348,0.449,295.95,2.0,floor(1%×vol20),0.0,0.0,383,inf,250.0,official_prepanel,small,19.0,0,可交易（DK_s＝0）,未扣成本（成本參考：2.8 折來回約 0.38%、全額約 0.585%）；交易方法狀態未知（全額交割、變更交易方法、停止信用交易的來源未提供）；容量以 s 日 vol20 估計，未模擬開盤競價量與滑價；容量受限,未扣成本·事後欄位以 m_ 標示·非投資建議
HO,3,2024-02-15,2024-02-16,6482,弘煜科,TPEx,S,S0_atr14@5,3,329,0.048758,,0,0,1,-4.769,-10.0,-10.0,192.6,1.0,floor(1%×vol20),0.0,0.0,383,inf,250.0,official_prepanel,small,166.0,0,可交易（DK_s＝0）,未扣成本（成本參考：2.8 折來回約 0.38%、全額約 0.585%）；交易方法狀態未知（全額交割、變更交易方法、停止信用交易的來源未提供）；容量以 s 日 vol20 估計，未模擬開盤競價量與滑價；容量受限,未扣成本·事後欄位以 m_ 標示·非投資建議
HO,3,2024-02-15,2024-02-16,6735,美達科技,TPEx,S,S0_atr14@5,4,329,0.046588,,0,0,1,7.875,23.875,6.875,235.35,2.0,floor(1%×vol20),0.0,0.0,383,inf,250.0,official_prepanel,small,738.0,0,可交易（DK_s＝0）,未扣成本（成本參考：2.8 折來回約 0.38%、全額約 0.585%）；交易方法狀態未知（全額交割、變更交易方法、停止信用交易的來源未提供）；容量以 s 日 vol20 估計，未模擬開盤競價量與滑價；容量受限,未扣成本·事後欄位以 m_ 標示·非投資建議
HO,3,2024-02-15,2024-02-16,8477,創業家,TPEx,S,S0_atr14@5,5,329,0.045891,,0,0,1,-2.439,12.195,7.588,270.95,2.0,floor(1%×vol20),0.0,0.0,383,inf,250.0,official_prepanel,small,194.0,0,可交易（DK_s＝0）,未扣成本（成本參考：2.8 折來回約 0.38%、全額約 0.585%）；交易方法狀態未知（全額交割、變更交易方法、停止信用交易的來源未提供）；容量以 s 日 vol20 估計，未模擬開盤競價量與滑價；容量受限,未扣成本·事後欄位以 m_ 標示·非投資建議
HO,3,2024-02-16,2024-02-19,2429,銘旺科,TWSE,S,S0_atr14@5,5,333,0.046283,,0,0,1,0.509,5.852,10.178,212.8,2.0,floor(1%×vol20),0.0,0.0,384,inf,250.0,official_prepanel,small,157.0,0,可交易（DK_s＝0）,未扣成本（成本參考：2.8 折來回約 0.38%、全額約 0.585%）；交易方法狀態未知（全額交割、變更交易方法、停止信用交易的來源未提供）；容量以 s 日 vol20 估計，未模擬開盤競價量與滑價；容量受限,未扣成本·事後欄位以 m_ 標示·非投資建議
HO,3,2024-02-16,2024-02-19,3349,寶德,TPEx,S,S0_atr14@5,4,333,0.046524,,0,0,1,9.579,0.958,-3.831,209.2,2.0,floor(1%×vol20),0.0,0.0,384,inf,250.0,official_prepanel,small,289.0,0,可交易（DK_s＝0）,未扣成本（成本參考：2.8 折來回約 0.38%、全額約 0.585%）；交易方法狀態未知（全額交割、變更交易方法、停止信用交易的來源未提供）；容量以 s 日 vol20 估計，未模擬開盤競價量與滑價；容量受限,未扣成本·事後欄位以 m_ 標示·非投資建議
HO,3,2024-02-16,2024-02-19,6240,松崗,TPEx,S,S0_atr14@5,1,333,0.065922,,0,0,1,-1.106,-2.655,-2.212,296.75,2.0,floor(1%×vol20),0.0,0.0,384,inf,250.0,official_prepanel,small,64.0,0,可交易（DK_s＝0）,未扣成本（成本參考：2.8 折來回約 0.38%、全額約 0.585%）；交易方法狀態未知（全額交割、變更交易方法、停止信用交易的來源未提供）；容量以 s 日 vol20 估計，未模擬開盤競價量與滑價；容量受限,未扣成本·事後欄位以 m_ 標示·非投資建議
HO,3,2024-02-16,2024-02-19,6482,弘煜科,TPEx,S,S0_atr14@5,2,333,0.053658,,0,0,1,-4.2,-7.754,-2.1,164.2,1.0,floor(1%×vol20),0.0,0.0,384,inf,250.0,official_prepanel,small,84.0,0,可交易（DK_s＝0）,未扣成本（成本參考：2.8 折來回約 0.38%、全額約 0.585%）；交易方法狀態未知（全額交割、變更交易方法、停止信用交易的來源未提供）；容量以 s 日 vol20 估計，未模擬開盤競價量與滑價；容量受限,未扣成本·事後欄位以 m_ 標示·非投資建議
HO,3,2024-02-16,2024-02-19,8477,創業家,TPEx,S,S0_atr14@5,3,333,0.046627,,1,0,1,8.493,9.315,5.205,263.95,2.0,floor(1%×vol20),0.0,0.0,384,inf,250.0,official_prepanel,small,618.0,0,可交易（DK_s＝0）,未扣成本（成本參考：2.8 折來回約 0.38%、全額約 0.585%）；交易方法狀態未知（全額交割、變更交易方法、停止信用交易的來源未提供）；容量以 s 日 vol20 估計，未模擬開盤競價量與滑價；容量受限,未扣成本·事後欄位以 m_ 標示·非投資建議
HO,3,2024-02-19,2024-02-20,1799,易威,TPEx,S,S0_atr14@5,5,317,0.046871,,0,0,1,-7.115,0.192,23.077,268.1,2.0,floor(1%×vol20),0.0,1.0,385,inf,250.0,official_prepanel,mid,572.0,0,可交易（DK_s＝0）,未扣成本（成本參考：2.8 折來回約 0.38%、全額約 0.585%）；交易方法狀態未知（全額交割、變更交易方法、停止信用交易的來源未提供）；容量以 s 日 vol20 估計，未模擬開盤競價量與滑價；容量受限,未扣成本·事後欄位以 m_ 標示·非投資建議
HO,3,2024-02-19,2024-02-20,4413,飛寶企業,TPEx,S,S0_atr14@5,3,317,0.048417,,0,0,1,1.763,-2.267,0.252,279.95,2.0,floor(1%×vol20),0.0,0.0,385,inf,250.0,official_prepanel,small,417.0,0,可交易（DK_s＝0）,未扣成本（成本參考：2.8 折來回約 0.38%、全額約 0.585%）；交易方法狀態未知（全額交割、變更交易方法、停止信用交易的來源未提供）；容量以 s 日 vol20 估計，未模擬開盤競價量與滑價；容量受限,未扣成本·事後欄位以 m_ 標示·非投資建議
HO,3,2024-02-19,2024-02-20,6240,松崗,TPEx,S,S0_atr14@5,1,317,0.058965,,0,0,1,-2.882,-2.439,-2.217,298.85,2.0,floor(1%×vol20),0.0,0.0,385,inf,250.0,official_prepanel,small,46.0,0,可交易（DK_s＝0）,未扣成本（成本參考：2.8 折來回約 0.38%、全額約 0.585%）；交易方法狀態未知（全額交割、變更交易方法、停止信用交易的來源未提供）；容量以 s 日 vol20 估計，未模擬開盤競價量與滑價；容量受限,未扣成本·事後欄位以 m_ 標示·非投資建議
HO,3,2024-02-19,2024-02-20,6482,弘煜科,TPEx,S,S0_atr14@5,2,317,0.056011,,0,0,1,-0.51,-3.571,-0.17,151.7,1.0,floor(1%×vol20),0.0,0.0,385,inf,250.0,official_prepanel,small,50.0,0,可交易（DK_s＝0）,未扣成本（成本參考：2.8 折來回約 0.38%、全額約 0.585%）；交易方法狀態未知（全額交割、變更交易方法、停止信用交易的來源未提供）；容量以 s 日 vol20 估計，未模擬開盤競價量與滑價；容量受限,未扣成本·事後欄位以 m_ 標示·非投資建議
HO,3,2024-02-19,2024-02-20,6735,美達科技,TPEx,S,S0_atr14@5,4,317,0.047592,,0,0,1,-5.345,4.232,14.699,262.9,2.0,floor(1%×vol20),0.0,1.0,385,inf,250.0,official_prepanel,small,350.0,0,可交易（DK_s＝0）,未扣成本（成本參考：2.8 折來回約 0.38%、全額約 0.585%）；交易方法狀態未知（全額交割、變更交易方法、停止信用交易的來源未提供）；容量以 s 日 vol20 估計，未模擬開盤競價量與滑價；容量受限,未扣成本·事後欄位以 m_ 標示·非投資建議
HO,3,2024-02-20,2024-02-21,1799,易威,TPEx,S,S0_atr14@5,1,318,0.058193,,0,0,1,-2.083,13.542,37.292,294.0,2.0,floor(1%×vol20),0.0,1.0,386,inf,250.0,official_prepanel,small,263.0,0,可交易（DK_s＝0）,未扣成本（成本參考：2.8 折來回約 0.38%、全額約 0.585%）；交易方法狀態未知（全額交割、變更交易方法、停止信用交易的來源未提供）；容量以 s 日 vol20 估計，未模擬開盤競價量與滑價；容量受限,未扣成本·事後欄位以 m_ 標示·非投資建議
HO,3,2024-02-20,2024-02-21,3349,寶德,TPEx,S,S0_atr14@5,3,318,0.052653,,0,0,1,0.19,-0.762,-5.143,168.2,1.0,floor(1%×vol20),0.0,0.0,386,inf,250.0,official_prepanel,small,83.0,0,可交易（DK_s＝0）,未扣成本（成本參考：2.8 折來回約 0.38%、全額約 0.585%）；交易方法狀態未知（全額交割、變更交易方法、停止信用交易的來源未提供）；容量以 s 日 vol20 估計，未模擬開盤競價量與滑價；容量受限,未扣成本·事後欄位以 m_ 標示·非投資建議
HO,3,2024-02-20,2024-02-21,4413,飛寶企業,TPEx,S,S0_atr14@5,5,318,0.045792,,0,0,1,-1.737,-4.963,0.0,295.25,2.0,floor(1%×vol20),0.0,0.0,386,inf,250.0,official_prepanel,small,118.0,0,可交易（DK_s＝0）,未扣成本（成本參考：2.8 折來回約 0.38%、全額約 0.585%）；交易方法狀態未知（全額交割、變更交易方法、停止信用交易的來源未提供）；容量以 s 日 vol20 估計，未模擬開盤競價量與滑價；容量受限,未扣成本·事後欄位以 m_ 標示·非投資建議
HO,3,2024-02-20,2024-02-21,6482,弘煜科,TPEx,S,S0_atr14@5,2,318,0.055556,,0,0,1,1.89,-3.78,1.546,139.35,1.0,floor(1%×vol20),0.0,0.0,386,inf,250.0,official_prepanel,small,44.0,0,可交易（DK_s＝0）,未扣成本（成本參考：2.8 折來回約 0.38%、全額約 0.585%）；交易方法狀態未知（全額交割、變更交易方法、停止信用交易的來源未提供）；容量以 s 日 vol20 估計，未模擬開盤競價量與滑價；容量受限,未扣成本·事後欄位以 m_ 標示·非投資建議
HO,3,2024-02-20,2024-02-21,6735,美達科技,TPEx,S,S0_atr14@5,4,318,0.052521,,0,0,1,8.721,2.558,31.395,273.25,2.0,floor(1%×vol20),0.0,2.0,386,inf,250.0,official_prepanel,small,708.0,0,可交易（DK_s＝0）,未扣成本（成本參考：2.8 折來回約 0.38%、全額約 0.585%）；交易方法狀態未知（全額交割、變更交易方法、停止信用交易的來源未提供）；容量以 s 日 vol20 估計，未模擬開盤競價量與滑價；容量受限,未扣成本·事後欄位以 m_ 標示·非投資建議
HO,3,2024-02-21,2024-02-22,2429,銘旺科,TWSE,S,S0_atr14@5,5,323,0.04311,,0,0,1,2.261,5.528,8.04,187.1,1.0,floor(1%×vol20),0.0,0.0,387,inf,250.0,official_prepanel,small,186.0,0,可交易（DK_s＝0）,未扣成本（成本參考：2.8 折來回約 0.38%、全額約 0.585%）；交易方法狀態未知（全額交割、變更交易方法、停止信用交易的來源未提供）；容量以 s 日 vol20 估計，未模擬開盤競價量與滑價；容量受限,未扣成本·事後欄位以 m_ 標示·非投資建議
HO,3,2024-02-21,2024-02-22,3349,寶德,TPEx,S,S0_atr14@5,2,323,0.052281,,0,0,1,-0.192,1.149,-7.663,159.6,1.0,floor(1%×vol20),0.0,0.0,387,inf,250.0,official_prepanel,small,67.0,0,可交易（DK_s＝0）,未扣成本（成本參考：2.8 折來回約 0.38%、全額約 0.585%）；交易方法狀態未知（全額交割、變更交易方法、停止信用交易的來源未提供）；容量以 s 日 vol20 估計，未模擬開盤競價量與滑價；容量受限,未扣成本·事後欄位以 m_ 標示·非投資建議
HO,3,2024-02-21,2024-02-22,4413,飛寶企業,TPEx,S,S0_atr14@5,3,323,0.047078,,0,0,1,0.0,-3.526,1.511,287.9,2.0,floor(1%×vol20),0.0,0.0,387,inf,250.0,official_prepanel,small,63.0,0,可交易（DK_s＝0）,未扣成本（成本參考：2.8 折來回約 0.38%、全額約 0.585%）；交易方法狀態未知（全額交割、變更交易方法、停止信用交易的來源未提供）；容量以 s 日 vol20 估計，未模擬開盤競價量與滑價；容量受限,未扣成本·事後欄位以 m_ 標示·非投資建議
HO,3,2024-02-21,2024-02-22,6482,弘煜科,TPEx,S,S0_atr14@5,1,323,0.053722,,0,0,1,-1.349,-3.879,-1.855,131.4,1.0,floor(1%×vol20),0.0,0.0,387,inf,250.0,official_prepanel,small,58.0,0,可交易（DK_s＝0）,未扣成本（成本參考：2.8 折來回約 0.38%、全額約 0.585%）；交易方法狀態未知（全額交割、變更交易方法、停止信用交易的來源未提供）；容量以 s 日 vol20 估計，未模擬開盤競價量與滑價；容量受限,未扣成本·事後欄位以 m_ 標示·非投資建議
HO,3,2024-02-21,2024-02-22,6933,AMAX-KY,TWSE,S,S0_atr14@5,4,323,0.04357,,0,0,1,-0.226,14.027,28.054,272.2,2.0,floor(1%×vol20),0.0,0.0,68,68.0,68.0,official,mid,133.0,0,可交易（DK_s＝0）,未扣成本（成本參考：2.8 折來回約 0.38%、全額約 0.585%）；交易方法狀態未知（全額交割、變更交易方法、停止信用交易的來源未提供）；容量以 s 日 vol20 估計，未模擬開盤競價量與滑價；容量受限,未扣成本·事後欄位以 m_ 標示·非投資建議
HO,3,2024-02-22,2024-02-23,3349,寶德,TPEx,S,S0_atr14@5,3,326,0.051138,,0,0,1,-3.125,-3.676,-6.618,148.75,1.0,floor(1%×vol20),0.0,0.0,388,inf,250.0,official_prepanel,small,17.0,0,可交易（DK_s＝0）,未扣成本（成本參考：2.8 折來回約 0.38%、全額約 0.585%）；交易方法狀態未知（全額交割、變更交易方法、停止信用交易的來源未提供）；容量以 s 日 vol20 估計，未模擬開盤競價量與滑價；容量受限,未扣成本·事後欄位以 m_ 標示·非投資建議
HO,3,2024-02-22,2024-02-23,4413,飛寶企業,TPEx,S,S0_atr14@5,4,326,0.047139,,0,0,1,-1.99,-4.229,-4.726,280.8,2.0,floor(1%×vol20),0.0,0.0,388,inf,250.0,official_prepanel,small,47.0,0,可交易（DK_s＝0）,未扣成本（成本參考：2.8 折來回約 0.38%、全額約 0.585%）；交易方法狀態未知（全額交割、變更交易方法、停止信用交易的來源未提供）；容量以 s 日 vol20 估計，未模擬開盤競價量與滑價；容量受限,未扣成本·事後欄位以 m_ 標示·非投資建議
HO,3,2024-02-22,2024-02-23,5344,立衛,TPEx,S,S0_atr14@5,5,326,0.043229,,0,0,1,-9.259,-13.148,-16.111,221.55,2.0,floor(1%×vol20),0.0,0.0,388,inf,250.0,official_prepanel,small,1239.0,0,可交易（DK_s＝0）,未扣成本（成本參考：2.8 折來回約 0.38%、全額約 0.585%）；交易方法狀態未知（全額交割、變更交易方法、停止信用交易的來源未提供）；容量以 s 日 vol20 估計，未模擬開盤競價量與滑價；容量受限,未扣成本·事後欄位以 m_ 標示·非投資建議
HO,3,2024-02-22,2024-02-23,6482,弘煜科,TPEx,S,S0_atr14@5,2,326,0.05177,,0,0,1,-1.89,0.515,-2.405,124.6,1.0,floor(1%×vol20),0.0,0.0,388,inf,250.0,official_prepanel,small,74.0,0,可交易（DK_s＝0）,未扣成本（成本參考：2.8 折來回約 0.38%、全額約 0.585%）；交易方法狀態未知（全額交割、變更交易方法、停止信用交易的來源未提供）；容量以 s 日 vol20 估計，未模擬開盤競價量與滑價；容量受限,未扣成本·事後欄位以 m_ 標示·非投資建議
HO,3,2024-02-22,2024-02-23,6735,美達科技,TPEx,S,S0_atr14@5,1,326,0.055211,,0,0,1,-9.952,-17.391,2.415,288.65,2.0,floor(1%×vol20),0.0,3.0,388,inf,250.0,official_prepanel,small,1459.0,0,可交易（DK_s＝0）,未扣成本（成本參考：2.8 折來回約 0.38%、全額約 0.585%）；交易方法狀態未知（全額交割、變更交易方法、停止信用交易的來源未提供）；容量以 s 日 vol20 估計，未模擬開盤競價量與滑價；容量受限,未扣成本·事後欄位以 m_ 標示·非投資建議
HO,3,2024-02-23,2024-02-26,1418,東華,TWSE,S,S0_atr14@5,1,322,0.058067,,0,0,1,1.773,0.355,17.908,296.95,2.0,floor(1%×vol20),1.0,0.0,389,inf,250.0,official_prepanel,small,38.0,1,處置中・交易規則另案登錄（DK_s＝1）,未扣成本（成本參考：2.8 折來回約 0.38%、全額約 0.585%）；交易方法狀態未知（全額交割、變更交易方法、停止信用交易的來源未提供）；容量以 s 日 vol20 估計，未模擬開盤競價量與滑價；容量受限,未扣成本·事後欄位以 m_ 標示·非投資建議
HO,3,2024-02-23,2024-02-26,2380,虹光,TWSE,S,S0_atr14@5,5,322,0.04514,,0,0,1,-0.989,-1.412,-2.825,282.6,2.0,floor(1%×vol20),0.0,0.0,389,inf,250.0,official_prepanel,small,187.0,0,可交易（DK_s＝0）,未扣成本（成本參考：2.8 折來回約 0.38%、全額約 0.585%）；交易方法狀態未知（全額交割、變更交易方法、停止信用交易的來源未提供）；容量以 s 日 vol20 估計，未模擬開盤競價量與滑價；容量受限,未扣成本·事後欄位以 m_ 標示·非投資建議
HO,3,2024-02-23,2024-02-26,3349,寶德,TPEx,S,S0_atr14@5,2,322,0.051233,,0,0,1,-1.326,-4.924,-6.439,125.35,1.0,floor(1%×vol20),0.0,0.0,389,inf,250.0,official_prepanel,small,19.0,0,可交易（DK_s＝0）,未扣成本（成本參考：2.8 折來回約 0.38%、全額約 0.585%）；交易方法狀態未知（全額交割、變更交易方法、停止信用交易的來源未提供）；容量以 s 日 vol20 估計，未模擬開盤競價量與滑價；容量受限,未扣成本·事後欄位以 m_ 標示·非投資建議
HO,3,2024-02-23,2024-02-26,5344,立衛,TPEx,S,S0_atr14@5,3,322,0.051166,,0,0,1,-5.859,-7.273,-9.697,275.8,2.0,floor(1%×vol20),0.0,0.0,389,inf,250.0,official_prepanel,small,645.0,0,可交易（DK_s＝0）,未扣成本（成本參考：2.8 折來回約 0.38%、全額約 0.585%）；交易方法狀態未知（全額交割、變更交易方法、停止信用交易的來源未提供）；容量以 s 日 vol20 估計，未模擬開盤競價量與滑價；容量受限,未扣成本·事後欄位以 m_ 標示·非投資建議
HO,3,2024-02-23,2024-02-26,6482,弘煜科,TPEx,S,S0_atr14@5,4,322,0.048286,,0,0,1,-2.073,4.663,-0.345,119.9,1.0,floor(1%×vol20),0.0,0.0,389,inf,250.0,official_prepanel,small,89.0,0,可交易（DK_s＝0）,未扣成本（成本參考：2.8 折來回約 0.38%、全額約 0.585%）；交易方法狀態未知（全額交割、變更交易方法、停止信用交易的來源未提供）；容量以 s 日 vol20 估計，未模擬開盤競價量與滑價；容量受限,未扣成本·事後欄位以 m_ 標示·非投資建議
HO,3,2024-02-26,2024-02-27,1418,東華,TWSE,S,S0_atr14@5,1,311,0.058113,,0,0,1,1.045,8.362,14.983,296.85,2.0,floor(1%×vol20),1.0,0.0,390,inf,250.0,official_prepanel,small,63.0,1,處置中・交易規則另案登錄（DK_s＝1）,未扣成本（成本參考：2.8 折來回約 0.38%、全額約 0.585%）；交易方法狀態未知（全額交割、變更交易方法、停止信用交易的來源未提供）；容量以 s 日 vol20 估計，未模擬開盤競價量與滑價；容量受限,未扣成本·事後欄位以 m_ 標示·非投資建議
HO,3,2024-02-26,2024-02-27,2380,虹光,TWSE,S,S0_atr14@5,5,311,0.044936,,0,0,1,-0.713,0.571,0.428,288.85,2.0,floor(1%×vol20),0.0,0.0,390,inf,250.0,official_prepanel,small,185.0,0,可交易（DK_s＝0）,未扣成本（成本參考：2.8 折來回約 0.38%、全額約 0.585%）；交易方法狀態未知（全額交割、變更交易方法、停止信用交易的來源未提供）；容量以 s 日 vol20 估計，未模擬開盤競價量與滑價；容量受限,未扣成本·事後欄位以 m_ 標示·非投資建議
HO,3,2024-02-26,2024-02-27,2429,銘旺科,TWSE,S,S0_atr14@5,4,311,0.047383,,0,0,1,1.238,8.168,2.97,165.35,1.0,floor(1%×vol20),0.0,0.0,390,inf,250.0,official_prepanel,small,102.0,0,可交易（DK_s＝0）,未扣成本（成本參考：2.8 折來回約 0.38%、全額約 0.585%）；交易方法狀態未知（全額交割、變更交易方法、停止信用交易的來源未提供）；容量以 s 日 vol20 估計，未模擬開盤競價量與滑價；容量受限,未扣成本·事後欄位以 m_ 標示·非投資建議
HO,3,2024-02-26,2024-02-27,3349,寶德,TPEx,S,S0_atr14@5,2,311,0.04963,,0,0,1,-0.382,-2.677,-3.25,114.8,1.0,floor(1%×vol20),0.0,0.0,390,inf,250.0,official_prepanel,small,28.0,0,可交易（DK_s＝0）,未扣成本（成本參考：2.8 折來回約 0.38%、全額約 0.585%）；交易方法狀態未知（全額交割、變更交易方法、停止信用交易的來源未提供）；容量以 s 日 vol20 估計，未模擬開盤競價量與滑價；容量受限,未扣成本·事後欄位以 m_ 標示·非投資建議
HO,3,2024-02-26,2024-02-27,6482,弘煜科,TPEx,S,S0_atr14@5,3,311,0.047997,,0,0,1,-2.439,2.265,-0.174,114.3,1.0,floor(1%×vol20),0.0,0.0,390,inf,250.0,official_prepanel,small,45.0,0,可交易（DK_s＝0）,未扣成本（成本參考：2.8 折來回約 0.38%、全額約 0.585%）；交易方法狀態未知（全額交割、變更交易方法、停止信用交易的來源未提供）；容量以 s 日 vol20 估計，未模擬開盤競價量與滑價；容量受限,未扣成本·事後欄位以 m_ 標示·非投資建議
HO,3,2024-02-27,2024-02-29,1418,東華,TWSE,S,S0_atr14@5,1,306,0.053818,,0,0,1,-2.073,6.218,6.218,299.0,2.0,floor(1%×vol20),1.0,0.0,391,inf,250.0,official_prepanel,small,123.0,0,處置中・交易規則另案登錄（DK_s＝1）,未扣成本（成本參考：2.8 折來回約 0.38%、全額約 0.585%）；交易方法狀態未知（全額交割、變更交易方法、停止信用交易的來源未提供）；容量以 s 日 vol20 估計，未模擬開盤競價量與滑價；容量受限,未扣成本·事後欄位以 m_ 標示·非投資建議
HO,3,2024-02-27,2024-02-29,3349,寶德,TPEx,S,S0_atr14@5,4,306,0.047162,,0,0,1,0.0,-5.682,-6.061,103.65,1.0,floor(1%×vol20),0.0,0.0,391,inf,250.0,official_prepanel,small,48.0,0,可交易（DK_s＝0）,未扣成本（成本參考：2.8 折來回約 0.38%、全額約 0.585%）；交易方法狀態未知（全額交割、變更交易方法、停止信用交易的來源未提供）；容量以 s 日 vol20 估計，未模擬開盤競價量與滑價；容量受限,未扣成本·事後欄位以 m_ 標示·非投資建議
HO,3,2024-02-27,2024-02-29,5487,通泰,TPEx,S,S0_atr14@5,2,306,0.051198,,0,0,1,-1.719,-2.812,-2.031,298.9,2.0,floor(1%×vol20),0.0,0.0,391,inf,250.0,official_prepanel,small,436.0,0,可交易（DK_s＝0）,未扣成本（成本參考：2.8 折來回約 0.38%、全額約 0.585%）；交易方法狀態未知（全額交割、變更交易方法、停止信用交易的來源未提供）；容量以 s 日 vol20 估計，未模擬開盤競價量與滑價；容量受限,未扣成本·事後欄位以 m_ 標示·非投資建議
HO,3,2024-02-27,2024-02-29,6482,弘煜科,TPEx,S,S0_atr14@5,3,306,0.048597,,0,0,1,1.423,5.16,-0.712,109.15,1.0,floor(1%×vol20),0.0,0.0,391,inf,250.0,official_prepanel,small,26.0,0,可交易（DK_s＝0）,未扣成本（成本參考：2.8 折來回約 0.38%、全額約 0.585%）；交易方法狀態未知（全額交割、變更交易方法、停止信用交易的來源未提供）；容量以 s 日 vol20 估計，未模擬開盤競價量與滑價；容量受限,未扣成本·事後欄位以 m_ 標示·非投資建議
HO,3,2024-02-27,2024-02-29,8087,麗升能源,TPEx,S,S0_atr14@5,5,306,0.04709,,0,0,1,3.506,8.856,10.701,237.95,2.0,floor(1%×vol20),0.0,0.0,391,inf,250.0,official_prepanel,small,256.0,0,可交易（DK_s＝0）,未扣成本（成本參考：2.8 折來回約 0.38%、全額約 0.585%）；交易方法狀態未知（全額交割、變更交易方法、停止信用交易的來源未提供）；容量以 s 日 vol20 估計，未模擬開盤競價量與滑價；容量受限,未扣成本·事後欄位以 m_ 標示·非投資建議
HO,3,2024-02-29,2024-03-01,2429,銘旺科,TWSE,S,S0_atr14@5,3,303,0.046259,,0,0,1,0.237,1.896,-2.844,166.45,1.0,floor(1%×vol20),0.0,0.0,392,inf,250.0,official_prepanel,small,330.0,0,可交易（DK_s＝0）,未扣成本（成本參考：2.8 折來回約 0.38%、全額約 0.585%）；交易方法狀態未知（全額交割、變更交易方法、停止信用交易的來源未提供）；容量以 s 日 vol20 估計，未模擬開盤競價量與滑價；容量受限,未扣成本·事後欄位以 m_ 標示·非投資建議
HO,3,2024-02-29,2024-03-01,4571,鈞興-KY,TWSE,S,S0_atr14@5,1,303,0.047668,,0,0,1,-0.823,3.395,-5.041,168.6,1.0,floor(1%×vol20),0.0,0.0,392,inf,250.0,official_prepanel,small,159.0,0,可交易（DK_s＝0）,未扣成本（成本參考：2.8 折來回約 0.38%、全額約 0.585%）；交易方法狀態未知（全額交割、變更交易方法、停止信用交易的來源未提供）；容量以 s 日 vol20 估計，未模擬開盤競價量與滑價；容量受限,未扣成本·事後欄位以 m_ 標示·非投資建議
HO,3,2024-02-29,2024-03-01,5438,東友,TPEx,S,S0_atr14@5,5,303,0.044226,,0,0,1,-1.295,-2.85,-4.922,278.2,2.0,floor(1%×vol20),0.0,0.0,392,inf,250.0,official_prepanel,small,132.0,0,可交易（DK_s＝0）,未扣成本（成本參考：2.8 折來回約 0.38%、全額約 0.585%）；交易方法狀態未知（全額交割、變更交易方法、停止信用交易的來源未提供）；容量以 s 日 vol20 估計，未模擬開盤競價量與滑價；容量受限,未扣成本·事後欄位以 m_ 標示·非投資建議
HO,3,2024-02-29,2024-03-01,6482,弘煜科,TPEx,S,S0_atr14@5,4,303,0.045489,,0,0,1,-0.51,-1.02,-8.844,101.75,1.0,floor(1%×vol20),0.0,0.0,392,inf,250.0,official_prepanel,small,59.0,0,可交易（DK_s＝0）,未扣成本（成本參考：2.8 折來回約 0.38%、全額約 0.585%）；交易方法狀態未知（全額交割、變更交易方法、停止信用交易的來源未提供）；容量以 s 日 vol20 估計，未模擬開盤競價量與滑價；容量受限,未扣成本·事後欄位以 m_ 標示·非投資建議
HO,3,2024-02-29,2024-03-01,8087,麗升能源,TPEx,S,S0_atr14@5,2,303,0.046728,,0,0,1,-1.585,0.352,3.169,248.9,2.0,floor(1%×vol20),0.0,0.0,392,inf,250.0,official_prepanel,small,161.0,0,可交易（DK_s＝0）,未扣成本（成本參考：2.8 折來回約 0.38%、全額約 0.585%）；交易方法狀態未知（全額交割、變更交易方法、停止信用交易的來源未提供）；容量以 s 日 vol20 估計，未模擬開盤競價量與滑價；容量受限,未扣成本·事後欄位以 m_ 標示·非投資建議
HO,3,2024-03-01,2024-03-04,2429,銘旺科,TWSE,S,S0_atr14@5,5,307,0.049308,,0,0,1,3.341,1.909,-3.341,177.15,1.0,floor(1%×vol20),0.0,0.0,393,inf,250.0,official_prepanel,small,389.0,0,可交易（DK_s＝0）,未扣成本（成本參考：2.8 折來回約 0.38%、全額約 0.585%）；交易方法狀態未知（全額交割、變更交易方法、停止信用交易的來源未提供）；容量以 s 日 vol20 估計，未模擬開盤競價量與滑價；容量受限,未扣成本·事後欄位以 m_ 標示·非投資建議
HO,3,2024-03-01,2024-03-04,3593,力銘,TWSE,S,S0_atr14@5,1,307,0.069371,,0,0,1,2.459,-2.459,-7.377,285.5,2.0,floor(1%×vol20),0.0,0.0,393,inf,250.0,official_prepanel,small,100.0,0,可交易（DK_s＝0）,未扣成本（成本參考：2.8 折來回約 0.38%、全額約 0.585%）；交易方法狀態未知（全額交割、變更交易方法、停止信用交易的來源未提供）；容量以 s 日 vol20 估計，未模擬開盤競價量與滑價；容量受限,未扣成本·事後欄位以 m_ 標示·非投資建議
HO,3,2024-03-01,2024-03-04,4804,,TPEx,S,S0_atr14@5,4,307,0.049353,,0,0,1,-0.984,-3.74,-4.724,156.45,1.0,floor(1%×vol20),0.0,0.0,393,inf,250.0,official_prepanel,small,61.0,0,可交易（DK_s＝0）,未扣成本（成本參考：2.8 折來回約 0.38%、全額約 0.585%）；交易方法狀態未知（全額交割、變更交易方法、停止信用交易的來源未提供）；容量以 s 日 vol20 估計，未模擬開盤競價量與滑價；容量受限,未扣成本·事後欄位以 m_ 標示·非投資建議
HO,3,2024-03-01,2024-03-04,5310,天剛,TPEx,S,S0_atr14@5,2,307,0.061186,,0,0,1,9.023,39.098,68.045,101.45,1.0,floor(1%×vol20),0.0,0.0,393,inf,250.0,official_prepanel,small,760.0,0,可交易（DK_s＝0）,未扣成本（成本參考：2.8 折來回約 0.38%、全額約 0.585%）；交易方法狀態未知（全額交割、變更交易方法、停止信用交易的來源未提供）；容量以 s 日 vol20 估計，未模擬開盤競價量與滑價；容量受限,未扣成本·事後欄位以 m_ 標示·非投資建議
HO,3,2024-03-01,2024-03-04,8087,麗升能源,TPEx,S,S0_atr14@5,3,307,0.049642,,0,0,1,-1.252,0.716,5.188,255.1,2.0,floor(1%×vol20),0.0,0.0,393,inf,250.0,official_prepanel,small,144.0,0,可交易（DK_s＝0）,未扣成本（成本參考：2.8 折來回約 0.38%、全額約 0.585%）；交易方法狀態未知（全額交割、變更交易方法、停止信用交易的來源未提供）；容量以 s 日 vol20 估計，未模擬開盤競價量與滑價；容量受限,未扣成本·事後欄位以 m_ 標示·非投資建議
HO,3,2024-03-04,2024-03-05,3288,點晶,TPEx,S,S0_atr14@5,2,311,0.064318,,0,0,1,1.227,-2.761,-8.589,170.55,1.0,floor(1%×vol20),0.0,0.0,394,inf,250.0,official_prepanel,small,88.0,0,可交易（DK_s＝0）,未扣成本（成本參考：2.8 折來回約 0.38%、全額約 0.585%）；交易方法狀態未知（全額交割、變更交易方法、停止信用交易的來源未提供）；容量以 s 日 vol20 估計，未模擬開盤競價量與滑價；容量受限,未扣成本·事後欄位以 m_ 標示·非投資建議
HO,3,2024-03-04,2024-03-05,3593,力銘,TWSE,S,S0_atr14@5,1,311,0.069429,,0,0,1,2.846,-2.846,-8.943,279.55,2.0,floor(1%×vol20),0.0,0.0,394,inf,250.0,official_prepanel,small,90.0,0,可交易（DK_s＝0）,未扣成本（成本參考：2.8 折來回約 0.38%、全額約 0.585%）；交易方法狀態未知（全額交割、變更交易方法、停止信用交易的來源未提供）；容量以 s 日 vol20 估計，未模擬開盤競價量與滑價；容量受限,未扣成本·事後欄位以 m_ 標示·非投資建議
HO,3,2024-03-04,2024-03-05,5310,天剛,TPEx,S,S0_atr14@5,3,311,0.057389,,0,0,1,3.02,18.121,52.685,138.3,1.0,floor(1%×vol20),0.0,0.0,394,inf,250.0,official_prepanel,small,1854.0,0,可交易（DK_s＝0）,未扣成本（成本參考：2.8 折來回約 0.38%、全額約 0.585%）；交易方法狀態未知（全額交割、變更交易方法、停止信用交易的來源未提供）；容量以 s 日 vol20 估計，未模擬開盤競價量與滑價；容量受限,未扣成本·事後欄位以 m_ 標示·非投資建議
HO,3,2024-03-04,2024-03-05,6894,衛司特,TPEx,S,S0_atr14@5,4,311,0.057075,,0,0,1,5.189,5.189,1.651,194.95,1.0,floor(1%×vol20),0.0,0.0,60,60.0,60.0,official,small,662.0,0,可交易（DK_s＝0）,未扣成本（成本參考：2.8 折來回約 0.38%、全額約 0.585%）；交易方法狀態未知（全額交割、變更交易方法、停止信用交易的來源未提供）；容量以 s 日 vol20 估計，未模擬開盤競價量與滑價；容量受限,未扣成本·事後欄位以 m_ 標示·非投資建議
HO,3,2024-03-04,2024-03-05,8087,麗升能源,TPEx,S,S0_atr14@5,5,311,0.051178,,0,0,1,4.537,8.893,8.711,260.85,2.0,floor(1%×vol20),0.0,0.0,394,inf,250.0,official_prepanel,small,361.0,0,可交易（DK_s＝0）,未扣成本（成本參考：2.8 折來回約 0.38%、全額約 0.585%）；交易方法狀態未知（全額交割、變更交易方法、停止信用交易的來源未提供）；容量以 s 日 vol20 估計，未模擬開盤競價量與滑價；容量受限,未扣成本·事後欄位以 m_ 標示·非投資建議
HO,3,2024-03-05,2024-03-06,3288,點晶,TPEx,S,S0_atr14@5,2,308,0.06526,,0,0,1,3.636,1.061,-6.515,169.5,1.0,floor(1%×vol20),0.0,0.0,395,inf,250.0,official_prepanel,small,86.0,0,可交易（DK_s＝0）,未扣成本（成本參考：2.8 折來回約 0.38%、全額約 0.585%）；交易方法狀態未知（全額交割、變更交易方法、停止信用交易的來源未提供）；容量以 s 日 vol20 估計，未模擬開盤競價量與滑價；容量受限,未扣成本·事後欄位以 m_ 標示·非投資建議
HO,3,2024-03-05,2024-03-06,3593,力銘,TWSE,S,S0_atr14@5,1,308,0.066347,,0,0,1,-0.4,-4.0,-8.8,280.9,2.0,floor(1%×vol20),0.0,0.0,395,inf,250.0,official_prepanel,small,77.0,0,可交易（DK_s＝0）,未扣成本（成本參考：2.8 折來回約 0.38%、全額約 0.585%）；交易方法狀態未知（全額交割、變更交易方法、停止信用交易的來源未提供）；容量以 s 日 vol20 估計，未模擬開盤競價量與滑價；容量受限,未扣成本·事後欄位以 m_ 標示·非投資建議
HO,3,2024-03-05,2024-03-06,5310,天剛,TPEx,S,S0_atr14@5,3,308,0.05805,,1,0,1,9.223,25.243,44.175,229.75,2.0,floor(1%×vol20),0.0,0.0,395,inf,250.0,official_prepanel,small,1979.0,0,可交易（DK_s＝0）,未扣成本（成本參考：2.8 折來回約 0.38%、全額約 0.585%）；交易方法狀態未知（全額交割、變更交易方法、停止信用交易的來源未提供）；容量以 s 日 vol20 估計，未模擬開盤競價量與滑價；容量受限,未扣成本·事後欄位以 m_ 標示·非投資建議
HO,3,2024-03-05,2024-03-06,6894,衛司特,TPEx,S,S0_atr14@5,4,308,0.057816,,0,0,1,7.93,0.22,-7.489,227.05,2.0,floor(1%×vol20),0.0,0.0,61,61.0,61.0,official,small,840.0,0,可交易（DK_s＝0）,未扣成本（成本參考：2.8 折來回約 0.38%、全額約 0.585%）；交易方法狀態未知（全額交割、變更交易方法、停止信用交易的來源未提供）；容量以 s 日 vol20 估計，未模擬開盤競價量與滑價；容量受限,未扣成本·事後欄位以 m_ 標示·非投資建議
HO,3,2024-03-05,2024-03-06,8087,麗升能源,TPEx,S,S0_atr14@5,5,308,0.052083,,0,0,1,5.546,12.343,5.725,276.9,2.0,floor(1%×vol20),0.0,0.0,395,inf,250.0,official_prepanel,small,1438.0,0,可交易（DK_s＝0）,未扣成本（成本參考：2.8 折來回約 0.38%、全額約 0.585%）；交易方法狀態未知（全額交割、變更交易方法、停止信用交易的來源未提供）；容量以 s 日 vol20 估計，未模擬開盤競價量與滑價；容量受限,未扣成本·事後欄位以 m_ 標示·非投資建議
HO,3,2024-03-06,2024-03-07,3288,點晶,TPEx,S,S0_atr14@5,3,307,0.061612,,0,0,1,-3.07,-7.31,-11.988,168.05,1.0,floor(1%×vol20),0.0,0.0,396,inf,250.0,official_prepanel,small,55.0,0,可交易（DK_s＝0）,未扣成本（成本參考：2.8 折來回約 0.38%、全額約 0.585%）；交易方法狀態未知（全額交割、變更交易方法、停止信用交易的來源未提供）；容量以 s 日 vol20 估計，未模擬開盤競價量與滑價；容量受限,未扣成本·事後欄位以 m_ 標示·非投資建議
HO,3,2024-03-06,2024-03-07,3494,誠研,TWSE,S,S0_atr14@5,5,307,0.047693,,0,0,1,-3.4,-3.4,-12.983,156.7,1.0,floor(1%×vol20),0.0,0.0,396,inf,250.0,official_prepanel,small,176.0,0,可交易（DK_s＝0）,未扣成本（成本參考：2.8 折來回約 0.38%、全額約 0.585%）；交易方法狀態未知（全額交割、變更交易方法、停止信用交易的來源未提供）；容量以 s 日 vol20 估計，未模擬開盤競價量與滑價；容量受限,未扣成本·事後欄位以 m_ 標示·非投資建議
HO,3,2024-03-06,2024-03-07,3593,力銘,TWSE,S,S0_atr14@5,2,307,0.062536,,0,0,1,-1.626,-4.472,-7.317,283.95,2.0,floor(1%×vol20),0.0,0.0,396,inf,250.0,official_prepanel,small,123.0,0,可交易（DK_s＝0）,未扣成本（成本參考：2.8 折來回約 0.38%、全額約 0.585%）；交易方法狀態未知（全額交割、變更交易方法、停止信用交易的來源未提供）；容量以 s 日 vol20 估計，未模擬開盤競價量與滑價；容量受限,未扣成本·事後欄位以 m_ 標示·非投資建議
HO,3,2024-03-06,2024-03-07,5438,東友,TPEx,S,S0_atr14@5,4,307,0.050076,,0,0,1,-1.575,-4.199,-1.575,282.45,2.0,floor(1%×vol20),0.0,0.0,396,inf,250.0,official_prepanel,small,66.0,0,可交易（DK_s＝0）,未扣成本（成本參考：2.8 折來回約 0.38%、全額約 0.585%）；交易方法狀態未知（全額交割、變更交易方法、停止信用交易的來源未提供）；容量以 s 日 vol20 估計，未模擬開盤競價量與滑價；容量受限,未扣成本·事後欄位以 m_ 標示·非投資建議
HO,3,2024-03-06,2024-03-07,8067,志旭,TPEx,S,S0_atr14@5,1,307,0.078759,,0,0,1,-3.291,-13.924,-12.152,133.3,1.0,floor(1%×vol20),0.0,0.0,396,inf,250.0,official_prepanel,small,33.0,0,可交易（DK_s＝0）,未扣成本（成本參考：2.8 折來回約 0.38%、全額約 0.585%）；交易方法狀態未知（全額交割、變更交易方法、停止信用交易的來源未提供）；容量以 s 日 vol20 估計，未模擬開盤競價量與滑價；容量受限,未扣成本·事後欄位以 m_ 標示·非投資建議
HO,3,2024-03-07,2024-03-08,3288,點晶,TPEx,S,S0_atr14@5,3,294,0.058716,,0,0,1,-2.446,-4.587,-9.48,168.75,1.0,floor(1%×vol20),0.0,0.0,397,inf,250.0,official_prepanel,small,65.0,0,可交易（DK_s＝0）,未扣成本（成本參考：2.8 折來回約 0.38%、全額約 0.585%）；交易方法狀態未知（全額交割、變更交易方法、停止信用交易的來源未提供）；容量以 s 日 vol20 估計，未模擬開盤競價量與滑價；容量受限,未扣成本·事後欄位以 m_ 標示·非投資建議
HO,3,2024-03-07,2024-03-08,3494,誠研,TWSE,S,S0_atr14@5,4,294,0.051086,,0,0,1,-0.317,-2.536,-12.52,160.9,1.0,floor(1%×vol20),0.0,0.0,397,inf,250.0,official_prepanel,small,92.0,0,可交易（DK_s＝0）,未扣成本（成本參考：2.8 折來回約 0.38%、全額約 0.585%）；交易方法狀態未知（全額交割、變更交易方法、停止信用交易的來源未提供）；容量以 s 日 vol20 估計，未模擬開盤競價量與滑價；容量受限,未扣成本·事後欄位以 m_ 標示·非投資建議
HO,3,2024-03-07,2024-03-08,3593,力銘,TWSE,S,S0_atr14@5,2,294,0.059622,,0,0,1,-2.058,-2.881,-6.584,288.85,2.0,floor(1%×vol20),0.0,0.0,397,inf,250.0,official_prepanel,small,84.0,0,可交易（DK_s＝0）,未扣成本（成本參考：2.8 折來回約 0.38%、全額約 0.585%）；交易方法狀態未知（全額交割、變更交易方法、停止信用交易的來源未提供）；容量以 s 日 vol20 估計，未模擬開盤競價量與滑價；容量受限,未扣成本·事後欄位以 m_ 標示·非投資建議
HO,3,2024-03-07,2024-03-08,5438,東友,TPEx,S,S0_atr14@5,5,294,0.051048,,0,0,1,-2.926,-2.394,0.0,283.5,2.0,floor(1%×vol20),0.0,0.0,397,inf,250.0,official_prepanel,small,126.0,0,可交易（DK_s＝0）,未扣成本（成本參考：2.8 折來回約 0.38%、全額約 0.585%）；交易方法狀態未知（全額交割、變更交易方法、停止信用交易的來源未提供）；容量以 s 日 vol20 估計，未模擬開盤競價量與滑價；容量受限,未扣成本·事後欄位以 m_ 標示·非投資建議
HO,3,2024-03-07,2024-03-08,8067,志旭,TPEx,S,S0_atr14@5,1,294,0.077038,,0,0,1,-4.737,-13.947,-7.895,134.75,1.0,floor(1%×vol20),0.0,0.0,397,inf,250.0,official_prepanel,small,48.0,0,可交易（DK_s＝0）,未扣成本（成本參考：2.8 折來回約 0.38%、全額約 0.585%）；交易方法狀態未知（全額交割、變更交易方法、停止信用交易的來源未提供）；容量以 s 日 vol20 估計，未模擬開盤競價量與滑價；容量受限,未扣成本·事後欄位以 m_ 標示·非投資建議
HO,3,2024-03-08,2024-03-11,3288,點晶,TPEx,S,S0_atr14@5,2,292,0.060457,,0,0,1,-0.471,-8.791,-7.692,168.6,1.0,floor(1%×vol20),0.0,0.0,398,inf,250.0,official_prepanel,small,37.0,0,可交易（DK_s＝0）,未扣成本（成本參考：2.8 折來回約 0.38%、全額約 0.585%）；交易方法狀態未知（全額交割、變更交易方法、停止信用交易的來源未提供）；容量以 s 日 vol20 估計，未模擬開盤競價量與滑價；容量受限,未扣成本·事後欄位以 m_ 標示·非投資建議
HO,3,2024-03-08,2024-03-11,3494,誠研,TWSE,S,S0_atr14@5,5,292,0.049512,,0,0,1,0.159,-7.79,-12.56,161.6,1.0,floor(1%×vol20),0.0,0.0,398,inf,250.0,official_prepanel,small,65.0,0,可交易（DK_s＝0）,未扣成本（成本參考：2.8 折來回約 0.38%、全額約 0.585%）；交易方法狀態未知（全額交割、變更交易方法、停止信用交易的來源未提供）；容量以 s 日 vol20 估計，未模擬開盤競價量與滑價；容量受限,未扣成本·事後欄位以 m_ 標示·非投資建議
HO,3,2024-03-08,2024-03-11,3593,力銘,TWSE,S,S0_atr14@5,3,292,0.060324,,0,0,1,2.137,-3.419,-2.564,292.45,2.0,floor(1%×vol20),0.0,0.0,398,inf,250.0,official_prepanel,small,50.0,0,可交易（DK_s＝0）,未扣成本（成本參考：2.8 折來回約 0.38%、全額約 0.585%）；交易方法狀態未知（全額交割、變更交易方法、停止信用交易的來源未提供）；容量以 s 日 vol20 估計，未模擬開盤競價量與滑價；容量受限,未扣成本·事後欄位以 m_ 標示·非投資建議
HO,3,2024-03-08,2024-03-11,5438,東友,TPEx,S,S0_atr14@5,4,292,0.054403,,0,0,1,1.381,0.829,4.972,289.4,2.0,floor(1%×vol20),0.0,0.0,398,inf,250.0,official_prepanel,small,68.0,0,可交易（DK_s＝0）,未扣成本（成本參考：2.8 折來回約 0.38%、全額約 0.585%）；交易方法狀態未知（全額交割、變更交易方法、停止信用交易的來源未提供）；容量以 s 日 vol20 估計，未模擬開盤競價量與滑價；容量受限,未扣成本·事後欄位以 m_ 標示·非投資建議
HO,3,2024-03-08,2024-03-11,8067,志旭,TPEx,S,S0_atr14@5,1,292,0.078729,,0,0,1,-2.116,-14.286,0.529,136.95,1.0,floor(1%×vol20),0.0,0.0,398,inf,250.0,official_prepanel,small,26.0,0,可交易（DK_s＝0）,未扣成本（成本參考：2.8 折來回約 0.38%、全額約 0.585%）；交易方法狀態未知（全額交割、變更交易方法、停止信用交易的來源未提供）；容量以 s 日 vol20 估計，未模擬開盤競價量與滑價；容量受限,未扣成本·事後欄位以 m_ 標示·非投資建議
HO,3,2024-03-11,2024-03-12,2491,吉祥全,TWSE,S,S0_atr14@5,5,281,0.048469,,0,0,1,-0.329,-1.316,-0.658,250.35,2.0,floor(1%×vol20),0.0,0.0,399,inf,250.0,official_prepanel,small,140.0,0,可交易（DK_s＝0）,未扣成本（成本參考：2.8 折來回約 0.38%、全額約 0.585%）；交易方法狀態未知（全額交割、變更交易方法、停止信用交易的來源未提供）；容量以 s 日 vol20 估計，未模擬開盤競價量與滑價；容量受限,未扣成本·事後欄位以 m_ 標示·非投資建議
HO,3,2024-03-11,2024-03-12,3288,點晶,TPEx,S,S0_atr14@5,2,281,0.058134,,0,0,1,5.538,-5.696,-6.646,166.5,1.0,floor(1%×vol20),0.0,0.0,399,inf,250.0,official_prepanel,small,67.0,0,可交易（DK_s＝0）,未扣成本（成本參考：2.8 折來回約 0.38%、全額約 0.585%）；交易方法狀態未知（全額交割、變更交易方法、停止信用交易的來源未提供）；容量以 s 日 vol20 估計，未模擬開盤競價量與滑價；容量受限,未扣成本·事後欄位以 m_ 標示·非投資建議
HO,3,2024-03-11,2024-03-12,3593,力銘,TWSE,S,S0_atr14@5,3,281,0.056186,,0,0,1,0.418,-6.276,-4.184,294.4,2.0,floor(1%×vol20),0.0,0.0,399,inf,250.0,official_prepanel,small,39.0,0,可交易（DK_s＝0）,未扣成本（成本參考：2.8 折來回約 0.38%、全額約 0.585%）；交易方法狀態未知（全額交割、變更交易方法、停止信用交易的來源未提供）；容量以 s 日 vol20 估計，未模擬開盤競價量與滑價；容量受限,未扣成本·事後欄位以 m_ 標示·非投資建議
HO,3,2024-03-11,2024-03-12,5438,東友,TPEx,S,S0_atr14@5,4,281,0.051576,,0,0,1,0.272,-0.817,2.997,291.4,2.0,floor(1%×vol20),0.0,0.0,399,inf,250.0,official_prepanel,small,34.0,0,可交易（DK_s＝0）,未扣成本（成本參考：2.8 折來回約 0.38%、全額約 0.585%）；交易方法狀態未知（全額交割、變更交易方法、停止信用交易的來源未提供）；容量以 s 日 vol20 估計，未模擬開盤競價量與滑價；容量受限,未扣成本·事後欄位以 m_ 標示·非投資建議
HO,3,2024-03-11,2024-03-12,8067,志旭,TPEx,S,S0_atr14@5,1,281,0.073745,,0,0,1,-2.71,-8.401,3.794,131.85,1.0,floor(1%×vol20),0.0,0.0,399,inf,250.0,official_prepanel,small,52.0,0,可交易（DK_s＝0）,未扣成本（成本參考：2.8 折來回約 0.38%、全額約 0.585%）；交易方法狀態未知（全額交割、變更交易方法、停止信用交易的來源未提供）；容量以 s 日 vol20 估計，未模擬開盤競價量與滑價；容量受限,未扣成本·事後欄位以 m_ 標示·非投資建議
HO,3,2024-03-12,2024-03-13,3288,點晶,TPEx,S,S0_atr14@5,3,288,0.056436,,0,0,1,-4.085,-6.657,-15.28,165.8,1.0,floor(1%×vol20),0.0,0.0,400,inf,250.0,official_prepanel,small,35.0,0,可交易（DK_s＝0）,未扣成本（成本參考：2.8 折來回約 0.38%、全額約 0.585%）；交易方法狀態未知（全額交割、變更交易方法、停止信用交易的來源未提供）；容量以 s 日 vol20 估計，未模擬開盤競價量與滑價；容量受限,未扣成本·事後欄位以 m_ 標示·非投資建議
HO,3,2024-03-12,2024-03-13,3593,力銘,TWSE,S,S0_atr14@5,5,288,0.050298,,0,0,1,-0.844,-3.797,-5.063,295.55,2.0,floor(1%×vol20),0.0,0.0,400,inf,250.0,official_prepanel,small,56.0,0,可交易（DK_s＝0）,未扣成本（成本參考：2.8 折來回約 0.38%、全額約 0.585%）；交易方法狀態未知（全額交割、變更交易方法、停止信用交易的來源未提供）；容量以 s 日 vol20 估計，未模擬開盤競價量與滑價；容量受限,未扣成本·事後欄位以 m_ 標示·非投資建議
HO,3,2024-03-12,2024-03-13,4131,浩泰,TPEx,S,S0_atr14@5,2,288,0.062229,,0,0,1,2.964,3.744,2.34,121.7,1.0,floor(1%×vol20),1.0,0.0,400,inf,250.0,official_prepanel,small,30.0,1,處置中・交易規則另案登錄（DK_s＝1）,未扣成本（成本參考：2.8 折來回約 0.38%、全額約 0.585%）；交易方法狀態未知（全額交割、變更交易方法、停止信用交易的來源未提供）；容量以 s 日 vol20 估計，未模擬開盤競價量與滑價；容量受限,未扣成本·事後欄位以 m_ 標示·非投資建議
HO,3,2024-03-12,2024-03-13,6697,東捷資訊,TPEx,S,S0_atr14@5,4,288,0.051075,,0,0,1,-1.808,1.266,-1.085,261.15,2.0,floor(1%×vol20),0.0,0.0,400,inf,250.0,official_prepanel,small,68.0,0,可交易（DK_s＝0）,未扣成本（成本參考：2.8 折來回約 0.38%、全額約 0.585%）；交易方法狀態未知（全額交割、變更交易方法、停止信用交易的來源未提供）；容量以 s 日 vol20 估計，未模擬開盤競價量與滑價；容量受限,未扣成本·事後欄位以 m_ 標示·非投資建議
HO,3,2024-03-12,2024-03-13,8067,志旭,TPEx,S,S0_atr14@5,1,288,0.070832,,0,0,1,-6.336,-5.785,0.826,129.05,1.0,floor(1%×vol20),0.0,0.0,400,inf,250.0,official_prepanel,small,36.0,0,可交易（DK_s＝0）,未扣成本（成本參考：2.8 折來回約 0.38%、全額約 0.585%）；交易方法狀態未知（全額交割、變更交易方法、停止信用交易的來源未提供）；容量以 s 日 vol20 估計，未模擬開盤競價量與滑價；容量受限,未扣成本·事後欄位以 m_ 標示·非投資建議
HO,3,2024-03-13,2024-03-14,3288,點晶,TPEx,S,S0_atr14@5,3,284,0.059036,,0,0,1,-0.952,-4.444,-10.952,162.8,1.0,floor(1%×vol20),0.0,0.0,401,inf,250.0,official_prepanel,small,25.0,0,可交易（DK_s＝0）,未扣成本（成本參考：2.8 折來回約 0.38%、全額約 0.585%）；交易方法狀態未知（全額交割、變更交易方法、停止信用交易的來源未提供）；容量以 s 日 vol20 估計，未模擬開盤競價量與滑價；容量受限,未扣成本·事後欄位以 m_ 標示·非投資建議
HO,3,2024-03-13,2024-03-14,4131,浩泰,TPEx,S,S0_atr14@5,4,284,0.058766,,0,0,1,1.085,2.946,0.775,122.35,1.0,floor(1%×vol20),1.0,0.0,401,inf,250.0,official_prepanel,small,36.0,0,處置中・交易規則另案登錄（DK_s＝1）,未扣成本（成本參考：2.8 折來回約 0.38%、全額約 0.585%）；交易方法狀態未知（全額交割、變更交易方法、停止信用交易的來源未提供）；容量以 s 日 vol20 估計，未模擬開盤競價量與滑價；容量受限,未扣成本·事後欄位以 m_ 標示·非投資建議
HO,3,2024-03-13,2024-03-14,6640,均華,TPEx,S,S0_atr14@5,1,284,0.087484,,0,0,1,2.807,25.263,36.842,248.1,2.0,floor(1%×vol20),1.0,0.0,401,inf,250.0,official_prepanel,mid,78.0,1,處置中・交易規則另案登錄（DK_s＝1）,未扣成本（成本參考：2.8 折來回約 0.38%、全額約 0.585%）；交易方法狀態未知（全額交割、變更交易方法、停止信用交易的來源未提供）；容量以 s 日 vol20 估計，未模擬開盤競價量與滑價；容量受限,未扣成本·事後欄位以 m_ 標示·非投資建議
HO,3,2024-03-13,2024-03-14,6697,東捷資訊,TPEx,S,S0_atr14@5,5,284,0.053144,,0,0,1,0.746,2.052,3.731,262.4,2.0,floor(1%×vol20),0.0,0.0,401,inf,250.0,official_prepanel,small,61.0,0,可交易（DK_s＝0）,未扣成本（成本參考：2.8 折來回約 0.38%、全額約 0.585%）；交易方法狀態未知（全額交割、變更交易方法、停止信用交易的來源未提供）；容量以 s 日 vol20 估計，未模擬開盤競價量與滑價；容量受限,未扣成本·事後欄位以 m_ 標示·非投資建議
HO,3,2024-03-13,2024-03-14,8067,志旭,TPEx,S,S0_atr14@5,2,284,0.07563,,0,0,1,-6.838,-1.14,5.698,116.2,1.0,floor(1%×vol20),0.0,0.0,401,inf,250.0,official_prepanel,small,45.0,0,可交易（DK_s＝0）,未扣成本（成本參考：2.8 折來回約 0.38%、全額約 0.585%）；交易方法狀態未知（全額交割、變更交易方法、停止信用交易的來源未提供）；容量以 s 日 vol20 估計，未模擬開盤競價量與滑價；容量受限,未扣成本·事後欄位以 m_ 標示·非投資建議
HO,3,2024-03-14,2024-03-15,1472,三洋實業,TWSE,S,S0_atr14@5,4,292,0.055622,,0,0,1,4.412,12.353,5.882,179.4,1.0,floor(1%×vol20),0.0,0.0,402,inf,250.0,official_prepanel,small,181.0,0,可交易（DK_s＝0）,未扣成本（成本參考：2.8 折來回約 0.38%、全額約 0.585%）；交易方法狀態未知（全額交割、變更交易方法、停止信用交易的來源未提供）；容量以 s 日 vol20 估計，未模擬開盤競價量與滑價；容量受限,未扣成本·事後欄位以 m_ 標示·非投資建議
HO,3,2024-03-14,2024-03-15,3288,點晶,TPEx,S,S0_atr14@5,5,292,0.053571,,0,0,1,-3.808,-1.987,-3.311,150.3,1.0,floor(1%×vol20),0.0,0.0,402,inf,250.0,official_prepanel,small,110.0,0,可交易（DK_s＝0）,未扣成本（成本參考：2.8 折來回約 0.38%、全額約 0.585%）；交易方法狀態未知（全額交割、變更交易方法、停止信用交易的來源未提供）；容量以 s 日 vol20 估計，未模擬開盤競價量與滑價；容量受限,未扣成本·事後欄位以 m_ 標示·非投資建議
HO,3,2024-03-14,2024-03-15,4131,浩泰,TPEx,S,S0_atr14@5,3,292,0.05631,,0,0,1,-3.945,-0.607,-4.401,121.55,1.0,floor(1%×vol20),0.0,0.0,402,inf,250.0,official_prepanel,small,55.0,0,可交易（DK_s＝0）,未扣成本（成本參考：2.8 折來回約 0.38%、全額約 0.585%）；交易方法狀態未知（全額交割、變更交易方法、停止信用交易的來源未提供）；容量以 s 日 vol20 估計，未模擬開盤競價量與滑價；容量受限,未扣成本·事後欄位以 m_ 標示·非投資建議
HO,3,2024-03-14,2024-03-15,6640,均華,TPEx,S,S0_atr14@5,1,292,0.08825,,0,0,1,-1.012,32.378,29.848,247.35,2.0,floor(1%×vol20),1.0,1.0,402,inf,250.0,official_prepanel,mid,58.0,1,處置中・交易規則另案登錄（DK_s＝1）,未扣成本（成本參考：2.8 折來回約 0.38%、全額約 0.585%）；交易方法狀態未知（全額交割、變更交易方法、停止信用交易的來源未提供）；容量以 s 日 vol20 估計，未模擬開盤競價量與滑價；容量受限,未扣成本·事後欄位以 m_ 標示·非投資建議
HO,3,2024-03-14,2024-03-15,8067,志旭,TPEx,S,S0_atr14@5,2,292,0.077545,,0,0,1,-2.703,5.105,9.309,103.05,1.0,floor(1%×vol20),0.0,0.0,402,inf,250.0,official_prepanel,small,9.0,0,可交易（DK_s＝0）,未扣成本（成本參考：2.8 折來回約 0.38%、全額約 0.585%）；交易方法狀態未知（全額交割、變更交易方法、停止信用交易的來源未提供）；容量以 s 日 vol20 估計，未模擬開盤競價量與滑價；容量受限,未扣成本·事後欄位以 m_ 標示·非投資建議
HO,3,2024-03-15,2024-03-18,1472,三洋實業,TWSE,S,S0_atr14@5,2,289,0.06006,,0,0,1,3.262,8.227,1.986,184.9,1.0,floor(1%×vol20),0.0,0.0,403,inf,250.0,official_prepanel,small,267.0,0,可交易（DK_s＝0）,未扣成本（成本參考：2.8 折來回約 0.38%、全額約 0.585%）；交易方法狀態未知（全額交割、變更交易方法、停止信用交易的來源未提供）；容量以 s 日 vol20 估計，未模擬開盤競價量與滑價；容量受限,未扣成本·事後欄位以 m_ 標示·非投資建議
HO,3,2024-03-15,2024-03-18,3288,點晶,TPEx,S,S0_atr14@5,4,289,0.057659,,0,0,1,4.93,3.521,-0.352,143.3,1.0,floor(1%×vol20),0.0,0.0,403,inf,250.0,official_prepanel,small,46.0,0,可交易（DK_s＝0）,未扣成本（成本參考：2.8 折來回約 0.38%、全額約 0.585%）；交易方法狀態未知（全額交割、變更交易方法、停止信用交易的來源未提供）；容量以 s 日 vol20 估計，未模擬開盤競價量與滑價；容量受限,未扣成本·事後欄位以 m_ 標示·非投資建議
HO,3,2024-03-15,2024-03-18,4131,浩泰,TPEx,S,S0_atr14@5,3,289,0.058565,,0,0,1,1.994,0.307,-3.988,119.9,1.0,floor(1%×vol20),0.0,0.0,403,inf,250.0,official_prepanel,small,26.0,0,可交易（DK_s＝0）,未扣成本（成本參考：2.8 折來回約 0.38%、全額約 0.585%）；交易方法狀態未知（全額交割、變更交易方法、停止信用交易的來源未提供）；容量以 s 日 vol20 估計，未模擬開盤競價量與滑價；容量受限,未扣成本·事後欄位以 m_ 標示·非投資建議
HO,3,2024-03-15,2024-03-18,5487,通泰,TPEx,S,S0_atr14@5,5,289,0.054839,,0,0,1,-1.459,1.459,1.135,211.3,2.0,floor(1%×vol20),0.0,0.0,403,inf,250.0,official_prepanel,small,116.0,0,可交易（DK_s＝0）,未扣成本（成本參考：2.8 折來回約 0.38%、全額約 0.585%）；交易方法狀態未知（全額交割、變更交易方法、停止信用交易的來源未提供）；容量以 s 日 vol20 估計，未模擬開盤競價量與滑價；容量受限,未扣成本·事後欄位以 m_ 標示·非投資建議
HO,3,2024-03-15,2024-03-18,6640,均華,TPEx,S,S0_atr14@5,1,289,0.084205,,0,0,1,7.5,33.5,28.167,240.85,2.0,floor(1%×vol20),1.0,1.0,403,inf,250.0,official_prepanel,mid,126.0,1,處置中・交易規則另案登錄（DK_s＝1）,未扣成本（成本參考：2.8 折來回約 0.38%、全額約 0.585%）；交易方法狀態未知（全額交割、變更交易方法、停止信用交易的來源未提供）；容量以 s 日 vol20 估計，未模擬開盤競價量與滑價；容量受限,未扣成本·事後欄位以 m_ 標示·非投資建議
HO,3,2024-03-18,2024-03-19,1472,三洋實業,TWSE,S,S0_atr14@5,1,284,0.061126,,0,0,1,1.635,3.678,-2.316,185.75,1.0,floor(1%×vol20),0.0,0.0,404,inf,250.0,official_prepanel,small,94.0,0,可交易（DK_s＝0）,未扣成本（成本參考：2.8 折來回約 0.38%、全額約 0.585%）；交易方法狀態未知（全額交割、變更交易方法、停止信用交易的來源未提供）；容量以 s 日 vol20 估計，未模擬開盤競價量與滑價；容量受限,未扣成本·事後欄位以 m_ 標示·非投資建議
HO,3,2024-03-18,2024-03-19,3288,點晶,TPEx,S,S0_atr14@5,3,284,0.057287,,0,0,1,4.576,0.0,-3.559,126.75,1.0,floor(1%×vol20),0.0,0.0,404,inf,250.0,official_prepanel,small,45.0,0,可交易（DK_s＝0）,未扣成本（成本參考：2.8 折來回約 0.38%、全額約 0.585%）；交易方法狀態未知（全額交割、變更交易方法、停止信用交易的來源未提供）；容量以 s 日 vol20 估計，未模擬開盤競價量與滑價；容量受限,未扣成本·事後欄位以 m_ 標示·非投資建議
HO,3,2024-03-18,2024-03-19,4924,欣厚-KY,TPEx,S,S0_atr14@5,4,284,0.053691,,0,0,1,-0.336,-1.342,-2.685,169.45,1.0,floor(1%×vol20),0.0,0.0,404,inf,250.0,official_prepanel,small,21.0,0,可交易（DK_s＝0）,未扣成本（成本參考：2.8 折來回約 0.38%、全額約 0.585%）；交易方法狀態未知（全額交割、變更交易方法、停止信用交易的來源未提供）；容量以 s 日 vol20 估計，未模擬開盤競價量與滑價；容量受限,未扣成本·事後欄位以 m_ 標示·非投資建議
HO,3,2024-03-18,2024-03-19,5487,通泰,TPEx,S,S0_atr14@5,2,284,0.057683,,0,0,1,0.16,-1.12,-2.24,212.1,2.0,floor(1%×vol20),0.0,0.0,404,inf,250.0,official_prepanel,small,165.0,0,可交易（DK_s＝0）,未扣成本（成本參考：2.8 折來回約 0.38%、全額約 0.585%）；交易方法狀態未知（全額交割、變更交易方法、停止信用交易的來源未提供）；容量以 s 日 vol20 估計，未模擬開盤競價量與滑價；容量受限,未扣成本·事後欄位以 m_ 標示·非投資建議
HO,3,2024-03-18,2024-03-19,6716,應廣,TPEx,S,S0_atr14@5,5,284,0.05314,,0,0,1,-0.966,-0.966,3.865,254.8,2.0,floor(1%×vol20),0.0,0.0,404,inf,250.0,official_prepanel,small,142.0,0,可交易（DK_s＝0）,未扣成本（成本參考：2.8 折來回約 0.38%、全額約 0.585%）；交易方法狀態未知（全額交割、變更交易方法、停止信用交易的來源未提供）；容量以 s 日 vol20 估計，未模擬開盤競價量與滑價；容量受限,未扣成本·事後欄位以 m_ 標示·非投資建議
HO,3,2024-03-19,2024-03-20,1472,三洋實業,TWSE,S,S0_atr14@5,2,287,0.060992,,0,0,1,2.663,0.932,-0.666,174.95,1.0,floor(1%×vol20),0.0,0.0,405,inf,250.0,official_prepanel,small,127.0,0,可交易（DK_s＝0）,未扣成本（成本參考：2.8 折來回約 0.38%、全額約 0.585%）；交易方法狀態未知（全額交割、變更交易方法、停止信用交易的來源未提供）；容量以 s 日 vol20 估計，未模擬開盤競價量與滑價；容量受限,未扣成本·事後欄位以 m_ 標示·非投資建議
HO,3,2024-03-19,2024-03-20,3288,點晶,TPEx,S,S0_atr14@5,5,287,0.054179,,0,0,1,-1.954,-8.795,-9.772,120.75,1.0,floor(1%×vol20),0.0,0.0,405,inf,250.0,official_prepanel,small,30.0,0,可交易（DK_s＝0）,未扣成本（成本參考：2.8 折來回約 0.38%、全額約 0.585%）；交易方法狀態未知（全額交割、變更交易方法、停止信用交易的來源未提供）；容量以 s 日 vol20 估計，未模擬開盤競價量與滑價；容量受限,未扣成本·事後欄位以 m_ 標示·非投資建議
HO,3,2024-03-19,2024-03-20,4924,欣厚-KY,TPEx,S,S0_atr14@5,4,287,0.055075,,0,0,1,0.69,0.345,0.0,168.7,1.0,floor(1%×vol20),0.0,0.0,405,inf,250.0,official_prepanel,small,32.0,0,可交易（DK_s＝0）,未扣成本（成本參考：2.8 折來回約 0.38%、全額約 0.585%）；交易方法狀態未知（全額交割、變更交易方法、停止信用交易的來源未提供）；容量以 s 日 vol20 估計，未模擬開盤競價量與滑價；容量受限,未扣成本·事後欄位以 m_ 標示·非投資建議
HO,3,2024-03-19,2024-03-20,5487,通泰,TPEx,S,S0_atr14@5,3,287,0.056253,,0,0,1,0.965,-2.412,-2.09,211.65,2.0,floor(1%×vol20),0.0,0.0,405,inf,250.0,official_prepanel,small,30.0,0,可交易（DK_s＝0）,未扣成本（成本參考：2.8 折來回約 0.38%、全額約 0.585%）；交易方法狀態未知（全額交割、變更交易方法、停止信用交易的來源未提供）；容量以 s 日 vol20 估計，未模擬開盤競價量與滑價；容量受限,未扣成本·事後欄位以 m_ 標示·非投資建議
HO,3,2024-03-19,2024-03-20,6640,均華,TPEx,S,S0_atr14@5,1,287,0.075242,,0,0,1,-2.725,7.629,15.259,201.0,2.0,floor(1%×vol20),1.0,1.0,405,inf,250.0,official_prepanel,mid,391.0,0,處置中・交易規則另案登錄（DK_s＝1）,未扣成本（成本參考：2.8 折來回約 0.38%、全額約 0.585%）；交易方法狀態未知（全額交割、變更交易方法、停止信用交易的來源未提供）；容量以 s 日 vol20 估計，未模擬開盤競價量與滑價；容量受限,未扣成本·事後欄位以 m_ 標示·非投資建議
HO,3,2024-03-20,2024-03-21,1472,三洋實業,TWSE,S,S0_atr14@5,2,284,0.058458,,0,0,1,-3.046,-4.061,-6.726,176.3,1.0,floor(1%×vol20),0.0,0.0,406,inf,250.0,official_prepanel,small,200.0,0,可交易（DK_s＝0）,未扣成本（成本參考：2.8 折來回約 0.38%、全額約 0.585%）；交易方法狀態未知（全額交割、變更交易方法、停止信用交易的來源未提供）；容量以 s 日 vol20 估計，未模擬開盤競價量與滑價；容量受限,未扣成本·事後欄位以 m_ 標示·非投資建議
HO,3,2024-03-20,2024-03-21,3288,點晶,TPEx,S,S0_atr14@5,4,284,0.055885,,0,0,1,0.509,-4.754,-4.924,113.4,1.0,floor(1%×vol20),0.0,0.0,406,inf,250.0,official_prepanel,small,21.0,0,可交易（DK_s＝0）,未扣成本（成本參考：2.8 折來回約 0.38%、全額約 0.585%）；交易方法狀態未知（全額交割、變更交易方法、停止信用交易的來源未提供）；容量以 s 日 vol20 估計，未模擬開盤競價量與滑價；容量受限,未扣成本·事後欄位以 m_ 標示·非投資建議
HO,3,2024-03-20,2024-03-21,4924,欣厚-KY,TPEx,S,S0_atr14@5,3,284,0.056996,,0,0,1,0.344,-0.687,1.718,165.55,1.0,floor(1%×vol20),0.0,0.0,406,inf,250.0,official_prepanel,small,17.0,0,可交易（DK_s＝0）,未扣成本（成本參考：2.8 折來回約 0.38%、全額約 0.585%）；交易方法狀態未知（全額交割、變更交易方法、停止信用交易的來源未提供）；容量以 s 日 vol20 估計，未模擬開盤競價量與滑價；容量受限,未扣成本·事後欄位以 m_ 標示·非投資建議
HO,3,2024-03-20,2024-03-21,6640,均華,TPEx,S,S0_atr14@5,1,284,0.078631,,0,0,1,12.143,11.429,24.286,194.95,1.0,floor(1%×vol20),0.0,1.0,406,inf,250.0,official_prepanel,mid,703.0,0,可交易（DK_s＝0）,未扣成本（成本參考：2.8 折來回約 0.38%、全額約 0.585%）；交易方法狀態未知（全額交割、變更交易方法、停止信用交易的來源未提供）；容量以 s 日 vol20 估計，未模擬開盤競價量與滑價；容量受限,未扣成本·事後欄位以 m_ 標示·非投資建議
HO,3,2024-03-20,2024-03-21,6716,應廣,TPEx,S,S0_atr14@5,5,284,0.053305,,0,0,1,2.941,1.961,2.451,237.4,2.0,floor(1%×vol20),0.0,0.0,406,inf,250.0,official_prepanel,small,66.0,0,可交易（DK_s＝0）,未扣成本（成本參考：2.8 折來回約 0.38%、全額約 0.585%）；交易方法狀態未知（全額交割、變更交易方法、停止信用交易的來源未提供）；容量以 s 日 vol20 估計，未模擬開盤競價量與滑價；容量受限,未扣成本·事後欄位以 m_ 標示·非投資建議
HO,3,2024-03-21,2024-03-22,1472,三洋實業,TWSE,S,S0_atr14@5,2,286,0.057685,,0,0,1,-5.569,-10.891,-10.272,181.6,1.0,floor(1%×vol20),0.0,0.0,407,inf,250.0,official_prepanel,small,83.0,0,可交易（DK_s＝0）,未扣成本（成本參考：2.8 折來回約 0.38%、全額約 0.585%）；交易方法狀態未知（全額交割、變更交易方法、停止信用交易的來源未提供）；容量以 s 日 vol20 估計，未模擬開盤競價量與滑價；容量受限,未扣成本·事後欄位以 m_ 標示·非投資建議
HO,3,2024-03-21,2024-03-22,3288,點晶,TPEx,S,S0_atr14@5,3,286,0.055623,,0,0,1,-0.676,-1.351,-8.446,106.1,1.0,floor(1%×vol20),0.0,0.0,407,inf,250.0,official_prepanel,small,33.0,0,可交易（DK_s＝0）,未扣成本（成本參考：2.8 折來回約 0.38%、全額約 0.585%）；交易方法狀態未知（全額交割、變更交易方法、停止信用交易的來源未提供）；容量以 s 日 vol20 估計，未模擬開盤競價量與滑價；容量受限,未扣成本·事後欄位以 m_ 標示·非投資建議
HO,3,2024-03-21,2024-03-22,3494,誠研,TWSE,S,S0_atr14@5,4,286,0.054348,,0,0,1,-0.901,-1.441,-6.486,146.35,1.0,floor(1%×vol20),0.0,0.0,407,inf,250.0,official_prepanel,small,107.0,0,可交易（DK_s＝0）,未扣成本（成本參考：2.8 折來回約 0.38%、全額約 0.585%）；交易方法狀態未知（全額交割、變更交易方法、停止信用交易的來源未提供）；容量以 s 日 vol20 估計，未模擬開盤競價量與滑價；容量受限,未扣成本·事後欄位以 m_ 標示·非投資建議
HO,3,2024-03-21,2024-03-22,5701,劍湖山,TPEx,S,S0_atr14@5,5,286,0.053902,,0,0,1,3.03,-0.891,0.0,104.1,1.0,floor(1%×vol20),0.0,0.0,407,inf,250.0,official_prepanel,small,45.0,0,可交易（DK_s＝0）,未扣成本（成本參考：2.8 折來回約 0.38%、全額約 0.585%）；交易方法狀態未知（全額交割、變更交易方法、停止信用交易的來源未提供）；容量以 s 日 vol20 估計，未模擬開盤競價量與滑價；容量受限,未扣成本·事後欄位以 m_ 標示·非投資建議
HO,3,2024-03-21,2024-03-22,8423,保綠-KY,TPEx,S,S0_atr14@5,1,286,0.076923,,0,0,1,3.8,-10.4,-10.0,196.65,1.0,floor(1%×vol20),0.0,0.0,407,inf,250.0,official_prepanel,small,66.0,0,可交易（DK_s＝0）,未扣成本（成本參考：2.8 折來回約 0.38%、全額約 0.585%）；交易方法狀態未知（全額交割、變更交易方法、停止信用交易的來源未提供）；容量以 s 日 vol20 估計，未模擬開盤競價量與滑價；容量受限,未扣成本·事後欄位以 m_ 標示·非投資建議
HO,3,2024-03-22,2024-03-25,4943,康控-KY,TWSE,S,S0_atr14@5,3,287,0.068182,,0,0,1,0.692,-15.744,-28.201,231.85,2.0,floor(1%×vol20),1.0,0.0,408,inf,250.0,official_prepanel,small,266.0,0,處置中・交易規則另案登錄（DK_s＝1）,未扣成本（成本參考：2.8 折來回約 0.38%、全額約 0.585%）；交易方法狀態未知（全額交割、變更交易方法、停止信用交易的來源未提供）；容量以 s 日 vol20 估計，未模擬開盤競價量與滑價；容量受限,未扣成本·事後欄位以 m_ 標示·非投資建議
HO,3,2024-03-22,2024-03-25,5701,劍湖山,TPEx,S,S0_atr14@5,5,287,0.056846,,0,0,1,-0.519,-0.865,-6.228,103.05,1.0,floor(1%×vol20),0.0,0.0,408,inf,250.0,official_prepanel,small,33.0,0,可交易（DK_s＝0）,未扣成本（成本參考：2.8 折來回約 0.38%、全額約 0.585%）；交易方法狀態未知（全額交割、變更交易方法、停止信用交易的來源未提供）；容量以 s 日 vol20 估計，未模擬開盤競價量與滑價；容量受限,未扣成本·事後欄位以 m_ 標示·非投資建議
HO,3,2024-03-22,2024-03-25,6640,均華,TPEx,S,S0_atr14@5,2,287,0.077582,,0,0,1,3.755,-3.755,1.377,223.25,2.0,floor(1%×vol20),0.0,1.0,408,inf,250.0,official_prepanel,mid,374.0,0,可交易（DK_s＝0）,未扣成本（成本參考：2.8 折來回約 0.38%、全額約 0.585%）；交易方法狀態未知（全額交割、變更交易方法、停止信用交易的來源未提供）；容量以 s 日 vol20 估計，未模擬開盤競價量與滑價；容量受限,未扣成本·事後欄位以 m_ 標示·非投資建議
HO,3,2024-03-22,2024-03-25,8080,泰霖,TPEx,S,S0_atr14@5,4,287,0.061641,,0,0,1,-1.458,0.0,-4.665,222.55,2.0,floor(1%×vol20),0.0,0.0,408,inf,250.0,official_prepanel,small,90.0,0,可交易（DK_s＝0）,未扣成本（成本參考：2.8 折來回約 0.38%、全額約 0.585%）；交易方法狀態未知（全額交割、變更交易方法、停止信用交易的來源未提供）；容量以 s 日 vol20 估計，未模擬開盤競價量與滑價；容量受限,未扣成本·事後欄位以 m_ 標示·非投資建議
HO,3,2024-03-22,2024-03-25,8423,保綠-KY,TPEx,S,S0_atr14@5,1,287,0.0812,,0,0,1,-1.152,-9.021,-12.668,198.65,1.0,floor(1%×vol20),0.0,0.0,408,inf,250.0,official_prepanel,small,75.0,0,可交易（DK_s＝0）,未扣成本（成本參考：2.8 折來回約 0.38%、全額約 0.585%）；交易方法狀態未知（全額交割、變更交易方法、停止信用交易的來源未提供）；容量以 s 日 vol20 估計，未模擬開盤競價量與滑價；容量受限,未扣成本·事後欄位以 m_ 標示·非投資建議
HO,3,2024-03-25,2024-03-26,3494,誠研,TWSE,S,S0_atr14@5,5,284,0.054731,,0,0,1,-0.189,3.019,-3.396,136.65,1.0,floor(1%×vol20),0.0,0.0,409,inf,250.0,official_prepanel,small,228.0,0,可交易（DK_s＝0）,未扣成本（成本參考：2.8 折來回約 0.38%、全額約 0.585%）；交易方法狀態未知（全額交割、變更交易方法、停止信用交易的來源未提供）；容量以 s 日 vol20 估計，未模擬開盤競價量與滑價；容量受限,未扣成本·事後欄位以 m_ 標示·非投資建議
HO,3,2024-03-25,2024-03-26,4943,康控-KY,TWSE,S,S0_atr14@5,3,284,0.066028,,0,0,1,-3.237,-17.206,-26.746,243.3,2.0,floor(1%×vol20),0.0,0.0,409,inf,250.0,official_prepanel,small,135.0,0,可交易（DK_s＝0）,未扣成本（成本參考：2.8 折來回約 0.38%、全額約 0.585%）；交易方法狀態未知（全額交割、變更交易方法、停止信用交易的來源未提供）；容量以 s 日 vol20 估計，未模擬開盤競價量與滑價；容量受限,未扣成本·事後欄位以 m_ 標示·非投資建議
HO,3,2024-03-25,2024-03-26,6640,均華,TPEx,S,S0_atr14@5,2,284,0.077115,,0,0,1,2.199,7.374,14.101,234.15,2.0,floor(1%×vol20),0.0,2.0,409,inf,250.0,official_prepanel,mid,109.0,1,可交易（DK_s＝0）,未扣成本（成本參考：2.8 折來回約 0.38%、全額約 0.585%）；交易方法狀態未知（全額交割、變更交易方法、停止信用交易的來源未提供）；容量以 s 日 vol20 估計，未模擬開盤競價量與滑價；容量受限,未扣成本·事後欄位以 m_ 標示·非投資建議
HO,3,2024-03-25,2024-03-26,8080,泰霖,TPEx,S,S0_atr14@5,4,284,0.063398,,0,0,1,-0.862,-2.586,-6.897,223.15,2.0,floor(1%×vol20),0.0,0.0,409,inf,250.0,official_prepanel,small,74.0,0,可交易（DK_s＝0）,未扣成本（成本參考：2.8 折來回約 0.38%、全額約 0.585%）；交易方法狀態未知（全額交割、變更交易方法、停止信用交易的來源未提供）；容量以 s 日 vol20 估計，未模擬開盤競價量與滑價；容量受限,未扣成本·事後欄位以 m_ 標示·非投資建議
HO,3,2024-03-25,2024-03-26,8423,保綠-KY,TPEx,S,S0_atr14@5,1,284,0.077393,,0,0,1,-0.962,-11.923,-12.5,200.65,2.0,floor(1%×vol20),0.0,0.0,409,inf,250.0,official_prepanel,small,58.0,0,可交易（DK_s＝0）,未扣成本（成本參考：2.8 折來回約 0.38%、全額約 0.585%）；交易方法狀態未知（全額交割、變更交易方法、停止信用交易的來源未提供）；容量以 s 日 vol20 估計，未模擬開盤競價量與滑價；容量受限,未扣成本·事後欄位以 m_ 標示·非投資建議
HO,3,2024-03-26,2024-03-27,3494,誠研,TWSE,S,S0_atr14@5,5,281,0.056036,,0,0,1,0.0,-0.185,-3.704,138.4,1.0,floor(1%×vol20),0.0,0.0,410,inf,250.0,official_prepanel,small,203.0,0,可交易（DK_s＝0）,未扣成本（成本參考：2.8 折來回約 0.38%、全額約 0.585%）；交易方法狀態未知（全額交割、變更交易方法、停止信用交易的來源未提供）；容量以 s 日 vol20 估計，未模擬開盤競價量與滑價；容量受限,未扣成本·事後欄位以 m_ 標示·非投資建議
HO,3,2024-03-26,2024-03-27,4943,康控-KY,TWSE,S,S0_atr14@5,3,281,0.065895,,0,0,1,-2.439,-15.157,-21.951,246.85,2.0,floor(1%×vol20),0.0,0.0,410,inf,250.0,official_prepanel,small,94.0,0,可交易（DK_s＝0）,未扣成本（成本參考：2.8 折來回約 0.38%、全額約 0.585%）；交易方法狀態未知（全額交割、變更交易方法、停止信用交易的來源未提供）；容量以 s 日 vol20 估計，未模擬開盤競價量與滑價；容量受限,未扣成本·事後欄位以 m_ 標示·非投資建議
HO,3,2024-03-26,2024-03-27,6640,均華,TPEx,S,S0_atr14@5,1,281,0.078662,,0,0,1,-1.141,7.224,5.577,228.5,2.0,floor(1%×vol20),1.0,3.0,410,inf,250.0,official_prepanel,mid,84.0,1,處置中・交易規則另案登錄（DK_s＝1）,未扣成本（成本參考：2.8 折來回約 0.38%、全額約 0.585%）；交易方法狀態未知（全額交割、變更交易方法、停止信用交易的來源未提供）；容量以 s 日 vol20 估計，未模擬開盤競價量與滑價；容量受限,未扣成本·事後欄位以 m_ 標示·非投資建議
HO,3,2024-03-26,2024-03-27,8080,泰霖,TPEx,S,S0_atr14@5,4,281,0.059006,,0,0,1,-4.324,-8.649,-14.865,225.35,2.0,floor(1%×vol20),0.0,0.0,410,inf,250.0,official_prepanel,small,30.0,0,可交易（DK_s＝0）,未扣成本（成本參考：2.8 折來回約 0.38%、全額約 0.585%）；交易方法狀態未知（全額交割、變更交易方法、停止信用交易的來源未提供）；容量以 s 日 vol20 估計，未模擬開盤競價量與滑價；容量受限,未扣成本·事後欄位以 m_ 標示·非投資建議
HO,3,2024-03-26,2024-03-27,8423,保綠-KY,TPEx,S,S0_atr14@5,2,281,0.071012,,0,0,1,-1.483,-2.754,-3.602,194.55,1.0,floor(1%×vol20),0.0,0.0,410,inf,250.0,official_prepanel,small,808.0,0,可交易（DK_s＝0）,未扣成本（成本參考：2.8 折來回約 0.38%、全額約 0.585%）；交易方法狀態未知（全額交割、變更交易方法、停止信用交易的來源未提供）；容量以 s 日 vol20 估計，未模擬開盤競價量與滑價；容量受限,未扣成本·事後欄位以 m_ 標示·非投資建議
HO,3,2024-03-27,2024-03-28,3494,誠研,TWSE,S,S0_atr14@5,4,284,0.055423,,0,0,1,1.484,-0.742,-0.742,145.4,1.0,floor(1%×vol20),0.0,0.0,411,inf,250.0,official_prepanel,small,88.0,0,可交易（DK_s＝0）,未扣成本（成本參考：2.8 折來回約 0.38%、全額約 0.585%）；交易方法狀態未知（全額交割、變更交易方法、停止信用交易的來源未提供）；容量以 s 日 vol20 估計，未模擬開盤競價量與滑價；容量受限,未扣成本·事後欄位以 m_ 標示·非投資建議
HO,3,2024-03-27,2024-03-28,4943,康控-KY,TWSE,S,S0_atr14@5,3,284,0.063393,,0,0,1,-1.097,-13.711,-19.561,250.05,2.0,floor(1%×vol20),0.0,0.0,411,inf,250.0,official_prepanel,small,89.0,0,可交易（DK_s＝0）,未扣成本（成本參考：2.8 折來回約 0.38%、全額約 0.585%）；交易方法狀態未知（全額交割、變更交易方法、停止信用交易的來源未提供）；容量以 s 日 vol20 估計，未模擬開盤競價量與滑價；容量受限,未扣成本·事後欄位以 m_ 標示·非投資建議
HO,3,2024-03-27,2024-03-28,6640,均華,TPEx,S,S0_atr14@5,1,284,0.077747,,0,0,1,-2.655,9.987,15.803,216.7,2.0,floor(1%×vol20),1.0,3.0,411,inf,250.0,official_prepanel,mid,92.0,1,處置中・交易規則另案登錄（DK_s＝1）,未扣成本（成本參考：2.8 折來回約 0.38%、全額約 0.585%）；交易方法狀態未知（全額交割、變更交易方法、停止信用交易的來源未提供）；容量以 s 日 vol20 估計，未模擬開盤競價量與滑價；容量受限,未扣成本·事後欄位以 m_ 標示·非投資建議
HO,3,2024-03-27,2024-03-28,8080,泰霖,TPEx,S,S0_atr14@5,5,284,0.055085,,0,0,1,-0.284,-4.261,-13.636,224.35,2.0,floor(1%×vol20),0.0,0.0,411,inf,250.0,official_prepanel,small,35.0,0,可交易（DK_s＝0）,未扣成本（成本參考：2.8 折來回約 0.38%、全額約 0.585%）；交易方法狀態未知（全額交割、變更交易方法、停止信用交易的來源未提供）；容量以 s 日 vol20 估計，未模擬開盤競價量與滑價；容量受限,未扣成本·事後欄位以 m_ 標示·非投資建議
HO,3,2024-03-27,2024-03-28,8423,保綠-KY,TPEx,S,S0_atr14@5,2,284,0.077573,,0,0,1,-3.448,-3.664,-2.155,233.85,2.0,floor(1%×vol20),0.0,0.0,411,inf,250.0,official_prepanel,small,359.0,0,可交易（DK_s＝0）,未扣成本（成本參考：2.8 折來回約 0.38%、全額約 0.585%）；交易方法狀態未知（全額交割、變更交易方法、停止信用交易的來源未提供）；容量以 s 日 vol20 估計，未模擬開盤競價量與滑價；容量受限,未扣成本·事後欄位以 m_ 標示·非投資建議
HO,3,2024-03-28,2024-03-29,3494,誠研,TWSE,S,S0_atr14@5,5,283,0.053931,,0,0,1,-3.369,-7.979,-7.447,146.15,1.0,floor(1%×vol20),0.0,0.0,412,inf,250.0,official_prepanel,small,64.0,0,可交易（DK_s＝0）,未扣成本（成本參考：2.8 折來回約 0.38%、全額約 0.585%）；交易方法狀態未知（全額交割、變更交易方法、停止信用交易的來源未提供）；容量以 s 日 vol20 估計，未模擬開盤競價量與滑價；容量受限,未扣成本·事後欄位以 m_ 標示·非投資建議
HO,3,2024-03-28,2024-03-29,4905,台聯電,TPEx,S,S0_atr14@5,3,283,0.06353,,0,0,1,-1.059,5.882,10.471,182.6,1.0,floor(1%×vol20),0.0,0.0,412,inf,250.0,official_prepanel,small,66.0,0,可交易（DK_s＝0）,未扣成本（成本參考：2.8 折來回約 0.38%、全額約 0.585%）；交易方法狀態未知（全額交割、變更交易方法、停止信用交易的來源未提供）；容量以 s 日 vol20 估計，未模擬開盤競價量與滑價；容量受限,未扣成本·事後欄位以 m_ 標示·非投資建議
HO,3,2024-03-28,2024-03-29,4943,康控-KY,TWSE,S,S0_atr14@5,4,283,0.062054,,0,0,1,-4.134,-16.339,-18.11,251.6,2.0,floor(1%×vol20),0.0,0.0,412,inf,250.0,official_prepanel,small,298.0,0,可交易（DK_s＝0）,未扣成本（成本參考：2.8 折來回約 0.38%、全額約 0.585%）；交易方法狀態未知（全額交割、變更交易方法、停止信用交易的來源未提供）；容量以 s 日 vol20 估計，未模擬開盤競價量與滑價；容量受限,未扣成本·事後欄位以 m_ 標示·非投資建議
HO,3,2024-03-28,2024-03-29,6640,均華,TPEx,S,S0_atr14@5,1,283,0.074954,,0,0,1,-0.646,5.426,23.773,213.4,2.0,floor(1%×vol20),1.0,3.0,412,inf,250.0,official_prepanel,mid,71.0,1,處置中・交易規則另案登錄（DK_s＝1）,未扣成本（成本參考：2.8 折來回約 0.38%、全額約 0.585%）；交易方法狀態未知（全額交割、變更交易方法、停止信用交易的來源未提供）；容量以 s 日 vol20 估計，未模擬開盤競價量與滑價；容量受限,未扣成本·事後欄位以 m_ 標示·非投資建議
HO,3,2024-03-28,2024-03-29,8423,保綠-KY,TPEx,S,S0_atr14@5,2,283,0.073023,,0,0,1,5.804,0.446,-0.67,251.25,2.0,floor(1%×vol20),0.0,0.0,412,inf,250.0,official_prepanel,small,454.0,0,可交易（DK_s＝0）,未扣成本（成本參考：2.8 折來回約 0.38%、全額約 0.585%）；交易方法狀態未知（全額交割、變更交易方法、停止信用交易的來源未提供）；容量以 s 日 vol20 估計，未模擬開盤競價量與滑價；容量受限,未扣成本·事後欄位以 m_ 標示·非投資建議
HO,3,2024-03-29,2024-04-01,3494,誠研,TWSE,S,S0_atr14@5,5,284,0.056488,,0,0,1,-0.546,-6.74,-6.193,148.15,1.0,floor(1%×vol20),0.0,0.0,413,inf,250.0,official_prepanel,small,50.0,0,可交易（DK_s＝0）,未扣成本（成本參考：2.8 折來回約 0.38%、全額約 0.585%）；交易方法狀態未知（全額交割、變更交易方法、停止信用交易的來源未提供）；容量以 s 日 vol20 估計，未模擬開盤競價量與滑價；容量受限,未扣成本·事後欄位以 m_ 標示·非投資建議
HO,3,2024-03-29,2024-04-01,4905,台聯電,TPEx,S,S0_atr14@5,4,284,0.0575,,0,0,1,2.491,7.117,5.575,185.05,1.0,floor(1%×vol20),0.0,0.0,413,inf,250.0,official_prepanel,small,67.0,0,可交易（DK_s＝0）,未扣成本（成本參考：2.8 折來回約 0.38%、全額約 0.585%）；交易方法狀態未知（全額交割、變更交易方法、停止信用交易的來源未提供）；容量以 s 日 vol20 估計，未模擬開盤競價量與滑價；容量受限,未扣成本·事後欄位以 m_ 標示·非投資建議
HO,3,2024-03-29,2024-04-01,4943,康控-KY,TWSE,S,S0_atr14@5,1,284,0.071722,,0,0,1,-1.42,-15.822,-18.864,260.45,2.0,floor(1%×vol20),0.0,0.0,413,inf,250.0,official_prepanel,small,86.0,0,可交易（DK_s＝0）,未扣成本（成本參考：2.8 折來回約 0.38%、全額約 0.585%）；交易方法狀態未知（全額交割、變更交易方法、停止信用交易的來源未提供）；容量以 s 日 vol20 估計，未模擬開盤競價量與滑價；容量受限,未扣成本·事後欄位以 m_ 標示·非投資建議
HO,3,2024-03-29,2024-04-01,6640,均華,TPEx,S,S0_atr14@5,2,284,0.070221,,0,0,1,4.141,1.631,15.433,209.7,2.0,floor(1%×vol20),1.0,2.0,413,inf,250.0,official_prepanel,mid,278.0,1,處置中・交易規則另案登錄（DK_s＝1）,未扣成本（成本參考：2.8 折來回約 0.38%、全額約 0.585%）；交易方法狀態未知（全額交割、變更交易方法、停止信用交易的來源未提供）；容量以 s 日 vol20 估計，未模擬開盤競價量與滑價；容量受限,未扣成本·事後欄位以 m_ 標示·非投資建議
HO,3,2024-03-29,2024-04-01,8423,保綠-KY,TPEx,S,S0_atr14@5,3,284,0.070072,,0,0,1,-1.717,-2.361,-10.086,271.05,2.0,floor(1%×vol20),0.0,0.0,413,inf,250.0,official_prepanel,small,287.0,0,可交易（DK_s＝0）,未扣成本（成本參考：2.8 折來回約 0.38%、全額約 0.585%）；交易方法狀態未知（全額交割、變更交易方法、停止信用交易的來源未提供）；容量以 s 日 vol20 估計，未模擬開盤競價量與滑價；容量受限,未扣成本·事後欄位以 m_ 標示·非投資建議
HO,4,2024-04-01,2024-04-02,3494,誠研,TWSE,S,S0_atr14@5,4,295,0.052721,,0,0,1,-1.821,-6.74,-4.372,145.7,1.0,floor(1%×vol20),0.0,0.0,414,inf,250.0,official_prepanel,small,87.0,0,可交易（DK_s＝0）,未扣成本（成本參考：2.8 折來回約 0.38%、全額約 0.585%）；交易方法狀態未知（全額交割、變更交易方法、停止信用交易的來源未提供）；容量以 s 日 vol20 估計，未模擬開盤競價量與滑價；容量受限,未扣成本·事後欄位以 m_ 標示·非投資建議
HO,4,2024-04-01,2024-04-02,4943,康控-KY,TWSE,S,S0_atr14@5,2,295,0.068636,,0,0,1,-4.322,-15.521,-15.717,257.15,2.0,floor(1%×vol20),0.0,0.0,414,inf,250.0,official_prepanel,small,76.0,0,可交易（DK_s＝0）,未扣成本（成本參考：2.8 折來回約 0.38%、全額約 0.585%）；交易方法狀態未知（全額交割、變更交易方法、停止信用交易的來源未提供）；容量以 s 日 vol20 估計，未模擬開盤競價量與滑價；容量受限,未扣成本·事後欄位以 m_ 標示·非投資建議
HO,4,2024-04-01,2024-04-02,6431,光麗-KY,TWSE,S,S0_atr14@5,5,295,0.052632,,0,0,1,-4.016,-6.426,3.213,115.2,1.0,floor(1%×vol20),0.0,0.0,414,inf,250.0,official_prepanel,small,164.0,0,可交易（DK_s＝0）,未扣成本（成本參考：2.8 折來回約 0.38%、全額約 0.585%）；交易方法狀態未知（全額交割、變更交易方法、停止信用交易的來源未提供）；容量以 s 日 vol20 估計，未模擬開盤競價量與滑價；容量受限,未扣成本·事後欄位以 m_ 標示·非投資建議
HO,4,2024-04-01,2024-04-02,6640,均華,TPEx,S,S0_atr14@5,3,295,0.06747,,0,0,1,0.714,5.0,13.81,212.2,2.0,floor(1%×vol20),1.0,1.0,414,inf,250.0,official_prepanel,mid,227.0,1,處置中・交易規則另案登錄（DK_s＝1）,未扣成本（成本參考：2.8 折來回約 0.38%、全額約 0.585%）；交易方法狀態未知（全額交割、變更交易方法、停止信用交易的來源未提供）；容量以 s 日 vol20 估計，未模擬開盤競價量與滑價；容量受限,未扣成本·事後欄位以 m_ 標示·非投資建議
HO,4,2024-04-01,2024-04-02,8423,保綠-KY,TPEx,S,S0_atr14@5,1,295,0.073144,,0,0,1,0.658,-0.219,-4.167,272.5,2.0,floor(1%×vol20),0.0,0.0,414,inf,250.0,official_prepanel,small,192.0,0,可交易（DK_s＝0）,未扣成本（成本參考：2.8 折來回約 0.38%、全額約 0.585%）；交易方法狀態未知（全額交割、變更交易方法、停止信用交易的來源未提供）；容量以 s 日 vol20 估計，未模擬開盤競價量與滑價；容量受限,未扣成本·事後欄位以 m_ 標示·非投資建議
HO,4,2024-04-02,2024-04-03,3494,誠研,TWSE,S,S0_atr14@5,5,303,0.052743,,0,0,1,-2.55,-5.282,-6.74,145.95,1.0,floor(1%×vol20),0.0,0.0,415,inf,250.0,official_prepanel,small,85.0,0,可交易（DK_s＝0）,未扣成本（成本參考：2.8 折來回約 0.38%、全額約 0.585%）；交易方法狀態未知（全額交割、變更交易方法、停止信用交易的來源未提供）；容量以 s 日 vol20 估計，未模擬開盤競價量與滑價；容量受限,未扣成本·事後欄位以 m_ 標示·非投資建議
HO,4,2024-04-02,2024-04-03,4943,康控-KY,TWSE,S,S0_atr14@5,3,303,0.064095,,0,0,1,-2.881,-7.819,-10.288,252.6,2.0,floor(1%×vol20),0.0,0.0,415,inf,250.0,official_prepanel,small,45.0,0,可交易（DK_s＝0）,未扣成本（成本參考：2.8 折來回約 0.38%、全額約 0.585%）；交易方法狀態未知（全額交割、變更交易方法、停止信用交易的來源未提供）；容量以 s 日 vol20 估計，未模擬開盤競價量與滑價；容量受限,未扣成本·事後欄位以 m_ 標示·非投資建議
HO,4,2024-04-02,2024-04-03,6431,光麗-KY,TWSE,S,S0_atr14@5,4,303,0.054692,,0,0,1,-2.041,4.49,6.531,120.7,1.0,floor(1%×vol20),0.0,0.0,415,inf,250.0,official_prepanel,small,69.0,0,可交易（DK_s＝0）,未扣成本（成本參考：2.8 折來回約 0.38%、全額約 0.585%）；交易方法狀態未知（全額交割、變更交易方法、停止信用交易的來源未提供）；容量以 s 日 vol20 估計，未模擬開盤競價量與滑價；容量受限,未扣成本·事後欄位以 m_ 標示·非投資建議
HO,4,2024-04-02,2024-04-03,6640,均華,TPEx,S,S0_atr14@5,2,303,0.065181,,0,0,1,6.098,1.585,13.78,215.4,2.0,floor(1%×vol20),1.0,0.0,415,inf,250.0,official_prepanel,mid,101.0,1,處置中・交易規則另案登錄（DK_s＝1）,未扣成本（成本參考：2.8 折來回約 0.38%、全額約 0.585%）；交易方法狀態未知（全額交割、變更交易方法、停止信用交易的來源未提供）；容量以 s 日 vol20 估計，未模擬開盤競價量與滑價；容量受限,未扣成本·事後欄位以 m_ 標示·非投資建議
HO,4,2024-04-02,2024-04-03,8423,保綠-KY,TPEx,S,S0_atr14@5,1,303,0.071584,,0,0,1,-2.402,-0.655,-5.895,259.6,2.0,floor(1%×vol20),0.0,0.0,415,inf,250.0,official_prepanel,small,219.0,0,可交易（DK_s＝0）,未扣成本（成本參考：2.8 折來回約 0.38%、全額約 0.585%）；交易方法狀態未知（全額交割、變更交易方法、停止信用交易的來源未提供）；容量以 s 日 vol20 估計，未模擬開盤競價量與滑價；容量受限,未扣成本·事後欄位以 m_ 標示·非投資建議
HO,4,2024-04-03,2024-04-08,3494,誠研,TWSE,S,S0_atr14@5,4,315,0.053271,,0,0,1,-2.809,0.187,-4.869,144.2,1.0,floor(1%×vol20),0.0,0.0,416,inf,250.0,official_prepanel,small,126.0,0,可交易（DK_s＝0）,未扣成本（成本參考：2.8 折來回約 0.38%、全額約 0.585%）；交易方法狀態未知（全額交割、變更交易方法、停止信用交易的來源未提供）；容量以 s 日 vol20 估計，未模擬開盤競價量與滑價；容量受限,未扣成本·事後欄位以 m_ 標示·非投資建議
HO,4,2024-04-03,2024-04-08,4943,康控-KY,TWSE,S,S0_atr14@5,3,315,0.060533,,0,0,1,-5.973,-2.655,-1.327,245.85,2.0,floor(1%×vol20),0.0,0.0,416,inf,250.0,official_prepanel,small,259.0,0,可交易（DK_s＝0）,未扣成本（成本參考：2.8 折來回約 0.38%、全額約 0.585%）；交易方法狀態未知（全額交割、變更交易方法、停止信用交易的來源未提供）；容量以 s 日 vol20 估計，未模擬開盤競價量與滑價；容量受限,未扣成本·事後欄位以 m_ 標示·非投資建議
HO,4,2024-04-03,2024-04-08,6431,光麗-KY,TWSE,S,S0_atr14@5,5,315,0.052976,,0,0,1,-10.0,17.083,0.833,122.85,1.0,floor(1%×vol20),0.0,0.0,416,inf,250.0,official_prepanel,small,440.0,0,可交易（DK_s＝0）,未扣成本（成本參考：2.8 折來回約 0.38%、全額約 0.585%）；交易方法狀態未知（全額交割、變更交易方法、停止信用交易的來源未提供）；容量以 s 日 vol20 估計，未模擬開盤競價量與滑價；容量受限,未扣成本·事後欄位以 m_ 標示·非投資建議
HO,4,2024-04-03,2024-04-08,6640,均華,TPEx,S,S0_atr14@5,2,315,0.063218,,0,0,1,-6.207,5.287,-3.333,213.4,2.0,floor(1%×vol20),1.0,0.0,416,inf,250.0,official_prepanel,mid,89.0,1,處置中・交易規則另案登錄（DK_s＝1）,未扣成本（成本參考：2.8 折來回約 0.38%、全額約 0.585%）；交易方法狀態未知（全額交割、變更交易方法、停止信用交易的來源未提供）；容量以 s 日 vol20 估計，未模擬開盤競價量與滑價；容量受限,未扣成本·事後欄位以 m_ 標示·非投資建議
HO,4,2024-04-03,2024-04-08,8423,保綠-KY,TPEx,S,S0_atr14@5,1,315,0.071429,,0,0,1,0.446,1.339,-6.25,251.6,2.0,floor(1%×vol20),0.0,0.0,416,inf,250.0,official_prepanel,small,96.0,0,可交易（DK_s＝0）,未扣成本（成本參考：2.8 折來回約 0.38%、全額約 0.585%）；交易方法狀態未知（全額交割、變更交易方法、停止信用交易的來源未提供）；容量以 s 日 vol20 估計，未模擬開盤競價量與滑價；容量受限,未扣成本·事後欄位以 m_ 標示·非投資建議
HO,4,2024-04-08,2024-04-09,3494,誠研,TWSE,S,S0_atr14@5,5,324,0.050922,,0,0,1,-5.709,-3.867,-7.919,141.7,1.0,floor(1%×vol20),0.0,0.0,417,inf,250.0,official_prepanel,small,192.0,0,可交易（DK_s＝0）,未扣成本（成本參考：2.8 折來回約 0.38%、全額約 0.585%）；交易方法狀態未知（全額交割、變更交易方法、停止信用交易的來源未提供）；容量以 s 日 vol20 估計，未模擬開盤競價量與滑價；容量受限,未扣成本·事後欄位以 m_ 標示·非投資建議
HO,4,2024-04-08,2024-04-09,4943,康控-KY,TWSE,S,S0_atr14@5,1,324,0.072101,,0,0,1,0.728,0.971,4.612,214.35,2.0,floor(1%×vol20),0.0,0.0,417,inf,250.0,official_prepanel,small,95.0,0,可交易（DK_s＝0）,未扣成本（成本參考：2.8 折來回約 0.38%、全額約 0.585%）；交易方法狀態未知（全額交割、變更交易方法、停止信用交易的來源未提供）；容量以 s 日 vol20 估計，未模擬開盤競價量與滑價；容量受限,未扣成本·事後欄位以 m_ 標示·非投資建議
HO,4,2024-04-08,2024-04-09,6431,光麗-KY,TWSE,S,S0_atr14@5,4,324,0.0625,,0,0,1,-1.852,35.185,11.111,143.1,1.0,floor(1%×vol20),0.0,0.0,417,inf,250.0,official_prepanel,small,258.0,0,可交易（DK_s＝0）,未扣成本（成本參考：2.8 折來回約 0.38%、全額約 0.585%）；交易方法狀態未知（全額交割、變更交易方法、停止信用交易的來源未提供）；容量以 s 日 vol20 估計，未模擬開盤競價量與滑價；容量受限,未扣成本·事後欄位以 m_ 標示·非投資建議
HO,4,2024-04-08,2024-04-09,6640,均華,TPEx,S,S0_atr14@5,2,324,0.070728,,0,0,1,-0.735,17.402,-7.23,212.65,2.0,floor(1%×vol20),1.0,0.0,417,inf,250.0,official_prepanel,mid,118.0,1,處置中・交易規則另案登錄（DK_s＝1）,未扣成本（成本參考：2.8 折來回約 0.38%、全額約 0.585%）；交易方法狀態未知（全額交割、變更交易方法、停止信用交易的來源未提供）；容量以 s 日 vol20 估計，未模擬開盤競價量與滑價；容量受限,未扣成本·事後欄位以 m_ 標示·非投資建議
HO,4,2024-04-08,2024-04-09,8423,保綠-KY,TPEx,S,S0_atr14@5,3,324,0.067302,,0,0,1,-1.087,-3.261,-9.565,212.65,2.0,floor(1%×vol20),0.0,0.0,417,inf,250.0,official_prepanel,small,76.0,0,可交易（DK_s＝0）,未扣成本（成本參考：2.8 折來回約 0.38%、全額約 0.585%）；交易方法狀態未知（全額交割、變更交易方法、停止信用交易的來源未提供）；容量以 s 日 vol20 估計，未模擬開盤競價量與滑價；容量受限,未扣成本·事後欄位以 m_ 標示·非投資建議
HO,4,2024-04-09,2024-04-10,3494,誠研,TWSE,S,S0_atr14@5,5,329,0.049944,,0,0,1,0.0,0.586,1.367,146.7,1.0,floor(1%×vol20),0.0,0.0,418,inf,250.0,official_prepanel,small,156.0,0,可交易（DK_s＝0）,未扣成本（成本參考：2.8 折來回約 0.38%、全額約 0.585%）；交易方法狀態未知（全額交割、變更交易方法、停止信用交易的來源未提供）；容量以 s 日 vol20 估計，未模擬開盤競價量與滑價；容量受限,未扣成本·事後欄位以 m_ 標示·非投資建議
HO,4,2024-04-09,2024-04-10,4943,康控-KY,TWSE,S,S0_atr14@5,1,329,0.070568,,0,0,1,-1.376,-8.257,-4.587,181.7,1.0,floor(1%×vol20),0.0,0.0,418,inf,250.0,official_prepanel,small,67.0,0,可交易（DK_s＝0）,未扣成本（成本參考：2.8 折來回約 0.38%、全額約 0.585%）；交易方法狀態未知（全額交割、變更交易方法、停止信用交易的來源未提供）；容量以 s 日 vol20 估計，未模擬開盤競價量與滑價；容量受限,未扣成本·事後欄位以 m_ 標示·非投資建議
HO,4,2024-04-09,2024-04-10,6431,光麗-KY,TWSE,S,S0_atr14@5,4,329,0.062332,,1,0,1,9.39,23.944,14.085,152.75,1.0,floor(1%×vol20),0.0,0.0,418,inf,250.0,official_prepanel,small,564.0,0,可交易（DK_s＝0）,未扣成本（成本參考：2.8 折來回約 0.38%、全額約 0.585%）；交易方法狀態未知（全額交割、變更交易方法、停止信用交易的來源未提供）；容量以 s 日 vol20 估計，未模擬開盤競價量與滑價；容量受限,未扣成本·事後欄位以 m_ 標示·非投資建議
HO,4,2024-04-09,2024-04-10,6640,均華,TPEx,S,S0_atr14@5,2,329,0.066931,,0,0,1,9.158,13.861,-9.406,210.25,2.0,floor(1%×vol20),1.0,0.0,418,inf,250.0,official_prepanel,mid,134.0,1,處置中・交易規則另案登錄（DK_s＝1）,未扣成本（成本參考：2.8 折來回約 0.38%、全額約 0.585%）；交易方法狀態未知（全額交割、變更交易方法、停止信用交易的來源未提供）；容量以 s 日 vol20 估計，未模擬開盤競價量與滑價；容量受限,未扣成本·事後欄位以 m_ 標示·非投資建議
HO,4,2024-04-09,2024-04-10,8423,保綠-KY,TPEx,S,S0_atr14@5,3,329,0.063579,,0,0,1,0.0,-7.912,-6.374,197.25,1.0,floor(1%×vol20),0.0,0.0,418,inf,250.0,official_prepanel,small,67.0,0,可交易（DK_s＝0）,未扣成本（成本參考：2.8 折來回約 0.38%、全額約 0.585%）；交易方法狀態未知（全額交割、變更交易方法、停止信用交易的來源未提供）；容量以 s 日 vol20 估計，未模擬開盤競價量與滑價；容量受限,未扣成本·事後欄位以 m_ 標示·非投資建議
HO,4,2024-04-10,2024-04-11,3494,誠研,TWSE,S,S0_atr14@5,4,330,0.049386,,0,0,1,-0.383,0.575,-0.766,151.25,1.0,floor(1%×vol20),0.0,0.0,419,inf,250.0,official_prepanel,small,68.0,0,可交易（DK_s＝0）,未扣成本（成本參考：2.8 折來回約 0.38%、全額約 0.585%）；交易方法狀態未知（全額交割、變更交易方法、停止信用交易的來源未提供）；容量以 s 日 vol20 估計，未模擬開盤競價量與滑價；容量受限,未扣成本·事後欄位以 m_ 標示·非投資建議
HO,4,2024-04-10,2024-04-11,4943,康控-KY,TWSE,S,S0_atr14@5,1,330,0.068106,,0,0,1,2.752,-1.606,-0.459,170.8,1.0,floor(1%×vol20),0.0,0.0,419,inf,250.0,official_prepanel,small,113.0,0,可交易（DK_s＝0）,未扣成本（成本參考：2.8 折來回約 0.38%、全額約 0.585%）；交易方法狀態未知（全額交割、變更交易方法、停止信用交易的來源未提供）；容量以 s 日 vol20 估計，未模擬開盤競價量與滑價；容量受限,未扣成本·事後欄位以 m_ 標示·非投資建議
HO,4,2024-04-10,2024-04-11,6640,均華,TPEx,S,S0_atr14@5,2,330,0.062763,,0,0,1,-0.951,13.674,-4.281,200.45,2.0,floor(1%×vol20),1.0,0.0,419,inf,250.0,official_prepanel,mid,489.0,0,處置中・交易規則另案登錄（DK_s＝1）,未扣成本（成本參考：2.8 折來回約 0.38%、全額約 0.585%）；交易方法狀態未知（全額交割、變更交易方法、停止信用交易的來源未提供）；容量以 s 日 vol20 估計，未模擬開盤競價量與滑價；容量受限,未扣成本·事後欄位以 m_ 標示·非投資建議
HO,4,2024-04-10,2024-04-11,8084,巨虹,TPEx,S,S0_atr14@5,5,330,0.04768,,0,0,1,1.05,-4.199,2.362,287.35,2.0,floor(1%×vol20),0.0,0.0,419,inf,250.0,official_prepanel,small,349.0,0,可交易（DK_s＝0）,未扣成本（成本參考：2.8 折來回約 0.38%、全額約 0.585%）；交易方法狀態未知（全額交割、變更交易方法、停止信用交易的來源未提供）；容量以 s 日 vol20 估計，未模擬開盤競價量與滑價；容量受限,未扣成本·事後欄位以 m_ 標示·非投資建議
HO,4,2024-04-10,2024-04-11,8423,保綠-KY,TPEx,S,S0_atr14@5,3,330,0.055573,,0,0,1,0.442,-3.532,-5.077,195.0,1.0,floor(1%×vol20),0.0,0.0,419,inf,250.0,official_prepanel,small,34.0,0,可交易（DK_s＝0）,未扣成本（成本參考：2.8 折來回約 0.38%、全額約 0.585%）；交易方法狀態未知（全額交割、變更交易方法、停止信用交易的來源未提供）；容量以 s 日 vol20 估計，未模擬開盤競價量與滑價；容量受限,未扣成本·事後欄位以 m_ 標示·非投資建議
HO,4,2024-04-11,2024-04-12,4943,康控-KY,TWSE,S,S0_atr14@5,1,334,0.071269,,0,0,1,0.0,-0.909,-4.545,159.85,1.0,floor(1%×vol20),0.0,0.0,420,inf,250.0,official_prepanel,small,90.0,0,可交易（DK_s＝0）,未扣成本（成本參考：2.8 折來回約 0.38%、全額約 0.585%）；交易方法狀態未知（全額交割、變更交易方法、停止信用交易的來源未提供）；容量以 s 日 vol20 估計，未模擬開盤競價量與滑價；容量受限,未扣成本·事後欄位以 m_ 標示·非投資建議
HO,4,2024-04-11,2024-04-12,6144,得利影,TPEx,S,S0_atr14@5,3,334,0.053571,,0,0,1,-2.463,-1.478,5.419,102.0,1.0,floor(1%×vol20),0.0,0.0,420,inf,250.0,official_prepanel,small,35.0,0,可交易（DK_s＝0）,未扣成本（成本參考：2.8 折來回約 0.38%、全額約 0.585%）；交易方法狀態未知（全額交割、變更交易方法、停止信用交易的來源未提供）；容量以 s 日 vol20 估計，未模擬開盤競價量與滑價；容量受限,未扣成本·事後欄位以 m_ 標示·非投資建議
HO,4,2024-04-11,2024-04-12,6640,均華,TPEx,S,S0_atr14@5,2,334,0.065169,,0,0,1,4.328,6.264,-12.642,217.7,2.0,floor(1%×vol20),0.0,0.0,420,inf,250.0,official_prepanel,mid,797.0,0,可交易（DK_s＝0）,未扣成本（成本參考：2.8 折來回約 0.38%、全額約 0.585%）；交易方法狀態未知（全額交割、變更交易方法、停止信用交易的來源未提供）；容量以 s 日 vol20 估計，未模擬開盤競價量與滑價；容量受限,未扣成本·事後欄位以 m_ 標示·非投資建議
HO,4,2024-04-11,2024-04-12,6716,應廣,TPEx,S,S0_atr14@5,5,334,0.044889,,0,0,1,-1.786,-3.125,-5.357,168.4,1.0,floor(1%×vol20),0.0,0.0,420,inf,250.0,official_prepanel,small,119.0,0,可交易（DK_s＝0）,未扣成本（成本參考：2.8 折來回約 0.38%、全額約 0.585%）；交易方法狀態未知（全額交割、變更交易方法、停止信用交易的來源未提供）；容量以 s 日 vol20 估計，未模擬開盤競價量與滑價；容量受限,未扣成本·事後欄位以 m_ 標示·非投資建議
HO,4,2024-04-11,2024-04-12,8423,保綠-KY,TPEx,S,S0_atr14@5,4,334,0.049765,,0,0,1,0.442,-4.646,-1.991,192.5,1.0,floor(1%×vol20),0.0,0.0,420,inf,250.0,official_prepanel,small,47.0,0,可交易（DK_s＝0）,未扣成本（成本參考：2.8 折來回約 0.38%、全額約 0.585%）；交易方法狀態未知（全額交割、變更交易方法、停止信用交易的來源未提供）；容量以 s 日 vol20 估計，未模擬開盤競價量與滑價；容量受限,未扣成本·事後欄位以 m_ 標示·非投資建議
HO,4,2024-04-12,2024-04-15,1799,易威,TPEx,S,S0_atr14@5,5,342,0.04513,,0,0,1,0.597,-5.075,0.299,191.8,1.0,floor(1%×vol20),0.0,0.0,421,inf,250.0,official_prepanel,mid,81.0,0,可交易（DK_s＝0）,未扣成本（成本參考：2.8 折來回約 0.38%、全額約 0.585%）；交易方法狀態未知（全額交割、變更交易方法、停止信用交易的來源未提供）；容量以 s 日 vol20 估計，未模擬開盤競價量與滑價；容量受限,未扣成本·事後欄位以 m_ 標示·非投資建議
HO,4,2024-04-12,2024-04-15,3066,李洲,TPEx,S,S0_atr14@5,4,342,0.046765,,0,0,1,0.0,-3.872,-3.417,274.0,2.0,floor(1%×vol20),0.0,0.0,421,inf,250.0,official_prepanel,small,156.0,0,可交易（DK_s＝0）,未扣成本（成本參考：2.8 折來回約 0.38%、全額約 0.585%）；交易方法狀態未知（全額交割、變更交易方法、停止信用交易的來源未提供）；容量以 s 日 vol20 估計，未模擬開盤競價量與滑價；容量受限,未扣成本·事後欄位以 m_ 標示·非投資建議
HO,4,2024-04-12,2024-04-15,4943,康控-KY,TWSE,S,S0_atr14@5,1,342,0.066071,,0,0,1,-6.095,0.677,-5.192,143.1,1.0,floor(1%×vol20),0.0,0.0,421,inf,250.0,official_prepanel,small,74.0,0,可交易（DK_s＝0）,未扣成本（成本參考：2.8 折來回約 0.38%、全額約 0.585%）；交易方法狀態未知（全額交割、變更交易方法、停止信用交易的來源未提供）；容量以 s 日 vol20 估計，未模擬開盤競價量與滑價；容量受限,未扣成本·事後欄位以 m_ 標示·非投資建議
HO,4,2024-04-12,2024-04-15,6144,得利影,TPEx,S,S0_atr14@5,2,342,0.053211,,0,0,1,-4.156,-3.423,0.733,102.15,1.0,floor(1%×vol20),0.0,0.0,421,inf,250.0,official_prepanel,small,20.0,0,可交易（DK_s＝0）,未扣成本（成本參考：2.8 折來回約 0.38%、全額約 0.585%）；交易方法狀態未知（全額交割、變更交易方法、停止信用交易的來源未提供）；容量以 s 日 vol20 估計，未模擬開盤競價量與滑價；容量受限,未扣成本·事後欄位以 m_ 標示·非投資建議
HO,4,2024-04-12,2024-04-15,8437,大地-KY,TPEx,S,S0_atr14@5,3,342,0.047316,,0,0,1,-0.482,-2.251,-1.447,154.05,1.0,floor(1%×vol20),0.0,0.0,421,inf,250.0,official_prepanel,small,49.0,0,可交易（DK_s＝0）,未扣成本（成本參考：2.8 折來回約 0.38%、全額約 0.585%）；交易方法狀態未知（全額交割、變更交易方法、停止信用交易的來源未提供）；容量以 s 日 vol20 估計，未模擬開盤競價量與滑價；容量受限,未扣成本·事後欄位以 m_ 標示·非投資建議
HO,4,2024-04-15,2024-04-16,4943,康控-KY,TWSE,S,S0_atr14@5,1,337,0.067479,,0,0,1,-3.846,3.606,3.125,140.4,1.0,floor(1%×vol20),0.0,0.0,422,inf,250.0,official_prepanel,small,128.0,0,可交易（DK_s＝0）,未扣成本（成本參考：2.8 折來回約 0.38%、全額約 0.585%）；交易方法狀態未知（全額交割、變更交易方法、停止信用交易的來源未提供）；容量以 s 日 vol20 估計，未模擬開盤競價量與滑價；容量受限,未扣成本·事後欄位以 m_ 標示·非投資建議
HO,4,2024-04-15,2024-04-16,6629,泰金-KY,TPEx,S,S0_atr14@5,4,337,0.045075,,0,0,1,-0.789,0.225,1.24,108.55,1.0,floor(1%×vol20),0.0,0.0,422,inf,250.0,official_prepanel,small,47.0,0,可交易（DK_s＝0）,未扣成本（成本參考：2.8 折來回約 0.38%、全額約 0.585%）；交易方法狀態未知（全額交割、變更交易方法、停止信用交易的來源未提供）；容量以 s 日 vol20 估計，未模擬開盤競價量與滑價；容量受限,未扣成本·事後欄位以 m_ 標示·非投資建議
HO,4,2024-04-15,2024-04-16,6716,應廣,TPEx,S,S0_atr14@5,3,337,0.045607,,0,0,1,-2.857,0.0,0.0,160.5,1.0,floor(1%×vol20),0.0,0.0,422,inf,250.0,official_prepanel,small,107.0,0,可交易（DK_s＝0）,未扣成本（成本參考：2.8 折來回約 0.38%、全額約 0.585%）；交易方法狀態未知（全額交割、變更交易方法、停止信用交易的來源未提供）；容量以 s 日 vol20 估計，未模擬開盤競價量與滑價；容量受限,未扣成本·事後欄位以 m_ 標示·非投資建議
HO,4,2024-04-15,2024-04-16,6894,衛司特,TPEx,S,S0_atr14@5,5,337,0.044926,,0,0,1,0.877,-1.316,0.877,129.6,1.0,floor(1%×vol20),0.0,0.0,88,88.0,88.0,official,small,930.0,0,可交易（DK_s＝0）,未扣成本（成本參考：2.8 折來回約 0.38%、全額約 0.585%）；交易方法狀態未知（全額交割、變更交易方法、停止信用交易的來源未提供）；容量以 s 日 vol20 估計，未模擬開盤競價量與滑價；容量受限,未扣成本·事後欄位以 m_ 標示·非投資建議
HO,4,2024-04-15,2024-04-16,8437,大地-KY,TPEx,S,S0_atr14@5,2,337,0.04685,,0,0,1,0.166,-0.832,2.829,155.4,1.0,floor(1%×vol20),0.0,0.0,422,inf,250.0,official_prepanel,small,99.0,0,可交易（DK_s＝0）,未扣成本（成本參考：2.8 折來回約 0.38%、全額約 0.585%）；交易方法狀態未知（全額交割、變更交易方法、停止信用交易的來源未提供）；容量以 s 日 vol20 估計，未模擬開盤競價量與滑價；容量受限,未扣成本·事後欄位以 m_ 標示·非投資建議
HO,4,2024-04-16,2024-04-17,1796,金穎生技,TPEx,S,S0_atr14@5,2,331,0.05649,,0,0,1,0.877,-3.333,-3.158,196.75,1.0,floor(1%×vol20),0.0,0.0,423,inf,250.0,official_prepanel,small,44.0,0,可交易（DK_s＝0）,未扣成本（成本參考：2.8 折來回約 0.38%、全額約 0.585%）；交易方法狀態未知（全額交割、變更交易方法、停止信用交易的來源未提供）；容量以 s 日 vol20 估計，未模擬開盤競價量與滑價；容量受限,未扣成本·事後欄位以 m_ 標示·非投資建議
HO,4,2024-04-16,2024-04-17,4907,富宇,TPEx,S,S0_atr14@5,3,331,0.054302,,0,0,1,6.78,21.281,36.911,174.85,1.0,floor(1%×vol20),0.0,0.0,423,inf,250.0,official_prepanel,mid,184.0,0,可交易（DK_s＝0）,未扣成本（成本參考：2.8 折來回約 0.38%、全額約 0.585%）；交易方法狀態未知（全額交割、變更交易方法、停止信用交易的來源未提供）；容量以 s 日 vol20 估計，未模擬開盤競價量與滑價；容量受限,未扣成本·事後欄位以 m_ 標示·非投資建議
HO,4,2024-04-16,2024-04-17,4943,康控-KY,TWSE,S,S0_atr14@5,1,331,0.069464,,0,0,1,6.188,2.97,3.96,140.3,1.0,floor(1%×vol20),0.0,0.0,423,inf,250.0,official_prepanel,small,49.0,0,可交易（DK_s＝0）,未扣成本（成本參考：2.8 折來回約 0.38%、全額約 0.585%）；交易方法狀態未知（全額交割、變更交易方法、停止信用交易的來源未提供）；容量以 s 日 vol20 估計，未模擬開盤競價量與滑價；容量受限,未扣成本·事後欄位以 m_ 標示·非投資建議
HO,4,2024-04-16,2024-04-17,6716,應廣,TPEx,S,S0_atr14@5,5,331,0.04972,,0,0,1,4.286,4.762,-0.952,162.15,1.0,floor(1%×vol20),0.0,0.0,423,inf,250.0,official_prepanel,small,164.0,0,可交易（DK_s＝0）,未扣成本（成本參考：2.8 折來回約 0.38%、全額約 0.585%）；交易方法狀態未知（全額交割、變更交易方法、停止信用交易的來源未提供）；容量以 s 日 vol20 估計，未模擬開盤競價量與滑價；容量受限,未扣成本·事後欄位以 m_ 標示·非投資建議
HO,4,2024-04-16,2024-04-17,8437,大地-KY,TPEx,S,S0_atr14@5,4,331,0.050546,,0,0,1,0.98,-1.961,1.144,159.0,1.0,floor(1%×vol20),0.0,0.0,423,inf,250.0,official_prepanel,small,24.0,0,可交易（DK_s＝0）,未扣成本（成本參考：2.8 折來回約 0.38%、全額約 0.585%）；交易方法狀態未知（全額交割、變更交易方法、停止信用交易的來源未提供）；容量以 s 日 vol20 估計，未模擬開盤競價量與滑價；容量受限,未扣成本·事後欄位以 m_ 標示·非投資建議
HO,4,2024-04-17,2024-04-18,1796,金穎生技,TPEx,S,S0_atr14@5,4,326,0.056025,,0,0,1,-0.694,-4.34,-4.34,197.55,1.0,floor(1%×vol20),0.0,0.0,424,inf,250.0,official_prepanel,small,15.0,0,可交易（DK_s＝0）,未扣成本（成本參考：2.8 折來回約 0.38%、全額約 0.585%）；交易方法狀態未知（全額交割、變更交易方法、停止信用交易的來源未提供）；容量以 s 日 vol20 估計，未模擬開盤競價量與滑價；容量受限,未扣成本·事後欄位以 m_ 標示·非投資建議
HO,4,2024-04-17,2024-04-18,4907,富宇,TPEx,S,S0_atr14@5,3,326,0.056248,,0,0,1,11.25,14.821,36.964,179.7,1.0,floor(1%×vol20),0.0,0.0,424,inf,250.0,official_prepanel,mid,476.0,0,可交易（DK_s＝0）,未扣成本（成本參考：2.8 折來回約 0.38%、全額約 0.585%）；交易方法狀態未知（全額交割、變更交易方法、停止信用交易的來源未提供）；容量以 s 日 vol20 估計，未模擬開盤競價量與滑價；容量受限,未扣成本·事後欄位以 m_ 標示·非投資建議
HO,4,2024-04-17,2024-04-18,4943,康控-KY,TWSE,S,S0_atr14@5,2,326,0.065601,,0,0,1,1.869,1.402,-8.411,136.85,1.0,floor(1%×vol20),0.0,0.0,424,inf,250.0,official_prepanel,small,32.0,0,可交易（DK_s＝0）,未扣成本（成本參考：2.8 折來回約 0.38%、全額約 0.585%）；交易方法狀態未知（全額交割、變更交易方法、停止信用交易的來源未提供）；容量以 s 日 vol20 估計，未模擬開盤競價量與滑價；容量受限,未扣成本·事後欄位以 m_ 標示·非投資建議
HO,4,2024-04-17,2024-04-18,6649,台生材,TPEx,S,S0_atr14@5,1,326,0.068999,,0,0,1,2.759,2.069,4.138,121.0,1.0,floor(1%×vol20),0.0,0.0,424,inf,250.0,official_prepanel,small,25.0,0,可交易（DK_s＝0）,未扣成本（成本參考：2.8 折來回約 0.38%、全額約 0.585%）；交易方法狀態未知（全額交割、變更交易方法、停止信用交易的來源未提供）；容量以 s 日 vol20 估計，未模擬開盤競價量與滑價；容量受限,未扣成本·事後欄位以 m_ 標示·非投資建議
HO,4,2024-04-17,2024-04-18,6716,應廣,TPEx,S,S0_atr14@5,5,326,0.050554,,0,0,1,0.0,0.0,-4.608,163.95,1.0,floor(1%×vol20),0.0,0.0,424,inf,250.0,official_prepanel,small,60.0,0,可交易（DK_s＝0）,未扣成本（成本參考：2.8 折來回約 0.38%、全額約 0.585%）；交易方法狀態未知（全額交割、變更交易方法、停止信用交易的來源未提供）；容量以 s 日 vol20 估計，未模擬開盤競價量與滑價；容量受限,未扣成本·事後欄位以 m_ 標示·非投資建議
HO,4,2024-04-18,2024-04-19,1796,金穎生技,TPEx,S,S0_atr14@5,4,327,0.050325,,0,0,1,-4.196,-3.671,-4.196,196.65,1.0,floor(1%×vol20),0.0,0.0,425,inf,250.0,official_prepanel,small,51.0,0,可交易（DK_s＝0）,未扣成本（成本參考：2.8 折來回約 0.38%、全額約 0.585%）；交易方法狀態未知（全額交割、變更交易方法、停止信用交易的來源未提供）；容量以 s 日 vol20 估計，未模擬開盤競價量與滑價；容量受限,未扣成本·事後欄位以 m_ 標示·非投資建議
HO,4,2024-04-18,2024-04-19,4534,慶騰,TPEx,S,S0_atr14@5,5,327,0.048505,,0,0,1,-1.395,3.256,10.698,263.75,2.0,floor(1%×vol20),0.0,0.0,425,inf,250.0,official_prepanel,small,282.0,0,可交易（DK_s＝0）,未扣成本（成本參考：2.8 折來回約 0.38%、全額約 0.585%）；交易方法狀態未知（全額交割、變更交易方法、停止信用交易的來源未提供）；容量以 s 日 vol20 估計，未模擬開盤競價量與滑價；容量受限,未扣成本·事後欄位以 m_ 標示·非投資建議
HO,4,2024-04-18,2024-04-19,4943,康控-KY,TWSE,S,S0_atr14@5,2,327,0.062254,,0,0,1,0.677,-5.192,-7.675,135.05,1.0,floor(1%×vol20),0.0,0.0,425,inf,250.0,official_prepanel,small,59.0,0,可交易（DK_s＝0）,未扣成本（成本參考：2.8 折來回約 0.38%、全額約 0.585%）；交易方法狀態未知（全額交割、變更交易方法、停止信用交易的來源未提供）；容量以 s 日 vol20 估計，未模擬開盤競價量與滑價；容量受限,未扣成本·事後欄位以 m_ 標示·非投資建議
HO,4,2024-04-18,2024-04-19,6649,台生材,TPEx,S,S0_atr14@5,1,327,0.06999,,0,0,1,-1.508,-0.503,0.503,120.7,1.0,floor(1%×vol20),0.0,0.0,425,inf,250.0,official_prepanel,small,29.0,0,可交易（DK_s＝0）,未扣成本（成本參考：2.8 折來回約 0.38%、全額約 0.585%）；交易方法狀態未知（全額交割、變更交易方法、停止信用交易的來源未提供）；容量以 s 日 vol20 估計，未模擬開盤競價量與滑價；容量受限,未扣成本·事後欄位以 m_ 標示·非投資建議
HO,4,2024-04-18,2024-04-19,6716,應廣,TPEx,S,S0_atr14@5,3,327,0.050362,,0,0,1,-1.887,0.0,-3.302,159.85,1.0,floor(1%×vol20),0.0,0.0,425,inf,250.0,official_prepanel,small,113.0,0,可交易（DK_s＝0）,未扣成本（成本參考：2.8 折來回約 0.38%、全額約 0.585%）；交易方法狀態未知（全額交割、變更交易方法、停止信用交易的來源未提供）；容量以 s 日 vol20 估計，未模擬開盤競價量與滑價；容量受限,未扣成本·事後欄位以 m_ 標示·非投資建議
HO,4,2024-04-19,2024-04-22,4907,富宇,TPEx,S,S0_atr14@5,3,319,0.057994,,0,0,1,-4.012,6.481,29.63,219.1,2.0,floor(1%×vol20),0.0,0.0,426,inf,250.0,official_prepanel,mid,391.0,0,可交易（DK_s＝0）,未扣成本（成本參考：2.8 折來回約 0.38%、全額約 0.585%）；交易方法狀態未知（全額交割、變更交易方法、停止信用交易的來源未提供）；容量以 s 日 vol20 估計，未模擬開盤競價量與滑價；容量受限,未扣成本·事後欄位以 m_ 標示·非投資建議
HO,4,2024-04-19,2024-04-22,4943,康控-KY,TWSE,S,S0_atr14@5,2,319,0.059898,,0,0,1,-2.045,-4.545,-9.091,134.15,1.0,floor(1%×vol20),0.0,0.0,426,inf,250.0,official_prepanel,small,18.0,0,可交易（DK_s＝0）,未扣成本（成本參考：2.8 折來回約 0.38%、全額約 0.585%）；交易方法狀態未知（全額交割、變更交易方法、停止信用交易的來源未提供）；容量以 s 日 vol20 估計，未模擬開盤競價量與滑價；容量受限,未扣成本·事後欄位以 m_ 標示·非投資建議
HO,4,2024-04-19,2024-04-22,6649,台生材,TPEx,S,S0_atr14@5,1,319,0.067906,,0,0,1,-1.839,0.167,0.502,119.85,1.0,floor(1%×vol20),0.0,0.0,426,inf,250.0,official_prepanel,small,30.0,0,可交易（DK_s＝0）,未扣成本（成本參考：2.8 折來回約 0.38%、全額約 0.585%）；交易方法狀態未知（全額交割、變更交易方法、停止信用交易的來源未提供）；容量以 s 日 vol20 估計，未模擬開盤競價量與滑價；容量受限,未扣成本·事後欄位以 m_ 標示·非投資建議
HO,4,2024-04-19,2024-04-22,6716,應廣,TPEx,S,S0_atr14@5,5,319,0.053915,,0,0,1,-2.326,-2.791,-1.395,159.35,1.0,floor(1%×vol20),0.0,0.0,426,inf,250.0,official_prepanel,small,37.0,0,可交易（DK_s＝0）,未扣成本（成本參考：2.8 折來回約 0.38%、全額約 0.585%）；交易方法狀態未知（全額交割、變更交易方法、停止信用交易的來源未提供）；容量以 s 日 vol20 估計，未模擬開盤競價量與滑價；容量受限,未扣成本·事後欄位以 m_ 標示·非投資建議
HO,4,2024-04-19,2024-04-22,6894,衛司特,TPEx,S,S0_atr14@5,4,319,0.054122,,0,0,1,-2.386,-3.254,2.386,222.65,2.0,floor(1%×vol20),0.0,0.0,92,92.0,92.0,official,small,156.0,0,可交易（DK_s＝0）,未扣成本（成本參考：2.8 折來回約 0.38%、全額約 0.585%）；交易方法狀態未知（全額交割、變更交易方法、停止信用交易的來源未提供）；容量以 s 日 vol20 估計，未模擬開盤競價量與滑價；容量受限,未扣成本·事後欄位以 m_ 標示·非投資建議
HO,4,2024-04-22,2024-04-23,4907,富宇,TPEx,S,S0_atr14@5,1,317,0.064768,,0,0,1,0.625,12.188,27.031,233.85,2.0,floor(1%×vol20),0.0,0.0,427,inf,250.0,official_prepanel,mid,229.0,0,可交易（DK_s＝0）,未扣成本（成本參考：2.8 折來回約 0.38%、全額約 0.585%）；交易方法狀態未知（全額交割、變更交易方法、停止信用交易的來源未提供）；容量以 s 日 vol20 估計，未模擬開盤競價量與滑價；容量受限,未扣成本·事後欄位以 m_ 標示·非投資建議
HO,4,2024-04-22,2024-04-23,4943,康控-KY,TWSE,S,S0_atr14@5,3,317,0.058502,,0,0,1,-3.256,-0.233,-6.977,121.7,1.0,floor(1%×vol20),0.0,0.0,427,inf,250.0,official_prepanel,small,48.0,0,可交易（DK_s＝0）,未扣成本（成本參考：2.8 折來回約 0.38%、全額約 0.585%）；交易方法狀態未知（全額交割、變更交易方法、停止信用交易的來源未提供）；容量以 s 日 vol20 估計，未模擬開盤競價量與滑價；容量受限,未扣成本·事後欄位以 m_ 標示·非投資建議
HO,4,2024-04-22,2024-04-23,6649,台生材,TPEx,S,S0_atr14@5,2,317,0.064493,,0,0,1,-0.341,1.706,2.56,119.55,1.0,floor(1%×vol20),0.0,0.0,427,inf,250.0,official_prepanel,small,10.0,0,可交易（DK_s＝0）,未扣成本（成本參考：2.8 折來回約 0.38%、全額約 0.585%）；交易方法狀態未知（全額交割、變更交易方法、停止信用交易的來源未提供）；容量以 s 日 vol20 估計，未模擬開盤競價量與滑價；容量受限,未扣成本·事後欄位以 m_ 標示·非投資建議
HO,4,2024-04-22,2024-04-23,6716,應廣,TPEx,S,S0_atr14@5,5,317,0.054082,,0,0,1,3.774,-0.943,-1.887,157.9,1.0,floor(1%×vol20),0.0,0.0,427,inf,250.0,official_prepanel,small,43.0,0,可交易（DK_s＝0）,未扣成本（成本參考：2.8 折來回約 0.38%、全額約 0.585%）；交易方法狀態未知（全額交割、變更交易方法、停止信用交易的來源未提供）；容量以 s 日 vol20 估計，未模擬開盤競價量與滑價；容量受限,未扣成本·事後欄位以 m_ 標示·非投資建議
HO,4,2024-04-22,2024-04-23,6894,衛司特,TPEx,S,S0_atr14@5,4,317,0.057302,,0,0,1,-2.626,0.656,3.282,227.15,2.0,floor(1%×vol20),0.0,0.0,93,93.0,93.0,official,small,72.0,0,可交易（DK_s＝0）,未扣成本（成本參考：2.8 折來回約 0.38%、全額約 0.585%）；交易方法狀態未知（全額交割、變更交易方法、停止信用交易的來源未提供）；容量以 s 日 vol20 估計，未模擬開盤競價量與滑價；容量受限,未扣成本·事後欄位以 m_ 標示·非投資建議
HO,4,2024-04-23,2024-04-24,4198,欣大健康,TPEx,S,S0_atr14@5,1,318,0.079886,,0,0,1,9.795,-1.615,4.952,160.6,1.0,floor(1%×vol20),1.0,0.0,428,inf,250.0,official_prepanel,small,69.0,1,處置中・交易規則另案登錄（DK_s＝1）,未扣成本（成本參考：2.8 折來回約 0.38%、全額約 0.585%）；交易方法狀態未知（全額交割、變更交易方法、停止信用交易的來源未提供）；容量以 s 日 vol20 估計，未模擬開盤競價量與滑價；容量受限,未扣成本·事後欄位以 m_ 標示·非投資建議
HO,4,2024-04-23,2024-04-24,4907,富宇,TPEx,S,S0_atr14@5,2,318,0.063997,,0,0,1,-1.38,11.503,18.558,243.95,2.0,floor(1%×vol20),0.0,0.0,428,inf,250.0,official_prepanel,mid,209.0,0,可交易（DK_s＝0）,未扣成本（成本參考：2.8 折來回約 0.38%、全額約 0.585%）；交易方法狀態未知（全額交割、變更交易方法、停止信用交易的來源未提供）；容量以 s 日 vol20 估計，未模擬開盤競價量與滑價；容量受限,未扣成本·事後欄位以 m_ 標示·非投資建議
HO,4,2024-04-23,2024-04-24,4943,康控-KY,TWSE,S,S0_atr14@5,4,318,0.059581,,0,0,1,-2.252,-5.405,-8.559,106.05,1.0,floor(1%×vol20),0.0,0.0,428,inf,250.0,official_prepanel,small,48.0,0,可交易（DK_s＝0）,未扣成本（成本參考：2.8 折來回約 0.38%、全額約 0.585%）；交易方法狀態未知（全額交割、變更交易方法、停止信用交易的來源未提供）；容量以 s 日 vol20 估計，未模擬開盤競價量與滑價；容量受限,未扣成本·事後欄位以 m_ 標示·非投資建議
HO,4,2024-04-23,2024-04-24,6588,東典光電,TPEx,S,S0_atr14@5,3,318,0.059749,,0,0,1,-0.27,9.459,-0.541,153.15,1.0,floor(1%×vol20),0.0,0.0,428,inf,250.0,official_prepanel,small,30.0,0,可交易（DK_s＝0）,未扣成本（成本參考：2.8 折來回約 0.38%、全額約 0.585%）；交易方法狀態未知（全額交割、變更交易方法、停止信用交易的來源未提供）；容量以 s 日 vol20 估計，未模擬開盤競價量與滑價；容量受限,未扣成本·事後欄位以 m_ 標示·非投資建議
HO,4,2024-04-23,2024-04-24,6894,衛司特,TPEx,S,S0_atr14@5,5,318,0.058748,,0,0,1,0.224,2.013,4.922,227.55,2.0,floor(1%×vol20),0.0,0.0,94,94.0,94.0,official,small,77.0,0,可交易（DK_s＝0）,未扣成本（成本參考：2.8 折來回約 0.38%、全額約 0.585%）；交易方法狀態未知（全額交割、變更交易方法、停止信用交易的來源未提供）；容量以 s 日 vol20 估計，未模擬開盤競價量與滑價；容量受限,未扣成本·事後欄位以 m_ 標示·非投資建議
HO,4,2024-04-24,2024-04-25,3095,及成,TPEx,S,S0_atr14@5,1,318,0.072603,,0,0,1,2.192,31.918,5.479,108.6,1.0,floor(1%×vol20),0.0,0.0,429,inf,250.0,official_prepanel,small,17.0,0,可交易（DK_s＝0）,未扣成本（成本參考：2.8 折來回約 0.38%、全額約 0.585%）；交易方法狀態未知（全額交割、變更交易方法、停止信用交易的來源未提供）；容量以 s 日 vol20 估計，未模擬開盤競價量與滑價；容量受限,未扣成本·事後欄位以 m_ 標示·非投資建議
HO,4,2024-04-24,2024-04-25,4907,富宇,TPEx,S,S0_atr14@5,2,318,0.063653,,0,0,1,3.577,19.285,13.841,251.5,2.0,floor(1%×vol20),0.0,0.0,429,inf,250.0,official_prepanel,mid,253.0,0,可交易（DK_s＝0）,未扣成本（成本參考：2.8 折來回約 0.38%、全額約 0.585%）；交易方法狀態未知（全額交割、變更交易方法、停止信用交易的來源未提供）；容量以 s 日 vol20 估計，未模擬開盤競價量與滑價；容量受限,未扣成本·事後欄位以 m_ 標示·非投資建議
HO,4,2024-04-24,2024-04-25,6588,東典光電,TPEx,S,S0_atr14@5,3,318,0.059911,,0,0,1,6.647,13.439,6.647,152.85,1.0,floor(1%×vol20),0.0,0.0,429,inf,250.0,official_prepanel,small,29.0,0,可交易（DK_s＝0）,未扣成本（成本參考：2.8 折來回約 0.38%、全額約 0.585%）；交易方法狀態未知（全額交割、變更交易方法、停止信用交易的來源未提供）；容量以 s 日 vol20 估計，未模擬開盤競價量與滑價；容量受限,未扣成本·事後欄位以 m_ 標示·非投資建議
HO,4,2024-04-24,2024-04-25,6716,應廣,TPEx,S,S0_atr14@5,5,318,0.051679,,0,0,1,-0.935,-3.271,0.0,161.65,1.0,floor(1%×vol20),0.0,0.0,429,inf,250.0,official_prepanel,small,57.0,0,可交易（DK_s＝0）,未扣成本（成本參考：2.8 折來回約 0.38%、全額約 0.585%）；交易方法狀態未知（全額交割、變更交易方法、停止信用交易的來源未提供）；容量以 s 日 vol20 估計，未模擬開盤競價量與滑價；容量受限,未扣成本·事後欄位以 m_ 標示·非投資建議
HO,4,2024-04-24,2024-04-25,6894,衛司特,TPEx,S,S0_atr14@5,4,318,0.056441,,0,0,1,-0.893,6.473,4.241,217.1,2.0,floor(1%×vol20),0.0,0.0,95,95.0,95.0,official,small,83.0,0,可交易（DK_s＝0）,未扣成本（成本參考：2.8 折來回約 0.38%、全額約 0.585%）；交易方法狀態未知（全額交割、變更交易方法、停止信用交易的來源未提供）；容量以 s 日 vol20 估計，未模擬開盤競價量與滑價；容量受限,未扣成本·事後欄位以 m_ 標示·非投資建議
HO,4,2024-04-25,2024-04-26,3095,及成,TPEx,S,S0_atr14@5,3,314,0.068748,,0,0,1,-2.237,14.342,1.711,108.8,1.0,floor(1%×vol20),0.0,0.0,430,inf,250.0,official_prepanel,small,12.0,0,可交易（DK_s＝0）,未扣成本（成本參考：2.8 折來回約 0.38%、全額約 0.585%）；交易方法狀態未知（全額交割、變更交易方法、停止信用交易的來源未提供）；容量以 s 日 vol20 估計，未模擬開盤競價量與滑價；容量受限,未扣成本·事後欄位以 m_ 標示·非投資建議
HO,4,2024-04-25,2024-04-26,3555,博士旺,TPEx,S,S0_atr14@5,1,314,0.08603,,0,0,1,-3.511,11.236,1.404,202.7,2.0,floor(1%×vol20),1.0,0.0,430,inf,250.0,official_prepanel,small,54.0,0,處置中・交易規則另案登錄（DK_s＝1）,未扣成本（成本參考：2.8 折來回約 0.38%、全額約 0.585%）；交易方法狀態未知（全額交割、變更交易方法、停止信用交易的來源未提供）；容量以 s 日 vol20 估計，未模擬開盤競價量與滑價；容量受限,未扣成本·事後欄位以 m_ 標示·非投資建議
HO,4,2024-04-25,2024-04-26,4192,杏國,TPEx,S,S0_atr14@5,4,314,0.062164,,0,0,1,9.034,0.104,-4.881,106.2,1.0,floor(1%×vol20),1.0,0.0,430,inf,250.0,official_prepanel,small,271.0,1,處置中・交易規則另案登錄（DK_s＝1）,未扣成本（成本參考：2.8 折來回約 0.38%、全額約 0.585%）；交易方法狀態未知（全額交割、變更交易方法、停止信用交易的來源未提供）；容量以 s 日 vol20 估計，未模擬開盤競價量與滑價；容量受限,未扣成本·事後欄位以 m_ 標示·非投資建議
HO,4,2024-04-25,2024-04-26,4198,欣大健康,TPEx,S,S0_atr14@5,2,314,0.080995,,0,0,1,-1.02,0.204,-3.776,178.9,1.0,floor(1%×vol20),0.0,0.0,430,inf,250.0,official_prepanel,small,180.0,0,可交易（DK_s＝0）,未扣成本（成本參考：2.8 折來回約 0.38%、全額約 0.585%）；交易方法狀態未知（全額交割、變更交易方法、停止信用交易的來源未提供）；容量以 s 日 vol20 估計，未模擬開盤競價量與滑價；容量受限,未扣成本·事後欄位以 m_ 標示·非投資建議
HO,4,2024-04-25,2024-04-26,4907,富宇,TPEx,S,S0_atr14@5,5,314,0.061883,,0,0,1,1.77,22.124,8.407,257.45,2.0,floor(1%×vol20),0.0,0.0,430,inf,250.0,official_prepanel,mid,200.0,0,可交易（DK_s＝0）,未扣成本（成本參考：2.8 折來回約 0.38%、全額約 0.585%）；交易方法狀態未知（全額交割、變更交易方法、停止信用交易的來源未提供）；容量以 s 日 vol20 估計，未模擬開盤競價量與滑價；容量受限,未扣成本·事後欄位以 m_ 標示·非投資建議
HO,4,2024-04-26,2024-04-29,3095,及成,TPEx,S,S0_atr14@5,3,316,0.065372,,0,0,1,7.124,5.242,-5.645,108.9,1.0,floor(1%×vol20),0.0,0.0,431,inf,250.0,official_prepanel,small,72.0,0,可交易（DK_s＝0）,未扣成本（成本參考：2.8 折來回約 0.38%、全額約 0.585%）；交易方法狀態未知（全額交割、變更交易方法、停止信用交易的來源未提供）；容量以 s 日 vol20 估計，未模擬開盤競價量與滑價；容量受限,未扣成本·事後欄位以 m_ 標示·非投資建議
HO,4,2024-04-26,2024-04-29,3555,博士旺,TPEx,S,S0_atr14@5,1,316,0.085257,,0,0,1,-1.717,9.156,3.29,202.2,2.0,floor(1%×vol20),0.0,0.0,431,inf,250.0,official_prepanel,small,38.0,0,可交易（DK_s＝0）,未扣成本（成本參考：2.8 折來回約 0.38%、全額約 0.585%）；交易方法狀態未知（全額交割、變更交易方法、停止信用交易的來源未提供）；容量以 s 日 vol20 估計，未模擬開盤競價量與滑價；容量受限,未扣成本·事後欄位以 m_ 標示·非投資建議
HO,4,2024-04-26,2024-04-29,4198,欣大健康,TPEx,S,S0_atr14@5,2,316,0.08137,,0,0,1,-2.413,-1.259,-0.42,179.6,1.0,floor(1%×vol20),0.0,0.0,431,inf,250.0,official_prepanel,small,117.0,0,可交易（DK_s＝0）,未扣成本（成本參考：2.8 折來回約 0.38%、全額約 0.585%）；交易方法狀態未知（全額交割、變更交易方法、停止信用交易的來源未提供）；容量以 s 日 vol20 估計，未模擬開盤競價量與滑價；容量受限,未扣成本·事後欄位以 m_ 標示·非投資建議
HO,4,2024-04-26,2024-04-29,4907,富宇,TPEx,S,S0_atr14@5,4,316,0.057453,,0,0,1,2.865,20.344,5.444,250.5,2.0,floor(1%×vol20),0.0,0.0,431,inf,250.0,official_prepanel,mid,292.0,0,可交易（DK_s＝0）,未扣成本（成本參考：2.8 折來回約 0.38%、全額約 0.585%）；交易方法狀態未知（全額交割、變更交易方法、停止信用交易的來源未提供）；容量以 s 日 vol20 估計，未模擬開盤競價量與滑價；容量受限,未扣成本·事後欄位以 m_ 標示·非投資建議
HO,4,2024-04-26,2024-04-29,6894,衛司特,TPEx,S,S0_atr14@5,5,316,0.057335,,0,0,1,2.45,5.122,0.445,216.7,2.0,floor(1%×vol20),0.0,0.0,97,97.0,97.0,official,small,111.0,0,可交易（DK_s＝0）,未扣成本（成本參考：2.8 折來回約 0.38%、全額約 0.585%）；交易方法狀態未知（全額交割、變更交易方法、停止信用交易的來源未提供）；容量以 s 日 vol20 估計，未模擬開盤競價量與滑價；容量受限,未扣成本·事後欄位以 m_ 標示·非投資建議
HO,4,2024-04-29,2024-04-30,3095,及成,TPEx,S,S0_atr14@5,5,320,0.061212,,1,0,1,12.308,-4.487,-9.615,112.2,1.0,floor(1%×vol20),0.0,0.0,432,inf,250.0,official_prepanel,small,286.0,0,可交易（DK_s＝0）,未扣成本（成本參考：2.8 折來回約 0.38%、全額約 0.585%）；交易方法狀態未知（全額交割、變更交易方法、停止信用交易的來源未提供）；容量以 s 日 vol20 估計，未模擬開盤競價量與滑價；容量受限,未扣成本·事後欄位以 m_ 標示·非投資建議
HO,4,2024-04-29,2024-04-30,3555,博士旺,TPEx,S,S0_atr14@5,1,320,0.083073,,0,0,1,-1.029,10.294,3.971,201.95,2.0,floor(1%×vol20),0.0,0.0,432,inf,250.0,official_prepanel,small,34.0,0,可交易（DK_s＝0）,未扣成本（成本參考：2.8 折來回約 0.38%、全額約 0.585%）；交易方法狀態未知（全額交割、變更交易方法、停止信用交易的來源未提供）；容量以 s 日 vol20 估計，未模擬開盤競價量與滑價；容量受限,未扣成本·事後欄位以 m_ 標示·非投資建議
HO,4,2024-04-29,2024-04-30,4192,杏國,TPEx,S,S0_atr14@5,4,320,0.062092,,0,0,1,-2.282,-3.527,-5.394,127.55,1.0,floor(1%×vol20),0.0,0.0,432,inf,250.0,official_prepanel,small,55.0,0,可交易（DK_s＝0）,未扣成本（成本參考：2.8 折來回約 0.38%、全額約 0.585%）；交易方法狀態未知（全額交割、變更交易方法、停止信用交易的來源未提供）；容量以 s 日 vol20 估計，未模擬開盤競價量與滑價；容量受限,未扣成本·事後欄位以 m_ 標示·非投資建議
HO,4,2024-04-29,2024-04-30,4198,欣大健康,TPEx,S,S0_atr14@5,2,320,0.073502,,0,0,1,-1.615,0.108,0.969,166.7,1.0,floor(1%×vol20),0.0,0.0,432,inf,250.0,official_prepanel,small,102.0,0,可交易（DK_s＝0）,未扣成本（成本參考：2.8 折來回約 0.38%、全額約 0.585%）；交易方法狀態未知（全額交割、變更交易方法、停止信用交易的來源未提供）；容量以 s 日 vol20 估計，未模擬開盤競價量與滑價；容量受限,未扣成本·事後欄位以 m_ 標示·非投資建議
HO,4,2024-04-29,2024-04-30,9949,琉園,TPEx,S,S0_atr14@5,3,320,0.063596,,0,0,1,-0.641,-1.068,-1.282,186.35,1.0,floor(1%×vol20),0.0,0.0,432,inf,250.0,official_prepanel,small,38.0,0,可交易（DK_s＝0）,未扣成本（成本參考：2.8 折來回約 0.38%、全額約 0.585%）；交易方法狀態未知（全額交割、變更交易方法、停止信用交易的來源未提供）；容量以 s 日 vol20 估計，未模擬開盤競價量與滑價；容量受限,未扣成本·事後欄位以 m_ 標示·非投資建議
HO,4,2024-04-30,2024-05-02,2719,燦星旅,TPEx,S,S0_atr14@5,5,325,0.064114,,0,0,1,1.757,-6.442,-3.221,217.65,2.0,floor(1%×vol20),0.0,0.0,433,inf,250.0,official_prepanel,small,305.0,0,可交易（DK_s＝0）,未扣成本（成本參考：2.8 折來回約 0.38%、全額約 0.585%）；交易方法狀態未知（全額交割、變更交易方法、停止信用交易的來源未提供）；容量以 s 日 vol20 估計，未模擬開盤競價量與滑價；容量受限,未扣成本·事後欄位以 m_ 標示·非投資建議
HO,4,2024-04-30,2024-05-02,2724,藝舍-KY,TPEx,S,S0_atr14@5,4,325,0.066778,,0,0,1,0.911,-0.13,-28.255,142.8,1.0,floor(1%×vol20),1.0,1.0,433,inf,250.0,official_prepanel,small,114.0,0,處置中・交易規則另案登錄（DK_s＝1）,未扣成本（成本參考：2.8 折來回約 0.38%、全額約 0.585%）；交易方法狀態未知（全額交割、變更交易方法、停止信用交易的來源未提供）；容量以 s 日 vol20 估計，未模擬開盤競價量與滑價；容量受限,未扣成本·事後欄位以 m_ 標示·非投資建議
HO,4,2024-04-30,2024-05-02,3555,博士旺,TPEx,S,S0_atr14@5,1,325,0.080556,,0,0,1,11.801,13.975,10.248,198.75,1.0,floor(1%×vol20),0.0,0.0,433,inf,250.0,official_prepanel,small,67.0,0,可交易（DK_s＝0）,未扣成本（成本參考：2.8 折來回約 0.38%、全額約 0.585%）；交易方法狀態未知（全額交割、變更交易方法、停止信用交易的來源未提供）；容量以 s 日 vol20 估計，未模擬開盤競價量與滑價；容量受限,未扣成本·事後欄位以 m_ 標示·非投資建議
HO,4,2024-04-30,2024-05-02,4198,欣大健康,TPEx,S,S0_atr14@5,3,325,0.067834,,0,0,1,7.725,4.614,-0.215,160.1,1.0,floor(1%×vol20),0.0,0.0,433,inf,250.0,official_prepanel,small,255.0,0,可交易（DK_s＝0）,未扣成本（成本參考：2.8 折來回約 0.38%、全額約 0.585%）；交易方法狀態未知（全額交割、變更交易方法、停止信用交易的來源未提供）；容量以 s 日 vol20 估計，未模擬開盤競價量與滑價；容量受限,未扣成本·事後欄位以 m_ 標示·非投資建議
HO,4,2024-04-30,2024-05-02,4529,淳紳,TPEx,S,S0_atr14@5,2,325,0.074037,,0,0,1,5.702,12.281,20.175,288.35,2.0,floor(1%×vol20),0.0,0.0,433,inf,250.0,official_prepanel,small,184.0,0,可交易（DK_s＝0）,未扣成本（成本參考：2.8 折來回約 0.38%、全額約 0.585%）；交易方法狀態未知（全額交割、變更交易方法、停止信用交易的來源未提供）；容量以 s 日 vol20 估計，未模擬開盤競價量與滑價；容量受限,未扣成本·事後欄位以 m_ 標示·非投資建議
HO,4,2024-05-02,2024-05-03,2719,燦星旅,TPEx,S,S0_atr14@5,4,320,0.059198,,0,0,1,-2.597,-9.091,-1.154,231.65,2.0,floor(1%×vol20),0.0,0.0,434,inf,250.0,official_prepanel,small,169.0,0,可交易（DK_s＝0）,未扣成本（成本參考：2.8 折來回約 0.38%、全額約 0.585%）；交易方法狀態未知（全額交割、變更交易方法、停止信用交易的來源未提供）；容量以 s 日 vol20 估計，未模擬開盤競價量與滑價；容量受限,未扣成本·事後欄位以 m_ 標示·非投資建議
HO,4,2024-05-02,2024-05-03,2724,藝舍-KY,TPEx,S,S0_atr14@5,3,320,0.065622,,0,0,1,-3.0,-8.0,-29.0,148.1,1.0,floor(1%×vol20),0.0,2.0,434,inf,250.0,official_prepanel,small,39.0,0,可交易（DK_s＝0）,未扣成本（成本參考：2.8 折來回約 0.38%、全額約 0.585%）；交易方法狀態未知（全額交割、變更交易方法、停止信用交易的來源未提供）；容量以 s 日 vol20 估計，未模擬開盤競價量與滑價；容量受限,未扣成本·事後欄位以 m_ 標示·非投資建議
HO,4,2024-05-02,2024-05-03,3555,博士旺,TPEx,S,S0_atr14@5,1,320,0.075595,,0,0,1,1.538,-6.41,-7.692,185.55,1.0,floor(1%×vol20),0.0,0.0,434,inf,250.0,official_prepanel,small,289.0,0,可交易（DK_s＝0）,未扣成本（成本參考：2.8 折來回約 0.38%、全額約 0.585%）；交易方法狀態未知（全額交割、變更交易方法、停止信用交易的來源未提供）；容量以 s 日 vol20 估計，未模擬開盤競價量與滑價；容量受限,未扣成本·事後欄位以 m_ 標示·非投資建議
HO,4,2024-05-02,2024-05-03,4529,淳紳,TPEx,S,S0_atr14@5,2,320,0.069769,,0,0,1,-2.049,8.607,6.557,285.35,2.0,floor(1%×vol20),0.0,0.0,434,inf,250.0,official_prepanel,small,50.0,0,可交易（DK_s＝0）,未扣成本（成本參考：2.8 折來回約 0.38%、全額約 0.585%）；交易方法狀態未知（全額交割、變更交易方法、停止信用交易的來源未提供）；容量以 s 日 vol20 估計，未模擬開盤競價量與滑價；容量受限,未扣成本·事後欄位以 m_ 標示·非投資建議
HO,4,2024-05-02,2024-05-03,9949,琉園,TPEx,S,S0_atr14@5,5,320,0.058753,,0,0,1,-3.75,-4.167,-3.333,195.85,1.0,floor(1%×vol20),0.0,0.0,434,inf,250.0,official_prepanel,small,234.0,0,可交易（DK_s＝0）,未扣成本（成本參考：2.8 折來回約 0.38%、全額約 0.585%）；交易方法狀態未知（全額交割、變更交易方法、停止信用交易的來源未提供）；容量以 s 日 vol20 估計，未模擬開盤競價量與滑價；容量受限,未扣成本·事後欄位以 m_ 標示·非投資建議
HO,4,2024-05-03,2024-05-06,2724,藝舍-KY,TPEx,S,S0_atr14@5,2,316,0.06563,,0,0,1,2.105,-1.316,-21.842,144.65,1.0,floor(1%×vol20),0.0,3.0,435,inf,250.0,official_prepanel,small,65.0,0,可交易（DK_s＝0）,未扣成本（成本參考：2.8 折來回約 0.38%、全額約 0.585%）；交易方法狀態未知（全額交割、變更交易方法、停止信用交易的來源未提供）；容量以 s 日 vol20 估計，未模擬開盤競價量與滑價；容量受限,未扣成本·事後欄位以 m_ 標示·非投資建議
HO,4,2024-05-03,2024-05-06,4198,欣大健康,TPEx,S,S0_atr14@5,3,316,0.064228,,0,0,1,-1.979,-1.771,-2.188,177.65,1.0,floor(1%×vol20),0.0,0.0,435,inf,250.0,official_prepanel,small,138.0,0,可交易（DK_s＝0）,未扣成本（成本參考：2.8 折來回約 0.38%、全額約 0.585%）；交易方法狀態未知（全額交割、變更交易方法、停止信用交易的來源未提供）；容量以 s 日 vol20 估計，未模擬開盤競價量與滑價；容量受限,未扣成本·事後欄位以 m_ 標示·非投資建議
HO,4,2024-05-03,2024-05-06,4529,淳紳,TPEx,S,S0_atr14@5,1,316,0.07095,,0,0,1,6.967,12.295,4.508,272.1,2.0,floor(1%×vol20),0.0,0.0,435,inf,250.0,official_prepanel,small,441.0,0,可交易（DK_s＝0）,未扣成本（成本參考：2.8 折來回約 0.38%、全額約 0.585%）；交易方法狀態未知（全額交割、變更交易方法、停止信用交易的來源未提供）；容量以 s 日 vol20 估計，未模擬開盤競價量與滑價；容量受限,未扣成本·事後欄位以 m_ 標示·非投資建議
HO,4,2024-05-03,2024-05-06,6222,立軒,TPEx,S,S0_atr14@5,4,316,0.06413,,0,0,1,3.191,4.078,1.241,108.6,1.0,floor(1%×vol20),0.0,0.0,435,inf,250.0,official_prepanel,small,14.0,0,可交易（DK_s＝0）,未扣成本（成本參考：2.8 折來回約 0.38%、全額約 0.585%）；交易方法狀態未知（全額交割、變更交易方法、停止信用交易的來源未提供）；容量以 s 日 vol20 估計，未模擬開盤競價量與滑價；容量受限,未扣成本·事後欄位以 m_ 標示·非投資建議
HO,4,2024-05-03,2024-05-06,6588,東典光電,TPEx,S,S0_atr14@5,5,316,0.060658,,0,0,1,3.168,-1.928,-0.826,189.8,1.0,floor(1%×vol20),0.0,0.0,435,inf,250.0,official_prepanel,small,65.0,0,可交易（DK_s＝0）,未扣成本（成本參考：2.8 折來回約 0.38%、全額約 0.585%）；交易方法狀態未知（全額交割、變更交易方法、停止信用交易的來源未提供）；容量以 s 日 vol20 估計，未模擬開盤競價量與滑價；容量受限,未扣成本·事後欄位以 m_ 標示·非投資建議
HO,4,2024-05-06,2024-05-07,3555,博士旺,TPEx,S,S0_atr14@5,1,321,0.079105,,0,0,1,7.143,3.143,7.714,194.9,1.0,floor(1%×vol20),0.0,0.0,436,inf,250.0,official_prepanel,small,293.0,0,可交易（DK_s＝0）,未扣成本（成本參考：2.8 折來回約 0.38%、全額約 0.585%）；交易方法狀態未知（全額交割、變更交易方法、停止信用交易的來源未提供）；容量以 s 日 vol20 估計，未模擬開盤競價量與滑價；容量受限,未扣成本·事後欄位以 m_ 標示·非投資建議
HO,4,2024-05-06,2024-05-07,4198,欣大健康,TPEx,S,S0_atr14@5,2,321,0.06824,,0,0,1,1.087,3.152,0.87,157.9,1.0,floor(1%×vol20),0.0,0.0,436,inf,250.0,official_prepanel,small,32.0,0,可交易（DK_s＝0）,未扣成本（成本參考：2.8 折來回約 0.38%、全額約 0.585%）；交易方法狀態未知（全額交割、變更交易方法、停止信用交易的來源未提供）；容量以 s 日 vol20 估計，未模擬開盤競價量與滑價；容量受限,未扣成本·事後欄位以 m_ 標示·非投資建議
HO,4,2024-05-06,2024-05-07,4529,淳紳,TPEx,S,S0_atr14@5,3,321,0.068144,,0,0,1,-1.154,6.154,-3.462,271.65,2.0,floor(1%×vol20),0.0,0.0,436,inf,250.0,official_prepanel,small,104.0,0,可交易（DK_s＝0）,未扣成本（成本參考：2.8 折來回約 0.38%、全額約 0.585%）；交易方法狀態未知（全額交割、變更交易方法、停止信用交易的來源未提供）；容量以 s 日 vol20 估計，未模擬開盤競價量與滑價；容量受限,未扣成本·事後欄位以 m_ 標示·非投資建議
HO,4,2024-05-06,2024-05-07,6222,立軒,TPEx,S,S0_atr14@5,4,321,0.064924,,0,0,1,-0.524,1.748,1.573,106.7,1.0,floor(1%×vol20),0.0,0.0,436,inf,250.0,official_prepanel,small,36.0,0,可交易（DK_s＝0）,未扣成本（成本參考：2.8 折來回約 0.38%、全額約 0.585%）；交易方法狀態未知（全額交割、變更交易方法、停止信用交易的來源未提供）；容量以 s 日 vol20 估計，未模擬開盤競價量與滑價；容量受限,未扣成本·事後欄位以 m_ 標示·非投資建議
HO,4,2024-05-06,2024-05-07,6588,東典光電,TPEx,S,S0_atr14@5,5,321,0.063609,,0,0,1,-1.202,-4.005,-3.605,174.5,1.0,floor(1%×vol20),0.0,0.0,436,inf,250.0,official_prepanel,small,56.0,0,可交易（DK_s＝0）,未扣成本（成本參考：2.8 折來回約 0.38%、全額約 0.585%）；交易方法狀態未知（全額交割、變更交易方法、停止信用交易的來源未提供）；容量以 s 日 vol20 估計，未模擬開盤競價量與滑價；容量受限,未扣成本·事後欄位以 m_ 標示·非投資建議
HO,4,2024-05-07,2024-05-08,2719,燦星旅,TPEx,S,S0_atr14@5,4,321,0.061545,,0,0,1,0.157,3.918,-1.254,250.8,2.0,floor(1%×vol20),0.0,0.0,437,inf,250.0,official_prepanel,small,47.0,0,可交易（DK_s＝0）,未扣成本（成本參考：2.8 折來回約 0.38%、全額約 0.585%）；交易方法狀態未知（全額交割、變更交易方法、停止信用交易的來源未提供）；容量以 s 日 vol20 估計，未模擬開盤競價量與滑價；容量受限,未扣成本·事後欄位以 m_ 標示·非投資建議
HO,4,2024-05-07,2024-05-08,3555,博士旺,TPEx,S,S0_atr14@5,1,321,0.080667,,0,0,1,-0.811,-4.459,2.432,193.25,1.0,floor(1%×vol20),0.0,0.0,437,inf,250.0,official_prepanel,small,88.0,0,可交易（DK_s＝0）,未扣成本（成本參考：2.8 折來回約 0.38%、全額約 0.585%）；交易方法狀態未知（全額交割、變更交易方法、停止信用交易的來源未提供）；容量以 s 日 vol20 估計，未模擬開盤競價量與滑價；容量受限,未扣成本·事後欄位以 m_ 標示·非投資建議
HO,4,2024-05-07,2024-05-08,4198,欣大健康,TPEx,S,S0_atr14@5,3,321,0.063364,,0,0,1,4.167,0.214,-0.641,148.25,1.0,floor(1%×vol20),0.0,0.0,437,inf,250.0,official_prepanel,small,48.0,0,可交易（DK_s＝0）,未扣成本（成本參考：2.8 折來回約 0.38%、全額約 0.585%）；交易方法狀態未知（全額交割、變更交易方法、停止信用交易的來源未提供）；容量以 s 日 vol20 估計，未模擬開盤競價量與滑價；容量受限,未扣成本·事後欄位以 m_ 標示·非投資建議
HO,4,2024-05-07,2024-05-08,4529,淳紳,TPEx,S,S0_atr14@5,2,321,0.07393,,0,0,1,-5.535,1.476,-11.439,269.1,2.0,floor(1%×vol20),0.0,0.0,437,inf,250.0,official_prepanel,small,73.0,0,可交易（DK_s＝0）,未扣成本（成本參考：2.8 折來回約 0.38%、全額約 0.585%）；交易方法狀態未知（全額交割、變更交易方法、停止信用交易的來源未提供）；容量以 s 日 vol20 估計，未模擬開盤競價量與滑價；容量受限,未扣成本·事後欄位以 m_ 標示·非投資建議
HO,4,2024-05-07,2024-05-08,6222,立軒,TPEx,S,S0_atr14@5,5,321,0.061135,,0,0,1,0.357,3.929,3.75,101.25,1.0,floor(1%×vol20),0.0,0.0,437,inf,250.0,official_prepanel,small,27.0,0,可交易（DK_s＝0）,未扣成本（成本參考：2.8 折來回約 0.38%、全額約 0.585%）；交易方法狀態未知（全額交割、變更交易方法、停止信用交易的來源未提供）；容量以 s 日 vol20 估計，未模擬開盤競價量與滑價；容量受限,未扣成本·事後欄位以 m_ 標示·非投資建議
HO,4,2024-05-08,2024-05-09,2719,燦星旅,TPEx,S,S0_atr14@5,5,319,0.060474,,0,0,1,-1.254,3.605,-3.135,251.65,2.0,floor(1%×vol20),0.0,0.0,438,inf,250.0,official_prepanel,small,100.0,0,可交易（DK_s＝0）,未扣成本（成本參考：2.8 折來回約 0.38%、全額約 0.585%）；交易方法狀態未知（全額交割、變更交易方法、停止信用交易的來源未提供）；容量以 s 日 vol20 估計，未模擬開盤競價量與滑價；容量受限,未扣成本·事後欄位以 m_ 標示·非投資建議
HO,4,2024-05-08,2024-05-09,3555,博士旺,TPEx,S,S0_atr14@5,1,319,0.080284,,0,0,1,-2.276,-4.953,-1.606,175.0,1.0,floor(1%×vol20),0.0,0.0,438,inf,250.0,official_prepanel,small,59.0,0,可交易（DK_s＝0）,未扣成本（成本參考：2.8 折來回約 0.38%、全額約 0.585%）；交易方法狀態未知（全額交割、變更交易方法、停止信用交易的來源未提供）；容量以 s 日 vol20 估計，未模擬開盤競價量與滑價；容量受限,未扣成本·事後欄位以 m_ 標示·非投資建議
HO,4,2024-05-08,2024-05-09,4198,欣大健康,TPEx,S,S0_atr14@5,4,319,0.062637,,0,0,1,6.327,-5.102,-4.286,124.0,1.0,floor(1%×vol20),0.0,0.0,438,inf,250.0,official_prepanel,small,340.0,0,可交易（DK_s＝0）,未扣成本（成本參考：2.8 折來回約 0.38%、全額約 0.585%）；交易方法狀態未知（全額交割、變更交易方法、停止信用交易的來源未提供）；容量以 s 日 vol20 估計，未模擬開盤競價量與滑價；容量受限,未扣成本·事後欄位以 m_ 標示·非投資建議
HO,4,2024-05-08,2024-05-09,4529,淳紳,TPEx,S,S0_atr14@5,3,319,0.073103,,0,0,1,-3.636,-0.364,-12.727,261.4,2.0,floor(1%×vol20),0.0,0.0,438,inf,250.0,official_prepanel,small,234.0,0,可交易（DK_s＝0）,未扣成本（成本參考：2.8 折來回約 0.38%、全額約 0.585%）；交易方法狀態未知（全額交割、變更交易方法、停止信用交易的來源未提供）；容量以 s 日 vol20 估計，未模擬開盤競價量與滑價；容量受限,未扣成本·事後欄位以 m_ 標示·非投資建議
HO,4,2024-05-08,2024-05-09,8080,泰霖,TPEx,S,S0_atr14@5,2,319,0.075764,,0,0,1,-1.433,-2.579,-5.158,127.85,1.0,floor(1%×vol20),0.0,0.0,438,inf,250.0,official_prepanel,small,31.0,0,可交易（DK_s＝0）,未扣成本（成本參考：2.8 折來回約 0.38%、全額約 0.585%）；交易方法狀態未知（全額交割、變更交易方法、停止信用交易的來源未提供）；容量以 s 日 vol20 估計，未模擬開盤競價量與滑價；容量受限,未扣成本·事後欄位以 m_ 標示·非投資建議
HO,4,2024-05-09,2024-05-10,3555,博士旺,TPEx,S,S0_atr14@5,1,320,0.077495,,0,0,1,0.838,0.559,-1.257,161.8,1.0,floor(1%×vol20),0.0,0.0,439,inf,250.0,official_prepanel,small,50.0,0,可交易（DK_s＝0）,未扣成本（成本參考：2.8 折來回約 0.38%、全額約 0.585%）；交易方法狀態未知（全額交割、變更交易方法、停止信用交易的來源未提供）；容量以 s 日 vol20 估計，未模擬開盤競價量與滑價；容量受限,未扣成本·事後欄位以 m_ 標示·非投資建議
HO,4,2024-05-09,2024-05-10,4198,欣大健康,TPEx,S,S0_atr14@5,5,320,0.064299,,0,0,1,-3.381,-2.459,-7.172,124.95,1.0,floor(1%×vol20),0.0,0.0,439,inf,250.0,official_prepanel,small,211.0,0,可交易（DK_s＝0）,未扣成本（成本參考：2.8 折來回約 0.38%、全額約 0.585%）；交易方法狀態未知（全額交割、變更交易方法、停止信用交易的來源未提供）；容量以 s 日 vol20 估計，未模擬開盤競價量與滑價；容量受限,未扣成本·事後欄位以 m_ 標示·非投資建議
HO,4,2024-05-09,2024-05-10,4529,淳紳,TPEx,S,S0_atr14@5,4,320,0.068194,,0,0,1,-1.439,-6.475,-18.705,212.2,2.0,floor(1%×vol20),0.0,0.0,439,inf,250.0,official_prepanel,small,235.0,0,可交易（DK_s＝0）,未扣成本（成本參考：2.8 折來回約 0.38%、全額約 0.585%）；交易方法狀態未知（全額交割、變更交易方法、停止信用交易的來源未提供）；容量以 s 日 vol20 估計，未模擬開盤競價量與滑價；容量受限,未扣成本·事後欄位以 m_ 標示·非投資建議
HO,4,2024-05-09,2024-05-10,6615,慧智,TPEx,S,S0_atr14@5,3,320,0.072206,,0,0,1,-2.82,0.108,6.616,197.9,1.0,floor(1%×vol20),0.0,0.0,439,inf,250.0,official_prepanel,small,89.0,0,可交易（DK_s＝0）,未扣成本（成本參考：2.8 折來回約 0.38%、全額約 0.585%）；交易方法狀態未知（全額交割、變更交易方法、停止信用交易的來源未提供）；容量以 s 日 vol20 估計，未模擬開盤競價量與滑價；容量受限,未扣成本·事後欄位以 m_ 標示·非投資建議
HO,4,2024-05-09,2024-05-10,8080,泰霖,TPEx,S,S0_atr14@5,2,320,0.075997,,0,0,1,2.102,1.502,-4.204,128.95,1.0,floor(1%×vol20),0.0,0.0,439,inf,250.0,official_prepanel,small,36.0,0,可交易（DK_s＝0）,未扣成本（成本參考：2.8 折來回約 0.38%、全額約 0.585%）；交易方法狀態未知（全額交割、變更交易方法、停止信用交易的來源未提供）；容量以 s 日 vol20 估計，未模擬開盤競價量與滑價；容量受限,未扣成本·事後欄位以 m_ 標示·非投資建議
HO,4,2024-05-10,2024-05-13,3555,博士旺,TPEx,S,S0_atr14@5,1,324,0.075782,,0,0,1,0.0,-1.108,-0.416,129.55,1.0,floor(1%×vol20),0.0,0.0,440,inf,250.0,official_prepanel,small,34.0,0,可交易（DK_s＝0）,未扣成本（成本參考：2.8 折來回約 0.38%、全額約 0.585%）；交易方法狀態未知（全額交割、變更交易方法、停止信用交易的來源未提供）；容量以 s 日 vol20 估計，未模擬開盤競價量與滑價；容量受限,未扣成本·事後欄位以 m_ 標示·非投資建議
HO,4,2024-05-10,2024-05-13,3672,康聯訊,TPEx,S,S0_atr14@5,5,324,0.067194,,0,0,1,0.403,2.218,-0.202,228.05,2.0,floor(1%×vol20),0.0,0.0,440,inf,250.0,official_prepanel,small,189.0,0,可交易（DK_s＝0）,未扣成本（成本參考：2.8 折來回約 0.38%、全額約 0.585%）；交易方法狀態未知（全額交割、變更交易方法、停止信用交易的來源未提供）；容量以 s 日 vol20 估計，未模擬開盤競價量與滑價；容量受限,未扣成本·事後欄位以 m_ 標示·非投資建議
HO,4,2024-05-10,2024-05-13,4198,欣大健康,TPEx,S,S0_atr14@5,2,324,0.075519,,0,0,1,0.423,-0.635,-4.339,125.75,1.0,floor(1%×vol20),0.0,0.0,440,inf,250.0,official_prepanel,small,51.0,0,可交易（DK_s＝0）,未扣成本（成本參考：2.8 折來回約 0.38%、全額約 0.585%）；交易方法狀態未知（全額交割、變更交易方法、停止信用交易的來源未提供）；容量以 s 日 vol20 估計，未模擬開盤競價量與滑價；容量受限,未扣成本·事後欄位以 m_ 標示·非投資建議
HO,4,2024-05-10,2024-05-13,6615,慧智,TPEx,S,S0_atr14@5,3,324,0.075255,,0,0,1,-2.902,8.929,9.375,201.5,2.0,floor(1%×vol20),0.0,0.0,440,inf,250.0,official_prepanel,small,79.0,0,可交易（DK_s＝0）,未扣成本（成本參考：2.8 折來回約 0.38%、全額約 0.585%）；交易方法狀態未知（全額交割、變更交易方法、停止信用交易的來源未提供）；容量以 s 日 vol20 估計，未模擬開盤競價量與滑價；容量受限,未扣成本·事後欄位以 m_ 標示·非投資建議
HO,4,2024-05-10,2024-05-13,8080,泰霖,TPEx,S,S0_atr14@5,4,324,0.071429,,0,0,1,3.284,1.194,-1.493,128.9,1.0,floor(1%×vol20),0.0,0.0,440,inf,250.0,official_prepanel,small,50.0,0,可交易（DK_s＝0）,未扣成本（成本參考：2.8 折來回約 0.38%、全額約 0.585%）；交易方法狀態未知（全額交割、變更交易方法、停止信用交易的來源未提供）；容量以 s 日 vol20 估計，未模擬開盤競價量與滑價；容量受限,未扣成本·事後欄位以 m_ 標示·非投資建議
HO,4,2024-05-13,2024-05-14,3555,博士旺,TPEx,S,S0_atr14@5,2,325,0.071725,,0,0,1,-1.257,5.307,2.793,119.15,1.0,floor(1%×vol20),0.0,0.0,441,inf,250.0,official_prepanel,small,23.0,0,可交易（DK_s＝0）,未扣成本（成本參考：2.8 折來回約 0.38%、全額約 0.585%）；交易方法狀態未知（全額交割、變更交易方法、停止信用交易的來源未提供）；容量以 s 日 vol20 估計，未模擬開盤競價量與滑價；容量受限,未扣成本·事後欄位以 m_ 標示·非投資建議
HO,4,2024-05-13,2024-05-14,3672,康聯訊,TPEx,S,S0_atr14@5,5,325,0.066839,,0,0,1,-1.195,-2.191,-3.586,236.55,2.0,floor(1%×vol20),0.0,0.0,441,inf,250.0,official_prepanel,small,225.0,0,可交易（DK_s＝0）,未扣成本（成本參考：2.8 折來回約 0.38%、全額約 0.585%）；交易方法狀態未知（全額交割、變更交易方法、停止信用交易的來源未提供）；容量以 s 日 vol20 估計，未模擬開盤競價量與滑價；容量受限,未扣成本·事後欄位以 m_ 標示·非投資建議
HO,4,2024-05-13,2024-05-14,4198,欣大健康,TPEx,S,S0_atr14@5,3,325,0.070751,,0,0,1,-1.677,-2.725,-8.071,124.95,1.0,floor(1%×vol20),0.0,0.0,441,inf,250.0,official_prepanel,small,59.0,0,可交易（DK_s＝0）,未扣成本（成本參考：2.8 折來回約 0.38%、全額約 0.585%）；交易方法狀態未知（全額交割、變更交易方法、停止信用交易的來源未提供）；容量以 s 日 vol20 估計，未模擬開盤競價量與滑價；容量受限,未扣成本·事後欄位以 m_ 標示·非投資建議
HO,4,2024-05-13,2024-05-14,6615,慧智,TPEx,S,S0_atr14@5,1,325,0.074795,,0,0,1,2.485,19.29,16.923,204.4,2.0,floor(1%×vol20),0.0,0.0,441,inf,250.0,official_prepanel,small,54.0,0,可交易（DK_s＝0）,未扣成本（成本參考：2.8 折來回約 0.38%、全額約 0.585%）；交易方法狀態未知（全額交割、變更交易方法、停止信用交易的來源未提供）；容量以 s 日 vol20 估計，未模擬開盤競價量與滑價；容量受限,未扣成本·事後欄位以 m_ 標示·非投資建議
HO,4,2024-05-13,2024-05-14,8080,泰霖,TPEx,S,S0_atr14@5,4,325,0.068332,,0,0,1,-3.725,-2.006,-6.017,126.65,1.0,floor(1%×vol20),0.0,0.0,441,inf,250.0,official_prepanel,small,73.0,0,可交易（DK_s＝0）,未扣成本（成本參考：2.8 折來回約 0.38%、全額約 0.585%）；交易方法狀態未知（全額交割、變更交易方法、停止信用交易的來源未提供）；容量以 s 日 vol20 估計，未模擬開盤競價量與滑價；容量受限,未扣成本·事後欄位以 m_ 標示·非投資建議
HO,4,2024-05-14,2024-05-15,3555,博士旺,TPEx,S,S0_atr14@5,3,324,0.07062,,0,0,1,0.424,7.214,3.819,112.45,1.0,floor(1%×vol20),0.0,0.0,442,inf,250.0,official_prepanel,small,49.0,0,可交易（DK_s＝0）,未扣成本（成本參考：2.8 折來回約 0.38%、全額約 0.585%）；交易方法狀態未知（全額交割、變更交易方法、停止信用交易的來源未提供）；容量以 s 日 vol20 估計，未模擬開盤競價量與滑價；容量受限,未扣成本·事後欄位以 m_ 標示·非投資建議
HO,4,2024-05-14,2024-05-15,4198,欣大健康,TPEx,S,S0_atr14@5,2,324,0.070743,,0,0,1,-1.064,-1.064,-7.128,125.7,1.0,floor(1%×vol20),0.0,0.0,442,inf,250.0,official_prepanel,small,28.0,0,可交易（DK_s＝0）,未扣成本（成本參考：2.8 折來回約 0.38%、全額約 0.585%）；交易方法狀態未知（全額交割、變更交易方法、停止信用交易的來源未提供）；容量以 s 日 vol20 估計，未模擬開盤競價量與滑價；容量受限,未扣成本·事後欄位以 m_ 標示·非投資建議
HO,4,2024-05-14,2024-05-15,4558,寶緯,TPEx,S,S0_atr14@5,4,324,0.066092,,0,0,1,-5.899,-7.584,-10.534,297.25,2.0,floor(1%×vol20),0.0,0.0,442,inf,250.0,official_prepanel,small,173.0,0,可交易（DK_s＝0）,未扣成本（成本參考：2.8 折來回約 0.38%、全額約 0.585%）；交易方法狀態未知（全額交割、變更交易方法、停止信用交易的來源未提供）；容量以 s 日 vol20 估計，未模擬開盤競價量與滑價；容量受限,未扣成本·事後欄位以 m_ 標示·非投資建議
HO,4,2024-05-14,2024-05-15,6615,慧智,TPEx,S,S0_atr14@5,1,324,0.071099,,0,0,1,4.943,12.759,11.609,206.55,2.0,floor(1%×vol20),0.0,0.0,442,inf,250.0,official_prepanel,small,85.0,0,可交易（DK_s＝0）,未扣成本（成本參考：2.8 折來回約 0.38%、全額約 0.585%）；交易方法狀態未知（全額交割、變更交易方法、停止信用交易的來源未提供）；容量以 s 日 vol20 估計，未模擬開盤競價量與滑價；容量受限,未扣成本·事後欄位以 m_ 標示·非投資建議
HO,4,2024-05-14,2024-05-15,8080,泰霖,TPEx,S,S0_atr14@5,5,324,0.065901,,0,0,1,1.19,1.786,-2.679,127.85,1.0,floor(1%×vol20),0.0,0.0,442,inf,250.0,official_prepanel,small,65.0,0,可交易（DK_s＝0）,未扣成本（成本參考：2.8 折來回約 0.38%、全額約 0.585%）；交易方法狀態未知（全額交割、變更交易方法、停止信用交易的來源未提供）；容量以 s 日 vol20 估計，未模擬開盤競價量與滑價；容量受限,未扣成本·事後欄位以 m_ 標示·非投資建議
HO,4,2024-05-15,2024-05-16,3555,博士旺,TPEx,S,S0_atr14@5,1,318,0.065795,,0,0,1,0.418,2.51,1.674,108.2,1.0,floor(1%×vol20),0.0,0.0,443,inf,250.0,official_prepanel,small,68.0,0,可交易（DK_s＝0）,未扣成本（成本參考：2.8 折來回約 0.38%、全額約 0.585%）；交易方法狀態未知（全額交割、變更交易方法、停止信用交易的來源未提供）；容量以 s 日 vol20 估計，未模擬開盤競價量與滑價；容量受限,未扣成本·事後欄位以 m_ 標示·非投資建議
HO,4,2024-05-15,2024-05-16,4198,欣大健康,TPEx,S,S0_atr14@5,2,318,0.065438,,0,0,1,-0.73,-2.19,-13.556,121.55,1.0,floor(1%×vol20),0.0,0.0,443,inf,250.0,official_prepanel,small,78.0,0,可交易（DK_s＝0）,未扣成本（成本參考：2.8 折來回約 0.38%、全額約 0.585%）；交易方法狀態未知（全額交割、變更交易方法、停止信用交易的來源未提供）；容量以 s 日 vol20 估計，未模擬開盤競價量與滑價；容量受限,未扣成本·事後欄位以 m_ 標示·非投資建議
HO,4,2024-05-15,2024-05-16,5301,,TPEx,S,S0_atr14@5,5,318,0.060981,,0,0,1,-1.119,-15.299,-7.836,244.55,2.0,floor(1%×vol20),1.0,0.0,443,inf,250.0,official_prepanel,small,103.0,1,處置中・交易規則另案登錄（DK_s＝1）,未扣成本（成本參考：2.8 折來回約 0.38%、全額約 0.585%）；交易方法狀態未知（全額交割、變更交易方法、停止信用交易的來源未提供）；容量以 s 日 vol20 估計，未模擬開盤競價量與滑價；容量受限,未扣成本·事後欄位以 m_ 標示·非投資建議
HO,4,2024-05-15,2024-05-16,6615,慧智,TPEx,S,S0_atr14@5,3,318,0.064935,,0,0,1,0.874,7.869,12.131,210.0,2.0,floor(1%×vol20),0.0,0.0,443,inf,250.0,official_prepanel,small,108.0,0,可交易（DK_s＝0）,未扣成本（成本參考：2.8 折來回約 0.38%、全額約 0.585%）；交易方法狀態未知（全額交割、變更交易方法、停止信用交易的來源未提供）；容量以 s 日 vol20 估計，未模擬開盤競價量與滑價；容量受限,未扣成本·事後欄位以 m_ 標示·非投資建議
HO,4,2024-05-15,2024-05-16,8080,泰霖,TPEx,S,S0_atr14@5,4,318,0.063866,,0,0,1,-2.874,-4.885,-7.759,129.25,1.0,floor(1%×vol20),0.0,0.0,443,inf,250.0,official_prepanel,small,61.0,0,可交易（DK_s＝0）,未扣成本（成本參考：2.8 折來回約 0.38%、全額約 0.585%）；交易方法狀態未知（全額交割、變更交易方法、停止信用交易的來源未提供）；容量以 s 日 vol20 估計，未模擬開盤競價量與滑價；容量受限,未扣成本·事後欄位以 m_ 標示·非投資建議
HO,4,2024-05-16,2024-05-17,3555,博士旺,TPEx,S,S0_atr14@5,3,318,0.063194,,0,0,1,-0.833,-1.806,-1.25,104.05,1.0,floor(1%×vol20),0.0,0.0,444,inf,250.0,official_prepanel,small,51.0,0,可交易（DK_s＝0）,未扣成本（成本參考：2.8 折來回約 0.38%、全額約 0.585%）；交易方法狀態未知（全額交割、變更交易方法、停止信用交易的來源未提供）；容量以 s 日 vol20 估計，未模擬開盤競價量與滑價；容量受限,未扣成本·事後欄位以 m_ 標示·非投資建議
HO,4,2024-05-16,2024-05-17,3672,康聯訊,TPEx,S,S0_atr14@5,4,318,0.060883,,0,0,1,-3.977,-7.008,-9.848,292.7,2.0,floor(1%×vol20),0.0,0.0,444,inf,250.0,official_prepanel,small,290.0,0,可交易（DK_s＝0）,未扣成本（成本參考：2.8 折來回約 0.38%、全額約 0.585%）；交易方法狀態未知（全額交割、變更交易方法、停止信用交易的來源未提供）；容量以 s 日 vol20 估計，未模擬開盤競價量與滑價；容量受限,未扣成本·事後欄位以 m_ 標示·非投資建議
HO,4,2024-05-16,2024-05-17,4529,淳紳,TPEx,S,S0_atr14@5,2,318,0.063462,,0,0,1,0.791,-10.672,-5.138,159.9,1.0,floor(1%×vol20),0.0,0.0,444,inf,250.0,official_prepanel,small,110.0,0,可交易（DK_s＝0）,未扣成本（成本參考：2.8 折來回約 0.38%、全額約 0.585%）；交易方法狀態未知（全額交割、變更交易方法、停止信用交易的來源未提供）；容量以 s 日 vol20 估計，未模擬開盤競價量與滑價；容量受限,未扣成本·事後欄位以 m_ 標示·非投資建議
HO,4,2024-05-16,2024-05-17,5301,,TPEx,S,S0_atr14@5,5,318,0.057951,,0,0,1,0.0,-18.491,,248.35,2.0,floor(1%×vol20),1.0,0.0,444,inf,250.0,official_prepanel,small,126.0,1,處置中・交易規則另案登錄（DK_s＝1）,未扣成本（成本參考：2.8 折來回約 0.38%、全額約 0.585%）；交易方法狀態未知（全額交割、變更交易方法、停止信用交易的來源未提供）；容量以 s 日 vol20 估計，未模擬開盤競價量與滑價；容量受限,未扣成本·事後欄位以 m_ 標示·非投資建議
HO,4,2024-05-16,2024-05-17,8080,泰霖,TPEx,S,S0_atr14@5,1,318,0.063821,,0,0,1,1.802,-4.204,-2.703,130.75,1.0,floor(1%×vol20),0.0,0.0,444,inf,250.0,official_prepanel,small,37.0,0,可交易（DK_s＝0）,未扣成本（成本參考：2.8 折來回約 0.38%、全額約 0.585%）；交易方法狀態未知（全額交割、變更交易方法、停止信用交易的來源未提供）；容量以 s 日 vol20 估計，未模擬開盤競價量與滑價；容量受限,未扣成本·事後欄位以 m_ 標示·非投資建議
HO,4,2024-05-17,2024-05-20,2718,全心投控,TPEx,S,S0_atr14@5,1,315,0.097434,,0,0,1,0.0,-5.146,-10.971,185.85,1.0,floor(1%×vol20),0.0,2.0,445,inf,250.0,official_prepanel,mid,21.0,0,可交易（DK_s＝0）,未扣成本（成本參考：2.8 折來回約 0.38%、全額約 0.585%）；交易方法狀態未知（全額交割、變更交易方法、停止信用交易的來源未提供）；容量以 s 日 vol20 估計，未模擬開盤競價量與滑價；容量受限,未扣成本·事後欄位以 m_ 標示·非投資建議
HO,4,2024-05-17,2024-05-20,3095,及成,TPEx,S,S0_atr14@5,2,315,0.094161,,0,0,1,-1.606,1.168,2.628,106.0,1.0,floor(1%×vol20),0.0,0.0,445,inf,250.0,official_prepanel,small,84.0,0,可交易（DK_s＝0）,未扣成本（成本參考：2.8 折來回約 0.38%、全額約 0.585%）；交易方法狀態未知（全額交割、變更交易方法、停止信用交易的來源未提供）；容量以 s 日 vol20 估計，未模擬開盤競價量與滑價；容量受限,未扣成本·事後欄位以 m_ 標示·非投資建議
HO,4,2024-05-17,2024-05-20,3555,博士旺,TPEx,S,S0_atr14@5,4,315,0.062025,,0,0,1,5.602,0.7,-0.56,101.9,1.0,floor(1%×vol20),0.0,0.0,445,inf,250.0,official_prepanel,small,48.0,0,可交易（DK_s＝0）,未扣成本（成本參考：2.8 折來回約 0.38%、全額約 0.585%）；交易方法狀態未知（全額交割、變更交易方法、停止信用交易的來源未提供）；容量以 s 日 vol20 估計，未模擬開盤競價量與滑價；容量受限,未扣成本·事後欄位以 m_ 標示·非投資建議
HO,4,2024-05-17,2024-05-20,4529,淳紳,TPEx,S,S0_atr14@5,3,315,0.064986,,0,0,1,-1.953,-8.984,-5.859,142.2,1.0,floor(1%×vol20),0.0,0.0,445,inf,250.0,official_prepanel,small,134.0,0,可交易（DK_s＝0）,未扣成本（成本參考：2.8 折來回約 0.38%、全額約 0.585%）；交易方法狀態未知（全額交割、變更交易方法、停止信用交易的來源未提供）；容量以 s 日 vol20 估計，未模擬開盤競價量與滑價；容量受限,未扣成本·事後欄位以 m_ 標示·非投資建議
HO,4,2024-05-17,2024-05-20,8080,泰霖,TPEx,S,S0_atr14@5,5,315,0.058365,,0,0,1,-1.441,-4.899,-7.205,131.55,1.0,floor(1%×vol20),0.0,0.0,445,inf,250.0,official_prepanel,small,28.0,0,可交易（DK_s＝0）,未扣成本（成本參考：2.8 折來回約 0.38%、全額約 0.585%）；交易方法狀態未知（全額交割、變更交易方法、停止信用交易的來源未提供）；容量以 s 日 vol20 估計，未模擬開盤競價量與滑價；容量受限,未扣成本·事後欄位以 m_ 標示·非投資建議
HO,4,2024-05-20,2024-05-21,2718,全心投控,TPEx,S,S0_atr14@5,1,318,0.093967,,0,0,1,-1.456,-5.922,-9.709,176.7,1.0,floor(1%×vol20),0.0,2.0,446,inf,250.0,official_prepanel,mid,42.0,0,可交易（DK_s＝0）,未扣成本（成本參考：2.8 折來回約 0.38%、全額約 0.585%）；交易方法狀態未知（全額交割、變更交易方法、停止信用交易的來源未提供）；容量以 s 日 vol20 估計，未模擬開盤競價量與滑價；容量受限,未扣成本·事後欄位以 m_ 標示·非投資建議
HO,4,2024-05-20,2024-05-21,3095,及成,TPEx,S,S0_atr14@5,2,318,0.091564,,0,0,1,1.644,3.139,10.314,107.25,1.0,floor(1%×vol20),0.0,0.0,446,inf,250.0,official_prepanel,small,20.0,0,可交易（DK_s＝0）,未扣成本（成本參考：2.8 折來回約 0.38%、全額約 0.585%）；交易方法狀態未知（全額交割、變更交易方法、停止信用交易的來源未提供）；容量以 s 日 vol20 估計，未模擬開盤競價量與滑價；容量受限,未扣成本·事後欄位以 m_ 標示·非投資建議
HO,4,2024-05-20,2024-05-21,3672,康聯訊,TPEx,S,S0_atr14@5,5,318,0.063136,,0,0,1,0.611,-1.426,-2.851,293.85,2.0,floor(1%×vol20),0.0,0.0,446,inf,250.0,official_prepanel,small,22.0,0,可交易（DK_s＝0）,未扣成本（成本參考：2.8 折來回約 0.38%、全額約 0.585%）；交易方法狀態未知（全額交割、變更交易方法、停止信用交易的來源未提供）；容量以 s 日 vol20 估計，未模擬開盤競價量與滑價；容量受限,未扣成本·事後欄位以 m_ 標示·非投資建議
HO,4,2024-05-20,2024-05-21,4529,淳紳,TPEx,S,S0_atr14@5,4,318,0.066306,,0,0,1,-2.041,-8.571,-3.265,134.65,1.0,floor(1%×vol20),0.0,0.0,446,inf,250.0,official_prepanel,small,137.0,0,可交易（DK_s＝0）,未扣成本（成本參考：2.8 折來回約 0.38%、全額約 0.585%）；交易方法狀態未知（全額交割、變更交易方法、停止信用交易的來源未提供）；容量以 s 日 vol20 估計，未模擬開盤競價量與滑價；容量受限,未扣成本·事後欄位以 m_ 標示·非投資建議
HO,4,2024-05-20,2024-05-21,6130,上亞科技,TPEx,S,S0_atr14@5,3,318,0.079575,,0,0,1,0.823,-3.909,-0.823,108.8,1.0,floor(1%×vol20),0.0,0.0,446,inf,250.0,official_prepanel,small,16.0,0,可交易（DK_s＝0）,未扣成本（成本參考：2.8 折來回約 0.38%、全額約 0.585%）；交易方法狀態未知（全額交割、變更交易方法、停止信用交易的來源未提供）；容量以 s 日 vol20 估計，未模擬開盤競價量與滑價；容量受限,未扣成本·事後欄位以 m_ 標示·非投資建議
HO,4,2024-05-21,2024-05-22,2718,全心投控,TPEx,S,S0_atr14@5,2,328,0.090781,,0,0,1,0.0,-8.0,-8.78,175.8,1.0,floor(1%×vol20),0.0,2.0,447,inf,250.0,official_prepanel,mid,19.0,0,可交易（DK_s＝0）,未扣成本（成本參考：2.8 折來回約 0.38%、全額約 0.585%）；交易方法狀態未知（全額交割、變更交易方法、停止信用交易的來源未提供）；容量以 s 日 vol20 估計，未模擬開盤競價量與滑價；容量受限,未扣成本·事後欄位以 m_ 標示·非投資建議
HO,4,2024-05-21,2024-05-22,3095,及成,TPEx,S,S0_atr14@5,3,328,0.082353,,0,0,1,2.246,1.796,9.88,105.35,1.0,floor(1%×vol20),0.0,0.0,447,inf,250.0,official_prepanel,small,48.0,0,可交易（DK_s＝0）,未扣成本（成本參考：2.8 折來回約 0.38%、全額約 0.585%）；交易方法狀態未知（全額交割、變更交易方法、停止信用交易的來源未提供）；容量以 s 日 vol20 估計，未模擬開盤競價量與滑價；容量受限,未扣成本·事後欄位以 m_ 標示·非投資建議
HO,4,2024-05-21,2024-05-22,5301,,TPEx,S,S0_atr14@5,5,328,0.068268,,0,0,1,0.442,7.965,-1.77,276.85,2.0,floor(1%×vol20),0.0,0.0,447,inf,250.0,official_prepanel,small,99.0,0,可交易（DK_s＝0）,未扣成本（成本參考：2.8 折來回約 0.38%、全額約 0.585%）；交易方法狀態未知（全額交割、變更交易方法、停止信用交易的來源未提供）；容量以 s 日 vol20 估計，未模擬開盤競價量與滑價；容量受限,未扣成本·事後欄位以 m_ 標示·非投資建議
HO,4,2024-05-21,2024-05-22,5348,正能量智能,TPEx,S,S0_atr14@5,1,328,0.103585,,0,0,1,-2.692,1.154,-2.692,117.1,1.0,floor(1%×vol20),0.0,0.0,447,inf,250.0,official_prepanel,small,76.0,0,可交易（DK_s＝0）,未扣成本（成本參考：2.8 折來回約 0.38%、全額約 0.585%）；交易方法狀態未知（全額交割、變更交易方法、停止信用交易的來源未提供）；容量以 s 日 vol20 估計，未模擬開盤競價量與滑價；容量受限,未扣成本·事後欄位以 m_ 標示·非投資建議
HO,4,2024-05-21,2024-05-22,6130,上亞科技,TPEx,S,S0_atr14@5,4,328,0.075219,,0,0,1,0.421,0.211,1.474,108.5,1.0,floor(1%×vol20),0.0,0.0,447,inf,250.0,official_prepanel,small,49.0,0,可交易（DK_s＝0）,未扣成本（成本參考：2.8 折來回約 0.38%、全額約 0.585%）；交易方法狀態未知（全額交割、變更交易方法、停止信用交易的來源未提供）；容量以 s 日 vol20 估計，未模擬開盤競價量與滑價；容量受限,未扣成本·事後欄位以 m_ 標示·非投資建議
HO,4,2024-05-22,2024-05-23,2718,全心投控,TPEx,S,S0_atr14@5,2,325,0.083275,,0,0,1,-4.878,-11.122,-6.146,174.0,1.0,floor(1%×vol20),0.0,1.0,448,inf,250.0,official_prepanel,mid,97.0,0,可交易（DK_s＝0）,未扣成本（成本參考：2.8 折來回約 0.38%、全額約 0.585%）；交易方法狀態未知（全額交割、變更交易方法、停止信用交易的來源未提供）；容量以 s 日 vol20 估計，未模擬開盤競價量與滑價；容量受限,未扣成本·事後欄位以 m_ 標示·非投資建議
HO,4,2024-05-22,2024-05-23,3095,及成,TPEx,S,S0_atr14@5,4,325,0.075089,,0,0,1,0.148,1.923,10.799,106.2,1.0,floor(1%×vol20),0.0,0.0,448,inf,250.0,official_prepanel,small,61.0,0,可交易（DK_s＝0）,未扣成本（成本參考：2.8 折來回約 0.38%、全額約 0.585%）；交易方法狀態未知（全額交割、變更交易方法、停止信用交易的來源未提供）；容量以 s 日 vol20 估計，未模擬開盤競價量與滑價；容量受限,未扣成本·事後欄位以 m_ 標示·非投資建議
HO,4,2024-05-22,2024-05-23,5301,,TPEx,S,S0_atr14@5,5,325,0.066079,,0,0,1,-4.0,9.778,-1.778,280.4,2.0,floor(1%×vol20),0.0,0.0,448,inf,250.0,official_prepanel,small,83.0,0,可交易（DK_s＝0）,未扣成本（成本參考：2.8 折來回約 0.38%、全額約 0.585%）；交易方法狀態未知（全額交割、變更交易方法、停止信用交易的來源未提供）；容量以 s 日 vol20 估計，未模擬開盤競價量與滑價；容量受限,未扣成本·事後欄位以 m_ 標示·非投資建議
HO,4,2024-05-22,2024-05-23,5348,正能量智能,TPEx,S,S0_atr14@5,1,325,0.112931,,0,0,1,-5.952,7.143,4.365,117.05,1.0,floor(1%×vol20),0.0,0.0,448,inf,250.0,official_prepanel,small,93.0,0,可交易（DK_s＝0）,未扣成本（成本參考：2.8 折來回約 0.38%、全額約 0.585%）；交易方法狀態未知（全額交割、變更交易方法、停止信用交易的來源未提供）；容量以 s 日 vol20 估計，未模擬開盤競價量與滑價；容量受限,未扣成本·事後欄位以 m_ 標示·非投資建議
HO,4,2024-05-22,2024-05-23,6130,上亞科技,TPEx,S,S0_atr14@5,3,325,0.075621,,0,0,1,-1.046,-2.51,10.879,109.35,1.0,floor(1%×vol20),0.0,0.0,448,inf,250.0,official_prepanel,small,26.0,0,可交易（DK_s＝0）,未扣成本（成本參考：2.8 折來回約 0.38%、全額約 0.585%）；交易方法狀態未知（全額交割、變更交易方法、停止信用交易的來源未提供）；容量以 s 日 vol20 估計，未模擬開盤競價量與滑價；容量受限,未扣成本·事後欄位以 m_ 標示·非投資建議
HO,4,2024-05-23,2024-05-24,2718,全心投控,TPEx,S,S0_atr14@5,2,316,0.078608,,0,0,1,2.411,-4.717,1.677,170.9,1.0,floor(1%×vol20),0.0,0.0,449,inf,250.0,official_prepanel,mid,17.0,0,可交易（DK_s＝0）,未扣成本（成本參考：2.8 折來回約 0.38%、全額約 0.585%）；交易方法狀態未知（全額交割、變更交易方法、停止信用交易的來源未提供）；容量以 s 日 vol20 估計，未模擬開盤競價量與滑價；容量受限,未扣成本·事後欄位以 m_ 標示·非投資建議
HO,4,2024-05-23,2024-05-24,4529,淳紳,TPEx,S,S0_atr14@5,4,316,0.070164,,0,0,1,3.097,6.195,4.867,136.1,1.0,floor(1%×vol20),0.0,0.0,449,inf,250.0,official_prepanel,small,123.0,0,可交易（DK_s＝0）,未扣成本（成本參考：2.8 折來回約 0.38%、全額約 0.585%）；交易方法狀態未知（全額交割、變更交易方法、停止信用交易的來源未提供）；容量以 s 日 vol20 估計，未模擬開盤競價量與滑價；容量受限,未扣成本·事後欄位以 m_ 標示·非投資建議
HO,4,2024-05-23,2024-05-24,5301,,TPEx,S,S0_atr14@5,5,316,0.068783,,0,0,1,6.132,,5.189,283.55,2.0,floor(1%×vol20),0.0,0.0,449,inf,250.0,official_prepanel,small,48.0,0,可交易（DK_s＝0）,未扣成本（成本參考：2.8 折來回約 0.38%、全額約 0.585%）；交易方法狀態未知（全額交割、變更交易方法、停止信用交易的來源未提供）；容量以 s 日 vol20 估計，未模擬開盤競價量與滑價；容量受限,未扣成本·事後欄位以 m_ 標示·非投資建議
HO,4,2024-05-23,2024-05-24,5348,正能量智能,TPEx,S,S0_atr14@5,1,316,0.117239,,0,1,0,0.0,1.538,1.154,114.1,1.0,floor(1%×vol20),0.0,0.0,449,inf,250.0,official_prepanel,small,112.0,0,可交易（DK_s＝0）,未扣成本（成本參考：2.8 折來回約 0.38%、全額約 0.585%）；交易方法狀態未知（全額交割、變更交易方法、停止信用交易的來源未提供）；容量以 s 日 vol20 估計，未模擬開盤競價量與滑價；容量受限,未扣成本·事後欄位以 m_ 標示·非投資建議
HO,4,2024-05-23,2024-05-24,6130,上亞科技,TPEx,S,S0_atr14@5,3,316,0.070371,,0,0,1,1.057,0.211,17.97,109.6,1.0,floor(1%×vol20),0.0,0.0,449,inf,250.0,official_prepanel,small,84.0,0,可交易（DK_s＝0）,未扣成本（成本參考：2.8 折來回約 0.38%、全額約 0.585%）；交易方法狀態未知（全額交割、變更交易方法、停止信用交易的來源未提供）；容量以 s 日 vol20 估計，未模擬開盤競價量與滑價；容量受限,未扣成本·事後欄位以 m_ 標示·非投資建議
HO,4,2024-05-24,2024-05-27,2718,全心投控,TPEx,S,S0_atr14@5,1,314,0.074134,,0,0,1,0.415,-4.974,5.699,164.45,1.0,floor(1%×vol20),0.0,0.0,450,inf,250.0,official_prepanel,mid,68.0,0,可交易（DK_s＝0）,未扣成本（成本參考：2.8 折來回約 0.38%、全額約 0.585%）；交易方法狀態未知（全額交割、變更交易方法、停止信用交易的來源未提供）；容量以 s 日 vol20 估計，未模擬開盤競價量與滑價；容量受限,未扣成本·事後欄位以 m_ 標示·非投資建議
HO,4,2024-05-24,2024-05-27,3672,康聯訊,TPEx,S,S0_atr14@5,2,314,0.065512,,0,0,1,-2.222,-3.838,-8.283,267.55,2.0,floor(1%×vol20),0.0,0.0,450,inf,250.0,official_prepanel,small,45.0,0,可交易（DK_s＝0）,未扣成本（成本參考：2.8 折來回約 0.38%、全額約 0.585%）；交易方法狀態未知（全額交割、變更交易方法、停止信用交易的來源未提供）；容量以 s 日 vol20 估計，未模擬開盤競價量與滑價；容量受限,未扣成本·事後欄位以 m_ 標示·非投資建議
HO,4,2024-05-24,2024-05-27,4529,淳紳,TPEx,S,S0_atr14@5,3,314,0.064684,,0,0,1,-2.183,5.24,3.93,136.05,1.0,floor(1%×vol20),0.0,0.0,450,inf,250.0,official_prepanel,small,104.0,0,可交易（DK_s＝0）,未扣成本（成本參考：2.8 折來回約 0.38%、全額約 0.585%）；交易方法狀態未知（全額交割、變更交易方法、停止信用交易的來源未提供）；容量以 s 日 vol20 估計，未模擬開盤競價量與滑價；容量受限,未扣成本·事後欄位以 m_ 標示·非投資建議
HO,4,2024-05-24,2024-05-27,5301,,TPEx,S,S0_atr14@5,5,314,0.06254,,0,0,1,-3.478,2.174,-3.478,278.0,2.0,floor(1%×vol20),0.0,0.0,450,inf,250.0,official_prepanel,small,15.0,0,可交易（DK_s＝0）,未扣成本（成本參考：2.8 折來回約 0.38%、全額約 0.585%）；交易方法狀態未知（全額交割、變更交易方法、停止信用交易的來源未提供）；容量以 s 日 vol20 估計，未模擬開盤競價量與滑價；容量受限,未扣成本·事後欄位以 m_ 標示·非投資建議
HO,4,2024-05-24,2024-05-27,6130,上亞科技,TPEx,S,S0_atr14@5,4,314,0.064405,,0,0,1,-0.214,-0.214,15.812,111.7,1.0,floor(1%×vol20),0.0,0.0,450,inf,250.0,official_prepanel,small,45.0,0,可交易（DK_s＝0）,未扣成本（成本參考：2.8 折來回約 0.38%、全額約 0.585%）；交易方法狀態未知（全額交割、變更交易方法、停止信用交易的來源未提供）；容量以 s 日 vol20 估計，未模擬開盤競價量與滑價；容量受限,未扣成本·事後欄位以 m_ 標示·非投資建議
HO,4,2024-05-27,2024-05-28,2718,全心投控,TPEx,S,S0_atr14@5,2,316,0.068111,,0,0,1,-2.683,-4.025,3.715,160.6,1.0,floor(1%×vol20),0.0,0.0,451,inf,250.0,official_prepanel,mid,132.0,0,可交易（DK_s＝0）,未扣成本（成本參考：2.8 折來回約 0.38%、全額約 0.585%）；交易方法狀態未知（全額交割、變更交易方法、停止信用交易的來源未提供）；容量以 s 日 vol20 估計，未模擬開盤競價量與滑價；容量受限,未扣成本·事後欄位以 m_ 標示·非投資建議
HO,4,2024-05-27,2024-05-28,3672,康聯訊,TPEx,S,S0_atr14@5,3,316,0.065525,,0,0,1,2.474,-1.649,-6.186,266.55,2.0,floor(1%×vol20),0.0,0.0,451,inf,250.0,official_prepanel,small,11.0,0,可交易（DK_s＝0）,未扣成本（成本參考：2.8 折來回約 0.38%、全額約 0.585%）；交易方法狀態未知（全額交割、變更交易方法、停止信用交易的來源未提供）；容量以 s 日 vol20 估計，未模擬開盤競價量與滑價；容量受限,未扣成本·事後欄位以 m_ 標示·非投資建議
HO,4,2024-05-27,2024-05-28,4529,淳紳,TPEx,S,S0_atr14@5,4,316,0.06537,,0,0,1,3.196,8.219,2.74,139.7,1.0,floor(1%×vol20),0.0,0.0,451,inf,250.0,official_prepanel,small,105.0,0,可交易（DK_s＝0）,未扣成本（成本參考：2.8 折來回約 0.38%、全額約 0.585%）；交易方法狀態未知（全額交割、變更交易方法、停止信用交易的來源未提供）；容量以 s 日 vol20 估計，未模擬開盤競價量與滑價；容量受限,未扣成本·事後欄位以 m_ 標示·非投資建議
HO,4,2024-05-27,2024-05-28,5301,,TPEx,S,S0_atr14@5,5,316,0.062741,,0,0,1,5.172,-1.724,-6.897,256.15,2.0,floor(1%×vol20),0.0,0.0,451,inf,250.0,official_prepanel,small,153.0,0,可交易（DK_s＝0）,未扣成本（成本參考：2.8 折來回約 0.38%、全額約 0.585%）；交易方法狀態未知（全額交割、變更交易方法、停止信用交易的來源未提供）；容量以 s 日 vol20 估計，未模擬開盤競價量與滑價；容量受限,未扣成本·事後欄位以 m_ 標示·非投資建議
HO,4,2024-05-27,2024-05-28,5348,正能量智能,TPEx,S,S0_atr14@5,1,316,0.099838,,0,0,1,-2.593,-6.667,-2.222,114.05,1.0,floor(1%×vol20),0.0,0.0,451,inf,250.0,official_prepanel,small,13.0,0,可交易（DK_s＝0）,未扣成本（成本參考：2.8 折來回約 0.38%、全額約 0.585%）；交易方法狀態未知（全額交割、變更交易方法、停止信用交易的來源未提供）；容量以 s 日 vol20 估計，未模擬開盤競價量與滑價；容量受限,未扣成本·事後欄位以 m_ 標示·非投資建議
HO,4,2024-05-28,2024-05-29,2718,全心投控,TPEx,S,S0_atr14@5,2,310,0.065899,,0,0,1,-3.188,-0.638,3.613,161.0,1.0,floor(1%×vol20),0.0,0.0,452,inf,250.0,official_prepanel,mid,228.0,0,可交易（DK_s＝0）,未扣成本（成本參考：2.8 折來回約 0.38%、全額約 0.585%）；交易方法狀態未知（全額交割、變更交易方法、停止信用交易的來源未提供）；容量以 s 日 vol20 估計，未模擬開盤競價量與滑價；容量受限,未扣成本·事後欄位以 m_ 標示·非投資建議
HO,4,2024-05-28,2024-05-29,3672,康聯訊,TPEx,S,S0_atr14@5,4,310,0.05835,,0,0,1,-1.61,-3.421,-8.853,262.2,2.0,floor(1%×vol20),0.0,0.0,452,inf,250.0,official_prepanel,small,41.0,0,可交易（DK_s＝0）,未扣成本（成本參考：2.8 折來回約 0.38%、全額約 0.585%）；交易方法狀態未知（全額交割、變更交易方法、停止信用交易的來源未提供）；容量以 s 日 vol20 估計，未模擬開盤競價量與滑價；容量受限,未扣成本·事後欄位以 m_ 標示·非投資建議
HO,4,2024-05-28,2024-05-29,4529,淳紳,TPEx,S,S0_atr14@5,3,310,0.064475,,0,0,1,-0.873,4.803,-3.057,141.95,1.0,floor(1%×vol20),0.0,0.0,452,inf,250.0,official_prepanel,small,89.0,0,可交易（DK_s＝0）,未扣成本（成本參考：2.8 折來回約 0.38%、全額約 0.585%）；交易方法狀態未知（全額交割、變更交易方法、停止信用交易的來源未提供）；容量以 s 日 vol20 估計，未模擬開盤競價量與滑價；容量受限,未扣成本·事後欄位以 m_ 標示·非投資建議
HO,4,2024-05-28,2024-05-29,5348,正能量智能,TPEx,S,S0_atr14@5,1,310,0.093156,,0,0,1,8.434,1.606,4.016,111.2,1.0,floor(1%×vol20),0.0,0.0,452,inf,250.0,official_prepanel,small,27.0,0,可交易（DK_s＝0）,未扣成本（成本參考：2.8 折來回約 0.38%、全額約 0.585%）；交易方法狀態未知（全額交割、變更交易方法、停止信用交易的來源未提供）；容量以 s 日 vol20 估計，未模擬開盤競價量與滑價；容量受限,未扣成本·事後欄位以 m_ 標示·非投資建議
HO,4,2024-05-28,2024-05-29,6130,上亞科技,TPEx,S,S0_atr14@5,5,310,0.053571,,0,0,1,-0.427,2.991,10.47,103.0,1.0,floor(1%×vol20),0.0,0.0,452,inf,250.0,official_prepanel,small,32.0,0,可交易（DK_s＝0）,未扣成本（成本參考：2.8 折來回約 0.38%、全額約 0.585%）；交易方法狀態未知（全額交割、變更交易方法、停止信用交易的來源未提供）；容量以 s 日 vol20 估計，未模擬開盤競價量與滑價；容量受限,未扣成本·事後欄位以 m_ 標示·非投資建議
HO,4,2024-05-29,2024-05-30,2718,全心投控,TPEx,S,S0_atr14@5,3,303,0.062961,,0,0,1,-0.22,5.598,6.037,156.1,1.0,floor(1%×vol20),0.0,0.0,453,inf,250.0,official_prepanel,mid,96.0,0,可交易（DK_s＝0）,未扣成本（成本參考：2.8 折來回約 0.38%、全額約 0.585%）；交易方法狀態未知（全額交割、變更交易方法、停止信用交易的來源未提供）；容量以 s 日 vol20 估計，未模擬開盤競價量與滑價；容量受限,未扣成本·事後欄位以 m_ 標示·非投資建議
HO,4,2024-05-29,2024-05-30,2719,燦星旅,TPEx,S,S0_atr14@5,5,303,0.056257,,0,0,1,-6.782,-10.534,-11.833,166.45,1.0,floor(1%×vol20),0.0,0.0,453,inf,250.0,official_prepanel,small,199.0,0,可交易（DK_s＝0）,未扣成本（成本參考：2.8 折來回約 0.38%、全額約 0.585%）；交易方法狀態未知（全額交割、變更交易方法、停止信用交易的來源未提供）；容量以 s 日 vol20 估計，未模擬開盤競價量與滑價；容量受限,未扣成本·事後欄位以 m_ 標示·非投資建議
HO,4,2024-05-29,2024-05-30,4529,淳紳,TPEx,S,S0_atr14@5,4,303,0.060101,,0,0,1,6.667,4.0,0.0,140.9,1.0,floor(1%×vol20),0.0,0.0,453,inf,250.0,official_prepanel,small,289.0,0,可交易（DK_s＝0）,未扣成本（成本參考：2.8 折來回約 0.38%、全額約 0.585%）；交易方法狀態未知（全額交割、變更交易方法、停止信用交易的來源未提供）；容量以 s 日 vol20 估計，未模擬開盤競價量與滑價；容量受限,未扣成本·事後欄位以 m_ 標示·非投資建議
HO,4,2024-05-29,2024-05-30,5348,正能量智能,TPEx,S,S0_atr14@5,1,303,0.088889,,0,0,1,5.179,4.781,3.187,109.9,1.0,floor(1%×vol20),0.0,0.0,453,inf,250.0,official_prepanel,small,19.0,0,可交易（DK_s＝0）,未扣成本（成本參考：2.8 折來回約 0.38%、全額約 0.585%）；交易方法狀態未知（全額交割、變更交易方法、停止信用交易的來源未提供）；容量以 s 日 vol20 估計，未模擬開盤競價量與滑價；容量受限,未扣成本·事後欄位以 m_ 標示·非投資建議
HO,4,2024-05-29,2024-05-30,6629,泰金-KY,TPEx,S,S0_atr14@5,2,303,0.072136,,0,0,1,0.0,5.357,-1.786,143.25,1.0,floor(1%×vol20),0.0,0.0,453,inf,250.0,official_prepanel,small,24.0,0,可交易（DK_s＝0）,未扣成本（成本參考：2.8 折來回約 0.38%、全額約 0.585%）；交易方法狀態未知（全額交割、變更交易方法、停止信用交易的來源未提供）；容量以 s 日 vol20 估計，未模擬開盤競價量與滑價；容量受限,未扣成本·事後欄位以 m_ 標示·非投資建議
HO,4,2024-05-30,2024-05-31,2718,全心投控,TPEx,S,S0_atr14@5,5,301,0.056577,,0,0,1,1.889,7.778,10.889,142.05,1.0,floor(1%×vol20),0.0,0.0,454,inf,250.0,official_prepanel,mid,155.0,0,可交易（DK_s＝0）,未扣成本（成本參考：2.8 折來回約 0.38%、全額約 0.585%）；交易方法狀態未知（全額交割、變更交易方法、停止信用交易的來源未提供）；容量以 s 日 vol20 估計，未模擬開盤競價量與滑價；容量受限,未扣成本·事後欄位以 m_ 標示·非投資建議
HO,4,2024-05-30,2024-05-31,2719,燦星旅,TPEx,S,S0_atr14@5,3,301,0.06015,,0,0,1,-1.082,-4.791,-4.173,161.15,1.0,floor(1%×vol20),0.0,0.0,454,inf,250.0,official_prepanel,small,58.0,0,可交易（DK_s＝0）,未扣成本（成本參考：2.8 折來回約 0.38%、全額約 0.585%）；交易方法狀態未知（全額交割、變更交易方法、停止信用交易的來源未提供）；容量以 s 日 vol20 估計，未模擬開盤競價量與滑價；容量受限,未扣成本·事後欄位以 m_ 標示·非投資建議
HO,4,2024-05-30,2024-05-31,4529,淳紳,TPEx,S,S0_atr14@5,4,301,0.059226,,0,0,1,5.702,3.947,-0.877,146.15,1.0,floor(1%×vol20),0.0,0.0,454,inf,250.0,official_prepanel,small,58.0,0,可交易（DK_s＝0）,未扣成本（成本參考：2.8 折來回約 0.38%、全額約 0.585%）；交易方法狀態未知（全額交割、變更交易方法、停止信用交易的來源未提供）；容量以 s 日 vol20 估計，未模擬開盤競價量與滑價；容量受限,未扣成本·事後欄位以 m_ 標示·非投資建議
HO,4,2024-05-30,2024-05-31,5348,正能量智能,TPEx,S,S0_atr14@5,1,301,0.090909,,0,0,1,5.2,5.2,2.0,108.85,1.0,floor(1%×vol20),0.0,0.0,454,inf,250.0,official_prepanel,small,43.0,0,可交易（DK_s＝0）,未扣成本（成本參考：2.8 折來回約 0.38%、全額約 0.585%）；交易方法狀態未知（全額交割、變更交易方法、停止信用交易的來源未提供）；容量以 s 日 vol20 估計，未模擬開盤競價量與滑價；容量受限,未扣成本·事後欄位以 m_ 標示·非投資建議
HO,4,2024-05-30,2024-05-31,6629,泰金-KY,TPEx,S,S0_atr14@5,2,301,0.07162,,0,0,1,0.0,5.31,-5.752,141.2,1.0,floor(1%×vol20),0.0,0.0,454,inf,250.0,official_prepanel,small,38.0,0,可交易（DK_s＝0）,未扣成本（成本參考：2.8 折來回約 0.38%、全額約 0.585%）；交易方法狀態未知（全額交割、變更交易方法、停止信用交易的來源未提供）；容量以 s 日 vol20 估計，未模擬開盤競價量與滑價；容量受限,未扣成本·事後欄位以 m_ 標示·非投資建議
HO,4,2024-05-31,2024-06-03,2726,雅茗-KY,TPEx,S,S0_atr14@5,4,300,0.060484,,0,0,1,-2.72,-0.64,-2.08,171.15,1.0,floor(1%×vol20),0.0,0.0,455,inf,250.0,official_prepanel,small,47.0,0,可交易（DK_s＝0）,未扣成本（成本參考：2.8 折來回約 0.38%、全額約 0.585%）；交易方法狀態未知（全額交割、變更交易方法、停止信用交易的來源未提供）；容量以 s 日 vol20 估計，未模擬開盤競價量與滑價；容量受限,未扣成本·事後欄位以 m_ 標示·非投資建議
HO,4,2024-05-31,2024-06-03,2923,鼎固-KY,TWSE,S,S0_atr14@5,3,300,0.067834,,0,0,1,0.649,-3.896,-9.091,213.85,2.0,floor(1%×vol20),0.0,0.0,455,inf,250.0,official_prepanel,large,106.0,0,可交易（DK_s＝0）,未扣成本（成本參考：2.8 折來回約 0.38%、全額約 0.585%）；交易方法狀態未知（全額交割、變更交易方法、停止信用交易的來源未提供）；容量以 s 日 vol20 估計，未模擬開盤競價量與滑價；容量受限,未扣成本·事後欄位以 m_ 標示·非投資建議
HO,4,2024-05-31,2024-06-03,4529,淳紳,TPEx,S,S0_atr14@5,5,300,0.059277,,0,0,1,-1.66,-1.245,-6.639,146.55,1.0,floor(1%×vol20),0.0,0.0,455,inf,250.0,official_prepanel,small,58.0,0,可交易（DK_s＝0）,未扣成本（成本參考：2.8 折來回約 0.38%、全額約 0.585%）；交易方法狀態未知（全額交割、變更交易方法、停止信用交易的來源未提供）；容量以 s 日 vol20 估計，未模擬開盤競價量與滑價；容量受限,未扣成本·事後欄位以 m_ 標示·非投資建議
HO,4,2024-05-31,2024-06-03,5348,正能量智能,TPEx,S,S0_atr14@5,1,300,0.087996,,0,0,1,-7.353,-4.412,-5.515,104.4,1.0,floor(1%×vol20),0.0,0.0,455,inf,250.0,official_prepanel,small,33.0,0,可交易（DK_s＝0）,未扣成本（成本參考：2.8 折來回約 0.38%、全額約 0.585%）；交易方法狀態未知（全額交割、變更交易方法、停止信用交易的來源未提供）；容量以 s 日 vol20 估計，未模擬開盤競價量與滑價；容量受限,未扣成本·事後欄位以 m_ 標示·非投資建議
HO,4,2024-05-31,2024-06-03,6629,泰金-KY,TPEx,S,S0_atr14@5,2,300,0.06871,,0,0,1,9.251,4.846,-6.608,142.7,1.0,floor(1%×vol20),0.0,0.0,455,inf,250.0,official_prepanel,small,285.0,0,可交易（DK_s＝0）,未扣成本（成本參考：2.8 折來回約 0.38%、全額約 0.585%）；交易方法狀態未知（全額交割、變更交易方法、停止信用交易的來源未提供）；容量以 s 日 vol20 估計，未模擬開盤競價量與滑價；容量受限,未扣成本·事後欄位以 m_ 標示·非投資建議
HO,4,2024-06-03,2024-06-04,2719,燦星旅,TPEx,S,S0_atr14@5,4,299,0.05841,,0,0,1,0.0,-1.774,-1.452,157.6,1.0,floor(1%×vol20),0.0,0.0,456,inf,250.0,official_prepanel,small,31.0,0,可交易（DK_s＝0）,未扣成本（成本參考：2.8 折來回約 0.38%、全額約 0.585%）；交易方法狀態未知（全額交割、變更交易方法、停止信用交易的來源未提供）；容量以 s 日 vol20 估計，未模擬開盤競價量與滑價；容量受限,未扣成本·事後欄位以 m_ 標示·非投資建議
HO,4,2024-06-03,2024-06-04,2726,雅茗-KY,TPEx,S,S0_atr14@5,2,299,0.061325,,0,0,1,0.0,2.815,1.159,153.4,1.0,floor(1%×vol20),0.0,0.0,456,inf,250.0,official_prepanel,small,26.0,0,可交易（DK_s＝0）,未扣成本（成本參考：2.8 折來回約 0.38%、全額約 0.585%）；交易方法狀態未知（全額交割、變更交易方法、停止信用交易的來源未提供）；容量以 s 日 vol20 估計，未模擬開盤競價量與滑價；容量受限,未扣成本·事後欄位以 m_ 標示·非投資建議
HO,4,2024-06-03,2024-06-04,2923,鼎固-KY,TWSE,S,S0_atr14@5,1,299,0.068779,,0,0,1,-0.491,-6.547,-4.91,196.85,1.0,floor(1%×vol20),0.0,0.0,456,inf,250.0,official_prepanel,large,51.0,0,可交易（DK_s＝0）,未扣成本（成本參考：2.8 折來回約 0.38%、全額約 0.585%）；交易方法狀態未知（全額交割、變更交易方法、停止信用交易的來源未提供）；容量以 s 日 vol20 估計，未模擬開盤競價量與滑價；容量受限,未扣成本·事後欄位以 m_ 標示·非投資建議
HO,4,2024-06-03,2024-06-04,4529,淳紳,TPEx,S,S0_atr14@5,3,299,0.06088,,0,0,1,0.418,-5.858,-7.95,127.4,1.0,floor(1%×vol20),0.0,0.0,456,inf,250.0,official_prepanel,small,72.0,0,可交易（DK_s＝0）,未扣成本（成本參考：2.8 折來回約 0.38%、全額約 0.585%）；交易方法狀態未知（全額交割、變更交易方法、停止信用交易的來源未提供）；容量以 s 日 vol20 估計，未模擬開盤競價量與滑價；容量受限,未扣成本·事後欄位以 m_ 標示·非投資建議
HO,4,2024-06-03,2024-06-04,6716,應廣,TPEx,S,S0_atr14@5,5,299,0.052438,,0,0,1,-5.159,-4.762,-2.778,237.4,2.0,floor(1%×vol20),0.0,0.0,456,inf,250.0,official_prepanel,small,105.0,0,可交易（DK_s＝0）,未扣成本（成本參考：2.8 折來回約 0.38%、全額約 0.585%）；交易方法狀態未知（全額交割、變更交易方法、停止信用交易的來源未提供）；容量以 s 日 vol20 估計，未模擬開盤競價量與滑價；容量受限,未扣成本·事後欄位以 m_ 標示·非投資建議
HO,4,2024-06-04,2024-06-05,2719,燦星旅,TPEx,S,S0_atr14@5,4,302,0.056336,,0,0,1,0.0,-0.968,-2.419,150.15,1.0,floor(1%×vol20),0.0,0.0,457,inf,250.0,official_prepanel,small,20.0,0,可交易（DK_s＝0）,未扣成本（成本參考：2.8 折來回約 0.38%、全額約 0.585%）；交易方法狀態未知（全額交割、變更交易方法、停止信用交易的來源未提供）；容量以 s 日 vol20 估計，未模擬開盤競價量與滑價；容量受限,未扣成本·事後欄位以 m_ 標示·非投資建議
HO,4,2024-06-04,2024-06-05,2726,雅茗-KY,TPEx,S,S0_atr14@5,5,302,0.055937,,0,0,1,1.329,2.658,1.163,145.75,1.0,floor(1%×vol20),0.0,0.0,457,inf,250.0,official_prepanel,small,14.0,0,可交易（DK_s＝0）,未扣成本（成本參考：2.8 折來回約 0.38%、全額約 0.585%）；交易方法狀態未知（全額交割、變更交易方法、停止信用交易的來源未提供）；容量以 s 日 vol20 估計，未模擬開盤競價量與滑價；容量受限,未扣成本·事後欄位以 m_ 標示·非投資建議
HO,4,2024-06-04,2024-06-05,2923,鼎固-KY,TWSE,S,S0_atr14@5,3,302,0.065789,,0,0,1,-0.667,-5.5,1.667,192.9,1.0,floor(1%×vol20),0.0,0.0,457,inf,250.0,official_prepanel,large,53.0,0,可交易（DK_s＝0）,未扣成本（成本參考：2.8 折來回約 0.38%、全額約 0.585%）；交易方法狀態未知（全額交割、變更交易方法、停止信用交易的來源未提供）；容量以 s 日 vol20 估計，未模擬開盤競價量與滑價；容量受限,未扣成本·事後欄位以 m_ 標示·非投資建議
HO,4,2024-06-04,2024-06-05,6419,京晨科,TPEx,S,S0_atr14@5,2,302,0.06705,,1,1,0,0.0,12.195,-5.575,295.75,2.0,floor(1%×vol20),1.0,0.0,457,inf,250.0,official_prepanel,small,155.0,0,處置中・交易規則另案登錄（DK_s＝1）,未扣成本（成本參考：2.8 折來回約 0.38%、全額約 0.585%）；交易方法狀態未知（全額交割、變更交易方法、停止信用交易的來源未提供）；容量以 s 日 vol20 估計，未模擬開盤競價量與滑價；容量受限,未扣成本·事後欄位以 m_ 標示·非投資建議
HO,4,2024-06-04,2024-06-05,6629,泰金-KY,TPEx,S,S0_atr14@5,1,302,0.067224,,0,0,1,-2.075,-9.129,-7.054,167.8,1.0,floor(1%×vol20),0.0,0.0,457,inf,250.0,official_prepanel,small,69.0,0,可交易（DK_s＝0）,未扣成本（成本參考：2.8 折來回約 0.38%、全額約 0.585%）；交易方法狀態未知（全額交割、變更交易方法、停止信用交易的來源未提供）；容量以 s 日 vol20 估計，未模擬開盤競價量與滑價；容量受限,未扣成本·事後欄位以 m_ 標示·非投資建議
HO,4,2024-06-05,2024-06-06,2719,燦星旅,TPEx,S,S0_atr14@5,5,297,0.052304,,0,0,1,0.326,-0.489,-1.303,148.8,1.0,floor(1%×vol20),0.0,0.0,458,inf,250.0,official_prepanel,small,25.0,0,可交易（DK_s＝0）,未扣成本（成本參考：2.8 折來回約 0.38%、全額約 0.585%）；交易方法狀態未知（全額交割、變更交易方法、停止信用交易的來源未提供）；容量以 s 日 vol20 估計，未模擬開盤競價量與滑價；容量受限,未扣成本·事後欄位以 m_ 標示·非投資建議
HO,4,2024-06-05,2024-06-06,2923,鼎固-KY,TWSE,S,S0_atr14@5,2,297,0.063039,,0,0,1,1.027,-2.055,12.158,193.35,1.0,floor(1%×vol20),0.0,0.0,458,inf,250.0,official_prepanel,large,78.0,0,可交易（DK_s＝0）,未扣成本（成本參考：2.8 折來回約 0.38%、全額約 0.585%）；交易方法狀態未知（全額交割、變更交易方法、停止信用交易的來源未提供）；容量以 s 日 vol20 估計，未模擬開盤競價量與滑價；容量受限,未扣成本·事後欄位以 m_ 標示·非投資建議
HO,4,2024-06-05,2024-06-06,4529,淳紳,TPEx,S,S0_atr14@5,3,297,0.054945,,0,0,1,-1.66,-6.639,-1.66,123.65,1.0,floor(1%×vol20),0.0,0.0,458,inf,250.0,official_prepanel,small,78.0,0,可交易（DK_s＝0）,未扣成本（成本參考：2.8 折來回約 0.38%、全額約 0.585%）；交易方法狀態未知（全額交割、變更交易方法、停止信用交易的來源未提供）；容量以 s 日 vol20 估計，未模擬開盤競價量與滑價；容量受限,未扣成本·事後欄位以 m_ 標示·非投資建議
HO,4,2024-06-05,2024-06-06,6629,泰金-KY,TPEx,S,S0_atr14@5,1,297,0.068705,,0,0,1,-0.833,-8.333,2.5,170.35,1.0,floor(1%×vol20),0.0,0.0,458,inf,250.0,official_prepanel,small,50.0,0,可交易（DK_s＝0）,未扣成本（成本參考：2.8 折來回約 0.38%、全額約 0.585%）；交易方法狀態未知（全額交割、變更交易方法、停止信用交易的來源未提供）；容量以 s 日 vol20 估計，未模擬開盤競價量與滑價；容量受限,未扣成本·事後欄位以 m_ 標示·非投資建議
HO,4,2024-06-05,2024-06-06,6716,應廣,TPEx,S,S0_atr14@5,4,297,0.053571,,0,0,1,-1.613,-3.629,-0.403,239.3,2.0,floor(1%×vol20),0.0,0.0,458,inf,250.0,official_prepanel,small,61.0,0,可交易（DK_s＝0）,未扣成本（成本參考：2.8 折來回約 0.38%、全額約 0.585%）；交易方法狀態未知（全額交割、變更交易方法、停止信用交易的來源未提供）；容量以 s 日 vol20 估計，未模擬開盤競價量與滑價；容量受限,未扣成本·事後欄位以 m_ 標示·非投資建議
HO,4,2024-06-06,2024-06-07,2719,燦星旅,TPEx,S,S0_atr14@5,5,301,0.051136,,0,0,1,0.806,0.0,-2.097,145.05,1.0,floor(1%×vol20),0.0,0.0,459,inf,250.0,official_prepanel,small,37.0,0,可交易（DK_s＝0）,未扣成本（成本參考：2.8 折來回約 0.38%、全額約 0.585%）；交易方法狀態未知（全額交割、變更交易方法、停止信用交易的來源未提供）；容量以 s 日 vol20 估計，未模擬開盤競價量與滑價；容量受限,未扣成本·事後欄位以 m_ 標示·非投資建議
HO,4,2024-06-06,2024-06-07,2923,鼎固-KY,TWSE,S,S0_atr14@5,2,301,0.060291,,0,0,1,0.339,-2.373,8.475,196.9,1.0,floor(1%×vol20),0.0,0.0,459,inf,250.0,official_prepanel,large,21.0,0,可交易（DK_s＝0）,未扣成本（成本參考：2.8 折來回約 0.38%、全額約 0.585%）；交易方法狀態未知（全額交割、變更交易方法、停止信用交易的來源未提供）；容量以 s 日 vol20 估計，未模擬開盤競價量與滑價；容量受限,未扣成本·事後欄位以 m_ 標示·非投資建議
HO,4,2024-06-06,2024-06-07,4529,淳紳,TPEx,S,S0_atr14@5,3,301,0.054852,,0,0,1,1.709,-3.419,9.402,115.85,1.0,floor(1%×vol20),0.0,0.0,459,inf,250.0,official_prepanel,small,48.0,0,可交易（DK_s＝0）,未扣成本（成本參考：2.8 折來回約 0.38%、全額約 0.585%）；交易方法狀態未知（全額交割、變更交易方法、停止信用交易的來源未提供）；容量以 s 日 vol20 估計，未模擬開盤競價量與滑價；容量受限,未扣成本·事後欄位以 m_ 標示·非投資建議
HO,4,2024-06-06,2024-06-07,6629,泰金-KY,TPEx,S,S0_atr14@5,1,301,0.068127,,0,0,1,1.277,-9.362,-2.128,171.6,1.0,floor(1%×vol20),0.0,0.0,459,inf,250.0,official_prepanel,small,258.0,0,可交易（DK_s＝0）,未扣成本（成本參考：2.8 折來回約 0.38%、全額約 0.585%）；交易方法狀態未知（全額交割、變更交易方法、停止信用交易的來源未提供）；容量以 s 日 vol20 估計，未模擬開盤競價量與滑價；容量受限,未扣成本·事後欄位以 m_ 標示·非投資建議
HO,4,2024-06-06,2024-06-07,6716,應廣,TPEx,S,S0_atr14@5,4,301,0.054742,,0,0,1,2.049,-4.098,-0.41,239.6,2.0,floor(1%×vol20),0.0,0.0,459,inf,250.0,official_prepanel,small,76.0,0,可交易（DK_s＝0）,未扣成本（成本參考：2.8 折來回約 0.38%、全額約 0.585%）；交易方法狀態未知（全額交割、變更交易方法、停止信用交易的來源未提供）；容量以 s 日 vol20 估計，未模擬開盤競價量與滑價；容量受限,未扣成本·事後欄位以 m_ 標示·非投資建議
HO,4,2024-06-07,2024-06-11,2923,鼎固-KY,TWSE,S,S0_atr14@5,2,297,0.056105,,0,0,1,-0.696,-2.609,10.435,193.7,1.0,floor(1%×vol20),0.0,0.0,460,inf,250.0,official_prepanel,large,60.0,0,可交易（DK_s＝0）,未扣成本（成本參考：2.8 折來回約 0.38%、全額約 0.585%）；交易方法狀態未知（全額交割、變更交易方法、停止信用交易的來源未提供）；容量以 s 日 vol20 估計，未模擬開盤競價量與滑價；容量受限,未扣成本·事後欄位以 m_ 標示·非投資建議
HO,4,2024-06-07,2024-06-11,4529,淳紳,TPEx,S,S0_atr14@5,4,297,0.051921,,0,0,1,-5.858,-5.858,10.879,106.5,1.0,floor(1%×vol20),0.0,0.0,460,inf,250.0,official_prepanel,small,81.0,0,可交易（DK_s＝0）,未扣成本（成本參考：2.8 折來回約 0.38%、全額約 0.585%）；交易方法狀態未知（全額交割、變更交易方法、停止信用交易的來源未提供）；容量以 s 日 vol20 估計，未模擬開盤競價量與滑價；容量受限,未扣成本·事後欄位以 m_ 標示·非投資建議
HO,4,2024-06-07,2024-06-11,4728,雙美,TPEx,S,S0_atr14@5,3,297,0.052001,,0,0,1,-3.165,2.532,3.323,186.0,1.0,floor(1%×vol20),0.0,0.0,460,inf,250.0,official_prepanel,mid,260.0,0,可交易（DK_s＝0）,未扣成本（成本參考：2.8 折來回約 0.38%、全額約 0.585%）；交易方法狀態未知（全額交割、變更交易方法、停止信用交易的來源未提供）；容量以 s 日 vol20 估計，未模擬開盤競價量與滑價；容量受限,未扣成本·事後欄位以 m_ 標示·非投資建議
HO,4,2024-06-07,2024-06-11,6629,泰金-KY,TPEx,S,S0_atr14@5,1,297,0.069328,,0,0,1,-0.439,-7.018,-3.07,182.55,1.0,floor(1%×vol20),0.0,0.0,460,inf,250.0,official_prepanel,small,71.0,0,可交易（DK_s＝0）,未扣成本（成本參考：2.8 折來回約 0.38%、全額約 0.585%）；交易方法狀態未知（全額交割、變更交易方法、停止信用交易的來源未提供）；容量以 s 日 vol20 估計，未模擬開盤競價量與滑價；容量受限,未扣成本·事後欄位以 m_ 標示·非投資建議
HO,4,2024-06-07,2024-06-11,6716,應廣,TPEx,S,S0_atr14@5,5,297,0.049914,,0,0,1,-1.639,-2.869,-2.049,242.3,2.0,floor(1%×vol20),0.0,0.0,460,inf,250.0,official_prepanel,small,123.0,0,可交易（DK_s＝0）,未扣成本（成本參考：2.8 折來回約 0.38%、全額約 0.585%）；交易方法狀態未知（全額交割、變更交易方法、停止信用交易的來源未提供）；容量以 s 日 vol20 估計，未模擬開盤競價量與滑價；容量受限,未扣成本·事後欄位以 m_ 標示·非投資建議
HO,4,2024-06-11,2024-06-12,2923,鼎固-KY,TWSE,S,S0_atr14@5,3,295,0.055166,,0,0,1,-0.701,1.751,15.587,192.95,1.0,floor(1%×vol20),0.0,0.0,461,inf,250.0,official_prepanel,large,10.0,0,可交易（DK_s＝0）,未扣成本（成本參考：2.8 折來回約 0.38%、全額約 0.585%）；交易方法狀態未知（全額交割、變更交易方法、停止信用交易的來源未提供）；容量以 s 日 vol20 估計，未模擬開盤競價量與滑價；容量受限,未扣成本·事後欄位以 m_ 標示·非投資建議
HO,4,2024-06-11,2024-06-12,4529,淳紳,TPEx,S,S0_atr14@5,2,295,0.056825,,0,0,1,-3.057,-3.93,15.721,101.05,1.0,floor(1%×vol20),0.0,0.0,461,inf,250.0,official_prepanel,small,193.0,0,可交易（DK_s＝0）,未扣成本（成本參考：2.8 折來回約 0.38%、全額約 0.585%）；交易方法狀態未知（全額交割、變更交易方法、停止信用交易的來源未提供）；容量以 s 日 vol20 估計，未模擬開盤競價量與滑價；容量受限,未扣成本·事後欄位以 m_ 標示·非投資建議
HO,4,2024-06-11,2024-06-12,4728,雙美,TPEx,S,S0_atr14@5,4,295,0.053338,,0,0,1,4.16,12.479,7.321,196.7,1.0,floor(1%×vol20),0.0,0.0,461,inf,250.0,official_prepanel,mid,217.0,0,可交易（DK_s＝0）,未扣成本（成本參考：2.8 折來回約 0.38%、全額約 0.585%）；交易方法狀態未知（全額交割、變更交易方法、停止信用交易的來源未提供）；容量以 s 日 vol20 估計，未模擬開盤競價量與滑價；容量受限,未扣成本·事後欄位以 m_ 標示·非投資建議
HO,4,2024-06-11,2024-06-12,6556,勝品,TPEx,S,S0_atr14@5,5,295,0.052547,,0,0,1,3.07,3.947,4.386,144.15,1.0,floor(1%×vol20),0.0,0.0,461,inf,250.0,official_prepanel,small,198.0,0,可交易（DK_s＝0）,未扣成本（成本參考：2.8 折來回約 0.38%、全額約 0.585%）；交易方法狀態未知（全額交割、變更交易方法、停止信用交易的來源未提供）；容量以 s 日 vol20 估計，未模擬開盤競價量與滑價；容量受限,未扣成本·事後欄位以 m_ 標示·非投資建議
HO,4,2024-06-11,2024-06-12,6629,泰金-KY,TPEx,S,S0_atr14@5,1,295,0.070485,,0,0,1,-0.455,-2.727,4.545,176.9,1.0,floor(1%×vol20),0.0,0.0,461,inf,250.0,official_prepanel,small,200.0,0,可交易（DK_s＝0）,未扣成本（成本參考：2.8 折來回約 0.38%、全額約 0.585%）；交易方法狀態未知（全額交割、變更交易方法、停止信用交易的來源未提供）；容量以 s 日 vol20 估計，未模擬開盤競價量與滑價；容量受限,未扣成本·事後欄位以 m_ 標示·非投資建議
HO,4,2024-06-12,2024-06-13,4529,淳紳,TPEx,S,S0_atr14@5,2,294,0.059524,,0,0,1,1.81,9.502,14.48,107.8,1.0,floor(1%×vol20),0.0,0.0,462,inf,250.0,official_prepanel,small,103.0,0,可交易（DK_s＝0）,未扣成本（成本參考：2.8 折來回約 0.38%、全額約 0.585%）；交易方法狀態未知（全額交割、變更交易方法、停止信用交易的來源未提供）；容量以 s 日 vol20 估計，未模擬開盤競價量與滑價；容量受限,未扣成本·事後欄位以 m_ 標示·非投資建議
HO,4,2024-06-12,2024-06-13,4728,雙美,TPEx,S,S0_atr14@5,4,294,0.053058,,0,0,1,3.492,6.032,2.222,200.95,2.0,floor(1%×vol20),0.0,0.0,462,inf,250.0,official_prepanel,mid,281.0,0,可交易（DK_s＝0）,未扣成本（成本參考：2.8 折來回約 0.38%、全額約 0.585%）；交易方法狀態未知（全額交割、變更交易方法、停止信用交易的來源未提供）；容量以 s 日 vol20 估計，未模擬開盤競價量與滑價；容量受限,未扣成本·事後欄位以 m_ 標示·非投資建議
HO,4,2024-06-12,2024-06-13,6556,勝品,TPEx,S,S0_atr14@5,3,294,0.055015,,0,0,1,-1.293,2.155,3.017,148.6,1.0,floor(1%×vol20),0.0,0.0,462,inf,250.0,official_prepanel,small,133.0,0,可交易（DK_s＝0）,未扣成本（成本參考：2.8 折來回約 0.38%、全額約 0.585%）；交易方法狀態未知（全額交割、變更交易方法、停止信用交易的來源未提供）；容量以 s 日 vol20 估計，未模擬開盤競價量與滑價；容量受限,未扣成本·事後欄位以 m_ 標示·非投資建議
HO,4,2024-06-12,2024-06-13,6629,泰金-KY,TPEx,S,S0_atr14@5,1,294,0.071429,,0,0,1,2.326,4.186,6.977,156.85,1.0,floor(1%×vol20),0.0,0.0,462,inf,250.0,official_prepanel,small,54.0,0,可交易（DK_s＝0）,未扣成本（成本參考：2.8 折來回約 0.38%、全額約 0.585%）；交易方法狀態未知（全額交割、變更交易方法、停止信用交易的來源未提供）；容量以 s 日 vol20 估計，未模擬開盤競價量與滑價；容量受限,未扣成本·事後欄位以 m_ 標示·非投資建議
HO,4,2024-06-12,2024-06-13,6735,美達科技,TPEx,S,S0_atr14@5,5,294,0.051829,,0,0,1,3.307,-1.938,-4.219,285.85,2.0,floor(1%×vol20),0.0,0.0,462,inf,250.0,official_prepanel,small,162.0,0,可交易（DK_s＝0）,未扣成本（成本參考：2.8 折來回約 0.38%、全額約 0.585%）；交易方法狀態未知（全額交割、變更交易方法、停止信用交易的來源未提供）；容量以 s 日 vol20 估計，未模擬開盤競價量與滑價；容量受限,未扣成本·事後欄位以 m_ 標示·非投資建議
HO,4,2024-06-13,2024-06-14,4529,淳紳,TPEx,S,S0_atr14@5,3,310,0.05619,,0,0,1,0.444,5.333,13.778,107.8,1.0,floor(1%×vol20),0.0,0.0,463,inf,250.0,official_prepanel,small,75.0,0,可交易（DK_s＝0）,未扣成本（成本參考：2.8 折來回約 0.38%、全額約 0.585%）；交易方法狀態未知（全額交割、變更交易方法、停止信用交易的來源未提供）；容量以 s 日 vol20 估計，未模擬開盤競價量與滑價；容量受限,未扣成本·事後欄位以 m_ 標示·非投資建議
HO,4,2024-06-13,2024-06-14,4728,雙美,TPEx,S,S0_atr14@5,4,310,0.053791,,0,0,1,-4.511,4.211,-3.158,211.05,2.0,floor(1%×vol20),0.0,0.0,463,inf,250.0,official_prepanel,mid,116.0,0,可交易（DK_s＝0）,未扣成本（成本參考：2.8 折來回約 0.38%、全額約 0.585%）；交易方法狀態未知（全額交割、變更交易方法、停止信用交易的來源未提供）；容量以 s 日 vol20 估計，未模擬開盤競價量與滑價；容量受限,未扣成本·事後欄位以 m_ 標示·非投資建議
HO,4,2024-06-13,2024-06-14,6556,勝品,TPEx,S,S0_atr14@5,2,310,0.058391,,0,0,1,-0.437,5.677,6.114,147.3,1.0,floor(1%×vol20),0.0,0.0,463,inf,250.0,official_prepanel,small,90.0,0,可交易（DK_s＝0）,未扣成本（成本參考：2.8 折來回約 0.38%、全額約 0.585%）；交易方法狀態未知（全額交割、變更交易方法、停止信用交易的來源未提供）；容量以 s 日 vol20 估計，未模擬開盤競價量與滑價；容量受限,未扣成本·事後欄位以 m_ 標示·非投資建議
HO,4,2024-06-13,2024-06-14,6629,泰金-KY,TPEx,S,S0_atr14@5,1,310,0.068506,,0,0,1,-2.294,12.844,9.633,150.0,1.0,floor(1%×vol20),0.0,0.0,463,inf,250.0,official_prepanel,small,120.0,0,可交易（DK_s＝0）,未扣成本（成本參考：2.8 折來回約 0.38%、全額約 0.585%）；交易方法狀態未知（全額交割、變更交易方法、停止信用交易的來源未提供）；容量以 s 日 vol20 估計，未模擬開盤競價量與滑價；容量受限,未扣成本·事後欄位以 m_ 標示·非投資建議
HO,4,2024-06-13,2024-06-14,6735,美達科技,TPEx,S,S0_atr14@5,5,310,0.051561,,0,0,1,-3.422,-3.753,-9.492,286.8,2.0,floor(1%×vol20),0.0,0.0,463,inf,250.0,official_prepanel,small,137.0,0,可交易（DK_s＝0）,未扣成本（成本參考：2.8 折來回約 0.38%、全額約 0.585%）；交易方法狀態未知（全額交割、變更交易方法、停止信用交易的來源未提供）；容量以 s 日 vol20 估計，未模擬開盤競價量與滑價；容量受限,未扣成本·事後欄位以 m_ 標示·非投資建議
HO,4,2024-06-14,2024-06-17,4529,淳紳,TPEx,S,S0_atr14@5,4,303,0.053729,,0,0,1,-0.442,13.274,12.389,103.6,1.0,floor(1%×vol20),0.0,0.0,464,inf,250.0,official_prepanel,small,68.0,0,可交易（DK_s＝0）,未扣成本（成本參考：2.8 折來回約 0.38%、全額約 0.585%）；交易方法狀態未知（全額交割、變更交易方法、停止信用交易的來源未提供）；容量以 s 日 vol20 估計，未模擬開盤競價量與滑價；容量受限,未扣成本·事後欄位以 m_ 標示·非投資建議
HO,4,2024-06-14,2024-06-17,4728,雙美,TPEx,S,S0_atr14@5,5,303,0.053656,,0,0,1,1.567,7.524,3.918,215.05,2.0,floor(1%×vol20),0.0,0.0,464,inf,250.0,official_prepanel,mid,77.0,0,可交易（DK_s＝0）,未扣成本（成本參考：2.8 折來回約 0.38%、全額約 0.585%）；交易方法狀態未知（全額交割、變更交易方法、停止信用交易的來源未提供）；容量以 s 日 vol20 估計，未模擬開盤競價量與滑價；容量受限,未扣成本·事後欄位以 m_ 標示·非投資建議
HO,4,2024-06-14,2024-06-17,6556,勝品,TPEx,S,S0_atr14@5,2,303,0.057707,,0,0,1,0.877,4.386,7.456,144.2,1.0,floor(1%×vol20),0.0,0.0,464,inf,250.0,official_prepanel,small,72.0,0,可交易（DK_s＝0）,未扣成本（成本參考：2.8 折來回約 0.38%、全額約 0.585%）；交易方法狀態未知（全額交割、變更交易方法、停止信用交易的來源未提供）；容量以 s 日 vol20 估計，未模擬開盤競價量與滑價；容量受限,未扣成本·事後欄位以 m_ 標示·非投資建議
HO,4,2024-06-14,2024-06-17,6629,泰金-KY,TPEx,S,S0_atr14@5,1,303,0.06774,,0,0,1,0.0,8.491,17.925,142.75,1.0,floor(1%×vol20),0.0,0.0,464,inf,250.0,official_prepanel,small,40.0,0,可交易（DK_s＝0）,未扣成本（成本參考：2.8 折來回約 0.38%、全額約 0.585%）；交易方法狀態未知（全額交割、變更交易方法、停止信用交易的來源未提供）；容量以 s 日 vol20 估計，未模擬開盤競價量與滑價；容量受限,未扣成本·事後欄位以 m_ 標示·非投資建議
HO,4,2024-06-14,2024-06-17,6735,美達科技,TPEx,S,S0_atr14@5,3,303,0.05502,,0,0,1,0.113,-2.593,-3.946,286.15,2.0,floor(1%×vol20),0.0,0.0,464,inf,250.0,official_prepanel,small,104.0,0,可交易（DK_s＝0）,未扣成本（成本參考：2.8 折來回約 0.38%、全額約 0.585%）；交易方法狀態未知（全額交割、變更交易方法、停止信用交易的來源未提供）；容量以 s 日 vol20 估計，未模擬開盤競價量與滑價；容量受限,未扣成本·事後欄位以 m_ 標示·非投資建議
HO,4,2024-06-17,2024-06-18,3577,泓格,TPEx,S,S0_atr14@5,4,305,0.051782,,0,0,1,0.0,-1.961,0.392,225.0,2.0,floor(1%×vol20),0.0,0.0,465,inf,250.0,official_prepanel,small,686.0,0,可交易（DK_s＝0）,未扣成本（成本參考：2.8 折來回約 0.38%、全額約 0.585%）；交易方法狀態未知（全額交割、變更交易方法、停止信用交易的來源未提供）；容量以 s 日 vol20 估計，未模擬開盤競價量與滑價；容量受限,未扣成本·事後欄位以 m_ 標示·非投資建議
HO,4,2024-06-17,2024-06-18,4728,雙美,TPEx,S,S0_atr14@5,5,305,0.051477,,0,0,1,4.321,0.772,4.784,216.8,2.0,floor(1%×vol20),0.0,0.0,465,inf,250.0,official_prepanel,mid,154.0,0,可交易（DK_s＝0）,未扣成本（成本參考：2.8 折來回約 0.38%、全額約 0.585%）；交易方法狀態未知（全額交割、變更交易方法、停止信用交易的來源未提供）；容量以 s 日 vol20 估計，未模擬開盤競價量與滑價；容量受限,未扣成本·事後欄位以 m_ 標示·非投資建議
HO,4,2024-06-17,2024-06-18,6556,勝品,TPEx,S,S0_atr14@5,3,305,0.053106,,0,0,1,0.424,0.0,1.695,142.9,1.0,floor(1%×vol20),0.0,0.0,465,inf,250.0,official_prepanel,small,193.0,0,可交易（DK_s＝0）,未扣成本（成本參考：2.8 折來回約 0.38%、全額約 0.585%）；交易方法狀態未知（全額交割、變更交易方法、停止信用交易的來源未提供）；容量以 s 日 vol20 估計，未模擬開盤競價量與滑價；容量受限,未扣成本·事後欄位以 m_ 標示·非投資建議
HO,4,2024-06-17,2024-06-18,6629,泰金-KY,TPEx,S,S0_atr14@5,1,305,0.062668,,0,0,1,0.0,3.271,20.093,140.5,1.0,floor(1%×vol20),0.0,0.0,465,inf,250.0,official_prepanel,small,69.0,0,可交易（DK_s＝0）,未扣成本（成本參考：2.8 折來回約 0.38%、全額約 0.585%）；交易方法狀態未知（全額交割、變更交易方法、停止信用交易的來源未提供）；容量以 s 日 vol20 估計，未模擬開盤競價量與滑價；容量受限,未扣成本·事後欄位以 m_ 標示·非投資建議
HO,4,2024-06-17,2024-06-18,6735,美達科技,TPEx,S,S0_atr14@5,2,305,0.053571,,0,0,1,-4.515,-8.811,-2.753,283.95,2.0,floor(1%×vol20),0.0,0.0,465,inf,250.0,official_prepanel,small,226.0,0,可交易（DK_s＝0）,未扣成本（成本參考：2.8 折來回約 0.38%、全額約 0.585%）；交易方法狀態未知（全額交割、變更交易方法、停止信用交易的來源未提供）；容量以 s 日 vol20 估計，未模擬開盤競價量與滑價；容量受限,未扣成本·事後欄位以 m_ 標示·非投資建議
HO,4,2024-06-18,2024-06-19,3577,泓格,TPEx,S,S0_atr14@5,2,306,0.057633,,0,0,1,-0.39,-0.78,0.975,255.7,2.0,floor(1%×vol20),0.0,0.0,466,inf,250.0,official_prepanel,small,121.0,0,可交易（DK_s＝0）,未扣成本（成本參考：2.8 折來回約 0.38%、全額約 0.585%）；交易方法狀態未知（全額交割、變更交易方法、停止信用交易的來源未提供）；容量以 s 日 vol20 估計，未模擬開盤競價量與滑價；容量受限,未扣成本·事後欄位以 m_ 標示·非投資建議
HO,4,2024-06-18,2024-06-19,3593,力銘,TWSE,S,S0_atr14@5,4,306,0.053305,,0,0,1,-0.769,0.769,7.692,204.0,2.0,floor(1%×vol20),0.0,0.0,466,inf,250.0,official_prepanel,small,188.0,0,可交易（DK_s＝0）,未扣成本（成本參考：2.8 折來回約 0.38%、全額約 0.585%）；交易方法狀態未知（全額交割、變更交易方法、停止信用交易的來源未提供）；容量以 s 日 vol20 估計，未模擬開盤競價量與滑價；容量受限,未扣成本·事後欄位以 m_ 標示·非投資建議
HO,4,2024-06-18,2024-06-19,6556,勝品,TPEx,S,S0_atr14@5,5,306,0.051838,,0,0,1,-1.25,-0.833,-1.667,148.6,1.0,floor(1%×vol20),0.0,0.0,466,inf,250.0,official_prepanel,small,84.0,0,可交易（DK_s＝0）,未扣成本（成本參考：2.8 折來回約 0.38%、全額約 0.585%）；交易方法狀態未知（全額交割、變更交易方法、停止信用交易的來源未提供）；容量以 s 日 vol20 估計，未模擬開盤競價量與滑價；容量受限,未扣成本·事後欄位以 m_ 標示·非投資建議
HO,4,2024-06-18,2024-06-19,6629,泰金-KY,TPEx,S,S0_atr14@5,1,306,0.060414,,0,0,1,5.66,8.491,16.981,129.6,1.0,floor(1%×vol20),0.0,0.0,466,inf,250.0,official_prepanel,small,52.0,0,可交易（DK_s＝0）,未扣成本（成本參考：2.8 折來回約 0.38%、全額約 0.585%）；交易方法狀態未知（全額交割、變更交易方法、停止信用交易的來源未提供）；容量以 s 日 vol20 估計，未模擬開盤競價量與滑價；容量受限,未扣成本·事後欄位以 m_ 標示·非投資建議
HO,4,2024-06-18,2024-06-19,6735,美達科技,TPEx,S,S0_atr14@5,3,306,0.053633,,0,0,1,-2.384,-4.654,2.838,287.25,2.0,floor(1%×vol20),0.0,0.0,466,inf,250.0,official_prepanel,small,129.0,0,可交易（DK_s＝0）,未扣成本（成本參考：2.8 折來回約 0.38%、全額約 0.585%）；交易方法狀態未知（全額交割、變更交易方法、停止信用交易的來源未提供）；容量以 s 日 vol20 估計，未模擬開盤競價量與滑價；容量受限,未扣成本·事後欄位以 m_ 標示·非投資建議
HO,4,2024-06-19,2024-06-20,3593,力銘,TWSE,S,S0_atr14@5,3,303,0.057032,,0,0,1,0.388,0.775,6.977,212.55,2.0,floor(1%×vol20),0.0,0.0,467,inf,250.0,official_prepanel,small,132.0,0,可交易（DK_s＝0）,未扣成本（成本參考：2.8 折來回約 0.38%、全額約 0.585%）；交易方法狀態未知（全額交割、變更交易方法、停止信用交易的來源未提供）；容量以 s 日 vol20 估計，未模擬開盤競價量與滑價；容量受限,未扣成本·事後欄位以 m_ 標示·非投資建議
HO,4,2024-06-19,2024-06-20,6130,上亞科技,TPEx,S,S0_atr14@5,5,303,0.053018,,0,0,1,0.194,15.504,36.047,117.4,1.0,floor(1%×vol20),0.0,0.0,467,inf,250.0,official_prepanel,small,116.0,0,可交易（DK_s＝0）,未扣成本（成本參考：2.8 折來回約 0.38%、全額約 0.585%）；交易方法狀態未知（全額交割、變更交易方法、停止信用交易的來源未提供）；容量以 s 日 vol20 估計，未模擬開盤競價量與滑價；容量受限,未扣成本·事後欄位以 m_ 標示·非投資建議
HO,4,2024-06-19,2024-06-20,6629,泰金-KY,TPEx,S,S0_atr14@5,2,303,0.059949,,0,0,1,5.128,-1.709,5.128,122.25,1.0,floor(1%×vol20),0.0,0.0,467,inf,250.0,official_prepanel,small,260.0,0,可交易（DK_s＝0）,未扣成本（成本參考：2.8 折來回約 0.38%、全額約 0.585%）；交易方法狀態未知（全額交割、變更交易方法、停止信用交易的來源未提供）；容量以 s 日 vol20 估計，未模擬開盤競價量與滑價；容量受限,未扣成本·事後欄位以 m_ 標示·非投資建議
HO,4,2024-06-19,2024-06-20,6735,美達科技,TPEx,S,S0_atr14@5,4,303,0.053987,,0,0,1,0.0,-3.67,4.358,289.4,2.0,floor(1%×vol20),0.0,0.0,467,inf,250.0,official_prepanel,small,95.0,0,可交易（DK_s＝0）,未扣成本（成本參考：2.8 折來回約 0.38%、全額約 0.585%）；交易方法狀態未知（全額交割、變更交易方法、停止信用交易的來源未提供）；容量以 s 日 vol20 估計，未模擬開盤競價量與滑價；容量受限,未扣成本·事後欄位以 m_ 標示·非投資建議
HO,4,2024-06-19,2024-06-20,8455,大拓-KY,TPEx,S,S0_atr14@5,1,303,0.081712,,0,0,1,-0.403,5.242,-8.737,132.0,1.0,floor(1%×vol20),0.0,0.0,467,inf,250.0,official_prepanel,small,91.0,0,可交易（DK_s＝0）,未扣成本（成本參考：2.8 折來回約 0.38%、全額約 0.585%）；交易方法狀態未知（全額交割、變更交易方法、停止信用交易的來源未提供）；容量以 s 日 vol20 估計，未模擬開盤競價量與滑價；容量受限,未扣成本·事後欄位以 m_ 標示·非投資建議
HO,4,2024-06-20,2024-06-21,3593,力銘,TWSE,S,S0_atr14@5,4,306,0.05626,,0,0,1,5.098,1.961,6.275,216.55,2.0,floor(1%×vol20),0.0,0.0,468,inf,250.0,official_prepanel,small,192.0,0,可交易（DK_s＝0）,未扣成本（成本參考：2.8 折來回約 0.38%、全額約 0.585%）；交易方法狀態未知（全額交割、變更交易方法、停止信用交易的來源未提供）；容量以 s 日 vol20 估計，未模擬開盤競價量與滑價；容量受限,未扣成本·事後欄位以 m_ 標示·非投資建議
HO,4,2024-06-20,2024-06-21,6130,上亞科技,TPEx,S,S0_atr14@5,5,306,0.053468,,0,0,1,0.594,15.842,35.842,120.75,1.0,floor(1%×vol20),0.0,0.0,468,inf,250.0,official_prepanel,small,47.0,0,可交易（DK_s＝0）,未扣成本（成本參考：2.8 折來回約 0.38%、全額約 0.585%）；交易方法狀態未知（全額交割、變更交易方法、停止信用交易的來源未提供）；容量以 s 日 vol20 估計，未模擬開盤競價量與滑價；容量受限,未扣成本·事後欄位以 m_ 標示·非投資建議
HO,4,2024-06-20,2024-06-21,6496,科懋,TPEx,S,S0_atr14@5,3,306,0.061255,,0,0,1,1.42,5.678,10.568,240.45,2.0,floor(1%×vol20),0.0,0.0,468,inf,250.0,official_prepanel,small,189.0,0,可交易（DK_s＝0）,未扣成本（成本參考：2.8 折來回約 0.38%、全額約 0.585%）；交易方法狀態未知（全額交割、變更交易方法、停止信用交易的來源未提供）；容量以 s 日 vol20 估計，未模擬開盤競價量與滑價；容量受限,未扣成本·事後欄位以 m_ 標示·非投資建議
HO,4,2024-06-20,2024-06-21,6512,啟發電,TPEx,S,S0_atr14@5,2,306,0.069351,,0,0,1,2.612,7.276,1.679,202.15,2.0,floor(1%×vol20),1.0,0.0,468,inf,250.0,official_prepanel,small,130.0,0,處置中・交易規則另案登錄（DK_s＝1）,未扣成本（成本參考：2.8 折來回約 0.38%、全額約 0.585%）；交易方法狀態未知（全額交割、變更交易方法、停止信用交易的來源未提供）；容量以 s 日 vol20 估計，未模擬開盤競價量與滑價；容量受限,未扣成本·事後欄位以 m_ 標示·非投資建議
HO,4,2024-06-20,2024-06-21,8455,大拓-KY,TPEx,S,S0_atr14@5,1,306,0.082514,,0,0,1,2.983,4.261,-3.409,135.5,1.0,floor(1%×vol20),0.0,0.0,468,inf,250.0,official_prepanel,small,21.0,0,可交易（DK_s＝0）,未扣成本（成本參考：2.8 折來回約 0.38%、全額約 0.585%）；交易方法狀態未知（全額交割、變更交易方法、停止信用交易的來源未提供）；容量以 s 日 vol20 估計，未模擬開盤競價量與滑價；容量受限,未扣成本·事後欄位以 m_ 標示·非投資建議
HO,4,2024-06-21,2024-06-24,6496,科懋,TPEx,S,S0_atr14@5,4,315,0.064097,,0,0,1,2.644,3.266,6.843,248.15,2.0,floor(1%×vol20),0.0,0.0,469,inf,250.0,official_prepanel,small,438.0,0,可交易（DK_s＝0）,未扣成本（成本參考：2.8 折來回約 0.38%、全額約 0.585%）；交易方法狀態未知（全額交割、變更交易方法、停止信用交易的來源未提供）；容量以 s 日 vol20 估計，未模擬開盤競價量與滑價；容量受限,未扣成本·事後欄位以 m_ 標示·非投資建議
HO,4,2024-06-21,2024-06-24,6512,啟發電,TPEx,S,S0_atr14@5,2,315,0.067273,,0,0,1,-2.536,3.986,-1.087,207.9,2.0,floor(1%×vol20),0.0,0.0,469,inf,250.0,official_prepanel,small,60.0,0,可交易（DK_s＝0）,未扣成本（成本參考：2.8 折來回約 0.38%、全額約 0.585%）；交易方法狀態未知（全額交割、變更交易方法、停止信用交易的來源未提供）；容量以 s 日 vol20 估計，未模擬開盤競價量與滑價；容量受限,未扣成本·事後欄位以 m_ 標示·非投資建議
HO,4,2024-06-21,2024-06-24,6629,泰金-KY,TPEx,S,S0_atr14@5,3,315,0.065217,,0,0,1,-2.212,10.619,8.85,117.7,1.0,floor(1%×vol20),0.0,0.0,469,inf,250.0,official_prepanel,small,57.0,0,可交易（DK_s＝0）,未扣成本（成本參考：2.8 折來回約 0.38%、全額約 0.585%）；交易方法狀態未知（全額交割、變更交易方法、停止信用交易的來源未提供）；容量以 s 日 vol20 估計，未模擬開盤競價量與滑價；容量受限,未扣成本·事後欄位以 m_ 標示·非投資建議
HO,4,2024-06-21,2024-06-24,6674,鋐寶科技,TWSE,S,S0_atr14@5,5,315,0.060171,,0,0,1,-1.431,-1.61,-2.683,117.75,1.0,floor(1%×vol20),0.0,0.0,469,inf,250.0,official_prepanel,small,41.0,0,可交易（DK_s＝0）,未扣成本（成本參考：2.8 折來回約 0.38%、全額約 0.585%）；交易方法狀態未知（全額交割、變更交易方法、停止信用交易的來源未提供）；容量以 s 日 vol20 估計，未模擬開盤競價量與滑價；容量受限,未扣成本·事後欄位以 m_ 標示·非投資建議
HO,4,2024-06-21,2024-06-24,8455,大拓-KY,TPEx,S,S0_atr14@5,1,315,0.081182,,0,0,1,1.143,9.143,2.571,136.25,1.0,floor(1%×vol20),0.0,0.0,469,inf,250.0,official_prepanel,small,31.0,0,可交易（DK_s＝0）,未扣成本（成本參考：2.8 折來回約 0.38%、全額約 0.585%）；交易方法狀態未知（全額交割、變更交易方法、停止信用交易的來源未提供）；容量以 s 日 vol20 估計，未模擬開盤競價量與滑價；容量受限,未扣成本·事後欄位以 m_ 標示·非投資建議
HO,4,2024-06-24,2024-06-25,4555,氣立,TWSE,S,S0_atr14@5,2,307,0.069767,,0,0,1,-5.538,-4.473,-6.799,112.05,1.0,floor(1%×vol20),0.0,0.0,470,inf,250.0,official_prepanel,small,182.0,0,可交易（DK_s＝0）,未扣成本（成本參考：2.8 折來回約 0.38%、全額約 0.585%）；交易方法狀態未知（全額交割、變更交易方法、停止信用交易的來源未提供）；容量以 s 日 vol20 估計，未模擬開盤競價量與滑價；容量受限,未扣成本·事後欄位以 m_ 標示·非投資建議
HO,4,2024-06-24,2024-06-25,6496,科懋,TPEx,S,S0_atr14@5,4,307,0.063312,,0,0,1,2.421,10.439,2.269,269.65,2.0,floor(1%×vol20),0.0,0.0,470,inf,250.0,official_prepanel,small,116.0,0,可交易（DK_s＝0）,未扣成本（成本參考：2.8 折來回約 0.38%、全額約 0.585%）；交易方法狀態未知（全額交割、變更交易方法、停止信用交易的來源未提供）；容量以 s 日 vol20 估計，未模擬開盤競價量與滑價；容量受限,未扣成本·事後欄位以 m_ 標示·非投資建議
HO,4,2024-06-24,2024-06-25,6512,啟發電,TPEx,S,S0_atr14@5,3,307,0.063728,,0,0,1,0.372,4.833,-1.115,205.35,2.0,floor(1%×vol20),0.0,0.0,470,inf,250.0,official_prepanel,small,75.0,0,可交易（DK_s＝0）,未扣成本（成本參考：2.8 折來回約 0.38%、全額約 0.585%）；交易方法狀態未知（全額交割、變更交易方法、停止信用交易的來源未提供）；容量以 s 日 vol20 估計，未模擬開盤競價量與滑價；容量受限,未扣成本·事後欄位以 m_ 標示·非投資建議
HO,4,2024-06-24,2024-06-25,6629,泰金-KY,TPEx,S,S0_atr14@5,5,307,0.062056,,0,0,1,4.545,16.818,4.545,116.9,1.0,floor(1%×vol20),0.0,0.0,470,inf,250.0,official_prepanel,small,52.0,0,可交易（DK_s＝0）,未扣成本（成本參考：2.8 折來回約 0.38%、全額約 0.585%）；交易方法狀態未知（全額交割、變更交易方法、停止信用交易的來源未提供）；容量以 s 日 vol20 估計，未模擬開盤競價量與滑價；容量受限,未扣成本·事後欄位以 m_ 標示·非投資建議
HO,4,2024-06-24,2024-06-25,8455,大拓-KY,TPEx,S,S0_atr14@5,1,307,0.077986,,0,0,1,11.143,1.0,-2.429,137.75,1.0,floor(1%×vol20),0.0,0.0,470,inf,250.0,official_prepanel,small,126.0,0,可交易（DK_s＝0）,未扣成本（成本參考：2.8 折來回約 0.38%、全額約 0.585%）；交易方法狀態未知（全額交割、變更交易方法、停止信用交易的來源未提供）；容量以 s 日 vol20 估計，未模擬開盤競價量與滑價；容量受限,未扣成本·事後欄位以 m_ 標示·非投資建議
HO,4,2024-06-25,2024-06-26,3593,力銘,TWSE,S,S0_atr14@5,5,311,0.055344,,0,0,1,0.0,7.692,38.077,229.7,2.0,floor(1%×vol20),0.0,0.0,471,inf,250.0,official_prepanel,small,74.0,0,可交易（DK_s＝0）,未扣成本（成本參考：2.8 折來回約 0.38%、全額約 0.585%）；交易方法狀態未知（全額交割、變更交易方法、停止信用交易的來源未提供）；容量以 s 日 vol20 估計，未模擬開盤競價量與滑價；容量受限,未扣成本·事後欄位以 m_ 標示·非投資建議
HO,4,2024-06-25,2024-06-26,4555,氣立,TWSE,S,S0_atr14@5,1,311,0.076664,,0,0,1,4.305,3.136,0.299,116.15,1.0,floor(1%×vol20),0.0,0.0,471,inf,250.0,official_prepanel,small,282.0,0,可交易（DK_s＝0）,未扣成本（成本參考：2.8 折來回約 0.38%、全額約 0.585%）；交易方法狀態未知（全額交割、變更交易方法、停止信用交易的來源未提供）；容量以 s 日 vol20 估計，未模擬開盤競價量與滑價；容量受限,未扣成本·事後欄位以 m_ 標示·非投資建議
HO,4,2024-06-25,2024-06-26,6496,科懋,TPEx,S,S0_atr14@5,2,311,0.059295,,0,0,1,-0.293,3.953,-4.832,274.75,2.0,floor(1%×vol20),0.0,0.0,471,inf,250.0,official_prepanel,small,123.0,0,可交易（DK_s＝0）,未扣成本（成本參考：2.8 折來回約 0.38%、全額約 0.585%）；交易方法狀態未知（全額交割、變更交易方法、停止信用交易的來源未提供）；容量以 s 日 vol20 估計，未模擬開盤競價量與滑價；容量受限,未扣成本·事後欄位以 m_ 標示·非投資建議
HO,4,2024-06-25,2024-06-26,6512,啟發電,TPEx,S,S0_atr14@5,3,311,0.058466,,0,0,1,8.592,7.678,-5.85,207.5,2.0,floor(1%×vol20),0.0,0.0,471,inf,250.0,official_prepanel,small,677.0,0,可交易（DK_s＝0）,未扣成本（成本參考：2.8 折來回約 0.38%、全額約 0.585%）；交易方法狀態未知（全額交割、變更交易方法、停止信用交易的來源未提供）；容量以 s 日 vol20 估計，未模擬開盤競價量與滑價；容量受限,未扣成本·事後欄位以 m_ 標示·非投資建議
HO,4,2024-06-25,2024-06-26,6674,鋐寶科技,TWSE,S,S0_atr14@5,4,311,0.05625,,0,0,1,-2.473,-4.77,-7.067,120.6,1.0,floor(1%×vol20),0.0,0.0,471,inf,250.0,official_prepanel,small,60.0,0,可交易（DK_s＝0）,未扣成本（成本參考：2.8 折來回約 0.38%、全額約 0.585%）；交易方法狀態未知（全額交割、變更交易方法、停止信用交易的來源未提供）；容量以 s 日 vol20 估計，未模擬開盤競價量與滑價；容量受限,未扣成本·事後欄位以 m_ 標示·非投資建議
HO,4,2024-06-26,2024-06-27,3593,力銘,TWSE,S,S0_atr14@5,4,303,0.053846,,0,0,1,0.775,6.977,52.713,232.1,2.0,floor(1%×vol20),0.0,0.0,472,inf,250.0,official_prepanel,small,65.0,0,可交易（DK_s＝0）,未扣成本（成本參考：2.8 折來回約 0.38%、全額約 0.585%）；交易方法狀態未知（全額交割、變更交易方法、停止信用交易的來源未提供）；容量以 s 日 vol20 估計，未模擬開盤競價量與滑價；容量受限,未扣成本·事後欄位以 m_ 標示·非投資建議
HO,4,2024-06-26,2024-06-27,4529,淳紳,TPEx,S,S0_atr14@5,3,303,0.056748,,0,0,1,1.186,-1.186,-7.115,161.85,1.0,floor(1%×vol20),0.0,0.0,472,inf,250.0,official_prepanel,small,131.0,0,可交易（DK_s＝0）,未扣成本（成本參考：2.8 折來回約 0.38%、全額約 0.585%）；交易方法狀態未知（全額交割、變更交易方法、停止信用交易的來源未提供）；容量以 s 日 vol20 估計，未模擬開盤競價量與滑價；容量受限,未扣成本·事後欄位以 m_ 標示·非投資建議
HO,4,2024-06-26,2024-06-27,4555,氣立,TWSE,S,S0_atr14@5,1,303,0.081179,,0,0,1,-0.977,3.746,-0.651,128.55,1.0,floor(1%×vol20),0.0,0.0,472,inf,250.0,official_prepanel,small,221.0,0,可交易（DK_s＝0）,未扣成本（成本參考：2.8 折來回約 0.38%、全額約 0.585%）；交易方法狀態未知（全額交割、變更交易方法、停止信用交易的來源未提供）；容量以 s 日 vol20 估計，未模擬開盤競價量與滑價；容量受限,未扣成本·事後欄位以 m_ 標示·非投資建議
HO,4,2024-06-26,2024-06-27,6496,科懋,TPEx,S,S0_atr14@5,5,303,0.053388,,0,0,1,1.515,7.576,0.455,279.3,2.0,floor(1%×vol20),0.0,0.0,472,inf,250.0,official_prepanel,small,114.0,0,可交易（DK_s＝0）,未扣成本（成本參考：2.8 折來回約 0.38%、全額約 0.585%）；交易方法狀態未知（全額交割、變更交易方法、停止信用交易的來源未提供）；容量以 s 日 vol20 估計，未模擬開盤競價量與滑價；容量受限,未扣成本·事後欄位以 m_ 標示·非投資建議
HO,4,2024-06-26,2024-06-27,8455,大拓-KY,TPEx,S,S0_atr14@5,2,303,0.066867,,0,0,1,-2.133,-9.467,-12.0,147.0,1.0,floor(1%×vol20),0.0,0.0,472,inf,250.0,official_prepanel,small,49.0,0,可交易（DK_s＝0）,未扣成本（成本參考：2.8 折來回約 0.38%、全額約 0.585%）；交易方法狀態未知（全額交割、變更交易方法、停止信用交易的來源未提供）；容量以 s 日 vol20 估計，未模擬開盤競價量與滑價；容量受限,未扣成本·事後欄位以 m_ 標示·非投資建議
HO,4,2024-06-27,2024-06-28,3593,力銘,TWSE,S,S0_atr14@5,3,307,0.05522,,0,0,1,-0.385,4.231,66.538,233.2,2.0,floor(1%×vol20),0.0,0.0,473,inf,250.0,official_prepanel,small,85.0,0,可交易（DK_s＝0）,未扣成本（成本參考：2.8 折來回約 0.38%、全額約 0.585%）；交易方法狀態未知（全額交割、變更交易方法、停止信用交易的來源未提供）；容量以 s 日 vol20 估計，未模擬開盤競價量與滑價；容量受限,未扣成本·事後欄位以 m_ 標示·非投資建議
HO,4,2024-06-27,2024-06-28,4529,淳紳,TPEx,S,S0_atr14@5,4,307,0.054967,,0,0,1,-0.781,-5.078,-10.938,163.95,1.0,floor(1%×vol20),0.0,0.0,473,inf,250.0,official_prepanel,small,125.0,0,可交易（DK_s＝0）,未扣成本（成本參考：2.8 折來回約 0.38%、全額約 0.585%）；交易方法狀態未知（全額交割、變更交易方法、停止信用交易的來源未提供）；容量以 s 日 vol20 估計，未模擬開盤競價量與滑價；容量受限,未扣成本·事後欄位以 m_ 標示·非投資建議
HO,4,2024-06-27,2024-06-28,4555,氣立,TWSE,S,S0_atr14@5,1,307,0.078929,,0,0,1,4.754,0.0,0.328,138.65,1.0,floor(1%×vol20),0.0,0.0,473,inf,250.0,official_prepanel,small,75.0,0,可交易（DK_s＝0）,未扣成本（成本參考：2.8 折來回約 0.38%、全額約 0.585%）；交易方法狀態未知（全額交割、變更交易方法、停止信用交易的來源未提供）；容量以 s 日 vol20 估計，未模擬開盤競價量與滑價；容量受限,未扣成本·事後欄位以 m_ 標示·非投資建議
HO,4,2024-06-27,2024-06-28,6629,泰金-KY,TPEx,S,S0_atr14@5,5,307,0.0526,,0,0,1,0.0,-3.6,-6.4,112.35,1.0,floor(1%×vol20),0.0,0.0,473,inf,250.0,official_prepanel,small,212.0,0,可交易（DK_s＝0）,未扣成本（成本參考：2.8 折來回約 0.38%、全額約 0.585%）；交易方法狀態未知（全額交割、變更交易方法、停止信用交易的來源未提供）；容量以 s 日 vol20 估計，未模擬開盤競價量與滑價；容量受限,未扣成本·事後欄位以 m_ 標示·非投資建議
HO,4,2024-06-27,2024-06-28,8455,大拓-KY,TPEx,S,S0_atr14@5,2,307,0.071039,,0,0,1,4.087,-7.357,-15.123,141.85,1.0,floor(1%×vol20),0.0,0.0,473,inf,250.0,official_prepanel,small,37.0,0,可交易（DK_s＝0）,未扣成本（成本參考：2.8 折來回約 0.38%、全額約 0.585%）；交易方法狀態未知（全額交割、變更交易方法、停止信用交易的來源未提供）；容量以 s 日 vol20 估計，未模擬開盤競價量與滑價；容量受限,未扣成本·事後欄位以 m_ 標示·非投資建議
HO,4,2024-06-28,2024-07-01,3073,天方能源,TPEx,S,S0_atr14@5,4,312,0.059037,,0,0,1,-1.214,44.371,63.576,183.05,1.0,floor(1%×vol20),0.0,1.0,474,inf,250.0,official_prepanel,small,232.0,0,可交易（DK_s＝0）,未扣成本（成本參考：2.8 折來回約 0.38%、全額約 0.585%）；交易方法狀態未知（全額交割、變更交易方法、停止信用交易的來源未提供）；容量以 s 日 vol20 估計，未模擬開盤競價量與滑價；容量受限,未扣成本·事後欄位以 m_ 標示·非投資建議
HO,4,2024-06-28,2024-07-01,3095,及成,TPEx,S,S0_atr14@5,1,312,0.076264,,0,0,1,-2.361,12.232,33.476,173.35,1.0,floor(1%×vol20),0.0,0.0,474,inf,250.0,official_prepanel,small,163.0,0,可交易（DK_s＝0）,未扣成本（成本參考：2.8 折來回約 0.38%、全額約 0.585%）；交易方法狀態未知（全額交割、變更交易方法、停止信用交易的來源未提供）；容量以 s 日 vol20 估計，未模擬開盤競價量與滑價；容量受限,未扣成本·事後欄位以 m_ 標示·非投資建議
HO,4,2024-06-28,2024-07-01,4529,淳紳,TPEx,S,S0_atr14@5,5,312,0.055681,,0,0,1,-4.183,-7.605,-11.407,155.75,1.0,floor(1%×vol20),0.0,0.0,474,inf,250.0,official_prepanel,small,104.0,0,可交易（DK_s＝0）,未扣成本（成本參考：2.8 折來回約 0.38%、全額約 0.585%）；交易方法狀態未知（全額交割、變更交易方法、停止信用交易的來源未提供）；容量以 s 日 vol20 估計，未模擬開盤競價量與滑價；容量受限,未扣成本·事後欄位以 m_ 標示·非投資建議
HO,4,2024-06-28,2024-07-01,4555,氣立,TWSE,S,S0_atr14@5,2,312,0.073919,,0,0,1,-3.9,-3.276,-8.112,141.2,1.0,floor(1%×vol20),0.0,0.0,474,inf,250.0,official_prepanel,small,149.0,0,可交易（DK_s＝0）,未扣成本（成本參考：2.8 折來回約 0.38%、全額約 0.585%）；交易方法狀態未知（全額交割、變更交易方法、停止信用交易的來源未提供）；容量以 s 日 vol20 估計，未模擬開盤競價量與滑價；容量受限,未扣成本·事後欄位以 m_ 標示·非投資建議
HO,4,2024-06-28,2024-07-01,8455,大拓-KY,TPEx,S,S0_atr14@5,3,312,0.067595,,0,0,1,-7.461,-6.021,-10.34,139.85,1.0,floor(1%×vol20),0.0,0.0,474,inf,250.0,official_prepanel,small,54.0,0,可交易（DK_s＝0）,未扣成本（成本參考：2.8 折來回約 0.38%、全額約 0.585%）；交易方法狀態未知（全額交割、變更交易方法、停止信用交易的來源未提供）；容量以 s 日 vol20 估計，未模擬開盤競價量與滑價；容量受限,未扣成本·事後欄位以 m_ 標示·非投資建議
HO,5,2024-07-01,2024-07-02,3073,天方能源,TPEx,S,S0_atr14@5,4,307,0.060575,,1,0,1,9.333,59.778,81.111,186.2,1.0,floor(1%×vol20),0.0,1.0,475,inf,250.0,official_prepanel,small,395.0,0,可交易（DK_s＝0）,未扣成本（成本參考：2.8 折來回約 0.38%、全額約 0.585%）；交易方法狀態未知（全額交割、變更交易方法、停止信用交易的來源未提供）；容量以 s 日 vol20 估計，未模擬開盤競價量與滑價；容量受限,未扣成本·事後欄位以 m_ 標示·非投資建議
HO,5,2024-07-01,2024-07-02,3095,及成,TPEx,S,S0_atr14@5,2,307,0.074568,,0,0,1,0.22,26.374,50.33,177.35,1.0,floor(1%×vol20),0.0,0.0,475,inf,250.0,official_prepanel,small,74.0,0,可交易（DK_s＝0）,未扣成本（成本參考：2.8 折來回約 0.38%、全額約 0.585%）；交易方法狀態未知（全額交割、變更交易方法、停止信用交易的來源未提供）；容量以 s 日 vol20 估計，未模擬開盤競價量與滑價；容量受限,未扣成本·事後欄位以 m_ 標示·非投資建議
HO,5,2024-07-01,2024-07-02,4529,淳紳,TPEx,S,S0_atr14@5,5,307,0.054989,,0,0,1,-1.176,-5.882,-7.451,158.05,1.0,floor(1%×vol20),0.0,0.0,475,inf,250.0,official_prepanel,small,95.0,0,可交易（DK_s＝0）,未扣成本（成本參考：2.8 折來回約 0.38%、全額約 0.585%）；交易方法狀態未知（全額交割、變更交易方法、停止信用交易的來源未提供）；容量以 s 日 vol20 估計，未模擬開盤競價量與滑價；容量受限,未扣成本·事後欄位以 m_ 標示·非投資建議
HO,5,2024-07-01,2024-07-02,4555,氣立,TWSE,S,S0_atr14@5,1,307,0.075208,,0,0,1,1.311,-1.475,-5.574,147.0,1.0,floor(1%×vol20),0.0,0.0,475,inf,250.0,official_prepanel,small,260.0,0,可交易（DK_s＝0）,未扣成本（成本參考：2.8 折來回約 0.38%、全額約 0.585%）；交易方法狀態未知（全額交割、變更交易方法、停止信用交易的來源未提供）；容量以 s 日 vol20 估計，未模擬開盤競價量與滑價；容量受限,未扣成本·事後欄位以 m_ 標示·非投資建議
HO,5,2024-07-01,2024-07-02,8455,大拓-KY,TPEx,S,S0_atr14@5,3,307,0.073045,,0,0,1,-6.806,-5.139,4.583,138.0,1.0,floor(1%×vol20),0.0,0.0,475,inf,250.0,official_prepanel,small,128.0,0,可交易（DK_s＝0）,未扣成本（成本參考：2.8 折來回約 0.38%、全額約 0.585%）；交易方法狀態未知（全額交割、變更交易方法、停止信用交易的來源未提供）；容量以 s 日 vol20 估計，未模擬開盤競價量與滑價；容量受限,未扣成本·事後欄位以 m_ 標示·非投資建議
HO,5,2024-07-02,2024-07-03,3095,及成,TPEx,S,S0_atr14@5,3,311,0.070802,,0,0,1,-2.951,37.705,50.82,174.7,1.0,floor(1%×vol20),0.0,0.0,476,inf,250.0,official_prepanel,small,55.0,0,可交易（DK_s＝0）,未扣成本（成本參考：2.8 折來回約 0.38%、全額約 0.585%）；交易方法狀態未知（全額交割、變更交易方法、停止信用交易的來源未提供）；容量以 s 日 vol20 估計，未模擬開盤競價量與滑價；容量受限,未扣成本·事後欄位以 m_ 標示·非投資建議
HO,5,2024-07-02,2024-07-03,4502,健信,TPEx,S,S0_atr14@5,4,311,0.06131,,0,0,1,0.166,-3.494,-1.83,118.6,1.0,floor(1%×vol20),0.0,0.0,476,inf,250.0,official_prepanel,small,10.0,0,可交易（DK_s＝0）,未扣成本（成本參考：2.8 折來回約 0.38%、全額約 0.585%）；交易方法狀態未知（全額交割、變更交易方法、停止信用交易的來源未提供）；容量以 s 日 vol20 估計，未模擬開盤競價量與滑價；容量受限,未扣成本·事後欄位以 m_ 標示·非投資建議
HO,5,2024-07-02,2024-07-03,4529,淳紳,TPEx,S,S0_atr14@5,5,311,0.052154,,0,0,1,-0.398,-8.765,-7.57,159.9,1.0,floor(1%×vol20),0.0,0.0,476,inf,250.0,official_prepanel,small,58.0,0,可交易（DK_s＝0）,未扣成本（成本參考：2.8 折來回約 0.38%、全額約 0.585%）；交易方法狀態未知（全額交割、變更交易方法、停止信用交易的來源未提供）；容量以 s 日 vol20 估計，未模擬開盤競價量與滑價；容量受限,未扣成本·事後欄位以 m_ 標示·非投資建議
HO,5,2024-07-02,2024-07-03,4555,氣立,TWSE,S,S0_atr14@5,2,311,0.075462,,0,0,1,3.409,-2.435,-5.357,157.5,1.0,floor(1%×vol20),0.0,0.0,476,inf,250.0,official_prepanel,small,256.0,0,可交易（DK_s＝0）,未扣成本（成本參考：2.8 折來回約 0.38%、全額約 0.585%）；交易方法狀態未知（全額交割、變更交易方法、停止信用交易的來源未提供）；容量以 s 日 vol20 估計，未模擬開盤競價量與滑價；容量受限,未扣成本·事後欄位以 m_ 標示·非投資建議
HO,5,2024-07-02,2024-07-03,8455,大拓-KY,TPEx,S,S0_atr14@5,1,311,0.076964,,0,0,1,0.147,-3.982,13.864,140.85,1.0,floor(1%×vol20),0.0,0.0,476,inf,250.0,official_prepanel,small,30.0,0,可交易（DK_s＝0）,未扣成本（成本參考：2.8 折來回約 0.38%、全額約 0.585%）；交易方法狀態未知（全額交割、變更交易方法、停止信用交易的來源未提供）；容量以 s 日 vol20 估計，未模擬開盤競價量與滑價；容量受限,未扣成本·事後欄位以 m_ 標示·非投資建議
HO,5,2024-07-03,2024-07-04,3095,及成,TPEx,S,S0_atr14@5,3,305,0.068131,,0,0,1,6.854,28.09,47.64,174.6,1.0,floor(1%×vol20),0.0,0.0,477,inf,250.0,official_prepanel,small,268.0,0,可交易（DK_s＝0）,未扣成本（成本參考：2.8 折來回約 0.38%、全額約 0.585%）；交易方法狀態未知（全額交割、變更交易方法、停止信用交易的來源未提供）；容量以 s 日 vol20 估計，未模擬開盤競價量與滑價；容量受限,未扣成本·事後欄位以 m_ 標示·非投資建議
HO,5,2024-07-03,2024-07-04,4419,皇家美食,TPEx,S,S0_atr14@5,4,305,0.058677,,0,0,1,0.155,3.864,4.637,100.25,1.0,floor(1%×vol20),0.0,0.0,477,inf,250.0,official_prepanel,mid,107.0,0,可交易（DK_s＝0）,未扣成本（成本參考：2.8 折來回約 0.38%、全額約 0.585%）；交易方法狀態未知（全額交割、變更交易方法、停止信用交易的來源未提供）；容量以 s 日 vol20 估計，未模擬開盤競價量與滑價；容量受限,未扣成本·事後欄位以 m_ 標示·非投資建議
HO,5,2024-07-03,2024-07-04,4502,健信,TPEx,S,S0_atr14@5,5,305,0.053749,,0,0,1,-2.159,-2.492,-2.326,118.1,1.0,floor(1%×vol20),0.0,0.0,477,inf,250.0,official_prepanel,small,83.0,0,可交易（DK_s＝0）,未扣成本（成本參考：2.8 折來回約 0.38%、全額約 0.585%）；交易方法狀態未知（全額交割、變更交易方法、停止信用交易的來源未提供）；容量以 s 日 vol20 估計，未模擬開盤競價量與滑價；容量受限,未扣成本·事後欄位以 m_ 標示·非投資建議
HO,5,2024-07-03,2024-07-04,4555,氣立,TWSE,S,S0_atr14@5,1,305,0.075933,,0,0,1,-0.974,-0.974,-7.955,168.2,1.0,floor(1%×vol20),0.0,0.0,477,inf,250.0,official_prepanel,small,226.0,0,可交易（DK_s＝0）,未扣成本（成本參考：2.8 折來回約 0.38%、全額約 0.585%）；交易方法狀態未知（全額交割、變更交易方法、停止信用交易的來源未提供）；容量以 s 日 vol20 估計，未模擬開盤競價量與滑價；容量受限,未扣成本·事後欄位以 m_ 標示·非投資建議
HO,5,2024-07-03,2024-07-04,8455,大拓-KY,TPEx,S,S0_atr14@5,2,305,0.070166,,0,0,1,-5.556,-8.333,2.778,110.55,1.0,floor(1%×vol20),0.0,0.0,477,inf,250.0,official_prepanel,small,57.0,0,可交易（DK_s＝0）,未扣成本（成本參考：2.8 折來回約 0.38%、全額約 0.585%）；交易方法狀態未知（全額交割、變更交易方法、停止信用交易的來源未提供）；容量以 s 日 vol20 估計，未模擬開盤競價量與滑價；容量受限,未扣成本·事後欄位以 m_ 標示·非投資建議
HO,5,2024-07-04,2024-07-05,2923,鼎固-KY,TWSE,S,S0_atr14@5,3,311,0.06108,,0,0,1,2.572,-1.608,-4.823,101.5,1.0,floor(1%×vol20),0.0,0.0,478,inf,250.0,official_prepanel,large,11.0,0,可交易（DK_s＝0）,未扣成本（成本參考：2.8 折來回約 0.38%、全額約 0.585%）；交易方法狀態未知（全額交割、變更交易方法、停止信用交易的來源未提供）；容量以 s 日 vol20 估計，未模擬開盤競價量與滑價；容量受限,未扣成本·事後欄位以 m_ 標示·非投資建議
HO,5,2024-07-04,2024-07-05,3095,及成,TPEx,S,S0_atr14@5,2,311,0.063542,,1,0,1,13.696,23.043,52.174,185.05,1.0,floor(1%×vol20),0.0,0.0,478,inf,250.0,official_prepanel,small,511.0,0,可交易（DK_s＝0）,未扣成本（成本參考：2.8 折來回約 0.38%、全額約 0.585%）；交易方法狀態未知（全額交割、變更交易方法、停止信用交易的來源未提供）；容量以 s 日 vol20 估計，未模擬開盤競價量與滑價；容量受限,未扣成本·事後欄位以 m_ 標示·非投資建議
HO,5,2024-07-04,2024-07-05,4183,福永生技,TPEx,S,S0_atr14@5,5,311,0.05611,,0,0,1,2.273,-1.136,-0.568,246.45,2.0,floor(1%×vol20),0.0,0.0,478,inf,250.0,official_prepanel,small,147.0,0,可交易（DK_s＝0）,未扣成本（成本參考：2.8 折來回約 0.38%、全額約 0.585%）；交易方法狀態未知（全額交割、變更交易方法、停止信用交易的來源未提供）；容量以 s 日 vol20 估計，未模擬開盤競價量與滑價；容量受限,未扣成本·事後欄位以 m_ 標示·非投資建議
HO,5,2024-07-04,2024-07-05,4419,皇家美食,TPEx,S,S0_atr14@5,4,311,0.058311,,0,0,1,4.936,17.675,5.573,105.55,1.0,floor(1%×vol20),0.0,0.0,478,inf,250.0,official_prepanel,mid,43.0,0,可交易（DK_s＝0）,未扣成本（成本參考：2.8 折來回約 0.38%、全額約 0.585%）；交易方法狀態未知（全額交割、變更交易方法、停止信用交易的來源未提供）；容量以 s 日 vol20 估計，未模擬開盤競價量與滑價；容量受限,未扣成本·事後欄位以 m_ 標示·非投資建議
HO,5,2024-07-04,2024-07-05,4555,氣立,TWSE,S,S0_atr14@5,1,311,0.07665,,0,0,1,1.806,0.493,-5.583,175.9,1.0,floor(1%×vol20),0.0,0.0,478,inf,250.0,official_prepanel,small,206.0,0,可交易（DK_s＝0）,未扣成本（成本參考：2.8 折來回約 0.38%、全額約 0.585%）；交易方法狀態未知（全額交割、變更交易方法、停止信用交易的來源未提供）；容量以 s 日 vol20 估計，未模擬開盤競價量與滑價；容量受限,未扣成本·事後欄位以 m_ 標示·非投資建議
HO,5,2024-07-05,2024-07-08,4183,福永生技,TPEx,S,S0_atr14@5,4,303,0.053266,,0,0,1,0.0,-5.128,-4.762,250.05,2.0,floor(1%×vol20),0.0,0.0,479,inf,250.0,official_prepanel,small,194.0,0,可交易（DK_s＝0）,未扣成本（成本參考：2.8 折來回約 0.38%、全額約 0.585%）；交易方法狀態未知（全額交割、變更交易方法、停止信用交易的來源未提供）；容量以 s 日 vol20 估計，未模擬開盤競價量與滑價；容量受限,未扣成本·事後欄位以 m_ 標示·非投資建議
HO,5,2024-07-05,2024-07-08,4419,皇家美食,TPEx,S,S0_atr14@5,2,303,0.054845,,0,0,1,-1.362,5.598,-1.815,107.4,1.0,floor(1%×vol20),0.0,0.0,479,inf,250.0,official_prepanel,mid,62.0,0,可交易（DK_s＝0）,未扣成本（成本參考：2.8 折來回約 0.38%、全額約 0.585%）；交易方法狀態未知（全額交割、變更交易方法、停止信用交易的來源未提供）；容量以 s 日 vol20 估計，未模擬開盤競價量與滑價；容量受限,未扣成本·事後欄位以 m_ 標示·非投資建議
HO,5,2024-07-05,2024-07-08,4529,淳紳,TPEx,S,S0_atr14@5,3,303,0.05438,,0,0,1,-1.235,-4.115,-5.761,160.6,1.0,floor(1%×vol20),0.0,0.0,479,inf,250.0,official_prepanel,small,111.0,0,可交易（DK_s＝0）,未扣成本（成本參考：2.8 折來回約 0.38%、全額約 0.585%）；交易方法狀態未知（全額交割、變更交易方法、停止信用交易的來源未提供）；容量以 s 日 vol20 估計，未模擬開盤競價量與滑價；容量受限,未扣成本·事後欄位以 m_ 標示·非投資建議
HO,5,2024-07-05,2024-07-08,4555,氣立,TWSE,S,S0_atr14@5,1,303,0.073489,,0,0,1,-2.751,-4.693,-6.958,177.2,1.0,floor(1%×vol20),0.0,0.0,479,inf,250.0,official_prepanel,small,180.0,0,可交易（DK_s＝0）,未扣成本（成本參考：2.8 折來回約 0.38%、全額約 0.585%）；交易方法狀態未知（全額交割、變更交易方法、停止信用交易的來源未提供）；容量以 s 日 vol20 估計，未模擬開盤競價量與滑價；容量受限,未扣成本·事後欄位以 m_ 標示·非投資建議
HO,5,2024-07-05,2024-07-08,6612,奈米醫材,TPEx,S,S0_atr14@5,5,303,0.052118,,0,0,1,-0.962,4.808,1.923,297.05,2.0,floor(1%×vol20),0.0,0.0,479,inf,250.0,official_prepanel,mid,368.0,0,可交易（DK_s＝0）,未扣成本（成本參考：2.8 折來回約 0.38%、全額約 0.585%）；交易方法狀態未知（全額交割、變更交易方法、停止信用交易的來源未提供）；容量以 s 日 vol20 估計，未模擬開盤競價量與滑價；容量受限,未扣成本·事後欄位以 m_ 標示·非投資建議
HO,5,2024-07-08,2024-07-09,4555,氣立,TWSE,S,S0_atr14@5,2,310,0.069939,,0,0,1,0.839,-3.356,-9.732,177.4,1.0,floor(1%×vol20),0.0,0.0,480,inf,250.0,official_prepanel,small,212.0,0,可交易（DK_s＝0）,未扣成本（成本參考：2.8 折來回約 0.38%、全額約 0.585%）；交易方法狀態未知（全額交割、變更交易方法、停止信用交易的來源未提供）；容量以 s 日 vol20 估計，未模擬開盤競價量與滑價；容量受限,未扣成本·事後欄位以 m_ 標示·非投資建議
HO,5,2024-07-08,2024-07-09,6228,全譜,TPEx,S,S0_atr14@5,1,310,0.074546,,0,0,1,-7.16,6.667,22.963,298.5,2.0,floor(1%×vol20),0.0,0.0,480,inf,250.0,official_prepanel,small,325.0,0,可交易（DK_s＝0）,未扣成本（成本參考：2.8 折來回約 0.38%、全額約 0.585%）；交易方法狀態未知（全額交割、變更交易方法、停止信用交易的來源未提供）；容量以 s 日 vol20 估計，未模擬開盤競價量與滑價；容量受限,未扣成本·事後欄位以 m_ 標示·非投資建議
HO,5,2024-07-08,2024-07-09,6496,科懋,TPEx,S,S0_atr14@5,3,310,0.06213,,0,0,1,-3.561,3.858,-4.006,264.3,2.0,floor(1%×vol20),0.0,0.0,480,inf,250.0,official_prepanel,small,139.0,0,可交易（DK_s＝0）,未扣成本（成本參考：2.8 折來回約 0.38%、全額約 0.585%）；交易方法狀態未知（全額交割、變更交易方法、停止信用交易的來源未提供）；容量以 s 日 vol20 估計，未模擬開盤競價量與滑價；容量受限,未扣成本·事後欄位以 m_ 標示·非投資建議
HO,5,2024-07-08,2024-07-09,6629,泰金-KY,TPEx,S,S0_atr14@5,5,310,0.058696,,0,0,1,-0.881,4.876,3.532,129.25,1.0,floor(1%×vol20),0.0,0.0,480,inf,250.0,official_prepanel,small,70.0,0,可交易（DK_s＝0）,未扣成本（成本參考：2.8 折來回約 0.38%、全額約 0.585%）；交易方法狀態未知（全額交割、變更交易方法、停止信用交易的來源未提供）；容量以 s 日 vol20 估計，未模擬開盤競價量與滑價；容量受限,未扣成本·事後欄位以 m_ 標示·非投資建議
HO,5,2024-07-08,2024-07-09,6870,騰雲,TPEx,S,S0_atr14@5,4,310,0.058952,,0,0,1,-2.655,-2.876,1.106,127.95,1.0,floor(1%×vol20),0.0,0.0,197,197.0,197.0,official,small,242.0,0,可交易（DK_s＝0）,未扣成本（成本參考：2.8 折來回約 0.38%、全額約 0.585%）；交易方法狀態未知（全額交割、變更交易方法、停止信用交易的來源未提供）；容量以 s 日 vol20 估計，未模擬開盤競價量與滑價；容量受限,未扣成本·事後欄位以 m_ 標示·非投資建議
HO,5,2024-07-09,2024-07-10,4555,氣立,TWSE,S,S0_atr14@5,2,308,0.067736,,0,0,1,3.041,-1.52,-2.365,185.25,1.0,floor(1%×vol20),0.0,0.0,481,inf,250.0,official_prepanel,small,219.0,0,可交易（DK_s＝0）,未扣成本（成本參考：2.8 折來回約 0.38%、全額約 0.585%）；交易方法狀態未知（全額交割、變更交易方法、停止信用交易的來源未提供）；容量以 s 日 vol20 估計，未模擬開盤競價量與滑價；容量受限,未扣成本·事後欄位以 m_ 標示·非投資建議
HO,5,2024-07-09,2024-07-10,6228,全譜,TPEx,S,S0_atr14@5,1,308,0.082827,,0,0,1,-1.344,16.667,47.043,278.6,2.0,floor(1%×vol20),0.0,0.0,481,inf,250.0,official_prepanel,small,115.0,0,可交易（DK_s＝0）,未扣成本（成本參考：2.8 折來回約 0.38%、全額約 0.585%）；交易方法狀態未知（全額交割、變更交易方法、停止信用交易的來源未提供）；容量以 s 日 vol20 估計，未模擬開盤競價量與滑價；容量受限,未扣成本·事後欄位以 m_ 標示·非投資建議
HO,5,2024-07-09,2024-07-10,6496,科懋,TPEx,S,S0_atr14@5,3,308,0.065934,,0,0,1,2.0,4.462,-0.462,256.2,2.0,floor(1%×vol20),0.0,0.0,481,inf,250.0,official_prepanel,small,57.0,0,可交易（DK_s＝0）,未扣成本（成本參考：2.8 折來回約 0.38%、全額約 0.585%）；交易方法狀態未知（全額交割、變更交易方法、停止信用交易的來源未提供）；容量以 s 日 vol20 估計，未模擬開盤競價量與滑價；容量受限,未扣成本·事後欄位以 m_ 標示·非投資建議
HO,5,2024-07-09,2024-07-10,6629,泰金-KY,TPEx,S,S0_atr14@5,5,308,0.05873,,0,0,1,3.54,4.89,4.44,129.2,1.0,floor(1%×vol20),0.0,0.0,481,inf,250.0,official_prepanel,small,82.0,0,可交易（DK_s＝0）,未扣成本（成本參考：2.8 折來回約 0.38%、全額約 0.585%）；交易方法狀態未知（全額交割、變更交易方法、停止信用交易的來源未提供）；容量以 s 日 vol20 估計，未模擬開盤競價量與滑價；容量受限,未扣成本·事後欄位以 m_ 標示·非投資建議
HO,5,2024-07-09,2024-07-10,6870,騰雲,TPEx,S,S0_atr14@5,4,308,0.064282,,0,0,1,-0.905,-1.131,4.072,134.55,1.0,floor(1%×vol20),0.0,0.0,198,198.0,198.0,official,small,113.0,0,可交易（DK_s＝0）,未扣成本（成本參考：2.8 折來回約 0.38%、全額約 0.585%）；交易方法狀態未知（全額交割、變更交易方法、停止信用交易的來源未提供）；容量以 s 日 vol20 估計，未模擬開盤競價量與滑價；容量受限,未扣成本·事後欄位以 m_ 標示·非投資建議
HO,5,2024-07-10,2024-07-11,4555,氣立,TWSE,S,S0_atr14@5,2,309,0.067696,,0,0,1,0.328,-7.049,-8.689,194.85,1.0,floor(1%×vol20),0.0,0.0,482,inf,250.0,official_prepanel,small,217.0,0,可交易（DK_s＝0）,未扣成本（成本參考：2.8 折來回約 0.38%、全額約 0.585%）；交易方法狀態未知（全額交割、變更交易方法、停止信用交易的來源未提供）；容量以 s 日 vol20 估計，未模擬開盤競價量與滑價；容量受限,未扣成本·事後欄位以 m_ 標示·非投資建議
HO,5,2024-07-10,2024-07-11,6228,全譜,TPEx,S,S0_atr14@5,1,309,0.081355,,0,0,1,-3.378,28.919,62.432,247.5,2.0,floor(1%×vol20),0.0,0.0,482,inf,250.0,official_prepanel,small,192.0,0,可交易（DK_s＝0）,未扣成本（成本參考：2.8 折來回約 0.38%、全額約 0.585%）；交易方法狀態未知（全額交割、變更交易方法、停止信用交易的來源未提供）；容量以 s 日 vol20 估計，未模擬開盤競價量與滑價；容量受限,未扣成本·事後欄位以 m_ 標示·非投資建議
HO,5,2024-07-10,2024-07-11,6496,科懋,TPEx,S,S0_atr14@5,4,309,0.059901,,0,0,1,0.151,3.172,-4.532,249.55,2.0,floor(1%×vol20),0.0,0.0,482,inf,250.0,official_prepanel,small,31.0,0,可交易（DK_s＝0）,未扣成本（成本參考：2.8 折來回約 0.38%、全額約 0.585%）；交易方法狀態未知（全額交割、變更交易方法、停止信用交易的來源未提供）；容量以 s 日 vol20 估計，未模擬開盤競價量與滑價；容量受限,未扣成本·事後欄位以 m_ 標示·非投資建議
HO,5,2024-07-10,2024-07-11,6629,泰金-KY,TPEx,S,S0_atr14@5,5,309,0.054335,,0,0,1,0.437,0.873,1.747,123.3,1.0,floor(1%×vol20),0.0,0.0,482,inf,250.0,official_prepanel,small,50.0,0,可交易（DK_s＝0）,未扣成本（成本參考：2.8 折來回約 0.38%、全額約 0.585%）；交易方法狀態未知（全額交割、變更交易方法、停止信用交易的來源未提供）；容量以 s 日 vol20 估計，未模擬開盤競價量與滑價；容量受限,未扣成本·事後欄位以 m_ 標示·非投資建議
HO,5,2024-07-10,2024-07-11,6870,騰雲,TPEx,S,S0_atr14@5,3,309,0.064156,,0,0,1,-3.913,4.348,0.0,138.0,1.0,floor(1%×vol20),0.0,0.0,199,199.0,199.0,official,small,189.0,0,可交易（DK_s＝0）,未扣成本（成本參考：2.8 折來回約 0.38%、全額約 0.585%）；交易方法狀態未知（全額交割、變更交易方法、停止信用交易的來源未提供）；容量以 s 日 vol20 估計，未模擬開盤競價量與滑價；容量受限,未扣成本·事後欄位以 m_ 標示·非投資建議
HO,5,2024-07-11,2024-07-12,4555,氣立,TWSE,S,S0_atr14@5,2,311,0.065071,,0,0,1,-3.758,-6.046,-13.889,204.15,2.0,floor(1%×vol20),0.0,0.0,483,inf,250.0,official_prepanel,small,159.0,0,可交易（DK_s＝0）,未扣成本（成本參考：2.8 折來回約 0.38%、全額約 0.585%）；交易方法狀態未知（全額交割、變更交易方法、停止信用交易的來源未提供）；容量以 s 日 vol20 估計，未模擬開盤競價量與滑價；容量受限,未扣成本·事後欄位以 m_ 標示·非投資建議
HO,5,2024-07-11,2024-07-12,5487,通泰,TPEx,S,S0_atr14@5,5,311,0.054743,,0,0,1,1.449,-5.402,-13.439,112.15,1.0,floor(1%×vol20),0.0,0.0,483,inf,250.0,official_prepanel,small,178.0,0,可交易（DK_s＝0）,未扣成本（成本參考：2.8 折來回約 0.38%、全額約 0.585%）；交易方法狀態未知（全額交割、變更交易方法、停止信用交易的來源未提供）；容量以 s 日 vol20 估計，未模擬開盤競價量與滑價；容量受限,未扣成本·事後欄位以 m_ 標示·非投資建議
HO,5,2024-07-11,2024-07-12,6228,全譜,TPEx,S,S0_atr14@5,1,311,0.078422,,1,0,1,8.564,31.215,82.597,244.5,2.0,floor(1%×vol20),0.0,0.0,483,inf,250.0,official_prepanel,small,212.0,0,可交易（DK_s＝0）,未扣成本（成本參考：2.8 折來回約 0.38%、全額約 0.585%）；交易方法狀態未知（全額交割、變更交易方法、停止信用交易的來源未提供）；容量以 s 日 vol20 估計，未模擬開盤競價量與滑價；容量受限,未扣成本·事後欄位以 m_ 標示·非投資建議
HO,5,2024-07-11,2024-07-12,6496,科懋,TPEx,S,S0_atr14@5,4,311,0.058069,,0,0,1,-1.357,1.207,-6.184,247.5,2.0,floor(1%×vol20),0.0,0.0,483,inf,250.0,official_prepanel,small,20.0,0,可交易（DK_s＝0）,未扣成本（成本參考：2.8 折來回約 0.38%、全額約 0.585%）；交易方法狀態未知（全額交割、變更交易方法、停止信用交易的來源未提供）；容量以 s 日 vol20 估計，未模擬開盤競價量與滑價；容量受限,未扣成本·事後欄位以 m_ 標示·非投資建議
HO,5,2024-07-11,2024-07-12,6870,騰雲,TPEx,S,S0_atr14@5,3,311,0.062379,,0,0,1,-3.182,7.273,-4.545,142.1,1.0,floor(1%×vol20),0.0,0.0,200,200.0,200.0,official,small,92.0,0,可交易（DK_s＝0）,未扣成本（成本參考：2.8 折來回約 0.38%、全額約 0.585%）；交易方法狀態未知（全額交割、變更交易方法、停止信用交易的來源未提供）；容量以 s 日 vol20 估計，未模擬開盤競價量與滑價；容量受限,未扣成本·事後欄位以 m_ 標示·非投資建議
HO,5,2024-07-12,2024-07-15,4419,皇家美食,TPEx,S,S0_atr14@5,3,310,0.056693,,0,0,1,-4.052,-6.078,-12.156,141.3,1.0,floor(1%×vol20),0.0,0.0,484,inf,250.0,official_prepanel,mid,137.0,0,可交易（DK_s＝0）,未扣成本（成本參考：2.8 折來回約 0.38%、全額約 0.585%）；交易方法狀態未知（全額交割、變更交易方法、停止信用交易的來源未提供）；容量以 s 日 vol20 估計，未模擬開盤競價量與滑價；容量受限,未扣成本·事後欄位以 m_ 標示·非投資建議
HO,5,2024-07-12,2024-07-15,4555,氣立,TWSE,S,S0_atr14@5,2,310,0.06198,,0,0,1,-1.37,-1.541,-11.644,209.2,2.0,floor(1%×vol20),0.0,0.0,484,inf,250.0,official_prepanel,small,194.0,0,可交易（DK_s＝0）,未扣成本（成本參考：2.8 折來回約 0.38%、全額約 0.585%）；交易方法狀態未知（全額交割、變更交易方法、停止信用交易的來源未提供）；容量以 s 日 vol20 估計，未模擬開盤競價量與滑價；容量受限,未扣成本·事後欄位以 m_ 標示·非投資建議
HO,5,2024-07-12,2024-07-15,6496,科懋,TPEx,S,S0_atr14@5,4,310,0.052752,,0,0,1,6.87,0.153,-7.023,245.6,2.0,floor(1%×vol20),0.0,0.0,484,inf,250.0,official_prepanel,small,227.0,0,可交易（DK_s＝0）,未扣成本（成本參考：2.8 折來回約 0.38%、全額約 0.585%）；交易方法狀態未知（全額交割、變更交易方法、停止信用交易的來源未提供）；容量以 s 日 vol20 估計，未模擬開盤競價量與滑價；容量受限,未扣成本·事後欄位以 m_ 標示·非投資建議
HO,5,2024-07-12,2024-07-15,6629,泰金-KY,TPEx,S,S0_atr14@5,5,310,0.051937,,0,0,1,-0.847,-4.237,-2.966,119.55,1.0,floor(1%×vol20),0.0,0.0,484,inf,250.0,official_prepanel,small,40.0,0,可交易（DK_s＝0）,未扣成本（成本參考：2.8 折來回約 0.38%、全額約 0.585%）；交易方法狀態未知（全額交割、變更交易方法、停止信用交易的來源未提供）；容量以 s 日 vol20 估計，未模擬開盤競價量與滑價；容量受限,未扣成本·事後欄位以 m_ 標示·非投資建議
HO,5,2024-07-12,2024-07-15,6870,騰雲,TPEx,S,S0_atr14@5,1,310,0.062039,,0,0,1,-0.679,4.751,-2.941,143.45,1.0,floor(1%×vol20),0.0,0.0,201,201.0,201.0,official,small,151.0,0,可交易（DK_s＝0）,未扣成本（成本參考：2.8 折來回約 0.38%、全額約 0.585%）；交易方法狀態未知（全額交割、變更交易方法、停止信用交易的來源未提供）；容量以 s 日 vol20 估計，未模擬開盤競價量與滑價；容量受限,未扣成本·事後欄位以 m_ 標示·非投資建議
HO,5,2024-07-15,2024-07-16,4419,皇家美食,TPEx,S,S0_atr14@5,3,313,0.057423,,0,1,0,-1.235,-18.793,-12.894,128.95,1.0,floor(1%×vol20),0.0,0.0,485,inf,250.0,official_prepanel,mid,273.0,0,可交易（DK_s＝0）,未扣成本（成本參考：2.8 折來回約 0.38%、全額約 0.585%）；交易方法狀態未知（全額交割、變更交易方法、停止信用交易的來源未提供）；容量以 s 日 vol20 估計，未模擬開盤競價量與滑價；容量受限,未扣成本·事後欄位以 m_ 標示·非投資建議
HO,5,2024-07-15,2024-07-16,4555,氣立,TWSE,S,S0_atr14@5,1,313,0.06069,,0,0,1,-1.186,-8.814,-12.034,212.8,2.0,floor(1%×vol20),0.0,0.0,485,inf,250.0,official_prepanel,small,349.0,0,可交易（DK_s＝0）,未扣成本（成本參考：2.8 折來回約 0.38%、全額約 0.585%）；交易方法狀態未知（全額交割、變更交易方法、停止信用交易的來源未提供）；容量以 s 日 vol20 估計，未模擬開盤競價量與滑價；容量受限,未扣成本·事後欄位以 m_ 標示·非投資建議
HO,5,2024-07-15,2024-07-16,5487,通泰,TPEx,S,S0_atr14@5,4,313,0.051786,,0,0,1,-4.799,-6.744,-12.84,120.85,1.0,floor(1%×vol20),0.0,0.0,485,inf,250.0,official_prepanel,small,156.0,0,可交易（DK_s＝0）,未扣成本（成本參考：2.8 折來回約 0.38%、全額約 0.585%）；交易方法狀態未知（全額交割、變更交易方法、停止信用交易的來源未提供）；容量以 s 日 vol20 估計，未模擬開盤競價量與滑價；容量受限,未扣成本·事後欄位以 m_ 標示·非投資建議
HO,5,2024-07-15,2024-07-16,6496,科懋,TPEx,S,S0_atr14@5,5,313,0.051531,,0,0,1,-3.138,-7.703,-12.839,254.45,2.0,floor(1%×vol20),0.0,0.0,485,inf,250.0,official_prepanel,small,91.0,0,可交易（DK_s＝0）,未扣成本（成本參考：2.8 折來回約 0.38%、全額約 0.585%）；交易方法狀態未知（全額交割、變更交易方法、停止信用交易的來源未提供）；容量以 s 日 vol20 估計，未模擬開盤競價量與滑價；容量受限,未扣成本·事後欄位以 m_ 標示·非投資建議
HO,5,2024-07-15,2024-07-16,6870,騰雲,TPEx,S,S0_atr14@5,2,313,0.059388,,0,0,1,-1.131,3.394,-5.204,148.75,1.0,floor(1%×vol20),0.0,0.0,202,202.0,202.0,official,small,214.0,0,可交易（DK_s＝0）,未扣成本（成本參考：2.8 折來回約 0.38%、全額約 0.585%）；交易方法狀態未知（全額交割、變更交易方法、停止信用交易的來源未提供）；容量以 s 日 vol20 估計，未模擬開盤競價量與滑價；容量受限,未扣成本·事後欄位以 m_ 標示·非投資建議
HO,5,2024-07-16,2024-07-17,4419,皇家美食,TPEx,S,S0_atr14@5,3,311,0.055655,,0,0,1,-3.698,-12.802,-6.117,123.45,1.0,floor(1%×vol20),0.0,0.0,486,inf,250.0,official_prepanel,mid,144.0,0,可交易（DK_s＝0）,未扣成本（成本參考：2.8 折來回約 0.38%、全額約 0.585%）；交易方法狀態未知（全額交割、變更交易方法、停止信用交易的來源未提供）；容量以 s 日 vol20 估計，未模擬開盤競價量與滑價；容量受限,未扣成本·事後欄位以 m_ 標示·非投資建議
HO,5,2024-07-16,2024-07-17,4555,氣立,TWSE,S,S0_atr14@5,2,311,0.056604,,0,0,1,-1.733,0.173,-6.932,213.6,2.0,floor(1%×vol20),0.0,0.0,486,inf,250.0,official_prepanel,small,217.0,0,可交易（DK_s＝0）,未扣成本（成本參考：2.8 折來回約 0.38%、全額約 0.585%）；交易方法狀態未知（全額交割、變更交易方法、停止信用交易的來源未提供）；容量以 s 日 vol20 估計，未模擬開盤競價量與滑價；容量受限,未扣成本·事後欄位以 m_ 標示·非投資建議
HO,5,2024-07-16,2024-07-17,5487,通泰,TPEx,S,S0_atr14@5,4,311,0.055566,,0,0,1,-3.439,-1.651,-5.777,119.35,1.0,floor(1%×vol20),0.0,0.0,486,inf,250.0,official_prepanel,small,87.0,0,可交易（DK_s＝0）,未扣成本（成本參考：2.8 折來回約 0.38%、全額約 0.585%）；交易方法狀態未知（全額交割、變更交易方法、停止信用交易的來源未提供）；容量以 s 日 vol20 估計，未模擬開盤競價量與滑價；容量受限,未扣成本·事後欄位以 m_ 標示·非投資建議
HO,5,2024-07-16,2024-07-17,6496,科懋,TPEx,S,S0_atr14@5,5,311,0.054176,,0,0,1,1.036,-4.29,-9.32,255.45,2.0,floor(1%×vol20),0.0,0.0,486,inf,250.0,official_prepanel,small,30.0,0,可交易（DK_s＝0）,未扣成本（成本參考：2.8 折來回約 0.38%、全額約 0.585%）；交易方法狀態未知（全額交割、變更交易方法、停止信用交易的來源未提供）；容量以 s 日 vol20 估計，未模擬開盤競價量與滑價；容量受限,未扣成本·事後欄位以 m_ 標示·非投資建議
HO,5,2024-07-16,2024-07-17,6870,騰雲,TPEx,S,S0_atr14@5,1,311,0.059987,,0,0,1,7.623,3.139,-1.57,157.55,1.0,floor(1%×vol20),0.0,0.0,203,203.0,203.0,official,small,207.0,0,可交易（DK_s＝0）,未扣成本（成本參考：2.8 折來回約 0.38%、全額約 0.585%）；交易方法狀態未知（全額交割、變更交易方法、停止信用交易的來源未提供）；容量以 s 日 vol20 估計，未模擬開盤競價量與滑價；容量受限,未扣成本·事後欄位以 m_ 標示·非投資建議
HO,5,2024-07-17,2024-07-18,4131,浩泰,TPEx,S,S0_atr14@5,1,302,0.068779,,0,0,1,-1.187,-5.045,-6.528,159.05,1.0,floor(1%×vol20),0.0,0.0,487,inf,250.0,official_prepanel,small,38.0,0,可交易（DK_s＝0）,未扣成本（成本參考：2.8 折來回約 0.38%、全額約 0.585%）；交易方法狀態未知（全額交割、變更交易方法、停止信用交易的來源未提供）；容量以 s 日 vol20 估計，未模擬開盤競價量與滑價；容量受限,未扣成本·事後欄位以 m_ 標示·非投資建議
HO,5,2024-07-17,2024-07-18,4419,皇家美食,TPEx,S,S0_atr14@5,2,302,0.063093,,0,0,1,2.0,-6.154,-3.231,122.3,1.0,floor(1%×vol20),0.0,0.0,487,inf,250.0,official_prepanel,mid,41.0,0,可交易（DK_s＝0）,未扣成本（成本參考：2.8 折來回約 0.38%、全額約 0.585%）；交易方法狀態未知（全額交割、變更交易方法、停止信用交易的來源未提供）；容量以 s 日 vol20 估計，未模擬開盤競價量與滑價；容量受限,未扣成本·事後欄位以 m_ 標示·非投資建議
HO,5,2024-07-17,2024-07-18,4555,氣立,TWSE,S,S0_atr14@5,3,302,0.057823,,0,0,1,3.417,0.18,-8.633,212.3,2.0,floor(1%×vol20),0.0,0.0,487,inf,250.0,official_prepanel,small,374.0,0,可交易（DK_s＝0）,未扣成本（成本參考：2.8 折來回約 0.38%、全額約 0.585%）；交易方法狀態未知（全額交割、變更交易方法、停止信用交易的來源未提供）；容量以 s 日 vol20 估計，未模擬開盤競價量與滑價；容量受限,未扣成本·事後欄位以 m_ 標示·非投資建議
HO,5,2024-07-17,2024-07-18,4706,大恭,TPEx,S,S0_atr14@5,4,302,0.057399,,0,0,1,0.715,-9.299,-10.3,170.5,1.0,floor(1%×vol20),0.0,0.0,487,inf,250.0,official_prepanel,small,96.0,0,可交易（DK_s＝0）,未扣成本（成本參考：2.8 折來回約 0.38%、全額約 0.585%）；交易方法狀態未知（全額交割、變更交易方法、停止信用交易的來源未提供）；容量以 s 日 vol20 估計，未模擬開盤競價量與滑價；容量受限,未扣成本·事後欄位以 m_ 標示·非投資建議
HO,5,2024-07-17,2024-07-18,5487,通泰,TPEx,S,S0_atr14@5,5,302,0.056777,,0,0,1,2.571,-0.571,-0.286,119.25,1.0,floor(1%×vol20),0.0,0.0,487,inf,250.0,official_prepanel,small,98.0,0,可交易（DK_s＝0）,未扣成本（成本參考：2.8 折來回約 0.38%、全額約 0.585%）；交易方法狀態未知（全額交割、變更交易方法、停止信用交易的來源未提供）；容量以 s 日 vol20 估計，未模擬開盤競價量與滑價；容量受限,未扣成本·事後欄位以 m_ 標示·非投資建議
HO,5,2024-07-18,2024-07-19,4131,浩泰,TPEx,S,S0_atr14@5,3,311,0.068747,,0,0,1,-1.802,-5.405,-10.21,159.55,1.0,floor(1%×vol20),0.0,0.0,488,inf,250.0,official_prepanel,small,35.0,0,可交易（DK_s＝0）,未扣成本（成本參考：2.8 折來回約 0.38%、全額約 0.585%）；交易方法狀態未知（全額交割、變更交易方法、停止信用交易的來源未提供）；容量以 s 日 vol20 估計，未模擬開盤競價量與滑價；容量受限,未扣成本·事後欄位以 m_ 標示·非投資建議
HO,5,2024-07-18,2024-07-19,4304,勝昱,TPEx,S,S0_atr14@5,1,311,0.09101,,0,0,1,9.884,30.389,15.668,233.1,2.0,floor(1%×vol20),1.0,1.0,488,inf,250.0,official_prepanel,small,244.0,0,處置中・交易規則另案登錄（DK_s＝1）,未扣成本（成本參考：2.8 折來回約 0.38%、全額約 0.585%）；交易方法狀態未知（全額交割、變更交易方法、停止信用交易的來源未提供）；容量以 s 日 vol20 估計，未模擬開盤競價量與滑價；容量受限,未扣成本·事後欄位以 m_ 標示·非投資建議
HO,5,2024-07-18,2024-07-19,4419,皇家美食,TPEx,S,S0_atr14@5,5,311,0.064426,,0,0,1,-1.964,-8.006,-9.366,117.2,1.0,floor(1%×vol20),0.0,0.0,488,inf,250.0,official_prepanel,mid,71.0,0,可交易（DK_s＝0）,未扣成本（成本參考：2.8 折來回約 0.38%、全額約 0.585%）；交易方法狀態未知（全額交割、變更交易方法、停止信用交易的來源未提供）；容量以 s 日 vol20 估計，未模擬開盤競價量與滑價；容量受限,未扣成本·事後欄位以 m_ 標示·非投資建議
HO,5,2024-07-18,2024-07-19,4924,欣厚-KY,TPEx,S,S0_atr14@5,2,311,0.069829,,0,0,1,-0.187,-13.67,-24.157,290.25,2.0,floor(1%×vol20),0.0,0.0,488,inf,250.0,official_prepanel,small,95.0,0,可交易（DK_s＝0）,未扣成本（成本參考：2.8 折來回約 0.38%、全額約 0.585%）；交易方法狀態未知（全額交割、變更交易方法、停止信用交易的來源未提供）；容量以 s 日 vol20 估計，未模擬開盤競價量與滑價；容量受限,未扣成本·事後欄位以 m_ 標示·非投資建議
HO,5,2024-07-18,2024-07-19,6870,騰雲,TPEx,S,S0_atr14@5,4,311,0.065527,,0,0,1,-1.907,-11.017,-19.703,176.9,1.0,floor(1%×vol20),0.0,0.0,205,205.0,205.0,official,small,176.0,0,可交易（DK_s＝0）,未扣成本（成本參考：2.8 折來回約 0.38%、全額約 0.585%）；交易方法狀態未知（全額交割、變更交易方法、停止信用交易的來源未提供）；容量以 s 日 vol20 估計，未模擬開盤競價量與滑價；容量受限,未扣成本·事後欄位以 m_ 標示·非投資建議
HO,5,2024-07-19,2024-07-22,4131,浩泰,TPEx,S,S0_atr14@5,5,306,0.064875,,0,0,1,1.869,-4.05,-8.567,160.25,1.0,floor(1%×vol20),0.0,0.0,489,inf,250.0,official_prepanel,small,28.0,0,可交易（DK_s＝0）,未扣成本（成本參考：2.8 折來回約 0.38%、全額約 0.585%）；交易方法狀態未知（全額交割、變更交易方法、停止信用交易的來源未提供）；容量以 s 日 vol20 估計，未模擬開盤競價量與滑價；容量受限,未扣成本·事後欄位以 m_ 標示·非投資建議
HO,5,2024-07-19,2024-07-22,4304,勝昱,TPEx,S,S0_atr14@5,1,306,0.094532,,0,0,1,6.863,20.098,-1.961,245.1,2.0,floor(1%×vol20),0.0,1.0,489,inf,250.0,official_prepanel,small,156.0,0,可交易（DK_s＝0）,未扣成本（成本參考：2.8 折來回約 0.38%、全額約 0.585%）；交易方法狀態未知（全額交割、變更交易方法、停止信用交易的來源未提供）；容量以 s 日 vol20 估計，未模擬開盤競價量與滑價；容量受限,未扣成本·事後欄位以 m_ 標示·非投資建議
HO,5,2024-07-19,2024-07-22,4419,皇家美食,TPEx,S,S0_atr14@5,4,306,0.067466,,0,0,1,-4.976,-2.568,-2.087,117.95,1.0,floor(1%×vol20),0.0,0.0,489,inf,250.0,official_prepanel,mid,124.0,0,可交易（DK_s＝0）,未扣成本（成本參考：2.8 折來回約 0.38%、全額約 0.585%）；交易方法狀態未知（全額交割、變更交易方法、停止信用交易的來源未提供）；容量以 s 日 vol20 估計，未模擬開盤競價量與滑價；容量受限,未扣成本·事後欄位以 m_ 標示·非投資建議
HO,5,2024-07-19,2024-07-22,4924,欣厚-KY,TPEx,S,S0_atr14@5,2,306,0.069686,,0,0,1,-2.959,-9.27,-28.008,275.85,2.0,floor(1%×vol20),0.0,0.0,489,inf,250.0,official_prepanel,small,135.0,0,可交易（DK_s＝0）,未扣成本（成本參考：2.8 折來回約 0.38%、全額約 0.585%）；交易方法狀態未知（全額交割、變更交易方法、停止信用交易的來源未提供）；容量以 s 日 vol20 估計，未模擬開盤競價量與滑價；容量受限,未扣成本·事後欄位以 m_ 標示·非投資建議
HO,5,2024-07-19,2024-07-22,6870,騰雲,TPEx,S,S0_atr14@5,3,306,0.068497,,0,0,1,-1.72,-7.742,-18.925,170.8,1.0,floor(1%×vol20),0.0,0.0,206,206.0,206.0,official,small,145.0,0,可交易（DK_s＝0）,未扣成本（成本參考：2.8 折來回約 0.38%、全額約 0.585%）；交易方法狀態未知（全額交割、變更交易方法、停止信用交易的來源未提供）；容量以 s 日 vol20 估計，未模擬開盤競價量與滑價；容量受限,未扣成本·事後欄位以 m_ 標示·非投資建議
HO,5,2024-07-22,2024-07-23,4304,勝昱,TPEx,S,S0_atr14@5,1,304,0.088925,,0,0,1,3.913,6.087,-5.217,247.35,2.0,floor(1%×vol20),0.0,1.0,490,inf,250.0,official_prepanel,small,249.0,0,可交易（DK_s＝0）,未扣成本（成本參考：2.8 折來回約 0.38%、全額約 0.585%）；交易方法狀態未知（全額交割、變更交易方法、停止信用交易的來源未提供）；容量以 s 日 vol20 估計，未模擬開盤競價量與滑價；容量受限,未扣成本·事後欄位以 m_ 標示·非投資建議
HO,5,2024-07-22,2024-07-23,4419,皇家美食,TPEx,S,S0_atr14@5,2,304,0.08096,,0,0,1,3.547,7.264,-2.027,121.85,1.0,floor(1%×vol20),0.0,0.0,490,inf,250.0,official_prepanel,mid,43.0,0,可交易（DK_s＝0）,未扣成本（成本參考：2.8 折來回約 0.38%、全額約 0.585%）；交易方法狀態未知（全額交割、變更交易方法、停止信用交易的來源未提供）；容量以 s 日 vol20 估計，未模擬開盤競價量與滑價；容量受限,未扣成本·事後欄位以 m_ 標示·非投資建議
HO,5,2024-07-22,2024-07-23,4706,大恭,TPEx,S,S0_atr14@5,4,304,0.075152,,0,0,1,1.587,2.698,-6.825,182.95,1.0,floor(1%×vol20),0.0,0.0,490,inf,250.0,official_prepanel,small,123.0,0,可交易（DK_s＝0）,未扣成本（成本參考：2.8 折來回約 0.38%、全額約 0.585%）；交易方法狀態未知（全額交割、變更交易方法、停止信用交易的來源未提供）；容量以 s 日 vol20 估計，未模擬開盤競價量與滑價；容量受限,未扣成本·事後欄位以 m_ 標示·非投資建議
HO,5,2024-07-22,2024-07-23,4924,欣厚-KY,TPEx,S,S0_atr14@5,3,304,0.076074,,0,0,1,-5.458,-8.967,-23.002,271.05,2.0,floor(1%×vol20),0.0,0.0,490,inf,250.0,official_prepanel,small,96.0,0,可交易（DK_s＝0）,未扣成本（成本參考：2.8 折來回約 0.38%、全額約 0.585%）；交易方法狀態未知（全額交割、變更交易方法、停止信用交易的來源未提供）；容量以 s 日 vol20 估計，未模擬開盤競價量與滑價；容量受限,未扣成本·事後欄位以 m_ 標示·非投資建議
HO,5,2024-07-22,2024-07-23,6870,騰雲,TPEx,S,S0_atr14@5,5,304,0.072835,,0,0,1,0.656,-8.315,-9.409,166.85,1.0,floor(1%×vol20),0.0,0.0,207,207.0,207.0,official,small,91.0,0,可交易（DK_s＝0）,未扣成本（成本參考：2.8 折來回約 0.38%、全額約 0.585%）；交易方法狀態未知（全額交割、變更交易方法、停止信用交易的來源未提供）；容量以 s 日 vol20 估計，未模擬開盤競價量與滑價；容量受限,未扣成本·事後欄位以 m_ 標示·非投資建議
HO,5,2024-07-23,2024-07-26,2756,聯發國際,TPEx,S,S0_atr14@5,2,306,0.073566,,0,0,1,-2.093,0.581,-11.047,246.2,2.0,floor(1%×vol20),0.0,0.0,491,inf,250.0,official_prepanel,small,112.0,0,可交易（DK_s＝0）,未扣成本（成本參考：2.8 折來回約 0.38%、全額約 0.585%）；交易方法狀態未知（全額交割、變更交易方法、停止信用交易的來源未提供）；容量以 s 日 vol20 估計，未模擬開盤競價量與滑價；容量受限,未扣成本·事後欄位以 m_ 標示·非投資建議
HO,5,2024-07-23,2024-07-26,4419,皇家美食,TPEx,S,S0_atr14@5,3,306,0.07306,,0,0,1,-0.327,7.843,-8.497,115.45,1.0,floor(1%×vol20),0.0,0.0,491,inf,250.0,official_prepanel,mid,5.0,0,可交易（DK_s＝0）,未扣成本（成本參考：2.8 折來回約 0.38%、全額約 0.585%）；交易方法狀態未知（全額交割、變更交易方法、停止信用交易的來源未提供）；容量以 s 日 vol20 估計，未模擬開盤競價量與滑價；容量受限,未扣成本·事後欄位以 m_ 標示·非投資建議
HO,5,2024-07-23,2024-07-26,4706,大恭,TPEx,S,S0_atr14@5,4,306,0.072768,,0,0,1,-0.157,0.945,-7.087,188.1,1.0,floor(1%×vol20),0.0,0.0,491,inf,250.0,official_prepanel,small,35.0,0,可交易（DK_s＝0）,未扣成本（成本參考：2.8 折來回約 0.38%、全額約 0.585%）；交易方法狀態未知（全額交割、變更交易方法、停止信用交易的來源未提供）；容量以 s 日 vol20 估計，未模擬開盤競價量與滑價；容量受限,未扣成本·事後欄位以 m_ 標示·非投資建議
HO,5,2024-07-23,2024-07-26,4924,欣厚-KY,TPEx,S,S0_atr14@5,1,306,0.074816,,0,0,1,3.778,3.778,-12.222,247.65,2.0,floor(1%×vol20),0.0,0.0,491,inf,250.0,official_prepanel,small,168.0,0,可交易（DK_s＝0）,未扣成本（成本參考：2.8 折來回約 0.38%、全額約 0.585%）；交易方法狀態未知（全額交割、變更交易方法、停止信用交易的來源未提供）；容量以 s 日 vol20 估計，未模擬開盤競價量與滑價；容量受限,未扣成本·事後欄位以 m_ 標示·非投資建議
HO,5,2024-07-23,2024-07-26,6870,騰雲,TPEx,S,S0_atr14@5,5,306,0.067857,,0,0,1,0.437,-4.148,-0.655,165.4,1.0,floor(1%×vol20),0.0,0.0,208,208.0,208.0,official,small,91.0,0,可交易（DK_s＝0）,未扣成本（成本參考：2.8 折來回約 0.38%、全額約 0.585%）；交易方法狀態未知（全額交割、變更交易方法、停止信用交易的來源未提供）；容量以 s 日 vol20 估計，未模擬開盤競價量與滑價；容量受限,未扣成本·事後欄位以 m_ 標示·非投資建議
HO,5,2024-07-26,2024-07-29,2756,聯發國際,TPEx,S,S0_atr14@5,3,303,0.072786,,0,0,1,3.677,0.83,-6.168,249.6,2.0,floor(1%×vol20),0.0,0.0,492,inf,250.0,official_prepanel,small,76.0,0,可交易（DK_s＝0）,未扣成本（成本參考：2.8 折來回約 0.38%、全額約 0.585%）；交易方法狀態未知（全額交割、變更交易方法、停止信用交易的來源未提供）；容量以 s 日 vol20 估計，未模擬開盤競價量與滑價；容量受限,未扣成本·事後欄位以 m_ 標示·非投資建議
HO,5,2024-07-26,2024-07-29,4304,勝昱,TPEx,S,S0_atr14@5,5,303,0.071816,,0,0,1,-5.344,-6.87,-8.779,255.25,2.0,floor(1%×vol20),0.0,1.0,492,inf,250.0,official_prepanel,small,215.0,0,可交易（DK_s＝0）,未扣成本（成本參考：2.8 折來回約 0.38%、全額約 0.585%）；交易方法狀態未知（全額交割、變更交易方法、停止信用交易的來源未提供）；容量以 s 日 vol20 估計，未模擬開盤競價量與滑價；容量受限,未扣成本·事後欄位以 m_ 標示·非投資建議
HO,5,2024-07-26,2024-07-29,4706,大恭,TPEx,S,S0_atr14@5,2,303,0.074132,,0,0,1,-0.158,-1.104,-6.151,188.85,1.0,floor(1%×vol20),0.0,0.0,492,inf,250.0,official_prepanel,small,11.0,0,可交易（DK_s＝0）,未扣成本（成本參考：2.8 折來回約 0.38%、全額約 0.585%）；交易方法狀態未知（全額交割、變更交易方法、停止信用交易的來源未提供）；容量以 s 日 vol20 估計，未模擬開盤競價量與滑價；容量受限,未扣成本·事後欄位以 m_ 標示·非投資建議
HO,5,2024-07-26,2024-07-29,4924,欣厚-KY,TPEx,S,S0_atr14@5,1,303,0.074335,,0,0,1,-1.706,-4.051,-11.727,222.8,2.0,floor(1%×vol20),0.0,0.0,492,inf,250.0,official_prepanel,small,157.0,0,可交易（DK_s＝0）,未扣成本（成本參考：2.8 折來回約 0.38%、全額約 0.585%）；交易方法狀態未知（全額交割、變更交易方法、停止信用交易的來源未提供）；容量以 s 日 vol20 估計，未模擬開盤競價量與滑價；容量受限,未扣成本·事後欄位以 m_ 標示·非投資建議
HO,5,2024-07-26,2024-07-29,6240,松崗,TPEx,S,S0_atr14@5,4,303,0.072365,,0,0,1,0.0,4.682,-11.423,220.3,2.0,floor(1%×vol20),0.0,0.0,492,inf,250.0,official_prepanel,small,109.0,0,可交易（DK_s＝0）,未扣成本（成本參考：2.8 折來回約 0.38%、全額約 0.585%）；交易方法狀態未知（全額交割、變更交易方法、停止信用交易的來源未提供）；容量以 s 日 vol20 估計，未模擬開盤競價量與滑價；容量受限,未扣成本·事後欄位以 m_ 標示·非投資建議
HO,5,2024-07-29,2024-07-30,4304,勝昱,TPEx,S,S0_atr14@5,3,303,0.074885,,0,0,1,-1.21,-11.29,-3.629,254.45,2.0,floor(1%×vol20),0.0,0.0,493,inf,250.0,official_prepanel,small,55.0,0,可交易（DK_s＝0）,未扣成本（成本參考：2.8 折來回約 0.38%、全額約 0.585%）；交易方法狀態未知（全額交割、變更交易方法、停止信用交易的來源未提供）；容量以 s 日 vol20 估計，未模擬開盤競價量與滑價；容量受限,未扣成本·事後欄位以 m_ 標示·非投資建議
HO,5,2024-07-29,2024-07-30,4807,日成-KY,TWSE,S,S0_atr14@5,4,303,0.07338,,0,0,1,-0.549,-10.989,-4.945,194.7,1.0,floor(1%×vol20),0.0,0.0,493,inf,250.0,official_prepanel,small,63.0,0,可交易（DK_s＝0）,未扣成本（成本參考：2.8 折來回約 0.38%、全額約 0.585%）；交易方法狀態未知（全額交割、變更交易方法、停止信用交易的來源未提供）；容量以 s 日 vol20 估計，未模擬開盤競價量與滑價；容量受限,未扣成本·事後欄位以 m_ 標示·非投資建議
HO,5,2024-07-29,2024-07-30,4924,欣厚-KY,TPEx,S,S0_atr14@5,2,303,0.075612,,0,0,1,0.0,-11.957,-15.87,220.7,2.0,floor(1%×vol20),0.0,0.0,493,inf,250.0,official_prepanel,small,176.0,0,可交易（DK_s＝0）,未扣成本（成本參考：2.8 折來回約 0.38%、全額約 0.585%）；交易方法狀態未知（全額交割、變更交易方法、停止信用交易的來源未提供）；容量以 s 日 vol20 估計，未模擬開盤競價量與滑價；容量受限,未扣成本·事後欄位以 m_ 標示·非投資建議
HO,5,2024-07-29,2024-07-30,6240,松崗,TPEx,S,S0_atr14@5,5,303,0.072231,,0,0,1,3.019,-4.906,-8.113,223.75,2.0,floor(1%×vol20),0.0,0.0,493,inf,250.0,official_prepanel,small,38.0,0,可交易（DK_s＝0）,未扣成本（成本參考：2.8 折來回約 0.38%、全額約 0.585%）；交易方法狀態未知（全額交割、變更交易方法、停止信用交易的來源未提供）；容量以 s 日 vol20 估計，未模擬開盤競價量與滑價；容量受限,未扣成本·事後欄位以 m_ 標示·非投資建議
HO,5,2024-07-29,2024-07-30,6870,騰雲,TPEx,S,S0_atr14@5,1,303,0.077041,,0,0,1,0.468,-11.241,3.981,174.25,1.0,floor(1%×vol20),0.0,0.0,210,210.0,210.0,official,small,39.0,0,可交易（DK_s＝0）,未扣成本（成本參考：2.8 折來回約 0.38%、全額約 0.585%）；交易方法狀態未知（全額交割、變更交易方法、停止信用交易的來源未提供）；容量以 s 日 vol20 估計，未模擬開盤競價量與滑價；容量受限,未扣成本·事後欄位以 m_ 標示·非投資建議
HO,5,2024-07-30,2024-07-31,4304,勝昱,TPEx,S,S0_atr14@5,3,300,0.072536,,0,0,1,-0.408,-18.367,-2.041,232.6,2.0,floor(1%×vol20),0.0,0.0,494,inf,250.0,official_prepanel,small,65.0,0,可交易（DK_s＝0）,未扣成本（成本參考：2.8 折來回約 0.38%、全額約 0.585%）；交易方法狀態未知（全額交割、變更交易方法、停止信用交易的來源未提供）；容量以 s 日 vol20 估計，未模擬開盤競價量與滑價；容量受限,未扣成本·事後欄位以 m_ 標示·非投資建議
HO,5,2024-07-30,2024-07-31,4419,皇家美食,TPEx,S,S0_atr14@5,4,300,0.071311,,0,0,1,4.613,0.494,-12.026,105.55,1.0,floor(1%×vol20),0.0,0.0,494,inf,250.0,official_prepanel,mid,26.0,0,可交易（DK_s＝0）,未扣成本（成本參考：2.8 折來回約 0.38%、全額約 0.585%）；交易方法狀態未知（全額交割、變更交易方法、停止信用交易的來源未提供）；容量以 s 日 vol20 估計，未模擬開盤競價量與滑價；容量受限,未扣成本·事後欄位以 m_ 標示·非投資建議
HO,5,2024-07-30,2024-07-31,4807,日成-KY,TWSE,S,S0_atr14@5,1,300,0.075967,,0,0,1,0.556,-8.611,5.556,197.25,1.0,floor(1%×vol20),0.0,0.0,494,inf,250.0,official_prepanel,small,36.0,0,可交易（DK_s＝0）,未扣成本（成本參考：2.8 折來回約 0.38%、全額約 0.585%）；交易方法狀態未知（全額交割、變更交易方法、停止信用交易的來源未提供）；容量以 s 日 vol20 估計，未模擬開盤競價量與滑價；容量受限,未扣成本·事後欄位以 m_ 標示·非投資建議
HO,5,2024-07-30,2024-07-31,4924,欣厚-KY,TPEx,S,S0_atr14@5,2,300,0.075,,0,0,1,1.522,-20.652,-18.261,220.75,2.0,floor(1%×vol20),0.0,0.0,494,inf,250.0,official_prepanel,small,119.0,0,可交易（DK_s＝0）,未扣成本（成本參考：2.8 折來回約 0.38%、全額約 0.585%）；交易方法狀態未知（全額交割、變更交易方法、停止信用交易的來源未提供）；容量以 s 日 vol20 估計，未模擬開盤競價量與滑價；容量受限,未扣成本·事後欄位以 m_ 標示·非投資建議
HO,5,2024-07-30,2024-07-31,6870,騰雲,TPEx,S,S0_atr14@5,5,300,0.071096,,0,0,1,-2.331,-12.121,4.895,170.15,1.0,floor(1%×vol20),0.0,0.0,211,211.0,211.0,official,small,21.0,0,可交易（DK_s＝0）,未扣成本（成本參考：2.8 折來回約 0.38%、全額約 0.585%）；交易方法狀態未知（全額交割、變更交易方法、停止信用交易的來源未提供）；容量以 s 日 vol20 估計，未模擬開盤競價量與滑價；容量受限,未扣成本·事後欄位以 m_ 標示·非投資建議
HO,5,2024-07-31,2024-08-01,4304,勝昱,TPEx,S,S0_atr14@5,2,308,0.074063,,0,0,1,3.896,-5.628,10.39,217.5,2.0,floor(1%×vol20),0.0,0.0,495,inf,250.0,official_prepanel,small,27.0,0,可交易（DK_s＝0）,未扣成本（成本參考：2.8 折來回約 0.38%、全額約 0.585%）；交易方法狀態未知（全額交割、變更交易方法、停止信用交易的來源未提供）；容量以 s 日 vol20 估計，未模擬開盤競價量與滑價；容量受限,未扣成本·事後欄位以 m_ 標示·非投資建議
HO,5,2024-07-31,2024-08-01,4419,皇家美食,TPEx,S,S0_atr14@5,5,308,0.069291,,0,0,1,0.304,-11.854,-21.733,104.9,1.0,floor(1%×vol20),0.0,0.0,495,inf,250.0,official_prepanel,mid,52.0,0,可交易（DK_s＝0）,未扣成本（成本參考：2.8 折來回約 0.38%、全額約 0.585%）；交易方法狀態未知（全額交割、變更交易方法、停止信用交易的來源未提供）；容量以 s 日 vol20 估計，未模擬開盤競價量與滑價；容量受限,未扣成本·事後欄位以 m_ 標示·非投資建議
HO,5,2024-07-31,2024-08-01,4807,日成-KY,TWSE,S,S0_atr14@5,1,308,0.074388,,0,0,1,1.099,-5.22,6.319,198.25,1.0,floor(1%×vol20),0.0,0.0,495,inf,250.0,official_prepanel,small,33.0,0,可交易（DK_s＝0）,未扣成本（成本參考：2.8 折來回約 0.38%、全額約 0.585%）；交易方法狀態未知（全額交割、變更交易方法、停止信用交易的來源未提供）；容量以 s 日 vol20 估計，未模擬開盤競價量與滑價；容量受限,未扣成本·事後欄位以 m_ 標示·非投資建議
HO,5,2024-07-31,2024-08-01,4924,欣厚-KY,TPEx,S,S0_atr14@5,3,308,0.073876,,0,0,1,0.43,-15.054,-19.785,219.55,2.0,floor(1%×vol20),0.0,0.0,495,inf,250.0,official_prepanel,small,74.0,0,可交易（DK_s＝0）,未扣成本（成本參考：2.8 折來回約 0.38%、全額約 0.585%）；交易方法狀態未知（全額交割、變更交易方法、停止信用交易的來源未提供）；容量以 s 日 vol20 估計，未模擬開盤競價量與滑價；容量受限,未扣成本·事後欄位以 m_ 標示·非投資建議
HO,5,2024-07-31,2024-08-01,6240,松崗,TPEx,S,S0_atr14@5,4,308,0.070158,,0,0,1,3.025,-14.947,-6.762,232.35,2.0,floor(1%×vol20),0.0,0.0,495,inf,250.0,official_prepanel,small,75.0,0,可交易（DK_s＝0）,未扣成本（成本參考：2.8 折來回約 0.38%、全額約 0.585%）；交易方法狀態未知（全額交割、變更交易方法、停止信用交易的來源未提供）；容量以 s 日 vol20 估計，未模擬開盤競價量與滑價；容量受限,未扣成本·事後欄位以 m_ 標示·非投資建議
HO,5,2024-08-01,2024-08-02,4304,勝昱,TPEx,S,S0_atr14@5,1,300,0.077321,,0,0,1,-6.513,-9.195,-4.215,207.7,2.0,floor(1%×vol20),0.0,0.0,496,inf,250.0,official_prepanel,small,39.0,0,可交易（DK_s＝0）,未扣成本（成本參考：2.8 折來回約 0.38%、全額約 0.585%）；交易方法狀態未知（全額交割、變更交易方法、停止信用交易的來源未提供）；容量以 s 日 vol20 估計，未模擬開盤競價量與滑價；容量受限,未扣成本·事後欄位以 m_ 標示·非投資建議
HO,5,2024-08-01,2024-08-02,4419,皇家美食,TPEx,S,S0_atr14@5,4,300,0.067857,,0,0,1,2.946,-8.347,-18.985,104.95,1.0,floor(1%×vol20),0.0,0.0,496,inf,250.0,official_prepanel,mid,14.0,0,可交易（DK_s＝0）,未扣成本（成本參考：2.8 折來回約 0.38%、全額約 0.585%）；交易方法狀態未知（全額交割、變更交易方法、停止信用交易的來源未提供）；容量以 s 日 vol20 估計，未模擬開盤競價量與滑價；容量受限,未扣成本·事後欄位以 m_ 標示·非投資建議
HO,5,2024-08-01,2024-08-02,4807,日成-KY,TWSE,S,S0_atr14@5,3,300,0.074922,,0,0,1,-1.102,-4.959,17.08,199.45,1.0,floor(1%×vol20),0.0,0.0,496,inf,250.0,official_prepanel,small,18.0,0,可交易（DK_s＝0）,未扣成本（成本參考：2.8 折來回約 0.38%、全額約 0.585%）；交易方法狀態未知（全額交割、變更交易方法、停止信用交易的來源未提供）；容量以 s 日 vol20 估計，未模擬開盤競價量與滑價；容量受限,未扣成本·事後欄位以 m_ 標示·非投資建議
HO,5,2024-08-01,2024-08-02,4924,欣厚-KY,TPEx,S,S0_atr14@5,2,300,0.076323,,0,0,1,-2.386,-14.317,-16.486,211.9,2.0,floor(1%×vol20),0.0,0.0,496,inf,250.0,official_prepanel,small,28.0,0,可交易（DK_s＝0）,未扣成本（成本參考：2.8 折來回約 0.38%、全額約 0.585%）；交易方法狀態未知（全額交割、變更交易方法、停止信用交易的來源未提供）；容量以 s 日 vol20 估計，未模擬開盤競價量與滑價；容量受限,未扣成本·事後欄位以 m_ 標示·非投資建議
HO,5,2024-08-01,2024-08-02,6240,松崗,TPEx,S,S0_atr14@5,5,300,0.067604,,0,0,1,-1.93,-16.842,-10.175,234.9,2.0,floor(1%×vol20),0.0,0.0,496,inf,250.0,official_prepanel,small,47.0,0,可交易（DK_s＝0）,未扣成本（成本參考：2.8 折來回約 0.38%、全額約 0.585%）；交易方法狀態未知（全額交割、變更交易方法、停止信用交易的來源未提供）；容量以 s 日 vol20 估計，未模擬開盤競價量與滑價；容量受限,未扣成本·事後欄位以 m_ 標示·非投資建議
HO,5,2024-08-02,2024-08-05,4304,勝昱,TPEx,S,S0_atr14@5,1,313,0.0774,,0,0,1,-8.333,-0.417,8.333,194.45,1.0,floor(1%×vol20),0.0,0.0,497,inf,250.0,official_prepanel,small,247.0,0,可交易（DK_s＝0）,未扣成本（成本參考：2.8 折來回約 0.38%、全額約 0.585%）；交易方法狀態未知（全額交割、變更交易方法、停止信用交易的來源未提供）；容量以 s 日 vol20 估計，未模擬開盤競價量與滑價；容量受限,未扣成本·事後欄位以 m_ 標示·非投資建議
HO,5,2024-08-02,2024-08-05,4807,日成-KY,TWSE,S,S0_atr14@5,3,313,0.072622,,0,0,1,-6.897,-2.299,25.862,200.1,2.0,floor(1%×vol20),0.0,0.0,497,inf,250.0,official_prepanel,small,59.0,0,可交易（DK_s＝0）,未扣成本（成本參考：2.8 折來回約 0.38%、全額約 0.585%）；交易方法狀態未知（全額交割、變更交易方法、停止信用交易的來源未提供）；容量以 s 日 vol20 估計，未模擬開盤競價量與滑價；容量受限,未扣成本·事後欄位以 m_ 標示·非投資建議
HO,5,2024-08-02,2024-08-05,4924,欣厚-KY,TPEx,S,S0_atr14@5,2,313,0.073651,,0,0,1,-3.571,-1.429,-8.333,196.05,1.0,floor(1%×vol20),0.0,0.0,497,inf,250.0,official_prepanel,small,64.0,0,可交易（DK_s＝0）,未扣成本（成本參考：2.8 折來回約 0.38%、全額約 0.585%）；交易方法狀態未知（全額交割、變更交易方法、停止信用交易的來源未提供）；容量以 s 日 vol20 估計，未模擬開盤競價量與滑價；容量受限,未扣成本·事後欄位以 m_ 標示·非投資建議
HO,5,2024-08-02,2024-08-05,6240,松崗,TPEx,S,S0_atr14@5,4,313,0.07194,,0,0,1,-1.562,-7.617,6.445,235.55,2.0,floor(1%×vol20),0.0,0.0,497,inf,250.0,official_prepanel,small,89.0,0,可交易（DK_s＝0）,未扣成本（成本參考：2.8 折來回約 0.38%、全額約 0.585%）；交易方法狀態未知（全額交割、變更交易方法、停止信用交易的來源未提供）；容量以 s 日 vol20 估計，未模擬開盤競價量與滑價；容量受限,未扣成本·事後欄位以 m_ 標示·非投資建議
HO,5,2024-08-02,2024-08-05,6870,騰雲,TPEx,S,S0_atr14@5,5,313,0.066449,,0,0,1,-4.774,16.08,17.085,154.6,1.0,floor(1%×vol20),0.0,0.0,214,214.0,214.0,official,small,147.0,0,可交易（DK_s＝0）,未扣成本（成本參考：2.8 折來回約 0.38%、全額約 0.585%）；交易方法狀態未知（全額交割、變更交易方法、停止信用交易的來源未提供）；容量以 s 日 vol20 估計，未模擬開盤競價量與滑價；容量受限,未扣成本·事後欄位以 m_ 標示·非投資建議
HO,5,2024-08-05,2024-08-06,2923,鼎固-KY,TWSE,S,S0_atr14@5,4,312,0.078273,,0,0,1,-4.276,-2.632,4.934,154.5,1.0,floor(1%×vol20),0.0,0.0,498,inf,250.0,official_prepanel,large,169.0,0,可交易（DK_s＝0）,未扣成本（成本參考：2.8 折來回約 0.38%、全額約 0.585%）；交易方法狀態未知（全額交割、變更交易方法、停止信用交易的來源未提供）；容量以 s 日 vol20 估計，未模擬開盤競價量與滑價；容量受限,未扣成本·事後欄位以 m_ 標示·非投資建議
HO,5,2024-08-05,2024-08-06,4304,勝昱,TPEx,S,S0_atr14@5,1,312,0.090519,,0,0,1,-5.213,13.27,23.223,165.95,1.0,floor(1%×vol20),0.0,0.0,498,inf,250.0,official_prepanel,small,106.0,0,可交易（DK_s＝0）,未扣成本（成本參考：2.8 折來回約 0.38%、全額約 0.585%）；交易方法狀態未知（全額交割、變更交易方法、停止信用交易的來源未提供）；容量以 s 日 vol20 估計，未模擬開盤競價量與滑價；容量受限,未扣成本·事後欄位以 m_ 標示·非投資建議
HO,5,2024-08-05,2024-08-06,4807,日成-KY,TWSE,S,S0_atr14@5,3,312,0.079806,,0,0,1,0.612,5.81,24.159,202.6,2.0,floor(1%×vol20),0.0,0.0,498,inf,250.0,official_prepanel,small,17.0,0,可交易（DK_s＝0）,未扣成本（成本參考：2.8 折來回約 0.38%、全額約 0.585%）；交易方法狀態未知（全額交割、變更交易方法、停止信用交易的來源未提供）；容量以 s 日 vol20 估計，未模擬開盤競價量與滑價；容量受限,未扣成本·事後欄位以 m_ 標示·非投資建議
HO,5,2024-08-05,2024-08-06,6240,松崗,TPEx,S,S0_atr14@5,2,312,0.084467,,0,0,1,-7.753,-3.181,9.742,237.7,2.0,floor(1%×vol20),0.0,0.0,498,inf,250.0,official_prepanel,small,178.0,0,可交易（DK_s＝0）,未扣成本（成本參考：2.8 折來回約 0.38%、全額約 0.585%）；交易方法狀態未知（全額交割、變更交易方法、停止信用交易的來源未提供）；容量以 s 日 vol20 估計，未模擬開盤競價量與滑價；容量受限,未扣成本·事後欄位以 m_ 標示·非投資建議
HO,5,2024-08-05,2024-08-06,6870,騰雲,TPEx,S,S0_atr14@5,5,312,0.077083,,0,0,1,-4.798,12.121,19.949,152.8,1.0,floor(1%×vol20),0.0,0.0,215,215.0,215.0,official,small,74.0,0,可交易（DK_s＝0）,未扣成本（成本參考：2.8 折來回約 0.38%、全額約 0.585%）；交易方法狀態未知（全額交割、變更交易方法、停止信用交易的來源未提供）；容量以 s 日 vol20 估計，未模擬開盤競價量與滑價；容量受限,未扣成本·事後欄位以 m_ 標示·非投資建議
HO,5,2024-08-06,2024-08-07,3219,倚強科,TPEx,S,S0_atr14@5,5,311,0.08413,,0,0,1,5.257,28.911,39.424,228.9,2.0,floor(1%×vol20),0.0,0.0,499,inf,250.0,official_prepanel,small,141.0,0,可交易（DK_s＝0）,未扣成本（成本參考：2.8 折來回約 0.38%、全額約 0.585%）；交易方法狀態未知（全額交割、變更交易方法、停止信用交易的來源未提供）；容量以 s 日 vol20 估計，未模擬開盤競價量與滑價；容量受限,未扣成本·事後欄位以 m_ 標示·非投資建議
HO,5,2024-08-06,2024-08-07,4304,勝昱,TPEx,S,S0_atr14@5,2,311,0.101143,,0,0,1,6.341,17.073,27.805,153.55,1.0,floor(1%×vol20),0.0,0.0,499,inf,250.0,official_prepanel,small,43.0,0,可交易（DK_s＝0）,未扣成本（成本參考：2.8 折來回約 0.38%、全額約 0.585%）；交易方法狀態未知（全額交割、變更交易方法、停止信用交易的來源未提供）；容量以 s 日 vol20 估計，未模擬開盤競價量與滑價；容量受限,未扣成本·事後欄位以 m_ 標示·非投資建議
HO,5,2024-08-06,2024-08-07,4924,欣厚-KY,TPEx,S,S0_atr14@5,4,311,0.084344,,0,0,1,3.403,-1.571,13.613,164.6,1.0,floor(1%×vol20),0.0,0.0,499,inf,250.0,official_prepanel,small,290.0,0,可交易（DK_s＝0）,未扣成本（成本參考：2.8 折來回約 0.38%、全額約 0.585%）；交易方法狀態未知（全額交割、變更交易方法、停止信用交易的來源未提供）；容量以 s 日 vol20 估計，未模擬開盤競價量與滑價；容量受限,未扣成本·事後欄位以 m_ 標示·非投資建議
HO,5,2024-08-06,2024-08-07,5276,達輝-KY,TPEx,S,S0_atr14@5,1,311,0.112683,,0,0,1,3.395,-0.617,0.0,285.6,2.0,floor(1%×vol20),0.0,0.0,499,inf,250.0,official_prepanel,small,99.0,0,可交易（DK_s＝0）,未扣成本（成本參考：2.8 折來回約 0.38%、全額約 0.585%）；交易方法狀態未知（全額交割、變更交易方法、停止信用交易的來源未提供）；容量以 s 日 vol20 估計，未模擬開盤競價量與滑價；容量受限,未扣成本·事後欄位以 m_ 標示·非投資建議
HO,5,2024-08-06,2024-08-07,6240,松崗,TPEx,S,S0_atr14@5,3,311,0.09452,,0,0,1,3.24,8.855,19.222,239.2,2.0,floor(1%×vol20),0.0,0.0,499,inf,250.0,official_prepanel,small,107.0,0,可交易（DK_s＝0）,未扣成本（成本參考：2.8 折來回約 0.38%、全額約 0.585%）；交易方法狀態未知（全額交割、變更交易方法、停止信用交易的來源未提供）；容量以 s 日 vol20 估計，未模擬開盤競價量與滑價；容量受限,未扣成本·事後欄位以 m_ 標示·非投資建議
HO,5,2024-08-07,2024-08-08,2923,鼎固-KY,TWSE,S,S0_atr14@5,5,299,0.082643,,0,0,1,-1.795,5.566,22.442,164.25,1.0,floor(1%×vol20),0.0,0.0,500,inf,250.0,official_prepanel,large,223.0,0,可交易（DK_s＝0）,未扣成本（成本參考：2.8 折來回約 0.38%、全額約 0.585%）；交易方法狀態未知（全額交割、變更交易方法、停止信用交易的來源未提供）；容量以 s 日 vol20 估計，未模擬開盤競價量與滑價；容量受限,未扣成本·事後欄位以 m_ 標示·非投資建議
HO,5,2024-08-07,2024-08-08,3219,倚強科,TPEx,S,S0_atr14@5,4,299,0.083136,,0,0,1,-1.986,32.243,31.308,197.6,1.0,floor(1%×vol20),0.0,0.0,500,inf,250.0,official_prepanel,small,134.0,0,可交易（DK_s＝0）,未扣成本（成本參考：2.8 折來回約 0.38%、全額約 0.585%）；交易方法狀態未知（全額交割、變更交易方法、停止信用交易的來源未提供）；容量以 s 日 vol20 估計，未模擬開盤競價量與滑價；容量受限,未扣成本·事後欄位以 m_ 標示·非投資建議
HO,5,2024-08-07,2024-08-08,4304,勝昱,TPEx,S,S0_atr14@5,3,299,0.094299,,0,0,1,18.5,27.5,33.0,139.45,1.0,floor(1%×vol20),0.0,0.0,500,inf,250.0,official_prepanel,small,88.0,0,可交易（DK_s＝0）,未扣成本（成本參考：2.8 折來回約 0.38%、全額約 0.585%）；交易方法狀態未知（全額交割、變更交易方法、停止信用交易的來源未提供）；容量以 s 日 vol20 估計，未模擬開盤競價量與滑價；容量受限,未扣成本·事後欄位以 m_ 標示·非投資建議
HO,5,2024-08-07,2024-08-08,5276,達輝-KY,TPEx,S,S0_atr14@5,1,299,0.106768,,0,0,1,1.899,0.633,1.266,263.9,2.0,floor(1%×vol20),0.0,0.0,500,inf,250.0,official_prepanel,small,41.0,0,可交易（DK_s＝0）,未扣成本（成本參考：2.8 折來回約 0.38%、全額約 0.585%）；交易方法狀態未知（全額交割、變更交易方法、停止信用交易的來源未提供）；容量以 s 日 vol20 估計，未模擬開盤競價量與滑價；容量受限,未扣成本·事後欄位以 m_ 標示·非投資建議
HO,5,2024-08-07,2024-08-08,6240,松崗,TPEx,S,S0_atr14@5,2,299,0.095039,,0,0,1,-0.837,9.623,16.527,231.35,2.0,floor(1%×vol20),0.0,0.0,500,inf,250.0,official_prepanel,small,38.0,0,可交易（DK_s＝0）,未扣成本（成本參考：2.8 折來回約 0.38%、全額約 0.585%）；交易方法狀態未知（全額交割、變更交易方法、停止信用交易的來源未提供）；容量以 s 日 vol20 估計，未模擬開盤競價量與滑價；容量受限,未扣成本·事後欄位以 m_ 標示·非投資建議
HO,5,2024-08-08,2024-08-09,2923,鼎固-KY,TWSE,S,S0_atr14@5,5,318,0.086707,,0,0,1,8.989,11.61,29.963,175.15,1.0,floor(1%×vol20),0.0,0.0,501,inf,250.0,official_prepanel,large,317.0,0,可交易（DK_s＝0）,未扣成本（成本參考：2.8 折來回約 0.38%、全額約 0.585%）；交易方法狀態未知（全額交割、變更交易方法、停止信用交易的來源未提供）；容量以 s 日 vol20 估計，未模擬開盤競價量與滑價；容量受限,未扣成本·事後欄位以 m_ 標示·非投資建議
HO,5,2024-08-08,2024-08-09,3095,及成,TPEx,S,S0_atr14@5,1,318,0.110476,,0,0,1,7.143,5.032,0.812,274.55,2.0,floor(1%×vol20),0.0,0.0,501,inf,250.0,official_prepanel,small,94.0,0,可交易（DK_s＝0）,未扣成本（成本參考：2.8 折來回約 0.38%、全額約 0.585%）；交易方法狀態未知（全額交割、變更交易方法、停止信用交易的來源未提供）；容量以 s 日 vol20 估計，未模擬開盤競價量與滑價；容量受限,未扣成本·事後欄位以 m_ 標示·非投資建議
HO,5,2024-08-08,2024-08-09,4304,勝昱,TPEx,S,S0_atr14@5,3,318,0.092465,,0,0,1,-3.629,0.806,7.258,136.35,1.0,floor(1%×vol20),0.0,0.0,501,inf,250.0,official_prepanel,small,38.0,0,可交易（DK_s＝0）,未扣成本（成本參考：2.8 折來回約 0.38%、全額約 0.585%）；交易方法狀態未知（全額交割、變更交易方法、停止信用交易的來源未提供）；容量以 s 日 vol20 估計，未模擬開盤競價量與滑價；容量受限,未扣成本·事後欄位以 m_ 標示·非投資建議
HO,5,2024-08-08,2024-08-09,5276,達輝-KY,TPEx,S,S0_atr14@5,2,318,0.105628,,0,0,1,2.424,-3.636,-3.636,244.15,2.0,floor(1%×vol20),0.0,0.0,501,inf,250.0,official_prepanel,small,26.0,0,可交易（DK_s＝0）,未扣成本（成本參考：2.8 折來回約 0.38%、全額約 0.585%）；交易方法狀態未知（全額交割、變更交易方法、停止信用交易的來源未提供）；容量以 s 日 vol20 估計，未模擬開盤競價量與滑價；容量受限,未扣成本·事後欄位以 m_ 標示·非投資建議
HO,5,2024-08-08,2024-08-09,6240,松崗,TPEx,S,S0_atr14@5,4,318,0.091169,,0,0,1,-0.839,7.338,12.369,228.5,2.0,floor(1%×vol20),0.0,0.0,501,inf,250.0,official_prepanel,small,54.0,0,可交易（DK_s＝0）,未扣成本（成本參考：2.8 折來回約 0.38%、全額約 0.585%）；交易方法狀態未知（全額交割、變更交易方法、停止信用交易的來源未提供）；容量以 s 日 vol20 估計，未模擬開盤競價量與滑價；容量受限,未扣成本·事後欄位以 m_ 標示·非投資建議
HO,5,2024-08-09,2024-08-12,2923,鼎固-KY,TWSE,S,S0_atr14@5,4,315,0.083211,,0,0,1,3.316,11.344,21.117,189.1,1.0,floor(1%×vol20),0.0,0.0,502,inf,250.0,official_prepanel,large,141.0,0,可交易（DK_s＝0）,未扣成本（成本參考：2.8 折來回約 0.38%、全額約 0.585%）；交易方法狀態未知（全額交割、變更交易方法、停止信用交易的來源未提供）；容量以 s 日 vol20 估計，未模擬開盤競價量與滑價；容量受限,未扣成本·事後欄位以 m_ 標示·非投資建議
HO,5,2024-08-09,2024-08-12,3219,倚強科,TPEx,S,S0_atr14@5,3,315,0.083699,,1,0,1,5.75,34.386,25.141,176.25,1.0,floor(1%×vol20),0.0,0.0,502,inf,250.0,official_prepanel,small,90.0,0,可交易（DK_s＝0）,未扣成本（成本參考：2.8 折來回約 0.38%、全額約 0.585%）；交易方法狀態未知（全額交割、變更交易方法、停止信用交易的來源未提供）；容量以 s 日 vol20 估計，未模擬開盤競價量與滑價；容量受限,未扣成本·事後欄位以 m_ 標示·非投資建議
HO,5,2024-08-09,2024-08-12,4304,勝昱,TPEx,S,S0_atr14@5,2,315,0.089002,,0,0,1,-0.417,8.333,9.167,136.6,1.0,floor(1%×vol20),0.0,0.0,502,inf,250.0,official_prepanel,small,8.0,0,可交易（DK_s＝0）,未扣成本（成本參考：2.8 折來回約 0.38%、全額約 0.585%）；交易方法狀態未知（全額交割、變更交易方法、停止信用交易的來源未提供）；容量以 s 日 vol20 估計，未模擬開盤競價量與滑價；容量受限,未扣成本·事後欄位以 m_ 標示·非投資建議
HO,5,2024-08-09,2024-08-12,5276,達輝-KY,TPEx,S,S0_atr14@5,1,315,0.090699,,0,0,1,-3.55,-5.03,-5.917,238.25,2.0,floor(1%×vol20),0.0,0.0,502,inf,250.0,official_prepanel,small,104.0,0,可交易（DK_s＝0）,未扣成本（成本參考：2.8 折來回約 0.38%、全額約 0.585%）；交易方法狀態未知（全額交割、變更交易方法、停止信用交易的來源未提供）；容量以 s 日 vol20 估計，未模擬開盤競價量與滑價；容量受限,未扣成本·事後欄位以 m_ 標示·非投資建議
HO,5,2024-08-09,2024-08-12,6240,松崗,TPEx,S,S0_atr14@5,5,315,0.081999,,0,0,1,2.96,15.222,10.994,226.85,2.0,floor(1%×vol20),0.0,0.0,502,inf,250.0,official_prepanel,small,83.0,0,可交易（DK_s＝0）,未扣成本（成本參考：2.8 折來回約 0.38%、全額約 0.585%）；交易方法狀態未知（全額交割、變更交易方法、停止信用交易的來源未提供）；容量以 s 日 vol20 估計，未模擬開盤競價量與滑價；容量受限,未扣成本·事後欄位以 m_ 標示·非投資建議
HO,5,2024-08-12,2024-08-13,2923,鼎固-KY,TWSE,S,S0_atr14@5,4,326,0.081926,,0,0,1,-0.845,7.77,20.27,194.15,1.0,floor(1%×vol20),0.0,0.0,503,inf,250.0,official_prepanel,large,23.0,0,可交易（DK_s＝0）,未扣成本（成本參考：2.8 折來回約 0.38%、全額約 0.585%）；交易方法狀態未知（全額交割、變更交易方法、停止信用交易的來源未提供）；容量以 s 日 vol20 估計，未模擬開盤競價量與滑價；容量受限,未扣成本·事後欄位以 m_ 標示·非投資建議
HO,5,2024-08-12,2024-08-13,3095,及成,TPEx,S,S0_atr14@5,1,326,0.096269,,0,0,1,-1.343,-4.179,-15.97,254.2,2.0,floor(1%×vol20),0.0,0.0,503,inf,250.0,official_prepanel,small,118.0,0,可交易（DK_s＝0）,未扣成本（成本參考：2.8 折來回約 0.38%、全額約 0.585%）；交易方法狀態未知（全額交割、變更交易方法、停止信用交易的來源未提供）；容量以 s 日 vol20 估計，未模擬開盤競價量與滑價；容量受限,未扣成本·事後欄位以 m_ 標示·非投資建議
HO,5,2024-08-12,2024-08-13,4304,勝昱,TPEx,S,S0_atr14@5,5,326,0.079498,,0,0,1,0.418,8.787,8.787,132.05,1.0,floor(1%×vol20),0.0,0.0,503,inf,250.0,official_prepanel,small,34.0,0,可交易（DK_s＝0）,未扣成本（成本參考：2.8 折來回約 0.38%、全額約 0.585%）；交易方法狀態未知（全額交割、變更交易方法、停止信用交易的來源未提供）；容量以 s 日 vol20 估計，未模擬開盤競價量與滑價；容量受限,未扣成本·事後欄位以 m_ 標示·非投資建議
HO,5,2024-08-12,2024-08-13,4924,欣厚-KY,TPEx,S,S0_atr14@5,3,326,0.085825,,0,0,1,-1.312,11.024,11.286,146.9,1.0,floor(1%×vol20),0.0,0.0,503,inf,250.0,official_prepanel,small,54.0,0,可交易（DK_s＝0）,未扣成本（成本參考：2.8 折來回約 0.38%、全額約 0.585%）；交易方法狀態未知（全額交割、變更交易方法、停止信用交易的來源未提供）；容量以 s 日 vol20 估計，未模擬開盤競價量與滑價；容量受限,未扣成本·事後欄位以 m_ 標示·非投資建議
HO,5,2024-08-12,2024-08-13,5276,達輝-KY,TPEx,S,S0_atr14@5,2,326,0.090639,,0,0,1,-0.923,-0.308,-2.462,237.4,2.0,floor(1%×vol20),0.0,0.0,503,inf,250.0,official_prepanel,small,66.0,0,可交易（DK_s＝0）,未扣成本（成本參考：2.8 折來回約 0.38%、全額約 0.585%）；交易方法狀態未知（全額交割、變更交易方法、停止信用交易的來源未提供）；容量以 s 日 vol20 估計，未模擬開盤競價量與滑價；容量受限,未扣成本·事後欄位以 m_ 標示·非投資建議
HO,5,2024-08-13,2024-08-14,2923,鼎固-KY,TWSE,S,S0_atr14@5,5,328,0.076174,,0,0,1,-0.843,4.553,17.032,193.0,1.0,floor(1%×vol20),0.0,0.0,504,inf,250.0,official_prepanel,large,48.0,0,可交易（DK_s＝0）,未扣成本（成本參考：2.8 折來回約 0.38%、全額約 0.585%）；交易方法狀態未知（全額交割、變更交易方法、停止信用交易的來源未提供）；容量以 s 日 vol20 估計，未模擬開盤競價量與滑價；容量受限,未扣成本·事後欄位以 m_ 標示·非投資建議
HO,5,2024-08-13,2024-08-14,3095,及成,TPEx,S,S0_atr14@5,1,328,0.092392,,0,0,1,-7.132,-8.588,-11.354,237.35,2.0,floor(1%×vol20),0.0,0.0,504,inf,250.0,official_prepanel,small,106.0,0,可交易（DK_s＝0）,未扣成本（成本參考：2.8 折來回約 0.38%、全額約 0.585%）；交易方法狀態未知（全額交割、變更交易方法、停止信用交易的來源未提供）；容量以 s 日 vol20 估計，未模擬開盤競價量與滑價；容量受限,未扣成本·事後欄位以 m_ 標示·非投資建議
HO,5,2024-08-13,2024-08-14,4304,勝昱,TPEx,S,S0_atr14@5,4,328,0.080357,,0,0,1,6.25,9.167,8.333,131.0,1.0,floor(1%×vol20),0.0,0.0,504,inf,250.0,official_prepanel,small,75.0,0,可交易（DK_s＝0）,未扣成本（成本參考：2.8 折來回約 0.38%、全額約 0.585%）；交易方法狀態未知（全額交割、變更交易方法、停止信用交易的來源未提供）；容量以 s 日 vol20 估計，未模擬開盤競價量與滑價；容量受限,未扣成本·事後欄位以 m_ 標示·非投資建議
HO,5,2024-08-13,2024-08-14,4924,欣厚-KY,TPEx,S,S0_atr14@5,3,328,0.082257,,0,0,1,1.913,18.579,10.656,126.85,1.0,floor(1%×vol20),0.0,0.0,504,inf,250.0,official_prepanel,small,35.0,0,可交易（DK_s＝0）,未扣成本（成本參考：2.8 折來回約 0.38%、全額約 0.585%）；交易方法狀態未知（全額交割、變更交易方法、停止信用交易的來源未提供）；容量以 s 日 vol20 估計，未模擬開盤競價量與滑價；容量受限,未扣成本·事後欄位以 m_ 標示·非投資建議
HO,5,2024-08-13,2024-08-14,5276,達輝-KY,TPEx,S,S0_atr14@5,2,328,0.082577,,0,0,1,-0.625,1.25,-1.875,239.15,2.0,floor(1%×vol20),0.0,0.0,504,inf,250.0,official_prepanel,small,56.0,0,可交易（DK_s＝0）,未扣成本（成本參考：2.8 折來回約 0.38%、全額約 0.585%）；交易方法狀態未知（全額交割、變更交易方法、停止信用交易的來源未提供）；容量以 s 日 vol20 估計，未模擬開盤競價量與滑價；容量受限,未扣成本·事後欄位以 m_ 標示·非投資建議
HO,5,2024-08-14,2024-08-15,3095,及成,TPEx,S,S0_atr14@5,1,329,0.092588,,0,0,1,0.31,-8.992,-7.287,220.5,2.0,floor(1%×vol20),0.0,0.0,505,inf,250.0,official_prepanel,small,147.0,0,可交易（DK_s＝0）,未扣成本（成本參考：2.8 折來回約 0.38%、全額約 0.585%）；交易方法狀態未知（全額交割、變更交易方法、停止信用交易的來源未提供）；容量以 s 日 vol20 估計，未模擬開盤競價量與滑價；容量受限,未扣成本·事後欄位以 m_ 標示·非投資建議
HO,5,2024-08-14,2024-08-15,4304,勝昱,TPEx,S,S0_atr14@5,4,329,0.07423,,0,0,1,-1.961,4.314,1.961,126.95,1.0,floor(1%×vol20),0.0,0.0,505,inf,250.0,official_prepanel,small,43.0,0,可交易（DK_s＝0）,未扣成本（成本參考：2.8 折來回約 0.38%、全額約 0.585%）；交易方法狀態未知（全額交割、變更交易方法、停止信用交易的來源未提供）；容量以 s 日 vol20 估計，未模擬開盤競價量與滑價；容量受限,未扣成本·事後欄位以 m_ 標示·非投資建議
HO,5,2024-08-14,2024-08-15,4924,欣厚-KY,TPEx,S,S0_atr14@5,2,329,0.080237,,0,0,1,4.62,10.87,9.239,122.55,1.0,floor(1%×vol20),0.0,0.0,505,inf,250.0,official_prepanel,small,36.0,0,可交易（DK_s＝0）,未扣成本（成本參考：2.8 折來回約 0.38%、全額約 0.585%）；交易方法狀態未知（全額交割、變更交易方法、停止信用交易的來源未提供）；容量以 s 日 vol20 估計，未模擬開盤競價量與滑價；容量受限,未扣成本·事後欄位以 m_ 標示·非投資建議
HO,5,2024-08-14,2024-08-15,5276,達輝-KY,TPEx,S,S0_atr14@5,3,329,0.074951,,0,0,1,-0.625,0.0,-1.25,240.6,2.0,floor(1%×vol20),0.0,0.0,505,inf,250.0,official_prepanel,small,21.0,0,可交易（DK_s＝0）,未扣成本（成本參考：2.8 折來回約 0.38%、全額約 0.585%）；交易方法狀態未知（全額交割、變更交易方法、停止信用交易的來源未提供）；容量以 s 日 vol20 估計，未模擬開盤競價量與滑價；容量受限,未扣成本·事後欄位以 m_ 標示·非投資建議
HO,5,2024-08-14,2024-08-15,6171,大城地產,TPEx,S,S0_atr14@5,5,329,0.072876,,0,0,1,0.191,-3.435,-6.011,178.85,1.0,floor(1%×vol20),0.0,0.0,505,inf,250.0,official_prepanel,small,60.0,0,可交易（DK_s＝0）,未扣成本（成本參考：2.8 折來回約 0.38%、全額約 0.585%）；交易方法狀態未知（全額交割、變更交易方法、停止信用交易的來源未提供）；容量以 s 日 vol20 估計，未模擬開盤競價量與滑價；容量受限,未扣成本·事後欄位以 m_ 標示·非投資建議
HO,5,2024-08-15,2024-08-16,3095,及成,TPEx,S,S0_atr14@5,1,328,0.082689,,0,0,1,-5.414,-6.617,-13.233,201.0,2.0,floor(1%×vol20),0.0,0.0,506,inf,250.0,official_prepanel,small,140.0,0,可交易（DK_s＝0）,未扣成本（成本參考：2.8 折來回約 0.38%、全額約 0.585%）；交易方法狀態未知（全額交割、變更交易方法、停止信用交易的來源未提供）；容量以 s 日 vol20 估計，未模擬開盤競價量與滑價；容量受限,未扣成本·事後欄位以 m_ 標示·非投資建議
HO,5,2024-08-15,2024-08-16,4304,勝昱,TPEx,S,S0_atr14@5,4,328,0.069714,,0,0,1,0.0,2.308,-1.154,119.0,1.0,floor(1%×vol20),0.0,0.0,506,inf,250.0,official_prepanel,small,165.0,0,可交易（DK_s＝0）,未扣成本（成本參考：2.8 折來回約 0.38%、全額約 0.585%）；交易方法狀態未知（全額交割、變更交易方法、停止信用交易的來源未提供）；容量以 s 日 vol20 估計，未模擬開盤競價量與滑價；容量受限,未扣成本·事後欄位以 m_ 標示·非投資建議
HO,5,2024-08-15,2024-08-16,4924,欣厚-KY,TPEx,S,S0_atr14@5,2,328,0.074954,,0,0,1,0.0,4.156,2.857,121.8,1.0,floor(1%×vol20),0.0,0.0,506,inf,250.0,official_prepanel,small,36.0,0,可交易（DK_s＝0）,未扣成本（成本參考：2.8 折來回約 0.38%、全額約 0.585%）；交易方法狀態未知（全額交割、變更交易方法、停止信用交易的來源未提供）；容量以 s 日 vol20 估計，未模擬開盤競價量與滑價；容量受限,未扣成本·事後欄位以 m_ 標示·非投資建議
HO,5,2024-08-15,2024-08-16,5276,達輝-KY,TPEx,S,S0_atr14@5,5,328,0.069545,,0,0,1,-1.534,-2.454,-4.294,240.15,2.0,floor(1%×vol20),0.0,0.0,506,inf,250.0,official_prepanel,small,18.0,0,可交易（DK_s＝0）,未扣成本（成本參考：2.8 折來回約 0.38%、全額約 0.585%）；交易方法狀態未知（全額交割、變更交易方法、停止信用交易的來源未提供）；容量以 s 日 vol20 估計，未模擬開盤競價量與滑價；容量受限,未扣成本·事後欄位以 m_ 標示·非投資建議
HO,5,2024-08-15,2024-08-16,6171,大城地產,TPEx,S,S0_atr14@5,3,328,0.070476,,0,0,1,-1.873,-9.738,-8.061,173.4,1.0,floor(1%×vol20),0.0,0.0,506,inf,250.0,official_prepanel,small,101.0,0,可交易（DK_s＝0）,未扣成本（成本參考：2.8 折來回約 0.38%、全額約 0.585%）；交易方法狀態未知（全額交割、變更交易方法、停止信用交易的來源未提供）；容量以 s 日 vol20 估計，未模擬開盤競價量與滑價；容量受限,未扣成本·事後欄位以 m_ 標示·非投資建議
HO,5,2024-08-16,2024-08-19,3095,及成,TPEx,S,S0_atr14@5,1,338,0.08233,,0,0,1,-1.685,-9.801,-7.504,195.95,1.0,floor(1%×vol20),0.0,0.0,507,inf,250.0,official_prepanel,small,126.0,0,可交易（DK_s＝0）,未扣成本（成本參考：2.8 折來回約 0.38%、全額約 0.585%）；交易方法狀態未知（全額交割、變更交易方法、停止信用交易的來源未提供）；容量以 s 日 vol20 估計，未模擬開盤競價量與滑價；容量受限,未扣成本·事後欄位以 m_ 標示·非投資建議
HO,5,2024-08-16,2024-08-19,4924,欣厚-KY,TPEx,S,S0_atr14@5,3,338,0.068831,,0,0,1,9.87,7.013,4.416,113.05,1.0,floor(1%×vol20),0.0,0.0,507,inf,250.0,official_prepanel,small,172.0,0,可交易（DK_s＝0）,未扣成本（成本參考：2.8 折來回約 0.38%、全額約 0.585%）；交易方法狀態未知（全額交割、變更交易方法、停止信用交易的來源未提供）；容量以 s 日 vol20 估計，未模擬開盤競價量與滑價；容量受限,未扣成本·事後欄位以 m_ 標示·非投資建議
HO,5,2024-08-16,2024-08-19,5276,達輝-KY,TPEx,S,S0_atr14@5,5,338,0.066821,,0,0,1,2.208,0.315,0.631,225.7,2.0,floor(1%×vol20),0.0,0.0,507,inf,250.0,official_prepanel,small,30.0,0,可交易（DK_s＝0）,未扣成本（成本參考：2.8 折來回約 0.38%、全額約 0.585%）；交易方法狀態未知（全額交割、變更交易方法、停止信用交易的來源未提供）；容量以 s 日 vol20 估計，未模擬開盤競價量與滑價；容量受限,未扣成本·事後欄位以 m_ 標示·非投資建議
HO,5,2024-08-16,2024-08-19,6629,泰金-KY,TPEx,S,S0_atr14@5,4,338,0.067925,,0,0,1,5.283,0.0,10.189,111.3,1.0,floor(1%×vol20),0.0,0.0,507,inf,250.0,official_prepanel,small,112.0,0,可交易（DK_s＝0）,未扣成本（成本參考：2.8 折來回約 0.38%、全額約 0.585%）；交易方法狀態未知（全額交割、變更交易方法、停止信用交易的來源未提供）；容量以 s 日 vol20 估計，未模擬開盤競價量與滑價；容量受限,未扣成本·事後欄位以 m_ 標示·非投資建議
HO,5,2024-08-16,2024-08-19,8477,創業家,TPEx,S,S0_atr14@5,2,338,0.068878,,0,0,1,-1.894,-4.545,-6.439,246.35,2.0,floor(1%×vol20),0.0,0.0,507,inf,250.0,official_prepanel,small,674.0,0,可交易（DK_s＝0）,未扣成本（成本參考：2.8 折來回約 0.38%、全額約 0.585%）；交易方法狀態未知（全額交割、變更交易方法、停止信用交易的來源未提供）；容量以 s 日 vol20 估計，未模擬開盤競價量與滑價；容量受限,未扣成本·事後欄位以 m_ 標示·非投資建議
HO,5,2024-08-19,2024-08-20,2923,鼎固-KY,TWSE,S,S0_atr14@5,3,335,0.068406,,0,0,1,-1.743,12.837,11.41,193.55,1.0,floor(1%×vol20),0.0,0.0,508,inf,250.0,official_prepanel,large,39.0,0,可交易（DK_s＝0）,未扣成本（成本參考：2.8 折來回約 0.38%、全額約 0.585%）；交易方法狀態未知（全額交割、變更交易方法、停止信用交易的來源未提供）；容量以 s 日 vol20 估計，未模擬開盤競價量與滑價；容量受限,未扣成本·事後欄位以 m_ 標示·非投資建議
HO,5,2024-08-19,2024-08-20,3095,及成,TPEx,S,S0_atr14@5,1,335,0.079105,,0,0,1,-2.181,-12.305,3.427,183.4,1.0,floor(1%×vol20),0.0,0.0,508,inf,250.0,official_prepanel,small,130.0,0,可交易（DK_s＝0）,未扣成本（成本參考：2.8 折來回約 0.38%、全額約 0.585%）；交易方法狀態未知（全額交割、變更交易方法、停止信用交易的來源未提供）；容量以 s 日 vol20 估計，未模擬開盤競價量與滑價；容量受限,未扣成本·事後欄位以 m_ 標示·非投資建議
HO,5,2024-08-19,2024-08-20,5314,世紀*,TPEx,S,S0_atr14@5,4,335,0.067857,,0,0,1,-2.473,-10.714,-9.066,296.45,2.0,floor(1%×vol20),0.0,0.0,508,inf,250.0,official_prepanel,small,147.0,0,可交易（DK_s＝0）,未扣成本（成本參考：2.8 折來回約 0.38%、全額約 0.585%）；交易方法狀態未知（全額交割、變更交易方法、停止信用交易的來源未提供）；容量以 s 日 vol20 估計，未模擬開盤競價量與滑價；容量受限,未扣成本·事後欄位以 m_ 標示·非投資建議
HO,5,2024-08-19,2024-08-20,6629,泰金-KY,TPEx,S,S0_atr14@5,5,335,0.067588,,0,0,1,-1.434,3.943,2.151,114.55,1.0,floor(1%×vol20),0.0,0.0,508,inf,250.0,official_prepanel,small,106.0,0,可交易（DK_s＝0）,未扣成本（成本參考：2.8 折來回約 0.38%、全額約 0.585%）；交易方法狀態未知（全額交割、變更交易方法、停止信用交易的來源未提供）；容量以 s 日 vol20 估計，未模擬開盤競價量與滑價；容量受限,未扣成本·事後欄位以 m_ 標示·非投資建議
HO,5,2024-08-19,2024-08-20,8477,創業家,TPEx,S,S0_atr14@5,2,335,0.076944,,0,0,1,1.581,-3.557,-4.743,278.15,2.0,floor(1%×vol20),0.0,1.0,508,inf,250.0,official_prepanel,small,247.0,0,可交易（DK_s＝0）,未扣成本（成本參考：2.8 折來回約 0.38%、全額約 0.585%）；交易方法狀態未知（全額交割、變更交易方法、停止信用交易的來源未提供）；容量以 s 日 vol20 估計，未模擬開盤競價量與滑價；容量受限,未扣成本·事後欄位以 m_ 標示·非投資建議
HO,5,2024-08-20,2024-08-21,2923,鼎固-KY,TWSE,S,S0_atr14@5,3,338,0.070392,,0,0,1,7.233,9.119,5.975,183.0,1.0,floor(1%×vol20),0.0,0.0,509,inf,250.0,official_prepanel,large,269.0,0,可交易（DK_s＝0）,未扣成本（成本參考：2.8 折來回約 0.38%、全額約 0.585%）；交易方法狀態未知（全額交割、變更交易方法、停止信用交易的來源未提供）；容量以 s 日 vol20 估計，未模擬開盤競價量與滑價；容量受限,未扣成本·事後欄位以 m_ 標示·非投資建議
HO,5,2024-08-20,2024-08-21,3095,及成,TPEx,S,S0_atr14@5,1,338,0.079959,,0,0,1,-3.77,-0.164,19.672,177.2,1.0,floor(1%×vol20),0.0,0.0,509,inf,250.0,official_prepanel,small,132.0,0,可交易（DK_s＝0）,未扣成本（成本參考：2.8 折來回約 0.38%、全額約 0.585%）；交易方法狀態未知（全額交割、變更交易方法、停止信用交易的來源未提供）；容量以 s 日 vol20 估計，未模擬開盤競價量與滑價；容量受限,未扣成本·事後欄位以 m_ 標示·非投資建議
HO,5,2024-08-20,2024-08-21,6212,理銘,TPEx,S,S0_atr14@5,4,338,0.069547,,0,0,1,0.404,-6.465,-5.556,137.75,1.0,floor(1%×vol20),0.0,0.0,509,inf,250.0,official_prepanel,mid,55.0,0,可交易（DK_s＝0）,未扣成本（成本參考：2.8 折來回約 0.38%、全額約 0.585%）；交易方法狀態未知（全額交割、變更交易方法、停止信用交易的來源未提供）；容量以 s 日 vol20 估計，未模擬開盤競價量與滑價；容量受限,未扣成本·事後欄位以 m_ 標示·非投資建議
HO,5,2024-08-20,2024-08-21,6629,泰金-KY,TPEx,S,S0_atr14@5,5,338,0.068571,,0,0,1,-4.348,3.986,2.899,117.2,1.0,floor(1%×vol20),0.0,0.0,509,inf,250.0,official_prepanel,small,144.0,0,可交易（DK_s＝0）,未扣成本（成本參考：2.8 折來回約 0.38%、全額約 0.585%）；交易方法狀態未知（全額交割、變更交易方法、停止信用交易的來源未提供）；容量以 s 日 vol20 估計，未模擬開盤競價量與滑價；容量受限,未扣成本·事後欄位以 m_ 標示·非投資建議
HO,5,2024-08-20,2024-08-21,8477,創業家,TPEx,S,S0_atr14@5,2,338,0.078933,,0,0,1,0.784,-7.451,-4.314,282.05,2.0,floor(1%×vol20),0.0,2.0,509,inf,250.0,official_prepanel,small,90.0,0,可交易（DK_s＝0）,未扣成本（成本參考：2.8 折來回約 0.38%、全額約 0.585%）；交易方法狀態未知（全額交割、變更交易方法、停止信用交易的來源未提供）；容量以 s 日 vol20 估計，未模擬開盤競價量與滑價；容量受限,未扣成本·事後欄位以 m_ 標示·非投資建議
HO,5,2024-08-21,2024-08-22,3095,及成,TPEx,S,S0_atr14@5,1,342,0.084814,,0,0,1,5.792,1.874,18.228,173.9,1.0,floor(1%×vol20),0.0,0.0,510,inf,250.0,official_prepanel,small,112.0,0,可交易（DK_s＝0）,未扣成本（成本參考：2.8 折來回約 0.38%、全額約 0.585%）；交易方法狀態未知（全額交割、變更交易方法、停止信用交易的來源未提供）；容量以 s 日 vol20 估計，未模擬開盤競價量與滑價；容量受限,未扣成本·事後欄位以 m_ 標示·非投資建議
HO,5,2024-08-21,2024-08-22,4924,欣厚-KY,TPEx,S,S0_atr14@5,5,342,0.067402,,0,0,1,-2.67,-2.427,-9.466,114.2,1.0,floor(1%×vol20),0.0,0.0,510,inf,250.0,official_prepanel,small,37.0,0,可交易（DK_s＝0）,未扣成本（成本參考：2.8 折來回約 0.38%、全額約 0.585%）；交易方法狀態未知（全額交割、變更交易方法、停止信用交易的來源未提供）；容量以 s 日 vol20 估計，未模擬開盤競價量與滑價；容量受限,未扣成本·事後欄位以 m_ 標示·非投資建議
HO,5,2024-08-21,2024-08-22,6212,理銘,TPEx,S,S0_atr14@5,3,342,0.073441,,0,0,1,-4.858,-3.543,-6.68,136.0,1.0,floor(1%×vol20),0.0,0.0,510,inf,250.0,official_prepanel,mid,136.0,0,可交易（DK_s＝0）,未扣成本（成本參考：2.8 折來回約 0.38%、全額約 0.585%）；交易方法狀態未知（全額交割、變更交易方法、停止信用交易的來源未提供）；容量以 s 日 vol20 估計，未模擬開盤競價量與滑價；容量受限,未扣成本·事後欄位以 m_ 標示·非投資建議
HO,5,2024-08-21,2024-08-22,6629,泰金-KY,TPEx,S,S0_atr14@5,4,342,0.071429,,0,0,1,1.533,8.429,10.345,117.1,1.0,floor(1%×vol20),0.0,0.0,510,inf,250.0,official_prepanel,small,132.0,0,可交易（DK_s＝0）,未扣成本（成本參考：2.8 折來回約 0.38%、全額約 0.585%）；交易方法狀態未知（全額交割、變更交易方法、停止信用交易的來源未提供）；容量以 s 日 vol20 估計，未模擬開盤競價量與滑價；容量受限,未扣成本·事後欄位以 m_ 標示·非投資建議
HO,5,2024-08-21,2024-08-22,8477,創業家,TPEx,S,S0_atr14@5,2,342,0.078099,,0,0,1,1.587,-5.556,-5.556,277.15,2.0,floor(1%×vol20),0.0,2.0,510,inf,250.0,official_prepanel,small,65.0,0,可交易（DK_s＝0）,未扣成本（成本參考：2.8 折來回約 0.38%、全額約 0.585%）；交易方法狀態未知（全額交割、變更交易方法、停止信用交易的來源未提供）；容量以 s 日 vol20 估計，未模擬開盤競價量與滑價；容量受限,未扣成本·事後欄位以 m_ 標示·非投資建議
HO,5,2024-08-22,2024-08-23,3095,及成,TPEx,S,S0_atr14@5,1,347,0.082126,,0,0,1,-5.911,-7.827,1.278,155.95,1.0,floor(1%×vol20),0.0,0.0,511,inf,250.0,official_prepanel,small,75.0,0,可交易（DK_s＝0）,未扣成本（成本參考：2.8 折來回約 0.38%、全額約 0.585%）；交易方法狀態未知（全額交割、變更交易方法、停止信用交易的來源未提供）；容量以 s 日 vol20 估計，未模擬開盤競價量與滑價；容量受限,未扣成本·事後欄位以 m_ 標示·非投資建議
HO,5,2024-08-22,2024-08-23,6199,天品,TPEx,S,S0_atr14@5,4,347,0.072113,,0,0,1,-4.153,-9.744,-2.556,169.05,1.0,floor(1%×vol20),0.0,0.0,511,inf,250.0,official_prepanel,small,88.0,0,可交易（DK_s＝0）,未扣成本（成本參考：2.8 折來回約 0.38%、全額約 0.585%）；交易方法狀態未知（全額交割、變更交易方法、停止信用交易的來源未提供）；容量以 s 日 vol20 估計，未模擬開盤競價量與滑價；容量受限,未扣成本·事後欄位以 m_ 標示·非投資建議
HO,5,2024-08-22,2024-08-23,6212,理銘,TPEx,S,S0_atr14@5,2,347,0.077964,,0,0,1,4.614,4.077,0.429,138.55,1.0,floor(1%×vol20),0.0,0.0,511,inf,250.0,official_prepanel,mid,79.0,0,可交易（DK_s＝0）,未扣成本（成本參考：2.8 折來回約 0.38%、全額約 0.585%）；交易方法狀態未知（全額交割、變更交易方法、停止信用交易的來源未提供）；容量以 s 日 vol20 估計，未模擬開盤競價量與滑價；容量受限,未扣成本·事後欄位以 m_ 標示·非投資建議
HO,5,2024-08-22,2024-08-23,6629,泰金-KY,TPEx,S,S0_atr14@5,5,347,0.07062,,0,0,1,-0.749,7.116,10.861,122.8,1.0,floor(1%×vol20),0.0,0.0,511,inf,250.0,official_prepanel,small,390.0,0,可交易（DK_s＝0）,未扣成本（成本參考：2.8 折來回約 0.38%、全額約 0.585%）；交易方法狀態未知（全額交割、變更交易方法、停止信用交易的來源未提供）；容量以 s 日 vol20 估計，未模擬開盤競價量與滑價；容量受限,未扣成本·事後欄位以 m_ 標示·非投資建議
HO,5,2024-08-22,2024-08-23,8477,創業家,TPEx,S,S0_atr14@5,3,347,0.074498,,0,0,1,-0.787,-2.362,-6.693,276.0,2.0,floor(1%×vol20),0.0,2.0,511,inf,250.0,official_prepanel,small,111.0,0,可交易（DK_s＝0）,未扣成本（成本參考：2.8 折來回約 0.38%、全額約 0.585%）；交易方法狀態未知（全額交割、變更交易方法、停止信用交易的來源未提供）；容量以 s 日 vol20 估計，未模擬開盤競價量與滑價；容量受限,未扣成本·事後欄位以 m_ 標示·非投資建議
HO,5,2024-08-23,2024-08-26,3095,及成,TPEx,S,S0_atr14@5,1,347,0.083192,,0,0,1,-4.414,2.547,6.282,143.5,1.0,floor(1%×vol20),0.0,0.0,512,inf,250.0,official_prepanel,small,77.0,0,可交易（DK_s＝0）,未扣成本（成本參考：2.8 折來回約 0.38%、全額約 0.585%）；交易方法狀態未知（全額交割、變更交易方法、停止信用交易的來源未提供）；容量以 s 日 vol20 估計，未模擬開盤競價量與滑價；容量受限,未扣成本·事後欄位以 m_ 標示·非投資建議
HO,5,2024-08-23,2024-08-26,6199,天品,TPEx,S,S0_atr14@5,2,347,0.074286,,0,0,1,5.124,-0.53,7.244,166.2,1.0,floor(1%×vol20),0.0,0.0,512,inf,250.0,official_prepanel,small,45.0,0,可交易（DK_s＝0）,未扣成本（成本參考：2.8 折來回約 0.38%、全額約 0.585%）；交易方法狀態未知（全額交割、變更交易方法、停止信用交易的來源未提供）；容量以 s 日 vol20 估計，未模擬開盤競價量與滑價；容量受限,未扣成本·事後欄位以 m_ 標示·非投資建議
HO,5,2024-08-23,2024-08-26,6212,理銘,TPEx,S,S0_atr14@5,4,347,0.072088,,0,0,1,-4.008,-4.709,-8.517,132.3,1.0,floor(1%×vol20),0.0,0.0,512,inf,250.0,official_prepanel,mid,31.0,0,可交易（DK_s＝0）,未扣成本（成本參考：2.8 折來回約 0.38%、全額約 0.585%）；交易方法狀態未知（全額交割、變更交易方法、停止信用交易的來源未提供）；容量以 s 日 vol20 估計，未模擬開盤競價量與滑價；容量受限,未扣成本·事後欄位以 m_ 標示·非投資建議
HO,5,2024-08-23,2024-08-26,6629,泰金-KY,TPEx,S,S0_atr14@5,5,347,0.067925,,0,0,1,7.011,7.749,12.546,141.2,1.0,floor(1%×vol20),0.0,0.0,512,inf,250.0,official_prepanel,small,498.0,0,可交易（DK_s＝0）,未扣成本（成本參考：2.8 折來回約 0.38%、全額約 0.585%）；交易方法狀態未知（全額交割、變更交易方法、停止信用交易的來源未提供）；容量以 s 日 vol20 估計，未模擬開盤競價量與滑價；容量受限,未扣成本·事後欄位以 m_ 標示·非投資建議
HO,5,2024-08-23,2024-08-26,8477,創業家,TPEx,S,S0_atr14@5,3,347,0.073413,,0,0,1,-3.175,-1.984,-5.159,278.8,2.0,floor(1%×vol20),0.0,2.0,512,inf,250.0,official_prepanel,small,184.0,0,可交易（DK_s＝0）,未扣成本（成本參考：2.8 折來回約 0.38%、全額約 0.585%）；交易方法狀態未知（全額交割、變更交易方法、停止信用交易的來源未提供）；容量以 s 日 vol20 估計，未模擬開盤競價量與滑價；容量受限,未扣成本·事後欄位以 m_ 標示·非投資建議
HO,5,2024-08-26,2024-08-27,3095,及成,TPEx,S,S0_atr14@5,1,351,0.085258,,0,0,1,10.127,20.072,7.414,131.85,1.0,floor(1%×vol20),0.0,0.0,513,inf,250.0,official_prepanel,small,100.0,0,可交易（DK_s＝0）,未扣成本（成本參考：2.8 折來回約 0.38%、全額約 0.585%）；交易方法狀態未知（全額交割、變更交易方法、停止信用交易的來源未提供）；容量以 s 日 vol20 估計，未模擬開盤競價量與滑價；容量受限,未扣成本·事後欄位以 m_ 標示·非投資建議
HO,5,2024-08-26,2024-08-27,4807,日成-KY,TWSE,S,S0_atr14@5,2,351,0.076714,,0,0,1,-7.727,2.045,-0.455,231.1,2.0,floor(1%×vol20),0.0,0.0,513,inf,250.0,official_prepanel,small,661.0,0,可交易（DK_s＝0）,未扣成本（成本參考：2.8 折來回約 0.38%、全額約 0.585%）；交易方法狀態未知（全額交割、變更交易方法、停止信用交易的來源未提供）；容量以 s 日 vol20 估計，未模擬開盤競價量與滑價；容量受限,未扣成本·事後欄位以 m_ 標示·非投資建議
HO,5,2024-08-26,2024-08-27,6199,天品,TPEx,S,S0_atr14@5,4,351,0.069868,,0,0,1,-1.977,0.165,-3.46,160.75,1.0,floor(1%×vol20),0.0,0.0,513,inf,250.0,official_prepanel,small,43.0,0,可交易（DK_s＝0）,未扣成本（成本參考：2.8 折來回約 0.38%、全額約 0.585%）；交易方法狀態未知（全額交割、變更交易方法、停止信用交易的來源未提供）；容量以 s 日 vol20 估計，未模擬開盤競價量與滑價；容量受限,未扣成本·事後欄位以 m_ 標示·非投資建議
HO,5,2024-08-26,2024-08-27,6212,理銘,TPEx,S,S0_atr14@5,5,351,0.065389,,0,0,1,-2.526,-1.053,-6.0,110.7,1.0,floor(1%×vol20),0.0,0.0,513,inf,250.0,official_prepanel,mid,66.0,0,可交易（DK_s＝0）,未扣成本（成本參考：2.8 折來回約 0.38%、全額約 0.585%）；交易方法狀態未知（全額交割、變更交易方法、停止信用交易的來源未提供）；容量以 s 日 vol20 估計，未模擬開盤競價量與滑價；容量受限,未扣成本·事後欄位以 m_ 標示·非投資建議
HO,5,2024-08-26,2024-08-27,8477,創業家,TPEx,S,S0_atr14@5,3,351,0.074063,,0,0,1,0.0,2.119,1.271,287.15,2.0,floor(1%×vol20),0.0,1.0,513,inf,250.0,official_prepanel,small,132.0,0,可交易（DK_s＝0）,未扣成本（成本參考：2.8 折來回約 0.38%、全額約 0.585%）；交易方法狀態未知（全額交割、變更交易方法、停止信用交易的來源未提供）；容量以 s 日 vol20 估計，未模擬開盤競價量與滑價；容量受限,未扣成本·事後欄位以 m_ 標示·非投資建議
HO,5,2024-08-27,2024-08-28,3095,及成,TPEx,S,S0_atr14@5,2,344,0.0787,,0,0,1,-3.548,17.742,-5.645,128.35,1.0,floor(1%×vol20),0.0,0.0,514,inf,250.0,official_prepanel,small,85.0,0,可交易（DK_s＝0）,未扣成本（成本參考：2.8 折來回約 0.38%、全額約 0.585%）；交易方法狀態未知（全額交割、變更交易方法、停止信用交易的來源未提供）；容量以 s 日 vol20 估計，未模擬開盤競價量與滑價；容量受限,未扣成本·事後欄位以 m_ 標示·非投資建議
HO,5,2024-08-27,2024-08-28,4807,日成-KY,TWSE,S,S0_atr14@5,1,344,0.087614,,0,0,1,0.976,10.488,8.049,261.0,2.0,floor(1%×vol20),0.0,0.0,514,inf,250.0,official_prepanel,small,843.0,0,可交易（DK_s＝0）,未扣成本（成本參考：2.8 折來回約 0.38%、全額約 0.585%）；交易方法狀態未知（全額交割、變更交易方法、停止信用交易的來源未提供）；容量以 s 日 vol20 估計，未模擬開盤競價量與滑價；容量受限,未扣成本·事後欄位以 m_ 標示·非投資建議
HO,5,2024-08-27,2024-08-28,6199,天品,TPEx,S,S0_atr14@5,4,344,0.066267,,0,0,1,-1.695,1.864,-1.186,147.45,1.0,floor(1%×vol20),0.0,0.0,514,inf,250.0,official_prepanel,small,104.0,0,可交易（DK_s＝0）,未扣成本（成本參考：2.8 折來回約 0.38%、全額約 0.585%）；交易方法狀態未知（全額交割、變更交易方法、停止信用交易的來源未提供）；容量以 s 日 vol20 估計，未模擬開盤競價量與滑價；容量受限,未扣成本·事後欄位以 m_ 標示·非投資建議
HO,5,2024-08-27,2024-08-28,6629,泰金-KY,TPEx,S,S0_atr14@5,5,344,0.060976,,0,0,1,-1.736,-1.389,0.694,192.85,1.0,floor(1%×vol20),0.0,0.0,514,inf,250.0,official_prepanel,small,573.0,0,可交易（DK_s＝0）,未扣成本（成本參考：2.8 折來回約 0.38%、全額約 0.585%）；交易方法狀態未知（全額交割、變更交易方法、停止信用交易的來源未提供）；容量以 s 日 vol20 估計，未模擬開盤競價量與滑價；容量受限,未扣成本·事後欄位以 m_ 標示·非投資建議
HO,5,2024-08-27,2024-08-28,8477,創業家,TPEx,S,S0_atr14@5,3,344,0.077179,,0,0,1,-1.653,0.826,-2.893,290.45,2.0,floor(1%×vol20),0.0,0.0,514,inf,250.0,official_prepanel,small,61.0,0,可交易（DK_s＝0）,未扣成本（成本參考：2.8 折來回約 0.38%、全額約 0.585%）；交易方法狀態未知（全額交割、變更交易方法、停止信用交易的來源未提供）；容量以 s 日 vol20 估計，未模擬開盤競價量與滑價；容量受限,未扣成本·事後欄位以 m_ 標示·非投資建議
HO,5,2024-08-28,2024-08-29,3095,及成,TPEx,S,S0_atr14@5,1,349,0.078595,,0,0,1,-3.512,16.054,-9.03,124.15,1.0,floor(1%×vol20),0.0,0.0,515,inf,250.0,official_prepanel,small,50.0,0,可交易（DK_s＝0）,未扣成本（成本參考：2.8 折來回約 0.38%、全額約 0.585%）；交易方法狀態未知（全額交割、變更交易方法、停止信用交易的來源未提供）；容量以 s 日 vol20 估計，未模擬開盤競價量與滑價；容量受限,未扣成本·事後欄位以 m_ 標示·非投資建議
HO,5,2024-08-28,2024-08-29,4924,欣厚-KY,TPEx,S,S0_atr14@5,4,349,0.062189,,0,0,1,0.0,-5.808,-5.051,106.55,1.0,floor(1%×vol20),0.0,0.0,515,inf,250.0,official_prepanel,small,31.0,0,可交易（DK_s＝0）,未扣成本（成本參考：2.8 折來回約 0.38%、全額約 0.585%）；交易方法狀態未知（全額交割、變更交易方法、停止信用交易的來源未提供）；容量以 s 日 vol20 估計，未模擬開盤競價量與滑價；容量受限,未扣成本·事後欄位以 m_ 標示·非投資建議
HO,5,2024-08-28,2024-08-29,6199,天品,TPEx,S,S0_atr14@5,3,349,0.064039,,0,0,1,-2.586,2.414,-1.724,141.15,1.0,floor(1%×vol20),0.0,0.0,515,inf,250.0,official_prepanel,small,137.0,0,可交易（DK_s＝0）,未扣成本（成本參考：2.8 折來回約 0.38%、全額約 0.585%）；交易方法狀態未知（全額交割、變更交易方法、停止信用交易的來源未提供）；容量以 s 日 vol20 估計，未模擬開盤競價量與滑價；容量受限,未扣成本·事後欄位以 m_ 標示·非投資建議
HO,5,2024-08-28,2024-08-29,6629,泰金-KY,TPEx,S,S0_atr14@5,5,349,0.06209,,0,0,1,0.351,1.053,1.404,212.45,2.0,floor(1%×vol20),0.0,0.0,515,inf,250.0,official_prepanel,small,151.0,0,可交易（DK_s＝0）,未扣成本（成本參考：2.8 折來回約 0.38%、全額約 0.585%）；交易方法狀態未知（全額交割、變更交易方法、停止信用交易的來源未提供）；容量以 s 日 vol20 估計，未模擬開盤競價量與滑價；容量受限,未扣成本·事後欄位以 m_ 標示·非投資建議
HO,5,2024-08-28,2024-08-29,8477,創業家,TPEx,S,S0_atr14@5,2,349,0.077431,,0,0,1,3.766,-0.418,-2.51,290.45,2.0,floor(1%×vol20),0.0,0.0,515,inf,250.0,official_prepanel,small,77.0,0,可交易（DK_s＝0）,未扣成本（成本參考：2.8 折來回約 0.38%、全額約 0.585%）；交易方法狀態未知（全額交割、變更交易方法、停止信用交易的來源未提供）；容量以 s 日 vol20 估計，未模擬開盤競價量與滑價；容量受限,未扣成本·事後欄位以 m_ 標示·非投資建議
HO,5,2024-08-29,2024-08-30,3095,及成,TPEx,S,S0_atr14@5,1,348,0.077123,,0,0,1,3.072,8.191,-8.02,116.95,1.0,floor(1%×vol20),0.0,0.0,516,inf,250.0,official_prepanel,small,91.0,0,可交易（DK_s＝0）,未扣成本（成本參考：2.8 折來回約 0.38%、全額約 0.585%）；交易方法狀態未知（全額交割、變更交易方法、停止信用交易的來源未提供）；容量以 s 日 vol20 估計，未模擬開盤競價量與滑價；容量受限,未扣成本·事後欄位以 m_ 標示·非投資建議
HO,5,2024-08-29,2024-08-30,4924,欣厚-KY,TPEx,S,S0_atr14@5,5,348,0.059524,,0,0,1,0.5,-2.25,-6.75,104.4,1.0,floor(1%×vol20),0.0,0.0,516,inf,250.0,official_prepanel,small,31.0,0,可交易（DK_s＝0）,未扣成本（成本參考：2.8 折來回約 0.38%、全額約 0.585%）；交易方法狀態未知（全額交割、變更交易方法、停止信用交易的來源未提供）；容量以 s 日 vol20 估計，未模擬開盤競價量與滑價；容量受限,未扣成本·事後欄位以 m_ 標示·非投資建議
HO,5,2024-08-29,2024-08-30,6199,天品,TPEx,S,S0_atr14@5,3,348,0.0622,,0,0,1,2.364,10.909,4.545,136.85,1.0,floor(1%×vol20),0.0,0.0,516,inf,250.0,official_prepanel,small,39.0,0,可交易（DK_s＝0）,未扣成本（成本參考：2.8 折來回約 0.38%、全額約 0.585%）；交易方法狀態未知（全額交割、變更交易方法、停止信用交易的來源未提供）；容量以 s 日 vol20 估計，未模擬開盤競價量與滑價；容量受限,未扣成本·事後欄位以 m_ 標示·非投資建議
HO,5,2024-08-29,2024-08-30,6629,泰金-KY,TPEx,S,S0_atr14@5,4,348,0.061189,,0,0,1,1.389,2.778,-3.954,213.4,2.0,floor(1%×vol20),0.0,0.0,516,inf,250.0,official_prepanel,small,134.0,0,可交易（DK_s＝0）,未扣成本（成本參考：2.8 折來回約 0.38%、全額約 0.585%）；交易方法狀態未知（全額交割、變更交易方法、停止信用交易的來源未提供）；容量以 s 日 vol20 估計，未模擬開盤競價量與滑價；容量受限,未扣成本·事後欄位以 m_ 標示·非投資建議
HO,5,2024-08-29,2024-08-30,8477,創業家,TPEx,S,S0_atr14@5,2,348,0.06826,,0,0,1,2.49,-1.66,-1.245,289.55,2.0,floor(1%×vol20),0.0,0.0,516,inf,250.0,official_prepanel,small,53.0,0,可交易（DK_s＝0）,未扣成本（成本參考：2.8 折來回約 0.38%、全額約 0.585%）；交易方法狀態未知（全額交割、變更交易方法、停止信用交易的來源未提供）；容量以 s 日 vol20 估計，未模擬開盤競價量與滑價；容量受限,未扣成本·事後欄位以 m_ 標示·非投資建議
HO,5,2024-08-30,2024-09-02,3095,及成,TPEx,S,S0_atr14@5,1,346,0.071902,,1,0,1,3.75,-2.188,-17.344,114.55,1.0,floor(1%×vol20),0.0,0.0,517,inf,250.0,official_prepanel,small,316.0,0,可交易（DK_s＝0）,未扣成本（成本參考：2.8 折來回約 0.38%、全額約 0.585%）；交易方法狀態未知（全額交割、變更交易方法、停止信用交易的來源未提供）；容量以 s 日 vol20 估計，未模擬開盤競價量與滑價；容量受限,未扣成本·事後欄位以 m_ 標示·非投資建議
HO,5,2024-08-30,2024-09-02,4924,欣厚-KY,TPEx,S,S0_atr14@5,5,346,0.055082,,0,0,1,0.0,-1.02,-4.337,104.55,1.0,floor(1%×vol20),0.0,0.0,517,inf,250.0,official_prepanel,small,29.0,0,可交易（DK_s＝0）,未扣成本（成本參考：2.8 折來回約 0.38%、全額約 0.585%）；交易方法狀態未知（全額交割、變更交易方法、停止信用交易的來源未提供）；容量以 s 日 vol20 估計，未模擬開盤競價量與滑價；容量受限,未扣成本·事後欄位以 m_ 標示·非投資建議
HO,5,2024-08-30,2024-09-02,6199,天品,TPEx,S,S0_atr14@5,2,346,0.061406,,0,0,1,3.932,3.761,0.684,111.25,1.0,floor(1%×vol20),0.0,0.0,517,inf,250.0,official_prepanel,small,128.0,0,可交易（DK_s＝0）,未扣成本（成本參考：2.8 折來回約 0.38%、全額約 0.585%）；交易方法狀態未知（全額交割、變更交易方法、停止信用交易的來源未提供）；容量以 s 日 vol20 估計，未模擬開盤競價量與滑價；容量受限,未扣成本·事後欄位以 m_ 標示·非投資建議
HO,5,2024-08-30,2024-09-02,6629,泰金-KY,TPEx,S,S0_atr14@5,4,346,0.060176,,0,0,1,-2.73,4.096,-5.593,216.25,2.0,floor(1%×vol20),0.0,0.0,517,inf,250.0,official_prepanel,small,183.0,0,可交易（DK_s＝0）,未扣成本（成本參考：2.8 折來回約 0.38%、全額約 0.585%）；交易方法狀態未知（全額交割、變更交易方法、停止信用交易的來源未提供）；容量以 s 日 vol20 估計，未模擬開盤競價量與滑價；容量受限,未扣成本·事後欄位以 m_ 標示·非投資建議
HO,5,2024-08-30,2024-09-02,8477,創業家,TPEx,S,S0_atr14@5,3,346,0.06044,,0,0,1,-2.033,-2.846,-2.846,286.35,2.0,floor(1%×vol20),0.0,0.0,517,inf,250.0,official_prepanel,small,40.0,0,可交易（DK_s＝0）,未扣成本（成本參考：2.8 折來回約 0.38%、全額約 0.585%）；交易方法狀態未知（全額交割、變更交易方法、停止信用交易的來源未提供）；容量以 s 日 vol20 估計，未模擬開盤競價量與滑價；容量受限,未扣成本·事後欄位以 m_ 標示·非投資建議
HO,5,2024-09-02,2024-09-03,2923,鼎固-KY,TWSE,S,S0_atr14@5,3,348,0.056899,,0,0,1,-3.022,-22.498,-16.703,129.5,1.0,floor(1%×vol20),0.0,0.0,518,inf,250.0,official_prepanel,large,57.0,0,可交易（DK_s＝0）,未扣成本（成本參考：2.8 折來回約 0.38%、全額約 0.585%）；交易方法狀態未知（全額交割、變更交易方法、停止信用交易的來源未提供）；容量以 s 日 vol20 估計，未模擬開盤競價量與滑價；容量受限,未扣成本·事後欄位以 m_ 標示·非投資建議
HO,5,2024-09-02,2024-09-03,6171,大城地產,TPEx,S,S0_atr14@5,4,348,0.055854,,0,0,1,-2.227,-10.425,-9.818,198.6,1.0,floor(1%×vol20),0.0,0.0,518,inf,250.0,official_prepanel,small,95.0,0,可交易（DK_s＝0）,未扣成本（成本參考：2.8 折來回約 0.38%、全額約 0.585%）；交易方法狀態未知（全額交割、變更交易方法、停止信用交易的來源未提供）；容量以 s 日 vol20 估計，未模擬開盤競價量與滑價；容量受限,未扣成本·事後欄位以 m_ 標示·非投資建議
HO,5,2024-09-02,2024-09-03,6199,天品,TPEx,S,S0_atr14@5,2,348,0.058388,,0,0,1,-1.151,-3.618,-5.428,104.2,1.0,floor(1%×vol20),0.0,0.0,518,inf,250.0,official_prepanel,small,70.0,0,可交易（DK_s＝0）,未扣成本（成本參考：2.8 折來回約 0.38%、全額約 0.585%）；交易方法狀態未知（全額交割、變更交易方法、停止信用交易的來源未提供）；容量以 s 日 vol20 估計，未模擬開盤競價量與滑價；容量受限,未扣成本·事後欄位以 m_ 標示·非投資建議
HO,5,2024-09-02,2024-09-03,6629,泰金-KY,TPEx,S,S0_atr14@5,1,348,0.059398,,0,0,1,-0.699,3.846,-5.416,219.7,2.0,floor(1%×vol20),0.0,0.0,518,inf,250.0,official_prepanel,small,56.0,0,可交易（DK_s＝0）,未扣成本（成本參考：2.8 折來回約 0.38%、全額約 0.585%）；交易方法狀態未知（全額交割、變更交易方法、停止信用交易的來源未提供）；容量以 s 日 vol20 估計，未模擬開盤競價量與滑價；容量受限,未扣成本·事後欄位以 m_ 標示·非投資建議
HO,5,2024-09-02,2024-09-03,8477,創業家,TPEx,S,S0_atr14@5,5,348,0.055424,,0,0,1,2.092,0.0,-0.837,275.4,2.0,floor(1%×vol20),0.0,0.0,518,inf,250.0,official_prepanel,small,13.0,0,可交易（DK_s＝0）,未扣成本（成本參考：2.8 折來回約 0.38%、全額約 0.585%）；交易方法狀態未知（全額交割、變更交易方法、停止信用交易的來源未提供）；容量以 s 日 vol20 估計，未模擬開盤競價量與滑價；容量受限,未扣成本·事後欄位以 m_ 標示·非投資建議
HO,5,2024-09-03,2024-09-04,2923,鼎固-KY,TWSE,S,S0_atr14@5,2,348,0.061255,,0,0,1,-3.803,-16.233,-3.787,123.9,1.0,floor(1%×vol20),0.0,0.0,519,inf,250.0,official_prepanel,large,398.0,0,可交易（DK_s＝0）,未扣成本（成本參考：2.8 折來回約 0.38%、全額約 0.585%）；交易方法狀態未知（全額交割、變更交易方法、停止信用交易的來源未提供）；容量以 s 日 vol20 估計，未模擬開盤競價量與滑價；容量受限,未扣成本·事後欄位以 m_ 標示·非投資建議
HO,5,2024-09-03,2024-09-04,6171,大城地產,TPEx,S,S0_atr14@5,4,348,0.055711,,0,0,1,0.313,-12.748,-6.374,183.4,1.0,floor(1%×vol20),0.0,0.0,519,inf,250.0,official_prepanel,small,34.0,0,可交易（DK_s＝0）,未扣成本（成本參考：2.8 折來回約 0.38%、全額約 0.585%）；交易方法狀態未知（全額交割、變更交易方法、停止信用交易的來源未提供）；容量以 s 日 vol20 估計，未模擬開盤競價量與滑價；容量受限,未扣成本·事後欄位以 m_ 標示·非投資建議
HO,5,2024-09-03,2024-09-04,6228,全譜,TPEx,S,S0_atr14@5,1,348,0.065709,,0,0,1,3.371,1.226,6.435,299.95,2.0,floor(1%×vol20),0.0,0.0,519,inf,250.0,official_prepanel,small,116.0,0,可交易（DK_s＝0）,未扣成本（成本參考：2.8 折來回約 0.38%、全額約 0.585%）；交易方法狀態未知（全額交割、變更交易方法、停止信用交易的來源未提供）；容量以 s 日 vol20 估計，未模擬開盤競價量與滑價；容量受限,未扣成本·事後欄位以 m_ 標示·非投資建議
HO,5,2024-09-03,2024-09-04,6230,尼得科超眾,TWSE,S,S0_atr14@5,5,348,0.052846,,0,0,1,-1.58,-5.418,0.0,245.55,2.0,floor(1%×vol20),0.0,0.0,519,inf,250.0,official_prepanel,mid,345.0,0,可交易（DK_s＝0）,未扣成本（成本參考：2.8 折來回約 0.38%、全額約 0.585%）；交易方法狀態未知（全額交割、變更交易方法、停止信用交易的來源未提供）；容量以 s 日 vol20 估計，未模擬開盤競價量與滑價；容量受限,未扣成本·事後欄位以 m_ 標示·非投資建議
HO,5,2024-09-03,2024-09-04,6629,泰金-KY,TPEx,S,S0_atr14@5,3,348,0.057847,,0,0,1,3.226,3.943,-4.136,216.8,2.0,floor(1%×vol20),0.0,0.0,519,inf,250.0,official_prepanel,small,227.0,0,可交易（DK_s＝0）,未扣成本（成本參考：2.8 折來回約 0.38%、全額約 0.585%）；交易方法狀態未知（全額交割、變更交易方法、停止信用交易的來源未提供）；容量以 s 日 vol20 估計，未模擬開盤競價量與滑價；容量受限,未扣成本·事後欄位以 m_ 標示·非投資建議
HO,5,2024-09-04,2024-09-05,2923,鼎固-KY,TWSE,S,S0_atr14@5,2,350,0.073782,,0,0,1,-2.951,-14.669,4.476,140.95,1.0,floor(1%×vol20),0.0,0.0,520,inf,250.0,official_prepanel,large,252.0,0,可交易（DK_s＝0）,未扣成本（成本參考：2.8 折來回約 0.38%、全額約 0.585%）；交易方法狀態未知（全額交割、變更交易方法、停止信用交易的來源未提供）；容量以 s 日 vol20 估計，未模擬開盤競價量與滑價；容量受限,未扣成本·事後欄位以 m_ 標示·非投資建議
HO,5,2024-09-04,2024-09-05,6228,全譜,TPEx,S,S0_atr14@5,4,350,0.060771,,0,0,1,-5.405,-4.344,-2.896,298.25,2.0,floor(1%×vol20),0.0,0.0,520,inf,250.0,official_prepanel,small,599.0,0,可交易（DK_s＝0）,未扣成本（成本參考：2.8 折來回約 0.38%、全額約 0.585%）；交易方法狀態未知（全額交割、變更交易方法、停止信用交易的來源未提供）；容量以 s 日 vol20 估計，未模擬開盤競價量與滑價；容量受限,未扣成本·事後欄位以 m_ 標示·非投資建議
HO,5,2024-09-04,2024-09-05,6230,尼得科超眾,TWSE,S,S0_atr14@5,3,350,0.063838,,0,0,1,-0.445,-3.341,0.445,251.25,2.0,floor(1%×vol20),0.0,0.0,520,inf,250.0,official_prepanel,mid,255.0,0,可交易（DK_s＝0）,未扣成本（成本參考：2.8 折來回約 0.38%、全額約 0.585%）；交易方法狀態未知（全額交割、變更交易方法、停止信用交易的來源未提供）；容量以 s 日 vol20 估計，未模擬開盤競價量與滑價；容量受限,未扣成本·事後欄位以 m_ 標示·非投資建議
HO,5,2024-09-04,2024-09-05,6593,台灣銘板,TPEx,S,S0_atr14@5,5,350,0.058558,,0,0,1,-3.634,-7.402,-4.576,177.15,1.0,floor(1%×vol20),0.0,0.0,520,inf,250.0,official_prepanel,small,120.0,0,可交易（DK_s＝0）,未扣成本（成本參考：2.8 折來回約 0.38%、全額約 0.585%）；交易方法狀態未知（全額交割、變更交易方法、停止信用交易的來源未提供）；容量以 s 日 vol20 估計，未模擬開盤競價量與滑價；容量受限,未扣成本·事後欄位以 m_ 標示·非投資建議
HO,5,2024-09-04,2024-09-05,8455,大拓-KY,TPEx,S,S0_atr14@5,1,350,0.081496,,0,0,1,2.134,-7.255,0.427,145.55,1.0,floor(1%×vol20),0.0,0.0,520,inf,250.0,official_prepanel,small,175.0,0,可交易（DK_s＝0）,未扣成本（成本參考：2.8 折來回約 0.38%、全額約 0.585%）；交易方法狀態未知（全額交割、變更交易方法、停止信用交易的來源未提供）；容量以 s 日 vol20 估計，未模擬開盤競價量與滑價；容量受限,未扣成本·事後欄位以 m_ 標示·非投資建議
HO,5,2024-09-05,2024-09-06,2923,鼎固-KY,TWSE,S,S0_atr14@5,2,345,0.075652,,0,0,1,1.916,-5.401,18.815,142.4,1.0,floor(1%×vol20),0.0,0.0,521,inf,250.0,official_prepanel,large,162.0,0,可交易（DK_s＝0）,未扣成本（成本參考：2.8 折來回約 0.38%、全額約 0.585%）；交易方法狀態未知（全額交割、變更交易方法、停止信用交易的來源未提供）；容量以 s 日 vol20 估計，未模擬開盤競價量與滑價；容量受限,未扣成本·事後欄位以 m_ 標示·非投資建議
HO,5,2024-09-05,2024-09-06,6171,大城地產,TPEx,S,S0_atr14@5,3,345,0.067306,,0,0,1,-1.2,-9.16,-11.341,207.45,2.0,floor(1%×vol20),0.0,0.0,521,inf,250.0,official_prepanel,small,35.0,0,可交易（DK_s＝0）,未扣成本（成本參考：2.8 折來回約 0.38%、全額約 0.585%）；交易方法狀態未知（全額交割、變更交易方法、停止信用交易的來源未提供）；容量以 s 日 vol20 估計，未模擬開盤競價量與滑價；容量受限,未扣成本·事後欄位以 m_ 標示·非投資建議
HO,5,2024-09-05,2024-09-06,6230,尼得科超眾,TWSE,S,S0_atr14@5,4,345,0.062923,,0,0,1,-1.562,2.232,-2.009,253.6,2.0,floor(1%×vol20),0.0,0.0,521,inf,250.0,official_prepanel,mid,160.0,0,可交易（DK_s＝0）,未扣成本（成本參考：2.8 折來回約 0.38%、全額約 0.585%）；交易方法狀態未知（全額交割、變更交易方法、停止信用交易的來源未提供）；容量以 s 日 vol20 估計，未模擬開盤競價量與滑價；容量受限,未扣成本·事後欄位以 m_ 標示·非投資建議
HO,5,2024-09-05,2024-09-06,6906,現觀科,TWSE,S,S0_atr14@5,5,345,0.056956,,0,0,1,-0.968,-3.226,12.903,215.0,2.0,floor(1%×vol20),0.0,0.0,155,155.0,155.0,official,small,48.0,0,可交易（DK_s＝0）,未扣成本（成本參考：2.8 折來回約 0.38%、全額約 0.585%）；交易方法狀態未知（全額交割、變更交易方法、停止信用交易的來源未提供）；容量以 s 日 vol20 估計，未模擬開盤競價量與滑價；容量受限,未扣成本·事後欄位以 m_ 標示·非投資建議
HO,5,2024-09-05,2024-09-06,8455,大拓-KY,TPEx,S,S0_atr14@5,1,345,0.082969,,0,0,1,0.429,-5.857,-3.714,150.75,1.0,floor(1%×vol20),0.0,0.0,521,inf,250.0,official_prepanel,small,44.0,0,可交易（DK_s＝0）,未扣成本（成本參考：2.8 折來回約 0.38%、全額約 0.585%）；交易方法狀態未知（全額交割、變更交易方法、停止信用交易的來源未提供）；容量以 s 日 vol20 估計，未模擬開盤競價量與滑價；容量受限,未扣成本·事後欄位以 m_ 標示·非投資建議
HO,5,2024-09-06,2024-09-09,2923,鼎固-KY,TWSE,S,S0_atr14@5,2,337,0.076446,,0,0,1,-3.95,-1.616,20.826,134.65,1.0,floor(1%×vol20),0.0,0.0,522,inf,250.0,official_prepanel,large,490.0,0,可交易（DK_s＝0）,未扣成本（成本參考：2.8 折來回約 0.38%、全額約 0.585%）；交易方法狀態未知（全額交割、變更交易方法、停止信用交易的來源未提供）；容量以 s 日 vol20 估計，未模擬開盤競價量與滑價；容量受限,未扣成本·事後欄位以 m_ 標示·非投資建議
HO,5,2024-09-06,2024-09-09,3018,隆銘綠能,TWSE,S,S0_atr14@5,5,337,0.055779,,0,0,1,-2.034,-8.607,-5.477,115.45,1.0,floor(1%×vol20),0.0,0.0,522,inf,250.0,official_prepanel,small,97.0,0,可交易（DK_s＝0）,未扣成本（成本參考：2.8 折來回約 0.38%、全額約 0.585%）；交易方法狀態未知（全額交割、變更交易方法、停止信用交易的來源未提供）；容量以 s 日 vol20 估計，未模擬開盤競價量與滑價；容量受限,未扣成本·事後欄位以 m_ 標示·非投資建議
HO,5,2024-09-06,2024-09-09,6171,大城地產,TPEx,S,S0_atr14@5,3,337,0.068989,,0,0,1,0.912,-0.798,-15.393,202.15,2.0,floor(1%×vol20),0.0,0.0,522,inf,250.0,official_prepanel,small,74.0,0,可交易（DK_s＝0）,未扣成本（成本參考：2.8 折來回約 0.38%、全額約 0.585%）；交易方法狀態未知（全額交割、變更交易方法、停止信用交易的來源未提供）；容量以 s 日 vol20 估計，未模擬開盤競價量與滑價；容量受限,未扣成本·事後欄位以 m_ 標示·非投資建議
HO,5,2024-09-06,2024-09-09,6230,尼得科超眾,TWSE,S,S0_atr14@5,4,337,0.063305,,0,0,1,3.233,2.771,6.697,250.05,2.0,floor(1%×vol20),0.0,0.0,522,inf,250.0,official_prepanel,mid,170.0,0,可交易（DK_s＝0）,未扣成本（成本參考：2.8 折來回約 0.38%、全額約 0.585%）；交易方法狀態未知（全額交割、變更交易方法、停止信用交易的來源未提供）；容量以 s 日 vol20 估計，未模擬開盤競價量與滑價；容量受限,未扣成本·事後欄位以 m_ 標示·非投資建議
HO,5,2024-09-06,2024-09-09,8455,大拓-KY,TPEx,S,S0_atr14@5,1,337,0.079455,,0,0,1,-0.292,-2.332,-3.499,148.6,1.0,floor(1%×vol20),0.0,0.0,522,inf,250.0,official_prepanel,small,18.0,0,可交易（DK_s＝0）,未扣成本（成本參考：2.8 折來回約 0.38%、全額約 0.585%）；交易方法狀態未知（全額交割、變更交易方法、停止信用交易的來源未提供）；容量以 s 日 vol20 估計，未模擬開盤競價量與滑價；容量受限,未扣成本·事後欄位以 m_ 標示·非投資建議
HO,5,2024-09-09,2024-09-10,2923,鼎固-KY,TWSE,S,S0_atr14@5,1,332,0.08775,,0,0,1,-2.052,7.276,24.254,152.1,1.0,floor(1%×vol20),0.0,0.0,523,inf,250.0,official_prepanel,large,123.0,0,可交易（DK_s＝0）,未扣成本（成本參考：2.8 折來回約 0.38%、全額約 0.585%）；交易方法狀態未知（全額交割、變更交易方法、停止信用交易的來源未提供）；容量以 s 日 vol20 估計，未模擬開盤競價量與滑價；容量受限,未扣成本·事後欄位以 m_ 標示·非投資建議
HO,5,2024-09-09,2024-09-10,3229,晟鈦,TWSE,S,S0_atr14@5,5,332,0.056286,,0,0,1,-4.374,-4.175,-9.344,232.7,2.0,floor(1%×vol20),0.0,0.0,523,inf,250.0,official_prepanel,small,178.0,0,可交易（DK_s＝0）,未扣成本（成本參考：2.8 折來回約 0.38%、全額約 0.585%）；交易方法狀態未知（全額交割、變更交易方法、停止信用交易的來源未提供）；容量以 s 日 vol20 估計，未模擬開盤競價量與滑價；容量受限,未扣成本·事後欄位以 m_ 標示·非投資建議
HO,5,2024-09-09,2024-09-10,6171,大城地產,TPEx,S,S0_atr14@5,3,332,0.069134,,0,0,1,-7.222,-1.0,-16.0,201.8,2.0,floor(1%×vol20),0.0,0.0,523,inf,250.0,official_prepanel,small,120.0,0,可交易（DK_s＝0）,未扣成本（成本參考：2.8 折來回約 0.38%、全額約 0.585%）；交易方法狀態未知（全額交割、變更交易方法、停止信用交易的來源未提供）；容量以 s 日 vol20 估計，未模擬開盤競價量與滑價；容量受限,未扣成本·事後欄位以 m_ 標示·非投資建議
HO,5,2024-09-09,2024-09-10,6230,尼得科超眾,TWSE,S,S0_atr14@5,4,332,0.062313,,0,0,1,-6.889,-1.333,0.667,245.45,2.0,floor(1%×vol20),0.0,0.0,523,inf,250.0,official_prepanel,mid,187.0,0,可交易（DK_s＝0）,未扣成本（成本參考：2.8 折來回約 0.38%、全額約 0.585%）；交易方法狀態未知（全額交割、變更交易方法、停止信用交易的來源未提供）；容量以 s 日 vol20 估計，未模擬開盤競價量與滑價；容量受限,未扣成本·事後欄位以 m_ 標示·非投資建議
HO,5,2024-09-09,2024-09-10,8455,大拓-KY,TPEx,S,S0_atr14@5,2,332,0.076128,,0,0,1,-4.825,-2.047,-2.047,146.95,1.0,floor(1%×vol20),0.0,0.0,523,inf,250.0,official_prepanel,small,63.0,0,可交易（DK_s＝0）,未扣成本（成本參考：2.8 折來回約 0.38%、全額約 0.585%）；交易方法狀態未知（全額交割、變更交易方法、停止信用交易的來源未提供）；容量以 s 日 vol20 估計，未模擬開盤競價量與滑價；容量受限,未扣成本·事後欄位以 m_ 標示·非投資建議
HO,5,2024-09-10,2024-09-11,2923,鼎固-KY,TWSE,S,S0_atr14@5,1,334,0.084717,,0,0,1,0.78,17.544,38.402,157.1,1.0,floor(1%×vol20),0.0,0.0,524,inf,250.0,official_prepanel,large,52.0,0,可交易（DK_s＝0）,未扣成本（成本參考：2.8 折來回約 0.38%、全額約 0.585%）；交易方法狀態未知（全額交割、變更交易方法、停止信用交易的來源未提供）；容量以 s 日 vol20 估計，未模擬開盤競價量與滑價；容量受限,未扣成本·事後欄位以 m_ 標示·非投資建議
HO,5,2024-09-10,2024-09-11,3018,隆銘綠能,TWSE,S,S0_atr14@5,5,334,0.060665,,0,0,1,-5.808,-11.146,-5.808,125.65,1.0,floor(1%×vol20),0.0,0.0,524,inf,250.0,official_prepanel,small,35.0,0,可交易（DK_s＝0）,未扣成本（成本參考：2.8 折來回約 0.38%、全額約 0.585%）；交易方法狀態未知（全額交割、變更交易方法、停止信用交易的來源未提供）；容量以 s 日 vol20 估計，未模擬開盤競價量與滑價；容量受限,未扣成本·事後欄位以 m_ 標示·非投資建議
HO,5,2024-09-10,2024-09-11,6171,大城地產,TPEx,S,S0_atr14@5,3,334,0.075271,,0,0,1,-0.121,8.475,-7.385,202.95,2.0,floor(1%×vol20),0.0,0.0,524,inf,250.0,official_prepanel,small,104.0,0,可交易（DK_s＝0）,未扣成本（成本參考：2.8 折來回約 0.38%、全額約 0.585%）；交易方法狀態未知（全額交割、變更交易方法、停止信用交易的來源未提供）；容量以 s 日 vol20 估計，未模擬開盤競價量與滑價；容量受限,未扣成本·事後欄位以 m_ 標示·非投資建議
HO,5,2024-09-10,2024-09-11,6230,尼得科超眾,TWSE,S,S0_atr14@5,4,334,0.071258,,0,0,1,2.6,4.728,9.693,248.1,2.0,floor(1%×vol20),0.0,0.0,524,inf,250.0,official_prepanel,mid,116.0,0,可交易（DK_s＝0）,未扣成本（成本參考：2.8 折來回約 0.38%、全額約 0.585%）；交易方法狀態未知（全額交割、變更交易方法、停止信用交易的來源未提供）；容量以 s 日 vol20 估計，未模擬開盤競價量與滑價；容量受限,未扣成本·事後欄位以 m_ 標示·非投資建議
HO,5,2024-09-10,2024-09-11,8455,大拓-KY,TPEx,S,S0_atr14@5,2,334,0.076915,,0,0,1,0.154,2.765,3.994,147.6,1.0,floor(1%×vol20),0.0,0.0,524,inf,250.0,official_prepanel,small,13.0,0,可交易（DK_s＝0）,未扣成本（成本參考：2.8 折來回約 0.38%、全額約 0.585%）；交易方法狀態未知（全額交割、變更交易方法、停止信用交易的來源未提供）；容量以 s 日 vol20 估計，未模擬開盤競價量與滑價；容量受限,未扣成本·事後欄位以 m_ 標示·非投資建議
HO,5,2024-09-11,2024-09-12,2923,鼎固-KY,TWSE,S,S0_atr14@5,1,339,0.083573,,0,0,1,3.429,20.571,36.762,157.3,1.0,floor(1%×vol20),0.0,0.0,525,inf,250.0,official_prepanel,large,124.0,0,可交易（DK_s＝0）,未扣成本（成本參考：2.8 折來回約 0.38%、全額約 0.585%）；交易方法狀態未知（全額交割、變更交易方法、停止信用交易的來源未提供）；容量以 s 日 vol20 估計，未模擬開盤競價量與滑價；容量受限,未扣成本·事後欄位以 m_ 標示·非投資建議
HO,5,2024-09-11,2024-09-12,3018,隆銘綠能,TWSE,S,S0_atr14@5,5,339,0.063452,,0,0,1,-1.935,-5.484,-3.226,125.4,1.0,floor(1%×vol20),0.0,0.0,525,inf,250.0,official_prepanel,small,23.0,0,可交易（DK_s＝0）,未扣成本（成本參考：2.8 折來回約 0.38%、全額約 0.585%）；交易方法狀態未知（全額交割、變更交易方法、停止信用交易的來源未提供）；容量以 s 日 vol20 估計，未模擬開盤競價量與滑價；容量受限,未扣成本·事後欄位以 m_ 標示·非投資建議
HO,5,2024-09-11,2024-09-12,6171,大城地產,TPEx,S,S0_atr14@5,2,339,0.073539,,0,0,1,-0.359,8.014,-9.689,202.3,2.0,floor(1%×vol20),0.0,0.0,525,inf,250.0,official_prepanel,small,60.0,0,可交易（DK_s＝0）,未扣成本（成本參考：2.8 折來回約 0.38%、全額約 0.585%）；交易方法狀態未知（全額交割、變更交易方法、停止信用交易的來源未提供）；容量以 s 日 vol20 估計，未模擬開盤競價量與滑價；容量受限,未扣成本·事後欄位以 m_ 標示·非投資建議
HO,5,2024-09-11,2024-09-12,6230,尼得科超眾,TWSE,S,S0_atr14@5,4,339,0.069618,,0,0,1,1.778,0.222,3.778,246.0,2.0,floor(1%×vol20),0.0,0.0,525,inf,250.0,official_prepanel,mid,289.0,0,可交易（DK_s＝0）,未扣成本（成本參考：2.8 折來回約 0.38%、全額約 0.585%）；交易方法狀態未知（全額交割、變更交易方法、停止信用交易的來源未提供）；容量以 s 日 vol20 估計，未模擬開盤競價量與滑價；容量受限,未扣成本·事後欄位以 m_ 標示·非投資建議
HO,5,2024-09-11,2024-09-12,8455,大拓-KY,TPEx,S,S0_atr14@5,3,339,0.069676,,0,0,1,1.074,8.282,1.84,146.55,1.0,floor(1%×vol20),0.0,0.0,525,inf,250.0,official_prepanel,small,30.0,0,可交易（DK_s＝0）,未扣成本（成本參考：2.8 折來回約 0.38%、全額約 0.585%）；交易方法狀態未知（全額交割、變更交易方法、停止信用交易的來源未提供）；容量以 s 日 vol20 估計，未模擬開盤競價量與滑價；容量受限,未扣成本·事後欄位以 m_ 標示·非投資建議
HO,5,2024-09-12,2024-09-13,2923,鼎固-KY,TWSE,S,S0_atr14@5,1,340,0.075288,,0,0,1,2.622,27.715,38.202,163.2,1.0,floor(1%×vol20),0.0,0.0,526,inf,250.0,official_prepanel,large,57.0,0,可交易（DK_s＝0）,未扣成本（成本參考：2.8 折來回約 0.38%、全額約 0.585%）；交易方法狀態未知（全額交割、變更交易方法、停止信用交易的來源未提供）；容量以 s 日 vol20 估計，未模擬開盤競價量與滑價；容量受限,未扣成本·事後欄位以 m_ 標示·非投資建議
HO,5,2024-09-12,2024-09-13,3018,隆銘綠能,TWSE,S,S0_atr14@5,5,340,0.063322,,0,0,1,-3.947,-1.316,-1.645,122.55,1.0,floor(1%×vol20),0.0,0.0,526,inf,250.0,official_prepanel,small,109.0,0,可交易（DK_s＝0）,未扣成本（成本參考：2.8 折來回約 0.38%、全額約 0.585%）；交易方法狀態未知（全額交割、變更交易方法、停止信用交易的來源未提供）；容量以 s 日 vol20 估計，未模擬開盤競價量與滑價；容量受限,未扣成本·事後欄位以 m_ 標示·非投資建議
HO,5,2024-09-12,2024-09-13,6230,尼得科超眾,TWSE,S,S0_atr14@5,3,340,0.067998,,0,0,1,-1.111,-2.444,1.111,256.3,2.0,floor(1%×vol20),0.0,0.0,526,inf,250.0,official_prepanel,mid,116.0,0,可交易（DK_s＝0）,未扣成本（成本參考：2.8 折來回約 0.38%、全額約 0.585%）；交易方法狀態未知（全額交割、變更交易方法、停止信用交易的來源未提供）；容量以 s 日 vol20 估計，未模擬開盤競價量與滑價；容量受限,未扣成本·事後欄位以 m_ 標示·非投資建議
HO,5,2024-09-12,2024-09-13,8080,泰霖,TPEx,S,S0_atr14@5,2,340,0.071921,,0,0,1,-2.016,-2.957,-17.473,279.2,2.0,floor(1%×vol20),1.0,0.0,526,inf,250.0,official_prepanel,small,74.0,1,處置中・交易規則另案登錄（DK_s＝1）,未扣成本（成本參考：2.8 折來回約 0.38%、全額約 0.585%）；交易方法狀態未知（全額交割、變更交易方法、停止信用交易的來源未提供）；容量以 s 日 vol20 估計，未模擬開盤競價量與滑價；容量受限,未扣成本·事後欄位以 m_ 標示·非投資建議
HO,5,2024-09-12,2024-09-13,8455,大拓-KY,TPEx,S,S0_atr14@5,4,340,0.064166,,0,0,1,1.669,2.276,2.276,146.35,1.0,floor(1%×vol20),0.0,0.0,526,inf,250.0,official_prepanel,small,19.0,0,可交易（DK_s＝0）,未扣成本（成本參考：2.8 折來回約 0.38%、全額約 0.585%）；交易方法狀態未知（全額交割、變更交易方法、停止信用交易的來源未提供）；容量以 s 日 vol20 估計，未模擬開盤競價量與滑價；容量受限,未扣成本·事後欄位以 m_ 標示·非投資建議
HO,5,2024-09-13,2024-09-16,2923,鼎固-KY,TWSE,S,S0_atr14@5,3,342,0.069437,,0,0,1,6.877,25.093,47.77,151.7,1.0,floor(1%×vol20),0.0,0.0,527,inf,250.0,official_prepanel,large,109.0,0,可交易（DK_s＝0）,未扣成本（成本參考：2.8 折來回約 0.38%、全額約 0.585%）；交易方法狀態未知（全額交割、變更交易方法、停止信用交易的來源未提供）；容量以 s 日 vol20 估計，未模擬開盤競價量與滑價；容量受限,未扣成本·事後欄位以 m_ 標示·非投資建議
HO,5,2024-09-13,2024-09-16,3018,隆銘綠能,TWSE,S,S0_atr14@5,4,342,0.067025,,0,0,1,-3.716,2.027,0.338,123.45,1.0,floor(1%×vol20),0.0,0.0,527,inf,250.0,official_prepanel,small,283.0,0,可交易（DK_s＝0）,未扣成本（成本參考：2.8 折來回約 0.38%、全額約 0.585%）；交易方法狀態未知（全額交割、變更交易方法、停止信用交易的來源未提供）；容量以 s 日 vol20 估計，未模擬開盤競價量與滑價；容量受限,未扣成本·事後欄位以 m_ 標示·非投資建議
HO,5,2024-09-13,2024-09-16,4530,天意能創,TPEx,S,S0_atr14@5,5,342,0.063094,,0,0,1,0.0,20.526,27.368,102.05,1.0,floor(1%×vol20),0.0,0.0,527,inf,250.0,official_prepanel,small,8.0,0,可交易（DK_s＝0）,未扣成本（成本參考：2.8 折來回約 0.38%、全額約 0.585%）；交易方法狀態未知（全額交割、變更交易方法、停止信用交易的來源未提供）；容量以 s 日 vol20 估計，未模擬開盤競價量與滑價；容量受限,未扣成本·事後欄位以 m_ 標示·非投資建議
HO,5,2024-09-13,2024-09-16,6230,尼得科超眾,TWSE,S,S0_atr14@5,2,342,0.069823,,0,0,1,-1.114,2.895,0.223,250.55,2.0,floor(1%×vol20),0.0,0.0,527,inf,250.0,official_prepanel,mid,42.0,0,可交易（DK_s＝0）,未扣成本（成本參考：2.8 折來回約 0.38%、全額約 0.585%）；交易方法狀態未知（全額交割、變更交易方法、停止信用交易的來源未提供）；容量以 s 日 vol20 估計，未模擬開盤競價量與滑價；容量受限,未扣成本·事後欄位以 m_ 標示·非投資建議
HO,5,2024-09-13,2024-09-16,8080,泰霖,TPEx,S,S0_atr14@5,1,342,0.069959,,0,0,1,-0.985,-7.876,-12.799,282.5,2.0,floor(1%×vol20),1.0,0.0,527,inf,250.0,official_prepanel,small,45.0,1,處置中・交易規則另案登錄（DK_s＝1）,未扣成本（成本參考：2.8 折來回約 0.38%、全額約 0.585%）；交易方法狀態未知（全額交割、變更交易方法、停止信用交易的來源未提供）；容量以 s 日 vol20 估計，未模擬開盤競價量與滑價；容量受限,未扣成本·事後欄位以 m_ 標示·非投資建議
HO,5,2024-09-16,2024-09-18,2923,鼎固-KY,TWSE,S,S0_atr14@5,4,344,0.066952,,0,0,1,3.253,14.041,25.685,153.85,1.0,floor(1%×vol20),0.0,0.0,528,inf,250.0,official_prepanel,large,183.0,0,可交易（DK_s＝0）,未扣成本（成本參考：2.8 折來回約 0.38%、全額約 0.585%）；交易方法狀態未知（全額交割、變更交易方法、停止信用交易的來源未提供）；容量以 s 日 vol20 估計，未模擬開盤競價量與滑價；容量受限,未扣成本·事後欄位以 m_ 標示·非投資建議
HO,5,2024-09-16,2024-09-18,3018,隆銘綠能,TWSE,S,S0_atr14@5,1,344,0.071053,,0,0,1,-4.23,-1.015,-1.861,134.5,1.0,floor(1%×vol20),0.0,0.0,528,inf,250.0,official_prepanel,small,105.0,0,可交易（DK_s＝0）,未扣成本（成本參考：2.8 折來回約 0.38%、全額約 0.585%）；交易方法狀態未知（全額交割、變更交易方法、停止信用交易的來源未提供）；容量以 s 日 vol20 估計，未模擬開盤競價量與滑價；容量受限,未扣成本·事後欄位以 m_ 標示·非投資建議
HO,5,2024-09-16,2024-09-18,4530,天意能創,TPEx,S,S0_atr14@5,5,344,0.065414,,0,0,1,-0.842,32.105,27.895,101.2,1.0,floor(1%×vol20),0.0,0.0,528,inf,250.0,official_prepanel,small,25.0,0,可交易（DK_s＝0）,未扣成本（成本參考：2.8 折來回約 0.38%、全額約 0.585%）；交易方法狀態未知（全額交割、變更交易方法、停止信用交易的來源未提供）；容量以 s 日 vol20 估計，未模擬開盤競價量與滑價；容量受限,未扣成本·事後欄位以 m_ 標示·非投資建議
HO,5,2024-09-16,2024-09-18,6230,尼得科超眾,TWSE,S,S0_atr14@5,3,344,0.068694,,0,0,1,-0.225,2.027,0.0,248.95,2.0,floor(1%×vol20),0.0,0.0,528,inf,250.0,official_prepanel,mid,59.0,0,可交易（DK_s＝0）,未扣成本（成本參考：2.8 折來回約 0.38%、全額約 0.585%）；交易方法狀態未知（全額交割、變更交易方法、停止信用交易的來源未提供）；容量以 s 日 vol20 估計，未模擬開盤競價量與滑價；容量受限,未扣成本·事後欄位以 m_ 標示·非投資建議
HO,5,2024-09-16,2024-09-18,8080,泰霖,TPEx,S,S0_atr14@5,2,344,0.070313,,0,0,1,8.287,-14.888,-8.708,284.2,2.0,floor(1%×vol20),1.0,0.0,528,inf,250.0,official_prepanel,small,214.0,1,處置中・交易規則另案登錄（DK_s＝1）,未扣成本（成本參考：2.8 折來回約 0.38%、全額約 0.585%）；交易方法狀態未知（全額交割、變更交易方法、停止信用交易的來源未提供）；容量以 s 日 vol20 估計，未模擬開盤競價量與滑價；容量受限,未扣成本·事後欄位以 m_ 標示·非投資建議
HO,5,2024-09-18,2024-09-19,2923,鼎固-KY,TWSE,S,S0_atr14@5,4,350,0.063866,,0,0,1,3.601,16.203,9.002,161.05,1.0,floor(1%×vol20),0.0,0.0,529,inf,250.0,official_prepanel,large,188.0,0,可交易（DK_s＝0）,未扣成本（成本參考：2.8 折來回約 0.38%、全額約 0.585%）；交易方法狀態未知（全額交割、變更交易方法、停止信用交易的來源未提供）；容量以 s 日 vol20 估計，未模擬開盤競價量與滑價；容量受限,未扣成本·事後欄位以 m_ 標示·非投資建議
HO,5,2024-09-18,2024-09-19,3018,隆銘綠能,TWSE,S,S0_atr14@5,1,350,0.072691,,0,0,1,3.534,6.007,3.887,135.1,1.0,floor(1%×vol20),0.0,0.0,529,inf,250.0,official_prepanel,small,37.0,0,可交易（DK_s＝0）,未扣成本（成本參考：2.8 折來回約 0.38%、全額約 0.585%）；交易方法狀態未知（全額交割、變更交易方法、停止信用交易的來源未提供）；容量以 s 日 vol20 估計，未模擬開盤競價量與滑價；容量受限,未扣成本·事後欄位以 m_ 標示·非投資建議
HO,5,2024-09-18,2024-09-19,3219,倚強科,TPEx,S,S0_atr14@5,5,350,0.063484,,0,0,1,3.895,0.632,15.368,127.75,1.0,floor(1%×vol20),0.0,0.0,529,inf,250.0,official_prepanel,small,116.0,0,可交易（DK_s＝0）,未扣成本（成本參考：2.8 折來回約 0.38%、全額約 0.585%）；交易方法狀態未知（全額交割、變更交易方法、停止信用交易的來源未提供）；容量以 s 日 vol20 估計，未模擬開盤競價量與滑價；容量受限,未扣成本·事後欄位以 m_ 標示·非投資建議
HO,5,2024-09-18,2024-09-19,4530,天意能創,TPEx,S,S0_atr14@5,3,350,0.064832,,0,0,1,0.105,27.368,27.368,101.95,1.0,floor(1%×vol20),0.0,0.0,529,inf,250.0,official_prepanel,small,52.0,0,可交易（DK_s＝0）,未扣成本（成本參考：2.8 折來回約 0.38%、全額約 0.585%）；交易方法狀態未知（全額交割、變更交易方法、停止信用交易的來源未提供）；容量以 s 日 vol20 估計，未模擬開盤競價量與滑價；容量受限,未扣成本·事後欄位以 m_ 標示·非投資建議
HO,5,2024-09-18,2024-09-19,6230,尼得科超眾,TWSE,S,S0_atr14@5,2,350,0.065946,,0,0,1,1.806,4.74,-1.58,245.8,2.0,floor(1%×vol20),0.0,0.0,529,inf,250.0,official_prepanel,mid,88.0,0,可交易（DK_s＝0）,未扣成本（成本參考：2.8 折來回約 0.38%、全額約 0.585%）；交易方法狀態未知（全額交割、變更交易方法、停止信用交易的來源未提供）；容量以 s 日 vol20 估計，未模擬開盤競價量與滑價；容量受限,未扣成本·事後欄位以 m_ 標示·非投資建議
HO,5,2024-09-19,2024-09-20,2923,鼎固-KY,TWSE,S,S0_atr14@5,5,351,0.062785,,0,0,1,7.741,13.428,10.742,157.0,1.0,floor(1%×vol20),0.0,0.0,530,inf,250.0,official_prepanel,large,368.0,0,可交易（DK_s＝0）,未扣成本（成本參考：2.8 折來回約 0.38%、全額約 0.585%）；交易方法狀態未知（全額交割、變更交易方法、停止信用交易的來源未提供）；容量以 s 日 vol20 估計，未模擬開盤競價量與滑價；容量受限,未扣成本·事後欄位以 m_ 標示·非投資建議
HO,5,2024-09-19,2024-09-20,3018,隆銘綠能,TWSE,S,S0_atr14@5,2,351,0.071063,,0,0,1,2.389,2.389,2.901,134.0,1.0,floor(1%×vol20),0.0,0.0,530,inf,250.0,official_prepanel,small,89.0,0,可交易（DK_s＝0）,未扣成本（成本參考：2.8 折來回約 0.38%、全額約 0.585%）；交易方法狀態未知（全額交割、變更交易方法、停止信用交易的來源未提供）；容量以 s 日 vol20 估計，未模擬開盤競價量與滑價；容量受限,未扣成本·事後欄位以 m_ 標示·非投資建議
HO,5,2024-09-19,2024-09-20,3095,及成,TPEx,S,S0_atr14@5,1,351,0.075901,,0,0,1,-5.776,-4.513,-7.04,133.25,1.0,floor(1%×vol20),0.0,0.0,530,inf,250.0,official_prepanel,small,72.0,0,可交易（DK_s＝0）,未扣成本（成本參考：2.8 折來回約 0.38%、全額約 0.585%）；交易方法狀態未知（全額交割、變更交易方法、停止信用交易的來源未提供）；容量以 s 日 vol20 估計，未模擬開盤競價量與滑價；容量受限,未扣成本·事後欄位以 m_ 標示·非投資建議
HO,5,2024-09-19,2024-09-20,4530,天意能創,TPEx,S,S0_atr14@5,3,351,0.065195,,1,0,1,11.052,32.837,23.273,102.7,1.0,floor(1%×vol20),0.0,0.0,530,inf,250.0,official_prepanel,small,898.0,0,可交易（DK_s＝0）,未扣成本（成本參考：2.8 折來回約 0.38%、全額約 0.585%）；交易方法狀態未知（全額交割、變更交易方法、停止信用交易的來源未提供）；容量以 s 日 vol20 估計，未模擬開盤競價量與滑價；容量受限,未扣成本·事後欄位以 m_ 標示·非投資建議
HO,5,2024-09-19,2024-09-20,6230,尼得科超眾,TWSE,S,S0_atr14@5,4,351,0.063193,,0,0,1,-4.357,1.743,-4.575,247.7,2.0,floor(1%×vol20),0.0,0.0,530,inf,250.0,official_prepanel,mid,222.0,0,可交易（DK_s＝0）,未扣成本（成本參考：2.8 折來回約 0.38%、全額約 0.585%）；交易方法狀態未知（全額交割、變更交易方法、停止信用交易的來源未提供）；容量以 s 日 vol20 估計，未模擬開盤競價量與滑價；容量受限,未扣成本·事後欄位以 m_ 標示·非投資建議
HO,5,2024-09-20,2024-09-23,3018,隆銘綠能,TWSE,S,S0_atr14@5,2,344,0.069405,,0,0,1,0.667,-0.333,0.5,135.55,1.0,floor(1%×vol20),0.0,0.0,531,inf,250.0,official_prepanel,small,47.0,0,可交易（DK_s＝0）,未扣成本（成本參考：2.8 折來回約 0.38%、全額約 0.585%）；交易方法狀態未知（全額交割、變更交易方法、停止信用交易的來源未提供）；容量以 s 日 vol20 估計，未模擬開盤競價量與滑價；容量受限,未扣成本·事後欄位以 m_ 標示·非投資建議
HO,5,2024-09-20,2024-09-23,3095,及成,TPEx,S,S0_atr14@5,1,344,0.079365,,0,0,1,-2.874,4.981,-1.341,131.25,1.0,floor(1%×vol20),0.0,0.0,531,inf,250.0,official_prepanel,small,75.0,0,可交易（DK_s＝0）,未扣成本（成本參考：2.8 折來回約 0.38%、全額約 0.585%）；交易方法狀態未知（全額交割、變更交易方法、停止信用交易的來源未提供）；容量以 s 日 vol20 估計，未模擬開盤競價量與滑價；容量受限,未扣成本·事後欄位以 m_ 標示·非投資建議
HO,5,2024-09-20,2024-09-23,3219,倚強科,TPEx,S,S0_atr14@5,5,344,0.062534,,0,0,1,-7.39,-1.536,8.061,209.0,2.0,floor(1%×vol20),0.0,0.0,531,inf,250.0,official_prepanel,small,394.0,0,可交易（DK_s＝0）,未扣成本（成本參考：2.8 折來回約 0.38%、全額約 0.585%）；交易方法狀態未知（全額交割、變更交易方法、停止信用交易的來源未提供）；容量以 s 日 vol20 估計，未模擬開盤競價量與滑價；容量受限,未扣成本·事後欄位以 m_ 標示·非投資建議
HO,5,2024-09-20,2024-09-23,6230,尼得科超眾,TWSE,S,S0_atr14@5,4,344,0.064758,,0,0,1,2.439,0.887,-5.1,255.95,2.0,floor(1%×vol20),0.0,0.0,531,inf,250.0,official_prepanel,mid,253.0,0,可交易（DK_s＝0）,未扣成本（成本參考：2.8 折來回約 0.38%、全額約 0.585%）；交易方法狀態未知（全額交割、變更交易方法、停止信用交易的來源未提供）；容量以 s 日 vol20 估計，未模擬開盤競價量與滑價；容量受限,未扣成本·事後欄位以 m_ 標示·非投資建議
HO,5,2024-09-20,2024-09-23,8080,泰霖,TPEx,S,S0_atr14@5,3,344,0.065691,,0,0,1,0.769,-5.538,-1.385,291.8,2.0,floor(1%×vol20),0.0,0.0,531,inf,250.0,official_prepanel,small,391.0,0,可交易（DK_s＝0）,未扣成本（成本參考：2.8 折來回約 0.38%、全額約 0.585%）；交易方法狀態未知（全額交割、變更交易方法、停止信用交易的來源未提供）；容量以 s 日 vol20 估計，未模擬開盤競價量與滑價；容量受限,未扣成本·事後欄位以 m_ 標示·非投資建議
HO,5,2024-09-23,2024-09-24,3018,隆銘綠能,TWSE,S,S0_atr14@5,2,340,0.067763,,0,0,1,-3.146,-1.656,-1.325,136.1,1.0,floor(1%×vol20),0.0,0.0,532,inf,250.0,official_prepanel,small,75.0,0,可交易（DK_s＝0）,未扣成本（成本參考：2.8 折來回約 0.38%、全額約 0.585%）；交易方法狀態未知（全額交割、變更交易方法、停止信用交易的來源未提供）；容量以 s 日 vol20 估計，未模擬開盤競價量與滑價；容量受限,未扣成本·事後欄位以 m_ 標示·非投資建議
HO,5,2024-09-23,2024-09-24,3095,及成,TPEx,S,S0_atr14@5,1,340,0.075796,,0,0,1,-0.193,3.482,0.193,131.25,1.0,floor(1%×vol20),0.0,0.0,532,inf,250.0,official_prepanel,small,33.0,0,可交易（DK_s＝0）,未扣成本（成本參考：2.8 折來回約 0.38%、全額約 0.585%）；交易方法狀態未知（全額交割、變更交易方法、停止信用交易的來源未提供）；容量以 s 日 vol20 估計，未模擬開盤競價量與滑價；容量受限,未扣成本·事後欄位以 m_ 標示·非投資建議
HO,5,2024-09-23,2024-09-24,3219,倚強科,TPEx,S,S0_atr14@5,3,340,0.066691,,0,0,1,-1.959,4.948,14.227,225.15,2.0,floor(1%×vol20),0.0,0.0,532,inf,250.0,official_prepanel,small,92.0,0,可交易（DK_s＝0）,未扣成本（成本參考：2.8 折來回約 0.38%、全額約 0.585%）；交易方法狀態未知（全額交割、變更交易方法、停止信用交易的來源未提供）；容量以 s 日 vol20 估計，未模擬開盤競價量與滑價；容量受限,未扣成本·事後欄位以 m_ 標示·非投資建議
HO,5,2024-09-23,2024-09-24,5206,坤悅,TPEx,S,S0_atr14@5,4,340,0.0657,,0,0,1,-0.613,-1.593,-5.27,260.9,2.0,floor(1%×vol20),0.0,0.0,532,inf,250.0,official_prepanel,small,223.0,0,可交易（DK_s＝0）,未扣成本（成本參考：2.8 折來回約 0.38%、全額約 0.585%）；交易方法狀態未知（全額交割、變更交易方法、停止信用交易的來源未提供）；容量以 s 日 vol20 估計，未模擬開盤競價量與滑價；容量受限,未扣成本·事後欄位以 m_ 標示·非投資建議
HO,5,2024-09-23,2024-09-24,6680,鑫創電子,TPEx,S,S0_atr14@5,5,340,0.063906,,0,0,1,0.216,0.432,-1.188,137.75,1.0,floor(1%×vol20),0.0,0.0,532,inf,250.0,official_prepanel,small,56.0,0,可交易（DK_s＝0）,未扣成本（成本參考：2.8 折來回約 0.38%、全額約 0.585%）；交易方法狀態未知（全額交割、變更交易方法、停止信用交易的來源未提供）；容量以 s 日 vol20 估計，未模擬開盤競價量與滑價；容量受限,未扣成本·事後欄位以 m_ 標示·非投資建議
HO,5,2024-09-24,2024-09-25,1225,福懋油,TWSE,S,S0_atr14@5,2,343,0.066949,,0,0,1,1.742,-7.317,-25.436,195.75,1.0,floor(1%×vol20),0.0,0.0,533,inf,250.0,official_prepanel,large,96.0,0,可交易（DK_s＝0）,未扣成本（成本參考：2.8 折來回約 0.38%、全額約 0.585%）；交易方法狀態未知（全額交割、變更交易方法、停止信用交易的來源未提供）；容量以 s 日 vol20 估計，未模擬開盤競價量與滑價；容量受限,未扣成本·事後欄位以 m_ 標示·非投資建議
HO,5,2024-09-24,2024-09-25,3018,隆銘綠能,TWSE,S,S0_atr14@5,4,343,0.06569,,0,0,1,-1.961,-5.229,-2.451,135.9,1.0,floor(1%×vol20),0.0,0.0,533,inf,250.0,official_prepanel,small,48.0,0,可交易（DK_s＝0）,未扣成本（成本參考：2.8 折來回約 0.38%、全額約 0.585%）；交易方法狀態未知（全額交割、變更交易方法、停止信用交易的來源未提供）；容量以 s 日 vol20 估計，未模擬開盤競價量與滑價；容量受限,未扣成本·事後欄位以 m_ 標示·非投資建議
HO,5,2024-09-24,2024-09-25,3095,及成,TPEx,S,S0_atr14@5,1,343,0.068106,,0,0,1,-0.756,1.512,-5.293,129.05,1.0,floor(1%×vol20),0.0,0.0,533,inf,250.0,official_prepanel,small,38.0,0,可交易（DK_s＝0）,未扣成本（成本參考：2.8 折來回約 0.38%、全額約 0.585%）；交易方法狀態未知（全額交割、變更交易方法、停止信用交易的來源未提供）；容量以 s 日 vol20 估計，未模擬開盤競價量與滑價；容量受限,未扣成本·事後欄位以 m_ 標示·非投資建議
HO,5,2024-09-24,2024-09-25,3219,倚強科,TPEx,S,S0_atr14@5,5,343,0.064519,,0,0,1,-0.727,14.226,5.919,225.3,2.0,floor(1%×vol20),0.0,0.0,533,inf,250.0,official_prepanel,small,158.0,0,可交易（DK_s＝0）,未扣成本（成本參考：2.8 折來回約 0.38%、全額約 0.585%）；交易方法狀態未知（全額交割、變更交易方法、停止信用交易的來源未提供）；容量以 s 日 vol20 估計，未模擬開盤競價量與滑價；容量受限,未扣成本·事後欄位以 m_ 標示·非投資建議
HO,5,2024-09-24,2024-09-25,9949,琉園,TPEx,S,S0_atr14@5,3,343,0.066448,,0,0,1,-1.195,1.594,-1.394,126.75,1.0,floor(1%×vol20),0.0,0.0,533,inf,250.0,official_prepanel,small,8.0,0,可交易（DK_s＝0）,未扣成本（成本參考：2.8 折來回約 0.38%、全額約 0.585%）；交易方法狀態未知（全額交割、變更交易方法、停止信用交易的來源未提供）；容量以 s 日 vol20 估計，未模擬開盤競價量與滑價；容量受限,未扣成本·事後欄位以 m_ 標示·非投資建議
HO,5,2024-09-25,2024-09-26,1225,福懋油,TWSE,S,S0_atr14@5,4,329,0.063601,,0,0,1,-7.85,-10.58,-29.352,198.5,1.0,floor(1%×vol20),0.0,0.0,534,inf,250.0,official_prepanel,large,148.0,0,可交易（DK_s＝0）,未扣成本（成本參考：2.8 折來回約 0.38%、全額約 0.585%）；交易方法狀態未知（全額交割、變更交易方法、停止信用交易的來源未提供）；容量以 s 日 vol20 估計，未模擬開盤競價量與滑價；容量受限,未扣成本·事後欄位以 m_ 標示·非投資建議
HO,5,2024-09-25,2024-09-26,3095,及成,TPEx,S,S0_atr14@5,5,329,0.061088,,0,0,1,-2.037,-5.37,-3.704,125.95,1.0,floor(1%×vol20),0.0,0.0,534,inf,250.0,official_prepanel,small,46.0,0,可交易（DK_s＝0）,未扣成本（成本參考：2.8 折來回約 0.38%、全額約 0.585%）；交易方法狀態未知（全額交割、變更交易方法、停止信用交易的來源未提供）；容量以 s 日 vol20 估計，未模擬開盤競價量與滑價；容量受限,未扣成本·事後欄位以 m_ 標示·非投資建議
HO,5,2024-09-25,2024-09-26,4569,六方科-KY,TWSE,S,S0_atr14@5,3,329,0.06369,,0,0,1,0.0,9.375,-8.75,251.75,2.0,floor(1%×vol20),1.0,0.0,283,283.0,250.0,official,mid,90.0,1,處置中・交易規則另案登錄（DK_s＝1）,未扣成本（成本參考：2.8 折來回約 0.38%、全額約 0.585%）；交易方法狀態未知（全額交割、變更交易方法、停止信用交易的來源未提供）；容量以 s 日 vol20 估計，未模擬開盤競價量與滑價；容量受限,未扣成本·事後欄位以 m_ 標示·非投資建議
HO,5,2024-09-25,2024-09-26,8080,泰霖,TPEx,S,S0_atr14@5,1,329,0.069385,,0,0,1,-2.462,1.077,-1.692,290.2,2.0,floor(1%×vol20),0.0,0.0,534,inf,250.0,official_prepanel,small,117.0,0,可交易（DK_s＝0）,未扣成本（成本參考：2.8 折來回約 0.38%、全額約 0.585%）；交易方法狀態未知（全額交割、變更交易方法、停止信用交易的來源未提供）；容量以 s 日 vol20 估計，未模擬開盤競價量與滑價；容量受限,未扣成本·事後欄位以 m_ 標示·非投資建議
HO,5,2024-09-25,2024-09-26,8906,花王,TPEx,S,S0_atr14@5,2,329,0.066605,,0,0,1,-0.644,-5.92,-0.644,186.85,1.0,floor(1%×vol20),0.0,0.0,534,inf,250.0,official_prepanel,small,29.0,0,可交易（DK_s＝0）,未扣成本（成本參考：2.8 折來回約 0.38%、全額約 0.585%）；交易方法狀態未知（全額交割、變更交易方法、停止信用交易的來源未提供）；容量以 s 日 vol20 估計，未模擬開盤競價量與滑價；容量受限,未扣成本·事後欄位以 m_ 標示·非投資建議
HO,5,2024-09-26,2024-09-27,1225,福懋油,TWSE,S,S0_atr14@5,1,331,0.071164,,0,0,1,3.249,-10.83,-25.271,204.85,2.0,floor(1%×vol20),0.0,0.0,535,inf,250.0,official_prepanel,large,149.0,0,可交易（DK_s＝0）,未扣成本（成本參考：2.8 折來回約 0.38%、全額約 0.585%）；交易方法狀態未知（全額交割、變更交易方法、停止信用交易的來源未提供）；容量以 s 日 vol20 估計，未模擬開盤競價量與滑價；容量受限,未扣成本·事後欄位以 m_ 標示·非投資建議
HO,5,2024-09-26,2024-09-27,2424,隴華,TWSE,S,S0_atr14@5,5,331,0.063796,,0,0,1,-2.636,14.729,30.233,245.8,2.0,floor(1%×vol20),0.0,2.0,535,inf,250.0,official_prepanel,small,21.0,0,可交易（DK_s＝0）,未扣成本（成本參考：2.8 折來回約 0.38%、全額約 0.585%）；交易方法狀態未知（全額交割、變更交易方法、停止信用交易的來源未提供）；容量以 s 日 vol20 估計，未模擬開盤競價量與滑價；容量受限,未扣成本·事後欄位以 m_ 標示·非投資建議
HO,5,2024-09-26,2024-09-27,4569,六方科-KY,TWSE,S,S0_atr14@5,3,331,0.065327,,0,1,0,0.0,-8.333,-16.098,255.05,2.0,floor(1%×vol20),1.0,0.0,284,284.0,250.0,official,mid,298.0,0,處置中・交易規則另案登錄（DK_s＝1）,未扣成本（成本參考：2.8 折來回約 0.38%、全額約 0.585%）；交易方法狀態未知（全額交割、變更交易方法、停止信用交易的來源未提供）；容量以 s 日 vol20 估計，未模擬開盤競價量與滑價；容量受限,未扣成本·事後欄位以 m_ 標示·非投資建議
HO,5,2024-09-26,2024-09-27,8080,泰霖,TPEx,S,S0_atr14@5,2,331,0.070527,,0,0,1,-1.917,2.716,1.597,229.45,2.0,floor(1%×vol20),0.0,0.0,535,inf,250.0,official_prepanel,small,60.0,0,可交易（DK_s＝0）,未扣成本（成本參考：2.8 折來回約 0.38%、全額約 0.585%）；交易方法狀態未知（全額交割、變更交易方法、停止信用交易的來源未提供）；容量以 s 日 vol20 估計，未模擬開盤競價量與滑價；容量受限,未扣成本·事後欄位以 m_ 標示·非投資建議
HO,5,2024-09-26,2024-09-27,8906,花王,TPEx,S,S0_atr14@5,4,331,0.064489,,0,0,1,2.587,-0.776,-1.94,182.55,1.0,floor(1%×vol20),0.0,0.0,535,inf,250.0,official_prepanel,small,49.0,0,可交易（DK_s＝0）,未扣成本（成本參考：2.8 折來回約 0.38%、全額約 0.585%）；交易方法狀態未知（全額交割、變更交易方法、停止信用交易的來源未提供）；容量以 s 日 vol20 估計，未模擬開盤競價量與滑價；容量受限,未扣成本·事後欄位以 m_ 標示·非投資建議
HO,5,2024-09-27,2024-09-30,1225,福懋油,TWSE,S,S0_atr14@5,2,326,0.07018,,0,0,1,-3.497,-19.231,-32.238,211.55,2.0,floor(1%×vol20),0.0,0.0,536,inf,250.0,official_prepanel,large,80.0,0,可交易（DK_s＝0）,未扣成本（成本參考：2.8 折來回約 0.38%、全額約 0.585%）；交易方法狀態未知（全額交割、變更交易方法、停止信用交易的來源未提供）；容量以 s 日 vol20 估計，未模擬開盤競價量與滑價；容量受限,未扣成本·事後欄位以 m_ 標示·非投資建議
HO,5,2024-09-27,2024-09-30,2424,隴華,TWSE,S,S0_atr14@5,3,326,0.064377,,0,0,1,-6.562,22.812,26.562,209.3,2.0,floor(1%×vol20),0.0,1.0,536,inf,250.0,official_prepanel,small,76.0,0,可交易（DK_s＝0）,未扣成本（成本參考：2.8 折來回約 0.38%、全額約 0.585%）；交易方法狀態未知（全額交割、變更交易方法、停止信用交易的來源未提供）；容量以 s 日 vol20 估計，未模擬開盤競價量與滑價；容量受限,未扣成本·事後欄位以 m_ 標示·非投資建議
HO,5,2024-09-27,2024-09-30,5314,世紀*,TPEx,S,S0_atr14@5,4,326,0.062267,,0,0,1,-2.118,-1.176,3.529,299.75,2.0,floor(1%×vol20),1.0,2.0,536,inf,250.0,official_prepanel,small,60.0,1,處置中・交易規則另案登錄（DK_s＝1）,未扣成本（成本參考：2.8 折來回約 0.38%、全額約 0.585%）；交易方法狀態未知（全額交割、變更交易方法、停止信用交易的來源未提供）；容量以 s 日 vol20 估計，未模擬開盤競價量與滑價；容量受限,未扣成本·事後欄位以 m_ 標示·非投資建議
HO,5,2024-09-27,2024-09-30,8080,泰霖,TPEx,S,S0_atr14@5,1,326,0.072476,,0,0,1,2.99,6.478,5.648,199.5,1.0,floor(1%×vol20),0.0,0.0,536,inf,250.0,official_prepanel,small,138.0,0,可交易（DK_s＝0）,未扣成本（成本參考：2.8 折來回約 0.38%、全額約 0.585%）；交易方法狀態未知（全額交割、變更交易方法、停止信用交易的來源未提供）；容量以 s 日 vol20 估計，未模擬開盤競價量與滑價；容量受限,未扣成本·事後欄位以 m_ 標示·非投資建議
HO,5,2024-09-27,2024-09-30,8906,花王,TPEx,S,S0_atr14@5,5,326,0.061701,,0,0,1,0.764,-4.204,-4.331,181.45,1.0,floor(1%×vol20),0.0,0.0,536,inf,250.0,official_prepanel,small,31.0,0,可交易（DK_s＝0）,未扣成本（成本參考：2.8 折來回約 0.38%、全額約 0.585%）；交易方法狀態未知（全額交割、變更交易方法、停止信用交易的來源未提供）；容量以 s 日 vol20 估計，未模擬開盤競價量與滑價；容量受限,未扣成本·事後欄位以 m_ 標示·非投資建議
HO,5,2024-09-30,2024-10-01,1225,福懋油,TWSE,S,S0_atr14@5,1,334,0.073499,,0,0,1,-2.92,-17.518,-27.518,213.9,2.0,floor(1%×vol20),0.0,0.0,537,inf,250.0,official_prepanel,large,109.0,0,可交易（DK_s＝0）,未扣成本（成本參考：2.8 折來回約 0.38%、全額約 0.585%）；交易方法狀態未知（全額交割、變更交易方法、停止信用交易的來源未提供）；容量以 s 日 vol20 估計，未模擬開盤競價量與滑價；容量受限,未扣成本·事後欄位以 m_ 標示·非投資建議
HO,5,2024-09-30,2024-10-01,2424,隴華,TWSE,S,S0_atr14@5,2,334,0.072981,,0,0,1,9.683,32.053,33.723,204.2,2.0,floor(1%×vol20),0.0,0.0,537,inf,250.0,official_prepanel,small,182.0,0,可交易（DK_s＝0）,未扣成本（成本參考：2.8 折來回約 0.38%、全額約 0.585%）；交易方法狀態未知（全額交割、變更交易方法、停止信用交易的來源未提供）；容量以 s 日 vol20 估計，未模擬開盤競價量與滑價；容量受限,未扣成本·事後欄位以 m_ 標示·非投資建議
HO,5,2024-09-30,2024-10-01,5314,世紀*,TPEx,S,S0_atr14@5,4,334,0.063359,,0,0,1,0.721,-2.644,9.615,299.0,2.0,floor(1%×vol20),1.0,1.0,537,inf,250.0,official_prepanel,small,70.0,1,處置中・交易規則另案登錄（DK_s＝1）,未扣成本（成本參考：2.8 折來回約 0.38%、全額約 0.585%）；交易方法狀態未知（全額交割、變更交易方法、停止信用交易的來源未提供）；容量以 s 日 vol20 估計，未模擬開盤競價量與滑價；容量受限,未扣成本·事後欄位以 m_ 標示·非投資建議
HO,5,2024-09-30,2024-10-01,8080,泰霖,TPEx,S,S0_atr14@5,3,334,0.071774,,0,0,1,2.201,0.786,1.887,173.9,1.0,floor(1%×vol20),0.0,0.0,537,inf,250.0,official_prepanel,small,66.0,0,可交易（DK_s＝0）,未扣成本（成本參考：2.8 折來回約 0.38%、全額約 0.585%）；交易方法狀態未知（全額交割、變更交易方法、停止信用交易的來源未提供）；容量以 s 日 vol20 估計，未模擬開盤競價量與滑價；容量受限,未扣成本·事後欄位以 m_ 標示·非投資建議
HO,5,2024-09-30,2024-10-01,8906,花王,TPEx,S,S0_atr14@5,5,334,0.061044,,0,0,1,-2.423,-3.699,-5.357,167.65,1.0,floor(1%×vol20),0.0,0.0,537,inf,250.0,official_prepanel,small,84.0,0,可交易（DK_s＝0）,未扣成本（成本參考：2.8 折來回約 0.38%、全額約 0.585%）；交易方法狀態未知（全額交割、變更交易方法、停止信用交易的來源未提供）；容量以 s 日 vol20 估計，未模擬開盤競價量與滑價；容量受限,未扣成本·事後欄位以 m_ 標示·非投資建議
HO,6,2024-10-01,2024-10-04,1225,福懋油,TWSE,S,S0_atr14@5,1,331,0.075456,,0,0,1,-4.727,-22.182,-27.273,217.2,2.0,floor(1%×vol20),0.0,0.0,538,inf,250.0,official_prepanel,large,54.0,0,可交易（DK_s＝0）,未扣成本（成本參考：2.8 折來回約 0.38%、全額約 0.585%）；交易方法狀態未知（全額交割、變更交易方法、停止信用交易的來源未提供）；容量以 s 日 vol20 估計，未模擬開盤競價量與滑價；容量受限,未扣成本·事後欄位以 m_ 標示·非投資建議
HO,6,2024-10-01,2024-10-04,2923,鼎固-KY,TWSE,S,S0_atr14@5,4,331,0.058194,,0,0,1,-4.857,-11.571,-5.143,200.2,2.0,floor(1%×vol20),0.0,0.0,538,inf,250.0,official_prepanel,large,122.0,0,可交易（DK_s＝0）,未扣成本（成本參考：2.8 折來回約 0.38%、全額約 0.585%）；交易方法狀態未知（全額交割、變更交易方法、停止信用交易的來源未提供）；容量以 s 日 vol20 估計，未模擬開盤競價量與滑價；容量受限,未扣成本·事後欄位以 m_ 標示·非投資建議
HO,6,2024-10-01,2024-10-04,8047,星雲,TPEx,S,S0_atr14@5,5,331,0.054945,,0,0,1,2.564,2.885,1.603,199.0,1.0,floor(1%×vol20),0.0,0.0,538,inf,250.0,official_prepanel,small,204.0,0,可交易（DK_s＝0）,未扣成本（成本參考：2.8 折來回約 0.38%、全額約 0.585%）；交易方法狀態未知（全額交割、變更交易方法、停止信用交易的來源未提供）；容量以 s 日 vol20 估計，未模擬開盤競價量與滑價；容量受限,未扣成本·事後欄位以 m_ 標示·非投資建議
HO,6,2024-10-01,2024-10-04,8080,泰霖,TPEx,S,S0_atr14@5,2,331,0.070549,,0,0,1,2.177,-0.778,4.666,154.4,1.0,floor(1%×vol20),0.0,0.0,538,inf,250.0,official_prepanel,small,47.0,0,可交易（DK_s＝0）,未扣成本（成本參考：2.8 折來回約 0.38%、全額約 0.585%）；交易方法狀態未知（全額交割、變更交易方法、停止信用交易的來源未提供）；容量以 s 日 vol20 估計，未模擬開盤競價量與滑價；容量受限,未扣成本·事後欄位以 m_ 標示·非投資建議
HO,6,2024-10-01,2024-10-04,8906,花王,TPEx,S,S0_atr14@5,3,331,0.05901,,0,0,1,-4.444,-2.876,-1.961,167.65,1.0,floor(1%×vol20),0.0,0.0,538,inf,250.0,official_prepanel,small,137.0,0,可交易（DK_s＝0）,未扣成本（成本參考：2.8 折來回約 0.38%、全額約 0.585%）；交易方法狀態未知（全額交割、變更交易方法、停止信用交易的來源未提供）；容量以 s 日 vol20 估計，未模擬開盤競價量與滑價；容量受限,未扣成本·事後欄位以 m_ 標示·非投資建議
HO,6,2024-10-04,2024-10-07,1225,福懋油,TWSE,S,S0_atr14@5,1,335,0.072792,,0,0,1,-10.83,-25.271,-23.105,217.6,2.0,floor(1%×vol20),0.0,0.0,539,inf,250.0,official_prepanel,large,115.0,0,可交易（DK_s＝0）,未扣成本（成本參考：2.8 折來回約 0.38%、全額約 0.585%）；交易方法狀態未知（全額交割、變更交易方法、停止信用交易的來源未提供）；容量以 s 日 vol20 估計，未模擬開盤競價量與滑價；容量受限,未扣成本·事後欄位以 m_ 標示·非投資建議
HO,6,2024-10-04,2024-10-07,2424,隴華,TWSE,S,S0_atr14@5,4,335,0.069412,,0,0,1,8.504,19.501,18.182,213.6,2.0,floor(1%×vol20),0.0,0.0,539,inf,250.0,official_prepanel,small,353.0,0,可交易（DK_s＝0）,未扣成本（成本參考：2.8 折來回約 0.38%、全額約 0.585%）；交易方法狀態未知（全額交割、變更交易方法、停止信用交易的來源未提供）；容量以 s 日 vol20 估計，未模擬開盤競價量與滑價；容量受限,未扣成本·事後欄位以 m_ 標示·非投資建議
HO,6,2024-10-04,2024-10-07,2923,鼎固-KY,TWSE,S,S0_atr14@5,3,335,0.070142,,0,0,1,5.255,-3.604,3.604,203.45,2.0,floor(1%×vol20),0.0,0.0,539,inf,250.0,official_prepanel,large,95.0,0,可交易（DK_s＝0）,未扣成本（成本參考：2.8 折來回約 0.38%、全額約 0.585%）；交易方法狀態未知（全額交割、變更交易方法、停止信用交易的來源未提供）；容量以 s 日 vol20 估計，未模擬開盤競價量與滑價；容量受限,未扣成本·事後欄位以 m_ 標示·非投資建議
HO,6,2024-10-04,2024-10-07,8080,泰霖,TPEx,S,S0_atr14@5,2,335,0.071429,,0,0,1,-1.38,-1.994,9.356,138.5,1.0,floor(1%×vol20),0.0,0.0,539,inf,250.0,official_prepanel,small,71.0,0,可交易（DK_s＝0）,未扣成本（成本參考：2.8 折來回約 0.38%、全額約 0.585%）；交易方法狀態未知（全額交割、變更交易方法、停止信用交易的來源未提供）；容量以 s 日 vol20 估計，未模擬開盤競價量與滑價；容量受限,未扣成本·事後欄位以 m_ 標示·非投資建議
HO,6,2024-10-04,2024-10-07,8906,花王,TPEx,S,S0_atr14@5,5,335,0.059996,,0,0,1,-1.793,-1.152,-5.762,171.0,1.0,floor(1%×vol20),0.0,0.0,539,inf,250.0,official_prepanel,small,121.0,0,可交易（DK_s＝0）,未扣成本（成本參考：2.8 折來回約 0.38%、全額約 0.585%）；交易方法狀態未知（全額交割、變更交易方法、停止信用交易的來源未提供）；容量以 s 日 vol20 估計，未模擬開盤競價量與滑價；容量受限,未扣成本·事後欄位以 m_ 標示·非投資建議
HO,6,2024-10-07,2024-10-08,1225,福懋油,TWSE,S,S0_atr14@5,1,331,0.081839,,0,0,1,-7.6,-17.2,-18.8,214.55,2.0,floor(1%×vol20),0.0,0.0,540,inf,250.0,official_prepanel,large,191.0,0,可交易（DK_s＝0）,未扣成本（成本參考：2.8 折來回約 0.38%、全額約 0.585%）；交易方法狀態未知（全額交割、變更交易方法、停止信用交易的來源未提供）；容量以 s 日 vol20 估計，未模擬開盤競價量與滑價；容量受限,未扣成本·事後欄位以 m_ 標示·非投資建議
HO,6,2024-10-07,2024-10-08,2923,鼎固-KY,TWSE,S,S0_atr14@5,3,331,0.069187,,0,0,1,-1.322,-5.58,-3.965,188.3,1.0,floor(1%×vol20),0.0,0.0,540,inf,250.0,official_prepanel,large,236.0,0,可交易（DK_s＝0）,未扣成本（成本參考：2.8 折來回約 0.38%、全額約 0.585%）；交易方法狀態未知（全額交割、變更交易方法、停止信用交易的來源未提供）；容量以 s 日 vol20 估計，未模擬開盤競價量與滑價；容量受限,未扣成本·事後欄位以 m_ 標示·非投資建議
HO,6,2024-10-07,2024-10-08,6859,伯特光,TPEx,S,S0_atr14@5,5,331,0.056194,,0,0,1,-1.049,-5.594,0.0,178.15,1.0,floor(1%×vol20),0.0,0.0,447,447.0,250.0,official,small,31.0,0,可交易（DK_s＝0）,未扣成本（成本參考：2.8 折來回約 0.38%、全額約 0.585%）；交易方法狀態未知（全額交割、變更交易方法、停止信用交易的來源未提供）；容量以 s 日 vol20 估計，未模擬開盤競價量與滑價；容量受限,未扣成本·事後欄位以 m_ 標示·非投資建議
HO,6,2024-10-07,2024-10-08,8080,泰霖,TPEx,S,S0_atr14@5,2,331,0.069984,,0,0,1,-0.774,-1.548,11.455,128.35,1.0,floor(1%×vol20),0.0,0.0,540,inf,250.0,official_prepanel,small,44.0,0,可交易（DK_s＝0）,未扣成本（成本參考：2.8 折來回約 0.38%、全額約 0.585%）；交易方法狀態未知（全額交割、變更交易方法、停止信用交易的來源未提供）；容量以 s 日 vol20 估計，未模擬開盤競價量與滑價；容量受限,未扣成本·事後欄位以 m_ 標示·非投資建議
HO,6,2024-10-07,2024-10-08,8906,花王,TPEx,S,S0_atr14@5,4,331,0.057739,,0,0,1,-5.528,-4.774,-7.286,172.1,1.0,floor(1%×vol20),0.0,0.0,540,inf,250.0,official_prepanel,small,32.0,0,可交易（DK_s＝0）,未扣成本（成本參考：2.8 折來回約 0.38%、全額約 0.585%）；交易方法狀態未知（全額交割、變更交易方法、停止信用交易的來源未提供）；容量以 s 日 vol20 估計，未模擬開盤競價量與滑價；容量受限,未扣成本·事後欄位以 m_ 標示·非投資建議
HO,6,2024-10-08,2024-10-09,1225,福懋油,TWSE,S,S0_atr14@5,1,331,0.089672,,0,0,1,-3.419,-17.179,-14.53,219.35,2.0,floor(1%×vol20),0.0,0.0,541,inf,250.0,official_prepanel,large,126.0,0,可交易（DK_s＝0）,未扣成本（成本參考：2.8 折來回約 0.38%、全額約 0.585%）；交易方法狀態未知（全額交割、變更交易方法、停止信用交易的來源未提供）；容量以 s 日 vol20 估計，未模擬開盤競價量與滑價；容量受限,未扣成本·事後欄位以 m_ 標示·非投資建議
HO,6,2024-10-08,2024-10-09,2424,隴華,TWSE,S,S0_atr14@5,4,331,0.061614,,0,0,1,-0.503,1.887,0.755,233.65,2.0,floor(1%×vol20),0.0,0.0,541,inf,250.0,official_prepanel,small,444.0,0,可交易（DK_s＝0）,未扣成本（成本參考：2.8 折來回約 0.38%、全額約 0.585%）；交易方法狀態未知（全額交割、變更交易方法、停止信用交易的來源未提供）；容量以 s 日 vol20 估計，未模擬開盤競價量與滑價；容量受限,未扣成本·事後欄位以 m_ 標示·非投資建議
HO,6,2024-10-08,2024-10-09,2923,鼎固-KY,TWSE,S,S0_atr14@5,2,331,0.079719,,0,0,1,-9.343,-12.409,-5.255,187.5,1.0,floor(1%×vol20),0.0,0.0,541,inf,250.0,official_prepanel,large,116.0,0,可交易（DK_s＝0）,未扣成本（成本參考：2.8 折來回約 0.38%、全額約 0.585%）；交易方法狀態未知（全額交割、變更交易方法、停止信用交易的來源未提供）；容量以 s 日 vol20 估計，未模擬開盤競價量與滑價；容量受限,未扣成本·事後欄位以 m_ 標示·非投資建議
HO,6,2024-10-08,2024-10-09,6823,濾能,TPEx,S,S0_atr14@5,5,331,0.058242,,0,0,1,2.423,-1.786,-4.337,165.1,1.0,floor(1%×vol20),0.0,1.0,541,inf,250.0,official_prepanel,small,568.0,0,可交易（DK_s＝0）,未扣成本（成本參考：2.8 折來回約 0.38%、全額約 0.585%）；交易方法狀態未知（全額交割、變更交易方法、停止信用交易的來源未提供）；容量以 s 日 vol20 估計，未模擬開盤競價量與滑價；容量受限,未扣成本·事後欄位以 m_ 標示·非投資建議
HO,6,2024-10-08,2024-10-09,8080,泰霖,TPEx,S,S0_atr14@5,3,331,0.069311,,0,0,1,0.0,-0.78,12.324,123.5,1.0,floor(1%×vol20),0.0,0.0,541,inf,250.0,official_prepanel,small,24.0,0,可交易（DK_s＝0）,未扣成本（成本參考：2.8 折來回約 0.38%、全額約 0.585%）；交易方法狀態未知（全額交割、變更交易方法、停止信用交易的來源未提供）；容量以 s 日 vol20 估計，未模擬開盤競價量與滑價；容量受限,未扣成本·事後欄位以 m_ 標示·非投資建議
HO,6,2024-10-09,2024-10-11,1225,福懋油,TWSE,S,S0_atr14@5,1,327,0.093236,,0,0,1,-6.55,-13.275,-14.847,221.7,2.0,floor(1%×vol20),0.0,0.0,542,inf,250.0,official_prepanel,large,107.0,0,可交易（DK_s＝0）,未扣成本（成本參考：2.8 折來回約 0.38%、全額約 0.585%）；交易方法狀態未知（全額交割、變更交易方法、停止信用交易的來源未提供）；容量以 s 日 vol20 估計，未模擬開盤競價量與滑價；容量受限,未扣成本·事後欄位以 m_ 標示·非投資建議
HO,6,2024-10-09,2024-10-11,2923,鼎固-KY,TWSE,S,S0_atr14@5,2,327,0.088912,,0,0,1,2.483,0.828,2.98,185.2,1.0,floor(1%×vol20),0.0,0.0,542,inf,250.0,official_prepanel,large,46.0,0,可交易（DK_s＝0）,未扣成本（成本參考：2.8 折來回約 0.38%、全額約 0.585%）；交易方法狀態未知（全額交割、變更交易方法、停止信用交易的來源未提供）；容量以 s 日 vol20 估計，未模擬開盤競價量與滑價；容量受限,未扣成本·事後欄位以 m_ 標示·非投資建議
HO,6,2024-10-09,2024-10-11,3523,迎輝,TPEx,S,S0_atr14@5,4,327,0.061563,,0,0,1,-7.09,-10.634,-6.343,292.2,2.0,floor(1%×vol20),0.0,0.0,542,inf,250.0,official_prepanel,small,264.0,0,可交易（DK_s＝0）,未扣成本（成本參考：2.8 折來回約 0.38%、全額約 0.585%）；交易方法狀態未知（全額交割、變更交易方法、停止信用交易的來源未提供）；容量以 s 日 vol20 估計，未模擬開盤競價量與滑價；容量受限,未扣成本·事後欄位以 m_ 標示·非投資建議
HO,6,2024-10-09,2024-10-11,6649,台生材,TPEx,S,S0_atr14@5,5,327,0.061014,,0,0,1,-2.03,-5.007,-5.007,264.05,2.0,floor(1%×vol20),0.0,0.0,542,inf,250.0,official_prepanel,small,105.0,0,可交易（DK_s＝0）,未扣成本（成本參考：2.8 折來回約 0.38%、全額約 0.585%）；交易方法狀態未知（全額交割、變更交易方法、停止信用交易的來源未提供）；容量以 s 日 vol20 估計，未模擬開盤競價量與滑價；容量受限,未扣成本·事後欄位以 m_ 標示·非投資建議
HO,6,2024-10-09,2024-10-11,8080,泰霖,TPEx,S,S0_atr14@5,3,327,0.067306,,0,0,1,-0.468,1.092,8.268,118.85,1.0,floor(1%×vol20),0.0,0.0,542,inf,250.0,official_prepanel,small,103.0,0,可交易（DK_s＝0）,未扣成本（成本參考：2.8 折來回約 0.38%、全額約 0.585%）；交易方法狀態未知（全額交割、變更交易方法、停止信用交易的來源未提供）；容量以 s 日 vol20 估計，未模擬開盤競價量與滑價；容量受限,未扣成本·事後欄位以 m_ 標示·非投資建議
HO,6,2024-10-11,2024-10-14,1225,福懋油,TWSE,S,S0_atr14@5,2,320,0.091789,,0,0,1,-1.896,-5.213,-7.488,217.75,2.0,floor(1%×vol20),0.0,0.0,543,inf,250.0,official_prepanel,large,145.0,0,可交易（DK_s＝0）,未扣成本（成本參考：2.8 折來回約 0.38%、全額約 0.585%）；交易方法狀態未知（全額交割、變更交易方法、停止信用交易的來源未提供）；容量以 s 日 vol20 估計，未模擬開盤競價量與滑價；容量受限,未扣成本·事後欄位以 m_ 標示·非投資建議
HO,6,2024-10-11,2024-10-14,2923,鼎固-KY,TWSE,S,S0_atr14@5,1,320,0.09243,,0,0,1,0.469,3.912,-4.225,163.0,1.0,floor(1%×vol20),0.0,0.0,543,inf,250.0,official_prepanel,large,45.0,0,可交易（DK_s＝0）,未扣成本（成本參考：2.8 折來回約 0.38%、全額約 0.585%）；交易方法狀態未知（全額交割、變更交易方法、停止信用交易的來源未提供）；容量以 s 日 vol20 估計，未模擬開盤競價量與滑價；容量受限,未扣成本·事後欄位以 m_ 標示·非投資建議
HO,6,2024-10-11,2024-10-14,3523,迎輝,TPEx,S,S0_atr14@5,3,320,0.066552,,0,0,1,-0.201,-2.209,3.012,255.05,2.0,floor(1%×vol20),0.0,0.0,543,inf,250.0,official_prepanel,small,95.0,0,可交易（DK_s＝0）,未扣成本（成本參考：2.8 折來回約 0.38%、全額約 0.585%）；交易方法狀態未知（全額交割、變更交易方法、停止信用交易的來源未提供）；容量以 s 日 vol20 估計，未模擬開盤競價量與滑價；容量受限,未扣成本·事後欄位以 m_ 標示·非投資建議
HO,6,2024-10-11,2024-10-14,5276,達輝-KY,TPEx,S,S0_atr14@5,5,320,0.063868,,0,0,1,-1.374,1.648,4.396,115.2,1.0,floor(1%×vol20),0.0,0.0,543,inf,250.0,official_prepanel,small,64.0,0,可交易（DK_s＝0）,未扣成本（成本參考：2.8 折來回約 0.38%、全額約 0.585%）；交易方法狀態未知（全額交割、變更交易方法、停止信用交易的來源未提供）；容量以 s 日 vol20 估計，未模擬開盤競價量與滑價；容量受限,未扣成本·事後欄位以 m_ 標示·非投資建議
HO,6,2024-10-11,2024-10-14,8080,泰霖,TPEx,S,S0_atr14@5,4,320,0.065159,,0,0,1,-2.591,2.591,7.317,120.2,1.0,floor(1%×vol20),0.0,0.0,543,inf,250.0,official_prepanel,small,57.0,0,可交易（DK_s＝0）,未扣成本（成本參考：2.8 折來回約 0.38%、全額約 0.585%）；交易方法狀態未知（全額交割、變更交易方法、停止信用交易的來源未提供）；容量以 s 日 vol20 估計，未模擬開盤競價量與滑價；容量受限,未扣成本·事後欄位以 m_ 標示·非投資建議
HO,6,2024-10-14,2024-10-15,1225,福懋油,TWSE,S,S0_atr14@5,2,323,0.086957,,0,0,1,0.0,2.899,-9.662,219.85,2.0,floor(1%×vol20),0.0,0.0,544,inf,250.0,official_prepanel,large,180.0,0,可交易（DK_s＝0）,未扣成本（成本參考：2.8 折來回約 0.38%、全額約 0.585%）；交易方法狀態未知（全額交割、變更交易方法、停止信用交易的來源未提供）；容量以 s 日 vol20 估計，未模擬開盤競價量與滑價；容量受限,未扣成本·事後欄位以 m_ 標示·非投資建議
HO,6,2024-10-14,2024-10-15,2923,鼎固-KY,TWSE,S,S0_atr14@5,1,323,0.087116,,0,0,1,0.156,7.477,-1.09,159.1,1.0,floor(1%×vol20),0.0,0.0,544,inf,250.0,official_prepanel,large,101.0,0,可交易（DK_s＝0）,未扣成本（成本參考：2.8 折來回約 0.38%、全額約 0.585%）；交易方法狀態未知（全額交割、變更交易方法、停止信用交易的來源未提供）；容量以 s 日 vol20 估計，未模擬開盤競價量與滑價；容量受限,未扣成本·事後欄位以 m_ 標示·非投資建議
HO,6,2024-10-14,2024-10-15,3523,迎輝,TPEx,S,S0_atr14@5,3,323,0.069704,,0,0,1,-3.036,-0.202,3.441,223.9,2.0,floor(1%×vol20),0.0,0.0,544,inf,250.0,official_prepanel,small,54.0,0,可交易（DK_s＝0）,未扣成本（成本參考：2.8 折來回約 0.38%、全額約 0.585%）；交易方法狀態未知（全額交割、變更交易方法、停止信用交易的來源未提供）；容量以 s 日 vol20 估計，未模擬開盤競價量與滑價；容量受限,未扣成本·事後欄位以 m_ 標示·非投資建議
HO,6,2024-10-14,2024-10-15,6649,台生材,TPEx,S,S0_atr14@5,5,323,0.067028,,0,0,1,0.865,1.441,1.585,267.85,2.0,floor(1%×vol20),0.0,0.0,544,inf,250.0,official_prepanel,small,96.0,0,可交易（DK_s＝0）,未扣成本（成本參考：2.8 折來回約 0.38%、全額約 0.585%）；交易方法狀態未知（全額交割、變更交易方法、停止信用交易的來源未提供）；容量以 s 日 vol20 估計，未模擬開盤競價量與滑價；容量受限,未扣成本·事後欄位以 m_ 標示·非投資建議
HO,6,2024-10-14,2024-10-15,6855,數泓科,TPEx,S,S0_atr14@5,4,323,0.067797,,0,0,1,0.0,0.671,-0.336,114.3,1.0,floor(1%×vol20),0.0,0.0,487,487.0,250.0,official,small,7.0,0,可交易（DK_s＝0）,未扣成本（成本參考：2.8 折來回約 0.38%、全額約 0.585%）；交易方法狀態未知（全額交割、變更交易方法、停止信用交易的來源未提供）；容量以 s 日 vol20 估計，未模擬開盤競價量與滑價；容量受限,未扣成本·事後欄位以 m_ 標示·非投資建議
HO,6,2024-10-15,2024-10-16,1225,福懋油,TWSE,S,S0_atr14@5,2,323,0.08109,,0,0,1,-5.922,-1.456,-12.039,216.5,2.0,floor(1%×vol20),0.0,0.0,545,inf,250.0,official_prepanel,large,259.0,0,可交易（DK_s＝0）,未扣成本（成本參考：2.8 折來回約 0.38%、全額約 0.585%）；交易方法狀態未知（全額交割、變更交易方法、停止信用交易的來源未提供）；容量以 s 日 vol20 估計，未模擬開盤競價量與滑價；容量受限,未扣成本·事後欄位以 m_ 標示·非投資建議
HO,6,2024-10-15,2024-10-16,2923,鼎固-KY,TWSE,S,S0_atr14@5,1,323,0.08287,,0,0,1,-3.382,5.314,-4.026,161.55,1.0,floor(1%×vol20),0.0,0.0,545,inf,250.0,official_prepanel,large,319.0,0,可交易（DK_s＝0）,未扣成本（成本參考：2.8 折來回約 0.38%、全額約 0.585%）；交易方法狀態未知（全額交割、變更交易方法、停止信用交易的來源未提供）；容量以 s 日 vol20 估計，未模擬開盤競價量與滑價；容量受限,未扣成本·事後欄位以 m_ 標示·非投資建議
HO,6,2024-10-15,2024-10-16,3523,迎輝,TPEx,S,S0_atr14@5,4,323,0.071279,,0,0,1,2.548,3.822,4.671,199.25,1.0,floor(1%×vol20),0.0,0.0,545,inf,250.0,official_prepanel,small,22.0,0,可交易（DK_s＝0）,未扣成本（成本參考：2.8 折來回約 0.38%、全額約 0.585%）；交易方法狀態未知（全額交割、變更交易方法、停止信用交易的來源未提供）；容量以 s 日 vol20 估計，未模擬開盤競價量與滑價；容量受限,未扣成本·事後欄位以 m_ 標示·非投資建議
HO,6,2024-10-15,2024-10-16,6593,台灣銘板,TPEx,S,S0_atr14@5,3,323,0.076177,,0,0,1,-1.353,10.149,16.644,286.15,2.0,floor(1%×vol20),0.0,0.0,545,inf,250.0,official_prepanel,small,59.0,0,可交易（DK_s＝0）,未扣成本（成本參考：2.8 折來回約 0.38%、全額約 0.585%）；交易方法狀態未知（全額交割、變更交易方法、停止信用交易的來源未提供）；容量以 s 日 vol20 估計，未模擬開盤競價量與滑價；容量受限,未扣成本·事後欄位以 m_ 標示·非投資建議
HO,6,2024-10-15,2024-10-16,6855,數泓科,TPEx,S,S0_atr14@5,5,323,0.066635,,0,0,1,3.378,1.351,-3.378,113.1,1.0,floor(1%×vol20),0.0,0.0,488,488.0,250.0,official,small,25.0,0,可交易（DK_s＝0）,未扣成本（成本參考：2.8 折來回約 0.38%、全額約 0.585%）；交易方法狀態未知（全額交割、變更交易方法、停止信用交易的來源未提供）；容量以 s 日 vol20 估計，未模擬開盤競價量與滑價；容量受限,未扣成本·事後欄位以 m_ 標示·非投資建議
HO,6,2024-10-16,2024-10-17,1225,福懋油,TWSE,S,S0_atr14@5,2,316,0.089341,,0,0,1,2.477,3.199,-7.224,222.1,2.0,floor(1%×vol20),0.0,0.0,546,inf,250.0,official_prepanel,large,101.0,0,可交易（DK_s＝0）,未扣成本（成本參考：2.8 折來回約 0.38%、全額約 0.585%）；交易方法狀態未知（全額交割、變更交易方法、停止信用交易的來源未提供）；容量以 s 日 vol20 估計，未模擬開盤競價量與滑價；容量受限,未扣成本·事後欄位以 m_ 標示·非投資建議
HO,6,2024-10-16,2024-10-17,2923,鼎固-KY,TWSE,S,S0_atr14@5,1,316,0.090595,,0,0,1,4.103,10.94,1.538,171.3,1.0,floor(1%×vol20),0.0,0.0,546,inf,250.0,official_prepanel,large,148.0,0,可交易（DK_s＝0）,未扣成本（成本參考：2.8 折來回約 0.38%、全額約 0.585%）；交易方法狀態未知（全額交割、變更交易方法、停止信用交易的來源未提供）；容量以 s 日 vol20 估計，未模擬開盤競價量與滑價；容量受限,未扣成本·事後欄位以 m_ 標示·非投資建議
HO,6,2024-10-16,2024-10-17,3523,迎輝,TPEx,S,S0_atr14@5,4,316,0.062703,,0,0,1,1.915,14.255,7.872,173.1,1.0,floor(1%×vol20),0.0,0.0,546,inf,250.0,official_prepanel,small,21.0,0,可交易（DK_s＝0）,未扣成本（成本參考：2.8 折來回約 0.38%、全額約 0.585%）；交易方法狀態未知（全額交割、變更交易方法、停止信用交易的來源未提供）；容量以 s 日 vol20 估計，未模擬開盤競價量與滑價；容量受限,未扣成本·事後欄位以 m_ 標示·非投資建議
HO,6,2024-10-16,2024-10-17,6593,台灣銘板,TPEx,S,S0_atr14@5,3,316,0.070351,,0,0,1,5.753,9.041,20.548,285.1,2.0,floor(1%×vol20),0.0,0.0,546,inf,250.0,official_prepanel,small,329.0,0,可交易（DK_s＝0）,未扣成本（成本參考：2.8 折來回約 0.38%、全額約 0.585%）；交易方法狀態未知（全額交割、變更交易方法、停止信用交易的來源未提供）；容量以 s 日 vol20 估計，未模擬開盤競價量與滑價；容量受限,未扣成本·事後欄位以 m_ 標示·非投資建議
HO,6,2024-10-16,2024-10-17,6855,數泓科,TPEx,S,S0_atr14@5,5,316,0.061858,,0,0,1,2.288,-2.941,-6.536,113.1,1.0,floor(1%×vol20),0.0,0.0,489,489.0,250.0,official,small,55.0,0,可交易（DK_s＝0）,未扣成本（成本參考：2.8 折來回約 0.38%、全額約 0.585%）；交易方法狀態未知（全額交割、變更交易方法、停止信用交易的來源未提供）；容量以 s 日 vol20 估計，未模擬開盤競價量與滑價；容量受限,未扣成本·事後欄位以 m_ 標示·非投資建議
HO,6,2024-10-17,2024-10-18,1225,福懋油,TWSE,S,S0_atr14@5,2,313,0.084448,,0,0,1,0.604,-1.911,-11.368,223.85,2.0,floor(1%×vol20),0.0,0.0,547,inf,250.0,official_prepanel,large,220.0,0,可交易（DK_s＝0）,未扣成本（成本參考：2.8 折來回約 0.38%、全額約 0.585%）；交易方法狀態未知（全額交割、變更交易方法、停止信用交易的來源未提供）；容量以 s 日 vol20 估計，未模擬開盤競價量與滑價；容量受限,未扣成本·事後欄位以 m_ 標示·非投資建議
HO,6,2024-10-17,2024-10-18,2923,鼎固-KY,TWSE,S,S0_atr14@5,1,313,0.090195,,0,0,1,9.571,2.64,2.805,175.85,1.0,floor(1%×vol20),0.0,0.0,547,inf,250.0,official_prepanel,large,297.0,0,可交易（DK_s＝0）,未扣成本（成本參考：2.8 折來回約 0.38%、全額約 0.585%）；交易方法狀態未知（全額交割、變更交易方法、停止信用交易的來源未提供）；容量以 s 日 vol20 估計，未模擬開盤競價量與滑價；容量受限,未扣成本·事後欄位以 m_ 標示·非投資建議
HO,6,2024-10-17,2024-10-18,3523,迎輝,TPEx,S,S0_atr14@5,5,313,0.061736,,0,0,1,1.67,4.802,6.054,157.3,1.0,floor(1%×vol20),0.0,0.0,547,inf,250.0,official_prepanel,small,35.0,0,可交易（DK_s＝0）,未扣成本（成本參考：2.8 折來回約 0.38%、全額約 0.585%）；交易方法狀態未知（全額交割、變更交易方法、停止信用交易的來源未提供）；容量以 s 日 vol20 估計，未模擬開盤競價量與滑價；容量受限,未扣成本·事後欄位以 m_ 標示·非投資建議
HO,6,2024-10-17,2024-10-18,6593,台灣銘板,TPEx,S,S0_atr14@5,3,313,0.0656,,0,0,1,-4.14,5.951,16.947,298.95,2.0,floor(1%×vol20),0.0,0.0,547,inf,250.0,official_prepanel,small,116.0,0,可交易（DK_s＝0）,未扣成本（成本參考：2.8 折來回約 0.38%、全額約 0.585%）；交易方法狀態未知（全額交割、變更交易方法、停止信用交易的來源未提供）；容量以 s 日 vol20 估計，未模擬開盤競價量與滑價；容量受限,未扣成本·事後欄位以 m_ 標示·非投資建議
HO,6,2024-10-17,2024-10-18,6823,濾能,TPEx,S,S0_atr14@5,4,313,0.062341,,0,0,1,-3.004,-10.263,-8.636,220.9,2.0,floor(1%×vol20),0.0,1.0,547,inf,250.0,official_prepanel,small,74.0,0,可交易（DK_s＝0）,未扣成本（成本參考：2.8 折來回約 0.38%、全額約 0.585%）；交易方法狀態未知（全額交割、變更交易方法、停止信用交易的來源未提供）；容量以 s 日 vol20 估計，未模擬開盤競價量與滑價；容量受限,未扣成本·事後欄位以 m_ 標示·非投資建議
HO,6,2024-10-18,2024-10-21,1225,福懋油,TWSE,S,S0_atr14@5,1,312,0.083643,,0,0,1,-0.467,-8.785,-16.168,232.75,2.0,floor(1%×vol20),0.0,0.0,548,inf,250.0,official_prepanel,large,538.0,0,可交易（DK_s＝0）,未扣成本（成本參考：2.8 折來回約 0.38%、全額約 0.585%）；交易方法狀態未知（全額交割、變更交易方法、停止信用交易的來源未提供）；容量以 s 日 vol20 估計，未模擬開盤競價量與滑價；容量受限,未扣成本·事後欄位以 m_ 標示·非投資建議
HO,6,2024-10-18,2024-10-21,1256,鮮活果汁-KY,TWSE,S,S0_atr14@5,3,312,0.068852,,0,0,1,2.597,-1.623,-8.117,134.95,1.0,floor(1%×vol20),0.0,0.0,548,inf,250.0,official_prepanel,small,82.0,0,可交易（DK_s＝0）,未扣成本（成本參考：2.8 折來回約 0.38%、全額約 0.585%）；交易方法狀態未知（全額交割、變更交易方法、停止信用交易的來源未提供）；容量以 s 日 vol20 估計，未模擬開盤競價量與滑價；容量受限,未扣成本·事後欄位以 m_ 標示·非投資建議
HO,6,2024-10-18,2024-10-21,2923,鼎固-KY,TWSE,S,S0_atr14@5,2,312,0.083584,,0,0,1,-1.429,-12.571,-14.857,185.25,1.0,floor(1%×vol20),0.0,0.0,548,inf,250.0,official_prepanel,large,143.0,0,可交易（DK_s＝0）,未扣成本（成本參考：2.8 折來回約 0.38%、全額約 0.585%）；交易方法狀態未知（全額交割、變更交易方法、停止信用交易的來源未提供）；容量以 s 日 vol20 估計，未模擬開盤競價量與滑價；容量受限,未扣成本·事後欄位以 m_ 標示·非投資建議
HO,6,2024-10-18,2024-10-21,6823,濾能,TPEx,S,S0_atr14@5,4,312,0.063594,,0,0,1,-1.274,-7.006,-9.809,222.6,2.0,floor(1%×vol20),0.0,0.0,548,inf,250.0,official_prepanel,small,83.0,0,可交易（DK_s＝0）,未扣成本（成本參考：2.8 折來回約 0.38%、全額約 0.585%）；交易方法狀態未知（全額交割、變更交易方法、停止信用交易的來源未提供）；容量以 s 日 vol20 估計，未模擬開盤競價量與滑價；容量受限,未扣成本·事後欄位以 m_ 標示·非投資建議
HO,6,2024-10-18,2024-10-21,6855,數泓科,TPEx,S,S0_atr14@5,5,312,0.060201,,0,0,1,2.041,3.061,-5.782,116.8,1.0,floor(1%×vol20),0.0,0.0,491,491.0,250.0,official,small,12.0,0,可交易（DK_s＝0）,未扣成本（成本參考：2.8 折來回約 0.38%、全額約 0.585%）；交易方法狀態未知（全額交割、變更交易方法、停止信用交易的來源未提供）；容量以 s 日 vol20 估計，未模擬開盤競價量與滑價；容量受限,未扣成本·事後欄位以 m_ 標示·非投資建議
HO,6,2024-10-21,2024-10-22,1225,福懋油,TWSE,S,S0_atr14@5,2,313,0.075855,,0,0,1,-5.14,-12.617,-17.477,167.05,1.0,floor(1%×vol20),0.0,0.0,549,inf,250.0,official_prepanel,large,630.0,0,可交易（DK_s＝0）,未扣成本（成本參考：2.8 折來回約 0.38%、全額約 0.585%）；交易方法狀態未知（全額交割、變更交易方法、停止信用交易的來源未提供）；容量以 s 日 vol20 估計，未模擬開盤競價量與滑價；容量受限,未扣成本·事後欄位以 m_ 標示·非投資建議
HO,6,2024-10-21,2024-10-22,1256,鮮活果汁-KY,TWSE,S,S0_atr14@5,3,313,0.068038,,0,0,1,-1.911,-4.459,-11.783,136.1,1.0,floor(1%×vol20),0.0,0.0,549,inf,250.0,official_prepanel,small,30.0,0,可交易（DK_s＝0）,未扣成本（成本參考：2.8 折來回約 0.38%、全額約 0.585%）；交易方法狀態未知（全額交割、變更交易方法、停止信用交易的來源未提供）；容量以 s 日 vol20 估計，未模擬開盤競價量與滑價；容量受限,未扣成本·事後欄位以 m_ 標示·非投資建議
HO,6,2024-10-21,2024-10-22,2923,鼎固-KY,TWSE,S,S0_atr14@5,1,313,0.081159,,0,0,1,-6.034,-8.764,-13.506,183.25,1.0,floor(1%×vol20),0.0,0.0,549,inf,250.0,official_prepanel,large,31.0,0,可交易（DK_s＝0）,未扣成本（成本參考：2.8 折來回約 0.38%、全額約 0.585%）；交易方法狀態未知（全額交割、變更交易方法、停止信用交易的來源未提供）；容量以 s 日 vol20 估計，未模擬開盤競價量與滑價；容量受限,未扣成本·事後欄位以 m_ 標示·非投資建議
HO,6,2024-10-21,2024-10-22,3523,迎輝,TPEx,S,S0_atr14@5,4,313,0.059983,,0,0,1,0.205,4.713,-0.41,142.7,1.0,floor(1%×vol20),0.0,0.0,549,inf,250.0,official_prepanel,small,48.0,0,可交易（DK_s＝0）,未扣成本（成本參考：2.8 折來回約 0.38%、全額約 0.585%）；交易方法狀態未知（全額交割、變更交易方法、停止信用交易的來源未提供）；容量以 s 日 vol20 估計，未模擬開盤競價量與滑價；容量受限,未扣成本·事後欄位以 m_ 標示·非投資建議
HO,6,2024-10-21,2024-10-22,6823,濾能,TPEx,S,S0_atr14@5,5,313,0.059816,,0,0,1,-1.169,-6.364,-9.481,222.6,2.0,floor(1%×vol20),0.0,0.0,549,inf,250.0,official_prepanel,small,41.0,0,可交易（DK_s＝0）,未扣成本（成本參考：2.8 折來回約 0.38%、全額約 0.585%）；交易方法狀態未知（全額交割、變更交易方法、停止信用交易的來源未提供）；容量以 s 日 vol20 估計，未模擬開盤競價量與滑價；容量受限,未扣成本·事後欄位以 m_ 標示·非投資建議
HO,6,2024-10-22,2024-10-23,1225,福懋油,TWSE,S,S0_atr14@5,2,321,0.080296,,0,0,1,-1.478,-10.739,-13.005,184.5,1.0,floor(1%×vol20),0.0,0.0,550,inf,250.0,official_prepanel,large,77.0,0,可交易（DK_s＝0）,未扣成本（成本參考：2.8 折來回約 0.38%、全額約 0.585%）；交易方法狀態未知（全額交割、變更交易方法、停止信用交易的來源未提供）；容量以 s 日 vol20 估計，未模擬開盤競價量與滑價；容量受限,未扣成本·事後欄位以 m_ 標示·非投資建議
HO,6,2024-10-22,2024-10-23,1256,鮮活果汁-KY,TWSE,S,S0_atr14@5,3,321,0.065863,,0,0,1,1.613,-5.484,-6.774,136.35,1.0,floor(1%×vol20),0.0,0.0,550,inf,250.0,official_prepanel,small,29.0,0,可交易（DK_s＝0）,未扣成本（成本參考：2.8 折來回約 0.38%、全額約 0.585%）；交易方法狀態未知（全額交割、變更交易方法、停止信用交易的來源未提供）；容量以 s 日 vol20 估計，未模擬開盤競價量與滑價；容量受限,未扣成本·事後欄位以 m_ 標示·非投資建議
HO,6,2024-10-22,2024-10-23,2923,鼎固-KY,TWSE,S,S0_atr14@5,1,321,0.087811,,0,0,1,-0.46,-8.589,-8.436,175.4,1.0,floor(1%×vol20),0.0,0.0,550,inf,250.0,official_prepanel,large,95.0,0,可交易（DK_s＝0）,未扣成本（成本參考：2.8 折來回約 0.38%、全額約 0.585%）；交易方法狀態未知（全額交割、變更交易方法、停止信用交易的來源未提供）；容量以 s 日 vol20 估計，未模擬開盤競價量與滑價；容量受限,未扣成本·事後欄位以 m_ 標示·非投資建議
HO,6,2024-10-22,2024-10-23,5314,世紀*,TPEx,S,S0_atr14@5,4,321,0.063006,,0,0,1,-1.121,-7.623,11.883,277.65,2.0,floor(1%×vol20),0.0,0.0,550,inf,250.0,official_prepanel,small,181.0,0,可交易（DK_s＝0）,未扣成本（成本參考：2.8 折來回約 0.38%、全額約 0.585%）；交易方法狀態未知（全額交割、變更交易方法、停止信用交易的來源未提供）；容量以 s 日 vol20 估計，未模擬開盤競價量與滑價；容量受限,未扣成本·事後欄位以 m_ 標示·非投資建議
HO,6,2024-10-22,2024-10-23,6144,得利影,TPEx,S,S0_atr14@5,5,321,0.062343,,0,0,1,-2.778,-36.111,-62.13,213.7,2.0,floor(1%×vol20),0.0,0.0,550,inf,250.0,official_prepanel,small,102.0,0,可交易（DK_s＝0）,未扣成本（成本參考：2.8 折來回約 0.38%、全額約 0.585%）；交易方法狀態未知（全額交割、變更交易方法、停止信用交易的來源未提供）；容量以 s 日 vol20 估計，未模擬開盤競價量與滑價；容量受限,未扣成本·事後欄位以 m_ 標示·非投資建議
HO,6,2024-10-23,2024-10-24,1225,福懋油,TWSE,S,S0_atr14@5,2,320,0.078357,,0,0,1,-2.985,-10.547,-11.045,175.5,1.0,floor(1%×vol20),0.0,0.0,551,inf,250.0,official_prepanel,large,216.0,0,可交易（DK_s＝0）,未扣成本（成本參考：2.8 折來回約 0.38%、全額約 0.585%）；交易方法狀態未知（全額交割、變更交易方法、停止信用交易的來源未提供）；容量以 s 日 vol20 估計，未模擬開盤競價量與滑價；容量受限,未扣成本·事後欄位以 m_ 標示·非投資建議
HO,6,2024-10-23,2024-10-24,1256,鮮活果汁-KY,TWSE,S,S0_atr14@5,5,320,0.059637,,0,0,1,-3.774,-11.321,-9.748,137.0,1.0,floor(1%×vol20),0.0,0.0,551,inf,250.0,official_prepanel,small,51.0,0,可交易（DK_s＝0）,未扣成本（成本參考：2.8 折來回約 0.38%、全額約 0.585%）；交易方法狀態未知（全額交割、變更交易方法、停止信用交易的來源未提供）；容量以 s 日 vol20 估計，未模擬開盤競價量與滑價；容量受限,未扣成本·事後欄位以 m_ 標示·非投資建議
HO,6,2024-10-23,2024-10-24,2923,鼎固-KY,TWSE,S,S0_atr14@5,1,320,0.086287,,0,0,1,-1.27,-5.714,-2.857,161.75,1.0,floor(1%×vol20),0.0,0.0,551,inf,250.0,official_prepanel,large,156.0,0,可交易（DK_s＝0）,未扣成本（成本參考：2.8 折來回約 0.38%、全額約 0.585%）；交易方法狀態未知（全額交割、變更交易方法、停止信用交易的來源未提供）；容量以 s 日 vol20 估計，未模擬開盤競價量與滑價；容量受限,未扣成本·事後欄位以 m_ 標示·非投資建議
HO,6,2024-10-23,2024-10-24,5314,世紀*,TPEx,S,S0_atr14@5,4,320,0.063978,,0,0,1,-4.308,2.721,15.646,276.85,2.0,floor(1%×vol20),0.0,0.0,551,inf,250.0,official_prepanel,small,243.0,0,可交易（DK_s＝0）,未扣成本（成本參考：2.8 折來回約 0.38%、全額約 0.585%）；交易方法狀態未知（全額交割、變更交易方法、停止信用交易的來源未提供）；容量以 s 日 vol20 估計，未模擬開盤競價量與滑價；容量受限,未扣成本·事後欄位以 m_ 標示·非投資建議
HO,6,2024-10-23,2024-10-24,6144,得利影,TPEx,S,S0_atr14@5,3,320,0.070068,,0,0,1,-8.696,-40.0,-56.57,216.1,2.0,floor(1%×vol20),0.0,0.0,551,inf,250.0,official_prepanel,small,194.0,0,可交易（DK_s＝0）,未扣成本（成本參考：2.8 折來回約 0.38%、全額約 0.585%）；交易方法狀態未知（全額交割、變更交易方法、停止信用交易的來源未提供）；容量以 s 日 vol20 估計，未模擬開盤競價量與滑價；容量受限,未扣成本·事後欄位以 m_ 標示·非投資建議
HO,6,2024-10-24,2024-10-25,1225,福懋油,TWSE,S,S0_atr14@5,3,324,0.07685,,0,0,1,0.103,-9.641,-11.795,181.55,1.0,floor(1%×vol20),0.0,0.0,552,inf,250.0,official_prepanel,large,22.0,0,可交易（DK_s＝0）,未扣成本（成本參考：2.8 折來回約 0.38%、全額約 0.585%）；交易方法狀態未知（全額交割、變更交易方法、停止信用交易的來源未提供）；容量以 s 日 vol20 估計，未模擬開盤競價量與滑價；容量受限,未扣成本·事後欄位以 m_ 標示·非投資建議
HO,6,2024-10-24,2024-10-25,2923,鼎固-KY,TWSE,S,S0_atr14@5,1,324,0.086932,,0,0,1,0.493,2.299,-0.657,162.6,1.0,floor(1%×vol20),0.0,0.0,552,inf,250.0,official_prepanel,large,80.0,0,可交易（DK_s＝0）,未扣成本（成本參考：2.8 折來回約 0.38%、全額約 0.585%）；交易方法狀態未知（全額交割、變更交易方法、停止信用交易的來源未提供）；容量以 s 日 vol20 估計，未模擬開盤競價量與滑價；容量受限,未扣成本·事後欄位以 m_ 標示·非投資建議
HO,6,2024-10-24,2024-10-25,3523,迎輝,TPEx,S,S0_atr14@5,5,324,0.061184,,0,0,1,2.191,1.195,-2.39,141.5,1.0,floor(1%×vol20),0.0,0.0,552,inf,250.0,official_prepanel,small,84.0,0,可交易（DK_s＝0）,未扣成本（成本參考：2.8 折來回約 0.38%、全額約 0.585%）；交易方法狀態未知（全額交割、變更交易方法、停止信用交易的來源未提供）；容量以 s 日 vol20 估計，未模擬開盤競價量與滑價；容量受限,未扣成本·事後欄位以 m_ 標示·非投資建議
HO,6,2024-10-24,2024-10-25,5314,世紀*,TPEx,S,S0_atr14@5,4,324,0.070413,,0,0,1,-2.326,15.814,24.186,270.5,2.0,floor(1%×vol20),0.0,0.0,552,inf,250.0,official_prepanel,small,55.0,0,可交易（DK_s＝0）,未扣成本（成本參考：2.8 折來回約 0.38%、全額約 0.585%）；交易方法狀態未知（全額交割、變更交易方法、停止信用交易的來源未提供）；容量以 s 日 vol20 估計，未模擬開盤競價量與滑價；容量受限,未扣成本·事後欄位以 m_ 標示·非投資建議
HO,6,2024-10-24,2024-10-25,6144,得利影,TPEx,S,S0_atr14@5,2,324,0.083522,,0,0,1,0.0,-34.313,-41.951,177.65,1.0,floor(1%×vol20),0.0,0.0,552,inf,250.0,official_prepanel,small,29.0,0,可交易（DK_s＝0）,未扣成本（成本參考：2.8 折來回約 0.38%、全額約 0.585%）；交易方法狀態未知（全額交割、變更交易方法、停止信用交易的來源未提供）；容量以 s 日 vol20 估計，未模擬開盤競價量與滑價；容量受限,未扣成本·事後欄位以 m_ 標示·非投資建議
HO,6,2024-10-25,2024-10-28,1225,福懋油,TWSE,S,S0_atr14@5,3,316,0.071282,,0,0,1,-4.201,-8.094,-13.832,178.15,1.0,floor(1%×vol20),0.0,0.0,553,inf,250.0,official_prepanel,large,250.0,0,可交易（DK_s＝0）,未扣成本（成本參考：2.8 折來回約 0.38%、全額約 0.585%）；交易方法狀態未知（全額交割、變更交易方法、停止信用交易的來源未提供）；容量以 s 日 vol20 估計，未模擬開盤競價量與滑價；容量受限,未扣成本·事後欄位以 m_ 標示·非投資建議
HO,6,2024-10-25,2024-10-28,2923,鼎固-KY,TWSE,S,S0_atr14@5,2,316,0.0831,,0,0,1,2.09,-4.18,-0.804,164.15,1.0,floor(1%×vol20),0.0,0.0,553,inf,250.0,official_prepanel,large,73.0,0,可交易（DK_s＝0）,未扣成本（成本參考：2.8 折來回約 0.38%、全額約 0.585%）；交易方法狀態未知（全額交割、變更交易方法、停止信用交易的來源未提供）；容量以 s 日 vol20 估計，未模擬開盤競價量與滑價；容量受限,未扣成本·事後欄位以 m_ 標示·非投資建議
HO,6,2024-10-25,2024-10-28,3523,迎輝,TPEx,S,S0_atr14@5,5,316,0.058062,,0,0,1,2.61,0.201,-4.418,134.55,1.0,floor(1%×vol20),0.0,0.0,553,inf,250.0,official_prepanel,small,199.0,0,可交易（DK_s＝0）,未扣成本（成本參考：2.8 折來回約 0.38%、全額約 0.585%）；交易方法狀態未知（全額交割、變更交易方法、停止信用交易的來源未提供）；容量以 s 日 vol20 估計，未模擬開盤競價量與滑價；容量受限,未扣成本·事後欄位以 m_ 標示·非投資建議
HO,6,2024-10-25,2024-10-28,5314,世紀*,TPEx,S,S0_atr14@5,4,316,0.066667,,0,0,1,-2.625,18.138,40.095,264.75,2.0,floor(1%×vol20),0.0,0.0,553,inf,250.0,official_prepanel,small,114.0,0,可交易（DK_s＝0）,未扣成本（成本參考：2.8 折來回約 0.38%、全額約 0.585%）；交易方法狀態未知（全額交割、變更交易方法、停止信用交易的來源未提供）；容量以 s 日 vol20 估計，未模擬開盤競價量與滑價；容量受限,未扣成本·事後欄位以 m_ 標示·非投資建議
HO,6,2024-10-25,2024-10-28,6144,得利影,TPEx,S,S0_atr14@5,1,316,0.096861,,0,0,1,0.0,-34.204,-36.292,168.0,1.0,floor(1%×vol20),0.0,0.0,553,inf,250.0,official_prepanel,small,43.0,0,可交易（DK_s＝0）,未扣成本（成本參考：2.8 折來回約 0.38%、全額約 0.585%）；交易方法狀態未知（全額交割、變更交易方法、停止信用交易的來源未提供）；容量以 s 日 vol20 估計，未模擬開盤競價量與滑價；容量受限,未扣成本·事後欄位以 m_ 標示·非投資建議
HO,6,2024-10-28,2024-10-29,1225,福懋油,TWSE,S,S0_atr14@5,4,318,0.066692,,0,0,1,-3.102,-5.561,-12.299,185.85,1.0,floor(1%×vol20),0.0,0.0,554,inf,250.0,official_prepanel,large,136.0,0,可交易（DK_s＝0）,未扣成本（成本參考：2.8 折來回約 0.38%、全額約 0.585%）；交易方法狀態未知（全額交割、變更交易方法、停止信用交易的來源未提供）；容量以 s 日 vol20 估計，未模擬開盤競價量與滑價；容量受限,未扣成本·事後欄位以 m_ 標示·非投資建議
HO,6,2024-10-28,2024-10-29,2923,鼎固-KY,TWSE,S,S0_atr14@5,2,318,0.076828,,0,0,1,-7.453,-6.522,-7.919,152.6,1.0,floor(1%×vol20),0.0,0.0,554,inf,250.0,official_prepanel,large,222.0,0,可交易（DK_s＝0）,未扣成本（成本參考：2.8 折來回約 0.38%、全額約 0.585%）；交易方法狀態未知（全額交割、變更交易方法、停止信用交易的來源未提供）；容量以 s 日 vol20 估計，未模擬開盤競價量與滑價；容量受限,未扣成本·事後欄位以 m_ 標示·非投資建議
HO,6,2024-10-28,2024-10-29,5314,世紀*,TPEx,S,S0_atr14@5,3,318,0.068627,,0,0,1,0.98,20.343,32.353,263.35,2.0,floor(1%×vol20),0.0,0.0,554,inf,250.0,official_prepanel,small,56.0,0,可交易（DK_s＝0）,未扣成本（成本參考：2.8 折來回約 0.38%、全額約 0.585%）；交易方法狀態未知（全額交割、變更交易方法、停止信用交易的來源未提供）；容量以 s 日 vol20 估計，未模擬開盤競價量與滑價；容量受限,未扣成本·事後欄位以 m_ 標示·非投資建議
HO,6,2024-10-28,2024-10-29,6144,得利影,TPEx,S,S0_atr14@5,1,318,0.110873,,0,0,1,0.0,-34.203,-36.304,165.3,1.0,floor(1%×vol20),0.0,1.0,554,inf,250.0,official_prepanel,small,16.0,0,可交易（DK_s＝0）,未扣成本（成本參考：2.8 折來回約 0.38%、全額約 0.585%）；交易方法狀態未知（全額交割、變更交易方法、停止信用交易的來源未提供）；容量以 s 日 vol20 估計，未模擬開盤競價量與滑價；容量受限,未扣成本·事後欄位以 m_ 標示·非投資建議
HO,6,2024-10-28,2024-10-29,6291,沛亨,TPEx,S,S0_atr14@5,5,318,0.057143,,0,0,1,-0.948,-2.37,-13.744,138.7,1.0,floor(1%×vol20),0.0,0.0,554,inf,250.0,official_prepanel,small,61.0,0,可交易（DK_s＝0）,未扣成本（成本參考：2.8 折來回約 0.38%、全額約 0.585%）；交易方法狀態未知（全額交割、變更交易方法、停止信用交易的來源未提供）；容量以 s 日 vol20 估計，未模擬開盤競價量與滑價；容量受限,未扣成本·事後欄位以 m_ 標示·非投資建議
HO,6,2024-10-29,2024-10-30,1225,福懋油,TWSE,S,S0_atr14@5,4,335,0.06252,,0,0,1,-0.663,-2.431,-14.033,185.25,1.0,floor(1%×vol20),0.0,0.0,555,inf,250.0,official_prepanel,mid,72.0,0,可交易（DK_s＝0）,未扣成本（成本參考：2.8 折來回約 0.38%、全額約 0.585%）；交易方法狀態未知（全額交割、變更交易方法、停止信用交易的來源未提供）；容量以 s 日 vol20 估計，未模擬開盤競價量與滑價；容量受限,未扣成本·事後欄位以 m_ 標示·非投資建議
HO,6,2024-10-29,2024-10-30,2923,鼎固-KY,TWSE,S,S0_atr14@5,2,335,0.081256,,0,0,1,-2.782,-2.291,-6.547,146.5,1.0,floor(1%×vol20),0.0,0.0,555,inf,250.0,official_prepanel,large,54.0,0,可交易（DK_s＝0）,未扣成本（成本參考：2.8 折來回約 0.38%、全額約 0.585%）；交易方法狀態未知（全額交割、變更交易方法、停止信用交易的來源未提供）；容量以 s 日 vol20 估計，未模擬開盤競價量與滑價；容量受限,未扣成本·事後欄位以 m_ 標示·非投資建議
HO,6,2024-10-29,2024-10-30,4402,郡都開發,TPEx,S,S0_atr14@5,5,335,0.061056,,0,0,1,-2.574,-7.904,-11.581,279.05,2.0,floor(1%×vol20),0.0,0.0,555,inf,250.0,official_prepanel,small,236.0,0,可交易（DK_s＝0）,未扣成本（成本參考：2.8 折來回約 0.38%、全額約 0.585%）；交易方法狀態未知（全額交割、變更交易方法、停止信用交易的來源未提供）；容量以 s 日 vol20 估計，未模擬開盤競價量與滑價；容量受限,未扣成本·事後欄位以 m_ 標示·非投資建議
HO,6,2024-10-29,2024-10-30,5314,世紀*,TPEx,S,S0_atr14@5,3,335,0.0638,,1,0,1,10.488,21.707,33.171,259.85,2.0,floor(1%×vol20),0.0,0.0,555,inf,250.0,official_prepanel,small,445.0,0,可交易（DK_s＝0）,未扣成本（成本參考：2.8 折來回約 0.38%、全額約 0.585%）；交易方法狀態未知（全額交割、變更交易方法、停止信用交易的來源未提供）；容量以 s 日 vol20 估計，未模擬開盤競價量與滑價；容量受限,未扣成本·事後欄位以 m_ 標示·非投資建議
HO,6,2024-10-29,2024-10-30,6144,得利影,TPEx,S,S0_atr14@5,1,335,0.126812,,0,0,1,0.0,-34.138,-36.232,158.5,1.0,floor(1%×vol20),0.0,2.0,555,inf,250.0,official_prepanel,small,5.0,1,可交易（DK_s＝0）,未扣成本（成本參考：2.8 折來回約 0.38%、全額約 0.585%）；交易方法狀態未知（全額交割、變更交易方法、停止信用交易的來源未提供）；容量以 s 日 vol20 估計，未模擬開盤競價量與滑價；容量受限,未扣成本·事後欄位以 m_ 標示·非投資建議
HO,6,2024-10-30,2024-11-01,1225,福懋油,TWSE,S,S0_atr14@5,5,333,0.05959,,0,0,1,2.921,4.439,-14.836,181.4,1.0,floor(1%×vol20),0.0,0.0,556,inf,250.0,official_prepanel,mid,109.0,0,可交易（DK_s＝0）,未扣成本（成本參考：2.8 折來回約 0.38%、全額約 0.585%）；交易方法狀態未知（全額交割、變更交易方法、停止信用交易的來源未提供）；容量以 s 日 vol20 估計，未模擬開盤競價量與滑價；容量受限,未扣成本·事後欄位以 m_ 標示·非投資建議
HO,6,2024-10-30,2024-11-01,2923,鼎固-KY,TWSE,S,S0_atr14@5,2,333,0.075878,,0,0,1,5.772,3.905,-7.64,137.3,1.0,floor(1%×vol20),0.0,0.0,556,inf,250.0,official_prepanel,large,194.0,0,可交易（DK_s＝0）,未扣成本（成本參考：2.8 折來回約 0.38%、全額約 0.585%）；交易方法狀態未知（全額交割、變更交易方法、停止信用交易的來源未提供）；容量以 s 日 vol20 估計，未模擬開盤競價量與滑價；容量受限,未扣成本·事後欄位以 m_ 標示·非投資建議
HO,6,2024-10-30,2024-11-01,4402,郡都開發,TPEx,S,S0_atr14@5,4,333,0.059973,,0,0,1,4.753,-3.232,-11.597,236.75,2.0,floor(1%×vol20),0.0,0.0,556,inf,250.0,official_prepanel,small,221.0,0,可交易（DK_s＝0）,未扣成本（成本參考：2.8 折來回約 0.38%、全額約 0.585%）；交易方法狀態未知（全額交割、變更交易方法、停止信用交易的來源未提供）；容量以 s 日 vol20 估計，未模擬開盤競價量與滑價；容量受限,未扣成本·事後欄位以 m_ 標示·非投資建議
HO,6,2024-10-30,2024-11-01,4442,竣邦-KY,TPEx,S,S0_atr14@5,3,333,0.06052,,0,0,1,0.889,0.741,4.593,160.85,1.0,floor(1%×vol20),0.0,0.0,222,222.0,222.0,official,small,46.0,0,可交易（DK_s＝0）,未扣成本（成本參考：2.8 折來回約 0.38%、全額約 0.585%）；交易方法狀態未知（全額交割、變更交易方法、停止信用交易的來源未提供）；容量以 s 日 vol20 估計，未模擬開盤競價量與滑價；容量受限,未扣成本·事後欄位以 m_ 標示·非投資建議
HO,6,2024-10-30,2024-11-01,6144,得利影,TPEx,S,S0_atr14@5,1,333,0.133885,,0,0,1,0.0,-19.589,-36.225,157.6,1.0,floor(1%×vol20),1.0,3.0,556,inf,250.0,official_prepanel,small,12.0,1,處置中・交易規則另案登錄（DK_s＝1）,未扣成本（成本參考：2.8 折來回約 0.38%、全額約 0.585%）；交易方法狀態未知（全額交割、變更交易方法、停止信用交易的來源未提供）；容量以 s 日 vol20 估計，未模擬開盤競價量與滑價；容量受限,未扣成本·事後欄位以 m_ 標示·非投資建議
HO,6,2024-11-01,2024-11-04,1225,福懋油,TWSE,S,S0_atr14@5,4,334,0.059105,,0,0,1,-1.429,-5.495,-11.978,182.85,1.0,floor(1%×vol20),0.0,0.0,557,inf,250.0,official_prepanel,mid,57.0,0,可交易（DK_s＝0）,未扣成本（成本參考：2.8 折來回約 0.38%、全額約 0.585%）；交易方法狀態未知（全額交割、變更交易方法、停止信用交易的來源未提供）；容量以 s 日 vol20 估計，未模擬開盤競價量與滑價；容量受限,未扣成本·事後欄位以 m_ 標示·非投資建議
HO,6,2024-11-01,2024-11-04,2923,鼎固-KY,TWSE,S,S0_atr14@5,2,334,0.072919,,0,0,1,-2.614,-1.144,-8.987,134.2,1.0,floor(1%×vol20),0.0,0.0,557,inf,250.0,official_prepanel,large,39.0,0,可交易（DK_s＝0）,未扣成本（成本參考：2.8 折來回約 0.38%、全額約 0.585%）；交易方法狀態未知（全額交割、變更交易方法、停止信用交易的來源未提供）；容量以 s 日 vol20 估計，未模擬開盤競價量與滑價；容量受限,未扣成本·事後欄位以 m_ 標示·非投資建議
HO,6,2024-11-01,2024-11-04,4402,郡都開發,TPEx,S,S0_atr14@5,3,334,0.061058,,0,0,1,-5.273,-6.215,-9.793,221.1,2.0,floor(1%×vol20),0.0,0.0,557,inf,250.0,official_prepanel,small,310.0,0,可交易（DK_s＝0）,未扣成本（成本參考：2.8 折來回約 0.38%、全額約 0.585%）；交易方法狀態未知（全額交割、變更交易方法、停止信用交易的來源未提供）；容量以 s 日 vol20 估計，未模擬開盤競價量與滑價；容量受限,未扣成本·事後欄位以 m_ 標示·非投資建議
HO,6,2024-11-01,2024-11-04,6144,得利影,TPEx,S,S0_atr14@5,1,334,0.151546,,0,0,1,0.0,-1.984,-26.984,152.85,1.0,floor(1%×vol20),1.0,4.0,557,inf,250.0,official_prepanel,small,7.0,1,處置中・交易規則另案登錄（DK_s＝1）,未扣成本（成本參考：2.8 折來回約 0.38%、全額約 0.585%）；交易方法狀態未知（全額交割、變更交易方法、停止信用交易的來源未提供）；容量以 s 日 vol20 估計，未模擬開盤競價量與滑價；容量受限,未扣成本·事後欄位以 m_ 標示·非投資建議
HO,6,2024-11-01,2024-11-04,6291,沛亨,TPEx,S,S0_atr14@5,5,334,0.057416,,0,0,1,-1.429,-1.429,-14.286,139.1,1.0,floor(1%×vol20),0.0,0.0,557,inf,250.0,official_prepanel,small,20.0,0,可交易（DK_s＝0）,未扣成本（成本參考：2.8 折來回約 0.38%、全額約 0.585%）；交易方法狀態未知（全額交割、變更交易方法、停止信用交易的來源未提供）；容量以 s 日 vol20 估計，未模擬開盤競價量與滑價；容量受限,未扣成本·事後欄位以 m_ 標示·非投資建議
HO,6,2024-11-04,2024-11-05,1225,福懋油,TWSE,S,S0_atr14@5,4,332,0.057573,,0,0,1,0.799,-3.995,-13.242,180.25,1.0,floor(1%×vol20),0.0,0.0,558,inf,250.0,official_prepanel,mid,14.0,0,可交易（DK_s＝0）,未扣成本（成本參考：2.8 折來回約 0.38%、全額約 0.585%）；交易方法狀態未知（全額交割、變更交易方法、停止信用交易的來源未提供）；容量以 s 日 vol20 估計，未模擬開盤競價量與滑價；容量受限,未扣成本·事後欄位以 m_ 標示·非投資建議
HO,6,2024-11-04,2024-11-05,2923,鼎固-KY,TWSE,S,S0_atr14@5,2,332,0.075863,,0,0,1,-0.496,1.983,-3.802,130.6,1.0,floor(1%×vol20),0.0,0.0,558,inf,250.0,official_prepanel,large,58.0,0,可交易（DK_s＝0）,未扣成本（成本參考：2.8 折來回約 0.38%、全額約 0.585%）；交易方法狀態未知（全額交割、變更交易方法、停止信用交易的來源未提供）；容量以 s 日 vol20 估計，未模擬開盤競價量與滑價；容量受限,未扣成本·事後欄位以 m_ 標示·非投資建議
HO,6,2024-11-04,2024-11-05,3672,康聯訊,TPEx,S,S0_atr14@5,5,332,0.05735,,0,0,1,-4.762,-11.801,-12.836,149.45,1.0,floor(1%×vol20),0.0,1.0,558,inf,250.0,official_prepanel,small,98.0,0,可交易（DK_s＝0）,未扣成本（成本參考：2.8 折來回約 0.38%、全額約 0.585%）；交易方法狀態未知（全額交割、變更交易方法、停止信用交易的來源未提供）；容量以 s 日 vol20 估計，未模擬開盤競價量與滑價；容量受限,未扣成本·事後欄位以 m_ 標示·非投資建議
HO,6,2024-11-04,2024-11-05,4402,郡都開發,TPEx,S,S0_atr14@5,3,332,0.06518,,0,0,1,6.598,3.093,-1.031,215.2,2.0,floor(1%×vol20),0.0,0.0,558,inf,250.0,official_prepanel,small,167.0,0,可交易（DK_s＝0）,未扣成本（成本參考：2.8 折來回約 0.38%、全額約 0.585%）；交易方法狀態未知（全額交割、變更交易方法、停止信用交易的來源未提供）；容量以 s 日 vol20 估計，未模擬開盤競價量與滑價；容量受限,未扣成本·事後欄位以 m_ 標示·非投資建議
HO,6,2024-11-04,2024-11-05,6144,得利影,TPEx,S,S0_atr14@5,1,332,0.173044,,0,0,1,0.0,7.489,-26.982,148.0,1.0,floor(1%×vol20),1.0,5.0,558,inf,250.0,official_prepanel,small,4.0,1,處置中・交易規則另案登錄（DK_s＝1）,未扣成本（成本參考：2.8 折來回約 0.38%、全額約 0.585%）；交易方法狀態未知（全額交割、變更交易方法、停止信用交易的來源未提供）；容量以 s 日 vol20 估計，未模擬開盤競價量與滑價；容量受限,未扣成本·事後欄位以 m_ 標示·非投資建議
HO,6,2024-11-05,2024-11-06,1225,福懋油,TWSE,S,S0_atr14@5,5,330,0.056949,,0,0,1,0.227,-6.924,-10.102,178.25,1.0,floor(1%×vol20),0.0,0.0,559,inf,250.0,official_prepanel,mid,8.0,0,可交易（DK_s＝0）,未扣成本（成本參考：2.8 折來回約 0.38%、全額約 0.585%）；交易方法狀態未知（全額交割、變更交易方法、停止信用交易的來源未提供）；容量以 s 日 vol20 估計，未模擬開盤競價量與滑價；容量受限,未扣成本·事後欄位以 m_ 標示·非投資建議
HO,6,2024-11-05,2024-11-06,2923,鼎固-KY,TWSE,S,S0_atr14@5,2,330,0.074632,,0,0,1,-3.554,-4.2,-3.716,127.4,1.0,floor(1%×vol20),0.0,0.0,559,inf,250.0,official_prepanel,large,10.0,0,可交易（DK_s＝0）,未扣成本（成本參考：2.8 折來回約 0.38%、全額約 0.585%）；交易方法狀態未知（全額交割、變更交易方法、停止信用交易的來源未提供）；容量以 s 日 vol20 估計，未模擬開盤競價量與滑價；容量受限,未扣成本·事後欄位以 m_ 標示·非投資建議
HO,6,2024-11-05,2024-11-06,3672,康聯訊,TPEx,S,S0_atr14@5,4,330,0.061801,,0,0,1,-4.329,-1.299,-10.823,153.8,1.0,floor(1%×vol20),0.0,1.0,559,inf,250.0,official_prepanel,small,65.0,0,可交易（DK_s＝0）,未扣成本（成本參考：2.8 折來回約 0.38%、全額約 0.585%）；交易方法狀態未知（全額交割、變更交易方法、停止信用交易的來源未提供）；容量以 s 日 vol20 估計，未模擬開盤競價量與滑價；容量受限,未扣成本·事後欄位以 m_ 標示·非投資建議
HO,6,2024-11-05,2024-11-06,4402,郡都開發,TPEx,S,S0_atr14@5,3,330,0.06756,,0,0,1,-3.095,-7.157,-9.091,207.05,2.0,floor(1%×vol20),0.0,0.0,559,inf,250.0,official_prepanel,small,81.0,0,可交易（DK_s＝0）,未扣成本（成本參考：2.8 折來回約 0.38%、全額約 0.585%）；交易方法狀態未知（全額交割、變更交易方法、停止信用交易的來源未提供）；容量以 s 日 vol20 估計，未模擬開盤競價量與滑價；容量受限,未扣成本·事後欄位以 m_ 標示·非投資建議
HO,6,2024-11-05,2024-11-06,6144,得利影,TPEx,S,S0_atr14@5,1,330,0.182662,,0,0,1,0.0,7.457,-24.572,144.45,1.0,floor(1%×vol20),1.0,5.0,559,inf,250.0,official_prepanel,small,4.0,1,處置中・交易規則另案登錄（DK_s＝1）,未扣成本（成本參考：2.8 折來回約 0.38%、全額約 0.585%）；交易方法狀態未知（全額交割、變更交易方法、停止信用交易的來源未提供）；容量以 s 日 vol20 估計，未模擬開盤競價量與滑價；容量受限,未扣成本·事後欄位以 m_ 標示·非投資建議
HO,6,2024-11-06,2024-11-07,2923,鼎固-KY,TWSE,S,S0_atr14@5,3,326,0.070471,,0,0,1,4.795,-2.226,-3.425,123.15,1.0,floor(1%×vol20),0.0,0.0,560,inf,250.0,official_prepanel,large,73.0,0,可交易（DK_s＝0）,未扣成本（成本參考：2.8 折來回約 0.38%、全額約 0.585%）；交易方法狀態未知（全額交割、變更交易方法、停止信用交易的來源未提供）；容量以 s 日 vol20 估計，未模擬開盤競價量與滑價；容量受限,未扣成本·事後欄位以 m_ 標示·非投資建議
HO,6,2024-11-06,2024-11-07,3672,康聯訊,TPEx,S,S0_atr14@5,4,326,0.068843,,0,0,1,-1.58,3.386,-6.546,142.85,1.0,floor(1%×vol20),0.0,0.0,560,inf,250.0,official_prepanel,small,64.0,0,可交易（DK_s＝0）,未扣成本（成本參考：2.8 折來回約 0.38%、全額約 0.585%）；交易方法狀態未知（全額交割、變更交易方法、停止信用交易的來源未提供）；容量以 s 日 vol20 估計，未模擬開盤競價量與滑價；容量受限,未扣成本·事後欄位以 m_ 標示·非投資建議
HO,6,2024-11-06,2024-11-07,4402,郡都開發,TPEx,S,S0_atr14@5,5,326,0.064728,,0,0,1,0.992,-4.563,-5.357,199.4,1.0,floor(1%×vol20),0.0,0.0,560,inf,250.0,official_prepanel,small,62.0,0,可交易（DK_s＝0）,未扣成本（成本參考：2.8 折來回約 0.38%、全額約 0.585%）；交易方法狀態未知（全額交割、變更交易方法、停止信用交易的來源未提供）；容量以 s 日 vol20 估計，未模擬開盤競價量與滑價；容量受限,未扣成本·事後欄位以 m_ 標示·非投資建議
HO,6,2024-11-06,2024-11-07,6144,得利影,TPEx,S,S0_atr14@5,1,326,0.194027,,1,0,1,9.634,-3.415,-22.073,140.25,1.0,floor(1%×vol20),1.0,5.0,560,inf,250.0,official_prepanel,small,221.0,1,處置中・交易規則另案登錄（DK_s＝1）,未扣成本（成本參考：2.8 折來回約 0.38%、全額約 0.585%）；交易方法狀態未知（全額交割、變更交易方法、停止信用交易的來源未提供）；容量以 s 日 vol20 估計，未模擬開盤競價量與滑價；容量受限,未扣成本·事後欄位以 m_ 標示·非投資建議
HO,6,2024-11-06,2024-11-07,6199,天品,TPEx,S,S0_atr14@5,2,326,0.071743,,0,0,1,-0.571,5.714,17.429,168.35,1.0,floor(1%×vol20),0.0,0.0,560,inf,250.0,official_prepanel,small,37.0,0,可交易（DK_s＝0）,未扣成本（成本參考：2.8 折來回約 0.38%、全額約 0.585%）；交易方法狀態未知（全額交割、變更交易方法、停止信用交易的來源未提供）；容量以 s 日 vol20 估計，未模擬開盤競價量與滑價；容量受限,未扣成本·事後欄位以 m_ 標示·非投資建議
HO,6,2024-11-07,2024-11-08,2923,鼎固-KY,TWSE,S,S0_atr14@5,3,322,0.067927,,0,0,1,-3.355,-13.099,-10.863,115.0,1.0,floor(1%×vol20),0.0,0.0,561,inf,250.0,official_prepanel,large,55.0,0,可交易（DK_s＝0）,未扣成本（成本參考：2.8 折來回約 0.38%、全額約 0.585%）；交易方法狀態未知（全額交割、變更交易方法、停止信用交易的來源未提供）；容量以 s 日 vol20 估計，未模擬開盤競價量與滑價；容量受限,未扣成本·事後欄位以 m_ 標示·非投資建議
HO,6,2024-11-07,2024-11-08,3666,光耀,TPEx,S,S0_atr14@5,5,322,0.055134,,0,0,1,1.415,-4.874,-2.201,238.75,2.0,floor(1%×vol20),0.0,0.0,561,inf,250.0,official_prepanel,small,53.0,0,可交易（DK_s＝0）,未扣成本（成本參考：2.8 折來回約 0.38%、全額約 0.585%）；交易方法狀態未知（全額交割、變更交易方法、停止信用交易的來源未提供）；容量以 s 日 vol20 估計，未模擬開盤競價量與滑價；容量受限,未扣成本·事後欄位以 m_ 標示·非投資建議
HO,6,2024-11-07,2024-11-08,3672,康聯訊,TPEx,S,S0_atr14@5,1,322,0.072412,,0,0,1,-4.036,-4.933,-6.054,140.65,1.0,floor(1%×vol20),0.0,0.0,561,inf,250.0,official_prepanel,small,23.0,0,可交易（DK_s＝0）,未扣成本（成本參考：2.8 折來回約 0.38%、全額約 0.585%）；交易方法狀態未知（全額交割、變更交易方法、停止信用交易的來源未提供）；容量以 s 日 vol20 估計，未模擬開盤競價量與滑價；容量受限,未扣成本·事後欄位以 m_ 標示·非投資建議
HO,6,2024-11-07,2024-11-08,4402,郡都開發,TPEx,S,S0_atr14@5,4,322,0.06357,,0,0,1,-3.861,-10.232,-6.371,193.15,1.0,floor(1%×vol20),0.0,0.0,561,inf,250.0,official_prepanel,small,154.0,0,可交易（DK_s＝0）,未扣成本（成本參考：2.8 折來回約 0.38%、全額約 0.585%）；交易方法狀態未知（全額交割、變更交易方法、停止信用交易的來源未提供）；容量以 s 日 vol20 估計，未模擬開盤競價量與滑價；容量受限,未扣成本·事後欄位以 m_ 標示·非投資建議
HO,6,2024-11-07,2024-11-08,6199,天品,TPEx,S,S0_atr14@5,2,322,0.071531,,0,0,1,2.71,15.549,17.974,169.8,1.0,floor(1%×vol20),0.0,0.0,561,inf,250.0,official_prepanel,small,214.0,0,可交易（DK_s＝0）,未扣成本（成本參考：2.8 折來回約 0.38%、全額約 0.585%）；交易方法狀態未知（全額交割、變更交易方法、停止信用交易的來源未提供）；容量以 s 日 vol20 估計，未模擬開盤競價量與滑價；容量受限,未扣成本·事後欄位以 m_ 標示·非投資建議
HO,6,2024-11-08,2024-11-11,2923,鼎固-KY,TWSE,S,S0_atr14@5,4,318,0.064581,,0,0,1,-1.908,-11.447,-9.539,111.95,1.0,floor(1%×vol20),0.0,0.0,562,inf,250.0,official_prepanel,large,16.0,0,可交易（DK_s＝0）,未扣成本（成本參考：2.8 折來回約 0.38%、全額約 0.585%）；交易方法狀態未知（全額交割、變更交易方法、停止信用交易的來源未提供）；容量以 s 日 vol20 估計，未模擬開盤競價量與滑價；容量受限,未扣成本·事後欄位以 m_ 標示·非投資建議
HO,6,2024-11-08,2024-11-11,3672,康聯訊,TPEx,S,S0_atr14@5,1,318,0.076769,,0,0,1,0.472,-0.708,-2.123,138.65,1.0,floor(1%×vol20),0.0,0.0,562,inf,250.0,official_prepanel,small,12.0,0,可交易（DK_s＝0）,未扣成本（成本參考：2.8 折來回約 0.38%、全額約 0.585%）；交易方法狀態未知（全額交割、變更交易方法、停止信用交易的來源未提供）；容量以 s 日 vol20 估計，未模擬開盤競價量與滑價；容量受限,未扣成本·事後欄位以 m_ 標示·非投資建議
HO,6,2024-11-08,2024-11-11,4402,郡都開發,TPEx,S,S0_atr14@5,3,318,0.065978,,0,0,1,-2.344,-6.445,-3.32,188.15,1.0,floor(1%×vol20),0.0,0.0,562,inf,250.0,official_prepanel,small,103.0,0,可交易（DK_s＝0）,未扣成本（成本參考：2.8 折來回約 0.38%、全額約 0.585%）；交易方法狀態未知（全額交割、變更交易方法、停止信用交易的來源未提供）；容量以 s 日 vol20 估計，未模擬開盤競價量與滑價；容量受限,未扣成本·事後欄位以 m_ 標示·非投資建議
HO,6,2024-11-08,2024-11-11,5364,力麗店,TPEx,S,S0_atr14@5,5,318,0.057015,,0,0,1,1.04,-7.875,-13.67,192.95,1.0,floor(1%×vol20),0.0,0.0,562,inf,250.0,official_prepanel,small,255.0,0,可交易（DK_s＝0）,未扣成本（成本參考：2.8 折來回約 0.38%、全額約 0.585%）；交易方法狀態未知（全額交割、變更交易方法、停止信用交易的來源未提供）；容量以 s 日 vol20 估計，未模擬開盤競價量與滑價；容量受限,未扣成本·事後欄位以 m_ 標示·非投資建議
HO,6,2024-11-08,2024-11-11,6199,天品,TPEx,S,S0_atr14@5,2,318,0.067262,,0,0,1,-1.351,9.73,17.973,178.8,1.0,floor(1%×vol20),0.0,0.0,562,inf,250.0,official_prepanel,small,176.0,0,可交易（DK_s＝0）,未扣成本（成本參考：2.8 折來回約 0.38%、全額約 0.585%）；交易方法狀態未知（全額交割、變更交易方法、停止信用交易的來源未提供）；容量以 s 日 vol20 估計，未模擬開盤競價量與滑價；容量受限,未扣成本·事後欄位以 m_ 標示·非投資建議
HO,6,2024-11-11,2024-11-12,2923,鼎固-KY,TWSE,S,S0_atr14@5,3,318,0.061936,,0,0,1,0.0,-1.855,5.396,110.45,1.0,floor(1%×vol20),0.0,0.0,563,inf,250.0,official_prepanel,large,97.0,0,可交易（DK_s＝0）,未扣成本（成本參考：2.8 折來回約 0.38%、全額約 0.585%）；交易方法狀態未知（全額交割、變更交易方法、停止信用交易的來源未提供）；容量以 s 日 vol20 估計，未模擬開盤競價量與滑價；容量受限,未扣成本·事後欄位以 m_ 標示·非投資建議
HO,6,2024-11-11,2024-11-12,3666,光耀,TPEx,S,S0_atr14@5,5,318,0.057618,,0,0,1,-1.708,-4.037,0.776,233.0,2.0,floor(1%×vol20),0.0,0.0,563,inf,250.0,official_prepanel,small,58.0,0,可交易（DK_s＝0）,未扣成本（成本參考：2.8 折來回約 0.38%、全額約 0.585%）；交易方法狀態未知（全額交割、變更交易方法、停止信用交易的來源未提供）；容量以 s 日 vol20 估計，未模擬開盤競價量與滑價；容量受限,未扣成本·事後欄位以 m_ 標示·非投資建議
HO,6,2024-11-11,2024-11-12,3672,康聯訊,TPEx,S,S0_atr14@5,1,318,0.07277,,0,0,1,7.801,-0.473,3.073,138.5,1.0,floor(1%×vol20),0.0,0.0,563,inf,250.0,official_prepanel,small,96.0,0,可交易（DK_s＝0）,未扣成本（成本參考：2.8 折來回約 0.38%、全額約 0.585%）；交易方法狀態未知（全額交割、變更交易方法、停止信用交易的來源未提供）；容量以 s 日 vol20 估計，未模擬開盤競價量與滑價；容量受限,未扣成本·事後欄位以 m_ 標示·非投資建議
HO,6,2024-11-11,2024-11-12,4402,郡都開發,TPEx,S,S0_atr14@5,4,318,0.057857,,0,0,1,-4.0,-4.0,-1.0,178.35,1.0,floor(1%×vol20),0.0,0.0,563,inf,250.0,official_prepanel,small,127.0,0,可交易（DK_s＝0）,未扣成本（成本參考：2.8 折來回約 0.38%、全額約 0.585%）；交易方法狀態未知（全額交割、變更交易方法、停止信用交易的來源未提供）；容量以 s 日 vol20 估計，未模擬開盤競價量與滑價；容量受限,未扣成本·事後欄位以 m_ 標示·非投資建議
HO,6,2024-11-11,2024-11-12,6199,天品,TPEx,S,S0_atr14@5,2,318,0.065362,,0,0,1,3.077,14.965,26.294,185.25,1.0,floor(1%×vol20),0.0,0.0,563,inf,250.0,official_prepanel,small,73.0,0,可交易（DK_s＝0）,未扣成本（成本參考：2.8 折來回約 0.38%、全額約 0.585%）；交易方法狀態未知（全額交割、變更交易方法、停止信用交易的來源未提供）；容量以 s 日 vol20 估計，未模擬開盤競價量與滑價；容量受限,未扣成本·事後欄位以 m_ 標示·非投資建議
HO,6,2024-11-12,2024-11-13,2923,鼎固-KY,TWSE,S,S0_atr14@5,3,331,0.068176,,0,0,1,-1.721,2.582,3.614,113.05,1.0,floor(1%×vol20),0.0,0.0,564,inf,250.0,official_prepanel,large,273.0,0,可交易（DK_s＝0）,未扣成本（成本參考：2.8 折來回約 0.38%、全額約 0.585%）；交易方法狀態未知（全額交割、變更交易方法、停止信用交易的來源未提供）；容量以 s 日 vol20 估計，未模擬開盤競價量與滑價；容量受限,未扣成本·事後欄位以 m_ 標示·非投資建議
HO,6,2024-11-12,2024-11-13,3672,康聯訊,TPEx,S,S0_atr14@5,1,331,0.070019,,0,0,1,-2.137,-11.966,-10.897,142.45,1.0,floor(1%×vol20),0.0,0.0,564,inf,250.0,official_prepanel,small,40.0,0,可交易（DK_s＝0）,未扣成本（成本參考：2.8 折來回約 0.38%、全額約 0.585%）；交易方法狀態未知（全額交割、變更交易方法、停止信用交易的來源未提供）；容量以 s 日 vol20 估計，未模擬開盤競價量與滑價；容量受限,未扣成本·事後欄位以 m_ 標示·非投資建議
HO,6,2024-11-12,2024-11-13,4402,郡都開發,TPEx,S,S0_atr14@5,5,331,0.061012,,0,0,1,0.208,-2.083,11.667,174.95,1.0,floor(1%×vol20),0.0,0.0,564,inf,250.0,official_prepanel,small,52.0,0,可交易（DK_s＝0）,未扣成本（成本參考：2.8 折來回約 0.38%、全額約 0.585%）；交易方法狀態未知（全額交割、變更交易方法、停止信用交易的來源未提供）；容量以 s 日 vol20 估計，未模擬開盤競價量與滑價；容量受限,未扣成本·事後欄位以 m_ 標示·非投資建議
HO,6,2024-11-12,2024-11-13,5345,馥鴻,TPEx,S,S0_atr14@5,2,331,0.06869,,0,0,1,-0.974,-3.247,-4.383,134.15,1.0,floor(1%×vol20),0.0,0.0,564,inf,250.0,official_prepanel,small,4.0,0,可交易（DK_s＝0）,未扣成本（成本參考：2.8 折來回約 0.38%、全額約 0.585%）；交易方法狀態未知（全額交割、變更交易方法、停止信用交易的來源未提供）；容量以 s 日 vol20 估計，未模擬開盤競價量與滑價；容量受限,未扣成本·事後欄位以 m_ 標示·非投資建議
HO,6,2024-11-12,2024-11-13,6199,天品,TPEx,S,S0_atr14@5,4,331,0.061446,,0,0,1,0.0,10.811,23.649,187.25,1.0,floor(1%×vol20),0.0,0.0,564,inf,250.0,official_prepanel,small,135.0,0,可交易（DK_s＝0）,未扣成本（成本參考：2.8 折來回約 0.38%、全額約 0.585%）；交易方法狀態未知（全額交割、變更交易方法、停止信用交易的來源未提供）；容量以 s 日 vol20 估計，未模擬開盤競價量與滑價；容量受限,未扣成本·事後欄位以 m_ 標示·非投資建議
HO,6,2024-11-13,2024-11-14,2923,鼎固-KY,TWSE,S,S0_atr14@5,3,332,0.067426,,0,0,1,-3.717,-0.177,5.664,121.65,1.0,floor(1%×vol20),0.0,0.0,565,inf,250.0,official_prepanel,large,231.0,0,可交易（DK_s＝0）,未扣成本（成本參考：2.8 折來回約 0.38%、全額約 0.585%）；交易方法狀態未知（全額交割、變更交易方法、停止信用交易的來源未提供）；容量以 s 日 vol20 估計，未模擬開盤競價量與滑價；容量受限,未扣成本·事後欄位以 m_ 標示·非投資建議
HO,6,2024-11-13,2024-11-14,3672,康聯訊,TPEx,S,S0_atr14@5,1,332,0.070805,,0,0,1,-3.636,-5.909,-6.364,143.7,1.0,floor(1%×vol20),0.0,0.0,565,inf,250.0,official_prepanel,small,74.0,0,可交易（DK_s＝0）,未扣成本（成本參考：2.8 折來回約 0.38%、全額約 0.585%）；交易方法狀態未知（全額交割、變更交易方法、停止信用交易的來源未提供）；容量以 s 日 vol20 估計，未模擬開盤競價量與滑價；容量受限,未扣成本·事後欄位以 m_ 標示·非投資建議
HO,6,2024-11-13,2024-11-14,4402,郡都開發,TPEx,S,S0_atr14@5,5,332,0.060588,,0,0,1,-3.125,-0.625,2.917,171.95,1.0,floor(1%×vol20),0.0,0.0,565,inf,250.0,official_prepanel,small,150.0,0,可交易（DK_s＝0）,未扣成本（成本參考：2.8 折來回約 0.38%、全額約 0.585%）；交易方法狀態未知（全額交割、變更交易方法、停止信用交易的來源未提供）；容量以 s 日 vol20 估計，未模擬開盤競價量與滑價；容量受限,未扣成本·事後欄位以 m_ 標示·非投資建議
HO,6,2024-11-13,2024-11-14,5345,馥鴻,TPEx,S,S0_atr14@5,2,332,0.069204,,0,0,1,-2.142,-2.471,-4.778,133.15,1.0,floor(1%×vol20),0.0,0.0,565,inf,250.0,official_prepanel,small,21.0,0,可交易（DK_s＝0）,未扣成本（成本參考：2.8 折來回約 0.38%、全額約 0.585%）；交易方法狀態未知（全額交割、變更交易方法、停止信用交易的來源未提供）；容量以 s 日 vol20 估計，未模擬開盤競價量與滑價；容量受限,未扣成本·事後欄位以 m_ 標示·非投資建議
HO,6,2024-11-13,2024-11-14,6865,偉康科技,TPEx,S,S0_atr14@5,4,332,0.0637,,0,0,1,-3.06,-2.093,-2.738,101.55,1.0,floor(1%×vol20),0.0,0.0,441,441.0,250.0,official,small,52.0,0,可交易（DK_s＝0）,未扣成本（成本參考：2.8 折來回約 0.38%、全額約 0.585%）；交易方法狀態未知（全額交割、變更交易方法、停止信用交易的來源未提供）；容量以 s 日 vol20 估計，未模擬開盤競價量與滑價；容量受限,未扣成本·事後欄位以 m_ 標示·非投資建議
HO,6,2024-11-14,2024-11-15,2923,鼎固-KY,TWSE,S,S0_atr14@5,3,347,0.068803,,0,0,1,1.457,1.639,10.929,117.25,1.0,floor(1%×vol20),0.0,0.0,566,inf,250.0,official_prepanel,large,84.0,0,可交易（DK_s＝0）,未扣成本（成本參考：2.8 折來回約 0.38%、全額約 0.585%）；交易方法狀態未知（全額交割、變更交易方法、停止信用交易的來源未提供）；容量以 s 日 vol20 估計，未模擬開盤競價量與滑價；容量受限,未扣成本·事後欄位以 m_ 標示·非投資建議
HO,6,2024-11-14,2024-11-15,3672,康聯訊,TPEx,S,S0_atr14@5,1,347,0.080863,,0,0,1,-5.605,-6.054,-6.951,146.75,1.0,floor(1%×vol20),0.0,0.0,566,inf,250.0,official_prepanel,small,19.0,0,可交易（DK_s＝0）,未扣成本（成本參考：2.8 折來回約 0.38%、全額約 0.585%）；交易方法狀態未知（全額交割、變更交易方法、停止信用交易的來源未提供）；容量以 s 日 vol20 估計，未模擬開盤競價量與滑價；容量受限,未扣成本·事後欄位以 m_ 標示·非投資建議
HO,6,2024-11-14,2024-11-15,4402,郡都開發,TPEx,S,S0_atr14@5,5,347,0.064055,,0,0,1,-0.416,0.832,12.89,171.85,1.0,floor(1%×vol20),0.0,0.0,566,inf,250.0,official_prepanel,small,98.0,0,可交易（DK_s＝0）,未扣成本（成本參考：2.8 折來回約 0.38%、全額約 0.585%）；交易方法狀態未知（全額交割、變更交易方法、停止信用交易的來源未提供）；容量以 s 日 vol20 估計，未模擬開盤競價量與滑價；容量受限,未扣成本·事後欄位以 m_ 標示·非投資建議
HO,6,2024-11-14,2024-11-15,5345,馥鴻,TPEx,S,S0_atr14@5,2,347,0.069505,,0,0,1,1.01,-3.704,-3.367,133.85,1.0,floor(1%×vol20),0.0,0.0,566,inf,250.0,official_prepanel,small,18.0,0,可交易（DK_s＝0）,未扣成本（成本參考：2.8 折來回約 0.38%、全額約 0.585%）；交易方法狀態未知（全額交割、變更交易方法、停止信用交易的來源未提供）；容量以 s 日 vol20 估計，未模擬開盤競價量與滑價；容量受限,未扣成本·事後欄位以 m_ 標示·非投資建議
HO,6,2024-11-14,2024-11-15,5364,力麗店,TPEx,S,S0_atr14@5,4,347,0.067206,,0,0,1,6.346,-0.515,0.0,177.85,1.0,floor(1%×vol20),0.0,0.0,566,inf,250.0,official_prepanel,small,179.0,0,可交易（DK_s＝0）,未扣成本（成本參考：2.8 折來回約 0.38%、全額約 0.585%）；交易方法狀態未知（全額交割、變更交易方法、停止信用交易的來源未提供）；容量以 s 日 vol20 估計，未模擬開盤競價量與滑價；容量受限,未扣成本·事後欄位以 m_ 標示·非投資建議
HO,6,2024-11-15,2024-11-18,2923,鼎固-KY,TWSE,S,S0_atr14@5,3,339,0.066427,,0,0,1,4.488,2.154,11.311,114.05,1.0,floor(1%×vol20),0.0,0.0,567,inf,250.0,official_prepanel,large,94.0,0,可交易（DK_s＝0）,未扣成本（成本參考：2.8 折來回約 0.38%、全額約 0.585%）；交易方法狀態未知（全額交割、變更交易方法、停止信用交易的來源未提供）；容量以 s 日 vol20 估計，未模擬開盤競價量與滑價；容量受限,未扣成本·事後欄位以 m_ 標示·非投資建議
HO,6,2024-11-15,2024-11-18,3672,康聯訊,TPEx,S,S0_atr14@5,1,339,0.077706,,0,0,1,0.959,-0.48,1.918,146.8,1.0,floor(1%×vol20),0.0,0.0,567,inf,250.0,official_prepanel,small,33.0,0,可交易（DK_s＝0）,未扣成本（成本參考：2.8 折來回約 0.38%、全額約 0.585%）；交易方法狀態未知（全額交割、變更交易方法、停止信用交易的來源未提供）；容量以 s 日 vol20 估計，未模擬開盤競價量與滑價；容量受限,未扣成本·事後欄位以 m_ 標示·非投資建議
HO,6,2024-11-15,2024-11-18,4402,郡都開發,TPEx,S,S0_atr14@5,4,339,0.063973,,0,0,1,4.348,7.609,11.957,168.05,1.0,floor(1%×vol20),0.0,0.0,567,inf,250.0,official_prepanel,small,83.0,0,可交易（DK_s＝0）,未扣成本（成本參考：2.8 折來回約 0.38%、全額約 0.585%）；交易方法狀態未知（全額交割、變更交易方法、停止信用交易的來源未提供）；容量以 s 日 vol20 估計，未模擬開盤競價量與滑價；容量受限,未扣成本·事後欄位以 m_ 標示·非投資建議
HO,6,2024-11-15,2024-11-18,5345,馥鴻,TPEx,S,S0_atr14@5,5,339,0.06369,,0,0,1,0.873,1.396,4.014,134.45,1.0,floor(1%×vol20),0.0,0.0,567,inf,250.0,official_prepanel,small,18.0,0,可交易（DK_s＝0）,未扣成本（成本參考：2.8 折來回約 0.38%、全額約 0.585%）；交易方法狀態未知（全額交割、變更交易方法、停止信用交易的來源未提供）；容量以 s 日 vol20 估計，未模擬開盤競價量與滑價；容量受限,未扣成本·事後欄位以 m_ 標示·非投資建議
HO,6,2024-11-15,2024-11-18,5364,力麗店,TPEx,S,S0_atr14@5,2,339,0.069585,,0,0,1,0.0,-3.167,0.167,172.7,1.0,floor(1%×vol20),0.0,0.0,567,inf,250.0,official_prepanel,small,116.0,0,可交易（DK_s＝0）,未扣成本（成本參考：2.8 折來回約 0.38%、全額約 0.585%）；交易方法狀態未知（全額交割、變更交易方法、停止信用交易的來源未提供）；容量以 s 日 vol20 估計，未模擬開盤競價量與滑價；容量受限,未扣成本·事後欄位以 m_ 標示·非投資建議
HO,6,2024-11-18,2024-11-19,2923,鼎固-KY,TWSE,S,S0_atr14@5,3,338,0.065169,,0,0,1,2.759,7.759,4.655,103.9,1.0,floor(1%×vol20),0.0,0.0,568,inf,250.0,official_prepanel,large,201.0,0,可交易（DK_s＝0）,未扣成本（成本參考：2.8 折來回約 0.38%、全額約 0.585%）；交易方法狀態未知（全額交割、變更交易方法、停止信用交易的來源未提供）；容量以 s 日 vol20 估計，未模擬開盤競價量與滑價；容量受限,未扣成本·事後欄位以 m_ 標示·非投資建議
HO,6,2024-11-18,2024-11-19,3672,康聯訊,TPEx,S,S0_atr14@5,1,338,0.074652,,0,0,1,2.743,8.728,2.244,147.65,1.0,floor(1%×vol20),0.0,0.0,568,inf,250.0,official_prepanel,small,72.0,0,可交易（DK_s＝0）,未扣成本（成本參考：2.8 折來回約 0.38%、全額約 0.585%）；交易方法狀態未知（全額交割、變更交易方法、停止信用交易的來源未提供）；容量以 s 日 vol20 估計，未模擬開盤競價量與滑價；容量受限,未扣成本·事後欄位以 m_ 標示·非投資建議
HO,6,2024-11-18,2024-11-19,4402,郡都開發,TPEx,S,S0_atr14@5,4,338,0.063988,,0,0,1,-2.287,2.911,8.94,159.2,1.0,floor(1%×vol20),0.0,0.0,568,inf,250.0,official_prepanel,small,67.0,0,可交易（DK_s＝0）,未扣成本（成本參考：2.8 折來回約 0.38%、全額約 0.585%）；交易方法狀態未知（全額交割、變更交易方法、停止信用交易的來源未提供）；容量以 s 日 vol20 估計，未模擬開盤競價量與滑價；容量受限,未扣成本·事後欄位以 m_ 標示·非投資建議
HO,6,2024-11-18,2024-11-19,5345,馥鴻,TPEx,S,S0_atr14@5,5,338,0.06352,,0,0,1,0.0,-0.503,1.678,134.75,1.0,floor(1%×vol20),0.0,0.0,568,inf,250.0,official_prepanel,small,17.0,0,可交易（DK_s＝0）,未扣成本（成本參考：2.8 折來回約 0.38%、全額約 0.585%）；交易方法狀態未知（全額交割、變更交易方法、停止信用交易的來源未提供）；容量以 s 日 vol20 估計，未模擬開盤競價量與滑價；容量受限,未扣成本·事後欄位以 m_ 標示·非投資建議
HO,6,2024-11-18,2024-11-19,5364,力麗店,TPEx,S,S0_atr14@5,2,338,0.0725,,0,0,1,-2.017,0.168,9.076,163.55,1.0,floor(1%×vol20),0.0,0.0,568,inf,250.0,official_prepanel,small,85.0,0,可交易（DK_s＝0）,未扣成本（成本參考：2.8 折來回約 0.38%、全額約 0.585%）；交易方法狀態未知（全額交割、變更交易方法、停止信用交易的來源未提供）；容量以 s 日 vol20 估計，未模擬開盤競價量與滑價；容量受限,未扣成本·事後欄位以 m_ 標示·非投資建議
HO,6,2024-11-19,2024-11-20,2923,鼎固-KY,TWSE,S,S0_atr14@5,4,343,0.057766,,0,0,1,-4.89,1.518,4.553,106.8,1.0,floor(1%×vol20),0.0,0.0,569,inf,250.0,official_prepanel,large,256.0,0,可交易（DK_s＝0）,未扣成本（成本參考：2.8 折來回約 0.38%、全額約 0.585%）；交易方法狀態未知（全額交割、變更交易方法、停止信用交易的來源未提供）；容量以 s 日 vol20 估計，未模擬開盤競價量與滑價；容量受限,未扣成本·事後欄位以 m_ 標示·非投資建議
HO,6,2024-11-19,2024-11-20,3672,康聯訊,TPEx,S,S0_atr14@5,2,343,0.071429,,0,0,1,-0.957,-0.239,-1.196,136.65,1.0,floor(1%×vol20),0.0,0.0,569,inf,250.0,official_prepanel,small,41.0,0,可交易（DK_s＝0）,未扣成本（成本參考：2.8 折來回約 0.38%、全額約 0.585%）；交易方法狀態未知（全額交割、變更交易方法、停止信用交易的來源未提供）；容量以 s 日 vol20 估計，未模擬開盤競價量與滑價；容量受限,未扣成本·事後欄位以 m_ 標示·非投資建議
HO,6,2024-11-19,2024-11-20,4402,郡都開發,TPEx,S,S0_atr14@5,3,343,0.063526,,0,0,1,3.247,16.017,14.719,145.8,1.0,floor(1%×vol20),0.0,0.0,569,inf,250.0,official_prepanel,small,69.0,0,可交易（DK_s＝0）,未扣成本（成本參考：2.8 折來回約 0.38%、全額約 0.585%）；交易方法狀態未知（全額交割、變更交易方法、停止信用交易的來源未提供）；容量以 s 日 vol20 估計，未模擬開盤競價量與滑價；容量受限,未扣成本·事後欄位以 m_ 標示·非投資建議
HO,6,2024-11-19,2024-11-20,5345,馥鴻,TPEx,S,S0_atr14@5,5,343,0.056807,,0,0,1,4.965,4.433,7.092,134.7,1.0,floor(1%×vol20),0.0,0.0,569,inf,250.0,official_prepanel,small,4.0,0,可交易（DK_s＝0）,未扣成本（成本參考：2.8 折來回約 0.38%、全額約 0.585%）；交易方法狀態未知（全額交割、變更交易方法、停止信用交易的來源未提供）；容量以 s 日 vol20 估計，未模擬開盤競價量與滑價；容量受限,未扣成本·事後欄位以 m_ 標示·非投資建議
HO,6,2024-11-19,2024-11-20,5364,力麗店,TPEx,S,S0_atr14@5,1,343,0.074614,,0,0,1,0.174,3.472,11.285,148.0,1.0,floor(1%×vol20),0.0,0.0,569,inf,250.0,official_prepanel,small,212.0,0,可交易（DK_s＝0）,未扣成本（成本參考：2.8 折來回約 0.38%、全額約 0.585%）；交易方法狀態未知（全額交割、變更交易方法、停止信用交易的來源未提供）；容量以 s 日 vol20 估計，未模擬開盤競價量與滑價；容量受限,未扣成本·事後欄位以 m_ 標示·非投資建議
HO,6,2024-11-20,2024-11-21,2923,鼎固-KY,TWSE,S,S0_atr14@5,4,344,0.067503,,0,0,1,1.639,8.743,13.297,118.05,1.0,floor(1%×vol20),0.0,0.0,570,inf,250.0,official_prepanel,large,66.0,0,可交易（DK_s＝0）,未扣成本（成本參考：2.8 折來回約 0.38%、全額約 0.585%）；交易方法狀態未知（全額交割、變更交易方法、停止信用交易的來源未提供）；容量以 s 日 vol20 估計，未模擬開盤競價量與滑價；容量受限,未扣成本·事後欄位以 m_ 標示·非投資建議
HO,6,2024-11-20,2024-11-21,3593,力銘,TWSE,S,S0_atr14@5,5,344,0.06561,,0,0,1,0.0,-20.315,4.849,201.7,2.0,floor(1%×vol20),0.0,0.0,570,inf,250.0,official_prepanel,small,114.0,0,可交易（DK_s＝0）,未扣成本（成本參考：2.8 折來回約 0.38%、全額約 0.585%）；交易方法狀態未知（全額交割、變更交易方法、停止信用交易的來源未提供）；容量以 s 日 vol20 估計，未模擬開盤競價量與滑價；容量受限,未扣成本·事後欄位以 m_ 標示·非投資建議
HO,6,2024-11-20,2024-11-21,3672,康聯訊,TPEx,S,S0_atr14@5,2,344,0.067978,,0,0,1,3.202,1.478,6.65,125.0,1.0,floor(1%×vol20),0.0,0.0,570,inf,250.0,official_prepanel,small,99.0,0,可交易（DK_s＝0）,未扣成本（成本參考：2.8 折來回約 0.38%、全額約 0.585%）；交易方法狀態未知（全額交割、變更交易方法、停止信用交易的來源未提供）；容量以 s 日 vol20 估計，未模擬開盤競價量與滑價；容量受限,未扣成本·事後欄位以 m_ 標示·非投資建議
HO,6,2024-11-20,2024-11-21,5276,達輝-KY,TPEx,S,S0_atr14@5,3,344,0.067797,,0,0,1,-1.522,-10.435,-6.957,169.3,1.0,floor(1%×vol20),0.0,1.0,570,inf,250.0,official_prepanel,small,164.0,0,可交易（DK_s＝0）,未扣成本（成本參考：2.8 折來回約 0.38%、全額約 0.585%）；交易方法狀態未知（全額交割、變更交易方法、停止信用交易的來源未提供）；容量以 s 日 vol20 估計，未模擬開盤競價量與滑價；容量受限,未扣成本·事後欄位以 m_ 標示·非投資建議
HO,6,2024-11-20,2024-11-21,5364,力麗店,TPEx,S,S0_atr14@5,1,344,0.074771,,0,0,1,0.52,1.213,8.146,147.35,1.0,floor(1%×vol20),0.0,0.0,570,inf,250.0,official_prepanel,small,37.0,0,可交易（DK_s＝0）,未扣成本（成本參考：2.8 折來回約 0.38%、全額約 0.585%）；交易方法狀態未知（全額交割、變更交易方法、停止信用交易的來源未提供）；容量以 s 日 vol20 估計，未模擬開盤競價量與滑價；容量受限,未扣成本·事後欄位以 m_ 標示·非投資建議
HO,6,2024-11-21,2024-11-22,2923,鼎固-KY,TWSE,S,S0_atr14@5,5,346,0.063364,,0,0,1,0.0,7.03,10.369,116.6,1.0,floor(1%×vol20),0.0,0.0,571,inf,250.0,official_prepanel,large,70.0,0,可交易（DK_s＝0）,未扣成本（成本參考：2.8 折來回約 0.38%、全額約 0.585%）；交易方法狀態未知（全額交割、變更交易方法、停止信用交易的來源未提供）；容量以 s 日 vol20 估計，未模擬開盤競價量與滑價；容量受限,未扣成本·事後欄位以 m_ 標示·非投資建議
HO,6,2024-11-21,2024-11-22,3593,力銘,TWSE,S,S0_atr14@5,1,346,0.07742,,0,0,1,6.267,-26.933,17.333,201.4,2.0,floor(1%×vol20),0.0,1.0,571,inf,250.0,official_prepanel,small,1273.0,0,可交易（DK_s＝0）,未扣成本（成本參考：2.8 折來回約 0.38%、全額約 0.585%）；交易方法狀態未知（全額交割、變更交易方法、停止信用交易的來源未提供）；容量以 s 日 vol20 估計，未模擬開盤競價量與滑價；容量受限,未扣成本·事後欄位以 m_ 標示·非投資建議
HO,6,2024-11-21,2024-11-22,5276,達輝-KY,TPEx,S,S0_atr14@5,2,346,0.072059,,0,0,1,-0.222,-10.2,-10.865,173.6,1.0,floor(1%×vol20),0.0,1.0,571,inf,250.0,official_prepanel,small,46.0,0,可交易（DK_s＝0）,未扣成本（成本參考：2.8 折來回約 0.38%、全額約 0.585%）；交易方法狀態未知（全額交割、變更交易方法、停止信用交易的來源未提供）；容量以 s 日 vol20 估計，未模擬開盤競價量與滑價；容量受限,未扣成本·事後欄位以 m_ 標示·非投資建議
HO,6,2024-11-21,2024-11-22,5364,力麗店,TPEx,S,S0_atr14@5,3,346,0.071429,,0,0,1,-0.514,-0.171,7.021,145.6,1.0,floor(1%×vol20),0.0,0.0,571,inf,250.0,official_prepanel,small,65.0,0,可交易（DK_s＝0）,未扣成本（成本參考：2.8 折來回約 0.38%、全額約 0.585%）；交易方法狀態未知（全額交割、變更交易方法、停止信用交易的來源未提供）；容量以 s 日 vol20 估計，未模擬開盤競價量與滑價；容量受限,未扣成本·事後欄位以 m_ 標示·非投資建議
HO,6,2024-11-21,2024-11-22,6708,天擎,TPEx,S,S0_atr14@5,4,346,0.06467,,0,0,1,3.977,-4.205,3.636,183.7,1.0,floor(1%×vol20),0.0,0.0,455,455.0,250.0,official,small,81.0,0,可交易（DK_s＝0）,未扣成本（成本參考：2.8 折來回約 0.38%、全額約 0.585%）；交易方法狀態未知（全額交割、變更交易方法、停止信用交易的來源未提供）；容量以 s 日 vol20 估計，未模擬開盤競價量與滑價；容量受限,未扣成本·事後欄位以 m_ 標示·非投資建議
HO,6,2024-11-22,2024-11-25,2923,鼎固-KY,TWSE,S,S0_atr14@5,5,355,0.061762,,0,0,1,6.112,5.263,6.282,112.3,1.0,floor(1%×vol20),0.0,0.0,572,inf,250.0,official_prepanel,large,422.0,0,可交易（DK_s＝0）,未扣成本（成本參考：2.8 折來回約 0.38%、全額約 0.585%）；交易方法狀態未知（全額交割、變更交易方法、停止信用交易的來源未提供）；容量以 s 日 vol20 估計，未模擬開盤競價量與滑價；容量受限,未扣成本·事後欄位以 m_ 標示·非投資建議
HO,6,2024-11-22,2024-11-25,3593,力銘,TWSE,S,S0_atr14@5,1,355,0.081108,,0,0,1,-7.355,-22.323,3.742,260.2,2.0,floor(1%×vol20),0.0,2.0,572,inf,250.0,official_prepanel,small,773.0,1,可交易（DK_s＝0）,未扣成本（成本參考：2.8 折來回約 0.38%、全額約 0.585%）；交易方法狀態未知（全額交割、變更交易方法、停止信用交易的來源未提供）；容量以 s 日 vol20 估計，未模擬開盤競價量與滑價；容量受限,未扣成本·事後欄位以 m_ 標示·非投資建議
HO,6,2024-11-22,2024-11-25,5276,達輝-KY,TPEx,S,S0_atr14@5,2,355,0.072698,,0,0,1,-0.225,-6.292,-9.438,174.45,1.0,floor(1%×vol20),0.0,1.0,572,inf,250.0,official_prepanel,small,65.0,0,可交易（DK_s＝0）,未扣成本（成本參考：2.8 折來回約 0.38%、全額約 0.585%）；交易方法狀態未知（全額交割、變更交易方法、停止信用交易的來源未提供）；容量以 s 日 vol20 估計，未模擬開盤競價量與滑價；容量受限,未扣成本·事後欄位以 m_ 標示·非投資建議
HO,6,2024-11-22,2024-11-25,5364,力麗店,TPEx,S,S0_atr14@5,3,355,0.066142,,0,0,1,2.055,2.911,7.192,144.8,1.0,floor(1%×vol20),0.0,0.0,572,inf,250.0,official_prepanel,small,28.0,0,可交易（DK_s＝0）,未扣成本（成本參考：2.8 折來回約 0.38%、全額約 0.585%）；交易方法狀態未知（全額交割、變更交易方法、停止信用交易的來源未提供）；容量以 s 日 vol20 估計，未模擬開盤競價量與滑價；容量受限,未扣成本·事後欄位以 m_ 標示·非投資建議
HO,6,2024-11-22,2024-11-25,6708,天擎,TPEx,S,S0_atr14@5,4,355,0.06331,,0,0,1,0.785,-4.821,2.354,187.25,1.0,floor(1%×vol20),0.0,0.0,456,456.0,250.0,official,small,37.0,0,可交易（DK_s＝0）,未扣成本（成本參考：2.8 折來回約 0.38%、全額約 0.585%）；交易方法狀態未知（全額交割、變更交易方法、停止信用交易的來源未提供）；容量以 s 日 vol20 估計，未模擬開盤競價量與滑價；容量受限,未扣成本·事後欄位以 m_ 標示·非投資建議
HO,6,2024-11-25,2024-11-26,3073,天方能源,TPEx,S,S0_atr14@5,5,344,0.05838,,0,0,1,-3.427,-8.723,4.05,254.5,2.0,floor(1%×vol20),0.0,0.0,573,inf,250.0,official_prepanel,small,100.0,0,可交易（DK_s＝0）,未扣成本（成本參考：2.8 折來回約 0.38%、全額約 0.585%）；交易方法狀態未知（全額交割、變更交易方法、停止信用交易的來源未提供）；容量以 s 日 vol20 估計，未模擬開盤競價量與滑價；容量受限,未扣成本·事後欄位以 m_ 標示·非投資建議
HO,6,2024-11-25,2024-11-26,3593,力銘,TWSE,S,S0_atr14@5,1,344,0.095404,,0,0,1,-1.029,-2.647,8.824,279.6,2.0,floor(1%×vol20),1.0,3.0,573,inf,250.0,official_prepanel,small,817.0,1,處置中・交易規則另案登錄（DK_s＝1）,未扣成本（成本參考：2.8 折來回約 0.38%、全額約 0.585%）；交易方法狀態未知（全額交割、變更交易方法、停止信用交易的來源未提供）；容量以 s 日 vol20 估計，未模擬開盤競價量與滑價；容量受限,未扣成本·事後欄位以 m_ 標示·非投資建議
HO,6,2024-11-25,2024-11-26,5276,達輝-KY,TPEx,S,S0_atr14@5,2,344,0.070946,,0,0,1,-5.139,-10.278,-13.704,176.6,1.0,floor(1%×vol20),0.0,1.0,573,inf,250.0,official_prepanel,small,70.0,0,可交易（DK_s＝0）,未扣成本（成本參考：2.8 折來回約 0.38%、全額約 0.585%）；交易方法狀態未知（全額交割、變更交易方法、停止信用交易的來源未提供）；容量以 s 日 vol20 估計，未模擬開盤競價量與滑價；容量受限,未扣成本·事後欄位以 m_ 標示·非投資建議
HO,6,2024-11-25,2024-11-26,5364,力麗店,TPEx,S,S0_atr14@5,3,344,0.061242,,0,0,1,-0.501,8.347,6.678,144.2,1.0,floor(1%×vol20),0.0,0.0,573,inf,250.0,official_prepanel,small,28.0,0,可交易（DK_s＝0）,未扣成本（成本參考：2.8 折來回約 0.38%、全額約 0.585%）；交易方法狀態未知（全額交割、變更交易方法、停止信用交易的來源未提供）；容量以 s 日 vol20 估計，未模擬開盤競價量與滑價；容量受限,未扣成本·事後欄位以 m_ 標示·非投資建議
HO,6,2024-11-25,2024-11-26,6708,天擎,TPEx,S,S0_atr14@5,4,344,0.059193,,0,0,1,-1.001,3.782,-0.334,188.05,1.0,floor(1%×vol20),0.0,0.0,457,457.0,250.0,official,small,45.0,0,可交易（DK_s＝0）,未扣成本（成本參考：2.8 折來回約 0.38%、全額約 0.585%）；交易方法狀態未知（全額交割、變更交易方法、停止信用交易的來源未提供）；容量以 s 日 vol20 估計，未模擬開盤競價量與滑價；容量受限,未扣成本·事後欄位以 m_ 標示·非投資建議
HO,6,2024-11-26,2024-11-27,2923,鼎固-KY,TWSE,S,S0_atr14@5,2,342,0.064903,,0,0,1,0.845,4.73,1.182,130.35,1.0,floor(1%×vol20),0.0,0.0,574,inf,250.0,official_prepanel,large,118.0,0,可交易（DK_s＝0）,未扣成本（成本參考：2.8 折來回約 0.38%、全額約 0.585%）；交易方法狀態未知（全額交割、變更交易方法、停止信用交易的來源未提供）；容量以 s 日 vol20 估計，未模擬開盤競價量與滑價；容量受限,未扣成本·事後欄位以 m_ 標示·非投資建議
HO,6,2024-11-26,2024-11-27,3018,隆銘綠能,TWSE,S,S0_atr14@5,5,342,0.057922,,0,0,1,-1.027,2.74,2.055,152.8,1.0,floor(1%×vol20),0.0,0.0,574,inf,250.0,official_prepanel,small,217.0,0,可交易（DK_s＝0）,未扣成本（成本參考：2.8 折來回約 0.38%、全額約 0.585%）；交易方法狀態未知（全額交割、變更交易方法、停止信用交易的來源未提供）；容量以 s 日 vol20 估計，未模擬開盤競價量與滑價；容量受限,未扣成本·事後欄位以 m_ 標示·非投資建議
HO,6,2024-11-26,2024-11-27,3073,天方能源,TPEx,S,S0_atr14@5,4,342,0.058525,,0,0,1,-2.72,-1.6,6.4,247.85,2.0,floor(1%×vol20),0.0,0.0,574,inf,250.0,official_prepanel,small,102.0,0,可交易（DK_s＝0）,未扣成本（成本參考：2.8 折來回約 0.38%、全額約 0.585%）；交易方法狀態未知（全額交割、變更交易方法、停止信用交易的來源未提供）；容量以 s 日 vol20 估計，未模擬開盤競價量與滑價；容量受限,未扣成本·事後欄位以 m_ 標示·非投資建議
HO,6,2024-11-26,2024-11-27,5276,達輝-KY,TPEx,S,S0_atr14@5,1,342,0.074815,,0,0,1,-5.721,-2.059,-7.323,177.9,1.0,floor(1%×vol20),0.0,1.0,574,inf,250.0,official_prepanel,small,106.0,0,可交易（DK_s＝0）,未扣成本（成本參考：2.8 折來回約 0.38%、全額約 0.585%）；交易方法狀態未知（全額交割、變更交易方法、停止信用交易的來源未提供）；容量以 s 日 vol20 估計，未模擬開盤競價量與滑價；容量受限,未扣成本·事後欄位以 m_ 標示·非投資建議
HO,6,2024-11-26,2024-11-27,5364,力麗店,TPEx,S,S0_atr14@5,3,342,0.058725,,0,0,1,-2.013,7.55,8.557,142.4,1.0,floor(1%×vol20),0.0,0.0,574,inf,250.0,official_prepanel,small,31.0,0,可交易（DK_s＝0）,未扣成本（成本參考：2.8 折來回約 0.38%、全額約 0.585%）；交易方法狀態未知（全額交割、變更交易方法、停止信用交易的來源未提供）；容量以 s 日 vol20 估計，未模擬開盤競價量與滑價；容量受限,未扣成本·事後欄位以 m_ 標示·非投資建議
HO,6,2024-11-27,2024-11-28,2923,鼎固-KY,TWSE,S,S0_atr14@5,2,346,0.063891,,0,0,1,4.639,6.873,-1.031,125.15,1.0,floor(1%×vol20),0.0,0.0,575,inf,250.0,official_prepanel,large,71.0,0,可交易（DK_s＝0）,未扣成本（成本參考：2.8 折來回約 0.38%、全額約 0.585%）；交易方法狀態未知（全額交割、變更交易方法、停止信用交易的來源未提供）；容量以 s 日 vol20 估計，未模擬開盤競價量與滑價；容量受限,未扣成本·事後欄位以 m_ 標示·非投資建議
HO,6,2024-11-27,2024-11-28,3018,隆銘綠能,TWSE,S,S0_atr14@5,3,346,0.061789,,0,0,1,2.076,2.422,3.114,161.25,1.0,floor(1%×vol20),0.0,0.0,575,inf,250.0,official_prepanel,small,101.0,0,可交易（DK_s＝0）,未扣成本（成本參考：2.8 折來回約 0.38%、全額約 0.585%）；交易方法狀態未知（全額交割、變更交易方法、停止信用交易的來源未提供）；容量以 s 日 vol20 估計，未模擬開盤競價量與滑價；容量受限,未扣成本·事後欄位以 m_ 標示·非投資建議
HO,6,2024-11-27,2024-11-28,5276,達輝-KY,TPEx,S,S0_atr14@5,1,346,0.07975,,0,0,1,-2.174,3.382,2.415,180.75,1.0,floor(1%×vol20),0.0,0.0,575,inf,250.0,official_prepanel,small,115.0,0,可交易（DK_s＝0）,未扣成本（成本參考：2.8 折來回約 0.38%、全額約 0.585%）；交易方法狀態未知（全額交割、變更交易方法、停止信用交易的來源未提供）；容量以 s 日 vol20 估計，未模擬開盤競價量與滑價；容量受限,未扣成本·事後欄位以 m_ 標示·非投資建議
HO,6,2024-11-27,2024-11-28,5364,力麗店,TPEx,S,S0_atr14@5,5,346,0.059075,,0,0,1,0.172,7.216,18.557,137.75,1.0,floor(1%×vol20),0.0,0.0,575,inf,250.0,official_prepanel,small,78.0,0,可交易（DK_s＝0）,未扣成本（成本參考：2.8 折來回約 0.38%、全額約 0.585%）；交易方法狀態未知（全額交割、變更交易方法、停止信用交易的來源未提供）；容量以 s 日 vol20 估計，未模擬開盤競價量與滑價；容量受限,未扣成本·事後欄位以 m_ 標示·非投資建議
HO,6,2024-11-27,2024-11-28,6629,泰金-KY,TPEx,S,S0_atr14@5,4,346,0.059143,,0,0,1,0.0,1.6,1.2,280.75,2.0,floor(1%×vol20),0.0,0.0,575,inf,250.0,official_prepanel,small,87.0,0,可交易（DK_s＝0）,未扣成本（成本參考：2.8 折來回約 0.38%、全額約 0.585%）；交易方法狀態未知（全額交割、變更交易方法、停止信用交易的來源未提供）；容量以 s 日 vol20 估計，未模擬開盤競價量與滑價；容量受限,未扣成本·事後欄位以 m_ 標示·非投資建議
HO,6,2024-11-28,2024-11-29,2923,鼎固-KY,TWSE,S,S0_atr14@5,2,343,0.063922,,0,0,1,5.085,6.441,-4.068,126.0,1.0,floor(1%×vol20),0.0,0.0,576,inf,250.0,official_prepanel,large,94.0,0,可交易（DK_s＝0）,未扣成本（成本參考：2.8 折來回約 0.38%、全額約 0.585%）；交易方法狀態未知（全額交割、變更交易方法、停止信用交易的來源未提供）；容量以 s 日 vol20 估計，未模擬開盤競價量與滑價；容量受限,未扣成本·事後欄位以 m_ 標示·非投資建議
HO,6,2024-11-28,2024-11-29,3018,隆銘綠能,TWSE,S,S0_atr14@5,3,343,0.061622,,0,0,1,2.418,1.727,0.173,164.95,1.0,floor(1%×vol20),0.0,0.0,576,inf,250.0,official_prepanel,small,16.0,0,可交易（DK_s＝0）,未扣成本（成本參考：2.8 折來回約 0.38%、全額約 0.585%）；交易方法狀態未知（全額交割、變更交易方法、停止信用交易的來源未提供）；容量以 s 日 vol20 估計，未模擬開盤競價量與滑價；容量受限,未扣成本·事後欄位以 m_ 標示·非投資建議
HO,6,2024-11-28,2024-11-29,3073,天方能源,TPEx,S,S0_atr14@5,4,343,0.061085,,0,0,1,-1.478,8.374,3.941,242.55,2.0,floor(1%×vol20),0.0,0.0,576,inf,250.0,official_prepanel,small,80.0,0,可交易（DK_s＝0）,未扣成本（成本參考：2.8 折來回約 0.38%、全額約 0.585%）；交易方法狀態未知（全額交割、變更交易方法、停止信用交易的來源未提供）；容量以 s 日 vol20 估計，未模擬開盤競價量與滑價；容量受限,未扣成本·事後欄位以 m_ 標示·非投資建議
HO,6,2024-11-28,2024-11-29,5276,達輝-KY,TPEx,S,S0_atr14@5,1,343,0.077072,,0,0,1,5.038,1.259,7.053,182.45,1.0,floor(1%×vol20),0.0,0.0,576,inf,250.0,official_prepanel,small,39.0,0,可交易（DK_s＝0）,未扣成本（成本參考：2.8 折來回約 0.38%、全額約 0.585%）；交易方法狀態未知（全額交割、變更交易方法、停止信用交易的來源未提供）；容量以 s 日 vol20 估計，未模擬開盤競價量與滑價；容量受限,未扣成本·事後欄位以 m_ 標示·非投資建議
HO,6,2024-11-28,2024-11-29,6294,智基,TPEx,S,S0_atr14@5,5,343,0.059318,,0,0,1,1.884,2.355,0.157,209.35,2.0,floor(1%×vol20),0.0,0.0,576,inf,250.0,official_prepanel,small,30.0,0,可交易（DK_s＝0）,未扣成本（成本參考：2.8 折來回約 0.38%、全額約 0.585%）；交易方法狀態未知（全額交割、變更交易方法、停止信用交易的來源未提供）；容量以 s 日 vol20 估計，未模擬開盤競價量與滑價；容量受限,未扣成本·事後欄位以 m_ 標示·非投資建議
HO,6,2024-11-29,2024-12-02,2923,鼎固-KY,TWSE,S,S0_atr14@5,2,340,0.065092,,0,0,1,-2.097,0.968,-8.065,121.0,1.0,floor(1%×vol20),0.0,0.0,577,inf,250.0,official_prepanel,large,34.0,0,可交易（DK_s＝0）,未扣成本（成本參考：2.8 折來回約 0.38%、全額約 0.585%）；交易方法狀態未知（全額交割、變更交易方法、停止信用交易的來源未提供）；容量以 s 日 vol20 估計，未模擬開盤競價量與滑價；容量受限,未扣成本·事後欄位以 m_ 標示·非投資建議
HO,6,2024-11-29,2024-12-02,3018,隆銘綠能,TWSE,S,S0_atr14@5,3,340,0.062274,,0,0,1,0.344,-0.344,-2.405,164.1,1.0,floor(1%×vol20),0.0,0.0,577,inf,250.0,official_prepanel,small,58.0,0,可交易（DK_s＝0）,未扣成本（成本參考：2.8 折來回約 0.38%、全額約 0.585%）；交易方法狀態未知（全額交割、變更交易方法、停止信用交易的來源未提供）；容量以 s 日 vol20 估計，未模擬開盤競價量與滑價；容量受限,未扣成本·事後欄位以 m_ 標示·非投資建議
HO,6,2024-11-29,2024-12-02,3073,天方能源,TPEx,S,S0_atr14@5,5,340,0.059048,,0,0,1,-2.333,10.667,2.833,237.55,2.0,floor(1%×vol20),0.0,0.0,577,inf,250.0,official_prepanel,small,69.0,0,可交易（DK_s＝0）,未扣成本（成本參考：2.8 折來回約 0.38%、全額約 0.585%）；交易方法狀態未知（全額交割、變更交易方法、停止信用交易的來源未提供）；容量以 s 日 vol20 估計，未模擬開盤競價量與滑價；容量受限,未扣成本·事後欄位以 m_ 標示·非投資建議
HO,6,2024-11-29,2024-12-02,5276,達輝-KY,TPEx,S,S0_atr14@5,1,340,0.073827,,0,0,1,2.195,-1.707,-0.488,183.2,1.0,floor(1%×vol20),0.0,0.0,577,inf,250.0,official_prepanel,small,64.0,0,可交易（DK_s＝0）,未扣成本（成本參考：2.8 折來回約 0.38%、全額約 0.585%）；交易方法狀態未知（全額交割、變更交易方法、停止信用交易的來源未提供）；容量以 s 日 vol20 估計，未模擬開盤競價量與滑價；容量受限,未扣成本·事後欄位以 m_ 標示·非投資建議
HO,6,2024-11-29,2024-12-02,6870,騰雲,TPEx,S,S0_atr14@5,4,340,0.059938,,0,0,1,5.957,4.681,7.872,128.55,1.0,floor(1%×vol20),0.0,0.0,294,294.0,250.0,official,small,118.0,0,可交易（DK_s＝0）,未扣成本（成本參考：2.8 折來回約 0.38%、全額約 0.585%）；交易方法狀態未知（全額交割、變更交易方法、停止信用交易的來源未提供）；容量以 s 日 vol20 估計，未模擬開盤競價量與滑價；容量受限,未扣成本·事後欄位以 m_ 標示·非投資建議
HO,6,2024-12-02,2024-12-03,2923,鼎固-KY,TWSE,S,S0_atr14@5,3,339,0.060367,,0,0,1,2.142,2.471,-8.072,120.75,1.0,floor(1%×vol20),0.0,0.0,578,inf,250.0,official_prepanel,large,45.0,0,可交易（DK_s＝0）,未扣成本（成本參考：2.8 折來回約 0.38%、全額約 0.585%）；交易方法狀態未知（全額交割、變更交易方法、停止信用交易的來源未提供）；容量以 s 日 vol20 估計，未模擬開盤競價量與滑價；容量受限,未扣成本·事後欄位以 m_ 標示·非投資建議
HO,6,2024-12-02,2024-12-03,3018,隆銘綠能,TWSE,S,S0_atr14@5,2,339,0.064457,,0,0,1,2.389,-0.341,-3.754,164.3,1.0,floor(1%×vol20),0.0,0.0,578,inf,250.0,official_prepanel,small,42.0,0,可交易（DK_s＝0）,未扣成本（成本參考：2.8 折來回約 0.38%、全額約 0.585%）；交易方法狀態未知（全額交割、變更交易方法、停止信用交易的來源未提供）；容量以 s 日 vol20 估計，未模擬開盤競價量與滑價；容量受限,未扣成本·事後欄位以 m_ 標示·非投資建議
HO,6,2024-12-02,2024-12-03,3073,天方能源,TPEx,S,S0_atr14@5,4,339,0.057289,,0,0,1,4.237,13.22,-1.186,233.1,2.0,floor(1%×vol20),0.0,0.0,578,inf,250.0,official_prepanel,small,383.0,0,可交易（DK_s＝0）,未扣成本（成本參考：2.8 折來回約 0.38%、全額約 0.585%）；交易方法狀態未知（全額交割、變更交易方法、停止信用交易的來源未提供）；容量以 s 日 vol20 估計，未模擬開盤競價量與滑價；容量受限,未扣成本·事後欄位以 m_ 標示·非投資建議
HO,6,2024-12-02,2024-12-03,5276,達輝-KY,TPEx,S,S0_atr14@5,1,339,0.07177,,0,0,1,0.0,-5.841,-4.206,185.75,1.0,floor(1%×vol20),0.0,0.0,578,inf,250.0,official_prepanel,small,50.0,0,可交易（DK_s＝0）,未扣成本（成本參考：2.8 折來回約 0.38%、全額約 0.585%）；交易方法狀態未知（全額交割、變更交易方法、停止信用交易的來源未提供）；容量以 s 日 vol20 估計，未模擬開盤競價量與滑價；容量受限,未扣成本·事後欄位以 m_ 標示·非投資建議
HO,6,2024-12-02,2024-12-03,6870,騰雲,TPEx,S,S0_atr14@5,5,339,0.056225,,0,0,1,-3.226,1.21,2.016,133.45,1.0,floor(1%×vol20),0.0,0.0,295,295.0,250.0,official,small,120.0,0,可交易（DK_s＝0）,未扣成本（成本參考：2.8 折來回約 0.38%、全額約 0.585%）；交易方法狀態未知（全額交割、變更交易方法、停止信用交易的來源未提供）；容量以 s 日 vol20 估計，未模擬開盤競價量與滑價；容量受限,未扣成本·事後欄位以 m_ 標示·非投資建議
HO,6,2024-12-03,2024-12-04,2923,鼎固-KY,TWSE,S,S0_atr14@5,3,336,0.05818,,0,0,1,-0.161,-3.852,-9.631,120.1,1.0,floor(1%×vol20),0.0,0.0,579,inf,250.0,official_prepanel,large,23.0,0,可交易（DK_s＝0）,未扣成本（成本參考：2.8 折來回約 0.38%、全額約 0.585%）；交易方法狀態未知（全額交割、變更交易方法、停止信用交易的來源未提供）；容量以 s 日 vol20 估計，未模擬開盤競價量與滑價；容量受限,未扣成本·事後欄位以 m_ 標示·非投資建議
HO,6,2024-12-03,2024-12-04,3018,隆銘綠能,TWSE,S,S0_atr14@5,4,336,0.058095,,0,0,1,1.544,2.23,-5.66,164.45,1.0,floor(1%×vol20),0.0,0.0,579,inf,250.0,official_prepanel,small,9.0,0,可交易（DK_s＝0）,未扣成本（成本參考：2.8 折來回約 0.38%、全額約 0.585%）；交易方法狀態未知（全額交割、變更交易方法、停止信用交易的來源未提供）；容量以 s 日 vol20 估計，未模擬開盤競價量與滑價；容量受限,未扣成本·事後欄位以 m_ 標示·非投資建議
HO,6,2024-12-03,2024-12-04,3073,天方能源,TPEx,S,S0_atr14@5,5,336,0.057607,,0,0,1,-0.323,7.431,-3.673,244.5,2.0,floor(1%×vol20),0.0,0.0,579,inf,250.0,official_prepanel,small,138.0,0,可交易（DK_s＝0）,未扣成本（成本參考：2.8 折來回約 0.38%、全額約 0.585%）；交易方法狀態未知（全額交割、變更交易方法、停止信用交易的來源未提供）；容量以 s 日 vol20 估計，未模擬開盤競價量與滑價；容量受限,未扣成本·事後欄位以 m_ 標示·非投資建議
HO,6,2024-12-03,2024-12-04,5276,達輝-KY,TPEx,S,S0_atr14@5,1,336,0.064419,,0,0,1,0.0,-5.374,-6.075,186.05,1.0,floor(1%×vol20),0.0,0.0,579,inf,250.0,official_prepanel,small,31.0,0,可交易（DK_s＝0）,未扣成本（成本參考：2.8 折來回約 0.38%、全額約 0.585%）；交易方法狀態未知（全額交割、變更交易方法、停止信用交易的來源未提供）；容量以 s 日 vol20 估計，未模擬開盤競價量與滑價；容量受限,未扣成本·事後欄位以 m_ 標示·非投資建議
HO,6,2024-12-03,2024-12-04,6870,騰雲,TPEx,S,S0_atr14@5,2,336,0.060417,,0,0,1,0.417,9.375,4.167,138.25,1.0,floor(1%×vol20),0.0,0.0,296,296.0,250.0,official,small,94.0,0,可交易（DK_s＝0）,未扣成本（成本參考：2.8 折來回約 0.38%、全額約 0.585%）；交易方法狀態未知（全額交割、變更交易方法、停止信用交易的來源未提供）；容量以 s 日 vol20 估計，未模擬開盤競價量與滑價；容量受限,未扣成本·事後欄位以 m_ 標示·非投資建議
HO,6,2024-12-04,2024-12-05,2923,鼎固-KY,TWSE,S,S0_atr14@5,3,338,0.0565,,0,0,1,1.454,-6.947,-11.793,120.75,1.0,floor(1%×vol20),0.0,0.0,580,inf,250.0,official_prepanel,large,13.0,0,可交易（DK_s＝0）,未扣成本（成本參考：2.8 折來回約 0.38%、全額約 0.585%）；交易方法狀態未知（全額交割、變更交易方法、停止信用交易的來源未提供）；容量以 s 日 vol20 估計，未模擬開盤競價量與滑價；容量受限,未扣成本·事後欄位以 m_ 標示·非投資建議
HO,6,2024-12-04,2024-12-05,3018,隆銘綠能,TWSE,S,S0_atr14@5,5,338,0.053933,,0,0,1,-0.507,0.676,-9.122,162.7,1.0,floor(1%×vol20),0.0,0.0,580,inf,250.0,official_prepanel,small,43.0,0,可交易（DK_s＝0）,未扣成本（成本參考：2.8 折來回約 0.38%、全額約 0.585%）；交易方法狀態未知（全額交割、變更交易方法、停止信用交易的來源未提供）；容量以 s 日 vol20 估計，未模擬開盤競價量與滑價；容量受限,未扣成本·事後欄位以 m_ 標示·非投資建議
HO,6,2024-12-04,2024-12-05,3073,天方能源,TPEx,S,S0_atr14@5,4,338,0.056031,,0,1,0,-2.655,-5.015,-8.771,237.25,2.0,floor(1%×vol20),0.0,0.0,580,inf,250.0,official_prepanel,small,1101.0,0,可交易（DK_s＝0）,未扣成本（成本參考：2.8 折來回約 0.38%、全額約 0.585%）；交易方法狀態未知（全額交割、變更交易方法、停止信用交易的來源未提供）；容量以 s 日 vol20 估計，未模擬開盤競價量與滑價；容量受限,未扣成本·事後欄位以 m_ 標示·非投資建議
HO,6,2024-12-04,2024-12-05,5276,達輝-KY,TPEx,S,S0_atr14@5,1,338,0.061582,,0,0,1,-5.189,0.0,-6.604,186.75,1.0,floor(1%×vol20),0.0,0.0,580,inf,250.0,official_prepanel,small,95.0,0,可交易（DK_s＝0）,未扣成本（成本參考：2.8 折來回約 0.38%、全額約 0.585%）；交易方法狀態未知（全額交割、變更交易方法、停止信用交易的來源未提供）；容量以 s 日 vol20 估計，未模擬開盤競價量與滑價；容量受限,未扣成本·事後欄位以 m_ 標示·非投資建議
HO,6,2024-12-04,2024-12-05,6870,騰雲,TPEx,S,S0_atr14@5,2,338,0.058832,,0,0,1,2.49,14.315,2.282,140.95,1.0,floor(1%×vol20),0.0,0.0,297,297.0,250.0,official,small,528.0,0,可交易（DK_s＝0）,未扣成本（成本參考：2.8 折來回約 0.38%、全額約 0.585%）；交易方法狀態未知（全額交割、變更交易方法、停止信用交易的來源未提供）；容量以 s 日 vol20 估計，未模擬開盤競價量與滑價；容量受限,未扣成本·事後欄位以 m_ 標示·非投資建議
HO,6,2024-12-05,2024-12-06,2923,鼎固-KY,TWSE,S,S0_atr14@5,3,346,0.054595,,0,0,1,-1.262,-10.726,-18.139,117.75,1.0,floor(1%×vol20),0.0,0.0,581,inf,250.0,official_prepanel,large,7.0,0,可交易（DK_s＝0）,未扣成本（成本參考：2.8 折來回約 0.38%、全額約 0.585%）；交易方法狀態未知（全額交割、變更交易方法、停止信用交易的來源未提供）；容量以 s 日 vol20 估計，未模擬開盤競價量與滑價；容量受限,未扣成本·事後欄位以 m_ 標示·非投資建議
HO,6,2024-12-05,2024-12-06,3073,天方能源,TPEx,S,S0_atr14@5,4,346,0.052381,,0,0,1,0.912,-3.799,-7.69,277.6,2.0,floor(1%×vol20),0.0,0.0,581,inf,250.0,official_prepanel,small,407.0,0,可交易（DK_s＝0）,未扣成本（成本參考：2.8 折來回約 0.38%、全額約 0.585%）；交易方法狀態未知（全額交割、變更交易方法、停止信用交易的來源未提供）；容量以 s 日 vol20 估計，未模擬開盤競價量與滑價；容量受限,未扣成本·事後欄位以 m_ 標示·非投資建議
HO,6,2024-12-05,2024-12-06,5276,達輝-KY,TPEx,S,S0_atr14@5,1,346,0.063077,,0,0,1,-0.494,4.938,-1.728,180.9,1.0,floor(1%×vol20),0.0,0.0,581,inf,250.0,official_prepanel,small,63.0,0,可交易（DK_s＝0）,未扣成本（成本參考：2.8 折來回約 0.38%、全額約 0.585%）；交易方法狀態未知（全額交割、變更交易方法、停止信用交易的來源未提供）；容量以 s 日 vol20 估計，未模擬開盤競價量與滑價；容量受限,未扣成本·事後欄位以 m_ 標示·非投資建議
HO,6,2024-12-05,2024-12-06,6199,天品,TPEx,S,S0_atr14@5,5,346,0.051565,,0,0,1,9.005,14.692,13.27,281.1,2.0,floor(1%×vol20),0.0,0.0,581,inf,250.0,official_prepanel,small,305.0,0,可交易（DK_s＝0）,未扣成本（成本參考：2.8 折來回約 0.38%、全額約 0.585%）；交易方法狀態未知（全額交割、變更交易方法、停止信用交易的來源未提供）；容量以 s 日 vol20 估計，未模擬開盤競價量與滑價；容量受限,未扣成本·事後欄位以 m_ 標示·非投資建議
HO,6,2024-12-05,2024-12-06,6870,騰雲,TPEx,S,S0_atr14@5,2,346,0.061885,,0,0,1,-4.094,0.78,-3.704,165.5,1.0,floor(1%×vol20),0.0,0.0,298,298.0,250.0,official,small,135.0,0,可交易（DK_s＝0）,未扣成本（成本參考：2.8 折來回約 0.38%、全額約 0.585%）；交易方法狀態未知（全額交割、變更交易方法、停止信用交易的來源未提供）；容量以 s 日 vol20 估計，未模擬開盤競價量與滑價；容量受限,未扣成本·事後欄位以 m_ 標示·非投資建議
HO,6,2024-12-06,2024-12-09,4402,郡都開發,TPEx,S,S0_atr14@5,4,342,0.052321,,0,0,1,-5.357,-5.714,-15.0,168.6,1.0,floor(1%×vol20),0.0,0.0,582,inf,250.0,official_prepanel,small,324.0,0,可交易（DK_s＝0）,未扣成本（成本參考：2.8 折來回約 0.38%、全額約 0.585%）；交易方法狀態未知（全額交割、變更交易方法、停止信用交易的來源未提供）；容量以 s 日 vol20 估計，未模擬開盤競價量與滑價；容量受限,未扣成本·事後欄位以 m_ 標示·非投資建議
HO,6,2024-12-06,2024-12-09,5276,達輝-KY,TPEx,S,S0_atr14@5,3,342,0.061149,,0,0,1,-0.248,0.99,-2.475,164.05,1.0,floor(1%×vol20),0.0,0.0,582,inf,250.0,official_prepanel,small,172.0,0,可交易（DK_s＝0）,未扣成本（成本參考：2.8 折來回約 0.38%、全額約 0.585%）；交易方法狀態未知（全額交割、變更交易方法、停止信用交易的來源未提供）；容量以 s 日 vol20 估計，未模擬開盤競價量與滑價；容量受限,未扣成本·事後欄位以 m_ 標示·非投資建議
HO,6,2024-12-06,2024-12-09,6199,天品,TPEx,S,S0_atr14@5,5,342,0.052174,,0,0,1,-1.288,-3.863,2.146,285.65,2.0,floor(1%×vol20),0.0,0.0,582,inf,250.0,official_prepanel,mid,360.0,0,可交易（DK_s＝0）,未扣成本（成本參考：2.8 折來回約 0.38%、全額約 0.585%）；交易方法狀態未知（全額交割、變更交易方法、停止信用交易的來源未提供）；容量以 s 日 vol20 估計，未模擬開盤競價量與滑價；容量受限,未扣成本·事後欄位以 m_ 標示·非投資建議
HO,6,2024-12-06,2024-12-09,6228,全譜,TPEx,S,S0_atr14@5,1,342,0.070979,,0,0,1,-1.406,-6.25,-13.438,102.1,1.0,floor(1%×vol20),0.0,0.0,582,inf,250.0,official_prepanel,small,60.0,0,可交易（DK_s＝0）,未扣成本（成本參考：2.8 折來回約 0.38%、全額約 0.585%）；交易方法狀態未知（全額交割、變更交易方法、停止信用交易的來源未提供）；容量以 s 日 vol20 估計，未模擬開盤競價量與滑價；容量受限,未扣成本·事後欄位以 m_ 標示·非投資建議
HO,6,2024-12-06,2024-12-09,6870,騰雲,TPEx,S,S0_atr14@5,2,342,0.06475,,0,0,1,1.414,2.424,-3.838,168.5,1.0,floor(1%×vol20),0.0,0.0,299,299.0,250.0,official,small,98.0,0,可交易（DK_s＝0）,未扣成本（成本參考：2.8 折來回約 0.38%、全額約 0.585%）；交易方法狀態未知（全額交割、變更交易方法、停止信用交易的來源未提供）；容量以 s 日 vol20 估計，未模擬開盤競價量與滑價；容量受限,未扣成本·事後欄位以 m_ 標示·非投資建議
HO,6,2024-12-09,2024-12-10,4402,郡都開發,TPEx,S,S0_atr14@5,3,340,0.058895,,0,0,1,0.377,-3.019,-6.604,179.65,1.0,floor(1%×vol20),0.0,0.0,583,inf,250.0,official_prepanel,small,64.0,0,可交易（DK_s＝0）,未扣成本（成本參考：2.8 折來回約 0.38%、全額約 0.585%）；交易方法狀態未知（全額交割、變更交易方法、停止信用交易的來源未提供）；容量以 s 日 vol20 估計，未模擬開盤競價量與滑價；容量受限,未扣成本·事後欄位以 m_ 標示·非投資建議
HO,6,2024-12-09,2024-12-10,5276,達輝-KY,TPEx,S,S0_atr14@5,4,340,0.0553,,0,0,1,-0.978,0.244,-4.401,164.1,1.0,floor(1%×vol20),0.0,0.0,583,inf,250.0,official_prepanel,small,69.0,0,可交易（DK_s＝0）,未扣成本（成本參考：2.8 折來回約 0.38%、全額約 0.585%）；交易方法狀態未知（全額交割、變更交易方法、停止信用交易的來源未提供）；容量以 s 日 vol20 估計，未模擬開盤競價量與滑價；容量受限,未扣成本·事後欄位以 m_ 標示·非投資建議
HO,6,2024-12-09,2024-12-10,6199,天品,TPEx,S,S0_atr14@5,5,340,0.054969,,0,0,1,5.217,5.217,2.609,294.85,2.0,floor(1%×vol20),0.0,1.0,583,inf,250.0,official_prepanel,mid,368.0,0,可交易（DK_s＝0）,未扣成本（成本參考：2.8 折來回約 0.38%、全額約 0.585%）；交易方法狀態未知（全額交割、變更交易方法、停止信用交易的來源未提供）；容量以 s 日 vol20 估計，未模擬開盤競價量與滑價；容量受限,未扣成本·事後欄位以 m_ 標示·非投資建議
HO,6,2024-12-09,2024-12-10,6228,全譜,TPEx,S,S0_atr14@5,1,340,0.068485,,0,0,1,-2.694,-6.181,-11.727,103.7,1.0,floor(1%×vol20),0.0,0.0,583,inf,250.0,official_prepanel,small,19.0,0,可交易（DK_s＝0）,未扣成本（成本參考：2.8 折來回約 0.38%、全額約 0.585%）；交易方法狀態未知（全額交割、變更交易方法、停止信用交易的來源未提供）；容量以 s 日 vol20 估計，未模擬開盤競價量與滑價；容量受限,未扣成本·事後欄位以 m_ 標示·非投資建議
HO,6,2024-12-09,2024-12-10,6870,騰雲,TPEx,S,S0_atr14@5,2,340,0.063745,,0,0,1,5.0,1.2,-6.2,171.55,1.0,floor(1%×vol20),0.0,0.0,300,300.0,250.0,official,small,170.0,0,可交易（DK_s＝0）,未扣成本（成本參考：2.8 折來回約 0.38%、全額約 0.585%）；交易方法狀態未知（全額交割、變更交易方法、停止信用交易的來源未提供）；容量以 s 日 vol20 估計，未模擬開盤競價量與滑價；容量受限,未扣成本·事後欄位以 m_ 標示·非投資建議
HO,6,2024-12-10,2024-12-11,2923,鼎固-KY,TWSE,S,S0_atr14@5,5,344,0.048772,,0,0,1,-4.636,-6.788,-12.914,112.3,1.0,floor(1%×vol20),0.0,0.0,584,inf,250.0,official_prepanel,large,67.0,0,可交易（DK_s＝0）,未扣成本（成本參考：2.8 折來回約 0.38%、全額約 0.585%）；交易方法狀態未知（全額交割、變更交易方法、停止信用交易的來源未提供）；容量以 s 日 vol20 估計，未模擬開盤競價量與滑價；容量受限,未扣成本·事後欄位以 m_ 標示·非投資建議
HO,6,2024-12-10,2024-12-11,4402,郡都開發,TPEx,S,S0_atr14@5,3,344,0.058539,,0,0,1,0.0,-4.887,-6.203,176.5,1.0,floor(1%×vol20),0.0,0.0,584,inf,250.0,official_prepanel,small,46.0,0,可交易（DK_s＝0）,未扣成本（成本參考：2.8 折來回約 0.38%、全額約 0.585%）；交易方法狀態未知（全額交割、變更交易方法、停止信用交易的來源未提供）；容量以 s 日 vol20 估計，未模擬開盤競價量與滑價；容量受限,未扣成本·事後欄位以 m_ 標示·非投資建議
HO,6,2024-12-10,2024-12-11,5276,達輝-KY,TPEx,S,S0_atr14@5,4,344,0.052028,,0,0,1,5.473,0.0,-1.99,156.05,1.0,floor(1%×vol20),0.0,0.0,584,inf,250.0,official_prepanel,small,131.0,0,可交易（DK_s＝0）,未扣成本（成本參考：2.8 折來回約 0.38%、全額約 0.585%）；交易方法狀態未知（全額交割、變更交易方法、停止信用交易的來源未提供）；容量以 s 日 vol20 估計，未模擬開盤競價量與滑價；容量受限,未扣成本·事後欄位以 m_ 標示·非投資建議
HO,6,2024-12-10,2024-12-11,6228,全譜,TPEx,S,S0_atr14@5,2,344,0.063402,,0,0,1,-2.871,-5.263,-11.643,104.1,1.0,floor(1%×vol20),0.0,0.0,584,inf,250.0,official_prepanel,small,47.0,0,可交易（DK_s＝0）,未扣成本（成本參考：2.8 折來回約 0.38%、全額約 0.585%）；交易方法狀態未知（全額交割、變更交易方法、停止信用交易的來源未提供）；容量以 s 日 vol20 估計，未模擬開盤競價量與滑價；容量受限,未扣成本·事後欄位以 m_ 標示·非投資建議
HO,6,2024-12-10,2024-12-11,6870,騰雲,TPEx,S,S0_atr14@5,1,344,0.065034,,0,0,1,5.556,-4.215,-9.962,177.7,1.0,floor(1%×vol20),0.0,0.0,301,301.0,250.0,official,small,396.0,0,可交易（DK_s＝0）,未扣成本（成本參考：2.8 折來回約 0.38%、全額約 0.585%）；交易方法狀態未知（全額交割、變更交易方法、停止信用交易的來源未提供）；容量以 s 日 vol20 估計，未模擬開盤競價量與滑價；容量受限,未扣成本·事後欄位以 m_ 標示·非投資建議
HO,6,2024-12-11,2024-12-12,2923,鼎固-KY,TWSE,S,S0_atr14@5,4,336,0.051587,,0,0,1,-1.049,-4.545,-6.469,102.0,1.0,floor(1%×vol20),0.0,0.0,585,inf,250.0,official_prepanel,large,73.0,0,可交易（DK_s＝0）,未扣成本（成本參考：2.8 折來回約 0.38%、全額約 0.585%）；交易方法狀態未知（全額交割、變更交易方法、停止信用交易的來源未提供）；容量以 s 日 vol20 估計，未模擬開盤競價量與滑價；容量受限,未扣成本·事後欄位以 m_ 標示·非投資建議
HO,6,2024-12-11,2024-12-12,4402,郡都開發,TPEx,S,S0_atr14@5,3,336,0.055854,,0,0,1,-0.752,-4.699,-7.895,176.2,1.0,floor(1%×vol20),0.0,0.0,585,inf,250.0,official_prepanel,small,73.0,0,可交易（DK_s＝0）,未扣成本（成本參考：2.8 折來回約 0.38%、全額約 0.585%）；交易方法狀態未知（全額交割、變更交易方法、停止信用交易的來源未提供）；容量以 s 日 vol20 估計，未模擬開盤競價量與滑價；容量受限,未扣成本·事後欄位以 m_ 標示·非投資建議
HO,6,2024-12-11,2024-12-12,5276,達輝-KY,TPEx,S,S0_atr14@5,5,336,0.05155,,0,0,1,0.473,-6.383,-7.565,152.3,1.0,floor(1%×vol20),0.0,0.0,585,inf,250.0,official_prepanel,small,71.0,0,可交易（DK_s＝0）,未扣成本（成本參考：2.8 折來回約 0.38%、全額約 0.585%）；交易方法狀態未知（全額交割、變更交易方法、停止信用交易的來源未提供）；容量以 s 日 vol20 估計，未模擬開盤競價量與滑價；容量受限,未扣成本·事後欄位以 m_ 標示·非投資建議
HO,6,2024-12-11,2024-12-12,6228,全譜,TPEx,S,S0_atr14@5,2,336,0.058175,,0,0,1,-1.468,-5.057,-7.015,106.05,1.0,floor(1%×vol20),0.0,0.0,585,inf,250.0,official_prepanel,small,39.0,0,可交易（DK_s＝0）,未扣成本（成本參考：2.8 折來回約 0.38%、全額約 0.585%）；交易方法狀態未知（全額交割、變更交易方法、停止信用交易的來源未提供）；容量以 s 日 vol20 估計，未模擬開盤競價量與滑價；容量受限,未扣成本·事後欄位以 m_ 標示·非投資建議
HO,6,2024-12-11,2024-12-12,6870,騰雲,TPEx,S,S0_atr14@5,1,336,0.062095,,0,0,1,-5.311,-9.707,-15.934,197.2,1.0,floor(1%×vol20),0.0,0.0,302,302.0,250.0,official,small,184.0,0,可交易（DK_s＝0）,未扣成本（成本參考：2.8 折來回約 0.38%、全額約 0.585%）；交易方法狀態未知（全額交割、變更交易方法、停止信用交易的來源未提供）；容量以 s 日 vol20 估計，未模擬開盤競價量與滑價；容量受限,未扣成本·事後欄位以 m_ 標示·非投資建議
HO,6,2024-12-12,2024-12-13,4402,郡都開發,TPEx,S,S0_atr14@5,2,344,0.056142,,0,0,1,0.763,-9.351,-5.153,172.35,1.0,floor(1%×vol20),0.0,0.0,586,inf,250.0,official_prepanel,small,45.0,0,可交易（DK_s＝0）,未扣成本（成本參考：2.8 折來回約 0.38%、全額約 0.585%）；交易方法狀態未知（全額交割、變更交易方法、停止信用交易的來源未提供）；容量以 s 日 vol20 估計，未模擬開盤競價量與滑價；容量受限,未扣成本·事後欄位以 m_ 標示·非投資建議
HO,6,2024-12-12,2024-12-13,4442,竣邦-KY,TPEx,S,S0_atr14@5,3,344,0.053795,,0,0,1,12.272,3.133,0.0,101.5,1.0,floor(1%×vol20),0.0,0.0,252,252.0,250.0,official,small,98.0,0,可交易（DK_s＝0）,未扣成本（成本參考：2.8 折來回約 0.38%、全額約 0.585%）；交易方法狀態未知（全額交割、變更交易方法、停止信用交易的來源未提供）；容量以 s 日 vol20 估計，未模擬開盤競價量與滑價；容量受限,未扣成本·事後欄位以 m_ 標示·非投資建議
HO,6,2024-12-12,2024-12-13,5276,達輝-KY,TPEx,S,S0_atr14@5,4,344,0.052941,,0,0,1,-0.971,-3.398,-4.369,150.65,1.0,floor(1%×vol20),0.0,0.0,586,inf,250.0,official_prepanel,small,47.0,0,可交易（DK_s＝0）,未扣成本（成本參考：2.8 折來回約 0.38%、全額約 0.585%）；交易方法狀態未知（全額交割、變更交易方法、停止信用交易的來源未提供）；容量以 s 日 vol20 估計，未模擬開盤競價量與滑價；容量受限,未扣成本·事後欄位以 m_ 標示·非投資建議
HO,6,2024-12-12,2024-12-13,6431,光麗-KY,TWSE,S,S0_atr14@5,5,344,0.046912,,0,0,1,-2.64,-7.261,-5.611,141.05,1.0,floor(1%×vol20),0.0,0.0,586,inf,250.0,official_prepanel,small,108.0,0,可交易（DK_s＝0）,未扣成本（成本參考：2.8 折來回約 0.38%、全額約 0.585%）；交易方法狀態未知（全額交割、變更交易方法、停止信用交易的來源未提供）；容量以 s 日 vol20 估計，未模擬開盤競價量與滑價；容量受限,未扣成本·事後欄位以 m_ 標示·非投資建議
HO,6,2024-12-12,2024-12-13,6870,騰雲,TPEx,S,S0_atr14@5,1,344,0.064244,,0,0,1,-1.934,-4.449,-14.313,201.35,2.0,floor(1%×vol20),0.0,0.0,303,303.0,250.0,official,small,53.0,0,可交易（DK_s＝0）,未扣成本（成本參考：2.8 折來回約 0.38%、全額約 0.585%）；交易方法狀態未知（全額交割、變更交易方法、停止信用交易的來源未提供）；容量以 s 日 vol20 估計，未模擬開盤競價量與滑價；容量受限,未扣成本·事後欄位以 m_ 標示·非投資建議
HO,6,2024-12-13,2024-12-16,4402,郡都開發,TPEx,S,S0_atr14@5,3,344,0.056953,,0,0,1,-2.652,-9.848,-7.955,169.7,1.0,floor(1%×vol20),0.0,0.0,587,inf,250.0,official_prepanel,small,51.0,0,可交易（DK_s＝0）,未扣成本（成本參考：2.8 折來回約 0.38%、全額約 0.585%）；交易方法狀態未知（全額交割、變更交易方法、停止信用交易的來源未提供）；容量以 s 日 vol20 估計，未模擬開盤競價量與滑價；容量受限,未扣成本·事後欄位以 m_ 標示·非投資建議
HO,6,2024-12-13,2024-12-16,5276,達輝-KY,TPEx,S,S0_atr14@5,2,344,0.057773,,0,0,1,2.5,-1.5,-2.5,126.85,1.0,floor(1%×vol20),0.0,0.0,587,inf,250.0,official_prepanel,small,40.0,0,可交易（DK_s＝0）,未扣成本（成本參考：2.8 折來回約 0.38%、全額約 0.585%）；交易方法狀態未知（全額交割、變更交易方法、停止信用交易的來源未提供）；容量以 s 日 vol20 估計，未模擬開盤競價量與滑價；容量受限,未扣成本·事後欄位以 m_ 標示·非投資建議
HO,6,2024-12-13,2024-12-16,6431,光麗-KY,TWSE,S,S0_atr14@5,4,344,0.051332,,0,0,1,-2.389,-3.413,1.706,141.05,1.0,floor(1%×vol20),0.0,0.0,587,inf,250.0,official_prepanel,small,139.0,0,可交易（DK_s＝0）,未扣成本（成本參考：2.8 折來回約 0.38%、全額約 0.585%）；交易方法狀態未知（全額交割、變更交易方法、停止信用交易的來源未提供）；容量以 s 日 vol20 估計，未模擬開盤競價量與滑價；容量受限,未扣成本·事後欄位以 m_ 標示·非投資建議
HO,6,2024-12-13,2024-12-16,6870,騰雲,TPEx,S,S0_atr14@5,1,344,0.066075,,0,0,1,-2.505,-8.285,-19.075,202.35,2.0,floor(1%×vol20),0.0,0.0,304,304.0,250.0,official,small,53.0,0,可交易（DK_s＝0）,未扣成本（成本參考：2.8 折來回約 0.38%、全額約 0.585%）；交易方法狀態未知（全額交割、變更交易方法、停止信用交易的來源未提供）；容量以 s 日 vol20 估計，未模擬開盤競價量與滑價；容量受限,未扣成本·事後欄位以 m_ 標示·非投資建議
HO,6,2024-12-13,2024-12-16,6895,宏碩系統,TPEx,S,S0_atr14@5,5,344,0.048882,,0,0,1,-2.387,-3.979,0.0,233.55,2.0,floor(1%×vol20),0.0,0.0,321,321.0,250.0,official,small,107.0,0,可交易（DK_s＝0）,未扣成本（成本參考：2.8 折來回約 0.38%、全額約 0.585%）；交易方法狀態未知（全額交割、變更交易方法、停止信用交易的來源未提供）；容量以 s 日 vol20 估計，未模擬開盤競價量與滑價；容量受限,未扣成本·事後欄位以 m_ 標示·非投資建議
HO,6,2024-12-16,2024-12-17,4402,郡都開發,TPEx,S,S0_atr14@5,5,336,0.053502,,0,0,1,-1.556,-3.696,-7.393,168.1,1.0,floor(1%×vol20),0.0,0.0,588,inf,250.0,official_prepanel,small,64.0,0,可交易（DK_s＝0）,未扣成本（成本參考：2.8 折來回約 0.38%、全額約 0.585%）；交易方法狀態未知（全額交割、變更交易方法、停止信用交易的來源未提供）；容量以 s 日 vol20 估計，未模擬開盤競價量與滑價；容量受限,未扣成本·事後欄位以 m_ 標示·非投資建議
HO,6,2024-12-16,2024-12-17,5276,達輝-KY,TPEx,S,S0_atr14@5,3,336,0.054355,,0,0,1,0.249,-2.494,-0.748,113.2,1.0,floor(1%×vol20),0.0,0.0,588,inf,250.0,official_prepanel,small,23.0,0,可交易（DK_s＝0）,未扣成本（成本參考：2.8 折來回約 0.38%、全額約 0.585%）；交易方法狀態未知（全額交割、變更交易方法、停止信用交易的來源未提供）；容量以 s 日 vol20 估計，未模擬開盤競價量與滑價；容量受限,未扣成本·事後欄位以 m_ 標示·非投資建議
HO,6,2024-12-16,2024-12-17,6144,得利影,TPEx,S,S0_atr14@5,1,336,0.091487,,0,0,1,0.583,-3.061,-9.038,100.2,1.0,floor(1%×vol20),0.0,0.0,588,inf,250.0,official_prepanel,small,102.0,0,可交易（DK_s＝0）,未扣成本（成本參考：2.8 折來回約 0.38%、全額約 0.585%）；交易方法狀態未知（全額交割、變更交易方法、停止信用交易的來源未提供）；容量以 s 日 vol20 估計，未模擬開盤競價量與滑價；容量受限,未扣成本·事後欄位以 m_ 標示·非投資建議
HO,6,2024-12-16,2024-12-17,6431,光麗-KY,TWSE,S,S0_atr14@5,4,336,0.054196,,0,0,1,-1.034,-0.345,-0.345,139.55,1.0,floor(1%×vol20),0.0,0.0,588,inf,250.0,official_prepanel,small,93.0,0,可交易（DK_s＝0）,未扣成本（成本參考：2.8 折來回約 0.38%、全額約 0.585%）；交易方法狀態未知（全額交割、變更交易方法、停止信用交易的來源未提供）；容量以 s 日 vol20 估計，未模擬開盤競價量與滑價；容量受限,未扣成本·事後欄位以 m_ 標示·非投資建議
HO,6,2024-12-16,2024-12-17,6870,騰雲,TPEx,S,S0_atr14@5,2,336,0.063947,,0,0,1,-1.186,-7.312,-17.391,203.7,2.0,floor(1%×vol20),0.0,0.0,305,305.0,250.0,official,small,50.0,0,可交易（DK_s＝0）,未扣成本（成本參考：2.8 折來回約 0.38%、全額約 0.585%）；交易方法狀態未知（全額交割、變更交易方法、停止信用交易的來源未提供）；容量以 s 日 vol20 估計，未模擬開盤競價量與滑價；容量受限,未扣成本·事後欄位以 m_ 標示·非投資建議
HO,6,2024-12-17,2024-12-18,4402,郡都開發,TPEx,S,S0_atr14@5,4,334,0.049831,,0,0,1,-0.197,-1.772,-8.268,167.95,1.0,floor(1%×vol20),0.0,0.0,589,inf,250.0,official_prepanel,small,23.0,0,可交易（DK_s＝0）,未扣成本（成本參考：2.8 折來回約 0.38%、全額約 0.585%）；交易方法狀態未知（全額交割、變更交易方法、停止信用交易的來源未提供）；容量以 s 日 vol20 估計，未模擬開盤競價量與滑價；容量受限,未扣成本·事後欄位以 m_ 標示·非投資建議
HO,6,2024-12-17,2024-12-18,5364,力麗店,TPEx,S,S0_atr14@5,3,334,0.050988,,0,0,1,0.309,-3.395,1.852,110.55,1.0,floor(1%×vol20),0.0,0.0,589,inf,250.0,official_prepanel,small,69.0,0,可交易（DK_s＝0）,未扣成本（成本參考：2.8 折來回約 0.38%、全額約 0.585%）；交易方法狀態未知（全額交割、變更交易方法、停止信用交易的來源未提供）；容量以 s 日 vol20 估計，未模擬開盤競價量與滑價；容量受限,未扣成本·事後欄位以 m_ 標示·非投資建議
HO,6,2024-12-17,2024-12-18,6431,光麗-KY,TWSE,S,S0_atr14@5,2,334,0.053011,,0,0,1,-2.091,1.394,1.045,138.65,1.0,floor(1%×vol20),0.0,0.0,589,inf,250.0,official_prepanel,small,101.0,0,可交易（DK_s＝0）,未扣成本（成本參考：2.8 折來回約 0.38%、全額約 0.585%）；交易方法狀態未知（全額交割、變更交易方法、停止信用交易的來源未提供）；容量以 s 日 vol20 估計，未模擬開盤競價量與滑價；容量受限,未扣成本·事後欄位以 m_ 標示·非投資建議
HO,6,2024-12-17,2024-12-18,6870,騰雲,TPEx,S,S0_atr14@5,1,334,0.063571,,0,0,1,1.025,-3.689,-9.221,203.8,2.0,floor(1%×vol20),0.0,0.0,306,306.0,250.0,official,small,61.0,0,可交易（DK_s＝0）,未扣成本（成本參考：2.8 折來回約 0.38%、全額約 0.585%）；交易方法狀態未知（全額交割、變更交易方法、停止信用交易的來源未提供）；容量以 s 日 vol20 估計，未模擬開盤競價量與滑價；容量受限,未扣成本·事後欄位以 m_ 標示·非投資建議
HO,6,2024-12-17,2024-12-18,8092,建暐,TPEx,S,S0_atr14@5,5,334,0.048854,,0,0,1,-1.429,-2.857,-3.571,116.15,1.0,floor(1%×vol20),0.0,0.0,589,inf,250.0,official_prepanel,small,42.0,0,可交易（DK_s＝0）,未扣成本（成本參考：2.8 折來回約 0.38%、全額約 0.585%）；交易方法狀態未知（全額交割、變更交易方法、停止信用交易的來源未提供）；容量以 s 日 vol20 估計，未模擬開盤競價量與滑價；容量受限,未扣成本·事後欄位以 m_ 標示·非投資建議
HO,6,2024-12-18,2024-12-19,3073,天方能源,TPEx,S,S0_atr14@5,4,334,0.047795,,0,0,1,-0.826,-1.653,-4.463,212.45,2.0,floor(1%×vol20),0.0,0.0,590,inf,250.0,official_prepanel,small,83.0,0,可交易（DK_s＝0）,未扣成本（成本參考：2.8 折來回約 0.38%、全額約 0.585%）；交易方法狀態未知（全額交割、變更交易方法、停止信用交易的來源未提供）；容量以 s 日 vol20 估計，未模擬開盤競價量與滑價；容量受限,未扣成本·事後欄位以 m_ 標示·非投資建議
HO,6,2024-12-18,2024-12-19,3631,晟楠,TPEx,S,S0_atr14@5,5,334,0.047751,,0,0,1,-2.929,-2.371,-2.65,254.2,2.0,floor(1%×vol20),0.0,0.0,590,inf,250.0,official_prepanel,small,480.0,0,可交易（DK_s＝0）,未扣成本（成本參考：2.8 折來回約 0.38%、全額約 0.585%）；交易方法狀態未知（全額交割、變更交易方法、停止信用交易的來源未提供）；容量以 s 日 vol20 估計，未模擬開盤競價量與滑價；容量受限,未扣成本·事後欄位以 m_ 標示·非投資建議
HO,6,2024-12-18,2024-12-19,5364,力麗店,TPEx,S,S0_atr14@5,3,334,0.049451,,0,0,1,-0.781,0.312,-1.25,103.4,1.0,floor(1%×vol20),0.0,0.0,590,inf,250.0,official_prepanel,small,28.0,0,可交易（DK_s＝0）,未扣成本（成本參考：2.8 折來回約 0.38%、全額約 0.585%）；交易方法狀態未知（全額交割、變更交易方法、停止信用交易的來源未提供）；容量以 s 日 vol20 估計，未模擬開盤競價量與滑價；容量受限,未扣成本·事後欄位以 m_ 標示·非投資建議
HO,6,2024-12-18,2024-12-19,6431,光麗-KY,TWSE,S,S0_atr14@5,2,334,0.051093,,0,0,1,0.0,0.0,5.338,140.0,1.0,floor(1%×vol20),0.0,0.0,590,inf,250.0,official_prepanel,small,123.0,0,可交易（DK_s＝0）,未扣成本（成本參考：2.8 折來回約 0.38%、全額約 0.585%）；交易方法狀態未知（全額交割、變更交易方法、停止信用交易的來源未提供）；容量以 s 日 vol20 估計，未模擬開盤競價量與滑價；容量受限,未扣成本·事後欄位以 m_ 標示·非投資建議
HO,6,2024-12-18,2024-12-19,6870,騰雲,TPEx,S,S0_atr14@5,1,334,0.063315,,0,0,1,2.49,-4.772,-10.581,204.75,2.0,floor(1%×vol20),0.0,0.0,307,307.0,250.0,official,small,29.0,0,可交易（DK_s＝0）,未扣成本（成本參考：2.8 折來回約 0.38%、全額約 0.585%）；交易方法狀態未知（全額交割、變更交易方法、停止信用交易的來源未提供）；容量以 s 日 vol20 估計，未模擬開盤競價量與滑價；容量受限,未扣成本·事後欄位以 m_ 標示·非投資建議
HO,6,2024-12-19,2024-12-20,3631,晟楠,TPEx,S,S0_atr14@5,2,324,0.053982,,0,0,1,3.026,0.0,0.288,270.9,2.0,floor(1%×vol20),0.0,0.0,591,inf,250.0,official_prepanel,small,345.0,0,可交易（DK_s＝0）,未扣成本（成本參考：2.8 折來回約 0.38%、全額約 0.585%）；交易方法狀態未知（全額交割、變更交易方法、停止信用交易的來源未提供）；容量以 s 日 vol20 估計，未模擬開盤競價量與滑價；容量受限,未扣成本·事後欄位以 m_ 標示·非投資建議
HO,6,2024-12-19,2024-12-20,4402,郡都開發,TPEx,S,S0_atr14@5,4,324,0.049624,,0,0,1,0.0,4.412,-1.891,186.3,1.0,floor(1%×vol20),0.0,0.0,591,inf,250.0,official_prepanel,small,226.0,0,可交易（DK_s＝0）,未扣成本（成本參考：2.8 折來回約 0.38%、全額約 0.585%）；交易方法狀態未知（全額交割、變更交易方法、停止信用交易的來源未提供）；容量以 s 日 vol20 估計，未模擬開盤競價量與滑價；容量受限,未扣成本·事後欄位以 m_ 標示·非投資建議
HO,6,2024-12-19,2024-12-20,5364,力麗店,TPEx,S,S0_atr14@5,5,324,0.048706,,0,0,1,-2.05,2.524,-5.521,102.95,1.0,floor(1%×vol20),0.0,0.0,591,inf,250.0,official_prepanel,small,32.0,0,可交易（DK_s＝0）,未扣成本（成本參考：2.8 折來回約 0.38%、全額約 0.585%）；交易方法狀態未知（全額交割、變更交易方法、停止信用交易的來源未提供）；容量以 s 日 vol20 估計，未模擬開盤競價量與滑價；容量受限,未扣成本·事後欄位以 m_ 標示·非投資建議
HO,6,2024-12-19,2024-12-20,6431,光麗-KY,TWSE,S,S0_atr14@5,3,324,0.050076,,0,0,1,0.0,1.06,4.24,144.35,1.0,floor(1%×vol20),0.0,0.0,591,inf,250.0,official_prepanel,small,47.0,0,可交易（DK_s＝0）,未扣成本（成本參考：2.8 折來回約 0.38%、全額約 0.585%）；交易方法狀態未知（全額交割、變更交易方法、停止信用交易的來源未提供）；容量以 s 日 vol20 估計，未模擬開盤競價量與滑價；容量受限,未扣成本·事後欄位以 m_ 標示·非投資建議
HO,6,2024-12-19,2024-12-20,6870,騰雲,TPEx,S,S0_atr14@5,1,324,0.060873,,0,0,1,-4.8,-11.4,-14.4,192.2,1.0,floor(1%×vol20),0.0,0.0,308,308.0,250.0,official,small,47.0,0,可交易（DK_s＝0）,未扣成本（成本參考：2.8 折來回約 0.38%、全額約 0.585%）；交易方法狀態未知（全額交割、變更交易方法、停止信用交易的來源未提供）；容量以 s 日 vol20 估計，未模擬開盤競價量與滑價；容量受限,未扣成本·事後欄位以 m_ 標示·非投資建議
HO,6,2024-12-20,2024-12-23,2438,翔耀,TWSE,S,S0_atr14@5,5,332,0.049434,,0,0,1,-0.602,-1.205,-5.271,165.0,1.0,floor(1%×vol20),0.0,0.0,592,inf,250.0,official_prepanel,small,175.0,0,可交易（DK_s＝0）,未扣成本（成本參考：2.8 折來回約 0.38%、全額約 0.585%）；交易方法狀態未知（全額交割、變更交易方法、停止信用交易的來源未提供）；容量以 s 日 vol20 估計，未模擬開盤競價量與滑價；容量受限,未扣成本·事後欄位以 m_ 標示·非投資建議
HO,6,2024-12-20,2024-12-23,3631,晟楠,TPEx,S,S0_atr14@5,2,332,0.055844,,0,0,1,-2.782,-3.755,3.616,281.2,2.0,floor(1%×vol20),0.0,0.0,592,inf,250.0,official_prepanel,small,146.0,0,可交易（DK_s＝0）,未扣成本（成本參考：2.8 折來回約 0.38%、全額約 0.585%）；交易方法狀態未知（全額交割、變更交易方法、停止信用交易的來源未提供）；容量以 s 日 vol20 估計，未模擬開盤競價量與滑價；容量受限,未扣成本·事後欄位以 m_ 標示·非投資建議
HO,6,2024-12-20,2024-12-23,4402,郡都開發,TPEx,S,S0_atr14@5,4,332,0.05087,,0,0,1,0.61,-1.22,-5.081,193.6,1.0,floor(1%×vol20),0.0,0.0,592,inf,250.0,official_prepanel,small,93.0,0,可交易（DK_s＝0）,未扣成本（成本參考：2.8 折來回約 0.38%、全額約 0.585%）；交易方法狀態未知（全額交割、變更交易方法、停止信用交易的來源未提供）；容量以 s 日 vol20 估計，未模擬開盤競價量與滑價；容量受限,未扣成本·事後欄位以 m_ 標示·非投資建議
HO,6,2024-12-20,2024-12-23,6241,鑫永洋,TPEx,S,S0_atr14@5,3,332,0.050958,,0,0,1,-4.412,-5.294,-6.176,253.45,2.0,floor(1%×vol20),0.0,0.0,592,inf,250.0,official_prepanel,small,297.0,0,可交易（DK_s＝0）,未扣成本（成本參考：2.8 折來回約 0.38%、全額約 0.585%）；交易方法狀態未知（全額交割、變更交易方法、停止信用交易的來源未提供）；容量以 s 日 vol20 估計，未模擬開盤競價量與滑價；容量受限,未扣成本·事後欄位以 m_ 標示·非投資建議
HO,6,2024-12-20,2024-12-23,6870,騰雲,TPEx,S,S0_atr14@5,1,332,0.061825,,0,0,1,-4.09,-14.11,-11.656,143.85,1.0,floor(1%×vol20),0.0,0.0,309,309.0,250.0,official,small,53.0,0,可交易（DK_s＝0）,未扣成本（成本參考：2.8 折來回約 0.38%、全額約 0.585%）；交易方法狀態未知（全額交割、變更交易方法、停止信用交易的來源未提供）；容量以 s 日 vol20 估計，未模擬開盤競價量與滑價；容量受限,未扣成本·事後欄位以 m_ 標示·非投資建議
HO,6,2024-12-23,2024-12-24,3631,晟楠,TPEx,S,S0_atr14@5,2,330,0.059166,,0,0,1,-0.286,1.001,5.15,281.35,2.0,floor(1%×vol20),0.0,0.0,593,inf,250.0,official_prepanel,small,131.0,0,可交易（DK_s＝0）,未扣成本（成本參考：2.8 折來回約 0.38%、全額約 0.585%）；交易方法狀態未知（全額交割、變更交易方法、停止信用交易的來源未提供）；容量以 s 日 vol20 估計，未模擬開盤競價量與滑價；容量受限,未扣成本·事後欄位以 m_ 標示·非投資建議
HO,6,2024-12-23,2024-12-24,6114,久威,TPEx,S,S0_atr14@5,4,330,0.052457,,0,0,1,-1.709,-2.422,0.142,113.15,1.0,floor(1%×vol20),0.0,0.0,593,inf,250.0,official_prepanel,small,118.0,0,可交易（DK_s＝0）,未扣成本（成本參考：2.8 折來回約 0.38%、全額約 0.585%）；交易方法狀態未知（全額交割、變更交易方法、停止信用交易的來源未提供）；容量以 s 日 vol20 估計，未模擬開盤競價量與滑價；容量受限,未扣成本·事後欄位以 m_ 標示·非投資建議
HO,6,2024-12-23,2024-12-24,6241,鑫永洋,TPEx,S,S0_atr14@5,3,330,0.052967,,0,0,1,-6.607,-4.204,-5.706,255.3,2.0,floor(1%×vol20),0.0,0.0,593,inf,250.0,official_prepanel,small,227.0,0,可交易（DK_s＝0）,未扣成本（成本參考：2.8 折來回約 0.38%、全額約 0.585%）；交易方法狀態未知（全額交割、變更交易方法、停止信用交易的來源未提供）；容量以 s 日 vol20 估計，未模擬開盤競價量與滑價；容量受限,未扣成本·事後欄位以 m_ 標示·非投資建議
HO,6,2024-12-23,2024-12-24,6674,鋐寶科技,TWSE,S,S0_atr14@5,5,330,0.052312,,0,0,1,0.415,0.622,-3.527,280.1,2.0,floor(1%×vol20),0.0,0.0,593,inf,250.0,official_prepanel,small,51.0,0,可交易（DK_s＝0）,未扣成本（成本參考：2.8 折來回約 0.38%、全額約 0.585%）；交易方法狀態未知（全額交割、變更交易方法、停止信用交易的來源未提供）；容量以 s 日 vol20 估計，未模擬開盤競價量與滑價；容量受限,未扣成本·事後欄位以 m_ 標示·非投資建議
HO,6,2024-12-23,2024-12-24,6870,騰雲,TPEx,S,S0_atr14@5,1,330,0.062291,,0,0,1,-3.292,-13.992,-12.14,141.6,1.0,floor(1%×vol20),0.0,0.0,310,310.0,250.0,official,small,91.0,0,可交易（DK_s＝0）,未扣成本（成本參考：2.8 折來回約 0.38%、全額約 0.585%）；交易方法狀態未知（全額交割、變更交易方法、停止信用交易的來源未提供）；容量以 s 日 vol20 估計，未模擬開盤競價量與滑價；容量受限,未扣成本·事後欄位以 m_ 標示·非投資建議
HO,6,2024-12-24,2024-12-25,3631,晟楠,TPEx,S,S0_atr14@5,2,339,0.061078,,0,0,1,0.575,1.293,3.592,281.65,2.0,floor(1%×vol20),0.0,0.0,594,inf,250.0,official_prepanel,small,77.0,0,可交易（DK_s＝0）,未扣成本（成本參考：2.8 折來回約 0.38%、全額約 0.585%）；交易方法狀態未知（全額交割、變更交易方法、停止信用交易的來源未提供）；容量以 s 日 vol20 估計，未模擬開盤競價量與滑價；容量受限,未扣成本·事後欄位以 m_ 標示·非投資建議
HO,6,2024-12-24,2024-12-25,6114,久威,TPEx,S,S0_atr14@5,4,339,0.051967,,0,0,1,1.441,-2.017,2.305,116.7,1.0,floor(1%×vol20),0.0,0.0,594,inf,250.0,official_prepanel,small,288.0,0,可交易（DK_s＝0）,未扣成本（成本參考：2.8 折來回約 0.38%、全額約 0.585%）；交易方法狀態未知（全額交割、變更交易方法、停止信用交易的來源未提供）；容量以 s 日 vol20 估計，未模擬開盤競價量與滑價；容量受限,未扣成本·事後欄位以 m_ 標示·非投資建議
HO,6,2024-12-24,2024-12-25,6241,鑫永洋,TPEx,S,S0_atr14@5,3,339,0.059715,,0,0,1,1.929,1.929,-0.643,257.5,2.0,floor(1%×vol20),0.0,0.0,594,inf,250.0,official_prepanel,small,186.0,0,可交易（DK_s＝0）,未扣成本（成本參考：2.8 折來回約 0.38%、全額約 0.585%）；交易方法狀態未知（全額交割、變更交易方法、停止信用交易的來源未提供）；容量以 s 日 vol20 估計，未模擬開盤競價量與滑價；容量受限,未扣成本·事後欄位以 m_ 標示·非投資建議
HO,6,2024-12-24,2024-12-25,6690,安碁資訊,TPEx,S,S0_atr14@5,5,339,0.051852,,0,0,1,2.463,1.724,3.941,268.95,2.0,floor(1%×vol20),0.0,0.0,594,inf,250.0,official_prepanel,small,325.0,0,可交易（DK_s＝0）,未扣成本（成本參考：2.8 折來回約 0.38%、全額約 0.585%）；交易方法狀態未知（全額交割、變更交易方法、停止信用交易的來源未提供）；容量以 s 日 vol20 估計，未模擬開盤競價量與滑價；容量受限,未扣成本·事後欄位以 m_ 標示·非投資建議
HO,6,2024-12-24,2024-12-25,6870,騰雲,TPEx,S,S0_atr14@5,1,339,0.065805,,0,0,1,-2.34,-5.745,-10.213,137.55,1.0,floor(1%×vol20),0.0,0.0,311,311.0,250.0,official,small,136.0,0,可交易（DK_s＝0）,未扣成本（成本參考：2.8 折來回約 0.38%、全額約 0.585%）；交易方法狀態未知（全額交割、變更交易方法、停止信用交易的來源未提供）；容量以 s 日 vol20 估計，未模擬開盤競價量與滑價；容量受限,未扣成本·事後欄位以 m_ 標示·非投資建議
HO,6,2024-12-25,2024-12-26,3593,力銘,TWSE,S,S0_atr14@5,1,340,0.087622,,0,0,1,-0.278,-0.974,5.702,278.7,2.0,floor(1%×vol20),0.0,0.0,595,inf,250.0,official_prepanel,small,38.0,0,可交易（DK_s＝0）,未扣成本（成本參考：2.8 折來回約 0.38%、全額約 0.585%）；交易方法狀態未知（全額交割、變更交易方法、停止信用交易的來源未提供）；容量以 s 日 vol20 估計，未模擬開盤競價量與滑價；容量受限,未扣成本·事後欄位以 m_ 標示·非投資建議
HO,6,2024-12-25,2024-12-26,3631,晟楠,TPEx,S,S0_atr14@5,4,340,0.060714,,0,0,1,-1.14,-0.57,2.279,276.9,2.0,floor(1%×vol20),0.0,0.0,595,inf,250.0,official_prepanel,small,251.0,0,可交易（DK_s＝0）,未扣成本（成本參考：2.8 折來回約 0.38%、全額約 0.585%）；交易方法狀態未知（全額交割、變更交易方法、停止信用交易的來源未提供）；容量以 s 日 vol20 估計，未模擬開盤競價量與滑價；容量受限,未扣成本·事後欄位以 m_ 標示·非投資建議
HO,6,2024-12-25,2024-12-26,6199,天品,TPEx,S,S0_atr14@5,2,340,0.067244,,0,0,1,2.991,12.393,14.957,284.1,2.0,floor(1%×vol20),0.0,0.0,595,inf,250.0,official_prepanel,mid,164.0,0,可交易（DK_s＝0）,未扣成本（成本參考：2.8 折來回約 0.38%、全額約 0.585%）；交易方法狀態未知（全額交割、變更交易方法、停止信用交易的來源未提供）；容量以 s 日 vol20 估計，未模擬開盤競價量與滑價；容量受限,未扣成本·事後欄位以 m_ 標示·非投資建議
HO,6,2024-12-25,2024-12-26,6241,鑫永洋,TPEx,S,S0_atr14@5,5,340,0.059486,,0,0,1,0.627,-1.254,-8.15,254.2,2.0,floor(1%×vol20),0.0,0.0,595,inf,250.0,official_prepanel,small,277.0,0,可交易（DK_s＝0）,未扣成本（成本參考：2.8 折來回約 0.38%、全額約 0.585%）；交易方法狀態未知（全額交割、變更交易方法、停止信用交易的來源未提供）；容量以 s 日 vol20 估計，未模擬開盤競價量與滑價；容量受限,未扣成本·事後欄位以 m_ 標示·非投資建議
HO,6,2024-12-25,2024-12-26,6870,騰雲,TPEx,S,S0_atr14@5,3,340,0.065204,,0,0,1,-2.423,-5.066,-5.507,134.5,1.0,floor(1%×vol20),0.0,0.0,312,312.0,250.0,official,small,76.0,0,可交易（DK_s＝0）,未扣成本（成本參考：2.8 折來回約 0.38%、全額約 0.585%）；交易方法狀態未知（全額交割、變更交易方法、停止信用交易的來源未提供）；容量以 s 日 vol20 估計，未模擬開盤競價量與滑價；容量受限,未扣成本·事後欄位以 m_ 標示·非投資建議
HO,6,2024-12-26,2024-12-27,3593,力銘,TWSE,S,S0_atr14@5,1,328,0.070632,,0,0,1,-0.279,-2.51,1.255,250.85,2.0,floor(1%×vol20),0.0,0.0,596,inf,250.0,official_prepanel,small,76.0,0,可交易（DK_s＝0）,未扣成本（成本參考：2.8 折來回約 0.38%、全額約 0.585%）；交易方法狀態未知（全額交割、變更交易方法、停止信用交易的來源未提供）；容量以 s 日 vol20 估計，未模擬開盤競價量與滑價；容量受限,未扣成本·事後欄位以 m_ 標示·非投資建議
HO,6,2024-12-26,2024-12-27,3631,晟楠,TPEx,S,S0_atr14@5,4,328,0.062989,,0,0,1,-0.575,0.0,2.299,285.65,2.0,floor(1%×vol20),0.0,0.0,596,inf,250.0,official_prepanel,small,120.0,0,可交易（DK_s＝0）,未扣成本（成本參考：2.8 折來回約 0.38%、全額約 0.585%）；交易方法狀態未知（全額交割、變更交易方法、停止信用交易的來源未提供）；容量以 s 日 vol20 估計，未模擬開盤競價量與滑價；容量受限,未扣成本·事後欄位以 m_ 標示·非投資建議
HO,6,2024-12-26,2024-12-27,6199,天品,TPEx,S,S0_atr14@5,3,328,0.063723,,0,0,1,4.082,6.122,2.449,276.0,2.0,floor(1%×vol20),0.0,0.0,596,inf,250.0,official_prepanel,mid,737.0,0,可交易（DK_s＝0）,未扣成本（成本參考：2.8 折來回約 0.38%、全額約 0.585%）；交易方法狀態未知（全額交割、變更交易方法、停止信用交易的來源未提供）；容量以 s 日 vol20 估計，未模擬開盤競價量與滑價；容量受限,未扣成本·事後欄位以 m_ 標示·非投資建議
HO,6,2024-12-26,2024-12-27,6241,鑫永洋,TPEx,S,S0_atr14@5,5,328,0.061638,,0,0,1,0.312,-2.492,-8.723,259.95,2.0,floor(1%×vol20),0.0,0.0,596,inf,250.0,official_prepanel,small,209.0,0,可交易（DK_s＝0）,未扣成本（成本參考：2.8 折來回約 0.38%、全額約 0.585%）；交易方法狀態未知（全額交割、變更交易方法、停止信用交易的來源未提供）；容量以 s 日 vol20 估計，未模擬開盤競價量與滑價；容量受限,未扣成本·事後欄位以 m_ 標示·非投資建議
HO,6,2024-12-26,2024-12-27,6870,騰雲,TPEx,S,S0_atr14@5,2,328,0.066269,,0,0,1,-4.328,-2.506,-1.595,131.35,1.0,floor(1%×vol20),0.0,0.0,313,313.0,250.0,official,small,207.0,0,可交易（DK_s＝0）,未扣成本（成本參考：2.8 折來回約 0.38%、全額約 0.585%）；交易方法狀態未知（全額交割、變更交易方法、停止信用交易的來源未提供）；容量以 s 日 vol20 估計，未模擬開盤競價量與滑價；容量受限,未扣成本·事後欄位以 m_ 標示·非投資建議
HO,6,2024-12-27,2024-12-30,3593,力銘,TWSE,S,S0_atr14@5,3,335,0.066633,,0,0,1,1.986,-3.262,-5.532,237.15,2.0,floor(1%×vol20),0.0,0.0,597,inf,250.0,official_prepanel,small,28.0,0,可交易（DK_s＝0）,未扣成本（成本參考：2.8 折來回約 0.38%、全額約 0.585%）；交易方法狀態未知（全額交割、變更交易方法、停止信用交易的來源未提供）；容量以 s 日 vol20 估計，未模擬開盤競價量與滑價；容量受限,未扣成本·事後欄位以 m_ 標示·非投資建議
HO,6,2024-12-27,2024-12-30,3631,晟楠,TPEx,S,S0_atr14@5,5,335,0.058732,,0,0,1,2.319,7.971,6.667,288.55,2.0,floor(1%×vol20),0.0,0.0,597,inf,250.0,official_prepanel,small,141.0,0,可交易（DK_s＝0）,未扣成本（成本參考：2.8 折來回約 0.38%、全額約 0.585%）；交易方法狀態未知（全額交割、變更交易方法、停止信用交易的來源未提供）；容量以 s 日 vol20 估計，未模擬開盤競價量與滑價；容量受限,未扣成本·事後欄位以 m_ 標示·非投資建議
HO,6,2024-12-27,2024-12-30,5344,立衛,TPEx,S,S0_atr14@5,2,335,0.070248,,0,0,1,0.554,-3.324,-8.587,278.7,2.0,floor(1%×vol20),0.0,0.0,597,inf,250.0,official_prepanel,small,216.0,0,可交易（DK_s＝0）,未扣成本（成本參考：2.8 折來回約 0.38%、全額約 0.585%）；交易方法狀態未知（全額交割、變更交易方法、停止信用交易的來源未提供）；容量以 s 日 vol20 估計，未模擬開盤競價量與滑價；容量受限,未扣成本·事後欄位以 m_ 標示·非投資建議
HO,6,2024-12-27,2024-12-30,6241,鑫永洋,TPEx,S,S0_atr14@5,4,335,0.060337,,0,0,1,-0.312,-0.312,-15.0,263.3,2.0,floor(1%×vol20),0.0,0.0,597,inf,250.0,official_prepanel,small,209.0,0,可交易（DK_s＝0）,未扣成本（成本參考：2.8 折來回約 0.38%、全額約 0.585%）；交易方法狀態未知（全額交割、變更交易方法、停止信用交易的來源未提供）；容量以 s 日 vol20 估計，未模擬開盤競價量與滑價；容量受限,未扣成本·事後欄位以 m_ 標示·非投資建議
HO,6,2024-12-27,2024-12-30,6870,騰雲,TPEx,S,S0_atr14@5,1,335,0.071769,,0,0,1,-0.476,2.857,-3.81,134.95,1.0,floor(1%×vol20),0.0,0.0,314,314.0,250.0,official,small,57.0,0,可交易（DK_s＝0）,未扣成本（成本參考：2.8 折來回約 0.38%、全額約 0.585%）；交易方法狀態未知（全額交割、變更交易方法、停止信用交易的來源未提供）；容量以 s 日 vol20 估計，未模擬開盤競價量與滑價；容量受限,未扣成本·事後欄位以 m_ 標示·非投資建議
HO,6,2024-12-30,2024-12-31,3593,力銘,TWSE,S,S0_atr14@5,5,340,0.060302,,0,0,1,0.279,-3.766,-7.95,213.4,2.0,floor(1%×vol20),0.0,0.0,598,inf,250.0,official_prepanel,small,21.0,0,可交易（DK_s＝0）,未扣成本（成本參考：2.8 折來回約 0.38%、全額約 0.585%）；交易方法狀態未知（全額交割、變更交易方法、停止信用交易的來源未提供）；容量以 s 日 vol20 估計，未模擬開盤競價量與滑價；容量受限,未扣成本·事後欄位以 m_ 標示·非投資建議
HO,6,2024-12-30,2024-12-31,5344,立衛,TPEx,S,S0_atr14@5,2,340,0.065919,,0,0,1,-1.928,-3.581,-8.54,287.9,2.0,floor(1%×vol20),0.0,0.0,598,inf,250.0,official_prepanel,small,119.0,0,可交易（DK_s＝0）,未扣成本（成本參考：2.8 折來回約 0.38%、全額約 0.585%）；交易方法狀態未知（全額交割、變更交易方法、停止信用交易的來源未提供）；容量以 s 日 vol20 估計，未模擬開盤競價量與滑價；容量受限,未扣成本·事後欄位以 m_ 標示·非投資建議
HO,6,2024-12-30,2024-12-31,6241,鑫永洋,TPEx,S,S0_atr14@5,3,340,0.060457,,0,0,1,-2.761,-3.681,-14.417,268.65,2.0,floor(1%×vol20),0.0,0.0,598,inf,250.0,official_prepanel,small,106.0,0,可交易（DK_s＝0）,未扣成本（成本參考：2.8 折來回約 0.38%、全額約 0.585%）；交易方法狀態未知（全額交割、變更交易方法、停止信用交易的來源未提供）；容量以 s 日 vol20 估計，未模擬開盤競價量與滑價；容量受限,未扣成本·事後欄位以 m_ 標示·非投資建議
HO,6,2024-12-30,2024-12-31,6870,騰雲,TPEx,S,S0_atr14@5,1,340,0.069207,,0,0,1,3.263,-0.466,-4.196,131.9,1.0,floor(1%×vol20),0.0,0.0,315,315.0,250.0,official,small,36.0,0,可交易（DK_s＝0）,未扣成本（成本參考：2.8 折來回約 0.38%、全額約 0.585%）；交易方法狀態未知（全額交割、變更交易方法、停止信用交易的來源未提供）；容量以 s 日 vol20 估計，未模擬開盤競價量與滑價；容量受限,未扣成本·事後欄位以 m_ 標示·非投資建議
HO,6,2024-12-30,2024-12-31,8080,泰霖,TPEx,S,S0_atr14@5,4,340,0.060315,,0,0,1,3.524,7.195,-6.021,128.6,1.0,floor(1%×vol20),0.0,0.0,598,inf,250.0,official_prepanel,small,18.0,0,可交易（DK_s＝0）,未扣成本（成本參考：2.8 折來回約 0.38%、全額約 0.585%）；交易方法狀態未知（全額交割、變更交易方法、停止信用交易的來源未提供）；容量以 s 日 vol20 估計，未模擬開盤競價量與滑價；容量受限,未扣成本·事後欄位以 m_ 標示·非投資建議
HO,6,2024-12-31,2025-01-02,5344,立衛,TPEx,S,S0_atr14@5,2,340,0.061196,,0,0,1,-0.28,-0.84,-6.162,292.2,2.0,floor(1%×vol20),0.0,0.0,599,inf,250.0,official_prepanel,small,92.0,0,可交易（DK_s＝0）,未扣成本（成本參考：2.8 折來回約 0.38%、全額約 0.585%）；交易方法狀態未知（全額交割、變更交易方法、停止信用交易的來源未提供）；容量以 s 日 vol20 估計，未模擬開盤競價量與滑價；容量受限,未扣成本·事後欄位以 m_ 標示·非投資建議
HO,6,2024-12-31,2025-01-02,5432,新門,TPEx,S,S0_atr14@5,4,340,0.05887,,0,0,1,-6.522,-15.217,-9.42,154.85,1.0,floor(1%×vol20),0.0,0.0,599,inf,250.0,official_prepanel,small,123.0,0,可交易（DK_s＝0）,未扣成本（成本參考：2.8 折來回約 0.38%、全額約 0.585%）；交易方法狀態未知（全額交割、變更交易方法、停止信用交易的來源未提供）；容量以 s 日 vol20 估計，未模擬開盤競價量與滑價；容量受限,未扣成本·事後欄位以 m_ 標示·非投資建議
HO,6,2024-12-31,2025-01-02,6241,鑫永洋,TPEx,S,S0_atr14@5,3,340,0.060613,,0,0,1,-0.631,-2.524,-11.987,267.4,2.0,floor(1%×vol20),0.0,0.0,599,inf,250.0,official_prepanel,small,81.0,0,可交易（DK_s＝0）,未扣成本（成本參考：2.8 折來回約 0.38%、全額約 0.585%）；交易方法狀態未知（全額交割、變更交易方法、停止信用交易的來源未提供）；容量以 s 日 vol20 估計，未模擬開盤競價量與滑價；容量受限,未扣成本·事後欄位以 m_ 標示·非投資建議
HO,6,2024-12-31,2025-01-02,6870,騰雲,TPEx,S,S0_atr14@5,1,340,0.061593,,0,0,1,-2.489,-4.525,-6.787,127.7,1.0,floor(1%×vol20),0.0,0.0,316,316.0,250.0,official,small,26.0,0,可交易（DK_s＝0）,未扣成本（成本參考：2.8 折來回約 0.38%、全額約 0.585%）；交易方法狀態未知（全額交割、變更交易方法、停止信用交易的來源未提供）；容量以 s 日 vol20 估計，未模擬開盤競價量與滑價；容量受限,未扣成本·事後欄位以 m_ 標示·非投資建議
HO,6,2024-12-31,2025-01-02,8080,泰霖,TPEx,S,S0_atr14@5,5,340,0.056839,,0,0,1,3.057,2.62,-8.297,129.0,1.0,floor(1%×vol20),0.0,0.0,599,inf,250.0,official_prepanel,small,30.0,0,可交易（DK_s＝0）,未扣成本（成本參考：2.8 折來回約 0.38%、全額約 0.585%）；交易方法狀態未知（全額交割、變更交易方法、停止信用交易的來源未提供）；容量以 s 日 vol20 估計，未模擬開盤競價量與滑價；容量受限,未扣成本·事後欄位以 m_ 標示·非投資建議
