window,fold,date_s,trade_day_t,code,name,market,track,list_id,rank,n_pool_day,score,combo_n_components,y,m_locked_open,m_buyable,m_c1,m_c5,m_c10,vol20_s,Qmax_lots,Qmax_rule,DK_s,at_known5,hist_len,age_off,age_cap,listing_src,mcap_tier,m_vol_t,m_disp_t_exec,tradable_status,labels,note
SEL,1,2025-01-02,2025-01-03,1235,興泰,TWSE,W,W_atr14@3,3,567,0.076191,,0,0,1,1.387,-6.241,3.329,28.68,,不適用,0.0,1.0,600,inf,250.0,official_prepanel,mid,20.0,0,可交易（DK_s＝0）,未扣成本（成本參考：2.8 折來回約 0.38%、全額約 0.585%）；交易方法狀態未知（全額交割、變更交易方法、停止信用交易的來源未提供）；容量以 s 日 vol20 估計，未模擬開盤競價量與滑價；不可交易，僅觀察,未扣成本·事後欄位以 m_ 標示·非投資建議
SEL,1,2025-01-02,2025-01-03,6144,得利影,TPEx,W,W_atr14@3,1,567,0.099185,,0,0,1,-3.853,40.28,14.186,53.05,,不適用,0.0,0.0,600,inf,250.0,official_prepanel,small,62.0,0,可交易（DK_s＝0）,未扣成本（成本參考：2.8 折來回約 0.38%、全額約 0.585%）；交易方法狀態未知（全額交割、變更交易方法、停止信用交易的來源未提供）；容量以 s 日 vol20 估計，未模擬開盤競價量與滑價；不可交易，僅觀察,未扣成本·事後欄位以 m_ 標示·非投資建議
SEL,1,2025-01-02,2025-01-03,8059,凱碩,TPEx,W,W_atr14@3,2,567,0.088904,,0,0,1,-3.226,-6.598,-5.865,1292.0,,不適用,0.0,0.0,600,inf,250.0,official_prepanel,small,804.0,0,可交易（DK_s＝0）,未扣成本（成本參考：2.8 折來回約 0.38%、全額約 0.585%）；交易方法狀態未知（全額交割、變更交易方法、停止信用交易的來源未提供）；容量以 s 日 vol20 估計，未模擬開盤競價量與滑價；不可交易，僅觀察,未扣成本·事後欄位以 m_ 標示·非投資建議
SEL,1,2025-01-03,2025-01-06,1235,興泰,TWSE,W,W_atr14@3,3,568,0.074818,,0,0,1,-0.137,-7.934,5.335,29.05,,不適用,0.0,1.0,601,inf,250.0,official_prepanel,mid,122.0,0,可交易（DK_s＝0）,未扣成本（成本參考：2.8 折來回約 0.38%、全額約 0.585%）；交易方法狀態未知（全額交割、變更交易方法、停止信用交易的來源未提供）；容量以 s 日 vol20 估計，未模擬開盤競價量與滑價；不可交易，僅觀察,未扣成本·事後欄位以 m_ 標示·非投資建議
SEL,1,2025-01-03,2025-01-06,6144,得利影,TPEx,W,W_atr14@3,2,568,0.090814,,1,0,1,0.5,20.167,8.667,54.4,,不適用,0.0,0.0,601,inf,250.0,official_prepanel,small,128.0,0,可交易（DK_s＝0）,未扣成本（成本參考：2.8 折來回約 0.38%、全額約 0.585%）；交易方法狀態未知（全額交割、變更交易方法、停止信用交易的來源未提供）；容量以 s 日 vol20 估計，未模擬開盤競價量與滑價；不可交易，僅觀察,未扣成本·事後欄位以 m_ 標示·非投資建議
SEL,1,2025-01-03,2025-01-06,8059,凱碩,TPEx,W,W_atr14@3,1,568,0.094639,,0,0,1,-1.788,-5.216,-5.216,1326.79,,不適用,0.0,0.0,601,inf,250.0,official_prepanel,small,503.0,0,可交易（DK_s＝0）,未扣成本（成本參考：2.8 折來回約 0.38%、全額約 0.585%）；交易方法狀態未知（全額交割、變更交易方法、停止信用交易的來源未提供）；容量以 s 日 vol20 估計，未模擬開盤競價量與滑價；不可交易，僅觀察,未扣成本·事後欄位以 m_ 標示·非投資建議
SEL,1,2025-01-06,2025-01-07,3067,全域,TPEx,W,W_atr14@3,3,567,0.072259,,0,0,1,-4.333,-1.0,-6.167,10.68,,不適用,0.0,0.0,602,inf,250.0,official_prepanel,small,22.0,0,可交易（DK_s＝0）,未扣成本（成本參考：2.8 折來回約 0.38%、全額約 0.585%）；交易方法狀態未知（全額交割、變更交易方法、停止信用交易的來源未提供）；容量以 s 日 vol20 估計，未模擬開盤競價量與滑價；不可交易，僅觀察,未扣成本·事後欄位以 m_ 標示·非投資建議
SEL,1,2025-01-06,2025-01-07,8059,凱碩,TPEx,W,W_atr14@3,1,567,0.095016,,0,0,1,-3.211,-4.587,-2.752,1347.37,,不適用,0.0,0.0,602,inf,250.0,official_prepanel,small,589.0,0,可交易（DK_s＝0）,未扣成本（成本參考：2.8 折來回約 0.38%、全額約 0.585%）；交易方法狀態未知（全額交割、變更交易方法、停止信用交易的來源未提供）；容量以 s 日 vol20 估計，未模擬開盤競價量與滑價；不可交易，僅觀察,未扣成本·事後欄位以 m_ 標示·非投資建議
SEL,1,2025-01-06,2025-01-07,8101,華冠,TWSE,W,W_atr14@3,2,567,0.072612,,0,0,1,1.124,9.551,2.528,133.95,,不適用,0.0,0.0,602,inf,250.0,official_prepanel,small,9.0,0,可交易（DK_s＝0）,未扣成本（成本參考：2.8 折來回約 0.38%、全額約 0.585%）；交易方法狀態未知（全額交割、變更交易方法、停止信用交易的來源未提供）；容量以 s 日 vol20 估計，未模擬開盤競價量與滑價；不可交易，僅觀察,未扣成本·事後欄位以 m_ 標示·非投資建議
SEL,1,2025-01-07,2025-01-08,3067,全域,TPEx,W,W_atr14@3,2,573,0.077402,,0,0,1,-1.916,-0.871,-2.439,10.79,,不適用,0.0,0.0,603,inf,250.0,official_prepanel,small,27.0,0,可交易（DK_s＝0）,未扣成本（成本參考：2.8 折來回約 0.38%、全額約 0.585%）；交易方法狀態未知（全額交割、變更交易方法、停止信用交易的來源未提供）；容量以 s 日 vol20 估計，未模擬開盤競價量與滑價；不可交易，僅觀察,未扣成本·事後欄位以 m_ 標示·非投資建議
SEL,1,2025-01-07,2025-01-08,5301,,TPEx,W,W_atr14@3,3,573,0.075789,,0,0,1,-1.064,-6.383,20.745,70.05,,不適用,0.0,0.0,603,inf,250.0,official_prepanel,small,37.0,0,可交易（DK_s＝0）,未扣成本（成本參考：2.8 折來回約 0.38%、全額約 0.585%）；交易方法狀態未知（全額交割、變更交易方法、停止信用交易的來源未提供）；容量以 s 日 vol20 估計，未模擬開盤競價量與滑價；不可交易，僅觀察,未扣成本·事後欄位以 m_ 標示·非投資建議
SEL,1,2025-01-07,2025-01-08,8059,凱碩,TPEx,W,W_atr14@3,1,573,0.099162,,0,0,1,-2.687,-4.925,-2.09,1369.11,,不適用,0.0,0.0,603,inf,250.0,official_prepanel,small,564.0,0,可交易（DK_s＝0）,未扣成本（成本參考：2.8 折來回約 0.38%、全額約 0.585%）；交易方法狀態未知（全額交割、變更交易方法、停止信用交易的來源未提供）；容量以 s 日 vol20 估計，未模擬開盤競價量與滑價；不可交易，僅觀察,未扣成本·事後欄位以 m_ 標示·非投資建議
SEL,1,2025-01-08,2025-01-09,3067,全域,TPEx,W,W_atr14@3,3,574,0.080056,,0,0,1,5.176,4.436,7.394,11.6,,不適用,0.0,0.0,604,inf,250.0,official_prepanel,small,25.0,0,可交易（DK_s＝0）,未扣成本（成本參考：2.8 折來回約 0.38%、全額約 0.585%）；交易方法狀態未知（全額交割、變更交易方法、停止信用交易的來源未提供）；容量以 s 日 vol20 估計，未模擬開盤競價量與滑價；不可交易，僅觀察,未扣成本·事後欄位以 m_ 標示·非投資建議
SEL,1,2025-01-08,2025-01-09,6982,大井泵浦,TPEx,W,W_atr14@3,2,574,0.089311,,0,0,1,-0.55,5.365,-1.926,1551.2,,不適用,0.0,0.0,15,15.0,15.0,official,small,1122.0,0,可交易（DK_s＝0）,未扣成本（成本參考：2.8 折來回約 0.38%、全額約 0.585%）；交易方法狀態未知（全額交割、變更交易方法、停止信用交易的來源未提供）；容量以 s 日 vol20 估計，未模擬開盤競價量與滑價；不可交易，僅觀察,未扣成本·事後欄位以 m_ 標示·非投資建議
SEL,1,2025-01-08,2025-01-09,8059,凱碩,TPEx,W,W_atr14@3,1,574,0.101345,,0,0,1,-2.301,-2.301,0.307,1396.58,,不適用,0.0,0.0,604,inf,250.0,official_prepanel,small,472.0,0,可交易（DK_s＝0）,未扣成本（成本參考：2.8 折來回約 0.38%、全額約 0.585%）；交易方法狀態未知（全額交割、變更交易方法、停止信用交易的來源未提供）；容量以 s 日 vol20 估計，未模擬開盤競價量與滑價；不可交易，僅觀察,未扣成本·事後欄位以 m_ 標示·非投資建議
SEL,1,2025-01-09,2025-01-10,3067,全域,TPEx,W,W_atr14@3,3,576,0.080341,,0,0,1,4.332,3.069,-0.361,12.35,,不適用,0.0,0.0,605,inf,250.0,official_prepanel,small,33.0,0,可交易（DK_s＝0）,未扣成本（成本參考：2.8 折來回約 0.38%、全額約 0.585%）；交易方法狀態未知（全額交割、變更交易方法、停止信用交易的來源未提供）；容量以 s 日 vol20 估計，未模擬開盤競價量與滑價；不可交易，僅觀察,未扣成本·事後欄位以 m_ 標示·非投資建議
SEL,1,2025-01-09,2025-01-10,6982,大井泵浦,TPEx,W,W_atr14@3,2,576,0.083185,,0,0,1,2.747,5.22,-11.126,1524.38,,不適用,0.0,0.0,16,16.0,16.0,official,small,1335.0,0,可交易（DK_s＝0）,未扣成本（成本參考：2.8 折來回約 0.38%、全額約 0.585%）；交易方法狀態未知（全額交割、變更交易方法、停止信用交易的來源未提供）；容量以 s 日 vol20 估計，未模擬開盤競價量與滑價；不可交易，僅觀察,未扣成本·事後欄位以 m_ 標示·非投資建議
SEL,1,2025-01-09,2025-01-10,8059,凱碩,TPEx,W,W_atr14@3,1,576,0.097814,,0,0,1,0.0,0.943,2.516,1396.68,,不適用,0.0,0.0,605,inf,250.0,official_prepanel,small,184.0,0,可交易（DK_s＝0）,未扣成本（成本參考：2.8 折來回約 0.38%、全額約 0.585%）；交易方法狀態未知（全額交割、變更交易方法、停止信用交易的來源未提供）；容量以 s 日 vol20 估計，未模擬開盤競價量與滑價；不可交易，僅觀察,未扣成本·事後欄位以 m_ 標示·非投資建議
SEL,1,2025-01-10,2025-01-13,3067,全域,TPEx,W,W_atr14@3,2,571,0.083292,,0,0,1,2.591,-0.864,-2.763,13.45,,不適用,0.0,0.0,606,inf,250.0,official_prepanel,small,35.0,0,可交易（DK_s＝0）,未扣成本（成本參考：2.8 折來回約 0.38%、全額約 0.585%）；交易方法狀態未知（全額交割、變更交易方法、停止信用交易的來源未提供）；容量以 s 日 vol20 估計，未模擬開盤競價量與滑價；不可交易，僅觀察,未扣成本·事後欄位以 m_ 標示·非投資建議
SEL,1,2025-01-10,2025-01-13,6982,大井泵浦,TPEx,W,W_atr14@3,3,571,0.075535,,0,0,1,-4.255,-4.122,-18.351,1513.24,,不適用,0.0,0.0,17,17.0,17.0,official,small,1802.0,0,可交易（DK_s＝0）,未扣成本（成本參考：2.8 折來回約 0.38%、全額約 0.585%）；交易方法狀態未知（全額交割、變更交易方法、停止信用交易的來源未提供）；容量以 s 日 vol20 估計，未模擬開盤競價量與滑價；不可交易，僅觀察,未扣成本·事後欄位以 m_ 標示·非投資建議
SEL,1,2025-01-10,2025-01-13,8059,凱碩,TPEx,W,W_atr14@3,1,571,0.095307,,0,0,1,-1.732,0.157,1.417,1370.26,,不適用,0.0,0.0,606,inf,250.0,official_prepanel,small,345.0,0,可交易（DK_s＝0）,未扣成本（成本參考：2.8 折來回約 0.38%、全額約 0.585%）；交易方法狀態未知（全額交割、變更交易方法、停止信用交易的來源未提供）；容量以 s 日 vol20 估計，未模擬開盤競價量與滑價；不可交易，僅觀察,未扣成本·事後欄位以 m_ 標示·非投資建議
SEL,1,2025-01-13,2025-01-14,3067,全域,TPEx,W,W_atr14@3,2,569,0.085979,,0,0,1,-2.901,-3.925,-3.584,14.8,,不適用,0.0,0.0,607,inf,250.0,official_prepanel,small,20.0,0,可交易（DK_s＝0）,未扣成本（成本參考：2.8 折來回約 0.38%、全額約 0.585%）；交易方法狀態未知（全額交割、變更交易方法、停止信用交易的來源未提供）；容量以 s 日 vol20 估計，未模擬開盤競價量與滑價；不可交易，僅觀察,未扣成本·事後欄位以 m_ 標示·非投資建議
SEL,1,2025-01-13,2025-01-14,6982,大井泵浦,TPEx,W,W_atr14@3,3,569,0.076587,,0,0,1,2.078,0.97,-12.465,1529.28,,不適用,0.0,0.0,18,18.0,18.0,official,small,2100.0,0,可交易（DK_s＝0）,未扣成本（成本參考：2.8 折來回約 0.38%、全額約 0.585%）；交易方法狀態未知（全額交割、變更交易方法、停止信用交易的來源未提供）；容量以 s 日 vol20 估計，未模擬開盤競價量與滑價；不可交易，僅觀察,未扣成本·事後欄位以 m_ 標示·非投資建議
SEL,1,2025-01-13,2025-01-14,8059,凱碩,TPEx,W,W_atr14@3,1,569,0.096154,,0,0,1,2.083,1.923,3.526,1350.74,,不適用,0.0,0.0,607,inf,250.0,official_prepanel,small,226.0,0,可交易（DK_s＝0）,未扣成本（成本參考：2.8 折來回約 0.38%、全額約 0.585%）；交易方法狀態未知（全額交割、變更交易方法、停止信用交易的來源未提供）；容量以 s 日 vol20 估計，未模擬開盤競價量與滑價；不可交易，僅觀察,未扣成本·事後欄位以 m_ 標示·非投資建議
SEL,1,2025-01-14,2025-01-15,3067,全域,TPEx,W,W_atr14@3,2,569,0.090008,,0,0,1,3.291,2.377,3.656,15.3,,不適用,0.0,0.0,608,inf,250.0,official_prepanel,small,12.0,0,可交易（DK_s＝0）,未扣成本（成本參考：2.8 折來回約 0.38%、全額約 0.585%）；交易方法狀態未知（全額交割、變更交易方法、停止信用交易的來源未提供）；容量以 s 日 vol20 估計，未模擬開盤競價量與滑價；不可交易，僅觀察,未扣成本·事後欄位以 m_ 標示·非投資建議
SEL,1,2025-01-14,2025-01-15,6144,得利影,TPEx,W,W_atr14@3,3,569,0.083567,,0,0,1,-3.105,2.614,-2.124,75.6,,不適用,0.0,0.0,608,inf,250.0,official_prepanel,small,63.0,0,可交易（DK_s＝0）,未扣成本（成本參考：2.8 折來回約 0.38%、全額約 0.585%）；交易方法狀態未知（全額交割、變更交易方法、停止信用交易的來源未提供）；容量以 s 日 vol20 估計，未模擬開盤競價量與滑價；不可交易，僅觀察,未扣成本·事後欄位以 m_ 標示·非投資建議
SEL,1,2025-01-14,2025-01-15,8059,凱碩,TPEx,W,W_atr14@3,1,569,0.092501,,0,0,1,0.473,3.47,9.621,1318.32,,不適用,0.0,0.0,608,inf,250.0,official_prepanel,small,121.0,0,可交易（DK_s＝0）,未扣成本（成本參考：2.8 折來回約 0.38%、全額約 0.585%）；交易方法狀態未知（全額交割、變更交易方法、停止信用交易的來源未提供）；容量以 s 日 vol20 估計，未模擬開盤競價量與滑價；不可交易，僅觀察,未扣成本·事後欄位以 m_ 標示·非投資建議
SEL,1,2025-01-15,2025-01-16,3067,全域,TPEx,W,W_atr14@3,1,568,0.088748,,0,0,1,4.007,5.829,0.729,15.6,,不適用,0.0,0.0,609,inf,250.0,official_prepanel,small,13.0,0,可交易（DK_s＝0）,未扣成本（成本參考：2.8 折來回約 0.38%、全額約 0.585%）；交易方法狀態未知（全額交割、變更交易方法、停止信用交易的來源未提供）；容量以 s 日 vol20 估計，未模擬開盤競價量與滑價；不可交易，僅觀察,未扣成本·事後欄位以 m_ 標示·非投資建議
SEL,1,2025-01-15,2025-01-16,6144,得利影,TPEx,W,W_atr14@3,2,568,0.084678,,0,0,1,3.987,0.797,-2.233,73.65,,不適用,0.0,0.0,609,inf,250.0,official_prepanel,small,73.0,0,可交易（DK_s＝0）,未扣成本（成本參考：2.8 折來回約 0.38%、全額約 0.585%）；交易方法狀態未知（全額交割、變更交易方法、停止信用交易的來源未提供）；容量以 s 日 vol20 估計，未模擬開盤競價量與滑價；不可交易，僅觀察,未扣成本·事後欄位以 m_ 標示·非投資建議
SEL,1,2025-01-15,2025-01-16,8059,凱碩,TPEx,W,W_atr14@3,3,568,0.080425,,0,0,1,0.312,2.188,17.5,1307.47,,不適用,0.0,0.0,609,inf,250.0,official_prepanel,small,128.0,0,可交易（DK_s＝0）,未扣成本（成本參考：2.8 折來回約 0.38%、全額約 0.585%）；交易方法狀態未知（全額交割、變更交易方法、停止信用交易的來源未提供）；容量以 s 日 vol20 估計，未模擬開盤競價量與滑價；不可交易，僅觀察,未扣成本·事後欄位以 m_ 標示·非投資建議
SEL,1,2025-01-16,2025-01-17,3041,揚智,TWSE,W,W_atr14@3,3,570,0.071115,,0,0,1,-1.773,-6.056,3.102,10063.7,,不適用,0.0,1.0,610,inf,250.0,official_prepanel,small,1614.0,0,可交易（DK_s＝0）,未扣成本（成本參考：2.8 折來回約 0.38%、全額約 0.585%）；交易方法狀態未知（全額交割、變更交易方法、停止信用交易的來源未提供）；容量以 s 日 vol20 估計，未模擬開盤競價量與滑價；不可交易，僅觀察,未扣成本·事後欄位以 m_ 標示·非投資建議
SEL,1,2025-01-16,2025-01-17,3067,全域,TPEx,W,W_atr14@3,1,570,0.088441,,0,0,1,4.174,0.181,-1.27,15.9,,不適用,0.0,0.0,610,inf,250.0,official_prepanel,small,17.0,0,可交易（DK_s＝0）,未扣成本（成本參考：2.8 折來回約 0.38%、全額約 0.585%）；交易方法狀態未知（全額交割、變更交易方法、停止信用交易的來源未提供）；容量以 s 日 vol20 估計，未模擬開盤競價量與滑價；不可交易，僅觀察,未扣成本·事後欄位以 m_ 標示·非投資建議
SEL,1,2025-01-16,2025-01-17,8059,凱碩,TPEx,W,W_atr14@3,2,570,0.075768,,0,0,1,-0.625,1.875,17.188,1295.21,,不適用,0.0,0.0,610,inf,250.0,official_prepanel,small,91.0,0,可交易（DK_s＝0）,未扣成本（成本參考：2.8 折來回約 0.38%、全額約 0.585%）；交易方法狀態未知（全額交割、變更交易方法、停止信用交易的來源未提供）；容量以 s 日 vol20 估計，未模擬開盤競價量與滑價；不可交易，僅觀察,未扣成本·事後欄位以 m_ 標示·非投資建議
SEL,1,2025-01-17,2025-01-20,3067,全域,TPEx,W,W_atr14@3,1,569,0.087357,,0,0,1,-2.257,-2.257,0.347,16.5,,不適用,0.0,0.0,611,inf,250.0,official_prepanel,small,25.0,0,可交易（DK_s＝0）,未扣成本（成本參考：2.8 折來回約 0.38%、全額約 0.585%）；交易方法狀態未知（全額交割、變更交易方法、停止信用交易的來源未提供）；容量以 s 日 vol20 估計，未模擬開盤競價量與滑價；不可交易，僅觀察,未扣成本·事後欄位以 m_ 標示·非投資建議
SEL,1,2025-01-17,2025-01-20,6144,得利影,TPEx,W,W_atr14@3,2,569,0.086109,,0,0,1,1.896,-5.845,4.423,80.05,,不適用,0.0,0.0,611,inf,250.0,official_prepanel,small,61.0,0,可交易（DK_s＝0）,未扣成本（成本參考：2.8 折來回約 0.38%、全額約 0.585%）；交易方法狀態未知（全額交割、變更交易方法、停止信用交易的來源未提供）；容量以 s 日 vol20 估計，未模擬開盤競價量與滑價；不可交易，僅觀察,未扣成本·事後欄位以 m_ 標示·非投資建議
SEL,1,2025-01-17,2025-01-20,7712,博盛半導體,TPEx,W,W_atr14@3,3,569,0.071576,,0,0,1,0.207,-2.697,-2.075,368.31,,不適用,0.0,0.0,16,16.0,16.0,official,mid,45.0,0,可交易（DK_s＝0）,未扣成本（成本參考：2.8 折來回約 0.38%、全額約 0.585%）；交易方法狀態未知（全額交割、變更交易方法、停止信用交易的來源未提供）；容量以 s 日 vol20 估計，未模擬開盤競價量與滑價；不可交易，僅觀察,未扣成本·事後欄位以 m_ 標示·非投資建議
SEL,1,2025-01-20,2025-01-21,3067,全域,TPEx,W,W_atr14@3,2,571,0.086019,,0,0,1,-3.282,-2.418,,17.3,,不適用,0.0,0.0,612,inf,250.0,official_prepanel,small,23.0,0,可交易（DK_s＝0）,未扣成本（成本參考：2.8 折來回約 0.38%、全額約 0.585%）；交易方法狀態未知（全額交割、變更交易方法、停止信用交易的來源未提供）；容量以 s 日 vol20 估計，未模擬開盤競價量與滑價；不可交易，僅觀察,未扣成本·事後欄位以 m_ 標示·非投資建議
SEL,1,2025-01-20,2025-01-21,5348,正能量智能,TPEx,W,W_atr14@3,3,571,0.075472,,0,0,1,0.0,1.895,-1.684,7.61,,不適用,0.0,0.0,612,inf,250.0,official_prepanel,small,4.0,0,可交易（DK_s＝0）,未扣成本（成本參考：2.8 折來回約 0.38%、全額約 0.585%）；交易方法狀態未知（全額交割、變更交易方法、停止信用交易的來源未提供）；容量以 s 日 vol20 估計，未模擬開盤競價量與滑價；不可交易，僅觀察,未扣成本·事後欄位以 m_ 標示·非投資建議
SEL,1,2025-01-20,2025-01-21,6144,得利影,TPEx,W,W_atr14@3,1,571,0.090144,,0,0,1,-2.484,-7.453,12.888,80.85,,不適用,0.0,0.0,612,inf,250.0,official_prepanel,small,38.0,0,可交易（DK_s＝0）,未扣成本（成本參考：2.8 折來回約 0.38%、全額約 0.585%）；交易方法狀態未知（全額交割、變更交易方法、停止信用交易的來源未提供）；容量以 s 日 vol20 估計，未模擬開盤競價量與滑價；不可交易，僅觀察,未扣成本·事後欄位以 m_ 標示·非投資建議
SEL,1,2025-01-21,2025-01-22,3067,全域,TPEx,W,W_atr14@3,2,570,0.08176,,0,0,1,3.75,1.25,8.214,18.15,,不適用,0.0,0.0,613,inf,250.0,official_prepanel,small,30.0,0,可交易（DK_s＝0）,未扣成本（成本參考：2.8 折來回約 0.38%、全額約 0.585%）；交易方法狀態未知（全額交割、變更交易方法、停止信用交易的來源未提供）；容量以 s 日 vol20 估計，未模擬開盤競價量與滑價；不可交易，僅觀察,未扣成本·事後欄位以 m_ 標示·非投資建議
SEL,1,2025-01-21,2025-01-22,5348,正能量智能,TPEx,W,W_atr14@3,3,570,0.069474,,0,0,1,0.0,,-5.092,7.67,,不適用,0.0,0.0,613,inf,250.0,official_prepanel,small,1.0,0,可交易（DK_s＝0）,未扣成本（成本參考：2.8 折來回約 0.38%、全額約 0.585%）；交易方法狀態未知（全額交割、變更交易方法、停止信用交易的來源未提供）；容量以 s 日 vol20 估計，未模擬開盤競價量與滑價；不可交易，僅觀察,未扣成本·事後欄位以 m_ 標示·非投資建議
SEL,1,2025-01-21,2025-01-22,6144,得利影,TPEx,W,W_atr14@3,1,570,0.094973,,0,0,1,-2.016,-7.132,9.302,80.0,,不適用,0.0,0.0,613,inf,250.0,official_prepanel,small,43.0,0,可交易（DK_s＝0）,未扣成本（成本參考：2.8 折來回約 0.38%、全額約 0.585%）；交易方法狀態未知（全額交割、變更交易方法、停止信用交易的來源未提供）；容量以 s 日 vol20 估計，未模擬開盤競價量與滑價；不可交易，僅觀察,未扣成本·事後欄位以 m_ 標示·非投資建議
SEL,1,2025-01-22,2025-02-03,3067,全域,TPEx,W,W_atr14@3,2,575,0.072781,,0,0,1,-4.828,-4.655,3.103,19.3,,不適用,0.0,0.0,614,inf,250.0,official_prepanel,small,12.0,0,可交易（DK_s＝0）,未扣成本（成本參考：2.8 折來回約 0.38%、全額約 0.585%）；交易方法狀態未知（全額交割、變更交易方法、停止信用交易的來源未提供）；容量以 s 日 vol20 估計，未模擬開盤競價量與滑價；不可交易，僅觀察,未扣成本·事後欄位以 m_ 標示·非投資建議
SEL,1,2025-01-22,2025-02-03,6144,得利影,TPEx,W,W_atr14@3,1,575,0.090077,,0,0,1,2.483,1.49,14.901,79.5,,不適用,0.0,0.0,614,inf,250.0,official_prepanel,small,34.0,0,可交易（DK_s＝0）,未扣成本（成本參考：2.8 折來回約 0.38%、全額約 0.585%）；交易方法狀態未知（全額交割、變更交易方法、停止信用交易的來源未提供）；容量以 s 日 vol20 估計，未模擬開盤競價量與滑價；不可交易，僅觀察,未扣成本·事後欄位以 m_ 標示·非投資建議
SEL,1,2025-01-22,2025-02-03,8045,達運光電,TWSE,W,W_atr14@3,3,575,0.068376,,0,0,1,2.752,26.147,25.688,1136.85,,不適用,1.0,0.0,30,30.0,30.0,official,mid,406.0,1,處置中・交易規則另案登錄（DK_s＝1）,未扣成本（成本參考：2.8 折來回約 0.38%、全額約 0.585%）；交易方法狀態未知（全額交割、變更交易方法、停止信用交易的來源未提供）；容量以 s 日 vol20 估計，未模擬開盤競價量與滑價；不可交易，僅觀察,未扣成本·事後欄位以 m_ 標示·非投資建議
SEL,1,2025-02-03,2025-02-04,3067,全域,TPEx,W,W_atr14@3,2,571,0.070911,,0,0,1,4.259,0.741,6.111,19.7,,不適用,0.0,0.0,615,inf,250.0,official_prepanel,small,8.0,0,可交易（DK_s＝0）,未扣成本（成本參考：2.8 折來回約 0.38%、全額約 0.585%）；交易方法狀態未知（全額交割、變更交易方法、停止信用交易的來源未提供）；容量以 s 日 vol20 估計，未模擬開盤競價量與滑價；不可交易，僅觀察,未扣成本·事後欄位以 m_ 標示·非投資建議
SEL,1,2025-02-03,2025-02-04,6144,得利影,TPEx,W,W_atr14@3,1,571,0.093007,,0,0,1,-3.56,-2.751,12.298,76.5,,不適用,0.0,0.0,615,inf,250.0,official_prepanel,small,30.0,0,可交易（DK_s＝0）,未扣成本（成本參考：2.8 折來回約 0.38%、全額約 0.585%）；交易方法狀態未知（全額交割、變更交易方法、停止信用交易的來源未提供）；容量以 s 日 vol20 估計，未模擬開盤競價量與滑價；不可交易，僅觀察,未扣成本·事後欄位以 m_ 標示·非投資建議
SEL,1,2025-02-03,2025-02-04,8045,達運光電,TWSE,W,W_atr14@3,3,571,0.070855,,0,0,1,9.821,29.464,21.875,1127.85,,不適用,1.0,0.0,31,31.0,31.0,official,mid,973.0,1,處置中・交易規則另案登錄（DK_s＝1）,未扣成本（成本參考：2.8 折來回約 0.38%、全額約 0.585%）；交易方法狀態未知（全額交割、變更交易方法、停止信用交易的來源未提供）；容量以 s 日 vol20 估計，未模擬開盤競價量與滑價；不可交易，僅觀察,未扣成本·事後欄位以 m_ 標示·非投資建議
SEL,1,2025-02-04,2025-02-05,6144,得利影,TPEx,W,W_atr14@3,1,571,0.093001,,0,0,1,-5.994,4.259,9.464,75.85,,不適用,0.0,0.0,616,inf,250.0,official_prepanel,small,24.0,0,可交易（DK_s＝0）,未扣成本（成本參考：2.8 折來回約 0.38%、全額約 0.585%）；交易方法狀態未知（全額交割、變更交易方法、停止信用交易的來源未提供）；容量以 s 日 vol20 估計，未模擬開盤競價量與滑價；不可交易，僅觀察,未扣成本·事後欄位以 m_ 標示·非投資建議
SEL,1,2025-02-04,2025-02-05,6228,全譜,TPEx,W,W_atr14@3,3,571,0.066613,,0,0,1,0.223,20.759,25.446,72.6,,不適用,0.0,0.0,616,inf,250.0,official_prepanel,small,44.0,0,可交易（DK_s＝0）,未扣成本（成本參考：2.8 折來回約 0.38%、全額約 0.585%）；交易方法狀態未知（全額交割、變更交易方法、停止信用交易的來源未提供）；容量以 s 日 vol20 估計，未模擬開盤競價量與滑價；不可交易，僅觀察,未扣成本·事後欄位以 m_ 標示·非投資建議
SEL,1,2025-02-04,2025-02-05,6982,大井泵浦,TPEx,W,W_atr14@3,2,571,0.066892,,0,0,1,1.608,1.768,4.019,1267.8,,不適用,0.0,0.0,27,27.0,27.0,official,small,362.0,0,可交易（DK_s＝0）,未扣成本（成本參考：2.8 折來回約 0.38%、全額約 0.585%）；交易方法狀態未知（全額交割、變更交易方法、停止信用交易的來源未提供）；容量以 s 日 vol20 估計，未模擬開盤競價量與滑價；不可交易，僅觀察,未扣成本·事後欄位以 m_ 標示·非投資建議
SEL,1,2025-02-05,2025-02-06,5348,正能量智能,TPEx,W,W_atr14@3,2,578,0.070592,,0,0,0,,,,7.11,,不適用,0.0,0.0,617,inf,250.0,official_prepanel,small,,0,可交易（DK_s＝0）,未扣成本（成本參考：2.8 折來回約 0.38%、全額約 0.585%）；交易方法狀態未知（全額交割、變更交易方法、停止信用交易的來源未提供）；容量以 s 日 vol20 估計，未模擬開盤競價量與滑價；不可交易，僅觀察,未扣成本·事後欄位以 m_ 標示·非投資建議
SEL,1,2025-02-05,2025-02-06,6144,得利影,TPEx,W,W_atr14@3,1,578,0.090844,,0,0,1,0.503,21.98,14.765,75.55,,不適用,0.0,0.0,617,inf,250.0,official_prepanel,small,27.0,0,可交易（DK_s＝0）,未扣成本（成本參考：2.8 折來回約 0.38%、全額約 0.585%）；交易方法狀態未知（全額交割、變更交易方法、停止信用交易的來源未提供）；容量以 s 日 vol20 估計，未模擬開盤競價量與滑價；不可交易，僅觀察,未扣成本·事後欄位以 m_ 標示·非投資建議
SEL,1,2025-02-05,2025-02-06,8045,達運光電,TWSE,W,W_atr14@3,3,578,0.065905,,0,0,1,2.317,11.197,15.83,1164.4,,不適用,0.0,0.0,33,33.0,33.0,official,mid,1344.0,0,可交易（DK_s＝0）,未扣成本（成本參考：2.8 折來回約 0.38%、全額約 0.585%）；交易方法狀態未知（全額交割、變更交易方法、停止信用交易的來源未提供）；容量以 s 日 vol20 估計，未模擬開盤競價量與滑價；不可交易，僅觀察,未扣成本·事後欄位以 m_ 標示·非投資建議
SEL,1,2025-02-06,2025-02-07,2740,華軒,TPEx,W,W_atr14@3,1,572,0.084706,,0,0,1,4.006,-1.695,9.399,,,不適用,0.0,0.0,618,inf,250.0,official_prepanel,small,3.0,0,可交易（DK_s＝0）,未扣成本（成本參考：2.8 折來回約 0.38%、全額約 0.585%）；交易方法狀態未知（全額交割、變更交易方法、停止信用交易的來源未提供）；容量以 s 日 vol20 估計，未模擬開盤競價量與滑價；不可交易，僅觀察,未扣成本·事後欄位以 m_ 標示·非投資建議
SEL,1,2025-02-06,2025-02-07,6144,得利影,TPEx,W,W_atr14@3,2,572,0.084665,,0,0,1,5.872,21.762,15.717,74.4,,不適用,0.0,0.0,618,inf,250.0,official_prepanel,small,31.0,0,可交易（DK_s＝0）,未扣成本（成本參考：2.8 折來回約 0.38%、全額約 0.585%）；交易方法狀態未知（全額交割、變更交易方法、停止信用交易的來源未提供）；容量以 s 日 vol20 估計，未模擬開盤競價量與滑價；不可交易，僅觀察,未扣成本·事後欄位以 m_ 標示·非投資建議
SEL,1,2025-02-06,2025-02-07,8291,尚茂,TPEx,W,W_atr14@3,3,572,0.072903,,0,0,1,5.9,-0.147,11.947,18.45,,不適用,0.0,0.0,618,inf,250.0,official_prepanel,small,11.0,0,可交易（DK_s＝0）,未扣成本（成本參考：2.8 折來回約 0.38%、全額約 0.585%）；交易方法狀態未知（全額交割、變更交易方法、停止信用交易的來源未提供）；容量以 s 日 vol20 估計，未模擬開盤競價量與滑價；不可交易，僅觀察,未扣成本·事後欄位以 m_ 標示·非投資建議
SEL,1,2025-02-07,2025-02-10,2321,東訊,TWSE,W,W_atr14@3,3,575,0.070234,,0,0,1,0.0,-4.0,3.0,12.65,,不適用,0.0,0.0,619,inf,250.0,official_prepanel,small,1.0,0,可交易（DK_s＝0）,未扣成本（成本參考：2.8 折來回約 0.38%、全額約 0.585%）；交易方法狀態未知（全額交割、變更交易方法、停止信用交易的來源未提供）；容量以 s 日 vol20 估計，未模擬開盤競價量與滑價；不可交易，僅觀察,未扣成本·事後欄位以 m_ 標示·非投資建議
SEL,1,2025-02-07,2025-02-10,2740,華軒,TPEx,W,W_atr14@3,1,575,0.080342,,0,0,1,0.0,2.811,0.888,,,不適用,0.0,0.0,619,inf,250.0,official_prepanel,small,4.0,0,可交易（DK_s＝0）,未扣成本（成本參考：2.8 折來回約 0.38%、全額約 0.585%）；交易方法狀態未知（全額交割、變更交易方法、停止信用交易的來源未提供）；容量以 s 日 vol20 估計，未模擬開盤競價量與滑價；不可交易，僅觀察,未扣成本·事後欄位以 m_ 標示·非投資建議
SEL,1,2025-02-07,2025-02-10,6144,得利影,TPEx,W,W_atr14@3,2,575,0.080051,,0,0,1,-3.065,11.935,11.29,74.95,,不適用,0.0,0.0,619,inf,250.0,official_prepanel,small,23.0,0,可交易（DK_s＝0）,未扣成本（成本參考：2.8 折來回約 0.38%、全額約 0.585%）；交易方法狀態未知（全額交割、變更交易方法、停止信用交易的來源未提供）；容量以 s 日 vol20 估計，未模擬開盤競價量與滑價；不可交易，僅觀察,未扣成本·事後欄位以 m_ 標示·非投資建議
SEL,1,2025-02-10,2025-02-11,2321,東訊,TWSE,W,W_atr14@3,3,573,0.066905,,0,0,0,,,,12.5,,不適用,0.0,0.0,620,inf,250.0,official_prepanel,small,,0,可交易（DK_s＝0）,未扣成本（成本參考：2.8 折來回約 0.38%、全額約 0.585%）；交易方法狀態未知（全額交割、變更交易方法、停止信用交易的來源未提供）；容量以 s 日 vol20 估計，未模擬開盤競價量與滑價；不可交易，僅觀察,未扣成本·事後欄位以 m_ 標示·非投資建議
SEL,1,2025-02-10,2025-02-11,2740,華軒,TPEx,W,W_atr14@3,1,573,0.074598,,0,0,1,-6.86,8.841,3.811,,,不適用,0.0,0.0,620,inf,250.0,official_prepanel,small,68.0,0,可交易（DK_s＝0）,未扣成本（成本參考：2.8 折來回約 0.38%、全額約 0.585%）；交易方法狀態未知（全額交割、變更交易方法、停止信用交易的來源未提供）；容量以 s 日 vol20 估計，未模擬開盤競價量與滑價；不可交易，僅觀察,未扣成本·事後欄位以 m_ 標示·非投資建議
SEL,1,2025-02-10,2025-02-11,6144,得利影,TPEx,W,W_atr14@3,2,573,0.0744,,1,0,1,6.785,12.116,7.916,70.4,,不適用,0.0,0.0,620,inf,250.0,official_prepanel,small,109.0,0,可交易（DK_s＝0）,未扣成本（成本參考：2.8 折來回約 0.38%、全額約 0.585%）；交易方法狀態未知（全額交割、變更交易方法、停止信用交易的來源未提供）；容量以 s 日 vol20 估計，未模擬開盤競價量與滑價；不可交易，僅觀察,未扣成本·事後欄位以 m_ 標示·非投資建議
SEL,1,2025-02-11,2025-02-12,2740,華軒,TPEx,W,W_atr14@3,1,552,0.085691,,0,0,1,1.616,16.155,14.54,9.8,,不適用,0.0,0.0,621,inf,250.0,official_prepanel,small,4.0,0,可交易（DK_s＝0）,未扣成本（成本參考：2.8 折來回約 0.38%、全額約 0.585%）；交易方法狀態未知（全額交割、變更交易方法、停止信用交易的來源未提供）；容量以 s 日 vol20 估計，未模擬開盤競價量與滑價；不可交易，僅觀察,未扣成本·事後欄位以 m_ 標示·非投資建議
SEL,1,2025-02-11,2025-02-12,5205,中茂,TPEx,W,W_atr14@3,2,552,0.063766,,0,0,1,0.0,8.481,-0.986,4.85,,不適用,0.0,0.0,621,inf,250.0,official_prepanel,small,1.0,0,可交易（DK_s＝0）,未扣成本（成本參考：2.8 折來回約 0.38%、全額約 0.585%）；交易方法狀態未知（全額交割、變更交易方法、停止信用交易的來源未提供）；容量以 s 日 vol20 估計，未模擬開盤競價量與滑價；不可交易，僅觀察,未扣成本·事後欄位以 m_ 標示·非投資建議
SEL,1,2025-02-11,2025-02-12,6823,濾能,TPEx,W,W_atr14@3,3,552,0.062005,,0,0,1,0.0,0.901,6.341,63.5,,不適用,0.0,0.0,621,inf,250.0,official_prepanel,small,28.0,0,可交易（DK_s＝0）,未扣成本（成本參考：2.8 折來回約 0.38%、全額約 0.585%）；交易方法狀態未知（全額交割、變更交易方法、停止信用交易的來源未提供）；容量以 s 日 vol20 估計，未模擬開盤競價量與滑價；不可交易，僅觀察,未扣成本·事後欄位以 m_ 標示·非投資建議
SEL,1,2025-02-12,2025-02-13,2740,華軒,TPEx,W,W_atr14@3,1,559,0.077788,,0,0,1,1.917,14.537,20.767,9.44,,不適用,0.0,0.0,622,inf,250.0,official_prepanel,small,14.0,0,可交易（DK_s＝0）,未扣成本（成本參考：2.8 折來回約 0.38%、全額約 0.585%）；交易方法狀態未知（全額交割、變更交易方法、停止信用交易的來源未提供）；容量以 s 日 vol20 估計，未模擬開盤競價量與滑價；不可交易，僅觀察,未扣成本·事後欄位以 m_ 標示·非投資建議
SEL,1,2025-02-12,2025-02-13,5205,中茂,TPEx,W,W_atr14@3,2,559,0.069315,,0,0,1,6.986,7.784,10.18,4.8,,不適用,0.0,0.0,622,inf,250.0,official_prepanel,small,7.0,0,可交易（DK_s＝0）,未扣成本（成本參考：2.8 折來回約 0.38%、全額約 0.585%）；交易方法狀態未知（全額交割、變更交易方法、停止信用交易的來源未提供）；容量以 s 日 vol20 估計，未模擬開盤競價量與滑價；不可交易，僅觀察,未扣成本·事後欄位以 m_ 標示·非投資建議
SEL,1,2025-02-12,2025-02-13,8291,尚茂,TPEx,W,W_atr14@3,3,559,0.064398,,0,0,1,-3.424,1.569,0.143,17.5,,不適用,0.0,0.0,622,inf,250.0,official_prepanel,small,8.0,0,可交易（DK_s＝0）,未扣成本（成本參考：2.8 折來回約 0.38%、全額約 0.585%）；交易方法狀態未知（全額交割、變更交易方法、停止信用交易的來源未提供）；容量以 s 日 vol20 估計，未模擬開盤競價量與滑價；不可交易，僅觀察,未扣成本·事後欄位以 m_ 標示·非投資建議
SEL,1,2025-02-13,2025-02-14,2740,華軒,TPEx,W,W_atr14@3,1,569,0.072996,,0,0,1,13.008,15.447,12.52,9.71,,不適用,0.0,0.0,623,inf,250.0,official_prepanel,small,45.0,0,可交易（DK_s＝0）,未扣成本（成本參考：2.8 折來回約 0.38%、全額約 0.585%）；交易方法狀態未知（全額交割、變更交易方法、停止信用交易的來源未提供）；容量以 s 日 vol20 估計，未模擬開盤競價量與滑價；不可交易，僅觀察,未扣成本·事後欄位以 m_ 標示·非投資建議
SEL,1,2025-02-13,2025-02-14,5205,中茂,TPEx,W,W_atr14@3,2,569,0.066631,,0,0,1,0.0,0.772,8.108,5.05,,不適用,0.0,0.0,623,inf,250.0,official_prepanel,small,2.0,0,可交易（DK_s＝0）,未扣成本（成本參考：2.8 折來回約 0.38%、全額約 0.585%）；交易方法狀態未知（全額交割、變更交易方法、停止信用交易的來源未提供）；容量以 s 日 vol20 估計，未模擬開盤競價量與滑價；不可交易，僅觀察,未扣成本·事後欄位以 m_ 標示·非投資建議
SEL,1,2025-02-13,2025-02-14,8045,達運光電,TWSE,W,W_atr14@3,3,569,0.065693,,0,0,1,-0.725,6.522,0.362,1114.35,,不適用,0.0,0.0,39,39.0,39.0,official,mid,533.0,0,可交易（DK_s＝0）,未扣成本（成本參考：2.8 折來回約 0.38%、全額約 0.585%）；交易方法狀態未知（全額交割、變更交易方法、停止信用交易的來源未提供）；容量以 s 日 vol20 估計，未模擬開盤競價量與滑價；不可交易，僅觀察,未扣成本·事後欄位以 m_ 標示·非投資建議
SEL,1,2025-02-14,2025-02-17,2740,華軒,TPEx,W,W_atr14@3,2,572,0.069168,,0,0,1,-0.833,-5.278,3.056,11.67,,不適用,0.0,0.0,624,inf,250.0,official_prepanel,small,10.0,0,可交易（DK_s＝0）,未扣成本（成本參考：2.8 折來回約 0.38%、全額約 0.585%）；交易方法狀態未知（全額交割、變更交易方法、停止信用交易的來源未提供）；容量以 s 日 vol20 估計，未模擬開盤競價量與滑價；不可交易，僅觀察,未扣成本·事後欄位以 m_ 標示·非投資建議
SEL,1,2025-02-14,2025-02-17,5205,中茂,TPEx,W,W_atr14@3,3,572,0.068809,,0,0,1,0.0,9.6,8.8,5.1,,不適用,0.0,0.0,624,inf,250.0,official_prepanel,small,1.0,0,可交易（DK_s＝0）,未扣成本（成本參考：2.8 折來回約 0.38%、全額約 0.585%）；交易方法狀態未知（全額交割、變更交易方法、停止信用交易的來源未提供）；容量以 s 日 vol20 估計，未模擬開盤競價量與滑價；不可交易，僅觀察,未扣成本·事後欄位以 m_ 標示·非投資建議
SEL,1,2025-02-14,2025-02-17,8291,尚茂,TPEx,W,W_atr14@3,1,572,0.072994,,1,1,0,0.0,13.96,3.276,9.75,,不適用,0.0,0.0,624,inf,250.0,official_prepanel,small,8.0,0,可交易（DK_s＝0）,未扣成本（成本參考：2.8 折來回約 0.38%、全額約 0.585%）；交易方法狀態未知（全額交割、變更交易方法、停止信用交易的來源未提供）；容量以 s 日 vol20 估計，未模擬開盤競價量與滑價；不可交易，僅觀察,未扣成本·事後欄位以 m_ 標示·非投資建議
SEL,1,2025-02-17,2025-02-18,5205,中茂,TPEx,W,W_atr14@3,2,578,0.070571,,0,0,1,13.872,7.66,15.114,5.0,,不適用,0.0,0.0,625,inf,250.0,official_prepanel,small,11.0,0,可交易（DK_s＝0）,未扣成本（成本參考：2.8 折來回約 0.38%、全額約 0.585%）；交易方法狀態未知（全額交割、變更交易方法、停止信用交易的來源未提供）；容量以 s 日 vol20 估計，未模擬開盤競價量與滑價；不可交易，僅觀察,未扣成本·事後欄位以 m_ 標示·非投資建議
SEL,1,2025-02-17,2025-02-18,6870,騰雲,TPEx,W,W_atr14@3,3,578,0.069841,,0,0,1,-0.665,-5.543,-7.982,253.55,,不適用,0.0,0.0,342,342.0,250.0,official,small,172.0,0,可交易（DK_s＝0）,未扣成本（成本參考：2.8 折來回約 0.38%、全額約 0.585%）；交易方法狀態未知（全額交割、變更交易方法、停止信用交易的來源未提供）；容量以 s 日 vol20 估計，未模擬開盤競價量與滑價；不可交易，僅觀察,未扣成本·事後欄位以 m_ 標示·非投資建議
SEL,1,2025-02-17,2025-02-18,7722,LINEPAY,TWSE,W,W_atr14@3,1,578,0.072039,,0,0,1,2.978,0.124,0.993,538.2,,不適用,0.0,0.0,45,45.0,45.0,official,large,205.0,0,可交易（DK_s＝0）,未扣成本（成本參考：2.8 折來回約 0.38%、全額約 0.585%）；交易方法狀態未知（全額交割、變更交易方法、停止信用交易的來源未提供）；容量以 s 日 vol20 估計，未模擬開盤競價量與滑價；不可交易，僅觀察,未扣成本·事後欄位以 m_ 標示·非投資建議
SEL,1,2025-02-18,2025-02-19,4609,唐鋒,TPEx,W,W_atr14@3,2,576,0.072373,,0,0,1,1.995,6.338,9.39,20.78,,不適用,0.0,0.0,626,inf,250.0,official_prepanel,small,10.0,0,可交易（DK_s＝0）,未扣成本（成本參考：2.8 折來回約 0.38%、全額約 0.585%）；交易方法狀態未知（全額交割、變更交易方法、停止信用交易的來源未提供）；容量以 s 日 vol20 估計，未模擬開盤競價量與滑價；不可交易，僅觀察,未扣成本·事後欄位以 m_ 標示·非投資建議
SEL,1,2025-02-18,2025-02-19,6994,富威電力,TWSE,W,W_atr14@3,3,576,0.072286,,0,0,1,-2.685,-6.04,4.027,1328.17,,不適用,0.0,0.0,18,18.0,18.0,official,mid,875.0,0,可交易（DK_s＝0）,未扣成本（成本參考：2.8 折來回約 0.38%、全額約 0.585%）；交易方法狀態未知（全額交割、變更交易方法、停止信用交易的來源未提供）；容量以 s 日 vol20 估計，未模擬開盤競價量與滑價；不可交易，僅觀察,未扣成本·事後欄位以 m_ 標示·非投資建議
SEL,1,2025-02-18,2025-02-19,7722,LINEPAY,TWSE,W,W_atr14@3,1,576,0.072461,,0,0,1,1.333,-4.0,-2.303,524.75,,不適用,0.0,0.0,46,46.0,46.0,official,large,112.0,0,可交易（DK_s＝0）,未扣成本（成本參考：2.8 折來回約 0.38%、全額約 0.585%）；交易方法狀態未知（全額交割、變更交易方法、停止信用交易的來源未提供）；容量以 s 日 vol20 估計，未模擬開盤競價量與滑價；不可交易，僅觀察,未扣成本·事後欄位以 m_ 標示·非投資建議
SEL,1,2025-02-19,2025-02-20,5205,中茂,TPEx,W,W_atr14@3,3,597,0.073545,,0,0,1,0.0,5.747,14.559,5.35,,不適用,0.0,0.0,627,inf,250.0,official_prepanel,small,1.0,0,可交易（DK_s＝0）,未扣成本（成本參考：2.8 折來回約 0.38%、全額約 0.585%）；交易方法狀態未知（全額交割、變更交易方法、停止信用交易的來源未提供）；容量以 s 日 vol20 估計，未模擬開盤競價量與滑價；不可交易，僅觀察,未扣成本·事後欄位以 m_ 標示·非投資建議
SEL,1,2025-02-19,2025-02-20,6994,富威電力,TWSE,W,W_atr14@3,1,597,0.077635,,0,0,1,-0.676,-3.378,3.041,1304.32,,不適用,0.0,0.0,19,19.0,19.0,official,mid,925.0,0,可交易（DK_s＝0）,未扣成本（成本參考：2.8 折來回約 0.38%、全額約 0.585%）；交易方法狀態未知（全額交割、變更交易方法、停止信用交易的來源未提供）；容量以 s 日 vol20 估計，未模擬開盤競價量與滑價；不可交易，僅觀察,未扣成本·事後欄位以 m_ 標示·非投資建議
SEL,1,2025-02-19,2025-02-20,8291,尚茂,TPEx,W,W_atr14@3,2,597,0.075341,,0,0,1,3.973,-3.836,9.452,12.85,,不適用,0.0,0.0,627,inf,250.0,official_prepanel,small,13.0,0,可交易（DK_s＝0）,未扣成本（成本參考：2.8 折來回約 0.38%、全額約 0.585%）；交易方法狀態未知（全額交割、變更交易方法、停止信用交易的來源未提供）；容量以 s 日 vol20 估計，未模擬開盤競價量與滑價；不可交易，僅觀察,未扣成本·事後欄位以 m_ 標示·非投資建議
SEL,1,2025-02-20,2025-02-21,3349,寶德,TPEx,W,W_atr14@3,3,589,0.07341,,0,0,1,-0.243,-5.109,-7.543,48.58,,不適用,1.0,0.0,628,inf,250.0,official_prepanel,small,58.0,1,處置中・交易規則另案登錄（DK_s＝1）,未扣成本（成本參考：2.8 折來回約 0.38%、全額約 0.585%）；交易方法狀態未知（全額交割、變更交易方法、停止信用交易的來源未提供）；容量以 s 日 vol20 估計，未模擬開盤競價量與滑價；不可交易，僅觀察,未扣成本·事後欄位以 m_ 標示·非投資建議
SEL,1,2025-02-20,2025-02-21,5205,中茂,TPEx,W,W_atr14@3,1,589,0.077449,,0,0,1,7.662,10.02,11.198,5.3,,不適用,0.0,0.0,628,inf,250.0,official_prepanel,small,4.0,0,可交易（DK_s＝0）,未扣成本（成本參考：2.8 折來回約 0.38%、全額約 0.585%）；交易方法狀態未知（全額交割、變更交易方法、停止信用交易的來源未提供）；容量以 s 日 vol20 估計，未模擬開盤競價量與滑價；不可交易，僅觀察,未扣成本·事後欄位以 m_ 標示·非投資建議
SEL,1,2025-02-20,2025-02-21,6994,富威電力,TWSE,W,W_atr14@3,2,589,0.076336,,0,0,1,-5.085,-2.373,-1.356,1285.35,,不適用,0.0,0.0,20,20.0,20.0,official,mid,1133.0,0,可交易（DK_s＝0）,未扣成本（成本參考：2.8 折來回約 0.38%、全額約 0.585%）；交易方法狀態未知（全額交割、變更交易方法、停止信用交易的來源未提供）；容量以 s 日 vol20 估計，未模擬開盤競價量與滑價；不可交易，僅觀察,未扣成本·事後欄位以 m_ 標示·非投資建議
SEL,1,2025-02-21,2025-02-24,3349,寶德,TPEx,W,W_atr14@3,3,594,0.071777,,0,0,1,-0.743,-5.446,3.465,51.05,,不適用,1.0,0.0,629,inf,250.0,official_prepanel,small,36.0,1,處置中・交易規則另案登錄（DK_s＝1）,未扣成本（成本參考：2.8 折來回約 0.38%、全額約 0.585%）；交易方法狀態未知（全額交割、變更交易方法、停止信用交易的來源未提供）；容量以 s 日 vol20 估計，未模擬開盤競價量與滑價；不可交易，僅觀察,未扣成本·事後欄位以 m_ 標示·非投資建議
SEL,1,2025-02-21,2025-02-24,5205,中茂,TPEx,W,W_atr14@3,1,594,0.077946,,0,0,1,0.0,4.615,12.885,5.35,,不適用,0.0,0.0,629,inf,250.0,official_prepanel,small,1.0,0,可交易（DK_s＝0）,未扣成本（成本參考：2.8 折來回約 0.38%、全額約 0.585%）；交易方法狀態未知（全額交割、變更交易方法、停止信用交易的來源未提供）；容量以 s 日 vol20 估計，未模擬開盤競價量與滑價；不可交易，僅觀察,未扣成本·事後欄位以 m_ 標示·非投資建議
SEL,1,2025-02-21,2025-02-24,6994,富威電力,TWSE,W,W_atr14@3,2,594,0.077551,,0,0,1,1.805,10.469,6.498,1195.6,,不適用,0.0,0.0,21,21.0,21.0,official,mid,446.0,0,可交易（DK_s＝0）,未扣成本（成本參考：2.8 折來回約 0.38%、全額約 0.585%）；交易方法狀態未知（全額交割、變更交易方法、停止信用交易的來源未提供）；容量以 s 日 vol20 估計，未模擬開盤競價量與滑價；不可交易，僅觀察,未扣成本·事後欄位以 m_ 標示·非投資建議
SEL,1,2025-02-24,2025-02-25,3349,寶德,TPEx,W,W_atr14@3,3,584,0.071785,,0,0,1,0.26,-3.896,2.338,52.63,,不適用,1.0,0.0,630,inf,250.0,official_prepanel,small,53.0,0,處置中・交易規則另案登錄（DK_s＝1）,未扣成本（成本參考：2.8 折來回約 0.38%、全額約 0.585%）；交易方法狀態未知（全額交割、變更交易方法、停止信用交易的來源未提供）；容量以 s 日 vol20 估計，未模擬開盤競價量與滑價；不可交易，僅觀察,未扣成本·事後欄位以 m_ 標示·非投資建議
SEL,1,2025-02-24,2025-02-25,5205,中茂,TPEx,W,W_atr14@3,1,584,0.076374,,0,0,1,0.0,10.757,14.741,5.35,,不適用,0.0,0.0,630,inf,250.0,official_prepanel,small,1.0,0,可交易（DK_s＝0）,未扣成本（成本參考：2.8 折來回約 0.38%、全額約 0.585%）；交易方法狀態未知（全額交割、變更交易方法、停止信用交易的來源未提供）；容量以 s 日 vol20 估計，未模擬開盤競價量與滑價；不可交易，僅觀察,未扣成本·事後欄位以 m_ 標示·非投資建議
SEL,1,2025-02-24,2025-02-25,6994,富威電力,TWSE,W,W_atr14@3,2,584,0.072695,,0,0,1,-1.408,4.225,2.113,1150.0,,不適用,0.0,0.0,22,22.0,22.0,official,mid,374.0,0,可交易（DK_s＝0）,未扣成本（成本參考：2.8 折來回約 0.38%、全額約 0.585%）；交易方法狀態未知（全額交割、變更交易方法、停止信用交易的來源未提供）；容量以 s 日 vol20 估計，未模擬開盤競價量與滑價；不可交易，僅觀察,未扣成本·事後欄位以 m_ 標示·非投資建議
SEL,1,2025-02-25,2025-02-26,3349,寶德,TPEx,W,W_atr14@3,2,576,0.072169,,0,0,1,5.333,1.067,7.2,55.21,,不適用,0.0,0.0,631,inf,250.0,official_prepanel,small,29.0,0,可交易（DK_s＝0）,未扣成本（成本參考：2.8 折來回約 0.38%、全額約 0.585%）；交易方法狀態未知（全額交割、變更交易方法、停止信用交易的來源未提供）；容量以 s 日 vol20 估計，未模擬開盤競價量與滑價；不可交易，僅觀察,未扣成本·事後欄位以 m_ 標示·非投資建議
SEL,1,2025-02-25,2025-02-26,4609,唐鋒,TPEx,W,W_atr14@3,3,576,0.071665,,0,0,1,0.0,3.097,4.314,30.39,,不適用,0.0,0.0,631,inf,250.0,official_prepanel,small,8.0,0,可交易（DK_s＝0）,未扣成本（成本參考：2.8 折來回約 0.38%、全額約 0.585%）；交易方法狀態未知（全額交割、變更交易方法、停止信用交易的來源未提供）；容量以 s 日 vol20 估計，未模擬開盤競價量與滑價；不可交易，僅觀察,未扣成本·事後欄位以 m_ 標示·非投資建議
SEL,1,2025-02-25,2025-02-26,5205,中茂,TPEx,W,W_atr14@3,1,576,0.079112,,0,0,1,2.412,10.39,11.317,5.25,,不適用,0.0,0.0,631,inf,250.0,official_prepanel,small,13.0,0,可交易（DK_s＝0）,未扣成本（成本參考：2.8 折來回約 0.38%、全額約 0.585%）；交易方法狀態未知（全額交割、變更交易方法、停止信用交易的來源未提供）；容量以 s 日 vol20 估計，未模擬開盤競價量與滑價；不可交易，僅觀察,未扣成本·事後欄位以 m_ 標示·非投資建議
SEL,1,2025-02-26,2025-02-27,4946,辣椒,TPEx,W,W_atr14@3,3,572,0.071475,,0,0,1,-4.639,0.644,25.258,145.05,,不適用,1.0,0.0,632,inf,250.0,official_prepanel,small,119.0,0,處置中・交易規則另案登錄（DK_s＝1）,未扣成本（成本參考：2.8 折來回約 0.38%、全額約 0.585%）；交易方法狀態未知（全額交割、變更交易方法、停止信用交易的來源未提供）；容量以 s 日 vol20 估計，未模擬開盤競價量與滑價；不可交易，僅觀察,未扣成本·事後欄位以 m_ 標示·非投資建議
SEL,1,2025-02-26,2025-02-27,6913,鴻呈,TPEx,W,W_atr14@3,2,572,0.071664,,0,0,1,4.983,2.326,-7.973,1314.85,,不適用,0.0,0.0,95,95.0,95.0,official,small,1385.0,0,可交易（DK_s＝0）,未扣成本（成本參考：2.8 折來回約 0.38%、全額約 0.585%）；交易方法狀態未知（全額交割、變更交易方法、停止信用交易的來源未提供）；容量以 s 日 vol20 估計，未模擬開盤競價量與滑價；不可交易，僅觀察,未扣成本·事後欄位以 m_ 標示·非投資建議
SEL,1,2025-02-26,2025-02-27,8291,尚茂,TPEx,W,W_atr14@3,1,572,0.072102,,0,0,1,0.0,13.818,6.125,14.42,,不適用,0.0,0.0,632,inf,250.0,official_prepanel,small,4.0,0,可交易（DK_s＝0）,未扣成本（成本參考：2.8 折來回約 0.38%、全額約 0.585%）；交易方法狀態未知（全額交割、變更交易方法、停止信用交易的來源未提供）；容量以 s 日 vol20 估計，未模擬開盤競價量與滑價；不可交易，僅觀察,未扣成本·事後欄位以 m_ 標示·非投資建議
SEL,1,2025-02-27,2025-03-03,1235,興泰,TWSE,W,W_atr14@3,3,565,0.070787,,0,0,1,3.604,10.023,9.459,36.7,,不適用,0.0,0.0,633,inf,250.0,official_prepanel,mid,26.0,0,可交易（DK_s＝0）,未扣成本（成本參考：2.8 折來回約 0.38%、全額約 0.585%）；交易方法狀態未知（全額交割、變更交易方法、停止信用交易的來源未提供）；容量以 s 日 vol20 估計，未模擬開盤競價量與滑價；不可交易，僅觀察,未扣成本·事後欄位以 m_ 標示·非投資建議
SEL,1,2025-02-27,2025-03-03,4946,辣椒,TPEx,W,W_atr14@3,1,565,0.075097,,0,0,1,-3.924,16.238,18.403,150.7,,不適用,0.0,0.0,633,inf,250.0,official_prepanel,small,79.0,0,可交易（DK_s＝0）,未扣成本（成本參考：2.8 折來回約 0.38%、全額約 0.585%）；交易方法狀態未知（全額交割、變更交易方法、停止信用交易的來源未提供）；容量以 s 日 vol20 估計，未模擬開盤競價量與滑價；不可交易，僅觀察,未扣成本·事後欄位以 m_ 標示·非投資建議
SEL,1,2025-02-27,2025-03-03,6913,鴻呈,TPEx,W,W_atr14@3,2,565,0.072333,,0,0,1,-0.955,-8.917,-11.146,1382.95,,不適用,0.0,0.0,96,96.0,96.0,official,small,1681.0,0,可交易（DK_s＝0）,未扣成本（成本參考：2.8 折來回約 0.38%、全額約 0.585%）；交易方法狀態未知（全額交割、變更交易方法、停止信用交易的來源未提供）；容量以 s 日 vol20 估計，未模擬開盤競價量與滑價；不可交易，僅觀察,未扣成本·事後欄位以 m_ 標示·非投資建議
SEL,1,2025-03-03,2025-03-04,2740,華軒,TPEx,W,W_atr14@3,3,552,0.070851,,0,0,1,7.692,1.619,-3.239,11.35,,不適用,0.0,0.0,634,inf,250.0,official_prepanel,small,11.0,0,可交易（DK_s＝0）,未扣成本（成本參考：2.8 折來回約 0.38%、全額約 0.585%）；交易方法狀態未知（全額交割、變更交易方法、停止信用交易的來源未提供）；容量以 s 日 vol20 估計，未模擬開盤競價量與滑價；不可交易，僅觀察,未扣成本·事後欄位以 m_ 標示·非投資建議
SEL,1,2025-03-03,2025-03-04,4946,辣椒,TPEx,W,W_atr14@3,1,552,0.077062,,0,0,1,5.797,36.812,39.42,154.05,,不適用,0.0,0.0,634,inf,250.0,official_prepanel,small,78.0,0,可交易（DK_s＝0）,未扣成本（成本參考：2.8 折來回約 0.38%、全額約 0.585%）；交易方法狀態未知（全額交割、變更交易方法、停止信用交易的來源未提供）；容量以 s 日 vol20 估計，未模擬開盤競價量與滑價；不可交易，僅觀察,未扣成本·事後欄位以 m_ 標示·非投資建議
SEL,1,2025-03-03,2025-03-04,6913,鴻呈,TPEx,W,W_atr14@3,2,552,0.073266,,0,0,1,-0.327,-7.19,-10.131,1464.9,,不適用,0.0,0.0,97,97.0,97.0,official,small,718.0,0,可交易（DK_s＝0）,未扣成本（成本參考：2.8 折來回約 0.38%、全額約 0.585%）；交易方法狀態未知（全額交割、變更交易方法、停止信用交易的來源未提供）；容量以 s 日 vol20 估計，未模擬開盤競價量與滑價；不可交易，僅觀察,未扣成本·事後欄位以 m_ 標示·非投資建議
SEL,1,2025-03-04,2025-03-05,1235,興泰,TWSE,W,W_atr14@3,3,555,0.070964,,0,0,1,5.338,-0.545,8.279,36.6,,不適用,0.0,0.0,635,inf,250.0,official_prepanel,mid,52.0,0,可交易（DK_s＝0）,未扣成本（成本參考：2.8 折來回約 0.38%、全額約 0.585%）；交易方法狀態未知（全額交割、變更交易方法、停止信用交易的來源未提供）；容量以 s 日 vol20 估計，未模擬開盤競價量與滑價；不可交易，僅觀察,未扣成本·事後欄位以 m_ 標示·非投資建議
SEL,1,2025-03-04,2025-03-05,4946,辣椒,TPEx,W,W_atr14@3,1,555,0.07407,,0,0,1,-1.934,42.956,39.503,157.65,,不適用,0.0,0.0,635,inf,250.0,official_prepanel,small,31.0,0,可交易（DK_s＝0）,未扣成本（成本參考：2.8 折來回約 0.38%、全額約 0.585%）；交易方法狀態未知（全額交割、變更交易方法、停止信用交易的來源未提供）；容量以 s 日 vol20 估計，未模擬開盤競價量與滑價；不可交易，僅觀察,未扣成本·事後欄位以 m_ 標示·非投資建議
SEL,1,2025-03-04,2025-03-05,6913,鴻呈,TPEx,W,W_atr14@3,2,555,0.071429,,0,0,1,1.299,-11.688,-10.714,1494.5,,不適用,0.0,0.0,98,98.0,98.0,official,small,634.0,0,可交易（DK_s＝0）,未扣成本（成本參考：2.8 折來回約 0.38%、全額約 0.585%）；交易方法狀態未知（全額交割、變更交易方法、停止信用交易的來源未提供）；容量以 s 日 vol20 估計，未模擬開盤競價量與滑價；不可交易，僅觀察,未扣成本·事後欄位以 m_ 標示·非投資建議
SEL,1,2025-03-05,2025-03-06,1235,興泰,TWSE,W,W_atr14@3,2,557,0.070468,,0,0,1,0.207,-6.639,2.697,38.6,,不適用,0.0,0.0,636,inf,250.0,official_prepanel,mid,5.0,0,可交易（DK_s＝0）,未扣成本（成本參考：2.8 折來回約 0.38%、全額約 0.585%）；交易方法狀態未知（全額交割、變更交易方法、停止信用交易的來源未提供）；容量以 s 日 vol20 估計，未模擬開盤競價量與滑價；不可交易，僅觀察,未扣成本·事後欄位以 m_ 標示·非投資建議
SEL,1,2025-03-05,2025-03-06,2740,華軒,TPEx,W,W_atr14@3,3,557,0.067893,,0,0,1,13.539,6.3,-1.072,11.65,,不適用,0.0,0.0,636,inf,250.0,official_prepanel,small,6.0,0,可交易（DK_s＝0）,未扣成本（成本參考：2.8 折來回約 0.38%、全額約 0.585%）；交易方法狀態未知（全額交割、變更交易方法、停止信用交易的來源未提供）；容量以 s 日 vol20 估計，未模擬開盤競價量與滑價；不可交易，僅觀察,未扣成本·事後欄位以 m_ 標示·非投資建議
SEL,1,2025-03-05,2025-03-06,4946,辣椒,TPEx,W,W_atr14@3,1,557,0.072535,,1,1,0,0.0,38.284,28.681,157.6,,不適用,0.0,0.0,636,inf,250.0,official_prepanel,small,149.0,0,可交易（DK_s＝0）,未扣成本（成本參考：2.8 折來回約 0.38%、全額約 0.585%）；交易方法狀態未知（全額交割、變更交易方法、停止信用交易的來源未提供）；容量以 s 日 vol20 估計，未模擬開盤競價量與滑價；不可交易，僅觀察,未扣成本·事後欄位以 m_ 標示·非投資建議
SEL,1,2025-03-06,2025-03-07,1235,興泰,TWSE,W,W_atr14@3,3,558,0.0647,,0,0,1,1.139,-6.729,6.108,38.6,,不適用,0.0,0.0,637,inf,250.0,official_prepanel,mid,10.0,0,可交易（DK_s＝0）,未扣成本（成本參考：2.8 折來回約 0.38%、全額約 0.585%）；交易方法狀態未知（全額交割、變更交易方法、停止信用交易的來源未提供）；容量以 s 日 vol20 估計，未模擬開盤競價量與滑價；不可交易，僅觀察,未扣成本·事後欄位以 m_ 標示·非投資建議
SEL,1,2025-03-06,2025-03-07,2740,華軒,TPEx,W,W_atr14@3,1,558,0.068477,,0,0,1,-1.3,-9.338,-12.884,11.75,,不適用,0.0,0.0,637,inf,250.0,official_prepanel,small,12.0,0,可交易（DK_s＝0）,未扣成本（成本參考：2.8 折來回約 0.38%、全額約 0.585%）；交易方法狀態未知（全額交割、變更交易方法、停止信用交易的來源未提供）；容量以 s 日 vol20 估計，未模擬開盤競價量與滑價；不可交易，僅觀察,未扣成本·事後欄位以 m_ 標示·非投資建議
SEL,1,2025-03-06,2025-03-07,6739,竹陞科技,TPEx,W,W_atr14@3,2,558,0.067497,,0,0,1,-2.041,-10.019,-8.349,438.35,,不適用,0.0,0.0,120,120.0,120.0,official,small,743.0,0,可交易（DK_s＝0）,未扣成本（成本參考：2.8 折來回約 0.38%、全額約 0.585%）；交易方法狀態未知（全額交割、變更交易方法、停止信用交易的來源未提供）；容量以 s 日 vol20 估計，未模擬開盤競價量與滑價；不可交易，僅觀察,未扣成本·事後欄位以 m_ 標示·非投資建議
SEL,1,2025-03-07,2025-03-10,2740,華軒,TPEx,W,W_atr14@3,2,548,0.06775,,0,0,1,-9.712,-9.113,-11.751,12.25,,不適用,0.0,0.0,638,inf,250.0,official_prepanel,small,4.0,0,可交易（DK_s＝0）,未扣成本（成本參考：2.8 折來回約 0.38%、全額約 0.585%）；交易方法狀態未知（全額交割、變更交易方法、停止信用交易的來源未提供）；容量以 s 日 vol20 估計，未模擬開盤競價量與滑價；不可交易，僅觀察,未扣成本·事後欄位以 m_ 標示·非投資建議
SEL,1,2025-03-07,2025-03-10,6739,竹陞科技,TPEx,W,W_atr14@3,1,548,0.068723,,0,0,1,-0.568,-8.902,-9.091,462.7,,不適用,0.0,0.0,121,121.0,121.0,official,small,307.0,0,可交易（DK_s＝0）,未扣成本（成本參考：2.8 折來回約 0.38%、全額約 0.585%）；交易方法狀態未知（全額交割、變更交易方法、停止信用交易的來源未提供）；容量以 s 日 vol20 估計，未模擬開盤競價量與滑價；不可交易，僅觀察,未扣成本·事後欄位以 m_ 標示·非投資建議
SEL,1,2025-03-07,2025-03-10,6913,鴻呈,TPEx,W,W_atr14@3,3,548,0.066434,,0,0,1,-1.73,-3.46,1.038,1566.5,,不適用,0.0,0.0,101,101.0,101.0,official,small,223.0,0,可交易（DK_s＝0）,未扣成本（成本參考：2.8 折來回約 0.38%、全額約 0.585%）；交易方法狀態未知（全額交割、變更交易方法、停止信用交易的來源未提供）；容量以 s 日 vol20 估計，未模擬開盤競價量與滑價；不可交易，僅觀察,未扣成本·事後欄位以 m_ 標示·非投資建議
SEL,1,2025-03-10,2025-03-11,2740,華軒,TPEx,W,W_atr14@3,1,550,0.079586,,0,0,1,1.155,-7.959,-2.567,12.3,,不適用,0.0,0.0,639,inf,250.0,official_prepanel,small,12.0,0,可交易（DK_s＝0）,未扣成本（成本參考：2.8 折來回約 0.38%、全額約 0.585%）；交易方法狀態未知（全額交割、變更交易方法、停止信用交易的來源未提供）；容量以 s 日 vol20 估計，未模擬開盤競價量與滑價；不可交易，僅觀察,未扣成本·事後欄位以 m_ 標示·非投資建議
SEL,1,2025-03-10,2025-03-11,3115,富榮綱,TPEx,W,W_atr14@3,2,550,0.074286,,0,0,1,11.261,27.928,17.117,61.15,,不適用,0.0,0.0,639,inf,250.0,official_prepanel,small,41.0,0,可交易（DK_s＝0）,未扣成本（成本參考：2.8 折來回約 0.38%、全額約 0.585%）；交易方法狀態未知（全額交割、變更交易方法、停止信用交易的來源未提供）；容量以 s 日 vol20 估計，未模擬開盤競價量與滑價；不可交易，僅觀察,未扣成本·事後欄位以 m_ 標示·非投資建議
SEL,1,2025-03-10,2025-03-11,8291,尚茂,TPEx,W,W_atr14@3,3,550,0.067961,,0,0,1,-3.472,-4.861,-17.917,14.0,,不適用,0.0,0.0,639,inf,250.0,official_prepanel,small,5.0,0,可交易（DK_s＝0）,未扣成本（成本參考：2.8 折來回約 0.38%、全額約 0.585%）；交易方法狀態未知（全額交割、變更交易方法、停止信用交易的來源未提供）；容量以 s 日 vol20 估計，未模擬開盤競價量與滑價；不可交易，僅觀察,未扣成本·事後欄位以 m_ 標示·非投資建議
SEL,1,2025-03-11,2025-03-12,2740,華軒,TPEx,W,W_atr14@3,1,545,0.081128,,0,0,1,-2.699,-9.325,-9.693,12.7,,不適用,0.0,0.0,640,inf,250.0,official_prepanel,small,12.0,0,可交易（DK_s＝0）,未扣成本（成本參考：2.8 折來回約 0.38%、全額約 0.585%）；交易方法狀態未知（全額交割、變更交易方法、停止信用交易的來源未提供）；容量以 s 日 vol20 估計，未模擬開盤競價量與滑價；不可交易，僅觀察,未扣成本·事後欄位以 m_ 標示·非投資建議
SEL,1,2025-03-11,2025-03-12,7712,博盛半導體,TPEx,W,W_atr14@3,3,545,0.065527,,0,0,1,-0.588,-2.353,-5.294,92.1,,不適用,0.0,0.0,45,45.0,45.0,official,small,97.0,0,可交易（DK_s＝0）,未扣成本（成本參考：2.8 折來回約 0.38%、全額約 0.585%）；交易方法狀態未知（全額交割、變更交易方法、停止信用交易的來源未提供）；容量以 s 日 vol20 估計，未模擬開盤競價量與滑價；不可交易，僅觀察,未扣成本·事後欄位以 m_ 標示·非投資建議
SEL,1,2025-03-11,2025-03-12,8291,尚茂,TPEx,W,W_atr14@3,2,545,0.065634,,0,1,0,-4.058,-12.304,-22.775,13.63,,不適用,0.0,0.0,640,inf,250.0,official_prepanel,small,92.0,0,可交易（DK_s＝0）,未扣成本（成本參考：2.8 折來回約 0.38%、全額約 0.585%）；交易方法狀態未知（全額交割、變更交易方法、停止信用交易的來源未提供）；容量以 s 日 vol20 估計，未模擬開盤競價量與滑價；不可交易，僅觀察,未扣成本·事後欄位以 m_ 標示·非投資建議
SEL,1,2025-03-12,2025-03-13,2740,華軒,TPEx,W,W_atr14@3,1,550,0.089083,,0,0,1,-2.788,-6.464,-6.844,9.9,,不適用,0.0,0.0,641,inf,250.0,official_prepanel,small,7.0,0,可交易（DK_s＝0）,未扣成本（成本參考：2.8 折來回約 0.38%、全額約 0.585%）；交易方法狀態未知（全額交割、變更交易方法、停止信用交易的來源未提供）；容量以 s 日 vol20 估計，未模擬開盤競價量與滑價；不可交易，僅觀察,未扣成本·事後欄位以 m_ 標示·非投資建議
SEL,1,2025-03-12,2025-03-13,4946,辣椒,TPEx,W,W_atr14@3,2,550,0.066601,,0,0,1,-13.214,-10.268,-14.286,200.6,,不適用,0.0,1.0,641,inf,250.0,official_prepanel,small,505.0,0,可交易（DK_s＝0）,未扣成本（成本參考：2.8 折來回約 0.38%、全額約 0.585%）；交易方法狀態未知（全額交割、變更交易方法、停止信用交易的來源未提供）；容量以 s 日 vol20 估計，未模擬開盤競價量與滑價；不可交易，僅觀察,未扣成本·事後欄位以 m_ 標示·非投資建議
SEL,1,2025-03-12,2025-03-13,7712,博盛半導體,TPEx,W,W_atr14@3,3,550,0.066357,,0,0,1,-2.065,-5.31,-5.605,92.3,,不適用,0.0,0.0,46,46.0,46.0,official,small,67.0,0,可交易（DK_s＝0）,未扣成本（成本參考：2.8 折來回約 0.38%、全額約 0.585%）；交易方法狀態未知（全額交割、變更交易方法、停止信用交易的來源未提供）；容量以 s 日 vol20 估計，未模擬開盤競價量與滑價；不可交易，僅觀察,未扣成本·事後欄位以 m_ 標示·非投資建議
SEL,1,2025-03-13,2025-03-14,2740,華軒,TPEx,W,W_atr14@3,1,545,0.094058,,0,0,1,1.202,-1.602,-4.005,10.05,,不適用,0.0,0.0,642,inf,250.0,official_prepanel,small,2.0,0,可交易（DK_s＝0）,未扣成本（成本參考：2.8 折來回約 0.38%、全額約 0.585%）；交易方法狀態未知（全額交割、變更交易方法、停止信用交易的來源未提供）；容量以 s 日 vol20 估計，未模擬開盤競價量與滑價；不可交易，僅觀察,未扣成本·事後欄位以 m_ 標示·非投資建議
SEL,1,2025-03-13,2025-03-14,4946,辣椒,TPEx,W,W_atr14@3,2,545,0.077014,,0,0,1,-12.325,0.701,-8.717,215.75,,不適用,0.0,2.0,642,inf,250.0,official_prepanel,small,188.0,1,可交易（DK_s＝0）,未扣成本（成本參考：2.8 折來回約 0.38%、全額約 0.585%）；交易方法狀態未知（全額交割、變更交易方法、停止信用交易的來源未提供）；容量以 s 日 vol20 估計，未模擬開盤競價量與滑價；不可交易，僅觀察,未扣成本·事後欄位以 m_ 標示·非投資建議
SEL,1,2025-03-13,2025-03-14,6739,竹陞科技,TPEx,W,W_atr14@3,3,545,0.066274,,0,0,1,-1.029,1.646,-3.909,336.9,,不適用,0.0,0.0,125,125.0,125.0,official,small,151.0,0,可交易（DK_s＝0）,未扣成本（成本參考：2.8 折來回約 0.38%、全額約 0.585%）；交易方法狀態未知（全額交割、變更交易方法、停止信用交易的來源未提供）；容量以 s 日 vol20 估計，未模擬開盤競價量與滑價；不可交易，僅觀察,未扣成本·事後欄位以 m_ 標示·非投資建議
SEL,1,2025-03-14,2025-03-17,2740,華軒,TPEx,W,W_atr14@3,1,542,0.094233,,0,0,1,1.414,4.102,1.132,9.45,,不適用,0.0,0.0,643,inf,250.0,official_prepanel,small,5.0,0,可交易（DK_s＝0）,未扣成本（成本參考：2.8 折來回約 0.38%、全額約 0.585%）；交易方法狀態未知（全額交割、變更交易方法、停止信用交易的來源未提供）；容量以 s 日 vol20 估計，未模擬開盤競價量與滑價；不可交易，僅觀察,未扣成本·事後欄位以 m_ 標示·非投資建議
SEL,1,2025-03-14,2025-03-17,4946,辣椒,TPEx,W,W_atr14@3,2,542,0.092163,,0,0,1,7.127,10.245,-7.572,208.3,,不適用,1.0,3.0,643,inf,250.0,official_prepanel,small,153.0,1,處置中・交易規則另案登錄（DK_s＝1）,未扣成本（成本參考：2.8 折來回約 0.38%、全額約 0.585%）；交易方法狀態未知（全額交割、變更交易方法、停止信用交易的來源未提供）；容量以 s 日 vol20 估計，未模擬開盤競價量與滑價；不可交易，僅觀察,未扣成本·事後欄位以 m_ 標示·非投資建議
SEL,1,2025-03-14,2025-03-17,8291,尚茂,TPEx,W,W_atr14@3,3,542,0.068513,,0,0,1,-0.146,-9.184,-14.431,19.68,,不適用,0.0,0.0,643,inf,250.0,official_prepanel,small,14.0,0,可交易（DK_s＝0）,未扣成本（成本參考：2.8 折來回約 0.38%、全額約 0.585%）；交易方法狀態未知（全額交割、變更交易方法、停止信用交易的來源未提供）；容量以 s 日 vol20 估計，未模擬開盤競價量與滑價；不可交易，僅觀察,未扣成本·事後欄位以 m_ 標示·非投資建議
SEL,1,2025-03-17,2025-03-18,2740,華軒,TPEx,W,W_atr14@3,1,538,0.099621,,0,0,1,8.517,11.454,-2.203,7.45,,不適用,0.0,0.0,644,inf,250.0,official_prepanel,small,19.0,0,可交易（DK_s＝0）,未扣成本（成本參考：2.8 折來回約 0.38%、全額約 0.585%）；交易方法狀態未知（全額交割、變更交易方法、停止信用交易的來源未提供）；容量以 s 日 vol20 估計，未模擬開盤競價量與滑價；不可交易，僅觀察,未扣成本·事後欄位以 m_ 標示·非投資建議
SEL,1,2025-03-17,2025-03-18,3115,富榮綱,TPEx,W,W_atr14@3,2,538,0.064386,,0,0,1,-0.348,-9.408,-11.498,60.55,,不適用,0.0,0.0,644,inf,250.0,official_prepanel,small,4.0,0,可交易（DK_s＝0）,未扣成本（成本參考：2.8 折來回約 0.38%、全額約 0.585%）；交易方法狀態未知（全額交割、變更交易方法、停止信用交易的來源未提供）；容量以 s 日 vol20 估計，未模擬開盤競價量與滑價；不可交易，僅觀察,未扣成本·事後欄位以 m_ 標示·非投資建議
SEL,1,2025-03-17,2025-03-18,8291,尚茂,TPEx,W,W_atr14@3,3,538,0.062774,,0,0,1,5.016,-7.367,-13.95,20.16,,不適用,0.0,0.0,644,inf,250.0,official_prepanel,small,27.0,0,可交易（DK_s＝0）,未扣成本（成本參考：2.8 折來回約 0.38%、全額約 0.585%）；交易方法狀態未知（全額交割、變更交易方法、停止信用交易的來源未提供）；容量以 s 日 vol20 估計，未模擬開盤競價量與滑價；不可交易，僅觀察,未扣成本·事後欄位以 m_ 標示·非投資建議
SEL,1,2025-03-18,2025-03-19,2740,華軒,TPEx,W,W_atr14@3,1,545,0.101488,,0,0,1,0.0,-0.271,-6.233,7.9,,不適用,0.0,0.0,645,inf,250.0,official_prepanel,small,1.0,0,可交易（DK_s＝0）,未扣成本（成本參考：2.8 折來回約 0.38%、全額約 0.585%）；交易方法狀態未知（全額交割、變更交易方法、停止信用交易的來源未提供）；容量以 s 日 vol20 估計，未模擬開盤競價量與滑價；不可交易，僅觀察,未扣成本·事後欄位以 m_ 標示·非投資建議
SEL,1,2025-03-18,2025-03-19,4946,辣椒,TPEx,W,W_atr14@3,2,545,0.084088,,0,0,1,-2.899,-5.024,-20.676,201.3,,不適用,1.0,3.0,645,inf,250.0,official_prepanel,small,116.0,1,處置中・交易規則另案登錄（DK_s＝1）,未扣成本（成本參考：2.8 折來回約 0.38%、全額約 0.585%）；交易方法狀態未知（全額交割、變更交易方法、停止信用交易的來源未提供）；容量以 s 日 vol20 估計，未模擬開盤競價量與滑價；不可交易，僅觀察,未扣成本·事後欄位以 m_ 標示·非投資建議
SEL,1,2025-03-18,2025-03-19,8291,尚茂,TPEx,W,W_atr14@3,3,545,0.064606,,0,1,0,-1.357,-19.946,-18.589,21.16,,不適用,0.0,0.0,645,inf,250.0,official_prepanel,small,9.0,0,可交易（DK_s＝0）,未扣成本（成本參考：2.8 折來回約 0.38%、全額約 0.585%）；交易方法狀態未知（全額交割、變更交易方法、停止信用交易的來源未提供）；容量以 s 日 vol20 估計，未模擬開盤競價量與滑價；不可交易，僅觀察,未扣成本·事後欄位以 m_ 標示·非投資建議
SEL,1,2025-03-19,2025-03-20,2740,華軒,TPEx,W,W_atr14@3,1,545,0.097174,,0,0,1,0.0,-0.271,-15.332,7.55,,不適用,0.0,0.0,646,inf,250.0,official_prepanel,small,1.0,0,可交易（DK_s＝0）,未扣成本（成本參考：2.8 折來回約 0.38%、全額約 0.585%）；交易方法狀態未知（全額交割、變更交易方法、停止信用交易的來源未提供）；容量以 s 日 vol20 估計，未模擬開盤競價量與滑價；不可交易，僅觀察,未扣成本·事後欄位以 m_ 標示·非投資建議
SEL,1,2025-03-19,2025-03-20,4131,浩泰,TPEx,W,W_atr14@3,3,545,0.06592,,0,0,1,-0.649,-2.597,-7.792,191.9,,不適用,0.0,2.0,646,inf,250.0,official_prepanel,small,36.0,0,可交易（DK_s＝0）,未扣成本（成本參考：2.8 折來回約 0.38%、全額約 0.585%）；交易方法狀態未知（全額交割、變更交易方法、停止信用交易的來源未提供）；容量以 s 日 vol20 估計，未模擬開盤競價量與滑價；不可交易，僅觀察,未扣成本·事後欄位以 m_ 標示·非投資建議
SEL,1,2025-03-19,2025-03-20,4946,辣椒,TPEx,W,W_atr14@3,2,545,0.087775,,0,0,1,0.0,-4.478,-10.149,203.1,,不適用,1.0,2.0,646,inf,250.0,official_prepanel,small,40.0,1,處置中・交易規則另案登錄（DK_s＝1）,未扣成本（成本參考：2.8 折來回約 0.38%、全額約 0.585%）；交易方法狀態未知（全額交割、變更交易方法、停止信用交易的來源未提供）；容量以 s 日 vol20 估計，未模擬開盤競價量與滑價；不可交易，僅觀察,未扣成本·事後欄位以 m_ 標示·非投資建議
SEL,1,2025-03-20,2025-03-21,2740,華軒,TPEx,W,W_atr14@3,1,559,0.090328,,0,0,1,0.0,-2.31,-23.505,7.55,,不適用,0.0,0.0,647,inf,250.0,official_prepanel,small,1.0,0,可交易（DK_s＝0）,未扣成本（成本參考：2.8 折來回約 0.38%、全額約 0.585%）；交易方法狀態未知（全額交割、變更交易方法、停止信用交易的來源未提供）；容量以 s 日 vol20 估計，未模擬開盤競價量與滑價；不可交易，僅觀察,未扣成本·事後欄位以 m_ 標示·非投資建議
SEL,1,2025-03-20,2025-03-21,4946,辣椒,TPEx,W,W_atr14@3,2,559,0.085359,,0,0,1,-1.0,-8.9,-18.7,195.0,,不適用,1.0,1.0,647,inf,250.0,official_prepanel,small,57.0,1,處置中・交易規則另案登錄（DK_s＝1）,未扣成本（成本參考：2.8 折來回約 0.38%、全額約 0.585%）；交易方法狀態未知（全額交割、變更交易方法、停止信用交易的來源未提供）；容量以 s 日 vol20 估計，未模擬開盤競價量與滑價；不可交易，僅觀察,未扣成本·事後欄位以 m_ 標示·非投資建議
SEL,1,2025-03-20,2025-03-21,8291,尚茂,TPEx,W,W_atr14@3,3,559,0.076772,,0,0,1,-4.885,-5.649,-10.687,20.47,,不適用,0.0,0.0,647,inf,250.0,official_prepanel,small,15.0,0,可交易（DK_s＝0）,未扣成本（成本參考：2.8 折來回約 0.38%、全額約 0.585%）；交易方法狀態未知（全額交割、變更交易方法、停止信用交易的來源未提供）；容量以 s 日 vol20 估計，未模擬開盤競價量與滑價；不可交易，僅觀察,未扣成本·事後欄位以 m_ 標示·非投資建議
SEL,1,2025-03-21,2025-03-24,2740,華軒,TPEx,W,W_atr14@3,2,549,0.084045,,0,0,1,0.0,-5.797,-27.668,7.1,,不適用,0.0,0.0,648,inf,250.0,official_prepanel,small,1.0,0,可交易（DK_s＝0）,未扣成本（成本參考：2.8 折來回約 0.38%、全額約 0.585%）；交易方法狀態未知（全額交割、變更交易方法、停止信用交易的來源未提供）；容量以 s 日 vol20 估計，未模擬開盤競價量與滑價；不可交易，僅觀察,未扣成本·事後欄位以 m_ 標示·非投資建議
SEL,1,2025-03-21,2025-03-24,4946,辣椒,TPEx,W,W_atr14@3,1,549,0.085281,,0,0,1,-1.683,-17.822,-11.485,181.65,,不適用,1.0,0.0,648,inf,250.0,official_prepanel,small,39.0,1,處置中・交易規則另案登錄（DK_s＝1）,未扣成本（成本參考：2.8 折來回約 0.38%、全額約 0.585%）；交易方法狀態未知（全額交割、變更交易方法、停止信用交易的來源未提供）；容量以 s 日 vol20 估計，未模擬開盤競價量與滑價；不可交易，僅觀察,未扣成本·事後欄位以 m_ 標示·非投資建議
SEL,1,2025-03-21,2025-03-24,8291,尚茂,TPEx,W,W_atr14@3,3,549,0.076703,,0,0,1,0.853,0.171,-10.068,20.58,,不適用,0.0,0.0,648,inf,250.0,official_prepanel,small,66.0,0,可交易（DK_s＝0）,未扣成本（成本參考：2.8 折來回約 0.38%、全額約 0.585%）；交易方法狀態未知（全額交割、變更交易方法、停止信用交易的來源未提供）；容量以 s 日 vol20 估計，未模擬開盤競價量與滑價；不可交易，僅觀察,未扣成本·事後欄位以 m_ 標示·非投資建議
SEL,1,2025-03-24,2025-03-25,2740,華軒,TPEx,W,W_atr14@3,3,553,0.073593,,0,0,1,-2.774,-12.021,-34.478,7.0,,不適用,0.0,0.0,649,inf,250.0,official_prepanel,small,10.0,0,可交易（DK_s＝0）,未扣成本（成本參考：2.8 折來回約 0.38%、全額約 0.585%）；交易方法狀態未知（全額交割、變更交易方法、停止信用交易的來源未提供）；容量以 s 日 vol20 估計，未模擬開盤競價量與滑價；不可交易，僅觀察,未扣成本·事後欄位以 m_ 標示·非投資建議
SEL,1,2025-03-24,2025-03-25,4946,辣椒,TPEx,W,W_atr14@3,1,553,0.083513,,0,0,1,0.306,-23.776,0.306,176.05,,不適用,1.0,0.0,649,inf,250.0,official_prepanel,small,39.0,1,處置中・交易規則另案登錄（DK_s＝1）,未扣成本（成本參考：2.8 折來回約 0.38%、全額約 0.585%）；交易方法狀態未知（全額交割、變更交易方法、停止信用交易的來源未提供）；容量以 s 日 vol20 估計，未模擬開盤競價量與滑價；不可交易，僅觀察,未扣成本·事後欄位以 m_ 標示·非投資建議
SEL,1,2025-03-24,2025-03-25,8291,尚茂,TPEx,W,W_atr14@3,2,553,0.082427,,0,0,1,1.724,-5.345,-9.138,23.21,,不適用,0.0,0.0,649,inf,250.0,official_prepanel,small,30.0,0,可交易（DK_s＝0）,未扣成本（成本參考：2.8 折來回約 0.38%、全額約 0.585%）；交易方法狀態未知（全額交割、變更交易方法、停止信用交易的來源未提供）；容量以 s 日 vol20 估計，未模擬開盤競價量與滑價；不可交易，僅觀察,未扣成本·事後欄位以 m_ 標示·非投資建議
SEL,1,2025-03-25,2025-03-26,2740,華軒,TPEx,W,W_atr14@3,2,551,0.078998,,0,0,1,0.0,-5.85,-26.122,6.65,,不適用,0.0,0.0,650,inf,250.0,official_prepanel,small,1.0,0,可交易（DK_s＝0）,未扣成本（成本參考：2.8 折來回約 0.38%、全額約 0.585%）；交易方法狀態未知（全額交割、變更交易方法、停止信用交易的來源未提供）；容量以 s 日 vol20 估計，未模擬開盤競價量與滑價；不可交易，僅觀察,未扣成本·事後欄位以 m_ 標示·非投資建議
SEL,1,2025-03-25,2025-03-26,4946,辣椒,TPEx,W,W_atr14@3,1,551,0.083781,,0,0,1,-2.736,-16.819,9.422,174.05,,不適用,1.0,0.0,650,inf,250.0,official_prepanel,small,41.0,1,處置中・交易規則另案登錄（DK_s＝1）,未扣成本（成本參考：2.8 折來回約 0.38%、全額約 0.585%）；交易方法狀態未知（全額交割、變更交易方法、停止信用交易的來源未提供）；容量以 s 日 vol20 估計，未模擬開盤競價量與滑價；不可交易，僅觀察,未扣成本·事後欄位以 m_ 標示·非投資建議
SEL,1,2025-03-25,2025-03-26,8291,尚茂,TPEx,W,W_atr14@3,3,551,0.076634,,0,0,1,6.54,3.27,-12.392,24.58,,不適用,0.0,0.0,650,inf,250.0,official_prepanel,small,19.0,0,可交易（DK_s＝0）,未扣成本（成本參考：2.8 折來回約 0.38%、全額約 0.585%）；交易方法狀態未知（全額交割、變更交易方法、停止信用交易的來源未提供）；容量以 s 日 vol20 估計，未模擬開盤競價量與滑價；不可交易，僅觀察,未扣成本·事後欄位以 m_ 標示·非投資建議
SEL,1,2025-03-26,2025-03-27,4131,浩泰,TPEx,W,W_atr14@3,3,554,0.073619,,0,0,1,-2.133,-5.333,-15.067,202.4,,不適用,0.0,0.0,651,inf,250.0,official_prepanel,small,55.0,0,可交易（DK_s＝0）,未扣成本（成本參考：2.8 折來回約 0.38%、全額約 0.585%）；交易方法狀態未知（全額交割、變更交易方法、停止信用交易的來源未提供）；容量以 s 日 vol20 估計，未模擬開盤競價量與滑價；不可交易，僅觀察,未扣成本·事後欄位以 m_ 標示·非投資建議
SEL,1,2025-03-26,2025-03-27,4946,辣椒,TPEx,W,W_atr14@3,1,554,0.08311,,0,0,1,-3.598,-4.444,10.053,171.0,,不適用,1.0,0.0,651,inf,250.0,official_prepanel,small,64.0,1,處置中・交易規則另案登錄（DK_s＝1）,未扣成本（成本參考：2.8 折來回約 0.38%、全額約 0.585%）；交易方法狀態未知（全額交割、變更交易方法、停止信用交易的來源未提供）；容量以 s 日 vol20 估計，未模擬開盤競價量與滑價；不可交易，僅觀察,未扣成本·事後欄位以 m_ 標示·非投資建議
SEL,1,2025-03-26,2025-03-27,8291,尚茂,TPEx,W,W_atr14@3,2,554,0.077544,,0,0,1,5.461,10.922,-13.481,24.3,,不適用,0.0,0.0,651,inf,250.0,official_prepanel,small,9.0,0,可交易（DK_s＝0）,未扣成本（成本參考：2.8 折來回約 0.38%、全額約 0.585%）；交易方法狀態未知（全額交割、變更交易方法、停止信用交易的來源未提供）；容量以 s 日 vol20 估計，未模擬開盤競價量與滑價；不可交易，僅觀察,未扣成本·事後欄位以 m_ 標示·非投資建議
SEL,1,2025-03-27,2025-03-28,4946,辣椒,TPEx,W,W_atr14@3,1,550,0.085307,,0,0,1,0.0,-2.048,25.301,169.4,,不適用,1.0,0.0,652,inf,250.0,official_prepanel,small,222.0,0,處置中・交易規則另案登錄（DK_s＝1）,未扣成本（成本參考：2.8 折來回約 0.38%、全額約 0.585%）；交易方法狀態未知（全額交割、變更交易方法、停止信用交易的來源未提供）；容量以 s 日 vol20 估計，未模擬開盤競價量與滑價；不可交易，僅觀察,未扣成本·事後欄位以 m_ 標示·非投資建議
SEL,1,2025-03-27,2025-03-28,6225,天瀚,TWSE,W,W_atr14@3,3,550,0.072527,,0,0,1,8.75,7.917,1.25,13.39,,不適用,0.0,0.0,652,inf,250.0,official_prepanel,small,79.0,0,可交易（DK_s＝0）,未扣成本（成本參考：2.8 折來回約 0.38%、全額約 0.585%）；交易方法狀態未知（全額交割、變更交易方法、停止信用交易的來源未提供）；容量以 s 日 vol20 估計，未模擬開盤競價量與滑價；不可交易，僅觀察,未扣成本·事後欄位以 m_ 標示·非投資建議
SEL,1,2025-03-27,2025-03-28,8291,尚茂,TPEx,W,W_atr14@3,2,550,0.077092,,0,0,1,0.0,-0.341,-8.518,24.55,,不適用,0.0,0.0,652,inf,250.0,official_prepanel,small,14.0,0,可交易（DK_s＝0）,未扣成本（成本參考：2.8 折來回約 0.38%、全額約 0.585%）；交易方法狀態未知（全額交割、變更交易方法、停止信用交易的來源未提供）；容量以 s 日 vol20 估計，未模擬開盤競價量與滑價；不可交易，僅觀察,未扣成本·事後欄位以 m_ 標示·非投資建議
SEL,1,2025-03-28,2025-03-31,4946,辣椒,TPEx,W,W_atr14@3,1,555,0.094148,,0,0,1,-3.113,15.953,47.86,174.55,,不適用,0.0,0.0,653,inf,250.0,official_prepanel,small,142.0,0,可交易（DK_s＝0）,未扣成本（成本參考：2.8 折來回約 0.38%、全額約 0.585%）；交易方法狀態未知（全額交割、變更交易方法、停止信用交易的來源未提供）；容量以 s 日 vol20 估計，未模擬開盤競價量與滑價；不可交易，僅觀察,未扣成本·事後欄位以 m_ 標示·非投資建議
SEL,1,2025-03-28,2025-03-31,5364,力麗店,TPEx,W,W_atr14@3,3,555,0.073059,,0,0,1,-0.828,-12.422,-7.039,147.3,,不適用,0.0,2.0,653,inf,250.0,official_prepanel,small,93.0,0,可交易（DK_s＝0）,未扣成本（成本參考：2.8 折來回約 0.38%、全額約 0.585%）；交易方法狀態未知（全額交割、變更交易方法、停止信用交易的來源未提供）；容量以 s 日 vol20 估計，未模擬開盤競價量與滑價；不可交易，僅觀察,未扣成本·事後欄位以 m_ 標示·非投資建議
SEL,1,2025-03-28,2025-03-31,8291,尚茂,TPEx,W,W_atr14@3,2,555,0.076904,,0,0,1,0.182,-3.832,-8.759,25.05,,不適用,0.0,0.0,653,inf,250.0,official_prepanel,small,6.0,0,可交易（DK_s＝0）,未扣成本（成本參考：2.8 折來回約 0.38%、全額約 0.585%）；交易方法狀態未知（全額交割、變更交易方法、停止信用交易的來源未提供）；容量以 s 日 vol20 估計，未模擬開盤競價量與滑價；不可交易，僅觀察,未扣成本·事後欄位以 m_ 標示·非投資建議
SEL,1,2025-03-31,2025-04-01,4946,辣椒,TPEx,W,W_atr14@3,1,539,0.094856,,1,0,1,12.312,34.473,65.527,177.7,,不適用,0.0,0.0,654,inf,250.0,official_prepanel,small,139.0,0,可交易（DK_s＝0）,未扣成本（成本參考：2.8 折來回約 0.38%、全額約 0.585%）；交易方法狀態未知（全額交割、變更交易方法、停止信用交易的來源未提供）；容量以 s 日 vol20 估計，未模擬開盤競價量與滑價；不可交易，僅觀察,未扣成本·事後欄位以 m_ 標示·非投資建議
SEL,1,2025-03-31,2025-04-01,6225,天瀚,TWSE,W,W_atr14@3,3,539,0.075245,,0,0,1,0.0,3.953,1.976,24.56,,不適用,0.0,0.0,654,inf,250.0,official_prepanel,small,1.0,0,可交易（DK_s＝0）,未扣成本（成本參考：2.8 折來回約 0.38%、全額約 0.585%）；交易方法狀態未知（全額交割、變更交易方法、停止信用交易的來源未提供）；容量以 s 日 vol20 估計，未模擬開盤競價量與滑價；不可交易，僅觀察,未扣成本·事後欄位以 m_ 標示·非投資建議
SEL,1,2025-03-31,2025-04-01,8291,尚茂,TPEx,W,W_atr14@3,2,539,0.083919,,0,0,1,12.994,-0.753,-5.838,23.9,,不適用,0.0,0.0,654,inf,250.0,official_prepanel,small,10.0,0,可交易（DK_s＝0）,未扣成本（成本參考：2.8 折來回約 0.38%、全額約 0.585%）；交易方法狀態未知（全額交割、變更交易方法、停止信用交易的來源未提供）；容量以 s 日 vol20 估計，未模擬開盤競價量與滑價；不可交易，僅觀察,未扣成本·事後欄位以 m_ 標示·非投資建議
SEL,2,2025-04-01,2025-04-02,5364,力麗店,TPEx,W,W_atr14@3,2,522,0.073185,,0,0,1,8.75,-12.708,-10.417,149.35,,不適用,0.0,0.0,655,inf,250.0,official_prepanel,small,74.0,0,可交易（DK_s＝0）,未扣成本（成本參考：2.8 折來回約 0.38%、全額約 0.585%）；交易方法狀態未知（全額交割、變更交易方法、停止信用交易的來源未提供）；容量以 s 日 vol20 估計，未模擬開盤競價量與滑價；不可交易，僅觀察,未扣成本·事後欄位以 m_ 標示·非投資建議
SEL,2,2025-04-01,2025-04-02,6225,天瀚,TWSE,W,W_atr14@3,3,522,0.072276,,0,0,1,11.429,-2.449,0.816,23.32,,不適用,0.0,0.0,655,inf,250.0,official_prepanel,small,21.0,0,可交易（DK_s＝0）,未扣成本（成本參考：2.8 折來回約 0.38%、全額約 0.585%）；交易方法狀態未知（全額交割、變更交易方法、停止信用交易的來源未提供）；容量以 s 日 vol20 估計，未模擬開盤競價量與滑價；不可交易，僅觀察,未扣成本·事後欄位以 m_ 標示·非投資建議
SEL,2,2025-04-01,2025-04-02,8291,尚茂,TPEx,W,W_atr14@3,1,522,0.076905,,0,0,1,17.541,-7.957,-17.36,23.85,,不適用,0.0,0.0,655,inf,250.0,official_prepanel,small,15.0,0,可交易（DK_s＝0）,未扣成本（成本參考：2.8 折來回約 0.38%、全額約 0.585%）；交易方法狀態未知（全額交割、變更交易方法、停止信用交易的來源未提供）；容量以 s 日 vol20 估計，未模擬開盤競價量與滑價；不可交易，僅觀察,未扣成本·事後欄位以 m_ 標示·非投資建議
SEL,2,2025-04-02,2025-04-07,3202,,TPEx,W,W_atr14@3,1,521,0.082973,,0,0,0,,,,446.35,,不適用,0.0,0.0,656,inf,250.0,fallback_prepanel,small,,0,可交易（DK_s＝0）,未扣成本（成本參考：2.8 折來回約 0.38%、全額約 0.585%）；交易方法狀態未知（全額交割、變更交易方法、停止信用交易的來源未提供）；容量以 s 日 vol20 估計，未模擬開盤競價量與滑價；不可交易，僅觀察,未扣成本·事後欄位以 m_ 標示·非投資建議
SEL,2,2025-04-02,2025-04-07,6225,天瀚,TWSE,W,W_atr14@3,3,521,0.074045,,0,0,1,-5.474,-5.109,-7.299,24.21,,不適用,0.0,0.0,656,inf,250.0,official_prepanel,small,7.0,0,可交易（DK_s＝0）,未扣成本（成本參考：2.8 折來回約 0.38%、全額約 0.585%）；交易方法狀態未知（全額交割、變更交易方法、停止信用交易的來源未提供）；容量以 s 日 vol20 估計，未模擬開盤競價量與滑價；不可交易，僅觀察,未扣成本·事後欄位以 m_ 標示·非投資建議
SEL,2,2025-04-02,2025-04-07,8291,尚茂,TPEx,W,W_atr14@3,2,521,0.076923,,0,0,1,0.0,-13.333,-14.188,23.15,,不適用,0.0,0.0,656,inf,250.0,official_prepanel,small,9.0,0,可交易（DK_s＝0）,未扣成本（成本參考：2.8 折來回約 0.38%、全額約 0.585%）；交易方法狀態未知（全額交割、變更交易方法、停止信用交易的來源未提供）；容量以 s 日 vol20 估計，未模擬開盤競價量與滑價；不可交易，僅觀察,未扣成本·事後欄位以 m_ 標示·非投資建議
SEL,2,2025-04-11,2025-04-14,2740,華軒,TPEx,W,W_atr14@3,3,438,0.09634,,0,0,1,-9.326,-0.691,-11.399,9.1,,不適用,0.0,0.0,661,inf,250.0,official_prepanel,small,14.0,0,可交易（DK_s＝0）,未扣成本（成本參考：2.8 折來回約 0.38%、全額約 0.585%）；交易方法狀態未知（全額交割、變更交易方法、停止信用交易的來源未提供）；容量以 s 日 vol20 估計，未模擬開盤競價量與滑價；不可交易，僅觀察,未扣成本·事後欄位以 m_ 標示·非投資建議
SEL,2,2025-04-11,2025-04-14,5348,正能量智能,TPEx,W,W_atr14@3,2,438,0.098361,,0,0,1,-0.234,2.804,6.776,16.05,,不適用,0.0,0.0,661,inf,250.0,official_prepanel,small,14.0,0,可交易（DK_s＝0）,未扣成本（成本參考：2.8 折來回約 0.38%、全額約 0.585%）；交易方法狀態未知（全額交割、變更交易方法、停止信用交易的來源未提供）；容量以 s 日 vol20 估計，未模擬開盤競價量與滑價；不可交易，僅觀察,未扣成本·事後欄位以 m_ 標示·非投資建議
SEL,2,2025-04-11,2025-04-14,6144,得利影,TPEx,W,W_atr14@3,1,438,0.113465,,0,0,1,-2.326,3.721,8.372,49.8,,不適用,0.0,0.0,661,inf,250.0,official_prepanel,small,19.0,0,可交易（DK_s＝0）,未扣成本（成本參考：2.8 折來回約 0.38%、全額約 0.585%）；交易方法狀態未知（全額交割、變更交易方法、停止信用交易的來源未提供）；容量以 s 日 vol20 估計，未模擬開盤競價量與滑價；不可交易，僅觀察,未扣成本·事後欄位以 m_ 標示·非投資建議
SEL,2,2025-04-14,2025-04-15,2424,隴華,TWSE,W,W_atr14@3,3,448,0.102058,,0,0,1,0.0,15.085,16.271,50.65,,不適用,0.0,0.0,662,inf,250.0,official_prepanel,small,24.0,0,可交易（DK_s＝0）,未扣成本（成本參考：2.8 折來回約 0.38%、全額約 0.585%）；交易方法狀態未知（全額交割、變更交易方法、停止信用交易的來源未提供）；容量以 s 日 vol20 估計，未模擬開盤競價量與滑價；不可交易，僅觀察,未扣成本·事後欄位以 m_ 標示·非投資建議
SEL,2,2025-04-14,2025-04-15,2740,華軒,TPEx,W,W_atr14@3,2,448,0.114966,,0,0,1,-4.236,-2.394,-1.657,9.45,,不適用,0.0,0.0,662,inf,250.0,official_prepanel,small,9.0,0,可交易（DK_s＝0）,未扣成本（成本參考：2.8 折來回約 0.38%、全額約 0.585%）；交易方法狀態未知（全額交割、變更交易方法、停止信用交易的來源未提供）；容量以 s 日 vol20 估計，未模擬開盤競價量與滑價；不可交易，僅觀察,未扣成本·事後欄位以 m_ 標示·非投資建議
SEL,2,2025-04-14,2025-04-15,6144,得利影,TPEx,W,W_atr14@3,1,448,0.116837,,0,0,1,10.0,6.19,10.0,47.9,,不適用,0.0,0.0,662,inf,250.0,official_prepanel,small,81.0,0,可交易（DK_s＝0）,未扣成本（成本參考：2.8 折來回約 0.38%、全額約 0.585%）；交易方法狀態未知（全額交割、變更交易方法、停止信用交易的來源未提供）；容量以 s 日 vol20 估計，未模擬開盤競價量與滑價；不可交易，僅觀察,未扣成本·事後欄位以 m_ 標示·非投資建議
SEL,2,2025-04-15,2025-04-16,2424,隴華,TWSE,W,W_atr14@3,3,426,0.106295,,0,0,1,-0.333,13.833,23.667,51.65,,不適用,0.0,0.0,663,inf,250.0,official_prepanel,small,4.0,0,可交易（DK_s＝0）,未扣成本（成本參考：2.8 折來回約 0.38%、全額約 0.585%）；交易方法狀態未知（全額交割、變更交易方法、停止信用交易的來源未提供）；容量以 s 日 vol20 估計，未模擬開盤競價量與滑價；不可交易，僅觀察,未扣成本·事後欄位以 m_ 標示·非投資建議
SEL,2,2025-04-15,2025-04-16,2740,華軒,TPEx,W,W_atr14@3,1,426,0.118269,,0,0,1,0.0,-5.019,7.993,9.8,,不適用,0.0,0.0,663,inf,250.0,official_prepanel,small,1.0,0,可交易（DK_s＝0）,未扣成本（成本參考：2.8 折來回約 0.38%、全額約 0.585%）；交易方法狀態未知（全額交割、變更交易方法、停止信用交易的來源未提供）；容量以 s 日 vol20 估計，未模擬開盤競價量與滑價；不可交易，僅觀察,未扣成本·事後欄位以 m_ 標示·非投資建議
SEL,2,2025-04-15,2025-04-16,8921,沈氏,TPEx,W,W_atr14@3,2,426,0.115764,,0,0,1,1.58,-6.772,-6.772,41.9,,不適用,0.0,0.0,663,inf,250.0,official_prepanel,small,20.0,0,可交易（DK_s＝0）,未扣成本（成本參考：2.8 折來回約 0.38%、全額約 0.585%）；交易方法狀態未知（全額交割、變更交易方法、停止信用交易的來源未提供）；容量以 s 日 vol20 估計，未模擬開盤競價量與滑價；不可交易，僅觀察,未扣成本·事後欄位以 m_ 標示·非投資建議
SEL,2,2025-04-16,2025-04-17,2740,華軒,TPEx,W,W_atr14@3,3,443,0.106877,,0,0,1,0.0,-6.655,5.216,9.6,,不適用,0.0,0.0,664,inf,250.0,official_prepanel,small,1.0,0,可交易（DK_s＝0）,未扣成本（成本參考：2.8 折來回約 0.38%、全額約 0.585%）；交易方法狀態未知（全額交割、變更交易方法、停止信用交易的來源未提供）；容量以 s 日 vol20 估計，未模擬開盤競價量與滑價；不可交易，僅觀察,未扣成本·事後欄位以 m_ 標示·非投資建議
SEL,2,2025-04-16,2025-04-17,3067,全域,TPEx,W,W_atr14@3,1,443,0.121447,,0,0,1,-0.256,3.077,6.154,,,不適用,0.0,0.0,664,inf,250.0,official_prepanel,small,34.0,0,可交易（DK_s＝0）,未扣成本（成本參考：2.8 折來回約 0.38%、全額約 0.585%）；交易方法狀態未知（全額交割、變更交易方法、停止信用交易的來源未提供）；容量以 s 日 vol20 估計，未模擬開盤競價量與滑價；不可交易，僅觀察,未扣成本·事後欄位以 m_ 標示·非投資建議
SEL,2,2025-04-16,2025-04-17,8921,沈氏,TPEx,W,W_atr14@3,2,443,0.12127,,0,0,1,-1.402,-3.505,-12.617,39.9,,不適用,0.0,0.0,664,inf,250.0,official_prepanel,small,107.0,0,可交易（DK_s＝0）,未扣成本（成本參考：2.8 折來回約 0.38%、全額約 0.585%）；交易方法狀態未知（全額交割、變更交易方法、停止信用交易的來源未提供）；容量以 s 日 vol20 估計，未模擬開盤競價量與滑價；不可交易，僅觀察,未扣成本·事後欄位以 m_ 標示·非投資建議
SEL,2,2025-04-17,2025-04-18,3067,全域,TPEx,W,W_atr14@3,3,424,0.116538,,0,0,1,3.394,,12.794,15.8,,不適用,0.0,0.0,665,inf,250.0,official_prepanel,small,8.0,0,可交易（DK_s＝0）,未扣成本（成本參考：2.8 折來回約 0.38%、全額約 0.585%）；交易方法狀態未知（全額交割、變更交易方法、停止信用交易的來源未提供）；容量以 s 日 vol20 估計，未模擬開盤競價量與滑價；不可交易，僅觀察,未扣成本·事後欄位以 m_ 標示·非投資建議
SEL,2,2025-04-17,2025-04-18,5314,世紀*,TPEx,W,W_atr14@3,2,424,0.120386,,0,0,1,0.525,-2.627,12.785,,,不適用,0.0,4.0,665,inf,250.0,official_prepanel,mid,3679.0,1,可交易（DK_s＝0）,未扣成本（成本參考：2.8 折來回約 0.38%、全額約 0.585%）；交易方法狀態未知（全額交割、變更交易方法、停止信用交易的來源未提供）；容量以 s 日 vol20 估計，未模擬開盤競價量與滑價；不可交易，僅觀察,未扣成本·事後欄位以 m_ 標示·非投資建議
SEL,2,2025-04-17,2025-04-18,8921,沈氏,TPEx,W,W_atr14@3,1,424,0.132024,,0,0,1,-5.104,-5.568,-12.529,44.45,,不適用,0.0,0.0,665,inf,250.0,official_prepanel,small,96.0,0,可交易（DK_s＝0）,未扣成本（成本參考：2.8 折來回約 0.38%、全額約 0.585%）；交易方法狀態未知（全額交割、變更交易方法、停止信用交易的來源未提供）；容量以 s 日 vol20 估計，未模擬開盤競價量與滑價；不可交易，僅觀察,未扣成本·事後欄位以 m_ 標示·非投資建議
SEL,2,2025-04-18,2025-04-21,3067,全域,TPEx,W,W_atr14@3,3,424,0.108197,,0,0,1,7.65,11.749,14.754,15.31,,不適用,0.0,0.0,666,inf,250.0,official_prepanel,small,4.0,0,可交易（DK_s＝0）,未扣成本（成本參考：2.8 折來回約 0.38%、全額約 0.585%）；交易方法狀態未知（全額交割、變更交易方法、停止信用交易的來源未提供）；容量以 s 日 vol20 估計，未模擬開盤競價量與滑價；不可交易，僅觀察,未扣成本·事後欄位以 m_ 標示·非投資建議
SEL,2,2025-04-18,2025-04-21,5314,世紀*,TPEx,W,W_atr14@3,2,424,0.125168,,0,0,1,-9.139,-3.163,16.344,,,不適用,1.0,5.0,666,inf,250.0,official_prepanel,mid,2999.0,1,處置中・交易規則另案登錄（DK_s＝1）,未扣成本（成本參考：2.8 折來回約 0.38%、全額約 0.585%）；交易方法狀態未知（全額交割、變更交易方法、停止信用交易的來源未提供）；容量以 s 日 vol20 估計，未模擬開盤競價量與滑價；不可交易，僅觀察,未扣成本·事後欄位以 m_ 標示·非投資建議
SEL,2,2025-04-18,2025-04-21,8921,沈氏,TPEx,W,W_atr14@3,1,424,0.137094,,0,0,1,3.807,2.792,-10.152,48.15,,不適用,0.0,0.0,666,inf,250.0,official_prepanel,small,13.0,0,可交易（DK_s＝0）,未扣成本（成本參考：2.8 折來回約 0.38%、全額約 0.585%）；交易方法狀態未知（全額交割、變更交易方法、停止信用交易的來源未提供）；容量以 s 日 vol20 估計，未模擬開盤競價量與滑價；不可交易，僅觀察,未扣成本·事後欄位以 m_ 標示·非投資建議
SEL,2,2025-04-21,2025-04-22,2740,華軒,TPEx,W,W_atr14@3,3,432,0.111995,,0,0,1,-6.239,-2.018,13.394,9.15,,不適用,0.0,0.0,667,inf,250.0,official_prepanel,small,17.0,0,可交易（DK_s＝0）,未扣成本（成本參考：2.8 折來回約 0.38%、全額約 0.585%）；交易方法狀態未知（全額交割、變更交易方法、停止信用交易的來源未提供）；容量以 s 日 vol20 估計，未模擬開盤競價量與滑價；不可交易，僅觀察,未扣成本·事後欄位以 m_ 標示·非投資建議
SEL,2,2025-04-21,2025-04-22,5314,世紀*,TPEx,W,W_atr14@3,1,432,0.136916,,0,0,1,0.625,19.792,35.625,,,不適用,1.0,4.0,667,inf,250.0,official_prepanel,mid,3826.0,1,處置中・交易規則另案登錄（DK_s＝1）,未扣成本（成本參考：2.8 折來回約 0.38%、全額約 0.585%）；交易方法狀態未知（全額交割、變更交易方法、停止信用交易的來源未提供）；容量以 s 日 vol20 估計，未模擬開盤競價量與滑價；不可交易，僅觀察,未扣成本·事後欄位以 m_ 標示·非投資建議
SEL,2,2025-04-21,2025-04-22,8921,沈氏,TPEx,W,W_atr14@3,2,432,0.128711,,0,0,1,2.736,1.99,-13.682,48.05,,不適用,0.0,1.0,667,inf,250.0,official_prepanel,small,14.0,0,可交易（DK_s＝0）,未扣成本（成本參考：2.8 折來回約 0.38%、全額約 0.585%）；交易方法狀態未知（全額交割、變更交易方法、停止信用交易的來源未提供）；容量以 s 日 vol20 估計，未模擬開盤競價量與滑價；不可交易，僅觀察,未扣成本·事後欄位以 m_ 標示·非投資建議
SEL,2,2025-04-22,2025-04-23,2740,華軒,TPEx,W,W_atr14@3,3,423,0.110987,,0,0,1,-1.705,10.038,9.47,9.95,,不適用,0.0,0.0,668,inf,250.0,official_prepanel,small,11.0,0,可交易（DK_s＝0）,未扣成本（成本參考：2.8 折來回約 0.38%、全額約 0.585%）；交易方法狀態未知（全額交割、變更交易方法、停止信用交易的來源未提供）；容量以 s 日 vol20 估計，未模擬開盤競價量與滑價；不可交易，僅觀察,未扣成本·事後欄位以 m_ 標示·非投資建議
SEL,2,2025-04-22,2025-04-23,5314,世紀*,TPEx,W,W_atr14@3,1,423,0.141452,,0,0,1,-1.172,16.406,17.383,9315.53,,不適用,1.0,3.0,668,inf,250.0,official_prepanel,mid,1975.0,1,處置中・交易規則另案登錄（DK_s＝1）,未扣成本（成本參考：2.8 折來回約 0.38%、全額約 0.585%）；交易方法狀態未知（全額交割、變更交易方法、停止信用交易的來源未提供）；容量以 s 日 vol20 估計，未模擬開盤競價量與滑價；不可交易，僅觀察,未扣成本·事後欄位以 m_ 標示·非投資建議
SEL,2,2025-04-22,2025-04-23,8921,沈氏,TPEx,W,W_atr14@3,2,423,0.125216,,0,0,1,2.736,2.736,-15.174,48.45,,不適用,0.0,2.0,668,inf,250.0,official_prepanel,small,66.0,0,可交易（DK_s＝0）,未扣成本（成本參考：2.8 折來回約 0.38%、全額約 0.585%）；交易方法狀態未知（全額交割、變更交易方法、停止信用交易的來源未提供）；容量以 s 日 vol20 估計，未模擬開盤競價量與滑價；不可交易，僅觀察,未扣成本·事後欄位以 m_ 標示·非投資建議
SEL,2,2025-04-23,2025-04-24,2724,藝舍-KY,TPEx,W,W_atr14@3,3,449,0.110092,,0,0,1,0.926,14.815,18.056,59.5,,不適用,0.0,0.0,669,inf,250.0,official_prepanel,small,5.0,0,可交易（DK_s＝0）,未扣成本（成本參考：2.8 折來回約 0.38%、全額約 0.585%）；交易方法狀態未知（全額交割、變更交易方法、停止信用交易的來源未提供）；容量以 s 日 vol20 估計，未模擬開盤競價量與滑價；不可交易，僅觀察,未扣成本·事後欄位以 m_ 標示·非投資建議
SEL,2,2025-04-23,2025-04-24,5314,世紀*,TPEx,W,W_atr14@3,1,449,0.128529,,0,0,1,9.665,15.582,20.513,8856.75,,不適用,1.0,3.0,669,inf,250.0,official_prepanel,mid,2241.0,1,處置中・交易規則另案登錄（DK_s＝1）,未扣成本（成本參考：2.8 折來回約 0.38%、全額約 0.585%）；交易方法狀態未知（全額交割、變更交易方法、停止信用交易的來源未提供）；容量以 s 日 vol20 估計，未模擬開盤競價量與滑價；不可交易，僅觀察,未扣成本·事後欄位以 m_ 標示·非投資建議
SEL,2,2025-04-23,2025-04-24,8921,沈氏,TPEx,W,W_atr14@3,2,449,0.119855,,0,0,1,2.261,-6.03,-13.317,51.45,,不適用,0.0,2.0,669,inf,250.0,official_prepanel,small,47.0,0,可交易（DK_s＝0）,未扣成本（成本參考：2.8 折來回約 0.38%、全額約 0.585%）；交易方法狀態未知（全額交割、變更交易方法、停止信用交易的來源未提供）；容量以 s 日 vol20 估計，未模擬開盤競價量與滑價；不可交易，僅觀察,未扣成本·事後欄位以 m_ 標示·非投資建議
SEL,2,2025-04-24,2025-04-25,2724,藝舍-KY,TPEx,W,W_atr14@3,2,440,0.102883,,0,0,1,6.193,15.826,,59.75,,不適用,0.0,0.0,670,inf,250.0,official_prepanel,small,21.0,0,可交易（DK_s＝0）,未扣成本（成本參考：2.8 折來回約 0.38%、全額約 0.585%）；交易方法狀態未知（全額交割、變更交易方法、停止信用交易的來源未提供）；容量以 s 日 vol20 估計，未模擬開盤競價量與滑價；不可交易，僅觀察,未扣成本·事後欄位以 m_ 標示·非投資建議
SEL,2,2025-04-24,2025-04-25,2740,華軒,TPEx,W,W_atr14@3,3,440,0.102061,,0,0,1,-0.965,15.83,11.583,10.45,,不適用,0.0,0.0,670,inf,250.0,official_prepanel,small,12.0,0,可交易（DK_s＝0）,未扣成本（成本參考：2.8 折來回約 0.38%、全額約 0.585%）；交易方法狀態未知（全額交割、變更交易方法、停止信用交易的來源未提供）；容量以 s 日 vol20 估計，未模擬開盤競價量與滑價；不可交易，僅觀察,未扣成本·事後欄位以 m_ 標示·非投資建議
SEL,2,2025-04-24,2025-04-25,8921,沈氏,TPEx,W,W_atr14@3,1,440,0.117761,,0,0,1,1.25,-5.75,-9.5,53.7,,不適用,0.0,2.0,670,inf,250.0,official_prepanel,small,4.0,0,可交易（DK_s＝0）,未扣成本（成本參考：2.8 折來回約 0.38%、全額約 0.585%）；交易方法狀態未知（全額交割、變更交易方法、停止信用交易的來源未提供）；容量以 s 日 vol20 估計，未模擬開盤競價量與滑價；不可交易，僅觀察,未扣成本·事後欄位以 m_ 標示·非投資建議
SEL,2,2025-04-25,2025-04-28,2740,華軒,TPEx,W,W_atr14@3,3,466,0.099276,,0,0,1,-0.373,21.455,11.381,11.0,,不適用,0.0,0.0,671,inf,250.0,official_prepanel,small,3.0,0,可交易（DK_s＝0）,未扣成本（成本參考：2.8 折來回約 0.38%、全額約 0.585%）；交易方法狀態未知（全額交割、變更交易方法、停止信用交易的來源未提供）；容量以 s 日 vol20 估計，未模擬開盤競價量與滑價；不可交易，僅觀察,未扣成本·事後欄位以 m_ 標示·非投資建議
SEL,2,2025-04-25,2025-04-28,5314,世紀*,TPEx,W,W_atr14@3,2,466,0.107402,,0,0,1,2.679,18.214,15.893,8155.0,,不適用,1.0,1.0,671,inf,250.0,official_prepanel,mid,1072.0,1,處置中・交易規則另案登錄（DK_s＝1）,未扣成本（成本參考：2.8 折來回約 0.38%、全額約 0.585%）；交易方法狀態未知（全額交割、變更交易方法、停止信用交易的來源未提供）；容量以 s 日 vol20 估計，未模擬開盤競價量與滑價；不可交易，僅觀察,未扣成本·事後欄位以 m_ 標示·非投資建議
SEL,2,2025-04-25,2025-04-28,8921,沈氏,TPEx,W,W_atr14@3,1,466,0.108642,,0,0,1,2.757,-11.278,-10.025,52.55,,不適用,0.0,2.0,671,inf,250.0,official_prepanel,small,19.0,0,可交易（DK_s＝0）,未扣成本（成本參考：2.8 折來回約 0.38%、全額約 0.585%）；交易方法狀態未知（全額交割、變更交易方法、停止信用交易的來源未提供）；容量以 s 日 vol20 估計，未模擬開盤競價量與滑價；不可交易，僅觀察,未扣成本·事後欄位以 m_ 標示·非投資建議
SEL,2,2025-04-28,2025-04-29,3067,全域,TPEx,W,W_atr14@3,3,448,0.090487,,0,0,1,7.5,1.0,0.25,15.28,,不適用,0.0,0.0,672,inf,250.0,official_prepanel,small,27.0,0,可交易（DK_s＝0）,未扣成本（成本參考：2.8 折來回約 0.38%、全額約 0.585%）；交易方法狀態未知（全額交割、變更交易方法、停止信用交易的來源未提供）；容量以 s 日 vol20 估計，未模擬開盤競價量與滑價；不可交易，僅觀察,未扣成本·事後欄位以 m_ 標示·非投資建議
SEL,2,2025-04-28,2025-04-29,5314,世紀*,TPEx,W,W_atr14@3,2,448,0.099317,,0,0,1,2.582,12.048,11.876,7782.21,,不適用,1.0,1.0,672,inf,250.0,official_prepanel,mid,868.0,1,處置中・交易規則另案登錄（DK_s＝1）,未扣成本（成本參考：2.8 折來回約 0.38%、全額約 0.585%）；交易方法狀態未知（全額交割、變更交易方法、停止信用交易的來源未提供）；容量以 s 日 vol20 估計，未模擬開盤競價量與滑價；不可交易，僅觀察,未扣成本·事後欄位以 m_ 標示·非投資建議
SEL,2,2025-04-28,2025-04-29,8921,沈氏,TPEx,W,W_atr14@3,1,448,0.1,,0,0,1,2.228,-14.109,-10.644,52.8,,不適用,0.0,1.0,672,inf,250.0,official_prepanel,small,11.0,0,可交易（DK_s＝0）,未扣成本（成本參考：2.8 折來回約 0.38%、全額約 0.585%）；交易方法狀態未知（全額交割、變更交易方法、停止信用交易的來源未提供）；容量以 s 日 vol20 估計，未模擬開盤競價量與滑價；不可交易，僅觀察,未扣成本·事後欄位以 m_ 標示·非投資建議
SEL,2,2025-04-29,2025-04-30,3067,全域,TPEx,W,W_atr14@3,3,468,0.083363,,0,0,1,-6.966,-4.494,-8.539,15.89,,不適用,0.0,0.0,673,inf,250.0,official_prepanel,small,15.0,0,可交易（DK_s＝0）,未扣成本（成本參考：2.8 折來回約 0.38%、全額約 0.585%）；交易方法狀態未知（全額交割、變更交易方法、停止信用交易的來源未提供）；容量以 s 日 vol20 估計，未模擬開盤競價量與滑價；不可交易，僅觀察,未扣成本·事後欄位以 m_ 標示·非投資建議
SEL,2,2025-04-29,2025-04-30,5314,世紀*,TPEx,W,W_atr14@3,2,468,0.091743,,0,0,1,-0.34,2.211,6.803,7436.5,,不適用,1.0,1.0,673,inf,250.0,official_prepanel,mid,720.0,1,處置中・交易規則另案登錄（DK_s＝1）,未扣成本（成本參考：2.8 折來回約 0.38%、全額約 0.585%）；交易方法狀態未知（全額交割、變更交易方法、停止信用交易的來源未提供）；容量以 s 日 vol20 估計，未模擬開盤競價量與滑價；不可交易，僅觀察,未扣成本·事後欄位以 m_ 標示·非投資建議
SEL,2,2025-04-29,2025-04-30,8921,沈氏,TPEx,W,W_atr14@3,1,468,0.091837,,0,0,1,-9.88,-17.831,-11.325,49.75,,不適用,0.0,0.0,673,inf,250.0,official_prepanel,small,287.0,0,可交易（DK_s＝0）,未扣成本（成本參考：2.8 折來回約 0.38%、全額約 0.585%）；交易方法狀態未知（全額交割、變更交易方法、停止信用交易的來源未提供）；容量以 s 日 vol20 估計，未模擬開盤競價量與滑價；不可交易，僅觀察,未扣成本·事後欄位以 m_ 標示·非投資建議
SEL,2,2025-04-30,2025-05-02,3067,全域,TPEx,W,W_atr14@3,3,463,0.086399,,0,0,1,7.463,2.488,0.498,16.53,,不適用,0.0,0.0,674,inf,250.0,official_prepanel,small,15.0,0,可交易（DK_s＝0）,未扣成本（成本參考：2.8 折來回約 0.38%、全額約 0.585%）；交易方法狀態未知（全額交割、變更交易方法、停止信用交易的來源未提供）；容量以 s 日 vol20 估計，未模擬開盤競價量與滑價；不可交易，僅觀察,未扣成本·事後欄位以 m_ 標示·非投資建議
SEL,2,2025-04-30,2025-05-02,5314,世紀*,TPEx,W,W_atr14@3,2,463,0.089773,,0,0,1,6.623,1.159,1.159,7195.55,,不適用,1.0,0.0,674,inf,250.0,official_prepanel,mid,2121.0,1,處置中・交易規則另案登錄（DK_s＝1）,未扣成本（成本參考：2.8 折來回約 0.38%、全額約 0.585%）；交易方法狀態未知（全額交割、變更交易方法、停止信用交易的來源未提供）；容量以 s 日 vol20 估計，未模擬開盤競價量與滑價；不可交易，僅觀察,未扣成本·事後欄位以 m_ 標示·非投資建議
SEL,2,2025-04-30,2025-05-02,8921,沈氏,TPEx,W,W_atr14@3,1,463,0.100267,,0,0,1,2.725,-5.995,-1.09,63.05,,不適用,0.0,0.0,674,inf,250.0,official_prepanel,small,63.0,0,可交易（DK_s＝0）,未扣成本（成本參考：2.8 折來回約 0.38%、全額約 0.585%）；交易方法狀態未知（全額交割、變更交易方法、停止信用交易的來源未提供）；容量以 s 日 vol20 估計，未模擬開盤競價量與滑價；不可交易，僅觀察,未扣成本·事後欄位以 m_ 標示·非投資建議
SEL,2,2025-05-02,2025-05-05,3067,全域,TPEx,W,W_atr14@3,2,466,0.081019,,0,0,1,-4.545,-6.364,-10.0,17.16,,不適用,0.0,0.0,675,inf,250.0,official_prepanel,small,21.0,0,可交易（DK_s＝0）,未扣成本（成本參考：2.8 折來回約 0.38%、全額約 0.585%）；交易方法狀態未知（全額交割、變更交易方法、停止信用交易的來源未提供）；容量以 s 日 vol20 估計，未模擬開盤競價量與滑價；不可交易，僅觀察,未扣成本·事後欄位以 m_ 標示·非投資建議
SEL,2,2025-05-02,2025-05-05,7728,光焱科技,TPEx,W,W_atr14@3,3,466,0.075389,,0,0,1,-5.981,-9.159,-13.084,171.65,,不適用,0.0,0.0,39,39.0,39.0,official,small,110.0,0,可交易（DK_s＝0）,未扣成本（成本參考：2.8 折來回約 0.38%、全額約 0.585%）；交易方法狀態未知（全額交割、變更交易方法、停止信用交易的來源未提供）；容量以 s 日 vol20 估計，未模擬開盤競價量與滑價；不可交易，僅觀察,未扣成本·事後欄位以 m_ 標示·非投資建議
SEL,2,2025-05-02,2025-05-05,8921,沈氏,TPEx,W,W_atr14@3,1,466,0.08147,,0,0,1,-3.804,-1.63,-0.815,61.45,,不適用,0.0,0.0,675,inf,250.0,official_prepanel,small,250.0,0,可交易（DK_s＝0）,未扣成本（成本參考：2.8 折來回約 0.38%、全額約 0.585%）；交易方法狀態未知（全額交割、變更交易方法、停止信用交易的來源未提供）；容量以 s 日 vol20 估計，未模擬開盤競價量與滑價；不可交易，僅觀察,未扣成本·事後欄位以 m_ 標示·非投資建議
SEL,2,2025-05-05,2025-05-06,3067,全域,TPEx,W,W_atr14@3,1,469,0.082784,,0,0,1,-6.047,-6.744,-6.047,17.68,,不適用,0.0,0.0,676,inf,250.0,official_prepanel,small,13.0,0,可交易（DK_s＝0）,未扣成本（成本參考：2.8 折來回約 0.38%、全額約 0.585%）；交易方法狀態未知（全額交割、變更交易方法、停止信用交易的來源未提供）；容量以 s 日 vol20 估計，未模擬開盤競價量與滑價；不可交易，僅觀察,未扣成本·事後欄位以 m_ 標示·非投資建議
SEL,2,2025-05-05,2025-05-06,7728,光焱科技,TPEx,W,W_atr14@3,3,469,0.080943,,0,0,1,-0.8,-0.2,-6.8,173.55,,不適用,0.0,0.0,40,40.0,40.0,official,small,49.0,0,可交易（DK_s＝0）,未扣成本（成本參考：2.8 折來回約 0.38%、全額約 0.585%）；交易方法狀態未知（全額交割、變更交易方法、停止信用交易的來源未提供）；容量以 s 日 vol20 估計，未模擬開盤競價量與滑價；不可交易，僅觀察,未扣成本·事後欄位以 m_ 標示·非投資建議
SEL,2,2025-05-05,2025-05-06,8921,沈氏,TPEx,W,W_atr14@3,2,469,0.082728,,0,0,1,0.58,4.058,6.087,72.55,,不適用,0.0,0.0,676,inf,250.0,official_prepanel,small,177.0,0,可交易（DK_s＝0）,未扣成本（成本參考：2.8 折來回約 0.38%、全額約 0.585%）；交易方法狀態未知（全額交割、變更交易方法、停止信用交易的來源未提供）；容量以 s 日 vol20 估計，未模擬開盤競價量與滑價；不可交易，僅觀察,未扣成本·事後欄位以 m_ 標示·非投資建議
SEL,2,2025-05-06,2025-05-07,3067,全域,TPEx,W,W_atr14@3,1,460,0.08035,,0,0,1,-1.392,-6.961,-7.193,16.89,,不適用,0.0,0.0,677,inf,250.0,official_prepanel,small,13.0,0,可交易（DK_s＝0）,未扣成本（成本參考：2.8 折來回約 0.38%、全額約 0.585%）；交易方法狀態未知（全額交割、變更交易方法、停止信用交易的來源未提供）；容量以 s 日 vol20 估計，未模擬開盤競價量與滑價；不可交易，僅觀察,未扣成本·事後欄位以 m_ 標示·非投資建議
SEL,2,2025-05-06,2025-05-07,5205,中茂,TPEx,W,W_atr14@3,2,460,0.080113,,0,0,1,6.518,9.221,11.765,15.95,,不適用,0.0,0.0,677,inf,250.0,official_prepanel,small,5.0,0,可交易（DK_s＝0）,未扣成本（成本參考：2.8 折來回約 0.38%、全額約 0.585%）；交易方法狀態未知（全額交割、變更交易方法、停止信用交易的來源未提供）；容量以 s 日 vol20 估計，未模擬開盤競價量與滑價；不可交易，僅觀察,未扣成本·事後欄位以 m_ 標示·非投資建議
SEL,2,2025-05-06,2025-05-07,7728,光焱科技,TPEx,W,W_atr14@3,3,460,0.078485,,0,0,1,-2.041,-3.878,-3.469,175.6,,不適用,0.0,0.0,41,41.0,41.0,official,small,83.0,0,可交易（DK_s＝0）,未扣成本（成本參考：2.8 折來回約 0.38%、全額約 0.585%）；交易方法狀態未知（全額交割、變更交易方法、停止信用交易的來源未提供）；容量以 s 日 vol20 估計，未模擬開盤競價量與滑價；不可交易，僅觀察,未扣成本·事後欄位以 m_ 標示·非投資建議
SEL,2,2025-05-07,2025-05-08,2740,華軒,TPEx,W,W_atr14@3,2,503,0.084652,,0,0,1,0.882,7.584,25.75,7.9,,不適用,0.0,0.0,678,inf,250.0,official_prepanel,small,7.0,0,可交易（DK_s＝0）,未扣成本（成本參考：2.8 折來回約 0.38%、全額約 0.585%）；交易方法狀態未知（全額交割、變更交易方法、停止信用交易的來源未提供）；容量以 s 日 vol20 估計，未模擬開盤競價量與滑價；不可交易，僅觀察,未扣成本·事後欄位以 m_ 標示·非投資建議
SEL,2,2025-05-07,2025-05-08,5314,世紀*,TPEx,W,W_atr14@3,3,503,0.081471,,0,0,1,0.0,2.782,1.146,9592.4,,不適用,0.0,2.0,678,inf,250.0,official_prepanel,mid,7002.0,0,可交易（DK_s＝0）,未扣成本（成本參考：2.8 折來回約 0.38%、全額約 0.585%）；交易方法狀態未知（全額交割、變更交易方法、停止信用交易的來源未提供）；容量以 s 日 vol20 估計，未模擬開盤競價量與滑價；不可交易，僅觀察,未扣成本·事後欄位以 m_ 標示·非投資建議
SEL,2,2025-05-07,2025-05-08,8291,尚茂,TPEx,W,W_atr14@3,1,503,0.089512,,0,0,1,19.77,26.437,32.184,27.85,,不適用,0.0,0.0,678,inf,250.0,official_prepanel,small,36.0,0,可交易（DK_s＝0）,未扣成本（成本參考：2.8 折來回約 0.38%、全額約 0.585%）；交易方法狀態未知（全額交割、變更交易方法、停止信用交易的來源未提供）；容量以 s 日 vol20 估計，未模擬開盤競價量與滑價；不可交易，僅觀察,未扣成本·事後欄位以 m_ 標示·非投資建議
SEL,2,2025-05-08,2025-05-09,2740,華軒,TPEx,W,W_atr14@3,1,556,0.086164,,0,0,1,0.0,6.574,24.913,7.9,,不適用,0.0,0.0,679,inf,250.0,official_prepanel,small,1.0,0,可交易（DK_s＝0）,未扣成本（成本參考：2.8 折來回約 0.38%、全額約 0.585%）；交易方法狀態未知（全額交割、變更交易方法、停止信用交易的來源未提供）；容量以 s 日 vol20 估計，未模擬開盤競價量與滑價；不可交易，僅觀察,未扣成本·事後欄位以 m_ 標示·非投資建議
SEL,2,2025-05-08,2025-05-09,3672,康聯訊,TPEx,W,W_atr14@3,3,556,0.077012,,0,0,1,-0.813,-1.355,0.813,92.95,,不適用,0.0,0.0,679,inf,250.0,official_prepanel,small,17.0,0,可交易（DK_s＝0）,未扣成本（成本參考：2.8 折來回約 0.38%、全額約 0.585%）；交易方法狀態未知（全額交割、變更交易方法、停止信用交易的來源未提供）；容量以 s 日 vol20 估計，未模擬開盤競價量與滑價；不可交易，僅觀察,未扣成本·事後欄位以 m_ 標示·非投資建議
SEL,2,2025-05-08,2025-05-09,4542,科嶠,TPEx,W,W_atr14@3,2,556,0.078463,,0,0,1,0.502,4.181,2.843,284.7,,不適用,0.0,0.0,679,inf,250.0,official_prepanel,small,326.0,0,可交易（DK_s＝0）,未扣成本（成本參考：2.8 折來回約 0.38%、全額約 0.585%）；交易方法狀態未知（全額交割、變更交易方法、停止信用交易的來源未提供）；容量以 s 日 vol20 估計，未模擬開盤競價量與滑價；不可交易，僅觀察,未扣成本·事後欄位以 m_ 標示·非投資建議
SEL,2,2025-05-09,2025-05-12,2740,華軒,TPEx,W,W_atr14@3,1,561,0.083663,,0,0,1,3.287,8.997,23.529,7.85,,不適用,0.0,0.0,680,inf,250.0,official_prepanel,small,8.0,0,可交易（DK_s＝0）,未扣成本（成本參考：2.8 折來回約 0.38%、全額約 0.585%）；交易方法狀態未知（全額交割、變更交易方法、停止信用交易的來源未提供）；容量以 s 日 vol20 估計，未模擬開盤競價量與滑價；不可交易，僅觀察,未扣成本·事後欄位以 m_ 標示·非投資建議
SEL,2,2025-05-09,2025-05-12,3672,康聯訊,TPEx,W,W_atr14@3,3,561,0.07982,,0,0,1,-3.439,-3.439,-6.349,92.1,,不適用,0.0,0.0,680,inf,250.0,official_prepanel,small,12.0,0,可交易（DK_s＝0）,未扣成本（成本參考：2.8 折來回約 0.38%、全額約 0.585%）；交易方法狀態未知（全額交割、變更交易方法、停止信用交易的來源未提供）；容量以 s 日 vol20 估計，未模擬開盤競價量與滑價；不可交易，僅觀察,未扣成本·事後欄位以 m_ 標示·非投資建議
SEL,2,2025-05-09,2025-05-12,8291,尚茂,TPEx,W,W_atr14@3,2,561,0.081818,,0,0,1,-0.192,-2.308,2.308,28.95,,不適用,0.0,0.0,680,inf,250.0,official_prepanel,small,25.0,0,可交易（DK_s＝0）,未扣成本（成本參考：2.8 折來回約 0.38%、全額約 0.585%）；交易方法狀態未知（全額交割、變更交易方法、停止信用交易的來源未提供）；容量以 s 日 vol20 估計，未模擬開盤競價量與滑價；不可交易，僅觀察,未扣成本·事後欄位以 m_ 標示·非投資建議
SEL,2,2025-05-12,2025-05-13,2424,隴華,TWSE,W,W_atr14@3,3,581,0.075583,,0,0,1,-1.802,6.106,-1.602,139.7,,不適用,0.0,0.0,681,inf,250.0,official_prepanel,small,86.0,0,可交易（DK_s＝0）,未扣成本（成本參考：2.8 折來回約 0.38%、全額約 0.585%）；交易方法狀態未知（全額交割、變更交易方法、停止信用交易的來源未提供）；容量以 s 日 vol20 估計，未模擬開盤競價量與滑價；不可交易，僅觀察,未扣成本·事後欄位以 m_ 標示·非投資建議
SEL,2,2025-05-12,2025-05-13,3672,康聯訊,TPEx,W,W_atr14@3,2,581,0.080039,,0,0,1,0.0,-0.548,0.548,86.9,,不適用,0.0,0.0,681,inf,250.0,official_prepanel,small,13.0,0,可交易（DK_s＝0）,未扣成本（成本參考：2.8 折來回約 0.38%、全額約 0.585%）；交易方法狀態未知（全額交割、變更交易方法、停止信用交易的來源未提供）；容量以 s 日 vol20 估計，未模擬開盤競價量與滑價；不可交易，僅觀察,未扣成本·事後欄位以 m_ 標示·非投資建議
SEL,2,2025-05-12,2025-05-13,8291,尚茂,TPEx,W,W_atr14@3,1,581,0.090696,,0,0,1,7.676,15.768,3.734,29.65,,不適用,0.0,0.0,681,inf,250.0,official_prepanel,small,3.0,0,可交易（DK_s＝0）,未扣成本（成本參考：2.8 折來回約 0.38%、全額約 0.585%）；交易方法狀態未知（全額交割、變更交易方法、停止信用交易的來源未提供）；容量以 s 日 vol20 估計，未模擬開盤競價量與滑價；不可交易，僅觀察,未扣成本·事後欄位以 m_ 標示·非投資建議
SEL,2,2025-05-13,2025-05-14,2424,隴華,TWSE,W,W_atr14@3,3,592,0.076962,,0,0,1,-4.025,6.295,-4.025,142.3,,不適用,0.0,0.0,682,inf,250.0,official_prepanel,small,52.0,0,可交易（DK_s＝0）,未扣成本（成本參考：2.8 折來回約 0.38%、全額約 0.585%）；交易方法狀態未知（全額交割、變更交易方法、停止信用交易的來源未提供）；容量以 s 日 vol20 估計，未模擬開盤競價量與滑價；不可交易，僅觀察,未扣成本·事後欄位以 m_ 標示·非投資建議
SEL,2,2025-05-13,2025-05-14,4542,科嶠,TPEx,W,W_atr14@3,2,592,0.078261,,0,0,1,0.0,-4.64,-7.2,296.8,,不適用,0.0,0.0,682,inf,250.0,official_prepanel,small,191.0,0,可交易（DK_s＝0）,未扣成本（成本參考：2.8 折來回約 0.38%、全額約 0.585%）；交易方法狀態未知（全額交割、變更交易方法、停止信用交易的來源未提供）；容量以 s 日 vol20 估計，未模擬開盤競價量與滑價；不可交易，僅觀察,未扣成本·事後欄位以 m_ 標示·非投資建議
SEL,2,2025-05-13,2025-05-14,8291,尚茂,TPEx,W,W_atr14@3,1,592,0.089045,,0,1,0,-3.509,0.877,-12.281,29.55,,不適用,0.0,0.0,682,inf,250.0,official_prepanel,small,20.0,0,可交易（DK_s＝0）,未扣成本（成本參考：2.8 折來回約 0.38%、全額約 0.585%）；交易方法狀態未知（全額交割、變更交易方法、停止信用交易的來源未提供）；容量以 s 日 vol20 估計，未模擬開盤競價量與滑價；不可交易，僅觀察,未扣成本·事後欄位以 m_ 標示·非投資建議
SEL,2,2025-05-14,2025-05-15,2424,隴華,TWSE,W,W_atr14@3,2,600,0.080876,,0,0,1,-2.151,9.677,3.226,143.7,,不適用,0.0,0.0,683,inf,250.0,official_prepanel,small,41.0,0,可交易（DK_s＝0）,未扣成本（成本參考：2.8 折來回約 0.38%、全額約 0.585%）；交易方法狀態未知（全額交割、變更交易方法、停止信用交易的來源未提供）；容量以 s 日 vol20 估計，未模擬開盤競價量與滑價；不可交易，僅觀察,未扣成本·事後欄位以 m_ 標示·非投資建議
SEL,2,2025-05-14,2025-05-15,4542,科嶠,TPEx,W,W_atr14@3,3,600,0.076114,,0,0,1,-0.796,-4.299,-9.395,298.9,,不適用,0.0,0.0,683,inf,250.0,official_prepanel,small,91.0,0,可交易（DK_s＝0）,未扣成本（成本參考：2.8 折來回約 0.38%、全額約 0.585%）；交易方法狀態未知（全額交割、變更交易方法、停止信用交易的來源未提供）；容量以 s 日 vol20 估計，未模擬開盤競價量與滑價；不可交易，僅觀察,未扣成本·事後欄位以 m_ 標示·非投資建議
SEL,2,2025-05-14,2025-05-15,8291,尚茂,TPEx,W,W_atr14@3,1,600,0.089091,,0,0,1,-2.253,-0.347,-15.945,29.5,,不適用,0.0,0.0,683,inf,250.0,official_prepanel,small,10.0,0,可交易（DK_s＝0）,未扣成本（成本參考：2.8 折來回約 0.38%、全額約 0.585%）；交易方法狀態未知（全額交割、變更交易方法、停止信用交易的來源未提供）；容量以 s 日 vol20 估計，未模擬開盤競價量與滑價；不可交易，僅觀察,未扣成本·事後欄位以 m_ 標示·非投資建議
SEL,2,2025-05-15,2025-05-16,2424,隴華,TWSE,W,W_atr14@3,2,588,0.079121,,0,0,1,5.934,16.484,1.868,145.55,,不適用,0.0,0.0,684,inf,250.0,official_prepanel,small,106.0,0,可交易（DK_s＝0）,未扣成本（成本參考：2.8 折來回約 0.38%、全額約 0.585%）；交易方法狀態未知（全額交割、變更交易方法、停止信用交易的來源未提供）；容量以 s 日 vol20 估計，未模擬開盤競價量與滑價；不可交易，僅觀察,未扣成本·事後欄位以 m_ 標示·非投資建議
SEL,2,2025-05-15,2025-05-16,6419,京晨科,TPEx,W,W_atr14@3,3,588,0.07604,,0,0,1,-0.717,-0.143,-1.004,87.7,,不適用,0.0,0.0,684,inf,250.0,official_prepanel,small,126.0,0,可交易（DK_s＝0）,未扣成本（成本參考：2.8 折來回約 0.38%、全額約 0.585%）；交易方法狀態未知（全額交割、變更交易方法、停止信用交易的來源未提供）；容量以 s 日 vol20 估計，未模擬開盤競價量與滑價；不可交易，僅觀察,未扣成本·事後欄位以 m_ 標示·非投資建議
SEL,2,2025-05-15,2025-05-16,8291,尚茂,TPEx,W,W_atr14@3,1,588,0.086626,,0,0,1,-7.468,-3.461,-13.479,29.9,,不適用,0.0,0.0,684,inf,250.0,official_prepanel,small,6.0,0,可交易（DK_s＝0）,未扣成本（成本參考：2.8 折來回約 0.38%、全額約 0.585%）；交易方法狀態未知（全額交割、變更交易方法、停止信用交易的來源未提供）；容量以 s 日 vol20 估計，未模擬開盤競價量與滑價；不可交易，僅觀察,未扣成本·事後欄位以 m_ 標示·非投資建議
SEL,2,2025-05-16,2025-05-19,2424,隴華,TWSE,W,W_atr14@3,2,581,0.078468,,0,0,1,7.071,0.707,-11.111,150.35,,不適用,0.0,0.0,685,inf,250.0,official_prepanel,small,238.0,0,可交易（DK_s＝0）,未扣成本（成本參考：2.8 折來回約 0.38%、全額約 0.585%）；交易方法狀態未知（全額交割、變更交易方法、停止信用交易的來源未提供）；容量以 s 日 vol20 估計，未模擬開盤競價量與滑價；不可交易，僅觀察,未扣成本·事後欄位以 m_ 標示·非投資建議
SEL,2,2025-05-16,2025-05-19,6419,京晨科,TPEx,W,W_atr14@3,3,581,0.07597,,0,0,1,0.0,-0.867,-2.89,91.3,,不適用,0.0,0.0,685,inf,250.0,official_prepanel,small,50.0,0,可交易（DK_s＝0）,未扣成本（成本參考：2.8 折來回約 0.38%、全額約 0.585%）；交易方法狀態未知（全額交割、變更交易方法、停止信用交易的來源未提供）；容量以 s 日 vol20 估計，未模擬開盤競價量與滑價；不可交易，僅觀察,未扣成本·事後欄位以 m_ 標示·非投資建議
SEL,2,2025-05-16,2025-05-19,8291,尚茂,TPEx,W,W_atr14@3,1,581,0.099409,,0,0,1,9.843,4.724,-10.827,29.65,,不適用,0.0,0.0,685,inf,250.0,official_prepanel,small,17.0,0,可交易（DK_s＝0）,未扣成本（成本參考：2.8 折來回約 0.38%、全額約 0.585%）；交易方法狀態未知（全額交割、變更交易方法、停止信用交易的來源未提供）；容量以 s 日 vol20 估計，未模擬開盤競價量與滑價；不可交易，僅觀察,未扣成本·事後欄位以 m_ 標示·非投資建議
SEL,2,2025-05-19,2025-05-20,2726,雅茗-KY,TPEx,W,W_atr14@3,2,566,0.075437,,0,0,1,-0.509,0.254,-7.888,285.53,,不適用,0.0,0.0,686,inf,250.0,official_prepanel,small,28.0,0,可交易（DK_s＝0）,未扣成本（成本參考：2.8 折來回約 0.38%、全額約 0.585%）；交易方法狀態未知（全額交割、變更交易方法、停止信用交易的來源未提供）；容量以 s 日 vol20 估計，未模擬開盤競價量與滑價；不可交易，僅觀察,未扣成本·事後欄位以 m_ 標示·非投資建議
SEL,2,2025-05-19,2025-05-20,6225,天瀚,TWSE,W,W_atr14@3,1,566,0.081502,,0,0,1,-1.653,7.025,2.066,20.5,,不適用,0.0,0.0,686,inf,250.0,official_prepanel,small,8.0,0,可交易（DK_s＝0）,未扣成本（成本參考：2.8 折來回約 0.38%、全額約 0.585%）；交易方法狀態未知（全額交割、變更交易方法、停止信用交易的來源未提供）；容量以 s 日 vol20 估計，未模擬開盤競價量與滑價；不可交易，僅觀察,未扣成本·事後欄位以 m_ 標示·非投資建議
SEL,2,2025-05-19,2025-05-20,6902,GOGOLOOK,TWSE,W,W_atr14@3,3,566,0.074733,,0,0,1,5.284,26.933,11.985,27.28,,不適用,0.0,0.0,447,447.0,250.0,official,small,1409.0,0,可交易（DK_s＝0）,未扣成本（成本參考：2.8 折來回約 0.38%、全額約 0.585%）；交易方法狀態未知（全額交割、變更交易方法、停止信用交易的來源未提供）；容量以 s 日 vol20 估計，未模擬開盤競價量與滑價；不可交易，僅觀察,未扣成本·事後欄位以 m_ 標示·非投資建議
SEL,2,2025-05-20,2025-05-21,6225,天瀚,TWSE,W,W_atr14@3,3,581,0.07383,,0,0,1,-1.6,2.0,0.0,17.35,,不適用,0.0,0.0,687,inf,250.0,official_prepanel,small,30.0,0,可交易（DK_s＝0）,未扣成本（成本參考：2.8 折來回約 0.38%、全額約 0.585%）；交易方法狀態未知（全額交割、變更交易方法、停止信用交易的來源未提供）；容量以 s 日 vol20 估計，未模擬開盤競價量與滑價；不可交易，僅觀察,未扣成本·事後欄位以 m_ 標示·非投資建議
SEL,2,2025-05-20,2025-05-21,6902,GOGOLOOK,TWSE,W,W_atr14@3,2,581,0.074926,,0,0,1,5.31,26.296,12.263,100.0,,不適用,0.0,0.0,448,448.0,250.0,official,small,843.0,0,可交易（DK_s＝0）,未扣成本（成本參考：2.8 折來回約 0.38%、全額約 0.585%）；交易方法狀態未知（全額交割、變更交易方法、停止信用交易的來源未提供）；容量以 s 日 vol20 估計，未模擬開盤競價量與滑價；不可交易，僅觀察,未扣成本·事後欄位以 m_ 標示·非投資建議
SEL,2,2025-05-20,2025-05-21,8291,尚茂,TPEx,W,W_atr14@3,1,581,0.089068,,0,0,1,-4.007,-16.528,,28.45,,不適用,0.0,0.0,687,inf,250.0,official_prepanel,small,5.0,0,可交易（DK_s＝0）,未扣成本（成本參考：2.8 折來回約 0.38%、全額約 0.585%）；交易方法狀態未知（全額交割、變更交易方法、停止信用交易的來源未提供）；容量以 s 日 vol20 估計，未模擬開盤競價量與滑價；不可交易，僅觀察,未扣成本·事後欄位以 m_ 標示·非投資建議
SEL,2,2025-05-21,2025-05-22,2067,嘉鋼,TPEx,W,W_atr14@3,3,583,0.073455,,0,0,1,2.852,8.725,8.389,109.11,,不適用,0.0,0.0,688,inf,250.0,official_prepanel,small,297.0,0,可交易（DK_s＝0）,未扣成本（成本參考：2.8 折來回約 0.38%、全額約 0.585%）；交易方法狀態未知（全額交割、變更交易方法、停止信用交易的來源未提供）；容量以 s 日 vol20 估計，未模擬開盤競價量與滑價；不可交易，僅觀察,未扣成本·事後欄位以 m_ 標示·非投資建議
SEL,2,2025-05-21,2025-05-22,2719,燦星旅,TPEx,W,W_atr14@3,2,583,0.077119,,0,0,1,0.312,-4.683,-13.424,556.35,,不適用,0.0,0.0,688,inf,250.0,official_prepanel,small,1925.0,0,可交易（DK_s＝0）,未扣成本（成本參考：2.8 折來回約 0.38%、全額約 0.585%）；交易方法狀態未知（全額交割、變更交易方法、停止信用交易的來源未提供）；容量以 s 日 vol20 估計，未模擬開盤競價量與滑價；不可交易，僅觀察,未扣成本·事後欄位以 m_ 標示·非投資建議
SEL,2,2025-05-21,2025-05-22,8291,尚茂,TPEx,W,W_atr14@3,1,583,0.086087,,0,0,1,-13.115,-20.492,-15.574,26.75,,不適用,0.0,0.0,688,inf,250.0,official_prepanel,small,14.0,0,可交易（DK_s＝0）,未扣成本（成本參考：2.8 折來回約 0.38%、全額約 0.585%）；交易方法狀態未知（全額交割、變更交易方法、停止信用交易的來源未提供）；容量以 s 日 vol20 估計，未模擬開盤競價量與滑價；不可交易，僅觀察,未扣成本·事後欄位以 m_ 標示·非投資建議
SEL,2,2025-05-22,2025-05-23,2067,嘉鋼,TPEx,W,W_atr14@3,3,578,0.07617,,0,0,1,0.157,2.205,-2.047,124.37,,不適用,0.0,1.0,689,inf,250.0,official_prepanel,small,92.0,0,可交易（DK_s＝0）,未扣成本（成本參考：2.8 折來回約 0.38%、全額約 0.585%）；交易方法狀態未知（全額交割、變更交易方法、停止信用交易的來源未提供）；容量以 s 日 vol20 估計，未模擬開盤競價量與滑價；不可交易，僅觀察,未扣成本·事後欄位以 m_ 標示·非投資建議
SEL,2,2025-05-22,2025-05-23,2719,燦星旅,TPEx,W,W_atr14@3,2,578,0.080987,,0,0,1,-1.03,-6.694,-15.551,651.4,,不適用,0.0,0.0,689,inf,250.0,official_prepanel,small,593.0,0,可交易（DK_s＝0）,未扣成本（成本參考：2.8 折來回約 0.38%、全額約 0.585%）；交易方法狀態未知（全額交割、變更交易方法、停止信用交易的來源未提供）；容量以 s 日 vol20 估計，未模擬開盤競價量與滑價；不可交易，僅觀察,未扣成本·事後欄位以 m_ 標示·非投資建議
SEL,2,2025-05-22,2025-05-23,8291,尚茂,TPEx,W,W_atr14@3,1,578,0.095553,,0,0,1,-3.273,-13.636,-12.727,25.0,,不適用,0.0,0.0,689,inf,250.0,official_prepanel,small,23.0,0,可交易（DK_s＝0）,未扣成本（成本參考：2.8 折來回約 0.38%、全額約 0.585%）；交易方法狀態未知（全額交割、變更交易方法、停止信用交易的來源未提供）；容量以 s 日 vol20 估計，未模擬開盤競價量與滑價；不可交易，僅觀察,未扣成本·事後欄位以 m_ 標示·非投資建議
SEL,2,2025-05-23,2025-05-26,2719,燦星旅,TPEx,W,W_atr14@3,2,577,0.078638,,0,0,1,-4.995,-11.03,-6.139,679.05,,不適用,0.0,1.0,690,inf,250.0,official_prepanel,small,452.0,0,可交易（DK_s＝0）,未扣成本（成本參考：2.8 折來回約 0.38%、全額約 0.585%）；交易方法狀態未知（全額交割、變更交易方法、停止信用交易的來源未提供）；容量以 s 日 vol20 估計，未模擬開盤競價量與滑價；不可交易，僅觀察,未扣成本·事後欄位以 m_ 標示·非投資建議
SEL,2,2025-05-23,2025-05-26,8093,保銳,TPEx,W,W_atr14@3,3,577,0.0765,,0,0,1,-1.156,9.827,4.624,240.3,,不適用,0.0,0.0,690,inf,250.0,official_prepanel,small,126.0,0,可交易（DK_s＝0）,未扣成本（成本參考：2.8 折來回約 0.38%、全額約 0.585%）；交易方法狀態未知（全額交割、變更交易方法、停止信用交易的來源未提供）；容量以 s 日 vol20 估計，未模擬開盤競價量與滑價；不可交易，僅觀察,未扣成本·事後欄位以 m_ 標示·非投資建議
SEL,2,2025-05-23,2025-05-26,8291,尚茂,TPEx,W,W_atr14@3,1,577,0.086466,,0,0,1,-1.186,-10.474,-5.336,23.9,,不適用,0.0,0.0,690,inf,250.0,official_prepanel,small,39.0,0,可交易（DK_s＝0）,未扣成本（成本參考：2.8 折來回約 0.38%、全額約 0.585%）；交易方法狀態未知（全額交割、變更交易方法、停止信用交易的來源未提供）；容量以 s 日 vol20 估計，未模擬開盤競價量與滑價；不可交易，僅觀察,未扣成本·事後欄位以 m_ 標示·非投資建議
SEL,2,2025-05-26,2025-05-27,2719,燦星旅,TPEx,W,W_atr14@3,2,578,0.083555,,0,0,1,1.752,-7.338,-1.533,700.0,,不適用,0.0,1.0,691,inf,250.0,official_prepanel,small,240.0,0,可交易（DK_s＝0）,未扣成本（成本參考：2.8 折來回約 0.38%、全額約 0.585%）；交易方法狀態未知（全額交割、變更交易方法、停止信用交易的來源未提供）；容量以 s 日 vol20 估計，未模擬開盤競價量與滑價；不可交易，僅觀察,未扣成本·事後欄位以 m_ 標示·非投資建議
SEL,2,2025-05-26,2025-05-27,8093,保銳,TPEx,W,W_atr14@3,3,578,0.075188,,0,0,1,-2.299,10.345,5.747,245.05,,不適用,0.0,0.0,691,inf,250.0,official_prepanel,small,221.0,0,可交易（DK_s＝0）,未扣成本（成本參考：2.8 折來回約 0.38%、全額約 0.585%）；交易方法狀態未知（全額交割、變更交易方法、停止信用交易的來源未提供）；容量以 s 日 vol20 估計，未模擬開盤競價量與滑價；不可交易，僅觀察,未扣成本·事後欄位以 m_ 標示·非投資建議
SEL,2,2025-05-26,2025-05-27,8291,尚茂,TPEx,W,W_atr14@3,1,578,0.090714,,0,0,1,7.066,1.071,2.141,20.8,,不適用,0.0,0.0,691,inf,250.0,official_prepanel,small,7.0,0,可交易（DK_s＝0）,未扣成本（成本參考：2.8 折來回約 0.38%、全額約 0.585%）；交易方法狀態未知（全額交割、變更交易方法、停止信用交易的來源未提供）；容量以 s 日 vol20 估計，未模擬開盤競價量與滑價；不可交易，僅觀察,未扣成本·事後欄位以 m_ 標示·非投資建議
SEL,2,2025-05-27,2025-05-28,2719,燦星旅,TPEx,W,W_atr14@3,2,594,0.079117,,0,0,1,-0.973,-8.541,-3.459,709.35,,不適用,0.0,1.0,692,inf,250.0,official_prepanel,small,324.0,0,可交易（DK_s＝0）,未扣成本（成本參考：2.8 折來回約 0.38%、全額約 0.585%）；交易方法狀態未知（全額交割、變更交易方法、停止信用交易的來源未提供）；容量以 s 日 vol20 估計，未模擬開盤競價量與滑價；不可交易，僅觀察,未扣成本·事後欄位以 m_ 標示·非投資建議
SEL,2,2025-05-27,2025-05-28,8093,保銳,TPEx,W,W_atr14@3,3,594,0.077941,,0,0,1,5.65,6.215,-4.52,254.35,,不適用,0.0,0.0,692,inf,250.0,official_prepanel,small,949.0,0,可交易（DK_s＝0）,未扣成本（成本參考：2.8 折來回約 0.38%、全額約 0.585%）；交易方法狀態未知（全額交割、變更交易方法、停止信用交易的來源未提供）；容量以 s 日 vol20 估計，未模擬開盤競價量與滑價；不可交易，僅觀察,未扣成本·事後欄位以 m_ 標示·非投資建議
SEL,2,2025-05-27,2025-05-28,8291,尚茂,TPEx,W,W_atr14@3,1,594,0.087571,,0,0,1,0.0,,,16.95,,不適用,0.0,0.0,692,inf,250.0,official_prepanel,small,7.0,0,可交易（DK_s＝0）,未扣成本（成本參考：2.8 折來回約 0.38%、全額約 0.585%）；交易方法狀態未知（全額交割、變更交易方法、停止信用交易的來源未提供）；容量以 s 日 vol20 估計，未模擬開盤競價量與滑價；不可交易，僅觀察,未扣成本·事後欄位以 m_ 標示·非投資建議
SEL,2,2025-05-28,2025-05-29,1235,興泰,TWSE,W,W_atr14@3,1,584,0.081779,,0,0,1,-0.154,-2.0,2.923,36.0,,不適用,0.0,0.0,693,inf,250.0,official_prepanel,mid,210.0,0,可交易（DK_s＝0）,未扣成本（成本參考：2.8 折來回約 0.38%、全額約 0.585%）；交易方法狀態未知（全額交割、變更交易方法、停止信用交易的來源未提供）；容量以 s 日 vol20 估計，未模擬開盤競價量與滑價；不可交易，僅觀察,未扣成本·事後欄位以 m_ 標示·非投資建議
SEL,2,2025-05-28,2025-05-29,2719,燦星旅,TPEx,W,W_atr14@3,3,584,0.07907,,0,0,1,-2.265,-10.248,-2.913,724.05,,不適用,0.0,1.0,693,inf,250.0,official_prepanel,small,86.0,0,可交易（DK_s＝0）,未扣成本（成本參考：2.8 折來回約 0.38%、全額約 0.585%）；交易方法狀態未知（全額交割、變更交易方法、停止信用交易的來源未提供）；容量以 s 日 vol20 估計，未模擬開盤競價量與滑價；不可交易，僅觀察,未扣成本·事後欄位以 m_ 標示·非投資建議
SEL,2,2025-05-28,2025-05-29,8291,尚茂,TPEx,W,W_atr14@3,2,584,0.079676,,0,0,1,1.931,10.515,2.361,14.55,,不適用,0.0,0.0,693,inf,250.0,official_prepanel,small,8.0,0,可交易（DK_s＝0）,未扣成本（成本參考：2.8 折來回約 0.38%、全額約 0.585%）；交易方法狀態未知（全額交割、變更交易方法、停止信用交易的來源未提供）；容量以 s 日 vol20 估計，未模擬開盤競價量與滑價；不可交易，僅觀察,未扣成本·事後欄位以 m_ 標示·非投資建議
SEL,2,2025-05-29,2025-06-02,1235,興泰,TWSE,W,W_atr14@3,1,593,0.089698,,0,0,1,-6.135,-3.374,4.601,46.84,,不適用,0.0,1.0,694,inf,250.0,official_prepanel,mid,123.0,0,可交易（DK_s＝0）,未扣成本（成本參考：2.8 折來回約 0.38%、全額約 0.585%）；交易方法狀態未知（全額交割、變更交易方法、停止信用交易的來源未提供）；容量以 s 日 vol20 估計，未模擬開盤競價量與滑價；不可交易，僅觀察,未扣成本·事後欄位以 m_ 標示·非投資建議
SEL,2,2025-05-29,2025-06-02,2719,燦星旅,TPEx,W,W_atr14@3,3,593,0.073873,,0,0,1,-5.316,-9.192,-1.883,725.45,,不適用,0.0,1.0,694,inf,250.0,official_prepanel,small,149.0,0,可交易（DK_s＝0）,未扣成本（成本參考：2.8 折來回約 0.38%、全額約 0.585%）；交易方法狀態未知（全額交割、變更交易方法、停止信用交易的來源未提供）；容量以 s 日 vol20 估計，未模擬開盤競價量與滑價；不可交易，僅觀察,未扣成本·事後欄位以 m_ 標示·非投資建議
SEL,2,2025-05-29,2025-06-02,8291,尚茂,TPEx,W,W_atr14@3,2,593,0.078647,,0,0,1,0.0,5.96,,13.35,,不適用,0.0,0.0,694,inf,250.0,official_prepanel,small,2.0,0,可交易（DK_s＝0）,未扣成本（成本參考：2.8 折來回約 0.38%、全額約 0.585%）；交易方法狀態未知（全額交割、變更交易方法、停止信用交易的來源未提供）；容量以 s 日 vol20 估計，未模擬開盤競價量與滑價；不可交易，僅觀察,未扣成本·事後欄位以 m_ 標示·非投資建議
SEL,2,2025-06-02,2025-06-03,1235,興泰,TWSE,W,W_atr14@3,1,592,0.095588,,0,0,1,0.163,3.105,11.111,53.16,,不適用,0.0,2.0,695,inf,250.0,official_prepanel,mid,35.0,1,可交易（DK_s＝0）,未扣成本（成本參考：2.8 折來回約 0.38%、全額約 0.585%）；交易方法狀態未知（全額交割、變更交易方法、停止信用交易的來源未提供）；容量以 s 日 vol20 估計，未模擬開盤競價量與滑價；不可交易，僅觀察,未扣成本·事後欄位以 m_ 標示·非投資建議
SEL,2,2025-06-02,2025-06-03,6225,天瀚,TWSE,W,W_atr14@3,3,592,0.076596,,0,0,1,4.661,-4.661,-3.814,24.35,,不適用,0.0,0.0,695,inf,250.0,official_prepanel,small,62.0,0,可交易（DK_s＝0）,未扣成本（成本參考：2.8 折來回約 0.38%、全額約 0.585%）；交易方法狀態未知（全額交割、變更交易方法、停止信用交易的來源未提供）；容量以 s 日 vol20 估計，未模擬開盤競價量與滑價；不可交易，僅觀察,未扣成本·事後欄位以 m_ 標示·非投資建議
SEL,2,2025-06-02,2025-06-03,8291,尚茂,TPEx,W,W_atr14@3,2,592,0.080889,,0,0,1,4.194,5.74,1.545,12.85,,不適用,0.0,0.0,695,inf,250.0,official_prepanel,small,2.0,0,可交易（DK_s＝0）,未扣成本（成本參考：2.8 折來回約 0.38%、全額約 0.585%）；交易方法狀態未知（全額交割、變更交易方法、停止信用交易的來源未提供）；容量以 s 日 vol20 估計，未模擬開盤競價量與滑價；不可交易，僅觀察,未扣成本·事後欄位以 m_ 標示·非投資建議
SEL,2,2025-06-03,2025-06-04,1235,興泰,TWSE,W,W_atr14@3,1,612,0.0945,,0,0,1,1.958,5.22,10.604,54.58,,不適用,1.0,3.0,696,inf,250.0,official_prepanel,mid,28.0,1,處置中・交易規則另案登錄（DK_s＝1）,未扣成本（成本參考：2.8 折來回約 0.38%、全額約 0.585%）；交易方法狀態未知（全額交割、變更交易方法、停止信用交易的來源未提供）；容量以 s 日 vol20 估計，未模擬開盤競價量與滑價；不可交易，僅觀察,未扣成本·事後欄位以 m_ 標示·非投資建議
SEL,2,2025-06-03,2025-06-04,2719,燦星旅,TPEx,W,W_atr14@3,3,612,0.073961,,0,0,1,-0.821,5.393,-1.055,727.25,,不適用,0.0,0.0,696,inf,250.0,official_prepanel,small,62.0,0,可交易（DK_s＝0）,未扣成本（成本參考：2.8 折來回約 0.38%、全額約 0.585%）；交易方法狀態未知（全額交割、變更交易方法、停止信用交易的來源未提供）；容量以 s 日 vol20 估計，未模擬開盤競價量與滑價；不可交易，僅觀察,未扣成本·事後欄位以 m_ 標示·非投資建議
SEL,2,2025-06-03,2025-06-04,8291,尚茂,TPEx,W,W_atr14@3,2,612,0.074909,,0,0,0,,,,12.7,,不適用,0.0,0.0,696,inf,250.0,official_prepanel,small,,0,可交易（DK_s＝0）,未扣成本（成本參考：2.8 折來回約 0.38%、全額約 0.585%）；交易方法狀態未知（全額交割、變更交易方法、停止信用交易的來源未提供）；容量以 s 日 vol20 估計，未模擬開盤競價量與滑價；不可交易，僅觀察,未扣成本·事後欄位以 m_ 標示·非投資建議
SEL,2,2025-06-04,2025-06-05,1235,興泰,TWSE,W,W_atr14@3,1,613,0.083771,,0,0,1,0.951,5.864,10.46,55.26,,不適用,1.0,4.0,697,inf,250.0,official_prepanel,mid,17.0,1,處置中・交易規則另案登錄（DK_s＝1）,未扣成本（成本參考：2.8 折來回約 0.38%、全額約 0.585%）；交易方法狀態未知（全額交割、變更交易方法、停止信用交易的來源未提供）；容量以 s 日 vol20 估計，未模擬開盤競價量與滑價；不可交易，僅觀察,未扣成本·事後欄位以 m_ 標示·非投資建議
SEL,2,2025-06-04,2025-06-05,2719,燦星旅,TPEx,W,W_atr14@3,3,613,0.070584,,0,0,1,-1.188,6.057,0.238,714.6,,不適用,0.0,0.0,697,inf,250.0,official_prepanel,small,40.0,0,可交易（DK_s＝0）,未扣成本（成本參考：2.8 折來回約 0.38%、全額約 0.585%）；交易方法狀態未知（全額交割、變更交易方法、停止信用交易的來源未提供）；容量以 s 日 vol20 估計，未模擬開盤競價量與滑價；不可交易，僅觀察,未扣成本·事後欄位以 m_ 標示·非投資建議
SEL,2,2025-06-04,2025-06-05,6225,天瀚,TWSE,W,W_atr14@3,2,613,0.072571,,0,0,1,-6.693,-11.417,-9.449,27.6,,不適用,0.0,0.0,697,inf,250.0,official_prepanel,small,85.0,0,可交易（DK_s＝0）,未扣成本（成本參考：2.8 折來回約 0.38%、全額約 0.585%）；交易方法狀態未知（全額交割、變更交易方法、停止信用交易的來源未提供）；容量以 s 日 vol20 估計，未模擬開盤競價量與滑價；不可交易，僅觀察,未扣成本·事後欄位以 m_ 標示·非投資建議
SEL,2,2025-06-05,2025-06-06,1235,興泰,TWSE,W,W_atr14@3,1,610,0.078493,,0,0,1,-1.099,5.024,4.867,54.42,,不適用,1.0,4.0,698,inf,250.0,official_prepanel,mid,18.0,1,處置中・交易規則另案登錄（DK_s＝1）,未扣成本（成本參考：2.8 折來回約 0.38%、全額約 0.585%）；交易方法狀態未知（全額交割、變更交易方法、停止信用交易的來源未提供）；容量以 s 日 vol20 估計，未模擬開盤競價量與滑價；不可交易，僅觀察,未扣成本·事後欄位以 m_ 標示·非投資建議
SEL,2,2025-06-05,2025-06-06,2719,燦星旅,TPEx,W,W_atr14@3,3,610,0.066106,,0,0,1,-1.442,8.173,-1.562,690.15,,不適用,0.0,0.0,698,inf,250.0,official_prepanel,small,60.0,0,可交易（DK_s＝0）,未扣成本（成本參考：2.8 折來回約 0.38%、全額約 0.585%）；交易方法狀態未知（全額交割、變更交易方法、停止信用交易的來源未提供）；容量以 s 日 vol20 估計，未模擬開盤競價量與滑價；不可交易，僅觀察,未扣成本·事後欄位以 m_ 標示·非投資建議
SEL,2,2025-06-05,2025-06-06,6225,天瀚,TWSE,W,W_atr14@3,2,610,0.074744,,0,0,1,-6.122,-4.898,-5.714,31.55,,不適用,0.0,0.0,698,inf,250.0,official_prepanel,small,40.0,0,可交易（DK_s＝0）,未扣成本（成本參考：2.8 折來回約 0.38%、全額約 0.585%）；交易方法狀態未知（全額交割、變更交易方法、停止信用交易的來源未提供）；容量以 s 日 vol20 估計，未模擬開盤競價量與滑價；不可交易，僅觀察,未扣成本·事後欄位以 m_ 標示·非投資建議
SEL,2,2025-06-06,2025-06-09,1235,興泰,TWSE,W,W_atr14@3,3,607,0.07619,,0,0,1,-0.158,7.911,5.38,52.6,,不適用,1.0,3.0,699,inf,250.0,official_prepanel,mid,7.0,1,處置中・交易規則另案登錄（DK_s＝1）,未扣成本（成本參考：2.8 折來回約 0.38%、全額約 0.585%）；交易方法狀態未知（全額交割、變更交易方法、停止信用交易的來源未提供）；容量以 s 日 vol20 估計，未模擬開盤競價量與滑價；不可交易，僅觀察,未扣成本·事後欄位以 m_ 標示·非投資建議
SEL,2,2025-06-06,2025-06-09,4946,辣椒,TPEx,W,W_atr14@3,1,607,0.086994,,0,0,1,3.865,-10.87,-19.324,292.1,,不適用,1.0,2.0,699,inf,250.0,official_prepanel,small,77.0,1,處置中・交易規則另案登錄（DK_s＝1）,未扣成本（成本參考：2.8 折來回約 0.38%、全額約 0.585%）；交易方法狀態未知（全額交割、變更交易方法、停止信用交易的來源未提供）；容量以 s 日 vol20 估計，未模擬開盤競價量與滑價；不可交易，僅觀察,未扣成本·事後欄位以 m_ 標示·非投資建議
SEL,2,2025-06-06,2025-06-09,6225,天瀚,TWSE,W,W_atr14@3,2,607,0.076398,,0,0,1,1.351,8.559,5.856,32.95,,不適用,0.0,0.0,699,inf,250.0,official_prepanel,small,30.0,0,可交易（DK_s＝0）,未扣成本（成本參考：2.8 折來回約 0.38%、全額約 0.585%）；交易方法狀態未知（全額交割、變更交易方法、停止信用交易的來源未提供）；容量以 s 日 vol20 估計，未模擬開盤競價量與滑價；不可交易，僅觀察,未扣成本·事後欄位以 m_ 標示·非投資建議
SEL,2,2025-06-09,2025-06-10,1235,興泰,TWSE,W,W_atr14@3,3,605,0.073919,,0,0,1,2.219,7.765,-0.951,52.6,,不適用,1.0,2.0,700,inf,250.0,official_prepanel,mid,18.0,1,處置中・交易規則另案登錄（DK_s＝1）,未扣成本（成本參考：2.8 折來回約 0.38%、全額約 0.585%）；交易方法狀態未知（全額交割、變更交易方法、停止信用交易的來源未提供）；容量以 s 日 vol20 估計，未模擬開盤競價量與滑價；不可交易，僅觀察,未扣成本·事後欄位以 m_ 標示·非投資建議
SEL,2,2025-06-09,2025-06-10,2424,隴華,TWSE,W,W_atr14@3,1,605,0.083723,,0,0,1,3.152,10.061,20.364,91.1,,不適用,0.0,0.0,700,inf,250.0,official_prepanel,small,43.0,0,可交易（DK_s＝0）,未扣成本（成本參考：2.8 折來回約 0.38%、全額約 0.585%）；交易方法狀態未知（全額交割、變更交易方法、停止信用交易的來源未提供）；容量以 s 日 vol20 估計，未模擬開盤競價量與滑價；不可交易，僅觀察,未扣成本·事後欄位以 m_ 標示·非投資建議
SEL,2,2025-06-09,2025-06-10,6225,天瀚,TWSE,W,W_atr14@3,2,605,0.07746,,0,0,1,3.67,4.128,2.294,32.35,,不適用,0.0,0.0,700,inf,250.0,official_prepanel,small,38.0,0,可交易（DK_s＝0）,未扣成本（成本參考：2.8 折來回約 0.38%、全額約 0.585%）；交易方法狀態未知（全額交割、變更交易方法、停止信用交易的來源未提供）；容量以 s 日 vol20 估計，未模擬開盤競價量與滑價；不可交易，僅觀察,未扣成本·事後欄位以 m_ 標示·非投資建議
SEL,2,2025-06-10,2025-06-11,2424,隴華,TWSE,W,W_atr14@3,2,626,0.077304,,0,0,1,-0.587,5.282,10.915,85.5,,不適用,0.0,0.0,701,inf,250.0,official_prepanel,small,23.0,0,可交易（DK_s＝0）,未扣成本（成本參考：2.8 折來回約 0.38%、全額約 0.585%）；交易方法狀態未知（全額交割、變更交易方法、停止信用交易的來源未提供）；容量以 s 日 vol20 估計，未模擬開盤競價量與滑價；不可交易，僅觀察,未扣成本·事後欄位以 m_ 標示·非投資建議
SEL,2,2025-06-10,2025-06-11,6225,天瀚,TWSE,W,W_atr14@3,1,626,0.078382,,0,0,1,-3.433,-2.146,-3.433,33.8,,不適用,0.0,0.0,701,inf,250.0,official_prepanel,small,39.0,0,可交易（DK_s＝0）,未扣成本（成本參考：2.8 折來回約 0.38%、全額約 0.585%）；交易方法狀態未知（全額交割、變更交易方法、停止信用交易的來源未提供）；容量以 s 日 vol20 估計，未模擬開盤競價量與滑價；不可交易，僅觀察,未扣成本·事後欄位以 m_ 標示·非投資建議
SEL,2,2025-06-10,2025-06-11,6498,久禾光,TPEx,W,W_atr14@3,3,626,0.073379,,0,0,1,0.0,-9.375,-7.451,948.93,,不適用,0.0,0.0,15,15.0,15.0,official,small,1046.0,0,可交易（DK_s＝0）,未扣成本（成本參考：2.8 折來回約 0.38%、全額約 0.585%）；交易方法狀態未知（全額交割、變更交易方法、停止信用交易的來源未提供）；容量以 s 日 vol20 估計，未模擬開盤競價量與滑價；不可交易，僅觀察,未扣成本·事後欄位以 m_ 標示·非投資建議
SEL,2,2025-06-11,2025-06-12,6225,天瀚,TWSE,W,W_atr14@3,2,630,0.080317,,0,0,1,3.556,2.222,0.0,33.7,,不適用,0.0,0.0,702,inf,250.0,official_prepanel,small,56.0,0,可交易（DK_s＝0）,未扣成本（成本參考：2.8 折來回約 0.38%、全額約 0.585%）；交易方法狀態未知（全額交割、變更交易方法、停止信用交易的來源未提供）；容量以 s 日 vol20 估計，未模擬開盤競價量與滑價；不可交易，僅觀察,未扣成本·事後欄位以 m_ 標示·非投資建議
SEL,2,2025-06-11,2025-06-12,6498,久禾光,TPEx,W,W_atr14@3,3,630,0.078125,,0,0,1,2.016,2.419,2.535,955.0,,不適用,0.0,0.0,16,16.0,16.0,official,small,506.0,0,可交易（DK_s＝0）,未扣成本（成本參考：2.8 折來回約 0.38%、全額約 0.585%）；交易方法狀態未知（全額交割、變更交易方法、停止信用交易的來源未提供）；容量以 s 日 vol20 估計，未模擬開盤競價量與滑價；不可交易，僅觀察,未扣成本·事後欄位以 m_ 標示·非投資建議
SEL,2,2025-06-11,2025-06-12,6574,霈方,TPEx,W,W_atr14@3,1,630,0.085459,,0,0,1,9.518,4.217,8.795,74.89,,不適用,1.0,0.0,702,inf,250.0,official_prepanel,small,81.0,1,處置中・交易規則另案登錄（DK_s＝1）,未扣成本（成本參考：2.8 折來回約 0.38%、全額約 0.585%）；交易方法狀態未知（全額交割、變更交易方法、停止信用交易的來源未提供）；容量以 s 日 vol20 估計，未模擬開盤競價量與滑價；不可交易，僅觀察,未扣成本·事後欄位以 m_ 標示·非投資建議
SEL,2,2025-06-12,2025-06-13,6225,天瀚,TWSE,W,W_atr14@3,3,627,0.078479,,0,0,1,0.0,-4.149,-6.224,34.5,,不適用,0.0,0.0,703,inf,250.0,official_prepanel,small,15.0,0,可交易（DK_s＝0）,未扣成本（成本參考：2.8 折來回約 0.38%、全額約 0.585%）；交易方法狀態未知（全額交割、變更交易方法、停止信用交易的來源未提供）；容量以 s 日 vol20 估計，未模擬開盤競價量與滑價；不可交易，僅觀察,未扣成本·事後欄位以 m_ 標示·非投資建議
SEL,2,2025-06-12,2025-06-13,6498,久禾光,TPEx,W,W_atr14@3,2,627,0.078713,,0,0,1,-0.813,0.877,-1.198,928.59,,不適用,0.0,0.0,17,17.0,17.0,official,small,387.0,0,可交易（DK_s＝0）,未扣成本（成本參考：2.8 折來回約 0.38%、全額約 0.585%）；交易方法狀態未知（全額交割、變更交易方法、停止信用交易的來源未提供）；容量以 s 日 vol20 估計，未模擬開盤競價量與滑價；不可交易，僅觀察,未扣成本·事後欄位以 m_ 標示·非投資建議
SEL,2,2025-06-12,2025-06-13,6574,霈方,TPEx,W,W_atr14@3,1,627,0.082744,,0,0,1,5.758,-1.998,1.998,78.83,,不適用,1.0,0.0,703,inf,250.0,official_prepanel,small,55.0,1,處置中・交易規則另案登錄（DK_s＝1）,未扣成本（成本參考：2.8 折來回約 0.38%、全額約 0.585%）；交易方法狀態未知（全額交割、變更交易方法、停止信用交易的來源未提供）；容量以 s 日 vol20 估計，未模擬開盤競價量與滑價；不可交易，僅觀察,未扣成本·事後欄位以 m_ 標示·非投資建議
SEL,2,2025-06-13,2025-06-16,6225,天瀚,TWSE,W,W_atr14@3,3,622,0.074985,,0,0,1,-8.835,-5.622,-8.434,33.75,,不適用,0.0,0.0,704,inf,250.0,official_prepanel,small,10.0,0,可交易（DK_s＝0）,未扣成本（成本參考：2.8 折來回約 0.38%、全額約 0.585%）；交易方法狀態未知（全額交割、變更交易方法、停止信用交易的來源未提供）；容量以 s 日 vol20 估計，未模擬開盤競價量與滑價；不可交易，僅觀察,未扣成本·事後欄位以 m_ 標示·非投資建議
SEL,2,2025-06-13,2025-06-16,6498,久禾光,TPEx,W,W_atr14@3,2,622,0.076698,,0,0,1,-2.101,0.836,7.701,898.5,,不適用,0.0,0.0,18,18.0,18.0,official,small,372.0,0,可交易（DK_s＝0）,未扣成本（成本參考：2.8 折來回約 0.38%、全額約 0.585%）；交易方法狀態未知（全額交割、變更交易方法、停止信用交易的來源未提供）；容量以 s 日 vol20 估計，未模擬開盤競價量與滑價；不可交易，僅觀察,未扣成本·事後欄位以 m_ 標示·非投資建議
SEL,2,2025-06-13,2025-06-16,6574,霈方,TPEx,W,W_atr14@3,1,622,0.084365,,0,0,1,-5.667,1.889,-7.556,81.67,,不適用,1.0,0.0,704,inf,250.0,official_prepanel,small,70.0,0,處置中・交易規則另案登錄（DK_s＝1）,未扣成本（成本參考：2.8 折來回約 0.38%、全額約 0.585%）；交易方法狀態未知（全額交割、變更交易方法、停止信用交易的來源未提供）；容量以 s 日 vol20 估計，未模擬開盤競價量與滑價；不可交易，僅觀察,未扣成本·事後欄位以 m_ 標示·非投資建議
SEL,2,2025-06-16,2025-06-17,6225,天瀚,TWSE,W,W_atr14@3,2,637,0.081183,,0,0,1,4.587,2.294,6.422,33.15,,不適用,0.0,0.0,705,inf,250.0,official_prepanel,small,15.0,0,可交易（DK_s＝0）,未扣成本（成本參考：2.8 折來回約 0.38%、全額約 0.585%）；交易方法狀態未知（全額交割、變更交易方法、停止信用交易的來源未提供）；容量以 s 日 vol20 估計，未模擬開盤競價量與滑價；不可交易，僅觀察,未扣成本·事後欄位以 m_ 標示·非投資建議
SEL,2,2025-06-16,2025-06-17,6498,久禾光,TPEx,W,W_atr14@3,3,637,0.080319,,0,0,1,-1.277,-0.919,2.992,870.79,,不適用,0.0,0.0,19,19.0,19.0,official,small,279.0,0,可交易（DK_s＝0）,未扣成本（成本參考：2.8 折來回約 0.38%、全額約 0.585%）；交易方法狀態未知（全額交割、變更交易方法、停止信用交易的來源未提供）；容量以 s 日 vol20 估計，未模擬開盤競價量與滑價；不可交易，僅觀察,未扣成本·事後欄位以 m_ 標示·非投資建議
SEL,2,2025-06-16,2025-06-17,6574,霈方,TPEx,W,W_atr14@3,1,637,0.089854,,0,0,1,9.622,22.412,2.558,84.89,,不適用,0.0,0.0,705,inf,250.0,official_prepanel,small,78.0,0,可交易（DK_s＝0）,未扣成本（成本參考：2.8 折來回約 0.38%、全額約 0.585%）；交易方法狀態未知（全額交割、變更交易方法、停止信用交易的來源未提供）；容量以 s 日 vol20 估計，未模擬開盤競價量與滑價；不可交易，僅觀察,未扣成本·事後欄位以 m_ 標示·非投資建議
SEL,2,2025-06-17,2025-06-18,1295,生合,TPEx,W,W_atr14@3,2,649,0.079956,,0,0,1,5.911,32.512,29.557,1730.87,,不適用,0.0,0.0,15,15.0,15.0,official,small,2110.0,0,可交易（DK_s＝0）,未扣成本（成本參考：2.8 折來回約 0.38%、全額約 0.585%）；交易方法狀態未知（全額交割、變更交易方法、停止信用交易的來源未提供）；容量以 s 日 vol20 估計，未模擬開盤競價量與滑價；不可交易，僅觀察,未扣成本·事後欄位以 m_ 標示·非投資建議
SEL,2,2025-06-17,2025-06-18,6498,久禾光,TPEx,W,W_atr14@3,3,649,0.07851,,0,0,1,7.627,0.392,2.556,841.2,,不適用,0.0,0.0,20,20.0,20.0,official,small,840.0,0,可交易（DK_s＝0）,未扣成本（成本參考：2.8 折來回約 0.38%、全額約 0.585%）；交易方法狀態未知（全額交割、變更交易方法、停止信用交易的來源未提供）；容量以 s 日 vol20 估計，未模擬開盤競價量與滑價；不可交易，僅觀察,未扣成本·事後欄位以 m_ 標示·非投資建議
SEL,2,2025-06-17,2025-06-18,6574,霈方,TPEx,W,W_atr14@3,1,649,0.08619,,0,0,1,-3.889,5.444,-8.333,84.53,,不適用,0.0,0.0,706,inf,250.0,official_prepanel,small,47.0,0,可交易（DK_s＝0）,未扣成本（成本參考：2.8 折來回約 0.38%、全額約 0.585%）；交易方法狀態未知（全額交割、變更交易方法、停止信用交易的來源未提供）；容量以 s 日 vol20 估計，未模擬開盤競價量與滑價；不可交易，僅觀察,未扣成本·事後欄位以 m_ 標示·非投資建議
SEL,2,2025-06-18,2025-06-19,6225,天瀚,TWSE,W,W_atr14@3,2,647,0.076087,,0,0,1,3.587,0.897,13.004,34.55,,不適用,0.0,0.0,707,inf,250.0,official_prepanel,small,16.0,0,可交易（DK_s＝0）,未扣成本（成本參考：2.8 折來回約 0.38%、全額約 0.585%）；交易方法狀態未知（全額交割、變更交易方法、停止信用交易的來源未提供）；容量以 s 日 vol20 估計，未模擬開盤競價量與滑價；不可交易，僅觀察,未扣成本·事後欄位以 m_ 標示·非投資建議
SEL,2,2025-06-18,2025-06-19,6498,久禾光,TPEx,W,W_atr14@3,3,647,0.072835,,0,0,1,-2.41,0.0,-5.221,810.15,,不適用,0.0,0.0,21,21.0,21.0,official,small,536.0,0,可交易（DK_s＝0）,未扣成本（成本參考：2.8 折來回約 0.38%、全額約 0.585%）；交易方法狀態未知（全額交割、變更交易方法、停止信用交易的來源未提供）；容量以 s 日 vol20 估計，未模擬開盤競價量與滑價；不可交易，僅觀察,未扣成本·事後欄位以 m_ 標示·非投資建議
SEL,2,2025-06-18,2025-06-19,6574,霈方,TPEx,W,W_atr14@3,1,647,0.088357,,0,0,1,-1.882,6.235,-1.765,82.65,,不適用,0.0,0.0,707,inf,250.0,official_prepanel,small,46.0,0,可交易（DK_s＝0）,未扣成本（成本參考：2.8 折來回約 0.38%、全額約 0.585%）；交易方法狀態未知（全額交割、變更交易方法、停止信用交易的來源未提供）；容量以 s 日 vol20 估計，未模擬開盤競價量與滑價；不可交易，僅觀察,未扣成本·事後欄位以 m_ 標示·非投資建議
SEL,2,2025-06-19,2025-06-20,6225,天瀚,TWSE,W,W_atr14@3,3,645,0.072665,,0,0,1,5.381,1.345,5.381,33.85,,不適用,0.0,0.0,708,inf,250.0,official_prepanel,small,10.0,0,可交易（DK_s＝0）,未扣成本（成本參考：2.8 折來回約 0.38%、全額約 0.585%）；交易方法狀態未知（全額交割、變更交易方法、停止信用交易的來源未提供）；容量以 s 日 vol20 估計，未模擬開盤競價量與滑價；不可交易，僅觀察,未扣成本·事後欄位以 m_ 標示·非投資建議
SEL,2,2025-06-19,2025-06-20,6574,霈方,TPEx,W,W_atr14@3,1,645,0.087787,,1,0,1,9.952,4.077,1.079,84.4,,不適用,0.0,0.0,708,inf,250.0,official_prepanel,small,117.0,0,可交易（DK_s＝0）,未扣成本（成本參考：2.8 折來回約 0.38%、全額約 0.585%）；交易方法狀態未知（全額交割、變更交易方法、停止信用交易的來源未提供）；容量以 s 日 vol20 估計，未模擬開盤競價量與滑價；不可交易，僅觀察,未扣成本·事後欄位以 m_ 標示·非投資建議
SEL,2,2025-06-19,2025-06-20,7642,昶瑞機電,TPEx,W,W_atr14@3,2,645,0.075191,,0,0,1,5.556,8.796,-0.926,651.9,,不適用,1.0,3.0,20,20.0,20.0,official,small,532.0,1,處置中・交易規則另案登錄（DK_s＝1）,未扣成本（成本參考：2.8 折來回約 0.38%、全額約 0.585%）；交易方法狀態未知（全額交割、變更交易方法、停止信用交易的來源未提供）；容量以 s 日 vol20 估計，未模擬開盤競價量與滑價；不可交易，僅觀察,未扣成本·事後欄位以 m_ 標示·非投資建議
SEL,2,2025-06-20,2025-06-23,1295,生合,TPEx,W,W_atr14@3,2,635,0.071121,,0,0,1,9.333,27.111,7.111,1849.61,,不適用,0.0,0.0,18,18.0,18.0,official,small,1927.0,0,可交易（DK_s＝0）,未扣成本（成本參考：2.8 折來回約 0.38%、全額約 0.585%）；交易方法狀態未知（全額交割、變更交易方法、停止信用交易的來源未提供）；容量以 s 日 vol20 估計，未模擬開盤競價量與滑價；不可交易，僅觀察,未扣成本·事後欄位以 m_ 標示·非投資建議
SEL,2,2025-06-20,2025-06-23,6225,天瀚,TWSE,W,W_atr14@3,3,635,0.070213,,0,0,1,-5.907,-3.797,-1.688,33.35,,不適用,0.0,0.0,709,inf,250.0,official_prepanel,small,9.0,0,可交易（DK_s＝0）,未扣成本（成本參考：2.8 折來回約 0.38%、全額約 0.585%）；交易方法狀態未知（全額交割、變更交易方法、停止信用交易的來源未提供）；容量以 s 日 vol20 估計，未模擬開盤競價量與滑價；不可交易，僅觀察,未扣成本·事後欄位以 m_ 標示·非投資建議
SEL,2,2025-06-20,2025-06-23,7642,昶瑞機電,TPEx,W,W_atr14@3,1,635,0.074311,,0,0,1,7.339,16.514,-8.716,620.65,,不適用,1.0,3.0,21,21.0,21.0,official,small,350.0,1,處置中・交易規則另案登錄（DK_s＝1）,未扣成本（成本參考：2.8 折來回約 0.38%、全額約 0.585%）；交易方法狀態未知（全額交割、變更交易方法、停止信用交易的來源未提供）；容量以 s 日 vol20 估計，未模擬開盤競價量與滑價；不可交易，僅觀察,未扣成本·事後欄位以 m_ 標示·非投資建議
SEL,2,2025-06-23,2025-06-24,6225,天瀚,TWSE,W,W_atr14@3,3,620,0.07335,,0,0,1,4.167,7.407,9.722,33.3,,不適用,0.0,0.0,710,inf,250.0,official_prepanel,small,17.0,0,可交易（DK_s＝0）,未扣成本（成本參考：2.8 折來回約 0.38%、全額約 0.585%）；交易方法狀態未知（全額交割、變更交易方法、停止信用交易的來源未提供）；容量以 s 日 vol20 估計，未模擬開盤競價量與滑價；不可交易，僅觀察,未扣成本·事後欄位以 m_ 標示·非投資建議
SEL,2,2025-06-23,2025-06-24,6925,意藍,TPEx,W,W_atr14@3,1,620,0.092564,,0,0,1,-3.047,-7.479,-8.033,1650.94,,不適用,0.0,0.0,18,18.0,18.0,official,small,1979.0,0,可交易（DK_s＝0）,未扣成本（成本參考：2.8 折來回約 0.38%、全額約 0.585%）；交易方法狀態未知（全額交割、變更交易方法、停止信用交易的來源未提供）；容量以 s 日 vol20 估計，未模擬開盤競價量與滑價；不可交易，僅觀察,未扣成本·事後欄位以 m_ 標示·非投資建議
SEL,2,2025-06-23,2025-06-24,7642,昶瑞機電,TPEx,W,W_atr14@3,2,620,0.075153,,0,0,1,0.0,8.974,-13.248,604.0,,不適用,1.0,2.0,22,22.0,22.0,official,small,460.0,1,處置中・交易規則另案登錄（DK_s＝1）,未扣成本（成本參考：2.8 折來回約 0.38%、全額約 0.585%）；交易方法狀態未知（全額交割、變更交易方法、停止信用交易的來源未提供）；容量以 s 日 vol20 估計，未模擬開盤競價量與滑價；不可交易，僅觀察,未扣成本·事後欄位以 m_ 標示·非投資建議
SEL,2,2025-06-24,2025-06-25,6574,霈方,TPEx,W,W_atr14@3,2,631,0.080461,,0,0,1,-2.903,-11.29,-20.968,135.0,,不適用,0.0,0.0,711,inf,250.0,official_prepanel,small,117.0,0,可交易（DK_s＝0）,未扣成本（成本參考：2.8 折來回約 0.38%、全額約 0.585%）；交易方法狀態未知（全額交割、變更交易方法、停止信用交易的來源未提供）；容量以 s 日 vol20 估計，未模擬開盤競價量與滑價；不可交易，僅觀察,未扣成本·事後欄位以 m_ 標示·非投資建議
SEL,2,2025-06-24,2025-06-25,6925,意藍,TPEx,W,W_atr14@3,1,631,0.095306,,0,0,1,0.593,5.638,2.671,1668.21,,不適用,0.0,1.0,19,19.0,19.0,official,small,1121.0,0,可交易（DK_s＝0）,未扣成本（成本參考：2.8 折來回約 0.38%、全額約 0.585%）；交易方法狀態未知（全額交割、變更交易方法、停止信用交易的來源未提供）；容量以 s 日 vol20 估計，未模擬開盤競價量與滑價；不可交易，僅觀察,未扣成本·事後欄位以 m_ 標示·非投資建議
SEL,2,2025-06-24,2025-06-25,7642,昶瑞機電,TPEx,W,W_atr14@3,3,631,0.07558,,0,0,1,0.851,6.809,-16.17,605.8,,不適用,1.0,1.0,23,23.0,23.0,official,small,210.0,1,處置中・交易規則另案登錄（DK_s＝1）,未扣成本（成本參考：2.8 折來回約 0.38%、全額約 0.585%）；交易方法狀態未知（全額交割、變更交易方法、停止信用交易的來源未提供）；容量以 s 日 vol20 估計，未模擬開盤競價量與滑價；不可交易，僅觀察,未扣成本·事後欄位以 m_ 標示·非投資建議
SEL,2,2025-06-25,2025-06-26,1295,生合,TPEx,W,W_atr14@3,3,634,0.080495,,0,0,1,3.968,2.381,3.175,1938.65,,不適用,0.0,1.0,21,21.0,21.0,official,small,1490.0,0,可交易（DK_s＝0）,未扣成本（成本參考：2.8 折來回約 0.38%、全額約 0.585%）；交易方法狀態未知（全額交割、變更交易方法、停止信用交易的來源未提供）；容量以 s 日 vol20 估計，未模擬開盤競價量與滑價；不可交易，僅觀察,未扣成本·事後欄位以 m_ 標示·非投資建議
SEL,2,2025-06-25,2025-06-26,6574,霈方,TPEx,W,W_atr14@3,2,634,0.082424,,0,0,1,-3.448,-7.119,-17.575,138.0,,不適用,0.0,0.0,712,inf,250.0,official_prepanel,small,80.0,0,可交易（DK_s＝0）,未扣成本（成本參考：2.8 折來回約 0.38%、全額約 0.585%）；交易方法狀態未知（全額交割、變更交易方法、停止信用交易的來源未提供）；容量以 s 日 vol20 估計，未模擬開盤競價量與滑價；不可交易，僅觀察,未扣成本·事後欄位以 m_ 標示·非投資建議
SEL,2,2025-06-25,2025-06-26,6925,意藍,TPEx,W,W_atr14@3,1,634,0.093342,,0,0,1,6.176,-0.588,-2.059,1640.85,,不適用,0.0,2.0,20,20.0,20.0,official,small,1511.0,0,可交易（DK_s＝0）,未扣成本（成本參考：2.8 折來回約 0.38%、全額約 0.585%）；交易方法狀態未知（全額交割、變更交易方法、停止信用交易的來源未提供）；容量以 s 日 vol20 估計，未模擬開盤競價量與滑價；不可交易，僅觀察,未扣成本·事後欄位以 m_ 標示·非投資建議
SEL,2,2025-06-26,2025-06-27,1295,生合,TPEx,W,W_atr14@3,3,638,0.079444,,0,0,1,7.519,-3.759,0.376,1950.85,,不適用,0.0,2.0,22,22.0,22.0,official,small,2290.0,0,可交易（DK_s＝0）,未扣成本（成本參考：2.8 折來回約 0.38%、全額約 0.585%）；交易方法狀態未知（全額交割、變更交易方法、停止信用交易的來源未提供）；容量以 s 日 vol20 估計，未模擬開盤競價量與滑價；不可交易，僅觀察,未扣成本·事後欄位以 m_ 標示·非投資建議
SEL,2,2025-06-26,2025-06-27,6574,霈方,TPEx,W,W_atr14@3,2,638,0.080727,,0,0,1,-4.147,-2.88,-14.631,137.4,,不適用,0.0,0.0,713,inf,250.0,official_prepanel,small,86.0,0,可交易（DK_s＝0）,未扣成本（成本參考：2.8 折來回約 0.38%、全額約 0.585%）；交易方法狀態未知（全額交割、變更交易方法、停止信用交易的來源未提供）；容量以 s 日 vol20 估計，未模擬開盤競價量與滑價；不可交易，僅觀察,未扣成本·事後欄位以 m_ 標示·非投資建議
SEL,2,2025-06-26,2025-06-27,6925,意藍,TPEx,W,W_atr14@3,1,638,0.085873,,0,0,1,-1.897,-9.485,-8.401,1625.6,,不適用,0.0,3.0,21,21.0,21.0,official,small,1596.0,0,可交易（DK_s＝0）,未扣成本（成本參考：2.8 折來回約 0.38%、全額約 0.585%）；交易方法狀態未知（全額交割、變更交易方法、停止信用交易的來源未提供）；容量以 s 日 vol20 估計，未模擬開盤競價量與滑價；不可交易，僅觀察,未扣成本·事後欄位以 m_ 標示·非投資建議
SEL,2,2025-06-27,2025-06-30,1295,生合,TPEx,W,W_atr14@3,3,632,0.073327,,0,0,1,0.357,-13.929,-6.429,1978.7,,不適用,0.0,2.0,23,23.0,23.0,official,small,1819.0,0,可交易（DK_s＝0）,未扣成本（成本參考：2.8 折來回約 0.38%、全額約 0.585%）；交易方法狀態未知（全額交割、變更交易方法、停止信用交易的來源未提供）；容量以 s 日 vol20 估計，未模擬開盤競價量與滑價；不可交易，僅觀察,未扣成本·事後欄位以 m_ 標示·非投資建議
SEL,2,2025-06-27,2025-06-30,6574,霈方,TPEx,W,W_atr14@3,2,632,0.084564,,0,0,1,1.08,-1.801,-8.163,132.15,,不適用,0.0,0.0,714,inf,250.0,official_prepanel,small,76.0,0,可交易（DK_s＝0）,未扣成本（成本參考：2.8 折來回約 0.38%、全額約 0.585%）；交易方法狀態未知（全額交割、變更交易方法、停止信用交易的來源未提供）；容量以 s 日 vol20 估計，未模擬開盤競價量與滑價；不可交易，僅觀察,未扣成本·事後欄位以 m_ 標示·非投資建議
SEL,2,2025-06-27,2025-06-30,6925,意藍,TPEx,W,W_atr14@3,1,632,0.0882,,0,0,1,-6.18,-10.393,-3.371,1578.2,,不適用,0.0,3.0,22,22.0,22.0,official,small,1141.0,0,可交易（DK_s＝0）,未扣成本（成本參考：2.8 折來回約 0.38%、全額約 0.585%）；交易方法狀態未知（全額交割、變更交易方法、停止信用交易的來源未提供）；容量以 s 日 vol20 估計，未模擬開盤競價量與滑價；不可交易，僅觀察,未扣成本·事後欄位以 m_ 標示·非投資建議
SEL,2,2025-06-30,2025-07-01,1295,生合,TPEx,W,W_atr14@3,3,633,0.07336,,0,0,1,-5.396,-11.151,-8.633,1958.45,,不適用,0.0,2.0,24,24.0,24.0,official,small,1628.0,0,可交易（DK_s＝0）,未扣成本（成本參考：2.8 折來回約 0.38%、全額約 0.585%）；交易方法狀態未知（全額交割、變更交易方法、停止信用交易的來源未提供）；容量以 s 日 vol20 估計，未模擬開盤競價量與滑價；不可交易，僅觀察,未扣成本·事後欄位以 m_ 標示·非投資建議
SEL,2,2025-06-30,2025-07-01,6574,霈方,TPEx,W,W_atr14@3,2,633,0.083644,,0,0,1,0.979,-7.466,-9.18,132.2,,不適用,0.0,0.0,715,inf,250.0,official_prepanel,small,25.0,0,可交易（DK_s＝0）,未扣成本（成本參考：2.8 折來回約 0.38%、全額約 0.585%）；交易方法狀態未知（全額交割、變更交易方法、停止信用交易的來源未提供）；容量以 s 日 vol20 估計，未模擬開盤競價量與滑價；不可交易，僅觀察,未扣成本·事後欄位以 m_ 標示·非投資建議
SEL,2,2025-06-30,2025-07-01,6925,意藍,TPEx,W,W_atr14@3,1,633,0.09645,,0,0,1,5.638,-1.484,-0.593,1534.0,,不適用,0.0,3.0,23,23.0,23.0,official,small,1482.0,0,可交易（DK_s＝0）,未扣成本（成本參考：2.8 折來回約 0.38%、全額約 0.585%）；交易方法狀態未知（全額交割、變更交易方法、停止信用交易的來源未提供）；容量以 s 日 vol20 估計，未模擬開盤競價量與滑價；不可交易，僅觀察,未扣成本·事後欄位以 m_ 標示·非投資建議
SEL,3,2025-07-01,2025-07-02,1295,生合,TPEx,W,W_atr14@3,3,635,0.078979,,0,0,1,0.389,-5.837,-4.28,1946.55,,不適用,0.0,2.0,25,25.0,25.0,official,small,1665.0,0,可交易（DK_s＝0）,未扣成本（成本參考：2.8 折來回約 0.38%、全額約 0.585%）；交易方法狀態未知（全額交割、變更交易方法、停止信用交易的來源未提供）；容量以 s 日 vol20 估計，未模擬開盤競價量與滑價；不可交易，僅觀察,未扣成本·事後欄位以 m_ 標示·非投資建議
SEL,3,2025-07-01,2025-07-02,6574,霈方,TPEx,W,W_atr14@3,2,635,0.079913,,0,0,1,1.212,-10.909,-9.455,131.6,,不適用,0.0,0.0,716,inf,250.0,official_prepanel,small,22.0,0,可交易（DK_s＝0）,未扣成本（成本參考：2.8 折來回約 0.38%、全額約 0.585%）；交易方法狀態未知（全額交割、變更交易方法、停止信用交易的來源未提供）；容量以 s 日 vol20 估計，未模擬開盤競價量與滑價；不可交易，僅觀察,未扣成本·事後欄位以 m_ 標示·非投資建議
SEL,3,2025-07-01,2025-07-02,6925,意藍,TPEx,W,W_atr14@3,1,635,0.091894,,0,0,1,-3.152,-0.86,-8.023,1551.9,,不適用,0.0,2.0,24,24.0,24.0,official,small,1014.0,0,可交易（DK_s＝0）,未扣成本（成本參考：2.8 折來回約 0.38%、全額約 0.585%）；交易方法狀態未知（全額交割、變更交易方法、停止信用交易的來源未提供）；容量以 s 日 vol20 估計，未模擬開盤競價量與滑價；不可交易，僅觀察,未扣成本·事後欄位以 m_ 標示·非投資建議
SEL,3,2025-07-02,2025-07-03,1295,生合,TPEx,W,W_atr14@3,2,626,0.079125,,0,0,1,-2.29,-0.763,-7.252,1965.55,,不適用,0.0,1.0,26,26.0,26.0,official,small,1584.0,0,可交易（DK_s＝0）,未扣成本（成本參考：2.8 折來回約 0.38%、全額約 0.585%）；交易方法狀態未知（全額交割、變更交易方法、停止信用交易的來源未提供）；容量以 s 日 vol20 估計，未模擬開盤競價量與滑價；不可交易，僅觀察,未扣成本·事後欄位以 m_ 標示·非投資建議
SEL,3,2025-07-02,2025-07-03,6925,意藍,TPEx,W,W_atr14@3,1,626,0.091293,,0,0,1,-3.188,-3.478,-10.145,1522.05,,不適用,0.0,1.0,25,25.0,25.0,official,small,888.0,0,可交易（DK_s＝0）,未扣成本（成本參考：2.8 折來回約 0.38%、全額約 0.585%）；交易方法狀態未知（全額交割、變更交易方法、停止信用交易的來源未提供）；容量以 s 日 vol20 估計，未模擬開盤競價量與滑價；不可交易，僅觀察,未扣成本·事後欄位以 m_ 標示·非投資建議
SEL,3,2025-07-02,2025-07-03,7642,昶瑞機電,TPEx,W,W_atr14@3,3,626,0.07697,,0,0,1,-7.359,-11.255,-16.883,607.1,,不適用,0.0,0.0,29,29.0,29.0,official,small,670.0,0,可交易（DK_s＝0）,未扣成本（成本參考：2.8 折來回約 0.38%、全額約 0.585%）；交易方法狀態未知（全額交割、變更交易方法、停止信用交易的來源未提供）；容量以 s 日 vol20 估計，未模擬開盤競價量與滑價；不可交易，僅觀察,未扣成本·事後欄位以 m_ 標示·非投資建議
SEL,3,2025-07-03,2025-07-04,1295,生合,TPEx,W,W_atr14@3,2,636,0.079632,,0,0,1,-6.226,3.891,-5.058,1987.85,,不適用,0.0,0.0,27,27.0,27.0,official,small,1855.0,0,可交易（DK_s＝0）,未扣成本（成本參考：2.8 折來回約 0.38%、全額約 0.585%）；交易方法狀態未知（全額交割、變更交易方法、停止信用交易的來源未提供）；容量以 s 日 vol20 估計，未模擬開盤競價量與滑價；不可交易，僅觀察,未扣成本·事後欄位以 m_ 標示·非投資建議
SEL,3,2025-07-03,2025-07-04,6925,意藍,TPEx,W,W_atr14@3,1,636,0.091531,,0,0,1,-4.204,1.502,-6.607,1490.55,,不適用,0.0,0.0,26,26.0,26.0,official,small,1089.0,0,可交易（DK_s＝0）,未扣成本（成本參考：2.8 折來回約 0.38%、全額約 0.585%）；交易方法狀態未知（全額交割、變更交易方法、停止信用交易的來源未提供）；容量以 s 日 vol20 估計，未模擬開盤競價量與滑價；不可交易，僅觀察,未扣成本·事後欄位以 m_ 標示·非投資建議
SEL,3,2025-07-03,2025-07-04,7642,昶瑞機電,TPEx,W,W_atr14@3,3,636,0.079439,,0,0,1,-7.009,-6.075,-7.85,617.9,,不適用,0.0,0.0,30,30.0,30.0,official,small,596.0,0,可交易（DK_s＝0）,未扣成本（成本參考：2.8 折來回約 0.38%、全額約 0.585%）；交易方法狀態未知（全額交割、變更交易方法、停止信用交易的來源未提供）；容量以 s 日 vol20 估計，未模擬開盤競價量與滑價；不可交易，僅觀察,未扣成本·事後欄位以 m_ 標示·非投資建議
SEL,3,2025-07-04,2025-07-07,1295,生合,TPEx,W,W_atr14@3,2,623,0.087137,,0,0,1,3.347,9.623,0.0,1930.9,,不適用,0.0,0.0,28,28.0,28.0,official,small,1752.0,0,可交易（DK_s＝0）,未扣成本（成本參考：2.8 折來回約 0.38%、全額約 0.585%）；交易方法狀態未知（全額交割、變更交易方法、停止信用交易的來源未提供）；容量以 s 日 vol20 估計，未模擬開盤競價量與滑價；不可交易，僅觀察,未扣成本·事後欄位以 m_ 標示·非投資建議
SEL,3,2025-07-04,2025-07-07,6925,意藍,TPEx,W,W_atr14@3,1,623,0.095163,,0,0,1,4.403,8.176,-6.289,1465.4,,不適用,0.0,0.0,27,27.0,27.0,official,small,1626.0,0,可交易（DK_s＝0）,未扣成本（成本參考：2.8 折來回約 0.38%、全額約 0.585%）；交易方法狀態未知（全額交割、變更交易方法、停止信用交易的來源未提供）；容量以 s 日 vol20 估計，未模擬開盤競價量與滑價；不可交易，僅觀察,未扣成本·事後欄位以 m_ 標示·非投資建議
SEL,3,2025-07-04,2025-07-07,7642,昶瑞機電,TPEx,W,W_atr14@3,3,623,0.081694,,0,0,1,0.495,-0.99,-4.455,638.1,,不適用,0.0,0.0,31,31.0,31.0,official,small,681.0,0,可交易（DK_s＝0）,未扣成本（成本參考：2.8 折來回約 0.38%、全額約 0.585%）；交易方法狀態未知（全額交割、變更交易方法、停止信用交易的來源未提供）；容量以 s 日 vol20 估計，未模擬開盤競價量與滑價；不可交易，僅觀察,未扣成本·事後欄位以 m_ 標示·非投資建議
SEL,3,2025-07-07,2025-07-08,1295,生合,TPEx,W,W_atr14@3,2,609,0.087623,,0,0,1,-3.2,1.6,-4.4,1895.35,,不適用,0.0,0.0,29,29.0,29.0,official,small,939.0,0,可交易（DK_s＝0）,未扣成本（成本參考：2.8 折來回約 0.38%、全額約 0.585%）；交易方法狀態未知（全額交割、變更交易方法、停止信用交易的來源未提供）；容量以 s 日 vol20 估計，未模擬開盤競價量與滑價；不可交易，僅觀察,未扣成本·事後欄位以 m_ 標示·非投資建議
SEL,3,2025-07-07,2025-07-08,6925,意藍,TPEx,W,W_atr14@3,1,609,0.092943,,0,0,1,4.848,1.515,-8.485,1482.25,,不適用,0.0,0.0,28,28.0,28.0,official,small,2530.0,0,可交易（DK_s＝0）,未扣成本（成本參考：2.8 折來回約 0.38%、全額約 0.585%）；交易方法狀態未知（全額交割、變更交易方法、停止信用交易的來源未提供）；容量以 s 日 vol20 估計，未模擬開盤競價量與滑價；不可交易，僅觀察,未扣成本·事後欄位以 m_ 標示·非投資建議
SEL,3,2025-07-07,2025-07-08,7642,昶瑞機電,TPEx,W,W_atr14@3,3,609,0.080084,,0,0,1,-2.475,-3.366,-5.347,643.4,,不適用,0.0,0.0,32,32.0,32.0,official,small,359.0,0,可交易（DK_s＝0）,未扣成本（成本參考：2.8 折來回約 0.38%、全額約 0.585%）；交易方法狀態未知（全額交割、變更交易方法、停止信用交易的來源未提供）；容量以 s 日 vol20 估計，未模擬開盤競價量與滑價；不可交易，僅觀察,未扣成本·事後欄位以 m_ 標示·非投資建議
SEL,3,2025-07-08,2025-07-09,1295,生合,TPEx,W,W_atr14@3,2,624,0.087072,,0,0,1,6.557,0.82,-10.656,1829.9,,不適用,0.0,0.0,30,30.0,30.0,official,small,2509.0,0,可交易（DK_s＝0）,未扣成本（成本參考：2.8 折來回約 0.38%、全額約 0.585%）；交易方法狀態未知（全額交割、變更交易方法、停止信用交易的來源未提供）；容量以 s 日 vol20 估計，未模擬開盤競價量與滑價；不可交易，僅觀察,未扣成本·事後欄位以 m_ 標示·非投資建議
SEL,3,2025-07-08,2025-07-09,2424,隴華,TWSE,W,W_atr14@3,3,624,0.079067,,0,0,1,-6.944,-8.333,-11.667,94.35,,不適用,0.0,0.0,721,inf,250.0,official_prepanel,small,214.0,0,可交易（DK_s＝0）,未扣成本（成本參考：2.8 折來回約 0.38%、全額約 0.585%）；交易方法狀態未知（全額交割、變更交易方法、停止信用交易的來源未提供）；容量以 s 日 vol20 估計，未模擬開盤競價量與滑價；不可交易，僅觀察,未扣成本·事後欄位以 m_ 標示·非投資建議
SEL,3,2025-07-08,2025-07-09,6925,意藍,TPEx,W,W_atr14@3,1,624,0.089389,,0,0,1,-4.857,-8.286,-18.857,1548.5,,不適用,0.0,0.0,29,29.0,29.0,official,small,2607.0,0,可交易（DK_s＝0）,未扣成本（成本參考：2.8 折來回約 0.38%、全額約 0.585%）；交易方法狀態未知（全額交割、變更交易方法、停止信用交易的來源未提供）；容量以 s 日 vol20 估計，未模擬開盤競價量與滑價；不可交易，僅觀察,未扣成本·事後欄位以 m_ 標示·非投資建議
SEL,3,2025-07-09,2025-07-10,1295,生合,TPEx,W,W_atr14@3,2,633,0.081593,,0,0,1,1.908,-7.252,-12.214,1861.05,,不適用,0.0,0.0,31,31.0,31.0,official,small,3011.0,0,可交易（DK_s＝0）,未扣成本（成本參考：2.8 折來回約 0.38%、全額約 0.585%）；交易方法狀態未知（全額交割、變更交易方法、停止信用交易的來源未提供）；容量以 s 日 vol20 估計，未模擬開盤競價量與滑價；不可交易，僅觀察,未扣成本·事後欄位以 m_ 標示·非投資建議
SEL,3,2025-07-09,2025-07-10,6225,天瀚,TWSE,W,W_atr14@3,3,633,0.0738,,0,0,1,-1.762,5.727,5.286,33.8,,不適用,0.0,0.0,722,inf,250.0,official_prepanel,small,131.0,0,可交易（DK_s＝0）,未扣成本（成本參考：2.8 折來回約 0.38%、全額約 0.585%）；交易方法狀態未知（全額交割、變更交易方法、停止信用交易的來源未提供）；容量以 s 日 vol20 估計，未模擬開盤競價量與滑價；不可交易，僅觀察,未扣成本·事後欄位以 m_ 標示·非投資建議
SEL,3,2025-07-09,2025-07-10,6925,意藍,TPEx,W,W_atr14@3,1,633,0.093308,,0,0,1,0.297,-8.012,-14.837,1594.8,,不適用,0.0,0.0,30,30.0,30.0,official,small,1223.0,0,可交易（DK_s＝0）,未扣成本（成本參考：2.8 折來回約 0.38%、全額約 0.585%）；交易方法狀態未知（全額交割、變更交易方法、停止信用交易的來源未提供）；容量以 s 日 vol20 估計，未模擬開盤競價量與滑價；不可交易，僅觀察,未扣成本·事後欄位以 m_ 標示·非投資建議
SEL,3,2025-07-10,2025-07-11,1295,生合,TPEx,W,W_atr14@3,3,636,0.077047,,0,0,1,1.55,-5.426,-8.527,1921.4,,不適用,0.0,0.0,32,32.0,32.0,official,small,1999.0,0,可交易（DK_s＝0）,未扣成本（成本參考：2.8 折來回約 0.38%、全額約 0.585%）；交易方法狀態未知（全額交割、變更交易方法、停止信用交易的來源未提供）；容量以 s 日 vol20 估計，未模擬開盤競價量與滑價；不可交易，僅觀察,未扣成本·事後欄位以 m_ 標示·非投資建議
SEL,3,2025-07-10,2025-07-11,6225,天瀚,TWSE,W,W_atr14@3,2,636,0.081358,,0,0,1,6.818,9.091,9.091,37.55,,不適用,0.0,0.0,723,inf,250.0,official_prepanel,small,21.0,0,可交易（DK_s＝0）,未扣成本（成本參考：2.8 折來回約 0.38%、全額約 0.585%）；交易方法狀態未知（全額交割、變更交易方法、停止信用交易的來源未提供）；容量以 s 日 vol20 估計，未模擬開盤競價量與滑價；不可交易，僅觀察,未扣成本·事後欄位以 m_ 標示·非投資建議
SEL,3,2025-07-10,2025-07-11,6925,意藍,TPEx,W,W_atr14@3,1,636,0.08601,,0,0,1,0.88,-8.798,-17.595,1558.5,,不適用,0.0,0.0,31,31.0,31.0,official,small,1452.0,0,可交易（DK_s＝0）,未扣成本（成本參考：2.8 折來回約 0.38%、全額約 0.585%）；交易方法狀態未知（全額交割、變更交易方法、停止信用交易的來源未提供）；容量以 s 日 vol20 估計，未模擬開盤競價量與滑價；不可交易，僅觀察,未扣成本·事後欄位以 m_ 標示·非投資建議
SEL,3,2025-07-11,2025-07-14,1295,生合,TPEx,W,W_atr14@3,3,640,0.075518,,0,0,1,-3.788,-9.47,-5.682,1943.55,,不適用,0.0,0.0,33,33.0,33.0,official,small,1572.0,0,可交易（DK_s＝0）,未扣成本（成本參考：2.8 折來回約 0.38%、全額約 0.585%）；交易方法狀態未知（全額交割、變更交易方法、停止信用交易的來源未提供）；容量以 s 日 vol20 估計，未模擬開盤競價量與滑價；不可交易，僅觀察,未扣成本·事後欄位以 m_ 標示·非投資建議
SEL,3,2025-07-11,2025-07-14,6225,天瀚,TWSE,W,W_atr14@3,1,640,0.079027,,0,0,1,2.146,2.146,9.013,37.85,,不適用,0.0,0.0,724,inf,250.0,official_prepanel,small,5.0,0,可交易（DK_s＝0）,未扣成本（成本參考：2.8 折來回約 0.38%、全額約 0.585%）；交易方法狀態未知（全額交割、變更交易方法、停止信用交易的來源未提供）；容量以 s 日 vol20 估計，未模擬開盤競價量與滑價；不可交易，僅觀察,未扣成本·事後欄位以 m_ 標示·非投資建議
SEL,3,2025-07-11,2025-07-14,6925,意藍,TPEx,W,W_atr14@3,2,640,0.076827,,0,0,1,-3.179,-13.873,-18.497,1568.85,,不適用,0.0,0.0,32,32.0,32.0,official,small,619.0,0,可交易（DK_s＝0）,未扣成本（成本參考：2.8 折來回約 0.38%、全額約 0.585%）；交易方法狀態未知（全額交割、變更交易方法、停止信用交易的來源未提供）；容量以 s 日 vol20 估計，未模擬開盤競價量與滑價；不可交易，僅觀察,未扣成本·事後欄位以 m_ 標示·非投資建議
SEL,3,2025-07-14,2025-07-15,1295,生合,TPEx,W,W_atr14@3,1,635,0.074522,,0,0,1,-3.529,-6.275,-7.059,1972.95,,不適用,0.0,0.0,34,34.0,34.0,official,small,1725.0,0,可交易（DK_s＝0）,未扣成本（成本參考：2.8 折來回約 0.38%、全額約 0.585%）；交易方法狀態未知（全額交割、變更交易方法、停止信用交易的來源未提供）；容量以 s 日 vol20 估計，未模擬開盤競價量與滑價；不可交易，僅觀察,未扣成本·事後欄位以 m_ 標示·非投資建議
SEL,3,2025-07-14,2025-07-15,6925,意藍,TPEx,W,W_atr14@3,2,635,0.073348,,0,0,1,-4.464,-10.119,-16.667,1550.6,,不適用,0.0,0.0,33,33.0,33.0,official,small,1121.0,0,可交易（DK_s＝0）,未扣成本（成本參考：2.8 折來回約 0.38%、全額約 0.585%）；交易方法狀態未知（全額交割、變更交易方法、停止信用交易的來源未提供）；容量以 s 日 vol20 估計，未模擬開盤競價量與滑價；不可交易，僅觀察,未扣成本·事後欄位以 m_ 標示·非投資建議
SEL,3,2025-07-14,2025-07-15,8291,尚茂,TPEx,W,W_atr14@3,3,635,0.072917,,0,0,1,0.0,6.154,3.692,17.29,,不適用,0.0,1.0,725,inf,250.0,official_prepanel,small,53.0,0,可交易（DK_s＝0）,未扣成本（成本參考：2.8 折來回約 0.38%、全額約 0.585%）；交易方法狀態未知（全額交割、變更交易方法、停止信用交易的來源未提供）；容量以 s 日 vol20 估計，未模擬開盤競價量與滑價；不可交易，僅觀察,未扣成本·事後欄位以 m_ 標示·非投資建議
SEL,3,2025-07-15,2025-07-16,6225,天瀚,TWSE,W,W_atr14@3,2,661,0.076169,,0,0,1,8.597,7.24,-0.452,37.25,,不適用,0.0,0.0,726,inf,250.0,official_prepanel,small,43.0,0,可交易（DK_s＝0）,未扣成本（成本參考：2.8 折來回約 0.38%、全額約 0.585%）；交易方法狀態未知（全額交割、變更交易方法、停止信用交易的來源未提供）；容量以 s 日 vol20 估計，未模擬開盤競價量與滑價；不可交易，僅觀察,未扣成本·事後欄位以 m_ 標示·非投資建議
SEL,3,2025-07-15,2025-07-16,6925,意藍,TPEx,W,W_atr14@3,1,661,0.077659,,0,0,1,-4.025,-12.074,-17.337,1540.05,,不適用,0.0,0.0,34,34.0,34.0,official,small,843.0,0,可交易（DK_s＝0）,未扣成本（成本參考：2.8 折來回約 0.38%、全額約 0.585%）；交易方法狀態未知（全額交割、變更交易方法、停止信用交易的來源未提供）；容量以 s 日 vol20 估計，未模擬開盤競價量與滑價；不可交易，僅觀察,未扣成本·事後欄位以 m_ 標示·非投資建議
SEL,3,2025-07-15,2025-07-16,8291,尚茂,TPEx,W,W_atr14@3,3,661,0.076154,,0,0,1,0.0,6.154,-4.615,20.35,,不適用,0.0,1.0,726,inf,250.0,official_prepanel,small,1.0,0,可交易（DK_s＝0）,未扣成本（成本參考：2.8 折來回約 0.38%、全額約 0.585%）；交易方法狀態未知（全額交割、變更交易方法、停止信用交易的來源未提供）；容量以 s 日 vol20 估計，未模擬開盤競價量與滑價；不可交易，僅觀察,未扣成本·事後欄位以 m_ 標示·非投資建議
SEL,3,2025-07-16,2025-07-17,1295,生合,TPEx,W,W_atr14@3,3,655,0.073192,,0,0,1,0.412,-5.35,-6.584,1940.5,,不適用,0.0,0.0,36,36.0,36.0,official,small,687.0,0,可交易（DK_s＝0）,未扣成本（成本參考：2.8 折來回約 0.38%、全額約 0.585%）；交易方法狀態未知（全額交割、變更交易方法、停止信用交易的來源未提供）；容量以 s 日 vol20 估計，未模擬開盤競價量與滑價；不可交易，僅觀察,未扣成本·事後欄位以 m_ 標示·非投資建議
SEL,3,2025-07-16,2025-07-17,6225,天瀚,TWSE,W,W_atr14@3,1,655,0.077679,,0,0,1,-1.639,-2.049,-8.197,37.8,,不適用,0.0,0.0,727,inf,250.0,official_prepanel,small,4.0,0,可交易（DK_s＝0）,未扣成本（成本參考：2.8 折來回約 0.38%、全額約 0.585%）；交易方法狀態未知（全額交割、變更交易方法、停止信用交易的來源未提供）；容量以 s 日 vol20 估計，未模擬開盤競價量與滑價；不可交易，僅觀察,未扣成本·事後欄位以 m_ 標示·非投資建議
SEL,3,2025-07-16,2025-07-17,6925,意藍,TPEx,W,W_atr14@3,2,655,0.076728,,0,0,1,0.323,-7.419,-5.484,1487.9,,不適用,0.0,0.0,35,35.0,35.0,official,small,851.0,0,可交易（DK_s＝0）,未扣成本（成本參考：2.8 折來回約 0.38%、全額約 0.585%）；交易方法狀態未知（全額交割、變更交易方法、停止信用交易的來源未提供）；容量以 s 日 vol20 估計，未模擬開盤競價量與滑價；不可交易，僅觀察,未扣成本·事後欄位以 m_ 標示·非投資建議
SEL,3,2025-07-17,2025-07-18,6225,天瀚,TWSE,W,W_atr14@3,2,672,0.075,,0,0,1,-0.833,0.0,-1.25,37.2,,不適用,0.0,0.0,728,inf,250.0,official_prepanel,small,26.0,0,可交易（DK_s＝0）,未扣成本（成本參考：2.8 折來回約 0.38%、全額約 0.585%）；交易方法狀態未知（全額交割、變更交易方法、停止信用交易的來源未提供）；容量以 s 日 vol20 估計，未模擬開盤競價量與滑價；不可交易，僅觀察,未扣成本·事後欄位以 m_ 標示·非投資建議
SEL,3,2025-07-17,2025-07-18,8101,華冠,TWSE,W,W_atr14@3,3,672,0.07398,,0,0,1,1.423,-2.491,-2.491,11.45,,不適用,0.0,0.0,728,inf,250.0,official_prepanel,small,13.0,0,可交易（DK_s＝0）,未扣成本（成本參考：2.8 折來回約 0.38%、全額約 0.585%）；交易方法狀態未知（全額交割、變更交易方法、停止信用交易的來源未提供）；容量以 s 日 vol20 估計，未模擬開盤競價量與滑價；不可交易，僅觀察,未扣成本·事後欄位以 m_ 標示·非投資建議
SEL,3,2025-07-17,2025-07-18,8291,尚茂,TPEx,W,W_atr14@3,1,672,0.077822,,0,0,1,0.0,-0.624,,19.5,,不適用,0.0,1.0,728,inf,250.0,official_prepanel,small,3.0,0,可交易（DK_s＝0）,未扣成本（成本參考：2.8 折來回約 0.38%、全額約 0.585%）；交易方法狀態未知（全額交割、變更交易方法、停止信用交易的來源未提供）；容量以 s 日 vol20 估計，未模擬開盤競價量與滑價；不可交易，僅觀察,未扣成本·事後欄位以 m_ 標示·非投資建議
SEL,3,2025-07-18,2025-07-21,6225,天瀚,TWSE,W,W_atr14@3,1,673,0.080732,,0,0,1,-3.333,5.833,-6.25,38.0,,不適用,0.0,0.0,729,inf,250.0,official_prepanel,small,37.0,0,可交易（DK_s＝0）,未扣成本（成本參考：2.8 折來回約 0.38%、全額約 0.585%）；交易方法狀態未知（全額交割、變更交易方法、停止信用交易的來源未提供）；容量以 s 日 vol20 估計，未模擬開盤競價量與滑價；不可交易，僅觀察,未扣成本·事後欄位以 m_ 標示·非投資建議
SEL,3,2025-07-18,2025-07-21,6925,意藍,TPEx,W,W_atr14@3,3,673,0.070949,,0,0,1,0.0,-6.623,4.967,1362.5,,不適用,0.0,0.0,37,37.0,37.0,official,small,963.0,0,可交易（DK_s＝0）,未扣成本（成本參考：2.8 折來回約 0.38%、全額約 0.585%）；交易方法狀態未知（全額交割、變更交易方法、停止信用交易的來源未提供）；容量以 s 日 vol20 估計，未模擬開盤競價量與滑價；不可交易，僅觀察,未扣成本·事後欄位以 m_ 標示·非投資建議
SEL,3,2025-07-18,2025-07-21,8291,尚茂,TPEx,W,W_atr14@3,2,673,0.072209,,0,0,1,15.0,6.167,,17.11,,不適用,0.0,1.0,729,inf,250.0,official_prepanel,small,3.0,0,可交易（DK_s＝0）,未扣成本（成本參考：2.8 折來回約 0.38%、全額約 0.585%）；交易方法狀態未知（全額交割、變更交易方法、停止信用交易的來源未提供）；容量以 s 日 vol20 估計，未模擬開盤競價量與滑價；不可交易，僅觀察,未扣成本·事後欄位以 m_ 標示·非投資建議
SEL,3,2025-07-21,2025-07-22,3555,博士旺,TPEx,W,W_atr14@3,3,661,0.068469,,0,0,1,0.571,2.286,9.857,75.25,,不適用,0.0,0.0,730,inf,250.0,official_prepanel,small,28.0,0,可交易（DK_s＝0）,未扣成本（成本參考：2.8 折來回約 0.38%、全額約 0.585%）；交易方法狀態未知（全額交割、變更交易方法、停止信用交易的來源未提供）；容量以 s 日 vol20 估計，未模擬開盤競價量與滑價；不可交易，僅觀察,未扣成本·事後欄位以 m_ 標示·非投資建議
SEL,3,2025-07-21,2025-07-22,6225,天瀚,TWSE,W,W_atr14@3,1,661,0.081589,,0,0,1,5.804,4.911,6.25,39.4,,不適用,0.0,0.0,730,inf,250.0,official_prepanel,small,10.0,0,可交易（DK_s＝0）,未扣成本（成本參考：2.8 折來回約 0.38%、全額約 0.585%）；交易方法狀態未知（全額交割、變更交易方法、停止信用交易的來源未提供）；容量以 s 日 vol20 估計，未模擬開盤競價量與滑價；不可交易，僅觀察,未扣成本·事後欄位以 m_ 標示·非投資建議
SEL,3,2025-07-21,2025-07-22,8291,尚茂,TPEx,W,W_atr14@3,2,661,0.074017,,0,0,1,8.661,6.142,,17.06,,不適用,0.0,0.0,730,inf,250.0,official_prepanel,small,7.0,0,可交易（DK_s＝0）,未扣成本（成本參考：2.8 折來回約 0.38%、全額約 0.585%）；交易方法狀態未知（全額交割、變更交易方法、停止信用交易的來源未提供）；容量以 s 日 vol20 估計，未模擬開盤競價量與滑價；不可交易，僅觀察,未扣成本·事後欄位以 m_ 標示·非投資建議
SEL,3,2025-07-22,2025-07-23,6225,天瀚,TWSE,W,W_atr14@3,2,670,0.076552,,0,0,1,0.0,-7.95,2.092,39.05,,不適用,0.0,0.0,731,inf,250.0,official_prepanel,small,11.0,0,可交易（DK_s＝0）,未扣成本（成本參考：2.8 折來回約 0.38%、全額約 0.585%）；交易方法狀態未知（全額交割、變更交易方法、停止信用交易的來源未提供）；容量以 s 日 vol20 估計，未模擬開盤競價量與滑價；不可交易，僅觀察,未扣成本·事後欄位以 m_ 標示·非投資建議
SEL,3,2025-07-22,2025-07-23,6925,意藍,TPEx,W,W_atr14@3,3,670,0.073944,,0,0,1,0.702,-6.316,10.175,1271.25,,不適用,0.0,0.0,39,39.0,39.0,official,small,760.0,0,可交易（DK_s＝0）,未扣成本（成本參考：2.8 折來回約 0.38%、全額約 0.585%）；交易方法狀態未知（全額交割、變更交易方法、停止信用交易的來源未提供）；容量以 s 日 vol20 估計，未模擬開盤競價量與滑價；不可交易，僅觀察,未扣成本·事後欄位以 m_ 標示·非投資建議
SEL,3,2025-07-22,2025-07-23,8291,尚茂,TPEx,W,W_atr14@3,1,670,0.076915,,0,0,1,-7.681,-10.145,,17.33,,不適用,0.0,0.0,731,inf,250.0,official_prepanel,small,13.0,0,可交易（DK_s＝0）,未扣成本（成本參考：2.8 折來回約 0.38%、全額約 0.585%）；交易方法狀態未知（全額交割、變更交易方法、停止信用交易的來源未提供）；容量以 s 日 vol20 估計，未模擬開盤競價量與滑價；不可交易，僅觀察,未扣成本·事後欄位以 m_ 標示·非投資建議
SEL,3,2025-07-23,2025-07-24,1295,生合,TPEx,W,W_atr14@3,3,667,0.068323,,0,0,1,0.855,-2.991,1.282,1587.75,,不適用,0.0,0.0,41,41.0,41.0,official,small,1127.0,0,可交易（DK_s＝0）,未扣成本（成本參考：2.8 折來回約 0.38%、全額約 0.585%）；交易方法狀態未知（全額交割、變更交易方法、停止信用交易的來源未提供）；容量以 s 日 vol20 估計，未模擬開盤競價量與滑價；不可交易，僅觀察,未扣成本·事後欄位以 m_ 標示·非投資建議
SEL,3,2025-07-23,2025-07-24,6925,意藍,TPEx,W,W_atr14@3,2,667,0.072175,,0,0,1,-2.768,1.384,8.304,1253.2,,不適用,0.0,0.0,40,40.0,40.0,official,small,409.0,0,可交易（DK_s＝0）,未扣成本（成本參考：2.8 折來回約 0.38%、全額約 0.585%）；交易方法狀態未知（全額交割、變更交易方法、停止信用交易的來源未提供）；容量以 s 日 vol20 估計，未模擬開盤競價量與滑價；不可交易，僅觀察,未扣成本·事後欄位以 m_ 標示·非投資建議
SEL,3,2025-07-23,2025-07-24,8291,尚茂,TPEx,W,W_atr14@3,1,667,0.083875,,0,0,1,-8.213,-1.729,,16.22,,不適用,0.0,0.0,732,inf,250.0,official_prepanel,small,6.0,0,可交易（DK_s＝0）,未扣成本（成本參考：2.8 折來回約 0.38%、全額約 0.585%）；交易方法狀態未知（全額交割、變更交易方法、停止信用交易的來源未提供）；容量以 s 日 vol20 估計，未模擬開盤競價量與滑價；不可交易，僅觀察,未扣成本·事後欄位以 m_ 標示·非投資建議
SEL,3,2025-07-24,2025-07-25,3349,寶德,TPEx,W,W_atr14@3,3,673,0.071429,,0,0,1,0.965,9.003,18.328,119.84,,不適用,0.0,0.0,733,inf,250.0,official_prepanel,small,76.0,0,可交易（DK_s＝0）,未扣成本（成本參考：2.8 折來回約 0.38%、全額約 0.585%）；交易方法狀態未知（全額交割、變更交易方法、停止信用交易的來源未提供）；容量以 s 日 vol20 估計，未模擬開盤競價量與滑價；不可交易，僅觀察,未扣成本·事後欄位以 m_ 標示·非投資建議
SEL,3,2025-07-24,2025-07-25,8291,尚茂,TPEx,W,W_atr14@3,1,673,0.084997,,0,0,1,0.0,,,16.39,,不適用,0.0,0.0,733,inf,250.0,official_prepanel,small,11.0,0,可交易（DK_s＝0）,未扣成本（成本參考：2.8 折來回約 0.38%、全額約 0.585%）；交易方法狀態未知（全額交割、變更交易方法、停止信用交易的來源未提供）；容量以 s 日 vol20 估計，未模擬開盤競價量與滑價；不可交易，僅觀察,未扣成本·事後欄位以 m_ 標示·非投資建議
SEL,3,2025-07-24,2025-07-25,8472,納維康,TPEx,W,W_atr14@3,2,673,0.073525,,0,0,1,-0.702,10.331,46.239,88.76,,不適用,1.0,4.0,733,inf,250.0,official_prepanel,small,109.0,1,處置中・交易規則另案登錄（DK_s＝1）,未扣成本（成本參考：2.8 折來回約 0.38%、全額約 0.585%）；交易方法狀態未知（全額交割、變更交易方法、停止信用交易的來源未提供）；容量以 s 日 vol20 估計，未模擬開盤競價量與滑價；不可交易，僅觀察,未扣成本·事後欄位以 m_ 標示·非投資建議
SEL,3,2025-07-25,2025-07-28,3349,寶德,TPEx,W,W_atr14@3,3,675,0.070519,,0,0,1,2.258,18.065,19.032,122.89,,不適用,0.0,0.0,734,inf,250.0,official_prepanel,small,52.0,0,可交易（DK_s＝0）,未扣成本（成本參考：2.8 折來回約 0.38%、全額約 0.585%）；交易方法狀態未知（全額交割、變更交易方法、停止信用交易的來源未提供）；容量以 s 日 vol20 估計，未模擬開盤競價量與滑價；不可交易，僅觀察,未扣成本·事後欄位以 m_ 標示·非投資建議
SEL,3,2025-07-25,2025-07-28,8291,尚茂,TPEx,W,W_atr14@3,1,675,0.079278,,0,0,1,13.277,,,16.11,,不適用,0.0,0.0,734,inf,250.0,official_prepanel,small,11.0,0,可交易（DK_s＝0）,未扣成本（成本參考：2.8 折來回約 0.38%、全額約 0.585%）；交易方法狀態未知（全額交割、變更交易方法、停止信用交易的來源未提供）；容量以 s 日 vol20 估計，未模擬開盤競價量與滑價；不可交易，僅觀察,未扣成本·事後欄位以 m_ 標示·非投資建議
SEL,3,2025-07-25,2025-07-28,8472,納維康,TPEx,W,W_atr14@3,2,675,0.078956,,0,0,1,3.109,21.364,47.643,94.65,,不適用,1.0,3.0,734,inf,250.0,official_prepanel,small,144.0,1,處置中・交易規則另案登錄（DK_s＝1）,未扣成本（成本參考：2.8 折來回約 0.38%、全額約 0.585%）；交易方法狀態未知（全額交割、變更交易方法、停止信用交易的來源未提供）；容量以 s 日 vol20 估計，未模擬開盤競價量與滑價；不可交易，僅觀察,未扣成本·事後欄位以 m_ 標示·非投資建議
SEL,3,2025-07-28,2025-07-29,6225,天瀚,TWSE,W,W_atr14@3,3,669,0.070213,,0,0,1,-3.084,4.846,7.93,37.75,,不適用,0.0,0.0,735,inf,250.0,official_prepanel,small,2.0,0,可交易（DK_s＝0）,未扣成本（成本參考：2.8 折來回約 0.38%、全額約 0.585%）；交易方法狀態未知（全額交割、變更交易方法、停止信用交易的來源未提供）；容量以 s 日 vol20 估計，未模擬開盤競價量與滑價；不可交易，僅觀察,未扣成本·事後欄位以 m_ 標示·非投資建議
SEL,3,2025-07-28,2025-07-29,8291,尚茂,TPEx,W,W_atr14@3,2,669,0.077363,,0,0,1,-11.047,,258.68,15.85,,不適用,0.0,0.0,735,inf,250.0,official_prepanel,small,20.0,0,可交易（DK_s＝0）,未扣成本（成本參考：2.8 折來回約 0.38%、全額約 0.585%）；交易方法狀態未知（全額交割、變更交易方法、停止信用交易的來源未提供）；容量以 s 日 vol20 估計，未模擬開盤競價量與滑價；不可交易，僅觀察,未扣成本·事後欄位以 m_ 標示·非投資建議
SEL,3,2025-07-28,2025-07-29,8472,納維康,TPEx,W,W_atr14@3,1,669,0.077659,,0,0,1,-1.912,27.151,47.419,103.06,,不適用,1.0,2.0,735,inf,250.0,official_prepanel,small,85.0,1,處置中・交易規則另案登錄（DK_s＝1）,未扣成本（成本參考：2.8 折來回約 0.38%、全額約 0.585%）；交易方法狀態未知（全額交割、變更交易方法、停止信用交易的來源未提供）；容量以 s 日 vol20 估計，未模擬開盤競價量與滑價；不可交易，僅觀察,未扣成本·事後欄位以 m_ 標示·非投資建議
SEL,3,2025-07-29,2025-07-30,3349,寶德,TPEx,W,W_atr14@3,3,670,0.07051,,0,0,1,-0.643,25.08,15.756,126.26,,不適用,0.0,0.0,736,inf,250.0,official_prepanel,small,40.0,0,可交易（DK_s＝0）,未扣成本（成本參考：2.8 折來回約 0.38%、全額約 0.585%）；交易方法狀態未知（全額交割、變更交易方法、停止信用交易的來源未提供）；容量以 s 日 vol20 估計，未模擬開盤競價量與滑價；不可交易，僅觀察,未扣成本·事後欄位以 m_ 標示·非投資建議
SEL,3,2025-07-29,2025-07-30,8291,尚茂,TPEx,W,W_atr14@3,1,670,0.087212,,0,0,1,11.803,,,16.55,,不適用,0.0,0.0,736,inf,250.0,official_prepanel,small,21.0,0,可交易（DK_s＝0）,未扣成本（成本參考：2.8 折來回約 0.38%、全額約 0.585%）；交易方法狀態未知（全額交割、變更交易方法、停止信用交易的來源未提供）；容量以 s 日 vol20 估計，未模擬開盤競價量與滑價；不可交易，僅觀察,未扣成本·事後欄位以 m_ 標示·非投資建議
SEL,3,2025-07-29,2025-07-30,8472,納維康,TPEx,W,W_atr14@3,2,670,0.074224,,0,0,1,1.626,48.577,72.358,107.76,,不適用,1.0,1.0,736,inf,250.0,official_prepanel,small,87.0,1,處置中・交易規則另案登錄（DK_s＝1）,未扣成本（成本參考：2.8 折來回約 0.38%、全額約 0.585%）；交易方法狀態未知（全額交割、變更交易方法、停止信用交易的來源未提供）；容量以 s 日 vol20 估計，未模擬開盤競價量與滑價；不可交易，僅觀察,未扣成本·事後欄位以 m_ 標示·非投資建議
SEL,3,2025-07-30,2025-07-31,1295,生合,TPEx,W,W_atr14@3,3,646,0.061674,,0,0,1,-1.304,3.043,-3.478,1439.05,,不適用,0.0,0.0,46,46.0,46.0,official,small,334.0,0,可交易（DK_s＝0）,未扣成本（成本參考：2.8 折來回約 0.38%、全額約 0.585%）；交易方法狀態未知（全額交割、變更交易方法、停止信用交易的來源未提供）；容量以 s 日 vol20 估計，未模擬開盤競價量與滑價；不可交易，僅觀察,未扣成本·事後欄位以 m_ 標示·非投資建議
SEL,3,2025-07-30,2025-07-31,6225,天瀚,TWSE,W,W_atr14@3,2,646,0.067283,,0,0,1,5.804,8.929,11.607,34.65,,不適用,0.0,0.0,737,inf,250.0,official_prepanel,small,8.0,0,可交易（DK_s＝0）,未扣成本（成本參考：2.8 折來回約 0.38%、全額約 0.585%）；交易方法狀態未知（全額交割、變更交易方法、停止信用交易的來源未提供）；容量以 s 日 vol20 估計，未模擬開盤競價量與滑價；不可交易，僅觀察,未扣成本·事後欄位以 m_ 標示·非投資建議
SEL,3,2025-07-30,2025-07-31,8472,納維康,TPEx,W,W_atr14@3,1,646,0.073714,,1,0,1,11.675,63.249,89.239,112.53,,不適用,1.0,0.0,737,inf,250.0,official_prepanel,small,212.0,1,處置中・交易規則另案登錄（DK_s＝1）,未扣成本（成本參考：2.8 折來回約 0.38%、全額約 0.585%）；交易方法狀態未知（全額交割、變更交易方法、停止信用交易的來源未提供）；容量以 s 日 vol20 估計，未模擬開盤競價量與滑價；不可交易，僅觀察,未扣成本·事後欄位以 m_ 標示·非投資建議
SEL,3,2025-07-31,2025-08-01,1295,生合,TPEx,W,W_atr14@3,3,656,0.058527,,0,0,1,4.955,4.505,-0.901,1376.55,,不適用,0.0,0.0,47,47.0,47.0,official,small,675.0,0,可交易（DK_s＝0）,未扣成本（成本參考：2.8 折來回約 0.38%、全額約 0.585%）；交易方法狀態未知（全額交割、變更交易方法、停止信用交易的來源未提供）；容量以 s 日 vol20 估計，未模擬開盤競價量與滑價；不可交易，僅觀察,未扣成本·事後欄位以 m_ 標示·非投資建議
SEL,3,2025-07-31,2025-08-01,3629,地心引力,TPEx,W,W_atr14@3,2,656,0.06115,,1,0,1,9.239,15.399,,49.85,,不適用,0.0,0.0,738,inf,250.0,official_prepanel,small,26.0,0,可交易（DK_s＝0）,未扣成本（成本參考：2.8 折來回約 0.38%、全額約 0.585%）；交易方法狀態未知（全額交割、變更交易方法、停止信用交易的來源未提供）；容量以 s 日 vol20 估計，未模擬開盤競價量與滑價；不可交易，僅觀察,未扣成本·事後欄位以 m_ 標示·非投資建議
SEL,3,2025-07-31,2025-08-01,6225,天瀚,TWSE,W,W_atr14@3,1,656,0.062086,,0,0,1,0.0,3.556,20.0,32.25,,不適用,0.0,0.0,738,inf,250.0,official_prepanel,small,1.0,0,可交易（DK_s＝0）,未扣成本（成本參考：2.8 折來回約 0.38%、全額約 0.585%）；交易方法狀態未知（全額交割、變更交易方法、停止信用交易的來源未提供）；容量以 s 日 vol20 估計，未模擬開盤競價量與滑價；不可交易，僅觀察,未扣成本·事後欄位以 m_ 標示·非投資建議
SEL,3,2025-08-01,2025-08-04,6225,天瀚,TWSE,W,W_atr14@3,1,661,0.067302,,0,0,1,10.698,19.07,32.558,30.8,,不適用,0.0,0.0,739,inf,250.0,official_prepanel,small,9.0,0,可交易（DK_s＝0）,未扣成本（成本參考：2.8 折來回約 0.38%、全額約 0.585%）；交易方法狀態未知（全額交割、變更交易方法、停止信用交易的來源未提供）；容量以 s 日 vol20 估計，未模擬開盤競價量與滑價；不可交易，僅觀察,未扣成本·事後欄位以 m_ 標示·非投資建議
SEL,3,2025-08-01,2025-08-04,6925,意藍,TPEx,W,W_atr14@3,2,661,0.061965,,0,0,1,0.625,-6.562,-11.25,1189.7,,不適用,0.0,0.0,47,47.0,47.0,official,small,1534.0,0,可交易（DK_s＝0）,未扣成本（成本參考：2.8 折來回約 0.38%、全額約 0.585%）；交易方法狀態未知（全額交割、變更交易方法、停止信用交易的來源未提供）；容量以 s 日 vol20 估計，未模擬開盤競價量與滑價；不可交易，僅觀察,未扣成本·事後欄位以 m_ 標示·非投資建議
SEL,3,2025-08-01,2025-08-04,7642,昶瑞機電,TPEx,W,W_atr14@3,3,661,0.058794,,0,0,1,-1.345,3.139,6.726,700.8,,不適用,0.0,1.0,51,51.0,51.0,official,small,521.0,0,可交易（DK_s＝0）,未扣成本（成本參考：2.8 折來回約 0.38%、全額約 0.585%）；交易方法狀態未知（全額交割、變更交易方法、停止信用交易的來源未提供）；容量以 s 日 vol20 估計，未模擬開盤競價量與滑價；不可交易，僅觀察,未扣成本·事後欄位以 m_ 標示·非投資建議
SEL,3,2025-08-04,2025-08-05,6225,天瀚,TWSE,W,W_atr14@3,1,651,0.066327,,0,0,1,6.087,6.522,25.652,29.35,,不適用,0.0,0.0,740,inf,250.0,official_prepanel,small,14.0,0,可交易（DK_s＝0）,未扣成本（成本參考：2.8 折來回約 0.38%、全額約 0.585%）；交易方法狀態未知（全額交割、變更交易方法、停止信用交易的來源未提供）；容量以 s 日 vol20 估計，未模擬開盤競價量與滑價；不可交易，僅觀察,未扣成本·事後欄位以 m_ 標示·非投資建議
SEL,3,2025-08-04,2025-08-05,6925,意藍,TPEx,W,W_atr14@3,3,651,0.060115,,0,0,1,-6.269,-13.134,-17.015,1185.1,,不適用,0.0,0.0,48,48.0,48.0,official,small,1434.0,0,可交易（DK_s＝0）,未扣成本（成本參考：2.8 折來回約 0.38%、全額約 0.585%）；交易方法狀態未知（全額交割、變更交易方法、停止信用交易的來源未提供）；容量以 s 日 vol20 估計，未模擬開盤競價量與滑價；不可交易，僅觀察,未扣成本·事後欄位以 m_ 標示·非投資建議
SEL,3,2025-08-04,2025-08-05,7642,昶瑞機電,TPEx,W,W_atr14@3,2,651,0.062532,,0,0,1,-0.439,10.965,5.263,692.8,,不適用,0.0,1.0,52,52.0,52.0,official,small,733.0,0,可交易（DK_s＝0）,未扣成本（成本參考：2.8 折來回約 0.38%、全額約 0.585%）；交易方法狀態未知（全額交割、變更交易方法、停止信用交易的來源未提供）；容量以 s 日 vol20 估計，未模擬開盤競價量與滑價；不可交易，僅觀察,未扣成本·事後欄位以 m_ 標示·非投資建議
SEL,3,2025-08-05,2025-08-06,6919,康霈*,TWSE,W,W_atr14@3,1,662,0.068871,,0,0,1,0.413,10.744,44.628,13196.13,,不適用,0.0,0.0,203,203.0,203.0,official,large,3188.0,0,可交易（DK_s＝0）,未扣成本（成本參考：2.8 折來回約 0.38%、全額約 0.585%）；交易方法狀態未知（全額交割、變更交易方法、停止信用交易的來源未提供）；容量以 s 日 vol20 估計，未模擬開盤競價量與滑價；不可交易，僅觀察,未扣成本·事後欄位以 m_ 標示·非投資建議
SEL,3,2025-08-05,2025-08-06,6925,意藍,TPEx,W,W_atr14@3,3,662,0.064149,,0,0,1,-0.949,-6.962,-3.481,1130.3,,不適用,0.0,0.0,49,49.0,49.0,official,small,770.0,0,可交易（DK_s＝0）,未扣成本（成本參考：2.8 折來回約 0.38%、全額約 0.585%）；交易方法狀態未知（全額交割、變更交易方法、停止信用交易的來源未提供）；容量以 s 日 vol20 估計，未模擬開盤競價量與滑價；不可交易，僅觀察,未扣成本·事後欄位以 m_ 標示·非投資建議
SEL,3,2025-08-05,2025-08-06,7642,昶瑞機電,TPEx,W,W_atr14@3,2,662,0.064254,,0,0,1,6.726,15.695,12.108,711.5,,不適用,0.0,1.0,53,53.0,53.0,official,small,1253.0,0,可交易（DK_s＝0）,未扣成本（成本參考：2.8 折來回約 0.38%、全額約 0.585%）；交易方法狀態未知（全額交割、變更交易方法、停止信用交易的來源未提供）；容量以 s 日 vol20 估計，未模擬開盤競價量與滑價；不可交易，僅觀察,未扣成本·事後欄位以 m_ 標示·非投資建議
SEL,3,2025-08-06,2025-08-07,6919,康霈*,TWSE,W,W_atr14@3,3,651,0.064894,,0,0,1,4.418,8.032,42.57,13302.07,,不適用,0.0,0.0,204,204.0,204.0,official,large,10773.0,0,可交易（DK_s＝0）,未扣成本（成本參考：2.8 折來回約 0.38%、全額約 0.585%）；交易方法狀態未知（全額交割、變更交易方法、停止信用交易的來源未提供）；容量以 s 日 vol20 估計，未模擬開盤競價量與滑價；不可交易，僅觀察,未扣成本·事後欄位以 m_ 標示·非投資建議
SEL,3,2025-08-06,2025-08-07,6925,意藍,TPEx,W,W_atr14@3,1,651,0.066636,,0,0,1,-5.956,-9.091,-10.345,1038.45,,不適用,0.0,0.0,50,50.0,50.0,official,small,919.0,0,可交易（DK_s＝0）,未扣成本（成本參考：2.8 折來回約 0.38%、全額約 0.585%）；交易方法狀態未知（全額交割、變更交易方法、停止信用交易的來源未提供）；容量以 s 日 vol20 估計，未模擬開盤競價量與滑價；不可交易，僅觀察,未扣成本·事後欄位以 m_ 標示·非投資建議
SEL,3,2025-08-06,2025-08-07,7642,昶瑞機電,TPEx,W,W_atr14@3,2,651,0.066267,,0,0,1,-6.198,2.479,-0.413,764.25,,不適用,0.0,1.0,54,54.0,54.0,official,small,662.0,0,可交易（DK_s＝0）,未扣成本（成本參考：2.8 折來回約 0.38%、全額約 0.585%）；交易方法狀態未知（全額交割、變更交易方法、停止信用交易的來源未提供）；容量以 s 日 vol20 估計，未模擬開盤競價量與滑價；不可交易，僅觀察,未扣成本·事後欄位以 m_ 標示·非投資建議
SEL,3,2025-08-07,2025-08-08,6925,意藍,TPEx,W,W_atr14@3,3,655,0.070476,,0,0,1,-1.967,-6.885,-1.639,1023.25,,不適用,0.0,0.0,51,51.0,51.0,official,small,421.0,0,可交易（DK_s＝0）,未扣成本（成本參考：2.8 折來回約 0.38%、全額約 0.585%）；交易方法狀態未知（全額交割、變更交易方法、停止信用交易的來源未提供）；容量以 s 日 vol20 估計，未模擬開盤競價量與滑價；不可交易，僅觀察,未扣成本·事後欄位以 m_ 標示·非投資建議
SEL,3,2025-08-07,2025-08-08,7642,昶瑞機電,TPEx,W,W_atr14@3,2,655,0.072939,,0,0,1,1.322,7.489,9.692,791.35,,不適用,0.0,0.0,55,55.0,55.0,official,small,322.0,0,可交易（DK_s＝0）,未扣成本（成本參考：2.8 折來回約 0.38%、全額約 0.585%）；交易方法狀態未知（全額交割、變更交易方法、停止信用交易的來源未提供）；容量以 s 日 vol20 估計，未模擬開盤競價量與滑價；不可交易，僅觀察,未扣成本·事後欄位以 m_ 標示·非投資建議
SEL,3,2025-08-07,2025-08-08,8472,納維康,TPEx,W,W_atr14@3,1,655,0.073388,,0,0,1,1.517,28.276,46.897,208.55,,不適用,1.0,3.0,743,inf,250.0,official_prepanel,small,123.0,1,處置中・交易規則另案登錄（DK_s＝1）,未扣成本（成本參考：2.8 折來回約 0.38%、全額約 0.585%）；交易方法狀態未知（全額交割、變更交易方法、停止信用交易的來源未提供）；容量以 s 日 vol20 估計，未模擬開盤競價量與滑價；不可交易，僅觀察,未扣成本·事後欄位以 m_ 標示·非投資建議
SEL,3,2025-08-08,2025-08-11,6925,意藍,TPEx,W,W_atr14@3,3,645,0.068801,,0,0,1,-2.676,-5.017,-2.007,971.7,,不適用,0.0,0.0,52,52.0,52.0,official,small,497.0,0,可交易（DK_s＝0）,未扣成本（成本參考：2.8 折來回約 0.38%、全額約 0.585%）；交易方法狀態未知（全額交割、變更交易方法、停止信用交易的來源未提供）；容量以 s 日 vol20 估計，未模擬開盤競價量與滑價；不可交易，僅觀察,未扣成本·事後欄位以 m_ 標示·非投資建議
SEL,3,2025-08-08,2025-08-11,7642,昶瑞機電,TPEx,W,W_atr14@3,1,645,0.072919,,0,0,1,10.0,3.478,6.957,802.4,,不適用,0.0,0.0,56,56.0,56.0,official,small,1687.0,0,可交易（DK_s＝0）,未扣成本（成本參考：2.8 折來回約 0.38%、全額約 0.585%）；交易方法狀態未知（全額交割、變更交易方法、停止信用交易的來源未提供）；容量以 s 日 vol20 估計，未模擬開盤競價量與滑價；不可交易，僅觀察,未扣成本·事後欄位以 m_ 標示·非投資建議
SEL,3,2025-08-08,2025-08-11,8472,納維康,TPEx,W,W_atr14@3,2,645,0.069439,,0,0,1,-3.383,25.188,21.93,213.05,,不適用,1.0,4.0,744,inf,250.0,official_prepanel,small,146.0,1,處置中・交易規則另案登錄（DK_s＝1）,未扣成本（成本參考：2.8 折來回約 0.38%、全額約 0.585%）；交易方法狀態未知（全額交割、變更交易方法、停止信用交易的來源未提供）；容量以 s 日 vol20 估計，未模擬開盤競價量與滑價；不可交易，僅觀察,未扣成本·事後欄位以 m_ 標示·非投資建議
SEL,3,2025-08-11,2025-08-12,6225,天瀚,TWSE,W,W_atr14@3,1,630,0.070845,,0,0,1,-3.162,14.229,22.53,15.85,,不適用,0.0,0.0,745,inf,250.0,official_prepanel,small,21.0,0,可交易（DK_s＝0）,未扣成本（成本參考：2.8 折來回約 0.38%、全額約 0.585%）；交易方法狀態未知（全額交割、變更交易方法、停止信用交易的來源未提供）；容量以 s 日 vol20 估計，未模擬開盤競價量與滑價；不可交易，僅觀察,未扣成本·事後欄位以 m_ 標示·非投資建議
SEL,3,2025-08-11,2025-08-12,6925,意藍,TPEx,W,W_atr14@3,2,630,0.066028,,0,0,1,-1.01,-6.397,-1.347,965.6,,不適用,0.0,0.0,53,53.0,53.0,official,small,596.0,0,可交易（DK_s＝0）,未扣成本（成本參考：2.8 折來回約 0.38%、全額約 0.585%）；交易方法狀態未知（全額交割、變更交易方法、停止信用交易的來源未提供）；容量以 s 日 vol20 估計，未模擬開盤競價量與滑價；不可交易，僅觀察,未扣成本·事後欄位以 m_ 標示·非投資建議
SEL,3,2025-08-11,2025-08-12,8472,納維康,TPEx,W,W_atr14@3,3,630,0.065082,,1,0,1,6.399,21.079,15.433,218.05,,不適用,1.0,5.0,745,inf,250.0,official_prepanel,small,181.0,1,處置中・交易規則另案登錄（DK_s＝1）,未扣成本（成本參考：2.8 折來回約 0.38%、全額約 0.585%）；交易方法狀態未知（全額交割、變更交易方法、停止信用交易的來源未提供）；容量以 s 日 vol20 估計，未模擬開盤競價量與滑價；不可交易，僅觀察,未扣成本·事後欄位以 m_ 標示·非投資建議
SEL,3,2025-08-12,2025-08-13,3629,地心引力,TPEx,W,W_atr14@3,3,617,0.069135,,0,0,1,0.0,2.362,-5.984,79.58,,不適用,0.0,0.0,746,inf,250.0,official_prepanel,small,5.0,0,可交易（DK_s＝0）,未扣成本（成本參考：2.8 折來回約 0.38%、全額約 0.585%）；交易方法狀態未知（全額交割、變更交易方法、停止信用交易的來源未提供）；容量以 s 日 vol20 估計，未模擬開盤競價量與滑價；不可交易，僅觀察,未扣成本·事後欄位以 m_ 標示·非投資建議
SEL,3,2025-08-12,2025-08-13,6225,天瀚,TWSE,W,W_atr14@3,1,617,0.07551,,0,0,1,5.485,14.768,30.802,16.5,,不適用,0.0,0.0,746,inf,250.0,official_prepanel,small,29.0,0,可交易（DK_s＝0）,未扣成本（成本參考：2.8 折來回約 0.38%、全額約 0.585%）；交易方法狀態未知（全額交割、變更交易方法、停止信用交易的來源未提供）；容量以 s 日 vol20 估計，未模擬開盤競價量與滑價；不可交易，僅觀察,未扣成本·事後欄位以 m_ 標示·非投資建議
SEL,3,2025-08-12,2025-08-13,7642,昶瑞機電,TPEx,W,W_atr14@3,2,617,0.071927,,0,0,1,-8.148,-7.407,-8.519,975.65,,不適用,0.0,0.0,58,58.0,58.0,official,small,1470.0,0,可交易（DK_s＝0）,未扣成本（成本參考：2.8 折來回約 0.38%、全額約 0.585%）；交易方法狀態未知（全額交割、變更交易方法、停止信用交易的來源未提供）；容量以 s 日 vol20 估計，未模擬開盤競價量與滑價；不可交易，僅觀察,未扣成本·事後欄位以 m_ 標示·非投資建議
SEL,3,2025-08-13,2025-08-14,6225,天瀚,TWSE,W,W_atr14@3,1,610,0.082,,0,0,1,8.0,17.6,18.4,15.8,,不適用,0.0,0.0,747,inf,250.0,official_prepanel,small,89.0,0,可交易（DK_s＝0）,未扣成本（成本參考：2.8 折來回約 0.38%、全額約 0.585%）；交易方法狀態未知（全額交割、變更交易方法、停止信用交易的來源未提供）；容量以 s 日 vol20 估計，未模擬開盤競價量與滑價；不可交易，僅觀察,未扣成本·事後欄位以 m_ 標示·非投資建議
SEL,3,2025-08-13,2025-08-14,6949,沛爾生醫*-創,TWSE,W,W_atr14@3,3,610,0.068616,,0,0,1,7.727,4.545,29.697,298.1,,不適用,1.0,5.0,350,350.0,250.0,official,mid,535.0,1,處置中・交易規則另案登錄（DK_s＝1）,未扣成本（成本參考：2.8 折來回約 0.38%、全額約 0.585%）；交易方法狀態未知（全額交割、變更交易方法、停止信用交易的來源未提供）；容量以 s 日 vol20 估計，未模擬開盤競價量與滑價；不可交易，僅觀察,未扣成本·事後欄位以 m_ 標示·非投資建議
SEL,3,2025-08-13,2025-08-14,7642,昶瑞機電,TPEx,W,W_atr14@3,2,610,0.076613,,0,0,1,-1.613,-2.823,2.823,1042.35,,不適用,0.0,0.0,59,59.0,59.0,official,small,452.0,0,可交易（DK_s＝0）,未扣成本（成本參考：2.8 折來回約 0.38%、全額約 0.585%）；交易方法狀態未知（全額交割、變更交易方法、停止信用交易的來源未提供）；容量以 s 日 vol20 估計，未模擬開盤競價量與滑價；不可交易，僅觀察,未扣成本·事後欄位以 m_ 標示·非投資建議
SEL,3,2025-08-14,2025-08-15,6225,天瀚,TWSE,W,W_atr14@3,1,609,0.079101,,0,0,1,2.151,4.301,10.394,20.05,,不適用,0.0,0.0,748,inf,250.0,official_prepanel,small,106.0,0,可交易（DK_s＝0）,未扣成本（成本參考：2.8 折來回約 0.38%、全額約 0.585%）；交易方法狀態未知（全額交割、變更交易方法、停止信用交易的來源未提供）；容量以 s 日 vol20 估計，未模擬開盤競價量與滑價；不可交易，僅觀察,未扣成本·事後欄位以 m_ 標示·非投資建議
SEL,3,2025-08-14,2025-08-15,6925,意藍,TPEx,W,W_atr14@3,2,609,0.067153,,0,0,1,0.0,5.634,1.761,894.3,,不適用,0.0,0.0,56,56.0,56.0,official,small,249.0,0,可交易（DK_s＝0）,未扣成本（成本參考：2.8 折來回約 0.38%、全額約 0.585%）；交易方法狀態未知（全額交割、變更交易方法、停止信用交易的來源未提供）；容量以 s 日 vol20 估計，未模擬開盤競價量與滑價；不可交易，僅觀察,未扣成本·事後欄位以 m_ 標示·非投資建議
SEL,3,2025-08-14,2025-08-15,6969,成信實業*-創,TWSE,W,W_atr14@3,3,609,0.065239,,0,0,1,0.0,-7.963,-3.279,76.9,,不適用,0.0,0.0,226,226.0,226.0,official,small,37.0,0,可交易（DK_s＝0）,未扣成本（成本參考：2.8 折來回約 0.38%、全額約 0.585%）；交易方法狀態未知（全額交割、變更交易方法、停止信用交易的來源未提供）；容量以 s 日 vol20 估計，未模擬開盤競價量與滑價；不可交易，僅觀察,未扣成本·事後欄位以 m_ 標示·非投資建議
SEL,3,2025-08-15,2025-08-18,3629,地心引力,TPEx,W,W_atr14@3,2,598,0.068974,,0,0,1,-4.462,-5.692,-10.154,72.28,,不適用,0.0,0.0,749,inf,250.0,official_prepanel,small,6.0,0,可交易（DK_s＝0）,未扣成本（成本參考：2.8 折來回約 0.38%、全額約 0.585%）；交易方法狀態未知（全額交割、變更交易方法、停止信用交易的來源未提供）；容量以 s 日 vol20 估計，未模擬開盤競價量與滑價；不可交易，僅觀察,未扣成本·事後欄位以 m_ 標示·非投資建議
SEL,3,2025-08-15,2025-08-18,6225,天瀚,TWSE,W,W_atr14@3,1,598,0.074185,,0,0,1,0.0,2.422,3.114,24.05,,不適用,0.0,0.0,749,inf,250.0,official_prepanel,small,47.0,0,可交易（DK_s＝0）,未扣成本（成本參考：2.8 折來回約 0.38%、全額約 0.585%）；交易方法狀態未知（全額交割、變更交易方法、停止信用交易的來源未提供）；容量以 s 日 vol20 估計，未模擬開盤競價量與滑價；不可交易，僅觀察,未扣成本·事後欄位以 m_ 標示·非投資建議
SEL,3,2025-08-15,2025-08-18,6925,意藍,TPEx,W,W_atr14@3,3,598,0.067656,,0,0,1,-3.136,2.091,-1.394,869.7,,不適用,0.0,0.0,57,57.0,57.0,official,small,243.0,0,可交易（DK_s＝0）,未扣成本（成本參考：2.8 折來回約 0.38%、全額約 0.585%）；交易方法狀態未知（全額交割、變更交易方法、停止信用交易的來源未提供）；容量以 s 日 vol20 估計，未模擬開盤競價量與滑價；不可交易，僅觀察,未扣成本·事後欄位以 m_ 標示·非投資建議
SEL,3,2025-08-18,2025-08-19,3629,地心引力,TPEx,W,W_atr14@3,3,583,0.071927,,0,0,1,-0.154,-4.762,-13.057,71.89,,不適用,0.0,0.0,750,inf,250.0,official_prepanel,small,15.0,0,可交易（DK_s＝0）,未扣成本（成本參考：2.8 折來回約 0.38%、全額約 0.585%）；交易方法狀態未知（全額交割、變更交易方法、停止信用交易的來源未提供）；容量以 s 日 vol20 估計，未模擬開盤競價量與滑價；不可交易，僅觀察,未扣成本·事後欄位以 m_ 標示·非投資建議
SEL,3,2025-08-18,2025-08-19,6225,天瀚,TWSE,W,W_atr14@3,2,583,0.0739,,0,0,1,-7.483,5.442,5.782,24.55,,不適用,0.0,0.0,750,inf,250.0,official_prepanel,small,37.0,0,可交易（DK_s＝0）,未扣成本（成本參考：2.8 折來回約 0.38%、全額約 0.585%）；交易方法狀態未知（全額交割、變更交易方法、停止信用交易的來源未提供）；容量以 s 日 vol20 估計，未模擬開盤競價量與滑價；不可交易，僅觀察,未扣成本·事後欄位以 m_ 標示·非投資建議
SEL,3,2025-08-18,2025-08-19,7547,碩網,TPEx,W,W_atr14@3,1,583,0.095927,,0,0,1,1.255,0.0,-12.134,890.73,,不適用,0.0,0.0,15,15.0,15.0,official,small,607.0,0,可交易（DK_s＝0）,未扣成本（成本參考：2.8 折來回約 0.38%、全額約 0.585%）；交易方法狀態未知（全額交割、變更交易方法、停止信用交易的來源未提供）；容量以 s 日 vol20 估計，未模擬開盤競價量與滑價；不可交易，僅觀察,未扣成本·事後欄位以 m_ 標示·非投資建議
SEL,3,2025-08-19,2025-08-20,6225,天瀚,TWSE,W,W_atr14@3,2,586,0.081408,,0,0,1,7.692,13.553,17.216,25.9,,不適用,0.0,0.0,751,inf,250.0,official_prepanel,small,49.0,0,可交易（DK_s＝0）,未扣成本（成本參考：2.8 折來回約 0.38%、全額約 0.585%）；交易方法狀態未知（全額交割、變更交易方法、停止信用交易的來源未提供）；容量以 s 日 vol20 估計，未模擬開盤競價量與滑價；不可交易，僅觀察,未扣成本·事後欄位以 m_ 標示·非投資建議
SEL,3,2025-08-19,2025-08-20,7547,碩網,TPEx,W,W_atr14@3,1,586,0.094451,,0,0,1,-1.653,-0.826,-15.289,873.0,,不適用,0.0,0.0,16,16.0,16.0,official,small,538.0,0,可交易（DK_s＝0）,未扣成本（成本參考：2.8 折來回約 0.38%、全額約 0.585%）；交易方法狀態未知（全額交割、變更交易方法、停止信用交易的來源未提供）；容量以 s 日 vol20 估計，未模擬開盤競價量與滑價；不可交易，僅觀察,未扣成本·事後欄位以 m_ 標示·非投資建議
SEL,3,2025-08-19,2025-08-20,8472,納維康,TPEx,W,W_atr14@3,3,586,0.068893,,0,0,1,-4.059,-7.129,-18.812,217.1,,不適用,1.0,1.0,751,inf,250.0,official_prepanel,small,172.0,1,處置中・交易規則另案登錄（DK_s＝1）,未扣成本（成本參考：2.8 折來回約 0.38%、全額約 0.585%）；交易方法狀態未知（全額交割、變更交易方法、停止信用交易的來源未提供）；容量以 s 日 vol20 估計，未模擬開盤競價量與滑價；不可交易，僅觀察,未扣成本·事後欄位以 m_ 標示·非投資建議
SEL,3,2025-08-20,2025-08-21,6225,天瀚,TWSE,W,W_atr14@3,2,563,0.077017,,0,0,1,-1.02,0.68,8.503,27.8,,不適用,0.0,0.0,752,inf,250.0,official_prepanel,small,67.0,0,可交易（DK_s＝0）,未扣成本（成本參考：2.8 折來回約 0.38%、全額約 0.585%）；交易方法狀態未知（全額交割、變更交易方法、停止信用交易的來源未提供）；容量以 s 日 vol20 估計，未模擬開盤競價量與滑價；不可交易，僅觀察,未扣成本·事後欄位以 m_ 標示·非投資建議
SEL,3,2025-08-20,2025-08-21,7547,碩網,TPEx,W,W_atr14@3,1,563,0.095138,,0,0,1,2.586,0.431,-13.362,853.29,,不適用,0.0,0.0,17,17.0,17.0,official,small,317.0,0,可交易（DK_s＝0）,未扣成本（成本參考：2.8 折來回約 0.38%、全額約 0.585%）；交易方法狀態未知（全額交割、變更交易方法、停止信用交易的來源未提供）；容量以 s 日 vol20 估計，未模擬開盤競價量與滑價；不可交易，僅觀察,未扣成本·事後欄位以 m_ 標示·非投資建議
SEL,3,2025-08-20,2025-08-21,8472,納維康,TPEx,W,W_atr14@3,3,563,0.074082,,0,0,1,3.398,-9.709,-23.01,217.05,,不適用,1.0,2.0,752,inf,250.0,official_prepanel,small,1055.0,0,處置中・交易規則另案登錄（DK_s＝1）,未扣成本（成本參考：2.8 折來回約 0.38%、全額約 0.585%）；交易方法狀態未知（全額交割、變更交易方法、停止信用交易的來源未提供）；容量以 s 日 vol20 估計，未模擬開盤競價量與滑價；不可交易，僅觀察,未扣成本·事後欄位以 m_ 標示·非投資建議
SEL,3,2025-08-21,2025-08-22,6225,天瀚,TWSE,W,W_atr14@3,2,570,0.079529,,0,0,1,2.069,6.207,10.345,30.95,,不適用,0.0,0.0,753,inf,250.0,official_prepanel,small,34.0,0,可交易（DK_s＝0）,未扣成本（成本參考：2.8 折來回約 0.38%、全額約 0.585%）；交易方法狀態未知（全額交割、變更交易方法、停止信用交易的來源未提供）；容量以 s 日 vol20 估計，未模擬開盤競價量與滑價；不可交易，僅觀察,未扣成本·事後欄位以 m_ 標示·非投資建議
SEL,3,2025-08-21,2025-08-22,6418,詠昇,TPEx,W,W_atr14@3,3,570,0.067716,,0,0,1,-7.04,-4.454,26.006,1596.32,,不適用,1.0,3.0,753,inf,250.0,official_prepanel,small,766.0,1,處置中・交易規則另案登錄（DK_s＝1）,未扣成本（成本參考：2.8 折來回約 0.38%、全額約 0.585%）；交易方法狀態未知（全額交割、變更交易方法、停止信用交易的來源未提供）；容量以 s 日 vol20 估計，未模擬開盤競價量與滑價；不可交易，僅觀察,未扣成本·事後欄位以 m_ 標示·非投資建議
SEL,3,2025-08-21,2025-08-22,7547,碩網,TPEx,W,W_atr14@3,1,570,0.091236,,0,0,1,4.237,-2.119,-15.678,823.5,,不適用,0.0,0.0,18,18.0,18.0,official,small,576.0,0,可交易（DK_s＝0）,未扣成本（成本參考：2.8 折來回約 0.38%、全額約 0.585%）；交易方法狀態未知（全額交割、變更交易方法、停止信用交易的來源未提供）；容量以 s 日 vol20 估計，未模擬開盤競價量與滑價；不可交易，僅觀察,未扣成本·事後欄位以 m_ 標示·非投資建議
SEL,3,2025-08-22,2025-08-25,6225,天瀚,TWSE,W,W_atr14@3,3,556,0.075531,,0,0,1,6.164,2.055,9.589,32.15,,不適用,0.0,0.0,754,inf,250.0,official_prepanel,small,26.0,0,可交易（DK_s＝0）,未扣成本（成本參考：2.8 折來回約 0.38%、全額約 0.585%）；交易方法狀態未知（全額交割、變更交易方法、停止信用交易的來源未提供）；容量以 s 日 vol20 估計，未模擬開盤競價量與滑價；不可交易，僅觀察,未扣成本·事後欄位以 m_ 標示·非投資建議
SEL,3,2025-08-22,2025-08-25,7547,碩網,TPEx,W,W_atr14@3,1,556,0.087979,,0,0,1,-1.24,-7.025,-18.182,810.47,,不適用,0.0,0.0,19,19.0,19.0,official,small,383.0,0,可交易（DK_s＝0）,未扣成本（成本參考：2.8 折來回約 0.38%、全額約 0.585%）；交易方法狀態未知（全額交割、變更交易方法、停止信用交易的來源未提供）；容量以 s 日 vol20 估計，未模擬開盤競價量與滑價；不可交易，僅觀察,未扣成本·事後欄位以 m_ 標示·非投資建議
SEL,3,2025-08-22,2025-08-25,8472,納維康,TPEx,W,W_atr14@3,2,556,0.080164,,0,0,1,-2.646,-5.291,-14.18,276.5,,不適用,0.0,2.0,754,inf,250.0,official_prepanel,small,298.0,0,可交易（DK_s＝0）,未扣成本（成本參考：2.8 折來回約 0.38%、全額約 0.585%）；交易方法狀態未知（全額交割、變更交易方法、停止信用交易的來源未提供）；容量以 s 日 vol20 估計，未模擬開盤競價量與滑價；不可交易，僅觀察,未扣成本·事後欄位以 m_ 標示·非投資建議
SEL,3,2025-08-25,2025-08-26,3555,博士旺,TPEx,W,W_atr14@3,3,563,0.07395,,0,0,1,0.0,-9.587,-10.579,215.65,,不適用,1.0,3.0,755,inf,250.0,official_prepanel,small,87.0,1,處置中・交易規則另案登錄（DK_s＝1）,未扣成本（成本參考：2.8 折來回約 0.38%、全額約 0.585%）；交易方法狀態未知（全額交割、變更交易方法、停止信用交易的來源未提供）；容量以 s 日 vol20 估計，未模擬開盤競價量與滑價；不可交易，僅觀察,未扣成本·事後欄位以 m_ 標示·非投資建議
SEL,3,2025-08-25,2025-08-26,7547,碩網,TPEx,W,W_atr14@3,2,563,0.082785,,0,0,1,-0.826,-13.223,-17.769,789.1,,不適用,0.0,0.0,20,20.0,20.0,official,small,237.0,0,可交易（DK_s＝0）,未扣成本（成本參考：2.8 折來回約 0.38%、全額約 0.585%）；交易方法狀態未知（全額交割、變更交易方法、停止信用交易的來源未提供）；容量以 s 日 vol20 估計，未模擬開盤競價量與滑價；不可交易，僅觀察,未扣成本·事後欄位以 m_ 標示·非投資建議
SEL,3,2025-08-25,2025-08-26,8472,納維康,TPEx,W,W_atr14@3,1,563,0.087034,,0,0,1,-1.263,-12.105,-16.0,284.2,,不適用,0.0,1.0,755,inf,250.0,official_prepanel,small,178.0,0,可交易（DK_s＝0）,未扣成本（成本參考：2.8 折來回約 0.38%、全額約 0.585%）；交易方法狀態未知（全額交割、變更交易方法、停止信用交易的來源未提供）；容量以 s 日 vol20 估計，未模擬開盤競價量與滑價；不可交易，僅觀察,未扣成本·事後欄位以 m_ 標示·非投資建議
SEL,3,2025-08-26,2025-08-27,4609,唐鋒,TPEx,W,W_atr14@3,3,563,0.075269,,0,0,0,,,,19.0,,不適用,0.0,0.0,756,inf,250.0,official_prepanel,small,,0,可交易（DK_s＝0）,未扣成本（成本參考：2.8 折來回約 0.38%、全額約 0.585%）；交易方法狀態未知（全額交割、變更交易方法、停止信用交易的來源未提供）；容量以 s 日 vol20 估計，未模擬開盤競價量與滑價；不可交易，僅觀察,未扣成本·事後欄位以 m_ 標示·非投資建議
SEL,3,2025-08-26,2025-08-27,7547,碩網,TPEx,W,W_atr14@3,2,563,0.077679,,0,0,1,-2.101,-13.866,-17.227,666.9,,不適用,0.0,0.0,21,21.0,21.0,official,small,207.0,0,可交易（DK_s＝0）,未扣成本（成本參考：2.8 折來回約 0.38%、全額約 0.585%）；交易方法狀態未知（全額交割、變更交易方法、停止信用交易的來源未提供）；容量以 s 日 vol20 估計，未模擬開盤競價量與滑價；不可交易，僅觀察,未扣成本·事後欄位以 m_ 標示·非投資建議
SEL,3,2025-08-26,2025-08-27,8472,納維康,TPEx,W,W_atr14@3,1,563,0.080338,,0,0,1,-2.923,-14.405,-19.729,288.85,,不適用,0.0,1.0,756,inf,250.0,official_prepanel,small,176.0,0,可交易（DK_s＝0）,未扣成本（成本參考：2.8 折來回約 0.38%、全額約 0.585%）；交易方法狀態未知（全額交割、變更交易方法、停止信用交易的來源未提供）；容量以 s 日 vol20 估計，未模擬開盤競價量與滑價；不可交易，僅觀察,未扣成本·事後欄位以 m_ 標示·非投資建議
SEL,3,2025-08-27,2025-08-28,3555,博士旺,TPEx,W,W_atr14@3,3,561,0.076214,,0,0,1,-3.0,-9.833,-20.167,216.3,,不適用,1.0,1.0,757,inf,250.0,official_prepanel,small,59.0,1,處置中・交易規則另案登錄（DK_s＝1）,未扣成本（成本參考：2.8 折來回約 0.38%、全額約 0.585%）；交易方法狀態未知（全額交割、變更交易方法、停止信用交易的來源未提供）；容量以 s 日 vol20 估計，未模擬開盤競價量與滑價；不可交易，僅觀察,未扣成本·事後欄位以 m_ 標示·非投資建議
SEL,3,2025-08-27,2025-08-28,6225,天瀚,TWSE,W,W_atr14@3,2,561,0.076255,,0,0,1,3.704,7.407,12.121,35.6,,不適用,0.0,0.0,757,inf,250.0,official_prepanel,small,47.0,0,可交易（DK_s＝0）,未扣成本（成本參考：2.8 折來回約 0.38%、全額約 0.585%）；交易方法狀態未知（全額交割、變更交易方法、停止信用交易的來源未提供）；容量以 s 日 vol20 估計，未模擬開盤競價量與滑價；不可交易，僅觀察,未扣成本·事後欄位以 m_ 標示·非投資建議
SEL,3,2025-08-27,2025-08-28,8472,納維康,TPEx,W,W_atr14@3,1,561,0.080261,,0,0,1,-0.543,-13.804,-17.391,293.3,,不適用,0.0,0.0,757,inf,250.0,official_prepanel,small,198.0,0,可交易（DK_s＝0）,未扣成本（成本參考：2.8 折來回約 0.38%、全額約 0.585%）；交易方法狀態未知（全額交割、變更交易方法、停止信用交易的來源未提供）；容量以 s 日 vol20 估計，未模擬開盤競價量與滑價；不可交易，僅觀察,未扣成本·事後欄位以 m_ 標示·非投資建議
SEL,3,2025-08-28,2025-08-29,3555,博士旺,TPEx,W,W_atr14@3,1,551,0.076031,,0,0,1,-3.304,-10.087,-24.0,215.75,,不適用,1.0,0.0,758,inf,250.0,official_prepanel,small,107.0,1,處置中・交易規則另案登錄（DK_s＝1）,未扣成本（成本參考：2.8 折來回約 0.38%、全額約 0.585%）；交易方法狀態未知（全額交割、變更交易方法、停止信用交易的來源未提供）；容量以 s 日 vol20 估計，未模擬開盤競價量與滑價；不可交易，僅觀察,未扣成本·事後欄位以 m_ 標示·非投資建議
SEL,3,2025-08-28,2025-08-29,4806,桂田文創,TPEx,W,W_atr14@3,2,551,0.074353,,0,0,1,-2.817,-6.573,-13.85,20.37,,不適用,0.0,0.0,758,inf,250.0,official_prepanel,small,56.0,0,可交易（DK_s＝0）,未扣成本（成本參考：2.8 折來回約 0.38%、全額約 0.585%）；交易方法狀態未知（全額交割、變更交易方法、停止信用交易的來源未提供）；容量以 s 日 vol20 估計，未模擬開盤競價量與滑價；不可交易，僅觀察,未扣成本·事後欄位以 m_ 標示·非投資建議
SEL,3,2025-08-28,2025-08-29,6418,詠昇,TPEx,W,W_atr14@3,3,551,0.0738,,0,0,1,-1.78,30.119,47.923,1733.74,,不適用,1.0,0.0,758,inf,250.0,official_prepanel,small,527.0,1,處置中・交易規則另案登錄（DK_s＝1）,未扣成本（成本參考：2.8 折來回約 0.38%、全額約 0.585%）；交易方法狀態未知（全額交割、變更交易方法、停止信用交易的來源未提供）；容量以 s 日 vol20 估計，未模擬開盤競價量與滑價；不可交易，僅觀察,未扣成本·事後欄位以 m_ 標示·非投資建議
SEL,3,2025-08-29,2025-09-01,2740,華軒,TPEx,W,W_atr14@3,2,539,0.073355,,0,0,1,-0.386,5.212,-7.915,11.0,,不適用,0.0,0.0,759,inf,250.0,official_prepanel,small,8.0,0,可交易（DK_s＝0）,未扣成本（成本參考：2.8 折來回約 0.38%、全額約 0.585%）；交易方法狀態未知（全額交割、變更交易方法、停止信用交易的來源未提供）；容量以 s 日 vol20 估計，未模擬開盤競價量與滑價；不可交易，僅觀察,未扣成本·事後欄位以 m_ 標示·非投資建議
SEL,3,2025-08-29,2025-09-01,4806,桂田文創,TPEx,W,W_atr14@3,1,539,0.083333,,0,0,1,3.811,6.439,-3.417,21.47,,不適用,0.0,0.0,759,inf,250.0,official_prepanel,small,63.0,0,可交易（DK_s＝0）,未扣成本（成本參考：2.8 折來回約 0.38%、全額約 0.585%）；交易方法狀態未知（全額交割、變更交易方法、停止信用交易的來源未提供）；容量以 s 日 vol20 估計，未模擬開盤競價量與滑價；不可交易，僅觀察,未扣成本·事後欄位以 m_ 標示·非投資建議
SEL,3,2025-08-29,2025-09-01,6418,詠昇,TPEx,W,W_atr14@3,3,539,0.070765,,0,0,1,1.964,45.619,47.734,1753.32,,不適用,1.0,0.0,759,inf,250.0,official_prepanel,small,837.0,1,處置中・交易規則另案登錄（DK_s＝1）,未扣成本（成本參考：2.8 折來回約 0.38%、全額約 0.585%）；交易方法狀態未知（全額交割、變更交易方法、停止信用交易的來源未提供）；容量以 s 日 vol20 估計，未模擬開盤競價量與滑價；不可交易，僅觀察,未扣成本·事後欄位以 m_ 標示·非投資建議
SEL,3,2025-09-01,2025-09-02,4806,桂田文創,TPEx,W,W_atr14@3,1,534,0.088517,,0,0,0,,,,23.42,,不適用,0.0,0.0,760,inf,250.0,official_prepanel,small,,0,可交易（DK_s＝0）,未扣成本（成本參考：2.8 折來回約 0.38%、全額約 0.585%）；交易方法狀態未知（全額交割、變更交易方法、停止信用交易的來源未提供）；容量以 s 日 vol20 估計，未模擬開盤競價量與滑價；不可交易，僅觀察,未扣成本·事後欄位以 m_ 標示·非投資建議
SEL,3,2025-09-01,2025-09-02,6573,虹揚-KY,TWSE,W,W_atr14@3,3,534,0.072146,,0,0,1,0.904,0.402,-4.016,222.6,,不適用,0.0,0.0,760,inf,250.0,official_prepanel,small,121.0,0,可交易（DK_s＝0）,未扣成本（成本參考：2.8 折來回約 0.38%、全額約 0.585%）；交易方法狀態未知（全額交割、變更交易方法、停止信用交易的來源未提供）；容量以 s 日 vol20 估計，未模擬開盤競價量與滑價；不可交易，僅觀察,未扣成本·事後欄位以 m_ 標示·非投資建議
SEL,3,2025-09-01,2025-09-02,6791,虎門科技,TPEx,W,W_atr14@3,2,534,0.07764,,0,0,1,-3.623,3.986,-7.971,253.6,,不適用,0.0,1.0,677,677.0,250.0,official,small,203.0,0,可交易（DK_s＝0）,未扣成本（成本參考：2.8 折來回約 0.38%、全額約 0.585%）；交易方法狀態未知（全額交割、變更交易方法、停止信用交易的來源未提供）；容量以 s 日 vol20 估計，未模擬開盤競價量與滑價；不可交易，僅觀察,未扣成本·事後欄位以 m_ 標示·非投資建議
SEL,3,2025-09-02,2025-09-03,2740,華軒,TPEx,W,W_atr14@3,2,522,0.07337,,0,0,1,-3.307,-4.669,-7.588,10.35,,不適用,0.0,0.0,761,inf,250.0,official_prepanel,small,8.0,0,可交易（DK_s＝0）,未扣成本（成本參考：2.8 折來回約 0.38%、全額約 0.585%）；交易方法狀態未知（全額交割、變更交易方法、停止信用交易的來源未提供）；容量以 s 日 vol20 估計，未模擬開盤競價量與滑價；不可交易，僅觀察,未扣成本·事後欄位以 m_ 標示·非投資建議
SEL,3,2025-09-02,2025-09-03,6573,虹揚-KY,TWSE,W,W_atr14@3,3,522,0.071926,,0,0,1,-0.99,-1.188,-3.168,226.3,,不適用,0.0,0.0,761,inf,250.0,official_prepanel,small,110.0,0,可交易（DK_s＝0）,未扣成本（成本參考：2.8 折來回約 0.38%、全額約 0.585%）；交易方法狀態未知（全額交割、變更交易方法、停止信用交易的來源未提供）；容量以 s 日 vol20 估計，未模擬開盤競價量與滑價；不可交易，僅觀察,未扣成本·事後欄位以 m_ 標示·非投資建議
SEL,3,2025-09-02,2025-09-03,6791,虎門科技,TPEx,W,W_atr14@3,1,522,0.084586,,0,0,1,1.111,0.37,-5.556,263.15,,不適用,0.0,1.0,678,678.0,250.0,official,small,60.0,0,可交易（DK_s＝0）,未扣成本（成本參考：2.8 折來回約 0.38%、全額約 0.585%）；交易方法狀態未知（全額交割、變更交易方法、停止信用交易的來源未提供）；容量以 s 日 vol20 估計，未模擬開盤競價量與滑價；不可交易，僅觀察,未扣成本·事後欄位以 m_ 標示·非投資建議
SEL,3,2025-09-03,2025-09-04,2740,華軒,TPEx,W,W_atr14@3,2,527,0.076171,,0,0,1,2.268,0.825,-2.268,10.7,,不適用,0.0,0.0,762,inf,250.0,official_prepanel,small,13.0,0,可交易（DK_s＝0）,未扣成本（成本參考：2.8 折來回約 0.38%、全額約 0.585%）；交易方法狀態未知（全額交割、變更交易方法、停止信用交易的來源未提供）；容量以 s 日 vol20 估計，未模擬開盤競價量與滑價；不可交易，僅觀察,未扣成本·事後欄位以 m_ 標示·非投資建議
SEL,3,2025-09-03,2025-09-04,3095,及成,TPEx,W,W_atr14@3,3,527,0.074546,,0,0,1,-0.397,-1.389,-0.397,52.5,,不適用,0.0,0.0,762,inf,250.0,official_prepanel,small,27.0,0,可交易（DK_s＝0）,未扣成本（成本參考：2.8 折來回約 0.38%、全額約 0.585%）；交易方法狀態未知（全額交割、變更交易方法、停止信用交易的來源未提供）；容量以 s 日 vol20 估計，未模擬開盤競價量與滑價；不可交易，僅觀察,未扣成本·事後欄位以 m_ 標示·非投資建議
SEL,3,2025-09-03,2025-09-04,6791,虎門科技,TPEx,W,W_atr14@3,1,527,0.079016,,0,0,1,-5.435,0.0,-8.696,265.55,,不適用,0.0,0.0,679,679.0,250.0,official,small,87.0,0,可交易（DK_s＝0）,未扣成本（成本參考：2.8 折來回約 0.38%、全額約 0.585%）；交易方法狀態未知（全額交割、變更交易方法、停止信用交易的來源未提供）；容量以 s 日 vol20 估計，未模擬開盤競價量與滑價；不可交易，僅觀察,未扣成本·事後欄位以 m_ 標示·非投資建議
SEL,3,2025-09-04,2025-09-05,3095,及成,TPEx,W,W_atr14@3,3,509,0.073847,,0,0,1,0.399,-2.595,10.18,53.61,,不適用,0.0,0.0,763,inf,250.0,official_prepanel,small,31.0,0,可交易（DK_s＝0）,未扣成本（成本參考：2.8 折來回約 0.38%、全額約 0.585%）；交易方法狀態未知（全額交割、變更交易方法、停止信用交易的來源未提供）；容量以 s 日 vol20 估計，未模擬開盤競價量與滑價；不可交易，僅觀察,未扣成本·事後欄位以 m_ 標示·非投資建議
SEL,3,2025-09-04,2025-09-05,4806,桂田文創,TPEx,W,W_atr14@3,1,509,0.085008,,0,0,1,8.434,-1.74,,24.65,,不適用,0.0,0.0,763,inf,250.0,official_prepanel,small,10.0,0,可交易（DK_s＝0）,未扣成本（成本參考：2.8 折來回約 0.38%、全額約 0.585%）；交易方法狀態未知（全額交割、變更交易方法、停止信用交易的來源未提供）；容量以 s 日 vol20 估計，未模擬開盤競價量與滑價；不可交易，僅觀察,未扣成本·事後欄位以 m_ 標示·非投資建議
SEL,3,2025-09-04,2025-09-05,6791,虎門科技,TPEx,W,W_atr14@3,2,509,0.08347,,0,0,1,-1.136,3.409,-4.167,269.45,,不適用,0.0,0.0,680,680.0,250.0,official,small,70.0,0,可交易（DK_s＝0）,未扣成本（成本參考：2.8 折來回約 0.38%、全額約 0.585%）；交易方法狀態未知（全額交割、變更交易方法、停止信用交易的來源未提供）；容量以 s 日 vol20 估計，未模擬開盤競價量與滑價；不可交易，僅觀察,未扣成本·事後欄位以 m_ 標示·非投資建議
SEL,3,2025-09-05,2025-09-08,3095,及成,TPEx,W,W_atr14@3,3,509,0.072139,,0,0,1,1.19,0.0,13.492,52.42,,不適用,0.0,0.0,764,inf,250.0,official_prepanel,small,3.0,0,可交易（DK_s＝0）,未扣成本（成本參考：2.8 折來回約 0.38%、全額約 0.585%）；交易方法狀態未知（全額交割、變更交易方法、停止信用交易的來源未提供）；容量以 s 日 vol20 估計，未模擬開盤競價量與滑價；不可交易，僅觀察,未扣成本·事後欄位以 m_ 標示·非投資建議
SEL,3,2025-09-05,2025-09-08,4806,桂田文創,TPEx,W,W_atr14@3,1,509,0.084362,,0,0,1,1.535,-6.01,0.895,24.59,,不適用,0.0,0.0,764,inf,250.0,official_prepanel,small,89.0,0,可交易（DK_s＝0）,未扣成本（成本參考：2.8 折來回約 0.38%、全額約 0.585%）；交易方法狀態未知（全額交割、變更交易方法、停止信用交易的來源未提供）；容量以 s 日 vol20 估計，未模擬開盤競價量與滑價；不可交易，僅觀察,未扣成本·事後欄位以 m_ 標示·非投資建議
SEL,3,2025-09-05,2025-09-08,6791,虎門科技,TPEx,W,W_atr14@3,2,509,0.076902,,0,0,1,8.712,-0.379,-3.409,270.35,,不適用,0.0,0.0,681,681.0,250.0,official,small,228.0,0,可交易（DK_s＝0）,未扣成本（成本參考：2.8 折來回約 0.38%、全額約 0.585%）；交易方法狀態未知（全額交割、變更交易方法、停止信用交易的來源未提供）；容量以 s 日 vol20 估計，未模擬開盤競價量與滑價；不可交易，僅觀察,未扣成本·事後欄位以 m_ 標示·非投資建議
SEL,3,2025-09-08,2025-09-09,2321,東訊,TWSE,W,W_atr14@3,2,515,0.070066,,0,0,1,0.0,,-22.693,36.47,,不適用,0.0,0.0,765,inf,250.0,official_prepanel,small,9.0,0,可交易（DK_s＝0）,未扣成本（成本參考：2.8 折來回約 0.38%、全額約 0.585%）；交易方法狀態未知（全額交割、變更交易方法、停止信用交易的來源未提供）；容量以 s 日 vol20 估計，未模擬開盤競價量與滑價；不可交易，僅觀察,未扣成本·事後欄位以 m_ 標示·非投資建議
SEL,3,2025-09-08,2025-09-09,3095,及成,TPEx,W,W_atr14@3,3,515,0.065126,,0,0,1,0.0,-3.137,12.157,49.95,,不適用,0.0,0.0,765,inf,250.0,official_prepanel,small,3.0,0,可交易（DK_s＝0）,未扣成本（成本參考：2.8 折來回約 0.38%、全額約 0.585%）；交易方法狀態未知（全額交割、變更交易方法、停止信用交易的來源未提供）；容量以 s 日 vol20 估計，未模擬開盤競價量與滑價；不可交易，僅觀察,未扣成本·事後欄位以 m_ 標示·非投資建議
SEL,3,2025-09-08,2025-09-09,4806,桂田文創,TPEx,W,W_atr14@3,1,515,0.082914,,0,0,1,-4.198,-6.489,-6.361,29.76,,不適用,0.0,0.0,765,inf,250.0,official_prepanel,small,67.0,0,可交易（DK_s＝0）,未扣成本（成本參考：2.8 折來回約 0.38%、全額約 0.585%）；交易方法狀態未知（全額交割、變更交易方法、停止信用交易的來源未提供）；容量以 s 日 vol20 估計，未模擬開盤競價量與滑價；不可交易，僅觀察,未扣成本·事後欄位以 m_ 標示·非投資建議
SEL,3,2025-09-09,2025-09-10,2321,東訊,TWSE,W,W_atr14@3,3,522,0.06503,,0,0,1,4.918,-7.377,-7.377,36.82,,不適用,0.0,0.0,766,inf,250.0,official_prepanel,small,45.0,0,可交易（DK_s＝0）,未扣成本（成本參考：2.8 折來回約 0.38%、全額約 0.585%）；交易方法狀態未知（全額交割、變更交易方法、停止信用交易的來源未提供）；容量以 s 日 vol20 估計，未模擬開盤競價量與滑價；不可交易，僅觀察,未扣成本·事後欄位以 m_ 標示·非投資建議
SEL,3,2025-09-09,2025-09-10,4806,桂田文創,TPEx,W,W_atr14@3,1,522,0.085879,,0,0,1,0.133,3.054,0.266,31.83,,不適用,0.0,0.0,766,inf,250.0,official_prepanel,small,26.0,0,可交易（DK_s＝0）,未扣成本（成本參考：2.8 折來回約 0.38%、全額約 0.585%）；交易方法狀態未知（全額交割、變更交易方法、停止信用交易的來源未提供）；容量以 s 日 vol20 估計，未模擬開盤競價量與滑價；不可交易，僅觀察,未扣成本·事後欄位以 m_ 標示·非投資建議
SEL,3,2025-09-09,2025-09-10,6791,虎門科技,TPEx,W,W_atr14@3,2,522,0.073801,,0,0,1,1.099,-6.593,-7.326,284.15,,不適用,0.0,0.0,683,683.0,250.0,official,small,108.0,0,可交易（DK_s＝0）,未扣成本（成本參考：2.8 折來回約 0.38%、全額約 0.585%）；交易方法狀態未知（全額交割、變更交易方法、停止信用交易的來源未提供）；容量以 s 日 vol20 估計，未模擬開盤競價量與滑價；不可交易，僅觀察,未扣成本·事後欄位以 m_ 標示·非投資建議
SEL,3,2025-09-10,2025-09-11,2321,東訊,TWSE,W,W_atr14@3,2,522,0.07492,,0,0,1,-6.25,-18.229,-14.323,37.28,,不適用,0.0,0.0,767,inf,250.0,official_prepanel,small,46.0,0,可交易（DK_s＝0）,未扣成本（成本參考：2.8 折來回約 0.38%、全額約 0.585%）；交易方法狀態未知（全額交割、變更交易方法、停止信用交易的來源未提供）；容量以 s 日 vol20 估計，未模擬開盤競價量與滑價；不可交易，僅觀察,未扣成本·事後欄位以 m_ 標示·非投資建議
SEL,3,2025-09-10,2025-09-11,4806,桂田文創,TPEx,W,W_atr14@3,1,522,0.079686,,0,0,1,3.09,8.146,5.899,32.44,,不適用,0.0,0.0,767,inf,250.0,official_prepanel,small,19.0,0,可交易（DK_s＝0）,未扣成本（成本參考：2.8 折來回約 0.38%、全額約 0.585%）；交易方法狀態未知（全額交割、變更交易方法、停止信用交易的來源未提供）；容量以 s 日 vol20 估計，未模擬開盤競價量與滑價；不可交易，僅觀察,未扣成本·事後欄位以 m_ 標示·非投資建議
SEL,3,2025-09-10,2025-09-11,6919,康霈*,TWSE,W,W_atr14@3,3,522,0.07423,,0,0,1,0.0,-4.348,-5.556,38083.3,,不適用,0.0,3.0,229,229.0,229.0,official,large,5149.0,0,可交易（DK_s＝0）,未扣成本（成本參考：2.8 折來回約 0.38%、全額約 0.585%）；交易方法狀態未知（全額交割、變更交易方法、停止信用交易的來源未提供）；容量以 s 日 vol20 估計，未模擬開盤競價量與滑價；不可交易，僅觀察,未扣成本·事後欄位以 m_ 標示·非投資建議
SEL,3,2025-09-11,2025-09-12,2321,東訊,TWSE,W,W_atr14@3,3,521,0.080769,,0,0,1,0.279,-11.142,-4.735,39.22,,不適用,0.0,0.0,768,inf,250.0,official_prepanel,small,3.0,0,可交易（DK_s＝0）,未扣成本（成本參考：2.8 折來回約 0.38%、全額約 0.585%）；交易方法狀態未知（全額交割、變更交易方法、停止信用交易的來源未提供）；容量以 s 日 vol20 估計，未模擬開盤競價量與滑價；不可交易，僅觀察,未扣成本·事後欄位以 m_ 標示·非投資建議
SEL,3,2025-09-11,2025-09-12,4806,桂田文創,TPEx,W,W_atr14@3,2,521,0.083106,,0,0,1,-0.676,,,31.11,,不適用,0.0,0.0,768,inf,250.0,official_prepanel,small,19.0,0,可交易（DK_s＝0）,未扣成本（成本參考：2.8 折來回約 0.38%、全額約 0.585%）；交易方法狀態未知（全額交割、變更交易方法、停止信用交易的來源未提供）；容量以 s 日 vol20 估計，未模擬開盤競價量與滑價；不可交易，僅觀察,未扣成本·事後欄位以 m_ 標示·非投資建議
SEL,3,2025-09-11,2025-09-12,6919,康霈*,TWSE,W,W_atr14@3,1,521,0.085749,,0,0,1,8.094,2.35,-1.828,37831.05,,不適用,0.0,2.0,230,230.0,230.0,official,large,73709.0,0,可交易（DK_s＝0）,未扣成本（成本參考：2.8 折來回約 0.38%、全額約 0.585%）；交易方法狀態未知（全額交割、變更交易方法、停止信用交易的來源未提供）；容量以 s 日 vol20 估計，未模擬開盤競價量與滑價；不可交易，僅觀察,未扣成本·事後欄位以 m_ 標示·非投資建議
SEL,3,2025-09-12,2025-09-15,2321,東訊,TWSE,W,W_atr14@3,3,523,0.073718,,0,0,0,,,,38.44,,不適用,0.0,0.0,769,inf,250.0,official_prepanel,small,,0,可交易（DK_s＝0）,未扣成本（成本參考：2.8 折來回約 0.38%、全額約 0.585%）；交易方法狀態未知（全額交割、變更交易方法、停止信用交易的來源未提供）；容量以 s 日 vol20 估計，未模擬開盤競價量與滑價；不可交易，僅觀察,未扣成本·事後欄位以 m_ 標示·非投資建議
SEL,3,2025-09-12,2025-09-15,4806,桂田文創,TPEx,W,W_atr14@3,2,523,0.074376,,0,0,1,0.0,7.347,,31.56,,不適用,0.0,0.0,769,inf,250.0,official_prepanel,small,17.0,0,可交易（DK_s＝0）,未扣成本（成本參考：2.8 折來回約 0.38%、全額約 0.585%）；交易方法狀態未知（全額交割、變更交易方法、停止信用交易的來源未提供）；容量以 s 日 vol20 估計，未模擬開盤競價量與滑價；不可交易，僅觀察,未扣成本·事後欄位以 m_ 標示·非投資建議
SEL,3,2025-09-12,2025-09-15,6919,康霈*,TWSE,W,W_atr14@3,1,523,0.094548,,0,0,1,-1.188,-13.539,-12.352,40404.15,,不適用,0.0,2.0,231,231.0,231.0,official,large,37753.0,0,可交易（DK_s＝0）,未扣成本（成本參考：2.8 折來回約 0.38%、全額約 0.585%）；交易方法狀態未知（全額交割、變更交易方法、停止信用交易的來源未提供）；容量以 s 日 vol20 估計，未模擬開盤競價量與滑價；不可交易，僅觀察,未扣成本·事後欄位以 m_ 標示·非投資建議
SEL,3,2025-09-15,2025-09-16,1295,生合,TPEx,W,W_atr14@3,3,518,0.069577,,0,0,1,-2.574,-2.941,-10.294,2278.9,,不適用,0.0,0.0,79,79.0,79.0,official,small,452.0,0,可交易（DK_s＝0）,未扣成本（成本參考：2.8 折來回約 0.38%、全額約 0.585%）；交易方法狀態未知（全額交割、變更交易方法、停止信用交易的來源未提供）；容量以 s 日 vol20 估計，未模擬開盤競價量與滑價；不可交易，僅觀察,未扣成本·事後欄位以 m_ 標示·非投資建議
SEL,3,2025-09-15,2025-09-16,4806,桂田文創,TPEx,W,W_atr14@3,2,518,0.069728,,0,0,1,-2.757,-7.769,,32.39,,不適用,0.0,0.0,770,inf,250.0,official_prepanel,small,17.0,0,可交易（DK_s＝0）,未扣成本（成本參考：2.8 折來回約 0.38%、全額約 0.585%）；交易方法狀態未知（全額交割、變更交易方法、停止信用交易的來源未提供）；容量以 s 日 vol20 估計，未模擬開盤競價量與滑價；不可交易，僅觀察,未扣成本·事後欄位以 m_ 標示·非投資建議
SEL,3,2025-09-15,2025-09-16,6919,康霈*,TWSE,W,W_atr14@3,1,518,0.09581,,0,0,1,-6.161,-7.583,-12.085,40900.9,,不適用,0.0,1.0,232,232.0,232.0,official,large,33466.0,0,可交易（DK_s＝0）,未扣成本（成本參考：2.8 折來回約 0.38%、全額約 0.585%）；交易方法狀態未知（全額交割、變更交易方法、停止信用交易的來源未提供）；容量以 s 日 vol20 估計，未模擬開盤競價量與滑價；不可交易，僅觀察,未扣成本·事後欄位以 m_ 標示·非投資建議
SEL,3,2025-09-16,2025-09-17,1256,鮮活果汁-KY,TWSE,W,W_atr14@3,3,523,0.06646,,0,0,1,1.739,-0.58,3.188,156.05,,不適用,0.0,0.0,771,inf,250.0,official_prepanel,small,65.0,0,可交易（DK_s＝0）,未扣成本（成本參考：2.8 折來回約 0.38%、全額約 0.585%）；交易方法狀態未知（全額交割、變更交易方法、停止信用交易的來源未提供）；容量以 s 日 vol20 估計，未模擬開盤競價量與滑價；不可交易，僅觀察,未扣成本·事後欄位以 m_ 標示·非投資建議
SEL,3,2025-09-16,2025-09-17,1295,生合,TPEx,W,W_atr14@3,2,523,0.067385,,0,0,1,3.774,-4.151,-9.434,2227.6,,不適用,0.0,0.0,80,80.0,80.0,official,small,980.0,0,可交易（DK_s＝0）,未扣成本（成本參考：2.8 折來回約 0.38%、全額約 0.585%）；交易方法狀態未知（全額交割、變更交易方法、停止信用交易的來源未提供）；容量以 s 日 vol20 估計，未模擬開盤競價量與滑價；不可交易，僅觀察,未扣成本·事後欄位以 m_ 標示·非投資建議
SEL,3,2025-09-16,2025-09-17,6919,康霈*,TWSE,W,W_atr14@3,1,523,0.101732,,0,0,1,1.279,0.512,-2.813,40846.7,,不適用,0.0,0.0,233,233.0,233.0,official,large,19233.0,0,可交易（DK_s＝0）,未扣成本（成本參考：2.8 折來回約 0.38%、全額約 0.585%）；交易方法狀態未知（全額交割、變更交易方法、停止信用交易的來源未提供）；容量以 s 日 vol20 估計，未模擬開盤競價量與滑價；不可交易，僅觀察,未扣成本·事後欄位以 m_ 標示·非投資建議
SEL,3,2025-09-17,2025-09-18,1256,鮮活果汁-KY,TWSE,W,W_atr14@3,3,529,0.06858,,0,0,1,-6.54,-7.357,-4.632,158.6,,不適用,0.0,0.0,772,inf,250.0,official_prepanel,small,81.0,0,可交易（DK_s＝0）,未扣成本（成本參考：2.8 折來回約 0.38%、全額約 0.585%）；交易方法狀態未知（全額交割、變更交易方法、停止信用交易的來源未提供）；容量以 s 日 vol20 估計，未模擬開盤競價量與滑價；不可交易，僅觀察,未扣成本·事後欄位以 m_ 標示·非投資建議
SEL,3,2025-09-17,2025-09-18,2321,東訊,TWSE,W,W_atr14@3,2,529,0.070329,,0,0,1,1.592,4.777,17.834,40.17,,不適用,0.0,0.0,772,inf,250.0,official_prepanel,small,49.0,0,可交易（DK_s＝0）,未扣成本（成本參考：2.8 折來回約 0.38%、全額約 0.585%）；交易方法狀態未知（全額交割、變更交易方法、停止信用交易的來源未提供）；容量以 s 日 vol20 估計，未模擬開盤競價量與滑價；不可交易，僅觀察,未扣成本·事後欄位以 m_ 標示·非投資建議
SEL,3,2025-09-17,2025-09-18,6919,康霈*,TWSE,W,W_atr14@3,1,529,0.099567,,0,0,1,-4.854,-5.097,-9.951,38875.9,,不適用,0.0,1.0,234,234.0,234.0,official,large,17329.0,0,可交易（DK_s＝0）,未扣成本（成本參考：2.8 折來回約 0.38%、全額約 0.585%）；交易方法狀態未知（全額交割、變更交易方法、停止信用交易的來源未提供）；容量以 s 日 vol20 估計，未模擬開盤競價量與滑價；不可交易，僅觀察,未扣成本·事後欄位以 m_ 標示·非投資建議
SEL,3,2025-09-18,2025-09-19,2321,東訊,TWSE,W,W_atr14@3,2,530,0.063218,,0,0,1,0.641,9.615,16.026,42.5,,不適用,0.0,0.0,773,inf,250.0,official_prepanel,small,30.0,0,可交易（DK_s＝0）,未扣成本（成本參考：2.8 折來回約 0.38%、全額約 0.585%）；交易方法狀態未知（全額交割、變更交易方法、停止信用交易的來源未提供）；容量以 s 日 vol20 估計，未模擬開盤競價量與滑價；不可交易，僅觀察,未扣成本·事後欄位以 m_ 標示·非投資建議
SEL,3,2025-09-18,2025-09-19,4950,金耘國際,TPEx,W,W_atr14@3,3,530,0.062925,,0,0,1,-5.238,-2.381,-3.333,42.4,,不適用,0.0,0.0,773,inf,250.0,official_prepanel,small,149.0,0,可交易（DK_s＝0）,未扣成本（成本參考：2.8 折來回約 0.38%、全額約 0.585%）；交易方法狀態未知（全額交割、變更交易方法、停止信用交易的來源未提供）；容量以 s 日 vol20 估計，未模擬開盤競價量與滑價；不可交易，僅觀察,未扣成本·事後欄位以 m_ 標示·非投資建議
SEL,3,2025-09-18,2025-09-19,6919,康霈*,TWSE,W,W_atr14@3,1,530,0.099308,,0,0,1,-8.081,-5.051,-9.848,37724.35,,不適用,0.0,1.0,235,235.0,235.0,official,large,110390.0,0,可交易（DK_s＝0）,未扣成本（成本參考：2.8 折來回約 0.38%、全額約 0.585%）；交易方法狀態未知（全額交割、變更交易方法、停止信用交易的來源未提供）；容量以 s 日 vol20 估計，未模擬開盤競價量與滑價；不可交易，僅觀察,未扣成本·事後欄位以 m_ 標示·非投資建議
SEL,3,2025-09-19,2025-09-22,1295,生合,TPEx,W,W_atr14@3,3,529,0.061567,,0,0,1,-1.859,-9.294,-15.613,1995.6,,不適用,0.0,0.0,83,83.0,83.0,official,small,356.0,0,可交易（DK_s＝0）,未扣成本（成本參考：2.8 折來回約 0.38%、全額約 0.585%）；交易方法狀態未知（全額交割、變更交易方法、停止信用交易的來源未提供）；容量以 s 日 vol20 估計，未模擬開盤競價量與滑價；不可交易，僅觀察,未扣成本·事後欄位以 m_ 標示·非投資建議
SEL,3,2025-09-19,2025-09-22,4950,金耘國際,TPEx,W,W_atr14@3,2,529,0.063532,,0,0,1,-2.255,-0.49,-0.98,48.7,,不適用,0.0,0.0,774,inf,250.0,official_prepanel,small,31.0,0,可交易（DK_s＝0）,未扣成本（成本參考：2.8 折來回約 0.38%、全額約 0.585%）；交易方法狀態未知（全額交割、變更交易方法、停止信用交易的來源未提供）；容量以 s 日 vol20 估計，未模擬開盤競價量與滑價；不可交易，僅觀察,未扣成本·事後欄位以 m_ 標示·非投資建議
SEL,3,2025-09-19,2025-09-22,6919,康霈*,TWSE,W,W_atr14@3,1,529,0.112245,,0,0,1,5.405,-0.27,-8.649,41501.6,,不適用,0.0,1.0,236,236.0,236.0,official,large,31268.0,0,可交易（DK_s＝0）,未扣成本（成本參考：2.8 折來回約 0.38%、全額約 0.585%）；交易方法狀態未知（全額交割、變更交易方法、停止信用交易的來源未提供）；容量以 s 日 vol20 估計，未模擬開盤競價量與滑價；不可交易，僅觀察,未扣成本·事後欄位以 m_ 標示·非投資建議
SEL,3,2025-09-22,2025-09-23,1295,生合,TPEx,W,W_atr14@3,3,528,0.057089,,0,0,1,-3.788,-7.576,-12.5,1878.9,,不適用,0.0,0.0,84,84.0,84.0,official,small,581.0,0,可交易（DK_s＝0）,未扣成本（成本參考：2.8 折來回約 0.38%、全額約 0.585%）；交易方法狀態未知（全額交割、變更交易方法、停止信用交易的來源未提供）；容量以 s 日 vol20 估計，未模擬開盤競價量與滑價；不可交易，僅觀察,未扣成本·事後欄位以 m_ 標示·非投資建議
SEL,3,2025-09-22,2025-09-23,5345,馥鴻,TPEx,W,W_atr14@3,2,528,0.057143,,0,0,1,-1.852,-1.646,-0.617,35.74,,不適用,0.0,0.0,775,inf,250.0,official_prepanel,small,39.0,0,可交易（DK_s＝0）,未扣成本（成本參考：2.8 折來回約 0.38%、全額約 0.585%）；交易方法狀態未知（全額交割、變更交易方法、停止信用交易的來源未提供）；容量以 s 日 vol20 估計，未模擬開盤競價量與滑價；不可交易，僅觀察,未扣成本·事後欄位以 m_ 標示·非投資建議
SEL,3,2025-09-22,2025-09-23,6919,康霈*,TWSE,W,W_atr14@3,1,528,0.10348,,0,0,1,-1.008,-6.549,-17.884,41444.45,,不適用,0.0,1.0,237,237.0,237.0,official,large,22653.0,0,可交易（DK_s＝0）,未扣成本（成本參考：2.8 折來回約 0.38%、全額約 0.585%）；交易方法狀態未知（全額交割、變更交易方法、停止信用交易的來源未提供）；容量以 s 日 vol20 估計，未模擬開盤競價量與滑價；不可交易，僅觀察,未扣成本·事後欄位以 m_ 標示·非投資建議
SEL,3,2025-09-23,2025-09-24,1295,生合,TPEx,W,W_atr14@3,3,533,0.058211,,0,0,1,-0.394,-5.512,-12.205,1810.4,,不適用,0.0,0.0,85,85.0,85.0,official,small,487.0,0,可交易（DK_s＝0）,未扣成本（成本參考：2.8 折來回約 0.38%、全額約 0.585%）；交易方法狀態未知（全額交割、變更交易方法、停止信用交易的來源未提供）；容量以 s 日 vol20 估計，未模擬開盤競價量與滑價；不可交易，僅觀察,未扣成本·事後欄位以 m_ 標示·非投資建議
SEL,3,2025-09-23,2025-09-24,5345,馥鴻,TPEx,W,W_atr14@3,2,533,0.061246,,0,0,1,1.048,-0.419,1.677,37.21,,不適用,0.0,0.0,776,inf,250.0,official_prepanel,small,2.0,0,可交易（DK_s＝0）,未扣成本（成本參考：2.8 折來回約 0.38%、全額約 0.585%）；交易方法狀態未知（全額交割、變更交易方法、停止信用交易的來源未提供）；容量以 s 日 vol20 估計，未模擬開盤競價量與滑價；不可交易，僅觀察,未扣成本·事後欄位以 m_ 標示·非投資建議
SEL,3,2025-09-23,2025-09-24,6919,康霈*,TWSE,W,W_atr14@3,1,533,0.097783,,0,0,1,0.256,-2.564,-21.538,37180.95,,不適用,0.0,1.0,238,238.0,238.0,official,large,11945.0,0,可交易（DK_s＝0）,未扣成本（成本參考：2.8 折來回約 0.38%、全額約 0.585%）；交易方法狀態未知（全額交割、變更交易方法、停止信用交易的來源未提供）；容量以 s 日 vol20 估計，未模擬開盤競價量與滑價；不可交易，僅觀察,未扣成本·事後欄位以 m_ 標示·非投資建議
SEL,3,2025-09-24,2025-09-25,3135,凌航,TWSE,W,W_atr14@3,3,527,0.061505,,0,0,1,-3.694,6.992,23.879,1432.35,,不適用,0.0,0.0,36,36.0,36.0,official,small,1101.0,0,可交易（DK_s＝0）,未扣成本（成本參考：2.8 折來回約 0.38%、全額約 0.585%）；交易方法狀態未知（全額交割、變更交易方法、停止信用交易的來源未提供）；容量以 s 日 vol20 估計，未模擬開盤競價量與滑價；不可交易，僅觀察,未扣成本·事後欄位以 m_ 標示·非投資建議
SEL,3,2025-09-24,2025-09-25,5314,世紀*,TPEx,W,W_atr14@3,2,527,0.066908,,0,0,1,9.055,-0.787,8.661,20633.7,,不適用,0.0,0.0,777,inf,250.0,official_prepanel,large,39143.0,0,可交易（DK_s＝0）,未扣成本（成本參考：2.8 折來回約 0.38%、全額約 0.585%）；交易方法狀態未知（全額交割、變更交易方法、停止信用交易的來源未提供）；容量以 s 日 vol20 估計，未模擬開盤競價量與滑價；不可交易，僅觀察,未扣成本·事後欄位以 m_ 標示·非投資建議
SEL,3,2025-09-24,2025-09-25,6919,康霈*,TWSE,W,W_atr14@3,1,527,0.093716,,0,0,1,-4.082,-5.357,-16.327,35561.3,,不適用,0.0,0.0,239,239.0,239.0,official,large,10570.0,0,可交易（DK_s＝0）,未扣成本（成本參考：2.8 折來回約 0.38%、全額約 0.585%）；交易方法狀態未知（全額交割、變更交易方法、停止信用交易的來源未提供）；容量以 s 日 vol20 估計，未模擬開盤競價量與滑價；不可交易，僅觀察,未扣成本·事後欄位以 m_ 標示·非投資建議
SEL,3,2025-09-25,2025-09-26,3135,凌航,TWSE,W,W_atr14@3,2,529,0.066341,,0,0,1,-4.527,10.562,20.988,1473.5,,不適用,0.0,0.0,37,37.0,37.0,official,small,1107.0,0,可交易（DK_s＝0）,未扣成本（成本參考：2.8 折來回約 0.38%、全額約 0.585%）；交易方法狀態未知（全額交割、變更交易方法、停止信用交易的來源未提供）；容量以 s 日 vol20 估計，未模擬開盤競價量與滑價；不可交易，僅觀察,未扣成本·事後欄位以 m_ 標示·非投資建議
SEL,3,2025-09-25,2025-09-26,5314,世紀*,TPEx,W,W_atr14@3,3,529,0.064982,,0,0,1,1.767,-12.721,,22197.0,,不適用,0.0,0.0,778,inf,250.0,official_prepanel,large,57742.0,0,可交易（DK_s＝0）,未扣成本（成本參考：2.8 折來回約 0.38%、全額約 0.585%）；交易方法狀態未知（全額交割、變更交易方法、停止信用交易的來源未提供）；容量以 s 日 vol20 估計，未模擬開盤競價量與滑價；不可交易，僅觀察,未扣成本·事後欄位以 m_ 標示·非投資建議
SEL,3,2025-09-25,2025-09-26,6919,康霈*,TWSE,W,W_atr14@3,1,529,0.093655,,0,0,1,-0.806,-4.032,-14.785,34992.25,,不適用,0.0,0.0,240,240.0,240.0,official,large,12526.0,0,可交易（DK_s＝0）,未扣成本（成本參考：2.8 折來回約 0.38%、全額約 0.585%）；交易方法狀態未知（全額交割、變更交易方法、停止信用交易的來源未提供）；容量以 s 日 vol20 估計，未模擬開盤競價量與滑價；不可交易，僅觀察,未扣成本·事後欄位以 m_ 標示·非投資建議
SEL,3,2025-09-26,2025-09-30,3135,凌航,TWSE,W,W_atr14@3,2,532,0.070505,,0,0,1,4.958,12.04,29.603,1510.0,,不適用,0.0,0.0,38,38.0,38.0,official,small,1176.0,0,可交易（DK_s＝0）,未扣成本（成本參考：2.8 折來回約 0.38%、全額約 0.585%）；交易方法狀態未知（全額交割、變更交易方法、停止信用交易的來源未提供）；容量以 s 日 vol20 估計，未模擬開盤競價量與滑價；不可交易，僅觀察,未扣成本·事後欄位以 m_ 標示·非投資建議
SEL,3,2025-09-26,2025-09-30,6419,京晨科,TPEx,W,W_atr14@3,3,532,0.060644,,0,0,1,-1.569,-0.588,0.0,126.2,,不適用,0.0,0.0,779,inf,250.0,official_prepanel,small,42.0,0,可交易（DK_s＝0）,未扣成本（成本參考：2.8 折來回約 0.38%、全額約 0.585%）；交易方法狀態未知（全額交割、變更交易方法、停止信用交易的來源未提供）；容量以 s 日 vol20 估計，未模擬開盤競價量與滑價；不可交易，僅觀察,未扣成本·事後欄位以 m_ 標示·非投資建議
SEL,3,2025-09-26,2025-09-30,6919,康霈*,TWSE,W,W_atr14@3,1,532,0.088076,,0,0,1,0.542,-8.401,-13.279,34458.25,,不適用,0.0,0.0,241,241.0,241.0,official,large,10483.0,0,可交易（DK_s＝0）,未扣成本（成本參考：2.8 折來回約 0.38%、全額約 0.585%）；交易方法狀態未知（全額交割、變更交易方法、停止信用交易的來源未提供）；容量以 s 日 vol20 估計，未模擬開盤競價量與滑價；不可交易，僅觀察,未扣成本·事後欄位以 m_ 標示·非投資建議
SEL,3,2025-09-30,2025-10-01,4939,亞電,TPEx,W,W_atr14@3,2,532,0.074092,,0,0,1,-12.0,-7.619,-12.952,3086.26,,不適用,0.0,0.0,780,inf,250.0,official_prepanel,small,2700.0,0,可交易（DK_s＝0）,未扣成本（成本參考：2.8 折來回約 0.38%、全額約 0.585%）；交易方法狀態未知（全額交割、變更交易方法、停止信用交易的來源未提供）；容量以 s 日 vol20 估計，未模擬開盤競價量與滑價；不可交易，僅觀察,未扣成本·事後欄位以 m_ 標示·非投資建議
SEL,3,2025-09-30,2025-10-01,6919,康霈*,TWSE,W,W_atr14@3,1,532,0.085098,,0,0,1,1.604,-12.834,-12.299,33659.4,,不適用,0.0,0.0,242,242.0,242.0,official,large,10092.0,0,可交易（DK_s＝0）,未扣成本（成本參考：2.8 折來回約 0.38%、全額約 0.585%）；交易方法狀態未知（全額交割、變更交易方法、停止信用交易的來源未提供）；容量以 s 日 vol20 估計，未模擬開盤競價量與滑價；不可交易，僅觀察,未扣成本·事後欄位以 m_ 標示·非投資建議
SEL,3,2025-09-30,2025-10-01,7780,大研生醫*,TWSE,W,W_atr14@3,3,532,0.071248,,0,0,1,-3.788,-4.545,-6.061,1730.07,,不適用,0.0,0.0,15,15.0,15.0,official,mid,411.0,0,可交易（DK_s＝0）,未扣成本（成本參考：2.8 折來回約 0.38%、全額約 0.585%）；交易方法狀態未知（全額交割、變更交易方法、停止信用交易的來源未提供）；容量以 s 日 vol20 估計，未模擬開盤競價量與滑價；不可交易，僅觀察,未扣成本·事後欄位以 m_ 標示·非投資建議
SEL,4,2025-10-01,2025-10-02,4939,亞電,TPEx,W,W_atr14@3,1,546,0.085082,,0,0,1,-2.137,1.068,-4.915,3217.26,,不適用,0.0,0.0,781,inf,250.0,official_prepanel,small,1244.0,0,可交易（DK_s＝0）,未扣成本（成本參考：2.8 折來回約 0.38%、全額約 0.585%）；交易方法狀態未知（全額交割、變更交易方法、停止信用交易的來源未提供）；容量以 s 日 vol20 估計，未模擬開盤競價量與滑價；不可交易，僅觀察,未扣成本·事後欄位以 m_ 標示·非投資建議
SEL,4,2025-10-01,2025-10-02,6919,康霈*,TWSE,W,W_atr14@3,2,546,0.07688,,0,0,1,-4.872,-21.538,-16.923,32393.35,,不適用,0.0,0.0,243,243.0,243.0,official,large,6606.0,0,可交易（DK_s＝0）,未扣成本（成本參考：2.8 折來回約 0.38%、全額約 0.585%）；交易方法狀態未知（全額交割、變更交易方法、停止信用交易的來源未提供）；容量以 s 日 vol20 估計，未模擬開盤競價量與滑價；不可交易，僅觀察,未扣成本·事後欄位以 m_ 標示·非投資建議
SEL,4,2025-10-01,2025-10-02,7780,大研生醫*,TWSE,W,W_atr14@3,3,546,0.071429,,0,0,1,0.525,-1.312,-3.937,1647.62,,不適用,0.0,0.0,16,16.0,16.0,official,mid,440.0,0,可交易（DK_s＝0）,未扣成本（成本參考：2.8 折來回約 0.38%、全額約 0.585%）；交易方法狀態未知（全額交割、變更交易方法、停止信用交易的來源未提供）；容量以 s 日 vol20 估計，未模擬開盤競價量與滑價；不可交易，僅觀察,未扣成本·事後欄位以 m_ 標示·非投資建議
SEL,4,2025-10-02,2025-10-03,3135,凌航,TWSE,W,W_atr14@3,3,545,0.06817,,0,0,1,-0.617,15.783,10.974,1819.1,,不適用,0.0,0.0,41,41.0,41.0,official,small,1860.0,0,可交易（DK_s＝0）,未扣成本（成本參考：2.8 折來回約 0.38%、全額約 0.585%）；交易方法狀態未知（全額交割、變更交易方法、停止信用交易的來源未提供）；容量以 s 日 vol20 估計，未模擬開盤競價量與滑價；不可交易，僅觀察,未扣成本·事後欄位以 m_ 標示·非投資建議
SEL,4,2025-10-02,2025-10-03,4939,亞電,TPEx,W,W_atr14@3,1,545,0.084649,,0,0,1,-1.31,1.092,-0.437,3151.95,,不適用,0.0,0.0,782,inf,250.0,official_prepanel,small,1092.0,0,可交易（DK_s＝0）,未扣成本（成本參考：2.8 折來回約 0.38%、全額約 0.585%）；交易方法狀態未知（全額交割、變更交易方法、停止信用交易的來源未提供）；容量以 s 日 vol20 估計，未模擬開盤競價量與滑價；不可交易，僅觀察,未扣成本·事後欄位以 m_ 標示·非投資建議
SEL,4,2025-10-02,2025-10-03,6919,康霈*,TWSE,W,W_atr14@3,2,545,0.073739,,0,0,1,-3.774,-11.59,-14.286,29918.05,,不適用,0.0,0.0,244,244.0,244.0,official,large,13315.0,0,可交易（DK_s＝0）,未扣成本（成本參考：2.8 折來回約 0.38%、全額約 0.585%）；交易方法狀態未知（全額交割、變更交易方法、停止信用交易的來源未提供）；容量以 s 日 vol20 估計，未模擬開盤競價量與滑價；不可交易，僅觀察,未扣成本·事後欄位以 m_ 標示·非投資建議
SEL,4,2025-10-03,2025-10-07,3135,凌航,TWSE,W,W_atr14@3,2,554,0.067972,,0,0,1,-2.586,8.621,8.251,1900.8,,不適用,0.0,0.0,42,42.0,42.0,official,small,2027.0,0,可交易（DK_s＝0）,未扣成本（成本參考：2.8 折來回約 0.38%、全額約 0.585%）；交易方法狀態未知（全額交割、變更交易方法、停止信用交易的來源未提供）；容量以 s 日 vol20 估計，未模擬開盤競價量與滑價；不可交易，僅觀察,未扣成本·事後欄位以 m_ 標示·非投資建議
SEL,4,2025-10-03,2025-10-07,3555,博士旺,TPEx,W,W_atr14@3,3,554,0.067329,,0,0,1,-3.616,-0.556,16.134,281.3,,不適用,0.0,2.0,783,inf,250.0,official_prepanel,small,135.0,1,可交易（DK_s＝0）,未扣成本（成本參考：2.8 折來回約 0.38%、全額約 0.585%）；交易方法狀態未知（全額交割、變更交易方法、停止信用交易的來源未提供）；容量以 s 日 vol20 估計，未模擬開盤競價量與滑價；不可交易，僅觀察,未扣成本·事後欄位以 m_ 標示·非投資建議
SEL,4,2025-10-03,2025-10-07,4939,亞電,TPEx,W,W_atr14@3,1,554,0.082029,,0,0,1,5.322,-0.665,0.222,3075.47,,不適用,0.0,0.0,783,inf,250.0,official_prepanel,small,3340.0,0,可交易（DK_s＝0）,未扣成本（成本參考：2.8 折來回約 0.38%、全額約 0.585%）；交易方法狀態未知（全額交割、變更交易方法、停止信用交易的來源未提供）；容量以 s 日 vol20 估計，未模擬開盤競價量與滑價；不可交易，僅觀察,未扣成本·事後欄位以 m_ 標示·非投資建議
SEL,4,2025-10-07,2025-10-08,4939,亞電,TPEx,W,W_atr14@3,1,562,0.078866,,0,0,1,-0.411,-7.803,-5.544,3148.0,,不適用,0.0,0.0,784,inf,250.0,official_prepanel,small,2794.0,0,可交易（DK_s＝0）,未扣成本（成本參考：2.8 折來回約 0.38%、全額約 0.585%）；交易方法狀態未知（全額交割、變更交易方法、停止信用交易的來源未提供）；容量以 s 日 vol20 估計，未模擬開盤競價量與滑價；不可交易，僅觀察,未扣成本·事後欄位以 m_ 標示·非投資建議
SEL,4,2025-10-07,2025-10-08,6919,康霈*,TWSE,W,W_atr14@3,3,562,0.070583,,0,0,1,-1.212,-3.03,-0.303,27126.15,,不適用,0.0,0.0,246,246.0,246.0,official,large,14521.0,0,可交易（DK_s＝0）,未扣成本（成本參考：2.8 折來回約 0.38%、全額約 0.585%）；交易方法狀態未知（全額交割、變更交易方法、停止信用交易的來源未提供）；容量以 s 日 vol20 估計，未模擬開盤競價量與滑價；不可交易，僅觀察,未扣成本·事後欄位以 m_ 標示·非投資建議
SEL,4,2025-10-07,2025-10-08,7799,禾榮科,TWSE,W,W_atr14@3,2,562,0.076979,,0,0,1,4.475,8.262,23.408,1156.67,,不適用,0.0,0.0,15,15.0,15.0,official,large,781.0,0,可交易（DK_s＝0）,未扣成本（成本參考：2.8 折來回約 0.38%、全額約 0.585%）；交易方法狀態未知（全額交割、變更交易方法、停止信用交易的來源未提供）；容量以 s 日 vol20 估計，未模擬開盤競價量與滑價；不可交易，僅觀察,未扣成本·事後欄位以 m_ 標示·非投資建議
SEL,4,2025-10-08,2025-10-09,4939,亞電,TPEx,W,W_atr14@3,1,558,0.074227,,0,0,1,-3.666,-6.925,-7.943,3252.89,,不適用,0.0,0.0,785,inf,250.0,official_prepanel,small,1060.0,0,可交易（DK_s＝0）,未扣成本（成本參考：2.8 折來回約 0.38%、全額約 0.585%）；交易方法狀態未知（全額交割、變更交易方法、停止信用交易的來源未提供）；容量以 s 日 vol20 估計，未模擬開盤競價量與滑價；不可交易，僅觀察,未扣成本·事後欄位以 m_ 標示·非投資建議
SEL,4,2025-10-08,2025-10-09,5481,新華,TPEx,W,W_atr14@3,2,558,0.074096,,0,0,1,-3.241,1.852,-5.556,,,不適用,0.0,0.0,785,inf,250.0,official_prepanel,small,100.0,0,可交易（DK_s＝0）,未扣成本（成本參考：2.8 折來回約 0.38%、全額約 0.585%）；交易方法狀態未知（全額交割、變更交易方法、停止信用交易的來源未提供）；容量以 s 日 vol20 估計，未模擬開盤競價量與滑價；不可交易，僅觀察,未扣成本·事後欄位以 m_ 標示·非投資建議
SEL,4,2025-10-08,2025-10-09,7799,禾榮科,TWSE,W,W_atr14@3,3,558,0.073076,,0,0,1,3.612,6.732,18.719,1133.19,,不適用,0.0,0.0,16,16.0,16.0,official,large,655.0,0,可交易（DK_s＝0）,未扣成本（成本參考：2.8 折來回約 0.38%、全額約 0.585%）；交易方法狀態未知（全額交割、變更交易方法、停止信用交易的來源未提供）；容量以 s 日 vol20 估計，未模擬開盤競價量與滑價；不可交易，僅觀察,未扣成本·事後欄位以 m_ 標示·非投資建議
SEL,4,2025-10-09,2025-10-13,4939,亞電,TPEx,W,W_atr14@3,2,578,0.073508,,0,0,1,3.118,-0.891,-0.445,3282.0,,不適用,0.0,0.0,786,inf,250.0,official_prepanel,small,553.0,0,可交易（DK_s＝0）,未扣成本（成本參考：2.8 折來回約 0.38%、全額約 0.585%）；交易方法狀態未知（全額交割、變更交易方法、停止信用交易的來源未提供）；容量以 s 日 vol20 估計，未模擬開盤競價量與滑價；不可交易，僅觀察,未扣成本·事後欄位以 m_ 標示·非投資建議
SEL,4,2025-10-09,2025-10-13,5481,新華,TPEx,W,W_atr14@3,3,578,0.072322,,0,0,1,2.0,5.25,1.5,,,不適用,0.0,0.0,786,inf,250.0,official_prepanel,small,53.0,0,可交易（DK_s＝0）,未扣成本（成本參考：2.8 折來回約 0.38%、全額約 0.585%）；交易方法狀態未知（全額交割、變更交易方法、停止信用交易的來源未提供）；容量以 s 日 vol20 估計，未模擬開盤競價量與滑價；不可交易，僅觀察,未扣成本·事後欄位以 m_ 標示·非投資建議
SEL,4,2025-10-09,2025-10-13,6919,康霈*,TWSE,W,W_atr14@3,1,578,0.073529,,0,0,1,9.333,8.0,10.0,25167.6,,不適用,0.0,0.0,248,248.0,248.0,official,large,28982.0,0,可交易（DK_s＝0）,未扣成本（成本參考：2.8 折來回約 0.38%、全額約 0.585%）；交易方法狀態未知（全額交割、變更交易方法、停止信用交易的來源未提供）；容量以 s 日 vol20 估計，未模擬開盤競價量與滑價；不可交易，僅觀察,未扣成本·事後欄位以 m_ 標示·非投資建議
SEL,4,2025-10-13,2025-10-14,4939,亞電,TPEx,W,W_atr14@3,1,569,0.075262,,0,0,1,-5.085,-3.39,-7.839,3280.74,,不適用,0.0,0.0,787,inf,250.0,official_prepanel,small,838.0,0,可交易（DK_s＝0）,未扣成本（成本參考：2.8 折來回約 0.38%、全額約 0.585%）；交易方法狀態未知（全額交割、變更交易方法、停止信用交易的來源未提供）；容量以 s 日 vol20 估計，未模擬開盤競價量與滑價；不可交易，僅觀察,未扣成本·事後欄位以 m_ 標示·非投資建議
SEL,4,2025-10-13,2025-10-14,5481,新華,TPEx,W,W_atr14@3,2,569,0.072304,,0,0,1,-1.478,0.493,0.246,,,不適用,0.0,0.0,787,inf,250.0,official_prepanel,small,40.0,0,可交易（DK_s＝0）,未扣成本（成本參考：2.8 折來回約 0.38%、全額約 0.585%）；交易方法狀態未知（全額交割、變更交易方法、停止信用交易的來源未提供）；容量以 s 日 vol20 估計，未模擬開盤競價量與滑價；不可交易，僅觀察,未扣成本·事後欄位以 m_ 標示·非投資建議
SEL,4,2025-10-13,2025-10-14,7751,竑騰,TPEx,W,W_atr14@3,3,569,0.071887,,0,0,1,-5.063,0.949,2.743,552.25,,不適用,0.0,0.0,32,32.0,32.0,official,mid,398.0,0,可交易（DK_s＝0）,未扣成本（成本參考：2.8 折來回約 0.38%、全額約 0.585%）；交易方法狀態未知（全額交割、變更交易方法、停止信用交易的來源未提供）；容量以 s 日 vol20 估計，未模擬開盤競價量與滑價；不可交易，僅觀察,未扣成本·事後欄位以 m_ 標示·非投資建議
SEL,4,2025-10-14,2025-10-15,4939,亞電,TPEx,W,W_atr14@3,1,581,0.076751,,0,0,1,-1.319,-0.659,-5.055,3285.58,,不適用,0.0,0.0,788,inf,250.0,official_prepanel,small,697.0,0,可交易（DK_s＝0）,未扣成本（成本參考：2.8 折來回約 0.38%、全額約 0.585%）；交易方法狀態未知（全額交割、變更交易方法、停止信用交易的來源未提供）；容量以 s 日 vol20 估計，未模擬開盤競價量與滑價；不可交易，僅觀察,未扣成本·事後欄位以 m_ 標示·非投資建議
SEL,4,2025-10-14,2025-10-15,6919,康霈*,TWSE,W,W_atr14@3,3,581,0.069626,,0,0,1,-0.312,2.181,-5.919,27136.05,,不適用,0.0,0.0,250,250.0,250.0,official,large,7607.0,0,可交易（DK_s＝0）,未扣成本（成本參考：2.8 折來回約 0.38%、全額約 0.585%）；交易方法狀態未知（全額交割、變更交易方法、停止信用交易的來源未提供）；容量以 s 日 vol20 估計，未模擬開盤競價量與滑價；不可交易，僅觀察,未扣成本·事後欄位以 m_ 標示·非投資建議
SEL,4,2025-10-14,2025-10-15,7751,竑騰,TPEx,W,W_atr14@3,2,581,0.075635,,0,0,1,3.528,1.764,6.615,531.8,,不適用,0.0,0.0,33,33.0,33.0,official,mid,333.0,0,可交易（DK_s＝0）,未扣成本（成本參考：2.8 折來回約 0.38%、全額約 0.585%）；交易方法狀態未知（全額交割、變更交易方法、停止信用交易的來源未提供）；容量以 s 日 vol20 估計，未模擬開盤競價量與滑價；不可交易，僅觀察,未扣成本·事後欄位以 m_ 標示·非投資建議
SEL,4,2025-10-15,2025-10-16,4939,亞電,TPEx,W,W_atr14@3,3,588,0.072983,,0,0,1,0.44,1.099,-4.835,3262.05,,不適用,0.0,0.0,789,inf,250.0,official_prepanel,small,467.0,0,可交易（DK_s＝0）,未扣成本（成本參考：2.8 折來回約 0.38%、全額約 0.585%）；交易方法狀態未知（全額交割、變更交易方法、停止信用交易的來源未提供）；容量以 s 日 vol20 估計，未模擬開盤競價量與滑價；不可交易，僅觀察,未扣成本·事後欄位以 m_ 標示·非投資建議
SEL,4,2025-10-15,2025-10-16,5314,世紀*,TPEx,W,W_atr14@3,1,588,0.094765,,0,0,1,1.504,0.0,-11.839,27672.1,,不適用,0.0,0.0,789,inf,250.0,official_prepanel,large,16701.0,0,可交易（DK_s＝0）,未扣成本（成本參考：2.8 折來回約 0.38%、全額約 0.585%）；交易方法狀態未知（全額交割、變更交易方法、停止信用交易的來源未提供）；容量以 s 日 vol20 估計，未模擬開盤競價量與滑價；不可交易，僅觀察,未扣成本·事後欄位以 m_ 標示·非投資建議
SEL,4,2025-10-15,2025-10-16,7751,竑騰,TPEx,W,W_atr14@3,2,588,0.074852,,0,0,1,2.629,-3.155,1.052,530.2,,不適用,0.0,0.0,34,34.0,34.0,official,mid,479.0,0,可交易（DK_s＝0）,未扣成本（成本參考：2.8 折來回約 0.38%、全額約 0.585%）；交易方法狀態未知（全額交割、變更交易方法、停止信用交易的來源未提供）；容量以 s 日 vol20 估計，未模擬開盤競價量與滑價；不可交易，僅觀察,未扣成本·事後欄位以 m_ 標示·非投資建議
SEL,4,2025-10-16,2025-10-17,5314,世紀*,TPEx,W,W_atr14@3,1,596,0.088034,,0,0,1,-1.103,-8.088,-9.731,28142.48,,不適用,0.0,1.0,790,inf,250.0,official_prepanel,large,16665.0,0,可交易（DK_s＝0）,未扣成本（成本參考：2.8 折來回約 0.38%、全額約 0.585%）；交易方法狀態未知（全額交割、變更交易方法、停止信用交易的來源未提供）；容量以 s 日 vol20 估計，未模擬開盤競價量與滑價；不可交易，僅觀察,未扣成本·事後欄位以 m_ 標示·非投資建議
SEL,4,2025-10-16,2025-10-17,7751,竑騰,TPEx,W,W_atr14@3,2,596,0.071063,,0,0,1,-0.702,-4.514,-3.21,532.55,,不適用,0.0,0.0,35,35.0,35.0,official,mid,367.0,0,可交易（DK_s＝0）,未扣成本（成本參考：2.8 折來回約 0.38%、全額約 0.585%）；交易方法狀態未知（全額交割、變更交易方法、停止信用交易的來源未提供）；容量以 s 日 vol20 估計，未模擬開盤競價量與滑價；不可交易，僅觀察,未扣成本·事後欄位以 m_ 標示·非投資建議
SEL,4,2025-10-16,2025-10-17,8472,納維康,TPEx,W,W_atr14@3,3,596,0.067217,,0,0,1,-2.591,-2.591,-8.363,122.1,,不適用,1.0,3.0,790,inf,250.0,official_prepanel,small,20.0,1,處置中・交易規則另案登錄（DK_s＝1）,未扣成本（成本參考：2.8 折來回約 0.38%、全額約 0.585%）；交易方法狀態未知（全額交割、變更交易方法、停止信用交易的來源未提供）；容量以 s 日 vol20 估計，未模擬開盤競價量與滑價；不可交易，僅觀察,未扣成本·事後欄位以 m_ 標示·非投資建議
SEL,4,2025-10-17,2025-10-20,3135,凌航,TWSE,W,W_atr14@3,3,578,0.071745,,0,0,1,-1.961,4.575,-1.307,2998.75,,不適用,0.0,0.0,50,50.0,50.0,official,small,1368.0,0,可交易（DK_s＝0）,未扣成本（成本參考：2.8 折來回約 0.38%、全額約 0.585%）；交易方法狀態未知（全額交割、變更交易方法、停止信用交易的來源未提供）；容量以 s 日 vol20 估計，未模擬開盤競價量與滑價；不可交易，僅觀察,未扣成本·事後欄位以 m_ 標示·非投資建議
SEL,4,2025-10-17,2025-10-20,5314,世紀*,TPEx,W,W_atr14@3,1,578,0.081784,,0,0,1,1.832,-8.791,-13.365,28787.48,,不適用,0.0,1.0,791,inf,250.0,official_prepanel,large,12647.0,0,可交易（DK_s＝0）,未扣成本（成本參考：2.8 折來回約 0.38%、全額約 0.585%）；交易方法狀態未知（全額交割、變更交易方法、停止信用交易的來源未提供）；容量以 s 日 vol20 估計，未模擬開盤競價量與滑價；不可交易，僅觀察,未扣成本·事後欄位以 m_ 標示·非投資建議
SEL,4,2025-10-17,2025-10-20,8067,志旭,TPEx,W,W_atr14@3,2,578,0.073263,,0,0,1,-2.222,-7.619,-3.175,51.06,,不適用,1.0,3.0,791,inf,250.0,official_prepanel,small,46.0,1,處置中・交易規則另案登錄（DK_s＝1）,未扣成本（成本參考：2.8 折來回約 0.38%、全額約 0.585%）；交易方法狀態未知（全額交割、變更交易方法、停止信用交易的來源未提供）；容量以 s 日 vol20 估計，未模擬開盤競價量與滑價；不可交易，僅觀察,未扣成本·事後欄位以 m_ 標示·非投資建議
SEL,4,2025-10-20,2025-10-21,3135,凌航,TWSE,W,W_atr14@3,3,588,0.07246,,0,0,1,-2.333,7.778,-7.444,2842.65,,不適用,0.0,0.0,51,51.0,51.0,official,small,2099.0,0,可交易（DK_s＝0）,未扣成本（成本參考：2.8 折來回約 0.38%、全額約 0.585%）；交易方法狀態未知（全額交割、變更交易方法、停止信用交易的來源未提供）；容量以 s 日 vol20 估計，未模擬開盤競價量與滑價；不可交易，僅觀察,未扣成本·事後欄位以 m_ 標示·非投資建議
SEL,4,2025-10-20,2025-10-21,5314,世紀*,TPEx,W,W_atr14@3,2,588,0.073049,,0,0,1,-2.135,-10.839,-20.111,29172.63,,不適用,0.0,1.0,792,inf,250.0,official_prepanel,large,14032.0,0,可交易（DK_s＝0）,未扣成本（成本參考：2.8 折來回約 0.38%、全額約 0.585%）；交易方法狀態未知（全額交割、變更交易方法、停止信用交易的來源未提供）；容量以 s 日 vol20 估計，未模擬開盤競價量與滑價；不可交易，僅觀察,未扣成本·事後欄位以 m_ 標示·非投資建議
SEL,4,2025-10-20,2025-10-21,8067,志旭,TPEx,W,W_atr14@3,1,588,0.078422,,0,0,1,-1.329,-1.993,-0.997,53.17,,不適用,1.0,3.0,792,inf,250.0,official_prepanel,small,22.0,1,處置中・交易規則另案登錄（DK_s＝1）,未扣成本（成本參考：2.8 折來回約 0.38%、全額約 0.585%）；交易方法狀態未知（全額交割、變更交易方法、停止信用交易的來源未提供）；容量以 s 日 vol20 估計，未模擬開盤競價量與滑價；不可交易，僅觀察,未扣成本·事後欄位以 m_ 標示·非投資建議
SEL,4,2025-10-21,2025-10-22,3135,凌航,TWSE,W,W_atr14@3,2,586,0.075004,,0,0,1,-0.115,10.882,2.749,2713.5,,不適用,0.0,0.0,52,52.0,52.0,official,small,1181.0,0,可交易（DK_s＝0）,未扣成本（成本參考：2.8 折來回約 0.38%、全額約 0.585%）；交易方法狀態未知（全額交割、變更交易方法、停止信用交易的來源未提供）；容量以 s 日 vol20 估計，未模擬開盤競價量與滑價；不可交易，僅觀察,未扣成本·事後欄位以 m_ 標示·非投資建議
SEL,4,2025-10-21,2025-10-22,5314,世紀*,TPEx,W,W_atr14@3,3,586,0.071049,,0,0,1,-3.273,-10.351,-18.004,29728.32,,不適用,0.0,1.0,793,inf,250.0,official_prepanel,large,8387.0,0,可交易（DK_s＝0）,未扣成本（成本參考：2.8 折來回約 0.38%、全額約 0.585%）；交易方法狀態未知（全額交割、變更交易方法、停止信用交易的來源未提供）；容量以 s 日 vol20 估計，未模擬開盤競價量與滑價；不可交易，僅觀察,未扣成本·事後欄位以 m_ 標示·非投資建議
SEL,4,2025-10-21,2025-10-22,8067,志旭,TPEx,W,W_atr14@3,1,586,0.081585,,0,0,1,-0.336,1.678,,54.11,,不適用,1.0,2.0,793,inf,250.0,official_prepanel,small,5.0,1,處置中・交易規則另案登錄（DK_s＝1）,未扣成本（成本參考：2.8 折來回約 0.38%、全額約 0.585%）；交易方法狀態未知（全額交割、變更交易方法、停止信用交易的來源未提供）；容量以 s 日 vol20 估計，未模擬開盤競價量與滑價；不可交易，僅觀察,未扣成本·事後欄位以 m_ 標示·非投資建議
SEL,4,2025-10-22,2025-10-23,3135,凌航,TWSE,W,W_atr14@3,2,575,0.074541,,0,0,1,0.808,8.314,9.353,2601.65,,不適用,0.0,0.0,53,53.0,53.0,official,small,903.0,0,可交易（DK_s＝0）,未扣成本（成本參考：2.8 折來回約 0.38%、全額約 0.585%）；交易方法狀態未知（全額交割、變更交易方法、停止信用交易的來源未提供）；容量以 s 日 vol20 估計，未模擬開盤競價量與滑價；不可交易，僅觀察,未扣成本·事後欄位以 m_ 標示·非投資建議
SEL,4,2025-10-22,2025-10-23,3191,雲嘉南,TPEx,W,W_atr14@3,3,575,0.07432,,0,0,1,0.0,-5.128,2.564,43.26,,不適用,0.0,0.0,794,inf,250.0,official_prepanel,small,2.0,0,可交易（DK_s＝0）,未扣成本（成本參考：2.8 折來回約 0.38%、全額約 0.585%）；交易方法狀態未知（全額交割、變更交易方法、停止信用交易的來源未提供）；容量以 s 日 vol20 估計，未模擬開盤競價量與滑價；不可交易，僅觀察,未扣成本·事後欄位以 m_ 標示·非投資建議
SEL,4,2025-10-22,2025-10-23,8067,志旭,TPEx,W,W_atr14@3,1,575,0.081067,,0,0,1,-0.662,-0.662,-6.954,53.56,,不適用,1.0,1.0,794,inf,250.0,official_prepanel,small,5.0,1,處置中・交易規則另案登錄（DK_s＝1）,未扣成本（成本參考：2.8 折來回約 0.38%、全額約 0.585%）；交易方法狀態未知（全額交割、變更交易方法、停止信用交易的來源未提供）；容量以 s 日 vol20 估計，未模擬開盤競價量與滑價；不可交易，僅觀察,未扣成本·事後欄位以 m_ 標示·非投資建議
SEL,4,2025-10-23,2025-10-27,3135,凌航,TWSE,W,W_atr14@3,3,588,0.073965,,0,0,1,5.263,0.439,13.816,2556.75,,不適用,0.0,0.0,54,54.0,54.0,official,small,3336.0,0,可交易（DK_s＝0）,未扣成本（成本參考：2.8 折來回約 0.38%、全額約 0.585%）；交易方法狀態未知（全額交割、變更交易方法、停止信用交易的來源未提供）；容量以 s 日 vol20 估計，未模擬開盤競價量與滑價；不可交易，僅觀察,未扣成本·事後欄位以 m_ 標示·非投資建議
SEL,4,2025-10-23,2025-10-27,3191,雲嘉南,TPEx,W,W_atr14@3,2,588,0.077663,,0,0,1,-4.459,-3.185,1.911,42.47,,不適用,0.0,0.0,795,inf,250.0,official_prepanel,small,8.0,0,可交易（DK_s＝0）,未扣成本（成本參考：2.8 折來回約 0.38%、全額約 0.585%）；交易方法狀態未知（全額交割、變更交易方法、停止信用交易的來源未提供）；容量以 s 日 vol20 估計，未模擬開盤競價量與滑價；不可交易，僅觀察,未扣成本·事後欄位以 m_ 標示·非投資建議
SEL,4,2025-10-23,2025-10-27,8067,志旭,TPEx,W,W_atr14@3,1,588,0.081795,,0,0,1,-3.0,-0.667,-8.667,53.44,,不適用,1.0,0.0,795,inf,250.0,official_prepanel,small,16.0,1,處置中・交易規則另案登錄（DK_s＝1）,未扣成本（成本參考：2.8 折來回約 0.38%、全額約 0.585%）；交易方法狀態未知（全額交割、變更交易方法、停止信用交易的來源未提供）；容量以 s 日 vol20 估計，未模擬開盤競價量與滑價；不可交易，僅觀察,未扣成本·事後欄位以 m_ 標示·非投資建議
SEL,4,2025-10-27,2025-10-28,3191,雲嘉南,TPEx,W,W_atr14@3,3,591,0.076923,,0,0,1,0.0,4.422,,41.84,,不適用,0.0,0.0,796,inf,250.0,official_prepanel,small,2.0,0,可交易（DK_s＝0）,未扣成本（成本參考：2.8 折來回約 0.38%、全額約 0.585%）；交易方法狀態未知（全額交割、變更交易方法、停止信用交易的來源未提供）；容量以 s 日 vol20 估計，未模擬開盤競價量與滑價；不可交易，僅觀察,未扣成本·事後欄位以 m_ 標示·非投資建議
SEL,4,2025-10-27,2025-10-28,5468,凱鈺,TPEx,W,W_atr14@3,2,591,0.079316,,0,0,1,5.167,4.559,13.982,285.4,,不適用,1.0,2.0,796,inf,250.0,official_prepanel,small,499.0,1,處置中・交易規則另案登錄（DK_s＝1）,未扣成本（成本參考：2.8 折來回約 0.38%、全額約 0.585%）；交易方法狀態未知（全額交割、變更交易方法、停止信用交易的來源未提供）；容量以 s 日 vol20 估計，未模擬開盤競價量與滑價；不可交易，僅觀察,未扣成本·事後欄位以 m_ 標示·非投資建議
SEL,4,2025-10-27,2025-10-28,8067,志旭,TPEx,W,W_atr14@3,1,591,0.080756,,0,0,1,1.027,4.452,-3.767,54.22,,不適用,1.0,0.0,796,inf,250.0,official_prepanel,small,3.0,1,處置中・交易規則另案登錄（DK_s＝1）,未扣成本（成本參考：2.8 折來回約 0.38%、全額約 0.585%）；交易方法狀態未知（全額交割、變更交易方法、停止信用交易的來源未提供）；容量以 s 日 vol20 估計，未模擬開盤競價量與滑價；不可交易，僅觀察,未扣成本·事後欄位以 m_ 標示·非投資建議
SEL,4,2025-10-28,2025-10-29,7610,聯友金屬-創,TWSE,W,W_atr14@3,3,599,0.072329,,0,0,1,-1.364,-6.364,-4.545,616.25,,不適用,0.0,0.0,32,32.0,32.0,official,small,392.0,0,可交易（DK_s＝0）,未扣成本（成本參考：2.8 折來回約 0.38%、全額約 0.585%）；交易方法狀態未知（全額交割、變更交易方法、停止信用交易的來源未提供）；容量以 s 日 vol20 估計，未模擬開盤競價量與滑價；不可交易，僅觀察,未扣成本·事後欄位以 m_ 標示·非投資建議
SEL,4,2025-10-28,2025-10-29,8047,星雲,TPEx,W,W_atr14@3,2,599,0.075326,,0,0,1,-2.7,7.987,-7.312,652.89,,不適用,1.0,4.0,797,inf,250.0,official_prepanel,small,349.0,1,處置中・交易規則另案登錄（DK_s＝1）,未扣成本（成本參考：2.8 折來回約 0.38%、全額約 0.585%）；交易方法狀態未知（全額交割、變更交易方法、停止信用交易的來源未提供）；容量以 s 日 vol20 估計，未模擬開盤競價量與滑價；不可交易，僅觀察,未扣成本·事後欄位以 m_ 標示·非投資建議
SEL,4,2025-10-28,2025-10-29,8067,志旭,TPEx,W,W_atr14@3,1,599,0.080387,,0,0,1,0.331,-1.325,-6.623,54.33,,不適用,1.0,0.0,797,inf,250.0,official_prepanel,small,6.0,1,處置中・交易規則另案登錄（DK_s＝1）,未扣成本（成本參考：2.8 折來回約 0.38%、全額約 0.585%）；交易方法狀態未知（全額交割、變更交易方法、停止信用交易的來源未提供）；容量以 s 日 vol20 估計，未模擬開盤競價量與滑價；不可交易，僅觀察,未扣成本·事後欄位以 m_ 標示·非投資建議
SEL,4,2025-10-29,2025-10-30,7610,聯友金屬-創,TWSE,W,W_atr14@3,3,595,0.073206,,0,0,1,5.069,-5.53,-2.765,617.35,,不適用,0.0,0.0,33,33.0,33.0,official,small,658.0,0,可交易（DK_s＝0）,未扣成本（成本參考：2.8 折來回約 0.38%、全額約 0.585%）；交易方法狀態未知（全額交割、變更交易方法、停止信用交易的來源未提供）；容量以 s 日 vol20 估計，未模擬開盤競價量與滑價；不可交易，僅觀察,未扣成本·事後欄位以 m_ 標示·非投資建議
SEL,4,2025-10-29,2025-10-30,8047,星雲,TPEx,W,W_atr14@3,1,595,0.075145,,0,0,1,-3.695,0.784,-10.526,665.95,,不適用,1.0,3.0,798,inf,250.0,official_prepanel,small,539.0,1,處置中・交易規則另案登錄（DK_s＝1）,未扣成本（成本參考：2.8 折來回約 0.38%、全額約 0.585%）；交易方法狀態未知（全額交割、變更交易方法、停止信用交易的來源未提供）；容量以 s 日 vol20 估計，未模擬開盤競價量與滑價；不可交易，僅觀察,未扣成本·事後欄位以 m_ 標示·非投資建議
SEL,4,2025-10-29,2025-10-30,8067,志旭,TPEx,W,W_atr14@3,2,595,0.074493,,0,0,1,-0.99,,-2.97,51.79,,不適用,1.0,0.0,798,inf,250.0,official_prepanel,small,8.0,1,處置中・交易規則另案登錄（DK_s＝1）,未扣成本（成本參考：2.8 折來回約 0.38%、全額約 0.585%）；交易方法狀態未知（全額交割、變更交易方法、停止信用交易的來源未提供）；容量以 s 日 vol20 估計，未模擬開盤競價量與滑價；不可交易，僅觀察,未扣成本·事後欄位以 m_ 標示·非投資建議
SEL,4,2025-10-30,2025-10-31,3555,博士旺,TPEx,W,W_atr14@3,1,593,0.086347,,0,0,1,0.381,-8.513,-9.276,298.2,,不適用,0.0,0.0,799,inf,250.0,official_prepanel,small,105.0,0,可交易（DK_s＝0）,未扣成本（成本參考：2.8 折來回約 0.38%、全額約 0.585%）；交易方法狀態未知（全額交割、變更交易方法、停止信用交易的來源未提供）；容量以 s 日 vol20 估計，未模擬開盤競價量與滑價；不可交易，僅觀察,未扣成本·事後欄位以 m_ 標示·非投資建議
SEL,4,2025-10-30,2025-10-31,7610,聯友金屬-創,TWSE,W,W_atr14@3,3,593,0.074812,,0,0,1,-2.273,-5.0,-5.909,636.05,,不適用,0.0,0.0,34,34.0,34.0,official,small,598.0,0,可交易（DK_s＝0）,未扣成本（成本參考：2.8 折來回約 0.38%、全額約 0.585%）；交易方法狀態未知（全額交割、變更交易方法、停止信用交易的來源未提供）；容量以 s 日 vol20 估計，未模擬開盤競價量與滑價；不可交易，僅觀察,未扣成本·事後欄位以 m_ 標示·非投資建議
SEL,4,2025-10-30,2025-10-31,8047,星雲,TPEx,W,W_atr14@3,2,593,0.077549,,0,0,1,8.238,0.458,-10.755,690.95,,不適用,1.0,2.0,799,inf,250.0,official_prepanel,small,374.0,1,處置中・交易規則另案登錄（DK_s＝1）,未扣成本（成本參考：2.8 折來回約 0.38%、全額約 0.585%）；交易方法狀態未知（全額交割、變更交易方法、停止信用交易的來源未提供）；容量以 s 日 vol20 估計，未模擬開盤競價量與滑價；不可交易，僅觀察,未扣成本·事後欄位以 m_ 標示·非投資建議
SEL,4,2025-10-31,2025-11-03,3135,凌航,TWSE,W,W_atr14@3,3,592,0.072988,,0,0,1,-1.842,12.459,6.609,2851.2,,不適用,0.0,0.0,59,59.0,59.0,official,small,1381.0,0,可交易（DK_s＝0）,未扣成本（成本參考：2.8 折來回約 0.38%、全額約 0.585%）；交易方法狀態未知（全額交割、變更交易方法、停止信用交易的來源未提供）；容量以 s 日 vol20 估計，未模擬開盤競價量與滑價；不可交易，僅觀察,未扣成本·事後欄位以 m_ 標示·非投資建議
SEL,4,2025-10-31,2025-11-03,3555,博士旺,TPEx,W,W_atr14@3,1,592,0.086438,,0,0,1,-7.206,-13.148,-15.803,288.7,,不適用,0.0,0.0,800,inf,250.0,official_prepanel,small,337.0,0,可交易（DK_s＝0）,未扣成本（成本參考：2.8 折來回約 0.38%、全額約 0.585%）；交易方法狀態未知（全額交割、變更交易方法、停止信用交易的來源未提供）；容量以 s 日 vol20 估計，未模擬開盤競價量與滑價；不可交易，僅觀察,未扣成本·事後欄位以 m_ 標示·非投資建議
SEL,4,2025-10-31,2025-11-03,7610,聯友金屬-創,TWSE,W,W_atr14@3,2,592,0.080532,,0,0,1,-0.461,-3.226,-5.991,658.75,,不適用,0.0,0.0,35,35.0,35.0,official,small,232.0,0,可交易（DK_s＝0）,未扣成本（成本參考：2.8 折來回約 0.38%、全額約 0.585%）；交易方法狀態未知（全額交割、變更交易方法、停止信用交易的來源未提供）；容量以 s 日 vol20 估計，未模擬開盤競價量與滑價；不可交易，僅觀察,未扣成本·事後欄位以 m_ 標示·非投資建議
SEL,4,2025-11-03,2025-11-04,6645,金萬林-創,TWSE,W,W_atr14@3,2,577,0.072724,,0,0,1,0.0,-7.692,-12.896,163.35,,不適用,0.0,0.0,451,451.0,250.0,official,small,82.0,0,可交易（DK_s＝0）,未扣成本（成本參考：2.8 折來回約 0.38%、全額約 0.585%）；交易方法狀態未知（全額交割、變更交易方法、停止信用交易的來源未提供）；容量以 s 日 vol20 估計，未模擬開盤競價量與滑價；不可交易，僅觀察,未扣成本·事後欄位以 m_ 標示·非投資建議
SEL,4,2025-11-03,2025-11-04,7610,聯友金屬-創,TWSE,W,W_atr14@3,1,577,0.075728,,0,0,1,-5.069,-3.687,-5.991,662.45,,不適用,0.0,0.0,36,36.0,36.0,official,small,495.0,0,可交易（DK_s＝0）,未扣成本（成本參考：2.8 折來回約 0.38%、全額約 0.585%）；交易方法狀態未知（全額交割、變更交易方法、停止信用交易的來源未提供）；容量以 s 日 vol20 估計，未模擬開盤競價量與滑價；不可交易，僅觀察,未扣成本·事後欄位以 m_ 標示·非投資建議
SEL,4,2025-11-03,2025-11-04,8047,星雲,TPEx,W,W_atr14@3,3,577,0.067251,,0,0,1,-4.0,-19.3,-12.0,711.63,,不適用,1.0,0.0,801,inf,250.0,official_prepanel,small,295.0,1,處置中・交易規則另案登錄（DK_s＝1）,未扣成本（成本參考：2.8 折來回約 0.38%、全額約 0.585%）；交易方法狀態未知（全額交割、變更交易方法、停止信用交易的來源未提供）；容量以 s 日 vol20 估計，未模擬開盤競價量與滑價；不可交易，僅觀察,未扣成本·事後欄位以 m_ 標示·非投資建議
SEL,4,2025-11-04,2025-11-05,6645,金萬林-創,TWSE,W,W_atr14@3,2,569,0.071752,,0,0,1,2.079,-6.467,-13.164,165.15,,不適用,0.0,0.0,452,452.0,250.0,official,small,48.0,0,可交易（DK_s＝0）,未扣成本（成本參考：2.8 折來回約 0.38%、全額約 0.585%）；交易方法狀態未知（全額交割、變更交易方法、停止信用交易的來源未提供）；容量以 s 日 vol20 估計，未模擬開盤競價量與滑價；不可交易，僅觀察,未扣成本·事後欄位以 m_ 標示·非投資建議
SEL,4,2025-11-04,2025-11-05,7610,聯友金屬-創,TWSE,W,W_atr14@3,1,569,0.075936,,0,0,1,-0.966,1.449,-5.024,670.6,,不適用,0.0,0.0,37,37.0,37.0,official,small,225.0,0,可交易（DK_s＝0）,未扣成本（成本參考：2.8 折來回約 0.38%、全額約 0.585%）；交易方法狀態未知（全額交割、變更交易方法、停止信用交易的來源未提供）；容量以 s 日 vol20 估計，未模擬開盤競價量與滑價；不可交易，僅觀察,未扣成本·事後欄位以 m_ 標示·非投資建議
SEL,4,2025-11-04,2025-11-05,8047,星雲,TPEx,W,W_atr14@3,3,569,0.070908,,0,0,1,4.167,-4.63,-0.463,692.21,,不適用,1.0,0.0,802,inf,250.0,official_prepanel,small,334.0,1,處置中・交易規則另案登錄（DK_s＝1）,未扣成本（成本參考：2.8 折來回約 0.38%、全額約 0.585%）；交易方法狀態未知（全額交割、變更交易方法、停止信用交易的來源未提供）；容量以 s 日 vol20 估計，未模擬開盤競價量與滑價；不可交易，僅觀察,未扣成本·事後欄位以 m_ 標示·非投資建議
SEL,4,2025-11-05,2025-11-06,6645,金萬林-創,TWSE,W,W_atr14@3,2,569,0.071105,,0,0,1,-0.452,-9.502,-14.706,164.3,,不適用,0.0,0.0,453,453.0,250.0,official,small,91.0,0,可交易（DK_s＝0）,未扣成本（成本參考：2.8 折來回約 0.38%、全額約 0.585%）；交易方法狀態未知（全額交割、變更交易方法、停止信用交易的來源未提供）；容量以 s 日 vol20 估計，未模擬開盤競價量與滑價；不可交易，僅觀察,未扣成本·事後欄位以 m_ 標示·非投資建議
SEL,4,2025-11-05,2025-11-06,7610,聯友金屬-創,TWSE,W,W_atr14@3,3,569,0.070383,,0,0,1,0.481,1.442,-7.019,673.15,,不適用,0.0,0.0,38,38.0,38.0,official,small,157.0,0,可交易（DK_s＝0）,未扣成本（成本參考：2.8 折來回約 0.38%、全額約 0.585%）；交易方法狀態未知（全額交割、變更交易方法、停止信用交易的來源未提供）；容量以 s 日 vol20 估計，未模擬開盤競價量與滑價；不可交易，僅觀察,未扣成本·事後欄位以 m_ 標示·非投資建議
SEL,4,2025-11-05,2025-11-06,8047,星雲,TPEx,W,W_atr14@3,1,569,0.083254,,0,0,1,-2.444,-11.222,-12.667,656.95,,不適用,1.0,0.0,803,inf,250.0,official_prepanel,small,835.0,0,處置中・交易規則另案登錄（DK_s＝1）,未扣成本（成本參考：2.8 折來回約 0.38%、全額約 0.585%）；交易方法狀態未知（全額交割、變更交易方法、停止信用交易的來源未提供）；容量以 s 日 vol20 估計，未模擬開盤競價量與滑價；不可交易，僅觀察,未扣成本·事後欄位以 m_ 標示·非投資建議
SEL,4,2025-11-06,2025-11-07,3629,地心引力,TPEx,W,W_atr14@3,2,576,0.081594,,0,0,0,,,,5.88,,不適用,0.0,0.0,804,inf,250.0,official_prepanel,small,,0,可交易（DK_s＝0）,未扣成本（成本參考：2.8 折來回約 0.38%、全額約 0.585%）；交易方法狀態未知（全額交割、變更交易方法、停止信用交易的來源未提供）；容量以 s 日 vol20 估計，未模擬開盤競價量與滑價；不可交易，僅觀察,未扣成本·事後欄位以 m_ 標示·非投資建議
SEL,4,2025-11-06,2025-11-07,6645,金萬林-創,TWSE,W,W_atr14@3,3,576,0.069643,,0,0,1,-3.636,-9.545,-14.318,164.75,,不適用,0.0,0.0,454,454.0,250.0,official,small,68.0,0,可交易（DK_s＝0）,未扣成本（成本參考：2.8 折來回約 0.38%、全額約 0.585%）；交易方法狀態未知（全額交割、變更交易方法、停止信用交易的來源未提供）；容量以 s 日 vol20 估計，未模擬開盤競價量與滑價；不可交易，僅觀察,未扣成本·事後欄位以 m_ 標示·非投資建議
SEL,4,2025-11-06,2025-11-07,8047,星雲,TPEx,W,W_atr14@3,1,576,0.087293,,0,0,1,4.186,-9.302,-8.023,641.0,,不適用,0.0,0.0,804,inf,250.0,official_prepanel,small,376.0,0,可交易（DK_s＝0）,未扣成本（成本參考：2.8 折來回約 0.38%、全額約 0.585%）；交易方法狀態未知（全額交割、變更交易方法、停止信用交易的來源未提供）；容量以 s 日 vol20 估計，未模擬開盤競價量與滑價；不可交易，僅觀察,未扣成本·事後欄位以 m_ 標示·非投資建議
SEL,4,2025-11-07,2025-11-10,5543,桓鼎-KY,TPEx,W,W_atr14@3,3,575,0.067779,,0,0,1,0.369,0.369,3.321,251.74,,不適用,0.0,0.0,805,inf,250.0,official_prepanel,small,24.0,0,可交易（DK_s＝0）,未扣成本（成本參考：2.8 折來回約 0.38%、全額約 0.585%）；交易方法狀態未知（全額交割、變更交易方法、停止信用交易的來源未提供）；容量以 s 日 vol20 估計，未模擬開盤競價量與滑價；不可交易，僅觀察,未扣成本·事後欄位以 m_ 標示·非投資建議
SEL,4,2025-11-07,2025-11-10,6645,金萬林-創,TWSE,W,W_atr14@3,2,575,0.072608,,0,0,1,-4.45,-7.26,-13.349,164.05,,不適用,0.0,0.0,455,455.0,250.0,official,small,84.0,0,可交易（DK_s＝0）,未扣成本（成本參考：2.8 折來回約 0.38%、全額約 0.585%）；交易方法狀態未知（全額交割、變更交易方法、停止信用交易的來源未提供）；容量以 s 日 vol20 估計，未模擬開盤競價量與滑價；不可交易，僅觀察,未扣成本·事後欄位以 m_ 標示·非投資建議
SEL,4,2025-11-07,2025-11-10,8047,星雲,TPEx,W,W_atr14@3,1,575,0.086416,,0,0,1,-4.27,-3.796,-5.219,603.11,,不適用,0.0,0.0,805,inf,250.0,official_prepanel,small,452.0,0,可交易（DK_s＝0）,未扣成本（成本參考：2.8 折來回約 0.38%、全額約 0.585%）；交易方法狀態未知（全額交割、變更交易方法、停止信用交易的來源未提供）；容量以 s 日 vol20 估計，未模擬開盤競價量與滑價；不可交易，僅觀察,未扣成本·事後欄位以 m_ 標示·非投資建議
SEL,4,2025-11-10,2025-11-11,5543,桓鼎-KY,TPEx,W,W_atr14@3,3,575,0.069065,,0,0,1,2.264,3.774,5.66,252.32,,不適用,0.0,0.0,806,inf,250.0,official_prepanel,small,14.0,0,可交易（DK_s＝0）,未扣成本（成本參考：2.8 折來回約 0.38%、全額約 0.585%）；交易方法狀態未知（全額交割、變更交易方法、停止信用交易的來源未提供）；容量以 s 日 vol20 估計，未模擬開盤競價量與滑價；不可交易，僅觀察,未扣成本·事後欄位以 m_ 標示·非投資建議
SEL,4,2025-11-10,2025-11-11,6228,全譜,TPEx,W,W_atr14@3,2,575,0.0728,,0,0,1,-3.454,-6.045,-12.263,41.89,,不適用,0.0,0.0,806,inf,250.0,official_prepanel,small,28.0,0,可交易（DK_s＝0）,未扣成本（成本參考：2.8 折來回約 0.38%、全額約 0.585%）；交易方法狀態未知（全額交割、變更交易方法、停止信用交易的來源未提供）；容量以 s 日 vol20 估計，未模擬開盤競價量與滑價；不可交易，僅觀察,未扣成本·事後欄位以 m_ 標示·非投資建議
SEL,4,2025-11-10,2025-11-11,8047,星雲,TPEx,W,W_atr14@3,1,575,0.096831,,0,0,1,2.107,9.046,1.611,529.63,,不適用,0.0,0.0,806,inf,250.0,official_prepanel,small,927.0,0,可交易（DK_s＝0）,未扣成本（成本參考：2.8 折來回約 0.38%、全額約 0.585%）；交易方法狀態未知（全額交割、變更交易方法、停止信用交易的來源未提供）；容量以 s 日 vol20 估計，未模擬開盤競價量與滑價；不可交易，僅觀察,未扣成本·事後欄位以 m_ 標示·非投資建議
SEL,4,2025-11-11,2025-11-12,3135,凌航,TWSE,W,W_atr14@3,3,590,0.065543,,0,0,1,-0.187,-11.028,1.869,2749.2,,不適用,0.0,0.0,66,66.0,66.0,official,small,2542.0,0,可交易（DK_s＝0）,未扣成本（成本參考：2.8 折來回約 0.38%、全額約 0.585%）；交易方法狀態未知（全額交割、變更交易方法、停止信用交易的來源未提供）；容量以 s 日 vol20 估計，未模擬開盤競價量與滑價；不可交易，僅觀察,未扣成本·事後欄位以 m_ 標示·非投資建議
SEL,4,2025-11-11,2025-11-12,6228,全譜,TPEx,W,W_atr14@3,2,590,0.078712,,0,0,1,0.358,-1.61,-10.733,42.63,,不適用,0.0,0.0,807,inf,250.0,official_prepanel,small,17.0,0,可交易（DK_s＝0）,未扣成本（成本參考：2.8 折來回約 0.38%、全額約 0.585%）；交易方法狀態未知（全額交割、變更交易方法、停止信用交易的來源未提供）；容量以 s 日 vol20 估計，未模擬開盤競價量與滑價；不可交易，僅觀察,未扣成本·事後欄位以 m_ 標示·非投資建議
SEL,4,2025-11-11,2025-11-12,8047,星雲,TPEx,W,W_atr14@3,1,590,0.096134,,0,0,1,6.391,14.514,10.519,505.42,,不適用,0.0,0.0,807,inf,250.0,official_prepanel,small,899.0,0,可交易（DK_s＝0）,未扣成本（成本參考：2.8 折來回約 0.38%、全額約 0.585%）；交易方法狀態未知（全額交割、變更交易方法、停止信用交易的來源未提供）；容量以 s 日 vol20 估計，未模擬開盤競價量與滑價；不可交易，僅觀察,未扣成本·事後欄位以 m_ 標示·非投資建議
SEL,4,2025-11-12,2025-11-13,3288,點晶,TPEx,W,W_atr14@3,2,579,0.074721,,0,0,1,-2.128,-2.128,-7.903,71.71,,不適用,0.0,0.0,808,inf,250.0,official_prepanel,small,28.0,0,可交易（DK_s＝0）,未扣成本（成本參考：2.8 折來回約 0.38%、全額約 0.585%）；交易方法狀態未知（全額交割、變更交易方法、停止信用交易的來源未提供）；容量以 s 日 vol20 估計，未模擬開盤競價量與滑價；不可交易，僅觀察,未扣成本·事後欄位以 m_ 標示·非投資建議
SEL,4,2025-11-12,2025-11-13,4304,勝昱,TPEx,W,W_atr14@3,3,579,0.072619,,0,0,1,0.0,18.93,22.016,287.9,,不適用,1.0,5.0,808,inf,250.0,official_prepanel,small,163.0,1,處置中・交易規則另案登錄（DK_s＝1）,未扣成本（成本參考：2.8 折來回約 0.38%、全額約 0.585%）；交易方法狀態未知（全額交割、變更交易方法、停止信用交易的來源未提供）；容量以 s 日 vol20 估計，未模擬開盤競價量與滑價；不可交易，僅觀察,未扣成本·事後欄位以 m_ 標示·非投資建議
SEL,4,2025-11-12,2025-11-13,6228,全譜,TPEx,W,W_atr14@3,1,579,0.080214,,0,0,1,-1.961,-4.278,-15.865,42.58,,不適用,0.0,0.0,808,inf,250.0,official_prepanel,small,25.0,0,可交易（DK_s＝0）,未扣成本（成本參考：2.8 折來回約 0.38%、全額約 0.585%）；交易方法狀態未知（全額交割、變更交易方法、停止信用交易的來源未提供）；容量以 s 日 vol20 估計，未模擬開盤競價量與滑價；不可交易，僅觀察,未扣成本·事後欄位以 m_ 標示·非投資建議
SEL,4,2025-11-13,2025-11-14,3288,點晶,TPEx,W,W_atr14@3,3,585,0.072623,,0,0,1,1.869,-0.312,-5.296,72.41,,不適用,0.0,0.0,809,inf,250.0,official_prepanel,small,9.0,0,可交易（DK_s＝0）,未扣成本（成本參考：2.8 折來回約 0.38%、全額約 0.585%）；交易方法狀態未知（全額交割、變更交易方法、停止信用交易的來源未提供）；容量以 s 日 vol20 估計，未模擬開盤競價量與滑價；不可交易，僅觀察,未扣成本·事後欄位以 m_ 標示·非投資建議
SEL,4,2025-11-13,2025-11-14,4304,勝昱,TPEx,W,W_atr14@3,1,585,0.087449,,1,0,1,21.918,33.333,37.443,295.7,,不適用,1.0,4.0,809,inf,250.0,official_prepanel,small,456.0,1,處置中・交易規則另案登錄（DK_s＝1）,未扣成本（成本參考：2.8 折來回約 0.38%、全額約 0.585%）；交易方法狀態未知（全額交割、變更交易方法、停止信用交易的來源未提供）；容量以 s 日 vol20 估計，未模擬開盤競價量與滑價；不可交易，僅觀察,未扣成本·事後欄位以 m_ 標示·非投資建議
SEL,4,2025-11-13,2025-11-14,6228,全譜,TPEx,W,W_atr14@3,2,585,0.080779,,0,0,1,-3.147,-6.469,-14.51,42.95,,不適用,0.0,0.0,809,inf,250.0,official_prepanel,small,55.0,0,可交易（DK_s＝0）,未扣成本（成本參考：2.8 折來回約 0.38%、全額約 0.585%）；交易方法狀態未知（全額交割、變更交易方法、停止信用交易的來源未提供）；容量以 s 日 vol20 估計，未模擬開盤競價量與滑價；不可交易，僅觀察,未扣成本·事後欄位以 m_ 標示·非投資建議
SEL,4,2025-11-14,2025-11-17,3135,凌航,TWSE,W,W_atr14@3,3,580,0.071283,,0,0,1,-0.794,-10.615,16.071,2397.4,,不適用,0.0,0.0,69,69.0,69.0,official,small,982.0,0,可交易（DK_s＝0）,未扣成本（成本參考：2.8 折來回約 0.38%、全額約 0.585%）；交易方法狀態未知（全額交割、變更交易方法、停止信用交易的來源未提供）；容量以 s 日 vol20 估計，未模擬開盤競價量與滑價；不可交易，僅觀察,未扣成本·事後欄位以 m_ 標示·非投資建議
SEL,4,2025-11-14,2025-11-17,3321,同泰,TWSE,W,W_atr14@3,2,580,0.071429,,0,0,1,-0.541,-7.297,-5.135,514.4,,不適用,0.0,2.0,810,inf,250.0,official_prepanel,small,195.0,0,可交易（DK_s＝0）,未扣成本（成本參考：2.8 折來回約 0.38%、全額約 0.585%）；交易方法狀態未知（全額交割、變更交易方法、停止信用交易的來源未提供）；容量以 s 日 vol20 估計，未模擬開盤競價量與滑價；不可交易，僅觀察,未扣成本·事後欄位以 m_ 標示·非投資建議
SEL,4,2025-11-14,2025-11-17,6228,全譜,TPEx,W,W_atr14@3,1,580,0.084322,,0,0,1,-1.805,-6.137,-11.913,45.37,,不適用,0.0,0.0,810,inf,250.0,official_prepanel,small,12.0,0,可交易（DK_s＝0）,未扣成本（成本參考：2.8 折來回約 0.38%、全額約 0.585%）；交易方法狀態未知（全額交割、變更交易方法、停止信用交易的來源未提供）；容量以 s 日 vol20 估計，未模擬開盤競價量與滑價；不可交易，僅觀察,未扣成本·事後欄位以 m_ 標示·非投資建議
SEL,4,2025-11-17,2025-11-18,3288,點晶,TPEx,W,W_atr14@3,3,592,0.072991,,0,0,1,-2.174,-5.59,-5.901,71.76,,不適用,0.0,0.0,811,inf,250.0,official_prepanel,small,11.0,0,可交易（DK_s＝0）,未扣成本（成本參考：2.8 折來回約 0.38%、全額約 0.585%）；交易方法狀態未知（全額交割、變更交易方法、停止信用交易的來源未提供）；容量以 s 日 vol20 估計，未模擬開盤競價量與滑價；不可交易，僅觀察,未扣成本·事後欄位以 m_ 標示·非投資建議
SEL,4,2025-11-17,2025-11-18,3321,同泰,TWSE,W,W_atr14@3,2,592,0.075699,,0,0,1,-4.076,-8.696,4.891,523.0,,不適用,0.0,1.0,811,inf,250.0,official_prepanel,small,296.0,0,可交易（DK_s＝0）,未扣成本（成本參考：2.8 折來回約 0.38%、全額約 0.585%）；交易方法狀態未知（全額交割、變更交易方法、停止信用交易的來源未提供）；容量以 s 日 vol20 估計，未模擬開盤競價量與滑價；不可交易，僅觀察,未扣成本·事後欄位以 m_ 標示·非投資建議
SEL,4,2025-11-17,2025-11-18,6228,全譜,TPEx,W,W_atr14@3,1,592,0.082983,,0,0,1,-5.009,-12.263,-15.544,43.7,,不適用,0.0,0.0,811,inf,250.0,official_prepanel,small,33.0,0,可交易（DK_s＝0）,未扣成本（成本參考：2.8 折來回約 0.38%、全額約 0.585%）；交易方法狀態未知（全額交割、變更交易方法、停止信用交易的來源未提供）；容量以 s 日 vol20 估計，未模擬開盤競價量與滑價；不可交易，僅觀察,未扣成本·事後欄位以 m_ 標示·非投資建議
SEL,4,2025-11-18,2025-11-19,3321,同泰,TWSE,W,W_atr14@3,1,584,0.085593,,0,0,1,-1.7,-1.416,20.113,537.05,,不適用,0.0,0.0,812,inf,250.0,official_prepanel,small,128.0,0,可交易（DK_s＝0）,未扣成本（成本參考：2.8 折來回約 0.38%、全額約 0.585%）；交易方法狀態未知（全額交割、變更交易方法、停止信用交易的來源未提供）；容量以 s 日 vol20 估計，未模擬開盤競價量與滑價；不可交易，僅觀察,未扣成本·事後欄位以 m_ 標示·非投資建議
SEL,4,2025-11-18,2025-11-19,6228,全譜,TPEx,W,W_atr14@3,2,584,0.084545,,0,0,1,-2.364,-9.273,-9.091,44.6,,不適用,0.0,0.0,812,inf,250.0,official_prepanel,small,10.0,0,可交易（DK_s＝0）,未扣成本（成本參考：2.8 折來回約 0.38%、全額約 0.585%）；交易方法狀態未知（全額交割、變更交易方法、停止信用交易的來源未提供）；容量以 s 日 vol20 估計，未模擬開盤競價量與滑價；不可交易，僅觀察,未扣成本·事後欄位以 m_ 標示·非投資建議
SEL,4,2025-11-18,2025-11-19,8093,保銳,TPEx,W,W_atr14@3,3,584,0.082949,,0,0,1,-10.0,-15.806,-15.806,280.95,,不適用,0.0,1.0,812,inf,250.0,official_prepanel,small,240.0,0,可交易（DK_s＝0）,未扣成本（成本參考：2.8 折來回約 0.38%、全額約 0.585%）；交易方法狀態未知（全額交割、變更交易方法、停止信用交易的來源未提供）；容量以 s 日 vol20 估計，未模擬開盤競價量與滑價；不可交易，僅觀察,未扣成本·事後欄位以 m_ 標示·非投資建議
SEL,4,2025-11-19,2025-11-20,3321,同泰,TWSE,W,W_atr14@3,2,584,0.088925,,0,0,1,1.136,-0.568,19.034,540.9,,不適用,0.0,0.0,813,inf,250.0,official_prepanel,small,115.0,0,可交易（DK_s＝0）,未扣成本（成本參考：2.8 折來回約 0.38%、全額約 0.585%）；交易方法狀態未知（全額交割、變更交易方法、停止信用交易的來源未提供）；容量以 s 日 vol20 估計，未模擬開盤競價量與滑價；不可交易，僅觀察,未扣成本·事後欄位以 m_ 標示·非投資建議
SEL,4,2025-11-19,2025-11-20,6228,全譜,TPEx,W,W_atr14@3,3,584,0.081006,,0,0,1,-0.372,-12.104,-8.752,45.0,,不適用,0.0,0.0,813,inf,250.0,official_prepanel,small,8.0,0,可交易（DK_s＝0）,未扣成本（成本參考：2.8 折來回約 0.38%、全額約 0.585%）；交易方法狀態未知（全額交割、變更交易方法、停止信用交易的來源未提供）；容量以 s 日 vol20 估計，未模擬開盤競價量與滑價；不可交易，僅觀察,未扣成本·事後欄位以 m_ 標示·非投資建議
SEL,4,2025-11-19,2025-11-20,8093,保銳,TPEx,W,W_atr14@3,1,584,0.099846,,0,0,1,10.317,3.175,4.762,291.0,,不適用,0.0,0.0,813,inf,250.0,official_prepanel,small,318.0,0,可交易（DK_s＝0）,未扣成本（成本參考：2.8 折來回約 0.38%、全額約 0.585%）；交易方法狀態未知（全額交割、變更交易方法、停止信用交易的來源未提供）；容量以 s 日 vol20 估計，未模擬開盤競價量與滑價；不可交易，僅觀察,未扣成本·事後欄位以 m_ 標示·非投資建議
SEL,4,2025-11-20,2025-11-21,3321,同泰,TWSE,W,W_atr14@3,1,582,0.083668,,0,0,1,0.587,2.933,34.897,544.3,,不適用,0.0,0.0,814,inf,250.0,official_prepanel,small,116.0,0,可交易（DK_s＝0）,未扣成本（成本參考：2.8 折來回約 0.38%、全額約 0.585%）；交易方法狀態未知（全額交割、變更交易方法、停止信用交易的來源未提供）；容量以 s 日 vol20 估計，未模擬開盤競價量與滑價；不可交易，僅觀察,未扣成本·事後欄位以 m_ 標示·非投資建議
SEL,4,2025-11-20,2025-11-21,4804,,TPEx,W,W_atr14@3,2,582,0.076594,,0,0,1,9.299,0.143,14.306,48.42,,不適用,0.0,0.0,814,inf,250.0,official_prepanel,small,32.0,0,可交易（DK_s＝0）,未扣成本（成本參考：2.8 折來回約 0.38%、全額約 0.585%）；交易方法狀態未知（全額交割、變更交易方法、停止信用交易的來源未提供）；容量以 s 日 vol20 估計，未模擬開盤競價量與滑價；不可交易，僅觀察,未扣成本·事後欄位以 m_ 標示·非投資建議
SEL,4,2025-11-20,2025-11-21,6228,全譜,TPEx,W,W_atr14@3,3,582,0.076235,,0,0,1,-2.804,-8.598,-7.29,44.9,,不適用,0.0,0.0,814,inf,250.0,official_prepanel,small,15.0,0,可交易（DK_s＝0）,未扣成本（成本參考：2.8 折來回約 0.38%、全額約 0.585%）；交易方法狀態未知（全額交割、變更交易方法、停止信用交易的來源未提供）；容量以 s 日 vol20 估計，未模擬開盤競價量與滑價；不可交易，僅觀察,未扣成本·事後欄位以 m_ 標示·非投資建議
SEL,4,2025-11-21,2025-11-24,2424,隴華,TWSE,W,W_atr14@3,3,576,0.082649,,0,0,1,0.0,-6.799,-8.782,26.32,,不適用,0.0,0.0,815,inf,250.0,official_prepanel,small,41.0,0,可交易（DK_s＝0）,未扣成本（成本參考：2.8 折來回約 0.38%、全額約 0.585%）；交易方法狀態未知（全額交割、變更交易方法、停止信用交易的來源未提供）；容量以 s 日 vol20 估計，未模擬開盤競價量與滑價；不可交易，僅觀察,未扣成本·事後欄位以 m_ 標示·非投資建議
SEL,4,2025-11-21,2025-11-24,3321,同泰,TWSE,W,W_atr14@3,1,576,0.08309,,0,0,1,-2.041,2.332,45.988,546.35,,不適用,0.0,0.0,815,inf,250.0,official_prepanel,small,120.0,0,可交易（DK_s＝0）,未扣成本（成本參考：2.8 折來回約 0.38%、全額約 0.585%）；交易方法狀態未知（全額交割、變更交易方法、停止信用交易的來源未提供）；容量以 s 日 vol20 估計，未模擬開盤競價量與滑價；不可交易，僅觀察,未扣成本·事後欄位以 m_ 標示·非投資建議
SEL,4,2025-11-21,2025-11-24,6751,智聯服務,TPEx,W,W_atr14@3,2,576,0.082978,,0,0,1,-2.285,-1.23,-8.084,144.3,,不適用,0.0,0.0,815,inf,250.0,official_prepanel,small,116.0,0,可交易（DK_s＝0）,未扣成本（成本參考：2.8 折來回約 0.38%、全額約 0.585%）；交易方法狀態未知（全額交割、變更交易方法、停止信用交易的來源未提供）；容量以 s 日 vol20 估計，未模擬開盤競價量與滑價；不可交易，僅觀察,未扣成本·事後欄位以 m_ 標示·非投資建議
SEL,4,2025-11-24,2025-11-25,2424,隴華,TWSE,W,W_atr14@3,1,580,0.080838,,0,0,1,2.332,-7.872,-6.414,27.95,,不適用,0.0,0.0,816,inf,250.0,official_prepanel,small,21.0,0,可交易（DK_s＝0）,未扣成本（成本參考：2.8 折來回約 0.38%、全額約 0.585%）；交易方法狀態未知（全額交割、變更交易方法、停止信用交易的來源未提供）；容量以 s 日 vol20 估計，未模擬開盤競價量與滑價；不可交易，僅觀察,未扣成本·事後欄位以 m_ 標示·非投資建議
SEL,4,2025-11-24,2025-11-25,3321,同泰,TWSE,W,W_atr14@3,2,580,0.080357,,0,0,1,-0.571,10.286,36.14,550.25,,不適用,0.0,0.0,816,inf,250.0,official_prepanel,small,128.0,0,可交易（DK_s＝0）,未扣成本（成本參考：2.8 折來回約 0.38%、全額約 0.585%）；交易方法狀態未知（全額交割、變更交易方法、停止信用交易的來源未提供）；容量以 s 日 vol20 估計，未模擬開盤競價量與滑價；不可交易，僅觀察,未扣成本·事後欄位以 m_ 標示·非投資建議
SEL,4,2025-11-24,2025-11-25,4416,三圓,TPEx,W,W_atr14@3,3,580,0.07836,,0,0,1,-7.638,-6.648,-7.496,38.55,,不適用,0.0,0.0,816,inf,250.0,official_prepanel,small,97.0,0,可交易（DK_s＝0）,未扣成本（成本參考：2.8 折來回約 0.38%、全額約 0.585%）；交易方法狀態未知（全額交割、變更交易方法、停止信用交易的來源未提供）；容量以 s 日 vol20 估計，未模擬開盤競價量與滑價；不可交易，僅觀察,未扣成本·事後欄位以 m_ 標示·非投資建議
SEL,4,2025-11-25,2025-11-26,2424,隴華,TWSE,W,W_atr14@3,2,590,0.082011,,0,0,1,-2.899,-10.145,2.319,28.47,,不適用,0.0,0.0,817,inf,250.0,official_prepanel,small,57.0,0,可交易（DK_s＝0）,未扣成本（成本參考：2.8 折來回約 0.38%、全額約 0.585%）；交易方法狀態未知（全額交割、變更交易方法、停止信用交易的來源未提供）；容量以 s 日 vol20 估計，未模擬開盤競價量與滑價；不可交易，僅觀察,未扣成本·事後欄位以 m_ 標示·非投資建議
SEL,4,2025-11-25,2025-11-26,2740,華軒,TPEx,W,W_atr14@3,3,590,0.081041,,0,0,1,3.721,14.884,26.512,23.65,,不適用,0.0,0.0,817,inf,250.0,official_prepanel,small,32.0,0,可交易（DK_s＝0）,未扣成本（成本參考：2.8 折來回約 0.38%、全額約 0.585%）；交易方法狀態未知（全額交割、變更交易方法、停止信用交易的來源未提供）；容量以 s 日 vol20 估計，未模擬開盤競價量與滑價；不可交易，僅觀察,未扣成本·事後欄位以 m_ 標示·非投資建議
SEL,4,2025-11-25,2025-11-26,4416,三圓,TPEx,W,W_atr14@3,1,590,0.084445,,0,0,1,2.773,1.387,1.541,42.95,,不適用,0.0,0.0,817,inf,250.0,official_prepanel,small,145.0,0,可交易（DK_s＝0）,未扣成本（成本參考：2.8 折來回約 0.38%、全額約 0.585%）；交易方法狀態未知（全額交割、變更交易方法、停止信用交易的來源未提供）；容量以 s 日 vol20 估計，未模擬開盤競價量與滑價；不可交易，僅觀察,未扣成本·事後欄位以 m_ 標示·非投資建議
SEL,4,2025-11-26,2025-11-27,2424,隴華,TWSE,W,W_atr14@3,2,598,0.087846,,0,0,1,0.61,-1.372,18.293,30.05,,不適用,0.0,0.0,818,inf,250.0,official_prepanel,small,44.0,0,可交易（DK_s＝0）,未扣成本（成本參考：2.8 折來回約 0.38%、全額約 0.585%）；交易方法狀態未知（全額交割、變更交易方法、停止信用交易的來源未提供）；容量以 s 日 vol20 估計，未模擬開盤競價量與滑價；不可交易，僅觀察,未扣成本·事後欄位以 m_ 標示·非投資建議
SEL,4,2025-11-26,2025-11-27,2740,華軒,TPEx,W,W_atr14@3,3,598,0.078635,,0,0,1,0.0,17.647,18.519,25.05,,不適用,0.0,0.0,818,inf,250.0,official_prepanel,small,1.0,0,可交易（DK_s＝0）,未扣成本（成本參考：2.8 折來回約 0.38%、全額約 0.585%）；交易方法狀態未知（全額交割、變更交易方法、停止信用交易的來源未提供）；容量以 s 日 vol20 估計，未模擬開盤競價量與滑價；不可交易，僅觀察,未扣成本·事後欄位以 m_ 標示·非投資建議
SEL,4,2025-11-26,2025-11-27,4950,金耘國際,TPEx,W,W_atr14@3,1,598,0.098958,,0,0,1,-3.667,-3.667,-5.379,94.27,,不適用,0.0,0.0,818,inf,250.0,official_prepanel,small,27.0,0,可交易（DK_s＝0）,未扣成本（成本參考：2.8 折來回約 0.38%、全額約 0.585%）；交易方法狀態未知（全額交割、變更交易方法、停止信用交易的來源未提供）；容量以 s 日 vol20 估計，未模擬開盤競價量與滑價；不可交易，僅觀察,未扣成本·事後欄位以 m_ 標示·非投資建議
SEL,4,2025-11-27,2025-11-28,2424,隴華,TWSE,W,W_atr14@3,2,589,0.090693,,0,0,1,2.652,0.624,33.073,32.26,,不適用,0.0,0.0,819,inf,250.0,official_prepanel,small,16.0,0,可交易（DK_s＝0）,未扣成本（成本參考：2.8 折來回約 0.38%、全額約 0.585%）；交易方法狀態未知（全額交割、變更交易方法、停止信用交易的來源未提供）；容量以 s 日 vol20 估計，未模擬開盤競價量與滑價；不可交易，僅觀察,未扣成本·事後欄位以 m_ 標示·非投資建議
SEL,4,2025-11-27,2025-11-28,2740,華軒,TPEx,W,W_atr14@3,3,589,0.077498,,0,0,1,-1.961,19.826,19.172,24.55,,不適用,0.0,0.0,819,inf,250.0,official_prepanel,small,24.0,0,可交易（DK_s＝0）,未扣成本（成本參考：2.8 折來回約 0.38%、全額約 0.585%）；交易方法狀態未知（全額交割、變更交易方法、停止信用交易的來源未提供）；容量以 s 日 vol20 估計，未模擬開盤競價量與滑價；不可交易，僅觀察,未扣成本·事後欄位以 m_ 標示·非投資建議
SEL,4,2025-11-27,2025-11-28,4950,金耘國際,TPEx,W,W_atr14@3,1,589,0.095666,,0,0,1,-0.744,-2.233,-6.203,93.73,,不適用,0.0,0.0,819,inf,250.0,official_prepanel,small,11.0,0,可交易（DK_s＝0）,未扣成本（成本參考：2.8 折來回約 0.38%、全額約 0.585%）；交易方法狀態未知（全額交割、變更交易方法、停止信用交易的來源未提供）；容量以 s 日 vol20 估計，未模擬開盤競價量與滑價；不可交易，僅觀察,未扣成本·事後欄位以 m_ 標示·非投資建議
SEL,4,2025-11-28,2025-12-01,2424,隴華,TWSE,W,W_atr14@3,2,598,0.086518,,0,0,1,-3.659,-1.829,34.756,32.32,,不適用,0.0,0.0,820,inf,250.0,official_prepanel,small,19.0,0,可交易（DK_s＝0）,未扣成本（成本參考：2.8 折來回約 0.38%、全額約 0.585%）；交易方法狀態未知（全額交割、變更交易方法、停止信用交易的來源未提供）；容量以 s 日 vol20 估計，未模擬開盤競價量與滑價；不可交易，僅觀察,未扣成本·事後欄位以 m_ 標示·非投資建議
SEL,4,2025-11-28,2025-12-01,2740,華軒,TPEx,W,W_atr14@3,3,598,0.08127,,0,0,1,-0.641,10.256,27.778,25.35,,不適用,0.0,0.0,820,inf,250.0,official_prepanel,small,6.0,0,可交易（DK_s＝0）,未扣成本（成本參考：2.8 折來回約 0.38%、全額約 0.585%）；交易方法狀態未知（全額交割、變更交易方法、停止信用交易的來源未提供）；容量以 s 日 vol20 估計，未模擬開盤競價量與滑價；不可交易，僅觀察,未扣成本·事後欄位以 m_ 標示·非投資建議
SEL,4,2025-11-28,2025-12-01,4950,金耘國際,TPEx,W,W_atr14@3,1,598,0.089107,,0,0,1,0.0,-3.008,-5.263,93.87,,不適用,0.0,0.0,820,inf,250.0,official_prepanel,small,1.0,0,可交易（DK_s＝0）,未扣成本（成本參考：2.8 折來回約 0.38%、全額約 0.585%）；交易方法狀態未知（全額交割、變更交易方法、停止信用交易的來源未提供）；容量以 s 日 vol20 估計，未模擬開盤競價量與滑價；不可交易，僅觀察,未扣成本·事後欄位以 m_ 標示·非投資建議
SEL,4,2025-12-01,2025-12-02,2424,隴華,TWSE,W,W_atr14@3,1,596,0.08906,,0,0,1,-1.899,1.582,29.114,33.0,,不適用,0.0,0.0,821,inf,250.0,official_prepanel,small,11.0,0,可交易（DK_s＝0）,未扣成本（成本參考：2.8 折來回約 0.38%、全額約 0.585%）；交易方法狀態未知（全額交割、變更交易方法、停止信用交易的來源未提供）；容量以 s 日 vol20 估計，未模擬開盤競價量與滑價；不可交易，僅觀察,未扣成本·事後欄位以 m_ 標示·非投資建議
SEL,4,2025-12-01,2025-12-02,2740,華軒,TPEx,W,W_atr14@3,2,596,0.080338,,0,0,1,5.106,14.043,20.213,24.95,,不適用,0.0,0.0,821,inf,250.0,official_prepanel,small,49.0,0,可交易（DK_s＝0）,未扣成本（成本參考：2.8 折來回約 0.38%、全額約 0.585%）；交易方法狀態未知（全額交割、變更交易方法、停止信用交易的來源未提供）；容量以 s 日 vol20 估計，未模擬開盤競價量與滑價；不可交易，僅觀察,未扣成本·事後欄位以 m_ 標示·非投資建議
SEL,4,2025-12-01,2025-12-02,4950,金耘國際,TPEx,W,W_atr14@3,3,596,0.075367,,0,0,1,-2.963,-2.963,-8.889,88.93,,不適用,0.0,0.0,821,inf,250.0,official_prepanel,small,57.0,0,可交易（DK_s＝0）,未扣成本（成本參考：2.8 折來回約 0.38%、全額約 0.585%）；交易方法狀態未知（全額交割、變更交易方法、停止信用交易的來源未提供）；容量以 s 日 vol20 估計，未模擬開盤競價量與滑價；不可交易，僅觀察,未扣成本·事後欄位以 m_ 標示·非投資建議
SEL,4,2025-12-02,2025-12-03,2424,隴華,TWSE,W,W_atr14@3,1,603,0.084217,,0,0,1,4.355,13.871,21.613,31.9,,不適用,0.0,0.0,822,inf,250.0,official_prepanel,small,4.0,0,可交易（DK_s＝0）,未扣成本（成本參考：2.8 折來回約 0.38%、全額約 0.585%）；交易方法狀態未知（全額交割、變更交易方法、停止信用交易的來源未提供）；容量以 s 日 vol20 估計，未模擬開盤競價量與滑價；不可交易，僅觀察,未扣成本·事後欄位以 m_ 標示·非投資建議
SEL,4,2025-12-02,2025-12-03,2740,華軒,TPEx,W,W_atr14@3,2,603,0.075622,,0,0,1,3.846,4.615,13.654,26.5,,不適用,0.0,0.0,822,inf,250.0,official_prepanel,small,53.0,0,可交易（DK_s＝0）,未扣成本（成本參考：2.8 折來回約 0.38%、全額約 0.585%）；交易方法狀態未知（全額交割、變更交易方法、停止信用交易的來源未提供）；容量以 s 日 vol20 估計，未模擬開盤競價量與滑價；不可交易，僅觀察,未扣成本·事後欄位以 m_ 標示·非投資建議
SEL,4,2025-12-02,2025-12-03,4950,金耘國際,TPEx,W,W_atr14@3,3,603,0.075609,,0,0,1,1.026,0.256,-6.923,86.94,,不適用,0.0,0.0,822,inf,250.0,official_prepanel,small,35.0,0,可交易（DK_s＝0）,未扣成本（成本參考：2.8 折來回約 0.38%、全額約 0.585%）；交易方法狀態未知（全額交割、變更交易方法、停止信用交易的來源未提供）；容量以 s 日 vol20 估計，未模擬開盤競價量與滑價；不可交易，僅觀察,未扣成本·事後欄位以 m_ 標示·非投資建議
SEL,4,2025-12-03,2025-12-04,2424,隴華,TWSE,W,W_atr14@3,3,601,0.071539,,0,0,1,0.0,20.31,28.527,31.6,,不適用,0.0,0.0,823,inf,250.0,official_prepanel,small,1.0,0,可交易（DK_s＝0）,未扣成本（成本參考：2.8 折來回約 0.38%、全額約 0.585%）；交易方法狀態未知（全額交割、變更交易方法、停止信用交易的來源未提供）；容量以 s 日 vol20 估計，未模擬開盤競價量與滑價；不可交易，僅觀察,未扣成本·事後欄位以 m_ 標示·非投資建議
SEL,4,2025-12-03,2025-12-04,4943,康控-KY,TWSE,W,W_atr14@3,1,601,0.074235,,0,0,1,-0.356,-0.712,-6.05,99.75,,不適用,0.0,0.0,823,inf,250.0,official_prepanel,small,36.0,0,可交易（DK_s＝0）,未扣成本（成本參考：2.8 折來回約 0.38%、全額約 0.585%）；交易方法狀態未知（全額交割、變更交易方法、停止信用交易的來源未提供）；容量以 s 日 vol20 估計，未模擬開盤競價量與滑價；不可交易，僅觀察,未扣成本·事後欄位以 m_ 標示·非投資建議
SEL,4,2025-12-03,2025-12-04,4950,金耘國際,TPEx,W,W_atr14@3,2,601,0.072698,,0,0,1,0.0,-1.777,-6.345,83.88,,不適用,0.0,0.0,823,inf,250.0,official_prepanel,small,25.0,0,可交易（DK_s＝0）,未扣成本（成本參考：2.8 折來回約 0.38%、全額約 0.585%）；交易方法狀態未知（全額交割、變更交易方法、停止信用交易的來源未提供）；容量以 s 日 vol20 估計，未模擬開盤競價量與滑價；不可交易，僅觀察,未扣成本·事後欄位以 m_ 標示·非投資建議
SEL,4,2025-12-04,2025-12-05,2740,華軒,TPEx,W,W_atr14@3,2,601,0.069351,,0,0,1,2.381,8.532,8.532,30.2,,不適用,0.0,0.0,824,inf,250.0,official_prepanel,small,61.0,0,可交易（DK_s＝0）,未扣成本（成本參考：2.8 折來回約 0.38%、全額約 0.585%）；交易方法狀態未知（全額交割、變更交易方法、停止信用交易的來源未提供）；容量以 s 日 vol20 估計，未模擬開盤競價量與滑價；不可交易，僅觀察,未扣成本·事後欄位以 m_ 標示·非投資建議
SEL,4,2025-12-04,2025-12-05,4943,康控-KY,TWSE,W,W_atr14@3,1,601,0.070153,,0,0,1,-3.125,-3.125,-12.5,93.35,,不適用,0.0,0.0,824,inf,250.0,official_prepanel,small,35.0,0,可交易（DK_s＝0）,未扣成本（成本參考：2.8 折來回約 0.38%、全額約 0.585%）；交易方法狀態未知（全額交割、變更交易方法、停止信用交易的來源未提供）；容量以 s 日 vol20 估計，未模擬開盤競價量與滑價；不可交易，僅觀察,未扣成本·事後欄位以 m_ 標示·非投資建議
SEL,4,2025-12-04,2025-12-05,4950,金耘國際,TPEx,W,W_atr14@3,3,601,0.067621,,0,0,1,-1.777,-4.061,-7.107,80.61,,不適用,0.0,0.0,824,inf,250.0,official_prepanel,small,29.0,0,可交易（DK_s＝0）,未扣成本（成本參考：2.8 折來回約 0.38%、全額約 0.585%）；交易方法狀態未知（全額交割、變更交易方法、停止信用交易的來源未提供）；容量以 s 日 vol20 估計，未模擬開盤競價量與滑價；不可交易，僅觀察,未扣成本·事後欄位以 m_ 標示·非投資建議
SEL,4,2025-12-05,2025-12-08,2740,華軒,TPEx,W,W_atr14@3,2,611,0.077243,,0,0,1,5.72,17.949,10.651,33.1,,不適用,0.0,0.0,825,inf,250.0,official_prepanel,small,39.0,0,可交易（DK_s＝0）,未扣成本（成本參考：2.8 折來回約 0.38%、全額約 0.585%）；交易方法狀態未知（全額交割、變更交易方法、停止信用交易的來源未提供）；容量以 s 日 vol20 估計，未模擬開盤競價量與滑價；不可交易，僅觀察,未扣成本·事後欄位以 m_ 標示·非投資建議
SEL,4,2025-12-05,2025-12-08,6919,康霈*,TWSE,W,W_atr14@3,3,611,0.065885,,0,0,1,0.904,0.301,-3.614,14189.3,,不適用,0.0,0.0,287,287.0,250.0,official,large,9733.0,0,可交易（DK_s＝0）,未扣成本（成本參考：2.8 折來回約 0.38%、全額約 0.585%）；交易方法狀態未知（全額交割、變更交易方法、停止信用交易的來源未提供）；容量以 s 日 vol20 估計，未模擬開盤競價量與滑價；不可交易，僅觀察,未扣成本·事後欄位以 m_ 標示·非投資建議
SEL,4,2025-12-05,2025-12-08,7717,萊德光電-KY,TPEx,W,W_atr14@3,1,611,0.112504,,1,0,1,7.692,32.579,41.629,630.93,,不適用,0.0,0.0,15,15.0,15.0,official,small,595.0,0,可交易（DK_s＝0）,未扣成本（成本參考：2.8 折來回約 0.38%、全額約 0.585%）；交易方法狀態未知（全額交割、變更交易方法、停止信用交易的來源未提供）；容量以 s 日 vol20 估計，未模擬開盤競價量與滑價；不可交易，僅觀察,未扣成本·事後欄位以 m_ 標示·非投資建議
SEL,4,2025-12-08,2025-12-09,2740,華軒,TPEx,W,W_atr14@3,1,617,0.075959,,0,0,1,-0.73,3.102,8.394,34.75,,不適用,0.0,0.0,826,inf,250.0,official_prepanel,small,24.0,0,可交易（DK_s＝0）,未扣成本（成本參考：2.8 折來回約 0.38%、全額約 0.585%）；交易方法狀態未知（全額交割、變更交易方法、停止信用交易的來源未提供）；容量以 s 日 vol20 估計，未模擬開盤競價量與滑價；不可交易，僅觀察,未扣成本·事後欄位以 m_ 標示·非投資建議
SEL,4,2025-12-08,2025-12-09,3135,凌航,TWSE,W,W_atr14@3,3,617,0.065159,,0,0,1,0.448,-2.84,-5.531,2261.8,,不適用,0.0,0.0,85,85.0,85.0,official,small,2382.0,0,可交易（DK_s＝0）,未扣成本（成本參考：2.8 折來回約 0.38%、全額約 0.585%）；交易方法狀態未知（全額交割、變更交易方法、停止信用交易的來源未提供）；容量以 s 日 vol20 估計，未模擬開盤競價量與滑價；不可交易，僅觀察,未扣成本·事後欄位以 m_ 標示·非投資建議
SEL,4,2025-12-08,2025-12-09,6919,康霈*,TWSE,W,W_atr14@3,2,617,0.066311,,0,0,1,2.09,-4.478,-2.985,13623.0,,不適用,0.0,0.0,288,288.0,250.0,official,large,5712.0,0,可交易（DK_s＝0）,未扣成本（成本參考：2.8 折來回約 0.38%、全額約 0.585%）；交易方法狀態未知（全額交割、變更交易方法、停止信用交易的來源未提供）；容量以 s 日 vol20 估計，未模擬開盤競價量與滑價；不可交易，僅觀察,未扣成本·事後欄位以 m_ 標示·非投資建議
SEL,4,2025-12-09,2025-12-10,2740,華軒,TPEx,W,W_atr14@3,1,623,0.074449,,0,0,1,0.0,8.64,6.066,35.6,,不適用,0.0,0.0,827,inf,250.0,official_prepanel,small,68.0,0,可交易（DK_s＝0）,未扣成本（成本參考：2.8 折來回約 0.38%、全額約 0.585%）；交易方法狀態未知（全額交割、變更交易方法、停止信用交易的來源未提供）；容量以 s 日 vol20 估計，未模擬開盤競價量與滑價；不可交易，僅觀察,未扣成本·事後欄位以 m_ 標示·非投資建議
SEL,4,2025-12-09,2025-12-10,3135,凌航,TWSE,W,W_atr14@3,2,623,0.065168,,0,0,1,-0.446,-6.548,-5.506,2190.55,,不適用,0.0,0.0,86,86.0,86.0,official,small,1641.0,0,可交易（DK_s＝0）,未扣成本（成本參考：2.8 折來回約 0.38%、全額約 0.585%）；交易方法狀態未知（全額交割、變更交易方法、停止信用交易的來源未提供）；容量以 s 日 vol20 估計，未模擬開盤競價量與滑價；不可交易，僅觀察,未扣成本·事後欄位以 m_ 標示·非投資建議
SEL,4,2025-12-09,2025-12-10,4943,康控-KY,TWSE,W,W_atr14@3,3,623,0.063117,,0,0,1,1.455,-1.455,-9.455,85.55,,不適用,0.0,0.0,827,inf,250.0,official_prepanel,small,70.0,0,可交易（DK_s＝0）,未扣成本（成本參考：2.8 折來回約 0.38%、全額約 0.585%）；交易方法狀態未知（全額交割、變更交易方法、停止信用交易的來源未提供）；容量以 s 日 vol20 估計，未模擬開盤競價量與滑價；不可交易，僅觀察,未扣成本·事後欄位以 m_ 標示·非投資建議
SEL,4,2025-12-10,2025-12-11,2740,華軒,TPEx,W,W_atr14@3,2,634,0.075499,,0,0,1,0.923,8.672,7.749,34.95,,不適用,0.0,0.0,828,inf,250.0,official_prepanel,small,23.0,0,可交易（DK_s＝0）,未扣成本（成本參考：2.8 折來回約 0.38%、全額約 0.585%）；交易方法狀態未知（全額交割、變更交易方法、停止信用交易的來源未提供）；容量以 s 日 vol20 估計，未模擬開盤競價量與滑價；不可交易，僅觀察,未扣成本·事後欄位以 m_ 標示·非投資建議
SEL,4,2025-12-10,2025-12-11,3135,凌航,TWSE,W,W_atr14@3,3,634,0.064273,,0,0,1,-2.074,-3.259,3.407,2145.5,,不適用,0.0,0.0,87,87.0,87.0,official,small,1710.0,0,可交易（DK_s＝0）,未扣成本（成本參考：2.8 折來回約 0.38%、全額約 0.585%）；交易方法狀態未知（全額交割、變更交易方法、停止信用交易的來源未提供）；容量以 s 日 vol20 估計，未模擬開盤競價量與滑價；不可交易，僅觀察,未扣成本·事後欄位以 m_ 標示·非投資建議
SEL,4,2025-12-10,2025-12-11,7717,萊德光電-KY,TPEx,W,W_atr14@3,1,634,0.090909,,0,0,1,-2.202,17.064,36.881,654.83,,不適用,0.0,0.0,18,18.0,18.0,official,small,554.0,0,可交易（DK_s＝0）,未扣成本（成本參考：2.8 折來回約 0.38%、全額約 0.585%）；交易方法狀態未知（全額交割、變更交易方法、停止信用交易的來源未提供）；容量以 s 日 vol20 估計，未模擬開盤競價量與滑價；不可交易，僅觀察,未扣成本·事後欄位以 m_ 標示·非投資建議
SEL,4,2025-12-11,2025-12-12,2740,華軒,TPEx,W,W_atr14@3,2,637,0.074693,,0,0,1,8.727,-0.545,4.364,32.8,,不適用,0.0,0.0,829,inf,250.0,official_prepanel,small,66.0,0,可交易（DK_s＝0）,未扣成本（成本參考：2.8 折來回約 0.38%、全額約 0.585%）；交易方法狀態未知（全額交割、變更交易方法、停止信用交易的來源未提供）；容量以 s 日 vol20 估計，未模擬開盤競價量與滑價；不可交易，僅觀察,未扣成本·事後欄位以 m_ 標示·非投資建議
SEL,4,2025-12-11,2025-12-12,3135,凌航,TWSE,W,W_atr14@3,3,637,0.06546,,0,0,1,-0.303,-3.182,16.212,2127.4,,不適用,0.0,0.0,88,88.0,88.0,official,small,1508.0,0,可交易（DK_s＝0）,未扣成本（成本參考：2.8 折來回約 0.38%、全額約 0.585%）；交易方法狀態未知（全額交割、變更交易方法、停止信用交易的來源未提供）；容量以 s 日 vol20 估計，未模擬開盤競價量與滑價；不可交易，僅觀察,未扣成本·事後欄位以 m_ 標示·非投資建議
SEL,4,2025-12-11,2025-12-12,7717,萊德光電-KY,TPEx,W,W_atr14@3,1,637,0.091128,,1,0,1,6.545,9.091,46.182,649.53,,不適用,0.0,1.0,19,19.0,19.0,official,small,933.0,0,可交易（DK_s＝0）,未扣成本（成本參考：2.8 折來回約 0.38%、全額約 0.585%）；交易方法狀態未知（全額交割、變更交易方法、停止信用交易的來源未提供）；容量以 s 日 vol20 估計，未模擬開盤競價量與滑價；不可交易，僅觀察,未扣成本·事後欄位以 m_ 標示·非投資建議
SEL,4,2025-12-12,2025-12-15,2740,華軒,TPEx,W,W_atr14@3,1,640,0.070234,,0,0,1,-2.08,-2.773,-3.466,34.25,,不適用,0.0,0.0,830,inf,250.0,official_prepanel,small,46.0,0,可交易（DK_s＝0）,未扣成本（成本參考：2.8 折來回約 0.38%、全額約 0.585%）；交易方法狀態未知（全額交割、變更交易方法、停止信用交易的來源未提供）；容量以 s 日 vol20 估計，未模擬開盤競價量與滑價；不可交易，僅觀察,未扣成本·事後欄位以 m_ 標示·非投資建議
SEL,4,2025-12-12,2025-12-15,3321,同泰,TWSE,W,W_atr14@3,3,640,0.066063,,0,0,1,-0.781,-7.812,-4.688,438.15,,不適用,0.0,0.0,830,inf,250.0,official_prepanel,small,384.0,0,可交易（DK_s＝0）,未扣成本（成本參考：2.8 折來回約 0.38%、全額約 0.585%）；交易方法狀態未知（全額交割、變更交易方法、停止信用交易的來源未提供）；容量以 s 日 vol20 估計，未模擬開盤競價量與滑價；不可交易，僅觀察,未扣成本·事後欄位以 m_ 標示·非投資建議
SEL,4,2025-12-12,2025-12-15,6624,萬年清,TPEx,W,W_atr14@3,2,640,0.069231,,0,0,1,-3.876,-3.566,7.597,299.32,,不適用,1.0,2.0,830,inf,250.0,official_prepanel,small,694.0,1,處置中・交易規則另案登錄（DK_s＝1）,未扣成本（成本參考：2.8 折來回約 0.38%、全額約 0.585%）；交易方法狀態未知（全額交割、變更交易方法、停止信用交易的來源未提供）；容量以 s 日 vol20 估計，未模擬開盤競價量與滑價；不可交易，僅觀察,未扣成本·事後欄位以 m_ 標示·非投資建議
SEL,4,2025-12-15,2025-12-16,2740,華軒,TPEx,W,W_atr14@3,3,648,0.073072,,0,0,1,1.199,1.712,-7.705,33.05,,不適用,0.0,0.0,831,inf,250.0,official_prepanel,small,17.0,0,可交易（DK_s＝0）,未扣成本（成本參考：2.8 折來回約 0.38%、全額約 0.585%）；交易方法狀態未知（全額交割、變更交易方法、停止信用交易的來源未提供）；容量以 s 日 vol20 估計，未模擬開盤競價量與滑價；不可交易，僅觀察,未扣成本·事後欄位以 m_ 標示·非投資建議
SEL,4,2025-12-15,2025-12-16,6624,萬年清,TPEx,W,W_atr14@3,2,648,0.079218,,0,0,1,3.35,4.858,12.898,334.16,,不適用,1.0,1.0,831,inf,250.0,official_prepanel,small,373.0,1,處置中・交易規則另案登錄（DK_s＝1）,未扣成本（成本參考：2.8 折來回約 0.38%、全額約 0.585%）；交易方法狀態未知（全額交割、變更交易方法、停止信用交易的來源未提供）；容量以 s 日 vol20 估計，未模擬開盤競價量與滑價；不可交易，僅觀察,未扣成本·事後欄位以 m_ 標示·非投資建議
SEL,4,2025-12-15,2025-12-16,6831,邁科,TWSE,W,W_atr14@3,1,648,0.083877,,0,0,1,-0.21,9.874,25.42,2377.53,,不適用,0.0,0.0,15,15.0,15.0,official,mid,1178.0,0,可交易（DK_s＝0）,未扣成本（成本參考：2.8 折來回約 0.38%、全額約 0.585%）；交易方法狀態未知（全額交割、變更交易方法、停止信用交易的來源未提供）；容量以 s 日 vol20 估計，未模擬開盤競價量與滑價；不可交易，僅觀察,未扣成本·事後欄位以 m_ 標示·非投資建議
SEL,4,2025-12-16,2025-12-17,3321,同泰,TWSE,W,W_atr14@3,2,659,0.072487,,0,0,1,-4.57,1.613,-8.871,455.0,,不適用,0.0,0.0,832,inf,250.0,official_prepanel,small,514.0,0,可交易（DK_s＝0）,未扣成本（成本參考：2.8 折來回約 0.38%、全額約 0.585%）；交易方法狀態未知（全額交割、變更交易方法、停止信用交易的來源未提供）；容量以 s 日 vol20 估計，未模擬開盤競價量與滑價；不可交易，僅觀察,未扣成本·事後欄位以 m_ 標示·非投資建議
SEL,4,2025-12-16,2025-12-17,6624,萬年清,TPEx,W,W_atr14@3,1,659,0.07898,,0,0,1,-0.485,1.942,9.547,351.58,,不適用,1.0,1.0,832,inf,250.0,official_prepanel,small,334.0,0,處置中・交易規則另案登錄（DK_s＝1）,未扣成本（成本參考：2.8 折來回約 0.38%、全額約 0.585%）；交易方法狀態未知（全額交割、變更交易方法、停止信用交易的來源未提供）；容量以 s 日 vol20 估計，未模擬開盤競價量與滑價；不可交易，僅觀察,未扣成本·事後欄位以 m_ 標示·非投資建議
SEL,4,2025-12-16,2025-12-17,6831,邁科,TWSE,W,W_atr14@3,3,659,0.070677,,0,0,1,0.407,8.13,19.919,2302.56,,不適用,0.0,0.0,16,16.0,16.0,official,mid,1293.0,0,可交易（DK_s＝0）,未扣成本（成本參考：2.8 折來回約 0.38%、全額約 0.585%）；交易方法狀態未知（全額交割、變更交易方法、停止信用交易的來源未提供）；容量以 s 日 vol20 估計，未模擬開盤競價量與滑價；不可交易，僅觀察,未扣成本·事後欄位以 m_ 標示·非投資建議
SEL,4,2025-12-17,2025-12-18,3321,同泰,TWSE,W,W_atr14@3,2,657,0.077091,,0,0,1,-5.587,2.514,3.911,474.3,,不適用,0.0,0.0,833,inf,250.0,official_prepanel,small,691.0,0,可交易（DK_s＝0）,未扣成本（成本參考：2.8 折來回約 0.38%、全額約 0.585%）；交易方法狀態未知（全額交割、變更交易方法、停止信用交易的來源未提供）；容量以 s 日 vol20 估計，未模擬開盤競價量與滑價；不可交易，僅觀察,未扣成本·事後欄位以 m_ 標示·非投資建議
SEL,4,2025-12-17,2025-12-18,6624,萬年清,TPEx,W,W_atr14@3,3,657,0.07586,,0,0,1,-2.07,5.096,4.299,367.89,,不適用,0.0,1.0,833,inf,250.0,official_prepanel,small,529.0,0,可交易（DK_s＝0）,未扣成本（成本參考：2.8 折來回約 0.38%、全額約 0.585%）；交易方法狀態未知（全額交割、變更交易方法、停止信用交易的來源未提供）；容量以 s 日 vol20 估計，未模擬開盤競價量與滑價；不可交易，僅觀察,未扣成本·事後欄位以 m_ 標示·非投資建議
SEL,4,2025-12-17,2025-12-18,7717,萊德光電-KY,TPEx,W,W_atr14@3,1,657,0.084975,,0,0,1,2.041,26.871,32.483,704.55,,不適用,1.0,4.0,23,23.0,23.0,official,small,729.0,1,處置中・交易規則另案登錄（DK_s＝1）,未扣成本（成本參考：2.8 折來回約 0.38%、全額約 0.585%）；交易方法狀態未知（全額交割、變更交易方法、停止信用交易的來源未提供）；容量以 s 日 vol20 估計，未模擬開盤競價量與滑價；不可交易，僅觀察,未扣成本·事後欄位以 m_ 標示·非投資建議
SEL,4,2025-12-18,2025-12-19,2740,華軒,TPEx,W,W_atr14@3,3,666,0.082659,,0,0,1,-0.355,1.954,1.066,34.5,,不適用,0.0,0.0,834,inf,250.0,official_prepanel,small,6.0,0,可交易（DK_s＝0）,未扣成本（成本參考：2.8 折來回約 0.38%、全額約 0.585%）；交易方法狀態未知（全額交割、變更交易方法、停止信用交易的來源未提供）；容量以 s 日 vol20 估計，未模擬開盤競價量與滑價；不可交易，僅觀察,未扣成本·事後欄位以 m_ 標示·非投資建議
SEL,4,2025-12-18,2025-12-19,3321,同泰,TWSE,W,W_atr14@3,2,666,0.084186,,0,0,1,2.312,3.468,18.208,503.1,,不適用,0.0,0.0,834,inf,250.0,official_prepanel,small,509.0,0,可交易（DK_s＝0）,未扣成本（成本參考：2.8 折來回約 0.38%、全額約 0.585%）；交易方法狀態未知（全額交割、變更交易方法、停止信用交易的來源未提供）；容量以 s 日 vol20 估計，未模擬開盤競價量與滑價；不可交易，僅觀察,未扣成本·事後欄位以 m_ 標示·非投資建議
SEL,4,2025-12-18,2025-12-19,7717,萊德光電-KY,TPEx,W,W_atr14@3,1,666,0.094167,,0,0,1,2.623,31.803,26.557,701.7,,不適用,1.0,3.0,24,24.0,24.0,official,small,541.0,1,處置中・交易規則另案登錄（DK_s＝1）,未扣成本（成本參考：2.8 折來回約 0.38%、全額約 0.585%）；交易方法狀態未知（全額交割、變更交易方法、停止信用交易的來源未提供）；容量以 s 日 vol20 估計，未模擬開盤競價量與滑價；不可交易，僅觀察,未扣成本·事後欄位以 m_ 標示·非投資建議
SEL,4,2025-12-19,2025-12-22,2740,華軒,TPEx,W,W_atr14@3,2,675,0.080087,,0,0,1,7.804,1.089,-0.181,34.6,,不適用,0.0,0.0,835,inf,250.0,official_prepanel,small,28.0,0,可交易（DK_s＝0）,未扣成本（成本參考：2.8 折來回約 0.38%、全額約 0.585%）；交易方法狀態未知（全額交割、變更交易方法、停止信用交易的來源未提供）；容量以 s 日 vol20 估計，未模擬開盤競價量與滑價；不可交易，僅觀察,未扣成本·事後欄位以 m_ 標示·非投資建議
SEL,4,2025-12-19,2025-12-22,3321,同泰,TWSE,W,W_atr14@3,3,675,0.079601,,0,0,1,3.922,2.521,9.244,522.75,,不適用,0.0,0.0,835,inf,250.0,official_prepanel,small,470.0,0,可交易（DK_s＝0）,未扣成本（成本參考：2.8 折來回約 0.38%、全額約 0.585%）；交易方法狀態未知（全額交割、變更交易方法、停止信用交易的來源未提供）；容量以 s 日 vol20 估計，未模擬開盤競價量與滑價；不可交易，僅觀察,未扣成本·事後欄位以 m_ 標示·非投資建議
SEL,4,2025-12-19,2025-12-22,7717,萊德光電-KY,TPEx,W,W_atr14@3,1,675,0.088202,,0,0,1,6.192,25.387,20.743,686.05,,不適用,1.0,3.0,25,25.0,25.0,official,small,711.0,1,處置中・交易規則另案登錄（DK_s＝1）,未扣成本（成本參考：2.8 折來回約 0.38%、全額約 0.585%）；交易方法狀態未知（全額交割、變更交易方法、停止信用交易的來源未提供）；容量以 s 日 vol20 估計，未模擬開盤競價量與滑價；不可交易，僅觀察,未扣成本·事後欄位以 m_ 標示·非投資建議
SEL,4,2025-12-22,2025-12-23,2740,華軒,TPEx,W,W_atr14@3,2,676,0.07708,,0,0,1,-2.369,-8.799,-1.861,35.55,,不適用,0.0,0.0,836,inf,250.0,official_prepanel,small,67.0,0,可交易（DK_s＝0）,未扣成本（成本參考：2.8 折來回約 0.38%、全額約 0.585%）；交易方法狀態未知（全額交割、變更交易方法、停止信用交易的來源未提供）；容量以 s 日 vol20 估計，未模擬開盤競價量與滑價；不可交易，僅觀察,未扣成本·事後欄位以 m_ 標示·非投資建議
SEL,4,2025-12-22,2025-12-23,3321,同泰,TWSE,W,W_atr14@3,3,676,0.074347,,0,0,1,0.265,-3.979,3.448,540.25,,不適用,0.0,0.0,836,inf,250.0,official_prepanel,small,425.0,0,可交易（DK_s＝0）,未扣成本（成本參考：2.8 折來回約 0.38%、全額約 0.585%）；交易方法狀態未知（全額交割、變更交易方法、停止信用交易的來源未提供）；容量以 s 日 vol20 估計，未模擬開盤競價量與滑價；不可交易，僅觀察,未扣成本·事後欄位以 m_ 標示·非投資建議
SEL,4,2025-12-22,2025-12-23,7717,萊德光電-KY,TPEx,W,W_atr14@3,1,676,0.082153,,0,0,1,6.259,14.119,12.955,698.9,,不適用,1.0,2.0,26,26.0,26.0,official,mid,693.0,1,處置中・交易規則另案登錄（DK_s＝1）,未扣成本（成本參考：2.8 折來回約 0.38%、全額約 0.585%）；交易方法狀態未知（全額交割、變更交易方法、停止信用交易的來源未提供）；容量以 s 日 vol20 估計，未模擬開盤競價量與滑價；不可交易，僅觀察,未扣成本·事後欄位以 m_ 標示·非投資建議
SEL,4,2025-12-23,2025-12-24,2740,華軒,TPEx,W,W_atr14@3,2,679,0.078237,,0,0,1,1.389,-3.819,-0.521,37.35,,不適用,0.0,0.0,837,inf,250.0,official_prepanel,small,11.0,0,可交易（DK_s＝0）,未扣成本（成本參考：2.8 折來回約 0.38%、全額約 0.585%）；交易方法狀態未知（全額交割、變更交易方法、停止信用交易的來源未提供）；容量以 s 日 vol20 估計，未模擬開盤競價量與滑價；不可交易，僅觀察,未扣成本·事後欄位以 m_ 標示·非投資建議
SEL,4,2025-12-23,2025-12-24,7717,萊德光電-KY,TPEx,W,W_atr14@3,1,679,0.079354,,0,0,1,2.192,-1.233,4.247,722.7,,不適用,1.0,1.0,27,27.0,27.0,official,mid,585.0,1,處置中・交易規則另案登錄（DK_s＝1）,未扣成本（成本參考：2.8 折來回約 0.38%、全額約 0.585%）；交易方法狀態未知（全額交割、變更交易方法、停止信用交易的來源未提供）；容量以 s 日 vol20 估計，未模擬開盤競價量與滑價；不可交易，僅觀察,未扣成本·事後欄位以 m_ 標示·非投資建議
SEL,4,2025-12-23,2025-12-24,8103,瀚荃,TWSE,W,W_atr14@3,3,679,0.075411,,0,0,1,-3.125,-0.694,12.037,,,不適用,0.0,0.0,837,inf,250.0,official_prepanel,small,1720.0,0,可交易（DK_s＝0）,未扣成本（成本參考：2.8 折來回約 0.38%、全額約 0.585%）；交易方法狀態未知（全額交割、變更交易方法、停止信用交易的來源未提供）；容量以 s 日 vol20 估計，未模擬開盤競價量與滑價；不可交易，僅觀察,未扣成本·事後欄位以 m_ 標示·非投資建議
SEL,4,2025-12-24,2025-12-26,2740,華軒,TPEx,W,W_atr14@3,3,678,0.071184,,0,0,1,-0.347,-2.604,1.389,36.3,,不適用,0.0,0.0,838,inf,250.0,official_prepanel,small,17.0,0,可交易（DK_s＝0）,未扣成本（成本參考：2.8 折來回約 0.38%、全額約 0.585%）；交易方法狀態未知（全額交割、變更交易方法、停止信用交易的來源未提供）；容量以 s 日 vol20 估計，未模擬開盤競價量與滑價；不可交易，僅觀察,未扣成本·事後欄位以 m_ 標示·非投資建議
SEL,4,2025-12-24,2025-12-26,7717,萊德光電-KY,TPEx,W,W_atr14@3,1,678,0.079567,,0,0,1,6.349,3.042,-1.058,706.25,,不適用,1.0,0.0,28,28.0,28.0,official,mid,529.0,1,處置中・交易規則另案登錄（DK_s＝1）,未扣成本（成本參考：2.8 折來回約 0.38%、全額約 0.585%）；交易方法狀態未知（全額交割、變更交易方法、停止信用交易的來源未提供）；容量以 s 日 vol20 估計，未模擬開盤競價量與滑價；不可交易，僅觀察,未扣成本·事後欄位以 m_ 標示·非投資建議
SEL,4,2025-12-24,2025-12-26,8103,瀚荃,TWSE,W,W_atr14@3,2,678,0.073982,,0,0,1,2.12,3.18,12.014,,,不適用,0.0,0.0,838,inf,250.0,official_prepanel,small,1996.0,0,可交易（DK_s＝0）,未扣成本（成本參考：2.8 折來回約 0.38%、全額約 0.585%）；交易方法狀態未知（全額交割、變更交易方法、停止信用交易的來源未提供）；容量以 s 日 vol20 估計，未模擬開盤競價量與滑價；不可交易，僅觀察,未扣成本·事後欄位以 m_ 標示·非投資建議
SEL,4,2025-12-26,2025-12-29,2424,隴華,TWSE,W,W_atr14@3,1,674,0.074807,,0,0,1,1.389,-5.556,-9.444,118.25,,不適用,0.0,0.0,839,inf,250.0,official_prepanel,small,36.0,0,可交易（DK_s＝0）,未扣成本（成本參考：2.8 折來回約 0.38%、全額約 0.585%）；交易方法狀態未知（全額交割、變更交易方法、停止信用交易的來源未提供）；容量以 s 日 vol20 估計，未模擬開盤競價量與滑價；不可交易，僅觀察,未扣成本·事後欄位以 m_ 標示·非投資建議
SEL,4,2025-12-26,2025-12-29,7717,萊德光電-KY,TPEx,W,W_atr14@3,2,674,0.073383,,0,0,1,-0.857,-5.508,0.612,697.4,,不適用,1.0,0.0,29,29.0,29.0,official,mid,451.0,1,處置中・交易規則另案登錄（DK_s＝1）,未扣成本（成本參考：2.8 折來回約 0.38%、全額約 0.585%）；交易方法狀態未知（全額交割、變更交易方法、停止信用交易的來源未提供）；容量以 s 日 vol20 估計，未模擬開盤競價量與滑價；不可交易，僅觀察,未扣成本·事後欄位以 m_ 標示·非投資建議
SEL,4,2025-12-26,2025-12-29,8103,瀚荃,TWSE,W,W_atr14@3,3,674,0.070275,,0,0,1,-4.64,2.088,11.369,,,不適用,0.0,0.0,839,inf,250.0,official_prepanel,small,2242.0,0,可交易（DK_s＝0）,未扣成本（成本參考：2.8 折來回約 0.38%、全額約 0.585%）；交易方法狀態未知（全額交割、變更交易方法、停止信用交易的來源未提供）；容量以 s 日 vol20 估計，未模擬開盤競價量與滑價；不可交易，僅觀察,未扣成本·事後欄位以 m_ 標示·非投資建議
SEL,4,2025-12-29,2025-12-30,2740,華軒,TPEx,W,W_atr14@3,3,674,0.067966,,0,0,1,-3.232,-1.257,0.718,36.25,,不適用,0.0,0.0,840,inf,250.0,official_prepanel,small,74.0,0,可交易（DK_s＝0）,未扣成本（成本參考：2.8 折來回約 0.38%、全額約 0.585%）；交易方法狀態未知（全額交割、變更交易方法、停止信用交易的來源未提供）；容量以 s 日 vol20 估計，未模擬開盤競價量與滑價；不可交易，僅觀察,未扣成本·事後欄位以 m_ 標示·非投資建議
SEL,4,2025-12-29,2025-12-30,7717,萊德光電-KY,TPEx,W,W_atr14@3,1,674,0.071605,,0,0,1,0.771,0.257,7.069,688.9,,不適用,1.0,1.0,30,30.0,30.0,official,mid,463.0,1,處置中・交易規則另案登錄（DK_s＝1）,未扣成本（成本參考：2.8 折來回約 0.38%、全額約 0.585%）；交易方法狀態未知（全額交割、變更交易方法、停止信用交易的來源未提供）；容量以 s 日 vol20 估計，未模擬開盤競價量與滑價；不可交易，僅觀察,未扣成本·事後欄位以 m_ 標示·非投資建議
SEL,4,2025-12-29,2025-12-30,8103,瀚荃,TWSE,W,W_atr14@3,2,674,0.068822,,0,0,1,5.521,13.742,13.497,3639.6,,不適用,0.0,0.0,840,inf,250.0,official_prepanel,small,2174.0,0,可交易（DK_s＝0）,未扣成本（成本參考：2.8 折來回約 0.38%、全額約 0.585%）；交易方法狀態未知（全額交割、變更交易方法、停止信用交易的來源未提供）；容量以 s 日 vol20 估計，未模擬開盤競價量與滑價；不可交易，僅觀察,未扣成本·事後欄位以 m_ 標示·非投資建議
SEL,4,2025-12-30,2025-12-31,2740,華軒,TPEx,W,W_atr14@3,2,671,0.070766,,0,0,1,-0.539,4.129,3.77,39.65,,不適用,0.0,0.0,841,inf,250.0,official_prepanel,small,18.0,0,可交易（DK_s＝0）,未扣成本（成本參考：2.8 折來回約 0.38%、全額約 0.585%）；交易方法狀態未知（全額交割、變更交易方法、停止信用交易的來源未提供）；容量以 s 日 vol20 估計，未模擬開盤競價量與滑價；不可交易，僅觀察,未扣成本·事後欄位以 m_ 標示·非投資建議
SEL,4,2025-12-30,2025-12-31,7717,萊德光電-KY,TPEx,W,W_atr14@3,1,671,0.072613,,0,0,1,-3.351,4.021,16.89,675.8,,不適用,1.0,2.0,31,31.0,31.0,official,mid,311.0,1,處置中・交易規則另案登錄（DK_s＝1）,未扣成本（成本參考：2.8 折來回約 0.38%、全額約 0.585%）；交易方法狀態未知（全額交割、變更交易方法、停止信用交易的來源未提供）；容量以 s 日 vol20 估計，未模擬開盤競價量與滑價；不可交易，僅觀察,未扣成本·事後欄位以 m_ 標示·非投資建議
SEL,4,2025-12-30,2025-12-31,8103,瀚荃,TWSE,W,W_atr14@3,3,671,0.062874,,0,0,1,0.468,8.782,9.485,3548.0,,不適用,0.0,0.0,841,inf,250.0,official_prepanel,small,1321.0,0,可交易（DK_s＝0）,未扣成本（成本參考：2.8 折來回約 0.38%、全額約 0.585%）；交易方法狀態未知（全額交割、變更交易方法、停止信用交易的來源未提供）；容量以 s 日 vol20 估計，未模擬開盤競價量與滑價；不可交易，僅觀察,未扣成本·事後欄位以 m_ 標示·非投資建議
SEL,4,2025-12-31,2026-01-02,1538,正峰,TWSE,W,W_atr14@3,2,681,0.072507,,0,0,1,0.381,-1.524,0.762,9.4,,不適用,0.0,0.0,842,inf,250.0,official_prepanel,small,9.0,0,可交易（DK_s＝0）,未扣成本（成本參考：2.8 折來回約 0.38%、全額約 0.585%）；交易方法狀態未知（全額交割、變更交易方法、停止信用交易的來源未提供）；容量以 s 日 vol20 估計，未模擬開盤競價量與滑價；不可交易，僅觀察,未扣成本·事後欄位以 m_ 標示·非投資建議
SEL,4,2025-12-31,2026-01-02,2740,華軒,TPEx,W,W_atr14@3,3,681,0.068979,,0,0,1,-1.751,0.35,1.226,38.1,,不適用,0.0,0.0,842,inf,250.0,official_prepanel,small,20.0,0,可交易（DK_s＝0）,未扣成本（成本參考：2.8 折來回約 0.38%、全額約 0.585%）；交易方法狀態未知（全額交割、變更交易方法、停止信用交易的來源未提供）；容量以 s 日 vol20 估計，未模擬開盤競價量與滑價；不可交易，僅觀察,未扣成本·事後欄位以 m_ 標示·非投資建議
SEL,4,2025-12-31,2026-01-02,7717,萊德光電-KY,TPEx,W,W_atr14@3,1,681,0.078066,,0,0,1,7.895,5.402,32.825,667.05,,不適用,1.0,3.0,32,32.0,32.0,official,mid,238.0,1,處置中・交易規則另案登錄（DK_s＝1）,未扣成本（成本參考：2.8 折來回約 0.38%、全額約 0.585%）；交易方法狀態未知（全額交割、變更交易方法、停止信用交易的來源未提供）；容量以 s 日 vol20 估計，未模擬開盤競價量與滑價；不可交易，僅觀察,未扣成本·事後欄位以 m_ 標示·非投資建議
HC,1,2026-01-02,2026-01-05,1538,正峰,TWSE,W,W_atr14@3,3,674,0.068627,,0,0,1,1.961,3.137,3.529,9.33,,不適用,0.0,0.0,843,inf,250.0,official_prepanel,small,4.0,0,可交易（DK_s＝0）,未扣成本（成本參考：2.8 折來回約 0.38%、全額約 0.585%）；交易方法狀態未知（全額交割、變更交易方法、停止信用交易的來源未提供）；容量以 s 日 vol20 估計，未模擬開盤競價量與滑價；不可交易，僅觀察,未扣成本·事後欄位以 m_ 標示·非投資建議
HC,1,2026-01-02,2026-01-05,2740,華軒,TPEx,W,W_atr14@3,2,674,0.069901,,0,0,1,1.789,4.472,4.472,36.45,,不適用,0.0,0.0,843,inf,250.0,official_prepanel,small,4.0,0,可交易（DK_s＝0）,未扣成本（成本參考：2.8 折來回約 0.38%、全額約 0.585%）；交易方法狀態未知（全額交割、變更交易方法、停止信用交易的來源未提供）；容量以 s 日 vol20 估計，未模擬開盤競價量與滑價；不可交易，僅觀察,未扣成本·事後欄位以 m_ 標示·非投資建議
HC,1,2026-01-02,2026-01-05,7717,萊德光電-KY,TPEx,W,W_atr14@3,1,674,0.075463,,0,0,1,-1.656,-4.713,17.197,658.5,,不適用,1.0,3.0,33,33.0,33.0,official,mid,183.0,1,處置中・交易規則另案登錄（DK_s＝1）,未扣成本（成本參考：2.8 折來回約 0.38%、全額約 0.585%）；交易方法狀態未知（全額交割、變更交易方法、停止信用交易的來源未提供）；容量以 s 日 vol20 估計，未模擬開盤競價量與滑價；不可交易，僅觀察,未扣成本·事後欄位以 m_ 標示·非投資建議
HC,1,2026-01-05,2026-01-06,1538,正峰,TWSE,W,W_atr14@3,3,666,0.070833,,0,0,1,2.348,,3.131,9.27,,不適用,0.0,0.0,844,inf,250.0,official_prepanel,small,10.0,0,可交易（DK_s＝0）,未扣成本（成本參考：2.8 折來回約 0.38%、全額約 0.585%）；交易方法狀態未知（全額交割、變更交易方法、停止信用交易的來源未提供）；容量以 s 日 vol20 估計，未模擬開盤競價量與滑價；不可交易，僅觀察,未扣成本·事後欄位以 m_ 標示·非投資建議
HC,1,2026-01-05,2026-01-06,7717,萊德光電-KY,TPEx,W,W_atr14@3,2,666,0.073649,,0,0,1,-1.015,4.315,17.766,650.65,,不適用,1.0,3.0,34,34.0,34.0,official,mid,123.0,1,處置中・交易規則另案登錄（DK_s＝1）,未扣成本（成本參考：2.8 折來回約 0.38%、全額約 0.585%）；交易方法狀態未知（全額交割、變更交易方法、停止信用交易的來源未提供）；容量以 s 日 vol20 估計，未模擬開盤競價量與滑價；不可交易，僅觀察,未扣成本·事後欄位以 m_ 標示·非投資建議
HC,1,2026-01-05,2026-01-06,8444,綠河-KY,TPEx,W,W_atr14@3,1,666,0.077866,,0,0,1,1.732,-7.359,-3.463,92.9,,不適用,0.0,0.0,844,inf,250.0,official_prepanel,small,17.0,0,可交易（DK_s＝0）,未扣成本（成本參考：2.8 折來回約 0.38%、全額約 0.585%）；交易方法狀態未知（全額交割、變更交易方法、停止信用交易的來源未提供）；容量以 s 日 vol20 估計，未模擬開盤競價量與滑價；不可交易，僅觀察,未扣成本·事後欄位以 m_ 標示·非投資建議
HC,1,2026-01-06,2026-01-07,1538,正峰,TWSE,W,W_atr14@3,1,660,0.07202,,0,0,1,0.0,0.571,-1.333,9.0,,不適用,0.0,0.0,845,inf,250.0,official_prepanel,small,1.0,0,可交易（DK_s＝0）,未扣成本（成本參考：2.8 折來回約 0.38%、全額約 0.585%）；交易方法狀態未知（全額交割、變更交易方法、停止信用交易的來源未提供）；容量以 s 日 vol20 估計，未模擬開盤競價量與滑價；不可交易，僅觀察,未扣成本·事後欄位以 m_ 標示·非投資建議
HC,1,2026-01-06,2026-01-07,6465,威潤,TPEx,W,W_atr14@3,3,660,0.071216,,0,1,0,0.0,3.93,-4.065,561.0,,不適用,0.0,0.0,845,inf,250.0,official_prepanel,small,227.0,0,可交易（DK_s＝0）,未扣成本（成本參考：2.8 折來回約 0.38%、全額約 0.585%）；交易方法狀態未知（全額交割、變更交易方法、停止信用交易的來源未提供）；容量以 s 日 vol20 估計，未模擬開盤競價量與滑價；不可交易，僅觀察,未扣成本·事後欄位以 m_ 標示·非投資建議
HC,1,2026-01-06,2026-01-07,8444,綠河-KY,TPEx,W,W_atr14@3,2,660,0.071733,,0,0,1,4.505,-9.459,-2.252,86.8,,不適用,0.0,0.0,845,inf,250.0,official_prepanel,small,18.0,0,可交易（DK_s＝0）,未扣成本（成本參考：2.8 折來回約 0.38%、全額約 0.585%）；交易方法狀態未知（全額交割、變更交易方法、停止信用交易的來源未提供）；容量以 s 日 vol20 估計，未模擬開盤競價量與滑價；不可交易，僅觀察,未扣成本·事後欄位以 m_ 標示·非投資建議
HC,1,2026-01-07,2026-01-08,1538,正峰,TWSE,W,W_atr14@3,3,639,0.067143,,0,0,1,-0.768,1.344,0.192,8.5,,不適用,0.0,0.0,846,inf,250.0,official_prepanel,small,13.0,0,可交易（DK_s＝0）,未扣成本（成本參考：2.8 折來回約 0.38%、全額約 0.585%）；交易方法狀態未知（全額交割、變更交易方法、停止信用交易的來源未提供）；容量以 s 日 vol20 估計，未模擬開盤競價量與滑價；不可交易，僅觀察,未扣成本·事後欄位以 m_ 標示·非投資建議
HC,1,2026-01-07,2026-01-08,3057,喬鼎,TWSE,W,W_atr14@3,1,639,0.069089,,0,0,1,-2.371,-16.595,-20.474,1275.9,,不適用,0.0,0.0,846,inf,250.0,official_prepanel,small,852.0,0,可交易（DK_s＝0）,未扣成本（成本參考：2.8 折來回約 0.38%、全額約 0.585%）；交易方法狀態未知（全額交割、變更交易方法、停止信用交易的來源未提供）；容量以 s 日 vol20 估計，未模擬開盤競價量與滑價；不可交易，僅觀察,未扣成本·事後欄位以 m_ 標示·非投資建議
HC,1,2026-01-07,2026-01-08,8444,綠河-KY,TPEx,W,W_atr14@3,2,639,0.068966,,0,0,1,-0.881,-10.573,-7.93,83.15,,不適用,0.0,0.0,846,inf,250.0,official_prepanel,small,9.0,0,可交易（DK_s＝0）,未扣成本（成本參考：2.8 折來回約 0.38%、全額約 0.585%）；交易方法狀態未知（全額交割、變更交易方法、停止信用交易的來源未提供）；容量以 s 日 vol20 估計，未模擬開盤競價量與滑價；不可交易，僅觀察,未扣成本·事後欄位以 m_ 標示·非投資建議
HC,1,2026-01-08,2026-01-09,1538,正峰,TWSE,W,W_atr14@3,2,627,0.069186,,0,0,1,3.137,3.725,3.333,8.76,,不適用,0.0,0.0,847,inf,250.0,official_prepanel,small,7.0,0,可交易（DK_s＝0）,未扣成本（成本參考：2.8 折來回約 0.38%、全額約 0.585%）；交易方法狀態未知（全額交割、變更交易方法、停止信用交易的來源未提供）；容量以 s 日 vol20 估計，未模擬開盤競價量與滑價；不可交易，僅觀察,未扣成本·事後欄位以 m_ 標示·非投資建議
HC,1,2026-01-08,2026-01-09,3057,喬鼎,TWSE,W,W_atr14@3,1,627,0.072375,,0,0,1,-6.181,-13.907,-16.777,1300.45,,不適用,0.0,0.0,847,inf,250.0,official_prepanel,small,1202.0,0,可交易（DK_s＝0）,未扣成本（成本參考：2.8 折來回約 0.38%、全額約 0.585%）；交易方法狀態未知（全額交割、變更交易方法、停止信用交易的來源未提供）；容量以 s 日 vol20 估計，未模擬開盤競價量與滑價；不可交易，僅觀察,未扣成本·事後欄位以 m_ 標示·非投資建議
HC,1,2026-01-08,2026-01-09,3135,凌航,TWSE,W,W_atr14@3,3,627,0.065103,,0,0,1,2.162,20.0,36.216,5543.15,,不適用,0.0,4.0,106,106.0,106.0,official,small,4905.0,0,可交易（DK_s＝0）,未扣成本（成本參考：2.8 折來回約 0.38%、全額約 0.585%）；交易方法狀態未知（全額交割、變更交易方法、停止信用交易的來源未提供）；容量以 s 日 vol20 估計，未模擬開盤競價量與滑價；不可交易，僅觀察,未扣成本·事後欄位以 m_ 標示·非投資建議
HC,1,2026-01-09,2026-01-12,1538,正峰,TWSE,W,W_atr14@3,2,621,0.071658,,0,0,0,,,,8.67,,不適用,0.0,0.0,848,inf,250.0,official_prepanel,small,,0,可交易（DK_s＝0）,未扣成本（成本參考：2.8 折來回約 0.38%、全額約 0.585%）；交易方法狀態未知（全額交割、變更交易方法、停止信用交易的來源未提供）；容量以 s 日 vol20 估計，未模擬開盤競價量與滑價；不可交易，僅觀察,未扣成本·事後欄位以 m_ 標示·非投資建議
HC,1,2026-01-09,2026-01-12,3057,喬鼎,TWSE,W,W_atr14@3,1,621,0.078655,,0,0,1,1.567,-1.567,-4.7,1314.95,,不適用,0.0,0.0,848,inf,250.0,official_prepanel,small,1682.0,0,可交易（DK_s＝0）,未扣成本（成本參考：2.8 折來回約 0.38%、全額約 0.585%）；交易方法狀態未知（全額交割、變更交易方法、停止信用交易的來源未提供）；容量以 s 日 vol20 估計，未模擬開盤競價量與滑價；不可交易，僅觀察,未扣成本·事後欄位以 m_ 標示·非投資建議
HC,1,2026-01-09,2026-01-12,3135,凌航,TWSE,W,W_atr14@3,3,621,0.0678,,1,1,0,0.0,17.874,17.391,5706.35,,不適用,0.0,3.0,107,107.0,107.0,official,small,5793.0,0,可交易（DK_s＝0）,未扣成本（成本參考：2.8 折來回約 0.38%、全額約 0.585%）；交易方法狀態未知（全額交割、變更交易方法、停止信用交易的來源未提供）；容量以 s 日 vol20 估計，未模擬開盤競價量與滑價；不可交易，僅觀察,未扣成本·事後欄位以 m_ 標示·非投資建議
HC,1,2026-01-12,2026-01-13,3057,喬鼎,TWSE,W,W_atr14@3,1,614,0.087404,,0,0,1,-3.03,-2.525,-8.081,1378.4,,不適用,0.0,0.0,849,inf,250.0,official_prepanel,small,753.0,0,可交易（DK_s＝0）,未扣成本（成本參考：2.8 折來回約 0.38%、全額約 0.585%）；交易方法狀態未知（全額交割、變更交易方法、停止信用交易的來源未提供）；容量以 s 日 vol20 估計，未模擬開盤競價量與滑價；不可交易，僅觀察,未扣成本·事後欄位以 m_ 標示·非投資建議
HC,1,2026-01-12,2026-01-13,6831,邁科,TWSE,W,W_atr14@3,3,614,0.05948,,0,0,1,-6.506,-10.037,-5.204,1689.6,,不適用,0.0,0.0,33,33.0,33.0,official,mid,1815.0,0,可交易（DK_s＝0）,未扣成本（成本參考：2.8 折來回約 0.38%、全額約 0.585%）；交易方法狀態未知（全額交割、變更交易方法、停止信用交易的來源未提供）；容量以 s 日 vol20 估計，未模擬開盤競價量與滑價；不可交易，僅觀察,未扣成本·事後欄位以 m_ 標示·非投資建議
HC,1,2026-01-12,2026-01-13,8444,綠河-KY,TPEx,W,W_atr14@3,2,614,0.059746,,0,0,1,-3.828,6.699,-0.478,76.7,,不適用,0.0,0.0,849,inf,250.0,official_prepanel,small,71.0,0,可交易（DK_s＝0）,未扣成本（成本參考：2.8 折來回約 0.38%、全額約 0.585%）；交易方法狀態未知（全額交割、變更交易方法、停止信用交易的來源未提供）；容量以 s 日 vol20 估計，未模擬開盤競價量與滑價；不可交易，僅觀察,未扣成本·事後欄位以 m_ 標示·非投資建議
HC,1,2026-01-13,2026-01-14,3057,喬鼎,TWSE,W,W_atr14@3,1,605,0.081101,,0,0,1,1.842,-3.421,-6.579,1406.05,,不適用,0.0,0.0,850,inf,250.0,official_prepanel,small,445.0,0,可交易（DK_s＝0）,未扣成本（成本參考：2.8 折來回約 0.38%、全額約 0.585%）；交易方法狀態未知（全額交割、變更交易方法、停止信用交易的來源未提供）；容量以 s 日 vol20 估計，未模擬開盤競價量與滑價；不可交易，僅觀察,未扣成本·事後欄位以 m_ 標示·非投資建議
HC,1,2026-01-13,2026-01-14,6465,威潤,TPEx,W,W_atr14@3,2,605,0.078134,,0,0,1,-0.803,-5.221,-7.497,712.3,,不適用,0.0,0.0,850,inf,250.0,official_prepanel,small,877.0,0,可交易（DK_s＝0）,未扣成本（成本參考：2.8 折來回約 0.38%、全額約 0.585%）；交易方法狀態未知（全額交割、變更交易方法、停止信用交易的來源未提供）；容量以 s 日 vol20 估計，未模擬開盤競價量與滑價；不可交易，僅觀察,未扣成本·事後欄位以 m_ 標示·非投資建議
HC,1,2026-01-13,2026-01-14,7777,能率亞洲,TPEx,W,W_atr14@3,3,605,0.070996,,0,0,1,1.0,13.0,41.4,1962.07,,不適用,0.0,0.0,15,15.0,15.0,official,small,762.0,0,可交易（DK_s＝0）,未扣成本（成本參考：2.8 折來回約 0.38%、全額約 0.585%）；交易方法狀態未知（全額交割、變更交易方法、停止信用交易的來源未提供）；容量以 s 日 vol20 估計，未模擬開盤競價量與滑價；不可交易，僅觀察,未扣成本·事後欄位以 m_ 標示·非投資建議
HC,1,2026-01-14,2026-01-15,6465,威潤,TPEx,W,W_atr14@3,3,594,0.083189,,0,0,1,-1.35,-6.883,-2.834,676.25,,不適用,0.0,0.0,851,inf,250.0,official_prepanel,small,424.0,0,可交易（DK_s＝0）,未扣成本（成本參考：2.8 折來回約 0.38%、全額約 0.585%）；交易方法狀態未知（全額交割、變更交易方法、停止信用交易的來源未提供）；容量以 s 日 vol20 估計，未模擬開盤競價量與滑價；不可交易，僅觀察,未扣成本·事後欄位以 m_ 標示·非投資建議
HC,1,2026-01-14,2026-01-15,6921,嘉雨思-創,TWSE,W,W_atr14@3,1,594,0.125739,,0,0,1,-2.759,7.069,37.069,126.8,,不適用,0.0,0.0,15,15.0,15.0,official,small,48.0,0,可交易（DK_s＝0）,未扣成本（成本參考：2.8 折來回約 0.38%、全額約 0.585%）；交易方法狀態未知（全額交割、變更交易方法、停止信用交易的來源未提供）；容量以 s 日 vol20 估計，未模擬開盤競價量與滑價；不可交易，僅觀察,未扣成本·事後欄位以 m_ 標示·非投資建議
HC,1,2026-01-14,2026-01-15,7810,捷創科技,TPEx,W,W_atr14@3,2,594,0.112077,,0,0,1,-5.574,-16.721,-25.41,1215.6,,不適用,0.0,1.0,15,15.0,15.0,official,small,1070.0,0,可交易（DK_s＝0）,未扣成本（成本參考：2.8 折來回約 0.38%、全額約 0.585%）；交易方法狀態未知（全額交割、變更交易方法、停止信用交易的來源未提供）；容量以 s 日 vol20 估計，未模擬開盤競價量與滑價；不可交易，僅觀察,未扣成本·事後欄位以 m_ 標示·非投資建議
HC,1,2026-01-15,2026-01-16,6465,威潤,TPEx,W,W_atr14@3,3,604,0.083838,,0,0,1,-1.622,-3.919,-5.405,617.0,,不適用,0.0,0.0,852,inf,250.0,official_prepanel,small,344.0,0,可交易（DK_s＝0）,未扣成本（成本參考：2.8 折來回約 0.38%、全額約 0.585%）；交易方法狀態未知（全額交割、變更交易方法、停止信用交易的來源未提供）；容量以 s 日 vol20 估計，未模擬開盤競價量與滑價；不可交易，僅觀察,未扣成本·事後欄位以 m_ 標示·非投資建議
HC,1,2026-01-15,2026-01-16,6921,嘉雨思-創,TWSE,W,W_atr14@3,2,604,0.089286,,0,0,1,2.178,23.956,43.92,121.88,,不適用,0.0,0.0,16,16.0,16.0,official,small,50.0,0,可交易（DK_s＝0）,未扣成本（成本參考：2.8 折來回約 0.38%、全額約 0.585%）；交易方法狀態未知（全額交割、變更交易方法、停止信用交易的來源未提供）；容量以 s 日 vol20 估計，未模擬開盤競價量與滑價；不可交易，僅觀察,未扣成本·事後欄位以 m_ 標示·非投資建議
HC,1,2026-01-15,2026-01-16,7810,捷創科技,TPEx,W,W_atr14@3,1,604,0.098958,,0,0,1,-5.085,-15.085,-25.424,1206.5,,不適用,0.0,1.0,16,16.0,16.0,official,small,603.0,0,可交易（DK_s＝0）,未扣成本（成本參考：2.8 折來回約 0.38%、全額約 0.585%）；交易方法狀態未知（全額交割、變更交易方法、停止信用交易的來源未提供）；容量以 s 日 vol20 估計，未模擬開盤競價量與滑價；不可交易，僅觀察,未扣成本·事後欄位以 m_ 標示·非投資建議
HC,1,2026-01-16,2026-01-19,6465,威潤,TPEx,W,W_atr14@3,2,587,0.084478,,0,0,1,1.271,-0.282,-1.13,602.15,,不適用,0.0,0.0,853,inf,250.0,official_prepanel,small,329.0,0,可交易（DK_s＝0）,未扣成本（成本參考：2.8 折來回約 0.38%、全額約 0.585%）；交易方法狀態未知（全額交割、變更交易方法、停止信用交易的來源未提供）；容量以 s 日 vol20 估計，未模擬開盤競價量與滑價；不可交易，僅觀察,未扣成本·事後欄位以 m_ 標示·非投資建議
HC,1,2026-01-16,2026-01-19,7810,捷創科技,TPEx,W,W_atr14@3,1,587,0.09324,,0,0,1,-2.641,-14.437,-24.824,1171.0,,不適用,0.0,1.0,17,17.0,17.0,official,small,313.0,0,可交易（DK_s＝0）,未扣成本（成本參考：2.8 折來回約 0.38%、全額約 0.585%）；交易方法狀態未知（全額交割、變更交易方法、停止信用交易的來源未提供）；容量以 s 日 vol20 估計，未模擬開盤競價量與滑價；不可交易，僅觀察,未扣成本·事後欄位以 m_ 標示·非投資建議
HC,1,2026-01-16,2026-01-19,8422,可寧衛*,TWSE,W,W_atr14@3,3,587,0.080421,,0,0,1,15.83,3.99,-5.277,102739.8,,不適用,0.0,2.0,853,inf,250.0,official_prepanel,large,502639.0,0,可交易（DK_s＝0）,未扣成本（成本參考：2.8 折來回約 0.38%、全額約 0.585%）；交易方法狀態未知（全額交割、變更交易方法、停止信用交易的來源未提供）；容量以 s 日 vol20 估計，未模擬開盤競價量與滑價；不可交易，僅觀察,未扣成本·事後欄位以 m_ 標示·非投資建議
HC,1,2026-01-19,2026-01-20,6465,威潤,TPEx,W,W_atr14@3,2,569,0.084678,,0,0,1,-1.255,-1.813,-3.905,598.3,,不適用,0.0,0.0,854,inf,250.0,official_prepanel,small,283.0,0,可交易（DK_s＝0）,未扣成本（成本參考：2.8 折來回約 0.38%、全額約 0.585%）；交易方法狀態未知（全額交割、變更交易方法、停止信用交易的來源未提供）；容量以 s 日 vol20 估計，未模擬開盤競價量與滑價；不可交易，僅觀察,未扣成本·事後欄位以 m_ 標示·非投資建議
HC,1,2026-01-19,2026-01-20,7810,捷創科技,TPEx,W,W_atr14@3,1,569,0.087574,,0,0,1,-2.151,-9.14,-26.882,1123.33,,不適用,0.0,0.0,18,18.0,18.0,official,small,409.0,0,可交易（DK_s＝0）,未扣成本（成本參考：2.8 折來回約 0.38%、全額約 0.585%）；交易方法狀態未知（全額交割、變更交易方法、停止信用交易的來源未提供）；容量以 s 日 vol20 估計，未模擬開盤競價量與滑價；不可交易，僅觀察,未扣成本·事後欄位以 m_ 標示·非投資建議
HC,1,2026-01-19,2026-01-20,8422,可寧衛*,TWSE,W,W_atr14@3,3,569,0.08373,,0,0,1,-5.889,-10.889,-19.222,126197.3,,不適用,0.0,2.0,854,inf,250.0,official_prepanel,large,286278.0,0,可交易（DK_s＝0）,未扣成本（成本參考：2.8 折來回約 0.38%、全額約 0.585%）；交易方法狀態未知（全額交割、變更交易方法、停止信用交易的來源未提供）；容量以 s 日 vol20 估計，未模擬開盤競價量與滑價；不可交易，僅觀察,未扣成本·事後欄位以 m_ 標示·非投資建議
HC,1,2026-01-20,2026-01-21,6465,威潤,TPEx,W,W_atr14@3,3,555,0.085149,,0,0,1,-1.709,-1.567,-0.285,600.3,,不適用,0.0,0.0,855,inf,250.0,official_prepanel,small,314.0,0,可交易（DK_s＝0）,未扣成本（成本參考：2.8 折來回約 0.38%、全額約 0.585%）；交易方法狀態未知（全額交割、變更交易方法、停止信用交易的來源未提供）；容量以 s 日 vol20 估計，未模擬開盤競價量與滑價；不可交易，僅觀察,未扣成本·事後欄位以 m_ 標示·非投資建議
HC,1,2026-01-20,2026-01-21,7810,捷創科技,TPEx,W,W_atr14@3,2,555,0.086996,,0,0,1,-4.511,-10.15,-22.18,1085.74,,不適用,0.0,0.0,19,19.0,19.0,official,small,441.0,0,可交易（DK_s＝0）,未扣成本（成本參考：2.8 折來回約 0.38%、全額約 0.585%）；交易方法狀態未知（全額交割、變更交易方法、停止信用交易的來源未提供）；容量以 s 日 vol20 估計，未模擬開盤競價量與滑價；不可交易，僅觀察,未扣成本·事後欄位以 m_ 標示·非投資建議
HC,1,2026-01-20,2026-01-21,8422,可寧衛*,TWSE,W,W_atr14@3,1,555,0.095294,,0,0,1,2.14,-5.232,-15.815,138824.9,,不適用,0.0,3.0,855,inf,250.0,official_prepanel,large,152927.0,0,可交易（DK_s＝0）,未扣成本（成本參考：2.8 折來回約 0.38%、全額約 0.585%）；交易方法狀態未知（全額交割、變更交易方法、停止信用交易的來源未提供）；容量以 s 日 vol20 估計，未模擬開盤競價量與滑價；不可交易，僅觀察,未扣成本·事後欄位以 m_ 標示·非投資建議
HC,1,2026-01-21,2026-01-22,6465,威潤,TPEx,W,W_atr14@3,3,541,0.087474,,0,0,1,1.862,3.152,1.433,609.8,,不適用,0.0,0.0,856,inf,250.0,official_prepanel,small,108.0,0,可交易（DK_s＝0）,未扣成本（成本參考：2.8 折來回約 0.38%、全額約 0.585%）；交易方法狀態未知（全額交割、變更交易方法、停止信用交易的來源未提供）；容量以 s 日 vol20 估計，未模擬開盤競價量與滑價；不可交易，僅觀察,未扣成本·事後欄位以 m_ 標示·非投資建議
HC,1,2026-01-21,2026-01-22,7810,捷創科技,TPEx,W,W_atr14@3,2,541,0.090973,,0,0,1,-3.468,-12.331,-20.809,1053.5,,不適用,0.0,0.0,20,20.0,20.0,official,small,280.0,0,可交易（DK_s＝0）,未扣成本（成本參考：2.8 折來回約 0.38%、全額約 0.585%）；交易方法狀態未知（全額交割、變更交易方法、停止信用交易的來源未提供）；容量以 s 日 vol20 估計，未模擬開盤競價量與滑價；不可交易，僅觀察,未扣成本·事後欄位以 m_ 標示·非投資建議
HC,1,2026-01-21,2026-01-22,8422,可寧衛*,TWSE,W,W_atr14@3,1,541,0.091967,,0,0,1,-6.893,-9.153,-18.192,144893.66,,不適用,0.0,2.0,856,inf,250.0,official_prepanel,large,115325.0,0,可交易（DK_s＝0）,未扣成本（成本參考：2.8 折來回約 0.38%、全額約 0.585%）；交易方法狀態未知（全額交割、變更交易方法、停止信用交易的來源未提供）；容量以 s 日 vol20 估計，未模擬開盤競價量與滑價；不可交易，僅觀察,未扣成本·事後欄位以 m_ 標示·非投資建議
HC,1,2026-01-22,2026-01-23,6465,威潤,TPEx,W,W_atr14@3,3,546,0.077456,,0,0,1,-1.808,-2.643,-3.477,607.1,,不適用,0.0,0.0,857,inf,250.0,official_prepanel,small,127.0,0,可交易（DK_s＝0）,未扣成本（成本參考：2.8 折來回約 0.38%、全額約 0.585%）；交易方法狀態未知（全額交割、變更交易方法、停止信用交易的來源未提供）；容量以 s 日 vol20 估計，未模擬開盤競價量與滑價；不可交易，僅觀察,未扣成本·事後欄位以 m_ 標示·非投資建議
HC,1,2026-01-22,2026-01-23,7810,捷創科技,TPEx,W,W_atr14@3,2,546,0.085686,,0,0,1,-2.994,-12.176,-19.76,977.3,,不適用,0.0,0.0,21,21.0,21.0,official,small,348.0,0,可交易（DK_s＝0）,未扣成本（成本參考：2.8 折來回約 0.38%、全額約 0.585%）；交易方法狀態未知（全額交割、變更交易方法、停止信用交易的來源未提供）；容量以 s 日 vol20 估計，未模擬開盤競價量與滑價；不可交易，僅觀察,未扣成本·事後欄位以 m_ 標示·非投資建議
HC,1,2026-01-22,2026-01-23,8422,可寧衛*,TWSE,W,W_atr14@3,1,546,0.096567,,0,0,1,-2.651,-6.867,-13.735,149134.16,,不適用,0.0,1.0,857,inf,250.0,official_prepanel,large,89821.0,0,可交易（DK_s＝0）,未扣成本（成本參考：2.8 折來回約 0.38%、全額約 0.585%）；交易方法狀態未知（全額交割、變更交易方法、停止信用交易的來源未提供）；容量以 s 日 vol20 估計，未模擬開盤競價量與滑價；不可交易，僅觀察,未扣成本·事後欄位以 m_ 標示·非投資建議
HC,1,2026-01-23,2026-01-26,3135,凌航,TWSE,W,W_atr14@3,3,531,0.079306,,0,0,1,1.626,-3.659,-15.447,7443.45,,不適用,0.0,3.0,117,117.0,117.0,official,mid,4632.0,0,可交易（DK_s＝0）,未扣成本（成本參考：2.8 折來回約 0.38%、全額約 0.585%）；交易方法狀態未知（全額交割、變更交易方法、停止信用交易的來源未提供）；容量以 s 日 vol20 估計，未模擬開盤競價量與滑價；不可交易，僅觀察,未扣成本·事後欄位以 m_ 標示·非投資建議
HC,1,2026-01-23,2026-01-26,7810,捷創科技,TPEx,W,W_atr14@3,2,531,0.081423,,0,0,1,3.259,-13.035,-20.57,889.7,,不適用,0.0,0.0,22,22.0,22.0,official,small,354.0,0,可交易（DK_s＝0）,未扣成本（成本參考：2.8 折來回約 0.38%、全額約 0.585%）；交易方法狀態未知（全額交割、變更交易方法、停止信用交易的來源未提供）；容量以 s 日 vol20 估計，未模擬開盤競價量與滑價；不可交易，僅觀察,未扣成本·事後欄位以 m_ 標示·非投資建議
HC,1,2026-01-23,2026-01-26,8422,可寧衛*,TWSE,W,W_atr14@3,1,531,0.097419,,0,0,1,-1.474,-9.582,-14.742,152084.1,,不適用,0.0,1.0,858,inf,250.0,official_prepanel,large,82363.0,0,可交易（DK_s＝0）,未扣成本（成本參考：2.8 折來回約 0.38%、全額約 0.585%）；交易方法狀態未知（全額交割、變更交易方法、停止信用交易的來源未提供）；容量以 s 日 vol20 估計，未模擬開盤競價量與滑價；不可交易，僅觀察,未扣成本·事後欄位以 m_ 標示·非投資建議
HC,1,2026-01-26,2026-01-27,3135,凌航,TWSE,W,W_atr14@3,2,534,0.080057,,0,0,1,-5.098,-10.98,-10.588,7576.35,,不適用,0.0,2.0,118,118.0,118.0,official,mid,3258.0,0,可交易（DK_s＝0）,未扣成本（成本參考：2.8 折來回約 0.38%、全額約 0.585%）；交易方法狀態未知（全額交割、變更交易方法、停止信用交易的來源未提供）；容量以 s 日 vol20 估計，未模擬開盤競價量與滑價；不可交易，僅觀察,未扣成本·事後欄位以 m_ 標示·非投資建議
HC,1,2026-01-26,2026-01-27,5543,桓鼎-KY,TPEx,W,W_atr14@3,3,534,0.079499,,0,0,1,0.345,0.172,1.552,85.95,,不適用,0.0,0.0,859,inf,250.0,official_prepanel,small,23.0,0,可交易（DK_s＝0）,未扣成本（成本參考：2.8 折來回約 0.38%、全額約 0.585%）；交易方法狀態未知（全額交割、變更交易方法、停止信用交易的來源未提供）；容量以 s 日 vol20 估計，未模擬開盤競價量與滑價；不可交易，僅觀察,未扣成本·事後欄位以 m_ 標示·非投資建議
HC,1,2026-01-26,2026-01-27,8422,可寧衛*,TWSE,W,W_atr14@3,1,534,0.099127,,0,0,1,-0.871,-9.577,-19.03,153000.0,,不適用,0.0,1.0,859,inf,250.0,official_prepanel,large,79705.0,0,可交易（DK_s＝0）,未扣成本（成本參考：2.8 折來回約 0.38%、全額約 0.585%）；交易方法狀態未知（全額交割、變更交易方法、停止信用交易的來源未提供）；容量以 s 日 vol20 估計，未模擬開盤競價量與滑價；不可交易，僅觀察,未扣成本·事後欄位以 m_ 標示·非投資建議
HC,1,2026-01-27,2026-01-28,3135,凌航,TWSE,W,W_atr14@3,2,534,0.081877,,0,0,1,-1.205,-13.253,-9.237,7162.4,,不適用,0.0,1.0,119,119.0,119.0,official,mid,2800.0,0,可交易（DK_s＝0）,未扣成本（成本參考：2.8 折來回約 0.38%、全額約 0.585%）；交易方法狀態未知（全額交割、變更交易方法、停止信用交易的來源未提供）；容量以 s 日 vol20 估計，未模擬開盤競價量與滑價；不可交易，僅觀察,未扣成本·事後欄位以 m_ 標示·非投資建議
HC,1,2026-01-27,2026-01-28,5543,桓鼎-KY,TPEx,W,W_atr14@3,3,534,0.081124,,0,0,1,-1.017,0.847,-2.034,84.7,,不適用,0.0,0.0,860,inf,250.0,official_prepanel,small,18.0,0,可交易（DK_s＝0）,未扣成本（成本參考：2.8 折來回約 0.38%、全額約 0.585%）；交易方法狀態未知（全額交割、變更交易方法、停止信用交易的來源未提供）；容量以 s 日 vol20 估計，未模擬開盤競價量與滑價；不可交易，僅觀察,未扣成本·事後欄位以 m_ 標示·非投資建議
HC,1,2026-01-27,2026-01-28,8422,可寧衛*,TWSE,W,W_atr14@3,1,534,0.097509,,0,0,1,0.0,-11.94,-20.025,152388.5,,不適用,0.0,0.0,860,inf,250.0,official_prepanel,large,61711.0,0,可交易（DK_s＝0）,未扣成本（成本參考：2.8 折來回約 0.38%、全額約 0.585%）；交易方法狀態未知（全額交割、變更交易方法、停止信用交易的來源未提供）；容量以 s 日 vol20 估計，未模擬開盤競價量與滑價；不可交易，僅觀察,未扣成本·事後欄位以 m_ 標示·非投資建議
HC,1,2026-01-28,2026-01-29,3135,凌航,TWSE,W,W_atr14@3,2,514,0.080546,,0,0,1,-4.4,-13.2,-8.4,7063.4,,不適用,0.0,0.0,120,120.0,120.0,official,mid,3042.0,0,可交易（DK_s＝0）,未扣成本（成本參考：2.8 折來回約 0.38%、全額約 0.585%）；交易方法狀態未知（全額交割、變更交易方法、停止信用交易的來源未提供）；容量以 s 日 vol20 估計，未模擬開盤競價量與滑價；不可交易，僅觀察,未扣成本·事後欄位以 m_ 標示·非投資建議
HC,1,2026-01-28,2026-01-29,7810,捷創科技,TPEx,W,W_atr14@3,3,514,0.077708,,0,0,1,-5.172,-11.422,-18.966,765.8,,不適用,0.0,0.0,25,25.0,25.0,official,small,320.0,0,可交易（DK_s＝0）,未扣成本（成本參考：2.8 折來回約 0.38%、全額約 0.585%）；交易方法狀態未知（全額交割、變更交易方法、停止信用交易的來源未提供）；容量以 s 日 vol20 估計，未模擬開盤競價量與滑價；不可交易，僅觀察,未扣成本·事後欄位以 m_ 標示·非投資建議
HC,1,2026-01-28,2026-01-29,8422,可寧衛*,TWSE,W,W_atr14@3,1,514,0.094883,,0,0,1,-4.332,-10.396,-18.812,147681.1,,不適用,0.0,0.0,861,inf,250.0,official_prepanel,large,69222.0,0,可交易（DK_s＝0）,未扣成本（成本參考：2.8 折來回約 0.38%、全額約 0.585%）；交易方法狀態未知（全額交割、變更交易方法、停止信用交易的來源未提供）；容量以 s 日 vol20 估計，未模擬開盤競價量與滑價；不可交易，僅觀察,未扣成本·事後欄位以 m_ 標示·非投資建議
HC,1,2026-01-29,2026-01-30,3135,凌航,TWSE,W,W_atr14@3,2,515,0.08428,,0,0,1,-0.837,-11.297,-5.021,6319.35,,不適用,0.0,0.0,121,121.0,121.0,official,mid,2843.0,0,可交易（DK_s＝0）,未扣成本（成本參考：2.8 折來回約 0.38%、全額約 0.585%）；交易方法狀態未知（全額交割、變更交易方法、停止信用交易的來源未提供）；容量以 s 日 vol20 估計，未模擬開盤競價量與滑價；不可交易，僅觀察,未扣成本·事後欄位以 m_ 標示·非投資建議
HC,1,2026-01-29,2026-01-30,7810,捷創科技,TPEx,W,W_atr14@3,3,515,0.07987,,0,0,1,-2.733,-8.428,-5.923,717.95,,不適用,0.0,0.0,26,26.0,26.0,official,small,233.0,0,可交易（DK_s＝0）,未扣成本（成本參考：2.8 折來回約 0.38%、全額約 0.585%）；交易方法狀態未知（全額交割、變更交易方法、停止信用交易的來源未提供）；容量以 s 日 vol20 估計，未模擬開盤競價量與滑價；不可交易，僅觀察,未扣成本·事後欄位以 m_ 標示·非投資建議
HC,1,2026-01-29,2026-01-30,8422,可寧衛*,TWSE,W,W_atr14@3,1,515,0.095361,,0,0,1,-3.539,-6.16,-12.844,141598.6,,不適用,0.0,0.0,862,inf,250.0,official_prepanel,large,75432.0,0,可交易（DK_s＝0）,未扣成本（成本參考：2.8 折來回約 0.38%、全額約 0.585%）；交易方法狀態未知（全額交割、變更交易方法、停止信用交易的來源未提供）；容量以 s 日 vol20 估計，未模擬開盤競價量與滑價；不可交易，僅觀察,未扣成本·事後欄位以 m_ 標示·非投資建議
HC,1,2026-01-30,2026-02-02,3135,凌航,TWSE,W,W_atr14@3,2,518,0.086197,,0,0,1,-0.439,-8.772,9.211,5972.5,,不適用,0.0,0.0,122,122.0,122.0,official,mid,2395.0,0,可交易（DK_s＝0）,未扣成本（成本參考：2.8 折來回約 0.38%、全額約 0.585%）；交易方法狀態未知（全額交割、變更交易方法、停止信用交易的來源未提供）；容量以 s 日 vol20 估計，未模擬開盤競價量與滑價；不可交易，僅觀察,未扣成本·事後欄位以 m_ 標示·非投資建議
HC,1,2026-01-30,2026-02-02,7810,捷創科技,TPEx,W,W_atr14@3,3,518,0.078622,,0,0,1,-4.45,-8.665,6.323,666.15,,不適用,0.0,0.0,27,27.0,27.0,official,small,183.0,0,可交易（DK_s＝0）,未扣成本（成本參考：2.8 折來回約 0.38%、全額約 0.585%）；交易方法狀態未知（全額交割、變更交易方法、停止信用交易的來源未提供）；容量以 s 日 vol20 估計，未模擬開盤競價量與滑價；不可交易，僅觀察,未扣成本·事後欄位以 m_ 標示·非投資建議
HC,1,2026-01-30,2026-02-02,8422,可寧衛*,TWSE,W,W_atr14@3,1,518,0.096467,,0,0,1,0.414,-4.144,-1.657,135332.9,,不適用,0.0,0.0,863,inf,250.0,official_prepanel,large,48286.0,0,可交易（DK_s＝0）,未扣成本（成本參考：2.8 折來回約 0.38%、全額約 0.585%）；交易方法狀態未知（全額交割、變更交易方法、停止信用交易的來源未提供）；容量以 s 日 vol20 估計，未模擬開盤競價量與滑價；不可交易，僅觀察,未扣成本·事後欄位以 m_ 標示·非投資建議
HC,1,2026-02-02,2026-02-03,3135,凌航,TWSE,W,W_atr14@3,2,517,0.089994,,0,0,1,-8.085,-2.979,8.936,5475.75,,不適用,0.0,0.0,123,123.0,123.0,official,mid,3929.0,0,可交易（DK_s＝0）,未扣成本（成本參考：2.8 折來回約 0.38%、全額約 0.585%）；交易方法狀態未知（全額交割、變更交易方法、停止信用交易的來源未提供）；容量以 s 日 vol20 估計，未模擬開盤競價量與滑價；不可交易，僅觀察,未扣成本·事後欄位以 m_ 標示·非投資建議
HC,1,2026-02-02,2026-02-03,7777,能率亞洲,TPEx,W,W_atr14@3,3,517,0.083653,,0,0,1,-2.596,-4.372,-9.426,3340.65,,不適用,1.0,4.0,29,29.0,29.0,official,mid,1547.0,1,處置中・交易規則另案登錄（DK_s＝1）,未扣成本（成本參考：2.8 折來回約 0.38%、全額約 0.585%）；交易方法狀態未知（全額交割、變更交易方法、停止信用交易的來源未提供）；容量以 s 日 vol20 估計，未模擬開盤競價量與滑價；不可交易，僅觀察,未扣成本·事後欄位以 m_ 標示·非投資建議
HC,1,2026-02-02,2026-02-03,8422,可寧衛*,TWSE,W,W_atr14@3,1,517,0.092454,,0,0,1,-4.195,-11.908,-6.766,131574.0,,不適用,0.0,0.0,864,inf,250.0,official_prepanel,large,51501.0,0,可交易（DK_s＝0）,未扣成本（成本參考：2.8 折來回約 0.38%、全額約 0.585%）；交易方法狀態未知（全額交割、變更交易方法、停止信用交易的來源未提供）；容量以 s 日 vol20 估計，未模擬開盤競價量與滑價；不可交易，僅觀察,未扣成本·事後欄位以 m_ 標示·非投資建議
HC,1,2026-02-03,2026-02-04,3135,凌航,TWSE,W,W_atr14@3,1,517,0.097222,,0,0,1,2.358,6.604,17.925,5406.7,,不適用,0.0,0.0,124,124.0,124.0,official,mid,2095.0,0,可交易（DK_s＝0）,未扣成本（成本參考：2.8 折來回約 0.38%、全額約 0.585%）；交易方法狀態未知（全額交割、變更交易方法、停止信用交易的來源未提供）；容量以 s 日 vol20 估計，未模擬開盤競價量與滑價；不可交易，僅觀察,未扣成本·事後欄位以 m_ 標示·非投資建議
HC,1,2026-02-03,2026-02-04,7777,能率亞洲,TPEx,W,W_atr14@3,3,517,0.087858,,0,0,1,6.241,-3.467,-8.044,3353.0,,不適用,1.0,3.0,30,30.0,30.0,official,mid,1485.0,1,處置中・交易規則另案登錄（DK_s＝1）,未扣成本（成本參考：2.8 折來回約 0.38%、全額約 0.585%）；交易方法狀態未知（全額交割、變更交易方法、停止信用交易的來源未提供）；容量以 s 日 vol20 估計，未模擬開盤競價量與滑價；不可交易，僅觀察,未扣成本·事後欄位以 m_ 標示·非投資建議
HC,1,2026-02-03,2026-02-04,8422,可寧衛*,TWSE,W,W_atr14@3,2,517,0.089286,,0,0,1,3.429,-8.143,-0.143,129536.3,,不適用,0.0,0.0,865,inf,250.0,official_prepanel,large,29622.0,0,可交易（DK_s＝0）,未扣成本（成本參考：2.8 折來回約 0.38%、全額約 0.585%）；交易方法狀態未知（全額交割、變更交易方法、停止信用交易的來源未提供）；容量以 s 日 vol20 估計，未模擬開盤競價量與滑價；不可交易，僅觀察,未扣成本·事後欄位以 m_ 標示·非投資建議
HC,1,2026-02-04,2026-02-05,3135,凌航,TWSE,W,W_atr14@3,1,519,0.098091,,0,0,1,1.923,10.096,21.154,4654.0,,不適用,0.0,0.0,125,125.0,125.0,official,mid,1437.0,0,可交易（DK_s＝0）,未扣成本（成本參考：2.8 折來回約 0.38%、全額約 0.585%）；交易方法狀態未知（全額交割、變更交易方法、停止信用交易的來源未提供）；容量以 s 日 vol20 估計，未模擬開盤競價量與滑價；不可交易，僅觀察,未扣成本·事後欄位以 m_ 標示·非投資建議
HC,1,2026-02-04,2026-02-05,7777,能率亞洲,TPEx,W,W_atr14@3,2,519,0.086162,,0,0,1,-0.813,-5.827,-14.634,3377.45,,不適用,1.0,2.0,31,31.0,31.0,official,mid,870.0,1,處置中・交易規則另案登錄（DK_s＝1）,未扣成本（成本參考：2.8 折來回約 0.38%、全額約 0.585%）；交易方法狀態未知（全額交割、變更交易方法、停止信用交易的來源未提供）；容量以 s 日 vol20 估計，未模擬開盤競價量與滑價；不可交易，僅觀察,未扣成本·事後欄位以 m_ 標示·非投資建議
HC,1,2026-02-04,2026-02-05,8422,可寧衛*,TWSE,W,W_atr14@3,3,519,0.080308,,0,0,1,0.28,-8.123,-6.443,122876.0,,不適用,0.0,0.0,866,inf,250.0,official_prepanel,large,26920.0,0,可交易（DK_s＝0）,未扣成本（成本參考：2.8 折來回約 0.38%、全額約 0.585%）；交易方法狀態未知（全額交割、變更交易方法、停止信用交易的來源未提供）；容量以 s 日 vol20 估計，未模擬開盤競價量與滑價；不可交易，僅觀察,未扣成本·事後欄位以 m_ 標示·非投資建議
HC,1,2026-02-05,2026-02-06,3135,凌航,TWSE,W,W_atr14@3,2,515,0.097035,,0,0,1,0.483,9.662,10.145,4288.75,,不適用,0.0,0.0,126,126.0,126.0,official,mid,1514.0,0,可交易（DK_s＝0）,未扣成本（成本參考：2.8 折來回約 0.38%、全額約 0.585%）；交易方法狀態未知（全額交割、變更交易方法、停止信用交易的來源未提供）；容量以 s 日 vol20 估計，未模擬開盤競價量與滑價；不可交易，僅觀察,未扣成本·事後欄位以 m_ 標示·非投資建議
HC,1,2026-02-05,2026-02-06,7777,能率亞洲,TPEx,W,W_atr14@3,3,515,0.092213,,0,0,1,-4.57,-3.763,-19.22,3364.4,,不適用,1.0,1.0,32,32.0,32.0,official,mid,665.0,1,處置中・交易規則另案登錄（DK_s＝1）,未扣成本（成本參考：2.8 折來回約 0.38%、全額約 0.585%）；交易方法狀態未知（全額交割、變更交易方法、停止信用交易的來源未提供）；容量以 s 日 vol20 估計，未模擬開盤競價量與滑價；不可交易，僅觀察,未扣成本·事後欄位以 m_ 標示·非投資建議
HC,1,2026-02-05,2026-02-06,7795,長廣,TWSE,W,W_atr14@3,1,515,0.10782,,0,0,1,-1.295,-1.295,2.85,2500.4,,不適用,0.0,0.0,15,15.0,15.0,official,large,807.0,0,可交易（DK_s＝0）,未扣成本（成本參考：2.8 折來回約 0.38%、全額約 0.585%）；交易方法狀態未知（全額交割、變更交易方法、停止信用交易的來源未提供）；容量以 s 日 vol20 估計，未模擬開盤競價量與滑價；不可交易，僅觀察,未扣成本·事後欄位以 m_ 標示·非投資建議
HC,1,2026-02-06,2026-02-09,3135,凌航,TWSE,W,W_atr14@3,3,515,0.094093,,0,1,0,0.0,9.211,-5.263,4119.2,,不適用,0.0,0.0,127,127.0,127.0,official,mid,631.0,0,可交易（DK_s＝0）,未扣成本（成本參考：2.8 折來回約 0.38%、全額約 0.585%）；交易方法狀態未知（全額交割、變更交易方法、停止信用交易的來源未提供）；容量以 s 日 vol20 估計，未模擬開盤競價量與滑價；不可交易，僅觀察,未扣成本·事後欄位以 m_ 標示·非投資建議
HC,1,2026-02-06,2026-02-09,7777,能率亞洲,TPEx,W,W_atr14@3,2,515,0.095372,,0,0,1,-3.315,-6.077,-21.961,3369.45,,不適用,1.0,0.0,33,33.0,33.0,official,mid,923.0,1,處置中・交易規則另案登錄（DK_s＝1）,未扣成本（成本參考：2.8 折來回約 0.38%、全額約 0.585%）；交易方法狀態未知（全額交割、變更交易方法、停止信用交易的來源未提供）；容量以 s 日 vol20 估計，未模擬開盤競價量與滑價；不可交易，僅觀察,未扣成本·事後欄位以 m_ 標示·非投資建議
HC,1,2026-02-06,2026-02-09,7795,長廣,TWSE,W,W_atr14@3,1,515,0.109393,,0,0,1,-3.448,6.003,-7.918,2394.56,,不適用,0.0,0.0,16,16.0,16.0,official,large,523.0,0,可交易（DK_s＝0）,未扣成本（成本參考：2.8 折來回約 0.38%、全額約 0.585%）；交易方法狀態未知（全額交割、變更交易方法、停止信用交易的來源未提供）；容量以 s 日 vol20 估計，未模擬開盤競價量與滑價；不可交易，僅觀察,未扣成本·事後欄位以 m_ 標示·非投資建議
HC,1,2026-02-09,2026-02-10,2740,華軒,TPEx,W,W_atr14@3,3,520,0.078517,,0,0,1,-4.18,-7.61,-15.756,46.05,,不適用,0.0,0.0,869,inf,250.0,official_prepanel,small,21.0,0,可交易（DK_s＝0）,未扣成本（成本參考：2.8 折來回約 0.38%、全額約 0.585%）；交易方法狀態未知（全額交割、變更交易方法、停止信用交易的來源未提供）；容量以 s 日 vol20 估計，未模擬開盤競價量與滑價；不可交易，僅觀察,未扣成本·事後欄位以 m_ 標示·非投資建議
HC,1,2026-02-09,2026-02-10,7777,能率亞洲,TPEx,W,W_atr14@3,2,520,0.093776,,0,0,1,-2.657,-7.273,-19.301,3391.1,,不適用,1.0,0.0,34,34.0,34.0,official,mid,819.0,1,處置中・交易規則另案登錄（DK_s＝1）,未扣成本（成本參考：2.8 折來回約 0.38%、全額約 0.585%）；交易方法狀態未知（全額交割、變更交易方法、停止信用交易的來源未提供）；容量以 s 日 vol20 估計，未模擬開盤競價量與滑價；不可交易，僅觀察,未扣成本·事後欄位以 m_ 標示·非投資建議
HC,1,2026-02-09,2026-02-10,7795,長廣,TWSE,W,W_atr14@3,1,520,0.105159,,0,0,1,-0.14,15.922,10.754,2284.47,,不適用,0.0,0.0,17,17.0,17.0,official,large,989.0,0,可交易（DK_s＝0）,未扣成本（成本參考：2.8 折來回約 0.38%、全額約 0.585%）；交易方法狀態未知（全額交割、變更交易方法、停止信用交易的來源未提供）；容量以 s 日 vol20 估計，未模擬開盤競價量與滑價；不可交易，僅觀察,未扣成本·事後欄位以 m_ 標示·非投資建議
HC,1,2026-02-10,2026-02-11,2740,華軒,TPEx,W,W_atr14@3,3,531,0.084532,,0,0,1,-4.842,-2.703,-7.77,46.95,,不適用,0.0,0.0,870,inf,250.0,official_prepanel,small,20.0,0,可交易（DK_s＝0）,未扣成本（成本參考：2.8 折來回約 0.38%、全額約 0.585%）；交易方法狀態未知（全額交割、變更交易方法、停止信用交易的來源未提供）；容量以 s 日 vol20 估計，未模擬開盤競價量與滑價；不可交易，僅觀察,未扣成本·事後欄位以 m_ 標示·非投資建議
HC,1,2026-02-10,2026-02-11,7777,能率亞洲,TPEx,W,W_atr14@3,2,531,0.090517,,0,0,1,3.423,-1.339,-14.881,3393.1,,不適用,1.0,0.0,35,35.0,35.0,official,mid,807.0,1,處置中・交易規則另案登錄（DK_s＝1）,未扣成本（成本參考：2.8 折來回約 0.38%、全額約 0.585%）；交易方法狀態未知（全額交割、變更交易方法、停止信用交易的來源未提供）；容量以 s 日 vol20 估計，未模擬開盤競價量與滑價；不可交易，僅觀察,未扣成本·事後欄位以 m_ 標示·非投資建議
HC,1,2026-02-10,2026-02-11,7795,長廣,TWSE,W,W_atr14@3,1,531,0.109491,,0,0,1,-2.394,16.197,15.493,2212.5,,不適用,0.0,0.0,18,18.0,18.0,official,large,786.0,0,可交易（DK_s＝0）,未扣成本（成本參考：2.8 折來回約 0.38%、全額約 0.585%）；交易方法狀態未知（全額交割、變更交易方法、停止信用交易的來源未提供）；容量以 s 日 vol20 估計，未模擬開盤競價量與滑價；不可交易，僅觀察,未扣成本·事後欄位以 m_ 標示·非投資建議
HC,1,2026-02-11,2026-02-23,1623,大東電,TWSE,W,W_atr14@3,2,527,0.098084,,0,0,1,6.796,9.223,-6.068,1048.2,,不適用,0.0,0.0,15,15.0,15.0,official,mid,384.0,0,可交易（DK_s＝0）,未扣成本（成本參考：2.8 折來回約 0.38%、全額約 0.585%）；交易方法狀態未知（全額交割、變更交易方法、停止信用交易的來源未提供）；容量以 s 日 vol20 估計，未模擬開盤競價量與滑價；不可交易，僅觀察,未扣成本·事後欄位以 m_ 標示·非投資建議
HC,1,2026-02-11,2026-02-23,2740,華軒,TPEx,W,W_atr14@3,3,527,0.090702,,0,0,1,2.372,-0.474,-5.338,46.95,,不適用,0.0,0.0,871,inf,250.0,official_prepanel,small,20.0,0,可交易（DK_s＝0）,未扣成本（成本參考：2.8 折來回約 0.38%、全額約 0.585%）；交易方法狀態未知（全額交割、變更交易方法、停止信用交易的來源未提供）；容量以 s 日 vol20 估計，未模擬開盤競價量與滑價；不可交易，僅觀察,未扣成本·事後欄位以 m_ 標示·非投資建議
HC,1,2026-02-11,2026-02-23,7795,長廣,TWSE,W,W_atr14@3,1,527,0.103896,,0,0,1,7.324,13.521,3.944,2137.42,,不適用,0.0,0.0,19,19.0,19.0,official,large,753.0,0,可交易（DK_s＝0）,未扣成本（成本參考：2.8 折來回約 0.38%、全額約 0.585%）；交易方法狀態未知（全額交割、變更交易方法、停止信用交易的來源未提供）；容量以 s 日 vol20 估計，未模擬開盤競價量與滑價；不可交易，僅觀察,未扣成本·事後欄位以 m_ 標示·非投資建議
HC,1,2026-02-23,2026-02-24,1623,大東電,TWSE,W,W_atr14@3,3,523,0.082468,,0,0,1,-0.228,-0.911,-8.884,1006.69,,不適用,0.0,0.0,16,16.0,16.0,official,mid,243.0,0,可交易（DK_s＝0）,未扣成本（成本參考：2.8 折來回約 0.38%、全額約 0.585%）；交易方法狀態未知（全額交割、變更交易方法、停止信用交易的來源未提供）；容量以 s 日 vol20 估計，未模擬開盤競價量與滑價；不可交易，僅觀察,未扣成本·事後欄位以 m_ 標示·非投資建議
HC,1,2026-02-23,2026-02-24,2740,華軒,TPEx,W,W_atr14@3,1,523,0.093776,,0,0,1,-3.579,-7.606,-8.725,46.85,,不適用,0.0,0.0,872,inf,250.0,official_prepanel,small,11.0,0,可交易（DK_s＝0）,未扣成本（成本參考：2.8 折來回約 0.38%、全額約 0.585%）；交易方法狀態未知（全額交割、變更交易方法、停止信用交易的來源未提供）；容量以 s 日 vol20 估計，未模擬開盤競價量與滑價；不可交易，僅觀察,未扣成本·事後欄位以 m_ 標示·非投資建議
HC,1,2026-02-23,2026-02-24,7777,能率亞洲,TPEx,W,W_atr14@3,2,523,0.083799,,0,0,1,-3.955,-15.113,-24.153,3531.6,,不適用,0.0,0.0,37,37.0,37.0,official,mid,3229.0,0,可交易（DK_s＝0）,未扣成本（成本參考：2.8 折來回約 0.38%、全額約 0.585%）；交易方法狀態未知（全額交割、變更交易方法、停止信用交易的來源未提供）；容量以 s 日 vol20 估計，未模擬開盤競價量與滑價；不可交易，僅觀察,未扣成本·事後欄位以 m_ 標示·非投資建議
HC,1,2026-02-24,2026-02-25,2740,華軒,TPEx,W,W_atr14@3,1,529,0.093305,,0,0,1,-3.902,-17.057,-6.466,47.3,,不適用,0.0,0.0,873,inf,250.0,official_prepanel,small,15.0,0,可交易（DK_s＝0）,未扣成本（成本參考：2.8 折來回約 0.38%、全額約 0.585%）；交易方法狀態未知（全額交割、變更交易方法、停止信用交易的來源未提供）；容量以 s 日 vol20 估計，未模擬開盤競價量與滑價；不可交易，僅觀察,未扣成本·事後欄位以 m_ 標示·非投資建議
HC,1,2026-02-24,2026-02-25,7777,能率亞洲,TPEx,W,W_atr14@3,2,529,0.08771,,0,0,1,-2.5,-16.912,-15.441,3651.75,,不適用,0.0,0.0,38,38.0,38.0,official,small,2203.0,0,可交易（DK_s＝0）,未扣成本（成本參考：2.8 折來回約 0.38%、全額約 0.585%）；交易方法狀態未知（全額交割、變更交易方法、停止信用交易的來源未提供）；容量以 s 日 vol20 估計，未模擬開盤競價量與滑價；不可交易，僅觀察,未扣成本·事後欄位以 m_ 標示·非投資建議
HC,1,2026-02-24,2026-02-25,7795,長廣,TWSE,W,W_atr14@3,3,529,0.084768,,0,0,1,-0.48,-13.549,-2.398,1912.05,,不適用,0.0,0.0,21,21.0,21.0,official,large,1673.0,0,可交易（DK_s＝0）,未扣成本（成本參考：2.8 折來回約 0.38%、全額約 0.585%）；交易方法狀態未知（全額交割、變更交易方法、停止信用交易的來源未提供）；容量以 s 日 vol20 估計，未模擬開盤競價量與滑價；不可交易，僅觀察,未扣成本·事後欄位以 m_ 標示·非投資建議
HC,1,2026-02-25,2026-02-26,2740,華軒,TPEx,W,W_atr14@3,1,535,0.093056,,0,0,1,0.232,-8.817,-2.9,47.15,,不適用,0.0,0.0,874,inf,250.0,official_prepanel,small,5.0,0,可交易（DK_s＝0）,未扣成本（成本參考：2.8 折來回約 0.38%、全額約 0.585%）；交易方法狀態未知（全額交割、變更交易方法、停止信用交易的來源未提供）；容量以 s 日 vol20 估計，未模擬開盤競價量與滑價；不可交易，僅觀察,未扣成本·事後欄位以 m_ 標示·非投資建議
HC,1,2026-02-25,2026-02-26,7777,能率亞洲,TPEx,W,W_atr14@3,2,535,0.085434,,0,0,1,-0.151,-13.102,-14.759,3646.75,,不適用,0.0,0.0,39,39.0,39.0,official,small,2705.0,0,可交易（DK_s＝0）,未扣成本（成本參考：2.8 折來回約 0.38%、全額約 0.585%）；交易方法狀態未知（全額交割、變更交易方法、停止信用交易的來源未提供）；容量以 s 日 vol20 估計，未模擬開盤競價量與滑價；不可交易，僅觀察,未扣成本·事後欄位以 m_ 標示·非投資建議
HC,1,2026-02-25,2026-02-26,7795,長廣,TWSE,W,W_atr14@3,3,535,0.081756,,0,0,1,0.61,-3.293,-5.244,1806.1,,不適用,0.0,0.0,22,22.0,22.0,official,large,1023.0,0,可交易（DK_s＝0）,未扣成本（成本參考：2.8 折來回約 0.38%、全額約 0.585%）；交易方法狀態未知（全額交割、變更交易方法、停止信用交易的來源未提供）；容量以 s 日 vol20 估計，未模擬開盤競價量與滑價；不可交易，僅觀察,未扣成本·事後欄位以 m_ 標示·非投資建議
HC,1,2026-02-26,2026-03-02,2740,華軒,TPEx,W,W_atr14@3,1,542,0.087963,,0,0,1,-4.767,-7.037,-5.221,45.25,,不適用,0.0,0.0,875,inf,250.0,official_prepanel,small,21.0,0,可交易（DK_s＝0）,未扣成本（成本參考：2.8 折來回約 0.38%、全額約 0.585%）；交易方法狀態未知（全額交割、變更交易方法、停止信用交易的來源未提供）；容量以 s 日 vol20 估計，未模擬開盤競價量與滑價；不可交易，僅觀察,未扣成本·事後欄位以 m_ 標示·非投資建議
HC,1,2026-02-26,2026-03-02,7777,能率亞洲,TPEx,W,W_atr14@3,2,542,0.084034,,0,0,1,0.0,-9.206,-2.698,3615.9,,不適用,0.0,0.0,40,40.0,40.0,official,small,1468.0,0,可交易（DK_s＝0）,未扣成本（成本參考：2.8 折來回約 0.38%、全額約 0.585%）；交易方法狀態未知（全額交割、變更交易方法、停止信用交易的來源未提供）；容量以 s 日 vol20 估計，未模擬開盤競價量與滑價；不可交易，僅觀察,未扣成本·事後欄位以 m_ 標示·非投資建議
HC,1,2026-02-26,2026-03-02,7795,長廣,TWSE,W,W_atr14@3,3,542,0.079048,,0,0,1,1.384,3.145,0.629,1721.8,,不適用,0.0,0.0,23,23.0,23.0,official,large,1010.0,0,可交易（DK_s＝0）,未扣成本（成本參考：2.8 折來回約 0.38%、全額約 0.585%）；交易方法狀態未知（全額交割、變更交易方法、停止信用交易的來源未提供）；容量以 s 日 vol20 估計，未模擬開盤競價量與滑價；不可交易，僅觀察,未扣成本·事後欄位以 m_ 標示·非投資建議
HC,1,2026-03-02,2026-03-03,2740,華軒,TPEx,W,W_atr14@3,1,537,0.0882,,0,0,1,6.856,3.234,7.245,45.8,,不適用,0.0,0.0,876,inf,250.0,official_prepanel,small,17.0,0,可交易（DK_s＝0）,未扣成本（成本參考：2.8 折來回約 0.38%、全額約 0.585%）；交易方法狀態未知（全額交割、變更交易方法、停止信用交易的來源未提供）；容量以 s 日 vol20 估計，未模擬開盤競價量與滑價；不可交易，僅觀察,未扣成本·事後欄位以 m_ 標示·非投資建議
HC,1,2026-03-02,2026-03-03,7777,能率亞洲,TPEx,W,W_atr14@3,2,537,0.081066,,0,0,1,-3.376,-13.826,-4.823,3497.65,,不適用,0.0,0.0,41,41.0,41.0,official,small,1754.0,0,可交易（DK_s＝0）,未扣成本（成本參考：2.8 折來回約 0.38%、全額約 0.585%）；交易方法狀態未知（全額交割、變更交易方法、停止信用交易的來源未提供）；容量以 s 日 vol20 估計，未模擬開盤競價量與滑價；不可交易，僅觀察,未扣成本·事後欄位以 m_ 標示·非投資建議
HC,1,2026-03-02,2026-03-03,7795,長廣,TWSE,W,W_atr14@3,3,537,0.076657,,0,0,1,-3.289,-10.11,0.365,1665.45,,不適用,0.0,0.0,24,24.0,24.0,official,large,1226.0,0,可交易（DK_s＝0）,未扣成本（成本參考：2.8 折來回約 0.38%、全額約 0.585%）；交易方法狀態未知（全額交割、變更交易方法、停止信用交易的來源未提供）；容量以 s 日 vol20 估計，未模擬開盤競價量與滑價；不可交易，僅觀察,未扣成本·事後欄位以 m_ 標示·非投資建議
HC,1,2026-03-03,2026-03-04,2740,華軒,TPEx,W,W_atr14@3,1,539,0.087859,,0,0,1,-8.6,0.246,-1.843,43.2,,不適用,0.0,0.0,877,inf,250.0,official_prepanel,small,9.0,0,可交易（DK_s＝0）,未扣成本（成本參考：2.8 折來回約 0.38%、全額約 0.585%）；交易方法狀態未知（全額交割、變更交易方法、停止信用交易的來源未提供）；容量以 s 日 vol20 估計，未模擬開盤競價量與滑價；不可交易，僅觀察,未扣成本·事後欄位以 m_ 標示·非投資建議
HC,1,2026-03-03,2026-03-04,7717,萊德光電-KY,TPEx,W,W_atr14@3,3,539,0.079046,,0,0,1,0.0,-23.398,-5.153,619.2,,不適用,1.0,4.0,67,67.0,67.0,official,mid,107.0,1,處置中・交易規則另案登錄（DK_s＝1）,未扣成本（成本參考：2.8 折來回約 0.38%、全額約 0.585%）；交易方法狀態未知（全額交割、變更交易方法、停止信用交易的來源未提供）；容量以 s 日 vol20 估計，未模擬開盤競價量與滑價；不可交易，僅觀察,未扣成本·事後欄位以 m_ 標示·非投資建議
HC,1,2026-03-03,2026-03-04,7777,能率亞洲,TPEx,W,W_atr14@3,2,539,0.084859,,0,0,1,-2.418,-7.254,0.173,3473.35,,不適用,0.0,0.0,42,42.0,42.0,official,small,1467.0,0,可交易（DK_s＝0）,未扣成本（成本參考：2.8 折來回約 0.38%、全額約 0.585%）；交易方法狀態未知（全額交割、變更交易方法、停止信用交易的來源未提供）；容量以 s 日 vol20 估計，未模擬開盤競價量與滑價；不可交易，僅觀察,未扣成本·事後欄位以 m_ 標示·非投資建議
HC,1,2026-03-04,2026-03-05,2740,華軒,TPEx,W,W_atr14@3,2,523,0.099462,,0,0,1,2.078,8.961,3.896,41.95,,不適用,0.0,0.0,878,inf,250.0,official_prepanel,small,15.0,0,可交易（DK_s＝0）,未扣成本（成本參考：2.8 折來回約 0.38%、全額約 0.585%）；交易方法狀態未知（全額交割、變更交易方法、停止信用交易的來源未提供）；容量以 s 日 vol20 估計，未模擬開盤競價量與滑價；不可交易，僅觀察,未扣成本·事後欄位以 m_ 標示·非投資建議
HC,1,2026-03-04,2026-03-05,6934,心誠鎂,TWSE,W,W_atr14@3,1,523,0.124812,,0,0,1,1.441,-9.091,-9.091,500.67,,不適用,0.0,0.0,15,15.0,15.0,official,small,896.0,0,可交易（DK_s＝0）,未扣成本（成本參考：2.8 折來回約 0.38%、全額約 0.585%）；交易方法狀態未知（全額交割、變更交易方法、停止信用交易的來源未提供）；容量以 s 日 vol20 估計，未模擬開盤競價量與滑價；不可交易，僅觀察,未扣成本·事後欄位以 m_ 標示·非投資建議
HC,1,2026-03-04,2026-03-05,7717,萊德光電-KY,TPEx,W,W_atr14@3,3,523,0.09232,,0,0,1,-13.154,-18.792,-7.383,555.85,,不適用,1.0,5.0,68,68.0,68.0,official,mid,255.0,1,處置中・交易規則另案登錄（DK_s＝1）,未扣成本（成本參考：2.8 折來回約 0.38%、全額約 0.585%）；交易方法狀態未知（全額交割、變更交易方法、停止信用交易的來源未提供）；容量以 s 日 vol20 估計，未模擬開盤競價量與滑價；不可交易，僅觀察,未扣成本·事後欄位以 m_ 標示·非投資建議
HC,1,2026-03-05,2026-03-06,2740,華軒,TPEx,W,W_atr14@3,3,528,0.091603,,0,0,1,0.738,2.952,-0.369,36.05,,不適用,0.0,0.0,879,inf,250.0,official_prepanel,small,3.0,0,可交易（DK_s＝0）,未扣成本（成本參考：2.8 折來回約 0.38%、全額約 0.585%）；交易方法狀態未知（全額交割、變更交易方法、停止信用交易的來源未提供）；容量以 s 日 vol20 估計，未模擬開盤競價量與滑價；不可交易，僅觀察,未扣成本·事後欄位以 m_ 標示·非投資建議
HC,1,2026-03-05,2026-03-06,6934,心誠鎂,TWSE,W,W_atr14@3,1,528,0.120297,,0,0,1,0.222,-12.444,-12.222,525.38,,不適用,0.0,0.0,16,16.0,16.0,official,small,171.0,0,可交易（DK_s＝0）,未扣成本（成本參考：2.8 折來回約 0.38%、全額約 0.585%）；交易方法狀態未知（全額交割、變更交易方法、停止信用交易的來源未提供）；容量以 s 日 vol20 估計，未模擬開盤競價量與滑價；不可交易，僅觀察,未扣成本·事後欄位以 m_ 標示·非投資建議
HC,1,2026-03-05,2026-03-06,7717,萊德光電-KY,TPEx,W,W_atr14@3,2,528,0.11338,,0,0,1,5.28,0.0,9.6,540.55,,不適用,1.0,4.0,69,69.0,69.0,official,mid,401.0,1,處置中・交易規則另案登錄（DK_s＝1）,未扣成本（成本參考：2.8 折來回約 0.38%、全額約 0.585%）；交易方法狀態未知（全額交割、變更交易方法、停止信用交易的來源未提供）；容量以 s 日 vol20 估計，未模擬開盤競價量與滑價；不可交易，僅觀察,未扣成本·事後欄位以 m_ 標示·非投資建議
HC,1,2026-03-06,2026-03-09,2740,華軒,TPEx,W,W_atr14@3,3,524,0.084162,,0,0,1,-2.564,1.954,2.93,30.85,,不適用,0.0,0.0,880,inf,250.0,official_prepanel,small,8.0,0,可交易（DK_s＝0）,未扣成本（成本參考：2.8 折來回約 0.38%、全額約 0.585%）；交易方法狀態未知（全額交割、變更交易方法、停止信用交易的來源未提供）；容量以 s 日 vol20 估計，未模擬開盤競價量與滑價；不可交易，僅觀察,未扣成本·事後欄位以 m_ 標示·非投資建議
HC,1,2026-03-06,2026-03-09,6934,心誠鎂,TWSE,W,W_atr14@3,2,524,0.113082,,0,0,1,-1.695,-3.995,-3.148,504.53,,不適用,0.0,0.0,17,17.0,17.0,official,small,270.0,0,可交易（DK_s＝0）,未扣成本（成本參考：2.8 折來回約 0.38%、全額約 0.585%）；交易方法狀態未知（全額交割、變更交易方法、停止信用交易的來源未提供）；容量以 s 日 vol20 估計，未模擬開盤競價量與滑價；不可交易，僅觀察,未扣成本·事後欄位以 m_ 標示·非投資建議
HC,1,2026-03-06,2026-03-09,7717,萊德光電-KY,TPEx,W,W_atr14@3,1,524,0.115502,,0,0,1,0.0,1.18,20.405,459.4,,不適用,1.0,4.0,70,70.0,70.0,official,mid,64.0,1,處置中・交易規則另案登錄（DK_s＝1）,未扣成本（成本參考：2.8 折來回約 0.38%、全額約 0.585%）；交易方法狀態未知（全額交割、變更交易方法、停止信用交易的來源未提供）；容量以 s 日 vol20 估計，未模擬開盤競價量與滑價；不可交易，僅觀察,未扣成本·事後欄位以 m_ 標示·非投資建議
HC,1,2026-03-09,2026-03-10,6934,心誠鎂,TWSE,W,W_atr14@3,2,522,0.125616,,0,0,1,-8.276,-3.448,-10.575,491.5,,不適用,0.0,0.0,18,18.0,18.0,official,small,349.0,0,可交易（DK_s＝0）,未扣成本（成本參考：2.8 折來回約 0.38%、全額約 0.585%）；交易方法狀態未知（全額交割、變更交易方法、停止信用交易的來源未提供）；容量以 s 日 vol20 估計，未模擬開盤競價量與滑價；不可交易，僅觀察,未扣成本·事後欄位以 m_ 標示·非投資建議
HC,1,2026-03-09,2026-03-10,7717,萊德光電-KY,TPEx,W,W_atr14@3,1,522,0.128162,,0,0,1,-10.569,3.252,4.553,412.35,,不適用,1.0,3.0,71,71.0,71.0,official,mid,414.0,1,處置中・交易規則另案登錄（DK_s＝1）,未扣成本（成本參考：2.8 折來回約 0.38%、全額約 0.585%）；交易方法狀態未知（全額交割、變更交易方法、停止信用交易的來源未提供）；容量以 s 日 vol20 估計，未模擬開盤競價量與滑價；不可交易，僅觀察,未扣成本·事後欄位以 m_ 標示·非投資建議
HC,1,2026-03-09,2026-03-10,7823,奧義賽博-KY創,TWSE,W,W_atr14@3,3,522,0.112987,,0,0,1,-0.589,-7.538,-4.947,229.87,,不適用,0.0,0.0,15,15.0,15.0,official,small,32.0,0,可交易（DK_s＝0）,未扣成本（成本參考：2.8 折來回約 0.38%、全額約 0.585%）；交易方法狀態未知（全額交割、變更交易方法、停止信用交易的來源未提供）；容量以 s 日 vol20 估計，未模擬開盤競價量與滑價；不可交易，僅觀察,未扣成本·事後欄位以 m_ 標示·非投資建議
HC,1,2026-03-10,2026-03-11,4991,環宇-KY,TPEx,W,W_atr14@3,3,529,0.093504,,0,0,1,6.094,0.469,24.219,5218.2,,不適用,1.0,1.0,882,inf,250.0,official_prepanel,large,1250.0,1,處置中・交易規則另案登錄（DK_s＝1）,未扣成本（成本參考：2.8 折來回約 0.38%、全額約 0.585%）；交易方法狀態未知（全額交割、變更交易方法、停止信用交易的來源未提供）；容量以 s 日 vol20 估計，未模擬開盤競價量與滑價；不可交易，僅觀察,未扣成本·事後欄位以 m_ 標示·非投資建議
HC,1,2026-03-10,2026-03-11,6934,心誠鎂,TWSE,W,W_atr14@3,2,529,0.124329,,0,0,1,2.757,3.509,-5.89,484.0,,不適用,0.0,1.0,19,19.0,19.0,official,small,138.0,0,可交易（DK_s＝0）,未扣成本（成本參考：2.8 折來回約 0.38%、全額約 0.585%）；交易方法狀態未知（全額交割、變更交易方法、停止信用交易的來源未提供）；容量以 s 日 vol20 估計，未模擬開盤競價量與滑價；不可交易，僅觀察,未扣成本·事後欄位以 m_ 標示·非投資建議
HC,1,2026-03-10,2026-03-11,7717,萊德光電-KY,TPEx,W,W_atr14@3,1,529,0.140909,,0,0,1,7.651,21.174,3.203,419.8,,不適用,1.0,3.0,72,72.0,72.0,official,mid,148.0,1,處置中・交易規則另案登錄（DK_s＝1）,未扣成本（成本參考：2.8 折來回約 0.38%、全額約 0.585%）；交易方法狀態未知（全額交割、變更交易方法、停止信用交易的來源未提供）；容量以 s 日 vol20 估計，未模擬開盤競價量與滑價；不可交易，僅觀察,未扣成本·事後欄位以 m_ 標示·非投資建議
HC,1,2026-03-11,2026-03-12,3064,泰偉,TPEx,W,W_atr14@3,2,524,0.092581,,0,0,1,0.313,-2.821,-6.897,11.75,,不適用,0.0,0.0,883,inf,250.0,official_prepanel,small,18.0,0,可交易（DK_s＝0）,未扣成本（成本參考：2.8 折來回約 0.38%、全額約 0.585%）；交易方法狀態未知（全額交割、變更交易方法、停止信用交易的來源未提供）；容量以 s 日 vol20 估計，未模擬開盤競價量與滑價；不可交易，僅觀察,未扣成本·事後欄位以 m_ 標示·非投資建議
HC,1,2026-03-11,2026-03-12,6934,心誠鎂,TWSE,W,W_atr14@3,1,524,0.11385,,0,0,1,-3.902,0.0,-8.659,466.7,,不適用,0.0,2.0,20,20.0,20.0,official,small,127.0,0,可交易（DK_s＝0）,未扣成本（成本參考：2.8 折來回約 0.38%、全額約 0.585%）；交易方法狀態未知（全額交割、變更交易方法、停止信用交易的來源未提供）；容量以 s 日 vol20 估計，未模擬開盤競價量與滑價；不可交易，僅觀察,未扣成本·事後欄位以 m_ 標示·非投資建議
HC,1,2026-03-11,2026-03-12,8087,麗升能源,TPEx,W,W_atr14@3,3,524,0.089679,,0,0,1,-4.258,0.147,0.147,125.8,,不適用,0.0,0.0,883,inf,250.0,official_prepanel,small,89.0,0,可交易（DK_s＝0）,未扣成本（成本參考：2.8 折來回約 0.38%、全額約 0.585%）；交易方法狀態未知（全額交割、變更交易方法、停止信用交易的來源未提供）；容量以 s 日 vol20 估計，未模擬開盤競價量與滑價；不可交易，僅觀察,未扣成本·事後欄位以 m_ 標示·非投資建議
HC,1,2026-03-12,2026-03-13,3064,泰偉,TPEx,W,W_atr14@3,3,522,0.094643,,0,0,1,2.901,-3.359,-18.168,12.55,,不適用,0.0,0.0,884,inf,250.0,official_prepanel,small,4.0,0,可交易（DK_s＝0）,未扣成本（成本參考：2.8 折來回約 0.38%、全額約 0.585%）；交易方法狀態未知（全額交割、變更交易方法、停止信用交易的來源未提供）；容量以 s 日 vol20 估計，未模擬開盤競價量與滑價；不可交易，僅觀察,未扣成本·事後欄位以 m_ 標示·非投資建議
HC,1,2026-03-12,2026-03-13,6934,心誠鎂,TWSE,W,W_atr14@3,2,522,0.113579,,0,0,1,0.635,0.254,-9.01,411.4,,不適用,0.0,2.0,21,21.0,21.0,official,small,166.0,0,可交易（DK_s＝0）,未扣成本（成本參考：2.8 折來回約 0.38%、全額約 0.585%）；交易方法狀態未知（全額交割、變更交易方法、停止信用交易的來源未提供）；容量以 s 日 vol20 估計，未模擬開盤競價量與滑價；不可交易，僅觀察,未扣成本·事後欄位以 m_ 標示·非投資建議
HC,1,2026-03-12,2026-03-13,7717,萊德光電-KY,TPEx,W,W_atr14@3,1,522,0.125371,,0,0,1,0.334,14.548,17.224,420.2,,不適用,1.0,4.0,74,74.0,74.0,official,mid,130.0,1,處置中・交易規則另案登錄（DK_s＝1）,未扣成本（成本參考：2.8 折來回約 0.38%、全額約 0.585%）；交易方法狀態未知（全額交割、變更交易方法、停止信用交易的來源未提供）；容量以 s 日 vol20 估計，未模擬開盤競價量與滑價；不可交易，僅觀察,未扣成本·事後欄位以 m_ 標示·非投資建議
HC,1,2026-03-13,2026-03-16,4991,環宇-KY,TPEx,W,W_atr14@3,3,527,0.094053,,0,0,1,0.732,25.037,30.6,4283.2,,不適用,1.0,0.0,885,inf,250.0,official_prepanel,large,826.0,1,處置中・交易規則另案登錄（DK_s＝1）,未扣成本（成本參考：2.8 折來回約 0.38%、全額約 0.585%）；交易方法狀態未知（全額交割、變更交易方法、停止信用交易的來源未提供）；容量以 s 日 vol20 估計，未模擬開盤競價量與滑價；不可交易，僅觀察,未扣成本·事後欄位以 m_ 標示·非投資建議
HC,1,2026-03-13,2026-03-16,6934,心誠鎂,TWSE,W,W_atr14@3,2,527,0.108089,,0,0,1,6.599,1.523,-7.36,366.3,,不適用,0.0,2.0,22,22.0,22.0,official,small,168.0,0,可交易（DK_s＝0）,未扣成本（成本參考：2.8 折來回約 0.38%、全額約 0.585%）；交易方法狀態未知（全額交割、變更交易方法、停止信用交易的來源未提供）；容量以 s 日 vol20 估計，未模擬開盤競價量與滑價；不可交易，僅觀察,未扣成本·事後欄位以 m_ 標示·非投資建議
HC,1,2026-03-13,2026-03-16,7717,萊德光電-KY,TPEx,W,W_atr14@3,1,527,0.129524,,0,0,1,2.419,15.161,24.355,420.1,,不適用,1.0,3.0,75,75.0,75.0,official,mid,169.0,1,處置中・交易規則另案登錄（DK_s＝1）,未扣成本（成本參考：2.8 折來回約 0.38%、全額約 0.585%）；交易方法狀態未知（全額交割、變更交易方法、停止信用交易的來源未提供）；容量以 s 日 vol20 估計，未模擬開盤競價量與滑價；不可交易，僅觀察,未扣成本·事後欄位以 m_ 標示·非投資建議
HC,1,2026-03-16,2026-03-17,3064,泰偉,TPEx,W,W_atr14@3,3,513,0.096694,,0,0,1,-8.321,-13.577,-18.832,12.85,,不適用,0.0,1.0,886,inf,250.0,official_prepanel,small,25.0,0,可交易（DK_s＝0）,未扣成本（成本參考：2.8 折來回約 0.38%、全額約 0.585%）；交易方法狀態未知（全額交割、變更交易方法、停止信用交易的來源未提供）；容量以 s 日 vol20 估計，未模擬開盤競價量與滑價；不可交易，僅觀察,未扣成本·事後欄位以 m_ 標示·非投資建議
HC,1,2026-03-16,2026-03-17,6934,心誠鎂,TWSE,W,W_atr14@3,2,513,0.097024,,0,0,1,-1.667,-7.381,-16.19,334.95,,不適用,0.0,2.0,23,23.0,23.0,official,small,95.0,0,可交易（DK_s＝0）,未扣成本（成本參考：2.8 折來回約 0.38%、全額約 0.585%）；交易方法狀態未知（全額交割、變更交易方法、停止信用交易的來源未提供）；容量以 s 日 vol20 估計，未模擬開盤競價量與滑價；不可交易，僅觀察,未扣成本·事後欄位以 m_ 標示·非投資建議
HC,1,2026-03-16,2026-03-17,7717,萊德光電-KY,TPEx,W,W_atr14@3,1,513,0.119235,,0,0,1,-1.161,-6.676,6.386,415.2,,不適用,1.0,3.0,76,76.0,76.0,official,mid,282.0,1,處置中・交易規則另案登錄（DK_s＝1）,未扣成本（成本參考：2.8 折來回約 0.38%、全額約 0.585%）；交易方法狀態未知（全額交割、變更交易方法、停止信用交易的來源未提供）；容量以 s 日 vol20 估計，未模擬開盤競價量與滑價；不可交易，僅觀察,未扣成本·事後欄位以 m_ 標示·非投資建議
HC,1,2026-03-17,2026-03-18,3064,泰偉,TPEx,W,W_atr14@3,1,518,0.113285,,0,0,1,0.0,-4.516,-10.968,14.0,,不適用,0.0,1.0,887,inf,250.0,official_prepanel,small,5.0,0,可交易（DK_s＝0）,未扣成本（成本參考：2.8 折來回約 0.38%、全額約 0.585%）；交易方法狀態未知（全額交割、變更交易方法、停止信用交易的來源未提供）；容量以 s 日 vol20 估計，未模擬開盤競價量與滑價；不可交易，僅觀察,未扣成本·事後欄位以 m_ 標示·非投資建議
HC,1,2026-03-17,2026-03-18,4991,環宇-KY,TPEx,W,W_atr14@3,3,518,0.100866,,1,0,1,6.156,19.369,17.117,2776.5,,不適用,1.0,0.0,887,inf,250.0,official_prepanel,large,9276.0,0,處置中・交易規則另案登錄（DK_s＝1）,未扣成本（成本參考：2.8 折來回約 0.38%、全額約 0.585%）；交易方法狀態未知（全額交割、變更交易方法、停止信用交易的來源未提供）；容量以 s 日 vol20 估計，未模擬開盤競價量與滑價；不可交易，僅觀察,未扣成本·事後欄位以 m_ 標示·非投資建議
HC,1,2026-03-17,2026-03-18,7717,萊德光電-KY,TPEx,W,W_atr14@3,2,518,0.110552,,0,0,1,-1.989,-17.614,-6.25,421.7,,不適用,1.0,2.0,77,77.0,77.0,official,mid,164.0,1,處置中・交易規則另案登錄（DK_s＝1）,未扣成本（成本參考：2.8 折來回約 0.38%、全額約 0.585%）；交易方法狀態未知（全額交割、變更交易方法、停止信用交易的來源未提供）；容量以 s 日 vol20 估計，未模擬開盤競價量與滑價；不可交易，僅觀察,未扣成本·事後欄位以 m_ 標示·非投資建議
HC,1,2026-03-18,2026-03-19,3064,泰偉,TPEx,W,W_atr14@3,1,513,0.116935,,0,0,1,-0.784,-6.897,-15.204,14.2,,不適用,0.0,1.0,888,inf,250.0,official_prepanel,small,4.0,0,可交易（DK_s＝0）,未扣成本（成本參考：2.8 折來回約 0.38%、全額約 0.585%）；交易方法狀態未知（全額交割、變更交易方法、停止信用交易的來源未提供）；容量以 s 日 vol20 估計，未模擬開盤競價量與滑價；不可交易，僅觀察,未扣成本·事後欄位以 m_ 標示·非投資建議
HC,1,2026-03-18,2026-03-19,6934,心誠鎂,TWSE,W,W_atr14@3,3,513,0.091899,,0,0,1,-3.659,-8.659,3.78,305.45,,不適用,0.0,0.0,25,25.0,25.0,official,small,109.0,0,可交易（DK_s＝0）,未扣成本（成本參考：2.8 折來回約 0.38%、全額約 0.585%）；交易方法狀態未知（全額交割、變更交易方法、停止信用交易的來源未提供）；容量以 s 日 vol20 估計，未模擬開盤競價量與滑價；不可交易，僅觀察,未扣成本·事後欄位以 m_ 標示·非投資建議
HC,1,2026-03-18,2026-03-19,7717,萊德光電-KY,TPEx,W,W_atr14@3,2,513,0.105072,,0,0,1,-0.436,-7.267,5.523,422.8,,不適用,1.0,2.0,78,78.0,78.0,official,mid,98.0,1,處置中・交易規則另案登錄（DK_s＝1）,未扣成本（成本參考：2.8 折來回約 0.38%、全額約 0.585%）；交易方法狀態未知（全額交割、變更交易方法、停止信用交易的來源未提供）；容量以 s 日 vol20 估計，未模擬開盤競價量與滑價；不可交易，僅觀察,未扣成本·事後欄位以 m_ 標示·非投資建議
HC,1,2026-03-19,2026-03-20,3064,泰偉,TPEx,W,W_atr14@3,1,506,0.116227,,0,0,1,-9.546,-16.119,-23.787,14.15,,不適用,0.0,1.0,889,inf,250.0,official_prepanel,small,5.0,0,可交易（DK_s＝0）,未扣成本（成本參考：2.8 折來回約 0.38%、全額約 0.585%）；交易方法狀態未知（全額交割、變更交易方法、停止信用交易的來源未提供）；容量以 s 日 vol20 估計，未模擬開盤競價量與滑價；不可交易，僅觀察,未扣成本·事後欄位以 m_ 標示·非投資建議
HC,1,2026-03-19,2026-03-20,6934,心誠鎂,TWSE,W,W_atr14@3,3,506,0.088156,,0,0,1,1.266,-9.241,5.19,295.9,,不適用,0.0,0.0,26,26.0,26.0,official,small,210.0,0,可交易（DK_s＝0）,未扣成本（成本參考：2.8 折來回約 0.38%、全額約 0.585%）；交易方法狀態未知（全額交割、變更交易方法、停止信用交易的來源未提供）；容量以 s 日 vol20 估計，未模擬開盤競價量與滑價；不可交易，僅觀察,未扣成本·事後欄位以 m_ 標示·非投資建議
HC,1,2026-03-19,2026-03-20,7717,萊德光電-KY,TPEx,W,W_atr14@3,2,506,0.100834,,0,0,1,1.709,-0.142,4.131,423.3,,不適用,1.0,1.0,79,79.0,79.0,official,mid,148.0,1,處置中・交易規則另案登錄（DK_s＝1）,未扣成本（成本參考：2.8 折來回約 0.38%、全額約 0.585%）；交易方法狀態未知（全額交割、變更交易方法、停止信用交易的來源未提供）；容量以 s 日 vol20 估計，未模擬開盤競價量與滑價；不可交易，僅觀察,未扣成本·事後欄位以 m_ 標示·非投資建議
HC,1,2026-03-20,2026-03-23,3064,泰偉,TPEx,W,W_atr14@3,1,503,0.123085,,0,0,1,2.245,-8.463,-24.18,13.9,,不適用,0.0,0.0,890,inf,250.0,official_prepanel,small,10.0,0,可交易（DK_s＝0）,未扣成本（成本參考：2.8 折來回約 0.38%、全額約 0.585%）；交易方法狀態未知（全額交割、變更交易方法、停止信用交易的來源未提供）；容量以 s 日 vol20 估計，未模擬開盤競價量與滑價；不可交易，僅觀察,未扣成本·事後欄位以 m_ 標示·非投資建議
HC,1,2026-03-20,2026-03-23,6225,天瀚,TWSE,W,W_atr14@3,2,503,0.087705,,0,1,0,-7.847,-17.505,-21.127,31.0,,不適用,0.0,0.0,890,inf,250.0,official_prepanel,small,15.0,0,可交易（DK_s＝0）,未扣成本（成本參考：2.8 折來回約 0.38%、全額約 0.585%）；交易方法狀態未知（全額交割、變更交易方法、停止信用交易的來源未提供）；容量以 s 日 vol20 估計，未模擬開盤競價量與滑價；不可交易，僅觀察,未扣成本·事後欄位以 m_ 標示·非投資建議
HC,1,2026-03-20,2026-03-23,7717,萊德光電-KY,TPEx,W,W_atr14@3,3,503,0.087435,,0,0,1,-4.315,14.732,19.048,423.55,,不適用,1.0,1.0,80,80.0,80.0,official,mid,141.0,1,處置中・交易規則另案登錄（DK_s＝1）,未扣成本（成本參考：2.8 折來回約 0.38%、全額約 0.585%）；交易方法狀態未知（全額交割、變更交易方法、停止信用交易的來源未提供）；容量以 s 日 vol20 估計，未模擬開盤競價量與滑價；不可交易，僅觀察,未扣成本·事後欄位以 m_ 標示·非投資建議
HC,1,2026-03-23,2026-03-24,3064,泰偉,TPEx,W,W_atr14@3,1,509,0.116433,,0,0,1,0.0,-6.081,-22.635,14.35,,不適用,0.0,0.0,891,inf,250.0,official_prepanel,small,1.0,0,可交易（DK_s＝0）,未扣成本（成本參考：2.8 折來回約 0.38%、全額約 0.585%）；交易方法狀態未知（全額交割、變更交易方法、停止信用交易的來源未提供）；容量以 s 日 vol20 估計，未模擬開盤競價量與滑價；不可交易，僅觀察,未扣成本·事後欄位以 m_ 標示·非投資建議
HC,1,2026-03-23,2026-03-24,4991,環宇-KY,TPEx,W,W_atr14@3,3,509,0.092579,,0,0,1,-4.217,3.614,24.578,4019.1,,不適用,0.0,2.0,891,inf,250.0,official_prepanel,large,21674.0,0,可交易（DK_s＝0）,未扣成本（成本參考：2.8 折來回約 0.38%、全額約 0.585%）；交易方法狀態未知（全額交割、變更交易方法、停止信用交易的來源未提供）；容量以 s 日 vol20 估計，未模擬開盤競價量與滑價；不可交易，僅觀察,未扣成本·事後欄位以 m_ 標示·非投資建議
HC,1,2026-03-23,2026-03-24,7717,萊德光電-KY,TPEx,W,W_atr14@3,2,509,0.095201,,0,0,1,-13.174,9.731,31.437,420.0,,不適用,1.0,1.0,81,81.0,81.0,official,mid,162.0,1,處置中・交易規則另案登錄（DK_s＝1）,未扣成本（成本參考：2.8 折來回約 0.38%、全額約 0.585%）；交易方法狀態未知（全額交割、變更交易方法、停止信用交易的來源未提供）；容量以 s 日 vol20 估計，未模擬開盤競價量與滑價；不可交易，僅觀察,未扣成本·事後欄位以 m_ 標示·非投資建議
HC,1,2026-03-24,2026-03-25,3064,泰偉,TPEx,W,W_atr14@3,2,505,0.102799,,0,0,1,-2.941,-9.804,-32.516,14.3,,不適用,0.0,0.0,892,inf,250.0,official_prepanel,small,5.0,0,可交易（DK_s＝0）,未扣成本（成本參考：2.8 折來回約 0.38%、全額約 0.585%）；交易方法狀態未知（全額交割、變更交易方法、停止信用交易的來源未提供）；容量以 s 日 vol20 估計，未模擬開盤競價量與滑價；不可交易，僅觀察,未扣成本·事後欄位以 m_ 標示·非投資建議
HC,1,2026-03-24,2026-03-25,6907,雅特力-KY,TPEx,W,W_atr14@3,3,505,0.098241,,0,0,1,7.724,-13.415,-3.252,971.25,,不適用,1.0,4.0,31,31.0,31.0,official,mid,1278.0,1,處置中・交易規則另案登錄（DK_s＝1）,未扣成本（成本參考：2.8 折來回約 0.38%、全額約 0.585%）；交易方法狀態未知（全額交割、變更交易方法、停止信用交易的來源未提供）；容量以 s 日 vol20 估計，未模擬開盤競價量與滑價；不可交易，僅觀察,未扣成本·事後欄位以 m_ 標示·非投資建議
HC,1,2026-03-24,2026-03-25,7717,萊德光電-KY,TPEx,W,W_atr14@3,1,505,0.10665,,1,0,1,3.236,6.796,45.631,382.4,,不適用,1.0,1.0,82,82.0,82.0,official,mid,100.0,1,處置中・交易規則另案登錄（DK_s＝1）,未扣成本（成本參考：2.8 折來回約 0.38%、全額約 0.585%）；交易方法狀態未知（全額交割、變更交易方法、停止信用交易的來源未提供）；容量以 s 日 vol20 估計，未模擬開盤競價量與滑價；不可交易，僅觀察,未扣成本·事後欄位以 m_ 標示·非投資建議
HC,1,2026-03-25,2026-03-26,3064,泰偉,TPEx,W,W_atr14@3,2,511,0.094757,,0,0,1,-4.456,-3.565,-30.125,14.5,,不適用,0.0,0.0,893,inf,250.0,official_prepanel,small,21.0,0,可交易（DK_s＝0）,未扣成本（成本參考：2.8 折來回約 0.38%、全額約 0.585%）；交易方法狀態未知（全額交割、變更交易方法、停止信用交易的來源未提供）；容量以 s 日 vol20 估計，未模擬開盤競價量與滑價；不可交易，僅觀察,未扣成本·事後欄位以 m_ 標示·非投資建議
HC,1,2026-03-25,2026-03-26,6225,天瀚,TWSE,W,W_atr14@3,3,511,0.086759,,0,0,1,-3.302,-9.906,-11.321,30.2,,不適用,0.0,0.0,893,inf,250.0,official_prepanel,small,19.0,0,可交易（DK_s＝0）,未扣成本（成本參考：2.8 折來回約 0.38%、全額約 0.585%）；交易方法狀態未知（全額交割、變更交易方法、停止信用交易的來源未提供）；容量以 s 日 vol20 估計，未模擬開盤競價量與滑價；不可交易，僅觀察,未扣成本·事後欄位以 m_ 標示·非投資建議
HC,1,2026-03-25,2026-03-26,6907,雅特力-KY,TPEx,W,W_atr14@3,1,511,0.096873,,0,0,1,-6.767,-18.045,-8.647,968.5,,不適用,1.0,4.0,32,32.0,32.0,official,mid,503.0,1,處置中・交易規則另案登錄（DK_s＝1）,未扣成本（成本參考：2.8 折來回約 0.38%、全額約 0.585%）；交易方法狀態未知（全額交割、變更交易方法、停止信用交易的來源未提供）；容量以 s 日 vol20 估計，未模擬開盤競價量與滑價；不可交易，僅觀察,未扣成本·事後欄位以 m_ 標示·非投資建議
HC,1,2026-03-26,2026-03-27,3064,泰偉,TPEx,W,W_atr14@3,2,507,0.097281,,0,0,1,-3.108,-10.969,,15.45,,不適用,0.0,0.0,894,inf,250.0,official_prepanel,small,3.0,0,可交易（DK_s＝0）,未扣成本（成本參考：2.8 折來回約 0.38%、全額約 0.585%）；交易方法狀態未知（全額交割、變更交易方法、停止信用交易的來源未提供）；容量以 s 日 vol20 估計，未模擬開盤競價量與滑價；不可交易，僅觀察,未扣成本·事後欄位以 m_ 標示·非投資建議
HC,1,2026-03-26,2026-03-27,6225,天瀚,TWSE,W,W_atr14@3,3,507,0.08554,,0,0,1,-2.148,-7.399,-9.547,28.2,,不適用,0.0,0.0,894,inf,250.0,official_prepanel,small,42.0,0,可交易（DK_s＝0）,未扣成本（成本參考：2.8 折來回約 0.38%、全額約 0.585%）；交易方法狀態未知（全額交割、變更交易方法、停止信用交易的來源未提供）；容量以 s 日 vol20 估計，未模擬開盤競價量與滑價；不可交易，僅觀察,未扣成本·事後欄位以 m_ 標示·非投資建議
HC,1,2026-03-26,2026-03-27,6907,雅特力-KY,TPEx,W,W_atr14@3,1,507,0.106106,,0,0,1,-4.132,-18.843,1.653,950.45,,不適用,1.0,3.0,33,33.0,33.0,official,mid,787.0,1,處置中・交易規則另案登錄（DK_s＝1）,未扣成本（成本參考：2.8 折來回約 0.38%、全額約 0.585%）；交易方法狀態未知（全額交割、變更交易方法、停止信用交易的來源未提供）；容量以 s 日 vol20 估計，未模擬開盤競價量與滑價；不可交易，僅觀察,未扣成本·事後欄位以 m_ 標示·非投資建議
HC,1,2026-03-27,2026-03-30,3064,泰偉,TPEx,W,W_atr14@3,2,493,0.089757,,0,0,1,1.46,-19.891,,15.5,,不適用,0.0,0.0,895,inf,250.0,official_prepanel,small,27.0,0,可交易（DK_s＝0）,未扣成本（成本參考：2.8 折來回約 0.38%、全額約 0.585%）；交易方法狀態未知（全額交割、變更交易方法、停止信用交易的來源未提供）；容量以 s 日 vol20 估計，未模擬開盤競價量與滑價；不可交易，僅觀察,未扣成本·事後欄位以 m_ 標示·非投資建議
HC,1,2026-03-27,2026-03-30,4991,環宇-KY,TPEx,W,W_atr14@3,3,493,0.08368,,0,0,1,4.369,14.199,50.728,5845.15,,不適用,1.0,5.0,895,inf,250.0,official_prepanel,large,909.0,1,處置中・交易規則另案登錄（DK_s＝1）,未扣成本（成本參考：2.8 折來回約 0.38%、全額約 0.585%）；交易方法狀態未知（全額交割、變更交易方法、停止信用交易的來源未提供）；容量以 s 日 vol20 估計，未模擬開盤競價量與滑價；不可交易，僅觀察,未扣成本·事後欄位以 m_ 標示·非投資建議
HC,1,2026-03-27,2026-03-30,6907,雅特力-KY,TPEx,W,W_atr14@3,1,493,0.111576,,0,0,1,3.509,-5.263,11.842,846.2,,不適用,1.0,2.0,34,34.0,34.0,official,small,558.0,1,處置中・交易規則另案登錄（DK_s＝1）,未扣成本（成本參考：2.8 折來回約 0.38%、全額約 0.585%）；交易方法狀態未知（全額交割、變更交易方法、停止信用交易的來源未提供）；容量以 s 日 vol20 估計，未模擬開盤競價量與滑價；不可交易，僅觀察,未扣成本·事後欄位以 m_ 標示·非投資建議
HC,1,2026-03-30,2026-03-31,3555,博士旺,TPEx,W,W_atr14@3,1,508,0.11452,,0,0,1,0.676,22.635,45.27,275.85,,不適用,1.0,1.0,896,inf,250.0,official_prepanel,small,100.0,1,處置中・交易規則另案登錄（DK_s＝1）,未扣成本（成本參考：2.8 折來回約 0.38%、全額約 0.585%）；交易方法狀態未知（全額交割、變更交易方法、停止信用交易的來源未提供）；容量以 s 日 vol20 估計，未模擬開盤競價量與滑價；不可交易，僅觀察,未扣成本·事後欄位以 m_ 標示·非投資建議
HC,1,2026-03-30,2026-03-31,6225,天瀚,TWSE,W,W_atr14@3,3,508,0.086973,,0,0,1,5.618,13.202,2.809,28.6,,不適用,0.0,0.0,896,inf,250.0,official_prepanel,small,5.0,0,可交易（DK_s＝0）,未扣成本（成本參考：2.8 折來回約 0.38%、全額約 0.585%）；交易方法狀態未知（全額交割、變更交易方法、停止信用交易的來源未提供）；容量以 s 日 vol20 估計，未模擬開盤競價量與滑價；不可交易，僅觀察,未扣成本·事後欄位以 m_ 標示·非投資建議
HC,1,2026-03-30,2026-03-31,6907,雅特力-KY,TPEx,W,W_atr14@3,2,508,0.109262,,0,0,1,-6.987,3.493,17.904,808.8,,不適用,1.0,2.0,35,35.0,35.0,official,mid,427.0,1,處置中・交易規則另案登錄（DK_s＝1）,未扣成本（成本參考：2.8 折來回約 0.38%、全額約 0.585%）；交易方法狀態未知（全額交割、變更交易方法、停止信用交易的來源未提供）；容量以 s 日 vol20 估計，未模擬開盤競價量與滑價；不可交易，僅觀察,未扣成本·事後欄位以 m_ 標示·非投資建議
HC,1,2026-03-31,2026-04-01,3555,博士旺,TPEx,W,W_atr14@3,2,523,0.113615,,0,0,1,0.0,13.057,50.637,257.15,,不適用,1.0,1.0,897,inf,250.0,official_prepanel,small,122.0,1,處置中・交易規則另案登錄（DK_s＝1）,未扣成本（成本參考：2.8 折來回約 0.38%、全額約 0.585%）；交易方法狀態未知（全額交割、變更交易方法、停止信用交易的來源未提供）；容量以 s 日 vol20 估計，未模擬開盤競價量與滑價；不可交易，僅觀察,未扣成本·事後欄位以 m_ 標示·非投資建議
HC,1,2026-03-31,2026-04-01,4991,環宇-KY,TPEx,W,W_atr14@3,3,523,0.097344,,0,0,1,1.205,25.542,44.578,5772.2,,不適用,1.0,3.0,897,inf,250.0,official_prepanel,large,494.0,1,處置中・交易規則另案登錄（DK_s＝1）,未扣成本（成本參考：2.8 折來回約 0.38%、全額約 0.585%）；交易方法狀態未知（全額交割、變更交易方法、停止信用交易的來源未提供）；容量以 s 日 vol20 估計，未模擬開盤競價量與滑價；不可交易，僅觀察,未扣成本·事後欄位以 m_ 標示·非投資建議
HC,1,2026-03-31,2026-04-01,6907,雅特力-KY,TPEx,W,W_atr14@3,1,523,0.125084,,0,0,1,0.0,9.174,30.275,813.7,,不適用,1.0,2.0,36,36.0,36.0,official,small,575.0,1,處置中・交易規則另案登錄（DK_s＝1）,未扣成本（成本參考：2.8 折來回約 0.38%、全額約 0.585%）；交易方法狀態未知（全額交割、變更交易方法、停止信用交易的來源未提供）；容量以 s 日 vol20 估計，未模擬開盤競價量與滑價；不可交易，僅觀察,未扣成本·事後欄位以 m_ 標示·非投資建議
HC,2,2026-04-01,2026-04-02,3555,博士旺,TPEx,W,W_atr14@3,2,537,0.106915,,0,0,1,-3.846,25.0,66.667,240.35,,不適用,1.0,1.0,898,inf,250.0,official_prepanel,small,107.0,1,處置中・交易規則另案登錄（DK_s＝1）,未扣成本（成本參考：2.8 折來回約 0.38%、全額約 0.585%）；交易方法狀態未知（全額交割、變更交易方法、停止信用交易的來源未提供）；容量以 s 日 vol20 估計，未模擬開盤競價量與滑價；不可交易，僅觀察,未扣成本·事後欄位以 m_ 標示·非投資建議
HC,2,2026-04-01,2026-04-02,4991,環宇-KY,TPEx,W,W_atr14@3,3,537,0.093452,,0,0,1,0.578,27.63,52.601,5736.6,,不適用,1.0,2.0,898,inf,250.0,official_prepanel,large,977.0,1,處置中・交易規則另案登錄（DK_s＝1）,未扣成本（成本參考：2.8 折來回約 0.38%、全額約 0.585%）；交易方法狀態未知（全額交割、變更交易方法、停止信用交易的來源未提供）；容量以 s 日 vol20 估計，未模擬開盤競價量與滑價；不可交易，僅觀察,未扣成本·事後欄位以 m_ 標示·非投資建議
HC,2,2026-04-01,2026-04-02,6907,雅特力-KY,TPEx,W,W_atr14@3,1,537,0.119921,,0,0,1,-9.908,11.468,18.349,808.25,,不適用,1.0,3.0,37,37.0,37.0,official,small,601.0,1,處置中・交易規則另案登錄（DK_s＝1）,未扣成本（成本參考：2.8 折來回約 0.38%、全額約 0.585%）；交易方法狀態未知（全額交割、變更交易方法、停止信用交易的來源未提供）；容量以 s 日 vol20 估計，未模擬開盤競價量與滑價；不可交易，僅觀察,未扣成本·事後欄位以 m_ 標示·非投資建議
HC,2,2026-04-02,2026-04-07,3555,博士旺,TPEx,W,W_atr14@3,2,530,0.109524,,1,1,0,0.0,30.0,57.879,232.9,,不適用,1.0,1.0,899,inf,250.0,official_prepanel,small,88.0,0,處置中・交易規則另案登錄（DK_s＝1）,未扣成本（成本參考：2.8 折來回約 0.38%、全額約 0.585%）；交易方法狀態未知（全額交割、變更交易方法、停止信用交易的來源未提供）；容量以 s 日 vol20 估計，未模擬開盤競價量與滑價；不可交易，僅觀察,未扣成本·事後欄位以 m_ 標示·非投資建議
HC,2,2026-04-02,2026-04-07,6907,雅特力-KY,TPEx,W,W_atr14@3,1,530,0.133401,,1,0,1,7.463,22.388,15.92,774.55,,不適用,1.0,3.0,38,38.0,38.0,official,small,453.0,1,處置中・交易規則另案登錄（DK_s＝1）,未扣成本（成本參考：2.8 折來回約 0.38%、全額約 0.585%）；交易方法狀態未知（全額交割、變更交易方法、停止信用交易的來源未提供）；容量以 s 日 vol20 估計，未模擬開盤競價量與滑價；不可交易，僅觀察,未扣成本·事後欄位以 m_ 標示·非投資建議
HC,2,2026-04-02,2026-04-07,7795,長廣,TWSE,W,W_atr14@3,3,530,0.094574,,0,0,1,-0.608,14.894,33.131,811.2,,不適用,0.0,0.0,47,47.0,47.0,official,large,259.0,0,可交易（DK_s＝0）,未扣成本（成本參考：2.8 折來回約 0.38%、全額約 0.585%）；交易方法狀態未知（全額交割、變更交易方法、停止信用交易的來源未提供）；容量以 s 日 vol20 估計，未模擬開盤競價量與滑價；不可交易，僅觀察,未扣成本·事後欄位以 m_ 標示·非投資建議
HC,2,2026-04-07,2026-04-08,7795,長廣,TWSE,W,W_atr14@3,1,536,0.092071,,0,0,1,1.304,10.725,24.058,747.0,,不適用,0.0,0.0,48,48.0,48.0,official,large,388.0,0,可交易（DK_s＝0）,未扣成本（成本參考：2.8 折來回約 0.38%、全額約 0.585%）；交易方法狀態未知（全額交割、變更交易方法、停止信用交易的來源未提供）；容量以 s 日 vol20 估計，未模擬開盤競價量與滑價；不可交易，僅觀察,未扣成本·事後欄位以 m_ 標示·非投資建議
HC,2,2026-04-07,2026-04-08,7810,捷創科技,TPEx,W,W_atr14@3,3,536,0.086442,,0,0,1,1.255,5.439,1.255,487.75,,不適用,0.0,1.0,64,64.0,64.0,official,small,236.0,0,可交易（DK_s＝0）,未扣成本（成本參考：2.8 折來回約 0.38%、全額約 0.585%）；交易方法狀態未知（全額交割、變更交易方法、停止信用交易的來源未提供）；容量以 s 日 vol20 估計，未模擬開盤競價量與滑價；不可交易，僅觀察,未扣成本·事後欄位以 m_ 標示·非投資建議
HC,2,2026-04-07,2026-04-08,9929,秋雨,TWSE,W,W_atr14@3,2,536,0.091102,,0,0,1,3.782,2.521,3.361,106.05,,不適用,0.0,0.0,900,inf,250.0,official_prepanel,small,32.0,0,可交易（DK_s＝0）,未扣成本（成本參考：2.8 折來回約 0.38%、全額約 0.585%）；交易方法狀態未知（全額交割、變更交易方法、停止信用交易的來源未提供）；容量以 s 日 vol20 估計，未模擬開盤競價量與滑價；不可交易，僅觀察,未扣成本·事後欄位以 m_ 標示·非投資建議
HC,2,2026-04-08,2026-04-09,2314,台揚,TWSE,W,W_atr14@3,1,548,0.085663,,0,0,1,0.0,9.639,27.711,578.0,,不適用,0.0,0.0,901,inf,250.0,official_prepanel,small,574.0,0,可交易（DK_s＝0）,未扣成本（成本參考：2.8 折來回約 0.38%、全額約 0.585%）；交易方法狀態未知（全額交割、變更交易方法、停止信用交易的來源未提供）；容量以 s 日 vol20 估計，未模擬開盤競價量與滑價；不可交易，僅觀察,未扣成本·事後欄位以 m_ 標示·非投資建議
HC,2,2026-04-08,2026-04-09,4905,台聯電,TPEx,W,W_atr14@3,3,548,0.081548,,0,0,1,0.119,0.833,14.643,83.4,,不適用,1.0,0.0,901,inf,250.0,official_prepanel,small,49.0,1,處置中・交易規則另案登錄（DK_s＝1）,未扣成本（成本參考：2.8 折來回約 0.38%、全額約 0.585%）；交易方法狀態未知（全額交割、變更交易方法、停止信用交易的來源未提供）；容量以 s 日 vol20 估計，未模擬開盤競價量與滑價；不可交易，僅觀察,未扣成本·事後欄位以 m_ 標示·非投資建議
HC,2,2026-04-08,2026-04-09,7795,長廣,TWSE,W,W_atr14@3,2,548,0.085224,,0,0,1,0.287,15.759,20.63,734.35,,不適用,0.0,0.0,49,49.0,49.0,official,large,415.0,0,可交易（DK_s＝0）,未扣成本（成本參考：2.8 折來回約 0.38%、全額約 0.585%）；交易方法狀態未知（全額交割、變更交易方法、停止信用交易的來源未提供）；容量以 s 日 vol20 估計，未模擬開盤競價量與滑價；不可交易，僅觀察,未扣成本·事後欄位以 m_ 標示·非投資建議
HC,2,2026-04-09,2026-04-10,3555,博士旺,TPEx,W,W_atr14@3,2,557,0.094769,,1,0,1,9.859,33.239,28.451,264.1,,不適用,0.0,0.0,902,inf,250.0,official_prepanel,small,640.0,0,可交易（DK_s＝0）,未扣成本（成本參考：2.8 折來回約 0.38%、全額約 0.585%）；交易方法狀態未知（全額交割、變更交易方法、停止信用交易的來源未提供）；容量以 s 日 vol20 估計，未模擬開盤競價量與滑價；不可交易，僅觀察,未扣成本·事後欄位以 m_ 標示·非投資建議
HC,2,2026-04-09,2026-04-10,4804,,TPEx,W,W_atr14@3,3,557,0.091989,,0,0,1,-2.419,,,166.65,,不適用,0.0,0.0,902,inf,250.0,official_prepanel,small,405.0,0,可交易（DK_s＝0）,未扣成本（成本參考：2.8 折來回約 0.38%、全額約 0.585%）；交易方法狀態未知（全額交割、變更交易方法、停止信用交易的來源未提供）；容量以 s 日 vol20 估計，未模擬開盤競價量與滑價；不可交易，僅觀察,未扣成本·事後欄位以 m_ 標示·非投資建議
HC,2,2026-04-09,2026-04-10,6907,雅特力-KY,TPEx,W,W_atr14@3,1,557,0.103061,,0,0,1,-1.22,15.447,13.821,752.95,,不適用,1.0,1.0,41,41.0,41.0,official,mid,342.0,1,處置中・交易規則另案登錄（DK_s＝1）,未扣成本（成本參考：2.8 折來回約 0.38%、全額約 0.585%）；交易方法狀態未知（全額交割、變更交易方法、停止信用交易的來源未提供）；容量以 s 日 vol20 估計，未模擬開盤競價量與滑價；不可交易，僅觀察,未扣成本·事後欄位以 m_ 標示·非投資建議
HC,2,2026-04-10,2026-04-13,3064,泰偉,TPEx,W,W_atr14@3,3,553,0.093841,,0,0,0,,,,12.1,,不適用,0.0,0.0,903,inf,250.0,official_prepanel,small,,0,可交易（DK_s＝0）,未扣成本（成本參考：2.8 折來回約 0.38%、全額約 0.585%）；交易方法狀態未知（全額交割、變更交易方法、停止信用交易的來源未提供）；容量以 s 日 vol20 估計，未模擬開盤競價量與滑價；不可交易，僅觀察,未扣成本·事後欄位以 m_ 標示·非投資建議
HC,2,2026-04-10,2026-04-13,4804,,TPEx,W,W_atr14@3,1,553,0.109012,,0,0,1,0.0,,,178.05,,不適用,0.0,1.0,903,inf,250.0,official_prepanel,small,457.0,0,可交易（DK_s＝0）,未扣成本（成本參考：2.8 折來回約 0.38%、全額約 0.585%）；交易方法狀態未知（全額交割、變更交易方法、停止信用交易的來源未提供）；容量以 s 日 vol20 估計，未模擬開盤競價量與滑價；不可交易，僅觀察,未扣成本·事後欄位以 m_ 標示·非投資建議
HC,2,2026-04-10,2026-04-13,6907,雅特力-KY,TPEx,W,W_atr14@3,2,553,0.095944,,0,0,1,2.5,7.5,9.583,743.1,,不適用,1.0,0.0,42,42.0,42.0,official,mid,263.0,1,處置中・交易規則另案登錄（DK_s＝1）,未扣成本（成本參考：2.8 折來回約 0.38%、全額約 0.585%）；交易方法狀態未知（全額交割、變更交易方法、停止信用交易的來源未提供）；容量以 s 日 vol20 估計，未模擬開盤競價量與滑價；不可交易，僅觀察,未扣成本·事後欄位以 m_ 標示·非投資建議
HC,2,2026-04-13,2026-04-14,2314,台揚,TWSE,W,W_atr14@3,2,546,0.090529,,0,0,1,-4.659,21.505,4.301,719.2,,不適用,0.0,2.0,904,inf,250.0,official_prepanel,small,712.0,0,可交易（DK_s＝0）,未扣成本（成本參考：2.8 折來回約 0.38%、全額約 0.585%）；交易方法狀態未知（全額交割、變更交易方法、停止信用交易的來源未提供）；容量以 s 日 vol20 估計，未模擬開盤競價量與滑價；不可交易，僅觀察,未扣成本·事後欄位以 m_ 標示·非投資建議
HC,2,2026-04-13,2026-04-14,4804,,TPEx,W,W_atr14@3,1,546,0.121232,,0,0,0,,,,197.9,,不適用,0.0,1.0,904,inf,250.0,official_prepanel,small,,0,可交易（DK_s＝0）,未扣成本（成本參考：2.8 折來回約 0.38%、全額約 0.585%）；交易方法狀態未知（全額交割、變更交易方法、停止信用交易的來源未提供）；容量以 s 日 vol20 估計，未模擬開盤競價量與滑價；不可交易，僅觀察,未扣成本·事後欄位以 m_ 標示·非投資建議
HC,2,2026-04-13,2026-04-14,6907,雅特力-KY,TPEx,W,W_atr14@3,3,546,0.085482,,0,0,1,0.791,-7.905,-5.138,731.75,,不適用,1.0,0.0,43,43.0,43.0,official,mid,539.0,1,處置中・交易規則另案登錄（DK_s＝1）,未扣成本（成本參考：2.8 折來回約 0.38%、全額約 0.585%）；交易方法狀態未知（全額交割、變更交易方法、停止信用交易的來源未提供）；容量以 s 日 vol20 估計，未模擬開盤競價量與滑價；不可交易，僅觀察,未扣成本·事後欄位以 m_ 標示·非投資建議
HC,2,2026-04-14,2026-04-15,2314,台揚,TWSE,W,W_atr14@3,2,560,0.093179,,0,0,1,1.866,17.164,6.716,733.4,,不適用,0.0,2.0,905,inf,250.0,official_prepanel,small,327.0,0,可交易（DK_s＝0）,未扣成本（成本參考：2.8 折來回約 0.38%、全額約 0.585%）；交易方法狀態未知（全額交割、變更交易方法、停止信用交易的來源未提供）；容量以 s 日 vol20 估計，未模擬開盤競價量與滑價；不可交易，僅觀察,未扣成本·事後欄位以 m_ 標示·非投資建議
HC,2,2026-04-14,2026-04-15,7717,萊德光電-KY,TPEx,W,W_atr14@3,3,560,0.079921,,0,0,1,-2.829,-5.55,-20.566,805.5,,不適用,0.0,2.0,95,95.0,95.0,official,mid,781.0,0,可交易（DK_s＝0）,未扣成本（成本參考：2.8 折來回約 0.38%、全額約 0.585%）；交易方法狀態未知（全額交割、變更交易方法、停止信用交易的來源未提供）；容量以 s 日 vol20 估計，未模擬開盤競價量與滑價；不可交易，僅觀察,未扣成本·事後欄位以 m_ 標示·非投資建議
HC,2,2026-04-14,2026-04-15,8444,綠河-KY,TPEx,W,W_atr14@3,1,560,0.097238,,0,0,1,11.349,7.066,10.921,90.25,,不適用,0.0,2.0,905,inf,250.0,official_prepanel,small,136.0,1,可交易（DK_s＝0）,未扣成本（成本參考：2.8 折來回約 0.38%、全額約 0.585%）；交易方法狀態未知（全額交割、變更交易方法、停止信用交易的來源未提供）；容量以 s 日 vol20 估計，未模擬開盤競價量與滑價；不可交易，僅觀察,未扣成本·事後欄位以 m_ 標示·非投資建議
HC,2,2026-04-15,2026-04-16,2314,台揚,TWSE,W,W_atr14@3,2,550,0.087912,,0,0,1,1.812,15.217,2.174,713.4,,不適用,0.0,2.0,906,inf,250.0,official_prepanel,small,342.0,0,可交易（DK_s＝0）,未扣成本（成本參考：2.8 折來回約 0.38%、全額約 0.585%）；交易方法狀態未知（全額交割、變更交易方法、停止信用交易的來源未提供）；容量以 s 日 vol20 估計，未模擬開盤競價量與滑價；不可交易，僅觀察,未扣成本·事後欄位以 m_ 標示·非投資建議
HC,2,2026-04-15,2026-04-16,4950,金耘國際,TPEx,W,W_atr14@3,3,550,0.081385,,0,0,1,1.818,-1.818,-0.909,43.05,,不適用,0.0,0.0,906,inf,250.0,official_prepanel,small,18.0,0,可交易（DK_s＝0）,未扣成本（成本參考：2.8 折來回約 0.38%、全額約 0.585%）；交易方法狀態未知（全額交割、變更交易方法、停止信用交易的來源未提供）；容量以 s 日 vol20 估計，未模擬開盤競價量與滑價；不可交易，僅觀察,未扣成本·事後欄位以 m_ 標示·非投資建議
HC,2,2026-04-15,2026-04-16,8444,綠河-KY,TPEx,W,W_atr14@3,1,550,0.100824,,0,0,1,2.119,0.193,9.634,95.7,,不適用,1.0,3.0,906,inf,250.0,official_prepanel,small,38.0,1,處置中・交易規則另案登錄（DK_s＝1）,未扣成本（成本參考：2.8 折來回約 0.38%、全額約 0.585%）；交易方法狀態未知（全額交割、變更交易方法、停止信用交易的來源未提供）；容量以 s 日 vol20 估計，未模擬開盤競價量與滑價；不可交易，僅觀察,未扣成本·事後欄位以 m_ 標示·非投資建議
HC,2,2026-04-16,2026-04-17,2314,台揚,TWSE,W,W_atr14@3,3,555,0.085663,,1,0,1,9.574,18.44,0.0,675.55,,不適用,0.0,2.0,907,inf,250.0,official_prepanel,small,471.0,0,可交易（DK_s＝0）,未扣成本（成本參考：2.8 折來回約 0.38%、全額約 0.585%）；交易方法狀態未知（全額交割、變更交易方法、停止信用交易的來源未提供）；容量以 s 日 vol20 估計，未模擬開盤競價量與滑價；不可交易，僅觀察,未扣成本·事後欄位以 m_ 標示·非投資建議
HC,2,2026-04-16,2026-04-17,7717,萊德光電-KY,TPEx,W,W_atr14@3,2,555,0.085954,,0,0,1,1.863,-7.334,-19.092,868.4,,不適用,0.0,1.0,97,97.0,97.0,official,mid,792.0,0,可交易（DK_s＝0）,未扣成本（成本參考：2.8 折來回約 0.38%、全額約 0.585%）；交易方法狀態未知（全額交割、變更交易方法、停止信用交易的來源未提供）；容量以 s 日 vol20 估計，未模擬開盤競價量與滑價；不可交易，僅觀察,未扣成本·事後欄位以 m_ 標示·非投資建議
HC,2,2026-04-16,2026-04-17,8444,綠河-KY,TPEx,W,W_atr14@3,1,555,0.100674,,0,0,1,-2.642,-4.717,17.925,54.3,,不適用,1.0,4.0,907,inf,250.0,official_prepanel,small,23.0,1,處置中・交易規則另案登錄（DK_s＝1）,未扣成本（成本參考：2.8 折來回約 0.38%、全額約 0.585%）；交易方法狀態未知（全額交割、變更交易方法、停止信用交易的來源未提供）；容量以 s 日 vol20 估計，未模擬開盤競價量與滑價；不可交易，僅觀察,未扣成本·事後欄位以 m_ 標示·非投資建議
HC,2,2026-04-17,2026-04-20,4950,金耘國際,TPEx,W,W_atr14@3,3,557,0.078869,,0,0,1,0.0,-2.083,10.714,42.1,,不適用,0.0,0.0,908,inf,250.0,official_prepanel,small,99.0,0,可交易（DK_s＝0）,未扣成本（成本參考：2.8 折來回約 0.38%、全額約 0.585%）；交易方法狀態未知（全額交割、變更交易方法、停止信用交易的來源未提供）；容量以 s 日 vol20 估計，未模擬開盤競價量與滑價；不可交易，僅觀察,未扣成本·事後欄位以 m_ 標示·非投資建議
HC,2,2026-04-17,2026-04-20,7717,萊德光電-KY,TPEx,W,W_atr14@3,2,557,0.082857,,0,0,1,-3.556,-19.889,-16.0,899.8,,不適用,0.0,1.0,98,98.0,98.0,official,mid,725.0,0,可交易（DK_s＝0）,未扣成本（成本參考：2.8 折來回約 0.38%、全額約 0.585%）；交易方法狀態未知（全額交割、變更交易方法、停止信用交易的來源未提供）；容量以 s 日 vol20 估計，未模擬開盤競價量與滑價；不可交易，僅觀察,未扣成本·事後欄位以 m_ 標示·非投資建議
HC,2,2026-04-17,2026-04-20,8444,綠河-KY,TPEx,W,W_atr14@3,1,557,0.102298,,0,0,1,0.401,0.2,20.842,46.55,,不適用,1.0,5.0,908,inf,250.0,official_prepanel,small,23.0,1,處置中・交易規則另案登錄（DK_s＝1）,未扣成本（成本參考：2.8 折來回約 0.38%、全額約 0.585%）；交易方法狀態未知（全額交割、變更交易方法、停止信用交易的來源未提供）；容量以 s 日 vol20 估計，未模擬開盤競價量與滑價；不可交易，僅觀察,未扣成本·事後欄位以 m_ 標示·非投資建議
HC,2,2026-04-20,2026-04-21,6907,雅特力-KY,TPEx,W,W_atr14@3,3,551,0.081361,,0,0,1,2.203,5.727,13.216,952.7,,不適用,0.0,0.0,48,48.0,48.0,official,small,1873.0,0,可交易（DK_s＝0）,未扣成本（成本參考：2.8 折來回約 0.38%、全額約 0.585%）；交易方法狀態未知（全額交割、變更交易方法、停止信用交易的來源未提供）；容量以 s 日 vol20 估計，未模擬開盤競價量與滑價；不可交易，僅觀察,未扣成本·事後欄位以 m_ 標示·非投資建議
HC,2,2026-04-20,2026-04-21,7717,萊德光電-KY,TPEx,W,W_atr14@3,2,551,0.081633,,0,0,1,-2.252,-21.734,-17.568,931.15,,不適用,0.0,0.0,99,99.0,99.0,official,mid,1075.0,0,可交易（DK_s＝0）,未扣成本（成本參考：2.8 折來回約 0.38%、全額約 0.585%）；交易方法狀態未知（全額交割、變更交易方法、停止信用交易的來源未提供）；容量以 s 日 vol20 估計，未模擬開盤競價量與滑價；不可交易，僅觀察,未扣成本·事後欄位以 m_ 標示·非投資建議
HC,2,2026-04-20,2026-04-21,8444,綠河-KY,TPEx,W,W_atr14@3,1,551,0.104933,,0,0,1,-0.2,1.796,20.16,47.35,,不適用,1.0,4.0,909,inf,250.0,official_prepanel,small,13.0,1,處置中・交易規則另案登錄（DK_s＝1）,未扣成本（成本參考：2.8 折來回約 0.38%、全額約 0.585%）；交易方法狀態未知（全額交割、變更交易方法、停止信用交易的來源未提供）；容量以 s 日 vol20 估計，未模擬開盤競價量與滑價；不可交易，僅觀察,未扣成本·事後欄位以 m_ 標示·非投資建議
HC,2,2026-04-21,2026-04-22,2314,台揚,TWSE,W,W_atr14@3,3,546,0.087352,,0,0,1,3.583,-6.84,-10.098,635.35,,不適用,0.0,0.0,910,inf,250.0,official_prepanel,small,316.0,0,可交易（DK_s＝0）,未扣成本（成本參考：2.8 折來回約 0.38%、全額約 0.585%）；交易方法狀態未知（全額交割、變更交易方法、停止信用交易的來源未提供）；容量以 s 日 vol20 估計，未模擬開盤競價量與滑價；不可交易，僅觀察,未扣成本·事後欄位以 m_ 標示·非投資建議
HC,2,2026-04-21,2026-04-22,7822,倍利科,TWSE,W,W_atr14@3,2,546,0.090553,,0,0,1,-7.395,-12.862,-14.469,825.4,,不適用,0.0,0.0,15,15.0,15.0,official,large,1057.0,0,可交易（DK_s＝0）,未扣成本（成本參考：2.8 折來回約 0.38%、全額約 0.585%）；交易方法狀態未知（全額交割、變更交易方法、停止信用交易的來源未提供）；容量以 s 日 vol20 估計，未模擬開盤競價量與滑價；不可交易，僅觀察,未扣成本·事後欄位以 m_ 標示·非投資建議
HC,2,2026-04-21,2026-04-22,8444,綠河-KY,TPEx,W,W_atr14@3,1,546,0.101429,,0,0,1,3.38,2.982,29.225,46.9,,不適用,1.0,3.0,910,inf,250.0,official_prepanel,small,35.0,1,處置中・交易規則另案登錄（DK_s＝1）,未扣成本（成本參考：2.8 折來回約 0.38%、全額約 0.585%）；交易方法狀態未知（全額交割、變更交易方法、停止信用交易的來源未提供）；容量以 s 日 vol20 估計，未模擬開盤競價量與滑價；不可交易，僅觀察,未扣成本·事後欄位以 m_ 標示·非投資建議
HC,2,2026-04-22,2026-04-23,2314,台揚,TWSE,W,W_atr14@3,3,536,0.08513,,0,0,1,3.727,-12.422,-19.565,635.35,,不適用,0.0,0.0,911,inf,250.0,official_prepanel,small,425.0,0,可交易（DK_s＝0）,未扣成本（成本參考：2.8 折來回約 0.38%、全額約 0.585%）；交易方法狀態未知（全額交割、變更交易方法、停止信用交易的來源未提供）；容量以 s 日 vol20 估計，未模擬開盤競價量與滑價；不可交易，僅觀察,未扣成本·事後欄位以 m_ 標示·非投資建議
HC,2,2026-04-22,2026-04-23,7822,倍利科,TWSE,W,W_atr14@3,1,536,0.092014,,0,0,1,-8.844,-10.544,-11.565,839.88,,不適用,0.0,0.0,16,16.0,16.0,official,large,915.0,0,可交易（DK_s＝0）,未扣成本（成本參考：2.8 折來回約 0.38%、全額約 0.585%）；交易方法狀態未知（全額交割、變更交易方法、停止信用交易的來源未提供）；容量以 s 日 vol20 估計，未模擬開盤競價量與滑價；不可交易，僅觀察,未扣成本·事後欄位以 m_ 標示·非投資建議
HC,2,2026-04-22,2026-04-23,8444,綠河-KY,TPEx,W,W_atr14@3,2,536,0.091209,,0,0,1,0.398,13.121,29.225,47.65,,不適用,1.0,2.0,911,inf,250.0,official_prepanel,small,9.0,1,處置中・交易規則另案登錄（DK_s＝1）,未扣成本（成本參考：2.8 折來回約 0.38%、全額約 0.585%）；交易方法狀態未知（全額交割、變更交易方法、停止信用交易的來源未提供）；容量以 s 日 vol20 估計，未模擬開盤競價量與滑價；不可交易，僅觀察,未扣成本·事後欄位以 m_ 標示·非投資建議
HC,2,2026-04-23,2026-04-24,2314,台揚,TWSE,W,W_atr14@3,3,537,0.085757,,0,0,1,-4.601,-13.497,-20.245,637.5,,不適用,0.0,0.0,912,inf,250.0,official_prepanel,small,201.0,0,可交易（DK_s＝0）,未扣成本（成本參考：2.8 折來回約 0.38%、全額約 0.585%）；交易方法狀態未知（全額交割、變更交易方法、停止信用交易的來源未提供）；容量以 s 日 vol20 估計，未模擬開盤競價量與滑價；不可交易，僅觀察,未扣成本·事後欄位以 m_ 標示·非投資建議
HC,2,2026-04-23,2026-04-24,7822,倍利科,TWSE,W,W_atr14@3,1,537,0.099947,,0,0,1,-5.091,-5.818,-8.364,844.29,,不適用,0.0,1.0,17,17.0,17.0,official,large,480.0,0,可交易（DK_s＝0）,未扣成本（成本參考：2.8 折來回約 0.38%、全額約 0.585%）；交易方法狀態未知（全額交割、變更交易方法、停止信用交易的來源未提供）；容量以 s 日 vol20 估計，未模擬開盤競價量與滑價；不可交易，僅觀察,未扣成本·事後欄位以 m_ 標示·非投資建議
HC,2,2026-04-23,2026-04-24,8444,綠河-KY,TPEx,W,W_atr14@3,2,537,0.090382,,0,0,1,-0.398,24.502,33.466,46.9,,不適用,1.0,1.0,912,inf,250.0,official_prepanel,small,42.0,1,處置中・交易規則另案登錄（DK_s＝1）,未扣成本（成本參考：2.8 折來回約 0.38%、全額約 0.585%）；交易方法狀態未知（全額交割、變更交易方法、停止信用交易的來源未提供）；容量以 s 日 vol20 估計，未模擬開盤競價量與滑價；不可交易，僅觀察,未扣成本·事後欄位以 m_ 標示·非投資建議
HC,2,2026-04-24,2026-04-27,2314,台揚,TWSE,W,W_atr14@3,3,521,0.089113,,0,0,1,-8.202,-10.41,-20.505,631.85,,不適用,0.0,0.0,913,inf,250.0,official_prepanel,small,307.0,0,可交易（DK_s＝0）,未扣成本（成本參考：2.8 折來回約 0.38%、全額約 0.585%）；交易方法狀態未知（全額交割、變更交易方法、停止信用交易的來源未提供）；容量以 s 日 vol20 估計，未模擬開盤競價量與滑價；不可交易，僅觀察,未扣成本·事後欄位以 m_ 標示·非投資建議
HC,2,2026-04-24,2026-04-27,7717,萊德光電-KY,TPEx,W,W_atr14@3,2,521,0.096196,,0,0,1,-3.606,4.854,-6.241,1114.65,,不適用,0.0,0.0,103,103.0,103.0,official,mid,1044.0,0,可交易（DK_s＝0）,未扣成本（成本參考：2.8 折來回約 0.38%、全額約 0.585%）；交易方法狀態未知（全額交割、變更交易方法、停止信用交易的來源未提供）；容量以 s 日 vol20 估計，未模擬開盤競價量與滑價；不可交易，僅觀察,未扣成本·事後欄位以 m_ 標示·非投資建議
HC,2,2026-04-24,2026-04-27,7822,倍利科,TWSE,W,W_atr14@3,1,521,0.100712,,0,0,1,-5.364,6.513,-0.766,824.06,,不適用,0.0,1.0,18,18.0,18.0,official,large,479.0,0,可交易（DK_s＝0）,未扣成本（成本參考：2.8 折來回約 0.38%、全額約 0.585%）；交易方法狀態未知（全額交割、變更交易方法、停止信用交易的來源未提供）；容量以 s 日 vol20 估計，未模擬開盤競價量與滑價；不可交易，僅觀察,未扣成本·事後欄位以 m_ 標示·非投資建議
HC,2,2026-04-27,2026-04-28,4991,環宇-KY,TPEx,W,W_atr14@3,3,514,0.09718,,0,0,1,6.633,26.531,25.85,1595.85,,不適用,1.0,1.0,914,inf,250.0,official_prepanel,large,811.0,1,處置中・交易規則另案登錄（DK_s＝1）,未扣成本（成本參考：2.8 折來回約 0.38%、全額約 0.585%）；交易方法狀態未知（全額交割、變更交易方法、停止信用交易的來源未提供）；容量以 s 日 vol20 估計，未模擬開盤競價量與滑價；不可交易，僅觀察,未扣成本·事後欄位以 m_ 標示·非投資建議
HC,2,2026-04-27,2026-04-28,7717,萊德光電-KY,TPEx,W,W_atr14@3,1,514,0.100514,,0,0,1,2.817,3.099,-7.183,1135.35,,不適用,0.0,1.0,104,104.0,104.0,official,mid,661.0,0,可交易（DK_s＝0）,未扣成本（成本參考：2.8 折來回約 0.38%、全額約 0.585%）；交易方法狀態未知（全額交割、變更交易方法、停止信用交易的來源未提供）；容量以 s 日 vol20 估計，未模擬開盤競價量與滑價；不可交易，僅觀察,未扣成本·事後欄位以 m_ 標示·非投資建議
HC,2,2026-04-27,2026-04-28,7822,倍利科,TWSE,W,W_atr14@3,2,514,0.100058,,0,0,1,7.54,11.905,0.794,805.89,,不適用,0.0,1.0,19,19.0,19.0,official,large,297.0,0,可交易（DK_s＝0）,未扣成本（成本參考：2.8 折來回約 0.38%、全額約 0.585%）；交易方法狀態未知（全額交割、變更交易方法、停止信用交易的來源未提供）；容量以 s 日 vol20 估計，未模擬開盤競價量與滑價；不可交易，僅觀察,未扣成本·事後欄位以 m_ 標示·非投資建議
HC,2,2026-04-28,2026-04-29,6465,威潤,TPEx,W,W_atr14@3,2,503,0.092857,,0,0,1,2.561,7.795,-1.559,641.2,,不適用,0.0,0.0,915,inf,250.0,official_prepanel,small,282.0,0,可交易（DK_s＝0）,未扣成本（成本參考：2.8 折來回約 0.38%、全額約 0.585%）；交易方法狀態未知（全額交割、變更交易方法、停止信用交易的來源未提供）；容量以 s 日 vol20 估計，未模擬開盤競價量與滑價；不可交易，僅觀察,未扣成本·事後欄位以 m_ 標示·非投資建議
HC,2,2026-04-28,2026-04-29,6907,雅特力-KY,TPEx,W,W_atr14@3,1,503,0.096131,,0,0,1,0.833,7.5,1.667,1679.8,,不適用,0.0,0.0,54,54.0,54.0,official,mid,969.0,0,可交易（DK_s＝0）,未扣成本（成本參考：2.8 折來回約 0.38%、全額約 0.585%）；交易方法狀態未知（全額交割、變更交易方法、停止信用交易的來源未提供）；容量以 s 日 vol20 估計，未模擬開盤競價量與滑價；不可交易，僅觀察,未扣成本·事後欄位以 m_ 標示·非投資建議
HC,2,2026-04-28,2026-04-29,7717,萊德光電-KY,TPEx,W,W_atr14@3,3,503,0.091977,,0,0,1,-4.444,-5.694,-10.417,1100.5,,不適用,0.0,1.0,105,105.0,105.0,official,mid,410.0,0,可交易（DK_s＝0）,未扣成本（成本參考：2.8 折來回約 0.38%、全額約 0.585%）；交易方法狀態未知（全額交割、變更交易方法、停止信用交易的來源未提供）；容量以 s 日 vol20 估計，未模擬開盤競價量與滑價；不可交易，僅觀察,未扣成本·事後欄位以 m_ 標示·非投資建議
HC,2,2026-04-29,2026-04-30,4991,環宇-KY,TPEx,W,W_atr14@3,3,518,0.092334,,0,0,1,4.969,7.143,9.938,1962.45,,不適用,0.0,1.0,916,inf,250.0,official_prepanel,large,6800.0,0,可交易（DK_s＝0）,未扣成本（成本參考：2.8 折來回約 0.38%、全額約 0.585%）；交易方法狀態未知（全額交割、變更交易方法、停止信用交易的來源未提供）；容量以 s 日 vol20 估計，未模擬開盤競價量與滑價；不可交易，僅觀察,未扣成本·事後欄位以 m_ 標示·非投資建議
HC,2,2026-04-29,2026-04-30,6907,雅特力-KY,TPEx,W,W_atr14@3,2,518,0.095632,,0,0,1,-0.42,11.345,2.521,1700.35,,不適用,0.0,0.0,55,55.0,55.0,official,mid,1295.0,0,可交易（DK_s＝0）,未扣成本（成本參考：2.8 折來回約 0.38%、全額約 0.585%）；交易方法狀態未知（全額交割、變更交易方法、停止信用交易的來源未提供）；容量以 s 日 vol20 估計，未模擬開盤競價量與滑價；不可交易，僅觀察,未扣成本·事後欄位以 m_ 標示·非投資建議
HC,2,2026-04-29,2026-04-30,7717,萊德光電-KY,TPEx,W,W_atr14@3,1,518,0.096138,,0,0,1,-0.714,-5.571,-9.286,989.7,,不適用,0.0,1.0,106,106.0,106.0,official,mid,494.0,0,可交易（DK_s＝0）,未扣成本（成本參考：2.8 折來回約 0.38%、全額約 0.585%）；交易方法狀態未知（全額交割、變更交易方法、停止信用交易的來源未提供）；容量以 s 日 vol20 估計，未模擬開盤競價量與滑價；不可交易，僅觀察,未扣成本·事後欄位以 m_ 標示·非投資建議
HC,2,2026-04-30,2026-05-04,3664,安瑞-KY,TPEx,W,W_atr14@3,1,512,0.109192,,0,0,1,7.631,56.827,85.341,201.9,,不適用,0.0,1.0,917,inf,250.0,official_prepanel,small,157.0,0,可交易（DK_s＝0）,未扣成本（成本參考：2.8 折來回約 0.38%、全額約 0.585%）；交易方法狀態未知（全額交割、變更交易方法、停止信用交易的來源未提供）；容量以 s 日 vol20 估計，未模擬開盤競價量與滑價；不可交易，僅觀察,未扣成本·事後欄位以 m_ 標示·非投資建議
HC,2,2026-04-30,2026-05-04,6907,雅特力-KY,TPEx,W,W_atr14@3,2,512,0.101567,,0,0,1,-2.092,8.368,-1.255,1743.75,,不適用,0.0,0.0,56,56.0,56.0,official,mid,921.0,0,可交易（DK_s＝0）,未扣成本（成本參考：2.8 折來回約 0.38%、全額約 0.585%）；交易方法狀態未知（全額交割、變更交易方法、停止信用交易的來源未提供）；容量以 s 日 vol20 估計，未模擬開盤競價量與滑價；不可交易，僅觀察,未扣成本·事後欄位以 m_ 標示·非投資建議
HC,2,2026-04-30,2026-05-04,7717,萊德光電-KY,TPEx,W,W_atr14@3,3,512,0.091572,,0,0,1,5.882,-6.443,-15.126,957.55,,不適用,0.0,1.0,107,107.0,107.0,official,mid,724.0,0,可交易（DK_s＝0）,未扣成本（成本參考：2.8 折來回約 0.38%、全額約 0.585%）；交易方法狀態未知（全額交割、變更交易方法、停止信用交易的來源未提供）；容量以 s 日 vol20 估計，未模擬開盤競價量與滑價；不可交易，僅觀察,未扣成本·事後欄位以 m_ 標示·非投資建議
HC,2,2026-05-04,2026-05-05,4529,淳紳,TPEx,W,W_atr14@3,2,521,0.092796,,0,0,1,7.265,-3.846,28.419,191.3,,不適用,1.0,3.0,918,inf,250.0,official_prepanel,small,191.0,1,處置中・交易規則另案登錄（DK_s＝1）,未扣成本（成本參考：2.8 折來回約 0.38%、全額約 0.585%）；交易方法狀態未知（全額交割、變更交易方法、停止信用交易的來源未提供）；容量以 s 日 vol20 估計，未模擬開盤競價量與滑價；不可交易，僅觀察,未扣成本·事後欄位以 m_ 標示·非投資建議
HC,2,2026-05-04,2026-05-05,4991,環宇-KY,TPEx,W,W_atr14@3,3,521,0.088099,,0,0,1,7.826,-0.58,1.159,2599.5,,不適用,0.0,3.0,918,inf,250.0,official_prepanel,large,5631.0,0,可交易（DK_s＝0）,未扣成本（成本參考：2.8 折來回約 0.38%、全額約 0.585%）；交易方法狀態未知（全額交割、變更交易方法、停止信用交易的來源未提供）；容量以 s 日 vol20 估計，未模擬開盤競價量與滑價；不可交易，僅觀察,未扣成本·事後欄位以 m_ 標示·非投資建議
HC,2,2026-05-04,2026-05-05,6907,雅特力-KY,TPEx,W,W_atr14@3,1,521,0.103785,,0,0,1,7.531,11.297,-2.092,1761.05,,不適用,0.0,0.0,57,57.0,57.0,official,mid,1437.0,0,可交易（DK_s＝0）,未扣成本（成本參考：2.8 折來回約 0.38%、全額約 0.585%）；交易方法狀態未知（全額交割、變更交易方法、停止信用交易的來源未提供）；容量以 s 日 vol20 估計，未模擬開盤競價量與滑價；不可交易，僅觀察,未扣成本·事後欄位以 m_ 標示·非投資建議
HC,2,2026-05-05,2026-05-06,4529,淳紳,TPEx,W,W_atr14@3,1,509,0.091064,,0,0,1,-2.196,-12.575,18.363,195.45,,不適用,1.0,3.0,919,inf,250.0,official_prepanel,small,91.0,1,處置中・交易規則另案登錄（DK_s＝1）,未扣成本（成本參考：2.8 折來回約 0.38%、全額約 0.585%）；交易方法狀態未知（全額交割、變更交易方法、停止信用交易的來源未提供）；容量以 s 日 vol20 估計，未模擬開盤競價量與滑價；不可交易，僅觀察,未扣成本·事後欄位以 m_ 標示·非投資建議
HC,2,2026-05-05,2026-05-06,7717,萊德光電-KY,TPEx,W,W_atr14@3,2,509,0.088212,,0,0,1,-7.87,-10.583,-7.327,937.95,,不適用,0.0,0.0,109,109.0,109.0,official,mid,834.0,0,可交易（DK_s＝0）,未扣成本（成本參考：2.8 折來回約 0.38%、全額約 0.585%）；交易方法狀態未知（全額交割、變更交易方法、停止信用交易的來源未提供）；容量以 s 日 vol20 估計，未模擬開盤競價量與滑價；不可交易，僅觀察,未扣成本·事後欄位以 m_ 標示·非投資建議
HC,2,2026-05-05,2026-05-06,7822,倍利科,TWSE,W,W_atr14@3,3,509,0.081054,,0,0,1,-6.667,-10.877,-24.561,649.05,,不適用,0.0,0.0,24,24.0,24.0,official,large,327.0,0,可交易（DK_s＝0）,未扣成本（成本參考：2.8 折來回約 0.38%、全額約 0.585%）；交易方法狀態未知（全額交割、變更交易方法、停止信用交易的來源未提供）；容量以 s 日 vol20 估計，未模擬開盤競價量與滑價；不可交易，僅觀察,未扣成本·事後欄位以 m_ 標示·非投資建議
HC,2,2026-05-06,2026-05-07,4529,淳紳,TPEx,W,W_atr14@3,3,518,0.093732,,0,0,1,-6.327,-1.837,24.082,197.85,,不適用,1.0,2.0,920,inf,250.0,official_prepanel,small,179.0,1,處置中・交易規則另案登錄（DK_s＝1）,未扣成本（成本參考：2.8 折來回約 0.38%、全額約 0.585%）；交易方法狀態未知（全額交割、變更交易方法、停止信用交易的來源未提供）；容量以 s 日 vol20 估計，未模擬開盤競價量與滑價；不可交易，僅觀察,未扣成本·事後欄位以 m_ 標示·非投資建議
HC,2,2026-05-06,2026-05-07,6907,雅特力-KY,TPEx,W,W_atr14@3,1,518,0.099391,,0,0,1,-0.376,-8.271,-17.669,1946.15,,不適用,0.0,0.0,59,59.0,59.0,official,mid,1964.0,0,可交易（DK_s＝0）,未扣成本（成本參考：2.8 折來回約 0.38%、全額約 0.585%）；交易方法狀態未知（全額交割、變更交易方法、停止信用交易的來源未提供）；容量以 s 日 vol20 估計，未模擬開盤競價量與滑價；不可交易，僅觀察,未扣成本·事後欄位以 m_ 標示·非投資建議
HC,2,2026-05-06,2026-05-07,7717,萊德光電-KY,TPEx,W,W_atr14@3,2,518,0.096571,,0,0,1,-5.571,-7.857,-3.714,902.1,,不適用,0.0,0.0,110,110.0,110.0,official,mid,577.0,0,可交易（DK_s＝0）,未扣成本（成本參考：2.8 折來回約 0.38%、全額約 0.585%）；交易方法狀態未知（全額交割、變更交易方法、停止信用交易的來源未提供）；容量以 s 日 vol20 估計，未模擬開盤競價量與滑價；不可交易，僅觀察,未扣成本·事後欄位以 m_ 標示·非投資建議
HC,2,2026-05-07,2026-05-08,4529,淳紳,TPEx,W,W_atr14@3,1,503,0.106131,,0,1,0,-3.77,0.595,16.667,204.6,,不適用,1.0,1.0,921,inf,250.0,official_prepanel,small,148.0,1,處置中・交易規則另案登錄（DK_s＝1）,未扣成本（成本參考：2.8 折來回約 0.38%、全額約 0.585%）；交易方法狀態未知（全額交割、變更交易方法、停止信用交易的來源未提供）；容量以 s 日 vol20 估計，未模擬開盤競價量與滑價；不可交易，僅觀察,未扣成本·事後欄位以 m_ 標示·非投資建議
HC,2,2026-05-07,2026-05-08,4991,環宇-KY,TPEx,W,W_atr14@3,2,503,0.096894,,0,0,1,-1.829,7.927,12.805,3653.8,,不適用,0.0,4.0,921,inf,250.0,official_prepanel,large,6359.0,0,可交易（DK_s＝0）,未扣成本（成本參考：2.8 折來回約 0.38%、全額約 0.585%）；交易方法狀態未知（全額交割、變更交易方法、停止信用交易的來源未提供）；容量以 s 日 vol20 估計，未模擬開盤競價量與滑價；不可交易，僅觀察,未扣成本·事後欄位以 m_ 標示·非投資建議
HC,2,2026-05-07,2026-05-08,6907,雅特力-KY,TPEx,W,W_atr14@3,3,503,0.096765,,0,0,1,-9.441,-14.685,-20.28,2027.65,,不適用,0.0,0.0,60,60.0,60.0,official,mid,6444.0,0,可交易（DK_s＝0）,未扣成本（成本參考：2.8 折來回約 0.38%、全額約 0.585%）；交易方法狀態未知（全額交割、變更交易方法、停止信用交易的來源未提供）；容量以 s 日 vol20 估計，未模擬開盤競價量與滑價；不可交易，僅觀察,未扣成本·事後欄位以 m_ 標示·非投資建議
HC,2,2026-05-08,2026-05-11,4529,淳紳,TPEx,W,W_atr14@3,2,493,0.102651,,0,0,1,-7.025,13.017,19.421,211.15,,不適用,1.0,0.0,922,inf,250.0,official_prepanel,small,87.0,1,處置中・交易規則另案登錄（DK_s＝1）,未扣成本（成本參考：2.8 折來回約 0.38%、全額約 0.585%）；交易方法狀態未知（全額交割、變更交易方法、停止信用交易的來源未提供）；容量以 s 日 vol20 估計，未模擬開盤競價量與滑價；不可交易，僅觀察,未扣成本·事後欄位以 m_ 標示·非投資建議
HC,2,2026-05-08,2026-05-11,4991,環宇-KY,TPEx,W,W_atr14@3,1,493,0.102928,,0,0,1,9.062,2.067,29.412,3899.25,,不適用,0.0,4.0,922,inf,250.0,official_prepanel,large,1450.0,1,可交易（DK_s＝0）,未扣成本（成本參考：2.8 折來回約 0.38%、全額約 0.585%）；交易方法狀態未知（全額交割、變更交易方法、停止信用交易的來源未提供）；容量以 s 日 vol20 估計，未模擬開盤競價量與滑價；不可交易，僅觀察,未扣成本·事後欄位以 m_ 標示·非投資建議
HC,2,2026-05-08,2026-05-11,6907,雅特力-KY,TPEx,W,W_atr14@3,3,493,0.10011,,0,0,1,1.527,-9.924,-7.252,2318.6,,不適用,0.0,0.0,61,61.0,61.0,official,mid,1808.0,0,可交易（DK_s＝0）,未扣成本（成本參考：2.8 折來回約 0.38%、全額約 0.585%）；交易方法狀態未知（全額交割、變更交易方法、停止信用交易的來源未提供）；容量以 s 日 vol20 估計，未模擬開盤競價量與滑價；不可交易，僅觀察,未扣成本·事後欄位以 m_ 標示·非投資建議
HC,2,2026-05-11,2026-05-12,4529,淳紳,TPEx,W,W_atr14@3,1,488,0.111429,,0,0,1,-2.45,33.853,20.49,213.5,,不適用,1.0,0.0,923,inf,250.0,official_prepanel,small,78.0,1,處置中・交易規則另案登錄（DK_s＝1）,未扣成本（成本參考：2.8 折來回約 0.38%、全額約 0.585%）；交易方法狀態未知（全額交割、變更交易方法、停止信用交易的來源未提供）；容量以 s 日 vol20 估計，未模擬開盤競價量與滑價；不可交易，僅觀察,未扣成本·事後欄位以 m_ 標示·非投資建議
HC,2,2026-05-11,2026-05-12,4991,環宇-KY,TPEx,W,W_atr14@3,2,488,0.099542,,0,0,1,2.635,-3.19,16.505,3927.45,,不適用,1.0,4.0,923,inf,250.0,official_prepanel,large,1479.0,1,處置中・交易規則另案登錄（DK_s＝1）,未扣成本（成本參考：2.8 折來回約 0.38%、全額約 0.585%）；交易方法狀態未知（全額交割、變更交易方法、停止信用交易的來源未提供）；容量以 s 日 vol20 估計，未模擬開盤競價量與滑價；不可交易，僅觀察,未扣成本·事後欄位以 m_ 標示·非投資建議
HC,2,2026-05-11,2026-05-12,6907,雅特力-KY,TPEx,W,W_atr14@3,3,488,0.095328,,0,0,1,-6.32,-13.011,-8.55,2391.9,,不適用,0.0,0.0,62,62.0,62.0,official,mid,1505.0,0,可交易（DK_s＝0）,未扣成本（成本參考：2.8 折來回約 0.38%、全額約 0.585%）；交易方法狀態未知（全額交割、變更交易方法、停止信用交易的來源未提供）；容量以 s 日 vol20 估計，未模擬開盤競價量與滑價；不可交易，僅觀察,未扣成本·事後欄位以 m_ 標示·非投資建議
HC,2,2026-05-12,2026-05-13,4529,淳紳,TPEx,W,W_atr14@3,1,488,0.110894,,0,0,1,4.565,28.913,10.435,216.3,,不適用,1.0,0.0,924,inf,250.0,official_prepanel,small,224.0,1,處置中・交易規則另案登錄（DK_s＝1）,未扣成本（成本參考：2.8 折來回約 0.38%、全額約 0.585%）；交易方法狀態未知（全額交割、變更交易方法、停止信用交易的來源未提供）；容量以 s 日 vol20 估計，未模擬開盤競價量與滑價；不可交易，僅觀察,未扣成本·事後欄位以 m_ 標示·非投資建議
HC,2,2026-05-12,2026-05-13,4991,環宇-KY,TPEx,W,W_atr14@3,3,488,0.092278,,0,0,1,-1.408,-6.056,22.535,3935.25,,不適用,1.0,3.0,924,inf,250.0,official_prepanel,large,559.0,1,處置中・交易規則另案登錄（DK_s＝1）,未扣成本（成本參考：2.8 折來回約 0.38%、全額約 0.585%）；交易方法狀態未知（全額交割、變更交易方法、停止信用交易的來源未提供）；容量以 s 日 vol20 估計，未模擬開盤競價量與滑價；不可交易，僅觀察,未扣成本·事後欄位以 m_ 標示·非投資建議
HC,2,2026-05-12,2026-05-13,6907,雅特力-KY,TPEx,W,W_atr14@3,2,488,0.100907,,0,0,1,-3.175,-11.905,-3.571,2454.0,,不適用,0.0,0.0,63,63.0,63.0,official,mid,798.0,0,可交易（DK_s＝0）,未扣成本（成本參考：2.8 折來回約 0.38%、全額約 0.585%）；交易方法狀態未知（全額交割、變更交易方法、停止信用交易的來源未提供）；容量以 s 日 vol20 估計，未模擬開盤競價量與滑價；不可交易，僅觀察,未扣成本·事後欄位以 m_ 標示·非投資建議
HC,2,2026-05-13,2026-05-14,4991,環宇-KY,TPEx,W,W_atr14@3,2,473,0.100714,,0,0,1,-3.146,-4.241,7.114,3398.0,,不適用,1.0,3.0,925,inf,250.0,official_prepanel,large,707.0,1,處置中・交易規則另案登錄（DK_s＝1）,未扣成本（成本參考：2.8 折來回約 0.38%、全額約 0.585%）；交易方法狀態未知（全額交割、變更交易方法、停止信用交易的來源未提供）；容量以 s 日 vol20 估計，未模擬開盤競價量與滑價；不可交易，僅觀察,未扣成本·事後欄位以 m_ 標示·非投資建議
HC,2,2026-05-13,2026-05-14,6907,雅特力-KY,TPEx,W,W_atr14@3,1,473,0.101288,,0,0,1,-3.175,-13.095,-7.143,2466.95,,不適用,0.0,0.0,64,64.0,64.0,official,mid,729.0,0,可交易（DK_s＝0）,未扣成本（成本參考：2.8 折來回約 0.38%、全額約 0.585%）；交易方法狀態未知（全額交割、變更交易方法、停止信用交易的來源未提供）；容量以 s 日 vol20 估計，未模擬開盤競價量與滑價；不可交易，僅觀察,未扣成本·事後欄位以 m_ 標示·非投資建議
HC,2,2026-05-13,2026-05-14,7828,創新服務,TPEx,W,W_atr14@3,3,473,0.10011,,0,0,1,-2.672,-18.702,14.885,632.13,,不適用,0.0,0.0,15,15.0,15.0,official,large,356.0,0,可交易（DK_s＝0）,未扣成本（成本參考：2.8 折來回約 0.38%、全額約 0.585%）；交易方法狀態未知（全額交割、變更交易方法、停止信用交易的來源未提供）；容量以 s 日 vol20 估計，未模擬開盤競價量與滑價；不可交易，僅觀察,未扣成本·事後欄位以 m_ 標示·非投資建議
HC,2,2026-05-14,2026-05-15,4991,環宇-KY,TPEx,W,W_atr14@3,2,475,0.093019,,0,0,1,-10.335,3.352,-1.536,3390.1,,不適用,1.0,2.0,926,inf,250.0,official_prepanel,large,751.0,1,處置中・交易規則另案登錄（DK_s＝1）,未扣成本（成本參考：2.8 折來回約 0.38%、全額約 0.585%）；交易方法狀態未知（全額交割、變更交易方法、停止信用交易的來源未提供）；容量以 s 日 vol20 估計，未模擬開盤競價量與滑價；不可交易，僅觀察,未扣成本·事後欄位以 m_ 標示·非投資建議
HC,2,2026-05-14,2026-05-15,6907,雅特力-KY,TPEx,W,W_atr14@3,3,475,0.092213,,0,0,1,-4.839,-8.065,-5.242,2477.75,,不適用,0.0,0.0,65,65.0,65.0,official,mid,933.0,0,可交易（DK_s＝0）,未扣成本（成本參考：2.8 折來回約 0.38%、全額約 0.585%）；交易方法狀態未知（全額交割、變更交易方法、停止信用交易的來源未提供）；容量以 s 日 vol20 估計，未模擬開盤競價量與滑價；不可交易，僅觀察,未扣成本·事後欄位以 m_ 標示·非投資建議
HC,2,2026-05-14,2026-05-15,8103,瀚荃,TWSE,W,W_atr14@3,1,475,0.093124,,0,0,1,-4.63,-4.167,-6.019,4481.35,,不適用,0.0,0.0,926,inf,250.0,official_prepanel,mid,2617.0,0,可交易（DK_s＝0）,未扣成本（成本參考：2.8 折來回約 0.38%、全額約 0.585%）；交易方法狀態未知（全額交割、變更交易方法、停止信用交易的來源未提供）；容量以 s 日 vol20 估計，未模擬開盤競價量與滑價；不可交易，僅觀察,未扣成本·事後欄位以 m_ 標示·非投資建議
HC,2,2026-05-15,2026-05-18,4991,環宇-KY,TPEx,W,W_atr14@3,1,482,0.10247,,0,0,1,11.146,29.618,16.242,3374.8,,不適用,1.0,1.0,927,inf,250.0,official_prepanel,large,786.0,1,處置中・交易規則另案登錄（DK_s＝1）,未扣成本（成本參考：2.8 折來回約 0.38%、全額約 0.585%）；交易方法狀態未知（全額交割、變更交易方法、停止信用交易的來源未提供）；容量以 s 日 vol20 估計，未模擬開盤競價量與滑價；不可交易，僅觀察,未扣成本·事後欄位以 m_ 標示·非投資建議
HC,2,2026-05-15,2026-05-18,7828,創新服務,TPEx,W,W_atr14@3,2,482,0.094441,,0,0,1,4.867,3.097,24.779,596.59,,不適用,0.0,0.0,17,17.0,17.0,official,large,193.0,0,可交易（DK_s＝0）,未扣成本（成本參考：2.8 折來回約 0.38%、全額約 0.585%）；交易方法狀態未知（全額交割、變更交易方法、停止信用交易的來源未提供）；容量以 s 日 vol20 估計，未模擬開盤競價量與滑價；不可交易，僅觀察,未扣成本·事後欄位以 m_ 標示·非投資建議
HC,2,2026-05-15,2026-05-18,8103,瀚荃,TWSE,W,W_atr14@3,3,482,0.09362,,0,0,1,0.0,3.431,9.314,4510.5,,不適用,0.0,0.0,927,inf,250.0,official_prepanel,mid,1181.0,0,可交易（DK_s＝0）,未扣成本（成本參考：2.8 折來回約 0.38%、全額約 0.585%）；交易方法狀態未知（全額交割、變更交易方法、停止信用交易的來源未提供）；容量以 s 日 vol20 估計，未模擬開盤競價量與滑價；不可交易，僅觀察,未扣成本·事後欄位以 m_ 標示·非投資建議
HC,2,2026-05-18,2026-05-19,4991,環宇-KY,TPEx,W,W_atr14@3,1,468,0.096193,,0,0,1,-1.185,24.444,8.889,3364.1,,不適用,1.0,0.0,928,inf,250.0,official_prepanel,large,1031.0,1,處置中・交易規則另案登錄（DK_s＝1）,未扣成本（成本參考：2.8 折來回約 0.38%、全額約 0.585%）；交易方法狀態未知（全額交割、變更交易方法、停止信用交易的來源未提供）；容量以 s 日 vol20 估計，未模擬開盤競價量與滑價；不可交易，僅觀察,未扣成本·事後欄位以 m_ 標示·非投資建議
HC,2,2026-05-18,2026-05-19,6806,,TWSE,W,W_atr14@3,3,468,0.090063,,0,0,1,0.0,-33.992,-41.66,1087.32,,不適用,0.0,0.0,928,inf,250.0,fallback_prepanel,small,128.0,0,可交易（DK_s＝0）,未扣成本（成本參考：2.8 折來回約 0.38%、全額約 0.585%）；交易方法狀態未知（全額交割、變更交易方法、停止信用交易的來源未提供）；容量以 s 日 vol20 估計，未模擬開盤競價量與滑價；不可交易，僅觀察,未扣成本·事後欄位以 m_ 標示·非投資建議
HC,2,2026-05-18,2026-05-19,7828,創新服務,TPEx,W,W_atr14@3,2,468,0.091019,,0,0,1,-7.173,8.017,22.363,574.17,,不適用,0.0,0.0,18,18.0,18.0,official,large,283.0,0,可交易（DK_s＝0）,未扣成本（成本參考：2.8 折來回約 0.38%、全額約 0.585%）；交易方法狀態未知（全額交割、變更交易方法、停止信用交易的來源未提供）；容量以 s 日 vol20 估計，未模擬開盤競價量與滑價；不可交易，僅觀察,未扣成本·事後欄位以 m_ 標示·非投資建議
HC,2,2026-05-19,2026-05-20,3664,安瑞-KY,TPEx,W,W_atr14@3,2,473,0.100706,,0,0,1,9.88,10.013,3.471,175.2,,不適用,1.0,3.0,929,inf,250.0,official_prepanel,small,29.0,1,處置中・交易規則另案登錄（DK_s＝1）,未扣成本（成本參考：2.8 折來回約 0.38%、全額約 0.585%）；交易方法狀態未知（全額交割、變更交易方法、停止信用交易的來源未提供）；容量以 s 日 vol20 估計，未模擬開盤競價量與滑價；不可交易，僅觀察,未扣成本·事後欄位以 m_ 標示·非投資建議
HC,2,2026-05-19,2026-05-20,4991,環宇-KY,TPEx,W,W_atr14@3,3,473,0.0997,,0,0,1,1.744,26.453,2.035,3369.9,,不適用,1.0,0.0,929,inf,250.0,official_prepanel,large,906.0,1,處置中・交易規則另案登錄（DK_s＝1）,未扣成本（成本參考：2.8 折來回約 0.38%、全額約 0.585%）；交易方法狀態未知（全額交割、變更交易方法、停止信用交易的來源未提供）；容量以 s 日 vol20 估計，未模擬開盤競價量與滑價；不可交易，僅觀察,未扣成本·事後欄位以 m_ 標示·非投資建議
HC,2,2026-05-19,2026-05-20,6806,,TWSE,W,W_atr14@3,1,473,0.107631,,0,0,1,0.0,-34.035,-32.281,1081.74,,不適用,0.0,1.0,929,inf,250.0,fallback_prepanel,small,174.0,0,可交易（DK_s＝0）,未扣成本（成本參考：2.8 折來回約 0.38%、全額約 0.585%）；交易方法狀態未知（全額交割、變更交易方法、停止信用交易的來源未提供）；容量以 s 日 vol20 估計，未模擬開盤競價量與滑價；不可交易，僅觀察,未扣成本·事後欄位以 m_ 標示·非投資建議
HC,2,2026-05-20,2026-05-21,6225,天瀚,TWSE,W,W_atr14@3,3,474,0.094355,,0,0,1,0.192,0.577,-7.885,40.35,,不適用,0.0,1.0,930,inf,250.0,official_prepanel,small,36.0,0,可交易（DK_s＝0）,未扣成本（成本參考：2.8 折來回約 0.38%、全額約 0.585%）；交易方法狀態未知（全額交割、變更交易方法、停止信用交易的來源未提供）；容量以 s 日 vol20 估計，未模擬開盤競價量與滑價；不可交易，僅觀察,未扣成本·事後欄位以 m_ 標示·非投資建議
HC,2,2026-05-20,2026-05-21,6806,,TWSE,W,W_atr14@3,1,474,0.11336,,0,0,1,0.0,-34.272,-32.524,903.63,,不適用,0.0,2.0,930,inf,250.0,fallback_prepanel,small,191.0,1,可交易（DK_s＝0）,未扣成本（成本參考：2.8 折來回約 0.38%、全額約 0.585%）；交易方法狀態未知（全額交割、變更交易方法、停止信用交易的來源未提供）；容量以 s 日 vol20 估計，未模擬開盤競價量與滑價；不可交易，僅觀察,未扣成本·事後欄位以 m_ 標示·非投資建議
HC,2,2026-05-20,2026-05-21,8444,綠河-KY,TPEx,W,W_atr14@3,2,474,0.096744,,0,0,1,-4.857,-12.143,-26.714,55.45,,不適用,1.0,3.0,930,inf,250.0,official_prepanel,small,60.0,1,處置中・交易規則另案登錄（DK_s＝1）,未扣成本（成本參考：2.8 折來回約 0.38%、全額約 0.585%）；交易方法狀態未知（全額交割、變更交易方法、停止信用交易的來源未提供）；容量以 s 日 vol20 估計，未模擬開盤競價量與滑價；不可交易，僅觀察,未扣成本·事後欄位以 m_ 標示·非投資建議
HC,2,2026-05-21,2026-05-22,6225,天瀚,TWSE,W,W_atr14@3,2,495,0.097477,,0,0,1,-4.58,-0.763,-12.405,41.15,,不適用,0.0,1.0,931,inf,250.0,official_prepanel,small,18.0,0,可交易（DK_s＝0）,未扣成本（成本參考：2.8 折來回約 0.38%、全額約 0.585%）；交易方法狀態未知（全額交割、變更交易方法、停止信用交易的來源未提供）；容量以 s 日 vol20 估計，未模擬開盤競價量與滑價；不可交易，僅觀察,未扣成本·事後欄位以 m_ 標示·非投資建議
HC,2,2026-05-21,2026-05-22,6806,,TWSE,W,W_atr14@3,1,495,0.122853,,0,0,1,0.0,-34.196,-32.47,857.89,,不適用,1.0,3.0,931,inf,250.0,fallback_prepanel,small,700.0,1,處置中・交易規則另案登錄（DK_s＝1）,未扣成本（成本參考：2.8 折來回約 0.38%、全額約 0.585%）；交易方法狀態未知（全額交割、變更交易方法、停止信用交易的來源未提供）；容量以 s 日 vol20 估計，未模擬開盤競價量與滑價；不可交易，僅觀察,未扣成本·事後欄位以 m_ 標示·非投資建議
HC,2,2026-05-21,2026-05-22,8444,綠河-KY,TPEx,W,W_atr14@3,3,495,0.096418,,0,0,1,10.982,-6.822,-14.809,56.7,,不適用,1.0,2.0,931,inf,250.0,official_prepanel,small,118.0,1,處置中・交易規則另案登錄（DK_s＝1）,未扣成本（成本參考：2.8 折來回約 0.38%、全額約 0.585%）；交易方法狀態未知（全額交割、變更交易方法、停止信用交易的來源未提供）；容量以 s 日 vol20 估計，未模擬開盤競價量與滑價；不可交易，僅觀察,未扣成本·事後欄位以 m_ 標示·非投資建議
HC,2,2026-05-22,2026-05-25,6225,天瀚,TWSE,W,W_atr14@3,2,504,0.101143,,0,0,1,-4.943,-8.745,-10.266,41.7,,不適用,0.0,1.0,932,inf,250.0,official_prepanel,small,25.0,0,可交易（DK_s＝0）,未扣成本（成本參考：2.8 折來回約 0.38%、全額約 0.585%）；交易方法狀態未知（全額交割、變更交易方法、停止信用交易的來源未提供）；容量以 s 日 vol20 估計，未模擬開盤競價量與滑價；不可交易，僅觀察,未扣成本·事後欄位以 m_ 標示·非投資建議
HC,2,2026-05-22,2026-05-25,6806,,TWSE,W,W_atr14@3,1,504,0.129284,,0,0,1,0.0,-19.641,-32.455,815.21,,不適用,1.0,4.0,932,inf,250.0,fallback_prepanel,small,328.0,1,處置中・交易規則另案登錄（DK_s＝1）,未扣成本（成本參考：2.8 折來回約 0.38%、全額約 0.585%）；交易方法狀態未知（全額交割、變更交易方法、停止信用交易的來源未提供）；容量以 s 日 vol20 估計，未模擬開盤競價量與滑價；不可交易，僅觀察,未扣成本·事後欄位以 m_ 標示·非投資建議
HC,2,2026-05-22,2026-05-25,8444,綠河-KY,TPEx,W,W_atr14@3,3,504,0.100771,,0,0,1,-2.549,-17.391,-26.537,62.15,,不適用,1.0,1.0,932,inf,250.0,official_prepanel,small,41.0,1,處置中・交易規則另案登錄（DK_s＝1）,未扣成本（成本參考：2.8 折來回約 0.38%、全額約 0.585%）；交易方法狀態未知（全額交割、變更交易方法、停止信用交易的來源未提供）；容量以 s 日 vol20 估計，未模擬開盤競價量與滑價；不可交易，僅觀察,未扣成本·事後欄位以 m_ 標示·非投資建議
HC,2,2026-05-25,2026-05-26,6225,天瀚,TWSE,W,W_atr14@3,3,489,0.102286,,0,0,1,2.362,-3.74,-6.89,42.5,,不適用,0.0,0.0,933,inf,250.0,official_prepanel,small,80.0,0,可交易（DK_s＝0）,未扣成本（成本參考：2.8 折來回約 0.38%、全額約 0.585%）；交易方法狀態未知（全額交割、變更交易方法、停止信用交易的來源未提供）；容量以 s 日 vol20 估計，未模擬開盤競價量與滑價；不可交易，僅觀察,未扣成本·事後欄位以 m_ 標示·非投資建議
HC,2,2026-05-25,2026-05-26,6806,,TWSE,W,W_atr14@3,1,489,0.143713,,0,0,1,0.0,-1.862,-29.521,801.95,,不適用,1.0,5.0,933,inf,250.0,fallback_prepanel,small,302.0,1,處置中・交易規則另案登錄（DK_s＝1）,未扣成本（成本參考：2.8 折來回約 0.38%、全額約 0.585%）；交易方法狀態未知（全額交割、變更交易方法、停止信用交易的來源未提供）；容量以 s 日 vol20 估計，未模擬開盤競價量與滑價；不可交易，僅觀察,未扣成本·事後欄位以 m_ 標示·非投資建議
HC,2,2026-05-25,2026-05-26,8444,綠河-KY,TPEx,W,W_atr14@3,2,489,0.104286,,0,0,1,-0.806,-19.355,-26.452,62.1,,不適用,1.0,0.0,933,inf,250.0,official_prepanel,small,26.0,1,處置中・交易規則另案登錄（DK_s＝1）,未扣成本（成本參考：2.8 折來回約 0.38%、全額約 0.585%）；交易方法狀態未知（全額交割、變更交易方法、停止信用交易的來源未提供）；容量以 s 日 vol20 估計，未模擬開盤競價量與滑價；不可交易，僅觀察,未扣成本·事後欄位以 m_ 標示·非投資建議
HC,2,2026-05-26,2026-05-27,6806,,TWSE,W,W_atr14@3,1,489,0.156301,,0,0,1,0.0,14.032,-18.464,787.42,,不適用,1.0,5.0,934,inf,250.0,fallback_prepanel,small,497.0,1,處置中・交易規則另案登錄（DK_s＝1）,未扣成本（成本參考：2.8 折來回約 0.38%、全額約 0.585%）；交易方法狀態未知（全額交割、變更交易方法、停止信用交易的來源未提供）；容量以 s 日 vol20 估計，未模擬開盤競價量與滑價；不可交易，僅觀察,未扣成本·事後欄位以 m_ 標示·非投資建議
HC,2,2026-05-26,2026-05-27,7751,竑騰,TPEx,W,W_atr14@3,3,489,0.105722,,0,0,1,-6.336,-7.989,-18.182,285.6,,不適用,1.0,1.0,179,179.0,179.0,official,large,226.0,1,處置中・交易規則另案登錄（DK_s＝1）,未扣成本（成本參考：2.8 折來回約 0.38%、全額約 0.585%）；交易方法狀態未知（全額交割、變更交易方法、停止信用交易的來源未提供）；容量以 s 日 vol20 估計，未模擬開盤競價量與滑價；不可交易，僅觀察,未扣成本·事後欄位以 m_ 標示·非投資建議
HC,2,2026-05-26,2026-05-27,8444,綠河-KY,TPEx,W,W_atr14@3,2,489,0.107201,,0,0,1,-5.385,-28.154,-30.462,62.25,,不適用,1.0,1.0,934,inf,250.0,official_prepanel,small,36.0,1,處置中・交易規則另案登錄（DK_s＝1）,未扣成本（成本參考：2.8 折來回約 0.38%、全額約 0.585%）；交易方法狀態未知（全額交割、變更交易方法、停止信用交易的來源未提供）；容量以 s 日 vol20 估計，未模擬開盤競價量與滑價；不可交易，僅觀察,未扣成本·事後欄位以 m_ 標示·非投資建議
HC,2,2026-05-27,2026-05-28,3664,安瑞-KY,TPEx,W,W_atr14@3,3,479,0.107189,,0,0,1,0.0,0.391,-5.346,151.5,,不適用,0.0,0.0,935,inf,250.0,official_prepanel,small,46.0,0,可交易（DK_s＝0）,未扣成本（成本參考：2.8 折來回約 0.38%、全額約 0.585%）；交易方法狀態未知（全額交割、變更交易方法、停止信用交易的來源未提供）；容量以 s 日 vol20 估計，未模擬開盤競價量與滑價；不可交易，僅觀察,未扣成本·事後欄位以 m_ 標示·非投資建議
HC,2,2026-05-27,2026-05-28,6806,,TWSE,W,W_atr14@3,1,479,0.163959,,0,0,1,0.0,13.934,-18.525,791.58,,不適用,1.0,5.0,935,inf,250.0,fallback_prepanel,small,370.0,1,處置中・交易規則另案登錄（DK_s＝1）,未扣成本（成本參考：2.8 折來回約 0.38%、全額約 0.585%）；交易方法狀態未知（全額交割、變更交易方法、停止信用交易的來源未提供）；容量以 s 日 vol20 估計，未模擬開盤競價量與滑價；不可交易，僅觀察,未扣成本·事後欄位以 m_ 標示·非投資建議
HC,2,2026-05-27,2026-05-28,7751,竑騰,TPEx,W,W_atr14@3,2,479,0.109244,,0,0,1,2.679,-6.25,-17.262,253.25,,不適用,1.0,1.0,180,180.0,180.0,official,large,87.0,1,處置中・交易規則另案登錄（DK_s＝1）,未扣成本（成本參考：2.8 折來回約 0.38%、全額約 0.585%）；交易方法狀態未知（全額交割、變更交易方法、停止信用交易的來源未提供）；容量以 s 日 vol20 估計，未模擬開盤競價量與滑價；不可交易，僅觀察,未扣成本·事後欄位以 m_ 標示·非投資建議
HC,2,2026-05-28,2026-05-29,4991,環宇-KY,TPEx,W,W_atr14@3,3,476,0.097872,,0,0,1,4.585,-2.292,-24.069,3954.7,,不適用,0.0,2.0,936,inf,250.0,official_prepanel,large,8711.0,0,可交易（DK_s＝0）,未扣成本（成本參考：2.8 折來回約 0.38%、全額約 0.585%）；交易方法狀態未知（全額交割、變更交易方法、停止信用交易的來源未提供）；容量以 s 日 vol20 估計，未模擬開盤競價量與滑價；不可交易，僅觀察,未扣成本·事後欄位以 m_ 標示·非投資建議
HC,2,2026-05-28,2026-05-29,6806,,TWSE,W,W_atr14@3,1,476,0.174023,,1,0,1,22.222,14.026,-18.397,784.16,,不適用,1.0,5.0,936,inf,250.0,fallback_prepanel,small,17317.0,1,處置中・交易規則另案登錄（DK_s＝1）,未扣成本（成本參考：2.8 折來回約 0.38%、全額約 0.585%）；交易方法狀態未知（全額交割、變更交易方法、停止信用交易的來源未提供）；容量以 s 日 vol20 估計，未模擬開盤競價量與滑價；不可交易，僅觀察,未扣成本·事後欄位以 m_ 標示·非投資建議
HC,2,2026-05-28,2026-05-29,8444,綠河-KY,TPEx,W,W_atr14@3,2,476,0.116199,,0,0,1,0.182,-6.909,-10.909,61.8,,不適用,1.0,1.0,936,inf,250.0,official_prepanel,small,35.0,1,處置中・交易規則另案登錄（DK_s＝1）,未扣成本（成本參考：2.8 折來回約 0.38%、全額約 0.585%）；交易方法狀態未知（全額交割、變更交易方法、停止信用交易的來源未提供）；容量以 s 日 vol20 估計，未模擬開盤競價量與滑價；不可交易，僅觀察,未扣成本·事後欄位以 m_ 標示·非投資建議
HC,2,2026-05-29,2026-06-01,4529,淳紳,TPEx,W,W_atr14@3,3,462,0.094993,,0,0,1,-4.462,-2.028,1.217,171.5,,不適用,0.0,0.0,937,inf,250.0,official_prepanel,small,67.0,0,可交易（DK_s＝0）,未扣成本（成本參考：2.8 折來回約 0.38%、全額約 0.585%）；交易方法狀態未知（全額交割、變更交易方法、停止信用交易的來源未提供）；容量以 s 日 vol20 估計，未模擬開盤競價量與滑價；不可交易，僅觀察,未扣成本·事後欄位以 m_ 標示·非投資建議
HC,2,2026-05-29,2026-06-01,6225,天瀚,TWSE,W,W_atr14@3,2,462,0.095982,,0,0,1,-2.976,-6.349,-7.54,45.95,,不適用,0.0,1.0,937,inf,250.0,official_prepanel,small,16.0,0,可交易（DK_s＝0）,未扣成本（成本參考：2.8 折來回約 0.38%、全額約 0.585%）；交易方法狀態未知（全額交割、變更交易方法、停止信用交易的來源未提供）；容量以 s 日 vol20 估計，未模擬開盤競價量與滑價；不可交易，僅觀察,未扣成本·事後欄位以 m_ 標示·非投資建議
HC,2,2026-05-29,2026-06-01,8444,綠河-KY,TPEx,W,W_atr14@3,1,462,0.108763,,0,0,1,-0.398,-2.39,-5.976,56.75,,不適用,1.0,1.0,937,inf,250.0,official_prepanel,small,51.0,0,處置中・交易規則另案登錄（DK_s＝1）,未扣成本（成本參考：2.8 折來回約 0.38%、全額約 0.585%）；交易方法狀態未知（全額交割、變更交易方法、停止信用交易的來源未提供）；容量以 s 日 vol20 估計，未模擬開盤競價量與滑價；不可交易，僅觀察,未扣成本·事後欄位以 m_ 標示·非投資建議
HC,2,2026-06-01,2026-06-02,4529,淳紳,TPEx,W,W_atr14@3,2,445,0.099333,,0,0,1,7.391,14.565,9.13,162.45,,不適用,0.0,0.0,938,inf,250.0,official_prepanel,small,116.0,0,可交易（DK_s＝0）,未扣成本（成本參考：2.8 折來回約 0.38%、全額約 0.585%）；交易方法狀態未知（全額交割、變更交易方法、停止信用交易的來源未提供）；容量以 s 日 vol20 估計，未模擬開盤競價量與滑價；不可交易，僅觀察,未扣成本·事後欄位以 m_ 標示·非投資建議
HC,2,2026-06-01,2026-06-02,4991,環宇-KY,TPEx,W,W_atr14@3,3,445,0.092614,,0,0,1,-7.143,-19.048,-28.042,3911.8,,不適用,0.0,3.0,938,inf,250.0,official_prepanel,large,6170.0,0,可交易（DK_s＝0）,未扣成本（成本參考：2.8 折來回約 0.38%、全額約 0.585%）；交易方法狀態未知（全額交割、變更交易方法、停止信用交易的來源未提供）；容量以 s 日 vol20 估計，未模擬開盤競價量與滑價；不可交易，僅觀察,未扣成本·事後欄位以 m_ 標示·非投資建議
HC,2,2026-06-01,2026-06-02,8444,綠河-KY,TPEx,W,W_atr14@3,1,445,0.122143,,0,0,1,-6.225,-8.434,-5.622,54.05,,不適用,0.0,1.0,938,inf,250.0,official_prepanel,small,85.0,0,可交易（DK_s＝0）,未扣成本（成本參考：2.8 折來回約 0.38%、全額約 0.585%）；交易方法狀態未知（全額交割、變更交易方法、停止信用交易的來源未提供）；容量以 s 日 vol20 估計，未模擬開盤競價量與滑價；不可交易，僅觀察,未扣成本·事後欄位以 m_ 標示·非投資建議
HC,2,2026-06-02,2026-06-03,4991,環宇-KY,TPEx,W,W_atr14@3,3,443,0.100224,,0,0,1,0.137,-18.082,-19.589,3938.75,,不適用,0.0,2.0,939,inf,250.0,official_prepanel,large,5107.0,0,可交易（DK_s＝0）,未扣成本（成本參考：2.8 折來回約 0.38%、全額約 0.585%）；交易方法狀態未知（全額交割、變更交易方法、停止信用交易的來源未提供）；容量以 s 日 vol20 估計，未模擬開盤競價量與滑價；不可交易，僅觀察,未扣成本·事後欄位以 m_ 標示·非投資建議
HC,2,2026-06-02,2026-06-03,6806,,TWSE,W,W_atr14@3,1,443,0.127868,,0,0,1,0.0,-20.576,-47.626,2357.42,,不適用,1.0,4.0,939,inf,250.0,fallback_prepanel,small,1504.0,1,處置中・交易規則另案登錄（DK_s＝1）,未扣成本（成本參考：2.8 折來回約 0.38%、全額約 0.585%）；交易方法狀態未知（全額交割、變更交易方法、停止信用交易的來源未提供）；容量以 s 日 vol20 估計，未模擬開盤競價量與滑價；不可交易，僅觀察,未扣成本·事後欄位以 m_ 標示·非投資建議
HC,2,2026-06-02,2026-06-03,8444,綠河-KY,TPEx,W,W_atr14@3,2,443,0.124809,,0,0,1,9.85,-3.212,4.283,56.4,,不適用,0.0,0.0,939,inf,250.0,official_prepanel,small,86.0,0,可交易（DK_s＝0）,未扣成本（成本參考：2.8 折來回約 0.38%、全額約 0.585%）；交易方法狀態未知（全額交割、變更交易方法、停止信用交易的來源未提供）；容量以 s 日 vol20 估計，未模擬開盤競價量與滑價；不可交易，僅觀察,未扣成本·事後欄位以 m_ 標示·非投資建議
HC,2,2026-06-03,2026-06-04,4991,環宇-KY,TPEx,W,W_atr14@3,3,440,0.099179,,0,0,1,-2.849,-23.219,-20.228,3603.25,,不適用,0.0,3.0,940,inf,250.0,official_prepanel,large,2856.0,0,可交易（DK_s＝0）,未扣成本（成本參考：2.8 折來回約 0.38%、全額約 0.585%）；交易方法狀態未知（全額交割、變更交易方法、停止信用交易的來源未提供）；容量以 s 日 vol20 估計，未模擬開盤競價量與滑價；不可交易，僅觀察,未扣成本·事後欄位以 m_ 標示·非投資建議
HC,2,2026-06-03,2026-06-04,6806,,TWSE,W,W_atr14@3,1,440,0.149949,,0,0,1,0.0,-20.607,-42.492,2395.95,,不適用,1.0,3.0,940,inf,250.0,fallback_prepanel,small,845.0,1,處置中・交易規則另案登錄（DK_s＝1）,未扣成本（成本參考：2.8 折來回約 0.38%、全額約 0.585%）；交易方法狀態未知（全額交割、變更交易方法、停止信用交易的來源未提供）；容量以 s 日 vol20 估計，未模擬開盤競價量與滑價；不可交易，僅觀察,未扣成本·事後欄位以 m_ 標示·非投資建議
HC,2,2026-06-03,2026-06-04,8291,尚茂,TPEx,W,W_atr14@3,2,440,0.10351,,0,0,1,0.0,-34.137,-45.305,172.25,,不適用,1.0,3.0,940,inf,250.0,official_prepanel,small,20.0,1,處置中・交易規則另案登錄（DK_s＝1）,未扣成本（成本參考：2.8 折來回約 0.38%、全額約 0.585%）；交易方法狀態未知（全額交割、變更交易方法、停止信用交易的來源未提供）；容量以 s 日 vol20 估計，未模擬開盤競價量與滑價；不可交易，僅觀察,未扣成本·事後欄位以 m_ 標示·非投資建議
HC,2,2026-06-04,2026-06-05,4991,環宇-KY,TPEx,W,W_atr14@3,3,427,0.103477,,0,0,1,-4.106,-22.287,-17.009,3393.25,,不適用,0.0,3.0,941,inf,250.0,official_prepanel,large,4068.0,0,可交易（DK_s＝0）,未扣成本（成本參考：2.8 折來回約 0.38%、全額約 0.585%）；交易方法狀態未知（全額交割、變更交易方法、停止信用交易的來源未提供）；容量以 s 日 vol20 估計，未模擬開盤競價量與滑價；不可交易，僅觀察,未扣成本·事後欄位以 m_ 標示·非投資建議
HC,2,2026-06-04,2026-06-05,6806,,TWSE,W,W_atr14@3,1,427,0.154952,,0,0,1,0.0,-20.567,-42.553,2405.32,,不適用,1.0,2.0,941,inf,250.0,fallback_prepanel,small,1281.0,1,處置中・交易規則另案登錄（DK_s＝1）,未扣成本（成本參考：2.8 折來回約 0.38%、全額約 0.585%）；交易方法狀態未知（全額交割、變更交易方法、停止信用交易的來源未提供）；容量以 s 日 vol20 估計，未模擬開盤競價量與滑價；不可交易，僅觀察,未扣成本·事後欄位以 m_ 標示·非投資建議
HC,2,2026-06-04,2026-06-05,8291,尚茂,TPEx,W,W_atr14@3,2,427,0.118202,,0,0,1,0.0,-34.155,-33.239,165.05,,不適用,1.0,2.0,941,inf,250.0,official_prepanel,small,16.0,1,處置中・交易規則另案登錄（DK_s＝1）,未扣成本（成本參考：2.8 折來回約 0.38%、全額約 0.585%）；交易方法狀態未知（全額交割、變更交易方法、停止信用交易的來源未提供）；容量以 s 日 vol20 估計，未模擬開盤競價量與滑價；不可交易，僅觀察,未扣成本·事後欄位以 m_ 標示·非投資建議
HC,2,2026-06-05,2026-06-08,4991,環宇-KY,TPEx,W,W_atr14@3,3,431,0.104631,,0,0,1,3.905,-5.942,-4.244,3278.7,,不適用,0.0,2.0,942,inf,250.0,official_prepanel,large,2191.0,0,可交易（DK_s＝0）,未扣成本（成本參考：2.8 折來回約 0.38%、全額約 0.585%）；交易方法狀態未知（全額交割、變更交易方法、停止信用交易的來源未提供）；容量以 s 日 vol20 估計，未模擬開盤競價量與滑價；不可交易，僅觀察,未扣成本·事後欄位以 m_ 標示·非投資建議
HC,2,2026-06-05,2026-06-08,6806,,TWSE,W,W_atr14@3,1,431,0.160208,,0,0,1,3.922,-20.784,-31.176,2448.21,,不適用,1.0,1.0,942,inf,250.0,fallback_prepanel,small,3737.0,1,處置中・交易規則另案登錄（DK_s＝1）,未扣成本（成本參考：2.8 折來回約 0.38%、全額約 0.585%）；交易方法狀態未知（全額交割、變更交易方法、停止信用交易的來源未提供）；容量以 s 日 vol20 估計，未模擬開盤競價量與滑價；不可交易，僅觀察,未扣成本·事後欄位以 m_ 標示·非投資建議
HC,2,2026-06-05,2026-06-08,8291,尚茂,TPEx,W,W_atr14@3,2,431,0.1334,,0,0,1,0.0,-33.412,-18.466,158.35,,不適用,1.0,2.0,942,inf,250.0,official_prepanel,small,22.0,1,處置中・交易規則另案登錄（DK_s＝1）,未扣成本（成本參考：2.8 折來回約 0.38%、全額約 0.585%）；交易方法狀態未知（全額交割、變更交易方法、停止信用交易的來源未提供）；容量以 s 日 vol20 估計，未模擬開盤競價量與滑價；不可交易，僅觀察,未扣成本·事後欄位以 m_ 標示·非投資建議
HC,2,2026-06-08,2026-06-09,4991,環宇-KY,TPEx,W,W_atr14@3,3,430,0.113796,,0,0,1,-3.548,-12.258,-13.548,3315.75,,不適用,0.0,1.0,943,inf,250.0,official_prepanel,large,6131.0,0,可交易（DK_s＝0）,未扣成本（成本參考：2.8 折來回約 0.38%、全額約 0.585%）；交易方法狀態未知（全額交割、變更交易方法、停止信用交易的來源未提供）；容量以 s 日 vol20 估計，未模擬開盤競價量與滑價；不可交易，僅觀察,未扣成本·事後欄位以 m_ 標示·非投資建議
HC,2,2026-06-08,2026-06-09,6806,,TWSE,W,W_atr14@3,1,430,0.15903,,0,0,1,2.412,-32.468,,2582.05,,不適用,1.0,0.0,943,inf,250.0,fallback_prepanel,small,1459.0,1,處置中・交易規則另案登錄（DK_s＝1）,未扣成本（成本參考：2.8 折來回約 0.38%、全額約 0.585%）；交易方法狀態未知（全額交割、變更交易方法、停止信用交易的來源未提供）；容量以 s 日 vol20 估計，未模擬開盤競價量與滑價；不可交易，僅觀察,未扣成本·事後欄位以 m_ 標示·非投資建議
HC,2,2026-06-08,2026-06-09,8291,尚茂,TPEx,W,W_atr14@3,2,430,0.149229,,0,0,1,0.0,-31.944,-13.542,153.65,,不適用,1.0,2.0,943,inf,250.0,official_prepanel,small,14.0,1,處置中・交易規則另案登錄（DK_s＝1）,未扣成本（成本參考：2.8 折來回約 0.38%、全額約 0.585%）；交易方法狀態未知（全額交割、變更交易方法、停止信用交易的來源未提供）；容量以 s 日 vol20 估計，未模擬開盤競價量與滑價；不可交易，僅觀察,未扣成本·事後欄位以 m_ 標示·非投資建議
HC,2,2026-06-09,2026-06-10,4991,環宇-KY,TPEx,W,W_atr14@3,3,428,0.11861,,0,0,1,-5.769,2.622,-1.573,3548.35,,不適用,0.0,1.0,944,inf,250.0,official_prepanel,large,5336.0,0,可交易（DK_s＝0）,未扣成本（成本參考：2.8 折來回約 0.38%、全額約 0.585%）；交易方法狀態未知（全額交割、變更交易方法、停止信用交易的來源未提供）；容量以 s 日 vol20 估計，未模擬開盤競價量與滑價；不可交易，僅觀察,未扣成本·事後欄位以 m_ 標示·非投資建議
HC,2,2026-06-09,2026-06-10,6806,,TWSE,W,W_atr14@3,2,428,0.14234,,0,0,1,-14.31,-37.241,,2617.21,,不適用,1.0,0.0,944,inf,250.0,fallback_prepanel,small,2311.0,1,處置中・交易規則另案登錄（DK_s＝1）,未扣成本（成本參考：2.8 折來回約 0.38%、全額約 0.585%）；交易方法狀態未知（全額交割、變更交易方法、停止信用交易的來源未提供）；容量以 s 日 vol20 估計，未模擬開盤競價量與滑價；不可交易，僅觀察,未扣成本·事後欄位以 m_ 標示·非投資建議
HC,2,2026-06-09,2026-06-10,8291,尚茂,TPEx,W,W_atr14@3,1,428,0.164931,,0,0,1,0.0,-24.47,-8.478,151.1,,不適用,1.0,3.0,944,inf,250.0,official_prepanel,small,57.0,1,處置中・交易規則另案登錄（DK_s＝1）,未扣成本（成本參考：2.8 折來回約 0.38%、全額約 0.585%）；交易方法狀態未知（全額交割、變更交易方法、停止信用交易的來源未提供）；容量以 s 日 vol20 估計，未模擬開盤競價量與滑價；不可交易，僅觀察,未扣成本·事後欄位以 m_ 標示·非投資建議
HC,2,2026-06-10,2026-06-11,4991,環宇-KY,TPEx,W,W_atr14@3,3,424,0.132786,,0,0,1,2.317,8.108,8.494,3787.2,,不適用,0.0,1.0,945,inf,250.0,official_prepanel,large,8260.0,0,可交易（DK_s＝0）,未扣成本（成本參考：2.8 折來回約 0.38%、全額約 0.585%）；交易方法狀態未知（全額交割、變更交易方法、停止信用交易的來源未提供）；容量以 s 日 vol20 估計，未模擬開盤競價量與滑價；不可交易，僅觀察,未扣成本·事後欄位以 m_ 標示·非投資建議
HC,2,2026-06-10,2026-06-11,6806,,TWSE,W,W_atr14@3,2,424,0.154211,,0,0,1,0.0,-19.643,,2601.9,,不適用,1.0,0.0,945,inf,250.0,fallback_prepanel,small,689.0,1,處置中・交易規則另案登錄（DK_s＝1）,未扣成本（成本參考：2.8 折來回約 0.38%、全額約 0.585%）；交易方法狀態未知（全額交割、變更交易方法、停止信用交易的來源未提供）；容量以 s 日 vol20 估計，未模擬開盤競價量與滑價；不可交易，僅觀察,未扣成本·事後欄位以 m_ 標示·非投資建議
HC,2,2026-06-10,2026-06-11,8291,尚茂,TPEx,W,W_atr14@3,1,424,0.180567,,0,0,1,0.0,-7.807,-1.39,144.65,,不適用,1.0,4.0,945,inf,250.0,official_prepanel,small,28.0,1,處置中・交易規則另案登錄（DK_s＝1）,未扣成本（成本參考：2.8 折來回約 0.38%、全額約 0.585%）；交易方法狀態未知（全額交割、變更交易方法、停止信用交易的來源未提供）；容量以 s 日 vol20 估計，未模擬開盤競價量與滑價；不可交易，僅觀察,未扣成本·事後欄位以 m_ 標示·非投資建議
HC,2,2026-06-11,2026-06-12,4991,環宇-KY,TPEx,W,W_atr14@3,3,432,0.132547,,0,0,1,-3.986,-1.906,-12.132,4164.85,,不適用,0.0,2.0,946,inf,250.0,official_prepanel,large,6509.0,0,可交易（DK_s＝0）,未扣成本（成本參考：2.8 折來回約 0.38%、全額約 0.585%）；交易方法狀態未知（全額交割、變更交易方法、停止信用交易的來源未提供）；容量以 s 日 vol20 估計，未模擬開盤競價量與滑價；不可交易，僅觀察,未扣成本·事後欄位以 m_ 標示·非投資建議
HC,2,2026-06-11,2026-06-12,6806,,TWSE,W,W_atr14@3,2,432,0.162468,,0,0,1,0.0,-19.802,,2379.85,,不適用,1.0,1.0,946,inf,250.0,fallback_prepanel,small,1017.0,0,處置中・交易規則另案登錄（DK_s＝1）,未扣成本（成本參考：2.8 折來回約 0.38%、全額約 0.585%）；交易方法狀態未知（全額交割、變更交易方法、停止信用交易的來源未提供）；容量以 s 日 vol20 估計，未模擬開盤競價量與滑價；不可交易，僅觀察,未扣成本·事後欄位以 m_ 標示·非投資建議
HC,2,2026-06-11,2026-06-12,8291,尚茂,TPEx,W,W_atr14@3,1,432,0.195798,,0,0,1,0.949,12.456,4.389,140.15,,不適用,1.0,5.0,946,inf,250.0,official_prepanel,small,920.0,1,處置中・交易規則另案登錄（DK_s＝1）,未扣成本（成本參考：2.8 折來回約 0.38%、全額約 0.585%）；交易方法狀態未知（全額交割、變更交易方法、停止信用交易的來源未提供）；容量以 s 日 vol20 估計，未模擬開盤競價量與滑價；不可交易，僅觀察,未扣成本·事後欄位以 m_ 標示·非投資建議
HC,2,2026-06-12,2026-06-15,3523,迎輝,TPEx,W,W_atr14@3,3,428,0.102426,,0,1,0,0.0,4.298,4.585,95.0,,不適用,1.0,1.0,947,inf,250.0,official_prepanel,small,51.0,1,處置中・交易規則另案登錄（DK_s＝1）,未扣成本（成本參考：2.8 折來回約 0.38%、全額約 0.585%）；交易方法狀態未知（全額交割、變更交易方法、停止信用交易的來源未提供）；容量以 s 日 vol20 估計，未模擬開盤競價量與滑價；不可交易，僅觀察,未扣成本·事後欄位以 m_ 標示·非投資建議
HC,2,2026-06-12,2026-06-15,4991,環宇-KY,TPEx,W,W_atr14@3,2,428,0.123066,,0,0,1,-4.561,-1.053,-15.351,4452.75,,不適用,0.0,3.0,947,inf,250.0,official_prepanel,large,7389.0,0,可交易（DK_s＝0）,未扣成本（成本參考：2.8 折來回約 0.38%、全額約 0.585%）；交易方法狀態未知（全額交割、變更交易方法、停止信用交易的來源未提供）；容量以 s 日 vol20 估計，未模擬開盤競價量與滑價；不可交易，僅觀察,未扣成本·事後欄位以 m_ 標示·非投資建議
HC,2,2026-06-12,2026-06-15,6806,,TWSE,W,W_atr14@3,1,428,0.171676,,0,0,1,0.0,-3.571,,2369.55,,不適用,0.0,1.0,947,inf,250.0,fallback_prepanel,small,1580.0,0,可交易（DK_s＝0）,未扣成本（成本參考：2.8 折來回約 0.38%、全額約 0.585%）；交易方法狀態未知（全額交割、變更交易方法、停止信用交易的來源未提供）；容量以 s 日 vol20 估計，未模擬開盤競價量與滑價；不可交易，僅觀察,未扣成本·事後欄位以 m_ 標示·非投資建議
HC,2,2026-06-15,2026-06-16,2740,華軒,TPEx,W,W_atr14@3,3,428,0.094073,,0,0,1,-6.569,7.482,16.423,10.6,,不適用,0.0,0.0,948,inf,250.0,official_prepanel,small,28.0,0,可交易（DK_s＝0）,未扣成本（成本參考：2.8 折來回約 0.38%、全額約 0.585%）；交易方法狀態未知（全額交割、變更交易方法、停止信用交易的來源未提供）；容量以 s 日 vol20 估計，未模擬開盤競價量與滑價；不可交易，僅觀察,未扣成本·事後欄位以 m_ 標示·非投資建議
HC,2,2026-06-15,2026-06-16,4991,環宇-KY,TPEx,W,W_atr14@3,2,428,0.118501,,0,0,1,2.265,-6.62,-7.666,4782.9,,不適用,0.0,4.0,948,inf,250.0,official_prepanel,large,7312.0,0,可交易（DK_s＝0）,未扣成本（成本參考：2.8 折來回約 0.38%、全額約 0.585%）；交易方法狀態未知（全額交割、變更交易方法、停止信用交易的來源未提供）；容量以 s 日 vol20 估計，未模擬開盤競價量與滑價；不可交易，僅觀察,未扣成本·事後欄位以 m_ 標示·非投資建議
HC,2,2026-06-15,2026-06-16,6806,,TWSE,W,W_atr14@3,1,428,0.182104,,0,0,1,10.303,,,2438.5,,不適用,0.0,1.0,948,inf,250.0,fallback_prepanel,small,5322.0,0,可交易（DK_s＝0）,未扣成本（成本參考：2.8 折來回約 0.38%、全額約 0.585%）；交易方法狀態未知（全額交割、變更交易方法、停止信用交易的來源未提供）；容量以 s 日 vol20 估計，未模擬開盤競價量與滑價；不可交易，僅觀察,未扣成本·事後欄位以 m_ 標示·非投資建議
HC,2,2026-06-16,2026-06-17,3523,迎輝,TPEx,W,W_atr14@3,2,428,0.112277,,0,0,1,-0.625,30.937,6.25,97.0,,不適用,1.0,1.0,949,inf,250.0,official_prepanel,small,26.0,1,處置中・交易規則另案登錄（DK_s＝1）,未扣成本（成本參考：2.8 折來回約 0.38%、全額約 0.585%）；交易方法狀態未知（全額交割、變更交易方法、停止信用交易的來源未提供）；容量以 s 日 vol20 估計，未模擬開盤競價量與滑價；不可交易，僅觀察,未扣成本·事後欄位以 m_ 標示·非投資建議
HC,2,2026-06-16,2026-06-17,4991,環宇-KY,TPEx,W,W_atr14@3,3,428,0.104466,,0,0,1,-1.408,-0.88,-4.401,5096.95,,不適用,0.0,5.0,949,inf,250.0,official_prepanel,large,6095.0,0,可交易（DK_s＝0）,未扣成本（成本參考：2.8 折來回約 0.38%、全額約 0.585%）；交易方法狀態未知（全額交割、變更交易方法、停止信用交易的來源未提供）；容量以 s 日 vol20 估計，未模擬開盤競價量與滑價；不可交易，僅觀察,未扣成本·事後欄位以 m_ 標示·非投資建議
HC,2,2026-06-16,2026-06-17,6806,,TWSE,W,W_atr14@3,1,428,0.174058,,0,0,1,-7.692,,,2698.2,,不適用,0.0,2.0,949,inf,250.0,fallback_prepanel,small,2531.0,0,可交易（DK_s＝0）,未扣成本（成本參考：2.8 折來回約 0.38%、全額約 0.585%）；交易方法狀態未知（全額交割、變更交易方法、停止信用交易的來源未提供）；容量以 s 日 vol20 估計，未模擬開盤競價量與滑價；不可交易，僅觀察,未扣成本·事後欄位以 m_ 標示·非投資建議
HC,2,2026-06-17,2026-06-18,3523,迎輝,TPEx,W,W_atr14@3,2,429,0.113881,,0,0,1,7.468,25.974,10.065,97.85,,不適用,1.0,1.0,950,inf,250.0,official_prepanel,small,31.0,1,處置中・交易規則另案登錄（DK_s＝1）,未扣成本（成本參考：2.8 折來回約 0.38%、全額約 0.585%）；交易方法狀態未知（全額交割、變更交易方法、停止信用交易的來源未提供）；容量以 s 日 vol20 估計，未模擬開盤競價量與滑價；不可交易，僅觀察,未扣成本·事後欄位以 m_ 標示·非投資建議
HC,2,2026-06-17,2026-06-18,4991,環宇-KY,TPEx,W,W_atr14@3,3,429,0.104273,,0,0,1,6.792,6.038,-0.755,5356.4,,不適用,0.0,5.0,950,inf,250.0,official_prepanel,large,1465.0,1,可交易（DK_s＝0）,未扣成本（成本參考：2.8 折來回約 0.38%、全額約 0.585%）；交易方法狀態未知（全額交割、變更交易方法、停止信用交易的來源未提供）；容量以 s 日 vol20 估計，未模擬開盤競價量與滑價；不可交易，僅觀察,未扣成本·事後欄位以 m_ 標示·非投資建議
HC,2,2026-06-17,2026-06-18,6806,,TWSE,W,W_atr14@3,1,429,0.169246,,0,0,1,-10.0,,,2816.05,,不適用,0.0,2.0,950,inf,250.0,fallback_prepanel,small,4347.0,0,可交易（DK_s＝0）,未扣成本（成本參考：2.8 折來回約 0.38%、全額約 0.585%）；交易方法狀態未知（全額交割、變更交易方法、停止信用交易的來源未提供）；容量以 s 日 vol20 估計，未模擬開盤競價量與滑價；不可交易，僅觀察,未扣成本·事後欄位以 m_ 標示·非投資建議
HC,2,2026-06-18,2026-06-22,3288,點晶,TPEx,W,W_atr14@3,3,427,0.098257,,0,0,1,11.951,5.122,-3.415,121.1,,不適用,1.0,0.0,951,inf,250.0,official_prepanel,small,157.0,0,處置中・交易規則另案登錄（DK_s＝1）,未扣成本（成本參考：2.8 折來回約 0.38%、全額約 0.585%）；交易方法狀態未知（全額交割、變更交易方法、停止信用交易的來源未提供）；容量以 s 日 vol20 估計，未模擬開盤競價量與滑價；不可交易，僅觀察,未扣成本·事後欄位以 m_ 標示·非投資建議
HC,2,2026-06-18,2026-06-22,3523,迎輝,TPEx,W,W_atr14@3,2,427,0.108114,,1,0,1,9.97,7.855,1.813,98.8,,不適用,1.0,1.0,951,inf,250.0,official_prepanel,small,110.0,0,處置中・交易規則另案登錄（DK_s＝1）,未扣成本（成本參考：2.8 折來回約 0.38%、全額約 0.585%）；交易方法狀態未知（全額交割、變更交易方法、停止信用交易的來源未提供）；容量以 s 日 vol20 估計，未模擬開盤競價量與滑價；不可交易，僅觀察,未扣成本·事後欄位以 m_ 標示·非投資建議
HC,2,2026-06-18,2026-06-22,6806,,TWSE,W,W_atr14@3,1,427,0.169092,,0,0,1,10.726,,,3023.85,,不適用,0.0,1.0,951,inf,250.0,fallback_prepanel,small,6690.0,0,可交易（DK_s＝0）,未扣成本（成本參考：2.8 折來回約 0.38%、全額約 0.585%）；交易方法狀態未知（全額交割、變更交易方法、停止信用交易的來源未提供）；容量以 s 日 vol20 估計，未模擬開盤競價量與滑價；不可交易，僅觀察,未扣成本·事後欄位以 m_ 標示·非投資建議
HC,2,2026-06-22,2026-06-23,4991,環宇-KY,TPEx,W,W_atr14@3,2,430,0.092895,,0,0,1,-5.3,-14.753,-7.951,5320.3,,不適用,1.0,4.0,952,inf,250.0,official_prepanel,large,1272.0,1,處置中・交易規則另案登錄（DK_s＝1）,未扣成本（成本參考：2.8 折來回約 0.38%、全額約 0.585%）；交易方法狀態未知（全額交割、變更交易方法、停止信用交易的來源未提供）；容量以 s 日 vol20 估計，未模擬開盤競價量與滑價；不可交易，僅觀察,未扣成本·事後欄位以 m_ 標示·非投資建議
HC,2,2026-06-22,2026-06-23,6806,,TWSE,W,W_atr14@3,1,430,0.150387,,0,0,0,,,,3323.35,,不適用,0.0,2.0,952,inf,250.0,fallback_prepanel,small,,0,可交易（DK_s＝0）,未扣成本（成本參考：2.8 折來回約 0.38%、全額約 0.585%）；交易方法狀態未知（全額交割、變更交易方法、停止信用交易的來源未提供）；容量以 s 日 vol20 估計，未模擬開盤競價量與滑價；不可交易，僅觀察,未扣成本·事後欄位以 m_ 標示·非投資建議
HC,2,2026-06-22,2026-06-23,6907,雅特力-KY,TPEx,W,W_atr14@3,3,430,0.089347,,0,0,1,2.236,-10.224,20.649,2554.95,,不適用,0.0,0.0,91,91.0,91.0,official,mid,3273.0,0,可交易（DK_s＝0）,未扣成本（成本參考：2.8 折來回約 0.38%、全額約 0.585%）；交易方法狀態未知（全額交割、變更交易方法、停止信用交易的來源未提供）；容量以 s 日 vol20 估計，未模擬開盤競價量與滑價；不可交易，僅觀察,未扣成本·事後欄位以 m_ 標示·非投資建議
HC,2,2026-06-23,2026-06-24,4991,環宇-KY,TPEx,W,W_atr14@3,2,427,0.091085,,0,0,1,5.037,-1.119,-12.5,5062.65,,不適用,1.0,3.0,953,inf,250.0,official_prepanel,large,745.0,1,處置中・交易規則另案登錄（DK_s＝1）,未扣成本（成本參考：2.8 折來回約 0.38%、全額約 0.585%）；交易方法狀態未知（全額交割、變更交易方法、停止信用交易的來源未提供）；容量以 s 日 vol20 估計，未模擬開盤競價量與滑價；不可交易，僅觀察,未扣成本·事後欄位以 m_ 標示·非投資建議
HC,2,2026-06-23,2026-06-24,5345,馥鴻,TPEx,W,W_atr14@3,3,427,0.090714,,0,0,1,-1.431,-15.103,-16.534,157.3,,不適用,1.0,1.0,953,inf,250.0,official_prepanel,small,44.0,1,處置中・交易規則另案登錄（DK_s＝1）,未扣成本（成本參考：2.8 折來回約 0.38%、全額約 0.585%）；交易方法狀態未知（全額交割、變更交易方法、停止信用交易的來源未提供）；容量以 s 日 vol20 估計，未模擬開盤競價量與滑價；不可交易，僅觀察,未扣成本·事後欄位以 m_ 標示·非投資建議
HC,2,2026-06-23,2026-06-24,8291,尚茂,TPEx,W,W_atr14@3,1,427,0.114601,,0,0,1,-0.731,-13.271,-27.064,190.95,,不適用,1.0,2.0,953,inf,250.0,official_prepanel,small,59.0,1,處置中・交易規則另案登錄（DK_s＝1）,未扣成本（成本參考：2.8 折來回約 0.38%、全額約 0.585%）；交易方法狀態未知（全額交割、變更交易方法、停止信用交易的來源未提供）；容量以 s 日 vol20 估計，未模擬開盤競價量與滑價；不可交易，僅觀察,未扣成本·事後欄位以 m_ 標示·非投資建議
HC,2,2026-06-24,2026-06-25,3523,迎輝,TPEx,W,W_atr14@3,3,434,0.091374,,0,0,1,-7.399,-18.854,-26.014,140.55,,不適用,0.0,0.0,954,inf,250.0,official_prepanel,small,222.0,0,可交易（DK_s＝0）,未扣成本（成本參考：2.8 折來回約 0.38%、全額約 0.585%）；交易方法狀態未知（全額交割、變更交易方法、停止信用交易的來源未提供）；容量以 s 日 vol20 估計，未模擬開盤競價量與滑價；不可交易，僅觀察,未扣成本·事後欄位以 m_ 標示·非投資建議
HC,2,2026-06-24,2026-06-25,5701,劍湖山,TPEx,W,W_atr14@3,2,434,0.104705,,0,0,1,3.018,0.0,0.201,1064.6,,不適用,0.0,0.0,954,inf,250.0,official_prepanel,small,173.0,0,可交易（DK_s＝0）,未扣成本（成本參考：2.8 折來回約 0.38%、全額約 0.585%）；交易方法狀態未知（全額交割、變更交易方法、停止信用交易的來源未提供）；容量以 s 日 vol20 估計，未模擬開盤競價量與滑價；不可交易，僅觀察,未扣成本·事後欄位以 m_ 標示·非投資建議
HC,2,2026-06-24,2026-06-25,8291,尚茂,TPEx,W,W_atr14@3,1,434,0.11203,,0,0,1,-3.958,-12.5,-31.25,189.4,,不適用,1.0,1.0,954,inf,250.0,official_prepanel,small,87.0,1,處置中・交易規則另案登錄（DK_s＝1）,未扣成本（成本參考：2.8 折來回約 0.38%、全額約 0.585%）；交易方法狀態未知（全額交割、變更交易方法、停止信用交易的來源未提供）；容量以 s 日 vol20 估計，未模擬開盤競價量與滑價；不可交易，僅觀察,未扣成本·事後欄位以 m_ 標示·非投資建議
HC,2,2026-06-25,2026-06-26,3523,迎輝,TPEx,W,W_atr14@3,2,441,0.096834,,0,0,1,-8.462,-13.077,-21.026,150.4,,不適用,0.0,0.0,955,inf,250.0,official_prepanel,small,102.0,0,可交易（DK_s＝0）,未扣成本（成本參考：2.8 折來回約 0.38%、全額約 0.585%）；交易方法狀態未知（全額交割、變更交易方法、停止信用交易的來源未提供）；容量以 s 日 vol20 估計，未模擬開盤競價量與滑價；不可交易，僅觀察,未扣成本·事後欄位以 m_ 標示·非投資建議
HC,2,2026-06-25,2026-06-26,6907,雅特力-KY,TPEx,W,W_atr14@3,3,441,0.091466,,0,0,1,-3.729,5.823,33.132,2955.05,,不適用,0.0,0.0,94,94.0,94.0,official,mid,1195.0,0,可交易（DK_s＝0）,未扣成本（成本參考：2.8 折來回約 0.38%、全額約 0.585%）；交易方法狀態未知（全額交割、變更交易方法、停止信用交易的來源未提供）；容量以 s 日 vol20 估計，未模擬開盤競價量與滑價；不可交易，僅觀察,未扣成本·事後欄位以 m_ 標示·非投資建議
HC,2,2026-06-25,2026-06-26,8291,尚茂,TPEx,W,W_atr14@3,1,441,0.104896,,0,0,1,-4.555,-15.401,-32.104,189.5,,不適用,1.0,0.0,955,inf,250.0,official_prepanel,small,46.0,1,處置中・交易規則另案登錄（DK_s＝1）,未扣成本（成本參考：2.8 折來回約 0.38%、全額約 0.585%）；交易方法狀態未知（全額交割、變更交易方法、停止信用交易的來源未提供）；容量以 s 日 vol20 估計，未模擬開盤競價量與滑價；不可交易，僅觀察,未扣成本·事後欄位以 m_ 標示·非投資建議
HC,2,2026-06-26,2026-06-29,3523,迎輝,TPEx,W,W_atr14@3,1,452,0.102641,,0,0,1,12.654,4.012,-4.938,153.05,,不適用,0.0,0.0,956,inf,250.0,official_prepanel,small,115.0,0,可交易（DK_s＝0）,未扣成本（成本參考：2.8 折來回約 0.38%、全額約 0.585%）；交易方法狀態未知（全額交割、變更交易方法、停止信用交易的來源未提供）；容量以 s 日 vol20 估計，未模擬開盤競價量與滑價；不可交易，僅觀察,未扣成本·事後欄位以 m_ 標示·非投資建議
HC,2,2026-06-26,2026-06-29,5701,劍湖山,TPEx,W,W_atr14@3,3,452,0.097767,,0,0,1,0.601,-0.2,-6.012,1061.5,,不適用,0.0,0.0,956,inf,250.0,official_prepanel,small,74.0,0,可交易（DK_s＝0）,未扣成本（成本參考：2.8 折來回約 0.38%、全額約 0.585%）；交易方法狀態未知（全額交割、變更交易方法、停止信用交易的來源未提供）；容量以 s 日 vol20 估計，未模擬開盤競價量與滑價；不可交易，僅觀察,未扣成本·事後欄位以 m_ 標示·非投資建議
HC,2,2026-06-26,2026-06-29,8291,尚茂,TPEx,W,W_atr14@3,2,452,0.100649,,0,0,1,-3.497,-13.287,-33.566,188.4,,不適用,1.0,0.0,956,inf,250.0,official_prepanel,small,50.0,1,處置中・交易規則另案登錄（DK_s＝1）,未扣成本（成本參考：2.8 折來回約 0.38%、全額約 0.585%）；交易方法狀態未知（全額交割、變更交易方法、停止信用交易的來源未提供）；容量以 s 日 vol20 估計，未模擬開盤競價量與滑價；不可交易，僅觀察,未扣成本·事後欄位以 m_ 標示·非投資建議
HC,2,2026-06-29,2026-06-30,3523,迎輝,TPEx,W,W_atr14@3,1,448,0.103327,,0,0,1,-6.849,-12.329,-15.068,121.65,,不適用,0.0,0.0,957,inf,250.0,official_prepanel,small,270.0,0,可交易（DK_s＝0）,未扣成本（成本參考：2.8 折來回約 0.38%、全額約 0.585%）；交易方法狀態未知（全額交割、變更交易方法、停止信用交易的來源未提供）；容量以 s 日 vol20 估計，未模擬開盤競價量與滑價；不可交易，僅觀察,未扣成本·事後欄位以 m_ 標示·非投資建議
HC,2,2026-06-29,2026-06-30,6225,天瀚,TWSE,W,W_atr14@3,3,448,0.096392,,0,0,1,-0.732,14.634,20.244,32.35,,不適用,0.0,0.0,957,inf,250.0,official_prepanel,small,62.0,0,可交易（DK_s＝0）,未扣成本（成本參考：2.8 折來回約 0.38%、全額約 0.585%）；交易方法狀態未知（全額交割、變更交易方法、停止信用交易的來源未提供）；容量以 s 日 vol20 估計，未模擬開盤競價量與滑價；不可交易，僅觀察,未扣成本·事後欄位以 m_ 標示·非投資建議
HC,2,2026-06-29,2026-06-30,8291,尚茂,TPEx,W,W_atr14@3,2,448,0.101536,,0,0,1,11.26,-0.804,-29.759,146.75,,不適用,1.0,0.0,957,inf,250.0,official_prepanel,small,93.0,1,處置中・交易規則另案登錄（DK_s＝1）,未扣成本（成本參考：2.8 折來回約 0.38%、全額約 0.585%）；交易方法狀態未知（全額交割、變更交易方法、停止信用交易的來源未提供）；容量以 s 日 vol20 估計，未模擬開盤競價量與滑價；不可交易，僅觀察,未扣成本·事後欄位以 m_ 標示·非投資建議
HC,2,2026-06-30,2026-07-01,3523,迎輝,TPEx,W,W_atr14@3,1,464,0.112395,,0,0,1,0.0,-9.118,-9.412,127.8,,不適用,0.0,0.0,958,inf,250.0,official_prepanel,small,58.0,0,可交易（DK_s＝0）,未扣成本（成本參考：2.8 折來回約 0.38%、全額約 0.585%）；交易方法狀態未知（全額交割、變更交易方法、停止信用交易的來源未提供）；容量以 s 日 vol20 估計，未模擬開盤競價量與滑價；不可交易，僅觀察,未扣成本·事後欄位以 m_ 標示·非投資建議
HC,2,2026-06-30,2026-07-01,6225,天瀚,TWSE,W,W_atr14@3,3,464,0.091787,,0,0,1,8.845,13.759,29.238,34.65,,不適用,0.0,0.0,958,inf,250.0,official_prepanel,small,11.0,0,可交易（DK_s＝0）,未扣成本（成本參考：2.8 折來回約 0.38%、全額約 0.585%）；交易方法狀態未知（全額交割、變更交易方法、停止信用交易的來源未提供）；容量以 s 日 vol20 估計，未模擬開盤競價量與滑價；不可交易，僅觀察,未扣成本·事後欄位以 m_ 標示·非投資建議
HC,2,2026-06-30,2026-07-01,8291,尚茂,TPEx,W,W_atr14@3,2,464,0.097676,,0,0,1,-4.219,-20.41,-43.216,148.85,,不適用,1.0,0.0,958,inf,250.0,official_prepanel,small,44.0,1,處置中・交易規則另案登錄（DK_s＝1）,未扣成本（成本參考：2.8 折來回約 0.38%、全額約 0.585%）；交易方法狀態未知（全額交割、變更交易方法、停止信用交易的來源未提供）；容量以 s 日 vol20 估計，未模擬開盤競價量與滑價；不可交易，僅觀察,未扣成本·事後欄位以 m_ 標示·非投資建議
HC,3,2026-07-01,2026-07-02,3523,迎輝,TPEx,W,W_atr14@3,1,475,0.109034,,0,0,1,-1.739,-10.145,-10.725,126.7,,不適用,0.0,0.0,959,inf,250.0,official_prepanel,small,91.0,0,可交易（DK_s＝0）,未扣成本（成本參考：2.8 折來回約 0.38%、全額約 0.585%）；交易方法狀態未知（全額交割、變更交易方法、停止信用交易的來源未提供）；容量以 s 日 vol20 估計，未模擬開盤競價量與滑價；不可交易，僅觀察,未扣成本·事後欄位以 m_ 標示·非投資建議
HC,3,2026-07-01,2026-07-02,6225,天瀚,TWSE,W,W_atr14@3,3,475,0.089004,,0,0,1,-1.58,3.837,15.35,35.0,,不適用,0.0,0.0,959,inf,250.0,official_prepanel,small,2.0,0,可交易（DK_s＝0）,未扣成本（成本參考：2.8 折來回約 0.38%、全額約 0.585%）；交易方法狀態未知（全額交割、變更交易方法、停止信用交易的來源未提供）；容量以 s 日 vol20 估計，未模擬開盤競價量與滑價；不可交易，僅觀察,未扣成本·事後欄位以 m_ 標示·非投資建議
HC,3,2026-07-01,2026-07-02,8291,尚茂,TPEx,W,W_atr14@3,2,475,0.090816,,0,0,1,-7.143,-21.429,-34.881,149.35,,不適用,1.0,0.0,959,inf,250.0,official_prepanel,small,121.0,0,處置中・交易規則另案登錄（DK_s＝1）,未扣成本（成本參考：2.8 折來回約 0.38%、全額約 0.585%）；交易方法狀態未知（全額交割、變更交易方法、停止信用交易的來源未提供）；容量以 s 日 vol20 估計，未模擬開盤競價量與滑價；不可交易，僅觀察,未扣成本·事後欄位以 m_ 標示·非投資建議
HC,3,2026-07-02,2026-07-03,3523,迎輝,TPEx,W,W_atr14@3,1,474,0.102823,,0,0,1,-0.59,-9.145,-11.799,127.25,,不適用,0.0,0.0,960,inf,250.0,official_prepanel,small,26.0,0,可交易（DK_s＝0）,未扣成本（成本參考：2.8 折來回約 0.38%、全額約 0.585%）；交易方法狀態未知（全額交割、變更交易方法、停止信用交易的來源未提供）；容量以 s 日 vol20 估計，未模擬開盤競價量與滑價；不可交易，僅觀察,未扣成本·事後欄位以 m_ 標示·非投資建議
HC,3,2026-07-02,2026-07-03,6225,天瀚,TWSE,W,W_atr14@3,3,474,0.085518,,0,0,1,9.862,6.881,19.266,33.35,,不適用,0.0,0.0,960,inf,250.0,official_prepanel,small,7.0,0,可交易（DK_s＝0）,未扣成本（成本參考：2.8 折來回約 0.38%、全額約 0.585%）；交易方法狀態未知（全額交割、變更交易方法、停止信用交易的來源未提供）；容量以 s 日 vol20 估計，未模擬開盤競價量與滑價；不可交易，僅觀察,未扣成本·事後欄位以 m_ 標示·非投資建議
HC,3,2026-07-02,2026-07-03,8291,尚茂,TPEx,W,W_atr14@3,2,474,0.095879,,0,0,1,-4.615,-19.744,-22.949,154.4,,不適用,0.0,0.0,960,inf,250.0,official_prepanel,small,105.0,0,可交易（DK_s＝0）,未扣成本（成本參考：2.8 折來回約 0.38%、全額約 0.585%）；交易方法狀態未知（全額交割、變更交易方法、停止信用交易的來源未提供）；容量以 s 日 vol20 估計，未模擬開盤競價量與滑價；不可交易，僅觀察,未扣成本·事後欄位以 m_ 標示·非投資建議
HC,3,2026-07-03,2026-07-06,3523,迎輝,TPEx,W,W_atr14@3,1,480,0.101526,,0,0,1,-4.192,-7.784,-15.269,122.05,,不適用,0.0,0.0,961,inf,250.0,official_prepanel,small,113.0,0,可交易（DK_s＝0）,未扣成本（成本參考：2.8 折來回約 0.38%、全額約 0.585%）；交易方法狀態未知（全額交割、變更交易方法、停止信用交易的來源未提供）；容量以 s 日 vol20 估計，未模擬開盤競價量與滑價；不可交易，僅觀察,未扣成本·事後欄位以 m_ 標示·非投資建議
HC,3,2026-07-03,2026-07-06,7828,創新服務,TPEx,W,W_atr14@3,3,480,0.082143,,0,0,1,-7.919,-10.633,-19.457,293.7,,不適用,0.0,0.0,51,51.0,51.0,official,large,381.0,0,可交易（DK_s＝0）,未扣成本（成本參考：2.8 折來回約 0.38%、全額約 0.585%）；交易方法狀態未知（全額交割、變更交易方法、停止信用交易的來源未提供）；容量以 s 日 vol20 估計，未模擬開盤競價量與滑價；不可交易，僅觀察,未扣成本·事後欄位以 m_ 標示·非投資建議
HC,3,2026-07-03,2026-07-06,8291,尚茂,TPEx,W,W_atr14@3,2,480,0.095526,,0,0,1,-2.76,-25.099,-13.141,158.65,,不適用,0.0,0.0,961,inf,250.0,official_prepanel,small,46.0,0,可交易（DK_s＝0）,未扣成本（成本參考：2.8 折來回約 0.38%、全額約 0.585%）；交易方法狀態未知（全額交割、變更交易方法、停止信用交易的來源未提供）；容量以 s 日 vol20 估計，未模擬開盤競價量與滑價；不可交易，僅觀察,未扣成本·事後欄位以 m_ 標示·非投資建議
HC,3,2026-07-06,2026-07-07,3523,迎輝,TPEx,W,W_atr14@3,1,490,0.104688,,0,0,1,-3.438,-3.125,-12.5,116.05,,不適用,0.0,0.0,962,inf,250.0,official_prepanel,small,48.0,0,可交易（DK_s＝0）,未扣成本（成本參考：2.8 折來回約 0.38%、全額約 0.585%）；交易方法狀態未知（全額交割、變更交易方法、停止信用交易的來源未提供）；容量以 s 日 vol20 估計，未模擬開盤競價量與滑價；不可交易，僅觀察,未扣成本·事後欄位以 m_ 標示·非投資建議
HC,3,2026-07-06,2026-07-07,7828,創新服務,TPEx,W,W_atr14@3,3,490,0.091611,,0,0,1,-8.02,1.504,-6.266,303.55,,不適用,0.0,0.0,52,52.0,52.0,official,large,683.0,0,可交易（DK_s＝0）,未扣成本（成本參考：2.8 折來回約 0.38%、全額約 0.585%）；交易方法狀態未知（全額交割、變更交易方法、停止信用交易的來源未提供）；容量以 s 日 vol20 估計，未模擬開盤競價量與滑價；不可交易，僅觀察,未扣成本·事後欄位以 m_ 標示·非投資建議
HC,3,2026-07-06,2026-07-07,8291,尚茂,TPEx,W,W_atr14@3,2,490,0.092085,,0,0,1,-5.676,-29.189,-1.757,160.15,,不適用,0.0,0.0,962,inf,250.0,official_prepanel,small,64.0,0,可交易（DK_s＝0）,未扣成本（成本參考：2.8 折來回約 0.38%、全額約 0.585%）；交易方法狀態未知（全額交割、變更交易方法、停止信用交易的來源未提供）；容量以 s 日 vol20 估計，未模擬開盤競價量與滑價；不可交易，僅觀察,未扣成本·事後欄位以 m_ 標示·非投資建議
HC,3,2026-07-07,2026-07-08,3523,迎輝,TPEx,W,W_atr14@3,2,496,0.098474,,0,0,1,1.974,1.316,1.316,114.85,,不適用,0.0,0.0,963,inf,250.0,official_prepanel,small,27.0,0,可交易（DK_s＝0）,未扣成本（成本參考：2.8 折來回約 0.38%、全額約 0.585%）；交易方法狀態未知（全額交割、變更交易方法、停止信用交易的來源未提供）；容量以 s 日 vol20 估計，未模擬開盤競價量與滑價；不可交易，僅觀察,未扣成本·事後欄位以 m_ 標示·非投資建議
HC,3,2026-07-07,2026-07-08,6225,天瀚,TWSE,W,W_atr14@3,3,496,0.091176,,0,0,1,-0.862,13.362,8.405,23.5,,不適用,0.0,0.0,963,inf,250.0,official_prepanel,small,15.0,0,可交易（DK_s＝0）,未扣成本（成本參考：2.8 折來回約 0.38%、全額約 0.585%）；交易方法狀態未知（全額交割、變更交易方法、停止信用交易的來源未提供）；容量以 s 日 vol20 估計，未模擬開盤競價量與滑價；不可交易，僅觀察,未扣成本·事後欄位以 m_ 標示·非投資建議
HC,3,2026-07-07,2026-07-08,7828,創新服務,TPEx,W,W_atr14@3,1,496,0.101596,,0,0,1,3.774,8.625,2.965,328.05,,不適用,0.0,0.0,53,53.0,53.0,official,large,484.0,0,可交易（DK_s＝0）,未扣成本（成本參考：2.8 折來回約 0.38%、全額約 0.585%）；交易方法狀態未知（全額交割、變更交易方法、停止信用交易的來源未提供）；容量以 s 日 vol20 估計，未模擬開盤競價量與滑價；不可交易，僅觀察,未扣成本·事後欄位以 m_ 標示·非投資建議
HC,3,2026-07-08,2026-07-09,3485,敘豐,TPEx,W,W_atr14@3,3,496,0.084697,,0,0,1,-1.038,-9.689,-16.955,464.95,,不適用,0.0,0.0,45,45.0,45.0,official,mid,157.0,0,可交易（DK_s＝0）,未扣成本（成本參考：2.8 折來回約 0.38%、全額約 0.585%）；交易方法狀態未知（全額交割、變更交易方法、停止信用交易的來源未提供）；容量以 s 日 vol20 估計，未模擬開盤競價量與滑價；不可交易，僅觀察,未扣成本·事後欄位以 m_ 標示·非投資建議
HC,3,2026-07-08,2026-07-09,7822,倍利科,TWSE,W,W_atr14@3,2,496,0.088415,,0,0,1,-1.675,-5.123,-14.877,326.15,,不適用,0.0,0.0,69,69.0,69.0,official,large,227.0,0,可交易（DK_s＝0）,未扣成本（成本參考：2.8 折來回約 0.38%、全額約 0.585%）；交易方法狀態未知（全額交割、變更交易方法、停止信用交易的來源未提供）；容量以 s 日 vol20 估計，未模擬開盤競價量與滑價；不可交易，僅觀察,未扣成本·事後欄位以 m_ 標示·非投資建議
HC,3,2026-07-08,2026-07-09,7828,創新服務,TPEx,W,W_atr14@3,1,496,0.097959,,0,0,1,5.75,8.0,-5.5,347.1,,不適用,0.0,1.0,54,54.0,54.0,official,large,287.0,0,可交易（DK_s＝0）,未扣成本（成本參考：2.8 折來回約 0.38%、全額約 0.585%）；交易方法狀態未知（全額交割、變更交易方法、停止信用交易的來源未提供）；容量以 s 日 vol20 估計，未模擬開盤競價量與滑價；不可交易，僅觀察,未扣成本·事後欄位以 m_ 標示·非投資建議
HC,3,2026-07-09,2026-07-13,1435,中福,TWSE,W,W_atr14@3,3,499,0.084026,,0,0,1,-7.069,-21.034,-20.0,56.67,,不適用,1.0,2.0,965,inf,250.0,official_prepanel,small,24.0,1,處置中・交易規則另案登錄（DK_s＝1）,未扣成本（成本參考：2.8 折來回約 0.38%、全額約 0.585%）；交易方法狀態未知（全額交割、變更交易方法、停止信用交易的來源未提供）；容量以 s 日 vol20 估計，未模擬開盤競價量與滑價；不可交易，僅觀察,未扣成本·事後欄位以 m_ 標示·非投資建議
HC,3,2026-07-09,2026-07-13,7795,長廣,TWSE,W,W_atr14@3,2,499,0.085857,,0,0,1,-5.317,-13.036,-32.676,880.75,,不適用,1.0,3.0,113,113.0,113.0,official,large,723.0,1,處置中・交易規則另案登錄（DK_s＝1）,未扣成本（成本參考：2.8 折來回約 0.38%、全額約 0.585%）；交易方法狀態未知（全額交割、變更交易方法、停止信用交易的來源未提供）；容量以 s 日 vol20 估計，未模擬開盤競價量與滑價；不可交易，僅觀察,未扣成本·事後欄位以 m_ 標示·非投資建議
HC,3,2026-07-09,2026-07-13,7822,倍利科,TWSE,W,W_atr14@3,1,499,0.088391,,0,0,1,-2.906,-12.425,-14.128,320.2,,不適用,0.0,0.0,70,70.0,70.0,official,large,193.0,0,可交易（DK_s＝0）,未扣成本（成本參考：2.8 折來回約 0.38%、全額約 0.585%）；交易方法狀態未知（全額交割、變更交易方法、停止信用交易的來源未提供）；容量以 s 日 vol20 估計，未模擬開盤競價量與滑價；不可交易，僅觀察,未扣成本·事後欄位以 m_ 標示·非投資建議
HC,3,2026-07-13,2026-07-14,1435,中福,TWSE,W,W_atr14@3,2,508,0.093294,,0,0,1,-5.009,-26.118,-8.766,54.62,,不適用,1.0,1.0,966,inf,250.0,official_prepanel,small,12.0,1,處置中・交易規則另案登錄（DK_s＝1）,未扣成本（成本參考：2.8 折來回約 0.38%、全額約 0.585%）；交易方法狀態未知（全額交割、變更交易方法、停止信用交易的來源未提供）；容量以 s 日 vol20 估計，未模擬開盤競價量與滑價；不可交易，僅觀察,未扣成本·事後欄位以 m_ 標示·非投資建議
HC,3,2026-07-13,2026-07-14,5345,馥鴻,TPEx,W,W_atr14@3,3,508,0.091297,,0,0,1,-3.944,-11.833,17.401,99.1,,不適用,0.0,0.0,966,inf,250.0,official_prepanel,small,85.0,0,可交易（DK_s＝0）,未扣成本（成本參考：2.8 折來回約 0.38%、全額約 0.585%）；交易方法狀態未知（全額交割、變更交易方法、停止信用交易的來源未提供）；容量以 s 日 vol20 估計，未模擬開盤競價量與滑價；不可交易，僅觀察,未扣成本·事後欄位以 m_ 標示·非投資建議
HC,3,2026-07-13,2026-07-14,7828,創新服務,TPEx,W,W_atr14@3,1,508,0.105425,,0,0,1,5.744,-7.05,-17.232,335.1,,不適用,0.0,1.0,56,56.0,56.0,official,large,410.0,0,可交易（DK_s＝0）,未扣成本（成本參考：2.8 折來回約 0.38%、全額約 0.585%）；交易方法狀態未知（全額交割、變更交易方法、停止信用交易的來源未提供）；容量以 s 日 vol20 估計，未模擬開盤競價量與滑價；不可交易，僅觀察,未扣成本·事後欄位以 m_ 標示·非投資建議
HC,3,2026-07-14,2026-07-15,1435,中福,TWSE,W,W_atr14@3,2,506,0.095776,,0,0,1,0.0,-29.567,-11.488,52.12,,不適用,1.0,0.0,967,inf,250.0,official_prepanel,small,10.0,1,處置中・交易規則另案登錄（DK_s＝1）,未扣成本（成本參考：2.8 折來回約 0.38%、全額約 0.585%）；交易方法狀態未知（全額交割、變更交易方法、停止信用交易的來源未提供）；容量以 s 日 vol20 估計，未模擬開盤競價量與滑價；不可交易，僅觀察,未扣成本·事後欄位以 m_ 標示·非投資建議
HC,3,2026-07-14,2026-07-15,5345,馥鴻,TPEx,W,W_atr14@3,3,506,0.095411,,0,0,1,-2.415,0.966,10.628,75.95,,不適用,0.0,0.0,967,inf,250.0,official_prepanel,small,55.0,0,可交易（DK_s＝0）,未扣成本（成本參考：2.8 折來回約 0.38%、全額約 0.585%）；交易方法狀態未知（全額交割、變更交易方法、停止信用交易的來源未提供）；容量以 s 日 vol20 估計，未模擬開盤競價量與滑價；不可交易，僅觀察,未扣成本·事後欄位以 m_ 標示·非投資建議
HC,3,2026-07-14,2026-07-15,7828,創新服務,TPEx,W,W_atr14@3,1,506,0.103175,,0,0,1,-1.946,-9.002,-30.414,330.1,,不適用,0.0,1.0,57,57.0,57.0,official,large,183.0,0,可交易（DK_s＝0）,未扣成本（成本參考：2.8 折來回約 0.38%、全額約 0.585%）；交易方法狀態未知（全額交割、變更交易方法、停止信用交易的來源未提供）；容量以 s 日 vol20 估計，未模擬開盤競價量與滑價；不可交易，僅觀察,未扣成本·事後欄位以 m_ 標示·非投資建議
HC,3,2026-07-15,2026-07-16,1435,中福,TWSE,W,W_atr14@3,3,501,0.091203,,0,0,1,-0.392,-24.706,-13.137,49.78,,不適用,1.0,0.0,968,inf,250.0,official_prepanel,small,7.0,1,處置中・交易規則另案登錄（DK_s＝1）,未扣成本（成本參考：2.8 折來回約 0.38%、全額約 0.585%）；交易方法狀態未知（全額交割、變更交易方法、停止信用交易的來源未提供）；容量以 s 日 vol20 估計，未模擬開盤競價量與滑價；不可交易，僅觀察,未扣成本·事後欄位以 m_ 標示·非投資建議
HC,3,2026-07-15,2026-07-16,5345,馥鴻,TPEx,W,W_atr14@3,2,501,0.094236,,0,0,1,0.99,13.614,2.228,72.0,,不適用,0.0,0.0,968,inf,250.0,official_prepanel,small,20.0,0,可交易（DK_s＝0）,未扣成本（成本參考：2.8 折來回約 0.38%、全額約 0.585%）；交易方法狀態未知（全額交割、變更交易方法、停止信用交易的來源未提供）；容量以 s 日 vol20 估計，未模擬開盤競價量與滑價；不可交易，僅觀察,未扣成本·事後欄位以 m_ 標示·非投資建議
HC,3,2026-07-15,2026-07-16,7828,創新服務,TPEx,W,W_atr14@3,1,501,0.102269,,0,0,1,9.645,-3.046,-34.518,307.0,,不適用,0.0,1.0,58,58.0,58.0,official,large,562.0,0,可交易（DK_s＝0）,未扣成本（成本參考：2.8 折來回約 0.38%、全額約 0.585%）；交易方法狀態未知（全額交割、變更交易方法、停止信用交易的來源未提供）；容量以 s 日 vol20 估計，未模擬開盤競價量與滑價；不可交易，僅觀察,未扣成本·事後欄位以 m_ 標示·非投資建議
HC,3,2026-07-16,2026-07-17,1435,中福,TWSE,W,W_atr14@3,2,504,0.093363,,0,0,1,-0.218,-8.061,-8.061,47.53,,不適用,1.0,0.0,969,inf,250.0,official_prepanel,small,16.0,0,處置中・交易規則另案登錄（DK_s＝1）,未扣成本（成本參考：2.8 折來回約 0.38%、全額約 0.585%）；交易方法狀態未知（全額交割、變更交易方法、停止信用交易的來源未提供）；容量以 s 日 vol20 估計，未模擬開盤競價量與滑價；不可交易，僅觀察,未扣成本·事後欄位以 m_ 標示·非投資建議
HC,3,2026-07-16,2026-07-17,5345,馥鴻,TPEx,W,W_atr14@3,3,504,0.093312,,0,0,1,-3.695,24.138,7.143,65.1,,不適用,0.0,0.0,969,inf,250.0,official_prepanel,small,20.0,0,可交易（DK_s＝0）,未扣成本（成本參考：2.8 折來回約 0.38%、全額約 0.585%）；交易方法狀態未知（全額交割、變更交易方法、停止信用交易的來源未提供）；容量以 s 日 vol20 估計，未模擬開盤競價量與滑價；不可交易，僅觀察,未扣成本·事後欄位以 m_ 標示·非投資建議
HC,3,2026-07-16,2026-07-17,7828,創新服務,TPEx,W,W_atr14@3,1,504,0.102017,,0,0,1,-5.122,-7.805,-40.488,310.8,,不適用,0.0,0.0,59,59.0,59.0,official,large,353.0,0,可交易（DK_s＝0）,未扣成本（成本參考：2.8 折來回約 0.38%、全額約 0.585%）；交易方法狀態未知（全額交割、變更交易方法、停止信用交易的來源未提供）；容量以 s 日 vol20 估計，未模擬開盤競價量與滑價；不可交易，僅觀察,未扣成本·事後欄位以 m_ 標示·非投資建議
HC,3,2026-07-17,2026-07-20,1435,中福,TWSE,W,W_atr14@3,2,520,0.104959,,0,0,1,-8.83,2.428,-1.987,45.95,,不適用,0.0,0.0,970,inf,250.0,official_prepanel,small,37.0,0,可交易（DK_s＝0）,未扣成本（成本參考：2.8 折來回約 0.38%、全額約 0.585%）；交易方法狀態未知（全額交割、變更交易方法、停止信用交易的來源未提供）；容量以 s 日 vol20 估計，未模擬開盤競價量與滑價；不可交易，僅觀察,未扣成本·事後欄位以 m_ 標示·非投資建議
HC,3,2026-07-17,2026-07-20,5345,馥鴻,TPEx,W,W_atr14@3,3,520,0.099379,,0,0,1,-1.809,43.152,21.189,61.8,,不適用,0.0,0.0,970,inf,250.0,official_prepanel,small,18.0,0,可交易（DK_s＝0）,未扣成本（成本參考：2.8 折來回約 0.38%、全額約 0.585%）；交易方法狀態未知（全額交割、變更交易方法、停止信用交易的來源未提供）；容量以 s 日 vol20 估計，未模擬開盤競價量與滑價；不可交易，僅觀察,未扣成本·事後欄位以 m_ 標示·非投資建議
HC,3,2026-07-17,2026-07-20,7828,創新服務,TPEx,W,W_atr14@3,1,520,0.112009,,0,0,1,-8.483,-11.054,-31.105,314.0,,不適用,0.0,1.0,60,60.0,60.0,official,large,449.0,0,可交易（DK_s＝0）,未扣成本（成本參考：2.8 折來回約 0.38%、全額約 0.585%）；交易方法狀態未知（全額交割、變更交易方法、停止信用交易的來源未提供）；容量以 s 日 vol20 估計，未模擬開盤競價量與滑價；不可交易，僅觀察,未扣成本·事後欄位以 m_ 標示·非投資建議
HC,3,2026-07-20,2026-07-21,1435,中福,TWSE,W,W_atr14@3,2,519,0.114147,,0,0,1,-7.882,25.616,20.197,46.95,,不適用,0.0,0.0,971,inf,250.0,official_prepanel,small,61.0,0,可交易（DK_s＝0）,未扣成本（成本參考：2.8 折來回約 0.38%、全額約 0.585%）；交易方法狀態未知（全額交割、變更交易方法、停止信用交易的來源未提供）；容量以 s 日 vol20 估計，未模擬開盤競價量與滑價；不可交易，僅觀察,未扣成本·事後欄位以 m_ 標示·非投資建議
HC,3,2026-07-20,2026-07-21,7795,長廣,TWSE,W,W_atr14@3,3,519,0.109451,,0,0,1,-6.102,-9.04,-12.881,920.6,,不適用,0.0,0.0,119,119.0,119.0,official,large,1652.0,0,可交易（DK_s＝0）,未扣成本（成本參考：2.8 折來回約 0.38%、全額約 0.585%）；交易方法狀態未知（全額交割、變更交易方法、停止信用交易的來源未提供）；容量以 s 日 vol20 估計，未模擬開盤競價量與滑價；不可交易，僅觀察,未扣成本·事後欄位以 m_ 標示·非投資建議
HC,3,2026-07-20,2026-07-21,7828,創新服務,TPEx,W,W_atr14@3,1,519,0.12179,,0,0,1,3.889,-11.944,-18.611,331.65,,不適用,0.0,1.0,61,61.0,61.0,official,large,370.0,0,可交易（DK_s＝0）,未扣成本（成本參考：2.8 折來回約 0.38%、全額約 0.585%）；交易方法狀態未知（全額交割、變更交易方法、停止信用交易的來源未提供）；容量以 s 日 vol20 估計，未模擬開盤競價量與滑價；不可交易，僅觀察,未扣成本·事後欄位以 m_ 標示·非投資建議
HC,3,2026-07-21,2026-07-22,1435,中福,TWSE,W,W_atr14@3,1,527,0.124332,,0,0,1,2.674,25.668,28.877,49.8,,不適用,0.0,1.0,972,inf,250.0,official_prepanel,small,31.0,0,可交易（DK_s＝0）,未扣成本（成本參考：2.8 折來回約 0.38%、全額約 0.585%）；交易方法狀態未知（全額交割、變更交易方法、停止信用交易的來源未提供）；容量以 s 日 vol20 估計，未模擬開盤競價量與滑價；不可交易，僅觀察,未扣成本·事後欄位以 m_ 標示·非投資建議
HC,3,2026-07-21,2026-07-22,7795,長廣,TWSE,W,W_atr14@3,2,527,0.119735,,0,0,1,1.166,-13.753,-2.564,937.15,,不適用,0.0,0.0,120,120.0,120.0,official,large,1327.0,0,可交易（DK_s＝0）,未扣成本（成本參考：2.8 折來回約 0.38%、全額約 0.585%）；交易方法狀態未知（全額交割、變更交易方法、停止信用交易的來源未提供）；容量以 s 日 vol20 估計，未模擬開盤競價量與滑價；不可交易，僅觀察,未扣成本·事後欄位以 m_ 標示·非投資建議
HC,3,2026-07-21,2026-07-22,7828,創新服務,TPEx,W,W_atr14@3,3,527,0.117838,,0,0,1,-1.546,-26.289,-17.01,343.55,,不適用,0.0,1.0,62,62.0,62.0,official,large,318.0,0,可交易（DK_s＝0）,未扣成本（成本參考：2.8 折來回約 0.38%、全額約 0.585%）；交易方法狀態未知（全額交割、變更交易方法、停止信用交易的來源未提供）；容量以 s 日 vol20 估計，未模擬開盤競價量與滑價；不可交易，僅觀察,未扣成本·事後欄位以 m_ 標示·非投資建議
HC,3,2026-07-22,2026-07-23,1435,中福,TWSE,W,W_atr14@3,2,534,0.114397,,1,0,1,10.761,16.273,20.735,51.1,,不適用,0.0,2.0,973,inf,250.0,official_prepanel,small,35.0,0,可交易（DK_s＝0）,未扣成本（成本參考：2.8 折來回約 0.38%、全額約 0.585%）；交易方法狀態未知（全額交割、變更交易方法、停止信用交易的來源未提供）；容量以 s 日 vol20 估計，未模擬開盤競價量與滑價；不可交易，僅觀察,未扣成本·事後欄位以 m_ 標示·非投資建議
HC,3,2026-07-22,2026-07-23,7795,長廣,TWSE,W,W_atr14@3,3,534,0.110846,,0,0,1,-5.081,-19.746,-1.617,958.6,,不適用,0.0,1.0,121,121.0,121.0,official,large,525.0,0,可交易（DK_s＝0）,未扣成本（成本參考：2.8 折來回約 0.38%、全額約 0.585%）；交易方法狀態未知（全額交割、變更交易方法、停止信用交易的來源未提供）；容量以 s 日 vol20 估計，未模擬開盤競價量與滑價；不可交易，僅觀察,未扣成本·事後欄位以 m_ 標示·非投資建議
HC,3,2026-07-22,2026-07-23,7828,創新服務,TPEx,W,W_atr14@3,1,534,0.115931,,0,0,1,-2.577,-33.505,-9.794,345.85,,不適用,0.0,1.0,63,63.0,63.0,official,large,219.0,0,可交易（DK_s＝0）,未扣成本（成本參考：2.8 折來回約 0.38%、全額約 0.585%）；交易方法狀態未知（全額交割、變更交易方法、停止信用交易的來源未提供）；容量以 s 日 vol20 估計，未模擬開盤競價量與滑價；不可交易，僅觀察,未扣成本·事後欄位以 m_ 標示·非投資建議
HC,3,2026-07-23,2026-07-24,7610,聯友金屬-創,TWSE,W,W_atr14@3,1,513,0.116605,,0,0,1,0.302,-33.837,5.74,575.1,,不適用,0.0,3.0,209,209.0,209.0,official,large,1438.0,0,可交易（DK_s＝0）,未扣成本（成本參考：2.8 折來回約 0.38%、全額約 0.585%）；交易方法狀態未知（全額交割、變更交易方法、停止信用交易的來源未提供）；容量以 s 日 vol20 估計，未模擬開盤競價量與滑價；不可交易，僅觀察,未扣成本·事後欄位以 m_ 標示·非投資建議
HC,3,2026-07-23,2026-07-24,7795,長廣,TWSE,W,W_atr14@3,3,513,0.109228,,0,0,1,-2.967,-17.923,4.079,954.6,,不適用,0.0,1.0,122,122.0,122.0,official,large,501.0,0,可交易（DK_s＝0）,未扣成本（成本參考：2.8 折來回約 0.38%、全額約 0.585%）；交易方法狀態未知（全額交割、變更交易方法、停止信用交易的來源未提供）；容量以 s 日 vol20 估計，未模擬開盤競價量與滑價；不可交易，僅觀察,未扣成本·事後欄位以 m_ 標示·非投資建議
HC,3,2026-07-23,2026-07-24,7828,創新服務,TPEx,W,W_atr14@3,2,513,0.111867,,0,0,1,-8.466,-35.45,-7.143,347.25,,不適用,0.0,1.0,64,64.0,64.0,official,large,279.0,0,可交易（DK_s＝0）,未扣成本（成本參考：2.8 折來回約 0.38%、全額約 0.585%）；交易方法狀態未知（全額交割、變更交易方法、停止信用交易的來源未提供）；容量以 s 日 vol20 估計，未模擬開盤競價量與滑價；不可交易，僅觀察,未扣成本·事後欄位以 m_ 標示·非投資建議
HC,3,2026-07-24,2026-07-27,7610,聯友金屬-創,TWSE,W,W_atr14@3,1,521,0.117636,,0,0,1,0.0,-19.732,23.746,635.8,,不適用,0.0,3.0,210,210.0,210.0,official,large,162.0,1,可交易（DK_s＝0）,未扣成本（成本參考：2.8 折來回約 0.38%、全額約 0.585%）；交易方法狀態未知（全額交割、變更交易方法、停止信用交易的來源未提供）；容量以 s 日 vol20 估計，未模擬開盤競價量與滑價；不可交易，僅觀察,未扣成本·事後欄位以 m_ 標示·非投資建議
HC,3,2026-07-24,2026-07-27,7795,長廣,TWSE,W,W_atr14@3,3,521,0.111283,,0,0,1,2.548,-10.701,9.172,964.75,,不適用,0.0,2.0,123,123.0,123.0,official,large,522.0,0,可交易（DK_s＝0）,未扣成本（成本參考：2.8 折來回約 0.38%、全額約 0.585%）；交易方法狀態未知（全額交割、變更交易方法、停止信用交易的來源未提供）；容量以 s 日 vol20 估計，未模擬開盤競價量與滑價；不可交易，僅觀察,未扣成本·事後欄位以 m_ 標示·非投資建議
HC,3,2026-07-24,2026-07-27,7828,創新服務,TPEx,W,W_atr14@3,2,521,0.114988,,0,0,1,-7.849,-22.093,-0.581,356.6,,不適用,0.0,0.0,65,65.0,65.0,official,large,434.0,0,可交易（DK_s＝0）,未扣成本（成本參考：2.8 折來回約 0.38%、全額約 0.585%）；交易方法狀態未知（全額交割、變更交易方法、停止信用交易的來源未提供）；容量以 s 日 vol20 估計，未模擬開盤競價量與滑價；不可交易，僅觀察,未扣成本·事後欄位以 m_ 標示·非投資建議
HC,3,2026-07-27,2026-07-28,7610,聯友金屬-創,TWSE,W,W_atr14@3,1,512,0.133981,,0,0,1,0.0,-2.222,44.444,623.55,,不適用,1.0,3.0,211,211.0,211.0,official,large,160.0,1,處置中・交易規則另案登錄（DK_s＝1）,未扣成本（成本參考：2.8 折來回約 0.38%、全額約 0.585%）；交易方法狀態未知（全額交割、變更交易方法、停止信用交易的來源未提供）；容量以 s 日 vol20 估計，未模擬開盤競價量與滑價；不可交易，僅觀察,未扣成本·事後欄位以 m_ 標示·非投資建議
HC,3,2026-07-27,2026-07-28,7795,長廣,TWSE,W,W_atr14@3,3,512,0.105146,,0,0,1,0.407,4.613,24.016,932.7,,不適用,0.0,3.0,124,124.0,124.0,official,large,502.0,0,可交易（DK_s＝0）,未扣成本（成本參考：2.8 折來回約 0.38%、全額約 0.585%）；交易方法狀態未知（全額交割、變更交易方法、停止信用交易的來源未提供）；容量以 s 日 vol20 估計，未模擬開盤競價量與滑價；不可交易，僅觀察,未扣成本·事後欄位以 m_ 標示·非投資建議
HC,3,2026-07-27,2026-07-28,7828,創新服務,TPEx,W,W_atr14@3,2,512,0.119648,,0,0,1,-4.667,-2.333,10.333,371.65,,不適用,0.0,1.0,66,66.0,66.0,official,large,497.0,0,可交易（DK_s＝0）,未扣成本（成本參考：2.8 折來回約 0.38%、全額約 0.585%）；交易方法狀態未知（全額交割、變更交易方法、停止信用交易的來源未提供）；容量以 s 日 vol20 估計，未模擬開盤競價量與滑價；不可交易，僅觀察,未扣成本·事後欄位以 m_ 標示·非投資建議
HC,3,2026-07-28,2026-07-29,7610,聯友金屬-創,TWSE,W,W_atr14@3,1,528,0.146681,,0,0,1,0.0,19.342,53.909,621.7,,不適用,1.0,4.0,212,212.0,212.0,official,large,142.0,1,處置中・交易規則另案登錄（DK_s＝1）,未扣成本（成本參考：2.8 折來回約 0.38%、全額約 0.585%）；交易方法狀態未知（全額交割、變更交易方法、停止信用交易的來源未提供）；容量以 s 日 vol20 估計，未模擬開盤競價量與滑價；不可交易，僅觀察,未扣成本·事後欄位以 m_ 標示·非投資建議
HC,3,2026-07-28,2026-07-29,7795,長廣,TWSE,W,W_atr14@3,3,528,0.108205,,0,0,1,-2.113,17.746,29.577,916.55,,不適用,0.0,3.0,125,125.0,125.0,official,large,957.0,0,可交易（DK_s＝0）,未扣成本（成本參考：2.8 折來回約 0.38%、全額約 0.585%）；交易方法狀態未知（全額交割、變更交易方法、停止信用交易的來源未提供）；容量以 s 日 vol20 估計，未模擬開盤競價量與滑價；不可交易，僅觀察,未扣成本·事後欄位以 m_ 標示·非投資建議
HC,3,2026-07-28,2026-07-29,7828,創新服務,TPEx,W,W_atr14@3,2,528,0.129121,,0,0,1,-7.194,15.827,15.468,386.3,,不適用,0.0,1.0,67,67.0,67.0,official,large,446.0,0,可交易（DK_s＝0）,未扣成本（成本參考：2.8 折來回約 0.38%、全額約 0.585%）；交易方法狀態未知（全額交割、變更交易方法、停止信用交易的來源未提供）；容量以 s 日 vol20 估計，未模擬開盤競價量與滑價；不可交易，僅觀察,未扣成本·事後欄位以 m_ 標示·非投資建議
HC,3,2026-07-29,2026-07-30,6907,雅特力-KY,TPEx,W,W_atr14@3,3,532,0.12016,,0,0,1,3.448,22.414,17.586,1954.8,,不適用,1.0,0.0,117,117.0,117.0,official,mid,540.0,1,處置中・交易規則另案登錄（DK_s＝1）,未扣成本（成本參考：2.8 折來回約 0.38%、全額約 0.585%）；交易方法狀態未知（全額交割、變更交易方法、停止信用交易的來源未提供）；容量以 s 日 vol20 估計，未模擬開盤競價量與滑價；不可交易，僅觀察,未扣成本·事後欄位以 m_ 標示·非投資建議
HC,3,2026-07-29,2026-07-30,7610,聯友金屬-創,TWSE,W,W_atr14@3,1,532,0.159061,,0,0,1,0.0,45.662,73.059,618.9,,不適用,1.0,5.0,213,213.0,213.0,official,large,1260.0,1,處置中・交易規則另案登錄（DK_s＝1）,未扣成本（成本參考：2.8 折來回約 0.38%、全額約 0.585%）；交易方法狀態未知（全額交割、變更交易方法、停止信用交易的來源未提供）；容量以 s 日 vol20 估計，未模擬開盤競價量與滑價；不可交易，僅觀察,未扣成本·事後欄位以 m_ 標示·非投資建議
HC,3,2026-07-29,2026-07-30,7828,創新服務,TPEx,W,W_atr14@3,2,532,0.14175,,0,0,1,0.0,43.443,44.262,402.3,,不適用,0.0,1.0,68,68.0,68.0,official,large,493.0,0,可交易（DK_s＝0）,未扣成本（成本參考：2.8 折來回約 0.38%、全額約 0.585%）；交易方法狀態未知（全額交割、變更交易方法、停止信用交易的來源未提供）；容量以 s 日 vol20 估計，未模擬開盤競價量與滑價；不可交易，僅觀察,未扣成本·事後欄位以 m_ 標示·非投資建議
HC,3,2026-07-30,2026-07-31,6907,雅特力-KY,TPEx,W,W_atr14@3,3,522,0.128333,,0,0,1,0.917,19.266,4.281,1944.75,,不適用,1.0,0.0,118,118.0,118.0,official,mid,1101.0,0,處置中・交易規則另案登錄（DK_s＝1）,未扣成本（成本參考：2.8 折來回約 0.38%、全額約 0.585%）；交易方法狀態未知（全額交割、變更交易方法、停止信用交易的來源未提供）；容量以 s 日 vol20 估計，未模擬開盤競價量與滑價；不可交易，僅觀察,未扣成本·事後欄位以 m_ 標示·非投資建議
HC,3,2026-07-30,2026-07-31,7610,聯友金屬-創,TWSE,W,W_atr14@3,1,522,0.177038,,1,1,0,0.0,45.833,50.833,671.8,,不適用,1.0,5.0,214,214.0,214.0,official,large,78.0,1,處置中・交易規則另案登錄（DK_s＝1）,未扣成本（成本參考：2.8 折來回約 0.38%、全額約 0.585%）；交易方法狀態未知（全額交割、變更交易方法、停止信用交易的來源未提供）；容量以 s 日 vol20 估計，未模擬開盤競價量與滑價；不可交易，僅觀察,未扣成本·事後欄位以 m_ 標示·非投資建議
HC,3,2026-07-30,2026-07-31,7828,創新服務,TPEx,W,W_atr14@3,2,522,0.147248,,0,1,0,0.0,30.97,39.925,420.4,,不適用,0.0,2.0,69,69.0,69.0,official,large,547.0,0,可交易（DK_s＝0）,未扣成本（成本參考：2.8 折來回約 0.38%、全額約 0.585%）；交易方法狀態未知（全額交割、變更交易方法、停止信用交易的來源未提供）；容量以 s 日 vol20 估計，未模擬開盤競價量與滑價；不可交易，僅觀察,未扣成本·事後欄位以 m_ 標示·非投資建議
HC,3,2026-07-31,2026-08-03,3491,昇達科,TPEx,W,W_atr14@3,2,535,0.117724,,1,0,1,12.105,30.0,44.737,2073.74,,不適用,0.0,1.0,980,inf,250.0,official_prepanel,large,1678.0,0,可交易（DK_s＝0）,未扣成本（成本參考：2.8 折來回約 0.38%、全額約 0.585%）；交易方法狀態未知（全額交割、變更交易方法、停止信用交易的來源未提供）；容量以 s 日 vol20 估計，未模擬開盤競價量與滑價；不可交易，僅觀察,未扣成本·事後欄位以 m_ 標示·非投資建議
HC,3,2026-07-31,2026-08-03,4169,泰宗,TWSE,W,W_atr14@3,1,535,0.118127,,0,0,1,1.582,-0.633,-3.481,603.21,,不適用,0.0,2.0,80,80.0,80.0,official,mid,301.0,1,可交易（DK_s＝0）,未扣成本（成本參考：2.8 折來回約 0.38%、全額約 0.585%）；交易方法狀態未知（全額交割、變更交易方法、停止信用交易的來源未提供）；容量以 s 日 vol20 估計，未模擬開盤競價量與滑價；不可交易，僅觀察,未扣成本·事後欄位以 m_ 標示·非投資建議
HC,3,2026-07-31,2026-08-03,7795,長廣,TWSE,W,W_atr14@3,3,535,0.116364,,0,0,1,8.592,20.704,50.986,720.45,,不適用,0.0,1.0,128,128.0,128.0,official,large,461.0,0,可交易（DK_s＝0）,未扣成本（成本參考：2.8 折來回約 0.38%、全額約 0.585%）；交易方法狀態未知（全額交割、變更交易方法、停止信用交易的來源未提供）；容量以 s 日 vol20 估計，未模擬開盤競價量與滑價；不可交易，僅觀察,未扣成本·事後欄位以 m_ 標示·非投資建議
HC,3,2026-08-03,2026-08-04,4169,泰宗,TWSE,W,W_atr14@3,1,532,0.114984,,0,0,1,0.935,-4.361,-7.165,603.95,,不適用,1.0,3.0,81,81.0,81.0,official,mid,205.0,1,處置中・交易規則另案登錄（DK_s＝1）,未扣成本（成本參考：2.8 折來回約 0.38%、全額約 0.585%）；交易方法狀態未知（全額交割、變更交易方法、停止信用交易的來源未提供）；容量以 s 日 vol20 估計，未模擬開盤競價量與滑價；不可交易，僅觀察,未扣成本·事後欄位以 m_ 標示·非投資建議
HC,3,2026-08-03,2026-08-04,6907,雅特力-KY,TPEx,W,W_atr14@3,3,532,0.11039,,0,0,1,0.833,5.278,-5.0,1902.7,,不適用,0.0,0.0,120,120.0,120.0,official,mid,2227.0,0,可交易（DK_s＝0）,未扣成本（成本參考：2.8 折來回約 0.38%、全額約 0.585%）；交易方法狀態未知（全額交割、變更交易方法、停止信用交易的來源未提供）；容量以 s 日 vol20 估計，未模擬開盤競價量與滑價；不可交易，僅觀察,未扣成本·事後欄位以 m_ 標示·非投資建議
HC,3,2026-08-03,2026-08-04,7828,創新服務,TPEx,W,W_atr14@3,2,532,0.111653,,0,0,1,3.871,6.774,11.29,410.15,,不適用,1.0,3.0,71,71.0,71.0,official,large,187.0,1,處置中・交易規則另案登錄（DK_s＝1）,未扣成本（成本參考：2.8 折來回約 0.38%、全額約 0.585%）；交易方法狀態未知（全額交割、變更交易方法、停止信用交易的來源未提供）；容量以 s 日 vol20 估計，未模擬開盤競價量與滑價；不可交易，僅觀察,未扣成本·事後欄位以 m_ 標示·非投資建議
HC,3,2026-08-04,2026-08-05,4169,泰宗,TWSE,W,W_atr14@3,2,541,0.111077,,0,0,1,-1.52,-6.687,-9.726,606.05,,不適用,1.0,4.0,82,82.0,82.0,official,mid,122.0,1,處置中・交易規則另案登錄（DK_s＝1）,未扣成本（成本參考：2.8 折來回約 0.38%、全額約 0.585%）；交易方法狀態未知（全額交割、變更交易方法、停止信用交易的來源未提供）；容量以 s 日 vol20 估計，未模擬開盤競價量與滑價；不可交易，僅觀察,未扣成本·事後欄位以 m_ 標示·非投資建議
HC,3,2026-08-04,2026-08-05,6907,雅特力-KY,TPEx,W,W_atr14@3,3,541,0.10547,,0,0,1,-5.585,-0.532,0.0,1717.65,,不適用,0.0,0.0,121,121.0,121.0,official,mid,1970.0,0,可交易（DK_s＝0）,未扣成本（成本參考：2.8 折來回約 0.38%、全額約 0.585%）；交易方法狀態未知（全額交割、變更交易方法、停止信用交易的來源未提供）；容量以 s 日 vol20 估計，未模擬開盤競價量與滑價；不可交易，僅觀察,未扣成本·事後欄位以 m_ 標示·非投資建議
HC,3,2026-08-04,2026-08-05,8291,尚茂,TPEx,W,W_atr14@3,1,541,0.11235,,1,0,1,9.867,22.828,0.147,71.0,,不適用,1.0,1.0,982,inf,250.0,official_prepanel,small,30.0,1,處置中・交易規則另案登錄（DK_s＝1）,未扣成本（成本參考：2.8 折來回約 0.38%、全額約 0.585%）；交易方法狀態未知（全額交割、變更交易方法、停止信用交易的來源未提供）；容量以 s 日 vol20 估計，未模擬開盤競價量與滑價；不可交易，僅觀察,未扣成本·事後欄位以 m_ 標示·非投資建議
HC,3,2026-08-05,2026-08-06,1435,中福,TWSE,W,W_atr14@3,3,555,0.099224,,0,0,1,-7.826,3.043,5.87,36.9,,不適用,0.0,0.0,983,inf,250.0,official_prepanel,small,27.0,0,可交易（DK_s＝0）,未扣成本（成本參考：2.8 折來回約 0.38%、全額約 0.585%）；交易方法狀態未知（全額交割、變更交易方法、停止信用交易的來源未提供）；容量以 s 日 vol20 估計，未模擬開盤競價量與滑價；不可交易，僅觀察,未扣成本·事後欄位以 m_ 標示·非投資建議
HC,3,2026-08-05,2026-08-06,4169,泰宗,TWSE,W,W_atr14@3,2,555,0.100883,,0,0,1,-1.227,-6.748,-8.589,493.53,,不適用,1.0,4.0,83,83.0,83.0,official,mid,111.0,1,處置中・交易規則另案登錄（DK_s＝1）,未扣成本（成本參考：2.8 折來回約 0.38%、全額約 0.585%）；交易方法狀態未知（全額交割、變更交易方法、停止信用交易的來源未提供）；容量以 s 日 vol20 估計，未模擬開盤競價量與滑價；不可交易，僅觀察,未扣成本·事後欄位以 m_ 標示·非投資建議
HC,3,2026-08-05,2026-08-06,6907,雅特力-KY,TPEx,W,W_atr14@3,1,555,0.106036,,0,0,1,9.859,-3.944,8.451,1660.65,,不適用,0.0,0.0,122,122.0,122.0,official,mid,2480.0,0,可交易（DK_s＝0）,未扣成本（成本參考：2.8 折來回約 0.38%、全額約 0.585%）；交易方法狀態未知（全額交割、變更交易方法、停止信用交易的來源未提供）；容量以 s 日 vol20 估計，未模擬開盤競價量與滑價；不可交易，僅觀察,未扣成本·事後欄位以 m_ 標示·非投資建議
HC,3,2026-08-06,2026-08-07,1435,中福,TWSE,W,W_atr14@3,1,559,0.106469,,0,0,1,7.126,17.241,12.184,35.6,,不適用,0.0,0.0,984,inf,250.0,official_prepanel,small,79.0,0,可交易（DK_s＝0）,未扣成本（成本參考：2.8 折來回約 0.38%、全額約 0.585%）；交易方法狀態未知（全額交割、變更交易方法、停止信用交易的來源未提供）；容量以 s 日 vol20 估計，未模擬開盤競價量與滑價；不可交易，僅觀察,未扣成本·事後欄位以 m_ 標示·非投資建議
HC,3,2026-08-06,2026-08-07,5345,馥鴻,TPEx,W,W_atr14@3,2,559,0.090852,,0,0,1,-3.441,1.935,-5.806,54.1,,不適用,0.0,0.0,984,inf,250.0,official_prepanel,small,30.0,0,可交易（DK_s＝0）,未扣成本（成本參考：2.8 折來回約 0.38%、全額約 0.585%）；交易方法狀態未知（全額交割、變更交易方法、停止信用交易的來源未提供）；容量以 s 日 vol20 估計，未模擬開盤競價量與滑價；不可交易，僅觀察,未扣成本·事後欄位以 m_ 標示·非投資建議
HC,3,2026-08-06,2026-08-07,7828,創新服務,TPEx,W,W_atr14@3,3,559,0.088523,,0,0,1,-1.156,8.382,-4.624,358.75,,不適用,1.0,3.0,74,74.0,74.0,official,large,88.0,1,處置中・交易規則另案登錄（DK_s＝1）,未扣成本（成本參考：2.8 折來回約 0.38%、全額約 0.585%）；交易方法狀態未知（全額交割、變更交易方法、停止信用交易的來源未提供）；容量以 s 日 vol20 估計，未模擬開盤競價量與滑價；不可交易，僅觀察,未扣成本·事後欄位以 m_ 標示·非投資建議
HC,3,2026-08-07,2026-08-10,5345,馥鴻,TPEx,W,W_atr14@3,3,555,0.094496,,0,0,1,0.221,-2.208,-1.545,53.6,,不適用,0.0,0.0,985,inf,250.0,official_prepanel,small,14.0,0,可交易（DK_s＝0）,未扣成本（成本參考：2.8 折來回約 0.38%、全額約 0.585%）；交易方法狀態未知（全額交割、變更交易方法、停止信用交易的來源未提供）；容量以 s 日 vol20 估計，未模擬開盤競價量與滑價；不可交易，僅觀察,未扣成本·事後欄位以 m_ 標示·非投資建議
HC,3,2026-08-07,2026-08-10,6907,雅特力-KY,TPEx,W,W_atr14@3,1,555,0.101474,,0,0,1,-5.013,-11.779,-4.01,1753.1,,不適用,0.0,0.0,124,124.0,124.0,official,mid,2880.0,0,可交易（DK_s＝0）,未扣成本（成本參考：2.8 折來回約 0.38%、全額約 0.585%）；交易方法狀態未知（全額交割、變更交易方法、停止信用交易的來源未提供）；容量以 s 日 vol20 估計，未模擬開盤競價量與滑價；不可交易，僅觀察,未扣成本·事後欄位以 m_ 標示·非投資建議
HC,3,2026-08-07,2026-08-10,8291,尚茂,TPEx,W,W_atr14@3,2,555,0.09608,,0,0,1,2.442,-14.53,-14.652,68.8,,不適用,1.0,0.0,985,inf,250.0,official_prepanel,small,44.0,0,處置中・交易規則另案登錄（DK_s＝1）,未扣成本（成本參考：2.8 折來回約 0.38%、全額約 0.585%）；交易方法狀態未知（全額交割、變更交易方法、停止信用交易的來源未提供）；容量以 s 日 vol20 估計，未模擬開盤競價量與滑價；不可交易，僅觀察,未扣成本·事後欄位以 m_ 標示·非投資建議
HC,3,2026-08-10,2026-08-11,1435,中福,TWSE,W,W_atr14@3,3,580,0.092727,,0,0,1,-4.26,-1.826,-7.505,38.45,,不適用,0.0,0.0,986,inf,250.0,official_prepanel,small,50.0,0,可交易（DK_s＝0）,未扣成本（成本參考：2.8 折來回約 0.38%、全額約 0.585%）；交易方法狀態未知（全額交割、變更交易方法、停止信用交易的來源未提供）；容量以 s 日 vol20 估計，未模擬開盤競價量與滑價；不可交易，僅觀察,未扣成本·事後欄位以 m_ 標示·非投資建議
HC,3,2026-08-10,2026-08-11,6907,雅特力-KY,TPEx,W,W_atr14@3,2,580,0.094421,,0,0,1,0.809,-7.817,-2.965,1761.45,,不適用,0.0,0.0,125,125.0,125.0,official,mid,2067.0,0,可交易（DK_s＝0）,未扣成本（成本參考：2.8 折來回約 0.38%、全額約 0.585%）；交易方法狀態未知（全額交割、變更交易方法、停止信用交易的來源未提供）；容量以 s 日 vol20 估計，未模擬開盤競價量與滑價；不可交易，僅觀察,未扣成本·事後欄位以 m_ 標示·非投資建議
HC,3,2026-08-10,2026-08-11,8291,尚茂,TPEx,W,W_atr14@3,1,580,0.094756,,0,0,1,-0.358,-13.74,-20.669,67.95,,不適用,0.0,0.0,986,inf,250.0,official_prepanel,small,42.0,0,可交易（DK_s＝0）,未扣成本（成本參考：2.8 折來回約 0.38%、全額約 0.585%）；交易方法狀態未知（全額交割、變更交易方法、停止信用交易的來源未提供）；容量以 s 日 vol20 估計，未模擬開盤競價量與滑價；不可交易，僅觀察,未扣成本·事後欄位以 m_ 標示·非投資建議
HC,3,2026-08-11,2026-08-12,1435,中福,TWSE,W,W_atr14@3,1,594,0.101998,,0,0,1,0.424,-0.636,-7.203,40.35,,不適用,0.0,0.0,987,inf,250.0,official_prepanel,small,30.0,0,可交易（DK_s＝0）,未扣成本（成本參考：2.8 折來回約 0.38%、全額約 0.585%）；交易方法狀態未知（全額交割、變更交易方法、停止信用交易的來源未提供）；容量以 s 日 vol20 估計，未模擬開盤競價量與滑價；不可交易，僅觀察,未扣成本·事後欄位以 m_ 標示·非投資建議
HC,3,2026-08-11,2026-08-12,6907,雅特力-KY,TPEx,W,W_atr14@3,2,594,0.097021,,0,0,1,-6.575,3.014,-0.274,1626.1,,不適用,0.0,0.0,126,126.0,126.0,official,mid,3680.0,0,可交易（DK_s＝0）,未扣成本（成本參考：2.8 折來回約 0.38%、全額約 0.585%）；交易方法狀態未知（全額交割、變更交易方法、停止信用交易的來源未提供）；容量以 s 日 vol20 估計，未模擬開盤競價量與滑價；不可交易，僅觀察,未扣成本·事後欄位以 m_ 標示·非投資建議
HC,3,2026-08-11,2026-08-12,8291,尚茂,TPEx,W,W_atr14@3,3,594,0.095838,,0,0,1,-4.39,-17.073,-18.902,66.7,,不適用,0.0,0.0,987,inf,250.0,official_prepanel,small,32.0,0,可交易（DK_s＝0）,未扣成本（成本參考：2.8 折來回約 0.38%、全額約 0.585%）；交易方法狀態未知（全額交割、變更交易方法、停止信用交易的來源未提供）；容量以 s 日 vol20 估計，未模擬開盤競價量與滑價；不可交易，僅觀察,未扣成本·事後欄位以 m_ 標示·非投資建議
HC,3,2026-08-12,2026-08-13,1435,中福,TWSE,W,W_atr14@3,2,594,0.098855,,0,0,1,7.595,2.743,-0.633,41.35,,不適用,0.0,0.0,988,inf,250.0,official_prepanel,small,66.0,0,可交易（DK_s＝0）,未扣成本（成本參考：2.8 折來回約 0.38%、全額約 0.585%）；交易方法狀態未知（全額交割、變更交易方法、停止信用交易的來源未提供）；容量以 s 日 vol20 估計，未模擬開盤競價量與滑價；不可交易，僅觀察,未扣成本·事後欄位以 m_ 標示·非投資建議
HC,3,2026-08-12,2026-08-13,3018,隆銘綠能,TWSE,W,W_atr14@3,3,594,0.094664,,0,0,1,5.0,3.077,-0.769,147.7,,不適用,0.0,0.0,988,inf,250.0,official_prepanel,small,98.0,0,可交易（DK_s＝0）,未扣成本（成本參考：2.8 折來回約 0.38%、全額約 0.585%）；交易方法狀態未知（全額交割、變更交易方法、停止信用交易的來源未提供）；容量以 s 日 vol20 估計，未模擬開盤競價量與滑價；不可交易，僅觀察,未扣成本·事後欄位以 m_ 標示·非投資建議
HC,3,2026-08-12,2026-08-13,8291,尚茂,TPEx,W,W_atr14@3,1,594,0.100219,,0,0,1,1.111,-7.639,1.528,61.5,,不適用,0.0,0.0,988,inf,250.0,official_prepanel,small,75.0,0,可交易（DK_s＝0）,未扣成本（成本參考：2.8 折來回約 0.38%、全額約 0.585%）；交易方法狀態未知（全額交割、變更交易方法、停止信用交易的來源未提供）；容量以 s 日 vol20 估計，未模擬開盤競價量與滑價；不可交易，僅觀察,未扣成本·事後欄位以 m_ 標示·非投資建議
HC,3,2026-08-13,2026-08-14,1435,中福,TWSE,W,W_atr14@3,3,598,0.092577,,0,0,1,-2.353,-4.314,-9.804,44.3,,不適用,0.0,0.0,989,inf,250.0,official_prepanel,small,6.0,0,可交易（DK_s＝0）,未扣成本（成本參考：2.8 折來回約 0.38%、全額約 0.585%）；交易方法狀態未知（全額交割、變更交易方法、停止信用交易的來源未提供）；容量以 s 日 vol20 估計，未模擬開盤競價量與滑價；不可交易，僅觀察,未扣成本·事後欄位以 m_ 標示·非投資建議
HC,3,2026-08-13,2026-08-14,7835,永悅健康-創,unknown,W,W_atr14@3,2,598,0.096436,,0,0,1,-3.018,-16.7,-7.042,139.07,,不適用,0.0,0.0,15,15.0,15.0,official,small,26.0,0,可交易（DK_s＝0）,未扣成本（成本參考：2.8 折來回約 0.38%、全額約 0.585%）；交易方法狀態未知（全額交割、變更交易方法、停止信用交易的來源未提供）；容量以 s 日 vol20 估計，未模擬開盤競價量與滑價；不可交易，僅觀察,未扣成本·事後欄位以 m_ 標示·非投資建議
HC,3,2026-08-13,2026-08-14,8291,尚茂,TPEx,W,W_atr14@3,1,598,0.098116,,0,0,1,-2.643,-11.544,0.417,63.85,,不適用,0.0,0.0,989,inf,250.0,official_prepanel,small,33.0,0,可交易（DK_s＝0）,未扣成本（成本參考：2.8 折來回約 0.38%、全額約 0.585%）；交易方法狀態未知（全額交割、變更交易方法、停止信用交易的來源未提供）；容量以 s 日 vol20 估計，未模擬開盤競價量與滑價；不可交易，僅觀察,未扣成本·事後欄位以 m_ 標示·非投資建議
HC,3,2026-08-14,2026-08-17,1435,中福,TWSE,W,W_atr14@3,2,596,0.089931,,0,0,1,-2.811,-6.426,-11.647,43.8,,不適用,0.0,0.0,990,inf,250.0,official_prepanel,small,5.0,0,可交易（DK_s＝0）,未扣成本（成本參考：2.8 折來回約 0.38%、全額約 0.585%）；交易方法狀態未知（全額交割、變更交易方法、停止信用交易的來源未提供）；容量以 s 日 vol20 估計，未模擬開盤競價量與滑價；不可交易，僅觀察,未扣成本·事後欄位以 m_ 標示·非投資建議
HC,3,2026-08-14,2026-08-17,7610,聯友金屬-創,TWSE,W,W_atr14@3,3,596,0.084694,,0,0,1,8.824,-0.882,-12.059,523.4,,不適用,1.0,4.0,225,225.0,225.0,official,large,290.0,1,處置中・交易規則另案登錄（DK_s＝1）,未扣成本（成本參考：2.8 折來回約 0.38%、全額約 0.585%）；交易方法狀態未知（全額交割、變更交易方法、停止信用交易的來源未提供）；容量以 s 日 vol20 估計，未模擬開盤競價量與滑價；不可交易，僅觀察,未扣成本·事後欄位以 m_ 標示·非投資建議
HC,3,2026-08-14,2026-08-17,8291,尚茂,TPEx,W,W_atr14@3,1,596,0.097653,,0,0,1,-2.168,-5.285,-3.117,65.0,,不適用,0.0,0.0,990,inf,250.0,official_prepanel,small,19.0,0,可交易（DK_s＝0）,未扣成本（成本參考：2.8 折來回約 0.38%、全額約 0.585%）；交易方法狀態未知（全額交割、變更交易方法、停止信用交易的來源未提供）；容量以 s 日 vol20 估計，未模擬開盤競價量與滑價；不可交易，僅觀察,未扣成本·事後欄位以 m_ 標示·非投資建議
HC,3,2026-08-17,2026-08-18,1435,中福,TWSE,W,W_atr14@3,2,607,0.08412,,0,0,1,-1.677,-4.403,-9.434,42.2,,不適用,0.0,0.0,991,inf,250.0,official_prepanel,small,13.0,0,可交易（DK_s＝0）,未扣成本（成本參考：2.8 折來回約 0.38%、全額約 0.585%）；交易方法狀態未知（全額交割、變更交易方法、停止信用交易的來源未提供）；容量以 s 日 vol20 估計，未模擬開盤競價量與滑價；不可交易，僅觀察,未扣成本·事後欄位以 m_ 標示·非投資建議
HC,3,2026-08-17,2026-08-18,5355,佳總,TPEx,W,W_atr14@3,3,607,0.08129,,0,0,1,2.425,8.022,8.955,68.8,,不適用,0.0,0.0,991,inf,250.0,official_prepanel,small,165.0,0,可交易（DK_s＝0）,未扣成本（成本參考：2.8 折來回約 0.38%、全額約 0.585%）；交易方法狀態未知（全額交割、變更交易方法、停止信用交易的來源未提供）；容量以 s 日 vol20 估計，未模擬開盤競價量與滑價；不可交易，僅觀察,未扣成本·事後欄位以 m_ 標示·非投資建議
HC,3,2026-08-17,2026-08-18,8291,尚茂,TPEx,W,W_atr14@3,1,607,0.08983,,0,0,1,-5.817,-8.033,-5.679,65.25,,不適用,0.0,0.0,991,inf,250.0,official_prepanel,small,14.0,0,可交易（DK_s＝0）,未扣成本（成本參考：2.8 折來回約 0.38%、全額約 0.585%）；交易方法狀態未知（全額交割、變更交易方法、停止信用交易的來源未提供）；容量以 s 日 vol20 估計，未模擬開盤競價量與滑價；不可交易，僅觀察,未扣成本·事後欄位以 m_ 標示·非投資建議
HC,3,2026-08-18,2026-08-19,1435,中福,TWSE,W,W_atr14@3,3,593,0.081937,,0,0,1,3.838,-6.61,-6.183,39.8,,不適用,0.0,0.0,992,inf,250.0,official_prepanel,small,9.0,0,可交易（DK_s＝0）,未扣成本（成本參考：2.8 折來回約 0.38%、全額約 0.585%）；交易方法狀態未知（全額交割、變更交易方法、停止信用交易的來源未提供）；容量以 s 日 vol20 估計，未模擬開盤競價量與滑價；不可交易，僅觀察,未扣成本·事後欄位以 m_ 標示·非投資建議
HC,3,2026-08-18,2026-08-19,7610,聯友金屬-創,TWSE,W,W_atr14@3,2,593,0.088259,,0,0,1,-1.835,0.0,-1.835,521.6,,不適用,0.0,2.0,227,227.0,227.0,official,large,752.0,0,可交易（DK_s＝0）,未扣成本（成本參考：2.8 折來回約 0.38%、全額約 0.585%）；交易方法狀態未知（全額交割、變更交易方法、停止信用交易的來源未提供）；容量以 s 日 vol20 估計，未模擬開盤競價量與滑價；不可交易，僅觀察,未扣成本·事後欄位以 m_ 標示·非投資建議
HC,3,2026-08-18,2026-08-19,8291,尚茂,TPEx,W,W_atr14@3,1,593,0.088655,,0,0,1,5.222,5.222,4.43,64.55,,不適用,0.0,0.0,992,inf,250.0,official_prepanel,small,29.0,0,可交易（DK_s＝0）,未扣成本（成本參考：2.8 折來回約 0.38%、全額約 0.585%）；交易方法狀態未知（全額交割、變更交易方法、停止信用交易的來源未提供）；容量以 s 日 vol20 估計，未模擬開盤競價量與滑價；不可交易，僅觀察,未扣成本·事後欄位以 m_ 標示·非投資建議
HC,3,2026-08-19,2026-08-20,7610,聯友金屬-創,TWSE,W,W_atr14@3,1,597,0.093235,,0,0,1,-8.084,-3.593,-8.982,486.9,,不適用,0.0,1.0,228,228.0,228.0,official,large,744.0,0,可交易（DK_s＝0）,未扣成本（成本參考：2.8 折來回約 0.38%、全額約 0.585%）；交易方法狀態未知（全額交割、變更交易方法、停止信用交易的來源未提供）；容量以 s 日 vol20 估計，未模擬開盤競價量與滑價；不可交易，僅觀察,未扣成本·事後欄位以 m_ 標示·非投資建議
HC,3,2026-08-19,2026-08-20,7828,創新服務,TPEx,W,W_atr14@3,3,597,0.078726,,0,0,1,0.61,-3.659,7.317,282.55,,不適用,0.0,0.0,83,83.0,83.0,official,large,91.0,0,可交易（DK_s＝0）,未扣成本（成本參考：2.8 折來回約 0.38%、全額約 0.585%）；交易方法狀態未知（全額交割、變更交易方法、停止信用交易的來源未提供）；容量以 s 日 vol20 估計，未模擬開盤競價量與滑價；不可交易，僅觀察,未扣成本·事後欄位以 m_ 標示·非投資建議
HC,3,2026-08-19,2026-08-20,8291,尚茂,TPEx,W,W_atr14@3,2,597,0.088507,,0,0,1,-4.361,9.925,-0.752,64.4,,不適用,0.0,0.0,993,inf,250.0,official_prepanel,small,16.0,0,可交易（DK_s＝0）,未扣成本（成本參考：2.8 折來回約 0.38%、全額約 0.585%）；交易方法狀態未知（全額交割、變更交易方法、停止信用交易的來源未提供）；容量以 s 日 vol20 估計，未模擬開盤競價量與滑價；不可交易，僅觀察,未扣成本·事後欄位以 m_ 標示·非投資建議
HC,3,2026-08-20,2026-08-21,7610,聯友金屬-創,TWSE,W,W_atr14@3,1,599,0.100745,,0,0,1,8.71,2.903,6.774,452.3,,不適用,0.0,0.0,229,229.0,229.0,official,large,657.0,0,可交易（DK_s＝0）,未扣成本（成本參考：2.8 折來回約 0.38%、全額約 0.585%）；交易方法狀態未知（全額交割、變更交易方法、停止信用交易的來源未提供）；容量以 s 日 vol20 估計，未模擬開盤競價量與滑價；不可交易，僅觀察,未扣成本·事後欄位以 m_ 標示·非投資建議
HC,3,2026-08-20,2026-08-21,7828,創新服務,TPEx,W,W_atr14@3,3,599,0.075108,,0,0,1,-0.31,2.167,8.669,276.15,,不適用,0.0,0.0,84,84.0,84.0,official,large,71.0,0,可交易（DK_s＝0）,未扣成本（成本參考：2.8 折來回約 0.38%、全額約 0.585%）；交易方法狀態未知（全額交割、變更交易方法、停止信用交易的來源未提供）；容量以 s 日 vol20 估計，未模擬開盤競價量與滑價；不可交易，僅觀察,未扣成本·事後欄位以 m_ 標示·非投資建議
HC,3,2026-08-20,2026-08-21,8291,尚茂,TPEx,W,W_atr14@3,2,599,0.0958,,0,0,1,6.231,9.726,-2.736,59.75,,不適用,0.0,0.0,994,inf,250.0,official_prepanel,small,22.0,0,可交易（DK_s＝0）,未扣成本（成本參考：2.8 折來回約 0.38%、全額約 0.585%）；交易方法狀態未知（全額交割、變更交易方法、停止信用交易的來源未提供）；容量以 s 日 vol20 估計，未模擬開盤競價量與滑價；不可交易，僅觀察,未扣成本·事後欄位以 m_ 標示·非投資建議
HC,3,2026-08-21,2026-08-24,1435,中福,TWSE,W,W_atr14@3,3,612,0.071888,,0,0,1,0.662,-2.87,-2.87,36.2,,不適用,0.0,0.0,995,inf,250.0,official_prepanel,small,10.0,0,可交易（DK_s＝0）,未扣成本（成本參考：2.8 折來回約 0.38%、全額約 0.585%）；交易方法狀態未知（全額交割、變更交易方法、停止信用交易的來源未提供）；容量以 s 日 vol20 估計，未模擬開盤競價量與滑價；不可交易，僅觀察,未扣成本·事後欄位以 m_ 標示·非投資建議
HC,3,2026-08-21,2026-08-24,3664,安瑞-KY,TPEx,W,W_atr14@3,1,612,0.073546,,0,0,1,-1.107,15.867,51.107,15.88,,不適用,0.0,0.0,995,inf,250.0,official_prepanel,small,16.0,0,可交易（DK_s＝0）,未扣成本（成本參考：2.8 折來回約 0.38%、全額約 0.585%）；交易方法狀態未知（全額交割、變更交易方法、停止信用交易的來源未提供）；容量以 s 日 vol20 估計，未模擬開盤競價量與滑價；不可交易，僅觀察,未扣成本·事後欄位以 m_ 標示·非投資建議
HC,3,2026-08-21,2026-08-24,7828,創新服務,TPEx,W,W_atr14@3,2,612,0.072538,,0,0,1,-3.727,11.801,19.876,265.75,,不適用,0.0,0.0,85,85.0,85.0,official,large,109.0,0,可交易（DK_s＝0）,未扣成本（成本參考：2.8 折來回約 0.38%、全額約 0.585%）；交易方法狀態未知（全額交割、變更交易方法、停止信用交易的來源未提供）；容量以 s 日 vol20 估計，未模擬開盤競價量與滑價；不可交易，僅觀察,未扣成本·事後欄位以 m_ 標示·非投資建議
HC,3,2026-08-24,2026-08-25,3664,安瑞-KY,TPEx,W,W_atr14@3,3,599,0.077736,,0,0,1,0.186,28.253,37.175,15.65,,不適用,0.0,0.0,996,inf,250.0,official_prepanel,small,5.0,0,可交易（DK_s＝0）,未扣成本（成本參考：2.8 折來回約 0.38%、全額約 0.585%）；交易方法狀態未知（全額交割、變更交易方法、停止信用交易的來源未提供）；容量以 s 日 vol20 估計，未模擬開盤競價量與滑價；不可交易，僅觀察,未扣成本·事後欄位以 m_ 標示·非投資建議
HC,3,2026-08-24,2026-08-25,7610,聯友金屬-創,TWSE,W,W_atr14@3,1,599,0.09482,,0,0,1,-1.802,-9.61,20.12,450.15,,不適用,0.0,0.0,231,231.0,231.0,official,large,530.0,0,可交易（DK_s＝0）,未扣成本（成本參考：2.8 折來回約 0.38%、全額約 0.585%）；交易方法狀態未知（全額交割、變更交易方法、停止信用交易的來源未提供）；容量以 s 日 vol20 估計，未模擬開盤競價量與滑價；不可交易，僅觀察,未扣成本·事後欄位以 m_ 標示·非投資建議
HC,3,2026-08-24,2026-08-25,8291,尚茂,TPEx,W,W_atr14@3,2,599,0.092513,,0,0,1,0.151,2.56,-4.217,40.25,,不適用,0.0,0.0,996,inf,250.0,official_prepanel,small,9.0,0,可交易（DK_s＝0）,未扣成本（成本參考：2.8 折來回約 0.38%、全額約 0.585%）；交易方法狀態未知（全額交割、變更交易方法、停止信用交易的來源未提供）；容量以 s 日 vol20 估計，未模擬開盤競價量與滑價；不可交易，僅觀察,未扣成本·事後欄位以 m_ 標示·非投資建議
HC,3,2026-08-25,2026-08-26,6225,天瀚,TWSE,W,W_atr14@3,3,610,0.077371,,0,0,1,-0.725,-16.667,-10.87,168.3,,不適用,1.0,5.0,997,inf,250.0,official_prepanel,small,153.0,1,處置中・交易規則另案登錄（DK_s＝1）,未扣成本（成本參考：2.8 折來回約 0.38%、全額約 0.585%）；交易方法狀態未知（全額交割、變更交易方法、停止信用交易的來源未提供）；容量以 s 日 vol20 估計，未模擬開盤競價量與滑價；不可交易，僅觀察,未扣成本·事後欄位以 m_ 標示·非投資建議
HC,3,2026-08-25,2026-08-26,7610,聯友金屬-創,TWSE,W,W_atr14@3,1,610,0.098078,,0,0,1,-0.31,-0.619,27.864,468.65,,不適用,0.0,0.0,232,232.0,232.0,official,large,493.0,0,可交易（DK_s＝0）,未扣成本（成本參考：2.8 折來回約 0.38%、全額約 0.585%）；交易方法狀態未知（全額交割、變更交易方法、停止信用交易的來源未提供）；容量以 s 日 vol20 估計，未模擬開盤競價量與滑價；不可交易，僅觀察,未扣成本·事後欄位以 m_ 標示·非投資建議
HC,3,2026-08-25,2026-08-26,8291,尚茂,TPEx,W,W_atr14@3,2,610,0.085392,,0,0,1,9.925,-0.752,-9.774,36.35,,不適用,0.0,0.0,997,inf,250.0,official_prepanel,small,28.0,0,可交易（DK_s＝0）,未扣成本（成本參考：2.8 折來回約 0.38%、全額約 0.585%）；交易方法狀態未知（全額交割、變更交易方法、停止信用交易的來源未提供）；容量以 s 日 vol20 估計，未模擬開盤競價量與滑價；不可交易，僅觀察,未扣成本·事後欄位以 m_ 標示·非投資建議
HC,3,2026-08-26,2026-08-27,5355,佳總,TPEx,W,W_atr14@3,3,639,0.074807,,0,0,1,1.695,1.695,-0.169,75.1,,不適用,0.0,0.0,998,inf,250.0,official_prepanel,small,109.0,0,可交易（DK_s＝0）,未扣成本（成本參考：2.8 折來回約 0.38%、全額約 0.585%）；交易方法狀態未知（全額交割、變更交易方法、停止信用交易的來源未提供）；容量以 s 日 vol20 估計，未模擬開盤競價量與滑價；不可交易，僅觀察,未扣成本·事後欄位以 m_ 標示·非投資建議
HC,3,2026-08-26,2026-08-27,6225,天瀚,TWSE,W,W_atr14@3,2,639,0.077034,,0,0,1,-2.941,-14.706,-0.588,169.0,,不適用,1.0,5.0,998,inf,250.0,official_prepanel,small,122.0,1,處置中・交易規則另案登錄（DK_s＝1）,未扣成本（成本參考：2.8 折來回約 0.38%、全額約 0.585%）；交易方法狀態未知（全額交割、變更交易方法、停止信用交易的來源未提供）；容量以 s 日 vol20 估計，未模擬開盤競價量與滑價；不可交易，僅觀察,未扣成本·事後欄位以 m_ 標示·非投資建議
HC,3,2026-08-26,2026-08-27,7610,聯友金屬-創,TWSE,W,W_atr14@3,1,639,0.094942,,0,0,1,-0.932,-5.59,26.087,486.2,,不適用,0.0,0.0,233,233.0,233.0,official,large,382.0,0,可交易（DK_s＝0）,未扣成本（成本參考：2.8 折來回約 0.38%、全額約 0.585%）；交易方法狀態未知（全額交割、變更交易方法、停止信用交易的來源未提供）；容量以 s 日 vol20 估計，未模擬開盤競價量與滑價；不可交易，僅觀察,未扣成本·事後欄位以 m_ 標示·非投資建議
HC,3,2026-08-27,2026-08-28,6225,天瀚,TWSE,W,W_atr14@3,2,649,0.085481,,0,0,1,-9.848,-8.485,12.576,173.85,,不適用,1.0,5.0,999,inf,250.0,official_prepanel,small,195.0,1,處置中・交易規則另案登錄（DK_s＝1）,未扣成本（成本參考：2.8 折來回約 0.38%、全額約 0.585%）；交易方法狀態未知（全額交割、變更交易方法、停止信用交易的來源未提供）；容量以 s 日 vol20 估計，未模擬開盤競價量與滑價；不可交易，僅觀察,未扣成本·事後欄位以 m_ 標示·非投資建議
HC,3,2026-08-27,2026-08-28,7610,聯友金屬-創,TWSE,W,W_atr14@3,1,649,0.090685,,0,0,1,-8.0,1.846,25.231,442.3,,不適用,0.0,0.0,234,234.0,234.0,official,large,1190.0,0,可交易（DK_s＝0）,未扣成本（成本參考：2.8 折來回約 0.38%、全額約 0.585%）；交易方法狀態未知（全額交割、變更交易方法、停止信用交易的來源未提供）；容量以 s 日 vol20 估計，未模擬開盤競價量與滑價；不可交易，僅觀察,未扣成本·事後欄位以 m_ 標示·非投資建議
HC,3,2026-08-27,2026-08-28,8291,尚茂,TPEx,W,W_atr14@3,3,649,0.081322,,0,0,1,1.997,-8.702,-15.121,35.25,,不適用,0.0,0.0,999,inf,250.0,official_prepanel,small,12.0,0,可交易（DK_s＝0）,未扣成本（成本參考：2.8 折來回約 0.38%、全額約 0.585%）；交易方法狀態未知（全額交割、變更交易方法、停止信用交易的來源未提供）；容量以 s 日 vol20 估計，未模擬開盤競價量與滑價；不可交易，僅觀察,未扣成本·事後欄位以 m_ 標示·非投資建議
HC,3,2026-08-28,2026-08-31,6225,天瀚,TWSE,W,W_atr14@3,1,658,0.100551,,0,0,1,-4.762,-4.762,18.889,180.6,,不適用,1.0,4.0,1000,inf,250.0,official_prepanel,small,124.0,1,處置中・交易規則另案登錄（DK_s＝1）,未扣成本（成本參考：2.8 折來回約 0.38%、全額約 0.585%）；交易方法狀態未知（全額交割、變更交易方法、停止信用交易的來源未提供）；容量以 s 日 vol20 估計，未模擬開盤競價量與滑價；不可交易，僅觀察,未扣成本·事後欄位以 m_ 標示·非投資建議
HC,3,2026-08-28,2026-08-31,7610,聯友金屬-創,TWSE,W,W_atr14@3,2,658,0.096512,,0,0,1,3.082,24.658,35.274,497.9,,不適用,0.0,0.0,235,235.0,235.0,official,large,457.0,0,可交易（DK_s＝0）,未扣成本（成本參考：2.8 折來回約 0.38%、全額約 0.585%）；交易方法狀態未知（全額交割、變更交易方法、停止信用交易的來源未提供）；容量以 s 日 vol20 估計，未模擬開盤競價量與滑價；不可交易，僅觀察,未扣成本·事後欄位以 m_ 標示·非投資建議
HC,3,2026-08-28,2026-08-31,8291,尚茂,TPEx,W,W_atr14@3,3,658,0.08002,,0,0,1,2.406,-10.075,-9.774,34.9,,不適用,0.0,0.0,1000,inf,250.0,official_prepanel,small,4.0,0,可交易（DK_s＝0）,未扣成本（成本參考：2.8 折來回約 0.38%、全額約 0.585%）；交易方法狀態未知（全額交割、變更交易方法、停止信用交易的來源未提供）；容量以 s 日 vol20 估計，未模擬開盤競價量與滑價；不可交易，僅觀察,未扣成本·事後欄位以 m_ 標示·非投資建議
HC,3,2026-08-31,2026-09-01,6225,天瀚,TWSE,W,W_atr14@3,1,646,0.101665,,0,0,1,-4.167,1.5,12.5,185.15,,不適用,1.0,3.0,1001,inf,250.0,official_prepanel,small,81.0,0,處置中・交易規則另案登錄（DK_s＝1）,未扣成本（成本參考：2.8 折來回約 0.38%、全額約 0.585%）；交易方法狀態未知（全額交割、變更交易方法、停止信用交易的來源未提供）；容量以 s 日 vol20 估計，未模擬開盤競價量與滑價；不可交易，僅觀察,未扣成本·事後欄位以 m_ 標示·非投資建議
HC,3,2026-08-31,2026-09-01,7610,聯友金屬-創,TWSE,W,W_atr14@3,2,646,0.092786,,0,0,1,5.246,31.148,16.721,514.1,,不適用,0.0,0.0,236,236.0,236.0,official,large,609.0,0,可交易（DK_s＝0）,未扣成本（成本參考：2.8 折來回約 0.38%、全額約 0.585%）；交易方法狀態未知（全額交割、變更交易方法、停止信用交易的來源未提供）；容量以 s 日 vol20 估計，未模擬開盤競價量與滑價；不可交易，僅觀察,未扣成本·事後欄位以 m_ 標示·非投資建議
HC,3,2026-08-31,2026-09-01,8291,尚茂,TPEx,W,W_atr14@3,3,646,0.08454,,0,0,1,0.304,-3.343,-4.255,34.1,,不適用,0.0,0.0,1001,inf,250.0,official_prepanel,small,23.0,0,可交易（DK_s＝0）,未扣成本（成本參考：2.8 折來回約 0.38%、全額約 0.585%）；交易方法狀態未知（全額交割、變更交易方法、停止信用交易的來源未提供）；容量以 s 日 vol20 估計，未模擬開盤競價量與滑價；不可交易，僅觀察,未扣成本·事後欄位以 m_ 標示·非投資建議
HC,3,2026-09-01,2026-09-02,4304,勝昱,TPEx,W,W_atr14@3,2,652,0.091479,,0,0,1,-4.186,-22.558,-27.907,67.9,,不適用,0.0,2.0,1002,inf,250.0,official_prepanel,small,90.0,0,可交易（DK_s＝0）,未扣成本（成本參考：2.8 折來回約 0.38%、全額約 0.585%）；交易方法狀態未知（全額交割、變更交易方法、停止信用交易的來源未提供）；容量以 s 日 vol20 估計，未模擬開盤競價量與滑價；不可交易，僅觀察,未扣成本·事後欄位以 m_ 標示·非投資建議
HC,3,2026-09-01,2026-09-02,6225,天瀚,TWSE,W,W_atr14@3,1,652,0.11288,,0,0,1,0.87,6.957,10.435,185.9,,不適用,0.0,2.0,1002,inf,250.0,official_prepanel,small,54.0,0,可交易（DK_s＝0）,未扣成本（成本參考：2.8 折來回約 0.38%、全額約 0.585%）；交易方法狀態未知（全額交割、變更交易方法、停止信用交易的來源未提供）；容量以 s 日 vol20 估計，未模擬開盤競價量與滑價；不可交易，僅觀察,未扣成本·事後欄位以 m_ 標示·非投資建議
HC,3,2026-09-01,2026-09-02,7610,聯友金屬-創,TWSE,W,W_atr14@3,3,652,0.088785,,0,0,1,-4.702,29.467,3.762,530.35,,不適用,0.0,0.0,237,237.0,237.0,official,large,447.0,0,可交易（DK_s＝0）,未扣成本（成本參考：2.8 折來回約 0.38%、全額約 0.585%）；交易方法狀態未知（全額交割、變更交易方法、停止信用交易的來源未提供）；容量以 s 日 vol20 估計，未模擬開盤競價量與滑價；不可交易，僅觀察,未扣成本·事後欄位以 m_ 標示·非投資建議
HC,3,2026-09-02,2026-09-03,4304,勝昱,TPEx,W,W_atr14@3,2,657,0.10853,,0,0,1,-4.854,-20.388,-30.583,70.2,,不適用,0.0,1.0,1003,inf,250.0,official_prepanel,small,17.0,0,可交易（DK_s＝0）,未扣成本（成本參考：2.8 折來回約 0.38%、全額約 0.585%）；交易方法狀態未知（全額交割、變更交易方法、停止信用交易的來源未提供）；容量以 s 日 vol20 估計，未模擬開盤競價量與滑價；不可交易，僅觀察,未扣成本·事後欄位以 m_ 標示·非投資建議
HC,3,2026-09-02,2026-09-03,6225,天瀚,TWSE,W,W_atr14@3,1,657,0.118271,,0,0,1,4.138,16.552,4.138,187.7,,不適用,0.0,1.0,1003,inf,250.0,official_prepanel,small,61.0,0,可交易（DK_s＝0）,未扣成本（成本參考：2.8 折來回約 0.38%、全額約 0.585%）；交易方法狀態未知（全額交割、變更交易方法、停止信用交易的來源未提供）；容量以 s 日 vol20 估計，未模擬開盤競價量與滑價；不可交易，僅觀察,未扣成本·事後欄位以 m_ 標示·非投資建議
HC,3,2026-09-02,2026-09-03,7610,聯友金屬-創,TWSE,W,W_atr14@3,3,657,0.09093,,0,0,1,7.468,31.818,12.338,539.25,,不適用,0.0,0.0,238,238.0,238.0,official,large,1152.0,0,可交易（DK_s＝0）,未扣成本（成本參考：2.8 折來回約 0.38%、全額約 0.585%）；交易方法狀態未知（全額交割、變更交易方法、停止信用交易的來源未提供）；容量以 s 日 vol20 估計，未模擬開盤競價量與滑價；不可交易，僅觀察,未扣成本·事後欄位以 m_ 標示·非投資建議
HC,3,2026-09-03,2026-09-04,4304,勝昱,TPEx,W,W_atr14@3,2,661,0.111334,,0,0,1,-4.25,-10.0,-21.5,69.8,,不適用,0.0,0.0,1004,inf,250.0,official_prepanel,small,29.0,0,可交易（DK_s＝0）,未扣成本（成本參考：2.8 折來回約 0.38%、全額約 0.585%）；交易方法狀態未知（全額交割、變更交易方法、停止信用交易的來源未提供）；容量以 s 日 vol20 估計，未模擬開盤競價量與滑價；不可交易，僅觀察,未扣成本·事後欄位以 m_ 標示·非投資建議
HC,3,2026-09-03,2026-09-04,6225,天瀚,TWSE,W,W_atr14@3,1,661,0.113844,,0,0,1,0.0,23.833,0.333,185.45,,不適用,0.0,0.0,1004,inf,250.0,official_prepanel,small,58.0,0,可交易（DK_s＝0）,未扣成本（成本參考：2.8 折來回約 0.38%、全額約 0.585%）；交易方法狀態未知（全額交割、變更交易方法、停止信用交易的來源未提供）；容量以 s 日 vol20 估計，未模擬開盤競價量與滑價；不可交易，僅觀察,未扣成本·事後欄位以 m_ 標示·非投資建議
HC,3,2026-09-03,2026-09-04,7610,聯友金屬-創,TWSE,W,W_atr14@3,3,661,0.083945,,1,1,0,0.0,11.813,-2.747,582.85,,不適用,0.0,0.0,239,239.0,239.0,official,large,395.0,0,可交易（DK_s＝0）,未扣成本（成本參考：2.8 折來回約 0.38%、全額約 0.585%）；交易方法狀態未知（全額交割、變更交易方法、停止信用交易的來源未提供）；容量以 s 日 vol20 估計，未模擬開盤競價量與滑價；不可交易，僅觀察,未扣成本·事後欄位以 m_ 標示·非投資建議
HC,3,2026-09-04,2026-09-07,3259,鑫創,TPEx,W,W_atr14@3,3,657,0.101868,,0,0,1,-8.642,-8.642,-11.523,100.58,,不適用,0.0,1.0,1005,inf,250.0,official_prepanel,small,34.0,0,可交易（DK_s＝0）,未扣成本（成本參考：2.8 折來回約 0.38%、全額約 0.585%）；交易方法狀態未知（全額交割、變更交易方法、停止信用交易的來源未提供）；容量以 s 日 vol20 估計，未模擬開盤競價量與滑價；不可交易，僅觀察,未扣成本·事後欄位以 m_ 標示·非投資建議
HC,3,2026-09-04,2026-09-07,4304,勝昱,TPEx,W,W_atr14@3,2,657,0.111153,,0,0,1,-6.486,-7.027,-6.757,70.65,,不適用,0.0,0.0,1005,inf,250.0,official_prepanel,small,167.0,0,可交易（DK_s＝0）,未扣成本（成本參考：2.8 折來回約 0.38%、全額約 0.585%）；交易方法狀態未知（全額交割、變更交易方法、停止信用交易的來源未提供）；容量以 s 日 vol20 估計，未模擬開盤競價量與滑價；不可交易，僅觀察,未扣成本·事後欄位以 m_ 標示·非投資建議
HC,3,2026-09-04,2026-09-07,6225,天瀚,TWSE,W,W_atr14@3,1,657,0.11269,,0,0,1,3.925,27.816,2.389,181.35,,不適用,0.0,0.0,1005,inf,250.0,official_prepanel,small,118.0,0,可交易（DK_s＝0）,未扣成本（成本參考：2.8 折來回約 0.38%、全額約 0.585%）；交易方法狀態未知（全額交割、變更交易方法、停止信用交易的來源未提供）；容量以 s 日 vol20 估計，未模擬開盤競價量與滑價；不可交易，僅觀察,未扣成本·事後欄位以 m_ 標示·非投資建議
HC,3,2026-09-07,2026-09-08,3259,鑫創,TPEx,W,W_atr14@3,2,681,0.109425,,0,0,1,0.0,-0.901,-8.108,99.58,,不適用,0.0,1.0,1006,inf,250.0,official_prepanel,small,36.0,0,可交易（DK_s＝0）,未扣成本（成本參考：2.8 折來回約 0.38%、全額約 0.585%）；交易方法狀態未知（全額交割、變更交易方法、停止信用交易的來源未提供）；容量以 s 日 vol20 估計，未模擬開盤競價量與滑價；不可交易，僅觀察,未扣成本·事後欄位以 m_ 標示·非投資建議
HC,3,2026-09-07,2026-09-08,4304,勝昱,TPEx,W,W_atr14@3,1,681,0.123658,,0,0,1,-4.31,-1.149,8.908,78.35,,不適用,0.0,0.0,1006,inf,250.0,official_prepanel,small,92.0,0,可交易（DK_s＝0）,未扣成本（成本參考：2.8 折來回約 0.38%、全額約 0.585%）；交易方法狀態未知（全額交割、變更交易方法、停止信用交易的來源未提供）；容量以 s 日 vol20 估計，未模擬開盤競價量與滑價；不可交易，僅觀察,未扣成本·事後欄位以 m_ 標示·非投資建議
HC,3,2026-09-07,2026-09-08,6103,合邦,TPEx,W,W_atr14@3,3,681,0.096774,,0,0,1,3.812,-9.091,10.264,37.88,,不適用,0.0,2.0,1006,inf,250.0,official_prepanel,small,44.0,0,可交易（DK_s＝0）,未扣成本（成本參考：2.8 折來回約 0.38%、全額約 0.585%）；交易方法狀態未知（全額交割、變更交易方法、停止信用交易的來源未提供）；容量以 s 日 vol20 估計，未模擬開盤競價量與滑價；不可交易，僅觀察,未扣成本·事後欄位以 m_ 標示·非投資建議
HC,3,2026-09-08,2026-09-09,3259,鑫創,TPEx,W,W_atr14@3,2,681,0.101455,,0,0,1,5.405,-1.802,-7.658,101.16,,不適用,0.0,0.0,1007,inf,250.0,official_prepanel,small,46.0,0,可交易（DK_s＝0）,未扣成本（成本參考：2.8 折來回約 0.38%、全額約 0.585%）；交易方法狀態未知（全額交割、變更交易方法、停止信用交易的來源未提供）；容量以 s 日 vol20 估計，未模擬開盤競價量與滑價；不可交易，僅觀察,未扣成本·事後欄位以 m_ 標示·非投資建議
HC,3,2026-09-08,2026-09-09,4304,勝昱,TPEx,W,W_atr14@3,1,681,0.124196,,0,0,1,-1.796,-7.186,24.551,82.15,,不適用,0.0,1.0,1007,inf,250.0,official_prepanel,small,86.0,0,可交易（DK_s＝0）,未扣成本（成本參考：2.8 折來回約 0.38%、全額約 0.585%）；交易方法狀態未知（全額交割、變更交易方法、停止信用交易的來源未提供）；容量以 s 日 vol20 估計，未模擬開盤競價量與滑價；不可交易，僅觀察,未扣成本·事後欄位以 m_ 標示·非投資建議
HC,3,2026-09-08,2026-09-09,6103,合邦,TPEx,W,W_atr14@3,3,681,0.092312,,0,0,1,-2.903,-14.804,-1.742,40.44,,不適用,0.0,2.0,1007,inf,250.0,official_prepanel,small,10.0,0,可交易（DK_s＝0）,未扣成本（成本參考：2.8 折來回約 0.38%、全額約 0.585%）；交易方法狀態未知（全額交割、變更交易方法、停止信用交易的來源未提供）；容量以 s 日 vol20 估計，未模擬開盤競價量與滑價；不可交易，僅觀察,未扣成本·事後欄位以 m_ 標示·非投資建議
HC,3,2026-09-09,2026-09-10,3259,鑫創,TPEx,W,W_atr14@3,3,685,0.092965,,0,0,1,0.909,-1.818,-5.909,100.79,,不適用,0.0,0.0,1008,inf,250.0,official_prepanel,small,18.0,0,可交易（DK_s＝0）,未扣成本（成本參考：2.8 折來回約 0.38%、全額約 0.585%）；交易方法狀態未知（全額交割、變更交易方法、停止信用交易的來源未提供）；容量以 s 日 vol20 估計，未模擬開盤競價量與滑價；不可交易，僅觀察,未扣成本·事後欄位以 m_ 標示·非投資建議
HC,3,2026-09-09,2026-09-10,4304,勝昱,TPEx,W,W_atr14@3,1,685,0.119556,,0,0,1,2.273,-18.75,6.534,85.0,,不適用,0.0,2.0,1008,inf,250.0,official_prepanel,small,110.0,1,可交易（DK_s＝0）,未扣成本（成本參考：2.8 折來回約 0.38%、全額約 0.585%）；交易方法狀態未知（全額交割、變更交易方法、停止信用交易的來源未提供）；容量以 s 日 vol20 估計，未模擬開盤競價量與滑價；不可交易，僅觀察,未扣成本·事後欄位以 m_ 標示·非投資建議
HC,3,2026-09-09,2026-09-10,6103,合邦,TPEx,W,W_atr14@3,2,685,0.096413,,0,0,1,-3.438,-3.587,11.211,41.0,,不適用,0.0,1.0,1008,inf,250.0,official_prepanel,small,15.0,0,可交易（DK_s＝0）,未扣成本（成本參考：2.8 折來回約 0.38%、全額約 0.585%）；交易方法狀態未知（全額交割、變更交易方法、停止信用交易的來源未提供）；容量以 s 日 vol20 估計，未模擬開盤競價量與滑價；不可交易，僅觀察,未扣成本·事後欄位以 m_ 標示·非投資建議
HC,3,2026-09-10,2026-09-11,2924,宏太-KY,TPEx,W,W_atr14@3,3,685,0.080462,,0,0,1,0.0,1.749,10.787,8.84,,不適用,0.0,0.0,1009,inf,250.0,official_prepanel,small,1.0,0,可交易（DK_s＝0）,未扣成本（成本參考：2.8 折來回約 0.38%、全額約 0.585%）；交易方法狀態未知（全額交割、變更交易方法、停止信用交易的來源未提供）；容量以 s 日 vol20 估計，未模擬開盤競價量與滑價；不可交易，僅觀察,未扣成本·事後欄位以 m_ 標示·非投資建議
HC,3,2026-09-10,2026-09-11,3259,鑫創,TPEx,W,W_atr14@3,2,685,0.095981,,0,0,1,5.714,2.857,-5.238,100.32,,不適用,0.0,0.0,1009,inf,250.0,official_prepanel,small,11.0,0,可交易（DK_s＝0）,未扣成本（成本參考：2.8 折來回約 0.38%、全額約 0.585%）；交易方法狀態未知（全額交割、變更交易方法、停止信用交易的來源未提供）；容量以 s 日 vol20 估計，未模擬開盤競價量與滑價；不可交易，僅觀察,未扣成本·事後欄位以 m_ 標示·非投資建議
HC,3,2026-09-10,2026-09-11,6103,合邦,TPEx,W,W_atr14@3,1,685,0.098297,,0,0,1,-0.656,16.23,34.098,41.75,,不適用,0.0,1.0,1009,inf,250.0,official_prepanel,small,14.0,0,可交易（DK_s＝0）,未扣成本（成本參考：2.8 折來回約 0.38%、全額約 0.585%）；交易方法狀態未知（全額交割、變更交易方法、停止信用交易的來源未提供）；容量以 s 日 vol20 估計，未模擬開盤競價量與滑價；不可交易，僅觀察,未扣成本·事後欄位以 m_ 標示·非投資建議
HC,3,2026-09-11,2026-09-14,3259,鑫創,TPEx,W,W_atr14@3,3,687,0.093902,,0,0,1,0.0,-2.273,-11.727,99.95,,不適用,0.0,0.0,1010,inf,250.0,official_prepanel,small,11.0,0,可交易（DK_s＝0）,未扣成本（成本參考：2.8 折來回約 0.38%、全額約 0.585%）；交易方法狀態未知（全額交割、變更交易方法、停止信用交易的來源未提供）；容量以 s 日 vol20 估計，未模擬開盤競價量與滑價；不可交易，僅觀察,未扣成本·事後欄位以 m_ 標示·非投資建議
HC,3,2026-09-11,2026-09-14,4304,勝昱,TPEx,W,W_atr14@3,2,687,0.103821,,0,0,1,0.0,0.291,2.907,95.4,,不適用,1.0,3.0,1010,inf,250.0,official_prepanel,small,6.0,1,處置中・交易規則另案登錄（DK_s＝1）,未扣成本（成本參考：2.8 折來回約 0.38%、全額約 0.585%）；交易方法狀態未知（全額交割、變更交易方法、停止信用交易的來源未提供）；容量以 s 日 vol20 估計，未模擬開盤競價量與滑價；不可交易，僅觀察,未扣成本·事後欄位以 m_ 標示·非投資建議
HC,3,2026-09-11,2026-09-14,6103,合邦,TPEx,W,W_atr14@3,1,687,0.10455,,0,0,1,-0.958,24.441,33.546,40.12,,不適用,0.0,2.0,1010,inf,250.0,official_prepanel,small,3.0,0,可交易（DK_s＝0）,未扣成本（成本參考：2.8 折來回約 0.38%、全額約 0.585%）；交易方法狀態未知（全額交割、變更交易方法、停止信用交易的來源未提供）；容量以 s 日 vol20 估計，未模擬開盤競價量與滑價；不可交易，僅觀察,未扣成本·事後欄位以 m_ 標示·非投資建議
HC,3,2026-09-14,2026-09-15,4304,勝昱,TPEx,W,W_atr14@3,2,683,0.092816,,0,0,1,-3.427,18.069,7.788,93.65,,不適用,1.0,3.0,1011,inf,250.0,official_prepanel,small,156.0,1,處置中・交易規則另案登錄（DK_s＝1）,未扣成本（成本參考：2.8 折來回約 0.38%、全額約 0.585%）；交易方法狀態未知（全額交割、變更交易方法、停止信用交易的來源未提供）；容量以 s 日 vol20 估計，未模擬開盤競價量與滑價；不可交易，僅觀察,未扣成本·事後欄位以 m_ 標示·非投資建議
HC,3,2026-09-14,2026-09-15,6103,合邦,TPEx,W,W_atr14@3,1,683,0.09712,,0,0,1,-1.51,26.174,28.523,38.06,,不適用,0.0,2.0,1011,inf,250.0,official_prepanel,small,12.0,0,可交易（DK_s＝0）,未扣成本（成本參考：2.8 折來回約 0.38%、全額約 0.585%）；交易方法狀態未知（全額交割、變更交易方法、停止信用交易的來源未提供）；容量以 s 日 vol20 估計，未模擬開盤競價量與滑價；不可交易，僅觀察,未扣成本·事後欄位以 m_ 標示·非投資建議
HC,3,2026-09-14,2026-09-15,7835,永悅健康-創,unknown,W,W_atr14@3,3,683,0.088215,,0,0,1,2.41,-2.651,-2.651,73.1,,不適用,0.0,0.0,37,37.0,37.0,official,small,12.0,0,可交易（DK_s＝0）,未扣成本（成本參考：2.8 折來回約 0.38%、全額約 0.585%）；交易方法狀態未知（全額交割、變更交易方法、停止信用交易的來源未提供）；容量以 s 日 vol20 估計，未模擬開盤競價量與滑價；不可交易，僅觀察,未扣成本·事後欄位以 m_ 標示·非投資建議
HC,3,2026-09-15,2026-09-16,2464,盟立,TWSE,W,W_atr14@3,3,681,0.086099,,0,0,1,3.39,7.627,9.322,15956.25,,不適用,0.0,1.0,1012,inf,250.0,official_prepanel,large,7798.0,0,可交易（DK_s＝0）,未扣成本（成本參考：2.8 折來回約 0.38%、全額約 0.585%）；交易方法狀態未知（全額交割、變更交易方法、停止信用交易的來源未提供）；容量以 s 日 vol20 估計，未模擬開盤競價量與滑價；不可交易，僅觀察,未扣成本·事後欄位以 m_ 標示·非投資建議
HC,3,2026-09-15,2026-09-16,6103,合邦,TPEx,W,W_atr14@3,1,681,0.098077,,1,0,1,6.26,11.532,21.582,36.68,,不適用,0.0,1.0,1012,inf,250.0,official_prepanel,small,14.0,0,可交易（DK_s＝0）,未扣成本（成本參考：2.8 折來回約 0.38%、全額約 0.585%）；交易方法狀態未知（全額交割、變更交易方法、停止信用交易的來源未提供）；容量以 s 日 vol20 估計，未模擬開盤競價量與滑價；不可交易，僅觀察,未扣成本·事後欄位以 m_ 標示·非投資建議
HC,3,2026-09-15,2026-09-16,7835,永悅健康-創,unknown,W,W_atr14@3,2,681,0.086555,,0,0,1,-1.399,-6.527,-7.925,70.05,,不適用,0.0,0.0,38,38.0,38.0,official,small,44.0,0,可交易（DK_s＝0）,未扣成本（成本參考：2.8 折來回約 0.38%、全額約 0.585%）；交易方法狀態未知（全額交割、變更交易方法、停止信用交易的來源未提供）；容量以 s 日 vol20 估計，未模擬開盤競價量與滑價；不可交易，僅觀察,未扣成本·事後欄位以 m_ 標示·非投資建議
HC,3,2026-09-16,2026-09-17,6225,天瀚,TWSE,W,W_atr14@3,1,694,0.085147,,0,0,1,1.689,-21.959,15.372,149.3,,不適用,0.0,1.0,1013,inf,250.0,official_prepanel,small,174.0,0,可交易（DK_s＝0）,未扣成本（成本參考：2.8 折來回約 0.38%、全額約 0.585%）；交易方法狀態未知（全額交割、變更交易方法、停止信用交易的來源未提供）；容量以 s 日 vol20 估計，未模擬開盤競價量與滑價；不可交易，僅觀察,未扣成本·事後欄位以 m_ 標示·非投資建議
HC,3,2026-09-16,2026-09-17,7610,聯友金屬-創,TWSE,W,W_atr14@3,3,694,0.084434,,0,0,1,3.207,6.414,0.583,830.6,,不適用,0.0,2.0,248,248.0,248.0,official,large,866.0,0,可交易（DK_s＝0）,未扣成本（成本參考：2.8 折來回約 0.38%、全額約 0.585%）；交易方法狀態未知（全額交割、變更交易方法、停止信用交易的來源未提供）；容量以 s 日 vol20 估計，未模擬開盤競價量與滑價；不可交易，僅觀察,未扣成本·事後欄位以 m_ 標示·非投資建議
HC,3,2026-09-16,2026-09-17,7835,永悅健康-創,unknown,W,W_atr14@3,2,694,0.0846,,0,0,1,0.239,-4.535,-4.773,64.15,,不適用,0.0,0.0,39,39.0,39.0,official,small,27.0,0,可交易（DK_s＝0）,未扣成本（成本參考：2.8 折來回約 0.38%、全額約 0.585%）；交易方法狀態未知（全額交割、變更交易方法、停止信用交易的來源未提供）；容量以 s 日 vol20 估計，未模擬開盤競價量與滑價；不可交易，僅觀察,未扣成本·事後欄位以 m_ 標示·非投資建議
HC,3,2026-09-17,2026-09-18,6225,天瀚,TWSE,W,W_atr14@3,1,692,0.082582,,0,0,1,-4.459,-19.745,,146.55,,不適用,0.0,1.0,1014,inf,250.0,official_prepanel,small,121.0,0,可交易（DK_s＝0）,未扣成本（成本參考：2.8 折來回約 0.38%、全額約 0.585%）；交易方法狀態未知（全額交割、變更交易方法、停止信用交易的來源未提供）；容量以 s 日 vol20 估計，未模擬開盤競價量與滑價；不可交易，僅觀察,未扣成本·事後欄位以 m_ 標示·非投資建議
HC,3,2026-09-17,2026-09-18,7610,聯友金屬-創,TWSE,W,W_atr14@3,3,692,0.0795,,0,0,1,6.868,0.549,,836.7,,不適用,0.0,2.0,249,249.0,249.0,official,large,2609.0,0,可交易（DK_s＝0）,未扣成本（成本參考：2.8 折來回約 0.38%、全額約 0.585%）；交易方法狀態未知（全額交割、變更交易方法、停止信用交易的來源未提供）；容量以 s 日 vol20 估計，未模擬開盤競價量與滑價；不可交易，僅觀察,未扣成本·事後欄位以 m_ 標示·非投資建議
HC,3,2026-09-17,2026-09-18,7835,永悅健康-創,unknown,W,W_atr14@3,2,692,0.079932,,0,0,1,0.952,-4.762,,64.55,,不適用,0.0,0.0,40,40.0,40.0,official,small,23.0,0,可交易（DK_s＝0）,未扣成本（成本參考：2.8 折來回約 0.38%、全額約 0.585%）；交易方法狀態未知（全額交割、變更交易方法、停止信用交易的來源未提供）；容量以 s 日 vol20 估計，未模擬開盤競價量與滑價；不可交易，僅觀察,未扣成本·事後欄位以 m_ 標示·非投資建議
HC,3,2026-09-18,2026-09-21,4943,康控-KY,TWSE,W,W_atr14@3,2,683,0.075607,,0,0,1,-0.699,-2.378,,50.55,,不適用,0.0,0.0,1015,inf,250.0,official_prepanel,small,19.0,0,可交易（DK_s＝0）,未扣成本（成本參考：2.8 折來回約 0.38%、全額約 0.585%）；交易方法狀態未知（全額交割、變更交易方法、停止信用交易的來源未提供）；容量以 s 日 vol20 估計，未模擬開盤競價量與滑價；不可交易，僅觀察,未扣成本·事後欄位以 m_ 標示·非投資建議
HC,3,2026-09-18,2026-09-21,6225,天瀚,TWSE,W,W_atr14@3,1,683,0.082024,,0,0,1,-1.727,-4.318,,146.05,,不適用,0.0,0.0,1015,inf,250.0,official_prepanel,small,198.0,0,可交易（DK_s＝0）,未扣成本（成本參考：2.8 折來回約 0.38%、全額約 0.585%）；交易方法狀態未知（全額交割、變更交易方法、停止信用交易的來源未提供）；容量以 s 日 vol20 估計，未模擬開盤競價量與滑價；不可交易，僅觀察,未扣成本·事後欄位以 m_ 標示·非投資建議
HC,3,2026-09-18,2026-09-21,7835,永悅健康-創,unknown,W,W_atr14@3,3,683,0.072608,,0,0,1,-1.463,-2.439,,62.7,,不適用,0.0,0.0,41,41.0,41.0,official,small,50.0,0,可交易（DK_s＝0）,未扣成本（成本參考：2.8 折來回約 0.38%、全額約 0.585%）；交易方法狀態未知（全額交割、變更交易方法、停止信用交易的來源未提供）；容量以 s 日 vol20 估計，未模擬開盤競價量與滑價；不可交易，僅觀察,未扣成本·事後欄位以 m_ 標示·非投資建議
HC,3,2026-09-21,2026-09-22,6225,天瀚,TWSE,W,W_atr14@3,1,692,0.082727,,0,0,1,0.0,18.713,,151.5,,不適用,0.0,0.0,1016,inf,250.0,official_prepanel,small,263.0,0,可交易（DK_s＝0）,未扣成本（成本參考：2.8 折來回約 0.38%、全額約 0.585%）；交易方法狀態未知（全額交割、變更交易方法、停止信用交易的來源未提供）；容量以 s 日 vol20 估計，未模擬開盤競價量與滑價；不可交易，僅觀察,未扣成本·事後欄位以 m_ 標示·非投資建議
HC,3,2026-09-21,2026-09-22,7610,聯友金屬-創,TWSE,W,W_atr14@3,2,692,0.075397,,0,0,1,-2.057,-10.797,,924.15,,不適用,0.0,1.0,251,251.0,250.0,official,large,605.0,0,可交易（DK_s＝0）,未扣成本（成本參考：2.8 折來回約 0.38%、全額約 0.585%）；交易方法狀態未知（全額交割、變更交易方法、停止信用交易的來源未提供）；容量以 s 日 vol20 估計，未模擬開盤競價量與滑價；不可交易，僅觀察,未扣成本·事後欄位以 m_ 標示·非投資建議
HC,3,2026-09-21,2026-09-22,7828,創新服務,TPEx,W,W_atr14@3,3,692,0.07493,,0,0,1,-9.005,-10.664,,362.0,,不適用,0.0,0.0,106,106.0,106.0,official,large,386.0,0,可交易（DK_s＝0）,未扣成本（成本參考：2.8 折來回約 0.38%、全額約 0.585%）；交易方法狀態未知（全額交割、變更交易方法、停止信用交易的來源未提供）；容量以 s 日 vol20 估計，未模擬開盤競價量與滑價；不可交易，僅觀察,未扣成本·事後欄位以 m_ 標示·非投資建議
HC,3,2026-09-22,2026-09-23,6225,天瀚,TWSE,W,W_atr14@3,2,691,0.089251,,0,0,1,0.0,44.805,,137.25,,不適用,0.0,0.0,1017,inf,250.0,official_prepanel,small,175.0,0,可交易（DK_s＝0）,未扣成本（成本參考：2.8 折來回約 0.38%、全額約 0.585%）；交易方法狀態未知（全額交割、變更交易方法、停止信用交易的來源未提供）；容量以 s 日 vol20 估計，未模擬開盤競價量與滑價；不可交易，僅觀察,未扣成本·事後欄位以 m_ 標示·非投資建議
HC,3,2026-09-22,2026-09-23,6949,沛爾生醫*-創,TWSE,W,W_atr14@3,1,691,0.116552,,0,0,1,2.132,0.305,,,,不適用,0.0,0.0,620,620.0,250.0,official,large,2871.0,0,可交易（DK_s＝0）,未扣成本（成本參考：2.8 折來回約 0.38%、全額約 0.585%）；交易方法狀態未知（全額交割、變更交易方法、停止信用交易的來源未提供）；容量以 s 日 vol20 估計，未模擬開盤競價量與滑價；不可交易，僅觀察,未扣成本·事後欄位以 m_ 標示·非投資建議
HC,3,2026-09-22,2026-09-23,7828,創新服務,TPEx,W,W_atr14@3,3,691,0.084077,,0,0,1,1.546,-3.351,,374.7,,不適用,0.0,0.0,107,107.0,107.0,official,large,315.0,0,可交易（DK_s＝0）,未扣成本（成本參考：2.8 折來回約 0.38%、全額約 0.585%）；交易方法狀態未知（全額交割、變更交易方法、停止信用交易的來源未提供）；容量以 s 日 vol20 估計，未模擬開盤競價量與滑價；不可交易，僅觀察,未扣成本·事後欄位以 m_ 標示·非投資建議
HC,3,2026-09-23,2026-09-24,6225,天瀚,TWSE,W,W_atr14@3,2,684,0.102814,,0,0,1,21.154,64.183,,138.35,,不適用,0.0,0.0,1018,inf,250.0,official_prepanel,small,2847.0,0,可交易（DK_s＝0）,未扣成本（成本參考：2.8 折來回約 0.38%、全額約 0.585%）；交易方法狀態未知（全額交割、變更交易方法、停止信用交易的來源未提供）；容量以 s 日 vol20 估計，未模擬開盤競價量與滑價；不可交易，僅觀察,未扣成本·事後欄位以 m_ 標示·非投資建議
HC,3,2026-09-23,2026-09-24,6949,沛爾生醫*-創,TWSE,W,W_atr14@3,1,684,0.111332,,0,0,1,2.444,-9.369,,,,不適用,0.0,0.0,621,621.0,250.0,official,large,2672.0,0,可交易（DK_s＝0）,未扣成本（成本參考：2.8 折來回約 0.38%、全額約 0.585%）；交易方法狀態未知（全額交割、變更交易方法、停止信用交易的來源未提供）；容量以 s 日 vol20 估計，未模擬開盤競價量與滑價；不可交易，僅觀察,未扣成本·事後欄位以 m_ 標示·非投資建議
HC,3,2026-09-23,2026-09-24,7828,創新服務,TPEx,W,W_atr14@3,3,684,0.081218,,0,0,1,0.0,-6.091,,385.7,,不適用,0.0,0.0,108,108.0,108.0,official,large,150.0,0,可交易（DK_s＝0）,未扣成本（成本參考：2.8 折來回約 0.38%、全額約 0.585%）；交易方法狀態未知（全額交割、變更交易方法、停止信用交易的來源未提供）；容量以 s 日 vol20 估計，未模擬開盤競價量與滑價；不可交易，僅觀察,未扣成本·事後欄位以 m_ 標示·非投資建議
